group,instance,pop_mult,Ps,pc,pm,rep,seed,G,best_cmax,ub,lb,run_sec,engine,best_perm_1based
Ta100x20,1,1,100,0.85,0.025,1,2230101210,17000,6480,6286,5851,1.365653925,v2_avx512bw_vec32_exact_perm,79-47-22-54-35-55-78-21-85-63-39-74-65-75-100-76-80-82-66-81-6-33-31-10-48-83-44-89-24-40-14-36-3-56-91-62-27-1-46-37-70-71-23-15-30-20-18-9-28-58-45-17-96-99-86-60-73-4-67-11-32-12-51-59-68-57-34-5-26-2-43-87-7-25-50-69-97-90-98-53-19-16-93-94-64-13-8-29-92-88-77-52-61-95-72-42-38-84-49-41
Ta100x20,1,1,100,0.85,0.025,2,2230102219,17000,6469,6286,5851,1.3988866,v2_avx512bw_vec32_exact_perm,79-54-59-22-32-55-25-4-81-51-35-63-33-83-74-6-31-61-99-19-1-24-30-48-40-76-3-27-89-70-93-44-12-57-82-15-65-2-10-86-78-43-21-28-46-45-47-62-72-60-91-100-50-85-39-92-20-9-18-53-58-34-96-75-68-80-8-5-16-87-23-7-37-73-64-56-88-11-98-77-29-94-42-67-17-14-95-66-84-69-71-36-38-49-13-26-97-90-52-41
Ta100x20,1,1,100,0.85,0.025,3,2230103228,17000,6452,6286,5851,1.50075321,v2_avx512bw_vec32_exact_perm,78-59-22-54-55-33-81-10-100-16-94-6-74-31-47-21-61-1-30-73-91-48-29-46-86-82-80-17-79-28-14-93-44-57-9-66-53-18-20-4-99-60-25-65-40-35-12-37-5-62-70-71-87-64-23-8-76-11-92-51-15-84-13-24-42-50-32-39-83-89-19-34-3-45-27-26-98-2-63-52-38-36-96-85-97-69-67-56-75-58-68-43-95-90-41-77-72-88-7-49
Ta100x20,1,1,100,0.85,0.025,4,2230104237,17000,6457,6286,5851,1.520804594,v2_avx512bw_vec32_exact_perm,22-79-54-61-31-81-33-93-80-100-35-60-55-9-40-82-51-3-50-47-92-41-21-6-48-76-83-44-91-43-5-89-62-1-39-85-84-74-4-46-28-70-8-16-18-99-32-10-12-34-25-98-53-59-30-2-57-65-45-20-13-11-29-94-14-72-56-96-71-88-23-15-37-77-90-78-64-58-73-7-95-97-26-67-24-19-66-87-75-68-86-49-42-17-52-69-63-36-38-27
Ta100x20,1,1,100,0.85,0.025,5,2230105246,17000,6512,6286,5851,1.353301491,v2_avx512bw_vec32_exact_perm,79-47-33-22-35-28-25-32-46-55-1-31-9-11-97-90-61-3-83-76-24-77-10-40-74-30-82-48-70-12-85-98-53-59-62-5-20-65-2-81-100-56-16-91-39-87-21-37-60-51-23-42-13-34-17-4-45-19-99-67-44-96-57-15-29-54-93-94-27-58-68-80-92-66-18-89-36-95-14-75-86-43-49-6-7-72-38-63-26-84-73-71-69-88-64-50-78-8-52-41
Ta100x20,1,1,100,0.85,0.025,6,2230106255,17000,6473,6286,5851,1.337772674,v2_avx512bw_vec32_exact_perm,54-59-22-78-4-51-25-2-47-10-33-53-74-91-46-40-48-16-81-6-79-55-60-42-57-93-12-80-82-9-83-7-1-35-76-99-21-77-34-11-31-41-92-27-86-71-5-66-45-23-20-58-18-39-38-62-63-24-87-61-30-85-95-98-3-67-89-50-56-88-65-52-44-28-37-96-70-17-14-29-32-100-69-94-26-43-36-49-75-68-13-64-73-19-15-72-90-97-84-8
Ta100x20,1,1,100,0.85,0.025,7,2230107264,17000,6511,6286,5851,1.408233965,v2_avx512bw_vec32_exact_perm,78-79-54-28-76-90-22-47-84-55-1-81-3-40-82-30-83-16-21-99-24-12-6-33-5-59-65-100-74-31-66-45-35-85-75-93-70-56-32-48-88-51-10-96-53-4-29-87-50-20-11-61-23-39-17-80-98-46-62-37-89-63-60-14-91-67-43-71-92-42-19-94-7-57-9-26-15-18-97-49-69-41-44-2-86-68-34-95-72-8-73-77-58-25-36-13-64-52-38-27
Ta100x20,1,1,100,0.85,0.025,8,2230108273,17000,6509,6286,5851,1.358957791,v2_avx512bw_vec32_exact_perm,79-54-33-83-3-5-82-62-22-100-16-1-81-35-66-91-65-55-6-25-40-47-21-19-10-89-9-56-18-76-24-48-46-45-86-4-67-87-23-20-43-63-32-17-80-30-93-60-12-57-51-44-53-99-42-59-85-68-15-88-26-77-29-39-13-74-11-94-2-61-52-31-37-70-96-64-8-58-73-71-90-14-98-84-36-95-27-75-92-34-78-72-28-49-7-97-50-69-38-41
Ta100x20,1,1,100,0.85,0.025,9,2230109282,17000,6455,6286,5851,1.367075879,v2_avx512bw_vec32_exact_perm,54-59-55-47-5-74-25-81-2-76-77-10-91-21-79-82-1-60-78-45-4-83-61-28-93-31-40-99-22-33-88-24-89-6-57-48-12-23-37-62-100-80-44-29-56-53-11-51-98-32-30-75-46-94-85-9-35-27-16-34-96-13-68-3-20-70-69-19-15-39-86-92-43-41-67-71-87-65-17-95-14-63-64-18-73-8-58-50-66-26-42-84-49-36-90-52-38-97-72-7
Ta100x20,1,1,100,0.85,0.025,10,2230110291,17000,6455,6286,5851,1.355437713,v2_avx512bw_vec32_exact_perm,54-78-59-33-22-82-16-3-56-83-5-74-31-66-21-81-99-1-91-25-79-76-28-93-12-32-10-65-62-61-40-11-51-70-29-80-44-89-6-27-4-68-86-96-18-60-46-48-30-85-24-35-20-75-63-23-45-67-57-55-98-87-52-38-53-19-84-39-37-71-34-17-64-14-13-50-92-36-49-43-47-2-9-58-15-77-8-97-94-72-88-42-26-100-95-69-7-73-90-41
Ta100x20,1,1,100,0.85,0.05,1,2230101210,17000,6580,6286,5851,1.415327147,v2_avx512bw_vec32_exact_perm,4-22-33-89-79-10-94-8-41-31-54-46-32-83-51-34-91-21-2-61-88-18-36-3-60-59-85-5-74-40-6-9-24-12-71-16-95-23-82-11-73-92-66-99-43-56-86-44-80-47-48-29-35-67-69-76-81-57-75-39-84-17-100-55-30-63-98-20-70-65-96-28-37-45-93-90-62-97-68-49-78-15-87-64-27-14-58-50-1-19-53-7-77-13-72-42-26-38-52-25
Ta100x20,1,1,100,0.85,0.05,2,2230102219,17000,6492,6286,5851,1.455854085,v2_avx512bw_vec32_exact_perm,54-22-78-47-55-33-81-79-35-93-16-6-61-62-3-51-2-97-100-74-31-83-21-5-85-44-10-48-8-53-72-37-90-98-11-25-86-18-63-4-30-40-19-65-59-45-67-39-9-27-82-80-66-60-1-91-77-38-14-99-24-20-46-70-58-12-42-52-28-87-56-57-76-36-89-94-17-23-75-84-13-32-34-92-43-29-73-88-71-26-15-49-68-96-64-95-69-50-7-41
Ta100x20,1,1,100,0.85,0.05,3,2230103228,17000,6472,6286,5851,1.337118876,v2_avx512bw_vec32_exact_perm,54-22-79-24-28-100-74-55-81-31-10-91-1-62-35-40-93-60-4-96-37-33-70-76-82-83-21-75-46-30-73-47-32-50-99-16-20-6-61-80-58-71-44-53-14-48-29-45-56-9-11-88-19-3-85-86-78-59-90-17-65-94-97-77-5-15-2-67-43-69-64-98-25-23-26-89-95-39-51-18-57-63-8-87-92-66-34-12-68-13-84-52-36-38-27-49-42-72-7-41
Ta100x20,1,1,100,0.85,0.05,4,2230104237,17000,6487,6286,5851,1.538603037,v2_avx512bw_vec32_exact_perm,54-22-4-33-28-5-3-74-79-60-65-100-76-86-45-48-10-81-56-14-99-31-21-59-68-80-24-1-19-11-61-44-83-41-77-32-30-38-88-43-72-82-66-12-20-9-35-84-93-6-53-85-98-29-40-2-42-55-47-58-46-62-51-94-39-17-34-70-16-71-18-63-8-23-57-26-73-25-91-37-96-90-69-15-50-75-13-95-7-89-67-92-49-87-36-52-64-27-97-78
Ta100x20,1,1,100,0.85,0.05,5,2230105246,17000,6439,6286,5851,1.538897158,v2_avx512bw_vec32_exact_perm,47-1-59-22-54-79-55-82-9-53-33-10-51-4-11-100-40-12-35-75-18-32-66-57-36-21-78-67-99-43-80-24-71-81-76-39-14-28-74-98-70-16-3-93-61-60-77-25-65-91-88-29-5-31-45-37-89-44-6-83-68-72-34-2-48-92-85-15-96-87-50-62-86-64-13-30-19-20-46-97-42-26-94-52-23-17-8-73-58-56-63-38-84-69-27-95-7-49-90-41
Ta100x20,1,1,100,0.85,0.05,6,2230106255,17000,6466,6286,5851,1.669457912,v2_avx512bw_vec32_exact_perm,79-4-33-81-82-83-35-55-16-91-22-56-76-10-40-58-44-80-100-74-12-87-51-3-8-5-1-99-27-62-48-86-6-61-57-32-65-53-70-75-66-59-46-93-94-39-28-31-29-90-21-85-2-67-24-45-98-43-71-13-30-63-11-9-72-88-78-42-60-38-34-18-92-20-7-77-96-52-54-89-84-23-17-64-95-68-47-73-19-37-14-36-15-50-49-25-69-97-26-41
Ta100x20,1,1,100,0.85,0.05,7,2230107264,17000,6496,6286,5851,1.682665205,v2_avx512bw_vec32_exact_perm,22-54-55-79-47-33-40-74-4-25-5-16-90-3-83-68-11-81-1-21-53-91-60-28-93-6-62-72-32-56-51-59-31-80-14-98-44-100-87-17-76-82-70-99-10-12-86-66-24-20-18-46-23-75-39-48-67-61-96-97-13-64-88-29-27-26-9-71-69-94-30-57-15-78-19-45-85-2-65-37-43-35-63-34-58-8-84-7-50-89-73-92-52-36-95-77-41-42-38-49
Ta100x20,1,1,100,0.85,0.05,8,2230108273,17000,6446,6286,5851,1.551966064,v2_avx512bw_vec32_exact_perm,78-59-22-54-25-31-81-33-21-28-92-74-83-10-82-45-89-76-91-79-85-35-5-9-32-80-51-70-56-37-93-38-48-62-29-100-44-27-94-30-72-20-4-63-65-73-96-11-43-3-60-1-55-19-16-46-12-40-99-86-87-71-61-14-2-98-39-66-18-67-24-53-47-23-84-58-15-17-50-77-97-26-7-57-88-6-75-68-95-34-42-36-13-64-8-49-69-90-52-41
Ta100x20,1,1,100,0.85,0.05,9,2230109282,17000,6420,6286,5851,1.505431728,v2_avx512bw_vec32_exact_perm,54-78-59-22-55-31-82-81-30-10-33-83-11-5-16-1-21-28-93-76-35-60-50-23-85-44-80-6-32-40-51-74-79-17-56-89-53-65-100-57-70-58-12-67-91-37-99-48-34-61-96-9-45-4-38-7-84-88-25-98-18-71-46-39-2-62-15-77-24-43-19-14-3-86-72-94-73-36-20-90-27-69-26-29-95-63-47-64-92-97-8-49-42-75-66-87-68-52-41-13
Ta100x20,1,1,100,0.85,0.05,10,2230110291,17000,6501,6286,5851,1.366031833,v2_avx512bw_vec32_exact_perm,79-22-24-3-10-54-16-82-31-21-55-74-65-91-48-43-32-81-6-41-76-59-42-80-85-30-61-11-35-83-20-12-60-18-5-89-100-9-33-93-40-56-4-44-72-66-62-25-75-63-45-86-46-39-17-73-98-58-28-99-53-87-50-69-34-8-96-19-29-1-84-90-37-64-14-2-67-7-70-57-27-23-92-47-51-13-26-77-15-71-88-36-38-94-95-52-49-68-97-78
Ta100x20,1,1,100,0.85,0.075,1,2230101210,17000,6490,6286,5851,1.350423594,v2_avx512bw_vec32_exact_perm,54-22-4-1-51-59-35-76-100-33-81-74-53-39-10-83-5-65-21-91-16-61-25-90-9-11-48-62-37-57-6-44-13-41-67-30-82-2-52-12-3-18-86-85-45-78-71-95-29-93-97-36-40-28-80-46-50-8-66-19-79-14-92-43-60-73-32-99-56-96-89-55-42-31-94-70-75-68-34-58-17-64-47-88-72-63-26-27-77-15-69-98-87-23-20-7-84-24-38-49
Ta100x20,1,1,100,0.85,0.075,2,2230102219,17000,6456,6286,5851,1.393108902,v2_avx512bw_vec32_exact_perm,22-78-79-59-54-25-30-33-10-1-27-3-16-93-32-48-46-47-80-12-65-19-37-39-21-28-5-89-60-6-50-62-99-100-44-76-40-35-81-31-45-51-83-82-85-77-58-2-67-98-43-53-4-57-55-18-66-38-9-15-74-11-56-72-26-63-91-94-29-86-14-61-49-92-34-70-73-96-20-23-84-36-71-95-17-64-42-75-90-13-8-52-87-24-68-88-97-69-7-41
Ta100x20,1,1,100,0.85,0.075,3,2230103228,17000,6471,6286,5851,1.324504231,v2_avx512bw_vec32_exact_perm,22-47-79-31-54-82-25-10-45-76-74-65-33-81-35-100-16-70-85-59-48-1-21-18-99-9-91-83-61-28-55-30-3-88-12-24-96-40-43-51-32-29-5-2-66-44-93-80-39-53-89-56-17-97-58-94-67-6-57-11-60-87-50-4-63-46-86-27-23-77-69-15-38-36-19-20-8-14-92-73-98-62-71-72-95-26-7-49-37-34-42-90-52-13-68-64-75-78-84-41
Ta100x20,1,1,100,0.85,0.075,4,2230104237,17000,6433,6286,5851,1.408162063,v2_avx512bw_vec32_exact_perm,22-54-31-79-10-33-3-61-65-1-83-82-16-91-93-60-35-76-100-11-80-88-74-5-48-6-62-86-85-81-21-4-46-94-29-51-53-24-70-56-63-99-42-55-44-25-12-32-59-8-14-39-40-89-19-9-78-45-98-84-30-50-95-36-2-69-37-47-23-15-90-27-58-20-73-92-71-67-66-96-28-75-64-87-17-68-77-43-72-13-34-7-49-57-18-26-97-38-52-41
Ta100x20,1,1,100,0.85,0.075,5,2230105246,17000,6423,6286,5851,1.491472096,v2_avx512bw_vec32_exact_perm,54-78-1-22-47-35-83-5-16-82-33-74-21-90-25-9-73-93-79-2-31-20-40-70-28-59-23-76-91-51-80-46-100-10-84-57-4-61-81-62-18-24-63-67-71-3-30-14-48-7-96-98-45-55-53-56-44-37-6-60-99-19-95-58-34-41-32-8-94-77-72-43-38-12-97-11-50-69-39-85-66-15-92-29-87-89-42-26-75-86-68-88-65-13-64-17-49-52-36-27
Ta100x20,1,1,100,0.85,0.075,6,2230106255,17000,6497,6286,5851,1.442590935,v2_avx512bw_vec32_exact_perm,22-78-79-33-9-100-55-99-81-31-10-82-40-5-60-46-16-51-42-32-65-85-25-59-41-35-21-1-80-93-56-67-4-47-53-74-3-39-14-96-73-24-28-71-61-70-72-57-7-91-83-20-45-92-2-76-86-89-12-90-37-23-48-54-18-94-44-11-43-26-69-98-19-68-97-15-17-77-58-63-30-34-8-88-6-62-38-29-50-49-75-95-36-27-13-66-87-84-64-52
Ta100x20,1,1,100,0.85,0.075,7,2230107264,17000,6456,6286,5851,1.387980555,v2_avx512bw_vec32_exact_perm,22-54-59-25-47-82-16-3-99-85-35-48-51-21-31-100-6-66-60-91-40-79-10-42-55-65-12-33-74-81-75-30-94-53-93-32-28-27-2-76-46-80-9-34-19-1-86-83-70-11-5-71-96-37-77-61-72-89-67-18-24-68-4-62-98-39-73-44-45-13-20-8-84-92-41-56-69-90-29-64-50-58-87-17-97-36-95-43-14-52-23-38-57-26-88-7-63-15-49-78
Ta100x20,1,1,100,0.85,0.075,8,2230108273,17000,6497,6286,5851,1.388945221,v2_avx512bw_vec32_exact_perm,54-55-79-71-22-35-9-82-60-12-86-83-4-16-5-84-46-99-61-33-10-31-74-48-81-25-3-11-40-14-59-53-76-28-24-30-70-20-2-44-73-37-19-56-93-80-65-90-36-100-85-89-96-88-97-98-21-78-51-43-18-17-39-91-23-57-26-68-94-52-42-58-13-62-1-75-27-32-29-95-34-6-66-47-72-38-45-92-64-67-15-50-87-8-69-63-7-49-77-41
Ta100x20,1,1,100,0.85,0.075,9,2230109282,17000,6465,6286,5851,1.479837132,v2_avx512bw_vec32_exact_perm,79-22-33-9-54-10-82-65-61-78-81-16-35-86-80-5-93-28-74-31-59-53-51-6-32-19-83-62-100-23-21-76-30-60-91-40-55-44-85-56-1-43-58-48-11-39-50-18-94-3-26-45-29-12-24-20-99-2-88-87-36-98-77-67-75-4-96-27-97-89-38-14-68-92-15-57-66-70-63-52-46-71-47-72-34-17-95-25-73-90-8-13-64-37-84-42-49-69-7-41
Ta100x20,1,1,100,0.85,0.075,10,2230110291,17000,6479,6286,5851,1.420002826,v2_avx512bw_vec32_exact_perm,47-22-35-37-78-55-33-51-80-100-5-89-40-18-99-59-16-79-53-43-3-74-91-81-45-4-27-76-87-6-32-83-82-58-61-54-1-21-25-31-98-70-36-20-2-60-11-85-44-48-94-9-73-39-24-56-49-28-65-63-96-88-29-62-10-23-34-71-67-12-46-19-57-86-13-75-8-92-64-68-15-14-90-52-93-17-30-66-72-84-42-26-95-41-69-7-97-38-50-77
Ta100x20,1,1,100,0.85,0.1,1,2230101210,17000,6465,6286,5851,1.592848902,v2_avx512bw_vec32_exact_perm,54-22-78-33-51-59-35-55-62-24-28-82-74-40-4-81-79-48-70-46-37-21-39-84-2-27-76-5-71-18-43-11-89-86-3-36-94-17-30-9-16-91-90-83-1-61-14-73-88-47-23-60-92-100-20-6-97-80-44-8-57-10-31-15-45-93-32-58-67-12-95-99-29-50-96-65-85-98-34-13-64-19-72-77-7-63-49-53-56-66-26-42-75-87-68-25-69-38-52-41
Ta100x20,1,1,100,0.85,0.1,2,2230102219,17000,6395,6286,5851,1.414532721,v2_avx512bw_vec32_exact_perm,22-47-78-3-82-40-70-28-81-25-84-93-21-35-10-100-19-53-76-46-29-33-48-59-9-67-79-85-12-4-54-74-89-6-60-30-80-37-61-1-39-77-11-32-51-16-94-43-31-5-42-55-71-92-83-68-75-45-65-63-58-15-57-18-69-99-44-87-56-27-66-14-91-62-86-23-38-17-36-88-52-50-96-98-72-95-26-34-2-64-24-73-20-90-8-49-13-7-97-41
Ta100x20,1,1,100,0.85,0.1,3,2230103228,17000,6442,6286,5851,1.55176446,v2_avx512bw_vec32_exact_perm,54-22-33-35-83-74-47-16-91-25-10-100-79-77-60-1-3-82-21-40-24-70-28-89-18-67-6-37-48-44-80-8-93-4-76-99-61-12-9-32-86-46-90-52-31-63-20-53-51-56-96-55-5-49-11-29-73-23-84-71-81-2-62-27-58-17-98-14-39-92-41-64-19-30-57-59-65-85-66-38-36-95-45-87-97-68-26-94-34-69-42-15-72-50-13-7-88-75-43-78
Ta100x20,1,1,100,0.85,0.1,4,2230104237,17000,6445,6286,5851,1.372416858,v2_avx512bw_vec32_exact_perm,54-22-1-4-10-5-33-81-74-53-65-3-48-83-16-91-82-61-80-35-51-78-25-89-9-46-76-100-6-39-37-21-32-44-28-93-60-14-99-43-66-45-2-47-12-94-79-40-36-57-19-11-27-24-77-87-85-95-73-55-58-67-59-30-56-42-92-72-20-90-62-98-84-34-29-18-13-86-68-23-26-71-15-75-31-52-50-96-88-64-17-69-97-8-63-70-7-38-49-41
Ta100x20,1,1,100,0.85,0.1,5,2230105246,17000,6479,6286,5851,1.39215117,v2_avx512bw_vec32_exact_perm,79-54-55-78-81-33-60-82-22-80-47-1-3-24-40-84-16-91-11-100-61-88-65-21-83-12-4-51-32-76-70-42-29-59-39-89-10-25-9-53-6-74-63-31-98-99-44-85-23-28-15-71-26-35-97-48-93-45-37-73-50-7-20-96-14-92-94-43-75-46-30-57-62-72-67-5-69-19-87-86-36-27-58-95-17-34-64-56-2-13-8-49-18-68-52-90-77-66-38-41
Ta100x20,1,1,100,0.85,0.1,6,2230106255,17000,6492,6286,5851,1.320701131,v2_avx512bw_vec32_exact_perm,79-54-35-55-33-82-22-58-2-85-4-81-94-47-21-77-83-53-71-24-62-10-65-76-50-80-30-3-74-51-56-32-11-5-66-89-44-39-48-40-16-6-28-63-96-20-23-57-8-59-90-18-60-31-9-34-88-67-98-45-25-26-95-61-52-12-100-19-13-14-36-86-49-17-97-70-99-78-43-93-75-29-68-92-91-15-72-46-1-37-87-73-42-38-7-84-64-27-69-41
Ta100x20,1,1,100,0.85,0.1,7,2230107264,17000,6515,6286,5851,1.438178198,v2_avx512bw_vec32_exact_perm,79-35-55-81-25-54-65-33-53-82-89-22-10-45-85-78-74-30-6-99-88-41-32-9-56-51-21-93-63-80-2-86-24-61-31-16-40-91-96-3-59-20-43-1-58-68-4-67-92-100-71-70-62-75-90-34-12-69-8-38-18-94-83-23-98-19-46-73-29-76-28-26-97-87-44-11-57-66-84-5-60-77-37-39-48-64-17-47-14-49-95-7-42-52-72-36-50-13-15-27
Ta100x20,1,1,100,0.85,0.1,8,2230108273,17000,6469,6286,5851,1.395669948,v2_avx512bw_vec32_exact_perm,22-54-59-78-33-89-83-10-55-3-31-9-82-1-28-81-88-12-11-60-39-56-35-79-74-62-98-46-32-76-2-15-51-45-4-47-73-85-27-44-40-91-61-58-25-93-77-57-21-36-70-100-53-48-14-71-24-68-18-75-87-30-5-20-43-23-99-94-67-95-16-34-6-13-29-19-26-86-90-17-65-80-37-63-7-49-42-92-64-97-8-50-69-96-66-72-84-38-52-41
Ta100x20,1,1,100,0.85,0.1,9,2230109282,17000,6466,6286,5851,1.400654288,v2_avx512bw_vec32_exact_perm,54-22-79-10-25-51-31-100-21-33-93-1-60-40-77-50-81-16-35-32-65-59-70-12-85-74-80-24-82-30-36-37-45-98-48-91-18-62-28-34-99-5-43-55-23-20-47-4-11-94-19-9-76-39-27-46-89-78-29-67-53-57-75-8-63-6-3-17-96-68-83-71-49-64-87-2-97-95-66-61-86-84-58-44-13-73-56-92-69-90-15-14-72-88-7-38-42-26-52-41
Ta100x20,1,1,100,0.85,0.1,10,2230110291,17000,6528,6286,5851,1.472051088,v2_avx512bw_vec32_exact_perm,79-22-24-41-5-31-48-70-10-54-21-6-99-63-81-33-53-74-85-32-43-93-3-44-56-58-100-78-51-80-45-47-83-59-75-55-86-4-11-16-37-61-39-91-77-25-23-9-92-40-28-12-66-46-90-73-29-82-76-84-35-7-14-15-98-2-97-20-18-94-50-36-34-96-89-17-88-65-19-1-64-27-67-57-69-87-68-71-62-95-30-60-38-52-42-13-8-49-72-26
Ta100x20,1,1,100,0.85,0.125,1,2230101210,17000,6433,6286,5851,1.335642041,v2_avx512bw_vec32_exact_perm,54-78-59-22-79-33-41-35-47-76-70-83-51-16-3-11-18-55-31-48-12-71-81-57-60-94-93-39-10-25-9-53-1-82-58-27-86-80-5-74-65-72-4-30-84-37-88-68-36-91-21-77-73-61-98-20-6-26-40-96-89-34-2-45-17-46-85-44-97-28-19-67-24-63-92-29-23-15-14-56-99-50-62-87-32-100-8-66-95-52-42-38-69-75-90-43-13-7-64-49
Ta100x20,1,1,100,0.85,0.125,2,2230102219,17000,6466,6286,5851,1.393172057,v2_avx512bw_vec32_exact_perm,22-54-78-33-100-10-31-48-65-3-83-21-51-70-82-76-32-25-1-47-81-16-4-12-71-53-20-11-80-79-19-93-60-2-27-5-89-14-91-62-30-37-86-28-18-94-61-35-85-45-9-56-58-95-46-66-6-74-55-40-42-29-44-84-57-69-36-99-59-15-72-34-88-23-17-49-39-43-26-64-13-68-97-92-87-73-98-96-38-7-67-75-24-50-63-8-90-52-77-41
Ta100x20,1,1,100,0.85,0.125,3,2230103228,17000,6448,6286,5851,1.392473308,v2_avx512bw_vec32_exact_perm,54-59-22-33-100-78-74-79-10-6-55-48-25-93-41-4-40-23-82-1-83-31-57-81-15-77-63-39-21-99-28-61-5-9-84-71-66-95-30-11-85-16-70-17-73-32-50-46-2-62-67-98-18-45-3-47-20-64-91-27-89-65-35-12-37-36-76-19-68-80-14-58-60-51-24-88-56-96-53-29-8-75-94-69-42-72-26-87-44-13-86-97-92-34-90-52-38-7-43-49
Ta100x20,1,1,100,0.85,0.125,4,2230104237,17000,6474,6286,5851,1.400875159,v2_avx512bw_vec32_exact_perm,79-54-10-4-40-22-33-85-81-44-35-16-31-21-83-91-1-29-11-76-51-56-94-46-6-66-30-62-28-32-80-41-5-93-9-2-74-55-86-42-48-96-43-37-3-82-36-70-89-100-61-20-23-64-92-25-73-8-47-57-60-45-95-59-65-98-67-18-53-75-13-39-50-58-52-63-26-12-99-24-19-72-88-68-97-7-69-71-87-77-15-17-14-38-34-90-84-27-49-78
Ta100x20,1,1,100,0.85,0.125,5,2230105246,17000,6541,6286,5851,1.392353307,v2_avx512bw_vec32_exact_perm,79-54-25-35-33-86-77-74-53-99-10-47-76-22-90-40-4-21-31-50-58-60-56-51-80-82-93-81-3-67-29-57-6-71-59-62-30-66-84-9-24-2-83-65-5-28-70-37-39-20-23-48-68-17-15-14-34-45-87-12-98-78-69-11-89-36-85-63-91-1-16-92-41-44-32-43-46-52-75-19-96-18-8-72-97-100-95-26-73-61-88-94-42-55-13-7-64-38-49-27
Ta100x20,1,1,100,0.85,0.125,6,2230106255,17000,6450,6286,5851,1.331993393,v2_avx512bw_vec32_exact_perm,22-54-55-47-33-51-91-41-10-74-79-23-27-32-1-28-93-78-80-9-21-2-29-12-82-83-4-31-40-81-3-44-37-6-100-15-45-59-65-35-76-56-11-86-53-24-61-62-72-48-60-96-38-52-14-57-36-17-19-67-85-5-30-88-75-63-77-98-13-39-20-26-94-89-99-50-16-92-43-46-66-58-84-42-34-95-18-7-69-90-97-70-8-87-73-68-64-71-25-49
Ta100x20,1,1,100,0.85,0.125,7,2230107264,17000,6464,6286,5851,1.370888202,v2_avx512bw_vec32_exact_perm,79-54-22-35-47-55-10-100-5-80-89-37-91-25-74-4-39-85-81-21-92-40-1-46-2-31-51-59-60-6-61-76-56-48-65-24-30-57-63-18-53-29-82-33-93-16-19-34-96-70-68-62-71-9-90-3-83-97-44-73-27-14-32-50-43-99-87-78-12-95-64-20-72-42-67-58-94-11-75-98-26-45-17-86-23-38-84-8-28-69-15-66-88-36-49-77-13-7-52-41
Ta100x20,1,1,100,0.85,0.125,8,2230108273,17000,6472,6286,5851,1.32500133,v2_avx512bw_vec32_exact_perm,22-78-79-33-35-97-90-85-41-89-1-92-16-91-88-80-100-81-18-24-10-74-4-40-23-48-25-99-21-12-82-9-59-54-60-17-30-55-87-61-44-95-51-47-94-45-3-68-11-83-37-31-19-34-43-57-46-75-5-53-76-14-2-56-65-58-15-42-13-20-70-93-62-39-32-86-28-6-66-29-49-36-38-84-63-98-67-77-64-50-96-69-8-72-71-26-52-73-7-27
Ta100x20,1,1,100,0.85,0.125,9,2230109282,17000,6486,6286,5851,1.452542108,v2_avx512bw_vec32_exact_perm,22-47-1-78-33-3-81-25-82-100-40-79-74-2-65-21-53-9-48-41-5-54-62-76-83-19-51-89-92-10-30-73-11-70-57-71-18-24-85-99-61-16-31-35-15-59-55-28-32-6-14-86-12-84-46-66-4-34-39-20-91-29-58-94-67-45-17-56-93-49-36-80-68-98-87-8-88-23-37-96-44-52-63-43-95-60-26-27-42-77-13-97-64-75-72-50-69-38-90-7
Ta100x20,1,1,100,0.85,0.125,10,2230110291,17000,6461,6286,5851,1.322710171,v2_avx512bw_vec32_exact_perm,79-78-59-5-60-82-21-22-54-23-55-71-35-76-74-65-6-83-33-10-51-3-48-40-46-45-16-4-15-12-1-11-100-18-89-28-92-85-14-67-29-32-56-81-98-44-53-47-61-80-39-75-27-62-13-30-91-25-93-9-57-87-2-8-31-38-94-73-34-64-20-72-63-96-24-50-69-42-99-58-70-84-17-19-66-77-86-7-95-37-36-26-97-43-90-88-52-68-49-41
Ta100x20,1,1,100,0.8875,0.025,1,2230101210,17000,6445,6286,5851,1.374232861,v2_avx512bw_vec32_exact_perm,47-54-55-91-25-59-32-48-22-79-74-70-9-76-21-39-1-99-3-83-51-5-60-27-93-4-30-71-2-45-10-40-31-85-81-77-100-23-67-33-61-90-29-62-37-82-73-86-44-57-65-18-12-11-80-17-89-28-24-92-16-36-94-43-6-97-15-19-14-35-66-46-98-53-56-42-72-26-87-20-69-7-95-88-78-96-34-13-64-50-58-8-84-49-75-63-68-38-52-41
Ta100x20,1,1,100,0.8875,0.025,2,2230102219,17000,6467,6286,5851,1.349801861,v2_avx512bw_vec32_exact_perm,78-33-22-35-59-55-16-5-11-48-93-31-91-83-21-1-61-6-60-53-47-26-10-32-85-40-30-70-66-74-82-98-80-42-81-18-76-100-89-99-12-54-44-79-39-3-37-62-97-56-46-29-51-57-92-94-67-15-68-86-58-28-17-25-49-14-23-69-2-34-96-20-72-95-43-19-9-71-87-36-27-24-45-65-4-90-84-7-88-63-77-64-73-8-52-13-75-38-50-41
Ta100x20,1,1,100,0.8875,0.025,3,2230103228,17000,6445,6286,5851,1.365278934,v2_avx512bw_vec32_exact_perm,54-78-81-22-33-79-28-83-35-76-74-100-25-5-55-89-18-44-85-80-9-10-91-58-62-51-82-40-37-12-46-39-21-19-57-6-29-2-3-24-94-66-36-32-43-30-60-50-84-93-4-99-16-71-1-53-11-59-31-86-67-70-63-47-20-49-87-7-73-17-96-65-13-34-68-98-45-95-23-48-64-8-90-52-14-42-69-15-56-92-72-88-61-97-26-75-38-27-77-41
Ta100x20,1,1,100,0.8875,0.025,4,2230104237,17000,6465,6286,5851,1.424720999,v2_avx512bw_vec32_exact_perm,22-54-55-78-79-86-33-93-10-65-74-3-83-5-9-21-1-82-50-16-66-70-32-12-81-91-25-35-60-61-40-99-76-6-31-11-4-51-41-80-59-69-71-44-56-100-62-46-89-90-39-85-37-30-24-48-43-14-2-98-67-63-53-58-18-28-92-34-84-75-23-20-96-19-57-36-73-94-29-88-8-42-15-45-47-87-13-26-97-7-95-72-17-77-64-38-52-27-68-49
Ta100x20,1,1,100,0.8875,0.025,5,2230105246,17000,6457,6286,5851,1.350397407,v2_avx512bw_vec32_exact_perm,47-82-25-81-16-22-100-89-78-28-21-74-79-56-31-86-3-83-50-18-4-62-23-51-76-96-54-9-20-19-30-35-60-93-57-10-39-65-40-59-69-80-8-32-6-97-44-85-1-48-53-29-70-2-24-67-91-38-61-33-45-27-46-94-98-11-55-73-5-17-87-68-64-71-99-37-14-63-92-43-77-36-13-34-75-15-72-42-26-66-12-58-84-90-52-88-7-95-49-41
Ta100x20,1,1,100,0.8875,0.025,6,2230106255,17000,6451,6286,5851,1.593155884,v2_avx512bw_vec32_exact_perm,54-22-1-47-78-10-33-83-5-16-21-82-93-9-4-28-85-3-59-74-79-81-53-61-65-73-35-60-91-12-6-76-31-99-51-57-32-96-36-25-100-48-37-39-63-86-46-18-44-89-42-66-55-75-2-40-92-94-24-80-19-20-7-70-62-50-38-30-43-87-23-17-11-88-26-29-49-45-97-68-34-95-58-67-56-98-41-13-77-52-69-90-8-84-71-64-14-72-15-27
Ta100x20,1,1,100,0.8875,0.025,7,2230107264,17000,6433,6286,5851,1.400665092,v2_avx512bw_vec32_exact_perm,22-54-78-1-33-81-62-47-5-16-48-53-25-93-3-74-83-79-82-37-23-40-35-55-12-4-11-60-43-100-10-96-51-63-65-75-31-91-80-61-30-88-7-94-18-58-28-21-6-85-76-59-2-99-44-24-89-13-8-73-39-41-92-67-32-70-98-17-45-46-15-19-27-9-77-29-49-56-86-14-72-20-42-66-90-84-69-71-64-57-87-68-34-95-26-97-38-52-50-36
Ta100x20,1,1,100,0.8875,0.025,8,2230108273,17000,6548,6286,5851,1.538692968,v2_avx512bw_vec32_exact_perm,54-25-59-79-24-82-16-78-33-60-35-85-83-22-74-39-55-99-21-81-12-1-63-32-89-31-80-51-70-5-47-48-7-53-10-44-67-71-93-57-96-88-9-76-65-30-15-13-77-86-45-90-18-58-28-73-11-37-46-94-100-92-34-20-91-6-3-42-27-4-75-2-87-40-23-56-62-61-98-84-69-64-8-95-29-17-14-72-43-97-26-19-38-66-68-52-50-36-49-41
Ta100x20,1,1,100,0.8875,0.025,9,2230109282,17000,6452,6286,5851,1.371531376,v2_avx512bw_vec32_exact_perm,79-22-82-33-81-3-1-53-74-91-62-83-61-54-47-30-78-51-21-99-25-58-31-40-93-59-35-60-28-68-97-70-18-85-76-39-100-16-5-19-57-11-10-67-32-80-65-98-86-27-37-44-2-6-66-84-71-96-14-43-29-24-48-23-20-46-63-12-75-90-45-8-17-13-9-73-88-4-7-42-55-15-92-89-56-38-87-34-94-77-69-72-95-36-26-52-64-50-49-41
Ta100x20,1,1,100,0.8875,0.025,10,2230110291,17000,6492,6286,5851,1.366365404,v2_avx512bw_vec32_exact_perm,47-1-22-5-33-3-9-82-16-21-10-65-91-60-35-74-83-66-31-48-81-79-93-80-39-61-67-4-45-85-25-54-23-40-12-28-63-8-98-71-70-2-62-55-100-90-97-59-99-51-46-57-77-76-27-94-30-89-92-68-52-96-37-20-36-11-73-24-19-88-29-6-44-64-87-14-50-58-43-32-34-72-18-15-17-53-26-41-86-69-38-56-75-13-84-7-95-49-42-78
Ta100x20,1,1,100,0.8875,0.05,1,2230101210,17000,6468,6286,5851,1.363982142,v2_avx512bw_vec32_exact_perm,78-54-25-81-10-33-82-83-79-47-5-16-93-40-31-48-88-44-22-56-89-3-62-61-80-77-24-45-29-74-4-39-85-30-11-32-94-9-27-35-21-70-71-99-12-1-100-28-60-65-55-59-14-92-68-57-7-46-73-6-20-58-43-38-34-53-76-19-2-98-67-97-91-18-95-23-87-86-50-26-36-17-37-96-15-72-63-49-66-84-52-42-69-75-8-13-64-51-90-41
Ta100x20,1,1,100,0.8875,0.05,2,2230102219,17000,6461,6286,5851,1.34914254,v2_avx512bw_vec32_exact_perm,78-22-79-54-55-33-81-48-30-10-38-82-51-16-70-74-21-6-85-31-90-18-60-20-59-100-32-8-5-40-87-11-61-35-62-86-92-42-37-73-39-80-19-89-56-83-46-29-53-94-71-9-24-28-14-65-12-4-91-99-67-77-57-1-66-23-34-47-63-27-3-75-44-93-76-43-68-2-96-64-17-98-58-45-26-15-88-72-95-97-7-13-50-49-36-84-25-69-52-41
Ta100x20,1,1,100,0.8875,0.05,3,2230103228,17000,6466,6286,5851,1.386283403,v2_avx512bw_vec32_exact_perm,22-78-79-5-55-9-82-21-33-70-85-81-25-51-2-12-74-4-39-53-35-31-56-48-11-10-46-61-1-16-26-76-83-91-18-40-47-65-59-80-36-60-24-3-100-63-44-75-37-42-99-23-84-71-86-57-67-49-27-19-30-32-28-98-45-93-92-96-89-17-73-8-54-62-87-29-90-34-88-66-72-94-95-6-68-15-14-38-97-52-20-77-69-64-50-58-43-13-7-41
Ta100x20,1,1,100,0.8875,0.05,4,2230104237,17000,6513,6286,5851,1.392049216,v2_avx512bw_vec32_exact_perm,54-22-79-33-82-21-25-35-10-31-16-81-61-92-40-11-4-88-62-70-91-89-60-86-78-1-48-76-51-46-80-41-23-17-99-15-57-53-93-47-3-84-94-37-44-30-56-6-66-74-5-65-85-19-12-75-36-95-96-55-28-9-2-73-83-39-29-27-97-59-58-32-43-90-24-14-38-18-67-100-69-45-98-71-26-42-8-72-63-20-64-87-68-34-77-7-49-13-52-50
Ta100x20,1,1,100,0.8875,0.05,5,2230105246,17000,6433,6286,5851,1.402849895,v2_avx512bw_vec32_exact_perm,54-22-78-79-47-35-55-33-60-40-82-5-2-83-66-21-91-81-10-30-32-28-45-93-74-4-25-85-9-59-44-86-100-53-94-18-34-16-3-50-12-31-20-11-70-39-80-61-99-75-24-72-48-67-56-98-96-19-37-1-8-62-65-64-87-57-92-51-42-27-29-58-63-46-17-23-6-95-36-76-89-73-43-26-97-90-77-15-14-88-71-84-69-7-49-38-52-68-13-41
Ta100x20,1,1,100,0.8875,0.05,6,2230106255,17000,6448,6286,5851,1.415164538,v2_avx512bw_vec32_exact_perm,54-81-22-55-100-25-65-3-91-1-28-89-10-40-6-21-32-76-82-79-33-11-48-70-59-51-61-35-62-9-56-86-80-60-5-93-27-16-31-63-50-23-4-83-99-44-57-45-85-71-92-78-43-18-94-7-13-39-75-30-74-88-12-90-37-47-2-14-29-34-96-87-24-53-68-58-15-69-98-67-64-19-84-17-66-73-46-97-26-20-42-38-72-36-95-8-52-49-77-41
Ta100x20,1,1,100,0.8875,0.05,7,2230107264,17000,6504,6286,5851,1.354386802,v2_avx512bw_vec32_exact_perm,79-35-32-80-61-33-81-16-22-24-12-28-55-9-70-77-76-82-10-86-91-83-78-74-50-6-40-48-21-51-23-96-85-59-19-65-53-90-30-3-47-60-94-27-14-4-98-11-73-54-41-62-45-99-5-56-18-8-87-20-39-89-31-37-95-58-46-34-100-44-72-93-17-36-57-68-15-69-2-1-97-29-67-26-84-63-66-92-71-64-52-42-43-13-7-88-75-49-38-25
Ta100x20,1,1,100,0.8875,0.05,8,2230108273,17000,6484,6286,5851,1.368364863,v2_avx512bw_vec32_exact_perm,78-22-79-54-33-23-83-82-5-21-9-47-55-48-35-74-76-67-14-71-81-77-73-59-57-46-99-1-30-60-93-80-28-85-44-37-70-53-6-89-39-91-27-61-40-58-95-13-65-20-43-18-51-96-16-19-10-8-3-12-34-56-25-66-2-64-4-11-31-63-49-7-87-17-29-94-62-24-72-98-45-92-100-68-15-97-84-32-26-86-50-75-36-88-42-69-90-52-38-41
Ta100x20,1,1,100,0.8875,0.05,9,2230109282,17000,6506,6286,5851,1.432349595,v2_avx512bw_vec32_exact_perm,54-78-82-59-22-86-61-33-25-32-28-9-10-1-65-81-62-53-79-70-56-99-37-35-21-40-23-60-51-12-71-83-3-93-16-74-5-31-48-15-34-6-11-19-76-100-68-55-57-94-96-24-43-89-46-2-18-4-67-97-98-36-77-85-44-80-14-20-30-91-13-58-8-87-73-41-29-92-88-39-17-64-45-38-69-27-47-26-66-90-75-95-72-63-52-7-50-42-84-49
Ta100x20,1,1,100,0.8875,0.05,10,2230110291,17000,6469,6286,5851,1.357775199,v2_avx512bw_vec32_exact_perm,22-78-33-59-9-100-31-82-48-25-21-70-24-10-55-93-40-3-1-74-44-83-89-39-61-79-54-98-6-63-65-62-35-76-53-86-50-57-18-11-60-80-12-68-30-81-91-27-16-46-72-90-4-51-73-20-58-36-42-84-71-85-99-94-19-97-92-67-2-37-34-56-96-29-8-5-95-43-23-66-87-32-15-17-28-45-26-88-49-75-14-7-77-47-38-41-13-64-52-69
Ta100x20,1,1,100,0.8875,0.075,1,2230101210,17000,6503,6286,5851,1.356964259,v2_avx512bw_vec32_exact_perm,54-22-79-3-91-41-78-33-94-77-66-82-89-40-12-81-16-86-35-61-67-59-4-39-62-74-28-6-83-24-1-9-53-76-46-30-37-90-45-29-11-56-99-10-50-48-31-51-2-100-21-44-47-27-63-70-92-57-97-71-65-80-5-93-60-96-14-8-32-58-73-85-68-64-19-20-98-87-23-34-42-88-18-38-69-15-26-75-17-7-72-95-43-36-13-49-84-55-52-25
Ta100x20,1,1,100,0.8875,0.075,2,2230102219,17000,6441,6286,5851,1.451978286,v2_avx512bw_vec32_exact_perm,54-22-33-59-79-28-10-35-76-94-99-93-82-48-21-53-46-77-62-100-51-31-66-50-80-3-11-37-6-61-90-65-32-12-83-81-30-85-74-39-4-60-45-40-78-24-55-5-2-98-16-67-91-25-96-18-47-38-23-34-15-70-57-63-17-58-84-29-72-20-73-26-43-71-9-41-92-42-87-36-95-75-86-56-68-13-52-8-88-89-1-69-44-97-14-19-7-49-64-27
Ta100x20,1,1,100,0.8875,0.075,3,2230103228,17000,6487,6286,5851,1.426560359,v2_avx512bw_vec32_exact_perm,47-22-33-100-78-51-25-35-21-74-99-4-79-94-83-31-28-55-1-37-6-76-81-91-77-60-10-40-18-44-54-58-30-57-59-53-12-65-16-71-5-63-11-80-70-62-56-3-14-36-89-85-86-38-19-93-67-32-87-39-98-26-13-43-9-61-73-96-72-20-46-15-17-29-92-82-45-84-24-66-48-49-97-68-95-7-23-50-88-2-52-64-8-69-90-34-75-27-42-41
Ta100x20,1,1,100,0.8875,0.075,4,2230104237,17000,6495,6286,5851,1.36747677,v2_avx512bw_vec32_exact_perm,54-78-33-82-22-31-5-81-35-86-53-55-91-83-3-28-62-37-10-46-47-44-85-89-92-21-1-39-66-45-76-93-90-75-48-12-97-18-40-32-79-77-51-16-99-20-64-42-4-61-74-96-69-23-38-19-80-67-24-71-70-29-60-56-63-11-68-94-98-30-84-17-15-14-65-59-100-58-57-2-8-73-52-26-43-6-87-88-7-95-34-72-27-9-50-13-36-25-49-41
Ta100x20,1,1,100,0.8875,0.075,5,2230105246,17000,6499,6286,5851,1.495631321,v2_avx512bw_vec32_exact_perm,22-79-3-78-83-54-82-55-61-33-93-62-90-76-51-35-10-24-40-6-81-12-99-53-59-16-37-47-5-80-11-56-25-50-74-9-77-66-86-2-4-36-94-96-21-100-29-28-39-88-34-71-14-98-70-31-27-18-60-58-20-46-57-65-97-48-23-75-32-44-85-45-91-67-19-17-95-1-15-26-30-73-8-89-87-69-84-72-38-92-63-43-52-68-64-13-49-42-7-41
Ta100x20,1,1,100,0.8875,0.075,6,2230106255,17000,6493,6286,5851,1.357574071,v2_avx512bw_vec32_exact_perm,78-22-79-5-55-82-40-81-77-76-35-99-92-41-83-91-10-68-21-33-59-62-100-9-53-48-20-36-70-12-11-6-71-29-54-96-60-1-85-61-27-37-16-93-4-86-44-23-94-28-84-46-34-57-58-45-18-7-95-50-98-3-80-74-39-89-32-67-51-17-42-75-24-2-65-88-19-31-97-90-49-43-73-87-47-63-30-13-64-14-8-72-56-69-15-26-66-52-38-25
Ta100x20,1,1,100,0.8875,0.075,7,2230107264,17000,6406,6286,5851,1.339937524,v2_avx512bw_vec32_exact_perm,22-54-79-35-55-97-82-85-74-65-78-81-3-56-25-21-90-51-12-33-2-10-59-39-31-37-40-6-76-48-43-32-83-44-89-18-11-47-5-28-1-53-66-60-4-96-84-86-14-67-91-100-98-58-61-80-46-50-75-45-99-63-42-29-34-17-88-9-93-95-72-19-62-30-94-20-23-57-26-16-52-36-24-38-70-68-69-15-71-87-8-73-77-13-7-92-64-27-49-41
Ta100x20,1,1,100,0.8875,0.075,8,2230108273,17000,6472,6286,5851,1.42661712,v2_avx512bw_vec32_exact_perm,22-79-1-54-78-83-89-55-33-51-81-16-35-4-56-21-85-93-90-60-77-10-82-65-12-40-14-46-32-75-28-5-91-20-43-18-44-98-2-25-74-9-53-48-31-59-96-100-45-80-97-61-3-30-11-92-37-27-73-58-42-67-70-71-19-62-13-7-95-99-24-29-57-34-87-63-8-36-88-6-38-23-15-47-94-72-17-76-84-39-86-49-68-52-69-64-26-50-66-41
Ta100x20,1,1,100,0.8875,0.075,9,2230109282,17000,6475,6286,5851,1.386528891,v2_avx512bw_vec32_exact_perm,79-22-54-5-33-81-56-16-93-83-4-35-1-74-24-18-21-11-10-100-82-65-60-78-85-88-23-55-48-62-86-70-12-61-3-32-98-25-76-59-30-67-91-2-39-40-89-34-46-45-17-90-73-6-57-53-51-99-37-31-19-75-87-42-47-63-29-80-28-92-27-9-71-14-26-58-97-50-20-7-77-94-96-69-44-72-43-38-84-66-64-15-8-95-68-13-52-49-36-41
Ta100x20,1,1,100,0.8875,0.075,10,2230110291,17000,6474,6286,5851,1.392573388,v2_avx512bw_vec32_exact_perm,22-79-33-10-40-46-51-28-81-82-4-21-85-5-16-87-65-53-71-45-77-32-83-14-91-55-59-1-12-66-76-44-48-23-25-100-62-61-54-97-58-56-30-2-11-98-15-35-80-9-74-18-24-41-70-88-57-60-93-6-39-37-94-36-17-64-47-50-31-43-3-20-95-67-99-49-7-96-27-69-72-92-29-19-8-84-90-89-73-68-86-13-34-78-75-63-26-52-42-38
Ta100x20,1,1,100,0.8875,0.1,1,2230101210,17000,6478,6286,5851,1.382427158,v2_avx512bw_vec32_exact_perm,78-21-79-10-5-62-3-51-35-85-22-47-53-93-99-76-82-74-4-23-83-33-39-75-54-1-81-31-59-65-60-100-43-32-56-48-37-11-6-97-40-46-94-61-92-9-77-71-16-70-86-90-12-57-55-24-42-18-44-80-7-91-20-87-30-95-73-66-26-27-98-96-29-89-28-58-8-88-45-2-69-63-34-64-19-15-84-17-14-68-52-13-50-38-67-49-72-36-25-41
Ta100x20,1,1,100,0.8875,0.1,2,2230102219,17000,6420,6286,5851,1.381268275,v2_avx512bw_vec32_exact_perm,47-22-54-79-33-10-62-40-82-35-100-4-61-60-59-65-21-70-17-1-80-30-11-85-5-45-83-74-31-89-76-93-48-44-53-99-28-46-86-16-91-63-2-3-34-88-51-56-81-43-19-36-25-9-69-78-20-72-95-18-24-96-55-75-8-12-90-67-58-42-37-6-29-71-94-77-23-15-27-92-57-87-14-32-64-97-50-26-39-13-98-49-84-7-66-73-68-38-52-41
Ta100x20,1,1,100,0.8875,0.1,3,2230103228,17000,6430,6286,5851,1.424009138,v2_avx512bw_vec32_exact_perm,22-47-54-78-41-93-33-35-40-10-61-21-59-65-3-51-4-83-16-88-6-76-28-46-29-32-50-80-5-9-74-25-48-79-20-70-8-23-53-18-100-11-71-89-69-94-39-24-67-1-2-45-85-60-56-82-99-62-81-43-12-13-58-44-31-73-19-86-27-98-55-91-87-63-26-57-36-15-38-14-34-92-30-49-17-96-64-72-37-77-75-7-95-97-90-66-84-68-52-42
Ta100x20,1,1,100,0.8875,0.1,4,2230104237,17000,6447,6286,5851,1.556801407,v2_avx512bw_vec32_exact_perm,54-78-79-82-22-35-85-21-33-39-10-74-4-43-25-81-72-53-93-76-68-77-62-99-91-48-12-60-6-100-71-86-3-29-50-80-90-9-2-34-40-59-30-46-32-83-73-61-55-44-24-57-94-11-92-70-16-45-63-51-8-58-56-88-96-89-18-5-28-23-69-20-7-1-95-67-87-17-65-13-97-49-36-31-84-98-42-37-47-15-14-75-26-66-19-52-64-27-38-41
Ta100x20,1,1,100,0.8875,0.1,5,2230105246,17000,6457,6286,5851,1.491493131,v2_avx512bw_vec32_exact_perm,78-22-33-100-25-35-47-40-5-60-10-31-21-99-74-83-53-93-51-32-79-82-1-80-30-55-48-76-81-6-28-92-41-86-2-46-85-34-87-45-91-14-39-59-54-9-61-50-3-24-36-88-4-16-23-20-18-64-98-11-66-89-67-56-97-44-37-70-17-57-12-65-75-94-42-15-96-8-95-29-73-71-72-26-62-90-84-13-68-52-38-43-63-27-69-58-19-77-7-49
Ta100x20,1,1,100,0.8875,0.1,6,2230106255,17000,6430,6286,5851,1.344292055,v2_avx512bw_vec32_exact_perm,22-47-78-33-25-9-82-100-4-81-16-12-35-83-21-76-74-6-32-30-1-54-58-60-91-28-88-93-62-48-79-53-39-37-59-5-70-20-3-67-99-80-10-46-29-51-31-17-89-96-41-24-34-63-65-57-75-45-56-55-86-44-40-18-77-95-66-38-52-11-61-49-42-69-90-73-14-71-8-98-72-26-43-19-2-94-23-85-92-15-97-87-84-68-64-27-13-7-50-36
Ta100x20,1,1,100,0.8875,0.1,7,2230107264,17000,6485,6286,5851,1.478274541,v2_avx512bw_vec32_exact_perm,22-47-59-55-82-3-25-16-33-24-81-74-31-100-48-35-41-5-40-18-70-80-92-99-61-51-62-10-91-9-83-12-46-30-32-89-21-56-98-54-1-44-29-67-37-45-57-6-68-38-60-93-63-79-73-65-4-15-96-85-50-58-34-2-43-90-19-69-8-76-87-11-53-97-77-72-20-66-23-94-42-39-28-75-13-86-84-26-17-88-27-71-14-36-78-64-95-7-52-49
Ta100x20,1,1,100,0.8875,0.1,8,2230108273,17000,6463,6286,5851,1.377056755,v2_avx512bw_vec32_exact_perm,78-22-54-55-33-59-35-81-76-48-46-63-39-77-79-37-80-3-1-51-30-74-91-28-21-92-83-10-44-9-16-18-12-24-2-67-100-40-5-19-11-75-68-45-86-38-62-93-50-43-70-89-31-20-4-60-27-96-53-98-29-82-99-23-57-36-49-14-56-47-87-15-85-72-94-69-61-65-32-64-71-73-17-8-58-88-34-95-7-6-66-90-41-97-84-42-26-13-52-25
Ta100x20,1,1,100,0.8875,0.1,9,2230109282,17000,6424,6286,5851,1.386124705,v2_avx512bw_vec32_exact_perm,54-78-59-25-33-32-81-22-35-55-91-1-46-6-28-31-37-83-71-9-48-86-23-53-56-99-80-61-5-62-85-44-10-65-21-89-63-51-39-4-88-74-79-60-98-45-17-38-77-40-70-12-58-27-18-19-3-20-43-93-96-24-76-16-36-95-64-50-29-47-57-14-82-94-67-11-72-75-92-2-34-42-15-30-26-49-84-100-87-73-7-90-13-8-69-52-97-68-66-41
Ta100x20,1,1,100,0.8875,0.1,10,2230110291,17000,6415,6286,5851,1.524888454,v2_avx512bw_vec32_exact_perm,54-78-79-22-82-33-1-99-3-40-25-59-5-21-76-51-32-39-81-27-16-35-10-65-31-29-97-11-48-56-50-80-47-83-89-61-12-9-53-91-86-6-66-23-100-44-60-43-88-93-57-46-74-2-28-62-58-52-42-94-72-17-45-55-92-7-15-38-20-18-95-70-24-68-87-98-4-67-63-30-19-85-75-69-96-8-90-73-37-77-64-71-84-13-14-26-34-49-36-41
Ta100x20,1,1,100,0.8875,0.125,1,2230101210,17000,6473,6286,5851,1.445335241,v2_avx512bw_vec32_exact_perm,78-59-74-81-22-79-54-25-100-2-51-55-48-21-45-24-82-40-18-93-53-6-47-10-16-11-9-5-31-27-1-99-70-62-86-91-33-61-50-49-96-57-23-83-35-66-12-44-3-85-71-46-94-37-4-65-80-34-60-32-14-75-56-42-87-30-15-92-98-28-7-95-29-19-68-26-88-43-39-89-84-63-64-17-58-76-77-67-73-13-36-20-69-97-8-72-38-90-52-41
Ta100x20,1,1,100,0.8875,0.125,2,2230102219,17000,6548,6286,5851,1.454609564,v2_avx512bw_vec32_exact_perm,78-55-79-10-51-4-2-22-33-81-100-82-59-53-3-40-65-25-21-74-39-28-75-70-35-12-56-60-93-37-80-1-7-91-83-14-5-47-48-96-30-15-46-89-16-32-76-34-58-50-9-99-45-61-95-29-17-84-18-86-36-54-57-94-20-8-88-44-6-23-62-11-19-85-98-72-27-92-63-31-67-49-43-26-71-87-97-66-64-77-24-90-52-13-68-73-42-69-38-41
Ta100x20,1,1,100,0.8875,0.125,3,2230103228,17000,6469,6286,5851,1.501639779,v2_avx512bw_vec32_exact_perm,79-33-81-22-54-10-25-100-59-35-61-31-76-65-45-3-11-1-85-34-83-5-4-16-93-39-32-46-28-72-57-74-70-88-27-23-40-21-82-51-18-91-29-44-48-30-94-2-53-55-47-80-66-9-92-75-20-6-60-42-12-98-14-99-89-56-90-43-62-58-37-96-64-19-73-24-15-68-26-95-97-71-87-63-67-77-7-13-17-86-78-36-38-52-8-50-49-69-84-41
Ta100x20,1,1,100,0.8875,0.125,4,2230104237,17000,6408,6286,5851,1.605919525,v2_avx512bw_vec32_exact_perm,54-22-47-74-21-33-81-59-78-62-10-1-60-82-79-100-16-35-40-70-91-85-61-6-3-53-5-71-18-9-76-51-96-24-80-14-56-65-48-31-37-39-25-23-15-28-93-98-32-63-4-36-20-83-11-89-12-94-67-44-30-84-69-77-29-75-45-17-46-57-97-87-42-26-19-88-64-27-58-2-55-86-95-7-99-50-34-43-13-72-92-8-52-90-49-73-68-38-66-41
Ta100x20,1,1,100,0.8875,0.125,5,2230105246,17000,6455,6286,5851,1.543657301,v2_avx512bw_vec32_exact_perm,54-47-22-35-1-83-51-74-78-79-76-10-62-3-98-33-40-99-60-93-90-24-65-16-59-50-4-6-39-89-61-53-86-32-31-28-20-70-66-80-23-34-11-91-85-43-82-48-21-18-81-71-12-9-88-30-25-100-58-44-37-45-46-57-67-56-2-63-14-29-15-75-92-68-97-5-17-49-96-72-7-36-95-84-55-19-94-77-69-64-8-38-27-73-87-42-13-26-52-41
Ta100x20,1,1,100,0.8875,0.125,6,2230106255,17000,6481,6286,5851,1.397995177,v2_avx512bw_vec32_exact_perm,79-54-55-82-99-78-22-33-50-59-3-9-39-47-21-19-60-51-28-10-81-1-77-74-53-93-80-100-65-76-24-48-83-12-37-14-44-5-35-25-34-2-40-61-92-58-89-45-43-67-91-96-18-4-16-86-6-32-15-31-30-88-38-70-29-56-97-20-23-11-84-63-17-94-26-68-98-46-73-7-87-62-42-85-90-75-27-66-64-95-69-72-8-57-71-13-49-36-52-41
Ta100x20,1,1,100,0.8875,0.125,7,2230107264,17000,6480,6286,5851,1.307312413,v2_avx512bw_vec32_exact_perm,79-54-47-25-35-31-89-40-70-76-82-60-48-83-5-74-21-91-61-22-10-32-3-51-12-44-93-68-4-80-9-18-52-71-24-66-96-30-100-55-94-50-14-90-57-99-17-75-45-81-56-53-23-19-33-84-28-65-59-77-97-46-37-2-62-1-34-36-95-8-64-72-20-39-73-92-29-86-27-58-88-87-11-69-98-67-6-42-15-26-43-85-38-49-16-63-78-13-7-41
Ta100x20,1,1,100,0.8875,0.125,8,2230108273,17000,6501,6286,5851,1.366673617,v2_avx512bw_vec32_exact_perm,22-79-54-82-16-12-47-25-36-32-51-3-92-41-1-46-33-48-21-81-31-84-28-76-10-11-63-99-58-62-100-50-72-61-80-40-65-45-91-4-85-9-83-44-56-71-49-66-96-77-29-18-17-34-74-35-94-39-20-6-30-60-53-59-86-55-27-23-90-57-37-14-70-26-15-88-98-87-19-8-67-73-93-43-7-89-69-95-75-2-97-68-52-38-24-42-13-64-5-78
Ta100x20,1,1,100,0.8875,0.125,9,2230109282,17000,6484,6286,5851,1.255118057,v2_avx512bw_vec32_exact_perm,22-54-25-33-51-59-79-81-16-36-24-74-78-40-3-61-9-76-48-35-12-80-85-5-21-87-66-82-100-11-2-10-8-30-55-93-99-63-57-20-94-45-65-70-31-1-71-6-4-52-60-56-44-83-91-89-46-50-75-53-23-39-28-88-18-62-86-95-67-38-58-17-19-98-14-15-68-72-84-47-92-43-37-96-29-73-32-64-26-34-90-27-49-77-97-42-69-13-7-41
Ta100x20,1,1,100,0.8875,0.125,10,2230110291,17000,6458,6286,5851,1.273400061,v2_avx512bw_vec32_exact_perm,54-78-33-22-82-31-35-100-74-80-3-8-10-44-83-5-40-79-21-99-41-28-93-55-1-48-81-4-53-43-59-30-32-51-91-85-16-92-58-76-96-68-63-2-46-29-60-11-12-86-6-61-20-90-77-37-9-42-23-50-15-18-24-57-47-87-88-39-94-69-75-56-65-98-62-25-70-45-36-52-49-64-71-14-19-97-26-89-67-17-72-73-84-13-34-7-95-66-38-27
Ta100x20,1,1,100,0.925,0.025,1,2230101210,17000,6474,6286,5851,1.727798761,v2_avx512bw_vec32_exact_perm,54-59-22-3-25-24-78-10-1-51-81-35-16-14-56-46-9-76-75-55-21-32-91-48-30-93-60-28-20-23-42-70-62-99-100-37-80-82-12-33-47-79-41-11-94-65-73-53-77-57-74-61-85-58-6-44-2-83-86-4-19-40-31-45-67-5-38-92-29-71-84-88-89-18-98-39-15-68-97-43-90-26-69-96-34-17-72-63-8-95-7-87-66-50-49-36-13-52-64-27
Ta100x20,1,1,100,0.925,0.025,2,2230102219,17000,6471,6286,5851,1.750839089,v2_avx512bw_vec32_exact_perm,22-54-55-33-78-51-59-82-86-77-10-40-61-62-5-83-65-74-4-90-80-81-79-16-3-93-28-2-60-31-85-34-1-46-43-6-21-53-89-47-76-48-99-29-12-63-35-75-39-17-57-92-45-7-25-23-37-100-44-20-91-32-67-70-87-14-52-71-38-18-98-68-9-15-94-73-50-96-8-42-88-66-11-19-64-24-69-30-95-49-36-84-97-58-56-72-27-13-26-41
Ta100x20,1,1,100,0.925,0.025,3,2230103228,17000,6481,6286,5851,1.617232526,v2_avx512bw_vec32_exact_perm,22-54-78-59-33-3-77-82-100-16-47-83-5-67-93-32-21-51-61-35-76-40-4-81-91-41-70-62-57-99-55-1-84-53-71-9-18-39-75-10-85-37-44-12-14-96-79-60-36-89-24-30-48-20-92-68-45-17-80-86-74-11-28-46-73-63-26-66-34-23-38-6-29-31-50-94-43-58-56-65-88-72-27-98-19-69-25-2-7-64-87-42-90-52-97-95-8-13-15-49
Ta100x20,1,1,100,0.925,0.025,4,2230104237,17000,6482,6286,5851,1.520252866,v2_avx512bw_vec32_exact_perm,79-54-59-1-99-22-55-78-89-65-33-10-74-5-62-53-47-48-25-3-12-81-51-31-6-38-86-44-16-93-100-80-9-76-35-83-21-50-43-91-11-97-56-18-46-37-20-39-60-96-24-29-2-34-70-85-61-88-45-30-32-4-87-94-8-40-82-98-67-23-14-28-71-92-15-42-63-26-36-17-95-72-19-52-27-68-69-77-13-7-75-73-90-49-64-57-58-66-84-41
Ta100x20,1,1,100,0.925,0.025,5,2230105246,17000,6470,6286,5851,1.915861565,v2_avx512bw_vec32_exact_perm,22-79-1-33-81-25-35-10-65-82-31-60-51-84-78-100-37-94-6-21-55-91-54-99-40-83-61-23-38-80-93-44-4-85-68-18-75-63-98-39-77-67-24-56-76-11-2-5-20-89-62-70-53-59-66-71-30-47-26-57-45-87-95-7-88-19-48-12-92-16-3-64-50-42-74-96-15-17-14-29-90-9-73-97-46-28-32-34-52-8-72-43-58-86-13-27-69-36-49-41
Ta100x20,1,1,100,0.925,0.025,6,2230106255,17000,6472,6286,5851,1.663807528,v2_avx512bw_vec32_exact_perm,78-22-54-79-35-55-47-9-21-82-100-80-61-5-16-46-33-93-53-14-99-10-76-48-69-1-83-91-58-28-88-70-12-71-39-74-81-57-41-6-3-67-59-24-45-92-42-7-20-2-77-60-18-29-40-95-23-75-50-85-65-62-44-32-43-51-4-72-11-86-89-68-73-56-96-37-98-64-19-31-63-66-84-26-52-30-13-34-15-17-87-36-27-94-97-8-38-49-90-25
Ta100x20,1,1,100,0.925,0.025,7,2230107264,17000,6461,6286,5851,1.73002318,v2_avx512bw_vec32_exact_perm,54-22-1-78-33-79-25-35-51-32-89-83-76-68-70-48-10-40-6-39-21-12-24-61-63-57-14-81-91-11-59-97-5-27-65-88-90-85-44-37-2-53-19-16-80-86-74-46-4-42-60-38-15-20-18-3-30-93-82-66-9-62-56-23-43-58-84-100-50-95-29-67-69-75-45-31-99-71-92-34-96-28-55-94-64-8-17-98-87-72-7-49-77-73-36-13-47-26-52-41
Ta100x20,1,1,100,0.925,0.025,8,2230108273,17000,6473,6286,5851,1.686421735,v2_avx512bw_vec32_exact_perm,22-79-54-59-41-25-24-74-82-100-21-4-40-3-51-32-43-65-81-6-60-28-37-45-91-93-33-50-5-18-71-62-39-85-89-70-1-10-76-44-83-8-35-55-96-9-57-61-48-53-31-46-20-73-47-75-58-80-90-12-67-86-2-11-16-94-99-56-66-64-42-17-92-72-95-7-30-88-87-27-98-13-23-84-29-19-34-63-77-26-15-38-14-68-52-49-69-97-36-78
Ta100x20,1,1,100,0.925,0.025,9,2230109282,17000,6429,6286,5851,1.734675843,v2_avx512bw_vec32_exact_perm,47-78-59-22-54-82-79-33-10-1-32-48-65-21-83-5-16-80-93-6-28-74-53-30-89-99-91-46-56-40-35-18-85-76-81-70-61-24-62-45-12-58-25-94-20-11-4-9-100-50-39-37-96-60-29-77-42-55-2-34-3-23-98-44-57-67-84-75-31-88-19-86-26-72-17-66-36-15-95-51-87-68-92-43-13-7-49-14-71-64-73-27-38-69-90-52-63-97-8-41
Ta100x20,1,1,100,0.925,0.025,10,2230110291,17000,6448,6286,5851,1.757011257,v2_avx512bw_vec32_exact_perm,78-79-82-22-33-83-51-35-10-100-16-91-21-32-54-59-55-44-73-99-18-81-74-85-48-12-5-65-76-89-6-31-43-37-71-96-90-61-30-62-98-3-1-60-80-53-11-86-63-9-25-56-72-46-94-67-57-20-58-70-19-39-17-14-75-24-68-29-28-92-45-97-4-87-36-40-93-95-64-2-27-23-88-8-26-34-77-38-84-66-52-47-42-69-15-50-49-13-7-41
Ta100x20,1,1,100,0.925,0.05,1,2230101210,17000,6483,6286,5851,1.758751457,v2_avx512bw_vec32_exact_perm,22-54-33-47-78-89-83-28-65-4-60-93-40-21-59-79-46-55-1-82-41-30-91-5-16-84-37-12-18-85-19-81-24-44-53-10-32-80-50-8-6-58-76-48-68-71-70-35-74-29-67-100-39-98-63-92-14-62-11-57-34-43-3-15-97-2-75-26-56-66-96-13-51-77-86-94-17-23-45-9-99-95-61-7-72-88-31-42-20-64-38-27-69-49-36-87-73-90-52-25
Ta100x20,1,1,100,0.925,0.05,2,2230102219,17000,6474,6286,5851,1.579530283,v2_avx512bw_vec32_exact_perm,79-22-54-3-82-10-33-59-100-40-25-81-45-50-53-6-1-99-60-83-31-5-28-74-4-21-11-23-48-61-27-80-32-51-93-65-62-71-12-57-70-89-8-35-76-39-37-67-38-91-47-63-9-18-96-69-24-90-34-55-2-75-44-85-94-73-42-46-72-20-87-95-30-56-26-16-64-92-29-43-17-97-15-77-13-58-68-98-84-14-19-66-88-36-49-52-78-86-7-41
Ta100x20,1,1,100,0.925,0.05,3,2230103228,17000,6445,6286,5851,1.713065034,v2_avx512bw_vec32_exact_perm,22-54-78-1-79-10-33-100-16-4-83-40-55-3-51-5-59-61-65-76-12-99-81-42-6-89-47-60-62-93-53-37-45-58-82-19-94-67-91-56-66-96-9-15-85-35-74-21-36-46-57-25-23-75-28-24-88-18-70-86-44-77-48-63-11-31-52-50-2-30-34-32-80-43-71-8-17-49-64-72-68-97-39-13-20-92-7-98-90-14-26-87-27-95-69-29-84-73-38-41
Ta100x20,1,1,100,0.925,0.05,4,2230104237,17000,6461,6286,5851,1.591334183,v2_avx512bw_vec32_exact_perm,54-22-47-10-33-86-100-53-74-55-81-4-25-23-48-82-51-18-16-32-99-83-21-44-79-76-35-92-40-56-70-3-20-93-60-37-36-59-77-80-12-1-24-11-61-28-66-34-2-91-6-46-89-9-31-90-15-14-85-42-29-57-50-94-96-52-71-65-97-5-62-39-58-43-88-17-45-26-19-30-13-73-98-8-87-84-38-27-69-72-63-7-67-49-95-75-68-64-78-41
Ta100x20,1,1,100,0.925,0.05,5,2230105246,17000,6457,6286,5851,1.64030655,v2_avx512bw_vec32_exact_perm,79-22-54-55-58-35-74-31-51-21-99-76-82-1-81-93-10-77-61-40-53-85-29-5-25-16-42-3-19-65-98-6-17-80-89-46-60-33-86-9-50-44-45-28-59-32-62-84-100-67-4-27-78-47-64-14-48-30-37-71-92-43-2-34-96-63-39-69-97-8-13-23-83-91-15-57-11-70-56-24-75-18-94-38-7-26-73-66-95-12-72-20-90-52-88-36-49-87-68-41
Ta100x20,1,1,100,0.925,0.05,6,2230106255,17000,6501,6286,5851,1.520868454,v2_avx512bw_vec32_exact_perm,78-4-22-33-82-9-79-28-32-55-63-1-81-62-10-83-99-40-51-24-2-21-36-54-18-75-31-74-48-61-5-100-11-76-35-12-53-70-71-85-16-86-6-58-60-68-13-80-91-30-15-93-50-98-65-94-77-20-3-59-90-88-8-45-17-23-66-44-84-92-39-43-37-89-67-96-57-46-73-7-95-41-56-69-47-14-29-49-26-97-52-42-19-72-34-38-25-87-64-27
Ta100x20,1,1,100,0.925,0.05,7,2230107264,17000,6441,6286,5851,1.621174499,v2_avx512bw_vec32_exact_perm,54-59-78-22-4-10-33-56-40-81-1-6-16-21-61-35-76-65-3-11-83-25-79-32-5-85-9-47-44-69-90-53-80-51-41-12-55-74-48-91-23-100-30-37-87-82-71-60-18-86-73-46-31-24-45-92-57-20-96-75-15-38-7-14-88-19-77-58-28-17-34-2-97-68-70-43-99-63-62-98-93-29-95-39-89-67-52-72-42-26-66-84-50-94-36-13-8-64-27-49
Ta100x20,1,1,100,0.925,0.05,8,2230108273,17000,6446,6286,5851,1.73887041,v2_avx512bw_vec32_exact_perm,79-82-22-31-54-81-10-16-46-33-55-80-1-92-51-35-86-74-25-42-3-85-59-44-65-41-21-57-6-39-60-28-93-98-89-53-12-32-83-50-2-29-62-99-61-45-24-97-68-48-70-76-96-100-14-47-67-4-75-37-30-19-91-56-40-18-58-94-11-87-38-5-9-66-84-73-27-71-88-23-26-63-43-64-17-69-72-20-90-52-36-13-34-15-8-49-95-77-7-78
Ta100x20,1,1,100,0.925,0.05,9,2230109282,17000,6480,6286,5851,1.5031796,v2_avx512bw_vec32_exact_perm,47-82-22-54-10-5-76-46-33-60-59-4-30-99-85-1-67-32-93-28-80-81-79-55-74-92-35-63-39-31-21-51-48-8-88-56-78-90-77-16-23-83-71-87-61-9-19-24-98-94-58-40-45-27-18-62-3-44-57-66-6-50-97-95-11-12-72-38-43-37-70-7-100-14-20-34-2-53-96-29-49-91-65-52-36-84-89-17-86-42-69-15-68-13-75-73-26-64-25-41
Ta100x20,1,1,100,0.925,0.05,10,2230110291,17000,6434,6286,5851,1.744092403,v2_avx512bw_vec32_exact_perm,47-82-78-40-22-79-31-3-54-85-81-55-48-83-5-30-76-89-46-74-91-77-10-36-37-12-80-92-25-98-35-61-33-11-6-60-86-70-57-59-49-56-44-13-39-16-51-32-21-65-88-100-62-94-67-2-97-99-43-71-28-93-4-53-29-96-19-63-52-9-27-23-24-38-45-18-64-90-17-20-14-42-26-58-1-15-72-75-8-73-95-68-34-87-66-84-50-69-7-41
Ta100x20,1,1,100,0.925,0.075,1,2230101210,17000,6434,6286,5851,1.523002336,v2_avx512bw_vec32_exact_perm,54-22-78-33-59-25-35-55-24-40-74-6-10-82-9-80-5-65-100-21-43-93-32-1-60-4-16-99-71-56-76-77-81-44-79-48-18-73-47-61-88-91-46-3-86-62-29-84-41-53-98-12-19-39-51-11-17-57-58-92-89-83-2-94-67-37-30-70-31-68-15-27-96-23-75-8-72-66-63-28-85-34-95-90-87-20-64-14-45-26-52-42-7-13-49-97-36-50-69-38
Ta100x20,1,1,100,0.925,0.075,2,2230102219,17000,6513,6286,5851,1.567180144,v2_avx512bw_vec32_exact_perm,79-54-82-22-33-10-35-40-31-55-5-47-59-80-14-89-56-53-65-78-76-39-21-51-3-74-28-81-29-6-62-32-1-91-60-48-43-12-8-70-4-83-50-11-75-23-97-71-90-85-9-63-18-57-24-61-16-95-7-72-92-19-34-30-66-38-93-94-37-96-44-13-99-86-45-27-2-36-98-67-17-69-58-15-68-87-46-84-100-25-73-26-20-64-77-88-52-42-49-41
Ta100x20,1,1,100,0.925,0.075,3,2230103228,17000,6453,6286,5851,1.710805625,v2_avx512bw_vec32_exact_perm,47-78-59-60-74-22-79-31-54-92-28-21-81-51-3-25-99-10-40-5-39-63-70-82-9-33-23-91-88-86-2-55-48-67-61-32-6-73-83-11-76-100-20-35-1-53-93-80-12-89-71-46-18-7-16-24-90-30-45-4-85-84-58-66-50-56-87-65-62-98-15-43-14-34-17-96-44-37-64-57-29-49-26-42-69-19-94-75-68-95-72-38-52-36-13-8-97-27-77-41
Ta100x20,1,1,100,0.925,0.075,4,2230104237,17000,6457,6286,5851,1.567536344,v2_avx512bw_vec32_exact_perm,54-22-1-33-70-35-83-100-10-3-91-40-37-32-25-30-62-21-74-28-82-79-81-6-16-31-24-2-99-36-63-51-4-12-48-29-9-59-44-53-39-34-55-80-43-23-57-71-93-94-67-47-78-60-88-90-8-73-92-20-77-11-87-66-61-46-97-56-96-98-75-14-27-5-58-89-45-18-76-26-19-86-68-95-72-17-42-7-64-85-13-65-38-69-15-50-49-84-52-41
Ta100x20,1,1,100,0.925,0.075,5,2230105246,17000,6482,6286,5851,1.569715026,v2_avx512bw_vec32_exact_perm,79-22-33-10-74-32-25-82-5-16-39-83-35-55-81-48-6-54-1-41-93-59-65-3-31-40-4-86-51-62-90-50-61-53-21-67-18-99-91-80-20-12-23-100-75-30-46-85-71-45-92-60-70-17-34-84-36-94-19-57-27-14-56-76-96-66-29-9-58-28-44-95-73-47-87-26-43-69-63-98-11-72-2-42-37-7-15-24-89-78-77-97-68-13-64-52-38-88-8-49
Ta100x20,1,1,100,0.925,0.075,6,2230106255,17000,6448,6286,5851,1.568817645,v2_avx512bw_vec32_exact_perm,22-54-78-79-10-33-28-9-83-5-40-35-25-21-2-37-6-60-47-81-4-48-39-12-3-82-51-16-31-100-85-63-65-74-80-44-70-24-18-76-29-1-99-30-32-11-77-53-61-88-86-55-19-62-67-59-69-91-20-23-96-38-8-34-27-71-72-94-98-42-89-26-73-92-68-75-43-46-97-90-7-87-57-93-45-56-95-66-17-84-64-52-13-14-50-58-36-15-49-41
Ta100x20,1,1,100,0.925,0.075,7,2230107264,17000,6394,6286,5851,1.427535479,v2_avx512bw_vec32_exact_perm,54-22-79-33-10-31-51-66-74-82-21-3-90-81-62-77-55-89-56-86-5-40-6-12-29-2-76-38-80-93-98-25-9-30-35-32-60-1-53-59-85-46-18-20-4-61-72-100-44-11-24-48-63-65-16-78-83-45-91-67-57-17-70-23-15-36-28-71-14-47-75-94-34-92-84-88-43-99-19-39-37-27-69-8-96-87-58-73-68-52-42-13-64-26-97-50-95-7-49-41
Ta100x20,1,1,100,0.925,0.075,8,2230108273,17000,6428,6286,5851,1.513079538,v2_avx512bw_vec32_exact_perm,22-54-78-33-81-100-10-31-51-76-74-35-48-62-1-11-3-59-61-65-21-28-6-16-32-83-12-24-29-67-5-93-80-89-17-18-82-38-40-79-55-9-57-44-23-27-53-4-25-86-36-39-20-46-94-73-99-98-71-2-77-7-88-63-70-60-96-8-91-14-85-42-30-37-43-58-15-47-92-72-45-95-34-56-90-69-19-97-87-68-52-26-66-64-13-50-75-49-84-41
Ta100x20,1,1,100,0.925,0.075,9,2230109282,17000,6427,6286,5851,1.434971204,v2_avx512bw_vec32_exact_perm,54-59-22-79-35-55-47-21-6-66-60-82-5-16-11-10-65-83-70-12-33-28-93-62-32-94-51-17-30-48-75-31-4-43-40-3-74-89-15-56-96-78-9-1-29-80-45-24-91-68-63-18-99-44-86-25-39-73-20-2-76-100-81-61-77-14-19-53-8-92-38-97-23-64-85-58-50-95-36-98-72-84-46-67-71-57-90-27-69-26-87-88-34-37-52-42-13-7-49-41
Ta100x20,1,1,100,0.925,0.075,10,2230110291,17000,6465,6286,5851,1.652884741,v2_avx512bw_vec32_exact_perm,22-54-31-79-33-81-62-82-59-4-40-35-16-39-55-21-99-5-25-60-65-100-89-53-50-18-78-97-11-83-92-10-86-46-68-3-1-51-76-91-27-9-70-71-90-80-30-37-93-28-87-17-34-47-6-57-58-56-94-52-23-61-88-98-2-67-32-96-14-38-12-29-48-8-24-36-20-15-45-85-44-13-49-69-64-74-84-42-95-66-19-75-72-43-26-63-77-7-73-41
Ta100x20,1,1,100,0.925,0.1,1,2230101210,17000,6470,6286,5851,1.428024839,v2_avx512bw_vec32_exact_perm,79-82-4-22-35-3-78-62-10-40-51-54-1-39-48-59-55-9-5-53-71-83-74-70-16-12-11-24-18-100-33-65-89-37-42-44-94-28-45-47-57-21-61-8-80-92-73-50-99-46-29-93-2-76-86-6-91-60-81-43-31-19-27-32-64-56-58-75-17-84-30-20-72-88-15-77-68-34-38-49-96-14-85-23-98-95-67-52-90-87-69-97-7-63-13-26-66-36-25-41
Ta100x20,1,1,100,0.925,0.1,2,2230102219,17000,6499,6286,5851,1.402811869,v2_avx512bw_vec32_exact_perm,22-79-54-10-33-16-31-81-55-97-2-51-70-74-11-4-93-62-90-76-8-1-3-83-59-53-100-89-65-86-80-12-47-21-35-61-34-60-28-91-14-92-27-29-77-88-72-82-44-40-75-46-56-37-96-58-15-48-9-42-24-52-18-19-66-39-73-5-6-71-32-17-30-26-57-43-23-85-63-99-67-98-87-84-64-68-95-13-45-20-7-38-25-94-49-69-36-50-78-41
Ta100x20,1,1,100,0.925,0.1,3,2230103228,17000,6490,6286,5851,1.42424339,v2_avx512bw_vec32_exact_perm,79-22-33-35-78-59-83-4-39-25-10-40-82-1-67-24-81-61-77-31-100-21-54-23-80-74-5-28-11-66-6-76-18-44-16-3-51-85-32-63-70-98-96-56-30-75-37-42-46-72-20-2-99-90-43-71-9-14-48-55-91-62-94-65-60-57-29-53-45-26-47-64-92-86-95-93-97-12-19-8-69-87-84-15-27-58-68-13-73-34-88-89-7-49-17-50-36-38-52-41
Ta100x20,1,1,100,0.925,0.1,4,2230104237,17000,6377,6286,5851,1.620690784,v2_avx512bw_vec32_exact_perm,54-22-79-10-31-82-83-5-21-3-51-55-74-65-33-48-93-61-89-1-18-80-100-62-37-30-91-36-25-47-94-35-42-76-81-90-73-99-45-12-85-32-98-39-20-70-9-59-60-50-46-16-6-56-53-86-11-66-4-44-43-15-2-14-27-72-71-26-29-88-96-87-17-24-40-41-68-95-23-34-77-58-67-57-19-84-63-69-7-64-28-75-13-8-97-92-52-38-49-78
Ta100x20,1,1,100,0.925,0.1,5,2230105246,17000,6502,6286,5851,1.82992965,v2_avx512bw_vec32_exact_perm,54-22-33-10-31-82-46-40-3-78-61-9-81-91-28-76-80-11-35-93-37-60-6-32-48-44-24-43-66-59-16-5-14-55-90-79-25-84-98-45-47-4-74-12-100-1-99-21-87-2-51-56-53-85-89-92-94-30-42-36-75-20-83-95-23-86-19-62-49-39-8-88-73-70-17-58-18-34-71-65-77-41-68-96-64-67-57-69-29-15-97-72-38-26-63-50-7-13-52-27
Ta100x20,1,1,100,0.925,0.1,6,2230106255,17000,6463,6286,5851,1.591146634,v2_avx512bw_vec32_exact_perm,22-79-54-83-25-10-65-33-82-35-66-21-56-81-62-55-16-6-1-11-3-71-27-9-5-36-96-100-50-61-80-31-99-93-98-12-77-60-17-51-2-76-97-32-30-91-59-74-53-90-39-24-40-18-87-58-85-44-46-88-63-48-34-70-89-86-4-8-67-94-43-13-78-52-23-20-19-26-45-38-69-7-64-28-57-29-95-75-14-37-92-42-72-15-47-84-49-73-68-41
Ta100x20,1,1,100,0.925,0.1,7,2230107264,17000,6529,6286,5851,1.45206701,v2_avx512bw_vec32_exact_perm,79-22-47-3-25-35-10-84-33-76-51-54-81-1-5-2-18-32-67-77-9-100-74-21-82-12-85-65-48-4-83-41-44-78-89-61-29-42-80-24-6-16-60-90-14-52-56-45-57-46-59-19-92-88-43-62-30-23-11-17-55-73-91-15-63-31-93-39-58-20-13-96-86-95-53-72-37-99-34-71-94-26-98-87-27-68-7-69-64-8-97-50-38-70-66-40-75-36-28-49
Ta100x20,1,1,100,0.925,0.1,8,2230108273,17000,6462,6286,5851,1.378802,v2_avx512bw_vec32_exact_perm,54-55-21-1-22-91-33-81-2-10-70-62-100-99-51-25-4-74-83-82-88-79-59-30-31-39-3-40-61-73-11-94-28-85-23-20-46-76-35-37-67-44-53-93-18-48-65-75-96-38-98-12-71-60-9-77-5-80-36-19-16-86-32-6-34-27-78-84-47-57-45-15-89-24-17-72-92-42-87-14-29-56-97-95-8-50-58-69-90-7-63-64-26-43-13-49-66-52-68-41
Ta100x20,1,1,100,0.925,0.1,9,2230109282,17000,6408,6286,5851,1.44200644,v2_avx512bw_vec32_exact_perm,22-78-79-54-61-33-9-32-70-3-51-100-76-47-1-81-40-48-6-53-21-55-11-82-74-10-99-30-12-91-89-60-83-4-39-50-63-84-93-37-44-31-28-16-56-94-65-80-52-71-35-46-23-25-29-92-73-88-57-36-26-42-15-59-17-14-77-66-20-18-96-2-86-67-24-69-19-34-43-90-62-64-85-5-75-98-87-45-95-8-72-49-58-68-13-7-97-27-38-41
Ta100x20,1,1,100,0.925,0.1,10,2230110291,17000,6481,6286,5851,1.533560929,v2_avx512bw_vec32_exact_perm,22-4-79-82-28-55-33-93-1-10-32-67-85-44-5-21-16-91-81-40-18-62-35-74-3-83-9-61-6-47-53-60-51-54-31-20-27-70-58-12-57-59-23-76-48-46-30-80-11-29-24-87-89-84-72-50-56-66-43-92-71-38-65-15-37-45-100-14-73-78-99-75-39-63-96-64-19-17-86-68-2-26-41-98-95-8-36-94-13-69-97-90-88-7-77-34-52-42-49-25
Ta100x20,1,1,100,0.925,0.125,1,2230101210,17000,6488,6286,5851,1.361879636,v2_avx512bw_vec32_exact_perm,22-54-25-5-51-78-83-10-33-81-31-59-82-53-39-55-40-79-74-35-56-99-63-48-46-21-93-1-6-76-100-30-44-57-13-45-85-16-70-71-29-24-41-12-65-20-9-19-3-73-91-67-89-66-98-95-7-18-2-94-11-60-4-61-72-88-86-28-62-14-58-68-80-42-26-23-15-77-37-47-75-92-34-32-43-49-52-96-64-17-97-87-69-38-84-27-36-50-90-8
Ta100x20,1,1,100,0.925,0.125,2,2230102219,17000,6431,6286,5851,1.381723865,v2_avx512bw_vec32_exact_perm,79-22-54-77-47-21-25-9-35-76-3-74-51-53-33-10-81-91-30-31-40-59-48-80-93-60-100-62-5-16-45-6-56-28-46-29-32-12-83-55-86-42-44-18-99-1-19-8-24-72-50-11-4-98-90-67-2-85-34-37-94-61-96-14-17-65-58-73-82-66-70-71-57-15-63-52-23-69-39-88-75-89-27-92-64-97-26-20-87-68-95-36-78-43-13-7-38-49-84-41
Ta100x20,1,1,100,0.925,0.125,3,2230103228,17000,6459,6286,5851,1.422869152,v2_avx512bw_vec32_exact_perm,78-22-47-79-54-61-35-31-21-51-9-83-4-16-71-3-11-62-28-55-1-33-18-60-32-40-24-70-20-39-63-74-6-48-12-91-10-14-100-76-80-81-44-30-73-25-99-38-97-82-93-85-23-88-5-67-89-2-98-56-37-53-46-96-75-86-58-68-43-15-59-50-65-69-45-26-29-17-95-64-19-57-7-87-52-72-94-42-84-8-13-92-27-34-49-36-90-77-66-41
Ta100x20,1,1,100,0.925,0.125,4,2230104237,17000,6407,6286,5851,1.361179365,v2_avx512bw_vec32_exact_perm,22-54-55-33-81-10-47-82-62-2-60-100-76-51-94-70-85-21-1-46-79-25-35-74-31-5-88-48-45-89-92-28-36-59-61-80-69-39-20-93-40-23-91-11-56-83-9-78-24-44-16-53-18-4-86-84-71-3-27-34-63-30-32-57-6-7-50-65-58-43-38-77-99-66-15-90-73-8-87-12-95-14-29-67-98-96-72-17-75-68-97-42-13-26-52-19-37-64-49-41
Ta100x20,1,1,100,0.925,0.125,5,2230105246,17000,6428,6286,5851,1.508059146,v2_avx512bw_vec32_exact_perm,54-22-79-10-25-1-65-35-55-81-31-33-53-74-51-6-40-46-4-21-61-29-82-48-47-32-62-70-19-86-28-60-12-3-98-67-2-83-93-80-56-24-66-44-57-72-11-94-18-5-76-99-45-91-37-77-84-89-85-36-92-100-43-20-15-71-96-87-14-59-30-73-68-9-95-42-75-27-23-26-38-52-50-39-17-58-34-16-63-78-7-13-64-8-49-97-90-88-69-41
Ta100x20,1,1,100,0.925,0.125,6,2230106255,17000,6471,6286,5851,1.478582744,v2_avx512bw_vec32_exact_perm,54-33-89-22-51-82-78-83-79-1-10-53-55-85-21-62-3-66-74-59-90-24-30-4-40-2-5-80-8-18-73-11-48-56-81-61-16-25-6-23-91-15-14-31-58-50-86-96-35-17-98-44-65-57-45-13-76-99-60-94-67-93-32-46-100-34-28-69-47-84-19-97-70-43-37-20-12-39-29-71-87-9-95-68-64-38-26-63-75-92-27-36-49-42-88-77-72-7-52-41
Ta100x20,1,1,100,0.925,0.125,7,2230107264,17000,6480,6286,5851,1.430586082,v2_avx512bw_vec32_exact_perm,54-22-79-33-10-55-16-81-82-23-100-53-74-99-56-9-78-21-83-77-76-35-86-58-91-25-50-39-29-4-47-40-2-45-18-48-94-61-70-85-6-72-71-27-62-24-63-98-38-11-1-12-65-43-32-80-3-51-46-17-60-93-59-30-92-41-57-7-67-31-5-75-90-84-13-34-19-20-8-73-26-96-89-95-37-42-15-87-68-52-88-69-44-64-28-49-97-14-36-66
Ta100x20,1,1,100,0.925,0.125,8,2230108273,17000,6463,6286,5851,1.332273392,v2_avx512bw_vec32_exact_perm,22-79-54-10-24-55-48-21-3-53-74-81-82-18-33-83-30-4-12-60-40-32-77-99-61-6-66-25-89-47-80-86-5-16-31-91-51-59-46-9-19-28-76-23-75-63-44-72-85-35-56-26-37-39-34-20-94-65-45-62-50-100-49-96-67-70-57-93-29-36-17-98-14-90-2-64-11-73-13-71-15-8-1-27-58-84-97-92-43-38-7-95-87-68-88-52-69-42-78-41
Ta100x20,1,1,100,0.925,0.125,9,2230109282,17000,6433,6286,5851,1.493393253,v2_avx512bw_vec32_exact_perm,54-22-79-47-82-55-5-25-40-35-83-10-33-93-39-61-32-62-28-51-21-78-1-11-31-74-70-89-60-56-12-86-6-76-48-91-59-36-81-80-43-3-8-94-100-14-17-65-97-96-46-73-24-16-53-19-99-23-27-71-98-67-18-30-58-95-77-37-7-90-84-63-9-4-42-85-44-2-29-34-69-75-45-64-38-50-26-88-72-20-92-15-49-87-57-52-68-13-66-41
Ta100x20,1,1,100,0.925,0.125,10,2230110291,17000,6450,6286,5851,1.589271676,v2_avx512bw_vec32_exact_perm,54-78-59-55-33-99-22-79-74-29-32-16-70-91-1-46-60-10-40-82-21-93-62-100-51-45-4-56-48-9-5-18-83-71-76-35-30-37-25-44-98-12-96-94-28-65-73-47-89-92-11-53-85-81-6-3-42-61-88-64-72-20-23-57-67-87-31-50-8-80-49-39-26-86-19-34-13-77-15-2-24-27-58-38-43-75-17-14-68-63-36-95-7-97-52-69-90-66-84-41
Ta100x20,1,1,100,0.9625,0.025,1,2230101210,17000,6429,6286,5851,1.394323321,v2_avx512bw_vec32_exact_perm,22-54-47-25-35-81-84-85-5-10-33-83-18-24-55-4-74-40-60-6-65-79-21-90-82-48-73-32-45-93-61-80-31-51-59-11-38-30-100-62-9-41-3-50-34-57-16-42-23-20-70-56-76-1-39-37-44-99-86-58-46-2-12-66-67-71-52-72-17-77-94-64-29-8-89-53-92-28-63-98-14-26-75-68-96-69-15-97-91-88-43-19-13-36-87-27-95-7-49-78
Ta100x20,1,1,100,0.9625,0.025,2,2230102219,17000,6458,6286,5851,1.402819122,v2_avx512bw_vec32_exact_perm,54-22-79-10-33-47-41-100-5-16-74-6-85-81-35-19-40-43-53-37-93-25-21-23-82-48-55-80-12-31-89-51-90-76-46-56-99-1-11-61-88-39-9-63-24-70-67-59-62-32-29-91-27-45-4-83-50-96-58-34-28-30-94-2-8-57-14-60-69-44-86-71-87-65-73-3-38-18-7-77-15-95-36-17-20-92-72-52-42-66-13-84-98-64-97-26-75-68-49-78
Ta100x20,1,1,100,0.9625,0.025,3,2230103228,17000,6510,6286,5851,1.398205394,v2_avx512bw_vec32_exact_perm,22-79-33-59-35-78-62-54-81-39-56-60-46-10-76-28-3-51-31-100-89-40-6-83-97-82-41-57-65-4-99-63-37-21-44-90-45-2-47-80-86-85-67-93-61-12-24-16-74-53-5-18-55-1-91-32-43-20-70-58-92-29-68-96-75-27-98-84-9-95-30-52-87-19-69-8-48-64-14-50-11-94-66-23-17-73-34-13-26-42-71-36-88-15-49-77-72-38-7-25
Ta100x20,1,1,100,0.9625,0.025,4,2230104237,17000,6405,6286,5851,1.507914335,v2_avx512bw_vec32_exact_perm,22-54-55-33-81-1-61-79-28-31-40-93-16-70-4-9-85-21-12-11-5-47-25-3-51-2-10-39-63-60-6-65-32-100-50-75-80-42-83-92-43-76-59-74-99-30-35-14-89-18-91-56-62-7-82-86-48-24-46-23-29-57-38-53-27-37-44-67-96-77-72-71-66-98-95-45-26-87-68-64-17-58-94-8-73-78-97-36-20-52-13-34-19-90-84-69-15-88-49-41
Ta100x20,1,1,100,0.9625,0.025,5,2230105246,17000,6470,6286,5851,1.387706194,v2_avx512bw_vec32_exact_perm,47-22-25-24-35-33-84-10-99-100-74-5-31-40-3-48-67-59-93-62-32-44-83-4-61-54-16-85-21-65-89-34-77-17-18-79-30-94-80-9-82-53-1-98-55-42-20-78-72-19-66-11-51-12-2-91-81-73-46-39-76-58-50-95-60-36-6-57-41-37-96-26-86-28-63-29-45-14-43-71-92-87-64-88-8-23-56-75-90-52-97-68-49-70-38-69-7-13-15-27
Ta100x20,1,1,100,0.9625,0.025,6,2230106255,17000,6465,6286,5851,1.535782452,v2_avx512bw_vec32_exact_perm,54-22-33-35-83-100-10-4-9-55-11-40-5-48-25-21-82-6-39-85-71-1-81-78-65-60-94-79-77-46-16-56-61-72-42-37-99-76-32-12-49-30-80-51-59-18-86-74-14-44-28-19-62-45-3-91-27-23-20-95-63-47-87-26-7-57-73-70-31-89-17-34-15-98-68-92-96-75-64-2-97-93-67-58-24-50-53-29-36-88-69-90-38-43-66-84-8-13-52-41
Ta100x20,1,1,100,0.9625,0.025,7,2230107264,17000,6437,6286,5851,1.447977866,v2_avx512bw_vec32_exact_perm,54-78-22-35-74-31-81-12-82-55-33-51-53-10-3-25-40-93-1-91-83-5-77-48-79-16-32-61-90-21-80-99-14-59-44-76-11-50-62-28-9-24-6-43-30-2-56-88-89-71-58-67-100-69-45-96-17-20-98-19-72-42-46-66-39-85-60-87-23-94-57-65-18-86-97-37-68-34-70-7-4-36-15-75-73-8-13-92-29-84-52-47-95-64-27-26-63-38-49-41
Ta100x20,1,1,100,0.9625,0.025,8,2230108273,17000,6436,6286,5851,1.402107904,v2_avx512bw_vec32_exact_perm,54-78-81-22-82-31-35-66-99-55-74-79-32-51-90-80-46-100-37-48-21-39-5-40-12-76-70-89-83-71-93-53-4-65-33-3-59-44-85-60-25-61-1-57-30-11-94-16-72-92-9-56-43-67-91-6-10-63-20-29-8-2-77-23-62-86-50-15-98-18-45-19-75-14-47-73-13-36-26-96-28-87-24-97-68-88-34-7-49-95-42-58-84-64-17-38-27-69-52-41
Ta100x20,1,1,100,0.9625,0.025,9,2230109282,17000,6432,6286,5851,1.412900798,v2_avx512bw_vec32_exact_perm,22-54-33-59-47-25-35-78-40-83-74-79-28-81-77-10-76-89-4-34-46-32-45-62-48-44-14-99-60-56-43-5-21-6-85-82-3-51-18-98-94-31-90-53-37-80-65-24-61-71-12-70-20-29-2-9-42-93-38-88-67-58-19-73-100-26-96-16-91-30-15-84-55-23-95-8-87-86-17-39-63-69-64-72-11-92-52-1-27-75-36-13-50-7-57-49-97-68-66-41
Ta100x20,1,1,100,0.9625,0.025,10,2230110291,17000,6443,6286,5851,1.380132095,v2_avx512bw_vec32_exact_perm,47-78-82-59-62-79-54-33-60-22-1-35-94-83-55-24-86-4-45-65-21-93-80-32-51-61-91-43-100-16-6-9-39-69-71-56-81-31-74-3-40-44-28-98-2-67-25-85-97-46-75-5-18-29-48-12-99-53-10-50-30-20-96-77-37-58-63-76-90-8-64-19-14-36-57-88-34-89-70-17-42-26-15-23-87-11-95-27-72-49-92-7-13-84-52-68-73-38-66-41
Ta100x20,1,1,100,0.9625,0.05,1,2230101210,17000,6478,6286,5851,1.473104743,v2_avx512bw_vec32_exact_perm,54-78-22-79-47-5-55-32-6-90-9-1-53-3-51-41-11-10-40-31-82-48-16-70-85-23-59-76-44-83-33-56-93-74-35-12-89-60-99-80-24-81-62-73-100-57-61-46-21-71-17-98-92-77-67-29-94-38-30-37-96-68-2-43-97-64-14-58-50-8-18-7-4-95-45-34-91-13-65-15-86-19-88-72-42-20-39-26-28-49-87-27-63-36-84-69-75-66-52-25
Ta100x20,1,1,100,0.9625,0.05,2,2230102219,17000,6450,6286,5851,1.612903109,v2_avx512bw_vec32_exact_perm,79-54-55-78-47-81-60-76-82-59-65-3-22-28-1-14-10-46-33-74-5-83-35-21-6-36-100-48-40-12-25-9-4-97-90-23-85-11-53-94-75-56-20-18-39-61-80-51-63-99-93-16-44-24-45-42-70-62-43-13-32-71-30-67-91-96-37-34-17-2-77-58-29-15-86-68-64-57-92-87-73-8-88-31-98-19-27-26-89-66-95-7-50-49-72-69-38-84-52-41
Ta100x20,1,1,100,0.9625,0.05,3,2230103228,17000,6472,6286,5851,1.566026856,v2_avx512bw_vec32_exact_perm,54-22-78-79-35-55-81-84-100-4-74-3-9-76-5-71-32-65-83-1-16-70-61-99-85-33-21-6-10-82-40-44-60-48-47-12-66-80-43-46-58-67-86-28-91-17-18-49-90-34-75-63-39-88-77-29-2-11-37-62-64-30-51-95-45-59-53-98-93-56-23-13-57-96-72-8-94-24-31-89-26-73-15-14-19-92-42-20-87-27-36-38-25-68-52-69-97-7-50-41
Ta100x20,1,1,100,0.9625,0.05,4,2230104237,17000,6464,6286,5851,1.443616095,v2_avx512bw_vec32_exact_perm,22-54-78-47-1-83-10-40-25-79-82-65-3-21-50-33-46-48-16-81-12-51-53-11-88-44-41-6-31-28-89-59-2-80-9-24-56-76-84-61-70-52-35-86-39-57-55-60-93-4-45-85-19-20-96-17-23-5-38-15-8-73-90-14-99-62-100-63-30-32-72-34-26-42-94-75-98-68-67-18-58-91-37-87-74-97-95-36-49-77-66-43-64-71-69-29-13-92-7-27
Ta100x20,1,1,100,0.9625,0.05,5,2230105246,17000,6461,6286,5851,1.43009289,v2_avx512bw_vec32_exact_perm,22-79-54-41-78-1-16-82-83-21-59-31-53-99-51-4-81-33-18-60-32-25-86-10-6-28-47-48-14-12-89-65-3-50-76-40-11-23-91-80-5-74-61-52-84-30-71-46-9-56-88-2-29-27-94-55-64-37-57-36-44-35-66-85-92-45-98-15-93-38-8-70-68-73-96-58-20-43-39-87-67-95-75-77-72-62-24-100-69-19-63-7-42-13-26-97-17-34-90-49
Ta100x20,1,1,100,0.9625,0.05,6,2230106255,17000,6456,6286,5851,1.378789212,v2_avx512bw_vec32_exact_perm,54-78-22-79-5-55-33-81-35-74-83-60-76-21-93-90-31-82-51-1-16-47-94-88-6-10-80-12-65-3-100-89-85-25-4-23-86-56-46-36-48-20-30-62-99-61-63-70-9-42-45-29-43-26-32-28-98-67-59-57-44-39-41-72-75-11-2-27-24-73-92-40-18-71-69-96-53-7-38-14-77-64-37-19-8-91-50-52-87-17-58-97-68-34-95-13-66-15-84-49
Ta100x20,1,1,100,0.9625,0.05,7,2230107264,17000,6464,6286,5851,1.58965732,v2_avx512bw_vec32_exact_perm,78-22-79-47-54-33-59-76-48-39-81-82-16-10-1-11-53-5-74-62-56-35-40-6-37-15-55-70-12-91-36-25-24-63-2-65-21-61-20-45-4-99-83-58-29-94-77-9-42-31-51-80-71-50-3-18-86-46-60-26-88-30-100-97-13-93-44-98-57-67-90-75-27-68-23-32-34-19-85-28-92-87-43-8-95-14-7-69-89-96-52-72-17-64-49-84-73-38-66-41
Ta100x20,1,1,100,0.9625,0.05,8,2230108273,17000,6455,6286,5851,1.599788702,v2_avx512bw_vec32_exact_perm,79-22-54-33-100-81-31-76-90-51-59-40-80-47-82-83-5-74-61-25-35-9-55-4-21-56-75-94-32-65-16-6-10-11-96-64-62-30-91-27-37-72-44-57-12-1-14-85-46-3-60-50-86-70-19-8-66-45-71-92-77-18-15-29-24-73-39-20-58-2-63-99-97-68-95-7-48-26-93-42-98-28-87-88-23-13-34-17-67-53-89-78-52-36-84-43-69-38-49-41
Ta100x20,1,1,100,0.9625,0.05,9,2230109282,17000,6419,6286,5851,1.511505723,v2_avx512bw_vec32_exact_perm,54-59-31-81-22-33-100-76-10-35-1-21-25-65-32-48-40-82-55-9-79-43-91-66-39-89-80-61-20-92-45-74-46-4-83-62-90-93-3-51-42-77-60-30-5-88-37-86-44-19-16-23-28-67-71-6-98-53-99-63-18-85-12-11-94-72-2-24-84-15-97-47-70-56-17-14-8-78-34-29-57-26-87-50-69-96-38-7-49-64-27-58-73-68-13-75-36-95-52-41
Ta100x20,1,1,100,0.9625,0.05,10,2230110291,17000,6448,6286,5851,1.528656848,v2_avx512bw_vec32_exact_perm,78-25-22-4-83-54-55-74-47-79-35-81-80-76-82-10-44-85-59-30-93-53-33-63-48-40-1-21-18-3-61-91-12-75-9-51-96-57-71-46-97-60-6-14-90-16-92-67-24-77-32-39-17-43-86-70-99-66-62-19-64-28-5-37-8-42-2-29-94-11-87-31-100-23-20-45-65-56-95-34-13-15-72-26-68-98-49-84-58-88-36-52-27-89-73-38-50-69-7-41
Ta100x20,1,1,100,0.9625,0.075,1,2230101210,17000,6429,6286,5851,1.413719104,v2_avx512bw_vec32_exact_perm,54-83-21-82-78-81-22-33-28-100-9-16-74-1-53-11-76-5-59-80-55-6-36-25-86-3-71-51-2-79-31-56-94-40-99-18-24-35-12-75-47-60-48-85-65-42-37-70-61-62-32-34-30-10-93-57-63-91-39-67-4-43-38-46-45-98-27-23-29-44-13-20-26-90-8-89-73-92-66-14-96-50-15-88-77-58-97-87-17-69-19-72-84-7-95-52-68-64-49-41
Ta100x20,1,1,100,0.9625,0.075,2,2230102219,17000,6418,6286,5851,1.637398244,v2_avx512bw_vec32_exact_perm,54-78-79-3-10-33-81-90-22-35-85-40-4-83-5-21-37-65-41-45-6-61-99-76-59-28-63-9-25-12-30-82-1-53-47-80-74-58-93-31-50-86-48-60-11-70-18-100-16-51-92-42-94-29-46-62-75-56-23-57-55-44-32-96-34-84-19-20-89-72-43-66-95-77-15-39-24-91-13-67-17-49-71-14-2-36-26-98-87-73-38-7-88-64-27-69-97-68-52-8
Ta100x20,1,1,100,0.9625,0.075,3,2230103228,17000,6506,6286,5851,1.622233719,v2_avx512bw_vec32_exact_perm,79-22-25-24-3-82-35-55-93-78-40-6-8-100-74-80-4-46-51-16-59-31-1-28-21-91-47-18-32-83-81-48-43-29-30-76-54-9-71-45-87-67-33-95-37-56-60-98-96-5-61-70-12-99-17-86-73-11-2-68-97-58-94-85-75-44-53-14-38-57-26-90-89-92-20-7-77-88-23-10-84-62-50-34-19-15-27-69-66-39-63-49-64-72-42-65-13-36-52-41
Ta100x20,1,1,100,0.9625,0.075,4,2230104237,17000,6477,6286,5851,1.541885094,v2_avx512bw_vec32_exact_perm,54-59-22-33-82-81-16-78-10-76-93-90-47-3-60-51-62-74-46-1-24-94-4-53-40-6-65-80-12-100-29-35-21-66-89-27-32-44-85-39-91-70-37-28-9-55-48-96-86-79-31-98-56-87-11-38-67-18-43-95-61-30-73-99-19-34-63-8-2-14-36-5-83-58-17-45-50-77-15-57-23-84-92-71-97-68-49-52-13-88-75-42-69-26-20-64-72-7-25-41
Ta100x20,1,1,100,0.9625,0.075,5,2230105246,17000,6416,6286,5851,1.676916934,v2_avx512bw_vec32_exact_perm,54-78-79-33-90-22-74-35-81-10-84-100-65-73-76-56-89-1-40-82-83-4-25-59-30-21-48-16-6-3-61-19-11-18-31-39-37-63-51-32-43-55-12-86-44-80-85-5-93-66-46-2-72-38-96-34-60-17-67-24-98-70-45-29-28-88-62-47-9-57-15-53-14-91-58-87-42-99-20-94-8-23-27-92-71-64-95-97-26-75-77-7-13-68-52-69-50-49-36-41
Ta100x20,1,1,100,0.9625,0.075,6,2230106255,17000,6451,6286,5851,1.413592716,v2_avx512bw_vec32_exact_perm,22-54-55-33-100-25-48-59-79-9-31-5-85-3-10-74-46-47-62-94-35-66-76-51-70-44-83-4-21-81-1-32-28-60-6-67-98-27-14-12-11-45-58-99-19-80-29-50-24-56-16-82-92-43-72-15-20-2-93-37-36-39-95-52-61-23-40-91-30-18-17-97-65-89-84-90-86-57-42-69-88-34-78-75-7-87-53-96-71-13-73-8-63-26-68-64-38-49-77-41
Ta100x20,1,1,100,0.9625,0.075,7,2230107264,17000,6441,6286,5851,1.393570858,v2_avx512bw_vec32_exact_perm,54-55-78-81-74-82-25-65-22-3-79-83-91-12-28-93-30-2-76-89-100-21-99-84-56-1-33-24-63-16-10-23-62-40-6-36-85-51-71-70-48-7-80-5-61-77-59-44-35-66-98-11-31-20-43-94-18-32-60-73-86-39-46-14-87-37-17-57-47-34-53-96-4-67-27-19-9-15-69-50-95-29-58-45-26-75-68-90-88-97-92-52-42-72-13-8-64-38-49-41
Ta100x20,1,1,100,0.9625,0.075,8,2230108273,17000,6379,6286,5851,1.607781138,v2_avx512bw_vec32_exact_perm,54-22-78-79-33-59-10-82-21-35-55-60-91-74-40-6-65-1-56-11-48-83-31-38-61-80-93-81-4-44-85-16-94-51-30-62-32-28-9-45-100-99-46-37-12-53-71-76-39-70-68-25-86-96-3-66-50-24-75-58-67-18-57-42-92-89-87-43-20-97-77-34-19-2-23-27-98-13-36-29-88-64-17-8-72-5-26-63-84-73-69-47-15-14-90-52-95-7-49-41
Ta100x20,1,1,100,0.9625,0.075,9,2230109282,17000,6435,6286,5851,1.492042257,v2_avx512bw_vec32_exact_perm,78-22-33-10-47-51-53-1-82-74-83-4-79-55-89-91-12-9-56-25-59-30-3-54-65-62-94-37-90-35-31-57-81-40-99-21-70-29-5-48-68-7-16-80-85-93-19-39-60-43-63-87-58-76-100-46-24-66-45-11-50-6-32-75-61-2-86-88-67-95-23-20-98-18-73-71-26-34-42-17-96-64-15-77-14-13-8-97-44-28-72-92-27-36-49-69-84-38-52-41
Ta100x20,1,1,100,0.9625,0.075,10,2230110291,17000,6469,6286,5851,1.497866641,v2_avx512bw_vec32_exact_perm,54-22-79-1-35-10-4-9-80-28-93-100-40-78-21-11-82-61-33-3-60-77-81-76-99-42-63-73-62-51-24-48-31-59-55-98-39-44-16-70-85-91-94-74-83-12-36-89-32-27-34-20-30-46-84-6-71-17-57-58-49-67-96-86-38-69-43-2-53-29-45-19-75-47-37-26-15-14-5-87-56-68-95-92-41-18-8-23-97-90-88-52-50-65-13-64-66-72-7-25
Ta100x20,1,1,100,0.9625,0.1,1,2230101210,17000,6409,6286,5851,1.503625591,v2_avx512bw_vec32_exact_perm,22-54-78-79-47-28-25-32-51-10-40-6-21-12-33-81-84-82-1-61-58-53-83-48-62-30-55-71-5-89-46-11-85-4-43-93-2-77-9-37-31-44-80-38-74-70-60-27-76-86-19-72-57-59-42-99-67-18-94-29-35-7-50-20-92-65-73-39-17-96-15-24-100-16-23-13-98-45-56-3-8-66-63-75-36-14-26-97-91-90-88-34-87-95-68-52-49-69-64-41
Ta100x20,1,1,100,0.9625,0.1,2,2230102219,17000,6505,6286,5851,1.424183375,v2_avx512bw_vec32_exact_perm,79-35-22-55-3-24-47-83-10-16-31-1-11-70-74-12-28-76-82-33-81-39-61-40-54-18-62-21-91-9-25-94-30-32-51-48-93-53-4-8-85-59-43-23-46-45-96-57-60-27-99-5-2-88-86-38-100-50-80-65-49-29-42-69-20-90-26-89-7-6-63-44-13-36-75-14-15-92-73-71-67-77-37-64-56-58-98-84-66-72-17-87-34-95-52-97-19-68-78-41
Ta100x20,1,1,100,0.9625,0.1,3,2230103228,17000,6443,6286,5851,1.585303267,v2_avx512bw_vec32_exact_perm,22-79-54-10-76-5-74-21-33-25-59-39-35-37-30-82-73-93-90-16-2-91-83-12-3-24-32-78-48-50-81-62-70-18-40-89-31-51-53-11-71-6-36-1-28-94-20-34-92-75-43-96-88-9-77-55-98-45-46-42-15-99-87-17-86-19-4-61-14-57-23-67-8-80-58-56-100-29-65-95-66-44-60-84-64-47-63-72-85-26-49-27-69-52-68-13-97-38-7-41
Ta100x20,1,1,100,0.9625,0.1,4,2230104237,17000,6471,6286,5851,1.450348827,v2_avx512bw_vec32_exact_perm,79-22-54-33-81-3-1-84-41-82-65-100-16-21-78-55-59-6-47-60-86-12-35-40-10-28-74-96-14-80-51-24-61-4-39-37-50-62-30-76-45-99-70-20-46-48-32-93-34-18-91-57-43-94-23-29-17-44-11-53-83-89-25-5-67-68-72-98-87-31-90-58-73-85-56-8-95-66-15-19-88-26-97-75-2-52-38-63-69-71-36-49-9-77-64-42-13-92-7-27
Ta100x20,1,1,100,0.9625,0.1,5,2230105246,17000,6430,6286,5851,1.406697552,v2_avx512bw_vec32_exact_perm,54-22-78-79-33-35-76-93-89-80-100-21-10-85-1-36-81-4-60-40-12-59-3-19-83-25-92-74-28-24-29-82-65-96-16-56-55-90-75-37-39-9-5-86-46-45-57-18-44-38-63-47-48-23-94-62-51-53-11-31-61-20-6-72-88-42-17-52-14-91-30-13-50-58-15-26-43-32-77-97-67-99-87-27-98-49-2-7-95-68-34-70-64-71-73-8-84-69-66-41
Ta100x20,1,1,100,0.9625,0.1,6,2230106255,17000,6384,6286,5851,1.450494264,v2_avx512bw_vec32_exact_perm,22-54-1-78-79-3-33-81-24-50-10-65-48-40-82-83-12-86-6-21-47-44-70-60-2-76-67-91-94-74-28-93-19-62-80-59-55-100-30-5-16-61-39-32-45-77-85-37-9-46-31-20-90-34-96-17-89-64-35-66-51-14-53-92-43-71-11-49-4-7-42-57-18-15-99-58-68-75-88-87-95-23-27-29-97-72-63-26-38-52-8-13-73-56-84-69-98-36-25-41
Ta100x20,1,1,100,0.9625,0.1,7,2230107264,17000,6477,6286,5851,1.406218055,v2_avx512bw_vec32_exact_perm,47-59-22-54-1-66-25-81-79-55-74-35-5-21-76-33-3-40-60-67-39-10-65-4-43-20-58-62-86-70-31-99-89-83-44-75-32-68-53-61-80-18-48-8-91-15-12-30-37-96-46-16-51-29-23-56-88-9-19-85-82-2-93-34-28-49-64-17-24-90-72-97-50-6-98-63-11-41-57-26-87-45-13-77-100-94-27-14-69-36-71-92-84-73-7-95-38-52-42-78
Ta100x20,1,1,100,0.9625,0.1,8,2230108273,17000,6400,6286,5851,1.424820749,v2_avx512bw_vec32_exact_perm,54-78-22-79-3-33-35-76-83-82-25-59-65-21-10-55-44-30-2-91-37-80-90-12-81-51-62-100-31-89-94-28-93-61-9-40-4-42-87-73-92-29-71-23-85-84-63-39-98-5-8-53-74-18-57-60-48-11-70-56-16-6-24-27-20-96-58-45-32-99-77-97-46-1-68-75-86-36-95-66-19-67-64-69-72-50-88-26-15-47-14-38-52-17-34-43-13-7-49-41
Ta100x20,1,1,100,0.9625,0.1,9,2230109282,17000,6458,6286,5851,1.577516558,v2_avx512bw_vec32_exact_perm,22-54-78-55-33-81-82-79-21-3-76-48-46-89-85-60-83-35-12-99-74-10-62-51-94-31-91-40-6-5-30-16-56-65-50-80-71-93-61-32-18-39-29-43-66-24-23-75-37-19-1-9-42-67-4-100-53-96-20-90-58-28-63-59-11-77-69-73-15-26-2-17-45-86-70-7-8-87-13-97-47-34-95-98-14-57-92-36-25-44-49-84-64-27-68-88-72-38-52-41
Ta100x20,1,1,100,0.9625,0.1,10,2230110291,17000,6475,6286,5851,1.382226649,v2_avx512bw_vec32_exact_perm,54-22-21-59-47-76-79-35-55-65-91-82-16-83-3-81-33-10-41-5-71-9-63-31-100-6-51-62-40-92-61-57-73-20-70-96-17-89-30-80-93-99-53-24-77-29-32-1-43-38-11-23-50-34-8-48-12-97-2-28-88-26-45-36-37-25-98-42-87-58-56-74-69-39-15-44-75-94-85-46-19-86-67-4-60-27-14-90-13-68-52-18-95-7-72-84-49-64-66-78
Ta100x20,1,1,100,0.9625,0.125,1,2230101210,17000,6395,6286,5851,1.43620821,v2_avx512bw_vec32_exact_perm,54-78-33-82-22-10-86-70-18-25-47-4-60-1-65-59-39-76-81-73-35-31-74-53-99-21-50-96-3-83-91-79-61-16-58-90-56-28-87-93-38-40-23-100-80-71-46-9-85-5-67-62-66-37-30-32-43-6-94-55-34-42-89-17-20-64-19-75-97-92-63-11-2-51-12-45-24-36-57-48-88-8-13-44-14-84-29-72-68-98-95-7-77-52-69-26-15-27-49-41
Ta100x20,1,1,100,0.9625,0.125,2,2230102219,17000,6505,6286,5851,1.438946142,v2_avx512bw_vec32_exact_perm,79-33-82-22-78-30-60-54-93-10-28-65-59-31-85-89-53-21-51-1-11-55-35-76-81-39-56-74-99-48-83-5-68-45-14-91-96-100-16-67-3-50-6-40-25-47-9-4-77-61-97-44-57-20-2-70-36-98-62-75-58-43-94-18-27-92-29-80-46-72-86-63-7-32-8-90-52-12-19-24-41-38-42-37-23-17-34-13-64-71-87-88-95-73-26-66-84-69-15-49
Ta100x20,1,1,100,0.9625,0.125,3,2230103228,17000,6438,6286,5851,1.402674106,v2_avx512bw_vec32_exact_perm,54-22-79-35-55-78-81-2-1-60-33-83-56-9-25-5-16-40-21-31-6-10-42-98-32-46-29-65-80-91-61-28-89-51-82-76-93-39-59-3-50-30-37-92-45-48-12-43-99-74-84-96-58-62-17-66-86-70-71-53-44-85-72-75-18-24-100-4-63-57-67-94-8-11-90-73-23-88-20-36-77-15-26-13-14-47-97-7-49-34-19-95-69-38-87-52-64-27-68-41
Ta100x20,1,1,100,0.9625,0.125,4,2230104237,17000,6451,6286,5851,1.526180088,v2_avx512bw_vec32_exact_perm,54-78-22-79-4-55-3-82-16-59-5-37-1-99-83-33-44-25-89-74-35-76-10-19-39-9-40-88-51-31-28-6-20-61-81-30-62-91-77-86-14-2-43-60-18-100-32-57-34-65-17-45-21-90-98-87-42-13-48-15-46-8-97-50-92-73-11-70-27-38-66-23-80-71-26-24-12-58-85-53-93-96-63-67-69-36-75-56-95-29-94-84-47-64-49-72-7-52-68-41
Ta100x20,1,1,100,0.9625,0.125,5,2230105246,17000,6395,6286,5851,1.393899485,v2_avx512bw_vec32_exact_perm,54-22-79-35-55-65-3-56-81-1-28-82-83-78-84-4-51-47-25-40-59-21-61-92-80-18-89-11-12-77-10-24-30-62-74-90-53-97-93-48-57-67-23-71-9-63-39-85-20-70-16-31-60-5-91-94-43-96-6-29-33-46-66-32-45-50-87-76-34-19-99-37-64-75-68-2-100-42-95-52-58-17-36-86-88-44-14-73-26-38-8-98-72-27-69-15-49-13-7-41
Ta100x20,1,1,100,0.9625,0.125,6,2230106255,17000,6441,6286,5851,1.394754666,v2_avx512bw_vec32_exact_perm,22-54-78-47-25-51-33-10-82-83-35-93-76-32-81-21-68-3-85-90-40-79-5-16-84-74-43-59-4-46-45-60-6-100-65-80-61-91-57-12-55-9-28-71-24-99-63-18-30-44-2-86-48-31-94-98-70-62-17-67-11-73-29-72-13-34-39-20-1-75-8-53-88-23-56-87-26-36-95-89-27-42-69-15-37-92-50-96-7-49-64-14-77-66-19-58-97-38-52-41
Ta100x20,1,1,100,0.9625,0.125,7,2230107264,17000,6450,6286,5851,1.35853391,v2_avx512bw_vec32_exact_perm,22-79-54-55-33-10-51-4-9-82-78-85-48-21-6-2-60-74-83-5-12-100-40-35-99-61-25-81-39-16-14-71-3-65-1-24-53-94-28-18-47-44-37-80-59-42-62-89-86-31-32-11-70-50-64-98-57-93-63-76-19-30-77-8-67-58-95-73-56-46-29-20-23-84-91-66-72-17-15-68-38-92-49-7-45-69-96-34-43-75-13-27-26-87-97-36-88-90-52-41
Ta100x20,1,1,100,0.9625,0.125,8,2230108273,17000,6433,6286,5851,1.325181928,v2_avx512bw_vec32_exact_perm,22-47-33-90-66-48-74-79-83-21-93-82-31-28-10-40-25-65-80-59-81-12-35-61-11-76-4-14-51-3-56-71-53-94-8-9-5-55-1-85-44-96-16-99-24-45-23-37-43-60-20-78-6-100-2-58-15-34-42-87-17-62-54-89-18-86-91-92-67-29-30-52-39-32-68-70-73-46-98-19-63-84-64-77-7-88-72-50-95-57-36-69-75-27-13-26-97-38-49-41
Ta100x20,1,1,100,0.9625,0.125,9,2230109282,17000,6455,6286,5851,1.338908922,v2_avx512bw_vec32_exact_perm,22-79-54-10-78-83-82-35-55-1-25-9-93-94-33-28-21-47-24-70-6-40-48-59-60-77-4-37-56-14-31-11-61-80-50-89-29-12-46-99-91-53-85-81-30-34-87-2-16-64-67-38-18-76-98-74-72-44-73-62-5-20-3-39-32-27-63-65-88-51-96-100-7-75-57-23-45-17-58-66-84-97-42-26-68-86-13-92-71-95-36-43-69-90-15-52-19-8-49-41
Ta100x20,1,1,100,0.9625,0.125,10,2230110291,17000,6438,6286,5851,1.201152574,v2_avx512bw_vec32_exact_perm,22-54-47-33-90-16-83-55-81-4-21-60-28-93-76-1-82-99-79-45-10-40-25-3-74-12-51-65-38-89-53-31-59-91-68-80-6-41-100-11-5-73-18-32-44-66-85-46-97-48-96-57-61-35-9-70-34-37-71-67-23-56-84-62-24-29-87-50-98-14-39-15-43-58-17-94-30-20-69-19-77-36-88-63-8-92-75-72-42-7-95-27-2-86-13-26-52-64-49-78
Ta100x20,1,1,100,1,0.025,1,2230101210,17000,6485,6286,5851,1.629571774,v2_avx512bw_vec32_exact_perm,47-22-33-59-41-54-5-65-48-16-76-25-93-21-3-1-39-10-51-82-40-79-23-62-53-71-72-50-19-81-31-80-100-83-12-74-11-57-35-24-32-28-60-6-63-99-61-46-85-73-8-91-95-67-55-98-89-27-44-87-9-96-2-34-18-88-45-77-97-86-36-37-70-4-7-29-94-26-43-17-15-69-14-64-56-58-20-30-92-84-42-75-90-52-13-68-66-38-49-78
Ta100x20,1,1,100,1,0.025,2,2230102219,17000,6469,6286,5851,1.514909908,v2_avx512bw_vec32_exact_perm,79-22-54-33-35-83-5-16-3-74-91-60-48-82-21-81-76-65-52-10-42-80-61-89-6-88-40-18-24-31-55-28-93-29-44-90-37-96-100-58-67-12-34-19-57-94-99-46-39-41-23-53-85-20-59-25-9-73-4-50-11-47-62-70-56-86-75-2-64-17-30-13-51-32-15-8-1-72-27-92-98-36-95-45-69-14-71-7-49-26-84-66-43-63-77-87-97-38-68-78
Ta100x20,1,1,100,1,0.025,3,2230103228,17000,6513,6286,5851,1.435419593,v2_avx512bw_vec32_exact_perm,1-59-78-22-33-54-35-41-51-18-76-5-40-91-55-21-6-82-37-99-94-77-71-16-46-3-83-30-44-60-56-80-88-12-11-89-97-100-45-93-31-48-32-53-74-25-98-39-84-24-10-65-75-95-34-58-50-47-2-67-70-9-85-66-43-4-81-63-79-42-29-17-64-14-19-72-62-28-7-57-20-92-61-96-8-87-73-26-23-15-86-52-68-13-27-69-38-49-36-90
Ta100x20,1,1,100,1,0.025,4,2230104237,17000,6527,6286,5851,1.433756488,v2_avx512bw_vec32_exact_perm,78-79-22-33-31-51-89-83-1-54-76-81-28-5-25-87-98-77-63-3-40-43-6-9-10-12-16-55-91-24-47-70-74-35-93-80-50-62-2-85-29-46-21-60-82-57-34-75-71-18-32-8-30-48-65-95-23-41-86-17-4-36-56-88-99-94-39-14-61-7-38-20-67-73-92-96-53-11-59-100-72-97-26-44-37-45-52-13-15-19-68-58-27-90-69-66-84-64-42-49
Ta100x20,1,1,100,1,0.025,5,2230105246,17000,6506,6286,5851,1.451387493,v2_avx512bw_vec32_exact_perm,47-22-54-82-21-79-33-10-9-74-35-31-76-32-65-80-81-48-83-5-55-28-89-24-67-59-18-4-1-44-53-69-51-84-3-90-40-93-58-100-98-62-61-41-57-11-12-60-6-63-30-39-85-50-91-92-16-70-97-20-2-7-45-56-78-15-77-19-37-96-66-68-86-43-46-75-72-17-49-71-14-73-8-29-99-94-88-23-95-34-42-13-26-36-38-52-87-64-27-25
Ta100x20,1,1,100,1,0.025,6,2230106255,17000,6483,6286,5851,1.622738014,v2_avx512bw_vec32_exact_perm,78-33-59-1-54-65-66-32-70-25-21-28-4-93-81-16-18-82-31-74-94-51-3-48-79-14-80-56-62-24-89-61-100-76-35-23-85-9-91-12-83-5-44-40-10-67-22-2-57-71-46-37-86-30-90-45-69-19-7-17-96-55-47-73-92-15-97-11-20-77-95-58-60-99-43-53-50-26-98-72-75-42-63-6-8-88-34-29-39-87-68-13-52-36-38-84-64-27-49-41
Ta100x20,1,1,100,1,0.025,7,2230107264,17000,6451,6286,5851,1.595501958,v2_avx512bw_vec32_exact_perm,22-54-55-78-47-21-51-33-32-81-65-59-16-1-28-70-48-79-35-10-61-12-99-24-62-45-40-91-56-83-93-17-9-39-89-18-60-5-100-44-57-74-46-53-37-25-96-98-31-63-66-6-68-80-76-30-11-75-82-86-94-67-4-84-29-50-58-43-23-19-88-15-8-14-3-85-36-49-92-41-95-71-69-90-97-73-87-26-42-20-72-2-34-13-77-7-38-52-64-27
Ta100x20,1,1,100,1,0.025,8,2230108273,17000,6468,6286,5851,1.580014785,v2_avx512bw_vec32_exact_perm,22-59-33-81-54-41-82-32-83-79-51-4-60-28-40-35-74-93-53-76-6-100-21-65-71-2-66-25-1-88-30-45-3-91-61-85-14-44-48-86-43-11-10-16-5-70-12-55-9-56-80-58-50-90-62-31-98-99-15-8-89-46-94-73-39-47-13-67-87-37-29-34-17-92-63-23-84-57-64-18-24-20-19-69-26-97-42-75-27-96-72-7-49-95-36-77-38-52-68-78
Ta100x20,1,1,100,1,0.025,9,2230109282,17000,6527,6286,5851,1.700138035,v2_avx512bw_vec32_exact_perm,54-22-4-33-10-55-82-21-59-32-57-25-5-81-83-66-35-51-92-12-89-80-99-24-74-47-70-28-60-100-88-46-53-93-20-56-3-44-94-11-43-30-79-85-16-39-2-61-72-76-37-31-26-40-6-15-65-42-87-9-38-27-91-63-96-23-98-48-84-36-19-17-73-13-34-18-97-95-1-62-90-14-29-67-77-86-64-50-58-45-75-8-49-68-78-69-71-7-52-41
Ta100x20,1,1,100,1,0.025,10,2230110291,17000,6444,6286,5851,1.920981303,v2_avx512bw_vec32_exact_perm,54-22-1-33-100-55-59-5-16-82-12-3-79-10-92-88-39-9-28-81-31-80-74-24-29-65-35-47-37-45-67-78-63-21-18-71-85-44-70-41-32-51-6-48-40-23-11-76-90-4-83-30-56-60-99-20-84-34-61-46-2-53-89-91-27-93-98-77-96-58-38-94-43-73-72-62-17-86-14-75-68-64-42-19-57-26-15-8-95-66-69-87-97-7-50-13-49-36-52-25
Ta100x20,1,1,100,1,0.05,1,2230101210,17000,6441,6286,5851,1.63132849,v2_avx512bw_vec32_exact_perm,22-54-55-33-51-32-1-76-59-79-90-88-16-6-47-41-5-21-83-91-40-35-81-78-10-82-12-30-62-94-57-92-8-70-74-100-42-67-2-3-61-20-48-23-28-31-99-37-44-80-39-46-66-18-34-89-29-56-11-9-53-73-71-95-93-85-84-43-58-96-15-77-24-65-87-4-98-60-45-14-68-64-25-72-17-86-69-19-38-7-63-97-26-50-75-13-49-52-36-27
Ta100x20,1,1,100,1,0.05,2,2230102219,17000,6467,6286,5851,1.443281697,v2_avx512bw_vec32_exact_perm,22-79-54-33-59-3-25-82-89-28-77-100-93-5-16-76-9-48-10-21-31-74-70-47-19-40-39-4-78-6-80-63-11-60-85-35-50-61-1-65-12-75-99-18-24-83-32-44-14-57-91-94-67-42-37-46-71-90-72-62-53-51-20-81-45-17-92-36-73-96-38-98-27-58-34-30-2-66-95-55-8-49-87-23-88-56-69-15-86-68-7-43-13-29-26-97-84-64-52-41
Ta100x20,1,1,100,1,0.05,3,2230103228,17000,6399,6286,5851,1.383761456,v2_avx512bw_vec32_exact_perm,54-22-78-33-81-51-59-35-83-55-16-65-12-99-60-1-91-82-79-100-40-74-44-28-6-21-9-76-53-47-10-90-25-45-86-18-31-48-37-80-34-71-36-70-24-20-2-4-63-96-75-27-23-67-57-11-3-93-61-32-85-94-5-29-39-49-56-88-62-30-87-15-68-98-77-89-46-72-69-84-50-58-17-43-97-64-8-66-14-19-42-92-7-95-52-38-73-13-26-41
Ta100x20,1,1,100,1,0.05,4,2230104237,17000,6458,6286,5851,1.714468274,v2_avx512bw_vec32_exact_perm,22-54-78-21-79-55-1-33-81-51-62-59-36-35-74-53-47-40-25-4-9-28-61-6-76-58-82-80-8-66-10-44-45-70-85-2-83-24-16-71-46-37-39-48-14-12-56-3-94-99-100-65-20-91-41-77-15-50-5-87-23-43-11-13-86-92-67-60-57-18-98-90-93-7-63-17-30-19-88-52-31-96-69-89-73-29-34-95-26-97-42-75-32-72-84-68-38-64-27-49
Ta100x20,1,1,100,1,0.05,5,2230105246,17000,6414,6286,5851,1.688402206,v2_avx512bw_vec32_exact_perm,22-54-78-21-33-59-55-5-81-12-28-9-99-82-83-94-60-25-100-35-74-6-85-75-79-31-3-61-32-76-51-1-40-46-93-39-62-47-48-16-53-89-24-23-67-45-17-37-71-30-88-72-4-86-70-43-36-57-18-20-73-11-91-90-10-68-26-7-95-66-96-15-56-97-50-77-65-98-63-80-8-58-2-34-87-42-14-29-44-84-52-38-69-19-92-64-27-49-13-41
Ta100x20,1,1,100,1,0.05,6,2230106255,17000,6438,6286,5851,1.539379222,v2_avx512bw_vec32_exact_perm,22-54-55-33-81-35-83-82-41-78-10-79-74-5-47-16-65-59-62-43-3-76-99-12-100-31-80-24-40-23-11-25-28-37-6-72-20-44-88-94-57-70-61-39-21-91-93-53-48-29-18-46-51-71-2-60-1-92-14-15-77-34-32-67-96-85-75-30-17-58-45-63-86-4-87-26-42-66-64-89-8-68-73-56-98-13-49-19-9-84-52-38-36-95-69-97-50-90-7-27
Ta100x20,1,1,100,1,0.05,7,2230107264,17000,6436,6286,5851,1.464674624,v2_avx512bw_vec32_exact_perm,78-22-54-79-10-3-25-1-100-16-21-91-85-35-81-74-56-30-80-47-93-53-40-82-51-2-61-12-33-60-89-6-32-83-50-76-24-96-48-5-37-43-77-58-42-55-23-28-59-9-46-98-34-67-18-57-94-39-8-63-4-72-27-11-62-70-68-69-29-71-87-95-97-44-99-31-88-45-20-75-65-90-17-64-14-52-13-92-86-19-66-36-84-73-38-26-15-49-7-41
Ta100x20,1,1,100,1,0.05,8,2230108273,17000,6456,6286,5851,1.457568934,v2_avx512bw_vec32_exact_perm,54-22-59-31-33-10-51-78-9-62-5-35-83-55-71-47-1-65-6-40-61-32-25-48-46-21-79-67-56-37-30-80-4-45-39-74-72-85-99-12-75-19-81-2-27-24-44-3-73-100-43-28-11-76-94-82-16-70-17-96-97-91-14-89-8-98-18-53-86-87-42-60-93-77-23-20-90-57-84-7-69-63-26-66-64-29-68-95-15-50-58-13-36-92-52-88-34-38-49-41
Ta100x20,1,1,100,1,0.05,9,2230109282,17000,6479,6286,5851,1.534067763,v2_avx512bw_vec32_exact_perm,47-82-78-59-22-16-79-33-10-21-32-6-55-60-84-100-30-46-76-50-3-39-99-51-1-81-48-53-85-19-4-12-74-65-94-54-83-5-58-43-86-2-89-66-70-56-91-9-88-61-80-93-44-27-72-62-35-75-57-31-24-34-45-63-37-98-11-18-67-25-23-17-20-90-42-92-87-73-7-95-71-14-40-36-96-64-38-8-26-97-28-49-69-15-77-29-68-13-52-41
Ta100x20,1,1,100,1,0.05,10,2230110291,17000,6418,6286,5851,1.629025128,v2_avx512bw_vec32_exact_perm,54-78-81-22-33-10-82-62-100-24-55-48-74-30-4-59-90-65-21-3-40-2-83-1-60-12-35-99-76-51-61-92-88-11-80-38-25-93-9-79-73-56-39-71-89-43-47-94-70-27-16-31-86-18-26-98-42-32-20-46-53-6-23-28-66-37-44-45-91-17-96-72-15-14-85-5-36-95-75-34-19-57-77-58-63-67-84-29-87-97-68-52-13-69-7-64-8-50-49-41
Ta100x20,1,1,100,1,0.075,1,2230101210,17000,6387,6286,5851,1.676603108,v2_avx512bw_vec32_exact_perm,22-54-59-55-78-79-33-10-82-9-35-74-19-40-1-3-80-93-76-39-90-51-16-5-83-4-65-21-84-31-81-100-25-68-12-72-45-66-92-20-46-15-91-37-30-50-32-43-2-11-61-62-70-85-44-86-94-28-29-6-60-75-77-56-96-24-63-69-23-47-67-89-57-18-98-27-58-53-14-48-71-36-26-73-17-97-42-13-8-64-88-99-38-52-87-34-95-7-49-41
Ta100x20,1,1,100,1,0.075,2,2230102219,17000,6496,6286,5851,1.545856545,v2_avx512bw_vec32_exact_perm,79-54-22-82-33-10-35-74-31-81-48-56-62-83-5-25-21-47-2-40-4-89-60-44-59-85-30-28-92-9-75-88-61-46-16-18-76-91-42-100-80-65-71-29-86-6-95-7-1-3-45-55-94-34-68-99-73-32-51-90-12-11-37-17-39-72-69-15-63-20-43-93-96-58-23-27-24-53-19-67-97-26-98-87-84-70-57-8-36-49-52-77-14-38-66-64-13-50-78-41
Ta100x20,1,1,100,1,0.075,3,2230103228,17000,6459,6286,5851,1.595768362,v2_avx512bw_vec32_exact_perm,22-54-25-33-100-81-31-59-60-82-40-79-46-1-55-65-35-99-16-32-28-83-5-12-21-10-20-2-23-76-3-44-51-74-49-39-57-63-34-78-9-45-80-93-90-85-66-24-61-91-43-96-70-89-14-48-67-58-37-17-6-15-50-62-98-30-4-18-29-94-11-53-19-86-69-87-88-71-36-92-8-75-84-97-42-95-7-72-56-27-26-13-73-47-77-38-52-68-64-41
Ta100x20,1,1,100,1,0.075,4,2230104237,17000,6451,6286,5851,1.582950447,v2_avx512bw_vec32_exact_perm,54-78-25-82-3-22-93-31-100-33-81-10-90-40-79-16-35-56-76-18-1-11-91-83-21-55-48-9-42-62-28-32-61-30-19-80-39-5-85-45-74-20-65-77-98-51-12-60-2-50-58-46-66-6-71-84-36-59-67-95-92-29-89-73-43-64-47-94-37-69-44-57-99-15-53-70-8-96-72-17-14-34-87-97-88-26-27-4-23-68-75-63-86-13-7-38-52-24-49-41
Ta100x20,1,1,100,1,0.075,5,2230105246,17000,6426,6286,5851,1.592725241,v2_avx512bw_vec32_exact_perm,54-78-81-22-35-31-28-99-25-100-44-63-3-33-83-74-9-53-10-65-82-80-93-86-55-92-79-61-30-32-48-59-42-16-70-40-6-11-85-23-19-88-12-43-60-51-4-21-90-84-24-20-18-5-62-97-46-57-58-67-1-71-2-45-52-76-36-89-56-26-39-98-27-75-77-72-69-7-95-17-29-14-91-68-96-15-37-87-94-73-47-66-34-13-64-8-50-49-38-41
Ta100x20,1,1,100,1,0.075,6,2230106255,17000,6448,6286,5851,1.606139718,v2_avx512bw_vec32_exact_perm,79-22-54-33-10-46-16-12-81-76-35-3-51-74-78-83-59-31-25-9-47-5-40-28-21-70-32-65-61-55-80-44-73-19-99-56-89-96-6-60-100-45-1-7-4-48-62-98-82-53-14-85-71-15-94-18-11-92-97-23-77-64-24-20-30-39-49-37-91-50-58-2-67-43-13-34-29-42-87-17-86-90-88-8-63-69-36-95-75-72-38-57-93-26-27-66-84-68-52-41
Ta100x20,1,1,100,1,0.075,7,2230107264,17000,6435,6286,5851,1.630174309,v2_avx512bw_vec32_exact_perm,47-22-54-33-82-79-35-76-28-32-83-81-61-31-14-91-10-40-53-25-74-93-1-3-98-78-80-44-51-89-75-36-85-63-24-2-65-56-21-94-30-18-48-42-55-11-62-100-4-60-86-70-20-71-5-59-23-16-45-17-92-67-39-15-77-57-43-87-66-6-99-37-12-38-96-97-8-26-95-52-69-90-46-73-34-84-29-49-19-9-68-88-64-72-27-58-50-13-7-41
Ta100x20,1,1,100,1,0.075,8,2230108273,17000,6452,6286,5851,1.51214681,v2_avx512bw_vec32_exact_perm,79-33-22-82-89-78-76-83-35-46-1-16-9-25-10-31-85-86-3-56-54-21-48-93-81-12-71-4-30-65-60-80-50-74-39-11-94-2-55-62-73-29-63-84-99-98-61-24-44-72-53-32-77-100-20-34-70-59-68-36-37-5-18-57-96-15-14-43-97-58-28-91-19-67-17-40-6-8-23-88-75-42-27-38-26-87-66-95-69-90-52-45-47-13-92-64-51-7-49-41
Ta100x20,1,1,100,1,0.075,9,2230109282,17000,6419,6286,5851,1.600743828,v2_avx512bw_vec32_exact_perm,22-54-55-33-59-78-21-10-51-4-82-9-76-83-35-48-25-73-46-99-79-61-80-11-24-1-58-50-40-16-70-93-56-91-74-2-81-31-100-44-43-57-18-17-62-89-3-34-45-5-85-60-53-6-77-20-23-12-71-87-30-88-67-29-32-98-39-63-84-26-28-65-37-96-86-19-72-66-75-90-42-92-15-14-38-95-7-49-36-97-94-47-52-68-13-8-64-27-69-41
Ta100x20,1,1,100,1,0.075,10,2230110291,17000,6434,6286,5851,1.52294195,v2_avx512bw_vec32_exact_perm,79-22-54-86-55-25-82-65-59-35-33-100-21-53-93-74-48-10-62-40-6-31-24-71-81-43-70-12-60-77-1-99-58-56-63-83-30-89-61-14-39-32-76-28-9-4-45-46-85-29-34-80-23-67-98-91-11-38-27-5-37-2-18-51-96-57-97-44-84-47-50-3-16-94-78-26-42-8-69-15-17-87-72-73-92-20-7-90-95-52-68-88-64-19-75-13-36-49-66-41
Ta100x20,1,1,100,1,0.1,1,2230101210,17000,6474,6286,5851,1.586108836,v2_avx512bw_vec32_exact_perm,79-33-78-89-22-47-16-82-6-60-1-40-35-55-83-81-25-65-12-21-56-30-3-94-54-74-76-51-10-99-46-63-77-70-85-59-45-24-32-61-39-19-14-48-17-11-4-41-53-72-20-44-37-5-43-96-36-75-57-84-58-2-27-31-93-50-80-66-9-42-18-62-98-26-97-100-91-67-23-15-71-28-86-13-8-92-87-73-69-7-34-90-95-64-29-68-88-52-38-49
Ta100x20,1,1,100,1,0.1,2,2230102219,17000,6433,6286,5851,1.488769838,v2_avx512bw_vec32_exact_perm,79-33-81-22-82-3-1-100-78-9-83-55-65-10-61-30-32-74-24-18-40-43-23-76-48-72-8-80-51-44-28-58-59-62-31-54-89-85-93-21-5-12-86-50-2-53-67-25-66-47-6-15-57-35-45-4-7-20-92-71-99-16-94-70-38-17-96-73-29-46-11-60-49-63-56-34-77-13-52-90-19-37-39-75-97-68-95-14-98-36-88-91-87-26-42-84-64-27-69-41
Ta100x20,1,1,100,1,0.1,3,2230103228,17000,6477,6286,5851,1.612904052,v2_avx512bw_vec32_exact_perm,79-22-54-5-31-51-82-16-47-1-70-83-21-78-99-59-33-55-48-77-10-40-6-60-74-35-81-4-42-18-29-94-11-53-85-93-44-96-41-3-76-28-61-32-30-80-24-71-9-65-88-34-12-87-37-98-63-39-2-25-45-67-91-23-100-62-89-15-14-8-19-73-56-58-26-86-43-17-95-97-68-46-64-72-57-20-75-13-36-92-38-50-66-90-52-84-69-7-27-49
Ta100x20,1,1,100,1,0.1,4,2230104237,17000,6444,6286,5851,1.72201816,v2_avx512bw_vec32_exact_perm,54-22-79-33-28-81-82-62-35-83-93-1-3-78-51-76-21-46-48-53-29-25-59-9-91-10-11-50-30-80-56-65-89-37-39-40-4-74-70-60-15-71-2-24-92-61-16-45-31-5-84-63-85-23-96-99-55-94-100-97-44-41-8-57-20-6-14-98-42-68-18-58-12-32-75-43-77-72-66-17-34-19-88-26-13-7-86-90-67-49-95-87-73-36-69-47-52-38-64-27
Ta100x20,1,1,100,1,0.1,5,2230105246,17000,6488,6286,5851,1.523660224,v2_avx512bw_vec32_exact_perm,54-22-47-10-33-82-53-65-25-89-9-35-83-37-5-55-59-39-79-76-3-51-32-56-84-80-100-40-61-1-81-30-12-21-6-42-97-4-99-41-11-73-19-36-27-57-18-94-48-29-62-93-31-45-86-91-74-16-46-23-60-71-28-92-20-2-98-67-15-90-14-96-17-34-87-24-69-44-88-72-68-26-63-58-43-70-85-75-77-66-64-8-13-7-38-50-95-52-49-78
Ta100x20,1,1,100,1,0.1,6,2230106255,17000,6410,6286,5851,1.719522177,v2_avx512bw_vec32_exact_perm,22-54-55-33-81-10-1-35-76-5-3-60-40-93-78-83-47-21-82-62-61-48-6-24-30-80-74-18-32-51-28-9-71-56-79-4-8-86-70-57-53-91-50-65-2-37-90-25-73-11-77-66-88-96-23-85-34-58-59-44-27-46-100-31-20-43-63-72-75-29-39-16-92-42-95-99-7-12-89-67-13-45-26-97-19-38-14-98-87-68-52-36-94-69-64-17-15-84-49-41
Ta100x20,1,1,100,1,0.1,7,2230107264,17000,6442,6286,5851,1.558116027,v2_avx512bw_vec32_exact_perm,54-22-78-33-81-28-21-83-89-85-35-65-10-61-79-53-3-51-82-40-55-6-59-62-4-9-32-86-90-76-11-100-80-5-18-41-68-48-75-46-31-45-34-88-74-24-98-2-70-20-30-60-56-25-16-93-12-23-94-47-26-42-29-1-57-63-71-15-14-39-50-92-58-43-37-96-19-8-13-44-73-97-99-36-95-91-27-87-67-17-49-69-52-38-64-72-66-84-77-7
Ta100x20,1,1,100,1,0.1,8,2230108273,17000,6424,6286,5851,1.456787575,v2_avx512bw_vec32_exact_perm,47-82-22-1-33-10-84-79-41-5-85-74-9-35-21-56-31-81-6-55-40-44-53-71-18-39-3-91-8-88-83-61-65-59-76-30-25-48-73-46-60-93-54-4-23-80-89-63-43-99-50-97-100-11-67-32-12-51-17-16-70-96-29-78-36-57-37-34-90-62-20-15-64-14-2-27-69-58-19-95-94-7-72-28-24-45-92-87-86-68-26-77-98-52-42-13-75-66-38-49
Ta100x20,1,1,100,1,0.1,9,2230109282,17000,6376,6286,5851,1.840352983,v2_avx512bw_vec32_exact_perm,22-54-59-55-33-81-74-16-4-82-79-65-10-56-1-21-9-48-60-91-83-61-6-53-40-32-25-93-51-77-12-35-3-20-30-62-37-44-100-73-71-46-99-63-96-89-31-43-85-5-67-23-29-80-50-76-11-78-28-94-24-2-70-36-57-49-39-15-66-19-86-92-84-14-42-69-38-18-47-64-17-98-87-8-90-45-72-88-34-95-7-58-27-97-68-75-13-26-52-41
Ta100x20,1,1,100,1,0.1,10,2230110291,17000,6391,6286,5851,1.646705551,v2_avx512bw_vec32_exact_perm,22-54-78-59-31-89-56-65-21-33-10-3-9-76-90-51-74-53-55-40-11-1-5-32-6-61-48-80-62-82-100-81-16-23-71-83-12-92-97-25-2-39-24-36-79-66-86-38-20-18-45-30-27-84-94-93-35-58-28-4-37-47-63-96-98-99-73-44-85-19-46-60-67-77-70-43-29-14-91-17-87-42-88-64-8-72-15-57-68-52-13-26-34-95-75-69-50-7-49-41
Ta100x20,1,1,100,1,0.125,1,2230101210,17000,6459,6286,5851,1.709309028,v2_avx512bw_vec32_exact_perm,54-78-83-79-33-81-76-91-22-10-90-74-51-9-35-59-31-50-21-99-6-55-1-11-60-48-39-3-61-40-62-37-44-24-5-80-34-19-28-16-87-18-92-86-23-25-7-42-32-70-75-85-56-14-94-30-4-67-47-89-84-98-100-82-12-15-88-65-73-17-57-46-29-96-45-97-13-20-8-95-43-58-72-93-53-71-66-64-26-2-63-77-27-38-52-68-49-69-36-41
Ta100x20,1,1,100,1,0.125,2,2230102219,17000,6426,6286,5851,1.645921604,v2_avx512bw_vec32_exact_perm,79-82-22-54-100-1-76-35-3-51-83-48-10-81-66-6-31-89-85-12-90-99-53-86-55-18-33-61-40-9-28-21-5-32-30-46-71-60-80-93-16-38-94-65-4-45-70-98-36-56-25-19-74-62-24-20-2-72-47-44-73-63-34-77-75-39-11-57-37-78-67-91-59-88-84-23-27-58-42-17-26-15-14-96-69-29-95-92-43-64-8-97-87-7-13-68-52-50-49-41
Ta100x20,1,1,100,1,0.125,3,2230103228,17000,6484,6286,5851,1.742379089,v2_avx512bw_vec32_exact_perm,22-54-78-59-33-79-3-25-37-77-35-76-72-74-82-81-56-21-89-10-5-65-48-83-31-40-75-6-12-46-60-100-80-24-47-16-1-93-45-53-38-99-11-63-51-61-4-91-62-2-86-55-28-92-39-43-32-18-85-44-30-70-34-20-15-19-14-57-96-8-49-73-23-26-87-27-29-97-69-7-94-58-68-67-52-42-13-71-90-98-36-88-17-84-95-9-64-50-66-41
Ta100x20,1,1,100,1,0.125,4,2230104237,17000,6388,6286,5851,1.720584651,v2_avx512bw_vec32_exact_perm,54-78-59-74-79-33-81-22-82-35-16-55-32-48-65-21-77-83-1-70-60-4-39-10-9-91-44-57-12-40-41-51-80-56-11-93-28-31-25-61-2-100-47-14-62-29-24-30-37-5-50-96-76-45-98-46-71-99-94-67-73-8-3-90-18-75-86-69-87-68-63-20-23-42-15-92-85-89-53-6-58-43-38-17-7-49-13-84-36-34-95-52-72-66-19-88-26-97-64-27
Ta100x20,1,1,100,1,0.125,5,2230105246,17000,6456,6286,5851,1.702517161,v2_avx512bw_vec32_exact_perm,54-22-47-82-25-65-10-31-28-93-33-9-3-51-48-21-56-1-62-46-89-12-81-76-100-2-79-32-61-90-30-91-83-5-16-45-85-72-40-63-88-4-23-67-71-70-17-96-86-60-14-18-98-84-24-44-59-53-78-43-36-80-37-6-11-58-50-75-99-94-42-35-7-55-57-52-26-74-97-69-39-20-19-15-64-27-68-13-87-8-73-92-34-95-29-38-49-77-66-41
Ta100x20,1,1,100,1,0.125,6,2230106255,17000,6391,6286,5851,1.678807393,v2_avx512bw_vec32_exact_perm,22-54-79-46-33-5-16-32-83-51-74-78-59-21-1-65-3-25-31-81-82-56-60-40-35-10-67-47-93-80-37-44-71-70-43-99-12-9-53-24-87-48-39-61-76-89-11-94-62-4-100-68-14-57-90-36-55-34-95-92-30-28-18-52-58-20-63-6-98-96-23-73-85-29-15-91-72-45-17-38-42-75-26-2-86-84-27-66-69-19-88-64-8-13-97-50-7-49-77-41
Ta100x20,1,1,100,1,0.125,7,2230107264,17000,6455,6286,5851,1.697768589,v2_avx512bw_vec32_exact_perm,54-22-79-82-31-59-33-89-10-92-76-84-47-35-12-85-5-9-28-80-74-81-51-55-100-62-65-38-1-21-45-24-39-70-60-98-18-67-71-6-91-17-16-40-90-61-93-3-42-32-30-52-77-53-37-56-96-75-46-41-86-23-11-27-4-99-68-58-48-83-94-73-29-7-14-44-2-57-64-20-36-95-49-87-13-34-8-66-72-43-69-19-15-88-26-63-97-50-78-25
Ta100x20,1,1,100,1,0.125,8,2230108273,17000,6401,6286,5851,1.550649043,v2_avx512bw_vec32_exact_perm,54-59-22-82-55-33-81-16-79-3-100-50-80-65-10-39-76-91-9-61-83-4-25-89-31-93-74-40-30-32-28-5-62-21-51-53-1-58-56-94-85-29-70-38-18-88-11-36-48-20-41-6-96-19-35-86-37-67-95-34-23-27-44-2-99-24-73-12-43-46-57-60-47-14-26-75-71-45-78-66-84-64-17-49-42-8-87-63-98-72-68-69-15-77-7-13-97-92-90-52
Ta100x20,1,1,100,1,0.125,9,2230109282,17000,6424,6286,5851,1.400746963,v2_avx512bw_vec32_exact_perm,79-54-22-35-55-33-10-51-1-62-40-5-32-99-48-21-46-76-93-44-53-3-83-25-59-89-27-58-50-31-11-61-57-70-60-77-85-81-12-82-49-96-74-36-80-100-37-92-30-16-4-84-43-91-87-29-39-20-6-23-98-94-18-28-19-47-34-56-90-26-15-75-14-24-45-2-17-86-63-38-65-9-73-42-13-78-64-67-71-8-66-97-88-72-7-95-68-52-69-41
Ta100x20,1,1,100,1,0.125,10,2230110291,17000,6419,6286,5851,1.474918691,v2_avx512bw_vec32_exact_perm,22-54-78-79-47-16-83-33-10-82-21-35-100-53-74-81-80-18-24-55-93-31-1-4-51-11-3-48-63-39-34-43-59-28-61-99-58-2-41-92-77-40-89-12-67-46-91-9-45-85-90-19-76-6-37-30-60-56-5-62-86-88-44-42-70-57-29-68-75-32-96-8-73-94-71-65-15-95-72-27-69-23-20-87-7-38-17-84-98-49-64-13-14-97-50-26-66-52-36-25
Ta100x20,1,2,200,0.85,0.025,1,2230101210,17000,6378,6286,5851,3.226796196,v2_avx512bw_vec32_exact_perm,22-54-78-33-82-59-55-40-79-10-1-76-81-100-35-74-92-16-6-86-21-28-18-47-94-39-60-12-4-11-83-32-48-89-77-30-53-51-37-31-70-61-29-71-80-90-93-62-24-45-85-44-9-63-27-23-46-20-3-67-58-56-5-43-96-34-17-99-2-36-25-73-98-91-15-88-14-19-87-26-75-68-66-42-95-64-72-8-49-57-7-97-50-13-65-84-52-69-38-41
Ta100x20,1,2,200,0.85,0.025,2,2230102219,17000,6424,6286,5851,2.546824726,v2_avx512bw_vec32_exact_perm,54-22-78-79-47-33-35-83-74-10-55-9-46-39-1-21-60-3-56-80-24-61-65-18-89-76-5-40-31-38-81-28-16-6-32-85-45-29-44-53-20-48-59-70-93-82-62-100-30-23-88-67-91-11-37-4-51-73-50-25-12-98-71-43-58-19-13-2-14-34-90-36-57-63-99-95-7-94-27-92-8-97-96-87-86-69-42-72-26-15-17-68-49-77-66-84-64-75-52-41
Ta100x20,1,2,200,0.85,0.025,3,2230103228,17000,6374,6286,5851,2.609628251,v2_avx512bw_vec32_exact_perm,79-33-81-22-3-82-10-40-51-16-78-83-1-35-21-74-60-47-93-92-12-76-28-59-9-44-53-80-86-55-11-61-4-30-89-42-32-18-84-99-94-65-48-100-67-31-5-20-75-45-46-6-66-91-36-27-96-37-2-24-50-29-70-54-62-63-98-25-23-17-64-57-14-58-56-8-90-34-95-43-72-69-71-87-19-97-26-88-15-39-85-68-49-77-7-13-73-38-52-41
Ta100x20,1,2,200,0.85,0.025,4,2230104237,17000,6405,6286,5851,2.628089926,v2_avx512bw_vec32_exact_perm,54-78-59-82-22-5-55-33-81-16-10-4-51-74-99-83-65-21-2-79-61-3-50-60-6-40-1-76-53-47-93-32-80-12-44-9-100-25-11-48-30-89-31-70-56-37-96-28-71-62-24-39-66-63-86-35-45-46-85-92-15-58-18-68-91-29-94-67-20-95-77-23-98-34-19-43-8-90-84-72-17-49-7-57-14-88-42-75-26-87-97-69-36-38-52-27-13-64-73-41
Ta100x20,1,2,200,0.85,0.025,5,2230105246,17000,6420,6286,5851,2.623792374,v2_avx512bw_vec32_exact_perm,54-78-22-47-33-10-31-82-48-21-83-79-32-80-81-5-51-89-61-35-55-76-93-40-91-67-59-12-53-18-30-20-1-3-11-74-85-6-25-44-62-99-60-56-4-86-9-24-77-70-63-50-96-57-19-66-43-37-64-71-65-94-39-2-34-95-29-16-46-23-28-75-27-92-58-84-98-87-38-42-69-15-73-8-90-13-7-14-17-97-45-26-100-88-36-49-72-68-52-41
Ta100x20,1,2,200,0.85,0.025,6,2230106255,17000,6358,6286,5851,2.582833273,v2_avx512bw_vec32_exact_perm,22-54-78-21-1-83-82-33-59-3-25-79-24-28-55-48-12-40-81-4-16-93-74-2-30-32-51-80-6-37-94-44-27-10-31-11-35-41-98-61-99-14-71-53-9-5-62-39-86-18-60-100-58-45-76-88-68-70-85-91-29-46-67-96-17-97-57-23-34-75-63-26-77-72-20-42-87-65-66-64-38-69-19-15-56-8-89-92-90-84-73-47-95-36-52-43-13-7-50-49
Ta100x20,1,2,200,0.85,0.025,7,2230107264,17000,6455,6286,5851,2.62547935,v2_avx512bw_vec32_exact_perm,22-78-79-54-10-55-33-89-83-65-21-48-5-59-62-30-18-51-82-76-35-40-74-6-47-44-28-37-80-23-43-3-61-53-71-63-11-9-60-1-85-93-25-99-31-81-39-4-84-94-50-98-45-24-67-100-7-12-91-29-46-16-32-20-70-27-2-96-73-13-8-58-86-92-17-36-75-42-88-69-64-15-57-14-19-56-97-26-38-66-95-87-68-34-49-77-72-90-52-41
Ta100x20,1,2,200,0.85,0.025,8,2230108273,17000,6383,6286,5851,2.714391986,v2_avx512bw_vec32_exact_perm,54-22-78-33-59-4-81-32-21-51-74-2-82-83-1-79-10-62-5-9-12-100-35-60-55-85-94-24-18-44-30-3-28-37-53-11-76-23-25-48-50-86-43-6-47-90-80-65-89-56-97-88-46-34-49-72-17-45-31-20-70-71-92-40-61-77-16-58-39-91-67-13-96-64-98-8-14-15-19-93-73-29-95-36-57-26-66-87-27-99-63-84-68-52-42-69-38-75-7-41
Ta100x20,1,2,200,0.85,0.025,9,2230109282,17000,6417,6286,5851,2.807524951,v2_avx512bw_vec32_exact_perm,78-22-54-47-79-28-10-82-1-83-2-81-76-80-74-24-12-100-3-40-65-16-70-71-91-61-21-99-37-18-62-60-30-5-45-59-32-25-51-48-42-93-31-33-20-35-9-6-88-94-44-53-85-34-55-4-96-23-29-67-89-63-98-46-39-73-26-57-56-15-17-14-75-11-72-50-95-36-8-66-58-77-92-84-86-90-69-38-43-97-87-68-52-49-64-19-27-13-7-41
Ta100x20,1,2,200,0.85,0.025,10,2230110291,17000,6371,6286,5851,3.218879667,v2_avx512bw_vec32_exact_perm,22-54-78-79-33-10-65-91-74-83-35-1-55-16-6-40-82-100-3-76-21-59-30-56-67-70-71-9-4-25-23-32-47-86-48-37-12-61-80-46-93-60-57-44-39-81-73-24-50-62-15-99-18-5-84-68-89-98-2-53-51-31-11-43-13-34-58-45-28-66-19-52-26-85-94-42-96-72-17-20-64-29-95-8-14-75-92-90-27-63-69-87-36-88-49-77-7-97-38-41
Ta100x20,1,2,200,0.85,0.05,1,2230101210,17000,6407,6286,5851,2.778318155,v2_avx512bw_vec32_exact_perm,54-22-78-79-10-33-83-35-55-51-4-59-65-12-76-21-80-82-93-3-24-44-40-39-74-25-89-28-56-16-18-31-86-46-91-48-67-37-96-99-71-62-81-30-61-19-60-6-77-1-5-57-27-94-9-45-32-85-23-34-50-70-20-92-15-100-2-43-11-63-47-64-88-72-17-97-29-90-8-53-98-14-58-42-38-26-66-75-95-87-36-84-49-73-68-13-52-69-7-41
Ta100x20,1,2,200,0.85,0.05,2,2230102219,17000,6419,6286,5851,2.768808284,v2_avx512bw_vec32_exact_perm,78-22-54-79-10-82-35-55-65-85-21-74-6-1-28-81-76-30-59-99-48-47-61-5-16-45-4-83-32-90-33-93-40-89-12-62-80-9-56-71-46-51-53-24-77-66-39-98-18-44-63-60-3-25-43-100-31-20-70-11-27-2-29-94-23-37-73-8-14-91-97-19-15-58-26-84-86-50-36-57-92-75-87-42-69-34-38-67-96-17-95-72-52-68-88-7-13-64-49-41
Ta100x20,1,2,200,0.85,0.05,3,2230103228,17000,6407,6286,5851,2.807014459,v2_avx512bw_vec32_exact_perm,22-54-47-78-81-25-35-74-16-33-79-80-82-9-100-10-31-21-28-51-59-55-5-40-6-93-76-3-48-12-71-83-65-1-89-30-66-37-45-32-44-85-56-53-70-20-61-75-46-39-29-91-94-62-11-14-60-50-84-77-98-23-38-19-27-99-63-36-24-18-57-34-96-4-67-8-15-2-58-73-17-86-26-97-68-43-95-90-52-72-69-87-42-13-7-92-88-64-49-41
Ta100x20,1,2,200,0.85,0.05,4,2230104237,17000,6382,6286,5851,2.778278445,v2_avx512bw_vec32_exact_perm,54-22-78-79-33-10-35-55-74-21-91-1-99-83-94-28-4-25-93-16-89-31-40-5-32-12-81-18-61-71-30-9-82-48-62-46-29-45-59-39-86-53-67-92-80-56-11-100-44-51-37-2-50-23-70-85-76-57-96-60-65-24-36-90-73-20-98-87-43-88-6-3-68-97-19-15-58-84-17-34-95-14-47-77-75-63-27-69-72-66-26-42-13-7-64-8-38-52-49-41
Ta100x20,1,2,200,0.85,0.05,5,2230105246,17000,6454,6286,5851,3.201954723,v2_avx512bw_vec32_exact_perm,54-22-47-78-79-10-33-35-74-16-93-55-59-5-40-31-21-28-80-65-81-6-75-27-32-30-83-99-12-56-3-37-44-25-4-86-29-63-2-39-94-11-48-23-98-1-82-73-100-67-76-17-58-70-24-45-18-20-60-46-77-71-91-9-90-61-53-85-14-34-89-92-36-57-87-43-96-62-51-13-8-97-19-42-68-15-88-64-26-49-72-84-50-7-95-52-69-38-66-41
Ta100x20,1,2,200,0.85,0.05,6,2230106255,17000,6452,6286,5851,2.728856692,v2_avx512bw_vec32_exact_perm,79-22-82-33-100-10-83-16-55-81-77-89-31-2-51-54-65-59-50-80-21-23-85-12-99-60-4-94-11-73-47-93-44-48-76-43-35-39-74-56-29-40-24-53-1-18-20-70-71-46-30-62-17-58-72-9-27-32-67-78-86-91-61-96-37-3-64-8-5-28-57-36-63-6-19-88-66-26-97-98-87-95-7-14-34-75-42-45-92-90-84-52-68-13-69-15-38-25-49-41
Ta100x20,1,2,200,0.85,0.05,7,2230107264,17000,6341,6286,5851,2.705775275,v2_avx512bw_vec32_exact_perm,54-22-47-35-55-33-81-51-59-31-74-53-9-82-100-40-65-21-28-3-25-70-37-44-56-48-83-1-79-93-16-4-39-10-80-61-76-18-5-86-12-11-97-88-99-6-32-71-60-30-75-50-78-27-96-58-89-62-85-46-94-45-67-24-20-23-2-43-91-29-92-73-8-72-90-66-34-77-84-68-98-87-69-19-15-17-64-38-14-52-36-95-42-57-26-63-13-7-49-41
Ta100x20,1,2,200,0.85,0.05,8,2230108273,17000,6373,6286,5851,2.744307698,v2_avx512bw_vec32_exact_perm,54-22-78-79-33-10-74-9-35-4-83-51-31-89-40-48-18-76-81-21-12-28-91-1-93-60-77-61-82-32-80-11-100-5-16-63-6-43-99-71-85-62-94-39-55-37-90-30-2-24-53-86-67-20-70-19-47-25-23-88-59-73-44-57-46-92-45-3-27-66-65-29-56-15-97-96-68-64-17-14-98-72-8-38-84-52-42-87-69-58-26-34-95-75-36-50-49-13-7-41
Ta100x20,1,2,200,0.85,0.05,9,2230109282,17000,6398,6286,5851,2.795794303,v2_avx512bw_vec32_exact_perm,22-54-78-47-81-55-76-82-77-3-51-59-1-33-60-48-6-40-83-79-35-74-10-28-25-65-21-61-86-93-39-37-4-12-80-30-45-99-71-24-63-18-11-94-62-15-57-9-50-53-8-5-96-75-32-67-100-16-46-31-91-70-23-20-87-73-44-85-89-36-56-95-34-43-13-29-58-2-92-27-97-64-19-17-72-68-88-66-26-42-98-84-14-7-49-69-90-38-52-41
Ta100x20,1,2,200,0.85,0.05,10,2230110291,17000,6447,6286,5851,3.340627544,v2_avx512bw_vec32_exact_perm,54-55-33-81-16-32-82-79-22-76-59-30-3-48-28-93-1-21-90-83-62-5-40-51-35-10-31-11-74-94-89-61-80-65-45-85-91-12-99-63-100-46-44-9-56-14-60-39-4-66-78-24-86-67-88-18-47-53-70-71-20-6-41-92-23-43-97-8-58-50-17-57-96-15-84-72-37-42-29-26-2-64-34-98-27-87-77-13-68-69-75-52-19-7-95-73-36-38-25-49
Ta100x20,1,2,200,0.85,0.075,1,2230101210,17000,6415,6286,5851,2.702217391,v2_avx512bw_vec32_exact_perm,54-22-78-33-79-35-76-10-40-28-32-1-82-81-21-53-99-80-93-31-74-48-59-39-11-60-5-100-62-51-83-25-4-23-68-98-38-70-56-16-55-18-94-3-44-71-12-9-90-67-85-97-89-92-84-43-24-37-29-96-30-46-45-63-20-6-66-75-34-91-61-2-77-86-13-36-27-87-65-57-88-14-47-64-17-73-19-26-42-69-15-8-58-50-95-7-49-72-52-41
Ta100x20,1,2,200,0.85,0.075,2,2230102219,17000,6395,6286,5851,2.734995583,v2_avx512bw_vec32_exact_perm,54-22-78-79-35-21-99-60-28-59-46-33-56-25-10-86-74-4-45-5-11-85-16-6-50-82-18-3-66-47-80-44-89-83-12-32-1-51-76-93-2-31-40-48-39-94-81-62-41-24-53-91-61-8-70-65-100-55-57-84-29-52-23-92-71-43-95-72-20-96-17-9-30-37-67-64-42-58-87-68-98-26-15-14-73-90-88-69-7-63-77-34-19-13-97-75-36-27-38-49
Ta100x20,1,2,200,0.85,0.075,3,2230103228,17000,6406,6286,5851,2.507342567,v2_avx512bw_vec32_exact_perm,54-22-79-33-32-1-83-78-51-3-74-59-25-5-65-16-47-63-6-48-21-55-39-91-81-76-62-10-44-100-94-11-35-40-14-28-61-12-53-93-99-4-60-82-86-31-20-70-71-96-90-37-67-57-30-27-89-92-18-9-80-50-24-7-77-15-42-2-23-85-88-46-66-29-72-19-98-95-36-45-17-38-34-84-73-8-13-58-56-26-87-75-97-68-52-43-64-69-49-41
Ta100x20,1,2,200,0.85,0.075,4,2230104237,17000,6337,6286,5851,2.534878056,v2_avx512bw_vec32_exact_perm,54-78-59-22-33-10-1-76-81-77-74-35-31-29-40-82-51-3-65-83-61-48-5-16-6-100-21-96-11-55-32-79-67-56-57-90-97-12-25-9-50-46-80-89-73-85-91-93-47-28-44-37-70-98-62-39-18-60-45-71-13-30-86-26-84-94-68-4-64-58-34-88-38-17-14-42-75-2-53-99-27-24-23-20-43-19-72-92-66-87-7-95-36-52-63-69-15-8-49-41
Ta100x20,1,2,200,0.85,0.075,5,2230105246,17000,6371,6286,5851,3.260273201,v2_avx512bw_vec32_exact_perm,54-22-78-79-10-47-46-40-25-9-35-55-83-5-1-33-59-3-67-76-82-61-21-94-6-51-11-4-89-53-100-74-31-80-45-56-81-28-16-93-32-30-91-18-36-75-39-88-85-98-63-19-62-24-2-86-66-70-44-42-37-60-48-12-99-71-96-69-90-72-15-73-8-27-92-29-38-14-20-23-87-34-68-17-84-64-50-57-65-95-7-49-43-58-77-13-97-26-52-41
Ta100x20,1,2,200,0.85,0.075,6,2230106255,17000,6406,6286,5851,2.839355333,v2_avx512bw_vec32_exact_perm,22-54-59-55-33-79-10-51-4-82-1-16-99-74-83-53-9-91-12-81-35-76-6-60-100-56-31-20-93-3-41-46-40-21-36-92-25-71-70-85-30-89-18-39-94-37-44-80-29-62-24-50-23-11-48-5-45-28-63-8-43-58-84-32-2-34-27-98-61-96-72-14-15-57-7-77-13-65-19-86-42-66-38-67-95-90-69-87-88-64-75-47-17-97-49-26-52-73-68-78
Ta100x20,1,2,200,0.85,0.075,7,2230107264,17000,6381,6286,5851,2.857555366,v2_avx512bw_vec32_exact_perm,22-54-78-33-59-10-82-66-12-79-31-40-74-81-25-35-51-16-4-94-47-65-21-80-32-39-60-93-29-85-71-46-1-67-5-9-43-3-42-55-18-76-89-44-56-38-48-96-83-24-41-17-14-30-45-98-91-28-87-37-6-53-99-20-2-61-26-88-23-62-86-100-75-57-36-34-95-70-68-15-63-11-49-19-72-58-84-73-8-50-92-97-90-52-77-13-69-7-64-27
Ta100x20,1,2,200,0.85,0.075,8,2230108273,17000,6390,6286,5851,2.58703965,v2_avx512bw_vec32_exact_perm,54-22-47-10-21-82-83-1-16-3-93-12-55-33-81-80-100-4-60-51-5-25-89-65-18-76-30-32-85-28-70-59-35-74-79-71-53-99-24-31-84-20-48-61-45-29-9-95-11-6-50-62-72-15-98-77-36-94-37-2-27-23-44-91-40-46-88-39-52-19-67-17-49-73-96-64-8-38-14-58-56-97-87-66-90-69-63-7-57-26-75-86-68-42-13-34-92-43-78-41
Ta100x20,1,2,200,0.85,0.075,9,2230109282,17000,6381,6286,5851,2.762627948,v2_avx512bw_vec32_exact_perm,22-54-33-35-55-59-77-76-81-82-16-6-31-89-83-56-99-10-51-32-40-79-61-21-65-12-4-47-86-70-48-85-60-1-46-74-19-43-3-63-98-25-39-9-5-28-44-37-80-93-2-53-67-29-91-41-18-24-20-23-78-11-94-73-58-84-50-62-100-30-71-88-15-69-96-49-17-64-57-36-13-14-8-34-90-66-75-72-45-92-42-26-87-97-68-38-52-95-7-27
Ta100x20,1,2,200,0.85,0.075,10,2230110291,17000,6353,6286,5851,2.714669546,v2_avx512bw_vec32_exact_perm,54-22-79-35-55-33-65-16-89-74-80-82-100-93-40-4-81-53-78-25-23-28-59-36-1-21-3-85-44-48-12-11-10-76-62-67-24-45-5-99-56-32-61-6-86-83-91-94-18-20-30-2-37-31-70-29-19-71-9-88-39-60-38-51-42-50-77-92-15-75-46-47-73-84-90-17-14-66-98-96-8-72-63-26-43-64-52-58-27-69-97-87-68-13-34-57-95-7-49-41
Ta100x20,1,2,200,0.85,0.1,1,2230101210,17000,6394,6286,5851,2.660327754,v2_avx512bw_vec32_exact_perm,54-59-55-33-81-78-25-16-3-82-1-22-32-48-79-100-74-35-83-45-76-65-10-4-40-47-44-21-61-9-53-99-12-80-51-11-18-56-89-30-60-88-62-24-90-93-66-63-39-31-20-28-86-70-23-43-98-91-67-2-29-71-84-17-46-6-8-94-72-73-85-19-5-96-37-77-58-36-27-57-38-64-14-75-87-68-34-13-42-15-92-26-97-52-95-50-69-7-49-41
Ta100x20,1,2,200,0.85,0.1,2,2230102219,17000,6440,6286,5851,3.18059152,v2_avx512bw_vec32_exact_perm,22-54-79-28-3-25-65-33-82-93-16-83-35-61-1-78-89-47-53-6-40-12-99-9-21-55-84-91-10-44-85-90-4-80-74-60-59-81-39-76-51-88-86-31-24-5-70-2-42-67-18-48-71-94-37-62-57-11-36-45-49-17-34-96-23-100-20-46-56-98-87-15-77-30-95-68-14-75-92-19-69-43-29-32-64-27-58-63-73-66-8-50-72-7-13-97-38-26-52-41
Ta100x20,1,2,200,0.85,0.1,3,2230103228,17000,6410,6286,5851,2.579032931,v2_avx512bw_vec32_exact_perm,78-59-22-54-10-31-74-33-81-79-82-55-40-9-35-1-53-25-65-4-60-28-93-23-80-71-47-83-61-30-32-3-51-73-76-11-48-12-90-100-14-89-17-85-44-99-21-62-5-86-50-56-77-16-70-24-18-39-20-58-63-91-94-67-29-42-6-96-66-84-26-98-45-46-2-64-57-8-37-15-92-87-68-34-95-43-75-72-69-7-88-52-19-97-13-36-38-27-49-41
Ta100x20,1,2,200,0.85,0.1,4,2230104237,17000,6396,6286,5851,2.629522442,v2_avx512bw_vec32_exact_perm,54-22-78-79-10-33-74-81-35-31-83-51-16-82-40-46-12-86-6-3-55-48-61-21-30-89-56-80-93-4-76-60-65-59-45-24-1-47-32-67-70-98-100-25-11-66-2-53-50-96-72-9-18-90-85-44-37-94-42-34-29-28-20-19-5-62-91-75-88-39-87-63-23-8-17-73-99-95-36-41-57-92-84-43-71-14-58-68-26-15-77-97-38-52-69-7-13-64-27-49
Ta100x20,1,2,200,0.85,0.1,5,2230105246,17000,6395,6286,5851,3.080338831,v2_avx512bw_vec32_exact_perm,54-78-59-22-25-47-35-1-10-76-83-82-79-5-40-70-85-4-74-77-61-81-3-33-93-60-48-12-9-53-46-57-29-32-62-2-51-100-44-30-16-37-80-36-21-97-14-91-56-39-55-89-20-94-23-42-99-24-67-6-63-28-58-90-88-75-65-34-18-86-95-8-87-50-31-52-43-19-72-38-17-98-11-45-68-69-15-26-71-66-84-73-92-96-64-27-49-13-7-41
Ta100x20,1,2,200,0.85,0.1,6,2230106255,17000,6490,6286,5851,2.547946985,v2_avx512bw_vec32_exact_perm,22-54-78-33-59-55-32-25-99-79-82-16-35-10-76-46-51-40-11-6-47-77-100-67-74-4-12-9-28-21-90-31-93-83-48-65-73-94-85-44-30-70-17-89-56-61-3-81-98-18-39-62-53-20-60-96-63-86-29-5-37-45-71-26-14-58-80-91-15-27-24-2-34-43-87-57-1-23-13-92-36-42-66-75-19-88-84-50-8-95-72-7-49-69-64-38-97-68-52-41
Ta100x20,1,2,200,0.85,0.1,7,2230107264,17000,6474,6286,5851,2.890818341,v2_avx512bw_vec32_exact_perm,54-22-47-78-51-59-31-40-33-81-28-12-74-3-65-79-48-53-39-99-76-82-10-21-85-83-93-16-1-5-91-11-44-30-32-80-60-70-9-56-61-35-25-34-100-55-86-4-6-68-62-71-89-15-46-57-29-45-37-84-14-36-92-43-24-2-18-19-23-64-20-98-88-96-63-67-17-77-58-72-75-95-73-27-8-97-26-50-49-69-66-87-94-42-7-13-90-38-52-41
Ta100x20,1,2,200,0.85,0.1,8,2230108273,17000,6420,6286,5851,2.600730469,v2_avx512bw_vec32_exact_perm,79-82-22-54-33-35-55-10-83-93-1-76-30-3-59-40-5-28-12-21-77-85-81-91-61-16-4-70-29-74-80-6-25-9-32-60-56-86-39-57-58-88-44-46-18-97-41-20-31-48-72-51-71-65-53-92-96-27-62-89-100-11-94-98-23-67-2-47-14-15-38-45-66-19-99-84-17-64-24-87-68-90-37-34-73-36-95-8-50-69-75-63-26-52-42-43-13-7-49-78
Ta100x20,1,2,200,0.85,0.1,9,2230109282,17000,6405,6286,5851,2.866525461,v2_avx512bw_vec32_exact_perm,54-22-33-59-78-83-35-79-31-81-82-55-16-6-3-51-74-94-10-48-5-62-77-40-21-18-24-30-75-11-32-100-50-53-25-47-45-9-70-56-1-20-37-44-42-80-29-93-4-65-12-38-99-61-91-43-60-96-14-19-68-85-58-89-28-36-92-86-63-84-17-46-97-34-2-27-23-57-15-26-71-39-88-69-98-87-67-49-64-76-8-72-95-66-7-13-73-90-52-41
Ta100x20,1,2,200,0.85,0.1,10,2230110291,17000,6452,6286,5851,2.697533403,v2_avx512bw_vec32_exact_perm,79-33-22-35-85-25-59-54-30-55-89-16-82-10-1-3-47-46-48-21-81-56-39-40-62-99-51-60-4-94-53-74-80-93-100-23-61-88-77-29-32-83-44-24-18-11-31-63-28-97-5-67-91-37-19-34-20-6-65-76-2-15-92-86-68-42-70-17-98-43-87-8-57-14-12-58-50-26-66-96-71-9-36-95-72-45-90-84-52-27-13-49-69-7-64-73-38-75-78-41
Ta100x20,1,2,200,0.85,0.125,1,2230101210,17000,6370,6286,5851,2.598895192,v2_avx512bw_vec32_exact_perm,22-54-78-1-79-59-35-55-76-82-81-16-4-74-83-6-33-60-30-10-40-31-90-80-37-39-89-85-21-51-12-93-44-3-48-18-61-62-11-5-86-28-63-91-65-73-53-25-47-99-23-56-27-9-38-70-100-58-67-71-45-17-92-29-34-57-32-43-96-46-72-88-15-20-77-36-69-24-2-98-87-75-42-26-97-84-66-19-95-68-52-94-64-14-8-50-13-7-49-41
Ta100x20,1,2,200,0.85,0.125,2,2230102219,17000,6397,6286,5851,2.960588963,v2_avx512bw_vec32_exact_perm,54-22-78-47-21-10-65-1-76-82-33-35-85-81-79-80-74-93-48-4-60-39-83-5-16-12-89-56-23-51-94-31-28-99-91-25-3-40-59-67-6-71-92-46-73-38-61-11-62-30-86-63-37-44-43-70-2-88-55-29-24-49-18-42-100-19-9-95-36-53-20-75-13-90-34-58-45-17-14-32-77-98-15-26-52-96-64-8-72-27-57-66-87-97-68-84-50-69-7-41
Ta100x20,1,2,200,0.85,0.125,3,2230103228,17000,6395,6286,5851,2.913666081,v2_avx512bw_vec32_exact_perm,54-22-78-33-59-23-10-1-83-51-76-82-79-35-100-40-12-81-28-16-3-56-46-21-65-74-48-9-6-80-47-18-60-4-61-20-30-91-94-99-62-8-53-41-5-77-55-32-64-86-39-37-45-71-17-44-70-85-63-11-89-2-31-67-43-25-58-24-88-87-73-92-29-42-15-14-57-26-19-50-98-84-66-96-68-34-75-13-93-36-49-69-90-52-97-95-72-7-38-27
Ta100x20,1,2,200,0.85,0.125,4,2230104237,17000,6412,6286,5851,2.933375254,v2_avx512bw_vec32_exact_perm,22-79-24-78-28-1-54-18-81-33-48-3-83-62-10-40-82-51-4-67-59-6-21-57-41-30-91-93-76-2-74-46-47-80-73-100-39-99-61-55-9-98-89-25-65-71-94-31-45-37-35-92-60-27-86-5-68-16-70-12-11-29-96-85-44-53-32-72-75-56-14-34-38-43-26-58-20-19-77-63-23-88-64-15-17-8-49-42-87-84-66-36-95-50-13-7-90-52-97-69
Ta100x20,1,2,200,0.85,0.125,5,2230105246,17000,6394,6286,5851,2.833003909,v2_avx512bw_vec32_exact_perm,22-78-79-54-33-59-1-16-32-83-82-81-21-6-55-10-65-3-51-76-46-48-61-53-5-74-80-89-93-39-91-60-40-2-100-62-24-70-71-67-37-42-19-18-85-90-31-75-94-88-30-23-20-96-15-4-27-12-9-35-97-34-99-57-25-47-45-28-29-66-11-84-58-14-56-77-38-63-26-86-87-17-44-69-98-64-8-95-72-68-52-92-43-13-7-73-50-49-36-41
Ta100x20,1,2,200,0.85,0.125,6,2230106255,17000,6515,6286,5851,3.277916178,v2_avx512bw_vec32_exact_perm,22-54-78-79-10-33-81-35-16-59-100-31-51-80-9-39-21-74-28-82-77-3-41-56-83-99-63-24-32-55-40-12-4-65-11-44-48-1-18-47-89-70-37-27-42-61-75-57-60-6-45-92-86-96-76-67-38-19-46-93-73-62-72-91-17-68-29-43-30-88-20-23-52-2-7-5-85-87-34-36-95-53-84-58-8-50-94-13-98-14-66-64-71-90-69-97-26-15-25-49
Ta100x20,1,2,200,0.85,0.125,7,2230107264,17000,6393,6286,5851,3.131333996,v2_avx512bw_vec32_exact_perm,22-54-33-10-77-81-74-35-76-79-1-9-28-37-70-91-60-93-48-31-59-83-25-47-50-80-30-21-3-99-61-89-56-92-39-62-86-51-82-53-100-12-57-46-16-55-40-44-6-75-85-23-63-38-65-5-71-43-67-2-29-24-45-32-18-17-11-34-88-72-94-42-26-58-73-27-98-78-36-69-19-20-15-84-87-4-68-96-66-95-64-8-49-97-90-14-52-13-7-41
Ta100x20,1,2,200,0.85,0.125,8,2230108273,17000,6388,6286,5851,3.030164222,v2_avx512bw_vec32_exact_perm,22-47-78-79-28-5-76-59-65-1-21-82-83-33-10-3-25-94-40-74-51-4-93-35-31-60-50-80-30-81-48-11-77-2-85-9-43-37-44-70-16-12-54-56-99-89-23-100-62-24-61-53-45-55-91-20-6-32-86-42-46-75-15-18-68-58-67-96-17-72-34-38-88-14-19-66-64-39-71-57-73-29-26-95-98-87-8-63-92-36-27-49-69-90-97-84-13-7-52-41
Ta100x20,1,2,200,0.85,0.125,9,2230109282,17000,6370,6286,5851,3.329731952,v2_avx512bw_vec32_exact_perm,54-22-1-78-33-59-46-35-55-10-12-65-76-82-80-79-9-32-48-51-21-31-74-91-27-81-30-96-3-28-37-60-93-40-70-34-47-53-61-6-19-57-25-89-100-11-4-83-23-94-68-99-45-2-85-66-67-24-5-43-18-44-16-71-29-50-62-92-87-86-42-88-39-69-26-75-15-58-56-90-63-14-64-73-8-97-98-72-17-20-36-49-95-84-77-13-7-38-52-41
Ta100x20,1,2,200,0.85,0.125,10,2230110291,17000,6488,6286,5851,2.520598139,v2_avx512bw_vec32_exact_perm,22-54-78-33-35-55-1-81-76-59-5-3-51-16-65-82-80-74-10-46-48-79-83-93-9-31-21-67-4-45-100-17-89-40-91-62-70-29-44-85-30-28-6-32-24-18-53-37-12-20-90-43-47-61-87-73-99-11-58-96-19-94-60-69-25-75-72-68-56-34-15-95-14-39-57-63-23-27-26-71-86-77-92-2-98-88-36-66-64-13-50-49-7-97-42-8-38-84-52-41
Ta100x20,1,2,200,0.8875,0.025,1,2230101210,17000,6428,6286,5851,2.874293773,v2_avx512bw_vec32_exact_perm,78-22-54-4-79-10-35-55-40-33-81-25-82-1-12-21-65-83-32-48-89-46-30-76-28-70-100-74-93-44-80-23-11-57-53-59-60-18-50-94-99-9-62-31-51-91-27-39-5-71-16-61-3-6-75-86-37-56-58-84-63-95-67-47-96-73-29-26-45-19-15-24-98-68-14-90-66-17-64-77-72-20-7-2-97-88-43-13-92-52-8-34-42-87-69-85-38-49-36-41
Ta100x20,1,2,200,0.8875,0.025,2,2230102219,17000,6435,6286,5851,2.812229012,v2_avx512bw_vec32_exact_perm,79-89-22-54-31-51-78-74-40-3-82-83-5-81-16-33-70-10-62-56-21-9-28-46-91-100-35-12-65-76-93-48-60-45-30-20-32-6-80-61-47-86-59-67-39-37-1-18-44-4-53-85-29-11-41-90-24-14-73-25-58-50-98-96-57-36-84-2-55-66-63-42-99-75-17-23-38-94-8-95-34-88-72-26-49-43-64-71-92-97-87-68-13-52-69-19-7-77-15-27
Ta100x20,1,2,200,0.8875,0.025,3,2230103228,17000,6405,6286,5851,2.824153762,v2_avx512bw_vec32_exact_perm,54-22-47-35-25-100-78-74-21-33-3-83-82-1-79-10-65-32-48-51-40-12-46-56-81-62-39-80-5-28-6-86-16-59-55-60-61-76-30-93-75-11-31-90-94-37-23-50-85-89-77-44-9-98-53-45-18-99-88-36-17-91-24-63-67-70-42-20-92-58-27-29-2-96-72-34-8-4-15-14-38-87-97-68-26-73-95-43-19-7-49-84-69-71-64-57-52-13-66-41
Ta100x20,1,2,200,0.8875,0.025,4,2230104237,17000,6345,6286,5851,2.960782302,v2_avx512bw_vec32_exact_perm,54-22-33-59-55-1-81-82-79-5-16-32-62-51-40-61-21-6-3-12-99-100-28-74-46-10-65-76-60-80-93-31-85-44-89-48-43-24-63-39-2-9-53-20-4-23-27-91-66-96-25-30-37-35-34-70-47-56-94-29-42-88-72-14-71-18-38-98-67-19-58-90-45-77-83-57-92-86-49-36-13-26-73-7-50-78-11-15-95-75-17-97-84-69-87-68-52-64-8-41
Ta100x20,1,2,200,0.8875,0.025,5,2230105246,17000,6446,6286,5851,2.607594394,v2_avx512bw_vec32_exact_perm,54-22-78-33-11-59-79-47-41-82-5-16-83-10-31-35-74-9-40-76-39-81-56-21-30-55-53-12-3-89-91-46-85-71-51-1-61-80-99-43-6-32-14-62-86-28-37-44-45-24-4-90-18-60-88-48-20-70-23-27-17-92-75-25-36-98-96-57-29-93-67-58-73-94-95-8-87-34-72-42-26-66-19-77-15-2-100-63-65-84-68-52-69-97-13-7-64-50-38-49
Ta100x20,1,2,200,0.8875,0.025,6,2230106255,17000,6369,6286,5851,2.779925835,v2_avx512bw_vec32_exact_perm,54-22-47-55-33-3-74-51-1-82-83-79-78-21-39-60-57-56-93-81-31-25-10-35-76-28-6-9-71-40-41-88-72-12-85-24-94-18-44-59-30-16-70-4-11-100-61-99-32-86-77-37-67-23-53-17-58-20-45-91-65-48-27-63-96-98-2-36-80-46-66-97-5-89-62-42-26-15-50-75-14-69-64-19-84-29-38-92-34-43-87-68-90-52-13-7-95-73-8-49
Ta100x20,1,2,200,0.8875,0.025,7,2230107264,17000,6442,6286,5851,2.875531789,v2_avx512bw_vec32_exact_perm,79-54-22-33-10-35-55-74-1-65-83-82-4-21-59-31-9-44-28-40-99-53-93-25-61-48-3-86-70-16-91-47-85-94-18-12-98-30-46-60-66-32-80-71-6-89-27-100-68-81-62-45-76-24-5-39-72-67-56-20-2-75-96-37-23-92-15-51-11-90-73-88-43-14-58-87-42-17-64-29-63-26-52-8-97-34-69-19-95-77-13-7-57-49-84-36-50-78-38-41
Ta100x20,1,2,200,0.8875,0.025,8,2230108273,17000,6465,6286,5851,2.716306449,v2_avx512bw_vec32_exact_perm,79-54-82-22-3-28-33-100-74-55-81-12-5-99-48-40-1-60-77-10-83-78-21-11-6-92-94-16-35-91-61-51-18-59-62-4-39-76-43-9-71-89-46-29-30-85-45-53-31-37-44-88-93-34-32-75-2-63-38-19-27-65-80-23-20-56-70-15-24-26-50-72-68-66-98-95-96-67-87-73-8-86-58-17-57-36-49-84-14-42-52-47-90-69-97-7-13-64-25-41
Ta100x20,1,2,200,0.8875,0.025,9,2230109282,17000,6454,6286,5851,2.85762271,v2_avx512bw_vec32_exact_perm,78-22-54-79-33-10-32-48-25-93-47-21-40-6-61-80-30-81-76-28-35-59-9-39-55-5-16-1-83-51-12-74-31-11-89-53-18-91-100-82-63-65-97-86-56-3-57-44-20-99-67-4-96-60-94-50-46-87-24-23-37-90-70-85-58-62-95-68-73-72-27-29-34-43-19-2-98-17-64-14-8-66-45-92-75-42-88-71-26-15-69-36-49-77-13-7-84-38-52-41
Ta100x20,1,2,200,0.8875,0.025,10,2230110291,17000,6417,6286,5851,2.72513932,v2_avx512bw_vec32_exact_perm,22-79-54-35-55-25-65-74-82-83-4-10-24-40-6-33-81-62-5-100-16-70-71-50-80-93-9-39-76-3-30-59-47-63-48-61-21-51-11-94-18-2-31-86-12-60-28-53-32-78-85-43-1-44-89-56-37-99-66-64-46-20-23-88-42-58-77-17-45-19-57-67-91-29-84-14-92-15-98-68-96-13-36-34-95-75-72-27-90-8-49-69-87-7-73-26-97-38-52-41
Ta100x20,1,2,200,0.8875,0.05,1,2230101210,17000,6411,6286,5851,2.992338187,v2_avx512bw_vec32_exact_perm,79-54-82-22-33-10-40-55-5-1-3-9-59-25-48-24-21-18-19-28-62-81-12-65-76-35-51-74-53-23-83-91-71-46-16-94-61-6-99-60-31-45-100-20-4-11-86-68-70-66-56-63-77-29-90-57-96-67-47-37-44-80-89-85-92-14-43-58-39-75-27-69-2-34-87-15-17-30-8-73-32-93-78-97-88-42-36-26-38-98-52-72-50-95-84-7-13-64-49-41
Ta100x20,1,2,200,0.8875,0.05,2,2230102219,17000,6394,6286,5851,2.852063369,v2_avx512bw_vec32_exact_perm,54-22-33-10-79-47-82-55-1-16-35-40-93-31-83-91-25-81-48-5-43-18-21-74-3-12-51-76-89-99-28-61-32-59-46-44-86-80-65-17-6-37-53-62-60-30-20-39-24-70-41-4-84-71-23-85-94-38-9-45-50-77-57-100-66-88-19-58-11-67-73-92-29-90-75-69-56-87-34-96-68-15-14-2-63-98-36-64-8-95-72-27-26-49-97-42-78-13-7-52
Ta100x20,1,2,200,0.8875,0.05,3,2230103228,17000,6409,6286,5851,2.88353001,v2_avx512bw_vec32_exact_perm,22-54-78-33-59-83-25-79-3-35-55-47-9-82-40-6-16-91-60-100-1-70-74-21-56-48-65-12-11-10-81-4-76-44-51-39-61-80-2-29-89-94-53-86-46-45-18-28-85-99-62-24-32-67-23-15-93-57-27-71-5-50-75-72-31-20-88-36-95-19-63-77-92-43-58-64-73-8-96-37-34-30-87-17-38-66-14-42-90-97-84-26-98-68-13-52-69-7-49-41
Ta100x20,1,2,200,0.8875,0.05,4,2230104237,17000,6408,6286,5851,2.988285687,v2_avx512bw_vec32_exact_perm,22-54-59-55-33-81-62-82-4-51-10-25-40-93-5-79-74-39-53-100-16-6-28-32-1-21-83-50-35-99-18-44-76-89-91-61-86-78-9-3-85-46-60-48-45-12-47-73-11-90-80-65-37-56-70-31-24-43-87-34-71-29-88-67-57-23-63-75-42-17-14-96-98-36-95-20-2-64-69-15-19-8-92-30-97-84-58-68-27-13-94-66-26-49-77-7-72-38-52-41
Ta100x20,1,2,200,0.8875,0.05,5,2230105246,17000,6370,6286,5851,2.896723539,v2_avx512bw_vec32_exact_perm,22-79-82-54-10-3-74-40-5-25-33-84-35-83-59-55-39-48-24-61-21-76-1-11-46-70-16-91-28-18-89-47-85-63-30-62-53-37-6-29-44-32-51-80-45-56-100-81-57-14-12-67-71-65-94-4-36-99-88-60-43-96-93-38-23-66-86-90-27-2-49-31-15-69-42-9-52-17-64-72-20-75-68-92-77-34-98-19-87-58-8-73-95-7-13-97-50-78-26-41
Ta100x20,1,2,200,0.8875,0.05,6,2230106255,17000,6421,6286,5851,2.880722437,v2_avx512bw_vec32_exact_perm,22-54-79-33-90-16-9-81-76-35-74-21-78-83-10-25-55-1-100-5-40-65-89-80-93-60-6-59-31-39-48-32-51-12-99-61-86-46-62-28-24-45-18-4-85-44-53-94-47-57-82-23-67-37-70-56-3-34-11-43-27-41-91-29-30-19-58-20-63-87-8-73-77-92-42-66-72-71-14-98-2-96-36-88-26-38-52-75-17-97-95-68-15-84-69-64-50-49-13-7
Ta100x20,1,2,200,0.8875,0.05,7,2230107264,17000,6411,6286,5851,2.937615522,v2_avx512bw_vec32_exact_perm,79-22-35-55-33-51-54-21-82-76-78-59-89-65-1-40-3-83-28-74-53-6-48-9-25-12-81-31-10-20-5-61-80-39-32-37-30-16-71-70-93-60-91-50-96-100-62-85-44-99-43-46-63-2-14-66-24-90-29-45-4-36-75-94-56-88-11-34-77-72-68-98-17-23-67-15-57-95-19-8-18-58-26-73-97-92-86-42-87-84-47-38-52-69-64-27-49-13-7-41
Ta100x20,1,2,200,0.8875,0.05,8,2230108273,17000,6425,6286,5851,3.204469104,v2_avx512bw_vec32_exact_perm,22-79-33-81-28-16-82-92-51-70-55-59-21-91-65-80-47-74-61-89-90-76-83-45-25-10-31-86-3-40-93-48-12-44-35-85-75-34-100-18-5-1-11-2-53-43-60-20-99-6-37-96-56-23-54-62-24-29-39-67-63-57-4-87-46-9-58-94-36-27-71-30-14-32-84-98-50-66-64-19-17-77-69-15-97-95-72-26-8-49-52-68-73-42-13-78-7-88-38-41
Ta100x20,1,2,200,0.8875,0.05,9,2230109282,17000,6401,6286,5851,3.090788412,v2_avx512bw_vec32_exact_perm,54-22-1-79-10-33-100-55-48-62-81-31-51-78-59-40-35-74-39-21-6-76-83-82-30-89-32-67-4-93-47-45-99-5-88-71-61-80-86-56-60-28-91-14-18-85-44-37-75-94-46-12-65-11-3-73-25-36-24-90-98-50-16-70-20-95-23-8-53-17-29-87-34-2-58-42-84-92-66-13-43-96-15-9-72-52-19-97-68-64-38-27-69-26-63-57-7-49-77-41
Ta100x20,1,2,200,0.8875,0.05,10,2230110291,17000,6399,6286,5851,2.941006321,v2_avx512bw_vec32_exact_perm,54-22-78-33-81-1-28-59-51-16-77-32-40-65-83-79-74-35-55-21-66-30-82-10-6-47-5-80-67-93-76-3-85-89-61-53-39-86-50-99-62-70-4-71-37-48-43-96-18-31-60-94-11-100-34-23-19-73-25-17-57-46-91-29-9-45-20-95-36-15-2-12-97-26-13-44-24-84-69-87-98-58-90-56-27-63-8-64-14-72-75-68-92-52-42-38-88-7-49-41
Ta100x20,1,2,200,0.8875,0.075,1,2230101210,17000,6390,6286,5851,2.834871115,v2_avx512bw_vec32_exact_perm,22-54-55-40-79-33-10-100-76-11-35-61-16-74-5-3-48-83-25-21-93-4-81-39-78-82-1-28-9-59-12-99-60-31-90-84-80-24-63-65-85-41-70-37-44-18-86-27-23-91-46-57-62-89-34-50-53-2-29-64-26-71-94-17-30-98-45-58-38-14-73-47-32-67-6-20-56-96-51-92-15-88-43-77-13-8-19-69-75-36-95-66-49-87-97-68-52-42-72-7
Ta100x20,1,2,200,0.8875,0.075,2,2230102219,17000,6418,6286,5851,2.761590849,v2_avx512bw_vec32_exact_perm,78-22-79-54-33-59-16-82-10-65-21-35-83-76-1-47-4-40-81-6-60-12-48-100-55-80-99-44-89-18-85-24-32-67-61-57-70-93-71-62-5-30-39-37-63-91-9-56-46-53-25-94-29-50-86-31-51-96-3-88-23-28-20-11-41-92-34-2-77-69-74-72-43-15-98-19-7-75-45-17-95-14-58-8-90-73-42-49-36-52-13-26-87-38-66-84-97-68-64-27
Ta100x20,1,2,200,0.8875,0.075,3,2230103228,17000,6416,6286,5851,2.621341795,v2_avx512bw_vec32_exact_perm,78-22-54-79-10-55-3-82-40-65-80-5-93-59-76-48-21-33-39-1-81-56-74-2-83-30-32-61-25-4-51-9-18-53-46-29-91-63-35-86-100-16-31-20-70-67-99-71-23-85-44-6-57-60-62-24-90-47-94-28-89-73-11-37-92-52-43-36-45-17-49-58-88-77-14-38-7-34-50-96-12-98-95-72-8-69-75-42-26-87-66-64-19-84-27-97-68-13-15-41
Ta100x20,1,2,200,0.8875,0.075,4,2230104237,17000,6339,6286,5851,2.911774983,v2_avx512bw_vec32_exact_perm,22-54-78-1-33-79-10-55-59-31-40-51-82-5-21-6-99-47-48-60-2-12-83-9-67-91-80-100-74-61-35-25-81-4-16-11-23-56-24-45-32-17-20-94-30-70-62-86-39-3-50-76-89-28-87-34-53-93-42-44-37-18-75-90-88-85-29-92-46-73-36-96-69-98-15-71-14-63-26-58-27-19-97-77-65-95-66-64-57-8-72-38-84-68-52-43-13-7-49-41
Ta100x20,1,2,200,0.8875,0.075,5,2230105246,17000,6378,6286,5851,2.732915274,v2_avx512bw_vec32_exact_perm,22-54-78-33-3-1-40-82-81-59-16-21-93-79-4-60-56-53-99-25-35-10-31-9-74-12-24-70-83-55-48-100-32-77-20-39-44-37-6-80-61-30-76-89-47-51-90-63-11-62-28-5-23-85-14-94-34-91-27-72-17-45-98-18-75-88-65-71-46-29-2-58-36-73-95-86-67-84-19-92-42-66-96-38-69-43-15-26-87-52-68-49-64-57-97-8-50-13-7-41
Ta100x20,1,2,200,0.8875,0.075,6,2230106255,17000,6378,6286,5851,2.813908985,v2_avx512bw_vec32_exact_perm,22-54-78-33-59-79-10-55-32-25-1-81-5-65-80-2-51-74-83-82-61-21-35-100-62-76-45-99-24-18-48-47-41-11-94-30-12-28-3-40-93-16-70-31-56-91-60-43-39-46-20-37-9-44-6-27-53-4-29-89-96-23-85-86-19-63-88-26-34-42-58-17-67-77-98-13-75-64-8-69-90-14-15-73-71-92-87-57-36-66-84-95-7-72-68-52-97-38-50-49
Ta100x20,1,2,200,0.8875,0.075,7,2230107264,17000,6409,6286,5851,2.82870012,v2_avx512bw_vec32_exact_perm,78-22-79-54-33-10-40-82-21-6-28-81-16-4-35-83-74-76-93-47-3-39-37-25-1-65-94-23-48-60-12-53-31-59-51-11-61-80-89-5-56-86-67-2-55-96-63-98-24-66-18-20-29-45-70-77-19-32-34-57-14-9-44-91-85-43-90-62-46-50-58-73-99-15-26-100-49-17-30-84-36-69-71-88-87-97-95-68-64-72-8-92-52-42-75-7-38-27-13-41
Ta100x20,1,2,200,0.8875,0.075,8,2230108273,17000,6374,6286,5851,2.546932251,v2_avx512bw_vec32_exact_perm,54-59-22-1-33-81-28-62-10-40-93-79-39-3-82-55-16-83-35-31-74-51-48-46-21-88-76-6-24-29-44-80-56-50-99-89-5-53-9-60-77-20-70-100-23-11-12-37-25-2-86-91-67-4-61-66-32-96-63-84-15-30-98-45-14-17-47-26-52-42-58-75-90-18-85-36-69-38-34-87-94-27-65-19-73-43-13-71-92-64-57-8-95-7-49-97-78-72-68-41
Ta100x20,1,2,200,0.8875,0.075,9,2230109282,17000,6411,6286,5851,2.993560567,v2_avx512bw_vec32_exact_perm,78-22-54-4-74-79-10-3-33-1-21-28-99-40-25-59-82-83-30-53-93-76-47-80-51-89-31-50-81-12-55-88-44-9-35-91-18-62-48-38-100-97-11-56-86-70-60-61-5-65-71-85-94-6-16-32-39-67-24-43-57-37-46-19-45-92-29-2-20-23-68-15-96-72-27-98-58-95-87-8-73-36-26-63-17-14-90-66-84-34-42-49-77-7-13-64-69-75-52-41
Ta100x20,1,2,200,0.8875,0.075,10,2230110291,17000,6374,6286,5851,2.70435295,v2_avx512bw_vec32_exact_perm,22-54-59-78-79-33-81-35-40-100-16-82-48-6-74-21-53-1-99-61-12-3-83-91-25-86-2-55-30-62-11-10-76-38-28-5-9-51-80-71-18-63-94-31-89-24-67-65-32-98-45-70-56-85-37-44-75-46-17-42-41-4-60-93-34-96-57-97-19-14-90-26-73-58-88-20-23-43-15-8-72-27-92-47-39-50-95-36-69-29-49-77-66-84-87-68-64-52-13-7
Ta100x20,1,2,200,0.8875,0.1,1,2230101210,17000,6392,6286,5851,2.931370243,v2_avx512bw_vec32_exact_perm,22-54-31-47-51-33-1-81-28-80-16-93-10-100-82-25-21-35-83-79-55-57-12-74-46-6-40-76-89-39-4-9-91-27-61-3-94-30-11-62-20-23-32-65-73-48-56-60-70-59-67-24-71-96-5-85-34-77-58-66-18-78-44-45-63-99-17-53-29-90-95-97-87-8-19-14-86-2-36-98-88-26-43-15-72-68-92-84-52-42-69-38-64-75-37-50-49-13-7-41
Ta100x20,1,2,200,0.8875,0.1,2,2230102219,17000,6387,6286,5851,2.764057099,v2_avx512bw_vec32_exact_perm,54-22-78-79-47-35-55-21-82-83-16-3-93-33-10-76-48-67-59-31-56-80-81-6-89-85-61-24-40-46-30-4-74-51-63-23-50-44-57-62-70-18-9-71-100-11-53-1-12-36-99-28-29-32-25-2-86-15-5-34-77-37-65-45-91-60-68-73-92-90-43-69-20-96-75-39-95-72-8-84-19-66-64-58-94-17-14-26-97-42-13-98-7-87-38-88-27-49-52-41
Ta100x20,1,2,200,0.8875,0.1,3,2230103228,17000,6402,6286,5851,2.886191504,v2_avx512bw_vec32_exact_perm,22-78-79-35-83-54-33-10-82-9-55-1-56-81-16-46-12-3-76-30-87-48-74-21-31-59-51-65-91-80-61-86-53-77-11-100-40-93-4-63-43-29-58-6-20-39-28-32-62-94-73-47-5-67-89-99-15-92-42-85-37-44-75-90-14-96-23-60-34-57-18-45-19-24-66-25-84-68-98-70-71-26-17-64-2-72-8-97-88-50-49-36-52-38-69-95-7-27-13-41
Ta100x20,1,2,200,0.8875,0.1,4,2230104237,17000,6378,6286,5851,2.788999756,v2_avx512bw_vec32_exact_perm,22-54-78-33-59-51-10-100-76-93-35-83-9-32-28-55-79-40-82-30-99-16-74-70-48-1-86-31-21-56-12-66-11-3-25-81-29-44-5-85-94-45-62-18-50-61-65-71-80-24-23-57-36-95-67-20-6-4-60-14-89-39-90-37-77-97-53-91-92-43-58-27-47-84-19-2-72-98-46-73-75-7-88-34-87-42-26-63-96-64-69-15-17-8-49-52-13-68-38-41
Ta100x20,1,2,200,0.8875,0.1,5,2230105246,17000,6448,6286,5851,2.974467114,v2_avx512bw_vec32_exact_perm,54-22-78-79-1-35-83-55-33-81-60-82-40-6-9-3-56-25-4-59-31-51-94-28-21-46-74-48-39-89-65-53-80-12-10-99-100-16-24-18-44-93-76-47-62-61-37-30-57-23-5-88-43-45-32-67-91-11-2-85-71-15-27-58-98-90-68-77-75-86-19-92-26-97-73-63-14-42-66-38-20-70-72-17-84-34-96-29-95-8-87-69-36-52-64-50-49-13-7-41
Ta100x20,1,2,200,0.8875,0.1,6,2230106255,17000,6412,6286,5851,3.12455189,v2_avx512bw_vec32_exact_perm,22-78-79-10-33-81-31-59-28-25-9-53-74-1-3-82-100-62-21-51-83-4-16-94-6-39-47-54-55-37-48-12-18-40-44-80-11-5-89-61-76-93-35-60-30-32-56-86-65-43-57-71-14-70-66-91-67-99-63-75-17-42-26-29-2-96-88-23-15-24-50-58-45-46-73-98-34-90-84-72-19-13-8-92-20-36-49-52-95-7-77-38-97-87-69-64-85-27-68-41
Ta100x20,1,2,200,0.8875,0.1,7,2230107264,17000,6480,6286,5851,3.119670097,v2_avx512bw_vec32_exact_perm,54-22-78-79-10-33-35-83-74-76-82-65-28-59-21-51-3-53-1-25-93-56-6-40-61-4-81-32-39-55-2-80-5-9-12-85-66-70-89-71-67-86-62-31-63-99-96-48-75-37-46-77-91-45-42-17-24-44-29-16-34-92-11-43-94-23-30-100-47-18-20-26-58-88-19-15-60-14-95-87-57-49-90-52-36-97-69-84-68-98-64-73-8-13-50-72-7-38-27-41
Ta100x20,1,2,200,0.8875,0.1,8,2230108273,17000,6400,6286,5851,3.202843254,v2_avx512bw_vec32_exact_perm,22-54-79-25-35-10-33-93-32-65-48-83-1-21-3-28-51-4-81-67-6-82-18-31-40-74-37-90-100-16-76-11-70-12-50-92-39-62-59-86-61-97-24-2-30-19-80-9-43-55-91-44-85-29-73-46-53-5-89-57-47-26-23-56-20-96-60-94-45-99-27-58-78-88-71-42-69-75-87-64-17-72-84-34-15-8-95-66-38-77-14-63-68-98-13-7-49-36-52-41
Ta100x20,1,2,200,0.8875,0.1,9,2230109282,17000,6460,6286,5851,3.036917004,v2_avx512bw_vec32_exact_perm,22-79-54-78-25-35-82-83-31-99-21-10-1-33-51-74-2-40-12-6-16-3-11-91-62-100-28-61-30-32-55-5-9-71-39-80-59-67-76-24-94-85-96-48-65-81-89-37-42-53-34-57-18-23-56-46-20-70-29-77-15-60-4-44-98-45-47-73-17-93-26-63-8-95-72-58-84-43-19-66-75-27-97-14-87-92-86-36-90-38-88-52-68-69-64-50-13-7-49-41
Ta100x20,1,2,200,0.8875,0.1,10,2230110291,17000,6457,6286,5851,3.224448548,v2_avx512bw_vec32_exact_perm,54-22-78-79-35-55-33-51-53-47-59-83-76-21-82-6-1-32-40-89-65-80-28-81-74-18-10-43-100-97-91-9-4-44-60-12-37-5-39-93-75-85-16-31-46-45-99-61-62-68-48-20-23-27-94-71-70-34-17-3-64-63-77-67-24-96-98-58-66-56-2-14-15-42-57-26-29-11-41-13-92-8-88-19-87-86-73-30-49-69-90-36-38-84-52-50-95-72-7-25
Ta100x20,1,2,200,0.8875,0.125,1,2230101210,17000,6520,6286,5851,3.039156965,v2_avx512bw_vec32_exact_perm,22-54-78-33-81-16-83-51-4-10-82-25-35-65-59-31-100-48-76-21-11-1-6-89-61-74-40-28-79-12-18-99-5-24-53-58-60-85-87-47-32-45-80-67-56-44-62-86-73-9-93-46-96-27-3-20-2-91-98-43-55-94-14-71-49-30-70-23-39-88-68-64-57-36-37-17-84-42-15-38-92-77-29-26-72-95-75-34-8-50-19-63-97-69-66-13-90-7-52-41
Ta100x20,1,2,200,0.8875,0.125,2,2230102219,17000,6479,6286,5851,2.969786806,v2_avx512bw_vec32_exact_perm,54-22-47-78-79-3-10-76-28-58-59-33-35-99-94-9-83-31-48-65-21-82-53-40-56-6-1-55-16-91-81-39-70-12-88-74-29-80-71-61-51-44-89-2-24-46-100-68-45-85-60-92-20-43-11-30-18-5-75-32-63-15-62-72-86-50-14-67-4-96-37-42-25-26-87-73-57-64-97-93-23-17-34-36-95-8-19-98-84-52-38-69-90-13-7-27-49-77-66-41
Ta100x20,1,2,200,0.8875,0.125,3,2230103228,17000,6486,6286,5851,3.017999638,v2_avx512bw_vec32_exact_perm,22-54-78-79-33-28-81-16-60-59-31-32-83-5-51-21-55-40-18-82-9-48-6-100-10-25-65-74-80-12-86-36-35-1-3-20-39-93-77-75-63-85-43-70-37-4-47-44-76-61-89-99-30-23-56-46-94-11-91-34-62-57-45-88-24-66-49-27-58-2-67-53-17-96-42-29-14-8-98-19-84-15-87-68-92-69-71-64-73-97-26-50-95-72-7-13-90-38-52-41
Ta100x20,1,2,200,0.8875,0.125,4,2230104237,17000,6502,6286,5851,2.833717836,v2_avx512bw_vec32_exact_perm,78-22-54-47-79-10-33-16-59-77-60-5-35-55-71-83-21-3-9-40-65-91-70-12-76-31-89-74-48-61-39-86-57-53-80-93-82-41-85-99-81-6-37-25-67-44-100-18-45-4-1-51-11-63-32-28-24-62-96-50-94-69-8-98-23-30-26-84-66-2-42-29-20-92-46-72-73-75-43-95-7-90-15-14-19-58-56-17-88-97-64-13-68-34-87-36-27-38-52-49
Ta100x20,1,2,200,0.8875,0.125,5,2230105246,17000,6476,6286,5851,2.7302988,v2_avx512bw_vec32_exact_perm,54-22-79-33-10-76-65-3-51-66-59-32-80-21-28-74-6-5-9-83-4-47-55-61-82-40-70-39-16-91-48-81-25-18-93-31-63-41-30-96-60-56-86-12-35-45-85-11-99-37-29-77-94-62-1-44-100-89-57-23-46-53-20-34-67-88-92-19-64-71-15-43-2-8-14-36-72-27-98-95-58-68-75-26-90-73-87-17-97-84-24-69-42-38-52-50-13-7-49-78
Ta100x20,1,2,200,0.8875,0.125,6,2230106255,17000,6533,6286,5851,2.670173075,v2_avx512bw_vec32_exact_perm,22-54-31-78-33-81-35-83-82-55-79-60-51-2-5-76-99-4-40-21-93-25-48-59-46-9-80-10-1-67-39-71-53-16-74-100-24-6-12-30-62-23-41-57-37-50-11-8-3-44-73-70-91-20-28-14-85-96-27-32-61-65-89-56-98-94-18-72-84-43-77-7-86-87-69-92-58-42-29-17-26-19-88-15-66-45-34-13-64-63-68-75-47-95-36-52-38-49-90-97
Ta100x20,1,2,200,0.8875,0.125,7,2230107264,17000,6510,6286,5851,2.891184804,v2_avx512bw_vec32_exact_perm,78-22-54-79-55-65-59-35-32-33-80-40-81-25-82-51-3-93-39-16-1-48-6-12-21-53-47-85-76-89-61-2-83-9-28-44-58-10-67-96-24-74-99-5-18-97-100-37-60-31-45-77-91-57-62-86-11-38-94-70-43-8-4-15-68-95-71-87-23-34-56-88-72-17-20-30-46-19-73-26-92-42-29-84-98-27-69-90-7-49-64-14-63-75-50-36-13-66-52-41
Ta100x20,1,2,200,0.8875,0.125,8,2230108273,17000,6448,6286,5851,2.892272387,v2_avx512bw_vec32_exact_perm,54-22-78-33-81-10-79-35-55-82-32-59-31-40-51-62-5-100-65-16-21-76-70-1-74-56-48-29-6-61-80-3-47-44-99-25-86-53-71-89-45-94-18-67-85-4-83-11-20-30-68-60-95-17-93-73-98-39-96-23-91-46-28-57-9-50-2-15-87-37-84-12-24-75-14-7-13-36-34-92-77-58-97-90-27-19-69-88-64-63-8-66-72-42-26-52-43-38-49-41
Ta100x20,1,2,200,0.8875,0.125,9,2230109282,17000,6451,6286,5851,2.770309857,v2_avx512bw_vec32_exact_perm,54-22-78-79-10-12-24-28-55-59-99-50-80-9-33-74-83-61-4-81-21-1-53-82-30-16-6-76-29-35-18-40-25-65-56-89-32-34-13-97-100-70-63-85-71-84-19-46-23-62-86-57-14-44-98-3-60-5-11-73-90-27-48-47-75-92-93-67-31-43-91-2-37-39-87-68-15-51-88-69-96-45-64-17-20-72-42-26-95-7-49-38-77-66-58-94-36-52-8-41
Ta100x20,1,2,200,0.8875,0.125,10,2230110291,17000,6519,6286,5851,2.616550148,v2_avx512bw_vec32_exact_perm,78-22-33-35-55-9-21-47-31-79-40-60-82-48-76-6-83-44-10-16-91-39-5-54-50-2-86-98-1-12-74-65-80-75-4-81-18-51-32-59-30-53-62-25-84-100-23-63-57-28-24-37-67-70-71-94-99-61-20-77-43-90-69-29-3-45-8-11-96-58-85-14-15-73-17-92-46-97-89-42-7-26-72-19-68-88-64-93-49-56-34-95-87-36-27-66-13-38-52-41
Ta100x20,1,2,200,0.925,0.025,1,2230101210,17000,6397,6286,5851,2.669831748,v2_avx512bw_vec32_exact_perm,47-22-54-1-55-65-33-35-74-83-82-48-79-81-31-25-10-100-18-30-32-40-51-21-12-3-70-56-76-91-85-44-89-61-80-99-46-16-59-73-60-6-86-71-5-11-62-78-57-94-9-39-53-28-93-29-4-63-84-67-24-90-20-43-2-23-37-96-77-15-72-88-68-34-87-17-64-69-50-45-8-13-26-98-19-14-75-7-66-97-36-95-27-58-92-42-38-52-49-41
Ta100x20,1,2,200,0.925,0.025,2,2230102219,17000,6404,6286,5851,2.626297709,v2_avx512bw_vec32_exact_perm,54-22-78-1-79-10-31-99-81-33-82-16-3-83-25-35-51-12-55-47-32-48-40-59-43-5-89-65-80-93-45-37-56-4-21-44-18-60-24-28-62-98-6-90-74-39-61-100-53-11-76-29-94-88-19-85-46-30-9-23-63-57-67-91-70-27-20-96-58-7-77-2-15-17-72-86-38-73-34-95-84-36-69-71-64-14-50-8-75-87-68-49-66-92-97-42-13-26-52-41
Ta100x20,1,2,200,0.925,0.025,3,2230103228,17000,6385,6286,5851,3.033966406,v2_avx512bw_vec32_exact_perm,22-54-55-78-59-33-79-83-35-76-28-25-10-82-40-65-74-3-62-100-80-81-21-12-1-18-51-24-39-90-16-5-11-73-32-61-99-27-70-89-31-48-45-20-85-71-6-9-53-47-19-94-93-30-4-56-60-86-66-46-14-44-91-2-67-7-63-88-77-23-29-84-58-38-98-43-17-34-95-96-72-68-69-15-64-13-50-75-57-92-97-26-87-8-37-42-49-36-52-41
Ta100x20,1,2,200,0.925,0.025,4,2230104237,17000,6425,6286,5851,3.042013015,v2_avx512bw_vec32_exact_perm,54-22-78-33-59-74-79-3-10-82-65-16-83-24-21-35-40-56-55-48-12-25-81-30-31-93-51-80-19-61-11-4-1-28-76-63-99-47-62-94-53-18-91-9-86-46-20-29-60-6-5-89-32-100-42-85-45-44-88-70-71-37-39-92-66-15-2-23-34-67-27-90-98-87-14-96-57-36-75-26-73-64-17-8-58-95-68-43-97-49-77-7-72-38-84-69-50-13-52-41
Ta100x20,1,2,200,0.925,0.025,5,2230105246,17000,6407,6286,5851,2.735409156,v2_avx512bw_vec32_exact_perm,22-54-78-47-59-55-33-46-16-99-79-10-100-74-31-40-82-80-61-25-9-48-93-21-5-30-62-35-83-71-86-4-67-3-18-1-81-56-44-85-53-89-76-51-63-6-60-34-43-32-19-70-17-11-96-28-23-24-45-37-88-20-27-94-58-39-65-91-2-87-66-73-42-12-26-29-95-84-98-90-14-75-69-77-36-15-64-8-13-92-97-68-52-72-38-50-57-7-49-41
Ta100x20,1,2,200,0.925,0.025,6,2230106255,17000,6450,6286,5851,2.947131429,v2_avx512bw_vec32_exact_perm,22-79-28-25-59-31-78-81-16-3-74-5-82-83-33-93-1-53-9-48-55-21-6-51-32-12-100-11-10-90-85-40-44-54-14-61-43-4-2-46-29-70-62-76-89-91-18-86-56-80-30-60-24-47-35-39-20-37-73-67-94-88-71-99-19-65-41-45-17-98-23-58-84-92-27-96-64-36-57-95-66-77-75-8-34-97-38-87-63-26-42-52-13-68-69-15-72-50-7-49
Ta100x20,1,2,200,0.925,0.025,7,2230107264,17000,6370,6286,5851,2.858509771,v2_avx512bw_vec32_exact_perm,22-54-78-79-10-82-9-31-100-1-3-55-40-74-81-5-99-16-51-18-48-21-12-4-83-71-39-32-65-25-59-61-30-53-33-93-91-80-70-28-37-62-6-60-89-47-94-56-44-85-14-15-29-77-45-96-17-35-86-76-38-46-50-34-87-2-67-24-43-88-23-97-90-57-11-66-26-75-68-73-64-20-19-95-72-63-8-92-42-13-52-58-36-84-98-27-69-7-49-41
Ta100x20,1,2,200,0.925,0.025,8,2230108273,17000,6400,6286,5851,2.994350135,v2_avx512bw_vec32_exact_perm,54-22-79-10-33-35-76-82-83-51-16-78-59-32-55-21-11-6-12-40-3-1-74-39-5-48-81-31-80-93-100-66-44-60-45-4-61-28-96-86-73-46-99-20-18-53-92-71-30-62-89-37-67-91-42-9-25-72-17-94-24-70-47-43-2-29-19-56-77-85-58-88-8-38-23-68-64-98-57-14-15-65-63-26-75-90-27-84-97-34-95-87-69-50-13-7-49-36-52-41
Ta100x20,1,2,200,0.925,0.025,9,2230109282,17000,6444,6286,5851,2.973419562,v2_avx512bw_vec32_exact_perm,22-54-78-33-51-74-31-25-81-82-79-12-35-76-10-65-32-48-21-6-28-40-3-93-59-77-83-44-16-100-45-60-4-85-37-1-46-47-70-20-5-61-39-56-80-97-11-53-18-71-30-89-9-99-62-55-63-86-91-88-90-67-24-43-2-29-19-34-14-96-57-23-15-68-49-17-52-36-95-72-98-58-84-26-94-50-8-73-75-92-66-42-87-69-13-7-64-27-38-41
Ta100x20,1,2,200,0.925,0.025,10,2230110291,17000,6427,6286,5851,3.137958509,v2_avx512bw_vec32_exact_perm,22-47-82-78-33-59-79-5-16-10-40-25-35-74-81-80-51-93-1-53-12-99-100-31-76-48-21-70-89-83-9-55-91-38-61-30-45-18-32-54-67-6-85-4-20-37-11-44-29-39-94-62-3-50-96-34-27-46-63-98-75-2-58-65-19-77-60-24-56-72-87-92-86-88-43-23-42-69-15-71-57-26-90-73-95-7-17-64-8-14-28-49-36-84-52-68-13-97-66-41
Ta100x20,1,2,200,0.925,0.05,1,2230101210,17000,6386,6286,5851,2.702323865,v2_avx512bw_vec32_exact_perm,54-22-47-78-10-40-33-81-79-82-16-56-1-21-35-55-25-32-70-12-74-100-99-80-5-76-93-59-9-44-83-28-18-24-31-50-89-48-11-30-43-3-61-72-91-62-94-20-46-86-4-65-45-60-6-37-53-15-71-26-90-73-14-17-96-58-87-34-27-23-98-19-67-2-8-97-75-13-36-39-88-51-63-77-66-64-85-92-84-68-52-38-57-42-69-29-95-7-49-41
Ta100x20,1,2,200,0.925,0.05,2,2230102219,17000,6364,6286,5851,2.852637949,v2_avx512bw_vec32_exact_perm,54-78-59-22-33-79-35-55-74-90-62-100-51-40-3-82-21-83-5-93-61-16-4-12-32-39-60-30-80-81-91-76-85-65-77-10-44-57-45-48-1-99-46-89-73-27-29-92-11-94-25-2-31-9-50-28-23-20-53-6-37-96-47-64-67-38-70-71-86-14-58-56-88-24-43-15-17-72-69-75-66-19-63-8-34-87-36-84-98-95-7-49-42-18-13-26-52-97-68-41
Ta100x20,1,2,200,0.925,0.05,3,2230103228,17000,6436,6286,5851,2.74592441,v2_avx512bw_vec32_exact_perm,54-22-78-79-10-33-59-35-83-16-24-18-55-74-1-5-65-3-81-80-82-9-56-76-60-70-47-51-38-12-21-40-61-4-48-23-11-94-28-63-91-85-89-43-31-93-62-30-99-44-37-100-90-45-6-25-32-98-20-34-53-2-29-73-46-71-67-96-58-27-14-57-39-92-42-72-17-15-69-87-50-7-88-97-26-77-75-36-95-19-86-13-8-49-66-84-68-64-52-41
Ta100x20,1,2,200,0.925,0.05,4,2230104237,17000,6382,6286,5851,2.851418134,v2_avx512bw_vec32_exact_perm,54-78-22-79-35-55-100-74-1-21-3-51-25-92-10-39-48-81-33-61-45-88-93-31-80-59-76-40-82-30-56-70-47-85-4-89-60-94-86-18-65-20-12-5-44-16-11-19-83-2-24-50-53-29-46-75-23-73-28-99-32-42-37-6-9-67-91-62-98-87-95-8-72-34-58-27-97-36-57-26-71-63-69-90-77-66-84-96-64-38-14-15-17-68-52-43-13-7-49-41
Ta100x20,1,2,200,0.925,0.05,5,2230105246,17000,6405,6286,5851,3.090762351,v2_avx512bw_vec32_exact_perm,54-78-22-47-10-33-83-35-55-48-79-61-21-99-76-82-1-9-74-53-12-85-81-5-4-59-30-3-39-40-93-60-65-32-56-25-70-16-91-28-62-94-89-6-31-38-86-63-100-11-14-98-42-80-51-18-17-58-24-36-2-20-73-96-46-57-29-44-45-37-26-67-71-87-77-23-34-95-72-27-92-97-49-7-90-69-15-68-88-64-50-75-66-19-84-52-43-13-8-41
Ta100x20,1,2,200,0.925,0.05,6,2230106255,17000,6408,6286,5851,2.691384665,v2_avx512bw_vec32_exact_perm,79-22-54-33-83-35-74-4-81-31-76-28-59-3-41-1-11-60-30-82-85-6-53-10-65-32-40-51-21-78-43-93-62-48-71-94-55-9-80-44-24-39-70-16-91-50-100-18-88-46-98-61-25-14-12-20-89-23-58-56-5-97-2-36-66-15-77-73-99-96-37-47-64-19-67-17-95-86-26-29-75-63-57-87-8-45-92-42-13-34-49-90-84-68-52-69-72-7-38-27
Ta100x20,1,2,200,0.925,0.05,7,2230107264,17000,6395,6286,5851,2.704014942,v2_avx512bw_vec32_exact_perm,22-54-79-33-82-83-89-78-59-65-35-53-55-74-56-81-77-76-40-9-47-3-25-48-43-5-93-10-99-21-12-60-86-80-1-51-46-52-61-4-16-11-32-6-100-50-30-62-45-27-58-57-23-67-91-85-94-2-20-96-31-24-70-66-44-39-28-37-15-71-14-72-34-18-92-29-68-17-95-97-75-36-87-88-42-26-73-98-19-84-13-7-69-90-63-64-8-38-49-41
Ta100x20,1,2,200,0.925,0.05,8,2230108273,17000,6452,6286,5851,2.798734091,v2_avx512bw_vec32_exact_perm,54-22-78-33-81-16-79-10-31-51-32-12-83-47-82-21-25-3-65-35-40-5-56-1-55-48-11-93-60-100-74-80-89-44-30-76-99-2-20-6-28-63-70-61-77-85-94-42-23-37-39-62-86-27-4-96-9-24-67-45-91-53-29-46-57-84-71-18-59-64-69-72-68-98-26-88-97-75-90-17-58-19-34-43-15-87-14-38-92-52-8-73-36-50-95-13-7-49-66-41
Ta100x20,1,2,200,0.925,0.05,9,2230109282,17000,6480,6286,5851,2.672110458,v2_avx512bw_vec32_exact_perm,22-54-78-79-82-55-33-65-35-10-31-83-21-51-91-3-1-11-12-81-76-48-74-47-60-6-28-18-32-99-94-5-77-80-73-61-9-40-59-16-24-25-44-100-39-70-56-37-93-23-30-89-62-88-63-34-57-7-45-84-71-46-67-19-98-72-17-29-53-4-20-2-92-96-15-43-14-75-27-58-95-8-36-86-13-49-42-87-26-97-90-68-52-69-64-85-50-38-66-41
Ta100x20,1,2,200,0.925,0.05,10,2230110291,17000,6412,6286,5851,2.995373709,v2_avx512bw_vec32_exact_perm,54-78-79-22-82-33-10-32-48-25-1-81-100-46-16-74-92-21-61-35-42-99-76-3-83-59-30-40-12-5-55-89-53-20-18-91-96-60-9-70-51-71-39-62-28-93-63-86-97-4-2-29-88-65-52-50-67-17-23-80-24-44-72-37-56-94-68-43-11-66-6-31-98-15-90-14-8-77-75-13-34-45-19-58-95-7-57-73-26-47-87-38-84-27-69-64-85-49-36-41
Ta100x20,1,2,200,0.925,0.075,1,2230101210,17000,6526,6286,5851,2.655816851,v2_avx512bw_vec32_exact_perm,79-22-54-78-89-25-35-10-65-31-85-21-81-33-40-1-16-48-93-28-83-5-73-82-6-80-9-4-60-71-18-47-100-12-24-74-43-3-55-99-44-94-57-90-61-11-45-59-30-37-32-98-70-17-66-14-51-76-84-8-23-15-39-92-42-46-20-91-29-58-86-2-88-67-68-95-75-56-72-19-53-69-96-62-38-97-26-34-64-87-63-27-50-13-7-49-77-36-52-41
Ta100x20,1,2,200,0.925,0.075,2,2230102219,17000,6494,6286,5851,2.835405519,v2_avx512bw_vec32_exact_perm,47-22-54-33-10-79-4-40-60-31-28-74-83-81-35-99-76-21-25-61-32-51-12-78-56-80-14-65-89-45-82-100-59-55-30-9-91-85-11-5-16-94-44-1-6-36-37-71-2-29-88-53-18-62-86-77-96-39-48-63-67-17-43-24-20-97-13-70-23-93-57-42-46-3-15-92-58-66-34-90-84-27-75-69-8-98-95-19-87-26-52-68-73-64-72-50-38-7-49-41
Ta100x20,1,2,200,0.925,0.075,3,2230103228,17000,6445,6286,5851,2.596037842,v2_avx512bw_vec32_exact_perm,22-54-78-1-4-81-25-35-60-100-74-80-31-59-65-76-3-44-51-10-32-67-33-93-79-21-18-82-40-39-5-94-28-9-16-70-47-91-89-12-83-85-90-14-2-61-53-55-34-99-46-62-6-86-24-48-20-36-45-23-27-57-15-71-30-17-11-49-69-43-72-63-58-84-56-29-50-37-96-64-68-87-98-95-7-75-13-73-19-8-92-97-42-88-26-52-38-77-66-41
Ta100x20,1,2,200,0.925,0.075,4,2230104237,17000,6476,6286,5851,2.547460709,v2_avx512bw_vec32_exact_perm,54-22-78-33-59-79-10-35-74-31-83-32-48-51-81-30-55-1-53-82-62-9-5-80-91-50-71-3-40-12-25-6-11-16-86-20-70-28-21-2-85-37-44-39-18-63-60-96-99-14-65-73-100-67-76-24-61-94-23-57-47-46-27-15-4-58-93-26-29-97-45-17-92-42-56-89-8-95-72-52-68-75-36-69-34-90-87-88-98-19-84-43-13-7-49-64-77-66-38-41
Ta100x20,1,2,200,0.925,0.075,5,2230105246,17000,6539,6286,5851,3.271389199,v2_avx512bw_vec32_exact_perm,54-22-47-10-33-1-60-40-77-28-5-92-83-74-81-16-6-82-35-55-79-65-32-59-48-9-76-18-21-70-80-61-39-86-53-11-100-51-25-12-50-3-67-89-4-94-37-30-99-45-56-97-23-20-85-66-91-2-46-72-90-44-87-31-57-88-34-75-27-62-84-24-13-58-98-36-71-95-93-96-26-63-43-8-19-73-29-15-64-17-14-68-49-52-69-38-7-41-42-78
Ta100x20,1,2,200,0.925,0.075,6,2230106255,17000,6500,6286,5851,2.603258864,v2_avx512bw_vec32_exact_perm,22-54-78-79-3-35-55-82-76-74-5-33-40-65-4-59-16-77-83-32-99-39-10-9-56-60-81-12-51-57-21-44-28-31-93-91-100-53-25-2-50-61-89-18-80-96-47-64-24-68-86-48-37-70-14-98-27-71-67-66-94-45-1-62-72-19-46-88-75-85-92-43-23-17-11-6-15-29-63-30-42-87-84-8-97-26-20-95-69-34-58-36-49-90-73-13-7-52-38-41
Ta100x20,1,2,200,0.925,0.075,7,2230107264,17000,6370,6286,5851,3.005274044,v2_avx512bw_vec32_exact_perm,54-22-33-100-25-59-31-51-3-10-82-65-74-83-79-4-76-40-1-35-47-21-81-6-16-91-61-80-68-9-12-99-5-60-85-56-89-46-48-53-96-70-29-62-28-86-24-87-45-55-98-2-20-63-43-30-32-64-93-94-57-11-18-77-23-37-44-66-42-72-88-78-15-71-26-34-39-95-67-75-17-14-19-73-90-27-58-84-69-97-92-52-38-36-8-50-49-13-7-41
Ta100x20,1,2,200,0.925,0.075,8,2230108273,17000,6488,6286,5851,2.775560654,v2_avx512bw_vec32_exact_perm,54-78-22-47-79-10-35-25-1-9-74-51-53-33-21-82-83-100-2-12-46-55-16-40-5-48-91-59-99-42-62-93-81-73-28-30-76-6-32-57-86-61-11-70-89-18-31-39-60-37-85-80-90-4-43-20-14-23-44-94-29-24-65-75-67-71-19-56-3-8-92-88-45-96-77-34-15-63-26-97-72-17-84-58-27-98-36-87-95-69-68-66-52-64-13-50-7-38-49-41
Ta100x20,1,2,200,0.925,0.075,9,2230109282,17000,6454,6286,5851,2.550752269,v2_avx512bw_vec32_exact_perm,54-22-47-78-33-28-81-62-35-74-10-32-4-76-83-5-21-51-93-48-89-40-61-70-65-12-79-11-16-82-1-56-9-53-80-55-18-94-30-91-31-63-39-99-25-71-20-86-59-3-85-45-67-96-37-68-46-44-57-15-2-34-66-6-60-24-23-14-19-77-88-100-27-58-92-43-29-38-87-42-26-8-64-72-17-75-97-50-73-36-98-13-90-84-69-52-95-7-49-41
Ta100x20,1,2,200,0.925,0.075,10,2230110291,17000,6372,6286,5851,2.900492086,v2_avx512bw_vec32_exact_perm,54-22-79-33-100-81-35-55-74-63-65-21-82-6-9-28-25-59-31-40-4-70-60-85-1-51-2-10-11-62-48-86-12-57-47-61-46-76-83-44-5-73-3-30-20-91-39-37-87-53-90-67-93-71-16-23-17-80-24-42-29-78-15-14-75-32-56-94-64-99-50-96-69-97-26-89-34-95-27-36-88-98-19-18-58-45-8-92-43-72-84-66-38-77-7-49-52-13-68-41
Ta100x20,1,2,200,0.925,0.1,1,2230101210,17000,6546,6286,5851,2.590303131,v2_avx512bw_vec32_exact_perm,22-54-25-79-47-33-82-3-16-74-1-81-35-76-51-48-90-78-61-21-59-53-65-11-6-10-80-9-27-99-31-40-91-83-5-29-18-14-30-4-60-89-93-12-38-56-85-39-98-62-55-84-100-32-20-70-92-44-86-2-28-45-23-75-24-42-37-96-15-58-19-67-57-68-94-72-88-7-71-26-73-17-34-77-43-95-66-87-8-64-63-52-69-13-46-97-50-36-49-41
Ta100x20,1,2,200,0.925,0.1,2,2230102219,17000,6515,6286,5851,2.631026886,v2_avx512bw_vec32_exact_perm,22-79-54-33-83-35-10-78-6-25-9-53-30-82-47-3-40-61-74-60-21-100-65-59-5-80-51-1-4-85-81-55-48-32-45-94-70-16-91-43-93-62-56-28-24-12-18-99-11-76-86-44-77-31-38-29-20-46-88-27-63-96-90-98-89-2-23-57-67-17-58-34-72-42-37-39-92-84-97-15-13-50-19-75-26-66-14-7-73-71-68-8-95-87-69-64-52-49-36-41
Ta100x20,1,2,200,0.925,0.1,3,2230103228,17000,6549,6286,5851,2.780415956,v2_avx512bw_vec32_exact_perm,22-78-79-54-10-25-9-5-33-3-16-82-93-74-4-40-30-21-83-28-55-59-31-45-2-46-76-65-51-91-32-12-1-47-48-81-27-89-77-53-36-57-29-80-6-73-94-85-44-61-42-18-62-11-35-99-100-20-24-23-37-58-56-70-96-39-14-86-50-60-95-67-17-19-34-15-75-88-71-92-72-26-97-90-8-69-43-13-63-7-38-98-87-66-64-84-52-68-49-41
Ta100x20,1,2,200,0.925,0.1,4,2230104237,17000,6502,6286,5851,2.690192753,v2_avx512bw_vec32_exact_perm,54-22-47-78-10-33-48-79-83-94-28-81-35-12-91-65-76-3-24-1-80-59-82-74-60-93-30-16-100-53-55-40-23-99-85-45-88-4-61-44-21-86-70-46-17-20-41-56-29-6-67-32-71-89-5-90-34-43-14-57-31-9-37-96-39-50-15-26-97-18-11-62-72-95-98-75-63-2-51-8-73-7-92-42-19-66-27-58-84-87-13-68-69-64-77-52-36-38-25-49
Ta100x20,1,2,200,0.925,0.1,5,2230105246,17000,6523,6286,5851,3.004129623,v2_avx512bw_vec32_exact_perm,54-78-22-33-59-100-31-82-1-35-76-21-51-12-28-81-90-61-80-92-85-16-6-74-91-83-3-30-79-40-55-4-71-93-96-32-9-73-65-50-44-99-29-94-89-46-62-75-57-11-43-60-56-36-53-24-20-14-23-2-86-88-48-15-70-38-47-18-66-67-19-10-95-64-25-37-39-58-27-87-5-45-84-17-42-69-72-98-8-26-97-34-13-49-7-63-77-52-68-41
Ta100x20,1,2,200,0.925,0.1,6,2230106255,17000,6475,6286,5851,2.612663005,v2_avx512bw_vec32_exact_perm,22-54-55-33-59-79-10-31-82-16-83-5-35-40-1-18-81-21-65-4-51-45-60-76-28-99-61-12-25-91-88-9-93-39-48-37-3-74-80-100-47-94-66-44-14-24-62-30-70-71-73-92-19-63-57-36-43-89-46-78-34-20-6-53-11-96-2-29-85-23-68-15-95-67-32-86-26-98-49-87-8-56-42-69-90-64-75-17-77-58-27-97-72-50-13-7-84-38-52-41
Ta100x20,1,2,200,0.925,0.1,7,2230107264,17000,6461,6286,5851,2.801916582,v2_avx512bw_vec32_exact_perm,54-22-78-33-59-79-28-35-55-70-85-76-9-83-91-3-25-1-74-48-12-81-21-51-18-100-31-53-99-82-10-44-16-89-62-40-5-80-61-86-11-38-6-65-32-67-71-30-60-73-93-56-4-94-39-88-20-57-29-2-96-46-15-47-24-58-27-90-77-37-19-45-17-92-23-34-36-95-43-97-72-8-14-63-87-42-66-98-26-84-75-68-52-64-13-50-69-7-49-41
Ta100x20,1,2,200,0.925,0.1,8,2230108273,17000,6516,6286,5851,2.658316283,v2_avx512bw_vec32_exact_perm,54-22-78-33-47-81-10-16-65-62-51-83-59-4-61-3-21-1-28-32-30-99-74-53-9-24-40-5-12-11-55-48-82-80-31-89-79-86-35-66-70-27-58-91-6-76-45-90-39-98-37-93-18-85-97-42-92-60-100-67-20-71-96-56-14-29-44-88-2-19-57-84-63-46-23-15-34-8-77-17-64-94-72-87-50-69-75-43-38-36-26-52-68-95-73-7-13-25-49-41
Ta100x20,1,2,200,0.925,0.1,9,2230109282,17000,6455,6286,5851,2.790256621,v2_avx512bw_vec32_exact_perm,54-22-78-79-10-33-51-16-59-35-31-74-83-21-89-1-12-5-60-91-85-40-6-28-55-46-65-45-66-99-4-71-94-11-82-48-93-61-30-3-76-100-80-88-9-44-37-43-2-34-32-27-70-23-25-42-67-56-81-29-98-14-39-17-75-19-90-62-53-58-86-63-47-18-96-8-13-73-57-26-15-24-69-77-36-20-72-95-7-87-97-92-84-68-52-50-64-49-38-41
Ta100x20,1,2,200,0.925,0.1,10,2230110291,17000,6503,6286,5851,2.595487152,v2_avx512bw_vec32_exact_perm,22-79-54-10-76-78-81-35-55-32-9-59-61-21-31-51-82-33-6-99-83-12-74-11-5-1-16-60-28-62-85-94-23-3-77-67-71-65-100-80-37-44-86-70-25-27-46-29-4-57-45-30-91-40-43-93-47-92-89-56-88-63-58-66-48-39-20-75-15-2-96-14-18-24-19-53-34-36-95-98-72-8-68-64-87-50-17-97-13-26-49-7-73-42-84-38-69-90-52-41
Ta100x20,1,2,200,0.925,0.125,1,2230101210,17000,6493,6286,5851,3.262836313,v2_avx512bw_vec32_exact_perm,54-22-33-59-35-83-82-79-31-81-76-28-77-1-10-40-80-39-37-51-12-5-16-99-25-30-4-74-60-42-6-29-89-32-100-21-65-3-93-44-56-71-91-9-88-67-24-2-46-94-85-53-72-48-63-70-61-57-27-11-55-98-23-62-92-75-45-20-18-86-19-95-96-47-64-58-66-73-8-26-38-84-90-43-69-34-15-17-87-14-49-97-68-36-13-50-78-7-52-41
Ta100x20,1,2,200,0.925,0.125,2,2230102219,17000,6529,6286,5851,2.851119335,v2_avx512bw_vec32_exact_perm,47-22-54-33-10-79-35-32-65-82-74-1-9-55-100-16-6-3-40-12-91-51-76-81-30-83-28-25-5-57-63-96-58-48-59-21-46-62-60-56-45-88-24-80-86-61-4-99-93-44-85-29-23-18-20-53-27-87-39-89-67-98-2-31-34-66-19-94-11-77-70-17-97-37-36-15-38-14-42-43-92-72-84-26-95-75-68-52-64-90-73-71-13-8-49-69-7-50-78-41
Ta100x20,1,2,200,0.925,0.125,3,2230103228,17000,6511,6286,5851,2.671691761,v2_avx512bw_vec32_exact_perm,54-22-79-33-81-28-35-10-65-76-78-83-59-24-53-55-40-51-74-12-3-82-99-16-61-11-21-1-46-91-70-9-6-60-31-25-100-37-48-23-88-29-47-94-39-62-93-89-80-50-56-30-87-69-63-4-36-86-85-18-44-96-67-71-57-97-20-92-8-5-64-43-2-32-72-98-27-75-19-14-26-34-17-45-84-95-66-42-58-15-68-49-13-7-73-90-38-52-77-41
Ta100x20,1,2,200,0.925,0.125,4,2230104237,17000,6518,6286,5851,2.980073395,v2_avx512bw_vec32_exact_perm,54-22-78-79-47-10-82-62-35-55-74-83-4-1-3-9-33-60-28-40-21-80-12-32-93-44-51-85-11-5-16-56-30-41-90-76-81-31-6-59-99-100-46-29-48-94-24-67-73-98-37-2-92-89-20-39-61-84-14-43-75-19-57-66-23-77-53-86-65-95-70-63-34-8-72-71-96-87-45-58-50-26-69-15-17-64-91-97-68-88-49-18-7-42-38-52-27-13-36-25
Ta100x20,1,2,200,0.925,0.125,5,2230105246,17000,6526,6286,5851,3.469648685,v2_avx512bw_vec32_exact_perm,79-22-35-54-25-100-16-83-4-10-33-3-51-81-31-59-40-82-28-11-48-74-18-60-6-65-91-61-21-80-1-37-30-12-99-46-76-89-85-63-42-55-90-62-47-86-94-24-2-53-29-93-34-77-32-67-57-5-45-17-44-75-92-23-20-84-39-70-9-56-66-43-96-58-64-97-72-98-19-68-88-14-52-95-7-71-73-26-15-8-38-69-87-27-13-50-49-36-78-41
Ta100x20,1,2,200,0.925,0.125,6,2230106255,17000,6542,6286,5851,3.601803525,v2_avx512bw_vec32_exact_perm,54-22-78-79-47-10-33-60-65-80-16-51-3-9-55-30-59-1-82-77-85-99-12-21-5-74-35-31-40-81-48-83-6-100-32-61-45-4-76-11-28-94-93-73-46-53-98-44-66-14-71-67-96-58-24-18-25-17-23-57-72-88-62-20-39-75-8-36-37-70-91-15-2-89-27-92-42-56-49-34-29-87-69-90-84-38-86-63-97-19-43-26-95-68-7-13-64-50-52-41
Ta100x20,1,2,200,0.925,0.125,7,2230107264,17000,6499,6286,5851,3.431864942,v2_avx512bw_vec32_exact_perm,22-54-55-33-81-78-16-79-28-46-1-83-3-76-6-60-80-47-21-32-51-82-65-10-35-25-100-93-74-85-63-40-89-12-4-2-53-44-86-30-88-71-70-18-31-9-91-27-57-45-61-58-34-87-75-17-11-14-39-59-5-66-36-56-92-48-67-62-96-29-43-73-24-13-23-20-15-8-99-94-72-90-37-42-26-84-97-19-98-68-95-7-77-52-69-64-50-38-49-41
Ta100x20,1,2,200,0.925,0.125,8,2230108273,17000,6525,6286,5851,3.356380316,v2_avx512bw_vec32_exact_perm,22-54-78-79-25-35-33-46-10-81-16-83-4-31-40-82-9-67-85-5-43-59-1-21-28-3-99-74-51-53-6-32-76-61-70-89-86-60-91-56-30-80-44-93-55-77-71-41-37-39-20-23-11-94-24-17-65-45-88-48-29-72-62-18-57-8-36-92-12-95-100-97-84-98-2-96-66-75-27-14-47-58-73-42-64-87-34-26-19-63-69-90-68-15-38-52-13-7-50-49
Ta100x20,1,2,200,0.925,0.125,9,2230109282,17000,6553,6286,5851,3.180887591,v2_avx512bw_vec32_exact_perm,54-22-47-78-33-1-81-16-79-10-65-82-40-93-35-55-59-67-51-31-74-77-91-5-98-46-53-99-43-68-48-76-89-62-32-15-6-85-3-9-25-30-44-18-56-71-37-80-63-21-72-86-45-12-39-4-61-20-60-70-24-29-23-14-92-83-50-94-57-2-8-7-36-13-28-95-66-11-73-34-96-19-26-87-100-97-27-58-90-88-64-69-75-84-17-52-42-38-49-41
Ta100x20,1,2,200,0.925,0.125,10,2230110291,17000,6547,6286,5851,2.467532477,v2_avx512bw_vec32_exact_perm,54-78-22-33-59-100-93-82-4-21-79-55-5-40-9-60-76-35-81-25-3-48-12-47-83-1-32-51-28-74-44-70-16-65-85-89-80-11-18-10-62-86-71-50-30-6-45-53-91-24-57-67-61-75-13-94-31-88-77-46-97-56-43-99-37-17-34-2-96-19-23-39-29-92-20-26-15-95-8-72-27-63-38-73-98-58-68-7-49-84-14-66-90-42-87-64-52-69-36-41
Ta100x20,1,2,200,0.9625,0.025,1,2230101210,17000,6411,6286,5851,3.035721826,v2_avx512bw_vec32_exact_perm,54-22-78-33-81-10-62-35-55-40-4-79-74-83-39-82-5-16-1-21-51-18-3-47-50-11-91-99-12-60-48-61-53-6-90-9-76-25-89-85-45-31-86-19-100-37-80-46-30-71-93-65-94-73-27-32-52-23-29-20-44-24-2-28-67-58-59-43-92-88-75-36-57-14-70-17-66-34-96-15-95-8-56-87-97-38-69-63-84-42-72-26-68-98-49-77-7-13-64-41
Ta100x20,1,2,200,0.9625,0.025,2,2230102219,17000,6406,6286,5851,2.737765437,v2_avx512bw_vec32_exact_perm,54-22-78-79-33-59-10-65-25-74-35-83-5-16-6-3-40-55-56-21-86-1-12-81-82-18-47-80-31-89-60-9-51-45-61-4-99-32-94-28-76-85-11-44-43-73-71-46-48-93-100-63-30-62-36-24-57-70-67-29-91-2-53-90-20-19-34-39-37-75-14-88-42-26-66-87-23-17-84-98-96-58-27-64-72-68-95-15-77-97-8-69-38-52-50-13-7-49-92-41
Ta100x20,1,2,200,0.9625,0.025,3,2230103228,17000,6385,6286,5851,2.711592916,v2_avx512bw_vec32_exact_perm,22-54-78-59-25-79-31-35-74-83-33-100-3-51-16-10-82-1-80-40-93-65-21-61-24-18-12-32-28-30-81-76-45-23-48-11-85-5-60-50-70-42-2-55-98-91-99-9-90-43-53-37-6-29-68-62-56-89-94-46-57-96-47-34-4-58-67-15-77-71-14-63-39-88-72-73-38-26-20-44-87-17-84-66-64-92-97-52-19-8-95-69-75-86-36-13-27-7-49-41
Ta100x20,1,2,200,0.9625,0.025,4,2230104237,17000,6435,6286,5851,2.732139548,v2_avx512bw_vec32_exact_perm,79-54-25-33-10-40-82-22-35-81-100-74-31-55-48-12-59-30-3-44-28-51-4-21-39-37-83-11-6-76-57-93-60-61-16-5-1-45-32-85-70-47-71-19-8-94-80-89-65-41-92-18-84-9-62-24-36-98-53-77-50-43-20-90-2-15-46-73-66-99-23-95-14-75-56-29-88-67-91-63-96-97-87-34-64-72-17-86-26-13-58-27-68-52-7-49-42-69-38-78
Ta100x20,1,2,200,0.9625,0.025,5,2230105246,17000,6430,6286,5851,3.33686412,v2_avx512bw_vec32_exact_perm,54-22-79-35-55-33-28-81-76-5-62-59-16-82-99-40-61-21-3-6-74-53-25-1-89-83-86-78-9-91-56-10-77-37-44-80-31-51-32-30-11-18-100-60-4-45-43-70-71-85-93-48-94-75-88-47-63-72-39-12-24-65-20-17-29-67-19-46-97-34-2-23-57-84-92-27-58-42-26-87-68-98-69-15-96-90-73-8-41-52-38-95-14-66-36-64-50-49-13-7
Ta100x20,1,2,200,0.9625,0.025,6,2230106255,17000,6383,6286,5851,2.981910858,v2_avx512bw_vec32_exact_perm,22-78-79-35-55-65-80-82-100-16-93-33-10-54-74-30-32-83-51-14-90-48-5-40-59-21-12-99-25-23-37-44-28-36-6-53-85-1-81-62-27-86-4-45-47-3-75-61-11-76-39-89-46-73-88-56-98-70-71-9-2-63-60-91-67-96-24-57-18-68-15-69-26-29-34-19-94-31-84-87-42-20-72-95-43-58-17-64-38-8-92-52-13-7-97-50-49-77-66-41
Ta100x20,1,2,200,0.9625,0.025,7,2230107264,17000,6429,6286,5851,3.246714681,v2_avx512bw_vec32_exact_perm,54-22-47-78-10-33-82-40-16-83-4-6-81-79-100-35-21-55-32-85-44-59-53-65-28-99-74-88-3-51-12-80-93-61-5-11-1-31-48-38-60-39-18-24-76-89-50-70-62-37-56-71-9-96-75-34-15-30-46-45-57-17-14-2-97-29-23-91-25-86-68-92-67-95-77-64-66-42-72-20-52-58-19-26-73-84-36-98-94-8-43-63-69-90-13-7-87-27-49-41
Ta100x20,1,2,200,0.9625,0.025,8,2230108273,17000,6494,6286,5851,3.072587164,v2_avx512bw_vec32_exact_perm,54-22-78-33-59-79-10-53-31-25-81-51-2-55-77-4-40-93-35-3-1-21-60-74-85-47-44-61-6-76-11-62-80-5-89-100-94-28-9-12-20-30-32-56-70-48-83-39-37-46-71-29-23-63-82-57-67-65-19-91-43-34-16-99-90-87-24-95-36-45-84-97-92-86-18-27-58-98-88-68-75-96-64-50-72-69-14-7-15-17-13-8-73-26-52-42-49-38-66-41
Ta100x20,1,2,200,0.9625,0.025,9,2230109282,17000,6437,6286,5851,3.014061665,v2_avx512bw_vec32_exact_perm,22-54-78-79-47-82-55-16-65-59-80-21-4-53-99-25-10-31-89-39-40-50-74-81-35-76-70-33-44-83-6-37-61-32-51-1-18-30-85-71-86-5-62-91-12-60-46-88-48-87-9-11-45-29-57-56-58-100-73-90-24-43-8-63-2-34-14-23-15-28-92-20-93-3-68-98-96-72-36-95-67-17-26-97-75-94-42-27-69-19-49-84-13-7-77-66-64-38-52-41
Ta100x20,1,2,200,0.9625,0.025,10,2230110291,17000,6484,6286,5851,3.402610182,v2_avx512bw_vec32_exact_perm,54-22-47-78-33-28-55-9-82-79-85-5-81-10-65-25-74-35-18-3-40-59-76-45-12-44-51-100-48-32-21-99-93-62-24-30-90-80-37-56-6-16-61-29-20-53-39-86-4-14-8-87-94-41-19-91-42-98-70-23-83-84-17-1-67-11-60-2-46-63-43-58-89-31-92-75-73-27-96-57-72-7-88-69-34-71-15-26-49-95-36-77-97-38-52-50-68-13-64-66
Ta100x20,1,2,200,0.9625,0.05,1,2230101210,17000,6334,6286,5851,2.858804552,v2_avx512bw_vec32_exact_perm,54-22-4-33-59-28-99-80-79-10-82-65-1-37-62-74-30-81-31-3-48-25-51-16-6-32-83-44-100-21-61-35-12-55-76-39-40-89-11-5-9-18-24-45-78-60-56-20-70-63-47-23-91-73-85-88-90-67-29-71-46-15-98-77-53-14-38-92-75-93-43-66-19-27-2-97-96-58-84-36-13-86-50-64-17-69-94-8-72-42-57-26-87-68-52-34-95-7-49-41
Ta100x20,1,2,200,0.9625,0.05,2,2230102219,17000,6482,6286,5851,3.086761797,v2_avx512bw_vec32_exact_perm,22-79-54-28-78-83-51-3-76-25-59-33-10-65-93-80-100-82-16-21-35-60-1-91-40-89-92-47-56-99-6-63-74-43-86-31-62-5-46-96-29-61-81-30-12-32-45-48-14-55-85-84-44-57-24-53-9-34-70-4-19-20-94-71-18-11-67-97-2-39-17-15-23-26-42-37-90-73-88-87-8-98-75-95-77-36-27-58-69-72-38-52-68-66-64-50-13-7-49-41
Ta100x20,1,2,200,0.9625,0.05,3,2230103228,17000,6519,6286,5851,3.013256959,v2_avx512bw_vec32_exact_perm,54-59-22-33-82-16-78-47-28-76-81-74-1-79-53-99-35-21-93-10-39-40-80-4-56-60-24-55-2-12-83-48-70-6-37-32-25-51-100-44-46-20-63-30-11-45-57-62-61-9-5-77-31-71-18-89-58-94-3-67-43-34-85-86-23-88-17-91-96-64-15-68-65-95-29-75-90-66-72-14-87-92-97-8-73-42-41-26-98-49-84-69-19-38-7-50-13-52-36-27
Ta100x20,1,2,200,0.9625,0.05,4,2230104237,17000,6504,6286,5851,3.241155115,v2_avx512bw_vec32_exact_perm,54-22-79-10-33-83-35-55-11-74-82-89-31-100-76-48-51-40-62-59-65-28-21-12-5-24-32-25-4-80-16-94-93-56-61-99-81-30-45-53-43-3-6-19-37-20-47-39-1-9-91-66-60-34-46-18-44-70-85-95-86-71-67-75-29-96-2-77-17-41-84-57-58-14-15-23-88-42-52-78-26-97-90-8-73-92-38-72-7-98-27-87-63-68-69-64-50-13-36-49
Ta100x20,1,2,200,0.9625,0.05,5,2230105246,17000,6402,6286,5851,3.441898498,v2_avx512bw_vec32_exact_perm,54-22-78-79-47-10-33-83-35-55-48-89-12-40-82-93-80-18-31-11-59-100-25-74-86-4-16-39-1-3-61-60-85-81-44-53-21-94-24-70-76-65-28-14-56-51-32-96-29-37-99-5-50-64-71-62-30-63-88-38-6-9-19-46-34-45-57-27-36-92-15-69-20-23-91-2-43-72-95-17-67-98-87-42-58-26-97-90-8-49-73-68-66-75-84-77-13-7-52-41
Ta100x20,1,2,200,0.9625,0.05,6,2230106255,17000,6523,6286,5851,3.169867257,v2_avx512bw_vec32_exact_perm,79-22-54-35-33-82-83-21-10-31-74-59-65-51-4-60-9-3-25-40-5-80-28-61-6-30-32-81-56-12-67-89-77-94-76-86-70-48-39-37-71-99-45-57-46-17-96-16-41-53-55-24-100-18-58-20-62-93-44-91-88-23-15-19-1-85-97-14-2-42-29-38-27-64-92-34-66-11-8-73-90-87-26-84-69-75-68-98-63-95-13-7-49-43-72-47-52-36-50-78
Ta100x20,1,2,200,0.9625,0.05,7,2230107264,17000,6383,6286,5851,3.205331815,v2_avx512bw_vec32_exact_perm,54-22-79-55-33-81-10-82-5-1-16-6-40-12-3-9-48-25-35-83-36-93-18-76-100-21-90-4-74-60-30-80-31-11-59-51-44-28-47-86-73-91-63-65-61-85-96-37-45-2-99-67-24-57-27-62-23-32-70-34-56-20-46-87-77-64-98-17-58-43-29-94-71-14-39-78-89-8-53-66-92-84-42-19-69-15-72-88-75-68-26-38-52-97-50-95-7-13-49-41
Ta100x20,1,2,200,0.9625,0.05,8,2230108273,17000,6408,6286,5851,3.017138483,v2_avx512bw_vec32_exact_perm,79-54-82-22-1-33-81-35-31-51-59-74-16-78-32-61-9-80-91-83-50-21-65-25-89-18-40-39-4-100-12-10-11-30-63-20-53-99-6-48-46-47-60-55-97-70-37-77-56-44-3-94-34-76-28-58-43-93-62-98-23-88-19-96-85-67-24-2-86-69-90-17-64-29-45-5-14-15-71-8-36-57-92-7-49-42-13-75-95-26-87-73-27-38-66-72-84-68-52-41
Ta100x20,1,2,200,0.9625,0.05,9,2230109282,17000,6465,6286,5851,3.004615942,v2_avx512bw_vec32_exact_perm,54-22-78-79-33-35-83-10-76-82-51-2-31-81-1-40-55-5-48-59-30-16-65-3-61-12-85-21-80-93-74-24-53-6-71-44-9-28-100-45-18-20-77-25-60-92-98-89-43-23-32-70-11-73-47-37-90-50-62-39-94-56-29-4-14-8-97-96-67-84-58-36-99-86-46-66-91-64-19-75-63-88-17-34-72-57-7-95-42-87-26-15-13-68-52-27-69-38-49-41
Ta100x20,1,2,200,0.9625,0.05,10,2230110291,17000,6366,6286,5851,3.347900448,v2_avx512bw_vec32_exact_perm,54-22-78-79-47-35-55-48-21-81-3-76-33-59-61-65-80-32-51-12-83-40-60-82-1-99-53-5-74-100-11-10-62-30-91-25-9-94-28-18-86-46-16-23-88-34-67-71-4-15-93-39-31-77-37-98-44-56-89-70-85-2-27-58-63-45-29-6-24-95-66-50-42-72-84-19-20-69-36-75-57-92-87-43-96-64-17-97-38-8-14-90-73-68-26-52-49-13-7-41
Ta100x20,1,2,200,0.9625,0.075,1,2230101210,17000,6470,6286,5851,3.014888736,v2_avx512bw_vec32_exact_perm,22-54-78-33-59-25-35-83-82-31-79-32-28-1-65-85-3-81-48-100-40-21-51-18-16-74-39-70-12-5-55-24-66-80-93-11-76-47-6-10-20-61-44-9-73-53-67-98-89-46-2-91-29-75-45-62-27-30-94-56-96-99-4-23-57-60-37-36-86-71-15-14-95-8-68-19-92-72-43-69-84-90-34-87-38-88-97-26-42-52-58-63-17-77-64-50-13-7-49-41
Ta100x20,1,2,200,0.9625,0.075,2,2230102219,17000,6485,6286,5851,3.013530929,v2_avx512bw_vec32_exact_perm,54-22-78-33-81-31-59-28-74-16-83-5-3-65-82-79-91-1-9-53-55-12-11-40-25-35-56-90-2-6-76-86-48-99-100-80-21-44-93-10-61-94-62-46-37-30-73-42-47-4-8-70-60-71-85-32-18-45-88-96-58-39-95-43-51-75-23-17-34-89-27-67-24-72-29-26-63-77-69-57-36-98-19-13-7-20-84-66-15-14-92-97-87-68-52-64-38-50-49-41
Ta100x20,1,2,200,0.9625,0.075,3,2230103228,17000,6454,6286,5851,2.73806042,v2_avx512bw_vec32_exact_perm,22-54-78-79-31-51-59-76-35-90-3-83-16-82-33-10-74-40-65-21-80-91-9-1-56-81-5-61-62-45-99-12-39-53-100-48-55-25-88-71-24-44-30-37-2-85-6-42-58-28-93-57-43-46-60-89-86-18-14-32-75-70-17-27-84-23-20-98-87-36-73-11-66-96-4-63-29-38-8-94-92-64-97-67-95-68-52-72-26-13-50-34-69-19-15-47-49-77-7-41
Ta100x20,1,2,200,0.9625,0.075,4,2230104237,17000,6497,6286,5851,2.776583041,v2_avx512bw_vec32_exact_perm,54-22-78-79-33-81-16-82-10-83-76-65-35-91-55-59-1-77-94-11-40-53-3-21-48-60-100-93-51-5-31-85-25-70-12-89-9-74-44-57-6-30-32-62-42-37-61-71-80-92-67-39-86-2-88-99-29-34-28-24-18-23-20-43-7-46-90-97-4-84-17-63-45-58-27-87-98-56-75-72-8-69-95-73-96-38-47-14-26-66-19-52-64-68-15-13-50-49-36-41
Ta100x20,1,2,200,0.9625,0.075,5,2230105246,17000,6469,6286,5851,2.685370761,v2_avx512bw_vec32_exact_perm,54-22-78-79-3-33-10-82-55-65-32-51-76-83-35-74-40-39-21-4-59-100-48-53-89-61-25-99-45-18-91-1-86-85-92-31-47-81-80-62-44-24-28-66-12-43-50-94-70-58-20-9-42-6-60-37-77-11-93-90-16-97-2-17-96-67-5-29-56-46-34-95-75-23-64-8-71-88-72-73-19-26-38-63-30-14-98-15-84-57-36-87-52-68-13-27-69-7-49-41
Ta100x20,1,2,200,0.9625,0.075,6,2230106255,17000,6440,6286,5851,3.11116264,v2_avx512bw_vec32_exact_perm,54-78-79-22-89-32-28-93-40-31-59-3-25-65-48-21-1-55-9-90-6-33-51-82-83-74-5-10-61-16-12-99-62-100-80-44-81-86-35-45-18-24-4-34-56-63-36-57-91-67-37-70-46-85-76-19-30-20-58-2-77-15-50-29-17-96-94-64-88-23-8-39-75-14-53-13-98-71-47-60-26-73-11-27-92-66-87-97-42-84-69-95-7-49-43-38-72-68-52-41
Ta100x20,1,2,200,0.9625,0.075,7,2230107264,17000,6460,6286,5851,3.56872916,v2_avx512bw_vec32_exact_perm,54-78-22-47-33-10-65-3-28-55-91-40-80-74-81-79-39-21-82-61-85-35-25-24-18-93-48-9-16-4-59-31-71-53-44-94-99-83-57-30-60-56-70-62-37-68-51-1-89-12-23-13-43-5-20-11-100-19-6-15-8-63-2-73-76-46-86-96-32-67-38-29-27-45-92-42-14-58-75-72-84-17-26-98-77-97-36-95-66-90-34-87-88-69-7-64-50-49-52-41
Ta100x20,1,2,200,0.9625,0.075,8,2230108273,17000,6513,6286,5851,3.20387662,v2_avx512bw_vec32_exact_perm,54-22-78-79-10-33-81-55-48-25-35-59-46-40-93-31-100-16-24-99-80-61-65-21-63-75-74-12-3-82-44-83-51-57-76-45-70-6-27-4-9-62-5-28-86-30-11-89-18-98-91-56-60-41-68-96-71-85-92-67-14-94-32-20-23-13-39-43-29-53-2-34-72-37-15-19-47-8-1-95-73-87-17-26-97-77-58-88-66-42-64-84-7-69-50-49-36-38-52-90
Ta100x20,1,2,200,0.9625,0.075,9,2230109282,17000,6553,6286,5851,3.205853626,v2_avx512bw_vec32_exact_perm,22-54-47-28-46-55-78-33-81-79-62-89-65-56-76-40-3-30-91-25-10-82-16-59-12-35-100-99-48-45-5-74-80-86-32-44-21-20-85-6-60-63-11-92-42-24-9-18-67-90-53-1-4-37-29-83-51-96-57-31-75-94-71-2-61-43-70-8-14-13-34-23-77-88-97-87-66-7-39-95-72-17-58-98-36-93-73-50-69-15-19-26-64-27-84-68-52-38-49-41
Ta100x20,1,2,200,0.9625,0.075,10,2230110291,17000,6468,6286,5851,2.966291709,v2_avx512bw_vec32_exact_perm,22-54-55-78-33-81-10-40-25-79-47-35-74-16-5-51-3-80-6-50-12-21-53-61-99-11-32-48-63-93-89-91-65-18-94-76-85-28-44-29-4-9-82-83-86-70-100-1-62-71-90-31-46-45-24-60-56-57-19-67-15-59-30-2-68-14-88-98-39-34-92-37-27-58-96-69-23-95-75-66-64-20-8-72-87-17-36-84-42-26-97-43-49-73-38-77-13-7-52-41
Ta100x20,1,2,200,0.9625,0.1,1,2230101210,17000,6467,6286,5851,3.163284694,v2_avx512bw_vec32_exact_perm,78-22-54-33-10-65-76-35-40-21-91-3-83-82-59-1-51-61-80-39-74-31-99-81-16-100-5-60-53-79-55-12-6-85-50-62-11-28-89-47-9-32-43-93-67-48-57-70-4-29-63-18-25-44-56-24-58-86-23-20-96-94-68-45-66-30-17-2-15-26-27-72-37-46-73-98-92-42-87-75-71-88-64-8-69-97-90-19-84-14-34-13-7-95-49-77-36-38-52-41
Ta100x20,1,2,200,0.9625,0.1,2,2230102219,17000,6518,6286,5851,3.419145244,v2_avx512bw_vec32_exact_perm,22-79-54-55-82-1-25-3-81-33-16-59-10-65-60-76-35-12-85-83-6-89-47-21-32-9-48-51-61-31-91-80-30-99-94-70-77-37-71-24-100-62-74-44-18-28-43-5-40-67-56-53-2-39-58-96-14-17-23-86-46-75-78-45-20-57-63-11-36-66-26-64-13-15-73-93-8-90-4-34-88-27-72-68-98-84-19-69-29-87-97-50-38-7-95-92-52-42-49-41
Ta100x20,1,2,200,0.9625,0.1,3,2230103228,17000,6500,6286,5851,3.302800664,v2_avx512bw_vec32_exact_perm,54-22-78-79-35-10-33-9-83-82-16-4-51-74-77-81-31-56-61-80-48-23-21-100-89-25-6-76-11-5-40-93-94-37-12-39-60-53-55-45-85-71-91-18-44-27-99-29-30-20-46-62-42-70-32-86-28-3-65-57-43-59-14-92-47-96-58-67-2-64-63-24-90-8-1-66-88-98-73-19-34-72-36-13-26-84-69-97-50-17-75-95-7-49-15-87-38-68-52-41
Ta100x20,1,2,200,0.9625,0.1,4,2230104237,17000,6499,6286,5851,3.293895508,v2_avx512bw_vec32_exact_perm,54-22-78-33-59-79-35-10-55-47-3-82-85-21-6-5-40-60-28-12-93-89-39-48-53-31-25-74-45-61-91-65-76-80-81-57-62-51-72-46-100-92-27-86-71-70-37-44-96-32-75-16-73-11-1-83-19-94-56-18-4-9-36-67-23-24-20-99-30-88-58-42-17-15-13-84-29-66-77-8-64-2-97-90-98-14-34-26-95-43-63-87-68-52-49-38-69-7-50-41
Ta100x20,1,2,200,0.9625,0.1,5,2230105246,17000,6487,6286,5851,3.203223417,v2_avx512bw_vec32_exact_perm,54-22-78-79-10-5-33-3-74-53-59-25-65-82-40-35-31-100-93-48-16-83-6-21-50-70-81-12-28-4-76-55-71-96-9-47-60-75-80-51-91-1-32-39-85-34-24-94-44-18-63-84-11-30-19-61-99-90-17-62-89-45-27-46-58-73-37-95-43-23-20-97-72-57-26-2-86-67-98-15-87-68-56-88-14-64-29-92-8-36-38-49-52-42-69-77-66-13-7-41
Ta100x20,1,2,200,0.9625,0.1,6,2230106255,17000,6591,6286,5851,2.734890608,v2_avx512bw_vec32_exact_perm,54-1-22-33-81-78-41-28-79-35-83-76-24-82-10-62-48-18-5-40-93-80-4-99-16-94-65-9-21-53-51-3-44-96-63-25-11-31-100-60-90-89-12-77-85-91-46-61-86-55-45-34-17-37-70-47-23-32-59-43-57-29-97-58-67-8-36-73-56-39-6-75-74-88-71-15-27-14-92-2-98-20-50-64-42-95-19-30-52-26-69-49-84-38-66-72-68-13-87-7
Ta100x20,1,2,200,0.9625,0.1,7,2230107264,17000,6432,6286,5851,2.705922621,v2_avx512bw_vec32_exact_perm,22-54-78-33-59-79-28-32-25-65-10-40-6-74-70-47-21-60-35-37-1-83-82-11-66-77-61-9-5-12-53-80-55-81-99-38-30-45-31-71-94-85-3-67-23-46-76-51-56-57-93-89-39-88-48-43-44-91-58-86-18-100-16-92-4-27-20-75-14-90-42-62-15-87-72-17-34-69-95-29-26-19-63-68-98-96-64-2-8-73-24-84-13-7-50-49-36-52-97-41
Ta100x20,1,2,200,0.9625,0.1,8,2230108273,17000,6541,6286,5851,2.843752872,v2_avx512bw_vec32_exact_perm,79-25-54-22-33-10-3-74-83-28-81-35-5-9-32-76-93-21-61-48-65-30-4-80-82-59-11-60-40-18-78-37-51-31-94-46-12-90-16-77-55-1-86-57-70-62-53-44-71-100-89-85-47-67-45-17-14-6-96-98-27-58-99-39-66-91-95-23-63-20-24-88-97-7-72-92-42-43-75-2-13-34-26-29-64-69-50-8-19-15-56-68-87-38-49-73-36-84-52-41
Ta100x20,1,2,200,0.9625,0.1,9,2230109282,17000,6475,6286,5851,2.981087182,v2_avx512bw_vec32_exact_perm,54-78-59-22-33-10-31-81-82-25-1-89-48-53-55-83-79-47-40-28-11-93-35-9-18-91-51-63-76-37-21-12-5-56-39-94-16-67-6-71-32-65-57-30-46-100-61-80-85-74-44-23-3-20-99-24-62-42-45-87-90-27-92-73-70-58-60-98-17-15-4-86-14-68-26-75-96-29-64-19-88-97-50-2-8-95-36-84-69-34-49-43-77-66-72-13-7-38-52-41
Ta100x20,1,2,200,0.9625,0.1,10,2230110291,17000,6502,6286,5851,3.141528122,v2_avx512bw_vec32_exact_perm,54-22-78-47-33-48-62-81-79-10-82-60-1-65-21-100-35-74-12-83-4-55-5-9-51-80-40-30-93-84-59-28-16-6-32-20-61-11-18-71-24-73-70-87-43-99-39-53-76-98-46-31-25-19-38-37-2-44-85-66-45-86-3-67-91-27-89-75-15-17-57-88-8-23-56-96-94-14-69-29-34-72-92-90-77-97-7-95-42-58-63-26-52-68-64-50-13-36-49-41
Ta100x20,1,2,200,0.9625,0.125,1,2230101210,17000,6528,6286,5851,3.040373593,v2_avx512bw_vec32_exact_perm,22-54-59-55-33-78-81-79-82-10-25-5-16-9-3-61-91-65-56-100-21-32-83-51-48-58-6-40-63-12-2-46-85-4-93-44-62-94-53-70-30-35-47-15-19-29-24-99-18-1-74-86-42-45-28-98-80-31-67-76-89-87-8-50-92-37-60-39-88-57-96-14-64-23-27-73-75-11-17-34-66-49-36-77-95-13-20-7-43-72-69-26-71-84-97-90-68-38-52-41
Ta100x20,1,2,200,0.9625,0.125,2,2230102219,17000,6545,6286,5851,3.194330746,v2_avx512bw_vec32_exact_perm,54-22-79-35-10-33-78-81-21-51-31-53-89-6-82-74-56-76-83-40-28-23-3-47-99-67-85-4-80-25-59-9-65-1-12-44-24-48-73-11-61-96-32-55-100-16-64-37-5-70-19-45-86-91-20-46-29-50-2-27-88-63-30-60-98-62-18-39-58-71-75-97-14-57-87-26-34-43-69-17-36-95-77-7-93-94-38-15-8-92-72-42-49-13-84-66-90-68-52-41
Ta100x20,1,2,200,0.9625,0.125,3,2230103228,17000,6529,6286,5851,2.798601489,v2_avx512bw_vec32_exact_perm,22-78-79-35-54-83-55-82-81-10-31-5-16-39-14-51-21-59-40-33-56-3-76-61-86-100-74-65-53-25-89-18-4-11-1-29-67-48-12-9-80-99-32-30-47-91-75-63-46-60-84-98-37-23-24-93-44-73-62-95-28-43-94-85-57-36-45-70-6-72-8-17-20-87-92-34-66-19-42-88-71-96-27-26-49-64-2-97-58-52-38-90-77-68-69-15-50-13-7-41
Ta100x20,1,2,200,0.9625,0.125,4,2230104237,17000,6494,6286,5851,3.230268355,v2_avx512bw_vec32_exact_perm,54-22-79-5-25-35-10-74-53-33-85-81-78-6-40-3-1-28-89-59-76-39-18-48-55-86-21-93-60-83-30-82-47-92-4-12-66-50-65-80-91-9-51-11-94-19-63-8-45-23-99-31-100-37-84-96-56-61-16-24-32-43-70-77-29-20-46-72-62-98-44-57-15-68-73-87-58-17-34-42-67-2-95-97-26-75-88-90-52-14-71-36-69-64-27-13-7-49-38-41
Ta100x20,1,2,200,0.9625,0.125,5,2230105246,17000,6495,6286,5851,3.023650207,v2_avx512bw_vec32_exact_perm,79-47-22-54-33-100-93-76-3-83-82-35-16-74-46-87-99-10-28-21-5-1-31-91-81-85-53-6-40-89-65-80-59-60-44-51-27-32-48-12-88-39-4-30-37-71-18-61-57-70-11-25-94-55-23-9-78-42-24-15-2-58-69-19-86-67-56-62-73-8-29-45-90-98-20-92-84-96-14-64-72-75-68-34-63-17-26-97-43-66-36-95-77-52-38-50-13-7-49-41
Ta100x20,1,2,200,0.9625,0.125,6,2230106255,17000,6547,6286,5851,3.342083887,v2_avx512bw_vec32_exact_perm,78-22-79-54-82-33-81-32-10-25-1-28-74-3-6-40-51-21-16-100-9-91-62-93-61-80-53-35-65-59-76-43-46-56-30-5-63-11-99-12-23-86-55-4-37-60-68-83-27-70-47-71-39-48-67-96-90-31-85-89-94-75-73-8-24-87-19-45-20-18-58-42-44-57-88-97-26-2-98-64-34-17-14-36-95-72-15-92-84-50-69-29-38-49-66-77-7-13-52-41
Ta100x20,1,2,200,0.9625,0.125,7,2230107264,17000,6575,6286,5851,3.067566994,v2_avx512bw_vec32_exact_perm,54-22-78-79-10-33-81-47-48-93-35-21-55-16-59-45-28-5-6-40-76-12-46-65-56-25-86-89-31-32-60-44-18-83-80-82-85-61-4-30-98-63-3-91-41-92-39-74-70-9-43-94-8-100-20-99-57-23-26-11-34-53-27-37-1-90-69-96-14-29-71-97-2-88-24-72-62-75-15-58-36-51-73-19-42-67-17-77-38-84-68-66-64-13-50-87-52-95-7-49
Ta100x20,1,2,200,0.9625,0.125,8,2230108273,17000,6489,6286,5851,2.891767009,v2_avx512bw_vec32_exact_perm,22-78-79-54-55-33-81-28-9-74-5-4-83-25-89-80-82-12-24-93-16-31-40-35-59-65-3-11-73-45-61-76-100-48-62-70-21-85-10-51-23-32-43-71-34-6-57-30-88-37-44-18-15-53-27-58-46-20-17-91-87-39-2-29-47-94-99-63-67-96-69-60-26-1-14-42-72-66-64-75-56-97-50-98-19-8-92-7-13-77-95-84-86-36-49-38-90-68-52-41
Ta100x20,1,2,200,0.9625,0.125,9,2230109282,17000,6510,6286,5851,2.932223909,v2_avx512bw_vec32_exact_perm,54-78-59-22-33-10-79-53-25-32-100-51-80-81-65-12-21-31-1-28-85-82-70-88-2-24-55-99-19-89-3-40-74-39-83-44-5-4-86-62-84-66-43-20-23-6-61-35-29-11-91-76-57-42-34-94-48-60-18-56-93-37-96-30-9-16-95-46-73-27-47-92-58-72-17-67-8-71-64-87-97-69-90-14-75-68-98-45-38-26-52-36-15-63-50-49-77-13-7-41
Ta100x20,1,2,200,0.9625,0.125,10,2230110291,17000,6534,6286,5851,2.779833955,v2_avx512bw_vec32_exact_perm,78-22-54-33-59-100-16-81-77-82-65-76-10-35-79-61-85-44-40-53-86-55-74-6-91-4-99-21-70-37-39-18-24-48-62-28-50-29-9-12-46-51-80-57-11-93-25-30-19-1-3-36-20-83-89-31-94-32-67-5-17-23-75-90-71-56-60-58-14-88-73-26-97-27-98-96-87-34-8-43-68-63-64-69-2-15-45-47-72-92-52-42-13-7-66-38-95-84-49-41
Ta100x20,1,2,200,1,0.025,1,2230101210,17000,6418,6286,5851,3.207121446,v2_avx512bw_vec32_exact_perm,54-78-59-22-82-33-83-35-10-25-40-93-4-79-28-74-16-31-81-80-6-100-32-51-12-27-9-21-3-23-44-61-85-18-89-45-5-48-11-55-76-62-39-1-94-86-56-60-65-91-30-42-57-90-37-75-67-46-19-96-58-88-24-29-47-73-84-72-17-68-53-70-99-64-34-71-97-92-20-2-43-63-26-15-14-8-98-77-66-13-36-95-52-87-69-7-50-49-38-41
Ta100x20,1,2,200,1,0.025,2,2230102219,17000,6427,6286,5851,3.377576754,v2_avx512bw_vec32_exact_perm,54-22-78-79-35-10-76-83-5-55-1-33-89-6-40-82-81-16-31-18-90-86-74-3-99-62-12-53-51-61-9-80-59-4-30-11-71-100-21-32-45-14-56-93-48-60-39-85-24-44-94-66-70-67-2-27-47-25-58-23-73-20-57-34-46-91-28-96-29-68-19-37-97-65-87-15-88-77-17-63-36-92-75-43-64-13-8-72-50-98-84-7-95-69-42-26-52-38-49-41
Ta100x20,1,2,200,1,0.025,3,2230103228,17000,6493,6286,5851,3.523175225,v2_avx512bw_vec32_exact_perm,54-22-78-33-59-51-25-100-31-81-28-1-16-93-3-40-10-79-61-82-6-74-21-35-65-83-42-9-4-55-53-76-20-62-23-39-94-85-89-91-18-44-48-46-66-30-32-80-70-60-56-24-14-50-29-67-99-96-45-87-57-97-5-7-43-26-12-47-19-63-17-58-90-98-34-95-11-73-77-37-88-2-71-36-27-69-15-92-75-72-38-84-86-68-13-52-64-8-49-41
Ta100x20,1,2,200,1,0.025,4,2230104237,17000,6409,6286,5851,3.254943663,v2_avx512bw_vec32_exact_perm,22-54-33-59-78-79-10-65-74-35-25-100-16-6-81-31-21-28-71-5-40-80-93-9-12-2-91-83-55-60-42-1-48-4-61-53-3-89-51-11-76-47-18-63-90-44-85-24-94-99-62-45-82-37-43-23-88-39-70-75-67-30-32-27-20-92-29-56-58-19-15-96-73-46-8-87-98-77-97-36-95-72-26-86-68-66-84-64-17-57-14-52-38-69-34-50-13-7-49-41
Ta100x20,1,2,200,1,0.025,5,2230105246,17000,6503,6286,5851,3.53662144,v2_avx512bw_vec32_exact_perm,47-22-54-78-79-10-33-59-35-40-1-83-51-4-74-18-53-41-99-28-25-81-93-31-9-94-3-76-21-24-100-44-80-89-65-50-55-2-82-86-5-34-16-39-45-32-48-37-12-70-36-46-6-62-61-56-20-91-11-98-63-90-73-87-30-17-15-57-23-42-75-14-85-95-69-67-58-19-29-84-72-8-43-71-92-60-88-66-26-97-68-96-49-38-64-52-77-13-7-27
Ta100x20,1,2,200,1,0.025,6,2230106255,17000,6455,6286,5851,3.13810128,v2_avx512bw_vec32_exact_perm,54-22-78-47-79-10-33-81-16-1-93-100-21-2-3-83-67-12-82-90-51-35-86-9-61-56-5-80-53-74-32-11-31-6-85-76-89-25-40-44-28-4-59-30-63-46-39-99-62-73-65-37-94-20-45-48-29-42-96-64-18-24-91-55-23-60-68-98-57-70-14-84-15-26-58-71-50-34-17-72-88-19-92-8-49-43-66-75-95-87-36-27-69-97-38-77-13-7-52-41
Ta100x20,1,2,200,1,0.025,7,2230107264,17000,6478,6286,5851,2.89766084,v2_avx512bw_vec32_exact_perm,79-22-54-33-10-31-81-28-32-74-3-25-51-78-40-65-6-12-21-48-47-59-30-71-99-53-93-80-60-35-83-1-44-76-82-61-55-45-89-92-24-70-67-88-100-96-85-5-86-18-20-37-39-19-16-11-73-46-91-2-17-23-75-94-72-98-27-62-43-4-56-58-29-9-90-8-95-13-97-77-63-36-87-34-42-57-26-66-15-84-14-38-68-52-64-69-50-7-49-41
Ta100x20,1,2,200,1,0.025,8,2230108273,17000,6387,6286,5851,3.25445322,v2_avx512bw_vec32_exact_perm,78-22-33-47-10-35-76-93-83-74-1-21-82-79-100-65-16-54-3-12-80-28-81-85-44-59-55-9-53-4-51-45-71-46-86-6-32-20-18-60-67-24-5-39-48-30-37-50-2-40-70-62-91-11-61-73-31-89-56-27-25-98-90-19-14-99-66-88-23-96-17-34-38-29-94-72-43-92-8-63-77-69-15-36-57-84-58-42-26-87-97-68-13-52-64-75-95-7-49-41
Ta100x20,1,2,200,1,0.025,9,2230109282,17000,6492,6286,5851,3.305657652,v2_avx512bw_vec32_exact_perm,54-22-47-78-33-81-10-16-31-59-74-82-21-65-28-79-93-53-40-3-61-76-35-51-70-48-50-46-12-83-9-25-71-55-1-80-91-30-99-94-18-24-4-89-44-57-62-39-86-73-60-5-85-37-45-32-67-11-27-6-29-2-100-75-36-92-96-20-23-38-84-88-19-66-43-14-72-15-17-56-8-58-68-98-63-34-97-95-87-69-26-7-49-42-13-64-90-77-52-41
Ta100x20,1,2,200,1,0.025,10,2230110291,17000,6489,6286,5851,3.103817413,v2_avx512bw_vec32_exact_perm,54-22-78-79-35-55-82-33-83-25-100-10-1-40-81-80-65-3-11-5-16-48-12-89-61-28-56-62-21-93-6-51-9-76-44-74-59-53-86-18-31-67-32-70-24-30-57-60-71-29-45-46-17-19-37-77-91-96-66-94-39-47-75-88-34-2-99-23-85-73-58-27-98-63-4-90-14-15-87-26-43-68-8-72-38-52-97-92-42-20-95-36-13-84-49-69-64-50-7-41
Ta100x20,1,2,200,1,0.05,1,2230101210,17000,6467,6286,5851,2.815859121,v2_avx512bw_vec32_exact_perm,22-79-54-10-25-33-100-82-1-16-21-35-76-32-65-59-83-81-4-51-56-63-74-80-30-12-55-40-6-28-5-47-99-9-60-93-91-61-94-77-53-89-78-31-29-46-37-71-86-68-70-20-18-3-62-39-43-48-24-23-11-67-90-97-2-73-50-58-85-96-88-44-75-72-64-17-8-34-69-19-95-15-66-57-84-87-13-36-98-14-38-92-7-27-49-45-26-52-42-41
Ta100x20,1,2,200,1,0.05,2,2230102219,17000,6466,6286,5851,2.936557585,v2_avx512bw_vec32_exact_perm,78-22-54-33-59-79-51-31-28-93-3-80-74-65-10-47-1-82-83-40-21-39-61-25-53-5-89-55-76-91-48-99-81-84-16-35-18-100-32-44-85-86-63-9-67-71-37-30-4-12-60-70-94-11-50-23-62-57-6-34-24-20-58-42-56-87-88-2-45-29-26-98-75-46-17-64-38-77-73-14-90-15-8-69-19-97-92-27-96-72-7-95-43-13-49-36-52-68-66-41
Ta100x20,1,2,200,1,0.05,3,2230103228,17000,6454,6286,5851,3.230550263,v2_avx512bw_vec32_exact_perm,54-78-22-33-59-3-10-65-16-91-83-55-1-82-79-35-100-76-48-70-21-12-39-99-93-44-85-4-81-61-73-60-94-31-28-18-9-74-57-11-80-24-56-63-46-40-25-23-51-43-47-29-20-53-89-6-37-96-32-30-26-67-2-71-66-62-5-72-42-17-95-58-15-86-68-64-75-8-19-27-14-45-38-97-92-87-84-88-98-36-77-69-34-90-13-7-52-50-49-41
Ta100x20,1,2,200,1,0.05,4,2230104237,17000,6453,6286,5851,3.404088726,v2_avx512bw_vec32_exact_perm,54-22-78-33-59-81-16-79-56-55-9-46-82-10-31-100-80-24-1-65-74-3-44-28-21-83-93-76-48-60-6-12-62-86-5-35-90-71-43-45-32-70-51-66-91-40-11-29-61-4-39-96-37-94-53-89-23-25-73-85-84-36-63-75-57-99-42-47-14-17-15-30-18-38-20-2-64-92-8-41-34-77-58-98-88-19-67-27-69-87-97-68-95-72-26-52-13-50-7-49
Ta100x20,1,2,200,1,0.05,5,2230105246,17000,6384,6286,5851,3.337024476,v2_avx512bw_vec32_exact_perm,54-22-78-33-59-55-91-40-79-10-35-74-76-44-51-3-25-93-53-99-48-1-46-16-83-12-21-31-82-70-85-89-30-71-18-32-9-100-80-24-67-56-81-4-86-61-6-47-28-63-94-62-65-11-73-29-5-39-37-34-19-41-2-20-42-92-60-96-77-14-88-98-23-75-43-90-8-17-64-58-45-27-97-72-26-95-66-87-68-52-36-38-50-69-15-57-84-49-13-7
Ta100x20,1,2,200,1,0.05,6,2230106255,17000,6534,6286,5851,2.978476996,v2_avx512bw_vec32_exact_perm,79-22-24-54-31-51-81-78-10-32-48-65-40-21-83-76-82-12-33-35-100-11-18-3-74-67-55-91-5-44-59-39-16-29-1-2-28-46-94-99-53-80-85-9-93-4-45-60-98-61-84-70-77-66-62-20-6-63-30-71-34-87-96-42-8-17-72-73-86-37-25-47-58-23-56-57-15-26-19-90-14-97-43-68-75-13-7-95-64-38-92-88-52-27-89-69-50-36-49-41
Ta100x20,1,2,200,1,0.05,7,2230107264,17000,6578,6286,5851,2.900940358,v2_avx512bw_vec32_exact_perm,54-22-79-10-25-3-51-83-35-31-21-32-5-85-33-82-28-59-89-65-81-53-76-94-48-1-6-11-70-16-93-45-55-100-40-61-4-56-37-44-9-91-74-80-77-75-58-66-39-96-60-50-24-18-98-12-30-2-90-47-62-97-95-88-57-99-67-63-34-15-71-23-73-17-49-26-87-86-46-14-43-69-36-29-20-84-42-72-19-92-13-8-52-38-7-64-27-68-78-41
Ta100x20,1,2,200,1,0.05,8,2230108273,17000,6466,6286,5851,3.30168394,v2_avx512bw_vec32_exact_perm,54-22-33-59-79-31-28-55-82-9-32-80-65-81-4-25-51-10-35-83-21-12-30-92-47-85-16-93-91-56-3-74-40-44-70-60-18-89-100-76-99-53-48-46-29-6-71-94-1-39-61-37-23-86-11-62-67-24-88-43-57-78-69-15-45-17-20-96-5-34-72-75-77-90-14-27-8-66-58-63-36-84-98-19-2-73-7-95-42-38-87-26-52-97-68-64-13-50-49-41
Ta100x20,1,2,200,1,0.05,9,2230109282,17000,6463,6286,5851,3.593075984,v2_avx512bw_vec32_exact_perm,54-22-78-79-10-31-81-33-83-55-28-5-74-82-40-30-59-62-6-100-16-32-12-51-99-25-11-21-4-39-18-85-61-80-35-89-36-1-91-46-44-37-63-60-86-24-90-9-93-53-76-73-47-48-70-65-56-57-23-94-67-77-71-20-64-14-15-75-92-2-50-34-58-8-43-96-3-45-17-72-88-98-52-84-27-29-97-68-69-87-42-26-19-95-66-38-49-13-7-41
Ta100x20,1,2,200,1,0.05,10,2230110291,17000,6485,6286,5851,3.557728937,v2_avx512bw_vec32_exact_perm,54-22-78-79-35-10-33-83-5-31-51-81-28-93-9-76-59-55-16-100-89-63-80-40-82-12-25-23-85-44-48-42-99-61-11-4-20-74-45-70-3-39-60-43-92-18-91-67-21-90-75-32-1-15-46-30-62-37-2-57-56-65-94-84-29-96-71-14-72-34-53-66-17-64-24-6-27-58-47-88-26-97-13-68-86-38-77-98-87-73-8-19-95-36-52-50-69-7-49-41
Ta100x20,1,2,200,1,0.075,1,2230101210,17000,6500,6286,5851,3.374759816,v2_avx512bw_vec32_exact_perm,22-54-78-79-10-33-81-82-55-74-4-65-40-16-35-61-21-28-9-51-93-3-32-59-62-53-5-39-12-83-44-70-86-56-99-76-18-48-1-42-60-47-11-24-80-87-94-73-29-25-96-58-89-85-100-57-46-30-37-31-45-67-50-20-6-36-92-75-27-72-91-17-63-23-98-2-8-34-95-19-66-64-88-26-97-71-14-90-84-69-38-15-68-52-43-13-7-49-77-41
Ta100x20,1,2,200,1,0.075,2,2230102219,17000,6538,6286,5851,3.362209315,v2_avx512bw_vec32_exact_perm,54-22-78-33-59-79-35-55-10-57-83-1-48-25-40-93-31-61-81-60-21-24-6-100-65-4-12-97-82-28-74-98-62-70-18-91-39-3-96-5-76-51-53-29-94-16-89-67-56-90-14-46-99-73-32-11-80-30-63-9-86-37-20-2-44-71-34-8-43-88-36-17-27-23-85-19-75-72-92-45-58-42-66-84-95-64-26-47-50-15-68-87-13-49-77-69-38-7-52-41
Ta100x20,1,2,200,1,0.075,3,2230103228,17000,6516,6286,5851,3.193753862,v2_avx512bw_vec32_exact_perm,54-22-78-33-59-81-25-32-10-79-16-31-35-74-40-6-43-100-65-21-61-55-80-4-11-1-27-5-62-30-99-47-89-60-73-82-63-3-39-85-48-46-29-86-70-83-9-93-20-94-57-45-91-23-44-28-18-53-24-88-92-75-51-12-71-2-67-36-26-87-76-37-96-58-42-69-34-56-77-90-98-14-13-64-15-17-8-49-19-95-72-66-97-84-7-50-68-38-52-41
Ta100x20,1,2,200,1,0.075,4,2230104237,17000,6536,6286,5851,3.036987626,v2_avx512bw_vec32_exact_perm,54-22-78-79-10-33-35-83-3-39-74-45-82-84-100-21-93-28-76-1-55-16-5-31-48-81-65-80-12-61-40-91-18-47-89-56-11-63-25-53-9-32-51-30-70-85-59-6-99-29-44-27-4-86-94-71-92-62-8-75-17-23-67-57-72-50-46-37-96-95-24-42-43-60-19-98-87-26-97-36-20-73-58-2-52-68-13-34-90-77-66-15-14-69-64-38-88-7-49-41
Ta100x20,1,2,200,1,0.075,5,2230105246,17000,6469,6286,5851,2.972050733,v2_avx512bw_vec32_exact_perm,54-22-78-79-35-55-33-59-3-25-40-81-28-16-12-82-9-5-83-21-93-89-31-56-80-10-70-71-76-30-74-48-61-39-60-1-6-100-53-44-45-18-11-4-99-32-85-23-65-51-62-75-27-37-47-86-2-63-15-66-57-46-88-67-91-20-42-24-29-96-68-94-58-34-72-19-13-92-43-17-64-90-14-73-8-98-87-97-26-95-49-36-84-52-38-50-69-77-7-41
Ta100x20,1,2,200,1,0.075,6,2230106255,17000,6515,6286,5851,3.399103632,v2_avx512bw_vec32_exact_perm,54-22-78-79-47-35-25-100-16-40-5-55-10-3-65-80-74-82-62-81-48-61-12-11-33-31-59-93-21-28-76-99-44-4-83-1-30-94-39-51-89-2-29-60-91-14-92-73-53-9-27-90-85-37-50-32-86-96-19-18-8-23-6-88-20-97-64-98-42-75-36-46-70-56-66-84-17-71-26-45-24-57-67-58-77-63-72-38-69-15-87-68-52-43-95-7-13-34-49-41
Ta100x20,1,2,200,1,0.075,7,2230107264,17000,6485,6286,5851,3.543488198,v2_avx512bw_vec32_exact_perm,78-22-54-79-33-59-35-55-100-16-82-6-40-53-47-21-99-10-48-83-1-4-70-60-3-12-14-51-91-46-76-94-11-81-71-39-74-44-61-80-89-28-85-93-9-62-31-90-73-56-8-5-37-34-25-32-23-43-63-67-75-96-24-98-2-18-45-17-29-65-86-27-58-19-42-84-30-57-7-69-26-88-64-97-50-72-20-95-87-92-66-77-36-15-13-68-52-38-49-41
Ta100x20,1,2,200,1,0.075,8,2230108273,17000,6559,6286,5851,3.30507247,v2_avx512bw_vec32_exact_perm,54-22-79-10-33-81-25-53-78-93-74-83-1-35-59-72-62-5-76-21-3-82-55-48-24-70-32-12-40-37-46-39-61-9-80-16-89-91-27-11-44-56-31-100-94-75-30-43-18-19-98-8-57-34-67-71-23-85-2-90-20-99-4-73-68-47-60-15-14-95-63-6-29-26-51-42-65-45-58-28-92-86-17-96-87-97-13-49-36-7-88-77-66-69-64-50-38-84-52-41
Ta100x20,1,2,200,1,0.075,9,2230109282,17000,6535,6286,5851,3.247033122,v2_avx512bw_vec32_exact_perm,22-79-54-10-47-60-78-81-33-25-37-3-65-35-31-59-76-1-74-51-91-70-40-99-9-73-82-18-44-21-48-85-5-83-46-90-93-57-16-61-80-62-100-53-86-88-30-75-55-71-11-41-4-92-87-8-23-98-89-66-34-45-6-39-28-63-56-94-14-84-58-20-2-24-43-36-17-32-19-67-96-97-50-52-68-69-29-95-12-26-15-42-49-72-38-77-13-7-64-27
Ta100x20,1,2,200,1,0.075,10,2230110291,17000,6481,6286,5851,3.333698321,v2_avx512bw_vec32_exact_perm,54-22-79-35-74-78-83-33-59-60-5-40-31-70-82-62-51-48-28-81-21-65-3-96-37-91-61-16-1-11-90-85-94-45-10-6-76-9-47-71-27-80-86-57-23-46-67-34-18-39-89-55-75-4-44-88-53-99-12-56-30-25-93-24-100-36-32-43-20-92-58-29-15-98-77-14-2-63-42-72-17-84-26-66-38-73-87-19-8-68-52-69-97-95-7-50-13-64-49-41
Ta100x20,1,2,200,1,0.1,1,2230101210,17000,6560,6286,5851,2.846740344,v2_avx512bw_vec32_exact_perm,22-54-78-81-25-16-51-3-100-10-31-59-5-9-76-82-40-48-90-21-79-35-55-83-62-57-8-70-11-74-1-32-44-33-73-18-20-60-39-86-12-45-80-56-93-30-91-61-14-46-43-99-71-94-58-65-85-6-67-37-42-92-89-27-4-96-66-77-23-88-98-53-13-84-29-19-36-24-26-15-97-87-28-17-47-63-69-34-95-2-7-64-50-49-72-75-68-38-52-41
Ta100x20,1,2,200,1,0.1,2,2230102219,17000,6513,6286,5851,3.030446909,v2_avx512bw_vec32_exact_perm,54-78-22-33-35-25-100-82-40-16-21-6-79-47-1-81-28-10-65-55-74-48-70-9-91-75-12-53-51-59-31-18-37-89-83-56-44-99-43-32-30-63-80-71-14-8-3-62-61-5-11-86-46-76-20-90-73-24-72-4-67-60-93-15-96-17-45-39-2-58-85-19-68-29-27-92-66-57-23-94-64-77-13-98-34-95-97-87-36-38-88-26-52-42-84-50-69-7-49-41
Ta100x20,1,2,200,1,0.1,3,2230103228,17000,6513,6286,5851,2.972547032,v2_avx512bw_vec32_exact_perm,54-22-4-33-28-81-25-35-40-82-74-78-9-83-55-79-21-56-60-44-10-99-59-77-6-48-93-61-31-76-65-89-1-80-16-5-12-39-85-11-45-62-63-32-47-90-94-3-100-23-67-24-17-58-86-51-66-88-19-91-46-34-57-18-53-71-43-30-96-70-37-20-87-2-29-15-64-8-68-14-73-95-72-13-36-98-75-26-84-97-50-27-92-52-69-7-42-38-49-41
Ta100x20,1,2,200,1,0.1,4,2230104237,17000,6526,6286,5851,2.841774898,v2_avx512bw_vec32_exact_perm,22-54-78-79-33-10-3-25-65-89-83-28-5-1-51-74-53-32-16-6-80-81-76-21-91-47-71-82-59-30-62-100-60-35-18-50-23-48-93-40-99-88-39-31-56-63-70-9-85-96-55-86-37-44-4-29-15-46-24-27-61-2-94-58-67-57-34-12-92-11-98-19-45-84-75-8-72-13-42-17-73-36-69-26-43-90-97-87-20-77-95-7-66-64-14-68-52-38-49-41
Ta100x20,1,2,200,1,0.1,5,2230105246,17000,6469,6286,5851,3.1253556,v2_avx512bw_vec32_exact_perm,54-22-78-79-10-33-83-82-35-55-9-48-100-25-21-3-12-40-11-32-61-1-6-51-81-16-74-53-63-31-18-76-39-91-67-99-5-89-60-56-59-4-93-47-86-80-27-36-94-98-70-2-37-24-23-20-19-44-97-62-68-17-72-85-95-65-96-30-15-45-28-58-14-66-34-43-87-57-46-29-73-26-71-84-92-42-88-90-75-69-64-8-38-52-49-77-13-7-50-41
Ta100x20,1,2,200,1,0.1,6,2230106255,17000,6508,6286,5851,3.091122494,v2_avx512bw_vec32_exact_perm,54-22-78-47-81-1-76-28-83-82-25-31-79-74-9-100-89-10-65-32-4-3-51-99-80-86-6-59-46-40-21-39-56-16-55-94-63-91-61-67-33-29-35-62-90-24-45-85-5-88-57-11-12-37-75-18-30-92-15-2-20-70-23-71-48-44-43-34-60-58-53-96-93-14-72-17-95-8-73-27-36-66-19-26-97-84-87-98-68-42-52-77-13-69-7-64-50-38-49-41
Ta100x20,1,2,200,1,0.1,7,2230107264,17000,6494,6286,5851,3.104259162,v2_avx512bw_vec32_exact_perm,54-22-78-79-10-33-83-35-55-51-1-59-81-82-5-12-3-47-16-53-65-18-60-21-6-25-91-40-9-100-74-93-4-28-61-89-32-45-98-62-96-57-46-48-80-36-76-86-24-39-66-75-94-85-70-31-50-56-77-11-58-29-44-30-2-88-37-90-73-67-99-95-92-15-43-71-8-17-72-23-42-52-14-20-64-87-68-13-19-97-26-34-63-27-38-84-69-7-49-41
Ta100x20,1,2,200,1,0.1,8,2230108273,17000,6513,6286,5851,2.912954746,v2_avx512bw_vec32_exact_perm,22-78-79-41-54-33-82-83-3-74-65-1-51-16-10-25-5-93-80-100-35-48-21-76-11-47-4-63-28-9-59-62-6-89-40-46-61-45-30-94-55-91-32-81-18-31-85-12-75-72-43-99-50-24-66-70-2-44-34-20-23-56-96-60-53-39-17-57-26-67-87-37-58-77-98-36-88-73-71-14-84-86-92-90-15-8-69-38-95-52-42-19-29-68-13-7-97-64-27-49
Ta100x20,1,2,200,1,0.1,9,2230109282,17000,6556,6286,5851,3.245328062,v2_avx512bw_vec32_exact_perm,22-54-55-79-47-78-10-16-33-65-32-82-21-83-6-99-56-1-3-100-76-61-81-31-20-2-74-59-80-60-94-30-53-93-86-25-5-91-63-12-9-35-85-48-51-39-71-70-36-28-4-46-89-14-27-34-11-37-96-45-17-40-24-44-18-57-73-7-58-50-95-87-62-67-92-23-72-42-77-15-43-26-13-69-75-8-97-90-98-52-68-66-19-88-64-29-49-38-84-41
Ta100x20,1,2,200,1,0.1,10,2230110291,17000,6460,6286,5851,3.135433811,v2_avx512bw_vec32_exact_perm,22-54-78-81-25-35-10-33-40-32-93-74-21-48-1-59-66-65-44-80-16-79-82-3-83-51-12-100-89-76-99-61-53-55-94-31-9-24-70-28-47-56-46-60-77-75-2-20-14-91-30-98-18-87-45-62-11-86-19-5-57-73-36-85-37-96-4-88-39-27-71-67-58-29-52-26-63-68-6-64-17-23-90-34-95-8-72-84-43-97-38-92-42-69-15-50-13-7-49-41
Ta100x20,1,2,200,1,0.125,1,2230101210,17000,6567,6286,5851,2.952565594,v2_avx512bw_vec32_exact_perm,54-22-78-79-33-74-65-59-97-10-21-25-32-51-1-82-16-31-93-3-46-83-76-5-86-55-35-11-56-9-61-12-91-81-44-18-28-48-99-94-37-39-85-60-43-23-8-53-30-6-63-40-67-71-24-70-2-84-20-4-89-19-77-45-100-47-62-57-72-88-68-92-64-80-75-98-36-17-69-34-27-29-96-87-26-66-58-42-15-14-73-38-90-50-52-13-7-95-49-41
Ta100x20,1,2,200,1,0.125,2,2230102219,17000,6569,6286,5851,3.092040044,v2_avx512bw_vec32_exact_perm,22-78-79-54-74-25-35-59-47-53-31-10-33-48-5-61-9-76-99-70-71-46-40-16-6-100-85-93-82-27-94-65-80-81-3-57-30-56-89-12-60-4-11-21-83-32-62-55-44-98-63-28-42-14-29-20-58-67-91-75-39-92-18-51-86-95-8-23-1-2-84-19-24-43-68-37-73-15-36-66-87-17-97-34-13-96-26-45-72-50-7-88-69-90-64-38-49-77-52-41
Ta100x20,1,2,200,1,0.125,3,2230103228,17000,6525,6286,5851,2.931238461,v2_avx512bw_vec32_exact_perm,54-22-78-47-33-79-81-28-25-10-31-89-40-65-55-83-12-35-5-74-16-61-82-45-3-44-100-21-85-2-99-92-51-80-1-37-11-59-30-98-77-76-53-48-94-62-23-91-9-46-27-60-20-18-6-32-24-93-70-71-67-4-39-36-86-96-58-66-56-15-57-14-63-34-29-8-72-42-95-88-90-97-43-26-19-17-38-84-75-73-69-64-87-68-52-50-13-7-49-41
Ta100x20,1,2,200,1,0.125,4,2230104237,17000,6555,6286,5851,2.818834003,v2_avx512bw_vec32_exact_perm,54-22-78-79-31-47-82-51-28-81-10-83-35-76-1-33-30-100-32-40-61-48-93-4-16-18-21-9-11-55-58-74-59-44-53-12-65-85-3-60-39-14-37-34-91-94-13-45-43-71-75-6-89-56-38-70-29-77-36-80-24-57-2-20-8-17-62-73-5-46-86-99-25-63-68-92-19-52-42-23-66-15-87-98-67-95-7-72-96-69-88-64-90-27-97-26-84-50-49-41
Ta100x20,1,2,200,1,0.125,5,2230105246,17000,6509,6286,5851,3.178230425,v2_avx512bw_vec32_exact_perm,54-22-78-79-35-55-61-33-81-83-9-82-31-48-25-10-21-4-40-44-51-76-2-100-5-80-46-1-62-45-74-39-3-65-99-60-85-89-56-12-93-16-20-6-42-59-67-24-17-30-73-96-66-86-70-71-53-18-37-11-75-23-28-32-91-27-92-58-13-43-72-15-68-98-29-19-8-94-87-95-88-97-47-77-90-26-63-34-7-57-64-14-69-84-52-36-50-49-38-41
Ta100x20,1,2,200,1,0.125,6,2230106255,17000,6499,6286,5851,2.972599851,v2_avx512bw_vec32_exact_perm,54-22-78-79-10-33-35-81-82-48-16-83-3-76-5-21-74-40-25-73-6-47-55-99-44-59-91-30-9-37-70-80-60-4-28-85-1-86-89-61-57-18-45-32-26-93-56-62-39-100-11-31-58-75-98-42-67-87-12-94-46-20-24-27-63-17-23-65-96-97-51-2-90-53-71-92-72-43-52-19-8-88-64-14-66-36-95-77-13-7-34-29-84-68-69-15-50-38-49-41
Ta100x20,1,2,200,1,0.125,7,2230107264,17000,6570,6286,5851,2.874002298,v2_avx512bw_vec32_exact_perm,22-54-78-33-10-25-47-28-5-83-9-40-3-59-65-74-82-21-16-6-79-100-31-61-53-76-1-11-99-51-35-18-85-32-94-55-44-48-81-37-29-24-12-70-92-27-30-89-62-46-56-90-73-4-42-86-45-71-20-57-14-36-60-23-91-80-67-17-98-88-93-96-63-75-8-66-39-13-97-68-58-43-77-72-26-15-50-7-87-34-69-2-84-64-41-19-52-38-95-49
Ta100x20,1,2,200,1,0.125,8,2230108273,17000,6506,6286,5851,2.931879197,v2_avx512bw_vec32_exact_perm,22-54-47-78-28-33-83-82-81-1-16-85-89-6-40-31-35-70-48-12-79-74-3-56-65-60-91-10-11-80-44-59-63-43-99-50-18-76-24-55-53-9-71-4-25-97-39-67-5-32-93-51-75-96-2-66-46-100-45-94-17-20-30-77-21-23-62-42-61-64-37-14-90-57-34-29-95-7-26-27-19-73-87-58-8-72-84-13-68-98-86-92-36-69-52-15-88-38-49-41
Ta100x20,1,2,200,1,0.125,9,2230109282,17000,6548,6286,5851,2.722939313,v2_avx512bw_vec32_exact_perm,22-54-78-59-83-33-79-55-1-3-9-82-74-29-65-28-10-24-16-93-40-31-48-21-39-5-61-99-81-32-77-56-51-53-76-35-6-75-34-57-70-85-80-30-20-58-44-18-60-45-4-91-63-88-62-100-67-89-37-11-47-94-90-8-43-19-46-73-23-92-66-12-2-98-87-42-25-97-71-72-84-96-17-14-26-15-27-86-69-68-13-36-7-95-52-64-49-50-38-41
Ta100x20,1,2,200,1,0.125,10,2230110291,17000,6503,6286,5851,2.960931349,v2_avx512bw_vec32_exact_perm,54-22-78-33-59-79-40-82-65-10-74-85-77-3-28-46-81-9-5-80-47-61-91-51-16-21-76-83-53-30-18-11-71-55-89-32-39-12-1-48-66-44-94-27-25-88-35-99-29-24-4-2-60-93-62-86-31-63-67-57-23-36-84-98-70-34-95-17-6-15-72-37-45-19-20-96-56-8-75-92-100-90-14-38-43-58-97-68-26-73-87-42-52-13-64-50-69-7-49-41
Ta100x20,1,3,300,0.85,0.025,1,2230101210,17000,6398,6286,5851,4.14593986,v2_avx512bw_vec32_exact_perm,54-22-78-33-59-79-74-10-35-31-40-51-16-83-21-5-55-82-93-3-12-28-76-81-80-65-91-1-43-71-9-48-25-46-4-18-45-60-85-100-96-41-37-44-20-6-39-58-30-62-94-99-53-89-61-56-88-86-23-50-47-24-67-2-73-97-17-11-70-75-57-36-32-27-26-98-14-87-42-19-66-95-29-92-15-8-72-68-34-63-77-84-69-90-13-7-52-64-38-49
Ta100x20,1,3,300,0.85,0.025,2,2230102219,17000,6386,6286,5851,4.268533829,v2_avx512bw_vec32_exact_perm,54-22-78-79-33-10-25-35-40-4-81-83-51-1-31-74-80-82-89-93-12-28-53-3-9-76-59-21-99-61-39-85-91-60-94-47-5-55-30-48-63-11-16-56-6-32-100-44-37-62-73-90-20-70-96-29-24-18-67-71-86-88-43-17-58-2-34-46-45-23-15-57-19-27-97-26-87-14-92-42-66-75-77-7-95-72-84-98-68-52-36-13-50-65-69-38-64-8-49-41
Ta100x20,1,3,300,0.85,0.025,3,2230103228,17000,6440,6286,5851,3.940735218,v2_avx512bw_vec32_exact_perm,54-22-33-59-10-25-47-3-82-93-40-16-79-35-31-83-21-74-5-28-1-81-85-4-70-56-60-48-65-61-76-12-11-80-89-9-100-53-99-55-94-86-57-6-63-71-44-23-37-62-18-24-67-32-39-36-51-20-92-43-30-87-91-88-27-77-98-46-90-29-15-2-14-75-34-78-8-45-17-73-58-42-66-26-50-96-95-72-7-49-19-13-84-97-68-69-64-38-52-41
Ta100x20,1,3,300,0.85,0.025,4,2230104237,17000,6440,6286,5851,4.604918207,v2_avx512bw_vec32_exact_perm,54-78-22-33-81-10-74-82-1-79-100-16-31-5-40-65-25-62-89-3-48-51-12-21-93-30-4-61-80-83-35-47-32-73-99-56-44-28-9-59-76-55-94-86-18-20-45-39-2-24-85-66-19-6-46-63-60-98-67-23-70-17-91-50-29-11-57-34-53-43-36-90-37-96-88-58-84-26-75-87-97-42-27-14-15-71-92-64-8-49-95-72-69-7-13-77-38-52-68-41
Ta100x20,1,3,300,0.85,0.025,5,2230105246,17000,6372,6286,5851,4.248384302,v2_avx512bw_vec32_exact_perm,54-22-1-78-33-59-25-35-83-79-55-40-5-16-74-70-12-47-82-3-51-21-61-11-76-99-9-31-10-48-44-45-28-36-81-18-56-62-24-30-77-32-100-80-67-93-29-4-98-94-71-6-53-89-2-85-63-39-60-65-86-20-73-46-42-26-91-37-90-43-96-66-14-58-84-34-23-19-17-57-64-68-15-8-95-72-27-87-97-38-92-69-50-75-88-7-49-13-52-41
Ta100x20,1,3,300,0.85,0.025,6,2230106255,17000,6479,6286,5851,3.962582929,v2_avx512bw_vec32_exact_perm,54-22-78-79-35-100-55-5-3-74-83-82-65-21-1-91-33-16-46-93-60-10-76-39-48-32-89-12-28-40-80-51-59-30-11-6-31-81-50-37-45-47-63-75-27-94-44-70-9-71-99-36-85-56-4-53-19-88-58-86-18-25-14-97-24-2-90-34-67-62-72-95-98-20-61-23-26-43-87-57-96-8-29-73-84-68-69-15-17-64-49-77-7-13-66-92-38-52-42-41
Ta100x20,1,3,300,0.85,0.025,7,2230107264,17000,6409,6286,5851,3.966142808,v2_avx512bw_vec32_exact_perm,54-22-79-10-33-81-31-35-76-51-16-74-32-70-48-93-61-80-47-40-82-6-21-91-12-83-9-59-4-39-28-55-85-1-60-5-30-11-62-94-65-63-100-86-45-20-56-89-3-78-53-34-46-99-43-37-44-18-25-72-66-42-71-58-87-17-96-24-67-23-88-92-75-36-27-15-77-29-95-68-14-98-19-64-2-8-73-97-26-13-50-7-57-90-84-69-52-38-49-41
Ta100x20,1,3,300,0.85,0.025,8,2230108273,17000,6441,6286,5851,4.011479113,v2_avx512bw_vec32_exact_perm,54-22-78-79-10-33-81-82-35-74-16-65-3-1-53-83-55-91-25-93-40-89-31-48-45-100-21-12-61-70-85-71-4-11-63-60-18-6-30-9-86-2-56-76-90-99-66-77-32-44-51-67-39-80-59-37-47-24-62-94-5-43-36-73-20-57-96-46-27-58-34-28-26-75-19-23-17-87-14-98-97-84-42-88-29-92-64-38-52-72-68-15-95-8-50-13-7-49-69-41
Ta100x20,1,3,300,0.85,0.025,9,2230109282,17000,6401,6286,5851,3.690934942,v2_avx512bw_vec32_exact_perm,54-22-78-33-81-35-74-83-55-4-65-89-76-79-10-31-51-59-32-44-28-40-6-61-88-12-1-53-11-99-21-18-80-82-37-100-45-30-25-9-3-91-93-71-48-60-5-67-56-24-16-20-70-96-63-85-23-29-19-39-75-34-94-27-2-46-72-62-86-92-42-58-43-73-47-50-26-15-77-57-90-8-87-97-38-14-98-36-84-95-68-52-64-17-49-13-7-69-66-41
Ta100x20,1,3,300,0.85,0.025,10,2230110291,17000,6377,6286,5851,4.096901348,v2_avx512bw_vec32_exact_perm,54-78-59-22-33-82-65-25-10-35-31-40-81-21-28-93-76-6-32-51-48-12-80-36-83-4-79-74-100-9-1-3-85-44-61-45-55-98-89-56-11-62-94-68-5-18-53-86-99-39-16-91-27-46-30-60-2-24-73-90-88-20-77-47-70-66-23-71-67-37-43-92-96-38-97-58-29-95-34-75-87-42-17-15-14-19-64-57-8-72-63-26-84-52-13-50-69-7-49-41
Ta100x20,1,3,300,0.85,0.05,1,2230101210,17000,6480,6286,5851,4.201329613,v2_avx512bw_vec32_exact_perm,54-78-33-81-22-31-59-35-55-4-60-40-76-11-48-82-1-79-83-16-5-74-6-3-65-10-91-61-51-39-32-21-80-93-62-56-99-71-30-94-37-53-67-89-38-75-100-24-46-12-2-47-28-14-45-97-98-92-27-9-90-66-29-23-20-18-85-63-44-95-86-42-58-70-8-36-49-17-88-43-96-72-34-13-64-26-19-73-57-25-7-87-77-69-15-84-68-52-50-41
Ta100x20,1,3,300,0.85,0.05,2,2230102219,17000,6417,6286,5851,3.759445116,v2_avx512bw_vec32_exact_perm,54-22-78-79-55-33-59-65-3-50-60-1-82-35-76-83-40-21-99-51-48-10-5-62-53-93-91-61-47-80-45-9-28-81-85-12-25-32-43-6-4-37-39-70-66-86-71-44-94-30-74-84-18-2-11-31-100-90-57-89-67-24-16-46-73-92-29-96-56-42-88-58-20-15-14-23-17-64-68-95-97-26-72-27-98-19-87-8-63-69-34-36-75-13-7-49-77-38-52-41
Ta100x20,1,3,300,0.85,0.05,3,2230103228,17000,6399,6286,5851,3.829413766,v2_avx512bw_vec32_exact_perm,54-22-78-33-81-10-25-65-35-83-32-40-59-55-44-100-48-21-6-74-79-28-61-46-3-1-45-12-76-99-9-71-30-37-53-80-60-82-5-92-34-47-89-18-88-29-4-96-51-11-56-86-62-24-63-16-67-23-91-27-2-94-66-43-31-20-58-75-70-42-19-39-87-17-57-14-64-90-73-8-13-84-69-98-36-15-93-97-50-26-95-7-49-77-72-85-38-52-68-41
Ta100x20,1,3,300,0.85,0.05,4,2230104237,17000,6397,6286,5851,4.007958354,v2_avx512bw_vec32_exact_perm,54-22-78-47-79-28-82-83-74-35-76-33-100-59-65-16-10-21-55-12-1-11-40-5-30-32-18-48-62-71-81-67-19-9-80-24-61-70-56-3-31-94-86-20-51-6-2-43-73-46-98-99-60-63-29-96-4-85-44-57-89-39-14-37-45-91-27-58-92-36-38-53-25-75-69-90-93-66-77-15-84-23-42-34-87-17-88-64-68-95-72-8-26-97-50-13-7-49-52-41
Ta100x20,1,3,300,0.85,0.05,5,2230105246,17000,6374,6286,5851,4.138960735,v2_avx512bw_vec32_exact_perm,54-22-79-33-10-35-76-74-78-83-51-21-82-1-81-39-4-6-53-55-16-71-40-93-3-48-25-59-30-23-60-94-91-62-99-100-50-9-80-61-45-31-89-88-28-5-12-85-11-65-70-97-32-47-56-43-90-37-87-44-67-96-24-57-18-15-73-58-46-17-29-86-14-2-36-42-98-26-75-68-13-72-84-34-27-92-66-19-20-64-95-8-63-69-7-49-77-38-52-41
Ta100x20,1,3,300,0.85,0.05,6,2230106255,17000,6398,6286,5851,3.807119433,v2_avx512bw_vec32_exact_perm,22-54-79-47-78-16-51-32-83-33-35-61-40-21-82-74-6-80-3-81-93-28-12-9-10-25-55-1-24-48-65-59-70-76-71-30-94-73-89-31-85-11-50-43-92-72-20-4-18-75-39-44-37-77-96-60-46-62-100-29-53-5-86-68-57-15-99-23-67-38-27-98-2-14-88-19-66-64-87-58-56-17-45-8-63-69-91-42-7-95-97-26-34-90-13-84-49-36-52-41
Ta100x20,1,3,300,0.85,0.05,7,2230107264,17000,6412,6286,5851,3.904854481,v2_avx512bw_vec32_exact_perm,54-22-78-79-35-31-83-82-21-33-10-76-48-80-81-51-4-74-59-39-93-53-16-1-40-91-46-55-12-89-45-61-99-9-5-62-11-71-28-25-97-65-100-94-56-2-37-30-41-44-6-85-67-32-43-3-42-34-70-20-87-8-19-66-96-18-57-24-60-29-23-98-84-95-36-17-73-88-14-47-90-69-75-15-26-27-58-77-63-72-38-92-86-68-52-13-7-64-50-49
Ta100x20,1,3,300,0.85,0.05,8,2230108273,17000,6365,6286,5851,3.81073292,v2_avx512bw_vec32_exact_perm,22-54-55-33-82-83-79-10-31-51-32-25-65-59-35-78-40-21-74-28-6-61-81-80-12-89-53-18-47-24-39-76-1-99-37-44-45-30-85-94-3-48-60-93-84-11-4-5-66-43-50-91-62-100-16-23-20-70-56-9-63-71-86-96-46-77-29-92-36-57-15-19-14-73-8-98-90-88-2-67-52-58-42-64-26-75-27-97-69-87-68-34-95-72-7-13-17-38-49-41
Ta100x20,1,3,300,0.85,0.05,9,2230109282,17000,6359,6286,5851,4.001378693,v2_avx512bw_vec32_exact_perm,54-22-47-1-78-10-21-82-33-83-5-74-6-3-60-40-51-31-59-48-12-25-65-91-81-61-80-16-35-71-79-53-18-76-99-86-39-29-46-56-89-32-9-100-44-28-73-90-37-45-85-11-93-88-94-4-67-62-50-70-24-68-96-98-55-75-23-43-72-17-20-36-95-2-15-30-92-27-64-19-57-14-66-58-8-42-87-63-26-97-84-34-77-13-7-49-52-69-38-41
Ta100x20,1,3,300,0.85,0.05,10,2230110291,17000,6507,6286,5851,4.155212824,v2_avx512bw_vec32_exact_perm,47-22-54-79-35-55-33-5-83-60-10-50-16-63-21-74-6-59-31-65-53-40-3-76-91-51-93-39-1-81-48-17-30-12-28-18-11-9-71-32-62-61-42-80-29-24-89-99-4-85-44-88-45-94-2-67-100-70-27-34-66-58-57-25-19-43-23-20-96-36-14-82-56-84-15-37-92-77-46-90-97-72-98-73-87-8-75-26-95-86-68-69-64-13-7-49-78-52-38-41
Ta100x20,1,3,300,0.85,0.075,1,2230101210,17000,6455,6286,5851,3.883333018,v2_avx512bw_vec32_exact_perm,54-22-78-33-59-79-35-55-9-82-83-62-10-5-40-4-31-51-74-81-28-65-3-48-91-44-18-53-80-93-86-12-16-99-61-89-88-39-94-47-17-100-20-1-6-21-30-11-66-73-70-85-2-60-42-25-46-23-76-32-37-56-34-98-90-96-29-19-67-63-43-24-77-69-58-14-57-71-15-75-38-36-92-45-8-95-72-84-26-87-97-68-52-64-27-50-13-7-49-41
Ta100x20,1,3,300,0.85,0.075,2,2230102219,17000,6413,6286,5851,3.837698627,v2_avx512bw_vec32_exact_perm,54-22-78-33-59-3-25-40-82-79-65-16-100-21-99-56-81-35-93-48-61-10-80-9-24-31-76-74-70-32-44-12-1-85-91-89-30-28-37-71-6-94-83-88-5-29-62-46-11-55-86-45-67-57-4-63-39-51-53-96-47-20-18-23-60-27-26-58-77-98-14-17-42-97-75-90-92-43-2-36-69-15-95-72-34-19-84-66-87-68-52-38-73-64-8-50-13-7-49-41
Ta100x20,1,3,300,0.85,0.075,3,2230103228,17000,6442,6286,5851,3.805571608,v2_avx512bw_vec32_exact_perm,22-54-78-33-59-82-31-74-81-28-32-25-48-79-55-1-35-9-83-76-40-70-24-99-12-61-16-80-93-3-85-44-53-6-100-71-30-5-20-21-63-10-62-11-18-67-39-89-94-77-86-91-47-60-15-46-98-45-73-56-37-4-68-96-29-14-72-17-36-42-51-92-58-75-95-34-19-27-57-84-23-2-64-8-87-38-65-97-50-26-49-88-66-43-13-7-69-90-52-41
Ta100x20,1,3,300,0.85,0.075,4,2230104237,17000,6421,6286,5851,3.908165,v2_avx512bw_vec32_exact_perm,54-22-78-79-35-100-16-32-83-46-55-1-47-53-21-99-82-48-93-33-61-89-12-65-10-80-39-91-25-74-40-5-85-97-81-63-18-31-44-51-38-76-30-59-3-43-37-11-28-6-56-62-4-60-29-86-94-58-57-42-67-92-75-71-27-2-9-90-14-17-88-24-77-66-23-15-98-96-68-34-13-70-45-8-64-20-19-72-26-95-7-73-50-87-36-49-84-69-52-41
Ta100x20,1,3,300,0.85,0.075,5,2230105246,17000,6439,6286,5851,3.812922187,v2_avx512bw_vec32_exact_perm,22-54-78-79-10-33-81-1-53-76-93-48-25-35-12-100-21-74-3-82-6-61-65-40-31-99-16-39-83-32-89-29-5-51-80-9-56-46-86-55-63-45-60-11-4-28-92-30-37-47-50-70-85-59-44-67-97-96-2-66-24-57-26-94-23-20-18-36-34-43-90-91-98-87-62-27-19-72-58-88-42-75-77-7-84-17-95-73-8-69-71-64-52-13-68-15-14-49-38-41
Ta100x20,1,3,300,0.85,0.075,6,2230106255,17000,6456,6286,5851,3.998177149,v2_avx512bw_vec32_exact_perm,54-22-78-79-10-33-59-16-93-31-74-82-12-25-100-48-9-35-81-51-77-63-45-61-21-32-83-5-40-6-65-76-89-18-28-71-39-47-1-37-70-55-53-30-62-75-46-43-94-4-11-3-66-60-57-80-44-56-85-14-29-91-27-58-96-88-23-86-19-95-36-84-67-2-17-34-90-69-98-15-24-68-99-38-97-87-92-8-72-73-20-26-52-42-13-7-64-50-49-41
Ta100x20,1,3,300,0.85,0.075,7,2230107264,17000,6528,6286,5851,3.888279039,v2_avx512bw_vec32_exact_perm,54-22-78-47-79-10-33-31-51-81-37-53-82-72-1-28-74-83-99-59-91-35-76-61-21-25-9-48-46-16-6-3-100-40-55-39-85-18-62-94-24-70-12-67-89-60-5-11-43-44-56-66-20-32-45-19-86-80-30-17-2-34-93-88-71-77-4-92-36-27-65-98-96-64-29-23-63-15-8-57-95-68-13-75-87-7-14-50-49-26-73-58-42-69-84-38-52-97-90-41
Ta100x20,1,3,300,0.85,0.075,8,2230108273,17000,6434,6286,5851,3.975661516,v2_avx512bw_vec32_exact_perm,54-22-47-78-79-10-74-35-40-33-60-5-83-59-82-51-44-85-1-21-3-28-56-81-80-9-4-89-25-93-61-18-86-53-16-12-31-48-39-55-91-76-11-63-24-99-94-62-57-46-71-67-100-37-30-70-19-32-15-6-27-73-14-17-20-36-95-65-29-50-96-23-34-2-58-84-45-66-42-26-90-98-75-72-88-87-8-92-38-43-49-64-77-97-68-13-52-69-7-41
Ta100x20,1,3,300,0.85,0.075,9,2230109282,17000,6459,6286,5851,3.881588576,v2_avx512bw_vec32_exact_perm,54-22-78-33-81-25-35-100-16-93-10-74-1-83-5-21-47-12-3-76-82-28-79-32-30-40-51-59-77-80-9-18-91-20-6-60-70-31-56-44-85-89-24-55-39-48-61-53-63-2-88-99-34-65-45-4-37-43-90-62-29-96-11-75-67-57-15-72-14-17-46-71-23-73-58-94-84-27-86-38-69-36-98-19-26-87-8-97-68-52-92-42-95-66-64-13-7-50-49-41
Ta100x20,1,3,300,0.85,0.075,10,2230110291,17000,6493,6286,5851,3.932779764,v2_avx512bw_vec32_exact_perm,22-54-55-33-59-80-81-28-74-79-3-51-92-21-25-93-35-10-76-53-61-82-40-83-1-6-16-99-46-89-62-31-60-70-4-30-71-63-56-97-85-9-11-44-86-100-45-48-42-39-37-12-5-2-18-47-32-27-65-23-67-91-75-29-20-19-96-24-73-69-90-57-94-17-88-77-58-36-95-38-43-66-14-78-15-34-72-26-8-98-87-49-84-50-7-13-64-52-68-41
Ta100x20,1,3,300,0.85,0.1,1,2230101210,17000,6453,6286,5851,4.326977577,v2_avx512bw_vec32_exact_perm,54-22-78-33-59-79-28-83-3-35-65-76-21-82-55-32-81-100-6-40-5-16-10-51-4-25-93-56-74-39-53-80-47-37-89-85-30-44-20-70-31-88-48-19-12-23-27-99-61-94-2-34-11-29-60-57-46-45-24-36-86-50-62-91-87-17-9-63-92-43-72-8-1-38-84-58-42-69-67-98-66-77-96-75-15-90-18-71-14-26-97-95-73-7-52-13-68-64-49-41
Ta100x20,1,3,300,0.85,0.1,2,2230102219,17000,6511,6286,5851,4.147559847,v2_avx512bw_vec32_exact_perm,54-22-78-79-82-35-55-33-60-100-74-81-47-53-1-59-65-9-56-48-93-31-6-76-30-10-44-3-27-40-12-89-99-80-2-61-21-11-32-83-86-51-24-4-25-67-91-37-94-28-70-16-57-5-23-88-46-45-39-18-15-29-71-87-20-73-68-8-96-43-92-72-85-63-64-42-58-84-17-75-95-14-34-7-69-66-19-77-13-97-26-98-62-90-52-36-50-38-49-41
Ta100x20,1,3,300,0.85,0.1,3,2230103228,17000,6488,6286,5851,4.105489278,v2_avx512bw_vec32_exact_perm,54-22-79-5-47-83-74-3-76-65-21-10-25-93-35-100-51-82-33-81-31-59-53-99-55-1-60-40-48-6-56-12-80-9-4-89-37-15-30-91-61-14-18-20-86-39-28-62-32-46-42-85-44-94-23-67-75-29-11-24-73-70-19-2-68-66-34-92-45-77-43-72-27-71-57-26-88-96-58-64-17-16-63-78-8-98-95-87-13-36-50-49-84-69-38-7-97-90-52-41
Ta100x20,1,3,300,0.85,0.1,4,2230104237,17000,6536,6286,5851,4.326621947,v2_avx512bw_vec32_exact_perm,54-22-47-78-10-55-5-82-79-16-93-35-3-74-33-83-89-31-76-81-48-28-32-51-18-71-40-30-45-92-37-100-99-53-1-59-65-60-80-44-4-25-56-21-11-29-86-2-94-85-12-24-63-67-9-77-91-68-46-96-66-61-23-39-20-57-70-58-6-34-42-8-73-17-62-90-15-95-98-14-43-38-88-13-26-75-7-41-72-50-19-84-97-69-49-87-52-36-64-27
Ta100x20,1,3,300,0.85,0.1,5,2230105246,17000,6526,6286,5851,4.226427287,v2_avx512bw_vec32_exact_perm,22-54-78-1-59-55-33-35-25-40-82-37-83-3-79-31-48-76-5-74-80-100-81-44-18-28-34-16-93-92-10-71-21-6-60-12-30-94-96-85-23-62-51-46-38-29-61-89-32-56-11-9-42-70-84-24-4-45-8-91-63-90-75-67-73-95-36-20-88-43-58-39-77-17-87-53-86-57-14-99-65-47-15-69-98-64-2-27-68-19-72-52-26-97-7-50-49-13-66-41
Ta100x20,1,3,300,0.85,0.1,6,2230106255,17000,6400,6286,5851,3.608706886,v2_avx512bw_vec32_exact_perm,54-22-78-79-10-33-83-35-55-71-5-65-59-76-39-40-61-28-80-93-1-16-82-81-9-6-53-56-30-32-74-99-52-21-62-100-94-46-45-47-51-3-15-31-48-23-20-43-85-11-70-12-19-60-25-4-2-24-73-29-38-86-88-44-18-89-57-67-91-14-90-37-96-42-58-27-72-26-17-36-49-98-77-63-64-13-8-92-97-75-87-68-66-34-95-84-7-50-69-41
Ta100x20,1,3,300,0.85,0.1,7,2230107264,17000,6481,6286,5851,3.780122249,v2_avx512bw_vec32_exact_perm,54-22-78-33-59-10-25-82-32-51-79-35-40-91-81-31-21-83-1-16-9-12-60-55-85-48-4-47-11-94-65-70-56-100-89-74-44-46-80-30-18-28-63-86-57-29-6-62-20-53-23-24-88-67-2-5-3-71-45-76-61-34-68-37-39-93-17-72-92-43-90-14-95-19-99-52-66-96-15-8-58-73-50-97-26-77-42-69-87-84-98-36-75-38-64-27-49-13-7-41
Ta100x20,1,3,300,0.85,0.1,8,2230108273,17000,6482,6286,5851,3.770237426,v2_avx512bw_vec32_exact_perm,54-22-78-79-35-76-33-10-3-32-51-82-1-83-55-46-40-74-6-16-47-99-5-21-48-60-44-43-93-100-59-53-85-18-4-30-81-25-89-77-23-94-80-65-73-11-31-61-50-71-67-58-57-45-28-86-90-62-20-12-14-39-2-92-34-9-96-38-91-70-37-64-27-36-29-95-56-66-75-26-24-88-72-98-87-8-19-42-17-15-49-97-69-84-63-68-13-7-52-41
Ta100x20,1,3,300,0.85,0.1,9,2230109282,17000,6421,6286,5851,3.772231371,v2_avx512bw_vec32_exact_perm,54-22-78-79-47-10-33-35-85-81-80-93-82-59-31-28-16-40-55-39-48-9-91-21-6-89-74-12-60-61-3-100-51-83-44-76-32-11-30-2-92-43-1-24-62-73-42-20-5-37-18-46-86-25-4-57-45-23-67-71-65-15-8-58-94-70-50-56-96-66-53-95-29-87-99-68-98-64-17-72-14-88-19-34-36-38-75-84-90-27-69-63-26-97-49-77-13-7-52-41
Ta100x20,1,3,300,0.85,0.1,10,2230110291,17000,6516,6286,5851,3.750843537,v2_avx512bw_vec32_exact_perm,78-22-54-79-10-33-5-55-1-40-46-62-51-81-21-23-53-28-6-16-99-91-83-35-93-12-3-45-76-65-71-86-4-11-74-48-100-61-82-18-30-88-70-57-60-25-56-59-32-9-84-31-67-85-80-24-44-75-89-29-97-92-42-20-14-39-90-43-47-34-58-37-72-27-2-19-17-98-73-68-96-66-26-15-94-77-8-64-87-69-50-63-36-38-13-7-52-95-49-41
Ta100x20,1,3,300,0.85,0.125,1,2230101210,17000,6544,6286,5851,3.85789086,v2_avx512bw_vec32_exact_perm,22-79-54-10-3-78-16-33-9-25-93-81-31-28-74-35-6-76-59-46-1-51-80-99-61-24-21-55-73-83-30-50-32-47-45-44-40-89-82-17-4-70-62-67-43-37-100-91-53-20-2-92-12-39-14-19-29-94-58-11-85-86-5-27-71-65-68-57-18-96-23-36-75-98-60-56-97-95-72-15-13-48-8-87-7-88-34-77-63-64-26-49-66-42-90-84-69-38-52-41
Ta100x20,1,3,300,0.85,0.125,2,2230102219,17000,6483,6286,5851,3.903984224,v2_avx512bw_vec32_exact_perm,54-22-78-79-10-35-83-5-55-51-33-99-82-81-73-32-18-25-31-89-40-61-70-56-85-74-59-65-93-30-21-76-6-60-88-39-24-1-44-100-12-48-91-37-96-75-23-67-28-16-80-19-47-2-29-77-86-45-17-46-94-53-34-11-3-20-98-62-9-43-72-14-71-63-8-42-4-90-27-58-36-84-69-57-97-68-26-92-15-66-38-95-87-52-64-50-49-13-7-41
Ta100x20,1,3,300,0.85,0.125,3,2230103228,17000,6472,6286,5851,3.724071715,v2_avx512bw_vec32_exact_perm,54-22-78-33-59-79-28-55-9-32-91-1-83-81-25-16-6-35-12-21-3-85-61-24-82-40-48-44-80-99-65-10-30-53-70-74-60-18-56-76-47-19-43-89-93-29-86-46-62-88-51-2-100-50-4-36-45-98-37-96-11-92-20-57-15-87-31-75-42-8-94-39-58-67-27-95-5-73-38-23-84-68-66-14-71-72-17-97-26-63-77-34-49-13-7-69-64-90-52-41
Ta100x20,1,3,300,0.85,0.125,4,2230104237,17000,6469,6286,5851,3.63509922,v2_avx512bw_vec32_exact_perm,22-54-78-47-59-16-83-79-55-33-81-76-82-35-10-100-74-65-32-62-51-1-21-12-28-71-5-89-18-40-46-4-80-60-11-61-70-39-37-63-24-6-9-85-88-3-30-48-91-53-45-20-2-93-34-66-43-95-29-90-56-31-99-75-27-44-94-77-58-36-98-87-15-69-19-14-25-86-23-92-8-84-73-67-42-17-96-72-57-38-97-26-52-68-64-50-13-7-49-41
Ta100x20,1,3,300,0.85,0.125,5,2230105246,17000,6455,6286,5851,3.77719838,v2_avx512bw_vec32_exact_perm,54-22-78-79-10-33-1-82-83-99-81-61-31-16-40-59-30-35-56-21-6-3-76-51-25-9-17-4-53-28-47-58-12-60-86-55-93-32-39-5-20-44-85-70-63-11-48-73-89-62-29-91-65-100-75-74-2-43-13-18-67-34-24-80-98-36-77-37-46-94-45-88-14-71-27-23-15-19-57-8-72-92-66-26-42-87-97-90-7-84-95-68-52-96-69-38-64-50-49-41
Ta100x20,1,3,300,0.85,0.125,6,2230106255,17000,6512,6286,5851,3.948358946,v2_avx512bw_vec32_exact_perm,54-22-47-78-83-33-51-79-10-82-21-28-74-5-3-25-60-77-1-100-31-40-93-32-70-80-16-59-76-99-35-81-56-24-55-85-45-12-46-98-44-6-30-71-61-65-37-48-19-15-14-11-2-62-23-17-39-53-20-34-94-18-72-43-87-58-9-27-29-95-91-68-86-67-4-96-69-89-92-64-38-36-50-66-73-90-57-97-75-8-63-84-49-26-42-88-13-7-52-41
Ta100x20,1,3,300,0.85,0.125,7,2230107264,17000,6496,6286,5851,3.776140223,v2_avx512bw_vec32_exact_perm,22-79-54-55-82-33-81-74-28-89-78-39-1-25-9-91-40-83-16-35-53-94-47-6-60-10-51-11-56-76-93-5-71-21-31-50-32-30-88-77-59-80-99-65-37-45-18-44-96-85-46-48-61-3-42-100-92-27-29-58-62-34-24-20-43-70-73-38-86-23-19-87-2-8-64-57-14-4-66-15-68-67-75-12-69-17-63-72-84-36-90-13-97-26-98-52-95-7-49-41
Ta100x20,1,3,300,0.85,0.125,8,2230108273,17000,6530,6286,5851,3.814269707,v2_avx512bw_vec32_exact_perm,54-22-78-55-33-82-81-79-35-100-74-88-65-10-24-56-59-16-31-40-60-70-1-44-85-46-21-6-18-9-71-28-32-30-25-37-83-12-4-11-2-61-80-89-51-63-86-53-93-91-94-42-20-17-23-62-99-3-43-5-67-7-39-58-27-76-75-48-29-57-96-45-14-97-87-95-19-77-72-47-92-98-8-90-73-84-36-68-50-69-64-26-34-13-15-66-49-38-52-41
Ta100x20,1,3,300,0.85,0.125,9,2230109282,17000,6511,6286,5851,3.85945245,v2_avx512bw_vec32_exact_perm,22-54-78-33-10-79-51-35-55-59-4-40-76-82-81-74-53-28-62-46-30-3-70-37-1-47-99-21-71-6-16-9-83-12-5-90-25-60-56-93-39-14-31-100-45-92-57-29-20-89-85-48-44-91-73-88-94-65-32-61-34-77-96-72-11-98-18-15-86-67-2-80-24-43-19-38-17-23-64-68-95-97-26-75-87-8-84-27-42-49-58-52-50-36-13-69-7-63-66-41
Ta100x20,1,3,300,0.85,0.125,10,2230110291,17000,6443,6286,5851,3.748192973,v2_avx512bw_vec32_exact_perm,54-22-79-10-33-81-31-59-35-55-40-74-82-44-80-9-76-5-28-61-65-83-32-12-51-25-99-78-21-86-18-56-53-1-93-4-71-30-84-17-16-24-70-29-62-94-23-11-3-20-91-46-39-60-100-37-48-75-42-6-66-90-26-45-57-2-47-73-63-27-85-19-96-58-67-89-97-88-34-87-98-72-68-15-14-36-43-92-95-64-38-52-8-50-49-77-13-69-7-41
Ta100x20,1,3,300,0.8875,0.025,1,2230101210,17000,6452,6286,5851,4.204843376,v2_avx512bw_vec32_exact_perm,54-22-78-33-81-55-79-76-74-82-35-10-1-83-40-99-5-9-32-6-28-21-25-51-59-31-56-44-48-16-100-98-65-80-93-46-37-42-39-61-94-3-89-18-12-70-62-11-60-30-85-91-90-19-57-45-36-27-24-66-86-20-2-67-4-23-88-96-8-53-38-63-29-34-72-92-75-84-15-71-14-77-43-58-17-73-26-47-87-97-95-68-52-13-69-7-64-50-49-41
Ta100x20,1,3,300,0.8875,0.025,2,2230102219,17000,6477,6286,5851,4.463800351,v2_avx512bw_vec32_exact_perm,22-79-54-59-25-35-10-33-81-74-53-31-51-21-93-40-4-82-16-6-76-48-61-70-83-100-9-71-60-30-91-94-55-39-37-1-85-12-80-44-32-92-89-18-86-11-3-56-65-41-62-46-23-20-28-73-99-24-67-63-84-5-15-77-66-47-17-19-2-29-14-36-34-95-45-43-58-57-38-96-27-8-72-75-87-88-97-42-69-26-90-52-68-64-50-13-7-98-49-78
Ta100x20,1,3,300,0.8875,0.025,3,2230103228,17000,6391,6286,5851,4.106674893,v2_avx512bw_vec32_exact_perm,54-22-78-33-59-79-3-1-60-83-5-28-93-76-35-10-65-74-21-31-40-82-70-100-16-11-91-55-48-61-80-81-47-94-46-12-6-57-62-51-99-25-53-18-30-71-63-32-29-89-24-56-39-85-44-37-88-19-67-23-96-27-58-38-50-9-45-64-4-20-92-43-8-2-15-97-95-75-72-68-26-14-98-42-66-87-17-36-84-86-69-90-34-49-73-77-13-7-52-41
Ta100x20,1,3,300,0.8875,0.025,4,2230104237,17000,6414,6286,5851,4.202466297,v2_avx512bw_vec32_exact_perm,22-54-78-47-33-25-100-50-3-1-74-21-82-81-6-16-83-79-35-55-40-4-73-51-59-18-76-39-61-99-32-85-44-10-11-5-53-9-62-48-80-93-12-71-63-24-30-89-31-90-98-70-37-28-96-56-75-67-14-34-2-91-60-46-29-94-64-57-65-77-20-23-45-17-15-72-95-68-58-43-87-26-97-19-27-8-86-69-92-88-52-36-38-84-49-42-66-13-7-41
Ta100x20,1,3,300,0.8875,0.025,5,2230105246,17000,6434,6286,5851,4.361959508,v2_avx512bw_vec32_exact_perm,22-54-78-79-82-10-35-76-33-81-16-59-6-31-74-28-91-99-51-83-3-40-1-61-21-12-25-65-32-48-30-45-80-60-9-85-71-93-5-55-11-100-63-4-44-77-41-53-47-18-86-88-89-39-57-67-94-70-29-62-56-34-24-23-96-37-46-20-2-36-26-43-73-58-87-97-15-17-98-42-95-8-75-92-72-27-19-38-14-69-66-90-84-52-68-64-50-13-7-49
Ta100x20,1,3,300,0.8875,0.025,6,2230106255,17000,6497,6286,5851,4.40131176,v2_avx512bw_vec32_exact_perm,78-22-54-79-33-10-55-59-65-3-82-35-21-74-100-16-31-51-81-1-25-11-83-45-4-12-32-61-80-5-99-89-76-48-30-93-56-28-9-39-37-40-46-6-63-60-85-62-70-18-44-97-96-24-72-43-86-53-23-29-20-67-94-58-91-19-27-57-26-71-15-2-14-88-87-75-47-68-98-64-73-17-77-8-90-92-66-84-42-34-95-69-7-13-52-36-50-38-49-41
Ta100x20,1,3,300,0.8875,0.025,7,2230107264,17000,6428,6286,5851,4.695725171,v2_avx512bw_vec32_exact_perm,22-54-78-79-3-82-16-33-83-81-28-31-25-74-35-100-6-55-9-40-48-18-21-76-1-39-99-91-60-46-12-20-59-56-10-86-5-80-65-61-30-11-88-32-51-73-89-93-53-85-71-4-67-44-2-58-43-37-70-94-29-77-47-15-45-62-72-27-24-34-98-96-14-68-75-23-19-95-57-36-66-26-87-42-17-52-90-97-84-69-63-92-64-8-50-13-7-38-49-41
Ta100x20,1,3,300,0.8875,0.025,8,2230108273,17000,6374,6286,5851,4.475031639,v2_avx512bw_vec32_exact_perm,54-22-78-79-33-35-83-55-59-76-39-51-3-82-74-93-1-40-28-21-4-9-53-56-81-25-65-10-31-48-70-61-89-91-11-12-85-62-30-63-94-99-18-46-47-100-5-73-14-60-86-32-71-44-29-80-67-24-98-50-96-16-23-27-58-38-90-36-88-34-6-37-2-64-57-17-45-69-20-15-19-8-87-97-42-26-92-75-95-72-68-66-43-49-84-77-7-13-52-41
Ta100x20,1,3,300,0.8875,0.025,9,2230109282,17000,6381,6286,5851,4.506375506,v2_avx512bw_vec32_exact_perm,54-22-78-47-79-10-35-76-74-82-83-1-9-6-3-50-21-55-91-39-48-61-33-53-99-81-12-59-40-25-4-93-30-65-60-56-89-32-51-62-100-36-80-98-2-37-45-24-70-85-66-44-28-94-19-18-16-86-92-11-67-71-5-73-88-46-23-29-43-58-68-42-15-20-96-14-75-31-87-90-57-64-8-17-97-49-34-95-72-26-63-77-7-38-52-13-84-27-69-41
Ta100x20,1,3,300,0.8875,0.025,10,2230110291,17000,6408,6286,5851,4.709980177,v2_avx512bw_vec32_exact_perm,54-22-47-55-33-59-65-79-10-25-35-32-51-31-74-48-40-81-12-21-28-6-57-61-89-39-76-53-93-62-100-82-1-80-3-37-30-44-71-83-5-4-99-9-45-16-70-56-60-18-85-86-36-91-94-11-24-2-67-73-20-46-78-58-50-43-15-92-75-77-88-29-87-34-90-17-96-8-69-63-64-38-14-23-72-27-95-66-19-26-97-84-68-98-49-42-13-7-52-41
Ta100x20,1,3,300,0.8875,0.05,1,2230101210,17000,6469,6286,5851,4.39090934,v2_avx512bw_vec32_exact_perm,22-54-78-33-59-25-28-47-79-3-65-83-82-10-40-100-1-21-6-74-60-99-16-35-51-46-12-81-31-44-76-93-91-85-45-48-11-94-4-63-5-29-27-55-2-67-32-18-9-92-86-39-80-61-89-57-71-43-30-37-84-19-70-20-36-24-98-62-53-15-23-42-88-17-72-75-50-96-8-14-97-95-58-56-26-66-77-90-34-87-49-69-64-73-38-68-52-13-7-41
Ta100x20,1,3,300,0.8875,0.05,2,2230102219,17000,6504,6286,5851,3.986950496,v2_avx512bw_vec32_exact_perm,78-22-47-54-79-33-81-28-83-16-10-82-35-55-5-80-74-93-76-99-21-61-65-89-100-32-39-48-14-1-9-12-53-51-59-70-31-25-71-98-3-96-50-91-60-37-56-62-94-6-30-85-19-46-20-4-23-88-90-67-40-18-11-75-29-36-24-73-2-43-95-44-86-64-57-27-26-45-58-17-34-72-87-49-69-68-15-13-97-8-63-92-7-84-42-52-38-77-66-41
Ta100x20,1,3,300,0.8875,0.05,3,2230103228,17000,6420,6286,5851,4.334938096,v2_avx512bw_vec32_exact_perm,54-22-78-33-79-35-74-83-82-65-25-10-1-93-16-39-32-100-80-81-48-12-61-21-40-6-59-5-55-11-51-53-50-89-31-62-4-86-99-30-60-63-28-46-91-18-37-44-76-70-45-71-96-85-3-75-66-67-77-94-24-27-36-57-20-2-23-15-64-14-47-88-43-92-19-58-72-8-73-98-42-26-87-56-95-29-68-34-84-17-49-69-90-13-9-7-97-38-52-41
Ta100x20,1,3,300,0.8875,0.05,4,2230104237,17000,6473,6286,5851,4.27890062,v2_avx512bw_vec32_exact_perm,54-22-47-78-79-35-55-89-74-31-81-48-61-83-33-65-40-25-6-10-16-1-45-3-100-80-76-5-99-71-28-44-9-12-21-11-37-39-70-85-60-59-82-24-91-63-94-62-18-68-72-69-51-30-32-96-67-84-4-46-98-43-73-86-34-53-58-42-75-29-56-20-19-2-95-8-14-15-93-23-17-88-64-36-57-27-26-87-97-49-7-13-92-50-66-90-77-38-52-41
Ta100x20,1,3,300,0.8875,0.05,5,2230105246,17000,6413,6286,5851,4.416138356,v2_avx512bw_vec32_exact_perm,54-22-78-33-59-79-74-35-31-83-5-16-81-6-28-76-10-40-65-1-82-47-21-93-3-60-12-48-100-61-80-23-51-11-53-88-25-9-4-27-45-32-99-39-29-91-70-85-50-89-62-44-94-18-55-86-2-24-36-96-66-71-73-46-67-15-37-14-57-17-42-92-30-20-19-58-43-34-69-90-87-84-75-72-56-95-7-26-63-77-98-64-8-13-97-49-68-38-52-41
Ta100x20,1,3,300,0.8875,0.05,6,2230106255,17000,6471,6286,5851,3.840259671,v2_avx512bw_vec32_exact_perm,54-22-78-79-35-55-33-81-74-16-83-21-82-12-3-77-1-53-65-51-99-91-18-76-61-39-25-59-30-89-100-31-48-93-45-4-10-60-94-20-9-80-6-42-85-2-37-24-28-29-44-88-67-96-46-98-73-86-47-19-70-32-56-62-23-11-15-57-66-71-84-92-68-5-64-17-58-27-14-72-97-95-38-34-8-50-75-43-87-69-63-26-40-36-49-90-13-7-52-41
Ta100x20,1,3,300,0.8875,0.05,7,2230107264,17000,6452,6286,5851,4.060997984,v2_avx512bw_vec32_exact_perm,54-22-78-79-35-55-33-40-32-59-83-3-25-51-1-99-21-82-18-74-10-89-5-12-76-28-9-31-61-80-44-24-45-81-47-85-94-16-100-65-70-53-57-48-93-60-91-56-11-77-29-6-63-17-39-37-86-4-75-36-20-23-30-88-71-46-84-92-62-72-38-14-98-67-19-34-43-42-26-66-2-15-27-58-96-73-87-8-90-95-97-68-52-69-13-7-64-50-49-41
Ta100x20,1,3,300,0.8875,0.05,8,2230108273,17000,6421,6286,5851,3.749265547,v2_avx512bw_vec32_exact_perm,54-22-79-10-33-83-35-55-65-25-59-3-100-89-31-76-82-86-48-74-6-61-21-53-99-30-80-40-56-32-12-81-28-93-60-51-47-39-18-94-4-5-11-37-44-46-1-58-88-45-43-16-36-91-85-70-17-62-71-90-9-2-67-24-73-72-42-15-20-92-98-87-77-27-23-14-19-96-29-57-34-63-78-26-75-95-7-64-84-8-13-97-50-49-68-52-69-38-66-41
Ta100x20,1,3,300,0.8875,0.05,9,2230109282,17000,6452,6286,5851,3.977841055,v2_avx512bw_vec32_exact_perm,54-22-47-78-33-28-81-16-83-10-82-1-85-79-40-6-5-55-21-35-74-12-61-51-80-9-76-3-11-59-30-89-56-48-39-20-93-32-53-70-62-60-4-43-37-31-25-91-18-44-86-45-99-75-29-46-67-24-94-2-100-19-17-88-73-23-7-71-14-65-15-72-63-98-95-77-50-36-66-26-96-57-64-58-27-68-87-97-13-8-92-34-42-90-52-69-38-84-49-41
Ta100x20,1,3,300,0.8875,0.05,10,2230110291,17000,6405,6286,5851,4.267835758,v2_avx512bw_vec32_exact_perm,22-54-78-59-55-33-81-16-6-79-28-47-32-74-80-83-1-51-21-9-12-4-82-61-40-53-99-65-89-56-18-100-44-25-3-24-45-70-76-93-10-48-71-35-31-86-20-2-41-92-67-39-60-98-14-94-91-43-87-23-85-5-37-36-62-50-96-57-75-46-15-11-63-30-73-26-58-77-66-19-88-97-42-72-17-34-69-90-95-29-49-7-38-84-52-68-13-64-27-8
Ta100x20,1,3,300,0.8875,0.075,1,2230101210,17000,6521,6286,5851,3.800330454,v2_avx512bw_vec32_exact_perm,54-22-78-33-59-25-35-100-74-79-10-16-93-31-37-3-65-1-82-83-76-5-81-21-23-51-62-80-24-40-44-28-20-6-48-12-55-89-91-9-30-61-11-53-70-32-85-43-50-18-71-45-60-27-4-99-2-92-97-86-39-17-96-34-73-29-58-67-98-13-36-14-90-57-95-46-72-26-94-42-8-15-49-84-47-56-69-66-75-63-19-7-77-88-87-64-38-52-68-41
Ta100x20,1,3,300,0.8875,0.075,2,2230102219,17000,6505,6286,5851,3.721247069,v2_avx512bw_vec32_exact_perm,79-22-54-3-59-33-78-83-25-35-74-82-10-65-21-12-9-28-76-99-100-44-57-93-1-81-53-40-48-46-16-6-80-47-34-60-39-91-31-70-89-61-63-51-94-30-85-18-71-62-24-2-77-55-5-20-11-37-45-96-4-32-64-56-88-67-66-73-58-15-29-42-14-8-86-19-26-43-84-92-23-75-72-27-17-98-95-87-68-97-69-90-52-38-36-50-49-13-7-41
Ta100x20,1,3,300,0.8875,0.075,3,2230103228,17000,6514,6286,5851,3.717144329,v2_avx512bw_vec32_exact_perm,79-22-54-33-81-28-65-10-82-31-40-25-35-83-3-12-51-60-4-93-74-99-21-47-48-100-6-59-1-44-84-16-53-18-45-85-91-30-76-5-55-61-80-89-32-9-98-70-71-39-96-29-24-27-62-56-63-67-86-2-23-46-37-72-20-11-58-73-15-17-68-90-13-26-97-43-14-34-19-66-8-36-94-57-49-87-38-92-88-75-42-52-77-7-95-69-64-50-78-41
Ta100x20,1,3,300,0.8875,0.075,4,2230104237,17000,6458,6286,5851,3.683698939,v2_avx512bw_vec32_exact_perm,54-22-78-47-79-10-33-35-83-16-55-91-1-81-74-6-28-39-76-56-9-89-31-100-84-61-40-82-5-21-12-99-70-60-98-32-62-51-50-63-30-93-11-48-59-65-80-96-24-44-37-3-18-85-88-25-57-43-53-86-23-27-46-29-2-58-71-34-4-67-20-45-64-94-19-72-17-26-75-77-14-15-68-66-97-92-36-95-87-8-49-73-42-69-7-13-90-38-52-41
Ta100x20,1,3,300,0.8875,0.075,5,2230105246,17000,6499,6286,5851,3.895302131,v2_avx512bw_vec32_exact_perm,54-22-78-79-35-55-32-33-3-83-81-76-65-1-51-89-31-21-74-10-12-91-60-11-25-40-4-63-39-6-100-16-56-46-44-48-53-80-30-82-18-85-59-9-28-20-97-70-2-94-93-62-43-61-73-47-99-72-24-5-67-29-14-17-98-71-90-45-8-34-15-38-68-87-69-96-88-27-37-36-92-75-86-57-58-84-23-95-42-19-66-52-64-26-50-49-77-13-7-41
Ta100x20,1,3,300,0.8875,0.075,6,2230106255,17000,6491,6286,5851,3.929602652,v2_avx512bw_vec32_exact_perm,22-54-78-79-33-59-55-16-82-3-25-65-83-5-35-6-9-10-74-47-76-80-51-89-28-93-31-40-21-91-62-61-48-56-1-81-4-11-94-85-44-46-73-100-30-53-71-70-39-60-37-57-2-24-23-88-43-14-67-29-32-99-19-42-45-34-18-50-96-72-20-15-12-17-92-98-63-58-75-95-36-86-84-90-13-8-97-26-38-27-69-66-49-87-7-77-64-52-68-41
Ta100x20,1,3,300,0.8875,0.075,7,2230107264,17000,6490,6286,5851,3.991568796,v2_avx512bw_vec32_exact_perm,54-22-47-78-55-25-82-59-33-9-79-35-76-10-100-40-3-74-21-84-44-6-31-28-56-81-86-83-57-94-18-30-51-93-16-4-5-11-12-67-32-99-48-29-53-1-42-19-89-2-61-20-39-45-62-24-92-85-23-27-71-65-80-70-34-60-43-72-17-14-91-26-96-97-90-15-88-75-46-73-98-77-8-58-68-87-95-66-69-52-38-37-64-63-49-36-50-13-7-41
Ta100x20,1,3,300,0.8875,0.075,8,2230108273,17000,6484,6286,5851,3.946994192,v2_avx512bw_vec32_exact_perm,22-54-55-33-81-78-16-65-82-59-1-83-79-32-12-21-74-25-35-3-51-10-100-91-62-40-24-61-93-31-60-80-48-56-5-30-11-76-18-47-9-67-45-4-94-42-99-70-85-58-71-88-86-37-28-44-23-53-89-20-29-73-46-6-96-15-39-17-57-63-34-2-90-14-27-92-36-97-26-72-95-98-38-8-84-77-75-68-43-87-69-66-52-19-64-13-7-50-49-41
Ta100x20,1,3,300,0.8875,0.075,9,2230109282,17000,6436,6286,5851,3.993828831,v2_avx512bw_vec32_exact_perm,54-22-78-79-10-33-81-31-48-28-82-74-1-83-12-25-9-100-32-61-80-55-65-21-93-89-40-5-51-76-96-3-39-18-50-20-35-86-11-92-59-63-16-70-56-62-30-6-37-44-91-85-53-24-60-2-29-47-46-45-88-4-94-71-99-67-34-27-58-43-87-57-23-95-36-66-90-15-97-8-69-84-19-14-98-26-42-75-68-13-64-17-73-72-7-38-49-77-52-41
Ta100x20,1,3,300,0.8875,0.075,10,2230110291,17000,6513,6286,5851,3.982355855,v2_avx512bw_vec32_exact_perm,22-54-55-78-33-81-74-79-94-82-3-10-25-65-100-53-83-1-51-16-91-32-18-44-21-35-86-70-99-85-31-39-76-89-28-43-37-40-93-12-58-62-50-47-9-56-11-61-5-59-60-30-67-75-29-80-46-57-88-27-23-71-4-6-24-63-7-20-97-48-96-2-15-14-42-92-45-87-73-68-26-64-98-17-72-8-66-34-13-19-95-90-49-36-77-38-52-69-84-41
Ta100x20,1,3,300,0.8875,0.1,1,2230101210,17000,6502,6286,5851,4.029630487,v2_avx512bw_vec32_exact_perm,22-54-78-33-35-83-55-59-10-25-76-3-65-1-100-45-48-21-74-82-79-40-32-99-12-51-81-2-30-93-53-80-18-4-61-39-24-5-47-16-6-66-50-84-31-71-60-86-62-28-9-91-46-88-73-37-11-43-29-69-44-96-85-70-36-58-19-94-20-27-89-95-64-23-56-72-63-98-90-17-67-26-14-34-57-92-87-42-75-68-13-15-8-97-52-7-49-77-38-41
Ta100x20,1,3,300,0.8875,0.1,2,2230102219,17000,6511,6286,5851,3.86491025,v2_avx512bw_vec32_exact_perm,54-78-22-79-10-33-82-9-35-56-74-51-76-81-80-3-25-16-100-65-83-91-55-40-59-39-1-6-89-31-21-4-28-50-62-45-32-30-18-61-99-24-94-85-47-48-71-67-70-60-53-11-37-93-73-96-58-29-5-77-98-12-46-87-20-64-44-88-23-43-72-17-15-84-86-57-36-38-19-95-75-26-27-2-14-68-34-69-63-42-92-8-97-49-66-90-13-7-52-41
Ta100x20,1,3,300,0.8875,0.1,3,2230103228,17000,6536,6286,5851,3.81109907,v2_avx512bw_vec32_exact_perm,54-22-78-79-33-51-82-35-1-10-31-65-16-5-99-53-59-62-74-40-83-100-90-81-12-55-4-21-75-46-9-50-91-30-93-60-76-45-80-61-3-48-47-56-89-39-14-85-6-44-11-18-57-71-97-28-24-92-66-86-70-87-36-32-98-8-94-63-17-84-67-23-20-96-72-73-95-29-88-43-19-58-77-34-27-2-37-64-15-68-26-49-42-13-7-52-69-38-25-41
Ta100x20,1,3,300,0.8875,0.1,4,2230104237,17000,6536,6286,5851,3.843125106,v2_avx512bw_vec32_exact_perm,54-22-78-79-47-10-33-51-21-31-81-76-99-100-82-74-45-16-61-55-35-40-48-6-93-60-71-32-83-46-1-59-44-80-30-65-85-4-43-3-37-53-5-89-25-12-39-84-62-86-28-94-11-18-90-98-66-67-23-17-73-91-72-24-36-75-27-56-20-70-2-19-34-14-57-8-26-63-58-77-96-7-87-97-88-29-95-50-9-42-92-52-69-13-15-68-64-38-49-41
Ta100x20,1,3,300,0.8875,0.1,5,2230105246,17000,6469,6286,5851,3.89708728,v2_avx512bw_vec32_exact_perm,54-22-78-79-10-33-74-35-32-83-81-25-6-65-82-40-1-21-5-16-100-93-48-61-47-3-80-53-51-55-31-59-11-76-29-91-86-94-19-85-28-18-20-12-9-89-70-45-44-57-62-56-73-46-30-58-24-2-90-15-67-39-37-17-4-14-34-96-99-71-72-88-23-42-98-60-27-92-87-63-8-84-97-36-95-69-43-26-75-52-38-68-77-66-64-50-13-7-49-41
Ta100x20,1,3,300,0.8875,0.1,6,2230106255,17000,6467,6286,5851,3.860263498,v2_avx512bw_vec32_exact_perm,54-22-78-79-35-10-31-82-33-3-81-74-56-21-5-99-83-1-76-28-16-32-89-53-48-25-11-40-51-6-94-12-55-47-9-100-59-4-45-39-70-71-30-66-62-91-80-37-61-93-27-23-63-60-65-85-44-19-57-86-15-98-2-46-90-67-24-43-88-73-58-18-96-20-14-92-72-42-75-87-64-17-8-84-29-77-13-68-34-38-97-26-52-95-7-69-50-49-36-41
Ta100x20,1,3,300,0.8875,0.1,7,2230107264,17000,6503,6286,5851,3.850724644,v2_avx512bw_vec32_exact_perm,54-59-22-24-55-33-81-79-10-93-31-16-51-28-32-35-21-65-12-89-76-48-3-11-61-40-91-80-74-60-9-56-5-83-70-62-47-94-82-6-85-1-100-44-53-86-50-99-18-66-43-25-23-29-30-2-67-96-37-57-58-20-63-52-36-4-71-45-75-77-8-90-46-15-73-14-17-39-41-92-88-42-26-72-84-7-97-19-38-13-34-95-98-87-68-64-27-69-49-78
Ta100x20,1,3,300,0.8875,0.1,8,2230108273,17000,6545,6286,5851,3.965238468,v2_avx512bw_vec32_exact_perm,22-54-78-79-24-81-83-35-25-3-82-9-10-55-40-65-74-31-48-21-51-32-30-28-91-62-59-70-1-80-46-61-12-93-76-94-33-88-45-4-39-20-18-58-42-85-99-16-5-72-27-47-89-56-53-44-92-75-97-6-60-11-96-57-100-86-67-23-77-37-8-36-63-2-71-34-26-50-29-15-43-14-17-13-49-90-84-7-69-98-95-19-66-64-87-73-68-38-52-41
Ta100x20,1,3,300,0.8875,0.1,9,2230109282,17000,6517,6286,5851,3.74819196,v2_avx512bw_vec32_exact_perm,54-22-78-79-47-33-10-16-82-74-3-65-76-95-90-6-35-9-100-21-1-83-48-91-62-81-12-40-51-56-46-89-53-55-25-80-99-61-37-39-93-31-5-71-30-67-59-2-4-60-42-85-18-94-32-43-72-86-17-8-20-70-96-44-57-14-27-92-58-36-24-15-45-88-29-75-11-23-97-84-28-73-13-26-98-87-68-34-49-7-77-19-52-69-64-38-50-63-66-41
Ta100x20,1,3,300,0.8875,0.1,10,2230110291,17000,6499,6286,5851,4.026540649,v2_avx512bw_vec32_exact_perm,54-22-78-33-79-10-25-35-74-4-9-82-51-59-53-83-16-31-91-1-65-21-11-48-76-28-3-70-85-99-61-5-75-40-47-12-55-62-73-71-81-39-60-94-20-72-93-66-44-56-18-24-2-63-86-98-80-8-88-23-46-100-43-87-89-92-67-30-27-58-96-34-29-68-97-19-15-6-14-57-32-95-17-45-36-26-77-37-90-52-42-13-84-69-7-64-50-38-49-41
Ta100x20,1,3,300,0.8875,0.125,1,2230101210,17000,6517,6286,5851,3.962463287,v2_avx512bw_vec32_exact_perm,54-22-78-33-59-1-62-81-28-21-93-10-82-74-9-16-79-76-65-100-19-48-51-46-40-3-31-89-44-83-12-24-30-66-80-56-35-70-55-37-6-61-20-5-94-32-99-45-43-71-39-69-4-88-67-91-34-25-85-96-58-11-72-53-86-60-2-50-98-64-17-63-8-23-84-29-27-47-95-75-14-92-36-87-42-15-57-18-97-68-49-38-26-73-90-77-7-13-52-41
Ta100x20,1,3,300,0.8875,0.125,2,2230102219,17000,6554,6286,5851,3.767633281,v2_avx512bw_vec32_exact_perm,54-22-31-47-33-59-9-55-100-62-4-3-51-79-10-82-65-67-91-88-1-81-60-28-40-74-80-35-93-83-21-5-85-18-71-11-37-57-6-61-16-23-25-44-30-86-32-46-34-2-76-63-48-70-39-12-53-24-89-56-20-94-42-43-99-17-78-72-96-29-98-45-8-87-77-75-36-7-92-27-64-69-14-95-90-15-19-73-58-84-13-66-50-26-97-38-49-68-52-41
Ta100x20,1,3,300,0.8875,0.125,3,2230103228,17000,6517,6286,5851,3.863281902,v2_avx512bw_vec32_exact_perm,54-59-31-78-82-22-79-33-35-10-4-65-74-83-99-28-21-1-91-12-89-53-81-55-3-63-6-61-40-39-56-25-96-9-51-32-5-76-47-44-80-16-37-60-30-92-43-62-18-24-70-20-71-45-48-93-42-29-67-94-87-85-23-100-19-11-49-64-57-46-68-26-2-86-75-15-17-73-14-72-27-58-88-36-34-95-98-90-52-84-8-13-69-66-97-50-77-38-7-41
Ta100x20,1,3,300,0.8875,0.125,4,2230104237,17000,6493,6286,5851,4.290265414,v2_avx512bw_vec32_exact_perm,22-54-78-33-59-10-82-25-47-83-40-3-35-79-61-76-74-65-48-28-21-6-71-39-81-24-70-62-32-51-9-80-56-1-88-45-85-5-100-67-93-60-18-89-44-73-31-46-20-99-91-4-30-63-53-16-75-90-23-94-42-55-12-19-11-86-92-15-27-14-96-29-2-37-95-72-98-68-17-58-64-87-36-34-57-26-43-8-97-49-84-52-69-7-13-50-77-66-38-41
Ta100x20,1,3,300,0.8875,0.125,5,2230105246,17000,6496,6286,5851,3.939438515,v2_avx512bw_vec32_exact_perm,54-22-78-79-10-33-100-65-76-35-81-55-21-74-3-59-39-51-82-16-61-89-5-31-53-93-97-48-32-83-6-40-12-25-50-30-99-56-60-80-4-86-46-70-98-57-71-36-63-62-11-37-77-94-27-58-29-1-14-67-90-2-85-24-44-43-45-8-91-18-20-19-17-84-23-28-66-47-72-34-92-88-7-96-95-15-26-42-87-73-75-9-13-38-52-68-64-49-69-41
Ta100x20,1,3,300,0.8875,0.125,6,2230106255,17000,6501,6286,5851,3.996633374,v2_avx512bw_vec32_exact_perm,22-54-55-78-33-81-79-3-28-25-1-9-85-35-83-74-59-16-4-82-76-51-46-10-31-21-48-65-80-53-37-99-44-73-39-24-61-89-20-88-45-18-62-47-5-11-38-60-90-14-40-32-6-100-56-12-30-70-91-15-67-63-96-98-2-72-71-75-23-34-27-92-66-36-57-58-93-43-84-29-94-87-26-19-77-86-8-42-69-97-17-64-95-68-50-7-49-13-52-41
Ta100x20,1,3,300,0.8875,0.125,7,2230107264,17000,6473,6286,5851,3.953823189,v2_avx512bw_vec32_exact_perm,54-22-78-79-33-1-83-3-25-35-59-76-10-21-81-82-100-74-31-5-32-62-80-65-93-48-51-61-4-70-86-47-45-12-60-28-37-44-42-99-40-55-92-15-75-18-43-11-63-72-88-30-24-53-71-6-29-16-9-67-20-23-91-2-96-34-64-85-89-46-49-27-94-36-57-39-58-56-14-8-87-90-13-98-26-17-73-95-97-68-52-66-19-84-69-77-7-38-50-41
Ta100x20,1,3,300,0.8875,0.125,8,2230108273,17000,6512,6286,5851,3.945048888,v2_avx512bw_vec32_exact_perm,54-59-22-33-81-55-32-79-78-35-60-86-28-82-6-83-47-40-65-53-21-37-74-76-12-48-25-5-1-99-96-10-30-9-91-46-3-27-16-100-80-89-20-93-56-70-61-94-23-62-43-51-18-31-24-71-45-44-57-8-4-85-90-67-11-58-63-66-39-73-87-2-88-97-26-19-98-17-15-29-95-14-36-92-84-52-77-68-13-34-69-38-64-72-42-75-50-7-49-41
Ta100x20,1,3,300,0.8875,0.125,9,2230109282,17000,6522,6286,5851,4.022179421,v2_avx512bw_vec32_exact_perm,54-22-78-79-28-82-3-31-81-93-33-35-10-32-65-40-83-53-48-59-25-6-85-16-9-1-71-21-44-100-55-30-92-45-57-61-39-18-91-51-11-20-80-66-50-62-5-2-60-70-24-89-77-12-74-63-99-56-88-84-47-37-94-23-76-36-96-64-43-4-19-27-86-72-14-90-17-8-58-75-73-46-98-13-67-15-87-97-68-95-7-49-26-34-52-69-42-29-38-41
Ta100x20,1,3,300,0.8875,0.125,10,2230110291,17000,6497,6286,5851,3.806099911,v2_avx512bw_vec32_exact_perm,22-54-78-33-81-25-35-74-93-82-16-10-31-40-79-55-59-30-65-21-3-83-5-91-48-28-80-1-11-76-100-12-9-37-89-61-44-51-6-66-2-67-39-71-86-23-4-45-46-60-98-27-84-32-99-70-62-24-18-72-90-94-42-53-20-75-17-96-57-8-63-29-73-14-92-68-19-15-77-85-95-58-36-43-56-26-47-87-97-34-13-52-88-69-64-50-38-7-49-41
Ta100x20,1,3,300,0.925,0.025,1,2230101210,17000,6493,6286,5851,4.1227601,v2_avx512bw_vec32_exact_perm,54-22-78-79-35-55-74-47-9-33-59-40-3-53-6-76-81-60-44-82-51-1-4-65-73-48-21-27-32-83-10-31-11-99-12-25-16-5-91-56-93-100-39-62-89-94-71-30-20-46-67-80-86-2-18-37-97-28-23-43-24-85-61-75-92-45-19-68-70-96-29-58-14-95-57-17-34-15-84-66-72-42-87-90-88-8-98-69-63-26-52-38-77-7-13-64-50-49-36-41
Ta100x20,1,3,300,0.925,0.025,2,2230102219,17000,6478,6286,5851,4.43266399,v2_avx512bw_vec32_exact_perm,22-79-54-78-77-83-82-33-10-47-93-35-59-80-5-76-90-16-40-31-21-6-74-81-9-56-1-51-24-3-18-61-25-62-98-45-53-48-55-39-89-91-32-44-85-70-94-60-50-86-96-73-20-65-4-15-71-67-37-30-11-12-2-23-27-88-100-14-17-57-46-29-58-19-63-34-26-36-43-97-8-87-99-95-68-66-64-72-75-92-28-49-13-84-7-52-42-69-38-41
Ta100x20,1,3,300,0.925,0.025,3,2230103228,17000,6481,6286,5851,4.043258897,v2_avx512bw_vec32_exact_perm,78-22-54-79-10-33-83-35-16-55-31-51-21-99-1-18-40-82-47-3-61-80-93-71-48-9-53-25-4-45-89-70-56-85-24-65-74-59-76-30-81-28-44-11-2-12-32-96-73-29-100-6-94-34-60-20-90-67-37-64-46-17-14-39-91-57-15-77-92-23-63-62-87-86-43-19-27-58-68-98-75-5-72-84-8-88-97-42-69-26-7-95-66-50-13-36-52-38-49-41
Ta100x20,1,3,300,0.925,0.025,4,2230104237,17000,6409,6286,5851,4.069255191,v2_avx512bw_vec32_exact_perm,22-54-78-59-55-33-83-82-79-1-10-35-65-76-81-28-31-21-40-18-3-51-91-74-39-62-61-48-12-80-93-99-100-25-5-60-9-44-47-89-45-4-94-6-53-86-32-85-27-46-30-70-73-11-16-56-90-43-37-88-71-23-20-58-38-72-96-67-17-63-29-2-34-95-15-36-24-14-57-26-42-75-87-68-98-92-64-8-13-84-97-50-69-7-49-77-66-19-52-41
Ta100x20,1,3,300,0.925,0.025,5,2230105246,17000,6451,6286,5851,4.335364672,v2_avx512bw_vec32_exact_perm,54-22-78-79-3-33-59-10-35-76-83-51-82-74-31-40-25-5-9-100-70-11-16-1-61-46-99-48-12-21-32-53-30-93-47-80-29-94-28-62-89-55-91-4-67-6-86-42-56-63-81-45-57-71-65-15-92-85-44-23-18-84-20-2-37-60-43-96-39-88-24-90-72-69-34-75-17-64-95-36-98-19-87-14-27-58-68-73-26-97-50-49-7-77-66-8-13-38-52-41
Ta100x20,1,3,300,0.925,0.025,6,2230106255,17000,6491,6286,5851,4.232748739,v2_avx512bw_vec32_exact_perm,54-22-78-33-59-79-55-65-100-82-10-76-40-1-99-3-60-77-51-9-31-21-91-28-74-80-46-81-56-48-6-16-93-32-61-4-83-53-25-44-89-85-30-88-94-23-18-5-71-12-86-29-39-35-62-24-20-19-97-67-70-63-57-47-90-34-17-2-11-73-37-26-45-43-96-8-66-15-75-72-95-87-14-58-36-98-27-84-68-64-92-42-52-13-50-69-7-38-49-41
Ta100x20,1,3,300,0.925,0.025,7,2230107264,17000,6448,6286,5851,4.369481121,v2_avx512bw_vec32_exact_perm,54-22-78-79-10-33-81-35-1-76-28-74-53-6-9-83-21-40-3-82-25-65-55-61-46-93-99-4-48-86-60-80-12-51-59-100-47-5-39-18-16-62-71-37-70-89-31-30-63-24-44-57-85-23-2-56-67-11-45-92-58-20-91-43-27-32-96-94-72-29-87-68-98-15-66-14-34-88-19-42-64-75-26-17-73-95-7-77-50-8-13-97-36-49-90-69-84-38-52-41
Ta100x20,1,3,300,0.925,0.025,8,2230108273,17000,6432,6286,5851,4.476005194,v2_avx512bw_vec32_exact_perm,54-22-78-21-33-81-28-25-59-31-79-35-83-3-55-1-51-74-40-76-48-61-9-93-39-82-4-89-80-12-65-10-53-91-37-30-47-29-94-85-70-16-44-11-56-100-32-5-62-63-73-86-67-6-46-20-58-43-75-57-96-60-18-14-71-24-19-34-2-66-90-88-99-77-45-17-64-23-68-98-15-95-87-72-27-8-92-36-49-84-97-50-69-7-42-38-52-13-26-41
Ta100x20,1,3,300,0.925,0.025,9,2230109282,17000,6460,6286,5851,4.037103714,v2_avx512bw_vec32_exact_perm,22-54-78-59-55-33-79-10-82-35-40-76-4-83-25-23-53-74-89-81-6-85-61-65-62-5-12-21-51-80-100-16-99-32-93-30-56-1-94-63-70-11-28-29-3-60-48-14-31-71-24-96-98-18-44-37-91-45-57-39-20-17-46-67-87-73-9-47-26-2-15-97-42-88-90-27-92-34-19-8-75-86-69-36-95-77-72-66-84-43-58-38-68-52-64-50-13-7-49-41
Ta100x20,1,3,300,0.925,0.025,10,2230110291,17000,6452,6286,5851,4.091816764,v2_avx512bw_vec32_exact_perm,54-78-22-47-35-83-25-3-74-33-100-16-82-10-79-40-31-45-1-65-81-12-55-91-59-51-80-63-28-21-5-11-99-61-76-77-6-56-46-89-50-18-9-32-85-44-60-57-70-24-36-94-43-20-4-23-53-93-39-98-37-62-27-30-14-58-34-48-19-86-2-67-26-71-42-88-66-17-96-72-95-15-29-13-8-92-75-90-49-7-73-69-87-64-84-97-68-38-52-41
Ta100x20,1,3,300,0.925,0.05,1,2230101210,17000,6523,6286,5851,4.43952521,v2_avx512bw_vec32_exact_perm,22-54-78-25-59-65-33-10-35-31-81-83-76-3-51-82-12-74-48-79-9-30-56-46-16-40-58-70-62-61-5-28-77-71-66-91-6-100-80-21-47-53-11-94-89-85-41-86-37-1-99-44-98-18-2-60-43-93-67-55-39-63-96-24-23-8-20-75-73-17-45-4-34-32-95-36-57-87-15-72-38-14-19-68-52-88-92-97-29-50-26-90-84-42-69-13-7-64-27-49
Ta100x20,1,3,300,0.925,0.05,2,2230102219,17000,6479,6286,5851,4.389701006,v2_avx512bw_vec32_exact_perm,54-22-78-79-35-10-5-83-74-82-33-81-16-31-21-90-85-48-80-61-93-53-59-55-24-99-47-40-32-6-1-44-3-18-56-71-89-12-51-76-25-60-45-30-28-92-9-46-73-20-62-86-11-43-37-4-94-96-36-50-100-70-29-64-98-67-91-2-14-95-39-27-75-88-58-65-23-19-63-57-87-15-26-8-72-69-42-34-17-49-7-13-77-66-97-84-68-38-52-41
Ta100x20,1,3,300,0.925,0.05,3,2230103228,17000,6509,6286,5851,4.078459875,v2_avx512bw_vec32_exact_perm,54-22-78-33-79-35-83-60-47-74-10-5-80-100-65-81-16-55-9-59-51-53-1-82-76-93-46-28-31-40-45-6-77-21-50-11-3-61-32-62-86-89-99-39-4-12-48-56-44-85-20-70-18-91-37-57-30-94-67-71-36-26-42-87-27-58-43-92-29-75-24-88-2-63-98-96-15-8-14-34-23-17-73-84-72-69-66-90-52-95-97-68-13-64-19-7-38-25-49-41
Ta100x20,1,3,300,0.925,0.05,4,2230104237,17000,6482,6286,5851,4.350635953,v2_avx512bw_vec32_exact_perm,54-22-78-33-59-79-10-31-16-82-83-1-3-35-51-40-25-65-4-56-74-70-76-89-6-61-39-21-53-85-81-86-11-99-50-96-55-9-60-28-62-73-5-100-47-32-12-94-93-67-80-30-29-63-44-71-46-24-2-23-48-43-14-64-57-20-18-36-58-45-91-27-34-37-17-15-8-72-87-42-92-75-88-68-69-90-26-97-19-84-13-98-52-95-7-49-38-77-66-41
Ta100x20,1,3,300,0.925,0.05,5,2230105246,17000,6455,6286,5851,4.117111451,v2_avx512bw_vec32_exact_perm,54-22-78-79-35-25-100-16-31-40-3-81-74-82-83-21-4-28-6-9-1-59-53-33-55-61-91-65-10-89-80-37-32-51-44-12-48-76-30-11-94-14-86-18-42-46-66-56-60-2-70-50-39-85-45-29-24-99-5-62-20-67-57-92-43-71-93-23-72-96-15-68-88-47-58-97-17-90-64-26-34-63-75-8-95-84-69-98-19-87-73-7-27-49-77-36-13-38-52-41
Ta100x20,1,3,300,0.925,0.05,6,2230106255,17000,6487,6286,5851,4.300178119,v2_avx512bw_vec32_exact_perm,22-54-78-33-59-79-28-3-76-83-82-65-25-35-81-32-6-1-16-74-91-60-77-40-55-100-11-31-21-51-48-61-10-47-9-94-80-5-45-39-20-89-62-24-18-27-96-4-57-30-46-56-37-2-63-70-99-12-44-86-90-17-53-58-14-29-23-73-34-71-67-15-85-88-72-19-8-93-95-75-36-69-26-97-98-42-38-84-43-13-66-92-7-87-64-50-49-52-68-41
Ta100x20,1,3,300,0.925,0.05,7,2230107264,17000,6457,6286,5851,4.384203503,v2_avx512bw_vec32_exact_perm,54-22-78-33-81-10-79-76-74-82-65-35-100-40-31-51-3-59-91-99-16-6-48-83-60-55-89-12-30-1-37-44-47-53-80-28-85-93-21-56-11-9-5-25-94-4-67-32-2-43-18-61-86-71-24-62-58-20-70-45-84-23-73-96-88-19-66-39-26-29-36-57-15-46-17-97-34-90-14-8-77-98-87-27-75-63-72-68-92-52-42-69-38-64-50-13-7-95-49-41
Ta100x20,1,3,300,0.925,0.05,8,2230108273,17000,6488,6286,5851,4.181593983,v2_avx512bw_vec32_exact_perm,54-22-78-79-10-33-81-16-35-55-59-100-40-91-65-80-21-93-31-61-51-60-9-12-82-6-53-85-3-25-89-18-74-86-44-56-11-5-32-50-67-83-1-4-47-76-28-99-70-24-71-30-63-48-42-23-62-75-94-39-14-2-57-34-37-96-46-17-29-45-20-92-72-84-36-27-69-90-98-66-58-43-26-15-97-77-87-95-19-73-8-88-68-38-64-52-13-7-49-41
Ta100x20,1,3,300,0.925,0.05,9,2230109282,17000,6527,6286,5851,4.191749156,v2_avx512bw_vec32_exact_perm,54-22-78-79-33-10-25-100-35-55-5-40-93-9-28-3-16-91-59-82-99-74-70-76-31-48-60-21-1-56-81-30-32-61-65-12-83-37-89-80-44-46-86-67-47-6-4-53-62-57-51-29-39-92-72-85-63-23-11-94-2-43-71-27-24-14-98-77-15-36-58-96-8-42-26-45-34-95-18-66-90-73-20-87-84-69-64-68-13-17-75-49-19-97-7-88-52-38-50-41
Ta100x20,1,3,300,0.925,0.05,10,2230110291,17000,6466,6286,5851,4.05696337,v2_avx512bw_vec32_exact_perm,22-54-78-59-55-33-81-79-35-76-82-10-40-36-12-85-3-100-48-83-1-74-21-9-5-25-31-11-28-86-89-61-4-80-88-44-65-99-53-93-18-71-43-32-51-60-30-6-20-39-37-16-70-46-94-91-62-96-57-2-29-63-64-67-27-24-98-23-19-90-14-47-73-8-38-26-45-58-84-92-75-56-17-97-77-42-52-66-87-34-95-68-69-72-15-50-49-13-7-41
Ta100x20,1,3,300,0.925,0.075,1,2230101210,17000,6490,6286,5851,4.481335514,v2_avx512bw_vec32_exact_perm,54-22-78-79-35-55-33-82-9-83-32-81-48-12-76-5-51-16-56-21-77-3-28-61-6-99-1-67-59-91-85-40-74-65-80-58-100-60-53-4-11-39-10-25-63-86-30-18-71-98-46-23-84-62-93-31-37-44-45-24-27-50-29-94-89-47-2-70-43-34-14-92-57-17-69-96-15-97-87-20-36-42-64-49-73-26-75-19-8-95-72-38-88-66-7-13-90-52-68-41
Ta100x20,1,3,300,0.925,0.075,2,2230102219,17000,6541,6286,5851,4.004048685,v2_avx512bw_vec32_exact_perm,22-78-79-54-10-53-25-33-82-74-3-40-6-31-28-70-59-65-91-83-35-1-85-81-30-37-9-48-41-21-80-18-32-51-11-16-12-93-36-89-61-4-60-47-99-96-100-55-98-46-86-76-44-24-50-2-62-67-39-57-92-63-20-45-29-43-56-5-58-94-75-72-34-17-15-77-14-90-26-71-27-95-8-88-23-87-97-19-69-7-38-52-73-68-66-13-64-42-84-49
Ta100x20,1,3,300,0.925,0.075,3,2230103228,17000,6478,6286,5851,4.346636136,v2_avx512bw_vec32_exact_perm,54-22-78-33-81-31-59-28-25-82-65-83-21-47-79-35-9-74-5-1-40-80-48-53-93-55-58-56-34-61-91-63-6-39-46-16-89-3-76-18-44-100-85-51-32-24-10-62-70-71-57-94-12-99-20-43-30-2-15-67-96-4-45-37-14-11-77-60-29-87-98-17-95-75-36-27-92-23-38-97-19-73-8-88-42-66-72-84-26-90-86-52-13-68-69-64-50-7-49-41
Ta100x20,1,3,300,0.925,0.075,4,2230104237,17000,6531,6286,5851,4.065886673,v2_avx512bw_vec32_exact_perm,54-22-78-79-10-33-81-25-35-93-100-16-31-40-55-3-62-74-48-65-59-70-80-30-45-83-99-50-4-32-39-44-51-46-82-57-9-47-60-6-12-76-21-1-28-18-61-5-36-75-85-92-84-53-91-11-24-71-43-89-63-86-96-37-67-27-2-29-23-20-17-72-7-94-73-14-66-42-19-87-58-26-56-15-8-95-69-97-34-13-98-90-77-88-52-68-64-38-49-41
Ta100x20,1,3,300,0.925,0.075,5,2230105246,17000,6528,6286,5851,4.263646952,v2_avx512bw_vec32_exact_perm,22-54-78-79-33-10-40-51-62-55-3-82-21-59-35-91-74-65-83-28-80-12-24-61-75-37-60-2-93-31-76-81-5-89-6-39-53-97-85-99-48-94-46-25-86-16-30-70-47-50-18-4-44-100-32-9-27-96-20-23-56-34-1-45-29-11-67-58-88-72-43-17-26-73-42-8-19-15-87-98-57-7-13-14-36-92-38-95-49-63-77-71-66-64-69-90-84-52-68-41
Ta100x20,1,3,300,0.925,0.075,6,2230106255,17000,6547,6286,5851,4.408581465,v2_avx512bw_vec32_exact_perm,54-22-78-47-51-3-16-33-82-83-79-40-5-10-55-6-48-1-21-74-99-93-25-9-46-61-45-70-37-90-12-59-4-35-44-86-85-53-81-60-56-76-65-42-80-91-29-100-67-39-18-89-84-94-17-30-32-11-62-57-24-98-73-20-2-96-43-68-23-15-75-28-92-27-58-8-72-31-69-95-36-87-88-71-77-97-64-14-26-52-50-63-66-13-7-19-34-38-49-41
Ta100x20,1,3,300,0.925,0.075,7,2230107264,17000,6533,6286,5851,4.483885727,v2_avx512bw_vec32_exact_perm,22-54-78-33-59-79-5-76-28-45-60-6-35-83-21-55-4-99-81-25-93-31-3-1-74-82-65-2-9-61-48-91-37-80-12-30-27-44-32-29-40-56-89-23-100-75-10-62-14-96-53-39-97-51-47-16-38-94-85-71-70-24-43-46-20-19-11-63-68-73-92-72-26-17-58-15-42-66-67-57-88-86-64-98-18-90-36-87-77-13-34-8-95-69-7-50-49-84-52-41
Ta100x20,1,3,300,0.925,0.075,8,2230108273,17000,6552,6286,5851,4.607712364,v2_avx512bw_vec32_exact_perm,54-22-78-47-3-21-5-16-79-33-74-10-9-59-82-25-65-12-100-91-51-45-83-40-35-1-24-31-89-55-56-80-18-93-94-48-81-23-11-4-61-76-62-28-50-98-38-60-53-6-37-39-70-20-96-32-30-71-99-73-17-46-63-67-85-58-2-86-36-95-75-15-8-42-87-77-97-44-26-57-27-34-88-43-69-90-13-52-19-14-72-92-66-64-29-84-68-7-49-41
Ta100x20,1,3,300,0.925,0.075,9,2230109282,17000,6537,6286,5851,4.613464137,v2_avx512bw_vec32_exact_perm,54-78-22-33-3-59-47-79-82-8-53-83-35-55-10-56-21-11-60-85-5-100-16-74-1-25-12-81-93-40-23-31-43-94-89-65-45-76-4-30-32-42-61-58-80-91-6-71-28-99-2-44-18-86-48-37-67-62-19-51-88-39-24-9-73-46-70-17-20-92-34-87-63-36-96-57-29-64-95-66-69-98-84-26-27-15-13-14-50-7-49-72-68-97-75-90-77-52-38-41
Ta100x20,1,3,300,0.925,0.075,10,2230110291,17000,6496,6286,5851,4.62545608,v2_avx512bw_vec32_exact_perm,22-79-54-10-33-78-3-1-83-82-81-16-6-60-9-61-12-4-93-100-31-25-40-65-59-35-76-80-53-74-56-55-21-44-39-5-99-32-85-51-18-94-20-89-70-28-11-23-42-26-62-48-24-91-96-37-63-30-67-27-45-77-29-58-17-98-66-47-86-14-2-15-57-46-69-36-19-75-43-97-84-87-34-95-72-71-90-88-8-92-73-64-38-68-52-50-13-7-49-41
Ta100x20,1,3,300,0.925,0.1,1,2230101210,17000,6546,6286,5851,3.963725087,v2_avx512bw_vec32_exact_perm,22-54-78-79-82-10-1-33-16-59-65-32-3-76-81-51-48-53-47-18-91-83-21-6-88-9-25-5-35-40-80-100-74-29-4-44-30-93-55-94-70-37-45-61-99-85-24-20-39-56-42-96-68-57-89-46-62-12-58-23-28-60-92-43-27-98-11-15-72-2-87-86-73-26-71-67-31-75-14-19-34-17-63-49-8-97-13-77-36-52-69-90-7-64-50-95-84-66-38-41
Ta100x20,1,3,300,0.925,0.1,2,2230102219,17000,6506,6286,5851,4.113617924,v2_avx512bw_vec32_exact_perm,54-22-47-78-33-10-79-5-28-3-65-76-6-80-59-35-74-83-100-40-30-82-55-93-9-32-48-56-62-53-12-99-81-61-31-37-1-39-21-58-25-51-90-94-45-11-50-18-29-24-67-91-70-43-88-96-86-89-23-16-4-20-44-19-27-60-57-92-34-75-71-46-72-14-2-36-26-63-15-68-73-95-98-84-17-64-8-87-42-85-49-77-97-7-69-13-52-66-38-41
Ta100x20,1,3,300,0.925,0.1,3,2230103228,17000,6560,6286,5851,4.076693113,v2_avx512bw_vec32_exact_perm,54-22-78-33-79-47-100-55-76-32-83-82-74-5-16-39-10-81-51-35-3-67-53-1-11-6-31-89-91-65-40-61-29-48-21-12-59-56-30-93-25-96-99-9-94-60-4-24-80-18-28-45-88-23-85-58-86-44-90-27-37-2-17-73-62-64-71-92-46-20-70-77-75-63-8-42-72-57-98-87-15-68-34-36-95-43-14-49-19-84-13-7-66-69-50-26-97-52-38-41
Ta100x20,1,3,300,0.925,0.1,4,2230104237,17000,6517,6286,5851,4.055544855,v2_avx512bw_vec32_exact_perm,54-78-59-22-33-79-35-10-55-40-65-91-70-53-76-99-82-74-100-12-81-6-1-3-89-83-16-51-45-93-56-4-44-9-25-30-32-61-37-18-39-31-21-48-47-50-94-80-11-85-60-62-96-5-73-71-75-24-46-28-97-15-8-23-67-42-57-63-87-77-72-34-17-20-86-2-58-88-92-43-29-36-64-14-68-98-66-26-95-7-49-90-27-13-19-69-84-38-52-41
Ta100x20,1,3,300,0.925,0.1,5,2230105246,17000,6523,6286,5851,3.852219769,v2_avx512bw_vec32_exact_perm,54-22-79-10-33-78-48-21-65-9-25-35-12-100-16-80-83-11-55-81-4-61-77-59-30-60-40-53-6-18-3-32-39-20-31-51-82-86-67-57-5-76-93-96-70-46-89-62-19-74-1-28-15-24-66-2-23-45-47-73-98-44-72-37-85-43-88-99-27-92-58-91-8-71-84-29-97-17-94-68-75-63-14-90-69-36-42-34-95-26-87-38-52-56-64-49-50-13-7-41
Ta100x20,1,3,300,0.925,0.1,6,2230106255,17000,6539,6286,5851,3.843945271,v2_avx512bw_vec32_exact_perm,54-22-78-33-59-79-55-9-25-35-24-83-1-74-47-4-82-99-16-65-10-61-5-76-80-40-51-32-70-81-93-62-56-29-30-3-43-45-37-31-44-48-71-60-94-21-23-28-57-12-18-100-15-85-20-96-89-46-88-63-53-34-92-2-11-91-98-6-67-90-39-17-73-68-75-97-27-8-58-87-14-42-69-95-72-26-49-19-84-66-7-77-86-38-36-50-13-64-52-41
Ta100x20,1,3,300,0.925,0.1,7,2230107264,17000,6514,6286,5851,3.907129001,v2_avx512bw_vec32_exact_perm,22-54-78-55-33-79-35-10-82-32-80-51-86-39-40-16-93-25-9-53-83-4-6-81-1-61-91-12-3-74-48-21-65-59-5-28-84-30-11-31-60-89-18-46-90-76-45-37-71-96-50-100-2-85-67-24-70-62-73-47-17-99-23-44-29-64-63-75-57-92-20-97-14-94-56-15-26-42-69-19-68-43-58-52-34-8-95-98-87-72-7-13-88-36-38-27-49-77-66-41
Ta100x20,1,3,300,0.925,0.1,8,2230108273,17000,6530,6286,5851,4.374426721,v2_avx512bw_vec32_exact_perm,54-22-78-79-10-33-51-100-5-70-25-12-40-74-76-93-9-35-16-1-83-81-3-30-71-44-37-45-55-31-59-39-82-48-21-32-80-6-28-56-86-24-65-53-29-99-97-50-11-18-94-61-60-92-23-43-19-67-85-88-2-77-91-89-57-36-62-66-46-96-4-8-72-73-15-17-20-75-98-84-14-58-68-63-42-34-95-90-26-87-69-38-52-47-64-27-49-13-7-41
Ta100x20,1,3,300,0.925,0.1,9,2230109282,17000,6549,6286,5851,4.413056099,v2_avx512bw_vec32_exact_perm,54-22-4-78-51-33-3-59-25-16-35-82-83-28-97-53-6-93-81-31-10-79-21-75-74-76-90-48-46-12-91-55-18-40-32-47-1-62-24-80-45-98-36-89-39-99-85-5-60-65-63-9-88-61-70-56-57-86-44-94-37-14-43-11-71-30-23-100-20-58-49-29-92-2-68-15-26-67-19-73-34-42-87-96-27-13-72-7-17-95-66-77-84-69-64-8-38-52-50-41
Ta100x20,1,3,300,0.925,0.1,10,2230110291,17000,6541,6286,5851,3.845079732,v2_avx512bw_vec32_exact_perm,54-22-79-10-5-55-33-51-74-78-83-35-9-25-76-32-30-82-1-59-3-16-93-61-91-44-39-28-37-40-81-45-31-80-21-6-60-99-100-29-85-4-67-86-56-12-63-2-65-34-87-11-53-58-48-94-43-20-23-24-88-47-62-46-75-96-64-70-71-18-57-27-89-42-26-14-19-66-68-15-84-17-8-69-72-92-73-98-36-95-90-97-13-50-38-7-49-52-77-41
Ta100x20,1,3,300,0.925,0.125,1,2230101210,17000,6526,6286,5851,4.084018337,v2_avx512bw_vec32_exact_perm,22-54-78-33-82-59-83-10-35-25-51-9-53-56-47-100-65-74-32-80-5-79-55-21-28-1-58-71-16-81-18-67-39-57-3-29-40-6-88-94-89-62-60-76-12-91-46-48-24-45-85-61-44-96-99-20-70-19-27-30-31-63-97-11-26-95-68-86-37-93-75-64-23-2-34-90-4-98-43-73-17-77-66-8-14-72-15-92-42-84-87-13-50-69-7-49-36-38-52-41
Ta100x20,1,3,300,0.925,0.125,2,2230102219,17000,6525,6286,5851,4.112682376,v2_avx512bw_vec32_exact_perm,54-22-78-33-59-10-79-16-82-35-31-81-40-55-39-74-3-1-83-48-18-65-76-24-56-80-5-21-89-62-61-99-51-6-25-94-60-4-53-9-28-91-30-32-46-47-70-37-71-92-12-45-86-50-85-23-57-75-66-88-93-100-44-29-67-96-73-11-87-2-27-98-58-43-26-13-64-34-14-17-8-77-36-95-72-42-15-97-20-69-90-7-49-19-84-52-63-68-38-41
Ta100x20,1,3,300,0.925,0.125,3,2230103228,17000,6534,6286,5851,4.363245687,v2_avx512bw_vec32_exact_perm,54-22-78-47-79-33-46-3-81-10-55-82-5-16-32-74-90-76-85-21-39-88-6-40-25-48-99-61-75-45-65-83-94-4-35-53-29-11-62-59-27-89-71-30-28-93-12-91-80-14-44-56-60-96-51-24-31-57-18-67-58-43-37-23-86-63-20-2-73-19-15-92-1-100-9-68-17-70-26-97-36-77-98-95-84-72-42-87-8-13-66-52-38-69-64-34-50-7-49-41
Ta100x20,1,3,300,0.925,0.125,4,2230104237,17000,6561,6286,5851,4.646924294,v2_avx512bw_vec32_exact_perm,22-54-78-51-59-31-82-33-76-10-28-65-83-74-79-35-5-85-3-1-40-53-99-70-44-56-81-32-25-21-93-55-94-9-47-4-6-48-39-61-16-91-37-43-36-24-30-62-11-27-89-80-29-42-18-86-2-63-57-23-20-96-41-58-67-100-88-60-72-46-17-66-14-12-98-92-8-75-19-73-34-90-7-77-68-87-97-95-13-69-15-45-71-26-84-64-52-50-38-49
Ta100x20,1,3,300,0.925,0.125,5,2230105246,17000,6506,6286,5851,4.399106299,v2_avx512bw_vec32_exact_perm,54-22-78-79-33-10-3-40-55-25-82-85-65-59-89-5-9-70-4-1-83-47-94-60-31-51-93-28-18-76-21-86-11-32-48-61-73-44-91-81-53-12-100-90-14-39-30-74-62-99-56-92-37-80-71-20-67-16-98-46-58-96-35-43-27-29-24-6-15-19-84-2-8-17-57-23-87-97-77-95-42-45-36-75-26-72-38-88-52-68-66-63-13-34-69-64-50-7-49-41
Ta100x20,1,3,300,0.925,0.125,6,2230106255,17000,6545,6286,5851,4.054036774,v2_avx512bw_vec32_exact_perm,22-54-78-83-47-33-82-79-35-55-10-40-76-37-65-5-81-2-28-25-85-21-53-93-89-91-62-6-1-11-60-100-74-18-30-46-3-48-9-94-31-61-39-24-80-44-16-20-70-32-51-56-42-72-69-15-57-88-67-19-86-12-59-96-75-14-58-4-45-27-63-99-36-71-8-92-34-84-90-17-77-97-43-87-29-66-73-26-64-95-23-98-52-38-68-7-50-49-13-41
Ta100x20,1,3,300,0.925,0.125,7,2230107264,17000,6546,6286,5851,4.156569309,v2_avx512bw_vec32_exact_perm,54-22-78-79-35-47-76-59-33-65-28-82-21-10-5-1-9-93-16-89-31-81-53-74-6-3-85-83-39-55-99-94-68-80-51-12-24-70-61-32-11-90-62-86-48-73-56-37-44-40-60-91-95-30-100-2-4-43-18-46-97-67-19-58-98-71-72-45-88-20-23-57-27-84-26-66-29-15-75-92-34-96-42-69-87-17-14-64-8-13-77-7-38-52-50-49-36-63-25-41
Ta100x20,1,3,300,0.925,0.125,8,2230108273,17000,6564,6286,5851,3.839014114,v2_avx512bw_vec32_exact_perm,78-22-79-54-9-55-33-82-35-81-59-31-1-16-83-76-3-5-74-11-51-48-65-61-53-91-86-10-6-28-25-45-100-40-18-32-60-21-66-39-93-56-85-80-29-12-94-99-68-4-47-70-89-46-37-75-98-57-20-44-2-27-92-19-15-90-23-63-88-67-62-24-14-30-17-36-96-72-97-26-73-34-71-87-84-95-58-50-64-8-38-69-52-43-13-7-42-49-77-41
Ta100x20,1,3,300,0.925,0.125,9,2230109282,17000,6515,6286,5851,3.996625031,v2_avx512bw_vec32_exact_perm,54-22-78-33-82-79-35-83-55-39-74-10-100-65-60-5-1-31-11-44-85-91-59-70-37-90-40-16-56-9-4-81-80-12-89-36-76-25-48-86-99-24-18-19-57-93-63-53-51-61-62-98-21-30-3-84-45-17-27-46-32-28-23-20-15-43-14-92-6-47-71-29-96-64-94-97-88-2-72-67-75-8-26-73-58-95-68-50-69-34-87-49-38-77-66-42-13-7-52-41
Ta100x20,1,3,300,0.925,0.125,10,2230110291,17000,6497,6286,5851,3.917639532,v2_avx512bw_vec32_exact_perm,54-22-78-33-59-79-10-65-76-25-35-82-1-55-86-40-48-74-30-91-3-60-18-100-80-44-89-83-6-85-37-4-16-61-39-84-87-94-46-21-31-93-98-62-53-11-51-5-32-56-81-12-47-57-63-71-45-70-27-58-29-24-17-99-90-67-42-20-73-9-66-95-96-23-34-15-2-8-26-28-75-14-97-19-68-69-64-88-43-92-52-72-38-50-36-49-77-13-7-41
Ta100x20,1,3,300,0.9625,0.025,1,2230101210,17000,6494,6286,5851,3.94524396,v2_avx512bw_vec32_exact_perm,54-22-78-33-81-35-83-76-59-51-74-3-82-65-100-16-21-47-53-1-6-5-55-48-40-79-12-11-28-60-85-91-70-9-44-10-61-62-56-89-93-80-73-39-24-25-32-96-57-36-37-45-18-84-46-30-4-20-94-99-31-98-29-27-15-72-42-23-67-75-95-17-86-2-52-19-68-71-92-43-58-97-8-14-90-77-34-87-88-69-66-64-50-26-63-13-7-49-38-41
Ta100x20,1,3,300,0.9625,0.025,2,2230102219,17000,6467,6286,5851,3.973160509,v2_avx512bw_vec32_exact_perm,54-22-78-79-10-33-83-89-65-82-35-100-21-76-53-74-28-93-1-32-3-25-40-70-44-81-56-30-85-48-9-80-59-55-31-4-67-94-45-20-47-51-11-57-60-18-6-37-5-16-61-92-96-86-39-27-99-12-71-43-62-46-73-24-23-75-97-8-91-88-90-34-29-2-63-95-58-15-72-19-69-68-84-26-98-87-42-52-38-17-14-36-49-77-66-64-50-13-7-41
Ta100x20,1,3,300,0.9625,0.025,3,2230103228,17000,6469,6286,5851,4.03395739,v2_avx512bw_vec32_exact_perm,54-22-78-47-79-10-76-35-3-93-33-28-32-83-12-74-4-25-48-81-53-59-9-30-21-91-82-40-51-63-100-6-16-11-55-86-61-80-65-70-97-31-60-85-57-71-44-5-62-94-56-39-37-34-89-96-67-1-46-2-72-18-99-98-88-24-66-45-26-17-77-42-43-23-15-20-90-75-14-58-8-73-92-29-36-95-27-84-19-87-38-69-52-68-64-50-13-7-49-41
Ta100x20,1,3,300,0.9625,0.025,4,2230104237,17000,6499,6286,5851,4.117074129,v2_avx512bw_vec32_exact_perm,54-22-78-79-10-33-3-74-25-82-35-1-53-83-21-9-55-65-12-51-30-47-91-48-16-80-81-93-61-100-6-32-40-31-18-20-59-60-70-44-76-28-45-99-11-39-94-56-85-37-96-24-46-4-66-23-5-62-34-86-71-84-89-67-2-27-57-29-17-75-36-58-95-43-19-15-14-77-98-88-26-8-63-72-97-87-73-68-92-42-52-90-13-69-7-64-50-38-49-41
Ta100x20,1,3,300,0.9625,0.025,5,2230105246,17000,6480,6286,5851,4.161085131,v2_avx512bw_vec32_exact_perm,22-54-78-33-81-55-28-59-25-9-79-82-1-51-3-16-100-31-40-93-35-65-83-32-61-10-48-74-21-5-56-11-80-37-18-12-99-44-4-30-29-76-53-62-47-67-91-86-89-24-43-70-63-6-71-94-75-45-72-46-17-88-27-58-39-19-90-85-20-23-60-77-34-68-2-14-92-57-96-84-15-69-95-36-52-98-64-87-73-8-26-42-97-50-13-7-49-38-66-41
Ta100x20,1,3,300,0.9625,0.025,6,2230106255,17000,6490,6286,5851,3.965295238,v2_avx512bw_vec32_exact_perm,54-22-78-79-10-55-33-9-81-3-82-4-48-83-12-16-1-5-59-65-28-74-21-71-6-53-60-40-31-25-88-89-93-91-30-46-18-62-51-100-61-20-39-80-23-37-32-24-98-99-44-35-67-94-68-29-43-56-72-66-76-11-95-70-85-86-2-47-26-34-63-45-42-64-19-57-58-27-96-17-15-87-8-14-73-90-69-75-92-97-50-36-13-38-7-49-84-77-52-41
Ta100x20,1,3,300,0.9625,0.025,7,2230107264,17000,6483,6286,5851,4.216650155,v2_avx512bw_vec32_exact_perm,54-22-79-33-59-10-78-25-65-35-31-51-74-40-82-53-21-48-89-12-81-47-83-55-56-6-39-5-76-9-3-100-44-80-28-19-14-41-91-93-73-11-94-60-85-1-16-18-86-32-43-37-61-46-62-30-67-70-71-34-2-29-4-99-24-15-57-45-96-88-17-23-72-36-20-42-26-95-58-75-66-84-98-87-27-63-69-92-8-64-77-13-97-50-7-90-38-52-68-49
Ta100x20,1,3,300,0.9625,0.025,8,2230108273,17000,6454,6286,5851,4.250003738,v2_avx512bw_vec32_exact_perm,54-22-78-79-33-10-76-35-81-1-31-83-74-3-82-32-28-21-25-65-61-9-59-62-51-53-6-40-99-30-71-100-50-5-80-55-11-48-16-24-94-56-86-70-88-23-67-18-93-34-47-91-2-96-60-98-37-44-4-27-89-12-85-45-46-58-42-20-73-19-14-36-57-15-17-29-87-26-39-66-63-92-77-7-38-84-75-95-43-97-69-90-72-8-52-13-68-64-49-41
Ta100x20,1,3,300,0.9625,0.025,9,2230109282,17000,6518,6286,5851,4.102138488,v2_avx512bw_vec32_exact_perm,78-22-54-47-79-33-10-28-32-80-65-74-83-82-1-9-39-60-21-4-85-76-59-51-5-48-46-12-55-81-89-44-16-35-40-29-31-70-91-56-93-37-30-62-53-61-99-20-73-6-94-86-11-96-2-71-43-18-24-100-3-17-34-66-63-67-77-95-19-23-38-8-58-45-98-88-14-27-90-36-87-52-57-92-68-97-75-26-42-15-69-49-84-72-50-7-13-64-25-41
Ta100x20,1,3,300,0.9625,0.025,10,2230110291,17000,6461,6286,5851,4.112418581,v2_avx512bw_vec32_exact_perm,54-22-78-79-35-76-10-82-33-51-65-32-83-21-100-16-74-4-40-6-3-61-93-25-1-55-59-80-31-91-99-12-5-60-30-39-81-56-86-11-37-20-70-53-28-23-85-48-2-29-94-89-9-62-50-24-18-66-47-73-88-44-36-98-46-57-67-95-96-17-75-71-15-90-14-34-26-45-72-8-63-43-38-92-19-58-84-52-97-68-42-13-87-69-7-64-27-49-77-41
Ta100x20,1,3,300,0.9625,0.05,1,2230101210,17000,6486,6286,5851,4.03572733,v2_avx512bw_vec32_exact_perm,54-22-78-79-35-55-33-9-82-16-93-100-3-1-83-6-74-28-40-76-89-31-81-10-56-21-23-25-66-30-80-48-11-37-91-45-50-4-62-99-12-61-59-39-94-29-32-51-65-70-57-46-85-53-71-47-60-27-5-75-44-18-86-87-36-24-67-72-88-20-92-95-43-58-19-2-64-14-73-98-17-96-7-38-63-97-13-34-8-42-90-69-15-26-84-49-77-52-68-41
Ta100x20,1,3,300,0.9625,0.05,2,2230102219,17000,6533,6286,5851,4.061180419,v2_avx512bw_vec32_exact_perm,54-22-78-79-10-33-59-55-83-35-74-40-82-5-3-81-25-93-28-6-9-60-21-32-65-85-53-39-70-51-4-45-100-44-16-47-37-80-56-92-89-76-48-50-46-34-61-71-77-18-29-58-1-67-62-99-86-96-88-31-63-24-11-87-30-15-42-2-20-73-17-23-57-26-91-95-43-94-36-98-75-38-84-12-19-14-69-49-8-64-27-68-97-72-66-90-13-7-52-41
Ta100x20,1,3,300,0.9625,0.05,3,2230103228,17000,6486,6286,5851,3.926283761,v2_avx512bw_vec32_exact_perm,54-22-78-79-10-33-81-16-35-100-74-28-31-21-65-40-99-3-56-55-47-89-39-59-12-9-51-80-32-48-6-5-61-43-60-62-83-53-45-82-1-93-20-76-70-71-23-24-57-18-37-25-87-34-46-91-67-85-11-86-4-30-44-63-94-66-2-73-42-14-19-96-8-15-95-69-72-26-17-36-98-88-75-97-90-92-27-58-84-29-38-77-52-68-64-50-13-7-49-41
Ta100x20,1,3,300,0.9625,0.05,4,2230104237,17000,6504,6286,5851,4.052262395,v2_avx512bw_vec32_exact_perm,54-22-78-79-10-31-81-33-60-35-55-3-83-74-65-21-59-28-44-4-80-24-40-82-9-93-6-100-76-16-70-48-1-99-61-12-71-53-89-25-18-32-37-30-85-23-11-73-67-91-62-45-94-56-5-29-47-20-96-2-39-51-84-36-95-57-63-46-86-15-19-66-17-14-64-68-34-27-92-90-58-72-77-98-75-43-88-87-97-42-26-8-50-13-52-69-38-7-49-41
Ta100x20,1,3,300,0.9625,0.05,5,2230105246,17000,6505,6286,5851,4.144998944,v2_avx512bw_vec32_exact_perm,22-79-54-28-55-33-81-93-78-80-35-9-76-59-77-21-82-61-3-10-12-40-16-91-47-83-65-74-53-5-11-1-51-62-41-57-89-18-32-48-25-24-44-30-85-99-63-46-92-45-60-6-94-8-31-70-98-87-73-71-100-67-39-75-17-4-36-14-20-56-96-2-86-15-88-23-37-29-26-42-34-43-72-95-27-66-58-90-84-68-19-52-13-97-69-7-64-50-38-49
Ta100x20,1,3,300,0.9625,0.05,6,2230106255,17000,6525,6286,5851,3.915085721,v2_avx512bw_vec32_exact_perm,54-22-79-10-78-55-9-82-33-83-35-74-81-53-51-31-48-59-76-100-25-4-21-3-61-40-6-39-89-71-47-93-80-88-11-63-5-65-1-30-60-16-24-94-32-28-67-37-18-12-99-44-50-46-62-23-85-95-91-29-45-92-70-36-20-57-96-27-13-43-86-42-72-58-56-15-8-90-84-75-14-2-34-26-17-64-98-73-19-68-87-97-66-49-38-77-52-69-7-41
Ta100x20,1,3,300,0.9625,0.05,7,2230107264,17000,6529,6286,5851,3.982355329,v2_avx512bw_vec32_exact_perm,22-54-55-47-33-81-82-78-16-74-65-3-1-21-40-10-28-99-76-6-59-5-48-93-80-44-83-56-60-62-51-30-53-9-79-31-89-100-50-45-11-37-66-39-4-75-91-85-61-96-12-35-32-88-20-46-63-70-29-73-34-58-18-84-71-43-94-2-17-15-26-24-19-8-27-14-77-86-23-13-72-57-67-98-49-7-87-97-92-42-36-95-90-38-52-68-64-25-69-41
Ta100x20,1,3,300,0.9625,0.05,8,2230108273,17000,6513,6286,5851,4.080271953,v2_avx512bw_vec32_exact_perm,22-54-78-59-79-31-33-51-82-10-32-62-21-1-28-99-40-55-3-89-83-5-61-100-48-12-76-65-81-6-16-86-56-19-70-85-74-9-80-39-37-53-25-71-44-34-63-35-18-24-29-30-11-94-43-67-4-2-73-91-20-60-47-17-96-23-46-15-45-93-90-72-95-57-75-14-68-97-84-26-42-58-92-52-38-27-8-98-87-88-69-36-50-49-13-7-64-77-66-41
Ta100x20,1,3,300,0.9625,0.05,9,2230109282,17000,6501,6286,5851,3.95175212,v2_avx512bw_vec32_exact_perm,22-54-78-79-33-3-74-82-16-25-81-59-31-76-28-10-9-1-65-60-12-21-83-35-40-55-4-91-99-93-45-70-32-48-89-94-85-5-51-6-53-62-20-88-71-100-24-61-18-96-34-23-39-29-46-56-63-67-44-80-30-47-37-43-15-57-87-2-19-77-58-14-73-86-11-17-75-42-64-68-27-97-92-66-72-26-90-95-8-98-38-49-84-13-36-52-50-69-7-41
Ta100x20,1,3,300,0.9625,0.05,10,2230110291,17000,6484,6286,5851,3.935652606,v2_avx512bw_vec32_exact_perm,54-22-78-33-59-79-35-83-82-74-81-31-21-28-10-65-3-51-76-9-4-25-86-40-89-12-5-16-53-18-6-61-11-48-56-99-1-80-55-60-100-32-30-37-91-71-46-20-62-44-93-70-85-43-63-96-94-36-23-24-39-47-49-57-67-29-77-15-98-88-2-34-17-45-64-14-19-68-58-97-27-92-95-72-66-75-42-84-87-26-73-8-38-50-69-90-13-7-52-41
Ta100x20,1,3,300,0.9625,0.075,1,2230101210,17000,6517,6286,5851,3.952971967,v2_avx512bw_vec32_exact_perm,22-54-78-59-55-33-79-3-83-82-51-4-40-28-60-65-80-100-10-81-62-56-21-25-35-63-6-74-76-93-37-30-47-24-39-1-9-18-34-45-53-5-99-48-2-70-61-91-85-89-16-31-11-86-20-43-12-94-32-23-44-27-96-75-29-67-57-88-92-77-36-95-46-58-42-72-17-98-49-15-26-71-19-14-97-84-68-66-64-87-8-13-73-50-90-69-7-38-52-41
Ta100x20,1,3,300,0.9625,0.075,2,2230102219,17000,6519,6286,5851,3.981308782,v2_avx512bw_vec32_exact_perm,22-54-78-59-55-33-81-79-16-100-10-25-21-3-61-4-40-65-89-53-1-51-35-93-18-28-76-32-6-83-45-91-82-11-74-41-31-47-80-85-9-48-71-60-44-88-94-99-12-37-17-70-68-5-29-86-56-62-24-73-30-63-96-39-57-58-67-43-23-72-20-92-46-2-38-97-26-84-66-42-15-87-98-50-8-64-14-13-77-7-34-95-49-69-19-75-90-52-36-27
Ta100x20,1,3,300,0.9625,0.075,3,2230103228,17000,6578,6286,5851,3.930313041,v2_avx512bw_vec32_exact_perm,22-54-78-59-1-81-53-32-79-16-25-35-4-33-10-3-51-82-12-74-28-90-30-40-65-48-55-47-9-6-76-80-56-100-21-60-99-89-91-44-93-83-24-45-61-11-62-88-27-23-29-63-5-2-86-46-84-31-58-85-94-92-67-43-20-64-17-57-96-37-72-70-34-15-14-39-18-71-69-19-68-87-97-73-8-95-26-98-42-75-36-38-49-52-77-7-66-13-50-41
Ta100x20,1,3,300,0.9625,0.075,4,2230104237,17000,6517,6286,5851,4.024323427,v2_avx512bw_vec32_exact_perm,22-54-78-59-55-65-33-21-79-10-32-48-35-25-3-51-93-1-40-91-70-53-5-99-12-11-76-61-9-94-28-6-50-74-82-83-31-4-18-81-2-38-80-86-30-85-60-71-24-27-62-46-16-45-39-75-72-37-44-88-100-23-20-92-47-43-89-67-56-17-95-64-8-96-19-58-69-36-87-34-90-57-77-29-14-73-98-63-15-26-42-13-7-49-84-66-97-68-52-41
Ta100x20,1,3,300,0.9625,0.075,5,2230105246,17000,6515,6286,5851,3.906339177,v2_avx512bw_vec32_exact_perm,54-22-78-79-35-10-31-82-83-51-21-28-76-32-6-1-74-33-48-81-62-53-99-9-12-93-59-25-100-44-80-5-16-89-45-3-47-60-91-40-30-85-55-70-4-61-86-71-39-56-77-65-37-18-43-94-46-24-20-92-58-73-2-11-23-36-67-29-57-63-69-27-17-90-15-96-7-14-72-98-26-75-34-95-87-84-88-8-38-42-49-19-52-97-68-13-64-50-66-41
Ta100x20,1,3,300,0.9625,0.075,6,2230106255,17000,6526,6286,5851,4.040556042,v2_avx512bw_vec32_exact_perm,54-22-79-3-78-10-33-28-93-48-5-77-83-99-76-65-59-82-12-21-46-94-40-61-25-35-81-6-31-16-1-60-86-45-4-67-18-47-85-89-91-80-9-44-53-51-100-39-70-71-19-30-74-37-24-32-63-20-43-58-64-56-2-98-62-14-23-55-57-15-36-95-8-92-73-29-75-96-11-27-97-88-87-84-17-68-69-34-50-49-7-42-13-72-26-66-90-38-52-41
Ta100x20,1,3,300,0.9625,0.075,7,2230107264,17000,6487,6286,5851,3.838619561,v2_avx512bw_vec32_exact_perm,54-22-78-33-81-55-82-79-74-35-10-61-5-65-16-93-3-83-91-21-25-32-28-89-12-18-85-1-51-31-59-62-40-70-53-76-99-4-100-44-94-20-45-80-39-66-14-71-47-6-34-60-57-56-30-90-96-75-46-48-11-37-84-23-24-63-69-86-36-19-67-27-2-73-29-9-26-87-98-43-17-42-97-58-50-8-88-64-72-92-13-68-15-77-7-95-52-38-49-41
Ta100x20,1,3,300,0.9625,0.075,8,2230108273,17000,6586,6286,5851,4.241693632,v2_avx512bw_vec32_exact_perm,54-78-22-33-81-28-82-93-79-3-31-100-62-40-59-16-92-35-53-71-91-89-65-1-10-61-70-48-12-83-11-55-76-24-80-30-6-51-74-94-21-17-60-84-39-57-4-46-14-99-45-44-20-23-27-9-5-25-86-32-85-87-88-58-43-36-98-47-37-18-42-34-72-69-56-75-67-96-19-95-29-64-49-8-63-68-2-66-26-15-13-73-50-7-97-90-38-52-77-41
Ta100x20,1,3,300,0.9625,0.075,9,2230109282,17000,6553,6286,5851,4.025136613,v2_avx512bw_vec32_exact_perm,54-22-78-79-10-82-33-51-16-31-81-3-12-83-32-28-65-21-76-47-48-41-53-99-25-44-80-30-74-59-56-5-18-45-55-46-4-23-9-1-40-91-61-85-71-67-89-35-11-88-92-62-100-75-60-73-20-24-2-66-70-57-6-86-96-94-29-39-8-42-37-34-63-58-87-93-68-43-98-72-26-38-17-49-15-14-69-19-84-97-77-95-36-52-90-50-13-7-64-27
Ta100x20,1,3,300,0.9625,0.075,10,2230110291,17000,6521,6286,5851,3.839583992,v2_avx512bw_vec32_exact_perm,54-22-79-10-31-81-33-55-82-51-3-40-5-74-21-32-6-80-83-93-78-48-28-9-76-25-70-12-91-65-100-47-29-61-44-89-97-35-59-60-67-90-18-46-86-62-85-57-4-16-34-94-45-96-99-53-19-77-24-14-1-17-23-39-73-20-37-64-71-36-92-2-43-11-15-30-27-56-50-75-58-88-63-8-69-87-66-72-84-42-26-98-52-68-95-13-7-38-49-41
Ta100x20,1,3,300,0.9625,0.1,1,2230101210,17000,6531,6286,5851,4.521304489,v2_avx512bw_vec32_exact_perm,54-22-78-79-10-1-9-81-21-83-82-51-31-59-35-28-56-12-55-33-89-60-3-44-80-93-73-74-100-25-37-47-46-65-5-4-45-99-39-48-61-40-24-20-43-29-32-6-85-11-94-63-16-18-30-58-66-17-70-76-62-72-71-50-53-88-67-19-91-23-15-92-86-27-2-14-26-96-34-57-95-87-36-69-52-90-42-8-75-98-84-97-68-13-38-64-49-77-7-41
Ta100x20,1,3,300,0.9625,0.1,2,2230102219,17000,6525,6286,5851,4.289472204,v2_avx512bw_vec32_exact_perm,54-22-78-33-59-79-31-10-35-82-76-28-1-81-3-53-99-100-62-16-93-40-91-25-70-5-21-74-11-55-18-85-9-61-89-44-4-80-45-51-94-23-32-12-29-48-65-56-71-63-46-83-96-34-24-6-88-57-60-39-43-64-72-92-17-47-20-19-2-36-95-30-97-67-90-27-66-58-37-14-86-42-26-98-87-75-8-69-49-77-38-73-68-15-84-52-13-7-50-41
Ta100x20,1,3,300,0.9625,0.1,3,2230103228,17000,6553,6286,5851,4.335030297,v2_avx512bw_vec32_exact_perm,54-22-78-79-51-33-10-55-86-28-82-81-62-59-35-4-16-83-93-5-12-99-67-74-31-89-48-25-61-39-65-14-1-76-91-46-32-6-53-100-21-3-18-40-94-30-57-73-9-19-11-27-44-71-36-70-75-17-80-20-23-85-2-60-15-24-68-45-69-90-26-96-97-43-29-77-92-58-8-56-87-37-34-95-42-88-72-63-84-13-98-52-66-64-50-47-7-38-49-41
Ta100x20,1,3,300,0.9625,0.1,4,2230104237,17000,6564,6286,5851,4.433029352,v2_avx512bw_vec32_exact_perm,54-22-78-59-47-3-60-74-79-10-1-33-82-48-93-28-40-80-65-35-5-83-100-51-21-46-9-12-25-32-43-24-76-37-4-19-30-86-55-70-20-85-63-61-6-16-31-81-44-56-96-99-53-50-29-2-11-18-64-23-14-91-39-98-77-27-90-89-88-94-45-34-8-17-73-26-71-58-67-42-75-95-92-62-66-15-87-69-97-72-36-57-7-84-38-49-13-52-68-41
Ta100x20,1,3,300,0.9625,0.1,5,2230105246,17000,6567,6286,5851,4.124906622,v2_avx512bw_vec32_exact_perm,54-22-78-79-10-4-83-82-5-33-65-25-81-16-55-1-59-35-76-9-61-45-32-28-93-48-44-21-23-80-62-40-53-51-74-30-91-99-46-37-85-6-3-73-71-100-12-20-70-8-63-94-42-90-17-60-11-39-18-14-29-31-89-26-24-75-43-47-77-67-2-58-34-56-27-98-96-72-57-86-87-66-97-92-19-13-88-15-68-95-64-7-50-84-69-49-36-52-38-41
Ta100x20,1,3,300,0.9625,0.1,6,2230106255,17000,6520,6286,5851,4.403979327,v2_avx512bw_vec32_exact_perm,22-54-78-33-59-10-79-55-16-65-6-76-82-100-77-3-83-51-74-35-9-53-4-40-93-81-12-31-48-28-44-21-61-58-25-62-86-30-80-18-37-32-91-39-5-1-45-36-60-46-29-85-43-70-71-99-14-56-24-2-23-34-11-94-20-96-75-17-73-57-72-27-66-67-26-8-89-90-95-63-47-97-87-42-19-88-92-98-15-84-68-52-7-69-13-64-50-38-49-41
Ta100x20,1,3,300,0.9625,0.1,7,2230107264,17000,6555,6286,5851,4.605019709,v2_avx512bw_vec32_exact_perm,54-22-78-33-10-82-55-79-47-74-16-46-21-48-72-32-51-28-93-89-76-44-94-83-1-4-81-39-9-57-53-31-65-40-12-99-91-3-25-70-56-80-30-73-100-37-18-11-86-71-68-59-35-6-60-90-24-61-29-67-34-45-5-85-20-8-63-62-43-69-92-96-2-75-23-88-77-66-64-15-14-17-87-58-98-42-13-26-97-27-19-36-38-84-52-50-95-7-49-41
Ta100x20,1,3,300,0.9625,0.1,8,2230108273,17000,6546,6286,5851,4.559172624,v2_avx512bw_vec32_exact_perm,54-22-78-79-47-33-25-35-10-100-1-16-82-18-51-6-31-81-55-48-97-3-80-65-83-4-76-59-28-61-39-21-99-11-37-44-56-53-85-30-5-40-71-94-89-70-91-88-74-12-62-14-9-46-84-32-17-96-60-73-29-24-93-45-57-23-67-20-43-27-58-90-98-34-75-72-68-2-95-8-63-42-38-26-92-15-86-19-69-36-87-52-66-64-77-13-7-50-49-41
Ta100x20,1,3,300,0.9625,0.1,9,2230109282,17000,6529,6286,5851,4.270394982,v2_avx512bw_vec32_exact_perm,54-22-78-33-59-79-55-82-35-76-81-9-56-3-1-74-31-51-16-6-28-4-83-93-91-11-40-99-48-18-53-61-80-10-21-100-47-44-29-25-42-85-20-46-86-5-94-2-96-32-30-72-62-27-12-65-67-37-39-60-24-19-57-70-8-89-45-92-66-63-68-84-23-43-13-26-98-15-14-73-71-90-34-95-7-88-87-17-64-69-75-97-50-58-49-36-77-38-52-41
Ta100x20,1,3,300,0.9625,0.1,10,2230110291,17000,6545,6286,5851,4.359767506,v2_avx512bw_vec32_exact_perm,54-22-78-47-79-33-10-99-9-55-4-60-81-100-82-74-3-65-25-5-1-35-83-61-85-16-62-93-32-59-21-51-94-76-30-12-28-40-53-86-20-46-50-6-2-37-70-31-43-44-39-80-91-89-11-24-56-58-45-67-48-71-18-23-29-15-73-8-17-92-57-19-88-75-66-96-95-14-87-42-34-63-90-84-26-36-27-69-77-97-38-49-13-7-98-72-68-64-52-41
Ta100x20,1,3,300,0.9625,0.125,1,2230101210,17000,6505,6286,5851,4.729018582,v2_avx512bw_vec32_exact_perm,54-78-59-25-81-16-22-10-33-83-74-79-35-3-76-40-51-100-12-53-55-82-93-21-99-91-65-5-86-46-4-60-71-48-45-18-9-28-66-32-31-6-56-80-85-96-89-27-98-61-14-11-94-44-30-62-39-87-24-58-43-20-2-92-23-34-63-73-29-1-67-88-75-77-47-70-95-37-36-64-15-17-8-57-26-72-42-49-19-97-84-38-50-69-7-13-90-52-68-41
Ta100x20,1,3,300,0.9625,0.125,2,2230102219,17000,6550,6286,5851,4.489499303,v2_avx512bw_vec32_exact_perm,54-22-78-79-35-10-33-59-76-83-5-28-16-93-82-55-31-74-6-86-53-32-3-11-81-56-25-51-85-65-1-47-61-21-46-73-4-100-40-29-91-60-12-45-18-44-89-96-9-17-94-80-48-58-71-67-70-57-24-92-27-37-30-42-36-87-43-99-19-23-15-39-13-14-66-20-63-8-34-50-7-2-95-26-97-88-75-69-72-90-84-77-98-62-38-52-68-64-49-41
Ta100x20,1,3,300,0.9625,0.125,3,2230103228,17000,6517,6286,5851,4.391597049,v2_avx512bw_vec32_exact_perm,54-22-78-79-35-55-62-81-33-83-28-65-21-10-82-60-3-51-9-61-99-4-59-12-88-74-5-16-40-39-6-76-11-70-56-31-25-89-1-100-47-30-32-93-53-80-23-48-20-2-44-29-91-73-24-45-85-71-96-86-75-63-67-90-27-8-87-98-94-57-46-72-18-97-92-34-95-26-36-14-37-38-66-42-17-64-50-19-49-69-15-77-58-84-68-52-43-13-7-41
Ta100x20,1,3,300,0.9625,0.125,4,2230104237,17000,6560,6286,5851,4.394293045,v2_avx512bw_vec32_exact_perm,54-22-78-33-59-10-3-79-21-28-55-82-80-9-5-39-35-76-74-89-65-83-40-91-86-6-16-61-51-4-2-53-99-31-71-81-62-24-70-100-85-1-45-18-48-60-57-37-93-44-25-56-69-30-63-67-34-32-77-94-46-47-90-43-27-11-58-96-87-97-12-36-72-29-73-95-8-84-98-17-75-20-14-23-38-92-64-26-42-68-15-88-66-50-52-19-13-7-49-41
Ta100x20,1,3,300,0.9625,0.125,5,2230105246,17000,6583,6286,5851,4.200377807,v2_avx512bw_vec32_exact_perm,54-22-33-81-28-10-31-40-59-83-51-78-48-9-3-61-25-79-32-21-65-30-82-53-76-56-93-74-99-96-35-5-16-46-37-47-1-60-100-80-55-86-4-62-85-45-44-91-94-67-70-39-50-11-6-57-29-75-24-18-98-17-15-88-71-58-20-2-36-14-63-19-26-27-23-12-72-90-34-95-68-89-49-43-92-8-73-66-13-84-42-87-97-77-38-7-69-64-52-41
Ta100x20,1,3,300,0.9625,0.125,6,2230106255,17000,6535,6286,5851,4.017392144,v2_avx512bw_vec32_exact_perm,54-78-22-33-59-10-55-65-79-3-82-76-81-35-40-31-74-83-5-9-28-6-62-20-99-60-30-4-39-91-51-48-53-12-37-21-44-27-93-32-46-100-61-94-1-18-16-2-70-86-45-80-63-47-8-11-24-90-67-71-43-29-17-89-73-96-36-56-26-14-57-23-92-42-66-25-58-85-75-88-77-97-95-72-87-98-84-19-15-68-64-34-52-69-50-13-7-38-49-41
Ta100x20,1,3,300,0.9625,0.125,7,2230107264,17000,6517,6286,5851,3.960765576,v2_avx512bw_vec32_exact_perm,54-22-78-33-81-25-100-10-55-65-76-74-35-40-28-3-79-51-82-21-93-83-59-31-39-48-11-37-5-86-62-53-24-18-12-56-32-30-4-46-16-99-71-80-9-1-88-67-47-60-44-6-91-70-61-57-63-34-89-27-75-92-23-85-45-96-58-43-66-36-19-77-94-14-26-29-42-90-52-17-95-8-72-84-68-2-73-64-20-38-98-87-69-97-15-50-13-7-49-41
Ta100x20,1,3,300,0.9625,0.125,8,2230108273,17000,6569,6286,5851,4.091660653,v2_avx512bw_vec32_exact_perm,54-22-78-33-55-59-24-3-51-79-65-21-60-93-4-74-76-81-61-5-85-31-89-35-44-40-48-10-56-1-11-80-67-46-42-16-82-6-18-37-91-25-12-9-29-47-45-39-23-17-94-28-57-27-70-58-53-99-32-34-87-90-71-63-83-14-75-100-20-2-62-36-26-98-92-43-97-15-73-96-8-13-64-88-30-19-86-68-95-72-7-77-66-50-52-38-49-69-84-41
Ta100x20,1,3,300,0.9625,0.125,9,2230109282,17000,6543,6286,5851,3.92267918,v2_avx512bw_vec32_exact_perm,54-22-47-78-10-33-21-79-19-40-6-1-28-16-53-55-82-3-83-11-74-30-59-25-56-31-5-76-12-99-44-85-81-97-71-51-96-9-50-48-18-65-15-35-60-75-80-61-46-32-62-93-39-4-100-63-86-24-45-37-26-36-87-94-20-98-70-2-67-23-92-43-27-57-95-58-64-29-8-72-14-91-68-89-88-49-7-17-77-34-13-73-66-42-90-84-69-52-38-41
Ta100x20,1,3,300,0.9625,0.125,10,2230110291,17000,6531,6286,5851,3.842171837,v2_avx512bw_vec32_exact_perm,54-22-78-33-47-79-25-28-10-35-93-40-21-80-9-74-32-3-16-59-83-4-81-61-67-5-91-12-51-62-31-1-57-11-53-82-39-94-30-48-65-76-45-100-99-56-6-98-55-71-37-46-20-70-60-96-89-17-29-77-2-27-44-23-97-64-26-88-63-85-24-19-66-18-58-73-42-15-92-86-8-38-87-43-72-90-14-34-95-75-36-84-68-50-69-52-49-13-7-41
Ta100x20,1,3,300,1,0.025,1,2230101210,17000,6541,6286,5851,3.911981428,v2_avx512bw_vec32_exact_perm,54-22-78-79-33-10-16-32-21-81-65-3-55-12-100-82-60-80-5-74-35-76-83-89-6-11-28-31-25-47-93-51-4-40-44-1-45-67-18-85-48-9-99-61-91-70-56-24-30-58-71-2-59-62-94-86-29-37-19-39-73-92-68-96-57-53-15-20-87-27-46-66-23-75-84-14-97-34-42-77-72-95-36-26-17-64-98-8-63-43-88-13-69-90-52-38-50-7-49-41
Ta100x20,1,3,300,1,0.025,2,2230102219,17000,6462,6286,5851,4.05046987,v2_avx512bw_vec32_exact_perm,54-22-78-79-10-33-81-82-93-31-100-76-35-16-74-83-1-3-47-12-5-40-80-77-11-51-18-48-9-6-4-71-44-53-60-28-85-65-59-30-21-32-39-61-63-89-70-29-25-91-67-62-56-57-37-99-96-24-94-23-45-17-86-98-84-2-34-55-8-38-72-88-46-73-43-95-58-36-19-20-75-27-14-90-97-92-52-42-26-66-87-64-68-69-15-50-13-7-49-41
Ta100x20,1,3,300,1,0.025,3,2230103228,17000,6460,6286,5851,4.054944515,v2_avx512bw_vec32_exact_perm,54-22-78-33-59-79-10-16-5-35-83-82-40-55-6-9-76-47-3-56-61-80-93-51-1-81-31-48-74-53-21-39-12-44-28-85-25-99-89-45-46-60-98-27-4-65-32-91-18-75-70-66-71-67-100-11-96-14-30-62-94-37-84-90-23-19-20-57-64-26-43-58-87-63-36-2-88-86-24-73-29-17-34-77-72-95-92-8-42-38-52-97-68-69-15-50-13-7-49-41
Ta100x20,1,3,300,1,0.025,4,2230104237,17000,6460,6286,5851,4.060832768,v2_avx512bw_vec32_exact_perm,54-22-78-79-35-55-33-81-74-53-1-3-51-82-59-28-21-47-65-5-83-32-18-76-25-48-70-40-71-9-80-93-39-63-91-89-60-61-12-46-99-100-16-31-10-24-43-62-6-57-85-44-34-67-37-96-29-72-17-30-19-75-94-4-27-45-11-15-23-14-58-88-56-2-8-20-38-73-26-66-90-97-77-42-92-87-98-84-52-36-95-86-68-69-64-50-13-7-49-41
Ta100x20,1,3,300,1,0.025,5,2230105246,17000,6481,6286,5851,4.00072873,v2_avx512bw_vec32_exact_perm,22-54-78-59-55-33-81-31-79-10-40-3-74-82-9-16-5-25-21-35-51-83-4-12-32-76-6-71-65-100-28-53-93-80-44-37-86-18-99-62-24-61-39-1-70-23-20-85-30-48-11-63-36-77-15-91-50-75-46-66-27-58-45-89-38-47-57-56-92-14-98-67-88-60-2-96-94-34-72-17-90-43-69-8-19-87-97-73-42-26-84-29-95-68-64-52-13-7-49-41
Ta100x20,1,3,300,1,0.025,6,2230106255,17000,6475,6286,5851,3.970134952,v2_avx512bw_vec32_exact_perm,54-22-78-33-79-10-74-65-6-82-25-3-32-40-61-59-35-51-16-31-83-4-21-55-44-9-1-56-99-80-100-46-76-28-81-48-12-60-30-85-91-94-18-39-89-37-93-20-11-63-70-24-71-50-5-45-92-62-29-53-43-96-47-23-86-67-2-17-57-58-77-15-64-90-14-88-72-34-95-27-19-69-75-8-36-87-97-98-26-66-84-42-49-7-13-73-68-38-52-41
Ta100x20,1,3,300,1,0.025,7,2230107264,17000,6479,6286,5851,3.94672351,v2_avx512bw_vec32_exact_perm,54-22-78-79-35-55-21-82-81-4-93-33-83-1-65-31-74-60-80-94-28-51-6-76-5-12-3-40-16-61-59-11-10-9-30-99-32-86-18-39-37-48-62-91-25-90-45-100-53-43-24-57-71-66-58-46-15-77-89-63-85-67-47-88-23-14-17-70-98-19-44-8-73-26-72-56-20-87-42-95-68-75-29-92-84-34-2-69-97-96-38-52-36-64-27-50-13-7-49-41
Ta100x20,1,3,300,1,0.025,8,2230108273,17000,6517,6286,5851,4.016490172,v2_avx512bw_vec32_exact_perm,54-22-47-78-33-16-11-83-4-1-81-3-79-28-10-6-51-74-82-76-48-9-24-59-65-18-40-21-35-31-37-44-75-25-80-5-39-100-61-45-86-53-99-12-93-90-62-55-57-32-60-89-56-2-20-70-91-71-92-34-46-94-63-43-29-67-23-77-85-95-15-96-30-17-73-8-14-19-66-27-58-68-88-64-52-98-36-72-38-87-42-26-69-84-97-50-49-13-7-41
Ta100x20,1,3,300,1,0.025,9,2230109282,17000,6516,6286,5851,3.916885438,v2_avx512bw_vec32_exact_perm,22-54-78-33-47-3-59-51-25-16-31-82-99-35-40-32-65-83-50-81-91-48-10-12-6-60-79-74-21-45-39-76-28-61-80-1-24-93-62-2-30-9-94-53-55-100-71-11-18-5-37-44-85-46-73-88-4-90-67-23-89-27-56-70-29-86-20-36-17-96-58-15-19-43-97-57-14-72-77-26-75-68-84-92-7-95-34-98-87-42-52-13-8-63-69-66-64-38-49-41
Ta100x20,1,3,300,1,0.025,10,2230110291,17000,6501,6286,5851,3.920255295,v2_avx512bw_vec32_exact_perm,54-22-78-79-10-33-3-61-32-9-81-5-83-62-28-82-35-55-76-74-6-48-53-21-40-51-93-59-60-99-4-25-86-100-80-16-47-70-11-39-50-31-29-12-1-44-37-15-18-24-8-90-73-20-2-56-58-46-96-65-94-85-30-34-89-67-87-63-77-92-23-57-42-66-45-17-91-88-43-84-72-97-26-71-68-75-98-64-38-14-19-95-52-13-36-27-69-7-49-41
Ta100x20,1,3,300,1,0.05,1,2230101210,17000,6576,6286,5851,4.003044619,v2_avx512bw_vec32_exact_perm,54-22-78-33-82-79-10-83-74-60-47-81-65-16-53-3-59-100-25-21-12-5-35-55-48-9-32-76-6-31-51-99-1-11-40-89-30-37-94-71-80-70-44-62-56-57-45-24-39-93-17-20-67-46-2-91-85-19-61-18-34-28-26-63-86-75-96-72-23-73-4-27-29-58-88-36-92-15-8-87-42-43-95-97-77-7-13-38-66-14-90-49-64-69-98-84-52-68-50-41
Ta100x20,1,3,300,1,0.05,2,2230102219,17000,6558,6286,5851,4.099994971,v2_avx512bw_vec32_exact_perm,54-22-78-33-81-55-28-65-10-4-59-9-35-40-76-79-82-100-89-16-90-21-93-61-31-80-5-48-53-12-30-74-37-46-99-18-91-62-14-83-32-70-44-86-60-51-73-56-6-71-25-29-11-23-57-47-43-20-96-66-92-39-34-85-94-84-3-72-1-63-26-98-2-67-24-58-45-17-19-88-64-36-27-15-8-75-13-49-68-77-97-42-7-87-52-95-50-69-38-41
Ta100x20,1,3,300,1,0.05,3,2230103228,17000,6481,6286,5851,4.039451258,v2_avx512bw_vec32_exact_perm,22-54-78-79-28-55-33-81-16-59-65-80-82-61-9-25-93-1-35-32-51-3-40-46-83-76-10-91-100-74-60-30-21-12-6-85-31-11-48-18-5-89-44-53-45-37-29-62-39-99-4-94-24-57-56-36-20-66-96-67-23-63-75-42-2-27-70-34-72-71-88-17-77-58-52-38-14-15-8-87-47-90-92-73-84-98-68-86-43-19-69-13-97-26-64-50-95-7-49-41
Ta100x20,1,3,300,1,0.05,4,2230104237,17000,6571,6286,5851,4.2346203,v2_avx512bw_vec32_exact_perm,54-22-78-33-82-79-10-35-12-100-28-51-32-77-9-85-81-55-74-65-21-53-83-59-3-99-30-89-62-70-4-48-60-6-56-76-86-44-57-11-63-5-40-16-61-31-90-18-94-80-45-8-91-93-25-87-96-43-47-34-72-39-1-73-37-24-20-68-46-2-75-88-67-97-58-27-23-29-13-26-42-92-98-17-36-71-84-69-19-15-14-52-95-7-49-64-50-38-66-41
Ta100x20,1,3,300,1,0.05,5,2230105246,17000,6565,6286,5851,3.987070531,v2_avx512bw_vec32_exact_perm,79-54-22-33-10-35-55-44-3-48-74-31-89-81-76-83-32-91-28-6-61-9-25-16-40-100-88-82-99-51-62-39-5-86-4-93-59-85-1-21-12-53-46-67-20-60-23-24-2-29-45-68-70-92-75-27-19-80-37-30-11-96-90-34-50-14-73-56-17-47-57-64-18-71-58-77-65-63-98-43-15-94-84-26-8-72-97-78-69-95-66-87-38-42-52-36-49-13-7-41
Ta100x20,1,3,300,1,0.05,6,2230106255,17000,6561,6286,5851,4.335849643,v2_avx512bw_vec32_exact_perm,54-22-78-79-10-33-81-16-35-74-100-31-25-82-89-62-83-5-51-28-32-3-9-59-53-40-12-21-11-4-39-94-56-76-47-48-30-80-93-1-65-55-20-68-91-6-96-60-46-45-57-2-34-70-37-24-71-18-86-66-43-61-99-44-75-67-27-29-58-87-97-26-92-63-77-23-42-17-98-8-15-88-14-95-49-36-85-84-19-69-7-72-73-64-38-50-90-13-52-41
Ta100x20,1,3,300,1,0.05,7,2230107264,17000,6516,6286,5851,4.449795342,v2_avx512bw_vec32_exact_perm,54-78-22-33-59-79-10-35-55-82-74-65-12-32-85-83-81-21-5-61-3-6-89-53-25-1-56-76-86-31-80-58-63-40-51-93-46-4-48-71-30-70-9-100-28-98-62-67-39-16-60-20-37-44-18-23-24-29-96-45-91-50-43-14-2-11-72-34-15-17-57-47-92-8-36-87-95-19-88-94-99-69-38-26-73-97-42-75-27-49-68-66-90-84-77-7-13-64-52-41
Ta100x20,1,3,300,1,0.05,8,2230108273,17000,6510,6286,5851,4.37349278,v2_avx512bw_vec32_exact_perm,54-22-78-33-59-79-35-10-82-55-89-76-65-40-1-5-74-83-16-31-81-28-4-39-21-56-53-18-30-6-32-37-11-9-91-48-61-80-67-71-63-51-100-93-3-44-62-58-86-46-94-88-2-45-43-68-99-85-42-17-98-25-70-60-75-12-27-23-26-95-29-66-72-87-90-15-47-73-34-24-57-84-14-92-96-19-20-64-8-69-52-36-49-77-13-97-38-7-50-41
Ta100x20,1,3,300,1,0.05,9,2230109282,17000,6534,6286,5851,4.428617412,v2_avx512bw_vec32_exact_perm,54-22-78-33-81-10-82-40-76-28-65-83-51-59-5-79-32-16-31-74-25-100-61-1-3-39-55-91-21-35-89-93-60-86-12-6-80-48-63-11-47-85-62-53-24-18-56-67-37-44-30-57-70-29-92-71-96-27-9-34-2-45-73-20-19-8-77-94-66-23-46-72-4-42-17-99-15-95-58-90-88-98-14-84-38-43-36-52-13-75-68-26-97-49-64-87-50-69-7-41
Ta100x20,1,3,300,1,0.05,10,2230110291,17000,6574,6286,5851,4.167873296,v2_avx512bw_vec32_exact_perm,54-22-78-33-59-35-3-55-1-81-10-9-79-76-31-100-51-65-53-82-83-21-30-18-32-67-74-99-5-71-94-60-16-91-47-25-40-89-12-80-61-70-45-93-2-28-92-56-4-86-48-11-6-46-37-63-20-73-95-39-27-58-29-34-96-24-44-72-43-42-36-85-49-17-14-13-75-62-50-15-87-19-23-57-7-8-26-66-84-88-98-77-64-69-90-97-52-38-68-41
Ta100x20,1,3,300,1,0.075,1,2230101210,17000,6557,6286,5851,4.576212866,v2_avx512bw_vec32_exact_perm,54-59-22-33-79-31-28-82-65-74-89-3-60-78-83-40-35-81-1-76-93-63-21-91-51-61-80-53-11-25-9-27-5-30-4-6-47-18-10-45-62-23-24-85-48-32-94-19-99-37-55-39-16-71-67-86-12-100-44-70-8-46-57-58-42-73-17-56-26-29-92-88-50-98-75-15-96-66-72-84-14-34-90-2-43-20-36-95-68-87-49-7-69-13-97-64-77-38-52-41
Ta100x20,1,3,300,1,0.075,2,2230102219,17000,6580,6286,5851,4.197953545,v2_avx512bw_vec32_exact_perm,22-54-78-33-59-21-82-51-60-25-65-35-9-83-99-5-1-74-32-10-28-76-44-94-3-53-6-85-12-79-81-47-4-31-90-80-93-16-23-73-40-11-100-56-89-88-30-61-55-24-45-71-62-39-20-92-91-75-43-2-46-70-72-34-14-37-48-67-57-18-41-96-29-17-58-84-97-86-77-63-98-8-42-69-15-95-26-50-36-87-13-7-66-64-19-38-52-68-27-49
Ta100x20,1,3,300,1,0.075,3,2230103228,17000,6582,6286,5851,4.281098371,v2_avx512bw_vec32_exact_perm,54-22-47-33-100-10-16-5-83-82-79-35-3-65-25-21-6-32-31-56-80-51-4-81-12-60-48-40-9-74-30-59-93-77-76-73-44-61-24-99-55-63-96-37-28-53-92-71-97-2-70-11-86-88-67-1-29-62-46-89-43-39-18-17-23-20-91-58-27-90-8-42-45-75-85-94-26-15-72-84-14-87-57-69-98-68-52-38-36-13-34-66-95-19-64-7-50-49-78-41
Ta100x20,1,3,300,1,0.075,4,2230104237,17000,6523,6286,5851,4.152487671,v2_avx512bw_vec32_exact_perm,22-47-54-25-31-51-33-10-65-82-3-40-59-19-35-78-76-83-16-48-9-32-79-100-61-80-81-37-93-62-30-5-1-28-53-12-39-91-21-74-70-55-85-71-44-86-46-45-57-4-88-75-27-18-63-89-11-24-36-29-60-6-23-99-95-98-56-17-14-72-20-67-26-42-94-96-34-66-2-43-8-58-92-15-97-73-90-84-77-69-87-52-38-68-64-50-13-7-49-41
Ta100x20,1,3,300,1,0.075,5,2230105246,17000,6567,6286,5851,4.190547407,v2_avx512bw_vec32_exact_perm,54-22-78-79-35-10-55-33-77-81-74-31-83-28-32-92-82-51-61-21-30-100-16-93-12-40-76-6-70-44-99-9-91-59-24-46-85-60-1-80-18-89-67-3-56-20-62-5-11-42-75-29-86-4-53-48-47-17-43-36-94-73-65-96-97-88-72-37-39-23-2-34-14-64-71-98-50-25-58-57-45-69-8-15-26-19-27-63-90-66-13-7-84-95-49-87-68-38-52-41
Ta100x20,1,3,300,1,0.075,6,2230106255,17000,6537,6286,5851,4.95961485,v2_avx512bw_vec32_exact_perm,54-22-78-33-81-55-10-74-79-35-82-76-99-83-3-46-51-31-20-25-1-65-86-28-91-21-9-39-59-80-12-5-4-53-93-48-60-27-47-45-40-100-16-6-44-32-89-62-37-43-23-96-42-61-85-70-94-58-71-17-57-11-56-18-24-34-75-72-50-95-67-66-30-2-15-92-8-77-29-88-26-73-64-98-19-87-14-97-63-90-69-84-36-49-68-38-13-7-52-41
Ta100x20,1,3,300,1,0.075,7,2230107264,17000,6550,6286,5851,4.360398711,v2_avx512bw_vec32_exact_perm,22-54-78-33-10-4-40-65-51-25-3-82-59-35-83-74-5-79-76-53-47-55-16-45-1-81-91-93-31-71-12-46-60-21-89-48-9-61-80-56-99-85-30-18-62-28-37-70-24-58-20-92-32-39-29-43-67-86-87-57-19-94-23-42-100-73-8-27-96-17-11-44-63-64-34-95-6-72-15-2-66-98-88-36-90-77-75-13-7-49-68-14-26-97-69-84-52-38-50-41
Ta100x20,1,3,300,1,0.075,8,2230108273,17000,6571,6286,5851,4.61459357,v2_avx512bw_vec32_exact_perm,54-22-78-47-79-10-16-33-100-74-3-82-81-53-28-40-1-65-35-76-25-9-55-83-12-21-70-5-48-11-99-31-45-24-56-89-63-39-51-59-67-71-15-93-6-57-4-32-30-85-62-94-19-44-80-68-37-86-46-18-72-96-98-58-60-42-88-27-20-2-61-14-91-43-29-90-23-73-87-8-92-95-36-66-84-75-17-69-97-50-13-26-34-64-52-77-7-49-38-41
Ta100x20,1,3,300,1,0.075,9,2230109282,17000,6567,6286,5851,4.545934755,v2_avx512bw_vec32_exact_perm,54-22-79-10-33-78-35-51-83-82-100-25-40-16-12-55-65-21-48-6-9-4-74-32-56-80-61-59-81-28-86-31-39-18-1-76-60-93-3-71-70-62-44-89-30-53-98-46-19-85-96-47-75-34-27-37-23-24-63-45-36-99-5-17-15-20-14-2-64-58-57-95-88-11-67-77-72-94-92-42-66-91-29-84-43-50-87-26-49-8-68-97-69-7-13-73-90-52-38-41
Ta100x20,1,3,300,1,0.075,10,2230110291,17000,6495,6286,5851,4.780712257,v2_avx512bw_vec32_exact_perm,54-22-78-33-59-79-35-28-76-9-10-4-83-51-25-32-81-65-21-18-3-39-40-12-82-55-48-5-74-93-100-62-89-61-80-47-99-1-31-98-70-24-16-44-60-56-45-20-53-11-94-85-75-72-27-6-30-68-63-2-37-46-29-91-88-34-23-96-92-19-43-86-69-90-8-36-57-67-15-17-73-71-87-84-97-14-77-95-58-66-42-38-26-52-64-50-13-7-49-41
Ta100x20,1,3,300,1,0.1,1,2230101210,17000,6561,6286,5851,4.063282634,v2_avx512bw_vec32_exact_perm,54-78-59-22-33-79-31-5-82-81-76-100-1-16-48-60-10-6-47-21-71-35-74-58-65-51-32-40-12-3-37-9-83-93-80-45-25-61-44-4-62-99-86-56-30-91-53-94-28-46-27-92-89-70-85-67-11-20-2-29-39-15-57-23-95-73-50-96-97-18-55-24-38-14-98-87-75-42-19-26-17-63-84-88-64-36-49-8-34-43-69-90-72-52-68-13-66-77-7-41
Ta100x20,1,3,300,1,0.1,2,2230102219,17000,6607,6286,5851,4.451100574,v2_avx512bw_vec32_exact_perm,22-78-79-28-3-33-82-83-54-1-62-93-10-25-40-55-39-9-21-24-74-100-35-81-48-61-53-30-76-16-32-5-85-11-6-29-44-59-18-37-19-51-57-8-31-63-65-80-89-86-67-92-4-97-71-34-56-70-12-2-60-95-20-46-99-91-23-94-27-75-45-66-96-15-72-84-47-50-7-77-14-42-43-69-58-17-36-73-98-88-87-26-68-90-52-13-64-38-49-41
Ta100x20,1,3,300,1,0.1,3,2230103228,17000,6629,6286,5851,4.996315593,v2_avx512bw_vec32_exact_perm,79-54-28-81-22-33-35-10-100-31-76-37-65-40-59-6-82-83-89-55-1-21-53-99-12-56-71-30-78-60-42-44-93-85-20-96-16-67-94-48-80-58-46-57-11-61-15-18-77-74-24-23-5-98-47-2-39-62-32-88-51-63-27-45-9-91-43-19-3-68-25-95-29-69-84-70-75-8-97-17-86-92-13-34-66-36-49-72-64-87-38-14-73-50-7-4-90-52-26-41
Ta100x20,1,3,300,1,0.1,4,2230104237,17000,6577,6286,5851,4.468536981,v2_avx512bw_vec32_exact_perm,22-79-54-76-78-3-83-25-82-35-100-10-51-5-40-32-81-28-12-1-62-91-99-65-70-61-55-16-59-30-75-11-48-45-33-6-93-57-18-60-53-74-4-24-21-94-2-47-86-80-50-66-72-44-85-9-14-95-56-31-67-89-20-23-71-15-39-46-26-98-90-84-37-73-77-92-43-19-58-17-29-88-96-97-63-13-36-64-8-34-49-87-27-68-38-52-42-69-7-41
Ta100x20,1,3,300,1,0.1,5,2230105246,17000,6563,6286,5851,4.670700386,v2_avx512bw_vec32_exact_perm,54-22-78-79-47-82-10-35-55-16-76-51-40-93-1-91-83-74-5-39-32-53-18-33-44-61-48-99-25-12-21-28-100-6-94-19-88-65-9-45-81-56-80-30-62-3-31-89-60-11-85-4-29-71-24-70-59-68-67-37-20-46-63-73-86-96-15-34-17-58-23-57-92-8-90-87-75-97-95-72-66-2-42-98-26-43-64-27-36-14-13-50-7-49-77-52-38-84-69-41
Ta100x20,1,3,300,1,0.1,6,2230106255,17000,6569,6286,5851,3.961696625,v2_avx512bw_vec32_exact_perm,54-22-78-79-65-33-3-82-35-9-31-10-32-74-76-81-83-21-51-28-1-61-44-16-80-59-47-5-62-55-6-89-40-48-30-94-99-93-39-56-91-53-18-24-36-37-25-43-84-4-60-2-70-34-100-11-29-20-12-67-57-26-45-98-87-96-86-17-63-23-46-95-73-58-15-90-72-85-27-88-8-71-97-77-75-92-68-14-50-19-66-69-64-42-13-7-49-38-52-41
Ta100x20,1,3,300,1,0.1,7,2230107264,17000,6580,6286,5851,4.20196463,v2_avx512bw_vec32_exact_perm,54-22-78-79-10-33-65-82-81-59-12-9-55-4-61-16-83-76-46-24-21-3-56-60-70-35-51-47-5-31-1-74-80-91-18-32-40-62-93-44-48-53-66-100-28-19-99-67-86-6-2-85-71-57-11-43-94-27-73-89-8-23-77-15-37-39-64-20-92-96-58-30-87-34-42-26-88-63-29-17-49-45-95-68-75-98-90-14-13-72-69-7-52-36-25-97-38-84-50-41
Ta100x20,1,3,300,1,0.1,8,2230108273,17000,6525,6286,5851,4.066728495,v2_avx512bw_vec32_exact_perm,78-22-79-54-10-65-55-33-83-6-35-59-31-82-21-61-3-76-25-9-4-91-40-100-77-74-81-16-44-93-12-45-48-99-62-63-5-56-11-1-80-30-53-89-51-32-86-85-70-57-96-18-37-20-46-23-15-71-29-28-26-67-39-24-17-60-88-94-58-8-66-14-42-2-47-43-19-73-38-72-97-52-27-36-92-75-87-68-84-98-34-95-90-69-64-13-50-7-49-41
Ta100x20,1,3,300,1,0.1,9,2230109282,17000,6534,6286,5851,4.620106808,v2_avx512bw_vec32_exact_perm,54-22-79-35-76-10-78-51-31-82-74-4-33-3-81-83-1-93-89-53-39-48-16-17-21-80-65-24-91-61-9-55-40-56-73-44-25-70-47-11-2-43-59-37-57-18-45-5-60-36-88-12-100-71-99-6-62-85-28-32-95-20-30-94-92-29-46-86-23-27-87-67-77-58-98-8-66-15-96-97-42-14-72-26-38-63-75-34-90-84-52-19-68-69-13-64-50-7-49-41
Ta100x20,1,3,300,1,0.1,10,2230110291,17000,6598,6286,5851,4.379061513,v2_avx512bw_vec32_exact_perm,54-22-78-79-33-10-35-25-82-12-51-31-56-99-94-16-21-3-81-55-48-6-28-53-29-80-5-65-40-47-76-89-18-100-1-4-83-19-32-37-59-67-44-9-75-11-63-27-88-30-24-61-23-43-91-57-96-46-17-20-45-62-72-92-14-39-58-60-68-86-85-93-36-70-66-71-2-13-26-34-8-97-42-15-87-50-84-74-95-69-73-98-49-7-90-64-77-38-52-41
Ta100x20,1,3,300,1,0.125,1,2230101210,17000,6593,6286,5851,4.074776524,v2_avx512bw_vec32_exact_perm,22-54-78-79-10-31-21-51-82-32-65-16-59-40-4-81-80-6-83-33-35-25-28-9-100-18-50-24-73-55-44-3-42-11-99-76-61-74-94-47-48-23-62-5-75-56-39-93-46-70-85-60-58-30-71-14-57-86-53-67-27-1-17-90-20-19-45-26-37-96-91-34-2-87-12-29-89-36-92-63-15-64-69-77-72-95-98-7-88-8-97-52-66-13-84-68-43-38-49-41
Ta100x20,1,3,300,1,0.125,2,2230102219,17000,6599,6286,5851,3.848060567,v2_avx512bw_vec32_exact_perm,54-22-47-78-33-10-31-82-79-65-61-32-40-53-51-3-25-6-50-5-81-35-60-12-48-1-11-76-55-30-21-28-93-9-91-80-44-16-89-46-74-62-45-4-100-29-18-94-37-92-2-83-42-85-57-71-39-99-14-15-56-19-59-70-67-24-27-87-63-98-58-23-88-17-36-97-86-69-75-90-73-20-8-84-95-7-96-72-49-26-52-34-43-68-13-64-38-77-66-41
Ta100x20,1,3,300,1,0.125,3,2230103228,17000,6557,6286,5851,4.181814807,v2_avx512bw_vec32_exact_perm,54-22-78-79-33-10-55-35-82-40-1-83-51-31-99-25-5-9-3-81-59-91-18-65-48-42-12-53-16-32-74-6-67-4-39-86-29-61-76-44-89-80-56-57-93-63-77-100-20-70-19-94-14-60-47-34-8-28-43-46-66-37-23-2-11-21-85-62-45-92-24-96-71-26-27-98-30-58-97-73-87-17-88-90-69-13-64-49-15-36-84-72-95-68-75-38-52-50-7-41
Ta100x20,1,3,300,1,0.125,4,2230104237,17000,6573,6286,5851,4.437579789,v2_avx512bw_vec32_exact_perm,22-79-54-35-25-100-21-76-83-28-55-65-32-59-81-30-74-39-10-16-6-45-12-5-33-82-62-40-91-67-24-80-51-47-18-3-2-46-89-85-50-44-4-43-58-60-70-15-57-93-9-1-48-53-31-56-96-29-20-99-94-11-14-63-61-90-92-73-66-71-23-8-97-26-27-88-42-87-34-77-17-95-69-75-72-84-68-98-49-78-19-7-13-36-86-37-64-38-52-41
Ta100x20,1,3,300,1,0.125,5,2230105246,17000,6580,6286,5851,4.599718177,v2_avx512bw_vec32_exact_perm,22-54-78-47-59-25-10-33-1-51-35-76-3-82-32-81-83-16-31-93-5-60-56-80-100-14-86-79-74-11-61-48-85-4-21-65-99-37-40-89-12-53-70-44-94-9-57-20-46-28-30-62-91-55-88-23-66-71-36-67-24-29-19-96-45-27-73-98-84-75-8-92-18-87-34-43-2-39-17-6-15-69-42-58-95-90-63-13-72-26-7-38-77-52-97-68-64-50-49-41
Ta100x20,1,3,300,1,0.125,6,2230106255,17000,6604,6286,5851,4.347148571,v2_avx512bw_vec32_exact_perm,54-22-78-47-83-33-5-55-28-40-16-79-93-10-82-81-48-30-21-6-61-100-99-76-91-37-35-59-12-1-74-45-53-80-18-32-4-11-56-85-60-3-65-25-51-9-71-87-44-62-63-2-24-31-27-94-86-23-43-98-20-39-67-88-17-70-58-96-29-46-72-68-92-14-19-57-73-42-89-34-8-50-26-69-75-66-15-77-95-36-84-64-97-7-49-13-90-52-38-41
Ta100x20,1,3,300,1,0.125,7,2230107264,17000,6584,6286,5851,4.366431086,v2_avx512bw_vec32_exact_perm,54-22-1-33-10-100-25-35-55-5-74-37-81-39-40-99-94-21-56-83-76-44-28-47-91-65-16-6-59-45-82-53-51-2-3-80-43-46-18-34-12-60-85-11-90-89-32-4-67-96-9-93-48-50-71-29-70-77-20-63-66-62-30-24-23-95-58-27-61-31-92-15-19-57-8-14-13-79-72-17-98-87-36-84-88-64-26-75-86-73-7-49-69-42-78-52-68-97-38-41
Ta100x20,1,3,300,1,0.125,8,2230108273,17000,6524,6286,5851,4.216505077,v2_avx512bw_vec32_exact_perm,22-54-55-78-1-79-33-81-82-3-65-35-83-9-12-28-74-76-51-32-21-10-31-48-16-59-58-40-53-6-25-89-80-45-71-5-93-70-85-57-39-94-11-61-91-27-62-88-100-23-67-4-20-47-46-63-29-87-44-24-18-96-60-72-75-30-34-56-36-43-14-86-99-26-2-15-8-17-95-37-90-73-98-42-92-77-66-64-19-13-84-97-68-52-69-38-7-50-49-41
Ta100x20,1,3,300,1,0.125,9,2230109282,17000,6547,6286,5851,4.220255649,v2_avx512bw_vec32_exact_perm,22-54-78-79-35-31-83-76-100-33-81-74-1-45-82-28-65-3-9-48-55-21-60-80-91-51-62-93-53-47-16-99-59-12-25-85-5-70-96-18-40-44-10-34-30-56-4-57-46-89-67-58-37-39-6-86-71-2-63-24-23-98-32-27-11-61-94-42-66-15-92-72-84-19-17-14-88-73-29-20-8-64-36-75-87-95-97-50-77-26-68-43-69-38-90-52-49-13-7-41
Ta100x20,1,3,300,1,0.125,10,2230110291,17000,6573,6286,5851,4.005441483,v2_avx512bw_vec32_exact_perm,54-78-82-22-33-10-79-40-51-76-59-31-3-74-21-91-30-80-9-81-89-55-28-4-85-93-53-1-65-48-60-44-100-99-16-46-12-6-70-71-32-61-35-83-14-66-37-86-39-56-47-24-25-18-63-42-88-43-29-62-5-94-57-36-11-96-45-72-2-23-15-34-75-98-50-8-92-17-67-87-90-20-84-69-58-64-19-27-68-26-52-73-77-38-97-13-7-95-49-41
Ta100x20,1,4,400,0.85,0.025,1,2230101210,17000,6464,6286,5851,5.856843832,v2_avx512bw_vec32_exact_perm,22-79-54-55-82-78-25-65-59-35-33-10-31-40-93-28-81-48-21-76-12-4-99-61-3-51-1-89-53-71-39-83-86-18-9-6-60-56-62-74-32-30-5-85-45-16-37-44-91-100-68-11-70-24-43-96-47-80-94-63-67-72-23-75-19-27-20-29-14-92-36-57-46-73-17-8-34-58-90-2-84-98-66-15-87-97-77-42-88-26-52-69-64-95-50-13-7-38-49-41
Ta100x20,1,4,400,0.85,0.025,2,2230102219,17000,6417,6286,5851,5.444525163,v2_avx512bw_vec32_exact_perm,22-54-78-33-59-28-25-10-79-86-82-1-40-16-6-31-99-74-3-53-81-51-48-35-76-21-93-56-61-12-65-80-32-30-89-83-91-55-94-44-100-85-11-45-4-18-77-9-5-47-88-60-64-92-29-50-62-43-97-37-46-19-42-20-39-63-75-72-96-24-70-67-17-34-58-2-27-23-57-90-66-84-14-69-71-36-15-26-98-87-8-73-68-95-38-52-49-13-7-41
Ta100x20,1,4,400,0.85,0.025,3,2230103228,17000,6399,6286,5851,5.441225521,v2_avx512bw_vec32_exact_perm,54-22-78-79-35-10-31-40-81-25-51-4-16-32-6-48-61-47-21-80-65-74-12-83-3-52-59-30-33-60-56-11-1-24-55-5-9-18-44-63-28-39-89-76-100-99-23-53-86-88-85-82-93-91-67-70-50-20-90-96-37-29-2-45-46-98-34-62-94-58-72-27-19-15-57-14-36-92-95-8-75-43-97-42-26-87-84-66-69-71-64-17-68-49-73-77-13-7-38-41
Ta100x20,1,4,400,0.85,0.025,4,2230104237,17000,6468,6286,5851,5.87887822,v2_avx512bw_vec32_exact_perm,22-78-79-54-10-16-33-83-35-81-55-48-74-12-4-21-39-40-93-82-9-3-100-76-1-99-65-59-31-51-89-91-61-80-53-63-30-85-45-5-29-25-46-32-11-56-6-50-62-86-60-98-28-70-37-44-20-23-18-94-24-2-27-96-67-72-43-36-95-58-57-15-8-14-19-17-73-75-47-92-87-26-97-42-88-66-77-34-90-13-7-49-84-69-71-64-38-52-68-41
Ta100x20,1,4,400,0.85,0.025,5,2230105246,17000,6431,6286,5851,5.629583415,v2_avx512bw_vec32_exact_perm,54-22-78-81-25-35-83-16-6-47-55-33-79-40-10-3-82-9-61-5-1-99-21-51-80-74-59-39-12-60-56-100-76-4-18-65-32-94-11-89-31-28-44-86-62-97-48-85-53-63-29-93-41-24-46-43-30-71-50-70-20-92-58-45-2-67-23-75-27-91-37-14-96-15-77-19-36-57-64-17-8-72-98-87-68-95-7-73-13-34-42-26-88-66-49-90-84-69-38-52
Ta100x20,1,4,400,0.85,0.025,6,2230106255,17000,6413,6286,5851,5.24811827,v2_avx512bw_vec32_exact_perm,54-22-78-47-79-10-33-35-76-82-40-1-59-83-48-16-31-81-70-74-21-12-51-18-32-91-80-4-43-60-99-61-25-39-37-65-71-100-3-6-53-86-55-57-93-19-89-85-44-63-5-62-67-94-56-9-11-96-29-28-46-73-24-20-23-90-88-34-58-45-84-17-75-14-66-42-2-98-36-15-26-27-30-95-87-68-69-52-72-38-50-92-7-97-13-8-64-49-77-41
Ta100x20,1,4,400,0.85,0.025,7,2230107264,17000,6468,6286,5851,5.046409689,v2_avx512bw_vec32_exact_perm,54-22-78-79-33-59-35-1-83-82-76-81-10-28-65-31-74-51-62-3-6-53-40-55-21-93-91-4-56-39-48-9-25-47-50-23-94-99-5-61-85-80-100-16-45-24-70-71-29-46-96-98-67-89-44-18-37-88-30-11-90-12-57-32-60-27-87-17-14-73-75-58-36-34-20-2-92-43-95-8-72-69-15-63-86-42-26-66-19-84-49-77-7-97-68-13-64-38-52-41
Ta100x20,1,4,400,0.85,0.025,8,2230108273,17000,6406,6286,5851,5.29727372,v2_avx512bw_vec32_exact_perm,54-78-22-33-59-35-55-31-81-48-1-74-83-82-79-40-16-6-21-3-76-100-11-10-12-51-65-28-94-4-53-9-99-71-61-45-70-39-25-37-32-44-80-85-56-89-30-63-34-90-29-93-46-47-62-57-5-60-77-18-86-36-91-20-88-23-24-67-58-43-19-2-27-95-87-68-98-15-72-17-75-38-14-42-69-84-92-66-96-64-73-8-26-97-50-13-7-49-52-41
Ta100x20,1,4,400,0.85,0.025,9,2230109282,17000,6425,6286,5851,5.353029092,v2_avx512bw_vec32_exact_perm,54-22-78-79-35-10-33-83-5-16-9-74-21-55-40-82-6-31-59-51-28-76-12-3-61-1-11-48-30-53-99-81-4-85-63-80-91-93-39-89-44-37-18-25-56-65-86-32-70-23-43-20-100-62-71-67-24-46-29-94-27-45-96-50-58-57-19-14-66-64-2-92-47-36-15-75-72-34-84-95-17-73-90-8-88-69-87-97-42-26-98-60-77-38-52-68-13-7-49-41
Ta100x20,1,4,400,0.85,0.025,10,2230110291,17000,6407,6286,5851,5.53368919,v2_avx512bw_vec32_exact_perm,54-22-78-47-79-10-33-1-82-65-74-83-16-35-76-100-80-81-12-51-3-6-28-40-93-31-50-61-59-4-53-99-60-21-25-39-86-32-48-9-70-85-44-18-56-89-55-43-91-94-62-30-5-37-20-11-73-57-23-96-71-46-67-92-29-45-75-88-58-27-24-2-19-90-66-14-34-42-26-15-17-72-84-97-68-98-87-8-95-69-36-38-63-52-77-13-7-64-49-41
Ta100x20,1,4,400,0.85,0.05,1,2230101210,17000,6448,6286,5851,5.356661228,v2_avx512bw_vec32_exact_perm,54-22-78-33-59-79-10-35-55-93-76-82-31-81-1-99-40-44-16-39-48-100-3-12-74-51-18-32-21-65-91-83-53-61-25-56-9-28-5-80-89-46-30-42-37-45-85-20-4-70-62-90-63-29-71-23-11-6-17-60-47-67-94-86-2-88-36-92-24-75-14-87-96-34-58-98-27-73-68-69-15-66-43-64-57-19-84-8-95-97-72-26-50-13-7-49-77-38-52-41
Ta100x20,1,4,400,0.85,0.05,2,2230102219,17000,6539,6286,5851,5.320452375,v2_avx512bw_vec32_exact_perm,54-22-79-46-74-33-35-10-83-82-1-78-24-80-65-39-3-60-85-21-6-51-28-81-4-89-61-40-53-48-100-93-12-16-9-11-91-55-76-67-56-59-5-31-25-45-37-90-99-44-47-73-8-96-94-86-30-20-23-2-7-62-27-88-34-69-92-70-71-58-97-57-36-15-95-18-14-75-77-43-32-29-19-26-98-87-42-63-64-17-72-68-84-49-66-13-38-52-50-41
Ta100x20,1,4,400,0.85,0.05,3,2230103228,17000,6455,6286,5851,5.370067783,v2_avx512bw_vec32_exact_perm,54-22-78-33-59-79-28-10-25-9-3-40-4-47-1-83-35-21-74-51-76-60-37-6-100-12-30-82-44-80-53-32-81-85-16-65-55-61-70-91-93-39-31-45-62-89-20-48-96-99-24-66-5-94-42-86-18-75-68-2-67-11-73-29-95-34-23-71-43-87-92-88-98-46-15-57-72-56-7-19-26-14-63-77-17-64-27-58-97-8-50-13-36-49-90-84-69-52-38-41
Ta100x20,1,4,400,0.85,0.05,4,2230104237,17000,6471,6286,5851,5.0930519,v2_avx512bw_vec32_exact_perm,54-22-78-79-10-33-74-65-83-35-25-40-1-82-12-81-31-28-51-76-59-21-55-5-3-94-11-30-47-50-100-16-61-6-60-85-53-80-99-62-93-23-20-67-48-4-18-86-91-89-15-9-32-44-14-70-71-17-73-29-24-56-63-2-43-39-96-34-37-8-64-72-75-68-19-57-46-45-88-77-58-7-84-92-95-66-97-42-26-87-98-27-49-13-36-69-90-52-38-41
Ta100x20,1,4,400,0.85,0.05,5,2230105246,17000,6395,6286,5851,5.208113073,v2_avx512bw_vec32_exact_perm,54-22-1-47-78-33-81-59-31-10-65-21-28-74-79-76-35-93-40-60-4-18-51-12-94-82-9-39-16-5-55-83-91-50-80-32-44-53-89-30-36-85-6-25-37-48-70-23-71-77-61-86-99-88-62-56-45-24-3-20-67-100-63-96-2-34-73-11-46-58-17-29-64-57-68-98-26-87-15-66-42-14-75-92-19-43-97-8-69-90-95-72-7-38-84-27-49-13-52-41
Ta100x20,1,4,400,0.85,0.05,6,2230106255,17000,6401,6286,5851,4.985267489,v2_avx512bw_vec32_exact_perm,54-22-78-33-59-79-35-55-83-1-76-82-81-28-16-93-31-10-44-39-21-85-74-48-46-80-9-53-5-61-99-62-70-56-100-47-60-12-89-51-32-25-40-20-6-4-94-43-23-11-67-45-27-3-86-58-24-57-63-18-90-66-30-91-14-65-84-19-37-96-36-98-88-71-77-92-64-73-29-2-34-15-75-68-8-95-87-69-72-42-17-97-26-38-52-50-13-7-49-41
Ta100x20,1,4,400,0.85,0.05,7,2230107264,17000,6463,6286,5851,4.996295594,v2_avx512bw_vec32_exact_perm,54-22-78-33-59-79-10-65-35-55-74-21-9-83-47-82-16-53-100-3-11-6-28-31-51-12-40-93-80-76-89-60-5-99-1-86-4-42-44-85-67-91-18-94-48-30-71-62-46-37-70-81-45-2-24-25-90-73-32-27-61-39-14-20-19-66-96-57-92-69-8-29-15-58-34-56-84-87-98-23-95-72-36-17-75-77-97-38-88-26-63-52-68-43-64-50-13-7-49-41
Ta100x20,1,4,400,0.85,0.05,8,2230108273,17000,6470,6286,5851,4.958836004,v2_avx512bw_vec32_exact_perm,54-22-78-79-33-35-74-83-71-59-31-82-28-76-99-21-1-39-25-40-3-51-48-5-16-93-10-61-56-81-12-62-9-80-100-32-30-46-24-55-63-89-65-98-53-6-60-47-94-14-90-85-45-91-20-42-18-70-96-11-37-73-67-44-19-84-23-17-4-57-58-15-36-95-27-8-29-88-34-2-72-92-75-86-68-66-77-87-38-43-26-97-52-13-64-50-49-69-7-41
Ta100x20,1,4,400,0.85,0.05,9,2230109282,17000,6447,6286,5851,5.001775608,v2_avx512bw_vec32_exact_perm,54-22-33-35-83-10-31-51-74-4-28-81-76-46-78-99-59-40-65-3-82-79-18-9-100-48-12-1-21-60-47-5-56-44-85-16-25-6-55-94-53-32-93-71-37-30-70-20-39-86-45-96-80-50-29-62-36-24-57-67-89-91-87-61-92-43-2-88-15-23-66-11-64-17-68-72-95-14-75-34-77-63-42-98-26-19-58-73-8-90-84-27-49-13-7-69-97-38-52-41
Ta100x20,1,4,400,0.85,0.05,10,2230110291,17000,6490,6286,5851,5.0295954,v2_avx512bw_vec32_exact_perm,54-22-47-78-79-35-55-28-81-76-74-82-83-100-10-31-51-99-21-44-33-1-9-40-25-5-3-53-56-20-59-93-80-48-30-6-58-45-62-61-37-85-39-24-89-67-94-18-60-11-12-32-65-23-4-98-50-27-91-96-57-64-70-16-15-97-2-71-63-26-19-29-46-86-73-7-8-95-88-72-42-14-90-17-34-92-13-75-43-77-66-87-36-49-84-69-38-52-68-41
Ta100x20,1,4,400,0.85,0.075,1,2230101210,17000,6477,6286,5851,4.990173493,v2_avx512bw_vec32_exact_perm,54-22-78-47-79-10-1-83-3-82-16-76-33-51-35-5-21-40-18-25-59-55-4-39-45-74-12-81-28-60-53-6-65-91-85-93-94-84-30-32-9-62-61-89-31-71-44-37-98-80-42-46-100-2-67-70-75-11-23-20-92-27-8-48-56-88-43-77-17-97-29-58-66-96-72-87-86-73-19-15-26-57-68-63-99-14-52-90-69-38-36-34-95-64-24-50-13-7-49-41
Ta100x20,1,4,400,0.85,0.075,2,2230102219,17000,6470,6286,5851,4.965679142,v2_avx512bw_vec32_exact_perm,54-22-78-33-59-79-16-82-65-100-35-83-81-76-3-12-74-61-31-48-9-5-91-55-1-85-21-40-70-60-11-30-25-47-39-80-18-99-51-89-17-44-10-58-4-86-20-45-32-93-94-67-28-24-53-98-63-2-37-96-29-62-56-97-42-34-88-46-23-57-15-19-72-27-95-6-77-36-71-26-66-8-73-90-14-75-43-92-84-38-87-52-68-69-64-50-49-13-7-41
Ta100x20,1,4,400,0.85,0.075,3,2230103228,17000,6545,6286,5851,4.941464208,v2_avx512bw_vec32_exact_perm,22-54-78-79-59-31-47-3-51-81-76-28-1-2-9-82-16-21-33-10-67-6-5-91-80-61-4-93-12-60-44-39-74-100-25-40-35-71-53-86-62-55-30-48-89-56-27-32-46-20-11-75-70-94-96-99-43-83-88-73-85-24-14-23-19-57-65-37-15-18-8-36-64-34-17-77-58-29-92-72-95-50-45-63-98-26-42-49-87-97-7-90-69-52-13-68-38-66-84-41
Ta100x20,1,4,400,0.85,0.075,4,2230104237,17000,6505,6286,5851,4.886755466,v2_avx512bw_vec32_exact_perm,54-22-4-33-59-78-60-82-79-100-16-31-74-83-3-21-65-85-35-70-99-61-81-91-9-76-39-10-18-51-40-1-12-80-47-93-5-55-44-32-45-89-27-6-57-66-19-48-67-24-62-86-11-56-94-53-23-75-34-88-58-25-71-46-28-30-2-92-20-63-29-72-73-37-42-96-87-8-64-95-68-17-26-97-77-69-38-15-98-43-14-84-7-13-50-49-36-90-52-41
Ta100x20,1,4,400,0.85,0.075,5,2230105246,17000,6453,6286,5851,4.833231688,v2_avx512bw_vec32_exact_perm,54-22-78-79-35-55-33-81-10-1-47-53-40-51-3-25-59-82-83-9-5-28-74-31-65-6-67-21-93-76-48-91-99-16-100-80-12-85-39-89-71-61-45-11-94-46-60-86-43-4-88-62-42-37-18-30-32-77-23-58-20-98-70-56-96-66-27-2-24-44-72-64-75-14-63-17-36-57-34-50-26-87-15-92-19-73-29-8-90-13-69-97-84-7-95-68-52-38-49-41
Ta100x20,1,4,400,0.85,0.075,6,2230106255,17000,6453,6286,5851,5.288486162,v2_avx512bw_vec32_exact_perm,54-78-22-33-59-35-76-74-79-82-51-31-81-1-16-10-53-21-65-83-28-55-91-4-93-80-12-32-25-89-38-57-86-30-19-6-48-40-58-56-50-9-100-46-11-29-63-67-70-45-71-37-62-61-5-3-99-44-85-94-43-23-2-73-66-24-18-20-64-96-26-39-47-17-60-14-95-36-69-98-27-90-97-84-75-87-42-72-8-92-34-68-88-15-49-77-13-7-52-41
Ta100x20,1,4,400,0.85,0.075,7,2230107264,17000,6503,6286,5851,5.963371605,v2_avx512bw_vec32_exact_perm,54-22-78-79-35-10-9-51-1-83-76-5-28-93-40-82-21-61-6-3-31-33-60-59-74-91-30-53-81-56-16-99-85-100-65-63-71-32-70-12-55-44-48-80-89-29-62-24-92-96-57-47-43-73-66-86-11-39-46-25-84-18-58-67-45-4-20-42-75-17-64-94-88-23-19-72-8-26-27-34-87-68-37-98-95-15-38-2-14-7-69-50-13-36-49-97-90-52-77-41
Ta100x20,1,4,400,0.85,0.075,8,2230108273,17000,6464,6286,5851,5.429500006,v2_avx512bw_vec32_exact_perm,22-54-78-59-55-33-79-76-35-83-74-31-48-100-3-53-99-82-93-1-21-65-10-25-40-44-91-28-80-39-81-47-18-51-61-94-60-89-85-16-4-67-86-62-24-6-30-32-57-27-42-14-2-12-5-37-70-34-20-96-19-56-23-66-9-45-75-43-46-36-11-73-29-15-71-17-95-87-77-8-97-26-63-84-98-72-68-92-90-52-69-38-88-58-64-50-13-7-49-41
Ta100x20,1,4,400,0.85,0.075,9,2230109282,17000,6485,6286,5851,5.787380875,v2_avx512bw_vec32_exact_perm,54-78-22-33-82-79-10-35-74-32-83-76-100-65-25-21-6-40-48-3-1-81-91-55-28-44-80-63-62-5-89-51-71-93-30-12-94-11-16-59-85-61-53-46-99-24-31-77-20-34-70-45-4-9-50-29-96-57-17-2-60-98-49-36-15-47-67-88-14-23-18-75-95-90-73-39-56-8-37-58-42-72-92-41-26-86-13-43-7-84-66-87-97-19-38-52-68-69-64-27
Ta100x20,1,4,400,0.85,0.075,10,2230110291,17000,6524,6286,5851,5.442551906,v2_avx512bw_vec32_exact_perm,79-22-54-35-55-33-81-78-59-82-10-16-83-48-6-12-40-57-51-32-30-1-93-25-3-76-28-21-11-5-94-65-31-74-100-70-45-44-56-80-37-61-89-90-71-62-67-99-39-85-24-73-34-9-18-58-2-91-17-50-60-53-96-86-47-14-43-23-27-4-46-75-92-97-20-87-72-8-88-36-95-64-68-29-26-66-84-63-77-98-19-42-69-15-49-38-13-7-52-41
Ta100x20,1,4,400,0.85,0.1,1,2230101210,17000,6498,6286,5851,5.443066719,v2_avx512bw_vec32_exact_perm,22-54-55-33-81-47-78-79-10-25-35-82-74-51-53-1-31-99-5-40-83-12-89-16-76-65-45-28-91-21-6-37-61-29-9-80-70-71-39-56-44-85-18-93-32-62-30-90-59-73-4-100-3-11-24-60-42-67-63-86-20-98-46-96-94-48-14-2-58-27-77-23-15-57-36-26-88-19-66-92-43-87-72-8-95-34-64-69-49-13-17-75-7-50-84-38-52-97-68-41
Ta100x20,1,4,400,0.85,0.1,2,2230102219,17000,6488,6286,5851,5.200761907,v2_avx512bw_vec32_exact_perm,54-22-78-47-79-35-55-28-81-76-99-82-21-40-12-91-25-93-48-70-32-1-83-51-10-33-74-39-94-61-16-65-31-37-44-85-80-59-60-89-100-62-18-11-5-23-27-45-58-30-24-9-4-53-50-3-98-86-56-67-71-73-46-14-92-2-15-57-20-96-87-34-6-29-36-17-84-77-68-95-66-19-72-90-43-52-63-26-75-88-64-69-42-97-8-38-49-13-7-41
Ta100x20,1,4,400,0.85,0.1,3,2230103228,17000,6518,6286,5851,5.60987427,v2_avx512bw_vec32_exact_perm,22-54-33-78-1-59-79-35-76-28-82-47-81-69-65-25-3-100-48-16-93-6-74-83-55-9-30-40-89-12-4-56-53-29-62-61-10-21-32-80-60-91-99-39-94-5-86-70-85-18-37-31-44-51-71-45-67-75-11-20-92-43-2-17-96-14-15-77-23-88-90-24-34-27-57-97-36-95-46-98-87-58-19-26-73-63-8-13-68-72-66-7-84-52-42-38-64-50-49-41
Ta100x20,1,4,400,0.85,0.1,4,2230104237,17000,6485,6286,5851,6.265734854,v2_avx512bw_vec32_exact_perm,54-22-78-79-35-55-33-60-59-65-53-76-6-47-51-40-3-82-39-74-89-46-28-10-25-21-9-32-1-100-12-31-16-45-81-80-56-93-48-83-5-37-99-94-30-34-85-44-11-2-42-70-61-43-62-86-91-14-98-23-71-18-4-36-29-24-84-90-17-20-67-75-27-58-92-57-19-88-15-77-63-96-69-73-26-97-87-68-66-64-8-95-72-50-7-49-13-38-52-41
Ta100x20,1,4,400,0.85,0.1,5,2230105246,17000,6483,6286,5851,5.906150068,v2_avx512bw_vec32_exact_perm,54-78-59-22-33-79-10-82-35-55-74-5-81-28-16-31-40-83-6-1-11-4-53-76-9-93-51-32-12-3-25-48-65-61-85-73-21-80-71-44-100-30-18-91-92-37-29-89-60-20-47-96-67-34-46-42-63-77-62-15-57-2-8-86-24-70-99-43-45-17-66-84-23-39-19-72-14-36-94-98-27-58-88-90-75-26-87-97-56-69-95-52-68-13-64-38-7-50-49-41
Ta100x20,1,4,400,0.85,0.1,6,2230106255,17000,6498,6286,5851,5.520196622,v2_avx512bw_vec32_exact_perm,54-22-78-79-3-74-1-83-65-33-10-82-81-16-55-31-30-59-40-48-91-21-56-61-11-35-5-12-67-89-53-99-25-32-76-51-9-39-93-70-86-2-97-50-80-37-4-90-62-85-100-73-38-23-44-20-88-96-60-71-36-24-46-43-94-98-63-28-6-58-29-34-18-45-26-15-57-47-8-95-92-14-42-66-72-77-13-75-7-69-84-19-17-64-27-49-87-68-52-41
Ta100x20,1,4,400,0.85,0.1,7,2230107264,17000,6488,6286,5851,4.885305131,v2_avx512bw_vec32_exact_perm,54-22-78-79-10-30-74-33-53-1-81-35-51-25-28-59-65-76-82-100-93-40-31-91-83-21-55-3-32-5-61-39-48-16-70-90-89-56-47-11-12-37-63-44-80-85-46-45-99-71-6-94-86-62-19-29-4-26-73-68-27-92-58-60-84-57-36-87-88-24-20-23-67-14-18-34-66-95-43-50-98-2-69-13-96-15-42-9-75-17-64-8-72-97-77-38-52-7-49-41
Ta100x20,1,4,400,0.85,0.1,8,2230108273,17000,6523,6286,5851,5.215810103,v2_avx512bw_vec32_exact_perm,54-22-78-47-79-10-35-55-33-40-65-3-82-21-93-9-83-25-12-5-48-45-100-59-80-74-31-66-4-51-1-60-99-81-32-53-6-76-89-85-43-91-61-39-28-30-67-71-29-11-44-94-20-70-16-57-92-18-37-62-27-96-58-86-2-24-46-15-72-87-34-19-14-84-56-98-90-97-42-88-68-8-26-75-13-17-23-95-7-73-52-38-77-63-69-64-50-36-49-41
Ta100x20,1,4,400,0.85,0.1,9,2230109282,17000,6555,6286,5851,5.884073643,v2_avx512bw_vec32_exact_perm,54-1-78-22-33-35-76-82-51-83-10-79-36-3-40-85-16-32-65-70-100-48-61-12-44-55-91-21-81-6-31-24-80-28-99-5-9-74-39-60-73-43-93-47-46-53-37-4-57-63-18-86-71-90-88-89-75-20-27-11-2-34-62-66-29-92-45-95-23-19-64-96-56-30-17-58-8-84-59-97-67-72-42-52-94-98-68-26-38-49-87-77-69-15-50-13-14-7-25-41
Ta100x20,1,4,400,0.85,0.1,10,2230110291,17000,6541,6286,5851,5.876066334,v2_avx512bw_vec32_exact_perm,54-78-59-22-33-10-3-16-74-25-1-79-35-55-65-99-81-56-91-9-21-82-83-31-39-89-61-53-76-77-40-24-48-47-18-88-5-51-44-2-80-60-12-58-28-93-67-70-32-100-50-11-23-4-94-30-43-98-84-85-46-29-62-37-63-71-45-6-66-72-8-20-92-19-57-15-49-14-34-96-87-64-36-68-86-73-27-75-17-95-26-97-90-69-42-38-13-7-52-41
Ta100x20,1,4,400,0.85,0.125,1,2230101210,17000,6482,6286,5851,4.800387952,v2_avx512bw_vec32_exact_perm,54-22-78-79-35-55-33-51-59-53-82-65-21-74-3-25-9-5-93-48-76-28-83-40-6-91-1-46-12-16-31-89-100-56-10-39-81-24-27-19-80-58-62-37-30-18-71-90-85-45-63-43-47-88-4-36-94-99-86-44-11-29-32-67-57-73-8-15-70-20-61-87-95-72-14-23-42-26-2-34-92-60-77-98-96-97-84-66-38-17-52-64-68-13-75-50-49-69-7-41
Ta100x20,1,4,400,0.85,0.125,2,2230102219,17000,6513,6286,5851,5.221879328,v2_avx512bw_vec32_exact_perm,54-22-78-79-10-33-65-83-81-35-82-16-55-3-1-59-80-100-90-21-25-40-70-12-11-28-24-56-9-61-74-93-76-6-44-89-18-5-99-86-63-47-62-45-51-32-43-31-48-57-14-60-30-39-46-91-34-4-15-20-2-53-94-23-71-67-17-8-95-29-26-73-96-27-58-68-37-92-52-42-19-72-85-87-75-88-36-84-98-69-77-97-49-64-38-66-50-13-7-41
Ta100x20,1,4,400,0.85,0.125,3,2230103228,17000,6559,6286,5851,5.249755722,v2_avx512bw_vec32_exact_perm,54-22-78-79-10-82-55-51-25-9-3-100-83-4-93-16-76-35-97-32-46-74-5-47-48-81-40-28-59-72-6-45-53-18-44-2-1-24-33-57-61-60-91-27-89-31-80-99-86-62-37-12-88-42-92-11-70-30-23-17-71-20-87-34-73-67-90-13-65-21-94-56-8-63-75-39-95-96-29-68-66-19-84-85-14-69-64-98-26-43-58-52-36-15-49-77-7-38-50-41
Ta100x20,1,4,400,0.85,0.125,4,2230104237,17000,6546,6286,5851,5.782804052,v2_avx512bw_vec32_exact_perm,22-54-78-79-28-55-40-51-59-25-83-9-10-82-65-31-48-21-24-18-35-80-39-47-74-12-61-88-4-76-81-16-1-11-19-62-32-85-5-33-94-100-60-99-53-86-89-46-2-56-43-30-20-3-67-91-70-37-98-23-6-27-44-92-41-57-36-69-63-75-42-58-17-8-96-29-34-45-90-66-93-95-71-14-15-87-84-77-97-73-38-26-72-52-68-64-50-13-7-49
Ta100x20,1,4,400,0.85,0.125,5,2230105246,17000,6500,6286,5851,6.032615494,v2_avx512bw_vec32_exact_perm,54-22-78-33-59-79-55-9-35-40-82-10-31-83-3-28-93-76-25-65-4-74-51-42-86-80-1-6-47-60-94-21-5-11-56-53-30-70-48-46-18-16-99-61-39-66-24-45-50-62-81-100-14-75-91-32-37-36-98-85-84-44-2-89-77-12-97-27-96-58-57-95-34-72-20-43-23-17-92-71-67-87-29-69-15-90-8-73-63-13-26-52-7-19-68-88-64-49-38-41
Ta100x20,1,4,400,0.85,0.125,6,2230106255,17000,6521,6286,5851,5.636775454,v2_avx512bw_vec32_exact_perm,54-22-78-33-59-25-35-65-3-16-83-74-100-99-76-79-10-40-5-47-51-31-6-82-21-55-50-80-81-4-1-9-88-61-94-67-39-32-11-28-89-24-56-37-43-19-30-62-70-71-93-53-60-12-86-46-85-44-29-73-57-14-98-26-90-18-23-20-92-75-66-63-91-58-48-77-8-15-95-36-87-34-97-2-27-96-68-17-45-84-49-64-72-42-13-7-52-69-38-41
Ta100x20,1,4,400,0.85,0.125,7,2230107264,17000,6495,6286,5851,5.49586088,v2_avx512bw_vec32_exact_perm,54-78-59-22-33-10-79-65-82-40-31-81-55-83-35-6-16-91-99-1-61-21-39-74-28-76-93-53-25-4-51-44-89-32-100-5-80-56-47-23-9-46-85-20-12-45-60-71-88-94-70-29-62-48-36-14-19-3-98-67-90-24-18-15-34-69-2-75-11-17-63-84-96-30-86-77-57-27-8-92-58-66-43-64-72-37-95-68-73-38-7-49-42-87-50-13-97-26-52-41
Ta100x20,1,4,400,0.85,0.125,8,2230108273,17000,6503,6286,5851,5.211305701,v2_avx512bw_vec32_exact_perm,79-54-82-22-10-33-35-1-55-83-81-47-78-21-5-9-25-11-76-59-16-100-23-99-28-74-39-6-60-4-85-45-32-27-80-93-44-94-51-61-89-40-3-65-18-73-48-91-62-24-56-53-30-2-67-86-31-70-71-57-92-20-12-58-43-96-37-34-29-46-77-90-15-95-75-72-8-88-14-36-98-19-17-64-87-97-68-84-26-49-42-63-7-13-66-38-52-50-69-41
Ta100x20,1,4,400,0.85,0.125,9,2230109282,17000,6503,6286,5851,5.184884807,v2_avx512bw_vec32_exact_perm,22-54-78-79-10-33-55-3-1-53-82-74-65-59-76-81-83-35-32-51-39-25-21-28-100-5-16-47-44-93-48-56-46-40-31-80-89-61-9-43-4-11-70-12-60-18-85-24-30-99-20-91-92-45-23-98-62-50-94-58-67-63-96-42-37-57-29-2-14-15-34-71-26-75-88-77-6-66-64-95-72-27-49-36-86-19-87-7-69-90-17-73-84-97-8-68-38-13-52-41
Ta100x20,1,4,400,0.85,0.125,10,2230110291,17000,6554,6286,5851,4.870604509,v2_avx512bw_vec32_exact_perm,22-54-55-78-79-35-31-82-81-5-83-16-70-59-56-40-89-39-3-74-93-4-76-63-51-61-21-11-33-10-32-99-30-14-9-45-28-60-48-91-50-62-100-18-85-37-44-80-66-65-96-67-24-46-71-57-53-6-12-20-58-2-47-94-72-23-86-43-88-27-98-36-25-7-95-13-97-8-1-26-75-90-34-92-69-15-19-77-29-73-84-68-42-87-38-17-52-64-49-41
Ta100x20,1,4,400,0.8875,0.025,1,2230101210,17000,6451,6286,5851,5.962065621,v2_avx512bw_vec32_exact_perm,54-78-59-22-33-79-10-25-35-82-9-31-74-40-81-12-28-5-3-16-48-21-65-6-83-76-91-55-56-80-39-32-51-61-1-11-37-27-30-4-94-70-47-45-89-44-18-71-62-53-85-24-93-60-100-29-57-67-20-46-63-2-77-58-73-96-17-26-86-23-97-99-43-98-88-15-19-14-36-72-95-92-42-66-41-38-75-8-90-84-69-34-87-68-52-64-50-13-7-49
Ta100x20,1,4,400,0.8875,0.025,2,2230102219,17000,6452,6286,5851,5.677095083,v2_avx512bw_vec32_exact_perm,54-22-78-79-3-10-33-35-74-65-76-83-59-51-4-82-28-21-81-16-31-30-80-93-18-91-61-55-1-40-71-6-53-48-47-11-5-9-60-25-89-62-56-73-39-32-100-85-46-12-20-29-2-45-94-99-34-44-27-24-23-37-70-67-19-43-87-42-88-98-14-58-17-15-96-36-57-95-66-90-72-26-75-63-8-92-84-52-97-38-77-68-86-69-13-7-64-50-49-41
Ta100x20,1,4,400,0.8875,0.025,3,2230103228,17000,6489,6286,5851,5.672875659,v2_avx512bw_vec32_exact_perm,22-54-55-78-81-33-51-16-82-79-10-87-35-76-91-83-1-59-3-28-9-53-47-93-61-40-21-60-74-100-65-80-89-5-31-18-44-30-32-62-85-70-25-92-45-99-86-71-37-39-84-48-46-23-67-43-63-20-6-94-12-58-75-27-64-24-2-29-56-50-14-4-36-15-96-98-57-68-11-26-42-90-73-88-8-72-69-19-97-34-17-66-95-7-13-49-77-38-52-41
Ta100x20,1,4,400,0.8875,0.025,4,2230104237,17000,6452,6286,5851,5.656532769,v2_avx512bw_vec32_exact_perm,54-59-22-33-100-78-21-28-76-81-79-1-83-55-16-82-6-35-3-40-93-43-74-91-9-25-99-10-53-61-48-65-12-86-31-18-89-44-51-32-39-5-45-56-37-62-46-80-34-30-70-4-11-71-60-85-2-68-63-67-24-23-27-96-29-47-20-50-94-58-14-72-64-75-42-15-92-8-19-17-57-87-73-88-98-95-26-66-77-36-49-84-69-97-90-13-7-38-52-41
Ta100x20,1,4,400,0.8875,0.025,5,2230105246,17000,6476,6286,5851,5.782916054,v2_avx512bw_vec32_exact_perm,54-22-78-79-35-10-55-33-83-81-16-31-21-82-39-1-59-12-74-3-53-76-11-51-48-5-28-65-37-85-18-71-44-89-80-23-61-100-25-4-60-9-45-30-70-56-62-40-46-94-24-6-73-67-98-20-57-93-32-2-91-15-47-19-96-27-58-43-14-68-99-29-49-17-64-86-77-75-92-95-36-72-8-63-66-42-88-87-26-13-97-34-84-7-50-69-90-38-52-41
Ta100x20,1,4,400,0.8875,0.025,6,2230106255,17000,6492,6286,5851,4.92571946,v2_avx512bw_vec32_exact_perm,54-22-47-78-79-10-65-35-33-32-51-16-1-83-21-40-82-12-61-53-74-80-25-6-3-55-93-89-44-99-85-100-5-60-9-45-31-81-91-28-59-30-11-48-4-76-70-62-37-94-50-39-96-86-29-56-46-73-67-58-2-18-57-24-36-20-23-17-63-15-42-8-27-98-88-90-14-75-72-19-66-84-26-71-92-87-97-69-64-34-95-43-13-7-49-77-38-52-68-41
Ta100x20,1,4,400,0.8875,0.025,7,2230107264,17000,6400,6286,5851,5.060317926,v2_avx512bw_vec32_exact_perm,54-22-78-79-10-33-83-35-61-51-76-93-32-4-40-80-65-81-12-41-82-6-3-31-100-11-74-21-48-25-53-56-1-59-99-94-30-39-85-55-5-16-37-44-23-28-20-70-71-62-91-96-60-46-86-18-73-47-57-24-67-89-90-63-34-92-14-29-2-43-58-42-88-15-17-72-45-26-8-98-50-75-95-36-66-84-19-49-69-87-97-68-9-38-52-77-13-7-64-27
Ta100x20,1,4,400,0.8875,0.025,8,2230108273,17000,6424,6286,5851,5.066128326,v2_avx512bw_vec32_exact_perm,54-22-78-79-35-55-33-81-56-76-65-10-25-40-6-3-59-51-28-31-82-1-21-48-74-83-9-5-12-80-93-46-71-90-29-42-85-89-39-4-32-30-73-100-91-44-37-53-62-61-99-94-11-88-16-18-86-60-57-24-47-63-70-50-96-67-2-23-34-58-20-84-43-19-64-17-92-45-72-8-15-95-14-98-36-27-69-75-66-87-68-97-26-49-77-7-13-38-52-41
Ta100x20,1,4,400,0.8875,0.025,9,2230109282,17000,6455,6286,5851,5.086490624,v2_avx512bw_vec32_exact_perm,22-54-78-55-33-59-65-21-79-28-3-82-74-76-9-1-83-48-35-10-100-12-40-99-16-5-91-18-11-25-60-81-62-61-71-47-94-80-53-51-31-89-24-67-6-70-85-45-30-88-32-63-93-90-86-29-39-37-44-4-27-2-46-23-20-34-56-57-96-64-43-72-14-75-17-8-58-66-73-15-19-68-92-87-84-97-42-13-98-26-77-7-95-69-52-36-50-38-49-41
Ta100x20,1,4,400,0.8875,0.025,10,2230110291,17000,6504,6286,5851,5.006404946,v2_avx512bw_vec32_exact_perm,54-22-47-78-35-55-33-81-16-83-5-3-74-79-12-40-82-100-21-6-31-60-10-51-99-1-65-76-28-48-71-70-53-93-56-9-88-61-30-29-89-80-85-44-11-4-59-32-67-20-94-46-62-18-39-50-24-43-91-96-37-86-23-73-26-2-90-58-27-98-34-17-45-15-63-38-77-87-64-19-13-8-14-66-97-57-95-75-68-52-92-7-49-42-69-72-84-36-25-41
Ta100x20,1,4,400,0.8875,0.05,1,2230101210,17000,6491,6286,5851,4.868156634,v2_avx512bw_vec32_exact_perm,54-78-59-22-33-81-25-16-82-39-10-35-74-93-100-1-40-31-79-53-65-38-61-21-80-44-28-3-91-9-37-76-5-99-6-89-56-18-86-51-32-55-94-12-47-48-85-30-11-62-60-43-46-92-29-84-70-58-66-4-27-24-57-45-20-96-87-23-83-71-36-67-15-14-73-8-90-17-98-19-2-34-26-63-75-42-95-72-52-13-77-97-68-88-64-50-69-7-49-41
Ta100x20,1,4,400,0.8875,0.05,2,2230102219,17000,6502,6286,5851,4.93242156,v2_avx512bw_vec32_exact_perm,78-22-54-33-81-83-1-55-10-79-61-35-74-76-31-21-93-82-25-30-40-3-32-18-59-16-39-65-91-89-56-5-28-37-80-9-100-48-85-86-45-62-60-6-44-12-11-67-57-46-51-63-99-4-47-71-94-70-53-14-75-17-29-34-66-96-24-2-42-20-72-58-43-84-23-27-36-26-95-87-19-98-88-92-64-15-50-13-7-49-8-73-90-69-52-68-97-38-77-41
Ta100x20,1,4,400,0.8875,0.05,3,2230103228,17000,6481,6286,5851,5.01180222,v2_avx512bw_vec32_exact_perm,79-82-22-54-10-1-33-57-81-35-83-21-78-39-16-93-51-53-76-91-30-47-80-59-65-32-4-40-55-9-100-74-31-89-48-12-11-25-44-45-43-3-14-37-61-85-99-56-70-71-62-19-24-94-28-15-46-20-5-18-29-92-60-58-75-27-23-2-67-86-90-88-42-66-6-96-8-73-26-87-34-95-17-72-63-36-97-84-77-52-68-69-98-38-64-50-13-7-49-41
Ta100x20,1,4,400,0.8875,0.05,4,2230104237,17000,6498,6286,5851,5.509228578,v2_avx512bw_vec32_exact_perm,54-22-78-79-33-59-55-16-5-81-28-65-10-6-40-25-3-93-9-82-53-1-35-83-39-91-74-51-18-32-21-48-61-80-76-100-12-45-24-71-62-63-99-30-4-44-37-89-85-11-47-70-88-60-19-94-31-86-56-27-46-20-23-29-73-96-98-2-58-36-95-43-17-67-15-26-14-42-57-34-87-77-75-64-72-38-92-8-49-84-52-68-69-97-90-66-50-13-7-41
Ta100x20,1,4,400,0.8875,0.05,5,2230105246,17000,6505,6286,5851,5.223949097,v2_avx512bw_vec32_exact_perm,54-22-78-47-79-31-81-33-10-60-28-1-65-32-25-83-5-74-80-82-93-21-48-9-55-35-76-6-100-57-61-40-11-44-59-89-85-62-53-30-51-20-37-23-45-3-94-4-39-70-56-71-86-92-67-12-88-15-43-91-96-16-68-72-75-14-99-27-24-29-42-46-87-97-58-17-34-95-19-36-2-73-8-13-98-26-50-63-18-7-49-66-64-77-69-90-84-38-52-41
Ta100x20,1,4,400,0.8875,0.05,6,2230106255,17000,6503,6286,5851,4.89505599,v2_avx512bw_vec32_exact_perm,54-22-78-33-59-79-3-74-35-83-51-10-21-93-82-37-31-4-16-5-6-67-91-99-40-12-32-56-81-46-25-39-89-1-48-61-71-80-24-94-18-65-44-9-47-62-70-42-60-50-53-88-85-30-100-45-11-76-28-96-20-55-98-27-23-92-2-29-64-86-36-17-95-57-14-75-26-19-34-63-43-73-58-66-87-38-8-72-68-69-15-77-97-49-90-13-7-84-52-41
Ta100x20,1,4,400,0.8875,0.05,7,2230107264,17000,6501,6286,5851,5.203833986,v2_avx512bw_vec32_exact_perm,54-22-78-79-10-33-83-35-51-9-31-82-55-1-28-59-4-67-99-12-48-21-5-40-85-25-11-89-92-61-65-56-16-46-74-53-2-93-80-29-71-14-3-44-60-6-24-39-76-100-18-86-81-32-73-42-70-91-37-96-17-20-47-15-94-30-43-66-45-23-62-88-58-19-27-72-26-57-84-64-63-98-95-87-50-69-8-36-49-13-77-34-75-7-97-68-90-38-52-41
Ta100x20,1,4,400,0.8875,0.05,8,2230108273,17000,6474,6286,5851,5.120712771,v2_avx512bw_vec32_exact_perm,54-22-78-79-10-33-83-35-81-55-6-4-51-76-82-21-3-40-74-12-5-28-59-99-93-61-60-53-65-91-30-94-100-16-1-85-18-25-80-44-37-89-47-32-39-11-70-27-48-20-75-31-62-46-9-43-50-24-29-2-56-23-58-96-86-67-95-63-72-8-45-71-92-64-87-57-66-68-15-19-88-73-17-97-14-98-36-84-77-69-38-34-90-52-26-42-49-13-7-41
Ta100x20,1,4,400,0.8875,0.05,9,2230109282,17000,6457,6286,5851,5.189617537,v2_avx512bw_vec32_exact_perm,22-54-78-79-10-33-83-35-55-40-82-65-21-12-3-25-1-28-59-51-6-9-99-61-5-31-81-56-16-62-32-30-91-76-46-85-89-74-11-100-94-80-39-50-29-48-23-27-53-93-19-18-20-88-37-4-70-34-2-24-47-96-44-60-45-86-14-75-67-17-38-66-36-95-26-43-71-72-42-98-87-63-15-92-57-58-84-7-77-49-64-13-68-73-8-97-69-90-52-41
Ta100x20,1,4,400,0.8875,0.05,10,2230110291,17000,6487,6286,5851,4.955433465,v2_avx512bw_vec32_exact_perm,22-79-54-25-35-59-31-83-78-21-55-51-1-82-32-74-80-3-65-4-12-60-48-81-39-91-46-10-33-53-93-9-100-56-76-5-77-61-16-86-99-96-11-40-94-37-30-20-23-28-70-62-45-44-18-15-67-24-89-34-2-95-85-19-6-71-57-47-29-88-14-8-43-72-73-17-97-92-90-58-36-75-63-66-42-26-98-87-84-68-52-64-38-27-69-50-13-7-49-41
Ta100x20,1,4,400,0.8875,0.075,1,2230101210,17000,6473,6286,5851,5.508698613,v2_avx512bw_vec32_exact_perm,54-22-78-79-33-10-35-55-40-82-85-65-3-25-48-9-21-81-6-61-39-74-16-5-28-47-83-89-4-12-11-70-76-60-99-94-62-93-53-51-31-56-100-86-46-1-30-18-44-37-71-59-80-73-14-2-29-17-90-20-91-24-27-66-45-96-32-57-26-23-19-67-75-92-98-43-58-15-63-84-34-72-95-8-77-38-97-87-36-88-52-68-42-69-64-50-13-7-49-41
Ta100x20,1,4,400,0.8875,0.075,2,2230102219,17000,6514,6286,5851,5.181618612,v2_avx512bw_vec32_exact_perm,79-22-54-33-82-81-10-31-35-78-83-74-65-21-51-76-3-100-55-40-6-93-48-12-16-4-56-80-30-61-11-32-39-89-29-28-59-9-60-23-85-91-46-63-25-86-47-18-75-5-24-94-67-70-45-20-37-53-1-62-57-14-34-19-44-2-99-15-92-72-27-36-71-43-88-50-26-42-17-77-87-69-38-64-66-96-58-52-73-90-7-95-68-97-98-84-8-49-13-41
Ta100x20,1,4,400,0.8875,0.075,3,2230103228,17000,6528,6286,5851,5.271387617,v2_avx512bw_vec32_exact_perm,22-54-78-33-59-21-74-79-10-25-51-100-35-83-82-40-70-12-1-56-89-6-99-3-53-55-81-76-31-61-16-71-48-60-93-5-44-80-57-46-62-86-19-47-45-4-85-63-2-39-37-67-29-94-92-30-11-9-32-65-77-91-36-15-24-27-98-73-90-66-20-18-43-14-26-75-96-23-28-58-8-87-95-69-13-97-42-88-84-17-72-7-52-68-34-38-64-50-49-41
Ta100x20,1,4,400,0.8875,0.075,4,2230104237,17000,6487,6286,5851,4.993853198,v2_avx512bw_vec32_exact_perm,54-22-78-47-33-79-10-3-40-82-83-74-6-55-30-80-89-81-5-25-4-9-21-86-56-51-59-65-76-35-61-12-46-85-32-53-1-11-16-93-31-29-100-48-60-44-18-73-37-91-75-24-17-94-28-96-62-70-67-20-23-27-99-71-45-39-92-2-58-64-8-57-66-19-34-84-98-90-14-43-77-15-72-88-68-87-63-69-95-36-97-26-52-38-42-49-13-7-50-41
Ta100x20,1,4,400,0.8875,0.075,5,2230105246,17000,6511,6286,5851,5.450073298,v2_avx512bw_vec32_exact_perm,54-22-78-79-10-33-100-82-16-31-81-35-51-59-62-48-5-76-40-70-61-93-21-6-28-56-11-83-4-1-74-12-94-53-43-3-30-55-9-47-60-63-71-44-89-57-32-80-65-86-67-17-18-25-91-58-27-37-39-96-75-15-92-45-77-23-29-24-85-2-26-42-46-8-97-88-36-20-72-98-19-87-73-95-14-64-66-38-90-99-52-68-34-84-50-49-69-13-7-41
Ta100x20,1,4,400,0.8875,0.075,6,2230106255,17000,6499,6286,5851,5.202807444,v2_avx512bw_vec32_exact_perm,54-22-78-79-35-55-33-82-83-76-74-3-60-81-59-32-5-30-48-80-40-93-21-25-12-45-10-51-94-31-18-99-16-24-4-89-61-39-85-1-56-11-53-70-62-100-86-92-28-58-6-65-67-71-43-9-91-46-63-57-29-27-47-14-37-77-23-26-44-20-42-87-72-17-66-73-96-15-34-19-2-36-75-90-88-97-98-8-84-95-68-13-7-69-52-64-50-38-49-41
Ta100x20,1,4,400,0.8875,0.075,7,2230107264,17000,6499,6286,5851,5.231756384,v2_avx512bw_vec32_exact_perm,54-22-78-33-79-35-10-31-51-81-76-3-83-82-53-59-1-65-25-21-74-47-4-56-89-93-48-30-40-55-6-12-32-61-28-9-99-86-44-70-11-80-16-88-100-18-71-2-39-34-45-60-24-62-37-77-94-67-5-85-57-63-23-90-66-20-14-91-96-42-46-29-15-26-43-73-17-19-8-75-92-72-58-36-98-95-84-52-27-87-97-68-69-13-7-64-50-38-49-41
Ta100x20,1,4,400,0.8875,0.075,8,2230108273,17000,6474,6286,5851,5.428280432,v2_avx512bw_vec32_exact_perm,54-22-78-79-51-33-81-77-10-31-82-16-74-3-39-48-65-59-83-21-35-76-70-32-5-85-12-89-25-9-61-99-17-80-93-53-60-91-100-37-1-40-18-44-46-86-45-55-28-11-98-6-62-38-4-8-63-92-67-30-71-24-56-15-29-2-47-73-23-20-94-58-14-27-96-19-72-95-36-57-34-97-90-84-88-69-26-66-75-87-68-52-43-42-13-7-64-50-49-41
Ta100x20,1,4,400,0.8875,0.075,9,2230109282,17000,6469,6286,5851,5.591506367,v2_avx512bw_vec32_exact_perm,54-22-78-33-59-79-35-31-40-12-83-55-82-9-81-39-28-10-76-4-21-30-74-99-45-25-61-48-89-86-65-6-3-11-56-5-1-53-85-47-18-44-80-37-60-94-70-27-51-46-16-93-32-77-71-58-62-67-24-57-15-92-29-42-23-20-100-14-2-17-88-36-73-75-26-43-90-98-63-95-34-72-91-19-66-84-96-87-97-69-8-38-52-68-64-50-13-7-49-41
Ta100x20,1,4,400,0.8875,0.075,10,2230110291,17000,6480,6286,5851,5.347426936,v2_avx512bw_vec32_exact_perm,54-22-78-79-47-33-51-10-82-40-16-35-3-21-9-55-48-25-74-5-76-99-83-59-65-53-96-100-1-45-30-81-89-6-31-85-44-63-39-37-57-34-61-80-56-32-58-14-91-50-29-62-86-70-11-12-28-93-60-4-90-20-84-18-24-94-23-67-66-46-71-95-36-2-98-92-19-15-75-72-8-77-88-73-43-17-42-26-97-13-87-52-38-68-64-27-69-7-49-41
Ta100x20,1,4,400,0.8875,0.1,1,2230101210,17000,6469,6286,5851,5.196533849,v2_avx512bw_vec32_exact_perm,54-22-78-79-35-10-33-83-16-5-55-32-82-6-21-28-74-59-31-51-81-3-56-40-11-12-1-70-30-62-37-61-44-80-60-91-99-18-48-39-100-76-45-93-24-53-94-71-14-25-96-86-67-89-47-57-43-4-46-17-58-72-65-63-34-75-23-95-85-36-77-9-27-20-2-15-92-29-97-88-42-73-26-8-98-90-84-87-69-38-66-19-52-68-64-50-13-7-49-41
Ta100x20,1,4,400,0.8875,0.1,2,2230102219,17000,6557,6286,5851,5.153193519,v2_avx512bw_vec32_exact_perm,22-54-79-35-83-55-33-51-78-25-16-3-82-89-91-10-85-21-65-48-40-12-53-6-71-64-59-74-100-93-5-9-76-66-70-39-56-80-31-72-61-99-11-37-62-29-30-81-1-86-60-32-28-20-44-46-47-94-92-42-18-15-2-4-24-45-19-17-73-96-67-8-75-14-58-77-38-63-23-84-43-57-26-95-98-27-68-34-87-36-88-7-13-49-97-50-69-90-52-41
Ta100x20,1,4,400,0.8875,0.1,3,2230103228,17000,6485,6286,5851,5.216095885,v2_avx512bw_vec32_exact_perm,54-22-78-79-35-55-65-3-33-28-74-25-91-40-59-81-51-53-10-16-93-82-1-21-9-4-89-62-43-61-39-75-32-6-50-83-80-27-5-31-86-18-11-12-30-46-99-47-76-48-85-60-45-44-37-29-94-77-2-100-58-56-67-19-66-88-24-70-23-71-36-20-14-92-15-17-72-63-96-73-8-97-26-7-95-57-42-34-87-13-68-84-98-49-69-38-64-90-52-41
Ta100x20,1,4,400,0.8875,0.1,4,2230104237,17000,6490,6286,5851,5.209575652,v2_avx512bw_vec32_exact_perm,54-22-78-79-33-10-35-55-40-59-83-82-81-4-76-28-93-25-16-30-74-1-3-43-32-11-9-21-48-51-12-6-60-100-37-45-5-94-31-71-80-47-23-99-70-67-88-91-46-61-19-29-53-89-50-65-85-26-58-39-56-57-18-86-2-62-27-64-44-14-72-75-17-24-69-20-68-15-77-97-96-66-34-42-87-8-63-90-38-98-73-36-92-13-84-52-95-7-49-41
Ta100x20,1,4,400,0.8875,0.1,5,2230105246,17000,6505,6286,5851,4.968442357,v2_avx512bw_vec32_exact_perm,54-22-78-79-35-55-51-33-83-53-25-47-32-10-65-1-21-59-44-3-76-48-74-30-70-58-61-28-40-12-82-80-39-93-63-4-5-99-81-85-67-91-16-6-13-62-56-9-100-94-31-86-23-46-29-45-20-77-60-37-18-11-90-15-19-71-24-43-34-14-89-88-2-36-57-27-96-17-8-73-26-97-75-68-64-49-92-42-66-72-84-98-95-87-7-50-69-52-38-41
Ta100x20,1,4,400,0.8875,0.1,6,2230106255,17000,6500,6286,5851,5.222776026,v2_avx512bw_vec32_exact_perm,22-54-78-33-59-79-31-10-82-51-35-76-6-100-25-55-65-2-48-12-40-1-81-47-28-16-30-93-39-74-5-3-21-37-96-60-91-85-44-9-53-71-18-61-50-83-62-89-4-32-67-99-8-73-42-94-24-80-46-27-29-86-11-57-70-75-14-56-69-58-19-45-20-23-17-34-90-26-63-84-64-88-38-98-36-49-72-92-43-15-13-77-97-87-7-95-68-66-52-41
Ta100x20,1,4,400,0.8875,0.1,7,2230107264,17000,6485,6286,5851,5.101737866,v2_avx512bw_vec32_exact_perm,54-22-78-33-59-10-82-16-14-31-81-3-25-51-56-79-35-21-76-1-40-89-18-30-55-26-100-32-85-39-53-74-48-83-61-91-86-70-38-9-5-45-99-27-20-12-28-11-80-4-93-47-46-29-44-2-94-62-37-73-60-24-63-13-65-90-58-43-96-57-67-71-23-6-88-15-34-36-87-75-77-66-42-92-17-84-97-95-19-52-69-64-68-98-72-8-50-7-49-41
Ta100x20,1,4,400,0.8875,0.1,8,2230108273,17000,6518,6286,5851,5.222645105,v2_avx512bw_vec32_exact_perm,22-54-47-78-28-25-59-65-53-82-1-33-79-21-51-35-83-74-76-3-48-12-10-11-4-39-81-31-40-55-85-2-60-70-86-93-56-16-62-20-91-100-61-5-99-32-80-44-46-37-94-75-30-43-18-89-36-34-45-71-6-24-57-88-63-92-67-97-90-96-19-8-26-15-14-69-58-50-23-95-29-42-17-9-72-98-27-49-87-77-66-64-13-7-84-73-68-38-52-41
Ta100x20,1,4,400,0.8875,0.1,9,2230109282,17000,6508,6286,5851,5.128872389,v2_avx512bw_vec32_exact_perm,54-22-78-79-10-33-83-74-35-81-55-93-4-65-89-100-1-40-6-53-21-61-67-76-32-3-59-11-31-51-80-46-44-28-16-60-5-18-27-20-91-82-86-92-12-29-23-25-9-62-50-39-58-47-48-57-70-45-85-94-56-37-15-43-14-72-87-73-99-95-71-36-63-96-24-17-64-2-30-34-8-42-26-88-69-19-66-90-98-49-84-68-75-97-77-13-7-38-52-41
Ta100x20,1,4,400,0.8875,0.1,10,2230110291,17000,6508,6286,5851,5.192283577,v2_avx512bw_vec32_exact_perm,54-22-78-33-59-83-35-31-82-16-81-61-25-65-3-21-74-100-60-4-5-40-10-93-28-80-76-55-1-46-91-94-44-51-89-85-99-62-18-43-39-79-32-9-71-86-6-12-37-58-24-48-53-63-30-50-47-45-17-23-67-70-11-73-20-90-88-29-56-14-96-92-75-2-98-84-95-36-68-15-57-69-64-8-49-34-87-42-26-97-19-72-27-66-38-77-13-7-52-41
Ta100x20,1,4,400,0.8875,0.125,1,2230101210,17000,6503,6286,5851,5.044138649,v2_avx512bw_vec32_exact_perm,78-22-54-33-59-79-10-65-28-47-76-91-83-35-74-51-16-31-6-9-21-82-4-42-3-18-86-46-61-40-84-55-75-12-11-39-60-1-32-56-5-37-48-45-100-25-44-2-67-89-80-85-30-70-53-81-77-34-99-93-88-29-43-71-94-23-62-17-26-19-24-14-73-27-96-72-58-20-66-68-15-50-92-64-87-57-98-36-8-95-69-63-97-90-7-13-38-49-52-41
Ta100x20,1,4,400,0.8875,0.125,2,2230102219,17000,6544,6286,5851,5.299565121,v2_avx512bw_vec32_exact_perm,54-22-78-79-10-33-74-81-25-100-44-35-9-53-3-51-31-59-46-55-30-32-83-39-5-16-82-40-93-76-1-48-91-67-4-70-65-57-89-62-85-21-61-90-2-80-43-94-60-47-18-24-37-12-29-6-63-45-38-99-34-28-86-11-98-14-87-42-26-19-71-8-73-17-66-95-96-36-27-23-97-13-92-20-72-75-64-50-15-84-58-56-68-49-69-88-77-7-52-41
Ta100x20,1,4,400,0.8875,0.125,3,2230103228,17000,6571,6286,5851,5.08502412,v2_avx512bw_vec32_exact_perm,22-79-54-82-59-55-1-81-10-76-33-40-65-5-90-18-35-83-16-47-62-3-21-30-4-80-91-85-100-93-28-74-53-37-71-6-32-70-12-9-48-11-60-94-45-24-61-67-99-20-44-31-96-27-57-2-89-39-34-88-51-14-43-23-73-98-29-15-56-25-58-72-19-8-63-69-87-84-36-26-75-95-50-66-86-46-17-77-97-42-38-52-92-7-13-49-68-64-78-41
Ta100x20,1,4,400,0.8875,0.125,4,2230104237,17000,6581,6286,5851,5.203641236,v2_avx512bw_vec32_exact_perm,22-54-78-82-10-32-79-31-81-35-55-16-74-33-3-83-51-21-59-65-76-100-12-5-25-28-11-40-89-97-2-99-37-50-6-80-44-8-1-9-53-48-20-45-46-17-61-4-39-56-18-88-24-96-60-93-71-30-63-57-43-19-70-62-29-23-58-94-27-87-26-85-73-15-36-91-98-47-72-90-68-67-95-75-84-92-14-86-42-13-7-38-34-69-49-77-52-64-66-41
Ta100x20,1,4,400,0.8875,0.125,5,2230105246,17000,6541,6286,5851,4.944914054,v2_avx512bw_vec32_exact_perm,54-22-78-79-47-33-82-55-83-35-1-10-16-100-31-51-99-80-81-25-21-59-12-65-6-3-56-9-48-40-4-44-76-11-60-28-70-5-53-39-74-18-85-30-89-61-37-62-91-32-14-94-45-24-36-98-26-96-50-29-2-27-75-46-87-57-58-86-69-63-73-64-97-43-67-71-23-15-20-93-92-17-77-19-34-8-95-72-68-66-88-90-49-42-13-7-38-84-52-41
Ta100x20,1,4,400,0.8875,0.125,6,2230106255,17000,6549,6286,5851,5.523301475,v2_avx512bw_vec32_exact_perm,22-54-78-59-4-74-33-25-35-82-83-55-65-16-85-3-10-1-79-40-12-56-9-5-60-93-47-80-81-94-100-77-21-30-76-31-91-18-61-99-11-48-2-32-24-44-51-46-73-89-88-50-98-28-53-14-39-84-45-6-62-71-26-29-70-57-86-63-17-23-20-69-90-37-36-58-15-19-27-66-34-96-67-92-75-8-43-87-64-95-68-49-42-13-7-72-52-38-97-41
Ta100x20,1,4,400,0.8875,0.125,7,2230107264,17000,6545,6286,5851,5.375209197,v2_avx512bw_vec32_exact_perm,22-54-78-81-33-59-16-79-10-65-48-93-1-21-83-60-32-4-46-12-30-11-100-76-40-9-61-91-31-74-55-89-62-5-45-18-86-28-3-80-24-57-44-82-6-85-56-71-25-29-35-39-63-53-98-94-88-66-20-70-47-96-72-26-68-77-67-75-27-99-15-14-51-19-37-95-2-73-23-34-17-90-8-13-92-43-64-97-42-7-49-87-38-58-84-52-50-69-36-41
Ta100x20,1,4,400,0.8875,0.125,8,2230108273,17000,6511,6286,5851,5.376202679,v2_avx512bw_vec32_exact_perm,54-78-22-47-33-79-35-83-76-10-40-82-3-74-99-1-60-6-50-12-81-62-93-25-16-21-31-5-53-59-9-39-65-28-70-71-37-30-32-86-56-4-23-45-29-100-91-67-48-20-90-55-2-80-24-34-85-44-89-18-88-98-36-43-46-11-57-61-17-15-72-97-14-75-51-94-26-68-63-77-92-42-96-8-69-58-73-27-87-84-66-19-95-7-13-64-52-49-38-41
Ta100x20,1,4,400,0.8875,0.125,9,2230109282,17000,6518,6286,5851,5.246421751,v2_avx512bw_vec32_exact_perm,22-54-78-59-55-33-65-82-10-74-79-32-4-28-81-80-93-1-5-12-83-16-6-47-48-61-60-3-76-39-94-25-51-53-21-100-91-29-2-31-20-89-40-62-45-18-30-67-71-85-99-24-63-44-37-46-43-56-96-66-35-11-57-88-23-86-97-38-19-26-15-92-8-42-14-98-17-9-27-70-58-36-77-87-95-69-72-13-34-90-84-75-68-64-52-73-7-50-49-41
Ta100x20,1,4,400,0.8875,0.125,10,2230110291,17000,6539,6286,5851,5.263022906,v2_avx512bw_vec32_exact_perm,54-22-79-89-82-31-35-76-78-83-51-28-9-32-81-53-25-40-55-21-59-74-65-1-4-30-6-48-100-18-16-91-11-12-10-62-86-68-5-99-45-71-27-70-3-44-47-37-80-24-60-96-58-73-90-57-94-93-34-39-56-2-88-98-42-61-33-67-14-19-46-85-66-92-95-36-75-29-84-77-87-23-20-43-69-64-38-15-8-97-17-72-7-50-13-49-63-52-26-41
Ta100x20,1,4,400,0.925,0.025,1,2230101210,17000,6499,6286,5851,5.670650337,v2_avx512bw_vec32_exact_perm,54-22-78-33-59-79-55-10-65-3-48-40-4-9-83-21-82-28-62-6-61-91-25-5-16-99-1-12-53-81-30-76-18-74-32-89-47-80-93-100-51-71-94-35-44-31-14-37-60-11-56-85-70-57-63-86-46-45-43-29-2-24-27-90-67-92-64-98-20-96-19-15-77-23-68-95-58-72-97-88-34-39-66-50-84-87-8-75-69-36-17-73-38-26-52-42-49-13-7-41
Ta100x20,1,4,400,0.925,0.025,2,2230102219,17000,6483,6286,5851,5.956442714,v2_avx512bw_vec32_exact_perm,54-22-78-33-59-25-35-82-83-100-55-74-3-1-21-9-76-28-53-6-40-47-5-81-32-16-10-51-89-80-79-65-12-71-85-61-11-31-37-91-30-48-4-93-44-70-66-67-88-63-94-39-56-45-2-98-99-18-60-14-23-90-62-15-96-27-58-57-73-46-17-26-29-34-42-24-20-84-72-95-92-19-87-97-68-86-69-7-77-75-43-13-64-8-38-52-50-36-49-41
Ta100x20,1,4,400,0.925,0.025,3,2230103228,17000,6499,6286,5851,5.748945546,v2_avx512bw_vec32_exact_perm,54-22-78-79-10-33-28-59-21-82-16-65-76-1-83-74-6-3-32-61-25-35-99-12-51-100-53-48-80-93-11-63-5-47-40-9-81-89-30-56-62-24-55-86-18-91-43-60-44-94-70-85-31-39-46-2-23-45-57-73-20-4-27-72-36-37-26-88-98-71-96-58-17-67-97-75-29-34-90-42-95-92-15-87-14-68-66-69-19-8-84-52-77-13-7-64-50-38-49-41
Ta100x20,1,4,400,0.925,0.025,4,2230104237,17000,6498,6286,5851,6.052263122,v2_avx512bw_vec32_exact_perm,54-22-47-78-10-33-48-83-4-81-61-16-40-79-21-6-32-55-35-74-82-9-56-25-70-76-57-28-44-93-59-39-24-12-80-3-53-18-31-51-89-86-67-91-99-63-65-11-19-1-60-62-5-29-85-46-84-71-73-37-30-100-17-23-94-66-90-64-8-14-2-98-34-45-92-20-88-77-96-42-58-72-95-43-15-26-68-97-75-87-38-27-69-52-36-13-50-7-49-41
Ta100x20,1,4,400,0.925,0.025,5,2230105246,17000,6460,6286,5851,6.369372564,v2_avx512bw_vec32_exact_perm,54-22-79-35-55-33-81-10-40-53-1-76-99-59-51-65-31-25-100-91-48-21-3-82-93-80-9-89-61-6-32-12-16-28-67-86-4-74-18-71-44-85-39-83-37-92-5-62-23-96-20-30-75-45-56-90-60-47-46-70-73-24-43-27-58-78-57-94-97-14-2-11-66-29-19-34-36-95-8-63-84-77-38-17-98-64-72-68-87-88-26-52-42-69-15-50-13-7-49-41
Ta100x20,1,4,400,0.925,0.025,6,2230106255,17000,6479,6286,5851,6.333880497,v2_avx512bw_vec32_exact_perm,54-22-78-33-81-25-35-9-10-100-55-93-82-79-3-51-40-76-6-21-1-28-32-65-59-16-31-71-83-70-48-37-53-44-39-18-12-94-20-52-80-5-62-11-74-29-30-73-85-60-46-47-56-4-89-96-67-99-15-57-61-77-86-23-92-14-91-97-63-2-36-34-75-27-17-58-24-45-90-66-19-95-8-72-68-88-98-84-26-42-38-43-69-87-64-50-13-7-49-41
Ta100x20,1,4,400,0.925,0.025,7,2230107264,17000,6487,6286,5851,5.854773052,v2_avx512bw_vec32_exact_perm,54-22-78-33-81-10-1-60-76-5-65-59-51-79-35-55-74-4-31-40-32-93-80-100-83-82-21-48-28-12-56-30-6-37-46-16-9-20-91-44-98-3-53-11-61-45-39-25-18-89-85-94-86-14-71-2-62-23-70-67-17-15-34-77-19-47-99-63-24-43-57-36-88-66-26-72-96-29-8-87-73-75-95-27-68-92-97-58-84-69-90-52-42-13-7-64-50-49-38-41
Ta100x20,1,4,400,0.925,0.025,8,2230108273,17000,6470,6286,5851,5.52206692,v2_avx512bw_vec32_exact_perm,54-22-78-79-10-33-83-82-35-81-76-93-3-31-51-91-59-48-1-28-74-65-32-21-40-18-61-53-86-25-5-6-71-16-46-12-62-70-39-99-80-60-30-100-55-37-11-44-45-88-89-56-96-85-4-24-29-58-27-67-94-73-47-17-90-98-9-15-72-20-14-2-36-34-23-43-95-92-19-75-42-8-57-26-66-87-52-38-63-84-68-77-69-97-13-7-64-50-49-41
Ta100x20,1,4,400,0.925,0.025,9,2230109282,17000,6496,6286,5851,6.01409728,v2_avx512bw_vec32_exact_perm,54-22-78-79-10-33-28-81-1-31-16-93-3-82-83-61-65-76-21-32-51-9-25-39-100-43-74-4-11-48-30-55-40-2-35-37-80-86-59-12-6-5-53-60-71-67-23-99-24-20-91-18-98-70-56-94-44-89-57-62-45-85-46-19-66-63-50-95-8-90-36-29-58-14-27-88-92-7-47-72-75-96-73-38-17-97-49-26-34-69-84-87-42-77-15-13-68-64-52-41
Ta100x20,1,4,400,0.925,0.025,10,2230110291,17000,6522,6286,5851,6.019533893,v2_avx512bw_vec32_exact_perm,54-22-78-33-59-79-10-31-35-82-83-74-12-6-76-60-1-3-65-81-25-100-53-85-89-19-55-28-93-47-40-4-44-21-9-51-80-5-39-61-91-88-11-16-27-70-32-62-48-56-18-37-67-30-71-99-94-86-2-63-17-45-20-77-87-43-46-23-57-29-24-15-14-92-68-8-42-96-26-90-73-69-98-66-75-58-36-84-34-95-72-52-50-13-64-38-97-7-49-41
Ta100x20,1,4,400,0.925,0.05,1,2230101210,17000,6539,6286,5851,5.581791066,v2_avx512bw_vec32_exact_perm,54-22-78-79-10-25-65-33-82-40-35-74-93-55-9-31-59-91-89-12-61-83-5-16-44-53-47-80-32-60-81-21-51-28-50-99-86-56-70-94-3-62-11-6-4-76-63-67-57-85-23-34-100-29-18-24-48-46-17-45-73-39-19-37-98-1-8-2-36-92-20-96-30-72-58-42-90-88-69-26-15-97-27-66-14-87-84-75-95-68-43-71-13-7-49-64-38-77-52-41
Ta100x20,1,4,400,0.925,0.05,2,2230102219,17000,6497,6286,5851,5.392120221,v2_avx512bw_vec32_exact_perm,22-54-78-59-55-33-81-40-25-35-74-1-16-5-83-21-65-91-28-51-10-6-82-11-61-31-50-12-79-99-85-93-80-3-86-47-76-53-48-60-9-89-56-94-30-4-67-71-20-70-18-37-23-39-24-19-96-73-27-32-58-44-100-62-43-66-45-46-88-29-2-34-26-87-98-36-57-14-64-63-15-17-95-68-49-92-72-8-42-75-38-84-69-77-97-90-13-7-52-41
Ta100x20,1,4,400,0.925,0.05,3,2230103228,17000,6541,6286,5851,5.593636761,v2_avx512bw_vec32_exact_perm,54-22-78-33-59-35-25-31-51-83-82-5-74-3-48-9-76-1-6-16-99-100-94-21-28-89-62-39-93-91-46-40-10-55-47-30-37-44-79-61-53-24-32-85-23-45-60-11-50-80-81-73-65-12-18-71-4-20-70-43-58-86-67-90-2-88-36-14-29-75-15-56-92-96-8-72-27-26-17-57-95-63-49-98-87-66-34-97-84-69-77-19-7-64-68-13-52-42-38-41
Ta100x20,1,4,400,0.925,0.05,4,2230104237,17000,6463,6286,5851,5.102389136,v2_avx512bw_vec32_exact_perm,22-54-78-55-33-65-59-79-10-35-76-83-82-93-40-89-32-1-56-80-61-21-28-25-4-12-47-30-3-53-100-9-81-5-99-85-16-45-74-18-44-60-94-31-11-48-51-27-6-86-39-46-91-19-20-37-2-70-62-29-63-73-24-67-90-23-71-15-14-92-96-36-57-72-88-84-17-98-66-77-75-8-58-43-97-95-87-68-26-34-52-42-69-38-64-50-13-7-49-41
Ta100x20,1,4,400,0.925,0.05,5,2230105246,17000,6500,6286,5851,6.041809039,v2_avx512bw_vec32_exact_perm,22-54-78-59-55-33-79-28-35-10-83-76-4-65-21-82-6-40-51-32-93-39-16-12-53-25-31-74-48-70-5-11-1-80-71-3-50-81-56-62-30-9-99-60-36-61-43-91-18-85-89-46-23-94-44-24-57-96-37-45-20-29-26-42-27-86-2-67-87-92-73-15-47-100-8-63-14-72-17-58-98-88-90-34-75-69-68-95-7-49-19-66-13-84-97-77-38-64-52-41
Ta100x20,1,4,400,0.925,0.05,6,2230106255,17000,6486,6286,5851,5.466162178,v2_avx512bw_vec32_exact_perm,54-22-78-79-47-33-10-74-65-25-82-35-31-100-40-55-3-12-83-5-99-48-39-81-16-1-61-89-59-11-91-76-80-30-53-85-21-45-51-56-32-6-93-37-4-44-67-43-2-28-63-71-29-62-86-46-70-96-60-57-23-9-24-27-94-38-14-92-36-75-18-42-66-58-84-20-90-19-77-72-34-17-69-15-68-73-88-98-97-87-8-64-50-13-26-52-95-7-49-41
Ta100x20,1,4,400,0.925,0.05,7,2230107264,17000,6541,6286,5851,5.512215852,v2_avx512bw_vec32_exact_perm,22-54-78-33-79-59-55-82-35-16-93-40-10-83-9-64-4-91-25-81-65-12-28-21-30-99-61-80-47-11-48-73-1-3-32-60-76-51-74-2-67-53-6-71-66-62-100-94-85-39-5-56-89-36-46-20-86-98-70-31-18-15-57-87-24-29-44-88-8-14-19-37-49-96-95-23-17-45-72-42-26-97-27-43-92-84-58-34-77-63-90-75-13-68-52-69-7-50-38-41
Ta100x20,1,4,400,0.925,0.05,8,2230108273,17000,6500,6286,5851,5.899113443,v2_avx512bw_vec32_exact_perm,54-22-78-79-35-55-33-9-59-82-3-74-83-62-51-5-65-12-28-21-10-56-16-40-91-81-80-61-24-70-46-47-1-89-39-31-99-37-44-6-53-45-85-25-48-18-86-60-11-77-32-100-67-34-76-90-98-63-20-96-27-43-93-4-50-95-23-15-29-2-17-30-57-58-72-94-75-36-14-19-73-8-69-26-88-71-84-92-66-64-87-97-68-38-52-42-49-13-7-41
Ta100x20,1,4,400,0.925,0.05,9,2230109282,17000,6500,6286,5851,5.551308653,v2_avx512bw_vec32_exact_perm,54-22-78-33-59-35-81-83-25-82-4-16-31-93-10-79-74-1-51-61-40-12-3-48-53-6-65-21-11-9-91-28-32-30-55-76-43-77-89-44-85-100-99-66-14-80-47-60-39-56-5-62-63-18-98-67-2-20-70-24-46-92-71-96-29-57-87-37-94-45-42-19-75-15-58-8-27-23-88-73-36-34-90-84-13-69-86-17-7-26-50-95-64-49-97-72-68-38-52-41
Ta100x20,1,4,400,0.925,0.05,10,2230110291,17000,6471,6286,5851,6.099173952,v2_avx512bw_vec32_exact_perm,22-54-78-33-59-79-76-35-74-83-31-81-82-3-9-51-5-21-25-65-10-28-40-61-91-93-1-80-89-53-47-6-12-48-99-11-56-62-100-94-4-60-16-39-55-86-37-46-44-67-18-45-57-30-2-85-63-66-24-96-15-34-70-14-71-32-58-17-43-72-92-36-20-84-23-27-95-42-26-90-73-98-87-38-8-69-77-88-29-75-19-97-52-68-64-50-13-7-49-41
Ta100x20,1,4,400,0.925,0.075,1,2230101210,17000,6499,6286,5851,5.465767579,v2_avx512bw_vec32_exact_perm,22-54-78-55-3-51-59-33-5-36-28-40-65-83-82-16-76-35-18-9-74-81-46-91-100-80-48-11-6-12-47-1-10-60-24-53-63-99-25-21-56-30-93-37-31-61-94-57-79-39-89-67-71-14-32-62-92-86-43-20-4-23-88-29-44-90-77-85-70-58-45-27-75-96-34-15-2-72-73-17-8-97-26-95-19-42-66-87-69-98-84-68-52-38-64-50-13-7-49-41
Ta100x20,1,4,400,0.925,0.075,2,2230102219,17000,6495,6286,5851,5.609978684,v2_avx512bw_vec32_exact_perm,54-22-78-33-59-79-35-55-28-76-9-81-82-1-51-74-6-93-21-12-10-31-40-48-60-65-16-91-44-80-47-5-83-30-3-53-85-89-100-56-62-61-11-86-4-63-37-25-45-71-70-50-39-2-99-18-24-67-32-34-29-95-46-19-20-94-84-23-27-75-96-57-36-98-17-14-77-72-15-92-97-38-73-26-66-42-8-58-52-90-87-68-69-64-88-43-13-7-49-41
Ta100x20,1,4,400,0.925,0.075,3,2230103228,17000,6518,6286,5851,5.465999282,v2_avx512bw_vec32_exact_perm,54-22-78-33-79-10-93-76-35-5-83-82-59-31-55-40-65-89-12-25-1-3-6-21-100-67-28-99-4-86-16-91-56-32-74-30-50-39-61-18-58-60-77-48-51-80-62-46-81-71-53-47-23-24-94-73-85-9-19-92-29-11-45-63-44-43-90-37-88-20-2-96-15-27-72-14-17-34-42-57-7-70-36-75-95-26-97-84-68-49-98-38-87-13-69-64-8-52-66-41
Ta100x20,1,4,400,0.925,0.075,4,2230104237,17000,6542,6286,5851,5.323978506,v2_avx512bw_vec32_exact_perm,22-54-78-33-59-25-1-79-10-35-74-28-3-32-83-65-81-16-31-76-51-82-9-85-5-60-47-61-40-21-12-24-70-48-19-6-29-93-80-44-89-100-56-62-63-53-34-18-39-37-94-99-30-46-96-45-57-55-86-27-66-4-2-11-67-71-92-42-20-26-73-23-87-8-14-98-17-75-91-69-15-95-72-36-88-49-90-43-13-58-84-52-7-68-64-77-97-50-38-41
Ta100x20,1,4,400,0.925,0.075,5,2230105246,17000,6583,6286,5851,5.072615667,v2_avx512bw_vec32_exact_perm,79-22-54-51-3-16-100-33-5-83-82-10-78-31-11-40-81-74-60-35-93-53-12-62-89-28-32-4-21-59-76-9-1-48-44-70-94-47-67-18-39-55-56-99-80-43-24-30-91-95-37-77-61-45-6-20-86-66-75-36-57-46-25-23-19-17-85-2-27-65-71-87-73-64-58-34-63-96-97-98-15-92-8-72-14-29-88-84-42-26-50-7-69-90-49-52-13-68-38-41
Ta100x20,1,4,400,0.925,0.075,6,2230106255,17000,6542,6286,5851,5.708255076,v2_avx512bw_vec32_exact_perm,22-54-78-33-59-25-35-31-81-16-76-28-48-79-10-82-74-65-80-5-9-12-83-47-21-6-51-3-55-89-61-91-100-62-94-37-44-53-99-39-24-88-30-11-18-1-23-93-2-40-56-60-43-20-32-96-4-36-70-63-66-75-86-29-42-57-27-92-71-90-67-45-46-14-77-72-17-15-19-85-13-73-26-97-58-8-87-95-34-98-68-64-52-84-7-50-49-69-38-41
Ta100x20,1,4,400,0.925,0.075,7,2230107264,17000,6484,6286,5851,5.443875974,v2_avx512bw_vec32_exact_perm,54-22-78-79-35-76-51-3-83-33-31-81-65-10-48-82-6-21-9-53-28-25-89-74-4-91-55-59-85-5-30-12-40-18-93-94-60-39-11-1-61-32-45-47-16-100-37-44-99-80-73-57-96-63-71-62-86-24-67-70-43-29-23-88-56-2-20-8-58-36-15-27-14-98-26-77-17-42-95-75-97-72-92-19-66-84-46-34-90-87-38-52-68-69-64-50-49-13-7-41
Ta100x20,1,4,400,0.925,0.075,8,2230108273,17000,6565,6286,5851,5.4370427,v2_avx512bw_vec32_exact_perm,22-54-59-25-47-78-48-65-21-33-79-16-51-31-76-82-83-1-80-10-3-30-35-74-18-81-99-24-12-93-91-60-2-5-28-55-100-62-86-4-94-85-9-44-56-40-53-71-88-67-29-96-98-70-32-11-27-61-46-45-37-39-14-89-17-19-34-20-75-8-36-57-73-92-58-6-42-26-43-63-23-69-95-77-90-66-84-15-72-52-68-87-7-13-97-64-50-38-49-41
Ta100x20,1,4,400,0.925,0.075,9,2230109282,17000,6538,6286,5851,5.409701865,v2_avx512bw_vec32_exact_perm,54-22-78-79-33-1-74-51-10-65-3-62-16-32-83-5-21-28-76-59-6-61-40-30-55-9-91-81-93-80-82-35-53-48-100-12-37-39-11-67-18-71-45-60-25-47-20-92-89-94-15-2-24-43-29-50-31-23-85-86-42-70-26-44-63-84-46-57-56-58-27-98-99-72-69-96-19-14-66-17-8-75-36-34-95-88-52-4-87-64-73-90-38-77-68-49-97-13-7-41
Ta100x20,1,4,400,0.925,0.075,10,2230110291,17000,6557,6286,5851,5.339063512,v2_avx512bw_vec32_exact_perm,54-22-78-79-33-100-10-35-55-65-51-25-3-12-77-81-40-76-21-39-32-9-91-1-74-82-62-28-70-47-61-83-57-59-24-6-37-44-16-45-30-18-98-80-89-56-31-48-99-11-60-94-27-23-46-93-67-96-36-85-4-53-86-5-75-20-63-43-14-2-26-87-19-58-42-29-95-73-8-66-71-69-90-72-92-17-88-7-84-15-97-34-13-64-49-68-52-38-50-41
Ta100x20,1,4,400,0.925,0.1,1,2230101210,17000,6476,6286,5851,5.171621829,v2_avx512bw_vec32_exact_perm,54-22-78-33-59-79-35-55-82-40-74-28-21-61-91-9-20-83-5-25-65-10-99-62-53-51-3-93-1-94-31-43-81-80-44-18-76-85-89-6-48-46-12-16-100-56-71-30-60-24-70-96-37-34-68-87-14-4-15-11-67-45-57-32-98-66-27-86-19-92-23-72-63-47-42-17-88-58-64-8-29-95-77-7-2-97-90-69-26-73-50-75-38-39-84-13-49-36-52-41
Ta100x20,1,4,400,0.925,0.1,2,2230102219,17000,6541,6286,5851,5.27251737,v2_avx512bw_vec32_exact_perm,54-22-79-33-47-53-78-55-82-59-76-65-48-21-51-3-83-1-74-25-35-75-5-12-28-39-80-93-10-45-31-100-81-40-44-61-91-18-16-11-6-85-15-86-30-67-94-4-88-71-60-43-70-62-99-32-63-56-9-20-46-23-27-57-19-87-34-26-29-42-72-2-84-17-14-24-73-96-8-98-89-58-90-38-97-37-68-92-66-95-64-49-77-13-7-52-36-50-69-41
Ta100x20,1,4,400,0.925,0.1,3,2230103228,17000,6547,6286,5851,5.271834623,v2_avx512bw_vec32_exact_perm,54-78-22-33-3-10-100-1-83-5-25-65-79-76-16-99-81-51-21-35-93-31-32-80-44-53-48-61-18-9-71-45-4-27-59-30-23-40-74-70-46-60-24-28-56-96-85-6-55-20-11-37-89-58-19-12-91-2-88-94-29-62-42-66-15-82-14-97-39-43-98-57-17-87-92-75-67-95-77-8-86-73-38-72-36-26-68-47-52-63-34-90-69-84-64-13-50-7-49-41
Ta100x20,1,4,400,0.925,0.1,4,2230104237,17000,6574,6286,5851,5.237406157,v2_avx512bw_vec32_exact_perm,78-22-54-79-28-5-55-33-81-99-3-16-12-85-59-51-35-32-76-25-9-1-45-83-46-21-82-43-10-74-37-31-91-4-44-40-30-100-58-11-18-60-56-39-71-14-48-89-47-53-80-24-67-70-61-6-57-94-2-86-93-88-20-19-17-97-75-65-73-23-36-96-29-84-63-13-62-34-27-77-98-95-72-8-64-50-92-7-15-26-87-68-49-42-69-66-90-52-38-41
Ta100x20,1,4,400,0.925,0.1,5,2230105246,17000,6526,6286,5851,5.267784635,v2_avx512bw_vec32_exact_perm,54-22-78-33-59-79-65-62-10-35-55-21-82-3-93-1-83-9-5-60-51-76-80-44-11-74-28-100-6-56-32-46-31-40-30-63-37-91-27-81-89-12-70-85-16-45-25-47-61-58-39-96-48-18-73-98-99-29-71-24-53-88-8-4-72-19-15-20-23-77-67-57-42-87-17-92-90-66-64-14-75-2-94-86-97-26-95-7-34-68-84-69-43-13-50-49-36-52-38-41
Ta100x20,1,4,400,0.925,0.1,6,2230106255,17000,6549,6286,5851,5.37456655,v2_avx512bw_vec32_exact_perm,54-22-78-33-10-79-16-3-83-12-82-47-35-21-65-32-99-53-9-100-76-28-55-25-81-5-40-85-1-74-51-18-4-30-93-91-59-11-70-31-48-45-39-44-37-62-20-61-46-89-60-95-63-36-6-98-80-23-24-57-92-8-67-29-75-94-42-86-58-56-43-72-27-2-77-14-66-26-15-71-50-96-19-69-87-84-73-13-97-17-7-90-88-68-52-38-34-64-49-41
Ta100x20,1,4,400,0.925,0.1,7,2230107264,17000,6548,6286,5851,5.054812254,v2_avx512bw_vec32_exact_perm,22-54-78-79-10-33-86-28-76-82-4-48-58-83-59-25-35-5-65-74-16-21-47-9-1-53-51-88-39-91-63-55-3-40-31-81-12-100-11-75-56-46-60-18-62-93-44-80-89-32-61-85-30-37-94-6-67-57-71-99-23-43-27-45-24-29-97-84-2-95-68-20-73-70-42-19-72-17-36-14-98-34-26-90-92-87-15-66-77-8-96-64-50-13-52-69-38-7-49-41
Ta100x20,1,4,400,0.925,0.1,8,2230108273,17000,6570,6286,5851,5.427386454,v2_avx512bw_vec32_exact_perm,54-22-78-33-35-93-47-65-59-48-10-25-79-4-100-31-1-16-81-44-76-91-89-39-51-12-9-40-53-82-55-21-74-45-19-88-18-60-6-28-5-85-99-80-86-71-61-24-70-32-67-43-14-3-20-23-56-30-83-92-75-58-37-57-66-29-17-90-73-94-96-8-2-36-63-62-11-72-26-34-50-97-42-68-15-98-46-87-27-69-77-13-64-38-7-84-52-95-49-41
Ta100x20,1,4,400,0.925,0.1,9,2230109282,17000,6525,6286,5851,5.51343175,v2_avx512bw_vec32_exact_perm,54-78-59-22-33-35-83-74-10-65-21-51-76-82-79-31-81-3-44-53-70-6-1-28-9-56-25-40-97-46-63-48-37-12-30-32-99-89-55-62-91-5-80-93-39-43-85-71-23-34-60-90-61-24-67-100-77-16-14-98-45-47-4-20-18-94-2-15-29-92-88-86-96-8-58-27-11-42-73-64-38-87-17-19-57-75-66-68-26-72-52-50-13-36-95-84-69-7-49-41
Ta100x20,1,4,400,0.925,0.1,10,2230110291,17000,6512,6286,5851,5.329662784,v2_avx512bw_vec32_exact_perm,22-54-78-21-33-83-82-79-10-35-16-55-47-9-65-56-3-81-30-92-91-59-76-1-28-23-80-74-100-45-60-4-40-18-25-48-99-12-94-61-11-85-31-5-89-20-39-34-53-44-93-37-70-96-57-62-97-51-32-27-42-2-67-43-75-46-86-26-87-77-66-15-69-24-14-19-29-71-88-58-6-17-36-98-63-8-84-90-73-95-72-7-52-68-13-64-38-50-49-41
Ta100x20,1,4,400,0.925,0.125,1,2230101210,17000,6544,6286,5851,5.41429566,v2_avx512bw_vec32_exact_perm,54-22-78-79-10-25-82-65-33-31-3-40-89-74-21-51-59-12-35-100-81-91-16-39-83-4-61-48-18-28-76-93-5-80-11-60-30-85-94-47-53-96-29-1-44-37-45-86-55-88-23-99-62-34-6-95-46-63-56-9-67-71-70-66-14-57-32-2-15-43-24-17-77-73-8-92-90-20-64-19-58-72-68-98-27-75-26-97-38-52-42-84-87-69-36-50-49-13-7-41
Ta100x20,1,4,400,0.925,0.125,2,2230102219,17000,6555,6286,5851,5.747709337,v2_avx512bw_vec32_exact_perm,54-22-78-79-10-33-100-82-35-76-81-56-59-55-9-5-1-46-60-62-21-18-28-3-65-24-74-39-47-48-40-70-80-12-61-6-16-30-45-37-57-91-93-43-25-31-83-89-71-66-85-72-94-99-29-44-53-4-32-63-11-87-67-96-17-27-73-58-86-34-19-90-88-42-26-51-2-97-8-68-95-20-92-15-23-14-98-36-77-13-38-49-52-84-69-64-7-50-75-41
Ta100x20,1,4,400,0.925,0.125,3,2230103228,17000,6601,6286,5851,5.87639604,v2_avx512bw_vec32_exact_perm,54-78-22-35-79-31-82-33-28-10-51-16-3-74-100-83-99-60-6-39-37-76-81-53-1-12-77-30-57-55-21-93-89-25-47-48-85-32-80-5-63-45-75-91-94-46-65-40-9-70-62-61-59-56-24-20-23-98-43-67-17-4-86-44-18-96-36-66-58-14-11-71-2-73-34-29-90-19-27-26-97-8-42-92-15-87-95-7-88-13-69-38-84-49-72-64-50-52-68-41
Ta100x20,1,4,400,0.925,0.125,4,2230104237,17000,6543,6286,5851,5.617055041,v2_avx512bw_vec32_exact_perm,22-54-78-59-5-33-35-76-55-9-21-32-6-28-4-83-74-93-82-79-65-40-61-60-99-12-46-1-53-62-25-100-16-91-31-89-71-81-63-70-45-2-85-11-10-43-56-48-23-36-51-24-19-80-44-57-18-3-27-39-37-30-20-94-86-15-75-68-73-96-69-47-67-95-29-88-42-64-17-72-49-58-87-26-34-13-98-14-90-66-84-92-8-97-77-38-7-52-50-41
Ta100x20,1,4,400,0.925,0.125,5,2230105246,17000,6536,6286,5851,5.616359248,v2_avx512bw_vec32_exact_perm,54-22-78-33-79-35-82-55-83-3-6-32-25-100-59-65-76-10-80-40-89-61-1-71-31-44-81-56-21-51-30-53-48-74-12-96-60-39-73-91-5-11-14-15-57-20-9-18-28-47-70-94-62-45-46-85-4-29-24-2-63-27-16-92-67-42-75-99-58-43-17-23-93-66-64-95-86-26-77-37-88-19-8-84-36-98-87-50-97-72-68-34-7-13-49-69-90-52-38-41
Ta100x20,1,4,400,0.925,0.125,6,2230106255,17000,6526,6286,5851,5.766943791,v2_avx512bw_vec32_exact_perm,54-22-33-81-35-74-82-83-16-78-100-5-31-25-59-51-9-4-1-76-28-3-93-21-79-11-89-40-55-48-39-18-68-10-80-24-37-50-96-47-62-86-43-44-73-14-45-99-94-65-32-29-58-57-12-20-6-61-70-91-46-98-2-60-15-8-63-67-56-72-42-92-30-26-87-27-34-49-23-85-95-75-36-77-88-53-71-19-69-17-84-66-13-7-97-64-90-52-38-41
Ta100x20,1,4,400,0.925,0.125,7,2230107264,17000,6537,6286,5851,5.376360109,v2_avx512bw_vec32_exact_perm,54-22-78-33-59-79-3-40-25-35-51-99-55-10-5-16-32-83-81-100-73-1-21-65-76-74-18-91-48-30-60-47-70-62-28-12-9-29-24-44-80-56-71-37-15-45-46-6-94-85-86-88-82-66-39-4-31-43-14-20-92-89-90-11-53-58-67-19-8-57-97-61-34-96-77-95-23-2-17-84-27-93-72-98-42-26-63-68-7-87-69-75-52-36-64-13-38-50-49-41
Ta100x20,1,4,400,0.925,0.125,8,2230108273,17000,6532,6286,5851,5.533987938,v2_avx512bw_vec32_exact_perm,54-22-78-79-82-3-81-16-10-65-33-25-51-83-59-35-12-31-74-76-40-6-28-32-30-91-21-46-61-80-93-94-39-62-56-1-55-89-9-11-24-43-99-27-37-53-86-4-60-23-5-96-71-63-57-8-67-70-100-45-95-72-19-98-14-85-44-18-58-20-47-66-48-92-84-2-29-73-42-26-75-90-88-15-77-36-69-34-52-87-97-38-68-64-50-13-7-17-49-41
Ta100x20,1,4,400,0.925,0.125,9,2230109282,17000,6524,6286,5851,5.130648635,v2_avx512bw_vec32_exact_perm,54-22-79-78-47-28-76-65-3-83-10-25-51-4-40-82-33-81-59-53-62-6-74-61-80-39-93-31-1-55-5-89-60-46-86-44-100-16-85-21-94-30-70-57-12-32-99-35-91-11-18-73-2-75-56-90-34-42-37-45-66-24-43-36-95-71-87-92-67-48-26-77-20-98-23-14-29-17-15-72-96-8-84-64-50-63-9-58-88-27-68-69-97-19-7-13-52-38-49-41
Ta100x20,1,4,400,0.925,0.125,10,2230110291,17000,6549,6286,5851,5.145355764,v2_avx512bw_vec32_exact_perm,54-22-78-33-59-3-74-81-82-16-79-28-21-31-32-80-1-11-100-76-60-48-53-6-40-61-93-44-89-51-55-4-10-83-25-75-30-46-47-24-9-18-71-70-12-37-63-5-45-62-91-39-29-65-8-85-94-72-99-73-17-20-43-88-67-35-58-2-92-27-86-96-23-56-57-34-14-42-95-15-19-66-49-26-87-68-84-98-36-97-69-64-90-52-38-77-13-7-50-41
Ta100x20,1,4,400,0.9625,0.025,1,2230101210,17000,6497,6286,5851,5.575061199,v2_avx512bw_vec32_exact_perm,54-78-59-22-33-79-10-16-35-83-5-3-28-82-76-81-6-74-25-45-85-9-53-61-4-40-65-86-31-89-99-70-93-56-55-48-21-60-44-100-18-1-43-11-80-32-29-12-96-91-24-30-51-62-37-71-46-27-20-73-2-23-94-39-8-17-15-67-72-57-63-14-36-42-92-98-95-84-47-75-87-50-26-66-88-64-58-68-34-49-19-77-69-97-90-13-7-38-52-41
Ta100x20,1,4,400,0.9625,0.025,2,2230102219,17000,6552,6286,5851,5.440745113,v2_avx512bw_vec32_exact_perm,54-22-47-78-82-33-10-79-28-25-9-65-12-35-40-74-51-81-59-31-5-60-3-6-39-48-83-76-70-100-44-89-37-16-21-80-93-85-24-71-1-43-62-56-97-57-18-91-50-99-61-46-94-53-14-4-45-29-2-27-30-32-11-58-55-86-67-96-75-92-17-36-20-73-72-95-8-63-23-90-42-69-34-88-13-7-19-26-84-98-15-77-66-87-64-68-52-38-49-41
Ta100x20,1,4,400,0.9625,0.025,3,2230103228,17000,6506,6286,5851,5.932132075,v2_avx512bw_vec32_exact_perm,54-22-78-79-35-55-82-83-33-59-10-5-40-9-48-46-16-70-47-76-74-6-25-81-21-28-12-31-1-60-80-11-30-99-100-39-63-37-32-94-89-65-27-3-51-61-53-44-93-29-91-86-57-67-4-62-45-71-85-19-88-24-2-20-23-18-73-92-96-14-17-15-95-36-66-64-87-8-42-72-56-98-58-84-68-43-26-34-13-77-97-75-90-50-38-52-69-7-49-41
Ta100x20,1,4,400,0.9625,0.025,4,2230104237,17000,6508,6286,5851,5.583929164,v2_avx512bw_vec32_exact_perm,54-22-78-79-10-33-16-35-93-83-76-47-3-100-74-31-82-5-51-99-81-48-59-65-40-1-53-62-21-12-61-70-28-32-86-85-55-18-11-89-44-56-39-80-25-4-60-24-45-6-37-34-17-2-98-27-46-67-94-91-9-23-30-29-20-72-63-88-96-15-77-69-71-14-57-43-58-36-19-90-75-73-8-95-7-87-92-84-97-50-26-42-13-66-64-68-52-38-49-41
Ta100x20,1,4,400,0.9625,0.025,5,2230105246,17000,6488,6286,5851,5.277991746,v2_avx512bw_vec32_exact_perm,54-22-78-79-10-33-83-59-35-76-65-21-51-3-31-74-28-6-81-32-25-89-40-4-53-30-48-56-93-55-9-1-39-45-91-62-99-80-71-61-44-85-70-16-5-86-100-11-18-60-12-37-57-46-29-92-42-66-67-94-20-75-96-87-24-82-58-43-98-14-36-27-23-2-26-73-88-15-47-63-84-90-17-77-97-69-34-19-38-8-72-95-52-68-64-50-13-7-49-41
Ta100x20,1,4,400,0.9625,0.025,6,2230106255,17000,6516,6286,5851,5.338789255,v2_avx512bw_vec32_exact_perm,54-22-79-10-33-83-25-35-82-9-55-31-81-1-100-48-3-16-5-6-40-59-70-80-28-47-74-60-61-85-93-21-91-65-66-30-77-94-99-24-39-37-4-45-18-76-88-71-67-96-32-51-23-44-89-43-34-56-62-53-19-98-46-2-86-72-27-92-57-15-12-29-11-68-63-14-84-58-42-90-20-17-69-87-36-38-26-97-75-52-95-64-8-50-13-7-49-73-78-41
Ta100x20,1,4,400,0.9625,0.025,7,2230107264,17000,6489,6286,5851,5.396176666,v2_avx512bw_vec32_exact_perm,54-22-78-33-59-79-3-10-25-53-61-35-99-74-56-31-9-40-82-100-80-81-51-62-47-5-16-6-55-48-37-77-44-83-21-91-1-30-11-18-94-76-67-28-46-93-27-32-96-65-89-70-71-12-45-57-4-60-24-85-63-23-86-2-39-20-90-73-58-29-92-43-14-15-88-26-8-98-64-42-72-17-87-38-69-34-19-84-66-75-68-97-95-52-36-50-13-7-49-41
Ta100x20,1,4,400,0.9625,0.025,8,2230108273,17000,6469,6286,5851,5.24277301,v2_avx512bw_vec32_exact_perm,54-78-59-22-33-83-35-55-81-76-82-3-79-28-9-74-51-31-5-56-10-40-6-91-25-70-93-1-80-65-71-30-48-100-16-61-85-21-11-18-12-32-88-45-67-89-47-4-24-62-57-43-53-29-94-99-44-14-37-23-20-39-2-72-27-34-46-19-15-96-60-86-92-77-58-42-66-17-75-73-63-26-95-36-98-38-87-97-90-8-69-84-52-68-64-50-13-7-49-41
Ta100x20,1,4,400,0.9625,0.025,9,2230109282,17000,6469,6286,5851,5.091312099,v2_avx512bw_vec32_exact_perm,54-22-78-33-59-79-28-10-65-21-74-35-12-25-100-3-91-40-81-31-82-48-53-83-89-39-55-9-18-80-86-70-51-94-11-16-4-47-93-61-30-67-37-6-1-32-60-58-85-43-44-46-62-76-57-5-56-71-24-63-27-2-45-23-99-98-73-20-75-90-36-8-69-96-95-66-29-19-84-87-17-14-72-34-38-42-88-97-92-15-77-26-52-68-64-50-13-7-49-41
Ta100x20,1,4,400,0.9625,0.025,10,2230110291,17000,6492,6286,5851,5.515762232,v2_avx512bw_vec32_exact_perm,54-22-78-33-59-79-28-9-25-35-82-83-4-10-1-81-31-40-86-74-93-76-100-53-61-16-3-11-48-21-45-65-56-80-89-91-51-12-32-55-6-94-30-18-85-39-71-70-37-60-24-99-63-44-23-67-62-5-92-47-57-43-96-20-15-29-77-2-58-66-13-46-73-8-97-64-17-19-95-68-14-75-36-98-84-72-88-34-38-27-26-49-42-87-50-69-7-90-52-41
Ta100x20,1,4,400,0.9625,0.05,1,2230101210,17000,6477,6286,5851,5.719597062,v2_avx512bw_vec32_exact_perm,54-22-78-33-59-79-35-55-83-16-81-1-48-65-82-76-6-3-51-61-10-12-28-86-99-74-9-4-62-40-18-30-60-11-91-41-80-56-21-39-85-5-31-93-32-45-90-37-94-100-89-29-20-53-46-27-44-24-70-23-92-43-84-73-2-47-98-71-58-67-57-8-97-66-63-75-96-14-68-26-72-17-95-87-34-52-42-19-69-15-88-38-77-7-13-64-50-49-36-25
Ta100x20,1,4,400,0.9625,0.05,2,2230102219,17000,6549,6286,5851,5.668358996,v2_avx512bw_vec32_exact_perm,54-22-78-47-33-82-3-83-79-51-99-81-31-1-10-28-93-35-76-65-74-40-16-59-91-48-21-56-53-4-25-80-94-12-30-86-46-60-61-18-32-9-55-39-57-5-45-70-11-27-89-62-24-100-23-37-20-6-2-29-67-42-58-43-71-85-96-92-98-87-8-88-44-63-72-66-36-95-64-19-17-75-26-15-14-73-13-77-97-7-69-34-90-38-52-84-50-68-49-41
Ta100x20,1,4,400,0.9625,0.05,3,2230103228,17000,6547,6286,5851,5.480723458,v2_avx512bw_vec32_exact_perm,54-22-78-79-35-10-16-65-74-4-83-21-82-48-33-81-39-53-55-25-61-85-9-12-3-76-46-100-91-1-93-41-31-60-40-5-32-89-99-6-59-80-67-30-45-20-18-11-29-51-2-57-63-24-62-36-28-71-94-37-90-23-27-88-70-75-97-34-92-96-17-86-58-26-95-8-14-42-72-73-69-44-47-15-87-66-68-84-43-98-77-56-19-13-7-64-52-38-50-49
Ta100x20,1,4,400,0.9625,0.05,4,2230104237,17000,6488,6286,5851,5.425875474,v2_avx512bw_vec32_exact_perm,22-54-78-55-33-81-25-35-74-79-82-28-59-40-3-83-93-1-31-65-32-80-5-48-12-27-10-51-44-46-39-4-85-21-45-99-61-76-9-62-53-89-19-86-11-18-92-71-70-66-20-16-6-91-36-60-94-63-14-77-100-42-15-24-43-37-72-29-96-2-58-56-57-34-84-98-67-17-30-23-88-87-47-95-97-26-73-75-90-69-8-38-52-68-64-50-13-7-49-41
Ta100x20,1,4,400,0.9625,0.05,5,2230105246,17000,6488,6286,5851,5.442541016,v2_avx512bw_vec32_exact_perm,54-22-78-79-35-55-33-81-28-83-10-3-40-59-25-65-74-21-31-92-100-11-1-71-93-5-16-60-12-82-18-62-30-9-48-44-53-51-80-76-45-99-86-61-6-4-39-56-70-85-43-2-91-29-89-20-32-94-67-24-37-77-96-98-23-66-46-36-87-88-15-42-17-72-34-27-58-19-95-8-75-68-14-73-63-57-47-84-26-69-90-52-97-64-50-13-7-38-49-41
Ta100x20,1,4,400,0.9625,0.05,6,2230106255,17000,6550,6286,5851,5.174424973,v2_avx512bw_vec32_exact_perm,54-22-78-79-10-55-33-9-35-21-100-3-40-82-81-39-5-83-25-74-1-65-16-59-93-12-76-51-4-53-28-23-32-45-47-85-46-70-99-88-56-24-31-44-18-91-80-30-60-11-61-71-37-62-63-27-29-89-48-92-73-90-86-20-36-75-19-96-67-97-95-6-14-94-57-8-77-34-58-2-64-98-26-68-72-52-43-66-84-87-17-42-69-15-13-50-7-38-49-41
Ta100x20,1,4,400,0.9625,0.05,7,2230107264,17000,6521,6286,5851,5.481189079,v2_avx512bw_vec32_exact_perm,54-22-78-79-33-10-35-74-70-25-12-100-11-65-3-16-48-40-82-39-31-51-76-83-59-21-60-4-85-94-99-55-30-44-56-37-89-1-9-47-71-80-5-93-81-18-23-27-20-61-45-32-91-53-6-28-67-96-62-57-46-86-24-14-34-98-90-8-72-2-73-19-92-43-29-75-77-66-36-88-58-15-42-87-17-95-97-38-63-26-84-68-52-64-49-50-69-13-7-41
Ta100x20,1,4,400,0.9625,0.05,8,2230108273,17000,6501,6286,5851,5.351886733,v2_avx512bw_vec32_exact_perm,54-22-78-79-10-33-35-25-100-3-65-40-32-74-83-16-82-1-81-70-51-6-28-21-4-80-9-61-76-59-44-55-60-85-89-45-47-93-53-57-62-86-18-37-39-5-31-24-12-30-99-48-96-11-67-94-43-91-2-92-88-23-20-42-75-19-66-29-15-56-58-77-27-34-90-72-71-46-14-73-84-69-98-8-87-36-17-38-97-52-95-26-63-68-64-50-13-7-49-41
Ta100x20,1,4,400,0.9625,0.05,9,2230109282,17000,6516,6286,5851,5.639027703,v2_avx512bw_vec32_exact_perm,54-22-47-78-10-33-1-5-16-74-81-76-28-82-59-3-79-35-83-65-40-51-91-37-80-18-39-4-88-21-6-60-99-62-100-89-93-31-61-86-12-57-30-45-32-48-25-9-44-56-53-11-94-67-43-24-2-55-70-85-23-92-77-71-19-20-72-84-29-46-95-8-17-34-96-66-97-38-73-90-26-14-64-98-36-27-75-58-52-63-87-42-68-69-15-50-13-7-49-41
Ta100x20,1,4,400,0.9625,0.05,10,2230110291,17000,6553,6286,5851,5.55836143,v2_avx512bw_vec32_exact_perm,54-22-78-79-35-83-33-82-3-74-16-48-81-24-21-6-59-65-31-80-53-28-85-76-10-40-1-44-70-32-39-99-89-56-55-5-62-61-93-30-25-12-37-51-47-96-91-67-45-94-57-11-29-18-23-9-17-100-20-88-60-27-42-4-46-63-86-87-98-19-58-2-15-73-68-26-92-75-64-72-97-95-34-43-36-71-14-66-8-90-84-69-50-13-7-38-49-52-77-41
Ta100x20,1,4,400,0.9625,0.075,1,2230101210,17000,6554,6286,5851,6.02689251,v2_avx512bw_vec32_exact_perm,54-22-78-33-81-25-35-82-65-83-79-28-59-31-3-2-40-24-10-16-74-1-6-51-18-89-80-50-30-21-45-76-4-61-93-53-99-37-85-32-44-55-67-62-91-70-94-48-11-12-5-86-9-39-71-100-88-17-87-97-14-92-29-43-58-23-68-57-27-64-19-56-26-36-20-46-60-98-84-77-42-49-72-34-96-75-66-90-95-63-47-69-15-13-7-73-8-38-52-41
Ta100x20,1,4,400,0.9625,0.075,2,2230102219,17000,6532,6286,5851,5.813081446,v2_avx512bw_vec32_exact_perm,54-22-47-78-79-10-33-59-35-60-65-83-32-48-76-1-100-96-21-3-82-62-9-44-55-51-56-4-93-74-80-66-39-5-61-30-91-12-11-23-45-90-85-89-40-94-27-31-81-16-99-18-57-88-20-6-64-24-86-2-67-46-70-29-28-71-42-37-14-17-58-26-34-25-87-63-75-92-43-53-68-95-73-19-69-72-8-15-36-97-84-77-98-50-13-7-49-38-52-41
Ta100x20,1,4,400,0.9625,0.075,3,2230103228,17000,6551,6286,5851,5.916978732,v2_avx512bw_vec32_exact_perm,54-22-78-79-10-33-83-74-35-25-65-3-40-82-16-76-4-51-37-70-89-100-59-31-21-80-12-56-28-81-93-1-61-47-5-85-44-18-9-91-11-30-94-73-53-55-98-99-46-60-2-62-86-71-48-15-39-27-88-29-32-57-23-14-67-19-63-58-24-20-45-92-66-42-96-34-64-43-26-8-50-13-90-6-84-17-75-69-95-36-77-7-87-49-72-38-52-97-68-41
Ta100x20,1,4,400,0.9625,0.075,4,2230104237,17000,6553,6286,5851,5.714340409,v2_avx512bw_vec32_exact_perm,22-54-82-78-59-55-79-32-65-3-40-10-33-51-53-94-1-83-5-47-70-74-35-4-21-25-24-76-16-85-48-61-11-50-6-28-81-12-37-39-89-44-80-30-60-93-56-9-31-99-71-29-18-86-57-63-92-43-67-91-75-23-88-46-100-62-36-90-14-96-58-20-2-27-45-15-17-8-95-66-69-42-19-7-87-97-73-26-98-34-84-72-49-13-38-52-68-64-77-41
Ta100x20,1,4,400,0.9625,0.075,5,2230105246,17000,6553,6286,5851,5.669703844,v2_avx512bw_vec32_exact_perm,78-22-79-54-33-65-74-82-25-10-51-32-31-83-21-56-81-35-44-55-19-86-93-80-6-28-16-100-3-40-48-85-70-61-89-76-99-5-12-9-20-62-24-53-91-45-18-30-39-47-43-59-2-37-46-60-4-23-98-67-11-15-27-68-94-72-34-14-17-96-57-71-92-66-87-42-29-58-73-36-95-90-26-8-88-97-77-75-63-7-69-50-49-84-1-64-52-13-38-41
Ta100x20,1,4,400,0.9625,0.075,6,2230106255,17000,6571,6286,5851,5.780184847,v2_avx512bw_vec32_exact_perm,54-59-22-78-79-46-82-55-3-28-1-51-4-83-40-74-76-33-5-93-11-81-31-10-60-25-44-53-35-21-91-6-9-50-48-85-12-24-18-39-16-65-80-56-100-32-89-61-20-30-45-2-98-67-92-62-14-64-63-96-47-37-29-27-34-90-57-70-8-99-95-36-43-58-73-75-23-71-87-17-86-94-66-42-26-88-97-19-84-77-13-69-68-15-7-49-72-38-52-41
Ta100x20,1,4,400,0.9625,0.075,7,2230107264,17000,6529,6286,5851,5.660705426,v2_avx512bw_vec32_exact_perm,54-22-78-79-35-10-40-82-31-51-81-33-74-1-5-83-76-59-3-9-45-48-55-39-12-60-21-65-56-25-85-53-28-91-47-80-46-4-89-63-93-99-30-61-37-67-32-86-11-18-24-100-2-34-92-16-70-20-96-71-44-6-73-94-64-43-58-77-14-29-42-50-75-87-57-23-17-69-26-27-8-66-90-62-72-19-98-15-88-95-36-13-7-49-84-97-68-38-52-41
Ta100x20,1,4,400,0.9625,0.075,8,2230108273,17000,6532,6286,5851,6.009641218,v2_avx512bw_vec32_exact_perm,54-22-78-79-82-47-10-3-48-16-5-33-83-40-81-93-1-4-51-59-80-31-28-9-74-35-12-60-91-76-25-99-21-39-53-65-55-85-11-89-37-44-6-56-94-100-32-57-30-62-63-70-96-42-29-61-24-18-67-15-86-72-2-66-34-23-84-45-46-19-17-20-58-43-92-77-8-98-36-27-71-73-88-87-14-90-26-95-97-13-7-75-68-52-69-38-64-50-49-41
Ta100x20,1,4,400,0.9625,0.075,9,2230109282,17000,6553,6286,5851,5.79332841,v2_avx512bw_vec32_exact_perm,54-22-78-79-33-47-25-81-82-16-35-1-3-74-83-28-55-51-4-6-59-40-76-60-85-32-39-48-89-67-9-100-21-10-53-91-12-44-80-11-5-18-30-37-86-31-94-36-98-99-93-61-73-20-24-70-46-2-71-62-72-45-17-57-15-96-8-56-23-84-63-34-90-95-27-65-97-14-68-58-77-92-66-38-43-19-88-41-26-75-87-42-69-52-64-29-13-7-50-49
Ta100x20,1,4,400,0.9625,0.075,10,2230110291,17000,6576,6286,5851,5.669480175,v2_avx512bw_vec32_exact_perm,54-22-33-59-78-25-28-65-79-31-83-16-81-35-100-76-91-10-3-40-61-11-1-44-74-2-9-21-80-24-53-55-60-93-56-39-62-86-85-89-47-6-4-67-30-99-63-97-70-51-17-48-32-34-98-42-5-46-12-88-37-90-57-29-75-45-20-92-18-58-14-84-71-68-15-96-26-94-8-23-43-69-66-95-87-64-27-82-19-73-36-49-72-77-50-13-7-38-52-41
Ta100x20,1,4,400,0.9625,0.1,1,2230101210,17000,6564,6286,5851,5.70309656,v2_avx512bw_vec32_exact_perm,54-22-78-79-33-5-35-83-82-10-55-60-3-91-76-74-100-61-21-59-77-1-99-51-31-40-44-81-18-6-53-39-89-28-80-23-94-25-4-65-71-16-29-67-86-12-32-70-56-37-93-48-62-46-24-30-57-73-11-34-96-75-92-63-14-27-47-58-8-17-43-19-36-95-15-98-2-45-88-26-97-13-84-66-20-64-68-87-42-9-85-49-72-50-69-38-90-7-52-41
Ta100x20,1,4,400,0.9625,0.1,2,2230102219,17000,6563,6286,5851,5.62500041,v2_avx512bw_vec32_exact_perm,22-54-78-25-59-33-81-79-3-82-35-83-51-74-90-10-46-4-40-67-16-1-11-31-80-9-85-5-65-32-21-56-48-29-62-53-44-93-100-61-70-30-28-18-89-37-76-99-63-12-91-84-60-55-88-34-6-71-2-15-27-23-94-92-73-58-20-43-96-72-45-36-24-17-57-47-64-68-75-14-39-42-26-87-97-8-86-98-69-50-7-19-13-52-95-66-49-38-77-41
Ta100x20,1,4,400,0.9625,0.1,3,2230103228,17000,6562,6286,5851,5.442636373,v2_avx512bw_vec32_exact_perm,54-22-78-33-82-59-47-79-3-10-32-25-51-31-81-2-1-83-28-48-24-80-53-61-93-55-4-40-45-21-100-16-46-74-6-9-67-76-20-35-23-91-37-56-39-86-18-60-11-29-17-94-65-58-44-42-57-5-27-62-34-85-96-92-30-89-14-43-64-12-95-99-36-77-66-50-70-71-8-26-98-15-69-97-72-87-88-84-63-7-38-19-49-75-68-13-73-90-52-41
Ta100x20,1,4,400,0.9625,0.1,4,2230104237,17000,6505,6286,5851,5.583105095,v2_avx512bw_vec32_exact_perm,54-22-78-79-35-10-25-40-5-83-33-82-93-59-28-3-65-81-76-19-21-100-31-1-74-53-46-61-16-6-51-91-20-36-55-80-56-89-4-96-48-12-45-85-60-30-86-18-44-37-11-58-57-27-90-9-23-94-99-75-62-63-70-24-39-67-71-32-14-29-88-92-43-17-72-2-26-34-42-98-15-84-97-8-95-77-73-47-38-69-87-66-52-64-50-68-13-7-49-41
Ta100x20,1,4,400,0.9625,0.1,5,2230105246,17000,6538,6286,5851,5.372667337,v2_avx512bw_vec32_exact_perm,54-22-47-82-78-51-55-10-33-65-32-12-83-5-74-3-21-25-28-89-93-31-79-91-53-59-16-85-6-76-35-29-57-20-61-80-24-40-23-48-56-44-70-18-27-11-99-4-63-81-86-1-46-96-37-17-45-39-34-62-72-60-92-9-50-67-94-58-77-71-30-26-43-15-14-88-42-100-87-75-2-68-97-98-84-64-19-73-8-13-36-52-90-95-66-38-69-7-49-41
Ta100x20,1,4,400,0.9625,0.1,6,2230106255,17000,6522,6286,5851,5.164278702,v2_avx512bw_vec32_exact_perm,54-22-78-79-33-10-82-76-35-81-55-99-16-61-31-5-59-21-74-65-100-56-80-83-40-93-30-32-53-46-25-89-3-44-48-4-45-1-11-85-36-60-12-98-28-6-20-39-18-9-37-94-91-51-2-47-70-27-58-66-90-29-88-62-42-24-14-15-23-92-87-96-86-57-67-72-71-34-73-68-26-19-17-63-43-95-97-75-38-84-13-77-64-8-50-69-7-49-52-41
Ta100x20,1,4,400,0.9625,0.1,7,2230107264,17000,6556,6286,5851,5.300870767,v2_avx512bw_vec32_exact_perm,22-54-33-59-82-78-79-5-16-35-76-45-28-83-25-10-99-32-48-91-55-40-94-6-81-51-100-31-93-56-80-74-47-4-89-46-9-53-65-3-43-61-12-39-37-21-30-29-44-57-50-11-60-2-85-67-71-17-62-70-73-86-23-84-24-26-66-18-58-20-27-98-1-8-63-92-36-42-96-34-75-72-15-52-87-68-13-90-49-97-38-77-69-88-14-19-64-95-7-41
Ta100x20,1,4,400,0.9625,0.1,8,2230108273,17000,6576,6286,5851,5.235477619,v2_avx512bw_vec32_exact_perm,54-22-47-82-78-46-40-79-53-33-25-81-10-9-74-4-77-5-21-76-28-89-35-93-83-31-99-48-59-65-100-60-45-18-86-56-90-55-6-37-71-44-32-67-62-29-61-57-12-51-91-16-70-1-80-39-85-24-3-97-96-20-92-27-11-94-17-73-75-72-34-2-30-58-68-69-63-43-95-23-98-8-15-14-38-26-19-84-64-66-42-50-87-49-36-7-13-88-52-41
Ta100x20,1,4,400,0.9625,0.1,9,2230109282,17000,6594,6286,5851,5.217995724,v2_avx512bw_vec32_exact_perm,22-54-25-59-55-78-81-35-33-100-76-93-79-3-48-40-31-51-89-53-82-10-6-83-74-65-21-5-61-62-11-4-28-91-60-96-9-20-85-30-14-32-16-56-98-67-70-37-47-42-99-94-63-44-80-39-1-24-19-75-88-15-46-18-29-92-50-2-23-86-72-43-26-77-66-58-34-95-57-64-8-84-7-69-45-12-71-27-49-17-73-90-68-87-97-36-52-13-38-41
Ta100x20,1,4,400,0.9625,0.1,10,2230110291,17000,6529,6286,5851,5.441527413,v2_avx512bw_vec32_exact_perm,54-22-78-79-35-55-33-81-100-25-9-16-28-5-74-12-47-21-59-40-93-31-48-3-99-1-65-82-89-6-85-10-83-61-53-62-46-60-86-32-80-4-45-67-51-44-2-76-24-37-30-69-90-15-56-71-18-11-91-70-98-43-77-17-66-39-94-63-27-23-20-8-96-29-68-14-72-73-57-92-58-52-84-36-42-19-13-34-97-26-88-75-87-64-50-7-38-95-49-41
Ta100x20,1,4,400,0.9625,0.125,1,2230101210,17000,6543,6286,5851,6.003373292,v2_avx512bw_vec32_exact_perm,54-22-78-79-3-35-76-33-82-21-83-74-55-28-9-31-51-81-65-10-1-25-45-5-20-93-59-6-100-40-80-89-11-61-4-24-53-18-62-86-39-56-12-99-32-70-30-47-94-29-2-37-60-57-14-77-91-63-44-48-46-66-23-43-96-85-67-58-15-42-27-73-71-72-92-95-34-90-26-68-88-87-97-19-16-75-17-8-84-98-64-49-38-52-36-13-50-69-7-41
Ta100x20,1,4,400,0.9625,0.125,2,2230102219,17000,6556,6286,5851,5.8133525,v2_avx512bw_vec32_exact_perm,54-22-79-35-74-83-33-51-59-18-3-1-2-78-27-21-99-25-4-60-81-32-93-53-10-44-9-85-16-40-91-96-61-80-6-65-12-20-39-100-55-82-86-28-94-5-30-11-63-37-62-70-89-31-76-48-67-58-47-95-45-19-72-66-56-43-24-34-71-46-29-8-75-17-77-92-73-23-88-64-90-68-14-36-15-84-87-57-69-98-7-42-26-49-97-13-38-52-50-41
Ta100x20,1,4,400,0.9625,0.125,3,2230103228,17000,6580,6286,5851,5.935069839,v2_avx512bw_vec32_exact_perm,22-54-78-33-81-16-59-25-47-31-5-9-40-10-65-3-83-46-55-86-93-48-60-76-79-85-82-12-35-89-21-45-56-4-28-1-39-91-61-74-6-53-11-99-100-32-37-88-44-27-20-70-24-58-42-67-96-62-63-72-98-57-15-2-68-19-95-34-18-29-8-80-66-30-51-97-23-92-43-71-17-75-87-84-14-36-64-26-94-52-77-90-73-69-38-13-7-50-49-41
Ta100x20,1,4,400,0.9625,0.125,4,2230104237,17000,6580,6286,5851,6.025763337,v2_avx512bw_vec32_exact_perm,54-22-78-33-81-31-74-83-28-79-10-25-4-35-16-93-65-100-51-70-32-62-6-12-57-40-44-1-60-85-30-23-61-82-99-76-21-24-80-37-5-56-2-91-9-39-53-47-59-50-55-18-3-20-46-45-48-11-89-86-29-73-96-67-94-34-19-27-88-72-92-75-17-87-8-36-90-69-63-84-14-42-97-15-43-66-58-77-64-71-26-52-98-68-95-13-7-38-49-41
Ta100x20,1,4,400,0.9625,0.125,5,2230105246,17000,6522,6286,5851,6.309012968,v2_avx512bw_vec32_exact_perm,54-22-78-33-59-79-35-10-82-47-65-56-25-1-16-83-9-53-21-32-5-4-99-51-48-76-74-44-80-93-45-3-86-31-28-24-61-85-89-12-100-18-81-6-55-91-11-30-40-67-37-71-23-2-62-60-46-57-94-42-70-20-29-58-27-64-92-72-17-63-14-96-39-19-8-36-97-43-98-73-66-26-84-69-90-15-95-75-87-68-88-34-77-52-38-50-13-7-49-41
Ta100x20,1,4,400,0.9625,0.125,6,2230106255,17000,6554,6286,5851,5.856702861,v2_avx512bw_vec32_exact_perm,54-78-22-79-82-33-83-35-51-100-32-28-74-5-76-59-16-21-70-31-3-55-11-6-48-81-62-40-10-61-25-80-47-12-93-24-39-60-1-99-56-9-30-18-89-37-44-88-46-29-91-53-42-4-94-65-2-86-45-27-96-67-92-85-77-43-72-15-71-34-87-14-17-23-19-8-57-20-64-58-26-73-63-98-84-66-75-36-69-95-52-97-68-90-38-13-50-7-49-41
Ta100x20,1,4,400,0.9625,0.125,7,2230107264,17000,6556,6286,5851,5.785363185,v2_avx512bw_vec32_exact_perm,22-54-25-82-33-59-78-35-10-31-32-3-76-51-65-100-81-16-61-80-93-45-79-47-53-99-21-40-6-74-4-83-56-9-48-24-18-1-60-66-70-30-85-55-39-91-94-12-44-57-89-62-90-11-42-37-92-20-46-19-86-23-67-17-8-73-75-96-5-72-71-88-2-63-29-77-34-95-27-58-28-26-84-97-13-98-36-38-43-15-87-14-7-52-68-69-64-50-49-41
Ta100x20,1,4,400,0.9625,0.125,8,2230108273,17000,6543,6286,5851,5.792413828,v2_avx512bw_vec32_exact_perm,54-22-78-79-33-10-9-83-3-74-47-82-35-76-65-25-5-21-55-4-59-93-60-28-32-1-18-12-40-24-48-62-100-80-81-31-51-16-45-99-44-96-56-61-71-46-6-89-29-57-53-91-63-30-98-67-2-36-39-85-95-86-70-94-73-42-11-58-92-97-27-20-26-37-19-8-15-14-43-69-23-90-17-72-88-34-66-49-84-77-87-75-13-52-68-64-50-38-7-41
Ta100x20,1,4,400,0.9625,0.125,9,2230109282,17000,6572,6286,5851,5.649664709,v2_avx512bw_vec32_exact_perm,54-22-78-79-51-10-82-31-33-16-81-35-48-74-93-91-1-83-65-5-28-76-6-21-25-9-100-61-12-18-32-55-44-40-59-3-86-53-30-58-99-24-80-37-42-70-60-34-11-85-4-45-71-56-92-96-23-20-29-46-94-72-27-39-63-57-89-36-77-67-2-26-95-69-97-49-62-84-43-15-17-75-90-47-88-19-14-98-87-7-66-64-8-68-73-13-52-38-50-41
Ta100x20,1,4,400,0.9625,0.125,10,2230110291,17000,6554,6286,5851,5.352948877,v2_avx512bw_vec32_exact_perm,54-22-78-79-33-82-3-25-40-65-35-10-24-21-51-70-74-32-11-100-48-12-16-50-5-83-89-28-55-80-81-92-18-93-47-53-60-30-1-6-20-62-45-85-4-99-59-31-76-91-46-39-58-95-44-61-67-43-57-9-72-75-88-15-23-71-86-27-96-97-2-34-37-87-98-77-19-49-14-7-94-36-56-8-63-69-64-68-42-29-17-26-66-73-38-90-84-13-52-41
Ta100x20,1,4,400,1,0.025,1,2230101210,17000,6496,6286,5851,6.334029799,v2_avx512bw_vec32_exact_perm,22-54-78-33-59-79-10-31-82-74-1-99-83-35-81-40-28-93-60-65-76-48-3-12-5-11-18-24-61-94-51-9-21-16-39-46-4-56-25-89-53-47-62-80-37-55-6-23-100-44-86-70-73-85-32-67-88-91-30-57-71-98-96-75-36-92-27-45-29-2-20-95-77-15-8-17-58-63-66-72-14-42-26-87-34-38-43-69-19-84-97-90-68-52-64-50-13-7-49-41
Ta100x20,1,4,400,1,0.025,2,2230102219,17000,6559,6286,5851,5.94696935,v2_avx512bw_vec32_exact_perm,54-78-22-79-10-47-33-76-82-28-40-1-3-9-59-6-99-5-12-16-51-81-74-80-61-35-89-65-91-85-56-62-100-37-39-32-25-19-30-46-55-21-83-24-31-48-45-17-44-53-70-18-86-2-75-15-43-67-93-4-58-20-27-11-63-23-57-77-94-92-29-96-8-73-60-69-34-95-90-68-14-84-98-36-88-42-97-26-66-71-64-38-49-87-72-52-50-13-7-41
Ta100x20,1,4,400,1,0.025,3,2230103228,17000,6550,6286,5851,6.328450007,v2_avx512bw_vec32_exact_perm,54-22-78-79-10-33-82-83-5-59-35-53-3-81-51-74-100-65-16-31-99-25-1-6-28-21-45-9-56-47-40-46-55-80-60-93-76-61-12-30-91-94-24-89-18-77-20-48-23-64-2-39-37-86-32-62-11-85-34-4-29-71-70-27-90-44-57-67-43-92-75-17-14-63-68-15-96-73-69-7-95-98-8-97-87-26-42-66-19-72-88-84-50-13-58-38-52-36-49-41
Ta100x20,1,4,400,1,0.025,4,2230104237,17000,6505,6286,5851,6.058232775,v2_avx512bw_vec32_exact_perm,54-22-78-79-33-59-10-5-83-3-76-82-25-65-35-74-100-9-1-28-16-32-81-51-53-31-86-6-40-21-18-71-85-70-60-4-30-12-42-48-11-45-47-93-80-61-94-55-27-58-62-44-89-91-57-37-17-24-63-39-99-46-19-92-20-23-43-88-67-72-84-8-95-29-56-2-34-96-73-98-15-66-87-14-36-97-26-77-75-38-69-90-52-68-64-50-13-7-49-41
Ta100x20,1,4,400,1,0.025,5,2230105246,17000,6565,6286,5851,5.956349409,v2_avx512bw_vec32_exact_perm,54-22-78-33-59-51-76-81-21-3-25-79-82-31-35-65-16-48-100-10-80-18-74-5-61-86-4-83-9-91-6-28-1-20-56-60-29-40-11-53-55-46-43-93-45-70-44-17-99-37-32-30-89-2-42-39-63-26-85-23-14-94-66-57-12-24-71-87-72-73-92-27-62-96-47-34-19-15-68-88-98-58-13-67-7-64-95-97-8-90-69-75-84-50-36-49-77-38-52-41
Ta100x20,1,4,400,1,0.025,6,2230106255,17000,6540,6286,5851,5.430680584,v2_avx512bw_vec32_exact_perm,54-78-22-33-100-3-79-10-16-62-82-51-21-5-40-93-31-6-76-28-99-74-59-1-81-35-55-63-83-48-4-89-44-65-47-80-58-53-12-86-70-61-39-77-11-32-57-9-85-45-66-60-94-24-27-37-56-73-91-18-71-96-30-67-46-88-2-23-29-90-20-38-84-43-34-75-72-8-92-14-69-64-19-17-97-87-42-98-26-15-68-95-7-52-13-50-49-36-25-41
Ta100x20,1,4,400,1,0.025,7,2230107264,17000,6504,6286,5851,5.480852606,v2_avx512bw_vec32_exact_perm,54-22-78-33-79-35-10-82-31-3-51-76-74-28-81-83-40-1-48-25-65-12-21-61-16-55-5-80-59-96-91-100-47-20-6-62-30-89-9-37-53-94-70-93-32-86-43-4-36-71-18-67-44-85-11-24-99-63-46-19-56-58-95-57-73-27-60-98-92-14-45-26-29-2-39-34-15-72-77-84-23-17-8-88-90-66-42-75-69-38-87-97-52-68-64-50-13-7-49-41
Ta100x20,1,4,400,1,0.025,8,2230108273,17000,6516,6286,5851,5.646474982,v2_avx512bw_vec32_exact_perm,54-22-78-79-10-33-83-51-59-31-35-40-3-12-81-55-28-53-89-1-25-76-30-82-21-65-6-32-9-80-56-100-48-99-44-62-70-34-18-74-71-47-24-16-45-94-39-37-4-2-67-93-61-85-86-92-46-73-11-23-91-27-17-96-29-84-60-58-15-95-20-57-98-97-5-77-90-14-36-75-88-43-38-19-72-8-69-42-66-26-63-87-52-68-64-50-13-7-49-41
Ta100x20,1,4,400,1,0.025,9,2230109282,17000,6545,6286,5851,5.648870287,v2_avx512bw_vec32_exact_perm,54-22-78-79-10-65-33-3-32-28-1-55-81-80-83-93-35-5-16-9-60-25-82-76-47-48-74-59-21-4-40-70-44-31-94-30-56-51-53-99-46-57-36-18-86-6-20-43-90-100-14-61-62-11-12-2-37-77-34-85-45-39-88-89-24-91-17-23-15-96-29-71-66-95-67-27-64-58-68-63-72-26-73-75-98-92-8-42-87-19-97-84-52-69-38-50-13-7-49-41
Ta100x20,1,4,400,1,0.025,10,2230110291,17000,6573,6286,5851,5.308322837,v2_avx512bw_vec32_exact_perm,54-22-78-79-33-35-82-10-25-59-31-51-28-1-53-83-93-40-9-39-32-21-11-55-65-91-74-5-86-76-44-100-80-46-50-85-89-62-3-16-61-70-67-48-99-18-24-12-57-56-37-30-81-96-6-4-26-60-29-45-63-98-36-19-23-15-88-94-14-8-17-27-58-92-20-43-34-71-72-87-95-47-84-97-2-69-68-64-66-42-49-77-75-13-7-73-90-38-52-41
Ta100x20,1,4,400,1,0.05,1,2230101210,17000,6538,6286,5851,5.681988276,v2_avx512bw_vec32_exact_perm,54-22-78-33-59-79-35-16-1-10-31-81-83-82-100-76-53-74-3-47-65-94-21-80-93-62-55-91-28-39-99-18-51-40-5-48-46-9-30-12-89-61-85-70-32-20-67-24-56-4-44-71-2-96-6-86-43-11-19-88-66-23-60-14-57-37-64-98-42-26-58-50-15-87-8-73-92-45-29-27-95-68-49-69-7-13-84-90-97-75-63-34-17-72-77-38-52-36-25-41
Ta100x20,1,4,400,1,0.05,2,2230102219,17000,6561,6286,5851,5.575984264,v2_avx512bw_vec32_exact_perm,54-22-78-33-10-28-82-59-84-81-65-3-53-25-55-6-1-79-51-21-99-9-76-61-80-47-60-32-35-83-4-89-12-40-74-48-85-11-24-44-63-18-93-100-62-5-30-91-16-31-67-57-71-27-70-39-20-96-37-92-73-46-94-72-98-43-8-2-42-36-95-29-17-14-23-15-58-86-45-66-26-56-75-34-13-87-19-68-77-97-88-50-7-90-49-69-64-38-52-41
Ta100x20,1,4,400,1,0.05,3,2230103228,17000,6570,6286,5851,5.721541551,v2_avx512bw_vec32_exact_perm,54-22-47-10-78-83-1-31-33-81-3-16-6-61-99-48-74-82-76-51-79-5-40-35-32-21-12-93-80-24-28-65-59-25-60-91-9-85-45-70-4-63-56-43-44-46-57-55-66-86-100-71-67-96-30-2-20-19-37-11-18-58-42-88-34-23-62-94-26-89-17-39-92-53-15-27-14-29-87-72-73-98-8-90-97-36-95-13-68-77-69-84-52-38-75-64-50-7-49-41
Ta100x20,1,4,400,1,0.05,4,2230104237,17000,6521,6286,5851,5.332136566,v2_avx512bw_vec32_exact_perm,54-22-78-79-47-3-33-51-1-81-82-53-16-10-62-65-59-39-55-40-5-76-9-35-48-83-6-74-91-32-21-28-80-37-99-71-30-100-94-12-18-89-31-77-61-67-93-25-20-44-24-45-23-75-11-4-63-86-85-2-70-46-60-57-56-88-58-27-73-29-26-97-43-34-8-19-38-98-96-92-72-42-87-14-15-17-68-95-69-66-90-36-84-52-64-13-50-7-49-41
Ta100x20,1,4,400,1,0.05,5,2230105246,17000,6509,6286,5851,5.590643058,v2_avx512bw_vec32_exact_perm,54-22-78-79-35-74-76-51-1-83-59-3-33-53-10-81-21-18-82-55-65-61-31-30-93-48-39-40-32-28-46-85-25-12-16-11-6-91-99-44-94-9-4-24-60-47-45-80-100-5-67-71-70-62-37-29-36-57-2-92-96-43-73-58-86-17-27-89-34-14-20-77-23-19-15-87-97-56-66-95-8-26-42-98-75-72-88-38-90-63-84-52-68-69-64-50-13-7-49-41
Ta100x20,1,4,400,1,0.05,6,2230106255,17000,6552,6286,5851,5.756546201,v2_avx512bw_vec32_exact_perm,22-54-78-33-16-79-83-82-35-10-47-25-3-31-51-74-100-93-48-1-40-9-32-4-99-53-80-61-55-59-39-6-89-21-91-56-30-65-37-76-85-43-62-81-44-5-28-57-88-96-60-58-12-23-45-70-24-46-15-29-20-26-18-67-86-34-11-2-63-94-71-72-42-17-14-27-64-92-84-66-95-77-19-75-36-98-69-87-68-97-38-90-52-8-13-73-7-50-49-41
Ta100x20,1,4,400,1,0.05,7,2230107264,17000,6535,6286,5851,5.637635838,v2_avx512bw_vec32_exact_perm,54-22-78-79-10-33-81-3-82-51-16-32-74-35-6-40-53-55-1-9-25-21-83-44-28-11-5-91-63-31-45-99-61-59-47-93-80-48-100-20-96-18-89-65-12-43-85-62-24-70-60-37-56-30-76-67-4-46-15-29-73-71-39-8-23-57-26-86-34-17-2-27-38-14-92-97-19-75-94-58-36-88-84-66-90-98-77-95-72-69-42-7-87-52-68-13-64-50-49-41
Ta100x20,1,4,400,1,0.05,8,2230108273,17000,6564,6286,5851,5.689137254,v2_avx512bw_vec32_exact_perm,22-54-78-59-79-16-83-82-51-10-65-33-25-100-35-21-47-1-3-81-60-31-74-6-85-94-55-40-53-4-39-76-67-91-30-5-2-37-99-9-34-61-71-11-62-48-12-28-44-43-80-89-46-56-93-58-32-70-57-27-18-24-92-63-84-8-20-29-96-73-86-75-23-26-17-42-45-68-88-19-98-87-95-66-36-15-14-90-77-97-52-7-13-72-64-38-69-50-49-41
Ta100x20,1,4,400,1,0.05,9,2230109282,17000,6572,6286,5851,5.745479885,v2_avx512bw_vec32_exact_perm,22-54-78-55-33-81-10-16-51-100-35-40-76-3-25-9-83-82-79-31-1-28-5-74-48-11-21-61-39-65-53-6-45-80-93-4-60-47-20-59-63-85-99-12-62-29-30-46-70-57-89-37-32-44-18-91-67-24-90-71-8-87-34-56-94-73-97-23-96-75-27-88-2-36-92-14-58-86-42-26-95-50-7-77-98-64-84-72-17-43-19-52-66-68-13-15-49-38-69-41
Ta100x20,1,4,400,1,0.05,10,2230110291,17000,6552,6286,5851,5.743667277,v2_avx512bw_vec32_exact_perm,54-22-78-79-33-10-25-82-51-74-35-46-100-59-31-40-12-65-55-48-30-16-9-83-3-21-6-85-44-4-60-76-70-50-91-32-81-61-67-86-93-18-34-39-89-17-98-80-53-27-62-11-2-57-23-28-94-24-43-99-1-45-37-47-29-63-36-5-56-92-58-87-14-75-95-15-68-71-96-64-72-66-8-73-42-20-26-88-49-77-19-38-84-69-97-7-90-13-52-41
Ta100x20,1,4,400,1,0.075,1,2230101210,17000,6556,6286,5851,6.094634072,v2_avx512bw_vec32_exact_perm,54-22-78-33-59-79-65-35-83-76-5-74-3-82-16-21-100-40-10-25-31-48-88-51-1-6-4-81-62-61-45-30-12-11-47-60-55-89-91-80-94-28-46-93-56-44-99-85-37-43-32-67-57-9-39-53-49-24-71-70-2-77-86-17-23-36-96-72-34-27-18-63-20-29-58-98-42-14-19-8-15-95-26-84-92-68-66-73-64-13-50-90-7-69-87-97-38-75-52-41
Ta100x20,1,4,400,1,0.075,2,2230102219,17000,6553,6286,5851,6.07267713,v2_avx512bw_vec32_exact_perm,54-22-78-79-35-10-16-33-21-82-3-48-59-31-53-55-83-51-81-40-91-1-12-89-65-28-25-63-9-76-30-93-99-44-5-56-6-11-94-43-37-62-39-60-18-73-100-45-47-74-80-46-36-71-24-61-86-70-19-32-88-96-20-2-14-34-75-17-67-4-85-29-72-8-57-98-95-87-23-92-77-27-58-42-68-15-69-66-64-90-26-97-84-49-38-50-13-7-52-41
Ta100x20,1,4,400,1,0.075,3,2230103228,17000,6552,6286,5851,6.078156025,v2_avx512bw_vec32_exact_perm,54-22-78-47-79-82-55-83-35-33-51-3-10-74-21-56-81-76-61-40-4-62-39-9-59-93-5-44-16-31-28-6-53-85-1-25-58-80-46-30-89-60-94-37-18-91-65-48-29-27-45-100-99-88-11-32-43-23-20-17-42-70-67-12-24-96-2-64-98-71-14-19-26-86-49-34-68-92-15-75-73-72-77-57-8-7-97-95-87-66-50-13-63-36-69-38-84-90-52-41
Ta100x20,1,4,400,1,0.075,4,2230104237,17000,6549,6286,5851,6.075581863,v2_avx512bw_vec32_exact_perm,54-22-78-79-35-10-31-83-32-4-55-82-91-48-65-59-40-9-25-1-3-74-81-5-12-80-51-37-61-60-28-16-11-30-18-44-56-70-33-63-66-39-53-21-85-77-76-89-99-6-71-93-2-47-94-34-45-57-100-62-46-67-27-86-20-88-23-17-96-24-98-58-42-72-68-13-29-43-90-84-19-36-75-8-92-14-52-64-15-26-73-95-87-97-38-69-7-50-49-41
Ta100x20,1,4,400,1,0.075,5,2230105246,17000,6570,6286,5851,5.614434674,v2_avx512bw_vec32_exact_perm,54-78-22-33-59-79-74-25-83-4-35-10-81-76-21-82-51-28-31-1-6-71-93-94-40-39-55-32-24-5-57-65-62-12-53-27-60-89-18-11-86-30-91-16-3-70-37-29-88-48-44-20-9-56-80-61-42-100-99-23-75-85-45-46-17-96-63-14-72-67-58-2-8-73-26-47-95-66-43-92-19-64-68-15-87-97-36-84-38-69-34-77-90-52-98-13-7-50-49-41
Ta100x20,1,4,400,1,0.075,6,2230106255,17000,6581,6286,5851,5.558959977,v2_avx512bw_vec32_exact_perm,54-78-22-33-82-79-10-31-3-48-9-25-47-59-76-100-5-35-1-81-55-93-40-74-21-6-53-30-65-61-32-67-12-83-4-51-44-89-80-16-46-91-57-62-60-71-34-70-2-45-63-24-37-27-39-23-86-18-11-99-42-19-85-94-20-28-92-75-15-58-56-14-66-96-72-98-17-95-73-43-68-84-26-29-97-88-8-90-69-87-7-64-13-50-49-36-38-77-52-41
Ta100x20,1,4,400,1,0.075,7,2230107264,17000,6501,6286,5851,6.347063536,v2_avx512bw_vec32_exact_perm,54-22-78-79-35-55-33-81-10-76-9-82-59-83-91-12-5-16-6-31-100-44-40-3-80-74-60-25-65-89-46-39-1-85-53-21-48-37-94-99-61-70-30-28-11-56-2-45-23-71-62-27-20-32-90-86-43-34-96-24-4-67-77-75-18-84-29-57-63-19-68-51-88-47-72-93-66-15-14-17-64-95-58-92-8-73-98-42-69-87-97-26-52-36-38-50-49-13-7-41
Ta100x20,1,4,400,1,0.075,8,2230108273,17000,6569,6286,5851,5.378166412,v2_avx512bw_vec32_exact_perm,22-54-78-79-33-10-5-89-59-74-35-76-100-31-81-55-48-60-1-65-91-12-11-40-80-16-6-83-82-86-53-21-32-28-73-99-93-25-46-47-3-50-18-44-4-37-61-85-30-17-90-96-62-24-56-70-67-88-23-71-34-94-9-45-58-2-75-20-43-39-72-69-64-51-14-98-27-63-84-15-8-92-57-19-7-42-66-95-77-29-26-49-87-97-68-13-36-38-52-41
Ta100x20,1,4,400,1,0.075,9,2230109282,17000,6570,6286,5851,5.956415701,v2_avx512bw_vec32_exact_perm,22-54-78-81-33-28-59-10-4-79-31-9-82-40-25-65-16-35-74-48-60-6-21-100-3-94-47-11-55-61-53-18-1-12-32-93-83-5-57-29-89-39-76-70-85-62-24-34-51-43-2-36-45-30-44-80-86-37-46-56-67-98-71-90-17-96-75-27-58-68-73-92-99-95-14-91-15-64-20-87-69-23-19-8-26-88-72-66-52-50-42-97-63-84-7-13-49-38-77-41
Ta100x20,1,4,400,1,0.075,10,2230110291,17000,6540,6286,5851,5.818462704,v2_avx512bw_vec32_exact_perm,54-22-78-79-33-10-83-82-3-65-16-55-32-100-21-81-48-93-63-74-39-31-51-76-35-53-25-99-59-85-43-89-1-4-46-61-40-6-29-70-47-60-11-91-44-62-28-37-80-24-12-86-5-30-56-57-87-67-2-18-15-20-23-94-14-73-58-71-77-17-9-50-8-34-45-36-42-66-19-92-96-69-64-88-72-98-26-95-13-97-75-7-38-90-27-84-68-52-49-41
Ta100x20,1,4,400,1,0.1,1,2230101210,17000,6576,6286,5851,5.414420052,v2_avx512bw_vec32_exact_perm,78-22-79-54-83-55-5-82-10-1-9-31-35-3-51-33-21-48-59-16-53-56-65-40-70-81-76-12-99-18-30-28-93-11-4-37-47-94-91-61-25-32-74-80-45-20-88-44-43-6-89-46-96-85-100-58-67-75-17-19-2-23-24-60-36-92-27-57-63-90-97-64-13-29-86-50-62-87-39-77-72-34-95-98-8-66-73-14-71-26-68-15-42-38-49-84-7-69-52-41
Ta100x20,1,4,400,1,0.1,2,2230102219,17000,6602,6286,5851,5.68013075,v2_avx512bw_vec32_exact_perm,54-22-78-3-59-55-82-33-16-9-79-21-5-47-60-28-85-1-10-31-18-44-37-91-65-76-51-83-74-35-48-81-6-4-89-40-94-11-73-93-61-86-80-100-30-53-25-46-12-32-57-20-67-56-98-24-62-2-27-36-70-96-23-88-72-14-19-29-75-63-34-39-17-66-26-43-42-8-71-58-15-99-68-92-95-45-87-97-77-90-69-64-52-84-7-50-13-38-49-41
Ta100x20,1,4,400,1,0.1,3,2230103228,17000,6554,6286,5851,5.341176553,v2_avx512bw_vec32_exact_perm,22-54-78-79-35-55-3-82-40-5-93-16-59-76-28-9-1-81-33-10-48-44-25-77-37-21-39-4-83-12-24-53-65-74-45-31-85-100-98-70-30-60-80-71-18-91-47-89-11-73-32-66-46-20-67-56-27-19-96-88-94-23-14-61-29-51-2-62-99-17-86-43-36-58-75-57-97-95-34-63-90-84-42-26-52-72-92-68-8-87-15-69-6-50-13-7-38-64-49-41
Ta100x20,1,4,400,1,0.1,4,2230104237,17000,6572,6286,5851,5.669678546,v2_avx512bw_vec32_exact_perm,54-78-59-74-22-33-10-25-1-81-79-28-40-73-11-3-51-55-65-82-5-31-93-2-61-62-83-48-24-21-16-50-80-35-30-45-76-44-100-32-60-85-53-6-18-42-98-89-20-63-9-12-56-46-39-94-37-99-70-67-4-29-88-71-8-19-14-91-92-43-36-96-58-27-26-47-57-23-17-86-15-68-95-90-64-72-13-34-66-49-7-84-75-87-77-69-97-38-52-41
Ta100x20,1,4,400,1,0.1,5,2230105246,17000,6583,6286,5851,5.87539344,v2_avx512bw_vec32_exact_perm,22-54-78-79-35-40-33-83-25-82-51-3-46-1-11-100-10-45-76-59-16-85-12-55-74-65-93-5-28-32-21-89-53-92-77-56-81-18-86-29-4-44-71-94-70-64-91-31-47-57-9-61-67-80-62-63-37-6-42-39-20-60-23-8-24-58-72-48-27-98-14-69-43-84-17-2-34-75-19-36-96-90-30-73-66-99-88-13-97-26-15-87-68-52-38-50-95-7-49-41
Ta100x20,1,4,400,1,0.1,6,2230106255,17000,6573,6286,5851,5.156897519,v2_avx512bw_vec32_exact_perm,54-22-78-33-59-5-55-79-76-28-74-65-35-10-6-1-83-12-81-16-9-91-40-3-61-21-31-82-66-51-11-18-30-32-25-56-89-4-43-70-37-85-67-14-48-60-44-19-80-94-47-53-93-71-77-24-86-62-96-99-57-63-39-46-45-95-29-72-100-23-92-88-98-34-27-8-87-2-26-20-68-64-42-69-15-58-17-75-49-36-73-7-84-13-90-52-97-50-38-41
Ta100x20,1,4,400,1,0.1,7,2230107264,17000,6571,6286,5851,5.262776414,v2_avx512bw_vec32_exact_perm,22-54-78-33-59-79-40-82-51-10-81-53-25-4-74-6-35-31-61-83-9-3-65-16-67-55-91-28-12-76-30-1-89-21-93-18-20-11-48-32-39-47-99-17-45-62-80-100-84-5-96-94-43-24-37-73-44-23-85-70-86-71-46-60-29-66-92-27-2-56-8-26-42-72-88-58-15-34-19-77-87-63-98-57-95-64-68-14-75-69-36-90-38-97-13-52-50-7-49-41
Ta100x20,1,4,400,1,0.1,8,2230108273,17000,6580,6286,5851,5.711860426,v2_avx512bw_vec32_exact_perm,22-54-78-79-51-33-59-35-74-83-25-100-1-16-82-65-28-81-5-31-9-3-12-55-48-93-91-40-60-53-2-94-76-21-11-29-44-61-46-80-56-6-32-85-70-62-89-50-45-18-30-10-27-4-24-99-75-57-14-66-96-23-67-43-36-47-92-37-84-71-58-73-39-20-72-95-17-64-87-68-98-26-86-97-42-15-8-88-19-7-63-13-90-34-49-69-52-77-38-41
Ta100x20,1,4,400,1,0.1,9,2230109282,17000,6568,6286,5851,5.607111464,v2_avx512bw_vec32_exact_perm,54-22-78-79-33-35-74-10-55-16-82-83-5-3-48-25-9-70-86-1-28-61-80-76-65-93-91-32-43-56-31-89-39-51-37-6-100-21-2-12-67-4-40-59-96-71-30-47-94-99-62-53-50-60-24-88-23-81-14-29-11-19-73-45-92-46-72-15-98-27-20-18-57-44-8-58-95-63-75-64-68-17-84-36-87-90-85-69-66-42-34-97-26-49-77-13-7-52-38-41
Ta100x20,1,4,400,1,0.1,10,2230110291,17000,6585,6286,5851,5.769180438,v2_avx512bw_vec32_exact_perm,22-54-78-59-1-33-10-5-83-74-79-28-76-35-55-82-65-48-21-44-9-11-32-25-47-81-31-90-85-12-3-51-40-89-61-53-73-93-80-70-20-60-62-46-18-36-91-100-17-86-57-6-24-99-43-63-71-16-72-58-94-97-96-92-45-42-37-23-56-27-98-88-67-34-19-8-15-4-77-2-95-75-14-66-30-39-38-84-26-29-87-13-68-64-52-50-69-7-49-41
Ta100x20,1,4,400,1,0.125,1,2230101210,17000,6575,6286,5851,5.534062118,v2_avx512bw_vec32_exact_perm,54-22-79-78-10-5-82-35-83-76-33-1-59-30-51-48-31-40-81-12-32-55-74-28-61-93-16-70-65-89-44-43-80-11-39-3-85-21-24-56-9-53-6-90-18-88-62-29-37-20-23-42-73-25-91-94-47-4-67-15-71-17-99-86-75-46-60-57-100-98-34-19-2-92-87-63-45-14-27-96-26-66-58-84-68-95-69-64-50-49-7-72-38-77-97-52-36-13-8-41
Ta100x20,1,4,400,1,0.125,2,2230102219,17000,6543,6286,5851,5.401746774,v2_avx512bw_vec32_exact_perm,54-78-59-22-33-65-79-10-60-82-24-35-74-100-21-1-62-3-99-93-5-48-83-28-53-12-94-39-89-37-9-55-31-40-4-80-51-61-32-44-16-6-11-57-23-77-88-85-91-90-8-43-63-20-30-70-76-25-56-67-71-46-45-92-29-58-19-2-81-36-86-18-69-98-47-84-75-27-97-96-15-17-73-87-26-14-38-52-68-34-95-42-66-72-13-64-7-50-49-41
Ta100x20,1,4,400,1,0.125,3,2230103228,17000,6595,6286,5851,5.528083189,v2_avx512bw_vec32_exact_perm,22-54-59-78-5-25-33-79-1-81-83-35-93-53-3-76-74-82-16-10-62-65-100-63-28-99-6-12-29-48-46-21-85-31-61-9-90-24-80-55-40-51-4-89-36-32-45-20-92-39-37-91-75-77-94-96-43-67-30-44-86-18-60-11-27-98-70-17-8-71-23-57-58-88-56-14-2-34-47-15-73-26-19-97-87-49-84-95-69-7-72-66-64-38-50-42-13-52-68-41
Ta100x20,1,4,400,1,0.125,4,2230104237,17000,6571,6286,5851,5.6188417,v2_avx512bw_vec32_exact_perm,22-54-78-79-33-74-35-59-25-31-28-65-93-10-40-6-80-100-9-53-47-1-3-21-51-82-81-30-55-91-92-16-48-5-32-62-76-89-83-60-50-18-4-96-94-61-70-87-20-86-24-12-99-71-46-37-11-67-73-44-39-63-95-88-29-77-58-17-15-23-68-85-56-45-13-34-14-64-8-75-19-98-43-2-72-27-57-26-36-66-84-49-7-38-42-52-90-69-97-41
Ta100x20,1,4,400,1,0.125,5,2230105246,17000,6600,6286,5851,6.379817136,v2_avx512bw_vec32_exact_perm,54-22-33-35-78-83-88-81-10-16-59-6-51-4-100-74-53-76-65-82-18-79-3-67-11-21-60-12-28-89-1-31-48-73-9-40-5-61-85-39-29-45-55-93-25-46-23-20-80-34-58-44-24-56-57-63-94-32-99-47-8-70-27-91-62-71-30-15-84-2-95-68-98-96-37-49-72-75-97-92-19-43-36-87-17-86-42-13-26-77-66-64-14-90-7-52-38-50-69-41
Ta100x20,1,4,400,1,0.125,6,2230106255,17000,6570,6286,5851,5.51134586,v2_avx512bw_vec32_exact_perm,54-22-78-79-82-3-10-33-35-55-40-31-83-74-51-48-21-11-1-28-53-25-93-47-61-9-59-5-65-80-75-76-30-12-97-100-91-6-32-67-85-99-62-81-4-71-29-70-44-34-37-60-94-77-96-73-88-39-63-86-19-2-18-56-45-46-64-8-24-43-17-57-26-23-20-58-95-15-16-72-27-49-98-14-89-68-36-92-84-50-66-87-42-69-38-90-52-7-13-41
Ta100x20,1,4,400,1,0.125,7,2230107264,17000,6582,6286,5851,5.520698273,v2_avx512bw_vec32_exact_perm,22-54-78-33-59-81-76-28-10-25-35-31-83-9-5-16-85-65-99-55-6-60-3-1-82-79-74-91-46-40-94-62-23-48-39-61-51-68-21-2-37-53-86-100-20-12-30-89-63-70-47-96-11-32-56-93-67-73-4-42-97-24-17-18-29-80-57-15-95-44-98-66-26-45-75-8-72-27-58-34-87-92-84-88-69-71-64-19-50-90-13-14-7-49-36-43-77-38-52-41
Ta100x20,1,4,400,1,0.125,8,2230108273,17000,6580,6286,5851,5.211651638,v2_avx512bw_vec32_exact_perm,54-22-78-79-35-10-51-16-31-3-9-82-91-40-76-81-83-33-28-4-85-74-99-21-53-30-59-84-1-93-12-2-44-55-80-100-70-34-47-32-29-39-5-60-94-46-56-37-25-18-65-57-11-62-23-48-61-20-45-15-67-88-92-89-58-42-6-24-27-66-96-43-71-72-14-95-86-75-26-19-73-17-8-36-68-98-49-38-87-50-63-77-69-13-97-7-64-90-52-41
Ta100x20,1,4,400,1,0.125,9,2230109282,17000,6587,6286,5851,5.120619976,v2_avx512bw_vec32_exact_perm,54-22-78-79-33-47-28-5-3-59-65-83-35-40-25-74-12-6-16-10-32-51-53-31-9-82-4-30-48-55-80-81-89-91-67-62-100-11-21-43-1-93-94-24-99-76-18-63-98-44-45-57-75-68-39-46-20-70-85-17-60-87-14-56-92-61-96-23-8-66-42-26-29-15-37-2-88-86-36-95-97-34-90-27-69-84-49-77-64-71-73-13-58-19-72-7-38-52-50-41
Ta100x20,1,4,400,1,0.125,10,2230110291,17000,6599,6286,5851,5.38642036,v2_avx512bw_vec32_exact_perm,54-78-22-33-59-3-79-74-35-81-25-82-10-76-5-65-56-28-40-21-16-47-4-60-83-53-1-6-9-31-89-80-93-48-91-99-30-45-2-75-24-55-94-37-44-70-12-62-51-57-85-46-32-67-61-29-100-11-86-14-98-88-15-77-72-27-92-71-20-66-96-23-39-68-18-95-63-36-8-64-73-43-42-87-17-90-34-26-97-50-58-69-84-7-13-52-19-38-49-41
Ta100x20,1,5,500,0.85,0.025,1,2230101210,17000,6500,6286,5851,7.437151254,v2_avx512bw_vec32_exact_perm,54-22-78-33-81-55-79-100-10-3-4-82-40-60-74-83-35-16-6-93-31-48-99-12-28-21-1-80-39-63-76-11-53-25-9-59-61-30-51-91-37-65-5-47-85-32-89-70-44-27-71-94-45-46-20-18-23-24-67-62-2-38-77-97-43-58-92-86-57-56-29-68-96-75-95-72-17-14-34-36-98-87-88-19-73-15-66-8-26-49-42-90-84-69-64-50-13-7-52-41
Ta100x20,1,5,500,0.85,0.025,2,2230102219,17000,6437,6286,5851,6.272522437,v2_avx512bw_vec32_exact_perm,54-22-78-79-35-83-25-10-33-81-31-21-51-47-48-82-6-18-40-61-53-3-76-1-100-74-65-86-11-5-80-89-56-44-28-16-4-59-9-55-70-71-39-85-37-99-12-45-46-60-63-93-91-62-24-94-57-67-96-29-32-27-34-98-19-30-90-17-2-88-23-15-20-14-72-42-58-26-95-7-73-50-75-8-92-43-13-49-36-84-77-66-87-97-68-69-64-38-52-41
Ta100x20,1,5,500,0.85,0.025,3,2230103228,17000,6544,6286,5851,6.475347169,v2_avx512bw_vec32_exact_perm,54-22-79-10-33-81-25-82-100-16-83-5-31-74-48-35-60-40-21-65-18-3-99-55-1-12-11-59-44-91-51-46-71-28-9-53-61-27-89-80-86-32-30-93-62-45-4-56-6-85-20-76-24-39-90-94-29-77-75-37-88-2-23-47-36-67-63-70-57-17-14-73-15-92-96-34-8-97-95-19-72-66-26-42-43-58-98-87-84-68-7-49-52-69-64-13-50-78-38-41
Ta100x20,1,5,500,0.85,0.025,4,2230104237,17000,6431,6286,5851,7.000507206,v2_avx512bw_vec32_exact_perm,54-22-78-79-35-55-33-65-59-83-3-10-1-31-51-74-60-21-91-82-40-5-28-9-93-100-76-70-81-6-50-61-16-80-85-12-11-32-48-47-25-89-45-43-18-4-94-53-44-37-56-96-30-62-86-17-99-39-29-63-24-57-2-58-46-67-23-15-88-27-71-92-72-14-42-75-66-95-38-84-36-87-26-68-98-73-64-13-20-34-19-8-49-77-97-69-90-7-52-41
Ta100x20,1,5,500,0.85,0.025,5,2230105246,17000,6494,6286,5851,6.178647478,v2_avx512bw_vec32_exact_perm,54-22-78-33-79-10-31-81-51-83-82-16-35-76-55-1-60-21-6-59-65-3-32-25-74-89-12-100-30-93-44-9-80-28-62-91-85-61-5-40-46-53-86-57-70-71-29-18-99-24-56-39-66-87-68-20-94-45-2-11-37-73-4-67-96-23-27-47-75-36-48-95-15-14-58-42-92-43-26-84-50-98-19-8-72-13-77-63-7-88-64-17-49-34-69-97-90-38-52-41
Ta100x20,1,5,500,0.85,0.025,6,2230106255,17000,6486,6286,5851,6.365760508,v2_avx512bw_vec32_exact_perm,54-78-59-22-33-79-35-55-60-82-21-3-31-40-83-65-51-32-10-86-48-93-76-28-6-1-100-12-81-80-44-61-4-53-11-74-16-9-94-89-99-56-5-67-37-30-71-70-91-62-50-34-29-96-39-63-46-85-15-18-14-57-24-66-2-23-45-43-20-92-42-75-47-72-27-49-26-88-58-87-17-98-84-97-19-8-36-95-90-73-69-77-13-7-38-52-68-64-25-41
Ta100x20,1,5,500,0.85,0.025,7,2230107264,17000,6489,6286,5851,6.658157057,v2_avx512bw_vec32_exact_perm,22-54-78-33-59-25-35-10-31-81-9-76-51-48-74-3-100-53-99-21-82-16-83-47-55-79-61-12-6-89-30-65-91-40-56-80-60-93-5-28-94-32-20-39-37-44-18-85-70-45-62-46-23-27-4-86-71-67-2-29-11-63-43-24-98-68-15-1-14-42-87-58-92-57-96-36-95-34-17-75-72-97-26-8-73-90-69-66-49-19-38-84-88-77-64-52-50-13-7-41
Ta100x20,1,5,500,0.85,0.025,8,2230108273,17000,6435,6286,5851,6.261636986,v2_avx512bw_vec32_exact_perm,54-22-47-78-10-33-83-35-55-82-79-74-5-16-93-48-21-100-1-18-85-44-3-53-76-6-39-61-40-81-89-31-25-12-9-50-99-32-59-51-80-30-4-28-37-11-65-60-20-43-73-70-29-46-23-91-56-88-27-62-58-86-96-19-14-57-24-2-75-36-67-71-92-45-66-17-64-95-98-87-8-72-42-63-26-77-13-34-7-49-90-84-69-97-68-15-38-94-52-41
Ta100x20,1,5,500,0.85,0.025,9,2230109282,17000,6441,6286,5851,6.735230525,v2_avx512bw_vec32_exact_perm,54-22-78-79-10-33-83-35-55-65-59-40-21-4-6-28-51-76-74-82-12-81-3-1-9-45-60-56-93-31-48-11-100-25-80-5-61-16-47-30-18-99-91-70-43-32-37-71-63-46-94-85-44-29-53-39-62-20-67-24-50-2-96-23-89-19-86-26-73-15-14-42-58-17-88-95-57-36-84-66-34-27-77-72-75-92-68-98-13-7-64-87-8-49-97-69-90-38-52-41
Ta100x20,1,5,500,0.85,0.025,10,2230110291,17000,6485,6286,5851,7.117504682,v2_avx512bw_vec32_exact_perm,54-22-78-79-35-55-33-93-31-74-81-82-40-3-25-28-1-16-5-83-21-59-65-10-91-46-37-32-99-60-62-51-61-53-30-71-70-18-48-45-100-9-76-47-12-24-4-89-6-56-39-85-44-57-43-63-36-94-20-2-67-87-23-29-80-86-11-90-73-27-92-58-42-14-95-88-68-15-34-98-17-96-72-97-19-84-69-50-26-66-75-8-49-77-7-13-64-38-52-41
Ta100x20,1,5,500,0.85,0.05,1,2230101210,17000,6475,6286,5851,6.822951103,v2_avx512bw_vec32_exact_perm,54-22-78-79-33-10-35-55-65-76-21-81-28-1-91-74-25-3-83-47-5-40-18-82-16-59-44-9-80-93-51-53-12-89-61-85-31-86-99-39-48-70-24-60-37-63-43-50-45-4-2-27-20-11-67-29-23-6-32-100-62-87-71-94-66-96-34-92-30-56-46-68-58-98-64-88-72-15-14-19-57-42-17-75-84-69-73-8-49-36-95-7-13-90-26-97-77-38-52-41
Ta100x20,1,5,500,0.85,0.05,2,2230102219,17000,6469,6286,5851,7.417260468,v2_avx512bw_vec32_exact_perm,54-78-22-33-81-10-79-31-82-74-35-76-83-3-1-60-5-56-61-80-47-48-21-51-99-93-53-9-25-59-28-40-4-100-6-55-89-62-63-12-16-11-91-85-94-44-30-66-32-86-57-18-46-90-71-73-96-70-20-24-45-37-29-67-23-19-17-2-15-97-92-8-88-75-65-77-72-34-39-95-36-84-43-14-58-69-98-27-87-42-26-38-52-68-64-50-13-7-49-41
Ta100x20,1,5,500,0.85,0.05,3,2230103228,17000,6460,6286,5851,7.878665924,v2_avx512bw_vec32_exact_perm,54-22-78-33-59-79-10-82-16-31-83-81-35-65-76-1-74-21-100-51-3-6-61-40-4-32-28-53-5-80-93-39-47-94-25-30-55-12-9-99-45-89-18-11-91-37-20-44-60-42-70-17-24-43-92-48-14-56-71-2-85-46-62-34-29-63-86-67-98-96-72-77-88-36-75-23-15-27-57-26-19-66-95-73-58-90-8-87-97-84-38-52-68-69-64-50-13-7-49-41
Ta100x20,1,5,500,0.85,0.05,4,2230104237,17000,6469,6286,5851,6.898665504,v2_avx512bw_vec32_exact_perm,54-22-78-33-59-79-35-83-55-9-3-82-28-10-76-74-65-61-21-81-89-31-56-48-12-80-11-30-60-91-51-1-16-40-4-94-62-5-25-32-18-6-85-71-86-53-100-67-99-29-77-37-45-63-44-96-47-34-2-88-17-70-58-24-57-39-36-27-46-73-98-23-15-20-19-42-38-14-43-75-72-93-66-8-95-92-97-26-90-52-69-87-84-68-64-50-13-7-49-41
Ta100x20,1,5,500,0.85,0.05,5,2230105246,17000,6499,6286,5851,6.894649614,v2_avx512bw_vec32_exact_perm,54-22-78-33-59-79-10-35-55-76-40-83-51-1-62-82-5-21-4-99-89-25-65-81-12-6-31-53-3-39-74-61-9-85-47-94-30-91-60-100-11-56-14-44-48-45-71-70-57-67-46-37-2-36-18-80-24-93-88-90-34-16-20-23-96-28-63-26-43-73-75-32-29-86-27-95-8-19-66-64-68-42-72-98-38-58-92-84-13-97-15-87-17-50-69-7-49-77-52-41
Ta100x20,1,5,500,0.85,0.05,6,2230106255,17000,6454,6286,5851,6.589767379,v2_avx512bw_vec32_exact_perm,54-22-78-79-10-33-35-83-93-40-82-55-21-4-76-74-28-81-9-5-25-1-3-48-39-59-89-51-31-11-6-85-80-37-12-45-24-30-61-88-18-65-71-32-99-91-67-16-94-100-53-47-70-19-27-66-20-2-86-46-44-57-23-62-42-58-43-14-96-60-56-17-73-90-26-95-29-34-64-72-68-75-69-98-8-87-63-15-92-97-84-50-13-7-49-77-36-38-52-41
Ta100x20,1,5,500,0.85,0.05,7,2230107264,17000,6478,6286,5851,6.573025201,v2_avx512bw_vec32_exact_perm,54-22-78-47-79-10-33-51-59-53-3-82-99-74-81-25-76-56-5-1-35-83-16-12-31-40-55-6-28-11-32-48-86-39-21-9-89-18-85-44-80-65-93-91-61-60-62-100-46-45-70-71-57-63-43-24-2-37-23-84-96-4-67-36-34-20-72-27-94-19-30-17-92-29-14-90-75-73-58-42-98-26-88-95-15-68-8-87-97-77-66-38-52-69-64-50-13-7-49-41
Ta100x20,1,5,500,0.85,0.05,8,2230108273,17000,6459,6286,5851,6.60784957,v2_avx512bw_vec32_exact_perm,54-22-78-79-10-33-83-35-55-40-21-25-59-65-3-82-4-11-51-16-61-39-32-80-93-81-85-12-5-56-74-60-37-31-48-1-89-30-6-71-100-88-70-76-53-9-27-44-29-18-86-23-20-62-91-58-28-67-99-94-47-43-2-96-64-24-17-57-46-14-15-77-66-45-68-98-26-19-34-87-95-63-8-72-75-92-42-73-84-13-50-7-49-69-36-97-90-38-52-41
Ta100x20,1,5,500,0.85,0.05,9,2230109282,17000,6486,6286,5851,6.939374445,v2_avx512bw_vec32_exact_perm,54-78-22-33-82-65-10-25-93-35-100-4-16-74-3-48-79-39-59-83-31-51-76-99-21-40-45-91-61-1-80-5-18-55-47-62-32-28-85-81-9-89-12-57-92-60-44-86-67-46-96-71-43-24-63-37-56-30-70-20-87-66-23-27-95-11-58-94-75-68-6-53-36-38-90-34-98-2-88-29-19-72-42-84-14-15-64-8-49-17-77-97-73-13-26-7-50-69-52-41
Ta100x20,1,5,500,0.85,0.05,10,2230110291,17000,6478,6286,5851,6.945468366,v2_avx512bw_vec32_exact_perm,54-22-78-79-35-55-33-83-1-82-9-31-74-6-3-51-21-61-48-28-10-81-5-65-32-12-60-40-80-24-56-99-93-76-16-53-47-44-70-59-18-37-25-29-71-4-86-100-62-30-43-45-91-85-94-14-90-73-11-46-2-67-20-57-92-58-27-23-96-36-75-98-89-39-88-63-66-84-17-34-15-19-26-8-72-95-77-97-38-42-52-87-13-68-69-64-50-7-49-41
Ta100x20,1,5,500,0.85,0.075,1,2230101210,17000,6532,6286,5851,7.295581536,v2_avx512bw_vec32_exact_perm,54-22-78-33-79-10-35-55-40-3-99-61-9-25-28-21-5-83-82-6-16-59-100-65-80-51-53-47-85-74-93-46-81-31-23-57-86-70-56-12-91-94-76-29-32-30-62-44-60-89-27-19-92-71-20-67-88-2-45-4-24-1-66-36-73-11-96-37-98-39-90-43-84-58-17-34-18-42-75-14-97-68-95-15-26-87-72-8-48-69-52-38-13-7-50-77-63-64-49-41
Ta100x20,1,5,500,0.85,0.075,2,2230102219,17000,6547,6286,5851,7.102256989,v2_avx512bw_vec32_exact_perm,22-54-78-59-25-79-9-35-55-81-10-82-23-65-53-12-51-76-6-32-74-83-48-21-4-61-3-40-70-46-60-99-5-16-50-100-91-1-89-80-47-2-15-93-62-39-94-45-75-30-88-33-18-37-90-20-31-11-29-28-63-67-24-69-36-43-57-92-86-85-58-19-8-73-71-96-72-84-34-44-17-14-56-98-95-87-97-77-26-68-66-27-49-13-7-64-42-38-52-41
Ta100x20,1,5,500,0.85,0.075,3,2230103228,17000,6487,6286,5851,7.230364275,v2_avx512bw_vec32_exact_perm,54-22-78-79-35-10-33-55-82-31-65-59-80-81-4-40-83-51-48-74-5-53-16-89-3-6-61-21-30-76-99-28-70-85-91-2-1-11-12-9-60-25-94-32-47-93-37-43-67-100-23-44-88-20-27-58-45-62-90-24-56-98-96-42-14-17-29-92-34-39-46-71-72-57-26-15-77-73-19-87-38-86-18-68-8-75-66-97-95-63-84-69-52-36-64-50-13-7-49-41
Ta100x20,1,5,500,0.85,0.075,4,2230104237,17000,6485,6286,5851,7.128802378,v2_avx512bw_vec32_exact_perm,54-78-22-33-35-83-55-82-40-59-4-3-25-65-10-21-51-6-61-32-76-5-39-88-62-48-81-74-12-60-29-70-100-80-24-1-99-89-44-11-50-79-28-9-53-37-31-96-56-38-16-93-91-30-63-67-2-66-47-75-85-94-57-36-46-18-86-17-64-45-71-26-23-95-58-98-68-27-15-19-34-72-43-77-20-87-14-8-92-49-90-97-84-69-73-42-13-7-52-41
Ta100x20,1,5,500,0.85,0.075,5,2230105246,17000,6503,6286,5851,6.943872217,v2_avx512bw_vec32_exact_perm,54-78-22-33-59-31-81-10-1-51-65-16-35-83-82-61-40-3-79-55-28-6-76-5-4-25-74-93-9-45-32-99-24-21-11-12-100-30-53-68-80-18-48-91-29-94-37-47-60-20-70-23-67-39-2-57-34-86-46-85-58-62-89-56-63-44-42-98-27-26-73-87-71-15-96-14-19-88-64-92-66-75-77-36-38-8-50-72-95-17-49-43-69-84-97-90-13-7-52-41
Ta100x20,1,5,500,0.85,0.075,6,2230106255,17000,6511,6286,5851,6.508726061,v2_avx512bw_vec32_exact_perm,54-78-22-33-59-79-35-85-55-10-81-31-82-65-53-74-3-48-16-1-47-76-51-21-9-28-12-46-6-43-32-91-57-39-83-89-66-93-18-60-44-40-61-4-100-80-5-71-70-62-73-11-30-37-75-99-88-25-23-92-86-94-56-45-19-67-24-36-96-29-20-87-95-68-27-2-64-77-58-42-63-17-34-15-49-8-90-14-97-26-50-69-72-98-84-7-13-38-52-41
Ta100x20,1,5,500,0.85,0.075,7,2230107264,17000,6489,6286,5851,6.489330494,v2_avx512bw_vec32_exact_perm,54-22-78-79-10-33-65-1-3-82-35-83-81-25-28-37-21-39-93-76-51-70-31-48-40-89-53-11-16-61-99-80-60-91-94-47-12-27-55-4-74-86-9-56-62-59-30-32-2-67-44-100-85-58-5-84-23-45-88-24-71-18-36-17-98-57-46-20-6-90-63-75-69-96-43-14-29-34-77-15-68-95-97-19-26-87-64-52-92-73-8-42-49-38-66-72-50-13-7-41
Ta100x20,1,5,500,0.85,0.075,8,2230108273,17000,6486,6286,5851,6.361636043,v2_avx512bw_vec32_exact_perm,54-78-59-22-33-10-65-4-83-3-82-79-74-9-35-25-1-53-81-100-47-31-60-16-5-40-6-99-80-39-21-55-51-45-37-56-30-91-44-12-61-20-89-18-32-92-85-94-43-48-93-72-86-23-11-28-46-62-87-57-76-70-24-71-14-34-17-67-75-36-69-2-90-73-66-42-26-96-15-84-29-97-27-38-98-19-88-95-8-63-77-58-52-68-13-7-64-50-49-41
Ta100x20,1,5,500,0.85,0.075,9,2230109282,17000,6515,6286,5851,6.330959849,v2_avx512bw_vec32_exact_perm,54-22-78-33-59-79-99-10-40-51-31-25-35-74-3-82-65-83-100-1-70-4-47-48-53-61-21-16-6-93-85-12-9-5-81-39-60-30-56-28-20-32-37-18-29-46-80-76-91-62-94-89-96-55-44-24-77-57-92-43-14-58-98-71-27-45-15-2-75-63-11-72-26-42-23-95-17-66-97-90-87-84-64-68-67-52-19-73-36-8-88-34-38-86-49-50-69-13-7-41
Ta100x20,1,5,500,0.85,0.075,10,2230110291,17000,6460,6286,5851,6.39288175,v2_avx512bw_vec32_exact_perm,54-22-78-79-10-33-65-59-31-21-74-35-55-91-82-81-80-53-47-39-61-51-76-1-3-83-60-40-56-99-70-4-89-37-44-100-11-94-18-16-62-28-23-85-12-24-93-45-32-20-43-30-25-2-5-73-9-48-36-15-98-71-42-46-92-67-57-27-87-29-75-6-14-96-17-90-72-86-26-69-34-63-8-19-97-84-66-38-77-95-52-68-58-88-64-50-13-7-49-41
Ta100x20,1,5,500,0.85,0.1,1,2230101210,17000,6491,6286,5851,6.607272751,v2_avx512bw_vec32_exact_perm,22-79-54-55-78-25-82-9-35-76-93-3-59-40-33-51-21-10-6-1-16-74-89-31-11-61-4-48-12-60-83-30-46-99-5-32-53-47-62-70-85-44-45-37-86-2-66-24-100-18-67-39-71-23-80-65-57-91-28-94-87-20-56-92-43-15-81-29-58-88-42-77-19-90-14-26-73-96-75-17-84-63-69-34-64-8-97-95-36-52-72-98-27-13-68-38-7-50-49-41
Ta100x20,1,5,500,0.85,0.1,2,2230102219,17000,6527,6286,5851,6.310758314,v2_avx512bw_vec32_exact_perm,54-22-78-33-59-79-51-31-35-74-28-83-61-53-76-47-21-82-65-80-81-16-10-4-25-85-70-3-89-40-24-1-11-2-18-12-71-55-5-9-45-100-94-56-60-99-23-67-30-93-44-57-20-32-43-37-62-6-77-91-63-68-86-48-58-96-39-98-73-90-17-26-15-46-66-42-97-14-27-72-8-95-75-19-29-88-87-92-34-69-7-84-38-52-64-50-13-49-36-41
Ta100x20,1,5,500,0.85,0.1,3,2230103228,17000,6501,6286,5851,6.519451434,v2_avx512bw_vec32_exact_perm,54-22-78-79-33-35-10-82-25-32-18-51-85-16-21-1-31-91-83-48-39-55-19-81-77-5-12-40-11-89-4-56-76-9-53-70-59-57-100-74-44-61-80-65-34-86-93-46-3-62-28-60-6-45-37-99-67-30-71-63-20-43-17-29-14-47-94-75-96-88-72-95-23-24-2-58-66-36-90-52-27-26-73-92-68-98-15-84-87-42-64-8-69-97-50-38-49-13-7-41
Ta100x20,1,5,500,0.85,0.1,4,2230104237,17000,6583,6286,5851,6.507052791,v2_avx512bw_vec32_exact_perm,54-22-79-3-100-78-53-33-51-25-82-65-10-83-16-81-1-31-76-21-74-59-32-39-6-11-35-40-61-93-80-55-48-42-19-37-89-44-70-12-56-24-60-5-45-71-9-62-46-85-4-91-57-67-94-96-28-18-20-30-69-27-29-95-72-47-92-58-23-8-43-86-73-26-90-87-15-99-68-88-98-2-36-34-49-63-84-66-7-13-14-64-77-17-75-97-38-50-52-41
Ta100x20,1,5,500,0.85,0.1,5,2230105246,17000,6531,6286,5851,6.147968585,v2_avx512bw_vec32_exact_perm,54-22-47-33-59-55-89-78-79-82-81-3-76-40-56-1-5-74-61-83-80-93-35-60-4-25-24-65-10-28-37-44-6-31-48-16-11-45-9-53-71-92-99-100-85-62-21-51-39-32-46-63-13-67-23-66-43-91-70-50-27-96-57-20-58-86-29-2-26-18-17-64-94-75-30-36-98-95-87-14-68-8-72-73-19-34-49-12-84-7-90-88-15-97-77-38-42-69-52-41
Ta100x20,1,5,500,0.85,0.1,6,2230106255,17000,6509,6286,5851,6.672637802,v2_avx512bw_vec32_exact_perm,54-40-78-22-33-5-83-79-3-82-74-51-16-35-59-55-4-6-91-65-28-31-18-48-21-9-60-76-85-44-47-10-81-1-89-80-12-39-100-61-53-20-99-93-84-43-30-71-68-2-24-37-63-70-32-23-67-56-62-46-86-98-92-87-42-27-66-45-90-57-11-94-69-77-29-97-58-73-75-17-26-15-88-96-50-64-52-38-14-19-34-13-8-49-36-95-72-7-25-41
Ta100x20,1,5,500,0.85,0.1,7,2230107264,17000,6498,6286,5851,7.047948692,v2_avx512bw_vec32_exact_perm,54-22-78-79-10-33-59-35-55-81-31-83-65-3-40-51-76-28-82-5-16-9-74-25-47-18-56-21-89-63-91-46-62-48-1-45-12-30-61-100-80-39-93-88-6-60-11-53-99-32-20-57-24-69-42-94-23-27-4-98-37-70-71-26-96-29-44-66-77-67-58-85-8-87-73-2-86-15-17-64-36-19-50-43-95-14-34-90-75-92-97-49-84-68-72-13-7-38-52-41
Ta100x20,1,5,500,0.85,0.1,8,2230108273,17000,6508,6286,5851,6.765154479,v2_avx512bw_vec32_exact_perm,54-22-78-79-10-33-21-1-83-35-55-53-82-40-5-62-51-86-28-3-59-30-99-16-100-81-76-9-12-70-61-48-95-93-31-80-50-60-74-47-46-72-20-6-45-23-91-73-24-11-39-94-13-85-4-71-89-67-27-18-75-32-14-44-37-77-96-58-19-34-29-57-92-88-43-64-8-87-42-56-65-66-15-2-68-98-26-84-17-49-52-69-36-38-63-97-90-7-25-41
Ta100x20,1,5,500,0.85,0.1,9,2230109282,17000,6519,6286,5851,6.687657167,v2_avx512bw_vec32_exact_perm,54-22-78-79-10-33-81-28-1-25-3-65-59-82-31-76-48-40-44-56-83-74-21-99-35-5-9-53-93-12-86-32-16-70-51-61-29-6-100-30-85-20-18-89-80-88-47-60-94-55-62-11-4-73-24-96-71-37-14-23-90-67-91-34-19-39-2-64-84-43-57-98-36-17-87-46-77-66-8-42-75-45-92-69-15-27-58-63-95-7-72-26-50-13-52-97-68-49-38-41
Ta100x20,1,5,500,0.85,0.1,10,2230110291,17000,6508,6286,5851,6.851174026,v2_avx512bw_vec32_exact_perm,54-22-78-47-79-10-35-59-3-55-82-9-48-6-31-51-81-5-83-12-74-62-16-100-65-53-89-76-18-4-40-21-80-28-93-91-86-33-60-1-63-99-94-11-70-24-32-46-71-37-30-61-44-85-56-45-58-43-25-67-96-20-23-77-14-29-87-17-97-95-39-66-72-98-27-90-26-36-88-34-75-2-92-42-52-15-19-57-8-73-84-13-68-69-38-64-50-7-49-41
Ta100x20,1,5,500,0.85,0.125,1,2230101210,17000,6550,6286,5851,6.533538946,v2_avx512bw_vec32_exact_perm,54-22-78-59-33-10-76-51-9-79-32-6-21-81-74-35-55-83-82-5-40-65-98-48-25-11-61-16-80-75-31-3-44-24-93-18-39-62-100-53-94-47-28-20-29-14-2-56-60-70-27-46-86-8-90-89-1-4-67-23-99-88-38-12-96-85-34-73-63-91-45-30-37-68-84-71-95-69-19-36-57-15-43-87-66-64-72-58-17-26-77-97-42-92-52-7-50-49-13-41
Ta100x20,1,5,500,0.85,0.125,2,2230102219,17000,6510,6286,5851,6.043868797,v2_avx512bw_vec32_exact_perm,54-22-78-33-79-10-35-9-31-74-44-45-28-83-12-81-55-82-40-21-5-16-76-6-99-100-4-94-61-80-47-70-39-37-48-3-59-30-25-32-11-23-15-51-91-24-77-18-85-60-20-67-17-56-29-57-65-62-63-89-1-53-34-58-19-2-64-27-46-86-66-73-14-92-71-43-8-96-26-98-72-75-42-90-69-88-84-97-93-95-87-7-50-36-49-13-52-68-38-41
Ta100x20,1,5,500,0.85,0.125,3,2230103228,17000,6580,6286,5851,7.514424924,v2_avx512bw_vec32_exact_perm,54-78-33-3-22-79-82-35-10-83-4-51-53-55-16-76-81-61-59-39-25-5-74-23-32-30-89-9-65-73-62-28-84-91-6-86-80-37-45-100-11-18-44-40-99-70-27-24-31-1-77-20-58-94-60-48-12-67-56-2-21-14-34-85-43-96-29-19-71-8-66-64-17-92-47-98-63-46-36-57-93-95-75-87-88-72-26-15-69-42-97-50-49-90-7-13-52-68-38-41
Ta100x20,1,5,500,0.85,0.125,4,2230104237,17000,6499,6286,5851,6.389942669,v2_avx512bw_vec32_exact_perm,54-22-78-33-81-10-31-74-16-79-59-1-51-4-3-83-21-82-35-93-48-60-76-65-39-6-25-61-53-89-55-12-40-9-37-80-11-24-50-18-77-99-100-58-30-5-63-20-23-85-56-44-62-46-70-32-2-34-97-27-95-57-91-43-47-94-67-29-92-90-75-36-28-71-26-87-73-96-8-98-88-64-14-17-86-68-15-84-69-19-66-45-49-72-42-7-13-38-52-41
Ta100x20,1,5,500,0.85,0.125,5,2230105246,17000,6499,6286,5851,6.54698523,v2_avx512bw_vec32_exact_perm,54-22-47-78-79-33-60-59-77-31-81-76-82-35-74-10-21-65-100-93-1-62-3-37-39-40-19-53-91-6-85-28-5-25-30-80-51-16-99-11-32-48-63-83-12-70-89-61-88-56-44-57-29-50-86-46-34-90-96-24-55-45-18-20-23-2-14-75-84-8-94-67-92-4-58-71-43-36-17-73-98-95-9-64-26-87-38-27-66-97-42-52-72-68-15-49-69-13-7-41
Ta100x20,1,5,500,0.85,0.125,6,2230106255,17000,6535,6286,5851,6.348091923,v2_avx512bw_vec32_exact_perm,22-54-78-79-35-55-83-33-25-74-6-82-30-3-51-10-31-28-16-32-62-81-93-21-40-48-47-5-65-60-59-80-61-89-44-76-91-14-53-100-86-37-39-12-18-46-99-63-20-70-85-11-43-24-2-92-71-67-57-1-58-75-9-77-45-17-4-23-26-36-15-66-95-94-84-29-38-73-34-56-19-88-96-72-97-50-7-42-68-98-64-8-27-49-87-69-90-13-52-41
Ta100x20,1,5,500,0.85,0.125,7,2230107264,17000,6496,6286,5851,6.269597974,v2_avx512bw_vec32_exact_perm,54-22-78-79-3-10-55-33-21-28-32-40-81-82-53-6-76-18-4-83-29-39-48-25-93-51-65-80-1-89-74-46-59-77-9-47-12-45-60-62-100-61-73-5-86-91-35-16-24-70-85-44-20-84-69-23-56-11-90-37-88-31-57-71-67-15-98-2-26-43-75-99-63-96-36-94-14-30-27-58-66-95-42-38-92-8-72-19-97-17-64-87-68-34-13-7-50-49-52-41
Ta100x20,1,5,500,0.85,0.125,8,2230108273,17000,6471,6286,5851,6.123914736,v2_avx512bw_vec32_exact_perm,54-22-78-33-81-10-25-59-35-55-82-74-40-1-65-53-79-100-4-44-45-2-91-16-31-28-99-80-83-21-93-6-30-3-85-39-61-51-58-94-60-37-12-70-76-11-71-32-67-18-48-14-47-29-24-43-62-5-17-90-23-34-86-57-46-27-89-63-20-97-92-9-96-36-77-75-56-72-66-19-8-69-73-38-95-98-87-84-68-15-42-26-88-52-64-50-13-7-49-41
Ta100x20,1,5,500,0.85,0.125,9,2230109282,17000,6542,6286,5851,6.125058765,v2_avx512bw_vec32_exact_perm,54-22-78-47-79-28-82-33-40-25-10-35-51-85-12-76-65-70-93-3-48-99-59-1-24-81-56-21-6-19-62-100-39-80-37-61-44-16-89-30-31-84-60-8-74-53-45-20-46-4-91-83-57-96-27-14-72-43-29-94-55-11-75-23-9-32-98-66-71-92-5-34-63-67-2-17-95-15-42-87-77-58-38-68-36-88-18-26-86-69-90-64-73-97-50-49-13-7-52-41
Ta100x20,1,5,500,0.85,0.125,10,2230110291,17000,6500,6286,5851,6.963622268,v2_avx512bw_vec32_exact_perm,54-22-78-79-10-33-51-59-65-31-82-74-81-3-100-1-53-83-12-40-93-55-5-91-4-25-32-48-30-9-21-44-35-86-80-70-56-16-71-18-60-73-46-85-29-61-72-11-62-92-45-20-6-39-67-37-89-24-28-76-96-94-43-2-34-99-42-17-15-87-47-27-14-19-88-23-57-36-69-64-68-98-75-38-95-84-58-8-97-63-26-50-66-90-52-77-7-49-13-41
Ta100x20,1,5,500,0.8875,0.025,1,2230101210,17000,6419,6286,5851,6.253222439,v2_avx512bw_vec32_exact_perm,22-54-78-33-59-25-35-10-83-51-31-76-82-40-3-79-81-1-65-80-100-74-28-16-5-21-12-11-55-32-30-93-61-48-47-60-63-71-9-46-6-86-53-4-36-88-56-45-39-18-44-20-94-62-70-99-66-96-89-37-85-24-57-34-87-42-23-17-67-98-91-2-27-77-75-58-15-68-14-92-43-29-64-19-95-72-73-8-26-13-97-50-7-49-90-84-69-38-52-41
Ta100x20,1,5,500,0.8875,0.025,2,2230102219,17000,6469,6286,5851,6.348858512,v2_avx512bw_vec32_exact_perm,54-22-78-79-35-76-10-33-81-82-16-59-65-3-53-1-31-21-83-74-48-55-51-80-93-61-5-40-99-12-9-60-91-47-6-32-25-39-100-43-89-18-14-24-70-62-28-4-37-20-30-86-44-56-90-67-71-23-11-94-85-45-46-57-63-2-29-92-96-36-73-84-66-95-72-19-42-15-34-17-58-75-88-77-97-8-27-26-98-87-69-38-52-68-64-50-13-7-49-41
Ta100x20,1,5,500,0.8875,0.025,3,2230103228,17000,6507,6286,5851,6.93630257,v2_avx512bw_vec32_exact_perm,54-22-78-33-81-10-53-82-79-1-21-47-83-30-55-9-91-35-93-40-5-16-65-25-74-80-59-51-31-3-11-100-63-2-60-61-34-28-14-56-76-89-39-85-24-12-18-86-62-44-23-45-48-6-99-37-98-67-71-32-42-87-4-94-20-70-46-64-57-68-27-26-58-73-17-8-50-43-96-66-95-72-29-75-92-97-19-84-77-36-69-15-49-88-90-13-7-52-38-41
Ta100x20,1,5,500,0.8875,0.025,4,2230104237,17000,6510,6286,5851,6.280263281,v2_avx512bw_vec32_exact_perm,54-22-78-79-35-10-33-82-83-5-74-51-16-1-3-99-53-31-81-48-100-55-59-12-65-9-76-21-56-44-25-32-80-37-4-89-85-71-70-11-6-60-61-93-45-43-30-40-91-47-28-39-62-46-86-18-24-67-20-96-73-19-17-75-77-94-29-92-15-88-23-57-2-58-14-34-36-98-27-87-42-90-8-95-66-72-26-63-97-84-50-69-7-13-64-68-52-38-49-41
Ta100x20,1,5,500,0.8875,0.025,5,2230105246,17000,6495,6286,5851,6.348301963,v2_avx512bw_vec32_exact_perm,54-22-78-33-59-79-10-74-35-31-51-21-82-28-81-3-16-83-91-61-65-80-39-76-56-5-9-40-12-55-11-60-48-89-4-63-6-57-30-99-32-45-1-93-100-53-25-34-85-62-42-94-24-47-27-2-23-67-20-70-96-58-29-90-72-37-73-46-43-26-15-98-19-18-88-86-8-87-71-77-66-17-14-36-92-95-69-44-97-75-68-49-64-84-52-13-50-38-7-41
Ta100x20,1,5,500,0.8875,0.025,6,2230106255,17000,6460,6286,5851,6.70551629,v2_avx512bw_vec32_exact_perm,54-22-78-79-10-55-65-33-1-99-3-83-51-74-82-40-61-35-5-21-47-16-44-56-76-48-81-6-80-30-62-59-25-9-46-89-32-53-29-67-12-28-37-31-93-91-85-39-94-71-70-43-60-100-4-20-86-96-23-11-57-88-45-18-14-24-58-36-34-90-27-63-19-2-66-95-75-17-64-72-92-8-77-98-84-73-97-26-42-38-87-52-68-69-15-50-13-7-49-41
Ta100x20,1,5,500,0.8875,0.025,7,2230107264,17000,6461,6286,5851,6.844247855,v2_avx512bw_vec32_exact_perm,54-22-78-79-35-10-33-83-16-82-65-93-21-53-80-5-59-3-51-47-74-25-100-30-32-12-31-1-81-55-89-39-62-40-28-76-70-50-11-37-44-9-4-85-6-56-91-57-96-45-61-86-18-48-46-71-24-29-66-2-94-58-42-23-67-99-88-84-60-17-64-92-90-73-20-69-15-38-63-77-34-8-13-75-19-98-36-14-49-43-72-7-95-26-97-27-87-68-52-41
Ta100x20,1,5,500,0.8875,0.025,8,2230108273,17000,6466,6286,5851,6.682678962,v2_avx512bw_vec32_exact_perm,54-22-78-79-35-83-25-82-33-10-74-1-81-3-21-100-28-40-65-55-6-12-16-39-76-48-59-99-53-93-5-32-11-80-44-89-31-51-62-37-75-61-42-4-86-85-70-67-71-94-66-91-18-60-9-50-57-14-96-24-29-2-56-20-45-23-15-46-17-43-92-30-84-47-19-72-63-34-58-95-87-38-8-73-88-36-26-98-90-27-49-69-77-7-13-64-97-68-52-41
Ta100x20,1,5,500,0.8875,0.025,9,2230109282,17000,6492,6286,5851,6.655732451,v2_avx512bw_vec32_exact_perm,54-22-78-33-81-10-31-40-59-93-25-47-3-65-1-51-21-53-61-79-35-82-85-32-18-74-5-16-12-30-48-6-44-28-66-91-80-83-46-55-50-86-96-99-76-100-45-89-4-37-43-94-39-60-70-56-11-2-9-23-67-57-20-62-29-24-64-27-19-14-71-72-92-84-17-97-98-63-26-36-8-42-58-73-34-90-87-95-75-68-69-15-77-13-88-7-52-38-49-41
Ta100x20,1,5,500,0.8875,0.025,10,2230110291,17000,6499,6286,5851,7.11355681,v2_avx512bw_vec32_exact_perm,54-22-78-79-10-33-21-35-3-82-74-83-1-51-76-59-28-65-55-53-12-25-93-4-91-40-30-89-9-16-81-99-31-48-70-45-71-61-60-86-6-32-100-80-14-56-47-85-5-44-18-62-37-39-24-20-23-67-75-96-17-94-29-57-46-11-95-36-66-63-73-58-2-43-27-19-26-97-15-92-77-68-42-34-90-72-88-8-87-13-98-52-69-84-7-64-50-38-49-41
Ta100x20,1,5,500,0.8875,0.05,1,2230101210,17000,6502,6286,5851,7.487338137,v2_avx512bw_vec32_exact_perm,54-78-59-22-33-40-79-35-55-10-80-5-65-42-12-25-82-3-88-100-16-31-74-81-93-76-51-83-44-11-1-89-53-28-99-61-47-48-21-39-94-73-6-9-4-85-60-24-96-56-29-46-32-30-57-14-20-37-71-67-45-18-34-70-43-72-91-8-17-15-23-86-19-92-66-90-62-75-95-27-58-98-2-26-69-87-63-36-77-97-38-52-84-68-64-50-13-7-49-41
Ta100x20,1,5,500,0.8875,0.05,2,2230102219,17000,6488,6286,5851,6.461732618,v2_avx512bw_vec32_exact_perm,54-22-47-55-78-33-81-82-83-1-25-35-9-16-32-39-51-21-4-59-60-93-100-48-31-44-10-74-79-40-37-76-91-80-12-18-86-99-70-62-28-19-89-45-56-30-5-63-88-11-85-61-6-94-3-27-24-34-57-23-46-2-75-53-90-14-71-20-95-65-73-58-36-43-29-26-96-8-98-17-72-67-42-77-66-15-87-69-92-97-84-68-52-64-50-13-7-38-49-41
Ta100x20,1,5,500,0.8875,0.05,3,2230103228,17000,6469,6286,5851,6.448221675,v2_avx512bw_vec32_exact_perm,54-22-78-79-10-33-35-74-83-59-3-55-65-48-40-76-25-5-12-21-93-82-30-51-16-91-45-81-71-60-4-18-31-100-80-1-2-44-9-89-27-53-32-70-85-99-24-47-67-94-43-57-46-86-56-38-14-61-62-63-11-23-20-88-6-29-58-42-75-17-39-77-92-15-73-19-34-28-96-37-72-84-90-66-8-69-26-97-87-36-98-95-52-68-64-50-13-7-49-41
Ta100x20,1,5,500,0.8875,0.05,4,2230104237,17000,6520,6286,5851,6.252452762,v2_avx512bw_vec32_exact_perm,54-22-78-47-79-10-55-65-9-1-82-48-74-35-21-56-4-11-83-81-40-80-12-33-30-53-61-85-51-99-5-16-32-44-60-93-28-25-6-100-46-43-94-45-31-37-62-86-76-70-89-59-98-39-91-88-18-67-24-50-75-42-20-23-3-96-58-19-15-2-29-63-26-14-73-27-36-57-92-72-17-49-34-87-97-71-8-69-95-68-84-66-90-38-77-7-13-64-52-41
Ta100x20,1,5,500,0.8875,0.05,5,2230105246,17000,6460,6286,5851,6.938685625,v2_avx512bw_vec32_exact_perm,54-22-78-33-59-79-35-76-10-83-51-31-28-82-40-6-74-9-16-39-91-21-81-56-32-1-55-53-93-3-11-25-61-100-65-12-48-89-47-80-37-44-70-85-60-99-5-62-94-88-30-58-38-45-18-86-42-27-34-46-20-2-4-73-71-67-23-96-36-17-98-75-63-26-24-72-84-29-43-57-19-8-90-52-92-95-15-14-97-77-87-69-68-66-64-50-13-7-49-41
Ta100x20,1,5,500,0.8875,0.05,6,2230106255,17000,6488,6286,5851,6.837881349,v2_avx512bw_vec32_exact_perm,54-22-78-33-59-79-35-10-76-65-83-21-12-82-100-16-5-74-3-80-47-40-25-55-99-43-1-91-30-2-93-60-48-31-81-32-4-51-61-86-6-71-63-67-44-9-70-89-85-53-94-56-62-57-24-11-90-45-66-14-28-88-18-64-17-34-96-97-37-39-23-95-29-92-19-72-75-27-84-58-68-46-73-98-8-20-42-87-36-26-38-52-69-13-15-50-49-77-7-41
Ta100x20,1,5,500,0.8875,0.05,7,2230107264,17000,6535,6286,5851,6.540022476,v2_avx512bw_vec32_exact_perm,54-22-78-79-47-3-33-74-16-32-6-82-83-55-5-81-89-10-93-60-40-53-12-65-51-59-21-44-35-76-46-91-9-48-1-100-70-62-25-4-39-37-80-24-61-85-45-31-92-20-18-73-86-88-30-56-96-11-71-94-43-64-67-58-99-42-23-2-28-26-17-15-29-98-68-14-8-19-72-57-63-34-27-66-75-90-97-87-77-36-84-95-69-7-49-52-50-13-38-41
Ta100x20,1,5,500,0.8875,0.05,8,2230108273,17000,6456,6286,5851,6.60972456,v2_avx512bw_vec32_exact_perm,54-22-78-33-79-35-55-9-91-59-76-74-82-1-28-81-31-10-40-99-83-65-53-93-62-48-12-21-51-4-85-61-32-39-89-44-37-5-16-25-30-80-56-47-86-18-45-100-46-3-88-34-70-6-71-77-20-58-67-60-96-57-29-73-23-24-94-27-17-11-36-90-63-98-2-15-8-14-42-26-72-92-43-19-66-87-97-38-75-84-68-52-95-69-64-50-49-13-7-41
Ta100x20,1,5,500,0.8875,0.05,9,2230109282,17000,6466,6286,5851,7.07476326,v2_avx512bw_vec32_exact_perm,22-54-78-79-10-33-81-31-74-59-35-16-76-100-82-83-28-5-21-80-93-3-39-89-37-48-61-65-55-12-44-56-9-40-70-25-6-30-60-53-47-1-99-4-94-43-62-73-11-71-29-23-20-45-24-2-46-85-27-32-67-63-96-58-42-51-88-18-72-91-57-98-17-15-36-75-8-14-87-84-92-38-69-86-19-68-97-77-90-26-34-95-66-52-64-50-13-7-49-41
Ta100x20,1,5,500,0.8875,0.05,10,2230110291,17000,6470,6286,5851,7.276035509,v2_avx512bw_vec32_exact_perm,54-22-78-79-35-55-33-59-6-71-9-4-83-10-76-53-82-40-93-91-65-12-1-21-28-81-3-31-32-51-61-25-39-85-48-89-80-30-44-74-37-99-94-16-77-86-58-70-46-90-29-67-56-5-11-62-100-24-50-60-73-18-20-45-96-57-98-27-23-92-15-2-14-36-38-75-84-8-69-87-34-43-88-72-47-19-52-17-97-63-95-68-66-64-26-42-49-13-7-41
Ta100x20,1,5,500,0.8875,0.075,1,2230101210,17000,6500,6286,5851,6.593993381,v2_avx512bw_vec32_exact_perm,22-54-78-79-28-55-1-59-65-33-83-10-82-25-51-35-9-46-16-4-39-31-40-5-85-81-21-61-89-76-60-74-6-12-32-50-3-48-43-30-62-29-94-37-47-80-45-24-91-70-73-67-18-99-71-100-53-19-44-11-15-14-23-77-98-63-27-95-56-88-20-96-8-90-75-92-36-86-69-57-64-93-17-2-34-66-87-42-58-26-84-52-97-49-38-68-72-13-7-41
Ta100x20,1,5,500,0.8875,0.075,2,2230102219,17000,6536,6286,5851,6.694181765,v2_avx512bw_vec32_exact_perm,54-22-78-47-79-10-33-80-99-59-55-51-62-3-4-61-5-9-48-25-39-65-89-21-60-93-83-31-40-100-90-74-12-35-85-81-82-45-16-76-18-32-28-86-6-44-37-30-2-53-94-56-11-70-17-91-20-67-72-24-27-23-29-46-96-97-14-57-26-73-75-19-15-69-71-95-92-63-77-68-66-43-58-84-88-34-98-87-42-38-36-1-8-52-64-50-13-7-49-41
Ta100x20,1,5,500,0.8875,0.075,3,2230103228,17000,6498,6286,5851,6.434974975,v2_avx512bw_vec32_exact_perm,22-54-78-59-31-55-33-82-81-51-79-65-12-10-76-35-74-21-80-5-93-61-16-9-53-85-1-3-11-28-32-6-44-48-57-94-83-89-4-100-30-45-71-60-86-46-99-40-47-62-56-66-63-23-25-91-39-20-18-24-67-70-68-37-2-64-96-15-98-87-34-14-73-17-42-58-43-8-95-29-19-26-88-36-72-75-27-97-92-90-69-84-7-13-38-50-49-52-77-41
Ta100x20,1,5,500,0.8875,0.075,4,2230104237,17000,6540,6286,5851,6.660176751,v2_avx512bw_vec32_exact_perm,54-22-78-33-79-1-10-65-82-47-21-40-53-59-74-6-81-4-51-3-16-83-25-55-30-32-77-28-9-93-76-39-61-18-89-91-5-60-86-35-56-12-88-48-80-11-46-63-37-99-57-44-62-70-73-24-71-31-94-43-67-96-23-2-85-36-29-27-58-92-20-19-75-64-100-95-66-72-45-87-14-15-26-34-8-90-17-50-49-69-98-7-97-42-84-68-38-13-52-41
Ta100x20,1,5,500,0.8875,0.075,5,2230105246,17000,6487,6286,5851,6.455620585,v2_avx512bw_vec32_exact_perm,54-22-78-79-35-55-82-9-25-40-33-5-65-21-83-59-10-76-16-3-12-91-28-32-89-51-31-96-48-53-81-99-61-100-62-85-74-80-93-57-1-44-43-60-11-6-37-4-30-67-27-46-23-63-94-39-20-72-36-71-77-66-92-75-8-17-70-24-97-13-38-18-29-26-45-86-58-88-2-34-47-56-42-15-87-19-90-14-73-84-7-95-52-68-98-69-64-50-49-41
Ta100x20,1,5,500,0.8875,0.075,6,2230106255,17000,6546,6286,5851,6.597073326,v2_avx512bw_vec32_exact_perm,54-22-47-78-10-82-55-33-32-79-83-35-3-25-74-1-100-51-81-70-16-12-48-56-65-9-21-76-59-40-5-61-39-31-89-80-53-99-93-91-86-44-4-24-46-28-18-60-94-2-14-71-11-72-43-17-38-62-57-30-23-88-85-67-58-50-45-37-6-34-68-75-15-96-20-26-63-77-95-69-98-64-49-27-36-29-19-8-73-92-97-84-87-42-13-66-90-7-52-41
Ta100x20,1,5,500,0.8875,0.075,7,2230107264,17000,6491,6286,5851,6.42682493,v2_avx512bw_vec32_exact_perm,22-54-78-33-59-25-51-10-35-3-83-4-82-40-16-1-93-79-47-81-76-91-94-53-55-30-74-9-48-28-80-61-46-21-71-32-6-65-39-5-99-37-62-11-12-89-56-31-63-15-70-85-18-44-100-86-17-67-19-24-23-45-92-72-88-27-60-77-20-68-98-14-58-96-2-34-43-66-87-36-57-26-42-38-75-73-84-8-95-29-69-97-90-52-13-64-7-50-49-41
Ta100x20,1,5,500,0.8875,0.075,8,2230108273,17000,6544,6286,5851,6.593863703,v2_avx512bw_vec32_exact_perm,22-54-78-79-3-33-32-51-16-10-1-82-83-76-59-5-81-53-25-65-31-86-70-74-99-28-55-100-47-40-12-44-18-35-61-48-11-80-62-60-4-88-93-27-9-45-91-89-39-63-21-37-24-56-71-23-46-85-30-67-19-73-34-6-2-14-98-50-20-87-15-26-58-94-17-96-42-75-29-57-43-13-36-95-8-66-72-92-64-97-68-49-69-90-84-7-77-38-52-41
Ta100x20,1,5,500,0.8875,0.075,9,2230109282,17000,6531,6286,5851,6.210337695,v2_avx512bw_vec32_exact_perm,54-22-78-33-59-74-47-79-65-55-48-83-4-35-10-5-61-16-80-82-100-9-11-81-21-31-1-76-93-53-99-51-28-46-89-60-6-40-44-67-91-70-45-18-29-94-56-30-37-63-85-86-96-62-39-72-24-3-27-71-2-57-75-12-23-20-34-95-36-32-87-73-25-50-66-92-97-58-8-64-19-90-15-77-14-88-26-98-7-17-68-13-84-49-52-43-38-69-42-41
Ta100x20,1,5,500,0.8875,0.075,10,2230110291,17000,6560,6286,5851,6.34559531,v2_avx512bw_vec32_exact_perm,54-78-59-22-33-79-3-1-53-51-31-74-82-56-25-4-65-35-83-76-5-47-61-21-6-100-81-94-40-91-28-16-32-99-89-93-10-12-39-55-9-62-30-97-46-50-37-17-80-24-48-11-71-73-23-44-29-96-90-57-86-60-85-88-70-45-77-18-43-19-20-2-8-63-36-75-14-92-64-15-67-7-98-87-27-58-72-95-34-26-42-49-69-52-84-68-13-38-66-41
Ta100x20,1,5,500,0.8875,0.1,1,2230101210,17000,6513,6286,5851,6.796802702,v2_avx512bw_vec32_exact_perm,22-54-78-79-10-33-40-25-82-65-83-100-74-35-48-76-94-55-21-1-91-5-63-11-12-53-3-56-59-99-88-44-61-81-23-28-39-75-16-31-24-80-93-60-30-32-27-67-6-57-4-70-47-51-62-89-85-20-37-96-18-50-64-86-46-2-72-58-68-8-66-87-17-45-42-34-95-29-9-36-73-92-19-98-43-14-71-69-15-90-38-84-49-26-97-77-13-7-52-41
Ta100x20,1,5,500,0.8875,0.1,2,2230102219,17000,6508,6286,5851,7.253775345,v2_avx512bw_vec32_exact_perm,54-22-78-79-35-55-81-33-82-83-63-12-16-3-59-65-5-80-36-38-99-93-25-53-1-28-21-6-60-74-4-85-30-47-89-69-11-9-31-10-94-73-37-44-91-61-67-40-18-32-62-100-39-70-45-8-29-56-34-71-57-48-76-46-72-24-20-90-2-84-97-58-26-43-17-23-95-98-15-14-50-75-66-87-27-68-88-96-86-92-42-19-64-51-13-7-49-77-52-41
Ta100x20,1,5,500,0.8875,0.1,3,2230103228,17000,6521,6286,5851,6.649530393,v2_avx512bw_vec32_exact_perm,22-54-78-79-10-28-33-89-35-31-82-40-25-59-63-65-55-21-62-46-1-97-83-32-81-91-48-30-3-74-39-100-85-5-9-45-56-77-16-4-51-60-99-61-12-47-44-18-80-20-70-24-17-93-53-2-57-36-72-11-94-71-76-27-92-86-84-75-42-37-67-6-29-43-19-88-23-96-87-14-26-58-15-68-73-64-98-34-90-13-52-38-8-95-7-50-49-69-66-41
Ta100x20,1,5,500,0.8875,0.1,4,2230104237,17000,6567,6286,5851,6.919543036,v2_avx512bw_vec32_exact_perm,22-54-78-79-33-10-16-82-65-21-74-59-31-81-25-35-93-40-76-1-51-5-3-28-55-83-6-9-91-53-85-61-8-94-23-12-44-80-48-37-30-46-99-18-60-62-47-24-71-56-39-100-89-67-96-70-52-17-32-57-2-42-36-58-27-98-26-34-88-4-86-15-72-20-11-43-63-19-73-50-7-14-90-29-45-92-75-97-38-95-49-87-77-68-69-13-64-66-84-41
Ta100x20,1,5,500,0.8875,0.1,5,2230105246,17000,6515,6286,5851,6.753604839,v2_avx512bw_vec32_exact_perm,54-78-59-22-33-79-47-35-55-71-10-31-51-5-82-9-48-53-83-74-44-1-40-30-99-76-3-12-21-11-94-60-70-56-20-93-80-28-73-81-67-25-89-85-61-2-100-24-6-16-18-39-91-63-75-46-57-68-37-96-62-4-15-29-23-17-88-14-86-90-64-58-43-98-26-8-45-49-27-19-42-97-32-72-92-84-95-65-34-87-77-66-36-52-38-50-69-13-7-41
Ta100x20,1,5,500,0.8875,0.1,6,2230106255,17000,6557,6286,5851,6.479004307,v2_avx512bw_vec32_exact_perm,54-22-78-79-28-10-33-74-83-55-82-65-6-3-21-35-9-1-32-76-25-40-59-51-16-4-89-53-12-81-44-91-61-80-56-18-99-30-100-71-60-45-85-14-48-93-96-62-47-67-39-63-88-46-31-24-92-29-2-86-90-15-37-11-23-42-5-70-36-73-94-27-72-26-43-20-77-17-69-75-7-57-95-19-87-98-34-13-58-8-84-68-97-64-50-66-38-49-52-41
Ta100x20,1,5,500,0.8875,0.1,7,2230107264,17000,6568,6286,5851,6.459926904,v2_avx512bw_vec32_exact_perm,54-22-78-33-10-79-28-93-21-83-60-44-59-31-40-35-85-6-48-80-65-24-16-12-81-82-29-57-45-46-25-9-3-47-70-61-91-76-63-53-74-51-18-26-1-4-98-100-11-94-55-62-27-39-32-89-5-58-67-20-30-17-37-90-73-96-19-23-86-99-2-42-88-8-92-66-71-15-49-14-7-43-97-36-95-84-87-50-72-75-68-52-56-34-38-77-13-64-69-41
Ta100x20,1,5,500,0.8875,0.1,8,2230108273,17000,6544,6286,5851,6.288156672,v2_avx512bw_vec32_exact_perm,54-22-78-79-35-55-33-23-10-25-31-3-5-74-40-6-16-59-81-76-39-53-99-11-60-1-30-48-56-93-62-83-44-82-100-21-32-85-18-51-45-28-4-92-86-70-29-12-46-37-91-71-89-24-94-61-67-36-90-80-9-13-98-20-96-14-43-97-19-8-34-26-84-69-47-2-15-63-58-42-75-17-27-49-88-65-57-87-72-52-95-7-68-64-73-38-50-66-77-41
Ta100x20,1,5,500,0.8875,0.1,9,2230109282,17000,6546,6286,5851,6.569822105,v2_avx512bw_vec32_exact_perm,22-54-78-59-1-47-2-55-82-33-81-65-83-76-35-79-21-32-91-10-28-9-40-16-6-80-85-74-60-3-25-5-61-39-93-31-53-51-100-44-11-75-86-62-23-24-50-94-88-67-12-48-56-89-4-99-20-15-30-46-57-45-92-18-71-14-58-68-26-98-70-63-43-77-29-96-37-34-36-8-42-87-72-90-95-69-66-73-17-64-7-19-97-52-38-27-13-84-49-41
Ta100x20,1,5,500,0.8875,0.1,10,2230110291,17000,6517,6286,5851,6.198602475,v2_avx512bw_vec32_exact_perm,54-22-78-79-31-59-3-35-81-55-76-21-10-40-82-51-53-91-74-65-12-30-25-39-32-48-100-16-70-6-47-60-33-89-61-85-63-83-19-93-84-66-46-11-4-57-1-28-94-5-20-9-99-43-80-23-18-24-36-2-56-44-37-45-77-62-50-15-95-86-92-75-67-17-98-14-42-96-38-29-72-8-88-73-58-90-69-34-87-71-97-68-13-64-26-7-27-49-52-41
Ta100x20,1,5,500,0.8875,0.125,1,2230101210,17000,6538,6286,5851,7.094319768,v2_avx512bw_vec32_exact_perm,54-22-33-100-55-4-93-65-82-79-86-78-83-81-35-1-51-76-6-61-3-10-74-53-34-25-31-99-21-30-16-91-71-40-48-80-2-29-9-59-44-60-28-5-18-11-46-67-85-62-45-90-63-64-24-20-72-8-47-70-37-89-12-56-94-57-36-14-39-32-23-73-92-27-96-15-88-58-98-68-26-42-52-84-43-17-13-69-19-75-77-66-87-38-97-95-7-50-49-41
Ta100x20,1,5,500,0.8875,0.125,2,2230102219,17000,6535,6286,5851,6.986717657,v2_avx512bw_vec32_exact_perm,22-54-78-33-28-65-81-59-25-100-53-35-31-51-76-93-3-1-83-16-80-82-85-55-10-44-79-50-99-6-9-21-89-60-66-74-70-4-94-61-40-12-39-32-11-20-48-56-45-86-18-5-62-46-91-30-71-88-24-23-2-37-67-43-15-75-36-19-14-47-42-96-92-27-29-57-26-73-8-72-34-13-87-90-7-77-63-69-98-64-17-84-97-58-38-95-68-52-49-41
Ta100x20,1,5,500,0.8875,0.125,3,2230103228,17000,6518,6286,5851,6.952284452,v2_avx512bw_vec32_exact_perm,54-22-78-79-35-10-83-3-33-76-100-81-1-51-74-53-16-4-28-59-65-70-55-61-93-82-32-48-80-25-40-21-31-44-99-94-47-89-37-26-12-39-20-96-30-58-60-57-6-27-71-9-85-24-5-23-91-46-45-2-63-56-86-67-88-73-11-34-18-90-29-92-15-17-62-72-68-43-14-66-84-98-19-69-8-64-42-87-49-75-77-36-97-95-7-52-13-50-38-41
Ta100x20,1,5,500,0.8875,0.125,4,2230104237,17000,6508,6286,5851,7.122642634,v2_avx512bw_vec32_exact_perm,54-22-78-33-59-79-31-81-10-28-65-93-1-89-62-35-76-4-51-99-80-83-94-100-86-74-77-53-63-5-55-82-30-50-21-3-11-91-60-56-47-48-40-6-25-44-37-16-32-12-70-57-39-29-9-45-61-96-67-92-98-8-46-85-19-2-73-34-58-20-43-23-71-27-38-75-72-88-95-87-18-24-64-17-97-90-14-68-36-69-66-84-15-26-42-52-49-13-7-41
Ta100x20,1,5,500,0.8875,0.125,5,2230105246,17000,6553,6286,5851,7.034964975,v2_avx512bw_vec32_exact_perm,22-78-79-74-54-59-33-76-82-51-21-3-46-100-50-39-65-16-81-35-83-12-91-97-18-53-1-5-55-56-20-9-47-31-48-70-40-61-10-89-80-93-25-11-75-30-4-45-86-62-6-60-44-32-17-73-28-94-99-13-42-23-85-24-37-19-90-95-67-8-34-98-2-64-87-29-57-14-63-92-58-88-71-36-84-26-43-96-69-27-7-38-72-66-15-52-68-49-77-41
Ta100x20,1,5,500,0.8875,0.125,6,2230106255,17000,6545,6286,5851,6.275302551,v2_avx512bw_vec32_exact_perm,54-78-22-33-47-65-82-10-79-76-83-46-35-5-21-89-51-80-59-4-53-9-28-12-55-60-93-74-18-100-16-32-40-44-3-56-6-1-11-81-71-67-39-91-31-85-62-48-34-63-99-45-86-19-95-17-87-73-25-61-30-57-26-20-70-43-2-29-24-23-92-8-94-37-27-58-42-88-96-68-15-98-72-90-84-49-36-75-66-14-69-38-64-77-7-13-97-50-52-41
Ta100x20,1,5,500,0.8875,0.125,7,2230107264,17000,6527,6286,5851,6.449397891,v2_avx512bw_vec32_exact_perm,22-54-55-78-33-59-74-81-16-35-65-3-28-83-21-1-93-99-53-27-76-10-82-25-79-5-47-40-89-62-56-39-45-9-4-48-6-86-32-57-60-51-12-85-44-23-37-70-94-80-61-31-11-71-18-46-100-91-63-20-67-96-30-77-15-14-58-29-75-2-72-43-17-34-92-84-24-88-36-90-73-42-66-26-97-68-98-13-95-8-87-38-52-19-69-64-50-7-49-41
Ta100x20,1,5,500,0.8875,0.125,8,2230108273,17000,6534,6286,5851,6.499544824,v2_avx512bw_vec32_exact_perm,54-78-22-33-81-82-76-10-9-59-31-91-28-83-35-79-72-40-65-25-1-74-99-56-5-51-85-16-94-14-100-6-21-44-70-55-12-89-37-30-11-62-60-4-18-61-53-17-98-47-80-86-93-3-45-42-92-43-48-87-46-67-24-71-23-20-77-29-96-88-68-15-58-57-97-39-90-95-34-63-66-26-2-8-73-36-13-52-75-19-32-38-27-49-69-84-64-50-7-41
Ta100x20,1,5,500,0.8875,0.125,9,2230109282,17000,6519,6286,5851,6.36628888,v2_avx512bw_vec32_exact_perm,54-22-78-33-83-5-59-51-25-1-47-93-3-10-76-53-35-91-81-56-50-6-60-74-100-40-31-82-80-21-18-89-65-48-11-39-4-12-86-28-85-37-44-43-62-61-45-9-55-32-30-34-46-2-20-96-70-58-24-67-71-92-16-99-95-15-27-88-79-68-23-64-77-29-19-17-75-97-98-14-87-73-36-63-8-72-26-94-42-57-7-49-69-66-38-90-13-84-52-41
Ta100x20,1,5,500,0.8875,0.125,10,2230110291,17000,6548,6286,5851,6.342553334,v2_avx512bw_vec32_exact_perm,54-22-78-47-79-35-82-55-3-10-9-33-53-56-65-83-4-63-11-40-74-59-5-1-60-25-30-61-80-6-21-31-99-48-37-45-91-85-100-93-16-81-39-51-94-18-88-62-44-23-24-71-76-70-28-46-89-98-67-12-13-2-19-75-27-29-32-8-72-20-92-34-58-43-73-57-96-36-77-15-84-17-66-86-90-64-87-14-26-97-95-49-68-7-50-52-42-38-69-41
Ta100x20,1,5,500,0.925,0.025,1,2230101210,17000,6496,6286,5851,6.816072368,v2_avx512bw_vec32_exact_perm,54-22-78-79-10-33-82-59-16-1-4-25-3-51-100-81-12-40-9-53-74-83-65-35-93-76-30-21-5-55-31-48-47-45-56-39-90-71-62-61-80-94-37-89-44-11-18-99-73-85-46-57-70-86-60-24-28-67-32-91-6-17-43-58-14-52-96-36-2-34-29-27-20-95-23-63-84-69-72-19-38-88-98-92-15-8-77-66-75-97-68-87-42-26-64-50-49-13-7-41
Ta100x20,1,5,500,0.925,0.025,2,2230102219,17000,6467,6286,5851,7.500830878,v2_avx512bw_vec32_exact_perm,54-22-4-78-1-82-51-83-3-74-79-40-33-35-93-60-12-28-59-47-80-5-21-61-10-76-11-45-32-65-48-85-81-39-9-99-31-25-18-24-88-94-30-100-37-53-55-6-44-23-71-16-70-91-57-15-46-56-62-29-14-86-64-90-96-67-27-58-17-20-89-34-63-2-77-92-97-8-75-19-43-72-95-69-36-84-50-66-87-98-42-26-49-13-7-73-68-38-52-41
Ta100x20,1,5,500,0.925,0.025,3,2230103228,17000,6572,6286,5851,6.782784216,v2_avx512bw_vec32_exact_perm,54-22-47-33-10-16-21-82-79-5-85-65-3-28-59-81-80-31-53-55-45-44-93-40-89-6-25-83-32-48-51-39-61-29-1-11-18-12-91-4-60-99-56-74-43-57-46-9-37-27-100-35-86-94-62-34-92-58-71-30-67-95-23-98-17-96-8-70-76-87-2-63-14-73-68-42-20-19-97-88-66-64-72-84-26-75-78-15-24-77-69-50-7-49-90-36-13-38-52-41
Ta100x20,1,5,500,0.925,0.025,4,2230104237,17000,6478,6286,5851,6.680615003,v2_avx512bw_vec32_exact_perm,54-22-78-33-59-79-35-55-65-83-76-82-40-25-1-100-3-51-39-10-81-4-16-71-93-21-31-9-5-48-12-70-53-74-32-28-61-99-44-45-80-11-29-24-18-27-37-89-90-2-62-94-85-96-63-34-6-47-60-20-30-57-58-67-56-88-43-91-46-14-97-23-15-19-68-98-75-77-17-72-36-95-73-8-92-66-87-86-26-42-13-84-38-52-69-64-50-7-49-41
Ta100x20,1,5,500,0.925,0.025,5,2230105246,17000,6482,6286,5851,6.481335876,v2_avx512bw_vec32_exact_perm,22-54-78-55-33-81-21-10-74-1-79-28-60-6-9-32-59-31-3-76-65-51-12-40-70-80-5-61-93-16-99-48-83-82-91-56-44-25-35-30-85-11-47-4-94-88-37-2-86-67-71-96-24-53-18-57-29-100-63-20-23-62-39-34-89-46-58-43-17-45-19-14-75-36-27-92-72-8-90-73-26-95-98-42-84-66-77-15-97-87-38-68-52-69-64-50-13-7-49-41
Ta100x20,1,5,500,0.925,0.025,6,2230106255,17000,6539,6286,5851,6.396728137,v2_avx512bw_vec32_exact_perm,54-22-78-79-35-83-25-10-82-3-31-51-33-40-65-81-61-74-12-47-80-59-28-24-53-16-99-9-55-45-91-70-21-5-1-76-56-48-89-18-86-85-6-62-60-4-93-39-44-88-72-30-37-63-100-71-94-46-57-11-2-32-43-66-42-27-92-29-96-15-8-14-23-95-98-36-20-17-26-87-58-73-68-77-50-75-13-97-38-84-69-67-34-19-90-64-7-49-52-41
Ta100x20,1,5,500,0.925,0.025,7,2230107264,17000,6499,6286,5851,6.976977702,v2_avx512bw_vec32_exact_perm,54-22-78-79-10-33-16-81-35-1-74-83-59-12-3-39-51-93-53-76-28-4-89-25-32-40-21-71-82-61-31-5-99-60-44-100-56-80-9-47-48-70-67-75-6-37-57-63-11-29-65-73-85-24-62-43-46-45-91-17-66-95-96-30-18-20-55-86-94-14-23-15-8-19-2-58-98-27-36-90-97-88-26-72-49-34-42-92-77-69-84-38-87-52-68-64-50-13-7-41
Ta100x20,1,5,500,0.925,0.025,8,2230108273,17000,6511,6286,5851,6.882796515,v2_avx512bw_vec32_exact_perm,54-22-78-33-59-79-10-31-65-76-74-81-35-83-55-1-82-40-6-16-91-53-25-47-51-12-46-3-48-99-39-89-61-21-5-9-20-56-94-30-70-85-32-60-28-100-75-62-45-24-80-44-57-14-67-29-4-18-2-11-88-73-71-86-93-19-68-66-96-36-37-43-23-27-8-72-90-69-34-15-92-87-95-97-98-17-58-42-63-26-84-64-50-13-7-49-77-38-52-41
Ta100x20,1,5,500,0.925,0.025,9,2230109282,17000,6464,6286,5851,6.668904962,v2_avx512bw_vec32_exact_perm,54-22-78-47-79-10-35-55-33-65-83-3-82-40-21-5-25-9-51-28-74-81-39-56-37-45-1-6-16-32-12-20-30-70-18-76-48-59-44-31-11-99-91-61-94-93-80-60-50-4-89-96-100-53-86-85-62-29-24-46-67-58-63-42-92-27-19-75-43-69-66-2-15-57-23-72-64-71-88-87-34-84-36-8-95-97-17-14-98-90-13-77-7-49-26-73-68-52-38-41
Ta100x20,1,5,500,0.925,0.025,10,2230110291,17000,6473,6286,5851,7.002255196,v2_avx512bw_vec32_exact_perm,54-22-78-33-59-79-10-74-35-82-76-65-9-21-100-1-5-83-40-3-55-81-30-28-56-25-31-16-99-11-12-6-37-4-89-63-85-44-53-71-32-93-43-60-61-91-80-23-18-20-36-48-86-46-2-67-24-62-70-94-47-45-51-57-42-39-29-92-75-15-96-14-95-19-58-27-88-84-72-17-26-98-77-97-38-87-66-73-8-69-90-34-52-68-64-50-13-7-49-41
Ta100x20,1,5,500,0.925,0.05,1,2230101210,17000,6524,6286,5851,6.410902723,v2_avx512bw_vec32_exact_perm,54-22-78-33-59-21-10-65-82-55-3-83-79-91-60-4-5-74-40-9-28-80-93-53-76-47-35-12-100-32-51-61-99-25-16-70-11-1-44-18-37-85-48-6-71-2-86-62-30-81-46-94-14-63-43-23-19-56-39-67-31-89-90-45-20-97-24-29-27-36-88-57-69-8-87-58-73-26-34-96-42-15-92-75-66-95-77-72-98-68-17-64-84-13-50-7-52-38-49-41
Ta100x20,1,5,500,0.925,0.05,2,2230102219,17000,6534,6286,5851,6.167392722,v2_avx512bw_vec32_exact_perm,54-22-47-78-10-33-79-51-35-76-11-55-83-3-5-59-62-65-82-80-9-16-40-61-24-21-74-96-99-1-48-91-60-56-25-86-18-70-81-71-93-57-30-45-100-20-6-32-23-67-39-73-46-31-89-85-44-94-4-53-34-27-88-28-92-29-2-14-12-58-75-42-36-72-37-19-98-43-84-26-38-15-17-66-87-63-8-95-69-97-90-52-68-64-50-13-77-7-49-41
Ta100x20,1,5,500,0.925,0.05,3,2230103228,17000,6489,6286,5851,6.519762575,v2_avx512bw_vec32_exact_perm,54-22-78-79-35-55-33-82-51-83-10-5-16-93-80-76-91-31-59-28-74-40-65-3-21-89-46-61-6-56-1-60-100-9-81-47-4-11-25-94-62-70-29-27-86-30-39-77-32-53-23-37-85-12-57-63-67-48-99-20-45-18-24-2-43-71-58-96-44-19-14-75-36-84-92-42-17-15-98-8-95-90-73-88-97-26-34-72-87-69-38-52-68-66-64-50-13-7-49-41
Ta100x20,1,5,500,0.925,0.05,4,2230104237,17000,6483,6286,5851,6.447421154,v2_avx512bw_vec32_exact_perm,54-78-59-22-33-65-10-3-74-82-79-35-76-21-83-51-80-4-61-28-91-93-31-81-99-16-39-32-9-55-100-40-18-48-56-25-1-30-37-5-85-89-12-62-94-44-53-70-60-47-29-88-45-46-20-24-23-71-6-11-86-36-90-63-2-73-67-34-92-57-96-64-75-27-72-17-14-42-8-87-38-98-66-58-68-19-77-52-95-97-26-43-84-69-15-50-13-7-49-41
Ta100x20,1,5,500,0.925,0.05,5,2230105246,17000,6518,6286,5851,6.607198342,v2_avx512bw_vec32_exact_perm,54-22-78-33-82-81-59-25-47-1-53-99-51-16-35-31-10-44-3-40-83-43-74-93-9-12-28-76-32-56-79-11-4-48-55-80-100-68-21-20-18-39-89-45-61-91-60-5-6-37-94-96-90-30-64-63-65-62-23-85-24-71-67-88-8-97-70-29-57-95-58-2-87-27-92-73-46-34-75-42-86-26-72-69-17-19-66-15-14-84-13-36-98-52-38-50-49-77-7-41
Ta100x20,1,5,500,0.925,0.05,6,2230106255,17000,6543,6286,5851,6.672339841,v2_avx512bw_vec32_exact_perm,54-22-47-78-79-35-91-28-65-83-74-76-33-89-81-80-10-100-18-25-85-21-31-93-30-82-56-1-59-9-53-3-5-44-51-70-16-12-32-40-55-39-2-20-60-86-4-48-11-61-63-67-62-6-96-24-37-23-57-75-17-43-90-27-29-14-46-34-19-99-94-73-58-88-8-98-42-87-64-92-71-45-69-26-36-95-77-66-15-72-68-97-50-84-38-52-13-7-49-41
Ta100x20,1,5,500,0.925,0.05,7,2230107264,17000,6468,6286,5851,6.365982478,v2_avx512bw_vec32_exact_perm,22-54-78-55-33-81-82-76-59-79-3-51-10-25-1-6-74-35-31-83-9-40-21-28-5-99-65-32-80-61-85-12-60-44-48-89-91-93-100-71-53-70-39-16-30-14-17-57-62-47-86-46-67-56-18-37-94-4-29-63-34-11-43-24-96-20-72-75-19-2-66-36-73-90-95-8-45-27-92-58-42-84-98-26-87-88-23-15-97-77-38-52-68-69-64-50-13-7-49-41
Ta100x20,1,5,500,0.925,0.05,8,2230108273,17000,6517,6286,5851,6.276886981,v2_avx512bw_vec32_exact_perm,54-22-78-33-59-79-55-82-100-28-10-83-31-74-48-51-1-91-46-30-9-5-40-11-16-3-21-25-93-4-86-61-65-80-58-81-76-99-45-12-32-6-17-60-77-47-37-85-89-94-35-56-70-44-57-63-67-24-53-18-62-23-90-71-43-20-15-39-2-97-92-68-98-84-96-27-14-87-66-73-26-38-42-72-34-95-88-19-29-8-69-64-75-7-50-13-49-36-52-41
Ta100x20,1,5,500,0.925,0.05,9,2230109282,17000,6552,6286,5851,6.322834217,v2_avx512bw_vec32_exact_perm,54-78-22-79-33-3-51-59-35-83-25-10-82-9-16-31-93-74-81-5-55-6-94-21-40-28-1-44-100-18-39-47-91-12-76-48-99-60-53-86-88-89-80-85-4-11-30-24-63-2-67-46-65-37-57-45-61-62-73-92-71-56-66-23-20-70-84-72-27-29-26-90-42-19-32-43-96-17-75-97-69-68-34-95-52-36-14-98-58-64-87-50-13-8-38-15-49-77-7-41
Ta100x20,1,5,500,0.925,0.05,10,2230110291,17000,6551,6286,5851,6.23317061,v2_avx512bw_vec32_exact_perm,54-22-78-79-33-59-35-74-28-65-76-53-77-82-55-1-93-81-62-21-9-3-25-5-12-40-61-6-16-11-10-30-47-32-83-58-51-48-4-60-31-94-18-29-44-37-89-56-91-67-85-92-20-45-80-100-63-86-46-99-75-27-39-70-34-23-14-71-17-36-2-24-57-43-98-88-87-96-73-42-7-26-15-95-66-84-72-90-69-64-50-13-19-8-49-38-52-97-68-41
Ta100x20,1,5,500,0.925,0.075,1,2230101210,17000,6581,6286,5851,6.394544036,v2_avx512bw_vec32_exact_perm,79-22-54-10-25-65-100-5-33-51-78-3-59-31-83-48-61-35-74-40-12-91-18-39-57-1-99-81-80-16-93-82-77-60-98-55-46-9-76-11-6-89-28-32-53-67-24-21-4-66-71-86-70-94-62-2-56-85-44-84-23-92-29-37-19-95-45-30-73-64-96-15-47-88-26-27-20-17-72-43-14-58-34-68-49-63-8-7-42-69-50-13-87-75-36-97-90-38-52-41
Ta100x20,1,5,500,0.925,0.075,2,2230102219,17000,6528,6286,5851,6.451160069,v2_avx512bw_vec32_exact_perm,54-22-78-79-33-10-81-31-40-82-16-1-99-60-65-74-80-21-3-51-25-5-76-35-93-100-59-4-23-94-44-28-47-83-12-56-42-70-71-55-48-30-62-61-9-85-11-53-37-39-24-57-67-6-32-18-46-36-77-20-75-73-63-96-86-29-89-91-43-92-17-2-8-45-14-34-90-58-15-68-98-64-72-88-66-95-26-87-19-38-52-27-50-69-84-97-13-7-49-41
Ta100x20,1,5,500,0.925,0.075,3,2230103228,17000,6550,6286,5851,6.451422495,v2_avx512bw_vec32_exact_perm,54-22-78-33-59-79-10-35-55-51-65-82-1-16-76-3-91-12-6-60-21-85-81-4-89-40-83-61-39-53-99-48-47-28-30-70-18-74-11-32-9-37-100-42-93-80-66-63-5-62-58-56-94-25-27-34-71-46-19-67-57-86-44-24-2-23-45-73-29-17-20-92-13-96-97-26-43-36-72-77-95-98-8-75-87-31-68-69-88-15-14-7-84-64-50-38-49-90-52-41
Ta100x20,1,5,500,0.925,0.075,4,2230104237,17000,6542,6286,5851,6.845594355,v2_avx512bw_vec32_exact_perm,22-54-55-78-79-65-3-33-83-74-16-59-35-1-10-31-99-81-76-9-28-45-6-48-62-21-61-25-82-4-51-100-32-30-93-5-12-80-39-60-40-56-18-53-91-85-89-37-47-44-96-24-20-2-88-94-86-57-70-29-67-68-66-23-46-27-43-77-98-92-11-72-75-14-90-71-87-15-63-58-73-26-34-8-17-95-97-36-69-84-19-52-42-13-38-64-50-7-49-41
Ta100x20,1,5,500,0.925,0.075,5,2230105246,17000,6539,6286,5851,7.583135985,v2_avx512bw_vec32_exact_perm,54-22-78-79-33-82-10-83-16-58-74-35-1-99-25-76-59-9-80-24-5-47-28-40-55-31-3-48-44-21-56-70-81-61-91-29-46-60-57-12-65-45-37-89-88-62-39-51-53-85-71-93-11-30-14-32-94-43-100-63-19-67-6-4-18-20-27-72-23-96-34-66-2-86-75-92-42-69-77-17-15-84-90-8-36-50-73-98-26-87-13-97-7-95-52-38-68-64-49-41
Ta100x20,1,5,500,0.925,0.075,6,2230106255,17000,6545,6286,5851,7.050015857,v2_avx512bw_vec32_exact_perm,54-78-59-22-33-25-81-53-79-31-10-100-76-3-40-39-35-9-4-74-65-48-51-28-5-89-85-82-99-12-93-32-83-16-43-21-6-44-37-91-80-61-50-96-46-57-58-45-55-24-71-1-18-60-70-30-88-56-67-11-20-17-94-29-62-47-75-14-86-23-92-19-15-73-2-63-72-98-27-36-34-95-26-8-69-97-77-90-66-87-42-84-68-38-52-64-49-13-7-41
Ta100x20,1,5,500,0.925,0.075,7,2230107264,17000,6540,6286,5851,6.958380667,v2_avx512bw_vec32_exact_perm,54-22-78-79-51-3-10-81-59-82-35-21-53-76-18-32-28-40-25-39-93-100-37-48-11-1-74-6-31-88-24-16-44-80-65-5-29-91-60-4-83-55-56-89-2-12-38-96-67-33-86-36-70-30-17-85-46-9-73-90-57-62-15-43-58-72-19-61-45-99-20-87-98-8-92-94-27-75-23-47-68-26-63-49-84-97-95-34-77-42-14-71-64-52-69-50-66-13-7-41
Ta100x20,1,5,500,0.925,0.075,8,2230108273,17000,6556,6286,5851,6.814831114,v2_avx512bw_vec32_exact_perm,54-22-47-78-51-21-33-79-59-31-16-82-65-32-28-61-35-74-6-83-55-3-12-53-76-91-1-56-80-81-60-100-93-9-18-86-30-40-44-10-37-4-11-25-72-48-42-45-85-5-94-67-17-89-70-24-29-62-63-46-20-2-39-92-57-84-97-23-43-26-75-96-14-66-58-27-34-19-99-98-71-36-73-8-15-69-90-95-87-68-52-64-13-50-38-77-7-88-49-41
Ta100x20,1,5,500,0.925,0.075,9,2230109282,17000,6533,6286,5851,6.690326403,v2_avx512bw_vec32_exact_perm,54-22-78-79-35-10-12-82-76-83-51-3-28-81-31-53-1-93-9-25-74-39-55-6-5-32-40-33-61-59-47-21-65-48-80-24-11-100-70-44-89-18-30-29-16-60-94-99-57-56-91-62-85-72-46-45-88-73-43-90-4-86-37-67-71-58-27-8-63-26-20-42-95-75-23-19-34-2-97-17-92-14-98-36-96-66-15-13-68-87-84-69-64-50-49-7-77-52-38-41
Ta100x20,1,5,500,0.925,0.075,10,2230110291,17000,6543,6286,5851,7.440019081,v2_avx512bw_vec32_exact_perm,54-22-78-79-10-3-51-33-65-83-59-16-31-82-60-25-21-28-5-32-85-81-30-74-1-70-46-35-40-62-76-87-48-93-63-47-80-73-99-61-44-9-56-53-86-55-11-89-67-71-2-12-4-20-100-64-34-39-19-94-23-91-66-37-90-98-18-24-68-27-75-17-72-96-43-26-58-6-45-88-14-15-29-36-95-57-8-92-84-77-52-42-13-7-38-69-97-50-49-41
Ta100x20,1,5,500,0.925,0.1,1,2230101210,17000,6524,6286,5851,6.474918977,v2_avx512bw_vec32_exact_perm,54-59-22-33-78-79-82-3-25-35-40-51-16-76-100-1-89-6-65-80-10-86-99-81-5-53-74-28-11-62-83-21-56-55-31-32-30-93-91-48-9-85-15-23-44-61-4-70-43-46-37-24-20-18-39-45-29-26-63-60-75-57-2-47-67-88-12-14-71-96-72-34-66-19-95-36-77-17-98-87-58-27-92-84-73-97-8-90-38-52-68-13-42-64-69-50-94-7-49-41
Ta100x20,1,5,500,0.925,0.1,2,2230102219,17000,6537,6286,5851,6.165960645,v2_avx512bw_vec32_exact_perm,54-22-78-79-33-35-10-16-76-82-83-46-5-51-77-74-1-3-28-21-59-39-65-55-40-12-25-45-99-91-36-81-31-48-93-44-85-60-56-80-53-18-11-6-43-89-32-61-30-24-67-23-57-62-70-20-86-4-27-37-29-94-2-19-58-34-9-63-14-47-87-100-75-8-72-95-66-26-71-97-73-98-68-64-92-42-84-96-88-38-17-69-13-7-15-50-49-90-52-41
Ta100x20,1,5,500,0.925,0.1,3,2230103228,17000,6546,6286,5851,6.759542272,v2_avx512bw_vec32_exact_perm,54-22-78-79-100-97-83-33-10-35-53-99-74-55-21-51-82-91-40-93-3-28-16-81-65-61-32-6-76-9-31-5-59-20-12-37-1-89-18-39-60-44-62-56-71-11-80-85-23-25-48-45-86-4-67-24-19-27-47-2-94-70-75-68-90-30-87-69-57-73-42-92-96-98-8-36-14-88-34-29-46-15-26-95-63-43-64-17-58-77-66-72-84-38-50-52-7-49-13-41
Ta100x20,1,5,500,0.925,0.1,4,2230104237,17000,6559,6286,5851,6.299924164,v2_avx512bw_vec32_exact_perm,54-22-78-59-33-82-31-81-79-40-55-10-83-53-51-6-65-25-74-35-61-60-1-91-4-80-47-17-11-96-48-93-46-28-9-12-30-85-16-76-90-18-89-94-24-45-100-62-39-21-99-86-56-14-70-20-44-32-3-37-88-42-75-58-2-63-43-67-71-27-5-77-23-19-66-64-57-87-8-92-95-36-73-98-15-72-29-68-84-50-69-26-34-13-52-97-7-38-49-41
Ta100x20,1,5,500,0.925,0.1,5,2230105246,17000,6574,6286,5851,6.455300317,v2_avx512bw_vec32_exact_perm,54-22-79-78-59-1-16-46-33-65-28-25-3-74-82-53-83-47-21-81-80-35-31-51-93-9-91-12-17-76-48-6-100-11-37-56-86-60-39-89-55-30-43-40-18-88-42-61-77-44-24-70-20-2-4-32-62-67-10-23-45-57-92-85-19-73-99-71-29-26-96-15-97-5-34-63-87-75-94-8-69-27-58-68-95-14-36-98-13-84-50-7-49-72-66-64-90-52-38-41
Ta100x20,1,5,500,0.925,0.1,6,2230106255,17000,6551,6286,5851,6.67302933,v2_avx512bw_vec32_exact_perm,22-54-55-78-33-59-51-79-81-31-6-82-65-83-40-3-74-76-5-39-48-53-4-62-28-9-32-25-89-21-91-80-93-35-10-60-73-20-12-47-24-61-85-94-1-99-96-44-18-30-67-11-16-56-98-2-15-37-71-14-70-100-34-36-46-45-19-88-17-23-86-57-84-87-75-58-27-50-92-72-68-66-95-64-26-49-69-43-97-90-7-77-13-42-29-38-63-8-52-41
Ta100x20,1,5,500,0.925,0.1,7,2230107264,17000,6579,6286,5851,6.590469659,v2_avx512bw_vec32_exact_perm,22-54-78-33-59-1-40-79-88-99-83-35-81-47-76-82-3-10-77-53-21-71-28-25-6-51-74-31-93-48-5-12-9-60-91-16-37-62-18-44-11-89-56-61-86-80-65-85-63-70-39-67-34-75-30-4-46-45-20-55-94-32-92-36-100-43-23-87-96-24-2-7-27-19-57-97-50-73-58-90-98-15-8-84-17-14-68-72-69-95-42-52-26-49-13-38-64-29-66-41
Ta100x20,1,5,500,0.925,0.1,8,2230108273,17000,6504,6286,5851,6.777229285,v2_avx512bw_vec32_exact_perm,54-22-78-79-35-55-82-81-76-16-3-1-83-33-51-56-5-21-6-65-74-99-9-100-10-32-46-28-40-25-59-31-53-30-37-93-70-48-11-85-71-29-61-45-80-98-47-60-27-44-4-2-91-12-62-14-89-34-39-86-20-18-96-69-24-94-58-67-43-42-17-26-87-66-77-19-57-23-88-8-15-72-73-75-95-68-90-97-84-36-63-92-7-52-64-13-50-49-38-41
Ta100x20,1,5,500,0.925,0.1,9,2230109282,17000,6537,6286,5851,6.733230791,v2_avx512bw_vec32_exact_perm,54-22-78-79-28-33-10-81-1-35-74-83-16-76-3-6-60-31-82-100-40-93-9-47-65-51-61-5-48-11-59-12-4-80-53-37-32-39-67-62-50-20-25-94-86-23-21-89-85-44-2-55-45-99-75-91-17-46-29-43-30-27-57-84-24-70-73-63-90-58-56-18-34-96-69-88-71-8-26-14-19-66-15-42-92-87-97-95-98-7-52-13-77-68-64-72-36-49-38-41
Ta100x20,1,5,500,0.925,0.1,10,2230110291,17000,6556,6286,5851,6.500453479,v2_avx512bw_vec32_exact_perm,54-22-33-59-25-35-55-79-24-53-47-3-78-81-76-74-5-1-80-28-65-10-48-9-93-83-16-6-21-61-73-89-11-32-12-82-58-31-51-90-20-63-100-94-23-40-4-99-56-18-85-37-44-71-60-62-30-91-57-70-39-67-15-34-96-17-42-2-8-95-46-97-27-29-72-19-88-26-98-14-45-68-86-87-92-66-13-84-36-49-75-50-7-38-43-64-52-69-77-41
Ta100x20,1,5,500,0.925,0.125,1,2230101210,17000,6546,6286,5851,6.654891278,v2_avx512bw_vec32_exact_perm,54-22-47-33-78-65-59-25-28-81-1-21-32-3-10-75-6-100-56-74-82-40-83-79-12-80-61-35-60-5-55-44-89-9-16-76-71-11-99-31-48-51-62-46-94-30-85-73-93-70-37-24-39-53-86-18-57-91-98-4-2-45-19-67-20-23-63-68-96-72-34-95-27-15-17-26-97-14-58-29-87-36-49-50-84-43-66-92-42-7-13-88-8-90-52-69-64-77-38-41
Ta100x20,1,5,500,0.925,0.125,2,2230102219,17000,6535,6286,5851,7.709454639,v2_avx512bw_vec32_exact_perm,54-22-79-35-10-55-53-78-83-3-9-25-4-51-47-48-74-16-40-59-6-100-31-81-96-33-93-60-12-88-28-82-30-99-65-1-76-89-21-80-32-67-61-57-70-91-44-18-85-37-19-39-71-56-63-24-62-5-94-46-86-45-29-77-98-58-73-36-20-92-43-2-64-75-23-68-84-17-14-72-95-97-50-8-90-87-34-26-42-15-38-52-69-11-66-27-49-13-7-41
Ta100x20,1,5,500,0.925,0.125,3,2230103228,17000,6548,6286,5851,7.224978768,v2_avx512bw_vec32_exact_perm,54-22-78-79-10-33-35-6-59-51-3-31-28-61-32-81-72-76-12-25-82-40-100-1-80-9-55-65-83-74-42-48-58-21-60-93-5-99-16-90-47-4-53-86-20-11-62-70-17-18-39-91-30-94-66-56-63-24-2-96-67-88-71-15-85-69-75-46-44-23-95-57-45-27-8-87-29-98-92-36-77-37-73-34-89-14-84-19-43-26-97-68-52-64-13-50-7-38-49-41
Ta100x20,1,5,500,0.925,0.125,4,2230104237,17000,6538,6286,5851,6.782745715,v2_avx512bw_vec32_exact_perm,22-54-33-79-78-81-59-25-55-35-32-51-18-83-5-16-91-31-39-80-21-76-74-28-10-1-99-48-86-6-3-40-11-56-82-9-89-88-30-93-100-37-53-44-70-87-65-12-60-96-47-58-62-15-57-61-27-94-2-24-66-4-45-67-20-64-23-85-73-46-71-72-97-17-8-34-19-92-77-75-68-29-90-14-26-42-98-49-43-13-84-69-7-52-63-36-95-50-38-41
Ta100x20,1,5,500,0.925,0.125,5,2230105246,17000,6527,6286,5851,6.322801773,v2_avx512bw_vec32_exact_perm,22-54-78-33-59-79-65-1-76-82-25-90-10-47-35-9-31-81-48-74-53-3-99-100-94-85-16-83-5-55-61-44-89-42-21-6-28-32-51-4-87-46-80-12-39-57-92-11-56-40-93-60-73-30-86-37-27-62-71-26-43-45-91-2-70-20-8-23-17-15-18-96-72-67-97-88-29-24-19-69-66-64-77-63-84-14-58-75-68-98-36-34-13-52-95-7-50-38-49-41
Ta100x20,1,5,500,0.925,0.125,6,2230106255,17000,6537,6286,5851,6.729940935,v2_avx512bw_vec32_exact_perm,54-78-59-22-83-33-25-5-65-79-28-74-99-55-35-81-18-29-9-82-51-10-1-40-16-44-80-3-53-39-6-37-31-100-11-48-24-56-61-76-30-70-93-88-12-46-60-73-20-23-17-67-71-96-94-89-36-91-58-27-45-86-4-8-85-63-32-62-42-87-98-21-92-26-15-77-43-97-19-57-2-34-14-84-52-90-66-95-68-75-69-64-47-72-38-7-13-50-49-41
Ta100x20,1,5,500,0.925,0.125,7,2230107264,17000,6554,6286,5851,6.600853299,v2_avx512bw_vec32_exact_perm,54-78-22-33-35-10-62-83-59-32-21-51-65-3-55-47-1-81-79-82-60-4-76-93-39-100-44-16-12-89-9-56-80-74-24-67-99-63-40-31-91-25-45-61-48-11-29-90-70-34-94-18-75-46-53-85-28-23-20-96-37-6-84-50-30-36-2-86-88-14-58-17-7-98-5-73-95-19-57-26-72-27-42-15-92-71-87-68-13-66-43-64-38-52-8-69-49-97-77-41
Ta100x20,1,5,500,0.925,0.125,8,2230108273,17000,6541,6286,5851,6.736121319,v2_avx512bw_vec32_exact_perm,54-22-47-78-79-10-1-33-35-55-6-3-76-83-100-16-71-53-18-82-31-40-21-51-59-81-25-12-65-9-32-45-5-74-99-85-44-23-62-48-28-61-91-88-39-89-93-34-4-60-30-2-80-46-70-63-57-92-86-56-43-64-67-95-37-11-19-20-17-27-58-36-94-96-24-66-87-72-42-26-73-13-84-29-68-98-15-8-50-69-75-49-97-38-14-90-77-7-52-41
Ta100x20,1,5,500,0.925,0.125,9,2230109282,17000,6567,6286,5851,6.780662049,v2_avx512bw_vec32_exact_perm,22-54-59-55-78-99-81-25-5-33-28-9-10-1-21-74-83-51-82-44-76-3-35-79-16-60-4-40-47-11-62-37-39-94-45-56-100-48-70-53-31-18-6-66-80-93-32-20-65-15-12-89-86-67-91-29-96-61-24-97-92-14-43-71-75-2-23-17-30-27-36-46-73-57-63-19-8-49-68-98-72-85-84-69-95-87-58-88-34-90-26-42-50-7-13-64-77-38-52-41
Ta100x20,1,5,500,0.925,0.125,10,2230110291,17000,6600,6286,5851,6.723744834,v2_avx512bw_vec32_exact_perm,54-22-78-33-79-10-81-31-82-83-47-5-35-76-25-56-32-60-74-59-1-53-9-16-21-44-61-80-93-91-51-40-20-30-65-3-6-85-100-39-70-18-89-88-86-29-50-14-90-71-23-45-4-8-94-62-55-92-34-19-36-28-24-2-48-37-96-17-67-12-43-57-11-58-27-99-15-26-46-73-98-95-64-87-63-97-75-72-69-68-7-84-13-66-42-52-38-49-77-41
Ta100x20,1,5,500,0.9625,0.025,1,2230101210,17000,6500,6286,5851,6.655255021,v2_avx512bw_vec32_exact_perm,22-54-78-59-25-79-31-35-47-3-82-51-83-10-74-76-40-5-30-99-21-1-53-33-12-18-85-55-44-32-56-81-65-89-46-91-94-80-60-100-16-4-9-48-28-61-6-11-37-93-57-62-39-86-36-2-70-45-67-17-24-20-71-43-97-92-96-27-75-23-58-88-15-98-14-72-77-84-42-29-19-66-38-90-13-26-73-34-95-63-8-87-68-52-69-64-50-7-49-41
Ta100x20,1,5,500,0.9625,0.025,2,2230102219,17000,6542,6286,5851,7.524710214,v2_avx512bw_vec32_exact_perm,54-22-78-79-10-33-35-55-21-51-81-76-31-99-82-16-83-53-59-47-1-89-6-94-5-40-3-65-75-46-48-12-28-9-74-25-32-57-80-24-30-61-93-62-45-44-85-11-70-43-60-92-91-29-37-67-4-18-58-90-39-63-96-100-20-23-42-68-56-2-64-27-26-86-15-88-8-17-34-72-19-49-14-73-98-36-77-66-87-84-69-71-97-95-7-50-38-13-52-41
Ta100x20,1,5,500,0.9625,0.025,3,2230103228,17000,6531,6286,5851,6.42501395,v2_avx512bw_vec32_exact_perm,54-22-47-78-79-10-65-3-53-59-33-1-40-60-55-82-74-25-9-81-4-32-35-83-12-45-61-71-5-48-16-46-80-6-76-100-91-39-30-88-89-21-94-99-31-56-67-28-93-44-37-96-75-63-51-62-70-85-18-23-66-36-24-2-20-84-15-34-19-57-29-14-11-43-98-95-58-92-87-86-73-68-26-90-27-42-17-97-69-72-64-8-38-13-50-7-49-77-52-41
Ta100x20,1,5,500,0.9625,0.025,4,2230104237,17000,6511,6286,5851,6.612750384,v2_avx512bw_vec32_exact_perm,54-22-78-33-81-55-6-10-82-79-76-74-35-83-30-3-40-61-80-93-1-11-51-21-31-56-25-5-16-60-91-48-89-39-59-12-65-53-29-63-100-18-9-85-44-28-47-62-34-20-2-92-99-86-46-71-70-24-96-8-72-45-37-42-27-94-32-58-57-67-77-17-23-90-95-98-15-14-88-75-73-26-66-19-36-52-84-4-97-87-38-43-68-69-64-50-13-7-49-41
Ta100x20,1,5,500,0.9625,0.025,5,2230105246,17000,6526,6286,5851,6.654277076,v2_avx512bw_vec32_exact_perm,54-22-78-79-10-33-35-55-65-82-9-83-81-74-40-21-1-3-48-80-93-28-51-59-61-76-12-6-89-91-60-25-11-16-30-53-44-4-86-85-70-56-31-100-58-5-94-18-71-62-37-67-50-99-24-96-45-39-47-27-98-87-32-57-46-14-34-2-17-43-23-36-77-72-92-20-90-69-15-88-7-73-8-95-42-29-75-66-19-38-63-26-84-97-13-52-68-64-49-41
Ta100x20,1,5,500,0.9625,0.025,6,2230106255,17000,6532,6286,5851,6.386555956,v2_avx512bw_vec32_exact_perm,54-22-78-79-82-28-3-81-1-83-51-33-76-53-35-74-89-55-10-25-40-32-93-9-6-21-18-12-65-59-56-86-44-4-80-60-100-24-48-16-47-11-61-94-31-70-37-39-91-46-67-45-2-62-85-29-50-5-20-96-66-34-95-71-19-99-14-88-97-23-30-15-72-90-43-58-73-8-57-92-36-26-42-75-63-27-17-64-98-77-87-13-69-7-49-52-84-68-38-41
Ta100x20,1,5,500,0.9625,0.025,7,2230107264,17000,6531,6286,5851,6.521125325,v2_avx512bw_vec32_exact_perm,54-22-78-79-10-33-40-3-48-16-93-35-55-82-76-1-31-81-6-9-25-100-59-21-60-47-5-83-61-30-58-89-53-4-45-99-56-74-44-70-85-80-32-46-50-29-18-11-57-86-67-24-28-37-87-62-96-65-91-51-34-12-63-2-94-20-23-39-73-98-19-66-14-15-95-36-88-75-8-42-72-26-97-92-84-43-71-69-17-64-27-90-13-68-38-7-49-52-77-41
Ta100x20,1,5,500,0.9625,0.025,8,2230108273,17000,6556,6286,5851,6.663827027,v2_avx512bw_vec32_exact_perm,54-22-78-79-10-33-28-81-82-16-35-25-3-4-59-1-83-55-60-5-53-93-100-89-9-31-40-6-65-85-44-76-74-46-21-51-47-70-39-99-63-61-80-45-18-48-20-67-12-24-32-71-30-91-2-43-29-94-11-77-26-62-56-17-87-37-57-90-96-8-73-15-27-97-86-23-92-95-7-38-84-14-58-64-68-88-75-98-69-72-34-42-66-19-52-50-13-49-36-41
Ta100x20,1,5,500,0.9625,0.025,9,2230109282,17000,6505,6286,5851,6.749448113,v2_avx512bw_vec32_exact_perm,54-22-78-33-81-55-10-25-65-82-74-79-16-3-83-5-28-93-40-21-99-76-35-39-47-59-37-94-60-61-31-80-89-51-67-11-12-1-6-86-63-18-4-46-62-91-48-45-29-9-85-32-71-70-43-53-57-24-56-100-90-58-44-92-27-30-19-14-88-17-96-34-64-77-23-20-95-15-68-2-72-8-69-75-66-73-98-26-97-42-87-36-38-52-84-50-13-7-49-41
Ta100x20,1,5,500,0.9625,0.025,10,2230110291,17000,6504,6286,5851,7.019008054,v2_avx512bw_vec32_exact_perm,54-22-78-79-35-55-33-16-83-5-93-62-1-3-81-28-82-76-21-65-10-48-11-53-9-74-91-25-61-80-51-46-6-31-100-71-70-60-89-40-39-4-56-18-67-32-12-37-20-84-59-30-29-96-57-44-75-99-2-90-24-85-42-73-27-94-98-72-8-92-23-45-47-63-26-77-86-17-36-88-43-58-19-13-66-52-87-15-68-95-64-97-38-14-34-50-69-7-49-41
Ta100x20,1,5,500,0.9625,0.05,1,2230101210,17000,6541,6286,5851,7.093667409,v2_avx512bw_vec32_exact_perm,54-22-47-82-59-55-78-79-33-74-39-31-56-100-16-32-51-81-65-1-25-89-80-40-44-6-21-83-10-53-35-61-99-76-3-91-12-93-20-94-48-67-9-37-5-70-60-28-46-23-4-71-98-96-34-63-11-18-57-30-62-68-64-85-58-97-92-24-45-2-15-38-19-27-26-42-88-86-87-75-69-90-17-14-43-29-95-73-8-66-72-36-49-50-84-13-7-52-77-41
Ta100x20,1,5,500,0.9625,0.05,2,2230102219,17000,6499,6286,5851,6.726826122,v2_avx512bw_vec32_exact_perm,54-22-78-79-35-55-33-9-28-82-83-3-100-74-51-81-12-4-93-48-5-76-10-16-1-80-56-11-21-32-25-59-30-99-62-6-47-34-53-39-40-61-37-65-89-44-77-45-18-31-60-94-46-72-20-27-23-19-63-85-88-70-71-66-96-2-29-15-24-57-17-8-14-92-42-43-58-75-97-91-86-36-26-73-90-95-67-87-98-84-69-7-68-13-52-64-50-38-49-41
Ta100x20,1,5,500,0.9625,0.05,3,2230103228,17000,6545,6286,5851,6.794719333,v2_avx512bw_vec32_exact_perm,54-22-78-33-59-79-3-16-47-28-1-76-74-32-25-65-5-83-12-35-29-44-81-53-21-6-82-51-10-48-80-9-93-70-94-31-40-55-43-89-56-45-62-11-4-77-61-86-67-91-85-2-99-60-30-63-96-100-37-24-20-39-71-92-18-75-46-58-57-36-27-34-14-72-26-87-88-97-8-66-19-95-68-98-23-64-90-73-17-42-84-52-13-38-7-69-15-50-49-41
Ta100x20,1,5,500,0.9625,0.05,4,2230104237,17000,6573,6286,5851,7.659376727,v2_avx512bw_vec32_exact_perm,22-54-78-55-82-33-16-3-48-79-81-76-59-80-51-11-25-93-35-10-46-4-18-31-85-74-9-40-32-83-47-5-21-44-60-28-12-37-6-1-100-63-65-61-71-70-45-99-24-39-66-89-88-53-20-27-91-95-62-72-94-23-34-19-15-56-2-86-84-43-58-36-57-14-90-17-73-69-98-8-96-42-67-13-26-68-64-50-29-87-97-75-92-38-30-49-77-7-52-41
Ta100x20,1,5,500,0.9625,0.05,5,2230105246,17000,6559,6286,5851,7.824993393,v2_avx512bw_vec32_exact_perm,54-22-78-79-33-35-100-83-25-9-3-81-10-53-99-93-74-31-56-40-1-21-5-16-60-11-30-55-32-51-48-76-12-91-89-6-44-46-28-59-47-80-85-61-84-67-2-63-29-4-20-62-45-18-24-70-39-94-72-71-92-27-42-96-37-82-23-26-86-14-43-57-65-98-66-97-87-75-36-64-58-77-34-15-8-95-17-73-90-69-68-88-52-50-19-7-38-49-13-41
Ta100x20,1,5,500,0.9625,0.05,6,2230106255,17000,6557,6286,5851,6.83351753,v2_avx512bw_vec32_exact_perm,54-22-78-79-10-33-39-82-55-59-65-28-35-9-3-40-21-93-25-91-1-89-5-83-74-30-56-31-85-48-53-45-62-86-99-4-47-61-81-12-67-32-6-60-80-76-46-51-37-44-16-20-2-23-100-88-18-19-24-57-63-77-36-70-34-58-27-90-96-71-94-43-15-98-17-73-92-11-14-38-69-75-87-42-8-13-29-72-95-7-97-26-66-84-64-52-50-68-49-41
Ta100x20,1,5,500,0.9625,0.05,7,2230107264,17000,6510,6286,5851,6.901601831,v2_avx512bw_vec32_exact_perm,54-22-78-79-35-76-59-10-51-3-74-12-31-33-81-16-91-82-39-61-40-48-65-21-9-53-25-93-4-28-46-89-44-85-80-83-45-1-24-100-32-18-99-30-70-56-14-60-90-11-2-62-86-55-37-71-17-73-42-5-20-6-94-72-67-96-27-19-23-88-29-84-92-58-34-47-36-57-15-75-8-26-69-87-97-43-52-63-95-98-77-68-38-66-64-50-13-7-49-41
Ta100x20,1,5,500,0.9625,0.05,8,2230108273,17000,6563,6286,5851,6.881540337,v2_avx512bw_vec32_exact_perm,54-22-78-33-59-79-10-53-51-35-55-5-3-1-60-21-74-65-76-93-91-31-47-99-83-82-6-9-89-100-56-32-25-63-80-44-81-4-30-40-28-2-12-61-11-43-48-62-85-46-39-16-67-71-37-75-73-94-72-18-24-20-70-14-57-90-29-86-34-27-96-58-84-45-23-26-17-98-8-95-66-19-92-36-42-87-88-15-69-97-7-50-49-64-77-68-13-38-52-41
Ta100x20,1,5,500,0.9625,0.05,9,2230109282,17000,6531,6286,5851,7.040404021,v2_avx512bw_vec32_exact_perm,54-22-78-79-35-55-59-33-65-83-82-99-10-12-91-16-74-100-21-1-53-81-61-76-93-80-3-39-25-47-51-6-62-89-24-4-46-28-9-56-85-36-88-31-94-67-57-30-20-58-70-18-71-48-86-44-45-32-37-2-60-40-5-27-96-90-23-43-11-95-29-72-15-87-68-8-98-14-84-92-77-63-69-52-34-19-26-66-73-42-75-17-13-7-97-64-38-50-49-41
Ta100x20,1,5,500,0.9625,0.05,10,2230110291,17000,6563,6286,5851,7.164758463,v2_avx512bw_vec32_exact_perm,22-54-78-33-74-79-59-89-32-55-51-16-5-76-3-1-48-12-65-61-81-10-25-82-100-35-31-21-83-91-50-40-18-62-34-39-93-80-53-27-11-24-28-99-46-86-88-23-4-85-63-44-66-17-30-71-20-96-94-37-2-70-45-29-72-47-9-56-67-6-75-98-36-95-77-58-15-92-43-8-14-73-19-57-68-26-87-49-64-90-60-97-84-38-42-69-52-13-7-41
Ta100x20,1,5,500,0.9625,0.075,1,2230101210,17000,6546,6286,5851,6.911437704,v2_avx512bw_vec32_exact_perm,54-22-78-33-47-59-79-10-16-82-31-90-1-21-35-65-74-53-76-39-91-48-83-6-3-100-81-62-12-60-80-86-89-61-44-55-50-93-5-56-18-30-85-29-23-25-32-51-40-24-28-4-94-37-11-77-2-67-97-99-9-43-70-20-96-73-71-64-26-46-45-8-57-27-58-63-87-7-95-69-34-72-19-68-75-88-92-42-98-17-49-13-15-14-36-66-84-38-52-41
Ta100x20,1,5,500,0.9625,0.075,2,2230102219,17000,6554,6286,5851,6.696876473,v2_avx512bw_vec32_exact_perm,22-54-55-33-81-28-3-59-76-1-40-78-9-93-21-4-79-83-5-48-25-35-51-10-82-62-100-31-53-56-11-16-63-70-44-85-74-99-24-39-89-80-2-71-60-61-47-88-6-67-30-91-20-96-12-18-23-86-37-73-72-94-17-65-34-15-45-98-32-43-87-46-57-36-27-14-64-26-92-66-29-68-95-77-58-38-97-8-42-69-19-75-90-84-7-13-50-49-52-41
Ta100x20,1,5,500,0.9625,0.075,3,2230103228,17000,6563,6286,5851,6.609472714,v2_avx512bw_vec32_exact_perm,54-78-59-22-33-82-79-10-65-3-93-21-35-25-91-83-5-74-28-56-76-39-55-62-89-99-81-57-61-53-51-11-18-31-100-48-12-29-16-85-40-46-6-96-37-32-1-9-80-44-27-30-42-4-67-14-71-24-70-66-60-2-47-45-73-92-86-90-23-20-94-19-97-17-58-75-72-8-63-34-69-98-84-87-43-13-36-88-52-77-26-68-15-50-64-7-95-38-49-41
Ta100x20,1,5,500,0.9625,0.075,4,2230104237,17000,6576,6286,5851,7.283822875,v2_avx512bw_vec32_exact_perm,54-22-78-79-10-33-88-82-65-83-59-36-3-5-9-28-25-93-40-16-35-81-51-32-55-30-37-6-80-74-53-31-100-46-76-70-56-89-44-4-45-61-21-62-23-11-85-48-1-39-2-67-71-94-57-12-99-91-60-18-29-97-98-75-90-27-24-73-72-92-19-68-13-86-20-26-96-43-84-14-34-15-77-58-87-47-17-63-69-8-64-66-95-7-49-42-50-52-38-41
Ta100x20,1,5,500,0.9625,0.075,5,2230105246,17000,6574,6286,5851,6.898902556,v2_avx512bw_vec32_exact_perm,54-22-47-78-79-10-33-25-74-3-59-24-31-40-35-18-6-81-16-65-1-30-60-32-76-82-9-28-45-5-80-53-99-89-83-21-61-43-55-23-93-85-62-71-51-12-97-44-91-4-48-20-56-100-8-94-57-11-70-37-96-34-88-58-39-2-67-73-17-46-75-14-86-90-36-26-27-15-63-92-19-29-72-42-87-68-69-84-66-98-13-7-95-38-64-49-77-52-50-41
Ta100x20,1,5,500,0.9625,0.075,6,2230106255,17000,6571,6286,5851,6.876084033,v2_avx512bw_vec32_exact_perm,54-22-78-79-35-10-76-83-81-100-1-31-60-51-59-53-99-82-33-25-21-5-91-28-65-89-80-61-9-93-40-55-32-44-27-12-48-16-30-74-18-94-46-85-11-62-70-73-24-23-96-47-20-6-75-39-88-86-58-37-2-43-63-45-26-4-3-67-29-92-64-56-50-98-8-42-19-87-84-14-36-57-69-66-71-90-17-95-7-34-68-49-72-13-97-15-38-77-52-41
Ta100x20,1,5,500,0.9625,0.075,7,2230107264,17000,6544,6286,5851,6.985073128,v2_avx512bw_vec32_exact_perm,54-78-59-22-25-82-3-79-31-51-47-55-83-33-10-1-76-28-48-9-16-56-5-40-65-93-35-74-32-21-81-61-6-4-80-11-100-60-89-44-45-24-90-53-85-46-57-18-43-37-39-63-12-69-20-30-71-23-2-86-99-70-94-92-67-62-91-17-29-96-34-15-14-72-19-68-66-87-95-73-36-98-88-64-26-84-8-75-58-50-27-42-38-49-7-97-77-13-52-41
Ta100x20,1,5,500,0.9625,0.075,8,2230108273,17000,6572,6286,5851,6.987024554,v2_avx512bw_vec32_exact_perm,54-22-78-79-47-35-55-5-16-81-39-28-1-56-21-12-83-3-85-65-40-82-10-4-6-33-74-76-60-48-90-53-99-94-93-31-51-59-32-44-70-80-89-61-9-100-24-11-45-57-67-18-37-71-17-92-72-42-15-23-62-34-43-46-2-30-75-20-25-8-63-58-66-27-91-14-98-96-19-73-26-88-87-95-29-86-64-49-84-36-13-97-77-7-50-69-38-52-68-41
Ta100x20,1,5,500,0.9625,0.075,9,2230109282,17000,6560,6286,5851,6.949249692,v2_avx512bw_vec32_exact_perm,54-22-78-79-10-33-59-82-21-9-35-6-1-28-85-74-100-53-25-51-81-93-65-31-91-4-83-45-16-61-40-99-76-3-48-47-37-94-5-80-12-55-11-30-32-96-57-89-62-18-70-44-20-60-69-36-56-24-27-86-2-14-23-73-71-39-46-66-15-19-58-90-92-43-67-29-98-95-84-72-63-8-88-34-17-87-42-75-26-97-38-52-49-68-77-64-50-13-7-41
Ta100x20,1,5,500,0.9625,0.075,10,2230110291,17000,6530,6286,5851,7.29153608,v2_avx512bw_vec32_exact_perm,54-78-59-22-3-33-79-1-74-51-35-76-82-100-16-25-31-81-32-9-10-5-83-44-48-21-28-89-53-12-6-65-80-85-61-99-55-94-40-2-4-73-93-37-68-71-30-70-47-91-43-15-62-39-20-11-92-86-27-56-96-57-60-14-19-46-63-24-58-29-64-17-45-23-67-75-88-90-87-97-77-95-36-69-8-34-38-72-98-84-50-66-18-26-52-42-49-13-7-41
Ta100x20,1,5,500,0.9625,0.1,1,2230101210,17000,6547,6286,5851,6.586366869,v2_avx512bw_vec32_exact_perm,54-22-78-79-10-74-33-59-82-76-1-25-3-28-55-65-40-21-6-9-83-51-44-89-31-53-71-48-97-63-5-99-81-93-12-35-18-32-11-61-23-80-86-100-94-39-67-24-56-2-16-4-15-62-60-91-57-30-85-73-46-14-20-70-45-58-47-37-19-43-34-8-98-96-17-72-77-90-42-36-75-88-87-84-92-66-69-64-27-29-26-95-52-13-7-50-49-68-38-41
Ta100x20,1,5,500,0.9625,0.1,2,2230102219,17000,6586,6286,5851,6.988782363,v2_avx512bw_vec32_exact_perm,54-22-78-79-51-33-59-31-10-62-5-99-28-35-81-76-48-83-1-55-82-80-46-21-25-6-9-56-24-40-93-89-65-3-12-4-61-60-17-86-44-39-91-70-16-53-18-30-11-32-73-85-20-45-47-94-37-57-74-96-29-23-14-100-19-77-34-15-2-27-69-84-58-98-63-71-92-72-42-67-8-95-7-43-36-64-90-88-87-50-49-75-13-68-97-26-66-38-52-41
Ta100x20,1,5,500,0.9625,0.1,3,2230103228,17000,6567,6286,5851,6.442153954,v2_avx512bw_vec32_exact_perm,54-22-78-33-28-79-51-59-16-35-76-9-10-25-31-81-74-65-1-89-53-85-6-70-40-82-4-61-80-12-32-3-11-30-100-55-5-83-44-34-21-91-48-60-93-43-57-2-56-72-96-45-63-75-94-46-20-68-37-62-39-58-87-23-24-27-18-98-95-36-29-73-15-86-47-69-19-17-99-14-67-90-97-84-71-88-8-92-77-66-42-26-64-50-13-52-7-38-49-41
Ta100x20,1,5,500,0.9625,0.1,4,2230104237,17000,6550,6286,5851,6.948590728,v2_avx512bw_vec32_exact_perm,54-22-78-79-33-59-10-55-5-99-35-74-40-51-31-76-45-85-4-83-16-93-3-1-25-28-100-81-12-92-48-9-21-39-71-37-36-80-61-44-56-89-14-91-82-24-62-30-49-53-6-43-20-18-70-60-57-47-11-73-50-29-65-17-96-94-42-46-58-86-34-88-23-68-2-13-64-15-90-97-27-26-98-19-67-77-8-75-95-72-66-63-87-32-7-84-52-69-38-41
Ta100x20,1,5,500,0.9625,0.1,5,2230105246,17000,6583,6286,5851,6.860189004,v2_avx512bw_vec32_exact_perm,54-22-47-1-35-83-82-78-51-81-31-3-33-28-10-21-65-25-55-92-74-76-53-9-80-89-59-99-85-40-44-100-79-12-30-37-6-48-93-91-45-32-57-16-39-46-5-11-60-20-96-70-4-61-86-67-94-18-73-43-24-63-8-71-36-69-2-97-62-29-56-98-75-87-14-90-72-17-42-26-95-27-23-58-34-68-88-19-84-15-66-38-64-50-13-49-7-77-52-41
Ta100x20,1,5,500,0.9625,0.1,6,2230106255,17000,6573,6286,5851,6.96765414,v2_avx512bw_vec32_exact_perm,54-22-78-79-35-10-25-33-82-1-100-3-4-83-65-45-48-55-9-76-31-28-85-81-61-51-6-21-80-99-89-74-40-16-32-93-47-5-59-53-44-12-18-30-62-7-42-90-20-67-39-86-70-91-27-43-11-94-97-96-87-2-37-60-24-8-19-88-23-17-57-46-63-29-14-34-95-66-75-92-71-64-73-68-77-98-69-72-26-84-15-56-13-50-58-52-36-38-49-41
Ta100x20,1,5,500,0.9625,0.1,7,2230107264,17000,6561,6286,5851,7.388264646,v2_avx512bw_vec32_exact_perm,54-22-78-79-10-33-74-35-53-83-9-76-25-82-81-3-28-93-21-1-5-80-86-56-31-70-59-12-65-51-55-16-48-6-100-17-99-44-37-61-23-91-40-24-39-88-47-60-89-57-30-62-20-90-32-73-45-11-94-18-2-85-4-98-15-36-46-67-66-34-71-14-8-75-96-77-13-58-63-19-50-97-26-43-92-95-64-27-49-72-84-42-87-68-69-29-38-7-52-41
Ta100x20,1,5,500,0.9625,0.1,8,2230108273,17000,6549,6286,5851,6.872346894,v2_avx512bw_vec32_exact_perm,54-78-22-48-59-79-33-10-35-51-83-25-86-4-99-40-60-76-1-82-53-5-93-65-80-89-3-42-6-28-94-12-47-73-74-31-81-37-30-11-21-85-16-18-91-55-44-27-29-32-100-63-62-2-57-46-75-70-61-67-24-58-56-9-14-19-34-90-88-23-71-39-43-87-98-77-20-45-36-72-17-15-95-26-66-96-97-92-8-84-13-52-68-69-64-50-38-7-49-41
Ta100x20,1,5,500,0.9625,0.1,9,2230109282,17000,6586,6286,5851,7.106476416,v2_avx512bw_vec32_exact_perm,54-22-78-33-59-10-79-55-83-65-25-1-35-21-4-16-82-23-85-51-3-30-74-62-5-39-99-81-31-40-32-86-28-76-67-12-93-53-88-90-80-71-100-45-91-61-37-20-11-56-60-89-92-70-17-46-44-57-9-63-24-15-18-43-96-2-19-97-14-29-73-26-48-8-47-94-95-69-72-98-58-84-36-50-6-75-27-49-34-66-77-52-87-68-13-7-64-42-38-41
Ta100x20,1,5,500,0.9625,0.1,10,2230110291,17000,6583,6286,5851,7.107748464,v2_avx512bw_vec32_exact_perm,54-22-78-79-10-31-51-81-33-59-55-82-74-53-100-76-93-91-83-65-35-9-48-80-25-37-16-46-56-21-44-12-3-28-99-61-32-70-85-30-40-27-11-1-39-71-24-6-60-94-18-89-67-86-50-29-2-5-47-4-63-34-14-23-57-20-87-45-36-96-92-58-73-42-88-17-62-26-97-75-8-95-66-77-64-19-49-15-72-38-84-52-69-7-13-98-43-90-68-41
Ta100x20,1,5,500,0.9625,0.125,1,2230101210,17000,6560,6286,5851,7.228732658,v2_avx512bw_vec32_exact_perm,54-22-78-79-35-55-33-59-99-10-3-21-81-51-65-53-74-16-31-83-25-6-60-1-47-86-39-82-18-40-5-85-28-91-48-93-12-9-63-44-76-24-11-70-56-57-61-4-89-2-32-80-29-27-37-30-67-34-46-96-75-45-100-71-66-26-73-19-92-14-62-98-87-8-90-36-52-43-94-23-95-42-72-58-68-15-64-88-20-77-97-69-17-84-7-13-50-38-49-41
Ta100x20,1,5,500,0.9625,0.125,2,2230102219,17000,6563,6286,5851,7.081415408,v2_avx512bw_vec32_exact_perm,54-22-78-33-79-28-32-55-82-59-16-81-10-31-5-74-9-60-83-76-39-6-11-65-1-61-21-35-51-91-40-80-89-37-63-93-47-53-67-99-4-100-25-62-71-18-20-45-24-94-70-48-44-30-46-3-23-88-56-29-96-85-15-86-27-58-12-97-57-26-34-2-90-8-14-95-77-36-43-19-69-92-42-17-72-73-75-98-7-68-66-87-50-13-84-52-38-64-49-41
Ta100x20,1,5,500,0.9625,0.125,3,2230103228,17000,6574,6286,5851,7.276459935,v2_avx512bw_vec32_exact_perm,54-78-22-79-10-47-3-33-5-25-35-32-81-40-9-51-70-82-59-31-48-83-16-12-61-74-53-80-99-65-100-24-67-39-1-21-89-76-18-28-60-6-56-55-62-20-91-4-36-93-57-43-44-94-96-37-30-23-45-58-85-2-86-15-46-77-11-14-92-29-34-27-90-98-8-66-88-87-71-73-19-17-97-95-72-42-63-26-68-75-50-84-13-64-52-69-38-7-49-41
Ta100x20,1,5,500,0.9625,0.125,4,2230104237,17000,6546,6286,5851,7.148355486,v2_avx512bw_vec32_exact_perm,54-22-78-33-79-82-51-10-35-32-1-83-93-31-75-55-3-59-65-74-91-21-28-53-40-62-99-25-81-9-48-89-76-60-12-5-43-61-80-86-18-11-50-16-39-100-23-24-4-96-30-20-7-67-6-14-85-94-98-44-63-84-90-37-72-2-29-70-8-36-56-71-92-46-57-45-17-73-34-88-47-87-95-15-69-27-19-58-26-97-42-52-68-13-77-66-64-49-38-41
Ta100x20,1,5,500,0.9625,0.125,5,2230105246,17000,6557,6286,5851,7.634328497,v2_avx512bw_vec32_exact_perm,54-22-78-33-59-3-51-10-79-28-74-31-82-32-40-65-83-81-35-100-25-6-9-12-55-53-16-61-93-85-5-99-21-44-48-76-94-89-56-30-23-96-80-91-46-47-73-27-70-38-37-39-58-1-90-86-62-4-45-67-71-88-63-57-17-2-43-11-72-15-18-14-75-68-24-98-77-92-60-97-36-26-20-29-87-42-19-66-64-84-34-13-95-8-52-7-49-50-69-41
Ta100x20,1,5,500,0.9625,0.125,6,2230106255,17000,6543,6286,5851,7.168392929,v2_avx512bw_vec32_exact_perm,54-22-78-33-59-10-82-25-83-35-93-76-1-39-32-79-100-16-51-40-3-21-9-28-81-12-31-45-86-65-80-71-5-55-11-53-4-74-47-67-91-24-37-48-46-70-61-99-44-57-94-62-27-89-63-20-6-96-75-18-60-2-56-58-30-43-68-66-85-92-15-23-64-72-29-95-8-90-88-34-73-14-26-19-69-87-17-36-97-49-77-52-42-98-13-7-84-38-50-41
Ta100x20,1,5,500,0.9625,0.125,7,2230107264,17000,6548,6286,5851,6.874825092,v2_avx512bw_vec32_exact_perm,54-22-78-79-10-55-33-48-59-82-83-35-24-3-1-25-60-65-6-9-40-53-21-99-74-100-81-62-91-12-70-46-31-85-61-45-51-4-47-86-80-56-28-11-58-30-95-63-39-18-76-67-16-93-44-34-2-5-43-37-20-96-72-89-94-92-27-32-23-75-57-64-42-15-68-71-77-14-29-17-8-73-98-26-19-90-87-97-88-49-38-84-52-50-36-69-66-13-7-41
Ta100x20,1,5,500,0.9625,0.125,8,2230108273,17000,6531,6286,5851,7.033445516,v2_avx512bw_vec32_exact_perm,54-78-22-33-59-79-10-55-65-3-76-31-81-82-51-74-35-9-25-85-18-5-40-12-91-16-21-30-4-93-32-46-60-1-27-99-39-83-28-62-71-86-47-6-48-80-19-11-89-61-100-94-45-70-57-29-72-24-37-53-56-92-2-96-50-23-84-67-44-15-73-58-20-17-88-8-64-26-42-95-87-36-14-98-75-68-38-97-63-69-34-90-66-43-77-7-49-13-52-41
Ta100x20,1,5,500,0.9625,0.125,9,2230109282,17000,6603,6286,5851,7.018572895,v2_avx512bw_vec32_exact_perm,54-22-33-78-51-3-21-65-59-82-25-76-100-31-5-48-81-53-16-6-32-47-18-40-1-83-10-60-55-12-11-80-79-93-44-91-35-9-99-42-94-28-74-39-23-37-43-85-86-73-89-56-2-61-8-4-72-20-15-84-75-57-46-98-70-62-27-58-30-92-45-26-17-96-67-24-71-36-95-87-63-77-29-69-68-19-34-88-49-97-13-64-50-7-14-66-38-90-52-41
Ta100x20,1,5,500,0.9625,0.125,10,2230110291,17000,6566,6286,5851,7.07332964,v2_avx512bw_vec32_exact_perm,54-22-78-79-33-10-35-28-55-81-12-93-5-40-31-82-83-56-25-76-3-51-39-1-16-86-32-29-21-91-89-24-70-85-6-74-62-11-4-61-59-100-30-53-2-44-45-57-14-65-99-48-60-46-80-94-18-37-34-71-27-36-92-23-20-9-87-17-8-73-47-77-96-43-67-75-72-95-66-58-84-98-63-42-26-19-97-15-90-88-69-64-38-52-50-7-13-68-49-41
Ta100x20,1,5,500,1,0.025,1,2230101210,17000,6513,6286,5851,8.146150561,v2_avx512bw_vec32_exact_perm,54-22-78-33-59-79-35-83-55-82-76-10-3-31-81-51-21-6-25-48-65-100-85-11-44-5-74-28-53-63-61-1-12-30-71-80-18-58-16-56-9-40-93-37-45-96-32-4-24-70-29-17-62-46-39-34-36-86-99-57-2-60-67-91-43-88-15-20-23-89-75-27-42-92-77-14-47-87-72-98-94-8-19-73-69-26-90-97-84-95-52-66-38-68-64-50-13-7-49-41
Ta100x20,1,5,500,1,0.025,2,2230102219,17000,6523,6286,5851,6.950644473,v2_avx512bw_vec32_exact_perm,54-22-78-47-79-10-35-55-59-65-33-5-74-81-12-76-51-56-40-3-6-16-1-31-83-82-48-9-28-53-80-93-39-89-71-37-30-61-21-45-99-86-25-60-20-18-44-90-43-32-11-29-46-63-4-73-100-62-24-67-58-57-17-96-23-42-19-70-8-94-85-2-14-88-34-91-27-92-36-72-15-26-75-66-77-98-95-87-97-52-38-68-84-69-64-50-13-7-49-41
Ta100x20,1,5,500,1,0.025,3,2230103228,17000,6503,6286,5851,6.97636342,v2_avx512bw_vec32_exact_perm,54-22-78-79-10-33-76-51-81-35-59-16-5-39-40-3-65-28-21-83-82-9-12-1-61-56-91-53-55-47-89-60-80-6-31-99-85-74-30-37-45-20-93-100-18-32-44-24-46-88-23-11-67-29-48-25-4-2-70-86-27-8-71-57-62-92-34-94-19-15-17-14-96-43-63-66-58-72-75-42-36-95-26-77-73-97-98-87-38-90-84-69-68-52-64-50-13-7-49-41
Ta100x20,1,5,500,1,0.025,4,2230104237,17000,6569,6286,5851,6.867189109,v2_avx512bw_vec32_exact_perm,54-22-47-78-79-33-83-55-5-10-81-31-74-89-1-76-9-82-51-21-61-35-48-40-53-25-99-56-3-16-11-12-6-86-43-80-18-4-65-59-71-30-60-28-32-37-93-85-24-70-2-39-63-50-44-100-92-75-62-91-45-46-67-98-72-57-29-94-96-64-27-23-20-19-73-90-88-58-8-95-36-42-15-26-87-14-77-69-17-84-13-97-52-68-34-38-7-49-66-41
Ta100x20,1,5,500,1,0.025,5,2230105246,17000,6518,6286,5851,6.638527302,v2_avx512bw_vec32_exact_perm,54-22-78-79-35-55-33-81-10-31-74-65-16-59-51-47-53-76-82-83-70-1-12-62-91-56-93-21-5-85-3-30-9-61-99-40-89-44-60-80-100-86-32-4-6-63-11-28-37-23-45-48-39-24-43-14-18-25-92-67-71-20-58-98-46-27-88-19-2-29-73-96-34-75-87-57-36-94-72-26-84-66-42-95-97-17-90-77-15-68-52-69-38-64-8-50-13-7-49-41
Ta100x20,1,5,500,1,0.025,6,2230106255,17000,6501,6286,5851,6.959129258,v2_avx512bw_vec32_exact_perm,54-22-78-79-35-55-33-40-3-25-28-5-65-10-82-80-83-81-74-21-39-93-9-91-31-51-12-61-53-56-48-32-6-86-76-45-1-60-44-16-18-85-47-94-71-99-30-37-36-24-70-88-59-62-96-43-89-4-27-67-11-57-46-97-92-100-19-20-23-2-75-73-29-15-14-26-90-17-66-72-8-84-98-42-34-95-87-58-68-63-77-69-38-52-64-50-13-7-49-41
Ta100x20,1,5,500,1,0.025,7,2230107264,17000,6487,6286,5851,6.996968584,v2_avx512bw_vec32_exact_perm,54-22-78-79-10-33-35-74-9-25-31-83-16-5-3-51-21-91-12-82-100-99-40-65-81-53-55-48-56-93-32-80-11-59-61-4-39-1-76-85-89-94-30-44-70-62-28-60-86-57-18-47-71-37-6-95-36-96-24-45-88-23-43-46-20-67-2-98-63-27-29-92-72-42-15-75-66-14-90-26-8-73-58-17-19-77-34-97-84-38-87-52-68-69-64-50-13-7-49-41
Ta100x20,1,5,500,1,0.025,8,2230108273,17000,6541,6286,5851,6.871880374,v2_avx512bw_vec32_exact_perm,54-22-78-79-33-82-16-3-83-25-10-51-65-21-31-100-35-70-81-74-56-9-28-6-4-40-60-44-1-76-93-55-85-37-12-11-91-89-80-18-24-36-96-57-61-30-99-73-32-71-94-59-46-88-62-5-39-53-47-29-67-58-2-20-34-63-45-90-48-86-23-72-15-95-27-92-97-42-8-75-19-17-14-26-87-66-77-84-68-98-13-64-38-52-43-50-69-7-49-41
Ta100x20,1,5,500,1,0.025,9,2230109282,17000,6494,6286,5851,6.964866312,v2_avx512bw_vec32_exact_perm,54-22-78-33-59-79-28-83-31-11-74-35-81-10-100-4-25-51-80-65-9-3-61-12-16-91-40-6-60-5-47-93-82-62-85-21-89-48-53-30-55-70-76-56-37-1-2-29-44-45-39-34-98-46-57-58-86-94-27-99-14-32-71-67-87-63-18-24-23-20-72-15-92-43-36-75-42-95-19-8-73-26-96-17-88-77-66-97-84-69-90-68-52-38-64-50-13-7-49-41
Ta100x20,1,5,500,1,0.025,10,2230110291,17000,6567,6286,5851,7.866367315,v2_avx512bw_vec32_exact_perm,54-22-78-79-10-25-33-32-74-82-5-80-9-83-16-1-65-3-56-11-55-51-28-12-81-18-76-35-21-31-59-60-61-40-93-4-85-62-37-89-30-44-63-99-39-20-70-48-45-6-24-100-53-47-73-19-71-27-23-58-17-84-86-14-92-91-67-96-94-57-46-75-43-42-29-90-34-88-95-2-8-15-77-36-97-66-26-13-72-52-68-69-98-87-64-50-7-49-38-41
Ta100x20,1,5,500,1,0.05,1,2230101210,17000,6543,6286,5851,7.137025462,v2_avx512bw_vec32_exact_perm,54-22-78-79-55-33-35-10-76-51-65-6-82-40-3-21-81-91-47-74-83-59-12-53-4-25-16-85-1-32-9-5-44-99-93-66-89-28-70-94-62-46-80-37-61-56-71-30-18-86-11-48-39-45-100-31-60-67-20-24-14-96-2-34-57-29-88-92-98-19-23-77-15-72-26-75-97-36-95-8-17-90-58-84-63-73-43-69-27-68-52-87-42-13-7-64-50-38-49-41
Ta100x20,1,5,500,1,0.05,2,2230102219,17000,6567,6286,5851,6.793190116,v2_avx512bw_vec32_exact_perm,54-22-47-78-33-10-21-35-55-83-51-76-3-82-65-1-25-5-40-59-9-6-16-79-4-28-74-44-81-72-53-99-39-62-86-89-70-80-50-18-57-45-31-12-32-96-29-24-60-15-61-93-85-48-90-37-67-14-23-91-100-20-92-30-43-94-2-46-73-27-26-71-64-68-87-11-98-42-88-69-56-8-75-58-19-36-34-63-95-17-52-77-13-66-97-84-7-38-49-41
Ta100x20,1,5,500,1,0.05,3,2230103228,17000,6581,6286,5851,7.059771919,v2_avx512bw_vec32_exact_perm,54-22-78-79-10-33-82-5-83-76-100-21-99-65-25-59-40-35-28-81-31-16-51-91-9-6-61-56-12-74-3-86-55-1-39-62-45-93-44-80-60-11-47-48-4-89-43-63-18-24-85-75-32-53-95-20-30-29-88-37-70-46-71-97-23-57-67-96-2-36-92-64-87-38-17-8-42-50-72-73-98-15-14-58-19-94-34-68-26-66-27-77-90-69-7-49-13-84-52-41
Ta100x20,1,5,500,1,0.05,4,2230104237,17000,6516,6286,5851,6.949294574,v2_avx512bw_vec32_exact_perm,54-22-78-79-35-55-81-33-99-82-28-31-74-48-59-3-83-40-12-25-76-61-89-39-51-65-21-60-85-46-30-37-2-6-47-53-93-16-91-88-71-24-70-32-56-5-9-100-10-1-18-45-20-80-23-44-29-62-67-94-57-27-14-86-11-96-63-4-66-36-95-98-72-17-73-90-26-15-34-92-19-43-75-69-77-87-84-8-97-58-68-42-52-38-64-50-13-7-49-41
Ta100x20,1,5,500,1,0.05,5,2230105246,17000,6534,6286,5851,7.421010102,v2_avx512bw_vec32_exact_perm,54-78-22-1-33-81-79-3-59-25-10-65-74-60-28-82-31-83-21-93-76-35-100-44-5-40-32-61-85-16-9-6-80-51-12-55-48-43-46-53-30-89-47-11-4-58-56-70-62-71-99-39-63-34-94-18-96-37-67-24-45-2-29-23-27-57-20-72-15-91-66-92-73-19-14-86-88-90-64-75-68-77-98-87-17-26-97-42-36-95-84-52-38-69-50-8-49-13-7-41
Ta100x20,1,5,500,1,0.05,6,2230106255,17000,6578,6286,5851,6.670729025,v2_avx512bw_vec32_exact_perm,54-22-79-78-82-16-83-59-76-33-89-80-31-11-100-81-10-55-74-5-35-9-28-21-25-3-47-32-1-6-85-37-12-40-46-48-51-53-91-62-19-93-45-67-30-20-44-18-24-96-94-75-73-99-61-56-39-72-4-65-57-71-92-60-8-70-86-63-66-34-2-43-23-27-26-77-58-42-87-88-29-98-17-36-95-64-14-90-15-52-69-13-7-84-68-97-38-50-49-41
Ta100x20,1,5,500,1,0.05,7,2230107264,17000,6586,6286,5851,6.572417522,v2_avx512bw_vec32_exact_perm,54-22-78-79-82-53-76-83-33-10-28-5-74-93-16-81-1-31-55-40-21-65-25-3-11-100-12-89-51-60-35-4-86-99-91-61-32-73-59-45-36-48-94-44-85-56-62-9-70-80-2-24-71-37-18-20-30-47-46-96-6-34-88-67-19-17-58-23-27-15-39-68-72-43-95-29-8-57-90-75-66-87-92-14-97-42-13-26-64-63-77-98-50-7-49-69-52-38-84-41
Ta100x20,1,5,500,1,0.05,8,2230108273,17000,6563,6286,5851,6.493430378,v2_avx512bw_vec32_exact_perm,22-54-78-33-82-59-25-3-10-100-31-83-81-21-93-65-56-1-9-16-28-55-35-60-79-40-32-4-51-74-44-11-5-48-53-12-47-99-80-45-91-27-86-18-76-17-70-2-89-98-61-85-20-62-94-30-58-92-67-24-63-6-57-43-46-96-19-23-73-15-36-66-71-84-95-8-72-34-37-39-42-14-90-87-97-26-64-68-75-88-69-29-52-38-50-7-49-77-13-41
Ta100x20,1,5,500,1,0.05,9,2230109282,17000,6564,6286,5851,6.678402937,v2_avx512bw_vec32_exact_perm,54-22-47-78-10-33-5-79-83-65-16-59-1-28-9-3-99-82-51-53-74-21-12-24-35-18-55-32-6-44-40-81-76-85-89-67-80-31-45-93-61-91-56-100-57-25-86-4-70-30-71-62-60-48-23-11-63-90-29-39-19-37-20-73-43-26-87-2-8-94-97-42-98-68-46-15-84-27-17-58-69-95-72-92-88-34-50-75-96-13-14-38-49-7-64-66-52-36-77-41
Ta100x20,1,5,500,1,0.05,10,2230110291,17000,6583,6286,5851,6.61205358,v2_avx512bw_vec32_exact_perm,22-54-78-55-1-33-81-16-79-59-76-10-35-51-83-28-93-5-82-32-21-65-31-30-3-85-40-56-74-92-70-25-19-61-80-37-6-20-39-62-48-89-100-44-29-18-24-53-9-99-45-23-71-57-43-86-46-63-96-60-47-67-34-84-12-94-72-27-91-4-42-58-66-11-17-73-2-68-15-88-98-49-14-26-75-38-36-50-90-95-97-87-8-77-52-13-7-69-64-41
Ta100x20,1,5,500,1,0.075,1,2230101210,17000,6598,6286,5851,6.854716047,v2_avx512bw_vec32_exact_perm,22-54-55-33-59-78-79-10-35-31-99-82-28-83-21-61-51-47-40-9-53-44-56-80-16-74-4-81-3-25-93-18-85-11-1-5-94-71-14-86-62-32-76-6-100-12-50-60-91-57-67-96-48-70-39-75-37-17-89-73-46-43-29-20-24-2-65-19-63-30-34-23-27-58-88-95-36-92-98-87-45-26-8-42-77-15-97-66-72-7-69-13-90-64-84-68-52-38-49-41
Ta100x20,1,5,500,1,0.075,2,2230102219,17000,6564,6286,5851,7.029985896,v2_avx512bw_vec32_exact_perm,54-22-78-79-10-33-35-55-81-74-82-16-5-76-59-65-21-90-48-3-51-1-93-62-40-24-80-9-28-94-6-47-83-11-61-53-18-31-25-56-99-30-89-91-29-73-12-85-60-100-46-2-45-4-86-44-67-37-71-14-70-39-32-27-96-57-98-88-23-20-17-15-36-19-84-52-72-92-43-38-26-49-58-87-8-75-77-34-95-66-63-42-97-68-64-69-13-50-7-41
Ta100x20,1,5,500,1,0.075,3,2230103228,17000,6551,6286,5851,6.73030363,v2_avx512bw_vec32_exact_perm,54-22-78-79-35-55-10-33-76-65-100-82-51-83-3-31-56-59-80-39-4-81-74-6-58-1-40-61-21-30-37-60-53-93-47-25-9-5-12-94-28-11-18-32-89-46-16-71-29-99-44-86-73-48-62-36-88-70-85-45-91-96-24-63-57-20-17-23-67-92-15-77-14-26-2-98-75-43-27-68-66-87-95-42-69-34-72-38-84-19-64-8-97-90-52-13-50-7-49-41
Ta100x20,1,5,500,1,0.075,4,2230104237,17000,6557,6286,5851,6.727116724,v2_avx512bw_vec32_exact_perm,54-22-78-79-35-10-31-76-74-48-5-83-33-93-32-81-100-80-51-3-56-82-59-65-16-61-4-25-53-1-11-12-40-60-29-2-44-73-37-39-18-85-91-21-47-89-70-28-86-96-90-55-30-99-67-92-9-17-45-36-15-14-88-6-71-62-57-24-94-8-87-58-43-46-20-34-95-19-27-23-72-42-63-98-66-75-26-97-7-77-13-49-69-64-50-38-84-52-68-41
Ta100x20,1,5,500,1,0.075,5,2230105246,17000,6569,6286,5851,7.233821908,v2_avx512bw_vec32_exact_perm,54-22-78-79-10-35-33-1-3-16-51-91-83-55-74-5-81-21-32-6-40-28-62-76-70-82-9-86-27-56-57-45-65-30-93-12-39-48-37-59-71-18-53-11-25-4-99-44-73-89-50-23-80-60-85-67-58-46-92-61-84-31-20-24-100-96-72-63-94-8-47-95-43-87-34-42-2-98-36-17-90-69-29-64-88-26-75-14-77-19-66-97-68-13-38-15-52-7-49-41
Ta100x20,1,5,500,1,0.075,6,2230106255,17000,6567,6286,5851,7.064154549,v2_avx512bw_vec32_exact_perm,22-54-78-79-82-10-33-81-28-21-3-16-76-9-51-93-43-31-32-48-5-83-55-35-44-40-80-1-60-99-61-100-4-59-65-67-91-53-89-6-56-39-62-86-18-37-85-71-57-24-30-74-96-29-25-45-70-14-17-94-20-73-88-23-2-47-66-12-11-58-34-92-8-19-77-63-42-64-36-46-97-98-87-75-90-84-27-69-68-72-15-26-52-95-50-13-7-49-38-41
Ta100x20,1,5,500,1,0.075,7,2230107264,17000,6582,6286,5851,6.961285493,v2_avx512bw_vec32_exact_perm,54-22-78-79-10-33-82-81-25-28-5-59-35-40-9-21-65-31-83-48-12-55-74-53-6-100-4-3-1-61-89-60-76-91-80-94-16-11-15-30-24-18-70-47-51-63-32-77-46-29-57-44-45-85-39-20-92-73-56-99-23-37-93-43-71-84-90-2-98-14-67-95-86-8-96-17-62-58-72-19-36-66-64-88-27-69-97-34-87-68-50-13-26-7-75-42-52-38-49-41
Ta100x20,1,5,500,1,0.075,8,2230108273,17000,6579,6286,5851,7.342063355,v2_avx512bw_vec32_exact_perm,54-22-78-79-59-3-10-16-82-47-21-33-39-65-53-74-76-25-35-1-28-83-70-93-100-12-32-18-31-40-51-80-55-81-24-9-61-44-62-85-91-27-5-48-45-11-4-14-17-98-71-60-42-94-26-72-57-46-75-43-30-67-89-56-6-99-2-88-86-23-87-37-92-29-96-20-34-68-63-19-15-77-8-73-90-58-66-97-95-49-69-64-84-7-13-50-36-38-52-41
Ta100x20,1,5,500,1,0.075,9,2230109282,17000,6557,6286,5851,7.26407956,v2_avx512bw_vec32_exact_perm,54-22-78-79-35-10-82-55-40-33-65-83-5-59-51-53-3-1-6-47-28-70-74-21-100-9-91-56-16-31-81-76-25-46-48-61-18-94-89-23-85-93-30-45-73-11-32-39-60-99-80-44-62-24-57-50-96-20-26-37-12-36-19-43-63-2-58-71-88-15-66-64-72-4-98-27-87-68-86-97-95-67-14-17-75-29-34-77-92-69-84-8-90-52-38-42-49-13-7-41
Ta100x20,1,5,500,1,0.075,10,2230110291,17000,6552,6286,5851,7.185645968,v2_avx512bw_vec32_exact_perm,54-22-78-79-10-35-33-74-82-81-21-32-28-65-3-25-83-88-5-40-93-53-30-61-6-59-1-55-16-39-80-51-12-46-76-63-99-4-62-47-100-86-60-71-37-44-11-91-27-77-50-9-29-2-19-20-23-48-96-94-67-24-89-31-85-43-45-92-73-70-57-58-15-18-17-98-26-36-14-38-97-87-34-68-95-66-72-56-8-90-69-75-84-42-13-64-52-7-49-41
Ta100x20,1,5,500,1,0.1,1,2230101210,17000,6563,6286,5851,7.056992456,v2_avx512bw_vec32_exact_perm,22-54-78-33-83-59-35-76-79-55-1-51-53-5-16-99-25-10-65-12-91-82-74-9-30-21-47-3-32-40-80-37-28-62-81-70-60-93-31-100-89-39-24-56-44-48-18-67-23-57-46-4-85-20-45-43-94-29-71-34-6-88-2-61-92-72-96-11-90-75-87-97-26-17-14-42-66-86-27-84-95-68-64-19-8-63-58-98-69-15-36-13-50-7-49-73-77-52-38-41
Ta100x20,1,5,500,1,0.1,2,2230102219,17000,6580,6286,5851,7.45957245,v2_avx512bw_vec32_exact_perm,54-22-78-33-79-51-59-3-91-60-1-83-28-82-74-21-65-25-12-100-44-10-35-16-76-31-40-99-53-85-32-81-70-55-80-6-93-61-2-11-9-24-71-47-5-18-30-89-56-62-86-46-29-57-67-48-94-90-20-4-73-43-37-98-96-45-19-14-88-23-42-39-8-95-97-58-66-26-72-27-36-15-17-87-92-34-77-69-50-84-75-63-7-38-68-13-52-64-49-41
Ta100x20,1,5,500,1,0.1,3,2230103228,17000,6605,6286,5851,7.282809999,v2_avx512bw_vec32_exact_perm,22-54-78-55-81-33-79-60-76-51-9-35-59-31-83-91-1-16-28-4-25-11-6-93-21-82-99-10-3-74-86-53-56-73-5-39-12-32-37-80-100-61-94-29-46-65-40-89-67-70-24-18-42-48-2-62-66-34-44-27-47-96-98-20-36-57-45-14-90-15-85-23-88-26-71-58-17-30-8-92-43-84-52-19-95-72-69-75-63-7-77-87-64-38-50-49-68-97-13-41
Ta100x20,1,5,500,1,0.1,4,2230104237,17000,6573,6286,5851,6.894977811,v2_avx512bw_vec32_exact_perm,54-22-78-79-10-25-31-51-33-80-59-35-86-40-65-3-16-21-6-1-60-93-76-5-83-74-61-99-12-89-39-45-55-82-91-28-71-24-94-48-81-47-70-32-4-67-11-43-37-92-44-18-9-27-57-53-96-30-58-56-20-100-62-95-77-23-72-46-73-85-2-15-50-29-88-75-36-98-63-26-42-68-17-87-14-38-69-97-90-8-34-84-13-66-19-64-52-49-7-41
Ta100x20,1,5,500,1,0.1,5,2230105246,17000,6588,6286,5851,7.594496213,v2_avx512bw_vec32_exact_perm,54-22-78-47-79-33-59-10-65-32-31-35-83-16-5-76-21-51-99-55-93-39-48-56-25-1-82-12-91-81-30-3-40-60-53-20-70-19-4-96-80-89-94-9-11-28-85-74-61-100-45-62-37-23-18-71-46-86-57-6-24-67-29-88-44-97-27-64-72-75-36-17-2-8-73-92-58-87-43-14-90-84-50-98-15-68-66-42-26-13-63-69-34-7-95-52-38-49-77-41
Ta100x20,1,5,500,1,0.1,6,2230106255,17000,6582,6286,5851,7.125895299,v2_avx512bw_vec32_exact_perm,54-22-78-33-59-79-10-76-82-51-16-65-21-32-12-81-83-61-35-55-25-40-100-5-45-44-74-4-1-48-70-31-47-75-80-93-99-94-56-3-96-60-6-20-2-86-24-18-37-30-39-29-43-89-62-53-11-85-9-67-46-57-28-26-27-23-66-34-19-88-87-58-91-14-71-90-84-64-8-17-97-73-95-63-36-69-72-42-52-50-13-15-92-98-77-7-38-68-49-41
Ta100x20,1,5,500,1,0.1,7,2230107264,17000,6587,6286,5851,7.132135127,v2_avx512bw_vec32_exact_perm,54-22-78-33-59-83-35-16-25-10-3-76-81-82-31-21-93-48-86-28-60-47-9-6-40-65-53-51-4-56-71-100-46-74-32-80-79-61-11-1-85-92-44-89-67-2-27-5-45-70-55-12-39-66-20-24-26-87-23-94-17-96-37-62-29-98-57-42-91-63-75-99-30-34-88-18-36-68-95-19-43-14-72-15-58-8-69-13-7-84-64-49-97-50-90-52-73-77-38-41
Ta100x20,1,5,500,1,0.1,8,2230108273,17000,6588,6286,5851,7.026992941,v2_avx512bw_vec32_exact_perm,54-22-33-78-47-83-35-55-82-59-76-79-28-40-81-91-51-5-3-39-93-74-25-1-16-10-9-80-63-6-27-31-60-65-32-100-48-43-89-14-4-30-46-21-44-37-99-92-61-12-11-57-70-45-24-67-20-62-71-96-36-73-98-2-29-23-94-58-87-17-85-86-53-56-42-75-19-18-97-34-88-8-95-84-90-69-66-26-13-15-72-68-52-50-38-7-49-77-64-41
Ta100x20,1,5,500,1,0.1,9,2230109282,17000,6571,6286,5851,7.3245457,v2_avx512bw_vec32_exact_perm,54-78-22-33-59-51-79-31-81-35-82-93-16-76-5-83-47-1-32-10-40-62-70-61-21-65-60-74-6-12-100-80-24-55-25-85-53-30-91-57-11-44-2-56-37-94-20-89-23-28-46-34-96-3-43-67-48-92-29-39-9-27-18-73-71-88-4-72-17-86-63-99-42-19-84-58-15-26-95-87-14-68-75-8-69-64-97-50-98-45-66-90-7-13-49-36-77-38-52-41
Ta100x20,1,5,500,1,0.1,10,2230110291,17000,6590,6286,5851,7.752198425,v2_avx512bw_vec32_exact_perm,54-22-78-79-3-82-10-33-65-40-59-100-12-5-99-55-21-81-53-91-25-1-35-83-74-93-47-30-32-48-60-76-4-20-23-61-94-45-6-28-18-16-71-36-89-56-92-80-31-46-37-96-44-86-62-27-11-51-29-88-57-63-39-70-24-72-98-67-9-58-90-95-8-17-97-14-85-75-42-68-15-19-66-64-73-26-87-49-34-43-2-38-77-7-13-69-84-52-50-41
Ta100x20,1,5,500,1,0.125,1,2230101210,17000,6590,6286,5851,7.334608679,v2_avx512bw_vec32_exact_perm,22-54-78-10-33-59-21-51-79-55-81-76-65-82-35-48-93-74-18-31-28-91-46-9-53-83-1-60-40-4-56-16-47-99-44-6-39-100-80-61-25-17-3-27-29-85-89-45-32-2-62-30-24-70-36-57-94-63-37-11-34-5-23-71-98-14-73-12-15-90-88-8-72-20-58-67-26-75-43-97-92-77-84-68-96-66-42-69-86-87-95-7-19-64-13-49-52-50-38-41
Ta100x20,1,5,500,1,0.125,2,2230102219,17000,6593,6286,5851,6.797719835,v2_avx512bw_vec32_exact_perm,54-22-78-79-35-55-47-16-25-51-59-82-81-10-9-31-28-40-1-93-48-33-32-4-86-70-94-76-65-12-5-83-18-39-60-91-46-21-20-3-50-37-44-89-96-99-29-80-63-74-53-61-24-6-100-67-2-30-23-62-56-85-15-92-45-88-43-19-75-36-57-34-64-8-95-58-11-27-90-72-14-42-73-17-69-26-52-71-97-68-98-87-38-49-77-66-84-7-13-41
Ta100x20,1,5,500,1,0.125,3,2230103228,17000,6600,6286,5851,7.491110409,v2_avx512bw_vec32_exact_perm,54-22-79-35-55-78-93-33-65-56-83-10-53-31-3-60-91-81-40-51-74-82-45-12-21-71-4-9-89-25-30-50-24-80-6-61-16-48-32-2-100-46-76-37-28-86-59-62-5-67-70-47-85-94-20-97-18-77-11-57-63-43-58-36-44-96-1-17-39-99-69-14-23-19-87-15-8-92-64-52-73-27-29-26-98-88-72-42-90-75-95-7-13-68-66-84-38-34-49-41
Ta100x20,1,5,500,1,0.125,4,2230104237,17000,6597,6286,5851,7.599045587,v2_avx512bw_vec32_exact_perm,22-54-78-33-81-25-35-83-32-55-82-80-1-51-79-76-40-10-93-47-16-9-59-28-5-99-21-60-18-61-65-53-71-4-86-62-12-74-31-11-100-66-94-24-30-85-48-45-67-96-20-70-89-58-57-46-91-88-19-92-27-6-44-75-23-3-39-49-37-34-56-97-17-14-2-36-43-64-29-63-77-26-8-98-95-73-68-13-7-87-69-15-90-72-84-52-50-42-38-41
Ta100x20,1,5,500,1,0.125,5,2230105246,17000,6583,6286,5851,6.967658688,v2_avx512bw_vec32_exact_perm,54-22-78-79-3-10-74-100-31-33-51-25-35-48-44-80-9-21-93-82-76-1-32-70-60-40-59-81-30-16-55-83-86-94-62-4-28-47-5-45-20-43-56-18-58-67-24-65-29-6-96-61-89-37-53-85-12-39-46-23-71-57-92-11-64-17-14-49-63-34-91-72-42-15-8-27-2-75-97-19-90-69-68-98-38-73-95-99-88-26-84-66-87-36-13-50-7-52-77-41
Ta100x20,1,5,500,1,0.125,6,2230106255,17000,6555,6286,5851,7.57548413,v2_avx512bw_vec32_exact_perm,54-22-78-33-81-10-79-31-59-40-35-55-25-82-83-65-37-32-51-48-47-100-28-4-36-18-6-9-74-1-21-84-85-12-89-44-5-61-3-76-11-53-39-20-92-63-45-30-99-15-80-93-24-16-2-96-86-60-70-29-23-27-91-46-62-8-97-71-43-94-57-67-19-98-72-42-14-17-58-73-26-56-87-34-95-77-75-66-90-52-68-69-13-64-88-38-50-7-49-41
Ta100x20,1,5,500,1,0.125,7,2230107264,17000,6581,6286,5851,7.704550436,v2_avx512bw_vec32_exact_perm,54-22-78-79-33-10-74-65-35-61-81-3-31-51-32-28-16-83-82-70-76-44-85-67-9-4-89-6-40-12-18-100-55-30-59-1-47-94-11-25-91-60-46-56-48-86-53-73-39-99-80-21-71-62-24-5-26-96-8-37-27-42-98-72-23-20-2-45-93-58-88-17-57-29-63-84-87-92-43-34-15-19-68-95-90-69-7-75-49-97-14-66-38-77-36-13-64-52-50-41
Ta100x20,1,5,500,1,0.125,8,2230108273,17000,6588,6286,5851,7.521471801,v2_avx512bw_vec32_exact_perm,54-22-47-82-79-31-78-16-81-3-25-60-10-65-33-83-5-51-59-35-12-40-89-32-100-6-28-48-1-74-44-80-76-93-4-67-9-18-53-21-99-24-45-46-57-70-91-2-11-61-62-85-63-55-86-37-39-15-56-92-30-34-19-58-94-88-71-96-84-98-36-69-43-29-23-95-72-17-27-14-90-20-68-87-66-75-50-97-7-42-13-26-38-49-64-8-73-77-52-41
Ta100x20,1,5,500,1,0.125,9,2230109282,17000,6613,6286,5851,7.281026529,v2_avx512bw_vec32_exact_perm,54-78-22-10-25-33-35-9-59-55-91-3-6-60-39-83-40-65-82-1-21-79-74-16-81-12-56-4-5-85-53-31-44-86-67-93-99-89-48-76-80-23-46-50-30-57-24-62-28-32-63-51-70-100-20-18-29-15-43-2-94-37-61-47-92-45-42-14-36-88-26-95-98-11-96-75-17-58-34-77-19-8-97-66-72-87-73-27-68-13-84-7-69-90-71-64-38-49-52-41
Ta100x20,1,5,500,1,0.125,10,2230110291,17000,6587,6286,5851,7.298878079,v2_avx512bw_vec32_exact_perm,54-1-78-22-3-33-59-55-91-83-16-5-79-28-99-100-76-35-31-51-40-81-82-9-21-25-56-80-65-6-93-24-12-39-74-61-11-32-53-10-94-89-47-70-85-60-48-73-57-66-71-86-23-4-84-44-18-63-62-30-45-37-92-43-46-98-67-64-42-2-20-87-96-29-14-75-95-19-15-8-26-17-34-72-27-88-90-69-50-49-36-97-58-38-77-52-13-7-68-41
