group,instance,pop_mult,Ps,pc,pm,rep,seed,G,best_cmax,ub,lb,run_sec,engine,best_perm_1based
Ta100x20,5,1,100,0.85,0.025,1,2230501210,17000,6606,6377,6009,1.944703934,v2_avx512_vecx_batch16_exact_perm,32-64-18-12-97-98-50-14-11-80-30-10-24-90-28-57-74-61-69-96-60-5-37-1-45-52-36-6-35-58-33-71-8-87-39-20-91-83-70-46-15-23-95-53-17-49-16-76-56-42-21-31-81-62-68-9-2-65-4-93-43-86-82-29-100-94-41-79-3-59-72-51-85-26-27-22-63-66-40-99-88-25-92-34-47-75-48-38-77-7-84-78-67-55-13-19-54-89-73-44
Ta100x20,5,1,100,0.85,0.025,2,2230502219,17000,6612,6377,6009,1.943974766,v2_avx512_vecx_batch16_exact_perm,25-51-14-98-10-32-16-27-30-97-28-74-5-12-3-65-85-99-79-94-1-52-66-39-40-76-15-72-53-70-90-69-54-64-58-8-37-81-95-92-59-96-9-49-67-61-18-56-83-91-43-36-86-38-33-50-60-41-82-48-13-20-31-23-29-21-57-84-71-6-22-11-47-100-80-73-45-55-88-2-24-46-4-63-35-7-87-17-44-34-26-77-89-68-78-93-75-19-42-62
Ta100x20,5,1,100,0.85,0.025,3,2230503228,17000,6590,6377,6009,1.810499697,v2_avx512_vecx_batch16_exact_perm,33-14-38-50-94-90-98-74-12-28-65-97-51-9-10-21-57-71-95-1-32-72-30-100-64-77-53-46-2-37-91-31-3-29-78-70-16-85-55-36-79-27-41-59-44-80-60-11-6-39-8-92-42-45-99-52-58-20-5-49-56-34-63-69-87-47-66-15-82-40-35-76-4-26-24-96-88-18-81-84-22-7-89-54-83-23-13-86-73-61-43-68-17-48-67-75-25-19-93-62
Ta100x20,5,1,100,0.85,0.025,4,2230504237,17000,6654,6377,6009,2.48051763,v2_avx512_vecx_batch16_exact_perm,14-64-32-62-38-2-11-56-50-98-46-69-41-51-6-61-99-70-16-12-60-52-97-94-100-28-3-9-65-8-90-45-77-39-85-76-86-40-22-13-36-74-81-1-29-10-27-21-15-89-72-84-91-92-18-26-82-37-58-48-49-4-75-5-73-30-23-71-47-59-88-53-20-42-57-80-95-33-31-35-7-24-83-44-43-68-78-17-66-87-55-19-54-63-79-93-34-96-25-67
Ta100x20,5,1,100,0.85,0.025,5,2230505246,17000,6503,6377,6009,1.771522805,v2_avx512_vecx_batch16_exact_perm,64-14-50-38-28-11-12-30-78-21-99-10-32-96-1-69-33-85-60-74-5-2-15-97-3-39-75-37-26-72-27-16-66-41-31-70-65-13-46-29-84-95-57-17-42-40-92-20-35-53-56-22-52-54-59-71-76-94-62-47-25-80-98-34-81-88-45-51-8-87-86-4-23-100-93-61-68-55-6-36-89-79-73-83-91-24-49-63-90-58-44-43-82-77-19-7-48-9-67-18
Ta100x20,5,1,100,0.85,0.025,6,2230506255,17000,6545,6377,6009,1.894375073,v2_avx512_vecx_batch16_exact_perm,14-10-32-11-97-50-61-30-71-33-98-69-62-82-35-94-79-38-39-12-5-49-70-3-53-20-91-18-16-56-64-37-65-4-1-28-85-90-76-84-68-26-17-6-46-55-41-15-87-36-27-81-95-66-52-58-54-57-8-47-29-45-23-51-72-92-42-60-9-59-74-2-31-100-89-93-80-44-13-21-67-86-88-7-99-22-75-40-24-96-25-83-34-48-19-73-43-78-77-63
Ta100x20,5,1,100,0.85,0.025,7,2230507264,17000,6596,6377,6009,1.812518783,v2_avx512_vecx_batch16_exact_perm,14-64-50-5-38-39-65-11-69-78-97-87-76-95-44-2-15-3-85-60-99-46-1-80-56-51-28-30-27-53-98-32-4-72-61-71-47-12-37-49-59-41-70-29-16-52-100-45-48-67-18-23-94-74-33-82-13-17-40-96-55-26-8-79-91-58-68-10-77-88-66-21-9-75-73-34-35-83-20-42-92-6-63-57-31-90-19-36-86-81-24-22-84-89-25-7-43-93-54-62
Ta100x20,5,1,100,0.85,0.025,8,2230508273,17000,6568,6377,6009,1.803182274,v2_avx512_vecx_batch16_exact_perm,5-33-32-97-64-70-11-94-14-41-39-62-50-3-30-98-90-38-69-65-28-35-31-49-52-76-16-85-36-27-1-54-47-74-83-23-37-82-99-15-12-45-72-22-71-92-40-4-66-46-8-95-80-59-34-88-84-2-24-56-21-86-13-87-10-93-96-51-75-9-100-53-60-42-79-78-20-77-91-18-29-57-68-58-43-44-17-48-55-6-61-81-7-26-19-89-63-25-73-67
Ta100x20,5,1,100,0.85,0.025,9,2230509282,17000,6595,6377,6009,1.840593139,v2_avx512_vecx_batch16_exact_perm,25-64-50-11-39-70-16-10-33-3-52-32-94-5-71-74-96-28-62-38-26-31-56-46-95-75-93-42-2-76-97-1-60-81-58-72-21-36-8-41-85-13-51-17-91-37-73-24-22-45-100-4-98-7-59-80-12-14-30-86-54-35-90-49-9-79-44-92-53-23-48-69-65-15-6-57-83-66-47-27-61-87-29-99-68-55-43-40-82-20-19-89-88-34-77-78-84-63-18-67
Ta100x20,5,1,100,0.85,0.025,10,2230510291,17000,6567,6377,6009,1.79378046,v2_avx512_vecx_batch16_exact_perm,33-64-14-10-98-71-50-11-61-32-12-97-99-95-15-8-90-72-65-75-85-70-69-16-38-94-24-60-1-23-37-91-74-39-49-67-30-27-41-83-68-76-36-56-66-82-3-5-53-45-46-29-43-4-86-25-2-20-21-44-92-78-28-84-52-48-9-34-35-31-22-100-58-55-13-80-54-87-40-59-6-26-62-88-47-42-81-73-93-57-19-79-17-51-77-89-7-96-63-18
Ta100x20,5,1,100,0.85,0.05,1,2230501210,17000,6659,6377,6009,1.893649067,v2_avx512_vecx_batch16_exact_perm,14-11-30-10-70-16-22-90-69-20-28-33-52-9-64-32-1-51-23-4-3-12-81-53-27-42-41-60-50-36-65-8-66-39-85-98-95-46-87-49-93-34-72-80-37-75-91-94-100-68-45-5-15-2-97-89-83-76-31-78-47-56-13-74-99-21-59-6-73-58-71-77-92-48-84-63-29-40-88-55-54-43-82-35-57-26-24-61-79-18-86-96-25-7-67-17-19-38-44-62
Ta100x20,5,1,100,0.85,0.05,2,2230502219,17000,6548,6377,6009,1.952714702,v2_avx512_vecx_batch16_exact_perm,14-11-64-50-98-69-97-12-16-22-94-78-39-5-70-81-65-72-2-75-31-56-46-32-41-40-21-26-37-8-17-74-38-96-92-1-28-10-90-87-52-15-99-76-7-9-4-100-53-61-85-27-59-54-3-71-30-68-82-57-62-45-29-18-47-58-43-20-67-83-6-36-86-33-93-48-88-60-35-49-51-89-66-55-34-13-80-19-24-91-23-84-42-95-77-79-63-25-73-44
Ta100x20,5,1,100,0.85,0.05,3,2230503228,17000,6572,6377,6009,2.020502901,v2_avx512_vecx_batch16_exact_perm,14-64-70-16-62-33-61-52-98-94-74-50-36-41-42-76-30-39-27-65-1-58-69-11-72-2-17-96-12-60-32-85-37-46-10-8-97-21-20-57-35-40-68-26-71-6-82-56-73-25-28-92-91-100-47-4-90-23-31-43-86-22-38-15-53-5-95-89-99-80-59-29-44-49-75-9-79-81-93-45-48-7-83-78-84-88-77-66-51-13-24-34-87-19-3-55-54-63-18-67
Ta100x20,5,1,100,0.85,0.05,4,2230504237,17000,6525,6377,6009,1.943685773,v2_avx512_vecx_batch16_exact_perm,51-98-11-30-64-14-39-50-16-65-17-33-32-46-85-41-94-37-66-28-12-71-9-2-10-26-97-90-56-69-87-15-6-40-54-53-74-45-96-5-47-25-36-58-8-52-86-57-88-22-4-3-82-59-27-48-38-49-21-1-62-31-76-44-23-79-29-95-81-93-92-42-20-84-72-70-34-35-99-83-80-55-61-68-13-100-43-24-73-19-89-75-60-63-91-77-7-78-67-18
Ta100x20,5,1,100,0.85,0.05,5,2230505246,17000,6626,6377,6009,1.986125879,v2_avx512_vecx_batch16_exact_perm,25-14-33-85-11-64-5-32-28-10-98-30-74-41-12-61-42-69-45-37-87-27-16-21-53-94-91-13-58-73-46-3-70-8-78-80-59-36-15-6-71-76-39-97-56-1-52-49-68-72-92-65-100-81-48-99-17-89-84-22-51-2-31-24-60-38-50-90-23-88-66-54-47-29-57-83-20-40-67-4-35-86-79-93-44-34-82-75-43-26-9-7-95-77-19-96-55-62-18-63
Ta100x20,5,1,100,0.85,0.05,6,2230506255,17000,6585,6377,6009,1.898559131,v2_avx512_vecx_batch16_exact_perm,33-18-12-32-9-50-16-11-5-62-1-79-58-69-2-8-97-76-39-41-74-94-64-66-10-53-14-70-30-15-27-82-81-3-52-91-96-56-28-90-68-49-75-4-61-17-80-59-95-98-71-57-72-31-65-36-37-100-92-86-78-99-46-43-45-40-13-21-48-38-25-51-63-87-29-7-20-47-26-23-60-85-84-55-6-42-22-93-54-83-34-35-89-88-19-73-24-67-77-44
Ta100x20,5,1,100,0.85,0.05,7,2230507264,17000,6621,6377,6009,1.837645045,v2_avx512_vecx_batch16_exact_perm,14-15-33-5-9-97-39-12-94-18-58-32-50-1-11-64-78-74-36-69-38-99-28-3-49-98-71-4-46-8-72-84-89-2-76-90-31-6-26-65-44-41-29-56-30-100-81-37-96-17-13-92-61-52-20-70-23-95-68-10-87-57-80-59-53-27-47-73-22-55-91-60-66-21-77-63-88-85-16-24-79-40-82-86-25-43-45-75-83-54-93-34-35-7-19-48-42-51-62-67
Ta100x20,5,1,100,0.85,0.05,8,2230508273,17000,6568,6377,6009,1.780741665,v2_avx512_vecx_batch16_exact_perm,98-14-11-50-65-33-36-56-46-12-94-81-74-28-69-1-20-90-26-17-66-64-23-39-85-40-79-6-16-35-92-60-75-62-5-45-52-37-76-59-4-2-97-3-44-58-13-29-71-49-30-78-8-72-10-41-42-31-83-22-18-53-91-99-21-27-47-70-67-15-51-86-95-38-80-48-87-9-61-93-82-84-32-24-88-34-57-96-100-68-19-77-89-25-7-43-73-55-54-63
Ta100x20,5,1,100,0.85,0.05,9,2230509282,17000,6558,6377,6009,1.863488718,v2_avx512_vecx_batch16_exact_perm,25-73-50-33-70-64-74-11-27-28-12-14-2-94-81-10-51-98-39-97-32-60-52-23-68-100-61-85-76-1-30-49-38-65-95-87-13-16-80-36-9-72-18-69-53-55-66-21-4-41-59-54-46-67-15-58-37-88-62-71-17-5-8-20-6-3-26-75-56-29-92-40-22-7-82-48-84-86-43-45-96-24-34-83-47-99-90-57-89-91-31-35-79-93-19-42-78-44-77-63
Ta100x20,5,1,100,0.85,0.05,10,2230510291,17000,6538,6377,6009,1.804581498,v2_avx512_vecx_batch16_exact_perm,98-62-14-33-85-11-39-3-50-90-64-32-27-94-70-35-46-12-41-65-54-37-87-16-69-28-1-52-8-78-10-92-59-71-96-38-49-72-68-99-21-84-97-66-74-40-77-6-17-9-51-58-83-56-76-4-36-15-5-67-86-2-23-30-45-47-53-20-25-80-57-73-55-79-24-22-34-29-42-88-26-82-43-31-93-48-7-95-89-75-91-19-100-81-60-44-13-61-63-18
Ta100x20,5,1,100,0.85,0.075,1,2230501210,17000,6597,6377,6009,1.897345319,v2_avx512_vecx_batch16_exact_perm,33-64-65-11-70-12-50-16-28-56-90-8-10-21-81-85-37-5-24-58-45-36-15-82-9-46-98-69-4-41-62-26-68-67-72-49-52-14-32-38-51-1-66-20-13-29-99-80-59-60-83-97-2-7-96-30-93-35-22-100-76-75-27-47-53-73-43-95-94-71-86-61-39-88-42-84-25-74-48-6-31-92-23-34-87-3-91-40-57-79-78-55-19-54-89-17-44-77-63-18
Ta100x20,5,1,100,0.85,0.075,2,2230502219,17000,6501,6377,6009,1.859984071,v2_avx512_vecx_batch16_exact_perm,33-5-64-50-11-14-87-32-62-70-16-38-36-56-74-69-3-41-65-18-37-2-72-92-84-79-98-10-53-1-85-76-75-4-100-22-28-27-54-68-23-39-95-58-94-66-46-15-51-9-97-21-55-49-12-13-60-90-96-17-59-26-8-81-47-31-88-52-91-99-78-30-45-83-71-29-20-40-48-82-61-7-24-89-6-42-73-34-35-57-19-67-86-25-93-43-80-44-77-63
Ta100x20,5,1,100,0.85,0.075,3,2230503228,17000,6560,6377,6009,1.845788468,v2_avx512_vecx_batch16_exact_perm,32-33-50-11-14-27-41-85-56-10-90-12-17-98-46-36-74-65-1-39-8-91-60-99-97-2-79-95-59-29-64-49-42-69-53-16-28-18-55-6-94-9-80-51-37-86-21-81-20-70-92-23-38-72-4-87-15-40-22-34-5-76-44-82-84-26-35-61-71-100-30-3-47-52-66-45-25-43-63-58-13-88-96-57-24-67-83-73-7-68-77-48-89-75-31-78-93-19-54-62
Ta100x20,5,1,100,0.85,0.075,4,2230504237,17000,6557,6377,6009,1.792768283,v2_avx512_vecx_batch16_exact_perm,25-64-14-10-16-50-98-51-45-12-17-95-32-46-61-11-9-62-37-87-4-2-75-72-33-56-85-8-97-42-41-69-88-15-78-100-39-70-66-94-52-3-58-5-76-65-49-18-1-38-92-23-74-84-6-26-53-27-96-30-93-60-81-35-40-13-21-79-36-20-22-90-59-86-57-28-24-82-91-43-31-71-80-99-29-34-44-47-83-19-54-48-89-68-55-7-77-73-67-63
Ta100x20,5,1,100,0.85,0.075,5,2230505246,17000,6548,6377,6009,1.870758523,v2_avx512_vecx_batch16_exact_perm,14-97-98-64-11-70-74-5-39-32-10-54-51-1-94-38-57-33-30-80-12-53-41-72-69-16-17-37-66-23-50-42-59-99-27-65-68-58-91-28-44-2-81-60-36-85-3-92-24-48-46-55-21-8-89-88-71-56-31-26-61-13-62-100-79-45-52-9-6-49-18-22-29-87-15-40-90-76-4-20-47-35-63-83-95-93-82-19-86-25-43-84-78-75-73-7-34-77-96-67
Ta100x20,5,1,100,0.85,0.075,6,2230506255,17000,6549,6377,6009,1.826259277,v2_avx512_vecx_batch16_exact_perm,12-81-64-14-51-32-96-30-98-69-85-33-70-11-97-16-74-94-37-1-10-56-82-75-86-23-15-5-71-3-49-9-50-90-28-34-39-72-40-76-20-2-52-47-60-38-59-41-95-65-4-77-6-36-53-26-62-18-100-45-48-46-78-31-8-21-68-57-66-24-29-88-92-44-87-80-55-27-43-99-61-7-13-42-35-17-22-84-79-93-91-19-89-58-54-83-63-25-73-67
Ta100x20,5,1,100,0.85,0.075,7,2230507264,17000,6529,6377,6009,1.837582569,v2_avx512_vecx_batch16_exact_perm,14-5-38-98-56-39-32-62-11-97-70-74-1-69-64-76-72-100-8-50-95-41-3-85-10-75-94-71-16-21-30-88-25-49-37-86-58-45-2-12-52-36-78-92-79-33-44-15-80-22-31-35-46-20-4-87-65-17-60-59-43-23-29-53-6-28-9-51-83-13-82-66-61-99-40-34-89-42-67-91-77-27-48-84-47-90-73-24-96-7-57-68-55-26-81-93-19-54-63-18
Ta100x20,5,1,100,0.85,0.075,8,2230508273,17000,6631,6377,6009,1.831051262,v2_avx512_vecx_batch16_exact_perm,25-58-62-73-14-65-11-1-86-64-22-98-10-67-41-70-32-39-69-21-27-87-52-60-23-31-2-38-12-49-3-5-71-76-9-85-16-47-6-93-48-74-33-81-4-40-66-94-97-91-53-68-54-96-56-15-99-29-50-100-8-26-59-80-72-51-37-24-28-61-7-75-78-57-30-42-13-17-46-20-55-82-92-45-19-36-89-90-35-83-79-84-95-88-34-44-43-77-63-18
Ta100x20,5,1,100,0.85,0.075,9,2230509282,17000,6561,6377,6009,1.848427271,v2_avx512_vecx_batch16_exact_perm,51-5-11-50-97-20-37-42-94-63-98-70-72-16-69-64-95-39-58-32-21-10-12-22-17-76-2-47-75-65-33-4-14-66-38-49-15-28-52-31-35-36-74-88-54-61-46-87-56-71-40-6-8-29-92-96-27-59-3-90-45-85-62-60-81-1-30-82-86-83-26-41-67-55-100-68-73-23-13-24-57-7-48-89-9-19-53-99-80-25-93-34-84-79-77-78-43-44-91-18
Ta100x20,5,1,100,0.85,0.075,10,2230510291,17000,6567,6377,6009,1.927230484,v2_avx512_vecx_batch16_exact_perm,10-64-65-5-39-11-32-72-50-97-37-41-33-61-70-90-30-98-38-58-26-94-69-62-74-85-27-96-21-49-1-14-92-20-84-81-79-18-76-2-53-31-88-29-52-45-16-36-6-83-12-95-28-8-24-46-99-86-59-15-80-44-91-56-57-40-35-4-73-89-17-13-54-100-87-22-71-47-75-3-51-25-66-60-93-82-48-68-23-19-42-55-78-7-77-43-34-63-9-67
Ta100x20,5,1,100,0.85,0.1,1,2230501210,17000,6606,6377,6009,1.95271444,v2_avx512_vecx_batch16_exact_perm,25-50-64-14-38-94-85-16-63-5-74-98-12-30-17-90-95-39-57-76-72-71-22-1-28-37-32-3-100-33-68-35-52-69-15-99-54-8-45-46-97-21-11-23-9-66-10-36-79-87-60-61-65-56-4-59-53-92-80-75-2-84-41-20-77-47-55-6-82-27-96-83-24-31-49-78-40-81-70-51-48-42-29-86-44-88-34-43-58-26-18-7-19-67-89-13-73-93-91-62
Ta100x20,5,1,100,0.85,0.1,2,2230502219,17000,6548,6377,6009,1.918166595,v2_avx512_vecx_batch16_exact_perm,10-51-64-32-14-39-28-31-50-54-70-97-12-90-30-95-41-58-36-20-53-88-1-94-52-67-65-85-72-49-69-96-33-8-38-37-4-35-92-3-60-99-61-46-86-56-71-59-45-75-83-76-22-74-98-66-21-84-57-23-40-81-15-62-9-7-2-80-13-11-17-78-55-5-100-48-79-47-27-89-42-68-6-16-24-25-87-29-93-34-26-82-19-43-73-91-44-77-63-18
Ta100x20,5,1,100,0.85,0.1,3,2230503228,17000,6514,6377,6009,1.992229893,v2_avx512_vecx_batch16_exact_perm,33-14-50-11-64-30-32-62-98-54-12-24-74-45-37-85-96-28-69-1-58-10-76-51-53-57-56-38-46-8-34-41-31-78-39-70-80-5-95-16-97-15-6-29-84-65-49-52-13-72-22-4-26-36-68-20-21-55-17-100-9-87-66-71-61-67-27-75-86-99-23-94-42-82-92-3-25-79-59-91-93-47-83-2-40-81-88-60-44-35-48-90-19-73-7-43-77-89-63-18
Ta100x20,5,1,100,0.85,0.1,4,2230504237,17000,6567,6377,6009,1.911071084,v2_avx512_vecx_batch16_exact_perm,10-14-74-98-70-64-28-12-85-30-38-94-71-57-11-56-52-20-58-76-29-16-88-97-1-69-89-27-100-61-78-39-50-46-3-65-15-13-37-82-9-4-59-2-25-93-80-33-26-18-60-68-32-45-36-35-47-75-6-83-90-49-91-92-42-54-8-41-31-87-95-53-55-99-40-22-66-5-34-86-81-96-7-23-43-77-48-17-73-72-44-51-24-21-84-67-19-79-62-63
Ta100x20,5,1,100,0.85,0.1,5,2230505246,17000,6602,6377,6009,1.886019492,v2_avx512_vecx_batch16_exact_perm,51-32-12-14-28-11-50-64-8-38-94-58-69-33-2-97-66-39-75-17-16-5-41-95-20-84-56-52-70-62-92-72-21-31-90-26-1-65-60-36-23-46-37-88-13-49-98-27-96-22-6-83-80-61-40-81-79-71-4-18-3-30-85-82-57-45-44-76-100-29-15-47-74-91-99-54-10-53-86-43-59-63-9-34-48-87-24-42-93-78-35-68-19-7-77-89-25-55-73-67
Ta100x20,5,1,100,0.85,0.1,6,2230506255,17000,6539,6377,6009,1.801764995,v2_avx512_vecx_batch16_exact_perm,64-51-14-33-50-16-94-12-10-45-61-37-58-80-11-62-32-1-8-24-72-30-46-90-49-98-38-39-57-97-69-83-56-22-41-15-85-31-52-70-84-68-3-4-92-23-95-82-5-71-26-75-9-28-100-81-74-65-18-25-59-76-13-2-60-48-29-20-67-87-40-36-6-53-73-66-89-77-91-27-35-88-19-7-86-78-55-99-21-17-43-63-93-34-47-42-96-79-54-44
Ta100x20,5,1,100,0.85,0.1,7,2230507264,17000,6516,6377,6009,1.827665511,v2_avx512_vecx_batch16_exact_perm,64-10-14-50-38-12-33-32-97-30-54-98-11-39-56-69-82-62-81-45-74-5-15-87-49-76-16-52-37-70-61-18-85-41-100-47-94-13-80-25-51-65-26-31-66-46-53-88-28-17-1-75-60-95-73-2-55-90-91-84-72-21-68-8-92-23-4-40-71-6-20-24-35-27-22-42-29-57-86-59-78-93-48-36-83-79-9-19-58-43-96-3-99-89-7-44-34-67-77-63
Ta100x20,5,1,100,0.85,0.1,8,2230508273,17000,6563,6377,6009,1.885458752,v2_avx512_vecx_batch16_exact_perm,51-62-14-64-65-50-99-10-11-97-32-46-3-22-92-69-30-98-87-38-61-90-15-59-80-37-94-12-85-33-28-60-56-21-74-1-76-39-2-68-17-18-23-29-71-9-72-36-53-75-54-8-86-41-4-49-35-58-52-20-70-45-7-96-83-66-78-40-88-16-77-6-57-84-79-31-89-42-73-27-91-26-25-47-5-34-81-48-43-24-93-67-82-19-100-55-95-13-63-44
Ta100x20,5,1,100,0.85,0.1,9,2230509282,17000,6525,6377,6009,1.923463892,v2_avx512_vecx_batch16_exact_perm,64-14-30-33-5-11-70-69-16-97-72-32-74-50-98-12-85-28-94-90-26-3-96-53-10-56-71-91-46-95-15-81-1-93-66-21-40-87-37-84-86-65-27-62-99-35-79-59-51-76-17-31-22-61-38-6-49-52-36-23-9-58-4-55-82-92-25-8-29-34-80-39-57-60-24-2-75-88-44-45-83-43-41-13-42-20-47-78-7-54-18-100-77-48-89-19-63-68-73-67
Ta100x20,5,1,100,0.85,0.1,10,2230510291,17000,6581,6377,6009,1.809153462,v2_avx512_vecx_batch16_exact_perm,14-38-11-54-33-64-32-76-39-90-50-96-70-16-12-99-51-10-47-56-37-21-87-9-91-30-52-74-49-28-92-4-98-61-85-41-65-69-97-1-2-20-86-84-79-58-36-18-94-15-23-6-46-26-40-8-82-31-29-53-27-35-88-44-48-22-17-68-57-71-72-25-77-66-19-59-42-60-100-45-67-3-75-81-73-7-5-89-34-55-80-95-43-24-78-13-83-63-93-62
Ta100x20,5,1,100,0.85,0.125,1,2230501210,17000,6567,6377,6009,1.892451043,v2_avx512_vecx_batch16_exact_perm,14-64-5-94-11-69-65-30-98-71-87-97-70-62-20-56-53-12-95-26-85-40-10-16-81-76-1-37-50-86-90-84-78-33-32-17-29-46-45-15-8-38-6-96-28-54-47-2-74-72-52-92-31-41-7-25-59-80-91-61-66-67-23-93-100-55-82-36-83-99-68-9-49-4-21-24-22-88-51-19-35-58-39-27-57-3-18-89-34-48-75-77-79-60-13-63-43-42-73-44
Ta100x20,5,1,100,0.85,0.125,2,2230502219,17000,6578,6377,6009,1.965731113,v2_avx512_vecx_batch16_exact_perm,12-10-98-51-64-50-97-65-61-85-11-95-30-5-39-27-1-94-35-69-3-45-72-16-90-15-17-74-36-37-33-77-82-31-81-76-87-99-47-58-52-70-88-46-62-32-25-54-59-60-92-22-38-8-14-49-86-96-44-53-89-84-80-23-13-100-55-26-29-66-28-68-2-20-41-56-6-71-63-57-4-83-79-9-34-21-73-48-24-7-75-78-19-93-40-91-43-42-18-67
Ta100x20,5,1,100,0.85,0.125,3,2230503228,17000,6559,6377,6009,1.929231393,v2_avx512_vecx_batch16_exact_perm,64-38-61-10-98-90-50-80-11-5-62-13-70-14-96-39-30-1-76-52-99-42-72-32-49-46-21-12-79-94-15-66-3-16-9-58-67-92-29-56-74-31-34-8-97-41-6-45-53-88-28-4-40-65-37-27-59-17-85-100-89-95-91-36-69-86-84-81-24-22-25-71-33-57-60-47-43-82-20-87-55-2-35-26-63-18-23-7-19-77-48-75-83-68-78-93-54-73-51-44
Ta100x20,5,1,100,0.85,0.125,4,2230504237,17000,6543,6377,6009,1.912595044,v2_avx512_vecx_batch16_exact_perm,64-14-33-11-32-17-12-10-50-98-62-90-16-77-74-30-78-5-99-34-42-72-28-1-37-94-75-25-41-65-4-29-49-8-23-39-85-97-20-52-3-91-100-70-36-13-38-58-66-69-76-95-87-31-81-27-47-88-46-15-40-6-45-60-21-92-68-86-2-61-51-59-48-56-80-24-96-93-26-71-67-79-44-35-7-57-53-84-89-55-82-73-22-83-43-9-19-54-63-18
Ta100x20,5,1,100,0.85,0.125,5,2230505246,17000,6519,6377,6009,2.018946041,v2_avx512_vecx_batch16_exact_perm,51-64-5-56-14-30-38-21-98-11-69-32-99-97-12-2-52-33-28-3-90-65-10-36-1-27-26-8-6-41-24-22-94-53-23-58-31-70-37-82-15-50-71-87-76-20-34-42-85-39-79-74-54-59-49-47-45-62-83-9-4-78-57-46-13-29-48-96-100-81-18-88-92-40-86-16-25-93-67-66-72-7-77-89-84-60-43-75-73-95-35-91-17-68-19-55-80-44-61-63
Ta100x20,5,1,100,0.85,0.125,6,2230506255,17000,6564,6377,6009,1.915640603,v2_avx512_vecx_batch16_exact_perm,64-33-14-10-65-61-11-17-15-98-90-2-95-69-1-49-3-12-97-20-91-50-81-60-46-92-38-26-30-28-96-67-32-44-8-72-52-70-31-41-47-85-35-40-37-16-23-6-45-51-36-56-100-39-58-94-74-83-59-76-86-5-62-53-87-4-66-63-24-78-99-88-9-71-22-29-7-21-13-57-42-68-77-75-73-48-82-34-79-84-27-89-19-80-25-43-93-54-55-18
Ta100x20,5,1,100,0.85,0.125,7,2230507264,17000,6557,6377,6009,1.928818954,v2_avx512_vecx_batch16_exact_perm,51-98-18-14-94-87-31-32-12-97-50-22-38-67-56-74-64-10-41-8-49-85-9-71-61-39-53-76-52-40-2-78-33-13-72-16-70-37-1-46-88-68-15-35-60-29-93-92-86-28-65-90-4-36-3-99-79-5-95-59-83-27-91-21-81-66-63-57-34-77-96-69-17-11-47-20-23-82-84-58-55-6-42-19-80-44-100-45-62-48-24-89-25-7-26-75-43-73-54-30
Ta100x20,5,1,100,0.85,0.125,8,2230508273,17000,6544,6377,6009,1.869935731,v2_avx512_vecx_batch16_exact_perm,33-32-11-9-74-41-62-70-97-12-14-39-50-87-10-51-98-4-1-46-8-20-65-58-24-36-37-66-81-64-6-49-45-21-44-16-72-71-94-28-42-5-53-3-76-68-85-40-23-2-31-69-38-78-59-57-15-90-88-18-54-26-13-100-48-29-22-52-27-47-99-80-92-91-84-83-60-61-56-82-79-96-75-55-95-30-17-35-86-25-93-34-77-7-43-19-63-89-73-67
Ta100x20,5,1,100,0.85,0.125,9,2230509282,17000,6563,6377,6009,1.916907924,v2_avx512_vecx_batch16_exact_perm,33-5-62-98-74-45-64-18-70-12-28-56-50-76-71-14-65-69-97-37-99-46-15-39-21-32-10-68-94-42-2-22-27-36-3-51-86-72-17-1-8-6-41-35-100-80-60-67-59-58-38-20-85-49-48-81-52-54-92-93-66-61-31-13-89-82-26-40-87-25-78-7-47-29-11-4-75-23-95-53-84-91-30-90-57-16-55-43-9-79-83-63-88-19-24-34-77-96-73-44
Ta100x20,5,1,100,0.85,0.125,10,2230510291,17000,6558,6377,6009,1.884510141,v2_avx512_vecx_batch16_exact_perm,25-64-10-32-62-5-16-98-27-67-14-12-45-81-50-76-39-90-94-87-58-65-8-69-57-37-41-61-72-100-99-74-11-33-68-46-1-26-52-3-6-97-15-2-84-18-78-56-28-42-66-21-4-17-82-59-63-95-70-36-79-23-51-88-53-54-85-86-31-49-92-38-96-24-55-29-20-34-80-43-60-47-30-35-83-93-22-7-75-40-19-48-13-71-77-89-9-91-73-44
Ta100x20,5,1,100,0.8875,0.025,1,2230501210,17000,6560,6377,6009,1.846914261,v2_avx512_vecx_batch16_exact_perm,14-64-50-71-12-97-28-69-87-20-65-30-46-81-10-31-42-32-41-94-76-62-53-51-68-66-72-38-17-16-98-90-25-92-36-15-80-37-85-33-3-56-52-1-99-29-4-74-40-21-13-48-100-39-9-70-79-5-60-34-59-35-77-58-27-2-47-11-6-95-23-22-8-86-45-75-7-19-89-73-88-61-93-24-49-43-96-55-82-57-18-26-83-63-91-44-78-84-54-67
Ta100x20,5,1,100,0.8875,0.025,2,2230502219,17000,6536,6377,6009,2.085986552,v2_avx512_vecx_batch16_exact_perm,14-50-74-61-64-30-32-11-97-12-54-56-81-82-41-62-98-25-69-2-52-31-3-45-65-39-37-85-76-1-58-67-70-36-10-75-23-100-72-40-51-53-9-94-21-8-38-4-16-5-66-86-35-33-49-17-68-20-46-88-57-71-59-47-28-99-27-84-22-29-80-13-15-42-6-92-24-87-93-96-60-90-55-26-95-43-48-83-18-91-34-77-79-89-19-7-63-78-73-44
Ta100x20,5,1,100,0.8875,0.025,3,2230503228,17000,6519,6377,6009,1.904646153,v2_avx512_vecx_batch16_exact_perm,14-64-5-30-98-11-90-20-97-70-31-65-35-74-50-10-16-72-66-62-32-1-46-76-94-53-22-18-21-73-84-56-86-29-71-51-9-2-52-45-23-12-4-100-75-60-8-41-6-55-48-17-58-69-81-37-33-85-28-80-57-27-40-26-79-44-95-83-91-67-15-82-39-88-92-38-49-61-13-24-3-25-78-43-93-59-54-47-42-36-68-99-7-34-87-19-89-96-77-63
Ta100x20,5,1,100,0.8875,0.025,4,2230504237,17000,6570,6377,6009,1.993923907,v2_avx512_vecx_batch16_exact_perm,64-14-98-10-12-5-70-16-50-30-71-21-48-33-38-3-32-97-51-72-94-1-90-28-80-11-25-8-69-65-85-20-24-37-75-15-96-17-53-73-13-49-41-44-95-39-52-100-91-56-2-74-31-87-76-36-22-86-29-62-26-58-93-88-45-4-47-40-81-6-92-61-89-59-68-27-99-78-84-7-23-79-60-77-46-83-9-34-43-42-66-54-67-35-19-82-57-55-63-18
Ta100x20,5,1,100,0.8875,0.025,5,2230505246,17000,6509,6377,6009,1.964013005,v2_avx512_vecx_batch16_exact_perm,64-62-14-33-32-97-39-50-12-65-30-23-17-11-42-94-3-37-58-36-70-18-16-72-56-57-38-87-74-5-76-85-98-10-15-2-26-47-90-4-29-69-91-46-45-28-40-8-53-95-1-100-52-99-13-61-82-55-41-20-35-21-51-79-9-22-31-66-92-80-84-68-49-24-88-86-25-93-96-7-81-59-54-89-60-71-6-43-73-48-75-27-83-44-19-78-67-34-77-63
Ta100x20,5,1,100,0.8875,0.025,6,2230506255,17000,6627,6377,6009,2.147767373,v2_avx512_vecx_batch16_exact_perm,62-10-38-11-50-12-94-2-100-15-81-9-74-1-97-16-8-27-14-99-39-56-76-75-46-3-98-69-35-59-80-30-33-72-51-52-32-20-85-21-13-28-64-73-40-70-47-66-79-42-36-82-57-31-68-17-88-61-93-6-26-86-58-25-65-5-41-37-87-54-95-49-4-23-22-7-55-29-48-60-24-91-71-96-84-53-78-92-34-44-90-77-89-43-45-83-19-63-18-67
Ta100x20,5,1,100,0.8875,0.025,7,2230507264,17000,6614,6377,6009,2.040886987,v2_avx512_vecx_batch16_exact_perm,5-64-50-11-62-98-69-30-14-97-32-41-12-39-27-28-18-61-82-72-84-56-53-51-15-35-80-31-70-78-40-25-38-49-8-36-3-81-65-76-59-4-2-68-58-17-47-16-85-20-67-33-95-77-13-86-21-52-99-10-1-60-74-22-48-46-29-37-92-23-34-9-71-24-75-6-94-83-88-42-66-57-87-93-63-91-26-100-43-45-19-96-89-79-73-7-90-55-54-44
Ta100x20,5,1,100,0.8875,0.025,8,2230508273,17000,6581,6377,6009,1.946258329,v2_avx512_vecx_batch16_exact_perm,25-64-14-32-62-33-74-98-85-16-10-1-2-69-39-3-15-18-97-90-86-94-12-41-8-46-27-81-100-37-45-80-59-50-65-95-52-96-92-72-11-70-5-99-76-30-51-21-28-40-9-6-89-26-84-66-82-19-24-53-61-68-29-13-23-58-60-22-57-43-36-38-20-56-87-7-42-4-48-47-73-88-34-35-83-79-31-78-93-49-44-75-17-71-67-55-91-54-77-63
Ta100x20,5,1,100,0.8875,0.025,9,2230509282,17000,6520,6377,6009,2.079442551,v2_avx512_vecx_batch16_exact_perm,33-14-5-51-99-62-81-12-30-78-64-69-2-11-98-10-90-94-23-68-49-1-74-15-97-3-56-50-31-76-41-53-100-65-39-37-58-32-70-29-85-47-38-72-61-66-52-93-46-91-27-36-57-13-21-40-92-54-42-16-77-86-8-9-4-18-26-28-88-34-35-87-60-82-22-71-84-17-96-55-79-20-43-25-80-59-48-75-6-83-45-95-89-73-7-67-19-24-63-44
Ta100x20,5,1,100,0.8875,0.025,10,2230510291,17000,6546,6377,6009,2.106763004,v2_avx512_vecx_batch16_exact_perm,14-38-32-99-64-11-65-69-59-97-70-42-39-56-50-74-62-40-85-98-2-71-12-6-27-36-61-8-15-35-10-100-89-29-80-1-49-72-53-30-73-66-54-13-41-16-25-94-68-21-33-88-37-4-28-47-82-58-51-45-57-90-86-20-46-55-26-60-52-44-76-23-91-34-84-22-83-3-9-5-67-7-81-92-48-24-87-95-93-75-17-96-77-79-31-19-78-43-63-18
Ta100x20,5,1,100,0.8875,0.05,1,2230501210,17000,6532,6377,6009,1.892401422,v2_avx512_vecx_batch16_exact_perm,51-14-50-38-61-33-62-98-11-17-32-97-12-74-94-78-28-90-72-15-46-66-64-39-70-49-42-37-5-16-35-52-59-80-65-1-36-85-3-92-10-68-56-82-58-26-31-76-81-30-41-40-29-53-69-45-100-8-20-22-87-86-93-4-9-75-2-25-60-21-13-99-47-27-34-23-88-96-55-71-48-6-83-43-84-54-24-91-57-95-67-77-79-73-7-19-89-63-18-44
Ta100x20,5,1,100,0.8875,0.05,2,2230502219,17000,6539,6377,6009,2.054008312,v2_avx512_vecx_batch16_exact_perm,10-51-5-14-53-98-50-12-97-69-22-2-27-39-94-38-33-21-70-41-61-100-16-30-65-37-56-85-96-26-74-62-64-13-28-1-60-59-52-6-36-32-58-73-57-80-71-47-9-66-72-11-76-18-15-81-95-84-8-17-92-35-86-40-20-29-89-49-68-82-46-31-23-99-42-3-55-4-90-88-54-43-45-83-24-67-91-25-87-7-48-19-79-44-78-93-75-34-77-63
Ta100x20,5,1,100,0.8875,0.05,3,2230503228,17000,6529,6377,6009,2.110354613,v2_avx512_vecx_batch16_exact_perm,5-64-14-11-39-69-33-32-3-2-68-98-29-94-58-95-50-54-16-1-74-85-97-99-10-21-12-47-28-56-51-75-49-45-42-20-70-22-71-31-23-36-52-72-8-90-65-6-26-40-4-41-76-30-46-59-9-60-82-38-48-92-87-25-84-91-7-96-55-100-53-37-78-66-61-17-15-13-24-67-83-88-77-43-86-81-93-80-44-34-35-57-89-27-62-79-73-19-63-18
Ta100x20,5,1,100,0.8875,0.05,4,2230504237,17000,6554,6377,6009,2.093431772,v2_avx512_vecx_batch16_exact_perm,98-25-28-64-51-94-14-41-69-70-38-72-58-36-74-66-2-39-33-12-56-80-11-10-65-1-52-95-49-5-71-9-87-50-76-31-53-32-3-46-4-97-15-40-85-78-30-100-17-23-62-13-16-37-26-29-73-68-20-61-67-79-27-21-77-7-48-44-6-83-24-59-45-92-42-35-60-22-93-8-82-99-91-75-47-88-54-57-89-19-86-81-96-55-90-43-34-84-63-18
Ta100x20,5,1,100,0.8875,0.05,5,2230505246,17000,6526,6377,6009,1.958326841,v2_avx512_vecx_batch16_exact_perm,14-33-32-11-70-38-61-97-28-39-12-76-62-22-64-85-37-1-52-95-35-50-10-87-60-90-41-48-5-53-18-27-23-36-6-17-74-21-15-9-99-69-3-92-65-4-98-72-100-94-46-31-93-58-71-26-16-56-8-81-80-40-13-44-49-78-68-77-29-66-75-30-47-45-83-42-79-2-63-25-88-59-82-86-20-57-89-73-55-7-34-24-91-43-19-96-84-54-51-67
Ta100x20,5,1,100,0.8875,0.05,6,2230506255,17000,6557,6377,6009,2.066407369,v2_avx512_vecx_batch16_exact_perm,14-33-50-12-98-90-30-64-94-38-65-35-69-61-81-10-62-97-21-16-32-18-23-76-60-1-78-71-39-66-72-70-51-4-86-37-41-26-44-17-56-29-96-8-100-75-2-92-6-83-28-74-36-45-5-87-49-79-52-93-20-3-31-95-43-82-15-9-85-84-42-22-24-46-59-91-77-53-27-57-80-11-13-48-58-40-88-54-7-99-55-68-63-34-47-89-25-19-73-67
Ta100x20,5,1,100,0.8875,0.05,7,2230507264,17000,6535,6377,6009,1.888107744,v2_avx512_vecx_batch16_exact_perm,25-14-33-64-32-39-70-74-61-18-98-99-80-12-95-85-75-11-76-45-50-72-59-71-3-2-69-97-15-94-90-23-30-78-100-65-4-41-1-16-56-40-51-81-6-28-46-9-92-53-37-54-29-48-10-87-52-31-58-21-8-88-60-79-77-36-22-38-66-34-5-96-24-57-68-35-19-49-82-26-63-86-73-44-55-7-27-47-89-83-91-67-42-20-43-13-17-84-93-62
Ta100x20,5,1,100,0.8875,0.05,8,2230508273,17000,6539,6377,6009,1.907334527,v2_avx512_vecx_batch16_exact_perm,33-14-64-50-32-11-97-30-12-62-5-98-28-39-90-3-70-37-74-13-94-80-1-16-4-35-27-17-41-38-56-60-81-59-72-71-54-23-9-69-49-31-65-92-2-86-42-96-46-55-66-36-76-22-85-83-100-45-68-21-53-48-75-10-88-40-15-95-6-57-8-82-20-52-24-61-89-25-19-91-44-29-34-26-47-99-79-73-87-7-77-84-63-58-18-78-43-93-51-67
Ta100x20,5,1,100,0.8875,0.05,9,2230509282,17000,6597,6377,6009,2.121471915,v2_avx512_vecx_batch16_exact_perm,25-51-28-10-9-97-64-14-62-85-23-46-32-72-71-31-94-26-16-52-30-38-3-95-50-1-59-90-76-100-98-11-75-35-69-81-70-5-12-45-47-79-2-39-58-27-15-6-55-49-41-29-61-68-8-19-17-33-22-37-96-99-65-88-20-93-21-53-36-4-86-57-83-74-66-40-43-67-78-73-24-91-92-48-80-87-56-84-60-82-89-42-13-7-54-44-34-77-63-18
Ta100x20,5,1,100,0.8875,0.05,10,2230510291,17000,6521,6377,6009,2.291503399,v2_avx512_vecx_batch16_exact_perm,33-14-10-98-5-11-2-39-64-67-65-50-74-96-3-32-37-36-56-62-12-97-15-52-4-6-38-94-81-21-68-8-87-70-40-85-41-69-27-16-1-76-61-45-25-53-30-58-47-20-46-57-66-73-59-79-42-49-88-51-29-90-28-91-71-9-84-17-22-18-34-100-48-92-75-86-35-72-93-54-60-55-43-26-99-19-23-82-83-95-80-31-13-89-24-7-77-63-78-44
Ta100x20,5,1,100,0.8875,0.075,1,2230501210,17000,6563,6377,6009,2.223848496,v2_avx512_vecx_batch16_exact_perm,33-64-50-16-62-14-98-28-12-30-11-56-42-70-97-32-58-95-94-83-10-41-90-48-39-69-22-100-51-87-65-9-37-85-20-46-1-76-82-57-59-71-47-49-63-8-38-5-99-86-72-52-92-29-60-74-77-2-3-31-88-45-4-25-80-66-26-54-40-13-35-15-24-78-44-6-91-34-84-53-68-21-81-93-55-36-79-27-19-23-7-43-96-75-17-61-73-89-18-67
Ta100x20,5,1,100,0.8875,0.075,2,2230502219,17000,6541,6377,6009,2.326198303,v2_avx512_vecx_batch16_exact_perm,14-64-5-10-32-11-94-97-74-1-27-33-28-16-69-61-37-66-35-46-12-65-50-63-8-24-85-71-17-15-2-80-86-39-30-49-38-98-25-76-58-92-4-67-53-93-78-96-3-13-70-29-45-40-88-99-18-21-31-23-68-57-41-51-60-26-52-9-44-34-81-36-89-6-55-7-100-48-82-59-47-20-95-79-77-56-87-72-43-73-84-22-90-19-75-91-83-42-54-62
Ta100x20,5,1,100,0.8875,0.075,3,2230503228,17000,6552,6377,6009,2.266627483,v2_avx512_vecx_batch16_exact_perm,25-64-50-10-5-75-98-62-65-97-14-45-90-39-69-16-76-87-94-41-58-1-38-33-70-37-57-52-72-42-32-51-36-20-100-56-86-35-49-28-12-3-13-95-46-60-88-22-77-11-85-74-17-31-21-71-23-48-59-8-9-91-53-68-99-61-4-26-93-47-40-82-6-2-15-92-89-84-29-79-73-66-96-81-34-19-24-27-67-55-80-30-78-7-83-54-43-44-63-18
Ta100x20,5,1,100,0.8875,0.075,4,2230504237,17000,6605,6377,6009,2.150861869,v2_avx512_vecx_batch16_exact_perm,11-70-64-90-50-98-97-14-39-69-96-8-3-16-56-10-38-15-21-27-33-4-32-28-74-58-5-94-41-12-52-37-91-24-1-76-87-49-62-85-86-71-61-59-9-78-46-31-2-84-100-65-18-45-22-40-35-68-26-51-81-53-72-92-88-60-66-48-23-30-99-47-93-82-75-57-36-63-95-6-83-67-17-20-43-29-7-13-19-42-54-77-89-79-25-34-55-80-73-44
Ta100x20,5,1,100,0.8875,0.075,5,2230505246,17000,6598,6377,6009,2.165378049,v2_avx512_vecx_batch16_exact_perm,64-14-50-56-38-3-91-70-90-87-10-39-98-32-52-28-12-51-94-40-1-69-58-65-53-2-76-35-31-15-41-8-46-45-4-23-60-74-55-33-36-71-13-72-61-100-16-9-85-6-11-93-92-21-48-34-84-37-80-75-24-5-78-49-62-43-30-68-57-96-17-59-66-97-20-22-67-27-83-54-26-89-88-86-18-82-73-81-29-99-7-47-42-79-25-19-95-77-44-63
Ta100x20,5,1,100,0.8875,0.075,6,2230506255,17000,6577,6377,6009,1.480745221,v2_avx512bw_vec32_exact_perm,51-14-64-32-70-11-62-12-94-97-60-81-50-76-39-35-56-74-28-52-61-10-44-2-58-65-8-16-69-47-41-1-6-99-18-40-3-98-46-85-31-79-77-90-86-54-23-71-13-59-37-72-17-92-20-42-15-4-26-49-29-75-24-66-33-82-5-48-67-38-91-53-87-9-27-21-22-68-93-36-57-89-88-100-45-55-80-43-84-95-96-83-73-7-30-78-19-25-34-63
Ta100x20,5,1,100,0.8875,0.075,7,2230507264,17000,6547,6377,6009,1.540969033,v2_avx512bw_vec32_exact_perm,14-38-64-32-65-2-97-58-50-11-13-12-62-5-74-98-16-10-1-71-23-70-54-37-87-51-86-3-8-85-41-69-24-20-72-66-46-76-75-40-94-88-49-52-82-9-61-30-47-27-90-15-28-26-4-33-18-79-81-29-95-39-45-21-31-56-92-17-67-42-48-80-22-36-68-59-83-99-55-6-96-60-77-7-43-78-57-35-19-100-63-53-25-93-34-91-84-89-73-44
Ta100x20,5,1,100,0.8875,0.075,8,2230508273,17000,6494,6377,6009,1.663381808,v2_avx512bw_vec32_exact_perm,10-33-51-50-11-12-32-30-98-80-16-62-74-85-1-99-38-56-76-14-64-37-39-57-96-21-59-66-29-68-97-49-69-24-22-28-61-42-92-52-72-18-15-2-60-70-4-86-44-46-36-54-75-81-90-20-3-93-6-94-87-71-65-53-8-17-95-73-91-88-5-45-100-48-23-47-58-13-40-82-31-43-41-25-55-84-79-26-9-19-89-35-83-27-78-67-7-34-77-63
Ta100x20,5,1,100,0.8875,0.075,9,2230509282,17000,6582,6377,6009,1.633212526,v2_avx512bw_vec32_exact_perm,25-98-14-64-94-11-27-22-71-97-32-76-62-38-99-72-37-85-12-17-21-75-36-74-48-10-57-28-51-56-23-95-29-58-69-1-8-65-39-90-70-54-15-24-87-50-4-16-6-52-20-5-49-3-86-92-33-67-91-66-41-42-59-60-53-55-35-46-88-45-61-100-68-93-2-80-47-26-31-83-13-43-78-96-84-40-82-19-81-30-9-79-7-73-34-77-89-63-18-44
Ta100x20,5,1,100,0.8875,0.075,10,2230510291,17000,6525,6377,6009,1.658566318,v2_avx512bw_vec32_exact_perm,25-50-5-30-97-33-12-15-56-14-74-32-39-10-41-94-16-99-69-3-27-46-98-92-1-76-64-37-71-21-75-61-8-91-53-54-65-13-58-44-2-86-38-20-51-17-47-85-100-67-23-62-45-29-49-52-48-40-72-36-68-28-90-83-4-80-95-11-6-22-24-60-59-81-26-88-31-55-82-96-93-66-35-57-79-73-43-9-34-87-70-89-42-84-7-78-19-77-18-63
Ta100x20,5,1,100,0.8875,0.1,1,2230501210,17000,6558,6377,6009,1.752897464,v2_avx512bw_vec32_exact_perm,25-64-32-31-50-9-94-90-39-80-11-98-69-17-5-30-12-97-52-37-76-1-49-87-18-70-67-41-62-14-16-66-72-86-99-15-100-46-65-85-28-95-38-2-13-84-3-68-58-10-34-47-75-22-4-33-71-61-79-78-53-26-59-27-36-21-35-56-83-74-45-96-8-60-44-29-91-92-40-82-48-89-88-24-54-55-43-6-42-57-23-19-20-73-7-77-81-93-63-51
Ta100x20,5,1,100,0.8875,0.1,2,2230502219,17000,6598,6377,6009,1.537955284,v2_avx512bw_vec32_exact_perm,33-25-14-64-85-28-11-10-32-97-31-3-37-56-82-50-41-15-94-39-60-81-12-47-2-98-90-4-79-61-69-38-16-20-5-68-88-49-45-8-46-21-27-24-70-42-59-92-78-36-100-13-22-54-76-53-86-96-66-65-52-1-35-34-72-99-71-48-58-84-40-51-91-67-77-6-74-29-26-83-95-55-19-80-57-18-23-30-87-89-75-73-9-7-43-17-44-63-93-62
Ta100x20,5,1,100,0.8875,0.1,3,2230503228,17000,6495,6377,6009,1.538288787,v2_avx512bw_vec32_exact_perm,14-30-64-18-98-12-62-56-32-11-85-97-69-61-74-94-33-58-39-8-90-45-25-21-1-49-9-51-3-50-53-75-76-86-4-46-15-2-72-84-28-52-37-41-31-81-10-70-34-89-88-57-17-38-6-16-60-22-65-59-80-5-20-36-66-87-71-79-55-91-42-99-29-40-13-95-43-100-78-92-82-48-77-63-35-93-24-7-68-19-26-23-27-47-83-96-73-44-54-67
Ta100x20,5,1,100,0.8875,0.1,4,2230504237,17000,6536,6377,6009,1.438089569,v2_avx512bw_vec32_exact_perm,64-51-14-32-11-1-81-94-52-69-99-97-74-98-25-12-57-71-10-16-35-56-59-76-28-4-41-40-37-50-38-87-72-62-2-70-65-95-20-36-47-43-86-39-58-49-54-90-31-68-85-3-33-92-22-88-66-75-24-96-8-27-91-46-55-42-6-45-29-15-21-73-5-53-17-23-83-13-26-44-80-84-60-79-61-93-82-48-100-89-30-9-7-34-67-78-19-77-63-18
Ta100x20,5,1,100,0.8875,0.1,5,2230505246,17000,6589,6377,6009,1.309169824,v2_avx512bw_vec32_exact_perm,64-98-51-14-97-12-33-45-2-39-5-69-10-11-87-94-65-66-1-71-63-56-21-74-81-84-76-28-58-37-17-16-13-82-29-22-8-72-46-15-85-54-92-4-24-20-35-70-99-79-60-55-52-59-41-48-40-90-34-23-26-62-31-32-68-78-57-6-3-53-27-50-19-9-42-36-73-91-47-100-30-86-38-88-96-67-83-95-75-18-77-80-49-89-25-43-93-7-61-44
Ta100x20,5,1,100,0.8875,0.1,6,2230506255,17000,6563,6377,6009,1.509824222,v2_avx512bw_vec32_exact_perm,51-14-11-30-33-98-50-97-64-46-32-5-80-12-90-45-10-15-56-16-27-61-36-74-39-6-1-28-40-21-23-92-52-3-60-13-22-35-4-81-94-75-100-54-70-68-42-58-37-59-26-76-25-57-89-65-78-38-66-69-49-41-62-29-31-91-2-8-82-86-71-99-72-7-55-79-17-96-85-84-47-20-43-24-95-53-93-83-67-88-34-87-77-48-18-63-9-19-73-44
Ta100x20,5,1,100,0.8875,0.1,7,2230507264,17000,6591,6377,6009,1.412383752,v2_avx512bw_vec32_exact_perm,14-98-15-97-12-28-65-64-70-10-16-61-90-30-32-2-72-39-62-78-82-85-100-46-94-66-33-56-38-42-4-36-58-76-53-41-11-6-37-74-5-45-92-96-20-55-21-13-71-99-26-23-84-47-17-50-59-3-89-91-31-69-51-49-24-9-29-43-1-52-54-87-8-18-88-19-80-40-95-57-79-73-25-83-68-7-77-60-67-48-75-81-86-93-35-27-22-44-34-63
Ta100x20,5,1,100,0.8875,0.1,8,2230508273,17000,6588,6377,6009,1.361117378,v2_avx512bw_vec32_exact_perm,25-51-64-32-14-30-97-11-65-72-16-56-17-85-93-95-12-70-57-62-52-8-90-74-61-28-53-10-23-36-26-94-6-46-37-96-100-98-50-40-92-4-35-76-47-33-2-18-87-13-27-42-15-49-41-39-86-31-58-80-5-60-1-79-73-3-55-66-75-88-99-54-21-68-59-81-24-22-69-45-89-29-19-20-43-38-9-91-71-34-82-48-77-7-84-67-83-78-44-63
Ta100x20,5,1,100,0.8875,0.1,9,2230509282,17000,6542,6377,6009,1.406110112,v2_avx512bw_vec32_exact_perm,14-64-5-71-98-70-95-62-1-32-72-97-52-2-12-24-15-87-38-94-56-69-28-46-74-61-9-11-3-85-8-51-17-6-81-31-18-23-80-100-99-59-76-22-50-37-47-27-41-96-58-55-65-10-49-39-93-66-90-36-82-33-92-57-42-54-53-68-45-13-21-4-75-86-26-20-83-67-40-29-88-48-60-34-35-16-89-79-25-91-19-77-43-73-84-7-30-78-63-44
Ta100x20,5,1,100,0.8875,0.1,10,2230510291,17000,6518,6377,6009,1.507392238,v2_avx512bw_vec32_exact_perm,64-14-5-39-33-32-62-94-90-10-50-97-98-69-16-41-61-100-17-1-74-11-72-56-2-25-76-30-46-12-60-95-85-28-92-52-26-40-6-96-23-59-58-70-4-21-73-53-20-37-65-57-38-29-44-66-34-49-3-13-71-36-45-82-87-48-35-31-68-80-83-22-15-47-8-86-93-42-99-78-84-51-24-81-79-27-9-67-88-55-7-43-77-89-75-91-19-54-63-18
Ta100x20,5,1,100,0.8875,0.125,1,2230501210,17000,6531,6377,6009,1.478066961,v2_avx512bw_vec32_exact_perm,14-12-97-64-65-38-61-16-56-94-90-5-98-69-87-53-30-32-17-96-37-41-72-10-1-50-25-15-76-11-21-40-85-6-46-20-45-81-28-8-58-4-62-100-22-29-49-31-66-80-44-2-27-78-75-47-33-71-91-26-13-42-92-99-60-59-3-36-88-52-39-95-9-34-57-54-35-68-51-86-83-23-70-82-19-24-48-18-79-84-63-89-55-7-77-74-73-43-93-67
Ta100x20,5,1,100,0.8875,0.125,2,2230502219,17000,6587,6377,6009,1.423895383,v2_avx512bw_vec32_exact_perm,14-62-98-12-10-50-5-41-69-16-56-65-39-74-32-4-97-42-76-81-20-94-64-90-61-66-21-92-1-87-30-52-88-15-60-85-38-11-72-49-47-8-6-71-26-77-25-83-45-17-18-48-44-27-70-67-80-78-33-28-37-91-84-58-22-36-24-51-35-100-55-3-13-46-68-59-89-99-29-53-54-7-86-75-82-31-23-19-40-95-9-2-79-57-43-93-34-96-73-63
Ta100x20,5,1,100,0.8875,0.125,3,2230503228,17000,6598,6377,6009,1.47377892,v2_avx512bw_vec32_exact_perm,33-10-5-64-50-98-11-56-94-58-12-14-16-32-97-51-35-67-27-39-88-62-74-17-59-37-41-76-1-91-69-25-78-92-52-36-20-68-21-99-28-4-75-15-6-26-70-61-38-2-31-80-95-87-71-47-73-23-65-18-85-84-79-60-100-57-46-9-7-22-8-66-40-81-30-86-45-34-3-24-55-43-48-72-29-93-13-19-42-49-82-54-53-63-90-83-77-89-96-44
Ta100x20,5,1,100,0.8875,0.125,4,2230504237,17000,6539,6377,6009,1.37981779,v2_avx512bw_vec32_exact_perm,14-98-64-11-50-32-39-9-71-69-2-87-10-41-33-56-90-16-5-76-46-100-94-65-1-52-74-35-17-20-36-4-86-12-49-3-58-70-95-38-45-21-68-96-37-55-82-59-92-28-97-22-31-80-72-85-42-60-8-26-40-99-61-7-44-6-15-81-53-27-57-23-51-30-29-67-88-54-89-84-66-78-83-18-13-91-47-43-77-24-63-25-34-48-75-19-79-73-93-62
Ta100x20,5,1,100,0.8875,0.125,5,2230505246,17000,6577,6377,6009,1.651761732,v2_avx512bw_vec32_exact_perm,14-64-32-38-94-11-61-51-99-87-60-1-74-50-39-98-69-28-97-84-52-100-65-15-17-37-33-41-70-85-31-23-29-45-3-16-13-40-12-95-2-5-56-46-34-58-54-8-26-68-72-92-59-62-76-42-53-81-4-44-75-78-10-67-77-88-20-21-91-18-35-55-22-71-6-9-36-49-79-47-90-27-48-89-82-57-83-86-73-66-80-24-25-43-93-7-19-96-30-63
Ta100x20,5,1,100,0.8875,0.125,6,2230506255,17000,6516,6377,6009,1.431719777,v2_avx512bw_vec32_exact_perm,25-33-50-32-14-71-94-12-97-72-30-41-69-65-81-3-92-16-85-56-10-90-28-62-15-37-95-77-27-87-74-39-1-76-53-59-82-88-2-38-31-22-49-54-51-86-64-98-4-75-99-21-52-36-9-100-48-46-8-68-17-11-23-44-6-45-35-58-20-57-29-70-40-47-93-43-42-26-5-66-80-18-19-24-89-78-34-83-61-13-79-96-84-7-55-91-60-67-73-63
Ta100x20,5,1,100,0.8875,0.125,7,2230507264,17000,6527,6377,6009,1.399099175,v2_avx512bw_vec32_exact_perm,64-14-25-32-97-56-50-12-58-41-3-18-69-9-11-80-10-85-49-94-87-51-72-65-90-20-28-37-62-2-75-17-1-98-46-8-52-13-45-15-38-39-100-21-76-36-59-74-86-61-91-5-27-47-16-99-24-70-42-4-40-96-35-53-68-66-19-23-31-78-92-82-33-84-29-48-79-60-22-71-54-88-57-81-7-73-26-30-83-44-43-95-89-55-6-93-34-67-77-63
Ta100x20,5,1,100,0.8875,0.125,8,2230508273,17000,6488,6377,6009,1.404521997,v2_avx512bw_vec32_exact_perm,33-64-14-74-98-5-97-28-12-52-2-27-62-78-50-94-16-39-70-38-32-30-96-60-1-79-21-13-3-25-41-56-15-95-46-51-65-4-23-40-76-85-53-90-54-11-8-86-72-58-43-36-75-10-99-61-6-71-47-88-9-34-81-92-20-87-83-69-45-100-84-22-37-55-17-35-29-7-26-31-91-82-49-18-89-73-42-59-66-80-44-57-68-19-77-48-24-63-93-67
Ta100x20,5,1,100,0.8875,0.125,9,2230509282,17000,6558,6377,6009,1.4954162,v2_avx512bw_vec32_exact_perm,64-38-70-62-74-98-17-11-50-94-97-82-52-14-28-39-56-32-75-10-12-2-76-41-30-83-46-1-58-8-54-53-95-72-36-33-4-100-80-65-27-61-15-5-3-31-90-68-79-73-22-49-85-23-18-37-91-29-88-48-24-59-71-21-81-69-87-57-93-42-16-25-66-45-40-43-9-51-6-92-26-60-13-96-47-99-89-84-35-86-20-55-19-67-78-7-44-34-77-63
Ta100x20,5,1,100,0.8875,0.125,10,2230510291,17000,6557,6377,6009,1.388549584,v2_avx512bw_vec32_exact_perm,64-45-11-98-30-58-14-46-15-94-90-39-65-89-10-5-2-12-85-33-76-56-16-52-72-95-97-32-13-60-21-1-69-99-86-87-37-59-70-96-18-100-41-3-55-50-79-31-82-20-53-49-38-4-28-9-51-29-66-42-6-73-22-92-17-61-74-47-93-44-57-43-24-71-23-88-8-40-78-34-26-36-35-68-84-80-27-81-77-63-25-75-7-91-19-83-48-54-67-62
Ta100x20,5,1,100,0.925,0.025,1,2230501210,17000,6585,6377,6009,1.507000443,v2_avx512bw_vec32_exact_perm,14-98-64-25-5-12-32-24-94-97-50-15-16-10-61-22-37-99-69-87-11-70-41-46-20-100-8-45-65-56-52-28-2-72-18-51-90-80-21-59-92-76-4-35-53-27-63-47-38-49-91-71-39-26-1-60-74-85-62-79-33-68-82-17-81-36-58-48-93-6-66-57-3-75-29-40-43-96-31-13-89-95-84-86-23-83-30-78-42-88-55-7-19-73-9-44-34-77-54-67
Ta100x20,5,1,100,0.925,0.025,2,2230502219,17000,6526,6377,6009,1.46070722,v2_avx512bw_vec32_exact_perm,51-14-33-50-11-32-94-97-64-15-16-75-10-62-2-98-95-85-54-30-90-41-82-28-96-12-6-3-5-74-52-22-17-65-4-24-1-69-21-83-38-8-72-36-56-71-86-25-99-59-80-60-61-100-39-66-37-70-87-68-58-55-76-31-29-26-18-46-57-79-9-67-88-92-27-49-47-42-20-45-40-23-13-78-48-73-7-35-84-53-89-91-19-81-44-93-34-43-77-63
Ta100x20,5,1,100,0.925,0.025,3,2230503228,17000,6549,6377,6009,1.411313855,v2_avx512bw_vec32_exact_perm,10-14-64-22-52-32-62-5-97-50-33-41-30-11-3-74-94-34-25-18-21-98-8-87-4-65-58-36-37-12-45-90-26-46-60-1-91-81-76-31-75-49-85-72-2-69-61-40-28-16-56-71-6-66-53-15-29-78-84-38-39-54-70-100-23-92-82-48-47-55-99-79-96-83-27-35-68-57-17-59-51-13-80-24-42-20-88-19-86-73-93-43-95-89-7-77-63-9-44-67
Ta100x20,5,1,100,0.925,0.025,4,2230504237,17000,6583,6377,6009,1.524398614,v2_avx512bw_vec32_exact_perm,14-28-38-18-64-50-76-39-98-71-94-30-61-74-97-56-36-87-51-27-22-26-12-10-90-70-8-72-81-46-83-45-32-11-29-41-33-37-49-16-65-69-2-9-59-62-80-15-3-20-85-79-21-31-24-1-66-58-5-52-48-17-92-23-60-67-91-53-96-7-93-40-84-6-42-95-35-13-100-75-77-86-99-63-4-73-34-82-57-89-88-55-19-78-47-25-43-54-68-44
Ta100x20,5,1,100,0.925,0.025,5,2230505246,17000,6495,6377,6009,1.577373164,v2_avx512bw_vec32_exact_perm,64-14-10-5-78-28-51-32-39-97-56-38-50-12-94-16-76-90-1-72-11-21-65-30-58-69-98-2-46-15-52-9-66-70-100-74-96-84-8-25-17-53-85-36-99-47-27-33-22-71-88-48-41-40-6-92-62-49-37-23-77-18-45-35-87-34-3-93-89-68-80-59-60-26-4-82-20-57-13-42-81-73-29-24-91-43-61-86-79-31-75-63-83-95-55-7-44-19-54-67
Ta100x20,5,1,100,0.925,0.025,6,2230506255,17000,6524,6377,6009,1.592759956,v2_avx512bw_vec32_exact_perm,10-64-33-32-94-11-50-97-12-69-98-81-90-20-2-95-87-70-14-39-28-16-5-30-52-45-72-74-61-57-71-1-75-80-37-8-99-46-21-31-13-62-3-78-92-65-36-58-25-63-38-85-49-66-76-9-53-91-4-100-56-41-6-47-15-77-51-89-27-88-17-96-59-68-35-60-22-44-79-34-29-40-86-26-84-93-43-24-55-82-83-23-42-48-7-19-73-54-67-18
Ta100x20,5,1,100,0.925,0.025,7,2230507264,17000,6588,6377,6009,1.561592853,v2_avx512bw_vec32_exact_perm,14-51-45-64-12-5-97-32-30-33-87-18-41-57-52-17-31-98-71-3-50-90-80-11-27-16-9-39-78-69-1-2-53-20-72-74-70-58-100-94-38-65-35-37-21-4-63-85-49-92-46-59-76-42-23-86-73-13-61-67-10-40-8-82-15-36-79-22-25-28-68-99-84-47-60-81-29-66-88-55-75-26-95-24-91-44-6-19-77-7-34-48-89-83-56-43-96-93-54-62
Ta100x20,5,1,100,0.925,0.025,8,2230508273,17000,6528,6377,6009,1.597018384,v2_avx512bw_vec32_exact_perm,33-14-64-62-32-98-11-10-97-12-99-70-69-78-51-50-38-28-72-66-31-49-61-68-21-92-18-65-2-40-39-95-30-90-8-41-60-85-45-46-100-15-80-5-56-36-16-24-13-22-59-79-58-37-76-1-3-4-75-29-81-34-47-57-44-74-9-94-71-23-6-26-42-53-82-84-20-86-25-93-87-67-88-83-54-55-52-48-35-7-19-17-73-91-43-77-89-27-96-63
Ta100x20,5,1,100,0.925,0.025,9,2230509282,17000,6604,6377,6009,1.60686619,v2_avx512bw_vec32_exact_perm,14-64-62-73-30-50-38-28-33-70-97-69-61-18-98-11-72-37-26-52-94-51-41-65-100-12-22-2-74-10-87-85-9-92-1-76-95-90-32-6-3-36-21-15-59-45-53-35-47-4-58-16-24-13-71-78-88-96-83-66-99-39-60-29-31-8-46-44-75-49-5-86-56-34-80-84-42-68-20-17-19-27-23-57-40-82-67-91-7-77-48-81-89-79-55-54-25-43-93-63
Ta100x20,5,1,100,0.925,0.025,10,2230510291,17000,6582,6377,6009,1.63526055,v2_avx512bw_vec32_exact_perm,14-42-98-64-11-3-5-32-39-50-12-16-56-31-69-28-81-74-94-21-9-2-10-51-97-70-41-67-37-88-90-86-61-92-72-66-58-38-20-57-46-8-59-17-65-1-15-60-53-80-13-99-78-4-87-25-18-23-49-76-52-36-75-55-40-6-89-30-26-29-77-45-7-47-27-48-33-85-95-35-43-96-100-24-91-71-22-84-68-82-19-79-73-83-93-54-44-62-34-63
Ta100x20,5,1,100,0.925,0.05,1,2230501210,17000,6502,6377,6009,1.576030721,v2_avx512bw_vec32_exact_perm,51-14-50-11-32-64-62-99-97-27-16-12-10-98-5-76-94-53-25-28-37-90-96-70-39-100-56-58-52-8-72-2-65-1-91-38-22-69-85-21-15-24-46-20-9-26-88-42-40-4-41-30-6-47-49-59-81-18-43-45-60-75-36-95-87-3-92-29-33-13-68-54-48-82-17-31-57-35-83-74-55-66-61-86-93-34-77-89-80-19-23-71-84-79-73-63-78-7-44-67
Ta100x20,5,1,100,0.925,0.05,2,2230502219,17000,6566,6377,6009,1.378116669,v2_avx512bw_vec32_exact_perm,5-62-33-32-11-50-97-74-61-64-30-14-51-76-57-38-1-10-46-98-17-12-8-94-65-83-60-41-85-53-88-39-37-3-92-95-69-81-45-20-75-70-22-40-82-2-72-27-23-71-55-6-28-58-48-29-25-49-16-52-36-44-9-80-59-68-26-4-21-43-47-24-15-78-93-77-31-90-91-35-84-86-66-96-7-19-99-63-56-100-89-34-13-87-42-79-73-54-18-67
Ta100x20,5,1,100,0.925,0.05,3,2230503228,17000,6609,6377,6009,1.429102352,v2_avx512bw_vec32_exact_perm,10-51-14-64-5-98-46-12-65-97-1-69-45-75-57-17-16-38-94-67-58-72-30-11-52-76-55-95-25-21-53-8-41-33-60-85-27-39-42-66-70-92-61-79-15-31-49-80-68-50-23-32-20-29-40-37-13-54-87-74-28-89-100-88-82-36-78-4-91-44-99-2-86-59-3-96-56-9-7-43-77-18-26-81-84-6-24-83-22-71-19-90-73-35-34-47-48-63-93-62
Ta100x20,5,1,100,0.925,0.05,4,2230504237,17000,6514,6377,6009,1.40308793,v2_avx512bw_vec32_exact_perm,14-64-11-65-12-50-95-33-32-30-97-28-90-38-39-72-8-98-69-94-46-42-99-76-40-5-91-22-1-74-87-56-49-62-41-68-60-4-37-16-9-70-52-18-6-36-92-24-61-59-86-2-55-13-17-96-53-88-82-15-75-3-25-31-26-66-85-54-67-29-7-45-89-10-71-21-47-77-83-78-79-20-23-84-100-57-63-58-81-93-48-35-27-51-43-34-80-19-73-44
Ta100x20,5,1,100,0.925,0.05,5,2230505246,17000,6563,6377,6009,1.572308206,v2_avx512bw_vec32_exact_perm,14-50-11-12-32-85-33-62-81-1-74-45-90-2-72-38-61-37-76-30-97-24-78-64-87-94-65-41-31-8-58-46-60-23-5-71-15-9-69-3-49-98-13-44-16-67-91-17-4-75-86-21-52-51-28-36-56-95-53-29-77-19-26-39-68-22-27-6-57-40-73-88-70-47-20-66-42-99-92-89-55-82-84-80-25-59-79-100-48-35-10-63-83-54-7-43-93-34-96-18
Ta100x20,5,1,100,0.925,0.05,6,2230506255,17000,6585,6377,6009,1.422436999,v2_avx512bw_vec32_exact_perm,11-12-64-50-14-30-65-97-32-25-16-2-10-56-80-90-98-75-91-94-39-52-15-36-69-41-62-37-82-1-74-28-31-85-95-70-29-61-100-76-46-87-13-86-21-68-84-53-20-81-40-17-51-27-22-77-3-9-92-48-79-35-45-38-72-59-49-4-60-71-33-57-58-8-42-88-96-99-7-55-6-73-93-23-66-47-34-89-83-78-26-5-19-24-43-54-63-18-44-67
Ta100x20,5,1,100,0.925,0.05,7,2230507264,17000,6547,6377,6009,1.485092655,v2_avx512bw_vec32_exact_perm,25-64-50-91-11-56-36-33-58-52-69-14-99-10-98-2-39-12-74-70-5-27-28-46-94-65-81-60-85-61-68-97-71-8-72-34-41-26-87-4-45-88-20-21-16-29-40-1-49-76-37-82-96-59-53-30-47-23-38-15-80-31-57-67-86-62-95-75-73-32-17-9-22-100-48-90-3-55-18-43-6-83-66-79-93-84-78-92-24-42-44-35-7-77-89-13-54-19-63-51
Ta100x20,5,1,100,0.925,0.05,8,2230508273,17000,6566,6377,6009,1.416196694,v2_avx512bw_vec32_exact_perm,5-85-12-17-50-38-64-36-76-94-41-14-1-99-10-62-75-35-56-74-72-49-44-54-11-3-32-53-46-37-98-69-97-45-87-100-81-4-16-33-65-70-60-28-52-2-71-59-9-61-79-51-13-95-92-80-26-31-39-58-86-93-88-21-8-22-40-20-90-57-27-89-78-84-29-7-15-47-48-42-66-82-30-77-24-91-25-96-6-43-63-34-23-19-83-68-73-67-55-18
Ta100x20,5,1,100,0.925,0.05,9,2230509282,17000,6554,6377,6009,1.380495537,v2_avx512bw_vec32_exact_perm,64-38-62-32-39-5-50-16-33-30-65-97-69-99-12-17-98-3-71-70-15-52-95-1-72-21-37-80-92-58-11-8-74-94-41-9-53-14-51-6-66-96-10-93-59-89-76-81-4-49-20-46-85-40-28-57-22-27-67-61-86-13-36-29-56-26-75-60-48-35-88-31-91-90-100-87-45-55-82-2-42-79-54-47-83-73-68-84-78-24-25-23-7-43-44-34-19-77-63-18
Ta100x20,5,1,100,0.925,0.05,10,2230510291,17000,6539,6377,6009,1.512661918,v2_avx512bw_vec32_exact_perm,64-14-98-11-28-12-62-81-94-99-69-10-50-33-70-97-39-71-91-3-15-90-65-30-60-32-41-9-67-6-16-1-4-58-76-53-63-85-37-5-66-96-17-49-18-29-23-84-74-25-8-24-92-26-52-21-56-22-46-31-68-27-87-61-82-57-79-40-36-86-88-20-78-59-83-2-45-89-7-47-77-51-13-95-35-93-42-100-48-75-38-72-19-54-55-34-80-43-73-44
Ta100x20,5,1,100,0.925,0.075,1,2230501210,17000,6521,6377,6009,1.640001055,v2_avx512bw_vec32_exact_perm,25-51-64-32-10-50-11-76-33-4-12-61-24-38-69-98-49-28-92-14-58-36-30-78-46-65-15-82-41-84-39-66-40-22-74-97-2-72-1-68-60-81-59-37-21-17-13-16-56-54-47-48-52-9-85-45-75-100-57-31-26-53-71-70-6-96-20-5-23-3-95-43-62-35-27-99-55-88-29-90-94-80-34-87-93-7-19-42-8-86-73-91-44-77-67-83-79-89-18-63
Ta100x20,5,1,100,0.925,0.075,2,2230502219,17000,6485,6377,6009,1.44815053,v2_avx512bw_vec32_exact_perm,10-51-5-14-16-56-50-97-11-27-32-72-39-12-2-70-24-69-98-90-96-25-58-8-28-49-4-64-37-75-80-95-85-33-17-1-100-52-76-81-65-45-15-22-71-36-6-3-30-41-78-46-23-92-55-31-26-60-68-66-87-29-94-62-91-53-13-21-38-67-20-57-40-86-74-61-88-59-99-79-9-34-35-73-93-19-42-48-44-82-84-7-77-43-47-54-83-89-63-18
Ta100x20,5,1,100,0.925,0.075,3,2230503228,17000,6531,6377,6009,1.616962918,v2_avx512bw_vec32_exact_perm,25-64-10-98-5-11-62-85-94-12-70-14-38-16-76-8-39-37-78-56-33-21-69-53-91-97-28-49-90-2-3-52-86-31-87-65-36-60-50-71-29-30-82-1-68-79-54-15-24-72-32-51-89-20-45-41-43-22-74-4-17-46-23-84-9-92-6-75-26-40-93-95-34-59-81-83-66-80-47-61-27-88-57-13-96-100-55-42-35-19-99-63-58-77-73-7-48-44-67-18
Ta100x20,5,1,100,0.925,0.075,4,2230504237,17000,6555,6377,6009,1.550030903,v2_avx512bw_vec32_exact_perm,51-5-64-94-33-12-70-2-11-97-3-50-56-21-30-96-38-32-28-72-37-16-85-76-69-15-24-42-78-1-61-99-4-23-90-31-49-8-10-87-79-65-14-92-25-45-53-39-46-41-40-66-59-80-18-91-29-26-52-9-36-83-95-6-20-68-77-74-57-98-71-100-22-13-58-93-47-88-84-55-60-82-89-54-81-34-86-73-44-43-35-75-17-19-7-48-67-27-62-63
Ta100x20,5,1,100,0.925,0.075,5,2230505246,17000,6532,6377,6009,1.410598651,v2_avx512bw_vec32_exact_perm,51-98-14-64-32-62-38-94-49-12-99-90-28-69-10-11-80-37-1-16-56-97-6-20-33-46-50-15-76-36-57-52-74-39-23-3-5-8-31-95-75-65-58-85-13-2-71-72-29-45-87-7-22-78-59-4-54-55-100-70-61-53-41-40-88-48-44-66-60-35-47-21-27-81-42-92-9-30-89-91-82-17-68-73-43-86-93-26-79-96-83-24-25-34-19-77-84-63-18-67
Ta100x20,5,1,100,0.925,0.075,6,2230506255,17000,6567,6377,6009,1.83757627,v2_avx512bw_vec32_exact_perm,25-32-64-10-33-70-12-85-94-14-21-16-28-56-90-80-95-20-50-98-39-41-40-69-11-72-37-65-4-2-97-34-44-87-58-8-30-91-29-17-68-92-62-45-1-100-23-52-88-22-27-54-46-63-57-93-48-49-75-76-42-5-60-43-9-71-26-47-13-99-74-61-6-79-36-15-24-59-89-83-82-35-86-81-31-78-19-55-66-96-7-77-84-53-3-38-73-51-18-67
Ta100x20,5,1,100,0.925,0.075,7,2230507264,17000,6546,6377,6009,1.806689696,v2_avx512bw_vec32_exact_perm,14-64-30-33-32-28-12-82-39-62-98-74-5-1-10-41-67-38-94-56-96-58-8-11-72-85-60-15-90-3-92-50-9-17-37-46-4-29-65-49-52-36-97-66-2-63-23-69-87-100-13-16-77-53-95-45-80-59-71-68-57-48-40-88-99-75-93-76-61-22-18-6-26-81-31-21-24-70-78-42-34-89-73-7-47-86-20-35-83-27-55-91-84-79-54-19-25-43-44-51
Ta100x20,5,1,100,0.925,0.075,8,2230508273,17000,6513,6377,6009,1.528677929,v2_avx512bw_vec32_exact_perm,25-32-33-12-97-90-51-98-14-99-50-38-94-16-66-62-1-72-100-2-56-87-74-64-76-85-30-3-65-17-15-78-39-69-5-49-18-11-45-41-22-37-21-46-84-8-9-79-92-42-26-10-82-20-57-52-47-71-23-59-88-36-28-53-6-24-96-81-27-61-40-29-35-31-58-55-34-80-95-70-68-83-43-86-4-44-48-89-73-75-7-60-13-19-93-54-67-91-77-63
Ta100x20,5,1,100,0.925,0.075,9,2230509282,17000,6552,6377,6009,1.61626805,v2_avx512bw_vec32_exact_perm,62-98-64-14-28-11-69-97-50-27-12-2-10-38-3-70-39-90-5-65-94-74-53-87-15-17-8-46-32-21-37-63-60-1-76-85-26-52-30-86-91-56-75-78-36-82-31-58-41-81-66-72-55-71-61-16-54-9-22-18-84-6-83-92-35-33-88-68-49-29-13-48-40-42-20-4-77-47-51-99-59-79-45-23-100-95-43-96-57-44-89-73-7-24-80-19-25-93-34-67
Ta100x20,5,1,100,0.925,0.075,10,2230510291,17000,6510,6377,6009,1.601385151,v2_avx512bw_vec32_exact_perm,33-14-10-5-38-98-94-11-12-67-56-32-97-2-52-64-69-28-72-95-30-61-50-41-100-34-65-39-60-92-42-68-49-1-27-35-16-8-3-6-45-9-46-26-70-88-71-36-76-58-25-79-37-87-91-93-29-15-17-48-4-21-23-31-13-51-62-82-40-81-66-22-53-59-54-85-20-47-89-80-57-44-90-86-73-43-24-75-83-74-99-19-96-55-84-78-7-77-63-18
Ta100x20,5,1,100,0.925,0.1,1,2230501210,17000,6543,6377,6009,1.380155881,v2_avx512bw_vec32_exact_perm,51-5-11-50-98-12-14-10-32-96-90-94-70-16-38-80-20-9-1-69-26-97-99-72-74-49-30-76-64-4-28-88-46-39-100-56-45-15-52-47-91-2-37-33-36-79-23-29-40-85-17-13-78-31-21-44-8-71-48-86-61-25-57-82-59-27-22-3-66-92-95-81-87-65-34-41-84-53-42-89-60-35-19-68-73-24-55-6-58-93-43-62-77-7-75-54-83-63-18-67
Ta100x20,5,1,100,0.925,0.1,2,2230502219,17000,6562,6377,6009,1.52305346,v2_avx512bw_vec32_exact_perm,25-51-33-32-30-10-61-31-98-58-40-14-74-2-94-65-1-72-52-69-41-3-16-92-37-5-56-76-39-97-15-90-50-81-45-63-85-64-60-46-91-13-100-53-96-47-66-29-70-71-87-26-9-4-68-27-21-17-11-20-22-80-8-59-82-89-88-36-34-99-42-54-84-86-28-12-49-18-38-6-95-57-23-48-24-55-79-43-73-44-78-83-35-7-19-93-67-75-77-62
Ta100x20,5,1,100,0.925,0.1,3,2230503228,17000,6580,6377,6009,1.438512739,v2_avx512bw_vec32_exact_perm,33-14-64-11-9-90-50-74-76-87-62-32-10-5-39-97-65-95-12-92-1-28-56-46-69-98-75-36-94-53-40-85-88-19-96-99-37-21-100-45-52-3-70-31-2-47-81-51-68-17-82-72-66-15-71-80-20-22-77-24-30-23-8-58-29-13-60-26-41-6-16-57-38-54-84-18-78-49-59-67-86-63-35-25-83-79-93-27-89-91-61-7-43-34-42-4-48-55-73-44
Ta100x20,5,1,100,0.925,0.1,4,2230504237,17000,6541,6377,6009,1.518257021,v2_avx512bw_vec32_exact_perm,64-14-50-11-10-32-81-28-62-12-5-16-27-3-67-97-98-69-72-51-1-94-18-49-78-74-42-57-38-26-39-6-4-33-58-76-2-31-66-25-70-96-92-56-21-83-30-65-68-85-46-45-59-17-80-86-75-15-41-40-37-54-95-52-23-29-53-84-60-13-22-36-82-55-88-61-71-48-79-9-99-100-44-34-35-8-89-73-87-7-19-20-47-43-24-90-93-91-77-63
Ta100x20,5,1,100,0.925,0.1,5,2230505246,17000,6526,6377,6009,1.556292486,v2_avx512bw_vec32_exact_perm,14-10-11-98-12-62-58-32-5-24-70-50-38-97-15-37-79-94-39-90-64-76-99-21-4-65-92-1-41-30-40-20-85-16-17-75-72-95-8-46-28-69-33-57-52-2-18-47-74-23-6-96-31-55-42-66-25-22-71-45-29-7-26-36-68-82-54-73-53-67-49-9-91-84-86-61-59-13-3-81-60-35-43-27-87-93-51-48-80-56-83-88-100-34-77-89-19-63-78-44
Ta100x20,5,1,100,0.925,0.1,6,2230506255,17000,6515,6377,6009,1.588932345,v2_avx512bw_vec32_exact_perm,64-18-33-32-12-28-90-14-41-10-36-56-16-50-3-30-81-27-51-98-76-46-1-94-52-100-2-65-97-15-72-37-8-39-38-70-79-5-60-26-96-53-69-9-71-21-86-63-49-85-61-88-59-17-62-95-31-35-74-25-19-24-57-40-68-78-11-58-22-93-6-92-48-29-4-83-23-80-66-84-42-82-20-77-47-99-89-13-87-73-45-75-91-44-34-55-7-43-54-67
Ta100x20,5,1,100,0.925,0.1,7,2230507264,17000,6519,6377,6009,1.64937242,v2_avx512bw_vec32_exact_perm,64-14-30-50-11-10-98-18-94-97-69-12-33-70-38-2-65-4-20-3-41-72-5-92-56-51-95-58-26-52-39-76-57-37-91-1-16-75-85-62-80-15-23-6-36-87-31-81-27-60-32-61-66-71-34-35-13-17-96-21-47-28-40-99-46-8-86-25-74-29-73-22-49-24-90-83-45-55-78-59-82-88-42-19-68-48-100-63-9-43-53-54-89-79-84-93-67-7-77-44
Ta100x20,5,1,100,0.925,0.1,8,2230508273,17000,6520,6377,6009,1.565506789,v2_avx512bw_vec32_exact_perm,64-14-58-32-11-50-1-62-39-38-56-3-33-74-5-80-65-2-12-10-95-35-75-17-49-31-98-46-25-90-28-72-70-92-51-52-37-94-76-81-55-41-4-40-16-6-13-97-61-45-53-20-88-29-66-83-69-60-77-87-22-82-23-71-15-47-78-73-59-18-100-8-86-21-85-93-27-91-36-67-68-99-24-57-34-42-26-96-84-43-9-30-89-7-79-54-19-48-44-63
Ta100x20,5,1,100,0.925,0.1,9,2230509282,17000,6502,6377,6009,1.996693432,v2_avx512bw_vec32_exact_perm,14-64-5-39-70-11-62-74-50-15-97-32-72-76-51-2-33-18-98-85-3-71-28-56-37-21-12-41-94-10-16-1-53-69-75-61-99-60-8-88-82-30-95-38-57-96-92-9-100-80-36-52-66-20-29-65-47-4-26-45-58-44-35-49-68-31-79-23-22-40-6-46-27-13-42-89-84-25-78-93-17-67-59-86-43-73-7-83-54-48-81-24-87-90-55-91-19-34-77-63
Ta100x20,5,1,100,0.925,0.1,10,2230510291,17000,6507,6377,6009,1.830065386,v2_avx512bw_vec32_exact_perm,10-33-64-5-50-11-70-38-98-97-71-72-12-14-2-90-28-37-27-61-62-41-52-32-69-15-94-79-9-100-21-16-76-1-74-39-99-65-58-91-6-49-53-40-96-8-85-25-46-31-56-92-34-23-75-60-42-36-78-80-68-57-4-47-51-20-35-45-44-17-48-86-59-26-82-3-30-29-89-73-66-83-88-22-55-84-95-81-93-7-19-13-54-24-43-87-77-63-18-67
Ta100x20,5,1,100,0.925,0.125,1,2230501210,17000,6575,6377,6009,2.10848601,v2_avx512bw_vec32_exact_perm,33-64-51-14-15-17-50-16-65-90-5-32-97-12-3-37-85-96-56-10-66-1-87-94-54-58-53-31-81-80-28-69-99-40-92-22-26-39-72-24-8-46-11-27-23-100-55-95-91-52-4-98-21-70-13-30-38-61-83-41-79-36-62-60-20-47-2-88-29-59-74-77-75-49-45-68-42-9-44-43-48-6-86-84-78-89-25-7-93-34-76-35-19-82-57-63-71-73-67-18
Ta100x20,5,1,100,0.925,0.125,2,2230502219,17000,6553,6377,6009,1.826393337,v2_avx512bw_vec32_exact_perm,25-32-14-39-5-12-30-53-64-76-4-1-98-72-90-99-74-21-80-37-62-45-11-22-65-69-70-97-16-10-95-52-49-91-89-85-27-100-96-94-15-68-33-56-29-2-88-46-67-57-60-36-38-83-20-8-78-92-28-44-75-86-6-26-42-59-66-41-34-3-13-79-61-55-17-73-9-47-50-71-48-58-31-43-24-23-87-40-82-81-51-84-35-93-7-19-54-77-63-18
Ta100x20,5,1,100,0.925,0.125,3,2230503228,17000,6588,6377,6009,1.924348655,v2_avx512bw_vec32_exact_perm,98-64-14-45-11-69-81-32-39-5-74-33-76-85-12-97-87-36-62-10-1-65-16-3-2-52-68-72-17-22-66-31-49-38-50-96-8-58-20-29-7-30-41-60-61-28-25-24-37-51-26-78-46-13-21-63-59-100-9-99-80-70-93-53-95-54-4-15-35-92-56-71-84-47-27-77-67-48-23-86-75-88-55-94-82-83-40-6-79-44-57-89-90-91-19-73-43-34-42-18
Ta100x20,5,1,100,0.925,0.125,4,2230504237,17000,6547,6377,6009,1.883042768,v2_avx512bw_vec32_exact_perm,25-32-33-50-38-94-64-62-98-14-11-39-49-69-99-97-22-41-37-88-30-2-72-12-52-51-76-1-3-91-46-45-18-58-5-66-8-36-87-28-86-77-74-6-15-56-71-16-17-9-4-21-75-35-26-31-65-27-96-70-29-40-53-20-68-47-67-60-85-95-48-81-43-10-23-84-78-92-44-55-13-80-100-57-24-93-82-59-54-79-83-42-19-90-89-73-7-34-61-63
Ta100x20,5,1,100,0.925,0.125,5,2230505246,17000,6495,6377,6009,1.968571751,v2_avx512bw_vec32_exact_perm,14-33-32-64-11-56-50-38-98-4-97-12-85-76-62-90-99-17-15-58-65-68-69-10-2-70-42-37-39-72-18-49-61-1-66-16-52-8-41-100-5-74-45-94-21-59-28-53-51-78-30-36-88-3-81-60-13-46-35-31-27-71-22-57-80-20-29-47-93-40-82-73-92-34-77-86-23-96-84-95-55-7-87-43-9-19-91-79-25-54-26-48-24-75-89-6-83-67-63-44
Ta100x20,5,1,100,0.925,0.125,6,2230506255,17000,6498,6377,6009,1.772615626,v2_avx512bw_vec32_exact_perm,64-10-33-14-51-97-30-25-5-76-41-60-90-15-2-45-62-13-1-53-28-39-12-65-37-66-87-69-74-24-98-23-4-21-38-57-31-22-80-47-68-75-85-17-20-52-61-49-40-32-11-6-42-3-91-36-56-18-99-81-8-58-46-72-71-70-44-27-16-35-86-50-9-34-29-94-26-82-59-96-100-92-48-89-88-83-95-43-55-7-77-84-79-78-93-19-54-63-73-67
Ta100x20,5,1,100,0.925,0.125,7,2230507264,17000,6501,6377,6009,1.647558243,v2_avx512bw_vec32_exact_perm,14-98-11-70-90-22-5-64-32-30-97-39-69-52-15-33-76-85-91-96-50-36-25-3-37-28-16-56-2-38-55-72-71-49-46-34-77-94-23-47-12-4-53-20-82-61-66-41-58-6-17-59-65-1-74-8-10-21-27-68-35-100-99-40-45-75-92-79-42-48-93-84-95-88-57-62-86-87-51-9-43-80-31-29-60-26-44-13-89-83-54-81-24-63-18-78-7-19-73-67
Ta100x20,5,1,100,0.925,0.125,8,2230508273,17000,6562,6377,6009,1.724311395,v2_avx512bw_vec32_exact_perm,25-64-51-32-97-14-20-50-98-16-39-27-22-70-90-11-80-5-38-21-30-15-3-36-53-72-94-37-2-12-46-56-74-45-57-75-52-54-76-61-31-65-85-28-1-95-69-58-47-4-49-81-10-41-55-100-13-33-7-48-82-92-23-83-42-99-29-40-67-66-88-59-26-18-68-71-86-96-84-60-8-35-89-6-17-87-78-93-19-24-62-43-9-79-34-77-63-91-73-44
Ta100x20,5,1,100,0.925,0.125,9,2230509282,17000,6523,6377,6009,1.698708247,v2_avx512bw_vec32_exact_perm,25-64-28-51-5-14-39-33-12-97-50-38-3-32-37-45-96-66-70-10-1-41-69-22-8-87-75-60-72-2-100-65-11-56-52-76-4-98-53-57-46-74-27-61-36-68-54-86-71-85-47-15-21-9-94-99-23-16-13-42-20-83-6-40-92-49-91-55-82-59-80-48-90-88-84-89-95-17-30-78-29-19-26-31-58-62-35-81-79-73-44-7-43-24-93-34-67-77-63-18
Ta100x20,5,1,100,0.925,0.125,10,2230510291,17000,6537,6377,6009,1.721804306,v2_avx512bw_vec32_exact_perm,25-98-64-18-5-50-10-16-39-32-38-49-69-33-13-65-12-3-94-97-9-2-52-75-1-4-87-45-11-60-61-72-71-37-57-76-47-85-42-66-46-54-35-86-15-59-14-41-58-21-8-30-31-91-90-28-29-70-74-73-92-36-89-95-99-22-84-56-80-17-68-26-40-88-20-43-23-6-93-62-100-48-53-79-27-81-96-51-24-55-82-19-44-77-7-78-83-67-34-63
Ta100x20,5,1,100,0.9625,0.025,1,2230501210,17000,6596,6377,6009,1.739057981,v2_avx512bw_vec32_exact_perm,14-33-12-85-11-94-64-70-16-81-69-97-50-73-90-41-28-56-95-30-10-65-92-15-74-87-66-21-1-98-4-17-53-2-51-9-91-39-79-42-20-47-5-99-52-76-84-32-100-22-23-40-55-26-72-71-57-37-38-8-96-45-58-18-77-68-3-6-93-36-86-78-44-49-31-46-29-35-43-24-59-63-13-60-82-88-34-80-19-67-25-7-83-48-89-27-61-75-54-62
Ta100x20,5,1,100,0.9625,0.025,2,2230502219,17000,6610,6377,6009,1.464462213,v2_avx512bw_vec32_exact_perm,14-10-94-64-50-97-12-65-69-16-45-11-28-90-72-30-39-49-3-18-56-52-27-85-41-62-8-98-31-99-100-13-91-42-46-60-36-81-70-48-38-40-88-77-20-6-21-53-61-74-1-22-58-44-66-87-83-89-32-47-76-82-4-33-51-15-9-17-2-68-35-95-92-75-84-80-25-86-54-37-59-26-7-67-55-78-24-23-43-29-57-79-73-93-5-34-71-19-96-63
Ta100x20,5,1,100,0.9625,0.025,3,2230503228,17000,6504,6377,6009,1.760930618,v2_avx512bw_vec32_exact_perm,33-14-64-70-18-32-16-56-69-99-62-38-2-12-28-87-52-39-76-37-25-21-15-50-81-44-45-98-75-36-6-1-58-74-4-59-3-65-27-22-49-97-90-92-72-94-71-91-42-10-26-23-85-47-11-82-60-8-35-31-20-41-95-57-46-40-13-53-61-7-86-73-68-84-29-66-96-55-89-100-88-43-54-24-5-34-48-83-79-17-30-78-93-80-19-77-63-9-51-67
Ta100x20,5,1,100,0.9625,0.025,4,2230504237,17000,6507,6377,6009,1.55049945,v2_avx512bw_vec32_exact_perm,64-14-38-98-62-97-5-28-56-74-94-39-90-12-53-32-10-41-69-11-21-65-1-27-8-72-40-6-2-96-33-57-37-81-70-71-52-20-13-45-3-50-61-79-15-76-47-31-75-99-4-46-95-58-59-51-49-9-85-100-67-36-86-66-87-18-55-26-29-60-35-88-92-83-22-82-23-91-30-24-54-42-93-34-48-17-16-89-25-7-80-77-68-73-43-84-78-44-19-63
Ta100x20,5,1,100,0.9625,0.025,5,2230505246,17000,6554,6377,6009,1.712567833,v2_avx512bw_vec32_exact_perm,14-64-50-95-5-85-38-94-98-12-67-49-90-1-41-10-32-31-76-39-16-27-35-69-100-70-6-28-97-58-15-46-40-8-81-96-56-4-37-99-74-33-61-17-65-92-59-82-51-79-77-11-18-26-72-52-24-36-91-21-13-87-3-30-60-53-73-88-22-71-62-45-29-47-54-2-23-68-84-86-42-48-57-89-80-25-83-20-66-55-75-19-63-9-7-43-78-93-34-44
Ta100x20,5,1,100,0.9625,0.025,6,2230506255,17000,6541,6377,6009,1.561906561,v2_avx512bw_vec32_exact_perm,33-14-28-50-11-39-5-56-97-90-69-64-30-78-71-32-87-76-47-72-51-15-17-2-18-35-52-55-16-10-98-37-70-96-25-66-65-27-83-1-74-4-59-80-95-45-75-12-36-49-29-8-81-86-41-94-100-67-92-26-44-79-38-99-3-77-31-22-46-13-42-20-85-23-84-60-89-21-68-93-24-7-61-40-6-53-88-34-82-48-57-63-58-9-19-43-73-91-54-62
Ta100x20,5,1,100,0.9625,0.025,7,2230507264,17000,6618,6377,6009,1.492433019,v2_avx512bw_vec32_exact_perm,62-64-14-10-98-50-71-12-97-87-37-45-61-90-33-85-55-31-69-76-16-72-5-94-53-38-30-58-41-17-32-11-21-25-8-66-100-67-3-28-92-65-52-22-36-27-39-78-75-99-46-15-40-9-70-35-74-84-60-68-81-54-6-2-59-80-56-86-20-93-29-83-91-63-57-51-4-26-88-47-82-18-23-19-49-95-1-43-48-13-24-77-79-7-34-42-96-89-73-44
Ta100x20,5,1,100,0.9625,0.025,8,2230508273,17000,6536,6377,6009,1.629812916,v2_avx512bw_vec32_exact_perm,64-14-98-50-38-28-11-62-32-69-97-45-12-6-26-71-3-33-70-46-36-23-90-16-56-94-35-74-1-100-80-59-30-2-37-65-72-78-84-10-85-92-41-40-76-51-5-48-53-20-13-95-87-57-52-25-8-86-4-63-93-21-99-24-68-22-58-42-55-49-91-31-9-34-81-17-61-29-66-75-47-15-88-43-39-27-96-7-60-82-19-77-89-79-73-44-83-54-67-18
Ta100x20,5,1,100,0.9625,0.025,9,2230509282,17000,6539,6377,6009,1.437621893,v2_avx512bw_vec32_exact_perm,14-16-64-94-11-65-97-62-15-5-41-30-70-39-38-91-37-12-80-98-69-1-25-3-53-85-66-51-10-42-2-72-92-28-95-46-32-45-52-61-36-68-13-40-20-21-57-33-18-82-48-56-31-76-90-4-23-100-34-74-50-26-47-93-58-84-43-9-49-67-83-6-86-59-79-54-55-87-71-96-81-27-29-60-8-35-88-99-19-24-22-75-17-78-73-7-77-89-44-63
Ta100x20,5,1,100,0.9625,0.025,10,2230510291,17000,6587,6377,6009,1.703962393,v2_avx512bw_vec32_exact_perm,64-25-32-16-10-98-14-28-11-65-90-94-35-76-39-69-61-50-62-66-1-53-58-30-80-54-15-41-38-8-87-37-6-92-12-9-49-100-85-96-68-33-26-52-72-56-60-5-99-2-74-31-70-97-27-23-46-34-48-3-51-13-59-82-45-42-84-4-21-79-40-88-47-57-71-77-24-78-20-89-75-91-19-67-17-81-86-83-18-22-29-63-93-95-7-55-43-36-73-44
Ta100x20,5,1,100,0.9625,0.05,1,2230501210,17000,6564,6377,6009,1.481880727,v2_avx512bw_vec32_exact_perm,14-50-64-5-97-69-33-32-11-3-98-30-82-62-81-39-12-78-4-90-26-94-53-72-56-57-28-38-58-75-37-16-76-25-15-91-2-6-46-1-55-41-52-61-10-8-60-71-36-35-86-87-20-85-17-49-31-18-65-74-45-99-67-21-80-27-73-9-59-89-70-34-29-92-96-95-84-7-47-23-77-51-88-40-100-48-68-83-66-43-24-22-93-13-42-19-79-54-63-44
Ta100x20,5,1,100,0.9625,0.05,2,2230502219,17000,6534,6377,6009,1.416264728,v2_avx512bw_vec32_exact_perm,33-10-98-11-64-50-46-12-65-32-36-97-95-13-58-62-70-5-74-35-53-30-76-14-90-28-72-87-15-38-66-94-3-60-1-81-69-80-31-56-21-4-92-68-29-8-99-40-41-37-22-54-25-75-71-84-78-100-45-88-47-93-49-86-39-91-59-82-18-61-17-16-43-24-34-42-26-9-57-48-79-85-83-27-96-23-2-89-51-6-19-77-63-52-20-55-7-67-73-44
Ta100x20,5,1,100,0.9625,0.05,3,2230503228,17000,6537,6377,6009,1.580255074,v2_avx512bw_vec32_exact_perm,14-50-12-78-32-64-10-5-97-11-94-8-90-45-96-35-33-74-65-69-58-28-37-85-84-76-86-36-25-52-23-51-70-2-3-30-38-72-92-27-98-46-39-15-4-40-6-21-1-49-68-54-73-53-87-99-18-80-16-9-60-67-59-17-13-79-26-56-31-91-82-41-100-22-55-20-66-89-29-83-34-44-95-75-57-42-81-61-71-47-43-48-24-88-19-93-62-7-77-63
Ta100x20,5,1,100,0.9625,0.05,4,2230504237,17000,6558,6377,6009,1.460150842,v2_avx512bw_vec32_exact_perm,14-64-50-51-45-39-62-32-33-90-3-30-98-38-70-41-16-37-57-28-100-12-85-46-56-76-54-31-53-94-81-75-2-40-55-79-4-65-18-23-58-36-15-67-6-72-27-11-21-88-22-13-17-74-61-91-1-29-71-60-8-99-42-96-49-9-80-59-66-95-92-77-47-68-52-69-48-35-10-43-34-97-73-86-87-93-82-26-89-20-83-5-24-7-78-19-84-63-25-44
Ta100x20,5,1,100,0.9625,0.05,5,2230505246,17000,6550,6377,6009,1.661655847,v2_avx512bw_vec32_exact_perm,10-98-25-50-33-78-85-12-97-94-64-18-22-5-76-11-27-87-62-32-74-14-39-99-65-71-3-66-72-36-1-52-49-70-30-38-41-37-21-16-28-31-56-81-45-51-80-55-15-82-84-88-69-58-47-2-9-92-29-26-53-60-4-59-90-54-35-79-23-95-96-100-93-13-61-46-40-6-24-57-63-7-77-68-19-83-48-8-86-75-42-17-43-20-91-89-34-67-73-44
Ta100x20,5,1,100,0.9625,0.05,6,2230506255,17000,6530,6377,6009,1.603672389,v2_avx512bw_vec32_exact_perm,33-10-5-64-30-38-28-62-50-14-71-98-3-11-70-39-95-32-97-78-69-58-1-80-75-16-9-49-18-82-85-74-45-20-46-65-15-90-2-76-94-12-23-100-47-52-99-34-86-88-42-36-56-41-48-25-29-7-59-17-31-8-43-60-72-66-26-93-68-21-22-13-40-87-92-4-83-24-91-51-37-96-57-53-55-6-54-63-81-27-61-35-84-89-79-19-77-73-44-67
Ta100x20,5,1,100,0.9625,0.05,7,2230507264,17000,6604,6377,6009,1.527504639,v2_avx512bw_vec32_exact_perm,64-62-98-30-15-28-10-16-70-9-11-61-56-90-32-97-3-69-89-14-74-50-39-76-72-46-37-33-1-8-38-21-42-27-13-41-49-36-71-5-20-24-22-88-12-57-52-58-6-18-26-48-40-17-66-85-86-80-44-65-59-53-2-31-91-45-87-81-4-51-93-95-83-82-94-92-99-47-29-75-79-78-55-73-100-68-34-35-23-7-60-77-43-84-19-96-54-67-25-63
Ta100x20,5,1,100,0.9625,0.05,8,2230508273,17000,6550,6377,6009,1.478408116,v2_avx512bw_vec32_exact_perm,14-38-62-50-5-98-30-46-12-32-41-96-94-51-8-72-71-10-64-56-33-36-37-85-97-58-28-15-69-74-1-80-53-95-39-27-70-49-35-16-17-47-6-52-93-87-65-11-4-91-42-20-25-2-76-31-86-21-44-26-73-60-90-66-23-57-59-68-54-100-3-22-13-29-45-67-83-9-7-81-99-40-92-78-84-89-75-82-55-88-19-24-43-34-48-77-79-61-63-18
Ta100x20,5,1,100,0.9625,0.05,9,2230509282,17000,6518,6377,6009,1.514240536,v2_avx512bw_vec32_exact_perm,14-64-62-5-74-33-9-50-90-12-28-92-98-69-97-37-72-71-94-32-15-16-99-10-51-56-2-75-3-78-39-70-57-38-53-36-8-6-46-68-17-59-65-45-4-96-11-49-20-52-25-87-40-85-43-76-47-41-66-81-31-27-21-48-58-1-18-61-13-80-100-34-86-23-84-93-22-82-67-88-29-55-26-89-79-60-19-24-42-54-83-95-35-30-7-77-63-91-73-44
Ta100x20,5,1,100,0.9625,0.05,10,2230510291,17000,6526,6377,6009,1.660952064,v2_avx512bw_vec32_exact_perm,14-33-64-50-11-94-85-97-69-98-79-61-99-10-90-15-2-39-62-46-56-57-38-12-17-65-32-67-71-3-1-76-20-21-53-72-52-16-100-5-8-45-9-74-4-27-49-37-96-92-6-87-93-28-18-34-86-82-81-36-59-41-58-31-48-75-40-95-22-29-7-26-54-51-35-83-66-47-70-42-80-30-88-25-19-23-24-60-43-68-89-73-55-13-84-78-44-91-77-63
Ta100x20,5,1,100,0.9625,0.075,1,2230501210,17000,6520,6377,6009,1.495969248,v2_avx512bw_vec32_exact_perm,14-62-65-38-50-12-32-94-11-72-97-64-30-98-69-56-71-2-5-76-16-1-10-52-35-66-51-80-36-33-9-6-100-70-42-41-59-26-53-90-28-95-3-37-85-25-15-49-4-46-23-8-47-54-39-27-29-48-83-78-22-17-99-31-93-74-44-58-13-21-82-45-57-96-40-61-7-92-86-87-67-88-73-60-77-81-20-75-43-34-84-79-24-91-55-68-19-89-63-18
Ta100x20,5,1,100,0.9625,0.075,2,2230502219,17000,6551,6377,6009,1.467531418,v2_avx512bw_vec32_exact_perm,10-98-14-33-50-11-39-62-32-64-94-74-90-72-36-35-5-30-46-1-52-70-97-78-12-60-81-59-61-45-16-8-17-58-68-21-15-69-76-87-71-99-37-23-65-9-49-38-6-40-92-86-4-26-53-73-91-82-22-29-66-57-28-96-51-3-25-27-75-2-95-80-31-85-93-47-83-41-43-88-20-100-56-34-42-13-48-84-24-89-77-79-44-19-7-55-54-67-63-18
Ta100x20,5,1,100,0.9625,0.075,3,2230503228,17000,6482,6377,6009,1.370475023,v2_avx512bw_vec32_exact_perm,33-64-14-50-16-62-10-5-38-98-94-70-39-71-3-32-97-69-11-72-8-41-27-58-45-12-85-21-25-60-53-1-54-81-4-66-46-80-55-17-36-37-51-35-56-2-68-29-28-31-6-23-49-52-84-44-76-65-95-90-57-87-15-22-74-91-99-92-96-93-34-40-79-61-13-47-82-83-48-86-20-59-100-89-88-26-67-75-24-42-73-43-9-30-78-7-19-77-63-18
Ta100x20,5,1,100,0.9625,0.075,4,2230504237,17000,6562,6377,6009,1.570206219,v2_avx512bw_vec32_exact_perm,25-74-64-11-50-10-97-12-98-85-14-94-16-38-99-33-21-62-32-30-81-31-69-23-2-72-65-1-46-76-60-87-36-52-35-15-70-6-3-40-5-86-28-90-20-92-55-66-61-47-89-79-27-88-51-95-68-29-9-41-49-26-63-53-93-82-4-58-59-100-45-22-39-8-7-91-43-71-17-37-96-77-75-24-57-78-84-83-56-80-73-44-34-13-19-42-48-18-54-67
Ta100x20,5,1,100,0.9625,0.075,5,2230505246,17000,6551,6377,6009,1.436580525,v2_avx512bw_vec32_exact_perm,14-98-64-11-50-38-12-97-3-30-32-41-99-33-56-51-85-10-15-23-58-94-65-40-46-69-1-54-87-52-8-9-21-49-16-72-22-53-4-70-27-96-37-29-59-71-76-2-77-39-95-20-35-6-66-57-74-42-31-80-45-43-5-60-92-89-88-90-13-36-91-28-47-17-81-61-73-68-100-86-26-93-84-55-82-19-24-78-62-25-7-48-75-83-44-79-34-67-63-18
Ta100x20,5,1,100,0.9625,0.075,6,2230506255,17000,6538,6377,6009,1.49657709,v2_avx512bw_vec32_exact_perm,33-98-64-51-14-17-5-38-97-70-94-90-41-88-39-62-49-37-1-85-28-10-16-56-58-11-65-95-50-32-27-79-61-36-12-46-86-26-4-30-23-99-76-47-52-69-31-72-2-59-60-92-53-100-45-42-20-80-9-66-71-57-44-8-81-24-93-96-75-74-6-21-15-13-3-40-55-43-68-48-34-87-22-82-35-63-25-29-7-77-89-91-19-83-78-73-84-54-67-18
Ta100x20,5,1,100,0.9625,0.075,7,2230507264,17000,6573,6377,6009,1.834930474,v2_avx512bw_vec32_exact_perm,51-98-14-64-56-69-97-33-5-80-38-94-12-85-61-39-72-50-16-27-6-11-70-15-13-96-28-62-32-35-100-60-84-2-52-81-45-8-25-92-3-86-30-10-41-23-36-58-22-37-29-66-9-46-74-4-49-42-87-76-31-57-40-65-82-1-20-78-68-21-24-59-79-55-71-48-90-17-88-19-26-99-67-47-75-91-53-18-73-89-83-95-93-77-7-44-34-43-54-63
Ta100x20,5,1,100,0.9625,0.075,8,2230508273,17000,6562,6377,6009,1.569447455,v2_avx512bw_vec32_exact_perm,64-51-32-14-22-18-94-98-50-1-2-39-97-62-95-81-10-12-80-87-56-71-100-72-11-70-21-3-9-37-99-74-8-49-46-36-52-29-66-42-69-45-30-41-33-28-75-40-77-82-85-31-65-60-16-4-92-86-38-5-54-13-23-59-76-53-25-84-20-90-15-47-6-83-26-27-61-55-91-96-35-88-17-44-57-79-73-93-48-68-58-43-7-19-24-78-34-89-63-67
Ta100x20,5,1,100,0.9625,0.075,9,2230509282,17000,6533,6377,6009,1.609777269,v2_avx512bw_vec32_exact_perm,14-5-64-11-94-98-71-50-41-12-97-8-10-74-2-87-54-3-38-65-70-20-85-16-80-39-1-24-69-92-25-56-28-52-37-76-59-35-58-31-34-21-32-72-4-53-49-42-46-91-18-61-100-13-45-62-81-36-79-51-86-29-23-73-40-66-55-6-96-57-17-90-15-84-27-22-95-33-43-68-9-99-82-83-75-26-88-44-60-47-63-93-19-89-7-77-48-78-30-67
Ta100x20,5,1,100,0.9625,0.075,10,2230510291,17000,6510,6377,6009,1.683177105,v2_avx512bw_vec32_exact_perm,14-64-51-98-50-32-97-11-12-30-42-41-94-56-5-18-74-1-45-49-89-69-58-85-16-10-61-52-6-23-28-33-36-13-2-3-4-90-76-15-44-72-17-57-96-66-100-39-37-70-46-27-65-59-82-26-9-25-48-71-62-55-88-21-92-73-95-8-87-86-35-31-40-7-78-99-29-47-20-53-93-80-84-91-24-22-83-60-67-68-77-79-19-81-38-34-75-43-54-63
Ta100x20,5,1,100,0.9625,0.1,1,2230501210,17000,6574,6377,6009,1.433143623,v2_avx512bw_vec32_exact_perm,51-14-64-32-50-97-94-90-56-39-42-10-49-9-1-69-40-45-46-37-87-12-61-74-5-53-26-76-52-36-65-100-85-99-15-72-30-27-3-2-22-82-28-4-98-62-71-33-92-47-79-48-25-38-95-13-31-70-41-84-16-17-58-18-21-81-44-8-60-67-86-29-88-55-59-91-80-35-20-83-66-19-96-78-11-6-24-57-75-73-68-93-34-89-7-43-23-77-54-63
Ta100x20,5,1,100,0.9625,0.1,2,2230502219,17000,6553,6377,6009,1.46807696,v2_avx512bw_vec32_exact_perm,64-14-10-32-11-65-61-52-94-2-90-16-87-5-30-45-39-58-12-97-91-51-56-1-60-46-8-99-53-76-69-81-23-72-27-22-100-82-98-4-68-33-29-50-15-71-3-85-20-38-9-70-49-6-88-37-36-41-25-21-31-79-40-67-77-78-75-92-28-34-59-80-47-95-84-17-66-86-44-42-57-74-73-35-18-63-55-7-26-43-48-24-89-13-19-96-83-93-54-62
Ta100x20,5,1,100,0.9625,0.1,3,2230503228,17000,6514,6377,6009,1.586129617,v2_avx512bw_vec32_exact_perm,64-38-56-50-32-41-33-62-5-99-10-16-75-97-70-74-94-14-12-15-17-3-95-39-90-30-2-34-72-81-76-31-46-49-9-82-69-53-59-91-52-27-96-65-57-25-11-8-40-68-21-86-28-22-42-98-4-23-36-58-37-51-6-77-84-55-80-60-85-92-1-13-79-61-20-66-87-71-47-88-45-100-89-78-29-93-26-7-48-83-54-44-35-43-24-73-19-63-18-67
Ta100x20,5,1,100,0.9625,0.1,4,2230504237,17000,6476,6377,6009,1.446533103,v2_avx512bw_vec32_exact_perm,98-51-32-30-64-14-28-12-17-11-10-50-38-97-8-70-16-3-29-36-74-25-94-95-61-46-88-1-58-54-59-56-68-2-33-52-76-39-49-13-41-4-100-65-81-40-92-20-53-72-21-37-45-15-69-62-47-90-23-6-99-96-26-31-35-60-55-80-66-42-85-27-44-71-48-22-82-5-84-79-24-57-86-43-9-73-67-87-93-34-89-91-75-77-83-78-7-19-63-18
Ta100x20,5,1,100,0.9625,0.1,5,2230505246,17000,6512,6377,6009,1.673228377,v2_avx512bw_vec32_exact_perm,25-98-50-14-28-1-74-5-24-33-85-39-16-56-94-52-32-12-6-41-49-64-62-10-8-87-37-38-61-2-47-69-65-11-72-60-21-99-30-90-15-81-97-70-18-54-35-92-53-31-23-48-27-46-88-82-36-45-51-86-59-40-100-76-26-68-22-13-58-43-9-42-20-66-29-7-4-34-73-67-17-75-55-80-95-57-71-78-84-3-93-79-44-83-89-91-19-96-77-63
Ta100x20,5,1,100,0.9625,0.1,6,2230506255,17000,6553,6377,6009,1.458142697,v2_avx512bw_vec32_exact_perm,10-51-14-64-32-50-98-62-11-90-15-30-27-42-99-3-65-4-69-39-92-94-66-21-5-33-76-47-16-2-38-72-97-8-71-81-12-45-53-1-79-82-20-58-28-44-56-36-46-68-6-26-17-35-41-59-60-96-70-87-40-37-85-31-86-22-100-23-55-80-29-93-95-48-88-57-52-61-13-24-49-25-74-19-9-83-91-78-73-84-43-54-7-34-77-89-75-63-18-67
Ta100x20,5,1,100,0.9625,0.1,7,2230507264,17000,6539,6377,6009,1.39646542,v2_avx512bw_vec32_exact_perm,33-14-98-64-11-69-65-32-96-28-50-90-94-25-12-45-3-51-56-9-21-85-10-74-76-1-4-47-87-39-40-70-52-20-35-49-100-38-22-97-8-53-71-59-92-34-72-99-17-15-61-67-37-82-73-13-66-23-36-58-41-16-5-31-26-7-29-68-27-48-88-2-46-86-93-57-44-78-75-80-55-84-60-95-54-81-6-83-43-30-42-77-79-24-89-91-19-62-63-18
Ta100x20,5,1,100,0.9625,0.1,8,2230508273,17000,6567,6377,6009,1.515179604,v2_avx512bw_vec32_exact_perm,98-10-14-45-97-70-64-18-94-12-82-50-39-32-46-30-2-16-76-11-72-62-1-56-38-25-92-65-69-95-28-85-24-33-41-84-91-71-60-8-29-47-99-42-6-15-52-88-61-36-53-20-57-37-80-13-96-17-59-78-31-58-26-44-22-7-55-66-9-34-35-21-4-86-51-23-79-49-40-75-73-89-100-5-3-43-68-87-27-48-74-81-19-63-93-90-83-77-54-67
Ta100x20,5,1,100,0.9625,0.1,9,2230509282,17000,6494,6377,6009,1.692806502,v2_avx512bw_vec32_exact_perm,33-14-64-50-38-62-98-70-16-32-25-37-73-28-90-1-79-45-12-94-97-3-78-39-69-59-21-56-65-4-52-15-35-36-74-29-27-61-13-72-11-92-46-83-76-85-31-26-17-95-8-42-88-20-5-89-58-66-54-87-55-51-6-75-49-41-40-53-9-84-22-91-18-57-71-80-67-60-86-2-68-47-99-10-23-19-82-96-100-30-81-93-77-7-43-34-48-24-63-44
Ta100x20,5,1,100,0.9625,0.1,10,2230510291,17000,6526,6377,6009,1.816716506,v2_avx512bw_vec32_exact_perm,33-14-64-25-28-98-71-70-74-50-10-21-16-52-11-81-76-4-12-65-85-96-56-36-27-40-39-90-20-49-62-68-72-97-15-37-82-99-80-1-22-3-29-87-66-69-9-94-46-92-53-61-38-8-45-34-42-47-41-26-13-58-31-23-32-67-60-59-6-89-54-83-88-5-51-86-91-84-95-2-17-44-43-48-35-75-100-93-30-24-7-77-63-57-79-73-55-19-78-18
Ta100x20,5,1,100,0.9625,0.125,1,2230501210,17000,6536,6377,6009,1.464222954,v2_avx512bw_vec32_exact_perm,51-32-33-50-11-14-39-94-98-2-62-38-72-70-16-12-95-69-67-35-76-58-28-1-10-56-100-53-5-79-8-52-21-20-17-59-81-9-37-87-65-46-13-54-64-71-49-73-68-15-90-23-30-3-91-92-82-31-41-66-22-45-47-75-60-43-99-40-97-48-29-4-80-34-57-74-42-27-26-85-61-88-96-55-36-6-24-7-86-25-19-93-77-84-89-63-83-18-78-44
Ta100x20,5,1,100,0.9625,0.125,2,2230502219,17000,6566,6377,6009,1.365513352,v2_avx512bw_vec32_exact_perm,64-33-5-50-11-62-14-99-98-10-52-94-12-16-65-97-74-32-39-45-2-15-60-1-90-72-30-80-75-92-36-37-58-6-38-17-28-49-42-69-13-40-93-78-22-41-84-21-44-71-77-76-47-91-68-81-53-4-20-85-61-3-86-51-56-26-31-66-70-46-35-95-29-27-96-59-100-8-83-9-43-63-82-73-57-18-7-48-89-88-25-19-24-23-34-87-55-79-54-67
Ta100x20,5,1,100,0.9625,0.125,3,2230503228,17000,6515,6377,6009,1.389364455,v2_avx512bw_vec32_exact_perm,10-51-14-33-64-94-11-62-98-2-74-32-97-22-12-58-85-69-52-76-95-28-1-82-72-39-70-15-37-42-99-18-61-6-36-16-56-21-45-13-53-38-49-57-25-59-71-8-41-66-50-96-83-65-17-9-20-87-100-3-91-55-80-5-34-4-81-26-47-67-27-79-46-31-35-60-92-23-40-30-68-78-29-75-88-54-84-43-86-93-48-24-63-90-19-7-77-89-73-44
Ta100x20,5,1,100,0.9625,0.125,4,2230504237,17000,6565,6377,6009,1.732219467,v2_avx512bw_vec32_exact_perm,51-14-33-12-10-32-36-30-98-42-81-22-38-50-27-41-94-49-61-97-16-74-56-64-15-70-1-80-95-58-69-37-39-65-28-72-71-21-85-57-11-76-44-66-17-20-47-90-86-78-23-4-8-46-87-100-3-2-31-5-79-53-25-45-62-63-52-48-9-59-60-93-13-6-96-75-34-99-26-83-35-68-29-92-84-24-89-88-55-19-40-82-67-91-77-7-43-73-54-18
Ta100x20,5,1,100,0.9625,0.125,5,2230505246,17000,6522,6377,6009,1.793875045,v2_avx512bw_vec32_exact_perm,33-14-98-11-64-50-16-32-27-30-97-12-58-95-94-61-18-1-79-85-65-10-57-53-8-90-69-47-2-74-17-38-72-99-28-52-62-20-100-9-70-51-45-81-46-31-80-37-23-6-88-42-49-55-15-76-5-66-67-86-41-63-25-93-4-87-60-39-71-22-36-75-29-56-26-83-54-59-3-13-21-40-92-48-68-82-35-73-24-34-89-91-84-78-19-7-43-96-77-44
Ta100x20,5,1,100,0.9625,0.125,6,2230506255,17000,6576,6377,6009,1.812272879,v2_avx512bw_vec32_exact_perm,25-14-64-33-70-50-81-38-58-16-98-30-32-17-12-46-97-72-56-54-52-71-100-91-39-2-37-10-5-68-87-65-69-15-85-28-3-66-22-1-74-27-21-40-11-99-76-90-35-59-24-49-13-80-61-44-53-60-31-23-29-51-45-55-82-57-20-41-8-42-88-4-79-36-26-47-92-86-94-63-43-78-75-73-9-34-48-84-6-83-93-62-95-67-77-7-19-89-96-18
Ta100x20,5,1,100,0.9625,0.125,7,2230507264,17000,6557,6377,6009,1.863882314,v2_avx512bw_vec32_exact_perm,25-33-74-98-5-10-12-64-32-50-46-76-45-62-2-16-38-94-97-37-11-70-84-72-52-21-1-28-18-56-8-53-49-42-78-30-39-41-69-31-3-86-85-93-27-65-82-35-36-51-17-20-58-22-61-9-100-79-13-47-14-92-23-4-87-80-15-24-71-55-81-66-54-48-29-88-59-89-7-40-6-77-73-60-26-67-75-83-95-57-68-19-99-63-91-90-43-34-96-44
Ta100x20,5,1,100,0.9625,0.125,8,2230508273,17000,6491,6377,6009,1.864018608,v2_avx512bw_vec32_exact_perm,64-14-74-62-98-50-99-69-33-38-70-39-91-94-65-3-12-49-52-36-78-85-28-10-11-100-56-97-61-51-32-76-53-95-35-4-41-60-30-90-1-23-15-66-72-46-17-16-8-5-2-47-37-31-45-21-75-57-68-79-9-81-29-40-27-86-77-71-22-59-80-20-44-73-58-67-82-92-6-26-55-88-83-34-84-13-42-54-48-24-25-43-87-93-96-7-19-89-63-18
Ta100x20,5,1,100,0.9625,0.125,9,2230509282,17000,6536,6377,6009,1.653305375,v2_avx512bw_vec32_exact_perm,25-38-33-32-50-11-87-94-64-12-30-97-98-69-3-85-14-28-39-27-90-10-65-1-2-72-41-36-53-74-60-22-52-17-20-21-16-13-35-100-15-4-56-92-29-37-54-96-8-46-6-55-45-82-49-44-61-31-26-68-75-81-76-5-70-24-51-71-48-59-9-89-95-88-83-34-80-58-66-40-67-7-47-78-57-86-93-19-79-73-42-99-23-84-91-43-62-77-63-18
Ta100x20,5,1,100,0.9625,0.125,10,2230510291,17000,6493,6377,6009,1.695172543,v2_avx512bw_vec32_exact_perm,64-14-33-32-98-11-12-97-61-65-50-62-90-41-94-74-1-76-30-38-39-49-6-15-96-56-69-25-28-3-66-53-52-16-58-8-10-5-75-80-31-34-85-45-84-100-2-67-72-68-55-29-51-17-87-81-92-95-27-9-26-46-70-42-20-4-93-21-47-71-86-88-37-77-79-44-35-60-59-23-91-99-40-57-22-82-36-48-43-13-24-83-73-89-78-7-19-54-63-18
Ta100x20,5,1,100,1.0,0.025,1,2230501210,17000,6574,6377,6009,1.673391251,v2_avx512bw_vec32_exact_perm,33-5-64-65-94-11-97-50-12-30-38-28-98-69-14-99-100-45-74-39-3-22-49-90-71-72-10-32-1-2-87-46-20-52-6-91-70-40-37-36-92-73-78-56-47-41-31-59-17-21-81-8-83-68-60-88-61-66-48-57-53-27-44-16-75-79-15-67-76-9-25-4-51-23-24-35-93-85-29-95-26-58-34-96-55-77-7-82-84-43-86-63-89-19-80-18-42-13-54-62
Ta100x20,5,1,100,1.0,0.025,2,2230502219,17000,6518,6377,6009,1.605946173,v2_avx512bw_vec32_exact_perm,33-64-5-11-98-85-16-61-50-3-12-10-32-51-97-1-99-38-30-57-21-74-15-27-96-72-37-9-58-2-69-76-46-71-14-8-45-39-100-56-94-68-41-65-44-75-49-53-88-82-52-22-36-20-4-23-40-66-6-28-67-60-90-70-59-62-81-18-80-31-92-89-29-43-95-47-87-84-13-86-17-55-42-54-26-25-79-91-73-48-35-19-24-93-7-83-78-34-77-63
Ta100x20,5,1,100,1.0,0.025,3,2230503228,17000,6578,6377,6009,1.430621903,v2_avx512bw_vec32_exact_perm,14-64-70-51-28-56-5-41-67-42-61-46-74-12-98-9-2-50-97-58-38-33-4-100-32-17-8-16-72-99-65-54-10-15-85-39-52-66-36-69-49-92-86-96-93-13-60-53-1-45-75-21-31-80-37-11-81-6-55-76-88-59-87-91-94-71-40-34-35-48-62-29-90-26-20-22-84-79-68-27-83-95-57-82-3-73-25-47-23-7-19-30-78-77-18-89-43-24-63-44
Ta100x20,5,1,100,1.0,0.025,4,2230504237,17000,6497,6377,6009,1.654566055,v2_avx512bw_vec32_exact_perm,51-98-14-64-94-62-38-50-97-69-28-5-74-16-10-72-65-36-85-32-90-12-49-17-81-31-76-56-11-95-21-1-23-4-68-99-3-58-46-60-71-8-47-2-29-30-24-39-41-6-33-70-53-52-20-61-22-44-27-54-15-86-25-75-80-26-59-13-96-88-40-34-37-35-45-100-87-93-55-92-83-48-82-42-66-57-43-9-89-91-79-84-78-19-73-67-7-77-63-18
Ta100x20,5,1,100,1.0,0.025,5,2230505246,17000,6502,6377,6009,1.735104238,v2_avx512bw_vec32_exact_perm,64-5-50-11-14-12-98-17-36-16-30-38-90-94-72-75-91-37-39-32-62-100-3-41-1-56-46-69-65-58-2-52-76-31-6-28-9-71-21-22-99-10-53-59-34-15-80-81-60-77-85-87-95-33-4-97-8-29-45-74-61-40-88-57-51-42-66-70-20-47-82-92-89-54-44-13-23-86-26-68-93-78-84-24-35-83-79-49-25-27-96-55-43-73-7-48-19-67-63-18
Ta100x20,5,1,100,1.0,0.025,6,2230506255,17000,6621,6377,6009,1.417498275,v2_avx512bw_vec32_exact_perm,51-12-98-30-64-14-74-94-58-5-97-32-1-39-69-37-87-24-91-50-10-11-28-3-38-60-65-36-81-85-54-18-61-67-13-46-100-76-41-8-99-25-52-79-62-57-70-90-71-27-45-47-23-59-80-72-15-2-31-88-53-68-22-17-48-78-49-29-9-34-92-4-89-21-75-73-66-16-77-26-55-95-84-56-6-19-35-33-7-42-82-40-43-86-20-93-96-83-63-44
Ta100x20,5,1,100,1.0,0.025,7,2230507264,17000,6521,6377,6009,1.467382579,v2_avx512bw_vec32_exact_perm,14-11-64-76-33-50-97-32-17-39-90-94-16-10-27-61-87-51-30-38-72-91-12-28-56-21-52-36-8-100-70-44-41-98-69-95-74-1-79-5-86-2-23-62-65-15-31-4-53-75-58-3-92-9-37-82-59-85-96-49-20-40-22-71-81-93-6-18-26-47-13-80-77-99-46-55-45-67-29-42-66-84-60-78-83-35-88-57-68-54-89-25-19-48-24-7-43-73-34-63
Ta100x20,5,1,100,1.0,0.025,8,2230508273,17000,6615,6377,6009,1.452249382,v2_avx512bw_vec32_exact_perm,14-10-33-38-98-32-97-70-46-64-12-5-24-50-80-11-9-56-58-94-95-52-16-41-69-1-27-26-8-72-99-74-61-76-85-49-100-22-36-18-39-62-29-37-28-6-89-65-45-21-84-34-44-53-88-82-31-2-42-92-17-13-78-3-4-35-90-20-91-59-87-40-7-86-15-54-81-67-73-66-47-71-55-57-75-93-43-48-79-60-68-23-19-77-96-30-83-25-51-63
Ta100x20,5,1,100,1.0,0.025,9,2230509282,17000,6513,6377,6009,1.473945482,v2_avx512bw_vec32_exact_perm,14-33-64-32-5-30-97-12-10-81-11-70-39-94-98-69-57-52-61-1-60-18-87-2-65-72-37-80-16-28-51-59-68-27-85-76-49-42-3-36-22-74-24-50-9-46-82-92-38-4-62-15-23-41-100-13-66-21-31-79-8-45-96-40-25-17-90-20-58-47-71-89-6-55-73-56-86-29-91-84-83-75-95-88-34-77-53-48-35-99-7-26-63-93-78-19-44-43-54-67
Ta100x20,5,1,100,1.0,0.025,10,2230510291,17000,6483,6377,6009,1.940743848,v2_avx512bw_vec32_exact_perm,33-64-14-98-11-94-58-50-38-16-70-12-85-97-69-15-81-30-41-10-61-37-24-68-28-32-25-21-56-72-71-62-53-74-5-76-59-17-96-1-66-3-8-39-90-22-27-40-6-52-36-92-26-86-35-29-45-4-63-23-2-31-88-89-91-46-60-75-73-55-51-9-57-82-84-65-49-20-43-47-78-44-13-42-99-34-80-83-95-7-19-48-79-87-100-93-54-67-77-18
Ta100x20,5,1,100,1.0,0.05,1,2230501210,17000,6511,6377,6009,1.51961875,v2_avx512bw_vec32_exact_perm,33-5-64-62-85-14-16-10-50-97-11-98-69-28-74-61-39-37-38-76-32-96-56-2-12-24-46-15-70-75-82-36-29-45-53-72-31-21-22-71-60-35-51-88-99-17-92-95-87-52-94-9-80-59-91-40-68-49-4-1-79-8-100-63-66-25-65-27-57-47-43-81-78-93-41-34-42-20-30-3-90-84-7-86-55-58-13-54-23-83-48-6-19-77-89-26-73-44-67-18
Ta100x20,5,1,100,1.0,0.05,2,2230502219,17000,6549,6377,6009,1.415026787,v2_avx512bw_vec32_exact_perm,25-33-5-14-64-2-10-74-97-50-98-99-12-72-51-17-56-91-11-60-53-32-3-85-61-38-30-78-15-39-18-83-69-46-8-9-21-92-58-76-1-52-20-49-28-88-36-37-79-23-65-31-82-94-27-81-59-96-24-70-66-42-57-29-86-4-54-16-55-47-93-35-26-45-68-75-41-48-90-84-22-6-71-40-19-80-100-95-44-43-13-87-62-7-34-77-89-63-73-67
Ta100x20,5,1,100,1.0,0.05,3,2230503228,17000,6522,6377,6009,1.661148541,v2_avx512bw_vec32_exact_perm,33-64-5-14-51-99-98-12-97-70-16-10-90-32-41-62-1-72-28-50-20-3-2-74-31-56-8-46-76-87-22-71-36-37-17-39-65-69-24-66-94-23-75-100-91-40-85-92-52-15-68-6-49-77-38-45-60-59-95-35-82-13-96-58-29-34-4-26-30-78-44-57-53-27-61-21-80-11-86-25-93-48-83-55-9-7-54-43-47-81-73-67-88-19-89-84-79-42-63-18
Ta100x20,5,1,100,1.0,0.05,4,2230504237,17000,6506,6377,6009,1.502254013,v2_avx512bw_vec32_exact_perm,51-14-5-50-97-33-30-38-61-94-64-16-90-32-92-10-98-65-28-12-2-39-69-100-56-41-1-46-76-8-95-25-13-87-17-21-71-53-15-23-37-31-79-72-70-96-18-9-49-36-52-3-66-29-91-75-11-6-40-48-4-45-74-62-86-58-81-26-44-60-93-85-34-80-47-42-20-59-35-82-84-27-43-24-22-88-57-89-83-68-78-73-7-77-19-99-63-55-54-67
Ta100x20,5,1,100,1.0,0.05,5,2230505246,17000,6568,6377,6009,1.403777252,v2_avx512bw_vec32_exact_perm,51-98-11-64-62-32-45-16-17-38-12-50-97-28-69-33-53-1-10-56-2-63-72-75-78-46-31-65-57-4-26-52-18-21-85-76-5-15-23-58-60-81-66-94-14-87-41-37-67-39-70-40-59-68-88-74-49-77-95-36-71-6-3-90-13-83-54-27-96-8-82-20-92-47-35-29-99-34-80-86-73-55-61-22-30-100-48-89-25-7-93-84-43-24-91-19-79-42-9-44
Ta100x20,5,1,100,1.0,0.05,6,2230506255,17000,6537,6377,6009,1.758984522,v2_avx512bw_vec32_exact_perm,25-14-32-64-10-11-50-98-69-97-94-16-53-72-61-74-62-27-99-70-39-5-15-37-65-85-56-51-28-82-12-34-77-47-100-8-45-38-41-35-4-3-31-22-76-58-18-44-21-1-79-17-26-78-59-46-84-95-92-49-52-68-36-54-23-75-29-60-81-40-13-2-6-33-42-96-66-88-24-55-91-57-71-19-80-20-48-43-86-87-73-93-7-90-30-83-89-63-9-67
Ta100x20,5,1,100,1.0,0.05,7,2230507264,17000,6488,6377,6009,1.745539965,v2_avx512bw_vec32_exact_perm,14-64-32-38-28-50-51-98-69-97-99-11-61-74-3-49-39-5-56-46-68-70-1-76-90-30-58-94-100-65-52-41-22-54-12-37-36-86-8-81-17-10-72-85-53-2-45-33-31-34-62-80-23-13-15-95-59-60-35-4-16-27-91-21-92-40-48-89-67-25-6-93-82-88-71-57-55-42-20-66-47-29-26-7-78-43-84-24-63-77-18-75-87-83-79-73-9-19-96-44
Ta100x20,5,1,100,1.0,0.05,8,2230508273,17000,6516,6377,6009,1.67899734,v2_avx512bw_vec32_exact_perm,14-98-11-64-32-50-69-41-16-30-5-20-58-39-27-49-78-94-97-90-28-85-12-3-37-1-56-52-62-35-4-76-33-22-87-53-80-10-15-2-9-46-67-13-21-31-65-100-72-42-45-71-77-26-66-38-6-60-36-63-70-96-8-25-81-24-34-59-23-40-82-88-68-57-54-89-29-92-51-95-75-47-17-84-43-74-86-93-48-79-91-44-83-99-19-73-7-61-55-18
Ta100x20,5,1,100,1.0,0.05,9,2230509282,17000,6528,6377,6009,1.564996701,v2_avx512bw_vec32_exact_perm,25-98-64-50-10-5-11-69-21-12-45-62-85-100-95-30-41-28-56-15-37-46-2-74-94-42-33-8-97-91-72-51-39-70-54-52-1-38-58-66-48-65-84-90-59-17-47-88-55-76-14-36-71-32-86-81-6-3-99-31-29-57-16-75-40-92-22-82-20-53-13-23-4-26-24-96-93-35-60-34-87-79-73-61-43-68-27-80-9-19-77-7-78-49-83-67-89-63-18-44
Ta100x20,5,1,100,1.0,0.05,10,2230510291,17000,6553,6377,6009,1.64914371,v2_avx512bw_vec32_exact_perm,14-64-5-11-62-32-39-69-38-50-98-10-16-70-76-90-1-49-80-68-12-2-56-31-3-79-97-95-15-85-33-52-6-28-27-36-61-65-41-4-74-77-84-60-46-45-47-37-20-23-99-21-55-40-29-22-18-87-91-100-17-8-53-44-42-26-92-72-59-51-93-54-71-48-75-35-94-58-30-9-66-82-88-34-83-81-86-43-96-73-7-24-57-63-13-89-25-19-78-67
Ta100x20,5,1,100,1.0,0.075,1,2230501210,17000,6517,6377,6009,1.607457853,v2_avx512bw_vec32_exact_perm,25-51-32-64-97-50-11-10-49-74-9-94-42-12-28-37-16-56-65-69-1-17-90-98-3-85-79-14-35-31-36-2-38-13-72-46-15-41-21-100-20-30-33-52-53-76-78-39-70-18-26-5-60-87-8-45-81-47-66-71-22-27-96-92-4-23-62-93-40-6-86-99-55-80-44-48-29-34-89-88-59-82-84-91-75-83-95-77-68-61-43-24-7-57-58-19-67-73-54-63
Ta100x20,5,1,100,1.0,0.075,2,2230502219,17000,6546,6377,6009,1.648790977,v2_avx512bw_vec32_exact_perm,11-56-64-32-76-16-14-30-41-62-38-61-9-51-10-2-52-97-98-12-69-26-33-50-74-94-1-80-15-90-72-66-39-65-70-81-13-47-36-17-25-49-85-53-31-3-22-71-45-88-95-99-87-28-18-5-60-21-8-4-46-93-86-75-58-35-54-55-37-59-27-48-82-92-96-29-84-100-91-89-42-6-24-77-43-20-57-63-34-23-83-79-40-68-44-78-7-19-73-67
Ta100x20,5,1,100,1.0,0.075,3,2230503228,17000,6563,6377,6009,1.481942709,v2_avx512bw_vec32_exact_perm,98-33-5-50-81-14-38-70-97-51-56-64-32-11-37-94-71-26-12-24-53-85-54-78-61-28-13-16-72-75-2-46-9-6-74-45-40-69-41-15-35-44-49-52-34-10-68-77-92-91-3-83-39-66-23-60-21-55-82-1-57-80-31-65-20-99-90-59-48-76-58-100-8-42-36-22-27-30-79-87-4-29-17-95-96-7-88-19-89-25-73-47-93-62-86-43-84-63-18-67
Ta100x20,5,1,100,1.0,0.075,4,2230504237,17000,6493,6377,6009,1.736713288,v2_avx512bw_vec32_exact_perm,14-98-64-11-28-62-32-58-30-41-12-5-97-94-74-99-69-15-17-39-53-95-50-10-33-87-65-90-52-88-36-45-21-81-31-78-70-56-1-2-68-73-46-8-100-26-72-71-9-85-76-63-25-49-38-57-3-84-6-55-40-79-82-20-22-29-93-86-59-91-16-23-51-4-92-66-96-83-37-13-24-61-34-35-60-75-43-47-27-42-54-44-80-7-19-77-48-89-18-67
Ta100x20,5,1,100,1.0,0.075,5,2230505246,17000,6567,6377,6009,1.397333901,v2_avx512bw_vec32_exact_perm,14-30-98-12-32-16-9-99-97-50-74-64-94-65-61-18-39-70-4-15-90-76-58-6-35-29-41-2-51-8-10-67-83-45-71-13-1-81-17-46-33-20-87-69-26-3-22-11-72-52-60-37-77-85-7-5-24-28-57-53-27-78-80-66-96-31-88-49-25-21-92-68-40-82-59-48-38-56-84-91-100-63-95-42-36-23-55-54-47-86-73-44-19-89-79-43-93-75-34-62
Ta100x20,5,1,100,1.0,0.075,6,2230506255,17000,6475,6377,6009,1.454711148,v2_avx512bw_vec32_exact_perm,14-98-11-64-32-69-97-1-38-78-30-50-41-10-49-16-22-12-94-82-56-96-85-52-20-3-66-68-33-28-17-72-70-31-37-58-36-90-34-39-76-81-62-25-88-15-6-99-46-59-27-21-9-51-8-42-57-45-74-100-2-83-23-47-65-4-93-29-35-60-92-75-95-61-53-13-79-5-73-40-24-43-55-80-44-71-86-77-87-7-48-89-84-91-26-19-54-67-63-18
Ta100x20,5,1,100,1.0,0.075,7,2230507264,17000,6502,6377,6009,1.575058909,v2_avx512bw_vec32_exact_perm,64-10-98-51-14-15-32-39-62-85-1-97-56-12-50-16-30-72-28-26-37-46-94-90-65-81-17-69-3-70-33-2-52-11-38-76-59-53-6-41-95-77-22-67-27-23-58-36-8-48-42-4-40-75-45-25-88-47-49-71-61-92-74-87-29-31-80-9-18-100-13-91-20-21-84-78-60-24-5-68-54-35-93-34-86-43-66-96-83-55-7-82-19-99-57-89-79-73-63-44
Ta100x20,5,1,100,1.0,0.075,8,2230508273,17000,6503,6377,6009,1.476997931,v2_avx512bw_vec32_exact_perm,64-14-10-70-38-65-50-71-94-12-74-97-32-62-1-2-25-98-39-16-17-8-69-26-72-46-24-15-58-90-59-76-53-4-96-56-42-6-37-28-40-88-5-20-52-41-99-3-92-68-54-44-57-79-21-11-23-60-31-81-55-80-95-51-47-22-85-84-27-48-13-29-91-49-18-35-66-33-19-61-82-36-45-75-100-89-9-30-86-87-43-73-7-83-78-93-34-67-77-63
Ta100x20,5,1,100,1.0,0.075,9,2230509282,17000,6516,6377,6009,1.482887974,v2_avx512bw_vec32_exact_perm,33-64-14-50-38-61-65-39-32-62-74-76-37-87-85-11-3-28-69-98-18-72-2-94-1-46-81-27-100-8-97-17-41-15-5-10-53-70-13-31-23-83-99-60-90-12-58-66-56-80-36-86-51-82-59-45-30-42-91-73-16-29-92-20-47-49-4-52-25-21-9-71-26-22-79-40-75-96-24-55-95-43-68-57-88-34-84-89-6-78-48-44-35-93-7-19-54-67-77-63
Ta100x20,5,1,100,1.0,0.075,10,2230510291,17000,6555,6377,6009,1.384133655,v2_avx512bw_vec32_exact_perm,14-28-51-5-62-16-98-10-1-67-50-97-74-91-61-9-69-39-32-46-30-41-94-71-20-70-87-52-72-24-23-60-85-92-21-36-86-37-59-11-17-65-12-56-79-2-13-96-64-4-76-58-42-99-47-27-22-66-29-88-33-15-95-75-53-38-8-26-54-57-31-82-93-48-90-40-6-19-77-80-68-100-45-89-25-73-35-7-55-49-3-83-81-44-78-84-43-18-34-63
Ta100x20,5,1,100,1.0,0.1,1,2230501210,17000,6518,6377,6009,1.450798879,v2_avx512bw_vec32_exact_perm,64-14-28-18-50-16-58-12-32-39-37-98-62-97-69-49-41-85-33-94-63-38-78-8-92-17-96-5-71-72-11-3-59-76-56-4-21-74-36-20-53-9-6-52-2-1-22-80-10-26-75-60-90-15-45-25-31-81-46-61-13-65-99-70-40-82-48-29-27-84-91-47-66-77-34-35-24-23-51-57-79-19-42-88-54-30-83-86-73-95-43-44-68-87-7-100-89-93-55-67
Ta100x20,5,1,100,1.0,0.1,2,2230502219,17000,6510,6377,6009,1.519457481,v2_avx512bw_vec32_exact_perm,51-50-11-3-5-97-64-12-30-56-10-98-85-14-94-100-28-90-16-32-53-1-6-76-46-69-15-65-4-57-52-23-61-71-95-39-37-8-99-75-49-80-58-68-45-41-62-82-59-31-20-2-29-70-18-81-60-21-66-42-87-13-54-33-88-40-86-36-92-67-48-38-72-34-35-84-27-78-22-47-17-74-19-24-25-91-83-96-55-79-73-93-7-26-43-77-89-63-9-44
Ta100x20,5,1,100,1.0,0.1,3,2230503228,17000,6499,6377,6009,1.503059673,v2_avx512bw_vec32_exact_perm,14-98-64-50-11-97-12-32-61-24-70-39-74-85-62-42-99-10-1-58-76-46-69-33-28-22-15-37-13-17-71-65-72-2-38-94-20-60-47-90-26-4-56-29-75-54-57-68-92-3-52-95-66-5-45-34-16-9-21-80-31-53-48-82-41-30-59-88-35-51-40-87-91-43-27-23-100-96-8-25-83-36-67-81-86-78-49-55-6-93-7-77-84-89-79-73-44-19-63-18
Ta100x20,5,1,100,1.0,0.1,4,2230504237,17000,6581,6377,6009,1.565404112,v2_avx512bw_vec32_exact_perm,5-11-94-64-32-16-62-98-14-1-39-69-50-52-97-74-54-87-49-41-40-8-38-95-2-33-30-72-42-22-12-27-70-82-47-85-28-86-10-61-71-35-3-4-15-46-37-65-88-31-90-45-48-80-21-57-79-9-18-17-73-92-23-75-36-100-78-55-68-66-26-6-59-89-83-51-56-91-29-60-84-76-53-13-58-67-81-20-99-63-93-24-43-96-44-7-34-77-19-25
Ta100x20,5,1,100,1.0,0.1,5,2230505246,17000,6490,6377,6009,1.5033688,v2_avx512bw_vec32_exact_perm,14-64-32-11-61-10-51-98-50-97-87-74-56-28-2-38-1-13-58-76-25-52-21-36-15-90-72-12-9-49-69-3-92-94-53-37-39-65-42-34-4-35-8-80-31-81-100-17-5-66-45-20-46-62-48-29-85-95-33-30-41-70-60-84-22-16-68-59-82-54-23-55-6-93-40-43-86-96-57-71-47-88-44-26-79-73-7-19-99-24-89-75-78-83-27-67-91-77-63-18
Ta100x20,5,1,100,1.0,0.1,6,2230506255,17000,6502,6377,6009,1.382631734,v2_avx512bw_vec32_exact_perm,51-64-14-28-5-33-11-94-74-50-41-97-65-39-69-62-95-35-21-15-85-16-56-10-27-98-12-92-25-99-47-49-32-52-72-34-17-1-80-58-44-22-76-40-30-42-4-23-43-18-100-8-45-46-37-38-57-91-3-9-2-71-59-86-81-60-75-29-70-36-90-48-31-88-26-82-24-68-61-66-55-6-87-79-93-54-53-96-83-13-19-20-89-84-78-7-77-63-73-67
Ta100x20,5,1,100,1.0,0.1,7,2230507264,17000,6467,6377,6009,1.489004267,v2_avx512bw_vec32_exact_perm,64-62-33-10-65-12-50-74-28-5-30-38-32-72-41-58-36-69-14-97-1-16-37-98-87-71-94-11-76-81-75-100-56-22-15-39-60-90-85-68-49-8-45-29-46-31-2-80-27-9-61-92-18-47-21-13-70-53-73-26-91-42-4-24-99-40-96-55-66-52-88-95-57-34-23-17-48-25-59-54-51-35-86-84-89-6-83-82-20-19-3-93-7-43-67-77-79-63-78-44
Ta100x20,5,1,100,1.0,0.1,8,2230508273,17000,6525,6377,6009,1.590742988,v2_avx512bw_vec32_exact_perm,98-64-14-30-38-5-28-16-69-99-65-70-61-53-78-50-10-12-97-39-40-90-76-33-26-56-46-32-94-42-72-71-25-54-13-3-47-92-60-1-21-52-9-74-4-41-37-15-45-51-81-2-88-29-36-75-62-86-49-31-35-80-11-8-95-22-58-59-6-85-100-23-73-55-77-66-27-17-48-87-19-91-44-57-82-96-83-18-89-79-20-7-84-68-43-24-63-93-34-67
Ta100x20,5,1,100,1.0,0.1,9,2230509282,17000,6552,6377,6009,1.539560806,v2_avx512bw_vec32_exact_perm,51-14-64-32-11-94-10-15-70-90-39-91-33-2-97-56-38-12-21-30-72-71-28-58-8-95-62-59-98-66-69-99-87-88-22-18-29-49-44-16-52-76-57-5-79-1-60-41-37-20-50-65-47-27-96-45-85-40-81-36-6-100-61-74-9-19-26-92-17-35-78-31-46-75-86-4-3-34-23-83-55-67-82-84-68-53-13-42-80-54-73-24-7-43-77-48-89-25-93-63
Ta100x20,5,1,100,1.0,0.1,10,2230510291,17000,6563,6377,6009,1.465913156,v2_avx512bw_vec32_exact_perm,14-64-25-33-2-56-74-38-94-50-12-28-97-15-98-52-67-69-32-72-76-1-11-45-58-3-81-16-30-85-17-21-20-41-39-60-37-22-88-5-46-66-31-61-91-70-53-6-42-27-36-49-71-96-23-57-84-65-10-55-90-79-8-29-92-40-48-4-82-26-59-9-47-51-99-68-86-73-34-35-95-43-80-44-13-24-83-18-19-89-78-7-87-100-93-54-75-77-63-62
Ta100x20,5,1,100,1.0,0.125,1,2230501210,17000,6639,6377,6009,1.374879945,v2_avx512bw_vec32_exact_perm,33-14-64-10-5-12-9-30-61-62-32-11-17-27-37-1-15-67-22-39-97-80-13-3-49-58-46-74-98-36-65-6-94-28-16-50-52-69-41-90-70-53-66-26-72-87-59-8-40-45-60-85-71-35-20-47-99-23-83-91-2-76-51-31-4-82-96-38-57-75-55-92-18-21-86-48-100-56-79-73-29-95-24-42-84-89-88-19-68-81-54-7-77-25-43-93-34-63-78-44
Ta100x20,5,1,100,1.0,0.125,2,2230502219,17000,6537,6377,6009,1.57882696,v2_avx512bw_vec32_exact_perm,64-51-14-98-50-11-99-12-97-65-69-32-28-52-2-16-38-94-10-1-3-71-8-72-39-13-66-46-61-100-70-41-81-17-34-5-30-24-15-35-40-88-95-73-74-45-31-21-22-53-37-4-76-36-87-44-9-18-58-6-92-23-60-85-47-63-56-49-90-91-67-75-57-26-20-82-55-54-86-25-80-59-77-7-48-89-27-78-84-33-68-79-29-83-93-43-19-42-96-62
Ta100x20,5,1,100,1.0,0.125,3,2230503228,17000,6486,6377,6009,1.533695011,v2_avx512bw_vec32_exact_perm,10-14-11-64-69-33-32-30-73-97-16-56-38-94-39-50-12-49-41-62-65-85-66-3-1-90-8-17-72-52-68-28-25-37-70-71-76-5-95-87-58-53-20-4-98-82-59-18-23-2-9-21-88-46-92-86-84-91-42-31-44-75-77-78-57-36-26-74-47-27-60-81-29-22-13-100-61-79-40-15-35-89-6-45-96-83-51-34-48-24-55-80-99-7-43-63-93-19-54-67
Ta100x20,5,1,100,1.0,0.125,4,2230504237,17000,6576,6377,6009,1.505123944,v2_avx512bw_vec32_exact_perm,64-51-14-98-33-50-66-39-32-62-30-12-58-97-65-85-17-16-5-76-90-53-1-37-74-86-99-94-21-3-20-24-56-52-59-28-69-96-25-70-92-40-6-82-71-38-2-15-72-4-87-47-100-61-11-60-8-41-81-27-79-78-22-36-68-35-84-89-10-75-49-46-29-95-13-23-83-91-31-80-45-44-26-57-88-42-73-93-34-48-9-67-19-7-55-43-54-77-63-18
Ta100x20,5,1,100,1.0,0.125,5,2230505246,17000,6515,6377,6009,1.642139059,v2_avx512bw_vec32_exact_perm,64-51-50-14-33-11-70-32-39-62-99-10-98-71-75-2-12-94-37-80-87-40-69-74-78-49-1-21-68-28-97-30-65-72-41-59-52-66-3-5-20-46-22-55-17-18-42-36-76-56-90-15-29-85-86-57-16-54-38-8-82-31-60-26-53-9-6-13-61-58-92-4-23-44-100-89-27-48-81-63-34-93-35-45-84-7-47-95-88-77-43-24-91-19-79-83-96-25-73-67
Ta100x20,5,1,100,1.0,0.125,6,2230506255,17000,6531,6377,6009,1.455863908,v2_avx512bw_vec32_exact_perm,25-14-28-64-56-74-94-5-71-72-30-98-33-12-85-27-11-65-2-36-10-23-97-68-39-49-69-61-38-70-16-1-8-58-47-50-60-41-37-26-46-84-52-20-22-82-9-15-92-17-32-100-3-78-62-89-75-66-4-76-81-31-95-86-21-59-88-45-13-51-99-54-87-90-34-29-40-80-48-57-79-44-55-83-91-53-6-73-35-19-24-42-93-96-7-43-77-63-18-67
Ta100x20,5,1,100,1.0,0.125,7,2230507264,17000,6572,6377,6009,1.544941869,v2_avx512bw_vec32_exact_perm,5-11-98-50-12-94-16-3-30-38-97-32-14-33-39-64-15-75-85-62-76-37-57-9-46-41-8-81-10-1-40-49-18-6-35-27-72-51-71-42-70-26-28-69-24-65-93-95-2-47-4-86-20-56-21-52-36-100-23-91-79-31-74-77-22-17-53-61-66-92-88-67-13-82-29-45-58-55-59-34-80-96-68-87-84-60-73-90-83-99-63-7-43-54-19-48-89-25-78-44
Ta100x20,5,1,100,1.0,0.125,8,2230508273,17000,6485,6377,6009,1.548369025,v2_avx512bw_vec32_exact_perm,64-10-98-5-50-11-62-14-38-94-32-61-97-74-12-45-1-69-3-53-72-71-28-37-39-65-22-85-100-56-21-76-99-46-15-52-84-70-9-2-16-6-31-58-67-92-42-78-36-30-88-49-33-4-41-82-8-17-86-25-51-91-23-20-55-29-95-87-13-26-40-48-59-80-44-66-57-89-68-60-27-81-34-54-47-35-63-90-19-24-83-77-79-73-93-75-7-43-96-18
Ta100x20,5,1,100,1.0,0.125,9,2230509282,17000,6523,6377,6009,1.387959482,v2_avx512bw_vec32_exact_perm,25-32-33-64-14-28-1-94-74-58-5-30-3-97-50-15-37-52-12-24-61-27-98-2-13-67-80-46-69-11-41-76-4-59-62-65-51-86-23-36-85-20-53-17-22-8-38-39-60-72-90-92-26-10-87-88-70-91-40-71-96-56-95-43-100-9-16-29-49-68-48-73-66-81-44-34-79-93-45-75-21-47-99-42-7-31-54-35-55-6-83-19-78-84-82-57-77-89-63-18
Ta100x20,5,1,100,1.0,0.125,10,2230510291,17000,6528,6377,6009,1.620937334,v2_avx512bw_vec32_exact_perm,64-33-14-51-98-39-32-12-99-50-69-38-57-28-90-3-74-1-4-65-72-16-55-18-56-92-25-10-49-75-97-91-26-52-61-37-68-41-94-100-9-21-2-11-66-23-40-85-29-8-46-13-31-86-54-70-45-58-22-30-87-36-71-78-93-82-96-15-84-79-77-6-47-20-89-60-81-27-59-76-95-35-63-7-5-53-88-43-17-48-24-83-19-80-67-42-73-44-34-62
Ta100x20,5,2,200,0.85,0.025,1,2230501210,17000,6509,6377,6009,2.627888981,v2_avx512bw_vec32_exact_perm,14-33-50-11-32-97-64-12-30-62-94-38-98-80-51-1-9-69-58-2-53-74-5-3-28-6-99-52-15-10-22-49-39-90-56-76-65-71-16-85-24-25-46-8-72-45-41-4-83-70-20-21-47-37-81-92-27-40-82-36-23-75-61-79-31-86-44-78-93-84-68-26-34-55-95-35-17-59-88-66-96-57-48-100-60-13-29-43-73-91-67-87-7-19-42-54-77-89-63-18
Ta100x20,5,2,200,0.85,0.025,2,2230502219,17000,6526,6377,6009,2.485641839,v2_avx512bw_vec32_exact_perm,14-50-28-12-62-32-16-98-97-69-64-74-94-10-65-1-2-39-100-38-30-61-8-25-80-41-37-33-72-56-11-54-15-46-52-13-36-26-58-85-31-3-70-6-9-71-76-99-87-90-49-59-81-40-95-53-4-23-29-88-22-20-66-92-17-42-55-5-18-21-84-86-79-44-45-35-93-60-75-47-91-48-82-57-68-73-24-19-83-78-43-27-96-89-7-34-67-77-63-51
Ta100x20,5,2,200,0.85,0.025,3,2230503228,17000,6456,6377,6009,2.669652018,v2_avx512bw_vec32_exact_perm,64-14-10-5-50-11-62-87-32-33-70-74-16-97-69-98-37-41-94-2-25-72-71-12-65-49-76-39-90-56-17-95-1-52-21-15-85-18-20-3-92-28-53-81-8-4-23-46-27-47-61-66-75-36-58-57-38-60-88-82-48-68-100-43-45-31-24-22-80-59-51-9-55-34-35-99-79-40-6-96-83-93-30-42-86-44-13-89-73-29-7-26-78-19-84-91-54-67-77-63
Ta100x20,5,2,200,0.85,0.025,4,2230504237,17000,6531,6377,6009,2.537174854,v2_avx512bw_vec32_exact_perm,14-64-32-10-11-12-5-30-98-85-97-41-16-62-65-69-1-95-99-17-94-3-53-50-74-23-33-38-20-49-71-72-70-52-31-75-76-2-57-37-92-15-39-9-21-8-61-90-4-87-24-28-88-46-56-68-42-66-54-59-34-45-81-82-47-93-84-67-86-26-29-58-51-22-36-6-35-60-13-40-55-91-79-100-48-89-25-78-19-83-44-80-43-27-96-73-7-77-63-18
Ta100x20,5,2,200,0.85,0.025,5,2230505246,17000,6478,6377,6009,2.766816172,v2_avx512bw_vec32_exact_perm,51-14-98-64-5-28-12-97-56-90-33-57-62-38-32-69-11-3-45-85-16-10-65-1-37-72-74-49-53-21-8-39-27-61-86-2-70-52-20-4-9-41-46-15-100-50-76-31-26-80-95-88-94-25-75-99-55-22-42-66-93-58-36-6-92-87-40-13-54-71-23-84-82-68-48-24-59-81-17-18-43-91-96-29-60-30-35-7-73-19-89-47-83-79-78-44-34-67-77-63
Ta100x20,5,2,200,0.85,0.025,6,2230506255,17000,6539,6377,6009,2.860738451,v2_avx512bw_vec32_exact_perm,25-74-98-50-10-64-51-94-14-12-33-32-99-97-69-39-56-28-16-6-11-58-2-38-21-70-55-90-30-15-41-45-22-76-42-1-52-4-3-53-31-72-26-85-46-20-5-49-23-40-92-60-8-29-37-96-66-65-82-57-9-71-87-27-61-36-63-88-84-68-78-77-7-47-100-95-48-17-59-13-86-67-73-89-18-75-54-81-79-19-24-43-35-93-34-80-83-44-91-62
Ta100x20,5,2,200,0.85,0.025,7,2230507264,17000,6539,6377,6009,2.573241909,v2_avx512bw_vec32_exact_perm,14-64-32-11-94-33-62-50-74-39-98-69-97-36-42-10-65-15-17-1-72-2-16-52-70-37-41-54-75-96-8-25-66-5-30-3-45-46-12-53-9-68-49-87-76-4-92-56-82-28-31-22-99-59-80-89-20-95-58-88-55-21-71-29-23-85-60-47-51-38-26-13-6-61-24-57-81-27-40-91-43-35-84-86-78-44-83-79-90-19-73-77-7-67-100-93-34-48-63-18
Ta100x20,5,2,200,0.85,0.025,8,2230508273,17000,6553,6377,6009,2.630237454,v2_avx512bw_vec32_exact_perm,14-64-32-10-11-94-98-62-74-38-1-35-70-37-49-72-39-90-28-69-65-41-33-50-71-58-30-61-12-95-17-6-52-16-56-97-23-85-15-31-78-26-8-92-76-4-3-100-9-22-27-46-36-13-87-40-66-21-96-18-53-29-20-57-79-59-60-80-5-68-51-45-55-2-24-83-47-75-88-42-99-91-54-48-84-81-44-19-82-77-43-34-86-89-73-67-25-93-7-63
Ta100x20,5,2,200,0.85,0.025,9,2230509282,17000,6516,6377,6009,2.672872557,v2_avx512bw_vec32_exact_perm,14-64-50-33-32-62-51-99-5-30-98-10-16-56-97-74-2-39-12-70-11-76-90-72-49-52-15-95-17-1-85-3-78-28-69-46-31-41-94-37-100-38-23-8-65-4-53-92-6-45-87-61-71-9-21-20-75-88-27-81-40-26-22-59-80-36-13-66-89-58-68-54-84-57-29-55-60-35-43-24-42-82-73-77-7-91-44-19-86-79-96-83-25-93-34-48-47-63-18-67
Ta100x20,5,2,200,0.85,0.025,10,2230510291,17000,6539,6377,6009,2.654938265,v2_avx512bw_vec32_exact_perm,64-33-14-50-28-12-5-10-16-56-32-94-74-39-11-70-97-58-1-30-38-98-69-36-88-21-40-53-22-23-4-81-80-52-20-49-47-41-15-60-37-90-76-85-51-35-31-8-99-42-6-25-45-66-17-46-61-65-59-2-72-82-71-84-68-57-3-27-86-9-92-43-96-29-75-95-26-18-55-54-13-48-100-79-24-87-93-67-78-19-83-62-7-73-89-91-44-34-77-63
Ta100x20,5,2,200,0.85,0.05,1,2230501210,17000,6520,6377,6009,2.492001843,v2_avx512bw_vec32_exact_perm,10-51-5-11-69-98-32-62-12-2-24-64-56-14-16-3-50-74-97-15-72-70-37-71-33-94-81-39-65-90-76-1-68-49-85-42-45-46-88-28-61-8-41-95-100-53-4-52-30-23-38-20-43-22-92-26-36-17-75-21-29-9-47-27-48-35-40-59-66-6-86-57-96-25-80-31-58-67-99-60-87-84-79-78-44-93-34-13-82-19-77-89-73-7-55-83-91-54-63-18
Ta100x20,5,2,200,0.85,0.05,2,2230502219,17000,6493,6377,6009,2.733710632,v2_avx512bw_vec32_exact_perm,64-10-98-51-50-11-32-97-79-12-14-33-28-65-39-69-16-94-38-37-85-76-70-41-25-90-21-36-74-72-1-60-2-52-20-35-17-46-8-54-75-61-49-58-30-81-56-27-31-42-62-26-4-59-9-82-71-15-3-86-5-66-92-23-68-29-45-100-84-22-55-91-53-80-95-93-99-40-6-88-96-77-7-19-43-24-78-73-44-34-57-83-47-48-13-87-63-89-18-67
Ta100x20,5,2,200,0.85,0.05,3,2230503228,17000,6493,6377,6009,2.675242491,v2_avx512bw_vec32_exact_perm,64-14-33-32-38-94-16-62-99-12-98-50-97-69-74-10-2-5-41-1-30-3-52-100-28-20-65-9-39-85-72-56-18-71-53-49-36-15-90-70-76-4-35-8-46-17-47-95-87-11-80-29-31-37-45-68-57-23-6-26-27-92-96-40-59-79-61-66-67-42-91-84-24-51-86-88-25-22-81-93-34-58-48-21-55-13-83-60-82-54-43-89-77-75-73-7-19-63-78-44
Ta100x20,5,2,200,0.85,0.05,4,2230504237,17000,6482,6377,6009,2.526588896,v2_avx512bw_vec32_exact_perm,64-10-51-98-14-50-97-38-94-12-16-33-9-32-62-90-30-78-41-39-65-69-17-1-2-52-15-3-68-18-72-100-76-85-28-36-46-81-60-37-66-21-96-56-5-53-87-95-74-70-4-49-11-88-61-31-80-59-89-6-58-13-40-54-92-25-23-8-47-27-75-99-22-71-42-91-20-24-57-29-48-55-82-84-86-93-35-83-43-79-73-45-44-7-19-26-34-67-77-63
Ta100x20,5,2,200,0.85,0.05,5,2230505246,17000,6508,6377,6009,2.941691042,v2_avx512bw_vec32_exact_perm,25-64-14-33-10-98-85-97-50-38-11-3-37-32-94-28-12-95-52-41-49-69-1-76-62-81-56-27-72-36-65-58-66-30-90-26-39-87-70-17-96-71-5-74-47-20-61-40-23-6-8-4-29-15-46-9-60-21-13-53-31-2-16-55-82-86-54-75-88-57-99-42-44-80-59-68-22-92-84-100-45-89-78-34-77-48-83-35-7-19-67-73-24-79-93-43-91-63-18-51
Ta100x20,5,2,200,0.85,0.05,6,2230506255,17000,6487,6377,6009,2.922715125,v2_avx512bw_vec32_exact_perm,25-10-32-33-12-50-38-62-98-22-80-90-94-14-64-74-4-69-15-2-24-72-92-66-97-39-27-78-70-71-61-5-28-52-49-20-85-16-18-87-76-59-17-51-23-3-13-37-1-79-41-60-31-21-81-8-88-40-6-26-11-65-56-99-95-42-46-36-29-30-91-100-86-35-84-45-58-93-67-82-7-73-47-57-68-55-53-54-89-34-9-19-83-43-96-48-44-75-77-63
Ta100x20,5,2,200,0.85,0.05,7,2230507264,17000,6483,6377,6009,3.042342361,v2_avx512bw_vec32_exact_perm,25-32-10-64-50-11-62-98-2-52-5-76-16-72-74-94-14-33-66-28-39-70-90-12-49-69-97-65-86-1-41-30-81-37-3-20-38-87-21-18-56-4-15-23-17-51-57-80-59-60-85-8-24-45-46-61-22-36-75-40-6-71-9-92-42-96-100-68-89-27-58-43-48-31-88-99-47-34-35-29-93-91-53-78-84-55-82-26-13-19-79-54-83-95-73-7-44-67-77-63
Ta100x20,5,2,200,0.85,0.05,8,2230508273,17000,6487,6377,6009,2.690482697,v2_avx512bw_vec32_exact_perm,14-64-50-11-10-98-62-32-39-90-65-2-51-81-97-30-58-12-94-38-85-76-22-28-71-72-16-56-69-1-49-52-8-99-3-33-4-41-53-27-61-74-9-6-46-15-36-37-21-42-70-45-25-75-20-47-66-18-26-17-5-79-40-34-23-29-87-83-95-13-92-59-80-48-60-88-57-31-82-96-93-89-54-68-84-24-55-91-35-19-100-86-63-78-43-73-7-44-67-77
Ta100x20,5,2,200,0.85,0.05,9,2230509282,17000,6487,6377,6009,2.752000441,v2_avx512bw_vec32_exact_perm,33-14-28-51-98-97-12-50-10-11-62-32-95-39-76-56-53-90-64-72-94-74-5-49-41-16-1-69-65-37-15-85-70-38-3-58-36-4-81-6-84-52-2-60-46-8-20-87-45-21-79-59-9-68-71-17-25-61-93-22-66-92-80-75-55-44-99-29-96-100-13-40-82-26-23-31-34-47-35-57-27-42-43-54-30-86-83-91-73-67-88-48-24-7-77-89-78-19-63-18
Ta100x20,5,2,200,0.85,0.05,10,2230510291,17000,6467,6377,6009,2.736312343,v2_avx512bw_vec32_exact_perm,14-33-50-11-64-32-94-69-16-72-74-5-97-15-95-39-70-2-38-98-12-3-85-49-62-90-28-1-10-58-37-30-46-65-27-8-26-41-36-25-21-18-92-52-20-84-76-53-56-59-66-82-96-88-86-17-87-51-31-22-9-23-71-4-29-48-40-6-93-61-100-75-68-54-43-47-81-13-99-60-83-45-55-80-44-91-34-35-24-42-57-79-73-7-67-78-19-77-89-63
Ta100x20,5,2,200,0.85,0.075,1,2230501210,17000,6462,6377,6009,2.574506587,v2_avx512bw_vec32_exact_perm,10-64-98-51-32-14-33-50-97-11-1-28-56-69-46-74-61-99-94-37-87-12-49-52-70-65-76-90-20-41-25-4-15-60-58-2-47-35-72-66-85-21-30-45-40-71-77-3-22-39-13-18-80-81-55-29-27-16-62-36-88-6-57-92-26-63-38-5-23-8-86-31-9-91-34-53-17-48-100-95-93-82-42-84-79-67-24-78-19-68-59-96-75-83-54-89-7-43-73-44
Ta100x20,5,2,200,0.85,0.075,2,2230502219,17000,6492,6377,6009,2.57723426,v2_avx512bw_vec32_exact_perm,10-64-14-50-38-70-11-98-62-27-99-28-61-97-69-65-12-94-53-58-15-4-90-76-16-72-1-56-52-60-41-37-85-36-6-49-96-81-44-30-17-68-21-32-74-33-39-5-71-8-86-45-3-82-92-31-87-88-46-95-2-59-23-42-93-26-13-34-73-35-40-29-66-57-51-48-18-75-80-100-9-77-79-20-22-83-55-91-43-78-84-47-25-7-24-89-19-54-67-63
Ta100x20,5,2,200,0.85,0.075,3,2230503228,17000,6496,6377,6009,2.516706695,v2_avx512bw_vec32_exact_perm,14-64-10-5-32-11-39-98-50-97-12-56-16-70-90-30-65-42-20-85-94-3-72-2-18-52-1-34-35-28-37-80-15-75-45-58-41-69-46-8-36-33-61-17-59-74-76-25-84-53-95-88-73-81-47-26-100-91-92-38-23-60-4-21-9-66-57-62-71-48-6-87-99-51-29-13-40-96-55-68-49-82-43-24-86-31-78-83-22-27-54-67-89-7-77-79-44-93-19-63
Ta100x20,5,2,200,0.85,0.075,4,2230504237,17000,6507,6377,6009,2.580523396,v2_avx512bw_vec32_exact_perm,14-30-33-64-5-94-11-65-74-61-97-69-39-50-87-70-51-98-4-38-3-2-12-53-24-21-32-46-95-31-8-41-54-57-52-25-37-76-92-16-26-9-10-85-68-28-49-56-72-71-66-22-42-45-13-96-100-90-15-17-1-80-99-6-20-47-23-93-58-36-34-81-29-48-40-67-88-59-27-89-62-35-44-79-77-86-7-78-43-84-75-60-82-55-73-91-19-83-63-18
Ta100x20,5,2,200,0.85,0.075,5,2230505246,17000,6608,6377,6009,2.41531163,v2_avx512bw_vec32_exact_perm,14-64-50-32-11-10-33-71-98-62-5-80-16-3-39-90-94-2-97-56-49-52-1-38-76-85-20-12-69-47-99-8-65-21-87-42-70-28-31-74-95-37-36-41-30-45-6-81-59-17-96-58-29-75-92-40-53-61-88-68-15-9-66-4-51-46-60-35-26-55-54-13-72-22-82-57-84-93-77-86-100-18-79-27-48-23-43-34-83-91-67-89-73-24-7-19-63-25-78-44
Ta100x20,5,2,200,0.85,0.075,6,2230506255,17000,6485,6377,6009,2.538301349,v2_avx512bw_vec32_exact_perm,62-33-64-32-14-74-97-22-70-38-15-16-94-56-39-90-12-10-49-2-52-98-69-57-46-76-11-40-1-13-95-87-80-25-28-37-66-72-92-85-3-31-5-79-65-71-61-99-23-30-60-41-6-36-51-63-35-86-53-4-27-20-47-58-21-81-93-45-29-55-96-8-42-88-84-100-9-18-78-50-34-17-68-59-43-26-83-91-44-54-48-75-24-82-19-7-77-89-73-67
Ta100x20,5,2,200,0.85,0.075,7,2230507264,17000,6470,6377,6009,2.6410221,v2_avx512bw_vec32_exact_perm,14-64-50-11-10-32-33-97-65-12-85-39-70-74-16-98-69-94-90-28-3-30-38-1-37-49-6-72-41-52-51-26-75-5-45-62-99-60-87-91-18-54-81-15-46-36-56-76-22-42-31-84-71-53-95-35-13-61-29-66-8-17-96-25-59-80-34-58-9-92-40-68-2-23-4-44-79-88-100-20-21-57-27-89-43-48-7-47-82-86-73-55-19-24-83-78-93-67-77-63
Ta100x20,5,2,200,0.85,0.075,8,2230508273,17000,6464,6377,6009,2.647022779,v2_avx512bw_vec32_exact_perm,33-14-64-10-32-11-74-5-50-38-98-94-97-90-2-12-76-53-3-68-25-45-85-16-69-61-28-46-1-52-6-39-8-87-40-37-41-70-65-31-72-71-56-27-36-95-92-81-20-82-15-47-59-17-23-66-26-18-42-4-57-34-60-35-96-13-58-30-49-44-80-9-84-22-79-29-86-73-93-91-21-99-62-55-100-54-89-88-48-7-19-43-24-63-75-83-78-51-77-67
Ta100x20,5,2,200,0.85,0.075,9,2230509282,17000,6614,6377,6009,2.815602402,v2_avx512bw_vec32_exact_perm,14-64-5-28-62-11-69-33-50-98-32-97-10-22-16-52-58-99-38-12-94-2-15-76-71-82-39-1-74-3-65-72-30-41-31-80-100-8-85-56-45-46-60-20-9-17-87-61-92-21-37-53-91-4-47-51-81-23-29-90-27-40-86-59-70-44-96-88-25-13-24-26-54-48-42-84-36-66-68-49-83-35-6-57-79-75-73-43-95-93-77-7-55-19-89-78-34-63-18-67
Ta100x20,5,2,200,0.85,0.075,10,2230510291,17000,6498,6377,6009,2.541589258,v2_avx512bw_vec32_exact_perm,14-64-5-32-62-99-74-33-50-17-11-97-12-60-30-98-90-2-76-22-38-1-28-52-72-100-56-58-13-49-15-65-4-46-87-18-26-41-37-95-55-94-29-36-70-89-8-39-40-6-21-81-68-45-92-42-20-85-3-69-16-9-59-79-75-61-27-57-71-96-88-82-84-86-51-66-10-47-53-78-73-93-34-35-19-80-31-91-24-54-83-25-23-43-63-77-7-48-44-67
Ta100x20,5,2,200,0.85,0.1,1,2230501210,17000,6469,6377,6009,2.617635782,v2_avx512bw_vec32_exact_perm,64-98-14-50-16-61-28-10-11-30-78-39-32-33-97-58-94-12-74-5-70-55-69-72-38-21-31-91-56-76-2-51-53-1-3-13-87-4-90-15-23-52-100-45-8-66-29-96-25-27-65-22-41-36-40-85-49-79-60-44-81-92-84-80-68-99-9-37-46-42-17-59-48-88-89-93-6-57-71-62-20-82-34-47-77-75-26-95-43-86-73-35-19-24-7-67-83-54-63-18
Ta100x20,5,2,200,0.85,0.1,2,2230502219,17000,6488,6377,6009,3.085976287,v2_avx512bw_vec32_exact_perm,25-64-14-11-50-79-33-12-28-32-98-69-10-65-71-39-2-97-66-1-3-53-94-38-8-41-72-30-21-90-15-5-17-45-68-44-16-61-56-46-37-76-87-70-18-82-20-23-59-47-26-13-22-58-27-52-96-60-9-49-51-36-85-74-29-48-57-80-31-95-92-40-99-6-93-55-89-88-34-67-83-91-42-81-4-63-100-75-86-73-35-84-24-78-7-77-19-43-54-62
Ta100x20,5,2,200,0.85,0.1,3,2230503228,17000,6482,6377,6009,2.815705489,v2_avx512bw_vec32_exact_perm,14-64-62-33-32-11-50-12-98-28-74-41-69-94-97-51-72-49-1-38-56-65-99-8-39-58-29-2-92-52-91-10-36-16-70-90-3-59-27-22-85-76-20-46-15-47-80-37-87-9-71-45-4-21-40-35-93-6-53-25-61-26-60-5-79-88-66-31-23-55-43-100-95-54-13-42-57-68-96-81-7-24-34-77-84-82-48-17-30-67-86-75-83-78-73-44-19-89-63-18
Ta100x20,5,2,200,0.85,0.1,4,2230504237,17000,6477,6377,6009,2.591919528,v2_avx512bw_vec32_exact_perm,33-14-64-10-5-11-98-70-69-97-41-30-1-3-38-72-51-32-39-56-28-75-16-94-50-58-71-17-8-82-12-95-46-87-27-65-59-80-15-36-76-23-85-100-37-86-62-81-49-9-74-61-4-31-52-57-90-60-92-63-35-40-91-22-44-2-68-53-26-79-18-21-42-99-20-55-29-83-66-45-47-25-34-96-89-88-48-6-84-43-24-73-93-13-77-78-7-19-54-67
Ta100x20,5,2,200,0.85,0.1,5,2230505246,17000,6534,6377,6009,2.703103666,v2_avx512bw_vec32_exact_perm,14-50-98-10-12-85-97-64-62-32-39-90-30-33-37-61-65-17-2-1-72-16-11-70-38-5-8-6-71-94-74-3-99-41-31-59-52-26-69-76-58-56-36-21-87-40-15-66-46-55-82-20-9-92-81-45-47-53-91-93-42-4-49-54-95-96-75-28-13-100-67-29-88-51-57-68-77-23-60-48-35-27-84-22-79-24-83-78-25-19-73-80-44-7-43-34-86-89-63-18
Ta100x20,5,2,200,0.85,0.1,6,2230506255,17000,6524,6377,6009,2.545111033,v2_avx512bw_vec32_exact_perm,51-14-32-10-12-5-11-30-97-98-50-64-85-69-96-74-20-28-56-49-39-90-21-33-70-76-53-16-4-38-54-15-37-35-86-94-46-27-23-65-1-2-52-9-72-71-57-17-95-8-87-36-18-80-59-61-45-25-100-79-92-47-3-40-29-75-88-99-22-42-66-44-82-26-31-41-60-43-48-68-93-34-77-81-6-84-7-78-83-67-24-91-13-89-58-73-55-19-62-63
Ta100x20,5,2,200,0.85,0.1,7,2230507264,17000,6440,6377,6009,2.552595989,v2_avx512bw_vec32_exact_perm,64-14-10-32-11-70-74-97-61-69-98-39-50-16-95-12-28-56-65-4-1-62-15-72-90-49-2-52-3-100-38-94-87-8-58-5-31-76-81-30-44-86-45-60-85-46-92-9-21-36-53-20-37-42-35-41-17-68-51-66-33-6-63-89-91-29-59-88-40-57-71-23-27-47-99-22-82-96-25-7-55-80-19-84-18-78-83-13-73-34-48-26-75-24-77-79-43-93-54-67
Ta100x20,5,2,200,0.85,0.1,8,2230508273,17000,6604,6377,6009,2.645552972,v2_avx512bw_vec32_exact_perm,14-64-11-70-62-38-76-90-16-30-12-72-37-81-98-92-94-69-39-53-2-74-61-97-27-33-57-42-91-32-1-66-25-46-8-41-10-47-85-3-65-99-52-45-71-59-6-26-88-9-4-82-87-79-49-80-28-40-50-20-31-36-60-56-100-89-5-34-23-29-68-21-48-24-51-75-15-78-44-54-95-67-83-13-35-19-17-84-7-86-58-22-93-43-73-96-55-18-77-63
Ta100x20,5,2,200,0.85,0.1,9,2230509282,17000,6658,6377,6009,2.607669517,v2_avx512bw_vec32_exact_perm,25-32-10-33-65-97-11-56-49-98-50-52-64-94-90-16-85-21-30-12-70-36-14-3-4-38-78-28-74-72-100-1-2-47-19-24-69-51-35-15-46-81-76-58-39-60-20-59-37-9-66-5-17-8-42-53-61-71-87-31-22-18-79-57-95-75-92-80-29-26-48-88-40-86-45-44-41-82-23-96-7-27-99-6-83-34-84-68-89-73-63-93-43-91-77-55-54-67-13-62
Ta100x20,5,2,200,0.85,0.1,10,2230510291,17000,6437,6377,6009,2.598320507,v2_avx512bw_vec32_exact_perm,64-14-33-50-5-11-97-30-98-16-12-10-32-90-76-36-72-74-1-58-38-94-3-85-28-37-56-51-71-9-41-62-100-91-88-49-61-8-39-53-60-99-47-46-69-52-95-45-23-4-81-31-21-70-92-20-42-44-35-27-68-17-15-2-6-65-66-87-84-22-80-18-63-59-29-86-55-93-40-82-26-13-57-79-96-25-48-24-34-77-89-75-78-19-73-7-43-83-54-67
Ta100x20,5,2,200,0.85,0.125,1,2230501210,17000,6655,6377,6009,2.711809069,v2_avx512bw_vec32_exact_perm,14-64-10-32-5-99-11-50-2-33-12-39-38-98-85-27-57-94-16-3-18-72-69-68-62-41-8-61-76-81-15-90-17-66-46-60-53-49-21-13-45-56-74-59-58-1-97-70-20-65-36-52-42-6-71-95-28-92-26-84-86-75-29-87-30-96-37-100-31-22-88-91-82-4-23-40-35-51-73-80-55-47-24-34-43-54-89-77-9-79-7-25-83-48-93-78-19-44-63-67
Ta100x20,5,2,200,0.85,0.125,2,2230502219,17000,6487,6377,6009,2.592004381,v2_avx512bw_vec32_exact_perm,25-64-51-14-32-16-94-37-50-87-38-10-65-11-69-98-85-97-33-36-76-74-72-1-53-17-95-61-12-2-52-6-58-8-28-82-39-27-5-15-70-90-96-49-30-23-9-46-20-91-75-57-42-4-3-56-92-41-60-68-21-26-31-18-79-40-81-29-22-66-62-100-55-88-45-71-48-59-80-67-99-93-54-47-83-35-86-73-13-89-19-7-78-34-84-24-43-77-63-44
Ta100x20,5,2,200,0.85,0.125,3,2230503228,17000,6610,6377,6009,3.027731359,v2_avx512bw_vec32_exact_perm,25-33-50-27-64-32-62-39-14-94-66-51-98-2-1-72-87-71-28-37-70-52-81-61-74-11-20-97-34-85-10-23-22-69-90-36-29-76-49-3-41-12-47-6-26-58-31-99-60-75-65-46-9-5-91-30-15-80-42-100-56-45-16-8-21-38-55-4-13-17-92-96-7-24-35-40-82-59-48-18-79-84-78-83-88-43-86-73-93-95-19-68-57-63-53-89-54-67-77-44
Ta100x20,5,2,200,0.85,0.125,4,2230504237,17000,6512,6377,6009,2.737234257,v2_avx512bw_vec32_exact_perm,14-64-62-32-30-38-33-50-98-51-12-74-94-53-2-97-37-41-61-10-92-15-82-9-39-66-58-69-1-16-70-46-42-8-6-99-45-72-59-28-21-11-52-100-56-76-57-5-71-65-4-95-23-40-87-47-60-13-81-85-17-27-96-18-88-48-25-20-49-3-55-90-91-84-43-68-36-34-35-26-24-22-29-79-31-86-93-80-44-19-89-83-78-75-73-54-7-77-63-67
Ta100x20,5,2,200,0.85,0.125,5,2230505246,17000,6627,6377,6009,2.881521046,v2_avx512bw_vec32_exact_perm,14-64-51-30-98-94-74-56-50-97-12-38-22-5-41-32-61-65-10-1-2-76-72-62-53-45-75-100-23-69-87-28-47-71-37-26-46-11-8-85-39-58-27-36-95-6-57-33-52-15-17-20-91-21-59-3-31-90-70-99-60-24-42-79-13-49-96-40-81-92-88-80-86-55-84-78-16-4-44-83-9-35-66-82-68-77-7-29-93-34-48-89-73-43-54-67-19-25-63-18
Ta100x20,5,2,200,0.85,0.125,6,2230506255,17000,6626,6377,6009,2.758012598,v2_avx512bw_vec32_exact_perm,14-38-32-33-50-97-39-64-30-51-78-12-70-94-69-16-98-71-3-80-1-20-66-56-85-53-26-10-28-90-13-37-58-76-25-36-2-91-11-47-72-17-46-68-5-23-74-22-65-40-99-59-62-35-49-52-27-15-9-8-21-45-48-75-6-24-31-42-4-84-92-43-82-41-60-57-29-61-100-44-88-86-81-19-73-7-55-95-83-79-77-87-93-34-96-54-89-63-18-67
Ta100x20,5,2,200,0.85,0.125,7,2230507264,17000,6523,6377,6009,3.024840264,v2_avx512bw_vec32_exact_perm,14-64-5-30-38-98-32-11-62-2-97-12-69-16-56-41-94-74-34-1-81-8-10-90-17-76-33-39-65-46-3-85-44-45-28-87-58-47-71-70-52-72-37-99-15-21-36-50-60-13-75-96-26-29-53-20-9-4-23-27-88-22-100-6-51-42-92-61-40-54-35-79-86-59-49-68-80-31-95-55-82-57-25-66-19-89-83-78-93-91-43-73-84-7-48-24-67-77-63-18
Ta100x20,5,2,200,0.85,0.125,8,2230508273,17000,6477,6377,6009,2.683175962,v2_avx512bw_vec32_exact_perm,10-51-98-14-64-32-11-85-33-50-36-16-97-56-12-58-37-76-74-99-5-61-38-49-72-30-15-90-17-28-39-65-69-46-13-94-23-100-52-9-70-71-95-1-54-41-8-47-53-27-26-81-4-62-22-45-80-75-31-86-2-29-20-40-88-21-66-55-42-92-96-84-60-35-25-93-48-82-34-57-3-44-79-77-68-78-59-43-83-24-91-89-73-7-6-19-87-63-18-67
Ta100x20,5,2,200,0.85,0.125,9,2230509282,17000,6649,6377,6009,2.751205664,v2_avx512bw_vec32_exact_perm,51-14-5-70-30-74-50-16-12-97-56-11-98-69-26-28-94-38-72-76-39-40-10-32-90-45-37-22-41-100-53-92-3-64-33-85-46-81-8-9-71-21-6-15-36-99-27-31-24-58-75-65-2-61-79-4-49-1-35-34-91-67-17-59-23-47-42-13-52-20-77-95-88-96-60-25-66-29-87-82-18-83-68-57-48-43-84-78-80-7-86-44-19-89-73-93-55-54-62-63
Ta100x20,5,2,200,0.85,0.125,10,2230510291,17000,6489,6377,6009,2.801776619,v2_avx512bw_vec32_exact_perm,14-33-64-5-50-45-62-90-98-74-61-32-16-2-39-10-97-22-15-1-69-38-72-49-51-3-56-37-41-12-94-85-100-53-78-8-46-70-20-13-58-21-18-99-76-87-40-52-95-57-28-31-29-65-81-4-91-34-44-9-92-42-11-54-48-25-83-88-66-80-36-71-6-26-59-24-47-93-23-60-43-75-82-84-86-27-96-35-30-17-68-73-55-19-79-77-89-7-67-63
Ta100x20,5,2,200,0.8875,0.025,1,2230501210,17000,6522,6377,6009,2.689664434,v2_avx512bw_vec32_exact_perm,14-50-38-98-97-64-10-49-32-12-16-5-94-99-62-56-11-71-72-33-8-2-52-65-39-90-76-1-58-36-86-28-69-75-21-30-18-3-85-45-68-15-81-60-46-26-70-31-23-66-42-35-37-4-29-92-61-84-41-27-22-74-40-6-53-96-93-82-17-59-48-13-80-95-57-20-87-51-9-47-88-25-19-83-54-55-77-7-78-89-79-73-44-100-24-34-43-91-67-63
Ta100x20,5,2,200,0.8875,0.025,2,2230502219,17000,6537,6377,6009,3.101333267,v2_avx512bw_vec32_exact_perm,14-64-5-11-30-32-97-12-99-10-98-62-50-74-16-56-33-2-38-72-70-52-51-94-86-41-65-69-53-37-28-1-29-54-80-40-39-66-59-46-76-8-87-71-85-15-31-61-78-21-9-17-48-44-75-91-90-27-47-92-23-36-49-42-79-13-60-96-4-100-24-22-81-88-45-84-3-57-68-82-26-25-20-83-55-43-95-35-58-93-6-73-34-89-7-19-77-63-18-67
Ta100x20,5,2,200,0.8875,0.025,3,2230503228,17000,6509,6377,6009,2.842927841,v2_avx512bw_vec32_exact_perm,25-32-33-50-11-94-97-64-17-51-12-98-85-30-3-81-90-10-28-37-70-41-1-74-26-52-72-2-16-61-27-65-69-39-92-56-14-76-53-13-22-58-84-4-15-38-46-45-21-36-66-23-40-75-8-62-29-86-49-5-79-96-9-71-18-20-60-43-47-35-95-31-68-87-93-80-59-34-42-6-48-100-88-82-57-63-73-99-55-24-91-83-44-89-7-78-19-54-77-67
Ta100x20,5,2,200,0.8875,0.025,4,2230504237,17000,6471,6377,6009,3.008734329,v2_avx512bw_vec32_exact_perm,64-25-10-32-5-72-11-62-50-97-98-30-14-79-38-70-78-75-28-16-39-69-85-15-76-99-71-33-100-94-56-65-52-61-36-4-74-6-1-3-41-58-92-34-81-47-12-60-26-45-37-90-8-17-46-23-13-27-48-21-40-96-66-29-51-86-9-18-49-59-53-80-22-31-42-2-20-93-55-82-88-35-91-84-83-95-57-43-24-73-68-89-87-7-44-19-54-67-77-63
Ta100x20,5,2,200,0.8875,0.025,5,2230505246,17000,6444,6377,6009,2.615768195,v2_avx512bw_vec32_exact_perm,64-14-50-38-61-32-97-30-10-74-96-98-69-5-11-76-99-33-85-56-16-17-12-62-65-71-72-1-3-49-46-8-53-37-28-45-39-58-18-68-21-94-52-81-20-70-31-78-92-4-29-41-60-75-26-9-36-90-51-6-2-47-23-15-25-66-27-87-80-59-40-88-48-100-44-13-42-57-34-55-82-35-84-86-22-79-73-93-83-95-24-89-91-7-43-19-54-67-77-63
Ta100x20,5,2,200,0.8875,0.025,6,2230506255,17000,6536,6377,6009,3.526418695,v2_avx512bw_vec32_exact_perm,14-28-51-56-16-50-38-12-30-5-76-1-95-39-64-69-49-74-87-98-97-70-37-71-61-32-3-11-72-18-66-99-6-33-41-10-58-52-65-42-92-94-90-21-15-62-13-36-86-20-23-85-26-29-100-88-81-45-40-8-53-4-46-75-2-9-79-73-24-59-34-80-22-31-35-27-96-60-57-93-43-47-25-91-68-82-83-48-89-84-78-17-44-7-19-55-54-67-77-63
Ta100x20,5,2,200,0.8875,0.025,7,2230507264,17000,6518,6377,6009,3.337522968,v2_avx512bw_vec32_exact_perm,10-64-51-50-14-5-11-33-97-12-32-17-1-30-98-38-58-94-69-16-28-13-62-78-71-72-37-3-70-74-39-90-85-45-21-15-25-49-52-47-20-44-76-59-53-80-41-56-4-42-8-57-23-31-95-60-35-46-36-92-63-29-65-84-66-86-9-2-87-27-61-68-40-6-26-96-81-93-7-48-100-88-24-22-99-91-75-54-83-55-82-18-34-77-89-79-19-43-73-67
Ta100x20,5,2,200,0.8875,0.025,8,2230508273,17000,6542,6377,6009,3.466850513,v2_avx512bw_vec32_exact_perm,14-50-98-11-97-62-32-64-10-65-94-90-12-2-72-99-52-28-15-37-74-33-69-36-21-85-49-3-38-56-92-88-67-45-53-61-39-80-75-46-70-8-60-1-82-4-59-95-87-27-22-76-16-5-9-30-17-71-96-57-58-81-20-66-55-79-47-31-23-29-34-40-35-6-93-26-83-13-42-54-68-84-86-63-25-41-19-91-44-100-48-89-73-7-43-24-77-78-51-18
Ta100x20,5,2,200,0.8875,0.025,9,2230509282,17000,6580,6377,6009,3.23330889,v2_avx512bw_vec32_exact_perm,51-14-64-32-50-97-12-10-2-11-27-98-16-56-90-94-35-39-58-33-76-5-9-62-52-92-69-28-74-1-65-71-36-72-3-88-100-18-15-8-46-91-53-38-20-37-85-29-49-45-21-30-96-99-70-59-66-47-26-24-75-4-40-22-82-86-93-41-57-23-60-34-42-81-13-68-61-84-80-79-31-95-77-55-43-17-48-89-6-73-7-87-54-19-67-25-83-63-78-44
Ta100x20,5,2,200,0.8875,0.025,10,2230510291,17000,6476,6377,6009,3.334436239,v2_avx512bw_vec32_exact_perm,64-14-10-50-98-71-62-32-12-99-5-30-97-69-16-45-3-18-72-90-94-74-33-65-22-66-41-1-80-60-39-70-11-6-53-28-46-8-52-15-27-61-87-37-76-85-40-36-13-96-68-25-26-47-49-38-100-56-21-42-79-9-2-20-29-75-4-23-31-81-57-82-92-58-84-55-95-17-51-35-59-34-86-89-88-48-83-44-91-43-24-78-73-93-19-54-7-67-77-63
Ta100x20,5,2,200,0.8875,0.05,1,2230501210,17000,6436,6377,6009,2.932504842,v2_avx512bw_vec32_exact_perm,64-14-28-62-81-50-11-10-69-33-70-38-72-51-32-94-98-90-15-99-46-8-97-45-2-12-52-58-16-76-39-5-56-4-74-49-65-31-1-41-34-80-61-37-66-92-75-3-42-13-22-17-29-20-9-71-21-36-30-23-60-88-87-18-91-93-54-47-53-85-100-48-40-79-26-59-95-35-55-68-82-57-27-96-84-67-86-25-89-6-19-24-83-78-73-44-7-43-77-63
Ta100x20,5,2,200,0.8875,0.05,2,2230502219,17000,6608,6377,6009,2.877241582,v2_avx512bw_vec32_exact_perm,33-14-64-32-44-62-98-50-11-94-90-99-12-17-41-3-97-8-51-74-65-5-72-42-27-30-15-85-53-69-28-39-78-46-36-91-1-37-76-61-92-57-10-59-81-100-79-47-87-16-4-56-71-45-9-38-66-49-21-52-84-23-2-31-6-96-29-13-26-40-58-88-82-70-20-24-48-25-75-83-60-22-93-34-80-68-43-95-19-77-35-7-86-73-55-54-89-63-18-67
Ta100x20,5,2,200,0.8875,0.05,3,2230503228,17000,6492,6377,6009,2.676439961,v2_avx512bw_vec32_exact_perm,14-33-64-50-32-11-94-97-62-12-98-74-39-2-85-3-38-22-18-10-1-70-52-76-16-72-61-90-28-69-31-100-56-41-8-4-5-65-58-21-86-27-15-99-36-46-30-9-96-49-37-71-17-6-23-87-68-63-40-66-59-81-92-29-60-35-34-84-80-53-25-20-43-45-47-93-67-42-91-57-75-26-51-88-83-95-55-82-13-48-24-19-79-54-89-73-7-77-78-44
Ta100x20,5,2,200,0.8875,0.05,4,2230504237,17000,6471,6377,6009,3.075749064,v2_avx512bw_vec32_exact_perm,64-10-98-50-11-62-5-32-30-97-12-14-16-76-39-68-99-42-69-33-74-94-41-37-91-1-72-2-79-15-56-46-51-23-58-52-27-21-70-28-8-26-31-65-95-85-36-71-53-20-13-3-90-61-49-6-38-45-96-100-55-88-87-92-40-18-22-29-60-81-4-48-17-44-35-93-34-80-59-66-82-77-86-84-43-24-75-78-57-63-25-7-47-83-89-73-9-19-54-67
Ta100x20,5,2,200,0.8875,0.05,5,2230505246,17000,6478,6377,6009,3.192777133,v2_avx512bw_vec32_exact_perm,14-64-62-32-50-11-97-12-94-38-30-98-69-72-88-2-16-10-90-33-74-5-76-99-65-1-70-52-20-92-58-41-8-53-37-4-96-21-57-56-18-87-60-59-71-36-23-6-3-68-85-49-15-46-39-47-27-28-61-67-45-100-75-91-40-42-13-17-51-26-9-81-95-25-48-29-93-55-80-66-24-35-83-54-31-82-22-84-86-63-73-89-7-43-34-77-79-19-78-44
Ta100x20,5,2,200,0.8875,0.05,6,2230506255,17000,6467,6377,6009,2.811037456,v2_avx512bw_vec32_exact_perm,33-14-38-50-98-12-97-70-64-71-30-10-32-41-15-69-39-68-5-76-99-16-56-90-28-60-94-35-53-51-72-29-2-11-6-65-4-1-3-52-92-58-37-88-45-21-18-23-36-9-74-84-61-49-86-62-81-40-85-79-20-46-42-57-8-27-59-80-26-31-95-22-96-25-93-54-100-55-47-66-34-87-13-48-82-73-24-43-91-17-44-78-19-77-7-67-75-83-89-63
Ta100x20,5,2,200,0.8875,0.05,7,2230507264,17000,6489,6377,6009,2.869094648,v2_avx512bw_vec32_exact_perm,33-14-64-5-11-94-50-38-2-74-45-58-39-12-76-70-51-97-72-90-3-37-1-85-52-32-49-98-10-69-34-16-62-41-22-46-8-53-31-27-9-21-35-4-87-60-92-30-36-65-71-86-6-28-29-15-23-18-99-66-61-56-75-100-80-40-59-91-67-48-17-42-26-88-82-20-57-93-47-54-81-89-25-13-96-83-55-68-84-95-43-24-7-78-19-77-79-73-44-63
Ta100x20,5,2,200,0.8875,0.05,8,2230508273,17000,6527,6377,6009,3.010469743,v2_avx512bw_vec32_exact_perm,14-64-70-10-51-32-97-39-12-30-33-50-74-99-80-5-15-18-98-94-52-69-16-45-17-8-87-72-46-65-1-71-9-61-37-28-11-62-6-3-36-53-100-66-38-22-81-76-21-31-56-60-59-42-68-85-20-77-2-47-29-41-95-92-75-35-4-49-23-40-55-91-90-26-82-84-48-58-25-67-27-88-96-57-24-7-43-13-54-86-44-34-89-19-83-79-78-73-93-63
Ta100x20,5,2,200,0.8875,0.05,9,2230509282,17000,6487,6377,6009,2.668551098,v2_avx512bw_vec32_exact_perm,51-14-64-32-30-33-50-97-12-17-98-74-39-5-90-76-72-85-11-62-15-16-56-95-69-28-2-52-1-10-65-100-13-41-61-3-18-37-57-38-91-46-94-8-71-87-9-75-36-40-6-22-49-25-53-42-26-4-43-45-81-80-31-66-23-44-70-60-35-88-29-99-92-47-20-86-58-21-59-67-27-96-83-93-68-34-48-82-84-24-78-7-19-77-89-79-73-55-54-63
Ta100x20,5,2,200,0.8875,0.05,10,2230510291,17000,6471,6377,6009,3.311052203,v2_avx512bw_vec32_exact_perm,14-64-50-30-38-62-32-33-97-56-12-91-11-85-10-16-17-98-94-90-39-69-65-1-53-76-25-4-21-28-75-15-3-92-37-87-71-8-47-70-58-72-20-2-66-46-9-93-61-49-52-51-68-88-82-45-84-40-41-22-74-36-29-13-60-35-27-48-100-96-5-26-18-86-34-59-80-42-99-23-31-95-57-67-54-81-79-55-73-7-6-83-89-24-43-19-77-63-78-44
Ta100x20,5,2,200,0.8875,0.075,1,2230501210,17000,6422,6377,6009,2.855029847,v2_avx512bw_vec32_exact_perm,14-33-50-97-64-62-74-5-32-94-16-38-39-98-69-2-90-45-12-76-11-72-100-61-81-56-68-70-60-28-52-37-1-41-8-85-10-51-3-71-99-9-21-4-35-15-46-20-53-47-49-30-22-27-29-91-65-66-17-96-18-59-23-40-92-95-42-43-36-6-48-24-57-80-31-88-44-86-25-87-93-34-58-82-55-54-75-26-19-89-79-73-13-83-78-84-7-67-77-63
Ta100x20,5,2,200,0.8875,0.075,2,2230502219,17000,6591,6377,6009,2.852829228,v2_avx512bw_vec32_exact_perm,14-98-64-11-32-10-5-62-1-12-16-56-74-97-49-38-50-3-94-87-76-75-72-37-65-70-28-30-90-39-15-36-78-4-100-45-60-21-69-85-81-59-86-46-17-20-41-22-31-8-71-27-80-47-35-66-33-95-52-29-58-26-2-91-51-61-13-9-6-40-42-92-84-96-57-68-44-53-79-24-55-54-88-89-99-83-82-19-25-43-23-73-93-7-34-48-77-63-18-67
Ta100x20,5,2,200,0.8875,0.075,3,2230503228,17000,6491,6377,6009,2.986900369,v2_avx512bw_vec32_exact_perm,14-33-50-11-28-90-64-69-32-99-97-10-98-74-94-1-41-85-30-3-38-56-12-21-72-68-49-52-76-71-15-5-16-13-24-61-78-2-65-31-70-58-39-53-8-6-17-42-66-45-46-91-55-96-59-100-54-36-67-60-81-26-18-79-29-75-40-4-87-95-57-62-80-51-86-25-93-92-23-37-88-77-20-22-83-34-82-48-35-27-84-63-43-9-47-7-19-89-73-44
Ta100x20,5,2,200,0.8875,0.075,4,2230504237,17000,6553,6377,6009,2.904457389,v2_avx512bw_vec32_exact_perm,64-14-33-50-11-62-32-97-5-39-30-61-74-17-12-45-28-1-2-51-65-37-98-85-10-3-94-75-53-69-90-41-4-76-72-91-36-71-16-92-8-25-47-99-21-27-79-59-46-35-84-60-95-26-80-15-9-29-23-49-31-66-58-56-52-96-57-68-70-38-22-40-82-87-13-42-20-100-93-86-55-6-88-54-81-34-67-83-43-48-24-73-89-7-19-78-77-63-18-44
Ta100x20,5,2,200,0.8875,0.075,5,2230505246,17000,6597,6377,6009,2.87125254,v2_avx512bw_vec32_exact_perm,14-33-64-32-50-38-16-12-30-98-97-94-18-65-11-90-76-72-53-69-2-39-42-1-23-74-70-15-3-95-46-8-10-89-66-5-4-85-36-87-34-59-17-51-96-28-52-49-99-68-60-75-54-21-13-9-57-47-56-79-20-81-41-22-40-37-58-92-29-61-88-100-82-71-48-31-35-6-26-63-45-25-19-80-55-91-84-83-24-43-86-73-93-67-78-7-77-44-27-62
Ta100x20,5,2,200,0.8875,0.075,6,2230506255,17000,6597,6377,6009,2.665879177,v2_avx512bw_vec32_exact_perm,25-10-32-38-5-12-64-30-97-98-14-41-69-2-20-50-72-16-15-74-33-90-94-39-56-76-53-58-49-27-87-65-4-21-1-37-36-78-6-62-11-70-29-100-85-28-52-23-66-40-8-31-71-57-45-81-26-46-61-68-35-91-51-55-13-60-47-22-99-80-88-59-3-92-84-86-75-82-42-73-48-24-17-44-95-89-79-83-93-9-96-19-7-77-43-54-67-18-34-63
Ta100x20,5,2,200,0.8875,0.075,7,2230507264,17000,6495,6377,6009,2.692598369,v2_avx512bw_vec32_exact_perm,14-64-50-51-9-62-97-32-12-39-10-65-2-33-74-94-90-41-98-69-28-11-8-16-71-72-99-56-22-100-52-76-45-5-58-15-46-23-25-75-40-85-20-37-91-21-1-27-47-84-70-66-42-26-4-17-68-59-35-49-36-63-18-53-3-78-92-6-87-57-38-31-60-61-13-55-80-95-81-30-29-34-88-48-83-24-93-82-96-77-7-86-54-67-19-89-79-43-73-44
Ta100x20,5,2,200,0.8875,0.075,8,2230508273,17000,6506,6377,6009,2.733256745,v2_avx512bw_vec32_exact_perm,33-14-50-11-98-64-62-10-32-61-74-94-52-12-2-97-27-3-39-90-5-45-16-70-53-69-76-81-72-46-65-25-1-30-85-60-38-41-100-73-68-87-56-49-23-37-4-15-36-21-80-22-31-44-99-54-58-8-89-6-28-88-29-59-95-57-71-92-20-9-17-51-26-47-55-91-75-35-40-66-34-42-48-13-24-82-96-18-77-7-19-86-43-84-79-83-78-93-63-67
Ta100x20,5,2,200,0.8875,0.075,9,2230509282,17000,6453,6377,6009,2.676835862,v2_avx512bw_vec32_exact_perm,51-5-12-64-32-50-11-97-56-10-98-90-28-1-69-3-14-39-8-74-33-41-49-4-61-38-30-72-65-87-60-36-66-21-53-46-94-2-68-31-88-81-18-76-58-25-26-70-37-45-82-84-29-16-9-92-79-59-95-17-52-62-85-24-71-23-6-15-96-40-42-13-100-99-22-55-80-20-93-75-78-57-54-47-34-48-35-83-86-44-67-27-91-43-77-89-7-19-73-63
Ta100x20,5,2,200,0.8875,0.075,10,2230510291,17000,6592,6377,6009,2.714134804,v2_avx512bw_vec32_exact_perm,14-64-5-50-97-30-98-38-94-12-17-87-37-74-33-39-28-71-70-10-3-32-1-62-45-81-2-82-52-75-16-72-92-66-21-49-36-96-88-27-56-61-53-11-69-65-86-85-9-20-15-23-4-46-8-40-60-6-41-42-79-99-26-91-22-44-80-59-35-34-95-84-47-31-25-76-43-29-93-68-58-57-19-54-90-48-100-13-63-24-55-78-7-77-83-89-73-51-18-67
Ta100x20,5,2,200,0.8875,0.1,1,2230501210,17000,6596,6377,6009,2.579141136,v2_avx512bw_vec32_exact_perm,14-98-64-50-62-74-39-58-5-36-56-94-33-8-90-10-32-3-45-71-81-12-97-85-65-99-60-87-67-49-1-69-28-53-72-61-52-70-4-15-100-37-38-22-27-92-16-9-66-31-13-95-75-80-88-42-30-17-86-46-59-2-41-54-26-89-29-23-68-40-20-35-79-6-21-57-83-11-55-76-82-25-19-93-96-7-48-43-24-91-73-47-34-84-77-63-18-78-51-44
Ta100x20,5,2,200,0.8875,0.1,2,2230502219,17000,6591,6377,6009,2.706257263,v2_avx512bw_vec32_exact_perm,14-10-5-12-97-64-50-30-38-32-39-76-11-61-62-53-99-58-70-81-37-75-52-94-65-16-25-2-80-69-71-98-72-27-33-85-91-8-49-90-3-41-13-28-26-31-66-1-87-74-57-54-40-36-56-86-79-22-9-20-21-46-92-29-95-47-73-4-23-15-17-59-42-88-45-34-68-84-82-96-55-35-100-60-93-48-89-43-6-83-24-67-78-7-44-19-77-51-63-18
Ta100x20,5,2,200,0.8875,0.1,3,2230503228,17000,6611,6377,6009,2.792634378,v2_avx512bw_vec32_exact_perm,33-14-64-10-5-32-97-39-38-50-12-98-2-16-1-72-30-28-82-94-74-75-25-36-69-56-58-76-85-87-20-51-60-65-90-45-13-61-37-41-95-70-46-84-15-21-86-52-29-23-11-88-66-4-49-68-80-73-22-59-8-54-17-79-9-42-67-57-27-93-47-92-53-3-71-81-26-91-78-44-31-40-48-24-34-35-96-100-83-6-99-7-19-63-77-89-55-43-62-18
Ta100x20,5,2,200,0.8875,0.1,4,2230504237,17000,6457,6377,6009,2.792258115,v2_avx512bw_vec32_exact_perm,14-64-32-10-11-94-50-16-12-33-70-82-1-98-90-28-72-95-52-2-97-61-69-15-46-53-20-9-85-75-49-76-62-81-25-38-22-31-21-66-30-41-58-92-36-65-4-3-71-47-56-17-59-74-35-37-26-68-29-57-45-51-80-39-60-89-27-5-34-87-40-91-8-100-78-18-13-86-43-96-93-24-48-42-88-6-99-73-55-19-23-7-83-54-67-84-79-44-77-63
Ta100x20,5,2,200,0.8875,0.1,5,2230505246,17000,6611,6377,6009,2.668210043,v2_avx512bw_vec32_exact_perm,14-33-32-11-64-12-94-97-30-39-10-98-90-50-41-28-69-74-16-76-46-5-22-40-1-38-61-15-71-56-58-49-8-13-21-4-37-82-3-66-68-72-31-60-36-45-87-17-59-65-53-91-2-88-20-35-52-54-85-24-70-34-9-96-100-26-23-81-27-75-48-62-57-84-86-29-95-92-99-47-79-25-42-55-93-43-80-44-6-63-83-89-7-78-77-19-73-51-18-67
Ta100x20,5,2,200,0.8875,0.1,6,2230506255,17000,6610,6377,6009,2.696514887,v2_avx512bw_vec32_exact_perm,14-64-32-62-30-5-12-65-50-24-97-16-69-37-10-2-98-52-1-28-88-72-39-56-46-71-11-91-51-58-76-33-53-21-74-9-85-49-90-45-81-94-31-42-54-36-75-66-92-61-70-38-86-84-15-4-80-82-20-99-29-47-27-22-87-100-40-23-8-89-78-41-57-59-60-68-13-26-17-55-3-7-67-73-95-35-6-43-96-25-83-79-44-77-93-34-48-63-19-18
Ta100x20,5,2,200,0.8875,0.1,7,2230507264,17000,6591,6377,6009,2.744349699,v2_avx512bw_vec32_exact_perm,14-10-5-64-94-74-97-32-12-62-16-98-17-39-50-9-33-15-30-1-81-90-41-22-69-49-38-76-3-85-72-11-60-95-21-36-46-20-26-92-28-52-56-54-13-65-86-29-2-47-4-37-70-58-87-31-61-66-27-84-82-53-91-42-96-93-68-25-71-57-79-75-100-8-23-40-67-88-99-43-6-80-55-59-48-24-73-34-35-83-63-45-19-7-77-89-18-78-51-44
Ta100x20,5,2,200,0.8875,0.1,8,2230508273,17000,6614,6377,6009,2.615731468,v2_avx512bw_vec32_exact_perm,14-64-33-50-28-32-10-11-74-5-12-2-36-98-30-41-1-60-53-15-62-72-46-94-90-81-38-76-85-49-97-69-16-45-21-3-39-20-70-86-52-59-66-8-58-61-27-55-29-96-37-13-100-65-9-23-54-57-4-78-31-92-26-47-95-80-91-24-87-83-71-51-56-48-40-68-35-6-99-75-44-19-42-89-88-82-17-22-73-77-7-43-84-79-25-93-34-63-18-67
Ta100x20,5,2,200,0.8875,0.1,9,2230509282,17000,6565,6377,6009,2.526853663,v2_avx512bw_vec32_exact_perm,51-98-50-11-32-62-14-97-12-2-30-64-38-41-72-37-70-9-74-69-61-76-58-94-52-5-1-10-3-16-18-81-100-13-54-53-15-56-49-28-39-90-4-26-8-46-23-22-35-31-60-17-85-27-33-71-65-95-92-66-42-80-59-20-36-21-75-45-47-88-68-86-99-96-57-67-93-91-87-84-82-40-29-79-25-48-24-43-19-6-83-55-73-89-78-7-44-34-77-63
Ta100x20,5,2,200,0.8875,0.1,10,2230510291,17000,6609,6377,6009,2.620705927,v2_avx512bw_vec32_exact_perm,14-64-50-11-62-33-32-30-23-12-97-87-70-38-61-74-15-98-2-4-80-56-1-69-71-39-3-52-10-18-99-76-85-72-53-21-92-90-45-20-65-37-94-22-84-68-41-5-49-47-79-40-88-95-17-6-59-28-75-42-24-16-81-66-67-55-27-96-100-46-8-60-57-34-86-25-93-29-91-83-58-51-13-82-36-48-89-54-35-31-26-43-9-78-19-73-7-44-77-63
Ta100x20,5,2,200,0.8875,0.125,1,2230501210,17000,6568,6377,6009,2.738602298,v2_avx512bw_vec32_exact_perm,33-14-64-5-11-30-50-51-98-97-15-81-32-10-1-38-90-87-70-76-56-96-2-74-12-36-52-49-72-94-62-71-41-6-65-39-58-47-69-53-25-45-3-37-75-66-20-55-100-85-40-57-80-24-22-8-86-31-46-23-28-42-93-95-92-4-16-9-27-61-21-67-26-68-91-13-17-34-59-89-82-99-60-83-73-35-88-77-48-79-29-7-54-84-78-19-44-43-63-18
Ta100x20,5,2,200,0.8875,0.125,2,2230502219,17000,6619,6377,6009,2.613522005,v2_avx512bw_vec32_exact_perm,14-11-30-10-90-98-50-41-69-2-33-61-97-64-12-24-94-58-62-51-8-32-52-72-74-1-45-3-28-5-85-46-16-4-65-49-76-95-15-53-20-39-35-40-70-68-21-99-37-6-81-27-36-22-23-47-26-100-38-55-56-42-92-29-48-77-75-80-31-59-71-60-9-57-66-88-79-84-93-91-34-87-82-86-44-43-78-96-17-19-73-7-13-83-54-89-25-63-18-67
Ta100x20,5,2,200,0.8875,0.125,3,2230503228,17000,6587,6377,6009,2.694658714,v2_avx512bw_vec32_exact_perm,14-33-32-30-64-94-90-39-17-98-62-50-16-10-38-15-97-37-2-23-36-12-72-74-76-3-71-70-11-5-58-69-21-47-45-99-85-20-1-46-60-8-96-28-56-40-6-75-52-41-26-31-81-59-80-4-29-22-18-100-82-51-9-57-66-68-49-65-42-13-27-61-92-87-88-95-83-79-54-53-34-84-86-93-91-67-35-48-89-25-73-77-7-43-19-24-55-63-78-44
Ta100x20,5,2,200,0.8875,0.125,4,2230504237,17000,6586,6377,6009,2.800079694,v2_avx512bw_vec32_exact_perm,14-64-50-10-5-11-94-74-76-62-90-2-98-16-72-33-53-30-38-22-12-70-41-32-95-52-27-28-49-69-26-39-61-65-97-35-51-88-15-56-4-17-8-31-58-71-3-85-23-66-75-21-86-37-1-45-29-46-60-81-20-54-9-59-80-99-36-7-47-6-42-57-92-96-87-40-68-89-19-25-100-48-82-84-73-44-24-55-43-13-79-91-83-93-78-34-77-63-18-67
Ta100x20,5,2,200,0.8875,0.125,5,2230505246,17000,6607,6377,6009,2.656500763,v2_avx512bw_vec32_exact_perm,33-14-64-98-39-32-97-50-12-17-52-94-11-69-90-99-51-65-28-3-30-38-72-56-70-1-74-21-76-81-42-13-58-27-16-96-60-53-22-36-85-5-25-35-46-10-15-8-2-68-71-37-47-45-31-59-26-41-61-79-40-6-87-49-66-75-43-80-95-4-55-29-73-92-9-100-48-34-23-88-44-91-83-82-84-24-89-57-86-20-78-7-19-93-62-54-67-77-63-18
Ta100x20,5,2,200,0.8875,0.125,6,2230506255,17000,6594,6377,6009,2.646202801,v2_avx512bw_vec32_exact_perm,25-38-64-32-62-94-33-97-5-16-74-98-14-39-50-35-11-75-10-70-8-46-36-1-49-72-65-52-53-69-42-41-4-31-76-30-99-3-45-71-15-22-56-66-21-85-40-96-88-87-92-58-37-86-18-55-20-61-80-100-47-91-59-27-2-12-90-17-48-68-26-6-79-93-34-29-28-60-81-84-82-43-23-24-83-51-95-13-89-57-63-73-9-7-19-78-77-44-54-67
Ta100x20,5,2,200,0.8875,0.125,7,2230507264,17000,6613,6377,6009,2.81048097,v2_avx512bw_vec32_exact_perm,64-25-33-32-51-14-16-94-12-97-10-98-50-90-85-3-39-30-28-56-11-69-91-1-76-38-100-9-58-2-52-62-86-4-96-26-8-71-21-65-99-46-60-84-70-45-22-87-15-6-41-37-53-74-5-72-92-61-82-27-20-55-29-36-81-47-49-23-66-40-80-48-31-88-95-79-59-44-24-57-68-93-43-34-35-63-17-75-78-83-19-89-7-77-13-42-73-54-67-18
Ta100x20,5,2,200,0.8875,0.125,8,2230508273,17000,6627,6377,6009,2.807792797,v2_avx512bw_vec32_exact_perm,25-64-5-74-4-28-50-97-98-46-14-12-20-85-16-2-33-58-32-30-62-23-39-53-15-76-90-52-37-45-59-10-8-69-49-38-72-88-36-56-94-1-21-41-70-3-40-11-79-66-42-13-17-65-6-99-31-61-75-26-27-96-100-47-22-35-60-29-82-93-86-81-71-91-44-95-57-48-89-80-92-55-87-84-54-7-78-77-68-19-24-73-43-83-9-51-34-63-18-67
Ta100x20,5,2,200,0.8875,0.125,9,2230509282,17000,6591,6377,6009,2.591895055,v2_avx512bw_vec32_exact_perm,51-14-50-16-32-64-11-94-10-62-98-97-12-5-74-49-39-69-38-28-76-95-58-1-70-72-90-33-8-36-53-2-20-27-82-59-41-4-84-86-22-52-15-56-61-21-80-68-45-46-60-26-31-29-65-85-3-88-91-37-34-23-13-87-6-71-40-42-96-99-57-66-77-75-79-100-30-9-73-43-83-92-48-67-17-54-47-81-25-93-35-89-7-19-24-78-55-63-18-44
Ta100x20,5,2,200,0.8875,0.125,10,2230510291,17000,6589,6377,6009,2.821764609,v2_avx512bw_vec32_exact_perm,14-64-5-10-32-33-50-97-38-12-30-94-41-39-28-90-62-27-56-85-98-16-70-36-69-76-87-37-81-72-17-53-15-46-1-91-35-60-74-4-23-47-2-31-21-11-25-49-75-3-61-20-66-65-6-83-71-22-55-52-99-100-82-68-45-29-93-96-8-26-57-42-88-95-92-59-80-13-40-24-78-51-9-84-7-43-34-86-89-54-48-58-44-19-79-77-63-18-73-67
Ta100x20,5,2,200,0.925,0.025,1,2230501210,17000,6472,6377,6009,2.796708664,v2_avx512bw_vec32_exact_perm,33-14-64-50-51-99-98-70-74-39-16-17-94-38-61-97-12-56-28-58-62-37-32-11-76-18-5-81-52-69-47-15-20-85-92-3-23-2-1-10-90-30-65-72-71-22-27-49-41-9-4-87-60-8-46-36-21-68-24-26-42-59-88-66-53-82-45-96-31-40-91-25-35-7-54-44-89-6-55-19-80-100-95-29-57-86-43-75-73-93-34-48-77-79-84-13-83-78-67-63
Ta100x20,5,2,200,0.925,0.025,2,2230502219,17000,6527,6377,6009,2.993028332,v2_avx512bw_vec32_exact_perm,14-64-50-11-97-12-5-3-30-98-90-10-74-94-41-32-69-33-16-62-2-65-28-18-58-1-95-49-52-39-80-85-53-37-9-72-51-92-17-56-21-8-38-71-6-59-61-99-86-76-66-31-70-87-60-57-4-15-22-23-46-42-88-67-36-20-26-75-35-27-45-40-82-25-7-48-29-54-13-96-93-47-100-24-83-78-84-68-19-89-55-81-91-44-34-77-79-43-73-63
Ta100x20,5,2,200,0.925,0.025,3,2230503228,17000,6508,6377,6009,3.028937728,v2_avx512bw_vec32_exact_perm,33-14-64-10-32-11-62-50-98-69-85-97-78-71-12-94-1-76-58-3-39-95-70-90-99-54-52-28-16-74-8-49-72-38-5-30-53-20-65-41-4-46-34-45-59-68-21-36-6-56-15-2-31-17-86-18-35-61-51-87-37-13-23-29-60-47-26-75-93-66-92-9-80-96-44-27-57-40-81-43-24-91-84-22-100-79-55-82-42-77-88-73-19-89-25-7-48-67-83-63
Ta100x20,5,2,200,0.925,0.025,4,2230504237,17000,6529,6377,6009,2.758976933,v2_avx512bw_vec32_exact_perm,14-64-5-10-16-62-32-50-97-38-30-78-94-56-11-58-71-8-98-39-41-70-46-3-65-85-1-74-49-76-52-36-95-72-12-45-28-90-22-69-100-9-92-61-53-4-54-20-55-24-26-6-21-87-68-15-35-31-60-29-2-37-47-66-75-33-13-17-42-99-51-23-63-93-86-57-40-44-79-81-88-25-59-80-34-82-83-27-77-48-91-96-7-43-73-84-18-19-89-67
Ta100x20,5,2,200,0.925,0.025,5,2230505246,17000,6554,6377,6009,3.002543529,v2_avx512bw_vec32_exact_perm,14-64-32-11-94-69-98-99-97-39-50-12-10-58-90-76-2-33-1-74-28-37-87-70-20-85-16-21-53-61-30-57-38-56-51-72-80-31-15-46-25-91-65-5-17-45-3-75-66-52-41-62-36-6-84-71-9-23-100-68-40-49-13-79-22-81-92-42-95-4-24-48-59-29-88-73-26-60-67-93-34-35-82-83-54-47-7-43-77-86-44-8-89-27-78-19-96-55-18-63
Ta100x20,5,2,200,0.925,0.025,6,2230506255,17000,6517,6377,6009,2.783513328,v2_avx512bw_vec32_exact_perm,51-64-32-14-39-50-11-98-62-2-10-12-97-65-69-1-99-52-3-8-33-25-70-76-85-58-16-37-86-72-38-94-56-49-90-31-74-23-5-4-41-28-21-27-46-67-15-26-9-100-79-66-29-61-22-30-91-36-75-92-45-87-81-60-40-42-20-35-13-95-59-80-54-57-71-55-53-6-96-83-93-68-77-48-24-34-89-88-82-84-78-7-43-19-17-47-73-63-18-44
Ta100x20,5,2,200,0.925,0.025,7,2230507264,17000,6468,6377,6009,2.895147945,v2_avx512bw_vec32_exact_perm,33-51-98-64-5-94-97-12-50-11-70-10-32-41-62-16-69-24-14-3-37-85-1-76-25-99-74-72-60-46-36-15-2-100-56-38-6-53-8-65-39-45-49-29-92-20-61-90-68-17-22-87-31-26-52-9-71-66-13-47-21-81-4-28-40-23-67-27-35-95-59-82-57-79-55-54-42-88-84-86-73-43-58-30-44-89-91-83-78-93-34-80-19-96-77-7-48-75-63-18
Ta100x20,5,2,200,0.925,0.025,8,2230508273,17000,6446,6377,6009,2.771156159,v2_avx512bw_vec32_exact_perm,64-51-50-14-98-39-74-58-94-5-85-12-97-32-62-30-38-1-45-16-69-87-10-70-3-33-71-8-72-53-28-37-90-15-76-99-46-52-20-9-21-65-56-11-36-66-92-6-42-41-79-31-26-61-18-88-59-2-60-80-47-81-75-17-57-24-73-22-4-40-82-96-27-93-23-67-100-86-25-54-49-55-43-68-91-48-29-34-84-95-35-7-19-77-63-89-13-83-78-44
Ta100x20,5,2,200,0.925,0.025,9,2230509282,17000,6543,6377,6009,2.816600885,v2_avx512bw_vec32_exact_perm,64-10-98-51-50-14-16-39-32-5-99-18-12-2-33-56-97-74-94-90-41-30-69-28-72-3-38-1-37-21-58-15-53-70-76-11-35-6-62-71-45-23-100-85-79-9-52-26-61-60-31-8-4-20-81-49-92-24-46-75-65-66-80-59-13-40-29-88-36-22-89-27-67-84-91-47-42-73-17-68-25-57-48-95-19-93-82-96-77-7-44-43-86-87-55-78-34-83-54-63
Ta100x20,5,2,200,0.925,0.025,10,2230510291,17000,6577,6377,6009,2.809489913,v2_avx512bw_vec32_exact_perm,64-33-14-11-98-30-38-50-12-97-61-32-46-65-10-74-87-2-15-69-5-71-94-3-9-76-90-99-72-92-85-16-6-28-52-20-58-22-17-1-36-70-79-37-27-41-59-100-56-53-96-8-29-31-80-95-40-21-47-4-23-49-51-60-13-25-55-66-26-93-67-34-35-45-68-83-42-75-81-54-88-48-44-84-82-57-86-89-73-39-91-43-24-77-7-78-19-62-63-18
Ta100x20,5,2,200,0.925,0.05,1,2230501210,17000,6603,6377,6009,2.582710462,v2_avx512bw_vec32_exact_perm,14-64-50-11-33-32-62-30-69-12-98-85-97-65-16-10-42-15-36-94-99-74-70-52-41-5-37-58-39-27-76-90-4-49-91-1-79-60-45-51-3-53-56-72-81-8-82-47-2-38-66-29-21-28-31-46-71-23-9-68-96-55-26-84-6-54-59-92-17-75-95-48-87-40-18-22-13-80-61-57-86-100-89-93-88-34-20-35-83-43-24-78-7-19-77-63-25-73-67-44
Ta100x20,5,2,200,0.925,0.05,2,2230502219,17000,6462,6377,6009,2.611503201,v2_avx512bw_vec32_exact_perm,14-10-33-32-11-97-12-50-30-98-38-2-39-3-5-74-94-64-90-71-76-1-72-28-56-69-95-87-100-52-85-36-65-6-20-53-61-70-16-58-15-46-27-22-8-75-21-9-45-40-35-4-51-86-62-88-23-25-92-49-37-29-96-93-66-17-81-34-47-42-59-80-68-57-41-31-99-60-67-24-91-13-77-48-89-83-18-79-54-55-82-43-84-78-7-19-26-63-73-44
Ta100x20,5,2,200,0.925,0.05,3,2230503228,17000,6462,6377,6009,2.798489261,v2_avx512bw_vec32_exact_perm,14-64-5-50-11-97-10-12-30-98-32-62-39-90-15-72-70-2-18-65-94-74-87-28-36-69-16-56-20-52-49-47-85-37-3-58-45-1-6-38-61-41-31-8-21-53-4-26-33-92-22-46-76-67-86-13-40-29-42-66-23-99-27-96-71-91-81-9-100-51-17-59-35-60-75-55-82-57-68-54-89-84-88-95-43-24-79-25-93-34-80-19-73-7-77-63-83-48-78-44
Ta100x20,5,2,200,0.925,0.05,4,2230504237,17000,6533,6377,6009,2.736893222,v2_avx512bw_vec32_exact_perm,14-98-64-10-32-11-30-5-41-39-12-62-2-38-94-16-56-76-82-15-33-85-97-37-3-1-74-69-87-65-72-46-20-100-9-52-17-51-22-28-26-71-6-27-36-50-45-90-70-23-96-31-29-53-40-49-75-21-95-8-4-58-81-61-92-66-55-80-68-99-86-59-47-93-34-35-88-73-42-60-43-13-24-54-91-57-89-25-7-48-19-83-79-44-78-84-67-77-63-18
Ta100x20,5,2,200,0.925,0.05,5,2230505246,17000,6519,6377,6009,2.687016051,v2_avx512bw_vec32_exact_perm,25-32-64-5-11-50-81-30-39-97-14-79-12-98-69-28-22-10-38-1-71-76-36-58-72-3-85-8-33-37-90-94-4-41-15-100-17-65-68-2-46-20-23-74-77-63-66-31-21-29-56-49-13-95-92-61-16-52-60-35-93-6-99-59-47-70-80-45-40-26-51-86-82-96-55-27-48-53-88-44-73-57-89-34-87-43-24-91-42-84-78-7-67-83-9-19-54-75-62-18
Ta100x20,5,2,200,0.925,0.05,6,2230506255,17000,6492,6377,6009,2.671867351,v2_avx512bw_vec32_exact_perm,14-64-50-32-16-97-10-33-30-38-12-98-2-70-39-58-62-5-74-94-90-49-1-65-53-37-26-25-52-45-41-61-69-3-11-72-85-46-51-9-8-75-15-66-17-95-4-80-29-21-13-18-28-100-99-81-76-88-22-27-59-40-71-35-60-92-67-87-86-20-93-56-42-43-91-36-6-96-83-34-57-89-31-68-48-82-84-24-23-19-79-73-55-7-54-77-63-47-78-44
Ta100x20,5,2,200,0.925,0.05,7,2230507264,17000,6539,6377,6009,2.698654967,v2_avx512bw_vec32_exact_perm,64-14-10-5-51-98-2-97-12-87-50-11-3-74-33-56-32-62-65-37-39-36-53-94-78-76-90-1-41-30-72-69-15-46-28-23-40-6-57-52-95-31-25-92-81-9-21-4-49-24-42-70-80-61-26-18-17-85-38-8-100-16-13-45-20-22-79-58-63-88-59-7-29-99-60-43-91-47-27-83-82-96-55-66-71-77-68-34-35-75-86-84-48-89-93-19-54-67-73-44
Ta100x20,5,2,200,0.925,0.05,8,2230508273,17000,6507,6377,6009,2.695797115,v2_avx512bw_vec32_exact_perm,64-10-98-14-50-33-39-32-71-62-85-5-12-30-15-97-72-20-16-18-9-2-38-94-100-22-76-90-28-87-69-31-58-37-65-49-88-86-56-70-52-36-66-96-60-81-1-11-6-8-41-3-46-35-27-23-4-40-26-29-51-47-92-91-74-21-42-13-99-59-17-95-63-53-57-25-82-55-45-83-61-80-44-75-24-43-54-68-93-19-78-84-79-77-73-7-34-48-89-67
Ta100x20,5,2,200,0.925,0.05,9,2230509282,17000,6475,6377,6009,2.740930367,v2_avx512bw_vec32_exact_perm,14-98-64-12-50-81-74-5-99-94-10-33-90-28-69-65-46-41-70-37-76-1-39-60-71-61-97-32-53-72-15-16-100-56-8-85-30-21-38-2-45-31-52-88-95-4-96-29-66-49-51-92-77-9-91-24-75-36-23-34-3-11-6-57-47-42-20-35-27-62-22-40-82-79-59-26-68-17-48-25-89-7-84-67-86-58-73-55-80-44-43-13-87-83-78-93-54-19-63-18
Ta100x20,5,2,200,0.925,0.05,10,2230510291,17000,6571,6377,6009,2.740537951,v2_avx512bw_vec32_exact_perm,33-14-30-64-10-32-38-70-11-61-97-39-69-16-98-94-62-74-50-58-65-36-56-12-1-8-72-85-52-28-2-90-51-49-76-31-6-86-53-41-54-15-87-81-25-3-4-66-21-92-37-29-71-24-20-13-9-48-46-23-60-84-42-22-5-78-75-17-99-47-45-57-88-82-68-27-26-79-59-93-96-100-91-83-55-95-35-43-40-80-44-77-19-89-7-67-73-34-63-18
Ta100x20,5,2,200,0.925,0.075,1,2230501210,17000,6562,6377,6009,2.545462599,v2_avx512bw_vec32_exact_perm,10-14-64-32-25-51-98-17-11-85-38-3-12-50-94-99-15-37-97-65-16-76-69-90-74-95-72-70-41-56-54-1-39-28-62-21-8-71-66-35-86-53-59-79-5-33-6-36-92-26-60-9-46-31-49-23-2-75-61-52-13-82-100-45-40-20-87-22-68-58-48-43-27-91-44-89-73-47-93-34-81-57-4-83-78-29-80-55-84-42-88-19-24-96-7-30-77-63-18-67
Ta100x20,5,2,200,0.925,0.075,2,2230502219,17000,6471,6377,6009,2.611201501,v2_avx512bw_vec32_exact_perm,14-28-62-33-5-30-97-64-50-11-76-46-98-38-12-70-74-94-3-1-69-86-58-39-37-32-72-71-61-85-10-16-92-56-2-34-36-75-15-9-21-6-40-67-100-41-8-26-52-20-81-31-95-90-87-49-65-13-54-53-68-99-25-93-22-80-27-59-42-66-96-57-18-29-88-60-45-35-51-4-83-23-55-82-17-48-84-79-44-91-24-47-78-77-7-43-19-89-73-63
Ta100x20,5,2,200,0.925,0.075,3,2230503228,17000,6632,6377,6009,2.548299343,v2_avx512bw_vec32_exact_perm,64-38-5-50-16-12-94-14-98-11-2-24-58-1-74-69-62-97-72-81-10-32-26-39-49-51-65-53-20-70-37-46-3-92-76-85-27-28-90-45-59-31-15-61-8-56-52-41-47-13-71-100-95-36-21-35-22-80-23-43-9-30-91-79-86-4-33-73-17-99-29-67-42-88-57-54-68-93-66-87-55-48-60-40-6-75-83-82-44-84-7-78-34-77-89-96-25-19-63-18
Ta100x20,5,2,200,0.925,0.075,4,2230504237,17000,6661,6377,6009,2.51650469,v2_avx512bw_vec32_exact_perm,14-98-11-64-94-38-12-50-97-41-65-69-16-15-56-70-90-10-58-32-61-51-76-95-37-35-53-3-47-36-30-85-72-28-22-23-60-71-20-1-73-57-52-8-39-74-31-99-21-9-49-46-82-5-6-48-92-68-80-4-33-29-75-93-26-78-27-81-59-17-24-96-40-13-2-88-25-34-87-42-66-54-100-83-79-91-44-45-43-84-67-86-7-77-19-63-89-55-18-62
Ta100x20,5,2,200,0.925,0.075,5,2230505246,17000,6586,6377,6009,2.541608358,v2_avx512bw_vec32_exact_perm,14-50-38-32-62-2-64-69-33-49-12-97-98-4-10-5-81-30-11-90-21-27-76-1-91-3-56-94-16-71-72-8-39-53-47-17-99-65-70-57-6-52-41-25-42-82-31-20-23-9-74-60-58-85-92-61-36-28-37-66-68-35-34-46-15-84-86-95-45-80-59-40-43-96-29-13-73-87-54-55-88-100-26-22-79-44-83-78-93-19-48-75-24-7-77-51-89-63-18-67
Ta100x20,5,2,200,0.925,0.075,6,2230506255,17000,6646,6377,6009,2.805474025,v2_avx512bw_vec32_exact_perm,64-51-5-62-32-38-97-33-12-76-41-39-50-14-94-10-100-45-98-71-11-84-65-56-85-8-70-3-90-87-2-72-1-16-86-52-36-6-69-82-49-74-61-20-37-53-28-31-29-92-46-9-75-4-15-58-88-21-24-93-22-27-79-81-23-26-54-55-40-13-57-47-59-80-48-66-35-60-43-99-77-83-95-96-91-30-42-67-19-17-68-89-25-73-7-34-63-18-78-44
Ta100x20,5,2,200,0.925,0.075,7,2230507264,17000,6466,6377,6009,2.74918335,v2_avx512bw_vec32_exact_perm,33-14-64-5-10-32-97-11-69-98-39-85-12-50-3-90-30-76-81-62-18-49-94-38-72-56-71-1-22-28-74-25-27-21-26-47-16-70-8-52-58-37-45-96-4-13-29-100-65-41-17-59-68-66-2-40-42-20-61-92-23-51-9-6-99-87-54-55-53-46-15-84-80-89-31-95-75-82-36-34-35-57-86-93-60-48-67-88-44-43-24-91-77-79-83-7-78-19-73-63
Ta100x20,5,2,200,0.925,0.075,8,2230508273,17000,6517,6377,6009,2.829052093,v2_avx512bw_vec32_exact_perm,64-10-51-98-50-11-14-33-32-12-97-94-16-69-56-72-2-15-30-38-28-58-46-61-71-65-3-1-85-88-41-5-81-74-24-49-39-8-52-9-4-60-37-21-90-84-76-45-22-87-20-53-70-25-92-80-44-36-26-75-100-95-13-62-48-66-42-17-34-59-6-35-31-23-29-40-82-57-68-67-27-47-86-96-55-79-99-73-93-43-91-83-78-19-7-54-77-89-63-18
Ta100x20,5,2,200,0.925,0.075,9,2230509282,17000,6594,6377,6009,2.80031583,v2_avx512bw_vec32_exact_perm,14-64-5-38-98-94-62-17-90-39-33-69-97-32-1-2-10-11-65-58-56-8-16-12-15-37-35-72-49-28-52-31-95-23-85-46-74-92-3-4-29-70-21-24-59-50-60-76-82-13-27-36-40-41-22-53-61-6-66-71-26-84-91-87-42-88-47-81-25-51-20-86-54-57-43-19-9-45-30-73-100-79-55-80-96-75-83-68-78-99-67-93-34-89-7-77-48-44-63-18
Ta100x20,5,2,200,0.925,0.075,10,2230510291,17000,6585,6377,6009,2.739861943,v2_avx512bw_vec32_exact_perm,33-14-98-64-11-70-38-62-5-12-69-16-97-17-32-30-81-10-94-75-65-25-41-49-1-90-58-39-74-8-26-21-3-60-56-4-92-47-52-85-76-34-27-50-96-53-37-28-72-9-15-82-42-2-31-45-36-20-22-46-80-48-59-57-88-35-40-66-87-95-86-29-71-23-84-61-100-93-67-91-68-83-54-43-13-79-24-51-73-6-77-99-89-55-7-19-63-18-78-44
Ta100x20,5,2,200,0.925,0.1,1,2230501210,17000,6597,6377,6009,2.93673719,v2_avx512bw_vec32_exact_perm,64-51-14-98-50-11-17-94-33-39-74-97-12-32-2-10-72-1-62-3-85-65-75-16-90-30-76-56-38-45-29-58-15-41-28-4-26-69-46-8-21-37-99-9-70-87-47-49-88-60-68-27-5-96-57-52-61-20-86-55-92-42-95-66-13-53-80-59-54-81-36-23-31-40-48-71-6-22-93-91-35-100-84-25-43-24-34-67-83-89-79-73-44-7-82-19-77-78-18-63
Ta100x20,5,2,200,0.925,0.1,2,2230502219,17000,6653,6377,6009,2.774304369,v2_avx512bw_vec32_exact_perm,25-10-33-64-32-5-14-74-28-11-98-38-2-12-99-16-97-94-56-90-21-49-3-69-71-65-72-27-81-39-59-70-22-37-17-1-45-18-46-15-87-88-8-66-4-40-76-61-52-78-47-92-57-51-53-85-58-36-30-26-29-75-20-54-31-13-23-55-95-80-35-100-86-6-41-82-93-83-73-43-24-50-60-48-7-9-67-91-19-84-68-42-79-44-89-34-96-77-63-62
Ta100x20,5,2,200,0.925,0.1,3,2230503228,17000,6600,6377,6009,2.531589014,v2_avx512bw_vec32_exact_perm,33-14-10-12-98-5-50-64-52-30-97-2-61-15-39-74-94-90-76-58-38-62-11-32-49-1-85-81-56-72-28-36-8-3-69-53-6-27-31-41-70-16-21-46-86-75-71-23-17-37-55-82-20-45-22-4-95-84-80-59-60-96-67-88-100-65-87-51-92-68-29-40-26-35-48-66-93-13-47-24-42-99-91-43-9-57-25-78-7-83-77-19-89-79-73-54-44-34-63-18
Ta100x20,5,2,200,0.925,0.1,4,2230504237,17000,6645,6377,6009,3.02094418,v2_avx512bw_vec32_exact_perm,14-33-32-64-11-70-12-97-30-10-98-62-81-1-52-16-2-49-20-72-90-3-51-38-8-50-15-56-85-100-36-23-18-45-79-39-78-17-58-76-22-35-31-57-65-80-9-60-41-86-61-69-87-27-71-5-74-59-21-94-29-26-68-93-46-37-48-66-28-47-4-40-42-88-99-75-82-92-95-83-96-24-55-6-34-19-13-84-7-77-63-53-25-91-43-54-73-89-44-67
Ta100x20,5,2,200,0.925,0.1,5,2230505246,17000,6642,6377,6009,2.753825947,v2_avx512bw_vec32_exact_perm,14-33-50-11-62-5-99-64-37-32-47-39-12-28-2-10-98-74-100-94-70-97-45-1-22-90-76-52-61-26-46-16-72-15-69-53-41-40-4-60-36-81-38-56-91-21-9-85-20-23-82-66-3-71-30-65-80-92-96-57-79-58-84-31-75-25-27-86-49-59-42-6-51-17-93-67-48-43-24-88-29-34-87-8-35-7-55-19-83-78-95-77-13-89-54-68-73-63-18-44
Ta100x20,5,2,200,0.925,0.1,6,2230506255,17000,6604,6377,6009,2.550057956,v2_avx512bw_vec32_exact_perm,14-98-11-94-64-70-62-16-32-97-10-50-75-38-3-28-12-2-30-69-33-52-15-41-96-65-95-8-58-81-27-5-85-56-76-39-4-74-36-88-40-99-47-71-72-22-100-92-26-90-82-20-53-1-60-46-29-21-59-17-66-68-48-35-37-6-51-57-49-45-13-23-87-79-61-25-43-31-24-34-42-83-9-44-80-91-84-78-89-19-7-86-73-67-55-93-54-77-63-18
Ta100x20,5,2,200,0.925,0.1,7,2230507264,17000,6601,6377,6009,2.631799891,v2_avx512bw_vec32_exact_perm,64-10-5-50-33-14-61-98-11-21-16-70-32-39-74-97-30-41-69-58-51-1-28-72-56-94-52-15-37-76-65-26-3-90-12-36-6-53-92-22-17-95-31-29-23-46-49-18-66-42-8-87-75-24-2-4-54-73-38-68-91-57-40-71-27-35-96-79-59-48-100-60-13-84-80-25-9-85-45-43-47-99-93-62-82-86-83-67-88-20-81-19-55-77-7-89-34-63-78-44
Ta100x20,5,2,200,0.925,0.1,8,2230508273,17000,6596,6377,6009,2.745812251,v2_avx512bw_vec32_exact_perm,25-33-50-5-39-30-98-90-10-32-41-62-11-56-74-94-12-2-72-52-15-99-26-97-45-46-69-87-60-65-75-3-28-37-85-71-64-8-27-23-14-1-35-76-49-91-31-13-53-58-21-29-59-61-24-92-80-22-95-20-86-51-16-9-4-70-40-42-81-79-55-66-36-96-100-6-57-38-17-78-48-84-47-93-67-77-19-68-89-88-82-54-83-73-7-43-44-34-63-18
Ta100x20,5,2,200,0.925,0.1,9,2230509282,17000,6647,6377,6009,2.634266338,v2_avx512bw_vec32_exact_perm,14-64-50-91-11-38-98-70-30-12-97-56-16-46-8-62-69-81-33-15-76-58-41-32-2-52-65-39-68-28-9-94-51-95-10-53-71-61-3-13-17-37-75-1-6-40-85-21-35-92-74-59-48-31-49-36-72-23-5-22-90-29-100-79-27-60-4-43-26-88-66-24-57-47-42-45-67-83-96-82-20-99-89-25-34-87-86-73-80-84-7-78-44-19-93-55-54-77-63-18
Ta100x20,5,2,200,0.925,0.1,10,2230510291,17000,6585,6377,6009,2.780082523,v2_avx512bw_vec32_exact_perm,64-14-33-38-32-94-97-12-50-11-98-10-16-62-70-95-28-52-72-5-37-1-87-69-2-3-30-65-36-53-15-46-85-56-17-13-71-96-41-27-39-60-25-100-58-49-90-80-99-76-4-81-45-74-47-54-75-59-40-8-31-23-42-51-9-26-21-79-57-92-68-20-61-66-29-6-55-89-84-91-83-88-82-22-48-24-73-7-44-34-35-86-93-43-19-77-63-78-18-67
Ta100x20,5,2,200,0.925,0.125,1,2230501210,17000,6601,6377,6009,2.639070468,v2_avx512bw_vec32_exact_perm,33-14-64-30-5-12-98-11-32-97-39-16-50-74-62-1-81-3-28-56-69-52-18-10-58-76-90-15-36-37-23-72-13-21-99-70-4-87-41-94-31-51-2-24-8-46-49-20-85-22-38-60-26-65-75-80-84-6-59-17-53-25-91-82-71-86-63-95-92-40-79-88-96-29-45-61-66-93-100-43-9-47-55-34-35-19-68-27-42-54-57-83-78-48-44-77-7-89-73-67
Ta100x20,5,2,200,0.925,0.125,2,2230502219,17000,6612,6377,6009,2.721715746,v2_avx512bw_vec32_exact_perm,14-64-62-32-81-50-11-10-65-16-1-70-74-94-75-17-30-2-22-39-98-12-56-51-3-37-38-97-91-85-76-31-69-26-87-40-72-90-49-95-33-28-52-4-71-21-9-88-45-100-5-53-60-41-36-79-8-92-61-86-27-15-20-46-68-23-66-99-47-84-13-59-78-80-55-29-57-34-58-18-35-6-48-42-93-82-96-7-77-25-43-24-19-83-54-44-89-63-73-67
Ta100x20,5,2,200,0.925,0.125,3,2230503228,17000,6583,6377,6009,2.776096017,v2_avx512bw_vec32_exact_perm,64-25-14-50-33-5-38-32-58-76-98-10-30-16-17-23-90-3-97-12-26-85-61-11-8-37-46-6-2-15-1-52-72-28-39-74-94-71-45-69-62-59-65-100-35-27-92-96-53-49-20-56-13-21-75-88-22-4-47-29-43-41-70-60-40-99-34-55-42-86-36-48-80-66-31-93-82-81-84-79-95-87-68-57-73-51-24-91-89-19-9-83-54-7-67-77-63-18-78-44
Ta100x20,5,2,200,0.925,0.125,4,2230504237,17000,6636,6377,6009,2.659811769,v2_avx512bw_vec32_exact_perm,14-64-65-50-11-32-3-39-10-98-90-2-69-94-30-38-41-72-33-58-70-12-74-49-27-76-46-5-97-37-36-6-15-68-71-99-88-28-56-61-21-80-31-1-85-95-52-24-57-92-59-8-16-17-53-96-4-45-55-75-22-86-20-35-40-54-66-26-42-47-29-13-81-60-73-100-91-87-9-51-67-79-25-34-23-83-82-44-43-77-48-84-7-89-18-78-19-93-62-63
Ta100x20,5,2,200,0.925,0.125,5,2230505246,17000,6582,6377,6009,2.772424621,v2_avx512bw_vec32_exact_perm,33-14-30-64-74-50-51-28-98-16-2-62-10-32-39-97-65-56-38-5-37-52-41-49-11-76-1-99-69-12-8-47-31-72-17-22-53-45-61-85-87-3-90-60-75-36-42-100-26-66-88-58-94-46-68-27-81-13-70-40-92-4-80-9-20-82-59-86-15-96-71-23-57-29-95-84-89-91-6-67-83-25-24-34-35-73-43-55-7-77-48-79-21-93-54-19-63-18-78-44
Ta100x20,5,2,200,0.925,0.125,6,2230506255,17000,6646,6377,6009,2.996008275,v2_avx512bw_vec32_exact_perm,64-51-50-14-38-94-98-75-70-30-12-97-41-39-91-57-62-10-95-36-33-69-21-72-74-2-11-20-61-32-25-6-71-28-65-3-66-87-37-31-85-1-49-15-76-35-79-40-52-8-16-46-82-26-60-4-5-53-17-48-92-45-84-67-22-29-90-59-27-47-23-56-13-100-80-9-42-99-88-58-34-86-96-55-24-19-54-89-73-7-83-68-43-77-81-78-44-93-63-18
Ta100x20,5,2,200,0.925,0.125,7,2230507264,17000,6617,6377,6009,2.799875215,v2_avx512bw_vec32_exact_perm,64-14-51-99-10-98-62-22-30-16-50-33-52-97-32-39-12-65-91-1-58-74-76-2-41-38-15-90-69-3-94-9-13-20-46-61-49-72-71-21-53-60-5-28-56-8-59-37-85-78-36-40-81-27-92-47-26-31-11-57-6-48-75-17-88-96-95-70-100-79-42-55-4-82-35-66-29-34-84-86-45-25-19-23-93-43-80-24-83-73-7-87-68-54-67-89-77-63-18-44
Ta100x20,5,2,200,0.925,0.125,8,2230508273,17000,6606,6377,6009,3.031532322,v2_avx512bw_vec32_exact_perm,14-98-64-94-71-69-33-50-81-97-74-61-2-39-90-32-72-41-60-46-5-76-62-31-10-16-99-65-23-52-12-91-4-53-25-56-1-38-80-49-44-75-8-37-45-29-70-59-28-87-100-85-58-51-47-48-36-6-40-66-26-82-11-57-17-27-67-9-42-20-30-21-92-3-86-15-13-88-95-93-22-35-84-79-68-34-43-24-73-83-89-55-7-78-19-96-54-77-63-18
Ta100x20,5,2,200,0.925,0.125,9,2230509282,17000,6599,6377,6009,3.001195132,v2_avx512bw_vec32_exact_perm,14-28-64-51-17-12-32-5-33-74-62-16-45-50-76-11-97-69-58-37-39-65-41-94-56-99-36-90-30-52-98-88-21-10-72-57-53-71-61-27-35-22-15-68-40-8-46-1-85-70-23-87-38-66-3-4-29-60-59-79-82-2-93-92-47-26-42-84-81-63-25-96-31-91-77-75-49-9-7-95-86-80-48-20-43-100-13-89-54-67-83-6-73-24-34-19-55-18-78-44
Ta100x20,5,2,200,0.925,0.125,10,2230510291,17000,6634,6377,6009,2.965374392,v2_avx512bw_vec32_exact_perm,14-38-33-32-97-30-64-11-69-94-56-85-5-16-74-72-70-1-71-3-50-37-27-80-36-65-95-87-31-2-53-8-98-28-90-10-100-49-12-39-76-22-92-9-52-58-13-42-18-86-4-59-61-81-17-23-54-48-21-51-75-45-68-66-67-6-99-46-41-40-15-25-88-26-29-55-84-47-73-60-43-91-35-57-20-79-82-19-93-24-7-78-96-83-44-34-77-89-63-62
Ta100x20,5,2,200,0.9625,0.025,1,2230501210,17000,6454,6377,6009,2.848104724,v2_avx512bw_vec32_exact_perm,64-98-51-62-32-50-11-61-97-56-14-99-74-16-10-5-87-38-94-21-65-12-72-2-30-69-28-37-33-71-85-76-25-70-39-15-90-60-92-3-66-40-6-41-1-52-36-8-58-86-81-75-4-26-9-49-46-27-96-35-18-79-17-22-42-93-20-29-57-80-31-55-91-53-82-54-59-43-95-84-23-68-83-88-45-100-34-48-89-73-67-13-24-7-19-47-77-63-78-44
Ta100x20,5,2,200,0.9625,0.025,2,2230502219,17000,6614,6377,6009,2.776245739,v2_avx512bw_vec32_exact_perm,25-32-10-11-98-50-97-30-39-64-56-2-52-12-49-14-1-69-99-65-33-28-85-74-15-62-90-58-76-79-94-8-71-72-26-46-24-5-23-70-16-4-60-47-59-35-37-3-13-41-38-66-95-21-22-81-27-17-45-51-42-88-61-96-36-55-75-57-100-40-80-31-6-92-82-87-53-54-20-93-86-29-48-68-83-91-44-19-77-7-89-73-78-84-43-9-34-63-18-67
Ta100x20,5,2,200,0.9625,0.025,3,2230503228,17000,6518,6377,6009,2.968136111,v2_avx512bw_vec32_exact_perm,14-98-38-39-50-32-12-24-94-64-30-74-5-45-41-58-90-70-2-72-46-33-15-8-71-56-80-1-10-52-61-53-6-11-69-28-16-37-65-85-76-97-86-18-99-3-4-21-27-62-87-100-23-29-9-31-22-51-34-81-42-13-49-66-40-92-96-68-35-60-20-93-82-59-48-88-57-47-89-36-79-25-26-75-91-17-84-78-83-55-7-95-19-67-73-44-43-54-77-63
Ta100x20,5,2,200,0.9625,0.025,4,2230504237,17000,6491,6377,6009,3.030126543,v2_avx512bw_vec32_exact_perm,64-98-51-50-14-11-62-33-32-2-10-90-94-81-12-76-97-16-56-1-69-41-3-30-38-72-22-4-100-65-74-70-36-45-53-21-25-95-28-58-8-52-99-39-79-5-13-17-61-15-49-9-66-85-46-23-91-31-92-40-80-59-6-87-26-60-93-27-42-78-48-55-84-77-18-82-88-96-57-37-29-71-20-47-67-34-35-75-83-54-24-68-43-7-19-86-63-89-73-44
Ta100x20,5,2,200,0.9625,0.025,5,2230505246,17000,6651,6377,6009,2.96689929,v2_avx512bw_vec32_exact_perm,98-64-14-30-81-32-10-5-33-12-11-94-99-74-56-50-97-3-90-28-66-60-38-41-61-1-39-8-58-85-65-53-69-52-22-76-36-37-23-6-20-87-71-84-59-46-70-16-26-9-17-42-78-13-49-80-15-27-21-25-4-51-29-92-45-40-75-47-72-68-82-31-2-34-88-48-83-100-95-57-93-67-86-54-35-79-73-44-91-55-43-24-96-7-77-19-89-63-18-62
Ta100x20,5,2,200,0.9625,0.025,6,2230506255,17000,6519,6377,6009,2.697102687,v2_avx512bw_vec32_exact_perm,14-64-10-51-98-50-32-62-97-11-85-38-94-12-23-30-28-90-76-39-58-1-69-74-49-2-33-72-8-52-45-37-31-5-41-16-6-75-15-17-65-70-4-71-47-99-81-56-36-29-3-26-24-87-93-46-66-18-91-21-40-61-92-88-42-84-60-35-22-27-13-96-100-68-57-54-53-43-83-95-20-55-80-59-82-86-73-67-89-25-7-19-9-34-48-79-77-63-78-44
Ta100x20,5,2,200,0.9625,0.025,7,2230507264,17000,6625,6377,6009,2.830862954,v2_avx512bw_vec32_exact_perm,33-14-64-50-11-98-62-12-5-32-3-97-90-30-10-28-65-2-39-53-58-85-27-15-51-38-22-69-1-37-87-8-72-76-52-74-80-71-45-21-36-75-49-9-61-4-41-79-6-31-99-17-94-81-55-96-23-100-70-29-42-56-46-40-66-16-60-13-57-88-59-92-95-84-82-26-54-68-25-35-86-20-93-47-48-19-89-7-83-24-91-78-77-73-67-43-34-63-18-44
Ta100x20,5,2,200,0.9625,0.025,8,2230508273,17000,6447,6377,6009,3.063411995,v2_avx512bw_vec32_exact_perm,14-64-50-11-32-10-16-65-62-98-85-74-99-94-38-12-2-97-58-20-70-52-28-1-18-69-49-39-76-53-5-72-46-21-13-15-87-37-41-60-56-8-4-36-3-100-90-45-30-23-42-92-33-79-9-61-51-82-31-68-35-22-17-29-71-59-48-66-75-47-77-27-57-40-86-93-96-55-95-80-25-89-6-83-88-73-34-81-84-26-24-91-63-78-7-44-43-19-54-67
Ta100x20,5,2,200,0.9625,0.025,9,2230509282,17000,6546,6377,6009,2.979527974,v2_avx512bw_vec32_exact_perm,98-14-50-11-12-32-97-10-16-94-64-5-30-38-70-1-74-28-90-76-72-51-41-69-87-62-26-37-8-45-25-36-53-46-82-15-49-52-68-39-6-56-31-100-23-88-99-66-40-65-85-2-33-75-60-17-13-96-3-22-42-9-48-4-24-21-61-71-59-92-86-35-79-20-55-47-58-27-73-80-57-29-93-95-19-77-7-43-91-67-54-81-34-84-89-83-63-18-78-44
Ta100x20,5,2,200,0.9625,0.025,10,2230510291,17000,6603,6377,6009,2.785123651,v2_avx512bw_vec32_exact_perm,33-14-64-50-12-65-30-10-98-97-62-32-39-51-25-74-61-11-99-76-94-8-21-37-53-2-1-72-52-41-95-5-28-31-17-15-69-13-38-16-3-56-6-85-75-23-4-100-26-24-80-59-87-78-40-27-70-96-9-60-49-22-46-48-71-57-67-42-58-20-79-55-45-88-92-29-47-81-36-66-68-35-54-82-84-90-91-83-77-19-43-86-44-7-89-73-93-34-63-18
Ta100x20,5,2,200,0.9625,0.05,1,2230501210,17000,6567,6377,6009,3.06268008,v2_avx512bw_vec32_exact_perm,33-14-64-98-50-39-32-11-69-97-12-94-81-31-16-49-2-74-56-42-10-28-65-37-90-99-1-92-58-87-62-76-25-53-82-27-30-96-23-21-15-85-20-8-46-70-52-72-9-3-4-38-60-41-61-13-40-6-59-17-79-29-36-26-100-22-75-54-5-95-83-68-71-86-57-88-44-45-48-89-91-84-55-66-80-18-47-34-43-35-19-24-73-7-77-63-78-93-51-67
Ta100x20,5,2,200,0.9625,0.05,2,2230502219,17000,6586,6377,6009,2.980963029,v2_avx512bw_vec32_exact_perm,64-10-98-51-62-32-97-14-33-11-50-16-94-12-87-85-56-74-72-90-76-15-65-58-69-61-99-31-70-22-24-36-49-46-52-3-60-26-71-1-39-8-86-53-20-6-38-28-34-4-91-66-5-41-75-59-40-95-2-21-42-17-30-81-88-92-68-47-29-45-37-43-48-23-27-100-96-9-44-54-35-83-57-55-82-89-13-19-80-73-84-79-25-78-93-7-77-63-18-67
Ta100x20,5,2,200,0.9625,0.05,3,2230503228,17000,6561,6377,6009,3.103368831,v2_avx512bw_vec32_exact_perm,33-14-64-50-11-30-28-52-12-78-39-16-32-10-70-98-37-15-97-5-90-56-2-71-76-87-72-38-58-36-1-21-3-53-69-94-74-24-62-85-100-22-25-8-45-92-29-81-34-88-46-20-47-75-42-49-82-31-66-23-61-80-4-59-65-26-48-17-13-40-35-51-86-6-93-84-95-79-55-57-41-60-68-67-99-89-27-91-19-43-96-73-7-83-9-54-44-77-63-18
Ta100x20,5,2,200,0.9625,0.05,4,2230504237,17000,6563,6377,6009,3.023089262,v2_avx512bw_vec32_exact_perm,14-64-50-11-62-98-30-97-74-61-32-10-38-41-37-17-5-15-85-33-56-16-94-12-100-52-72-36-66-1-70-53-75-76-2-51-28-23-95-82-69-39-86-22-87-88-71-65-49-4-3-8-46-44-25-58-45-59-13-60-21-42-81-35-20-40-92-29-57-48-90-67-27-80-43-9-31-99-47-68-91-26-89-93-34-78-84-6-24-83-79-73-55-96-7-19-54-77-63-18
Ta100x20,5,2,200,0.9625,0.05,5,2230505246,17000,6513,6377,6009,3.319597404,v2_avx512bw_vec32_exact_perm,14-64-51-94-50-74-97-32-62-98-11-17-12-78-30-72-2-38-28-90-85-76-39-1-10-70-16-3-56-52-69-100-45-8-46-41-77-31-37-66-92-22-18-33-9-15-21-75-58-53-65-54-36-40-26-4-6-61-23-81-27-60-13-57-80-5-96-24-55-20-71-49-47-88-35-95-59-99-79-29-93-34-91-83-48-42-82-84-87-25-73-7-86-44-89-19-68-67-43-63
Ta100x20,5,2,200,0.9625,0.05,6,2230506255,17000,6544,6377,6009,3.184730778,v2_avx512bw_vec32_exact_perm,10-51-98-14-64-50-11-30-38-94-65-85-33-69-12-97-2-72-16-27-99-32-71-76-56-21-15-49-52-1-53-90-8-41-36-81-47-6-28-25-74-45-62-95-4-3-77-31-58-66-13-23-46-70-40-92-42-37-60-87-82-17-48-57-20-39-55-80-29-18-26-75-88-22-61-59-100-34-35-89-5-79-84-86-78-93-96-83-44-9-7-43-24-91-19-54-68-63-73-67
Ta100x20,5,2,200,0.9625,0.05,7,2230507264,17000,6465,6377,6009,2.972706864,v2_avx512bw_vec32_exact_perm,33-14-64-50-38-12-30-98-2-10-41-39-70-69-16-65-11-1-37-3-72-32-97-49-75-62-99-74-91-94-46-15-90-76-85-56-31-21-18-61-29-28-53-79-51-9-92-36-6-40-22-71-35-25-84-45-52-100-60-23-4-8-78-83-13-17-96-58-5-66-68-20-55-80-59-24-34-42-26-44-88-48-82-27-57-54-47-81-86-93-43-95-87-7-19-77-63-89-73-67
Ta100x20,5,2,200,0.9625,0.05,8,2230508273,17000,6578,6377,6009,3.133054201,v2_avx512bw_vec32_exact_perm,14-30-33-64-32-38-28-50-11-97-69-39-98-10-12-70-58-85-2-74-62-1-56-71-72-3-16-100-37-52-76-61-99-45-13-65-59-15-90-31-86-41-51-17-5-75-53-94-23-4-95-35-46-91-49-67-80-20-21-9-40-22-81-84-25-8-26-27-92-66-87-47-29-82-68-57-34-79-93-42-36-48-83-6-24-88-96-60-43-44-77-18-89-78-7-19-73-55-54-63
Ta100x20,5,2,200,0.9625,0.05,9,2230509282,17000,6579,6377,6009,3.214028317,v2_avx512bw_vec32_exact_perm,14-33-5-50-11-97-98-39-54-30-64-94-58-16-72-2-32-52-1-12-74-70-62-20-85-76-10-99-90-15-80-56-8-25-40-92-46-3-66-59-82-28-53-69-37-41-87-45-65-68-21-88-100-38-86-36-23-4-31-13-51-48-49-61-60-81-29-75-26-22-55-71-24-93-6-91-47-43-27-67-17-96-34-42-84-95-35-57-83-79-73-9-19-89-7-77-63-18-78-44
Ta100x20,5,2,200,0.9625,0.05,10,2230510291,17000,6568,6377,6009,3.325090117,v2_avx512bw_vec32_exact_perm,64-10-14-98-11-32-39-62-5-74-97-99-56-50-16-65-3-69-38-28-85-53-15-2-37-90-45-12-20-72-30-46-23-92-8-21-36-71-59-33-91-94-27-70-87-42-49-81-52-58-75-1-6-40-26-9-79-76-41-4-82-51-48-100-61-93-29-68-88-25-47-60-96-89-24-57-66-22-31-35-34-83-95-80-13-84-86-55-17-43-78-73-7-19-54-44-67-77-63-18
Ta100x20,5,2,200,0.9625,0.075,1,2230501210,17000,6588,6377,6009,2.731876602,v2_avx512bw_vec32_exact_perm,14-64-32-10-11-5-97-12-27-50-98-69-16-2-30-33-41-70-1-74-62-39-90-58-99-26-76-4-8-72-100-56-28-52-17-85-91-3-36-46-24-51-20-21-15-37-68-94-13-38-57-22-23-40-66-95-65-71-80-6-49-87-53-92-59-31-78-96-55-47-7-42-45-81-60-88-29-48-93-61-44-43-82-35-34-84-86-73-89-79-77-75-83-9-54-67-25-19-63-18
Ta100x20,5,2,200,0.9625,0.075,2,2230502219,17000,6629,6377,6009,2.845680394,v2_avx512bw_vec32_exact_perm,10-98-64-50-11-12-14-5-32-97-16-30-17-33-38-56-45-15-62-81-71-3-69-58-94-46-8-1-37-36-87-26-28-66-82-74-61-39-65-70-90-44-72-53-6-76-4-52-2-54-68-23-49-85-59-99-47-27-31-80-25-41-75-83-22-93-60-21-92-95-13-57-20-100-96-35-84-40-86-73-79-29-43-42-91-88-51-48-9-24-34-89-19-7-77-78-67-55-18-63
Ta100x20,5,2,200,0.9625,0.075,3,2230503228,17000,6649,6377,6009,2.647871116,v2_avx512bw_vec32_exact_perm,64-51-62-65-11-50-12-33-74-97-70-94-16-66-98-99-14-69-15-53-61-32-10-72-58-90-39-1-3-37-2-38-75-17-78-9-5-71-92-76-85-56-46-60-87-8-20-49-79-95-52-81-36-28-35-83-47-41-30-22-86-4-59-93-29-45-27-40-23-34-31-67-6-42-80-57-55-88-26-77-100-48-24-82-43-13-84-91-68-96-89-21-25-7-73-19-54-44-63-18
Ta100x20,5,2,200,0.9625,0.075,4,2230504237,17000,6618,6377,6009,2.647628787,v2_avx512bw_vec32_exact_perm,14-50-11-32-38-99-98-30-33-64-12-52-16-10-5-2-26-90-62-70-36-74-97-3-72-6-66-65-28-37-51-39-24-58-85-56-92-23-42-17-1-8-86-87-76-94-59-4-9-41-69-46-15-79-60-81-49-61-21-82-13-31-53-54-40-57-20-29-45-71-55-75-96-47-100-84-22-48-27-68-89-88-35-91-19-80-25-83-95-73-43-93-67-7-34-77-63-18-78-44
Ta100x20,5,2,200,0.9625,0.075,5,2230505246,17000,6616,6377,6009,2.815762453,v2_avx512bw_vec32_exact_perm,14-64-5-10-11-50-94-97-33-90-32-70-98-39-69-12-74-58-99-16-54-65-2-76-53-31-72-1-36-52-56-21-17-81-37-61-92-28-30-38-75-41-48-8-26-27-82-62-46-100-13-85-57-86-3-29-59-42-66-80-20-40-15-6-45-22-71-23-67-24-88-87-51-83-68-4-95-35-60-96-55-91-49-47-89-25-93-9-34-79-43-84-78-7-77-19-73-44-63-18
Ta100x20,5,2,200,0.9625,0.075,6,2230506255,17000,6613,6377,6009,2.720656944,v2_avx512bw_vec32_exact_perm,64-98-51-50-33-11-14-32-41-30-62-85-97-69-3-28-74-10-95-12-46-52-1-23-71-72-70-76-45-42-94-26-37-25-56-36-87-24-90-4-80-31-21-100-8-29-2-20-39-49-27-22-65-47-15-53-79-5-75-59-92-9-84-78-40-6-58-66-13-86-61-38-16-57-17-68-83-60-96-55-35-93-82-88-99-44-34-48-89-43-81-73-91-77-7-19-54-63-18-67
Ta100x20,5,2,200,0.9625,0.075,7,2230507264,17000,6640,6377,6009,2.88732567,v2_avx512bw_vec32_exact_perm,33-64-14-10-5-11-98-50-51-94-90-57-1-97-12-69-41-72-26-16-30-74-37-87-32-28-70-58-17-38-65-2-71-3-25-52-80-20-46-66-75-15-39-100-45-85-61-49-9-68-76-59-81-27-56-79-31-82-99-21-60-40-8-47-42-29-78-93-36-92-4-89-6-13-53-23-91-34-96-88-22-84-67-44-86-24-77-43-7-48-83-95-35-19-73-55-54-62-63-18
Ta100x20,5,2,200,0.9625,0.075,8,2230508273,17000,6621,6377,6009,2.855457067,v2_avx512bw_vec32_exact_perm,14-5-97-64-56-95-38-28-12-85-33-32-62-58-69-16-98-99-70-90-10-2-67-52-6-94-45-15-72-50-74-39-49-4-21-71-31-3-65-46-11-76-81-53-60-1-87-8-66-41-59-37-80-75-22-83-30-61-91-36-100-29-27-13-78-17-92-40-35-20-93-54-47-73-68-82-26-57-88-84-42-51-86-25-23-9-7-43-44-24-34-48-89-79-19-55-96-77-63-18
Ta100x20,5,2,200,0.9625,0.075,9,2230509282,17000,6629,6377,6009,2.654332091,v2_avx512bw_vec32_exact_perm,14-64-50-38-10-98-80-74-94-11-72-5-39-32-2-12-70-16-28-49-18-58-69-97-37-56-76-33-95-31-90-87-92-79-3-1-4-21-61-85-15-8-27-17-53-35-46-59-52-20-45-6-57-65-60-9-51-99-42-41-36-40-23-30-54-81-91-47-88-26-29-43-71-86-84-22-44-13-100-82-89-73-77-68-66-48-24-25-7-55-19-67-75-83-78-93-34-96-63-62
Ta100x20,5,2,200,0.9625,0.075,10,2230510291,17000,6635,6377,6009,2.578352106,v2_avx512bw_vec32_exact_perm,14-33-50-64-5-11-12-2-94-16-39-37-10-97-32-62-81-76-98-72-69-1-58-61-99-71-66-21-75-24-65-46-15-3-56-90-22-30-29-49-88-52-36-79-95-8-41-28-38-6-70-85-96-17-47-20-87-92-40-82-59-26-25-19-68-45-67-80-93-91-55-53-84-48-23-42-57-4-27-100-86-83-74-78-31-43-54-35-60-13-89-73-7-44-34-77-63-9-51-18
Ta100x20,5,2,200,0.9625,0.1,1,2230501210,17000,6597,6377,6009,2.680259511,v2_avx512bw_vec32_exact_perm,33-14-64-28-11-10-50-94-12-5-32-99-98-90-30-16-72-71-97-45-62-8-53-2-39-86-65-23-69-70-38-4-3-41-100-95-61-52-37-93-1-85-76-74-87-20-31-22-80-47-25-36-9-60-82-92-21-35-58-59-13-26-51-56-27-29-15-40-66-6-75-91-49-48-46-68-19-73-55-17-34-81-96-57-67-79-42-84-24-89-88-83-78-43-77-7-44-54-63-18
Ta100x20,5,2,200,0.9625,0.1,2,2230502219,17000,6611,6377,6009,2.766966944,v2_avx512bw_vec32_exact_perm,14-64-10-5-32-11-12-94-39-16-97-98-30-50-65-69-76-42-99-58-1-27-41-26-33-72-62-70-59-52-15-85-90-6-20-47-29-28-56-87-2-49-74-37-17-51-9-38-91-4-61-92-55-3-71-21-100-96-46-53-31-13-80-60-66-35-83-8-45-22-48-68-40-88-57-23-95-75-82-36-43-81-24-93-54-86-84-89-79-25-19-78-73-7-44-34-67-77-63-18
Ta100x20,5,2,200,0.9625,0.1,3,2230503228,17000,6618,6377,6009,2.699894644,v2_avx512bw_vec32_exact_perm,33-14-50-98-11-30-64-5-16-56-32-10-90-39-70-99-76-97-38-69-49-58-12-53-94-28-92-60-81-37-41-15-52-23-6-51-36-45-3-75-62-21-13-1-80-72-31-35-2-20-65-46-8-86-85-40-61-57-27-47-87-93-26-74-22-55-9-4-71-17-95-43-96-42-66-68-59-83-91-100-77-82-48-24-78-25-88-29-73-7-54-84-89-44-79-19-34-63-18-67
Ta100x20,5,2,200,0.9625,0.1,4,2230504237,17000,6624,6377,6009,2.916422679,v2_avx512bw_vec32_exact_perm,64-14-50-33-11-30-32-12-10-97-38-98-54-22-58-41-90-94-28-27-69-16-74-52-92-1-76-56-35-4-15-39-72-70-49-53-95-87-51-85-60-37-17-80-23-91-20-3-46-21-40-59-71-36-8-24-6-26-5-75-79-65-2-99-31-57-42-81-55-66-62-88-96-93-29-43-86-9-48-100-44-45-82-34-68-19-84-47-89-78-73-67-13-83-61-7-77-63-25-18
Ta100x20,5,2,200,0.9625,0.1,5,2230505246,17000,6652,6377,6009,2.876715396,v2_avx512bw_vec32_exact_perm,14-64-5-33-32-11-98-62-94-50-30-16-36-90-97-74-15-17-72-10-3-51-86-85-41-37-69-2-9-28-81-46-61-56-1-13-66-39-70-21-100-60-26-59-76-52-29-99-8-80-12-95-47-22-38-27-23-49-65-71-44-45-48-6-91-31-42-35-34-87-53-67-58-20-82-75-57-40-92-4-84-89-68-88-79-77-19-24-78-93-96-83-55-25-7-43-54-73-63-18
Ta100x20,5,2,200,0.9625,0.1,6,2230506255,17000,6612,6377,6009,2.697029108,v2_avx512bw_vec32_exact_perm,33-14-64-50-38-69-98-32-97-16-28-74-90-94-10-85-11-52-12-72-41-42-99-70-27-3-1-62-21-15-39-6-79-2-49-5-76-47-37-56-36-71-75-91-25-87-8-46-59-30-45-60-40-88-20-53-82-17-96-26-13-81-4-23-92-34-80-31-29-61-84-95-65-58-57-68-43-86-73-54-93-48-100-55-35-24-22-63-83-9-66-7-19-78-44-77-89-51-18-67
Ta100x20,5,2,200,0.9625,0.1,7,2230507264,17000,6632,6377,6009,2.963333246,v2_avx512bw_vec32_exact_perm,14-33-11-64-5-30-32-98-12-97-50-74-10-2-65-69-16-45-41-39-62-100-1-94-56-17-49-28-90-58-52-70-3-13-72-37-82-8-59-38-92-21-71-86-20-35-4-85-76-40-81-36-61-31-79-29-6-23-51-15-48-26-24-66-42-87-55-46-9-57-53-60-75-25-96-88-47-83-22-93-54-95-99-67-91-27-80-19-77-68-43-73-84-7-34-89-63-18-78-44
Ta100x20,5,2,200,0.9625,0.1,8,2230508273,17000,6662,6377,6009,2.741452967,v2_avx512bw_vec32_exact_perm,51-14-33-5-64-50-22-65-32-11-39-97-53-69-98-2-52-10-37-16-70-17-12-99-38-1-74-61-76-21-85-31-58-35-66-72-86-28-8-94-40-3-90-45-25-30-36-92-26-9-75-55-81-100-49-4-24-91-83-80-95-15-46-41-88-34-29-93-42-20-89-6-48-56-23-71-82-84-78-68-59-57-13-19-96-87-73-7-60-47-79-77-43-44-27-62-54-63-18-67
Ta100x20,5,2,200,0.9625,0.1,9,2230509282,17000,6627,6377,6009,2.721060908,v2_avx512bw_vec32_exact_perm,64-51-98-14-50-33-30-97-94-38-61-16-62-1-43-74-80-12-32-3-90-72-39-56-28-85-69-71-8-27-11-53-58-2-76-81-46-5-26-20-4-10-52-45-65-96-84-37-91-75-29-6-49-41-54-47-99-55-92-59-9-70-17-86-73-87-40-68-21-36-67-15-82-22-66-42-31-100-88-44-48-35-83-60-23-95-13-57-79-24-25-19-93-77-89-7-18-78-34-63
Ta100x20,5,2,200,0.9625,0.1,10,2230510291,17000,6608,6377,6009,2.805871063,v2_avx512bw_vec32_exact_perm,33-14-64-32-11-10-97-94-12-98-38-50-39-72-85-76-74-51-5-16-41-1-8-49-62-69-70-37-90-2-3-75-36-24-61-20-46-23-9-6-53-17-52-15-65-45-4-95-99-29-87-28-56-92-71-30-31-13-96-21-100-81-47-58-40-27-22-59-80-66-82-68-48-93-34-67-86-44-35-57-84-83-79-60-26-42-88-25-91-43-54-73-89-19-7-78-55-77-63-18
Ta100x20,5,2,200,0.9625,0.125,1,2230501210,17000,6612,6377,6009,2.804809057,v2_avx512bw_vec32_exact_perm,14-64-50-95-11-32-98-33-12-97-39-10-70-94-90-52-2-38-3-76-1-87-30-28-72-69-56-41-5-17-40-61-71-16-8-85-37-6-25-26-23-58-74-21-13-49-15-29-31-20-35-62-65-4-53-80-91-93-45-22-88-92-99-51-46-42-96-100-43-66-19-24-82-9-59-48-36-68-55-57-86-75-60-81-79-47-83-84-27-78-54-89-73-7-44-34-67-77-63-18
Ta100x20,5,2,200,0.9625,0.125,2,2230502219,17000,6709,6377,6009,3.031392216,v2_avx512bw_vec32_exact_perm,25-51-64-97-98-14-61-39-32-10-81-65-2-45-75-50-12-33-52-76-53-94-1-3-71-30-4-99-13-42-58-100-41-72-8-28-85-11-40-49-69-56-46-5-86-22-15-17-74-36-6-38-59-20-60-48-37-26-9-23-31-80-34-87-92-95-47-66-35-21-70-44-29-93-88-55-82-84-19-78-43-24-16-79-27-96-67-57-68-89-73-91-83-90-7-18-54-77-63-62
Ta100x20,5,2,200,0.9625,0.125,3,2230503228,17000,6688,6377,6009,2.920392388,v2_avx512bw_vec32_exact_perm,64-33-14-25-32-58-81-10-50-98-97-11-12-69-61-85-53-37-16-2-72-65-94-46-8-100-76-38-1-15-99-22-31-70-56-86-90-21-36-74-54-39-28-23-20-35-52-78-71-80-40-84-60-75-55-6-87-30-9-49-29-66-34-4-41-59-3-5-47-92-17-67-48-68-95-79-57-42-27-88-96-93-43-44-26-82-45-83-24-91-51-77-7-13-19-89-73-18-63-62
Ta100x20,5,2,200,0.9625,0.125,4,2230504237,17000,6640,6377,6009,2.978132345,v2_avx512bw_vec32_exact_perm,14-64-50-97-32-62-30-38-51-56-80-41-12-28-10-69-33-49-2-98-46-11-94-78-4-76-3-53-52-100-74-61-39-85-17-15-65-58-37-5-13-95-23-96-24-1-57-16-9-59-71-72-8-7-66-6-29-36-42-92-40-27-26-21-47-70-20-90-99-81-87-75-88-60-82-93-48-45-79-84-31-22-35-83-89-86-25-73-55-19-54-67-91-43-44-68-34-77-63-18
Ta100x20,5,2,200,0.9625,0.125,5,2230505246,17000,6675,6377,6009,2.965049661,v2_avx512bw_vec32_exact_perm,64-10-5-51-74-50-94-33-32-14-11-98-2-17-39-90-30-97-1-99-72-12-82-15-70-85-16-38-56-69-65-3-92-21-31-76-58-26-23-37-52-24-61-28-47-75-100-18-71-9-91-4-49-41-84-45-42-53-66-95-68-36-46-22-59-29-60-13-8-67-87-96-27-86-40-20-81-35-80-88-25-57-6-43-54-83-55-93-77-79-7-48-44-89-73-34-78-19-63-62
Ta100x20,5,2,200,0.9625,0.125,6,2230506255,17000,6633,6377,6009,2.843325375,v2_avx512bw_vec32_exact_perm,64-25-14-33-58-38-5-98-50-10-16-12-11-75-32-70-2-39-37-53-81-94-61-52-76-97-51-72-1-60-66-28-85-8-41-30-9-90-87-95-69-46-15-56-21-29-57-13-42-27-26-49-65-4-80-3-23-31-78-92-91-62-36-59-6-100-84-82-17-74-99-40-55-22-35-19-68-54-93-48-86-45-88-96-83-43-71-47-20-24-89-7-77-79-44-73-67-34-63-18
Ta100x20,5,2,200,0.9625,0.125,7,2230507264,17000,6678,6377,6009,2.788341035,v2_avx512bw_vec32_exact_perm,14-98-64-62-85-56-33-32-97-10-11-5-16-69-94-75-50-65-37-99-74-36-28-52-41-15-80-2-84-13-46-72-61-45-95-51-20-90-1-86-76-53-66-12-58-70-25-8-21-39-100-79-59-57-4-40-30-82-3-26-22-68-49-71-38-9-81-17-88-6-92-23-44-55-78-27-48-83-87-60-35-24-43-19-29-31-91-73-89-7-93-47-42-34-77-96-63-18-54-67
Ta100x20,5,2,200,0.9625,0.125,8,2230508273,17000,6654,6377,6009,2.861045901,v2_avx512bw_vec32_exact_perm,14-12-10-98-32-30-64-50-97-71-56-87-3-38-94-74-5-36-33-99-21-20-11-62-16-17-90-76-85-8-28-39-27-81-70-53-45-86-80-1-4-9-41-46-72-65-51-22-95-47-49-2-60-35-40-59-91-52-23-79-92-15-37-26-69-25-96-88-6-66-100-84-77-93-24-43-34-48-42-55-61-82-57-58-68-29-7-13-31-78-19-75-89-83-73-44-54-63-18-67
Ta100x20,5,2,200,0.9625,0.125,9,2230509282,17000,6644,6377,6009,2.741029256,v2_avx512bw_vec32_exact_perm,33-14-5-64-28-97-38-62-12-95-30-98-50-52-61-39-41-70-74-65-1-32-60-11-69-36-81-72-92-31-15-16-2-10-53-94-66-6-42-37-13-49-23-99-75-100-80-40-76-22-68-59-58-90-46-71-84-35-20-8-91-4-21-87-29-3-27-88-45-85-56-51-17-47-48-82-26-86-93-96-54-25-67-19-83-9-79-43-57-24-34-89-73-55-7-77-63-18-78-44
Ta100x20,5,2,200,0.9625,0.125,10,2230510291,17000,6689,6377,6009,2.728640137,v2_avx512bw_vec32_exact_perm,51-98-62-97-12-14-94-33-64-32-16-90-50-9-69-74-71-3-28-61-78-70-85-10-52-36-100-1-39-75-82-37-76-49-11-72-65-53-17-30-31-54-81-6-88-22-23-2-13-27-66-41-59-40-45-86-21-4-5-46-87-38-34-26-58-8-96-24-56-15-92-57-83-80-44-95-47-68-35-42-20-99-55-19-89-29-93-84-91-79-60-7-48-63-25-43-77-73-67-18
Ta100x20,5,2,200,1.0,0.025,1,2230501210,17000,6634,6377,6009,2.857194237,v2_avx512bw_vec32_exact_perm,33-14-64-32-10-11-50-94-97-90-98-25-12-28-69-74-76-99-38-58-39-15-46-65-2-78-56-71-3-1-52-72-36-37-21-75-13-84-49-85-45-41-60-51-23-61-31-91-66-5-6-53-70-16-82-30-44-92-42-68-8-17-87-24-22-59-48-4-80-40-26-88-34-9-35-27-81-57-100-96-7-20-86-93-77-95-29-47-54-43-19-67-89-83-79-73-63-55-18-62
Ta100x20,5,2,200,1.0,0.025,2,2230502219,17000,6578,6377,6009,2.848962269,v2_avx512bw_vec32_exact_perm,64-14-50-74-28-12-5-10-94-71-33-32-30-97-69-98-72-36-2-56-11-41-15-37-62-16-60-81-6-90-45-96-3-8-39-76-1-17-70-22-58-46-53-26-59-52-61-38-9-65-4-85-49-75-100-23-95-13-20-29-91-40-35-92-21-66-80-31-55-86-44-99-48-51-27-42-88-87-93-57-43-54-47-25-24-83-79-82-84-78-7-19-73-89-68-34-77-67-63-18
Ta100x20,5,2,200,1.0,0.025,3,2230503228,17000,6580,6377,6009,2.740904817,v2_avx512bw_vec32_exact_perm,51-98-14-64-30-33-50-38-94-97-12-70-11-72-32-41-16-62-37-65-69-56-87-76-1-58-8-10-85-53-61-25-39-28-90-15-88-3-52-71-6-22-36-100-45-21-49-9-27-26-99-74-23-46-4-42-29-48-59-20-17-47-5-2-75-91-93-96-68-81-24-80-40-66-43-92-31-57-60-35-55-7-95-13-84-78-86-83-54-44-89-34-82-77-79-19-73-63-18-67
Ta100x20,5,2,200,1.0,0.025,4,2230504237,17000,6570,6377,6009,2.803874652,v2_avx512bw_vec32_exact_perm,14-64-32-39-62-74-5-30-98-94-97-38-50-12-3-69-16-56-33-85-76-2-87-10-90-49-1-52-72-70-28-92-68-46-95-15-29-8-61-57-71-18-41-58-25-80-31-37-4-27-24-26-65-60-23-91-11-53-13-36-81-6-21-20-59-17-47-100-99-22-42-96-93-66-82-75-40-55-54-48-86-51-88-43-44-45-35-34-84-89-79-83-9-78-19-77-7-73-63-67
Ta100x20,5,2,200,1.0,0.025,5,2230505246,17000,6572,6377,6009,2.866472154,v2_avx512bw_vec32_exact_perm,33-14-64-10-5-11-94-97-98-12-50-90-2-72-18-3-32-1-81-17-51-16-39-38-56-21-65-28-69-49-15-30-23-74-86-61-41-37-68-85-45-46-76-75-25-36-35-26-31-92-52-8-95-66-62-88-99-60-82-87-71-47-29-91-70-84-54-89-22-27-59-55-4-57-80-42-53-20-40-6-43-9-19-83-96-79-100-63-58-78-77-73-44-7-34-13-48-24-67-93
Ta100x20,5,2,200,1.0,0.025,6,2230506255,17000,6569,6377,6009,2.917131746,v2_avx512bw_vec32_exact_perm,14-64-50-38-33-32-94-62-11-69-98-85-12-10-99-76-4-2-58-97-41-30-92-65-96-39-52-72-16-15-90-21-100-74-49-9-1-80-20-56-53-5-27-70-51-95-28-75-81-61-3-13-57-71-59-46-8-55-37-66-47-36-23-79-29-45-17-60-42-26-34-35-31-87-40-91-22-67-86-88-84-93-82-77-48-68-6-43-24-83-54-63-89-25-7-19-73-18-78-44
Ta100x20,5,2,200,1.0,0.025,7,2230507264,17000,6606,6377,6009,2.866161297,v2_avx512bw_vec32_exact_perm,51-98-50-69-14-33-32-16-97-85-64-12-10-1-74-56-52-76-90-28-6-72-92-11-61-37-99-3-15-49-94-21-60-78-30-38-87-39-2-67-65-27-46-86-17-36-91-23-71-5-8-53-31-40-41-35-66-20-29-47-70-75-95-80-62-9-4-81-58-79-100-22-59-42-45-34-84-68-88-82-26-44-83-13-48-57-96-89-24-25-73-55-7-43-93-54-19-77-63-18
Ta100x20,5,2,200,1.0,0.025,8,2230508273,17000,6578,6377,6009,2.770140592,v2_avx512bw_vec32_exact_perm,64-14-12-98-10-5-16-32-30-62-50-72-11-97-74-69-70-2-38-3-65-53-37-94-75-76-33-90-39-15-28-66-56-58-46-88-1-21-52-36-91-45-100-61-4-49-71-80-8-87-27-86-55-20-85-24-47-51-23-96-81-95-22-13-17-40-59-82-92-42-99-79-93-67-26-29-41-6-31-34-48-83-9-60-35-57-54-84-68-89-25-7-73-43-19-77-63-18-78-44
Ta100x20,5,2,200,1.0,0.025,9,2230509282,17000,6642,6377,6009,2.922780128,v2_avx512bw_vec32_exact_perm,51-14-64-32-30-11-45-61-12-10-50-16-97-1-74-94-33-28-69-23-71-56-38-8-4-22-72-76-49-87-21-39-37-27-53-100-70-98-58-85-36-41-20-5-47-52-24-3-66-57-96-91-65-62-2-26-31-75-81-90-15-17-55-86-99-80-95-29-88-67-59-6-40-46-60-34-35-79-93-92-42-9-68-43-73-13-84-83-78-82-77-54-7-19-48-89-25-44-63-18
Ta100x20,5,2,200,1.0,0.025,10,2230510291,17000,6640,6377,6009,2.941757273,v2_avx512bw_vec32_exact_perm,14-64-32-11-50-97-62-98-69-16-56-99-52-41-65-5-36-49-20-39-10-28-71-37-1-12-17-74-6-23-45-38-33-21-94-8-72-2-30-87-100-61-15-90-42-4-66-46-58-70-31-76-67-85-59-88-92-3-91-75-24-47-29-54-53-80-40-55-27-81-26-13-95-96-57-68-60-7-78-48-22-44-83-93-82-35-86-43-34-84-9-79-77-19-89-25-73-51-63-18
Ta100x20,5,2,200,1.0,0.05,1,2230501210,17000,6649,6377,6009,2.926337176,v2_avx512bw_vec32_exact_perm,14-62-64-10-98-32-5-39-50-11-16-97-69-12-8-78-72-30-38-70-28-94-41-58-76-85-3-90-4-15-99-74-1-21-71-46-37-33-61-47-79-75-17-20-95-49-81-35-40-6-36-65-31-2-88-24-92-82-56-87-86-51-52-84-68-23-57-45-60-42-34-53-96-25-26-66-100-22-93-48-29-67-80-9-59-83-27-43-54-19-13-89-7-77-73-55-91-44-63-18
Ta100x20,5,2,200,1.0,0.05,2,2230502219,17000,6639,6377,6009,2.922845047,v2_avx512bw_vec32_exact_perm,33-14-64-30-50-98-51-32-39-38-97-12-70-94-5-95-10-16-87-26-11-74-69-1-37-85-76-45-41-52-3-35-60-15-36-90-72-46-6-2-56-75-31-96-17-13-28-42-66-57-25-65-27-71-20-59-21-47-49-78-53-8-92-23-58-4-44-61-68-80-55-40-89-77-91-100-88-81-22-34-29-7-24-84-48-99-86-79-73-9-43-83-54-93-67-82-19-18-63-62
Ta100x20,5,2,200,1.0,0.05,3,2230503228,17000,6647,6377,6009,2.89722279,v2_avx512bw_vec32_exact_perm,64-51-98-62-14-32-33-97-11-69-94-87-70-12-50-30-38-2-9-16-3-65-10-81-71-45-56-8-59-90-36-72-80-15-85-17-24-86-1-74-60-6-22-21-39-28-52-42-20-5-41-4-37-57-66-40-88-95-49-76-79-31-23-46-91-25-92-100-53-48-75-82-78-84-61-93-29-99-47-68-77-13-58-26-43-27-89-96-55-19-54-35-7-73-34-83-67-18-63-44
Ta100x20,5,2,200,1.0,0.05,4,2230504237,17000,6583,6377,6009,2.904149819,v2_avx512bw_vec32_exact_perm,64-10-98-51-14-50-11-32-33-39-12-30-85-5-97-69-38-87-72-15-60-94-46-16-28-90-65-49-61-8-56-21-36-1-74-3-27-25-81-79-26-47-13-76-52-4-78-70-59-20-58-66-82-80-45-31-71-75-95-57-40-99-41-29-96-55-37-18-91-92-100-22-84-2-6-68-23-67-17-48-86-83-93-88-43-24-53-73-44-9-34-35-7-19-42-54-77-89-63-62
Ta100x20,5,2,200,1.0,0.05,5,2230505246,17000,6651,6377,6009,3.036774023,v2_avx512bw_vec32_exact_perm,14-64-32-11-10-98-50-16-94-38-97-70-69-74-5-87-1-90-26-51-72-2-76-65-30-52-58-12-99-28-13-95-25-36-88-66-46-41-15-21-17-8-45-75-85-37-96-53-56-31-59-61-80-60-86-92-3-33-71-81-91-20-55-82-9-39-35-4-40-29-43-47-49-27-6-93-22-57-42-34-79-44-23-84-100-78-48-24-7-68-54-83-73-67-19-77-89-63-18-62
Ta100x20,5,2,200,1.0,0.05,6,2230506255,17000,6562,6377,6009,2.709367288,v2_avx512bw_vec32_exact_perm,14-64-50-5-11-30-10-97-12-98-90-94-32-28-16-1-74-39-76-18-21-72-53-35-60-99-69-33-52-85-65-62-31-41-38-40-6-87-70-15-4-100-36-56-3-37-68-2-59-9-26-46-29-66-58-51-75-49-45-88-80-22-42-92-8-13-61-17-71-95-23-27-96-82-84-57-79-20-48-25-44-93-83-91-47-34-86-43-81-73-24-19-89-63-78-7-77-55-54-67
Ta100x20,5,2,200,1.0,0.05,7,2230507264,17000,6612,6377,6009,2.810679278,v2_avx512bw_vec32_exact_perm,14-64-50-28-11-10-12-2-62-98-37-97-16-38-69-32-1-70-39-72-56-90-15-52-76-5-58-66-96-85-3-36-75-60-33-74-94-65-49-68-46-20-17-35-26-6-29-9-41-21-40-30-22-81-100-8-45-25-27-23-42-4-59-83-71-91-57-47-67-24-88-92-61-95-53-31-99-80-43-79-73-19-55-82-93-54-13-87-86-51-77-7-48-89-84-78-44-34-63-18
Ta100x20,5,2,200,1.0,0.05,8,2230508273,17000,6649,6377,6009,2.708452864,v2_avx512bw_vec32_exact_perm,14-64-33-50-65-11-98-90-26-62-85-32-97-12-56-16-39-58-94-36-76-1-74-87-25-69-8-27-72-21-17-28-51-42-41-30-3-53-2-52-45-10-61-23-81-47-60-59-66-46-20-29-13-70-96-5-86-4-57-6-71-91-100-80-40-31-15-48-37-55-24-93-75-22-82-68-54-84-95-35-38-83-88-49-92-9-79-43-99-44-89-73-7-19-34-78-77-63-18-67
Ta100x20,5,2,200,1.0,0.05,9,2230509282,17000,6675,6377,6009,2.987845796,v2_avx512bw_vec32_exact_perm,14-33-64-50-5-11-70-98-69-99-51-65-10-38-30-61-52-75-97-32-16-94-76-3-39-15-85-90-72-49-20-41-37-42-36-1-12-56-21-79-60-8-35-27-9-62-17-82-81-100-58-45-4-92-53-96-88-71-6-2-31-67-59-23-28-40-47-74-26-91-25-29-48-66-68-34-24-87-46-86-22-84-80-57-73-95-13-18-77-43-89-78-83-19-93-7-63-55-54-44
Ta100x20,5,2,200,1.0,0.05,10,2230510291,17000,6640,6377,6009,2.949922411,v2_avx512bw_vec32_exact_perm,33-64-14-50-11-5-74-10-32-12-70-16-98-97-94-38-2-56-39-76-87-28-90-60-72-69-53-1-65-85-41-75-52-62-15-95-46-4-99-61-71-26-80-13-49-21-81-20-36-93-79-37-57-8-3-29-31-96-66-17-22-6-47-92-68-59-77-27-91-23-58-84-42-82-30-45-40-88-51-100-48-35-9-67-83-24-25-19-55-7-54-89-86-43-73-34-63-18-78-44
Ta100x20,5,2,200,1.0,0.075,1,2230501210,17000,6579,6377,6009,2.920636771,v2_avx512bw_vec32_exact_perm,64-14-33-50-11-32-39-98-62-94-90-85-12-38-30-96-69-41-75-72-49-70-3-10-15-1-65-74-58-4-56-5-8-97-20-47-57-53-76-37-71-87-22-99-2-60-61-23-52-66-46-17-95-45-21-31-81-28-29-26-13-80-36-51-92-40-100-86-9-67-6-16-59-27-55-43-35-88-34-42-84-82-68-54-83-48-79-25-93-24-91-19-73-89-7-77-63-18-78-44
Ta100x20,5,2,200,1.0,0.075,2,2230502219,17000,6599,6377,6009,2.780172931,v2_avx512bw_vec32_exact_perm,51-98-62-65-64-50-94-69-14-12-33-32-49-68-28-11-97-72-61-90-53-2-8-81-38-10-70-75-4-5-16-100-6-39-99-27-3-45-36-52-1-56-76-60-58-82-92-15-41-23-31-48-21-13-42-46-47-71-66-85-20-59-96-17-88-26-37-40-35-74-57-29-54-95-30-87-80-93-25-86-84-91-43-24-55-83-22-78-7-77-19-79-73-9-44-34-89-63-18-67
Ta100x20,5,2,200,1.0,0.075,3,2230503228,17000,6670,6377,6009,2.82425808,v2_avx512bw_vec32_exact_perm,14-64-11-33-50-5-74-94-98-69-10-32-58-38-99-12-61-97-2-16-1-72-8-52-90-17-15-95-3-39-46-28-92-36-49-45-13-6-20-65-71-35-87-56-37-76-4-59-34-80-47-25-30-100-70-41-88-53-9-63-66-60-21-42-23-22-48-79-29-68-85-26-51-67-27-40-81-55-84-75-91-31-24-19-89-82-57-96-83-18-7-86-77-43-73-78-44-93-54-62
Ta100x20,5,2,200,1.0,0.075,4,2230504237,17000,6696,6377,6009,2.820944121,v2_avx512bw_vec32_exact_perm,14-10-32-33-50-11-97-69-64-16-98-2-51-94-12-30-58-45-25-41-8-36-29-35-65-56-6-46-38-49-59-52-26-1-88-60-85-96-71-72-70-74-39-37-20-3-95-47-89-28-76-21-27-66-75-92-5-57-15-82-4-23-31-80-24-68-54-40-48-13-90-81-18-22-93-87-100-84-9-17-53-83-91-61-43-86-63-99-7-79-78-19-73-44-67-77-55-42-34-62
Ta100x20,5,2,200,1.0,0.075,5,2230505246,17000,6614,6377,6009,2.717122585,v2_avx512bw_vec32_exact_perm,33-14-64-5-74-94-97-50-62-38-12-30-65-3-69-16-32-27-99-2-41-15-10-81-98-58-85-90-46-76-1-45-91-11-17-23-61-39-8-72-51-6-57-37-70-86-100-36-9-52-71-47-66-28-29-75-92-95-21-4-53-87-20-56-49-59-80-40-55-31-26-68-42-88-13-54-96-35-60-82-73-22-84-44-83-25-93-79-77-7-48-24-78-19-89-43-34-63-18-67
Ta100x20,5,2,200,1.0,0.075,6,2230506255,17000,6593,6377,6009,3.272482806,v2_avx512bw_vec32_exact_perm,64-51-50-14-97-10-12-32-33-90-30-5-98-94-80-11-28-39-74-52-69-2-16-99-9-71-70-3-4-75-72-1-76-31-23-58-62-85-65-66-82-87-15-92-81-60-46-41-27-88-26-20-40-36-56-22-25-21-37-61-47-79-45-8-42-100-59-17-91-53-38-35-6-48-83-49-13-95-57-29-73-55-44-68-96-93-34-24-43-86-84-89-78-7-19-54-67-77-63-18
Ta100x20,5,2,200,1.0,0.075,7,2230507264,17000,6631,6377,6009,2.92723815,v2_avx512bw_vec32_exact_perm,14-33-50-12-64-10-5-85-98-97-69-16-62-38-2-56-1-32-11-65-76-100-41-3-39-15-58-4-30-52-94-72-35-90-21-49-31-28-74-8-27-99-61-40-46-20-23-13-42-22-37-29-36-59-26-68-54-17-70-91-86-51-53-80-66-45-96-9-43-89-60-88-87-84-82-57-95-81-55-48-47-79-25-93-71-83-75-6-92-24-78-19-73-7-34-44-67-77-63-18
Ta100x20,5,2,200,1.0,0.075,8,2230508273,17000,6643,6377,6009,3.196439986,v2_avx512bw_vec32_exact_perm,51-14-98-97-64-50-78-32-62-99-85-33-30-38-72-94-16-11-28-12-71-70-56-2-53-52-37-39-90-76-21-3-10-1-36-65-88-23-17-46-69-15-74-49-87-13-100-86-75-61-5-45-91-31-80-24-55-8-41-66-95-58-59-4-60-81-20-42-93-35-27-47-57-29-92-40-82-68-34-96-22-83-6-43-48-73-84-9-7-26-19-77-79-54-67-89-25-63-18-44
Ta100x20,5,2,200,1.0,0.075,9,2230509282,17000,6602,6377,6009,2.989360718,v2_avx512bw_vec32_exact_perm,64-62-14-98-38-33-97-30-5-10-32-50-11-41-3-15-69-74-24-70-12-85-94-96-80-72-49-37-71-59-28-52-86-39-2-56-76-1-100-40-75-20-45-4-61-90-65-8-6-81-58-22-36-87-66-16-46-68-31-91-95-53-23-29-92-88-21-17-84-26-55-9-51-13-82-99-47-60-27-42-54-57-43-34-48-89-25-35-83-79-73-44-93-78-7-19-67-77-63-18
Ta100x20,5,2,200,1.0,0.075,10,2230510291,17000,6641,6377,6009,3.20522169,v2_avx512bw_vec32_exact_perm,33-14-98-64-11-50-72-10-32-38-94-16-90-39-2-46-76-12-66-97-5-1-28-27-87-3-58-56-70-52-95-69-74-31-53-21-85-36-8-37-49-92-62-41-65-99-75-40-100-59-30-82-45-42-67-22-26-71-54-68-81-23-61-17-4-13-80-15-83-9-6-20-29-55-34-88-48-35-84-24-91-60-79-93-57-89-7-96-77-47-51-86-78-43-73-25-19-44-63-18
Ta100x20,5,2,200,1.0,0.1,1,2230501210,17000,6638,6377,6009,3.162507615,v2_avx512bw_vec32_exact_perm,51-14-98-12-33-50-5-97-64-99-30-28-32-62-39-56-70-95-52-76-45-58-11-94-46-8-72-65-1-71-2-16-90-3-21-9-13-53-26-69-23-10-31-38-92-85-47-49-22-74-36-37-66-17-41-57-15-75-42-87-80-59-6-20-27-61-84-81-60-68-40-34-48-35-82-29-86-55-4-100-93-96-88-24-89-91-79-25-73-83-43-78-19-54-44-77-7-63-18-67
Ta100x20,5,2,200,1.0,0.1,2,2230502219,17000,6625,6377,6009,3.282286428,v2_avx512bw_vec32_exact_perm,33-14-64-10-11-32-5-30-38-12-98-62-97-74-1-49-9-69-16-50-94-58-3-95-46-4-65-76-99-52-39-81-28-90-70-8-27-61-72-87-60-53-71-2-36-47-56-21-85-25-23-40-92-6-13-31-15-41-29-22-26-82-20-34-17-84-42-80-37-79-66-59-24-57-68-93-48-75-91-88-54-96-55-35-100-43-86-45-67-73-89-7-83-19-51-78-77-44-63-18
Ta100x20,5,2,200,1.0,0.1,3,2230503228,17000,6678,6377,6009,3.308783797,v2_avx512bw_vec32_exact_perm,64-14-5-30-3-94-33-16-98-69-97-50-12-11-90-58-32-28-52-10-68-27-2-4-61-87-74-76-37-65-39-21-99-72-56-49-85-20-53-36-70-62-82-1-29-59-95-38-25-41-15-6-71-45-8-35-46-84-60-92-81-88-26-22-80-34-40-23-75-24-66-19-57-91-31-55-7-48-42-13-96-9-100-43-47-17-79-93-83-78-67-54-51-86-44-89-73-77-63-18
Ta100x20,5,2,200,1.0,0.1,4,2230504237,17000,6673,6377,6009,3.132797298,v2_avx512bw_vec32_exact_perm,25-32-97-64-14-50-74-94-41-85-30-61-12-38-1-72-2-33-52-76-65-10-98-4-11-28-58-24-16-69-21-15-62-37-87-35-60-13-100-36-79-5-56-39-95-23-91-53-71-20-17-51-70-3-57-90-66-59-8-6-46-45-47-22-83-92-99-42-29-80-48-81-31-49-40-75-55-88-93-27-54-26-96-7-86-9-34-82-19-89-68-73-78-84-18-77-43-63-44-67
Ta100x20,5,2,200,1.0,0.1,5,2230505246,17000,6649,6377,6009,3.407619877,v2_avx512bw_vec32_exact_perm,14-64-32-62-11-50-5-81-94-39-97-56-10-46-49-12-38-69-60-3-85-28-98-37-1-71-58-87-76-31-16-52-70-30-51-72-27-15-80-17-90-23-95-91-47-61-13-21-99-4-65-29-74-45-8-6-33-2-68-26-40-42-88-34-44-86-41-22-75-20-92-36-66-83-35-96-24-59-79-100-53-78-93-9-48-84-89-82-57-19-43-25-7-73-55-54-67-77-63-18
Ta100x20,5,2,200,1.0,0.1,6,2230506255,17000,6672,6377,6009,2.872691845,v2_avx512bw_vec32_exact_perm,14-64-5-30-39-33-74-61-10-85-98-50-97-2-16-4-70-52-11-62-15-58-53-1-12-38-41-49-22-76-94-72-90-37-27-95-28-71-26-3-78-25-96-8-17-56-32-46-69-31-75-36-65-6-9-92-84-80-57-66-59-45-83-79-21-35-29-40-23-24-99-55-91-54-68-60-13-51-81-86-87-100-93-47-88-43-20-42-48-34-82-7-77-89-18-19-44-63-73-67
Ta100x20,5,2,200,1.0,0.1,7,2230507264,17000,6641,6377,6009,2.840492803,v2_avx512bw_vec32_exact_perm,14-5-64-10-98-50-30-97-33-11-16-12-32-70-39-90-56-28-37-26-38-78-1-3-49-85-82-87-61-74-69-46-45-22-76-36-4-8-71-65-58-94-53-13-21-72-27-15-23-100-31-52-9-47-2-62-81-40-92-17-25-6-66-48-96-41-24-60-20-75-83-88-43-42-91-7-44-99-29-59-34-77-68-80-84-55-95-35-51-86-57-89-54-93-19-79-73-63-18-67
Ta100x20,5,2,200,1.0,0.1,8,2230508273,17000,6649,6377,6009,2.730674672,v2_avx512bw_vec32_exact_perm,33-14-64-98-50-38-62-32-12-16-56-85-51-74-61-80-81-10-87-5-95-97-2-39-69-1-27-100-41-17-22-37-11-65-13-29-28-52-4-99-72-3-40-15-8-25-76-46-70-49-42-21-66-53-9-96-75-36-68-23-54-94-71-45-35-31-6-60-47-26-90-43-92-58-59-24-89-73-88-48-84-79-82-20-55-57-7-67-19-78-44-83-91-30-86-77-93-34-63-18
Ta100x20,5,2,200,1.0,0.1,9,2230509282,17000,6612,6377,6009,2.928386179,v2_avx512bw_vec32_exact_perm,14-33-50-64-38-5-16-32-12-39-94-58-30-98-90-76-1-2-22-69-11-80-95-52-97-15-56-10-8-41-37-72-70-61-74-36-31-21-87-53-85-82-86-13-28-24-60-99-62-65-29-51-49-4-25-79-47-20-45-23-92-3-26-6-88-46-40-59-55-42-91-66-75-48-9-71-17-43-27-84-57-68-96-100-81-34-73-89-35-19-93-83-54-67-78-7-44-77-63-18
Ta100x20,5,2,200,1.0,0.1,10,2230510291,17000,6628,6377,6009,2.899725058,v2_avx512bw_vec32_exact_perm,33-14-64-32-10-11-12-50-98-97-16-22-69-49-94-38-90-1-62-99-76-74-65-41-83-72-51-20-45-30-37-52-39-28-23-4-87-40-21-13-100-85-3-79-58-91-8-5-2-70-53-31-80-81-55-59-86-15-17-56-95-46-44-26-27-42-96-61-66-88-82-92-60-36-93-71-75-78-57-47-48-68-6-35-29-84-73-54-43-19-24-9-89-25-7-67-34-77-63-18
Ta100x20,5,2,200,1.0,0.125,1,2230501210,17000,6638,6377,6009,2.942334708,v2_avx512bw_vec32_exact_perm,33-14-64-50-38-98-94-70-62-11-85-16-69-81-41-72-99-56-74-15-32-97-28-5-75-52-36-2-90-12-95-76-39-17-26-88-91-31-49-46-37-6-59-1-45-22-10-21-65-100-30-87-53-4-20-80-42-92-8-13-40-27-34-35-66-58-24-51-23-71-61-60-68-82-96-57-86-84-29-73-47-55-44-48-79-25-43-83-9-7-3-93-78-19-89-54-77-63-18-67
Ta100x20,5,2,200,1.0,0.125,2,2230502219,17000,6647,6377,6009,2.729610593,v2_avx512bw_vec32_exact_perm,64-51-14-30-39-98-97-5-33-50-69-38-99-12-70-3-32-10-94-74-35-23-16-28-90-85-76-58-92-49-21-11-37-87-4-65-13-46-20-72-56-1-27-15-36-53-78-8-96-75-40-17-52-100-22-45-88-9-71-82-59-68-26-61-80-60-86-66-31-48-81-42-44-62-6-93-55-41-2-95-57-83-7-29-47-89-25-43-34-91-84-79-24-73-19-77-54-67-63-18
Ta100x20,5,2,200,1.0,0.125,3,2230503228,17000,6669,6377,6009,2.877268006,v2_avx512bw_vec32_exact_perm,33-14-64-32-11-69-98-50-94-62-74-56-97-38-2-61-71-12-87-53-16-10-5-72-90-66-76-22-30-28-1-6-58-3-99-95-4-41-65-39-27-68-21-31-37-70-36-52-17-82-15-85-67-46-83-8-48-26-13-40-91-88-20-57-75-92-24-59-23-34-79-86-35-45-42-96-60-100-81-55-49-44-93-78-29-77-7-47-43-19-9-80-73-84-54-89-25-51-63-18
Ta100x20,5,2,200,1.0,0.125,4,2230504237,17000,6704,6377,6009,2.990885762,v2_avx512bw_vec32_exact_perm,25-51-61-64-50-30-62-38-49-98-74-99-14-12-4-76-33-10-72-1-65-41-37-45-69-39-32-87-36-3-92-53-75-81-97-94-60-70-26-90-95-28-21-52-85-31-8-2-15-56-58-93-59-47-5-80-20-16-23-86-42-40-11-88-6-46-22-17-66-35-27-71-7-84-24-48-29-57-82-91-55-100-89-77-13-78-79-63-68-73-34-9-43-96-83-18-19-54-67-44
Ta100x20,5,2,200,1.0,0.125,5,2230505246,17000,6657,6377,6009,2.730130304,v2_avx512bw_vec32_exact_perm,51-64-32-14-33-97-28-12-85-69-50-11-10-38-36-70-37-3-98-90-94-72-75-49-1-39-42-17-8-95-41-5-27-74-76-56-96-58-21-22-45-4-20-65-53-52-88-77-26-31-6-23-2-15-100-46-30-57-29-16-80-59-40-35-61-71-60-44-79-92-82-9-48-84-81-91-67-99-68-83-13-89-54-47-86-66-25-43-19-87-73-7-24-55-78-93-34-62-63-18
Ta100x20,5,2,200,1.0,0.125,6,2230506255,17000,6683,6377,6009,3.216874912,v2_avx512bw_vec32_exact_perm,33-64-14-5-10-16-50-97-98-38-99-32-62-72-12-21-2-94-80-56-11-65-90-45-3-37-1-70-20-22-52-100-49-81-85-39-41-74-6-42-36-53-9-87-26-69-17-46-40-59-66-75-25-91-92-30-61-60-71-67-35-78-4-83-76-15-13-43-28-27-93-96-23-57-82-48-29-31-8-86-47-68-84-88-54-55-24-34-95-89-79-7-19-58-73-51-77-63-18-44
Ta100x20,5,2,200,1.0,0.125,7,2230507264,17000,6636,6377,6009,3.43958665,v2_avx512bw_vec32_exact_perm,33-14-64-10-5-50-97-38-94-98-51-62-24-85-65-11-30-78-41-69-74-61-53-70-12-16-71-56-32-72-2-39-22-28-49-52-20-37-46-21-45-25-26-58-92-91-4-23-40-36-59-76-66-90-88-57-100-8-42-87-75-82-31-15-95-17-6-3-80-13-1-99-83-86-81-48-47-93-89-27-43-60-29-96-9-7-34-84-35-68-73-54-67-19-55-79-44-77-63-18
Ta100x20,5,2,200,1.0,0.125,8,2230508273,17000,6664,6377,6009,3.208611766,v2_avx512bw_vec32_exact_perm,14-64-32-11-98-50-69-97-99-12-2-75-62-70-94-74-28-42-36-49-30-72-41-88-1-20-46-76-16-56-61-71-33-85-6-87-90-5-3-60-66-39-86-27-22-53-52-65-92-37-15-23-58-4-45-96-21-13-44-8-17-29-26-40-25-67-80-100-93-31-91-59-34-43-47-81-35-83-79-95-78-10-57-38-24-48-73-7-84-82-55-68-19-89-51-9-54-77-63-18
Ta100x20,5,2,200,1.0,0.125,9,2230509282,17000,6680,6377,6009,3.184209637,v2_avx512bw_vec32_exact_perm,25-10-51-98-50-32-64-30-14-97-41-2-12-79-27-61-56-16-52-1-65-31-81-88-15-21-3-11-90-94-72-23-66-40-85-91-5-74-13-67-33-71-47-86-37-17-29-59-96-34-49-8-38-28-69-87-20-58-22-82-4-75-76-55-73-100-89-46-68-45-70-99-60-39-9-57-42-53-83-92-80-36-26-35-48-6-24-93-78-84-95-43-7-19-62-54-44-77-63-18
Ta100x20,5,2,200,1.0,0.125,10,2230510291,17000,6676,6377,6009,3.141511329,v2_avx512bw_vec32_exact_perm,64-14-33-50-11-98-30-32-39-70-12-17-41-3-56-69-38-10-5-36-65-20-49-90-81-51-76-28-97-52-58-99-1-60-85-47-80-9-15-21-74-27-2-94-13-53-16-95-24-96-72-78-75-8-92-42-61-6-45-59-40-23-88-4-46-31-26-37-91-66-57-68-83-44-22-79-100-34-29-71-84-35-82-93-19-48-62-86-54-43-87-25-89-67-77-7-73-55-63-18
Ta100x20,5,3,300,0.85,0.025,1,2230501210,17000,6524,6377,6009,3.833735312,v2_avx512bw_vec32_exact_perm,14-64-32-10-11-30-98-39-50-97-12-74-28-56-58-94-5-16-52-33-85-69-65-71-9-1-87-76-2-4-18-72-3-49-37-70-41-22-38-75-66-21-36-15-17-40-35-90-59-53-68-80-95-26-61-31-6-92-86-46-23-27-51-20-8-81-57-13-96-60-67-29-93-100-45-34-42-48-88-82-84-62-25-63-99-47-91-43-24-7-19-77-89-79-83-78-73-55-54-44
Ta100x20,5,3,300,0.85,0.025,2,2230502219,17000,6591,6377,6009,3.810776209,v2_avx512bw_vec32_exact_perm,10-51-98-14-64-50-11-58-94-32-97-12-2-30-33-5-28-38-49-16-56-90-3-39-76-41-1-72-8-21-53-31-85-74-45-70-81-15-66-65-42-80-47-4-61-99-52-69-17-75-46-57-36-27-62-59-95-37-26-86-71-23-92-9-13-100-96-20-22-44-35-83-93-6-87-54-67-88-40-48-29-68-60-84-24-91-82-43-77-25-19-89-73-7-79-55-78-34-63-18
Ta100x20,5,3,300,0.85,0.025,3,2230503228,17000,6476,6377,6009,3.650349075,v2_avx512bw_vec32_exact_perm,98-64-14-30-38-33-5-32-39-16-70-12-50-97-74-2-10-61-87-37-65-94-53-90-28-69-11-76-72-66-1-46-15-56-42-3-85-4-21-8-41-45-25-24-20-49-9-71-52-22-58-36-75-80-100-23-13-51-40-81-6-59-17-95-62-57-92-88-29-26-31-60-55-82-35-43-91-84-86-78-73-68-44-99-83-93-34-47-77-79-27-96-7-19-54-67-48-89-63-18
Ta100x20,5,3,300,0.85,0.025,4,2230504237,17000,6470,6377,6009,3.819427085,v2_avx512bw_vec32_exact_perm,14-64-50-11-98-62-5-97-56-12-58-16-32-94-3-90-85-10-33-2-52-8-41-38-72-49-1-30-74-17-69-65-31-78-28-53-76-37-25-39-26-70-18-45-47-22-81-4-71-60-46-27-23-13-21-36-15-82-95-87-20-35-80-68-59-40-6-61-93-92-86-42-66-96-57-44-88-48-29-75-100-99-55-54-7-19-77-24-89-79-83-73-91-51-43-9-34-84-67-63
Ta100x20,5,3,300,0.85,0.025,5,2230505246,17000,6505,6377,6009,3.921264703,v2_avx512bw_vec32_exact_perm,33-14-64-5-28-11-62-50-98-30-38-3-2-12-97-74-10-32-94-41-16-46-56-15-72-51-8-17-65-85-90-1-76-31-58-53-69-18-22-39-45-49-37-88-36-52-78-71-29-47-99-21-35-27-60-9-81-91-70-4-42-92-87-20-26-40-13-80-25-100-54-23-55-59-79-95-83-66-61-93-6-89-84-68-82-34-57-19-86-43-96-24-73-77-7-48-67-75-63-44
Ta100x20,5,3,300,0.85,0.025,6,2230506255,17000,6513,6377,6009,3.880073522,v2_avx512bw_vec32_exact_perm,14-64-32-10-11-2-97-12-72-50-71-33-98-62-85-37-94-74-1-28-38-65-39-69-3-4-16-45-18-49-90-15-58-6-67-81-76-5-41-61-46-8-13-53-27-20-21-70-17-31-36-52-100-26-22-95-59-35-23-30-55-60-80-88-92-29-40-66-96-56-82-84-99-47-68-42-34-24-87-91-25-57-89-75-54-83-9-51-43-86-44-48-79-93-78-19-77-7-73-63
Ta100x20,5,3,300,0.85,0.025,7,2230507264,17000,6524,6377,6009,3.940918131,v2_avx512bw_vec32_exact_perm,64-33-51-32-14-39-5-94-11-30-10-98-50-97-12-16-72-70-90-1-76-99-58-52-74-69-15-2-65-41-31-36-61-37-53-75-21-80-18-81-20-86-56-49-4-46-91-28-8-38-60-23-27-85-96-92-3-40-13-6-71-48-95-17-35-42-59-25-29-66-45-34-55-82-87-84-22-9-54-57-26-79-67-83-89-88-68-100-43-24-73-93-77-63-7-47-78-19-44-62
Ta100x20,5,3,300,0.85,0.025,8,2230508273,17000,6531,6377,6009,3.758686368,v2_avx512bw_vec32_exact_perm,14-64-50-11-32-30-97-12-33-70-3-38-90-94-98-74-72-2-71-5-41-28-87-37-56-10-49-9-52-69-16-15-62-53-1-81-76-4-58-61-65-6-46-45-8-85-27-26-39-23-36-31-92-60-96-18-86-22-66-35-21-29-40-100-79-55-13-82-20-42-25-91-99-17-51-59-80-47-93-95-84-43-78-24-75-68-57-19-54-89-88-83-73-44-77-7-34-48-63-67
Ta100x20,5,3,300,0.85,0.025,9,2230509282,17000,6525,6377,6009,3.708500094,v2_avx512bw_vec32_exact_perm,14-64-32-10-11-62-98-50-16-70-97-30-38-65-12-99-94-58-1-46-28-37-74-5-69-76-15-35-72-53-51-45-52-36-56-42-85-87-20-17-6-92-61-39-60-41-18-71-3-59-8-9-90-47-21-49-23-4-40-27-26-79-96-81-25-22-29-66-13-100-75-55-82-2-31-91-68-80-57-54-86-33-93-48-95-89-88-19-77-7-73-34-24-43-83-67-78-84-63-44
Ta100x20,5,3,300,0.85,0.025,10,2230510291,17000,6572,6377,6009,3.717681807,v2_avx512bw_vec32_exact_perm,25-64-14-50-11-10-98-85-97-12-56-34-16-32-58-30-39-38-70-61-94-74-28-90-26-76-72-46-69-3-91-53-71-1-8-52-75-78-99-31-21-41-49-5-24-92-65-37-36-87-15-4-100-45-62-33-47-2-68-13-81-66-17-23-86-42-59-27-96-80-40-22-95-51-20-35-93-57-29-88-79-84-60-55-48-82-6-83-89-73-44-9-7-43-19-54-77-63-18-67
Ta100x20,5,3,300,0.85,0.05,1,2230501210,17000,6571,6377,6009,3.824110109,v2_avx512bw_vec32_exact_perm,51-14-64-50-33-32-10-18-11-12-2-97-28-30-65-72-38-90-94-98-37-35-69-17-5-15-53-36-46-16-59-76-88-25-8-41-95-74-58-4-27-21-1-80-49-20-13-3-47-56-22-99-52-71-61-68-70-29-67-100-24-23-81-79-85-31-34-42-66-39-60-57-26-9-92-44-45-75-48-91-82-87-40-54-86-73-55-6-43-84-89-83-78-93-96-7-77-19-63-62
Ta100x20,5,3,300,0.85,0.05,2,2230502219,17000,6498,6377,6009,3.864613897,v2_avx512bw_vec32_exact_perm,25-32-97-64-50-33-30-14-11-12-2-74-98-39-49-38-10-5-41-75-28-62-8-17-95-69-16-58-76-1-56-85-3-15-6-53-94-46-20-65-26-52-72-92-37-4-9-87-90-61-45-21-31-70-79-88-40-18-23-36-22-99-81-71-59-51-60-13-80-100-66-47-35-48-29-27-96-55-24-93-57-54-89-7-44-42-91-84-43-68-34-82-83-67-86-78-19-77-73-63
Ta100x20,5,3,300,0.85,0.05,3,2230503228,17000,6628,6377,6009,3.945782504,v2_avx512bw_vec32_exact_perm,14-33-64-50-32-12-49-10-97-98-38-5-94-74-39-3-90-28-16-58-30-22-2-62-1-72-52-56-76-82-37-15-65-41-48-71-45-69-46-86-36-4-31-59-61-100-11-21-8-27-35-51-87-13-66-53-96-60-85-20-24-81-40-92-29-70-18-26-88-6-67-80-55-93-95-34-47-91-23-84-42-79-99-83-78-77-17-44-75-57-43-68-73-54-89-7-19-9-25-63
Ta100x20,5,3,300,0.85,0.05,4,2230504237,17000,6606,6377,6009,3.806188323,v2_avx512bw_vec32_exact_perm,25-51-50-98-97-64-14-74-56-32-39-33-85-2-38-10-12-70-11-61-24-5-58-36-76-49-53-52-95-3-75-22-28-1-69-81-27-46-87-71-72-94-41-26-57-80-31-8-65-68-37-21-15-4-100-63-45-23-40-78-30-17-59-79-16-92-67-90-29-60-96-13-88-99-77-35-47-93-20-86-83-66-91-82-73-55-48-6-84-89-42-54-44-7-19-43-9-34-62-18
Ta100x20,5,3,300,0.85,0.05,5,2230505246,17000,6495,6377,6009,3.979607672,v2_avx512bw_vec32_exact_perm,51-5-14-97-81-50-33-64-30-98-17-39-62-11-32-38-94-69-16-72-21-65-74-1-10-2-12-86-28-90-56-4-76-59-37-22-3-71-15-41-35-6-24-61-31-70-58-92-53-46-8-9-49-52-20-91-47-45-85-57-40-36-79-60-75-88-23-29-95-42-99-54-55-68-44-84-26-80-66-25-34-93-82-48-87-13-83-27-96-7-100-78-77-43-19-73-67-89-63-18
Ta100x20,5,3,300,0.85,0.05,6,2230506255,17000,6550,6377,6009,3.821438788,v2_avx512bw_vec32_exact_perm,98-64-14-28-12-51-33-50-32-30-5-97-11-72-69-16-94-38-58-1-3-76-37-78-85-25-49-24-13-21-52-34-10-23-65-2-61-71-56-15-80-47-4-92-39-35-26-8-27-40-87-45-41-91-46-31-95-70-53-60-36-74-29-99-67-88-96-90-59-100-68-17-75-22-48-93-42-66-6-83-54-84-55-82-57-62-86-20-43-9-19-89-81-79-73-7-77-63-18-44
Ta100x20,5,3,300,0.85,0.05,7,2230507264,17000,6603,6377,6009,3.741158237,v2_avx512bw_vec32_exact_perm,51-14-97-98-64-50-11-99-12-5-30-10-32-41-39-62-52-49-70-74-15-72-94-58-1-90-76-67-71-37-17-23-16-88-95-3-22-69-28-92-65-4-47-38-81-6-33-61-66-27-59-53-85-46-45-2-60-87-56-68-42-36-80-57-29-26-40-35-20-79-31-82-84-86-48-44-21-91-24-25-96-100-8-93-89-78-34-73-7-43-13-83-77-75-55-9-19-54-63-18
Ta100x20,5,3,300,0.85,0.05,8,2230508273,17000,6624,6377,6009,3.799973998,v2_avx512bw_vec32_exact_perm,14-64-50-11-10-65-94-90-33-69-95-5-12-2-97-72-85-74-99-98-39-30-21-1-32-17-58-16-70-52-51-76-28-20-53-9-6-36-56-46-86-4-26-67-88-45-42-87-38-66-100-40-13-41-49-81-31-15-68-82-57-71-22-8-3-29-54-55-96-75-92-24-61-37-59-25-23-27-60-35-48-80-18-83-34-47-91-44-84-89-78-7-19-77-79-73-43-93-63-62
Ta100x20,5,3,300,0.85,0.05,9,2230509282,17000,6494,6377,6009,3.779826689,v2_avx512bw_vec32_exact_perm,14-64-5-50-11-3-74-32-94-38-33-12-2-97-30-95-41-10-65-1-69-28-78-52-16-8-17-21-72-45-15-53-61-39-85-90-71-58-13-76-100-56-46-49-36-4-37-98-81-27-34-26-23-96-62-68-70-31-35-6-59-60-87-92-80-40-9-29-99-66-42-91-77-51-48-75-24-25-57-82-54-83-55-88-22-84-7-86-43-79-73-44-89-19-20-93-47-67-63-18
Ta100x20,5,3,300,0.85,0.05,10,2230510291,17000,6455,6377,6009,3.89846413,v2_avx512bw_vec32_exact_perm,64-14-33-50-11-32-97-30-12-28-39-98-90-10-87-60-15-16-70-5-74-62-85-76-1-71-72-8-58-94-3-99-38-37-22-41-67-69-100-65-31-45-75-53-2-4-9-21-46-20-66-88-36-42-92-56-17-61-52-95-79-54-59-81-13-40-23-6-27-57-96-68-49-80-51-25-26-55-93-82-84-86-29-43-24-89-73-7-91-34-48-35-83-78-44-19-77-47-63-18
Ta100x20,5,3,300,0.85,0.075,1,2230501210,17000,6583,6377,6009,4.20319976,v2_avx512bw_vec32_exact_perm,14-64-32-62-30-38-98-28-2-33-12-97-39-50-16-69-5-10-3-1-52-53-100-70-13-11-76-85-58-61-46-9-75-94-80-4-65-37-99-72-35-15-60-21-18-8-71-87-45-36-90-6-59-41-56-17-68-20-29-42-96-49-26-31-66-83-74-57-93-40-82-22-54-95-47-23-92-88-19-79-81-84-89-27-51-77-86-91-73-67-25-7-48-24-55-43-34-63-78-44
Ta100x20,5,3,300,0.85,0.075,2,2230502219,17000,6604,6377,6009,4.30622514,v2_avx512bw_vec32_exact_perm,14-64-50-5-11-33-97-12-62-74-32-10-99-98-69-1-2-72-70-28-38-16-65-37-53-21-60-39-52-100-35-23-76-15-4-85-30-41-94-90-42-49-58-45-3-56-31-8-46-17-51-9-75-86-71-6-66-36-29-87-40-61-81-79-22-59-82-48-88-96-84-27-47-57-95-92-26-68-25-43-20-80-55-93-24-91-19-13-54-67-89-83-73-7-78-44-34-77-63-18
Ta100x20,5,3,300,0.85,0.075,3,2230503228,17000,6580,6377,6009,4.353888079,v2_avx512bw_vec32_exact_perm,98-64-14-10-5-11-58-50-97-74-33-32-12-62-99-94-16-65-76-56-81-85-39-21-70-38-46-61-1-66-17-31-95-53-71-87-75-69-3-36-15-80-37-8-25-45-6-72-92-90-49-96-47-27-29-13-28-41-26-22-23-52-40-4-100-59-9-91-60-30-42-78-57-34-88-54-35-2-79-19-20-93-55-82-84-83-51-48-68-43-86-73-24-7-77-67-89-63-18-44
Ta100x20,5,3,300,0.85,0.075,4,2230504237,17000,6568,6377,6009,4.307989857,v2_avx512bw_vec32_exact_perm,64-14-10-5-11-50-2-39-97-30-38-33-32-98-12-1-58-94-74-61-69-28-70-99-16-52-37-87-100-72-85-76-51-36-17-46-80-15-34-45-81-21-31-8-53-20-9-67-65-4-41-56-3-90-71-6-59-29-48-23-18-26-60-40-68-92-88-49-66-13-47-42-73-27-35-82-62-95-57-75-22-84-79-25-93-86-96-24-43-54-83-91-44-89-7-77-78-55-19-63
Ta100x20,5,3,300,0.85,0.075,5,2230505246,17000,6589,6377,6009,4.286262186,v2_avx512bw_vec32_exact_perm,64-10-98-51-14-94-50-33-97-11-32-62-12-38-1-66-30-76-74-41-15-65-5-90-99-20-56-96-85-3-52-100-8-70-69-21-39-37-47-23-75-86-28-2-6-40-4-71-49-22-72-92-53-29-61-78-9-27-57-17-16-59-87-36-68-81-84-60-93-46-83-18-26-45-55-95-35-58-13-80-48-31-91-82-24-42-43-88-25-19-7-73-34-77-89-79-54-44-63-67
Ta100x20,5,3,300,0.85,0.075,6,2230506255,17000,6590,6377,6009,3.795304485,v2_avx512bw_vec32_exact_perm,33-10-64-98-5-50-12-62-78-16-14-97-15-56-32-28-74-39-69-99-21-41-1-2-37-30-27-65-3-36-38-72-94-51-68-87-49-75-45-47-85-18-70-90-58-61-60-76-52-6-40-71-81-26-23-53-100-4-11-80-31-95-35-8-17-22-82-20-29-13-46-48-92-42-84-96-89-66-88-59-57-67-86-91-25-54-83-24-43-93-19-55-79-9-7-77-73-44-34-63
Ta100x20,5,3,300,0.85,0.075,7,2230507264,17000,6645,6377,6009,3.821320228,v2_avx512bw_vec32_exact_perm,51-14-98-33-32-97-12-50-11-99-64-17-72-90-20-21-30-16-10-38-28-56-4-15-5-94-39-53-70-22-71-100-76-87-74-1-49-65-80-78-58-75-31-60-29-85-67-2-95-88-61-92-37-24-36-46-45-68-69-8-59-40-86-41-3-52-66-96-13-55-47-43-6-27-26-9-42-25-93-82-91-34-48-35-57-54-84-89-7-19-81-18-77-79-83-63-23-73-44-62
Ta100x20,5,3,300,0.85,0.075,8,2230508273,17000,6658,6377,6009,3.862373783,v2_avx512bw_vec32_exact_perm,98-62-14-30-10-11-32-12-97-50-64-3-69-33-39-76-74-2-94-16-56-38-87-70-29-41-25-58-20-65-49-52-28-5-1-95-46-4-60-53-36-85-75-24-72-86-21-57-27-37-92-8-22-61-31-90-26-59-23-44-80-88-71-6-66-35-63-17-15-40-82-91-45-81-48-84-42-93-47-54-9-68-96-7-100-77-43-73-83-13-99-55-34-79-89-78-19-51-18-67
Ta100x20,5,3,300,0.85,0.075,9,2230509282,17000,6589,6377,6009,4.223062816,v2_avx512bw_vec32_exact_perm,14-64-5-65-50-11-62-16-32-12-39-37-26-98-97-72-36-30-41-69-22-1-74-58-76-94-90-10-3-13-70-28-92-95-33-4-35-53-56-29-52-85-20-60-17-87-51-8-45-88-80-46-49-38-9-31-25-21-34-15-2-40-47-27-82-59-75-99-61-42-6-57-48-23-71-68-24-55-66-91-100-96-93-83-43-86-84-78-7-44-67-54-79-19-77-89-81-73-18-63
Ta100x20,5,3,300,0.85,0.075,10,2230510291,17000,6642,6377,6009,3.968647772,v2_avx512bw_vec32_exact_perm,33-14-64-5-50-94-30-10-38-15-97-61-12-11-53-32-80-98-16-56-90-69-76-28-78-41-1-79-92-74-8-21-39-36-3-37-72-45-52-100-13-99-70-58-59-65-85-62-20-42-66-54-48-31-46-81-24-49-40-88-29-51-26-4-23-22-93-71-55-47-96-6-27-84-9-60-95-75-35-17-7-87-68-19-2-82-83-43-44-86-91-77-57-89-73-67-25-34-63-18
Ta100x20,5,3,300,0.85,0.1,1,2230501210,17000,6591,6377,6009,3.760656154,v2_avx512bw_vec32_exact_perm,25-51-64-32-97-12-5-30-98-10-2-11-38-62-14-74-1-72-3-66-50-33-41-16-47-56-69-85-49-28-39-27-46-58-59-80-15-8-91-9-61-52-53-94-92-71-87-76-75-40-23-100-21-37-22-95-99-13-70-4-42-17-90-54-57-65-20-96-79-29-55-26-88-60-36-48-81-34-68-67-86-84-93-45-35-6-83-43-24-31-89-82-73-7-19-78-77-63-18-44
Ta100x20,5,3,300,0.85,0.1,2,2230502219,17000,6621,6377,6009,3.871567809,v2_avx512bw_vec32_exact_perm,14-64-50-30-38-98-5-39-94-74-90-72-12-10-16-56-85-97-1-51-76-87-58-69-2-70-95-46-27-3-32-53-33-25-28-37-52-49-41-35-8-61-11-6-24-65-17-71-4-42-15-81-31-21-92-22-60-96-45-29-67-66-9-34-84-23-88-82-36-47-100-99-91-57-77-55-80-59-48-62-68-40-79-86-26-43-20-78-19-93-7-13-75-73-83-54-89-63-18-44
Ta100x20,5,3,300,0.85,0.1,3,2230503228,17000,6636,6377,6009,3.903583725,v2_avx512bw_vec32_exact_perm,33-64-51-14-98-50-38-99-32-62-39-52-61-16-69-74-97-94-65-10-12-91-90-11-2-28-27-92-70-3-72-45-37-36-4-41-47-5-15-46-88-95-87-8-1-23-85-76-53-75-31-24-60-80-21-56-66-71-30-49-59-54-40-22-68-29-13-20-55-58-82-100-26-42-6-96-44-57-17-81-48-84-86-43-93-9-78-83-34-35-79-73-77-7-89-25-19-63-18-67
Ta100x20,5,3,300,0.85,0.1,4,2230504237,17000,6573,6377,6009,3.803736026,v2_avx512bw_vec32_exact_perm,14-64-10-5-11-62-33-74-98-50-12-94-97-60-2-38-32-70-16-72-36-37-69-15-65-18-23-30-41-87-4-20-26-90-46-57-3-56-92-52-91-61-53-76-22-31-9-85-1-71-8-58-13-79-21-95-39-47-81-28-17-88-29-45-40-100-75-66-59-82-99-42-55-54-93-80-48-49-35-51-27-67-6-68-83-84-86-89-24-19-96-25-7-73-43-34-77-63-78-44
Ta100x20,5,3,300,0.85,0.1,5,2230505246,17000,6630,6377,6009,4.076031113,v2_avx512bw_vec32_exact_perm,14-64-50-5-38-12-49-30-62-99-32-10-61-11-98-39-69-97-2-72-90-85-37-28-74-21-31-6-76-33-94-1-42-65-53-46-41-20-26-56-3-4-58-70-71-27-16-15-66-47-78-29-52-87-13-68-96-60-8-9-59-95-36-75-80-92-83-100-54-45-44-79-57-40-88-23-22-82-51-93-24-43-17-48-81-19-35-84-86-25-91-55-73-7-77-89-67-34-63-18
Ta100x20,5,3,300,0.85,0.1,6,2230506255,17000,6599,6377,6009,3.647404165,v2_avx512bw_vec32_exact_perm,64-51-14-28-50-11-12-97-32-33-70-74-39-61-62-1-38-85-98-16-95-30-41-58-8-4-10-2-31-65-5-3-71-6-99-52-45-21-94-90-35-29-76-86-56-100-15-68-72-20-75-22-91-59-46-36-53-17-26-88-23-92-37-82-66-93-42-57-69-47-49-40-27-96-25-19-55-43-80-13-9-73-87-79-60-54-77-81-84-7-48-24-83-78-44-34-89-63-18-67
Ta100x20,5,3,300,0.85,0.1,7,2230507264,17000,6562,6377,6009,3.824439257,v2_avx512bw_vec32_exact_perm,14-64-50-33-5-11-62-32-94-97-74-69-98-28-25-38-58-36-2-76-12-1-30-16-53-10-56-87-92-39-72-8-71-65-70-20-85-90-60-21-46-27-86-3-9-41-51-52-45-59-26-81-54-68-42-40-13-6-66-31-61-47-22-29-80-15-99-83-23-4-49-88-95-96-100-93-55-37-17-35-48-91-82-44-57-89-79-73-24-34-43-75-7-19-78-84-67-77-18-63
Ta100x20,5,3,300,0.85,0.1,8,2230508273,17000,6606,6377,6009,3.949510359,v2_avx512bw_vec32_exact_perm,64-14-10-32-11-94-75-38-30-61-33-50-97-49-12-28-70-58-39-69-16-98-85-62-37-36-74-24-5-92-72-65-60-22-15-46-52-1-26-76-81-71-90-87-41-3-4-45-8-21-88-29-9-17-31-20-2-66-42-86-53-91-100-54-51-23-13-40-59-80-56-47-35-57-96-68-27-99-55-95-48-82-25-83-6-84-89-7-78-19-44-79-77-73-43-67-93-34-63-18
Ta100x20,5,3,300,0.85,0.1,9,2230509282,17000,6554,6377,6009,3.931468521,v2_avx512bw_vec32_exact_perm,33-14-50-11-10-98-32-62-30-64-56-1-28-16-90-94-74-21-52-15-72-12-45-69-3-2-58-37-49-38-76-31-36-22-27-39-47-85-29-23-5-70-53-71-61-40-6-87-60-8-99-4-75-41-82-46-65-95-92-100-48-81-17-18-80-59-68-9-34-51-26-35-42-20-57-84-66-89-55-91-97-24-88-54-19-67-25-86-13-83-78-93-96-7-77-79-43-73-44-63
Ta100x20,5,3,300,0.85,0.1,10,2230510291,17000,6603,6377,6009,4.009795998,v2_avx512bw_vec32_exact_perm,33-62-64-10-50-14-69-51-32-28-38-94-98-61-90-16-85-12-58-97-74-1-56-72-30-100-45-21-39-70-11-76-52-4-15-49-53-92-41-75-35-27-36-3-46-8-86-20-59-80-88-26-40-37-23-99-29-65-13-31-60-57-79-2-95-42-44-9-71-91-87-82-22-68-93-48-17-5-66-6-89-83-34-24-81-84-43-54-96-77-47-25-7-73-55-19-78-67-18-63
Ta100x20,5,3,300,0.85,0.125,1,2230501210,17000,6621,6377,6009,3.999244873,v2_avx512bw_vec32_exact_perm,14-64-50-11-98-30-62-32-12-39-38-10-72-65-97-2-94-52-16-87-69-100-56-53-61-28-36-74-25-70-5-76-46-37-90-49-33-41-99-8-79-58-59-86-20-71-9-21-42-13-91-75-54-31-17-27-1-23-3-88-29-85-15-51-47-96-60-26-22-81-66-57-4-93-80-92-35-68-84-40-55-48-24-82-45-73-43-89-83-6-95-19-77-7-67-78-44-34-63-18
Ta100x20,5,3,300,0.85,0.125,2,2230502219,17000,6655,6377,6009,3.943342214,v2_avx512bw_vec32_exact_perm,25-32-39-14-64-5-33-58-50-74-11-12-28-37-94-76-90-1-98-72-71-3-30-16-56-97-99-15-52-69-91-17-45-23-6-40-36-81-21-70-61-53-38-49-85-63-10-46-66-41-65-92-22-75-47-29-31-60-42-2-48-4-55-86-8-27-82-20-89-80-59-96-88-57-95-44-79-26-100-13-83-54-51-9-24-93-78-67-19-7-35-73-34-87-68-43-84-77-18-62
Ta100x20,5,3,300,0.85,0.125,3,2230503228,17000,6588,6377,6009,4.029340538,v2_avx512bw_vec32_exact_perm,33-14-11-32-12-97-50-86-98-90-94-42-64-69-62-41-56-71-39-76-99-72-88-16-1-3-37-70-58-2-51-47-85-24-20-74-5-61-38-68-49-75-92-65-45-59-35-53-6-28-4-17-87-34-9-15-57-46-40-79-8-10-95-29-21-44-31-60-23-36-81-80-13-52-91-84-66-22-27-83-54-48-82-96-100-55-26-30-78-19-89-25-7-73-43-93-67-77-63-18
Ta100x20,5,3,300,0.85,0.125,4,2230504237,17000,6630,6377,6009,3.969177932,v2_avx512bw_vec32_exact_perm,10-64-51-32-74-98-5-50-97-94-53-69-16-25-11-14-41-12-58-30-37-45-76-85-2-72-1-4-46-23-17-15-60-90-33-49-8-66-39-29-92-75-20-65-100-36-70-28-95-21-38-79-35-81-22-3-13-52-61-87-27-40-91-82-71-99-59-80-73-43-84-31-9-86-55-42-96-56-6-83-68-54-57-26-88-44-48-19-24-77-89-7-67-78-47-93-62-34-63-18
Ta100x20,5,3,300,0.85,0.125,5,2230505246,17000,6580,6377,6009,4.355537852,v2_avx512bw_vec32_exact_perm,14-64-32-30-33-50-28-11-12-2-22-94-38-98-62-69-16-70-3-85-97-74-39-72-81-1-60-10-90-15-76-21-56-46-36-37-100-87-9-45-8-52-59-66-61-47-58-41-79-42-49-92-51-5-99-65-40-13-89-29-4-20-26-75-53-71-35-91-17-54-96-93-6-48-31-55-80-68-82-24-88-25-34-84-86-57-23-95-43-27-77-83-63-7-73-19-67-18-78-44
Ta100x20,5,3,300,0.85,0.125,6,2230506255,17000,6678,6377,6009,3.953067794,v2_avx512bw_vec32_exact_perm,14-33-64-50-32-5-58-74-94-69-28-30-16-38-52-92-1-65-70-76-51-72-98-41-10-60-90-2-97-12-53-39-8-29-15-23-17-9-11-95-37-6-81-36-87-61-4-40-79-35-34-21-100-27-59-80-13-20-85-3-31-57-42-22-62-56-71-86-46-93-26-66-75-96-88-45-83-47-73-18-91-82-77-49-84-7-78-48-99-63-55-19-68-43-24-89-67-25-54-44
Ta100x20,5,3,300,0.85,0.125,7,2230507264,17000,6597,6377,6009,3.857514011,v2_avx512bw_vec32_exact_perm,33-64-98-51-5-50-11-32-97-1-12-22-2-62-14-99-74-49-39-10-90-58-15-30-8-76-72-38-92-81-41-94-80-3-17-66-46-59-36-45-4-65-16-35-60-70-20-52-28-9-56-71-6-96-69-61-47-37-87-53-26-21-31-93-79-85-95-68-57-42-27-29-23-40-48-100-18-88-13-86-43-55-75-84-54-82-63-24-77-7-78-19-67-25-83-34-89-91-73-44
Ta100x20,5,3,300,0.85,0.125,8,2230508273,17000,6613,6377,6009,3.758341988,v2_avx512bw_vec32_exact_perm,64-14-33-10-50-5-28-90-2-51-72-97-69-98-94-11-62-74-32-45-25-37-39-15-46-16-52-12-17-56-8-88-1-85-70-65-20-82-80-31-58-87-3-21-36-66-68-49-24-95-71-96-81-100-60-59-92-38-23-53-6-76-22-47-4-26-99-93-35-41-55-40-61-27-43-86-29-75-48-9-84-42-30-13-91-73-54-57-83-79-78-77-7-19-44-89-67-34-63-18
Ta100x20,5,3,300,0.85,0.125,9,2230509282,17000,6608,6377,6009,3.703741794,v2_avx512bw_vec32_exact_perm,14-64-50-38-32-33-98-70-16-12-97-39-30-78-52-41-58-94-61-2-10-85-74-65-37-76-44-56-87-46-11-28-49-1-90-5-15-62-8-69-42-72-71-36-66-23-86-79-20-55-82-9-99-54-75-100-26-4-68-92-45-29-47-21-91-93-17-81-31-3-84-95-57-89-35-13-40-22-60-80-59-27-6-53-96-83-88-25-24-19-48-73-43-7-67-34-77-63-18-51
Ta100x20,5,3,300,0.85,0.125,10,2230510291,17000,6628,6377,6009,3.876551241,v2_avx512bw_vec32_exact_perm,14-33-50-64-97-5-94-11-62-98-16-28-4-12-32-46-72-30-38-41-95-53-65-69-15-85-1-74-87-76-10-61-18-3-99-37-92-73-52-6-70-27-21-59-23-40-35-36-2-80-71-9-79-49-25-56-96-8-47-81-31-100-20-90-86-67-43-45-83-60-68-39-55-29-26-58-82-48-93-88-22-66-75-24-54-57-13-17-42-78-84-7-19-89-91-44-34-51-77-63
Ta100x20,5,3,300,0.8875,0.025,1,2230501210,17000,6564,6377,6009,4.950317262,v2_avx512bw_vec32_exact_perm,33-14-98-38-64-50-11-97-32-12-61-62-99-74-28-53-70-10-49-65-90-52-85-69-76-16-94-1-71-72-58-5-47-27-41-87-8-17-37-39-20-22-4-3-56-9-36-95-46-86-66-75-80-13-15-29-21-59-23-31-60-92-91-2-42-57-25-26-40-51-82-67-81-88-48-45-34-35-100-84-79-93-96-55-6-43-24-54-19-89-83-68-78-73-7-44-30-77-63-18
Ta100x20,5,3,300,0.8875,0.025,2,2230502219,17000,6445,6377,6009,4.535255959,v2_avx512bw_vec32_exact_perm,14-64-50-98-11-62-32-10-16-12-45-58-5-74-94-97-85-33-28-90-65-4-37-41-17-15-39-95-69-1-38-49-51-87-8-80-72-56-36-100-18-3-22-71-59-76-99-52-6-26-9-2-46-55-31-68-70-91-21-47-81-20-53-27-61-30-29-40-66-42-23-92-13-96-88-60-44-86-84-93-34-82-35-48-24-57-67-25-75-83-78-7-19-77-89-79-73-43-54-63
Ta100x20,5,3,300,0.8875,0.025,3,2230503228,17000,6596,6377,6009,4.649480383,v2_avx512bw_vec32_exact_perm,14-64-32-10-11-98-62-50-16-38-97-5-9-74-69-2-56-71-33-58-1-76-72-70-100-39-46-36-8-66-87-68-41-15-45-17-90-49-3-65-23-53-94-52-12-91-95-37-59-30-29-60-21-85-92-26-24-20-42-51-61-22-13-28-81-4-63-27-57-80-47-88-75-31-82-54-43-99-40-86-96-55-6-73-84-89-25-83-34-79-48-44-35-93-7-78-19-77-18-67
Ta100x20,5,3,300,0.8875,0.025,4,2230504237,17000,6587,6377,6009,4.71043337,v2_avx512bw_vec32_exact_perm,25-33-32-14-11-98-50-61-97-16-56-30-52-2-12-38-94-64-1-80-69-74-3-70-39-100-90-45-72-76-31-68-58-53-10-92-85-8-46-65-20-41-49-9-40-13-4-60-59-23-21-26-47-28-17-81-37-5-95-36-96-75-6-27-22-35-15-66-29-87-55-71-62-91-93-42-34-99-48-84-88-82-86-57-54-89-83-44-79-43-24-78-73-7-19-77-51-63-18-67
Ta100x20,5,3,300,0.8875,0.025,5,2230505246,17000,6579,6377,6009,5.250312243,v2_avx512bw_vec32_exact_perm,64-33-51-14-98-11-70-97-12-94-42-32-16-56-38-99-10-2-75-15-52-65-1-72-39-71-74-50-45-61-76-49-36-90-69-53-20-5-21-30-87-80-31-46-60-59-41-9-8-37-47-28-58-82-88-4-3-92-66-68-96-29-40-85-86-27-73-95-22-35-17-13-25-44-100-26-54-89-81-55-6-57-93-83-48-34-23-79-77-91-67-84-24-43-7-78-19-62-18-63
Ta100x20,5,3,300,0.8875,0.025,6,2230506255,17000,6544,6377,6009,4.116300825,v2_avx512bw_vec32_exact_perm,64-33-98-51-32-50-11-97-12-70-14-87-5-30-39-81-65-41-37-16-69-10-1-90-28-3-45-52-8-94-25-76-38-85-36-72-53-58-92-2-13-62-74-17-47-21-15-40-95-23-79-91-59-9-99-4-20-49-46-56-34-71-26-31-86-61-29-55-80-66-35-75-93-78-100-48-42-27-57-82-84-22-6-67-83-96-60-44-88-43-24-54-68-77-19-89-73-7-63-18
Ta100x20,5,3,300,0.8875,0.025,7,2230507264,17000,6508,6377,6009,4.364082854,v2_avx512bw_vec32_exact_perm,14-33-64-5-56-32-39-50-97-16-98-69-41-62-85-11-30-27-12-17-28-58-3-37-1-74-65-2-18-72-8-71-75-86-94-99-46-15-9-21-52-4-90-76-34-23-10-100-22-61-36-59-53-80-68-20-38-49-95-35-31-70-6-87-92-40-45-42-81-93-47-91-43-66-54-96-13-25-26-51-29-84-79-60-57-55-82-44-48-89-88-19-24-73-7-78-83-77-63-67
Ta100x20,5,3,300,0.8875,0.025,8,2230508273,17000,6618,6377,6009,4.379158819,v2_avx512bw_vec32_exact_perm,64-62-33-14-50-98-5-10-16-11-90-30-8-97-2-56-15-17-72-46-28-74-32-80-12-41-94-27-39-61-18-76-21-85-71-37-1-3-69-87-66-53-65-25-31-99-70-35-60-82-59-52-58-54-36-9-22-92-23-38-79-26-49-4-47-86-75-40-42-20-48-6-100-13-57-29-81-55-45-67-7-96-88-83-73-95-43-93-34-89-68-84-24-91-19-77-78-51-44-63
Ta100x20,5,3,300,0.8875,0.025,9,2230509282,17000,6606,6377,6009,4.082866706,v2_avx512bw_vec32_exact_perm,25-64-32-50-10-11-62-98-74-94-99-12-97-53-49-76-5-16-56-37-28-14-22-38-26-36-30-41-72-33-90-71-8-1-3-87-52-66-85-45-69-47-58-6-27-61-23-15-29-39-100-65-70-96-60-81-4-13-40-31-2-20-86-21-46-35-95-80-55-92-59-89-93-48-77-75-84-57-17-78-42-68-91-24-19-82-43-88-73-7-67-83-9-54-79-44-34-63-18-51
Ta100x20,5,3,300,0.8875,0.025,10,2230510291,17000,6619,6377,6009,4.537776317,v2_avx512bw_vec32_exact_perm,64-14-30-33-50-11-98-97-12-99-62-5-65-10-58-16-90-76-95-32-56-39-21-75-18-85-94-41-1-51-68-17-74-49-36-69-8-72-52-37-87-2-28-3-15-31-88-46-6-70-24-53-60-61-38-29-59-45-92-22-47-80-66-42-26-13-4-71-23-40-57-27-81-54-96-35-91-34-55-48-9-83-100-43-84-82-20-79-7-77-67-86-73-19-89-25-93-63-78-44
Ta100x20,5,3,300,0.8875,0.05,1,2230501210,17000,6661,6377,6009,3.921929974,v2_avx512bw_vec32_exact_perm,51-14-98-64-50-12-30-32-97-1-74-70-33-28-90-11-76-72-3-5-10-94-41-69-46-60-16-22-38-45-56-85-99-57-65-4-61-27-37-39-58-8-87-82-92-21-31-36-9-81-49-40-68-59-95-17-91-78-71-75-23-47-100-2-13-53-79-20-52-43-15-80-73-77-25-86-26-66-29-44-89-96-84-7-35-6-93-34-48-24-83-88-55-19-42-54-67-63-18-62
Ta100x20,5,3,300,0.8875,0.05,2,2230502219,17000,6582,6377,6009,3.981052657,v2_avx512bw_vec32_exact_perm,25-64-14-74-33-50-5-30-38-94-98-97-12-39-32-72-11-71-70-41-10-37-69-16-56-76-61-49-78-53-8-28-79-1-6-87-20-90-36-15-58-46-65-31-4-23-3-27-100-85-2-22-24-52-26-9-45-91-21-68-66-75-96-59-51-17-92-34-81-40-35-29-60-99-47-88-48-57-42-43-44-86-73-80-55-93-84-95-82-13-83-54-18-67-7-19-77-89-63-62
Ta100x20,5,3,300,0.8875,0.05,3,2230503228,17000,6613,6377,6009,3.911533141,v2_avx512bw_vec32_exact_perm,33-14-28-51-64-5-12-30-76-39-32-11-50-10-16-90-98-72-1-65-74-69-52-97-70-99-3-36-2-9-75-87-37-94-46-68-38-58-8-91-15-100-41-49-85-4-71-56-96-29-60-23-92-47-24-27-53-61-21-13-80-95-81-31-66-17-59-22-62-42-20-26-82-88-45-40-35-44-54-83-6-7-48-43-86-57-77-89-73-55-84-79-78-93-67-19-25-34-63-18
Ta100x20,5,3,300,0.8875,0.05,4,2230504237,17000,6623,6377,6009,3.959409714,v2_avx512bw_vec32_exact_perm,25-98-50-14-32-16-10-2-97-33-94-64-74-39-70-1-52-72-12-49-95-90-38-28-5-80-69-6-11-100-76-37-87-91-15-99-53-61-29-85-20-30-41-75-40-13-36-3-62-21-92-65-60-31-9-43-46-86-23-4-56-81-45-8-44-58-17-26-54-88-66-59-71-42-27-47-35-48-19-93-82-96-7-57-22-83-51-68-24-78-84-55-79-77-89-73-34-63-18-67
Ta100x20,5,3,300,0.8875,0.05,5,2230505246,17000,6592,6377,6009,4.555644911,v2_avx512bw_vec32_exact_perm,64-33-14-50-11-10-98-16-56-52-12-2-31-5-32-30-97-39-74-65-1-61-94-71-72-38-69-42-99-25-28-8-3-90-76-92-47-85-20-41-75-9-4-6-49-35-58-15-21-46-36-53-18-60-66-29-89-44-27-87-37-51-70-82-88-45-57-17-96-68-22-73-40-84-91-100-23-26-79-86-7-59-62-63-80-95-43-55-83-48-81-24-93-34-13-78-77-19-54-67
Ta100x20,5,3,300,0.8875,0.05,6,2230506255,17000,6633,6377,6009,3.927258096,v2_avx512bw_vec32_exact_perm,25-33-50-14-11-64-10-12-32-30-28-90-94-16-76-39-78-98-71-85-3-56-97-52-72-69-1-74-17-20-95-5-49-92-60-53-23-81-36-84-46-8-41-65-35-100-27-70-47-29-22-37-79-4-38-61-15-45-6-75-9-21-31-40-57-2-66-87-26-13-68-55-67-59-82-54-83-80-44-86-34-42-48-88-58-51-91-43-99-93-19-62-24-89-96-7-77-73-63-18
Ta100x20,5,3,300,0.8875,0.05,7,2230507264,17000,6606,6377,6009,4.09725284,v2_avx512bw_vec32_exact_perm,14-64-50-11-10-32-5-30-97-62-12-28-56-71-37-98-72-94-49-16-1-69-74-22-87-38-70-39-66-17-86-81-52-36-58-85-20-90-33-76-3-21-68-41-61-8-4-31-23-100-55-53-65-2-82-29-45-96-27-35-60-26-80-88-59-48-13-95-75-15-92-40-6-84-89-9-57-46-91-93-83-47-54-67-99-42-25-43-24-78-7-77-19-79-73-44-34-63-18-51
Ta100x20,5,3,300,0.8875,0.05,8,2230508273,17000,6581,6377,6009,3.670887918,v2_avx512bw_vec32_exact_perm,14-64-51-10-98-12-50-85-16-97-32-27-94-11-62-38-2-39-69-17-99-72-8-37-41-80-33-74-70-1-6-52-36-28-61-56-71-20-76-95-58-5-53-65-4-22-30-21-81-29-23-47-49-31-88-90-15-66-9-46-40-82-26-59-75-13-45-100-92-42-48-57-93-96-60-35-24-54-83-68-73-55-86-3-91-43-19-25-84-89-79-44-78-87-7-67-34-77-63-18
Ta100x20,5,3,300,0.8875,0.05,9,2230509282,17000,6560,6377,6009,3.90478815,v2_avx512bw_vec32_exact_perm,51-62-98-50-11-14-32-97-64-56-30-38-16-72-39-49-70-69-10-2-12-5-79-41-37-1-90-94-45-75-74-20-21-85-36-65-33-17-27-8-47-58-61-71-68-53-13-26-28-6-46-48-3-25-31-9-59-82-100-76-52-87-23-92-4-15-60-35-22-42-55-99-80-93-96-29-66-40-34-86-84-81-95-88-57-43-24-73-67-91-83-89-7-54-18-19-77-63-78-44
Ta100x20,5,3,300,0.8875,0.05,10,2230510291,17000,6583,6377,6009,4.709306126,v2_avx512bw_vec32_exact_perm,33-64-10-32-11-12-14-50-97-5-98-16-94-38-70-62-81-49-8-74-72-39-95-1-69-65-41-85-3-53-37-46-56-30-100-9-52-20-58-28-21-2-76-45-90-71-61-4-27-31-80-87-22-66-47-23-60-29-99-55-15-88-82-34-42-92-93-36-35-6-79-73-59-40-86-26-54-25-75-43-96-24-83-13-91-44-57-48-68-84-89-17-67-7-78-19-77-51-63-18
Ta100x20,5,3,300,0.8875,0.075,1,2230501210,17000,6640,6377,6009,3.994370756,v2_avx512bw_vec32_exact_perm,33-14-64-11-50-30-97-12-5-39-10-98-62-58-32-94-16-71-38-72-69-74-1-76-49-87-68-37-54-41-2-70-25-75-4-100-3-52-28-56-88-51-65-13-6-15-47-81-45-36-61-90-23-21-31-53-92-80-40-9-66-8-60-20-35-86-96-85-27-46-57-91-82-48-99-93-26-24-22-83-29-79-42-55-17-59-67-84-95-34-77-7-19-89-18-78-43-73-63-44
Ta100x20,5,3,300,0.8875,0.075,2,2230502219,17000,6641,6377,6009,4.027273188,v2_avx512bw_vec32_exact_perm,33-14-38-50-64-5-30-11-94-12-10-98-97-32-39-41-58-2-61-74-70-87-27-16-76-100-62-65-15-85-69-47-52-37-1-72-46-45-56-36-28-3-20-22-6-29-42-71-66-21-96-31-8-92-53-40-9-75-4-13-91-23-34-48-44-49-17-80-68-81-55-95-88-83-82-26-59-60-54-57-90-25-35-79-86-19-24-84-93-43-78-89-73-7-77-51-99-63-18-67
Ta100x20,5,3,300,0.8875,0.075,3,2230503228,17000,6596,6377,6009,4.103899526,v2_avx512bw_vec32_exact_perm,14-28-12-50-30-74-64-97-3-5-10-33-62-85-11-37-39-94-38-32-72-49-27-98-1-58-90-41-56-76-53-16-8-66-2-31-6-75-81-70-61-65-99-60-9-46-15-92-47-22-52-80-89-45-4-51-17-59-69-21-35-29-95-20-71-23-55-13-73-40-82-79-36-57-68-100-93-34-42-48-84-91-86-26-88-43-96-24-83-87-25-19-54-67-7-77-63-18-78-44
Ta100x20,5,3,300,0.8875,0.075,4,2230504237,17000,6637,6377,6009,3.72315202,v2_avx512bw_vec32_exact_perm,64-51-98-14-11-12-10-70-2-74-33-50-90-94-99-5-16-38-26-30-97-32-39-76-58-3-1-72-71-95-8-28-46-56-75-82-17-41-69-9-22-92-87-29-85-47-40-25-6-36-60-21-20-57-15-81-52-45-61-13-66-65-4-37-53-96-86-59-68-84-100-27-42-88-23-67-49-43-79-31-93-80-78-48-83-18-54-44-35-63-55-7-24-34-19-91-77-89-73-62
Ta100x20,5,3,300,0.8875,0.075,5,2230505246,17000,6624,6377,6009,3.665396558,v2_avx512bw_vec32_exact_perm,25-64-50-51-98-14-94-97-74-61-32-39-5-38-11-16-30-56-15-72-2-17-87-37-41-33-12-90-52-85-4-3-18-49-76-45-29-66-79-21-65-69-1-36-31-53-8-70-28-10-35-71-20-96-86-100-46-23-95-13-55-99-80-40-81-60-75-92-59-6-88-84-68-58-89-22-27-54-44-26-42-9-43-91-47-57-7-73-48-24-93-82-19-67-83-78-34-77-63-62
Ta100x20,5,3,300,0.8875,0.075,6,2230506255,17000,6630,6377,6009,3.993591387,v2_avx512bw_vec32_exact_perm,64-10-51-98-14-50-11-5-39-32-33-30-69-97-90-41-94-38-12-2-28-87-74-72-3-85-15-6-65-71-36-26-37-31-54-1-80-99-16-56-58-45-46-52-70-21-61-53-8-25-76-27-4-95-81-66-92-9-96-100-13-23-40-59-49-75-88-60-17-34-35-67-42-20-68-22-47-29-93-48-83-82-91-79-44-57-24-55-43-86-89-73-84-78-7-19-77-63-18-62
Ta100x20,5,3,300,0.8875,0.075,7,2230507264,17000,6578,6377,6009,3.845574933,v2_avx512bw_vec32_exact_perm,64-33-51-62-98-32-11-39-5-30-14-12-97-74-87-10-90-85-28-3-37-41-75-94-58-8-92-15-17-1-38-70-52-72-95-4-16-69-65-22-42-6-49-36-35-26-76-31-2-23-46-56-40-27-9-29-25-71-21-61-66-84-57-80-20-60-82-53-47-50-54-86-59-45-96-81-68-55-79-83-99-48-88-100-93-67-91-13-73-43-34-24-7-78-19-77-89-63-18-44
Ta100x20,5,3,300,0.8875,0.075,8,2230508273,17000,6588,6377,6009,3.857101565,v2_avx512bw_vec32_exact_perm,14-64-50-16-33-10-32-74-94-97-98-39-11-12-28-70-62-2-3-90-1-53-8-58-20-27-56-38-41-72-21-37-87-30-5-36-76-100-65-23-85-61-79-52-69-91-4-31-49-46-66-82-88-15-24-22-92-40-45-25-75-29-26-47-96-57-51-71-9-60-95-81-42-59-80-86-99-35-84-93-34-6-43-55-54-68-89-13-83-48-17-44-19-78-73-67-7-77-63-18
Ta100x20,5,3,300,0.8875,0.075,9,2230509282,17000,6624,6377,6009,3.887431528,v2_avx512bw_vec32_exact_perm,14-64-50-11-10-94-90-32-5-12-16-76-17-33-28-85-39-74-58-65-98-51-72-2-1-37-97-69-8-87-38-61-25-30-96-100-52-56-70-49-15-41-27-21-31-95-4-53-3-9-13-71-36-6-23-22-40-84-80-29-99-59-82-79-92-68-66-20-48-47-44-88-46-60-86-45-26-24-93-43-42-73-35-57-7-19-54-89-75-81-78-34-83-67-55-91-62-18-77-63
Ta100x20,5,3,300,0.8875,0.075,10,2230510291,17000,6637,6377,6009,3.924622227,v2_avx512bw_vec32_exact_perm,25-64-14-32-16-50-97-98-10-69-33-94-90-54-11-74-41-1-2-72-58-37-3-87-39-27-4-65-5-12-99-70-61-56-53-47-49-85-52-38-76-8-71-30-23-92-21-96-6-28-42-20-9-100-81-46-15-82-40-26-75-66-86-45-36-51-31-57-80-59-79-22-95-44-35-17-60-13-63-34-55-68-29-88-93-48-84-24-43-77-89-91-7-78-19-83-73-67-62-18
Ta100x20,5,3,300,0.8875,0.1,1,2230501210,17000,6589,6377,6009,3.777764498,v2_avx512bw_vec32_exact_perm,33-98-14-64-97-50-94-10-2-11-5-37-1-74-16-28-32-72-8-17-39-12-52-30-90-35-15-85-31-76-56-81-58-38-4-61-65-82-69-36-86-70-27-20-21-53-92-60-41-87-40-46-96-9-66-67-6-25-71-79-93-49-22-26-29-99-51-47-80-3-59-73-88-42-34-68-23-57-45-100-48-89-83-75-95-43-13-84-91-24-62-55-78-7-54-44-19-77-63-18
Ta100x20,5,3,300,0.8875,0.1,2,2230502219,17000,6654,6377,6009,3.737443035,v2_avx512bw_vec32_exact_perm,25-64-50-10-51-12-33-97-32-94-98-16-5-99-69-11-72-46-2-9-30-65-14-52-76-39-1-90-27-3-61-85-70-75-28-58-20-71-8-6-56-21-4-74-100-36-49-53-37-23-54-41-59-45-35-86-87-31-29-26-47-66-40-55-17-15-80-43-22-68-92-24-88-60-38-95-82-73-67-91-34-57-81-89-48-7-77-13-83-44-84-79-78-93-19-42-96-18-63-62
Ta100x20,5,3,300,0.8875,0.1,3,2230503228,17000,6678,6377,6009,3.847749546,v2_avx512bw_vec32_exact_perm,33-14-64-50-98-97-15-5-70-56-16-80-12-10-71-72-88-32-11-62-38-39-94-95-90-28-74-21-49-37-61-91-69-52-76-1-53-68-65-17-3-2-36-13-41-46-57-9-8-58-30-60-20-42-92-87-45-81-29-75-66-31-83-85-100-26-82-40-54-43-35-4-22-24-27-99-86-84-23-51-59-96-89-73-6-19-93-47-25-78-34-77-7-55-48-79-44-63-18-67
Ta100x20,5,3,300,0.8875,0.1,4,2230504237,17000,6608,6377,6009,3.981281616,v2_avx512bw_vec32_exact_perm,64-10-51-5-33-32-61-70-30-39-16-14-97-50-62-98-41-49-85-38-1-56-3-46-95-94-90-12-76-28-69-72-26-53-52-45-23-71-92-37-8-6-58-99-11-75-29-87-21-4-17-65-40-74-36-88-47-15-66-22-42-20-2-57-81-27-13-60-59-96-100-68-35-24-25-84-91-80-83-78-93-86-31-54-67-55-82-77-43-79-9-48-7-19-73-44-34-89-63-18
Ta100x20,5,3,300,0.8875,0.1,5,2230505246,17000,6607,6377,6009,3.786070334,v2_avx512bw_vec32_exact_perm,14-64-50-5-33-39-62-90-98-30-32-72-97-51-28-38-94-65-69-41-37-1-16-12-49-10-52-91-35-100-11-70-85-75-61-46-76-15-21-2-45-27-3-8-74-53-56-71-59-36-81-47-20-9-86-96-58-22-40-6-24-92-4-99-29-54-60-23-66-57-42-31-55-80-84-43-79-88-95-82-25-34-26-93-68-17-48-89-13-87-83-7-19-73-67-78-44-77-63-18
Ta100x20,5,3,300,0.8875,0.1,6,2230506255,17000,6622,6377,6009,3.949035864,v2_avx512bw_vec32_exact_perm,25-64-10-32-5-51-98-50-33-30-39-2-97-70-38-14-72-12-74-94-1-76-3-90-53-58-49-69-65-45-28-11-4-52-61-6-8-85-24-16-27-87-41-96-56-71-95-15-23-47-17-59-83-13-21-46-22-31-91-88-81-80-36-55-92-20-37-66-42-40-48-67-57-75-68-29-99-60-82-100-9-84-54-18-79-43-34-77-35-63-86-19-73-7-26-44-89-78-93-62
Ta100x20,5,3,300,0.8875,0.1,7,2230507264,17000,6593,6377,6009,3.882676544,v2_avx512bw_vec32_exact_perm,33-14-50-11-98-62-38-74-64-32-17-61-10-90-94-12-97-2-16-72-28-8-22-58-80-1-76-100-47-5-37-99-39-69-21-30-45-49-56-41-15-71-52-4-23-31-81-65-44-95-70-85-3-27-53-60-35-36-46-13-68-87-54-59-93-79-42-92-75-96-88-40-66-20-57-29-26-84-86-91-51-82-25-55-48-6-67-83-73-24-43-9-7-34-89-78-19-77-63-18
Ta100x20,5,3,300,0.8875,0.1,8,2230508273,17000,6626,6377,6009,4.176559285,v2_avx512bw_vec32_exact_perm,14-50-16-32-30-33-99-51-97-64-12-98-10-2-65-69-11-61-72-5-74-94-87-38-71-37-8-28-47-49-1-3-4-17-56-85-41-90-52-31-39-6-76-100-70-42-58-79-45-75-81-54-15-59-53-36-9-26-92-95-29-96-66-21-23-46-48-60-88-22-40-27-13-62-82-35-86-93-20-73-67-57-7-55-80-43-24-68-19-78-83-77-89-84-25-91-44-34-63-18
Ta100x20,5,3,300,0.8875,0.1,9,2230509282,17000,6608,6377,6009,3.844966496,v2_avx512bw_vec32_exact_perm,14-64-50-11-30-33-62-32-81-94-74-10-16-90-98-1-12-2-72-76-58-97-71-69-5-22-45-39-53-37-17-38-6-67-28-70-3-85-46-9-66-31-41-49-87-61-52-60-86-75-21-92-40-4-65-79-36-96-15-99-56-8-29-20-59-42-34-13-80-57-23-84-88-25-82-100-26-93-48-55-47-27-95-73-89-7-24-91-35-19-78-77-83-43-68-54-44-63-18-51
Ta100x20,5,3,300,0.8875,0.1,10,2230510291,17000,6656,6377,6009,4.041786047,v2_avx512bw_vec32_exact_perm,25-64-98-51-70-14-50-80-33-94-95-87-16-10-12-97-32-2-90-17-11-72-45-38-39-8-52-23-15-30-5-28-4-69-76-1-74-40-96-56-92-61-65-100-20-53-85-41-6-59-3-88-58-36-68-13-49-42-66-37-86-21-81-54-31-26-46-35-84-71-29-47-27-57-22-75-83-9-18-48-99-67-43-60-82-73-77-89-55-79-24-78-7-44-91-19-34-63-93-62
Ta100x20,5,3,300,0.8875,0.125,1,2230501210,17000,6592,6377,6009,3.797643727,v2_avx512bw_vec32_exact_perm,64-51-5-97-98-62-14-30-33-50-12-11-80-16-56-32-68-72-69-3-28-90-2-38-94-10-1-74-49-61-65-52-36-53-6-22-4-8-25-76-37-41-58-66-39-27-24-15-57-96-21-85-88-40-20-13-82-79-60-92-81-46-70-31-43-17-59-91-47-71-55-9-54-42-99-7-48-86-87-45-95-84-89-93-35-100-23-19-75-29-73-26-83-34-67-77-63-18-78-44
Ta100x20,5,3,300,0.8875,0.125,2,2230502219,17000,6647,6377,6009,3.981756937,v2_avx512bw_vec32_exact_perm,10-25-64-14-33-32-94-30-50-12-98-38-41-11-62-72-74-76-2-5-65-97-49-53-56-20-85-69-17-46-58-79-3-21-16-37-1-59-8-95-57-92-52-45-23-71-40-70-15-82-88-96-90-6-84-4-47-87-61-81-29-36-66-86-39-100-80-28-31-51-60-13-9-48-75-43-99-27-42-54-26-55-91-35-19-68-22-83-24-93-73-7-34-77-89-67-63-18-78-44
Ta100x20,5,3,300,0.8875,0.125,3,2230503228,17000,6600,6377,6009,4.11026379,v2_avx512bw_vec32_exact_perm,64-14-62-32-50-97-33-74-5-11-12-94-65-90-98-72-16-30-76-2-3-1-10-52-28-34-87-85-20-56-36-61-41-46-15-17-81-13-96-8-6-60-100-70-31-45-93-26-75-95-68-53-35-49-38-29-37-57-39-22-79-71-69-80-59-40-92-42-48-66-21-58-9-27-82-25-99-47-4-23-55-83-43-54-88-84-67-86-91-19-73-51-24-89-7-77-18-63-78-44
Ta100x20,5,3,300,0.8875,0.125,4,2230504237,17000,6602,6377,6009,4.068080804,v2_avx512bw_vec32_exact_perm,64-98-14-11-39-50-33-10-5-97-16-56-74-32-12-62-17-37-1-2-30-38-21-58-76-41-72-4-31-28-92-68-8-52-85-27-3-53-36-90-6-96-47-20-81-9-71-61-87-79-70-100-46-13-94-29-69-65-45-40-23-15-51-35-89-60-95-49-55-75-59-82-42-24-22-66-57-19-80-26-84-99-88-63-25-83-93-91-34-86-73-43-54-48-77-7-67-18-78-44
Ta100x20,5,3,300,0.8875,0.125,5,2230505246,17000,6601,6377,6009,4.172644197,v2_avx512bw_vec32_exact_perm,98-64-14-33-32-94-62-56-97-50-99-72-11-65-21-12-2-74-39-30-38-28-88-90-85-87-15-10-16-69-71-41-27-23-51-76-1-49-58-81-45-20-5-47-80-3-22-31-100-70-8-36-52-79-4-9-17-24-59-35-95-37-46-60-92-66-6-61-40-29-13-26-25-48-93-96-57-7-55-42-34-75-86-84-53-43-54-44-89-68-91-82-73-19-83-78-77-63-18-67
Ta100x20,5,3,300,0.8875,0.125,6,2230506255,17000,6651,6377,6009,4.109769211,v2_avx512bw_vec32_exact_perm,33-14-49-64-50-30-38-74-98-10-5-70-65-11-97-94-46-41-52-16-95-39-69-12-28-3-85-90-72-2-76-35-31-24-32-82-15-37-36-56-53-21-1-92-75-4-88-23-60-71-78-61-8-25-66-87-47-83-68-26-51-17-34-22-9-6-99-80-84-86-67-91-29-59-42-45-20-81-19-40-54-96-93-57-100-48-79-44-58-55-13-27-89-7-73-43-62-18-77-63
Ta100x20,5,3,300,0.8875,0.125,7,2230507264,17000,6618,6377,6009,3.97836946,v2_avx512bw_vec32_exact_perm,51-5-64-50-32-97-12-62-99-9-33-90-58-69-87-14-10-74-98-2-72-28-30-94-71-65-38-1-31-16-49-4-3-39-52-76-41-95-85-37-100-15-82-23-8-86-36-46-11-56-45-70-25-53-29-88-26-40-21-92-66-96-75-35-22-27-80-20-57-93-47-42-7-54-61-55-79-60-13-81-59-48-24-43-17-83-73-84-91-67-89-19-18-68-6-34-77-63-78-44
Ta100x20,5,3,300,0.8875,0.125,8,2230508273,17000,6581,6377,6009,4.003747772,v2_avx512bw_vec32_exact_perm,64-14-10-33-5-50-11-94-69-97-38-20-99-62-85-32-12-16-98-74-1-37-41-72-49-76-70-21-30-90-17-52-56-3-13-36-15-46-39-95-71-29-45-67-86-54-8-58-53-59-75-82-87-26-80-27-51-31-81-92-73-40-65-28-66-42-57-47-4-68-2-60-23-34-96-22-100-9-79-91-25-43-48-24-93-61-88-84-89-35-6-55-19-7-78-83-77-63-18-44
Ta100x20,5,3,300,0.8875,0.125,9,2230509282,17000,6641,6377,6009,3.92854624,v2_avx512bw_vec32_exact_perm,33-14-5-64-11-98-50-30-97-12-58-2-56-94-16-32-61-38-87-27-28-74-69-41-8-1-90-70-79-3-39-95-52-75-9-72-49-10-21-36-15-26-81-85-76-71-100-25-37-92-22-80-35-20-47-65-4-60-24-46-99-45-31-42-51-23-29-66-59-53-67-91-6-54-82-83-13-88-96-40-57-44-34-17-48-86-93-84-68-89-78-7-77-55-19-43-73-62-18-63
Ta100x20,5,3,300,0.8875,0.125,10,2230510291,17000,6618,6377,6009,3.845856426,v2_avx512bw_vec32_exact_perm,64-14-50-33-32-12-98-97-74-69-62-87-65-17-5-15-99-2-94-71-11-72-56-31-3-16-95-76-81-10-37-70-57-39-25-40-21-38-8-47-28-90-1-66-6-80-49-52-68-27-45-85-61-96-100-26-13-92-55-20-29-46-58-36-53-59-82-42-9-23-34-84-88-48-43-4-41-75-60-35-54-30-24-22-67-86-79-7-91-83-78-44-19-89-73-93-51-77-63-18
Ta100x20,5,3,300,0.925,0.025,1,2230501210,17000,6614,6377,6009,3.938094948,v2_avx512bw_vec32_exact_perm,14-33-64-50-97-12-5-94-98-85-13-11-62-16-28-32-10-74-69-41-37-61-70-1-90-3-71-72-30-76-45-40-66-8-46-87-92-26-39-81-6-100-31-65-2-56-21-15-52-54-38-86-23-60-36-95-53-58-4-20-35-49-75-68-57-24-91-59-51-80-22-44-27-42-48-47-88-17-73-43-99-29-93-96-7-55-82-89-34-9-19-79-84-83-78-67-77-25-63-18
Ta100x20,5,3,300,0.925,0.025,2,2230502219,17000,6650,6377,6009,4.179585836,v2_avx512bw_vec32_exact_perm,64-98-14-50-38-99-10-5-12-32-16-11-94-33-69-2-1-30-3-90-28-72-76-61-74-56-39-86-22-27-87-66-65-100-97-51-91-46-8-41-70-85-58-15-37-67-59-80-45-52-9-20-53-36-25-21-23-4-88-57-40-92-68-31-82-71-47-24-60-42-6-93-95-26-13-81-75-49-29-79-54-96-34-35-55-73-48-83-43-17-44-89-7-84-19-78-77-63-18-62
Ta100x20,5,3,300,0.925,0.025,3,2230503228,17000,6604,6377,6009,4.089005902,v2_avx512bw_vec32_exact_perm,14-98-64-50-11-10-32-12-33-97-56-5-80-16-90-94-37-30-58-52-15-28-1-51-39-53-25-66-85-27-76-62-3-41-57-44-71-26-21-70-74-8-69-49-72-38-61-9-36-22-6-23-75-87-2-86-4-31-82-46-84-65-95-60-59-35-79-92-29-20-40-81-45-99-34-13-96-100-42-17-55-91-43-47-93-48-24-88-78-7-73-77-68-83-19-54-89-63-18-67
Ta100x20,5,3,300,0.925,0.025,4,2230504237,17000,6623,6377,6009,4.260767015,v2_avx512bw_vec32_exact_perm,25-32-64-97-62-14-74-85-33-50-98-12-10-41-94-35-5-11-27-69-16-39-66-1-58-49-56-21-8-17-71-38-47-72-30-28-65-95-70-80-15-37-91-31-45-53-86-59-61-36-46-52-75-2-79-20-3-9-40-4-92-23-26-90-76-55-84-6-57-42-13-99-29-54-87-60-93-96-68-100-22-88-48-83-43-82-44-81-51-24-73-19-89-7-34-77-63-18-78-67
Ta100x20,5,3,300,0.925,0.025,5,2230505246,17000,6621,6377,6009,4.347102745,v2_avx512bw_vec32_exact_perm,14-64-50-11-10-98-62-12-97-32-39-65-69-56-28-81-36-51-90-72-38-58-85-26-2-33-76-1-16-74-6-15-41-13-61-21-37-75-17-31-53-100-94-91-4-27-22-3-24-5-67-49-99-70-46-96-8-40-52-59-60-30-86-88-45-23-42-20-92-78-68-57-55-71-80-35-73-66-29-34-93-47-83-48-95-87-7-82-9-19-43-54-84-79-77-25-89-63-18-44
Ta100x20,5,3,300,0.925,0.025,6,2230506255,17000,6590,6377,6009,3.847052572,v2_avx512bw_vec32_exact_perm,14-30-64-33-50-97-32-10-11-61-2-74-81-12-4-16-62-98-70-38-94-72-46-1-90-28-8-27-52-58-3-9-85-51-41-95-5-49-76-86-69-15-65-17-39-71-37-35-45-21-23-53-31-26-91-47-6-20-60-56-29-93-36-96-92-68-80-87-100-22-55-42-66-99-48-59-40-13-75-82-54-89-43-84-25-57-24-88-7-19-79-83-78-73-44-34-67-18-77-63
Ta100x20,5,3,300,0.925,0.025,7,2230507264,17000,6642,6377,6009,3.844029019,v2_avx512bw_vec32_exact_perm,33-14-64-32-10-11-12-97-30-56-81-51-58-94-99-50-38-21-39-65-92-98-74-16-69-28-9-5-76-1-71-87-72-90-70-85-46-53-20-61-3-82-59-4-26-52-47-42-60-45-41-29-37-91-8-2-17-31-66-23-40-88-6-25-36-86-93-49-22-80-75-13-96-84-68-27-95-34-15-35-57-67-24-100-55-79-78-19-83-54-48-89-63-7-77-18-43-73-44-62
Ta100x20,5,3,300,0.925,0.025,8,2230508273,17000,6602,6377,6009,3.923092288,v2_avx512bw_vec32_exact_perm,51-98-64-62-32-14-16-94-97-10-33-12-99-74-58-28-90-30-39-8-50-11-5-76-71-49-65-52-72-56-1-2-95-38-69-85-3-31-75-23-81-6-45-21-53-70-92-22-17-42-20-15-4-35-37-46-61-41-59-60-27-66-80-36-86-93-13-100-87-79-96-40-82-55-26-48-25-44-88-24-91-43-19-29-84-78-83-7-68-77-57-89-73-47-9-54-67-34-63-18
Ta100x20,5,3,300,0.925,0.025,9,2230509282,17000,6598,6377,6009,3.998605773,v2_avx512bw_vec32_exact_perm,33-14-64-10-11-50-62-94-32-97-38-39-98-90-65-37-72-28-12-16-69-70-74-3-85-99-56-41-5-27-76-21-36-60-15-58-87-9-30-52-4-46-71-100-1-23-8-47-49-92-6-42-66-45-61-80-96-40-31-68-2-75-20-13-17-22-34-81-86-29-95-59-83-93-91-43-67-54-53-88-57-26-82-35-48-24-51-89-25-84-79-55-78-7-19-73-44-77-63-18
Ta100x20,5,3,300,0.925,0.025,10,2230510291,17000,6616,6377,6009,4.119202309,v2_avx512bw_vec32_exact_perm,33-14-64-5-50-11-62-15-10-98-30-32-85-97-38-69-16-70-99-94-61-39-74-12-72-52-28-49-90-41-76-8-1-56-58-46-20-4-47-31-91-71-26-17-27-21-42-2-53-6-65-81-29-66-96-3-51-37-59-45-23-36-92-60-35-55-88-87-13-54-22-82-40-57-86-79-80-100-93-95-75-43-73-77-9-68-83-78-84-48-67-19-24-25-7-34-89-63-18-44
Ta100x20,5,3,300,0.925,0.05,1,2230501210,17000,6671,6377,6009,4.469414333,v2_avx512bw_vec32_exact_perm,14-33-11-64-32-97-39-98-30-5-74-69-9-16-80-22-38-94-52-85-28-3-95-76-10-90-2-41-70-87-1-31-71-72-8-12-92-56-26-42-37-29-6-99-45-49-17-46-21-18-65-13-91-36-58-50-15-67-57-40-20-47-75-4-89-53-61-86-35-83-60-88-27-23-25-51-79-59-54-82-48-100-93-66-96-55-81-43-24-84-68-19-63-78-77-7-34-73-44-62
Ta100x20,5,3,300,0.925,0.05,2,2230502219,17000,6584,6377,6009,4.719742383,v2_avx512bw_vec32_exact_perm,25-64-10-32-51-97-98-14-30-12-50-72-52-78-16-5-76-2-28-68-33-74-99-38-11-69-87-66-3-65-81-45-70-94-56-85-41-31-36-79-17-61-58-59-8-46-1-95-92-39-75-60-9-21-91-47-71-40-29-37-4-49-35-90-15-62-27-96-82-26-84-80-55-6-53-23-100-20-86-44-89-57-24-43-88-83-22-73-93-13-42-34-48-54-67-7-19-77-63-18
Ta100x20,5,3,300,0.925,0.05,3,2230503228,17000,6615,6377,6009,4.649473921,v2_avx512bw_vec32_exact_perm,10-51-98-14-11-64-70-69-33-65-94-3-85-97-39-12-62-90-38-28-50-49-32-99-52-60-87-1-74-8-72-36-46-15-9-37-16-27-5-76-75-56-21-34-91-35-100-41-45-47-2-20-30-53-23-4-80-40-42-82-92-59-17-57-95-96-13-26-68-81-86-31-22-79-61-93-89-6-71-48-55-24-29-58-66-78-84-88-19-67-83-25-7-43-73-54-44-77-63-18
Ta100x20,5,3,300,0.925,0.05,4,2230504237,17000,6625,6377,6009,4.747404711,v2_avx512bw_vec32_exact_perm,33-14-64-10-5-11-98-50-30-41-61-38-16-87-97-69-74-94-28-12-46-32-37-39-70-51-65-81-13-76-72-90-60-27-2-58-31-3-85-1-9-52-49-23-92-100-71-22-8-36-6-24-21-45-96-25-53-59-26-67-20-93-80-86-88-40-56-29-99-91-84-82-15-66-42-34-4-35-95-79-68-43-44-75-17-47-73-18-48-57-89-83-7-19-77-63-78-55-54-62
Ta100x20,5,3,300,0.925,0.05,5,2230505246,17000,6599,6377,6009,4.711272213,v2_avx512bw_vec32_exact_perm,64-98-51-50-5-30-11-14-33-32-12-39-70-26-97-38-37-69-62-76-72-87-94-85-16-58-1-53-6-28-61-90-74-10-65-99-15-42-56-46-36-21-4-2-3-60-75-45-9-13-100-92-55-29-52-86-49-8-81-23-71-59-95-41-20-22-17-31-82-96-88-40-66-35-27-25-19-48-83-91-47-80-93-78-68-57-43-73-54-7-84-24-77-79-44-34-89-63-18-67
Ta100x20,5,3,300,0.925,0.05,6,2230506255,17000,6635,6377,6009,4.288289633,v2_avx512bw_vec32_exact_perm,33-14-64-51-50-98-97-5-38-12-32-16-30-69-45-58-11-2-1-76-72-39-90-94-100-85-56-74-10-53-23-95-52-49-65-41-36-22-20-37-70-21-87-25-28-91-71-6-75-92-3-81-4-47-46-40-8-99-29-26-78-13-83-27-59-31-61-67-17-68-15-66-42-48-86-54-80-93-44-57-34-96-55-88-89-82-60-73-35-84-7-43-77-24-79-9-19-63-18-62
Ta100x20,5,3,300,0.925,0.05,7,2230507264,17000,6669,6377,6009,4.285238515,v2_avx512bw_vec32_exact_perm,64-12-98-62-50-16-51-97-10-5-11-69-14-32-30-39-72-90-1-38-3-49-99-37-70-80-24-65-41-15-94-74-58-31-21-56-95-52-53-100-76-8-22-29-68-85-59-2-27-13-36-28-17-42-45-75-78-92-48-35-46-20-44-40-66-47-71-6-57-88-33-34-23-87-60-4-61-26-82-83-9-84-79-43-91-54-96-81-93-7-77-67-55-86-89-19-25-73-63-18
Ta100x20,5,3,300,0.925,0.05,8,2230508273,17000,6634,6377,6009,4.206412589,v2_avx512bw_vec32_exact_perm,51-62-5-33-14-12-64-32-30-97-50-2-11-26-98-10-90-74-76-28-3-1-71-16-39-37-56-72-46-15-85-94-38-99-23-49-21-92-53-6-9-96-60-66-69-70-52-87-42-100-13-31-65-41-61-40-4-24-43-79-8-22-82-36-86-81-27-55-83-20-78-84-91-45-35-88-25-57-95-54-48-75-59-68-17-47-58-93-44-89-19-80-29-77-73-7-67-34-63-18
Ta100x20,5,3,300,0.925,0.05,9,2230509282,17000,6560,6377,6009,4.190294688,v2_avx512bw_vec32_exact_perm,25-64-32-62-10-14-11-98-50-97-12-17-74-72-2-39-16-70-38-30-56-28-1-52-58-60-41-37-69-85-49-23-29-76-15-31-46-20-94-42-90-21-36-33-91-99-65-8-82-4-55-6-45-3-96-5-53-66-75-26-47-71-59-84-27-87-22-92-40-79-61-88-86-9-34-48-93-57-80-68-95-83-35-67-73-13-100-81-24-43-54-89-7-19-77-63-18-78-51-44
Ta100x20,5,3,300,0.925,0.05,10,2230510291,17000,6571,6377,6009,4.127348387,v2_avx512bw_vec32_exact_perm,33-14-64-10-32-11-97-12-50-98-74-15-3-5-38-94-2-41-49-62-90-56-39-16-100-69-37-52-21-28-13-72-1-78-70-46-71-76-60-87-96-8-58-85-9-4-30-92-40-20-65-6-42-17-53-99-36-23-26-75-45-59-66-24-91-82-68-51-22-29-84-61-81-54-47-57-79-55-31-88-77-89-27-48-35-7-19-86-73-67-25-83-95-43-93-80-44-34-63-18
Ta100x20,5,3,300,0.925,0.075,1,2230501210,17000,6652,6377,6009,4.189448697,v2_avx512bw_vec32_exact_perm,33-14-98-81-64-11-50-97-32-95-10-38-94-5-70-74-61-16-12-56-39-1-65-90-30-2-72-99-76-15-28-60-80-58-52-87-85-100-36-46-4-3-45-66-8-9-69-29-71-17-6-92-23-25-26-40-31-37-21-13-41-57-27-96-86-93-22-47-53-54-44-68-51-49-59-78-35-55-48-88-84-89-7-82-83-20-75-24-67-42-43-18-91-77-19-79-73-34-63-62
Ta100x20,5,3,300,0.925,0.075,2,2230502219,17000,6610,6377,6009,4.041027779,v2_avx512bw_vec32_exact_perm,14-74-64-5-50-11-98-2-32-10-16-12-97-62-17-78-30-65-39-72-99-90-52-94-38-3-15-54-85-37-70-41-95-69-21-33-46-1-76-42-6-28-36-58-61-4-87-56-91-71-20-81-82-49-53-31-66-8-88-22-92-47-25-27-96-80-57-24-13-59-60-23-51-40-89-100-34-83-48-35-26-68-29-45-67-86-84-75-79-73-93-43-55-9-7-19-44-77-63-18
Ta100x20,5,3,300,0.925,0.075,3,2230503228,17000,6642,6377,6009,4.181251848,v2_avx512bw_vec32_exact_perm,64-14-10-32-38-97-33-62-94-16-70-50-58-1-74-76-11-69-3-39-2-27-90-85-72-52-15-31-49-37-56-46-65-12-28-13-8-17-36-60-41-35-99-98-6-23-4-45-51-21-75-59-30-61-53-96-5-93-40-26-42-86-66-29-68-57-82-48-47-34-81-20-88-67-87-71-92-9-84-80-100-79-91-95-22-83-73-55-54-24-19-7-43-77-89-25-63-18-78-44
Ta100x20,5,3,300,0.925,0.075,4,2230504237,17000,6670,6377,6009,4.15869153,v2_avx512bw_vec32_exact_perm,33-14-64-5-10-97-12-32-50-16-98-69-95-28-30-61-72-90-39-65-3-49-76-46-85-71-38-75-27-2-58-11-94-56-1-70-52-68-6-45-87-17-83-91-31-62-37-36-41-21-22-100-86-34-47-44-80-20-9-40-8-4-23-13-53-42-66-99-81-29-88-15-60-26-59-92-35-74-96-93-89-82-48-24-84-19-78-79-77-73-7-57-67-54-25-51-55-43-63-18
Ta100x20,5,3,300,0.925,0.075,5,2230505246,17000,6621,6377,6009,4.005937656,v2_avx512bw_vec32_exact_perm,64-51-14-32-62-97-30-12-98-16-50-3-10-33-1-70-56-74-11-38-41-5-58-27-85-28-61-69-46-72-37-8-76-24-15-6-90-49-94-65-39-9-52-21-71-53-88-47-45-92-2-68-42-59-36-29-20-35-87-95-4-17-86-80-22-26-54-60-66-82-55-13-96-23-31-79-57-84-78-40-25-93-91-48-75-100-77-34-81-99-83-43-67-7-89-73-19-63-18-44
Ta100x20,5,3,300,0.925,0.075,6,2230506255,17000,6647,6377,6009,3.793507091,v2_avx512bw_vec32_exact_perm,33-14-12-64-30-50-51-98-41-16-3-32-56-10-36-90-15-70-95-62-58-2-39-94-8-38-72-74-66-5-28-100-92-61-35-85-53-11-1-31-75-76-99-52-69-9-68-65-26-45-49-46-37-4-22-47-57-27-78-97-23-21-29-59-80-60-84-71-87-86-40-20-89-93-6-43-79-82-88-42-91-83-13-17-96-25-48-24-54-44-55-34-67-81-73-7-77-19-63-18
Ta100x20,5,3,300,0.925,0.075,7,2230507264,17000,6619,6377,6009,3.861095069,v2_avx512bw_vec32_exact_perm,14-64-50-11-10-97-5-98-12-30-90-16-32-69-28-45-74-61-62-85-100-38-68-37-76-94-72-21-1-3-71-33-66-8-39-9-49-52-2-56-87-22-81-31-80-70-4-15-92-40-27-47-99-17-6-35-58-36-65-46-75-79-20-57-59-42-29-26-51-54-13-41-25-88-95-43-83-53-55-96-60-93-48-67-86-24-23-19-91-89-82-73-84-7-34-77-63-18-78-44
Ta100x20,5,3,300,0.925,0.075,8,2230508273,17000,6620,6377,6009,3.957042465,v2_avx512bw_vec32_exact_perm,14-64-32-11-97-12-50-28-62-3-74-33-69-38-41-2-15-98-5-10-30-71-72-53-90-94-85-65-96-56-39-76-1-21-27-87-70-16-60-8-25-37-59-46-52-66-58-45-49-47-81-42-36-48-4-86-23-100-92-40-88-13-51-75-6-93-84-22-61-80-26-31-17-43-20-55-91-29-95-35-82-24-99-57-89-68-83-54-9-19-67-79-73-7-78-77-44-34-63-18
Ta100x20,5,3,300,0.925,0.075,9,2230509282,17000,6684,6377,6009,3.929495092,v2_avx512bw_vec32_exact_perm,64-98-51-14-70-11-50-16-33-32-30-2-1-99-10-38-58-97-5-76-69-90-8-12-41-23-100-3-28-39-72-37-9-46-56-71-74-87-61-52-40-85-13-94-59-15-4-68-21-17-47-81-75-60-92-65-27-42-36-20-6-26-35-91-53-45-25-84-80-49-31-22-82-29-86-88-73-93-95-54-24-48-55-67-57-83-78-66-44-79-34-7-77-43-19-96-89-63-18-62
Ta100x20,5,3,300,0.925,0.075,10,2230510291,17000,6663,6377,6009,3.805391164,v2_avx512bw_vec32_exact_perm,14-64-32-50-11-33-62-98-97-10-65-69-99-94-28-16-41-12-61-90-15-30-52-1-18-58-56-2-8-86-38-37-76-46-72-5-21-26-49-79-75-39-59-45-29-22-71-27-3-70-47-31-60-36-78-13-57-74-35-85-20-40-84-87-95-53-82-100-80-17-93-92-55-23-51-4-42-6-81-96-68-83-9-66-34-48-24-19-88-67-73-77-91-89-25-7-43-54-44-63
Ta100x20,5,3,300,0.925,0.1,1,2230501210,17000,6688,6377,6009,3.843708544,v2_avx512bw_vec32_exact_perm,64-14-10-32-98-12-5-94-90-30-50-74-41-33-70-16-97-61-65-39-76-2-99-52-80-69-1-58-46-27-51-87-72-8-60-36-13-3-25-11-54-85-38-49-28-21-45-56-59-53-40-86-6-23-15-81-67-71-100-9-92-91-4-75-31-48-66-95-29-47-20-88-17-57-24-82-96-34-77-68-83-37-44-22-35-93-7-26-78-84-89-19-79-73-55-42-43-63-18-62
Ta100x20,5,3,300,0.925,0.1,2,2230502219,17000,6640,6377,6009,3.887456372,v2_avx512bw_vec32_exact_perm,33-14-64-65-62-10-32-11-56-74-50-94-97-98-41-52-12-16-39-70-38-85-51-21-72-28-37-1-69-48-6-90-86-76-8-3-36-30-87-40-26-25-75-79-91-46-45-60-81-5-4-24-53-61-92-27-17-55-88-31-23-49-100-42-15-22-20-71-13-95-29-59-80-2-96-35-18-93-66-82-58-84-89-68-99-47-73-57-83-7-78-43-44-19-9-54-77-67-34-63
Ta100x20,5,3,300,0.925,0.1,3,2230503228,17000,6641,6377,6009,3.998466743,v2_avx512bw_vec32_exact_perm,33-62-10-98-14-64-32-97-58-12-50-11-74-5-8-56-39-99-16-72-69-17-15-28-38-70-30-78-41-94-65-49-46-3-37-93-21-76-52-53-1-91-31-36-87-85-40-81-60-22-90-80-29-20-13-27-47-4-35-54-61-71-100-92-55-6-96-42-86-2-59-24-25-45-88-75-51-23-82-83-84-68-26-9-66-57-89-7-95-77-19-79-34-63-48-43-73-18-67-44
Ta100x20,5,3,300,0.925,0.1,4,2230504237,17000,6638,6377,6009,4.131368997,v2_avx512bw_vec32_exact_perm,10-33-98-51-94-64-50-62-32-11-14-97-28-72-70-5-74-99-1-52-56-12-38-3-2-53-61-88-16-69-65-36-86-41-75-59-60-22-37-39-76-6-87-47-8-82-15-58-21-4-90-84-9-27-96-45-92-23-81-30-100-29-49-85-46-17-31-95-26-71-13-54-40-20-25-48-66-34-42-91-80-57-68-73-44-35-55-19-24-43-79-93-7-83-77-78-89-63-18-67
Ta100x20,5,3,300,0.925,0.1,5,2230505246,17000,6629,6377,6009,3.953190948,v2_avx512bw_vec32_exact_perm,14-12-98-50-30-74-33-97-64-61-32-10-11-16-45-5-38-62-94-58-69-1-28-37-81-65-39-90-8-41-4-47-21-70-80-13-100-2-72-71-27-76-59-95-23-56-53-96-85-75-15-54-20-52-3-93-22-68-29-49-46-40-82-36-9-86-84-51-79-91-6-92-83-31-26-24-88-42-55-25-66-60-35-99-48-87-89-17-57-78-67-77-7-19-73-43-44-34-63-18
Ta100x20,5,3,300,0.925,0.1,6,2230506255,17000,6593,6377,6009,3.988632034,v2_avx512bw_vec32_exact_perm,64-51-98-62-14-5-33-30-61-38-50-90-97-28-39-69-41-72-74-32-99-65-11-10-100-12-70-8-46-56-36-76-40-92-1-53-37-26-52-95-85-94-21-15-17-47-23-13-58-88-20-16-82-75-60-87-25-68-80-57-4-59-2-27-42-49-96-73-3-66-29-43-22-45-81-9-71-6-84-55-86-31-34-48-35-24-78-93-79-44-91-83-77-89-7-54-67-19-63-18
Ta100x20,5,3,300,0.925,0.1,7,2230507264,17000,6689,6377,6009,4.060417831,v2_avx512bw_vec32_exact_perm,14-33-64-32-50-10-11-62-5-97-35-98-69-87-65-39-76-90-72-30-27-16-38-13-15-1-3-58-52-17-70-45-37-12-85-94-60-71-57-92-21-4-46-2-61-53-59-82-20-47-28-31-86-74-41-6-36-8-96-9-100-40-81-75-95-49-68-54-29-99-56-55-42-26-88-89-43-22-78-93-84-23-83-24-51-66-48-91-25-19-73-7-44-34-80-77-79-67-63-18
Ta100x20,5,3,300,0.925,0.1,8,2230508273,17000,6646,6377,6009,3.890508594,v2_avx512bw_vec32_exact_perm,33-14-64-32-11-97-50-98-70-39-52-85-45-62-12-90-8-61-28-69-38-94-16-10-65-13-53-76-5-3-30-81-74-72-46-47-40-1-2-49-9-20-75-56-26-88-6-21-58-36-87-37-17-27-31-96-71-91-95-80-92-41-100-22-15-55-29-82-4-60-86-35-99-83-51-59-66-25-48-42-93-24-57-54-84-23-7-19-73-68-79-78-44-43-34-77-89-63-18-67
Ta100x20,5,3,300,0.925,0.1,9,2230509282,17000,6641,6377,6009,3.943867684,v2_avx512bw_vec32_exact_perm,14-33-64-50-32-11-5-97-58-53-12-2-30-90-10-99-74-98-61-16-56-27-46-62-65-76-94-72-22-8-81-1-70-9-52-69-45-39-40-41-100-36-4-28-15-38-6-49-88-86-26-96-66-85-92-20-3-93-23-47-84-71-37-82-59-17-75-29-57-31-80-13-95-60-21-68-87-43-51-54-89-24-25-55-19-48-35-83-91-42-44-78-7-77-79-73-34-63-18-67
Ta100x20,5,3,300,0.925,0.1,10,2230510291,17000,6611,6377,6009,3.85440023,v2_avx512bw_vec32_exact_perm,51-14-32-16-97-62-28-33-12-50-38-94-49-64-72-5-11-56-37-39-30-71-3-65-98-35-90-10-70-52-17-76-22-21-1-74-41-8-68-4-2-69-61-100-9-15-27-45-53-66-58-23-46-26-59-96-75-36-85-92-31-60-99-42-80-40-43-88-57-20-47-84-86-29-81-93-91-82-89-25-48-95-13-34-24-79-73-44-6-87-55-7-19-83-78-54-77-63-18-67
Ta100x20,5,3,300,0.925,0.125,1,2230501210,17000,6630,6377,6009,3.897522111,v2_avx512bw_vec32_exact_perm,33-14-64-50-5-30-11-97-32-10-98-62-99-74-39-69-65-12-17-38-56-1-94-58-53-2-36-52-15-76-21-72-90-95-22-8-34-87-92-31-81-80-47-85-13-3-61-20-28-70-37-41-71-42-35-100-66-23-55-4-68-46-48-91-40-82-59-45-60-16-84-88-96-29-9-57-49-75-6-24-51-27-26-73-43-86-44-89-7-93-19-78-77-79-83-54-67-25-63-18
Ta100x20,5,3,300,0.925,0.125,2,2230502219,17000,6628,6377,6009,3.848070022,v2_avx512bw_vec32_exact_perm,33-14-64-50-32-11-62-97-5-38-10-27-16-2-20-12-28-85-30-98-74-94-49-56-90-87-69-58-1-8-42-36-52-65-57-76-72-3-71-53-4-70-95-39-41-45-6-15-46-21-37-26-81-17-13-80-60-59-61-31-23-96-22-29-82-40-88-51-9-25-92-66-100-89-91-86-54-48-35-84-43-55-68-34-47-99-75-83-79-24-73-7-78-77-93-67-19-63-18-44
Ta100x20,5,3,300,0.925,0.125,3,2230503228,17000,6619,6377,6009,4.089063459,v2_avx512bw_vec32_exact_perm,14-64-33-5-50-11-97-61-10-12-98-30-32-87-16-1-37-39-94-81-90-72-15-3-70-56-6-49-17-74-21-58-4-65-20-52-38-60-22-46-36-27-42-85-31-71-41-76-2-25-91-8-75-23-9-84-53-69-92-28-80-100-66-29-47-93-26-88-95-35-51-40-59-82-62-99-68-86-57-43-24-73-89-83-45-55-13-54-79-96-7-34-48-77-44-67-78-19-63-18
Ta100x20,5,3,300,0.925,0.125,4,2230504237,17000,6664,6377,6009,4.057670285,v2_avx512bw_vec32_exact_perm,64-51-14-99-50-33-28-11-30-97-58-61-38-17-12-98-56-32-74-69-16-45-5-100-72-65-68-94-90-52-76-4-15-39-2-53-1-10-85-8-41-21-23-3-60-22-71-70-36-37-67-27-20-47-35-92-59-81-29-31-66-80-13-96-9-44-86-40-49-25-26-34-87-43-93-24-46-42-6-48-83-95-75-77-78-88-57-7-82-91-79-73-55-84-89-54-19-63-18-62
Ta100x20,5,3,300,0.925,0.125,5,2230505246,17000,6658,6377,6009,4.029218319,v2_avx512bw_vec32_exact_perm,14-64-50-33-32-30-97-98-10-56-11-85-72-2-1-94-28-53-12-38-69-45-16-41-37-76-65-39-90-5-15-87-74-17-49-70-6-71-62-21-81-29-31-66-75-86-60-99-59-3-36-46-61-8-95-82-92-9-42-23-91-22-100-58-13-43-20-57-52-27-96-40-80-4-47-35-25-55-93-34-84-88-73-26-68-51-79-24-89-19-83-78-54-7-48-77-44-63-18-67
Ta100x20,5,3,300,0.925,0.125,6,2230506255,17000,6617,6377,6009,3.814267237,v2_avx512bw_vec32_exact_perm,51-14-64-62-98-10-32-5-97-11-39-12-94-2-52-38-16-28-33-74-76-50-1-4-90-72-85-3-49-6-27-37-23-15-61-80-100-70-81-18-41-45-22-42-36-58-26-31-56-30-47-53-82-46-8-87-60-20-65-71-75-66-9-69-59-35-17-29-40-48-79-88-92-13-95-21-77-93-54-86-96-34-84-83-99-68-67-43-24-57-91-89-25-73-7-19-55-78-63-44
Ta100x20,5,3,300,0.925,0.125,7,2230507264,17000,6682,6377,6009,3.93771,v2_avx512bw_vec32_exact_perm,14-64-50-94-33-30-38-28-12-97-65-72-52-11-62-32-98-61-69-37-58-10-2-1-74-45-96-66-71-9-87-76-81-100-36-20-56-90-6-3-85-49-4-31-70-88-41-16-21-59-27-8-95-17-79-46-75-22-68-34-39-15-5-53-35-80-92-40-51-23-25-93-24-48-99-29-60-57-26-67-43-83-91-13-82-84-86-7-78-47-73-89-54-55-42-44-19-18-77-63
Ta100x20,5,3,300,0.925,0.125,8,2230508273,17000,6597,6377,6009,3.854636175,v2_avx512bw_vec32_exact_perm,64-14-50-33-5-11-30-98-94-16-38-70-10-100-32-74-97-61-39-1-9-76-69-41-95-72-49-12-90-28-37-46-8-53-22-17-75-85-31-15-58-71-65-2-6-96-3-29-66-20-45-34-81-40-92-42-55-21-13-56-27-87-36-23-4-88-51-60-35-79-47-82-57-59-99-26-68-62-80-19-83-86-25-93-48-89-52-73-7-84-24-78-91-43-44-54-77-63-18-67
Ta100x20,5,3,300,0.925,0.125,9,2230509282,17000,6668,6377,6009,3.814424362,v2_avx512bw_vec32_exact_perm,64-14-5-33-39-94-12-50-97-10-32-16-35-31-69-37-57-65-52-98-85-99-62-61-3-46-74-76-11-56-90-86-70-72-1-17-38-8-29-21-66-22-15-28-41-81-49-80-51-60-53-20-30-82-36-4-59-13-26-42-2-27-91-23-40-45-100-47-68-96-25-24-88-93-87-43-58-54-55-84-75-89-6-95-7-92-79-71-34-48-83-67-9-19-73-78-77-63-18-44
Ta100x20,5,3,300,0.925,0.125,10,2230510291,17000,6599,6377,6009,3.776372473,v2_avx512bw_vec32_exact_perm,25-64-32-10-11-50-33-12-85-2-56-16-14-74-39-21-97-30-98-60-15-28-65-90-72-94-99-37-70-96-1-6-66-52-71-3-5-23-58-27-38-69-41-49-8-59-76-87-47-36-95-62-61-4-26-81-44-68-54-75-92-53-89-22-80-45-29-42-57-88-20-40-82-91-13-100-46-31-34-24-93-48-79-77-35-17-83-9-51-19-7-78-84-43-86-67-73-55-18-63
Ta100x20,5,3,300,0.9625,0.025,1,2230501210,17000,6617,6377,6009,3.840939175,v2_avx512bw_vec32_exact_perm,25-64-14-74-33-50-38-12-94-98-62-32-2-41-16-3-87-10-97-56-65-27-49-4-29-85-69-1-46-76-28-58-31-70-37-86-90-21-15-61-8-45-72-11-13-36-30-52-23-75-51-17-35-80-95-88-59-91-22-60-39-57-100-81-20-71-47-99-40-93-26-6-53-55-54-96-83-9-66-82-42-92-5-68-44-79-48-7-24-19-73-34-77-78-43-84-89-63-18-67
Ta100x20,5,3,300,0.9625,0.025,2,2230502219,17000,6632,6377,6009,4.126827756,v2_avx512bw_vec32_exact_perm,14-50-38-64-30-12-5-32-97-33-62-70-71-98-39-2-10-90-15-99-74-56-11-76-65-31-72-58-8-46-6-1-26-94-53-16-28-95-36-52-35-87-100-69-41-4-27-86-37-21-49-23-75-60-88-45-3-92-96-22-84-80-9-40-79-51-66-59-85-81-20-61-82-24-34-57-25-29-68-17-42-55-43-47-91-93-83-7-19-78-13-73-48-44-54-77-89-63-18-67
Ta100x20,5,3,300,0.9625,0.025,3,2230503228,17000,6639,6377,6009,4.104844519,v2_avx512bw_vec32_exact_perm,14-64-50-38-30-98-97-12-5-33-99-11-17-16-3-70-52-37-87-74-61-69-65-94-28-56-10-71-32-1-76-46-35-39-60-22-53-58-15-85-4-95-90-45-8-31-72-41-100-66-6-49-13-29-81-96-88-34-40-80-25-59-36-55-79-21-92-9-51-27-23-68-57-2-42-82-20-48-26-86-84-93-47-19-43-18-91-67-89-75-54-24-78-7-77-83-73-63-44-62
Ta100x20,5,3,300,0.9625,0.025,4,2230504237,17000,6645,6377,6009,4.235252618,v2_avx512bw_vec32_exact_perm,25-64-32-14-10-11-50-98-12-39-97-2-62-69-5-53-72-37-74-33-94-76-38-99-90-1-3-4-87-65-85-75-21-27-16-15-70-31-96-56-91-52-54-81-28-95-8-13-100-46-49-40-58-88-26-36-23-60-92-86-29-61-47-41-71-6-42-20-59-84-55-80-68-66-82-35-57-22-30-34-45-48-83-9-24-19-17-89-73-67-7-78-79-44-43-93-77-51-63-18
Ta100x20,5,3,300,0.9625,0.025,5,2230505246,17000,6648,6377,6009,4.061264691,v2_avx512bw_vec32_exact_perm,10-14-33-64-50-32-11-97-12-30-39-5-98-69-70-74-2-38-3-95-72-16-94-65-56-28-1-49-90-46-75-92-9-53-80-27-36-60-4-61-76-58-37-23-87-52-100-22-20-71-35-8-85-17-31-41-45-91-67-29-40-57-81-51-21-24-25-13-48-34-15-66-68-86-96-55-88-6-26-82-93-47-99-42-44-54-79-59-84-73-7-89-78-83-77-43-19-63-18-62
Ta100x20,5,3,300,0.9625,0.025,6,2230506255,17000,6579,6377,6009,4.055445136,v2_avx512bw_vec32_exact_perm,64-98-51-62-32-14-99-97-12-50-38-30-5-2-74-16-94-10-1-70-56-6-87-58-39-52-71-33-11-76-3-36-65-49-46-85-90-86-37-41-69-72-61-23-4-28-15-21-95-13-75-27-80-31-26-100-59-92-81-88-24-45-53-42-96-8-22-66-60-29-40-57-20-35-93-82-68-55-34-84-91-17-54-83-47-67-48-79-25-43-9-19-73-89-7-77-63-18-78-44
Ta100x20,5,3,300,0.9625,0.025,7,2230507264,17000,6532,6377,6009,4.126667445,v2_avx512bw_vec32_exact_perm,33-14-98-11-50-12-97-64-30-32-41-94-38-72-2-69-3-74-39-5-56-15-62-52-28-70-16-76-90-85-79-1-100-10-45-96-37-81-42-21-13-17-8-92-31-65-4-49-23-59-60-68-36-53-66-47-99-58-46-61-20-40-22-29-75-95-87-71-88-48-80-51-9-34-27-57-67-82-91-26-25-35-86-93-84-73-55-6-83-54-43-24-7-78-19-77-89-63-18-44
Ta100x20,5,3,300,0.9625,0.025,8,2230508273,17000,6591,6377,6009,4.283456838,v2_avx512bw_vec32_exact_perm,64-51-14-32-16-98-62-33-50-74-94-69-2-38-65-28-97-72-12-13-95-49-46-11-17-90-76-81-58-61-70-39-24-15-85-3-10-1-82-5-71-41-8-4-31-23-20-26-47-52-37-75-57-60-53-27-66-56-59-36-21-92-96-45-40-35-86-22-29-80-68-6-93-55-100-99-42-30-87-91-54-88-78-19-44-83-48-84-79-25-43-73-7-9-34-77-89-63-18-67
Ta100x20,5,3,300,0.9625,0.025,9,2230509282,17000,6614,6377,6009,4.320694919,v2_avx512bw_vec32_exact_perm,25-64-14-50-74-33-52-98-94-65-12-17-32-49-16-70-39-97-90-95-28-81-10-53-58-61-36-11-69-85-76-56-72-37-31-1-60-2-41-22-5-100-80-8-6-46-42-99-3-30-91-38-4-45-26-71-13-75-23-59-15-20-47-48-29-21-66-40-67-87-9-62-92-57-27-68-89-35-34-96-88-84-86-93-82-73-77-24-43-54-7-19-79-55-83-78-44-63-18-51
Ta100x20,5,3,300,0.9625,0.025,10,2230510291,17000,6634,6377,6009,4.365559595,v2_avx512bw_vec32_exact_perm,14-64-50-32-33-62-30-38-99-5-11-12-98-16-69-37-39-97-15-76-2-58-53-85-28-74-8-94-65-88-1-90-21-41-56-10-17-27-47-72-81-51-60-4-87-66-78-6-49-9-20-46-36-70-52-40-59-96-86-31-29-3-22-71-100-13-23-93-57-68-92-80-24-26-42-48-95-55-75-61-43-82-19-45-35-84-83-91-25-54-89-79-44-73-7-77-67-34-63-18
Ta100x20,5,3,300,0.9625,0.05,1,2230501210,17000,6637,6377,6009,4.039043623,v2_avx512bw_vec32_exact_perm,33-14-64-50-12-10-11-62-98-16-32-30-41-56-39-58-5-94-74-3-70-1-90-4-75-2-38-72-97-53-21-15-71-49-9-23-46-61-8-69-52-37-13-20-47-87-85-65-100-36-82-68-6-28-66-76-45-35-40-27-26-51-17-59-22-96-83-29-80-60-99-57-81-31-78-42-92-95-54-84-55-89-88-48-86-44-91-24-77-7-79-25-19-93-43-73-34-63-18-67
Ta100x20,5,3,300,0.9625,0.05,2,2230502219,17000,6679,6377,6009,3.977853473,v2_avx512bw_vec32_exact_perm,51-14-85-33-50-30-64-12-16-58-94-97-61-32-10-98-2-11-69-3-15-53-1-52-99-27-36-72-90-70-41-39-76-74-37-46-56-31-65-60-49-38-5-28-8-20-6-82-21-9-17-68-96-57-35-22-75-29-86-66-4-80-45-87-92-59-54-40-13-26-42-71-88-100-81-47-34-67-73-25-83-55-23-7-48-95-43-24-93-77-89-84-79-44-78-91-19-63-18-62
Ta100x20,5,3,300,0.9625,0.05,3,2230503228,17000,6653,6377,6009,4.013546009,v2_avx512bw_vec32_exact_perm,10-64-51-14-33-97-50-16-5-30-56-32-11-98-74-72-94-38-70-90-12-39-61-3-2-85-87-69-28-6-21-92-71-27-100-65-20-8-45-58-52-99-79-9-46-15-1-37-95-4-42-41-47-36-22-53-49-80-31-75-25-26-88-66-44-59-73-17-57-23-76-55-35-40-82-34-96-24-81-60-43-29-13-86-91-48-83-93-68-54-67-89-7-19-78-84-77-63-18-62
Ta100x20,5,3,300,0.9625,0.05,4,2230504237,17000,6621,6377,6009,3.990032007,v2_avx512bw_vec32_exact_perm,33-14-64-32-97-50-11-62-2-16-56-10-12-94-98-58-80-39-30-5-38-1-74-49-17-72-90-65-85-15-46-69-41-61-53-6-60-28-37-29-8-88-92-31-26-3-45-42-4-99-70-20-73-52-75-82-71-23-21-59-36-27-22-40-43-47-76-81-68-66-87-55-35-95-91-57-51-96-13-100-9-54-84-83-86-89-7-77-79-78-44-19-24-25-48-93-67-34-63-18
Ta100x20,5,3,300,0.9625,0.05,5,2230505246,17000,6637,6377,6009,3.9744767,v2_avx512bw_vec32_exact_perm,33-14-64-50-11-28-10-32-69-70-16-98-62-99-97-94-52-61-53-56-51-85-74-3-12-5-38-1-76-75-95-2-49-37-87-41-72-9-58-90-4-8-15-39-65-46-13-71-23-17-21-34-20-60-22-35-40-36-92-29-30-86-26-80-48-6-45-31-88-81-42-66-79-59-24-93-54-96-55-91-57-83-82-100-27-73-67-77-43-47-68-78-7-19-84-25-89-63-18-44
Ta100x20,5,3,300,0.9625,0.05,6,2230506255,17000,6663,6377,6009,4.163464258,v2_avx512bw_vec32_exact_perm,25-64-10-5-32-51-98-94-97-39-16-12-50-2-3-56-69-38-14-72-28-49-1-24-65-30-4-15-58-45-90-70-21-37-85-61-46-26-47-74-100-35-27-11-31-87-66-52-76-29-17-62-57-8-78-33-71-36-13-6-42-88-41-92-23-81-53-34-91-20-75-40-48-59-82-77-84-86-80-22-79-93-9-96-83-43-60-99-95-55-67-7-73-89-54-68-19-44-63-18
Ta100x20,5,3,300,0.9625,0.05,7,2230507264,17000,6674,6377,6009,4.061036021,v2_avx512bw_vec32_exact_perm,33-14-50-38-64-5-12-30-10-16-72-97-32-65-70-69-98-74-58-94-11-18-87-28-76-71-1-51-36-2-37-39-60-90-3-53-85-80-15-35-6-99-31-95-8-56-52-49-23-46-81-88-100-59-13-45-17-40-21-4-55-41-27-26-22-67-9-61-43-86-96-75-92-47-54-66-29-78-24-68-91-83-20-42-84-93-44-57-48-79-77-7-82-34-19-89-73-62-25-63
Ta100x20,5,3,300,0.9625,0.05,8,2230508273,17000,6654,6377,6009,4.042353528,v2_avx512bw_vec32_exact_perm,14-64-5-28-62-12-50-33-98-76-39-51-85-32-10-58-94-99-97-16-90-45-11-3-72-70-21-56-74-69-2-41-100-75-17-38-59-65-71-15-47-87-52-68-96-30-9-42-4-49-88-1-82-27-60-46-20-37-84-53-92-8-31-23-61-6-91-40-66-55-26-79-29-22-34-57-86-54-48-81-80-13-95-93-35-43-36-73-24-83-7-67-19-77-89-25-63-18-78-44
Ta100x20,5,3,300,0.9625,0.05,9,2230509282,17000,6659,6377,6009,4.039222156,v2_avx512bw_vec32_exact_perm,14-30-51-98-28-52-10-65-12-32-2-64-33-97-41-50-76-56-16-69-94-38-15-90-72-6-17-11-8-85-49-53-36-95-62-70-45-3-87-1-74-58-39-92-99-75-60-21-37-61-88-9-96-55-46-13-71-66-47-20-59-29-57-80-27-23-48-42-100-5-91-22-84-82-54-40-86-4-83-25-81-67-68-43-24-73-19-35-7-89-31-26-79-93-77-78-44-34-63-18
Ta100x20,5,3,300,0.9625,0.05,10,2230510291,17000,6685,6377,6009,3.951147218,v2_avx512bw_vec32_exact_perm,64-51-14-12-33-98-30-16-5-1-50-10-74-41-76-8-11-90-72-85-61-97-40-32-95-53-94-38-100-3-65-37-39-70-13-35-58-69-92-17-36-78-59-45-46-28-20-49-52-56-21-15-75-86-4-31-87-71-82-80-99-25-9-2-55-48-68-26-27-60-29-96-47-43-88-34-81-91-22-66-44-79-84-42-57-77-6-89-23-73-7-93-54-19-24-83-67-63-18-62
Ta100x20,5,3,300,0.9625,0.075,1,2230501210,17000,6671,6377,6009,3.878450704,v2_avx512bw_vec32_exact_perm,51-14-98-64-50-11-69-32-12-97-20-85-33-2-16-39-61-100-38-94-74-10-53-70-3-4-90-41-75-60-5-1-21-8-56-37-17-13-65-66-87-58-72-76-95-30-40-23-36-22-68-82-88-71-57-31-15-6-28-29-52-27-42-35-48-45-49-34-96-81-84-9-24-46-92-91-26-67-19-89-25-7-47-73-43-44-86-99-77-79-59-80-63-83-18-55-78-93-54-62
Ta100x20,5,3,300,0.9625,0.075,2,2230502219,17000,6650,6377,6009,3.864532279,v2_avx512bw_vec32_exact_perm,10-51-32-11-97-64-17-12-74-14-5-6-50-98-72-38-30-61-65-49-70-52-41-94-24-37-99-85-39-16-15-90-76-28-58-1-33-8-40-69-66-25-96-53-46-27-88-3-2-56-80-36-95-92-59-87-91-22-45-21-83-20-47-75-71-4-26-23-60-42-13-35-31-68-29-82-73-9-34-44-77-100-57-79-67-43-54-81-7-86-93-89-48-19-84-78-63-55-18-62
Ta100x20,5,3,300,0.9625,0.075,3,2230503228,17000,6676,6377,6009,3.852258321,v2_avx512bw_vec32_exact_perm,14-64-33-50-94-32-62-98-12-10-16-37-39-97-87-2-76-11-28-38-85-67-25-69-21-70-41-90-74-72-26-31-3-92-1-66-17-75-61-49-52-91-100-30-40-95-53-5-15-88-96-36-80-59-27-79-55-42-99-71-78-65-23-84-8-6-46-35-29-86-20-45-83-24-22-51-9-4-82-60-47-81-93-57-34-68-56-48-58-19-89-77-7-43-73-13-54-63-18-44
Ta100x20,5,3,300,0.9625,0.075,4,2230504237,17000,6689,6377,6009,3.900343055,v2_avx512bw_vec32_exact_perm,25-32-10-39-97-98-69-14-50-11-74-64-8-33-28-58-94-72-30-85-41-16-65-56-91-71-3-61-1-37-21-76-12-38-90-26-99-31-23-40-66-22-52-49-6-70-24-42-45-88-47-36-53-27-5-79-20-15-95-87-82-46-59-96-92-9-100-81-75-60-68-2-43-80-48-51-86-17-55-84-29-93-4-44-57-34-35-13-54-19-89-67-83-73-78-7-77-63-18-62
Ta100x20,5,3,300,0.9625,0.075,5,2230505246,17000,6604,6377,6009,3.814937843,v2_avx512bw_vec32_exact_perm,33-14-64-50-11-98-62-97-3-5-32-16-30-85-74-39-53-10-28-12-94-38-90-65-1-72-69-49-15-76-41-37-56-58-100-95-70-52-2-4-8-45-75-9-21-99-46-20-36-88-31-80-34-87-66-42-61-17-23-59-22-6-71-60-47-68-81-92-93-26-57-40-29-82-48-27-67-96-55-43-89-35-91-13-83-54-84-86-79-25-73-7-24-78-19-51-44-77-63-18
Ta100x20,5,3,300,0.9625,0.075,6,2230506255,17000,6607,6377,6009,4.111586667,v2_avx512bw_vec32_exact_perm,33-14-10-64-50-98-5-69-38-95-94-71-70-16-39-32-56-72-11-97-62-12-2-58-81-76-74-100-66-52-26-3-1-85-40-87-65-75-27-45-61-46-8-92-28-36-53-4-86-29-68-21-88-37-30-9-41-90-15-96-22-17-82-31-23-51-6-59-60-35-84-78-42-91-13-49-24-99-25-80-55-34-47-20-83-43-48-79-73-57-44-7-77-89-93-19-54-63-18-67
Ta100x20,5,3,300,0.9625,0.075,7,2230507264,17000,6624,6377,6009,4.272817594,v2_avx512bw_vec32_exact_perm,14-50-33-11-64-62-5-74-94-97-30-12-98-10-56-2-28-8-39-32-58-60-1-90-53-85-45-87-76-52-41-72-37-16-61-69-15-3-46-38-20-70-47-65-27-51-9-13-86-21-36-22-4-49-23-71-29-59-54-84-68-82-95-66-80-26-75-40-99-57-88-31-81-42-92-79-48-91-100-25-93-35-55-6-83-17-96-77-44-7-24-78-43-19-73-34-89-63-18-67
Ta100x20,5,3,300,0.9625,0.075,8,2230508273,17000,6669,6377,6009,4.148957223,v2_avx512bw_vec32_exact_perm,51-62-98-64-70-14-38-41-97-50-10-12-95-2-33-16-3-76-32-90-28-94-52-72-74-6-5-1-69-68-17-49-11-65-20-86-58-37-85-87-36-61-53-56-71-8-81-39-26-30-60-47-29-93-79-15-80-99-91-45-84-31-46-66-55-13-78-83-42-40-22-35-21-4-100-9-48-27-43-59-82-23-92-24-96-57-75-88-67-77-73-19-89-25-7-54-44-34-63-18
Ta100x20,5,3,300,0.9625,0.075,9,2230509282,17000,6648,6377,6009,4.241250339,v2_avx512bw_vec32_exact_perm,51-98-62-5-64-16-14-97-33-50-69-32-21-30-71-39-9-56-49-10-38-72-12-26-74-41-17-90-94-2-20-76-46-1-58-53-3-27-70-61-31-87-37-85-95-75-22-100-8-52-23-28-80-92-36-45-11-60-35-4-65-29-96-88-66-59-86-13-84-15-40-89-6-48-47-57-82-43-68-42-54-99-55-24-91-25-83-77-81-79-78-19-73-44-7-67-93-34-63-18
Ta100x20,5,3,300,0.9625,0.075,10,2230510291,17000,6628,6377,6009,4.686359212,v2_avx512bw_vec32_exact_perm,14-64-50-11-97-62-12-98-56-74-38-30-5-76-3-69-41-94-16-28-58-49-90-85-33-10-65-37-24-1-52-51-32-2-72-60-71-39-6-45-100-53-87-8-15-17-92-9-57-96-26-78-93-23-40-13-4-21-36-80-81-29-66-84-31-61-22-46-75-20-99-70-82-68-34-42-47-35-27-86-59-83-95-88-25-54-19-89-55-91-48-77-79-7-44-43-73-63-18-67
Ta100x20,5,3,300,0.9625,0.1,1,2230501210,17000,6675,6377,6009,3.831601405,v2_avx512bw_vec32_exact_perm,64-33-14-50-10-62-32-16-5-60-30-97-11-12-98-94-3-90-74-22-24-65-85-38-28-71-72-69-58-61-36-29-100-56-76-1-2-52-45-37-39-41-46-6-15-86-59-21-79-31-99-8-20-80-70-92-47-87-75-53-40-55-42-95-66-13-67-49-27-25-17-26-81-34-96-82-57-23-35-88-83-54-4-89-84-73-43-68-91-93-7-48-19-78-51-9-77-44-63-18
Ta100x20,5,3,300,0.9625,0.1,2,2230502219,17000,6724,6377,6009,3.984999347,v2_avx512bw_vec32_exact_perm,25-64-10-50-14-33-38-32-98-39-51-69-87-97-12-94-2-65-37-46-49-1-8-72-90-76-41-3-27-28-70-5-16-100-95-42-86-31-53-71-45-15-17-30-74-85-11-35-75-48-23-47-4-26-36-21-92-61-58-9-66-99-56-52-20-81-82-96-68-84-59-40-54-80-67-29-88-83-60-91-77-57-43-24-79-73-55-6-18-22-63-13-19-78-7-44-34-89-93-62
Ta100x20,5,3,300,0.9625,0.1,3,2230503228,17000,6683,6377,6009,4.118105082,v2_avx512bw_vec32_exact_perm,14-33-50-11-64-62-38-72-32-30-12-39-49-97-5-16-10-17-2-99-6-98-3-58-85-1-76-56-52-28-100-94-75-95-65-36-71-69-23-8-25-27-70-35-22-29-78-60-53-37-86-48-41-92-88-90-31-21-87-59-45-74-80-26-66-55-61-15-46-20-91-93-84-81-47-34-89-4-82-79-83-40-24-57-96-44-9-19-13-42-68-43-73-7-77-54-67-63-18-51
Ta100x20,5,3,300,0.9625,0.1,4,2230504237,17000,6630,6377,6009,4.158968447,v2_avx512bw_vec32_exact_perm,51-14-32-97-5-11-64-98-69-50-41-30-90-12-80-10-1-72-33-94-52-99-76-53-2-21-85-28-65-3-70-16-38-56-29-87-60-36-68-4-95-49-39-15-17-46-37-22-8-59-82-23-71-27-9-92-61-13-96-20-57-100-62-88-81-42-74-26-47-45-84-67-40-86-25-66-83-31-35-93-58-6-89-91-34-73-48-24-75-43-7-78-55-19-79-54-44-77-63-18
Ta100x20,5,3,300,0.9625,0.1,5,2230505246,17000,6640,6377,6009,4.541711125,v2_avx512bw_vec32_exact_perm,64-51-11-62-50-69-98-14-72-31-32-21-99-10-90-17-1-74-94-49-38-12-28-6-41-5-35-23-100-15-52-53-88-56-16-46-70-97-20-2-76-42-30-65-68-95-29-36-58-45-47-33-4-26-34-85-37-39-61-75-59-3-87-8-91-44-92-24-27-22-48-86-81-83-80-40-82-71-55-66-57-13-96-25-84-60-43-79-78-93-9-7-77-73-89-19-54-63-18-67
Ta100x20,5,3,300,0.9625,0.1,6,2230506255,17000,6697,6377,6009,3.794604045,v2_avx512bw_vec32_exact_perm,51-64-14-98-50-12-33-30-38-32-10-97-70-16-58-5-39-72-95-65-69-85-11-56-46-17-54-3-2-36-53-71-37-23-8-75-1-15-18-35-6-83-76-52-66-88-28-61-41-29-90-68-49-31-80-20-81-94-21-13-87-45-92-59-26-74-24-91-47-60-40-48-4-42-55-100-99-22-43-27-67-96-78-25-93-77-7-86-84-9-19-82-57-89-79-63-34-73-44-62
Ta100x20,5,3,300,0.9625,0.1,7,2230507264,17000,6667,6377,6009,4.049547982,v2_avx512bw_vec32_exact_perm,14-50-33-11-97-32-64-5-30-10-16-98-65-39-56-12-62-74-70-94-38-90-69-3-49-72-6-28-99-51-37-46-41-15-9-8-75-87-66-17-92-1-53-76-21-58-29-27-91-52-61-85-23-45-71-31-36-42-4-40-47-95-79-35-96-100-57-68-20-60-24-59-80-26-82-55-88-2-84-25-86-93-44-22-48-19-13-43-83-54-78-89-7-73-81-77-34-63-18-67
Ta100x20,5,3,300,0.9625,0.1,8,2230508273,17000,6645,6377,6009,4.012792856,v2_avx512bw_vec32_exact_perm,14-64-50-11-74-32-98-10-33-12-70-97-61-62-1-90-27-2-39-72-94-71-3-52-60-35-69-16-30-9-45-51-65-85-31-76-6-87-21-56-53-36-86-28-58-8-59-5-23-66-4-17-37-49-15-82-38-80-81-22-57-96-19-92-48-46-20-24-75-95-26-42-91-25-40-43-29-100-68-13-41-54-73-93-55-47-79-88-83-99-84-7-89-78-44-34-77-63-18-67
Ta100x20,5,3,300,0.9625,0.1,9,2230509282,17000,6672,6377,6009,3.953196103,v2_avx512bw_vec32_exact_perm,25-14-64-50-33-32-97-10-74-85-87-62-28-27-72-98-71-94-30-90-37-12-53-15-38-49-31-65-69-1-99-6-3-76-41-52-56-39-29-21-59-95-5-58-92-11-80-100-75-2-86-36-8-22-47-70-23-20-4-82-60-93-61-35-42-24-40-16-68-45-13-88-57-48-66-46-81-34-26-17-96-84-91-55-79-44-43-89-83-78-54-9-51-77-7-19-73-63-18-67
Ta100x20,5,3,300,0.9625,0.1,10,2230510291,17000,6658,6377,6009,4.417956236,v2_avx512bw_vec32_exact_perm,33-14-64-11-30-5-97-61-10-100-98-50-65-27-52-2-90-36-12-87-3-28-37-94-72-39-1-99-8-58-69-74-41-62-49-46-70-56-31-21-45-23-16-32-76-53-68-4-38-67-15-26-6-60-17-47-66-85-75-96-42-71-20-93-88-29-92-78-40-13-82-80-81-7-48-86-22-73-84-57-59-95-35-83-44-79-9-51-54-24-19-89-25-55-91-34-43-77-63-18
Ta100x20,5,3,300,0.9625,0.125,1,2230501210,17000,6676,6377,6009,3.821298654,v2_avx512bw_vec32_exact_perm,10-64-14-28-98-62-61-16-38-12-33-32-22-52-76-1-50-35-94-97-3-2-90-37-36-69-58-20-71-17-85-8-87-72-65-56-11-80-30-49-15-29-66-67-21-46-93-79-5-86-53-96-74-39-27-4-70-42-92-41-31-60-48-40-82-59-99-88-81-73-6-68-57-23-19-54-75-100-45-84-78-55-25-47-13-26-95-83-9-34-7-44-89-24-91-77-43-63-18-51
Ta100x20,5,3,300,0.9625,0.125,2,2230502219,17000,6652,6377,6009,4.137046469,v2_avx512bw_vec32_exact_perm,14-98-64-30-50-11-97-62-12-10-37-17-38-33-58-94-16-65-1-3-69-56-85-76-100-39-72-32-74-90-49-13-61-27-95-41-15-70-52-23-80-5-4-47-31-46-8-92-29-2-6-81-20-36-25-21-51-24-53-59-45-42-87-71-28-75-40-68-35-82-60-26-88-55-44-48-57-54-79-89-66-96-77-86-84-22-91-99-9-83-78-19-43-73-7-93-34-63-18-67
Ta100x20,5,3,300,0.9625,0.125,3,2230503228,17000,6670,6377,6009,4.118318262,v2_avx512bw_vec32_exact_perm,33-14-64-38-50-87-94-12-97-98-10-16-56-11-74-5-70-3-90-57-52-32-85-69-76-72-62-41-30-61-37-58-1-21-15-91-71-8-86-4-39-46-65-28-51-45-49-20-6-81-47-27-53-42-99-31-79-29-2-60-36-23-9-40-34-59-35-82-68-75-66-43-26-95-22-88-17-92-24-96-93-84-55-48-78-100-19-83-54-13-80-67-25-7-73-44-77-89-63-18
Ta100x20,5,3,300,0.9625,0.125,4,2230504237,17000,6672,6377,6009,4.042237576,v2_avx512bw_vec32_exact_perm,33-64-14-98-10-11-97-12-30-62-56-38-5-2-65-39-94-24-50-100-8-16-22-72-89-32-1-71-74-31-58-76-69-41-90-81-28-36-80-23-49-37-52-70-3-15-26-35-75-27-21-53-4-46-13-85-84-60-96-66-82-61-29-92-87-59-20-9-68-51-91-40-45-47-43-95-17-88-57-67-42-6-99-83-93-7-54-86-55-79-48-25-19-73-34-77-63-18-78-44
Ta100x20,5,3,300,0.9625,0.125,5,2230505246,17000,6703,6377,6009,4.6198544,v2_avx512bw_vec32_exact_perm,62-64-98-12-14-11-10-33-17-5-32-27-61-85-50-97-72-74-94-69-65-37-41-16-36-39-28-21-90-95-76-30-58-56-1-75-52-6-8-45-23-70-99-4-3-53-31-59-79-9-71-2-91-92-47-15-84-35-38-57-42-68-66-46-20-80-24-29-96-49-55-26-100-93-86-82-73-22-13-54-40-60-43-88-34-83-81-87-48-78-7-77-19-44-63-89-67-25-51-18
Ta100x20,5,3,300,0.9625,0.125,6,2230506255,17000,6677,6377,6009,3.872779534,v2_avx512bw_vec32_exact_perm,64-51-98-62-33-32-50-14-16-1-74-49-38-9-36-39-30-72-12-65-66-11-8-94-2-4-87-37-58-69-35-97-29-56-70-71-46-90-10-45-15-52-61-60-21-41-47-3-28-26-75-5-76-68-20-48-40-42-6-81-13-100-27-53-17-85-59-80-91-96-93-92-23-84-95-22-79-83-82-31-24-44-34-57-86-88-67-99-54-25-19-89-73-63-77-7-43-55-78-18
Ta100x20,5,3,300,0.9625,0.125,7,2230507264,17000,6667,6377,6009,3.928361034,v2_avx512bw_vec32_exact_perm,51-98-14-39-64-50-16-10-33-56-32-99-11-65-97-90-27-2-69-61-1-41-100-94-85-74-76-5-72-49-86-53-3-12-52-28-9-20-36-30-58-21-37-8-38-70-46-66-29-26-22-31-17-71-73-23-4-67-80-35-45-24-59-95-88-15-75-96-6-40-57-92-25-81-55-42-93-34-47-60-82-48-87-19-79-44-91-18-68-84-89-13-78-83-43-7-54-77-63-62
Ta100x20,5,3,300,0.9625,0.125,8,2230508273,17000,6661,6377,6009,3.845851205,v2_avx512bw_vec32_exact_perm,64-51-50-62-74-98-30-56-81-14-85-10-17-11-12-39-5-37-94-16-97-76-87-69-2-91-65-46-45-72-75-26-33-40-38-61-32-6-71-28-47-52-70-4-53-78-49-1-90-84-27-3-25-80-36-66-29-41-21-88-31-99-59-95-15-82-93-86-92-96-9-22-58-57-8-60-20-13-73-79-100-42-89-48-24-35-44-83-43-23-55-7-68-34-19-54-67-18-77-63
Ta100x20,5,3,300,0.9625,0.125,9,2230509282,17000,6674,6377,6009,3.798097609,v2_avx512bw_vec32_exact_perm,64-51-62-98-50-38-57-14-10-16-99-30-5-69-58-39-32-74-12-28-11-76-45-37-33-85-82-94-2-61-53-97-65-8-1-71-56-49-46-72-100-52-70-59-27-36-84-41-79-9-29-22-42-4-60-23-68-3-81-15-95-92-80-31-21-26-40-90-78-87-93-75-47-6-24-66-48-88-20-13-83-55-91-43-86-17-96-44-34-35-89-73-19-54-7-67-77-25-63-18
Ta100x20,5,3,300,0.9625,0.125,10,2230510291,17000,6664,6377,6009,3.85259304,v2_avx512bw_vec32_exact_perm,14-33-64-11-32-50-12-97-30-58-37-10-98-41-94-69-28-5-90-38-76-15-16-61-66-74-36-85-3-65-49-56-80-46-71-75-39-1-17-9-77-53-6-87-51-72-52-95-26-22-2-40-82-31-13-47-20-4-70-60-88-25-29-99-92-8-21-45-67-27-81-23-59-34-68-100-48-35-42-96-7-24-73-57-84-78-93-86-83-91-44-55-43-79-54-89-19-62-63-18
Ta100x20,5,3,300,1.0,0.025,1,2230501210,17000,6635,6377,6009,4.03999825,v2_avx512bw_vec32_exact_perm,33-14-64-50-11-72-32-56-38-5-12-30-98-97-94-62-74-15-42-46-1-3-35-65-52-10-28-2-69-39-20-41-70-16-23-100-37-4-8-58-22-99-47-17-45-76-85-21-9-66-57-90-60-36-96-51-59-53-6-81-24-31-29-26-71-75-49-82-25-79-54-68-40-87-27-95-92-88-83-55-43-13-86-91-61-93-78-84-77-80-44-89-19-7-73-48-34-63-18-67
Ta100x20,5,3,300,1.0,0.025,2,2230502219,17000,6668,6377,6009,4.033718627,v2_avx512bw_vec32_exact_perm,64-33-51-5-14-98-11-39-32-12-76-50-69-16-97-10-38-61-70-81-56-17-94-85-36-90-28-87-100-37-99-1-65-8-72-45-75-49-71-3-2-74-21-30-58-31-15-47-25-53-27-82-9-52-20-22-23-66-46-91-4-57-41-80-59-48-67-54-60-40-92-88-93-35-86-68-95-29-6-42-26-43-24-13-73-55-34-89-84-83-79-44-78-96-7-77-19-63-18-62
Ta100x20,5,3,300,1.0,0.025,3,2230503228,17000,6640,6377,6009,4.226916632,v2_avx512bw_vec32_exact_perm,51-14-97-64-33-32-62-30-80-98-94-10-85-90-11-56-50-12-3-41-65-27-16-69-49-74-36-52-1-31-70-37-87-76-81-72-5-2-6-58-66-53-28-71-21-9-40-38-86-8-92-45-61-4-39-23-46-100-26-17-22-67-93-47-15-48-42-68-29-60-75-99-91-83-88-20-59-57-82-96-89-84-25-13-54-95-35-73-55-7-19-77-79-24-43-34-63-18-78-44
Ta100x20,5,3,300,1.0,0.025,4,2230504237,17000,6680,6377,6009,4.165845571,v2_avx512bw_vec32_exact_perm,14-64-10-5-50-32-11-97-12-38-30-33-94-39-1-2-80-27-98-56-15-58-87-16-18-65-74-61-69-70-52-66-76-85-95-100-96-21-13-17-81-8-68-53-22-31-41-28-72-36-37-75-78-4-92-40-35-3-45-99-47-23-49-46-60-71-88-90-55-54-29-79-82-51-26-9-42-59-20-84-57-67-91-86-48-6-83-19-43-24-25-89-73-7-93-34-77-63-44-62
Ta100x20,5,3,300,1.0,0.025,5,2230505246,17000,6654,6377,6009,4.415186449,v2_avx512bw_vec32_exact_perm,14-50-33-12-5-70-64-74-10-97-98-32-2-16-30-90-11-72-36-60-100-1-87-38-49-46-94-99-41-65-4-53-15-6-37-76-35-47-62-71-85-56-3-52-51-9-39-13-95-8-58-69-31-26-61-75-66-23-45-22-28-34-29-81-40-27-96-57-21-20-80-59-86-67-93-42-92-84-91-17-48-68-24-79-77-88-82-73-55-54-83-89-25-78-43-19-7-44-63-18
Ta100x20,5,3,300,1.0,0.025,6,2230506255,17000,6633,6377,6009,3.91970669,v2_avx512bw_vec32_exact_perm,51-64-32-14-15-50-4-97-30-38-10-12-33-76-90-37-94-11-65-3-85-35-74-69-98-39-45-72-75-2-36-41-56-6-16-70-62-53-1-28-100-46-8-23-5-49-52-60-13-17-27-96-58-88-66-81-31-20-29-91-26-42-40-22-68-99-21-59-24-61-71-92-55-80-57-84-47-95-93-82-89-87-54-9-86-7-77-73-19-43-67-25-48-34-79-83-63-18-78-44
Ta100x20,5,3,300,1.0,0.025,7,2230507264,17000,6642,6377,6009,4.099207014,v2_avx512bw_vec32_exact_perm,14-64-30-5-12-33-32-50-65-11-62-94-2-16-10-98-97-39-85-3-74-1-69-56-71-21-15-87-72-76-53-70-66-38-25-52-99-100-80-95-20-41-49-79-35-36-28-75-23-60-4-61-31-90-88-29-92-24-22-37-26-51-40-6-45-57-46-8-42-47-27-59-58-96-91-7-48-17-55-68-81-93-82-77-84-44-86-19-78-43-54-83-13-89-73-9-34-63-18-67
Ta100x20,5,3,300,1.0,0.025,8,2230508273,17000,6636,6377,6009,3.899518443,v2_avx512bw_vec32_exact_perm,64-33-51-62-98-32-14-94-97-10-39-69-11-50-3-65-90-36-56-16-74-27-85-5-6-41-49-30-61-58-37-53-2-52-12-92-76-45-28-72-1-8-46-87-70-21-9-20-42-15-4-35-47-13-81-38-60-95-23-71-48-34-26-86-17-31-80-59-93-75-88-99-40-68-96-66-100-83-91-55-57-82-29-84-78-77-22-24-54-89-19-79-25-7-44-73-43-63-18-67
Ta100x20,5,3,300,1.0,0.025,9,2230509282,17000,6651,6377,6009,3.882935275,v2_avx512bw_vec32_exact_perm,25-32-64-94-97-12-14-33-2-50-10-85-56-11-3-62-39-98-69-38-30-100-72-92-16-52-49-37-65-70-41-45-36-75-74-60-58-8-5-17-76-61-90-1-79-28-15-99-81-6-47-46-59-91-4-53-40-23-26-86-27-84-21-22-9-71-31-20-67-42-29-88-35-66-80-96-43-55-24-83-57-51-93-68-82-54-13-48-87-7-95-19-73-89-18-77-34-63-78-44
Ta100x20,5,3,300,1.0,0.025,10,2230510291,17000,6656,6377,6009,4.341447244,v2_avx512bw_vec32_exact_perm,64-51-98-62-50-5-16-14-80-11-97-69-10-32-38-2-39-94-12-90-28-8-30-41-72-21-1-17-74-33-56-53-58-20-15-81-31-61-52-37-87-92-23-70-65-76-71-13-91-40-22-95-47-35-26-99-36-46-48-60-34-4-100-29-49-9-88-86-93-43-27-96-66-85-25-59-42-6-75-3-57-83-82-68-45-77-24-19-78-84-7-89-55-79-54-73-67-63-18-44
Ta100x20,5,3,300,1.0,0.05,1,2230501210,17000,6620,6377,6009,4.021261502,v2_avx512bw_vec32_exact_perm,64-51-98-62-33-50-5-16-70-12-10-97-32-38-30-94-39-1-72-17-90-28-99-8-75-15-58-14-37-76-41-74-47-87-49-3-56-31-9-69-2-4-11-65-71-52-61-53-88-45-55-85-36-66-21-96-86-84-23-20-80-59-46-60-42-92-13-26-82-29-40-27-91-81-48-6-95-83-89-54-100-68-57-22-35-79-67-73-25-43-93-24-19-7-34-77-63-18-78-44
Ta100x20,5,3,300,1.0,0.05,2,2230502219,17000,6685,6377,6009,4.194679048,v2_avx512bw_vec32_exact_perm,25-64-32-14-2-11-39-10-94-50-90-97-98-12-72-85-46-15-65-5-76-38-16-69-28-75-36-92-56-95-37-17-33-52-4-71-87-27-41-8-91-1-58-66-49-100-62-13-61-21-74-23-57-47-45-60-42-3-31-88-40-26-30-34-35-53-70-59-80-20-81-86-22-48-82-84-29-55-68-96-73-19-99-24-89-79-9-6-7-93-67-83-54-43-78-44-51-77-63-18
Ta100x20,5,3,300,1.0,0.05,3,2230503228,17000,6650,6377,6009,4.139987021,v2_avx512bw_vec32_exact_perm,64-33-50-14-51-97-98-30-32-10-99-11-69-87-16-70-85-31-61-95-49-72-74-62-5-39-38-15-4-56-65-46-75-76-71-53-52-6-2-28-94-45-90-12-21-66-1-86-23-91-8-36-40-27-58-80-47-37-41-82-20-22-92-84-93-79-100-26-59-3-17-73-9-42-67-29-68-88-96-57-25-60-48-81-34-89-13-24-43-83-54-35-55-78-7-44-19-77-63-18
Ta100x20,5,3,300,1.0,0.05,4,2230504237,17000,6667,6377,6009,4.027862296,v2_avx512bw_vec32_exact_perm,14-64-50-97-16-12-10-32-33-94-11-56-70-74-46-38-98-3-61-2-90-100-69-21-15-62-30-76-9-72-71-1-39-49-13-58-65-23-37-52-99-60-4-28-41-31-85-27-66-86-51-5-96-59-8-36-34-87-22-17-80-81-75-47-53-26-35-6-45-25-93-88-24-40-42-20-91-82-84-92-48-57-73-89-95-29-83-68-43-7-67-54-55-79-77-19-78-44-63-18
Ta100x20,5,3,300,1.0,0.05,5,2230505246,17000,6660,6377,6009,4.351492113,v2_avx512bw_vec32_exact_perm,14-64-10-5-98-32-50-97-11-74-94-12-30-90-61-23-85-49-72-16-56-60-99-28-62-39-69-33-38-70-37-76-9-41-36-71-95-53-51-65-2-4-8-52-6-15-24-21-3-87-13-58-46-31-47-66-45-29-22-80-40-1-68-42-43-27-34-35-26-93-75-48-86-59-82-92-88-20-57-83-17-100-55-81-79-96-67-78-84-25-7-19-73-89-91-44-77-54-63-18
Ta100x20,5,3,300,1.0,0.05,6,2230506255,17000,6630,6377,6009,4.497116296,v2_avx512bw_vec32_exact_perm,64-62-33-14-50-98-11-12-81-70-94-74-97-10-3-32-2-1-65-61-69-38-26-72-85-37-49-30-90-39-71-28-56-25-76-92-8-41-58-52-16-17-36-60-46-87-6-99-24-23-82-15-29-59-22-45-48-21-53-75-51-40-31-27-55-80-88-35-4-5-66-100-13-96-47-83-54-79-57-95-84-68-42-86-73-43-20-93-91-77-89-7-34-67-9-19-63-18-78-44
Ta100x20,5,3,300,1.0,0.05,7,2230507264,17000,6685,6377,6009,4.290549207,v2_avx512bw_vec32_exact_perm,64-33-98-14-11-12-62-32-94-50-10-61-51-76-38-30-99-56-21-28-8-41-72-97-37-16-1-17-90-39-31-57-46-74-3-5-53-69-65-27-23-6-84-100-45-70-78-36-52-58-4-66-26-49-15-47-59-68-42-2-13-22-80-20-82-48-40-75-85-25-87-91-60-71-88-34-24-81-86-92-96-43-9-95-79-89-29-35-55-19-93-44-54-7-73-83-67-77-63-18
Ta100x20,5,3,300,1.0,0.05,8,2230508273,17000,6680,6377,6009,4.392700659,v2_avx512bw_vec32_exact_perm,14-64-32-12-10-50-11-5-30-41-98-69-33-97-3-90-2-39-62-72-38-22-1-45-37-31-58-4-21-16-94-74-85-28-70-52-51-76-36-56-99-46-27-87-42-8-47-84-65-92-26-53-9-15-66-43-95-40-23-88-71-82-61-49-6-91-75-55-17-59-86-96-73-13-80-100-93-35-20-29-60-68-19-57-24-81-78-34-77-44-79-89-7-83-54-48-25-63-18-67
Ta100x20,5,3,300,1.0,0.05,9,2230509282,17000,6626,6377,6009,4.465989854,v2_avx512bw_vec32_exact_perm,64-10-5-33-11-50-98-12-2-16-39-30-65-62-97-74-58-32-14-81-72-90-28-99-94-37-85-69-21-23-31-8-52-46-1-76-71-61-41-53-56-15-6-42-20-27-38-49-3-96-70-29-9-13-60-80-92-75-100-4-51-47-88-45-87-35-86-93-95-36-22-59-66-17-82-83-57-26-40-43-48-68-78-84-79-73-25-44-34-24-91-19-89-67-7-77-55-54-63-18
Ta100x20,5,3,300,1.0,0.05,10,2230510291,17000,6658,6377,6009,4.646175835,v2_avx512bw_vec32_exact_perm,14-98-64-39-62-50-97-12-10-32-76-16-30-5-28-90-58-11-94-6-3-41-69-61-33-15-24-56-37-91-52-72-42-85-23-36-17-74-88-1-27-2-49-71-29-46-53-65-13-8-96-38-95-4-21-31-68-26-40-35-70-60-66-92-86-75-59-99-80-81-45-20-100-22-84-79-47-87-57-82-25-93-54-7-73-34-9-19-77-51-48-89-83-43-55-78-44-63-18-67
Ta100x20,5,3,300,1.0,0.075,1,2230501210,17000,6696,6377,6009,4.193637354,v2_avx512bw_vec32_exact_perm,33-14-64-62-50-32-81-12-97-72-38-51-56-39-11-49-65-5-58-16-30-74-36-10-69-90-94-1-20-70-3-28-86-85-27-59-52-60-100-61-9-68-2-98-91-53-66-76-21-71-80-22-37-6-24-87-41-15-42-8-46-31-26-88-17-92-75-93-48-40-35-29-45-82-4-99-23-54-89-77-7-57-47-79-55-25-43-96-95-84-34-19-44-13-83-78-73-63-18-67
Ta100x20,5,3,300,1.0,0.075,2,2230502219,17000,6670,6377,6009,4.333296206,v2_avx512bw_vec32_exact_perm,14-64-98-30-62-10-50-97-11-58-12-1-39-90-33-72-51-32-76-74-69-94-28-38-5-60-87-53-70-20-99-56-52-16-71-61-91-65-85-8-45-3-37-21-6-13-49-36-86-47-46-26-29-84-66-75-92-23-41-9-27-2-67-17-40-80-96-4-81-15-100-24-22-79-59-57-31-42-88-93-54-55-82-48-77-68-95-83-35-78-43-19-25-7-89-73-44-34-63-18
Ta100x20,5,3,300,1.0,0.075,3,2230503228,17000,6655,6377,6009,4.017936063,v2_avx512bw_vec32_exact_perm,14-64-62-32-11-5-50-94-74-33-10-2-97-61-12-98-37-70-39-85-16-49-3-28-90-76-30-46-41-69-15-100-75-1-86-52-45-81-99-40-88-65-4-72-23-35-38-8-66-29-96-71-57-54-56-24-92-25-20-36-13-53-87-26-47-59-21-84-91-27-58-48-51-79-9-42-31-55-60-80-6-82-93-67-17-95-19-89-22-68-83-73-43-78-7-44-34-77-63-18
Ta100x20,5,3,300,1.0,0.075,4,2230504237,17000,6666,6377,6009,4.127057086,v2_avx512bw_vec32_exact_perm,33-14-64-97-98-12-32-30-51-38-62-28-61-85-94-69-16-39-27-90-2-1-3-81-37-58-76-87-41-4-46-56-15-72-70-53-22-74-36-92-6-11-21-45-50-31-40-29-65-66-52-83-8-23-75-20-49-5-17-95-99-88-25-71-91-35-42-47-13-60-68-10-80-26-96-34-93-84-100-82-43-24-48-86-57-79-73-59-89-78-9-19-54-67-7-77-44-55-63-18
Ta100x20,5,3,300,1.0,0.075,5,2230505246,17000,6647,6377,6009,4.260431263,v2_avx512bw_vec32_exact_perm,33-14-64-32-10-11-98-62-69-28-97-38-2-12-90-21-76-72-50-16-39-42-3-30-70-37-66-92-41-65-1-6-46-31-24-87-15-60-40-5-8-9-53-4-71-61-58-56-81-74-100-99-22-86-80-91-85-20-52-25-75-49-94-45-36-26-59-35-51-47-17-29-84-95-55-79-27-43-78-57-83-88-93-96-82-48-13-44-54-89-23-7-19-77-68-73-34-67-18-63
Ta100x20,5,3,300,1.0,0.075,6,2230506255,17000,6635,6377,6009,4.469622173,v2_avx512bw_vec32_exact_perm,98-64-51-62-32-5-33-94-97-16-30-14-2-3-90-50-52-11-72-81-12-38-49-70-99-41-28-65-74-61-10-1-76-69-39-37-26-21-95-86-45-71-46-8-36-85-9-80-58-31-82-20-56-54-92-75-60-87-47-17-35-15-22-29-53-91-40-4-66-59-88-48-24-57-79-23-13-100-93-96-55-42-67-6-19-25-7-78-77-27-89-43-84-83-68-73-44-34-63-18
Ta100x20,5,3,300,1.0,0.075,7,2230507264,17000,6694,6377,6009,4.841597992,v2_avx512bw_vec32_exact_perm,33-14-50-16-10-38-85-11-98-32-64-39-2-30-58-70-69-76-97-96-90-5-12-72-1-74-94-86-53-3-22-51-41-56-87-78-60-21-31-4-8-28-99-92-45-23-71-52-100-36-68-80-61-37-88-13-46-34-9-47-81-26-49-20-29-59-17-15-40-27-67-48-95-65-55-75-6-35-66-84-18-43-79-83-24-93-82-57-42-89-25-91-7-77-63-73-54-19-44-62
Ta100x20,5,3,300,1.0,0.075,8,2230508273,17000,6635,6377,6009,4.389608322,v2_avx512bw_vec32_exact_perm,14-10-11-50-64-30-32-94-12-62-97-16-56-1-52-69-28-74-41-46-38-98-20-49-58-25-3-90-72-45-2-39-31-71-21-70-65-79-61-66-37-87-47-4-60-5-100-76-8-59-91-53-85-13-23-96-95-29-75-27-55-36-82-57-26-6-22-15-40-99-92-42-33-80-35-93-88-51-86-54-19-9-34-68-17-48-24-81-84-43-73-83-77-7-78-44-89-63-18-67
Ta100x20,5,3,300,1.0,0.075,9,2230509282,17000,6694,6377,6009,4.215991118,v2_avx512bw_vec32_exact_perm,50-14-64-32-39-51-10-11-90-94-2-98-61-38-12-9-30-85-17-33-70-97-74-16-69-21-72-36-75-28-56-52-49-1-81-3-13-80-40-42-87-15-37-20-88-47-8-92-6-58-66-60-4-59-53-55-65-46-54-68-41-5-99-29-71-27-67-45-96-82-57-83-48-100-25-23-76-31-43-24-26-22-95-93-35-79-44-91-86-34-84-73-89-7-78-19-77-63-18-62
Ta100x20,5,3,300,1.0,0.075,10,2230510291,17000,6615,6377,6009,4.726735449,v2_avx512bw_vec32_exact_perm,14-64-30-38-32-62-10-33-5-12-97-50-16-31-98-69-94-41-65-1-37-2-79-71-72-61-76-39-36-90-74-27-23-92-47-58-46-85-15-3-70-52-20-53-17-49-75-8-87-4-42-6-21-45-56-28-57-9-11-96-80-95-40-59-35-13-100-51-48-60-88-26-44-22-29-66-86-25-81-93-34-91-43-84-54-82-99-83-77-68-24-78-19-89-55-7-73-63-18-67
Ta100x20,5,3,300,1.0,0.1,1,2230501210,17000,6650,6377,6009,4.937499315,v2_avx512bw_vec32_exact_perm,14-33-10-32-94-97-64-90-98-51-2-56-1-49-62-11-41-72-69-39-80-23-50-15-38-65-30-53-3-5-85-99-52-76-74-12-71-20-70-61-60-6-16-36-17-37-13-87-29-26-92-22-95-75-9-46-66-31-21-81-4-100-42-47-45-28-8-48-88-67-57-24-68-59-55-96-40-27-35-43-84-91-86-58-83-54-89-79-73-82-25-44-19-93-77-78-7-34-63-18
Ta100x20,5,3,300,1.0,0.1,2,2230502219,17000,6706,6377,6009,4.408072551,v2_avx512bw_vec32_exact_perm,33-25-32-64-12-65-39-14-97-58-50-74-94-98-90-41-69-10-87-11-27-60-36-99-38-76-5-75-1-49-28-30-81-16-70-8-52-9-31-66-26-3-72-2-47-61-71-6-85-95-15-56-59-37-80-100-92-53-45-13-96-17-23-29-88-21-42-22-46-84-40-86-20-82-48-55-57-24-4-68-7-89-79-93-54-67-91-83-51-35-78-19-44-73-34-77-43-62-18-63
Ta100x20,5,3,300,1.0,0.1,3,2230503228,17000,6674,6377,6009,4.574313796,v2_avx512bw_vec32_exact_perm,33-14-64-51-97-62-94-32-38-36-69-50-98-52-99-72-16-30-21-28-15-58-12-70-83-6-3-2-11-49-56-5-74-1-45-41-53-10-75-90-95-26-37-87-47-71-61-79-9-35-4-39-60-31-76-42-8-46-68-29-57-85-20-23-65-100-66-13-22-80-27-25-55-92-96-17-59-93-19-40-48-82-84-88-86-78-77-7-73-43-81-24-91-89-54-44-34-63-18-67
Ta100x20,5,3,300,1.0,0.1,4,2230504237,17000,6691,6377,6009,4.501840471,v2_avx512bw_vec32_exact_perm,51-98-14-12-97-33-50-64-30-11-32-56-41-16-69-38-65-72-74-22-37-5-15-94-58-2-90-10-85-45-76-3-87-52-1-61-6-46-20-40-39-49-8-68-4-53-28-9-17-66-21-29-70-13-27-36-86-79-92-23-42-48-80-93-91-96-100-47-95-59-75-54-55-88-81-35-31-43-26-24-25-71-63-84-60-78-89-57-82-99-73-7-44-34-19-83-67-77-18-62
Ta100x20,5,3,300,1.0,0.1,5,2230505246,17000,6643,6377,6009,4.873203776,v2_avx512bw_vec32_exact_perm,14-64-50-11-98-10-12-62-32-30-33-16-5-97-70-76-1-3-87-2-52-56-94-38-39-58-69-53-8-86-72-71-17-65-90-20-99-29-31-21-88-61-85-22-45-51-36-27-49-37-35-28-46-15-9-26-47-4-74-59-66-81-80-40-60-78-92-84-42-95-96-13-68-100-82-75-77-6-41-25-57-23-93-24-73-91-19-55-48-79-54-7-34-83-89-43-44-63-18-67
Ta100x20,5,3,300,1.0,0.1,6,2230506255,17000,6677,6377,6009,4.149896483,v2_avx512bw_vec32_exact_perm,64-10-98-62-51-33-32-50-11-97-14-99-7-39-16-61-30-70-28-49-37-3-38-94-81-52-1-90-74-72-12-76-53-5-41-69-85-45-75-15-17-29-31-56-20-2-47-27-58-67-6-21-71-65-8-26-48-36-68-46-23-92-24-57-82-42-60-4-35-9-87-88-66-40-54-100-73-79-44-59-86-80-22-55-19-93-95-34-43-78-84-91-77-83-89-13-96-25-63-18
Ta100x20,5,3,300,1.0,0.1,7,2230507264,17000,6674,6377,6009,4.037610169,v2_avx512bw_vec32_exact_perm,33-14-64-5-3-38-50-61-11-30-32-12-39-37-98-58-97-16-70-74-99-69-18-52-10-85-28-94-65-1-2-42-72-90-17-76-75-56-23-4-22-6-40-82-36-45-49-71-31-8-87-21-15-41-51-46-29-47-67-26-43-80-68-59-60-95-35-27-53-92-86-88-77-79-96-73-20-9-57-100-34-55-66-81-91-84-7-48-25-83-89-13-63-24-78-19-93-54-44-62
Ta100x20,5,3,300,1.0,0.1,8,2230508273,17000,6665,6377,6009,4.007450326,v2_avx512bw_vec32_exact_perm,10-98-14-97-64-11-30-5-50-12-94-16-33-62-38-72-3-61-39-37-22-17-32-100-36-91-28-99-75-82-74-1-49-65-45-2-69-41-66-20-70-52-46-47-31-53-58-56-21-87-42-71-76-23-81-92-60-85-90-15-86-51-29-26-93-4-8-96-59-67-80-84-25-79-55-48-40-6-27-35-95-83-88-13-43-73-24-57-9-19-54-7-34-77-89-63-68-18-78-44
Ta100x20,5,3,300,1.0,0.1,9,2230509282,17000,6663,6377,6009,4.218045847,v2_avx512bw_vec32_exact_perm,14-64-30-33-10-32-98-12-11-50-62-72-74-39-38-94-2-27-21-1-28-52-69-58-31-70-61-45-60-97-100-16-76-53-55-87-4-41-8-5-37-3-46-15-86-65-20-29-36-90-42-99-88-59-92-75-81-47-80-40-49-56-13-66-85-91-96-23-93-71-26-6-68-17-22-51-35-82-48-24-57-83-84-25-79-9-19-67-89-73-95-43-34-54-7-77-63-18-78-44
Ta100x20,5,3,300,1.0,0.1,10,2230510291,17000,6660,6377,6009,4.554138113,v2_avx512bw_vec32_exact_perm,14-97-10-32-33-5-11-64-30-2-28-74-98-90-16-45-85-94-12-72-49-1-76-50-46-75-100-56-41-71-15-65-8-39-52-3-20-69-13-87-60-70-95-29-21-53-26-88-59-62-27-47-61-17-99-31-22-66-38-36-91-40-83-23-82-58-44-92-93-80-68-37-48-4-35-96-24-57-42-6-51-55-43-84-54-81-79-86-25-34-9-19-89-77-7-78-73-63-18-67
Ta100x20,5,3,300,1.0,0.125,1,2230501210,17000,6652,6377,6009,4.303522971,v2_avx512bw_vec32_exact_perm,51-32-64-50-14-30-97-98-11-10-41-72-12-65-85-74-5-76-56-90-28-27-61-37-22-38-16-2-39-8-33-69-87-1-36-100-3-66-62-52-49-26-53-45-15-71-94-23-6-46-58-92-47-75-4-21-20-24-88-13-29-40-70-89-78-84-42-54-9-60-59-81-86-79-91-43-31-57-96-35-19-95-68-55-99-80-93-82-17-48-25-73-34-83-44-67-77-7-63-18
Ta100x20,5,3,300,1.0,0.125,2,2230502219,17000,6646,6377,6009,4.408026977,v2_avx512bw_vec32_exact_perm,64-51-32-10-33-97-98-50-5-90-87-11-94-65-56-16-12-69-62-14-99-4-35-52-76-59-100-39-45-53-74-20-58-3-70-72-85-71-15-13-80-61-38-31-60-37-1-23-21-30-9-92-40-8-6-41-22-95-26-46-27-66-42-57-49-36-28-47-25-75-2-88-79-82-96-48-86-91-89-81-17-29-24-19-55-7-68-43-78-73-93-54-84-83-67-44-34-77-63-18
Ta100x20,5,3,300,1.0,0.125,3,2230503228,17000,6686,6377,6009,4.370568341,v2_avx512bw_vec32_exact_perm,64-5-14-11-30-33-98-50-97-12-61-62-10-72-32-65-2-38-74-90-76-99-1-37-26-28-46-17-69-8-53-3-91-75-39-15-71-31-42-85-29-6-41-56-95-70-49-87-80-59-36-66-22-94-20-16-27-21-4-84-9-52-13-23-92-47-100-96-60-88-40-24-82-81-45-48-57-83-68-25-55-54-19-79-86-58-73-43-44-51-89-35-67-93-7-78-77-34-63-18
Ta100x20,5,3,300,1.0,0.125,4,2230504237,17000,6660,6377,6009,4.470288787,v2_avx512bw_vec32_exact_perm,14-5-33-64-30-70-39-97-50-11-12-41-16-98-69-32-62-85-3-10-24-15-56-94-74-46-38-53-1-91-61-60-37-71-87-47-29-45-8-36-81-40-72-92-90-6-2-76-31-58-52-86-20-80-55-23-27-28-65-9-4-22-54-21-66-48-68-57-59-99-82-75-17-44-49-13-42-96-100-26-93-43-79-83-89-88-95-73-34-35-7-77-84-25-78-51-19-63-18-67
Ta100x20,5,3,300,1.0,0.125,5,2230505246,17000,6654,6377,6009,4.54998228,v2_avx512bw_vec32_exact_perm,14-33-97-64-98-85-62-50-36-16-3-10-94-12-52-99-74-32-28-72-71-61-56-49-38-90-1-27-39-21-86-15-58-65-69-22-81-66-9-87-46-37-92-41-76-8-42-23-4-17-75-60-59-31-2-35-40-80-5-11-34-53-20-70-96-29-88-6-51-47-30-45-48-13-83-100-93-26-55-84-82-95-43-77-68-57-24-91-73-89-54-67-25-7-19-79-63-18-78-44
Ta100x20,5,3,300,1.0,0.125,6,2230506255,17000,6666,6377,6009,4.063569049,v2_avx512bw_vec32_exact_perm,33-64-98-49-62-50-10-14-11-65-94-5-97-12-38-87-21-9-16-37-56-39-69-30-3-58-71-52-32-1-72-85-20-29-2-46-74-76-41-4-60-75-22-36-47-23-27-8-61-15-26-70-53-59-80-90-45-31-100-6-42-95-92-68-17-82-91-96-67-28-66-43-81-57-55-99-40-35-51-24-88-54-84-83-79-34-13-86-19-89-25-73-93-48-7-77-63-18-78-44
Ta100x20,5,3,300,1.0,0.125,7,2230507264,17000,6689,6377,6009,4.23261725,v2_avx512bw_vec32_exact_perm,14-64-5-50-10-97-12-32-98-100-94-11-33-16-80-62-39-8-56-38-90-72-28-69-61-74-37-36-88-49-3-52-95-1-65-30-23-40-71-17-82-41-46-76-53-35-27-59-99-22-70-75-60-68-31-85-58-4-6-15-66-87-21-92-20-47-24-43-51-42-13-45-86-91-29-93-57-34-48-26-2-96-67-9-83-79-77-81-73-55-54-44-89-7-19-78-84-63-25-18
Ta100x20,5,3,300,1.0,0.125,8,2230508273,17000,6662,6377,6009,3.980242405,v2_avx512bw_vec32_exact_perm,14-64-32-98-12-97-62-33-16-50-11-56-58-28-94-13-61-69-81-30-72-71-3-5-74-90-49-36-37-92-1-76-52-70-40-35-95-10-85-26-46-41-39-15-8-31-21-27-75-99-96-65-4-66-22-45-68-87-100-24-86-82-53-59-20-55-42-91-51-17-80-6-9-83-2-29-93-54-23-84-38-48-7-57-88-60-44-47-78-79-73-77-19-89-67-25-34-43-63-18
Ta100x20,5,3,300,1.0,0.125,9,2230509282,17000,6662,6377,6009,4.005359972,v2_avx512bw_vec32_exact_perm,14-62-10-5-33-50-97-98-32-64-30-11-69-2-39-12-15-52-76-70-16-72-94-36-66-38-53-61-27-96-100-28-60-65-90-1-45-35-21-8-56-41-46-74-20-37-85-92-47-31-49-81-82-22-6-42-57-99-23-54-4-75-40-59-86-58-87-71-88-3-78-48-29-51-25-13-84-17-80-24-93-43-95-83-19-91-26-68-73-55-7-44-9-34-79-77-89-63-18-67
Ta100x20,5,3,300,1.0,0.125,10,2230510291,17000,6682,6377,6009,4.015670236,v2_avx512bw_vec32_exact_perm,51-14-64-32-30-11-33-5-10-98-85-97-50-65-38-41-69-3-16-94-90-70-39-2-75-12-80-28-20-71-9-53-27-58-99-46-1-60-6-8-74-49-36-72-66-87-37-54-56-52-17-96-59-13-79-76-31-25-82-100-15-23-40-35-22-4-47-34-61-92-88-26-81-86-29-55-93-95-43-68-57-48-21-91-83-24-67-42-73-45-84-44-89-77-78-7-19-62-63-18
Ta100x20,5,4,400,0.85,0.025,1,2230501210,17000,6568,6377,6009,5.044753484,v2_avx512bw_vec32_exact_perm,33-14-64-50-11-10-32-16-5-30-38-98-70-69-21-1-97-12-39-94-41-56-58-2-72-90-74-15-22-53-37-85-28-76-100-45-3-46-71-95-8-36-20-62-6-52-87-68-49-23-40-29-4-65-60-81-61-66-17-75-13-82-59-31-26-99-92-80-88-96-9-51-93-67-57-34-35-27-86-48-42-91-47-25-84-55-54-43-24-89-19-79-73-7-83-78-44-77-63-18
Ta100x20,5,4,400,0.85,0.025,2,2230502219,17000,6592,6377,6009,5.037894871,v2_avx512bw_vec32_exact_perm,33-14-64-32-22-11-30-97-12-50-98-5-74-38-99-10-1-21-2-28-95-58-92-70-16-56-52-94-47-3-25-76-72-69-88-41-15-90-39-8-51-17-85-87-37-71-20-65-36-46-49-60-45-53-59-80-67-31-23-6-40-26-9-4-66-35-55-13-42-29-91-27-96-100-79-61-81-75-83-54-18-86-34-57-44-48-84-82-68-73-77-89-43-24-19-7-78-63-93-62
Ta100x20,5,4,400,0.85,0.025,3,2230503228,17000,6589,6377,6009,5.213330563,v2_avx512bw_vec32_exact_perm,51-98-14-97-50-11-12-33-94-39-76-64-30-58-90-28-32-62-99-74-16-72-10-1-49-52-5-65-38-37-3-85-27-70-100-36-56-4-9-71-69-87-41-95-17-23-46-8-15-21-42-92-40-22-47-13-80-67-29-26-31-66-2-91-25-53-60-75-88-84-82-86-93-48-68-35-45-96-20-57-6-77-79-73-59-61-24-34-81-83-55-43-54-89-7-44-78-19-63-18
Ta100x20,5,4,400,0.85,0.025,4,2230504237,17000,6601,6377,6009,5.060237583,v2_avx512bw_vec32_exact_perm,25-64-32-12-14-28-33-16-69-50-98-74-10-94-65-86-85-49-71-39-97-1-45-21-8-87-56-11-30-72-4-41-3-15-90-60-38-58-92-66-61-5-37-2-35-52-91-20-23-62-47-70-76-31-26-75-81-46-27-95-57-59-80-55-40-17-22-44-6-36-82-53-84-29-68-88-83-99-42-78-93-34-9-7-48-100-43-96-79-13-54-19-24-77-51-89-73-63-18-67
Ta100x20,5,4,400,0.85,0.025,5,2230505246,17000,6556,6377,6009,4.964896865,v2_avx512bw_vec32_exact_perm,64-51-14-33-32-50-11-97-45-62-58-12-94-74-1-65-39-2-98-41-30-72-28-85-70-75-16-36-3-10-90-69-15-38-100-76-23-49-5-56-4-60-31-61-37-53-87-46-81-26-80-8-6-52-40-92-29-95-66-27-96-21-59-9-79-57-13-54-42-71-22-35-17-84-86-20-91-68-93-55-82-67-99-83-88-43-73-47-24-25-34-89-7-19-77-48-63-18-78-44
Ta100x20,5,4,400,0.85,0.025,6,2230506255,17000,6496,6377,6009,5.083028134,v2_avx512bw_vec32_exact_perm,25-64-32-14-30-33-50-97-12-98-10-85-38-94-16-70-74-39-11-26-65-69-28-1-37-17-76-90-72-52-2-51-23-13-36-41-62-86-49-75-3-18-81-56-4-58-59-29-21-20-53-60-8-45-61-88-46-68-92-15-5-67-40-27-80-48-95-35-31-66-82-87-93-47-91-71-22-84-42-99-6-55-83-54-96-100-79-44-57-89-73-24-7-78-19-43-9-34-77-63
Ta100x20,5,4,400,0.85,0.025,7,2230507264,17000,6582,6377,6009,4.711287835,v2_avx512bw_vec32_exact_perm,33-14-64-50-30-38-98-11-10-16-32-5-12-62-97-74-37-94-65-28-90-1-53-8-72-61-85-41-76-3-69-99-58-46-92-9-71-49-39-31-95-100-45-52-6-36-26-56-21-27-70-15-42-80-22-75-4-47-20-96-59-81-17-23-35-29-66-88-87-40-57-51-2-63-68-25-60-13-43-24-55-93-84-82-34-86-77-79-44-48-89-91-83-7-19-78-73-54-18-67
Ta100x20,5,4,400,0.85,0.025,8,2230508273,17000,6484,6377,6009,4.90933558,v2_avx512bw_vec32_exact_perm,64-51-32-62-97-14-33-28-12-50-30-38-87-94-74-10-98-70-39-90-16-65-15-17-69-2-72-37-41-76-11-85-5-3-27-23-67-20-1-58-46-8-52-56-36-53-91-6-100-99-22-4-31-42-45-29-61-47-66-21-71-13-9-25-96-49-79-40-26-59-75-80-60-92-84-81-95-55-88-35-93-34-82-83-54-48-68-57-86-73-44-43-24-7-78-19-77-89-63-18
Ta100x20,5,4,400,0.85,0.025,9,2230509282,17000,6645,6377,6009,4.868405714,v2_avx512bw_vec32_exact_perm,14-64-50-33-5-30-32-97-90-39-10-12-28-11-56-98-94-2-58-69-87-74-76-70-71-72-1-65-49-16-53-42-37-35-45-38-21-34-13-51-9-22-60-36-41-80-85-15-17-20-6-52-3-31-46-29-92-68-4-61-57-81-23-40-82-26-8-66-95-27-86-59-48-24-96-54-88-100-44-43-47-91-89-99-25-73-55-7-77-67-75-83-84-79-78-93-19-63-18-62
Ta100x20,5,4,400,0.85,0.025,10,2230510291,17000,6563,6377,6009,4.906574975,v2_avx512bw_vec32_exact_perm,33-14-98-11-64-12-32-94-74-50-97-62-38-26-90-15-72-16-56-30-5-2-39-76-49-10-28-69-3-45-52-75-80-85-42-46-1-58-65-59-4-61-99-95-17-23-79-70-36-68-31-21-37-6-22-20-8-87-60-41-100-88-51-9-57-71-55-29-53-66-92-96-27-48-35-40-84-91-47-25-82-34-81-86-93-67-24-43-13-83-54-89-73-7-19-78-44-77-63-18
Ta100x20,5,4,400,0.85,0.05,1,2230501210,17000,6599,6377,6009,4.959697136,v2_avx512bw_vec32_exact_perm,10-51-64-32-14-97-12-33-50-5-38-98-16-30-3-90-9-49-94-74-20-70-99-52-63-58-1-69-85-56-26-41-37-36-46-60-76-11-72-100-65-61-25-92-28-22-13-8-75-95-39-82-4-21-81-53-29-54-31-59-17-23-66-67-71-80-6-27-2-57-15-96-35-84-55-86-40-79-88-73-45-48-47-83-43-44-68-89-19-24-91-42-77-7-78-87-93-34-62-18
Ta100x20,5,4,400,0.85,0.05,2,2230502219,17000,6541,6377,6009,5.096878932,v2_avx512bw_vec32_exact_perm,14-64-32-10-11-50-38-12-94-98-62-97-1-69-2-72-16-85-33-28-56-74-37-39-41-58-8-100-30-46-65-45-52-61-21-70-71-5-4-95-90-13-15-17-23-76-49-99-53-87-60-51-36-81-59-6-75-80-92-26-22-27-9-96-42-40-47-20-82-3-55-66-57-31-29-54-68-34-35-86-93-77-19-89-91-67-88-84-79-25-43-83-73-7-48-24-63-18-78-44
Ta100x20,5,4,400,0.85,0.05,3,2230503228,17000,6612,6377,6009,5.210214181,v2_avx512bw_vec32_exact_perm,14-33-50-97-32-11-64-12-30-61-98-70-16-10-39-99-52-65-94-5-15-85-75-76-2-100-69-1-53-3-38-41-8-56-95-36-46-28-6-31-22-71-58-17-51-9-60-35-37-87-80-59-47-90-92-74-57-29-26-67-45-40-88-42-4-23-20-13-86-21-81-27-73-62-49-66-91-25-48-83-24-72-54-55-82-43-79-93-96-77-68-89-19-7-84-78-44-34-63-18
Ta100x20,5,4,400,0.85,0.05,4,2230504237,17000,6545,6377,6009,5.225831297,v2_avx512bw_vec32_exact_perm,14-64-50-33-32-11-10-62-97-12-30-65-39-58-1-76-94-5-53-49-74-98-46-9-52-2-41-95-73-90-87-69-28-27-72-37-21-70-16-4-68-85-15-3-100-22-38-36-20-47-56-80-29-60-59-71-61-13-91-99-75-92-17-23-8-82-57-66-86-51-35-45-96-26-31-40-88-42-25-54-67-48-81-93-83-84-6-24-55-43-7-78-34-77-89-79-19-63-18-44
Ta100x20,5,4,400,0.85,0.05,5,2230505246,17000,6580,6377,6009,5.135115474,v2_avx512bw_vec32_exact_perm,64-14-28-12-50-38-32-62-30-33-74-97-98-39-5-65-58-69-16-94-52-15-17-72-90-2-41-56-1-10-53-8-70-40-85-11-49-37-71-76-47-45-3-75-81-92-4-35-51-87-95-31-26-80-23-20-82-88-59-46-27-9-96-29-36-68-100-99-22-60-79-54-55-61-6-57-66-89-21-93-84-42-83-7-67-86-25-77-43-91-48-73-24-34-13-19-63-18-78-44
Ta100x20,5,4,400,0.85,0.05,6,2230506255,17000,6600,6377,6009,5.582237131,v2_avx512bw_vec32_exact_perm,64-33-14-50-11-98-10-12-32-97-39-38-94-16-36-3-27-85-56-65-30-1-41-69-74-58-95-99-52-28-5-72-26-37-87-70-40-92-25-21-13-76-90-51-9-2-20-17-46-15-8-82-47-31-6-22-49-45-75-59-81-61-80-4-53-23-71-60-66-34-42-96-24-35-29-88-91-57-55-54-7-68-84-67-86-100-48-89-77-79-83-73-44-78-43-19-93-62-63-18
Ta100x20,5,4,400,0.85,0.05,7,2230507264,17000,6535,6377,6009,5.417381763,v2_avx512bw_vec32_exact_perm,33-14-64-10-32-11-98-50-94-12-16-97-85-90-61-72-39-74-69-53-76-5-49-70-96-38-30-56-1-27-87-62-4-28-3-81-22-100-31-8-41-37-52-25-21-45-2-46-9-58-92-20-65-23-47-15-71-75-60-42-55-6-36-13-79-26-44-82-66-29-51-40-43-48-88-99-59-80-17-95-83-93-91-57-54-24-67-19-68-86-73-35-84-78-7-34-77-89-63-18
Ta100x20,5,4,400,0.85,0.05,8,2230508273,17000,6571,6377,6009,5.450743755,v2_avx512bw_vec32_exact_perm,14-64-32-11-62-98-10-50-15-12-80-5-94-90-49-39-16-97-37-38-30-33-81-3-1-76-52-72-100-65-69-85-45-23-2-51-56-21-46-20-9-59-17-8-41-70-13-75-31-53-58-92-60-26-91-36-6-42-99-74-29-28-4-87-95-61-27-47-22-84-71-88-82-40-66-96-57-25-68-24-83-54-44-48-43-35-86-73-55-79-93-19-7-78-34-77-89-63-18-67
Ta100x20,5,4,400,0.85,0.05,9,2230509282,17000,6625,6377,6009,5.192656841,v2_avx512bw_vec32_exact_perm,25-33-50-10-32-11-97-14-39-30-98-12-41-69-9-16-5-70-99-74-56-3-64-37-52-49-94-71-46-38-58-76-8-72-65-90-1-27-36-87-6-47-21-26-4-53-45-81-15-62-91-2-40-75-85-20-23-61-86-92-28-60-17-67-31-48-35-95-13-100-93-22-29-42-66-34-80-57-82-59-55-84-79-73-83-24-68-54-88-89-78-19-96-7-43-44-77-51-63-18
Ta100x20,5,4,400,0.85,0.05,10,2230510291,17000,6522,6377,6009,5.255015356,v2_avx512bw_vec32_exact_perm,64-51-50-33-32-11-62-98-97-12-14-30-99-28-38-15-90-10-41-69-65-85-49-96-94-74-37-3-45-1-52-76-56-39-58-72-16-71-13-17-21-8-53-27-5-9-2-46-23-75-4-20-60-92-61-67-66-6-80-40-81-87-68-29-55-79-59-47-70-42-31-36-26-34-86-88-82-44-89-22-25-43-84-24-73-91-57-48-100-93-95-35-7-19-83-78-54-77-63-18
Ta100x20,5,4,400,0.85,0.075,1,2230501210,17000,6606,6377,6009,5.010599632,v2_avx512bw_vec32_exact_perm,33-14-64-50-11-10-98-97-12-5-30-74-62-28-32-56-16-38-69-91-85-90-87-94-86-49-15-58-37-41-65-76-39-95-52-36-1-4-27-8-42-46-61-20-21-92-70-23-25-53-40-75-3-47-100-80-99-13-35-54-66-59-96-60-79-31-88-2-26-29-9-82-57-72-45-77-73-22-71-84-43-68-24-51-17-48-55-6-81-44-19-89-83-7-78-67-93-34-63-18
Ta100x20,5,4,400,0.85,0.075,2,2230502219,17000,6647,6377,6009,5.163259627,v2_avx512bw_vec32_exact_perm,14-50-30-98-64-33-12-5-2-97-38-28-62-32-69-39-52-8-10-95-72-41-70-37-90-16-94-87-3-11-15-65-46-36-88-27-74-85-22-49-29-75-21-91-1-9-71-45-99-40-81-17-47-92-61-20-26-4-53-13-100-35-60-23-31-80-86-59-66-42-79-54-58-84-83-25-55-56-43-96-6-57-93-76-89-82-34-68-48-19-67-78-73-24-7-44-77-51-63-18
Ta100x20,5,4,400,0.85,0.075,3,2230503228,17000,6573,6377,6009,4.996564944,v2_avx512bw_vec32_exact_perm,14-5-50-11-33-30-64-98-90-2-92-16-97-10-32-39-38-70-28-3-12-37-41-36-69-65-1-52-61-68-58-27-72-74-94-8-91-15-23-85-21-100-20-17-75-99-47-71-57-62-4-95-45-59-26-46-49-42-31-53-9-80-96-51-76-25-84-56-81-34-13-40-66-87-29-48-82-60-88-54-55-35-93-43-6-86-22-89-7-24-83-78-19-77-79-73-44-63-18-67
Ta100x20,5,4,400,0.85,0.075,4,2230504237,17000,6627,6377,6009,4.880063782,v2_avx512bw_vec32_exact_perm,64-98-51-62-32-30-33-97-14-12-50-10-16-11-65-56-1-2-94-71-27-90-28-37-72-81-58-70-3-69-41-5-45-47-39-85-74-8-76-59-87-9-52-100-49-92-40-61-26-21-79-91-4-23-38-46-13-88-53-20-82-15-42-36-31-17-95-29-48-35-75-78-60-55-57-99-22-86-96-84-6-93-83-66-44-77-34-80-43-68-73-89-7-24-19-54-67-25-63-18
Ta100x20,5,4,400,0.85,0.075,5,2230505246,17000,6579,6377,6009,4.91863874,v2_avx512bw_vec32_exact_perm,64-10-98-51-62-50-14-32-33-16-97-85-12-53-39-65-74-69-28-58-1-94-90-30-21-15-72-11-37-27-35-2-9-71-76-70-45-75-36-25-23-49-52-22-96-100-38-60-5-8-6-40-95-61-41-79-26-13-3-81-88-47-31-4-56-44-91-46-92-17-66-99-80-84-34-59-86-87-55-82-89-42-20-29-24-57-93-48-83-77-68-78-7-43-54-19-73-63-18-67
Ta100x20,5,4,400,0.85,0.075,6,2230506255,17000,6608,6377,6009,5.011391683,v2_avx512bw_vec32_exact_perm,14-64-50-33-32-11-49-10-30-97-16-65-12-25-58-2-94-39-37-38-69-41-76-100-27-5-3-28-90-72-70-36-87-68-95-75-1-53-61-52-8-6-26-31-45-22-56-15-17-46-88-98-42-96-4-99-40-21-74-57-82-20-66-71-47-62-9-81-85-80-59-92-60-23-13-51-84-86-93-43-83-78-35-29-34-73-48-7-77-67-24-89-91-19-79-54-44-55-63-18
Ta100x20,5,4,400,0.85,0.075,7,2230507264,17000,6581,6377,6009,5.225401727,v2_avx512bw_vec32_exact_perm,64-14-50-11-32-30-97-33-28-62-38-72-12-3-2-5-69-16-10-74-1-98-94-81-39-90-26-27-9-70-25-80-51-76-4-46-65-15-85-58-31-49-87-66-41-47-21-42-56-8-40-6-52-99-84-91-36-22-45-71-20-61-57-53-79-29-60-13-96-37-59-92-17-68-67-23-82-100-75-55-54-83-95-48-35-86-93-88-43-77-7-73-24-34-89-19-63-18-78-44
Ta100x20,5,4,400,0.85,0.075,8,2230508273,17000,6635,6377,6009,5.220865541,v2_avx512bw_vec32_exact_perm,64-51-62-32-33-50-14-39-85-16-30-10-97-70-61-11-22-69-1-38-94-90-72-53-98-99-12-27-91-21-41-74-58-49-5-37-71-56-36-3-8-23-52-76-86-65-2-75-4-26-28-6-15-84-29-60-87-13-88-24-92-46-96-9-80-100-59-48-42-45-95-57-40-81-66-25-55-82-20-31-43-35-79-19-17-7-93-44-54-83-47-89-68-78-34-73-67-77-63-18
Ta100x20,5,4,400,0.85,0.075,9,2230509282,17000,6615,6377,6009,5.160191176,v2_avx512bw_vec32_exact_perm,51-98-62-50-14-11-33-10-32-64-99-61-94-12-97-90-16-74-58-76-2-65-52-72-28-1-56-36-37-70-38-39-49-35-21-5-69-27-100-23-31-13-68-22-92-46-75-86-59-3-41-81-71-24-8-17-4-47-87-40-15-20-60-85-66-80-95-53-26-45-67-82-55-96-25-93-29-34-57-88-48-42-73-89-6-7-43-83-91-84-79-9-54-30-19-78-44-77-63-18
Ta100x20,5,4,400,0.85,0.075,10,2230510291,17000,6602,6377,6009,5.103252316,v2_avx512bw_vec32_exact_perm,14-64-32-11-62-98-97-12-33-15-50-69-10-5-54-16-30-58-71-9-2-3-27-72-6-49-39-47-94-65-1-37-90-28-38-85-41-70-17-96-74-100-87-52-61-8-76-56-53-31-25-75-80-66-29-21-92-22-40-68-45-95-4-26-46-34-81-23-36-42-82-20-59-86-57-60-35-67-83-88-91-55-99-84-78-93-48-77-7-13-79-19-73-24-43-51-89-63-18-44
Ta100x20,5,4,400,0.85,0.1,1,2230501210,17000,6610,6377,6009,5.637628189,v2_avx512bw_vec32_exact_perm,51-14-33-64-32-98-5-62-2-12-10-16-50-38-30-27-87-69-97-15-39-70-85-65-24-49-71-21-8-72-45-11-91-94-52-90-76-96-22-1-100-37-23-6-9-74-4-92-57-3-28-34-75-86-36-56-59-48-99-46-80-55-25-40-81-66-88-31-60-47-61-53-13-58-17-42-41-35-95-43-26-68-82-20-29-7-67-77-84-79-19-83-78-93-54-73-89-63-18-44
Ta100x20,5,4,400,0.85,0.1,2,2230502219,17000,6664,6377,6009,5.693149501,v2_avx512bw_vec32_exact_perm,64-33-51-14-28-62-5-98-50-12-10-37-74-94-1-65-70-38-99-2-39-97-32-58-30-49-72-16-90-76-46-95-57-87-61-36-69-17-59-3-52-9-15-29-26-53-56-66-79-82-81-41-13-100-92-11-40-20-23-85-45-86-31-8-4-91-80-21-22-75-27-96-71-24-42-35-6-34-83-89-25-88-84-60-78-44-48-19-47-43-93-68-54-73-55-7-67-77-18-63
Ta100x20,5,4,400,0.85,0.1,3,2230503228,17000,6661,6377,6009,5.431214718,v2_avx512bw_vec32_exact_perm,33-14-30-64-32-11-5-3-28-39-12-50-2-74-16-10-90-98-72-37-76-15-97-41-1-69-56-38-58-70-53-95-21-4-27-61-31-65-71-85-8-94-46-6-9-29-87-99-51-91-52-60-36-68-80-77-34-66-49-20-47-42-35-92-23-59-22-48-45-83-40-88-81-82-57-54-96-100-67-24-55-86-17-93-13-26-25-73-89-7-44-79-19-75-43-84-78-63-18-62
Ta100x20,5,4,400,0.85,0.1,4,2230504237,17000,6612,6377,6009,5.679458885,v2_avx512bw_vec32_exact_perm,33-14-64-11-12-62-98-32-72-2-97-50-56-10-16-30-90-74-70-1-3-15-5-38-94-39-41-49-76-58-53-37-45-28-71-69-46-47-4-100-87-13-25-23-60-65-21-31-95-8-52-61-85-86-27-35-20-83-91-92-36-22-80-66-29-75-51-17-84-82-73-48-81-93-9-59-34-42-6-26-24-96-57-40-43-88-68-54-99-89-55-7-79-44-78-19-77-63-18-67
Ta100x20,5,4,400,0.85,0.1,5,2230505246,17000,6664,6377,6009,5.740036629,v2_avx512bw_vec32_exact_perm,14-10-33-62-5-32-97-12-64-50-30-74-36-76-71-87-98-99-69-94-11-37-65-49-16-53-28-81-72-90-20-70-56-85-95-58-52-21-3-66-91-9-59-46-60-1-47-15-80-45-38-4-57-61-6-2-100-27-13-75-96-23-51-8-29-79-92-93-35-17-41-31-40-82-48-83-88-68-55-39-42-26-24-54-22-7-77-86-84-89-73-25-67-43-34-44-78-19-63-18
Ta100x20,5,4,400,0.85,0.1,6,2230506255,17000,6653,6377,6009,4.930128501,v2_avx512bw_vec32_exact_perm,64-14-50-33-30-5-49-97-11-56-12-98-62-58-10-2-16-52-55-65-94-38-32-72-53-61-85-37-41-68-39-28-21-70-95-46-84-74-27-90-76-36-57-99-15-1-82-31-6-22-81-3-92-75-20-88-60-66-80-40-71-8-87-45-4-59-23-48-29-34-13-35-42-78-93-69-86-100-96-43-83-26-25-47-7-19-24-9-67-17-54-44-89-79-91-51-73-77-63-18
Ta100x20,5,4,400,0.85,0.1,7,2230507264,17000,6614,6377,6009,5.044877244,v2_avx512bw_vec32_exact_perm,10-98-51-64-5-16-62-32-94-82-33-14-28-38-30-50-12-97-11-76-85-15-72-44-3-70-37-39-90-27-58-1-100-53-56-78-49-87-2-6-36-52-65-4-74-95-66-41-17-69-21-13-61-29-86-59-42-99-45-22-96-8-92-60-9-46-55-43-91-40-80-26-88-23-84-71-54-57-20-47-81-24-25-89-31-75-68-83-77-7-48-35-19-93-79-73-34-63-18-67
Ta100x20,5,4,400,0.85,0.1,8,2230508273,17000,6607,6377,6009,4.841359854,v2_avx512bw_vec32_exact_perm,25-10-64-32-98-14-16-50-97-74-62-94-72-12-37-85-5-3-27-38-49-41-65-39-60-30-1-90-76-59-80-20-53-17-2-52-69-86-70-11-81-28-91-31-88-56-75-46-26-36-42-82-71-33-15-8-6-61-66-21-58-99-48-54-40-13-87-4-51-22-24-29-68-35-92-96-57-34-100-9-89-84-73-45-47-83-79-95-44-23-93-55-43-78-7-19-77-63-18-67
Ta100x20,5,4,400,0.85,0.1,9,2230509282,17000,6592,6377,6009,5.029968761,v2_avx512bw_vec32_exact_perm,51-14-50-32-94-64-38-62-33-2-97-74-36-56-15-12-90-98-28-69-3-85-76-11-72-80-49-1-52-31-58-23-5-21-30-9-53-61-8-37-6-87-16-10-45-86-66-39-71-55-65-29-82-41-40-13-26-46-20-70-88-42-92-27-84-95-68-57-60-59-96-35-91-81-22-4-47-17-44-43-100-75-78-99-79-19-25-7-77-48-24-89-73-93-54-67-83-34-63-18
Ta100x20,5,4,400,0.85,0.1,10,2230510291,17000,6622,6377,6009,5.129138532,v2_avx512bw_vec32_exact_perm,33-10-98-14-64-51-32-61-39-11-70-16-50-56-12-26-30-27-65-74-41-38-72-2-97-68-69-53-73-3-90-94-49-52-36-76-85-82-17-31-25-5-79-15-20-40-8-28-1-58-75-95-57-46-81-23-13-37-60-35-92-47-45-71-59-22-4-21-80-84-9-67-6-29-96-100-66-62-42-88-86-54-99-43-55-24-7-19-87-48-89-83-91-18-77-63-78-93-34-44
Ta100x20,5,4,400,0.85,0.125,1,2230501210,17000,6603,6377,6009,5.078112658,v2_avx512bw_vec32_exact_perm,64-51-16-14-50-11-32-10-33-97-12-62-98-39-30-94-90-95-28-58-22-69-36-49-38-76-1-52-2-3-72-46-15-74-88-70-92-53-37-21-5-45-8-41-31-99-56-86-26-23-85-40-68-61-13-29-96-27-67-54-59-20-81-100-17-80-91-65-71-66-47-42-4-60-87-6-93-35-83-48-25-82-84-7-78-55-24-43-34-77-75-19-9-57-89-79-73-63-18-44
Ta100x20,5,4,400,0.85,0.125,2,2230502219,17000,6622,6377,6009,5.380000042,v2_avx512bw_vec32_exact_perm,14-33-50-11-64-32-30-97-2-62-12-10-98-28-41-94-72-74-61-16-85-69-39-70-58-46-5-27-15-36-3-8-13-1-6-87-47-60-75-76-22-38-99-56-71-20-65-21-23-92-37-17-4-100-45-52-80-81-31-96-53-86-91-73-90-66-40-88-59-35-42-34-89-84-68-24-29-57-82-26-79-25-93-55-48-9-83-95-7-78-49-43-19-54-44-67-77-51-63-18
Ta100x20,5,4,400,0.85,0.125,3,2230503228,17000,6644,6377,6009,5.109354353,v2_avx512bw_vec32_exact_perm,14-64-32-10-12-97-69-30-98-50-17-90-4-45-85-75-3-58-33-11-70-1-5-71-20-52-61-37-94-36-49-76-2-8-72-16-27-41-53-74-23-56-81-26-100-62-21-35-88-39-65-13-42-95-46-92-29-51-99-82-15-6-77-31-47-80-59-22-28-73-38-60-66-83-91-54-87-24-67-9-34-40-68-43-96-84-57-48-79-86-25-93-19-89-7-55-78-44-63-18
Ta100x20,5,4,400,0.85,0.125,4,2230504237,17000,6626,6377,6009,5.01238597,v2_avx512bw_vec32_exact_perm,64-51-14-97-10-32-33-2-50-12-11-98-47-72-94-16-62-5-56-37-90-39-99-70-100-3-81-38-13-41-69-8-21-45-74-61-28-46-15-20-1-65-53-6-25-52-58-30-26-66-24-36-95-29-59-76-85-49-93-17-87-9-71-22-80-60-42-23-4-96-63-57-86-75-92-40-55-27-84-91-35-88-82-77-7-78-19-31-48-79-43-73-83-54-44-68-34-89-18-67
Ta100x20,5,4,400,0.85,0.125,5,2230505246,17000,6620,6377,6009,4.962203909,v2_avx512bw_vec32_exact_perm,14-33-50-11-64-30-38-49-94-58-16-12-32-28-74-45-96-55-90-76-61-41-2-72-40-37-69-3-27-92-85-97-35-65-10-21-20-52-59-39-1-4-8-56-17-81-100-15-70-46-36-53-26-29-68-60-66-47-23-98-75-93-13-95-6-99-80-51-5-91-31-48-71-62-9-42-57-34-24-87-22-82-43-83-88-78-86-84-25-54-89-79-73-77-7-67-44-19-63-18
Ta100x20,5,4,400,0.85,0.125,6,2230506255,17000,6666,6377,6009,4.862851983,v2_avx512bw_vec32_exact_perm,10-64-98-14-30-5-32-12-97-39-69-50-74-2-15-82-90-94-16-38-76-3-88-37-41-78-11-58-21-33-72-28-1-99-65-27-36-70-67-46-49-62-85-8-52-4-60-26-6-92-61-29-81-20-47-42-31-66-53-96-75-45-40-13-56-100-86-23-17-71-84-35-87-68-48-22-25-83-89-80-59-9-51-93-95-43-24-57-19-79-73-77-91-44-34-55-7-54-63-18
Ta100x20,5,4,400,0.85,0.125,7,2230507264,17000,6607,6377,6009,5.038651677,v2_avx512bw_vec32_exact_perm,33-14-64-50-99-98-11-5-74-10-32-90-94-12-39-41-69-70-2-15-3-97-27-31-28-81-75-56-71-65-37-17-79-76-61-25-8-100-72-1-92-21-52-9-85-20-46-49-4-16-60-38-22-84-66-80-29-47-55-36-40-53-23-51-6-58-42-45-43-59-88-93-26-68-54-57-83-95-30-96-86-35-48-24-73-91-19-44-87-62-89-82-34-67-13-78-7-77-63-18
Ta100x20,5,4,400,0.85,0.125,8,2230508273,17000,6572,6377,6009,4.818759452,v2_avx512bw_vec32_exact_perm,33-14-64-32-17-11-50-16-10-74-94-98-12-69-5-97-95-28-90-72-62-56-2-49-1-52-76-70-58-37-38-81-45-59-46-3-36-85-27-75-30-26-21-9-71-61-6-65-60-41-42-47-4-92-8-39-87-51-29-20-57-86-15-35-53-44-80-23-66-31-22-91-34-89-100-13-40-96-82-88-99-68-54-93-24-55-19-48-84-79-25-7-78-83-73-43-77-63-18-67
Ta100x20,5,4,400,0.85,0.125,9,2230509282,17000,6644,6377,6009,4.722768458,v2_avx512bw_vec32_exact_perm,64-14-33-50-11-17-12-32-99-98-74-97-94-62-38-30-39-1-61-37-69-28-5-45-65-2-90-41-72-47-21-31-80-16-8-3-52-26-25-35-46-60-76-56-15-85-53-4-70-6-23-27-59-22-40-10-66-49-36-68-81-84-71-82-91-100-92-48-87-79-20-93-95-42-96-51-29-55-88-54-57-75-13-58-19-44-24-89-7-83-86-78-77-9-43-34-67-73-63-18
Ta100x20,5,4,400,0.85,0.125,10,2230510291,17000,6629,6377,6009,4.832288155,v2_avx512bw_vec32_exact_perm,33-14-64-50-10-32-11-38-62-5-28-97-94-16-46-98-12-58-76-69-99-85-61-37-3-39-71-74-49-70-21-53-72-1-45-56-52-35-15-90-87-20-40-29-31-30-65-79-9-6-92-80-44-59-60-2-4-47-26-55-51-41-27-42-91-75-95-36-66-23-82-17-57-68-100-96-48-8-83-86-73-22-81-13-88-43-54-84-25-93-24-19-89-7-34-78-77-63-18-67
Ta100x20,5,4,400,0.8875,0.025,1,2230501210,17000,6583,6377,6009,5.916013067,v2_avx512bw_vec32_exact_perm,64-51-32-62-14-30-97-33-12-98-50-5-38-3-28-69-22-11-10-2-72-16-94-52-41-85-74-1-21-8-56-99-60-65-4-90-45-20-29-76-87-71-9-96-49-46-37-15-92-100-75-47-23-80-88-27-39-70-40-6-61-66-53-26-91-68-55-59-82-31-81-42-36-17-83-95-58-57-86-13-54-67-35-84-79-25-24-73-93-34-43-48-19-7-77-89-63-18-78-44
Ta100x20,5,4,400,0.8875,0.025,2,2230502219,17000,6585,6377,6009,5.642441577,v2_avx512bw_vec32_exact_perm,64-51-14-12-98-50-10-32-16-97-33-94-62-49-70-69-78-30-74-2-90-38-72-39-1-86-37-21-11-56-76-85-52-3-4-65-87-100-26-13-17-60-25-46-15-45-66-5-28-36-41-71-93-59-8-80-47-58-23-95-40-84-6-61-53-79-42-99-91-31-29-22-82-81-27-92-75-20-96-88-24-73-57-54-83-68-48-44-55-35-19-7-43-9-34-77-89-63-18-67
Ta100x20,5,4,400,0.8875,0.025,3,2230503228,17000,6596,6377,6009,5.019219492,v2_avx512bw_vec32_exact_perm,25-10-64-32-51-50-33-97-98-16-74-94-14-69-2-38-72-70-11-56-41-39-60-85-76-12-37-3-5-58-52-6-53-1-27-49-36-28-90-45-62-30-81-80-15-21-46-20-65-23-13-92-75-40-82-95-17-4-59-26-29-42-8-88-44-86-71-96-66-79-57-100-61-73-93-99-68-48-47-22-87-31-7-9-54-35-24-34-55-19-67-89-91-43-83-78-84-77-63-18
Ta100x20,5,4,400,0.8875,0.025,4,2230504237,17000,6588,6377,6009,5.136085768,v2_avx512bw_vec32_exact_perm,10-14-64-50-5-74-98-62-33-16-12-30-97-38-32-72-17-28-1-2-94-90-11-47-58-69-3-65-39-6-87-8-76-15-81-25-27-85-66-20-52-70-61-53-88-59-80-45-37-21-60-36-56-46-92-13-41-42-31-95-49-23-75-91-40-26-4-71-100-57-68-29-84-9-79-96-51-55-22-54-82-86-99-44-43-48-24-34-35-83-93-89-78-19-7-77-73-63-18-67
Ta100x20,5,4,400,0.8875,0.025,5,2230505246,17000,6586,6377,6009,5.298081493,v2_avx512bw_vec32_exact_perm,64-51-98-62-14-11-32-33-50-97-1-10-56-69-16-65-87-2-12-52-72-39-74-27-61-9-70-71-3-94-81-85-76-37-41-46-36-8-68-58-60-5-13-38-35-31-21-28-53-95-30-23-49-80-45-59-29-6-42-15-40-90-17-86-96-84-88-66-25-92-100-20-44-26-22-55-82-75-57-4-89-91-99-93-43-54-83-47-7-73-19-48-79-24-78-34-77-63-18-67
Ta100x20,5,4,400,0.8875,0.025,6,2230506255,17000,6599,6377,6009,5.322760643,v2_avx512bw_vec32_exact_perm,64-25-10-32-11-33-70-97-74-98-69-17-50-2-41-39-14-16-94-72-12-37-38-76-5-30-15-90-52-6-28-20-56-96-21-49-65-4-71-9-1-58-46-45-60-87-63-8-51-88-23-27-47-75-3-85-53-92-61-66-26-31-68-54-81-80-59-100-13-40-22-42-55-82-99-36-48-29-83-67-95-57-44-91-79-43-73-86-34-89-84-24-35-7-19-77-18-78-93-62
Ta100x20,5,4,400,0.8875,0.025,7,2230507264,17000,6612,6377,6009,5.564598027,v2_avx512bw_vec32_exact_perm,14-64-32-62-38-30-98-11-5-97-61-12-28-94-53-69-99-10-58-74-50-17-65-1-16-37-33-8-15-71-90-72-85-46-76-20-41-49-39-52-40-23-21-51-56-4-79-3-75-26-82-36-70-29-9-2-7-59-13-92-47-95-81-87-100-27-45-22-31-42-80-88-43-60-57-84-68-35-96-55-86-73-66-24-91-67-83-54-25-48-89-93-6-19-34-77-63-18-78-44
Ta100x20,5,4,400,0.8875,0.025,8,2230508273,17000,6616,6377,6009,5.422638239,v2_avx512bw_vec32_exact_perm,64-33-14-10-11-98-32-28-90-99-62-50-97-38-94-74-76-16-81-58-12-69-61-45-49-1-3-85-56-37-52-39-87-72-91-4-42-8-31-21-65-9-46-70-30-41-17-40-20-5-100-59-53-36-2-6-15-86-23-51-66-95-71-55-13-22-80-29-92-93-88-35-83-27-47-26-96-75-48-54-24-89-57-68-82-60-43-19-25-84-78-7-44-77-79-73-34-63-18-67
Ta100x20,5,4,400,0.8875,0.025,9,2230509282,17000,6612,6377,6009,6.055002236,v2_avx512bw_vec32_exact_perm,14-64-62-32-33-98-50-12-11-76-85-69-65-10-97-39-1-71-58-74-94-26-31-90-37-87-49-56-81-54-5-3-16-38-45-9-70-72-30-46-92-52-61-8-41-21-53-13-28-4-29-60-15-47-99-68-42-23-36-66-27-82-59-80-2-93-6-20-75-51-57-48-40-86-100-22-43-96-55-24-73-91-88-34-35-77-19-89-17-84-79-95-67-25-7-83-78-44-63-18
Ta100x20,5,4,400,0.8875,0.025,10,2230510291,17000,6618,6377,6009,6.082774679,v2_avx512bw_vec32_exact_perm,14-64-33-5-50-11-32-39-76-62-90-98-28-74-99-69-41-6-8-2-97-58-12-10-3-94-52-36-1-79-65-100-45-56-38-49-72-16-40-85-71-88-4-59-60-61-70-20-47-53-21-13-66-80-30-22-37-15-29-92-95-81-87-96-31-27-55-46-17-23-42-75-35-51-54-93-26-91-82-48-68-57-83-67-9-86-73-43-25-84-24-19-89-7-34-77-63-18-78-44
Ta100x20,5,4,400,0.8875,0.05,1,2230501210,17000,6577,6377,6009,5.120668746,v2_avx512bw_vec32_exact_perm,64-51-32-62-16-14-33-50-98-69-5-11-30-97-2-12-53-81-28-10-65-94-39-74-38-72-49-36-1-61-37-70-56-58-21-4-100-87-76-52-20-15-45-95-66-8-90-96-85-59-17-23-47-3-68-27-71-9-43-22-60-29-41-91-82-84-31-57-88-92-75-86-99-13-54-40-67-26-46-80-48-42-25-83-55-6-89-73-93-34-77-35-79-19-24-7-63-18-78-44
Ta100x20,5,4,400,0.8875,0.05,2,2230502219,17000,6585,6377,6009,5.110857791,v2_avx512bw_vec32_exact_perm,64-10-98-51-62-32-30-33-50-11-14-12-97-99-56-16-94-90-5-38-6-28-74-15-70-41-39-76-53-3-49-85-69-37-23-95-29-1-72-27-61-52-92-4-65-36-75-46-45-31-21-58-42-91-26-8-100-34-87-20-13-60-96-55-22-2-40-81-80-48-17-57-47-66-59-67-68-86-88-71-35-84-82-25-79-83-93-24-78-19-9-54-89-7-73-43-44-77-63-18
Ta100x20,5,4,400,0.8875,0.05,3,2230503228,17000,6601,6377,6009,4.881994058,v2_avx512bw_vec32_exact_perm,64-98-14-28-62-11-5-33-32-74-39-49-97-2-12-3-72-56-95-50-10-90-71-30-23-9-41-94-38-65-26-69-1-60-52-92-100-16-81-45-85-70-20-21-76-4-75-53-37-6-59-80-96-36-17-40-87-22-27-47-8-66-29-88-15-46-82-43-99-86-31-93-42-61-51-48-84-58-35-24-55-91-34-13-79-54-57-83-67-68-89-25-78-7-19-73-44-77-63-18
Ta100x20,5,4,400,0.8875,0.05,4,2230504237,17000,6637,6377,6009,5.6655767,v2_avx512bw_vec32_exact_perm,14-11-64-33-32-62-12-98-50-94-97-65-30-85-16-39-38-41-76-10-2-31-1-90-61-56-6-28-69-21-87-81-49-3-72-52-70-36-15-46-53-68-74-20-8-92-29-59-80-27-91-5-13-17-71-26-45-66-23-100-47-96-88-60-55-57-9-42-75-54-58-22-51-4-99-95-35-40-37-82-93-84-86-43-48-83-24-78-67-25-7-19-89-79-77-73-44-34-63-18
Ta100x20,5,4,400,0.8875,0.05,5,2230505246,17000,6593,6377,6009,5.697079656,v2_avx512bw_vec32_exact_perm,64-33-51-5-97-98-14-17-50-11-16-62-32-94-39-90-99-69-76-12-65-81-1-72-74-70-31-26-10-85-100-37-28-21-53-48-71-23-45-58-56-6-61-38-52-60-41-8-4-46-49-59-9-30-80-2-42-92-87-36-15-3-25-13-88-40-66-57-75-82-20-43-95-96-29-86-93-84-91-27-68-22-77-24-35-7-55-89-44-79-83-78-19-54-47-73-67-34-63-18
Ta100x20,5,4,400,0.8875,0.05,6,2230506255,17000,6705,6377,6009,5.670117378,v2_avx512bw_vec32_exact_perm,51-64-5-10-98-32-11-16-50-97-90-49-45-69-95-39-58-14-33-56-12-85-99-46-71-30-36-70-29-1-53-60-61-76-72-52-94-87-2-41-74-8-54-15-86-23-37-40-47-13-100-21-48-31-42-28-4-75-3-9-22-20-57-66-27-65-38-92-35-17-81-6-68-84-96-91-67-59-83-82-25-55-80-88-26-44-43-79-93-24-7-19-73-89-18-78-34-77-63-62
Ta100x20,5,4,400,0.8875,0.05,7,2230507264,17000,6650,6377,6009,5.730055259,v2_avx512bw_vec32_exact_perm,14-33-32-64-5-30-11-50-98-97-62-69-38-28-12-49-56-41-10-61-90-70-74-37-76-53-72-16-94-42-100-92-87-20-65-2-85-15-81-3-66-6-52-73-40-1-46-83-13-23-96-17-60-45-68-21-9-36-27-58-75-35-31-80-26-4-55-29-39-8-7-99-86-54-51-47-22-91-71-84-59-95-77-24-79-88-57-78-82-43-89-25-93-34-48-19-63-18-67-44
Ta100x20,5,4,400,0.8875,0.05,8,2230508273,17000,6658,6377,6009,5.522277719,v2_avx512bw_vec32_exact_perm,14-5-97-64-11-12-74-50-33-2-41-32-72-30-62-38-98-94-99-90-3-28-1-16-69-21-23-8-87-52-37-85-58-10-46-76-51-49-13-70-36-68-65-20-61-56-15-86-39-22-27-71-4-47-26-17-75-40-88-100-82-78-59-80-95-35-60-31-92-53-45-93-77-66-91-84-42-89-6-48-24-96-57-25-7-43-83-73-81-29-54-19-67-79-44-55-9-34-63-18
Ta100x20,5,4,400,0.8875,0.05,9,2230509282,17000,6593,6377,6009,6.272558722,v2_avx512bw_vec32_exact_perm,64-14-33-50-98-11-62-38-32-2-30-12-5-39-74-94-97-41-20-56-76-90-49-72-53-10-28-46-85-15-69-8-96-58-51-70-95-17-26-16-65-23-37-31-92-52-61-9-75-100-59-66-35-40-6-27-21-80-45-4-29-1-79-34-55-71-47-3-88-87-36-60-13-43-81-48-57-54-42-24-99-22-91-68-93-82-84-86-67-83-25-73-19-89-7-77-63-18-78-44
Ta100x20,5,4,400,0.8875,0.05,10,2230510291,17000,6653,6377,6009,6.568290043,v2_avx512bw_vec32_exact_perm,14-97-33-50-11-12-32-64-16-30-70-10-27-13-74-41-62-5-2-72-38-39-49-58-37-94-65-98-36-15-85-46-40-68-90-6-61-76-28-69-3-1-91-100-87-4-52-42-20-26-54-8-22-47-56-81-93-31-53-23-21-45-92-99-95-80-9-51-71-86-29-73-60-82-59-75-35-17-88-48-83-66-96-24-57-55-19-79-44-78-7-77-89-84-43-25-34-63-18-67
Ta100x20,5,4,400,0.8875,0.075,1,2230501210,17000,6638,6377,6009,5.268760211,v2_avx512bw_vec32_exact_perm,14-64-50-62-32-33-10-11-97-5-30-98-8-85-12-38-3-52-15-94-69-16-1-76-90-72-2-56-41-4-39-35-95-29-71-6-58-27-70-28-96-60-31-23-68-37-46-65-49-45-13-53-59-80-26-36-51-87-86-61-66-100-99-55-79-40-82-21-74-20-93-42-92-81-88-22-54-57-84-91-43-75-73-17-9-48-44-24-83-78-47-7-19-67-25-89-34-77-63-18
Ta100x20,5,4,400,0.8875,0.075,2,2230502219,17000,6633,6377,6009,5.549222812,v2_avx512bw_vec32_exact_perm,14-64-50-97-33-30-32-62-10-38-12-74-94-98-41-70-90-2-5-11-28-71-95-72-87-16-37-45-92-39-76-3-58-1-52-17-69-8-59-80-31-49-15-4-56-21-26-53-35-9-66-61-46-27-65-20-47-13-22-42-99-60-85-96-40-51-29-81-48-24-57-75-6-82-36-78-93-23-86-88-100-55-83-54-91-43-25-7-84-19-68-73-89-79-44-34-77-63-18-67
Ta100x20,5,4,400,0.8875,0.075,3,2230503228,17000,6634,6377,6009,5.326646819,v2_avx512bw_vec32_exact_perm,64-10-33-32-62-98-11-50-58-94-16-90-5-92-38-39-97-14-99-12-69-30-21-15-56-52-41-72-23-4-42-49-28-74-36-1-76-37-61-81-75-66-65-3-47-53-71-46-85-70-13-20-17-2-6-96-100-83-45-59-8-40-27-9-34-67-87-95-35-31-86-57-60-80-24-51-29-22-26-79-25-88-93-84-82-55-68-48-91-19-54-73-43-89-7-77-63-18-78-44
Ta100x20,5,4,400,0.8875,0.075,4,2230504237,17000,6650,6377,6009,5.307323388,v2_avx512bw_vec32_exact_perm,14-30-98-64-50-32-33-12-10-5-94-97-16-45-39-85-62-65-2-38-53-58-49-3-90-15-69-61-1-81-8-72-27-74-87-31-41-95-70-76-4-11-100-28-26-21-52-56-13-46-17-59-82-37-23-36-20-99-51-93-80-75-92-22-40-68-29-66-47-71-88-55-6-96-86-73-43-60-35-89-84-42-57-83-9-91-67-24-48-79-25-34-54-7-19-77-63-18-78-44
Ta100x20,5,4,400,0.8875,0.075,5,2230505246,17000,6631,6377,6009,5.269444474,v2_avx512bw_vec32_exact_perm,14-50-33-11-10-32-98-62-35-69-53-64-2-12-16-85-30-21-37-96-56-65-94-38-49-97-41-39-100-74-17-71-81-20-72-70-45-90-8-61-52-92-58-1-6-31-76-99-9-42-68-66-28-4-3-47-60-15-46-87-27-5-95-23-36-51-59-22-79-34-80-77-13-40-86-93-78-26-82-48-29-44-91-84-83-57-25-43-24-88-19-55-89-7-73-75-54-63-18-67
Ta100x20,5,4,400,0.8875,0.075,6,2230506255,17000,6627,6377,6009,5.415480691,v2_avx512bw_vec32_exact_perm,14-64-10-65-12-50-33-98-11-32-97-70-3-90-74-41-5-2-38-30-94-76-9-46-8-72-58-99-69-20-52-17-92-62-28-53-56-4-16-1-6-75-61-15-71-27-39-23-37-26-91-85-51-29-60-35-86-22-31-45-49-21-55-13-40-80-34-87-81-66-95-83-36-43-24-59-68-93-42-96-47-57-88-67-48-100-82-84-25-79-7-73-19-77-89-54-63-18-78-44
Ta100x20,5,4,400,0.8875,0.075,7,2230507264,17000,6613,6377,6009,5.614409769,v2_avx512bw_vec32_exact_perm,14-33-50-98-12-94-38-64-30-41-74-88-32-5-10-81-11-72-62-65-71-1-3-58-2-37-39-16-76-85-56-45-69-46-49-4-66-8-97-96-60-75-27-28-6-90-53-87-31-70-52-61-9-95-21-59-13-22-100-36-80-15-48-34-23-29-40-35-92-17-68-20-57-42-99-84-43-79-24-51-55-86-77-91-82-26-25-7-73-67-78-44-83-93-19-47-89-54-63-18
Ta100x20,5,4,400,0.8875,0.075,8,2230508273,17000,6634,6377,6009,6.180580941,v2_avx512bw_vec32_exact_perm,98-64-14-28-11-33-62-10-32-12-97-61-69-37-30-38-50-90-72-76-5-49-52-74-1-87-60-45-81-41-70-2-8-3-71-6-39-94-15-58-29-31-65-36-66-53-56-23-47-95-17-46-16-13-88-82-21-51-57-44-4-86-40-99-85-80-22-20-55-92-25-24-35-75-91-27-26-42-93-43-84-9-96-7-100-34-83-48-89-59-79-54-68-19-73-78-77-63-18-67
Ta100x20,5,4,400,0.8875,0.075,9,2230509282,17000,6659,6377,6009,6.204215838,v2_avx512bw_vec32_exact_perm,33-14-30-64-12-32-10-50-11-98-16-78-97-5-69-2-39-94-58-31-38-70-82-53-74-61-72-65-52-28-3-51-95-85-6-49-90-8-15-17-1-99-25-76-56-21-46-37-59-26-60-4-80-75-45-42-55-36-23-87-100-22-71-13-41-68-35-84-54-66-44-89-40-92-81-57-24-91-27-47-86-93-48-29-67-20-88-19-83-77-96-43-79-7-62-73-9-34-63-18
Ta100x20,5,4,400,0.8875,0.075,10,2230510291,17000,6637,6377,6009,5.717416143,v2_avx512bw_vec32_exact_perm,64-10-32-33-30-62-9-16-50-98-14-97-38-94-74-12-65-85-11-61-41-39-56-69-17-78-1-2-3-52-37-59-75-72-15-99-91-100-54-5-53-87-46-36-76-58-45-90-20-21-8-47-4-23-80-60-29-70-31-66-68-57-95-51-82-22-55-28-96-27-93-92-79-81-84-88-83-40-26-71-6-42-49-48-35-13-43-24-86-73-44-34-19-89-7-77-67-25-63-18
Ta100x20,5,4,400,0.8875,0.1,1,2230501210,17000,6621,6377,6009,5.356418475,v2_avx512bw_vec32_exact_perm,14-64-50-11-10-32-97-62-2-12-98-81-30-38-94-16-99-33-71-69-39-3-76-72-5-65-58-92-28-95-49-53-4-1-45-70-29-100-56-46-8-96-21-88-31-66-41-52-20-37-74-9-57-40-61-47-17-15-85-24-36-51-22-93-6-80-68-55-35-82-27-87-60-67-48-90-75-91-13-83-79-25-59-26-23-54-86-42-19-89-43-73-84-7-78-44-77-34-63-18
Ta100x20,5,4,400,0.8875,0.1,2,2230502219,17000,6606,6377,6009,5.421623371,v2_avx512bw_vec32_exact_perm,14-64-33-28-51-16-65-10-32-11-98-50-97-30-38-41-99-12-94-61-2-72-56-69-46-52-70-39-17-95-92-21-15-37-62-6-76-1-85-58-80-5-74-24-49-31-68-57-88-71-3-8-34-22-23-87-53-13-20-4-26-91-75-60-90-66-29-42-96-36-59-55-100-89-86-27-40-81-35-45-47-9-43-84-79-82-73-67-83-25-93-7-54-19-48-77-63-18-78-44
Ta100x20,5,4,400,0.8875,0.1,3,2230503228,17000,6664,6377,6009,5.606554989,v2_avx512bw_vec32_exact_perm,64-51-14-10-33-32-5-11-39-16-70-97-98-56-2-50-38-28-69-52-65-1-87-36-12-90-76-37-94-30-48-72-21-53-41-74-17-59-81-58-66-22-85-79-31-71-23-84-20-40-42-45-6-8-86-92-75-3-46-27-9-61-29-83-35-15-62-88-80-89-99-60-54-47-43-13-4-100-24-82-55-95-19-91-57-96-49-25-7-68-73-26-93-34-77-78-67-63-18-44
Ta100x20,5,4,400,0.8875,0.1,4,2230504237,17000,6651,6377,6009,5.763788589,v2_avx512bw_vec32_exact_perm,25-64-30-5-50-33-10-12-98-70-11-32-14-74-41-28-97-69-57-16-58-62-23-37-66-72-15-76-1-8-53-90-49-20-21-87-94-99-38-95-6-40-26-29-31-52-68-45-3-2-46-80-56-71-4-59-88-92-65-17-75-47-91-22-35-42-13-100-73-93-81-36-86-24-61-85-79-55-84-89-54-96-83-27-60-44-48-82-43-39-67-7-9-19-34-78-77-63-51-18
Ta100x20,5,4,400,0.8875,0.1,5,2230505246,17000,6657,6377,6009,6.103365114,v2_avx512bw_vec32_exact_perm,14-64-50-32-33-11-62-69-30-65-97-2-1-98-5-12-37-28-74-3-90-85-10-16-53-100-94-39-87-76-6-31-72-15-92-54-56-45-52-61-40-95-58-51-38-84-91-70-66-22-71-4-36-82-26-13-23-86-49-80-59-35-75-81-60-8-46-29-20-57-24-55-99-41-68-27-21-42-88-96-9-83-93-78-47-19-25-7-17-79-43-73-44-48-67-34-77-89-63-18
Ta100x20,5,4,400,0.8875,0.1,6,2230506255,17000,6622,6377,6009,5.437769111,v2_avx512bw_vec32_exact_perm,64-51-98-30-33-62-50-14-97-99-74-11-5-72-56-52-12-16-61-10-32-70-21-76-90-86-15-38-37-41-85-3-100-28-69-95-39-45-87-1-46-42-65-4-94-36-81-29-6-17-57-80-71-60-8-31-2-53-75-49-59-20-9-88-13-91-92-23-22-47-24-93-96-26-58-66-55-40-82-84-54-48-68-27-35-25-78-83-43-7-34-89-19-77-79-44-73-63-18-67
Ta100x20,5,4,400,0.8875,0.1,7,2230507264,17000,6609,6377,6009,5.690266848,v2_avx512bw_vec32_exact_perm,33-14-98-74-64-5-32-97-11-50-1-58-3-38-94-16-69-41-56-39-62-30-28-12-27-65-85-2-15-72-10-51-68-87-36-70-76-13-22-37-9-46-53-49-52-20-8-29-71-21-47-24-4-26-92-31-23-80-90-25-59-91-95-96-66-99-17-42-57-55-100-35-45-61-34-84-40-81-88-60-79-82-48-93-6-43-19-54-44-75-86-83-78-89-7-77-63-73-18-67
Ta100x20,5,4,400,0.8875,0.1,8,2230508273,17000,6625,6377,6009,5.38159163,v2_avx512bw_vec32_exact_perm,33-14-64-50-16-5-74-10-94-11-69-38-97-62-99-39-98-26-32-28-76-90-1-70-52-72-87-85-61-12-6-51-15-47-100-8-4-49-86-91-2-3-45-27-56-78-46-96-53-37-66-40-58-13-21-65-31-22-57-82-88-92-80-36-71-75-95-59-35-17-60-81-30-41-29-54-42-20-48-83-25-93-23-55-67-43-79-84-9-19-77-24-7-68-89-73-34-63-18-44
Ta100x20,5,4,400,0.8875,0.1,9,2230509282,17000,6612,6377,6009,6.074124471,v2_avx512bw_vec32_exact_perm,51-62-98-97-12-32-10-50-14-30-64-71-28-5-33-99-56-76-90-75-58-94-11-39-85-74-21-49-69-1-92-65-61-87-72-16-53-17-91-52-8-15-37-38-31-36-27-41-47-22-4-100-3-95-43-2-23-42-70-96-46-20-88-81-80-93-45-59-68-25-40-35-66-60-89-13-86-26-29-54-57-19-55-9-7-48-6-83-84-82-67-79-24-73-34-77-63-18-78-44
Ta100x20,5,4,400,0.8875,0.1,10,2230510291,17000,6601,6377,6009,5.929660706,v2_avx512bw_vec32_exact_perm,14-50-11-64-62-32-10-30-33-98-94-38-39-65-41-12-71-97-56-27-5-2-69-52-16-72-49-8-1-28-95-75-90-31-3-87-76-6-70-37-29-45-15-58-85-21-13-74-92-40-26-20-81-86-36-53-91-88-61-46-96-55-9-4-66-35-79-17-99-54-60-59-23-51-82-42-47-22-7-43-24-25-93-84-100-34-89-80-57-48-68-83-78-77-19-73-44-63-18-67
Ta100x20,5,4,400,0.8875,0.125,1,2230501210,17000,6630,6377,6009,5.285911078,v2_avx512bw_vec32_exact_perm,14-64-5-32-33-50-16-98-97-74-39-62-85-41-58-3-11-99-22-69-10-30-90-87-76-60-1-56-2-92-46-65-45-12-38-49-86-72-52-15-37-80-42-36-28-95-4-23-94-21-31-81-70-20-8-59-9-71-88-47-75-35-100-29-66-96-40-6-17-26-51-27-61-53-68-91-25-54-7-57-83-89-13-82-73-24-48-78-19-84-55-43-79-44-77-93-67-34-63-18
Ta100x20,5,4,400,0.8875,0.125,2,2230502219,17000,6597,6377,6009,5.141332291,v2_avx512bw_vec32_exact_perm,14-33-15-5-30-64-50-11-10-2-98-74-97-56-39-62-16-32-99-28-85-12-37-8-65-68-46-72-69-60-90-41-1-94-67-88-71-76-6-57-53-3-61-31-75-21-52-9-26-95-70-45-4-81-36-20-38-58-43-49-55-92-47-80-44-24-23-87-40-29-27-22-66-13-17-79-59-96-100-82-51-89-86-91-48-42-93-54-84-35-25-83-7-78-19-73-77-34-63-18
Ta100x20,5,4,400,0.8875,0.125,3,2230503228,17000,6630,6377,6009,5.021247312,v2_avx512bw_vec32_exact_perm,14-33-64-32-50-12-65-97-98-11-62-69-70-1-41-94-2-52-17-74-5-56-6-60-26-16-38-39-8-10-21-3-27-85-49-35-31-15-81-61-90-4-86-28-37-23-46-59-80-45-73-36-95-71-92-57-51-47-88-30-75-72-40-22-76-42-99-66-53-13-29-54-20-84-58-55-96-9-87-83-82-68-34-100-48-44-43-79-93-24-78-19-91-77-25-7-63-89-18-67
Ta100x20,5,4,400,0.8875,0.125,4,2230504237,17000,6638,6377,6009,5.600020402,v2_avx512bw_vec32_exact_perm,64-33-51-5-14-12-97-32-81-50-11-74-62-98-69-10-2-16-90-17-94-76-41-52-85-20-1-3-30-37-39-92-38-58-15-71-65-56-75-80-72-46-99-6-28-36-95-8-47-87-27-23-60-29-21-4-59-70-22-13-49-96-31-40-82-42-88-66-45-26-79-55-91-61-100-78-53-83-57-84-35-63-25-93-24-48-18-54-7-67-68-34-86-43-9-77-19-89-73-44
Ta100x20,5,4,400,0.8875,0.125,5,2230505246,17000,6612,6377,6009,5.867873298,v2_avx512bw_vec32_exact_perm,33-14-64-50-10-11-32-97-62-12-94-5-98-74-38-72-90-61-2-31-69-1-56-53-8-28-52-87-23-17-16-9-30-49-86-58-39-21-37-51-85-46-65-88-27-70-4-42-41-26-59-15-3-71-22-36-75-68-92-40-20-35-99-60-80-29-95-96-7-48-100-25-76-66-55-13-81-57-82-83-84-45-79-67-43-24-91-6-89-73-19-93-54-47-34-77-63-18-78-44
Ta100x20,5,4,400,0.8875,0.125,6,2230506255,17000,6622,6377,6009,5.103828815,v2_avx512bw_vec32_exact_perm,14-64-50-33-62-32-11-49-16-38-28-56-74-5-2-12-98-10-90-97-30-72-15-69-35-17-94-58-6-92-36-65-100-39-1-3-85-9-76-87-53-31-22-37-20-52-80-59-51-88-40-70-45-4-60-47-71-78-8-57-99-26-75-95-46-23-83-27-81-29-21-55-84-61-66-42-82-68-86-96-93-24-13-25-91-43-41-54-34-79-77-7-48-19-89-73-44-63-18-67
Ta100x20,5,4,400,0.8875,0.125,7,2230507264,17000,6592,6377,6009,4.902679759,v2_avx512bw_vec32_exact_perm,33-14-50-5-11-97-98-32-10-12-30-2-62-38-16-74-41-76-1-65-69-56-95-94-46-15-61-53-72-92-21-71-85-39-45-8-49-58-23-90-6-13-3-31-28-42-80-51-17-70-64-20-4-52-37-47-24-86-96-59-9-100-88-22-81-36-66-26-93-29-34-99-82-75-87-40-27-54-48-68-25-35-57-60-43-55-79-83-91-44-19-78-73-84-7-77-89-63-18-67
Ta100x20,5,4,400,0.8875,0.125,8,2230508273,17000,6609,6377,6009,5.087453935,v2_avx512bw_vec32_exact_perm,14-33-94-62-64-75-50-74-5-98-51-41-30-69-52-11-16-56-32-38-3-99-76-21-97-1-12-49-60-37-72-90-10-28-2-46-15-6-71-9-27-81-36-80-85-92-86-31-61-8-65-45-100-95-87-13-53-70-96-83-66-29-23-4-55-82-59-20-88-58-67-57-54-40-22-39-26-35-43-17-91-24-84-42-68-93-47-78-34-48-25-7-19-73-89-79-44-77-63-18
Ta100x20,5,4,400,0.8875,0.125,9,2230509282,17000,6602,6377,6009,5.28603896,v2_avx512bw_vec32_exact_perm,14-50-64-33-12-97-37-75-98-5-11-32-62-69-80-74-28-41-72-2-3-31-85-30-65-38-16-10-90-94-46-87-15-60-1-99-56-49-36-67-78-58-13-8-71-92-17-52-76-9-61-39-100-53-66-4-29-84-45-47-96-40-70-81-6-79-20-44-22-86-35-59-21-27-77-68-23-51-88-57-42-55-24-26-48-83-82-25-34-73-89-7-95-43-93-91-19-54-63-18
Ta100x20,5,4,400,0.8875,0.125,10,2230510291,17000,6662,6377,6009,5.17742331,v2_avx512bw_vec32_exact_perm,33-14-5-30-98-64-94-97-11-32-39-10-50-90-76-38-49-85-12-16-41-99-37-3-74-26-36-53-72-69-70-100-2-52-27-22-25-46-31-61-91-28-24-71-56-15-95-21-9-58-75-66-1-92-82-96-65-59-8-35-47-79-62-55-68-45-57-60-42-4-84-48-17-23-6-81-20-78-40-93-29-44-86-88-89-19-80-43-7-34-87-54-13-73-83-77-51-63-18-67
Ta100x20,5,4,400,0.925,0.025,1,2230501210,17000,6604,6377,6009,4.967317824,v2_avx512bw_vec32_exact_perm,33-14-28-11-32-64-12-94-74-98-5-71-76-73-62-39-56-50-97-16-90-10-70-1-2-30-72-52-81-41-69-88-15-3-38-49-4-22-36-87-37-47-27-21-75-31-65-66-34-42-20-92-45-61-85-8-100-96-58-46-59-9-17-53-68-80-26-60-51-35-99-48-55-29-23-6-40-82-43-13-86-91-83-93-95-79-84-24-54-57-89-67-25-7-19-77-63-18-78-44
Ta100x20,5,4,400,0.925,0.025,2,2230502219,17000,6621,6377,6009,5.297256236,v2_avx512bw_vec32_exact_perm,51-14-32-64-97-50-33-85-41-74-62-99-94-98-38-10-39-12-5-16-70-69-11-76-2-72-49-30-52-95-87-1-46-21-15-56-36-75-3-17-65-28-61-90-88-66-53-4-71-8-6-37-45-47-31-79-23-25-92-96-9-27-60-40-35-26-58-100-68-67-59-34-80-20-93-13-81-29-22-43-57-42-84-86-91-82-48-83-55-24-54-19-73-89-78-7-77-63-18-44
Ta100x20,5,4,400,0.925,0.025,3,2230503228,17000,6625,6377,6009,5.153611084,v2_avx512bw_vec32_exact_perm,64-51-14-33-32-17-11-98-97-12-99-94-10-2-50-62-38-65-16-69-72-39-85-76-49-74-28-56-90-21-30-52-15-36-3-41-5-37-31-45-35-46-1-26-4-6-9-20-100-70-29-87-22-23-71-47-58-53-8-42-92-66-80-59-40-13-61-60-77-44-88-27-84-68-95-75-82-48-57-96-86-83-91-24-25-55-54-79-81-19-78-7-73-93-89-43-34-63-18-67
Ta100x20,5,4,400,0.925,0.025,4,2230504237,17000,6651,6377,6009,5.195140447,v2_avx512bw_vec32_exact_perm,14-64-32-11-50-16-97-30-38-5-74-61-1-94-10-80-99-12-98-46-33-2-58-65-90-85-76-15-56-69-52-28-53-4-39-100-6-49-9-41-71-72-37-36-95-87-13-3-21-70-20-29-66-25-42-8-34-51-23-17-45-26-81-40-31-92-82-55-75-48-27-35-59-47-57-96-68-60-7-22-88-44-67-77-84-79-73-43-24-86-78-93-19-83-91-54-89-63-18-62
Ta100x20,5,4,400,0.925,0.025,5,2230505246,17000,6663,6377,6009,5.047104201,v2_avx512bw_vec32_exact_perm,33-14-64-32-10-11-97-12-50-56-2-98-30-94-38-5-28-3-90-74-96-75-37-76-92-70-65-87-69-16-41-1-53-8-6-4-17-51-72-71-36-42-39-23-52-60-47-66-45-15-48-35-58-25-99-49-95-85-29-21-86-40-31-22-27-61-46-88-44-80-59-81-34-26-20-91-89-82-57-100-55-84-68-43-13-73-54-24-67-83-9-79-93-7-77-19-78-63-18-62
Ta100x20,5,4,400,0.925,0.025,6,2230506255,17000,6659,6377,6009,5.050527179,v2_avx512bw_vec32_exact_perm,33-51-50-98-14-97-11-5-12-30-38-94-64-39-70-74-32-16-10-72-26-90-76-56-20-25-8-65-28-46-69-21-24-1-61-15-87-37-27-53-2-88-52-91-58-92-85-4-100-75-41-47-40-66-22-6-36-3-42-31-13-29-45-99-81-55-44-34-17-96-82-49-71-68-78-84-80-60-23-59-95-7-86-73-48-93-35-57-83-43-9-67-79-54-19-77-89-63-18-62
Ta100x20,5,4,400,0.925,0.025,7,2230507264,17000,6640,6377,6009,5.146795664,v2_avx512bw_vec32_exact_perm,33-14-64-32-11-50-12-94-38-85-98-10-99-74-39-97-61-90-3-58-75-36-70-1-56-52-30-15-41-82-76-53-20-49-5-31-65-8-25-72-2-87-69-29-71-95-37-28-45-100-68-46-51-26-17-23-92-4-47-22-9-66-79-59-40-27-96-21-81-57-84-13-34-86-16-55-88-35-91-67-80-73-93-89-6-60-83-44-54-43-48-24-78-7-19-42-77-63-18-62
Ta100x20,5,4,400,0.925,0.025,8,2230508273,17000,6608,6377,6009,5.299144721,v2_avx512bw_vec32_exact_perm,33-14-64-11-12-32-30-98-62-97-10-5-94-90-70-39-16-65-74-58-1-50-3-69-49-38-20-41-37-76-85-27-26-72-71-68-61-2-87-28-9-21-52-100-13-56-96-36-53-22-60-92-75-15-8-46-6-42-31-17-82-23-95-81-45-59-51-80-48-4-93-47-88-99-55-40-66-86-29-57-54-35-24-83-79-73-43-19-91-84-78-89-25-7-44-34-67-77-63-18
Ta100x20,5,4,400,0.925,0.025,9,2230509282,17000,6618,6377,6009,5.417067398,v2_avx512bw_vec32_exact_perm,14-64-32-11-5-62-30-12-97-28-16-94-90-10-98-99-3-74-72-85-49-1-52-69-8-33-27-2-41-31-81-38-60-65-50-70-76-53-71-58-39-36-20-6-80-56-46-13-95-23-4-45-47-34-92-61-88-21-15-22-26-86-40-96-37-66-35-17-67-75-84-59-91-25-82-55-57-87-93-100-42-48-68-54-24-29-43-9-7-73-19-83-78-77-89-51-79-44-63-18
Ta100x20,5,4,400,0.925,0.025,10,2230510291,17000,6651,6377,6009,5.391857685,v2_avx512bw_vec32_exact_perm,51-64-32-14-97-11-33-39-12-94-50-85-38-98-30-69-28-74-76-1-27-99-10-2-52-72-70-21-87-36-49-16-65-58-47-90-80-68-25-81-45-60-5-56-41-53-37-20-71-13-22-96-66-23-6-95-15-3-42-8-4-61-46-92-31-57-26-29-59-17-86-55-100-93-54-75-88-79-48-35-44-73-24-40-91-43-67-83-9-34-82-84-78-7-77-19-89-63-18-62
Ta100x20,5,4,400,0.925,0.05,1,2230501210,17000,6640,6377,6009,5.188803058,v2_avx512bw_vec32_exact_perm,64-14-33-30-38-5-50-98-10-62-90-70-97-11-28-74-32-94-100-3-85-76-46-39-1-2-69-87-41-52-66-72-45-17-61-16-15-12-65-56-75-4-24-26-8-71-91-57-29-23-95-36-40-37-47-20-81-51-9-21-49-68-59-13-92-96-53-93-80-35-99-31-88-84-58-67-60-6-86-42-22-25-55-27-43-82-83-48-54-79-19-77-7-89-73-34-63-18-78-44
Ta100x20,5,4,400,0.925,0.05,2,2230502219,17000,6619,6377,6009,5.061469228,v2_avx512bw_vec32_exact_perm,14-33-64-32-62-5-50-11-98-16-10-90-97-94-2-38-12-53-76-28-37-69-88-72-46-56-71-45-85-65-74-57-20-41-100-22-36-24-52-8-21-70-3-15-4-6-66-27-61-1-29-39-31-30-96-17-81-95-75-49-13-58-47-92-23-51-55-26-80-19-87-60-42-99-9-40-82-91-59-68-83-48-35-86-25-93-89-54-84-78-44-7-77-79-43-73-34-63-18-67
Ta100x20,5,4,400,0.925,0.05,3,2230503228,17000,6687,6377,6009,5.282560713,v2_avx512bw_vec32_exact_perm,14-98-33-28-32-11-50-64-90-97-74-12-2-1-87-72-16-69-70-94-62-38-58-15-99-8-49-39-71-10-37-3-52-36-24-76-85-21-60-5-30-23-91-56-4-26-46-81-6-31-9-65-45-61-53-29-75-80-20-86-41-57-54-66-47-40-22-67-17-73-79-27-82-92-42-95-84-88-48-59-89-68-55-35-100-13-83-78-25-93-96-44-43-19-34-7-51-77-63-18
Ta100x20,5,4,400,0.925,0.05,4,2230504237,17000,6612,6377,6009,4.997663651,v2_avx512bw_vec32_exact_perm,14-33-50-11-98-12-64-2-97-32-94-39-62-58-74-10-5-30-90-16-61-72-49-38-56-85-1-37-41-13-65-53-69-92-76-27-70-28-96-86-46-21-95-87-8-17-15-45-52-80-35-71-73-4-36-3-81-23-59-29-26-31-60-51-88-93-75-91-47-100-22-55-82-20-99-42-48-84-6-40-66-79-57-83-54-68-89-19-67-25-9-7-43-24-34-77-63-18-78-44
Ta100x20,5,4,400,0.925,0.05,5,2230505246,17000,6601,6377,6009,5.223319515,v2_avx512bw_vec32_exact_perm,64-14-50-11-33-5-62-10-97-32-16-2-98-12-30-69-38-39-72-99-46-94-92-74-41-60-76-58-9-70-6-52-37-15-87-17-85-3-45-51-100-71-28-21-1-22-65-68-56-80-75-81-61-4-8-36-59-66-27-47-20-49-90-35-29-53-23-24-42-43-31-91-93-55-54-86-26-88-96-40-82-57-95-13-83-25-89-84-7-78-44-79-19-73-34-77-48-63-18-67
Ta100x20,5,4,400,0.925,0.05,6,2230506255,17000,6627,6377,6009,5.255358121,v2_avx512bw_vec32_exact_perm,64-10-98-51-14-33-50-94-38-32-11-2-87-74-72-76-62-97-61-30-85-65-28-58-1-13-56-69-46-91-39-49-86-12-16-5-8-90-52-3-27-4-36-17-95-29-66-92-21-81-20-31-53-82-45-41-80-54-59-37-35-6-70-40-42-99-55-57-22-96-23-15-75-71-60-26-100-48-25-68-88-24-19-89-43-9-7-73-84-67-47-79-77-83-78-44-93-34-63-18
Ta100x20,5,4,400,0.925,0.05,7,2230507264,17000,6626,6377,6009,4.984317214,v2_avx512bw_vec32_exact_perm,64-51-14-33-99-50-97-98-16-32-62-38-94-21-49-11-12-69-26-30-52-9-85-2-39-72-90-17-61-10-41-56-74-100-1-76-68-70-6-87-31-71-65-3-37-46-45-28-81-40-8-75-4-15-95-86-13-96-29-60-5-58-22-93-66-92-44-23-79-36-53-20-35-82-80-83-59-47-55-27-78-57-42-48-91-84-25-7-24-89-73-34-19-88-43-54-77-63-18-67
Ta100x20,5,4,400,0.925,0.05,8,2230508273,17000,6628,6377,6009,5.204365189,v2_avx512bw_vec32_exact_perm,33-14-64-11-50-98-10-32-12-28-49-62-38-30-97-5-16-39-99-58-65-90-1-3-94-61-69-52-74-36-41-37-100-72-76-85-45-8-31-35-46-53-87-15-56-70-20-22-13-2-29-75-91-40-68-26-21-4-27-59-23-42-80-66-48-9-60-92-57-17-96-24-55-71-51-82-81-47-6-88-43-54-95-19-89-73-7-83-67-79-77-86-25-93-34-84-63-18-78-44
Ta100x20,5,4,400,0.925,0.05,9,2230509282,17000,6646,6377,6009,5.291996419,v2_avx512bw_vec32_exact_perm,10-64-98-14-28-33-5-12-32-16-50-74-97-99-11-41-30-61-8-38-52-72-100-25-69-70-45-76-49-65-39-2-90-68-40-87-58-1-6-3-81-4-79-95-92-37-36-46-84-53-29-51-75-56-15-21-88-9-94-86-22-71-60-59-23-66-47-80-85-31-67-26-82-17-96-55-48-44-27-35-42-20-24-19-57-83-78-93-7-73-43-91-62-34-13-89-54-77-63-18
Ta100x20,5,4,400,0.925,0.05,10,2230510291,17000,6634,6377,6009,5.140307733,v2_avx512bw_vec32_exact_perm,14-33-64-5-50-11-28-12-97-10-62-38-32-61-2-74-65-94-37-49-39-72-98-51-90-81-70-16-24-47-85-52-41-76-30-1-6-58-53-8-45-96-21-3-87-27-66-57-69-60-46-9-71-36-75-23-100-95-15-80-92-13-17-56-42-4-79-59-22-91-31-34-99-67-86-83-20-88-40-48-29-55-68-54-26-35-82-25-43-84-93-89-19-7-77-73-63-18-78-44
Ta100x20,5,4,400,0.925,0.075,1,2230501210,17000,6642,6377,6009,5.378332181,v2_avx512bw_vec32_exact_perm,14-33-28-42-32-11-98-12-62-10-64-97-50-74-2-72-38-94-16-75-37-5-36-65-41-69-3-1-56-81-85-52-6-45-23-54-49-90-30-53-26-39-58-4-27-61-46-31-87-76-9-21-66-22-15-82-13-40-29-71-70-8-84-17-68-100-43-96-88-86-60-51-59-80-20-99-47-91-25-95-93-48-44-57-35-19-24-83-92-89-79-55-78-73-7-34-77-63-18-67
Ta100x20,5,4,400,0.925,0.075,2,2230502219,17000,6674,6377,6009,5.448342688,v2_avx512bw_vec32_exact_perm,64-51-98-14-94-11-50-30-97-74-5-39-69-33-17-32-16-87-90-2-12-37-62-10-45-8-58-1-65-6-15-36-66-38-41-46-21-72-31-52-9-28-100-3-70-88-47-61-95-75-71-53-76-13-49-85-60-27-96-23-26-22-24-92-56-4-35-57-40-48-42-29-59-68-20-43-86-82-80-99-93-89-91-81-34-7-79-73-44-77-84-78-55-83-54-67-25-19-63-18
Ta100x20,5,4,400,0.925,0.075,3,2230503228,17000,6670,6377,6009,5.535480137,v2_avx512bw_vec32_exact_perm,14-64-11-50-33-10-12-28-32-16-1-5-97-90-58-30-74-98-99-6-41-15-69-3-38-87-9-8-61-72-94-70-65-84-53-37-25-95-17-66-71-21-45-23-39-51-52-56-46-88-75-29-96-36-57-86-76-59-80-31-2-85-48-40-82-4-100-68-22-92-60-35-49-55-73-81-34-13-20-26-24-42-79-47-44-91-89-27-78-19-83-54-67-7-43-63-18-77-93-62
Ta100x20,5,4,400,0.925,0.075,4,2230504237,17000,6660,6377,6009,5.397864177,v2_avx512bw_vec32_exact_perm,64-51-32-33-12-50-70-14-11-97-10-2-94-74-98-62-90-38-76-87-3-39-56-35-45-36-58-61-65-85-73-69-49-95-52-15-5-72-17-75-47-8-28-41-71-37-16-1-4-31-22-99-42-6-21-88-40-20-53-23-81-66-84-60-46-100-82-59-67-13-79-25-57-26-80-30-91-86-93-78-27-48-55-29-43-96-83-92-7-24-9-19-34-77-89-68-54-44-63-18
Ta100x20,5,4,400,0.925,0.075,5,2230505246,17000,6665,6377,6009,5.293712178,v2_avx512bw_vec32_exact_perm,51-14-11-98-50-64-32-62-97-16-1-65-38-39-5-74-12-30-72-94-37-4-76-69-71-33-24-49-85-46-21-53-87-23-99-8-27-70-52-60-68-10-35-36-80-95-26-41-58-61-92-15-13-90-22-6-28-66-20-42-2-31-40-78-47-96-83-29-44-57-75-3-81-45-100-48-56-82-25-91-59-79-34-84-9-77-86-19-17-43-93-67-88-55-89-73-7-54-63-18
Ta100x20,5,4,400,0.925,0.075,6,2230506255,17000,6610,6377,6009,5.604828449,v2_avx512bw_vec32_exact_perm,14-64-5-10-32-33-50-12-99-62-30-11-97-98-17-39-56-16-37-65-90-15-94-74-69-38-49-21-3-68-2-6-72-28-1-51-76-52-53-36-87-45-27-46-34-23-41-8-61-85-58-29-20-55-84-47-70-75-92-40-42-25-95-91-4-80-100-96-26-81-59-22-31-57-60-71-79-66-35-48-24-88-82-93-9-19-89-73-13-83-86-43-7-54-67-77-63-18-78-44
Ta100x20,5,4,400,0.925,0.075,7,2230507264,17000,6640,6377,6009,5.673167985,v2_avx512bw_vec32_exact_perm,64-51-14-30-50-38-97-12-33-69-98-94-62-32-53-11-72-10-90-5-56-2-41-16-76-21-3-52-74-86-20-8-70-99-58-1-49-39-9-95-35-15-46-88-75-36-28-6-45-65-71-37-85-29-87-84-23-61-60-47-55-68-59-4-13-66-80-31-81-17-40-26-57-100-92-42-24-22-93-82-83-54-79-96-67-25-27-48-7-19-43-91-77-89-73-34-63-18-78-44
Ta100x20,5,4,400,0.925,0.075,8,2230508273,17000,6691,6377,6009,5.463928767,v2_avx512bw_vec32_exact_perm,51-14-97-64-50-30-11-12-32-10-61-16-70-5-74-45-69-33-36-38-49-1-99-98-22-100-56-76-39-37-2-90-94-25-28-52-53-92-72-58-85-27-41-3-65-21-46-71-59-20-24-80-31-40-87-8-4-95-81-17-23-57-47-68-66-55-6-96-42-60-26-75-29-35-54-15-13-78-48-44-7-43-86-84-88-9-79-67-83-93-89-82-73-34-91-19-77-63-18-62
Ta100x20,5,4,400,0.925,0.075,9,2230509282,17000,6616,6377,6009,5.475329911,v2_avx512bw_vec32_exact_perm,51-32-62-14-30-33-50-12-97-28-37-10-39-98-5-85-38-61-3-74-65-90-49-70-46-1-99-72-69-94-11-8-58-53-76-27-41-95-36-17-100-87-13-52-80-22-16-2-56-21-15-9-64-40-4-26-66-79-92-47-45-71-6-86-23-59-42-81-20-96-24-88-31-78-35-19-25-93-60-75-57-44-82-55-54-83-68-48-29-89-7-43-84-91-73-34-77-67-63-18
Ta100x20,5,4,400,0.925,0.075,10,2230510291,17000,6665,6377,6009,5.778866981,v2_avx512bw_vec32_exact_perm,14-64-50-11-62-94-38-99-58-98-12-30-10-39-5-33-76-90-16-75-32-28-97-31-69-2-72-70-21-40-20-74-3-1-52-65-6-27-46-68-56-49-53-91-15-55-36-86-45-71-23-37-61-80-85-8-100-96-34-81-44-29-59-4-35-26-95-92-88-41-47-87-82-60-66-84-24-54-7-42-13-22-89-17-73-57-67-51-48-79-9-83-43-19-78-25-93-77-63-18
Ta100x20,5,4,400,0.925,0.1,1,2230501210,17000,6643,6377,6009,5.757860406,v2_avx512bw_vec32_exact_perm,64-10-32-62-33-11-50-97-98-94-16-17-12-30-2-8-14-65-72-69-38-3-85-37-86-28-61-26-90-45-1-53-75-74-100-49-39-76-99-59-70-6-58-22-41-46-40-20-56-81-52-96-5-36-66-42-23-4-27-29-95-21-87-51-15-9-92-13-67-57-80-54-93-47-31-35-79-60-71-68-83-84-91-24-82-25-55-34-88-19-89-7-43-73-77-48-63-18-78-44
Ta100x20,5,4,400,0.925,0.1,2,2230502219,17000,6690,6377,6009,5.838349499,v2_avx512bw_vec32_exact_perm,25-32-11-14-50-97-16-13-64-30-33-39-98-90-94-2-72-85-12-58-70-3-38-8-56-10-76-86-53-1-31-41-5-37-15-52-69-35-28-60-75-49-4-65-95-6-93-9-20-74-21-91-26-23-34-87-71-45-55-17-59-42-47-81-36-84-22-80-51-92-82-27-48-40-29-99-46-19-83-68-78-79-96-100-66-44-24-73-57-54-89-88-43-61-67-7-77-18-63-62
Ta100x20,5,4,400,0.925,0.1,3,2230503228,17000,6633,6377,6009,5.70186858,v2_avx512bw_vec32_exact_perm,14-64-12-50-11-30-62-32-74-33-98-97-39-76-90-1-10-2-87-16-27-52-69-70-5-41-17-61-53-51-3-13-37-94-15-25-100-6-58-47-81-36-66-46-65-56-28-38-23-4-85-8-20-75-45-9-42-71-59-57-80-29-22-21-31-49-40-68-48-60-35-91-96-99-92-84-24-82-88-95-93-26-86-73-55-79-72-43-7-54-44-77-19-83-89-67-78-34-63-18
Ta100x20,5,4,400,0.925,0.1,4,2230504237,17000,6669,6377,6009,5.70087393,v2_avx512bw_vec32_exact_perm,25-74-64-12-32-14-50-98-10-58-94-38-69-5-16-91-80-39-90-1-56-28-97-70-11-85-76-3-33-59-53-6-2-62-31-52-37-49-23-72-75-65-71-36-46-4-60-8-24-20-29-88-26-66-41-27-21-40-30-45-51-92-96-15-47-57-13-82-87-95-68-22-100-55-48-61-99-79-17-35-42-84-83-9-44-86-34-81-93-54-19-43-78-89-73-7-77-63-18-67
Ta100x20,5,4,400,0.925,0.1,5,2230505246,17000,6639,6377,6009,6.150244276,v2_avx512bw_vec32_exact_perm,33-14-64-10-32-50-98-12-11-94-69-97-62-16-65-1-99-58-72-56-76-74-61-95-46-17-81-20-8-22-28-49-5-38-37-90-70-52-39-71-47-3-66-15-21-85-26-36-59-86-79-93-13-51-30-27-87-45-80-31-23-60-92-82-4-29-9-53-96-34-40-2-6-55-78-75-100-42-24-88-41-83-48-84-43-91-35-89-68-73-57-67-25-19-44-54-7-77-63-18
Ta100x20,5,4,400,0.925,0.1,6,2230506255,17000,6640,6377,6009,4.999397778,v2_avx512bw_vec32_exact_perm,51-14-11-32-28-30-64-12-50-98-97-49-62-95-38-16-2-90-33-39-1-69-56-15-85-94-10-87-53-8-17-46-52-71-74-80-3-31-41-72-5-36-23-20-26-22-4-76-59-58-60-66-21-37-70-82-42-9-75-45-61-40-13-57-81-48-100-88-65-6-96-99-27-47-35-54-68-83-92-25-67-89-29-79-93-77-84-55-7-43-91-86-19-73-24-34-63-18-78-44
Ta100x20,5,4,400,0.925,0.1,7,2230507264,17000,6651,6377,6009,5.613079861,v2_avx512bw_vec32_exact_perm,14-64-30-33-50-70-11-39-90-38-58-32-98-95-94-85-10-74-12-69-56-97-49-41-65-2-62-28-1-13-16-37-72-76-75-87-71-4-99-22-8-91-100-36-20-21-46-47-3-9-27-17-81-53-52-59-15-80-5-45-31-88-42-6-29-66-61-35-92-60-51-43-26-23-86-93-96-57-24-34-83-67-40-68-48-89-82-84-25-19-55-79-73-7-54-77-63-18-78-44
Ta100x20,5,4,400,0.925,0.1,8,2230508273,17000,6634,6377,6009,5.104192988,v2_avx512bw_vec32_exact_perm,64-33-62-98-14-97-50-38-49-10-12-56-32-17-5-74-15-13-76-16-95-28-39-69-41-60-37-11-1-65-90-75-2-45-46-35-52-94-70-81-71-20-72-8-3-61-4-87-30-58-80-31-85-88-34-47-21-66-53-92-96-100-27-68-40-9-57-23-22-82-24-42-29-36-59-86-99-91-55-84-73-89-7-51-6-43-79-93-26-54-67-83-25-48-19-77-63-18-78-44
Ta100x20,5,4,400,0.925,0.1,9,2230509282,17000,6656,6377,6009,5.405990805,v2_avx512bw_vec32_exact_perm,14-30-33-5-12-98-10-32-62-70-97-1-38-28-52-61-50-71-64-37-94-2-58-87-16-65-69-74-11-39-26-49-72-75-90-76-8-17-13-59-56-42-4-95-80-100-93-23-36-20-82-53-46-31-60-86-15-3-22-41-85-29-51-6-9-66-21-27-81-48-92-57-88-45-40-99-79-24-91-68-84-96-47-55-83-67-35-25-54-7-73-43-34-77-89-19-63-18-78-44
Ta100x20,5,4,400,0.925,0.1,10,2230510291,17000,6631,6377,6009,5.455404232,v2_avx512bw_vec32_exact_perm,64-33-14-5-39-10-98-70-97-85-12-11-62-32-76-74-94-81-24-52-58-1-30-72-49-65-15-99-69-16-90-17-71-41-3-50-38-22-75-34-60-4-23-28-37-6-36-8-78-46-59-20-45-56-26-84-53-51-40-29-86-91-27-47-2-68-35-66-21-67-31-42-61-79-25-92-95-57-87-82-93-48-9-19-80-88-96-44-83-100-89-77-7-73-43-13-55-54-63-18
Ta100x20,5,4,400,0.925,0.125,1,2230501210,17000,6586,6377,6009,5.450389135,v2_avx512bw_vec32_exact_perm,33-14-64-32-50-36-10-11-98-97-12-16-94-30-61-90-87-74-1-69-38-51-76-100-72-39-28-70-85-45-58-37-13-3-8-27-9-46-91-15-2-41-99-62-52-86-21-65-4-59-6-17-31-95-23-40-60-5-80-20-56-35-88-71-96-92-29-47-66-49-42-53-57-81-24-73-22-75-82-7-25-26-83-44-79-54-55-93-77-48-84-68-34-89-78-43-19-63-18-67
Ta100x20,5,4,400,0.925,0.125,2,2230502219,17000,6642,6377,6009,5.102559066,v2_avx512bw_vec32_exact_perm,51-14-33-50-94-5-97-64-16-53-69-58-32-10-39-11-2-56-98-28-65-30-12-72-70-46-1-90-37-76-99-41-31-38-52-49-75-91-8-36-61-60-40-85-81-80-6-4-21-13-100-22-24-15-71-20-74-45-66-59-42-23-67-47-79-27-95-57-25-92-3-26-82-88-96-29-48-68-84-78-93-19-87-17-44-55-62-86-43-9-54-73-35-7-34-77-83-89-63-18
Ta100x20,5,4,400,0.925,0.125,3,2230503228,17000,6666,6377,6009,5.132948147,v2_avx512bw_vec32_exact_perm,51-5-38-98-32-64-97-62-99-74-12-94-28-86-50-10-16-49-1-30-21-72-2-33-39-56-3-41-11-76-65-69-15-37-52-20-14-70-27-71-58-80-35-36-17-23-59-47-85-4-96-8-81-90-55-60-66-46-31-92-48-88-40-95-26-53-29-13-87-6-22-79-45-84-9-75-100-61-93-91-57-42-82-73-44-89-68-24-54-83-34-67-25-78-7-77-43-19-63-18
Ta100x20,5,4,400,0.925,0.125,4,2230504237,17000,6630,6377,6009,5.251350243,v2_avx512bw_vec32_exact_perm,33-14-64-11-39-62-32-98-50-12-97-74-69-5-71-8-87-85-76-58-72-16-30-38-17-51-10-95-37-13-49-1-3-56-41-46-88-21-59-86-90-27-36-94-53-70-23-6-15-65-81-28-31-2-60-52-99-55-45-75-4-61-66-26-68-29-84-82-96-35-91-42-92-20-40-79-47-22-93-9-100-24-7-57-89-67-77-83-78-48-25-19-43-80-73-54-44-34-63-18
Ta100x20,5,4,400,0.925,0.125,5,2230505246,17000,6646,6377,6009,5.209583078,v2_avx512bw_vec32_exact_perm,98-64-50-62-32-33-97-12-30-10-2-11-65-1-94-42-5-16-56-74-87-8-72-38-92-71-28-45-39-66-21-46-86-80-70-90-69-49-52-36-3-59-37-82-95-58-76-53-61-4-31-29-15-99-23-13-55-17-41-6-75-40-96-22-51-27-57-9-85-26-83-14-84-20-47-79-81-91-100-93-73-60-35-88-68-54-25-19-48-24-34-67-43-7-77-89-63-18-78-44
Ta100x20,5,4,400,0.925,0.125,6,2230506255,17000,6614,6377,6009,5.043560632,v2_avx512bw_vec32_exact_perm,64-51-98-12-14-32-10-50-11-97-15-69-94-33-1-87-37-65-28-95-62-2-16-58-39-90-100-72-38-49-22-30-85-76-54-52-3-21-41-74-61-70-20-13-53-4-5-56-46-88-86-17-43-42-34-59-40-80-31-8-45-23-36-75-25-60-6-66-9-96-29-92-82-84-57-91-26-73-71-99-55-24-78-83-48-68-35-7-44-47-27-19-81-93-79-77-89-63-18-67
Ta100x20,5,4,400,0.925,0.125,7,2230507264,17000,6665,6377,6009,5.038877726,v2_avx512bw_vec32_exact_perm,64-51-50-33-62-98-14-5-10-90-94-16-2-38-39-56-100-11-95-32-15-97-72-85-41-37-99-49-76-74-12-35-30-1-81-69-65-70-17-3-58-87-6-27-28-53-36-40-45-20-22-21-75-60-46-86-23-66-47-29-92-91-61-8-52-71-82-26-42-4-59-54-88-13-77-31-80-48-93-96-57-34-44-19-68-89-43-24-9-79-84-83-78-25-55-73-67-7-63-18
Ta100x20,5,4,400,0.925,0.125,8,2230508273,17000,6664,6377,6009,5.149382,v2_avx512bw_vec32_exact_perm,33-14-64-50-30-12-11-97-58-98-62-1-32-74-10-76-37-38-39-3-65-41-69-21-16-56-15-94-99-46-72-49-70-42-52-100-40-29-91-68-82-28-85-92-20-36-61-66-45-31-59-2-86-81-35-47-87-84-51-5-95-80-22-53-13-23-4-90-83-6-71-54-8-24-75-27-9-96-60-88-25-57-17-34-48-44-26-93-79-78-43-55-19-73-89-7-77-63-18-67
Ta100x20,5,4,400,0.925,0.125,9,2230509282,17000,6656,6377,6009,4.983080166,v2_avx512bw_vec32_exact_perm,14-98-33-64-11-50-12-16-10-32-5-74-97-30-69-41-28-95-90-76-91-39-17-1-85-56-94-3-72-52-27-21-20-47-71-61-2-49-35-70-36-58-38-62-8-46-4-37-65-53-45-6-13-96-31-51-15-24-29-54-81-68-80-59-92-89-40-26-75-23-60-87-22-66-84-82-88-86-99-79-42-100-93-57-25-19-67-7-73-83-9-43-55-34-48-78-44-77-63-18
Ta100x20,5,4,400,0.925,0.125,10,2230510291,17000,6615,6377,6009,4.958440657,v2_avx512bw_vec32_exact_perm,14-64-30-98-50-11-38-32-28-12-69-97-2-37-16-56-10-85-76-52-21-1-94-74-62-41-45-70-90-87-4-17-100-95-29-72-27-39-15-31-65-3-53-8-51-5-34-61-26-24-91-71-86-60-81-92-82-96-88-99-48-93-47-13-80-22-46-73-49-40-59-79-36-20-66-23-57-84-42-68-6-33-35-25-43-9-83-54-19-55-67-58-75-7-77-63-89-18-78-44
Ta100x20,5,4,400,0.9625,0.025,1,2230501210,17000,6666,6377,6009,5.28707689,v2_avx512bw_vec32_exact_perm,14-50-16-64-11-62-32-33-72-97-25-30-12-98-85-94-69-28-10-65-39-74-46-53-56-5-45-2-76-90-41-8-42-20-92-37-75-3-61-1-52-27-13-4-47-21-58-96-99-31-70-88-100-15-40-26-49-29-79-66-6-71-9-22-35-38-48-87-59-80-60-36-23-54-68-86-81-44-84-34-89-24-82-7-57-95-93-83-19-17-78-43-73-91-77-67-55-51-63-18
Ta100x20,5,4,400,0.9625,0.025,2,2230502219,17000,6679,6377,6009,5.465192336,v2_avx512bw_vec32_exact_perm,14-50-10-11-5-39-98-97-12-30-64-70-94-90-1-17-37-16-65-32-61-74-33-36-72-35-49-38-69-9-51-58-99-76-52-27-28-8-15-85-95-3-46-41-31-92-4-71-23-53-88-47-56-6-80-21-59-66-60-87-40-2-45-29-86-42-26-54-55-82-81-96-57-20-44-68-75-25-91-7-48-34-24-84-78-83-22-77-13-100-89-79-73-67-19-18-93-43-63-62
Ta100x20,5,4,400,0.9625,0.025,3,2230503228,17000,6661,6377,6009,5.180450447,v2_avx512bw_vec32_exact_perm,14-64-65-32-11-97-10-98-12-50-58-16-33-62-90-28-2-3-41-37-70-39-74-94-61-100-15-69-1-53-8-87-29-30-99-76-85-72-31-23-6-45-35-5-38-56-86-52-4-40-95-91-92-21-71-46-49-60-36-75-9-59-82-20-80-84-51-42-17-22-27-66-47-88-54-26-81-19-68-96-55-13-79-57-89-73-25-24-43-83-48-78-44-93-7-67-34-77-63-18
Ta100x20,5,4,400,0.9625,0.025,4,2230504237,17000,6661,6377,6009,5.336453493,v2_avx512bw_vec32_exact_perm,33-12-14-64-50-10-16-98-32-5-56-11-97-39-30-66-90-65-94-62-58-99-49-52-69-15-1-41-28-3-37-72-74-38-21-8-22-25-60-6-70-87-85-26-9-36-46-61-27-76-47-42-31-92-53-4-96-100-81-24-75-59-29-40-13-45-71-2-91-19-83-35-80-20-57-23-95-55-84-54-48-79-68-88-44-82-17-43-34-86-89-78-73-93-7-67-77-51-63-18
Ta100x20,5,4,400,0.9625,0.025,5,2230505246,17000,6637,6377,6009,5.381067022,v2_avx512bw_vec32_exact_perm,14-64-32-11-16-70-12-10-5-98-50-30-97-74-2-61-38-72-1-58-90-8-28-99-37-41-94-33-62-53-88-36-46-69-52-76-85-45-15-31-25-22-3-13-56-17-66-80-59-21-65-84-6-35-75-49-55-39-71-4-86-29-92-96-93-26-42-23-60-82-20-27-47-24-40-100-81-48-89-68-34-91-57-87-79-73-83-9-67-43-95-54-78-44-7-19-77-63-18-51
Ta100x20,5,4,400,0.9625,0.025,6,2230506255,17000,6652,6377,6009,5.201302231,v2_avx512bw_vec32_exact_perm,14-64-10-50-12-62-5-30-38-98-69-97-49-11-85-33-3-99-70-90-53-52-76-39-65-31-72-1-28-9-80-16-6-15-94-61-51-27-88-60-41-37-87-46-8-36-66-75-2-21-17-74-54-58-92-56-86-23-4-71-96-59-29-40-42-81-45-95-68-26-32-79-47-84-44-35-20-22-100-48-82-57-73-24-91-19-83-25-55-43-7-78-93-13-77-89-34-63-18-67
Ta100x20,5,4,400,0.9625,0.025,7,2230507264,17000,6624,6377,6009,5.111799764,v2_avx512bw_vec32_exact_perm,14-64-32-10-11-50-2-12-98-62-33-38-85-94-28-3-69-97-30-16-90-72-41-15-51-76-5-99-65-37-56-6-74-1-80-17-59-88-20-52-9-39-21-53-49-45-46-31-61-58-22-8-70-47-71-75-4-42-66-87-29-60-13-54-36-95-92-100-96-48-40-35-81-26-67-27-68-86-57-23-82-83-79-25-55-77-91-84-7-89-73-24-93-43-19-78-44-34-63-18
Ta100x20,5,4,400,0.9625,0.025,8,2230508273,17000,6605,6377,6009,5.20398083,v2_avx512bw_vec32_exact_perm,33-14-64-50-11-10-5-97-71-30-94-32-87-98-85-12-38-62-16-70-72-90-74-2-95-41-1-3-69-47-49-53-4-39-76-100-23-8-46-28-58-65-37-45-52-51-75-99-15-56-40-21-6-96-27-42-13-66-61-92-81-17-36-67-59-80-31-86-29-83-26-68-60-82-20-22-35-48-24-88-57-25-93-55-43-54-78-7-77-19-84-89-91-79-73-9-44-34-63-18
Ta100x20,5,4,400,0.9625,0.025,9,2230509282,17000,6624,6377,6009,5.238914278,v2_avx512bw_vec32_exact_perm,33-14-64-10-32-11-94-12-50-97-98-99-5-3-62-1-53-74-90-30-2-76-58-28-85-8-16-75-56-6-72-49-38-46-15-69-26-41-52-39-65-70-60-13-71-96-17-29-61-59-36-47-80-20-37-23-25-22-88-55-40-27-66-92-100-35-45-95-42-4-21-48-79-91-84-57-9-31-81-54-51-93-82-77-89-34-86-87-83-68-73-67-43-24-7-19-78-44-63-18
Ta100x20,5,4,400,0.9625,0.025,10,2230510291,17000,6636,6377,6009,5.131448794,v2_avx512bw_vec32_exact_perm,64-51-14-33-10-12-32-62-97-30-98-11-72-50-16-94-74-5-2-38-39-90-8-1-76-65-17-95-36-87-49-46-37-70-53-56-81-4-41-60-45-75-91-61-52-20-58-71-6-26-15-21-85-99-13-22-28-69-47-3-43-40-92-42-96-31-66-59-80-35-29-23-24-67-100-25-48-88-82-83-55-27-68-57-84-86-54-73-79-44-93-34-78-9-19-89-77-7-63-18
Ta100x20,5,4,400,0.9625,0.05,1,2230501210,17000,6631,6377,6009,4.978454778,v2_avx512bw_vec32_exact_perm,64-98-62-33-50-94-11-5-16-97-10-12-32-14-45-90-37-28-56-3-69-1-61-74-20-85-39-53-65-29-21-99-30-76-15-82-100-95-70-4-87-38-23-6-49-60-36-46-72-41-8-71-59-47-26-9-51-57-81-75-79-2-80-31-66-40-22-13-58-27-42-25-48-24-55-92-91-52-96-89-35-17-88-86-43-93-54-78-84-73-83-67-19-68-77-7-44-34-63-18
Ta100x20,5,4,400,0.9625,0.05,2,2230502219,17000,6673,6377,6009,5.080409338,v2_avx512bw_vec32_exact_perm,25-64-51-58-30-32-17-50-98-11-90-12-39-33-97-94-70-49-14-37-1-27-16-72-65-74-3-38-85-69-76-53-6-10-41-46-61-15-40-26-8-99-87-13-95-56-21-71-9-4-29-28-80-59-52-23-91-100-31-2-20-47-68-92-75-22-54-45-57-60-79-67-83-42-5-86-66-73-55-78-89-84-88-93-44-82-19-81-96-24-36-7-43-48-35-34-62-77-63-18
Ta100x20,5,4,400,0.9625,0.05,3,2230503228,17000,6665,6377,6009,5.336130195,v2_avx512bw_vec32_exact_perm,14-64-5-85-32-97-62-99-10-16-98-2-46-12-94-50-39-72-11-49-38-3-52-8-17-90-28-30-61-56-29-69-22-76-100-36-33-74-65-41-13-15-40-37-81-95-6-1-26-80-58-87-71-66-31-45-42-59-70-48-53-88-21-60-51-47-68-82-96-20-93-35-23-92-4-75-34-54-79-44-84-24-43-73-91-57-83-67-9-19-86-25-55-27-89-7-77-78-63-18
Ta100x20,5,4,400,0.9625,0.05,4,2230504237,17000,6648,6377,6009,5.171717401,v2_avx512bw_vec32_exact_perm,64-51-98-14-33-97-32-12-11-38-94-39-50-90-49-62-5-56-74-87-37-72-69-76-26-70-30-58-71-28-21-27-2-20-95-85-75-3-22-1-16-52-41-88-10-57-36-65-46-31-59-47-8-100-53-45-66-29-15-61-92-35-34-81-23-13-40-67-60-86-80-4-17-96-68-89-99-42-93-9-6-83-48-82-84-79-25-91-7-24-55-78-19-43-73-54-44-77-63-18
Ta100x20,5,4,400,0.9625,0.05,5,2230505246,17000,6631,6377,6009,5.301439424,v2_avx512bw_vec32_exact_perm,14-64-50-11-62-98-12-30-32-56-16-85-10-33-38-72-90-49-46-94-1-28-95-87-76-2-69-52-37-70-39-41-8-97-15-3-59-67-5-60-58-79-36-21-24-27-57-26-92-65-71-86-4-20-80-23-96-31-74-88-81-93-29-99-51-75-47-66-91-100-55-61-13-45-40-82-53-83-42-9-48-22-54-84-43-6-19-35-17-68-89-25-73-7-34-77-63-18-78-44
Ta100x20,5,4,400,0.9625,0.05,6,2230506255,17000,6675,6377,6009,5.377927824,v2_avx512bw_vec32_exact_perm,33-14-50-64-38-97-32-62-69-10-98-30-12-11-42-16-2-5-39-6-41-94-90-74-49-76-37-1-28-100-72-56-46-70-15-21-58-26-9-85-52-60-81-47-92-40-8-23-27-45-22-53-87-71-99-29-51-91-75-36-65-20-3-80-96-84-59-66-54-31-82-4-89-95-57-88-34-17-68-61-43-35-19-24-67-25-7-83-86-93-48-79-73-77-78-55-13-63-18-44
Ta100x20,5,4,400,0.9625,0.05,7,2230507264,17000,6655,6377,6009,5.290642193,v2_avx512bw_vec32_exact_perm,51-14-98-97-50-64-62-12-32-65-10-28-76-11-39-90-58-85-16-33-75-2-30-95-72-17-94-38-1-87-3-49-70-69-37-41-52-45-74-53-15-36-47-23-71-6-61-56-42-27-4-100-31-5-21-8-20-35-60-46-26-66-68-96-13-93-40-92-86-80-81-99-55-54-88-22-84-24-59-79-91-25-89-34-29-82-57-67-83-7-19-9-77-48-78-73-43-63-18-44
Ta100x20,5,4,400,0.9625,0.05,8,2230508273,17000,6657,6377,6009,5.354752797,v2_avx512bw_vec32_exact_perm,14-33-32-11-64-30-58-5-94-38-16-50-76-98-12-62-28-37-61-97-69-87-15-39-85-10-3-90-74-36-53-56-20-81-8-60-72-45-71-21-4-6-9-51-1-52-17-46-31-57-75-49-47-95-65-2-13-41-68-70-78-29-40-35-93-26-92-23-80-66-27-86-84-48-44-59-82-100-96-88-22-24-34-55-79-91-99-42-83-19-43-54-89-25-7-73-77-63-18-67
Ta100x20,5,4,400,0.9625,0.05,9,2230509282,17000,6646,6377,6009,5.573374608,v2_avx512bw_vec32_exact_perm,64-14-33-32-39-62-74-5-28-97-12-50-21-58-70-11-16-76-85-10-98-90-81-94-37-95-56-38-1-15-53-41-66-30-3-69-71-46-72-49-87-45-8-68-2-17-31-92-6-96-75-4-23-91-35-60-61-29-40-65-52-36-88-93-48-47-20-86-27-22-99-59-80-42-26-57-9-34-73-67-25-84-55-82-19-100-43-24-83-78-13-54-79-89-7-77-51-44-63-18
Ta100x20,5,4,400,0.9625,0.05,10,2230510291,17000,6595,6377,6009,5.535126428,v2_avx512bw_vec32_exact_perm,14-64-32-10-11-97-12-50-62-38-30-69-98-65-33-52-39-85-61-49-2-72-36-27-16-28-90-56-94-76-74-15-1-8-53-23-71-26-25-46-95-41-58-5-70-75-40-66-3-37-29-81-4-87-6-20-42-92-47-57-51-60-13-21-45-80-9-17-48-31-22-82-79-59-88-100-96-99-19-35-86-73-44-24-68-55-93-89-34-83-91-84-78-7-43-54-77-67-63-18
Ta100x20,5,4,400,0.9625,0.075,1,2230501210,17000,6647,6377,6009,5.335159946,v2_avx512bw_vec32_exact_perm,33-14-51-64-30-50-10-98-97-32-11-70-85-12-3-13-94-62-65-56-28-24-74-37-58-38-72-61-21-49-39-52-15-4-1-2-69-16-41-8-22-36-90-31-46-86-53-66-82-80-27-5-60-71-35-23-84-81-29-59-76-40-45-92-75-26-95-17-87-96-55-88-43-68-47-20-79-9-91-99-42-54-6-83-25-93-73-100-57-7-34-89-48-78-44-19-77-63-18-67
Ta100x20,5,4,400,0.9625,0.075,2,2230502219,17000,6661,6377,6009,5.347424213,v2_avx512bw_vec32_exact_perm,14-64-16-50-32-10-97-11-30-94-98-90-58-5-74-33-28-2-15-62-69-81-70-37-75-99-76-1-85-52-72-36-49-38-13-61-29-41-56-20-3-100-35-17-31-8-21-27-53-87-4-39-68-60-91-65-42-92-12-45-95-46-22-66-57-59-80-93-40-26-82-48-51-86-96-23-47-84-25-88-71-54-55-6-79-44-83-24-78-89-73-9-43-34-7-77-67-63-19-18
Ta100x20,5,4,400,0.9625,0.075,3,2230503228,17000,6661,6377,6009,5.528837903,v2_avx512bw_vec32_exact_perm,33-14-50-5-38-10-32-12-16-41-62-98-30-90-64-53-11-66-100-97-76-89-69-71-81-94-39-72-70-1-3-74-85-2-56-6-28-36-46-20-87-60-57-65-58-4-29-8-37-61-15-23-52-49-91-40-21-75-79-27-92-95-9-31-26-43-47-80-42-59-82-99-68-22-51-35-17-54-96-83-13-73-24-55-88-44-86-45-84-19-78-48-25-7-67-93-77-34-63-18
Ta100x20,5,4,400,0.9625,0.075,4,2230504237,17000,6624,6377,6009,5.380073129,v2_avx512bw_vec32_exact_perm,14-10-5-30-33-67-98-64-32-90-2-94-52-97-16-76-39-50-1-72-21-49-62-3-74-28-56-38-11-85-82-20-66-58-36-70-41-87-60-65-12-69-61-45-53-31-13-42-37-46-6-15-17-47-92-40-29-23-71-27-8-22-4-96-100-88-80-51-93-81-86-59-83-57-55-68-54-75-26-99-95-84-91-43-9-79-35-25-7-48-19-24-73-89-34-77-63-18-78-44
Ta100x20,5,4,400,0.9625,0.075,5,2230505246,17000,6658,6377,6009,5.410886773,v2_avx512bw_vec32_exact_perm,14-64-50-49-11-62-98-69-12-10-5-97-81-32-39-28-87-74-94-30-16-100-1-37-90-76-85-46-3-38-41-15-80-66-42-33-60-56-13-2-21-31-65-8-71-99-72-45-9-52-88-51-59-58-92-36-53-35-75-6-26-70-4-61-91-47-20-29-24-40-23-82-22-54-27-96-83-93-68-48-44-17-95-57-89-86-84-7-55-77-43-79-78-19-73-67-25-34-63-18
Ta100x20,5,4,400,0.9625,0.075,6,2230506255,17000,6653,6377,6009,5.42047206,v2_avx512bw_vec32_exact_perm,33-14-30-64-11-50-32-97-98-62-16-28-69-10-52-5-74-76-41-85-99-15-38-94-21-56-90-71-65-1-12-3-37-72-39-68-2-49-58-70-47-8-88-75-29-20-36-4-54-23-53-82-31-66-45-87-61-57-35-60-91-46-59-95-17-26-92-40-13-22-81-80-86-51-9-42-100-55-79-96-24-93-27-44-43-83-84-48-6-89-19-77-25-78-7-73-67-34-63-18
Ta100x20,5,4,400,0.9625,0.075,7,2230507264,17000,6667,6377,6009,5.445276864,v2_avx512bw_vec32_exact_perm,33-64-14-32-50-11-5-74-12-98-76-30-97-62-58-10-2-39-61-1-94-3-37-28-21-56-38-85-66-52-72-49-29-90-100-41-46-96-70-9-13-4-69-16-53-8-51-20-65-24-42-87-15-6-45-59-92-81-60-23-36-88-19-71-95-31-57-26-75-17-22-82-48-91-44-99-47-27-80-40-86-84-25-83-68-78-79-43-54-35-93-89-73-55-7-77-67-34-63-18
Ta100x20,5,4,400,0.9625,0.075,8,2230508273,17000,6637,6377,6009,5.731218667,v2_avx512bw_vec32_exact_perm,64-33-51-62-32-98-50-97-11-10-14-39-5-61-65-69-71-2-58-85-3-94-74-38-72-28-12-16-49-30-15-56-37-31-52-41-76-90-1-21-4-8-80-95-70-53-6-59-99-9-46-66-57-54-87-27-47-40-96-23-88-91-92-20-36-79-24-26-45-75-60-55-81-100-29-48-84-82-22-68-17-35-42-86-25-43-67-93-13-83-78-77-7-19-73-89-44-34-63-18
Ta100x20,5,4,400,0.9625,0.075,9,2230509282,17000,6661,6377,6009,5.497362107,v2_avx512bw_vec32_exact_perm,25-33-50-97-10-32-64-12-14-49-30-39-85-28-98-69-15-72-90-65-3-74-38-21-52-11-36-94-76-92-1-41-17-16-23-95-4-37-87-56-5-27-58-81-6-26-96-71-100-70-62-8-35-60-59-61-47-43-2-75-45-40-86-79-9-80-31-22-29-13-53-66-84-46-20-42-88-83-55-24-91-7-48-82-99-73-57-68-93-77-34-54-67-89-19-63-18-78-51-44
Ta100x20,5,4,400,0.9625,0.075,10,2230510291,17000,6704,6377,6009,6.241857218,v2_avx512bw_vec32_exact_perm,51-14-94-12-11-5-30-98-50-33-97-90-72-70-2-28-1-16-74-64-65-67-32-10-37-17-56-39-76-69-20-85-87-45-49-58-71-53-38-47-8-29-92-100-41-25-52-31-95-21-26-66-23-42-27-22-36-6-35-88-55-15-4-61-40-80-99-75-34-91-3-46-82-60-59-86-93-48-79-73-57-68-84-24-81-54-13-96-7-83-9-44-43-78-77-19-89-63-18-62
Ta100x20,5,4,400,0.9625,0.1,1,2230501210,17000,6648,6377,6009,5.205177328,v2_avx512bw_vec32_exact_perm,14-64-10-11-50-33-12-97-32-30-62-98-41-16-6-5-95-38-2-65-39-69-85-36-87-37-17-76-56-74-1-96-61-71-70-27-72-59-52-15-53-3-8-4-100-94-26-9-86-90-20-46-47-75-99-80-23-45-92-42-54-68-21-58-28-81-82-66-29-35-31-84-88-79-40-55-51-22-57-49-60-13-73-83-78-24-43-89-25-93-91-19-7-48-77-44-34-67-63-18
Ta100x20,5,4,400,0.9625,0.1,2,2230502219,17000,6683,6377,6009,5.308621199,v2_avx512bw_vec32_exact_perm,98-64-51-62-32-14-97-50-56-12-16-30-38-80-94-61-90-70-39-95-33-69-10-81-28-5-15-47-46-58-37-27-76-1-87-85-74-11-26-100-59-72-21-4-45-65-60-8-49-53-41-13-20-22-71-48-23-92-99-40-52-75-88-82-36-2-67-83-91-31-6-66-44-42-3-29-86-93-24-54-57-68-73-35-17-43-7-96-84-25-89-79-9-34-55-78-19-77-63-18
Ta100x20,5,4,400,0.9625,0.1,3,2230503228,17000,6611,6377,6009,5.044312722,v2_avx512bw_vec32_exact_perm,14-64-50-30-97-32-62-81-38-33-70-39-98-69-58-11-5-35-94-90-74-72-76-16-17-37-2-65-12-1-25-10-85-92-3-51-52-15-26-47-6-56-71-28-23-41-49-53-60-22-46-45-4-66-75-43-31-21-95-42-8-68-96-29-87-27-34-9-48-59-40-100-36-80-20-79-24-91-67-99-57-55-88-61-86-93-84-82-13-73-83-89-78-19-44-7-54-77-63-18
Ta100x20,5,4,400,0.9625,0.1,4,2230504237,17000,6651,6377,6009,5.280373527,v2_avx512bw_vec32_exact_perm,14-10-33-64-98-51-62-32-94-97-12-27-39-37-9-50-72-95-69-38-70-16-26-5-11-52-74-49-90-41-28-80-99-100-6-25-29-85-75-15-3-60-65-13-66-36-46-1-8-76-58-83-30-45-87-53-4-82-61-20-42-92-81-40-21-59-86-2-56-54-84-35-79-23-22-31-17-93-91-88-43-96-68-44-57-55-7-78-71-47-34-48-19-24-89-73-77-63-18-67
Ta100x20,5,4,400,0.9625,0.1,5,2230505246,17000,6651,6377,6009,5.6992121,v2_avx512bw_vec32_exact_perm,64-51-98-50-11-14-30-33-32-97-3-38-99-12-1-62-70-94-58-74-76-39-90-28-56-49-16-52-5-65-8-69-41-72-36-80-10-9-2-47-87-60-23-71-45-37-4-42-31-46-59-85-17-92-75-6-82-15-24-84-26-61-13-53-55-81-95-29-68-22-27-57-54-100-79-77-86-96-25-21-66-20-83-88-89-73-40-91-35-43-93-78-7-44-19-34-48-63-18-67
Ta100x20,5,4,400,0.9625,0.1,6,2230506255,17000,6634,6377,6009,5.471816937,v2_avx512bw_vec32_exact_perm,64-14-33-32-50-16-94-12-97-98-30-5-17-62-69-38-11-2-1-8-39-3-85-74-15-61-46-10-90-49-52-56-20-36-72-76-21-53-70-87-13-27-96-41-60-66-71-40-29-91-4-42-6-58-26-23-78-37-100-65-99-22-9-92-82-28-31-75-57-80-51-86-81-25-47-45-35-88-95-43-59-48-83-77-93-24-55-73-84-68-54-7-44-89-79-34-19-63-18-67
Ta100x20,5,4,400,0.9625,0.1,7,2230507264,17000,6681,6377,6009,5.301578225,v2_avx512bw_vec32_exact_perm,25-64-33-32-30-39-14-50-98-11-2-97-10-94-38-70-58-69-12-74-3-1-95-65-56-41-99-85-27-90-21-28-8-76-46-49-16-5-9-72-87-100-53-15-92-75-47-52-37-81-22-45-61-60-6-17-4-13-42-71-96-80-34-59-23-31-88-29-51-66-20-35-36-40-57-82-26-67-84-68-86-73-48-24-79-55-77-89-7-83-78-19-93-43-44-91-62-54-63-18
Ta100x20,5,4,400,0.9625,0.1,8,2230508273,17000,6662,6377,6009,5.584059587,v2_avx512bw_vec32_exact_perm,51-64-14-98-10-5-12-32-41-50-38-33-97-49-11-2-69-28-52-23-56-16-72-6-94-95-39-92-65-70-31-1-58-61-85-90-88-40-8-46-45-53-37-3-76-15-36-42-66-22-35-17-60-4-74-26-87-24-21-9-30-71-59-27-25-80-68-34-13-48-54-57-29-86-75-55-82-99-91-20-47-93-96-79-100-67-89-83-44-81-84-43-7-77-18-78-19-73-63-62
Ta100x20,5,4,400,0.9625,0.1,9,2230509282,17000,6640,6377,6009,5.361478818,v2_avx512bw_vec32_exact_perm,14-64-62-32-97-33-15-10-94-50-16-11-38-8-28-12-87-98-69-2-71-72-39-52-76-70-74-30-41-17-61-85-58-90-22-3-5-4-82-1-37-66-26-23-46-31-56-20-65-100-80-36-9-88-27-49-59-29-45-21-53-51-47-86-92-96-25-6-75-60-35-57-81-93-40-24-48-43-55-95-91-99-42-84-68-19-83-77-79-67-54-73-89-7-78-44-34-13-63-18
Ta100x20,5,4,400,0.9625,0.1,10,2230510291,17000,6664,6377,6009,5.550844061,v2_avx512bw_vec32_exact_perm,51-14-33-10-98-32-38-61-64-50-70-97-74-5-2-17-30-11-53-39-95-94-41-12-69-85-21-3-37-6-76-1-46-72-52-92-58-87-4-75-20-47-90-65-28-59-62-27-42-16-96-100-56-36-23-15-8-57-49-84-71-66-81-45-9-82-91-79-26-40-99-67-88-60-29-48-35-31-25-93-80-83-22-89-55-54-13-7-24-68-86-43-34-78-19-73-44-77-63-18
Ta100x20,5,4,400,0.9625,0.125,1,2230501210,17000,6667,6377,6009,5.921842251,v2_avx512bw_vec32_exact_perm,14-64-32-12-30-91-28-38-33-97-56-50-10-5-16-11-2-74-69-1-3-98-52-99-29-90-49-76-39-87-36-85-37-70-46-72-94-26-45-75-61-100-8-95-84-71-23-9-41-53-17-51-6-20-65-40-13-42-79-21-60-68-15-92-96-55-54-31-58-66-27-4-35-47-24-81-22-25-93-34-80-88-83-48-57-44-82-86-59-73-67-89-78-7-18-77-19-43-63-62
Ta100x20,5,4,400,0.9625,0.125,2,2230502219,17000,6611,6377,6009,6.199683266,v2_avx512bw_vec32_exact_perm,64-10-98-51-33-50-14-5-97-74-94-69-39-72-32-16-37-90-76-28-1-12-38-30-58-6-85-2-17-65-52-31-61-70-66-41-20-3-71-21-56-23-4-87-46-49-8-81-40-36-27-92-15-62-99-47-53-11-29-25-82-75-95-35-84-89-22-13-42-96-45-86-55-59-80-88-60-100-48-93-68-24-67-57-26-44-91-83-43-9-79-54-7-73-34-19-78-77-63-18
Ta100x20,5,4,400,0.9625,0.125,3,2230503228,17000,6674,6377,6009,6.411678478,v2_avx512bw_vec32_exact_perm,14-64-32-11-94-97-5-98-50-62-17-90-37-26-49-39-74-12-16-69-10-75-81-70-41-61-99-1-56-52-3-45-30-60-21-85-9-87-8-15-53-4-28-92-96-71-47-65-76-2-38-66-20-72-22-27-40-23-48-46-36-68-31-35-100-6-80-57-67-29-33-34-13-59-58-88-83-93-42-95-84-82-77-86-54-73-24-7-55-43-89-91-19-79-63-25-18-78-51-44
Ta100x20,5,4,400,0.9625,0.125,4,2230504237,17000,6646,6377,6009,6.848073239,v2_avx512bw_vec32_exact_perm,64-51-50-10-11-62-76-5-33-14-85-41-3-99-98-71-97-66-69-72-21-32-17-16-55-30-94-74-49-20-38-47-58-90-45-1-53-39-88-29-28-12-56-46-65-61-27-15-8-52-36-13-42-37-87-70-96-4-80-60-100-6-92-54-81-26-23-86-31-22-67-2-40-59-91-93-95-77-84-75-57-48-82-68-35-24-83-43-73-79-25-7-34-63-89-9-19-18-78-44
Ta100x20,5,4,400,0.9625,0.125,5,2230505246,17000,6686,6377,6009,6.324142126,v2_avx512bw_vec32_exact_perm,14-33-32-12-28-97-30-64-94-62-96-98-10-69-16-41-76-50-39-15-49-79-60-65-52-1-3-8-81-38-61-70-68-17-11-37-95-47-88-5-4-27-23-2-20-6-46-34-87-9-74-36-72-85-58-21-66-56-92-59-75-71-99-53-57-42-40-35-31-13-80-90-86-29-73-22-45-91-48-100-44-82-24-43-25-19-26-67-83-84-93-89-78-7-54-51-55-77-63-18
Ta100x20,5,4,400,0.9625,0.125,6,2230506255,17000,6648,6377,6009,5.360007108,v2_avx512bw_vec32_exact_perm,51-33-64-50-32-12-97-62-98-38-5-56-16-14-2-53-94-74-41-30-39-52-27-11-72-42-69-10-90-59-70-9-99-65-76-4-85-100-46-21-37-3-86-1-45-61-8-28-29-55-91-82-87-36-49-60-81-31-13-58-20-57-96-80-92-75-47-26-40-95-71-88-93-6-23-15-54-35-83-89-66-24-48-79-25-7-44-19-78-84-22-17-68-34-43-73-67-77-63-18
Ta100x20,5,4,400,0.9625,0.125,7,2230507264,17000,6700,6377,6009,5.586395465,v2_avx512bw_vec32_exact_perm,98-33-50-64-14-11-12-30-38-94-10-32-5-90-97-74-41-76-62-72-2-53-61-69-95-71-1-39-6-85-15-27-47-23-36-20-52-46-99-70-87-37-75-100-65-26-4-16-60-58-3-59-13-29-83-80-81-28-45-49-66-40-56-82-22-92-88-24-42-93-8-78-31-17-48-21-9-43-96-84-68-57-25-86-79-54-55-35-73-67-34-19-51-91-44-89-7-77-63-18
Ta100x20,5,4,400,0.9625,0.125,8,2230508273,17000,6693,6377,6009,5.457102079,v2_avx512bw_vec32_exact_perm,51-14-12-64-98-32-10-50-5-70-97-90-11-74-61-33-79-72-41-2-38-49-30-16-9-69-53-21-52-58-45-28-36-4-65-3-100-20-94-56-1-39-87-76-37-48-46-6-92-23-68-15-60-42-84-29-85-40-81-27-8-99-17-22-66-71-80-43-47-31-25-93-75-82-57-26-34-73-86-95-59-35-54-89-88-96-83-55-24-44-91-67-7-78-13-77-19-63-18-62
Ta100x20,5,4,400,0.9625,0.125,9,2230509282,17000,6641,6377,6009,6.198681422,v2_avx512bw_vec32_exact_perm,64-10-14-5-11-30-98-38-39-33-32-50-12-37-99-76-58-16-22-97-74-65-3-85-69-94-1-70-8-95-72-46-49-52-28-92-41-75-59-51-36-17-53-56-6-21-27-96-23-60-15-18-66-47-62-45-31-90-79-61-26-42-35-2-93-82-9-20-100-86-87-80-40-71-13-4-48-88-67-89-29-34-84-57-81-24-91-43-77-68-25-83-78-73-7-19-63-55-54-44
Ta100x20,5,4,400,0.9625,0.125,10,2230510291,17000,6643,6377,6009,5.858084793,v2_avx512bw_vec32_exact_perm,64-51-33-32-62-5-11-97-14-30-98-50-10-28-2-16-58-65-70-90-12-3-1-74-37-85-94-76-49-72-38-69-87-39-40-17-99-71-81-56-23-36-29-31-8-61-6-52-15-92-41-21-88-75-60-4-86-45-100-20-80-84-66-9-46-96-22-53-19-68-27-35-57-93-55-26-54-59-82-91-42-48-47-95-24-25-43-13-7-44-83-78-89-34-77-79-73-63-18-67
Ta100x20,5,4,400,1.0,0.025,1,2230501210,17000,6661,6377,6009,5.293770992,v2_avx512bw_vec32_exact_perm,64-14-28-33-62-97-12-30-50-11-94-98-68-39-95-87-69-32-70-38-72-10-58-5-53-76-61-74-15-85-16-17-45-1-37-29-90-100-91-23-65-21-99-56-66-31-42-57-4-71-52-8-36-41-49-20-2-75-46-13-22-92-3-34-6-27-26-40-55-96-88-60-25-83-82-48-47-51-80-24-35-59-43-81-78-84-86-93-89-73-9-7-79-19-44-54-77-63-18-67
Ta100x20,5,4,400,1.0,0.025,2,2230502219,17000,6657,6377,6009,5.518568428,v2_avx512bw_vec32_exact_perm,33-14-64-62-50-32-10-99-98-97-5-11-58-15-69-39-85-92-94-12-80-72-30-61-9-38-21-1-71-74-76-2-37-28-35-16-29-31-70-95-65-59-17-26-46-68-90-41-60-87-49-96-8-52-36-4-81-56-23-75-40-6-3-13-53-45-100-66-42-84-27-91-22-47-88-55-57-51-79-24-20-82-83-25-54-89-48-86-93-43-77-7-78-73-19-44-67-34-63-18
Ta100x20,5,4,400,1.0,0.025,3,2230503228,17000,6634,6377,6009,5.386373382,v2_avx512bw_vec32_exact_perm,64-51-32-33-14-90-98-99-50-11-62-72-12-97-61-74-38-2-94-69-65-1-85-10-56-16-58-15-30-71-52-5-76-91-39-70-49-75-41-4-31-20-53-36-21-87-60-17-28-46-45-3-22-9-8-47-23-40-92-29-67-88-37-100-13-80-6-59-26-66-81-42-27-57-83-96-54-79-55-95-86-43-84-82-73-35-25-7-93-68-34-77-48-24-19-89-63-18-78-44
Ta100x20,5,4,400,1.0,0.025,4,2230504237,17000,6650,6377,6009,5.604807857,v2_avx512bw_vec32_exact_perm,33-64-51-10-50-97-98-11-70-71-62-14-32-5-94-12-74-76-41-72-58-30-1-38-28-90-3-99-21-8-37-39-49-36-85-53-65-15-100-47-45-27-69-22-46-87-52-9-16-86-61-26-82-40-4-75-13-56-95-2-96-59-68-29-57-81-84-80-79-92-17-20-31-23-66-42-34-88-35-91-73-60-24-55-6-48-89-54-67-25-43-7-93-19-77-83-78-63-18-44
Ta100x20,5,4,400,1.0,0.025,5,2230505246,17000,6632,6377,6009,5.448211611,v2_avx512bw_vec32_exact_perm,14-64-50-30-98-10-11-32-97-38-33-12-5-69-39-1-62-49-45-28-94-58-8-35-74-72-52-3-9-37-16-21-13-20-81-15-65-90-17-87-46-4-41-51-59-85-36-100-27-70-75-60-99-76-23-22-71-66-61-6-40-92-80-42-86-2-31-79-47-91-56-29-53-73-93-48-82-25-84-68-88-57-26-95-55-54-96-83-24-43-7-19-44-77-89-78-34-63-18-67
Ta100x20,5,4,400,1.0,0.025,6,2230506255,17000,6700,6377,6009,5.409831424,v2_avx512bw_vec32_exact_perm,51-14-33-11-64-32-50-94-30-38-98-97-12-16-61-58-90-10-56-15-2-17-71-5-76-28-72-8-66-3-87-65-1-20-85-52-74-41-39-25-6-48-21-70-36-69-96-31-49-47-23-35-92-88-37-24-4-75-95-46-53-45-59-100-22-26-29-27-40-68-80-93-13-57-34-84-82-42-60-81-67-55-83-91-99-86-78-44-79-54-7-9-43-19-77-89-73-63-18-62
Ta100x20,5,4,400,1.0,0.025,7,2230507264,17000,6638,6377,6009,5.624267446,v2_avx512bw_vec32_exact_perm,33-14-64-11-32-10-50-97-12-62-72-16-30-38-5-74-98-2-39-94-90-65-27-69-58-28-53-95-21-52-70-100-26-85-99-76-1-13-45-61-37-22-96-56-87-40-6-46-15-49-9-17-31-8-41-34-36-88-29-79-71-75-47-81-42-66-23-3-4-60-92-80-59-43-20-35-84-51-93-86-91-82-57-24-54-83-67-68-48-89-25-73-55-78-7-19-44-77-63-18
Ta100x20,5,4,400,1.0,0.025,8,2230508273,17000,6657,6377,6009,5.272681059,v2_avx512bw_vec32_exact_perm,51-30-64-50-33-14-11-12-85-98-56-10-32-97-16-81-69-21-6-94-65-74-90-28-54-38-39-61-72-71-9-58-70-37-1-3-52-76-2-8-49-59-4-20-53-41-100-45-24-5-89-36-47-91-22-17-15-67-99-88-87-60-75-95-46-44-80-40-43-92-68-13-57-31-27-42-86-26-23-82-29-83-66-48-77-19-96-35-79-25-73-7-55-84-78-93-34-62-63-18
Ta100x20,5,4,400,1.0,0.025,9,2230509282,17000,6660,6377,6009,5.480183216,v2_avx512bw_vec32_exact_perm,33-14-64-5-97-50-30-11-98-85-10-62-76-74-61-39-12-38-72-69-65-16-32-22-45-31-1-49-21-60-81-58-94-46-20-53-52-6-8-71-41-70-47-15-56-90-28-87-36-88-66-37-42-99-29-40-26-3-2-100-24-9-59-4-92-23-27-55-80-82-96-95-75-34-86-51-48-13-17-57-68-89-35-91-84-25-43-7-93-78-83-79-19-54-73-44-67-77-63-18
Ta100x20,5,4,400,1.0,0.025,10,2230510291,17000,6654,6377,6009,5.497584626,v2_avx512bw_vec32_exact_perm,51-14-50-33-5-12-64-94-16-32-10-30-98-69-97-11-28-100-85-56-62-1-76-39-38-3-90-49-81-65-45-99-58-31-21-36-52-4-15-8-41-37-74-72-92-47-61-29-71-46-9-53-95-70-75-20-57-2-66-27-23-60-13-80-96-87-42-43-48-55-26-68-6-59-40-82-88-54-35-17-25-24-83-91-22-84-79-86-77-7-93-44-89-78-19-73-34-63-18-67
Ta100x20,5,4,400,1.0,0.05,1,2230501210,17000,6665,6377,6009,5.201410797,v2_avx512bw_vec32_exact_perm,10-51-33-14-64-69-5-16-30-62-98-94-90-97-15-50-3-28-38-32-2-39-46-72-12-49-65-74-85-56-11-27-6-66-8-52-36-41-21-59-76-86-61-87-71-70-60-58-1-31-20-92-80-22-47-75-45-81-42-4-37-95-35-53-100-93-26-23-99-17-82-40-13-29-96-79-57-73-68-24-55-88-89-54-91-25-43-84-7-9-19-48-44-83-34-77-78-63-18-67
Ta100x20,5,4,400,1.0,0.05,2,2230502219,17000,6673,6377,6009,5.302418231,v2_avx512bw_vec32_exact_perm,25-10-64-32-94-11-50-98-14-33-2-97-51-39-16-90-56-52-12-69-30-6-65-87-58-61-28-72-1-27-36-3-85-21-74-47-15-8-4-17-70-41-38-37-46-53-45-76-95-23-86-5-20-88-71-31-96-59-60-81-35-13-66-29-26-49-83-22-78-75-40-93-80-19-92-62-82-24-100-57-48-42-44-99-84-68-55-79-9-43-91-34-77-89-7-73-54-63-18-67
Ta100x20,5,4,400,1.0,0.05,3,2230503228,17000,6664,6377,6009,5.240077361,v2_avx512bw_vec32_exact_perm,64-14-51-32-99-16-33-50-12-97-98-62-1-5-38-26-94-52-74-3-41-10-30-15-65-39-17-85-71-69-100-28-72-45-70-37-76-46-60-90-87-8-95-31-13-20-40-21-58-35-29-49-4-59-23-92-91-24-53-11-54-55-2-6-80-36-86-56-75-81-22-88-43-96-66-79-61-47-27-82-57-93-68-42-48-25-73-7-77-34-83-84-89-9-78-19-44-63-18-67
Ta100x20,5,4,400,1.0,0.05,4,2230504237,17000,6644,6377,6009,5.605215101,v2_avx512bw_vec32_exact_perm,33-14-64-10-11-98-32-62-56-50-69-97-41-16-74-30-5-61-38-37-70-58-87-46-72-94-28-71-3-76-12-90-2-45-9-85-80-15-52-1-20-96-6-60-99-53-39-8-66-82-49-59-65-88-31-23-29-21-40-36-27-92-13-100-47-95-24-26-68-22-35-75-42-51-4-57-48-86-17-91-44-83-81-67-25-78-43-19-93-79-84-55-54-77-89-73-7-34-63-18
Ta100x20,5,4,400,1.0,0.05,5,2230505246,17000,6663,6377,6009,5.481668283,v2_avx512bw_vec32_exact_perm,14-98-11-32-33-62-69-16-97-94-90-50-72-30-56-3-65-12-46-15-5-10-27-64-58-76-2-9-26-51-74-52-85-45-41-39-21-1-8-60-88-28-49-38-92-70-37-47-68-75-36-95-99-17-29-87-61-81-4-42-13-59-80-91-31-96-40-100-55-66-35-22-6-71-20-84-83-86-48-53-79-54-24-23-73-82-43-57-25-7-89-93-44-19-77-78-67-34-63-18
Ta100x20,5,4,400,1.0,0.05,6,2230506255,17000,6663,6377,6009,5.206673539,v2_avx512bw_vec32_exact_perm,64-51-33-32-14-62-97-98-50-74-11-16-5-2-15-39-56-87-90-94-46-38-10-85-28-30-70-17-52-41-58-37-72-36-21-12-71-65-49-95-69-81-1-24-3-13-45-4-29-20-61-47-22-8-31-75-53-60-6-59-82-76-27-26-23-88-57-92-79-9-34-96-40-99-42-43-100-66-55-80-68-91-86-54-48-35-25-83-78-84-93-19-77-63-7-73-89-18-67-44
Ta100x20,5,4,400,1.0,0.05,7,2230507264,17000,6697,6377,6009,5.119463803,v2_avx512bw_vec32_exact_perm,25-64-51-97-98-30-39-14-50-10-94-2-38-33-56-11-69-65-6-12-3-32-16-85-90-28-15-52-99-1-8-76-87-80-100-92-72-20-53-37-9-58-81-74-5-60-59-46-45-36-26-95-4-23-47-70-29-42-66-31-27-67-22-13-21-61-40-96-71-48-24-57-49-75-34-41-17-68-88-86-44-78-73-84-55-35-93-79-19-54-91-7-77-82-83-89-43-63-18-62
Ta100x20,5,4,400,1.0,0.05,8,2230508273,17000,6637,6377,6009,5.254840019,v2_avx512bw_vec32_exact_perm,14-33-50-11-62-98-32-39-30-97-38-12-64-2-94-69-74-56-28-16-10-90-1-76-26-3-17-5-71-37-87-72-46-81-58-8-65-13-27-59-95-70-75-15-41-99-36-47-61-52-23-4-6-20-53-25-91-40-55-92-82-84-48-60-49-21-45-29-88-42-85-24-66-96-86-31-51-80-100-44-9-34-22-68-57-89-35-43-19-73-93-7-78-79-54-67-83-77-63-18
Ta100x20,5,4,400,1.0,0.05,9,2230509282,17000,6713,6377,6009,5.282145191,v2_avx512bw_vec32_exact_perm,25-10-51-32-39-98-50-64-85-30-14-27-97-38-56-11-72-61-70-2-45-52-12-3-33-16-26-74-1-53-28-94-80-90-69-75-15-49-8-4-95-23-60-59-65-46-21-9-76-36-41-57-20-87-79-37-5-47-92-43-40-24-88-13-96-93-82-86-35-68-100-31-91-42-58-29-48-71-73-66-22-44-6-83-99-89-34-17-63-7-77-81-19-55-54-84-78-18-67-62
Ta100x20,5,4,400,1.0,0.05,10,2230510291,17000,6665,6377,6009,5.134623309,v2_avx512bw_vec32_exact_perm,14-33-30-64-62-97-12-98-38-32-94-69-10-16-49-90-50-56-76-11-65-58-37-53-28-15-85-95-2-1-3-29-39-5-46-72-31-75-60-36-70-86-92-41-52-8-74-61-23-66-99-17-21-96-6-71-87-22-40-26-4-59-9-82-93-47-45-51-20-81-80-88-55-43-13-100-24-48-89-27-83-68-67-91-57-35-54-42-84-73-25-7-19-79-77-34-63-18-78-44
Ta100x20,5,4,400,1.0,0.075,1,2230501210,17000,6689,6377,6009,5.586809896,v2_avx512bw_vec32_exact_perm,14-16-64-12-10-97-74-85-33-41-94-28-62-98-50-11-30-90-32-3-4-1-61-20-46-37-49-2-76-56-87-25-65-69-36-52-15-8-72-80-70-82-38-100-13-45-21-5-47-58-66-26-67-39-60-53-71-35-59-86-93-31-75-17-51-9-6-22-42-57-96-29-92-40-81-27-95-23-99-84-89-88-24-91-83-54-68-44-48-7-55-19-79-43-78-34-73-77-63-18
Ta100x20,5,4,400,1.0,0.075,2,2230502219,17000,6665,6377,6009,5.589515398,v2_avx512bw_vec32_exact_perm,33-64-14-50-28-32-39-97-11-94-98-87-74-5-62-56-71-37-76-61-69-72-2-12-58-85-16-13-10-53-95-1-46-100-65-30-99-26-21-92-90-31-3-38-15-70-80-75-47-81-66-20-52-49-82-45-8-29-96-9-23-27-36-22-60-6-35-59-40-42-41-4-86-68-57-51-34-88-25-78-84-17-48-24-83-55-43-79-93-54-89-91-67-73-7-19-44-77-63-18
Ta100x20,5,4,400,1.0,0.075,3,2230503228,17000,6682,6377,6009,5.692247936,v2_avx512bw_vec32_exact_perm,14-98-33-64-62-97-10-50-94-11-32-16-5-90-30-41-12-76-72-65-38-69-37-2-28-1-52-47-3-27-13-71-39-49-60-81-35-15-46-20-21-36-75-26-56-6-9-51-74-59-17-85-95-58-91-53-61-40-45-8-42-87-4-66-96-70-31-99-22-78-43-100-86-29-79-92-80-23-83-57-93-55-84-24-88-82-77-54-48-19-68-89-25-7-73-67-44-34-63-18
Ta100x20,5,4,400,1.0,0.075,4,2230504237,17000,6664,6377,6009,5.336915602,v2_avx512bw_vec32_exact_perm,14-50-98-38-62-33-11-5-61-28-30-32-12-74-64-97-87-52-69-76-53-72-85-10-16-60-1-58-39-3-46-41-65-36-37-70-13-49-71-42-80-27-99-94-79-20-75-29-21-59-95-66-15-90-9-96-8-45-92-56-82-40-22-35-26-31-91-81-4-47-57-84-17-2-6-68-23-100-51-25-93-34-86-54-89-88-83-48-67-7-55-24-43-18-78-19-63-77-73-44
Ta100x20,5,4,400,1.0,0.075,5,2230505246,17000,6684,6377,6009,5.434354761,v2_avx512bw_vec32_exact_perm,51-12-33-64-14-32-98-97-2-30-11-72-90-99-62-50-10-53-70-85-1-87-49-65-74-16-28-26-75-60-38-6-39-37-15-29-3-5-36-41-76-69-52-58-20-81-17-59-13-9-21-22-92-4-94-71-35-23-27-95-45-100-96-93-42-91-8-47-56-46-31-40-80-44-66-54-86-68-61-84-88-19-55-82-57-83-79-25-89-43-48-7-24-34-77-63-78-73-18-67
Ta100x20,5,4,400,1.0,0.075,6,2230506255,17000,6679,6377,6009,5.304395486,v2_avx512bw_vec32_exact_perm,25-32-50-12-28-64-30-38-14-94-97-11-58-39-98-2-29-85-3-65-52-99-10-21-62-15-4-76-53-90-69-49-27-1-91-33-72-37-41-74-36-9-51-56-46-6-5-61-87-71-47-17-13-60-16-26-82-40-59-20-88-79-22-84-8-81-66-70-96-42-23-45-93-100-92-35-48-86-73-57-75-34-31-24-68-83-54-80-55-95-78-7-19-89-44-43-77-63-18-67
Ta100x20,5,4,400,1.0,0.075,7,2230507264,17000,6663,6377,6009,5.246378507,v2_avx512bw_vec32_exact_perm,64-51-98-62-30-33-50-14-32-10-65-97-85-90-99-11-72-38-39-12-94-74-2-21-70-68-41-3-37-1-69-87-5-95-71-86-8-36-27-26-76-52-23-46-15-82-61-56-16-13-58-49-20-100-4-45-57-42-31-9-43-80-28-40-81-6-66-59-60-92-22-53-25-34-17-47-96-89-84-88-55-91-75-29-24-79-48-83-44-35-78-77-7-93-19-54-73-63-18-67
Ta100x20,5,4,400,1.0,0.075,8,2230508273,17000,6709,6377,6009,5.346216441,v2_avx512bw_vec32_exact_perm,51-50-98-16-5-64-14-97-39-11-87-30-32-10-90-94-58-1-12-74-49-69-33-85-15-65-56-38-2-8-45-72-46-21-96-92-40-80-25-20-52-70-37-82-17-47-59-99-95-41-27-4-76-26-36-53-22-34-6-42-43-28-88-23-61-71-13-75-48-3-29-66-86-81-93-57-31-60-35-24-83-73-91-100-9-54-19-67-79-68-77-63-44-89-7-78-84-55-18-62
Ta100x20,5,4,400,1.0,0.075,9,2230509282,17000,6662,6377,6009,5.640229014,v2_avx512bw_vec32_exact_perm,33-14-64-10-32-11-98-62-3-50-38-97-5-56-85-70-39-12-90-94-65-76-95-30-16-75-72-1-36-22-69-15-58-52-37-47-2-53-21-20-74-100-27-28-41-87-46-45-8-40-13-17-54-23-81-59-79-92-61-42-4-31-80-66-9-57-82-68-93-71-83-86-60-26-96-99-6-29-55-91-84-51-34-48-24-88-89-49-25-35-78-43-19-73-7-44-63-77-18-67
Ta100x20,5,4,400,1.0,0.075,10,2230510291,17000,6675,6377,6009,5.352557333,v2_avx512bw_vec32_exact_perm,51-14-64-50-11-33-32-97-98-1-74-62-56-28-85-94-16-90-99-27-12-58-76-10-72-8-38-69-71-41-87-3-59-49-46-9-21-4-70-81-61-53-80-37-31-52-15-26-82-23-22-65-30-6-5-60-20-29-75-100-91-39-36-45-40-42-92-66-79-2-17-95-47-83-88-13-48-34-86-73-35-57-24-78-25-96-84-55-77-89-7-44-93-19-54-67-68-43-63-18
Ta100x20,5,4,400,1.0,0.1,1,2230501210,17000,6698,6377,6009,5.414913832,v2_avx512bw_vec32_exact_perm,33-14-64-94-90-50-98-69-95-5-11-97-32-61-39-3-30-1-38-58-12-65-15-80-8-31-28-37-52-82-2-74-41-70-16-72-49-36-85-27-56-46-76-87-68-10-18-53-21-42-66-22-59-45-13-17-26-100-20-96-40-23-92-4-75-29-84-60-88-51-71-47-35-55-6-86-63-91-54-57-25-43-81-9-79-48-83-99-67-93-7-24-77-19-78-34-89-73-44-62
Ta100x20,5,4,400,1.0,0.1,2,2230502219,17000,6667,6377,6009,5.44376205,v2_avx512bw_vec32_exact_perm,51-5-14-33-64-97-32-39-12-16-10-99-98-62-52-50-90-80-49-94-28-72-61-81-1-71-76-65-95-69-2-11-75-56-37-21-53-59-87-17-4-74-8-3-70-31-41-29-26-85-66-47-20-30-38-15-24-13-9-42-92-58-6-36-22-46-60-35-27-45-96-57-55-100-23-40-93-48-91-79-83-82-88-67-25-54-89-7-77-84-19-43-68-78-86-73-44-34-63-18
Ta100x20,5,4,400,1.0,0.1,3,2230503228,17000,6711,6377,6009,5.563351708,v2_avx512bw_vec32_exact_perm,25-51-98-50-14-39-11-10-32-28-97-30-16-33-38-37-12-64-2-3-27-90-69-94-85-47-74-76-58-52-72-1-99-60-65-22-71-36-92-56-70-46-6-23-15-26-21-42-4-13-87-5-88-49-41-8-31-53-96-17-40-59-100-95-61-68-82-57-66-84-81-24-91-89-43-67-86-44-29-34-35-73-45-75-20-83-48-9-7-80-18-78-54-55-19-79-77-93-62-63
Ta100x20,5,4,400,1.0,0.1,4,2230504237,17000,6674,6377,6009,5.441482534,v2_avx512bw_vec32_exact_perm,14-64-30-33-5-16-50-11-6-12-98-97-10-32-3-1-62-76-52-99-56-39-38-70-2-53-26-46-58-81-28-69-49-40-72-27-88-74-65-71-95-94-8-41-15-47-29-59-37-61-35-80-75-87-4-20-60-92-31-23-36-85-91-82-90-48-17-66-86-22-13-55-9-51-21-84-24-42-45-67-43-54-57-68-96-100-83-89-79-25-73-93-19-77-7-78-44-34-63-18
Ta100x20,5,4,400,1.0,0.1,5,2230505246,17000,6672,6377,6009,5.641237232,v2_avx512bw_vec32_exact_perm,33-14-32-64-50-30-11-58-97-12-62-94-70-38-5-98-36-74-10-41-87-16-4-69-95-3-76-81-46-51-9-45-100-1-52-26-53-85-72-37-92-56-17-65-8-39-90-75-61-6-15-28-82-40-60-21-2-59-99-47-49-23-31-22-13-71-27-29-66-96-68-88-48-80-42-20-57-91-44-93-35-7-84-24-89-83-79-54-25-19-86-78-55-34-43-73-77-67-63-18
Ta100x20,5,4,400,1.0,0.1,6,2230506255,17000,6693,6377,6009,6.206499877,v2_avx512bw_vec32_exact_perm,33-10-50-64-38-32-14-11-97-28-16-90-98-74-76-5-39-99-72-41-62-58-70-12-71-20-8-53-66-69-17-1-26-15-31-95-75-23-85-88-37-3-94-96-100-65-6-30-52-56-13-61-60-45-21-87-68-92-36-59-48-9-40-2-4-29-55-46-49-35-80-47-81-22-27-93-54-57-91-51-86-67-83-42-43-82-78-84-79-24-44-34-7-77-73-19-89-25-63-18
Ta100x20,5,4,400,1.0,0.1,7,2230507264,17000,6707,6377,6009,5.855973158,v2_avx512bw_vec32_exact_perm,51-14-50-64-97-90-5-33-16-3-98-10-11-72-12-30-1-70-65-49-32-38-99-94-74-75-69-52-61-41-39-46-28-22-100-37-58-8-53-2-27-4-26-88-36-76-45-23-71-85-20-13-29-6-42-92-87-40-47-66-93-95-54-96-86-21-31-56-79-82-81-59-55-83-15-60-35-34-91-84-68-57-80-43-62-48-24-17-9-73-89-44-7-19-78-77-67-25-63-18
Ta100x20,5,4,400,1.0,0.1,8,2230508273,17000,6683,6377,6009,5.684539971,v2_avx512bw_vec32_exact_perm,14-33-10-64-30-32-98-50-12-97-69-74-28-5-11-2-56-38-25-16-72-15-90-75-62-21-85-76-99-26-94-52-31-20-53-1-46-91-37-58-70-87-6-80-36-8-45-40-41-82-65-23-49-4-27-96-61-92-9-13-81-3-17-51-59-93-86-22-100-39-42-79-60-47-84-88-71-54-24-66-35-95-29-7-73-44-48-19-43-68-83-55-57-34-89-78-77-63-18-67
Ta100x20,5,4,400,1.0,0.1,9,2230509282,17000,6700,6377,6009,6.305977585,v2_avx512bw_vec32_exact_perm,62-64-14-33-10-97-72-50-5-37-12-65-16-32-21-38-11-69-99-8-30-90-76-87-28-71-61-39-46-98-56-15-6-94-70-68-53-41-66-31-17-20-3-60-49-80-23-13-40-93-81-1-75-26-74-85-47-54-45-51-29-88-4-67-52-27-36-96-58-92-24-100-2-9-42-82-57-35-59-22-7-19-55-48-95-86-79-25-83-43-91-73-84-34-77-89-63-18-78-44
Ta100x20,5,4,400,1.0,0.1,10,2230510291,17000,6667,6377,6009,6.036905415,v2_avx512bw_vec32_exact_perm,64-51-5-97-14-30-50-41-10-16-32-62-33-98-69-45-11-12-76-65-71-85-15-39-61-90-2-52-3-28-37-56-95-94-81-46-58-35-87-17-8-49-22-1-80-74-72-38-31-26-99-70-36-21-6-100-13-93-60-42-59-82-23-4-9-27-66-88-53-47-20-40-29-91-96-68-83-75-92-43-54-84-48-25-78-57-34-89-24-19-79-86-73-44-55-7-67-77-63-18
Ta100x20,5,4,400,1.0,0.125,1,2230501210,17000,6703,6377,6009,5.788608078,v2_avx512bw_vec32_exact_perm,14-64-50-33-85-32-30-70-98-16-5-39-12-62-3-11-97-99-28-69-74-10-41-94-90-100-46-65-45-8-2-1-38-20-24-88-58-35-15-72-52-76-61-4-53-31-59-71-47-56-27-80-51-87-66-13-40-21-6-22-37-36-49-86-81-93-42-92-78-75-23-60-57-96-82-44-17-29-26-48-84-7-83-95-9-67-25-89-68-79-55-91-77-19-73-54-43-34-63-18
Ta100x20,5,4,400,1.0,0.125,2,2230502219,17000,6686,6377,6009,5.751676133,v2_avx512bw_vec32_exact_perm,51-64-50-62-14-32-97-98-10-74-5-65-12-85-39-49-30-11-16-1-27-38-94-28-2-53-72-58-15-6-60-37-90-76-33-61-4-3-99-13-46-59-56-36-8-71-88-23-45-40-41-47-21-95-69-52-70-100-31-89-20-66-35-68-17-57-29-96-75-26-84-24-80-25-91-22-92-54-42-81-55-86-48-82-87-93-19-78-44-79-83-7-43-9-73-34-77-63-18-67
Ta100x20,5,4,400,1.0,0.125,3,2230503228,17000,6663,6377,6009,5.553245173,v2_avx512bw_vec32_exact_perm,64-14-51-33-10-32-12-98-37-85-62-97-70-74-39-11-99-76-50-58-3-90-38-72-2-21-20-8-9-41-1-56-49-60-5-94-52-65-46-36-45-69-87-6-42-66-59-16-47-4-81-95-15-75-17-35-26-100-61-29-13-80-22-57-31-28-53-88-68-30-23-93-24-27-40-82-92-96-91-71-77-25-48-84-43-86-79-54-83-78-55-44-19-89-7-73-34-63-18-67
Ta100x20,5,4,400,1.0,0.125,4,2230504237,17000,6717,6377,6009,6.005121174,v2_avx512bw_vec32_exact_perm,25-64-33-51-50-98-32-90-10-11-97-58-94-41-61-14-52-74-3-5-65-21-12-56-37-15-99-76-72-16-13-30-38-86-69-70-1-28-39-27-23-26-66-22-46-31-40-2-84-6-75-53-87-85-59-60-49-80-100-36-88-96-17-95-81-45-55-92-71-8-42-20-47-67-4-34-29-24-48-82-68-57-79-44-35-78-73-9-19-83-93-89-43-7-54-77-63-91-18-62
Ta100x20,5,4,400,1.0,0.125,5,2230505246,17000,6677,6377,6009,5.776897035,v2_avx512bw_vec32_exact_perm,33-14-64-10-50-11-32-16-5-72-98-61-12-90-97-39-69-99-94-2-58-30-41-28-3-62-6-46-49-42-1-74-4-65-37-17-38-87-53-81-21-31-76-36-56-92-88-95-45-52-13-23-51-59-70-60-85-40-47-15-75-86-71-96-48-66-100-22-8-27-80-82-89-29-73-26-68-57-24-91-20-67-83-79-55-25-35-93-84-78-34-44-19-43-9-7-54-77-63-18
Ta100x20,5,4,400,1.0,0.125,6,2230506255,17000,6698,6377,6009,5.485536188,v2_avx512bw_vec32_exact_perm,51-5-64-14-33-32-50-11-87-97-94-90-98-30-12-99-16-74-28-69-39-1-10-3-85-23-46-31-58-53-70-71-76-67-25-15-72-8-49-56-6-52-17-65-60-66-4-82-21-61-38-59-37-68-47-57-40-75-45-80-2-41-81-20-42-93-55-73-34-27-36-35-22-86-92-84-95-29-96-88-13-26-100-83-43-79-54-44-9-48-89-19-7-77-24-78-91-63-18-62
Ta100x20,5,4,400,1.0,0.125,7,2230507264,17000,6699,6377,6009,5.453323521,v2_avx512bw_vec32_exact_perm,14-32-99-33-64-62-97-12-37-5-30-98-50-61-11-16-87-38-49-3-69-21-2-94-52-1-74-72-70-95-65-90-76-10-15-58-92-41-81-46-4-9-26-31-23-80-8-27-22-60-56-71-82-85-28-100-39-36-34-75-91-84-35-88-45-47-86-42-68-6-29-59-93-20-40-66-55-17-96-53-57-54-89-79-13-73-25-43-44-83-48-7-24-78-19-63-77-51-18-67
Ta100x20,5,4,400,1.0,0.125,8,2230508273,17000,6656,6377,6009,5.431652163,v2_avx512bw_vec32_exact_perm,33-14-64-11-30-39-50-62-98-10-97-16-12-69-58-94-38-5-56-2-41-74-28-1-32-68-37-6-72-49-35-90-40-87-20-52-65-3-92-29-25-85-45-95-8-100-76-36-51-70-23-46-59-86-99-88-9-53-17-4-21-24-91-61-31-81-44-26-22-55-15-75-42-66-27-47-57-60-71-82-84-48-13-19-80-34-83-78-96-93-79-77-7-54-43-73-89-63-18-67
Ta100x20,5,4,400,1.0,0.125,9,2230509282,17000,6692,6377,6009,5.498447315,v2_avx512bw_vec32_exact_perm,64-14-50-51-94-12-33-32-98-10-97-2-90-87-1-70-38-37-58-11-99-72-62-3-36-21-16-85-56-81-69-40-15-47-46-45-65-39-5-4-28-76-71-30-53-41-74-29-26-91-100-59-66-96-75-8-17-68-86-23-52-9-92-27-49-61-35-73-79-84-42-82-95-31-48-25-88-80-22-57-20-6-93-55-60-19-89-13-54-7-44-78-83-34-43-77-24-63-18-67
Ta100x20,5,4,400,1.0,0.125,10,2230510291,17000,6712,6377,6009,5.302689982,v2_avx512bw_vec32_exact_perm,25-64-33-32-30-14-72-94-50-97-74-69-98-2-38-12-10-16-70-90-5-86-68-41-39-56-29-58-60-21-92-36-76-1-71-87-59-3-95-46-4-13-52-28-6-37-23-26-100-85-49-65-17-80-51-45-22-8-79-11-61-35-83-15-47-99-40-27-82-67-31-88-42-81-96-66-20-57-24-53-44-43-84-89-91-75-9-48-54-7-19-93-62-78-77-73-55-34-63-18
Ta100x20,5,5,500,0.85,0.025,1,2230501210,17000,6551,6377,6009,6.258303484,v2_avx512bw_vec32_exact_perm,64-51-14-33-32-50-97-11-62-98-12-99-69-10-41-74-5-2-16-52-23-94-58-76-90-100-30-65-15-39-1-61-28-49-68-37-72-46-8-92-3-36-38-56-85-75-21-53-45-6-80-4-26-40-59-9-87-71-20-70-82-29-31-47-60-81-55-66-54-22-57-84-42-95-27-48-35-44-79-88-17-43-91-24-34-96-83-13-89-86-25-73-93-67-78-7-19-77-63-18
Ta100x20,5,5,500,0.85,0.025,2,2230502219,17000,6612,6377,6009,6.27001217,v2_avx512bw_vec32_exact_perm,64-51-14-10-32-94-11-50-97-90-12-39-33-5-98-30-2-3-16-53-70-74-1-38-72-52-76-49-41-95-65-46-69-28-45-8-62-85-61-87-15-9-13-21-71-79-17-100-20-4-58-47-29-37-23-36-86-31-35-56-22-66-80-40-27-92-60-26-75-82-96-81-93-68-59-55-48-54-84-99-6-91-57-83-67-43-88-89-42-25-19-7-73-24-34-77-63-18-78-44
Ta100x20,5,5,500,0.85,0.025,3,2230503228,17000,6649,6377,6009,6.155828315,v2_avx512bw_vec32_exact_perm,25-64-14-28-5-32-12-33-10-50-11-98-36-90-74-69-16-58-94-1-39-30-71-3-8-65-6-38-2-37-97-72-21-15-46-99-52-31-56-42-70-76-49-13-81-4-61-53-41-17-68-20-85-100-47-51-27-66-59-87-45-92-75-67-80-40-29-96-22-9-34-93-26-88-35-84-86-77-91-48-60-95-23-57-79-73-55-82-24-43-54-7-19-89-83-18-78-63-44-62
Ta100x20,5,5,500,0.85,0.025,4,2230504237,17000,6592,6377,6009,6.84266071,v2_avx512bw_vec32_exact_perm,33-51-98-62-32-64-16-50-97-69-65-14-94-38-2-22-11-58-30-90-41-28-74-72-12-76-61-37-10-56-85-100-15-53-5-36-49-1-3-52-75-45-21-9-8-87-20-60-46-39-6-71-79-99-42-13-54-40-81-70-92-23-47-4-96-26-68-66-93-59-17-29-82-31-57-88-34-95-86-35-48-83-27-73-55-43-91-84-80-24-78-25-19-7-77-63-89-18-67-44
Ta100x20,5,5,500,0.85,0.025,5,2230505246,17000,6625,6377,6009,5.957249769,v2_avx512bw_vec32_exact_perm,64-51-98-14-11-33-50-5-74-97-94-32-41-62-61-12-95-2-72-69-30-25-28-56-15-10-90-38-71-49-16-76-39-53-3-1-87-85-8-58-27-37-82-26-70-31-100-45-29-4-52-21-46-20-23-13-96-22-66-65-83-80-81-59-36-17-42-75-60-99-88-55-68-6-43-40-84-54-35-92-86-44-24-57-91-79-48-93-78-7-19-77-89-73-47-9-34-63-18-67
Ta100x20,5,5,500,0.85,0.025,6,2230506255,17000,6569,6377,6009,6.240289406,v2_avx512bw_vec32_exact_perm,64-10-51-33-32-62-5-50-30-98-97-14-12-11-99-38-76-58-90-94-85-16-72-49-28-15-69-1-8-41-37-6-17-39-56-46-3-71-95-70-61-87-100-65-31-45-52-22-29-53-92-60-35-36-80-20-88-66-23-4-21-47-2-59-40-79-81-55-54-75-42-27-86-13-25-96-26-93-82-84-57-68-48-83-91-24-78-73-44-7-19-43-9-34-77-89-74-63-18-67
Ta100x20,5,5,500,0.85,0.025,7,2230507264,17000,6577,6377,6009,6.275982751,v2_avx512bw_vec32_exact_perm,64-51-14-33-32-50-11-62-98-16-65-2-12-39-97-5-10-53-90-28-27-94-41-69-56-3-74-1-99-8-52-46-76-49-85-72-70-37-61-31-81-92-80-60-36-87-13-58-38-15-6-59-30-71-9-21-26-22-68-29-17-95-96-66-45-57-75-40-100-88-23-4-93-67-20-47-43-42-86-77-55-82-83-91-54-79-73-7-48-35-84-24-25-34-89-19-63-18-78-44
Ta100x20,5,5,500,0.85,0.025,8,2230508273,17000,6614,6377,6009,6.337993858,v2_avx512bw_vec32_exact_perm,33-14-64-50-11-10-98-32-12-62-5-39-97-2-74-30-28-38-61-58-94-90-41-52-20-85-72-3-49-71-56-69-65-76-70-1-100-16-24-6-96-45-15-8-81-87-88-36-60-75-37-25-31-21-26-4-66-80-53-9-47-92-35-46-23-59-27-17-22-51-13-40-48-91-99-42-55-86-29-84-95-43-93-82-19-77-83-68-57-44-54-89-79-78-7-73-34-63-18-67
Ta100x20,5,5,500,0.85,0.025,9,2230509282,17000,6651,6377,6009,6.329790881,v2_avx512bw_vec32_exact_perm,64-51-32-33-14-10-11-50-16-30-97-39-98-90-12-87-74-60-1-38-56-5-99-71-94-65-72-46-61-13-68-37-28-58-69-3-21-8-23-36-85-49-75-70-41-52-20-53-17-2-95-54-4-82-29-15-66-92-96-88-100-81-47-45-76-31-55-26-40-35-80-42-48-25-6-44-57-22-27-84-79-93-7-24-59-86-78-43-73-9-34-67-83-91-19-77-89-63-18-62
Ta100x20,5,5,500,0.85,0.025,10,2230510291,17000,6651,6377,6009,6.558398602,v2_avx512bw_vec32_exact_perm,51-14-98-33-5-12-97-50-32-64-11-30-2-26-90-39-94-16-3-85-56-10-28-46-27-1-9-87-69-74-100-72-49-41-76-22-71-23-31-58-4-61-6-65-52-99-37-13-70-21-59-20-38-40-8-15-36-95-47-35-54-53-29-92-17-75-66-83-45-81-68-42-67-57-96-79-25-60-73-82-84-43-44-88-86-7-55-91-48-24-78-93-34-80-19-77-89-63-18-62
Ta100x20,5,5,500,0.85,0.05,1,2230501210,17000,6558,6377,6009,6.424082646,v2_avx512bw_vec32_exact_perm,33-14-64-32-10-11-1-94-97-98-12-50-90-58-2-16-3-30-53-62-76-41-39-69-100-74-38-28-56-46-72-65-70-95-37-6-87-15-85-8-49-61-4-31-71-17-92-23-47-20-5-45-42-22-81-13-52-21-55-80-27-88-96-40-35-60-36-99-86-59-68-75-82-57-66-29-25-51-93-54-26-48-89-24-91-19-83-43-79-73-9-84-78-7-44-34-67-77-63-18
Ta100x20,5,5,500,0.85,0.05,2,2230502219,17000,6577,6377,6009,6.380941724,v2_avx512bw_vec32_exact_perm,64-25-10-98-51-32-50-33-30-97-14-38-16-70-72-90-11-5-76-74-94-99-52-12-28-39-2-47-65-71-23-85-3-69-1-41-60-15-100-56-95-87-22-37-24-55-58-13-36-80-53-66-59-62-29-20-81-21-8-4-9-79-92-17-27-46-42-31-57-26-75-49-61-45-88-40-82-93-43-96-68-86-48-44-35-91-34-89-84-73-6-83-7-78-19-77-54-63-18-67
Ta100x20,5,5,500,0.85,0.05,3,2230503228,17000,6639,6377,6009,6.315597438,v2_avx512bw_vec32_exact_perm,64-33-51-98-50-62-14-5-16-32-99-10-81-74-97-71-12-70-90-20-49-94-28-76-31-53-24-15-58-61-29-85-39-8-22-75-91-46-37-1-88-69-45-52-87-26-92-36-3-38-2-27-72-60-41-21-65-23-4-40-66-96-83-56-42-95-47-100-59-30-80-25-9-13-48-57-82-54-6-11-68-78-17-84-35-44-79-55-86-77-93-19-89-7-34-43-73-63-18-67
Ta100x20,5,5,500,0.85,0.05,4,2230504237,17000,6573,6377,6009,6.275705232,v2_avx512bw_vec32_exact_perm,33-14-64-32-10-11-94-50-1-74-97-61-12-80-65-45-99-87-16-38-30-98-69-76-5-56-71-20-58-15-41-8-72-62-21-31-85-49-52-9-81-60-28-3-90-46-95-13-70-53-100-22-4-82-39-75-17-37-55-36-91-2-27-96-88-51-23-66-6-29-92-47-54-40-93-42-26-68-67-34-35-25-19-59-86-89-84-24-7-77-43-48-57-79-63-83-18-78-73-44
Ta100x20,5,5,500,0.85,0.05,5,2230505246,17000,6592,6377,6009,6.511441855,v2_avx512bw_vec32_exact_perm,33-14-64-32-97-50-11-98-10-12-62-90-94-65-37-2-38-74-72-69-16-76-56-5-79-15-1-4-95-85-36-30-87-28-49-17-52-41-70-8-39-3-96-60-29-23-51-53-99-46-61-75-86-31-13-71-100-47-20-45-88-6-58-26-22-67-93-42-21-40-81-92-9-80-25-66-34-59-27-82-48-57-73-83-55-91-54-43-84-68-24-89-35-19-7-77-78-44-63-18
Ta100x20,5,5,500,0.85,0.05,6,2230506255,17000,6612,6377,6009,6.074271378,v2_avx512bw_vec32_exact_perm,33-14-64-10-5-11-12-65-16-50-97-32-94-41-85-62-2-74-46-30-98-72-38-27-99-3-51-15-61-1-4-87-37-21-52-31-8-82-23-69-86-36-90-49-9-53-28-56-70-39-6-57-58-29-76-81-71-45-92-96-40-88-35-79-17-43-47-20-60-95-93-100-22-68-59-55-80-26-66-24-42-67-19-25-48-77-75-83-91-13-54-89-73-7-84-78-44-34-63-18
Ta100x20,5,5,500,0.85,0.05,7,2230507264,17000,6618,6377,6009,6.721743049,v2_avx512bw_vec32_exact_perm,33-14-64-50-98-11-97-10-70-12-94-74-38-32-85-62-16-90-28-99-39-65-69-76-72-58-15-2-49-52-96-1-60-17-27-5-75-37-36-23-41-22-13-71-3-80-30-21-100-87-9-46-51-59-45-40-47-66-56-81-79-4-48-20-29-53-57-93-42-91-82-88-8-31-61-92-86-68-84-95-26-55-35-89-83-54-43-6-24-67-25-19-73-7-34-77-63-18-78-44
Ta100x20,5,5,500,0.85,0.05,8,2230508273,17000,6667,6377,6009,7.056437513,v2_avx512bw_vec32_exact_perm,25-33-32-97-64-94-14-38-2-39-11-98-50-10-65-12-90-30-99-6-16-72-69-52-28-56-36-85-76-3-41-37-70-53-22-20-5-100-29-1-74-46-8-49-75-4-23-31-60-13-86-51-61-45-81-66-34-59-42-96-15-80-35-9-21-27-40-47-71-92-24-55-43-88-26-87-44-48-95-79-58-7-93-68-82-57-54-89-84-78-17-83-19-73-67-91-77-63-18-62
Ta100x20,5,5,500,0.85,0.05,9,2230509282,17000,6644,6377,6009,6.650498007,v2_avx512bw_vec32_exact_perm,14-33-5-50-12-30-39-38-32-64-74-94-16-76-58-97-70-65-37-28-69-3-98-90-11-99-72-71-1-2-75-56-36-85-29-62-61-31-23-53-41-10-8-6-46-49-13-100-59-86-26-15-45-87-27-21-40-52-51-81-20-9-17-95-35-91-57-66-82-89-92-4-80-96-84-88-24-22-25-60-93-42-47-7-78-43-19-54-55-83-77-68-79-73-48-44-67-34-63-18
Ta100x20,5,5,500,0.85,0.05,10,2230510291,17000,6635,6377,6009,6.316172521,v2_avx512bw_vec32_exact_perm,14-33-12-50-74-5-97-32-59-62-1-39-10-64-94-98-69-30-70-38-58-26-76-11-2-16-72-8-46-71-28-45-3-56-53-88-6-52-41-31-61-85-90-20-40-27-81-95-92-37-57-36-65-47-21-4-87-42-49-79-75-60-9-96-15-80-22-84-99-17-43-55-82-89-23-100-13-86-25-51-68-24-73-35-66-29-48-91-7-19-93-54-83-67-78-77-44-34-63-18
Ta100x20,5,5,500,0.85,0.075,1,2230501210,17000,6656,6377,6009,6.241524842,v2_avx512bw_vec32_exact_perm,14-64-32-11-33-50-28-90-97-38-58-61-98-94-69-16-81-46-41-30-12-72-70-65-5-76-36-56-6-51-2-53-3-29-99-45-74-15-4-87-31-21-47-1-60-17-66-52-22-39-8-71-37-92-9-49-42-73-23-27-25-85-40-48-80-91-59-75-96-95-57-10-100-13-67-82-68-88-20-86-34-93-35-54-26-24-83-55-79-43-7-44-78-84-89-19-77-63-18-62
Ta100x20,5,5,500,0.85,0.075,2,2230502219,17000,6657,6377,6009,6.450205511,v2_avx512bw_vec32_exact_perm,25-64-14-32-50-16-10-12-99-65-11-97-69-38-98-39-95-85-94-49-61-72-90-87-76-21-74-56-100-28-30-1-52-51-26-70-88-37-46-41-92-15-42-45-33-8-80-53-81-59-4-36-20-40-23-60-6-47-13-29-9-2-3-71-17-79-5-22-27-96-66-34-55-86-82-48-35-57-31-58-44-68-93-89-19-91-78-84-24-54-7-67-83-43-73-75-77-63-18-62
Ta100x20,5,5,500,0.85,0.075,3,2230503228,17000,6649,6377,6009,6.272482444,v2_avx512bw_vec32_exact_perm,14-51-98-54-33-97-16-50-64-62-30-5-74-32-39-12-94-41-90-49-37-38-72-10-11-65-70-99-15-61-69-76-1-85-53-100-9-34-8-58-46-27-47-28-56-6-45-43-91-52-59-3-40-2-66-75-20-21-92-89-87-29-57-96-81-13-71-17-26-60-31-95-36-80-68-42-23-4-84-79-24-22-82-25-48-35-93-88-19-86-83-55-7-67-73-78-44-77-63-18
Ta100x20,5,5,500,0.85,0.075,4,2230504237,17000,6614,6377,6009,6.359609057,v2_avx512bw_vec32_exact_perm,14-64-5-50-16-97-10-32-38-33-94-12-2-62-30-98-72-11-56-65-41-3-90-39-52-28-49-74-4-69-1-60-58-87-76-99-80-13-46-15-71-21-9-8-96-100-95-70-27-85-20-22-59-17-47-23-79-40-75-36-26-37-88-66-61-53-51-45-68-92-67-42-31-57-6-54-83-86-84-29-91-81-35-82-73-43-24-25-93-34-48-89-19-55-7-77-78-44-63-18
Ta100x20,5,5,500,0.85,0.075,5,2230505246,17000,6661,6377,6009,6.660899922,v2_avx512bw_vec32_exact_perm,14-64-50-32-10-11-98-5-62-69-97-12-39-16-90-26-72-74-85-94-33-2-56-65-20-21-40-53-28-30-76-61-15-52-36-37-81-8-1-31-38-41-95-70-6-58-13-49-71-45-47-17-88-99-4-75-100-23-29-3-96-92-9-84-46-67-27-22-80-59-91-60-87-57-86-82-35-42-25-54-83-55-93-68-66-43-79-73-24-34-48-89-77-7-19-78-51-44-63-18
Ta100x20,5,5,500,0.85,0.075,6,2230506255,17000,6562,6377,6009,6.430471689,v2_avx512bw_vec32_exact_perm,33-14-64-50-30-32-11-28-97-5-12-98-74-99-1-69-38-49-87-16-76-71-56-94-52-39-72-37-8-81-85-3-41-27-65-26-58-46-31-70-10-90-36-4-21-15-45-95-80-62-51-23-59-92-66-60-47-35-53-88-61-42-40-18-75-29-9-2-13-82-17-68-96-6-100-93-57-48-55-24-67-22-84-86-25-43-54-7-89-78-19-83-20-91-77-79-73-44-34-63
Ta100x20,5,5,500,0.85,0.075,7,2230507264,17000,6639,6377,6009,6.514043191,v2_avx512bw_vec32_exact_perm,14-50-33-98-97-12-74-64-62-5-32-16-10-90-30-94-72-95-11-56-49-100-85-28-69-76-92-52-41-23-37-1-39-99-65-58-60-15-75-36-2-6-38-91-53-22-4-8-21-35-70-45-79-27-61-46-59-66-3-42-87-31-71-20-57-80-40-34-9-51-26-47-88-17-82-96-83-55-68-81-29-13-48-84-24-43-78-54-19-77-86-89-25-73-7-44-67-93-63-18
Ta100x20,5,5,500,0.85,0.075,8,2230508273,17000,6612,6377,6009,6.43727819,v2_avx512bw_vec32_exact_perm,33-14-64-30-5-32-97-62-51-78-99-50-12-98-69-94-11-74-58-81-49-72-38-90-85-76-39-61-70-86-2-1-28-52-53-10-3-13-37-8-45-36-46-65-9-16-80-87-59-25-15-6-43-40-23-75-20-56-4-26-17-47-60-96-71-22-88-29-27-100-84-95-66-35-92-82-89-42-21-31-91-57-55-79-19-68-54-24-93-34-48-41-73-83-44-67-7-77-63-18
Ta100x20,5,5,500,0.85,0.075,9,2230509282,17000,6622,6377,6009,6.568309475,v2_avx512bw_vec32_exact_perm,14-50-64-32-33-62-11-2-38-4-98-97-12-10-72-76-49-16-74-70-94-58-39-65-69-1-53-61-17-99-37-3-28-8-52-36-73-90-5-30-75-45-82-87-92-56-86-21-20-22-27-71-80-47-15-85-60-41-23-31-46-40-26-57-68-67-79-25-66-34-59-95-42-9-35-29-88-43-7-81-48-100-91-96-55-84-93-6-24-19-54-89-13-83-51-78-77-63-18-44
Ta100x20,5,5,500,0.85,0.075,10,2230510291,17000,6614,6377,6009,6.720737567,v2_avx512bw_vec32_exact_perm,14-64-32-10-11-98-94-5-97-69-50-12-38-33-62-16-30-72-2-65-74-56-41-28-1-4-47-58-17-90-21-15-37-52-76-61-46-81-29-71-95-8-85-87-49-36-27-3-6-45-53-20-39-80-100-9-40-59-22-96-26-66-92-75-68-93-99-60-82-88-55-35-25-70-42-13-31-54-57-51-23-89-43-86-91-84-7-48-19-24-78-83-77-79-73-44-34-63-18-67
Ta100x20,5,5,500,0.85,0.1,1,2230501210,17000,6614,6377,6009,6.314778861,v2_avx512bw_vec32_exact_perm,33-14-64-32-11-10-50-16-70-98-69-61-30-97-41-5-62-74-1-35-72-94-52-2-12-39-71-37-58-15-53-76-20-49-46-38-88-45-100-85-9-28-8-87-3-80-21-90-31-56-22-65-36-6-27-17-95-99-40-29-84-92-75-86-66-57-51-23-59-60-54-96-13-42-55-82-48-47-25-26-4-79-43-93-24-7-73-91-78-83-44-77-19-68-89-81-34-63-18-67
Ta100x20,5,5,500,0.85,0.1,2,2230502219,17000,6614,6377,6009,6.32618573,v2_avx512bw_vec32_exact_perm,14-64-5-62-30-33-74-32-97-10-2-98-38-94-11-72-50-69-12-52-28-6-4-65-90-70-76-1-85-17-16-42-82-49-58-15-3-31-96-92-27-37-41-56-23-39-36-66-53-51-45-8-81-47-20-95-87-60-21-13-57-100-75-25-40-59-61-43-68-48-79-77-91-99-71-29-9-46-26-88-22-84-24-93-80-78-55-34-86-89-35-19-83-73-7-44-54-67-18-63
Ta100x20,5,5,500,0.85,0.1,3,2230503228,17000,6597,6377,6009,6.18865125,v2_avx512bw_vec32_exact_perm,98-14-64-5-30-33-50-28-12-16-56-2-10-32-58-62-11-37-87-61-38-97-70-66-20-72-65-49-34-52-9-74-69-3-85-94-71-21-45-36-76-90-15-81-39-1-6-47-53-54-46-8-59-35-79-17-40-41-82-29-60-92-75-26-88-4-96-22-99-31-23-93-27-67-100-48-42-57-25-84-80-13-95-68-55-83-24-91-43-51-86-77-19-7-78-89-73-44-63-18
Ta100x20,5,5,500,0.85,0.1,4,2230504237,17000,6626,6377,6009,6.186174392,v2_avx512bw_vec32_exact_perm,14-64-10-32-62-33-74-97-50-39-98-30-5-65-41-1-72-28-16-94-69-70-37-12-8-38-58-31-49-56-91-90-61-52-20-99-51-86-11-3-13-46-15-21-40-53-23-2-17-35-66-75-47-42-76-4-100-95-93-29-92-68-22-45-26-80-55-59-85-87-36-27-96-71-84-88-60-43-48-54-82-81-57-6-83-24-67-73-19-89-79-25-7-9-34-77-63-18-78-44
Ta100x20,5,5,500,0.85,0.1,5,2230505246,17000,6571,6377,6009,6.102291729,v2_avx512bw_vec32_exact_perm,64-51-50-33-5-30-11-62-98-39-97-14-12-87-65-38-94-90-15-10-70-16-1-74-28-69-21-8-72-52-99-32-53-29-49-37-6-36-58-61-46-59-20-9-23-4-42-85-75-60-26-76-92-45-40-86-35-3-71-88-13-56-31-80-66-22-27-43-96-81-17-55-41-91-84-95-82-83-25-73-93-100-47-54-7-2-48-68-24-78-34-19-77-79-44-57-89-63-18-67
Ta100x20,5,5,500,0.85,0.1,6,2230506255,17000,6605,6377,6009,6.230579271,v2_avx512bw_vec32_exact_perm,14-64-71-5-30-10-98-11-32-97-12-50-62-1-69-49-74-39-72-53-76-46-94-90-8-56-37-28-38-85-2-3-16-92-13-87-33-17-65-6-52-41-20-100-59-61-26-21-9-4-60-35-99-79-40-80-82-25-70-15-86-95-51-31-42-84-45-66-81-47-22-29-43-27-96-93-23-58-36-83-88-44-54-75-91-73-24-68-57-78-55-34-7-19-77-48-89-63-18-67
Ta100x20,5,5,500,0.85,0.1,7,2230507264,17000,6626,6377,6009,6.019074302,v2_avx512bw_vec32_exact_perm,10-51-62-32-64-50-11-37-97-12-33-99-5-58-94-14-69-98-72-74-39-30-65-1-52-49-25-16-9-21-28-70-46-8-27-2-59-79-85-41-60-36-87-90-80-71-56-23-17-47-15-75-42-4-45-66-76-53-38-3-96-31-88-13-95-100-84-61-86-55-6-22-29-81-92-82-20-40-24-83-91-48-26-68-57-35-78-89-73-93-34-54-7-43-19-44-67-77-63-18
Ta100x20,5,5,500,0.85,0.1,8,2230508273,17000,6602,6377,6009,6.34729096,v2_avx512bw_vec32_exact_perm,33-14-64-10-50-32-98-12-74-5-2-97-94-11-76-38-62-72-39-58-70-87-42-51-60-99-1-9-30-52-49-65-95-85-28-21-41-71-20-16-37-47-80-13-17-56-90-26-31-69-92-23-3-59-27-22-29-61-100-53-4-46-24-75-45-81-55-36-15-35-88-93-54-8-86-68-82-66-83-96-40-6-43-67-57-91-84-79-25-34-73-89-7-19-77-48-63-18-78-44
Ta100x20,5,5,500,0.85,0.1,9,2230509282,17000,6609,6377,6009,6.095661615,v2_avx512bw_vec32_exact_perm,33-64-5-38-72-50-11-32-62-16-76-91-10-90-39-22-30-14-99-65-52-3-12-97-2-98-69-1-74-37-31-15-9-6-71-56-34-26-85-45-70-46-28-58-87-75-8-21-61-27-53-80-94-88-100-81-60-41-13-17-59-68-49-96-40-4-23-29-95-92-24-42-48-36-35-86-93-82-57-79-51-47-20-25-73-84-89-43-83-66-19-44-55-54-67-78-7-77-63-18
Ta100x20,5,5,500,0.85,0.1,10,2230510291,17000,6619,6377,6009,6.193976327,v2_avx512bw_vec32_exact_perm,33-14-64-32-11-94-97-62-12-56-50-95-5-58-98-74-76-2-41-17-39-28-51-10-15-53-65-37-66-1-72-52-38-30-36-85-9-71-16-61-69-67-49-100-86-54-8-87-6-55-45-23-90-31-3-13-46-21-91-75-4-81-20-70-35-60-29-88-92-42-48-40-80-59-99-34-44-83-47-68-79-93-57-82-89-77-24-73-43-26-22-27-96-84-78-7-19-25-63-18
Ta100x20,5,5,500,0.85,0.125,1,2230501210,17000,6648,6377,6009,6.139660549,v2_avx512bw_vec32_exact_perm,33-14-64-10-50-11-32-98-97-30-94-41-52-16-72-81-5-37-38-61-51-56-2-21-39-29-85-15-76-1-69-13-3-17-90-9-20-4-46-59-65-60-8-26-74-99-47-58-67-36-22-27-80-23-71-12-92-88-75-24-6-55-53-49-28-82-31-25-96-91-43-87-100-95-70-40-93-7-48-42-68-66-78-45-34-35-57-83-54-86-84-89-79-73-44-19-77-63-18-62
Ta100x20,5,5,500,0.85,0.125,2,2230502219,17000,6587,6377,6009,6.255450462,v2_avx512bw_vec32_exact_perm,64-10-51-98-50-11-97-62-12-32-39-28-74-14-56-94-2-75-16-70-99-90-38-76-3-58-65-36-61-72-53-85-69-37-1-8-6-45-100-17-15-33-41-52-66-81-21-46-20-47-92-87-84-95-34-27-88-30-42-57-96-22-29-9-40-49-71-55-13-79-5-23-26-80-31-82-60-4-54-48-67-86-59-24-68-35-25-93-91-19-89-83-43-73-78-7-44-77-63-18
Ta100x20,5,5,500,0.85,0.125,3,2230503228,17000,6684,6377,6009,6.134177637,v2_avx512bw_vec32_exact_perm,14-11-50-64-12-30-97-98-39-32-51-10-70-38-37-41-2-3-87-94-65-85-5-1-82-72-33-49-69-74-56-28-58-61-60-16-95-8-36-52-99-75-4-90-47-76-92-53-80-88-31-25-27-23-71-66-35-46-40-6-55-20-26-21-45-18-81-84-86-96-15-29-59-42-34-24-22-91-83-67-57-17-13-48-54-79-9-100-43-7-73-68-89-78-19-93-44-77-63-62
Ta100x20,5,5,500,0.85,0.125,4,2230504237,17000,6625,6377,6009,6.005254828,v2_avx512bw_vec32_exact_perm,33-14-64-10-50-32-38-5-11-97-2-12-76-98-30-58-74-1-23-62-94-28-69-56-3-15-90-71-68-17-72-61-39-8-85-78-31-49-52-100-16-36-87-13-66-37-46-21-41-91-55-53-6-20-70-29-65-82-4-99-22-42-59-26-27-47-35-45-96-60-48-75-80-25-83-9-92-88-40-57-79-95-81-84-54-43-77-51-24-86-67-93-19-89-73-7-44-34-63-18
Ta100x20,5,5,500,0.85,0.125,5,2230505246,17000,6606,6377,6009,6.201446366,v2_avx512bw_vec32_exact_perm,33-14-64-11-5-62-98-74-39-38-94-12-32-97-50-28-95-15-1-49-52-80-90-56-81-10-76-69-85-16-41-61-30-3-72-87-70-36-65-4-20-37-92-8-58-71-29-99-31-13-53-82-46-21-26-6-40-45-42-2-88-35-59-66-27-23-22-60-84-86-25-51-57-75-93-9-54-47-91-44-34-48-17-83-43-68-19-79-24-96-78-55-100-89-77-7-73-63-18-67
Ta100x20,5,5,500,0.85,0.125,6,2230506255,17000,6665,6377,6009,6.439207951,v2_avx512bw_vec32_exact_perm,14-64-32-10-50-33-69-3-38-97-12-85-62-98-11-2-79-53-94-5-16-61-56-39-74-90-49-87-100-52-76-20-27-28-1-9-72-13-58-29-15-36-65-46-88-37-30-91-71-70-45-31-92-80-95-81-96-17-99-75-59-21-34-93-22-40-83-26-4-23-68-47-8-43-25-60-35-41-48-84-24-66-42-82-57-55-54-19-86-89-73-51-6-7-77-78-67-44-63-18
Ta100x20,5,5,500,0.85,0.125,7,2230507264,17000,6669,6377,6009,6.331353031,v2_avx512bw_vec32_exact_perm,14-33-5-64-30-41-50-10-11-70-38-62-97-32-75-61-98-74-37-58-4-65-16-56-69-17-2-12-85-26-76-53-72-3-1-27-60-87-91-94-90-46-51-28-100-81-55-15-47-52-95-13-8-20-71-92-96-23-66-84-42-49-6-68-99-82-18-22-21-40-29-45-67-88-80-48-36-86-59-43-31-9-54-24-39-35-19-93-57-79-83-73-7-89-25-34-77-63-78-44
Ta100x20,5,5,500,0.85,0.125,8,2230508273,17000,6595,6377,6009,6.392993043,v2_avx512bw_vec32_exact_perm,33-14-64-50-11-10-97-32-12-49-98-99-62-1-74-28-69-16-38-72-100-3-90-59-76-94-39-30-37-41-65-61-51-91-82-56-68-6-46-5-17-21-96-15-2-27-92-20-40-8-35-87-71-95-70-52-23-58-47-85-55-66-29-57-31-86-60-80-22-53-4-13-84-45-54-75-88-42-26-36-79-25-93-81-34-9-43-48-83-24-89-78-7-19-44-67-77-73-63-18
Ta100x20,5,5,500,0.85,0.125,9,2230509282,17000,6627,6377,6009,6.400621476,v2_avx512bw_vec32_exact_perm,14-98-64-50-11-33-32-62-97-5-85-30-38-17-76-75-16-15-39-8-12-49-53-36-58-56-31-95-61-10-74-1-90-6-45-94-72-81-69-71-26-41-20-3-65-52-4-25-21-68-70-57-60-2-37-88-46-87-29-92-40-47-28-96-100-24-80-13-42-99-27-66-73-51-35-91-93-22-84-82-34-59-48-9-86-44-79-19-55-43-23-77-7-78-83-54-89-63-18-67
Ta100x20,5,5,500,0.85,0.125,10,2230510291,17000,6645,6377,6009,6.248846275,v2_avx512bw_vec32_exact_perm,14-64-32-98-50-11-97-62-94-74-16-5-30-17-38-69-65-1-10-33-58-12-41-85-53-37-8-61-31-46-90-76-45-72-71-66-3-39-70-56-28-21-52-47-6-15-26-95-36-40-4-81-60-88-23-27-2-96-51-75-29-42-92-9-82-22-100-13-49-20-86-59-54-84-99-93-80-19-68-35-48-25-83-57-55-24-43-7-89-78-77-87-79-73-91-44-34-63-18-67
Ta100x20,5,5,500,0.8875,0.025,1,2230501210,17000,6610,6377,6009,6.295418065,v2_avx512bw_vec32_exact_perm,64-51-14-32-33-30-11-97-62-98-12-50-38-28-2-52-56-15-90-69-94-1-41-72-16-58-74-65-37-85-100-10-39-81-61-13-4-5-17-49-3-45-76-75-9-21-20-53-82-47-87-71-8-70-60-29-95-22-93-80-31-36-59-99-46-86-92-42-26-6-23-96-27-40-54-55-68-66-57-35-88-19-48-24-91-25-84-79-83-67-73-44-34-89-78-7-77-43-63-18
Ta100x20,5,5,500,0.8875,0.025,2,2230502219,17000,6608,6377,6009,6.674077194,v2_avx512bw_vec32_exact_perm,14-64-10-5-16-32-12-3-50-33-97-2-70-62-1-38-98-74-94-76-53-11-30-72-26-39-69-45-100-58-36-8-28-56-46-85-52-87-41-15-27-65-6-81-31-49-9-68-71-88-17-21-60-90-37-99-4-61-96-13-42-22-66-59-80-29-20-40-92-23-82-75-51-86-55-95-57-47-93-35-54-84-25-48-73-7-91-43-24-34-89-19-79-44-83-78-77-63-18-67
Ta100x20,5,5,500,0.8875,0.025,3,2230503228,17000,6602,6377,6009,6.605884419,v2_avx512bw_vec32_exact_perm,33-14-64-5-32-97-11-12-39-99-16-98-50-69-30-62-56-10-65-52-1-28-58-76-85-74-53-94-72-49-38-46-90-70-21-42-31-8-15-71-45-20-75-2-87-41-26-3-47-4-37-36-23-60-81-6-13-35-40-59-51-82-9-29-27-96-55-68-17-66-100-61-48-92-88-22-84-67-93-86-57-80-25-34-83-79-95-89-91-73-19-24-43-54-7-77-63-18-78-44
Ta100x20,5,5,500,0.8875,0.025,4,2230504237,17000,6618,6377,6009,6.527426747,v2_avx512bw_vec32_exact_perm,33-14-64-10-32-16-12-98-94-62-50-11-97-5-15-38-74-3-90-76-21-1-2-72-69-100-65-30-28-58-37-41-20-8-52-95-56-39-46-75-36-53-70-9-26-85-51-17-96-27-23-6-66-49-47-29-71-22-83-61-31-13-57-42-80-59-99-54-92-4-40-35-93-48-68-87-60-82-55-19-45-81-86-88-73-91-67-25-43-84-79-24-89-7-34-77-63-18-78-44
Ta100x20,5,5,500,0.8875,0.025,5,2230505246,17000,6611,6377,6009,6.48119244,v2_avx512bw_vec32_exact_perm,64-10-51-98-11-32-12-97-50-33-3-30-14-16-87-37-28-5-39-74-94-56-1-90-72-2-53-69-38-65-49-52-58-6-76-36-41-8-25-60-22-31-85-70-99-27-26-9-71-15-46-47-61-35-4-34-21-20-23-66-75-92-17-40-67-59-82-79-88-93-45-81-80-84-96-55-7-86-57-95-48-42-13-29-43-24-54-68-91-77-63-19-100-89-83-18-78-73-44-62
Ta100x20,5,5,500,0.8875,0.025,6,2230506255,17000,6592,6377,6009,6.46210694,v2_avx512bw_vec32_exact_perm,64-14-10-5-33-32-50-94-12-97-28-69-1-98-41-62-90-99-11-16-72-3-74-58-30-78-36-61-70-52-9-71-39-65-100-76-53-4-37-51-49-56-15-17-87-85-21-31-8-20-46-2-23-60-95-75-29-86-13-48-38-57-92-80-59-40-6-93-26-66-22-96-81-47-42-34-82-25-68-27-35-83-88-43-45-44-84-89-91-24-19-7-77-79-73-55-54-63-18-67
Ta100x20,5,5,500,0.8875,0.025,7,2230507264,17000,6599,6377,6009,6.402683493,v2_avx512bw_vec32_exact_perm,33-14-64-50-11-30-98-10-32-38-99-17-12-97-62-2-16-9-72-5-74-75-3-65-27-85-94-1-90-76-81-49-69-70-53-52-39-71-61-15-58-6-28-20-29-87-22-36-37-60-8-47-45-21-66-4-59-80-46-78-40-41-92-42-96-56-13-26-68-31-57-23-100-51-86-95-91-93-35-54-55-88-19-43-82-84-48-24-25-7-77-83-73-79-44-34-89-63-18-67
Ta100x20,5,5,500,0.8875,0.025,8,2230508273,17000,6640,6377,6009,6.34861613,v2_avx512bw_vec32_exact_perm,14-33-64-50-12-62-97-32-39-30-98-52-95-70-28-94-81-51-72-90-65-3-11-10-2-38-69-76-9-91-1-61-37-16-71-17-41-85-49-75-74-58-15-56-4-86-21-36-87-13-20-100-27-46-45-5-8-47-35-84-26-59-80-23-57-31-60-93-42-22-88-92-29-48-53-73-55-66-40-82-67-79-99-96-83-25-6-7-77-19-89-54-68-24-43-34-63-18-78-44
Ta100x20,5,5,500,0.8875,0.025,9,2230509282,17000,6588,6377,6009,6.337402434,v2_avx512bw_vec32_exact_perm,64-51-14-32-33-97-50-11-12-98-30-62-100-39-65-74-17-41-85-94-90-45-69-71-5-61-53-72-2-3-8-28-27-58-95-1-6-76-52-10-9-46-49-38-13-22-16-37-70-29-20-75-81-4-21-36-23-60-15-96-66-92-56-34-87-40-47-79-82-59-99-42-88-91-80-31-43-55-26-54-84-86-68-73-25-57-48-93-67-35-83-24-89-7-19-78-44-77-63-18
Ta100x20,5,5,500,0.8875,0.025,10,2230510291,17000,6631,6377,6009,6.002600867,v2_avx512bw_vec32_exact_perm,33-14-64-32-10-11-5-50-98-74-94-12-38-2-97-16-87-69-90-41-54-92-65-58-30-61-37-95-46-28-8-49-85-45-39-36-99-72-100-6-52-70-4-15-47-56-42-71-76-59-68-62-3-67-75-35-17-22-1-27-26-21-23-13-60-57-31-80-20-81-53-82-55-96-83-40-88-48-29-25-66-84-86-91-43-73-93-24-7-77-89-78-19-79-51-9-34-63-18-44
Ta100x20,5,5,500,0.8875,0.05,1,2230501210,17000,6641,6377,6009,6.667274562,v2_avx512bw_vec32_exact_perm,14-64-50-30-32-62-33-11-98-58-5-16-52-94-41-39-74-61-85-90-12-10-28-53-1-65-75-99-60-2-21-97-69-26-38-72-37-8-70-4-96-76-49-36-100-46-47-56-42-23-15-6-45-13-22-3-68-92-71-95-17-81-40-31-80-87-29-93-59-27-48-82-86-20-66-35-51-88-83-55-78-19-9-57-84-43-24-54-25-89-79-91-73-67-7-77-44-34-63-18
Ta100x20,5,5,500,0.8875,0.05,2,2230502219,17000,6596,6377,6009,7.07887263,v2_avx512bw_vec32_exact_perm,33-14-64-32-50-62-5-11-28-37-85-41-21-12-10-30-98-97-74-95-94-72-16-58-2-1-90-8-46-76-31-57-38-15-56-69-66-53-87-39-65-9-27-42-100-49-4-36-22-26-92-23-52-6-71-20-54-45-75-47-60-81-61-86-29-88-59-70-82-17-91-3-13-96-89-35-99-40-80-73-25-48-44-55-79-19-83-24-68-78-93-84-43-67-7-34-77-63-18-51
Ta100x20,5,5,500,0.8875,0.05,3,2230503228,17000,6621,6377,6009,6.909605368,v2_avx512bw_vec32_exact_perm,14-64-50-11-61-32-33-5-30-97-74-39-70-98-10-2-52-76-1-16-62-94-90-3-38-12-92-87-95-41-49-71-53-56-8-65-20-28-80-69-85-60-72-37-26-17-47-31-58-23-46-13-82-45-81-15-21-75-36-4-40-59-86-9-6-51-66-96-42-84-99-22-93-88-27-54-29-100-67-68-57-48-55-35-24-43-91-83-89-25-7-77-79-19-78-73-44-34-63-18
Ta100x20,5,5,500,0.8875,0.05,4,2230504237,17000,6670,6377,6009,6.464386664,v2_avx512bw_vec32_exact_perm,14-64-50-32-12-33-30-97-10-94-62-98-90-5-2-74-58-28-39-56-16-69-72-52-49-41-11-65-38-70-37-20-36-75-92-100-61-1-53-27-17-96-59-3-6-87-76-46-21-8-15-85-40-13-47-23-42-81-54-68-55-29-84-60-31-22-9-66-4-95-35-26-45-67-99-79-57-93-73-80-43-34-24-91-88-86-71-82-19-48-77-63-89-25-7-83-51-18-78-44
Ta100x20,5,5,500,0.8875,0.05,5,2230505246,17000,6627,6377,6009,6.90764647,v2_avx512bw_vec32_exact_perm,14-33-28-64-62-32-39-98-10-94-30-58-5-11-71-9-70-2-12-16-52-76-38-72-1-8-3-6-85-37-90-49-73-41-65-45-56-69-4-23-75-29-21-86-47-31-53-50-20-82-36-74-87-40-26-93-68-27-92-42-35-22-60-66-61-81-15-88-46-48-55-91-54-84-25-100-57-97-79-95-80-59-99-13-96-83-24-44-17-78-19-77-51-89-7-34-43-63-18-67
Ta100x20,5,5,500,0.8875,0.05,6,2230506255,17000,6631,6377,6009,7.254419405,v2_avx512bw_vec32_exact_perm,14-64-50-11-62-2-10-12-32-16-33-98-28-90-69-3-97-39-85-56-94-100-20-65-70-52-74-58-1-4-38-17-36-30-41-5-76-8-61-6-99-46-45-72-53-15-37-92-80-21-40-49-23-75-59-9-71-22-47-51-81-26-60-67-13-96-87-95-79-27-68-29-88-54-48-86-66-31-35-93-43-84-24-55-82-83-57-42-25-91-19-89-73-7-77-78-44-34-63-18
Ta100x20,5,5,500,0.8875,0.05,7,2230507264,17000,6607,6377,6009,7.538478663,v2_avx512bw_vec32_exact_perm,33-14-64-16-10-32-98-5-11-94-30-74-28-87-90-72-92-50-97-2-38-70-76-41-39-60-69-58-62-99-71-26-37-12-17-46-65-75-15-27-47-3-95-85-1-61-4-45-21-8-52-9-49-82-6-96-53-51-81-29-88-20-66-22-31-56-36-59-80-79-57-42-86-44-13-23-84-55-54-40-48-43-68-35-34-24-100-19-89-73-7-91-77-83-78-67-25-93-63-18
Ta100x20,5,5,500,0.8875,0.05,8,2230508273,17000,6622,6377,6009,6.841112556,v2_avx512bw_vec32_exact_perm,64-51-14-32-39-33-50-30-11-97-98-74-12-90-3-10-85-91-94-2-100-38-65-62-72-21-69-47-70-9-99-1-41-58-27-37-8-45-61-76-15-46-20-13-80-16-87-92-56-28-95-4-23-40-81-57-49-6-29-75-68-60-42-96-59-26-5-66-88-36-22-53-55-17-71-82-84-24-48-86-54-31-35-89-83-44-43-7-52-78-19-77-79-73-67-25-93-34-63-18
Ta100x20,5,5,500,0.8875,0.05,9,2230509282,17000,6631,6377,6009,6.864057208,v2_avx512bw_vec32_exact_perm,64-51-14-50-30-33-98-16-94-5-97-32-11-12-62-38-1-75-72-61-49-74-76-65-85-20-10-2-37-21-69-90-45-86-36-29-56-53-87-3-52-28-8-41-70-88-39-100-4-60-92-46-81-23-31-68-15-67-82-58-99-80-93-47-27-25-96-57-84-95-35-17-48-13-40-71-6-26-22-66-55-42-89-43-59-91-83-79-54-73-9-19-24-7-77-78-44-34-63-18
Ta100x20,5,5,500,0.8875,0.05,10,2230510291,17000,6625,6377,6009,6.758616415,v2_avx512bw_vec32_exact_perm,33-14-64-32-10-11-97-50-98-94-30-90-38-16-39-12-56-76-5-74-61-41-28-70-72-2-52-27-37-69-65-35-46-31-36-85-95-15-58-6-3-1-92-62-53-49-21-47-71-87-29-8-66-20-26-23-42-4-9-51-68-45-100-99-75-57-88-60-17-59-22-81-91-34-40-96-43-78-80-25-44-48-93-82-86-83-89-7-73-84-24-55-77-79-54-67-13-19-63-18
Ta100x20,5,5,500,0.8875,0.075,1,2230501210,17000,6611,6377,6009,6.487801709,v2_avx512bw_vec32_exact_perm,64-33-32-62-10-98-52-5-41-50-14-51-97-12-87-30-85-11-72-49-90-94-38-76-70-4-27-47-69-22-17-1-60-16-65-37-39-99-81-58-21-46-74-28-61-6-45-31-2-36-8-59-42-79-23-96-66-53-92-20-75-29-40-13-100-15-82-35-91-26-56-25-80-93-95-88-57-68-55-54-7-48-83-89-44-86-19-24-71-3-78-84-9-43-34-67-73-77-63-18
Ta100x20,5,5,500,0.8875,0.075,2,2230502219,17000,6612,6377,6009,6.61437569,v2_avx512bw_vec32_exact_perm,14-10-98-12-50-11-30-64-32-97-90-61-33-39-49-27-70-38-53-74-94-5-76-71-87-28-1-69-3-37-68-72-85-62-34-23-45-56-52-41-8-47-78-36-16-4-46-25-2-15-86-17-31-21-80-100-93-96-66-58-6-65-81-48-13-24-20-22-26-88-40-29-57-92-75-60-79-59-35-42-99-82-51-55-9-19-44-91-54-84-89-83-95-7-43-77-73-63-18-67
Ta100x20,5,5,500,0.8875,0.075,3,2230503228,17000,6615,6377,6009,6.716869305,v2_avx512bw_vec32_exact_perm,64-51-62-32-98-14-33-97-30-93-50-12-94-39-100-90-91-10-41-13-11-76-72-61-69-5-60-16-28-2-46-38-56-65-15-1-85-52-24-58-26-70-20-47-4-21-45-53-17-8-71-29-23-36-44-42-75-3-48-6-68-66-96-92-79-87-9-59-40-99-95-49-83-35-74-88-80-31-55-82-27-57-37-78-84-22-54-86-19-25-77-7-43-73-89-81-34-63-18-67
Ta100x20,5,5,500,0.8875,0.075,4,2230504237,17000,6631,6377,6009,6.727521525,v2_avx512bw_vec32_exact_perm,64-51-14-10-16-50-33-62-32-38-12-88-2-97-11-41-61-56-26-74-85-94-58-69-3-37-98-15-46-52-1-99-28-90-36-76-65-72-49-31-30-87-39-71-80-66-21-86-45-5-8-27-96-59-4-100-17-70-60-53-75-43-9-47-22-92-23-57-35-67-42-20-82-40-29-95-13-93-24-34-54-81-91-68-83-6-79-77-25-48-89-84-55-78-7-19-73-63-18-44
Ta100x20,5,5,500,0.8875,0.075,5,2230505246,17000,6606,6377,6009,6.505776048,v2_avx512bw_vec32_exact_perm,33-14-10-64-5-98-50-12-30-32-38-62-75-45-39-2-3-72-11-28-90-69-4-97-15-85-31-21-1-8-58-74-76-56-53-61-49-46-87-100-41-94-9-16-27-52-37-36-70-82-20-23-29-81-71-99-65-92-47-57-59-22-68-17-88-96-66-83-60-44-26-40-89-80-95-51-35-13-86-93-48-25-84-91-43-34-24-42-79-54-55-6-77-7-19-78-73-63-18-67
Ta100x20,5,5,500,0.8875,0.075,6,2230506255,17000,6612,6377,6009,6.956143121,v2_avx512bw_vec32_exact_perm,64-14-33-10-98-50-11-28-32-12-97-58-38-3-62-30-5-39-69-1-90-76-52-70-41-72-21-94-37-88-53-36-2-56-74-49-16-20-31-65-17-85-22-87-40-68-15-6-27-8-42-46-59-99-96-13-95-35-4-26-71-60-23-82-92-47-61-51-81-29-45-55-86-93-91-100-48-78-66-89-57-9-80-19-7-43-75-84-24-79-25-73-34-83-54-67-44-77-63-18
Ta100x20,5,5,500,0.8875,0.075,7,2230507264,17000,6660,6377,6009,6.612726887,v2_avx512bw_vec32_exact_perm,33-14-64-11-97-16-50-30-5-1-62-58-12-99-71-32-94-81-76-85-74-98-4-15-39-10-3-36-56-80-95-87-90-65-46-41-23-70-69-100-52-2-72-88-49-53-37-8-59-6-28-21-66-61-57-25-27-96-31-60-17-68-92-67-45-38-22-26-47-29-13-42-40-93-82-75-20-35-86-34-24-48-43-83-73-89-79-9-51-55-91-84-7-78-19-77-44-54-63-18
Ta100x20,5,5,500,0.8875,0.075,8,2230508273,17000,6625,6377,6009,6.857054637,v2_avx512bw_vec32_exact_perm,64-51-14-32-33-62-97-16-39-74-50-81-10-98-17-5-90-12-58-60-38-99-94-85-2-28-30-95-15-70-72-11-46-41-69-86-1-76-49-37-87-8-75-53-61-52-23-88-4-56-24-92-65-80-45-100-40-59-48-27-35-20-22-91-29-66-9-21-31-47-26-43-96-71-6-54-13-3-68-93-67-57-83-42-36-79-55-82-84-25-78-7-19-77-89-73-44-34-63-18
Ta100x20,5,5,500,0.8875,0.075,9,2230509282,17000,6603,6377,6009,6.566780011,v2_avx512bw_vec32_exact_perm,64-51-50-12-14-10-32-81-56-98-28-72-94-90-87-30-97-38-70-65-39-62-58-85-37-49-41-69-5-76-1-3-11-95-8-53-46-61-74-45-52-2-42-75-6-33-57-36-9-31-26-27-29-47-15-21-92-17-23-59-80-86-60-16-40-68-82-91-71-20-35-22-25-4-66-83-96-93-99-34-88-100-67-55-89-43-48-24-77-13-79-84-78-19-44-54-7-73-63-18
Ta100x20,5,5,500,0.8875,0.075,10,2230510291,17000,6639,6377,6009,6.297868949,v2_avx512bw_vec32_exact_perm,64-14-98-11-69-33-50-97-62-32-99-16-5-58-39-37-28-8-38-2-10-65-12-56-94-30-41-72-87-1-74-90-3-70-49-52-36-45-25-9-46-29-26-21-15-71-93-42-80-20-6-35-76-68-22-66-79-84-100-40-78-75-82-13-60-59-4-31-23-53-54-92-61-44-86-85-57-96-81-27-43-47-24-73-7-95-88-19-83-51-55-91-17-77-48-89-34-67-63-18
Ta100x20,5,5,500,0.8875,0.1,1,2230501210,17000,6678,6377,6009,6.672438798,v2_avx512bw_vec32_exact_perm,14-32-33-64-49-85-62-16-98-37-10-2-97-12-21-17-94-11-69-38-28-58-5-74-1-8-72-99-52-70-39-65-29-30-41-51-76-36-87-3-15-68-56-78-35-60-6-61-100-46-13-90-45-42-88-71-40-66-26-22-31-53-27-4-80-23-20-91-50-57-95-93-81-48-47-19-59-82-92-9-96-75-54-84-55-79-86-44-73-24-83-89-67-43-7-77-25-34-63-18
Ta100x20,5,5,500,0.8875,0.1,2,2230502219,17000,6666,6377,6009,6.60874684,v2_avx512bw_vec32_exact_perm,25-64-32-14-11-94-95-61-12-50-10-87-92-74-97-98-3-90-37-16-72-28-69-70-58-38-2-20-56-65-76-41-71-49-39-85-5-47-42-45-100-1-52-22-4-6-8-33-40-35-59-15-88-81-27-53-36-60-21-51-23-9-99-66-75-29-68-31-80-57-34-48-82-73-86-93-26-30-91-17-96-55-67-83-78-54-79-13-44-46-84-7-77-89-24-43-19-63-18-62
Ta100x20,5,5,500,0.8875,0.1,3,2230503228,17000,6663,6377,6009,6.243894511,v2_avx512bw_vec32_exact_perm,51-33-64-14-5-98-12-91-37-50-69-2-97-10-58-62-16-94-32-1-49-56-39-90-70-74-87-3-38-11-95-28-85-76-9-71-66-30-61-92-72-6-52-80-26-4-47-36-75-65-53-59-22-17-41-20-42-23-27-82-31-13-84-21-99-81-45-88-60-86-79-46-55-25-96-93-40-83-78-15-57-8-35-54-68-48-24-19-100-44-43-7-89-29-34-77-73-63-18-67
Ta100x20,5,5,500,0.8875,0.1,4,2230504237,17000,6595,6377,6009,7.195841867,v2_avx512bw_vec32_exact_perm,25-10-32-64-14-11-98-69-94-97-68-58-39-65-28-12-37-21-62-2-5-74-76-72-90-41-29-8-45-30-53-1-46-17-33-16-38-4-20-3-22-71-47-85-57-56-15-87-66-91-36-63-49-50-42-95-52-35-31-100-48-13-82-27-96-70-60-81-92-99-55-59-93-80-86-61-75-40-34-89-88-6-24-43-23-83-9-54-19-44-79-26-84-78-7-73-77-51-18-67
Ta100x20,5,5,500,0.8875,0.1,5,2230505246,17000,6616,6377,6009,6.594667138,v2_avx512bw_vec32_exact_perm,33-14-64-50-98-10-12-11-32-55-97-28-16-78-62-38-58-56-21-15-69-2-65-39-74-1-90-60-85-99-49-8-37-47-23-94-5-66-72-20-46-87-70-41-31-53-71-22-75-36-52-3-45-6-51-9-82-26-17-40-27-81-35-61-76-30-29-4-57-59-86-42-88-96-93-80-84-91-100-89-25-13-7-48-68-92-83-95-24-19-43-77-54-67-79-73-44-34-63-18
Ta100x20,5,5,500,0.8875,0.1,6,2230506255,17000,6613,6377,6009,6.636494461,v2_avx512bw_vec32_exact_perm,14-64-51-50-33-32-97-30-94-90-70-98-10-41-39-62-2-38-72-74-5-37-12-11-65-53-1-76-49-75-58-69-6-80-81-45-31-16-29-52-23-9-13-4-15-17-99-36-95-68-28-61-46-56-66-54-71-8-42-92-59-35-91-84-100-3-20-87-22-47-93-60-82-85-27-21-96-24-40-86-88-34-79-73-26-25-55-83-57-48-89-7-44-43-78-67-19-77-63-18
Ta100x20,5,5,500,0.8875,0.1,7,2230507264,17000,6620,6377,6009,6.780897055,v2_avx512bw_vec32_exact_perm,64-14-97-10-33-50-11-72-32-12-5-98-85-30-56-16-62-90-69-28-52-1-38-20-49-74-2-15-87-68-36-76-13-60-9-45-23-21-3-51-94-29-37-47-65-75-100-4-41-70-42-61-39-66-88-40-48-22-6-53-71-92-86-99-17-96-8-93-59-95-81-26-46-27-54-35-84-43-82-91-80-25-19-24-57-79-31-55-58-44-89-83-78-73-7-34-77-63-18-67
Ta100x20,5,5,500,0.8875,0.1,8,2230508273,17000,6626,6377,6009,6.839921575,v2_avx512bw_vec32_exact_perm,33-14-98-11-64-5-10-97-32-12-3-94-87-16-95-62-65-50-85-38-39-30-74-49-15-71-45-69-61-41-72-56-29-28-37-1-21-76-58-92-9-90-6-80-20-53-99-52-8-60-36-23-46-66-59-42-96-4-47-75-70-100-40-88-13-22-31-17-81-91-27-48-51-35-2-82-83-54-55-79-57-68-93-84-78-7-86-25-77-26-43-19-24-73-44-89-34-63-18-67
Ta100x20,5,5,500,0.8875,0.1,9,2230509282,17000,6642,6377,6009,7.06241037,v2_avx512bw_vec32_exact_perm,10-51-98-14-64-50-32-97-11-33-12-58-16-65-5-62-69-38-94-41-3-30-85-28-37-49-39-8-56-36-2-72-46-1-100-6-76-21-52-9-87-70-59-95-45-66-90-15-4-48-42-20-53-80-75-13-40-27-26-96-24-92-79-77-22-99-31-29-88-57-60-71-47-23-93-17-81-84-82-61-91-68-35-74-7-19-86-25-73-83-55-78-43-54-44-89-34-63-18-67
Ta100x20,5,5,500,0.8875,0.1,10,2230510291,17000,6672,6377,6009,6.858429382,v2_avx512bw_vec32_exact_perm,14-98-12-32-50-64-74-16-94-11-8-39-10-70-41-30-72-90-71-25-65-37-99-38-1-36-3-28-58-69-6-23-46-76-2-15-52-4-9-33-53-75-31-95-61-26-29-22-27-21-85-80-66-47-56-96-60-5-45-57-79-67-34-59-100-35-97-40-92-51-42-84-20-82-87-89-68-91-77-86-73-49-19-55-88-78-93-48-17-44-81-7-13-54-83-24-43-62-63-18
Ta100x20,5,5,500,0.8875,0.125,1,2230501210,17000,6684,6377,6009,6.784575006,v2_avx512bw_vec32_exact_perm,14-64-62-28-98-30-50-38-12-56-33-97-11-76-5-90-35-32-39-88-2-74-94-72-10-69-71-22-53-34-21-92-49-16-1-99-65-95-86-36-3-46-15-52-20-85-29-58-4-45-51-8-47-37-91-100-87-80-27-61-41-59-70-31-60-66-26-23-43-40-42-81-13-82-9-57-96-68-79-24-55-25-48-17-84-6-93-89-83-78-19-54-77-44-7-75-73-63-18-67
Ta100x20,5,5,500,0.8875,0.125,2,2230502219,17000,6648,6377,6009,6.367709877,v2_avx512bw_vec32_exact_perm,51-14-64-62-33-50-11-97-37-12-98-32-99-16-70-30-90-41-3-10-5-60-72-2-58-38-49-28-74-94-1-21-52-39-56-46-23-8-76-15-82-36-59-69-75-87-17-91-53-67-40-6-45-85-20-71-4-61-100-26-66-88-65-96-7-13-86-92-24-81-57-29-22-31-93-80-47-27-48-35-42-25-9-83-34-68-89-84-55-95-19-78-43-79-77-54-73-44-63-18
Ta100x20,5,5,500,0.8875,0.125,3,2230503228,17000,6650,6377,6009,6.845057099,v2_avx512bw_vec32_exact_perm,33-14-64-5-10-90-32-16-94-50-11-98-74-1-69-76-12-72-99-97-38-45-2-87-82-39-15-56-96-58-85-49-3-52-8-31-65-70-30-62-37-21-36-20-23-53-71-88-26-47-29-9-6-4-66-61-95-28-17-46-86-35-40-92-100-57-13-27-48-81-93-54-68-41-34-89-22-59-80-44-83-91-42-24-60-43-67-19-77-7-79-73-75-78-84-25-51-55-63-18
Ta100x20,5,5,500,0.8875,0.125,4,2230504237,17000,6623,6377,6009,6.938484436,v2_avx512bw_vec32_exact_perm,64-14-33-32-62-50-97-16-12-38-30-98-10-69-11-94-90-74-5-76-72-45-2-87-95-15-100-56-13-65-52-1-3-28-37-22-75-31-61-85-42-4-8-27-39-60-36-70-81-29-6-23-40-53-49-71-80-26-59-24-20-51-21-41-48-66-17-88-68-82-9-96-46-57-25-91-99-84-47-55-92-86-83-54-89-58-79-93-78-73-43-44-35-34-7-77-19-63-18-67
Ta100x20,5,5,500,0.8875,0.125,5,2230505246,17000,6653,6377,6009,6.471096539,v2_avx512bw_vec32_exact_perm,33-14-64-11-98-16-62-74-50-5-12-85-32-30-39-97-49-37-72-71-94-70-69-52-76-38-10-2-41-61-31-56-28-27-3-59-1-90-80-58-45-87-21-6-15-46-65-53-75-60-4-66-95-26-92-8-82-22-96-40-100-36-88-86-20-93-23-29-13-51-17-47-83-81-9-54-34-42-99-43-35-24-57-48-68-7-77-73-89-67-91-25-19-84-79-63-55-18-78-44
Ta100x20,5,5,500,0.8875,0.125,6,2230506255,17000,6615,6377,6009,6.380265913,v2_avx512bw_vec32_exact_perm,33-14-50-64-51-69-94-38-98-30-32-39-97-2-12-58-76-90-85-99-1-65-11-53-23-72-74-62-16-5-28-52-87-3-4-71-10-70-6-15-9-49-81-17-59-56-21-75-46-26-95-60-68-41-29-36-80-57-37-31-40-42-92-45-8-22-24-66-61-13-47-27-96-86-78-35-84-88-100-54-43-83-20-79-55-82-19-91-67-25-73-93-34-48-89-7-77-63-18-44
Ta100x20,5,5,500,0.8875,0.125,7,2230507264,17000,6619,6377,6009,6.263800015,v2_avx512bw_vec32_exact_perm,33-14-32-11-5-98-12-62-2-38-28-50-97-74-94-64-10-90-69-76-3-1-15-17-30-72-39-52-85-96-9-53-41-44-70-19-16-65-4-49-58-20-37-56-51-47-40-8-6-36-23-92-45-71-61-66-75-99-86-88-29-46-26-59-13-60-100-68-91-67-35-87-31-80-95-83-27-22-82-93-48-84-42-79-81-54-57-25-89-34-43-24-21-55-73-7-77-78-63-18
Ta100x20,5,5,500,0.8875,0.125,8,2230508273,17000,6622,6377,6009,6.463222309,v2_avx512bw_vec32_exact_perm,14-64-50-32-33-62-11-10-12-97-56-94-98-58-51-90-76-72-37-5-15-30-41-92-85-3-2-74-31-81-6-1-17-95-28-68-46-91-70-53-65-75-61-52-38-16-8-49-69-21-88-36-24-59-23-29-48-4-47-27-40-26-79-45-71-39-22-60-35-20-13-42-99-9-80-100-66-93-96-34-57-86-87-44-84-82-25-83-43-78-55-19-54-89-7-73-77-63-18-67
Ta100x20,5,5,500,0.8875,0.125,9,2230509282,17000,6652,6377,6009,6.491738215,v2_avx512bw_vec32_exact_perm,14-33-50-15-75-64-65-32-58-5-39-97-11-69-12-28-62-10-2-99-37-98-90-30-38-94-76-41-1-52-74-45-85-16-3-6-61-17-8-72-87-49-59-46-60-100-35-27-80-53-31-71-23-66-22-56-4-20-21-40-42-9-29-68-48-36-13-47-70-83-51-26-84-86-95-81-54-82-96-89-88-92-43-79-44-57-67-7-73-24-55-91-19-78-77-25-93-34-63-18
Ta100x20,5,5,500,0.8875,0.125,10,2230510291,17000,6647,6377,6009,6.403698083,v2_avx512bw_vec32_exact_perm,33-14-50-16-5-64-10-28-12-94-62-30-98-90-97-32-95-38-76-49-1-3-81-11-69-85-87-56-2-41-72-20-39-70-52-6-15-21-29-59-17-58-31-36-91-80-45-37-75-46-42-100-4-53-68-61-8-71-26-65-40-48-35-60-27-74-47-22-54-99-66-9-79-92-24-23-55-57-51-82-88-44-86-93-96-13-83-78-43-84-25-19-34-89-7-73-67-77-63-18
Ta100x20,5,5,500,0.925,0.025,1,2230501210,17000,6677,6377,6009,7.563814717,v2_avx512bw_vec32_exact_perm,14-64-32-33-50-10-11-12-94-70-5-16-98-2-97-30-71-74-99-61-4-28-38-56-51-21-87-3-37-17-69-15-52-49-9-72-39-76-90-1-85-81-46-75-60-65-66-100-53-80-41-31-25-22-36-8-67-45-26-58-91-6-27-29-48-82-96-59-40-88-42-44-86-20-35-95-7-84-47-93-68-57-78-43-92-24-54-18-23-19-89-13-83-55-79-73-77-34-63-62
Ta100x20,5,5,500,0.925,0.025,2,2230502219,17000,6652,6377,6009,7.06506557,v2_avx512bw_vec32_exact_perm,62-51-14-30-64-50-11-98-97-12-10-72-2-38-49-90-76-5-39-1-3-85-94-74-36-87-24-58-32-16-31-69-33-15-46-41-37-29-65-53-70-6-92-4-66-8-86-21-28-71-75-61-88-47-56-23-17-26-20-52-27-84-45-95-81-96-91-59-42-9-13-40-99-34-80-68-89-73-100-25-57-60-82-19-55-79-48-44-78-35-83-22-54-93-7-43-77-63-18-67
Ta100x20,5,5,500,0.925,0.025,3,2230503228,17000,6627,6377,6009,7.232383565,v2_avx512bw_vec32_exact_perm,64-50-14-33-62-98-5-16-97-2-12-39-10-32-28-74-72-1-11-90-30-56-71-17-58-76-69-3-41-31-65-85-37-94-53-87-61-26-4-38-51-81-6-92-29-66-8-15-100-9-67-45-52-80-59-99-95-13-36-46-21-70-23-27-60-86-75-35-43-96-40-88-42-20-57-22-49-84-68-55-82-25-54-19-91-47-48-93-79-24-34-83-73-89-7-77-63-18-78-44
Ta100x20,5,5,500,0.925,0.025,4,2230504237,17000,6622,6377,6009,7.056876888,v2_avx512bw_vec32_exact_perm,14-11-50-33-10-32-64-97-62-94-98-58-30-5-74-90-69-41-38-49-12-2-37-31-72-76-85-28-1-3-8-16-81-60-46-21-65-92-6-56-51-70-87-39-24-17-15-52-61-35-53-27-59-47-22-4-71-23-80-20-36-40-88-91-84-95-96-93-67-45-26-68-99-29-86-75-55-100-66-89-82-42-54-13-57-48-83-25-7-73-77-9-43-34-79-19-63-18-78-44
Ta100x20,5,5,500,0.925,0.025,5,2230505246,17000,6647,6377,6009,7.215177593,v2_avx512bw_vec32_exact_perm,14-11-64-50-32-33-12-97-98-74-70-94-39-38-58-49-30-90-1-41-28-10-15-45-4-3-87-69-16-72-75-65-2-37-62-46-40-99-59-52-76-8-17-85-5-89-29-56-86-31-100-96-88-71-43-95-36-66-92-47-22-21-68-93-23-84-82-25-27-26-80-61-53-51-60-13-24-9-42-48-91-81-20-6-73-57-7-35-19-54-83-55-78-44-79-34-77-63-18-67
Ta100x20,5,5,500,0.925,0.025,6,2230506255,17000,6624,6377,6009,6.91790194,v2_avx512bw_vec32_exact_perm,51-64-32-97-14-11-98-10-12-33-41-61-30-50-36-74-94-90-39-1-21-38-85-72-16-53-100-70-37-58-28-69-49-99-15-95-5-3-56-46-60-87-13-76-52-4-29-23-92-20-75-9-40-8-71-62-35-65-66-22-81-26-80-34-42-45-59-79-93-47-86-88-48-2-68-96-27-89-31-6-84-57-17-91-83-55-82-73-24-67-25-43-7-54-19-77-63-18-78-44
Ta100x20,5,5,500,0.925,0.025,7,2230507264,17000,6607,6377,6009,6.772191162,v2_avx512bw_vec32_exact_perm,14-64-50-11-12-98-30-5-16-69-97-10-87-32-94-41-90-38-76-39-62-65-1-71-58-85-33-60-74-3-99-92-8-70-15-72-37-2-46-20-24-56-61-28-75-52-21-31-47-49-35-45-26-51-53-23-40-13-86-100-27-68-80-91-4-22-96-29-42-82-66-17-59-88-55-81-95-93-36-54-89-6-57-34-79-83-48-25-43-73-84-9-19-67-78-7-77-44-63-18
Ta100x20,5,5,500,0.925,0.025,8,2230508273,17000,6658,6377,6009,6.85210086,v2_avx512bw_vec32_exact_perm,14-98-11-50-12-97-30-64-62-32-65-52-74-99-2-69-38-28-37-45-39-58-49-72-15-94-90-5-76-82-16-1-10-87-6-56-31-70-88-53-29-21-92-36-81-27-60-59-41-51-8-85-4-96-20-91-66-75-3-61-40-86-57-13-26-17-42-46-80-71-95-55-23-9-47-100-93-35-22-54-48-79-33-83-68-24-44-43-78-84-19-7-73-34-77-89-67-25-63-18
Ta100x20,5,5,500,0.925,0.025,9,2230509282,17000,6618,6377,6009,6.927938113,v2_avx512bw_vec32_exact_perm,64-14-33-50-11-98-62-41-94-12-74-90-16-59-10-3-32-17-97-53-30-1-38-28-95-69-39-76-52-49-85-31-65-15-58-8-21-46-72-5-36-79-20-81-2-70-56-47-71-60-45-87-93-4-66-27-61-80-37-29-23-26-13-96-100-92-40-55-57-67-6-99-42-86-54-48-75-9-82-51-35-84-88-83-22-68-43-91-19-24-25-89-73-7-34-77-63-18-78-44
Ta100x20,5,5,500,0.925,0.025,10,2230510291,17000,6641,6377,6009,6.65624598,v2_avx512bw_vec32_exact_perm,64-14-50-5-33-11-97-32-10-16-98-69-41-30-94-20-90-74-28-35-58-38-39-12-76-1-85-2-62-71-87-3-91-21-15-49-56-75-37-72-60-92-70-53-4-61-8-36-17-46-66-6-24-23-13-26-86-65-45-96-81-31-100-52-51-9-22-82-99-88-29-27-54-57-42-59-80-40-93-95-25-83-47-19-78-55-48-84-7-79-89-68-73-44-43-34-77-63-18-67
Ta100x20,5,5,500,0.925,0.05,1,2230501210,17000,6631,6377,6009,6.296602787,v2_avx512bw_vec32_exact_perm,33-14-64-10-32-11-30-97-50-12-98-39-38-16-69-62-28-37-74-36-94-72-5-99-70-87-65-85-3-56-1-31-71-60-49-76-15-21-95-61-41-6-53-90-81-26-80-20-46-45-47-52-2-59-9-17-58-35-13-27-100-23-92-42-84-4-51-96-8-75-24-22-29-55-82-68-40-66-91-79-86-25-88-43-93-57-89-7-77-48-83-78-73-44-54-67-34-19-63-18
Ta100x20,5,5,500,0.925,0.05,2,2230502219,17000,6604,6377,6009,6.496720369,v2_avx512bw_vec32_exact_perm,33-14-64-32-11-50-97-30-12-98-74-62-38-5-16-2-45-72-94-1-52-10-58-65-28-76-31-69-85-87-3-46-36-53-20-21-100-41-4-9-99-15-51-56-61-90-70-35-37-39-47-60-26-6-75-57-92-8-29-40-17-42-23-95-71-88-66-96-55-49-27-80-81-44-59-48-68-82-77-13-25-83-22-54-93-86-19-24-78-84-7-79-34-89-91-73-43-63-18-67
Ta100x20,5,5,500,0.925,0.05,3,2230503228,17000,6655,6377,6009,6.615399778,v2_avx512bw_vec32_exact_perm,62-14-33-30-64-32-5-50-16-11-3-97-39-15-56-74-37-94-98-90-72-41-10-70-12-21-52-58-28-4-1-2-31-76-85-38-6-59-60-53-88-80-81-61-69-92-49-9-29-46-27-45-100-65-96-66-40-13-99-51-47-23-95-8-82-36-87-93-86-71-91-57-42-54-75-17-26-20-22-77-68-25-84-83-24-35-19-73-7-48-79-78-44-55-43-34-89-63-18-67
Ta100x20,5,5,500,0.925,0.05,4,2230504237,17000,6632,6377,6009,6.498706305,v2_avx512bw_vec32_exact_perm,14-64-32-11-50-30-98-38-39-12-62-97-69-70-41-65-33-16-37-2-17-95-58-72-53-94-61-85-74-5-28-49-71-1-3-76-46-45-52-4-87-20-68-56-21-23-42-60-10-90-26-100-59-13-80-40-96-66-8-36-75-99-22-29-92-6-35-86-57-31-79-15-27-55-73-82-25-51-47-91-24-43-67-83-88-81-54-93-48-89-19-9-84-7-77-78-44-34-63-18
Ta100x20,5,5,500,0.925,0.05,5,2230505246,17000,6627,6377,6009,6.703885777,v2_avx512bw_vec32_exact_perm,64-51-98-30-38-62-33-61-94-32-39-3-99-50-12-14-97-65-28-10-1-70-58-87-74-90-80-16-59-37-6-11-72-85-45-15-8-76-2-36-52-56-47-31-53-4-23-60-49-29-20-68-5-21-92-95-24-41-46-69-35-88-71-96-55-81-75-17-13-40-82-27-54-22-91-84-100-79-9-86-43-57-42-48-25-83-78-26-77-93-19-66-89-7-73-44-67-34-63-18
Ta100x20,5,5,500,0.925,0.05,6,2230506255,17000,6591,6377,6009,6.50822152,v2_avx512bw_vec32_exact_perm,14-64-50-32-10-11-62-16-98-39-30-12-97-85-76-94-33-31-80-69-90-49-72-51-65-45-37-99-61-28-3-74-17-1-58-8-46-4-22-38-91-21-52-15-56-2-36-60-59-6-27-47-82-41-81-44-100-23-70-29-96-55-66-26-5-75-42-53-25-84-88-92-86-71-20-40-87-68-95-57-13-48-35-93-54-89-73-7-24-19-43-9-83-79-78-34-77-63-18-67
Ta100x20,5,5,500,0.925,0.05,7,2230507264,17000,6650,6377,6009,6.468366506,v2_avx512bw_vec32_exact_perm,51-98-14-97-50-38-33-64-32-11-30-39-69-12-49-94-58-90-5-16-45-37-87-10-65-28-92-3-52-1-74-41-72-8-95-36-6-85-2-31-76-56-46-15-47-71-75-26-61-23-60-99-42-24-68-70-78-4-13-25-59-17-81-66-20-40-88-53-86-29-91-67-21-73-79-57-82-27-22-93-96-48-35-7-9-84-100-54-83-44-55-80-34-43-77-89-19-63-18-62
Ta100x20,5,5,500,0.925,0.05,8,2230508273,17000,6634,6377,6009,6.374362178,v2_avx512bw_vec32_exact_perm,33-14-64-5-10-62-32-16-30-98-11-65-50-37-74-3-38-97-1-41-28-90-94-58-12-52-72-8-46-69-92-56-26-59-61-36-60-21-9-85-31-71-95-49-76-35-6-68-53-87-2-20-39-27-66-45-96-70-4-23-15-79-40-93-29-54-57-80-42-84-51-81-86-44-22-17-100-47-43-82-13-75-25-78-83-88-48-55-99-89-91-19-24-77-73-7-34-63-18-67
Ta100x20,5,5,500,0.925,0.05,9,2230509282,17000,6652,6377,6009,6.511417165,v2_avx512bw_vec32_exact_perm,64-51-14-98-5-97-11-62-50-16-99-70-90-33-12-10-81-28-74-76-94-31-32-65-39-69-15-1-27-58-36-2-85-72-53-49-46-56-37-21-3-41-71-8-87-95-30-47-45-61-38-13-60-17-88-59-52-82-92-23-96-40-75-4-100-26-68-22-57-42-66-20-25-29-6-84-80-79-44-9-34-48-86-43-19-93-89-83-73-7-24-78-35-63-55-91-18-77-54-67
Ta100x20,5,5,500,0.925,0.05,10,2230510291,17000,6618,6377,6009,6.367518245,v2_avx512bw_vec32_exact_perm,33-14-64-10-32-11-97-98-5-12-94-56-74-3-62-73-90-28-26-16-39-95-100-70-72-76-2-71-46-38-49-9-87-69-50-8-61-53-41-31-52-1-4-81-15-37-58-96-17-30-65-80-13-20-66-22-75-36-29-21-23-99-40-6-55-59-35-68-57-92-79-47-27-60-51-42-45-85-48-93-88-82-84-86-67-83-91-43-24-54-89-25-19-7-34-77-63-18-78-44
Ta100x20,5,5,500,0.925,0.075,1,2230501210,17000,6630,6377,6009,6.44016566,v2_avx512bw_vec32_exact_perm,64-98-51-50-62-14-32-5-33-11-12-2-10-76-97-74-94-90-72-15-70-41-39-69-30-87-58-99-8-23-71-60-37-55-21-36-52-20-28-6-27-56-49-38-46-16-22-4-80-3-1-85-40-75-13-54-81-47-100-45-42-92-29-61-86-88-66-31-65-82-96-35-79-25-83-93-26-24-48-59-53-91-84-9-7-57-68-67-17-73-34-95-19-43-77-89-63-18-78-44
Ta100x20,5,5,500,0.925,0.075,2,2230502219,17000,6661,6377,6009,6.691599248,v2_avx512bw_vec32_exact_perm,10-51-14-33-32-50-12-97-64-65-98-37-16-41-8-28-3-5-53-30-36-62-58-52-49-15-72-38-94-90-70-69-61-74-45-17-76-1-87-39-60-95-56-42-11-20-4-26-47-85-23-75-21-9-29-6-92-31-66-46-40-99-2-82-80-24-88-71-13-86-27-22-48-81-96-100-68-59-93-57-44-35-55-54-19-83-78-84-91-79-34-73-43-77-89-25-7-63-18-67
Ta100x20,5,5,500,0.925,0.075,3,2230503228,17000,6679,6377,6009,7.216676686,v2_avx512bw_vec32_exact_perm,64-14-10-5-11-33-62-97-32-12-98-2-69-90-94-38-16-77-58-39-20-30-85-61-53-76-8-50-1-47-99-74-45-41-100-49-21-31-17-9-65-52-91-59-3-56-13-28-37-95-36-23-72-24-15-4-60-46-70-81-80-68-96-71-66-75-57-6-88-42-92-40-51-87-22-29-18-78-86-84-26-35-48-44-27-82-89-83-34-25-7-19-54-73-43-79-67-93-55-63
Ta100x20,5,5,500,0.925,0.075,4,2230504237,17000,6638,6377,6009,6.62110921,v2_avx512bw_vec32_exact_perm,64-51-98-50-33-3-97-12-94-42-14-16-32-10-90-56-38-30-87-41-62-5-76-69-49-9-53-21-37-17-39-28-1-52-99-15-74-65-6-70-72-11-81-61-71-75-45-66-26-40-85-58-27-60-46-96-4-23-36-8-79-100-59-29-57-92-31-82-54-47-2-95-84-22-13-86-68-73-89-67-55-20-88-24-43-19-83-78-35-91-25-93-7-77-34-80-48-63-18-44
Ta100x20,5,5,500,0.925,0.075,5,2230505246,17000,6616,6377,6009,6.548895063,v2_avx512bw_vec32_exact_perm,14-33-32-11-50-71-98-3-64-62-28-16-90-30-10-85-61-37-38-39-12-5-49-45-21-56-65-1-74-53-94-69-72-31-58-2-76-6-81-36-46-15-27-52-41-96-70-35-75-60-26-88-67-22-23-59-40-80-100-99-4-8-92-87-95-51-91-9-47-29-17-20-42-48-13-57-66-84-54-97-86-55-82-25-79-77-7-43-73-93-68-83-24-34-19-89-63-18-78-44
Ta100x20,5,5,500,0.925,0.075,6,2230506255,17000,6657,6377,6009,6.60198856,v2_avx512bw_vec32_exact_perm,33-14-64-97-62-50-38-30-11-98-58-94-56-99-36-90-12-85-61-70-32-72-16-74-49-46-76-95-88-15-69-52-1-10-2-80-75-81-65-71-17-28-53-29-37-6-3-41-5-31-39-60-51-24-92-4-23-45-47-8-82-77-68-66-26-20-93-21-35-34-83-22-87-59-40-27-57-78-67-42-48-13-86-96-84-100-91-43-9-89-79-25-54-73-55-44-7-19-63-18
Ta100x20,5,5,500,0.925,0.075,7,2230507264,17000,6632,6377,6009,6.500931963,v2_avx512bw_vec32_exact_perm,33-14-64-32-10-11-50-94-74-12-2-98-38-5-28-41-30-97-39-16-62-72-65-69-3-99-90-85-80-1-29-49-52-45-58-56-46-4-71-59-17-51-9-8-20-15-21-76-31-6-23-37-70-87-95-60-61-81-100-53-92-36-47-75-88-66-54-96-13-24-48-86-57-27-22-35-40-93-82-19-55-67-89-26-25-84-68-42-43-79-91-83-73-77-7-78-44-34-63-18
Ta100x20,5,5,500,0.925,0.075,8,2230508273,17000,6650,6377,6009,6.857824952,v2_avx512bw_vec32_exact_perm,33-14-64-50-62-28-11-98-32-90-30-5-74-97-38-70-15-69-39-2-12-81-37-41-3-72-10-49-16-46-53-100-94-45-1-8-65-56-85-87-76-51-4-79-21-59-95-99-31-52-9-92-61-17-58-75-36-6-27-88-68-26-22-82-71-84-24-91-13-47-29-23-86-54-57-60-40-48-42-96-20-93-35-25-66-83-55-77-43-80-44-89-78-19-7-34-73-63-18-67
Ta100x20,5,5,500,0.925,0.075,9,2230509282,17000,6646,6377,6009,6.908850975,v2_avx512bw_vec32_exact_perm,33-14-50-30-97-10-11-62-64-32-98-16-12-74-2-72-5-46-38-56-28-37-76-39-94-53-1-41-61-65-49-4-69-52-3-90-15-75-95-26-85-87-70-36-9-21-27-17-29-47-8-66-96-45-58-13-71-40-81-20-92-100-68-35-88-23-60-22-57-55-82-31-42-83-80-6-59-79-51-48-54-24-99-91-25-43-73-84-89-7-19-67-77-86-78-93-44-34-63-18
Ta100x20,5,5,500,0.925,0.075,10,2230510291,17000,6652,6377,6009,7.762652447,v2_avx512bw_vec32_exact_perm,14-64-5-50-11-33-30-41-32-10-70-97-16-39-65-99-62-98-52-58-12-94-69-88-90-3-85-49-72-2-38-46-42-28-56-60-1-8-36-74-20-21-13-92-47-76-15-27-61-4-87-53-31-71-68-91-45-35-80-29-95-100-51-9-59-26-23-6-96-40-37-66-57-86-25-81-55-17-19-75-84-67-22-24-43-83-48-89-73-93-82-79-77-78-7-54-44-34-63-18
Ta100x20,5,5,500,0.925,0.1,1,2230501210,17000,6615,6377,6009,6.671831346,v2_avx512bw_vec32_exact_perm,14-33-32-11-12-64-85-62-5-97-94-10-100-30-38-98-2-72-53-36-52-58-70-1-74-46-80-50-34-15-3-16-29-49-28-41-56-39-8-69-22-99-40-21-48-31-26-90-13-65-24-4-27-20-47-87-76-61-25-60-92-9-42-66-81-71-59-82-23-45-96-37-57-75-6-51-35-17-93-88-55-91-86-44-43-54-83-78-84-7-19-68-79-73-95-77-89-63-18-67
Ta100x20,5,5,500,0.925,0.1,2,2230502219,17000,6663,6377,6009,6.365578218,v2_avx512bw_vec32_exact_perm,14-64-33-5-11-28-30-50-61-38-12-10-98-32-97-2-74-62-17-37-94-65-39-72-90-69-1-41-58-85-16-23-29-53-76-3-22-100-52-36-70-75-86-20-21-31-71-81-6-8-35-95-15-40-56-4-9-49-27-80-66-92-84-46-47-59-42-68-13-78-87-93-82-45-83-60-67-96-99-51-44-79-26-25-57-55-88-19-7-24-43-34-48-91-77-89-54-73-63-18
Ta100x20,5,5,500,0.925,0.1,3,2230503228,17000,6660,6377,6009,6.476676203,v2_avx512bw_vec32_exact_perm,51-14-32-33-61-64-62-5-97-10-16-50-98-94-90-74-39-15-72-27-30-28-8-12-41-69-65-76-56-11-100-2-52-1-6-9-3-85-95-36-4-38-81-49-75-37-86-87-80-66-20-23-57-53-31-59-46-42-79-60-70-29-71-26-91-47-92-45-88-84-99-68-58-17-22-96-40-21-82-73-48-55-35-54-25-93-44-83-13-77-89-7-24-78-34-19-43-63-18-67
Ta100x20,5,5,500,0.925,0.1,4,2230504237,17000,6680,6377,6009,6.453145158,v2_avx512bw_vec32_exact_perm,64-10-14-30-32-5-33-97-12-11-50-98-56-99-94-74-16-70-72-1-2-37-39-60-41-28-67-58-69-85-15-53-90-20-3-87-38-22-21-76-75-9-47-51-71-17-84-25-95-80-100-59-8-27-36-46-23-29-35-65-6-92-52-45-68-49-61-40-91-31-79-55-81-86-34-83-4-89-88-82-93-48-42-66-73-96-13-7-26-24-54-44-78-57-43-19-77-63-18-62
Ta100x20,5,5,500,0.925,0.1,5,2230505246,17000,6610,6377,6009,6.642228459,v2_avx512bw_vec32_exact_perm,14-33-62-64-50-30-38-12-32-76-72-28-97-2-69-98-16-85-56-45-1-10-81-3-11-4-21-71-87-8-74-95-94-49-88-6-59-65-41-17-20-90-47-15-5-36-52-26-99-70-61-39-37-58-68-23-60-82-48-92-13-46-57-27-75-40-66-100-42-96-22-24-55-29-35-83-86-93-53-54-31-25-34-80-84-91-67-73-43-44-89-79-19-9-7-51-78-77-63-18
Ta100x20,5,5,500,0.925,0.1,6,2230506255,17000,6642,6377,6009,7.454555811,v2_avx512bw_vec32_exact_perm,64-51-62-98-50-10-12-14-32-11-97-33-30-38-72-100-74-21-5-70-16-2-56-27-1-3-67-94-95-52-65-69-85-9-87-15-29-28-8-31-47-37-53-23-41-39-60-71-36-57-26-92-76-99-58-90-80-61-48-40-6-59-79-46-45-81-82-86-96-55-4-17-49-13-20-35-93-42-84-91-66-22-7-88-68-83-54-24-43-25-19-73-34-75-77-89-63-18-78-44
Ta100x20,5,5,500,0.925,0.1,7,2230507264,17000,6651,6377,6009,7.617530674,v2_avx512bw_vec32_exact_perm,64-14-62-33-31-10-74-98-97-11-56-32-92-72-94-12-50-27-70-41-30-90-2-52-28-38-17-39-15-3-69-8-21-46-5-66-1-65-60-96-53-87-58-36-76-37-100-61-81-9-85-71-13-49-6-99-45-42-67-20-47-40-23-4-55-86-48-29-84-80-25-59-88-95-75-57-16-34-22-68-54-83-35-79-43-24-93-91-19-82-51-26-89-63-7-77-73-18-78-44
Ta100x20,5,5,500,0.925,0.1,8,2230508273,17000,6646,6377,6009,7.579899228,v2_avx512bw_vec32_exact_perm,33-64-14-97-98-12-62-10-32-5-37-50-72-30-74-11-28-65-56-39-49-90-52-85-76-16-58-94-69-1-38-61-36-99-6-46-87-75-31-60-41-70-4-40-42-21-9-20-92-15-2-82-81-95-8-100-3-53-13-66-80-51-57-23-24-22-45-96-59-17-86-68-71-84-27-55-29-43-47-88-83-25-26-91-77-54-48-7-35-78-44-34-89-79-73-93-19-63-18-67
Ta100x20,5,5,500,0.925,0.1,9,2230509282,17000,6684,6377,6009,7.680592625,v2_avx512bw_vec32_exact_perm,14-64-11-5-10-2-32-33-16-56-52-90-98-50-30-99-38-28-15-36-97-85-3-58-69-74-81-76-72-25-92-70-39-46-37-8-41-31-61-1-21-40-66-6-71-54-87-26-4-22-35-51-79-45-29-47-20-23-94-60-65-78-80-84-100-59-34-75-12-49-88-53-55-67-27-48-9-89-42-57-68-43-95-7-82-96-13-24-86-73-17-93-91-19-83-44-77-18-63-62
Ta100x20,5,5,500,0.925,0.1,10,2230510291,17000,6613,6377,6009,7.844605779,v2_avx512bw_vec32_exact_perm,64-51-62-32-97-33-2-3-14-38-30-98-39-50-11-12-28-85-5-61-69-99-52-8-74-72-10-41-94-1-37-53-4-91-21-81-90-58-84-17-70-27-65-42-16-76-46-29-49-56-95-47-59-15-23-71-89-66-40-13-6-55-26-80-31-45-35-75-54-87-83-36-68-82-57-96-22-100-92-20-67-86-88-73-24-77-60-7-43-25-93-34-48-79-9-19-63-18-78-44
Ta100x20,5,5,500,0.925,0.125,1,2230501210,17000,6626,6377,6009,6.686455073,v2_avx512bw_vec32_exact_perm,14-33-50-12-97-98-64-30-32-52-41-16-62-1-10-85-46-76-72-58-69-15-28-4-95-3-38-94-70-90-2-74-61-11-39-5-65-6-21-8-48-87-9-75-31-66-79-49-92-56-80-37-36-100-45-71-53-27-23-59-88-20-42-57-86-17-22-82-29-96-40-51-55-99-81-83-60-44-84-91-35-93-54-68-26-25-43-47-24-13-34-63-78-19-77-7-73-89-18-67
Ta100x20,5,5,500,0.925,0.125,2,2230502219,17000,6636,6377,6009,6.58528552,v2_avx512bw_vec32_exact_perm,14-64-50-74-33-10-5-32-12-11-94-98-62-76-30-97-72-58-1-16-21-70-8-69-38-2-90-65-85-100-45-39-60-37-41-28-66-3-61-15-80-95-47-52-53-6-31-92-36-87-27-46-56-29-22-67-49-68-35-17-4-42-13-23-84-40-43-91-96-55-88-24-51-82-93-71-86-48-57-25-34-75-20-9-7-26-81-83-54-99-78-59-79-19-73-44-77-89-63-18
Ta100x20,5,5,500,0.925,0.125,3,2230503228,17000,6662,6377,6009,6.759631939,v2_avx512bw_vec32_exact_perm,33-64-32-62-98-50-14-10-11-74-61-5-12-97-41-76-70-16-3-85-69-37-30-94-1-87-2-88-56-80-39-46-53-71-95-72-29-49-15-52-26-58-36-65-38-22-28-8-27-59-79-66-96-81-54-21-13-40-42-92-68-75-84-9-99-6-60-17-51-31-20-90-23-86-35-91-4-100-55-82-45-7-43-47-83-93-48-57-67-24-25-89-34-77-73-19-63-18-78-44
Ta100x20,5,5,500,0.925,0.125,4,2230504237,17000,6658,6377,6009,6.774129019,v2_avx512bw_vec32_exact_perm,64-51-50-98-90-12-32-14-10-76-69-97-41-52-28-78-62-22-74-23-5-11-2-80-72-38-49-33-94-37-75-36-58-30-95-61-85-15-1-83-88-70-39-6-71-65-100-99-8-17-60-13-3-16-59-56-53-4-92-46-9-93-21-27-47-45-42-81-82-20-57-66-96-84-87-68-43-40-31-48-35-79-26-86-54-24-91-25-29-73-34-44-89-7-55-19-77-63-18-67
Ta100x20,5,5,500,0.925,0.125,5,2230505246,17000,6680,6377,6009,6.599803672,v2_avx512bw_vec32_exact_perm,64-51-14-32-12-62-98-80-10-50-61-69-11-94-33-97-5-30-58-28-22-38-65-90-99-76-8-45-85-1-3-56-52-6-15-53-17-36-72-41-46-25-87-37-60-24-2-39-74-20-21-9-59-13-71-29-100-66-92-91-40-81-42-49-70-88-48-67-4-16-55-27-31-82-93-86-26-54-35-43-84-23-47-83-95-96-7-19-44-78-57-77-79-73-89-63-68-75-34-18
Ta100x20,5,5,500,0.925,0.125,6,2230506255,17000,6641,6377,6009,6.536696171,v2_avx512bw_vec32_exact_perm,14-33-98-12-30-32-64-50-10-74-3-97-2-11-38-5-94-71-72-16-28-56-81-39-69-90-8-95-70-27-65-9-20-17-58-61-41-87-85-76-49-36-46-37-52-6-15-47-1-79-51-23-53-26-31-4-59-80-99-66-24-29-45-42-93-57-96-34-60-35-88-89-68-21-92-25-75-100-22-48-40-82-13-73-67-54-83-91-44-77-7-86-43-84-63-78-19-55-18-62
Ta100x20,5,5,500,0.925,0.125,7,2230507264,17000,6646,6377,6009,6.325034857,v2_avx512bw_vec32_exact_perm,64-33-5-62-50-11-98-14-97-12-32-10-94-74-56-1-38-66-76-2-100-58-65-30-39-90-17-20-85-3-69-71-87-54-72-9-61-8-28-36-16-52-46-31-70-35-47-4-49-18-37-27-80-75-29-15-53-6-59-23-92-24-55-22-41-84-81-82-60-21-93-45-13-26-25-96-57-51-40-83-95-42-86-99-68-91-43-77-48-88-44-79-78-19-73-7-34-89-63-67
Ta100x20,5,5,500,0.925,0.125,8,2230508273,17000,6615,6377,6009,6.455358903,v2_avx512bw_vec32_exact_perm,10-51-98-64-97-14-50-12-74-17-32-33-62-3-85-38-30-5-94-16-46-72-70-11-65-52-20-90-28-27-2-1-53-76-6-66-15-41-39-9-37-42-13-61-69-36-75-49-21-100-47-60-26-92-45-87-96-8-56-58-71-59-29-80-68-88-31-23-57-95-4-25-81-19-24-22-54-40-99-91-82-44-55-84-48-79-86-78-77-7-35-93-83-73-89-34-43-63-18-67
Ta100x20,5,5,500,0.925,0.125,9,2230509282,17000,6652,6377,6009,6.398463751,v2_avx512bw_vec32_exact_perm,10-33-62-32-98-11-14-64-30-97-90-39-74-50-41-12-94-72-37-5-16-58-69-38-8-28-2-99-65-56-87-85-100-15-70-46-31-1-9-71-36-76-49-52-45-92-61-91-53-23-27-80-4-6-81-48-66-21-3-60-96-29-24-95-22-40-75-82-13-83-57-59-26-42-68-47-20-35-79-51-88-25-55-93-43-84-54-86-89-7-44-19-17-77-78-73-67-34-63-18
Ta100x20,5,5,500,0.925,0.125,10,2230510291,17000,6721,6377,6009,6.331915278,v2_avx512bw_vec32_exact_perm,14-33-5-11-97-64-32-38-12-94-3-76-56-50-30-87-28-71-10-98-15-90-1-16-2-61-69-39-95-74-49-72-36-37-46-65-9-4-41-6-20-53-92-70-52-25-21-85-40-17-48-29-13-75-99-55-45-58-60-82-80-51-88-93-59-66-79-22-42-100-23-43-57-8-96-81-27-47-24-91-7-84-68-63-86-78-35-83-54-26-31-77-19-89-73-18-67-34-44-62
Ta100x20,5,5,500,0.9625,0.025,1,2230501210,17000,6650,6377,6009,6.496841121,v2_avx512bw_vec32_exact_perm,51-98-62-30-11-94-33-38-14-32-50-72-97-21-65-74-56-39-2-90-4-12-16-27-28-85-1-87-58-8-69-76-95-10-3-64-47-6-41-49-53-15-91-70-71-61-37-23-29-46-81-40-13-92-36-52-20-42-79-66-100-96-5-26-68-9-45-22-35-88-60-82-57-99-31-55-86-80-59-84-89-17-73-24-48-83-25-75-78-43-93-54-7-67-19-44-77-34-63-18
Ta100x20,5,5,500,0.9625,0.025,2,2230502219,17000,6639,6377,6009,6.433524551,v2_avx512bw_vec32_exact_perm,64-51-50-11-14-97-39-98-62-85-32-12-28-72-38-74-33-94-3-58-69-5-16-90-6-1-49-41-99-76-65-37-30-10-56-52-60-21-15-36-53-27-92-13-17-9-66-29-70-87-95-46-96-23-31-2-75-61-59-71-80-47-26-8-100-88-4-40-20-22-42-57-82-45-84-79-68-48-25-83-54-81-91-24-43-93-67-86-34-73-35-55-89-77-7-19-63-18-78-44
Ta100x20,5,5,500,0.9625,0.025,3,2230503228,17000,6665,6377,6009,6.685011598,v2_avx512bw_vec32_exact_perm,14-50-33-30-64-62-10-32-98-97-11-72-70-16-12-5-38-69-99-51-76-58-94-49-52-65-1-37-74-61-45-39-90-85-31-17-2-9-28-41-20-36-66-80-60-57-21-84-75-6-71-81-47-86-46-27-53-56-15-3-59-91-82-8-96-42-48-23-22-4-25-88-55-29-40-54-13-92-26-24-95-87-19-100-89-68-93-78-44-83-79-73-35-7-34-77-43-63-18-67
Ta100x20,5,5,500,0.9625,0.025,4,2230504237,17000,6626,6377,6009,6.51684821,v2_avx512bw_vec32_exact_perm,33-14-64-50-38-30-5-98-74-28-62-99-39-94-16-32-90-97-3-12-72-65-8-10-2-9-11-69-56-6-41-52-15-61-95-79-71-45-26-1-46-100-49-31-36-22-21-87-76-53-59-85-75-20-17-58-37-66-4-70-80-40-13-23-68-82-57-51-48-42-92-81-35-27-55-29-86-96-88-84-47-60-25-73-67-93-77-24-43-89-91-83-78-7-19-54-44-34-63-18
Ta100x20,5,5,500,0.9625,0.025,5,2230505246,17000,6646,6377,6009,6.330328666,v2_avx512bw_vec32_exact_perm,64-51-98-50-14-33-62-5-2-97-74-10-12-32-28-39-90-72-94-11-65-82-99-38-16-58-1-52-76-56-61-69-53-30-15-3-21-75-45-22-100-85-27-13-26-41-49-37-20-29-9-83-36-47-46-70-4-95-8-81-17-86-96-87-40-92-80-6-31-55-23-60-93-59-42-91-48-24-71-88-35-68-84-25-66-57-54-89-79-43-73-19-78-7-44-34-77-63-18-67
Ta100x20,5,5,500,0.9625,0.025,6,2230506255,17000,6640,6377,6009,6.865469881,v2_avx512bw_vec32_exact_perm,10-51-98-50-12-62-32-97-30-33-11-14-17-64-5-90-58-39-15-56-2-52-76-94-3-28-46-41-38-16-75-1-69-8-85-95-87-21-4-74-70-49-23-37-36-100-13-9-47-80-72-31-82-45-71-40-27-61-86-55-66-81-53-92-96-6-20-93-65-99-88-26-60-59-57-67-42-48-29-35-83-22-91-84-54-43-68-19-24-77-89-79-25-7-73-34-63-18-78-44
Ta100x20,5,5,500,0.9625,0.025,7,2230507264,17000,6686,6377,6009,7.252473374,v2_avx512bw_vec32_exact_perm,14-33-50-5-62-97-98-11-32-94-96-3-58-30-38-28-85-12-52-74-16-56-81-10-53-64-39-95-69-90-70-27-76-49-41-75-100-1-92-15-8-46-23-47-37-72-66-45-4-21-71-65-36-31-22-61-20-40-13-6-87-24-2-26-99-60-34-80-59-29-48-68-93-84-42-9-57-91-79-88-86-54-44-35-43-55-82-67-17-73-19-7-89-83-25-51-63-78-77-18
Ta100x20,5,5,500,0.9625,0.025,8,2230508273,17000,6641,6377,6009,7.102576948,v2_avx512bw_vec32_exact_perm,14-64-50-5-38-10-16-30-98-70-97-99-39-17-90-32-11-69-33-74-12-45-72-15-46-36-21-65-20-2-56-76-37-85-58-1-6-52-3-92-94-75-28-23-31-87-59-60-49-62-8-53-42-13-47-81-66-26-40-80-9-82-41-88-4-55-22-71-29-91-100-61-27-35-48-51-54-67-86-77-84-95-96-83-57-43-68-24-19-79-25-93-34-89-78-73-7-44-63-18
Ta100x20,5,5,500,0.9625,0.025,9,2230509282,17000,6662,6377,6009,6.599577295,v2_avx512bw_vec32_exact_perm,14-33-50-11-32-97-30-98-64-62-39-76-10-5-41-87-94-65-37-2-12-38-28-15-58-69-17-16-90-85-72-95-52-1-8-53-31-74-3-56-46-13-45-71-61-36-6-81-20-47-23-21-4-100-66-26-88-35-70-49-92-96-80-27-91-42-29-48-40-57-22-68-75-25-99-60-89-82-43-55-59-84-86-9-79-51-93-73-24-83-78-19-77-54-67-7-44-34-63-18
Ta100x20,5,5,500,0.9625,0.025,10,2230510291,17000,6662,6377,6009,7.062825484,v2_avx512bw_vec32_exact_perm,64-14-5-62-11-10-33-50-98-85-30-74-38-3-12-49-97-39-66-41-65-90-28-100-69-52-95-36-61-56-94-1-2-31-81-76-72-6-17-16-58-53-22-37-29-20-87-15-70-46-8-4-47-45-71-21-60-75-51-91-9-13-92-57-68-82-48-23-42-59-80-26-24-93-19-32-96-99-27-40-35-77-88-25-84-55-54-7-43-86-78-44-83-89-79-34-73-63-18-67
Ta100x20,5,5,500,0.9625,0.05,1,2230501210,17000,6661,6377,6009,6.868277215,v2_avx512bw_vec32_exact_perm,14-64-11-62-98-71-32-33-39-10-16-50-61-38-36-56-58-94-74-69-70-41-8-76-5-17-12-90-85-15-30-97-52-72-28-9-2-1-37-49-23-6-87-29-60-42-53-3-66-45-20-80-47-65-95-59-46-22-75-31-81-4-26-13-91-40-51-35-24-21-92-99-84-27-88-86-96-55-83-79-54-82-93-100-48-57-25-68-43-7-77-78-73-44-19-89-34-63-18-67
Ta100x20,5,5,500,0.9625,0.05,2,2230502219,17000,6658,6377,6009,6.589418429,v2_avx512bw_vec32_exact_perm,64-10-62-51-33-98-95-32-50-14-28-11-97-12-37-38-99-3-5-41-16-74-69-1-76-2-94-52-72-90-20-39-30-59-58-47-70-46-23-65-66-4-42-92-80-45-61-40-87-85-21-8-31-15-6-71-56-86-75-29-53-35-60-36-9-26-88-81-49-96-100-22-13-82-83-93-27-17-67-24-34-48-57-84-79-78-25-73-91-7-43-77-89-68-55-19-54-44-63-18
Ta100x20,5,5,500,0.9625,0.05,3,2230503228,17000,6628,6377,6009,6.573499586,v2_avx512bw_vec32_exact_perm,64-51-50-14-98-74-39-32-62-33-36-58-10-97-65-11-30-94-12-99-76-38-85-3-56-1-28-16-37-53-69-5-46-20-87-90-72-41-60-52-8-26-6-4-70-88-49-9-15-45-100-21-71-68-22-29-92-13-2-80-75-31-96-40-17-23-61-59-66-27-24-42-57-54-55-95-83-82-91-81-44-48-35-19-47-84-79-25-43-86-78-93-7-73-77-89-34-63-18-67
Ta100x20,5,5,500,0.9625,0.05,4,2230504237,17000,6649,6377,6009,6.650537996,v2_avx512bw_vec32_exact_perm,33-14-50-11-64-30-32-10-98-39-97-5-58-94-12-38-69-16-62-56-49-21-81-28-90-76-31-74-37-72-70-1-15-2-46-65-85-4-20-41-61-60-99-47-6-66-3-53-52-27-45-71-36-93-87-22-26-8-79-80-88-82-96-100-25-43-92-91-95-23-59-13-29-40-48-42-75-84-78-51-9-86-44-34-73-35-68-55-17-57-83-7-24-19-54-89-77-63-18-67
Ta100x20,5,5,500,0.9625,0.05,5,2230505246,17000,6660,6377,6009,6.612894594,v2_avx512bw_vec32_exact_perm,33-14-64-32-98-10-5-50-97-11-56-2-12-28-69-94-62-52-21-15-76-39-99-3-70-30-72-74-42-4-58-85-1-61-38-16-8-49-37-27-65-47-81-20-46-36-31-80-13-41-53-23-95-35-29-90-45-17-22-82-92-25-59-96-93-26-7-40-86-88-57-71-48-75-9-60-68-6-100-87-66-43-24-73-55-83-54-84-78-44-79-19-91-77-89-67-51-34-63-18
Ta100x20,5,5,500,0.9625,0.05,6,2230506255,17000,6632,6377,6009,6.402514214,v2_avx512bw_vec32_exact_perm,64-51-98-62-50-14-30-38-87-94-11-12-70-32-56-16-5-74-72-10-97-21-39-58-76-33-37-36-2-52-69-3-28-82-1-41-15-65-92-45-26-8-85-20-47-90-17-46-81-75-9-23-4-40-29-99-60-59-67-71-53-42-22-80-61-27-68-6-31-100-91-66-35-86-96-49-93-34-95-57-79-84-88-25-48-44-89-83-77-7-24-78-73-55-19-43-54-13-63-18
Ta100x20,5,5,500,0.9625,0.05,7,2230507264,17000,6618,6377,6009,6.631804015,v2_avx512bw_vec32_exact_perm,33-14-64-32-5-11-16-94-12-95-8-28-97-99-62-50-39-59-98-69-74-90-81-10-100-76-36-72-1-17-23-45-38-30-3-65-85-47-75-2-9-71-15-22-21-37-87-58-52-49-31-70-66-96-46-13-40-61-68-88-27-41-51-4-53-92-42-80-82-48-29-86-56-60-20-93-26-35-6-67-57-84-24-83-79-91-25-54-55-43-19-89-73-7-34-77-63-18-78-44
Ta100x20,5,5,500,0.9625,0.05,8,2230508273,17000,6647,6377,6009,6.633130044,v2_avx512bw_vec32_exact_perm,51-22-64-14-28-50-38-62-32-2-33-12-97-11-76-58-1-10-61-74-30-98-85-99-90-94-8-41-3-16-72-87-36-53-56-70-49-95-52-6-69-37-15-17-65-59-26-31-9-46-35-60-81-4-21-45-34-47-80-20-27-5-42-66-92-83-88-75-96-86-39-71-40-84-48-68-78-24-57-29-23-19-82-13-73-100-55-91-43-54-89-7-44-77-67-79-25-93-63-18
Ta100x20,5,5,500,0.9625,0.05,9,2230509282,17000,6706,6377,6009,6.566011786,v2_avx512bw_vec32_exact_perm,33-14-64-32-11-50-61-90-5-30-12-99-98-94-97-85-10-36-26-58-74-3-69-72-20-2-70-1-65-27-49-37-39-6-28-16-60-80-38-56-76-52-87-54-21-91-53-25-86-71-4-15-46-29-8-67-47-41-66-31-9-75-35-42-59-17-92-40-88-51-57-23-7-68-48-82-45-96-83-95-100-81-22-43-73-44-24-13-34-19-79-77-84-18-55-89-78-63-93-62
Ta100x20,5,5,500,0.9625,0.05,10,2230510291,17000,6646,6377,6009,7.075938642,v2_avx512bw_vec32_exact_perm,14-33-64-12-50-11-58-5-30-16-62-98-94-38-72-69-32-10-2-97-1-3-99-74-52-28-76-6-21-49-37-39-81-71-31-70-65-41-8-56-53-61-85-75-4-45-90-60-57-46-35-15-100-68-20-29-36-42-13-82-66-92-47-23-87-51-48-88-27-96-59-17-84-40-22-79-95-55-24-43-83-91-86-25-73-89-93-80-26-19-9-78-54-44-7-67-34-77-63-18
Ta100x20,5,5,500,0.9625,0.075,1,2230501210,17000,6677,6377,6009,6.537511439,v2_avx512bw_vec32_exact_perm,14-98-64-11-33-50-10-16-62-2-56-41-32-61-12-97-30-94-74-49-5-69-100-37-72-36-70-58-52-53-38-6-39-65-90-85-3-28-23-29-20-21-15-71-76-60-22-9-46-1-8-4-17-27-75-82-59-42-80-99-13-45-40-95-87-92-66-93-91-47-51-26-86-84-88-54-81-35-24-55-68-96-31-19-79-78-43-44-57-83-34-48-25-7-77-89-73-63-18-67
Ta100x20,5,5,500,0.9625,0.075,2,2230502219,17000,6666,6377,6009,6.477498433,v2_avx512bw_vec32_exact_perm,51-14-32-16-50-97-33-45-30-64-13-58-62-98-41-69-11-3-74-5-12-37-72-71-17-1-10-56-49-65-27-46-8-85-28-15-53-4-94-9-52-39-99-36-90-6-2-61-47-38-31-20-75-95-70-76-87-60-86-100-59-35-92-81-24-34-80-40-57-82-96-21-23-68-66-93-26-42-29-48-84-91-22-83-88-25-89-54-55-7-78-77-79-19-43-73-44-63-18-67
Ta100x20,5,5,500,0.9625,0.075,3,2230503228,17000,6668,6377,6009,6.498999082,v2_avx512bw_vec32_exact_perm,14-97-12-33-64-30-5-98-51-10-50-61-95-32-16-69-27-41-11-87-37-85-28-39-74-2-3-38-72-65-53-6-90-92-70-56-71-36-21-88-1-23-58-76-31-20-15-52-94-42-35-8-26-4-62-46-49-25-59-60-80-81-47-75-84-48-66-82-22-68-45-83-17-29-99-9-57-78-13-96-100-93-40-43-79-44-7-67-24-91-77-34-86-55-19-73-89-54-63-18
Ta100x20,5,5,500,0.9625,0.075,4,2230504237,17000,6643,6377,6009,6.42590151,v2_avx512bw_vec32_exact_perm,33-14-15-11-98-64-12-97-94-58-10-32-5-69-61-74-85-16-50-76-38-2-65-39-87-53-46-1-28-70-62-72-3-30-95-41-21-52-37-13-60-90-8-56-45-31-6-36-80-59-26-71-75-9-100-89-22-17-4-96-66-55-88-86-92-29-40-27-47-42-82-48-81-49-91-99-20-57-54-83-67-84-35-51-68-23-25-93-19-24-43-79-73-7-34-77-63-18-78-44
Ta100x20,5,5,500,0.9625,0.075,5,2230505246,17000,6658,6377,6009,7.228323971,v2_avx512bw_vec32_exact_perm,14-64-32-50-11-97-38-30-98-10-16-33-56-72-5-3-99-94-65-90-15-69-62-52-74-70-12-85-39-41-28-2-71-20-21-66-59-76-53-17-1-57-36-23-47-37-8-79-26-6-95-87-22-80-84-31-42-45-46-60-29-40-49-92-9-75-27-81-96-4-82-48-34-61-93-35-100-43-88-91-24-68-58-51-54-13-77-86-55-83-67-73-89-25-19-7-63-18-78-44
Ta100x20,5,5,500,0.9625,0.075,6,2230506255,17000,6663,6377,6009,6.811003561,v2_avx512bw_vec32_exact_perm,33-14-38-11-50-97-12-32-58-65-1-5-36-10-37-30-98-16-71-94-49-99-75-56-62-76-39-85-74-90-3-70-6-15-2-80-28-72-87-9-27-52-64-69-53-61-100-8-35-60-29-41-81-4-22-20-59-84-47-17-46-40-45-93-68-42-92-86-21-26-23-55-91-13-48-57-96-51-66-67-43-79-54-31-82-88-24-73-83-95-25-7-19-77-89-34-63-18-78-44
Ta100x20,5,5,500,0.9625,0.075,7,2230507264,17000,6699,6377,6009,6.534408587,v2_avx512bw_vec32_exact_perm,64-98-14-10-85-51-33-62-94-12-32-38-39-50-2-17-13-61-11-97-28-3-69-74-76-1-16-90-30-75-58-26-59-72-46-37-56-52-5-20-27-21-23-15-36-6-65-70-87-53-40-47-95-41-57-80-22-68-43-4-88-8-99-71-35-49-42-60-45-91-44-34-81-100-31-24-29-79-55-54-92-48-82-19-9-66-96-83-86-25-84-93-89-78-67-7-77-73-63-18
Ta100x20,5,5,500,0.9625,0.075,8,2230508273,17000,6643,6377,6009,6.844123796,v2_avx512bw_vec32_exact_perm,14-64-50-33-5-30-32-98-41-16-28-12-11-94-69-85-62-10-96-49-74-52-2-72-76-71-99-37-58-38-61-97-87-15-21-56-65-4-27-8-23-1-6-100-93-92-67-90-42-36-75-70-47-60-20-45-86-35-77-51-66-29-34-17-81-55-83-80-48-91-31-46-26-53-59-40-13-82-22-73-3-95-57-79-68-39-88-24-54-84-9-19-25-89-7-43-63-18-78-44
Ta100x20,5,5,500,0.9625,0.075,9,2230509282,17000,6637,6377,6009,6.578743155,v2_avx512bw_vec32_exact_perm,51-98-62-97-14-64-32-11-12-50-61-2-39-72-49-99-94-69-58-16-76-33-47-90-81-56-30-38-65-78-10-85-31-28-100-1-3-36-8-52-41-45-70-6-22-17-23-74-59-37-71-24-87-95-88-80-5-27-15-21-26-9-75-46-55-48-40-92-96-66-82-4-53-29-54-13-79-60-93-67-68-35-57-42-19-84-86-25-43-34-83-91-20-89-7-73-44-77-63-18
Ta100x20,5,5,500,0.9625,0.075,10,2230510291,17000,6621,6377,6009,6.853236251,v2_avx512bw_vec32_exact_perm,14-64-5-97-62-74-33-85-98-32-10-50-38-94-99-11-12-3-56-30-26-46-65-69-1-90-58-39-15-52-2-28-72-8-76-60-41-53-16-70-61-31-35-92-9-80-49-71-37-95-20-27-21-75-91-4-81-45-47-23-66-42-13-36-100-77-86-51-82-29-59-73-57-68-79-40-24-93-96-17-22-88-34-67-48-78-84-7-87-25-89-6-83-44-19-43-54-55-63-18
Ta100x20,5,5,500,0.9625,0.1,1,2230501210,17000,6664,6377,6009,6.438568411,v2_avx512bw_vec32_exact_perm,64-14-5-10-2-33-16-74-98-62-32-97-39-65-69-94-11-38-72-12-3-49-52-50-95-28-70-76-41-58-56-37-1-53-85-60-90-15-20-46-88-29-23-36-35-8-61-91-51-75-30-45-26-17-82-92-21-81-27-86-47-4-59-40-9-68-87-42-13-31-78-84-55-80-99-22-57-71-66-44-100-96-24-79-83-19-7-43-89-54-48-25-93-6-73-34-67-77-63-18
Ta100x20,5,5,500,0.9625,0.1,2,2230502219,17000,6720,6377,6009,6.578707721,v2_avx512bw_vec32_exact_perm,64-33-38-10-98-97-12-32-39-50-15-57-51-52-30-11-3-31-56-90-99-49-72-69-74-94-41-37-65-5-58-92-46-2-27-95-81-85-36-87-17-75-70-8-28-76-35-1-16-23-9-53-6-42-4-20-21-60-59-80-14-61-47-40-71-29-100-13-91-68-48-25-22-84-79-26-82-66-45-44-78-55-19-24-83-86-73-54-67-88-93-96-7-34-89-77-43-63-18-62
Ta100x20,5,5,500,0.9625,0.1,3,2230503228,17000,6666,6377,6009,6.684746242,v2_avx512bw_vec32_exact_perm,64-14-33-28-5-51-32-97-39-98-69-11-2-1-16-12-50-74-61-62-30-76-59-80-72-15-46-36-3-37-58-94-90-56-53-10-100-52-85-35-65-49-47-27-38-99-41-60-13-26-45-22-23-71-31-24-21-8-40-96-70-95-29-4-91-66-20-81-93-42-6-57-34-86-92-84-17-83-67-75-88-68-48-87-73-82-9-7-43-54-79-25-19-77-55-89-63-18-78-44
Ta100x20,5,5,500,0.9625,0.1,4,2230504237,17000,6653,6377,6009,7.290341807,v2_avx512bw_vec32_exact_perm,14-33-64-50-32-16-62-10-98-5-97-69-12-2-28-30-56-3-65-39-38-58-40-35-85-46-76-11-51-94-8-86-1-81-6-4-74-99-52-41-72-49-37-26-70-90-87-59-61-88-31-15-29-66-80-82-45-47-27-53-34-20-9-42-21-92-60-68-84-22-95-43-36-23-17-44-75-96-93-24-57-13-83-71-91-54-48-100-19-77-89-79-78-25-73-55-67-7-63-18
Ta100x20,5,5,500,0.9625,0.1,5,2230505246,17000,6637,6377,6009,7.279599536,v2_avx512bw_vec32_exact_perm,14-32-33-62-50-12-94-5-98-10-16-30-69-99-64-97-15-37-70-39-71-56-41-65-85-11-51-72-90-46-8-38-36-3-1-26-27-80-23-31-58-49-21-75-74-87-60-20-2-22-28-4-53-76-52-9-82-61-6-92-40-29-47-66-81-45-59-100-88-13-91-17-42-35-73-95-84-25-86-34-68-93-19-96-57-24-43-89-55-83-7-78-48-79-44-54-77-63-18-67
Ta100x20,5,5,500,0.9625,0.1,6,2230506255,17000,6639,6377,6009,6.547376003,v2_avx512bw_vec32_exact_perm,51-64-32-5-30-33-50-12-74-98-70-62-11-39-10-29-69-99-76-41-65-14-16-90-3-94-75-53-38-56-85-15-17-72-1-21-4-28-9-49-37-8-58-45-87-71-20-61-22-6-66-95-59-46-80-52-60-31-92-2-84-57-47-91-27-81-82-36-23-100-86-13-43-97-93-88-40-26-96-68-55-79-48-24-73-67-34-42-54-83-35-19-89-25-7-77-63-18-78-44
Ta100x20,5,5,500,0.9625,0.1,7,2230507264,17000,6674,6377,6009,6.366735279,v2_avx512bw_vec32_exact_perm,14-64-62-32-5-30-97-33-16-38-94-10-98-41-50-11-56-12-74-2-1-28-22-71-39-90-72-49-37-92-87-15-3-76-52-85-21-60-36-75-4-95-26-100-27-35-61-69-99-17-13-47-8-70-20-65-23-53-58-45-46-96-31-42-67-80-81-88-59-54-68-66-29-91-24-57-55-93-6-86-83-40-82-19-7-48-25-89-84-79-43-73-44-9-34-78-51-77-63-18
Ta100x20,5,5,500,0.9625,0.1,8,2230508273,17000,6674,6377,6009,6.696966303,v2_avx512bw_vec32_exact_perm,62-33-14-98-64-11-32-38-28-12-50-85-5-74-87-97-69-72-17-90-2-94-3-10-25-16-65-39-70-26-37-52-36-53-15-76-1-6-20-66-49-8-95-75-27-46-42-22-58-35-21-30-84-56-92-60-41-31-82-79-45-40-23-4-88-51-86-59-29-81-71-47-99-9-73-34-80-93-24-61-96-57-100-91-19-68-43-54-44-48-7-13-55-77-89-78-83-63-18-67
Ta100x20,5,5,500,0.9625,0.1,9,2230509282,17000,6717,6377,6009,7.707205241,v2_avx512bw_vec32_exact_perm,14-51-32-98-33-5-97-50-9-64-69-2-16-49-38-74-56-85-11-12-58-76-30-61-10-39-41-90-1-94-3-37-70-71-15-28-13-46-65-22-47-99-4-17-21-8-6-95-52-87-36-45-26-40-81-23-27-35-100-86-96-53-42-66-92-59-60-75-80-72-82-54-79-25-31-34-93-48-88-67-57-20-89-55-91-68-29-44-77-7-24-83-43-19-78-84-73-63-18-62
Ta100x20,5,5,500,0.9625,0.1,10,2230510291,17000,6707,6377,6009,7.191310262,v2_avx512bw_vec32_exact_perm,51-14-50-32-16-94-64-97-10-98-30-1-38-12-5-17-11-76-58-28-69-33-90-61-99-26-72-85-23-49-46-74-39-37-15-52-41-4-27-21-59-70-29-36-8-81-6-53-96-22-65-71-24-92-45-40-20-43-68-88-56-75-31-60-87-82-48-3-67-2-54-93-42-57-19-9-66-7-95-47-13-100-80-86-77-25-79-35-73-44-89-55-91-83-34-78-84-63-18-62
Ta100x20,5,5,500,0.9625,0.125,1,2230501210,17000,6678,6377,6009,6.629252311,v2_avx512bw_vec32_exact_perm,14-33-64-62-50-38-98-10-72-12-2-11-94-27-1-5-97-74-16-58-32-49-52-41-56-28-30-76-46-26-87-21-69-45-39-68-100-15-37-99-70-95-65-91-85-3-80-75-36-47-31-25-8-60-29-71-53-6-17-92-86-22-4-23-66-42-82-73-96-59-88-61-93-90-24-57-51-81-35-20-13-40-54-84-83-48-43-78-89-7-19-77-9-67-79-44-34-55-63-18
Ta100x20,5,5,500,0.9625,0.125,2,2230502219,17000,6666,6377,6009,6.579624589,v2_avx512bw_vec32_exact_perm,14-98-33-50-10-64-5-69-11-16-97-38-65-94-12-2-72-74-90-91-1-32-30-62-52-39-3-8-37-87-76-41-70-58-31-21-46-15-4-6-53-9-45-85-95-27-56-29-71-61-92-42-75-49-80-36-20-26-60-13-100-28-22-23-81-34-35-40-51-43-79-66-59-17-82-96-84-55-48-86-68-88-57-93-83-89-54-47-24-25-99-67-73-7-78-44-19-77-63-18
Ta100x20,5,5,500,0.9625,0.125,3,2230503228,17000,6661,6377,6009,6.484732789,v2_avx512bw_vec32_exact_perm,33-14-98-64-10-32-38-11-99-16-50-5-12-97-58-28-69-39-56-4-51-49-78-1-31-65-85-90-3-53-2-76-46-72-25-94-100-8-52-13-42-37-61-45-71-26-47-41-27-74-70-15-95-87-6-29-21-75-81-36-22-60-40-67-88-20-35-55-66-93-23-57-24-92-68-17-89-84-96-82-48-44-83-80-30-86-91-73-59-19-43-79-54-9-34-77-62-7-63-18
Ta100x20,5,5,500,0.9625,0.125,4,2230504237,17000,6662,6377,6009,6.691236503,v2_avx512bw_vec32_exact_perm,64-51-14-33-32-69-98-97-30-39-12-53-90-72-5-61-28-11-77-95-58-2-16-74-50-38-56-1-10-21-3-52-99-59-76-37-9-41-70-94-67-31-29-8-80-6-15-13-49-87-47-46-55-81-4-60-26-27-65-40-36-42-20-35-62-86-85-23-82-68-22-17-71-84-92-79-45-75-88-73-91-54-96-25-24-57-48-100-66-93-7-18-43-83-34-89-19-63-78-44
Ta100x20,5,5,500,0.9625,0.125,5,2230505246,17000,6678,6377,6009,6.823612134,v2_avx512bw_vec32_exact_perm,33-14-38-62-98-32-50-94-64-97-51-56-69-1-65-2-39-3-10-72-21-90-11-30-61-17-12-95-52-23-41-86-46-8-31-49-5-16-76-58-60-29-59-87-37-71-13-99-91-85-24-82-55-28-74-92-96-70-22-83-27-4-36-9-75-6-15-80-100-26-81-42-88-57-34-20-47-48-45-25-35-66-84-79-40-19-53-68-73-93-43-7-54-78-44-77-89-63-18-67
Ta100x20,5,5,500,0.9625,0.125,6,2230506255,17000,6673,6377,6009,6.940504479,v2_avx512bw_vec32_exact_perm,64-14-10-5-12-30-32-50-33-11-98-16-62-28-2-1-66-41-56-46-39-65-61-53-74-69-100-52-75-58-27-68-49-72-97-23-15-94-70-45-37-42-90-76-85-36-51-47-13-21-9-38-54-87-35-20-22-92-31-3-99-29-8-40-71-26-6-17-79-57-60-81-82-59-4-48-80-25-83-7-95-93-96-43-24-88-86-84-19-78-89-73-55-91-44-34-77-63-18-67
Ta100x20,5,5,500,0.9625,0.125,7,2230507264,17000,6701,6377,6009,6.679563296,v2_avx512bw_vec32_exact_perm,64-10-14-11-50-15-69-33-99-62-98-16-1-37-21-85-39-65-30-74-72-58-94-46-12-91-5-75-97-2-95-56-3-38-32-71-28-41-70-20-49-53-90-6-61-52-22-27-45-57-81-76-59-40-17-47-87-88-23-68-31-42-29-92-26-80-66-19-96-24-8-36-60-34-93-9-13-35-51-86-4-82-73-100-78-83-77-89-84-7-55-79-48-25-43-54-67-44-63-18
Ta100x20,5,5,500,0.9625,0.125,8,2230508273,17000,6658,6377,6009,6.98690847,v2_avx512bw_vec32_exact_perm,14-33-98-64-61-50-11-74-72-69-32-5-28-58-38-30-15-70-90-16-100-97-94-76-41-12-49-52-99-10-53-62-9-1-85-26-56-95-71-2-8-13-87-21-17-65-31-20-3-45-35-46-6-37-36-51-23-40-79-39-60-75-4-47-42-29-91-68-43-57-92-27-80-59-22-86-96-93-44-48-88-84-82-81-25-34-83-73-24-19-89-66-77-7-55-54-67-78-18-63
Ta100x20,5,5,500,0.9625,0.125,9,2230509282,17000,6696,6377,6009,6.966691434,v2_avx512bw_vec32_exact_perm,14-28-5-64-10-12-30-98-50-97-16-55-11-32-69-70-38-53-33-3-39-54-58-95-90-81-94-21-76-74-22-1-23-85-8-17-2-72-68-65-52-20-100-75-36-91-56-99-46-87-92-41-60-4-37-63-80-59-40-15-84-9-27-35-71-6-82-49-31-61-47-79-45-88-51-13-26-43-34-42-86-96-57-25-67-48-24-29-66-89-73-83-93-7-78-44-19-77-18-62
Ta100x20,5,5,500,0.9625,0.125,10,2230510291,17000,6671,6377,6009,6.960388772,v2_avx512bw_vec32_exact_perm,33-14-32-64-97-94-16-50-10-74-56-98-81-90-12-58-62-11-28-49-72-69-8-41-5-45-52-1-85-15-3-30-60-38-51-99-48-75-87-37-71-70-59-76-36-61-9-6-2-53-26-47-46-42-35-39-27-66-40-23-21-65-4-92-82-88-96-31-20-24-68-95-29-91-17-57-13-55-84-86-54-43-100-80-22-89-25-93-73-67-34-79-83-44-19-7-78-77-63-18
Ta100x20,5,5,500,1.0,0.025,1,2230501210,17000,6634,6377,6009,6.991284197,v2_avx512bw_vec32_exact_perm,64-51-14-50-16-32-62-90-10-94-30-49-33-97-74-39-61-11-5-87-98-2-52-12-38-65-70-85-20-72-1-69-28-3-71-76-56-13-21-15-4-53-58-31-80-41-100-46-47-27-22-37-36-35-8-45-23-68-59-26-93-40-86-42-6-75-66-92-96-84-60-95-17-81-99-57-88-55-82-83-79-25-91-48-54-67-29-89-73-24-34-43-9-19-7-77-63-18-78-44
Ta100x20,5,5,500,1.0,0.025,2,2230502219,17000,6680,6377,6009,6.599953368,v2_avx512bw_vec32_exact_perm,51-98-64-14-12-33-50-32-97-30-69-16-94-11-58-90-10-65-39-76-72-36-49-78-52-62-5-85-1-46-28-20-74-8-75-15-53-2-41-4-38-95-56-27-13-3-29-21-45-70-87-59-31-60-80-86-37-22-71-47-92-40-35-88-99-82-96-66-17-61-26-68-23-42-48-57-84-6-83-93-9-81-91-54-100-79-34-89-25-7-73-77-19-44-24-43-55-63-18-67
Ta100x20,5,5,500,1.0,0.025,3,2230503228,17000,6653,6377,6009,6.891495162,v2_avx512bw_vec32_exact_perm,64-51-50-16-33-62-32-98-97-85-14-28-90-30-94-74-10-12-65-1-39-38-87-69-37-52-5-76-58-70-15-80-11-72-99-61-100-56-27-8-49-36-92-3-95-46-71-41-13-81-53-4-6-23-17-26-21-59-75-60-9-47-82-66-20-45-40-24-29-42-48-79-22-88-2-68-57-93-91-44-35-86-43-83-96-31-89-77-84-78-19-25-7-73-55-54-67-34-63-18
Ta100x20,5,5,500,1.0,0.025,4,2230504237,17000,6657,6377,6009,7.07815077,v2_avx512bw_vec32_exact_perm,14-98-64-30-12-32-16-50-62-10-11-85-2-33-37-1-56-94-39-74-97-5-69-90-17-45-53-28-58-3-72-52-92-15-70-99-38-47-21-81-76-6-65-46-26-8-96-13-27-31-60-23-87-42-41-71-95-20-84-75-22-57-4-40-80-29-66-59-34-67-83-88-100-93-36-79-61-9-19-91-49-51-48-82-35-86-68-25-55-54-73-24-77-89-7-43-63-18-78-44
Ta100x20,5,5,500,1.0,0.025,5,2230505246,17000,6660,6377,6009,7.177065548,v2_avx512bw_vec32_exact_perm,14-64-5-97-32-98-11-62-50-16-12-72-41-61-2-3-30-31-70-33-74-90-38-94-49-1-85-26-69-58-15-10-76-39-53-65-37-99-36-75-68-21-6-9-46-28-56-87-4-80-51-66-22-40-82-59-100-17-23-8-60-57-52-92-91-71-13-78-27-45-47-48-42-81-24-88-96-20-44-77-79-84-95-29-93-55-34-35-7-83-86-25-43-19-54-73-89-63-18-67
Ta100x20,5,5,500,1.0,0.025,6,2230506255,17000,6689,6377,6009,6.913830645,v2_avx512bw_vec32_exact_perm,64-51-14-33-98-32-10-11-94-50-97-12-1-16-30-17-61-71-74-72-38-28-53-69-5-3-52-85-31-37-87-39-60-76-90-45-8-49-46-59-58-20-65-21-2-9-92-96-66-42-13-56-6-93-75-99-41-100-82-86-26-4-40-22-68-36-23-84-29-80-95-70-27-15-54-81-88-24-47-43-48-25-83-57-44-35-67-55-91-79-73-7-19-77-89-18-63-78-34-62
Ta100x20,5,5,500,1.0,0.025,7,2230507264,17000,6658,6377,6009,7.163132043,v2_avx512bw_vec32_exact_perm,10-51-64-50-11-98-97-5-12-39-62-14-21-30-32-28-33-56-26-74-36-53-85-99-72-38-16-94-37-65-90-58-69-15-87-76-46-1-27-52-31-61-6-59-45-13-3-2-60-42-70-41-95-71-49-35-80-9-92-75-81-20-23-47-17-8-57-22-86-40-100-79-73-48-29-88-93-66-43-4-82-96-24-25-84-91-55-83-19-68-67-54-7-77-89-78-44-34-63-18
Ta100x20,5,5,500,1.0,0.025,8,2230508273,17000,6669,6377,6009,6.955390253,v2_avx512bw_vec32_exact_perm,25-64-32-50-74-10-39-2-11-56-28-38-12-69-15-97-14-70-94-37-85-100-90-98-49-1-62-87-76-72-33-52-45-53-16-8-23-4-65-80-58-61-5-20-3-13-46-31-71-60-21-41-95-22-92-99-59-26-66-27-79-29-40-81-30-47-82-17-51-42-96-93-36-68-35-75-91-6-84-48-89-57-86-55-88-54-83-24-73-43-44-34-78-7-19-77-9-63-18-67
Ta100x20,5,5,500,1.0,0.025,9,2230509282,17000,6664,6377,6009,6.724564104,v2_avx512bw_vec32_exact_perm,64-62-14-10-97-98-12-30-70-32-38-11-50-33-16-2-39-69-94-23-56-74-71-65-85-49-76-52-3-5-20-90-37-41-8-45-1-6-72-21-46-31-59-27-61-35-36-15-60-75-87-58-13-91-51-17-9-42-53-100-80-92-47-82-28-66-57-96-93-95-24-55-26-81-40-4-86-22-88-29-68-99-78-54-19-34-84-79-25-48-83-44-89-73-7-77-43-63-18-67
Ta100x20,5,5,500,1.0,0.025,10,2230510291,17000,6685,6377,6009,6.889777521,v2_avx512bw_vec32_exact_perm,64-62-32-33-97-98-50-11-14-5-12-2-99-38-39-70-28-30-29-69-72-90-74-10-15-21-41-1-56-3-4-58-46-60-37-94-75-80-76-8-9-85-53-54-23-66-17-16-22-6-71-61-65-27-92-45-47-36-95-31-49-35-82-40-84-91-57-81-13-52-26-87-20-86-96-55-88-59-83-42-24-67-19-68-51-89-100-43-93-34-77-79-48-25-73-44-78-7-63-18
Ta100x20,5,5,500,1.0,0.05,1,2230501210,17000,6659,6377,6009,7.126598358,v2_avx512bw_vec32_exact_perm,33-14-64-50-99-11-32-39-62-10-98-15-12-36-28-5-87-37-90-97-69-94-56-71-1-3-74-17-65-81-27-72-85-58-76-4-60-21-38-61-13-20-22-100-52-30-49-2-9-80-16-53-29-23-46-40-6-92-75-42-41-25-8-31-57-96-59-82-45-84-89-51-79-47-88-91-26-95-93-70-66-35-83-86-73-54-55-7-48-24-34-68-77-43-19-78-67-63-18-44
Ta100x20,5,5,500,1.0,0.05,2,2230502219,17000,6645,6377,6009,7.213247299,v2_avx512bw_vec32_exact_perm,64-10-98-51-50-14-11-97-28-58-62-16-94-5-13-33-12-41-74-1-72-99-49-32-90-69-65-76-15-3-56-38-39-30-95-46-70-37-85-21-61-47-68-59-80-36-100-52-75-9-4-66-91-29-53-27-2-82-8-45-20-23-87-31-71-57-60-40-26-35-92-81-17-84-22-42-55-43-86-88-96-6-25-24-83-78-19-48-44-34-89-54-79-73-93-67-7-77-63-18
Ta100x20,5,5,500,1.0,0.05,3,2230503228,17000,6653,6377,6009,7.059221609,v2_avx512bw_vec32_exact_perm,14-64-30-12-33-32-38-94-97-10-98-50-28-62-16-5-65-90-69-1-76-37-2-39-11-87-58-72-56-70-74-15-41-21-3-9-85-53-52-4-60-46-8-23-36-49-6-26-71-82-31-42-92-84-99-80-95-61-67-59-96-27-57-20-86-88-35-66-45-22-81-51-13-83-29-48-43-79-54-25-17-75-40-100-55-68-73-47-93-19-24-91-89-77-7-78-44-34-63-18
Ta100x20,5,5,500,1.0,0.05,4,2230504237,17000,6672,6377,6009,7.02586411,v2_avx512bw_vec32_exact_perm,14-64-16-12-50-33-32-28-30-39-69-11-5-3-98-85-10-97-65-2-62-38-72-94-71-9-76-74-58-61-37-1-17-8-41-46-45-13-49-4-6-29-36-80-42-20-90-99-47-15-87-52-60-70-23-21-92-81-84-53-31-66-82-54-56-96-22-59-27-57-88-40-86-73-68-75-100-26-35-91-67-25-55-24-83-51-95-79-48-43-89-93-19-78-44-7-77-34-63-18
Ta100x20,5,5,500,1.0,0.05,5,2230505246,17000,6661,6377,6009,7.237967902,v2_avx512bw_vec32_exact_perm,10-51-50-62-64-32-2-98-30-38-97-58-12-14-39-28-70-99-76-72-90-69-33-11-94-16-5-74-1-65-52-6-41-26-8-60-17-15-49-21-9-75-85-88-40-37-96-92-20-53-45-68-71-3-87-56-29-66-57-4-42-59-61-100-23-13-91-82-81-93-46-36-83-48-54-27-47-84-24-80-22-95-67-35-31-79-25-89-19-55-7-86-78-73-77-43-44-34-63-18
Ta100x20,5,5,500,1.0,0.05,6,2230506255,17000,6665,6377,6009,6.539371894,v2_avx512bw_vec32_exact_perm,33-14-10-11-64-50-12-94-98-32-27-39-38-62-82-65-2-36-74-69-1-16-56-76-90-49-97-72-28-85-3-15-80-22-8-87-30-37-41-45-52-58-100-5-66-6-96-29-70-53-31-20-26-47-71-21-40-35-4-88-9-46-99-92-95-23-81-17-59-48-51-79-42-75-91-57-61-84-86-68-54-77-24-60-55-13-78-83-43-73-67-25-7-19-44-89-93-34-63-18
Ta100x20,5,5,500,1.0,0.05,7,2230507264,17000,6694,6377,6009,6.587267517,v2_avx512bw_vec32_exact_perm,14-39-33-50-5-32-10-30-98-41-97-11-58-76-64-61-69-74-28-87-70-85-29-65-90-52-12-16-37-49-38-72-8-62-82-31-53-3-1-6-27-2-94-24-81-91-46-15-66-20-21-40-92-22-80-42-9-75-36-59-13-60-99-47-71-23-88-51-17-45-96-95-43-26-48-68-83-57-4-100-56-54-86-73-89-25-93-35-55-7-77-79-19-44-78-34-84-67-63-18
Ta100x20,5,5,500,1.0,0.05,8,2230508273,17000,6676,6377,6009,6.922266421,v2_avx512bw_vec32_exact_perm,51-62-98-64-14-50-11-97-38-32-61-10-3-39-69-15-74-94-42-36-56-52-76-33-12-49-90-70-16-45-72-85-47-37-27-65-57-46-9-58-23-71-8-31-2-30-4-80-1-41-20-60-59-53-21-67-86-99-87-88-40-92-81-34-91-66-22-5-95-17-75-96-24-28-13-100-43-26-25-29-6-84-48-82-83-68-35-89-79-73-54-19-55-7-77-18-93-63-78-44
Ta100x20,5,5,500,1.0,0.05,9,2230509282,17000,6671,6377,6009,6.526827805,v2_avx512bw_vec32_exact_perm,10-64-62-33-51-99-14-98-39-12-53-50-97-32-74-94-5-16-65-38-8-72-76-56-11-1-6-2-69-28-87-52-58-31-80-95-22-61-46-3-27-35-85-37-36-91-41-42-90-100-45-81-30-59-20-15-29-92-40-70-4-66-75-49-79-47-86-71-88-21-57-93-13-23-17-96-24-60-25-68-84-26-9-83-54-78-44-43-55-82-89-19-48-73-7-67-34-77-63-18
Ta100x20,5,5,500,1.0,0.05,10,2230510291,17000,6707,6377,6009,6.808100204,v2_avx512bw_vec32_exact_perm,98-62-10-32-64-12-50-51-30-39-33-97-37-69-45-23-90-21-94-56-95-74-14-28-66-72-16-76-38-5-49-65-1-3-41-46-29-58-60-70-87-75-52-47-36-26-8-17-9-2-61-31-85-42-53-88-54-35-6-11-13-80-20-81-57-100-15-43-96-55-40-92-22-27-89-71-84-82-86-59-99-83-68-25-79-91-4-93-24-78-73-7-34-19-48-77-67-63-18-44
Ta100x20,5,5,500,1.0,0.075,1,2230501210,17000,6679,6377,6009,6.504292705,v2_avx512bw_vec32_exact_perm,33-14-10-50-64-32-30-38-39-94-65-62-97-5-98-11-16-87-12-69-74-95-58-1-70-37-53-76-17-21-6-46-23-28-52-15-85-27-60-36-3-61-8-41-22-2-4-75-49-31-72-45-92-81-90-59-20-88-54-40-13-26-71-66-56-80-96-86-91-100-57-29-51-99-35-93-34-83-55-82-89-48-42-25-84-43-73-79-24-47-19-9-68-44-7-78-77-63-18-67
Ta100x20,5,5,500,1.0,0.075,2,2230502219,17000,6661,6377,6009,6.74555386,v2_avx512bw_vec32_exact_perm,10-51-98-33-50-14-64-11-62-32-45-61-41-94-38-16-30-72-90-28-58-70-97-37-12-3-99-2-21-86-49-56-1-65-85-74-36-52-5-39-8-31-76-46-60-100-9-4-75-23-26-13-87-69-80-59-53-15-17-40-6-92-66-27-96-91-55-67-71-84-22-42-20-35-83-57-79-54-43-29-81-95-48-24-88-82-73-7-77-47-25-68-19-93-89-34-63-18-78-44
Ta100x20,5,5,500,1.0,0.075,3,2230503228,17000,6679,6377,6009,6.69024694,v2_avx512bw_vec32_exact_perm,33-14-64-10-62-98-5-99-39-74-70-32-50-72-12-28-97-94-90-16-76-85-75-2-30-38-58-65-36-11-1-52-8-41-3-61-31-20-53-46-87-60-21-37-92-45-56-26-71-4-47-55-17-15-29-81-51-27-23-49-13-80-35-22-82-42-69-66-96-88-57-86-48-84-54-9-25-24-59-43-91-40-68-93-95-6-19-83-78-79-73-100-67-7-44-77-89-34-63-18
Ta100x20,5,5,500,1.0,0.075,4,2230504237,17000,6678,6377,6009,6.380795768,v2_avx512bw_vec32_exact_perm,14-64-62-98-10-11-5-50-85-97-33-30-58-99-38-15-52-65-16-32-90-49-76-70-74-1-28-53-37-69-87-66-94-29-3-2-61-72-41-12-95-23-31-39-17-51-13-56-42-6-46-36-86-59-81-71-9-60-21-40-35-27-80-45-75-20-47-4-22-82-100-92-57-88-96-24-26-54-43-68-55-89-91-84-8-83-79-78-25-93-19-7-48-44-34-73-67-77-63-18
Ta100x20,5,5,500,1.0,0.075,5,2230505246,17000,6673,6377,6009,6.369153364,v2_avx512bw_vec32_exact_perm,14-64-50-32-12-98-62-30-38-1-70-74-33-16-5-3-69-99-28-87-10-60-97-58-65-39-8-22-72-2-37-36-71-31-81-27-52-92-49-76-29-15-46-61-96-53-100-13-11-75-21-85-17-9-56-94-90-95-47-42-23-80-4-57-41-68-55-82-20-40-45-59-66-26-88-48-51-93-43-6-84-79-34-86-35-91-73-24-83-54-89-19-78-77-25-7-67-44-63-18
Ta100x20,5,5,500,1.0,0.075,6,2230506255,17000,6684,6377,6009,6.975189167,v2_avx512bw_vec32_exact_perm,33-14-11-12-58-64-32-10-2-62-16-94-50-98-97-49-38-69-74-5-46-81-72-71-41-28-30-3-1-87-8-60-37-52-61-15-88-95-70-27-56-39-76-85-4-90-31-29-92-21-65-13-20-80-57-53-23-17-6-45-75-40-96-91-100-59-82-93-78-68-36-19-48-54-44-26-51-86-99-35-42-83-66-22-25-7-47-24-79-89-84-9-34-67-55-73-43-77-63-18
Ta100x20,5,5,500,1.0,0.075,7,2230507264,17000,6685,6377,6009,7.483136722,v2_avx512bw_vec32_exact_perm,14-64-50-33-30-5-16-10-39-98-38-71-32-90-12-3-69-53-2-11-65-1-27-97-56-41-99-8-70-94-62-72-74-46-4-28-58-6-95-49-76-47-42-21-36-37-15-52-85-87-45-31-57-23-80-40-66-13-26-82-20-22-92-68-96-75-17-100-59-86-54-55-81-25-7-60-48-89-88-29-35-19-34-84-79-24-91-43-83-9-78-61-51-93-67-73-44-77-63-18
Ta100x20,5,5,500,1.0,0.075,8,2230508273,17000,6668,6377,6009,6.788861936,v2_avx512bw_vec32_exact_perm,14-33-30-98-5-64-97-32-12-69-52-99-39-94-16-72-8-50-58-65-10-62-2-74-11-36-49-38-76-56-61-90-28-79-60-45-41-85-46-42-70-96-3-13-86-37-29-26-75-20-40-4-87-1-9-100-21-23-93-27-57-80-71-59-66-81-22-47-51-17-92-53-95-35-15-6-88-83-7-54-31-68-82-84-48-25-24-55-91-44-19-89-78-34-73-77-43-63-18-67
Ta100x20,5,5,500,1.0,0.075,9,2230509282,17000,6677,6377,6009,6.970766475,v2_avx512bw_vec32_exact_perm,33-98-62-51-14-81-32-64-10-50-97-16-90-69-99-5-39-94-11-76-30-72-8-38-15-28-17-46-13-12-58-2-85-20-56-59-3-1-71-65-37-45-21-74-24-87-31-41-70-66-80-86-53-52-60-61-6-36-91-100-22-35-92-42-40-26-27-23-96-54-68-93-4-67-9-57-19-95-49-47-75-25-48-29-83-84-88-34-82-79-73-43-89-7-77-44-55-78-63-18
Ta100x20,5,5,500,1.0,0.075,10,2230510291,17000,6672,6377,6009,7.113584447,v2_avx512bw_vec32_exact_perm,33-14-64-10-50-5-62-16-28-11-90-58-12-76-72-46-37-61-98-74-97-47-45-94-21-30-41-3-85-100-32-60-99-38-49-65-39-69-66-1-80-52-15-8-36-87-42-23-92-57-88-95-56-20-71-13-53-59-91-22-29-68-27-2-4-54-70-31-82-26-40-6-35-24-75-96-86-51-17-84-81-55-25-19-83-93-48-7-78-44-79-77-43-9-34-73-89-63-18-67
Ta100x20,5,5,500,1.0,0.1,1,2230501210,17000,6683,6377,6009,6.779894493,v2_avx512bw_vec32_exact_perm,64-14-39-50-16-33-51-61-94-32-12-85-52-80-98-90-30-11-72-76-10-5-2-97-99-69-56-71-87-62-65-74-37-15-41-21-8-100-38-17-47-1-28-6-9-4-81-3-66-75-34-45-70-29-36-58-59-22-49-46-40-91-35-27-68-60-20-26-53-96-93-48-84-13-24-43-88-31-19-67-42-82-92-57-23-25-83-95-89-79-86-73-55-78-7-54-44-77-63-18
Ta100x20,5,5,500,1.0,0.1,2,2230502219,17000,6684,6377,6009,6.740581369,v2_avx512bw_vec32_exact_perm,14-64-62-12-33-50-30-65-16-11-39-69-32-58-17-97-74-10-94-2-38-5-23-51-53-90-98-85-76-37-70-1-41-3-72-61-99-15-31-8-6-56-84-21-71-52-49-66-86-13-82-59-47-92-4-46-60-81-28-87-42-95-22-80-36-75-25-79-100-20-35-40-45-24-43-27-96-57-9-26-68-88-29-73-89-78-83-34-19-93-91-48-44-7-55-54-67-77-63-18
Ta100x20,5,5,500,1.0,0.1,3,2230503228,17000,6676,6377,6009,6.905147166,v2_avx512bw_vec32_exact_perm,33-14-30-64-32-62-50-98-38-10-12-97-16-95-2-76-11-22-51-56-1-70-5-27-72-3-87-69-100-85-24-28-94-53-15-39-52-74-21-8-31-37-90-58-23-65-49-99-6-75-45-9-42-46-92-36-61-80-71-60-20-13-47-35-25-29-66-41-91-88-59-17-26-81-83-82-44-86-93-34-57-40-48-79-84-78-96-73-7-43-55-4-68-77-19-89-54-63-18-67
Ta100x20,5,5,500,1.0,0.1,4,2230504237,17000,6699,6377,6009,6.877589474,v2_avx512bw_vec32_exact_perm,14-64-50-10-2-62-51-97-11-33-5-12-98-38-94-16-65-30-72-52-76-3-90-1-36-37-41-58-69-6-74-99-46-49-21-28-15-85-68-27-87-39-47-26-70-45-75-59-54-40-32-61-60-31-53-82-35-56-92-8-100-84-9-71-20-22-4-23-17-81-24-66-29-43-96-13-79-42-19-86-80-88-57-25-93-91-73-95-83-7-34-77-48-89-44-78-63-55-18-67
Ta100x20,5,5,500,1.0,0.1,5,2230505246,17000,6676,6377,6009,6.840159917,v2_avx512bw_vec32_exact_perm,33-10-64-98-32-51-2-5-62-97-11-72-56-16-14-39-12-49-1-50-74-94-28-6-90-61-58-37-87-76-36-30-45-75-46-53-69-92-9-15-81-41-4-86-38-100-52-47-27-23-3-66-70-96-85-60-21-35-13-42-59-31-8-22-20-40-43-80-17-99-65-55-84-29-68-71-57-95-82-89-19-54-88-25-26-48-83-79-73-44-24-67-93-91-7-78-77-34-63-18
Ta100x20,5,5,500,1.0,0.1,6,2230506255,17000,6691,6377,6009,7.92169444,v2_avx512bw_vec32_exact_perm,64-12-10-33-70-32-16-97-14-28-5-39-50-74-98-30-69-87-62-51-90-72-94-45-11-76-61-85-52-2-15-1-8-23-40-37-49-38-47-65-6-99-81-27-3-22-36-71-96-9-21-20-4-53-26-41-35-56-29-13-46-66-48-100-59-84-91-79-60-43-80-92-57-86-93-31-42-95-24-75-17-55-54-68-82-88-25-83-58-7-78-19-77-44-73-89-34-63-18-67
Ta100x20,5,5,500,1.0,0.1,7,2230507264,17000,6697,6377,6009,8.580521599,v2_avx512bw_vec32_exact_perm,14-15-5-33-94-62-45-64-97-12-28-50-32-69-11-98-17-58-1-38-30-2-39-76-85-3-90-47-95-10-87-52-16-74-56-36-49-35-72-75-86-92-31-46-65-20-4-8-29-25-70-59-80-60-53-26-37-67-41-82-13-96-71-61-23-66-9-84-42-88-34-6-27-57-40-81-100-91-21-22-73-89-48-7-44-99-79-24-68-93-19-83-78-54-77-51-55-43-63-18
Ta100x20,5,5,500,1.0,0.1,8,2230508273,17000,6710,6377,6009,7.647550626,v2_avx512bw_vec32_exact_perm,33-14-11-17-50-90-32-64-98-97-62-12-74-10-5-16-94-41-3-69-2-65-61-38-46-85-21-15-9-30-99-56-36-71-78-47-28-72-52-58-20-45-8-100-37-59-76-22-70-35-39-1-40-68-92-4-86-31-93-87-82-60-57-95-88-81-53-23-27-6-49-80-75-13-42-19-26-54-48-25-29-66-96-83-44-77-43-55-51-24-91-79-7-73-63-34-89-84-67-18
Ta100x20,5,5,500,1.0,0.1,9,2230509282,17000,6705,6377,6009,8.317039812,v2_avx512bw_vec32_exact_perm,64-14-50-33-74-61-10-32-39-11-62-87-94-30-72-16-12-70-45-9-90-1-29-69-37-49-41-98-97-31-76-85-5-15-21-3-52-38-2-71-56-75-23-66-58-60-82-26-53-28-24-8-92-46-40-59-65-35-80-55-86-20-84-27-81-57-22-47-36-6-42-99-4-17-43-96-83-73-93-91-100-68-79-54-13-88-34-48-25-89-7-44-95-19-77-78-51-67-63-18
Ta100x20,5,5,500,1.0,0.1,10,2230510291,17000,6686,6377,6009,8.295809474,v2_avx512bw_vec32_exact_perm,14-64-32-62-33-10-94-90-51-97-20-38-16-2-100-12-30-50-76-81-11-28-58-65-6-69-5-98-37-56-49-1-53-40-41-74-85-72-13-21-15-70-52-23-46-27-47-95-39-91-57-61-17-8-9-36-87-3-45-71-4-22-26-42-96-92-31-66-60-29-84-75-86-99-35-34-68-59-43-80-89-93-82-24-48-25-7-83-88-55-54-79-19-44-78-73-77-63-18-67
Ta100x20,5,5,500,1.0,0.125,1,2230501210,17000,6685,6377,6009,7.983423919,v2_avx512bw_vec32_exact_perm,14-28-16-30-64-12-32-50-33-38-5-10-65-62-98-21-56-2-69-41-74-97-94-11-95-61-39-31-76-70-53-72-60-71-100-22-37-23-1-85-9-75-27-4-29-15-3-8-81-45-51-49-17-90-36-92-67-47-80-82-20-66-35-59-57-40-6-86-73-26-87-52-42-99-25-91-58-46-24-96-83-34-13-88-84-43-68-54-79-77-89-93-55-78-7-48-19-44-63-18
Ta100x20,5,5,500,1.0,0.125,2,2230502219,17000,6681,6377,6009,8.083571163,v2_avx512bw_vec32_exact_perm,14-64-50-5-27-98-16-11-12-97-33-90-94-32-3-30-10-85-62-37-1-53-75-49-58-52-38-87-71-41-76-22-100-8-36-29-86-61-2-45-69-56-74-40-6-99-23-28-82-46-42-72-20-65-26-17-39-4-15-59-80-21-31-96-70-81-67-93-51-84-95-66-55-88-13-57-92-47-24-73-34-79-91-35-60-43-54-68-77-89-7-48-83-9-25-19-63-18-78-44
Ta100x20,5,5,500,1.0,0.125,3,2230503228,17000,6709,6377,6009,7.611883304,v2_avx512bw_vec32_exact_perm,64-62-14-10-33-32-97-16-50-98-69-99-38-61-12-85-11-76-5-94-39-1-37-90-27-26-87-30-28-53-58-21-92-88-3-72-2-41-70-15-6-8-60-65-45-74-52-46-56-75-13-96-9-100-71-66-31-49-80-24-23-22-36-42-29-4-20-57-40-81-86-95-93-17-55-43-73-67-48-82-68-59-83-54-91-84-78-35-7-19-47-25-89-77-79-44-34-51-63-18
Ta100x20,5,5,500,1.0,0.125,4,2230504237,17000,6683,6377,6009,8.235092844,v2_avx512bw_vec32_exact_perm,51-62-30-32-64-74-14-38-12-50-76-98-5-39-97-58-33-10-16-94-2-65-1-99-72-85-69-70-3-28-11-21-56-90-17-52-6-37-49-20-36-23-87-71-46-8-61-15-29-53-41-9-95-81-75-4-84-100-66-31-67-88-22-57-82-13-60-59-80-27-92-86-96-45-26-35-91-25-43-24-42-47-93-55-19-54-68-34-77-79-40-83-48-73-7-89-63-18-78-44
Ta100x20,5,5,500,1.0,0.125,5,2230505246,17000,6673,6377,6009,7.830787703,v2_avx512bw_vec32_exact_perm,14-33-11-98-64-62-50-32-38-72-61-16-12-97-56-5-10-28-85-81-39-94-2-3-74-65-36-58-90-46-15-91-37-21-30-1-76-82-52-45-47-69-27-53-88-49-70-71-96-6-8-26-66-13-83-40-20-25-31-41-99-95-92-75-23-87-22-100-60-68-42-29-51-35-84-59-86-17-48-80-78-73-57-24-43-93-55-4-54-7-44-9-19-34-79-77-89-63-18-67
Ta100x20,5,5,500,1.0,0.125,6,2230506255,17000,6680,6377,6009,7.136092369,v2_avx512bw_vec32_exact_perm,33-10-50-14-64-11-32-2-62-99-38-98-74-94-12-65-6-4-72-70-30-97-90-15-1-46-39-76-8-41-59-58-85-60-37-57-47-16-5-80-49-69-31-28-24-56-100-45-3-23-40-29-71-52-20-26-22-66-36-91-82-35-13-42-87-92-96-9-61-88-17-68-21-84-48-27-86-95-79-25-19-75-54-51-53-93-83-81-67-78-77-89-73-44-55-7-43-34-63-18
Ta100x20,5,5,500,1.0,0.125,7,2230507264,17000,6670,6377,6009,7.686706715,v2_avx512bw_vec32_exact_perm,33-32-64-5-10-98-14-39-28-62-38-11-12-60-50-2-76-16-30-87-94-90-65-69-41-1-37-21-74-97-49-52-20-36-53-58-31-6-3-27-45-51-56-72-95-59-85-81-46-93-71-96-80-70-75-17-23-4-42-15-8-9-79-100-92-40-99-57-61-88-26-91-22-84-82-13-54-66-47-48-83-73-55-67-86-29-35-68-43-24-25-89-7-19-77-34-63-18-78-44
Ta100x20,5,5,500,1.0,0.125,8,2230508273,17000,6696,6377,6009,6.868695613,v2_avx512bw_vec32_exact_perm,14-64-62-32-10-38-98-50-11-12-58-30-74-33-16-5-37-13-94-3-41-52-97-70-85-76-15-72-56-2-90-20-46-31-26-36-39-49-6-100-45-23-42-80-8-21-27-28-69-53-40-4-65-68-61-79-82-1-92-57-17-59-29-66-81-95-87-88-24-71-93-96-60-75-22-9-35-34-47-86-84-91-44-99-25-51-77-7-48-83-89-54-73-55-19-78-43-63-18-67
Ta100x20,5,5,500,1.0,0.125,9,2230509282,17000,6692,6377,6009,6.79487279,v2_avx512bw_vec32_exact_perm,14-64-32-33-11-5-50-62-30-97-85-12-94-16-3-75-38-90-70-95-71-98-69-1-4-65-87-99-53-8-10-45-56-28-52-74-21-92-40-76-39-31-49-41-37-60-59-88-26-6-47-58-36-46-20-42-29-68-82-9-61-2-100-66-86-15-96-22-27-17-80-48-81-23-91-44-54-34-72-57-43-35-24-83-25-51-89-13-79-78-84-67-93-19-77-7-73-55-63-18
Ta100x20,5,5,500,1.0,0.125,10,2230510291,17000,6721,6377,6009,6.908145644,v2_avx512bw_vec32_exact_perm,33-14-64-51-98-95-11-50-97-12-5-10-39-30-56-94-28-32-90-2-41-3-1-72-37-52-100-16-70-99-38-81-75-76-20-69-85-17-61-65-8-49-87-9-21-58-71-29-74-45-15-53-80-13-48-40-66-59-23-60-4-36-6-46-82-92-79-22-84-19-96-24-88-42-57-25-27-91-31-67-55-83-26-78-35-93-77-89-7-62-86-73-68-43-47-54-34-63-18-44
