group,instance,pop_mult,Ps,pc,pm,rep,seed,G,best_cmax,ub,lb,run_sec,engine,best_perm_1based
Ta100x20,10,1,100,0.85,0.025,1,2231001210,17000,6605,6465,6298,1.61201117,v2_avx512bw_vec32_exact_perm,77-34-40-15-90-26-20-6-70-88-56-51-83-62-82-21-1-2-27-52-39-87-36-75-12-72-92-4-84-37-57-76-65-74-23-96-42-60-61-48-64-46-10-22-47-14-24-81-49-45-68-89-7-79-35-95-31-18-16-54-67-9-99-3-43-5-100-32-38-94-78-8-30-41-44-17-50-85-91-97-29-13-86-63-33-28-25-71-98-69-58-11-59-66-19-73-80-55-53-93
Ta100x20,10,1,100,0.85,0.025,2,2231002219,17000,6691,6465,6298,1.331468524,v2_avx512bw_vec32_exact_perm,6-12-56-51-94-11-87-40-46-43-83-70-52-90-1-23-60-84-71-81-4-47-18-35-63-38-77-25-34-74-82-92-100-48-69-36-2-7-5-75-37-20-93-42-22-10-21-26-88-33-78-28-54-98-65-89-97-79-17-76-95-64-68-72-53-9-14-39-73-29-57-99-91-62-15-13-31-27-3-55-61-96-66-24-44-67-32-59-16-85-19-49-50-8-30-86-41-80-45-58
Ta100x20,10,1,100,0.85,0.025,3,2231003228,17000,6570,6465,6298,1.392502964,v2_avx512bw_vec32_exact_perm,83-64-77-1-11-51-56-60-34-92-6-36-89-87-40-98-12-90-84-54-18-35-27-62-95-26-3-88-38-2-52-97-100-43-70-10-14-47-7-21-67-86-61-91-31-20-32-74-24-4-42-23-75-15-37-48-72-57-68-82-5-44-39-69-81-25-71-17-85-78-63-9-94-73-96-8-46-16-22-13-99-45-19-33-65-29-58-76-41-30-79-49-50-80-55-59-66-28-53-93
Ta100x20,10,1,100,0.85,0.025,4,2231004237,17000,6688,6465,6298,1.416192041,v2_avx512bw_vec32_exact_perm,46-34-81-40-49-87-11-43-54-51-77-75-90-18-26-21-17-64-27-6-24-15-65-68-48-92-100-83-96-2-35-60-91-70-62-14-47-1-98-37-10-7-20-32-31-25-97-50-78-45-5-42-33-16-61-22-88-29-56-85-95-9-93-67-94-12-28-89-73-4-52-44-74-36-79-72-39-30-69-76-71-13-59-38-84-57-23-8-82-66-99-41-19-3-86-63-80-53-55-58
Ta100x20,10,1,100,0.85,0.025,5,2231005246,17000,6678,6465,6298,1.41455647,v2_avx512bw_vec32_exact_perm,77-56-100-15-26-81-51-90-42-96-12-38-47-94-92-98-64-10-40-35-86-52-72-14-13-34-87-27-46-20-54-83-70-74-57-37-5-6-68-67-60-24-48-21-22-32-41-84-11-43-25-31-73-4-1-23-71-62-50-97-99-75-63-18-88-44-91-39-82-85-36-8-78-95-16-65-61-30-80-2-29-49-9-28-76-45-53-89-19-7-33-79-93-55-69-17-3-59-66-58
Ta100x20,10,1,100,0.85,0.025,6,2231006255,17000,6664,6465,6298,1.457402453,v2_avx512bw_vec32_exact_perm,17-77-40-6-56-92-54-23-11-43-51-34-25-98-24-72-83-52-60-64-87-15-1-95-100-62-84-96-88-3-31-74-42-14-10-70-26-48-35-38-12-27-46-59-81-71-9-2-22-20-5-36-85-16-97-57-78-49-18-68-45-76-90-67-63-30-4-13-37-94-8-61-41-7-21-86-65-47-80-29-39-73-19-33-99-50-69-91-44-82-32-89-53-28-66-79-55-75-93-58
Ta100x20,10,1,100,0.85,0.025,7,2231007264,17000,6639,6465,6298,1.701709879,v2_avx512bw_vec32_exact_perm,77-56-40-11-64-100-51-90-20-36-92-98-12-62-87-34-43-31-91-25-83-46-6-15-74-16-1-54-79-4-81-60-30-18-35-76-67-52-96-21-37-24-22-39-95-65-3-27-32-72-38-48-88-42-14-10-23-41-75-33-70-97-9-47-86-49-2-5-26-78-68-82-45-99-71-57-85-80-13-94-84-73-8-61-50-66-89-7-19-44-69-17-29-63-58-28-59-93-55-53
Ta100x20,10,1,100,0.85,0.025,8,2231008273,17000,6616,6465,6298,1.347930758,v2_avx512bw_vec32_exact_perm,6-24-77-1-90-56-51-81-11-20-25-37-26-61-22-34-15-75-27-83-35-48-52-47-65-92-43-10-40-96-87-46-62-70-94-54-88-67-2-4-72-38-21-74-100-14-78-23-98-57-36-71-18-7-86-44-95-3-63-59-68-49-16-5-31-17-50-8-93-41-85-42-99-60-97-13-32-76-19-39-45-64-9-84-69-79-91-12-28-89-33-29-73-66-82-58-30-80-55-53
Ta100x20,10,1,100,0.85,0.025,9,2231009282,17000,6679,6465,6298,1.515390116,v2_avx512bw_vec32_exact_perm,81-77-40-11-26-65-88-82-6-52-51-60-47-27-20-72-70-1-90-24-12-10-87-54-74-67-95-7-56-38-84-96-100-21-37-33-34-4-63-25-83-46-48-36-35-79-92-89-78-85-68-49-43-98-73-86-18-5-75-8-42-41-9-23-16-64-39-91-31-69-17-2-62-76-57-71-97-29-32-15-61-19-13-14-99-45-22-50-59-80-3-66-58-30-55-44-28-94-53-93
Ta100x20,10,1,100,0.85,0.025,10,2231010291,17000,6666,6465,6298,1.798018179,v2_avx512bw_vec32_exact_perm,81-56-24-77-1-67-54-90-36-23-43-65-6-51-64-39-62-60-40-87-98-15-34-2-75-12-21-85-46-26-37-25-22-88-33-7-72-79-94-16-14-52-95-27-10-97-47-100-92-83-18-35-48-68-99-70-91-5-96-74-42-50-80-86-4-17-11-78-28-89-73-63-76-8-82-41-45-13-30-61-57-44-31-3-71-19-49-58-9-20-32-84-69-29-66-38-59-93-55-53
Ta100x20,10,1,100,0.85,0.05,1,2231001210,17000,6627,6465,6298,1.411692225,v2_avx512bw_vec32_exact_perm,6-40-72-38-60-23-92-56-90-21-24-7-12-33-22-67-64-39-34-70-77-51-43-46-26-75-5-48-37-83-87-94-88-35-62-44-2-81-52-96-100-54-65-31-18-16-85-20-74-99-98-59-15-10-47-27-95-71-1-49-42-63-14-86-17-4-91-79-78-25-36-32-97-57-76-29-11-13-89-45-68-8-73-93-9-50-69-3-28-61-84-41-19-66-82-58-30-80-55-53
Ta100x20,10,1,100,0.85,0.05,2,2231002219,17000,6646,6465,6298,1.504702991,v2_avx512bw_vec32_exact_perm,77-34-20-40-81-24-1-100-56-46-52-6-87-37-94-90-21-70-51-4-83-74-10-36-64-47-39-75-25-76-62-22-7-54-26-18-15-11-41-91-35-48-23-98-16-14-73-60-38-97-92-85-96-17-99-5-45-89-32-95-27-84-31-61-71-2-65-43-3-63-88-44-78-57-67-30-29-12-13-49-8-19-42-72-33-79-86-9-69-68-50-59-93-28-82-53-80-66-55-58
Ta100x20,10,1,100,0.85,0.05,3,2231003228,17000,6648,6465,6298,1.457524093,v2_avx512bw_vec32_exact_perm,81-40-34-88-51-11-48-18-26-47-54-92-56-89-46-77-87-24-90-83-60-6-64-52-17-99-12-25-35-22-27-15-36-20-14-72-70-97-71-38-74-31-75-73-5-80-67-21-91-2-98-62-65-95-1-10-9-82-44-43-45-58-96-100-86-78-68-63-23-57-4-76-42-39-41-85-37-93-94-13-33-16-61-19-3-7-8-30-49-79-32-69-84-50-29-66-59-28-55-53
Ta100x20,10,1,100,0.85,0.05,4,2231004237,17000,6642,6465,6298,1.397382677,v2_avx512bw_vec32_exact_perm,81-77-40-92-24-100-11-72-51-31-34-64-83-10-74-87-20-88-12-35-15-48-43-65-46-26-6-90-54-56-68-98-21-25-73-60-22-5-67-47-62-82-13-1-94-70-4-96-37-27-7-91-8-61-99-78-9-32-75-71-44-97-36-23-57-33-52-18-2-49-76-42-63-95-30-39-17-50-59-14-58-16-41-29-84-66-28-89-69-38-3-85-80-86-79-45-19-55-53-93
Ta100x20,10,1,100,0.85,0.05,5,2231005246,17000,6646,6465,6298,1.921717741,v2_avx512bw_vec32_exact_perm,77-46-81-12-88-90-23-40-91-67-98-87-3-56-92-96-51-52-37-100-26-6-18-38-48-59-49-20-47-60-43-54-83-35-4-22-73-34-68-14-72-30-39-64-21-36-1-95-11-15-27-94-65-31-70-2-74-42-84-97-57-24-82-32-10-25-86-29-7-75-69-61-80-78-71-63-33-76-9-45-44-16-93-5-89-28-19-62-85-13-17-50-99-79-53-8-41-66-55-58
Ta100x20,10,1,100,0.85,0.05,6,2231006255,17000,6613,6465,6298,1.388738521,v2_avx512bw_vec32_exact_perm,77-56-40-51-81-3-47-87-14-60-43-54-46-74-83-6-38-70-90-16-31-92-42-39-20-15-75-44-96-64-10-95-73-1-94-85-12-26-21-99-24-37-62-69-27-52-67-25-35-7-4-78-18-65-22-13-50-97-36-11-68-34-100-17-63-71-9-5-2-72-33-48-88-91-86-98-89-32-76-93-19-29-66-49-45-23-8-57-84-79-59-41-61-28-82-58-30-80-55-53
Ta100x20,10,1,100,0.85,0.05,7,2231007264,17000,6649,6465,6298,1.336686884,v2_avx512bw_vec32_exact_perm,77-34-56-26-40-51-87-27-46-17-98-52-47-25-21-64-90-11-92-42-14-60-15-84-43-22-88-65-6-67-16-54-96-12-9-89-1-2-81-78-68-62-3-86-72-70-35-31-83-44-100-74-10-20-36-61-63-82-28-5-94-57-24-37-76-59-95-97-75-23-38-71-69-13-49-79-91-48-45-18-32-73-39-7-33-8-30-99-4-50-41-80-19-29-66-55-85-53-93-58
Ta100x20,10,1,100,0.85,0.05,8,2231008273,17000,6644,6465,6298,1.352165985,v2_avx512bw_vec32_exact_perm,81-77-56-26-40-92-83-36-51-21-67-34-15-35-2-65-54-46-48-10-70-74-47-60-90-87-16-98-1-24-6-62-25-52-33-31-37-91-41-100-22-11-13-27-20-4-44-96-57-95-14-86-43-7-3-88-75-80-82-5-72-23-89-64-68-78-9-61-76-18-38-12-42-28-71-85-97-39-19-73-45-17-50-49-8-69-99-32-94-63-30-58-84-79-29-66-59-93-55-53
Ta100x20,10,1,100,0.85,0.05,9,2231009282,17000,6626,6465,6298,1.406472491,v2_avx512bw_vec32_exact_perm,70-100-20-64-52-88-11-51-56-77-46-87-83-43-48-26-3-35-15-40-12-6-60-57-54-47-94-29-90-25-92-82-62-78-84-27-86-67-7-18-69-5-21-68-14-72-36-23-4-37-42-81-96-75-1-97-2-28-95-89-91-38-61-44-98-22-16-39-10-9-74-24-8-63-50-31-59-13-71-17-30-76-45-32-41-65-99-33-49-79-85-19-93-34-73-80-55-66-58-53
Ta100x20,10,1,100,0.85,0.05,10,2231010291,17000,6644,6465,6298,1.660064498,v2_avx512bw_vec32_exact_perm,81-77-40-56-90-17-15-54-24-20-11-43-31-1-83-74-65-2-34-60-10-18-92-100-22-21-80-12-98-87-67-6-70-51-33-4-35-88-52-50-26-44-96-64-39-72-42-32-8-95-71-69-57-76-62-5-47-27-14-16-36-89-13-37-99-41-48-75-23-91-49-73-46-9-94-79-86-3-7-85-84-29-30-78-19-97-38-63-68-93-25-45-61-28-82-58-53-55-59-66
Ta100x20,10,1,100,0.85,0.075,1,2231001210,17000,6606,6465,6298,1.52727471,v2_avx512bw_vec32_exact_perm,77-34-100-83-51-64-52-15-18-20-47-26-56-96-54-25-67-92-78-98-68-22-72-1-46-6-11-50-65-2-5-91-87-12-60-48-40-57-43-33-23-4-42-74-70-10-73-7-14-90-88-94-3-63-16-37-24-36-62-89-27-35-9-86-31-44-71-95-30-17-32-13-99-69-75-80-8-97-61-85-49-79-39-38-81-45-84-29-58-21-76-28-41-19-82-55-59-66-93-53
Ta100x20,10,1,100,0.85,0.075,2,2231002219,17000,6603,6465,6298,1.332019774,v2_avx512bw_vec32_exact_perm,77-56-65-20-40-100-47-54-60-90-11-84-3-43-96-71-24-26-92-51-98-95-1-21-2-22-39-10-70-34-42-74-87-88-64-52-83-27-15-82-62-6-35-25-76-38-16-45-85-31-7-99-89-18-12-72-67-61-75-57-94-69-9-44-48-30-68-4-36-78-19-33-49-5-79-81-91-97-13-8-23-73-14-46-28-37-29-17-63-50-86-32-41-80-55-58-59-66-53-93
Ta100x20,10,1,100,0.85,0.075,3,2231003228,17000,6599,6465,6298,1.540104702,v2_avx512bw_vec32_exact_perm,81-34-24-14-90-6-40-100-83-70-51-60-13-4-20-37-87-96-52-92-98-54-1-57-74-62-79-12-26-88-48-99-75-22-27-3-46-18-76-72-89-11-64-56-39-5-95-65-47-82-68-49-77-2-85-86-67-25-7-35-91-97-38-31-78-42-50-10-45-16-63-9-61-36-23-71-21-32-84-69-15-33-44-94-43-8-41-30-80-73-17-29-28-58-19-55-59-66-53-93
Ta100x20,10,1,100,0.85,0.075,4,2231004237,17000,6594,6465,6298,1.391016101,v2_avx512bw_vec32_exact_perm,81-40-24-20-43-46-77-1-83-51-12-6-18-72-54-38-34-26-52-35-10-88-4-16-56-21-36-25-90-84-60-44-74-27-2-67-39-37-92-57-100-11-45-87-98-96-47-89-95-64-68-30-48-65-31-15-41-23-70-14-78-42-33-9-5-22-29-13-97-71-80-86-69-50-85-49-76-94-62-73-99-3-32-75-91-7-61-28-8-19-82-79-63-59-17-55-66-58-53-93
Ta100x20,10,1,100,0.85,0.075,5,2231005246,17000,6603,6465,6298,1.348661955,v2_avx512bw_vec32_exact_perm,81-87-52-34-100-56-77-37-40-96-91-83-64-6-46-98-78-1-70-35-10-11-26-43-47-54-23-4-24-67-21-62-51-99-75-17-90-12-86-15-42-20-27-30-22-92-74-60-73-76-45-94-89-9-63-33-5-48-38-39-68-41-25-13-57-82-3-31-2-18-32-7-61-71-16-97-80-85-14-95-72-65-19-44-49-88-79-50-8-69-36-84-29-58-28-59-66-93-55-53
Ta100x20,10,1,100,0.85,0.075,6,2231006255,17000,6613,6465,6298,1.687434763,v2_avx512bw_vec32_exact_perm,77-56-40-51-20-17-87-34-100-47-27-54-46-60-84-7-1-75-38-6-83-35-71-62-92-99-11-18-52-15-70-31-42-37-74-65-64-96-67-88-95-91-25-21-39-86-10-16-76-82-90-57-68-24-22-26-49-98-69-72-2-14-4-97-63-78-79-12-81-33-73-94-85-36-13-45-5-23-9-50-8-44-43-41-89-48-32-19-29-28-3-61-80-59-66-30-58-93-55-53
Ta100x20,10,1,100,0.85,0.075,7,2231007264,17000,6642,6465,6298,1.426019041,v2_avx512bw_vec32_exact_perm,81-40-56-90-3-52-51-87-34-75-92-36-83-18-74-16-98-67-69-26-46-77-23-64-88-62-12-20-96-54-35-24-10-43-60-6-70-37-1-21-99-42-15-61-27-48-14-65-95-25-72-91-44-86-7-100-78-97-38-4-28-68-89-31-9-33-5-2-22-50-82-58-13-39-32-29-57-76-41-45-47-71-59-19-66-30-79-84-49-63-11-94-73-17-8-80-85-55-53-93
Ta100x20,10,1,100,0.85,0.075,8,2231008273,17000,6614,6465,6298,1.388253905,v2_avx512bw_vec32_exact_perm,81-51-64-77-56-90-43-52-46-26-37-27-72-3-60-40-87-34-20-24-92-15-1-6-35-83-84-31-70-25-78-4-28-67-65-22-74-54-11-14-63-48-57-75-96-5-97-61-18-95-2-42-36-62-12-23-7-68-21-89-91-86-88-76-30-16-41-98-13-9-82-69-10-17-32-71-99-85-93-94-100-45-47-19-29-33-80-79-8-73-49-44-39-38-50-59-55-66-58-53
Ta100x20,10,1,100,0.85,0.075,9,2231009282,17000,6653,6465,6298,1.388963273,v2_avx512bw_vec32_exact_perm,65-34-67-98-64-43-40-3-75-48-77-12-57-51-26-62-27-18-35-92-17-54-96-88-21-70-42-90-83-76-10-20-15-25-68-52-6-4-47-60-16-33-72-14-5-81-87-2-30-100-31-74-38-78-46-32-82-56-95-39-28-22-1-71-24-86-13-37-36-89-99-19-50-8-97-41-91-63-9-23-61-58-84-69-29-49-85-45-93-79-44-94-73-7-59-66-11-80-55-53
Ta100x20,10,1,100,0.85,0.075,10,2231010291,17000,6565,6465,6298,1.364781535,v2_avx512bw_vec32_exact_perm,77-65-51-20-26-34-54-11-1-85-92-83-60-87-43-40-36-38-74-42-48-2-12-88-90-56-89-62-47-17-96-64-35-31-67-39-70-100-21-23-15-7-86-4-44-37-52-27-10-84-95-46-25-32-81-71-5-6-75-22-30-76-72-14-98-69-18-57-97-94-24-50-91-49-78-61-16-29-73-99-68-13-59-19-80-45-33-58-9-79-3-63-28-82-8-41-66-55-93-53
Ta100x20,10,1,100,0.85,0.1,1,2231001210,17000,6646,6465,6298,1.56251032,v2_avx512bw_vec32_exact_perm,65-67-34-3-40-27-98-100-33-70-7-51-1-83-77-60-6-14-54-90-69-48-18-46-15-38-20-35-64-62-36-23-10-74-94-63-26-12-87-52-43-76-88-37-42-96-4-71-61-21-99-16-25-95-32-31-5-82-81-2-57-30-92-84-45-59-89-68-47-22-97-79-91-13-86-11-56-78-50-41-72-24-17-29-9-44-8-75-73-39-19-93-80-53-55-85-66-28-49-58
Ta100x20,10,1,100,0.85,0.1,2,2231002219,17000,6640,6465,6298,1.356779899,v2_avx512bw_vec32_exact_perm,6-11-56-43-26-87-40-98-72-67-1-47-92-77-96-94-64-8-90-12-10-65-27-24-50-74-80-36-34-33-60-23-70-51-18-7-21-76-22-91-89-37-85-54-86-35-14-46-73-83-15-81-52-25-41-100-49-95-42-2-39-62-61-13-45-16-31-38-9-99-75-82-78-32-69-19-4-88-71-57-5-68-48-44-30-97-20-63-84-17-28-3-29-58-79-59-66-93-55-53
Ta100x20,10,1,100,0.85,0.1,3,2231003228,17000,6600,6465,6298,1.348673938,v2_avx512bw_vec32_exact_perm,77-34-100-81-79-92-31-54-26-75-80-70-1-78-51-83-74-87-47-4-82-2-84-27-37-64-46-90-40-22-96-35-39-95-17-16-38-56-98-12-99-52-25-48-10-18-21-15-43-85-60-42-62-6-24-30-36-20-5-89-68-9-97-23-45-67-69-72-44-49-71-50-13-14-73-65-8-41-11-91-76-57-33-7-86-88-94-3-32-61-28-29-58-19-55-63-59-66-53-93
Ta100x20,10,1,100,0.85,0.1,4,2231004237,17000,6644,6465,6298,1.615957619,v2_avx512bw_vec32_exact_perm,81-11-62-77-40-34-100-56-31-80-54-36-51-6-83-64-25-35-7-46-22-26-27-52-23-4-86-15-47-67-2-12-43-60-78-24-20-37-68-96-72-92-42-71-84-65-49-87-95-3-5-88-14-48-32-74-30-98-90-61-45-89-99-13-10-70-44-94-57-75-28-33-39-9-1-21-38-19-18-85-63-97-16-17-76-69-41-82-50-29-73-79-55-58-59-66-91-8-53-93
Ta100x20,10,1,100,0.85,0.1,5,2231005246,17000,6637,6465,6298,1.341368354,v2_avx512bw_vec32_exact_perm,81-40-87-6-43-36-100-77-26-54-47-83-92-14-67-82-51-24-48-60-12-99-27-64-45-96-35-94-57-15-21-44-52-98-23-70-5-62-88-72-75-1-56-97-20-78-37-38-46-34-89-42-33-63-61-7-16-68-65-28-17-18-39-41-25-86-58-13-31-71-30-10-73-95-4-9-2-32-74-11-29-76-22-84-90-3-8-49-85-19-69-91-50-93-59-79-66-80-55-53
Ta100x20,10,1,100,0.85,0.1,6,2231006255,17000,6581,6465,6298,1.363654422,v2_avx512bw_vec32_exact_perm,81-24-38-77-14-56-51-60-6-34-12-87-54-40-15-35-62-98-72-46-25-11-27-52-47-48-84-74-36-92-96-100-20-99-75-78-83-70-17-73-5-10-39-88-82-57-95-2-68-89-63-9-26-86-13-18-16-31-30-21-33-22-1-67-23-4-7-37-85-94-64-44-43-65-91-90-97-71-76-69-45-50-42-49-3-32-41-29-80-61-79-8-58-19-55-59-66-93-28-53
Ta100x20,10,1,100,0.85,0.1,7,2231007264,17000,6642,6465,6298,1.40425256,v2_avx512bw_vec32_exact_perm,81-51-100-83-11-77-87-90-34-12-96-40-56-98-92-62-52-84-27-26-31-36-10-74-18-6-43-16-67-24-48-65-99-60-14-70-21-88-22-20-4-7-72-75-1-46-37-47-2-39-57-25-54-42-29-35-95-78-73-49-23-44-38-69-5-91-79-71-86-13-94-68-64-9-19-85-97-17-45-76-32-41-3-15-61-89-28-33-80-8-30-82-63-53-50-59-66-55-93-58
Ta100x20,10,1,100,0.85,0.1,8,2231008273,17000,6595,6465,6298,1.500660029,v2_avx512bw_vec32_exact_perm,77-56-26-6-38-60-40-36-37-100-51-34-46-27-83-81-54-74-29-92-96-24-48-52-90-44-84-35-3-88-16-72-25-1-67-2-12-31-62-21-57-14-42-85-15-39-5-33-22-11-99-71-61-7-75-87-86-94-43-98-47-69-78-4-19-70-10-76-89-13-45-59-9-41-23-50-63-65-97-95-30-80-18-20-8-73-49-68-28-82-79-91-64-17-55-32-66-58-93-53
Ta100x20,10,1,100,0.85,0.1,9,2231009282,17000,6646,6465,6298,1.692550001,v2_avx512bw_vec32_exact_perm,77-34-56-100-6-40-67-12-24-60-21-51-11-43-65-90-27-47-14-87-54-83-82-98-92-18-3-72-31-70-26-89-46-64-15-1-39-81-37-35-74-79-38-52-4-23-63-96-8-76-61-75-30-57-20-97-22-7-95-25-48-68-5-16-2-36-91-9-33-42-78-73-59-84-17-10-69-88-62-41-80-32-94-13-86-99-44-66-71-19-49-50-29-85-93-45-28-53-55-58
Ta100x20,10,1,100,0.85,0.1,10,2231010291,17000,6646,6465,6298,1.463273147,v2_avx512bw_vec32_exact_perm,77-56-26-64-51-12-34-87-54-88-75-92-96-100-17-78-65-62-11-40-6-43-38-59-27-83-46-89-15-2-74-98-3-81-16-24-35-10-7-23-31-22-67-18-37-52-86-69-21-60-76-47-90-70-42-39-14-20-73-4-19-72-33-28-85-97-25-5-84-71-36-99-95-61-32-1-48-91-13-8-82-79-9-57-50-94-63-49-80-29-66-45-30-68-55-44-53-41-93-58
Ta100x20,10,1,100,0.85,0.125,1,2231001210,17000,6583,6465,6298,1.444707858,v2_avx512bw_vec32_exact_perm,77-34-24-20-36-23-51-15-100-65-6-83-62-40-92-60-87-54-56-43-25-74-35-70-98-37-26-71-47-52-5-17-84-27-67-44-78-88-57-97-2-42-4-72-1-95-11-64-12-90-14-96-18-21-16-31-89-22-46-86-28-13-75-38-7-48-10-82-33-68-39-9-91-50-8-41-30-80-69-61-99-94-3-76-32-49-29-79-63-45-19-81-85-58-73-59-66-55-53-93
Ta100x20,10,1,100,0.85,0.125,2,2231002219,17000,6599,6465,6298,1.347902087,v2_avx512bw_vec32_exact_perm,81-40-26-51-11-38-92-77-75-60-6-65-22-15-100-47-4-27-20-7-62-34-56-87-79-74-30-98-2-54-83-61-91-88-99-18-86-35-13-96-52-33-97-5-25-48-80-95-43-1-23-29-12-67-3-31-63-94-68-73-82-36-72-76-14-42-78-10-21-44-71-70-57-46-17-37-64-90-24-39-8-85-49-45-89-32-9-16-69-28-50-84-41-58-19-55-59-66-53-93
Ta100x20,10,1,100,0.85,0.125,3,2231003228,17000,6584,6465,6298,1.534707881,v2_avx512bw_vec32_exact_perm,77-81-56-26-6-87-2-64-24-43-51-31-83-70-74-60-40-18-54-7-27-37-48-20-52-41-96-46-98-62-34-1-75-100-47-78-17-22-91-9-25-21-92-32-14-38-95-67-82-30-15-35-65-76-71-42-99-69-5-94-33-8-39-57-86-88-68-36-72-84-10-3-13-44-4-23-80-63-97-79-12-16-90-50-49-85-89-28-19-29-61-45-73-58-11-59-66-93-55-53
Ta100x20,10,1,100,0.85,0.125,4,2231004237,17000,6626,6465,6298,1.595602405,v2_avx512bw_vec32_exact_perm,77-34-100-56-11-83-6-25-38-81-35-70-85-26-95-43-1-37-48-74-49-67-16-88-90-47-64-18-92-14-98-78-2-65-86-15-46-21-60-32-36-20-31-22-40-24-17-72-52-12-63-54-10-51-23-57-75-84-82-4-7-76-62-27-96-97-68-89-45-30-80-71-13-44-8-41-79-73-94-69-91-61-42-99-9-87-39-33-3-28-29-93-50-5-58-19-55-59-66-53
Ta100x20,10,1,100,0.85,0.125,5,2231005246,17000,6619,6465,6298,1.45355956,v2_avx512bw_vec32_exact_perm,77-56-90-81-51-40-47-38-60-70-43-26-6-18-100-36-25-11-83-21-71-5-35-34-24-92-62-27-48-65-46-67-23-74-54-78-15-12-99-17-64-37-20-39-32-42-4-75-95-22-73-88-98-52-97-44-28-10-14-72-61-76-87-16-80-86-31-91-8-89-68-57-7-33-30-13-45-96-50-49-79-1-94-29-85-84-63-69-9-3-2-59-41-82-58-66-19-55-53-93
Ta100x20,10,1,100,0.85,0.125,6,2231006255,17000,6587,6465,6298,1.357223941,v2_avx512bw_vec32_exact_perm,77-34-56-51-11-81-100-87-24-60-43-40-62-26-64-47-83-6-52-14-88-67-12-90-37-92-94-35-65-32-31-54-20-41-10-57-13-1-18-39-70-74-48-17-96-42-2-91-46-72-76-25-45-22-98-21-16-19-30-15-71-27-97-73-80-95-69-29-33-78-38-84-61-86-63-36-23-75-7-44-5-4-9-68-89-49-79-3-50-99-82-8-55-85-59-66-58-28-53-93
Ta100x20,10,1,100,0.85,0.125,7,2231007264,17000,6583,6465,6298,1.482784982,v2_avx512bw_vec32_exact_perm,77-46-64-43-51-20-11-1-6-40-38-100-57-31-95-56-26-92-96-65-48-74-70-83-37-60-27-24-22-54-34-52-17-67-62-90-99-21-75-25-87-12-84-15-18-97-42-36-2-33-78-86-47-7-14-35-79-72-5-88-16-89-68-50-29-61-39-71-30-81-23-69-10-63-82-13-73-94-9-32-91-55-4-98-45-85-49-76-19-41-44-80-3-58-59-66-28-8-53-93
Ta100x20,10,1,100,0.85,0.125,8,2231008273,17000,6598,6465,6298,1.427283664,v2_avx512bw_vec32_exact_perm,77-56-20-87-24-43-36-86-90-21-92-54-52-11-6-5-26-3-96-67-74-40-85-48-46-84-60-34-25-70-97-83-98-62-47-100-15-1-81-12-22-27-75-76-7-37-10-42-89-18-39-45-51-17-38-50-63-2-35-13-8-78-65-88-57-72-4-68-9-59-49-33-23-31-71-95-73-14-80-16-61-32-30-79-94-64-99-69-19-29-91-44-28-41-82-66-55-58-53-93
Ta100x20,10,1,100,0.85,0.125,9,2231009282,17000,6616,6465,6298,1.434493975,v2_avx512bw_vec32_exact_perm,6-34-11-1-82-40-24-77-56-52-79-12-60-87-14-90-21-100-92-51-47-22-36-25-48-32-26-46-10-72-20-96-67-61-70-37-27-83-18-98-4-35-73-95-88-74-42-2-54-38-78-62-43-97-5-3-7-23-8-65-15-99-75-71-28-31-91-13-86-69-81-50-94-84-63-41-64-39-76-9-89-19-85-44-57-33-16-80-29-45-30-68-49-17-59-55-66-58-53-93
Ta100x20,10,1,100,0.85,0.125,10,2231010291,17000,6634,6465,6298,1.213989493,v2_avx512bw_vec32_exact_perm,77-34-56-65-87-88-40-89-4-48-15-6-51-100-83-64-35-38-62-26-36-11-99-20-74-14-22-60-92-27-70-67-7-21-24-49-54-10-17-52-80-45-46-44-76-94-30-78-33-18-90-2-39-3-32-5-47-71-50-97-75-23-16-31-42-98-73-12-57-91-1-95-37-13-96-69-19-84-41-25-81-9-58-59-72-68-61-28-82-79-86-63-43-29-66-55-85-93-8-53
Ta100x20,10,1,100,0.8875,0.025,1,2231001210,17000,6672,6465,6298,1.401743949,v2_avx512bw_vec32_exact_perm,77-34-40-38-56-90-83-1-52-11-51-60-91-21-10-87-6-14-62-43-4-2-18-99-27-74-46-24-78-15-17-54-37-96-94-64-84-35-65-85-79-23-12-92-36-95-89-69-88-44-26-48-72-100-63-13-86-76-67-75-97-70-39-22-98-19-57-45-33-49-61-9-20-32-16-31-71-47-59-5-68-25-7-3-8-42-28-41-82-50-73-29-81-66-30-58-53-80-55-93
Ta100x20,10,1,100,0.8875,0.025,2,2231002219,17000,6703,6465,6298,1.451760105,v2_avx512bw_vec32_exact_perm,77-34-56-26-20-75-83-11-12-36-52-51-21-27-64-88-62-40-60-98-6-100-37-54-90-57-42-14-24-15-47-87-72-89-67-46-22-74-70-92-95-48-69-1-71-81-5-18-19-84-35-13-96-41-2-78-73-17-94-32-65-4-99-16-76-97-91-30-79-25-66-31-39-38-9-8-23-86-63-3-59-45-61-68-49-7-10-85-33-82-50-44-43-29-58-93-28-55-53-80
Ta100x20,10,1,100,0.8875,0.025,3,2231003228,17000,6702,6465,6298,1.365032022,v2_avx512bw_vec32_exact_perm,6-38-56-15-90-40-52-51-62-26-87-3-60-70-27-88-83-20-74-81-16-47-1-10-50-18-92-35-43-78-77-100-24-96-33-37-12-42-23-48-46-11-32-54-31-4-89-9-86-99-75-91-68-93-49-22-76-34-98-30-67-66-25-21-14-41-63-95-84-5-2-39-57-65-61-94-45-72-71-64-97-13-36-7-53-19-82-29-58-44-28-8-79-69-85-55-80-73-17-59
Ta100x20,10,1,100,0.8875,0.025,4,2231004237,17000,6620,6465,6298,1.393800674,v2_avx512bw_vec32_exact_perm,77-34-40-26-64-90-1-91-75-83-92-38-52-6-87-27-54-36-12-37-18-67-96-51-11-43-15-35-98-65-33-48-23-24-46-60-7-62-94-74-86-2-9-70-99-10-16-82-14-95-56-72-100-88-78-73-13-32-21-89-31-47-5-84-4-42-71-68-30-61-22-79-57-39-69-17-50-97-25-66-29-80-28-20-63-8-76-41-19-3-85-49-81-44-59-55-93-45-58-53
Ta100x20,10,1,100,0.8875,0.025,5,2231005246,17000,6575,6465,6298,1.513308413,v2_avx512bw_vec32_exact_perm,77-56-11-100-26-40-83-92-43-75-98-51-81-87-54-46-34-12-67-72-70-31-37-41-94-52-1-90-18-42-14-15-33-74-48-47-44-27-60-64-21-73-88-71-17-76-35-24-96-23-65-6-22-57-68-36-25-39-89-85-78-62-38-95-91-16-3-9-99-86-13-32-61-5-2-49-10-7-20-28-84-4-97-79-69-82-50-80-29-45-30-58-19-55-63-59-66-93-8-53
Ta100x20,10,1,100,0.8875,0.025,6,2231006255,17000,6642,6465,6298,1.525219281,v2_avx512bw_vec32_exact_perm,81-77-34-36-76-100-52-11-18-51-65-6-67-87-26-62-92-25-90-70-40-54-7-3-35-37-56-72-96-91-1-12-48-75-88-43-39-33-22-23-49-89-98-30-27-14-99-21-10-15-68-42-2-78-44-64-41-9-13-83-86-32-20-31-16-80-4-47-71-84-57-63-95-5-74-38-94-69-60-97-24-61-29-17-50-45-46-73-28-79-59-82-66-58-19-85-55-93-8-53
Ta100x20,10,1,100,0.8875,0.025,7,2231007264,17000,6640,6465,6298,1.468098924,v2_avx512bw_vec32_exact_perm,77-34-56-51-81-25-70-31-65-100-90-46-6-38-92-20-72-96-54-40-52-87-26-62-43-84-67-10-91-18-79-35-12-27-48-4-21-60-98-44-15-74-23-63-11-86-33-36-94-78-68-42-83-61-32-41-71-13-9-82-14-39-28-75-22-64-76-95-5-37-3-57-24-88-97-50-89-66-99-1-8-7-16-69-47-17-29-45-73-19-85-49-30-80-2-59-58-93-55-53
Ta100x20,10,1,100,0.8875,0.025,8,2231008273,17000,6674,6465,6298,1.575073892,v2_avx512bw_vec32_exact_perm,77-34-90-17-43-56-26-87-92-15-51-74-83-40-64-78-100-47-96-4-1-36-22-23-52-20-81-14-70-31-27-35-72-46-38-37-89-6-62-24-54-5-80-3-75-39-9-45-32-76-95-10-67-16-93-68-98-73-97-30-79-91-48-2-7-57-25-21-12-60-88-42-44-69-71-50-99-65-94-18-84-11-63-41-29-66-49-13-8-61-86-19-33-82-28-55-59-85-58-53
Ta100x20,10,1,100,0.8875,0.025,9,2231009282,17000,6636,6465,6298,1.490110337,v2_avx512bw_vec32_exact_perm,65-54-51-11-46-21-38-92-52-40-43-60-70-77-1-100-83-84-10-94-62-15-74-20-25-7-26-27-6-96-64-36-48-37-90-56-12-18-35-3-32-31-97-2-98-88-73-75-23-87-68-78-81-71-30-42-34-4-22-45-29-76-24-95-57-89-69-9-33-91-80-63-17-16-39-41-47-67-82-86-61-44-72-8-13-5-79-28-85-19-50-49-99-14-59-55-66-58-93-53
Ta100x20,10,1,100,0.8875,0.025,10,2231010291,17000,6667,6465,6298,1.396729945,v2_avx512bw_vec32_exact_perm,6-65-34-100-83-62-51-87-47-92-43-56-60-77-61-54-40-24-52-15-78-27-67-72-31-84-86-57-46-26-79-2-12-89-35-5-95-37-96-23-33-44-38-75-16-91-36-93-7-10-21-1-9-48-68-94-50-97-88-70-3-39-42-90-29-74-73-11-98-32-4-25-99-71-76-30-63-20-45-18-49-13-55-81-69-85-82-22-14-58-28-17-8-41-19-64-80-59-66-53
Ta100x20,10,1,100,0.8875,0.05,1,2231001210,17000,6603,6465,6298,1.511418388,v2_avx512bw_vec32_exact_perm,77-34-56-26-90-87-40-83-100-3-27-46-64-7-62-6-92-15-75-67-51-72-20-14-18-54-35-11-22-43-10-21-70-96-13-1-36-47-52-65-94-23-88-37-60-25-33-59-31-2-63-98-82-95-5-74-38-48-42-68-49-91-24-97-45-99-76-17-84-89-85-4-28-73-78-71-12-9-81-69-50-39-79-32-8-57-61-80-29-44-16-66-19-86-41-30-58-93-55-53
Ta100x20,10,1,100,0.8875,0.05,2,2231002219,17000,6622,6465,6298,1.414667805,v2_avx512bw_vec32_exact_perm,81-40-56-90-64-65-88-94-1-98-10-21-70-77-51-60-83-74-38-61-14-72-92-67-62-2-46-15-54-73-26-89-36-95-6-68-16-78-97-18-47-100-87-52-37-27-22-20-24-28-29-12-35-31-9-23-86-57-25-13-4-99-45-43-96-76-75-3-48-82-79-32-7-41-91-84-17-8-5-42-34-33-85-11-71-63-44-39-30-50-49-80-69-58-93-19-55-59-66-53
Ta100x20,10,1,100,0.8875,0.05,3,2231003228,17000,6594,6465,6298,1.548532278,v2_avx512bw_vec32_exact_perm,77-34-56-40-43-26-100-24-74-83-98-47-16-6-54-90-11-78-1-62-50-10-87-92-18-35-14-81-57-75-48-88-42-70-12-31-65-22-15-20-27-96-61-60-84-63-76-51-72-9-4-29-52-25-23-59-36-91-44-28-89-46-39-17-73-71-67-32-95-69-37-3-7-79-97-82-5-2-86-68-49-85-13-8-45-99-19-33-38-21-64-41-93-94-58-30-80-55-66-53
Ta100x20,10,1,100,0.8875,0.05,4,2231004237,17000,6664,6465,6298,1.460448934,v2_avx512bw_vec32_exact_perm,77-56-34-20-43-46-54-48-36-100-98-40-62-47-15-26-83-90-52-6-38-33-72-35-5-68-25-17-92-88-12-67-86-60-51-2-87-95-69-24-27-22-84-1-85-57-23-89-74-10-73-39-70-4-75-80-21-14-96-9-76-45-64-18-31-94-16-61-42-28-97-71-63-13-37-50-99-65-11-78-82-41-29-19-81-93-55-32-8-91-44-30-49-79-3-58-53-7-59-66
Ta100x20,10,1,100,0.8875,0.05,5,2231005246,17000,6706,6465,6298,1.565851985,v2_avx512bw_vec32_exact_perm,81-77-40-11-20-14-87-36-100-24-43-69-54-26-57-31-83-47-89-6-62-51-48-46-34-98-70-27-25-60-22-37-21-92-10-33-56-99-9-88-39-35-16-67-64-96-19-12-74-65-79-15-90-86-50-97-52-23-32-17-68-5-94-41-42-4-73-18-91-95-45-76-78-1-38-72-8-82-85-93-75-7-30-71-2-63-49-29-55-13-80-84-3-28-53-66-61-44-58-59
Ta100x20,10,1,100,0.8875,0.05,6,2231006255,17000,6642,6465,6298,1.693263585,v2_avx512bw_vec32_exact_perm,81-34-40-65-90-6-15-12-11-54-27-24-78-51-48-62-100-43-88-83-92-47-20-60-56-36-70-67-95-1-72-32-86-46-26-96-87-74-42-94-2-52-37-35-99-77-17-30-75-64-10-23-13-89-7-3-18-68-22-73-8-63-39-61-91-25-31-16-33-57-4-76-98-14-97-28-71-69-5-19-9-21-84-41-79-82-38-29-85-45-44-49-80-50-59-53-66-93-55-58
Ta100x20,10,1,100,0.8875,0.05,7,2231007264,17000,6592,6465,6298,1.780032968,v2_avx512bw_vec32_exact_perm,77-56-88-34-100-26-83-6-44-64-60-87-40-92-43-24-90-67-12-54-36-21-35-42-15-62-52-51-96-74-70-47-84-99-4-75-25-31-81-5-2-20-65-57-95-59-27-18-14-48-13-78-68-72-16-79-82-98-85-49-10-23-97-7-32-11-91-61-45-89-69-76-17-71-80-46-86-63-9-94-22-37-41-50-39-33-58-30-1-3-38-29-66-73-8-93-28-19-55-53
Ta100x20,10,1,100,0.8875,0.05,8,2231008273,17000,6666,6465,6298,1.533209989,v2_avx512bw_vec32_exact_perm,77-56-100-26-17-87-90-38-40-34-3-60-24-81-27-62-25-6-22-12-54-95-43-36-1-94-20-96-15-72-75-64-63-51-35-11-52-46-5-18-76-14-48-84-31-45-98-61-83-30-78-33-23-57-74-70-82-92-37-10-42-47-39-4-8-85-32-67-7-65-97-71-93-28-68-89-13-2-21-88-29-86-69-9-99-91-16-41-19-44-50-59-79-73-49-66-80-53-55-58
Ta100x20,10,1,100,0.8875,0.05,9,2231009282,17000,6610,6465,6298,1.80615668,v2_avx512bw_vec32_exact_perm,77-6-40-67-65-34-70-43-1-81-27-100-54-98-83-52-10-35-87-24-11-37-41-20-92-22-74-15-56-94-36-51-21-12-90-68-59-47-96-42-25-5-60-95-72-33-17-79-86-73-46-14-26-48-78-63-91-38-31-3-16-97-76-71-57-18-62-23-75-49-13-88-4-82-2-7-85-8-32-89-30-99-50-64-39-9-84-58-69-19-29-44-66-61-28-80-55-45-93-53
Ta100x20,10,1,100,0.8875,0.05,10,2231010291,17000,6618,6465,6298,1.618110954,v2_avx512bw_vec32_exact_perm,77-81-40-51-65-90-20-6-92-88-100-83-52-1-11-35-62-12-26-87-31-70-54-37-60-10-47-94-21-56-32-72-24-4-74-67-27-57-76-48-64-96-44-7-46-3-22-75-39-9-50-34-36-14-59-23-84-41-89-43-61-38-5-98-78-97-2-18-69-15-71-95-68-30-73-79-42-28-25-91-13-86-45-80-29-16-99-19-33-82-66-55-63-49-85-17-93-8-58-53
Ta100x20,10,1,100,0.8875,0.075,1,2231001210,17000,6606,6465,6298,1.518712214,v2_avx512bw_vec32_exact_perm,77-34-56-67-70-51-11-20-36-100-88-62-22-35-40-1-81-15-75-47-83-14-54-43-74-98-90-23-5-6-64-84-16-60-12-27-46-96-37-87-92-52-71-91-48-7-26-65-68-21-44-57-78-25-4-58-95-33-39-38-76-82-63-10-8-42-97-72-24-61-9-50-86-31-94-18-99-3-80-2-32-30-41-17-29-45-89-28-73-13-69-79-49-85-19-55-59-66-93-53
Ta100x20,10,1,100,0.8875,0.075,2,2231002219,17000,6593,6465,6298,1.508304049,v2_avx512bw_vec32_exact_perm,77-34-100-38-40-52-26-17-51-87-15-94-18-64-92-43-54-46-41-83-74-99-27-20-48-1-96-70-78-65-61-23-10-90-3-84-14-35-88-21-85-67-72-22-49-68-5-25-6-12-98-2-95-73-60-56-37-36-42-45-4-31-47-86-89-7-75-76-62-69-24-9-71-32-82-63-44-13-39-50-16-29-11-57-97-19-79-91-33-80-66-30-81-8-58-28-59-93-55-53
Ta100x20,10,1,100,0.8875,0.075,3,2231003228,17000,6591,6465,6298,1.496569994,v2_avx512bw_vec32_exact_perm,77-56-40-43-83-100-11-12-87-1-72-24-60-92-6-65-52-18-23-37-90-14-26-74-38-22-78-51-20-34-70-41-67-10-98-2-7-62-35-25-15-21-64-88-71-68-91-99-39-16-46-42-69-84-47-27-97-3-96-79-63-75-5-4-54-57-61-94-36-50-59-31-49-76-19-48-30-33-9-95-32-73-17-29-13-86-82-80-81-55-45-85-44-89-66-58-28-8-53-93
Ta100x20,10,1,100,0.8875,0.075,4,2231004237,17000,6598,6465,6298,1.497751745,v2_avx512bw_vec32_exact_perm,81-77-38-40-100-52-18-34-26-36-27-35-83-51-20-24-62-92-15-6-12-54-60-87-14-72-37-31-67-70-90-33-56-78-64-21-69-76-96-7-74-22-75-49-17-32-65-39-1-47-48-89-30-79-13-97-25-2-95-99-16-57-91-46-10-82-50-98-86-88-44-68-5-43-71-41-42-11-61-23-85-94-45-73-84-4-9-29-80-3-63-58-93-8-19-59-66-28-55-53
Ta100x20,10,1,100,0.8875,0.075,5,2231005246,17000,6618,6465,6298,1.519143439,v2_avx512bw_vec32_exact_perm,77-34-40-56-54-90-51-20-15-1-100-81-83-24-52-62-26-60-87-91-46-23-64-95-37-4-92-38-72-43-78-18-86-27-35-61-70-96-65-99-76-10-17-14-74-7-25-48-41-71-75-36-21-32-47-97-5-11-2-6-42-98-30-22-39-68-80-67-12-16-31-73-89-69-3-85-88-49-63-94-13-9-8-84-57-50-29-44-45-19-66-59-33-28-82-79-93-55-58-53
Ta100x20,10,1,100,0.8875,0.075,6,2231006255,17000,6657,6465,6298,1.487123877,v2_avx512bw_vec32_exact_perm,81-77-90-11-34-70-46-25-87-56-40-48-54-91-52-60-61-65-62-15-27-6-12-100-42-88-94-37-97-67-22-16-44-18-38-92-35-84-98-31-75-99-64-96-83-95-14-51-63-74-1-57-2-30-21-20-43-47-71-10-68-78-86-9-72-33-24-39-32-13-89-23-4-69-73-26-5-49-79-50-45-80-29-36-82-8-85-28-3-76-7-59-19-41-17-53-66-93-55-58
Ta100x20,10,1,100,0.8875,0.075,7,2231007264,17000,6584,6465,6298,1.604954561,v2_avx512bw_vec32_exact_perm,81-6-64-40-70-51-77-1-60-47-56-52-34-26-36-20-27-62-92-25-74-24-83-98-84-90-87-12-37-10-43-67-78-63-82-46-15-48-91-54-88-21-41-76-100-72-4-75-11-31-23-42-86-18-73-2-33-22-7-65-39-16-68-49-71-13-96-35-79-14-95-57-29-30-99-50-85-94-32-5-89-17-69-19-97-44-80-3-45-9-8-61-38-58-55-28-59-66-53-93
Ta100x20,10,1,100,0.8875,0.075,8,2231008273,17000,6625,6465,6298,1.732396187,v2_avx512bw_vec32_exact_perm,81-40-77-54-11-51-26-34-46-48-100-12-90-33-3-15-83-56-43-6-60-61-22-39-70-1-98-41-52-18-35-87-20-27-14-36-37-49-92-21-96-24-57-2-42-95-86-47-7-71-16-74-84-64-62-31-67-85-23-97-32-76-10-78-19-9-25-72-4-63-88-13-17-79-73-5-75-99-50-89-69-94-68-30-82-91-66-38-29-44-58-45-65-80-59-28-8-93-55-53
Ta100x20,10,1,100,0.8875,0.075,9,2231009282,17000,6642,6465,6298,1.491999149,v2_avx512bw_vec32_exact_perm,81-87-70-60-40-26-17-56-4-35-90-12-54-11-15-75-22-74-1-24-6-83-52-43-10-47-62-88-14-77-27-37-71-51-3-96-100-42-21-92-95-18-73-16-31-48-49-46-38-23-94-20-64-78-36-68-5-72-67-32-65-44-39-98-45-25-13-84-79-86-97-76-29-7-34-57-2-85-59-9-8-41-19-50-91-99-33-82-63-28-89-69-30-61-80-53-66-55-93-58
Ta100x20,10,1,100,0.8875,0.075,10,2231010291,17000,6583,6465,6298,1.664562083,v2_avx512bw_vec32_exact_perm,81-51-65-6-26-38-17-54-77-40-25-60-43-90-16-83-92-87-2-62-100-72-27-74-70-46-48-96-47-12-52-37-31-56-15-67-34-5-78-76-18-84-75-57-64-39-82-10-42-95-35-1-13-11-28-44-71-14-22-98-33-88-86-94-85-97-7-32-4-19-36-20-30-41-61-24-29-91-99-9-45-89-68-21-73-69-49-79-3-80-50-55-59-66-23-63-58-93-8-53
Ta100x20,10,1,100,0.8875,0.1,1,2231001210,17000,6615,6465,6298,1.599045676,v2_avx512bw_vec32_exact_perm,77-34-43-65-6-15-51-52-98-64-11-100-90-40-18-7-21-75-47-70-96-31-20-56-22-92-1-26-95-12-68-83-54-4-60-27-37-23-35-87-62-46-14-88-48-78-38-16-50-67-33-72-13-5-81-82-10-76-99-85-2-57-71-74-29-94-86-32-91-61-63-9-25-97-17-24-39-36-42-84-45-73-28-8-41-30-79-89-69-44-58-19-49-3-80-53-55-59-66-93
Ta100x20,10,1,100,0.8875,0.1,2,2231002219,17000,6618,6465,6298,1.567301592,v2_avx512bw_vec32_exact_perm,77-56-100-17-65-51-87-90-6-46-12-27-40-96-52-81-39-54-38-11-10-35-20-18-26-67-70-7-33-99-61-60-82-24-72-14-92-89-95-47-37-25-1-48-68-36-22-75-5-97-43-21-83-42-28-4-19-74-44-80-2-76-64-41-78-16-31-13-86-23-57-91-98-8-84-79-69-71-94-63-62-73-9-34-32-30-88-29-3-45-85-15-49-50-59-66-55-93-58-53
Ta100x20,10,1,100,0.8875,0.1,3,2231003228,17000,6579,6465,6298,1.604097273,v2_avx512bw_vec32_exact_perm,81-43-56-65-34-26-60-6-40-11-22-92-51-83-70-90-74-54-62-67-27-12-77-37-46-87-88-75-21-38-14-64-35-47-78-96-2-89-15-73-20-45-31-98-100-57-52-23-84-18-41-25-95-4-72-76-86-42-61-1-71-7-3-13-63-82-48-24-69-97-91-44-80-10-85-36-32-9-39-68-30-79-49-94-16-99-33-50-5-17-29-58-19-55-59-66-93-28-8-53
Ta100x20,10,1,100,0.8875,0.1,4,2231004237,17000,6618,6465,6298,1.594502229,v2_avx512bw_vec32_exact_perm,77-34-56-100-98-62-51-87-92-18-26-6-83-40-64-60-17-90-43-20-35-37-11-15-25-54-27-42-48-72-74-36-12-79-52-99-70-31-44-67-75-49-65-81-39-59-95-68-46-96-32-10-78-21-30-61-13-38-89-47-76-45-71-7-33-23-5-84-63-4-91-9-50-14-88-97-2-16-41-24-94-22-73-1-29-19-86-93-8-69-28-3-57-82-80-66-55-85-58-53
Ta100x20,10,1,100,0.8875,0.1,5,2231005246,17000,6621,6465,6298,1.588374858,v2_avx512bw_vec32_exact_perm,70-100-15-11-56-12-27-48-24-51-90-77-17-75-65-87-92-67-72-94-16-64-7-40-45-81-46-52-26-10-54-62-32-74-47-83-88-60-6-43-86-23-1-5-21-14-57-20-50-35-38-18-78-37-36-2-89-73-39-13-44-31-30-42-34-71-76-84-68-97-22-4-29-95-25-58-33-85-61-96-99-91-98-9-69-82-79-59-41-19-3-63-93-28-8-49-66-80-55-53
Ta100x20,10,1,100,0.8875,0.1,6,2231006255,17000,6578,6465,6298,1.447388168,v2_avx512bw_vec32_exact_perm,77-18-34-54-87-40-60-11-81-27-20-70-43-75-83-36-1-62-90-24-92-52-6-26-72-15-100-10-68-4-35-56-96-12-98-61-88-42-17-44-94-63-39-51-57-21-91-86-95-73-2-16-46-32-31-82-67-7-5-33-48-23-74-65-25-76-45-99-50-41-78-84-37-85-89-97-13-22-38-29-64-9-47-14-28-8-19-69-71-49-79-3-58-59-30-80-55-66-53-93
Ta100x20,10,1,100,0.8875,0.1,7,2231007264,17000,6620,6465,6298,1.404473027,v2_avx512bw_vec32_exact_perm,77-56-46-34-40-64-100-51-72-10-17-75-15-80-98-1-20-62-12-87-27-60-54-6-52-83-35-24-90-11-92-26-70-37-14-81-31-57-97-44-67-21-85-63-59-18-23-43-74-78-4-29-96-50-65-19-36-95-47-30-76-89-33-71-22-88-69-9-25-2-39-42-68-48-84-49-45-5-41-91-38-13-86-3-32-7-61-99-94-16-28-73-82-66-55-79-93-8-58-53
Ta100x20,10,1,100,0.8875,0.1,8,2231008273,17000,6618,6465,6298,1.398222575,v2_avx512bw_vec32_exact_perm,77-34-26-64-20-51-36-11-100-83-6-52-62-56-18-92-21-87-24-74-15-96-54-40-60-22-12-43-67-70-98-23-5-3-35-7-90-25-65-95-29-82-80-48-16-68-28-88-91-89-78-44-97-72-50-69-19-10-76-37-46-27-4-2-47-1-14-81-8-31-86-85-42-94-63-59-13-45-9-99-75-84-61-38-71-66-32-39-57-33-30-79-73-49-17-41-93-55-58-53
Ta100x20,10,1,100,0.8875,0.1,9,2231009282,17000,6610,6465,6298,1.432039304,v2_avx512bw_vec32_exact_perm,65-26-83-17-40-87-100-51-11-96-6-56-3-57-92-35-25-60-54-77-22-24-74-70-1-89-72-10-46-48-12-47-43-33-90-95-14-64-37-31-2-98-91-5-7-34-84-75-23-27-52-67-86-97-88-62-71-85-99-18-21-13-38-63-78-4-76-15-42-16-20-68-49-81-45-30-36-39-8-41-19-9-50-69-82-32-61-28-94-44-29-79-73-53-80-58-59-66-93-55
Ta100x20,10,1,100,0.8875,0.1,10,2231010291,17000,6599,6465,6298,1.620489899,v2_avx512bw_vec32_exact_perm,77-11-40-100-15-51-72-64-90-26-56-96-54-87-12-6-65-27-20-47-94-67-35-34-52-24-86-74-80-7-88-23-45-16-43-41-38-83-21-92-1-60-75-2-70-9-97-76-22-46-25-29-62-78-31-91-84-79-98-8-30-69-18-48-37-85-95-82-63-89-57-13-14-36-99-10-68-44-71-32-49-5-50-42-4-39-81-73-33-61-28-3-58-19-17-55-59-66-53-93
Ta100x20,10,1,100,0.8875,0.125,1,2231001210,17000,6687,6465,6298,1.660357372,v2_avx512bw_vec32_exact_perm,6-56-15-51-90-3-40-43-100-83-1-62-92-21-87-11-67-12-77-60-27-47-84-46-36-64-78-37-88-26-96-94-35-38-89-52-70-7-22-34-14-30-95-31-86-16-98-73-23-10-68-57-39-91-74-54-18-80-50-76-33-2-45-65-72-4-99-20-32-63-5-75-82-71-13-69-42-93-48-25-97-17-55-41-81-61-24-49-8-85-9-29-28-58-19-66-79-53-44-59
Ta100x20,10,1,100,0.8875,0.125,2,2231002219,17000,6566,6465,6298,1.391803997,v2_avx512bw_vec32_exact_perm,81-77-1-11-64-40-60-34-43-18-27-6-70-21-54-46-26-94-24-76-51-62-83-56-4-47-35-90-14-96-92-87-12-98-25-48-57-68-100-88-95-82-61-73-78-15-67-75-84-30-97-17-7-20-85-45-49-52-79-37-5-42-22-74-86-38-13-2-31-63-89-58-16-39-23-41-65-44-71-99-91-69-10-50-72-33-36-3-80-29-9-32-8-19-55-59-66-28-53-93
Ta100x20,10,1,100,0.8875,0.125,3,2231003228,17000,6599,6465,6298,1.450132665,v2_avx512bw_vec32_exact_perm,81-56-26-6-24-83-43-51-12-90-17-54-40-11-60-100-52-22-34-1-68-96-98-87-97-94-3-70-88-72-77-35-65-92-18-37-13-27-86-25-15-67-48-4-36-57-21-74-79-76-16-2-99-38-75-46-45-69-42-5-49-20-95-47-82-32-31-10-14-78-61-63-71-80-62-9-39-73-23-85-84-64-33-7-8-41-91-50-89-28-44-29-30-58-19-55-59-66-53-93
Ta100x20,10,1,100,0.8875,0.125,4,2231004237,17000,6583,6465,6298,1.557595095,v2_avx512bw_vec32_exact_perm,77-34-40-15-90-56-64-43-51-46-60-84-6-27-65-24-83-62-35-54-26-81-25-18-87-92-1-36-95-63-75-100-37-13-39-42-72-47-12-67-96-4-89-38-48-70-31-68-88-57-23-22-16-71-74-52-73-61-20-91-10-9-76-14-99-3-78-97-98-2-32-21-49-5-33-17-41-11-69-94-44-85-82-7-45-30-79-86-80-50-29-58-19-55-59-66-93-28-8-53
Ta100x20,10,1,100,0.8875,0.125,5,2231005246,17000,6622,6465,6298,1.590470539,v2_avx512bw_vec32_exact_perm,81-56-77-100-15-98-40-43-65-51-62-6-54-27-90-11-12-67-70-74-72-31-92-83-18-42-4-68-64-47-48-25-5-39-35-96-8-7-75-84-73-60-1-21-46-23-38-95-36-34-89-45-26-2-87-97-22-19-24-16-99-14-76-91-10-29-49-63-20-61-37-69-85-52-88-71-9-41-94-86-32-13-57-44-78-33-3-30-79-58-59-17-28-53-50-82-66-80-55-93
Ta100x20,10,1,100,0.8875,0.125,6,2231006255,17000,6596,6465,6298,1.605754508,v2_avx512bw_vec32_exact_perm,81-40-77-100-51-6-24-11-87-52-60-46-34-83-92-54-12-62-31-56-96-64-35-67-47-72-20-70-26-1-37-7-27-25-18-65-48-74-22-36-75-39-79-84-97-38-98-90-5-95-14-4-73-10-42-68-21-82-15-78-86-94-88-30-32-71-61-57-2-9-13-43-3-33-76-44-45-28-89-69-23-50-49-91-80-8-41-16-17-85-99-29-58-19-55-63-59-66-53-93
Ta100x20,10,1,100,0.8875,0.125,7,2231007264,17000,6600,6465,6298,1.465274499,v2_avx512bw_vec32_exact_perm,77-34-56-67-26-40-98-11-99-100-83-1-94-21-88-24-62-84-87-54-60-22-45-27-90-18-52-74-48-15-38-65-20-14-57-72-35-96-25-92-36-51-17-91-37-86-10-42-4-81-46-64-47-78-2-12-41-95-43-13-82-8-31-70-97-75-9-73-23-44-5-32-89-68-6-49-85-39-16-3-80-76-71-69-7-33-61-19-29-66-30-79-50-59-63-55-58-28-53-93
Ta100x20,10,1,100,0.8875,0.125,8,2231008273,17000,6593,6465,6298,1.578820095,v2_avx512bw_vec32_exact_perm,17-11-40-48-90-20-70-51-31-3-87-77-26-56-6-60-22-12-27-24-54-52-38-81-34-74-100-35-96-98-83-37-92-14-75-43-62-46-10-23-88-73-8-21-67-85-49-15-61-78-72-18-29-65-76-32-47-5-89-94-57-9-68-28-91-1-71-50-4-44-80-69-39-42-33-86-95-25-36-97-2-64-99-41-13-82-79-7-45-16-19-63-84-59-66-30-58-53-93-55
Ta100x20,10,1,100,0.8875,0.125,9,2231009282,17000,6643,6465,6298,1.319212683,v2_avx512bw_vec32_exact_perm,81-34-54-87-40-52-15-51-38-6-90-92-70-88-31-20-71-62-43-26-44-60-1-7-47-12-48-75-21-56-77-27-9-100-29-37-64-74-16-96-94-36-57-3-42-5-22-23-35-10-68-11-83-32-89-46-4-99-14-72-82-67-78-65-18-61-2-69-13-91-86-50-45-76-41-97-95-24-98-84-33-58-39-30-73-55-63-17-25-8-85-28-49-79-19-53-80-59-66-93
Ta100x20,10,1,100,0.8875,0.125,10,2231010291,17000,6558,6465,6298,1.282871967,v2_avx512bw_vec32_exact_perm,34-40-56-90-20-15-6-54-83-43-51-77-4-60-75-38-1-81-24-87-74-19-92-48-12-37-11-27-31-52-64-18-41-46-100-22-95-84-26-35-62-5-23-70-67-96-21-72-68-65-97-85-76-49-25-98-78-44-45-57-61-14-88-94-16-42-7-10-47-71-3-58-69-39-9-99-2-32-89-91-33-86-29-13-36-50-17-8-73-80-63-30-82-79-59-66-28-53-93-55
Ta100x20,10,1,100,0.925,0.025,1,2231001210,17000,6641,6465,6298,1.867615085,v2_avx512bw_vec32_exact_perm,70-34-43-100-77-51-87-40-75-6-46-83-65-47-67-92-11-54-20-96-74-38-26-15-48-1-12-88-22-95-64-35-56-39-25-3-76-84-60-37-36-18-98-27-52-78-79-10-21-63-90-44-32-31-4-9-14-72-2-71-7-50-5-62-41-94-85-42-8-30-13-97-23-28-33-86-89-68-99-17-61-69-81-24-45-29-58-19-73-91-49-16-57-82-80-55-59-66-53-93
Ta100x20,10,1,100,0.925,0.025,2,2231002219,17000,6690,6465,6298,1.650333645,v2_avx512bw_vec32_exact_perm,81-65-27-87-3-24-90-20-43-34-70-1-94-46-77-67-92-52-37-6-16-51-96-18-35-12-54-98-62-47-14-78-26-11-56-72-36-89-68-28-100-22-74-88-97-75-30-38-64-23-83-40-76-82-42-60-39-73-10-84-17-4-85-48-57-44-21-33-99-95-32-45-5-25-49-2-61-7-86-31-63-71-50-15-13-8-9-69-55-91-29-58-19-41-93-79-53-80-66-59
Ta100x20,10,1,100,0.925,0.025,3,2231003228,17000,6569,6465,6298,1.387063105,v2_avx512bw_vec32_exact_perm,77-34-40-11-56-51-26-92-83-100-47-54-1-90-82-52-10-6-14-78-70-35-38-18-74-36-22-72-88-24-20-37-65-62-43-23-60-64-46-21-27-12-42-15-31-96-84-48-75-87-86-76-91-79-57-13-89-4-68-39-7-16-61-49-67-44-95-59-81-69-50-9-2-5-80-29-33-3-25-97-99-85-94-63-17-45-30-98-32-71-58-28-8-19-53-73-55-41-66-93
Ta100x20,10,1,100,0.925,0.025,4,2231004237,17000,6684,6465,6298,1.660022143,v2_avx512bw_vec32_exact_perm,81-56-36-51-11-43-1-98-18-6-40-83-64-52-60-62-88-87-68-77-20-15-27-100-72-2-12-74-38-35-94-24-37-9-34-4-47-71-54-90-91-78-70-10-76-96-21-73-8-65-42-26-92-97-46-14-17-32-86-31-63-67-95-30-84-57-5-22-75-80-48-44-16-3-61-39-33-99-69-23-50-45-49-41-25-13-7-79-82-85-29-89-66-19-58-93-55-53-28-59
Ta100x20,10,1,100,0.925,0.025,5,2231005246,17000,6646,6465,6298,1.539201346,v2_avx512bw_vec32_exact_perm,77-34-26-83-81-1-40-60-72-54-38-87-56-43-48-67-47-5-6-90-25-12-98-74-14-7-18-100-64-15-37-10-21-31-23-96-35-70-92-89-65-11-95-4-57-16-36-20-88-22-17-52-27-99-32-51-75-82-71-62-78-79-46-61-91-63-9-94-24-28-8-97-33-42-13-86-2-73-41-93-85-76-39-19-3-68-49-29-69-80-45-50-84-53-44-59-30-66-55-58
Ta100x20,10,1,100,0.925,0.025,6,2231006255,17000,6607,6465,6298,1.417617741,v2_avx512bw_vec32_exact_perm,81-77-40-56-36-100-26-75-38-72-54-4-34-52-90-6-25-84-35-51-62-27-18-46-22-3-92-96-87-76-43-48-14-95-83-65-21-70-88-63-33-57-5-67-78-23-12-1-20-32-60-47-49-64-71-74-31-85-37-98-39-86-24-42-10-69-13-45-99-82-15-7-50-91-97-44-8-11-89-28-61-94-68-58-16-30-80-41-19-9-2-29-66-79-73-17-59-93-55-53
Ta100x20,10,1,100,0.925,0.025,7,2231007264,17000,6665,6465,6298,1.465183719,v2_avx512bw_vec32_exact_perm,6-64-40-77-60-34-87-1-92-100-36-83-51-81-74-15-24-17-35-10-54-62-12-31-88-11-27-91-56-37-48-52-42-61-14-96-98-18-78-84-41-33-47-46-72-2-86-82-75-95-25-89-28-69-23-70-26-4-97-57-76-99-16-94-79-73-13-71-8-85-9-63-39-65-22-90-93-21-20-68-59-38-43-67-45-5-3-32-7-49-29-66-19-44-50-30-80-53-55-58
Ta100x20,10,1,100,0.925,0.025,8,2231008273,17000,6661,6465,6298,1.66617595,v2_avx512bw_vec32_exact_perm,81-77-56-100-70-51-26-6-83-40-92-62-24-54-43-31-52-18-34-98-91-75-1-22-67-37-74-25-17-15-46-7-16-14-48-90-21-87-71-88-35-38-95-65-84-41-12-61-42-3-78-30-50-10-99-68-93-89-47-96-20-86-60-13-97-33-23-27-2-85-63-5-82-79-36-8-72-69-76-49-19-94-44-45-29-57-58-9-32-4-66-73-39-11-64-80-55-28-59-53
Ta100x20,10,1,100,0.925,0.025,9,2231009282,17000,6703,6465,6298,1.408453157,v2_avx512bw_vec32_exact_perm,77-34-87-40-90-20-12-56-51-43-91-36-26-11-83-98-22-92-10-74-27-70-31-100-48-6-41-4-24-54-18-72-1-52-3-47-67-76-2-35-21-60-88-42-64-62-37-79-57-14-38-78-75-30-46-97-44-86-25-95-23-7-16-71-61-99-15-82-39-68-65-29-89-63-96-33-50-85-69-58-9-84-19-45-13-5-94-8-73-49-32-59-17-66-28-81-53-93-55-80
Ta100x20,10,1,100,0.925,0.025,10,2231010291,17000,6656,6465,6298,1.991567492,v2_avx512bw_vec32_exact_perm,6-56-51-77-88-40-26-98-62-11-54-24-67-60-87-12-21-64-72-27-7-20-34-70-90-43-38-100-1-74-83-2-78-52-15-96-37-65-89-85-22-92-47-71-31-75-5-49-44-91-36-86-95-84-42-61-18-68-48-13-41-39-57-3-9-16-25-73-23-35-14-10-28-97-46-17-8-99-76-63-94-33-50-29-4-32-80-69-45-79-58-30-66-19-82-53-81-59-55-93
Ta100x20,10,1,100,0.925,0.05,1,2231001210,17000,6654,6465,6298,1.612635454,v2_avx512bw_vec32_exact_perm,81-77-40-56-54-11-31-51-38-94-18-43-48-100-26-15-34-12-75-87-27-67-47-92-83-4-70-6-90-52-22-5-61-21-74-24-20-96-7-45-1-64-60-23-98-78-37-68-71-36-44-42-57-46-3-95-88-16-39-17-25-72-89-97-79-73-13-28-10-14-50-33-30-35-63-82-86-91-76-65-80-41-29-58-19-9-84-99-85-8-62-69-2-32-53-49-66-59-93-55
Ta100x20,10,1,100,0.925,0.05,2,2231002219,17000,6596,6465,6298,1.684670528,v2_avx512bw_vec32_exact_perm,83-17-77-34-56-54-100-31-90-64-51-11-87-15-6-70-40-62-26-60-52-1-18-3-43-35-96-67-47-37-46-92-81-94-48-16-5-68-72-14-88-20-21-10-73-75-7-24-42-86-84-9-25-39-78-27-61-57-12-95-38-2-97-71-32-76-4-22-49-33-36-91-98-74-28-65-80-23-44-8-85-89-69-99-45-41-13-30-79-50-82-29-58-19-55-63-59-66-53-93
Ta100x20,10,1,100,0.925,0.05,3,2231003228,17000,6615,6465,6298,1.814376947,v2_avx512bw_vec32_exact_perm,17-64-27-81-11-40-52-90-34-92-56-77-26-74-43-38-46-83-51-6-75-60-54-2-73-12-15-1-62-47-48-100-72-14-87-24-29-57-65-95-31-68-5-71-18-23-35-25-85-22-21-96-39-70-98-88-84-37-94-30-4-20-63-99-10-50-78-32-89-9-91-97-45-76-44-49-67-8-36-42-16-13-33-28-86-41-69-80-79-3-61-7-82-53-58-19-55-59-66-93
Ta100x20,10,1,100,0.925,0.05,4,2231004237,17000,6616,6465,6298,1.772696974,v2_avx512bw_vec32_exact_perm,81-77-34-56-90-92-27-70-51-64-52-40-91-7-37-67-4-99-100-1-31-18-20-6-12-54-96-74-89-38-43-48-83-87-68-46-26-25-22-95-33-60-21-59-47-24-23-36-16-5-84-98-10-44-97-78-2-73-85-88-65-62-49-14-35-39-75-30-79-9-13-86-94-41-11-76-71-42-72-69-50-15-57-82-19-80-45-3-32-61-17-29-66-55-93-28-8-63-58-53
Ta100x20,10,1,100,0.925,0.05,5,2231005246,17000,6644,6465,6298,1.815832262,v2_avx512bw_vec32_exact_perm,81-90-38-92-36-77-51-40-52-34-6-87-24-98-100-11-15-62-54-56-74-31-83-2-46-72-70-60-97-23-47-12-27-37-67-16-48-14-88-43-57-18-99-71-13-68-94-73-1-78-96-3-8-85-65-7-20-32-10-35-63-26-19-41-25-21-42-5-39-22-95-4-30-17-76-84-33-49-44-75-82-80-64-45-28-89-91-9-61-50-86-29-58-69-55-93-79-59-66-53
Ta100x20,10,1,100,0.925,0.05,6,2231006255,17000,6601,6465,6298,1.400338335,v2_avx512bw_vec32_exact_perm,81-40-11-64-51-60-34-56-87-12-88-100-6-22-54-43-67-47-90-70-52-26-31-97-24-84-77-25-74-15-1-21-42-96-61-83-48-38-20-37-92-5-10-36-72-2-27-33-78-46-82-86-98-32-57-39-4-95-68-30-99-71-14-35-23-65-29-91-7-18-63-13-8-9-19-89-69-17-62-76-73-94-28-45-75-16-44-80-3-49-79-50-59-41-85-93-55-58-66-53
Ta100x20,10,1,100,0.925,0.05,7,2231007264,17000,6676,6465,6298,1.55868994,v2_avx512bw_vec32_exact_perm,83-20-34-11-77-40-92-87-45-24-43-90-6-65-1-48-15-100-31-12-51-95-14-64-60-25-81-54-36-33-68-56-22-7-57-37-74-10-23-17-70-27-29-35-46-80-78-67-16-84-52-97-88-62-2-72-91-89-44-66-5-4-76-21-73-96-18-94-32-98-30-8-41-42-47-26-61-86-99-3-71-63-13-28-75-69-82-85-49-9-79-50-93-39-38-58-19-55-59-53
Ta100x20,10,1,100,0.925,0.05,8,2231008273,17000,6630,6465,6298,1.516657678,v2_avx512bw_vec32_exact_perm,6-77-11-40-48-51-12-90-26-24-34-52-56-74-38-43-47-83-92-60-64-94-14-81-88-72-41-46-70-54-1-23-62-87-100-21-35-10-42-5-25-31-98-15-86-61-22-75-99-91-18-2-36-44-78-9-4-37-7-3-67-27-20-71-32-57-65-45-33-49-13-63-96-8-84-85-97-30-80-95-68-76-89-28-82-79-29-16-73-39-69-50-93-58-19-17-55-59-66-53
Ta100x20,10,1,100,0.925,0.05,9,2231009282,17000,6643,6465,6298,1.522504307,v2_avx512bw_vec32_exact_perm,81-77-34-56-40-43-83-51-11-6-25-48-88-26-64-46-57-95-94-36-52-37-72-10-47-92-96-74-54-1-87-20-18-67-60-70-100-3-78-65-24-99-12-98-15-22-27-35-5-17-23-4-49-89-63-68-38-21-16-82-76-58-97-90-30-2-14-86-7-13-62-61-39-32-31-45-42-33-71-29-73-91-9-8-80-50-69-85-84-59-66-44-28-75-19-93-79-55-53-41
Ta100x20,10,1,100,0.925,0.05,10,2231010291,17000,6586,6465,6298,1.692734182,v2_avx512bw_vec32_exact_perm,83-6-27-81-40-11-54-26-98-47-87-51-92-77-75-64-62-78-43-1-23-10-12-88-65-56-20-60-35-37-97-22-24-42-4-17-34-44-52-90-70-72-100-31-21-67-18-91-50-74-14-96-76-49-57-2-5-48-29-73-95-33-68-25-36-7-38-71-13-39-89-99-46-3-15-32-69-45-30-79-94-16-80-85-9-84-19-86-63-8-41-61-28-82-58-59-66-53-93-55
Ta100x20,10,1,100,0.925,0.075,1,2231001210,17000,6605,6465,6298,1.528445643,v2_avx512bw_vec32_exact_perm,6-34-65-12-51-40-60-47-43-26-100-23-92-86-7-54-37-56-90-14-83-77-33-24-87-36-89-15-82-10-70-35-72-76-88-99-75-25-96-21-38-52-48-46-27-18-29-95-84-30-80-74-67-98-16-1-73-22-31-4-78-68-20-11-32-97-5-42-79-28-91-41-71-62-69-94-17-64-9-2-63-61-39-81-50-57-45-44-49-13-8-58-19-3-53-85-59-66-93-55
Ta100x20,10,1,100,0.925,0.075,2,2231002219,17000,6650,6465,6298,1.442949188,v2_avx512bw_vec32_exact_perm,81-40-36-65-56-20-26-60-34-3-54-11-1-70-90-77-97-25-31-16-43-42-6-46-83-62-38-52-72-18-92-51-2-27-74-87-99-89-96-95-12-68-15-100-75-47-84-39-10-30-61-94-98-35-82-28-24-78-14-37-63-71-73-22-5-91-9-59-23-88-67-21-58-33-44-86-76-7-29-45-57-69-13-32-4-48-49-79-93-50-66-8-19-64-41-17-85-80-55-53
Ta100x20,10,1,100,0.925,0.075,3,2231003228,17000,6587,6465,6298,1.640524137,v2_avx512bw_vec32_exact_perm,81-77-40-11-100-88-26-54-83-6-87-52-65-34-14-22-60-78-27-18-64-92-47-17-70-1-89-46-74-32-48-15-67-12-98-90-61-62-37-25-31-13-49-75-56-96-21-42-2-44-20-43-5-45-97-72-51-38-71-16-85-80-35-9-68-99-3-10-82-76-57-4-95-24-36-23-91-7-30-8-84-33-86-69-50-41-94-73-39-79-19-29-63-55-58-28-59-66-53-93
Ta100x20,10,1,100,0.925,0.075,4,2231004237,17000,6646,6465,6298,1.568023007,v2_avx512bw_vec32_exact_perm,81-51-6-90-64-65-47-92-14-60-77-40-67-1-21-34-24-26-38-56-49-15-2-54-35-83-52-36-78-10-68-96-84-74-27-98-12-87-62-31-22-70-18-88-61-71-43-39-28-46-48-75-91-89-73-20-7-69-9-37-23-16-63-100-5-72-33-42-3-4-95-25-76-86-32-13-59-17-8-41-57-99-85-50-30-29-45-19-97-79-82-80-44-58-11-94-66-55-53-93
Ta100x20,10,1,100,0.925,0.075,5,2231005246,17000,6607,6465,6298,1.63620619,v2_avx512bw_vec32_exact_perm,81-40-100-36-54-72-26-48-18-47-38-52-6-56-43-83-74-34-70-4-25-39-86-90-98-77-68-27-62-35-15-67-24-21-12-42-88-87-94-92-60-37-99-75-3-46-5-96-78-16-44-22-1-64-95-9-23-63-45-65-13-14-51-17-32-31-89-91-71-7-11-73-76-41-84-10-61-29-50-30-97-33-80-2-49-85-8-19-57-93-79-20-69-55-82-58-28-59-66-53
Ta100x20,10,1,100,0.925,0.075,6,2231006255,17000,6650,6465,6298,1.696931461,v2_avx512bw_vec32_exact_perm,81-47-70-56-60-77-40-83-51-25-92-72-67-15-43-84-20-54-1-62-46-27-91-48-74-90-11-16-88-21-96-22-26-61-86-85-4-52-99-42-14-78-6-10-98-32-2-3-87-36-100-95-65-57-39-50-76-37-41-12-49-18-31-23-75-89-80-44-68-63-35-30-71-13-34-64-5-82-7-97-79-8-9-24-59-33-29-17-73-58-69-45-28-38-94-66-19-55-53-93
Ta100x20,10,1,100,0.925,0.075,7,2231007264,17000,6599,6465,6298,1.560032501,v2_avx512bw_vec32_exact_perm,81-40-56-36-77-100-54-60-47-62-25-26-21-87-24-1-78-72-67-74-70-83-90-12-43-6-52-5-27-96-84-38-2-46-89-22-92-37-34-98-18-51-16-15-35-57-48-41-23-13-10-65-14-95-42-88-82-91-20-28-64-73-4-31-79-32-97-76-61-39-71-63-11-44-7-75-94-69-17-9-29-99-33-8-30-3-80-85-49-68-86-50-45-58-19-55-59-66-53-93
Ta100x20,10,1,100,0.925,0.075,8,2231008273,17000,6587,6465,6298,1.468089713,v2_avx512bw_vec32_exact_perm,77-56-26-83-48-34-40-15-87-52-65-27-1-81-75-18-6-43-24-60-72-22-51-47-92-25-98-35-12-90-38-89-36-95-88-3-2-42-37-7-30-10-46-68-17-94-100-41-21-20-91-57-54-74-33-96-67-23-64-62-14-39-13-31-86-4-70-99-45-9-16-32-76-11-97-5-79-63-84-78-73-71-61-19-49-85-29-58-44-69-82-50-59-80-66-55-93-28-8-53
Ta100x20,10,1,100,0.925,0.075,9,2231009282,17000,6597,6465,6298,1.493857568,v2_avx512bw_vec32_exact_perm,77-34-56-24-26-98-51-90-11-27-20-40-87-15-52-6-43-83-2-64-72-14-100-47-60-70-78-88-1-22-21-12-67-92-54-57-16-45-31-17-35-81-5-37-62-36-68-89-18-94-28-74-38-65-95-23-75-59-82-46-96-8-42-48-58-44-33-97-30-10-13-32-76-50-39-86-85-7-19-69-25-71-91-73-99-4-29-9-63-84-41-61-49-79-3-66-80-55-53-93
Ta100x20,10,1,100,0.925,0.075,10,2231010291,17000,6599,6465,6298,1.556874672,v2_avx512bw_vec32_exact_perm,81-77-38-40-36-51-90-92-56-54-74-83-20-15-65-31-17-21-25-1-6-12-41-67-23-78-64-47-96-70-34-26-60-35-2-52-18-86-87-100-88-72-79-82-7-46-84-48-27-75-37-94-73-98-39-42-44-69-22-5-10-68-4-11-95-32-14-61-9-71-16-76-91-63-97-99-24-89-19-13-57-3-8-62-85-80-29-33-58-45-30-49-50-43-55-53-28-59-66-93
Ta100x20,10,1,100,0.925,0.1,1,2231001210,17000,6620,6465,6298,1.716869128,v2_avx512bw_vec32_exact_perm,77-38-34-1-90-27-6-24-65-3-60-87-43-40-26-64-54-83-14-35-98-70-99-74-56-15-96-75-82-36-20-28-76-71-46-72-52-10-47-37-22-18-100-68-92-25-39-88-67-94-86-21-63-57-13-51-4-44-31-7-23-89-85-12-73-78-16-69-62-79-91-5-97-2-48-95-29-9-32-42-50-49-80-8-61-30-81-17-45-59-33-58-11-84-41-93-66-19-55-53
Ta100x20,10,1,100,0.925,0.1,2,2231002219,17000,6620,6465,6298,1.501373354,v2_avx512bw_vec32_exact_perm,77-34-40-51-91-38-6-65-90-27-92-48-70-60-62-100-26-49-98-54-87-46-15-96-20-81-11-94-35-1-18-28-16-56-43-82-78-17-64-7-97-2-37-10-76-22-52-42-63-12-5-72-24-95-25-74-4-36-68-83-47-85-31-21-23-14-89-71-57-13-84-88-3-99-8-9-69-67-50-59-33-32-61-30-39-44-75-80-86-29-93-79-19-41-55-66-73-45-58-53
Ta100x20,10,1,100,0.925,0.1,3,2231003228,17000,6614,6465,6298,1.63360542,v2_avx512bw_vec32_exact_perm,83-77-1-47-20-54-51-34-48-11-92-88-40-35-56-90-12-26-3-67-87-100-96-52-6-7-84-10-24-27-37-4-46-72-62-74-38-23-98-68-78-64-65-60-2-71-95-82-15-14-31-57-39-70-21-41-42-25-69-86-18-76-97-75-91-22-81-32-33-89-45-5-13-99-17-16-61-30-79-94-36-63-9-19-50-59-85-44-43-49-80-29-66-28-93-8-73-55-58-53
Ta100x20,10,1,100,0.925,0.1,4,2231004237,17000,6597,6465,6298,1.636006763,v2_avx512bw_vec32_exact_perm,77-34-40-26-83-64-35-51-36-62-20-100-90-91-87-43-92-88-75-23-3-15-46-54-37-22-12-1-67-72-24-6-21-96-52-25-48-56-27-95-7-69-84-10-38-78-74-18-89-31-33-2-70-47-39-16-86-98-57-59-65-60-68-9-82-14-61-99-71-45-13-5-97-19-79-32-41-94-42-44-4-63-17-49-8-30-81-29-85-58-66-73-28-11-76-50-80-55-53-93
Ta100x20,10,1,100,0.925,0.1,5,2231005246,17000,6581,6465,6298,1.626637354,v2_avx512bw_vec32_exact_perm,77-34-40-56-26-46-38-43-17-35-1-54-90-24-20-27-81-51-94-87-36-64-37-25-83-70-74-7-6-52-10-15-92-75-48-11-30-78-62-21-100-32-14-72-4-47-96-42-2-98-71-12-97-67-33-85-73-39-88-65-3-68-99-82-57-95-31-50-89-18-23-59-22-5-86-69-13-91-49-79-76-60-29-9-63-45-28-84-16-41-19-61-80-55-44-8-58-66-93-53
Ta100x20,10,1,100,0.925,0.1,6,2231006255,17000,6634,6465,6298,1.537941595,v2_avx512bw_vec32_exact_perm,83-77-3-40-15-65-6-90-2-51-60-18-92-35-1-81-24-74-48-52-56-96-47-84-54-67-100-10-72-75-21-87-11-64-88-31-91-71-98-57-44-20-22-16-43-14-13-37-26-62-27-97-63-23-70-46-34-4-89-9-49-79-94-32-85-82-7-36-78-50-69-86-99-68-30-5-95-25-42-39-33-73-8-76-17-41-59-38-45-61-12-80-29-93-55-58-66-28-19-53
Ta100x20,10,1,100,0.925,0.1,7,2231007264,17000,6596,6465,6298,1.697491016,v2_avx512bw_vec32_exact_perm,77-56-26-67-6-15-51-17-64-11-54-46-2-92-40-65-35-60-3-34-87-14-90-43-22-100-70-96-21-74-31-38-83-52-27-5-81-37-24-48-97-80-75-12-62-25-23-10-78-33-4-7-32-76-95-42-1-98-86-91-41-79-16-9-72-68-73-94-82-45-47-63-89-13-36-8-99-30-88-71-44-20-69-57-39-50-49-61-84-85-19-29-66-18-58-28-59-93-55-53
Ta100x20,10,1,100,0.925,0.1,8,2231008273,17000,6581,6465,6298,1.522408692,v2_avx512bw_vec32_exact_perm,81-11-20-92-40-34-70-60-100-47-54-43-83-51-21-1-62-87-24-67-14-72-22-46-35-26-96-64-77-16-27-6-52-90-65-37-56-23-82-5-33-15-48-57-2-74-69-31-25-95-36-91-88-42-29-10-18-12-98-50-84-79-97-63-4-94-61-7-32-75-9-45-99-76-30-71-85-68-89-39-41-44-19-3-73-78-13-17-38-86-58-8-49-80-55-59-66-28-53-93
Ta100x20,10,1,100,0.925,0.1,9,2231009282,17000,6603,6465,6298,1.653302323,v2_avx512bw_vec32_exact_perm,81-12-6-40-11-100-92-90-54-77-56-24-83-35-51-34-20-15-52-60-42-87-14-72-44-4-64-36-95-27-68-37-57-25-98-26-46-82-22-21-43-10-2-96-70-78-74-50-31-65-99-18-67-7-5-16-33-23-88-71-48-61-47-89-9-45-32-39-30-17-73-79-97-62-75-58-84-86-41-94-76-69-8-49-28-1-91-38-29-63-13-19-3-85-80-55-59-66-53-93
Ta100x20,10,1,100,0.925,0.1,10,2231010291,17000,6684,6465,6298,1.585334789,v2_avx512bw_vec32_exact_perm,83-87-90-17-54-47-92-1-77-40-67-64-51-78-62-56-52-38-74-46-88-100-72-11-20-34-48-33-12-96-24-27-6-70-68-10-94-8-60-85-26-43-22-99-73-75-15-23-97-98-37-65-76-86-18-35-25-31-95-30-79-82-89-28-16-91-57-14-81-4-63-5-13-49-2-21-71-7-44-36-39-50-45-42-32-84-61-9-69-19-80-3-29-66-55-41-58-53-93-59
Ta100x20,10,1,100,0.925,0.125,1,2231001210,17000,6643,6465,6298,1.707674309,v2_avx512bw_vec32_exact_perm,83-17-34-64-77-56-43-51-60-6-40-3-14-96-42-24-98-46-87-92-21-1-20-37-22-52-25-27-74-36-72-26-86-95-54-38-90-100-33-16-67-76-39-73-10-70-81-35-7-12-45-18-31-99-68-89-48-47-5-50-75-49-15-65-88-23-61-71-32-94-59-57-9-2-13-8-97-4-28-82-85-63-78-84-30-29-69-58-11-19-62-91-80-44-66-93-79-55-53-41
Ta100x20,10,1,100,0.925,0.125,2,2231002219,17000,6590,6465,6298,2.022179821,v2_avx512bw_vec32_exact_perm,77-56-65-51-60-6-17-64-40-24-90-43-26-18-21-1-54-83-14-87-31-20-37-57-34-81-16-38-46-27-3-92-88-94-44-22-89-69-50-10-78-96-67-70-74-62-95-4-28-42-73-25-85-39-11-97-15-36-75-23-98-35-12-84-41-80-5-48-91-47-86-13-2-100-9-71-52-99-45-7-68-82-76-8-72-29-32-33-30-61-49-79-19-63-58-59-66-53-93-55
Ta100x20,10,1,100,0.925,0.125,3,2231003228,17000,6616,6465,6298,1.637868755,v2_avx512bw_vec32_exact_perm,34-90-81-40-56-83-77-100-11-64-96-20-92-43-75-51-47-12-10-22-37-74-38-46-3-6-27-70-39-88-60-89-87-14-54-73-98-1-72-85-82-78-18-15-52-35-23-36-71-79-7-95-65-25-68-2-97-30-48-33-24-57-26-13-62-21-67-16-61-99-45-91-50-49-76-86-63-9-4-32-31-17-69-94-84-5-42-80-8-41-44-29-28-58-19-55-59-66-53-93
Ta100x20,10,1,100,0.925,0.125,4,2231004237,17000,6603,6465,6298,1.716477986,v2_avx512bw_vec32_exact_perm,77-56-15-51-31-83-6-90-24-54-87-40-60-48-65-64-17-35-10-25-92-98-18-52-34-36-47-67-81-12-26-74-57-27-14-46-95-21-2-84-70-96-1-72-37-80-22-100-71-5-7-76-89-23-68-69-62-20-43-30-33-78-49-82-79-45-50-39-8-73-13-42-32-4-61-11-86-63-97-88-28-75-94-16-99-19-41-3-38-85-29-9-55-91-44-58-59-66-53-93
Ta100x20,10,1,100,0.925,0.125,5,2231005246,17000,6600,6465,6298,1.587839545,v2_avx512bw_vec32_exact_perm,81-40-56-90-83-43-77-100-54-12-72-1-24-51-98-62-34-67-3-74-65-15-60-47-14-22-52-69-27-26-21-86-6-31-70-35-10-42-96-92-63-4-20-37-38-87-46-59-88-95-91-48-75-50-7-5-89-41-44-82-18-2-13-58-61-36-23-78-11-16-99-25-68-30-94-8-57-97-9-29-32-33-73-39-85-76-17-45-71-28-84-49-79-64-66-19-80-55-53-93
Ta100x20,10,1,100,0.925,0.125,6,2231006255,17000,6586,6465,6298,1.690828593,v2_avx512bw_vec32_exact_perm,77-34-11-40-26-24-43-51-83-90-46-3-6-54-18-98-23-64-60-65-22-92-88-52-17-10-81-35-100-25-2-7-56-12-72-1-71-74-20-27-62-58-14-91-57-44-49-48-75-15-21-87-69-67-47-36-39-70-31-84-95-37-33-86-32-97-85-96-50-5-89-19-68-4-78-73-42-76-30-61-99-94-13-8-63-9-29-80-45-16-38-41-28-82-79-59-66-53-93-55
Ta100x20,10,1,100,0.925,0.125,7,2231007264,17000,6632,6465,6298,1.642432295,v2_avx512bw_vec32_exact_perm,77-56-40-26-100-83-87-92-90-24-98-43-17-18-67-54-34-60-95-64-10-52-15-51-6-73-16-47-2-46-81-14-31-25-3-78-35-96-1-70-21-71-99-62-27-20-57-33-37-12-36-5-42-38-45-74-88-80-65-39-94-68-84-86-22-76-49-85-19-72-4-75-9-79-48-63-7-97-23-41-69-50-93-89-91-28-29-44-13-32-30-82-8-61-55-58-11-59-66-53
Ta100x20,10,1,100,0.925,0.125,8,2231008273,17000,6603,6465,6298,1.564184725,v2_avx512bw_vec32_exact_perm,77-34-56-51-26-98-6-100-90-87-40-38-52-4-92-54-95-33-46-72-11-2-88-64-20-39-84-62-27-22-70-31-74-86-37-75-42-15-47-43-10-48-68-83-65-91-35-44-36-96-67-9-50-23-69-12-60-94-81-14-32-63-25-21-7-45-16-1-78-82-57-41-24-5-28-61-76-71-97-79-30-89-99-13-18-80-3-8-49-29-73-17-85-58-19-55-59-66-53-93
Ta100x20,10,1,100,0.925,0.125,9,2231009282,17000,6594,6465,6298,1.487717735,v2_avx512bw_vec32_exact_perm,81-40-26-51-11-64-90-6-52-18-43-1-62-100-77-91-67-47-54-15-33-22-87-14-20-36-96-92-83-35-34-42-70-56-31-13-48-57-60-3-69-74-12-10-32-46-88-17-27-21-76-89-7-94-63-45-65-25-98-37-23-95-73-4-2-75-99-9-78-16-68-71-30-44-5-72-39-50-61-84-41-82-24-28-97-38-29-80-8-19-85-49-79-86-59-66-55-58-53-93
Ta100x20,10,1,100,0.925,0.125,10,2231010291,17000,6568,6465,6298,1.253104345,v2_avx512bw_vec32_exact_perm,77-56-26-51-20-11-81-34-75-83-87-54-62-27-14-31-6-64-72-46-38-40-60-92-94-41-1-70-21-88-48-33-98-35-24-23-37-52-80-84-67-95-65-22-10-74-43-99-12-36-18-71-90-42-69-2-32-97-13-100-96-16-5-79-39-3-57-76-78-4-73-68-30-89-15-86-47-25-7-61-29-45-19-91-63-9-44-50-82-58-8-49-85-17-28-59-53-66-93-55
Ta100x20,10,1,100,0.9625,0.025,1,2231001210,17000,6620,6465,6298,1.735703741,v2_avx512bw_vec32_exact_perm,6-77-56-90-51-64-47-48-15-40-60-52-36-20-26-34-38-21-88-65-81-14-42-87-12-7-67-27-18-43-84-35-1-31-96-71-83-4-70-76-95-16-99-89-46-32-68-69-10-23-74-86-39-24-37-91-11-98-57-100-78-44-62-75-49-22-13-17-45-54-92-41-61-94-9-19-85-97-2-73-72-33-28-25-80-3-5-8-82-63-29-66-30-79-50-59-58-93-55-53
Ta100x20,10,1,100,0.9625,0.025,2,2231002219,17000,6617,6465,6298,1.854963789,v2_avx512bw_vec32_exact_perm,77-34-81-40-100-51-87-24-62-43-26-92-48-75-12-47-88-83-74-54-22-25-6-90-70-4-96-99-56-94-35-52-11-98-59-31-2-20-72-10-37-84-27-46-71-21-57-14-95-65-1-73-18-60-15-69-33-67-76-38-16-78-97-23-82-64-9-50-49-79-91-86-36-42-39-45-32-85-7-89-5-17-41-58-44-13-19-8-61-29-63-30-28-68-3-80-55-53-66-93
Ta100x20,10,1,100,0.9625,0.025,3,2231003228,17000,6588,6465,6298,1.850341445,v2_avx512bw_vec32_exact_perm,77-34-56-11-81-40-43-83-92-54-51-35-70-31-90-20-15-62-100-52-47-26-6-38-24-18-12-48-60-14-46-27-22-98-96-42-37-74-16-25-10-87-1-67-63-36-21-72-4-17-68-5-49-88-41-94-13-82-85-86-78-76-65-23-64-44-39-57-45-7-89-69-79-28-91-33-99-95-2-84-75-71-97-73-50-19-80-3-32-61-29-30-58-9-8-59-53-66-93-55
Ta100x20,10,1,100,0.9625,0.025,4,2231004237,17000,6642,6465,6298,1.645905583,v2_avx512bw_vec32_exact_perm,81-64-43-56-60-34-77-40-42-38-26-83-52-74-87-15-37-54-1-95-14-27-98-65-90-62-2-12-18-67-36-35-21-22-51-10-47-92-46-31-70-20-23-100-28-4-89-72-24-7-11-6-9-32-25-39-91-75-71-82-86-44-57-13-59-96-68-48-50-33-88-30-97-78-79-73-84-5-3-61-63-49-76-94-66-99-16-41-69-17-19-29-80-45-55-85-93-8-58-53
Ta100x20,10,1,100,0.9625,0.025,5,2231005246,17000,6646,6465,6298,1.902998575,v2_avx512bw_vec32_exact_perm,77-56-11-51-90-34-26-83-27-81-54-46-6-40-3-25-60-84-64-96-87-62-23-100-36-15-52-74-67-70-1-20-18-35-78-37-14-10-72-38-24-47-5-48-89-21-88-22-61-75-44-31-92-65-2-91-49-12-43-98-86-68-39-42-57-13-28-97-71-33-76-82-95-32-99-50-59-94-85-16-30-63-9-8-69-17-4-80-29-73-45-7-79-19-53-41-66-55-93-58
Ta100x20,10,1,100,0.9625,0.025,6,2231006255,17000,6666,6465,6298,1.461696728,v2_avx512bw_vec32_exact_perm,81-100-64-36-40-43-83-51-17-24-90-92-6-54-57-49-31-20-88-68-84-10-60-44-52-27-77-18-74-1-21-2-98-72-34-46-70-35-12-38-96-48-56-75-23-7-14-89-37-62-65-95-91-15-26-42-16-47-22-4-9-25-78-87-11-50-30-71-97-73-76-99-94-67-32-5-33-63-39-19-13-8-86-3-85-28-59-41-61-69-79-29-82-66-58-93-45-80-55-53
Ta100x20,10,1,100,0.9625,0.025,7,2231007264,17000,6605,6465,6298,1.433344524,v2_avx512bw_vec32_exact_perm,77-34-12-11-100-92-56-26-51-83-6-36-40-64-60-46-90-84-10-88-35-54-43-17-21-1-22-24-48-62-52-96-20-27-87-98-25-68-81-82-39-57-18-99-70-37-31-4-14-95-85-30-78-67-42-15-74-16-73-2-9-29-72-71-76-32-89-69-47-33-5-75-49-23-13-86-63-8-80-97-44-50-45-94-65-38-3-7-59-41-91-61-93-79-58-28-66-19-55-53
Ta100x20,10,1,100,0.9625,0.025,8,2231008273,17000,6604,6465,6298,1.636384368,v2_avx512bw_vec32_exact_perm,77-34-56-26-6-24-60-40-92-1-48-98-3-36-72-100-87-54-37-25-91-90-78-74-83-64-88-35-18-70-95-43-31-51-23-65-38-10-20-22-52-46-62-89-21-27-47-67-33-14-15-61-73-12-81-96-2-16-39-32-76-97-57-71-42-85-68-5-4-7-19-75-82-80-86-45-13-59-44-41-30-79-94-49-69-29-9-50-58-99-84-66-11-55-63-93-8-28-17-53
Ta100x20,10,1,100,0.9625,0.025,9,2231009282,17000,6688,6465,6298,1.743134693,v2_avx512bw_vec32_exact_perm,77-34-40-24-26-90-17-88-65-87-11-52-6-92-22-15-10-43-8-47-27-100-70-60-23-36-1-94-16-51-62-81-32-18-72-20-37-25-35-46-28-83-2-7-75-67-76-82-5-45-97-68-48-98-4-95-54-58-19-12-57-86-31-50-78-73-74-56-3-69-61-96-42-79-21-39-38-14-63-71-85-9-84-41-91-49-29-99-13-55-89-44-53-30-33-80-64-66-93-59
Ta100x20,10,1,100,0.9625,0.025,10,2231010291,17000,6714,6465,6298,1.569278422,v2_avx512bw_vec32_exact_perm,6-34-81-40-77-100-10-15-52-47-25-54-48-43-90-65-13-62-26-31-61-78-18-56-87-98-37-51-92-38-74-70-20-39-88-12-96-8-59-79-42-67-36-22-91-49-66-2-72-21-60-24-23-35-64-5-83-27-95-14-76-71-41-9-68-58-44-16-94-63-97-57-46-84-11-86-85-32-4-33-28-89-17-1-45-75-73-7-19-82-99-3-69-50-80-29-30-55-53-93
Ta100x20,10,1,100,0.9625,0.05,1,2231001210,17000,6618,6465,6298,1.532879185,v2_avx512bw_vec32_exact_perm,77-56-100-91-1-11-83-51-17-3-15-87-40-27-52-90-94-4-57-2-16-6-74-60-24-54-62-92-46-26-96-98-99-39-20-64-23-65-37-72-88-75-34-22-76-86-67-47-70-31-89-38-25-21-7-71-36-12-68-78-73-84-10-5-35-18-14-43-48-95-49-30-32-80-61-8-9-45-42-19-63-59-13-69-33-82-28-81-50-97-79-29-66-44-55-41-85-93-58-53
Ta100x20,10,1,100,0.9625,0.05,2,2231002219,17000,6593,6465,6298,1.735517929,v2_avx512bw_vec32_exact_perm,77-56-40-26-83-87-54-43-65-34-60-11-35-48-15-47-74-67-92-70-51-96-6-84-100-95-14-37-64-90-31-24-18-62-23-29-52-1-27-21-78-22-86-88-75-12-17-80-3-10-36-76-2-32-41-46-42-5-72-4-94-98-68-9-7-97-20-50-73-33-25-81-16-28-89-61-69-85-39-91-71-63-19-44-13-8-30-49-79-82-58-45-57-99-66-38-59-93-55-53
Ta100x20,10,1,100,0.9625,0.05,3,2231003228,17000,6682,6465,6298,1.669619523,v2_avx512bw_vec32_exact_perm,81-56-100-47-83-15-27-20-48-51-1-11-62-26-40-98-87-12-23-92-67-37-60-34-43-18-16-31-25-6-52-79-57-84-74-96-22-38-46-14-95-21-32-24-94-4-54-72-76-77-71-64-30-36-35-90-2-9-17-45-78-63-89-39-70-68-65-61-10-88-86-13-73-8-7-91-97-44-28-50-5-75-49-80-55-29-42-69-33-82-99-3-58-93-41-85-19-59-66-53
Ta100x20,10,1,100,0.9625,0.05,4,2231004237,17000,6612,6465,6298,1.74077765,v2_avx512bw_vec32_exact_perm,77-56-24-51-100-62-26-6-67-65-47-87-48-5-46-60-84-90-82-92-1-96-40-81-94-42-4-34-70-14-7-88-75-83-74-98-22-27-54-86-38-95-97-12-80-44-72-52-35-50-10-36-21-93-79-23-39-18-37-63-20-17-15-43-85-78-68-71-9-28-89-16-61-13-2-59-31-41-69-11-25-49-58-45-57-76-29-30-99-91-3-32-8-73-33-64-66-19-55-53
Ta100x20,10,1,100,0.9625,0.05,5,2231005246,17000,6687,6465,6298,1.757239032,v2_avx512bw_vec32_exact_perm,6-56-51-90-77-100-24-21-98-1-34-48-88-12-87-75-46-22-83-54-92-60-62-47-40-95-14-38-30-10-43-78-81-91-35-70-29-26-96-99-33-11-52-15-89-74-27-71-13-37-36-28-2-17-79-65-3-7-68-57-39-25-86-41-23-4-42-31-73-20-85-97-94-63-16-76-9-67-44-72-50-69-5-84-45-61-18-58-19-82-55-80-66-49-32-8-64-93-53-59
Ta100x20,10,1,100,0.9625,0.05,6,2231006255,17000,6594,6465,6298,1.693480743,v2_avx512bw_vec32_exact_perm,77-56-64-100-51-83-81-40-1-60-24-92-6-4-52-26-34-12-15-54-67-42-88-62-74-48-38-70-27-95-72-36-14-89-37-91-10-43-96-98-87-46-2-65-7-17-18-21-44-25-35-76-16-90-20-69-94-31-45-71-85-19-68-80-49-75-22-13-86-39-57-33-11-32-79-73-5-78-61-9-63-23-84-29-97-3-99-47-82-8-41-30-50-59-66-55-58-28-53-93
Ta100x20,10,1,100,0.9625,0.05,7,2231007264,17000,6658,6465,6298,1.425284102,v2_avx512bw_vec32_exact_perm,81-77-34-87-40-60-46-92-100-83-52-47-64-70-88-74-56-15-17-67-51-11-22-91-54-7-14-27-10-95-2-35-12-26-72-25-1-36-6-20-44-30-33-78-31-63-89-4-21-75-18-49-24-50-98-97-37-23-16-65-9-41-48-68-82-42-13-73-45-5-90-86-43-32-93-96-79-39-85-84-69-38-94-71-8-57-61-99-19-29-62-66-76-3-58-59-28-80-55-53
Ta100x20,10,1,100,0.9625,0.05,8,2231008273,17000,6603,6465,6298,1.602183467,v2_avx512bw_vec32_exact_perm,81-38-40-1-92-100-98-36-77-54-51-71-34-26-87-70-90-14-74-83-56-72-60-27-95-64-7-46-3-67-12-35-37-76-96-2-75-57-65-44-62-94-82-91-28-42-10-21-43-88-24-89-52-18-47-31-20-33-4-23-32-5-22-6-97-79-16-13-48-69-50-86-78-9-68-84-45-73-41-39-15-61-19-85-30-99-25-29-58-17-63-8-49-11-80-55-59-66-53-93
Ta100x20,10,1,100,0.9625,0.05,9,2231009282,17000,6604,6465,6298,1.610934252,v2_avx512bw_vec32_exact_perm,77-81-40-26-100-54-51-38-90-6-67-24-3-22-74-87-52-12-1-94-10-92-62-43-98-65-34-20-46-70-72-96-35-14-83-21-56-57-88-27-84-61-60-48-47-78-32-5-82-8-23-4-7-18-76-86-41-75-13-36-42-11-31-89-37-2-99-33-95-69-25-16-15-19-28-71-45-97-91-73-79-49-85-68-29-39-9-50-58-30-44-63-59-17-64-66-80-55-53-93
Ta100x20,10,1,100,0.9625,0.05,10,2231010291,17000,6634,6465,6298,1.794975488,v2_avx512bw_vec32_exact_perm,77-34-100-83-87-40-27-64-11-94-65-54-92-88-67-99-3-10-70-74-75-26-72-86-20-24-90-6-38-35-52-62-12-56-60-46-21-1-22-81-68-5-91-96-25-13-2-7-89-36-59-4-23-95-14-73-98-32-51-43-15-30-48-31-45-42-33-76-71-18-97-47-39-57-78-50-63-44-84-61-8-85-29-28-58-9-37-16-69-79-19-82-41-17-49-80-66-55-53-93
Ta100x20,10,1,100,0.9625,0.075,1,2231001210,17000,6619,6465,6298,1.360696781,v2_avx512bw_vec32_exact_perm,6-77-38-56-83-92-40-43-26-54-24-60-22-87-11-51-52-27-18-34-65-33-90-14-47-67-20-96-70-35-73-78-98-7-21-100-10-16-15-74-62-25-1-31-12-48-85-72-17-13-57-44-36-88-23-86-75-39-64-32-94-42-95-69-9-84-46-8-99-5-71-89-28-4-97-50-68-61-29-76-91-81-30-82-2-41-19-63-37-80-3-79-59-49-66-55-93-45-58-53
Ta100x20,10,1,100,0.9625,0.075,2,2231002219,17000,6595,6465,6298,1.671463256,v2_avx512bw_vec32_exact_perm,77-34-100-38-11-43-51-56-74-46-83-20-7-40-15-16-90-87-48-26-64-60-6-54-75-99-18-70-31-98-52-42-96-14-21-72-25-62-33-67-92-69-35-91-1-95-2-44-63-65-9-84-27-94-29-10-13-81-12-36-23-82-5-45-32-4-88-79-37-97-71-76-24-28-89-85-22-68-39-78-57-19-49-3-86-47-8-41-30-61-50-59-17-73-80-66-55-58-93-53
Ta100x20,10,1,100,0.9625,0.075,3,2231003228,17000,6599,6465,6298,1.604158386,v2_avx512bw_vec32_exact_perm,81-40-38-56-51-34-27-98-24-35-1-83-20-77-90-92-60-6-12-64-47-15-11-100-57-25-8-99-95-43-96-46-68-89-76-41-3-48-26-65-78-18-2-70-31-49-72-85-14-87-21-67-37-71-63-5-36-42-62-16-74-52-88-10-23-61-75-22-86-9-91-7-84-54-4-32-97-13-19-94-80-29-69-45-44-30-33-73-39-17-79-50-59-66-82-58-28-55-53-93
Ta100x20,10,1,100,0.9625,0.075,4,2231004237,17000,6599,6465,6298,1.607499662,v2_avx512bw_vec32_exact_perm,83-6-77-51-11-34-3-40-67-87-52-1-56-81-74-43-2-46-72-12-27-98-76-37-10-65-35-26-48-62-18-85-23-15-16-60-92-22-100-99-33-70-95-96-54-69-41-57-14-25-78-17-24-80-21-36-86-68-94-7-4-73-90-82-84-31-89-32-75-5-71-9-38-47-50-97-91-20-45-30-44-64-63-39-88-42-13-8-49-29-61-28-79-58-19-55-59-66-53-93
Ta100x20,10,1,100,0.9625,0.075,5,2231005246,17000,6646,6465,6298,1.603965554,v2_avx512bw_vec32_exact_perm,77-34-56-51-87-36-26-81-54-90-40-65-6-25-31-67-62-4-23-35-24-22-11-20-15-14-72-100-83-70-60-92-1-48-37-43-17-68-21-96-5-64-7-78-18-38-74-12-27-99-2-89-98-75-95-16-57-76-9-30-33-39-10-50-88-3-82-86-63-84-41-46-52-71-91-44-97-94-73-32-59-66-13-19-69-42-47-80-8-61-49-79-29-85-28-53-55-45-93-58
Ta100x20,10,1,100,0.9625,0.075,6,2231006255,17000,6581,6465,6298,1.483398293,v2_avx512bw_vec32_exact_perm,77-34-56-75-17-40-65-90-26-6-64-51-83-98-92-70-96-100-60-84-74-81-27-86-78-47-36-38-20-32-12-22-88-95-1-23-89-35-10-52-87-37-15-21-54-24-72-68-97-25-46-48-11-43-18-5-57-94-50-82-16-31-79-49-42-44-91-63-71-39-13-62-61-67-28-8-76-41-2-85-9-14-45-99-33-4-29-7-30-58-19-69-80-3-73-59-66-93-55-53
Ta100x20,10,1,100,0.9625,0.075,7,2231007264,17000,6592,6465,6298,1.454485915,v2_avx512bw_vec32_exact_perm,77-34-70-90-40-88-100-56-54-43-83-98-1-52-47-27-6-46-84-60-51-62-10-11-14-87-36-35-96-20-24-76-67-21-72-22-12-64-7-26-86-15-89-95-65-31-68-92-38-18-69-94-25-57-74-4-13-37-2-17-85-5-39-81-32-61-30-71-99-75-9-48-16-82-79-42-97-63-3-78-23-59-50-41-8-19-44-91-33-49-73-80-29-66-55-93-45-58-28-53
Ta100x20,10,1,100,0.9625,0.075,8,2231008273,17000,6598,6465,6298,1.427360771,v2_avx512bw_vec32_exact_perm,77-56-43-65-26-83-92-51-62-1-67-36-40-100-90-4-6-7-3-25-15-54-75-18-23-37-87-60-38-48-52-74-21-34-76-70-96-27-72-61-86-10-50-46-31-49-42-14-98-95-45-20-5-35-84-57-24-59-9-33-2-39-64-88-22-69-89-99-85-94-12-91-11-81-16-80-44-63-97-68-30-78-79-29-28-71-32-13-47-8-19-73-17-41-82-66-55-58-53-93
Ta100x20,10,1,100,0.9625,0.075,9,2231009282,17000,6606,6465,6298,1.478975275,v2_avx512bw_vec32_exact_perm,81-90-77-11-51-15-83-6-64-54-40-26-20-56-7-47-60-62-43-27-46-67-37-65-94-87-35-96-92-39-25-38-98-95-70-12-1-97-84-10-71-76-88-52-86-72-41-44-100-16-36-23-57-74-5-34-21-17-18-14-32-89-85-22-30-4-31-13-73-2-49-78-61-42-24-69-48-9-68-82-45-50-33-99-8-75-79-80-29-63-19-3-66-59-91-58-28-53-93-55
Ta100x20,10,1,100,0.9625,0.075,10,2231010291,17000,6592,6465,6298,1.713674651,v2_avx512bw_vec32_exact_perm,77-56-90-83-87-34-40-20-17-24-43-60-52-1-21-18-92-37-27-51-6-72-46-67-35-25-38-54-36-23-98-29-81-12-26-73-39-41-47-7-71-76-30-33-10-94-70-22-31-42-74-57-4-44-62-13-2-96-15-48-75-49-14-95-64-100-78-65-28-68-11-91-88-82-79-89-9-58-19-97-50-63-45-5-16-69-84-61-99-3-85-86-80-55-32-59-66-93-8-53
Ta100x20,10,1,100,0.9625,0.1,1,2231001210,17000,6570,6465,6298,1.603706431,v2_avx512bw_vec32_exact_perm,77-34-56-26-87-92-100-83-40-43-98-90-47-67-35-12-96-70-54-1-23-51-78-18-72-62-64-60-37-27-88-46-11-42-14-21-10-24-94-52-99-33-50-49-91-15-6-4-65-76-32-71-75-7-25-97-17-39-41-73-13-20-30-80-2-59-95-86-3-36-63-16-31-68-89-85-9-84-22-74-69-82-5-48-61-19-29-44-45-57-79-38-66-81-8-55-58-28-53-93
Ta100x20,10,1,100,0.9625,0.1,2,2231002219,17000,6581,6465,6298,1.673483478,v2_avx512bw_vec32_exact_perm,81-77-56-27-6-54-11-100-83-51-52-62-33-60-40-87-92-36-20-34-14-65-90-43-25-88-37-22-78-24-18-35-3-21-42-1-15-70-94-67-46-72-76-12-89-96-47-16-86-98-2-69-13-99-91-10-84-41-75-48-57-26-97-95-73-74-4-23-38-31-64-68-71-9-29-32-63-39-5-82-80-79-61-45-7-85-30-8-17-58-19-44-66-49-50-59-28-55-53-93
Ta100x20,10,1,100,0.9625,0.1,3,2231003228,17000,6688,6465,6298,1.710736604,v2_avx512bw_vec32_exact_perm,77-34-26-64-31-100-11-83-98-40-82-90-87-24-92-20-51-56-15-72-6-60-70-48-74-23-12-1-65-54-88-22-35-27-62-18-9-3-14-52-67-10-7-91-50-86-96-61-78-47-25-37-81-21-5-2-33-57-94-43-76-75-4-46-32-73-36-71-38-39-8-68-42-95-30-28-84-97-17-41-13-29-45-44-79-16-63-49-19-58-69-99-85-89-53-93-80-55-66-59
Ta100x20,10,1,100,0.9625,0.1,4,2231004237,17000,6572,6465,6298,1.609907056,v2_avx512bw_vec32_exact_perm,81-77-1-46-34-15-20-84-64-51-12-60-40-62-92-100-96-26-37-27-56-54-35-90-98-83-82-88-70-10-6-72-9-67-50-75-86-7-11-38-52-78-33-18-87-32-21-14-41-25-97-22-13-2-57-5-48-74-24-36-91-23-31-63-4-95-89-47-45-42-69-76-65-29-44-71-43-99-68-39-49-16-79-94-17-61-8-73-58-19-30-3-85-80-55-59-66-28-53-93
Ta100x20,10,1,100,0.9625,0.1,5,2231005246,17000,6551,6465,6298,1.897761416,v2_avx512bw_vec32_exact_perm,77-65-100-17-70-51-60-40-26-48-83-90-1-62-47-54-27-46-6-67-81-16-92-56-10-20-35-34-15-98-11-52-41-76-22-18-14-87-95-24-72-25-97-37-91-88-64-23-75-86-36-74-43-2-96-38-78-42-12-5-63-31-33-89-21-71-99-13-32-84-68-49-4-57-45-9-79-94-50-30-29-61-39-73-7-44-8-19-82-69-3-85-80-58-59-66-28-53-93-55
Ta100x20,10,1,100,0.9625,0.1,6,2231006255,17000,6614,6465,6298,1.699377984,v2_avx512bw_vec32_exact_perm,81-40-51-11-92-77-26-64-60-65-6-27-38-52-87-20-7-31-70-12-90-100-84-15-74-96-54-18-22-1-21-62-56-43-36-76-67-83-95-37-33-75-46-99-34-25-82-16-42-41-14-39-57-98-17-4-73-2-35-78-5-23-50-10-68-97-3-72-61-88-85-48-71-32-24-30-13-59-28-89-47-94-69-9-8-19-93-91-86-80-29-44-45-79-63-49-66-55-58-53
Ta100x20,10,1,100,0.9625,0.1,7,2231007264,17000,6648,6465,6298,1.61243848,v2_avx512bw_vec32_exact_perm,81-40-11-56-1-87-78-51-15-6-83-43-12-26-31-50-54-37-24-60-82-34-46-70-42-92-10-16-52-29-88-44-77-90-100-25-21-62-4-57-76-23-67-72-14-91-36-5-20-32-71-98-22-65-27-18-64-39-17-85-74-8-73-96-35-95-99-9-3-2-75-7-86-63-84-41-61-48-68-97-30-79-80-69-89-47-93-28-94-53-19-33-49-45-13-38-59-66-55-58
Ta100x20,10,1,100,0.9625,0.1,8,2231008273,17000,6685,6465,6298,1.749864343,v2_avx512bw_vec32_exact_perm,17-6-56-51-47-60-54-11-21-34-38-25-35-26-81-87-88-52-40-83-28-74-100-10-82-70-77-75-42-1-43-96-97-3-92-62-33-24-37-45-23-36-89-46-22-27-65-95-79-98-61-86-39-18-90-13-14-64-7-31-71-16-93-68-57-48-76-20-72-32-19-91-12-5-67-44-49-63-78-84-41-4-9-2-69-50-99-94-66-73-85-29-15-8-58-30-80-53-55-59
Ta100x20,10,1,100,0.9625,0.1,9,2231009282,17000,6626,6465,6298,1.640521099,v2_avx512bw_vec32_exact_perm,77-34-43-6-11-100-92-54-65-27-81-40-83-51-52-1-17-95-38-35-14-99-89-37-67-62-24-26-36-90-21-18-87-56-12-74-22-60-46-88-48-16-20-61-42-23-31-64-96-15-75-44-98-72-82-50-45-49-97-91-2-10-70-13-86-78-33-57-7-47-76-3-32-39-84-41-30-79-94-73-5-68-25-71-63-69-4-9-58-28-80-19-29-66-59-55-85-8-53-93
Ta100x20,10,1,100,0.9625,0.1,10,2231010291,17000,6544,6465,6298,1.729791897,v2_avx512bw_vec32_exact_perm,77-34-56-51-20-40-91-87-12-27-92-60-6-36-47-67-65-76-72-100-15-14-98-96-35-37-23-54-90-3-18-11-64-26-24-74-71-63-88-48-78-62-52-33-99-17-5-75-94-25-7-97-70-21-1-83-41-50-46-42-84-22-10-57-4-61-80-13-44-31-85-89-9-2-95-16-49-86-68-43-19-69-39-82-79-30-38-29-81-45-32-8-73-58-59-66-28-53-93-55
Ta100x20,10,1,100,0.9625,0.125,1,2231001210,17000,6640,6465,6298,1.679630953,v2_avx512bw_vec32_exact_perm,6-56-51-87-11-20-92-43-77-40-36-100-83-27-12-96-54-74-42-64-60-34-70-88-48-15-65-52-90-26-62-4-1-35-14-72-67-46-80-38-21-37-31-16-39-18-91-81-89-47-2-5-57-24-33-86-7-23-59-98-10-68-22-97-76-95-82-75-94-73-3-69-44-13-71-32-78-61-63-9-25-29-50-30-99-45-85-84-49-66-8-41-19-17-55-93-79-53-58-28
Ta100x20,10,1,100,0.9625,0.125,2,2231002219,17000,6603,6465,6298,1.730352087,v2_avx512bw_vec32_exact_perm,77-56-100-17-90-24-92-57-54-51-98-74-62-40-65-87-46-15-6-38-25-83-52-48-35-88-27-20-1-44-78-34-64-18-60-36-21-22-70-39-33-43-5-7-26-3-96-86-75-76-89-72-11-81-16-67-31-12-14-95-30-99-85-37-84-10-13-42-97-41-2-94-73-4-63-9-23-8-61-80-32-47-71-59-69-82-79-91-29-28-68-50-45-49-58-19-55-53-66-93
Ta100x20,10,1,100,0.9625,0.125,3,2231003228,17000,6688,6465,6298,1.672501278,v2_avx512bw_vec32_exact_perm,77-56-65-87-100-54-31-67-64-90-11-17-40-51-92-18-35-21-26-24-88-94-83-74-34-70-20-38-22-7-69-15-32-37-60-46-25-4-68-36-6-72-86-52-61-96-16-42-47-71-39-14-76-62-85-80-41-82-30-78-1-95-73-5-23-98-13-89-2-57-10-81-45-12-33-99-9-50-44-27-3-75-43-48-84-63-97-91-79-49-58-19-29-93-55-28-8-53-66-59
Ta100x20,10,1,100,0.9625,0.125,4,2231004237,17000,6587,6465,6298,1.726750131,v2_avx512bw_vec32_exact_perm,81-77-1-51-18-20-11-27-83-92-26-64-47-36-40-67-34-60-54-35-70-10-74-12-87-56-90-14-21-6-96-24-76-100-62-78-91-19-98-37-5-33-31-15-43-86-48-25-80-71-13-22-88-29-52-72-84-41-46-23-4-63-97-2-94-65-68-42-9-99-95-32-75-30-82-8-39-17-44-89-85-7-57-3-16-28-61-38-69-45-49-79-50-59-73-58-55-53-66-93
Ta100x20,10,1,100,0.9625,0.125,5,2231005246,17000,6635,6465,6298,1.990593929,v2_avx512bw_vec32_exact_perm,77-56-90-34-26-87-40-17-92-51-98-62-11-75-43-60-46-12-79-6-74-67-27-84-36-83-37-35-44-5-54-65-22-23-2-10-4-85-7-20-100-32-78-47-96-64-94-52-31-69-42-33-48-18-99-21-68-25-39-38-63-97-24-13-86-14-30-89-95-16-61-73-88-1-45-81-29-72-80-70-76-19-57-9-3-15-82-50-59-28-8-41-91-93-71-49-66-55-58-53
Ta100x20,10,1,100,0.9625,0.125,6,2231006255,17000,6646,6465,6298,1.490788905,v2_avx512bw_vec32_exact_perm,81-40-38-52-51-77-43-17-27-70-34-100-26-74-83-36-67-44-12-78-1-22-41-92-3-19-6-56-54-90-62-87-88-35-25-10-98-2-21-46-64-72-20-18-5-15-13-14-95-86-42-31-48-24-47-39-32-50-45-97-11-57-76-75-30-8-79-49-60-65-96-68-29-9-94-63-85-84-4-37-80-71-16-23-89-73-7-69-53-61-99-91-33-28-82-58-93-55-59-66
Ta100x20,10,1,100,0.9625,0.125,7,2231007264,17000,6565,6465,6298,1.761426502,v2_avx512bw_vec32_exact_perm,77-34-56-83-92-87-11-35-70-90-26-31-54-64-62-40-60-51-43-18-15-67-21-14-36-42-46-1-23-72-12-38-74-6-96-75-25-13-2-48-37-7-100-98-22-65-91-10-20-33-97-79-27-52-73-78-4-44-95-29-49-68-88-47-89-71-63-85-76-9-5-61-3-84-16-81-69-24-39-86-94-32-41-30-82-80-8-57-99-50-45-58-19-17-55-59-66-28-53-93
Ta100x20,10,1,100,0.9625,0.125,8,2231008273,17000,6578,6465,6298,1.678105568,v2_avx512bw_vec32_exact_perm,77-34-40-100-56-64-26-83-67-70-74-28-60-51-90-12-43-18-98-1-15-75-6-47-96-54-57-20-25-87-52-3-62-27-92-78-10-84-22-46-88-4-35-36-48-68-94-21-5-81-16-31-63-42-33-97-24-2-72-13-30-14-37-61-80-95-38-76-91-8-71-32-9-89-99-17-69-50-73-39-49-79-45-23-65-29-7-19-86-41-44-85-82-58-11-59-66-55-53-93
Ta100x20,10,1,100,0.9625,0.125,9,2231009282,17000,6561,6465,6298,1.646809615,v2_avx512bw_vec32_exact_perm,81-77-51-87-34-56-60-98-43-40-47-11-100-15-26-38-74-54-83-90-70-6-27-52-21-25-7-86-20-33-31-35-73-79-12-92-88-30-14-48-72-97-46-2-94-63-65-32-23-95-1-78-37-18-96-85-84-67-89-16-57-82-36-99-75-13-10-62-24-17-9-91-5-22-68-49-4-71-76-64-39-41-69-42-61-3-29-80-44-58-45-19-50-59-66-55-93-28-8-53
Ta100x20,10,1,100,0.9625,0.125,10,2231010291,17000,6665,6465,6298,1.480912131,v2_avx512bw_vec32_exact_perm,77-56-24-100-20-43-83-98-62-34-92-40-70-96-51-11-75-67-94-87-1-95-72-46-64-54-6-33-90-15-16-57-26-25-35-48-37-81-2-45-65-23-60-27-7-52-61-79-22-12-49-18-31-29-76-5-78-68-42-89-30-21-38-13-47-14-10-85-71-73-88-74-66-9-99-50-17-97-39-28-91-86-3-4-32-80-8-36-19-44-84-41-69-82-55-63-58-59-53-93
Ta100x20,10,1,100,1,0.025,1,2231001210,17000,6622,6465,6298,1.383566183,v2_avx512bw_vec32_exact_perm,81-40-34-56-83-51-54-64-90-92-11-100-60-15-48-46-99-14-62-20-26-65-43-37-74-38-6-87-96-24-94-70-59-72-12-31-27-98-35-10-76-84-75-22-18-4-5-1-95-2-21-32-85-30-77-88-89-23-97-33-63-67-86-52-36-47-41-82-78-25-69-42-71-45-57-13-44-17-61-7-79-91-49-8-29-28-58-16-68-73-39-19-9-3-66-50-53-80-55-93
Ta100x20,10,1,100,1,0.025,2,2231002219,17000,6597,6465,6298,1.517273527,v2_avx512bw_vec32_exact_perm,77-34-56-100-26-87-11-6-43-40-83-54-65-64-90-88-74-67-12-81-92-51-24-37-60-35-47-96-22-16-98-20-31-52-14-72-38-18-36-23-10-78-21-62-70-27-97-46-69-2-44-94-15-42-32-4-48-79-13-39-49-75-57-68-3-5-30-95-86-1-82-85-7-25-41-89-17-9-61-76-45-84-71-99-91-29-63-33-58-19-50-59-66-28-8-73-80-55-53-93
Ta100x20,10,1,100,1,0.025,3,2231003228,17000,6662,6465,6298,1.475510141,v2_avx512bw_vec32_exact_perm,6-40-26-54-11-87-51-100-65-47-25-81-34-12-27-75-92-90-83-98-14-35-56-3-95-1-96-77-70-89-15-72-86-31-37-22-20-52-71-73-88-61-91-24-59-78-9-10-23-33-64-38-48-74-60-68-99-43-46-18-67-2-16-49-21-85-42-5-62-63-39-13-8-17-44-57-76-4-32-69-45-82-36-97-7-79-94-28-58-30-84-41-19-50-80-29-66-93-55-53
Ta100x20,10,1,100,1,0.025,4,2231004237,17000,6612,6465,6298,1.419911589,v2_avx512bw_vec32_exact_perm,81-51-65-34-87-27-40-92-83-98-56-60-47-3-14-70-35-90-88-64-78-18-49-2-54-74-96-52-77-24-37-100-26-31-33-38-46-72-48-67-42-95-10-43-22-4-68-12-15-1-79-39-50-21-57-30-71-76-75-62-97-25-61-99-94-63-20-36-32-91-9-84-6-45-5-89-73-17-44-41-23-16-93-29-58-11-13-86-8-85-7-19-69-82-80-28-59-66-55-53
Ta100x20,10,1,100,1,0.025,5,2231005246,17000,6648,6465,6298,1.38195267,v2_avx512bw_vec32_exact_perm,81-77-51-56-92-65-40-43-83-75-47-60-1-11-87-24-48-35-12-15-67-33-21-27-20-31-70-90-37-74-38-25-22-78-54-36-26-6-52-96-10-62-64-46-23-97-18-98-7-34-14-50-2-100-72-68-42-85-4-39-88-8-86-9-79-5-41-71-76-57-44-89-13-99-91-3-95-16-69-84-63-17-45-32-61-29-49-82-58-66-19-93-94-30-73-80-59-28-55-53
Ta100x20,10,1,100,1,0.025,6,2231006255,17000,6653,6465,6298,1.421576563,v2_avx512bw_vec32_exact_perm,77-56-40-51-90-17-18-43-100-12-65-83-6-86-54-98-87-27-37-46-47-62-74-14-26-34-35-24-60-11-52-94-67-36-64-31-15-20-96-32-9-16-4-44-21-42-23-10-61-7-45-68-49-25-72-2-92-57-39-88-71-97-70-29-95-1-82-75-63-69-30-33-76-48-5-80-89-3-99-85-84-41-79-73-91-13-55-38-78-22-8-19-81-50-59-66-28-53-93-58
Ta100x20,10,1,100,1,0.025,7,2231007264,17000,6646,6465,6298,1.451480692,v2_avx512bw_vec32_exact_perm,77-34-11-40-90-20-36-26-98-15-81-75-37-51-47-83-87-67-52-92-7-25-60-70-21-2-18-42-54-1-39-46-62-84-96-100-4-48-6-27-86-74-30-63-95-65-38-24-82-33-99-78-89-22-12-56-76-35-5-57-17-10-16-13-31-71-44-28-50-97-68-94-43-64-9-88-8-23-53-72-69-14-80-3-32-61-49-29-19-91-73-45-79-59-41-85-93-55-66-58
Ta100x20,10,1,100,1,0.025,8,2231008273,17000,6672,6465,6298,1.484249839,v2_avx512bw_vec32_exact_perm,77-56-11-51-34-38-60-43-36-81-54-40-88-90-18-64-24-74-44-98-26-31-37-67-83-70-22-62-100-27-12-95-46-96-7-92-4-35-23-65-48-75-5-3-87-6-78-47-1-73-10-2-52-20-28-14-89-39-21-68-57-41-9-25-91-15-82-84-79-72-86-13-71-63-61-97-94-76-16-99-32-50-49-29-69-42-45-33-55-85-80-59-93-17-8-58-30-66-19-53
Ta100x20,10,1,100,1,0.025,9,2231009282,17000,6620,6465,6298,1.539570552,v2_avx512bw_vec32_exact_perm,81-40-100-70-51-43-90-83-26-64-47-60-92-6-75-56-96-3-7-35-25-74-38-48-98-46-12-88-23-54-37-22-87-67-65-62-94-76-27-15-52-42-34-44-10-71-36-21-91-18-89-1-14-73-2-95-33-82-85-78-99-16-9-68-4-31-72-24-97-63-20-84-69-50-5-86-77-79-49-19-32-61-39-45-58-57-13-30-17-8-41-11-80-29-66-59-93-28-55-53
Ta100x20,10,1,100,1,0.025,10,2231010291,17000,6665,6465,6298,1.486618326,v2_avx512bw_vec32_exact_perm,65-90-6-100-26-64-77-40-54-83-11-15-51-23-89-61-60-87-47-36-56-34-27-70-67-1-52-22-84-35-74-18-31-62-24-20-25-96-37-21-92-75-39-17-7-46-81-10-2-30-12-14-43-95-42-4-88-78-48-3-57-86-68-13-44-72-76-45-71-98-97-55-80-69-33-94-63-99-85-9-32-5-8-16-19-38-91-41-93-50-49-29-66-82-79-73-58-28-59-53
Ta100x20,10,1,100,1,0.05,1,2231001210,17000,6614,6465,6298,1.489647477,v2_avx512bw_vec32_exact_perm,81-40-77-34-54-51-83-87-11-56-6-52-90-27-25-17-18-64-7-92-100-78-68-88-65-72-1-67-20-35-60-24-62-36-44-96-84-46-48-37-21-14-89-15-47-23-31-12-10-75-73-4-43-26-22-98-2-95-30-74-79-57-82-8-39-70-41-13-97-19-16-42-5-61-99-94-69-33-91-9-76-29-86-3-32-49-85-38-80-45-50-71-63-93-59-66-55-28-58-53
Ta100x20,10,1,100,1,0.05,2,2231002219,17000,6646,6465,6298,1.462276828,v2_avx512bw_vec32_exact_perm,77-34-81-56-40-43-51-83-1-94-98-38-74-47-15-67-54-37-90-20-93-60-46-48-84-87-5-70-26-21-31-3-62-88-23-4-64-35-96-75-99-11-76-52-89-10-6-50-18-49-91-27-92-86-22-45-24-95-25-36-42-72-65-61-12-2-57-78-14-9-63-16-33-97-82-32-79-39-100-71-7-69-80-8-85-73-13-68-30-17-59-29-66-28-19-53-44-41-55-58
Ta100x20,10,1,100,1,0.05,3,2231003228,17000,6586,6465,6298,1.522217949,v2_avx512bw_vec32_exact_perm,83-20-40-92-11-48-65-51-47-15-100-60-70-26-87-90-37-56-6-24-98-12-74-57-96-34-54-52-22-1-95-43-25-27-46-84-4-81-16-23-31-10-35-99-14-75-2-18-78-72-64-88-42-62-82-29-71-13-5-97-28-67-68-77-36-21-33-30-89-80-76-79-9-32-61-8-19-85-91-49-3-7-69-44-39-45-50-38-41-94-73-17-86-63-58-59-66-53-93-55
Ta100x20,10,1,100,1,0.05,4,2231004237,17000,6642,6465,6298,1.504891265,v2_avx512bw_vec32_exact_perm,81-64-34-56-100-52-87-40-72-26-38-20-1-12-65-90-39-67-37-22-92-11-15-51-94-32-27-62-46-68-21-83-54-98-43-96-18-25-48-57-35-6-24-10-70-60-74-73-76-4-47-77-36-23-75-5-49-95-3-42-14-45-91-71-99-13-78-88-86-33-50-7-16-31-30-97-2-17-63-29-44-89-59-85-9-84-61-28-82-79-8-19-69-80-55-53-41-93-66-58
Ta100x20,10,1,100,1,0.05,5,2231005246,17000,6646,6465,6298,1.4218473,v2_avx512bw_vec32_exact_perm,77-34-26-3-40-38-20-15-51-6-87-24-52-60-100-54-11-1-98-74-62-64-21-90-27-46-14-35-70-47-18-22-43-83-39-67-36-69-23-48-65-81-68-96-12-5-56-29-80-37-95-73-25-31-33-4-75-7-71-92-97-19-78-32-76-10-42-91-45-72-88-44-17-86-89-79-63-9-61-16-94-99-41-93-50-85-59-13-8-30-57-2-49-84-82-66-28-53-55-58
Ta100x20,10,1,100,1,0.05,6,2231006255,17000,6606,6465,6298,1.491237634,v2_avx512bw_vec32_exact_perm,77-56-11-100-17-51-88-81-75-54-87-40-83-21-98-62-52-47-34-27-43-20-60-37-64-18-26-1-35-24-22-39-86-78-38-2-90-46-10-12-92-96-13-95-82-8-80-70-25-97-67-15-16-99-65-48-74-19-68-91-49-36-6-5-23-71-63-57-3-76-14-7-72-4-50-59-31-94-33-32-61-30-89-42-29-66-9-79-73-45-84-41-28-44-69-55-85-58-93-53
Ta100x20,10,1,100,1,0.05,7,2231007264,17000,6607,6465,6298,1.483431336,v2_avx512bw_vec32_exact_perm,77-56-40-100-83-11-92-34-26-67-70-54-31-36-20-75-15-47-89-51-62-98-1-87-42-17-49-2-18-35-64-90-74-88-12-22-6-52-99-14-65-78-32-96-95-82-37-5-48-68-81-16-27-46-72-4-24-84-97-86-60-79-43-21-23-76-45-57-69-50-71-25-80-63-13-8-39-7-30-10-3-44-94-85-9-33-29-58-19-61-55-28-41-91-38-73-59-66-53-93
Ta100x20,10,1,100,1,0.05,8,2231008273,17000,6542,6465,6298,1.498271162,v2_avx512bw_vec32_exact_perm,83-64-11-81-43-51-77-56-96-40-98-34-38-35-71-52-15-6-62-100-27-18-36-23-54-12-26-95-87-65-33-31-48-70-74-25-60-88-99-20-14-75-67-7-21-46-22-37-16-92-24-84-90-3-97-10-72-76-73-89-78-47-4-68-13-5-17-86-1-94-2-85-57-9-32-49-41-61-19-29-69-91-82-45-42-44-39-30-79-50-59-80-66-55-8-63-58-28-53-93
Ta100x20,10,1,100,1,0.05,9,2231009282,17000,6585,6465,6298,1.474366205,v2_avx512bw_vec32_exact_perm,83-77-40-56-98-51-62-87-34-6-24-43-60-20-31-18-100-15-84-38-86-2-35-90-37-92-21-54-96-75-64-5-23-88-72-74-67-70-11-36-89-42-47-26-16-57-48-25-91-97-1-95-22-76-4-32-68-46-82-65-78-52-10-27-12-99-33-71-49-7-8-13-41-17-50-14-9-81-73-45-61-79-63-39-30-94-58-69-29-19-44-3-85-80-55-59-66-93-28-53
Ta100x20,10,1,100,1,0.05,10,2231010291,17000,6596,6465,6298,1.47918556,v2_avx512bw_vec32_exact_perm,77-34-56-40-11-100-46-17-92-96-51-20-65-81-24-25-74-87-15-48-52-1-60-6-70-78-83-37-90-12-4-27-47-26-21-14-54-22-75-7-64-57-2-49-31-33-23-42-36-29-98-72-84-62-10-35-28-50-88-82-86-91-67-95-68-73-89-85-39-9-43-5-3-32-97-79-71-76-45-30-69-18-99-44-94-63-59-13-16-38-41-19-61-80-66-93-8-58-53-55
Ta100x20,10,1,100,1,0.075,1,2231001210,17000,6651,6465,6298,1.493650155,v2_avx512bw_vec32_exact_perm,6-77-56-11-40-20-12-27-34-100-83-92-74-38-36-67-54-71-70-7-46-16-60-72-26-90-65-14-87-64-33-35-96-23-52-37-51-88-22-81-17-86-18-29-75-62-85-39-43-76-31-73-25-15-98-48-59-95-1-68-69-82-42-41-78-84-10-21-24-99-4-2-91-97-57-44-94-63-13-19-3-5-66-30-32-89-28-61-45-9-47-8-49-79-50-53-80-58-55-93
Ta100x20,10,1,100,1,0.075,2,2231002219,17000,6644,6465,6298,1.397576568,v2_avx512bw_vec32_exact_perm,83-17-34-38-77-40-90-26-54-48-100-60-47-6-15-64-51-75-94-1-92-62-35-87-18-70-96-11-98-49-27-12-56-31-42-39-37-20-85-74-22-86-65-23-4-63-28-44-24-5-50-21-14-36-52-10-89-99-78-68-25-57-43-88-3-13-2-97-16-81-69-67-30-95-46-29-82-32-7-71-72-33-9-8-80-45-76-19-73-91-84-41-61-93-79-58-53-55-59-66
Ta100x20,10,1,100,1,0.075,3,2231003228,17000,6618,6465,6298,1.521547099,v2_avx512bw_vec32_exact_perm,77-34-40-6-56-90-15-51-11-74-83-92-70-67-72-52-36-54-99-26-75-1-87-81-60-23-68-100-12-4-64-96-35-46-37-78-31-38-65-18-21-98-48-43-14-42-22-39-27-49-16-24-10-76-33-9-62-8-97-47-91-88-86-57-2-89-7-82-13-3-30-95-69-25-32-61-71-80-20-28-5-50-29-19-63-45-41-17-79-85-94-73-84-44-66-59-58-93-55-53
Ta100x20,10,1,100,1,0.075,4,2231004237,17000,6586,6465,6298,1.488087054,v2_avx512bw_vec32_exact_perm,77-34-12-40-100-83-92-65-43-60-6-1-90-24-70-20-49-62-27-2-7-54-26-96-64-74-56-15-71-36-67-47-42-21-31-51-98-11-35-87-16-18-23-61-88-73-84-75-86-29-39-57-17-37-22-46-38-52-94-68-5-25-95-72-14-63-4-97-33-48-58-85-9-32-76-10-78-13-30-89-19-79-3-69-81-44-82-45-99-50-41-91-80-8-93-28-59-66-55-53
Ta100x20,10,1,100,1,0.075,5,2231005246,17000,6607,6465,6298,1.48196918,v2_avx512bw_vec32_exact_perm,81-12-1-77-100-51-46-87-40-98-83-43-90-24-62-26-92-60-4-48-65-37-23-74-67-64-31-52-34-10-70-15-42-6-18-36-75-96-72-56-49-20-22-54-25-35-95-84-13-57-14-99-27-69-2-9-89-45-44-50-97-38-85-78-16-33-7-29-5-61-63-39-19-91-88-3-80-71-73-76-21-68-58-11-8-41-30-82-86-32-59-47-17-79-94-66-28-55-53-93
Ta100x20,10,1,100,1,0.075,6,2231006255,17000,6648,6465,6298,1.495950895,v2_avx512bw_vec32_exact_perm,77-34-100-18-51-6-64-24-90-43-60-40-83-87-92-20-37-26-52-46-38-47-97-54-11-71-88-2-67-62-56-7-95-5-81-89-68-72-27-1-12-10-48-22-13-70-31-21-32-36-75-25-17-42-96-76-14-98-99-41-29-35-3-65-63-9-82-23-15-8-74-79-16-39-86-57-85-93-94-33-61-78-73-69-84-45-19-91-44-4-30-80-66-49-50-59-28-58-55-53
Ta100x20,10,1,100,1,0.075,7,2231007264,17000,6618,6465,6298,1.530958034,v2_avx512bw_vec32_exact_perm,77-56-26-87-40-83-98-43-34-70-90-51-60-92-88-18-20-100-6-16-36-54-15-42-11-74-84-72-22-25-50-1-96-78-65-46-21-38-39-67-73-52-37-95-31-2-30-3-7-44-62-89-68-5-47-85-35-48-14-27-12-80-10-24-81-69-91-94-4-76-28-75-97-99-33-71-63-9-29-13-45-57-61-82-79-32-59-17-8-49-64-66-19-23-86-41-93-55-58-53
Ta100x20,10,1,100,1,0.075,8,2231008273,17000,6609,6465,6298,1.57698584,v2_avx512bw_vec32_exact_perm,81-77-56-54-1-20-36-23-65-43-11-60-38-35-40-90-12-87-98-83-100-46-34-10-92-62-14-22-74-48-24-72-6-3-15-52-27-37-67-78-88-70-68-51-18-59-26-21-96-75-13-61-73-45-76-25-71-39-57-28-89-4-47-33-69-91-95-42-2-30-44-82-31-50-7-86-41-94-16-85-9-84-99-5-29-58-19-97-63-17-79-93-32-8-49-64-66-80-55-53
Ta100x20,10,1,100,1,0.075,9,2231009282,17000,6635,6465,6298,1.469540855,v2_avx512bw_vec32_exact_perm,81-56-100-11-47-26-40-83-54-77-4-98-87-51-35-62-20-15-34-37-27-36-67-14-75-6-52-88-21-24-48-12-22-38-91-96-74-65-2-95-89-43-31-72-68-70-60-57-25-99-1-92-42-18-44-66-86-78-46-94-71-7-23-69-16-10-61-5-90-3-58-17-32-33-76-97-49-85-73-50-8-39-80-64-13-19-9-45-84-41-82-29-30-79-55-63-28-59-53-93
Ta100x20,10,1,100,1,0.075,10,2231010291,17000,6640,6465,6298,1.459275907,v2_avx512bw_vec32_exact_perm,81-56-100-11-83-77-43-54-51-17-46-38-62-21-60-40-87-25-74-98-96-99-35-20-70-10-33-28-92-67-12-31-16-72-44-26-75-48-41-6-23-3-52-47-27-2-4-65-90-37-91-88-86-14-78-50-22-61-76-57-97-45-7-18-64-95-32-69-42-34-82-24-36-89-49-5-68-94-13-71-9-59-66-79-84-73-39-15-8-1-85-19-29-63-93-58-30-80-55-53
Ta100x20,10,1,100,1,0.1,1,2231001210,17000,6573,6465,6298,1.432024891,v2_avx512bw_vec32_exact_perm,77-34-56-40-67-12-26-87-51-98-22-100-36-6-24-65-50-46-83-54-74-60-27-1-20-90-73-18-92-21-94-43-4-72-38-48-15-29-70-31-25-37-89-7-86-88-81-2-91-62-16-35-47-63-71-75-76-11-57-5-42-97-23-33-14-96-64-80-95-59-85-30-78-10-17-84-44-8-99-52-41-39-9-68-82-79-45-32-13-19-69-49-3-66-61-55-58-28-53-93
Ta100x20,10,1,100,1,0.1,2,2231002219,17000,6586,6465,6298,1.473539722,v2_avx512bw_vec32_exact_perm,77-56-65-52-11-34-27-46-92-83-64-40-51-18-6-96-43-35-70-26-60-48-100-31-84-81-24-21-1-37-10-62-20-47-88-25-89-13-5-87-74-22-2-90-17-78-12-67-4-86-7-54-32-42-36-30-95-39-33-68-15-9-23-16-3-71-99-97-75-98-14-82-85-44-72-57-76-19-49-45-79-94-8-41-73-50-69-91-61-38-80-29-63-58-59-66-28-55-53-93
Ta100x20,10,1,100,1,0.1,3,2231003228,17000,6703,6465,6298,1.509729592,v2_avx512bw_vec32_exact_perm,77-34-56-90-11-65-15-83-100-92-88-48-87-51-64-40-60-6-52-18-78-26-62-46-38-74-43-71-22-24-67-54-47-57-4-36-37-95-94-12-27-5-99-3-82-70-86-1-96-98-68-35-42-72-14-44-91-21-9-79-97-49-63-13-2-75-7-10-39-23-50-16-80-76-32-25-41-69-45-84-29-30-53-61-81-85-17-8-73-31-20-33-66-28-89-93-58-19-55-59
Ta100x20,10,1,100,1,0.1,4,2231004237,17000,6598,6465,6298,1.554990128,v2_avx512bw_vec32_exact_perm,77-34-56-11-40-100-81-12-26-60-47-38-43-67-95-91-96-64-52-51-62-6-18-83-92-87-37-20-25-7-90-27-16-31-70-74-71-1-21-10-24-84-46-97-41-23-22-54-35-50-5-65-17-61-78-42-15-33-48-86-44-36-99-75-49-14-57-76-80-45-39-88-98-68-89-69-72-4-82-79-73-29-19-13-59-85-9-2-32-30-3-63-28-94-55-66-8-58-53-93
Ta100x20,10,1,100,1,0.1,5,2231005246,17000,6597,6465,6298,1.529532826,v2_avx512bw_vec32_exact_perm,77-81-40-34-24-26-100-83-92-51-2-74-52-46-84-38-7-27-60-98-18-65-23-64-87-12-31-21-62-54-96-25-1-35-67-6-11-22-63-20-15-56-41-97-94-70-72-37-4-76-43-71-95-28-75-68-42-59-10-47-5-82-85-91-48-8-90-73-39-14-13-17-16-88-86-78-61-44-36-89-32-57-69-79-9-29-58-45-99-19-33-3-66-49-50-30-80-55-53-93
Ta100x20,10,1,100,1,0.1,6,2231006255,17000,6614,6465,6298,1.464366917,v2_avx512bw_vec32_exact_perm,81-34-11-56-92-40-67-43-36-51-83-6-96-54-22-100-69-15-12-31-77-25-52-87-26-47-90-14-95-70-89-99-65-60-38-74-37-24-21-80-1-2-20-84-57-72-91-41-4-71-46-48-35-13-73-10-50-49-18-68-78-5-76-3-27-42-88-97-16-98-9-33-94-62-28-61-17-63-45-75-23-82-7-30-39-86-79-29-32-19-66-59-44-93-8-64-55-85-58-53
Ta100x20,10,1,100,1,0.1,7,2231007264,17000,6622,6465,6298,1.544693527,v2_avx512bw_vec32_exact_perm,17-64-40-11-56-100-90-52-34-1-6-24-67-77-74-70-96-26-87-20-83-35-36-54-65-62-25-60-44-92-88-72-68-48-47-59-75-94-10-22-12-81-23-46-86-31-7-50-97-4-38-21-14-15-78-43-37-27-42-39-29-71-18-98-61-73-13-45-2-76-89-28-69-51-80-57-95-3-82-8-19-63-41-91-9-84-32-5-16-99-33-30-79-53-49-66-55-58-85-93
Ta100x20,10,1,100,1,0.1,8,2231008273,17000,6607,6465,6298,1.472156577,v2_avx512bw_vec32_exact_perm,77-34-40-26-87-83-43-6-52-100-92-60-84-24-90-1-62-54-25-37-15-46-72-27-35-11-67-17-22-51-64-38-95-74-70-39-56-96-4-36-99-20-81-65-48-75-80-12-68-78-16-41-23-97-31-98-73-91-18-76-14-89-45-47-82-86-94-7-5-10-2-57-3-42-21-33-13-88-71-50-59-49-19-32-85-30-44-8-63-69-61-29-9-79-66-58-93-55-28-53
Ta100x20,10,1,100,1,0.1,9,2231009282,17000,6718,6465,6298,1.5473144,v2_avx512bw_vec32_exact_perm,77-34-65-87-40-90-11-43-83-92-54-51-57-60-15-46-6-47-1-14-62-56-27-38-21-2-52-18-35-100-31-81-26-16-25-88-95-79-69-42-37-22-12-67-82-78-98-5-41-70-97-17-3-74-4-85-23-72-71-24-89-28-10-44-76-96-73-94-68-7-48-33-64-86-30-61-39-63-20-66-32-9-8-13-36-84-99-45-59-75-49-50-29-58-19-91-80-55-53-93
Ta100x20,10,1,100,1,0.1,10,2231010291,17000,6751,6465,6298,1.496760786,v2_avx512bw_vec32_exact_perm,77-34-56-100-81-83-90-64-62-36-20-46-40-12-74-23-24-84-35-26-60-4-15-27-96-14-70-22-67-98-37-82-51-47-52-87-25-21-88-66-7-42-92-2-65-71-38-94-97-45-78-31-57-44-73-76-39-50-33-85-6-86-95-1-10-68-63-91-89-11-93-32-48-75-99-72-54-69-13-49-5-8-3-18-41-28-17-30-61-79-16-43-29-9-80-55-53-58-19-59
Ta100x20,10,1,100,1,0.125,1,2231001210,17000,6600,6465,6298,1.501127828,v2_avx512bw_vec32_exact_perm,77-34-56-90-11-43-26-20-3-40-27-54-17-83-15-92-75-60-99-46-64-21-88-38-6-18-48-51-67-70-86-39-52-35-23-85-1-81-57-10-76-62-74-2-72-25-16-96-87-42-14-22-50-4-95-36-98-12-100-63-33-37-5-71-47-32-97-7-65-94-73-31-91-78-44-68-89-24-28-69-49-13-9-8-19-84-41-29-61-30-82-79-59-80-66-55-45-58-53-93
Ta100x20,10,1,100,1,0.125,2,2231002219,17000,6646,6465,6298,1.509918259,v2_avx512bw_vec32_exact_perm,77-34-40-56-90-43-83-26-11-100-1-38-6-52-18-20-88-87-27-21-12-51-86-92-62-96-67-74-24-98-45-72-54-64-36-35-81-46-78-37-5-25-60-2-47-84-48-22-23-70-42-65-97-68-14-39-10-4-7-76-63-57-94-75-69-16-82-61-95-15-99-33-31-91-71-44-89-13-19-73-49-8-85-9-79-32-41-30-80-3-29-28-53-93-17-50-59-55-66-58
Ta100x20,10,1,100,1,0.125,3,2231003228,17000,6732,6465,6298,1.396895091,v2_avx512bw_vec32_exact_perm,77-56-40-26-38-75-34-52-6-24-88-11-83-64-51-65-62-35-48-18-54-60-81-15-100-16-14-31-12-3-87-42-74-27-85-36-23-1-90-44-10-95-57-20-84-22-89-96-70-33-72-5-46-9-2-78-32-21-17-30-63-49-71-92-97-76-67-4-45-47-50-25-39-98-61-68-86-43-28-82-7-8-91-37-29-13-73-41-99-94-69-93-79-66-55-58-19-53-80-59
Ta100x20,10,1,100,1,0.125,4,2231004237,17000,6683,6465,6298,1.483841497,v2_avx512bw_vec32_exact_perm,77-34-15-100-51-3-90-40-27-56-36-6-92-65-46-54-31-83-20-17-1-96-43-38-60-12-70-48-62-74-67-87-75-18-99-82-72-78-14-63-13-26-49-79-76-57-22-32-85-5-2-98-37-4-16-23-97-39-71-52-88-35-84-10-21-24-73-9-94-69-50-7-45-25-59-33-68-28-42-95-29-30-47-86-11-89-66-61-81-44-8-41-58-19-64-91-80-55-53-93
Ta100x20,10,1,100,1,0.125,5,2231005246,17000,6695,6465,6298,1.47312959,v2_avx512bw_vec32_exact_perm,81-40-77-26-6-1-24-98-64-11-92-90-60-54-51-70-83-74-57-3-35-23-27-67-36-56-69-31-12-21-73-75-87-62-15-78-10-20-25-2-82-37-61-48-72-46-96-5-38-85-22-7-32-14-65-95-52-44-71-88-34-42-63-4-17-97-33-84-99-16-100-13-39-18-76-86-68-49-50-28-94-89-66-45-9-47-8-43-41-19-30-80-29-93-79-55-59-91-58-53
Ta100x20,10,1,100,1,0.125,6,2231006255,17000,6684,6465,6298,1.455269573,v2_avx512bw_vec32_exact_perm,81-56-51-100-83-11-87-52-77-40-54-4-7-34-27-67-62-92-72-14-21-65-88-70-42-10-1-23-35-74-37-6-15-22-90-26-16-64-95-19-17-46-33-63-12-98-48-25-5-97-75-24-99-31-3-60-43-80-68-18-86-50-96-76-78-39-73-45-20-36-57-89-69-13-47-71-91-9-2-29-44-84-38-85-41-58-30-82-94-32-49-8-61-66-28-93-79-53-55-59
Ta100x20,10,1,100,1,0.125,7,2231007264,17000,6583,6465,6298,1.391282429,v2_avx512bw_vec32_exact_perm,77-34-56-40-70-51-1-89-57-6-87-2-11-100-90-65-92-43-83-26-27-54-15-46-48-75-37-4-62-80-35-38-20-96-84-31-60-88-64-52-29-72-21-17-32-10-74-67-25-95-30-24-76-36-3-99-97-91-78-33-98-47-86-14-45-42-13-22-9-18-50-23-16-63-61-39-73-5-81-94-49-44-8-85-7-19-71-69-82-58-12-68-59-28-79-55-41-66-93-53
Ta100x20,10,1,100,1,0.125,8,2231008273,17000,6707,6465,6298,1.473774753,v2_avx512bw_vec32_exact_perm,81-38-77-51-34-56-60-92-33-40-26-21-83-74-24-70-52-27-87-98-47-89-88-96-2-43-42-64-12-6-11-25-99-65-22-15-78-17-37-67-86-75-90-73-62-94-46-35-20-68-30-76-28-100-54-39-18-4-8-97-63-95-1-57-72-14-10-48-13-32-23-45-82-85-31-16-36-79-71-44-9-69-49-91-53-50-61-3-7-5-84-41-80-29-93-55-58-19-66-59
Ta100x20,10,1,100,1,0.125,9,2231009282,17000,6688,6465,6298,1.388018275,v2_avx512bw_vec32_exact_perm,77-34-40-56-88-38-100-35-83-54-11-87-12-60-64-26-6-51-15-20-74-36-37-47-27-67-98-94-68-70-92-99-90-62-96-95-2-43-76-65-21-25-48-75-1-16-24-4-84-72-31-32-46-10-22-57-52-23-89-18-45-97-33-50-41-30-61-14-93-69-78-17-42-63-82-28-39-71-5-44-13-79-49-91-8-80-86-29-85-7-19-3-73-58-9-66-53-81-55-59
Ta100x20,10,1,100,1,0.125,10,2231010291,17000,6659,6465,6298,1.399371509,v2_avx512bw_vec32_exact_perm,81-77-54-51-56-90-6-52-26-40-100-34-87-83-74-64-37-46-72-24-14-98-47-43-65-62-22-67-25-33-95-23-92-88-16-12-96-36-35-15-4-42-99-11-3-27-48-1-60-2-21-70-75-28-89-84-5-31-91-63-44-9-20-32-57-10-76-97-78-82-71-69-13-45-17-38-7-86-73-68-39-8-49-18-85-80-29-50-41-30-61-79-93-94-53-58-19-55-59-66
Ta100x20,10,2,200,0.85,0.025,1,2231001210,17000,6665,6465,6298,2.686867875,v2_avx512bw_vec32_exact_perm,81-40-77-56-54-90-83-92-51-62-34-67-11-100-20-46-87-43-70-96-26-60-72-4-1-52-21-25-37-6-27-18-15-64-31-12-24-98-99-35-5-48-95-75-74-65-14-38-33-36-23-94-22-2-42-30-97-3-10-78-68-61-57-71-7-44-76-88-29-50-45-73-28-85-39-32-89-9-16-84-17-86-41-13-79-69-91-49-8-47-80-63-93-53-19-82-55-59-66-58
Ta100x20,10,2,200,0.85,0.025,2,2231002219,17000,6670,6465,6298,2.687502951,v2_avx512bw_vec32_exact_perm,56-100-81-40-77-54-46-83-51-92-34-60-24-37-35-11-26-18-64-90-78-1-94-65-87-38-70-86-6-96-14-47-3-22-74-88-2-98-52-20-63-5-69-48-12-43-36-42-95-27-21-25-91-7-31-68-97-10-76-16-62-67-9-33-72-44-85-32-4-89-99-39-75-13-17-73-30-82-79-71-15-23-61-57-8-93-84-41-45-19-50-49-29-80-53-58-55-28-59-66
Ta100x20,10,2,200,0.85,0.025,3,2231003228,17000,6599,6465,6298,2.680837638,v2_avx512bw_vec32_exact_perm,77-34-56-100-90-6-64-46-26-24-17-92-54-60-35-43-40-11-87-83-1-51-96-70-74-81-27-22-65-12-15-20-18-36-23-2-67-37-72-52-47-89-14-78-21-48-88-10-62-98-5-68-16-82-95-41-91-13-25-44-86-38-57-45-42-39-4-50-33-7-31-63-76-30-75-71-99-9-69-94-3-84-85-32-97-28-61-58-19-29-49-79-8-73-80-66-59-93-55-53
Ta100x20,10,2,200,0.85,0.025,4,2231004237,17000,6688,6465,6298,2.635568369,v2_avx512bw_vec32_exact_perm,77-34-100-70-51-90-43-11-26-56-87-54-23-36-65-81-40-83-18-12-88-27-35-92-98-52-74-48-72-24-15-14-67-20-95-75-96-62-64-80-5-37-46-60-69-84-6-31-1-2-49-78-38-42-4-33-21-28-22-44-89-97-85-30-79-16-68-76-10-63-17-39-57-25-13-41-82-50-71-9-99-45-32-61-94-7-91-86-73-8-47-3-29-58-66-19-53-93-55-59
Ta100x20,10,2,200,0.85,0.025,5,2231005246,17000,6643,6465,6298,2.730966329,v2_avx512bw_vec32_exact_perm,17-77-34-40-56-100-83-51-87-38-6-90-52-20-27-46-81-16-60-92-62-1-21-24-48-43-18-99-26-12-65-15-67-96-35-54-74-70-72-14-10-98-22-88-25-31-95-64-36-86-84-75-47-97-5-89-23-7-91-69-68-42-4-9-41-2-33-94-78-73-45-76-37-71-30-57-44-11-13-85-32-8-61-39-49-93-79-80-29-19-3-63-50-53-82-28-59-55-66-58
Ta100x20,10,2,200,0.85,0.025,6,2231006255,17000,6688,6465,6298,2.827291061,v2_avx512bw_vec32_exact_perm,77-56-26-40-83-54-34-60-1-24-87-21-90-92-81-15-20-51-52-11-64-27-18-43-6-38-12-74-70-100-31-65-78-7-67-37-41-14-68-22-98-95-25-62-47-16-46-48-35-36-2-5-72-10-75-84-97-91-88-76-30-42-99-71-45-4-23-13-86-89-57-32-44-28-61-3-33-39-96-73-85-80-94-49-8-19-50-69-9-79-82-29-66-17-63-58-93-53-55-59
Ta100x20,10,2,200,0.85,0.025,7,2231007264,17000,6602,6465,6298,2.880372824,v2_avx512bw_vec32_exact_perm,77-34-56-51-20-64-90-40-15-46-26-54-6-24-35-62-38-60-83-87-98-21-100-52-27-12-96-47-92-78-67-70-72-14-37-1-74-43-65-2-10-4-5-31-18-22-11-81-23-32-75-33-42-91-7-17-86-71-13-73-39-88-16-97-48-63-25-68-49-36-79-94-69-76-30-95-57-84-89-61-99-3-9-50-44-45-41-82-85-80-29-93-58-8-19-59-66-28-55-53
Ta100x20,10,2,200,0.85,0.025,8,2231008273,17000,6603,6465,6298,2.628905434,v2_avx512bw_vec32_exact_perm,77-34-56-40-100-11-20-26-98-87-35-24-51-1-83-52-54-62-18-10-43-70-90-6-84-46-47-74-67-12-22-60-17-27-31-65-25-21-2-92-7-14-86-37-88-64-95-72-96-3-36-57-23-75-78-89-38-97-50-33-39-48-15-68-61-73-29-4-42-13-45-71-63-5-81-9-76-44-94-16-32-8-30-41-19-82-85-99-69-91-49-79-80-53-58-55-28-59-66-93
Ta100x20,10,2,200,0.85,0.025,9,2231009282,17000,6732,6465,6298,2.639962763,v2_avx512bw_vec32_exact_perm,77-34-56-20-40-51-83-43-26-24-90-15-92-54-11-87-100-3-60-99-52-74-4-72-62-67-6-70-88-14-31-7-65-64-37-75-21-38-46-1-22-42-82-78-27-30-36-10-16-96-95-23-35-33-2-98-47-12-86-81-73-89-76-57-18-50-5-25-71-61-28-13-63-48-68-94-39-69-44-91-79-97-45-9-32-53-8-49-84-29-58-17-85-66-19-93-55-41-80-59
Ta100x20,10,2,200,0.85,0.025,10,2231010291,17000,6665,6465,6298,2.558121672,v2_avx512bw_vec32_exact_perm,77-56-15-51-20-90-40-83-92-87-34-18-54-60-12-52-65-1-100-81-43-27-37-67-88-46-6-98-99-33-25-48-78-74-22-62-95-70-57-82-26-96-84-75-64-61-11-35-80-31-63-71-44-5-10-23-24-13-2-14-9-16-38-36-97-21-79-68-72-28-42-91-89-39-86-73-47-4-69-94-50-7-3-32-8-30-76-41-45-49-17-85-29-58-19-66-93-55-59-53
Ta100x20,10,2,200,0.85,0.05,1,2231001210,17000,6594,6465,6298,2.742524847,v2_avx512bw_vec32_exact_perm,77-56-6-40-24-60-51-83-11-92-36-20-38-35-12-90-34-52-96-81-33-25-95-100-87-43-37-65-1-22-23-15-10-98-67-70-46-74-72-14-21-69-62-54-27-26-4-31-28-82-64-42-89-18-45-78-91-47-2-76-75-49-99-71-9-68-16-5-57-61-88-48-3-73-94-50-41-84-86-85-7-8-97-32-13-30-39-17-79-29-19-63-44-80-53-58-59-66-93-55
Ta100x20,10,2,200,0.85,0.05,2,2231002219,17000,6590,6465,6298,2.761574661,v2_avx512bw_vec32_exact_perm,77-34-56-40-100-83-51-6-64-46-90-54-27-11-52-18-87-60-92-20-26-43-36-37-2-72-24-98-74-84-15-38-65-25-42-96-48-68-35-10-21-22-95-1-78-14-47-70-67-12-97-81-28-75-39-30-50-61-57-31-62-4-71-23-44-7-49-94-63-3-88-89-16-80-9-85-76-86-69-45-19-82-32-33-29-13-5-17-41-99-91-79-8-73-58-59-66-53-93-55
Ta100x20,10,2,200,0.85,0.05,3,2231003228,17000,6588,6465,6298,2.659256611,v2_avx512bw_vec32_exact_perm,77-6-24-38-11-43-51-60-40-34-83-87-54-74-56-3-67-90-70-62-39-26-52-37-47-98-27-18-1-12-75-92-35-48-88-89-15-23-61-65-36-14-84-78-22-10-64-46-68-72-96-100-20-32-4-17-57-21-31-5-25-2-95-42-91-16-81-86-41-13-97-79-94-63-30-76-82-99-8-71-69-7-33-9-45-19-44-49-50-29-80-85-55-58-28-73-59-66-53-93
Ta100x20,10,2,200,0.85,0.05,4,2231004237,17000,6588,6465,6298,2.680995556,v2_avx512bw_vec32_exact_perm,77-34-40-100-38-20-54-62-43-51-24-90-6-12-27-65-74-83-87-70-60-81-18-35-1-92-36-2-96-52-23-75-99-26-46-16-21-95-67-88-37-14-48-47-57-4-22-86-85-49-33-56-94-98-15-31-64-42-11-78-68-5-10-32-97-25-13-84-72-79-71-82-7-30-50-39-9-8-61-28-89-44-76-41-91-19-29-58-69-17-63-3-80-45-73-59-66-93-55-53
Ta100x20,10,2,200,0.85,0.05,5,2231005246,17000,6688,6465,6298,2.630391181,v2_avx512bw_vec32_exact_perm,77-34-56-11-24-43-51-20-88-17-40-35-83-87-54-67-100-62-80-12-38-72-60-1-46-70-15-21-48-86-10-27-75-22-74-98-76-78-90-36-47-16-73-26-18-52-64-37-97-81-25-6-68-57-3-92-5-23-14-96-7-91-89-95-4-32-85-65-2-31-9-13-71-49-69-45-44-42-94-28-61-84-50-99-8-33-63-30-39-82-41-93-79-29-58-19-66-53-55-59
Ta100x20,10,2,200,0.85,0.05,6,2231006255,17000,6671,6465,6298,2.7054031,v2_avx512bw_vec32_exact_perm,6-64-90-11-77-40-60-56-29-87-51-83-43-48-47-18-54-52-62-31-15-100-34-92-14-98-26-75-78-46-1-81-97-96-12-70-69-74-84-71-27-63-20-23-22-65-36-72-25-76-24-37-17-99-10-21-89-3-95-88-91-28-61-45-73-67-68-5-35-94-2-4-42-7-9-16-86-44-38-39-41-19-85-82-32-57-13-30-8-33-49-79-50-59-80-66-93-53-55-58
Ta100x20,10,2,200,0.85,0.05,7,2231007264,17000,6627,6465,6298,2.803603575,v2_avx512bw_vec32_exact_perm,77-56-51-26-87-40-83-38-43-46-6-22-1-54-60-67-47-20-15-92-62-52-11-18-100-29-21-27-98-70-90-12-35-34-37-25-65-74-76-31-24-10-96-4-94-99-75-17-64-48-14-33-72-13-57-63-5-80-88-97-2-71-68-44-91-86-78-49-36-84-42-69-95-73-89-23-45-85-9-16-28-61-50-81-39-3-32-93-8-7-41-30-82-79-58-19-55-59-66-53
Ta100x20,10,2,200,0.85,0.05,8,2231008273,17000,6590,6465,6298,2.706627899,v2_avx512bw_vec32_exact_perm,77-6-40-38-60-51-24-81-35-11-56-15-92-100-20-83-34-1-70-90-27-31-12-67-22-87-14-54-72-26-21-37-64-46-98-96-52-75-18-99-48-2-84-43-10-65-23-74-62-42-63-4-36-88-25-71-28-78-97-91-33-73-95-86-47-89-69-68-82-39-7-61-3-80-76-79-16-13-45-32-57-94-5-8-9-19-85-49-50-17-29-44-41-30-58-59-66-53-93-55
Ta100x20,10,2,200,0.85,0.05,9,2231009282,17000,6598,6465,6298,2.775829008,v2_avx512bw_vec32_exact_perm,77-34-56-26-40-100-92-83-54-98-51-62-72-46-11-43-27-52-20-38-12-90-1-6-37-16-91-81-15-60-24-67-22-97-70-87-74-84-10-36-96-25-89-2-5-31-95-3-42-33-64-28-35-48-14-78-9-86-75-13-65-73-18-21-7-23-82-88-71-32-76-57-61-17-8-63-39-44-69-41-94-30-4-68-49-85-80-29-79-47-45-19-99-50-59-55-66-58-53-93
Ta100x20,10,2,200,0.85,0.05,10,2231010291,17000,6688,6465,6298,2.890348842,v2_avx512bw_vec32_exact_perm,77-34-11-40-100-90-6-24-43-51-83-15-12-20-26-74-60-64-87-56-16-21-80-81-96-70-68-72-98-47-46-54-92-48-52-1-10-14-95-67-37-65-35-91-27-61-62-99-22-86-88-94-18-25-8-31-9-36-57-2-32-97-75-85-7-42-4-76-84-23-28-71-41-78-33-73-50-89-69-29-39-45-17-30-63-13-44-5-79-49-3-38-58-66-19-82-53-93-55-59
Ta100x20,10,2,200,0.85,0.075,1,2231001210,17000,6651,6465,6298,2.592292165,v2_avx512bw_vec32_exact_perm,77-34-15-100-56-98-65-64-11-90-6-60-40-43-99-14-92-26-67-20-51-83-27-96-70-24-35-37-72-46-62-1-4-52-21-31-2-81-23-10-12-25-22-42-78-87-16-74-73-91-36-5-75-95-17-76-18-86-54-47-7-39-97-38-57-33-71-61-68-94-30-9-44-63-45-89-69-48-41-50-13-93-84-32-8-88-19-80-3-29-49-85-28-53-82-79-59-55-66-58
Ta100x20,10,2,200,0.85,0.075,2,2231002219,17000,6690,6465,6298,2.552964929,v2_avx512bw_vec32_exact_perm,77-40-56-100-26-24-21-51-83-98-87-12-1-34-92-38-60-74-46-52-48-70-6-27-35-18-10-47-36-43-2-54-14-7-31-62-22-90-20-16-95-65-88-33-91-39-86-72-84-42-76-69-81-25-67-97-75-96-37-64-9-11-32-4-78-23-13-68-57-59-71-8-73-61-44-15-41-30-94-99-45-82-89-5-50-49-17-63-79-85-93-29-28-3-58-66-19-53-80-55
Ta100x20,10,2,200,0.85,0.075,3,2231003228,17000,6634,6465,6298,2.53287481,v2_avx512bw_vec32_exact_perm,77-34-40-100-17-87-56-11-43-51-83-35-18-27-90-12-92-48-1-98-15-54-6-64-60-99-46-75-70-21-26-22-88-14-10-81-23-52-38-32-96-31-33-84-67-95-65-74-72-2-36-5-61-89-45-47-94-24-68-62-78-37-9-42-69-71-97-25-16-80-28-13-86-44-85-20-49-39-57-4-3-76-91-73-63-79-7-82-8-30-41-50-29-93-58-19-55-59-66-53
Ta100x20,10,2,200,0.85,0.075,4,2231004237,17000,6626,6465,6298,2.668854638,v2_avx512bw_vec32_exact_perm,77-34-56-100-51-81-40-83-90-52-11-6-24-20-25-72-43-62-54-96-42-38-35-74-26-15-5-67-12-1-98-37-27-22-70-87-14-48-46-10-21-60-47-92-68-4-36-45-57-78-23-65-88-7-89-13-39-99-33-18-94-61-16-86-64-69-31-9-2-50-85-32-91-97-44-71-17-75-79-49-95-73-76-84-3-63-82-8-41-30-80-29-93-28-58-19-55-59-66-53
Ta100x20,10,2,200,0.85,0.075,5,2231005246,17000,6667,6465,6298,2.639476659,v2_avx512bw_vec32_exact_perm,81-11-77-34-40-1-20-87-43-56-36-15-54-100-88-83-35-2-51-6-65-74-52-67-96-90-64-21-26-24-47-10-37-5-92-57-75-14-94-44-12-27-22-61-98-62-7-60-97-46-70-80-84-23-32-95-4-31-42-71-76-18-72-86-16-49-68-85-17-39-69-33-48-63-25-78-13-38-9-45-30-50-89-99-41-3-79-73-8-28-82-58-19-29-66-55-59-91-53-93
Ta100x20,10,2,200,0.85,0.075,6,2231006255,17000,6595,6465,6298,2.640418403,v2_avx512bw_vec32_exact_perm,77-34-56-26-100-46-17-48-40-92-51-11-83-43-62-54-60-67-12-1-47-6-20-87-90-15-4-27-52-14-86-70-72-88-74-81-22-68-2-65-78-94-21-73-36-99-5-84-75-96-98-25-23-64-57-97-37-76-95-35-33-59-32-10-39-42-71-13-18-28-69-61-31-91-3-38-24-45-7-89-9-16-19-82-41-50-80-29-66-30-79-55-63-44-49-8-85-58-93-53
Ta100x20,10,2,200,0.85,0.075,7,2231007264,17000,6628,6465,6298,2.594550233,v2_avx512bw_vec32_exact_perm,77-34-40-26-81-24-98-51-11-54-90-64-74-56-83-52-35-15-87-43-14-20-1-72-37-88-62-100-22-27-3-60-70-65-97-42-46-5-6-12-18-92-48-78-23-84-10-31-75-73-2-25-96-61-7-33-67-9-95-32-21-94-63-99-4-16-47-82-36-71-38-89-45-39-57-50-13-91-79-49-76-44-8-41-30-80-29-69-19-17-85-86-28-68-59-53-55-66-58-93
Ta100x20,10,2,200,0.85,0.075,8,2231008273,17000,6688,6465,6298,2.722570405,v2_avx512bw_vec32_exact_perm,77-34-15-40-100-11-87-56-48-65-6-51-43-25-47-26-88-67-92-12-81-24-74-83-70-54-20-22-60-52-69-90-13-46-10-37-21-2-27-71-42-78-62-38-18-76-36-72-35-1-86-23-75-99-96-33-4-3-14-98-85-30-32-95-82-39-7-64-41-45-57-9-50-84-31-5-44-89-63-68-17-94-97-16-28-61-8-73-19-93-91-79-49-29-58-80-53-55-66-59
Ta100x20,10,2,200,0.85,0.075,9,2231009282,17000,6605,6465,6298,2.648954682,v2_avx512bw_vec32_exact_perm,81-11-40-56-77-26-54-51-83-3-90-34-14-52-27-87-46-6-70-31-48-100-72-37-15-1-98-96-68-89-92-20-57-24-62-74-60-47-95-64-65-16-23-2-97-38-5-21-67-7-25-12-99-35-10-36-39-17-32-82-75-76-63-18-78-4-30-42-43-86-22-19-88-69-71-91-33-28-29-13-73-49-79-94-45-85-9-84-41-44-50-59-8-61-80-66-55-58-93-53
Ta100x20,10,2,200,0.85,0.075,10,2231010291,17000,6659,6465,6298,2.715573578,v2_avx512bw_vec32_exact_perm,81-40-11-77-56-60-34-17-51-24-43-38-20-87-46-15-54-90-35-83-74-12-100-37-65-22-27-95-67-92-75-14-99-57-96-86-21-70-10-78-42-4-6-2-47-26-16-62-98-88-48-52-31-97-25-39-3-68-18-1-94-63-5-72-64-61-73-76-36-91-41-33-7-23-84-13-71-45-89-85-28-9-44-32-19-69-8-29-58-66-30-49-79-82-50-59-80-55-53-93
Ta100x20,10,2,200,0.85,0.1,1,2231001210,17000,6646,6465,6298,2.656080117,v2_avx512bw_vec32_exact_perm,77-34-56-26-51-20-11-40-43-36-100-98-18-62-87-15-83-14-35-72-54-48-68-27-90-70-65-6-21-92-52-1-60-22-37-46-24-67-13-74-96-2-84-5-10-4-31-47-17-99-75-97-94-64-88-89-63-12-57-85-41-76-82-23-38-69-95-59-78-42-44-7-71-39-25-91-61-80-86-81-16-9-50-29-45-32-28-30-79-3-33-73-8-49-66-19-93-53-55-58
Ta100x20,10,2,200,0.85,0.1,2,2231002219,17000,6684,6465,6298,2.498824634,v2_avx512bw_vec32_exact_perm,6-64-43-56-51-77-100-11-15-84-90-40-67-65-54-83-18-81-60-87-20-52-27-47-92-96-4-37-35-70-10-26-25-88-98-22-36-34-21-74-2-73-7-75-76-72-46-31-48-38-12-94-24-1-95-57-89-97-79-13-16-14-86-32-91-78-71-61-9-63-99-62-42-23-30-8-45-3-33-69-49-80-5-53-68-44-82-39-28-41-19-50-29-93-17-85-55-59-66-58
Ta100x20,10,2,200,0.85,0.1,3,2231003228,17000,6666,6465,6298,2.590359579,v2_avx512bw_vec32_exact_perm,81-40-100-11-26-38-20-77-60-51-47-12-83-74-92-90-27-6-46-70-37-64-43-31-56-34-67-18-35-54-98-36-14-87-78-96-44-48-21-65-22-75-1-24-7-2-52-62-72-97-25-68-88-99-95-71-30-84-42-91-82-41-45-16-4-13-23-89-15-57-76-86-10-9-63-85-69-17-32-61-3-33-39-73-79-94-49-50-5-66-80-29-58-93-8-19-55-59-28-53
Ta100x20,10,2,200,0.85,0.1,4,2231004237,17000,6589,6465,6298,2.719278638,v2_avx512bw_vec32_exact_perm,77-34-56-100-26-87-11-81-24-43-60-20-15-40-54-6-70-83-51-21-90-1-67-52-74-36-27-37-22-18-65-92-62-78-95-25-47-96-64-72-14-10-75-98-76-7-82-12-23-46-30-3-89-2-88-35-48-85-84-57-9-33-32-94-45-73-4-31-42-13-49-39-79-86-50-97-68-16-99-71-91-61-5-17-63-41-38-29-93-58-8-19-44-69-80-59-66-28-55-53
Ta100x20,10,2,200,0.85,0.1,5,2231005246,17000,6618,6465,6298,2.536781419,v2_avx512bw_vec32_exact_perm,77-34-56-26-87-100-51-11-92-60-83-64-6-15-54-35-24-90-52-47-1-81-67-12-96-62-40-70-98-27-74-65-94-91-76-18-43-37-10-97-86-31-23-16-36-72-22-33-14-38-75-99-63-82-95-89-46-25-21-5-42-88-17-50-4-44-73-79-71-39-48-7-78-68-69-9-3-8-32-45-57-30-61-19-13-2-49-84-41-80-29-93-20-28-59-66-55-85-58-53
Ta100x20,10,2,200,0.85,0.1,6,2231006255,17000,6684,6465,6298,2.806618975,v2_avx512bw_vec32_exact_perm,77-34-40-20-64-92-43-75-15-26-56-51-24-17-60-83-54-62-81-87-74-14-96-21-30-37-27-22-2-7-100-72-11-1-4-12-67-48-70-90-6-65-47-35-25-46-63-78-98-10-76-18-52-84-36-89-32-13-97-23-86-16-31-57-95-5-59-3-85-88-33-9-82-79-42-94-28-71-69-45-68-99-49-50-8-41-44-73-91-61-38-39-29-58-66-19-93-55-80-53
Ta100x20,10,2,200,0.85,0.1,7,2231007264,17000,6688,6465,6298,2.749345127,v2_avx512bw_vec32_exact_perm,81-40-20-43-24-51-11-34-77-60-83-100-6-70-37-87-22-12-52-27-35-88-48-92-15-26-14-90-65-54-42-23-18-16-97-19-72-3-10-33-94-64-96-46-62-36-95-25-2-98-21-47-56-7-67-68-79-91-31-74-32-71-73-5-28-75-9-1-86-78-93-76-84-50-57-29-39-4-45-44-89-17-85-30-99-63-13-49-8-38-41-82-58-69-61-55-53-80-59-66
Ta100x20,10,2,200,0.85,0.1,8,2231008273,17000,6688,6465,6298,2.55042178,v2_avx512bw_vec32_exact_perm,77-56-40-51-81-100-47-11-83-64-75-92-74-60-87-54-36-34-26-48-23-70-43-90-62-46-14-52-67-5-18-78-27-6-38-35-21-42-84-86-24-22-1-15-13-97-37-2-7-95-72-12-3-10-89-68-71-76-31-4-96-57-16-79-50-33-65-63-39-69-61-9-99-91-88-25-98-20-94-73-45-28-30-29-17-32-85-8-44-41-93-58-19-49-53-82-80-55-66-59
Ta100x20,10,2,200,0.85,0.1,9,2231009282,17000,6691,6465,6298,2.619532319,v2_avx512bw_vec32_exact_perm,77-11-40-90-56-26-24-87-100-92-83-52-6-34-54-43-62-51-37-18-25-60-35-88-3-12-27-2-75-46-72-22-81-98-23-21-64-1-36-10-61-96-80-70-47-67-16-31-89-7-14-20-15-74-65-99-86-78-95-30-13-91-68-38-42-8-73-4-32-39-79-57-33-48-76-50-69-97-45-71-5-17-9-84-44-41-28-82-63-94-29-85-49-58-66-19-53-93-55-59
Ta100x20,10,2,200,0.85,0.1,10,2231010291,17000,6635,6465,6298,2.574388417,v2_avx512bw_vec32_exact_perm,77-34-56-100-12-26-83-20-60-47-92-87-54-7-52-88-51-40-90-14-38-70-46-6-16-72-15-1-67-95-35-74-65-23-44-10-84-37-94-41-48-43-36-64-91-69-42-33-27-96-11-98-21-78-62-24-8-9-86-61-31-22-2-30-97-85-68-76-28-18-25-89-75-49-4-17-79-63-73-5-71-50-57-39-81-3-32-29-13-82-99-45-58-19-53-80-55-59-66-93
Ta100x20,10,2,200,0.85,0.125,1,2231001210,17000,6688,6465,6298,2.729205922,v2_avx512bw_vec32_exact_perm,77-34-56-20-6-40-24-52-98-87-1-51-11-35-65-90-92-15-12-54-36-83-67-31-18-62-16-91-26-27-43-22-46-21-64-96-37-76-100-38-60-78-74-2-10-23-7-33-86-81-32-72-70-97-3-25-28-4-85-95-99-84-5-61-48-39-88-82-14-75-50-71-47-89-68-73-45-9-30-44-8-41-57-42-13-49-79-69-94-17-63-29-58-66-19-93-80-53-55-59
Ta100x20,10,2,200,0.85,0.125,2,2231002219,17000,6675,6465,6298,2.735161157,v2_avx512bw_vec32_exact_perm,81-40-51-11-20-34-24-77-26-60-54-3-98-31-56-92-47-1-95-37-74-64-67-65-52-18-44-27-83-35-48-88-100-87-14-72-46-90-89-70-62-6-69-10-17-23-43-25-99-45-75-36-42-5-21-63-16-12-96-82-22-2-78-68-57-61-4-7-9-39-30-33-97-15-79-50-84-71-85-49-86-91-58-73-76-41-32-94-13-28-8-19-29-93-38-66-59-80-55-53
Ta100x20,10,2,200,0.85,0.125,3,2231003228,17000,6669,6465,6298,2.603591283,v2_avx512bw_vec32_exact_perm,77-56-43-26-6-40-98-11-83-1-47-52-60-90-15-20-34-4-12-22-37-72-54-87-68-51-14-67-70-46-57-27-81-92-97-24-36-62-94-10-21-64-75-23-88-100-3-32-39-18-76-35-31-96-78-86-95-42-65-13-16-33-2-7-61-25-63-73-48-93-5-41-84-99-8-71-74-30-38-89-9-69-17-85-91-28-79-45-50-49-80-29-44-53-19-82-55-59-66-58
Ta100x20,10,2,200,0.85,0.125,4,2231004237,17000,6698,6465,6298,2.60650315,v2_avx512bw_vec32_exact_perm,77-56-40-20-87-51-54-36-83-27-34-81-16-21-24-12-60-47-35-96-92-37-65-100-1-23-67-62-74-90-26-98-25-15-57-69-11-86-17-70-78-64-46-72-6-52-95-88-44-2-14-89-18-10-43-42-99-94-75-22-48-5-3-13-68-76-4-41-97-91-9-38-73-32-82-71-39-63-31-33-45-49-61-7-30-79-84-55-80-85-29-50-93-8-58-28-59-66-19-53
Ta100x20,10,2,200,0.85,0.125,5,2231005246,17000,6688,6465,6298,2.883964117,v2_avx512bw_vec32_exact_perm,77-34-40-56-90-26-100-38-46-87-51-98-6-92-67-35-83-15-80-54-95-17-18-62-64-31-43-37-24-22-60-1-16-52-10-78-21-47-23-65-81-97-70-74-25-88-48-68-72-12-86-96-75-82-76-7-27-49-33-44-89-36-94-42-45-73-28-11-85-71-4-9-2-57-20-32-41-69-14-39-5-13-3-99-50-8-30-91-84-79-63-61-29-58-93-19-66-55-53-59
Ta100x20,10,2,200,0.85,0.125,6,2231006255,17000,6656,6465,6298,2.513114608,v2_avx512bw_vec32_exact_perm,77-34-40-56-90-46-11-6-54-100-87-78-60-38-20-51-12-72-82-52-47-26-1-22-43-62-14-83-81-70-37-24-92-35-4-27-96-31-65-21-7-48-68-5-25-84-67-23-71-74-95-45-73-42-88-36-99-33-64-18-89-13-16-10-57-61-39-3-80-2-15-97-98-30-28-76-50-32-17-86-41-94-59-75-9-63-19-69-44-91-49-79-29-85-66-93-8-55-58-53
Ta100x20,10,2,200,0.85,0.125,7,2231007264,17000,6635,6465,6298,2.544249148,v2_avx512bw_vec32_exact_perm,77-34-40-26-87-100-98-51-12-47-56-36-67-62-27-20-74-70-75-6-46-43-1-83-79-21-96-37-22-11-60-84-90-86-24-15-14-52-35-72-54-99-18-92-65-23-31-89-68-4-64-25-78-48-63-57-5-95-33-82-88-91-10-97-17-7-2-42-76-32-39-16-38-73-71-13-49-3-45-85-81-9-8-28-94-44-59-41-50-69-19-61-29-58-30-80-66-93-55-53
Ta100x20,10,2,200,0.85,0.125,8,2231008273,17000,6724,6465,6298,2.655917798,v2_avx512bw_vec32_exact_perm,81-40-11-51-24-77-38-52-100-34-56-60-26-6-62-35-90-54-87-20-83-46-43-14-72-92-10-64-37-96-22-98-36-12-74-88-25-29-18-21-31-61-23-70-27-4-15-80-16-67-86-76-78-75-7-97-47-3-57-5-42-2-1-94-39-82-41-65-95-73-84-85-48-91-44-99-69-8-9-89-63-13-32-30-17-79-59-55-33-28-71-49-68-45-93-50-58-53-66-19
Ta100x20,10,2,200,0.85,0.125,9,2231009282,17000,6684,6465,6298,2.505747913,v2_avx512bw_vec32_exact_perm,81-77-1-47-34-43-54-60-40-26-90-6-11-56-37-83-92-98-87-22-100-74-15-52-65-25-18-64-20-75-21-88-35-96-17-78-49-51-2-12-38-4-72-68-46-27-45-13-73-48-70-61-14-7-31-67-32-10-89-30-95-63-91-82-23-85-84-33-28-24-58-5-71-42-86-76-99-62-39-16-8-57-97-44-94-69-50-80-36-9-29-19-41-79-3-66-53-93-55-59
Ta100x20,10,2,200,0.85,0.125,10,2231010291,17000,6705,6465,6298,2.52776626,v2_avx512bw_vec32_exact_perm,81-64-34-43-11-100-51-40-88-77-12-83-90-27-22-54-20-26-37-52-60-56-47-96-6-74-92-18-67-62-25-21-87-98-2-36-65-32-24-10-72-1-70-35-48-42-17-15-23-7-75-78-3-61-97-99-5-89-14-63-28-46-68-91-86-41-95-38-76-44-39-94-16-69-71-19-85-49-4-45-57-9-13-55-50-84-30-31-66-82-79-29-33-58-73-8-93-80-59-53
Ta100x20,10,2,200,0.8875,0.025,1,2231001210,17000,6627,6465,6298,2.731444602,v2_avx512bw_vec32_exact_perm,77-56-11-51-100-34-87-92-40-46-26-17-75-43-83-81-1-54-60-24-12-96-15-6-35-48-62-65-22-14-90-20-72-47-27-67-52-68-70-10-7-39-5-21-23-4-42-37-2-18-64-74-78-31-30-3-76-25-33-63-88-57-98-94-86-36-85-95-73-16-69-89-99-50-71-84-97-9-32-45-19-13-8-49-38-41-91-82-80-61-28-29-93-79-55-59-44-66-58-53
Ta100x20,10,2,200,0.8875,0.025,2,2231002219,17000,6658,6465,6298,2.520997406,v2_avx512bw_vec32_exact_perm,77-34-56-43-26-51-81-40-83-52-27-47-62-15-87-67-54-11-6-98-12-92-100-59-88-70-14-90-74-72-65-10-21-25-57-23-46-37-48-35-96-24-31-64-60-94-22-68-17-97-84-7-16-20-2-30-36-32-5-75-49-82-18-78-28-4-61-1-99-89-42-95-86-71-63-9-45-33-13-73-79-69-76-8-50-41-39-91-19-93-38-29-44-66-3-53-80-55-85-58
Ta100x20,10,2,200,0.8875,0.025,3,2231003228,17000,6624,6465,6298,2.845752584,v2_avx512bw_vec32_exact_perm,81-40-87-70-100-51-52-77-34-18-92-75-83-43-90-15-6-20-1-21-56-12-60-54-22-35-2-46-37-96-14-26-38-98-72-24-4-86-27-74-48-16-57-44-91-62-47-67-36-25-95-78-65-31-11-64-23-89-7-68-3-5-32-17-97-42-39-10-49-76-88-61-33-8-85-9-94-99-45-50-84-41-69-71-13-58-59-30-79-29-28-63-19-73-82-66-80-55-53-93
Ta100x20,10,2,200,0.8875,0.025,4,2231004237,17000,6684,6465,6298,2.523930535,v2_avx512bw_vec32_exact_perm,81-77-34-56-1-90-24-92-40-20-83-43-54-37-35-67-26-36-11-47-64-6-48-88-52-51-65-62-75-18-96-2-14-22-21-74-12-70-87-27-72-100-98-99-84-60-46-97-8-25-78-5-68-15-23-38-16-95-4-31-42-86-10-57-39-85-32-17-41-94-9-3-69-73-61-44-76-79-91-7-45-89-30-50-33-13-49-63-71-58-19-93-29-28-82-53-80-55-66-59
Ta100x20,10,2,200,0.8875,0.025,5,2231005246,17000,6684,6465,6298,2.712008408,v2_avx512bw_vec32_exact_perm,81-34-40-43-11-90-26-56-88-48-6-92-54-46-78-64-51-65-17-96-84-38-60-35-100-23-27-37-98-21-44-77-25-52-83-47-69-45-8-18-36-74-22-1-95-24-73-72-76-10-94-15-67-20-28-68-97-89-70-4-62-75-31-3-13-87-5-7-42-2-33-12-32-61-86-41-39-85-57-9-16-50-14-30-99-71-82-79-63-91-49-29-58-19-93-80-55-53-66-59
Ta100x20,10,2,200,0.8875,0.025,6,2231006255,17000,6653,6465,6298,2.52352325,v2_avx512bw_vec32_exact_perm,77-34-56-40-20-43-15-11-100-83-51-6-38-92-54-90-67-87-35-37-12-88-60-22-48-10-52-26-65-98-2-84-46-74-21-96-18-42-70-1-27-78-14-72-64-4-47-25-68-73-31-62-36-95-61-23-8-7-24-39-75-3-57-94-49-5-41-80-32-76-17-45-44-30-89-81-69-13-86-71-9-85-99-91-16-33-97-50-82-28-79-63-29-58-19-93-55-53-59-66
Ta100x20,10,2,200,0.8875,0.025,7,2231007264,17000,6611,6465,6298,2.599826022,v2_avx512bw_vec32_exact_perm,77-56-26-54-11-100-51-87-52-65-6-34-27-83-64-60-24-20-74-15-1-81-40-62-96-35-19-22-70-67-47-90-12-3-31-92-72-88-2-25-46-48-78-37-21-98-84-68-75-36-5-97-86-38-10-43-95-7-80-57-14-30-33-94-32-76-61-18-28-89-4-16-23-41-82-85-42-39-9-79-91-73-44-71-99-8-69-29-63-13-49-50-45-17-58-53-55-59-66-93
Ta100x20,10,2,200,0.8875,0.025,8,2231008273,17000,6639,6465,6298,2.701673069,v2_avx512bw_vec32_exact_perm,77-34-40-43-26-65-83-54-1-60-6-62-81-20-35-38-27-47-64-11-51-92-96-56-87-98-12-31-22-46-52-21-14-75-23-18-48-88-86-25-15-42-70-74-72-33-10-89-91-37-36-90-2-61-5-84-4-95-67-73-78-79-97-76-32-16-24-49-41-69-100-9-71-13-17-57-94-44-63-39-50-45-82-85-30-7-8-19-66-80-29-99-68-3-58-55-28-59-53-93
Ta100x20,10,2,200,0.8875,0.025,9,2231009282,17000,6646,6465,6298,2.688940095,v2_avx512bw_vec32_exact_perm,77-34-56-100-11-92-46-40-54-26-83-51-81-3-27-35-60-24-12-67-87-2-1-90-6-70-43-10-22-98-20-36-74-72-52-31-47-16-15-88-37-89-25-38-5-75-96-17-21-4-65-99-18-95-48-64-42-68-14-49-62-85-57-94-23-39-76-71-63-41-69-86-84-7-97-91-32-79-73-13-30-8-78-9-19-45-61-29-80-44-50-59-33-93-66-28-82-53-55-58
Ta100x20,10,2,200,0.8875,0.025,10,2231010291,17000,6703,6465,6298,2.59775241,v2_avx512bw_vec32_exact_perm,77-81-40-56-20-51-83-34-12-87-90-6-54-27-60-70-100-37-22-38-52-46-10-43-48-72-74-47-96-92-18-35-1-2-7-26-25-65-21-78-3-99-75-44-39-15-67-73-33-36-11-89-4-98-95-23-24-69-50-30-31-14-57-62-71-32-16-76-91-88-94-5-42-86-9-66-84-13-8-41-97-49-79-29-45-19-61-64-68-82-28-63-58-59-17-85-93-55-53-80
Ta100x20,10,2,200,0.8875,0.05,1,2231001210,17000,6688,6465,6298,2.682195953,v2_avx512bw_vec32_exact_perm,77-34-81-40-11-51-20-15-87-14-56-36-54-100-6-47-92-90-52-37-43-12-96-75-84-26-27-60-42-1-5-83-22-88-21-68-4-10-38-62-74-98-24-67-23-48-46-35-16-65-31-99-64-91-73-18-95-39-33-89-63-17-7-70-9-86-2-71-69-61-97-45-13-50-44-25-76-72-32-94-30-78-57-8-49-79-3-82-41-28-85-58-19-93-80-29-55-53-66-59
Ta100x20,10,2,200,0.8875,0.05,2,2231002219,17000,6688,6465,6298,2.643086573,v2_avx512bw_vec32_exact_perm,77-34-56-90-40-11-83-100-6-38-87-92-54-96-51-27-94-36-35-1-70-48-52-26-84-88-47-25-12-98-37-44-10-81-23-41-43-60-20-67-72-65-22-21-15-46-14-64-4-5-74-31-57-2-78-17-42-16-97-95-24-68-89-86-76-18-28-85-49-75-39-62-33-9-73-79-30-63-61-32-82-71-13-45-8-99-50-7-3-69-91-58-19-29-93-53-80-55-66-59
Ta100x20,10,2,200,0.8875,0.05,3,2231003228,17000,6633,6465,6298,2.599262056,v2_avx512bw_vec32_exact_perm,77-34-56-100-51-83-87-20-92-40-54-90-67-12-72-52-11-1-43-57-2-60-6-24-18-27-64-74-80-70-62-22-26-48-46-21-68-96-15-86-78-35-47-37-25-65-31-98-7-42-3-14-10-95-97-63-84-36-88-82-23-75-33-16-39-38-30-13-4-99-79-76-71-32-5-89-94-41-85-9-50-69-17-49-44-28-91-8-81-61-45-58-19-29-66-73-59-93-55-53
Ta100x20,10,2,200,0.8875,0.05,4,2231004237,17000,6563,6465,6298,2.599297368,v2_avx512bw_vec32_exact_perm,77-34-56-51-64-46-11-90-40-100-17-83-62-43-25-6-15-35-60-24-20-54-96-38-21-12-22-47-26-67-18-52-72-14-27-48-74-70-4-57-87-10-37-94-92-76-50-36-2-41-65-7-97-75-5-23-81-39-32-3-42-33-88-78-86-16-49-31-85-95-84-89-28-61-91-98-68-9-99-45-30-44-29-58-1-71-63-13-19-69-80-82-79-73-59-55-66-93-8-53
Ta100x20,10,2,200,0.8875,0.05,5,2231005246,17000,6570,6465,6298,2.609764558,v2_avx512bw_vec32_exact_perm,77-34-40-100-26-83-6-1-87-24-60-81-54-62-56-11-35-15-51-48-92-98-46-90-21-27-65-20-18-52-70-96-2-72-74-37-14-47-89-91-36-38-76-10-4-43-95-32-67-86-12-13-22-23-5-75-57-16-99-78-33-3-69-41-42-82-88-25-97-94-85-68-7-61-71-44-30-17-64-39-63-9-45-50-31-49-84-79-29-80-8-73-58-19-55-59-66-28-53-93
Ta100x20,10,2,200,0.8875,0.05,6,2231006255,17000,6644,6465,6298,3.250166556,v2_avx512bw_vec32_exact_perm,77-81-40-56-52-47-26-83-92-100-60-62-6-54-87-24-21-70-90-34-11-51-15-43-46-25-20-96-1-72-27-48-37-95-42-35-64-7-14-16-23-31-74-30-18-98-22-12-61-67-88-3-32-78-10-17-76-65-75-73-4-94-44-50-5-39-2-36-38-97-68-71-45-84-89-57-49-69-63-33-28-13-86-91-9-99-85-8-82-41-29-58-19-79-53-80-55-59-66-93
Ta100x20,10,2,200,0.8875,0.05,7,2231007264,17000,6703,6465,6298,3.07933894,v2_avx512bw_vec32_exact_perm,77-34-56-90-11-3-40-26-87-92-72-51-37-24-54-100-98-62-95-43-60-1-20-46-97-70-68-83-10-6-65-88-74-67-7-27-35-23-48-12-25-18-38-14-78-21-42-64-33-15-75-99-44-52-36-96-2-16-17-61-22-82-63-49-31-5-89-47-45-41-76-71-85-57-4-39-9-50-86-13-28-81-91-32-84-93-8-30-29-69-79-80-66-73-94-53-58-19-55-59
Ta100x20,10,2,200,0.8875,0.05,8,2231008273,17000,6669,6465,6298,3.099841636,v2_avx512bw_vec32_exact_perm,77-34-40-26-100-11-56-17-54-47-92-51-87-20-52-67-90-14-6-24-64-60-96-70-74-46-23-1-83-72-43-48-18-44-27-81-75-62-2-84-31-15-65-37-95-25-98-42-33-36-10-35-21-71-5-78-12-38-68-22-86-57-45-39-88-76-73-89-69-9-50-97-32-13-3-94-63-99-16-49-30-4-7-8-41-91-93-61-29-85-28-19-80-82-53-79-55-59-66-58
Ta100x20,10,2,200,0.8875,0.05,9,2231009282,17000,6630,6465,6298,3.030992059,v2_avx512bw_vec32_exact_perm,77-34-56-90-40-26-83-81-54-51-6-60-87-47-12-92-24-65-11-35-67-52-38-43-96-20-37-1-78-22-27-74-64-46-88-62-95-70-10-100-15-84-16-23-4-31-68-21-14-25-98-91-97-2-72-57-33-94-73-36-76-5-9-99-75-42-39-86-61-13-48-45-18-89-49-63-17-50-7-8-3-93-32-28-79-71-69-29-58-30-19-44-41-82-85-80-59-66-55-53
Ta100x20,10,2,200,0.8875,0.05,10,2231010291,17000,6585,6465,6298,3.125085796,v2_avx512bw_vec32_exact_perm,77-56-40-26-100-83-3-92-60-54-11-1-87-6-70-90-49-51-20-96-46-48-12-62-34-27-84-24-43-81-75-35-31-22-5-18-98-37-21-15-67-65-68-99-25-74-72-10-2-86-52-91-88-13-23-64-38-94-97-57-14-7-16-78-61-45-32-4-36-42-44-95-76-89-33-63-69-82-39-17-41-85-73-71-47-19-29-9-58-30-80-79-50-55-59-66-28-93-8-53
Ta100x20,10,2,200,0.8875,0.075,1,2231001210,17000,6732,6465,6298,2.886260929,v2_avx512bw_vec32_exact_perm,77-56-34-11-90-40-26-98-43-20-65-15-54-92-51-83-60-100-81-12-37-68-87-1-21-64-46-35-52-6-27-67-72-84-47-96-70-48-38-14-74-22-25-75-7-31-17-88-62-57-86-82-89-36-5-85-23-78-99-10-95-16-97-32-18-30-4-8-2-42-91-49-28-71-41-76-33-19-13-63-9-94-61-24-45-79-44-69-3-58-29-73-66-93-55-39-50-53-80-59
Ta100x20,10,2,200,0.8875,0.075,2,2231002219,17000,6603,6465,6298,2.686338817,v2_avx512bw_vec32_exact_perm,77-34-56-6-100-70-43-83-1-35-90-12-40-54-26-11-67-87-60-37-46-98-48-47-51-94-74-62-27-15-24-52-64-99-20-21-31-10-92-18-84-14-22-65-2-88-95-96-8-57-61-13-72-25-78-68-71-91-4-76-33-7-86-16-36-38-97-69-23-75-81-5-9-89-63-17-50-45-32-42-44-39-49-41-85-28-82-3-80-29-30-73-79-58-19-55-59-66-53-93
Ta100x20,10,2,200,0.8875,0.075,3,2231003228,17000,6688,6465,6298,2.979943609,v2_avx512bw_vec32_exact_perm,77-34-56-51-11-90-87-26-100-54-15-81-40-43-6-75-64-96-72-70-92-52-83-21-46-47-37-14-65-1-74-48-60-23-10-38-35-31-27-36-12-20-2-57-32-5-25-78-67-24-33-7-84-88-99-95-86-16-89-4-41-22-97-17-68-18-13-73-39-76-42-3-30-98-80-71-61-45-62-69-85-49-28-8-94-93-9-58-19-91-79-50-29-63-44-66-82-53-55-59
Ta100x20,10,2,200,0.8875,0.075,4,2231004237,17000,6646,6465,6298,2.76184695,v2_avx512bw_vec32_exact_perm,77-34-56-100-26-62-92-40-38-65-60-51-54-6-24-35-15-95-12-27-18-67-72-88-1-87-48-98-70-74-90-64-46-96-68-94-20-37-11-83-7-13-10-43-61-52-86-22-75-5-3-81-36-23-21-39-32-59-31-44-25-42-33-82-79-9-91-28-4-63-97-14-50-2-78-45-89-57-76-41-16-30-47-49-99-17-85-71-73-84-69-8-80-29-58-66-19-55-53-93
Ta100x20,10,2,200,0.8875,0.075,5,2231005246,17000,6622,6465,6298,2.870144927,v2_avx512bw_vec32_exact_perm,77-34-40-100-83-51-11-81-1-46-87-54-26-6-62-24-60-52-92-48-27-65-35-38-90-21-18-23-5-72-43-15-12-88-31-33-14-37-67-70-10-74-22-47-36-56-89-39-20-96-42-17-68-4-49-28-75-25-64-97-76-44-57-45-95-82-78-32-98-30-2-94-85-16-9-41-99-13-84-86-19-71-3-61-7-73-91-29-69-79-50-80-8-63-59-66-55-93-58-53
Ta100x20,10,2,200,0.8875,0.075,6,2231006255,17000,6673,6465,6298,2.907762496,v2_avx512bw_vec32_exact_perm,77-56-36-51-26-92-83-98-22-40-43-11-100-60-38-6-90-70-21-54-14-62-34-46-1-81-33-20-24-78-67-35-27-12-72-15-86-37-65-23-10-31-76-64-39-44-2-87-96-74-52-3-42-88-68-95-4-89-48-47-75-28-32-69-18-82-94-5-79-25-71-61-57-7-97-19-85-16-63-50-45-9-99-13-8-84-41-91-49-29-30-80-17-53-55-66-58-73-59-93
Ta100x20,10,2,200,0.8875,0.075,7,2231007264,17000,6688,6465,6298,2.920918737,v2_avx512bw_vec32_exact_perm,77-56-34-46-43-26-40-83-54-67-6-51-92-24-64-12-96-1-72-90-87-18-52-36-60-42-74-100-80-15-44-20-21-84-27-37-10-35-98-2-48-70-23-11-88-31-16-3-99-50-75-57-49-25-14-78-4-73-76-8-7-62-85-91-81-94-13-65-95-86-32-9-5-97-68-33-71-28-61-69-89-47-38-45-63-22-39-41-17-30-82-79-29-58-93-19-66-55-53-59
Ta100x20,10,2,200,0.8875,0.075,8,2231008273,17000,6684,6465,6298,2.808850475,v2_avx512bw_vec32_exact_perm,81-77-40-100-11-51-26-56-6-64-96-20-34-90-12-46-92-84-72-24-54-98-1-60-43-47-10-83-52-62-2-35-74-37-27-31-4-70-25-21-67-23-88-97-65-32-17-39-87-22-36-5-18-75-48-33-76-57-94-16-99-14-78-86-73-91-95-7-71-89-15-61-38-68-13-19-8-41-69-93-42-9-45-29-79-3-85-30-44-63-50-82-55-66-49-80-58-53-28-59
Ta100x20,10,2,200,0.8875,0.075,9,2231009282,17000,6663,6465,6298,2.941298507,v2_avx512bw_vec32_exact_perm,81-40-11-100-1-77-26-98-54-24-51-34-90-96-65-67-87-83-92-20-6-74-47-25-2-62-37-10-70-60-21-99-27-14-52-85-72-56-36-18-86-95-22-35-88-15-12-71-59-48-42-43-76-84-97-28-17-31-5-63-75-16-46-23-89-4-68-30-7-49-8-79-45-57-33-3-73-78-61-44-94-64-13-32-39-41-38-19-69-91-29-9-50-82-58-53-80-55-66-93
Ta100x20,10,2,200,0.8875,0.075,10,2231010291,17000,6688,6465,6298,3.020636944,v2_avx512bw_vec32_exact_perm,77-34-56-24-90-43-40-11-47-83-14-98-20-1-88-100-12-81-54-87-60-37-6-26-10-65-35-23-62-51-92-67-72-96-70-22-15-18-46-36-27-16-78-4-86-74-73-75-84-21-52-38-31-48-25-42-95-97-2-3-68-28-64-71-5-7-61-32-39-33-57-94-13-89-63-76-69-30-9-50-41-99-44-45-91-82-80-8-93-79-29-58-66-19-85-49-53-17-55-59
Ta100x20,10,2,200,0.8875,0.1,1,2231001210,17000,6668,6465,6298,2.739719421,v2_avx512bw_vec32_exact_perm,77-34-56-100-51-11-67-81-26-87-83-40-92-24-15-98-74-43-20-1-27-12-90-86-37-38-65-78-39-70-46-72-6-54-10-60-14-57-44-2-52-96-35-21-36-47-42-75-18-33-76-48-23-7-91-62-84-71-97-73-16-88-5-50-31-4-63-17-89-22-95-99-68-45-25-64-94-32-9-61-28-69-3-59-13-8-85-49-30-79-82-41-29-58-19-93-55-66-80-53
Ta100x20,10,2,200,0.8875,0.1,2,2231002219,17000,6611,6465,6298,2.800716864,v2_avx512bw_vec32_exact_perm,77-34-56-26-100-54-11-51-87-46-81-40-83-52-15-90-12-25-38-74-60-3-22-43-84-6-92-73-33-98-48-96-35-18-70-31-16-39-88-27-1-20-24-36-21-95-67-76-64-37-75-94-72-57-32-9-4-2-65-85-97-23-62-78-14-42-47-7-86-10-71-13-89-28-44-17-29-50-69-61-99-45-49-5-68-19-82-63-91-80-8-41-58-30-93-79-55-59-66-53
Ta100x20,10,2,200,0.8875,0.1,3,2231003228,17000,6633,6465,6298,2.852672104,v2_avx512bw_vec32_exact_perm,77-34-100-83-87-40-92-51-65-24-17-90-43-60-56-47-67-15-54-6-27-20-62-81-22-12-36-96-74-44-75-1-98-16-52-23-37-10-7-72-14-26-46-31-25-2-48-3-64-57-95-91-70-9-61-94-69-18-32-76-89-35-88-28-21-38-42-82-5-86-33-39-78-71-68-73-4-13-84-63-97-45-99-58-19-29-49-50-41-85-93-8-30-80-11-55-79-59-66-53
Ta100x20,10,2,200,0.8875,0.1,4,2231004237,17000,6643,6465,6298,2.773352436,v2_avx512bw_vec32_exact_perm,77-34-56-43-36-54-51-100-46-40-83-6-60-98-65-11-87-92-62-35-70-10-15-74-48-47-14-90-52-78-31-20-57-26-67-3-18-24-84-88-37-85-41-38-86-5-12-21-81-91-95-1-16-96-61-25-97-22-99-23-75-27-2-68-7-89-42-4-72-71-69-44-9-59-13-82-45-79-28-33-94-63-76-30-64-39-32-17-29-49-50-93-8-58-66-19-73-80-55-53
Ta100x20,10,2,200,0.8875,0.1,5,2231005246,17000,6698,6465,6298,2.849861392,v2_avx512bw_vec32_exact_perm,77-34-56-100-15-11-20-64-51-36-26-40-90-83-46-87-98-6-35-38-12-62-60-27-96-43-47-14-70-92-52-10-1-81-74-37-18-78-54-91-42-32-23-33-76-31-67-88-75-21-65-22-4-82-16-25-5-95-73-72-49-2-48-99-68-89-24-61-57-44-94-71-7-97-45-28-39-30-79-63-13-3-85-9-8-69-84-86-17-41-50-93-29-58-19-66-80-53-55-59
Ta100x20,10,2,200,0.8875,0.1,6,2231006255,17000,6622,6465,6298,3.142704427,v2_avx512bw_vec32_exact_perm,77-56-87-51-46-43-40-34-15-6-67-83-52-26-70-92-22-11-37-47-60-14-35-90-24-95-98-72-54-88-84-100-1-99-18-89-48-65-10-20-21-74-27-38-12-28-61-7-96-33-5-3-75-36-25-16-86-57-23-97-2-13-62-31-78-85-30-4-71-76-45-81-68-49-63-94-79-9-50-32-42-59-69-82-29-91-73-39-44-17-58-8-41-19-64-66-93-80-55-53
Ta100x20,10,2,200,0.8875,0.1,7,2231007264,17000,6683,6465,6298,2.804007714,v2_avx512bw_vec32_exact_perm,81-77-11-40-56-52-100-70-72-51-34-12-60-27-83-6-1-62-15-67-54-22-92-42-47-65-90-68-43-37-98-84-74-5-10-96-21-31-64-24-75-87-20-88-14-23-18-2-26-95-7-99-3-4-86-36-57-28-89-25-35-78-69-71-46-48-50-41-33-9-32-16-76-97-85-45-49-94-82-13-30-17-8-79-73-61-63-39-19-44-91-58-29-38-66-80-55-53-59-93
Ta100x20,10,2,200,0.8875,0.1,8,2231008273,17000,6688,6465,6298,2.881571052,v2_avx512bw_vec32_exact_perm,77-34-56-40-43-90-11-100-83-92-75-87-21-51-15-26-81-54-96-20-1-47-98-18-46-10-52-6-14-35-2-67-65-22-39-64-88-62-24-48-36-7-25-70-74-95-38-37-3-12-32-27-28-89-99-61-71-57-16-94-76-63-60-97-33-30-31-85-23-5-42-8-68-44-72-4-73-91-9-86-78-79-17-13-45-49-50-29-84-41-93-58-19-69-82-53-80-55-66-59
Ta100x20,10,2,200,0.8875,0.1,9,2231009282,17000,6669,6465,6298,2.817002722,v2_avx512bw_vec32_exact_perm,81-40-100-11-90-56-12-34-54-83-51-92-6-46-98-26-27-72-52-20-96-86-87-68-77-62-43-24-1-35-18-10-70-60-22-21-94-65-47-76-48-14-64-25-95-15-74-3-32-57-4-61-31-23-36-75-5-42-2-88-97-50-37-63-67-49-91-71-99-38-39-33-45-78-89-85-69-73-79-13-17-7-44-9-84-8-30-29-41-58-16-28-19-53-82-80-66-55-59-93
Ta100x20,10,2,200,0.8875,0.1,10,2231010291,17000,6728,6465,6298,2.690869752,v2_avx512bw_vec32_exact_perm,81-40-38-77-43-52-6-56-65-11-60-34-26-27-37-24-51-92-87-98-20-62-21-47-35-22-88-12-70-15-31-36-96-23-67-74-54-3-83-1-7-75-100-71-10-18-14-48-72-25-28-90-68-64-95-2-89-46-84-5-85-42-86-13-97-78-17-50-41-44-30-8-9-32-82-76-19-61-39-63-94-45-16-57-73-33-99-29-4-69-91-93-66-79-55-58-49-53-80-59
Ta100x20,10,2,200,0.8875,0.125,1,2231001210,17000,6692,6465,6298,2.660130263,v2_avx512bw_vec32_exact_perm,77-56-26-92-65-11-54-90-51-40-24-35-34-87-20-15-36-6-86-38-39-72-100-16-60-70-23-88-84-67-4-37-10-74-43-62-83-96-47-52-5-14-22-75-21-1-48-46-81-98-97-2-68-91-73-12-44-27-78-31-18-63-17-50-95-76-3-7-45-25-89-41-69-71-42-13-28-82-30-99-85-94-64-57-8-32-59-9-33-61-58-49-79-19-29-66-93-80-55-53
Ta100x20,10,2,200,0.8875,0.125,2,2231002219,17000,6646,6465,6298,2.815964072,v2_avx512bw_vec32_exact_perm,77-34-40-100-26-83-87-54-67-62-6-60-20-90-24-70-11-81-12-38-92-46-56-35-51-37-21-74-27-15-14-98-64-96-43-65-78-88-4-22-99-3-52-25-48-89-68-72-36-9-75-47-86-45-18-82-95-1-23-2-42-57-5-31-7-97-94-50-44-61-32-10-76-16-71-63-33-39-73-13-8-84-85-49-30-41-17-29-19-69-91-80-53-93-79-28-59-55-66-58
Ta100x20,10,2,200,0.8875,0.125,3,2231003228,17000,6668,6465,6298,2.811674105,v2_avx512bw_vec32_exact_perm,77-34-46-11-40-56-43-51-6-54-67-83-64-24-26-90-60-37-1-81-87-89-52-22-31-70-62-96-27-12-47-98-15-14-20-88-48-74-45-100-99-85-84-25-18-65-95-75-97-4-23-76-36-30-71-32-72-10-35-21-92-68-94-86-7-33-13-57-38-5-39-17-16-42-2-61-69-9-78-3-19-63-29-49-79-44-91-73-50-8-28-55-41-82-58-53-80-59-66-93
Ta100x20,10,2,200,0.8875,0.125,4,2231004237,17000,6688,6465,6298,2.724416839,v2_avx512bw_vec32_exact_perm,77-34-56-51-81-40-92-6-100-90-74-70-1-83-11-54-60-43-64-62-88-65-26-35-23-42-33-96-36-37-25-10-20-47-52-78-14-72-22-31-12-46-17-2-73-87-67-27-7-18-5-95-4-48-13-32-45-24-99-89-84-15-94-21-86-38-97-68-76-63-71-61-79-39-30-98-75-57-49-3-16-53-41-9-69-44-91-50-85-82-28-29-80-93-8-58-19-55-66-59
Ta100x20,10,2,200,0.8875,0.125,5,2231005246,17000,6688,6465,6298,2.860193808,v2_avx512bw_vec32_exact_perm,77-34-56-100-36-43-83-6-26-51-54-62-48-40-33-23-1-67-60-65-46-35-87-96-70-81-18-92-52-10-11-72-27-14-37-12-38-39-24-74-20-16-47-98-22-90-15-76-21-31-86-25-45-82-75-57-64-88-3-99-94-32-4-42-7-78-5-63-13-30-2-89-73-95-68-61-8-9-71-85-28-84-49-69-79-91-44-19-97-50-41-17-29-58-93-53-80-55-66-59
Ta100x20,10,2,200,0.8875,0.125,6,2231006255,17000,6688,6465,6298,2.802877278,v2_avx512bw_vec32_exact_perm,77-34-40-100-26-83-38-56-6-60-92-87-20-96-24-51-11-90-70-94-37-33-64-43-74-98-10-7-1-65-76-2-46-72-27-16-54-67-62-31-18-35-68-95-36-47-48-12-22-78-21-25-49-15-5-3-52-57-75-81-88-42-14-86-23-13-97-32-30-45-89-17-99-61-29-28-41-4-44-91-85-82-9-71-84-58-63-39-79-73-66-8-19-69-80-50-93-55-53-59
Ta100x20,10,2,200,0.8875,0.125,7,2231007264,17000,6691,6465,6298,2.798319092,v2_avx512bw_vec32_exact_perm,77-81-34-40-56-26-54-60-1-6-22-11-83-46-92-14-38-74-37-24-48-90-100-43-17-18-15-96-42-35-16-64-27-23-2-52-88-4-80-65-20-47-36-49-67-95-51-87-10-62-70-39-75-86-12-31-98-21-32-25-91-97-61-71-73-85-7-94-68-9-82-99-33-63-78-45-5-13-3-76-28-72-30-8-44-57-79-89-69-50-84-41-19-29-93-55-58-53-66-59
Ta100x20,10,2,200,0.8875,0.125,8,2231008273,17000,6695,6465,6298,2.708127098,v2_avx512bw_vec32_exact_perm,77-56-34-40-90-26-24-11-87-83-74-20-15-51-14-6-43-62-38-94-88-75-86-18-98-47-36-35-65-96-67-92-31-70-48-22-37-100-3-78-16-76-42-72-12-57-2-46-44-7-21-60-10-54-1-85-71-99-52-32-5-27-95-33-39-64-73-9-68-17-23-59-45-89-4-13-69-97-63-82-25-79-19-61-28-55-91-81-84-93-8-41-50-49-29-66-58-30-80-53
Ta100x20,10,2,200,0.8875,0.125,9,2231009282,17000,6661,6465,6298,2.715375712,v2_avx512bw_vec32_exact_perm,81-51-64-77-11-56-6-90-12-100-15-40-83-1-60-92-34-2-70-74-24-27-7-10-37-67-46-73-75-52-21-87-26-98-99-38-54-72-95-14-25-88-35-31-91-96-65-3-18-48-89-86-62-43-36-44-45-23-22-42-4-20-76-41-68-47-5-17-50-57-78-61-32-82-63-94-97-13-16-79-39-71-8-30-9-33-84-49-85-19-29-58-69-66-59-93-28-55-80-53
Ta100x20,10,2,200,0.8875,0.125,10,2231010291,17000,6688,6465,6298,2.660485411,v2_avx512bw_vec32_exact_perm,77-34-56-51-100-6-46-11-54-40-24-17-83-92-26-25-14-90-87-96-20-70-74-15-67-98-43-37-12-22-27-81-21-35-65-1-62-23-60-78-4-28-38-52-99-75-39-42-16-47-36-2-97-32-88-64-33-86-85-89-18-5-10-69-95-72-61-8-31-79-73-91-94-48-9-63-84-68-13-71-3-57-44-7-30-45-50-49-41-76-82-29-58-66-19-93-80-53-55-59
Ta100x20,10,2,200,0.925,0.025,1,2231001210,17000,6688,6465,6298,2.786051212,v2_avx512bw_vec32_exact_perm,77-34-56-87-40-36-24-90-52-26-51-92-20-11-65-72-70-60-12-47-6-81-14-54-62-83-43-16-88-67-46-42-96-64-1-21-95-10-74-27-15-48-31-18-5-37-22-68-100-86-98-38-35-23-89-39-33-69-76-44-7-25-17-78-50-63-97-45-99-94-91-4-73-75-2-8-49-85-13-57-28-61-79-71-19-9-84-3-32-41-29-66-82-93-58-30-80-53-55-59
Ta100x20,10,2,200,0.925,0.025,2,2231002219,17000,6684,6465,6298,2.611223459,v2_avx512bw_vec32_exact_perm,81-40-56-51-6-24-90-11-67-92-52-34-20-54-36-75-100-77-15-87-98-74-83-29-70-46-72-10-42-12-22-1-62-21-44-25-27-5-47-17-2-60-43-96-26-35-4-37-65-13-48-23-18-16-31-64-63-89-50-84-73-14-95-68-71-78-69-99-57-97-88-3-61-28-94-86-38-76-32-41-39-45-85-93-9-8-19-33-7-30-91-79-82-58-49-80-53-55-66-59
Ta100x20,10,2,200,0.925,0.025,3,2231003228,17000,6688,6465,6298,2.917740053,v2_avx512bw_vec32_exact_perm,77-34-56-51-87-100-40-92-90-26-6-12-83-1-96-64-43-11-88-81-54-46-2-84-67-70-60-20-4-35-31-38-72-5-22-45-73-75-65-76-94-27-10-52-74-62-37-24-23-68-18-48-21-97-47-15-42-36-98-89-44-28-78-25-33-95-61-86-7-91-16-3-32-99-71-14-63-69-9-82-13-8-41-93-39-50-49-57-85-17-79-19-29-58-30-53-80-66-55-59
Ta100x20,10,2,200,0.925,0.025,4,2231004237,17000,6663,6465,6298,2.642232619,v2_avx512bw_vec32_exact_perm,77-34-56-51-83-43-92-40-15-65-90-24-17-54-52-100-22-60-47-6-25-62-27-18-26-64-98-35-38-31-12-74-48-96-67-1-72-4-70-86-14-46-2-57-37-21-95-88-10-44-5-20-36-87-61-75-7-23-97-32-91-93-42-79-82-81-68-39-89-73-11-78-45-71-16-50-13-99-63-69-8-30-41-94-85-9-84-33-28-29-49-76-3-80-53-58-19-55-59-66
Ta100x20,10,2,200,0.925,0.025,5,2231005246,17000,6684,6465,6298,2.750776045,v2_avx512bw_vec32_exact_perm,81-34-56-92-83-77-40-54-87-24-68-98-51-60-11-62-67-90-43-37-21-26-15-22-74-65-2-7-16-38-12-10-27-25-6-100-95-36-5-17-70-1-35-72-18-20-14-31-96-42-48-75-46-28-97-88-86-64-32-33-47-23-78-89-85-73-4-76-52-57-44-71-8-91-41-39-69-19-13-50-82-45-9-49-79-30-94-63-61-84-99-3-58-29-93-53-80-55-66-59
Ta100x20,10,2,200,0.925,0.025,6,2231006255,17000,6684,6465,6298,2.777928814,v2_avx512bw_vec32_exact_perm,81-40-77-51-38-11-34-56-90-60-92-24-67-98-43-6-54-99-62-46-12-26-2-21-52-20-27-70-15-10-72-74-83-35-1-100-37-65-48-96-25-57-87-31-4-95-68-64-32-91-82-78-36-47-23-88-18-89-63-76-42-97-86-17-16-75-39-13-73-33-84-61-7-8-71-22-45-5-14-69-49-85-9-50-41-44-79-30-94-29-53-80-3-66-58-28-19-55-59-93
Ta100x20,10,2,200,0.925,0.025,7,2231007264,17000,6648,6465,6298,2.757587723,v2_avx512bw_vec32_exact_perm,77-34-56-51-11-43-26-65-87-92-90-74-24-15-1-6-52-100-83-37-60-47-38-40-62-88-35-67-46-2-48-21-57-54-96-72-14-10-61-12-27-20-70-95-17-5-36-44-78-75-84-81-97-25-31-23-4-22-7-18-42-94-64-68-16-49-85-63-86-69-98-71-89-9-13-45-73-3-76-32-41-39-19-33-91-79-30-99-50-29-82-58-93-8-80-53-55-28-59-66
Ta100x20,10,2,200,0.925,0.025,8,2231008273,17000,6605,6465,6298,2.741592735,v2_avx512bw_vec32_exact_perm,77-34-40-26-56-83-92-51-98-60-1-6-90-11-87-70-54-38-100-14-62-20-74-35-10-36-21-24-27-15-81-12-2-48-37-72-46-96-75-52-67-22-23-43-17-18-99-65-64-78-47-88-89-5-85-68-86-95-3-25-97-7-13-4-39-44-16-42-57-19-71-76-73-69-94-50-31-33-32-29-30-45-9-84-41-91-61-28-82-79-58-8-63-49-80-53-55-59-66-93
Ta100x20,10,2,200,0.925,0.025,9,2231009282,17000,6728,6465,6298,3.010516231,v2_avx512bw_vec32_exact_perm,81-34-56-26-92-54-38-51-40-25-90-11-20-87-27-6-15-65-48-100-47-96-67-35-12-94-46-62-98-43-37-22-70-24-41-60-36-52-18-84-77-21-1-5-42-23-14-72-64-10-17-73-95-89-74-2-76-16-88-45-9-78-63-97-68-75-3-61-83-99-44-85-28-71-50-86-39-33-57-30-31-4-7-13-8-82-79-32-29-66-19-69-91-55-93-58-49-53-80-59
Ta100x20,10,2,200,0.925,0.025,10,2231010291,17000,6614,6465,6298,2.998211738,v2_avx512bw_vec32_exact_perm,81-34-56-51-92-90-24-43-83-6-52-100-62-26-77-11-15-48-74-96-38-54-22-40-12-27-1-70-20-65-37-80-87-10-60-35-46-84-78-31-47-25-21-94-14-57-98-18-64-9-2-5-3-68-39-36-72-73-71-88-82-75-76-32-4-95-42-30-97-23-67-86-33-63-16-99-85-49-17-89-45-13-28-61-29-19-91-7-44-8-41-69-93-79-50-59-55-66-58-53
Ta100x20,10,2,200,0.925,0.05,1,2231001210,17000,6655,6465,6298,2.65819356,v2_avx512bw_vec32_exact_perm,77-56-26-65-34-60-6-40-83-1-52-51-43-67-36-37-20-74-62-87-12-27-47-96-100-24-10-78-38-21-33-90-35-92-2-88-84-18-64-46-48-70-22-14-54-17-25-28-5-7-75-97-72-63-89-76-4-23-73-11-31-95-32-98-91-45-94-71-61-16-42-9-15-13-86-57-69-50-8-82-41-99-68-30-39-81-44-3-29-85-93-49-79-58-19-53-80-59-66-55
Ta100x20,10,2,200,0.925,0.05,2,2231002219,17000,6688,6465,6298,2.589868508,v2_avx512bw_vec32_exact_perm,77-34-56-100-98-51-90-6-11-40-65-24-83-35-20-12-47-1-60-18-23-64-92-31-74-88-62-78-67-21-70-10-54-52-27-36-95-42-75-26-99-96-87-57-43-3-37-89-15-14-72-22-68-61-13-71-38-44-5-86-63-39-46-4-94-7-33-73-76-30-16-19-48-81-97-25-2-69-45-50-9-79-49-85-32-84-41-82-29-66-91-28-93-17-8-80-58-53-55-59
Ta100x20,10,2,200,0.925,0.05,3,2231003228,17000,6688,6465,6298,2.551831833,v2_avx512bw_vec32_exact_perm,77-34-56-40-26-100-83-92-51-1-81-70-60-72-24-64-11-90-14-25-6-35-65-96-37-2-98-46-52-20-47-67-15-74-12-62-27-87-10-48-76-69-21-22-88-54-5-94-4-13-84-75-42-49-32-18-7-36-99-61-16-78-31-95-97-38-45-68-23-91-41-3-71-43-44-9-57-50-39-85-30-89-86-33-28-82-17-58-73-8-79-29-63-66-19-93-80-53-55-59
Ta100x20,10,2,200,0.925,0.05,4,2231004237,17000,6624,6465,6298,2.736284443,v2_avx512bw_vec32_exact_perm,77-34-56-51-26-6-46-40-92-100-11-83-98-43-27-3-90-87-54-62-74-86-96-70-14-5-60-18-81-12-31-47-67-78-32-24-38-21-48-52-35-15-22-75-10-36-20-37-2-7-65-1-82-72-88-44-68-23-89-91-41-4-97-85-99-71-42-95-73-25-94-76-64-13-16-61-28-45-63-9-69-84-79-8-93-57-39-50-49-29-19-33-17-66-59-58-30-80-55-53
Ta100x20,10,2,200,0.925,0.05,5,2231005246,17000,6659,6465,6298,3.102511625,v2_avx512bw_vec32_exact_perm,81-40-100-11-26-83-92-87-54-51-36-90-52-14-34-24-38-60-6-12-37-20-27-15-78-22-64-68-77-18-4-43-88-89-56-72-46-1-96-48-98-21-35-70-65-95-84-31-74-47-10-62-75-23-73-25-86-2-97-39-42-7-61-79-93-67-16-91-9-28-82-71-57-85-94-33-99-69-50-45-5-44-32-17-29-30-63-13-49-76-8-41-80-3-53-58-19-55-59-66
Ta100x20,10,2,200,0.925,0.05,6,2231006255,17000,6646,6465,6298,2.799645815,v2_avx512bw_vec32_exact_perm,77-56-26-83-54-34-64-60-40-43-17-51-52-11-90-100-1-6-38-96-18-87-92-47-67-27-35-48-12-2-20-62-65-88-98-46-25-70-74-10-23-7-22-75-86-21-36-78-14-15-72-37-89-4-31-81-95-69-50-5-24-42-33-73-99-76-9-45-39-68-57-71-91-3-32-97-61-30-94-16-63-13-79-59-82-49-85-84-80-8-28-19-29-66-55-44-53-41-93-58
Ta100x20,10,2,200,0.925,0.05,7,2231007264,17000,6648,6465,6298,2.612784466,v2_avx512bw_vec32_exact_perm,81-40-20-1-34-70-67-77-51-43-54-96-90-6-56-52-100-15-87-84-26-83-2-38-16-36-10-74-21-27-92-60-99-18-48-65-95-14-82-63-68-72-88-86-24-97-75-78-42-11-80-12-44-64-31-98-37-45-57-76-25-94-35-62-30-7-89-85-28-4-9-3-5-71-33-46-50-23-22-59-39-73-32-29-47-13-41-17-61-8-19-69-93-79-91-53-49-66-55-58
Ta100x20,10,2,200,0.925,0.05,8,2231008273,17000,6684,6465,6298,2.742644623,v2_avx512bw_vec32_exact_perm,81-38-77-40-60-6-24-54-43-11-56-83-12-27-35-36-1-98-90-62-100-67-87-2-20-34-15-92-74-96-65-10-7-70-48-75-22-42-26-72-51-46-21-18-52-88-37-14-80-23-78-86-13-97-68-64-91-45-71-30-95-16-84-82-76-47-57-33-4-99-5-39-89-63-31-44-69-3-85-25-50-49-79-9-17-32-8-94-66-73-41-29-28-61-58-19-93-55-53-59
Ta100x20,10,2,200,0.925,0.05,9,2231009282,17000,6688,6465,6298,2.795788173,v2_avx512bw_vec32_exact_perm,77-34-40-100-11-83-26-98-51-87-90-12-74-56-3-62-92-46-23-43-54-60-6-65-22-47-52-64-31-18-84-70-15-1-24-27-42-95-36-72-10-35-81-25-4-20-21-5-2-14-88-96-63-37-75-94-97-73-67-48-91-13-76-71-99-89-28-33-39-16-9-44-41-69-30-68-38-7-17-61-57-45-86-50-32-82-79-78-8-49-85-58-19-29-93-53-80-55-66-59
Ta100x20,10,2,200,0.925,0.05,10,2231010291,17000,6688,6465,6298,2.979202767,v2_avx512bw_vec32_exact_perm,81-77-40-11-56-20-26-92-51-4-34-100-54-43-36-6-83-14-90-62-60-47-27-74-70-65-37-10-2-42-15-46-21-52-67-87-24-89-17-1-48-12-35-96-23-72-98-64-95-78-5-86-97-32-88-84-68-22-25-3-30-31-63-13-38-18-75-9-39-16-76-45-41-73-94-61-49-85-7-71-79-44-91-8-57-99-93-33-50-29-28-69-82-58-19-55-53-80-59-66
Ta100x20,10,2,200,0.925,0.075,1,2231001210,17000,6688,6465,6298,2.66427403,v2_avx512bw_vec32_exact_perm,77-34-40-26-56-20-51-83-6-15-100-54-92-87-65-35-81-64-74-52-1-96-60-12-24-23-36-84-10-67-43-47-70-90-95-18-4-37-21-25-22-27-2-86-97-72-14-75-31-7-73-42-63-78-46-11-17-30-98-50-88-48-39-85-61-45-16-57-62-68-71-99-76-41-89-9-13-44-94-38-69-91-49-79-32-3-8-5-28-33-29-58-19-93-80-55-53-82-66-59
Ta100x20,10,2,200,0.925,0.075,2,2231002219,17000,6703,6465,6298,2.762564842,v2_avx512bw_vec32_exact_perm,77-34-56-43-26-40-83-81-100-51-1-62-87-15-24-54-60-27-11-6-20-92-72-96-46-35-65-2-38-98-31-48-18-12-74-90-70-14-64-21-88-47-23-16-25-95-22-49-89-36-32-37-97-10-76-30-68-67-33-4-5-7-61-99-78-75-63-29-52-82-42-85-9-80-94-17-69-86-57-45-91-13-79-3-39-73-44-71-66-84-41-28-93-8-50-58-19-53-55-59
Ta100x20,10,2,200,0.925,0.075,3,2231003228,17000,6688,6465,6298,2.732207161,v2_avx512bw_vec32_exact_perm,77-34-40-56-100-83-87-36-21-11-22-92-12-90-35-67-26-1-24-54-15-17-6-43-60-48-27-16-81-62-3-96-88-20-47-51-70-75-98-37-74-25-97-72-52-64-2-76-65-63-30-31-94-18-39-42-68-32-10-14-46-33-78-57-73-5-95-82-23-13-4-86-7-45-84-79-28-9-85-8-71-89-44-69-49-91-99-50-41-38-61-29-58-66-19-93-80-53-55-59
Ta100x20,10,2,200,0.925,0.075,4,2231004237,17000,6688,6465,6298,2.615515161,v2_avx512bw_vec32_exact_perm,77-34-56-51-38-20-11-6-60-52-15-67-70-90-1-21-87-54-62-74-40-83-64-23-43-10-46-84-98-86-27-96-65-81-95-88-100-47-37-92-2-22-68-57-26-12-25-31-48-35-18-72-75-36-4-24-89-73-78-9-76-61-32-14-3-41-45-71-13-42-30-69-7-97-94-50-63-16-99-17-33-8-39-44-91-28-5-82-85-79-49-29-58-66-19-93-80-53-55-59
Ta100x20,10,2,200,0.925,0.075,5,2231005246,17000,6646,6465,6298,3.11954136,v2_avx512bw_vec32_exact_perm,77-34-56-26-100-90-11-3-92-83-40-14-87-51-6-24-81-60-54-72-20-62-96-10-35-70-23-65-27-74-37-52-38-94-67-21-22-15-1-5-36-50-47-18-39-63-46-12-33-43-98-89-31-16-48-57-44-88-19-95-2-97-86-25-45-42-85-76-4-84-41-7-13-69-78-75-17-64-9-99-82-71-28-8-91-68-73-80-29-32-30-61-49-79-93-59-53-55-66-58
Ta100x20,10,2,200,0.925,0.075,6,2231006255,17000,6678,6465,6298,2.609948641,v2_avx512bw_vec32_exact_perm,77-34-56-100-98-11-87-40-54-35-65-20-26-92-83-60-6-90-70-36-51-47-62-43-64-74-67-23-1-12-27-15-37-22-78-50-16-25-95-57-21-24-5-96-81-75-38-14-84-72-46-4-3-88-71-31-82-52-73-48-68-9-42-76-45-97-39-7-32-10-61-18-89-2-13-33-63-69-17-85-30-94-44-8-99-19-29-49-41-93-28-79-91-86-58-80-53-55-59-66
Ta100x20,10,2,200,0.925,0.075,7,2231007264,17000,6660,6465,6298,2.609363354,v2_avx512bw_vec32_exact_perm,77-34-40-56-100-83-43-87-98-46-60-92-51-62-67-6-72-18-54-1-26-24-48-90-15-37-74-70-21-52-10-47-14-12-22-65-27-95-38-35-39-7-42-64-25-88-94-57-68-5-84-2-9-75-71-32-28-3-20-97-4-82-11-31-36-73-23-89-30-81-33-78-85-17-96-69-45-16-44-13-61-99-19-86-63-76-49-8-41-91-50-80-29-93-79-55-59-53-66-58
Ta100x20,10,2,200,0.925,0.075,8,2231008273,17000,6654,6465,6298,2.759947954,v2_avx512bw_vec32_exact_perm,77-34-56-90-11-43-87-70-40-51-100-54-60-18-98-6-17-38-52-72-25-83-35-62-64-67-27-74-15-95-26-1-36-75-37-12-57-92-86-10-81-47-46-84-2-22-96-24-21-14-78-91-5-88-48-65-59-63-68-23-20-41-39-73-4-45-79-30-94-42-49-97-44-85-32-31-76-99-13-89-16-69-71-9-29-50-33-28-61-7-3-58-93-8-19-82-66-80-55-53
Ta100x20,10,2,200,0.925,0.075,9,2231009282,17000,6659,6465,6298,2.781133853,v2_avx512bw_vec32_exact_perm,77-34-56-26-87-100-51-98-40-96-6-70-83-92-54-43-60-38-65-90-59-95-67-35-37-72-11-2-64-74-12-1-88-21-57-10-94-62-24-14-99-4-52-32-75-27-41-23-5-47-46-86-15-22-13-36-20-71-33-25-48-3-7-18-97-76-28-89-31-68-50-91-42-81-16-45-30-61-49-78-73-85-17-84-79-63-39-9-8-69-93-19-29-44-53-82-80-66-55-58
Ta100x20,10,2,200,0.925,0.075,10,2231010291,17000,6732,6465,6298,2.987696262,v2_avx512bw_vec32_exact_perm,77-56-40-11-26-90-33-54-51-36-65-87-6-60-15-100-38-34-12-37-35-20-24-18-22-78-88-27-43-83-74-95-64-47-70-52-67-98-96-48-76-82-1-99-62-86-39-75-16-46-32-92-28-42-14-31-3-4-7-25-21-57-71-68-10-72-89-23-84-61-45-2-5-63-94-97-41-13-58-44-69-8-17-85-9-91-73-30-81-50-49-79-19-93-29-66-55-53-80-59
Ta100x20,10,2,200,0.925,0.1,1,2231001210,17000,6688,6465,6298,2.777083379,v2_avx512bw_vec32_exact_perm,77-34-56-40-24-11-100-36-51-60-81-54-47-20-92-67-96-64-39-1-72-52-62-18-65-10-6-38-74-70-42-43-12-35-49-87-26-83-88-48-85-75-5-27-7-21-14-46-95-25-3-15-22-31-73-78-2-37-98-76-8-23-33-4-68-9-32-71-57-94-16-44-90-89-99-30-13-61-84-69-97-79-91-50-28-82-86-41-63-17-29-80-19-66-45-58-53-93-55-59
Ta100x20,10,2,200,0.925,0.1,2,2231002219,17000,6707,6465,6298,2.617054465,v2_avx512bw_vec32_exact_perm,77-34-56-52-26-36-81-24-51-90-83-12-1-72-67-20-22-92-43-54-15-87-74-98-2-21-96-65-35-18-64-10-40-6-88-100-62-46-70-75-38-78-16-84-42-31-23-13-9-48-27-33-37-25-71-14-47-94-76-97-60-8-41-3-11-7-28-89-73-86-63-68-85-95-5-82-91-30-44-57-79-4-32-61-45-99-39-69-17-50-49-58-29-93-66-19-53-80-55-59
Ta100x20,10,2,200,0.925,0.1,3,2231003228,17000,6707,6465,6298,2.615759902,v2_avx512bw_vec32_exact_perm,77-56-40-26-100-11-20-6-38-54-24-98-43-64-52-83-37-35-87-1-65-10-46-81-92-86-18-88-72-74-84-60-27-51-95-14-78-34-47-25-36-90-48-67-70-96-21-62-68-42-16-45-23-75-69-12-28-89-13-5-17-22-97-82-2-31-41-57-63-71-73-91-33-76-99-32-9-4-15-39-61-85-49-8-44-30-79-94-3-66-7-50-29-58-19-93-53-80-55-59
Ta100x20,10,2,200,0.925,0.1,4,2231004237,17000,6702,6465,6298,2.688699134,v2_avx512bw_vec32_exact_perm,77-56-26-87-40-83-90-43-54-52-6-51-18-81-72-48-10-60-35-70-65-36-34-92-88-20-75-1-24-62-21-98-73-95-22-14-47-37-100-25-46-27-2-12-15-31-84-7-97-33-42-67-49-96-85-76-78-45-86-68-63-30-11-71-94-74-57-38-23-41-4-13-64-16-32-9-8-17-5-61-91-79-39-3-99-58-29-19-44-89-69-28-82-66-50-93-80-55-53-59
Ta100x20,10,2,200,0.925,0.1,5,2231005246,17000,6730,6465,6298,3.019789573,v2_avx512bw_vec32_exact_perm,77-81-40-56-52-51-83-100-46-98-27-87-34-38-20-54-37-75-90-92-26-73-4-15-14-18-2-48-35-65-72-25-39-62-12-57-22-5-60-88-67-47-84-97-21-70-1-6-24-10-76-36-96-32-17-28-74-95-94-64-41-42-23-68-78-86-69-9-33-16-82-71-43-50-7-3-85-19-31-45-63-44-61-11-89-93-13-8-99-29-91-66-79-49-55-58-30-80-53-59
Ta100x20,10,2,200,0.925,0.1,6,2231006255,17000,6703,6465,6298,2.943778621,v2_avx512bw_vec32_exact_perm,77-56-100-11-36-51-6-70-90-40-43-83-54-60-96-20-84-1-74-34-72-24-52-15-3-92-35-4-37-25-22-98-10-16-31-97-2-81-67-23-75-47-12-26-87-62-78-21-30-76-46-57-27-86-48-65-18-49-39-50-33-63-42-17-88-61-14-45-7-99-71-32-64-68-94-95-73-5-44-89-13-85-69-19-8-91-59-9-41-93-79-29-58-66-38-53-28-82-55-80
Ta100x20,10,2,200,0.925,0.1,7,2231007264,17000,6703,6465,6298,2.790130658,v2_avx512bw_vec32_exact_perm,77-34-81-40-100-98-51-15-11-56-83-92-35-60-43-84-88-90-6-87-24-54-96-12-67-52-27-38-20-62-47-22-1-21-5-48-37-89-26-14-10-46-95-36-44-86-72-70-31-74-91-68-25-42-17-99-30-18-82-45-75-71-64-4-65-13-78-85-49-73-32-9-2-57-39-7-23-8-41-50-97-3-76-79-69-16-94-63-33-93-61-58-29-28-53-80-66-19-55-59
Ta100x20,10,2,200,0.925,0.1,8,2231008273,17000,6688,6465,6298,2.810072239,v2_avx512bw_vec32_exact_perm,77-34-40-26-17-100-56-51-24-83-52-6-92-47-64-60-65-54-11-10-81-62-43-46-87-1-67-35-98-15-48-21-25-44-27-96-72-12-97-36-38-14-75-7-37-94-13-42-74-70-95-18-91-86-22-31-88-16-73-20-2-90-68-71-89-23-28-3-4-76-5-99-32-57-61-39-63-45-78-8-50-85-9-84-33-30-29-49-79-41-93-58-19-69-82-80-53-55-66-59
Ta100x20,10,2,200,0.925,0.1,9,2231009282,17000,6703,6465,6298,2.614544033,v2_avx512bw_vec32_exact_perm,77-34-56-24-11-40-51-87-43-60-36-54-100-27-6-20-62-47-12-74-96-92-70-83-52-90-16-98-18-1-31-65-26-2-72-3-46-81-35-50-76-14-10-99-48-91-4-67-86-88-15-21-97-42-32-84-78-38-57-69-33-39-68-95-63-25-28-71-82-9-22-85-5-89-44-45-49-23-79-75-73-13-8-37-93-94-30-64-41-29-61-7-19-58-59-17-66-55-53-80
Ta100x20,10,2,200,0.925,0.1,10,2231010291,17000,6688,6465,6298,2.911054565,v2_avx512bw_vec32_exact_perm,77-34-56-26-24-6-52-48-11-40-90-92-65-51-54-83-20-15-37-36-75-21-70-74-84-27-43-38-22-96-87-78-72-46-35-18-12-1-98-31-42-64-62-14-47-68-60-67-97-16-30-7-17-86-57-39-25-10-5-81-23-2-45-100-63-71-13-89-32-88-69-95-85-33-9-50-94-44-4-99-3-8-73-76-91-28-82-41-61-49-79-29-58-66-19-93-80-53-55-59
Ta100x20,10,2,200,0.925,0.125,1,2231001210,17000,6653,6465,6298,2.771525034,v2_avx512bw_vec32_exact_perm,81-40-77-56-54-100-11-83-70-90-10-96-52-34-6-64-87-26-47-74-12-60-92-36-18-24-51-37-35-67-88-43-20-48-62-15-23-27-46-65-68-21-39-22-2-72-1-7-25-98-28-86-5-89-33-3-17-75-78-32-61-95-30-50-42-99-97-4-14-8-63-94-73-9-57-71-13-38-76-45-84-69-41-31-91-82-79-16-44-19-85-49-80-29-66-59-58-93-55-53
Ta100x20,10,2,200,0.925,0.125,2,2231002219,17000,6732,6465,6298,2.583934143,v2_avx512bw_vec32_exact_perm,77-34-56-11-1-87-20-26-81-40-43-12-83-51-15-100-92-47-54-7-37-90-48-22-75-67-36-60-62-70-38-23-6-35-16-27-46-65-96-52-2-95-64-97-88-69-86-74-24-68-21-72-10-42-14-9-18-28-25-78-76-89-3-63-33-5-91-31-13-45-50-98-4-39-84-17-57-71-82-44-8-99-32-41-94-66-73-61-19-49-85-79-29-58-30-93-55-53-80-59
Ta100x20,10,2,200,0.925,0.125,3,2231003228,17000,6741,6465,6298,2.716935809,v2_avx512bw_vec32_exact_perm,81-34-77-27-38-52-26-6-56-72-54-51-64-43-90-83-74-62-46-11-92-21-60-12-1-47-36-10-67-40-37-23-70-97-88-45-100-87-98-24-86-16-31-96-63-15-42-22-99-25-20-30-95-13-89-17-41-78-14-76-33-35-82-57-2-65-71-39-50-61-9-32-3-5-48-18-68-85-91-44-49-4-28-7-79-94-8-73-69-84-75-80-93-29-55-53-58-66-19-59
Ta100x20,10,2,200,0.925,0.125,4,2231004237,17000,6700,6465,6298,2.674948731,v2_avx512bw_vec32_exact_perm,77-81-40-65-34-56-51-90-11-20-64-33-92-96-74-12-98-27-70-43-31-72-83-10-35-87-5-37-6-14-54-60-52-47-62-100-2-97-91-32-76-1-25-36-46-21-18-15-26-75-23-22-99-4-38-48-71-95-84-24-49-85-88-78-82-57-16-45-7-61-86-68-67-39-9-42-13-8-28-41-30-89-50-93-79-44-69-3-94-17-73-63-29-58-19-66-59-80-55-53
Ta100x20,10,2,200,0.925,0.125,5,2231005246,17000,6698,6465,6298,3.068418834,v2_avx512bw_vec32_exact_perm,77-56-34-11-43-100-46-40-21-83-70-51-72-26-54-24-60-87-67-74-92-38-88-94-65-62-15-6-25-98-64-18-12-22-37-1-96-97-31-76-52-10-47-2-35-4-81-84-75-14-90-27-48-13-41-71-57-82-85-3-99-36-20-95-73-78-68-23-45-39-44-28-89-30-79-86-42-5-33-17-61-63-16-7-69-91-8-9-29-19-50-32-53-49-58-55-93-80-66-59
Ta100x20,10,2,200,0.925,0.125,6,2231006255,17000,6707,6465,6298,2.795241815,v2_avx512bw_vec32_exact_perm,77-34-56-6-100-24-90-43-51-62-11-98-40-46-96-87-60-64-38-92-21-83-1-54-37-15-27-78-10-70-18-14-23-67-26-20-36-68-48-85-35-74-12-72-49-88-75-4-2-84-65-31-25-42-47-99-52-73-44-94-22-86-16-95-71-13-91-7-57-3-41-76-97-50-63-89-5-17-32-45-28-61-39-30-81-93-33-8-9-29-79-58-66-19-69-82-53-80-55-59
Ta100x20,10,2,200,0.925,0.125,7,2231007264,17000,6707,6465,6298,2.818848404,v2_avx512bw_vec32_exact_perm,77-34-56-11-92-40-51-21-24-38-67-100-43-83-90-78-12-6-84-27-62-35-65-18-1-60-54-2-46-81-74-26-52-10-25-15-48-23-3-87-98-37-22-70-33-96-7-68-85-4-42-14-95-97-94-36-72-5-86-75-47-9-64-88-16-73-20-66-71-76-82-57-63-69-39-31-89-32-30-17-99-44-45-91-41-50-29-13-79-8-93-28-61-49-58-19-53-80-55-59
Ta100x20,10,2,200,0.925,0.125,8,2231008273,17000,6646,6465,6298,2.707443918,v2_avx512bw_vec32_exact_perm,77-34-56-26-51-81-46-40-83-54-11-92-67-1-6-65-43-18-60-21-35-96-62-24-12-48-52-27-47-90-87-78-25-33-99-20-70-74-15-100-22-16-31-37-94-36-13-41-5-23-64-68-72-76-57-86-88-14-42-95-3-71-38-7-84-75-91-39-89-97-4-28-73-82-79-61-32-10-9-80-98-30-2-45-85-44-8-49-69-29-19-17-63-50-59-66-53-93-55-58
Ta100x20,10,2,200,0.925,0.125,9,2231009282,17000,6684,6465,6298,2.717887127,v2_avx512bw_vec32_exact_perm,77-56-87-51-81-40-65-47-25-60-83-27-20-24-34-43-6-12-54-96-64-98-37-71-35-74-52-10-11-92-38-62-23-46-72-16-15-90-99-70-14-26-100-2-7-36-97-31-75-1-48-73-18-91-50-57-89-67-5-69-95-88-84-21-86-9-79-32-78-22-39-4-42-61-3-68-76-49-45-44-94-82-28-33-30-63-8-13-41-17-29-19-93-53-85-80-59-55-66-58
Ta100x20,10,2,200,0.925,0.125,10,2231010291,17000,6688,6465,6298,2.144162397,v2_avx512bw_vec32_exact_perm,77-34-56-100-51-15-42-87-11-98-83-40-90-6-92-12-54-22-14-62-88-26-52-1-27-74-20-36-72-67-24-65-64-37-96-60-21-84-86-31-47-35-39-70-23-10-3-18-25-78-68-28-43-46-75-38-97-4-2-89-7-17-71-76-73-33-95-63-9-48-5-85-32-57-44-94-13-61-16-41-49-19-50-45-69-81-99-91-82-79-30-93-8-29-58-80-53-55-66-59
Ta100x20,10,2,200,0.9625,0.025,1,2231001210,17000,6686,6465,6298,3.032098665,v2_avx512bw_vec32_exact_perm,81-51-40-38-77-11-1-67-98-24-34-54-87-60-56-62-15-74-48-68-100-6-21-26-64-96-90-2-52-70-88-72-35-22-99-12-27-46-65-83-94-47-92-5-36-86-37-57-20-97-14-78-95-45-75-25-16-17-7-69-49-10-13-42-61-32-89-18-76-63-30-85-50-9-23-91-8-4-39-73-33-43-71-44-31-28-29-93-79-84-41-3-58-19-82-66-80-53-55-59
Ta100x20,10,2,200,0.9625,0.025,2,2231002219,17000,6688,6465,6298,3.118678715,v2_avx512bw_vec32_exact_perm,77-34-40-56-51-15-100-64-20-83-11-81-24-96-26-54-21-1-60-87-74-43-36-6-22-16-48-27-67-38-12-90-52-35-70-47-88-62-42-37-49-46-72-2-31-95-14-98-92-85-86-25-65-99-75-18-78-5-23-32-4-76-10-7-89-82-57-3-13-68-61-97-45-79-28-84-73-39-50-91-71-9-33-94-8-69-63-30-17-44-41-29-58-66-19-93-80-53-55-59
Ta100x20,10,2,200,0.9625,0.025,3,2231003228,17000,6688,6465,6298,2.885281557,v2_avx512bw_vec32_exact_perm,77-56-26-51-40-83-24-81-52-47-27-67-92-64-11-60-12-1-90-54-98-22-62-96-20-37-74-6-87-34-100-15-35-23-42-70-72-88-5-14-33-36-10-43-2-21-46-99-76-48-95-31-16-86-25-57-68-65-89-3-18-78-4-39-69-50-30-7-97-85-38-94-75-79-73-44-49-9-32-91-45-8-61-80-63-17-41-13-82-71-28-84-93-29-58-19-53-55-66-59
Ta100x20,10,2,200,0.9625,0.025,4,2231004237,17000,6663,6465,6298,3.011939646,v2_avx512bw_vec32_exact_perm,81-24-77-51-52-26-34-40-27-83-64-65-90-11-92-54-96-1-98-87-6-12-62-35-31-70-18-82-20-74-56-15-37-47-43-4-78-67-10-23-99-22-88-75-46-86-5-25-21-60-3-76-73-36-2-7-16-95-97-14-38-68-72-71-39-89-33-50-30-28-63-42-17-100-48-44-69-41-8-13-57-94-32-19-9-61-45-49-85-84-79-91-29-58-59-80-66-55-53-93
Ta100x20,10,2,200,0.9625,0.025,5,2231005246,17000,6636,6465,6298,3.157251072,v2_avx512bw_vec32_exact_perm,77-34-40-26-11-87-56-51-6-54-60-83-65-24-98-17-100-1-90-20-62-46-81-35-92-15-52-10-14-22-37-74-27-47-12-43-76-18-48-67-96-64-21-95-38-16-31-23-49-41-84-97-71-70-86-36-78-99-75-45-42-88-68-91-72-25-2-13-69-89-9-50-57-4-73-94-61-63-33-3-5-7-39-44-32-8-85-30-79-29-19-82-58-53-80-55-28-59-66-93
Ta100x20,10,2,200,0.9625,0.025,6,2231006255,17000,6688,6465,6298,3.041151786,v2_avx512bw_vec32_exact_perm,77-34-56-51-81-70-26-40-83-60-90-12-24-54-62-31-20-87-11-100-43-23-92-52-37-1-74-47-45-65-67-27-35-96-64-18-10-98-46-15-84-14-36-42-21-5-72-22-6-3-75-95-2-68-13-25-7-91-39-73-76-4-89-32-48-88-30-49-71-57-85-78-86-99-33-38-9-44-8-17-16-41-94-93-50-63-97-28-79-61-29-58-19-69-82-80-55-53-66-59
Ta100x20,10,2,200,0.9625,0.025,7,2231007264,17000,6707,6465,6298,3.004963317,v2_avx512bw_vec32_exact_perm,77-34-56-100-98-83-81-1-24-40-38-54-92-35-51-90-11-60-62-48-26-65-70-10-18-6-87-14-27-99-46-72-52-67-33-86-43-74-25-22-61-7-31-47-21-16-12-64-88-71-96-95-23-75-15-68-4-42-5-20-36-37-41-94-17-97-57-73-32-2-85-78-76-30-89-9-3-28-91-82-63-45-49-8-13-50-79-84-44-39-58-69-29-66-19-93-53-80-55-59
Ta100x20,10,2,200,0.9625,0.025,8,2231008273,17000,6638,6465,6298,3.125357385,v2_avx512bw_vec32_exact_perm,77-34-40-100-26-83-64-90-51-46-6-27-92-62-43-20-47-67-56-96-1-48-38-12-54-78-11-35-72-98-60-84-70-10-88-52-18-2-14-74-37-24-87-36-22-21-25-95-65-33-16-7-75-15-23-97-32-31-42-5-3-57-94-71-30-81-93-39-63-86-68-13-99-69-89-59-76-4-61-28-50-79-82-9-8-73-19-91-44-41-17-29-85-49-80-66-55-45-58-53
Ta100x20,10,2,200,0.9625,0.025,9,2231009282,17000,6648,6465,6298,3.314512607,v2_avx512bw_vec32_exact_perm,77-34-56-11-20-100-6-1-24-51-60-40-83-92-15-87-54-65-62-27-47-52-81-67-46-48-2-14-35-26-90-74-72-70-10-38-43-61-12-22-18-23-98-96-25-95-64-31-78-33-17-44-36-5-37-91-89-69-42-82-68-4-76-94-73-57-80-63-45-21-71-7-50-13-97-16-86-88-75-99-9-3-32-79-19-49-85-39-84-30-29-28-8-41-58-93-53-55-59-66
Ta100x20,10,2,200,0.9625,0.025,10,2231010291,17000,6691,6465,6298,3.271466524,v2_avx512bw_vec32_exact_perm,77-56-51-87-90-6-38-11-20-40-92-43-83-34-26-67-70-21-12-60-35-18-31-27-54-1-62-65-44-36-42-15-96-2-52-72-24-64-25-100-88-74-10-48-22-98-84-95-46-91-81-73-14-78-3-75-32-7-37-16-41-71-39-57-23-5-89-47-68-4-17-13-63-97-86-33-76-9-94-69-45-49-28-61-50-19-99-85-82-8-79-66-29-58-30-80-93-55-53-59
Ta100x20,10,2,200,0.9625,0.05,1,2231001210,17000,6724,6465,6298,2.772825396,v2_avx512bw_vec32_exact_perm,77-81-40-31-56-11-20-26-90-24-43-67-38-92-51-34-47-54-84-21-10-14-22-70-60-83-46-65-37-35-25-27-52-6-87-96-74-100-48-2-15-17-88-62-49-63-76-4-95-98-12-69-45-42-1-61-89-97-23-75-3-57-82-18-32-64-72-86-28-13-71-36-68-78-99-16-33-73-5-39-91-85-9-8-79-7-29-19-50-30-59-55-41-80-44-66-93-94-53-58
Ta100x20,10,2,200,0.9625,0.05,2,2231002219,17000,6670,6465,6298,2.810708194,v2_avx512bw_vec32_exact_perm,77-34-56-26-100-38-52-90-40-87-6-92-24-21-1-27-83-60-51-15-70-37-72-20-48-74-36-35-54-96-84-12-11-67-88-81-68-10-25-65-99-95-78-14-41-46-64-98-75-22-33-43-30-62-76-49-97-23-82-2-28-71-4-47-57-86-42-45-89-63-91-32-31-3-9-5-16-39-61-18-44-94-50-85-7-8-73-13-69-79-59-17-29-58-66-19-53-80-55-93
Ta100x20,10,2,200,0.9625,0.05,3,2231003228,17000,6694,6465,6298,2.802102162,v2_avx512bw_vec32_exact_perm,81-40-77-34-83-70-51-60-64-62-92-1-95-74-24-87-96-20-56-2-36-16-12-100-47-26-6-46-43-54-18-27-31-57-90-94-52-48-21-38-10-84-25-15-37-32-98-5-67-35-85-72-68-71-22-42-49-14-73-13-11-8-7-97-45-75-99-17-33-3-88-63-39-65-86-23-78-4-50-76-9-30-69-44-41-91-89-61-93-28-79-82-29-58-19-66-80-53-55-59
Ta100x20,10,2,200,0.9625,0.05,4,2231004237,17000,6703,6465,6298,2.884549827,v2_avx512bw_vec32_exact_perm,77-34-40-11-51-26-81-100-6-24-52-87-65-12-83-43-18-20-92-10-98-27-62-1-3-37-96-70-35-72-46-14-60-36-78-25-28-90-74-48-23-64-61-21-56-31-15-22-54-67-16-84-75-4-42-32-97-76-93-89-95-47-68-57-88-86-99-71-33-13-94-45-5-73-85-17-63-49-50-9-44-2-7-8-39-41-91-38-69-30-79-82-80-53-29-58-66-19-55-59
Ta100x20,10,2,200,0.9625,0.05,5,2231005246,17000,6688,6465,6298,2.901754201,v2_avx512bw_vec32_exact_perm,77-34-100-81-24-43-51-11-90-40-21-83-54-56-52-62-26-98-6-18-60-92-87-47-64-12-27-1-78-70-35-23-74-65-37-31-5-42-67-14-68-48-57-36-15-95-10-22-88-84-4-16-75-7-86-33-25-46-39-96-20-80-61-45-72-73-91-71-76-2-41-17-89-49-44-13-28-85-38-97-9-8-94-50-69-79-99-63-29-19-30-3-32-82-58-55-53-93-66-59
Ta100x20,10,2,200,0.9625,0.05,6,2231006255,17000,6730,6465,6298,2.738101366,v2_avx512bw_vec32_exact_perm,81-77-51-90-34-11-64-43-40-26-56-47-20-60-96-87-67-83-36-24-92-54-37-74-1-95-27-6-12-46-22-62-5-10-23-42-86-25-4-35-2-38-7-17-78-100-65-70-52-88-48-91-71-21-49-18-68-45-72-44-13-75-89-69-3-32-15-97-99-30-33-94-31-98-14-50-57-39-55-63-73-9-76-16-84-61-8-82-41-28-79-59-85-19-29-58-66-80-53-93
Ta100x20,10,2,200,0.9625,0.05,7,2231007264,17000,6732,6465,6298,2.814266844,v2_avx512bw_vec32_exact_perm,77-56-90-34-38-40-26-83-92-11-100-51-18-6-60-81-47-27-54-15-20-52-10-4-67-36-74-64-99-35-88-22-94-37-87-65-68-70-98-62-75-1-72-24-91-21-46-96-2-9-85-16-82-63-48-25-76-97-31-95-43-42-57-86-71-12-5-69-14-23-3-79-78-8-33-39-32-73-7-84-41-30-17-13-45-61-28-89-19-44-29-58-93-50-66-55-49-53-80-59
Ta100x20,10,2,200,0.9625,0.05,8,2231008273,17000,6688,6465,6298,2.860582699,v2_avx512bw_vec32_exact_perm,77-34-40-26-83-1-81-87-100-54-11-92-62-51-60-47-20-52-74-70-67-56-90-14-21-15-65-10-39-27-24-18-43-3-72-96-76-35-98-12-5-22-38-6-37-13-64-46-75-4-23-2-32-89-28-78-88-71-95-61-68-57-25-36-84-45-30-48-97-41-99-94-44-33-86-42-31-7-9-91-17-50-73-85-63-93-8-69-16-49-80-82-79-29-58-19-66-55-53-59
Ta100x20,10,2,200,0.9625,0.05,9,2231009282,17000,6686,6465,6298,3.073161576,v2_avx512bw_vec32_exact_perm,77-34-100-81-56-51-24-92-43-83-98-27-6-40-90-12-60-54-36-33-20-62-87-74-65-96-67-70-15-26-52-11-1-14-22-72-47-35-64-95-86-31-37-42-76-10-16-78-5-2-46-97-75-21-84-38-25-88-57-85-39-17-73-48-18-99-23-68-91-50-45-4-89-7-69-44-8-41-71-13-9-30-61-94-32-19-3-63-58-49-93-79-29-28-53-82-80-55-59-66
Ta100x20,10,2,200,0.9625,0.05,10,2231010291,17000,6692,6465,6298,3.020422967,v2_avx512bw_vec32_exact_perm,77-34-56-6-90-51-40-43-11-100-98-62-33-24-47-83-70-72-26-67-64-37-1-74-25-36-20-46-48-60-35-10-92-21-27-76-12-54-96-87-99-42-15-95-14-52-88-18-94-65-22-86-61-4-31-80-16-75-2-50-78-30-97-7-81-23-17-73-68-9-45-32-57-3-71-63-5-89-49-85-13-93-44-8-84-69-39-28-38-91-19-41-79-82-58-29-55-53-66-59
Ta100x20,10,2,200,0.9625,0.075,1,2231001210,17000,6707,6465,6298,2.625455729,v2_avx512bw_vec32_exact_perm,77-34-56-100-6-24-51-26-87-60-90-11-40-54-92-23-21-65-4-37-25-2-83-57-38-74-36-18-62-1-84-96-52-46-27-35-44-81-67-22-43-70-78-31-12-76-15-75-3-20-10-88-17-72-28-16-42-85-82-97-89-95-14-32-48-98-7-30-49-68-71-39-64-47-63-5-8-91-9-86-73-41-79-45-94-13-33-99-69-61-50-29-58-66-93-19-53-80-55-59
Ta100x20,10,2,200,0.9625,0.075,2,2231002219,17000,6666,6465,6298,2.811883879,v2_avx512bw_vec32_exact_perm,77-34-56-90-40-43-83-1-11-98-6-62-26-24-51-81-70-21-54-96-25-52-17-27-87-100-20-46-22-86-72-15-12-14-38-60-35-31-99-48-10-75-37-74-2-65-78-64-18-92-94-42-69-68-73-41-95-71-13-5-36-84-23-97-67-47-16-32-9-45-61-3-88-49-57-39-91-63-76-30-89-79-44-33-4-29-28-19-85-93-50-7-82-8-80-53-58-55-59-66
Ta100x20,10,2,200,0.9625,0.075,3,2231003228,17000,6693,6465,6298,2.797719236,v2_avx512bw_vec32_exact_perm,77-56-40-83-51-87-6-81-34-27-52-12-38-75-35-62-24-60-11-37-64-43-7-92-72-46-54-14-47-18-22-31-26-65-48-25-5-90-67-100-15-70-74-42-2-1-95-21-99-68-86-30-98-94-96-20-10-61-4-16-32-85-49-88-33-23-8-13-63-17-97-36-57-45-78-89-69-9-44-71-91-76-28-19-3-41-50-39-84-73-82-79-58-29-66-93-59-80-55-53
Ta100x20,10,2,200,0.9625,0.075,4,2231004237,17000,6678,6465,6298,2.806381909,v2_avx512bw_vec32_exact_perm,77-46-20-34-64-90-11-87-43-24-51-56-60-15-6-65-27-74-98-54-92-18-37-35-40-36-67-83-47-78-52-22-48-100-26-62-25-38-33-21-31-14-70-94-68-57-1-32-95-10-88-73-3-76-96-75-86-97-84-99-71-5-4-72-2-61-7-12-85-23-39-9-91-8-81-41-42-44-16-50-49-93-19-45-89-69-63-17-13-29-28-30-82-79-59-80-53-66-55-58
Ta100x20,10,2,200,0.9625,0.075,5,2231005246,17000,6707,6465,6298,3.037588063,v2_avx512bw_vec32_exact_perm,77-34-56-51-81-43-40-83-27-54-24-90-11-87-21-38-46-6-60-12-26-100-14-48-98-15-25-70-35-96-37-20-72-67-36-95-92-64-47-68-31-22-65-86-62-78-89-88-30-2-52-84-63-74-1-39-18-5-4-23-75-17-10-9-32-7-85-45-97-76-8-42-49-71-50-33-73-3-13-44-91-99-41-94-69-82-28-16-29-57-61-66-93-79-58-19-53-80-55-59
Ta100x20,10,2,200,0.9625,0.075,6,2231006255,17000,6688,6465,6298,2.637704701,v2_avx512bw_vec32_exact_perm,77-34-56-6-40-43-38-51-60-24-54-74-3-90-26-14-21-88-11-100-87-96-47-70-98-81-92-72-5-83-68-25-52-12-18-1-35-31-22-20-48-64-36-37-15-2-46-16-75-23-97-27-49-86-4-67-7-65-78-44-95-82-62-57-10-76-91-63-69-45-84-28-94-42-41-89-32-85-9-13-17-73-61-39-71-30-33-99-79-50-93-8-80-29-58-19-66-53-55-59
Ta100x20,10,2,200,0.9625,0.075,7,2231007264,17000,6688,6465,6298,2.793476505,v2_avx512bw_vec32_exact_perm,77-34-56-40-26-60-65-64-83-87-54-17-43-15-100-14-96-20-90-11-35-92-51-6-52-18-74-98-37-24-1-21-48-47-10-16-88-12-2-31-46-67-70-7-57-22-84-75-81-38-42-94-61-39-62-69-27-5-45-95-78-86-44-73-68-30-76-23-32-25-71-4-72-41-89-13-99-36-63-33-3-19-91-8-85-9-97-49-79-93-50-58-29-28-82-53-80-55-66-59
Ta100x20,10,2,200,0.9625,0.075,8,2231008273,17000,6688,6465,6298,2.740593513,v2_avx512bw_vec32_exact_perm,77-34-56-26-83-40-98-12-1-60-20-64-90-47-96-43-6-51-67-87-72-11-70-92-22-74-54-65-52-23-14-7-10-94-99-100-35-46-16-62-37-3-15-5-27-68-25-36-31-17-95-32-48-57-18-86-78-88-97-38-21-63-2-42-4-91-76-75-33-24-39-84-41-71-69-50-73-9-81-45-89-13-28-8-44-82-85-49-61-79-30-29-58-66-19-93-80-53-55-59
Ta100x20,10,2,200,0.9625,0.075,9,2231009282,17000,6688,6465,6298,2.878839803,v2_avx512bw_vec32_exact_perm,77-34-56-100-51-11-87-83-6-90-92-40-70-20-43-72-46-1-38-60-98-12-21-2-52-37-35-10-96-24-62-26-64-81-57-27-74-48-94-4-23-63-7-14-67-16-47-65-61-91-18-36-32-88-31-79-86-3-68-49-76-39-78-30-97-71-50-25-42-45-95-5-22-99-75-15-73-89-41-13-17-54-29-44-8-85-28-9-84-19-58-69-33-66-82-80-53-93-55-59
Ta100x20,10,2,200,0.9625,0.075,10,2231010291,17000,6672,6465,6298,2.916814262,v2_avx512bw_vec32_exact_perm,77-56-26-40-83-27-98-62-20-11-34-14-92-47-25-43-87-54-6-24-60-48-51-46-10-70-21-16-88-72-2-7-18-74-64-1-52-90-67-81-36-75-22-23-15-78-100-5-96-37-12-3-86-17-42-31-68-65-82-63-91-95-89-73-99-4-32-33-97-45-38-71-76-85-9-35-19-39-13-50-57-49-44-8-84-41-61-93-94-69-28-79-29-58-30-53-80-55-59-66
Ta100x20,10,2,200,0.9625,0.1,1,2231001210,17000,6653,6465,6298,2.959307099,v2_avx512bw_vec32_exact_perm,77-6-51-11-64-31-70-60-34-14-40-24-43-90-87-20-47-26-36-54-52-18-56-83-21-100-35-15-81-92-65-78-8-48-27-67-96-38-74-2-7-12-86-46-73-98-62-22-1-33-95-32-10-72-5-76-84-25-4-37-75-61-88-71-57-23-68-69-85-94-49-45-97-42-16-9-41-13-17-82-63-3-39-79-28-89-19-44-91-99-50-29-66-58-59-30-80-55-53-93
Ta100x20,10,2,200,0.9625,0.1,2,2231002219,17000,6688,6465,6298,2.70060439,v2_avx512bw_vec32_exact_perm,77-34-40-56-67-72-83-6-51-3-62-92-87-54-65-24-43-11-74-35-26-90-100-60-98-18-23-27-37-33-2-42-48-70-1-10-12-47-96-22-7-14-21-46-17-86-95-31-52-25-63-64-88-20-36-75-16-82-4-57-78-15-99-9-8-89-61-94-73-13-28-32-5-97-76-68-38-91-71-81-84-45-69-41-44-79-30-49-85-39-50-29-58-19-53-93-80-55-66-59
Ta100x20,10,2,200,0.9625,0.1,3,2231003228,17000,6732,6465,6298,2.926061741,v2_avx512bw_vec32_exact_perm,77-56-11-81-87-43-40-24-52-83-100-90-92-3-51-34-54-60-38-74-18-70-15-12-65-48-25-6-88-64-72-35-75-31-23-22-62-46-33-78-96-1-98-67-37-73-95-27-2-36-14-20-26-21-32-30-17-8-85-76-10-42-97-49-16-39-47-89-13-4-57-86-7-5-68-79-84-99-9-94-63-82-28-61-71-91-45-44-58-41-50-29-19-69-66-55-93-53-80-59
Ta100x20,10,2,200,0.9625,0.1,4,2231004237,17000,6679,6465,6298,2.918232453,v2_avx512bw_vec32_exact_perm,77-56-87-51-40-20-26-24-54-43-92-96-81-98-10-74-3-60-34-70-83-36-6-52-38-37-27-22-90-35-72-12-47-100-18-31-15-75-64-11-97-76-1-48-67-23-32-78-46-16-89-65-91-5-88-21-14-95-57-9-82-99-25-19-62-33-94-2-4-42-86-7-68-28-85-61-71-49-63-44-13-8-73-39-79-17-41-84-69-45-30-80-50-59-29-66-93-53-55-58
Ta100x20,10,2,200,0.9625,0.1,5,2231005246,17000,6688,6465,6298,3.143287489,v2_avx512bw_vec32_exact_perm,77-81-40-51-92-6-100-52-24-11-90-36-54-46-62-23-84-43-18-70-34-56-60-25-87-26-72-1-48-67-15-83-12-98-27-20-68-37-35-96-21-10-14-47-5-75-64-28-74-45-88-78-17-22-76-97-3-73-16-94-7-89-85-31-95-32-65-61-33-2-63-30-71-9-86-42-57-39-13-44-50-49-99-8-4-91-69-79-38-82-41-29-58-66-19-93-80-53-55-59
Ta100x20,10,2,200,0.9625,0.1,6,2231006255,17000,6702,6465,6298,3.030495511,v2_avx512bw_vec32_exact_perm,77-34-56-15-43-40-11-24-26-54-87-51-48-12-7-96-6-90-83-74-92-64-1-47-75-60-20-36-62-2-52-31-38-23-67-72-14-27-70-37-84-10-78-42-22-100-65-21-95-63-35-45-5-9-69-17-44-99-89-25-98-94-68-18-97-46-73-76-57-28-61-3-88-71-16-4-32-86-39-85-50-13-33-81-41-30-8-79-91-49-29-82-66-58-19-93-80-55-53-59
Ta100x20,10,2,200,0.9625,0.1,7,2231007264,17000,6707,6465,6298,2.943625283,v2_avx512bw_vec32_exact_perm,77-34-56-100-26-51-64-11-81-83-6-15-25-67-43-18-65-28-92-1-87-20-52-60-24-40-35-74-54-46-27-70-48-47-10-12-98-84-96-97-21-45-76-5-38-75-23-78-4-42-37-14-88-22-71-68-90-9-2-7-33-73-89-72-95-85-50-39-62-8-36-61-86-69-63-13-82-16-32-31-17-99-49-41-91-94-30-79-44-3-57-58-29-93-66-19-53-80-55-59
Ta100x20,10,2,200,0.9625,0.1,8,2231008273,17000,6687,6465,6298,2.915927921,v2_avx512bw_vec32_exact_perm,6-77-56-11-90-54-46-87-51-1-15-83-20-24-60-14-98-40-92-62-34-47-52-96-30-26-3-10-43-100-86-18-2-27-7-48-35-25-12-81-67-37-95-88-70-78-72-65-68-22-61-64-74-5-79-21-36-23-16-32-97-31-42-4-94-44-63-89-76-28-91-69-71-13-57-33-8-9-38-75-73-39-99-50-49-17-85-84-82-45-41-80-29-58-66-19-93-55-53-59
Ta100x20,10,2,200,0.9625,0.1,9,2231009282,17000,6707,6465,6298,3.186324096,v2_avx512bw_vec32_exact_perm,77-56-24-51-90-11-20-47-92-34-26-83-43-60-40-12-27-36-21-3-95-64-96-74-98-62-100-15-6-54-1-65-46-2-67-81-87-52-16-14-75-78-31-18-91-22-25-99-48-73-13-76-45-35-72-10-23-57-70-37-33-42-39-88-7-86-79-84-71-85-68-97-38-5-30-89-50-41-94-63-44-49-28-9-8-4-82-32-19-61-29-58-69-17-53-66-93-80-55-59
Ta100x20,10,2,200,0.9625,0.1,10,2231010291,17000,6688,6465,6298,3.069291385,v2_avx512bw_vec32_exact_perm,77-34-56-65-100-26-54-90-11-64-51-40-20-72-87-88-83-35-12-25-62-38-6-60-57-47-89-27-21-14-95-15-18-48-92-67-22-45-43-1-46-75-37-24-81-96-70-52-3-23-76-7-97-39-86-42-33-36-10-63-74-71-30-13-82-28-98-61-68-73-94-9-2-78-84-4-32-41-99-5-91-44-31-79-16-85-17-49-58-8-69-50-29-80-53-66-19-55-59-93
Ta100x20,10,2,200,0.9625,0.125,1,2231001210,17000,6715,6465,6298,2.653725475,v2_avx512bw_vec32_exact_perm,77-56-11-100-40-83-27-34-90-12-38-15-54-35-10-6-68-51-26-36-47-96-92-60-18-64-88-71-52-24-72-1-74-98-87-17-65-49-21-46-16-67-81-37-23-2-39-70-75-33-48-62-91-42-31-86-25-73-76-95-97-7-43-89-69-4-32-44-85-22-14-57-78-8-9-19-5-20-13-58-30-84-82-41-3-45-99-79-61-63-28-94-29-66-50-93-53-80-55-59
Ta100x20,10,2,200,0.9625,0.125,2,2231002219,17000,6707,6465,6298,2.741464814,v2_avx512bw_vec32_exact_perm,77-34-40-83-51-56-6-54-98-26-64-100-11-87-24-2-47-12-67-90-65-22-23-74-81-62-18-70-75-89-60-57-35-92-25-96-36-21-52-1-76-48-15-37-72-14-4-16-46-27-20-42-17-38-45-43-5-78-68-44-95-31-73-71-33-85-10-97-32-94-61-88-49-9-63-50-86-13-39-3-7-99-8-82-69-66-30-84-41-79-28-91-29-58-19-93-53-80-55-59
Ta100x20,10,2,200,0.9625,0.125,3,2231003228,17000,6710,6465,6298,2.83089219,v2_avx512bw_vec32_exact_perm,77-34-56-43-87-51-11-6-24-90-54-35-92-26-98-83-40-38-62-37-81-100-88-47-14-27-65-72-20-68-67-48-1-70-60-99-25-21-52-31-10-97-12-3-15-57-74-64-78-75-18-82-22-5-95-2-39-32-42-4-96-30-61-63-23-79-86-46-76-94-41-49-13-45-16-17-85-71-69-73-7-93-89-33-28-19-91-50-9-36-8-44-84-29-80-66-55-53-58-59
Ta100x20,10,2,200,0.9625,0.125,4,2231004237,17000,6732,6465,6298,3.088128308,v2_avx512bw_vec32_exact_perm,77-56-11-38-90-96-40-43-34-6-70-60-51-54-83-15-74-26-100-98-24-37-35-87-65-23-88-31-52-20-64-62-92-47-86-18-89-27-72-1-36-12-42-33-78-25-13-22-57-67-48-97-7-14-68-21-5-2-30-95-4-75-28-84-81-32-8-46-16-44-41-61-10-99-17-94-69-45-82-73-85-29-76-71-58-63-9-50-49-79-39-19-91-3-55-93-66-53-80-59
Ta100x20,10,2,200,0.9625,0.125,5,2231005246,17000,6732,6465,6298,2.845501848,v2_avx512bw_vec32_exact_perm,77-34-40-11-81-65-6-1-60-92-24-35-56-54-43-31-18-37-38-48-46-47-51-20-14-72-36-98-22-74-50-32-4-27-12-90-83-99-23-100-67-15-16-21-97-52-87-26-70-86-10-28-73-78-95-88-85-61-71-94-76-42-96-33-2-57-44-62-84-68-5-89-13-93-75-17-63-9-30-64-39-82-45-7-25-8-41-19-69-91-79-49-29-3-58-66-55-53-80-59
Ta100x20,10,2,200,0.9625,0.125,6,2231006255,17000,6732,6465,6298,2.757329732,v2_avx512bw_vec32_exact_perm,77-56-20-6-15-34-43-96-65-83-35-12-48-54-51-26-47-40-38-1-95-62-46-27-87-70-21-52-11-60-90-37-100-92-25-31-14-2-84-24-81-74-18-72-16-5-67-78-36-17-7-69-98-75-3-76-97-73-10-42-22-4-23-68-88-64-57-45-13-94-32-89-49-85-99-71-66-39-86-91-33-30-8-9-79-82-29-63-93-44-28-41-61-19-50-59-80-53-55-58
Ta100x20,10,2,200,0.9625,0.125,7,2231007264,17000,6702,6465,6298,2.665238667,v2_avx512bw_vec32_exact_perm,77-34-56-40-26-87-20-90-48-65-46-92-51-11-95-12-43-15-38-35-21-27-54-83-24-67-98-52-81-16-88-6-62-70-14-78-61-96-18-72-50-33-31-25-22-99-5-75-60-74-37-57-91-100-84-23-7-1-2-97-10-71-41-64-32-13-47-42-4-17-9-39-86-94-45-68-30-79-63-82-76-85-44-36-28-89-3-49-8-73-69-29-58-66-19-93-80-55-53-59
Ta100x20,10,2,200,0.9625,0.125,8,2231008273,17000,6733,6465,6298,2.610783263,v2_avx512bw_vec32_exact_perm,77-56-51-20-40-34-83-52-47-24-67-11-60-38-35-100-12-17-81-26-37-27-54-22-31-72-30-90-43-10-25-4-18-92-62-70-23-96-21-1-64-6-2-42-74-69-14-7-33-78-5-65-87-48-61-68-89-88-75-93-95-36-15-94-16-57-84-98-41-3-85-9-8-82-76-63-28-86-91-97-79-46-45-44-32-71-13-99-19-29-39-73-49-58-50-66-55-53-80-59
Ta100x20,10,2,200,0.9625,0.125,9,2231009282,17000,6694,6465,6298,2.487427135,v2_avx512bw_vec32_exact_perm,77-34-56-40-26-100-46-54-83-12-6-60-51-87-20-36-90-70-37-24-11-35-47-67-76-43-33-22-52-10-81-78-25-98-27-92-18-74-1-15-65-73-4-31-61-2-39-48-42-72-14-79-95-64-75-58-96-13-23-32-62-97-86-7-68-57-16-5-88-91-89-84-30-21-9-71-3-44-8-99-41-17-38-94-93-69-63-45-49-19-85-28-82-50-29-53-80-55-66-59
Ta100x20,10,2,200,0.9625,0.125,10,2231010291,17000,6688,6465,6298,2.506088287,v2_avx512bw_vec32_exact_perm,77-34-56-51-92-11-87-20-43-70-40-24-27-67-83-74-38-84-60-54-10-36-47-5-78-62-37-46-64-6-90-26-98-86-1-95-100-35-23-31-3-2-52-22-96-21-12-63-14-68-15-88-81-97-18-16-48-76-25-57-42-85-39-65-30-94-32-7-33-61-72-89-75-9-44-4-49-28-79-13-8-73-91-71-99-17-45-50-69-41-82-29-58-66-19-93-80-53-55-59
Ta100x20,10,2,200,1,0.025,1,2231001210,17000,6696,6465,6298,2.814195445,v2_avx512bw_vec32_exact_perm,77-56-11-90-24-43-51-83-87-34-72-60-6-54-17-40-1-46-20-70-92-67-74-52-18-78-10-88-14-64-48-37-36-100-62-15-47-35-42-7-31-95-25-26-38-65-16-23-91-84-27-41-96-2-12-22-75-81-4-98-9-21-73-71-57-82-76-99-94-5-68-97-33-86-63-44-50-89-69-61-85-30-45-28-29-39-93-32-13-8-19-49-79-53-55-80-3-59-66-58
Ta100x20,10,2,200,1,0.025,2,2231002219,17000,6654,6465,6298,2.823245403,v2_avx512bw_vec32_exact_perm,77-34-56-26-40-83-92-54-100-43-51-90-12-17-6-27-46-62-72-75-15-60-37-1-95-22-38-35-57-14-78-65-24-74-47-11-96-70-98-48-31-87-20-18-2-52-36-7-25-61-64-23-21-67-68-84-71-5-97-63-10-41-13-73-45-76-3-94-88-42-99-16-4-81-86-44-39-69-91-33-89-9-28-50-85-80-8-32-30-49-79-82-29-58-66-19-55-59-53-93
Ta100x20,10,2,200,1,0.025,3,2231003228,17000,6688,6465,6298,2.710914436,v2_avx512bw_vec32_exact_perm,77-56-26-11-6-83-40-54-24-43-67-90-92-52-87-60-70-1-96-100-34-10-81-51-47-2-4-72-14-74-37-23-20-15-31-98-42-35-12-62-27-64-18-46-3-5-32-48-97-75-38-16-61-22-95-65-7-76-25-69-57-79-85-36-39-88-82-45-94-68-89-63-9-73-13-19-91-99-17-21-86-30-84-71-78-44-8-33-49-41-50-80-29-66-93-53-55-58-28-59
Ta100x20,10,2,200,1,0.025,4,2231004237,17000,6688,6465,6298,2.718923369,v2_avx512bw_vec32_exact_perm,77-34-56-40-100-67-83-15-54-43-20-90-51-12-11-87-75-24-26-72-81-62-74-14-38-1-64-6-48-60-47-96-46-78-70-31-52-21-25-84-65-22-92-42-10-68-97-98-95-36-18-5-63-91-27-4-23-35-86-44-13-89-88-2-37-33-61-9-94-99-69-8-7-30-16-29-41-28-85-3-17-57-71-76-79-32-39-73-45-19-50-49-82-66-55-80-58-53-93-59
Ta100x20,10,2,200,1,0.025,5,2231005246,17000,6688,6465,6298,2.798529666,v2_avx512bw_vec32_exact_perm,77-34-56-26-90-87-67-15-40-1-70-83-92-20-38-51-6-60-11-35-65-54-47-43-22-52-25-10-14-18-72-81-98-62-21-27-24-74-46-12-96-76-78-73-75-5-48-23-100-17-37-68-64-94-57-95-4-99-88-97-16-30-2-85-39-42-63-33-86-36-7-82-45-89-3-13-28-50-44-31-32-84-71-69-19-41-61-93-91-9-8-79-49-29-58-80-53-55-66-59
Ta100x20,10,2,200,1,0.025,6,2231006255,17000,6688,6465,6298,2.687315819,v2_avx512bw_vec32_exact_perm,77-34-56-51-26-87-12-90-40-92-43-6-67-37-60-24-64-11-83-74-47-75-15-1-35-96-65-100-20-48-98-18-78-22-17-69-54-62-46-10-84-70-88-4-99-95-52-23-41-27-14-86-21-16-38-97-31-85-13-33-76-25-63-28-89-50-42-73-39-5-71-36-32-82-45-72-57-68-81-94-2-79-30-61-3-7-8-49-9-91-44-29-58-66-19-93-80-53-55-59
Ta100x20,10,2,200,1,0.025,7,2231007264,17000,6711,6465,6298,2.721053045,v2_avx512bw_vec32_exact_perm,77-34-56-26-21-87-90-40-54-15-11-98-83-65-92-100-38-81-1-70-6-62-60-35-23-47-51-88-27-25-64-12-67-52-18-74-2-97-10-84-96-14-36-41-68-48-78-5-76-72-32-43-71-20-91-99-37-75-46-24-31-4-17-95-89-42-22-63-9-69-82-16-86-73-45-33-80-13-61-28-39-94-57-44-8-85-30-79-49-3-7-53-50-29-93-55-58-19-66-59
Ta100x20,10,2,200,1,0.025,8,2231008273,17000,6703,6465,6298,2.708414026,v2_avx512bw_vec32_exact_perm,77-34-56-51-87-52-6-65-24-36-90-47-43-20-54-11-40-1-26-60-35-81-100-12-62-15-92-21-31-84-22-27-70-96-67-38-98-97-86-17-46-83-14-88-76-48-10-37-75-72-59-25-42-64-68-74-5-39-73-95-44-32-18-7-8-13-30-89-2-71-78-45-57-16-61-99-69-50-9-41-4-91-3-23-63-33-66-49-79-94-82-85-28-29-58-19-93-55-53-80
Ta100x20,10,2,200,1,0.025,9,2231009282,17000,6679,6465,6298,2.882960323,v2_avx512bw_vec32_exact_perm,77-34-40-56-26-65-60-6-38-51-92-54-87-24-74-35-90-70-67-62-83-98-4-100-96-12-43-1-15-23-22-72-27-14-99-46-18-48-84-75-36-95-25-52-37-10-71-81-47-89-64-7-5-61-68-21-76-78-49-20-63-11-85-30-44-69-88-94-16-31-17-91-42-79-73-97-86-9-57-29-33-2-45-32-50-41-3-39-13-58-93-8-19-66-82-28-59-80-55-53
Ta100x20,10,2,200,1,0.025,10,2231010291,17000,6709,6465,6298,2.781397801,v2_avx512bw_vec32_exact_perm,77-34-56-26-40-38-35-24-90-1-11-87-100-20-6-16-54-52-18-83-15-36-92-60-81-51-12-99-72-27-74-70-39-31-48-22-14-62-96-91-67-65-44-7-10-86-37-46-42-95-47-43-64-68-21-89-5-2-78-88-61-98-23-75-69-57-4-76-17-41-79-71-73-63-9-82-94-32-13-45-28-3-25-84-97-49-85-66-30-33-93-8-50-80-29-58-19-53-55-59
Ta100x20,10,2,200,1,0.05,1,2231001210,17000,6703,6465,6298,2.756918324,v2_avx512bw_vec32_exact_perm,77-56-34-11-88-100-40-24-17-51-52-27-43-38-90-87-96-92-20-83-1-81-12-10-6-72-37-98-35-54-70-78-15-25-60-21-67-74-47-65-45-18-23-97-46-95-22-69-57-76-26-36-50-86-75-4-62-99-61-64-31-14-9-2-13-91-39-89-32-63-71-33-68-94-42-93-44-48-5-16-73-28-8-30-85-7-84-41-82-79-49-29-80-3-53-66-58-19-55-59
Ta100x20,10,2,200,1,0.05,2,2231002219,17000,6703,6465,6298,2.865265991,v2_avx512bw_vec32_exact_perm,77-56-38-81-40-51-60-36-46-6-54-34-92-83-52-12-10-11-43-67-15-72-74-96-24-27-100-70-87-25-98-35-13-62-23-37-20-65-1-84-2-31-94-22-7-82-78-73-64-18-91-86-95-97-75-5-99-76-21-16-88-48-33-32-42-14-26-85-90-9-4-69-47-71-49-3-68-63-89-39-17-61-30-57-28-44-93-79-45-8-41-50-53-80-29-58-66-19-55-59
Ta100x20,10,2,200,1,0.05,3,2231003228,17000,6688,6465,6298,2.812452923,v2_avx512bw_vec32_exact_perm,77-34-40-56-24-43-100-11-26-42-83-87-90-92-12-60-54-81-51-6-1-70-15-20-96-23-52-72-98-22-4-46-27-62-3-88-35-37-64-74-18-68-78-17-5-65-67-73-2-48-95-75-28-31-16-14-71-7-21-47-25-89-44-50-86-57-91-10-97-61-85-9-45-99-76-94-32-84-36-38-82-13-63-8-41-69-39-49-79-33-30-29-58-66-19-93-80-53-55-59
Ta100x20,10,2,200,1,0.05,4,2231004237,17000,6732,6465,6298,2.886622593,v2_avx512bw_vec32_exact_perm,77-34-56-100-83-92-65-51-20-36-1-90-52-11-54-40-47-43-14-62-26-67-96-18-99-87-7-70-42-74-15-22-12-21-27-6-38-23-24-46-48-19-35-10-78-60-16-45-57-4-81-39-33-85-88-50-37-89-2-75-31-49-86-5-72-95-73-17-25-64-94-32-98-76-63-30-97-71-13-84-68-61-41-28-3-69-8-9-44-79-91-93-82-58-29-66-55-53-80-59
Ta100x20,10,2,200,1,0.05,5,2231005246,17000,6688,6465,6298,2.921287287,v2_avx512bw_vec32_exact_perm,77-34-56-100-26-92-65-24-54-6-51-83-98-60-11-40-96-52-47-87-62-1-74-12-38-81-15-10-43-21-67-31-46-3-18-48-35-27-78-70-42-20-68-37-36-71-99-75-95-25-88-72-86-5-22-44-17-39-57-4-64-14-7-90-61-2-89-16-85-76-23-97-32-13-41-50-33-69-94-93-9-91-79-73-8-45-19-82-28-63-84-30-49-29-58-80-53-55-66-59
Ta100x20,10,2,200,1,0.05,6,2231006255,17000,6667,6465,6298,2.875994857,v2_avx512bw_vec32_exact_perm,77-56-100-26-83-6-34-64-38-60-24-74-11-54-67-21-52-65-87-90-18-17-43-27-22-1-12-72-35-70-51-96-20-32-46-15-40-31-4-98-92-84-89-36-48-37-41-23-68-5-42-94-62-47-95-25-86-97-81-10-2-9-13-75-49-79-73-45-85-78-14-44-7-30-39-57-8-76-88-82-71-99-69-91-61-16-19-33-29-63-28-93-3-50-59-80-53-55-66-58
Ta100x20,10,2,200,1,0.05,7,2231007264,17000,6688,6465,6298,2.820644949,v2_avx512bw_vec32_exact_perm,77-34-40-26-36-51-56-90-6-11-43-20-22-64-52-47-96-87-65-92-67-23-54-74-72-15-12-27-31-37-60-68-100-1-83-81-84-70-10-24-3-78-16-5-97-38-42-76-35-88-69-21-9-48-25-94-2-62-75-99-98-57-32-45-46-91-18-13-44-7-33-28-89-41-82-4-17-14-85-71-63-73-95-8-80-30-39-79-86-50-61-49-29-58-66-19-93-55-53-59
Ta100x20,10,2,200,1,0.05,8,2231008273,17000,6732,6465,6298,2.696056941,v2_avx512bw_vec32_exact_perm,77-34-81-40-11-54-51-100-26-87-56-92-6-88-83-35-20-12-60-52-38-23-27-74-70-98-65-62-18-43-67-31-37-90-64-14-22-61-24-7-76-78-32-46-69-21-44-72-5-48-3-86-89-96-25-13-45-75-36-57-9-47-4-84-95-15-10-97-17-8-41-42-2-28-68-73-63-94-16-39-71-1-19-33-99-91-82-85-58-53-30-79-29-93-50-49-66-55-80-59
Ta100x20,10,2,200,1,0.05,9,2231009282,17000,6691,6465,6298,2.737016149,v2_avx512bw_vec32_exact_perm,81-40-56-77-11-51-34-100-92-83-43-60-90-6-1-18-70-24-62-44-10-26-15-52-54-46-35-94-21-16-47-88-37-27-25-36-67-72-98-74-14-65-3-22-7-5-23-95-71-42-31-38-73-87-64-78-76-96-69-4-20-75-12-9-57-33-2-68-86-99-39-41-30-48-45-91-82-17-85-79-89-63-50-97-13-32-84-8-49-28-61-29-58-19-66-93-80-53-55-59
Ta100x20,10,2,200,1,0.05,10,2231010291,17000,6677,6465,6298,2.687105532,v2_avx512bw_vec32_exact_perm,77-56-51-11-6-20-47-90-15-34-40-54-100-83-38-18-95-52-14-27-92-65-81-43-37-35-62-24-21-10-26-87-23-78-96-36-76-68-67-86-89-72-45-64-74-22-12-46-25-60-3-1-49-75-99-70-39-31-88-2-71-57-4-73-41-42-32-13-82-91-17-5-98-16-61-48-7-44-50-9-8-84-97-85-28-94-69-79-63-30-29-19-33-93-80-53-55-59-66-58
Ta100x20,10,2,200,1,0.075,1,2231001210,17000,6710,6465,6298,2.748793066,v2_avx512bw_vec32_exact_perm,77-34-56-26-64-51-88-81-40-96-100-20-87-90-70-60-11-98-74-83-6-84-24-35-12-43-1-62-76-78-22-27-65-92-47-18-14-21-67-52-15-48-91-69-97-73-54-2-39-36-23-10-7-75-37-42-16-33-17-3-46-68-89-63-95-72-31-25-86-13-5-57-8-71-32-44-99-4-41-19-9-85-94-61-49-50-45-38-29-30-93-80-79-66-53-28-82-55-58-59
Ta100x20,10,2,200,1,0.075,2,2231002219,17000,6732,6465,6298,2.705176708,v2_avx512bw_vec32_exact_perm,77-56-12-100-51-17-34-18-43-6-98-52-62-40-96-90-11-70-87-60-99-92-24-20-26-31-74-72-65-25-63-54-75-5-67-33-1-81-47-27-97-37-2-14-10-36-68-83-22-21-95-46-23-89-38-91-44-16-86-78-35-85-49-4-76-48-88-42-32-64-94-39-15-61-71-57-13-84-45-7-93-30-8-41-9-50-69-79-58-19-29-3-28-73-82-55-53-66-80-59
Ta100x20,10,2,200,1,0.075,3,2231003228,17000,6700,6465,6298,2.707186117,v2_avx512bw_vec32_exact_perm,77-34-56-20-90-11-26-40-83-43-24-100-12-36-47-1-94-22-74-51-70-96-87-84-6-54-60-25-86-2-64-72-98-92-31-65-7-27-18-21-48-88-35-37-63-52-10-78-46-4-23-3-5-42-61-67-68-62-89-69-45-81-76-57-14-38-95-16-15-97-44-91-9-75-32-71-50-33-73-39-99-13-41-17-8-30-79-85-93-49-59-29-28-66-19-82-80-53-55-58
Ta100x20,10,2,200,1,0.075,4,2231004237,17000,6698,6465,6298,2.875082851,v2_avx512bw_vec32_exact_perm,77-34-56-40-43-24-38-88-20-36-54-21-83-90-98-99-60-95-1-87-15-22-92-51-6-75-62-26-5-25-64-37-31-23-52-2-35-74-18-65-14-12-72-81-27-47-67-16-46-97-3-86-7-10-11-70-100-48-13-96-78-68-91-42-45-89-73-4-49-32-94-76-61-28-33-39-30-79-50-71-57-9-69-63-44-8-84-41-93-17-29-19-53-82-85-80-59-66-55-58
Ta100x20,10,2,200,1,0.075,5,2231005246,17000,6707,6465,6298,2.683322103,v2_avx512bw_vec32_exact_perm,77-34-56-15-51-100-81-40-54-36-11-92-64-90-26-83-74-23-98-43-75-12-35-67-72-37-2-96-18-6-70-47-65-1-52-60-20-27-24-62-31-25-14-87-88-89-99-28-33-95-57-22-46-48-76-91-17-42-97-86-78-32-71-16-73-7-21-4-94-10-3-68-61-63-44-41-39-93-84-69-85-5-38-9-45-79-29-50-13-30-8-49-58-66-19-82-53-80-55-59
Ta100x20,10,2,200,1,0.075,6,2231006255,17000,6686,6465,6298,2.870209393,v2_avx512bw_vec32_exact_perm,77-34-56-26-1-90-81-11-24-40-43-51-17-92-83-60-2-54-72-14-27-46-22-87-38-6-52-35-70-21-67-20-64-96-78-74-62-15-65-23-12-31-25-98-33-95-18-47-7-36-100-75-71-10-76-48-84-50-97-32-73-86-37-5-69-39-61-88-16-42-91-57-89-68-41-82-3-9-99-45-4-44-94-85-30-28-79-49-29-63-53-19-13-93-8-80-59-55-66-58
Ta100x20,10,2,200,1,0.075,7,2231007264,17000,6646,6465,6298,3.093750118,v2_avx512bw_vec32_exact_perm,77-56-40-83-43-26-54-51-64-24-15-60-11-6-52-74-36-34-88-12-67-98-27-65-48-62-20-92-10-84-37-90-100-46-87-22-25-47-95-70-78-1-72-13-96-69-18-2-14-35-5-8-81-75-86-7-31-4-68-42-76-57-23-21-94-38-97-73-91-89-99-16-85-9-50-71-3-39-33-32-61-30-41-44-80-59-17-28-45-82-63-79-49-29-58-66-19-55-53-93
Ta100x20,10,2,200,1,0.075,8,2231008273,17000,6691,6465,6298,3.19278143,v2_avx512bw_vec32_exact_perm,77-34-40-26-51-81-56-6-27-54-11-83-87-43-35-12-92-2-1-60-24-65-98-36-90-96-37-74-23-89-42-64-31-70-47-75-15-88-22-38-67-62-21-97-52-100-16-94-10-46-44-7-14-72-57-76-33-20-17-13-63-45-73-78-4-18-5-79-30-82-95-49-71-32-69-68-8-61-39-50-86-99-91-9-25-85-28-48-29-84-41-3-93-58-66-19-80-55-59-53
Ta100x20,10,2,200,1,0.075,9,2231009282,17000,6689,6465,6298,2.981322525,v2_avx512bw_vec32_exact_perm,77-56-51-34-20-38-60-40-43-6-36-75-90-87-12-11-83-64-54-67-18-96-100-81-62-92-21-65-27-35-78-70-76-1-3-26-15-22-37-72-46-25-48-4-47-74-52-2-23-32-31-97-10-7-45-14-50-24-16-98-39-68-57-86-5-99-91-42-33-41-88-82-95-89-9-13-28-71-61-8-30-73-49-79-85-94-44-58-19-84-17-63-69-29-53-93-80-55-66-59
Ta100x20,10,2,200,1,0.075,10,2231010291,17000,6688,6465,6298,3.011312737,v2_avx512bw_vec32_exact_perm,77-34-56-43-51-83-21-47-60-20-1-52-38-87-11-62-40-26-35-24-6-27-95-14-90-12-84-54-99-4-48-18-100-74-22-2-65-25-46-98-10-37-64-78-15-41-23-3-88-92-13-31-57-36-7-86-70-32-61-5-96-42-45-94-73-75-72-76-67-89-69-9-50-39-33-16-49-63-30-8-81-68-91-97-17-19-44-28-85-82-79-71-58-29-93-80-55-53-66-59
Ta100x20,10,2,200,1,0.1,1,2231001210,17000,6681,6465,6298,2.939183446,v2_avx512bw_vec32_exact_perm,77-34-43-26-24-100-51-83-18-11-64-98-6-92-54-52-87-81-40-36-12-7-27-96-99-35-60-21-16-31-3-70-1-74-46-72-67-86-90-25-57-2-76-37-56-88-89-65-14-47-20-10-22-61-78-73-95-49-15-91-84-75-45-62-71-23-97-13-5-42-94-68-30-28-33-48-63-93-41-4-19-79-32-9-82-8-39-38-29-44-69-50-80-85-53-17-55-59-66-58
Ta100x20,10,2,200,1,0.1,2,2231002219,17000,6705,6465,6298,3.102132426,v2_avx512bw_vec32_exact_perm,77-34-56-51-81-40-90-100-47-11-96-83-20-43-92-27-24-26-54-10-73-3-1-78-2-12-18-74-46-48-37-88-64-35-6-72-52-15-98-75-4-14-87-99-23-42-70-21-65-57-31-7-13-60-25-89-45-62-33-91-97-22-5-17-44-67-50-63-30-36-95-76-61-79-39-85-16-32-41-94-84-38-71-9-58-86-28-49-29-68-93-8-69-19-66-82-80-53-55-59
Ta100x20,10,2,200,1,0.1,3,2231003228,17000,6699,6465,6298,2.842538378,v2_avx512bw_vec32_exact_perm,77-34-56-6-100-43-70-51-90-11-26-20-98-96-40-74-83-21-54-15-36-64-60-92-22-88-99-48-62-87-12-14-27-46-1-2-24-10-37-42-65-52-72-75-47-84-61-25-7-18-89-4-35-31-78-16-57-23-67-97-44-17-85-73-33-95-68-86-69-71-94-38-28-63-9-5-82-32-39-81-53-3-76-91-8-13-45-30-41-93-79-49-50-80-29-58-19-55-66-59
Ta100x20,10,2,200,1,0.1,4,2231004237,17000,6669,6465,6298,2.824562267,v2_avx512bw_vec32_exact_perm,77-34-56-40-100-83-1-11-87-92-51-81-65-94-6-62-27-15-54-60-43-90-36-67-74-47-70-21-25-24-37-26-18-35-48-2-98-52-96-33-5-16-99-46-88-64-23-78-57-82-10-71-95-31-84-76-12-22-8-14-73-41-38-72-97-20-68-42-39-45-30-17-13-32-4-7-86-49-9-75-63-44-28-89-61-19-3-69-50-85-91-80-29-53-93-79-55-59-66-58
Ta100x20,10,2,200,1,0.1,5,2231005246,17000,6732,6465,6298,2.810212716,v2_avx512bw_vec32_exact_perm,77-56-26-34-40-11-54-100-51-92-87-1-96-83-62-67-24-98-3-12-60-72-64-35-15-65-23-46-2-6-74-37-7-48-25-16-70-18-88-27-21-43-76-31-52-10-39-81-20-33-38-8-97-47-28-4-71-42-82-75-78-73-85-14-32-13-22-57-86-5-68-36-89-95-69-91-90-45-99-30-9-61-50-79-84-41-44-94-58-63-49-17-29-19-93-53-66-55-80-59
Ta100x20,10,2,200,1,0.1,6,2231006255,17000,6694,6465,6298,2.869641542,v2_avx512bw_vec32_exact_perm,77-34-56-43-90-6-40-47-83-51-60-100-12-18-74-11-48-24-70-26-81-52-33-62-87-35-54-5-96-99-20-98-65-27-75-92-89-15-37-46-14-67-49-21-88-23-1-78-3-95-73-10-91-64-22-39-16-36-76-68-4-31-38-42-72-44-25-2-17-57-7-13-45-97-86-71-32-61-79-30-94-8-63-28-82-9-84-41-85-29-58-19-93-50-69-55-80-53-66-59
Ta100x20,10,2,200,1,0.1,7,2231007264,17000,6703,6465,6298,2.930444767,v2_avx512bw_vec32_exact_perm,77-56-15-6-100-20-51-90-11-12-43-40-36-64-38-54-60-34-24-83-74-35-87-27-98-70-52-18-25-47-78-86-21-67-61-62-23-46-26-96-81-92-37-65-48-1-75-2-16-5-82-22-95-7-72-9-14-84-10-31-69-63-71-33-42-99-88-76-3-57-50-89-68-97-85-45-39-44-4-17-30-94-41-13-73-8-32-19-91-79-93-29-58-49-53-55-66-80-28-59
Ta100x20,10,2,200,1,0.1,8,2231008273,17000,6693,6465,6298,2.841241257,v2_avx512bw_vec32_exact_perm,77-34-56-26-47-64-60-11-51-38-6-100-92-43-40-1-48-18-20-70-74-15-24-37-54-31-83-35-87-16-14-72-36-22-10-95-27-78-12-82-46-62-67-98-88-90-52-5-84-42-68-21-41-2-75-96-86-23-7-25-65-73-39-4-85-97-3-81-13-71-17-69-99-32-94-89-61-45-91-9-28-79-63-44-76-8-57-33-30-49-29-58-19-50-59-66-93-55-80-53
Ta100x20,10,2,200,1,0.1,9,2231009282,17000,6655,6465,6298,2.814019118,v2_avx512bw_vec32_exact_perm,77-34-56-100-26-92-83-43-6-40-98-54-87-11-90-38-46-60-48-20-70-1-15-72-44-35-5-94-62-12-81-37-96-75-22-51-27-36-33-47-52-67-99-65-21-2-24-10-74-64-31-25-49-42-68-95-14-97-23-69-4-86-89-88-91-7-45-13-18-57-78-71-16-73-32-17-76-61-63-39-9-3-84-29-28-30-79-50-85-59-19-82-66-80-8-41-93-55-58-53
Ta100x20,10,2,200,1,0.1,10,2231010291,17000,6688,6465,6298,2.882615853,v2_avx512bw_vec32_exact_perm,77-34-56-20-54-15-90-40-83-51-11-26-98-92-12-38-29-62-25-87-65-100-60-22-14-47-74-6-70-96-48-1-95-2-18-84-27-46-72-67-37-52-81-68-57-35-10-36-88-43-23-21-75-5-16-30-7-33-76-89-91-4-97-64-39-86-24-79-78-73-17-32-69-9-71-13-45-41-99-50-31-82-42-44-3-63-61-28-94-93-58-8-49-85-19-80-55-53-66-59
Ta100x20,10,2,200,1,0.125,1,2231001210,17000,6705,6465,6298,2.852286853,v2_avx512bw_vec32_exact_perm,77-34-56-15-100-51-87-40-43-83-20-11-37-90-60-98-47-12-6-27-64-1-92-67-46-42-52-5-72-54-33-14-81-38-2-96-70-26-62-65-10-35-4-21-95-24-84-74-88-63-48-22-76-36-23-75-94-18-9-31-86-91-41-69-78-68-3-73-71-7-39-8-25-16-44-13-97-30-79-89-99-85-50-57-32-17-45-61-28-29-93-49-58-19-66-82-80-53-55-59
Ta100x20,10,2,200,1,0.125,2,2231002219,17000,6732,6465,6298,2.865721678,v2_avx512bw_vec32_exact_perm,77-34-56-24-26-67-43-98-100-40-83-92-46-11-64-51-18-1-10-6-52-54-48-27-47-12-88-62-35-74-87-15-2-72-70-39-20-21-97-31-38-3-14-65-75-37-23-7-60-68-22-42-86-78-61-90-95-85-99-50-93-73-96-25-5-33-32-76-71-45-4-36-57-13-94-89-91-16-82-81-63-28-17-69-9-8-79-44-30-84-41-19-58-29-49-66-55-53-80-59
Ta100x20,10,2,200,1,0.125,3,2231003228,17000,6730,6465,6298,2.702489384,v2_avx512bw_vec32_exact_perm,77-34-26-56-11-40-64-100-91-90-92-83-24-54-7-1-20-52-47-18-36-87-43-22-67-65-6-23-60-62-12-51-27-46-10-25-81-50-78-96-99-35-38-95-74-14-4-31-63-70-72-44-45-98-21-89-68-57-48-37-85-88-15-30-16-94-71-76-97-8-61-32-5-13-42-33-73-69-9-2-17-39-86-49-79-75-28-19-41-93-3-29-84-53-82-80-66-59-55-58
Ta100x20,10,2,200,1,0.125,4,2231004237,17000,6703,6465,6298,2.748629851,v2_avx512bw_vec32_exact_perm,77-56-26-40-83-87-51-34-70-6-90-24-20-60-54-35-11-14-37-15-96-67-52-47-81-27-39-12-36-100-75-43-62-38-22-21-65-48-18-92-23-46-1-74-98-10-78-45-72-64-25-31-28-91-2-95-33-84-88-42-30-44-89-7-57-71-13-86-63-49-79-5-4-94-68-73-76-8-3-97-41-9-99-61-50-32-82-16-69-85-80-29-19-58-66-55-93-53-17-59
Ta100x20,10,2,200,1,0.125,5,2231005246,17000,6732,6465,6298,2.988221104,v2_avx512bw_vec32_exact_perm,77-81-40-56-100-92-51-98-62-11-43-2-3-26-60-83-54-34-15-1-87-6-90-75-22-52-46-84-68-12-65-20-96-27-44-35-36-67-78-64-25-21-99-70-31-91-48-18-74-13-86-88-16-42-17-76-72-89-47-5-95-97-63-14-57-23-50-73-4-24-7-9-71-28-41-82-37-69-94-45-10-30-33-8-93-38-32-61-39-85-19-49-79-58-29-66-55-53-80-59
Ta100x20,10,2,200,1,0.125,6,2231006255,17000,6796,6465,6298,3.172578688,v2_avx512bw_vec32_exact_perm,81-40-38-77-11-15-1-34-56-46-43-21-88-100-60-31-70-20-64-83-23-54-22-12-6-14-67-87-16-35-62-72-26-27-24-96-4-51-48-52-98-68-57-65-74-86-76-99-39-95-73-84-82-92-10-25-91-75-45-7-37-89-30-44-90-97-36-42-2-78-5-18-17-63-47-8-50-41-61-3-79-9-32-33-49-93-59-85-71-80-55-69-13-28-94-53-58-19-29-66
Ta100x20,10,2,200,1,0.125,7,2231007264,17000,6703,6465,6298,2.86770682,v2_avx512bw_vec32_exact_perm,77-34-40-11-56-26-64-90-51-62-31-54-24-60-6-98-81-27-92-15-12-83-100-70-48-75-38-35-18-4-14-1-74-22-32-67-47-97-46-85-37-21-2-20-96-25-87-72-42-52-10-88-23-43-95-33-73-61-36-3-86-39-65-5-63-16-78-28-89-68-57-94-8-99-13-91-71-76-44-30-9-45-49-69-59-50-17-7-84-79-82-41-58-29-66-19-93-55-53-80
Ta100x20,10,2,200,1,0.125,8,2231008273,17000,6703,6465,6298,2.941957593,v2_avx512bw_vec32_exact_perm,77-6-11-40-34-92-90-12-87-60-24-62-81-15-51-56-35-75-1-47-21-43-96-2-54-83-46-26-48-57-74-70-37-14-72-27-31-98-20-22-44-100-10-50-17-52-7-91-73-67-78-18-4-39-65-88-42-76-86-13-33-25-23-16-64-28-45-71-36-49-85-38-97-99-89-68-95-63-5-79-9-32-3-69-94-84-61-93-8-41-30-80-29-53-82-66-58-19-55-59
Ta100x20,10,2,200,1,0.125,9,2231009282,17000,6713,6465,6298,2.924603504,v2_avx512bw_vec32_exact_perm,77-34-56-51-90-40-11-62-26-100-67-18-20-87-31-12-1-15-60-6-72-22-24-70-64-27-14-94-54-81-21-43-96-46-42-10-35-37-4-23-52-92-44-88-75-38-48-47-83-91-2-86-98-74-7-32-49-33-5-71-57-68-97-3-63-73-39-13-25-95-36-79-45-78-61-16-69-65-9-30-76-29-17-99-41-82-50-84-85-8-80-28-89-93-55-53-58-19-66-59
Ta100x20,10,2,200,1,0.125,10,2231010291,17000,6701,6465,6298,2.992796741,v2_avx512bw_vec32_exact_perm,77-34-56-20-40-72-90-11-100-43-26-36-83-6-92-51-54-87-24-46-37-14-64-60-47-67-15-88-12-52-48-25-1-75-32-99-21-27-98-10-35-84-65-22-70-97-96-78-3-31-2-62-23-38-91-18-76-42-33-89-28-4-85-81-45-63-30-95-68-86-7-41-74-71-16-82-57-49-5-44-94-9-61-8-17-73-13-19-39-79-69-50-58-29-93-53-80-55-66-59
Ta100x20,10,3,300,0.85,0.025,1,2231001210,17000,6688,6465,6298,4.021440374,v2_avx512bw_vec32_exact_perm,77-34-56-15-51-43-90-100-83-1-40-92-6-18-38-52-11-35-60-87-20-36-12-27-47-67-21-54-88-24-2-96-10-64-98-74-16-99-78-37-14-46-26-95-65-48-68-42-31-4-70-5-75-94-81-72-97-22-76-84-86-23-57-62-85-71-9-7-33-45-25-50-89-73-41-30-13-32-17-61-49-66-39-79-82-63-29-28-8-19-69-91-44-3-53-80-58-93-55-59
Ta100x20,10,3,300,0.85,0.025,2,2231002219,17000,6674,6465,6298,4.475815406,v2_avx512bw_vec32_exact_perm,77-34-40-26-87-100-11-1-92-83-81-43-54-47-14-72-60-6-70-52-51-67-35-90-10-56-24-27-12-37-22-23-46-18-4-15-31-20-2-96-89-62-99-64-74-21-88-65-38-78-17-50-5-16-97-86-95-68-63-82-42-30-75-76-36-25-3-7-45-32-98-69-48-41-71-85-84-39-44-13-57-91-61-9-79-94-73-8-28-33-49-29-58-66-19-80-55-59-53-93
Ta100x20,10,3,300,0.85,0.025,3,2231003228,17000,6673,6465,6298,3.765122515,v2_avx512bw_vec32_exact_perm,77-34-56-100-17-24-43-51-54-92-83-90-60-40-26-62-47-14-70-20-12-27-36-6-52-22-96-74-1-21-10-87-18-67-25-78-65-2-37-35-98-38-11-16-72-99-88-91-64-23-46-97-42-75-81-89-5-68-15-76-95-28-33-48-4-69-57-61-82-94-86-85-39-63-84-44-7-71-13-53-3-31-9-8-32-30-41-79-49-50-45-80-29-58-19-66-55-73-59-93
Ta100x20,10,3,300,0.85,0.025,4,2231004237,17000,6646,6465,6298,3.730918512,v2_avx512bw_vec32_exact_perm,77-34-56-100-83-43-40-98-6-1-90-11-24-52-87-92-18-51-42-15-60-21-47-38-26-20-14-35-81-70-67-62-31-12-27-72-96-33-54-2-5-46-64-95-48-78-37-86-22-75-23-74-88-91-65-94-25-7-97-68-59-16-57-4-99-71-9-13-10-73-84-3-76-41-36-79-32-89-39-17-50-49-69-85-45-93-19-63-29-30-61-55-80-53-44-82-28-8-66-58
Ta100x20,10,3,300,0.85,0.025,5,2231005246,17000,6651,6465,6298,4.0772285,v2_avx512bw_vec32_exact_perm,77-34-56-51-100-11-81-40-6-26-90-87-24-22-60-12-70-1-83-67-98-92-54-74-96-37-65-35-52-10-43-48-46-62-72-2-27-14-47-20-75-84-36-23-97-18-64-88-57-76-5-99-33-71-91-32-94-78-21-38-16-30-31-15-95-4-68-89-9-73-17-42-50-39-44-86-45-7-69-41-25-3-80-13-8-61-63-49-85-19-29-93-28-53-82-79-59-55-66-58
Ta100x20,10,3,300,0.85,0.025,6,2231006255,17000,6688,6465,6298,3.913492564,v2_avx512bw_vec32_exact_perm,77-34-56-26-83-92-11-43-40-17-100-51-87-15-54-98-90-48-62-12-24-60-52-21-27-1-6-38-37-74-46-4-47-64-99-67-33-7-75-96-80-70-94-65-88-95-23-72-14-81-86-5-73-10-25-31-35-20-45-57-13-22-18-76-68-71-2-78-91-28-97-36-41-42-16-89-63-50-39-44-8-9-69-61-79-30-84-3-82-32-85-49-29-58-66-19-93-55-53-59
Ta100x20,10,3,300,0.85,0.025,7,2231007264,17000,6688,6465,6298,3.862391173,v2_avx512bw_vec32_exact_perm,77-34-40-56-20-26-83-90-43-27-36-11-100-98-62-22-84-47-24-54-92-67-60-51-46-31-87-18-12-35-70-23-1-6-96-48-65-80-10-21-38-74-52-37-72-64-88-4-78-15-68-42-25-5-97-14-16-89-95-81-79-75-39-61-9-73-94-91-7-86-28-13-33-2-32-71-57-44-49-69-76-45-30-41-50-99-3-93-8-85-17-82-63-29-58-19-66-53-55-59
Ta100x20,10,3,300,0.85,0.025,8,2231008273,17000,6665,6465,6298,3.82024504,v2_avx512bw_vec32_exact_perm,77-34-56-43-65-26-40-83-92-98-24-11-51-90-100-54-20-6-22-15-62-60-18-52-47-67-35-38-27-21-87-74-70-36-12-75-1-37-46-23-64-96-72-14-7-10-48-76-5-78-25-16-33-31-3-57-42-2-97-17-88-63-95-89-4-99-68-82-86-71-13-9-32-61-85-45-69-28-81-94-44-84-30-39-50-8-41-91-79-49-29-58-66-19-93-80-55-73-59-53
Ta100x20,10,3,300,0.85,0.025,9,2231009282,17000,6633,6465,6298,4.142692413,v2_avx512bw_vec32_exact_perm,77-34-56-87-52-40-26-81-1-51-24-100-62-11-92-67-72-96-14-18-6-15-21-83-43-54-65-20-12-90-27-38-98-35-70-10-48-46-7-74-37-47-25-23-60-64-89-95-36-68-78-30-99-75-76-5-4-32-22-97-86-88-42-17-3-16-57-58-39-13-33-19-61-73-45-2-71-63-69-31-49-94-85-9-84-44-41-50-29-91-28-82-80-8-93-79-55-59-66-53
Ta100x20,10,3,300,0.85,0.025,10,2231010291,17000,6688,6465,6298,4.676507014,v2_avx512bw_vec32_exact_perm,77-56-15-11-51-6-100-64-40-46-87-54-43-34-90-98-83-67-12-47-26-92-60-37-81-27-74-14-21-96-70-86-22-48-24-38-52-35-72-31-20-42-32-1-95-36-10-25-23-65-62-41-88-73-78-91-4-17-5-44-76-3-82-2-28-7-30-8-75-84-97-18-85-39-68-63-71-94-13-89-99-16-9-69-57-50-45-33-61-49-79-58-19-29-93-80-55-53-66-59
Ta100x20,10,3,300,0.85,0.05,1,2231001210,17000,6694,6465,6298,3.93743788,v2_avx512bw_vec32_exact_perm,77-56-11-54-40-67-87-26-51-43-65-48-34-38-52-83-92-6-90-60-62-15-24-98-18-84-12-74-27-10-70-21-14-37-100-96-47-35-76-81-25-72-4-3-75-36-71-22-23-78-85-2-64-1-9-73-31-88-97-89-68-16-28-95-94-46-30-99-33-93-57-20-86-32-8-50-41-39-13-69-42-5-17-19-29-63-45-91-44-61-7-82-79-58-53-49-55-80-66-59
Ta100x20,10,3,300,0.85,0.05,2,2231002219,17000,6688,6465,6298,3.944728989,v2_avx512bw_vec32_exact_perm,77-34-56-92-43-90-6-47-83-12-100-26-51-11-87-20-72-40-70-1-24-15-60-78-54-67-48-14-62-84-65-31-46-37-35-27-2-98-21-23-52-57-5-74-96-17-86-64-88-75-97-7-95-16-61-25-73-42-71-18-32-36-4-63-76-99-22-33-10-13-30-94-68-39-8-81-38-49-44-45-69-89-9-85-3-28-50-91-79-82-41-58-19-29-93-53-80-55-66-59
Ta100x20,10,3,300,0.85,0.05,3,2231003228,17000,6646,6465,6298,4.099195686,v2_avx512bw_vec32_exact_perm,77-34-56-81-40-43-90-54-92-83-26-67-24-51-60-15-36-11-20-62-87-16-12-6-37-52-18-48-74-27-96-22-47-21-1-35-100-70-10-2-57-17-75-76-7-46-95-25-72-5-14-64-65-3-78-38-23-88-97-32-94-45-31-9-63-68-89-98-30-42-33-13-44-99-4-69-50-71-85-84-49-86-91-39-41-73-61-82-28-79-93-8-80-29-58-19-55-59-66-53
Ta100x20,10,3,300,0.85,0.05,4,2231004237,17000,6688,6465,6298,3.87037021,v2_avx512bw_vec32_exact_perm,77-34-56-20-24-90-6-70-26-43-40-11-87-60-96-100-83-38-35-92-51-54-81-12-46-27-74-25-15-98-78-48-65-1-10-67-21-37-47-95-64-72-14-31-33-42-17-62-73-68-2-94-88-91-5-86-52-23-97-16-22-36-13-7-99-3-44-75-89-18-4-32-61-28-69-76-71-57-9-39-30-50-79-85-45-49-84-80-29-63-93-8-19-41-82-58-53-55-66-59
Ta100x20,10,3,300,0.85,0.05,5,2231005246,17000,6688,6465,6298,4.591808026,v2_avx512bw_vec32_exact_perm,77-34-56-26-90-100-64-6-87-40-54-46-43-83-51-62-98-47-23-92-60-11-15-35-75-12-1-25-81-96-38-52-37-2-65-24-27-74-36-21-48-22-18-67-78-70-86-95-99-68-20-14-63-72-61-97-57-69-16-88-31-94-91-7-5-4-73-42-50-32-84-10-33-39-49-85-45-76-9-71-8-17-13-89-28-82-30-79-44-41-3-93-80-29-58-19-53-66-55-59
Ta100x20,10,3,300,0.85,0.05,6,2231006255,17000,6684,6465,6298,3.871362365,v2_avx512bw_vec32_exact_perm,77-34-56-20-43-65-100-11-51-24-6-60-35-47-54-92-90-40-87-96-14-83-12-27-72-74-70-84-98-18-81-52-48-26-64-10-22-1-5-75-36-88-62-23-99-59-78-25-31-21-46-33-30-2-37-15-3-95-97-76-89-57-61-32-16-68-94-86-67-85-7-69-4-42-63-9-17-71-50-39-45-73-44-41-8-13-93-91-38-79-49-29-58-66-19-82-28-53-80-55
Ta100x20,10,3,300,0.85,0.05,7,2231007264,17000,6669,6465,6298,3.87596601,v2_avx512bw_vec32_exact_perm,77-34-56-20-43-15-51-100-26-24-81-83-11-40-54-52-1-87-92-90-18-60-37-27-96-64-84-6-12-21-98-70-42-72-36-35-22-14-10-16-31-46-73-47-68-25-48-78-62-88-2-91-74-65-33-23-49-85-5-89-7-17-94-67-28-97-75-69-44-3-82-38-76-39-9-95-86-32-4-57-63-71-61-99-13-8-41-79-29-45-30-19-93-53-80-50-55-59-66-58
Ta100x20,10,3,300,0.85,0.05,8,2231008273,17000,6688,6465,6298,3.922136001,v2_avx512bw_vec32_exact_perm,77-34-56-11-100-83-43-65-87-67-6-46-92-54-40-60-27-70-90-38-48-98-80-12-84-35-51-81-24-97-72-62-74-21-14-31-26-18-52-10-2-64-22-78-47-36-15-96-1-32-76-20-95-37-25-75-73-17-61-94-16-23-71-68-44-69-39-5-4-42-86-57-13-85-99-89-88-45-50-9-63-33-30-3-49-8-7-79-28-91-41-82-58-19-29-66-53-93-55-59
Ta100x20,10,3,300,0.85,0.05,9,2231009282,17000,6694,6465,6298,3.978122331,v2_avx512bw_vec32_exact_perm,77-81-40-26-54-51-52-11-83-36-87-24-60-62-20-38-34-100-92-90-16-46-74-6-56-72-48-1-70-5-14-96-47-23-27-12-37-15-98-35-18-31-43-64-22-42-21-75-97-86-65-10-67-95-13-88-73-61-50-25-4-99-2-7-68-84-39-82-41-32-94-71-69-85-57-45-9-78-76-30-17-3-79-91-89-44-49-28-8-33-63-58-19-29-93-55-53-80-66-59
Ta100x20,10,3,300,0.85,0.05,10,2231010291,17000,6688,6465,6298,4.522154593,v2_avx512bw_vec32_exact_perm,77-34-100-56-26-40-11-83-87-6-54-60-17-65-24-1-20-92-90-96-52-78-62-81-14-18-35-22-47-2-12-64-27-43-51-95-70-46-31-84-75-4-42-48-21-73-37-88-7-25-10-23-15-74-86-36-67-72-45-5-39-32-30-76-68-8-98-71-61-57-41-44-94-16-38-9-97-89-28-99-3-63-13-33-91-50-69-82-85-49-93-79-29-58-19-80-55-53-66-59
Ta100x20,10,3,300,0.85,0.075,1,2231001210,17000,6732,6465,6298,3.811828292,v2_avx512bw_vec32_exact_perm,77-56-65-90-6-1-100-11-67-51-24-83-92-60-62-87-81-20-54-34-15-12-46-43-47-52-48-37-35-10-27-26-74-84-98-31-70-40-21-36-22-96-61-89-68-72-71-16-18-23-5-64-99-88-38-95-9-14-86-57-25-75-97-91-78-7-39-30-32-13-2-33-73-8-49-45-42-4-44-63-17-76-29-94-69-3-41-66-50-93-79-28-55-82-85-58-19-53-80-59
Ta100x20,10,3,300,0.85,0.075,2,2231002219,17000,6703,6465,6298,3.752788242,v2_avx512bw_vec32_exact_perm,81-40-20-51-34-38-90-24-11-92-56-52-12-35-100-26-14-6-87-43-18-83-67-47-54-60-46-37-74-70-72-1-36-48-65-2-10-23-96-27-97-77-95-62-78-21-15-25-86-64-91-32-98-4-42-85-88-76-28-8-13-17-31-89-57-44-63-22-71-7-33-3-5-94-75-16-99-61-69-9-73-68-39-79-49-45-84-50-41-30-82-29-93-66-58-19-53-80-55-59
Ta100x20,10,3,300,0.85,0.075,3,2231003228,17000,6673,6465,6298,4.089393508,v2_avx512bw_vec32_exact_perm,77-34-56-100-11-51-24-87-81-90-40-83-92-15-67-20-27-35-36-54-26-98-18-46-72-68-43-16-48-62-14-37-6-96-42-64-52-21-38-47-31-65-74-2-60-25-12-5-22-4-17-41-23-95-32-7-78-30-76-45-70-89-57-49-75-88-61-94-13-1-84-71-79-86-39-50-69-97-33-63-10-19-85-73-8-9-99-44-91-3-28-82-58-29-80-59-66-93-55-53
Ta100x20,10,3,300,0.85,0.075,4,2231004237,17000,6645,6465,6298,4.053761824,v2_avx512bw_vec32_exact_perm,77-56-36-51-26-100-40-92-54-11-83-98-62-6-1-87-10-52-60-43-34-20-37-47-67-14-90-35-70-96-24-21-15-74-48-18-84-27-46-38-39-57-12-86-64-31-61-42-22-3-7-75-88-94-5-33-76-23-72-16-25-65-73-78-2-95-32-4-89-28-97-13-17-63-9-99-44-82-71-68-8-19-69-91-81-50-45-30-49-41-79-80-29-85-93-55-58-59-66-53
Ta100x20,10,3,300,0.85,0.075,5,2231005246,17000,6688,6465,6298,4.690265131,v2_avx512bw_vec32_exact_perm,77-56-26-51-34-6-24-40-83-64-15-67-60-92-11-52-90-62-54-20-98-70-22-43-47-96-1-87-35-27-46-78-88-100-14-21-2-38-12-3-25-80-10-48-68-31-72-36-86-37-32-81-95-74-5-65-50-97-18-4-42-94-23-82-7-57-76-16-99-45-71-17-41-44-39-63-30-75-89-13-61-85-9-28-8-73-84-69-33-79-91-49-29-58-66-19-93-55-53-59
Ta100x20,10,3,300,0.85,0.075,6,2231006255,17000,6683,6465,6298,4.042476723,v2_avx512bw_vec32_exact_perm,77-34-56-40-26-51-83-87-54-100-11-92-38-62-6-35-60-12-22-27-98-31-47-18-37-70-90-14-43-20-67-1-59-52-48-72-10-74-24-81-4-75-2-15-21-46-95-25-65-5-16-99-96-68-64-36-94-33-73-78-23-86-42-88-57-3-69-97-61-91-32-82-7-71-39-85-79-28-89-44-45-9-63-76-30-13-8-17-84-41-49-50-29-58-66-19-93-80-55-53
Ta100x20,10,3,300,0.85,0.075,7,2231007264,17000,6688,6465,6298,4.139423946,v2_avx512bw_vec32_exact_perm,77-34-40-100-83-15-90-12-56-81-35-92-1-54-51-98-62-67-43-24-6-87-47-64-60-36-20-2-96-52-88-39-26-10-70-14-21-72-11-89-57-22-28-95-86-46-65-37-48-27-74-23-68-80-42-4-84-41-25-85-18-7-3-13-32-31-8-71-5-78-17-97-76-75-91-9-44-16-94-38-73-49-61-69-99-33-45-63-50-82-30-79-93-29-58-19-66-53-55-59
Ta100x20,10,3,300,0.85,0.075,8,2231008273,17000,6634,6465,6298,3.767278057,v2_avx512bw_vec32_exact_perm,77-34-56-90-40-26-11-20-1-24-43-83-98-51-27-36-62-6-21-92-65-67-96-70-37-18-87-38-60-54-35-15-74-100-47-95-48-10-12-42-39-64-22-88-23-52-73-78-14-31-33-75-3-99-25-30-4-2-76-72-46-89-97-86-28-63-68-81-94-91-57-44-82-13-16-9-45-7-71-69-84-50-41-79-32-5-17-61-29-49-53-85-80-58-8-19-55-59-66-93
Ta100x20,10,3,300,0.85,0.075,9,2231009282,17000,6679,6465,6298,3.648657111,v2_avx512bw_vec32_exact_perm,77-34-56-51-100-38-6-60-40-64-11-90-3-47-27-24-20-54-67-74-92-12-98-96-70-15-83-43-35-72-14-61-52-62-75-37-87-10-23-73-31-4-26-42-48-36-91-76-99-18-16-95-46-65-78-97-57-88-2-25-44-50-68-1-71-22-94-69-21-39-82-63-86-81-33-85-7-28-9-17-32-89-5-13-45-8-30-49-79-80-84-41-29-58-66-19-93-55-59-53
Ta100x20,10,3,300,0.85,0.075,10,2231010291,17000,6679,6465,6298,3.75966038,v2_avx512bw_vec32_exact_perm,77-34-40-100-83-62-56-24-20-11-87-81-67-51-54-15-43-60-36-22-27-16-98-6-12-37-38-90-2-21-52-46-10-14-35-92-96-25-72-74-70-65-47-26-48-1-68-75-78-57-88-61-31-18-64-4-17-86-39-42-45-73-23-89-5-7-33-91-63-50-9-97-44-32-13-71-95-99-76-69-30-94-84-8-49-41-80-3-28-79-85-82-29-58-66-19-93-55-59-53
Ta100x20,10,3,300,0.85,0.1,1,2231001210,17000,6706,6465,6298,4.373331519,v2_avx512bw_vec32_exact_perm,77-34-56-1-6-64-24-52-51-18-90-98-88-47-43-60-81-40-22-36-20-25-92-62-15-26-42-65-74-83-14-27-100-4-11-67-35-95-37-23-12-54-5-97-21-87-70-80-78-33-72-44-84-31-73-2-16-96-46-89-28-71-86-7-48-69-75-63-10-85-50-13-94-99-68-9-30-32-76-17-3-57-61-8-49-45-91-39-19-41-79-82-38-58-29-66-93-55-53-59
Ta100x20,10,3,300,0.85,0.1,2,2231002219,17000,6688,6465,6298,4.055852366,v2_avx512bw_vec32_exact_perm,77-34-56-51-43-24-54-26-83-11-81-90-40-12-6-87-52-92-46-27-18-100-60-2-1-47-98-35-20-64-96-65-95-15-62-37-84-31-48-70-74-25-23-4-50-78-32-86-75-7-36-72-22-10-21-9-14-67-85-99-97-5-73-33-88-94-63-17-58-42-16-39-71-13-57-82-38-8-41-91-76-45-68-49-69-61-79-30-44-89-93-3-80-19-29-53-66-28-55-59
Ta100x20,10,3,300,0.85,0.1,3,2231003228,17000,6635,6465,6298,4.10985177,v2_avx512bw_vec32_exact_perm,77-34-56-40-15-100-90-11-1-83-20-70-43-35-96-47-14-98-60-54-24-62-6-31-65-18-92-51-26-52-64-22-2-75-72-10-17-46-25-74-37-38-78-42-97-67-87-82-88-95-32-4-36-27-23-5-21-57-16-79-12-48-84-76-89-73-7-68-39-61-41-86-99-91-44-13-3-45-71-81-28-69-50-9-63-94-33-8-30-85-49-80-29-58-19-59-66-55-93-53
Ta100x20,10,3,300,0.85,0.1,4,2231004237,17000,6665,6465,6298,4.169347726,v2_avx512bw_vec32_exact_perm,77-34-56-90-26-6-38-40-60-24-21-87-46-83-27-51-52-47-64-15-43-20-48-74-54-88-62-1-22-100-23-14-92-96-81-11-70-67-3-72-10-35-76-37-78-65-31-12-84-17-18-89-75-32-97-4-61-2-36-73-25-39-68-5-99-57-98-71-44-41-94-86-45-42-28-33-91-69-13-82-95-7-8-16-63-9-19-59-29-85-58-30-49-79-50-66-93-55-80-53
Ta100x20,10,3,300,0.85,0.1,5,2231005246,17000,6688,6465,6298,4.100065868,v2_avx512bw_vec32_exact_perm,77-34-56-26-81-54-24-40-38-60-12-83-1-51-43-6-15-98-74-92-52-65-11-16-14-90-22-35-48-88-57-46-64-21-37-27-18-72-96-67-95-87-47-84-100-68-10-20-5-36-25-75-31-97-70-39-86-94-41-42-44-62-30-78-17-61-23-13-4-89-2-7-73-33-71-76-32-69-99-91-19-9-3-8-79-85-50-82-45-63-49-29-58-53-55-93-80-66-28-59
Ta100x20,10,3,300,0.85,0.1,6,2231006255,17000,6703,6465,6298,3.971621772,v2_avx512bw_vec32_exact_perm,81-40-6-24-62-56-90-26-51-43-87-21-15-54-35-83-12-1-11-60-99-48-74-70-27-100-98-38-34-37-52-46-14-96-10-47-67-82-36-78-16-64-18-77-95-25-68-94-42-41-76-5-72-45-57-92-22-65-4-88-23-20-75-97-33-73-2-17-28-13-86-49-32-31-85-7-8-30-71-63-89-9-69-91-84-61-39-79-50-44-29-3-66-93-58-19-53-80-55-59
Ta100x20,10,3,300,0.85,0.1,7,2231007264,17000,6712,6465,6298,4.167596171,v2_avx512bw_vec32_exact_perm,77-34-56-51-26-65-64-6-90-60-11-40-21-1-15-35-83-12-48-46-92-25-36-87-42-38-72-14-78-24-54-37-67-74-98-62-27-10-70-68-31-20-22-18-86-96-47-43-75-16-73-81-23-4-100-28-89-39-52-30-2-33-95-93-17-88-32-97-5-50-85-7-44-84-41-94-99-45-13-71-57-8-19-69-9-91-79-3-82-63-76-49-29-58-66-61-80-53-55-59
Ta100x20,10,3,300,0.85,0.1,8,2231008273,17000,6707,6465,6298,4.080251489,v2_avx512bw_vec32_exact_perm,77-34-24-90-81-40-100-54-26-51-11-70-56-60-83-6-35-46-48-74-10-18-52-87-23-1-43-12-47-36-37-15-98-27-64-96-20-78-88-21-44-14-42-62-92-65-67-84-75-30-85-39-22-72-25-31-33-38-95-76-89-4-2-82-73-99-71-69-32-5-9-63-93-8-94-17-68-97-86-91-41-13-28-50-49-45-61-16-57-79-7-3-29-58-66-19-53-80-55-59
Ta100x20,10,3,300,0.85,0.1,9,2231009282,17000,6676,6465,6298,4.29940533,v2_avx512bw_vec32_exact_perm,77-34-56-100-51-83-98-62-20-15-26-87-11-14-81-40-52-36-67-47-48-35-70-37-90-88-25-22-72-27-60-21-38-74-6-92-12-2-32-54-65-46-18-5-89-1-96-24-91-23-95-61-64-31-9-16-68-78-44-3-4-7-73-94-97-45-28-75-69-42-71-76-86-13-10-84-50-57-39-33-63-17-99-85-49-43-8-79-93-41-30-82-29-58-19-53-80-55-59-66
Ta100x20,10,3,300,0.85,0.1,10,2231010291,17000,6688,6465,6298,4.037852236,v2_avx512bw_vec32_exact_perm,77-34-100-56-51-15-20-11-40-92-65-54-35-6-90-24-60-12-83-1-48-47-43-22-52-14-98-75-87-18-72-62-26-27-4-84-36-78-31-69-42-21-46-88-23-96-37-67-70-25-10-86-64-74-7-89-95-38-68-30-73-39-45-13-33-5-63-91-82-79-32-57-2-9-16-3-81-94-99-8-97-76-41-85-17-71-44-28-61-29-49-66-50-58-19-93-80-53-55-59
Ta100x20,10,3,300,0.85,0.125,1,2231001210,17000,6678,6465,6298,3.897818523,v2_avx512bw_vec32_exact_perm,77-34-56-90-40-26-38-83-87-11-52-6-15-54-24-25-46-81-3-35-12-98-2-1-62-27-60-20-74-43-72-67-37-47-45-10-51-100-70-7-64-14-96-95-32-97-75-36-84-18-22-78-17-48-65-92-63-73-94-5-31-88-21-42-86-44-39-89-99-85-68-13-71-4-57-50-49-23-8-61-28-29-82-9-41-16-76-30-19-33-93-69-91-80-53-79-55-59-66-58
Ta100x20,10,3,300,0.85,0.125,2,2231002219,17000,6688,6465,6298,3.92666648,v2_avx512bw_vec32_exact_perm,77-34-40-56-65-51-81-87-27-88-11-21-100-64-90-24-83-12-46-54-72-1-67-22-20-10-74-35-60-92-38-62-6-5-52-23-37-31-48-43-15-70-18-26-95-75-39-14-47-7-2-89-91-36-57-25-86-99-42-16-33-44-71-68-96-13-73-63-4-61-76-9-97-8-78-3-45-30-50-98-32-49-84-41-79-93-94-17-69-85-58-19-29-28-53-82-80-55-66-59
Ta100x20,10,3,300,0.85,0.125,3,2231003228,17000,6688,6465,6298,3.841676533,v2_avx512bw_vec32_exact_perm,77-34-56-90-38-43-20-40-54-67-11-87-26-92-65-74-6-70-37-88-15-16-60-100-27-81-46-99-84-45-14-25-72-1-52-24-21-48-36-96-10-2-35-98-83-42-13-5-18-78-22-95-75-44-31-62-64-86-82-41-57-12-39-76-73-23-7-3-47-89-69-51-94-32-80-30-71-68-9-63-61-4-97-33-50-17-49-28-85-8-93-79-91-29-58-19-55-53-66-59
Ta100x20,10,3,300,0.85,0.125,4,2231004237,17000,6688,6465,6298,4.04566741,v2_avx512bw_vec32_exact_perm,77-34-56-20-40-36-51-81-12-26-43-15-100-54-31-11-83-70-48-1-38-35-60-67-46-92-7-52-96-47-90-84-87-37-95-64-62-18-25-65-74-6-14-75-78-76-27-10-22-42-97-5-23-24-4-68-9-2-86-72-13-99-21-32-41-88-98-16-82-57-71-39-33-28-85-45-50-91-89-69-49-30-79-44-94-8-17-63-61-3-73-80-29-66-58-19-93-55-53-59
Ta100x20,10,3,300,0.85,0.125,5,2231005246,17000,6688,6465,6298,3.927338441,v2_avx512bw_vec32_exact_perm,77-34-56-51-65-15-1-11-20-40-26-6-24-12-90-52-54-74-27-92-2-83-81-84-38-100-43-18-78-88-60-67-87-64-62-14-48-47-70-21-46-96-35-72-37-32-82-16-98-10-71-31-19-95-22-57-36-76-33-7-39-75-86-85-23-4-68-91-94-61-28-49-25-97-17-45-99-89-50-5-63-13-42-30-44-8-69-73-9-79-58-29-41-3-93-53-80-55-66-59
Ta100x20,10,3,300,0.85,0.125,6,2231006255,17000,6705,6465,6298,4.536510087,v2_avx512bw_vec32_exact_perm,77-34-56-51-6-72-64-60-40-100-81-24-11-83-54-92-74-47-15-20-43-75-90-36-12-22-46-23-67-70-62-31-1-42-98-52-96-21-87-27-5-37-38-85-18-2-10-26-49-68-78-25-9-99-4-94-35-65-76-14-97-44-45-7-33-16-48-28-61-89-63-95-71-13-57-17-69-73-50-86-8-88-39-32-91-41-84-3-30-79-93-29-58-19-66-82-80-53-55-59
Ta100x20,10,3,300,0.85,0.125,7,2231007264,17000,6694,6465,6298,4.165553949,v2_avx512bw_vec32_exact_perm,77-34-56-1-11-81-18-40-100-98-6-24-62-51-43-70-90-52-83-35-47-15-12-20-67-37-88-3-22-54-60-82-57-27-92-14-28-48-26-36-75-32-87-74-65-25-42-96-72-2-97-86-5-95-31-68-4-38-46-84-23-64-78-63-85-71-9-21-50-10-7-33-39-16-89-73-91-76-99-13-45-8-30-61-44-41-94-49-19-79-69-17-58-29-93-55-53-80-66-59
Ta100x20,10,3,300,0.85,0.125,8,2231008273,17000,6688,6465,6298,4.246807926,v2_avx512bw_vec32_exact_perm,77-34-56-11-26-90-54-40-51-81-20-46-100-83-6-98-43-38-35-92-12-15-10-27-14-48-24-87-21-84-67-36-52-96-74-2-70-78-18-31-37-64-47-62-72-1-95-60-32-61-86-23-5-75-76-4-94-7-9-57-41-91-65-16-8-99-89-88-13-22-25-3-73-68-39-71-97-42-63-28-45-33-30-79-69-85-49-17-50-44-82-29-58-66-19-93-80-53-55-59
Ta100x20,10,3,300,0.85,0.125,9,2231009282,17000,6688,6465,6298,4.107234167,v2_avx512bw_vec32_exact_perm,77-34-56-11-40-90-20-43-24-26-70-51-60-1-72-81-35-46-83-87-100-48-25-96-67-47-10-62-6-64-74-12-54-52-18-99-37-75-13-94-23-71-15-36-27-32-65-42-92-21-39-2-84-97-4-69-44-17-22-5-86-68-88-98-73-31-95-38-89-76-78-33-91-28-57-3-14-63-29-9-16-7-85-61-45-30-58-49-8-93-41-79-19-50-82-53-80-55-66-59
Ta100x20,10,3,300,0.85,0.125,10,2231010291,17000,6690,6465,6298,4.620303755,v2_avx512bw_vec32_exact_perm,81-77-40-1-11-26-54-56-20-51-83-21-6-43-68-96-90-34-70-35-60-15-38-67-47-52-4-100-62-84-87-22-27-46-37-48-25-42-92-12-72-23-75-5-74-2-24-31-18-36-78-69-50-98-86-97-88-3-16-89-65-95-9-49-13-10-57-63-94-17-14-28-61-64-33-7-71-45-85-30-76-39-32-99-73-8-91-44-82-79-41-19-58-29-93-53-55-80-66-59
Ta100x20,10,3,300,0.8875,0.025,1,2231001210,17000,6732,6465,6298,4.18192972,v2_avx512bw_vec32_exact_perm,77-34-56-26-87-40-98-52-24-17-51-60-83-54-25-81-15-90-100-1-96-92-22-62-70-21-67-6-12-95-43-32-11-65-84-48-64-46-18-39-72-74-27-23-33-68-36-37-5-28-88-38-35-57-71-31-4-47-20-14-78-50-94-97-73-75-89-9-13-91-42-2-49-63-7-86-69-45-8-10-44-99-16-76-41-93-61-79-82-29-3-85-58-19-55-30-66-53-80-59
Ta100x20,10,3,300,0.8875,0.025,2,2231002219,17000,6646,6465,6298,4.005994054,v2_avx512bw_vec32_exact_perm,77-34-56-100-26-40-11-92-20-43-90-83-54-65-1-62-47-6-35-96-70-94-87-51-37-22-60-24-74-38-52-98-23-12-27-5-21-78-10-14-15-46-81-18-2-48-36-57-32-95-64-31-25-69-75-72-84-42-68-86-39-89-17-73-4-88-16-85-9-97-67-28-76-33-3-63-82-71-41-49-91-8-99-13-61-7-45-19-29-30-93-79-53-80-50-59-66-44-55-58
Ta100x20,10,3,300,0.8875,0.025,3,2231003228,17000,6653,6465,6298,4.005047524,v2_avx512bw_vec32_exact_perm,77-56-40-51-83-54-34-20-92-11-100-90-15-6-43-87-65-81-62-60-24-47-26-37-10-35-80-12-46-96-22-70-67-21-52-1-98-48-74-25-75-23-64-7-45-5-31-27-14-2-72-3-73-95-33-69-76-88-36-38-89-42-82-18-78-50-97-32-57-17-79-39-9-8-16-71-85-99-68-91-49-44-86-41-63-30-94-13-84-4-28-61-29-58-19-93-55-53-59-66
Ta100x20,10,3,300,0.8875,0.025,4,2231004237,17000,6669,6465,6298,3.994627592,v2_avx512bw_vec32_exact_perm,77-34-56-26-51-81-40-83-20-60-92-87-43-27-90-3-54-11-46-6-70-98-1-15-52-62-37-78-18-100-12-88-35-48-96-47-38-67-28-74-42-31-4-22-95-64-14-2-65-24-72-21-97-23-25-73-36-44-75-86-10-94-68-7-89-5-57-16-13-76-84-61-17-32-45-29-71-9-41-99-82-69-50-39-33-63-8-30-85-19-93-91-49-79-80-53-55-59-66-58
Ta100x20,10,3,300,0.8875,0.025,5,2231005246,17000,6684,6465,6298,3.862855922,v2_avx512bw_vec32_exact_perm,81-40-24-77-11-43-90-83-6-65-54-100-87-60-34-62-70-51-31-96-20-72-56-12-27-52-88-67-18-16-35-46-48-26-47-25-74-99-38-78-64-61-37-21-98-14-57-10-30-68-3-4-36-42-94-95-76-32-97-1-15-22-2-23-75-86-33-85-7-39-63-5-9-44-89-69-50-84-41-45-17-82-71-13-73-28-8-92-91-79-49-29-58-66-19-93-80-53-55-59
Ta100x20,10,3,300,0.8875,0.025,6,2231006255,17000,6657,6465,6298,4.1328886,v2_avx512bw_vec32_exact_perm,77-34-56-90-40-15-100-54-6-83-20-51-62-24-43-60-75-1-11-92-81-12-22-87-25-46-98-36-94-27-37-35-47-96-65-70-31-26-88-23-21-48-52-64-18-16-99-32-74-78-14-42-10-67-17-38-72-69-91-4-76-97-57-86-68-95-45-89-5-7-84-73-61-71-85-39-13-2-9-28-8-19-63-33-49-29-82-44-41-30-93-79-80-3-50-59-66-53-55-58
Ta100x20,10,3,300,0.8875,0.025,7,2231007264,17000,6688,6465,6298,4.213388536,v2_avx512bw_vec32_exact_perm,77-34-56-26-81-51-24-48-83-62-100-11-47-43-6-1-67-60-12-27-36-40-87-96-20-52-54-84-18-31-35-23-64-70-74-97-72-90-88-21-37-78-65-17-38-22-92-2-98-45-95-14-32-46-25-61-15-86-10-75-42-13-4-76-89-73-99-91-7-69-3-68-71-16-44-5-57-39-9-41-82-94-28-85-63-93-33-8-30-79-50-49-80-29-53-58-19-55-66-59
Ta100x20,10,3,300,0.8875,0.025,8,2231008273,17000,6637,6465,6298,3.737648881,v2_avx512bw_vec32_exact_perm,77-34-56-51-81-40-26-6-24-64-60-90-11-54-92-35-83-1-98-100-23-47-87-37-18-48-22-10-20-74-36-27-52-43-65-70-67-14-15-96-68-72-4-46-78-75-38-12-42-95-82-31-99-2-21-16-86-57-25-88-63-97-33-9-3-32-76-94-73-69-45-39-5-89-17-13-41-61-28-44-71-50-91-7-84-59-30-79-49-85-29-58-19-62-66-93-8-80-55-53
Ta100x20,10,3,300,0.8875,0.025,9,2231009282,17000,6688,6465,6298,4.207573722,v2_avx512bw_vec32_exact_perm,77-34-56-51-100-40-26-20-87-11-21-24-15-37-60-83-1-90-6-54-70-43-96-72-22-12-14-27-92-35-46-42-48-65-67-38-98-36-68-2-47-4-99-74-23-52-25-97-18-7-16-81-78-88-75-64-10-86-95-82-94-32-57-61-31-8-5-62-33-13-17-85-44-89-71-73-28-45-76-39-30-63-19-29-50-9-84-41-69-91-93-79-3-58-49-53-80-55-66-59
Ta100x20,10,3,300,0.8875,0.025,10,2231010291,17000,6688,6465,6298,3.98651612,v2_avx512bw_vec32_exact_perm,77-34-40-100-17-70-51-56-87-11-92-90-20-14-60-43-12-54-37-46-35-65-6-83-27-81-74-10-62-64-96-48-88-15-22-3-52-2-1-24-72-26-32-31-47-57-36-67-21-86-42-75-7-89-5-23-18-61-82-39-16-44-69-98-71-4-25-95-38-91-63-99-33-28-97-13-68-94-9-76-78-50-45-73-30-8-85-84-41-79-49-19-58-29-53-93-80-55-66-59
Ta100x20,10,3,300,0.8875,0.05,1,2231001210,17000,6703,6465,6298,3.737241838,v2_avx512bw_vec32_exact_perm,77-56-40-26-92-1-100-83-6-54-65-87-11-60-17-24-10-90-70-51-62-27-20-43-95-98-96-74-7-99-12-35-72-14-64-22-34-46-37-52-18-23-15-75-36-32-48-82-30-42-88-21-86-91-67-47-16-78-31-3-89-25-39-5-68-44-4-81-97-71-73-94-38-76-45-84-85-63-33-57-2-9-61-69-8-13-41-19-58-79-29-49-66-55-93-50-53-80-28-59
Ta100x20,10,3,300,0.8875,0.05,2,2231002219,17000,6703,6465,6298,3.881253078,v2_avx512bw_vec32_exact_perm,77-34-56-87-40-11-92-100-67-38-90-12-43-98-51-24-60-6-54-15-1-70-20-81-83-72-52-35-78-31-96-22-16-65-74-23-46-37-62-64-27-26-10-14-88-36-47-57-68-84-2-21-18-39-82-63-91-89-95-32-69-4-48-75-42-5-9-44-71-97-28-61-17-86-7-25-13-99-94-73-76-45-8-85-49-41-30-79-33-53-93-50-29-80-3-66-58-19-55-59
Ta100x20,10,3,300,0.8875,0.05,3,2231003228,17000,6687,6465,6298,4.084437008,v2_avx512bw_vec32_exact_perm,77-56-43-11-26-100-40-83-98-81-67-12-74-70-34-38-54-62-60-27-24-6-92-87-52-51-84-90-65-4-23-46-37-22-96-95-36-14-72-20-35-10-25-48-2-68-73-94-15-85-18-97-1-3-7-64-50-31-21-88-59-78-86-45-57-47-71-32-63-76-39-17-75-5-44-33-42-61-89-28-16-13-8-41-9-99-30-69-82-79-91-49-29-58-66-19-53-93-80-55
Ta100x20,10,3,300,0.8875,0.05,4,2231004237,17000,6646,6465,6298,4.348934088,v2_avx512bw_vec32_exact_perm,77-34-56-51-81-46-40-11-6-43-90-27-20-83-70-60-92-62-100-15-78-38-21-96-1-24-99-54-12-35-65-67-84-87-98-18-26-88-37-74-48-72-10-22-14-64-52-95-31-61-25-68-91-7-71-94-97-86-47-73-4-32-45-5-42-28-3-63-13-49-36-89-23-76-75-57-33-8-9-41-2-69-16-44-85-39-17-30-79-82-50-59-80-29-58-19-66-93-55-53
Ta100x20,10,3,300,0.8875,0.05,5,2231005246,17000,6688,6465,6298,3.845142885,v2_avx512bw_vec32_exact_perm,77-34-56-100-64-43-51-11-54-38-90-40-60-15-46-26-14-20-6-27-83-98-87-62-21-35-24-36-33-31-12-67-23-47-70-52-89-1-37-96-18-78-10-68-76-22-74-95-3-72-91-65-4-73-2-92-97-44-81-75-88-94-61-48-25-7-42-16-63-57-50-39-32-5-86-9-79-49-45-82-85-13-30-69-84-99-71-8-41-17-93-58-29-19-66-80-53-55-28-59
Ta100x20,10,3,300,0.8875,0.05,6,2231006255,17000,6688,6465,6298,4.182587019,v2_avx512bw_vec32_exact_perm,77-34-40-56-90-43-26-81-100-11-83-92-24-6-70-67-64-12-65-74-51-87-27-47-96-54-15-48-60-1-72-84-20-37-25-35-52-10-42-22-73-18-75-2-14-46-31-21-76-79-89-36-95-62-44-91-98-99-16-69-88-41-45-13-4-30-78-23-57-82-86-68-97-71-38-39-7-94-85-49-28-33-50-5-17-63-29-9-32-8-61-19-80-3-55-66-53-58-93-59
Ta100x20,10,3,300,0.8875,0.05,7,2231007264,17000,6669,6465,6298,4.148994689,v2_avx512bw_vec32_exact_perm,77-34-56-100-51-11-65-40-67-81-60-70-38-46-43-6-54-90-20-15-83-12-98-92-74-4-27-96-47-22-21-1-25-42-52-37-24-14-16-87-62-10-35-23-36-26-84-75-7-3-31-78-88-48-86-18-73-95-94-68-5-64-9-72-97-50-57-63-45-33-39-76-2-32-89-30-99-71-17-69-13-19-41-93-28-91-8-61-49-79-82-80-29-55-53-85-44-59-66-58
Ta100x20,10,3,300,0.8875,0.05,8,2231008273,17000,6688,6465,6298,4.11440832,v2_avx512bw_vec32_exact_perm,77-34-56-40-92-26-98-100-62-51-87-65-20-15-24-90-11-6-60-38-54-72-74-1-78-96-3-27-48-70-12-83-67-68-64-36-47-52-35-82-10-76-18-31-37-75-32-46-22-99-42-21-28-14-43-89-7-4-13-86-33-5-57-23-95-71-2-81-25-63-69-61-97-9-50-88-44-39-45-94-30-79-16-8-91-73-49-85-84-41-17-58-19-29-93-80-55-53-66-59
Ta100x20,10,3,300,0.8875,0.05,9,2231009282,17000,6679,6465,6298,4.004498868,v2_avx512bw_vec32_exact_perm,77-56-34-100-6-24-51-14-83-11-35-12-60-87-65-92-43-81-96-40-26-74-2-98-84-54-36-75-27-42-15-67-90-21-37-7-10-64-18-62-46-88-22-70-44-52-48-94-23-1-16-89-47-72-95-30-4-85-31-20-33-86-3-32-78-38-61-9-5-39-57-76-41-25-50-99-45-91-79-97-69-71-13-28-29-73-68-82-19-63-17-8-58-49-53-55-80-66-59-93
Ta100x20,10,3,300,0.8875,0.05,10,2231010291,17000,6710,6465,6298,4.264994137,v2_avx512bw_vec32_exact_perm,77-34-56-51-11-100-17-52-90-81-40-43-6-87-27-83-92-15-46-2-21-26-38-20-62-54-99-70-75-96-23-25-36-65-12-84-35-60-78-1-22-67-95-73-57-5-74-64-76-18-48-10-31-13-88-4-16-37-98-68-32-97-24-72-94-91-71-63-8-14-47-42-9-86-45-41-50-44-39-7-89-61-28-79-69-82-30-29-33-85-49-19-3-66-93-55-80-53-58-59
Ta100x20,10,3,300,0.8875,0.075,1,2231001210,17000,6688,6465,6298,4.126363545,v2_avx512bw_vec32_exact_perm,77-34-100-81-40-11-1-43-56-36-6-51-83-24-98-27-46-20-26-87-60-12-15-21-54-62-39-48-42-38-92-90-52-10-74-37-18-35-47-67-96-16-23-22-88-14-70-95-65-64-33-2-4-25-97-72-31-68-89-7-86-99-9-75-5-8-82-91-78-85-50-44-32-57-84-69-28-13-45-71-3-93-41-76-61-30-79-94-17-63-49-29-58-19-73-66-80-53-55-59
Ta100x20,10,3,300,0.8875,0.075,2,2231002219,17000,6688,6465,6298,3.915818269,v2_avx512bw_vec32_exact_perm,77-34-56-11-100-15-51-83-1-20-87-6-90-70-26-92-60-40-52-81-31-12-24-72-38-46-54-48-18-27-37-21-96-64-74-43-78-2-67-22-99-10-65-98-62-35-14-68-25-16-88-3-57-76-95-86-4-97-89-23-91-47-7-85-5-32-8-36-75-71-13-9-44-94-28-30-63-42-33-84-17-61-73-39-79-50-93-45-41-49-29-58-19-69-82-53-80-55-66-59
Ta100x20,10,3,300,0.8875,0.075,3,2231003228,17000,6694,6465,6298,3.908162438,v2_avx512bw_vec32_exact_perm,77-34-56-100-24-11-84-6-90-87-2-62-1-46-54-83-51-38-81-36-27-40-52-60-35-20-43-18-47-48-31-15-75-21-99-94-65-98-16-26-74-96-23-70-12-97-67-10-22-92-64-14-7-68-45-9-5-80-44-42-37-4-88-71-89-95-72-73-76-86-78-91-33-13-69-25-50-57-28-32-39-79-3-63-30-66-82-49-8-61-41-17-85-29-58-19-93-55-53-59
Ta100x20,10,3,300,0.8875,0.075,4,2231004237,17000,6688,6465,6298,4.000527794,v2_avx512bw_vec32_exact_perm,77-34-56-90-70-11-26-20-40-65-54-27-81-87-68-100-83-62-1-21-51-92-35-37-6-22-18-43-3-24-52-60-46-15-48-10-96-64-74-2-98-72-97-4-88-23-7-12-89-47-13-28-14-75-38-95-36-61-86-78-17-63-32-25-49-5-76-31-94-45-57-16-67-71-84-50-85-30-42-99-44-39-9-33-8-73-69-91-41-19-79-82-93-29-58-80-53-55-66-59
Ta100x20,10,3,300,0.8875,0.075,5,2231005246,17000,6652,6465,6298,4.258623045,v2_avx512bw_vec32_exact_perm,77-34-56-100-11-83-6-64-90-15-52-54-40-51-88-43-62-26-20-1-24-65-23-60-37-46-87-81-92-75-48-84-72-12-42-27-18-74-10-35-22-58-67-17-70-5-96-95-73-14-36-2-31-32-21-28-94-33-57-89-47-86-98-68-4-97-25-44-30-78-45-38-76-41-7-82-13-39-61-8-16-71-63-9-19-99-85-91-50-49-29-69-93-79-3-80-55-59-66-53
Ta100x20,10,3,300,0.8875,0.075,6,2231006255,17000,6688,6465,6298,3.953837827,v2_avx512bw_vec32_exact_perm,77-34-56-100-11-83-92-40-43-6-51-87-81-24-60-65-67-15-20-26-38-70-90-22-54-35-1-72-68-98-94-21-5-62-96-14-48-84-4-27-32-52-74-61-28-36-57-37-23-95-97-75-10-46-25-18-64-17-12-2-42-47-7-33-63-16-76-71-31-3-78-88-73-39-91-99-86-85-9-79-89-44-13-45-69-8-49-50-30-41-82-58-19-29-93-80-53-55-66-59
Ta100x20,10,3,300,0.8875,0.075,7,2231007264,17000,6732,6465,6298,3.97967253,v2_avx512bw_vec32_exact_perm,77-34-40-56-26-54-100-87-90-11-98-92-83-38-24-21-52-22-35-6-47-62-96-51-20-88-64-60-74-57-43-65-37-27-67-46-15-49-70-95-94-72-81-68-48-25-42-28-36-23-5-16-14-1-31-10-2-75-12-18-91-13-7-45-3-41-78-99-30-50-86-85-89-8-97-76-4-63-71-44-84-61-79-73-69-39-9-32-17-33-19-29-82-58-66-93-55-53-80-59
Ta100x20,10,3,300,0.8875,0.075,8,2231008273,17000,6655,6465,6298,3.748045143,v2_avx512bw_vec32_exact_perm,77-34-56-20-90-70-51-100-6-92-11-98-43-40-62-24-74-46-48-26-83-35-15-67-22-52-12-54-37-87-96-10-47-65-27-2-9-21-1-31-3-64-60-75-57-14-81-7-95-71-36-72-25-82-32-68-61-39-42-99-18-17-5-88-89-97-23-33-86-16-38-78-76-45-41-30-69-4-84-79-13-19-63-94-73-91-49-29-85-44-93-8-28-53-80-50-59-66-55-58
Ta100x20,10,3,300,0.8875,0.075,9,2231009282,17000,6707,6465,6298,3.963233052,v2_avx512bw_vec32_exact_perm,77-34-56-43-70-90-83-51-60-36-26-20-54-24-62-40-92-11-87-12-88-98-89-1-35-67-15-6-22-72-27-65-38-52-21-74-23-47-100-78-25-37-81-57-31-2-16-64-97-4-5-32-3-17-46-39-68-10-96-30-44-48-14-75-95-99-42-76-50-33-73-61-71-86-7-41-9-91-13-79-8-49-28-94-63-69-18-84-85-29-82-45-58-66-19-53-93-80-55-59
Ta100x20,10,3,300,0.8875,0.075,10,2231010291,17000,6688,6465,6298,4.171289331,v2_avx512bw_vec32_exact_perm,77-34-11-56-43-26-36-54-90-51-24-83-6-20-40-87-52-62-12-10-60-1-25-35-81-47-92-27-18-2-96-98-74-100-70-3-75-65-15-37-21-23-7-14-22-67-31-38-46-78-16-86-5-99-97-32-42-61-91-76-33-64-71-4-88-48-94-72-8-73-95-9-68-30-85-13-39-89-63-84-57-49-41-17-79-45-44-50-69-29-58-93-19-28-53-82-80-55-66-59
Ta100x20,10,3,300,0.8875,0.1,1,2231001210,17000,6661,6465,6298,4.006951117,v2_avx512bw_vec32_exact_perm,77-56-40-12-26-100-51-11-34-64-47-60-43-90-87-24-37-98-67-7-92-6-15-52-96-75-22-14-81-70-45-74-38-31-48-54-25-65-10-20-35-18-72-27-1-78-36-21-62-68-71-2-46-50-57-42-94-17-85-59-95-33-86-88-73-5-13-99-97-83-61-44-32-23-89-16-39-63-4-91-28-76-49-9-30-8-69-79-84-82-41-29-58-19-3-66-93-80-55-53
Ta100x20,10,3,300,0.8875,0.1,2,2231002219,17000,6688,6465,6298,3.729840285,v2_avx512bw_vec32_exact_perm,77-34-56-100-83-64-11-43-40-90-12-37-47-51-92-26-60-36-20-35-6-27-18-70-96-21-67-62-78-87-14-54-46-75-99-4-1-2-52-22-72-31-85-42-23-3-74-24-15-17-98-68-88-38-97-65-48-73-89-39-57-95-25-10-76-5-94-44-16-33-7-71-32-86-49-61-13-28-8-9-69-45-81-63-91-79-29-30-50-84-41-82-66-58-19-93-80-53-55-59
Ta100x20,10,3,300,0.8875,0.1,3,2231003228,17000,6676,6465,6298,3.81797256,v2_avx512bw_vec32_exact_perm,77-34-56-51-81-40-60-6-47-20-12-54-87-75-22-67-11-92-36-24-15-52-90-27-83-74-62-5-26-1-35-70-3-57-95-37-25-2-48-72-43-7-17-100-84-86-96-46-68-10-23-16-31-85-64-21-71-97-33-98-39-65-42-88-18-50-99-63-13-89-14-4-9-73-45-78-61-94-32-49-76-44-69-30-91-93-8-38-41-28-79-82-29-58-19-53-80-55-59-66
Ta100x20,10,3,300,0.8875,0.1,4,2231004237,17000,6694,6465,6298,3.832817665,v2_avx512bw_vec32_exact_perm,77-34-56-26-38-74-24-100-87-6-52-11-83-40-90-17-46-48-15-20-60-92-22-37-62-96-54-43-27-78-1-21-65-67-42-68-95-41-98-14-64-12-16-36-10-47-33-5-76-72-18-25-35-45-2-51-88-57-70-86-97-99-4-23-75-94-31-7-91-44-50-81-69-89-13-73-61-85-39-3-28-84-58-8-19-9-63-82-32-30-71-49-79-29-93-55-53-80-66-59
Ta100x20,10,3,300,0.8875,0.1,5,2231005246,17000,6688,6465,6298,4.094106109,v2_avx512bw_vec32_exact_perm,77-34-56-40-6-11-90-70-26-51-83-100-24-22-92-87-60-47-14-76-10-35-52-15-81-1-12-65-74-46-27-96-48-38-37-54-99-43-20-69-75-18-3-31-21-33-25-88-36-89-72-64-39-78-98-62-30-23-68-85-42-67-5-4-63-16-95-17-2-44-57-94-32-9-71-91-28-86-97-50-61-7-41-13-84-49-82-8-79-45-80-73-29-58-66-19-53-93-55-59
Ta100x20,10,3,300,0.8875,0.1,6,2231006255,17000,6732,6465,6298,4.360325658,v2_avx512bw_vec32_exact_perm,77-56-40-26-51-81-12-11-67-46-90-54-83-6-52-92-100-38-47-62-1-75-34-15-96-60-64-74-48-87-23-5-72-78-2-24-22-20-98-37-18-88-70-68-10-35-73-42-95-84-3-31-4-76-45-33-27-94-89-44-97-36-43-57-63-9-25-21-16-14-65-50-13-30-41-86-69-39-71-28-99-7-82-8-85-32-91-49-79-61-17-29-55-58-66-19-93-53-80-59
Ta100x20,10,3,300,0.8875,0.1,7,2231007264,17000,6688,6465,6298,4.178524081,v2_avx512bw_vec32_exact_perm,77-56-26-11-83-24-67-62-34-51-92-1-6-15-20-60-43-40-36-27-64-78-54-18-52-90-84-87-47-96-37-100-98-14-95-10-35-42-22-25-65-72-33-38-70-21-4-86-88-12-46-76-71-81-31-97-75-16-39-57-3-73-2-74-68-23-49-61-7-85-89-69-63-5-17-45-13-9-48-99-19-44-94-32-50-93-8-41-28-91-30-82-79-29-58-80-53-55-66-59
Ta100x20,10,3,300,0.8875,0.1,8,2231008273,17000,6732,6465,6298,3.948146066,v2_avx512bw_vec32_exact_perm,77-34-40-100-20-15-43-56-90-38-51-74-11-81-12-54-83-87-92-88-39-98-14-18-52-64-37-60-1-96-72-6-27-35-70-10-47-3-65-89-26-22-36-16-46-23-67-95-69-2-21-25-49-24-91-4-63-42-31-57-68-9-84-5-62-79-48-7-75-71-32-61-97-78-28-82-76-44-94-30-86-41-45-58-19-73-33-29-85-13-55-17-99-50-66-8-93-53-80-59
Ta100x20,10,3,300,0.8875,0.1,9,2231009282,17000,6653,6465,6298,4.786588183,v2_avx512bw_vec32_exact_perm,77-34-56-51-87-90-26-100-24-20-6-38-11-43-83-1-22-92-35-60-40-54-21-46-15-72-67-52-10-47-64-62-12-14-74-23-88-70-27-86-65-25-98-31-78-75-36-48-3-2-37-18-7-42-81-97-59-95-5-68-61-96-32-16-9-4-13-79-91-89-94-99-45-73-63-49-39-76-71-57-44-50-84-30-41-17-85-29-33-28-93-58-8-19-69-82-66-80-55-53
Ta100x20,10,3,300,0.8875,0.1,10,2231010291,17000,6695,6465,6298,4.223263724,v2_avx512bw_vec32_exact_perm,77-56-51-20-11-40-83-100-92-43-54-34-62-24-60-6-65-27-81-87-72-21-26-25-74-98-1-15-48-38-67-31-86-95-10-64-35-18-70-99-78-46-16-22-96-2-76-69-90-47-36-42-23-39-68-57-37-13-91-12-75-14-97-4-44-7-89-73-88-45-50-33-61-94-71-17-79-52-28-63-30-9-5-8-3-82-32-84-49-41-29-85-58-19-93-55-53-80-66-59
Ta100x20,10,3,300,0.8875,0.125,1,2231001210,17000,6688,6465,6298,4.335535859,v2_avx512bw_vec32_exact_perm,77-34-56-100-11-51-3-20-90-40-43-6-24-98-26-81-35-65-83-92-15-87-37-22-1-88-52-62-14-60-96-54-61-18-48-64-75-46-67-21-72-12-38-86-47-74-82-10-31-5-99-78-70-68-95-27-4-25-94-36-42-84-7-85-45-30-97-2-71-23-16-63-32-76-57-13-89-49-44-41-33-39-79-50-91-8-28-69-17-9-58-19-29-73-66-80-53-93-55-59
Ta100x20,10,3,300,0.8875,0.125,2,2231002219,17000,6707,6465,6298,4.391615599,v2_avx512bw_vec32_exact_perm,77-56-100-26-40-11-83-54-96-1-98-6-34-64-51-70-21-87-60-43-65-92-20-46-15-90-74-14-47-10-37-35-23-25-48-67-73-12-52-84-88-27-18-7-75-81-31-16-5-62-42-22-85-2-86-78-4-36-95-72-33-68-89-94-30-99-76-24-71-32-17-57-9-8-97-45-63-69-13-41-38-49-44-91-61-39-82-28-3-79-29-50-93-58-66-19-53-80-55-59
Ta100x20,10,3,300,0.8875,0.125,3,2231003228,17000,6688,6465,6298,4.127396929,v2_avx512bw_vec32_exact_perm,77-34-56-87-40-46-11-60-27-47-17-98-51-92-83-100-65-62-43-20-18-32-22-67-6-90-12-54-64-31-35-24-78-15-37-26-14-74-70-95-1-21-38-99-96-75-52-84-88-25-5-2-16-71-97-49-13-3-72-48-10-76-23-91-42-44-36-4-73-45-7-39-89-33-9-68-86-57-69-85-94-81-30-63-8-41-50-93-61-28-79-29-58-19-53-82-80-55-66-59
Ta100x20,10,3,300,0.8875,0.125,4,2231004237,17000,6732,6465,6298,4.226629784,v2_avx512bw_vec32_exact_perm,77-56-11-90-87-40-43-51-26-83-92-24-36-81-54-2-35-52-34-70-31-60-46-37-22-62-12-47-1-67-74-65-27-38-32-100-99-75-98-23-6-15-72-14-10-78-4-97-33-18-20-91-96-89-71-64-30-48-68-63-79-94-13-21-5-41-61-73-9-17-86-76-16-7-39-84-57-69-25-45-88-95-8-42-85-19-3-44-93-29-66-28-82-50-55-58-49-53-80-59
Ta100x20,10,3,300,0.8875,0.125,5,2231005246,17000,6688,6465,6298,4.720460905,v2_avx512bw_vec32_exact_perm,77-34-56-26-40-83-54-43-98-51-62-64-11-100-27-60-72-92-6-87-38-24-3-12-15-1-31-10-35-23-5-18-2-21-22-52-46-14-42-74-70-65-48-68-32-96-89-47-90-84-36-25-39-88-95-4-75-86-85-20-67-37-69-61-13-57-45-73-99-76-78-71-97-81-94-17-44-63-7-16-28-19-33-8-49-91-50-41-9-58-29-30-93-79-82-80-55-53-66-59
Ta100x20,10,3,300,0.8875,0.125,6,2231006255,17000,6726,6465,6298,4.790445854,v2_avx512bw_vec32_exact_perm,77-34-40-56-26-11-51-83-64-18-43-100-15-48-12-67-20-74-90-6-65-85-47-54-1-10-98-92-87-60-2-52-35-62-24-25-75-21-7-72-17-70-31-46-97-84-37-27-88-14-38-57-95-96-86-68-99-71-42-8-73-89-9-94-69-3-22-16-81-61-4-45-76-13-5-59-36-39-23-63-19-41-29-30-44-78-32-49-91-28-33-93-79-50-66-80-55-53-82-58
Ta100x20,10,3,300,0.8875,0.125,7,2231007264,17000,6703,6465,6298,4.610783582,v2_avx512bw_vec32_exact_perm,77-34-11-46-56-6-98-40-83-99-26-87-81-51-24-43-60-15-35-18-48-54-74-52-65-38-47-22-100-7-3-23-1-62-36-92-12-14-78-64-90-5-97-20-10-68-4-21-27-95-57-75-25-71-70-42-72-82-93-13-67-2-17-37-31-32-86-88-85-39-33-9-63-8-89-96-50-61-30-45-49-79-69-91-58-84-76-41-73-94-29-44-16-19-55-66-80-53-28-59
Ta100x20,10,3,300,0.8875,0.125,8,2231008273,17000,6705,6465,6298,4.708324504,v2_avx512bw_vec32_exact_perm,77-34-56-26-100-11-40-90-83-54-47-27-98-6-35-72-25-37-24-60-31-92-18-62-51-43-64-20-70-67-7-16-87-84-21-52-38-14-46-57-10-36-81-12-78-22-2-1-96-74-5-3-48-97-75-13-88-42-73-15-8-39-4-23-65-99-95-32-89-68-30-76-33-9-86-91-41-93-79-61-50-71-85-17-45-49-94-63-44-29-69-58-28-19-66-82-80-53-55-59
Ta100x20,10,3,300,0.8875,0.125,9,2231009282,17000,6732,6465,6298,4.580289028,v2_avx512bw_vec32_exact_perm,77-34-40-100-56-11-83-20-51-38-62-6-87-92-24-65-60-90-26-81-36-1-54-22-96-68-48-18-12-27-94-74-70-43-10-72-37-46-21-35-32-14-47-76-52-3-88-99-75-98-23-30-78-16-31-25-95-42-97-15-2-64-91-67-4-44-63-71-61-9-57-39-41-33-73-5-86-8-50-7-82-84-45-69-17-13-85-28-89-55-49-93-79-29-58-66-19-53-80-59
Ta100x20,10,3,300,0.8875,0.125,10,2231010291,17000,6660,6465,6298,4.643004314,v2_avx512bw_vec32_exact_perm,77-34-40-100-56-83-51-26-43-60-81-64-47-4-87-6-11-90-52-67-92-1-22-15-88-35-12-2-78-54-46-62-96-37-25-10-20-48-36-70-99-21-75-98-69-27-7-14-18-13-31-95-86-65-23-68-24-74-3-32-5-72-42-89-38-17-76-39-73-8-41-9-45-50-91-44-97-85-57-94-30-84-71-33-16-49-80-61-63-29-19-93-28-82-79-55-59-53-66-58
Ta100x20,10,3,300,0.925,0.025,1,2231001210,17000,6634,6465,6298,4.265875497,v2_avx512bw_vec32_exact_perm,77-56-26-64-24-51-11-60-34-40-83-100-15-1-20-87-54-81-14-47-98-6-52-27-74-90-92-67-70-22-65-12-96-10-43-62-5-23-36-21-38-72-35-75-31-2-95-46-48-18-25-84-37-57-88-42-94-4-68-97-17-16-63-86-78-61-69-44-71-99-50-85-9-7-45-91-39-32-41-82-30-76-33-49-79-89-13-73-8-28-80-3-29-93-58-19-55-59-66-53
Ta100x20,10,3,300,0.925,0.025,2,2231002219,17000,6669,6465,6298,4.583401942,v2_avx512bw_vec32_exact_perm,77-34-56-43-100-17-51-90-11-83-92-87-70-40-24-72-67-20-52-96-1-54-12-26-35-62-47-27-65-48-74-60-15-37-10-46-22-84-6-76-94-86-75-5-88-14-73-25-91-95-42-81-16-38-97-98-4-57-82-63-69-18-23-31-45-78-32-49-21-44-33-13-89-71-2-36-28-9-64-68-61-39-7-30-8-3-99-41-50-93-29-19-85-80-53-79-55-59-66-58
Ta100x20,10,3,300,0.925,0.025,3,2231003228,17000,6688,6465,6298,4.179953556,v2_avx512bw_vec32_exact_perm,77-34-56-90-81-100-51-46-92-11-83-37-40-26-10-6-70-67-22-84-60-12-68-15-54-43-24-74-87-27-1-72-98-62-20-35-52-65-96-47-5-2-4-25-88-86-95-97-48-21-38-16-42-36-14-78-63-49-33-82-18-91-75-99-9-64-23-45-7-89-31-71-73-85-44-13-57-76-28-94-50-69-3-39-17-32-61-41-93-8-80-30-79-29-58-19-66-55-53-59
Ta100x20,10,3,300,0.925,0.025,4,2231004237,17000,6699,6465,6298,4.680964326,v2_avx512bw_vec32_exact_perm,81-40-90-11-56-26-87-54-51-20-72-74-24-62-83-92-60-12-77-48-43-38-1-6-70-35-34-65-47-52-18-21-67-28-39-10-98-14-33-37-27-46-23-95-82-7-100-22-25-3-31-2-15-42-36-75-97-96-73-86-32-4-61-68-5-89-69-57-88-44-13-16-78-30-94-99-71-76-85-84-64-41-63-17-9-8-59-91-79-45-50-49-29-58-66-19-93-55-53-80
Ta100x20,10,3,300,0.925,0.025,5,2231005246,17000,6688,6465,6298,4.806985183,v2_avx512bw_vec32_exact_perm,77-34-56-100-11-24-15-48-65-43-51-20-40-83-1-18-92-74-6-54-60-72-26-90-70-52-12-67-10-38-62-87-99-14-27-46-37-64-35-96-84-88-2-97-22-75-36-95-68-21-98-86-47-5-89-32-85-78-23-69-33-57-3-16-81-25-39-73-13-76-71-31-94-63-45-61-42-91-4-44-9-49-28-50-8-41-7-82-30-79-29-58-93-66-19-80-53-17-55-59
Ta100x20,10,3,300,0.925,0.025,6,2231006255,17000,6668,6465,6298,4.521987137,v2_avx512bw_vec32_exact_perm,77-34-56-65-87-46-92-6-54-90-11-51-100-83-40-60-48-35-70-26-52-15-12-27-47-22-88-67-20-14-10-72-64-78-18-1-98-24-62-32-43-3-74-38-95-21-36-23-68-25-42-37-5-75-7-31-86-99-33-96-89-13-16-4-71-69-57-97-50-9-45-76-91-81-2-49-85-39-84-41-61-30-79-82-94-73-44-63-17-8-28-59-29-58-19-93-55-66-80-53
Ta100x20,10,3,300,0.925,0.025,7,2231007264,17000,6688,6465,6298,4.495958036,v2_avx512bw_vec32_exact_perm,77-34-56-100-26-51-11-81-1-40-43-12-54-90-83-6-24-65-92-74-67-60-22-20-38-36-15-87-2-35-62-5-21-95-98-37-47-27-33-46-96-23-18-70-48-42-52-31-84-14-75-86-64-80-78-16-63-91-10-76-25-9-97-72-82-88-68-39-4-44-7-61-28-71-89-45-85-57-17-30-3-49-13-32-8-99-79-69-73-94-50-41-93-29-58-19-66-55-53-59
Ta100x20,10,3,300,0.925,0.025,8,2231008273,17000,6688,6465,6298,4.216603956,v2_avx512bw_vec32_exact_perm,77-34-56-20-92-43-11-51-26-65-6-24-87-60-40-38-98-21-90-81-12-96-14-64-31-27-54-46-83-18-52-74-47-70-67-48-35-15-95-62-100-72-88-5-68-1-25-97-2-57-4-94-22-36-23-78-84-37-86-76-75-16-7-3-91-63-10-71-13-61-99-33-8-45-32-42-69-17-9-73-89-39-82-41-44-30-28-85-29-79-58-66-19-49-80-50-93-55-53-59
Ta100x20,10,3,300,0.925,0.025,9,2231009282,17000,6699,6465,6298,4.347167619,v2_avx512bw_vec32_exact_perm,77-34-40-26-43-100-56-38-92-83-47-54-60-11-36-21-67-20-87-98-70-24-1-15-14-90-51-23-35-37-18-6-22-27-97-78-65-75-52-84-96-46-10-88-64-2-62-74-12-95-73-25-31-48-72-7-17-42-68-76-5-4-41-45-94-9-30-61-86-81-3-89-71-32-79-16-57-33-44-85-63-99-91-13-49-39-69-93-50-8-82-28-53-80-29-58-19-55-66-59
Ta100x20,10,3,300,0.925,0.025,10,2231010291,17000,6688,6465,6298,4.824680295,v2_avx512bw_vec32_exact_perm,77-34-11-43-56-20-40-54-90-83-51-87-74-62-26-92-24-67-15-60-6-21-70-52-35-38-96-84-100-57-78-12-47-64-13-36-72-30-65-48-68-31-10-98-1-95-25-18-3-97-99-37-23-27-91-2-32-4-86-7-88-89-14-75-71-44-22-76-46-16-9-41-42-63-94-61-5-8-73-39-69-33-79-17-50-45-93-49-81-85-28-29-58-19-53-82-80-55-66-59
Ta100x20,10,3,300,0.925,0.05,1,2231001210,17000,6688,6465,6298,4.484311374,v2_avx512bw_vec32_exact_perm,77-34-56-100-26-51-81-11-83-40-43-87-54-35-20-1-24-6-64-37-60-21-2-38-72-22-52-27-15-67-65-31-62-47-46-74-96-92-48-42-12-88-90-14-97-23-75-4-16-70-99-25-10-95-36-94-86-7-68-3-98-32-33-73-5-78-50-91-79-18-76-45-89-61-30-17-49-69-71-57-44-63-39-9-13-8-85-84-41-82-28-80-29-58-19-53-55-66-93-59
Ta100x20,10,3,300,0.925,0.05,2,2231002219,17000,6688,6465,6298,4.199887563,v2_avx512bw_vec32_exact_perm,77-34-40-56-26-83-54-51-64-100-43-60-6-24-62-67-90-92-47-11-38-12-74-14-37-27-21-88-87-20-70-31-32-3-46-35-65-48-96-78-22-7-18-1-2-10-98-95-25-23-52-82-72-42-86-4-36-75-94-15-28-91-63-44-81-89-61-57-68-5-16-99-76-30-50-45-69-9-39-84-33-73-71-41-13-8-97-17-79-85-49-29-58-66-19-93-80-53-55-59
Ta100x20,10,3,300,0.925,0.05,3,2231003228,17000,6688,6465,6298,4.51296764,v2_avx512bw_vec32_exact_perm,77-34-56-81-51-90-24-11-40-98-26-20-52-43-15-25-1-62-87-31-70-6-60-35-100-83-37-46-72-12-64-47-67-92-38-2-23-27-10-22-74-21-54-16-96-84-41-17-14-7-95-65-97-75-88-48-89-61-36-73-18-78-76-5-86-68-42-13-99-91-71-69-32-4-57-33-39-9-79-44-49-45-85-94-93-28-63-30-82-3-50-29-80-8-58-19-66-55-53-59
Ta100x20,10,3,300,0.925,0.05,4,2231004237,17000,6681,6465,6298,4.219084576,v2_avx512bw_vec32_exact_perm,77-34-56-20-51-40-98-15-62-100-12-90-27-11-24-26-43-37-6-35-87-83-92-75-46-48-60-23-70-72-96-18-4-54-1-81-21-38-64-52-25-74-2-22-47-57-78-65-36-5-95-94-14-84-31-73-76-97-68-16-67-91-99-88-3-32-10-89-45-71-13-41-7-33-86-69-9-50-30-82-42-63-17-44-85-39-79-59-49-8-61-29-93-28-58-66-19-53-80-55
Ta100x20,10,3,300,0.925,0.05,5,2231005246,17000,6688,6465,6298,4.092533986,v2_avx512bw_vec32_exact_perm,77-34-56-90-20-11-26-87-43-65-51-1-81-40-54-60-6-24-83-67-52-35-62-22-47-12-15-92-37-27-2-46-100-38-74-70-42-10-25-75-95-7-21-78-23-97-96-61-14-57-84-89-91-71-28-18-48-88-16-73-3-4-31-36-72-98-39-5-50-68-45-17-99-32-33-94-86-64-76-9-63-30-85-44-41-8-49-13-69-82-79-29-58-66-19-93-80-53-55-59
Ta100x20,10,3,300,0.925,0.05,6,2231006255,17000,6732,6465,6298,4.089821599,v2_avx512bw_vec32_exact_perm,77-34-56-51-87-100-20-11-15-90-43-54-72-26-40-70-27-83-46-36-35-64-48-74-37-88-65-52-18-6-92-75-12-96-38-1-67-78-84-10-24-95-22-81-98-23-57-89-25-17-60-39-91-69-14-73-21-47-86-97-4-85-42-2-9-44-62-13-8-7-31-71-68-99-5-30-33-94-16-61-28-79-82-45-3-63-32-76-93-41-49-55-50-29-58-66-19-53-80-59
Ta100x20,10,3,300,0.925,0.05,7,2231007264,17000,6708,6465,6298,4.497649398,v2_avx512bw_vec32_exact_perm,77-56-100-83-40-11-26-51-98-62-60-87-3-72-12-34-24-27-43-6-90-54-70-96-74-20-67-52-1-76-65-37-18-64-88-23-35-75-10-22-92-46-99-42-33-95-16-48-25-81-69-7-36-14-71-30-21-31-32-2-57-4-84-97-5-89-47-15-94-86-9-50-63-13-41-61-82-68-45-28-78-44-17-59-49-73-85-79-39-93-38-8-91-58-19-29-66-80-55-53
Ta100x20,10,3,300,0.925,0.05,8,2231008273,17000,6684,6465,6298,4.069271829,v2_avx512bw_vec32_exact_perm,77-56-40-26-83-6-64-51-88-60-90-11-87-54-92-100-62-48-84-74-38-24-65-15-27-36-68-96-21-20-35-34-25-52-67-81-1-72-16-70-12-22-98-31-37-78-18-46-23-2-97-33-86-10-14-43-85-13-95-28-47-89-57-39-76-63-17-73-4-5-42-75-94-3-9-32-71-99-69-61-7-45-91-8-41-44-79-30-50-49-82-29-58-66-19-93-80-55-59-53
Ta100x20,10,3,300,0.925,0.05,9,2231009282,17000,6688,6465,6298,4.233279039,v2_avx512bw_vec32_exact_perm,77-34-56-51-6-11-26-40-87-100-83-92-60-21-35-81-24-43-1-70-54-90-38-65-74-96-78-98-27-14-47-36-22-52-67-12-7-48-18-64-31-68-37-72-25-15-94-4-10-75-23-20-88-61-17-73-8-86-95-32-46-76-5-79-57-97-41-2-42-16-82-30-39-13-45-99-62-33-28-85-89-50-91-71-9-58-44-69-84-19-29-63-49-3-66-93-80-53-55-59
Ta100x20,10,3,300,0.925,0.05,10,2231010291,17000,6694,6465,6298,3.946565027,v2_avx512bw_vec32_exact_perm,77-34-56-51-87-100-24-6-83-12-90-92-11-60-70-81-54-40-38-95-26-35-72-67-52-47-20-1-43-96-65-21-22-10-74-76-27-62-25-18-14-45-31-64-2-36-69-84-46-89-48-23-15-32-13-57-42-33-4-28-68-63-94-98-97-16-78-75-9-88-99-86-39-37-5-17-73-30-85-44-7-3-41-8-79-91-50-49-71-82-61-58-19-93-29-53-80-55-66-59
Ta100x20,10,3,300,0.925,0.075,1,2231001210,17000,6688,6465,6298,4.1499996,v2_avx512bw_vec32_exact_perm,77-34-56-26-92-40-83-51-60-81-100-54-87-96-11-1-64-37-24-90-65-2-47-52-6-74-43-62-14-35-23-15-48-78-10-70-67-72-12-46-27-21-18-25-4-31-98-32-99-38-95-33-76-28-97-57-20-36-17-5-16-86-75-73-39-94-42-22-3-68-63-89-8-45-85-9-88-71-30-13-84-69-79-91-61-44-49-50-7-82-41-29-58-66-19-93-80-53-55-59
Ta100x20,10,3,300,0.925,0.075,2,2231002219,17000,6688,6465,6298,4.024519671,v2_avx512bw_vec32_exact_perm,77-34-56-51-24-90-40-11-6-43-26-20-83-64-92-54-96-87-37-60-65-52-1-81-2-15-74-100-14-99-62-46-75-27-48-70-31-67-4-42-12-47-18-98-95-35-22-25-88-5-32-72-23-10-45-76-36-71-7-33-57-30-3-94-86-21-44-97-16-89-78-38-17-68-85-28-73-39-13-61-79-63-9-8-91-49-50-84-41-69-82-29-58-66-19-93-80-53-55-59
Ta100x20,10,3,300,0.925,0.075,3,2231003228,17000,6732,6465,6298,4.292079461,v2_avx512bw_vec32_exact_perm,77-34-40-26-83-92-98-62-56-60-87-6-54-11-100-24-52-74-18-43-51-65-47-1-81-71-17-2-96-23-15-35-25-67-12-37-22-46-4-10-95-27-32-31-90-85-97-48-20-33-78-70-72-38-21-86-64-14-7-45-94-5-99-61-42-73-84-88-57-75-89-16-39-3-36-68-93-63-9-79-13-30-8-76-82-28-41-69-49-29-50-44-91-66-58-19-55-53-80-59
Ta100x20,10,3,300,0.925,0.075,4,2231004237,17000,6694,6465,6298,4.13894765,v2_avx512bw_vec32_exact_perm,77-34-56-100-26-24-51-20-17-43-38-1-6-54-62-40-87-88-27-52-35-46-22-12-60-21-65-67-92-83-2-37-47-39-86-14-90-11-81-74-70-64-31-10-95-42-15-98-96-3-25-4-32-72-76-23-61-78-36-28-18-48-91-75-97-73-68-89-79-45-94-57-44-5-9-82-69-71-8-13-7-99-63-16-50-93-41-85-29-19-84-30-33-58-53-49-55-80-66-59
Ta100x20,10,3,300,0.925,0.075,5,2231005246,17000,6692,6465,6298,4.669722231,v2_avx512bw_vec32_exact_perm,77-56-40-26-90-17-24-100-20-88-34-64-83-54-92-96-51-98-43-6-87-47-70-10-62-74-12-52-35-15-37-11-42-2-60-31-22-18-1-33-36-16-27-65-21-67-14-95-75-78-73-85-5-48-46-84-9-4-23-99-68-72-89-76-57-38-97-49-82-45-69-91-25-86-7-32-8-71-41-79-81-13-50-39-3-61-28-30-44-94-63-80-58-29-19-66-53-93-55-59
Ta100x20,10,3,300,0.925,0.075,6,2231006255,17000,6695,6465,6298,4.286087787,v2_avx512bw_vec32_exact_perm,77-34-56-51-40-24-60-11-70-83-100-26-1-87-64-98-96-90-43-2-46-20-6-92-81-37-62-35-52-65-54-23-88-27-25-21-15-12-7-97-22-67-42-5-33-86-99-48-76-72-75-14-10-74-16-47-95-61-84-73-91-50-44-31-36-89-80-78-9-3-63-18-28-32-4-94-49-68-69-30-71-85-39-41-82-17-58-57-13-45-19-79-29-93-8-66-38-55-53-59
Ta100x20,10,3,300,0.925,0.075,7,2231007264,17000,6688,6465,6298,4.088089467,v2_avx512bw_vec32_exact_perm,77-34-56-51-24-43-26-90-40-100-83-54-22-17-35-12-11-87-92-46-6-60-74-72-38-4-96-52-15-62-78-1-23-20-27-70-28-64-13-98-36-37-89-2-67-14-10-65-31-48-18-32-95-86-68-99-47-91-16-21-57-88-71-3-7-33-42-69-5-97-61-94-63-25-76-73-9-81-45-8-44-49-75-39-50-30-84-79-41-82-85-29-58-66-19-93-80-53-55-59
Ta100x20,10,3,300,0.925,0.075,8,2231008273,17000,6688,6465,6298,4.276974352,v2_avx512bw_vec32_exact_perm,77-34-56-26-81-24-92-100-11-1-40-60-12-51-83-70-67-62-90-43-46-27-38-21-37-33-87-52-10-54-78-42-98-14-15-22-65-95-2-18-35-36-74-64-96-68-6-23-86-25-88-48-72-47-89-3-20-76-9-32-75-7-5-94-63-17-97-69-99-4-39-71-41-16-73-45-13-50-85-28-8-57-93-30-84-31-79-61-82-19-91-29-44-58-49-53-80-55-66-59
Ta100x20,10,3,300,0.925,0.075,9,2231009282,17000,6688,6465,6298,4.176694473,v2_avx512bw_vec32_exact_perm,77-34-56-100-83-20-11-92-87-54-15-43-98-40-90-64-51-37-91-60-67-70-24-74-12-48-1-62-6-52-81-27-96-65-72-35-31-46-23-18-61-14-38-95-88-7-3-21-2-32-25-10-42-86-39-47-16-82-68-26-89-75-36-22-78-30-33-5-57-17-4-97-13-73-99-76-8-28-94-45-85-9-79-41-71-84-69-49-63-44-50-29-58-66-19-93-80-53-55-59
Ta100x20,10,3,300,0.925,0.075,10,2231010291,17000,6707,6465,6298,4.824735881,v2_avx512bw_vec32_exact_perm,77-34-56-100-40-83-92-51-11-81-26-43-52-87-90-24-6-62-60-88-37-12-1-20-70-67-21-35-54-10-72-15-75-64-65-46-74-23-48-18-98-27-5-22-25-84-68-95-36-47-4-82-96-91-78-7-57-99-33-71-73-39-76-2-63-50-97-32-14-45-31-86-42-9-85-3-89-16-41-30-38-13-94-44-28-8-61-49-79-29-69-93-58-17-66-19-53-80-55-59
Ta100x20,10,3,300,0.925,0.1,1,2231001210,17000,6702,6465,6298,4.566703882,v2_avx512bw_vec32_exact_perm,77-34-56-43-40-26-83-51-24-6-92-20-64-96-60-11-37-81-70-72-54-35-38-18-78-15-67-65-52-1-21-62-100-95-46-48-16-3-12-27-87-7-68-42-74-2-90-31-47-36-89-86-4-32-76-23-98-39-14-25-10-28-85-97-33-88-94-63-44-22-61-57-45-8-13-75-71-5-69-99-9-30-82-73-91-79-84-50-49-29-41-17-58-66-19-93-80-55-53-59
Ta100x20,10,3,300,0.925,0.1,2,2231002219,17000,6692,6465,6298,4.603892935,v2_avx512bw_vec32_exact_perm,77-34-56-40-90-11-26-100-83-12-98-60-92-87-38-6-43-54-51-96-18-22-70-78-37-47-10-35-1-3-24-52-14-20-27-15-72-74-81-75-25-65-36-23-67-62-48-31-21-46-57-94-32-91-4-73-76-44-86-13-2-71-39-8-88-28-42-5-33-17-89-68-63-49-97-64-9-79-84-41-50-30-95-82-7-61-45-99-16-69-66-29-58-19-85-93-80-53-55-59
Ta100x20,10,3,300,0.925,0.1,3,2231003228,17000,6663,6465,6298,4.473531101,v2_avx512bw_vec32_exact_perm,77-34-56-87-40-24-11-60-92-83-26-43-21-1-51-18-36-88-17-20-84-27-75-81-100-54-65-78-22-46-15-96-25-67-64-35-48-62-12-52-10-6-2-70-31-23-32-4-57-74-72-95-14-38-44-97-37-98-28-94-86-76-33-90-73-71-89-13-63-5-42-85-3-30-7-39-9-45-49-8-16-47-19-50-41-99-69-82-68-91-80-61-29-93-79-55-59-66-58-53
Ta100x20,10,3,300,0.925,0.1,4,2231004237,17000,6694,6465,6298,4.138440357,v2_avx512bw_vec32_exact_perm,77-34-100-56-83-65-87-54-11-92-6-90-12-40-51-52-27-60-46-26-35-18-38-64-48-17-98-37-7-96-22-74-1-24-10-70-94-62-25-43-95-91-97-81-21-14-32-99-15-5-67-23-75-30-68-61-2-36-31-47-89-4-20-86-13-42-72-16-69-33-79-78-9-71-45-73-50-93-44-88-39-41-76-57-8-63-19-82-84-85-49-29-28-3-58-55-53-80-66-59
Ta100x20,10,3,300,0.925,0.1,5,2231005246,17000,6732,6465,6298,4.942899259,v2_avx512bw_vec32_exact_perm,77-56-11-40-24-15-26-81-51-54-60-43-18-92-34-87-100-12-52-88-62-83-23-6-37-35-20-1-67-98-74-27-48-70-46-90-72-84-2-75-4-22-38-25-47-78-14-45-16-5-97-17-57-28-96-21-63-33-36-42-50-71-89-65-10-76-95-68-64-49-44-31-91-94-41-30-86-13-99-39-82-8-85-73-7-9-79-32-61-29-69-3-19-58-93-66-55-53-80-59
Ta100x20,10,3,300,0.925,0.1,6,2231006255,17000,6707,6465,6298,4.502850225,v2_avx512bw_vec32_exact_perm,77-56-34-100-26-87-83-70-20-47-60-12-27-11-52-6-35-54-24-65-15-92-81-36-40-25-90-78-51-9-64-21-67-74-96-37-1-22-14-98-72-75-73-86-18-10-17-31-23-33-99-89-68-88-2-46-95-43-61-48-45-5-42-7-57-85-16-62-32-71-97-76-94-44-38-13-8-28-41-4-84-69-79-50-3-39-63-91-49-30-82-66-29-58-19-93-53-80-55-59
Ta100x20,10,3,300,0.925,0.1,7,2231007264,17000,6707,6465,6298,4.577284817,v2_avx512bw_vec32_exact_perm,77-34-87-40-100-90-11-81-56-92-15-65-60-83-6-67-35-70-47-43-27-52-37-54-12-22-51-14-36-96-72-98-20-24-21-95-1-68-2-32-18-74-64-31-39-10-26-75-17-73-48-38-46-97-99-33-57-25-5-89-85-23-71-78-16-4-88-76-13-62-42-50-91-69-86-84-41-7-3-61-8-63-9-49-94-93-82-79-45-30-44-58-19-29-66-28-53-80-55-59
Ta100x20,10,3,300,0.925,0.1,8,2231008273,17000,6707,6465,6298,4.302812669,v2_avx512bw_vec32_exact_perm,77-34-56-65-40-60-20-87-11-98-43-24-51-62-15-6-83-18-12-54-81-100-37-92-90-22-78-33-35-70-36-52-48-1-27-96-67-73-21-74-14-46-47-10-72-57-45-26-25-2-88-31-16-13-95-86-99-94-4-7-64-68-30-23-97-75-69-3-42-5-89-17-85-49-79-9-84-71-76-32-41-44-50-39-8-93-38-91-63-19-29-58-61-28-53-82-66-80-55-59
Ta100x20,10,3,300,0.925,0.1,9,2231009282,17000,6684,6465,6298,4.418628356,v2_avx512bw_vec32_exact_perm,77-34-56-51-15-6-11-65-100-98-54-62-67-83-92-90-12-40-74-60-24-43-87-38-1-20-48-52-47-46-26-81-96-21-27-76-68-28-14-4-35-37-91-94-75-23-64-57-10-3-97-18-22-31-99-25-39-5-63-42-36-16-70-95-17-2-86-32-88-78-33-72-69-71-30-89-7-61-19-44-45-13-82-85-84-49-79-73-9-29-50-59-80-8-41-66-53-55-93-58
Ta100x20,10,3,300,0.925,0.1,10,2231010291,17000,6707,6465,6298,4.697744785,v2_avx512bw_vec32_exact_perm,77-34-56-51-6-100-35-17-24-98-65-87-40-83-15-60-92-47-52-26-88-22-23-12-64-74-67-90-54-43-11-75-14-37-95-62-70-73-46-10-1-84-48-78-68-96-72-18-20-2-16-31-94-5-57-25-81-3-36-69-32-89-27-21-9-76-63-33-86-13-7-85-71-61-45-42-44-39-99-38-30-97-28-4-82-41-50-8-49-91-79-93-29-58-66-19-53-80-55-59
Ta100x20,10,3,300,0.925,0.125,1,2231001210,17000,6707,6465,6298,4.776597535,v2_avx512bw_vec32_exact_perm,77-56-26-43-11-34-100-38-6-83-87-18-54-24-36-98-60-15-51-62-12-35-48-27-40-90-20-4-92-46-16-52-2-10-72-70-57-37-1-74-67-88-21-31-86-7-14-23-64-65-85-95-96-22-17-5-25-84-89-78-32-76-75-47-97-81-68-30-73-39-13-82-42-3-63-71-8-44-99-9-50-41-91-49-61-45-28-33-79-94-69-29-58-19-93-66-53-80-55-59
Ta100x20,10,3,300,0.925,0.125,2,2231002219,17000,6716,6465,6298,4.872891854,v2_avx512bw_vec32_exact_perm,77-40-34-12-48-20-51-100-26-81-11-92-46-60-6-24-90-54-87-70-98-35-10-83-16-2-1-15-43-56-67-52-74-36-37-31-99-62-96-3-25-86-27-21-85-47-64-97-23-95-45-32-78-18-7-89-42-68-65-91-14-76-72-38-22-75-63-39-5-13-88-4-57-71-49-9-50-44-8-17-69-94-84-61-33-30-58-79-41-73-19-29-93-66-82-53-28-80-55-59
Ta100x20,10,3,300,0.925,0.125,3,2231003228,17000,6732,6465,6298,4.848249909,v2_avx512bw_vec32_exact_perm,77-34-56-43-87-11-51-38-46-92-100-65-40-60-81-74-12-90-96-26-83-27-35-72-88-20-1-24-54-62-6-5-37-67-47-18-48-64-10-4-52-70-78-98-31-32-95-14-91-21-68-42-22-7-23-25-36-75-73-33-17-15-30-86-2-16-41-76-99-71-61-89-63-9-50-93-45-94-97-28-84-57-39-8-44-19-49-85-29-58-13-69-79-3-53-82-55-66-80-59
Ta100x20,10,3,300,0.925,0.125,4,2231004237,17000,6689,6465,6298,4.544614425,v2_avx512bw_vec32_exact_perm,77-34-56-26-67-40-65-51-81-24-83-11-62-92-27-6-90-100-12-87-52-96-70-74-33-20-14-60-43-64-54-10-47-36-75-78-84-1-22-72-48-88-16-42-15-21-71-91-68-97-30-23-73-35-37-95-5-18-99-38-46-98-17-25-31-89-69-4-49-76-94-45-61-86-41-85-9-2-39-7-8-57-79-32-50-44-13-19-82-28-29-63-93-3-53-80-58-55-66-59
Ta100x20,10,3,300,0.925,0.125,5,2231005246,17000,6732,6465,6298,4.374344182,v2_avx512bw_vec32_exact_perm,77-56-40-87-100-12-90-51-83-20-43-11-35-65-27-6-18-52-46-34-15-60-26-62-72-76-10-36-54-37-1-92-74-86-23-96-75-81-70-47-5-38-48-67-14-84-57-95-85-89-97-32-68-7-39-41-21-78-98-64-4-61-22-88-94-28-31-24-3-2-25-73-33-30-42-71-69-79-82-99-19-9-45-44-63-16-49-13-8-93-29-66-50-17-59-53-55-80-91-58
Ta100x20,10,3,300,0.925,0.125,6,2231006255,17000,6728,6465,6298,3.968233703,v2_avx512bw_vec32_exact_perm,83-77-34-40-26-56-6-90-70-35-11-1-60-54-72-62-87-4-51-12-96-43-98-24-74-92-10-67-57-47-46-20-15-64-48-65-2-37-100-5-27-23-22-14-38-52-32-78-36-84-88-17-41-97-89-75-18-73-45-95-68-69-81-94-13-71-25-21-28-44-85-42-76-30-31-86-3-7-9-8-16-63-82-91-99-33-39-49-79-61-50-58-19-29-66-93-55-53-80-59
Ta100x20,10,3,300,0.925,0.125,7,2231007264,17000,6702,6465,6298,4.317762334,v2_avx512bw_vec32_exact_perm,77-34-56-43-75-83-40-15-17-100-48-24-47-26-1-92-90-37-51-11-52-22-10-27-74-23-72-46-54-70-62-20-31-60-12-18-65-67-87-6-88-84-96-35-71-95-64-76-99-14-98-21-73-41-25-91-78-42-49-2-5-16-19-68-13-36-38-45-89-81-86-61-28-33-32-97-85-4-57-44-39-94-7-79-50-30-8-82-9-69-29-58-3-93-63-53-55-80-66-59
Ta100x20,10,3,300,0.925,0.125,8,2231008273,17000,6702,6465,6298,4.022688552,v2_avx512bw_vec32_exact_perm,77-34-56-100-26-20-51-11-24-90-3-92-72-62-36-40-60-25-74-83-15-43-21-47-1-84-87-52-78-54-27-67-96-6-37-12-70-98-31-14-10-46-88-2-42-22-5-65-35-48-68-71-7-81-94-95-64-16-76-18-57-97-73-23-99-13-4-89-69-79-30-86-63-45-32-39-49-33-75-38-17-85-50-44-61-91-9-82-28-29-58-8-41-66-19-93-80-55-53-59
Ta100x20,10,3,300,0.925,0.125,9,2231009282,17000,6697,6465,6298,3.97088294,v2_avx512bw_vec32_exact_perm,77-34-40-56-65-26-43-60-24-11-1-81-87-51-15-6-25-78-20-64-22-52-92-90-12-100-18-47-54-88-83-10-74-42-70-35-72-46-38-14-21-27-4-23-96-31-32-48-67-62-13-98-68-36-37-86-2-85-69-57-99-95-50-5-89-75-45-39-9-16-76-19-97-29-7-94-30-63-33-71-49-61-3-79-84-91-41-73-44-8-28-82-80-66-55-59-93-17-53-58
Ta100x20,10,3,300,0.925,0.125,10,2231010291,17000,6707,6465,6298,4.230150793,v2_avx512bw_vec32_exact_perm,77-34-40-56-26-83-92-51-47-12-27-60-1-24-43-65-3-67-36-90-74-14-64-96-78-62-52-6-46-38-16-54-21-15-42-84-31-75-25-87-10-18-72-35-20-22-88-98-48-70-33-95-76-2-100-7-86-4-37-97-81-23-5-41-44-85-32-61-39-30-17-99-71-11-57-50-8-68-89-93-69-13-91-9-79-94-28-82-63-29-19-58-53-45-73-49-66-80-55-59
Ta100x20,10,3,300,0.9625,0.025,1,2231001210,17000,6732,6465,6298,4.296048003,v2_avx512bw_vec32_exact_perm,77-56-100-11-36-20-87-6-40-43-51-38-78-70-15-98-34-60-24-72-26-65-74-46-14-12-83-96-23-48-27-21-92-54-10-35-1-2-64-76-52-90-18-67-37-47-86-22-62-30-89-75-99-25-45-50-49-88-13-57-71-85-81-91-5-97-68-31-33-7-3-94-32-4-9-61-42-28-63-95-8-39-73-79-16-44-84-19-69-17-41-82-58-29-93-66-55-53-80-59
Ta100x20,10,3,300,0.9625,0.025,2,2231002219,17000,6688,6465,6298,4.372580073,v2_avx512bw_vec32_exact_perm,77-34-56-51-26-100-24-87-67-11-83-6-92-90-12-81-54-40-62-65-60-47-22-27-1-70-98-48-37-74-23-88-21-43-35-25-78-2-20-38-46-72-31-64-14-15-4-52-84-96-97-17-10-63-95-45-36-85-86-49-42-5-18-68-89-73-76-39-50-13-75-33-9-99-16-7-32-94-3-28-8-71-30-41-61-79-91-57-69-82-44-29-58-66-19-93-80-53-55-59
Ta100x20,10,3,300,0.9625,0.025,3,2231003228,17000,6688,6465,6298,4.309887012,v2_avx512bw_vec32_exact_perm,77-34-40-100-26-83-51-46-6-87-64-43-56-11-60-54-20-15-98-90-12-47-67-62-81-27-52-74-92-10-70-17-2-14-78-96-88-72-65-35-24-1-21-37-38-45-80-18-13-89-22-16-31-33-25-68-48-3-36-97-9-23-57-32-76-95-4-73-99-75-5-82-91-71-61-63-39-69-44-42-94-49-86-50-85-84-8-30-28-41-7-79-29-58-19-66-93-55-53-59
Ta100x20,10,3,300,0.9625,0.025,4,2231004237,17000,6688,6465,6298,4.00954014,v2_avx512bw_vec32_exact_perm,77-34-56-20-11-26-15-51-87-40-6-3-92-43-100-24-67-90-54-74-21-96-83-70-65-62-14-37-98-48-52-72-1-60-38-47-25-46-95-22-99-35-27-68-2-97-5-94-16-10-7-88-42-17-75-12-23-57-64-31-33-18-86-78-61-44-81-39-28-63-91-4-89-13-82-36-73-8-50-76-69-71-9-32-45-30-41-84-79-49-85-29-58-66-19-93-80-53-55-59
Ta100x20,10,3,300,0.9625,0.025,5,2231005246,17000,6688,6465,6298,4.578519437,v2_avx512bw_vec32_exact_perm,77-34-56-51-87-90-20-15-6-81-11-40-98-54-24-100-1-83-35-12-47-62-38-52-14-43-10-27-48-96-60-46-23-64-37-72-67-65-74-25-21-99-26-18-2-36-22-4-73-75-31-95-92-70-42-17-86-39-68-5-89-76-82-85-78-57-32-13-49-3-9-45-88-69-44-94-16-71-63-50-97-79-7-91-41-33-8-19-93-29-30-61-80-84-66-53-55-58-28-59
Ta100x20,10,3,300,0.9625,0.025,6,2231006255,17000,6707,6465,6298,4.006491704,v2_avx512bw_vec32_exact_perm,77-34-56-26-47-11-100-83-40-51-81-60-74-6-43-22-24-38-37-70-64-15-90-54-12-98-18-35-88-87-96-52-1-72-21-46-71-27-76-31-20-65-75-33-92-14-2-73-62-10-4-5-91-89-48-95-23-61-36-16-44-78-42-67-49-69-68-9-57-3-86-39-25-7-32-97-85-28-50-99-8-17-13-94-63-45-82-84-41-30-79-93-29-58-66-19-53-80-55-59
Ta100x20,10,3,300,0.9625,0.025,7,2231007264,17000,6688,6465,6298,4.310659267,v2_avx512bw_vec32_exact_perm,77-34-40-26-11-87-100-64-51-15-83-90-27-20-56-6-92-1-24-62-96-43-52-84-48-46-74-38-23-54-37-35-65-72-18-12-60-2-5-22-67-10-70-47-36-31-98-14-68-95-97-99-25-88-78-91-81-86-75-50-30-17-32-4-39-57-71-76-8-7-21-33-42-73-89-69-16-13-44-45-63-9-3-41-61-49-79-85-94-28-82-29-58-66-19-93-80-53-55-59
Ta100x20,10,3,300,0.9625,0.025,8,2231008273,17000,6688,6465,6298,4.34281444,v2_avx512bw_vec32_exact_perm,77-56-40-11-70-51-87-90-12-34-43-54-60-24-26-72-62-100-1-92-83-46-15-67-6-42-14-47-64-36-98-74-35-10-38-37-27-65-95-99-75-81-25-5-20-94-96-2-32-97-45-22-31-18-71-52-23-21-4-73-9-3-7-76-89-78-44-86-16-91-57-33-88-48-68-61-13-50-69-39-63-84-82-41-85-28-93-8-17-49-79-19-58-29-30-53-80-55-66-59
Ta100x20,10,3,300,0.9625,0.025,9,2231009282,17000,6732,6465,6298,4.038958262,v2_avx512bw_vec32_exact_perm,77-34-26-56-24-40-100-11-52-51-83-1-21-62-96-47-70-36-74-60-6-87-42-43-38-10-84-27-65-18-4-35-54-37-90-92-48-31-14-67-22-95-82-25-5-15-7-75-86-78-12-68-72-64-20-46-28-2-97-91-98-23-89-41-76-57-33-9-16-71-13-99-17-73-45-3-88-85-49-39-69-81-32-8-94-63-61-79-30-50-19-44-29-58-66-93-55-53-80-59
Ta100x20,10,3,300,0.9625,0.025,10,2231010291,17000,6707,6465,6298,4.718380064,v2_avx512bw_vec32_exact_perm,77-34-40-43-11-56-36-51-26-87-20-65-37-24-6-52-27-16-60-47-33-7-10-96-15-100-54-92-81-35-90-12-98-74-31-83-5-62-72-67-46-23-2-71-14-21-39-75-38-70-22-64-68-99-95-3-18-25-94-97-73-88-63-4-1-48-32-91-42-9-89-85-86-76-13-17-69-50-78-45-84-28-41-44-49-8-57-61-79-82-29-66-30-58-93-19-53-80-55-59
Ta100x20,10,3,300,0.9625,0.05,1,2231001210,17000,6688,6465,6298,4.098546342,v2_avx512bw_vec32_exact_perm,77-34-56-100-40-83-26-11-51-43-54-6-60-81-1-24-87-35-20-90-96-12-65-47-18-64-70-31-37-52-72-67-48-75-92-27-22-74-25-7-88-99-4-3-10-23-15-98-73-21-78-95-32-61-68-17-89-14-36-94-46-97-42-13-62-8-76-86-57-5-2-16-9-45-85-28-84-71-49-50-63-91-38-39-30-41-44-79-33-93-29-58-19-69-82-80-55-53-66-59
Ta100x20,10,3,300,0.9625,0.05,2,2231002219,17000,6707,6465,6298,4.244571598,v2_avx512bw_vec32_exact_perm,77-34-56-100-51-83-87-98-6-40-24-35-54-62-14-81-64-60-26-48-90-27-72-21-18-92-65-67-70-46-16-22-94-7-10-52-1-38-68-88-36-20-12-69-96-43-74-37-31-42-95-97-47-30-15-89-28-84-4-75-11-33-61-41-25-2-5-78-76-86-23-71-17-63-45-85-44-32-57-39-9-50-8-13-73-3-99-91-82-79-49-29-66-58-19-53-93-80-55-59
Ta100x20,10,3,300,0.9625,0.05,3,2231003228,17000,6688,6465,6298,4.473798471,v2_avx512bw_vec32_exact_perm,77-34-56-26-1-54-43-90-6-87-40-83-24-20-81-12-38-92-51-11-60-35-45-96-98-100-95-15-42-48-64-62-27-70-21-10-74-52-65-67-32-47-14-36-31-78-94-57-37-25-73-5-68-89-46-91-72-84-23-76-22-4-71-16-44-69-88-7-33-75-2-86-18-97-9-61-63-99-13-39-50-8-17-28-41-3-93-29-85-30-79-49-58-19-82-53-80-55-66-59
Ta100x20,10,3,300,0.9625,0.05,4,2231004237,17000,6691,6465,6298,4.467901378,v2_avx512bw_vec32_exact_perm,77-34-56-43-26-88-11-92-24-90-6-70-51-36-38-20-60-1-2-72-40-87-54-35-18-12-67-96-7-98-22-48-75-100-37-74-31-62-83-15-52-47-14-65-27-21-95-10-25-13-99-68-64-4-63-46-89-69-78-17-57-42-23-5-3-86-32-9-81-44-45-16-76-39-71-97-91-50-93-33-28-61-85-94-84-41-30-73-8-49-82-79-19-29-58-53-80-55-66-59
Ta100x20,10,3,300,0.9625,0.05,5,2231005246,17000,6728,6465,6298,4.534935433,v2_avx512bw_vec32_exact_perm,81-40-77-11-56-83-15-43-51-60-34-36-52-87-26-6-62-24-54-100-1-47-20-74-35-98-96-27-22-17-70-2-5-88-72-75-12-14-65-78-21-92-30-67-84-31-48-95-37-97-38-76-23-39-3-64-79-4-32-86-89-90-46-7-42-45-57-16-18-99-69-10-13-61-68-25-91-28-9-94-33-63-8-19-44-85-71-73-41-49-82-58-29-93-55-66-50-53-80-59
Ta100x20,10,3,300,0.9625,0.05,6,2231006255,17000,6669,6465,6298,3.92192129,v2_avx512bw_vec32_exact_perm,77-34-56-6-11-100-54-26-65-40-21-1-83-24-87-62-20-51-92-81-12-96-90-47-35-27-52-14-67-60-41-36-23-22-98-48-10-74-84-37-86-70-18-46-25-31-2-75-7-5-4-78-17-32-85-38-39-97-64-15-16-42-49-72-68-94-95-30-88-73-76-71-19-9-61-8-63-45-89-33-57-43-99-3-44-69-13-50-82-28-91-80-53-29-93-79-55-59-66-58
Ta100x20,10,3,300,0.9625,0.05,7,2231007264,17000,6707,6465,6298,4.038664185,v2_avx512bw_vec32_exact_perm,77-34-56-26-51-47-11-60-20-40-87-1-81-24-54-6-62-67-43-12-90-100-22-15-46-27-88-83-37-74-38-35-92-70-48-64-52-16-21-98-23-65-96-32-75-84-14-42-18-36-31-73-97-25-72-86-95-3-2-76-89-5-69-13-57-45-78-4-10-50-39-99-91-33-49-9-71-7-68-61-17-44-8-85-63-30-94-28-41-93-79-29-82-58-66-19-53-80-55-59
Ta100x20,10,3,300,0.9625,0.05,8,2231008273,17000,6698,6465,6298,3.989448165,v2_avx512bw_vec32_exact_perm,77-34-56-26-83-11-90-92-20-24-15-64-1-100-43-51-21-72-40-87-67-27-62-54-6-65-70-42-99-60-10-35-98-14-74-25-96-4-47-7-36-75-18-78-48-12-88-52-86-61-23-33-2-57-71-97-22-95-16-46-28-31-76-32-3-89-85-69-84-9-37-81-44-13-38-39-30-94-68-5-8-82-41-93-50-45-73-17-63-91-79-49-29-58-19-66-80-53-55-59
Ta100x20,10,3,300,0.9625,0.05,9,2231009282,17000,6669,6465,6298,4.044405199,v2_avx512bw_vec32_exact_perm,77-34-56-26-40-83-64-43-11-54-46-51-72-92-1-60-6-24-38-100-74-12-90-65-18-62-47-67-96-52-78-35-2-14-21-27-37-31-25-87-98-39-3-20-42-97-70-88-22-4-16-32-7-23-48-33-5-73-81-94-75-10-95-15-86-13-36-99-30-89-91-61-17-68-57-9-71-69-44-76-28-82-29-84-50-85-63-45-49-80-8-19-41-53-93-79-55-59-66-58
Ta100x20,10,3,300,0.9625,0.05,10,2231010291,17000,6688,6465,6298,4.333908062,v2_avx512bw_vec32_exact_perm,77-34-56-26-40-11-100-1-51-81-24-47-98-83-20-60-87-64-54-43-27-88-48-62-70-6-14-46-96-74-90-75-72-76-22-10-23-12-3-89-92-65-15-21-2-31-18-36-35-42-67-4-68-52-16-38-37-61-95-5-57-97-39-91-32-73-44-25-50-78-71-17-85-63-45-7-99-33-9-28-82-84-8-41-94-13-86-30-49-79-69-29-58-66-19-93-80-53-55-59
Ta100x20,10,3,300,0.9625,0.075,1,2231001210,17000,6684,6465,6298,4.086726707,v2_avx512bw_vec32_exact_perm,77-34-56-40-100-72-83-64-11-51-6-14-60-87-18-92-26-20-12-54-24-90-62-88-15-43-52-27-4-48-65-1-96-10-98-37-22-25-89-23-21-70-47-74-57-46-42-16-67-86-35-7-68-73-95-5-2-17-45-94-81-36-75-78-61-9-30-32-71-76-33-38-69-82-39-41-13-84-99-91-97-3-31-28-50-44-79-8-63-49-85-29-58-66-19-93-80-55-59-53
Ta100x20,10,3,300,0.9625,0.075,2,2231002219,17000,6705,6465,6298,3.954477298,v2_avx512bw_vec32_exact_perm,77-34-56-15-54-100-43-40-87-83-11-51-46-64-60-2-81-1-6-65-90-27-22-12-35-18-98-70-24-74-52-21-31-14-10-78-42-72-36-92-97-26-3-47-37-5-68-48-25-62-96-89-32-16-88-57-17-71-67-99-95-20-61-13-63-9-45-84-38-73-91-23-75-76-7-86-44-39-4-29-28-41-82-33-85-79-94-49-50-8-66-30-58-69-19-93-80-55-53-59
Ta100x20,10,3,300,0.9625,0.075,3,2231003228,17000,6732,6465,6298,3.828977539,v2_avx512bw_vec32_exact_perm,77-56-11-40-43-65-27-34-36-51-70-60-83-6-87-12-20-46-92-54-35-26-62-1-72-98-39-18-67-100-23-22-24-52-4-81-90-61-21-32-74-15-38-31-48-47-45-37-25-78-68-96-16-42-10-3-7-86-91-14-75-95-97-88-44-57-71-76-94-49-9-63-2-30-13-69-17-28-33-82-64-50-73-89-84-85-5-41-99-8-79-29-58-66-19-93-55-53-80-59
Ta100x20,10,3,300,0.9625,0.075,4,2231004237,17000,6707,6465,6298,3.791801489,v2_avx512bw_vec32_exact_perm,77-34-20-56-51-40-46-36-43-48-90-12-38-47-27-15-100-11-83-98-54-62-88-25-60-92-35-52-18-84-26-96-67-63-64-6-21-74-87-17-70-81-10-78-39-22-1-24-86-32-97-95-65-75-23-4-31-16-13-37-71-99-45-2-7-68-89-30-91-73-72-33-5-61-14-69-3-42-9-8-85-82-41-57-79-94-49-76-44-29-50-28-58-93-66-19-53-80-55-59
Ta100x20,10,3,300,0.9625,0.075,5,2231005246,17000,6688,6465,6298,3.962504755,v2_avx512bw_vec32_exact_perm,77-34-56-26-87-15-6-11-43-64-83-40-51-20-1-96-54-67-12-81-60-90-47-100-2-62-24-35-52-46-78-72-10-92-70-14-21-75-57-95-99-37-27-74-17-84-22-25-36-5-94-48-23-16-88-65-68-73-4-98-45-13-89-18-97-9-32-41-33-76-91-71-42-28-31-61-3-86-85-50-82-7-44-63-49-39-8-38-30-79-69-29-58-66-19-93-80-53-55-59
Ta100x20,10,3,300,0.9625,0.075,6,2231006255,17000,6684,6465,6298,4.173370164,v2_avx512bw_vec32_exact_perm,77-81-34-54-11-92-51-56-24-100-1-87-90-60-6-12-21-15-26-27-43-83-70-14-65-40-18-48-96-52-35-36-74-22-25-98-38-78-37-20-67-72-13-47-5-16-64-88-46-31-45-2-3-89-68-62-82-57-10-94-42-75-99-49-4-23-85-7-69-44-86-76-19-91-73-95-39-32-71-61-84-28-63-33-97-9-50-8-41-17-53-29-93-30-79-80-59-55-66-58
Ta100x20,10,3,300,0.9625,0.075,7,2231007264,17000,6686,6465,6298,4.539366009,v2_avx512bw_vec32_exact_perm,77-34-56-26-51-87-6-17-90-54-46-100-24-64-52-88-25-83-40-60-37-22-48-47-27-62-43-12-20-21-1-35-70-39-86-31-65-81-18-92-98-23-10-14-15-89-68-7-72-78-38-74-16-95-57-69-76-3-36-73-75-11-49-67-91-5-96-42-32-4-19-84-97-13-41-71-63-9-2-30-94-61-99-33-29-44-45-28-82-79-85-93-50-53-59-80-8-66-55-58
Ta100x20,10,3,300,0.9625,0.075,8,2231008273,17000,6695,6465,6298,4.51251642,v2_avx512bw_vec32_exact_perm,77-34-100-56-6-11-40-98-90-38-51-54-87-36-43-83-52-60-24-74-26-12-96-37-35-1-10-15-81-27-62-92-67-20-30-47-46-72-31-68-48-70-18-95-94-71-88-22-64-84-14-21-73-4-75-7-13-2-97-65-25-99-86-85-78-41-32-23-42-9-5-45-61-57-76-16-89-49-39-17-44-69-50-79-91-33-29-3-93-63-28-8-82-58-66-19-80-53-55-59
Ta100x20,10,3,300,0.9625,0.075,9,2231009282,17000,6698,6465,6298,4.284976341,v2_avx512bw_vec32_exact_perm,77-34-81-24-40-100-51-64-11-46-6-26-60-43-54-31-38-52-15-3-90-2-35-95-65-27-74-70-1-83-92-84-88-75-48-10-99-62-42-21-76-98-12-5-37-56-20-7-18-22-97-96-78-25-67-61-16-14-87-68-72-47-71-57-9-85-94-23-4-86-63-8-69-73-49-39-79-36-91-32-33-44-45-30-82-50-13-28-89-17-41-58-19-29-93-55-53-80-66-59
Ta100x20,10,3,300,0.9625,0.075,10,2231010291,17000,6660,6465,6298,4.587823534,v2_avx512bw_vec32_exact_perm,77-40-56-26-20-100-65-60-34-87-43-11-64-6-24-83-51-37-12-15-46-72-81-10-92-47-78-98-48-74-54-35-1-96-70-62-84-67-52-90-21-5-27-86-95-17-88-7-31-75-25-73-61-89-68-13-14-2-30-57-36-18-22-33-4-32-42-97-39-76-79-9-16-23-99-71-94-19-69-82-41-91-45-3-63-28-44-80-8-29-38-85-49-50-59-66-93-53-55-58
Ta100x20,10,3,300,0.9625,0.1,1,2231001210,17000,6745,6465,6298,4.233294648,v2_avx512bw_vec32_exact_perm,77-34-56-11-51-83-15-90-38-6-87-60-43-70-1-92-65-23-100-68-46-81-96-14-40-21-54-27-67-48-62-12-5-72-75-18-98-24-37-26-49-95-4-74-64-36-88-22-91-35-32-17-10-20-39-47-25-94-31-2-9-78-30-8-63-69-84-85-13-7-73-71-76-44-16-89-52-42-3-33-97-99-61-45-57-28-41-82-93-79-50-66-86-55-80-29-58-19-53-59
Ta100x20,10,3,300,0.9625,0.1,2,2231002219,17000,6732,6465,6298,4.149212024,v2_avx512bw_vec32_exact_perm,77-34-56-24-40-54-90-12-100-11-87-83-64-36-43-60-47-51-20-52-27-26-15-22-6-70-75-96-2-74-62-92-23-31-1-14-46-37-25-98-7-65-10-35-71-88-81-84-86-67-45-72-21-85-5-95-17-42-30-38-78-49-18-89-73-68-13-91-94-97-44-57-32-99-9-48-69-3-4-41-8-16-76-33-28-61-50-39-63-82-19-79-58-29-66-93-55-53-80-59
Ta100x20,10,3,300,0.9625,0.1,3,2231003228,17000,6720,6465,6298,4.204097686,v2_avx512bw_vec32_exact_perm,77-34-56-83-43-11-40-20-36-100-51-87-98-70-47-96-67-26-81-16-35-64-12-6-60-99-18-78-54-74-62-2-46-37-52-92-24-65-31-48-25-72-14-69-7-10-89-9-27-21-84-61-88-22-3-90-23-1-13-57-5-86-75-32-4-68-94-95-82-17-71-30-63-97-85-38-76-8-28-44-45-42-41-50-39-33-73-79-91-29-49-15-66-19-93-58-53-80-55-59
Ta100x20,10,3,300,0.9625,0.1,4,2231004237,17000,6702,6465,6298,4.202903297,v2_avx512bw_vec32_exact_perm,77-34-56-90-43-65-6-87-51-24-60-11-54-81-10-100-38-35-96-12-47-74-26-83-98-40-27-67-52-62-20-15-70-44-22-14-21-37-31-92-71-46-1-94-72-57-2-28-75-7-64-97-88-4-25-36-69-48-68-84-76-3-39-73-85-5-23-89-45-86-42-32-95-49-33-16-18-63-78-19-9-99-91-61-17-50-41-13-8-79-30-82-29-53-80-59-93-66-55-58
Ta100x20,10,3,300,0.9625,0.1,5,2231005246,17000,6732,6465,6298,4.698673108,v2_avx512bw_vec32_exact_perm,77-34-11-51-38-56-6-43-52-26-40-24-90-14-83-54-64-92-31-62-22-60-20-36-27-65-12-15-37-67-18-1-74-87-47-48-4-46-70-78-99-75-23-16-25-21-97-96-69-7-84-72-100-85-71-98-88-42-68-95-28-10-17-35-5-86-3-2-81-89-13-45-63-19-57-82-94-32-41-33-29-73-61-9-39-93-91-66-76-55-58-30-79-49-44-8-50-53-80-59
Ta100x20,10,3,300,0.9625,0.1,6,2231006255,17000,6694,6465,6298,3.992905359,v2_avx512bw_vec32_exact_perm,77-34-40-20-43-56-65-90-11-26-54-51-6-83-46-52-87-92-24-72-67-14-36-25-22-74-21-88-62-70-84-48-15-27-33-60-38-95-10-2-31-12-42-98-100-91-35-18-37-49-64-78-68-89-5-47-57-3-1-73-71-32-76-96-39-75-7-4-13-23-86-69-9-81-8-16-85-28-97-99-82-41-79-50-94-61-17-45-63-30-19-44-29-58-93-53-55-80-66-59
Ta100x20,10,3,300,0.9625,0.1,7,2231007264,17000,6702,6465,6298,4.171548857,v2_avx512bw_vec32_exact_perm,77-34-56-40-26-43-51-83-38-15-60-100-37-6-54-98-90-1-2-48-11-20-52-74-88-81-10-3-62-70-92-21-25-99-27-24-87-72-12-31-35-42-46-45-5-68-16-22-4-89-95-65-96-32-64-23-75-36-94-61-33-63-67-78-30-13-44-18-47-86-97-7-28-50-57-17-14-41-82-85-71-73-39-76-69-91-9-84-8-49-79-58-29-66-19-93-80-55-53-59
Ta100x20,10,3,300,0.9625,0.1,8,2231008273,17000,6716,6465,6298,4.38014609,v2_avx512bw_vec32_exact_perm,77-56-20-65-17-11-60-92-90-51-40-34-43-83-18-1-26-67-15-100-81-54-72-70-16-96-35-88-74-2-22-64-12-87-46-75-98-6-23-37-39-52-73-68-78-4-10-38-61-21-24-31-25-7-86-14-62-97-27-3-76-57-94-95-84-63-48-36-69-5-42-13-33-32-44-41-91-71-47-9-8-82-30-99-45-28-50-85-89-79-93-29-58-19-66-49-53-80-55-59
Ta100x20,10,3,300,0.9625,0.1,9,2231009282,17000,6736,6465,6298,4.155833325,v2_avx512bw_vec32_exact_perm,77-34-11-100-40-56-88-90-83-17-51-64-96-87-24-60-44-54-43-20-98-26-99-62-92-25-52-67-36-65-72-27-66-6-18-10-48-1-42-35-70-74-75-46-2-7-14-12-21-94-38-5-57-68-81-61-4-16-15-97-9-71-32-86-47-95-31-49-91-78-45-89-33-23-85-63-30-3-73-69-39-76-22-19-28-82-29-13-84-37-79-8-41-93-50-80-59-55-53-58
Ta100x20,10,3,300,0.9625,0.1,10,2231010291,17000,6732,6465,6298,4.503369217,v2_avx512bw_vec32_exact_perm,77-34-40-56-100-11-38-90-43-72-46-51-6-87-24-52-83-14-74-67-54-81-12-26-37-25-88-75-92-64-99-21-4-42-89-78-62-27-98-15-45-22-70-60-73-23-39-69-65-96-47-1-2-35-18-13-84-31-10-91-86-68-48-16-5-76-97-30-71-63-3-95-32-36-20-44-9-33-7-94-17-85-49-57-79-50-82-58-8-41-29-28-66-19-61-93-53-55-80-59
Ta100x20,10,3,300,0.9625,0.125,1,2231001210,17000,6687,6465,6298,4.040185269,v2_avx512bw_vec32_exact_perm,77-34-56-43-51-81-90-100-40-83-11-26-54-87-6-74-2-67-52-65-96-15-47-21-4-92-57-23-48-27-62-10-88-60-70-12-95-78-35-20-38-46-25-36-22-84-98-18-68-37-59-7-75-14-76-72-61-16-64-5-86-32-39-71-13-30-42-31-41-17-9-89-3-73-63-45-1-94-85-33-99-97-24-50-49-29-58-44-91-8-19-69-79-66-82-28-53-80-55-93
Ta100x20,10,3,300,0.9625,0.125,2,2231002219,17000,6707,6465,6298,3.994899211,v2_avx512bw_vec32_exact_perm,77-34-56-26-20-51-54-83-90-11-40-60-81-1-24-92-100-48-65-38-6-15-21-70-98-35-64-96-37-12-27-52-46-67-74-47-94-62-57-78-87-18-76-23-16-2-25-43-4-99-10-72-7-33-85-86-22-42-68-97-88-75-71-3-44-89-39-36-95-73-30-5-63-9-61-17-31-50-32-41-45-14-91-8-49-82-13-28-79-84-66-29-58-19-69-53-93-80-55-59
Ta100x20,10,3,300,0.9625,0.125,3,2231003228,17000,6711,6465,6298,4.001537614,v2_avx512bw_vec32_exact_perm,77-34-56-26-98-40-43-100-11-51-90-83-62-6-12-64-47-35-2-38-74-60-1-65-52-92-96-31-21-18-14-67-81-7-54-20-46-23-70-99-37-39-24-15-72-75-36-33-27-10-95-22-17-13-8-76-57-97-69-87-25-4-42-94-16-86-91-48-68-5-63-84-71-78-73-28-30-41-82-50-3-9-32-88-45-85-49-44-89-19-29-93-79-61-66-53-80-55-58-59
Ta100x20,10,3,300,0.9625,0.125,4,2231004237,17000,6719,6465,6298,4.211960488,v2_avx512bw_vec32_exact_perm,77-34-38-56-26-40-100-62-54-51-43-67-92-60-83-81-24-11-14-36-12-90-72-27-20-10-22-6-21-52-74-96-47-70-37-15-98-65-33-89-18-25-28-13-35-16-48-5-46-1-42-31-23-30-86-71-95-97-2-87-57-7-68-50-82-4-85-94-32-3-88-63-49-9-99-78-76-61-45-84-75-39-17-73-41-64-53-29-19-69-44-91-93-59-79-8-80-55-66-58
Ta100x20,10,3,300,0.9625,0.125,5,2231005246,17000,6707,6465,6298,4.406038336,v2_avx512bw_vec32_exact_perm,77-81-56-51-11-34-38-90-83-54-43-60-100-92-40-87-62-20-26-67-74-12-72-1-31-65-96-70-33-6-46-21-98-88-22-24-64-42-4-52-10-3-37-86-32-25-78-76-99-14-95-18-71-9-16-73-35-48-75-27-47-15-68-2-39-57-5-97-63-84-49-69-85-36-23-94-45-13-30-89-17-44-28-41-91-79-61-7-82-8-29-50-58-19-93-66-53-80-55-59
Ta100x20,10,3,300,0.9625,0.125,6,2231006255,17000,6732,6465,6298,4.148931302,v2_avx512bw_vec32_exact_perm,77-34-56-38-51-100-81-40-11-60-90-12-83-54-92-87-43-26-98-18-6-21-48-15-75-65-47-70-52-27-14-96-31-3-62-24-28-88-35-78-67-84-72-46-20-25-97-22-10-1-36-68-2-5-64-23-4-37-57-82-74-86-44-7-39-13-91-45-79-33-8-89-73-61-95-85-42-17-71-63-99-16-94-76-30-69-50-49-9-32-41-58-29-19-53-93-55-66-80-59
Ta100x20,10,3,300,0.9625,0.125,7,2231007264,17000,6731,6465,6298,4.204482363,v2_avx512bw_vec32_exact_perm,6-77-34-56-40-100-83-11-37-90-52-1-47-26-67-18-92-60-98-81-24-54-38-20-84-62-43-12-78-27-35-46-57-36-91-10-51-14-65-22-16-31-87-95-39-42-2-86-70-96-9-25-48-68-15-74-32-64-33-97-23-72-76-5-4-21-99-75-89-28-94-69-3-88-73-13-17-63-71-41-30-44-82-85-45-7-8-79-61-19-58-29-49-93-55-66-50-53-80-59
Ta100x20,10,3,300,0.9625,0.125,8,2231008273,17000,6718,6465,6298,3.9133408,v2_avx512bw_vec32_exact_perm,77-34-56-11-24-100-83-81-70-40-74-43-65-18-15-54-35-37-87-78-51-60-16-92-90-62-47-26-27-46-20-88-1-3-52-48-12-98-72-23-25-89-2-67-6-95-10-5-38-4-7-68-64-97-31-44-36-28-96-42-9-75-22-33-57-14-86-94-76-32-13-85-17-49-71-45-63-69-99-79-39-50-93-41-21-30-91-8-84-73-29-61-58-19-53-82-66-80-55-59
Ta100x20,10,3,300,0.9625,0.125,9,2231009282,17000,6732,6465,6298,4.305961054,v2_avx512bw_vec32_exact_perm,77-34-15-40-100-11-52-21-20-64-12-87-43-1-96-56-46-6-24-98-51-92-90-83-84-62-35-54-25-27-18-23-32-10-26-76-67-36-65-72-22-82-70-78-86-31-13-4-68-37-81-74-73-95-60-14-3-47-28-75-91-99-39-44-97-5-71-42-2-94-7-57-17-16-88-69-89-66-50-41-63-8-93-9-61-29-30-49-33-38-45-48-58-79-85-19-55-53-80-59
Ta100x20,10,3,300,0.9625,0.125,10,2231010291,17000,6688,6465,6298,4.582997809,v2_avx512bw_vec32_exact_perm,77-34-56-90-26-40-87-51-100-15-81-54-24-60-84-35-20-47-14-83-11-10-22-78-43-6-12-68-65-1-98-88-92-5-27-3-21-96-25-70-48-74-72-67-62-42-2-86-52-46-37-95-64-89-97-99-18-75-91-13-73-32-31-33-28-23-38-39-4-71-44-63-50-45-9-7-61-8-94-57-36-76-16-69-17-41-30-29-82-85-49-79-58-19-53-93-80-55-66-59
Ta100x20,10,3,300,1,0.025,1,2231001210,17000,6688,6465,6298,4.426854304,v2_avx512bw_vec32_exact_perm,77-34-56-40-100-90-26-20-38-6-24-37-1-92-46-98-83-11-18-74-54-60-43-64-67-96-51-12-81-87-21-10-52-22-88-15-78-35-70-23-62-47-97-16-65-25-94-68-75-7-27-17-99-5-48-33-42-86-95-14-72-57-39-4-71-73-3-63-31-45-2-76-13-28-89-61-9-32-50-41-36-84-8-91-44-69-30-82-79-85-49-29-58-66-19-93-80-53-55-59
Ta100x20,10,3,300,1,0.025,2,2231002219,17000,6707,6465,6298,4.071952414,v2_avx512bw_vec32_exact_perm,77-34-56-38-100-90-51-6-98-43-11-24-20-35-65-87-15-40-72-52-47-60-18-67-92-62-54-37-48-14-70-26-74-27-31-83-75-22-95-64-1-57-84-25-46-32-36-21-96-12-88-97-23-10-5-61-2-81-78-91-13-73-69-3-39-42-89-71-7-33-45-63-76-41-86-9-68-30-50-49-16-99-17-4-79-94-44-8-85-28-93-29-82-66-58-19-53-80-55-59
Ta100x20,10,3,300,1,0.025,3,2231003228,17000,6732,6465,6298,4.298618392,v2_avx512bw_vec32_exact_perm,77-34-56-43-100-83-40-11-24-47-90-26-36-54-25-48-74-51-65-60-81-21-92-87-62-1-12-27-52-6-14-38-70-67-72-22-46-68-78-10-15-86-64-37-91-18-73-88-23-97-98-33-4-31-28-75-95-35-89-5-17-76-20-2-96-16-50-57-44-42-85-49-71-32-99-63-69-30-39-94-79-3-8-61-93-41-9-7-13-45-84-82-29-58-66-19-55-53-80-59
Ta100x20,10,3,300,1,0.025,4,2231004237,17000,6732,6465,6298,4.124863243,v2_avx512bw_vec32_exact_perm,77-34-56-20-90-11-51-87-40-15-52-6-100-43-83-3-70-60-18-24-98-27-81-1-62-72-10-32-7-65-23-31-14-74-95-35-26-25-47-36-96-37-54-92-12-17-97-67-75-46-64-38-84-21-78-48-42-88-86-28-45-5-68-4-22-9-16-71-13-82-30-94-63-61-2-39-41-73-57-99-89-91-44-76-33-85-69-79-49-50-66-19-29-58-8-93-55-53-80-59
Ta100x20,10,3,300,1,0.025,5,2231005246,17000,6707,6465,6298,4.22555688,v2_avx512bw_vec32_exact_perm,77-56-26-51-24-100-90-83-64-11-20-40-60-36-46-6-54-47-98-87-62-96-12-15-34-52-35-74-38-22-48-92-67-27-43-70-78-5-37-84-75-10-42-95-18-25-88-68-30-21-4-3-7-86-31-1-72-85-81-44-97-76-65-14-41-23-89-99-71-57-13-61-94-16-63-2-32-17-39-9-73-50-8-45-93-91-33-49-28-79-29-58-69-19-82-66-53-80-55-59
Ta100x20,10,3,300,1,0.025,6,2231006255,17000,6707,6465,6298,3.980458342,v2_avx512bw_vec32_exact_perm,77-34-43-11-100-6-24-20-87-40-83-51-56-35-54-90-92-60-18-26-62-2-65-48-64-15-46-52-47-22-14-31-27-70-74-17-72-98-67-12-96-1-84-73-95-5-32-94-36-42-75-37-28-21-4-30-85-88-25-76-10-33-23-61-39-71-38-7-78-45-86-3-68-81-44-89-13-99-8-19-97-50-63-91-57-9-29-93-41-79-58-16-69-82-49-66-53-80-55-59
Ta100x20,10,3,300,1,0.025,7,2231007264,17000,6717,6465,6298,4.198608548,v2_avx512bw_vec32_exact_perm,77-34-56-11-36-51-100-96-52-40-81-25-80-54-87-90-12-92-60-26-24-70-98-6-74-75-72-62-46-14-23-1-83-37-27-47-21-35-38-15-39-10-20-64-31-18-48-50-43-86-22-65-85-33-5-99-84-63-67-73-2-91-95-68-76-4-49-97-44-78-45-42-88-16-17-71-3-57-30-89-13-32-28-69-8-82-41-7-61-9-79-94-29-93-58-19-55-53-66-59
Ta100x20,10,3,300,1,0.025,8,2231008273,17000,6732,6465,6298,4.261989419,v2_avx512bw_vec32_exact_perm,77-34-56-40-11-6-36-64-83-90-51-43-20-24-47-87-54-12-60-81-35-27-67-65-96-98-21-23-14-52-88-74-15-37-100-1-78-72-22-10-62-70-25-95-97-18-38-16-99-5-86-68-92-85-48-75-32-71-7-26-46-73-17-50-39-2-33-30-13-42-4-28-82-31-63-57-89-8-41-76-3-91-69-61-45-9-84-79-44-94-49-58-93-29-19-66-55-53-80-59
Ta100x20,10,3,300,1,0.025,9,2231009282,17000,6682,6465,6298,4.400977578,v2_avx512bw_vec32_exact_perm,77-34-56-20-43-11-100-47-51-40-54-26-90-87-83-6-15-46-92-95-74-38-21-70-96-12-22-60-52-37-14-67-65-1-31-25-4-35-72-2-24-48-88-27-62-18-64-94-76-98-97-84-36-99-10-41-16-75-23-61-33-57-50-81-30-68-82-78-86-39-45-42-13-69-5-32-85-9-89-73-44-91-17-7-71-8-28-49-63-29-79-19-53-80-3-66-59-93-55-58
Ta100x20,10,3,300,1,0.025,10,2231010291,17000,6707,6465,6298,4.402390007,v2_avx512bw_vec32_exact_perm,77-34-56-24-11-6-12-87-100-43-51-83-81-90-40-21-47-65-38-92-26-60-1-98-35-20-15-96-52-14-74-10-18-3-70-37-75-27-76-48-54-97-7-25-67-57-36-88-89-22-42-46-44-62-16-4-23-2-99-31-50-72-85-78-71-68-86-39-32-30-69-41-9-61-94-84-33-28-95-82-73-91-45-5-8-49-63-13-17-79-64-29-66-93-58-19-53-80-55-59
Ta100x20,10,3,300,1,0.05,1,2231001210,17000,6705,6465,6298,4.788447696,v2_avx512bw_vec32_exact_perm,77-34-56-51-81-40-52-83-11-100-90-92-15-54-72-37-96-24-74-6-20-43-1-67-60-87-18-70-84-26-48-47-21-38-46-64-12-27-14-31-65-36-78-42-95-75-25-88-62-86-99-35-4-16-98-23-76-94-10-73-13-8-97-17-32-57-85-33-39-68-49-89-45-61-9-69-30-7-2-22-28-63-91-71-5-3-82-79-19-55-41-50-93-29-80-53-44-59-66-58
Ta100x20,10,3,300,1,0.05,2,2231002219,17000,6732,6465,6298,4.691767334,v2_avx512bw_vec32_exact_perm,77-56-40-51-11-20-26-34-87-64-52-100-6-15-65-27-83-96-12-90-21-98-92-35-48-70-38-1-43-22-10-60-95-18-74-42-37-54-46-14-72-67-16-86-62-31-88-73-24-17-36-84-81-75-25-13-76-89-47-5-68-45-4-69-78-7-2-71-97-30-41-99-49-32-61-50-33-23-9-57-28-85-94-8-82-39-44-79-3-63-91-29-93-58-19-66-55-53-80-59
Ta100x20,10,3,300,1,0.05,3,2231003228,17000,6728,6465,6298,4.633379778,v2_avx512bw_vec32_exact_perm,81-56-51-77-1-40-92-90-83-38-6-43-34-64-26-11-52-54-67-18-65-46-12-22-60-96-35-87-74-15-23-24-98-10-21-2-17-70-9-14-27-20-72-37-62-69-48-100-75-47-97-5-32-7-13-25-99-71-95-39-68-86-36-91-42-16-76-33-57-28-89-88-3-79-45-4-44-78-63-31-94-50-73-41-30-84-85-8-49-19-61-29-82-58-66-93-55-53-80-59
Ta100x20,10,3,300,1,0.05,4,2231004237,17000,6732,6465,6298,4.598266561,v2_avx512bw_vec32_exact_perm,77-34-56-12-51-81-11-54-27-92-90-24-40-65-60-6-88-100-83-87-20-37-2-38-62-35-46-26-14-70-48-96-52-43-74-36-22-47-98-18-5-31-42-32-72-1-15-23-21-75-64-89-67-49-10-3-25-97-68-45-17-78-73-95-57-13-71-7-84-91-33-76-8-16-41-9-61-85-94-39-99-50-30-86-93-63-44-28-4-79-69-58-29-19-82-55-66-53-80-59
Ta100x20,10,3,300,1,0.05,5,2231005246,17000,6732,6465,6298,4.463310379,v2_avx512bw_vec32_exact_perm,77-34-56-40-87-26-43-20-35-15-11-4-24-65-83-51-12-6-14-81-54-52-100-62-47-90-60-92-1-78-18-22-27-96-70-23-64-36-72-38-76-21-10-5-86-74-37-67-94-95-73-75-28-13-88-42-71-46-97-85-84-16-98-31-68-89-33-39-7-30-44-48-69-57-50-3-25-17-8-99-61-2-63-91-49-9-79-19-32-45-41-82-58-29-93-66-55-53-80-59
Ta100x20,10,3,300,1,0.05,6,2231006255,17000,6732,6465,6298,4.614553888,v2_avx512bw_vec32_exact_perm,77-34-56-15-51-20-40-65-24-11-1-81-90-100-72-26-92-54-70-6-98-67-48-27-75-12-88-43-35-83-52-47-23-74-10-87-84-96-46-31-37-57-71-64-14-38-69-62-22-60-21-61-18-76-5-32-36-95-4-85-82-89-7-94-33-42-99-2-73-16-45-9-86-97-44-68-39-63-78-30-13-17-28-79-91-25-8-41-3-49-50-29-93-66-55-58-19-53-80-59
Ta100x20,10,3,300,1,0.05,7,2231007264,17000,6728,6465,6298,4.636718702,v2_avx512bw_vec32_exact_perm,77-81-51-40-100-26-56-54-11-47-24-90-92-43-83-60-87-6-84-10-35-62-48-64-27-20-88-46-78-12-1-70-52-22-44-98-96-34-69-18-14-65-23-75-32-21-74-36-89-95-15-30-5-57-3-31-76-4-37-72-67-42-49-63-33-99-2-25-17-73-94-97-7-85-16-9-91-45-79-86-50-59-71-93-38-13-8-41-82-39-28-61-19-68-58-29-55-66-80-53
Ta100x20,10,3,300,1,0.05,8,2231008273,17000,6728,6465,6298,4.39990453,v2_avx512bw_vec32_exact_perm,81-77-11-40-51-24-92-34-56-100-62-67-1-54-43-65-90-47-26-14-12-27-78-21-87-18-48-84-52-60-96-46-64-6-15-35-70-88-22-38-23-83-75-36-99-20-10-42-74-13-8-73-72-33-16-98-32-25-39-97-37-4-31-86-95-76-2-30-89-57-9-3-69-50-68-91-41-82-28-45-63-71-49-79-7-5-61-85-17-44-94-93-29-58-66-19-55-53-80-59
Ta100x20,10,3,300,1,0.05,9,2231009282,17000,6689,6465,6298,4.508529855,v2_avx512bw_vec32_exact_perm,77-56-51-40-11-67-34-26-87-92-54-20-65-24-43-83-21-90-12-46-35-60-18-98-62-1-15-47-74-70-16-27-42-96-22-86-14-72-100-71-94-6-99-36-31-25-7-52-75-33-37-64-88-3-4-63-48-9-23-73-68-97-13-5-10-81-32-78-95-45-50-76-38-30-82-69-61-89-28-2-39-91-17-44-57-85-49-8-80-84-41-58-79-19-29-66-53-93-55-59
Ta100x20,10,3,300,1,0.05,10,2231010291,17000,6721,6465,6298,4.684074025,v2_avx512bw_vec32_exact_perm,77-56-51-26-43-64-6-65-40-67-83-11-60-47-12-54-90-92-88-37-38-25-20-35-34-98-62-52-46-91-48-74-87-15-24-1-57-78-72-96-2-70-84-18-21-76-27-22-100-14-95-85-86-4-31-7-75-73-42-97-23-5-94-36-44-10-71-49-50-81-16-68-39-69-3-9-45-79-99-41-28-33-32-13-82-63-8-30-89-93-61-17-29-58-66-19-80-55-53-59
Ta100x20,10,3,300,1,0.075,1,2231001210,17000,6721,6465,6298,3.953715537,v2_avx512bw_vec32_exact_perm,77-34-40-56-11-26-92-65-67-87-83-38-52-6-51-31-70-24-35-54-60-62-74-90-32-43-20-12-81-25-15-27-48-47-95-21-100-84-10-7-64-1-73-45-14-22-36-18-72-37-96-75-23-42-88-94-8-71-68-5-76-41-57-85-4-86-13-99-61-2-46-89-49-16-69-78-17-39-98-44-50-30-9-63-19-79-97-29-91-33-82-66-28-3-58-93-53-80-55-59
Ta100x20,10,3,300,1,0.075,2,2231002219,17000,6710,6465,6298,4.001790587,v2_avx512bw_vec32_exact_perm,77-34-56-11-64-40-51-52-6-92-24-35-96-38-100-98-83-26-90-54-14-60-87-70-31-21-25-62-36-46-81-15-2-22-72-84-39-67-27-12-1-65-37-10-20-69-23-78-88-18-4-99-16-43-95-32-61-47-42-5-48-74-86-97-19-7-75-71-17-13-45-68-50-94-30-63-28-49-76-8-41-82-89-85-3-9-44-29-91-57-66-79-73-33-93-80-53-55-58-59
Ta100x20,10,3,300,1,0.075,3,2231003228,17000,6745,6465,6298,4.228253385,v2_avx512bw_vec32_exact_perm,77-34-56-26-20-40-1-90-83-64-92-100-15-60-12-6-43-11-14-24-81-65-27-46-54-22-96-67-70-31-87-74-23-18-62-47-10-78-52-51-91-35-37-21-76-98-32-72-88-25-84-13-57-16-48-38-9-2-36-86-75-63-89-93-5-4-33-99-42-28-68-94-8-49-97-95-61-71-44-3-69-82-30-7-41-45-79-73-39-85-17-50-55-29-53-80-58-66-19-59
Ta100x20,10,3,300,1,0.075,4,2231004237,17000,6732,6465,6298,4.188054667,v2_avx512bw_vec32_exact_perm,77-34-56-100-11-81-92-40-87-26-60-54-74-70-64-90-75-15-37-83-46-72-6-62-22-38-1-12-10-78-24-27-51-48-88-14-2-43-35-86-97-67-21-98-47-96-4-52-65-7-36-20-18-23-68-5-16-76-28-89-71-99-32-9-25-42-91-69-95-45-3-63-41-82-31-13-85-44-84-94-73-8-33-39-50-61-93-30-57-17-29-49-66-55-79-58-19-53-80-59
Ta100x20,10,3,300,1,0.075,5,2231005246,17000,6732,6465,6298,4.314213102,v2_avx512bw_vec32_exact_perm,77-81-40-56-20-1-90-15-100-51-87-83-35-24-34-54-96-46-92-11-60-64-43-22-6-42-70-78-74-62-94-12-48-65-88-26-47-44-61-21-52-27-37-67-86-18-32-5-31-7-38-23-36-10-16-14-89-97-72-3-95-75-69-85-13-25-82-45-2-28-71-57-33-99-98-68-91-49-73-84-30-39-41-76-79-8-4-9-29-63-50-58-19-93-17-66-55-53-80-59
Ta100x20,10,3,300,1,0.075,6,2231006255,17000,6732,6465,6298,4.258126331,v2_avx512bw_vec32_exact_perm,77-34-15-51-40-20-100-26-11-6-56-43-65-87-47-4-62-31-92-18-64-83-52-72-54-60-37-90-27-70-21-35-42-46-88-14-2-12-99-48-74-96-1-23-68-24-57-98-32-10-36-67-89-25-45-13-78-81-86-16-76-97-95-3-30-93-38-75-41-5-84-22-61-94-73-8-9-79-39-91-69-17-33-7-50-44-28-71-85-49-29-19-63-82-58-66-55-53-80-59
Ta100x20,10,3,300,1,0.075,7,2231007264,17000,6710,6465,6298,4.150540071,v2_avx512bw_vec32_exact_perm,77-34-40-11-51-56-38-20-100-90-92-84-15-60-87-43-6-26-54-70-67-35-52-83-62-27-46-1-48-81-12-42-74-24-88-4-22-47-64-78-37-5-23-10-3-86-21-65-96-32-39-57-76-72-25-14-68-71-73-31-75-98-18-41-95-97-2-13-30-36-44-94-85-91-89-49-33-28-9-61-79-82-16-7-45-8-19-63-69-58-29-17-99-53-50-66-93-80-55-59
Ta100x20,10,3,300,1,0.075,8,2231008273,17000,6732,6465,6298,4.043939123,v2_avx512bw_vec32_exact_perm,77-34-24-11-43-6-87-40-56-15-51-62-20-1-90-27-83-52-47-26-54-12-46-60-72-17-95-38-18-14-92-86-2-100-98-74-70-76-67-78-22-5-21-4-35-10-13-16-41-65-23-7-25-69-37-96-88-3-64-31-68-89-81-48-36-82-91-71-73-42-57-28-50-44-39-94-32-85-97-63-84-8-9-61-45-30-99-49-75-33-79-93-29-55-58-66-19-53-80-59
Ta100x20,10,3,300,1,0.075,9,2231009282,17000,6732,6465,6298,4.353085598,v2_avx512bw_vec32_exact_perm,77-34-56-15-100-90-83-20-87-38-51-11-40-43-46-60-6-54-3-92-35-12-98-74-96-18-69-24-72-64-65-67-1-52-31-48-27-37-26-5-2-21-39-36-62-23-70-22-10-42-89-47-7-4-73-14-57-95-68-45-88-16-9-25-30-81-94-78-76-75-44-71-99-50-32-79-33-97-41-91-29-84-86-63-13-28-61-82-66-93-8-49-58-85-19-17-55-53-80-59
Ta100x20,10,3,300,1,0.075,10,2231010291,17000,6732,6465,6298,4.194581657,v2_avx512bw_vec32_exact_perm,77-34-56-51-40-24-90-26-81-12-54-11-6-92-15-60-100-23-64-52-83-35-62-1-67-47-14-70-65-36-87-10-48-91-78-27-46-89-88-18-21-96-42-25-74-28-76-38-7-73-33-20-43-95-31-44-72-3-75-86-22-45-98-37-57-94-5-17-39-69-50-97-63-68-4-32-9-8-85-99-2-49-93-71-13-84-16-41-30-79-29-61-58-66-19-82-55-53-80-59
Ta100x20,10,3,300,1,0.1,1,2231001210,17000,6732,6465,6298,4.270747521,v2_avx512bw_vec32_exact_perm,77-56-40-26-87-52-6-11-12-98-34-1-43-51-83-24-20-67-74-15-27-90-54-62-60-47-96-70-3-35-100-37-92-4-49-65-72-2-10-91-14-42-95-75-81-5-25-36-71-46-69-22-21-78-99-48-88-16-17-33-68-76-61-31-23-38-57-94-63-97-13-18-86-28-64-89-9-39-32-85-73-8-82-50-45-7-41-79-30-84-44-58-29-66-19-93-55-53-80-59
Ta100x20,10,3,300,1,0.1,2,2231002219,17000,6732,6465,6298,4.505951763,v2_avx512bw_vec32_exact_perm,77-34-56-43-11-100-38-83-24-90-25-54-40-60-6-52-37-51-26-92-64-87-98-18-35-31-72-68-21-78-4-70-14-46-23-10-1-7-22-47-12-81-42-20-27-16-74-62-85-96-48-76-33-97-15-75-71-69-65-67-95-49-99-3-91-88-57-50-82-5-2-32-36-9-79-45-8-28-39-73-89-84-44-13-30-17-86-63-94-41-29-61-58-66-19-93-55-53-80-59
Ta100x20,10,3,300,1,0.1,3,2231003228,17000,6694,6465,6298,4.064386419,v2_avx512bw_vec32_exact_perm,77-34-56-81-51-40-6-24-60-52-87-100-11-46-12-54-27-22-83-92-98-14-47-90-70-26-48-18-67-2-43-35-62-65-32-74-15-21-20-31-96-95-38-37-39-84-64-10-42-36-88-25-97-3-23-73-1-5-78-33-7-16-41-86-75-72-76-82-79-91-44-4-57-89-13-69-28-71-94-61-63-30-85-17-8-9-99-68-45-19-29-93-50-58-49-55-53-80-66-59
Ta100x20,10,3,300,1,0.1,4,2231004237,17000,6703,6465,6298,4.189989787,v2_avx512bw_vec32_exact_perm,77-34-56-40-43-100-11-15-51-98-90-6-83-92-12-10-81-54-1-60-87-46-24-26-35-20-31-27-62-2-70-96-23-37-18-67-64-25-47-72-65-74-14-7-52-38-21-48-94-22-86-95-36-57-16-68-88-91-97-78-32-76-3-4-42-5-63-33-75-71-44-99-13-30-45-61-39-73-49-17-50-41-79-84-89-69-9-82-28-93-8-85-80-29-66-53-58-19-55-59
Ta100x20,10,3,300,1,0.1,5,2231005246,17000,6732,6465,6298,4.051167628,v2_avx512bw_vec32_exact_perm,77-34-40-56-100-11-20-26-87-1-60-83-92-46-62-21-51-47-70-27-15-6-78-54-38-12-18-88-65-64-67-48-52-72-57-95-23-24-98-74-75-42-14-22-37-90-97-5-36-2-31-43-96-99-63-3-33-16-71-45-39-13-73-76-89-4-68-50-7-10-44-94-30-8-81-91-17-69-35-32-86-9-25-61-93-28-41-79-84-29-85-49-19-58-53-82-66-55-80-59
Ta100x20,10,3,300,1,0.1,6,2231006255,17000,6732,6465,6298,3.887616217,v2_avx512bw_vec32_exact_perm,77-34-40-11-56-24-26-6-60-92-36-98-100-78-51-52-81-54-2-43-88-47-83-96-20-38-62-65-87-74-21-68-15-84-67-27-18-12-90-70-35-41-72-3-37-14-95-5-48-22-25-31-46-75-99-13-71-97-91-76-89-86-85-42-9-16-17-39-73-23-64-49-1-32-28-94-10-44-7-33-45-8-57-4-69-30-79-61-29-50-19-63-82-66-58-93-55-53-80-59
Ta100x20,10,3,300,1,0.1,7,2231007264,17000,6694,6465,6298,4.212394776,v2_avx512bw_vec32_exact_perm,77-34-56-26-90-40-98-54-24-83-92-43-52-17-51-60-12-81-6-87-27-65-35-36-15-1-67-23-64-88-48-70-96-100-18-72-74-4-76-37-11-10-14-5-84-38-41-86-42-99-62-75-78-22-21-73-16-95-31-44-89-46-91-2-32-39-20-85-68-30-47-28-97-25-71-7-94-33-69-79-49-9-50-3-13-8-63-57-45-82-61-93-29-58-19-80-55-53-66-59
Ta100x20,10,3,300,1,0.1,8,2231008273,17000,6732,6465,6298,4.117387748,v2_avx512bw_vec32_exact_perm,77-34-26-38-56-40-83-43-6-11-54-12-64-1-60-90-74-67-47-27-62-75-25-92-17-87-98-51-7-52-70-99-100-10-68-15-2-46-72-71-89-37-96-24-31-20-82-22-36-50-21-57-65-86-14-95-35-33-79-48-91-18-32-5-63-76-39-97-81-88-16-42-45-78-49-41-30-23-4-9-85-44-84-3-8-94-69-61-73-19-13-58-28-29-93-55-66-53-80-59
Ta100x20,10,3,300,1,0.1,9,2231009282,17000,6708,6465,6298,4.117122413,v2_avx512bw_vec32_exact_perm,77-34-100-15-87-11-40-51-18-81-54-56-90-67-6-47-26-64-43-35-60-96-24-52-92-20-83-48-12-99-70-1-65-21-98-74-27-75-36-46-86-7-62-10-14-78-95-42-94-37-25-4-88-73-2-76-16-82-17-57-13-32-5-38-39-22-33-31-61-45-89-97-63-3-9-28-71-93-79-68-91-85-8-72-30-84-44-41-23-29-50-49-58-69-66-19-53-80-55-59
Ta100x20,10,3,300,1,0.1,10,2231010291,17000,6732,6465,6298,4.260997784,v2_avx512bw_vec32_exact_perm,77-56-34-51-20-36-54-40-90-12-81-1-83-86-87-43-92-18-27-6-11-46-35-26-63-47-65-17-60-52-98-2-96-14-99-70-15-23-74-37-62-88-100-67-16-21-48-22-25-42-78-10-44-72-95-24-32-64-89-4-13-31-33-75-97-9-38-30-94-76-50-5-68-71-45-7-57-28-61-84-73-8-82-91-39-41-3-69-85-49-79-58-19-93-29-66-55-53-80-59
Ta100x20,10,3,300,1,0.125,1,2231001210,17000,6745,6465,6298,4.464374751,v2_avx512bw_vec32_exact_perm,77-34-40-36-47-20-43-100-54-83-11-92-51-56-74-6-67-65-12-35-37-23-24-26-81-96-52-1-27-22-64-21-90-62-98-60-75-70-84-15-87-31-16-18-2-7-86-14-57-4-25-46-78-88-76-95-72-3-48-33-73-41-42-44-39-68-89-30-13-10-45-94-28-97-9-82-32-69-5-17-61-50-80-79-8-99-71-63-49-91-85-38-55-93-29-53-58-66-19-59
Ta100x20,10,3,300,1,0.125,2,2231002219,17000,6732,6465,6298,4.458945702,v2_avx512bw_vec32_exact_perm,77-34-56-15-40-6-100-43-11-64-51-90-24-54-1-83-12-74-92-27-62-18-87-48-22-26-37-96-52-98-78-84-20-75-47-2-35-10-36-88-23-70-82-65-60-31-81-16-46-76-3-72-99-5-38-67-14-8-68-21-7-25-57-32-97-42-85-45-94-4-30-39-19-13-69-33-89-86-63-44-95-9-61-71-28-50-91-73-79-49-17-41-29-58-93-66-55-53-80-59
Ta100x20,10,3,300,1,0.125,3,2231003228,17000,6732,6465,6298,4.43572293,v2_avx512bw_vec32_exact_perm,77-81-51-100-11-87-36-90-20-40-34-24-54-62-26-38-6-12-83-67-35-43-1-64-96-92-14-60-52-98-18-56-23-70-46-15-2-21-37-72-74-27-68-28-4-76-48-31-75-86-7-91-47-88-97-99-73-95-25-65-89-22-78-5-33-10-3-42-82-16-13-9-84-71-39-63-69-94-57-45-61-17-32-93-44-8-41-50-19-58-49-85-29-66-30-79-55-53-80-59
Ta100x20,10,3,300,1,0.125,4,2231004237,17000,6734,6465,6298,4.339165821,v2_avx512bw_vec32_exact_perm,77-81-40-62-92-34-27-100-11-65-43-26-60-38-6-42-51-54-48-46-61-24-88-83-90-67-74-87-56-15-20-35-12-17-52-99-22-37-70-96-32-7-95-1-31-16-18-94-33-75-23-10-64-72-4-36-47-2-49-86-78-30-89-21-68-69-91-25-76-73-44-85-71-28-97-98-5-57-13-14-79-19-3-8-63-41-82-45-39-9-50-84-80-53-29-93-55-66-59-58
Ta100x20,10,3,300,1,0.125,5,2231005246,17000,6732,6465,6298,4.346452565,v2_avx512bw_vec32_exact_perm,77-34-56-26-11-48-92-6-24-51-87-90-1-43-81-40-47-60-88-18-100-75-12-62-54-72-27-3-86-36-76-35-46-83-98-37-15-33-70-67-10-74-7-95-96-22-31-2-52-64-14-99-65-25-30-42-94-41-32-91-4-23-78-38-57-16-89-20-9-21-44-17-71-85-73-13-5-50-84-68-63-69-97-8-49-45-61-39-28-79-82-29-93-66-55-58-19-53-80-59
Ta100x20,10,3,300,1,0.125,6,2231006255,17000,6732,6465,6298,3.959701867,v2_avx512bw_vec32_exact_perm,77-34-56-36-51-43-100-40-11-87-52-6-26-81-47-90-15-20-1-62-24-96-54-92-46-27-83-21-35-60-12-88-14-99-70-4-74-67-25-86-95-2-31-48-18-23-37-72-22-10-33-30-97-38-75-5-93-98-78-76-65-45-64-28-84-68-7-49-89-50-42-32-13-39-17-79-57-3-61-41-94-73-8-85-16-9-91-44-71-29-63-69-82-58-66-19-55-53-80-59
Ta100x20,10,3,300,1,0.125,7,2231007264,17000,6732,6465,6298,4.05750007,v2_avx512bw_vec32_exact_perm,77-56-34-51-26-11-40-87-20-12-43-92-84-27-90-52-65-6-36-96-54-24-62-47-83-35-60-37-100-1-67-98-74-10-22-72-64-2-46-38-21-70-95-14-48-78-81-69-99-5-23-97-18-57-68-31-75-4-76-33-61-71-91-13-25-15-17-8-88-42-32-85-94-73-89-28-9-44-86-45-7-79-39-3-63-16-82-41-19-30-29-49-58-66-93-50-55-53-80-59
Ta100x20,10,3,300,1,0.125,8,2231008273,17000,6732,6465,6298,4.0269425,v2_avx512bw_vec32_exact_perm,77-34-56-81-24-11-87-43-15-51-67-60-92-12-6-83-70-1-40-72-46-64-90-10-26-54-95-48-16-35-37-74-100-84-4-27-96-76-62-98-47-57-14-39-86-21-68-18-7-36-25-75-22-20-78-65-73-88-13-94-69-42-31-9-3-23-33-91-2-71-97-63-52-5-41-82-61-99-17-8-89-38-50-85-30-45-28-32-79-49-44-66-29-58-19-93-55-53-80-59
Ta100x20,10,3,300,1,0.125,9,2231009282,17000,6740,6465,6298,4.107644503,v2_avx512bw_vec32_exact_perm,77-56-36-20-64-51-43-40-6-70-60-96-90-83-48-74-24-54-21-65-18-95-52-11-1-72-27-87-34-100-15-12-92-67-99-37-33-35-98-25-57-14-26-81-30-86-31-75-10-62-46-7-76-94-23-47-17-73-45-2-5-13-88-44-89-42-4-32-8-39-16-71-22-9-69-78-38-97-68-61-63-49-91-19-29-82-79-85-28-93-3-50-84-41-55-80-53-66-59-58
Ta100x20,10,3,300,1,0.125,10,2231010291,17000,6717,6465,6298,4.112287769,v2_avx512bw_vec32_exact_perm,77-34-92-56-11-40-87-100-60-43-83-12-46-37-2-62-24-15-51-6-90-67-54-52-74-94-1-81-70-31-18-22-36-95-26-65-21-25-32-99-27-10-98-47-71-23-84-96-64-35-14-68-5-72-4-75-91-88-86-20-97-38-50-7-63-48-89-69-9-61-73-78-16-57-17-30-45-76-42-41-44-39-33-82-79-85-13-80-29-19-3-8-49-28-59-53-66-93-55-58
Ta100x20,10,4,400,0.85,0.025,1,2231001210,17000,6688,6465,6298,5.586760602,v2_avx512bw_vec32_exact_perm,77-34-81-40-92-11-100-54-56-90-51-70-26-6-43-47-83-67-27-62-1-60-74-36-52-21-98-73-23-64-12-18-15-96-75-35-20-95-38-87-46-33-37-25-4-48-39-88-72-78-42-16-31-22-65-2-84-14-57-99-68-10-91-24-7-3-86-5-76-71-85-9-50-97-69-89-94-63-45-44-61-32-13-17-30-79-82-28-41-8-80-49-29-58-66-19-93-55-53-59
Ta100x20,10,4,400,0.85,0.025,2,2231002219,17000,6665,6465,6298,5.674997121,v2_avx512bw_vec32_exact_perm,77-56-26-20-100-24-11-54-83-92-34-62-40-98-60-70-90-18-67-51-87-47-6-52-2-65-12-74-21-88-48-1-75-72-27-10-22-37-64-35-95-25-15-99-96-46-31-14-16-3-4-36-43-38-17-89-42-23-32-68-5-63-78-30-81-97-44-13-71-94-91-76-86-39-57-73-50-61-7-9-8-69-28-33-29-82-79-85-45-84-41-93-58-19-49-80-55-66-59-53
Ta100x20,10,4,400,0.85,0.025,3,2231003228,17000,6679,6465,6298,5.59026925,v2_avx512bw_vec32_exact_perm,77-34-56-100-15-6-51-20-11-98-24-87-43-37-40-18-90-65-52-54-92-60-47-62-27-26-22-1-21-35-38-12-83-74-88-78-46-14-67-48-72-36-70-75-96-84-86-31-5-81-64-3-68-4-97-23-41-42-32-10-95-57-76-2-33-7-71-63-50-13-25-16-61-39-30-28-89-82-99-80-85-9-45-73-17-8-69-94-44-91-49-79-29-58-66-19-93-55-59-53
Ta100x20,10,4,400,0.85,0.025,4,2231004237,17000,6635,6465,6298,5.579096888,v2_avx512bw_vec32_exact_perm,77-34-56-26-11-83-92-24-51-40-15-43-10-20-6-100-60-38-54-31-98-70-1-22-52-95-64-21-37-65-87-90-14-35-5-62-67-27-96-12-18-23-81-47-72-74-3-32-76-75-48-16-25-99-46-36-94-88-68-97-4-86-91-42-78-7-61-2-39-57-89-33-71-44-28-9-8-13-30-69-17-73-29-79-63-50-84-45-82-41-49-58-85-19-93-80-55-59-66-53
Ta100x20,10,4,400,0.85,0.025,5,2231005246,17000,6648,6465,6298,5.185051514,v2_avx512bw_vec32_exact_perm,77-34-56-100-15-26-83-6-64-24-60-54-40-11-62-1-87-12-96-98-35-20-92-46-90-84-51-48-27-2-14-18-47-43-74-38-31-72-10-67-52-70-22-5-76-3-37-21-36-68-78-17-65-25-7-75-23-16-81-39-88-57-4-63-86-80-33-71-94-9-32-97-89-61-95-73-28-45-42-13-82-79-69-91-99-50-44-30-8-41-29-85-49-58-19-93-55-53-59-66
Ta100x20,10,4,400,0.85,0.025,6,2231006255,17000,6698,6465,6298,5.464878982,v2_avx512bw_vec32_exact_perm,77-56-36-51-40-26-20-43-83-11-34-87-1-15-24-98-27-90-18-100-62-92-54-6-99-52-60-38-46-21-70-48-47-74-96-37-75-86-72-68-91-22-14-89-65-4-73-67-35-2-23-32-12-10-81-3-88-31-95-64-5-78-42-33-85-25-30-39-76-63-7-9-97-79-16-94-84-61-44-57-41-71-69-50-49-13-45-17-8-93-28-82-29-58-19-66-80-53-55-59
Ta100x20,10,4,400,0.85,0.025,7,2231007264,17000,6688,6465,6298,5.416597218,v2_avx512bw_vec32_exact_perm,77-56-100-65-34-60-6-92-1-24-83-40-15-11-64-20-87-70-90-26-35-74-52-47-96-81-67-51-31-14-38-54-25-48-72-10-21-12-43-27-98-62-46-22-32-18-36-78-91-37-88-68-94-73-42-5-2-86-76-17-61-95-16-4-63-75-41-97-7-9-84-57-44-71-23-85-30-49-13-39-8-79-89-45-33-99-69-50-93-29-80-3-82-66-58-19-55-53-28-59
Ta100x20,10,4,400,0.85,0.025,8,2231008273,17000,6688,6465,6298,5.450563241,v2_avx512bw_vec32_exact_perm,77-34-56-11-40-43-26-24-81-90-12-51-54-62-92-83-60-52-6-100-15-74-1-96-98-20-18-70-48-37-87-27-47-75-14-35-67-31-65-46-22-72-3-38-97-68-64-36-17-78-25-76-21-10-5-7-45-2-42-4-44-86-57-39-95-32-71-23-73-89-91-13-88-63-49-16-85-9-8-84-30-69-99-79-94-33-61-50-28-82-41-29-58-66-19-93-80-53-55-59
Ta100x20,10,4,400,0.85,0.025,9,2231009282,17000,6688,6465,6298,5.380198216,v2_avx512bw_vec32_exact_perm,77-56-40-83-43-98-90-62-54-87-11-18-51-26-6-100-92-1-70-47-48-60-64-24-35-34-12-20-72-31-38-65-22-46-52-27-67-88-74-2-14-21-99-96-15-95-23-89-16-36-75-37-57-42-97-5-17-68-45-69-25-81-50-4-94-33-73-78-61-28-10-32-76-71-44-85-30-3-39-86-9-7-8-91-63-49-84-13-41-79-82-29-58-66-19-93-80-53-55-59
Ta100x20,10,4,400,0.85,0.025,10,2231010291,17000,6679,6465,6298,5.463395376,v2_avx512bw_vec32_exact_perm,77-34-56-26-40-83-51-11-20-54-24-81-98-60-90-1-43-15-6-92-18-12-87-38-100-96-22-78-35-64-21-52-31-62-27-14-95-3-88-42-10-70-47-2-48-37-5-36-32-74-67-84-46-57-25-86-72-97-63-76-23-75-4-73-94-59-71-33-7-45-9-13-85-99-16-68-39-89-69-30-50-41-44-8-17-91-61-49-28-82-79-29-58-66-19-65-93-55-80-53
Ta100x20,10,4,400,0.85,0.05,1,2231001210,17000,6688,6465,6298,5.523566435,v2_avx512bw_vec32_exact_perm,77-34-56-51-11-24-81-92-40-90-60-87-20-12-65-6-1-100-74-70-96-72-15-83-89-47-64-52-54-88-27-22-46-23-38-62-26-31-35-3-39-37-98-21-2-68-73-16-36-5-67-25-43-48-75-97-57-7-86-95-91-10-32-99-14-4-9-42-76-78-45-44-71-13-85-94-69-18-50-33-84-28-8-61-82-41-49-30-79-63-17-29-58-66-19-53-80-93-55-59
Ta100x20,10,4,400,0.85,0.05,2,2231002219,17000,6641,6465,6298,5.221209935,v2_avx512bw_vec32_exact_perm,77-34-56-26-100-24-81-54-51-11-40-83-60-98-20-96-62-6-43-64-90-92-47-67-27-65-87-95-2-18-12-37-1-70-39-57-52-74-38-31-72-35-88-25-21-14-86-10-46-42-84-48-22-75-78-16-33-7-97-15-32-36-5-23-30-71-89-17-68-85-73-13-94-4-49-99-44-45-63-76-9-8-50-69-19-80-41-3-91-61-28-82-29-93-79-55-59-66-58-53
Ta100x20,10,4,400,0.85,0.05,3,2231003228,17000,6688,6465,6298,5.738651082,v2_avx512bw_vec32_exact_perm,77-34-56-90-40-6-11-43-83-65-98-92-51-100-24-35-38-37-87-20-52-60-1-21-14-62-96-81-74-70-26-54-15-12-31-18-48-27-22-46-95-4-10-78-99-84-75-73-5-23-47-64-25-67-39-16-68-2-57-91-36-72-88-33-94-7-86-50-89-76-9-69-71-42-45-61-32-97-63-13-3-85-49-17-41-93-44-8-30-79-29-28-58-19-82-80-53-55-66-59
Ta100x20,10,4,400,0.85,0.05,4,2231004237,17000,6745,6465,6298,5.238742442,v2_avx512bw_vec32_exact_perm,77-34-56-92-46-40-21-24-100-54-26-65-51-17-52-90-25-12-10-67-27-64-96-15-35-47-60-18-6-11-83-70-87-48-7-98-62-75-37-43-31-20-74-1-5-36-22-73-38-2-95-72-76-14-32-78-4-91-71-9-88-42-97-23-86-85-57-13-89-81-30-44-3-16-99-8-41-82-69-39-68-50-33-80-63-45-61-94-49-84-28-79-29-55-53-93-58-66-19-59
Ta100x20,10,4,400,0.85,0.05,5,2231005246,17000,6688,6465,6298,5.364506266,v2_avx512bw_vec32_exact_perm,77-34-56-100-24-11-98-51-40-83-6-92-54-26-20-38-52-43-35-90-96-15-62-67-21-12-1-81-47-5-27-37-46-87-14-65-2-22-60-75-48-74-7-3-64-97-70-18-71-95-31-72-84-25-76-86-36-69-99-10-23-78-68-85-33-61-32-89-17-94-88-16-45-42-73-39-9-63-57-13-4-44-91-8-49-41-79-30-50-93-29-58-19-66-82-28-80-53-55-59
Ta100x20,10,4,400,0.85,0.05,6,2231006255,17000,6672,6465,6298,5.298799271,v2_avx512bw_vec32_exact_perm,81-40-77-20-1-11-56-51-21-34-24-87-83-43-65-96-54-6-15-92-100-17-90-62-25-68-27-67-72-60-52-37-46-64-26-2-48-74-36-47-42-88-95-14-22-89-98-10-23-57-35-80-70-4-12-78-32-31-45-86-13-84-97-18-16-61-99-94-5-75-7-82-44-85-71-9-28-50-3-41-76-39-30-38-69-63-33-91-8-73-93-79-49-29-58-19-55-66-59-53
Ta100x20,10,4,400,0.85,0.05,7,2231007264,17000,6688,6465,6298,5.511319215,v2_avx512bw_vec32_exact_perm,77-34-56-26-17-100-46-54-87-11-90-83-40-27-60-12-6-24-64-51-62-35-52-84-10-98-92-47-88-72-65-1-18-70-21-15-96-74-67-42-48-31-14-68-22-75-23-20-5-36-91-25-16-81-37-95-97-41-86-13-78-76-3-39-38-63-30-2-9-89-8-45-44-99-33-50-73-43-7-71-32-69-94-28-61-57-4-85-49-79-93-29-58-19-82-80-53-55-66-59
Ta100x20,10,4,400,0.85,0.05,8,2231008273,17000,6698,6465,6298,5.378585931,v2_avx512bw_vec32_exact_perm,77-34-40-11-56-17-24-26-38-43-51-52-54-6-35-83-1-62-87-12-15-92-27-100-60-98-90-20-22-14-72-10-64-18-63-78-46-37-96-23-4-70-74-21-25-2-7-48-84-31-95-65-47-89-36-5-86-97-68-85-67-81-69-94-76-16-32-33-73-75-71-45-57-39-9-99-13-88-42-91-93-50-41-8-30-28-3-44-49-61-79-82-29-58-19-66-80-53-55-59
Ta100x20,10,4,400,0.85,0.05,9,2231009282,17000,6688,6465,6298,5.13302371,v2_avx512bw_vec32_exact_perm,77-56-65-51-27-81-40-83-92-1-62-96-15-54-34-60-87-46-6-20-24-98-70-11-48-26-74-100-10-67-37-90-21-35-52-14-47-86-38-43-22-95-5-4-23-36-72-12-32-31-18-61-25-68-76-75-2-7-94-88-42-33-28-85-89-16-17-64-45-57-73-78-63-8-9-97-39-13-69-71-84-44-30-41-93-50-29-19-99-79-91-3-49-58-53-82-80-55-66-59
Ta100x20,10,4,400,0.85,0.05,10,2231010291,17000,6688,6465,6298,4.974670181,v2_avx512bw_vec32_exact_perm,77-34-56-40-65-6-43-26-24-60-54-51-92-47-12-98-14-38-90-11-83-15-87-21-37-1-35-81-70-96-48-27-20-10-36-52-46-22-78-31-23-84-100-62-67-25-72-4-73-74-18-86-16-64-88-95-94-68-7-5-42-85-49-2-75-17-99-71-57-97-32-3-76-91-9-50-45-89-44-30-13-33-63-28-39-61-8-19-69-79-82-41-80-58-93-29-55-53-66-59
Ta100x20,10,4,400,0.85,0.075,1,2231001210,17000,6688,6465,6298,5.675043534,v2_avx512bw_vec32_exact_perm,77-34-56-20-90-11-43-26-40-38-87-1-92-6-83-36-60-69-52-54-100-81-51-96-10-24-98-62-18-23-12-21-70-27-67-37-22-15-74-48-14-95-65-35-68-71-46-5-99-72-7-25-88-75-47-91-89-64-3-17-4-2-32-42-39-57-31-86-16-97-61-50-76-45-41-84-78-13-73-94-63-30-9-79-44-33-49-8-28-82-85-58-19-29-93-80-53-55-66-59
Ta100x20,10,4,400,0.85,0.075,2,2231002219,17000,6688,6465,6298,5.449936125,v2_avx512bw_vec32_exact_perm,77-34-56-90-40-26-43-20-83-92-47-11-36-62-51-60-67-27-100-24-18-70-6-35-1-48-98-15-72-75-74-37-64-22-54-88-23-21-7-14-87-12-65-2-31-96-46-52-25-78-10-4-81-95-73-57-84-17-89-5-61-85-68-99-9-30-8-39-32-94-16-13-33-49-45-79-76-82-63-69-42-44-28-91-71-3-97-38-50-58-86-41-29-19-53-93-80-55-66-59
Ta100x20,10,4,400,0.85,0.075,3,2231003228,17000,6688,6465,6298,6.146614908,v2_avx512bw_vec32_exact_perm,77-34-56-40-11-26-92-51-20-36-83-12-100-90-54-37-6-14-87-27-52-43-60-84-81-35-24-47-67-1-65-22-21-10-15-38-70-31-62-72-46-3-74-5-2-48-57-97-88-32-95-39-68-98-96-18-82-63-23-91-42-76-64-41-13-86-44-75-4-78-80-8-94-16-73-7-28-71-79-33-61-9-25-17-45-89-99-69-85-49-50-29-19-58-30-66-55-93-53-59
Ta100x20,10,4,400,0.85,0.075,4,2231004237,17000,6684,6465,6298,6.340696577,v2_avx512bw_vec32_exact_perm,77-34-56-100-51-83-20-92-90-24-98-6-12-54-40-87-11-52-60-26-62-46-81-27-35-21-72-79-74-70-10-18-22-38-14-1-23-48-97-15-65-43-36-95-84-75-96-2-30-67-47-88-64-37-31-25-89-68-39-85-99-4-3-78-69-32-42-86-13-41-71-7-29-57-5-50-44-91-17-16-9-33-73-45-94-76-82-63-28-49-61-8-58-66-19-93-80-55-59-53
Ta100x20,10,4,400,0.85,0.075,5,2231005246,17000,6688,6465,6298,5.357701319,v2_avx512bw_vec32_exact_perm,77-56-40-26-83-24-92-60-54-98-6-11-87-100-12-34-15-81-43-14-35-22-96-90-37-78-52-65-62-51-1-67-48-64-47-74-46-2-10-18-57-70-36-27-20-75-72-17-5-25-32-88-21-99-23-89-71-3-44-16-39-4-76-95-45-91-13-7-31-68-42-30-73-8-41-9-38-86-49-85-50-97-94-84-33-28-79-63-69-82-61-29-58-66-19-93-80-53-55-59
Ta100x20,10,4,400,0.85,0.075,6,2231006255,17000,6688,6465,6298,5.182523369,v2_avx512bw_vec32_exact_perm,77-34-56-43-47-54-26-11-51-14-90-24-100-40-60-38-6-52-83-62-15-35-87-27-81-37-46-65-92-20-2-88-72-21-67-74-96-1-98-12-4-16-70-25-95-61-22-42-57-23-31-68-45-7-39-82-18-78-64-84-75-86-94-48-10-97-76-63-13-33-36-28-32-69-71-5-79-73-89-91-9-50-3-99-30-17-41-44-85-8-49-29-58-66-19-93-80-53-55-59
Ta100x20,10,4,400,0.85,0.075,7,2231007264,17000,6653,6465,6298,5.38722341,v2_avx512bw_vec32_exact_perm,77-34-56-26-90-40-1-24-60-83-11-20-92-43-98-51-87-54-18-62-38-96-6-12-2-65-52-46-74-70-81-100-10-15-27-84-95-88-64-21-22-35-14-48-36-68-5-25-76-57-37-67-72-39-32-97-3-31-41-78-16-86-47-4-99-85-71-42-94-44-75-13-69-82-73-9-45-89-23-33-63-91-7-17-49-8-28-61-29-30-93-79-19-80-50-59-53-66-55-58
Ta100x20,10,4,400,0.85,0.075,8,2231008273,17000,6670,6465,6298,5.214392412,v2_avx512bw_vec32_exact_perm,77-34-56-11-26-87-98-43-51-40-100-6-90-83-70-81-24-54-60-18-48-38-35-74-15-65-47-52-59-20-12-31-22-67-92-27-37-1-46-21-62-36-78-33-25-2-95-86-10-94-73-88-72-84-3-76-16-96-75-14-42-4-64-7-85-9-97-5-71-57-28-45-61-32-89-44-23-69-13-41-8-99-68-17-50-30-82-63-39-49-79-91-29-58-19-66-53-80-55-93
Ta100x20,10,4,400,0.85,0.075,9,2231009282,17000,6688,6465,6298,5.195991152,v2_avx512bw_vec32_exact_perm,77-34-56-43-51-83-52-26-6-46-38-87-40-11-48-100-15-60-92-20-90-70-54-21-64-27-88-14-96-12-72-22-24-81-1-75-67-5-18-37-78-23-65-89-95-47-98-86-32-35-84-10-74-2-4-30-31-13-61-62-36-94-7-25-68-8-44-3-76-42-57-73-99-16-17-41-91-97-45-9-50-71-39-85-69-49-33-28-79-19-93-82-29-63-80-58-53-55-66-59
Ta100x20,10,4,400,0.85,0.075,10,2231010291,17000,6709,6465,6298,5.595302812,v2_avx512bw_vec32_exact_perm,77-34-40-43-56-83-51-90-26-11-92-38-100-17-20-27-87-15-6-65-35-60-14-54-70-22-24-74-10-52-48-47-21-36-88-84-81-75-96-2-37-62-78-16-72-46-12-67-86-25-1-23-49-4-57-97-18-76-63-39-42-64-32-45-91-44-31-68-95-98-5-9-30-79-94-71-69-89-13-99-50-33-28-82-41-61-85-7-93-8-19-58-29-3-73-66-55-80-59-53
Ta100x20,10,4,400,0.85,0.1,1,2231001210,17000,6684,6465,6298,4.944474553,v2_avx512bw_vec32_exact_perm,77-34-56-11-26-40-35-6-24-92-100-65-81-51-60-87-54-83-52-62-18-1-70-74-90-27-37-31-20-38-43-96-36-47-67-25-48-46-59-78-98-12-3-57-22-5-88-95-84-2-42-14-21-85-15-86-73-4-94-16-72-63-7-33-76-10-28-23-97-75-32-9-68-82-89-39-71-44-61-45-64-8-13-69-99-30-17-41-79-91-50-49-29-58-66-19-93-55-80-53
Ta100x20,10,4,400,0.85,0.1,2,2231002219,17000,6732,6465,6298,4.930901933,v2_avx512bw_vec32_exact_perm,77-34-56-51-26-64-52-1-100-81-83-92-24-60-11-15-12-74-67-87-30-40-72-75-98-2-43-39-38-96-46-6-62-20-37-35-47-54-48-86-90-71-88-70-32-14-10-21-61-23-65-84-36-31-85-89-7-27-97-25-18-13-22-95-78-4-17-44-53-5-99-63-94-68-8-9-45-42-49-41-76-3-33-69-19-50-58-16-91-93-79-57-29-82-66-28-55-73-80-59
Ta100x20,10,4,400,0.85,0.1,3,2231003228,17000,6650,6465,6298,4.927968622,v2_avx512bw_vec32_exact_perm,77-34-56-92-24-51-40-60-6-11-54-26-87-21-37-43-90-62-70-67-83-100-72-1-98-20-12-15-35-14-65-96-27-47-52-81-74-46-38-64-23-25-31-78-29-75-69-22-42-16-48-91-18-68-7-3-10-99-4-95-13-89-2-76-45-57-97-86-88-85-73-5-71-33-94-9-32-63-30-50-39-41-17-82-36-44-58-79-84-49-8-61-28-80-66-19-59-93-55-53
Ta100x20,10,4,400,0.85,0.1,4,2231004237,17000,6677,6465,6298,5.119798855,v2_avx512bw_vec32_exact_perm,77-34-56-43-100-83-51-90-11-6-87-15-60-52-81-70-26-64-47-57-20-96-24-1-40-74-22-37-67-72-12-14-54-25-78-38-10-27-92-21-23-88-18-65-35-68-48-94-41-16-86-32-4-46-62-82-31-42-98-36-95-30-84-5-2-13-71-63-69-3-49-75-99-17-28-97-9-85-44-89-73-91-39-33-76-45-61-7-19-50-29-93-79-80-8-53-55-59-66-58
Ta100x20,10,4,400,0.85,0.1,5,2231005246,17000,6713,6465,6298,5.986216266,v2_avx512bw_vec32_exact_perm,77-34-56-20-40-64-51-43-26-75-92-83-6-96-60-90-70-24-27-11-87-81-100-12-52-15-37-1-48-25-38-35-74-47-91-57-21-16-67-84-88-36-62-95-46-10-54-2-98-22-31-65-78-18-14-5-13-76-23-97-72-42-68-86-94-61-17-28-89-3-41-69-4-9-45-8-73-85-30-7-50-32-39-44-19-71-33-99-79-82-29-93-80-53-66-55-63-49-58-59
Ta100x20,10,4,400,0.85,0.1,6,2231006255,17000,6688,6465,6298,5.682288259,v2_avx512bw_vec32_exact_perm,77-34-56-11-40-100-26-87-43-90-20-83-51-70-15-1-60-6-62-27-54-46-96-12-35-42-14-31-21-24-64-81-38-52-88-47-22-95-92-98-67-97-75-72-5-84-23-37-10-32-99-16-25-7-4-78-36-74-30-13-18-68-89-2-65-33-76-86-48-57-45-61-17-69-39-44-71-50-80-9-73-94-85-49-8-41-3-28-79-63-91-82-29-58-93-19-53-55-66-59
Ta100x20,10,4,400,0.85,0.1,7,2231007264,17000,6695,6465,6298,5.617286218,v2_avx512bw_vec32_exact_perm,77-34-56-100-51-43-81-26-24-11-92-6-35-1-40-15-96-54-90-12-67-83-52-20-72-22-33-97-14-87-60-47-3-65-98-21-37-38-27-70-36-7-31-23-74-64-94-46-48-32-75-10-62-2-42-4-88-76-57-95-86-78-73-16-17-5-45-61-89-68-18-99-13-91-63-28-39-84-44-9-25-8-41-71-50-29-58-30-49-79-85-69-19-82-66-53-80-93-55-59
Ta100x20,10,4,400,0.85,0.1,8,2231008273,17000,6694,6465,6298,5.48776741,v2_avx512bw_vec32_exact_perm,77-56-20-40-51-26-81-83-54-24-1-6-92-87-62-100-11-34-70-35-15-12-67-14-47-65-31-60-43-52-37-74-23-22-46-27-10-95-88-98-3-61-96-48-39-64-90-84-32-72-75-71-76-42-5-68-25-99-4-57-21-36-63-91-82-86-97-2-38-69-13-18-89-44-78-17-16-9-85-28-94-50-41-73-8-30-33-7-45-19-58-49-79-29-53-93-55-80-66-59
Ta100x20,10,4,400,0.85,0.1,9,2231009282,17000,6688,6465,6298,5.323040423,v2_avx512bw_vec32_exact_perm,77-34-56-100-26-40-6-98-11-24-51-38-52-90-17-70-74-60-1-35-18-27-83-72-54-43-81-25-10-12-36-67-92-47-91-86-87-94-7-22-65-37-71-75-2-73-42-21-49-20-31-88-5-57-95-48-14-44-4-62-32-61-23-46-78-3-16-15-76-97-68-84-39-85-28-96-64-89-33-99-45-63-13-8-79-30-9-69-41-93-50-82-29-58-19-53-80-55-66-59
Ta100x20,10,4,400,0.85,0.1,10,2231010291,17000,6669,6465,6298,5.33503626,v2_avx512bw_vec32_exact_perm,77-34-100-56-11-40-43-51-83-92-26-90-54-81-6-20-38-24-62-87-74-52-14-37-12-1-60-46-27-31-78-65-23-72-67-98-21-18-25-64-15-84-73-10-48-22-35-96-36-47-42-4-95-2-49-70-16-5-75-97-88-94-33-17-89-76-85-7-63-9-57-39-86-68-45-69-30-71-99-29-3-50-13-44-91-80-32-8-19-61-93-41-28-82-53-79-55-59-66-58
Ta100x20,10,4,400,0.85,0.125,1,2231001210,17000,6720,6465,6298,5.453703074,v2_avx512bw_vec32_exact_perm,77-34-56-100-24-26-6-64-20-90-40-83-62-92-11-87-43-37-51-60-42-18-12-98-47-1-52-36-21-63-14-88-67-78-68-31-25-74-70-27-96-48-81-54-65-15-23-35-99-16-95-57-46-71-17-32-22-4-72-39-91-76-73-89-38-75-86-44-5-13-30-94-9-2-7-3-10-49-8-33-85-41-69-61-50-93-97-84-79-19-29-45-82-28-66-58-53-80-55-59
Ta100x20,10,4,400,0.85,0.125,2,2231002219,17000,6699,6465,6298,5.244172327,v2_avx512bw_vec32_exact_perm,81-64-11-1-90-77-51-43-26-40-20-34-12-67-92-72-6-38-56-60-46-35-54-62-27-21-15-52-24-65-37-48-10-84-31-22-96-25-74-87-70-97-2-28-100-47-95-14-83-88-68-5-98-75-4-86-78-76-3-71-82-32-33-18-36-23-16-41-57-42-94-30-73-99-45-39-85-91-61-7-79-69-89-9-63-13-44-8-17-49-29-50-59-58-66-19-93-55-53-80
Ta100x20,10,4,400,0.85,0.125,3,2231003228,17000,6732,6465,6298,5.395787797,v2_avx512bw_vec32_exact_perm,77-34-56-20-40-43-46-26-48-11-36-51-87-90-6-12-83-15-21-16-47-60-24-96-92-74-64-88-81-22-100-52-84-71-10-54-70-23-27-35-31-98-37-85-62-38-75-30-18-25-99-68-67-4-72-3-95-2-65-76-13-32-97-5-94-73-89-49-63-39-7-42-45-61-1-17-78-50-33-8-9-14-28-57-69-19-44-79-91-86-41-93-82-58-29-66-55-53-80-59
Ta100x20,10,4,400,0.85,0.125,4,2231004237,17000,6713,6465,6298,5.56717164,v2_avx512bw_vec32_exact_perm,77-34-56-43-51-6-24-81-100-11-92-90-12-38-83-72-54-40-46-26-60-52-1-98-15-48-37-20-27-67-65-21-35-3-47-76-9-10-25-62-70-97-87-84-14-96-57-45-7-2-31-63-74-4-89-5-75-82-36-18-22-99-91-23-78-71-32-79-86-95-85-28-16-30-88-33-42-49-94-64-68-39-13-73-8-61-17-58-19-44-41-93-50-69-80-29-66-55-53-59
Ta100x20,10,4,400,0.85,0.125,5,2231005246,17000,6694,6465,6298,5.135369619,v2_avx512bw_vec32_exact_perm,77-56-11-26-15-6-43-40-83-90-54-70-87-51-38-34-17-52-1-60-12-100-37-35-27-46-71-95-72-22-10-64-63-24-88-14-92-62-16-20-74-5-42-67-41-21-48-47-76-96-65-81-25-2-91-61-86-36-57-33-31-73-98-44-78-39-85-68-94-32-49-18-99-4-75-23-9-50-45-7-13-8-89-69-97-30-84-3-82-28-79-58-19-29-93-55-53-80-66-59
Ta100x20,10,4,400,0.85,0.125,6,2231006255,17000,6708,6465,6298,5.517810349,v2_avx512bw_vec32_exact_perm,77-56-51-64-40-43-20-65-90-11-26-34-81-15-46-27-24-54-60-52-68-72-12-100-87-83-98-84-38-6-92-18-10-1-21-32-70-67-39-74-75-36-35-47-96-2-16-78-62-3-5-23-57-88-73-89-31-22-48-42-25-71-9-86-76-37-17-44-13-91-14-95-4-69-41-97-50-99-45-94-28-85-33-63-49-61-79-58-7-30-29-93-66-8-19-82-53-80-55-59
Ta100x20,10,4,400,0.85,0.125,7,2231007264,17000,6692,6465,6298,5.564356194,v2_avx512bw_vec32_exact_perm,77-34-56-43-26-40-90-6-98-52-15-11-83-51-37-100-72-24-60-64-92-62-27-54-65-47-81-74-96-2-67-12-84-35-10-87-46-25-21-31-7-70-1-23-5-36-88-48-17-89-75-22-78-45-9-73-68-82-99-20-18-95-14-4-16-57-39-85-86-63-61-3-42-13-32-71-76-8-41-28-49-50-97-69-30-91-79-33-94-38-44-29-58-19-53-55-93-80-59-66
Ta100x20,10,4,400,0.85,0.125,8,2231008273,17000,6703,6465,6298,5.450323314,v2_avx512bw_vec32_exact_perm,81-40-77-11-34-56-92-52-67-87-90-26-38-100-51-12-83-36-35-37-6-15-96-43-72-24-21-74-70-20-84-60-10-14-95-22-64-1-27-47-98-31-54-86-78-46-48-17-32-62-5-97-25-2-7-4-82-75-23-61-16-88-42-63-65-41-3-76-39-68-18-57-45-30-94-73-89-9-85-99-44-13-79-91-71-28-8-49-33-29-58-69-93-19-66-50-53-80-55-59
Ta100x20,10,4,400,0.85,0.125,9,2231009282,17000,6710,6465,6298,5.286926451,v2_avx512bw_vec32_exact_perm,77-56-26-24-6-11-43-12-51-83-81-40-87-54-100-34-60-10-74-72-91-70-92-78-1-65-20-96-88-18-46-64-48-38-68-22-98-35-14-52-90-84-37-3-57-5-15-49-39-25-67-4-71-45-21-36-42-47-86-97-95-13-23-61-32-2-76-62-31-7-73-75-85-9-30-89-28-79-44-16-94-63-69-33-19-82-99-50-8-27-17-41-93-29-80-66-55-53-58-59
Ta100x20,10,4,400,0.85,0.125,10,2231010291,17000,6688,6465,6298,5.494783704,v2_avx512bw_vec32_exact_perm,77-34-56-26-54-87-43-51-81-40-11-92-46-100-20-60-38-27-15-90-24-48-6-21-65-1-16-52-74-98-83-18-62-67-35-47-70-95-76-12-96-37-25-23-31-33-72-78-64-10-42-39-57-75-4-2-7-5-3-84-14-22-88-97-85-89-36-9-30-86-68-61-17-73-32-94-8-99-71-50-41-13-45-19-44-91-63-29-58-69-93-79-49-82-55-53-80-66-28-59
Ta100x20,10,4,400,0.8875,0.025,1,2231001210,17000,6688,6465,6298,5.801738674,v2_avx512bw_vec32_exact_perm,77-34-56-26-100-38-40-54-92-51-20-6-87-15-60-90-81-11-83-1-24-70-74-12-47-35-67-48-10-65-96-14-36-64-22-27-88-78-43-21-46-25-52-37-95-62-99-18-98-75-76-31-71-3-2-42-32-39-4-23-73-86-57-89-72-16-44-33-5-7-85-91-61-28-97-17-9-45-50-68-94-63-84-13-30-8-41-69-79-82-49-29-58-66-19-93-80-53-55-59
Ta100x20,10,4,400,0.8875,0.025,2,2231002219,17000,6697,6465,6298,5.156610448,v2_avx512bw_vec32_exact_perm,77-34-56-100-83-51-62-11-92-1-6-54-43-40-24-20-90-52-12-65-87-47-60-26-18-84-67-23-10-2-74-46-38-70-35-78-21-36-72-27-37-30-48-39-68-98-15-14-86-25-22-57-81-96-61-94-95-64-31-16-97-32-88-4-41-42-3-8-17-73-75-85-99-76-50-45-9-71-44-7-69-89-28-91-33-13-49-5-79-63-29-19-82-66-58-93-80-53-55-59
Ta100x20,10,4,400,0.8875,0.025,3,2231003228,17000,6688,6465,6298,5.789478884,v2_avx512bw_vec32_exact_perm,77-56-26-51-38-34-100-83-11-43-46-98-6-15-64-12-40-60-90-62-54-67-47-84-10-2-74-36-52-25-37-27-35-22-96-72-78-92-18-87-14-95-70-48-1-68-88-65-21-76-42-57-41-30-3-4-20-31-97-16-81-23-75-71-7-94-32-73-24-44-5-17-89-85-45-13-69-9-99-86-50-49-39-33-63-8-91-28-79-82-61-58-19-29-93-80-53-55-66-59
Ta100x20,10,4,400,0.8875,0.025,4,2231004237,17000,6688,6465,6298,5.360405378,v2_avx512bw_vec32_exact_perm,77-34-81-24-92-40-11-56-54-51-6-15-26-52-83-100-1-60-65-87-74-22-20-21-62-38-43-12-2-70-90-35-32-31-48-14-98-96-27-95-46-64-72-67-5-84-75-57-4-18-37-47-86-36-76-78-25-10-23-16-97-7-71-99-88-68-42-3-39-13-85-33-89-50-49-45-63-44-69-94-30-8-17-41-28-91-61-73-9-82-79-29-58-66-19-93-80-53-55-59
Ta100x20,10,4,400,0.8875,0.025,5,2231005246,17000,6732,6465,6298,5.318034234,v2_avx512bw_vec32_exact_perm,77-56-65-40-34-81-11-100-47-83-51-12-20-26-54-62-92-96-43-98-22-60-14-24-21-27-90-46-72-35-1-67-25-87-37-52-15-70-2-99-10-89-36-6-30-48-68-23-13-18-74-97-64-16-88-42-75-4-95-32-94-57-61-38-78-86-7-45-82-91-28-3-31-76-71-63-41-5-44-8-9-33-84-17-85-73-50-49-79-69-39-29-93-55-66-58-19-53-80-59
Ta100x20,10,4,400,0.8875,0.025,6,2231006255,17000,6709,6465,6298,5.384523095,v2_avx512bw_vec32_exact_perm,77-56-20-11-40-65-90-43-24-26-1-6-81-15-74-51-46-48-83-54-52-35-47-10-34-96-12-87-62-92-70-27-23-100-60-22-31-37-21-2-78-85-84-14-5-72-64-98-67-18-4-95-57-36-25-73-97-76-61-88-42-86-16-33-94-9-32-63-71-7-75-3-38-39-17-99-89-69-45-91-13-68-30-49-50-8-44-28-93-55-41-82-79-80-29-58-19-53-66-59
Ta100x20,10,4,400,0.8875,0.025,7,2231007264,17000,6696,6465,6298,5.467293454,v2_avx512bw_vec32_exact_perm,77-34-56-40-51-43-26-90-81-24-83-60-98-62-1-92-18-54-10-35-87-100-11-65-15-37-31-70-48-74-6-12-47-75-46-2-67-72-52-21-96-7-14-25-88-22-45-84-42-38-20-16-97-73-5-27-78-99-17-89-68-39-4-36-86-95-9-64-41-76-69-32-71-13-57-50-23-94-91-44-49-8-85-3-30-61-28-80-33-82-53-63-29-79-58-66-19-93-55-59
Ta100x20,10,4,400,0.8875,0.025,8,2231008273,17000,6688,6465,6298,5.351782912,v2_avx512bw_vec32_exact_perm,77-34-56-51-92-26-83-40-20-6-87-11-70-54-60-27-62-100-47-46-67-43-15-1-12-81-52-22-37-96-21-24-94-90-35-64-25-65-31-84-14-72-88-36-10-23-74-2-45-42-73-13-86-7-57-75-5-48-38-98-95-97-71-33-78-32-4-30-39-68-50-99-76-41-16-3-69-91-18-44-82-9-85-89-63-17-61-28-79-29-8-49-80-58-66-19-93-55-53-59
Ta100x20,10,4,400,0.8875,0.025,9,2231009282,17000,6688,6465,6298,5.388637995,v2_avx512bw_vec32_exact_perm,77-34-56-40-1-81-24-43-100-51-6-65-26-83-11-92-90-67-62-54-60-15-46-48-37-74-10-12-98-27-64-87-52-18-22-14-36-31-35-20-47-96-72-25-88-70-78-21-33-75-86-9-76-84-32-38-94-97-30-16-63-2-85-7-50-39-57-5-4-23-71-42-61-95-69-17-8-68-89-44-99-91-3-73-13-28-45-49-41-82-79-58-19-29-93-53-80-55-66-59
Ta100x20,10,4,400,0.8875,0.025,10,2231010291,17000,6688,6465,6298,5.257221617,v2_avx512bw_vec32_exact_perm,77-34-56-26-20-51-87-54-40-43-6-92-65-100-98-90-35-11-83-24-27-36-67-12-62-15-81-14-72-52-25-21-38-96-60-47-37-1-70-78-61-22-31-74-42-95-48-10-64-2-46-91-97-18-68-7-5-4-16-17-89-23-75-28-76-49-99-57-32-44-8-86-85-69-88-9-3-33-73-94-13-71-50-45-30-63-39-79-84-41-82-29-58-66-19-93-80-53-55-59
Ta100x20,10,4,400,0.8875,0.05,1,2231001210,17000,6697,6465,6298,5.52068609,v2_avx512bw_vec32_exact_perm,77-40-56-67-100-65-87-46-90-34-1-48-92-47-54-96-81-51-35-52-24-26-6-98-70-15-21-20-74-84-27-12-60-43-72-31-37-38-42-68-14-62-10-7-25-36-11-4-22-23-83-95-75-5-97-3-76-16-2-9-57-61-78-71-63-88-86-18-32-49-39-91-17-89-33-73-79-85-28-99-94-64-44-45-13-41-30-50-80-8-19-58-69-82-29-53-66-93-55-59
Ta100x20,10,4,400,0.8875,0.05,2,2231002219,17000,6707,6465,6298,5.878858661,v2_avx512bw_vec32_exact_perm,77-34-43-56-100-40-11-51-26-81-98-20-92-15-83-87-1-54-18-75-99-60-3-52-74-14-36-48-12-90-46-6-64-70-96-65-35-67-38-72-10-22-37-27-62-82-23-68-5-21-25-47-24-89-78-95-32-86-31-7-4-16-91-42-73-97-45-17-76-85-57-63-39-13-88-8-9-71-30-50-94-44-84-41-2-49-61-28-33-69-79-19-29-80-55-66-53-58-93-59
Ta100x20,10,4,400,0.8875,0.05,3,2231003228,17000,6669,6465,6298,5.506861757,v2_avx512bw_vec32_exact_perm,77-34-56-40-83-15-17-26-54-51-87-100-90-11-70-20-1-27-6-52-37-60-10-35-97-23-46-92-47-38-24-25-21-78-96-74-98-64-12-72-68-65-2-67-14-43-36-31-88-62-32-81-18-22-95-75-99-89-33-71-85-30-57-39-45-42-4-16-3-94-76-73-86-19-63-5-13-8-69-7-84-41-91-9-44-80-61-49-50-82-28-48-29-93-53-79-55-59-66-58
Ta100x20,10,4,400,0.8875,0.05,4,2231004237,17000,6718,6465,6298,5.476092909,v2_avx512bw_vec32_exact_perm,77-34-56-15-40-87-52-11-43-100-26-6-38-83-65-54-27-96-90-47-51-12-37-24-60-20-92-5-62-64-48-67-84-14-18-31-81-35-21-88-57-46-70-86-72-74-75-23-98-97-95-76-22-25-68-1-10-2-32-78-4-3-28-73-94-41-36-61-44-13-42-89-45-39-82-9-7-16-8-85-69-99-33-50-30-71-79-91-49-63-17-29-58-93-19-66-53-80-55-59
Ta100x20,10,4,400,0.8875,0.05,5,2231005246,17000,6705,6465,6298,5.084101562,v2_avx512bw_vec32_exact_perm,77-34-56-51-81-40-26-27-83-96-87-65-20-1-92-24-90-11-21-60-54-6-38-67-12-47-70-98-29-100-35-14-48-62-52-43-15-22-18-36-23-72-74-64-88-86-75-31-25-37-78-84-7-16-5-42-68-13-97-99-95-4-73-45-91-10-50-39-9-89-46-2-61-28-32-94-63-69-8-57-49-44-17-76-79-41-85-3-93-30-71-33-58-19-66-82-80-53-55-59
Ta100x20,10,4,400,0.8875,0.05,6,2231006255,17000,6676,6465,6298,5.653905764,v2_avx512bw_vec32_exact_perm,77-34-56-87-11-40-100-15-51-20-24-92-83-81-43-26-54-31-74-25-90-1-65-48-62-6-70-47-12-27-60-10-33-22-67-21-46-37-88-52-94-72-7-35-18-2-5-91-75-86-78-84-38-98-97-68-96-36-3-73-23-95-14-63-42-39-16-4-28-89-76-17-69-32-64-44-85-45-71-61-41-9-13-30-99-8-50-29-49-79-93-58-19-57-82-80-53-55-59-66
Ta100x20,10,4,400,0.8875,0.05,7,2231007264,17000,6688,6465,6298,5.931915224,v2_avx512bw_vec32_exact_perm,77-34-56-87-51-81-11-90-40-1-26-92-21-67-52-24-54-62-3-27-15-6-46-60-70-83-74-38-14-36-22-100-72-47-10-35-25-43-48-2-98-96-68-37-64-31-95-12-65-32-4-99-42-97-88-69-16-18-94-23-5-89-91-44-57-73-20-76-33-9-75-30-45-49-63-39-17-50-71-13-86-78-85-7-61-84-8-28-41-82-93-79-29-58-19-53-80-55-66-59
Ta100x20,10,4,400,0.8875,0.05,8,2231008273,17000,6688,6465,6298,6.02581621,v2_avx512bw_vec32_exact_perm,77-56-26-51-87-11-6-65-24-92-90-60-15-21-98-40-43-18-83-34-35-7-1-25-38-74-27-47-14-48-72-54-10-70-31-20-67-36-52-61-96-12-64-78-22-37-75-95-46-2-84-33-88-97-23-63-17-4-62-100-42-13-5-16-9-41-94-3-28-71-57-76-91-44-85-45-86-99-69-79-49-8-68-89-81-30-73-39-50-82-32-29-58-66-19-93-80-53-55-59
Ta100x20,10,4,400,0.8875,0.05,9,2231009282,17000,6703,6465,6298,5.625250662,v2_avx512bw_vec32_exact_perm,77-34-56-43-11-100-46-54-40-21-92-60-83-24-51-48-26-38-70-15-47-20-90-35-37-96-16-75-27-62-18-74-87-98-52-5-6-67-1-23-59-12-22-65-86-81-95-31-14-88-78-64-72-4-32-33-25-10-68-57-17-3-97-42-85-13-99-76-71-2-39-73-44-89-36-69-45-49-91-50-9-94-61-28-8-7-30-84-79-82-41-63-29-93-58-19-66-55-53-80
Ta100x20,10,4,400,0.8875,0.05,10,2231010291,17000,6688,6465,6298,6.346630016,v2_avx512bw_vec32_exact_perm,77-34-56-40-26-65-11-90-83-6-24-64-60-87-96-92-51-43-1-67-20-74-52-38-15-48-21-17-72-35-70-18-54-47-2-98-22-95-14-46-16-97-88-81-23-100-37-10-25-75-27-76-36-86-99-7-73-31-33-3-4-42-94-78-68-62-12-71-32-13-5-45-57-85-9-44-89-69-50-84-30-39-63-41-91-82-8-28-61-49-79-29-58-66-19-93-80-53-55-59
Ta100x20,10,4,400,0.8875,0.075,1,2231001210,17000,6688,6465,6298,5.267062492,v2_avx512bw_vec32_exact_perm,77-34-40-56-26-62-20-54-100-87-83-51-43-15-81-24-52-60-6-47-88-35-1-48-11-10-46-98-70-21-96-72-23-57-67-64-74-37-90-2-36-78-84-25-92-65-14-95-18-12-16-68-27-71-38-5-13-22-97-4-75-7-42-94-73-31-45-32-33-61-9-86-50-39-63-17-89-28-76-30-99-85-8-3-41-69-79-91-49-82-44-29-58-66-19-93-80-53-55-59
Ta100x20,10,4,400,0.8875,0.075,2,2231002219,17000,6688,6465,6298,5.582125835,v2_avx512bw_vec32_exact_perm,77-34-56-40-100-26-54-83-11-81-65-51-18-87-20-43-6-92-47-60-24-1-37-95-80-62-25-74-14-35-16-31-67-38-98-61-96-90-70-21-48-52-73-46-84-10-72-88-12-42-64-27-15-4-78-7-23-2-99-97-71-22-76-75-5-36-68-49-94-33-86-91-57-63-3-32-9-85-82-45-30-89-39-17-41-44-50-13-8-69-28-79-58-19-29-53-66-93-55-59
Ta100x20,10,4,400,0.8875,0.075,3,2231003228,17000,6688,6465,6298,5.068878873,v2_avx512bw_vec32_exact_perm,77-34-40-56-90-11-26-20-100-83-54-1-81-60-46-62-88-87-24-92-21-35-38-14-47-48-12-67-18-72-64-43-98-51-16-23-74-15-70-78-27-65-52-10-96-7-6-85-37-75-84-36-42-17-97-31-2-25-95-22-89-86-41-13-76-44-73-8-57-94-39-61-79-19-32-28-4-68-5-9-71-49-63-91-33-29-69-58-45-30-99-3-82-66-50-93-80-53-55-59
Ta100x20,10,4,400,0.8875,0.075,4,2231004237,17000,6732,6465,6298,5.015012415,v2_avx512bw_vec32_exact_perm,77-34-40-56-26-81-87-11-24-54-51-60-43-1-48-52-6-92-46-38-67-62-83-12-100-27-21-95-36-90-14-35-47-10-76-37-18-74-65-22-96-20-72-31-64-16-70-97-91-94-82-7-2-15-42-75-5-57-98-69-4-3-28-25-23-44-78-89-68-13-86-33-88-73-71-99-45-9-32-30-39-8-41-93-29-61-50-17-49-79-85-63-66-84-58-19-55-53-80-59
Ta100x20,10,4,400,0.8875,0.075,5,2231005246,17000,6688,6465,6298,5.618609232,v2_avx512bw_vec32_exact_perm,77-34-38-90-20-43-56-83-40-92-15-51-11-6-60-52-87-67-100-18-1-48-26-99-70-88-85-12-22-36-72-14-62-21-74-54-96-75-84-27-81-47-25-71-23-78-65-2-86-10-35-49-68-46-32-9-31-94-64-98-7-16-37-24-39-91-42-33-97-95-76-73-89-61-3-5-17-63-44-45-69-13-4-28-50-57-8-82-93-41-79-29-19-30-58-53-80-55-66-59
Ta100x20,10,4,400,0.8875,0.075,6,2231006255,17000,6707,6465,6298,5.108626178,v2_avx512bw_vec32_exact_perm,77-34-56-90-81-40-26-83-51-100-43-98-47-10-24-60-11-70-54-92-72-46-12-87-35-62-27-20-95-1-5-52-14-15-96-67-21-6-37-57-2-74-23-38-36-22-64-18-48-78-4-84-7-68-31-25-39-75-49-65-88-3-28-42-16-71-13-44-76-89-85-91-61-19-79-73-17-97-41-9-94-69-45-33-29-99-50-86-32-8-63-66-82-58-93-30-53-80-55-59
Ta100x20,10,4,400,0.8875,0.075,7,2231007264,17000,6688,6465,6298,5.03126612,v2_avx512bw_vec32_exact_perm,77-34-56-100-51-83-52-6-40-11-81-62-60-24-27-47-70-87-16-26-67-20-98-12-25-35-15-43-46-54-96-21-10-72-17-76-37-92-22-48-74-1-65-95-31-38-57-64-18-36-14-78-97-75-42-90-33-2-32-4-68-3-88-89-5-23-94-73-86-61-7-9-13-30-99-71-63-39-50-49-45-44-85-84-8-41-69-91-28-79-82-29-58-66-19-93-80-53-55-59
Ta100x20,10,4,400,0.8875,0.075,8,2231008273,17000,6689,6465,6298,5.100353794,v2_avx512bw_vec32_exact_perm,77-34-56-51-100-40-64-72-83-90-11-92-24-54-1-20-6-18-60-36-52-43-96-26-98-2-62-46-15-74-21-47-84-67-10-27-48-12-87-70-22-7-25-65-37-31-85-95-35-32-17-50-57-14-33-99-75-76-89-86-16-4-97-63-23-5-78-38-13-88-39-94-69-81-30-71-9-8-44-3-42-45-73-28-68-49-41-82-79-91-29-93-58-19-53-61-80-55-66-59
Ta100x20,10,4,400,0.8875,0.075,9,2231009282,17000,6717,6465,6298,5.069688599,v2_avx512bw_vec32_exact_perm,77-34-56-11-90-26-40-87-52-100-6-83-24-51-20-62-74-92-43-38-37-65-15-60-80-67-1-96-18-36-13-14-64-78-22-54-48-70-12-21-46-31-72-75-84-91-10-35-3-99-68-81-27-23-57-5-97-16-98-2-39-88-25-95-4-42-86-41-76-28-9-85-82-32-7-89-61-33-44-94-71-45-30-17-69-63-47-79-8-49-50-93-19-29-66-58-55-73-53-59
Ta100x20,10,4,400,0.8875,0.075,10,2231010291,17000,6705,6465,6298,5.228230964,v2_avx512bw_vec32_exact_perm,77-34-100-56-11-67-40-83-51-54-87-98-92-62-12-90-43-6-22-65-35-88-27-2-42-26-24-15-20-72-21-25-70-36-10-74-64-52-1-96-99-37-48-18-78-75-47-7-38-5-4-84-50-97-57-14-89-63-33-32-23-71-59-31-60-9-39-30-68-46-45-17-81-13-79-49-95-73-85-8-76-94-41-3-86-82-69-91-44-58-16-28-61-29-19-93-55-53-66-80
Ta100x20,10,4,400,0.8875,0.1,1,2231001210,17000,6732,6465,6298,5.17401114,v2_avx512bw_vec32_exact_perm,77-34-100-56-11-20-87-43-54-90-40-83-51-1-72-24-98-15-81-46-92-70-26-38-60-47-21-14-67-64-37-78-30-35-5-2-96-74-6-75-31-42-23-48-86-12-84-52-10-27-36-18-73-62-33-89-9-4-22-76-16-65-17-32-95-68-99-71-61-39-85-7-88-69-3-19-13-63-29-25-28-93-94-45-8-57-97-79-91-44-50-49-41-82-58-53-55-66-80-59
Ta100x20,10,4,400,0.8875,0.1,2,2231002219,17000,6688,6465,6298,5.21762378,v2_avx512bw_vec32_exact_perm,77-34-56-40-100-26-87-43-51-54-11-81-38-96-60-20-24-92-1-6-83-15-90-74-70-98-67-35-72-12-62-10-47-88-86-64-27-2-52-21-46-37-25-89-7-97-23-75-33-28-5-42-95-78-65-14-3-99-31-32-48-4-68-16-76-22-57-18-85-17-84-39-73-9-69-94-71-13-45-36-61-63-50-30-82-8-49-41-91-80-44-79-29-58-66-19-93-55-53-59
Ta100x20,10,4,400,0.8875,0.1,3,2231003228,17000,6679,6465,6298,5.121684224,v2_avx512bw_vec32_exact_perm,77-34-40-92-56-51-100-42-11-43-1-6-60-83-87-26-70-62-54-4-90-46-15-96-35-12-23-67-20-37-98-27-21-52-72-24-10-88-22-64-84-50-48-74-36-68-18-14-39-47-25-7-65-95-89-38-91-31-16-81-57-76-3-9-75-2-69-97-78-32-45-82-28-86-71-99-33-73-5-61-80-44-94-8-49-29-63-13-41-30-17-85-19-93-59-79-66-53-55-58
Ta100x20,10,4,400,0.8875,0.1,4,2231004237,17000,6686,6465,6298,5.36789256,v2_avx512bw_vec32_exact_perm,77-34-56-90-81-40-11-54-26-60-24-87-51-92-83-52-47-67-1-20-74-38-99-70-37-4-96-100-62-80-27-30-43-95-6-98-65-64-94-73-15-12-48-14-88-97-72-75-68-10-25-78-36-18-23-61-21-84-28-22-71-76-2-46-3-57-13-42-69-35-45-31-33-50-39-8-7-89-19-86-44-17-85-63-16-9-49-32-5-41-79-91-82-29-66-58-93-55-59-53
Ta100x20,10,4,400,0.8875,0.1,5,2231005246,17000,6704,6465,6298,5.272080028,v2_avx512bw_vec32_exact_perm,77-34-40-56-100-38-67-11-78-87-59-15-74-83-98-6-51-54-48-52-96-64-24-36-47-12-90-26-20-43-2-35-37-62-27-95-1-65-60-84-88-42-99-4-23-18-69-17-75-10-73-92-5-76-25-71-31-21-70-57-97-94-86-46-68-72-44-22-3-39-14-41-82-89-85-9-16-13-32-45-61-19-50-33-7-63-91-30-8-93-81-49-79-58-29-66-28-55-53-80
Ta100x20,10,4,400,0.8875,0.1,6,2231006255,17000,6732,6465,6298,5.076559372,v2_avx512bw_vec32_exact_perm,77-34-56-26-24-20-11-51-90-67-40-15-62-54-72-52-100-6-98-36-27-65-22-60-12-17-92-10-1-87-68-48-57-47-14-42-21-25-35-43-95-46-45-83-2-74-88-37-23-70-64-5-4-96-75-32-7-97-86-13-89-33-84-31-81-9-38-71-39-28-44-50-61-30-91-3-41-99-94-63-18-76-69-79-85-49-8-16-82-73-78-19-29-58-93-55-53-66-80-59
Ta100x20,10,4,400,0.8875,0.1,7,2231007264,17000,6694,6465,6298,4.892813942,v2_avx512bw_vec32_exact_perm,77-34-26-56-98-65-54-11-51-6-83-87-62-43-96-74-100-60-40-47-14-38-90-15-12-35-64-46-16-67-20-84-23-27-36-72-22-37-92-78-48-75-70-10-97-52-1-25-95-88-33-91-73-4-2-81-8-5-31-42-21-61-28-57-94-24-39-18-71-63-79-13-50-17-89-76-9-32-30-7-44-3-68-49-69-99-45-82-19-86-41-85-93-58-29-53-80-55-66-59
Ta100x20,10,4,400,0.8875,0.1,8,2231008273,17000,6745,6465,6298,5.270926085,v2_avx512bw_vec32_exact_perm,77-34-56-26-11-100-43-83-90-92-24-40-51-1-6-54-81-22-35-12-96-47-78-62-60-97-98-17-64-27-15-25-70-75-21-88-31-57-14-20-72-23-3-37-76-7-18-67-65-2-74-87-10-86-5-46-44-48-32-16-52-36-42-28-95-94-63-13-73-33-4-69-89-99-68-61-85-71-41-84-82-45-50-49-91-9-79-30-39-8-93-38-29-80-55-58-53-66-19-59
Ta100x20,10,4,400,0.8875,0.1,9,2231009282,17000,6695,6465,6298,5.188982115,v2_avx512bw_vec32_exact_perm,77-11-56-90-40-20-65-34-83-6-15-54-24-60-43-62-26-87-51-1-74-38-48-81-100-67-91-52-72-96-70-47-92-22-14-35-18-46-3-36-64-25-10-27-95-12-31-98-71-21-99-76-37-88-33-16-7-97-78-23-30-68-42-2-57-39-94-69-32-86-89-75-9-63-84-5-4-44-73-13-19-41-50-8-17-49-85-45-61-80-82-28-79-29-93-55-59-53-66-58
Ta100x20,10,4,400,0.8875,0.1,10,2231010291,17000,6694,6465,6298,5.207813301,v2_avx512bw_vec32_exact_perm,77-34-56-51-46-100-26-11-87-6-40-83-24-92-90-60-20-12-48-68-43-15-67-38-65-96-54-37-25-64-74-52-72-10-47-21-27-78-35-18-22-62-98-70-1-75-7-36-42-14-76-4-23-86-88-57-73-95-94-16-81-5-9-82-63-71-2-3-85-97-31-39-84-32-33-91-41-44-50-89-13-49-61-30-99-8-17-28-69-29-79-45-93-58-19-55-53-80-66-59
Ta100x20,10,4,400,0.8875,0.125,1,2231001210,17000,6707,6465,6298,4.893596054,v2_avx512bw_vec32_exact_perm,77-56-26-40-34-87-11-54-38-60-100-43-6-24-36-51-20-15-90-83-70-92-72-65-35-88-37-98-96-74-27-12-75-64-23-1-67-62-47-22-5-17-25-10-52-95-21-97-48-46-86-14-61-2-28-81-78-33-7-68-18-31-32-91-63-3-71-4-85-42-9-89-94-57-73-16-69-50-45-82-39-76-84-99-30-41-44-8-13-29-79-49-66-58-19-93-53-80-55-59
Ta100x20,10,4,400,0.8875,0.125,2,2231002219,17000,6745,6465,6298,5.121275048,v2_avx512bw_vec32_exact_perm,77-34-20-64-40-15-56-11-51-92-90-24-46-43-6-98-72-83-62-70-60-1-47-22-26-100-81-27-37-74-96-88-14-5-87-21-23-35-65-25-48-68-10-2-18-12-52-42-4-99-78-36-3-97-75-32-39-17-54-38-67-95-16-69-71-73-31-33-85-9-57-30-44-94-91-50-76-41-86-7-49-63-45-89-61-28-82-13-84-80-79-58-55-53-29-93-66-8-19-59
Ta100x20,10,4,400,0.8875,0.125,3,2231003228,17000,6732,6465,6298,5.059293892,v2_avx512bw_vec32_exact_perm,77-56-11-26-90-6-48-87-65-34-98-52-51-81-92-100-40-1-83-62-64-15-60-14-12-54-74-57-37-23-5-27-46-35-17-78-38-70-7-18-67-96-21-47-3-88-86-43-45-2-72-25-61-36-20-95-32-31-82-24-75-89-68-76-71-10-42-91-22-44-97-39-13-69-79-63-16-4-30-84-85-99-9-33-49-50-8-28-94-93-41-19-29-58-55-73-53-66-80-59
Ta100x20,10,4,400,0.8875,0.125,4,2231004237,17000,6732,6465,6298,5.188805344,v2_avx512bw_vec32_exact_perm,77-34-56-40-81-100-11-90-83-20-26-43-47-37-27-52-92-62-67-96-24-70-51-60-6-18-21-87-1-54-3-36-64-35-30-94-22-72-46-25-98-14-74-7-31-44-42-4-88-95-2-97-48-23-75-65-5-68-32-10-12-78-73-15-17-85-57-38-39-16-28-76-86-33-71-91-8-89-63-13-49-45-69-50-9-84-61-99-41-58-82-79-19-29-93-66-55-53-80-59
Ta100x20,10,4,400,0.8875,0.125,5,2231005246,17000,6694,6465,6298,5.207397081,v2_avx512bw_vec32_exact_perm,77-34-100-81-40-38-11-56-54-43-2-51-26-46-6-87-83-24-52-92-65-90-78-12-37-74-25-22-68-60-67-15-47-1-48-21-5-64-23-35-14-72-96-84-10-88-95-86-42-4-18-31-70-36-62-27-94-20-57-61-73-39-97-44-98-32-13-71-45-89-17-7-3-9-76-28-50-16-75-41-8-91-69-99-33-49-30-79-82-85-29-19-63-58-93-53-55-80-66-59
Ta100x20,10,4,400,0.8875,0.125,6,2231006255,17000,6732,6465,6298,4.928998574,v2_avx512bw_vec32_exact_perm,77-34-56-20-11-100-15-6-54-43-72-92-87-1-98-83-35-51-70-3-37-65-25-60-62-18-40-52-67-81-96-14-84-46-90-78-74-21-48-10-26-71-75-27-38-36-47-4-97-2-73-33-24-23-76-22-13-89-12-95-57-99-16-86-85-28-39-5-44-91-82-68-88-32-31-42-49-64-17-50-45-94-8-30-63-41-9-7-69-79-61-58-29-19-66-55-93-53-80-59
Ta100x20,10,4,400,0.8875,0.125,7,2231007264,17000,6696,6465,6298,5.06229274,v2_avx512bw_vec32_exact_perm,77-34-40-24-11-43-15-100-98-51-74-20-56-18-83-54-64-36-87-26-45-90-52-6-1-12-96-27-38-46-23-62-35-72-92-10-91-88-75-22-95-14-2-7-3-67-21-60-89-99-70-65-78-81-58-13-37-86-47-31-16-25-39-68-73-33-48-76-71-42-57-82-32-4-41-69-93-94-5-28-97-84-44-50-61-30-63-8-9-79-80-19-85-49-17-29-55-53-66-59
Ta100x20,10,4,400,0.8875,0.125,8,2231008273,17000,6732,6465,6298,5.059043097,v2_avx512bw_vec32_exact_perm,77-34-56-11-51-40-90-43-26-87-20-100-83-60-70-67-47-74-54-35-6-36-62-78-81-38-21-92-52-96-12-24-37-14-1-32-99-3-10-68-65-46-48-42-25-64-72-23-97-76-27-22-88-75-16-18-4-98-57-15-94-13-5-95-63-33-71-31-84-45-82-85-39-30-17-89-7-73-79-69-61-2-86-9-49-50-41-91-44-8-28-93-29-66-55-58-19-53-80-59
Ta100x20,10,4,400,0.8875,0.125,9,2231009282,17000,6696,6465,6298,4.876718427,v2_avx512bw_vec32_exact_perm,77-34-56-51-87-90-26-40-83-100-81-12-24-43-60-37-65-54-1-46-62-22-27-67-35-92-20-38-47-74-14-6-70-31-78-52-84-88-39-96-75-64-68-11-48-18-30-15-98-36-2-97-42-72-33-21-10-41-76-23-89-3-25-44-49-73-94-57-4-80-17-86-95-9-16-7-13-99-61-45-82-79-63-29-5-69-85-28-91-71-50-32-53-19-93-55-8-59-66-58
Ta100x20,10,4,400,0.8875,0.125,10,2231010291,17000,6707,6465,6298,5.000731765,v2_avx512bw_vec32_exact_perm,77-34-56-51-54-15-90-100-64-46-40-70-20-27-83-43-11-78-67-87-6-10-52-37-3-24-47-14-74-88-65-38-12-22-26-16-21-96-35-1-68-72-62-25-48-92-4-81-31-76-5-23-42-60-18-36-33-89-28-82-95-75-71-85-44-99-97-94-73-39-98-57-63-45-9-13-84-17-49-8-50-69-61-7-86-32-91-41-2-58-30-79-29-93-66-19-53-80-55-59
Ta100x20,10,4,400,0.925,0.025,1,2231001210,17000,6732,6465,6298,6.388643925,v2_avx512bw_vec32_exact_perm,77-34-56-51-38-40-83-62-11-6-90-100-15-81-24-1-18-43-35-20-47-67-65-87-64-60-54-2-52-27-92-5-72-26-37-25-68-96-21-74-94-78-70-48-22-31-46-95-57-36-14-12-16-42-17-32-7-10-86-4-63-97-33-76-39-61-73-75-71-88-44-45-23-85-91-9-89-49-30-13-84-99-50-98-28-19-82-66-8-41-69-79-29-3-58-93-55-53-80-59
Ta100x20,10,4,400,0.925,0.025,2,2231002219,17000,6732,6465,6298,5.281513076,v2_avx512bw_vec32_exact_perm,77-56-43-15-51-83-20-34-100-24-98-87-35-38-54-90-11-52-21-37-27-1-92-6-14-72-81-40-12-26-70-65-60-67-3-36-78-74-47-18-48-62-22-46-96-23-10-68-73-42-84-95-64-30-25-88-97-85-71-7-75-2-5-76-49-39-4-63-33-17-32-31-86-94-89-16-45-57-9-69-28-13-8-61-50-91-19-82-41-99-58-44-79-29-93-66-55-53-80-59
Ta100x20,10,4,400,0.925,0.025,3,2231003228,17000,6688,6465,6298,5.251221812,v2_avx512bw_vec32_exact_perm,77-81-40-20-56-51-24-6-54-38-90-43-11-1-83-60-52-37-100-62-34-18-92-65-46-27-31-15-87-95-98-14-48-72-74-68-2-12-10-67-96-22-70-35-47-25-78-64-21-36-88-42-26-97-23-32-3-44-4-86-75-7-85-33-94-28-57-9-76-71-89-13-39-99-5-49-17-63-45-50-30-61-84-8-41-16-73-93-91-79-29-58-19-69-82-80-55-53-66-59
Ta100x20,10,4,400,0.925,0.025,4,2231004237,17000,6688,6465,6298,5.242474845,v2_avx512bw_vec32_exact_perm,77-34-56-100-83-51-40-64-11-6-67-24-43-98-92-65-90-20-54-60-72-1-46-62-95-52-37-15-18-23-31-70-27-12-26-87-35-36-21-96-78-38-47-10-14-16-42-50-22-74-97-76-3-86-32-41-7-17-68-48-5-89-88-99-75-91-84-25-30-44-69-94-4-81-2-73-57-39-61-71-8-9-63-33-85-49-45-13-28-82-79-29-58-66-19-93-80-53-55-59
Ta100x20,10,4,400,0.925,0.025,5,2231005246,17000,6703,6465,6298,5.366085052,v2_avx512bw_vec32_exact_perm,77-34-56-100-6-20-11-65-92-40-51-83-43-60-18-24-62-26-88-54-2-37-4-67-1-52-90-36-72-27-12-87-74-21-70-35-45-31-47-10-22-96-14-68-16-81-46-25-48-23-84-7-42-64-73-98-71-95-5-78-69-75-9-99-89-15-86-41-3-17-50-91-33-57-44-63-32-39-8-97-13-30-61-94-82-28-85-59-76-49-79-19-29-58-38-66-93-53-55-80
Ta100x20,10,4,400,0.925,0.025,6,2231006255,17000,6688,6465,6298,5.202788555,v2_avx512bw_vec32_exact_perm,77-34-56-92-20-90-11-87-24-51-43-26-60-83-21-100-54-47-1-15-62-65-67-6-52-70-72-74-31-64-40-22-75-46-14-38-42-25-7-27-35-12-23-5-37-98-16-96-18-71-36-48-3-10-68-88-73-81-78-95-50-2-99-91-33-97-57-89-76-4-17-32-69-86-85-9-94-49-63-45-8-13-28-30-61-84-44-39-79-41-82-29-58-66-19-93-80-53-55-59
Ta100x20,10,4,400,0.925,0.025,7,2231007264,17000,6672,6465,6298,5.053597972,v2_avx512bw_vec32_exact_perm,77-34-56-100-83-92-51-81-40-38-90-24-60-74-43-11-47-78-6-67-70-87-37-54-10-52-62-1-26-22-25-95-18-48-96-12-27-15-35-84-65-36-20-39-97-23-31-64-46-75-4-32-2-42-98-72-86-85-14-88-5-7-89-68-21-94-57-61-17-63-44-71-13-99-16-91-49-28-76-45-19-8-9-69-33-82-3-73-41-50-80-59-79-29-30-66-93-53-55-58
Ta100x20,10,4,400,0.925,0.025,8,2231008273,17000,6703,6465,6298,5.193590621,v2_avx512bw_vec32_exact_perm,77-34-56-26-64-15-20-83-40-1-62-90-100-11-24-35-60-51-54-6-86-46-87-38-48-74-78-37-23-21-70-33-47-88-27-80-12-96-10-94-52-67-22-43-14-65-81-72-75-68-92-36-18-76-98-31-97-4-73-2-25-61-71-57-5-16-3-99-85-42-7-9-89-45-44-39-95-32-30-13-50-63-84-41-69-82-49-28-17-93-8-91-79-29-58-66-19-53-55-59
Ta100x20,10,4,400,0.925,0.025,9,2231009282,17000,6703,6465,6298,5.072686262,v2_avx512bw_vec32_exact_perm,77-34-56-51-26-40-81-43-100-90-83-11-62-6-54-15-1-24-23-60-98-12-65-18-52-74-10-37-27-35-47-25-22-95-33-20-36-92-87-96-97-21-70-38-78-31-67-68-72-76-69-42-5-84-48-88-14-64-46-99-39-75-3-61-13-2-57-71-16-32-86-4-80-73-89-9-17-50-45-44-94-85-7-91-63-49-30-8-93-28-41-79-82-29-58-66-19-53-55-59
Ta100x20,10,4,400,0.925,0.025,10,2231010291,17000,6688,6465,6298,6.181346994,v2_avx512bw_vec32_exact_perm,77-34-40-51-65-90-100-15-56-11-54-87-83-21-92-81-1-14-24-52-22-96-20-6-12-62-98-27-43-23-64-74-31-99-70-67-26-60-4-46-72-76-25-37-17-35-41-10-5-78-48-42-68-18-2-63-36-95-86-47-84-88-39-57-71-16-3-75-30-44-97-13-94-45-38-85-7-73-9-89-19-50-8-32-33-49-69-61-28-91-82-79-29-58-93-80-55-53-66-59
Ta100x20,10,4,400,0.925,0.05,1,2231001210,17000,6688,6465,6298,5.185073648,v2_avx512bw_vec32_exact_perm,77-34-56-43-36-40-98-11-21-92-83-62-26-51-6-1-81-24-22-54-96-35-64-100-15-12-87-14-20-60-90-27-52-72-76-65-10-23-46-47-84-74-75-88-70-67-5-16-48-94-68-37-18-97-42-3-7-30-38-4-31-95-89-73-78-32-2-33-57-61-17-86-69-71-85-28-44-39-63-50-25-9-8-99-45-41-91-13-82-79-49-29-58-66-19-93-80-53-55-59
Ta100x20,10,4,400,0.925,0.05,2,2231002219,17000,6704,6465,6298,5.292801338,v2_avx512bw_vec32_exact_perm,77-34-56-92-40-83-43-64-60-54-11-24-26-100-20-87-37-90-18-1-70-36-6-72-31-52-22-51-78-25-10-65-81-35-38-48-47-14-12-21-27-74-67-46-88-23-3-98-62-15-68-73-96-95-99-42-86-91-39-76-32-5-75-94-89-57-13-85-45-4-9-84-33-2-63-97-44-82-79-16-49-41-30-61-50-29-71-58-17-66-93-7-8-19-69-80-28-53-55-59
Ta100x20,10,4,400,0.925,0.05,3,2231003228,17000,6732,6465,6298,5.247674225,v2_avx512bw_vec32_exact_perm,77-34-81-54-100-51-40-83-87-56-26-70-60-6-64-11-46-37-96-35-12-72-67-90-65-20-47-74-21-24-14-98-38-92-15-16-27-22-99-39-10-1-2-31-44-18-42-43-36-52-75-89-4-13-25-73-7-97-17-33-71-48-23-62-5-78-85-76-57-3-86-32-50-95-68-45-69-88-94-63-49-8-9-28-30-91-93-61-79-84-41-82-58-29-19-66-55-53-80-59
Ta100x20,10,4,400,0.925,0.05,4,2231004237,17000,6705,6465,6298,5.372868986,v2_avx512bw_vec32_exact_perm,77-34-56-51-87-90-100-24-6-43-11-65-72-54-83-14-92-60-40-35-26-98-47-62-1-96-64-95-27-20-21-52-70-38-25-46-74-18-13-12-88-67-97-84-75-15-57-48-23-69-36-32-3-73-76-10-2-31-61-86-45-89-28-5-78-22-94-63-42-68-81-16-4-9-91-50-37-49-33-39-85-71-44-99-41-17-7-79-8-93-30-29-58-19-66-82-80-53-55-59
Ta100x20,10,4,400,0.925,0.05,5,2231005246,17000,6703,6465,6298,6.303729563,v2_avx512bw_vec32_exact_perm,81-77-40-51-24-6-56-90-83-1-34-52-87-92-21-100-26-60-54-35-11-15-47-18-38-62-67-12-70-10-43-64-23-36-96-74-27-46-98-14-16-48-78-37-5-22-99-20-65-72-88-75-25-82-91-7-3-97-68-89-86-28-32-39-85-2-42-13-31-71-9-73-69-4-57-95-84-44-30-76-94-79-33-61-49-45-29-17-63-41-93-50-58-8-66-19-53-80-55-59
Ta100x20,10,4,400,0.925,0.05,6,2231006255,17000,6688,6465,6298,5.653374439,v2_avx512bw_vec32_exact_perm,77-34-56-26-90-6-11-40-87-60-83-20-92-47-100-70-54-67-96-81-35-24-52-62-51-14-43-31-15-65-98-25-95-1-12-72-42-38-21-23-68-22-78-37-4-18-64-74-97-88-45-48-32-27-5-84-75-86-46-73-36-2-76-89-13-10-41-94-17-9-16-7-99-8-30-71-57-85-44-63-69-33-61-28-82-3-49-91-79-50-39-58-19-29-93-80-55-53-66-59
Ta100x20,10,4,400,0.925,0.05,7,2231007264,17000,6688,6465,6298,5.317700323,v2_avx512bw_vec32_exact_perm,77-34-56-20-26-51-11-40-90-87-6-83-100-74-92-18-24-54-60-48-47-52-35-70-15-10-27-12-1-72-2-21-98-84-36-95-25-62-64-67-7-37-16-46-75-65-78-14-42-31-96-43-99-23-68-33-22-5-4-81-76-57-71-3-9-73-63-89-39-50-85-88-94-97-17-38-30-44-69-45-32-13-86-8-49-91-28-41-82-79-61-58-19-29-93-80-55-53-66-59
Ta100x20,10,4,400,0.925,0.05,8,2231008273,17000,6688,6465,6298,5.727752829,v2_avx512bw_vec32_exact_perm,77-34-56-100-11-90-40-15-20-38-96-43-26-51-24-6-83-81-46-54-92-22-37-23-35-12-74-70-98-60-1-87-47-67-7-18-16-52-78-65-76-25-10-62-86-48-36-27-75-3-31-13-32-72-64-14-95-91-71-57-63-88-21-45-99-84-61-2-50-42-4-28-17-89-68-69-97-8-9-33-39-5-82-44-30-41-79-73-94-58-49-85-19-29-93-53-80-55-66-59
Ta100x20,10,4,400,0.925,0.05,9,2231009282,17000,6688,6465,6298,5.796262547,v2_avx512bw_vec32_exact_perm,77-34-56-51-24-43-11-90-40-26-83-54-60-47-87-12-100-37-81-27-84-65-92-25-98-96-36-48-18-46-10-21-74-15-67-94-52-35-22-1-64-14-6-72-68-38-95-62-70-5-23-7-32-49-4-45-31-75-89-57-9-17-20-88-16-86-97-99-85-13-91-69-71-63-44-39-2-76-3-33-30-78-61-73-8-42-28-41-79-82-50-93-29-58-19-53-80-55-66-59
Ta100x20,10,4,400,0.925,0.05,10,2231010291,17000,6707,6465,6298,5.444997744,v2_avx512bw_vec32_exact_perm,77-56-26-81-11-51-88-20-90-24-15-40-100-12-60-83-54-16-65-22-92-62-47-34-52-14-98-25-38-6-10-35-87-46-27-21-4-18-37-43-95-84-2-70-31-48-67-78-1-68-72-64-74-73-96-5-42-36-61-17-44-75-76-94-39-97-63-45-86-85-71-7-89-28-32-91-57-99-69-23-13-33-50-8-9-3-93-49-58-41-79-29-30-66-19-82-53-80-55-59
Ta100x20,10,4,400,0.925,0.075,1,2231001210,17000,6694,6465,6298,5.043649987,v2_avx512bw_vec32_exact_perm,77-56-38-43-11-26-51-83-40-20-34-62-15-24-100-54-60-72-92-12-10-22-35-21-81-27-5-2-37-67-52-65-1-6-96-70-87-36-90-74-98-64-30-94-46-23-99-32-44-75-31-4-7-89-57-17-3-47-18-14-16-88-48-25-85-42-95-78-86-97-68-71-33-61-13-28-63-82-76-45-39-69-91-8-73-84-41-49-79-9-50-29-58-19-53-93-55-80-66-59
Ta100x20,10,4,400,0.925,0.075,2,2231002219,17000,6688,6465,6298,5.382825016,v2_avx512bw_vec32_exact_perm,77-34-40-56-26-12-51-90-20-81-27-11-54-24-92-1-60-21-83-87-65-74-98-43-70-2-10-100-96-64-31-62-15-37-6-52-46-22-47-95-68-48-30-88-84-67-18-75-35-25-14-36-76-32-57-97-3-78-42-63-39-99-13-4-23-86-16-85-50-89-72-33-69-71-44-38-9-7-41-94-5-8-17-73-91-49-61-79-82-28-45-29-58-66-19-93-80-53-55-59
Ta100x20,10,4,400,0.925,0.075,3,2231003228,17000,6688,6465,6298,5.748080317,v2_avx512bw_vec32_exact_perm,77-34-56-92-100-83-15-6-51-38-40-20-43-26-11-98-87-35-90-37-60-45-67-1-62-65-54-47-81-24-12-10-27-7-22-14-95-52-72-31-25-21-4-64-46-2-33-70-23-42-74-5-48-3-88-78-96-76-86-32-36-57-16-75-50-94-9-61-18-68-99-30-39-89-28-63-71-97-44-17-8-69-84-85-13-41-49-73-91-82-79-29-58-66-19-93-80-53-55-59
Ta100x20,10,4,400,0.925,0.075,4,2231004237,17000,6706,6465,6298,5.279167774,v2_avx512bw_vec32_exact_perm,77-56-26-87-83-100-11-40-60-64-62-1-6-34-24-70-74-46-54-15-51-52-90-48-47-67-35-81-20-10-12-88-22-78-65-92-14-43-84-27-31-38-2-18-98-36-42-57-45-72-4-95-75-97-37-32-96-16-21-86-69-7-23-25-59-13-61-9-94-68-82-28-89-30-85-44-5-71-79-3-17-63-49-91-33-99-50-8-73-41-39-76-93-29-58-19-66-55-53-80
Ta100x20,10,4,400,0.925,0.075,5,2231005246,17000,6732,6465,6298,5.280423037,v2_avx512bw_vec32_exact_perm,77-34-56-90-11-40-26-87-51-65-100-43-83-12-67-81-20-54-92-1-52-74-27-24-3-18-46-98-96-76-72-62-33-86-10-6-70-35-47-60-15-42-31-37-25-5-22-36-21-64-48-88-68-2-73-38-78-16-4-75-97-95-32-94-39-23-14-57-9-85-45-79-63-30-7-17-13-8-99-89-69-44-49-91-50-84-41-71-61-93-82-29-28-58-19-53-66-55-80-59
Ta100x20,10,4,400,0.925,0.075,6,2231006255,17000,6717,6465,6298,5.285857764,v2_avx512bw_vec32_exact_perm,77-56-34-40-43-11-92-26-38-51-90-12-83-6-15-67-27-87-54-24-81-72-20-37-47-52-86-95-78-14-48-84-2-70-60-74-10-96-21-25-64-46-36-18-35-65-22-5-98-32-100-68-50-31-23-3-62-88-61-71-39-42-7-97-57-76-16-94-75-4-17-73-85-28-9-89-63-33-45-99-69-91-1-44-29-93-13-79-30-8-41-19-82-49-66-55-53-80-58-59
Ta100x20,10,4,400,0.925,0.075,7,2231007264,17000,6732,6465,6298,5.299934108,v2_avx512bw_vec32_exact_perm,77-34-11-56-15-40-36-90-100-43-6-38-54-51-83-27-92-74-12-87-52-26-67-81-60-70-75-72-62-22-14-47-1-35-86-98-24-25-31-21-18-29-46-48-2-23-97-96-37-20-5-95-65-68-64-99-7-91-61-16-39-76-89-88-17-10-3-32-4-42-33-13-30-63-49-57-9-44-71-94-58-85-28-8-73-78-79-84-41-19-50-82-53-45-69-55-66-93-80-59
Ta100x20,10,4,400,0.925,0.075,8,2231008273,17000,6732,6465,6298,5.318678076,v2_avx512bw_vec32_exact_perm,77-34-56-40-92-20-90-12-38-51-11-43-26-54-100-60-83-81-74-24-65-70-37-1-87-6-22-64-31-62-67-72-98-2-52-15-46-35-75-88-86-14-4-47-71-97-21-84-96-10-63-69-39-23-27-68-42-48-5-76-3-13-33-36-25-45-99-78-32-57-18-16-61-94-9-95-50-30-82-79-91-73-8-7-41-44-49-89-28-17-85-29-55-93-58-66-19-53-80-59
Ta100x20,10,4,400,0.925,0.075,9,2231009282,17000,6693,6465,6298,5.618192755,v2_avx512bw_vec32_exact_perm,77-34-56-40-26-87-54-90-11-92-20-36-51-62-46-27-83-81-67-52-14-65-43-15-100-72-96-74-21-18-24-31-70-60-2-84-47-1-35-37-68-98-48-4-22-38-78-12-61-23-94-25-10-6-7-89-95-64-97-32-45-88-57-42-85-3-76-86-91-63-75-49-9-16-33-5-99-71-44-8-39-73-50-58-30-79-19-41-13-17-69-29-93-82-28-53-80-55-66-59
Ta100x20,10,4,400,0.925,0.075,10,2231010291,17000,6692,6465,6298,5.925248241,v2_avx512bw_vec32_exact_perm,77-34-56-1-100-26-40-20-11-83-6-51-98-54-24-92-43-62-31-87-23-72-35-18-27-64-84-90-65-22-46-15-95-38-14-70-78-60-10-52-37-81-5-21-25-2-48-67-91-47-32-12-36-42-74-73-68-97-75-94-7-86-88-3-71-16-39-96-57-61-99-4-13-41-89-30-63-76-9-33-28-69-45-79-82-49-44-17-8-50-85-29-58-66-19-53-80-55-59-93
Ta100x20,10,4,400,0.925,0.1,1,2231001210,17000,6732,6465,6298,5.36101746,v2_avx512bw_vec32_exact_perm,77-34-56-51-20-81-100-92-40-15-87-72-54-12-52-83-1-37-27-26-98-90-6-70-25-48-24-18-35-10-11-99-74-75-14-36-22-60-47-38-46-62-21-17-13-65-78-96-82-5-16-67-2-4-95-68-23-89-43-91-32-97-76-64-88-8-57-86-42-44-31-63-49-3-39-69-61-71-28-94-33-45-73-30-7-41-79-50-85-9-29-58-93-84-66-19-55-53-80-59
Ta100x20,10,4,400,0.925,0.1,2,2231002219,17000,6706,6465,6298,5.405606508,v2_avx512bw_vec32_exact_perm,77-34-56-100-87-26-98-15-83-51-60-92-99-11-1-40-24-52-54-6-81-37-10-70-35-18-90-12-95-14-96-42-31-47-67-25-48-16-43-20-27-2-4-57-64-7-65-74-21-72-22-76-46-75-71-3-62-23-88-97-13-78-28-33-50-38-36-86-68-9-17-39-32-45-91-89-69-94-49-44-63-5-73-8-30-61-41-82-80-79-19-29-85-93-84-53-66-59-55-58
Ta100x20,10,4,400,0.925,0.1,3,2231003228,17000,6732,6465,6298,5.504990129,v2_avx512bw_vec32_exact_perm,77-34-11-56-18-20-38-43-60-6-40-87-100-24-15-51-70-98-54-36-21-26-47-90-12-1-48-35-83-16-10-92-27-67-74-81-37-78-22-7-64-75-52-23-65-96-62-25-72-46-68-84-97-73-14-76-57-94-71-5-95-4-45-69-17-88-42-3-99-61-31-32-79-89-41-93-2-86-30-13-91-29-39-9-19-85-49-8-63-33-44-58-28-50-53-55-82-66-80-59
Ta100x20,10,4,400,0.925,0.1,4,2231004237,17000,6732,6465,6298,5.494732083,v2_avx512bw_vec32_exact_perm,77-56-40-90-6-34-24-54-100-83-52-11-92-12-46-62-75-38-27-26-48-96-18-14-81-42-70-51-60-21-98-1-35-20-31-47-15-22-74-16-67-88-65-37-2-97-43-63-64-7-23-72-68-3-25-36-84-94-41-76-89-95-61-86-5-44-30-78-32-9-79-87-28-45-39-13-8-57-71-4-82-50-73-85-91-10-49-29-93-99-33-69-66-17-58-19-55-53-80-59
Ta100x20,10,4,400,0.925,0.1,5,2231005246,17000,6702,6465,6298,5.628889203,v2_avx512bw_vec32_exact_perm,77-34-56-40-26-100-81-12-90-15-83-27-11-54-20-87-60-24-96-62-98-46-6-94-25-37-64-1-47-67-72-18-22-99-43-52-70-21-35-2-10-92-57-74-23-36-88-45-78-42-38-5-95-89-75-49-13-84-71-61-51-68-14-4-44-28-86-48-73-63-41-39-50-91-97-31-3-17-76-16-32-29-65-93-7-9-80-8-33-19-30-69-66-82-79-53-55-59-85-58
Ta100x20,10,4,400,0.925,0.1,6,2231006255,17000,6733,6465,6298,5.191936766,v2_avx512bw_vec32_exact_perm,77-56-51-6-90-40-83-26-38-11-24-20-34-70-87-54-92-100-43-62-10-98-27-14-47-52-32-42-60-74-2-81-7-12-16-65-31-1-21-35-15-4-25-37-57-18-95-91-96-48-86-36-17-75-13-46-88-22-3-67-68-39-71-5-76-64-9-33-72-23-73-78-79-84-89-63-97-82-93-45-99-30-8-41-50-58-44-69-61-94-28-29-49-85-66-19-55-53-80-59
Ta100x20,10,4,400,0.925,0.1,7,2231007264,17000,6732,6465,6298,5.411512036,v2_avx512bw_vec32_exact_perm,77-34-56-90-40-83-20-43-11-26-100-52-64-6-51-38-92-87-21-24-60-1-62-67-78-37-54-10-70-27-74-35-81-65-12-23-84-96-36-47-97-2-4-42-72-86-14-31-15-46-57-32-13-48-88-17-25-98-89-76-75-7-85-82-18-22-3-16-45-68-28-95-71-63-30-33-49-39-99-9-8-61-5-73-94-19-69-91-58-44-29-66-79-41-93-50-55-53-80-59
Ta100x20,10,4,400,0.925,0.1,8,2231008273,17000,6732,6465,6298,5.437649369,v2_avx512bw_vec32_exact_perm,77-34-15-43-56-26-51-11-20-83-60-12-81-100-72-40-65-98-92-54-16-67-6-46-90-52-64-87-74-1-27-70-22-96-35-42-37-10-2-99-24-31-21-47-5-68-48-25-91-86-23-75-62-14-88-4-95-38-82-78-97-45-76-73-36-13-57-7-84-69-71-32-94-9-18-8-63-17-41-30-85-89-44-61-28-39-29-79-50-49-33-58-66-19-3-93-55-53-80-59
Ta100x20,10,4,400,0.925,0.1,9,2231009282,17000,6732,6465,6298,5.359381342,v2_avx512bw_vec32_exact_perm,77-34-40-51-15-56-43-83-26-90-6-24-20-92-87-1-100-62-70-54-60-12-35-64-27-88-52-37-81-23-96-21-72-75-67-14-4-99-65-38-78-89-47-3-18-46-98-32-68-11-94-36-48-74-57-5-22-31-45-42-33-73-97-2-10-91-95-71-39-25-86-61-50-85-84-7-41-76-69-16-44-17-79-13-8-29-58-30-93-63-55-9-49-66-19-28-82-53-80-59
Ta100x20,10,4,400,0.925,0.1,10,2231010291,17000,6695,6465,6298,5.375877975,v2_avx512bw_vec32_exact_perm,77-34-56-40-12-26-51-11-43-20-90-87-83-92-62-54-100-15-65-64-60-37-47-27-95-74-22-70-24-35-96-67-21-98-10-84-46-81-25-36-48-75-38-72-23-6-52-32-1-14-4-16-78-9-18-5-97-33-73-76-94-63-31-45-13-86-88-71-2-99-42-8-7-30-91-39-57-49-50-68-85-89-41-19-61-28-17-69-79-82-44-80-29-3-58-55-66-53-93-59
Ta100x20,10,4,400,0.925,0.125,1,2231001210,17000,6732,6465,6298,5.5736811,v2_avx512bw_vec32_exact_perm,77-34-56-11-87-90-24-83-20-62-88-98-6-40-37-26-54-27-52-47-43-51-12-60-22-35-67-70-72-38-18-92-96-36-42-100-1-21-68-89-31-65-10-25-15-61-81-23-39-16-48-4-99-9-14-3-74-78-46-91-64-86-2-44-28-7-95-97-49-57-76-94-73-33-75-13-71-82-8-63-45-84-50-5-30-32-69-41-93-79-17-85-29-58-66-19-55-53-80-59
Ta100x20,10,4,400,0.925,0.125,2,2231002219,17000,6725,6465,6298,6.029952615,v2_avx512bw_vec32_exact_perm,77-34-56-40-15-100-83-98-12-59-26-11-87-24-51-20-43-47-1-67-62-96-37-35-6-18-92-22-90-5-4-54-94-65-3-23-64-57-60-14-31-70-81-52-48-27-68-74-46-78-97-2-38-36-72-84-86-95-76-88-32-10-71-75-21-45-7-16-69-89-13-42-99-25-30-41-44-85-33-49-73-82-8-50-9-39-28-91-61-63-17-79-93-58-19-29-66-55-53-80
Ta100x20,10,4,400,0.925,0.125,3,2231003228,17000,6732,6465,6298,5.608351126,v2_avx512bw_vec32_exact_perm,77-56-34-51-81-100-40-11-92-24-70-26-96-65-43-6-83-90-35-88-27-87-54-18-74-64-12-98-60-1-75-47-42-62-37-22-67-73-95-20-21-5-30-25-97-14-36-48-31-2-52-15-63-38-72-85-23-76-46-10-94-32-4-61-86-78-3-71-99-9-45-7-68-13-16-89-57-84-44-41-33-8-49-39-28-79-91-69-50-93-29-17-58-66-19-82-55-53-80-59
Ta100x20,10,4,400,0.925,0.125,4,2231004237,17000,6694,6465,6298,5.602210611,v2_avx512bw_vec32_exact_perm,77-34-56-26-24-51-11-40-83-90-54-100-64-47-60-22-17-62-96-52-65-6-10-1-15-20-35-67-43-4-18-92-16-27-98-12-87-74-46-37-78-70-42-36-25-14-99-88-21-72-31-13-89-48-3-81-82-44-75-5-86-68-7-50-69-97-79-49-2-23-94-57-32-91-8-95-33-61-39-63-30-76-45-28-9-71-38-41-73-85-19-29-58-84-55-93-53-80-66-59
Ta100x20,10,4,400,0.925,0.125,5,2231005246,17000,6707,6465,6298,5.731956374,v2_avx512bw_vec32_exact_perm,77-34-56-6-62-100-40-26-92-87-70-11-1-54-51-24-90-43-83-35-18-52-37-48-10-74-98-72-25-20-36-12-84-15-60-22-2-46-65-27-95-14-21-47-57-88-5-68-7-81-64-96-75-4-97-9-44-32-78-23-71-42-16-45-67-99-63-50-31-89-17-69-39-86-28-91-61-30-41-13-94-33-76-49-79-3-73-8-29-82-58-19-85-38-66-53-93-80-55-59
Ta100x20,10,4,400,0.925,0.125,6,2231006255,17000,6708,6465,6298,5.335790459,v2_avx512bw_vec32_exact_perm,77-34-100-26-24-11-90-87-6-92-43-51-83-21-56-40-98-65-60-12-14-74-57-48-20-15-62-96-47-54-25-35-2-84-27-72-1-70-88-36-38-52-67-18-78-46-22-10-76-86-4-61-81-37-31-64-75-5-94-33-7-99-91-97-45-23-16-68-63-71-9-89-69-95-32-8-73-13-39-42-17-79-50-49-41-82-58-44-30-85-29-3-19-93-28-66-53-80-55-59
Ta100x20,10,4,400,0.925,0.125,7,2231007264,17000,6732,6465,6298,5.206802711,v2_avx512bw_vec32_exact_perm,77-34-11-56-40-26-90-38-100-92-43-51-6-24-46-60-83-35-20-47-81-14-67-70-52-16-54-87-1-37-74-15-86-7-12-48-75-22-78-10-72-88-27-21-23-4-62-2-31-42-64-32-13-96-3-25-5-45-98-99-36-91-41-76-18-69-82-95-68-9-97-44-89-71-28-17-85-93-94-30-63-50-57-39-65-84-61-79-55-19-29-33-73-58-49-66-8-53-80-59
Ta100x20,10,4,400,0.925,0.125,8,2231008273,17000,6707,6465,6298,5.217830054,v2_avx512bw_vec32_exact_perm,77-56-34-11-54-26-87-83-40-24-43-92-47-60-51-100-65-2-62-12-27-46-81-6-35-15-1-78-36-67-90-96-64-14-48-72-74-5-98-10-18-70-22-52-37-23-3-80-88-42-75-25-95-32-21-45-4-33-39-61-7-50-86-31-30-79-16-89-57-13-94-68-99-76-71-17-73-28-69-84-63-97-20-41-91-9-82-8-38-44-49-85-19-29-66-58-53-55-93-59
Ta100x20,10,4,400,0.925,0.125,9,2231009282,17000,6702,6465,6298,5.290351867,v2_avx512bw_vec32_exact_perm,77-34-56-11-100-90-24-64-12-87-6-96-35-43-36-54-26-51-83-98-1-52-40-21-14-46-67-18-10-92-72-47-60-27-22-48-70-81-37-84-31-2-95-74-15-65-62-75-42-85-25-57-86-4-20-38-76-94-33-13-73-16-7-88-45-5-78-23-97-69-32-99-82-44-30-89-41-71-39-50-68-28-9-3-8-61-91-63-17-79-49-29-58-19-93-66-80-55-53-59
Ta100x20,10,4,400,0.925,0.125,10,2231010291,17000,6707,6465,6298,5.792257807,v2_avx512bw_vec32_exact_perm,77-34-56-43-90-83-40-26-38-54-81-51-62-100-74-24-21-15-87-6-1-70-98-60-20-92-65-23-52-27-14-7-96-22-47-67-37-64-46-12-89-10-88-35-11-72-86-36-18-84-79-78-25-82-95-31-48-63-32-75-39-3-97-5-28-9-71-57-61-94-42-33-30-2-68-4-16-91-49-99-85-76-45-44-73-41-69-13-50-8-58-29-17-66-19-53-93-80-55-59
Ta100x20,10,4,400,0.9625,0.025,1,2231001210,17000,6688,6465,6298,5.498023461,v2_avx512bw_vec32_exact_perm,77-56-26-40-54-51-83-98-34-100-62-11-60-90-47-24-70-67-74-96-87-52-6-1-64-15-72-48-35-12-65-31-20-2-14-46-78-25-37-21-92-57-18-27-84-43-75-97-42-38-22-5-7-36-68-10-16-91-95-88-89-44-4-99-81-86-23-9-71-69-73-41-76-39-45-33-61-94-13-28-50-17-8-32-63-30-49-3-79-82-85-29-58-66-19-93-80-53-55-59
Ta100x20,10,4,400,0.9625,0.025,2,2231002219,17000,6707,6465,6298,5.323751998,v2_avx512bw_vec32_exact_perm,77-34-40-56-90-43-15-83-20-6-100-26-87-70-52-27-24-98-51-62-72-11-35-81-46-1-37-92-14-48-54-47-74-12-65-78-67-10-38-22-57-76-44-60-96-21-39-42-95-2-75-64-4-97-31-3-23-99-73-88-61-71-25-33-36-16-68-7-28-94-8-89-91-50-32-69-86-9-82-18-13-79-45-17-5-63-41-84-85-30-49-29-58-66-19-53-93-80-55-59
Ta100x20,10,4,400,0.9625,0.025,3,2231003228,17000,6672,6465,6298,5.392519762,v2_avx512bw_vec32_exact_perm,77-34-56-100-40-15-20-54-83-24-60-98-52-6-43-26-1-62-72-92-18-90-11-87-51-2-27-65-48-37-7-21-14-5-67-10-70-99-46-75-35-96-81-17-84-86-88-74-12-16-63-25-47-31-94-68-22-36-3-42-78-76-97-69-64-45-95-89-13-73-41-23-9-85-4-32-44-39-49-30-28-71-91-80-8-61-19-82-50-57-33-38-29-93-53-79-59-66-55-58
Ta100x20,10,4,400,0.9625,0.025,4,2231004237,17000,6732,6465,6298,5.21255229,v2_avx512bw_vec32_exact_perm,77-34-100-56-20-47-26-40-38-90-6-92-12-35-83-24-43-11-74-37-48-15-27-87-51-67-36-54-62-46-98-60-96-14-52-70-10-78-84-61-72-73-18-1-88-25-95-91-21-68-23-76-81-4-3-31-75-16-99-89-44-33-32-22-94-86-69-7-17-5-79-13-45-97-42-71-9-65-2-50-8-57-39-82-41-30-85-64-28-63-49-19-93-58-29-66-55-53-80-59
Ta100x20,10,4,400,0.9625,0.025,5,2231005246,17000,6688,6465,6298,5.882502646,v2_avx512bw_vec32_exact_perm,77-34-56-40-100-11-81-51-87-24-43-83-92-90-12-26-37-27-46-6-54-1-60-52-72-2-15-74-96-21-14-4-20-98-65-5-35-10-70-62-23-36-22-75-94-48-47-68-7-16-18-95-84-31-32-25-17-64-50-97-67-57-91-45-71-13-88-76-86-73-61-39-99-33-30-78-89-44-42-69-79-28-8-41-82-63-38-49-85-19-9-3-58-29-93-80-55-53-66-59
Ta100x20,10,4,400,0.9625,0.025,6,2231006255,17000,6688,6465,6298,5.423162236,v2_avx512bw_vec32_exact_perm,77-34-56-40-26-11-100-83-54-60-90-6-64-43-51-87-62-92-24-81-46-75-2-96-20-70-15-48-98-1-22-88-12-74-37-67-52-84-35-27-36-18-23-65-97-38-73-78-10-72-95-86-21-68-31-33-3-7-44-25-94-61-5-42-47-4-28-13-14-45-91-79-89-49-63-85-39-9-99-69-71-19-16-82-76-32-57-50-41-8-17-29-58-66-30-53-80-55-93-59
Ta100x20,10,4,400,0.9625,0.025,7,2231007264,17000,6732,6465,6298,5.519724771,v2_avx512bw_vec32_exact_perm,77-34-26-56-51-11-36-83-43-1-15-20-90-87-100-40-92-38-98-27-54-37-6-24-60-22-52-12-74-47-48-72-67-14-42-62-70-35-88-84-16-95-31-18-96-46-64-7-78-10-97-23-4-32-2-17-25-94-85-89-57-33-65-44-30-75-86-39-21-99-50-61-71-76-28-68-9-41-5-13-73-49-3-81-45-8-69-79-63-91-93-82-58-29-19-66-55-53-80-59
Ta100x20,10,4,400,0.9625,0.025,8,2231008273,17000,6692,6465,6298,5.413690739,v2_avx512bw_vec32_exact_perm,77-34-56-51-1-87-100-92-40-83-24-65-12-6-46-26-43-60-90-11-21-48-81-47-27-54-62-86-38-67-35-14-15-88-74-20-78-4-70-16-98-52-18-22-10-99-75-96-2-37-42-36-72-25-31-69-44-13-23-89-64-76-97-5-63-94-57-7-33-3-28-39-91-95-71-8-73-68-61-19-9-50-17-45-29-85-32-84-41-49-30-79-53-80-66-82-58-93-55-59
Ta100x20,10,4,400,0.9625,0.025,9,2231009282,17000,6732,6465,6298,5.352532013,v2_avx512bw_vec32_exact_perm,77-34-11-56-65-81-40-87-26-83-100-51-92-6-43-90-99-14-98-60-62-74-24-54-67-12-22-15-27-37-46-70-57-52-35-33-95-39-23-96-18-72-25-75-78-38-64-31-36-20-3-88-63-21-61-42-48-30-10-1-16-47-17-97-76-2-4-32-94-5-86-85-44-89-49-8-13-68-7-9-79-73-71-45-28-91-84-41-69-19-93-50-29-82-58-66-55-53-80-59
Ta100x20,10,4,400,0.9625,0.025,10,2231010291,17000,6732,6465,6298,5.412932211,v2_avx512bw_vec32_exact_perm,77-34-11-90-24-51-87-100-56-6-52-81-83-47-65-92-40-20-62-54-43-26-46-37-25-60-18-14-21-27-15-78-68-48-1-74-36-12-16-70-31-38-88-75-22-35-64-96-76-97-42-10-3-72-99-95-32-4-2-33-67-39-50-71-5-23-98-61-30-28-57-89-73-94-45-9-13-63-79-91-86-84-82-41-7-17-49-85-8-19-44-69-58-29-66-53-55-93-80-59
Ta100x20,10,4,400,0.9625,0.05,1,2231001210,17000,6732,6465,6298,5.628041006,v2_avx512bw_vec32_exact_perm,77-34-100-56-98-38-20-11-26-51-15-92-90-40-12-54-37-6-65-27-83-70-74-48-1-52-68-60-87-43-18-35-72-84-16-22-78-10-57-88-2-47-17-21-46-64-14-67-25-96-23-62-9-4-81-36-31-75-95-32-24-5-97-86-71-42-91-50-39-61-76-44-45-94-33-63-73-99-7-30-89-3-28-13-69-82-41-79-29-8-85-49-19-58-93-55-66-53-80-59
Ta100x20,10,4,400,0.9625,0.05,2,2231002219,17000,6707,6465,6298,5.895270778,v2_avx512bw_vec32_exact_perm,77-34-20-87-26-56-92-54-40-11-98-90-100-51-65-1-62-15-83-35-43-24-81-21-25-96-60-6-14-52-47-70-22-48-42-72-68-5-10-37-67-88-27-46-12-78-74-17-84-64-86-31-95-36-4-18-73-94-7-2-75-16-57-32-61-89-33-85-97-23-82-13-45-30-28-63-79-44-39-9-8-38-76-69-49-91-3-71-99-50-41-29-58-66-19-93-53-80-55-59
Ta100x20,10,4,400,0.9625,0.05,3,2231003228,17000,6732,6465,6298,6.399309222,v2_avx512bw_vec32_exact_perm,77-34-87-81-24-47-51-56-11-40-100-60-6-90-62-92-96-54-14-12-10-20-35-43-65-83-74-36-22-68-70-95-98-1-21-26-7-27-25-72-5-18-84-48-15-52-23-64-67-32-88-73-91-31-4-37-69-46-89-2-76-3-78-75-57-17-97-94-86-42-99-61-33-45-41-63-16-9-44-38-13-85-39-30-93-71-50-49-8-28-82-79-29-66-55-58-19-53-80-59
Ta100x20,10,4,400,0.9625,0.05,4,2231004237,17000,6702,6465,6298,6.194285551,v2_avx512bw_vec32_exact_perm,77-34-56-40-11-6-54-51-43-26-100-24-20-72-90-18-87-70-52-84-36-60-83-1-21-74-38-92-67-35-65-15-81-25-98-97-12-75-96-5-27-48-62-22-23-2-10-64-4-47-14-31-16-37-78-91-7-88-17-86-85-46-32-57-95-42-99-8-3-89-63-45-49-50-13-71-73-68-30-41-76-33-44-39-28-94-61-69-9-79-82-58-29-66-19-93-80-55-53-59
Ta100x20,10,4,400,0.9625,0.05,5,2231005246,17000,6688,6465,6298,6.243616958,v2_avx512bw_vec32_exact_perm,77-34-100-56-51-11-40-83-26-6-62-24-27-98-20-1-90-52-81-87-92-37-96-12-74-67-30-35-94-15-3-54-60-47-65-64-46-31-18-38-21-43-95-86-22-70-14-85-72-10-42-36-33-88-78-23-44-25-76-75-97-82-39-13-16-28-89-61-48-68-32-17-5-4-73-49-9-2-7-57-45-71-63-79-8-84-99-29-69-50-91-41-93-58-19-53-80-55-66-59
Ta100x20,10,4,400,0.9625,0.05,6,2231006255,17000,6732,6465,6298,5.770919786,v2_avx512bw_vec32_exact_perm,77-34-56-26-40-43-11-24-12-100-98-15-87-83-92-51-37-60-90-54-81-22-70-20-6-35-1-72-67-74-14-36-75-47-52-39-62-73-65-16-78-27-96-48-17-2-84-64-57-21-25-88-23-45-10-46-95-38-85-76-32-97-4-9-5-86-28-71-50-89-68-13-18-31-42-99-49-3-8-63-41-94-33-61-30-91-44-82-7-58-69-79-29-19-66-93-55-53-80-59
Ta100x20,10,4,400,0.9625,0.05,7,2231007264,17000,6716,6465,6298,5.952517986,v2_avx512bw_vec32_exact_perm,77-34-56-81-40-100-11-90-15-20-54-62-23-12-60-37-51-26-6-24-65-67-92-35-98-18-88-43-5-83-70-10-80-74-52-47-87-27-64-14-36-48-61-72-78-1-21-46-86-96-95-22-38-2-75-84-97-68-25-7-71-73-42-94-50-91-99-33-44-16-39-85-89-49-45-31-4-76-13-57-30-66-8-32-9-17-79-63-29-19-3-82-41-28-69-58-93-55-53-59
Ta100x20,10,4,400,0.9625,0.05,8,2231008273,17000,6732,6465,6298,5.45130395,v2_avx512bw_vec32_exact_perm,77-34-56-51-87-20-40-47-96-90-26-1-54-60-11-64-52-100-6-36-70-14-92-83-15-38-81-35-12-24-18-95-43-65-48-10-37-46-98-74-72-68-78-91-67-27-31-76-99-16-5-22-33-23-2-3-25-32-71-4-88-62-21-86-42-30-69-75-82-39-7-50-63-28-97-49-85-79-89-13-8-9-61-41-19-94-73-84-45-57-17-44-29-58-66-93-55-53-80-59
Ta100x20,10,4,400,0.9625,0.05,9,2231009282,17000,6732,6465,6298,5.766734575,v2_avx512bw_vec32_exact_perm,77-56-26-51-81-46-11-54-83-40-87-34-100-35-52-62-27-67-47-60-38-21-92-1-96-12-65-15-20-24-42-18-90-43-6-94-36-70-74-78-37-2-16-5-31-89-33-64-44-48-72-69-76-85-57-10-14-95-23-45-98-88-39-73-25-22-13-32-7-91-86-71-17-75-9-68-84-97-4-79-93-99-49-3-28-50-61-63-8-41-30-82-29-66-58-19-55-53-80-59
Ta100x20,10,4,400,0.9625,0.05,10,2231010291,17000,6719,6465,6298,5.636436003,v2_avx512bw_vec32_exact_perm,77-34-56-11-26-15-100-51-40-83-20-62-27-87-46-98-92-54-52-38-6-74-72-12-10-2-1-35-90-3-70-37-78-22-60-67-84-96-14-7-4-88-64-36-43-47-75-23-95-18-31-32-16-65-24-25-76-45-94-86-81-48-69-21-97-68-39-50-73-42-71-5-9-41-85-13-28-30-82-89-57-49-44-33-91-99-79-17-8-93-19-61-53-80-29-66-55-63-58-59
Ta100x20,10,4,400,0.9625,0.075,1,2231001210,17000,6732,6465,6298,5.256792975,v2_avx512bw_vec32_exact_perm,77-34-40-20-11-92-56-51-81-36-47-43-27-6-54-90-67-35-62-26-83-65-95-1-18-12-87-14-24-60-48-22-96-42-17-52-15-70-98-100-64-7-74-61-31-32-4-88-37-23-89-2-5-21-46-72-38-45-39-68-73-10-78-71-3-86-57-33-99-85-13-16-75-9-30-28-94-76-25-8-97-91-79-69-50-84-63-41-82-66-93-29-49-44-55-58-19-53-80-59
Ta100x20,10,4,400,0.9625,0.075,2,2231002219,17000,6703,6465,6298,5.385435295,v2_avx512bw_vec32_exact_perm,77-34-56-51-87-11-100-15-26-6-35-64-90-62-40-60-21-24-70-47-27-36-99-83-43-52-12-67-96-20-54-81-88-92-14-72-95-1-25-2-75-74-42-32-69-13-48-46-37-71-91-65-98-39-22-38-18-86-7-10-5-4-68-89-41-78-30-23-44-49-17-16-50-9-33-97-45-93-73-8-57-76-82-31-79-94-63-85-84-3-61-28-80-29-66-53-58-19-55-59
Ta100x20,10,4,400,0.9625,0.075,3,2231003228,17000,6732,6465,6298,5.469537359,v2_avx512bw_vec32_exact_perm,77-34-56-20-65-43-26-15-90-40-11-100-47-27-67-87-83-24-51-2-12-60-81-92-64-54-52-21-1-74-18-38-16-95-88-35-98-48-46-23-10-84-97-70-72-78-45-68-96-25-62-42-6-3-5-14-36-44-37-94-73-22-75-57-33-85-7-86-76-31-91-71-13-4-32-9-89-30-50-39-41-61-63-69-49-28-17-79-82-99-29-8-93-55-58-66-19-53-80-59
Ta100x20,10,4,400,0.9625,0.075,4,2231004237,17000,6732,6465,6298,5.269445148,v2_avx512bw_vec32_exact_perm,77-34-56-11-100-87-51-15-43-65-40-20-38-81-92-67-4-26-96-6-52-70-54-37-60-83-35-74-1-90-46-27-62-47-12-98-21-31-16-25-22-2-72-24-14-36-97-99-68-48-75-76-71-23-95-88-64-91-89-28-33-5-73-32-3-86-10-78-18-45-13-7-42-57-39-84-79-41-69-17-94-85-82-8-9-29-50-30-63-49-61-44-58-19-53-93-55-66-80-59
Ta100x20,10,4,400,0.9625,0.075,5,2231005246,17000,6732,6465,6298,5.621881117,v2_avx512bw_vec32_exact_perm,77-34-81-51-1-38-56-20-24-90-40-35-43-6-83-26-11-15-67-54-70-62-60-25-10-48-99-12-52-37-74-27-3-22-46-96-95-21-18-87-75-14-92-98-72-2-5-32-36-97-71-64-65-23-91-47-63-76-31-17-42-86-100-73-78-8-94-4-89-44-16-88-85-69-45-13-9-68-7-39-57-50-41-29-93-84-49-79-30-19-33-58-61-28-55-53-82-66-80-59
Ta100x20,10,4,400,0.9625,0.075,6,2231006255,17000,6732,6465,6298,5.374631502,v2_avx512bw_vec32_exact_perm,77-56-11-51-20-26-43-83-34-90-6-100-15-54-92-96-24-64-40-62-65-52-84-18-95-37-35-98-60-27-10-48-70-87-47-14-42-88-9-46-22-74-78-67-68-50-1-85-12-13-36-86-31-5-3-16-89-81-25-7-38-72-76-17-41-45-21-2-97-75-30-91-23-49-8-44-57-4-63-69-94-99-71-73-33-32-39-61-82-28-93-79-58-29-19-66-55-53-80-59
Ta100x20,10,4,400,0.9625,0.075,7,2231007264,17000,6694,6465,6298,5.39188918,v2_avx512bw_vec32_exact_perm,77-34-56-40-43-100-26-17-51-6-38-15-54-60-24-83-74-70-64-20-96-92-35-62-47-7-1-81-12-90-65-27-2-72-78-52-21-48-88-46-25-37-33-98-67-87-23-75-18-31-95-42-69-14-36-16-9-10-3-32-44-5-71-68-73-22-86-94-50-76-11-39-63-89-91-45-97-57-4-99-13-84-28-85-8-30-41-82-61-19-49-79-29-58-93-55-53-80-66-59
Ta100x20,10,4,400,0.9625,0.075,8,2231008273,17000,6688,6465,6298,5.185267834,v2_avx512bw_vec32_exact_perm,77-34-56-90-11-92-26-87-40-60-6-88-54-47-83-51-100-10-62-3-81-20-27-15-1-98-24-25-35-12-31-18-48-4-70-52-72-43-67-2-96-57-74-64-37-65-38-46-75-78-14-95-7-21-32-71-23-30-94-99-13-73-33-22-36-89-91-68-42-5-45-86-97-76-63-69-79-17-85-50-39-49-44-16-9-80-8-41-82-61-19-29-66-93-84-53-58-28-55-59
Ta100x20,10,4,400,0.9625,0.075,9,2231009282,17000,6732,6465,6298,5.192163664,v2_avx512bw_vec32_exact_perm,77-34-56-26-51-81-92-11-3-43-20-40-1-54-87-100-90-83-24-67-35-18-22-15-47-65-14-62-98-21-36-38-6-52-68-96-23-91-27-64-60-99-46-12-16-2-25-74-89-76-70-95-72-4-88-73-10-85-31-39-42-33-63-84-5-94-86-97-9-13-48-37-49-8-30-75-7-32-71-69-61-58-45-19-57-78-17-44-41-50-79-82-93-29-28-66-55-53-80-59
Ta100x20,10,4,400,0.9625,0.075,10,2231010291,17000,6707,6465,6298,5.008112493,v2_avx512bw_vec32_exact_perm,77-34-56-24-26-20-90-11-87-6-38-35-100-1-54-40-60-51-36-47-31-98-43-67-62-15-83-70-37-2-12-21-22-52-18-74-25-46-64-27-92-42-23-65-33-4-96-72-32-7-14-75-71-48-5-3-76-99-82-78-97-10-16-13-86-57-88-81-94-41-91-68-73-9-45-84-69-89-93-28-95-8-44-61-85-29-63-30-39-79-49-50-17-66-58-19-53-80-55-59
Ta100x20,10,4,400,0.9625,0.1,1,2231001210,17000,6705,6465,6298,5.737794826,v2_avx512bw_vec32_exact_perm,77-34-56-64-74-11-90-65-43-24-40-83-26-54-51-15-62-100-81-6-1-12-78-27-67-46-60-20-48-70-88-87-18-16-92-72-76-21-52-84-47-10-4-73-33-37-35-31-98-5-42-14-38-32-75-96-97-95-23-25-71-36-28-17-68-22-57-85-39-7-3-61-91-41-86-13-89-2-44-69-99-94-9-30-93-8-63-45-79-49-50-29-58-19-66-82-80-53-55-59
Ta100x20,10,4,400,0.9625,0.1,2,2231002219,17000,6732,6465,6298,5.432688929,v2_avx512bw_vec32_exact_perm,77-56-40-38-60-6-43-26-48-24-70-11-92-20-46-51-83-87-52-96-74-25-36-27-81-34-12-90-54-95-84-62-15-64-35-67-72-1-22-100-5-32-21-65-4-9-61-75-37-18-89-39-57-45-23-13-14-10-2-47-3-98-71-7-30-97-68-73-88-91-50-63-8-31-78-99-16-76-17-86-41-33-69-44-94-42-66-28-82-85-79-29-49-93-58-19-55-53-80-59
Ta100x20,10,4,400,0.9625,0.1,3,2231003228,17000,6732,6465,6298,6.307281737,v2_avx512bw_vec32_exact_perm,77-34-56-51-38-20-12-26-11-43-54-87-15-75-90-98-35-44-81-24-92-83-65-60-100-74-22-1-64-70-6-31-36-96-46-84-88-95-37-39-62-57-16-48-25-14-21-27-10-42-67-47-13-2-73-18-5-45-7-78-30-40-52-97-79-71-72-61-4-68-41-17-9-94-76-86-89-23-50-85-49-63-28-8-33-32-29-19-69-99-91-82-3-66-58-93-53-55-80-59
Ta100x20,10,4,400,0.9625,0.1,4,2231004237,17000,6724,6465,6298,5.179493603,v2_avx512bw_vec32_exact_perm,77-34-11-26-40-56-100-98-90-1-54-6-60-24-51-46-81-48-12-43-62-67-83-92-38-10-52-35-72-96-87-20-64-47-15-31-74-27-86-21-70-14-88-84-33-18-65-73-95-97-75-42-78-37-25-4-99-7-61-2-22-5-94-68-32-36-63-69-23-39-16-13-45-89-9-28-71-8-57-19-44-3-41-93-76-82-91-17-30-79-53-80-50-49-29-55-85-59-66-58
Ta100x20,10,4,400,0.9625,0.1,5,2231005246,17000,6732,6465,6298,5.577623063,v2_avx512bw_vec32_exact_perm,77-34-40-43-11-26-56-48-83-100-15-90-1-98-81-6-12-92-47-51-54-37-87-35-60-52-70-38-14-27-33-22-76-67-96-20-95-24-10-74-23-64-36-39-62-25-72-57-4-65-84-2-75-31-68-21-88-18-5-63-61-78-32-17-69-71-94-99-9-46-28-89-86-45-49-79-16-42-91-97-13-50-41-82-85-3-7-8-30-44-19-58-93-53-29-55-66-73-80-59
Ta100x20,10,4,400,0.9625,0.1,6,2231006255,17000,6698,6465,6298,5.286797936,v2_avx512bw_vec32_exact_perm,77-34-11-56-51-26-100-90-64-40-12-6-87-60-24-92-1-62-21-35-18-2-52-20-81-37-54-98-43-75-46-70-27-74-72-22-83-76-38-96-3-5-48-84-65-95-99-36-88-67-16-25-86-97-15-68-78-31-73-14-89-32-30-23-57-39-4-10-85-33-7-82-71-45-63-47-9-50-69-17-8-41-42-94-28-44-13-61-29-91-49-79-58-19-55-93-53-80-66-59
Ta100x20,10,4,400,0.9625,0.1,7,2231007264,17000,6732,6465,6298,5.538576175,v2_avx512bw_vec32_exact_perm,77-34-56-100-98-26-40-67-6-54-87-11-60-24-47-92-12-43-81-15-51-83-21-90-10-25-70-82-35-96-27-64-62-37-2-52-72-74-23-65-14-4-78-99-20-31-36-46-45-48-42-91-69-50-18-86-88-5-75-1-76-17-44-8-22-63-57-39-71-95-16-38-32-30-33-41-89-9-85-13-49-94-19-93-7-73-84-68-61-3-28-97-79-58-29-66-55-53-80-59
Ta100x20,10,4,400,0.9625,0.1,8,2231008273,17000,6732,6465,6298,5.414726848,v2_avx512bw_vec32_exact_perm,77-34-56-40-92-26-83-43-11-100-15-20-74-7-1-47-24-87-65-4-90-18-23-21-48-54-70-60-52-37-46-6-84-62-27-51-35-64-36-10-12-96-38-78-67-16-2-31-89-72-22-76-25-75-88-17-97-44-57-95-33-63-81-85-39-98-61-3-14-49-5-9-68-28-45-86-94-42-69-73-71-13-8-30-58-99-32-19-82-50-41-91-93-29-66-79-55-53-80-59
Ta100x20,10,4,400,0.9625,0.1,9,2231009282,17000,6696,6465,6298,5.931503871,v2_avx512bw_vec32_exact_perm,77-34-56-40-24-51-6-43-52-90-15-100-83-87-67-11-98-54-26-10-74-36-62-12-64-18-60-92-46-25-1-47-48-21-96-38-72-35-27-78-3-65-20-23-2-99-81-16-75-88-70-86-37-5-89-14-42-39-61-95-13-71-44-32-97-68-22-85-9-84-45-50-7-30-33-57-94-4-73-49-31-91-82-8-28-76-69-41-79-17-58-29-19-63-55-53-93-80-66-59
Ta100x20,10,4,400,0.9625,0.1,10,2231010291,17000,6714,6465,6298,6.704231142,v2_avx512bw_vec32_exact_perm,77-56-26-11-51-87-90-6-46-54-100-15-20-60-34-12-92-64-74-40-83-43-70-78-35-65-72-14-27-96-24-80-37-98-48-62-47-84-5-33-52-67-1-73-31-75-22-25-95-3-88-21-89-10-81-97-2-18-36-76-68-30-42-39-23-4-57-61-38-99-9-32-94-45-41-91-85-86-69-16-13-7-71-44-63-50-28-17-8-93-29-49-79-58-19-55-66-82-59-53
Ta100x20,10,4,400,0.9625,0.125,1,2231001210,17000,6732,6465,6298,5.358998716,v2_avx512bw_vec32_exact_perm,77-34-40-56-43-100-83-24-47-65-87-52-51-6-11-27-18-1-90-12-36-62-67-38-92-15-48-60-46-14-81-95-54-21-20-64-99-75-74-31-22-25-88-26-98-5-37-78-35-96-10-70-4-33-68-57-42-72-23-2-7-85-17-97-94-8-84-86-16-44-76-89-3-30-61-50-32-73-63-9-71-13-49-45-39-69-82-28-79-91-41-58-19-93-29-66-55-53-80-59
Ta100x20,10,4,400,0.9625,0.125,2,2231002219,17000,6728,6465,6298,5.821732122,v2_avx512bw_vec32_exact_perm,81-24-77-1-51-40-34-83-54-26-20-11-35-43-56-31-90-38-60-64-46-100-15-48-47-84-6-70-10-74-14-96-12-25-88-72-92-86-67-52-2-45-78-61-87-32-98-65-37-13-4-75-27-5-23-63-36-8-89-7-97-57-62-68-18-95-39-42-17-85-33-94-28-73-71-30-44-99-21-16-41-82-19-91-76-9-79-49-3-22-69-29-58-66-50-93-55-53-80-59
Ta100x20,10,4,400,0.9625,0.125,3,2231003228,17000,6732,6465,6298,5.669146757,v2_avx512bw_vec32_exact_perm,77-34-56-12-20-38-51-11-92-100-40-26-83-98-90-81-15-43-87-67-60-52-24-74-1-27-46-64-62-6-70-7-96-65-48-14-54-72-18-35-21-22-31-5-88-10-36-47-86-78-23-33-16-42-68-76-3-25-45-69-2-95-37-63-91-99-61-4-97-84-75-32-85-94-9-50-49-89-28-17-71-30-44-57-39-79-73-8-13-82-41-58-19-29-66-93-55-53-80-59
Ta100x20,10,4,400,0.9625,0.125,4,2231004237,17000,6732,6465,6298,6.166935652,v2_avx512bw_vec32_exact_perm,77-34-20-15-56-40-11-87-26-98-90-100-60-47-24-51-92-64-6-27-52-96-70-12-83-1-43-61-84-2-10-67-22-95-54-37-86-46-35-72-25-5-74-3-88-62-23-31-7-48-75-73-78-14-42-36-97-38-94-57-21-18-91-68-16-63-49-4-45-13-65-9-99-71-30-89-44-50-32-33-28-81-76-69-82-39-41-85-17-8-19-93-58-29-66-79-55-53-80-59
Ta100x20,10,4,400,0.9625,0.125,5,2231005246,17000,6732,6465,6298,6.655123731,v2_avx512bw_vec32_exact_perm,77-34-56-64-100-26-90-11-48-46-6-43-51-21-70-35-15-72-67-40-20-36-12-54-60-47-27-68-7-96-37-98-83-92-87-1-52-94-74-62-16-75-24-14-99-10-42-31-57-86-23-22-88-65-2-45-9-18-25-78-97-38-4-3-84-95-91-81-29-33-5-50-41-79-73-39-76-89-13-30-71-63-49-44-85-61-28-69-32-8-17-93-19-58-66-82-53-55-80-59
Ta100x20,10,4,400,0.9625,0.125,6,2231006255,17000,6720,6465,6298,5.772170432,v2_avx512bw_vec32_exact_perm,77-56-62-100-40-87-83-51-43-90-34-12-38-26-67-98-96-20-6-11-92-70-46-72-2-10-24-35-60-37-42-86-74-27-18-48-15-47-52-1-54-21-84-65-23-95-73-78-22-33-64-75-81-36-14-88-4-31-68-89-28-49-5-44-94-85-25-61-57-39-9-71-50-91-99-17-97-63-13-3-41-16-76-45-30-79-69-7-82-8-32-19-58-53-80-29-55-66-93-59
Ta100x20,10,4,400,0.9625,0.125,7,2231007264,17000,6732,6465,6298,5.672397368,v2_avx512bw_vec32_exact_perm,77-34-56-87-40-83-100-11-60-90-51-6-15-20-38-43-36-37-64-46-10-26-67-35-96-47-24-48-2-54-92-22-52-62-72-14-17-81-12-32-21-27-75-1-78-3-65-42-33-31-74-25-7-39-70-18-99-98-16-88-89-97-23-86-95-30-68-76-71-73-61-57-13-4-94-5-79-85-63-91-9-50-45-44-49-8-19-69-58-84-41-29-82-28-55-53-66-93-80-59
Ta100x20,10,4,400,0.9625,0.125,8,2231008273,17000,6732,6465,6298,5.362207678,v2_avx512bw_vec32_exact_perm,77-34-56-26-43-6-24-51-11-90-40-38-15-20-100-36-70-74-27-83-37-92-52-72-67-54-1-98-12-47-35-96-21-10-22-87-60-2-18-46-62-7-88-68-95-23-65-48-14-33-94-81-89-61-44-45-64-71-97-73-3-4-31-76-57-78-5-63-86-13-25-42-32-28-75-30-16-39-79-17-49-50-85-8-29-91-99-41-9-84-19-82-66-58-69-55-93-53-80-59
Ta100x20,10,4,400,0.9625,0.125,9,2231009282,17000,6732,6465,6298,5.763540384,v2_avx512bw_vec32_exact_perm,77-34-100-56-51-15-90-11-26-43-87-92-40-6-96-24-98-47-12-20-38-83-64-37-35-54-1-60-46-27-48-81-18-67-62-78-10-4-31-70-22-68-52-36-85-72-25-95-5-32-74-42-65-86-16-23-21-99-2-7-44-57-75-14-3-33-88-94-89-97-71-13-50-73-30-76-8-69-41-91-93-63-9-61-39-17-45-84-79-29-28-82-49-58-66-19-55-53-80-59
Ta100x20,10,4,400,0.9625,0.125,10,2231010291,17000,6732,6465,6298,5.642366375,v2_avx512bw_vec32_exact_perm,77-34-56-20-40-100-11-87-92-51-83-43-24-6-27-36-12-65-70-90-60-81-48-26-54-3-42-62-35-32-46-98-95-52-25-1-10-74-37-96-86-2-22-75-72-47-15-78-68-31-91-44-57-5-14-4-23-21-7-63-13-67-33-71-97-89-64-94-38-76-28-16-73-9-99-30-82-18-8-88-39-45-79-61-17-50-85-49-29-58-84-41-19-66-69-93-55-53-80-59
Ta100x20,10,4,400,1,0.025,1,2231001210,17000,6734,6465,6298,5.605584797,v2_avx512bw_vec32_exact_perm,77-56-65-20-51-92-11-34-6-100-64-15-26-90-37-54-43-40-46-60-48-74-87-83-22-24-38-21-72-70-12-31-47-25-27-75-98-52-35-78-67-96-84-18-88-62-99-91-4-36-23-2-1-76-73-16-39-97-85-5-10-57-28-81-95-44-71-94-13-68-86-7-45-8-69-42-89-9-3-49-63-14-32-30-41-33-61-50-19-17-82-66-53-80-29-93-79-55-59-58
Ta100x20,10,4,400,1,0.025,2,2231002219,17000,6707,6465,6298,6.161137561,v2_avx512bw_vec32_exact_perm,77-34-56-26-81-11-100-98-47-54-40-51-92-6-43-15-1-24-90-62-52-67-87-21-35-48-96-27-12-75-36-37-20-83-72-14-64-73-38-60-65-22-18-76-74-25-31-46-10-17-4-32-95-70-23-63-5-16-78-57-42-61-45-88-2-99-69-94-33-86-89-97-71-68-13-50-82-7-84-28-8-30-39-9-41-49-85-44-29-91-79-58-19-3-66-93-53-80-55-59
Ta100x20,10,4,400,1,0.025,3,2231003228,17000,6713,6465,6298,5.846890535,v2_avx512bw_vec32_exact_perm,77-34-56-26-11-81-100-51-64-60-83-92-87-40-35-90-62-15-54-43-1-2-65-6-12-72-20-47-97-18-38-74-78-52-37-46-86-27-98-88-31-75-36-70-14-33-10-42-39-24-61-21-67-7-95-48-25-5-32-4-96-23-89-3-22-76-57-17-94-16-99-71-45-63-44-73-28-68-8-9-69-84-41-85-50-30-13-29-91-19-93-49-79-82-55-58-53-80-59-66
Ta100x20,10,4,400,1,0.025,4,2231004237,17000,6732,6465,6298,5.620320538,v2_avx512bw_vec32_exact_perm,77-34-56-40-11-20-36-62-90-24-26-87-43-51-35-83-47-1-92-6-54-52-60-37-96-27-81-100-14-12-67-22-15-84-2-70-48-74-10-21-46-86-64-72-25-31-98-76-65-78-32-75-88-95-23-4-7-99-18-50-30-5-33-3-41-97-39-63-85-42-71-61-13-68-94-73-45-44-17-57-82-89-8-28-79-9-49-16-91-58-69-38-93-29-19-66-53-55-80-59
Ta100x20,10,4,400,1,0.025,5,2231005246,17000,6745,6465,6298,5.568778762,v2_avx512bw_vec32_exact_perm,77-34-56-90-26-40-20-24-51-87-65-6-43-11-92-38-27-35-54-98-1-81-60-47-100-83-70-15-67-78-74-12-21-62-52-36-22-14-46-99-31-72-16-96-23-37-88-18-2-73-76-75-17-10-25-95-64-13-97-68-48-63-42-91-4-7-45-44-57-94-86-69-5-89-32-33-9-85-93-50-71-41-61-30-28-39-3-49-8-79-82-29-80-84-55-53-58-66-19-59
Ta100x20,10,4,400,1,0.025,6,2231006255,17000,6732,6465,6298,5.830913361,v2_avx512bw_vec32_exact_perm,77-34-81-54-51-6-56-100-47-24-40-1-12-90-15-92-26-67-32-65-83-35-11-43-48-74-52-10-60-18-2-87-14-62-20-98-25-21-22-46-7-72-36-75-70-44-68-28-37-31-27-4-96-73-23-64-42-3-5-78-89-93-69-13-17-38-61-88-94-95-16-76-63-99-57-9-8-39-97-50-45-84-41-30-91-82-71-79-86-85-19-49-29-33-58-66-55-53-80-59
Ta100x20,10,4,400,1,0.025,7,2231007264,17000,6732,6465,6298,5.833806058,v2_avx512bw_vec32_exact_perm,77-34-56-40-51-6-38-47-100-98-67-54-90-64-65-96-43-83-92-11-26-87-52-35-15-60-3-1-74-88-78-22-10-24-62-14-36-23-70-21-46-81-69-20-32-57-12-95-48-31-27-89-72-68-30-16-37-42-61-99-97-18-2-76-17-25-91-5-71-7-44-13-4-45-86-75-39-94-63-33-85-49-9-79-50-8-41-73-28-84-93-58-29-19-82-55-66-53-80-59
Ta100x20,10,4,400,1,0.025,8,2231008273,17000,6732,6465,6298,5.984838168,v2_avx512bw_vec32_exact_perm,77-34-56-6-38-51-24-43-65-11-40-15-18-26-83-20-87-31-92-60-3-1-14-98-35-37-52-90-68-47-96-74-64-42-67-100-12-88-46-28-10-54-2-62-27-21-4-23-97-72-36-86-5-17-78-75-57-39-70-25-33-71-22-16-81-89-91-73-7-44-84-85-76-69-95-63-49-48-30-13-99-79-8-50-41-94-32-9-19-61-45-82-29-58-53-93-55-66-80-59
Ta100x20,10,4,400,1,0.025,9,2231009282,17000,6695,6465,6298,5.899271983,v2_avx512bw_vec32_exact_perm,77-34-56-92-26-11-43-40-83-21-100-51-12-22-6-38-90-60-20-70-87-54-74-27-81-78-64-96-1-48-46-15-35-24-47-98-37-62-65-97-31-94-5-88-32-23-52-72-18-86-14-16-67-7-76-95-2-84-4-57-73-45-82-71-10-36-68-39-99-13-33-25-42-75-3-61-89-28-19-85-9-50-63-44-49-79-91-8-41-69-17-58-30-93-29-80-53-55-66-59
Ta100x20,10,4,400,1,0.025,10,2231010291,17000,6732,6465,6298,6.680572966,v2_avx512bw_vec32_exact_perm,77-34-56-98-40-83-26-51-11-64-43-90-100-6-62-87-60-35-24-38-20-14-74-12-47-67-52-54-96-92-72-18-15-1-48-86-65-27-84-81-21-2-70-46-10-88-37-31-42-22-68-36-85-95-75-25-23-71-76-39-7-3-97-5-69-73-78-33-9-94-41-32-8-4-17-19-13-16-91-44-57-89-63-45-99-30-61-29-28-93-50-79-55-66-82-58-49-53-80-59
Ta100x20,10,4,400,1,0.05,1,2231001210,17000,6732,6465,6298,5.92206974,v2_avx512bw_vec32_exact_perm,77-34-11-40-100-56-24-26-90-15-67-87-51-98-83-20-6-62-92-54-43-3-60-46-72-1-10-48-35-38-47-70-31-14-39-21-52-81-76-23-86-37-27-75-33-2-57-7-96-65-78-88-44-74-64-22-12-18-5-17-95-89-68-36-25-85-63-73-4-69-97-30-99-13-42-49-45-94-16-91-9-79-8-71-28-32-93-84-41-50-19-61-29-82-58-66-55-53-80-59
Ta100x20,10,4,400,1,0.05,2,2231002219,17000,6717,6465,6298,5.448270809,v2_avx512bw_vec32_exact_perm,77-34-40-11-56-51-15-100-83-92-60-90-43-24-12-26-38-54-96-98-6-81-35-37-47-18-1-87-86-52-67-62-88-27-2-95-64-39-72-4-74-22-31-70-25-21-36-5-7-84-48-42-14-65-78-41-76-32-16-75-23-3-97-10-73-13-71-68-57-89-17-20-46-28-99-50-94-9-8-45-33-63-91-85-69-30-61-19-82-29-44-49-58-79-66-93-55-80-59-53
Ta100x20,10,4,400,1,0.05,3,2231003228,17000,6732,6465,6298,5.649159173,v2_avx512bw_vec32_exact_perm,77-34-20-87-56-11-40-51-92-46-52-15-90-26-12-27-2-62-6-65-47-1-83-74-70-14-98-36-84-24-21-72-38-60-37-43-95-54-25-18-35-31-33-67-23-73-22-48-10-75-76-88-100-89-68-96-64-91-5-78-32-13-86-81-99-4-7-50-16-57-45-71-97-17-44-69-42-94-61-39-63-9-85-3-93-28-30-8-49-79-82-41-29-58-19-66-55-53-80-59
Ta100x20,10,4,400,1,0.05,4,2231004237,17000,6732,6465,6298,5.724359627,v2_avx512bw_vec32_exact_perm,77-34-11-43-40-56-90-83-100-92-51-81-52-24-26-1-47-15-6-20-54-87-37-60-14-65-21-67-12-31-62-35-16-38-18-10-27-99-75-70-74-22-2-48-98-96-7-72-46-61-76-25-23-91-64-97-3-78-88-94-32-5-57-33-17-4-36-95-44-50-39-42-89-86-30-13-9-68-73-71-45-8-49-63-93-79-85-84-28-41-29-69-82-66-55-58-19-53-80-59
Ta100x20,10,4,400,1,0.05,5,2231005246,17000,6716,6465,6298,6.185368614,v2_avx512bw_vec32_exact_perm,77-34-56-26-6-100-54-64-24-60-90-40-43-11-20-72-1-38-10-74-83-70-92-51-12-36-88-14-27-37-15-18-67-47-22-21-35-65-84-75-98-73-31-87-96-4-52-97-46-94-42-62-95-2-68-86-41-76-57-48-25-50-78-28-23-5-33-85-17-71-44-13-89-63-99-61-39-3-19-32-93-45-81-16-69-91-49-30-7-8-58-9-79-29-82-80-53-55-66-59
Ta100x20,10,4,400,1,0.05,6,2231006255,17000,6730,6465,6298,5.410968308,v2_avx512bw_vec32_exact_perm,77-34-56-100-40-98-1-11-43-83-81-24-6-54-20-12-26-70-51-62-90-27-18-15-84-87-36-21-31-47-37-4-60-96-74-16-14-22-52-65-35-67-39-57-88-46-72-23-38-2-75-92-97-64-42-10-5-82-95-73-48-78-17-61-25-45-30-76-89-32-33-44-13-94-86-85-7-8-9-28-71-79-68-69-3-49-50-63-41-91-99-29-55-58-66-19-93-80-53-59
Ta100x20,10,4,400,1,0.05,7,2231007264,17000,6732,6465,6298,5.503710337,v2_avx512bw_vec32_exact_perm,77-56-20-83-81-90-40-24-43-26-98-52-62-6-96-54-1-16-51-15-14-34-38-11-60-70-100-67-35-21-46-37-39-12-92-72-64-88-27-36-33-65-23-74-76-78-97-10-48-47-18-25-86-31-87-84-2-71-63-75-42-32-95-73-17-28-3-94-4-9-45-57-5-22-89-85-99-50-13-68-8-91-30-41-49-44-82-7-29-79-69-58-61-93-66-19-55-53-80-59
Ta100x20,10,4,400,1,0.05,8,2231008273,17000,6732,6465,6298,5.383801216,v2_avx512bw_vec32_exact_perm,77-34-56-54-11-40-20-90-47-26-36-92-65-14-23-51-100-87-83-24-60-62-15-12-22-67-38-98-43-70-74-37-27-18-95-6-52-35-3-86-96-64-21-88-1-72-2-84-41-75-7-48-31-10-46-85-42-25-63-78-17-32-71-94-76-5-73-4-13-89-68-9-16-45-97-28-99-33-19-50-39-44-81-91-93-69-79-8-49-57-82-61-55-29-66-58-30-53-80-59
Ta100x20,10,4,400,1,0.05,9,2231009282,17000,6732,6465,6298,5.457653855,v2_avx512bw_vec32_exact_perm,77-34-56-51-81-24-52-40-90-100-43-15-11-6-87-20-65-10-22-83-92-60-46-26-48-74-12-54-1-70-18-21-14-47-72-25-35-3-28-37-27-62-84-78-96-64-88-67-23-75-4-86-2-36-97-95-99-39-68-98-91-89-33-94-31-42-16-73-41-50-76-57-38-13-5-49-69-71-85-44-45-17-82-63-61-32-30-79-9-58-7-8-19-93-29-66-55-53-80-59
Ta100x20,10,4,400,1,0.05,10,2231010291,17000,6732,6465,6298,5.554340404,v2_avx512bw_vec32_exact_perm,77-34-56-87-11-51-24-43-90-40-83-74-70-92-100-47-38-67-62-31-37-52-88-96-25-26-6-72-60-65-15-16-98-35-46-48-1-95-64-12-54-18-27-20-4-14-75-84-36-10-81-23-22-42-7-78-21-68-76-33-73-86-5-85-97-57-2-13-71-94-44-89-45-39-69-9-61-32-30-63-3-99-91-8-82-28-49-79-17-41-58-19-29-66-50-93-55-53-80-59
Ta100x20,10,4,400,1,0.075,1,2231001210,17000,6712,6465,6298,5.911451201,v2_avx512bw_vec32_exact_perm,77-34-100-11-40-36-56-90-20-15-83-6-1-24-87-43-54-51-72-92-13-75-26-96-48-18-35-98-64-27-67-12-62-46-25-70-23-7-37-60-74-38-16-3-21-10-14-81-97-78-65-47-22-76-85-17-5-95-32-31-88-52-71-9-39-33-42-30-63-84-45-4-68-89-93-2-49-86-99-94-69-57-50-44-91-8-41-73-79-29-28-66-82-61-58-19-53-80-55-59
Ta100x20,10,4,400,1,0.075,2,2231002219,17000,6715,6465,6298,5.58129422,v2_avx512bw_vec32_exact_perm,77-34-56-40-20-11-92-83-12-60-24-90-100-51-26-36-87-54-43-98-6-65-47-67-64-68-18-78-52-1-15-46-42-14-27-96-97-23-81-22-21-76-10-84-38-35-70-37-74-48-63-49-62-3-75-72-39-5-2-89-33-88-73-95-99-61-4-16-86-57-31-7-25-91-85-69-28-94-71-32-9-50-17-8-44-41-13-30-79-93-58-45-82-29-66-19-53-80-55-59
Ta100x20,10,4,400,1,0.075,3,2231003228,17000,6703,6465,6298,5.617468471,v2_avx512bw_vec32_exact_perm,77-56-26-65-83-92-11-90-40-100-87-43-98-51-15-34-54-6-27-60-24-35-81-48-74-12-1-20-70-22-36-62-67-37-96-72-46-52-32-75-31-5-14-47-39-7-84-25-18-4-97-42-95-38-64-71-17-73-76-21-10-68-88-23-16-94-85-28-2-3-78-63-9-91-8-13-30-89-69-86-61-41-44-82-57-50-99-45-33-49-79-58-29-19-93-55-53-80-66-59
Ta100x20,10,4,400,1,0.075,4,2231004237,17000,6732,6465,6298,6.098444032,v2_avx512bw_vec32_exact_perm,77-34-56-26-92-51-40-100-6-20-87-90-11-24-78-52-83-67-12-60-64-46-62-35-47-10-15-25-37-54-18-36-1-2-74-7-65-48-21-27-31-38-95-89-70-17-86-23-68-97-91-81-22-33-43-72-73-75-16-13-99-45-9-71-3-96-98-14-39-44-42-63-5-57-69-76-94-30-8-4-85-28-50-32-88-82-61-84-79-49-41-58-19-29-93-55-66-53-80-59
Ta100x20,10,4,400,1,0.075,5,2231005246,17000,6732,6465,6298,5.990877676,v2_avx512bw_vec32_exact_perm,77-34-40-56-26-51-11-81-54-100-87-83-1-12-6-24-48-52-72-27-62-90-92-88-84-60-67-74-2-18-43-78-64-46-23-65-96-70-35-38-47-15-97-98-89-13-20-25-31-68-10-37-42-36-33-22-95-75-32-5-86-76-17-69-85-57-41-30-9-14-73-61-39-94-8-44-71-21-63-82-45-99-16-93-50-7-4-19-91-28-29-79-3-53-58-49-55-66-80-59
Ta100x20,10,4,400,1,0.075,6,2231006255,17000,6729,6465,6298,5.807894514,v2_avx512bw_vec32_exact_perm,77-34-81-56-51-40-38-43-90-6-20-54-83-24-35-11-92-18-26-87-10-36-47-96-60-21-12-2-62-37-100-15-52-27-98-68-67-72-1-64-65-78-95-31-14-70-97-86-23-76-84-74-75-57-7-39-88-71-22-61-16-5-48-33-25-46-32-99-73-85-3-94-4-28-19-13-8-63-9-45-42-89-93-44-82-69-41-17-50-91-79-49-55-58-30-80-29-53-66-59
Ta100x20,10,4,400,1,0.075,7,2231007264,17000,6732,6465,6298,6.019659376,v2_avx512bw_vec32_exact_perm,77-34-56-40-18-20-11-100-90-98-43-92-15-51-35-83-37-65-38-87-12-24-54-31-74-1-26-70-22-46-21-6-60-62-64-47-27-14-23-81-75-96-5-48-67-52-97-72-2-91-42-88-84-44-82-36-25-10-4-39-33-57-95-32-78-68-76-86-16-61-13-99-94-28-89-71-73-45-7-3-9-8-69-17-63-30-50-58-41-93-55-79-29-49-85-66-19-53-80-59
Ta100x20,10,4,400,1,0.075,8,2231008273,17000,6732,6465,6298,6.032666702,v2_avx512bw_vec32_exact_perm,77-34-56-40-26-1-11-48-92-81-51-87-62-24-43-83-72-27-100-12-20-36-14-90-86-60-6-68-37-35-46-22-54-65-23-96-67-64-74-42-21-16-47-15-95-31-75-5-70-3-88-10-99-18-76-4-32-98-52-7-30-71-89-25-33-61-13-41-50-94-73-9-57-2-97-44-49-79-85-91-78-58-38-84-8-28-39-63-17-69-45-29-19-93-53-82-55-66-80-59
Ta100x20,10,4,400,1,0.075,9,2231009282,17000,6731,6465,6298,6.148788268,v2_avx512bw_vec32_exact_perm,77-34-56-90-6-100-15-26-1-51-36-40-83-11-60-62-20-35-98-70-87-24-74-23-96-12-64-72-54-47-88-52-78-21-44-43-10-14-22-92-27-31-46-65-48-95-42-84-85-68-57-4-89-50-38-76-59-28-37-97-81-67-39-25-18-5-32-94-16-9-33-86-45-71-61-75-30-13-99-3-7-41-91-2-73-8-19-93-69-79-82-17-63-29-66-49-58-53-55-80
Ta100x20,10,4,400,1,0.075,10,2231010291,17000,6732,6465,6298,6.332753896,v2_avx512bw_vec32_exact_perm,77-34-56-40-100-83-12-26-90-87-51-54-11-92-15-46-1-60-3-43-81-37-48-52-35-27-24-18-32-38-20-47-64-96-14-78-31-25-13-88-6-21-72-2-74-70-75-42-67-22-36-99-16-95-86-10-5-94-65-33-91-98-69-7-23-97-4-85-9-71-8-28-89-73-49-68-44-45-17-63-61-39-76-30-41-62-84-82-79-19-57-58-50-93-29-66-55-53-80-59
Ta100x20,10,4,400,1,0.1,1,2231001210,17000,6732,6465,6298,5.736605514,v2_avx512bw_vec32_exact_perm,77-56-11-92-15-65-24-34-87-90-40-20-51-54-43-98-70-60-27-6-26-35-18-100-81-73-23-75-52-37-95-22-46-12-78-14-48-1-47-72-5-36-96-84-86-62-68-38-88-2-74-42-67-83-25-21-4-71-32-7-13-63-61-10-94-28-93-97-99-45-17-85-44-76-16-41-89-3-64-31-9-50-8-57-82-39-33-30-69-79-49-91-29-58-66-19-55-53-80-59
Ta100x20,10,4,400,1,0.1,2,2231002219,17000,6732,6465,6298,5.947272615,v2_avx512bw_vec32_exact_perm,77-34-100-56-11-43-87-51-81-92-83-52-24-40-38-6-1-20-15-12-35-96-90-60-22-33-21-70-62-88-54-98-46-10-37-74-72-27-64-2-36-67-14-57-95-3-23-5-47-26-48-39-42-7-31-16-65-68-18-86-61-49-76-89-32-25-71-99-78-45-4-13-69-85-84-50-91-97-75-73-44-28-30-94-63-8-17-41-19-9-79-82-29-58-66-93-55-53-80-59
Ta100x20,10,4,400,1,0.1,3,2231003228,17000,6732,6465,6298,5.856756846,v2_avx512bw_vec32_exact_perm,77-34-56-90-47-20-43-40-98-51-38-52-35-1-24-70-88-60-15-87-48-62-11-83-6-2-92-37-46-72-81-64-26-100-18-31-25-21-84-96-74-12-10-39-27-67-75-36-86-5-73-7-50-4-78-95-42-54-22-65-23-99-13-45-28-16-44-91-57-14-89-3-68-97-76-94-41-85-61-30-69-8-9-17-33-79-32-82-71-63-29-49-58-19-93-55-53-66-80-59
Ta100x20,10,4,400,1,0.1,4,2231004237,17000,6707,6465,6298,6.043515323,v2_avx512bw_vec32_exact_perm,77-34-56-81-1-90-12-6-40-100-83-60-65-11-87-54-92-47-64-51-67-62-72-14-43-15-35-2-88-97-26-24-48-27-52-96-37-98-32-18-21-7-36-75-94-73-5-70-20-74-3-10-68-23-4-76-71-99-78-38-57-22-16-39-61-86-25-42-13-95-46-8-33-63-30-31-91-50-49-41-17-84-45-85-9-89-28-79-44-58-69-82-29-93-66-19-53-80-55-59
Ta100x20,10,4,400,1,0.1,5,2231005246,17000,6732,6465,6298,6.48450815,v2_avx512bw_vec32_exact_perm,77-34-56-90-43-6-100-11-40-64-24-51-72-26-27-83-88-47-36-9-87-22-20-92-60-12-84-98-74-1-15-52-75-62-54-31-21-25-38-96-37-67-48-65-70-46-10-35-14-78-4-42-13-95-30-81-76-44-57-7-89-2-73-16-23-5-91-3-94-93-17-8-32-68-45-86-97-41-18-39-63-85-28-33-49-19-71-61-69-99-79-82-58-50-29-66-55-53-80-59
Ta100x20,10,4,400,1,0.1,6,2231006255,17000,6732,6465,6298,6.220149295,v2_avx512bw_vec32_exact_perm,77-34-100-56-40-38-26-11-98-90-54-87-24-20-6-67-81-70-47-51-65-83-15-1-92-12-72-60-74-14-10-52-35-62-78-27-42-22-23-43-36-2-21-88-5-37-46-18-7-31-49-25-99-75-33-96-64-86-28-95-94-16-73-4-9-85-48-89-76-63-68-32-57-8-30-91-44-71-97-82-61-29-45-69-17-13-84-79-50-39-41-93-3-58-55-66-19-53-80-59
Ta100x20,10,4,400,1,0.1,7,2231007264,17000,6732,6465,6298,6.134179158,v2_avx512bw_vec32_exact_perm,77-34-56-24-51-40-43-90-20-65-87-1-100-96-6-12-92-60-11-83-81-64-54-78-52-26-15-37-27-75-62-22-47-25-67-16-84-97-36-88-31-18-35-2-70-74-23-46-5-17-72-13-98-10-38-61-48-21-14-42-76-30-63-99-95-49-89-68-71-44-69-91-73-94-3-32-41-86-85-8-4-7-57-9-45-79-39-66-33-82-29-28-50-58-19-53-55-93-80-59
Ta100x20,10,4,400,1,0.1,8,2231008273,17000,6732,6465,6298,5.745487066,v2_avx512bw_vec32_exact_perm,77-34-40-56-11-90-47-26-43-54-62-87-100-20-52-51-27-24-57-1-65-98-18-6-83-92-38-74-15-21-14-67-95-72-5-2-99-10-37-12-60-35-70-39-31-22-25-96-16-46-64-68-23-97-84-4-75-85-42-33-94-48-88-76-73-81-86-13-69-3-78-71-82-36-7-50-45-8-30-9-61-17-32-89-41-63-93-44-28-79-91-49-29-66-58-19-55-53-80-59
Ta100x20,10,4,400,1,0.1,9,2231009282,17000,6732,6465,6298,5.84850535,v2_avx512bw_vec32_exact_perm,77-34-56-11-26-20-15-90-1-43-24-6-83-14-37-64-100-40-46-87-17-67-35-52-72-51-47-10-74-96-92-21-70-18-60-12-54-39-23-2-16-81-5-65-27-97-75-57-38-22-36-4-84-61-68-88-63-9-86-31-78-99-95-71-25-62-98-85-94-8-48-33-73-76-30-28-41-89-91-7-32-3-13-44-82-45-42-69-79-93-29-49-50-66-55-58-19-53-80-59
Ta100x20,10,4,400,1,0.1,10,2231010291,17000,6732,6465,6298,6.091232165,v2_avx512bw_vec32_exact_perm,77-34-56-40-26-100-11-48-43-47-37-90-64-83-27-52-20-36-51-24-6-35-12-22-1-15-87-54-73-74-18-98-67-92-70-21-78-10-62-86-96-88-95-46-84-31-60-14-23-65-42-99-4-72-68-16-5-97-50-25-7-91-17-75-76-89-9-63-57-13-71-45-30-82-69-39-3-81-61-33-28-44-2-38-41-32-19-85-49-94-58-8-79-93-29-66-55-53-80-59
Ta100x20,10,4,400,1,0.125,1,2231001210,17000,6714,6465,6298,5.541977354,v2_avx512bw_vec32_exact_perm,77-34-56-100-64-11-24-6-51-70-90-43-26-83-37-60-47-92-40-54-1-17-74-67-35-14-87-10-52-96-15-21-68-88-65-48-27-46-84-62-4-86-78-42-2-85-99-81-16-76-12-69-31-25-20-72-98-22-36-18-23-75-3-39-57-91-95-5-61-94-33-97-38-32-28-89-8-13-44-71-73-41-45-19-9-50-49-82-79-58-53-7-30-63-29-93-80-55-66-59
Ta100x20,10,4,400,1,0.125,2,2231002219,17000,6732,6465,6298,5.443315674,v2_avx512bw_vec32_exact_perm,77-34-87-11-56-92-26-51-43-40-36-20-24-100-54-52-98-90-6-12-83-46-62-96-74-47-38-70-1-14-67-78-37-60-27-21-65-2-35-49-10-63-82-72-18-86-88-42-5-23-7-25-48-4-15-28-95-91-31-84-22-85-71-89-64-81-13-68-16-33-30-61-97-76-45-57-99-44-75-17-79-39-9-3-73-94-32-8-29-50-41-19-58-69-55-66-53-93-80-59
Ta100x20,10,4,400,1,0.125,3,2231003228,17000,6733,6465,6298,5.388591089,v2_avx512bw_vec32_exact_perm,77-56-51-11-81-47-100-26-62-34-54-12-67-87-1-83-60-43-35-10-40-21-24-6-15-38-70-22-65-74-27-52-64-98-90-86-88-72-18-39-92-36-23-96-91-13-2-7-89-46-48-68-97-57-44-25-20-37-4-95-32-28-14-41-5-31-50-45-71-42-75-33-76-17-16-82-69-61-84-73-99-30-78-94-9-3-8-63-19-93-29-85-58-49-53-79-66-55-80-59
Ta100x20,10,4,400,1,0.125,4,2231004237,17000,6732,6465,6298,6.320844772,v2_avx512bw_vec32_exact_perm,77-34-56-40-67-11-47-92-6-24-12-1-60-51-88-100-81-87-20-54-96-27-98-74-62-18-70-43-90-14-37-23-38-52-26-83-46-15-48-31-2-68-89-7-65-72-75-64-21-35-36-86-25-91-42-5-99-33-10-13-32-95-94-30-78-44-4-97-71-85-28-82-76-16-8-57-45-73-79-22-50-9-39-69-63-3-29-58-49-17-66-84-41-61-19-93-55-53-80-59
Ta100x20,10,4,400,1,0.125,5,2231005246,17000,6732,6465,6298,5.705121952,v2_avx512bw_vec32_exact_perm,77-34-56-100-51-11-81-24-40-90-54-83-60-98-62-87-15-92-6-1-20-70-18-12-14-46-52-68-27-72-37-74-67-35-47-64-48-43-10-88-65-26-23-57-82-84-96-75-21-89-13-16-38-22-86-36-76-91-73-99-2-78-33-61-95-71-31-97-25-63-32-9-39-4-50-94-17-79-7-49-85-45-8-30-42-5-44-3-28-41-69-93-29-58-19-66-55-53-80-59
Ta100x20,10,4,400,1,0.125,6,2231006255,17000,6732,6465,6298,6.299052933,v2_avx512bw_vec32_exact_perm,77-34-56-26-24-51-87-12-81-40-23-46-83-43-92-60-100-11-98-52-15-1-74-37-38-6-84-90-54-96-14-48-57-35-65-22-47-4-70-20-27-10-21-64-97-67-62-2-7-5-95-18-75-36-31-72-86-78-42-39-3-25-88-17-50-8-91-44-73-33-76-45-89-49-41-9-99-32-61-16-94-68-82-63-28-85-30-71-13-93-69-79-29-58-53-19-66-55-80-59
Ta100x20,10,4,400,1,0.125,7,2231007264,17000,6732,6465,6298,6.243990001,v2_avx512bw_vec32_exact_perm,77-34-56-90-26-87-40-20-36-51-92-6-54-11-83-35-48-27-24-70-43-60-98-47-65-12-67-7-75-86-3-23-64-18-14-22-2-52-72-97-78-62-84-25-5-31-37-81-74-4-68-95-96-100-32-1-46-99-30-57-15-28-10-89-39-38-61-45-88-63-42-82-91-44-16-33-69-71-41-85-17-76-21-94-8-73-9-49-79-50-13-58-29-19-93-53-55-66-80-59
Ta100x20,10,4,400,1,0.125,8,2231008273,17000,6713,6465,6298,6.090059029,v2_avx512bw_vec32_exact_perm,77-34-56-81-51-40-100-65-90-1-92-47-74-26-83-22-20-96-60-6-87-70-12-43-27-99-14-32-67-46-2-98-11-10-64-21-48-35-37-24-36-52-72-42-75-88-95-16-23-25-97-15-54-94-91-38-31-57-3-4-44-62-18-76-39-5-33-17-78-13-71-73-68-49-89-7-85-9-8-61-41-80-84-28-82-45-69-50-93-66-86-63-79-30-29-53-58-19-55-59
Ta100x20,10,4,400,1,0.125,9,2231009282,17000,6732,6465,6298,6.423782785,v2_avx512bw_vec32_exact_perm,77-34-56-62-78-100-26-38-40-6-54-27-64-15-83-60-98-47-24-70-11-1-92-96-67-12-14-90-74-20-35-3-87-88-37-36-72-51-31-23-22-65-89-75-5-33-52-48-7-86-21-17-43-10-25-95-68-99-18-30-81-71-32-97-46-2-13-94-84-8-85-9-61-45-73-44-41-57-93-50-42-63-39-16-76-79-69-29-91-82-28-4-58-19-66-49-55-53-80-59
Ta100x20,10,4,400,1,0.125,10,2231010291,17000,6732,6465,6298,5.829869514,v2_avx512bw_vec32_exact_perm,77-34-40-56-92-46-26-11-6-15-83-100-54-51-20-1-24-98-62-87-52-14-60-35-84-38-43-88-64-18-37-27-90-65-10-70-95-74-97-2-31-72-48-25-33-47-75-63-12-69-7-96-76-67-21-4-22-99-73-13-71-68-36-78-23-85-94-89-17-44-91-86-9-32-57-5-39-41-82-16-42-66-50-49-29-28-45-3-8-61-81-30-79-58-19-93-55-53-80-59
Ta100x20,10,5,500,0.85,0.025,1,2231001210,17000,6673,6465,6298,7.092540462,v2_avx512bw_vec32_exact_perm,77-81-40-56-90-34-24-51-43-64-60-6-26-20-83-62-35-92-67-22-46-47-54-96-37-98-48-70-27-69-72-10-12-15-52-1-95-36-100-18-2-65-74-23-11-78-87-7-14-25-21-99-86-3-38-75-32-4-39-13-57-31-16-88-73-89-68-33-94-42-91-5-97-17-71-44-76-41-9-30-49-50-80-8-45-84-61-82-85-19-63-29-53-93-28-79-59-66-55-58
Ta100x20,10,5,500,0.85,0.025,2,2231002219,17000,6688,6465,6298,6.823996146,v2_avx512bw_vec32_exact_perm,77-34-56-51-92-20-87-54-100-83-40-26-11-62-24-90-14-6-65-81-12-47-27-98-52-15-48-60-70-21-96-43-67-1-74-10-72-35-23-86-32-75-18-5-3-7-22-88-42-37-46-2-31-78-64-39-4-73-38-95-17-71-16-76-36-99-68-89-13-57-91-49-44-69-94-33-25-63-97-28-45-9-61-85-8-50-30-84-79-41-82-29-58-66-19-93-80-53-55-59
Ta100x20,10,5,500,0.85,0.025,3,2231003228,17000,6688,6465,6298,6.526041418,v2_avx512bw_vec32_exact_perm,77-34-56-26-100-83-90-11-51-92-12-40-20-43-38-54-60-24-21-96-1-6-70-87-35-47-27-14-67-22-52-72-65-23-98-18-64-46-31-62-84-5-16-2-48-10-95-57-15-74-37-81-88-36-75-30-99-4-97-68-32-25-91-89-94-76-28-61-41-9-3-42-33-44-17-85-71-78-39-86-50-73-49-63-45-13-79-82-7-8-58-19-69-29-53-93-80-55-66-59
Ta100x20,10,5,500,0.85,0.025,4,2231004237,17000,6732,6465,6298,6.808063144,v2_avx512bw_vec32_exact_perm,77-34-56-20-43-40-26-87-11-6-15-92-100-64-24-51-60-1-83-90-46-35-54-23-65-96-10-37-12-67-81-27-48-22-17-84-47-33-31-74-2-62-78-14-72-91-70-98-5-21-36-88-75-97-68-38-25-4-73-76-39-52-89-95-18-86-7-42-99-16-94-82-8-32-13-85-57-3-71-69-63-28-45-9-30-41-44-50-79-55-93-29-49-58-66-19-61-53-80-59
Ta100x20,10,5,500,0.85,0.025,5,2231005246,17000,6688,6465,6298,6.561926761,v2_avx512bw_vec32_exact_perm,77-34-56-100-43-26-83-11-60-17-1-70-40-90-12-6-51-24-87-10-92-81-96-52-21-27-54-47-14-62-35-15-46-67-20-84-98-74-72-5-25-95-97-37-22-31-16-36-86-48-42-91-75-23-88-64-68-76-38-18-65-78-32-4-73-89-69-99-2-71-41-61-13-45-50-44-94-63-9-57-3-7-8-30-33-39-49-85-82-28-79-29-58-19-53-93-80-55-66-59
Ta100x20,10,5,500,0.85,0.025,6,2231006255,17000,6688,6465,6298,7.210004363,v2_avx512bw_vec32_exact_perm,77-34-56-51-81-40-11-90-100-54-62-2-1-87-92-26-6-24-46-37-15-20-65-83-43-10-12-38-60-52-35-47-48-70-74-88-18-78-28-72-27-3-25-36-67-5-21-23-22-14-75-97-7-71-98-96-31-95-42-64-91-68-44-57-94-84-45-61-86-13-32-9-99-4-89-73-76-16-33-85-63-49-79-39-50-30-8-17-41-29-93-58-19-69-82-80-53-55-66-59
Ta100x20,10,5,500,0.85,0.025,7,2231007264,17000,6688,6465,6298,7.108497826,v2_avx512bw_vec32_exact_perm,77-34-56-43-51-11-26-20-40-87-54-62-92-6-1-83-24-27-81-100-67-52-70-15-90-84-12-60-47-46-72-75-31-22-98-2-37-74-10-64-36-48-25-96-23-65-35-21-78-38-18-14-95-42-3-33-7-28-88-5-97-68-71-4-91-86-63-89-44-69-16-61-9-94-45-57-13-17-73-99-50-41-76-39-32-85-8-49-30-79-19-29-82-58-53-80-66-55-93-59
Ta100x20,10,5,500,0.85,0.025,8,2231008273,17000,6688,6465,6298,7.261609251,v2_avx512bw_vec32_exact_perm,77-34-56-51-6-90-40-20-43-11-38-65-24-26-47-100-74-10-64-62-92-83-37-67-1-60-46-54-96-12-95-21-98-87-52-31-27-35-18-15-70-14-22-68-78-86-36-57-25-3-4-5-81-23-2-16-72-76-42-69-88-89-80-79-33-91-97-48-75-44-7-61-94-49-45-13-9-71-99-63-50-32-73-39-30-85-8-28-17-84-82-41-29-58-66-19-93-55-53-59
Ta100x20,10,5,500,0.85,0.025,9,2231009282,17000,6703,6465,6298,7.299292519,v2_avx512bw_vec32_exact_perm,77-34-56-11-43-26-40-100-92-6-87-54-38-83-98-90-67-51-24-1-60-15-64-35-47-37-12-81-21-96-68-48-10-65-46-2-25-72-70-62-74-22-23-75-14-16-18-36-78-52-57-7-27-20-91-31-5-17-95-86-97-76-3-4-88-50-42-39-73-63-89-32-33-69-9-71-13-82-79-45-30-8-84-85-44-49-99-41-94-29-61-58-66-19-93-55-53-80-28-59
Ta100x20,10,5,500,0.85,0.025,10,2231010291,17000,6688,6465,6298,7.504058887,v2_avx512bw_vec32_exact_perm,77-34-56-100-51-83-11-20-81-1-87-47-24-96-54-60-15-90-6-52-26-43-18-22-12-64-67-27-35-65-37-92-98-3-10-40-91-74-48-70-36-42-62-14-25-5-72-2-68-21-46-38-88-32-16-23-76-89-31-86-4-75-73-95-71-99-7-97-57-13-94-45-63-33-78-44-9-85-30-69-17-50-8-39-79-49-61-84-41-82-28-29-58-66-19-93-80-53-55-59
Ta100x20,10,5,500,0.85,0.05,1,2231001210,17000,6684,6465,6298,6.703364825,v2_avx512bw_vec32_exact_perm,77-34-56-43-26-40-83-87-54-60-92-51-72-6-100-24-20-98-11-62-38-90-37-67-70-15-65-27-52-48-35-47-1-74-18-64-31-12-81-14-10-96-95-21-46-23-2-16-57-7-32-91-25-22-89-99-88-4-17-71-5-36-73-75-33-61-69-78-68-86-94-9-42-50-63-76-45-3-59-44-97-39-84-28-30-13-8-82-41-49-85-79-29-58-66-19-93-55-80-53
Ta100x20,10,5,500,0.85,0.05,2,2231002219,17000,6688,6465,6298,6.676735529,v2_avx512bw_vec32_exact_perm,77-34-56-90-40-26-11-43-38-51-54-60-83-81-6-24-92-52-74-65-67-15-62-23-70-37-46-96-87-20-98-100-72-12-31-95-27-18-35-25-1-48-68-64-14-36-97-84-63-42-7-21-5-10-86-75-4-22-2-3-57-9-94-99-88-32-71-33-76-78-47-17-89-69-85-50-91-45-16-93-39-41-73-44-61-8-28-13-30-49-79-29-58-19-53-82-80-55-66-59
Ta100x20,10,5,500,0.85,0.05,3,2231003228,17000,6688,6465,6298,6.611946857,v2_avx512bw_vec32_exact_perm,77-56-34-83-40-100-90-11-51-43-26-87-24-37-62-35-60-1-98-70-38-46-21-54-92-15-6-65-48-20-96-2-7-67-27-3-18-72-74-31-52-12-89-5-68-88-76-64-97-91-10-22-57-95-16-23-4-63-47-25-81-14-94-78-36-28-44-86-75-17-33-73-39-8-61-85-42-79-32-49-45-13-71-99-9-69-50-84-41-30-82-29-58-66-19-93-80-53-55-59
Ta100x20,10,5,500,0.85,0.05,4,2231004237,17000,6688,6465,6298,6.487535421,v2_avx512bw_vec32_exact_perm,77-34-24-56-43-11-20-90-92-21-51-40-26-6-83-38-87-27-65-52-54-74-14-67-76-62-60-47-1-96-81-12-70-100-17-15-10-78-18-95-35-2-64-36-72-22-5-23-32-89-46-31-25-3-88-37-98-39-75-33-86-68-7-4-48-30-61-63-45-71-99-57-97-16-42-44-91-9-50-93-28-94-41-13-73-8-49-79-84-29-69-58-85-19-53-82-80-55-66-59
Ta100x20,10,5,500,0.85,0.05,5,2231005246,17000,6688,6465,6298,6.56634874,v2_avx512bw_vec32_exact_perm,77-34-56-43-20-11-40-24-26-51-54-83-70-90-47-65-60-62-6-1-98-100-22-87-12-92-14-18-35-10-52-27-81-37-46-74-15-36-67-25-84-95-88-21-96-64-23-48-68-31-4-7-44-75-72-39-78-89-57-85-2-17-63-69-42-33-94-86-16-45-5-99-3-50-32-61-13-30-38-71-49-9-8-97-29-28-73-91-79-76-41-82-80-66-58-19-93-55-53-59
Ta100x20,10,5,500,0.85,0.05,6,2231006255,17000,6699,6465,6298,6.682549583,v2_avx512bw_vec32_exact_perm,81-40-51-11-90-36-100-20-12-34-92-47-43-83-35-24-56-26-60-65-62-6-38-21-87-22-18-54-48-52-88-1-27-64-78-14-23-31-74-37-70-10-84-96-72-67-95-15-63-42-16-73-98-45-5-46-75-25-4-77-13-97-57-9-44-2-39-82-94-32-28-86-89-85-68-17-76-30-99-71-41-3-93-7-8-69-61-33-91-49-50-79-80-29-58-66-19-55-53-59
Ta100x20,10,5,500,0.85,0.05,7,2231007264,17000,6688,6465,6298,7.017125273,v2_avx512bw_vec32_exact_perm,77-56-26-51-83-100-11-6-64-60-54-92-40-62-24-90-35-15-1-2-10-47-98-65-43-18-21-20-87-37-52-34-31-67-74-27-99-70-25-46-36-48-96-12-71-3-38-42-72-33-23-78-81-88-22-14-32-57-97-94-75-5-95-73-69-16-86-80-13-4-45-76-91-89-28-39-63-9-61-8-84-44-85-7-82-79-68-30-17-50-49-41-29-58-66-19-93-55-53-59
Ta100x20,10,5,500,0.85,0.05,8,2231008273,17000,6688,6465,6298,6.708063315,v2_avx512bw_vec32_exact_perm,77-34-56-26-87-90-43-40-11-83-54-81-24-74-12-37-92-100-6-51-60-65-96-47-48-67-15-70-22-35-52-62-84-10-27-31-21-25-98-20-46-64-36-68-73-39-88-75-18-1-72-23-61-99-7-14-71-86-95-2-38-91-16-89-9-57-5-78-42-69-4-44-3-41-76-63-17-97-32-94-13-45-30-49-79-28-82-8-33-85-50-58-29-19-93-53-80-55-66-59
Ta100x20,10,5,500,0.85,0.05,9,2231009282,17000,6688,6465,6298,6.429500035,v2_avx512bw_vec32_exact_perm,77-34-56-51-92-20-26-87-11-40-83-60-81-24-43-12-15-21-67-100-54-90-6-62-52-1-27-23-74-70-96-47-64-48-35-46-25-65-10-16-72-36-37-2-98-78-5-14-63-95-31-18-99-75-84-91-4-9-73-68-89-33-42-22-39-17-7-50-28-97-88-71-13-38-76-45-86-3-82-94-32-44-57-69-49-85-93-8-41-61-79-30-29-58-19-80-55-53-66-59
Ta100x20,10,5,500,0.85,0.05,10,2231010291,17000,6671,6465,6298,6.739404963,v2_avx512bw_vec32_exact_perm,77-34-56-26-100-92-11-20-40-6-83-60-38-81-52-43-87-18-54-1-12-96-98-74-70-15-22-35-24-48-51-90-37-46-75-2-65-23-31-25-16-72-27-62-97-57-76-36-84-67-14-32-10-4-17-47-78-63-94-86-5-68-95-64-39-30-45-61-88-73-21-42-7-50-89-91-99-71-44-33-69-9-8-49-13-41-93-79-28-82-29-19-53-80-3-85-55-59-66-58
Ta100x20,10,5,500,0.85,0.075,1,2231001210,17000,6705,6465,6298,6.876921993,v2_avx512bw_vec32_exact_perm,77-6-56-43-11-26-54-83-34-87-15-40-60-51-14-38-21-65-62-35-17-74-92-24-90-70-27-22-52-99-100-67-78-95-12-37-10-20-81-75-36-47-42-88-16-86-7-98-25-1-71-64-96-2-59-72-97-5-57-91-18-13-48-68-82-9-23-4-46-73-89-44-63-39-45-3-76-32-61-31-30-50-85-84-41-29-33-28-49-79-94-69-58-93-8-66-19-53-80-55
Ta100x20,10,5,500,0.85,0.075,2,2231002219,17000,6688,6465,6298,6.94861088,v2_avx512bw_vec32_exact_perm,77-56-34-26-11-100-1-83-92-70-40-20-90-72-60-51-24-47-18-87-43-6-22-54-12-74-35-27-52-98-15-10-36-48-84-37-31-64-88-2-23-46-3-75-7-96-32-61-42-65-67-21-16-95-62-99-25-9-5-39-45-14-38-68-81-78-73-89-86-69-4-71-50-41-57-13-94-97-28-91-76-63-33-17-29-30-49-79-93-85-44-58-8-19-82-66-80-53-55-59
Ta100x20,10,5,500,0.85,0.075,3,2231003228,17000,6688,6465,6298,7.219948507,v2_avx512bw_vec32_exact_perm,77-34-15-81-40-90-56-100-11-92-87-54-51-78-83-24-36-62-20-96-12-27-21-43-25-26-6-52-60-88-2-64-65-1-22-70-31-14-74-72-37-57-44-18-80-48-75-10-42-35-46-4-94-38-32-97-47-67-16-69-76-5-79-98-91-99-50-95-71-39-28-86-41-85-33-17-9-63-89-61-23-13-73-84-45-8-68-30-49-7-3-29-82-66-58-19-93-55-53-59
Ta100x20,10,5,500,0.85,0.075,4,2231004237,17000,6688,6465,6298,7.205878933,v2_avx512bw_vec32_exact_perm,77-56-100-11-40-87-26-64-24-51-46-83-80-54-43-47-62-90-67-60-20-14-81-72-15-1-37-70-35-6-98-12-34-92-52-10-25-21-31-68-74-22-27-5-65-48-36-42-91-78-38-18-95-16-2-97-76-32-88-4-71-7-44-17-3-89-63-69-99-96-75-9-94-57-45-39-86-13-33-28-30-73-8-61-23-85-84-41-79-82-49-50-29-58-66-19-93-55-53-59
Ta100x20,10,5,500,0.85,0.075,5,2231005246,17000,6688,6465,6298,7.969777737,v2_avx512bw_vec32_exact_perm,77-34-56-100-83-52-36-47-54-40-24-90-87-43-12-6-51-98-25-92-65-37-62-60-67-26-74-22-35-38-5-11-64-20-96-78-70-81-27-14-46-10-2-7-68-21-1-18-72-23-32-95-48-84-75-61-30-3-89-15-73-4-88-86-94-31-9-39-50-63-76-45-33-16-57-99-69-97-42-91-44-13-71-82-28-17-41-49-85-8-93-79-29-58-19-53-80-55-66-59
Ta100x20,10,5,500,0.85,0.075,6,2231006255,17000,6688,6465,6298,7.339154516,v2_avx512bw_vec32_exact_perm,77-34-56-11-51-87-90-20-40-24-6-43-15-100-92-83-81-64-18-54-1-22-65-72-88-35-12-14-37-52-31-62-21-47-96-26-25-60-67-46-70-48-78-27-84-3-73-76-74-10-4-42-97-95-98-23-32-2-86-5-75-17-57-36-39-50-7-33-94-30-71-63-13-9-16-80-49-85-99-44-68-89-69-93-91-45-28-41-79-8-19-61-38-82-58-29-55-53-66-59
Ta100x20,10,5,500,0.85,0.075,7,2231007264,17000,6694,6465,6298,7.281277485,v2_avx512bw_vec32_exact_perm,77-34-56-92-24-46-26-11-96-51-20-87-1-81-98-62-27-60-40-2-12-90-74-83-6-70-80-52-72-31-15-18-43-35-21-54-64-22-16-10-47-23-78-36-14-75-88-100-5-84-67-48-73-13-86-37-85-4-95-97-65-33-68-28-94-9-89-30-76-25-3-41-7-69-45-38-42-71-61-39-32-17-99-91-44-50-57-82-8-63-66-49-79-29-58-19-93-55-53-59
Ta100x20,10,5,500,0.85,0.075,8,2231008273,17000,6688,6465,6298,6.87004089,v2_avx512bw_vec32_exact_perm,77-34-56-100-20-11-51-26-36-87-92-83-62-54-43-90-12-6-37-81-27-40-15-52-67-42-21-65-60-48-70-31-24-23-35-74-98-47-96-1-32-10-18-2-22-78-16-25-72-46-95-84-38-4-5-14-94-76-64-9-75-97-8-68-57-3-85-41-39-73-71-7-44-88-91-86-13-99-30-17-82-33-45-89-49-28-79-29-63-69-61-50-58-66-19-93-80-53-55-59
Ta100x20,10,5,500,0.85,0.075,9,2231009282,17000,6694,6465,6298,7.24910145,v2_avx512bw_vec32_exact_perm,77-34-100-56-11-20-87-92-90-24-40-1-12-60-83-47-26-6-70-54-67-51-43-72-52-96-27-81-37-14-95-18-35-36-65-38-48-2-88-46-10-86-23-78-57-74-61-16-42-84-68-64-98-25-15-39-62-45-3-75-22-7-30-31-21-76-89-71-97-73-63-33-44-94-28-49-85-13-4-9-32-19-69-17-8-99-5-50-41-91-79-82-29-58-53-93-55-80-66-59
Ta100x20,10,5,500,0.85,0.075,10,2231010291,17000,6688,6465,6298,7.148851532,v2_avx512bw_vec32_exact_perm,77-34-56-1-90-47-43-65-6-100-21-11-20-54-62-15-51-40-92-83-24-87-35-26-37-27-98-67-72-52-2-48-88-12-60-70-23-96-10-64-31-97-44-81-78-74-38-36-18-16-84-75-22-46-57-5-25-95-14-68-89-4-99-86-13-39-91-32-76-42-69-9-41-45-94-50-28-63-30-8-3-71-33-49-17-85-73-7-79-82-29-61-58-66-19-93-80-53-55-59
Ta100x20,10,5,500,0.85,0.1,1,2231001210,17000,6688,6465,6298,6.631937094,v2_avx512bw_vec32_exact_perm,77-34-56-100-51-24-90-81-40-11-26-35-83-15-43-62-92-12-27-54-6-67-31-95-38-65-87-1-96-21-25-70-22-46-20-14-32-60-64-74-42-18-47-37-52-82-48-75-36-10-39-33-4-78-73-23-2-28-97-68-86-88-91-5-72-85-84-98-94-71-44-99-63-89-49-13-8-16-45-76-30-50-9-41-7-17-69-79-61-19-58-29-57-3-66-93-80-53-55-59
Ta100x20,10,5,500,0.85,0.1,2,2231002219,17000,6688,6465,6298,7.051369517,v2_avx512bw_vec32_exact_perm,77-34-56-88-92-24-26-6-11-51-52-87-65-43-40-83-90-100-20-15-10-74-60-47-67-42-54-14-38-62-72-48-12-27-21-68-96-33-35-22-5-70-1-3-98-84-64-99-31-75-4-9-36-25-78-95-46-89-69-57-23-73-16-37-18-91-13-86-76-81-97-32-39-82-71-7-45-30-79-63-17-41-50-49-94-61-2-44-28-8-85-29-58-19-93-66-80-53-55-59
Ta100x20,10,5,500,0.85,0.1,3,2231003228,17000,6699,6465,6298,6.997879244,v2_avx512bw_vec32_exact_perm,77-34-56-20-40-26-54-38-90-11-51-6-27-87-83-60-36-35-67-62-43-47-100-12-18-21-15-2-81-22-70-72-96-24-10-48-52-29-14-92-46-7-98-74-37-31-1-95-28-68-88-42-25-75-4-3-97-71-76-13-94-23-64-63-5-86-45-61-30-89-39-33-99-32-57-78-91-65-82-50-41-80-17-44-73-85-8-16-9-58-84-49-66-79-69-19-93-55-53-59
Ta100x20,10,5,500,0.85,0.1,4,2231004237,17000,6688,6465,6298,6.717627369,v2_avx512bw_vec32_exact_perm,77-34-56-51-20-90-83-92-54-26-87-40-6-43-60-64-11-24-96-81-37-35-72-46-3-48-88-12-1-27-47-22-67-36-65-31-23-98-2-100-63-14-15-97-62-10-42-52-94-21-89-74-70-75-99-33-7-9-95-25-5-17-68-4-16-69-38-85-78-18-13-73-44-39-71-86-91-57-49-50-76-28-30-8-61-80-84-79-82-45-32-41-19-29-58-66-53-93-55-59
Ta100x20,10,5,500,0.85,0.1,5,2231005246,17000,6688,6465,6298,7.120875761,v2_avx512bw_vec32_exact_perm,77-34-56-90-26-6-54-67-40-83-47-11-43-51-38-92-62-100-20-12-52-60-81-70-27-35-37-65-33-31-22-87-1-18-78-15-10-74-48-23-24-98-64-32-2-96-14-57-36-5-68-46-25-21-72-86-39-45-71-97-17-63-61-75-30-50-99-7-88-42-89-44-16-94-69-13-4-73-91-95-8-76-84-9-41-28-49-79-85-82-29-58-66-19-80-3-53-93-55-59
Ta100x20,10,5,500,0.85,0.1,6,2231006255,17000,6688,6465,6298,6.342091092,v2_avx512bw_vec32_exact_perm,77-34-56-26-90-87-11-100-18-81-1-43-83-6-98-12-21-24-51-74-60-54-92-48-67-47-14-72-64-15-37-27-40-62-52-46-22-20-23-5-31-36-75-70-38-10-16-35-99-84-68-96-95-3-97-80-78-25-2-32-88-65-41-4-42-76-33-91-39-86-28-61-49-71-63-44-57-13-89-69-94-82-45-85-9-30-50-93-79-7-17-73-8-29-58-19-66-53-55-59
Ta100x20,10,5,500,0.85,0.1,7,2231007264,17000,6709,6465,6298,6.817120066,v2_avx512bw_vec32_exact_perm,77-34-56-100-12-24-90-20-40-51-6-65-11-60-87-92-98-83-43-1-70-81-26-47-35-36-62-74-54-72-37-23-67-10-27-96-21-3-88-25-48-46-52-78-32-75-99-64-89-17-95-5-57-14-22-42-97-16-2-33-7-69-71-9-31-18-45-49-85-61-68-30-76-15-28-41-4-94-13-82-86-63-84-38-8-73-79-39-44-91-29-58-19-93-55-66-50-80-59-53
Ta100x20,10,5,500,0.85,0.1,8,2231008273,17000,6730,6465,6298,6.412341018,v2_avx512bw_vec32_exact_perm,77-34-56-26-51-64-90-6-100-83-11-40-92-87-46-81-14-15-54-22-98-60-72-24-1-37-10-48-21-43-12-18-20-47-96-67-70-74-62-65-27-2-35-31-38-3-36-52-32-7-78-25-42-95-68-39-5-4-82-76-99-16-75-23-28-71-73-97-86-88-94-57-85-61-63-13-8-33-69-84-79-50-89-9-45-49-44-19-41-91-29-93-17-66-55-58-30-80-53-59
Ta100x20,10,5,500,0.85,0.1,9,2231009282,17000,6732,6465,6298,6.190396887,v2_avx512bw_vec32_exact_perm,77-34-40-26-90-56-87-11-43-81-24-38-51-83-6-20-15-54-92-100-60-12-52-65-72-47-70-78-67-22-1-21-62-74-31-4-27-7-98-25-10-23-18-35-48-37-75-2-16-14-42-64-5-95-46-57-36-96-99-33-68-61-97-88-94-44-3-73-17-39-45-86-50-19-32-63-91-76-89-85-69-28-82-13-8-93-84-41-9-71-79-29-66-30-55-58-49-53-80-59
Ta100x20,10,5,500,0.85,0.1,10,2231010291,17000,6688,6465,6298,6.526827256,v2_avx512bw_vec32_exact_perm,77-34-56-20-40-64-11-54-15-46-27-26-1-12-48-98-10-51-83-47-6-100-52-81-90-62-74-5-2-43-14-23-60-87-21-37-96-67-72-4-84-75-80-18-70-49-35-76-65-38-68-25-97-78-88-42-22-94-3-36-73-63-45-24-86-7-32-31-95-17-16-89-85-69-61-39-79-71-13-92-9-8-33-99-30-58-29-41-19-91-57-44-93-50-28-82-55-53-66-59
Ta100x20,10,5,500,0.85,0.125,1,2231001210,17000,6710,6465,6298,6.658823679,v2_avx512bw_vec32_exact_perm,77-34-40-20-15-54-90-56-51-43-11-47-60-24-6-12-87-21-98-52-26-76-27-100-46-83-92-14-37-35-31-62-64-67-96-70-72-65-94-42-88-48-78-1-18-23-33-74-63-10-71-57-25-81-68-36-22-50-84-80-86-99-91-89-4-16-75-30-13-41-97-61-2-44-28-9-3-73-5-7-69-95-82-45-79-39-38-32-17-8-49-85-29-66-58-93-19-55-53-59
Ta100x20,10,5,500,0.85,0.125,2,2231002219,17000,6732,6465,6298,6.902034468,v2_avx512bw_vec32_exact_perm,77-34-56-51-11-43-83-36-87-35-12-26-54-20-23-40-70-1-75-24-90-81-74-38-100-52-60-84-46-92-6-72-64-62-67-5-96-21-37-48-14-27-22-47-15-57-88-65-95-32-39-25-98-86-97-68-2-42-4-76-9-31-30-10-7-89-45-69-3-13-71-18-28-41-78-99-33-16-17-79-82-50-91-73-61-94-8-93-44-29-63-19-58-85-49-55-66-53-80-59
Ta100x20,10,5,500,0.85,0.125,3,2231003228,17000,6707,6465,6298,6.581094447,v2_avx512bw_vec32_exact_perm,77-34-40-56-6-24-15-11-26-48-43-60-52-83-100-62-54-27-65-47-74-38-92-18-87-64-90-12-46-76-37-70-31-3-96-35-1-10-20-25-23-36-81-21-16-67-14-72-7-61-95-86-5-17-75-88-69-4-89-22-68-78-30-39-13-45-57-42-2-33-71-73-51-99-50-85-97-98-32-84-41-82-79-91-49-8-29-9-94-58-44-28-63-19-53-93-66-80-55-59
Ta100x20,10,5,500,0.85,0.125,4,2231004237,17000,6691,6465,6298,6.661612712,v2_avx512bw_vec32_exact_perm,77-34-56-43-40-83-51-100-90-26-11-52-38-92-54-37-47-20-6-60-96-35-64-74-65-62-15-12-1-84-24-95-27-70-10-81-91-22-36-31-48-18-76-88-14-98-72-21-25-75-7-73-89-46-67-4-69-97-2-45-13-3-78-23-86-5-63-68-99-87-32-39-33-17-16-71-57-61-49-85-42-9-50-94-44-28-30-8-82-41-58-19-79-53-80-29-66-93-55-59
Ta100x20,10,5,500,0.85,0.125,5,2231005246,17000,6732,6465,6298,6.473725928,v2_avx512bw_vec32_exact_perm,77-56-100-81-40-62-26-83-87-35-43-2-92-70-11-51-54-90-20-65-15-48-34-67-25-60-6-1-42-96-16-12-72-37-98-74-46-22-31-47-27-82-52-64-39-38-95-57-4-21-23-18-24-84-63-10-78-68-5-88-45-94-73-33-7-17-75-76-86-89-85-28-14-36-32-8-41-61-97-3-13-30-71-69-99-50-9-44-29-49-91-66-79-93-58-19-55-53-80-59
Ta100x20,10,5,500,0.85,0.125,6,2231006255,17000,6693,6465,6298,6.931993604,v2_avx512bw_vec32_exact_perm,77-34-56-51-40-46-20-92-11-100-43-65-47-26-54-83-74-35-90-24-37-67-12-38-10-70-1-64-27-6-31-60-88-52-61-72-18-87-48-33-14-25-4-68-73-21-15-81-95-2-98-62-23-78-96-97-16-76-75-42-86-91-36-71-22-44-5-63-94-89-17-3-9-99-7-28-85-45-69-82-50-32-57-39-30-79-8-13-84-41-49-58-19-29-93-55-53-80-59-66
Ta100x20,10,5,500,0.85,0.125,7,2231007264,17000,6730,6465,6298,7.327571213,v2_avx512bw_vec32_exact_perm,77-34-56-51-81-40-11-92-62-26-98-27-87-24-31-65-6-12-20-64-60-43-52-100-96-15-74-83-90-1-18-21-47-22-70-14-10-54-48-3-46-78-72-7-33-25-23-37-35-42-95-73-2-28-97-32-4-68-88-49-5-67-39-38-36-63-82-61-91-76-16-94-86-13-71-99-45-57-84-50-85-89-75-29-9-8-41-79-30-69-44-17-58-19-93-55-66-80-53-59
Ta100x20,10,5,500,0.85,0.125,8,2231008273,17000,6707,6465,6298,6.960984017,v2_avx512bw_vec32_exact_perm,77-34-56-51-65-90-87-92-62-100-40-6-47-52-11-35-27-83-70-26-96-74-81-60-43-12-15-54-31-67-37-38-78-22-20-14-1-10-46-24-64-4-91-21-7-2-25-86-42-68-61-98-48-72-18-88-63-32-97-39-3-5-95-36-23-57-33-73-75-94-69-44-89-99-16-28-71-85-93-13-45-76-29-30-41-9-17-84-8-79-58-49-50-66-19-82-53-80-55-59
Ta100x20,10,5,500,0.85,0.125,9,2231009282,17000,6707,6465,6298,7.023457273,v2_avx512bw_vec32_exact_perm,77-34-56-51-20-40-65-24-62-90-6-43-92-87-14-83-60-54-84-15-75-81-11-96-52-27-98-35-100-12-48-70-38-74-64-31-68-97-26-47-57-23-89-21-37-10-88-2-4-61-46-72-73-95-45-67-5-1-22-13-94-99-86-71-32-91-76-18-78-63-33-36-25-28-3-17-85-16-42-50-39-49-44-69-79-30-7-9-8-41-93-82-29-58-66-19-53-80-55-59
Ta100x20,10,5,500,0.85,0.125,10,2231010291,17000,6712,6465,6298,7.212779892,v2_avx512bw_vec32_exact_perm,77-34-51-56-100-17-40-90-11-92-83-64-15-60-46-81-26-37-52-68-54-78-99-22-43-20-12-96-35-70-18-6-2-98-24-7-10-1-48-95-27-5-25-16-87-36-72-74-67-50-65-38-75-97-47-23-21-14-86-57-88-32-61-45-39-79-41-76-4-62-94-89-69-31-85-13-30-42-8-71-63-84-73-33-93-9-19-29-91-58-44-49-3-28-53-82-66-80-55-59
Ta100x20,10,5,500,0.8875,0.025,1,2231001210,17000,6732,6465,6298,6.231674632,v2_avx512bw_vec32_exact_perm,77-34-56-38-100-64-46-11-20-15-90-1-83-26-87-43-92-40-98-60-48-47-51-6-14-70-12-72-36-67-35-23-10-21-96-52-54-27-74-42-88-62-37-25-17-84-78-16-31-24-18-65-68-73-7-5-75-81-94-97-13-44-22-71-9-85-95-89-86-33-76-4-69-57-99-50-39-3-32-45-30-2-8-63-93-61-41-49-91-79-19-82-29-58-66-28-55-53-80-59
Ta100x20,10,5,500,0.8875,0.025,2,2231002219,17000,6709,6465,6298,7.002162277,v2_avx512bw_vec32_exact_perm,77-34-56-90-26-38-100-20-11-87-62-92-54-36-51-74-83-1-27-24-6-12-40-22-43-47-60-67-52-3-18-21-98-25-15-23-2-65-96-7-48-64-75-81-97-35-78-70-68-86-5-14-10-91-37-17-46-72-95-44-32-73-89-31-76-16-33-39-69-9-71-63-42-13-8-88-57-4-99-61-45-94-30-84-41-79-82-29-85-28-19-49-58-50-93-66-55-80-59-53
Ta100x20,10,5,500,0.8875,0.025,3,2231003228,17000,6688,6465,6298,7.076989531,v2_avx512bw_vec32_exact_perm,77-34-56-100-11-26-40-51-43-98-46-6-96-54-64-20-90-83-1-18-92-60-62-47-27-37-24-52-70-48-81-16-10-42-74-12-15-67-35-87-31-68-14-2-22-5-57-4-65-72-23-21-7-78-97-3-88-25-17-76-36-99-75-71-73-38-89-58-45-63-13-69-94-32-33-9-86-30-61-44-91-39-79-95-84-8-41-93-29-19-85-49-50-53-28-82-80-55-66-59
Ta100x20,10,5,500,0.8875,0.025,4,2231004237,17000,6694,6465,6298,7.352225328,v2_avx512bw_vec32_exact_perm,77-34-56-43-6-11-100-51-83-1-98-24-40-54-87-60-62-99-26-92-90-35-18-48-52-12-27-38-21-10-70-74-68-47-37-36-67-15-95-65-4-89-31-81-73-46-57-14-23-72-96-20-3-78-2-64-84-61-28-75-49-32-71-13-88-82-63-42-5-25-39-9-79-97-94-45-86-22-50-69-91-85-76-16-7-44-30-41-19-8-33-29-17-58-93-53-55-80-66-59
Ta100x20,10,5,500,0.8875,0.025,5,2231005246,17000,6688,6465,6298,7.026032713,v2_avx512bw_vec32_exact_perm,77-34-56-100-11-20-54-26-81-1-51-90-40-83-15-92-37-65-67-87-6-52-88-27-24-98-60-74-35-12-18-5-48-62-47-86-70-64-96-75-21-46-43-2-10-31-84-72-38-13-25-39-14-42-7-57-44-78-68-71-41-95-36-3-22-89-69-76-23-91-45-97-33-50-4-73-99-16-30-9-61-63-94-17-8-49-28-85-82-79-32-29-58-66-19-93-80-53-55-59
Ta100x20,10,5,500,0.8875,0.025,6,2231006255,17000,6669,6465,6298,6.397041581,v2_avx512bw_vec32_exact_perm,77-34-56-20-40-26-87-51-11-83-54-92-43-81-1-90-24-60-62-27-12-48-52-21-46-14-100-6-38-72-47-64-15-23-67-98-70-74-10-35-31-37-95-57-96-84-88-78-75-65-94-18-73-2-36-76-16-33-45-22-5-7-97-99-42-68-63-3-25-39-61-86-19-13-89-29-69-4-9-32-71-17-85-28-91-44-49-41-30-79-50-93-82-8-80-53-55-59-66-58
Ta100x20,10,5,500,0.8875,0.025,7,2231007264,17000,6688,6465,6298,6.963288748,v2_avx512bw_vec32_exact_perm,77-56-26-11-40-87-64-6-51-34-83-24-98-52-92-100-60-15-42-90-81-14-27-62-37-54-35-70-10-72-12-47-20-21-96-1-38-31-43-94-46-18-32-95-22-5-75-4-74-23-84-78-33-49-71-88-73-48-16-67-65-36-76-2-13-25-45-97-85-99-89-69-8-7-68-17-57-30-86-41-63-44-91-61-9-3-39-93-79-28-82-50-29-58-19-53-80-55-66-59
Ta100x20,10,5,500,0.8875,0.025,8,2231008273,17000,6713,6465,6298,6.434889101,v2_avx512bw_vec32_exact_perm,81-40-56-90-83-26-51-77-11-65-24-54-34-62-87-15-60-47-12-100-42-27-22-6-96-67-35-49-92-98-70-1-48-10-18-21-5-37-88-68-74-25-43-16-64-95-38-36-31-46-52-3-2-72-14-41-75-20-23-4-84-61-76-78-28-89-57-97-94-32-17-85-39-45-73-63-86-13-71-79-44-30-9-99-50-91-8-33-7-19-69-29-66-82-58-93-53-80-55-59
Ta100x20,10,5,500,0.8875,0.025,9,2231009282,17000,6688,6465,6298,6.924596389,v2_avx512bw_vec32_exact_perm,77-34-56-40-6-100-43-51-11-36-90-47-92-12-83-60-87-1-26-2-24-27-18-48-74-70-54-98-20-37-14-96-81-52-67-31-65-72-62-64-10-22-78-73-35-17-46-16-15-84-75-21-88-61-32-42-25-71-97-57-23-4-76-45-68-5-33-91-9-44-69-7-86-85-95-39-63-89-13-38-3-99-94-50-49-8-41-30-79-28-82-29-58-66-19-93-80-53-55-59
Ta100x20,10,5,500,0.8875,0.025,10,2231010291,17000,6702,6465,6298,6.824003144,v2_avx512bw_vec32_exact_perm,77-34-56-26-90-43-11-40-20-83-100-87-65-92-62-24-54-15-52-51-60-18-67-64-21-47-6-96-35-98-31-12-37-1-10-38-81-25-78-95-70-46-23-75-42-32-22-88-74-27-48-86-5-14-57-36-71-72-76-91-3-4-9-2-44-97-16-33-7-61-85-68-39-89-94-28-13-63-50-45-73-84-8-99-30-93-41-49-17-79-29-19-58-69-82-66-80-55-53-59
Ta100x20,10,5,500,0.8875,0.05,1,2231001210,17000,6688,6465,6298,7.179581144,v2_avx512bw_vec32_exact_perm,77-34-56-51-81-11-100-65-24-43-87-35-18-1-92-83-40-98-60-12-22-54-90-75-27-6-62-67-47-70-26-10-46-23-21-96-64-20-84-48-31-52-16-88-74-72-61-36-2-89-7-14-37-38-57-5-3-32-97-78-25-45-68-13-73-95-33-50-39-42-76-69-41-71-15-86-4-17-30-85-99-94-63-91-9-49-82-44-79-8-28-29-58-66-19-93-80-53-55-59
Ta100x20,10,5,500,0.8875,0.05,2,2231002219,17000,6732,6465,6298,6.478336539,v2_avx512bw_vec32_exact_perm,77-34-90-56-26-40-11-46-43-51-83-6-67-15-64-24-60-35-98-62-100-12-47-22-37-54-74-3-52-27-88-42-39-96-20-21-31-87-72-65-10-36-48-92-38-30-14-71-78-25-7-68-18-70-1-13-81-4-32-94-17-50-86-63-97-5-89-85-23-95-69-33-73-28-76-75-44-9-45-8-91-99-16-57-41-61-84-19-49-2-93-29-82-79-58-53-66-55-80-59
Ta100x20,10,5,500,0.8875,0.05,3,2231003228,17000,6698,6465,6298,7.038779239,v2_avx512bw_vec32_exact_perm,77-34-56-26-40-83-51-11-54-87-20-65-6-24-90-52-43-82-92-81-1-67-60-37-12-27-62-88-35-100-48-21-75-38-78-15-74-70-46-47-22-84-10-95-25-72-32-5-31-14-63-57-42-4-68-91-41-3-7-61-18-96-64-76-39-2-17-36-23-71-30-94-89-13-98-99-45-16-44-73-28-9-86-33-50-85-97-8-49-69-93-79-29-58-19-66-80-53-55-59
Ta100x20,10,5,500,0.8875,0.05,4,2231004237,17000,6732,6465,6298,7.619600409,v2_avx512bw_vec32_exact_perm,77-34-56-100-43-11-83-6-54-40-26-24-67-64-47-1-60-51-95-92-90-12-20-38-10-14-70-78-27-36-15-74-72-46-87-96-17-62-84-37-35-31-16-5-65-81-2-52-22-3-21-86-57-23-32-88-42-4-18-13-25-76-91-82-28-98-68-48-33-94-45-73-71-97-75-39-61-99-9-50-7-69-89-8-79-63-44-30-58-41-49-19-85-93-29-66-55-53-80-59
Ta100x20,10,5,500,0.8875,0.05,5,2231005246,17000,6688,6465,6298,6.818391922,v2_avx512bw_vec32_exact_perm,77-34-56-6-43-40-54-38-100-90-83-51-92-11-20-60-65-81-74-1-15-62-46-24-48-26-35-70-23-84-96-27-52-10-64-37-87-67-12-78-72-36-22-75-14-31-33-88-42-73-18-4-21-94-47-39-95-17-68-2-86-25-85-98-71-97-9-16-57-69-44-32-30-91-5-99-76-50-45-89-61-7-41-3-49-63-13-8-82-28-79-19-58-29-93-80-55-53-66-59
Ta100x20,10,5,500,0.8875,0.05,6,2231006255,17000,6707,6465,6298,6.65006391,v2_avx512bw_vec32_exact_perm,77-34-56-90-26-6-11-40-100-46-48-24-62-51-43-98-20-52-1-83-54-72-92-18-47-74-27-67-87-14-65-38-12-60-10-22-31-70-21-64-88-15-25-36-35-2-78-23-37-61-96-7-5-42-84-16-97-4-94-68-45-32-81-13-73-76-86-39-75-95-57-99-17-71-8-41-58-89-85-30-28-44-33-9-69-19-79-49-91-3-82-63-29-66-50-53-93-80-55-59
Ta100x20,10,5,500,0.8875,0.05,7,2231007264,17000,6732,6465,6298,6.565862759,v2_avx512bw_vec32_exact_perm,77-34-56-40-100-51-11-81-67-92-38-26-54-46-83-62-96-24-21-43-87-47-20-25-6-70-22-35-37-1-52-90-60-14-4-65-48-2-10-5-74-23-15-27-64-36-94-72-82-98-68-16-12-75-33-88-86-7-61-97-31-85-17-78-84-95-28-18-32-42-71-45-9-57-89-73-13-3-99-8-30-39-44-76-41-63-19-79-49-91-29-50-69-58-66-93-55-53-80-59
Ta100x20,10,5,500,0.8875,0.05,8,2231008273,17000,6732,6465,6298,6.690439788,v2_avx512bw_vec32_exact_perm,77-34-56-100-87-92-11-46-43-38-20-26-24-54-96-35-14-40-48-6-47-83-2-1-52-10-60-88-21-78-72-37-62-74-70-67-90-51-98-12-31-84-27-95-65-15-22-64-49-36-68-89-3-17-32-18-5-23-42-7-4-75-99-97-25-16-85-9-45-76-57-86-44-39-71-94-73-63-41-33-13-69-50-30-81-79-91-8-61-93-29-82-28-55-58-66-19-53-80-59
Ta100x20,10,5,500,0.8875,0.05,9,2231009282,17000,6732,6465,6298,6.600234695,v2_avx512bw_vec32_exact_perm,77-34-56-51-40-100-15-90-26-6-11-54-52-43-87-83-35-24-60-38-96-12-62-21-20-27-23-46-36-67-70-14-92-22-74-64-88-47-65-1-98-81-75-72-16-95-31-18-37-2-25-10-48-86-32-3-76-91-99-68-4-73-89-33-94-57-97-5-61-71-7-30-50-13-78-9-44-45-82-63-84-19-8-28-85-39-79-42-69-17-41-93-29-66-55-58-49-53-80-59
Ta100x20,10,5,500,0.8875,0.05,10,2231010291,17000,6697,6465,6298,7.411900131,v2_avx512bw_vec32_exact_perm,77-40-56-43-26-83-100-92-1-54-81-11-51-90-35-24-65-47-64-27-6-20-98-87-62-52-34-57-60-70-2-14-96-21-78-72-38-33-16-76-37-74-15-22-48-10-31-36-12-67-75-25-18-32-46-68-86-23-5-39-97-85-42-17-4-95-73-88-61-71-7-63-44-94-99-28-3-45-89-9-69-13-84-50-8-41-30-91-82-79-49-29-58-66-19-93-80-53-55-59
Ta100x20,10,5,500,0.8875,0.075,1,2231001210,17000,6732,6465,6298,6.60607713,v2_avx512bw_vec32_exact_perm,77-34-11-56-43-51-81-24-100-1-20-96-26-54-87-83-47-12-7-62-61-98-6-14-27-40-15-52-60-90-21-18-10-31-70-48-36-23-35-67-64-37-74-75-68-5-22-72-92-46-42-88-2-65-86-28-97-95-25-3-4-71-89-94-38-76-33-16-39-85-91-99-32-73-9-57-78-44-84-45-13-30-17-8-41-50-79-49-63-82-58-69-19-29-93-55-66-53-80-59
Ta100x20,10,5,500,0.8875,0.075,2,2231002219,17000,6732,6465,6298,6.533185064,v2_avx512bw_vec32_exact_perm,77-34-56-40-15-20-60-11-87-24-1-90-100-6-51-65-33-62-27-48-46-98-92-83-12-22-81-35-26-21-47-72-54-67-52-70-38-74-25-43-89-18-10-37-28-23-14-9-96-4-85-31-64-94-97-78-68-16-2-5-86-57-95-79-36-75-13-88-76-73-69-7-45-32-42-30-84-3-71-99-49-63-39-50-17-41-82-61-8-19-44-91-58-29-66-93-55-53-80-59
Ta100x20,10,5,500,0.8875,0.075,3,2231003228,17000,6722,6465,6298,6.509385223,v2_avx512bw_vec32_exact_perm,77-34-56-15-90-40-11-26-20-87-48-35-12-47-51-43-1-70-14-62-92-52-72-54-83-24-81-74-10-78-38-60-21-27-84-31-73-25-64-67-88-3-16-46-4-6-75-96-76-37-36-95-23-22-2-5-97-57-94-65-28-42-86-100-71-91-7-9-61-89-68-85-98-33-18-99-13-93-45-32-8-17-44-49-41-30-39-58-19-50-69-79-82-63-29-66-80-53-55-59
Ta100x20,10,5,500,0.8875,0.075,4,2231004237,17000,6732,6465,6298,6.436227637,v2_avx512bw_vec32_exact_perm,77-34-43-56-11-51-6-81-40-54-60-24-7-26-100-87-15-38-35-90-47-31-67-12-20-74-70-98-72-5-96-21-18-2-37-64-83-23-62-52-1-22-48-46-65-68-92-27-97-94-25-95-3-99-4-88-73-78-16-32-36-14-10-57-61-71-86-45-39-91-9-42-33-76-50-28-85-75-63-93-82-89-8-44-41-30-13-84-69-17-29-49-79-66-55-58-19-53-80-59
Ta100x20,10,5,500,0.8875,0.075,5,2231005246,17000,6694,6465,6298,6.575677626,v2_avx512bw_vec32_exact_perm,77-34-56-26-1-87-20-81-100-24-54-51-40-43-90-3-11-47-67-49-12-96-98-65-83-15-35-6-10-70-62-60-37-14-52-23-21-27-64-74-22-36-32-31-25-72-78-18-91-92-5-86-42-95-88-2-48-84-75-46-97-94-7-73-85-76-38-71-89-13-33-44-28-16-17-57-45-69-9-79-82-63-99-68-39-4-50-19-8-41-58-30-61-93-29-53-80-55-66-59
Ta100x20,10,5,500,0.8875,0.075,6,2231006255,17000,6732,6465,6298,6.58965926,v2_avx512bw_vec32_exact_perm,77-34-11-56-100-83-1-81-60-40-90-54-46-92-21-15-64-35-87-18-6-26-70-96-12-27-51-98-2-62-20-22-43-67-4-24-88-52-37-75-86-72-38-47-14-31-74-48-65-36-99-10-95-5-32-39-89-68-17-25-16-13-69-57-23-97-91-3-42-78-73-33-85-71-63-9-45-82-7-61-30-41-76-84-8-49-79-44-28-94-93-29-50-19-58-66-55-53-80-59
Ta100x20,10,5,500,0.8875,0.075,7,2231007264,17000,6690,6465,6298,6.442846247,v2_avx512bw_vec32_exact_perm,77-34-56-100-26-83-87-40-38-92-51-21-6-60-90-54-43-64-18-11-1-98-35-20-46-12-27-31-70-15-37-72-62-24-25-23-81-42-4-96-52-78-73-14-10-47-22-68-74-5-88-75-17-67-82-2-91-99-97-48-65-36-95-3-86-16-33-9-94-63-32-76-71-61-45-69-7-39-8-13-44-28-41-57-93-89-49-79-19-85-29-30-80-50-84-53-55-59-66-58
Ta100x20,10,5,500,0.8875,0.075,8,2231008273,17000,6688,6465,6298,6.597666625,v2_avx512bw_vec32_exact_perm,77-34-56-40-54-90-20-43-65-87-26-24-11-35-6-100-83-72-60-38-21-15-1-74-70-51-96-27-22-52-23-25-81-10-37-12-92-46-48-84-75-47-98-62-68-73-88-31-78-94-4-41-64-42-9-32-5-95-18-14-97-2-86-61-36-99-67-91-16-13-71-39-8-57-76-28-33-44-79-89-85-17-69-49-30-63-50-3-7-45-82-29-58-66-19-93-80-53-55-59
Ta100x20,10,5,500,0.8875,0.075,9,2231009282,17000,6688,6465,6298,7.146375243,v2_avx512bw_vec32_exact_perm,77-34-6-51-11-87-40-81-100-24-47-60-43-96-92-67-14-54-31-83-62-70-35-27-98-20-15-90-12-10-65-74-37-26-46-22-36-18-64-1-78-72-39-84-25-2-21-69-75-23-48-88-4-38-52-97-99-68-63-71-42-16-13-86-94-95-57-56-28-61-33-91-41-85-9-89-76-44-93-32-82-45-5-79-3-7-50-8-17-49-29-66-30-58-19-53-80-55-73-59
Ta100x20,10,5,500,0.8875,0.075,10,2231010291,17000,6732,6465,6298,7.193555088,v2_avx512bw_vec32_exact_perm,77-34-56-100-43-24-20-40-11-1-51-62-96-21-26-90-12-87-38-54-92-52-15-83-81-70-6-47-46-67-78-37-98-27-74-25-35-2-72-60-14-22-88-71-5-65-84-36-64-68-97-16-18-48-75-57-7-23-10-95-42-17-73-3-50-4-33-9-32-31-94-89-39-86-28-44-61-45-41-76-30-63-99-58-8-85-49-91-69-82-79-93-13-19-29-66-55-53-80-59
Ta100x20,10,5,500,0.8875,0.1,1,2231001210,17000,6701,6465,6298,6.647380927,v2_avx512bw_vec32_exact_perm,77-34-87-56-11-90-40-6-83-60-54-64-51-43-15-96-92-65-67-20-72-100-98-70-26-18-48-35-37-88-74-47-23-7-52-24-62-84-12-1-22-36-21-27-5-46-99-16-81-3-14-95-31-10-82-25-75-42-2-73-97-8-57-39-33-76-30-38-41-94-61-32-89-68-85-17-28-4-71-13-44-78-50-9-45-69-63-49-79-19-86-93-91-58-29-80-55-53-66-59
Ta100x20,10,5,500,0.8875,0.1,2,2231002219,17000,6688,6465,6298,6.531405801,v2_avx512bw_vec32_exact_perm,77-34-40-46-56-26-64-51-81-43-100-54-87-83-74-60-22-6-90-62-12-36-24-48-27-15-70-67-73-76-78-37-1-72-68-23-71-47-98-96-21-14-57-65-10-92-35-33-25-11-97-99-45-94-89-38-88-95-2-17-7-5-75-31-20-16-18-69-9-91-86-50-4-63-39-42-13-44-61-28-52-84-32-49-3-8-19-85-93-41-79-58-29-30-82-53-80-55-66-59
Ta100x20,10,5,500,0.8875,0.1,3,2231003228,17000,6694,6465,6298,6.745429139,v2_avx512bw_vec32_exact_perm,77-34-56-6-11-100-87-40-81-24-65-26-54-43-51-83-12-74-92-35-37-5-67-60-47-4-96-52-70-31-72-1-62-98-27-36-20-48-7-18-75-64-22-14-21-88-99-10-2-25-90-15-94-61-57-42-16-45-95-76-46-73-9-91-71-23-78-44-86-38-89-68-32-97-41-3-63-50-39-13-30-17-49-79-84-58-85-33-29-28-8-19-93-53-69-82-55-80-66-59
Ta100x20,10,5,500,0.8875,0.1,4,2231004237,17000,6711,6465,6298,7.249762784,v2_avx512bw_vec32_exact_perm,77-34-56-20-38-100-26-90-11-92-83-43-12-6-24-67-54-62-98-51-70-60-40-74-7-87-2-46-48-10-44-37-72-21-27-52-15-75-14-18-47-16-35-81-5-78-1-42-31-64-39-94-88-23-65-96-68-73-85-80-4-57-95-97-36-61-84-25-22-79-45-76-89-30-13-71-86-28-49-17-63-32-8-41-9-91-19-50-29-33-58-69-99-3-66-82-55-53-93-59
Ta100x20,10,5,500,0.8875,0.1,5,2231005246,17000,6694,6465,6298,7.216946599,v2_avx512bw_vec32_exact_perm,77-34-40-100-56-11-51-83-54-27-92-6-52-90-24-20-98-26-60-65-48-87-12-18-81-1-47-62-74-22-15-43-70-95-57-38-94-2-46-23-10-36-37-14-72-67-35-64-96-75-21-97-25-5-84-73-42-71-78-68-33-4-86-13-28-76-31-69-7-88-32-89-45-63-30-39-17-3-61-16-85-9-99-79-82-29-58-91-93-8-44-41-19-50-55-49-53-80-66-59
Ta100x20,10,5,500,0.8875,0.1,6,2231006255,17000,6707,6465,6298,6.398690684,v2_avx512bw_vec32_exact_perm,77-34-56-40-20-26-11-51-92-15-87-100-38-54-60-35-84-81-6-43-27-24-18-37-52-83-65-70-95-22-67-21-90-1-73-25-31-14-47-72-75-36-12-78-3-16-97-46-64-96-88-98-74-30-39-2-89-7-68-48-23-17-86-9-57-42-32-45-5-13-69-10-4-61-62-71-33-99-94-63-44-82-28-85-76-49-91-8-41-79-50-29-58-66-19-93-53-80-55-59
Ta100x20,10,5,500,0.8875,0.1,7,2231007264,17000,6713,6465,6298,6.352010822,v2_avx512bw_vec32_exact_perm,77-34-56-43-81-54-83-40-26-90-24-6-52-51-87-92-74-100-15-64-35-23-60-70-1-12-62-75-11-88-84-27-98-37-46-99-95-96-48-72-21-10-22-76-38-25-42-16-14-57-65-31-67-20-4-78-47-18-2-33-7-97-73-91-5-86-68-39-85-89-36-44-3-50-9-94-63-41-45-17-8-32-49-61-71-69-13-58-30-79-29-93-55-19-82-66-80-53-28-59
Ta100x20,10,5,500,0.8875,0.1,8,2231008273,17000,6724,6465,6298,6.29853715,v2_avx512bw_vec32_exact_perm,77-34-56-26-40-11-87-83-54-43-38-6-46-15-92-20-90-52-51-60-100-35-65-27-1-81-70-25-74-48-47-14-16-78-18-21-24-96-36-37-64-31-99-67-98-72-84-12-2-75-76-95-10-42-88-89-44-57-62-23-5-68-32-71-17-73-30-49-86-91-4-41-3-22-63-94-33-9-7-8-61-39-45-97-13-50-28-19-82-79-93-85-29-58-69-55-80-66-53-59
Ta100x20,10,5,500,0.8875,0.1,9,2231009282,17000,6732,6465,6298,6.789811894,v2_avx512bw_vec32_exact_perm,77-56-34-40-26-38-36-83-100-54-11-90-67-43-6-47-20-25-18-84-27-92-35-24-98-15-51-62-52-74-32-12-21-1-48-31-14-70-65-95-23-72-46-64-60-10-87-37-78-76-7-96-75-22-68-2-57-99-89-88-45-16-13-71-33-17-42-39-5-61-86-50-41-97-85-69-9-3-63-28-8-94-4-79-73-91-93-49-81-29-19-44-66-58-30-82-55-53-80-59
Ta100x20,10,5,500,0.8875,0.1,10,2231010291,17000,6703,6465,6298,6.832233676,v2_avx512bw_vec32_exact_perm,77-34-56-20-11-87-40-100-27-36-67-21-24-12-70-90-60-47-54-74-38-83-51-6-81-92-75-52-26-62-94-15-1-5-43-98-46-48-96-65-64-14-22-35-95-23-37-31-84-10-18-16-57-2-17-63-97-86-73-78-76-88-25-42-32-89-85-72-9-30-13-45-39-33-61-4-7-68-3-93-8-99-19-91-49-44-41-79-82-50-71-58-69-29-66-80-53-28-55-59
Ta100x20,10,5,500,0.8875,0.125,1,2231001210,17000,6732,6465,6298,6.84153688,v2_avx512bw_vec32_exact_perm,77-34-87-56-20-54-40-11-51-12-90-26-100-24-60-47-92-70-81-65-25-27-6-1-98-2-35-36-62-67-52-3-96-72-43-74-64-57-83-46-22-39-5-95-4-31-38-48-14-37-76-18-97-88-21-78-33-86-23-15-75-91-94-68-7-89-17-10-73-84-61-44-9-85-16-32-69-71-30-8-63-99-45-50-42-13-93-41-28-79-55-49-82-29-58-66-19-53-80-59
Ta100x20,10,5,500,0.8875,0.125,2,2231002219,17000,6732,6465,6298,7.131305849,v2_avx512bw_vec32_exact_perm,77-34-56-51-20-24-40-87-43-100-11-98-1-83-26-38-74-92-88-46-60-48-54-62-6-90-12-70-18-35-27-52-65-67-14-23-47-68-37-22-36-72-25-15-96-5-31-64-3-39-78-86-33-30-45-21-81-2-42-97-85-95-7-76-99-16-75-89-63-17-94-44-4-32-19-73-10-71-9-28-8-84-57-91-61-13-41-93-49-79-69-50-82-58-29-66-55-53-80-59
Ta100x20,10,5,500,0.8875,0.125,3,2231003228,17000,6734,6465,6298,7.029392784,v2_avx512bw_vec32_exact_perm,77-34-56-100-87-24-51-25-81-92-47-54-23-65-60-40-83-35-48-38-46-26-84-62-6-18-78-67-27-2-74-33-70-1-12-36-90-7-42-14-64-10-45-15-31-20-68-43-22-75-5-4-52-88-11-37-57-98-97-30-86-39-63-96-95-3-94-50-41-72-16-79-9-76-61-91-89-71-28-32-44-73-19-29-93-17-69-21-66-13-8-99-82-55-85-58-53-49-80-59
Ta100x20,10,5,500,0.8875,0.125,4,2231004237,17000,6707,6465,6298,6.670991693,v2_avx512bw_vec32_exact_perm,77-34-40-56-1-65-20-24-51-100-43-11-67-26-6-62-74-87-54-18-98-12-78-90-92-47-83-14-76-10-70-60-72-35-15-25-81-99-75-52-46-37-22-64-4-21-91-36-31-96-45-73-68-7-95-23-89-57-3-27-48-16-30-17-97-5-13-9-44-8-88-63-39-42-84-86-2-41-69-94-32-38-61-49-33-71-28-79-58-29-85-19-93-50-53-82-66-80-55-59
Ta100x20,10,5,500,0.8875,0.125,5,2231005246,17000,6732,6465,6298,6.991902891,v2_avx512bw_vec32_exact_perm,77-34-26-40-6-56-11-81-24-98-83-47-54-51-60-62-100-52-43-1-27-65-20-74-22-90-15-38-96-92-70-35-12-88-37-64-31-2-72-10-25-14-87-21-4-61-94-57-36-5-23-67-17-48-84-76-18-75-73-46-45-7-78-86-97-95-69-32-30-33-42-89-39-63-68-85-9-71-44-99-8-19-16-13-41-50-91-3-79-49-66-29-82-58-93-55-53-28-80-59
Ta100x20,10,5,500,0.8875,0.125,6,2231006255,17000,6692,6465,6298,6.723880219,v2_avx512bw_vec32_exact_perm,77-34-100-11-40-87-54-56-26-6-2-90-51-12-65-38-72-83-20-46-43-88-92-48-18-35-47-23-52-1-98-27-15-60-62-74-24-33-86-64-67-37-36-39-95-22-96-76-75-25-21-70-57-10-3-84-7-31-4-99-97-68-5-94-42-89-32-69-16-78-61-17-13-29-73-44-14-30-81-45-9-85-63-82-28-71-50-8-49-41-19-91-80-53-93-79-55-59-66-58
Ta100x20,10,5,500,0.8875,0.125,7,2231007264,17000,6732,6465,6298,6.657151204,v2_avx512bw_vec32_exact_perm,77-81-24-40-51-43-100-90-83-34-87-12-54-47-1-38-56-92-60-67-48-35-52-70-15-6-88-74-65-26-78-18-64-11-37-36-96-25-10-62-42-20-32-5-28-46-14-72-31-75-16-57-27-89-22-2-97-17-68-7-86-95-3-23-61-45-4-98-85-9-76-69-33-94-21-63-73-39-79-50-84-41-30-49-13-8-71-91-99-19-82-44-29-58-93-53-55-66-80-59
Ta100x20,10,5,500,0.8875,0.125,8,2231008273,17000,6732,6465,6298,6.875171637,v2_avx512bw_vec32_exact_perm,77-34-56-20-40-100-81-11-24-26-43-96-1-14-65-90-6-12-54-87-60-38-67-37-52-17-27-74-22-21-75-92-83-62-15-23-16-10-35-57-51-84-13-70-88-47-73-36-45-89-2-72-31-78-18-46-5-61-85-25-71-68-42-48-86-95-33-32-98-8-64-7-44-97-9-63-30-4-39-41-76-19-69-99-94-50-91-49-79-29-28-3-66-82-58-93-53-55-80-59
Ta100x20,10,5,500,0.8875,0.125,9,2231009282,17000,6714,6465,6298,7.085254505,v2_avx512bw_vec32_exact_perm,77-34-81-11-40-26-54-87-90-24-56-52-6-12-15-47-100-21-36-51-60-38-18-96-67-1-70-20-35-83-62-92-84-65-22-14-88-31-74-98-25-46-27-23-78-75-16-4-48-57-37-39-3-97-76-7-10-2-95-71-64-45-43-42-68-85-5-72-86-63-69-82-9-89-13-44-73-99-32-41-33-61-91-94-30-28-79-17-8-49-29-50-66-59-58-19-93-55-53-80
Ta100x20,10,5,500,0.8875,0.125,10,2231010291,17000,6692,6465,6298,6.659371897,v2_avx512bw_vec32_exact_perm,77-34-56-51-54-100-81-90-15-64-11-83-35-87-1-24-74-6-26-20-60-40-46-92-72-22-48-70-62-31-47-25-43-52-37-12-75-36-84-42-99-27-96-21-14-98-7-61-23-86-32-95-18-10-16-97-67-65-88-2-89-78-4-73-68-76-38-3-41-45-57-93-5-39-33-8-49-63-13-9-71-28-94-50-91-79-85-69-30-17-29-44-58-19-82-66-80-53-55-59
Ta100x20,10,5,500,0.925,0.025,1,2231001210,17000,6725,6465,6298,6.56978467,v2_avx512bw_vec32_exact_perm,77-34-11-43-56-90-26-6-24-51-27-92-83-40-52-65-20-87-54-47-96-35-81-1-21-15-14-22-98-12-37-67-10-36-74-94-60-64-18-70-46-31-78-95-72-25-50-79-59-33-48-5-99-75-100-30-76-7-68-38-23-97-13-62-2-32-16-71-85-57-45-17-42-39-4-88-89-73-86-63-49-84-28-44-69-91-8-82-9-3-58-41-61-19-93-29-66-55-53-80
Ta100x20,10,5,500,0.925,0.025,2,2231002219,17000,6688,6465,6298,6.421720604,v2_avx512bw_vec32_exact_perm,77-34-56-100-20-15-51-47-90-40-83-87-92-24-60-26-27-52-81-12-1-54-67-6-11-16-74-70-18-43-96-37-72-98-2-65-21-46-64-14-31-38-10-95-23-35-48-22-57-76-5-75-4-97-84-62-36-78-68-33-88-42-99-63-17-71-25-94-7-89-73-91-69-50-9-86-44-32-41-39-13-82-85-45-49-3-61-30-8-28-79-29-58-66-19-93-80-53-55-59
Ta100x20,10,5,500,0.925,0.025,3,2231003228,17000,6732,6465,6298,6.436614729,v2_avx512bw_vec32_exact_perm,77-34-40-56-43-26-92-11-83-87-98-64-24-90-12-35-54-47-51-31-100-67-15-23-6-81-2-52-96-65-72-38-60-20-74-10-14-88-22-18-37-46-16-70-1-97-62-48-78-21-69-25-95-27-85-75-5-99-17-7-94-36-50-84-76-42-86-45-13-68-71-3-49-44-91-57-63-89-39-4-73-33-30-32-8-9-41-61-93-79-55-29-82-28-58-66-19-53-80-59
Ta100x20,10,5,500,0.925,0.025,4,2231004237,17000,6732,6465,6298,6.511899573,v2_avx512bw_vec32_exact_perm,77-34-56-40-26-11-100-87-20-92-65-47-83-60-62-35-6-70-43-1-51-22-48-24-74-27-72-46-67-37-64-18-31-90-12-52-78-14-5-54-96-3-25-23-21-7-36-98-4-88-91-75-71-99-2-16-81-38-86-10-68-33-73-95-85-15-89-57-42-13-44-32-39-41-50-30-97-76-9-94-84-8-93-17-61-79-69-45-28-29-63-19-82-58-49-66-55-53-80-59
Ta100x20,10,5,500,0.925,0.025,5,2231005246,17000,6707,6465,6298,6.481502338,v2_avx512bw_vec32_exact_perm,77-34-40-6-11-56-24-83-87-100-90-20-60-48-26-54-15-51-81-92-67-12-35-1-38-62-18-47-52-96-65-43-74-70-68-27-37-95-46-78-98-5-2-33-72-84-14-75-36-97-42-23-10-21-25-64-39-17-88-73-76-57-22-4-16-31-94-41-7-85-32-9-86-44-13-99-71-89-61-28-30-3-79-91-49-29-63-45-50-93-69-58-8-66-19-82-53-80-55-59
Ta100x20,10,5,500,0.925,0.025,6,2231006255,17000,6707,6465,6298,6.433245293,v2_avx512bw_vec32_exact_perm,77-34-56-100-98-54-24-11-26-87-40-36-83-20-6-14-43-65-72-62-51-27-38-74-92-12-25-47-70-35-67-90-23-21-22-60-84-15-37-18-64-31-52-46-76-86-48-75-32-78-88-5-42-1-2-96-3-33-97-89-85-73-95-10-9-4-68-94-69-17-81-16-63-28-39-13-71-8-57-91-44-7-82-30-45-99-50-61-41-49-58-19-29-93-79-66-53-80-55-59
Ta100x20,10,5,500,0.925,0.025,7,2231007264,17000,6732,6465,6298,6.521616356,v2_avx512bw_vec32_exact_perm,77-34-56-65-100-81-40-60-54-11-26-83-92-90-43-87-51-24-6-14-62-12-15-46-37-20-67-72-27-52-38-21-85-35-4-84-22-1-88-86-70-74-17-5-96-78-36-98-48-2-68-97-95-47-31-42-75-64-73-23-94-10-32-57-18-25-44-30-76-89-71-33-69-91-9-63-16-39-13-28-50-49-61-45-8-99-3-82-7-79-29-93-55-41-58-66-19-53-80-59
Ta100x20,10,5,500,0.925,0.025,8,2231008273,17000,6732,6465,6298,6.37909239,v2_avx512bw_vec32_exact_perm,77-34-56-90-40-100-15-11-26-87-47-83-6-54-51-24-60-20-2-1-81-52-88-27-43-35-48-98-38-65-3-72-12-46-14-62-32-92-78-67-95-74-18-64-21-97-75-5-96-76-10-37-70-31-22-13-73-25-68-42-30-36-7-17-4-9-45-71-86-94-61-84-41-44-89-39-28-16-79-23-91-57-8-82-69-63-93-99-33-50-19-85-29-58-49-66-53-55-80-59
Ta100x20,10,5,500,0.925,0.025,9,2231009282,17000,6713,6465,6298,6.292251647,v2_avx512bw_vec32_exact_perm,77-34-56-43-51-11-65-6-87-15-90-83-1-40-62-24-60-35-81-25-54-21-26-67-20-27-70-47-100-12-74-92-84-10-46-48-31-96-38-52-44-14-7-98-75-23-72-2-64-88-42-57-37-95-18-39-97-73-85-5-89-68-78-99-3-22-4-94-13-36-17-69-76-71-32-33-50-82-16-61-9-45-28-41-86-8-93-30-91-58-63-49-29-79-66-19-53-80-55-59
Ta100x20,10,5,500,0.925,0.025,10,2231010291,17000,6707,6465,6298,6.61739221,v2_avx512bw_vec32_exact_perm,77-34-56-15-51-11-100-20-38-43-81-40-26-54-87-6-14-21-65-90-46-60-35-83-70-1-47-27-62-98-95-24-16-48-42-36-92-22-5-74-96-10-67-52-37-25-2-33-57-94-72-7-64-12-18-61-23-78-68-86-31-32-30-85-39-17-3-75-63-4-88-97-76-13-89-73-45-99-71-69-9-84-79-91-49-44-28-8-82-50-41-29-93-66-58-19-53-80-55-59
Ta100x20,10,5,500,0.925,0.05,1,2231001210,17000,6708,6465,6298,6.697475965,v2_avx512bw_vec32_exact_perm,77-34-26-65-56-20-51-11-24-52-43-31-54-6-18-64-90-60-35-38-62-88-92-40-96-1-100-83-98-37-12-15-72-27-21-70-86-67-10-74-87-42-69-47-4-76-36-25-95-16-14-48-7-97-22-57-46-81-89-2-78-23-45-9-5-63-44-32-91-94-68-13-3-99-75-30-71-8-85-39-49-33-61-17-84-41-79-73-29-93-28-50-82-58-66-19-53-80-55-59
Ta100x20,10,5,500,0.925,0.05,2,2231002219,17000,6732,6465,6298,6.603224191,v2_avx512bw_vec32_exact_perm,77-34-56-51-11-40-81-12-90-26-6-24-43-37-20-100-92-83-52-98-47-96-2-60-46-54-1-64-78-87-62-35-22-14-65-84-18-10-27-21-74-70-88-25-38-39-95-72-36-23-31-67-15-16-68-61-73-48-5-75-8-86-4-7-13-89-99-42-28-57-76-3-32-33-94-30-69-91-97-71-9-85-44-49-41-82-17-79-45-50-63-93-55-29-58-66-19-53-80-59
Ta100x20,10,5,500,0.925,0.05,3,2231003228,17000,6711,6465,6298,6.431175955,v2_avx512bw_vec32_exact_perm,77-34-56-40-24-43-51-90-83-70-11-60-81-1-35-6-38-20-96-27-37-54-62-52-46-23-67-87-72-74-15-26-78-64-12-47-65-22-18-31-100-98-48-91-68-10-33-14-25-92-7-86-95-94-42-73-5-36-59-75-99-4-97-71-21-2-69-76-32-3-57-44-85-39-88-61-79-63-93-89-45-13-9-28-17-16-84-82-8-55-49-50-41-19-29-66-58-30-53-80
Ta100x20,10,5,500,0.925,0.05,4,2231004237,17000,6707,6465,6298,6.659386212,v2_avx512bw_vec32_exact_perm,77-34-43-11-40-6-100-83-56-38-62-51-24-26-87-20-12-90-60-92-15-74-3-37-48-1-27-54-46-36-78-10-67-25-70-22-21-35-31-18-65-95-64-7-72-96-47-52-33-98-4-23-76-86-16-5-14-42-81-73-2-99-88-68-94-97-32-75-85-9-71-57-61-39-49-45-91-44-13-89-84-28-41-82-69-50-30-63-17-29-79-93-8-58-66-19-53-80-55-59
Ta100x20,10,5,500,0.925,0.05,5,2231005246,17000,6688,6465,6298,6.350048104,v2_avx512bw_vec32_exact_perm,77-34-56-38-15-51-100-43-11-90-26-1-98-36-20-47-70-62-60-35-6-40-64-21-83-92-27-88-74-96-22-54-18-48-12-24-37-14-31-67-78-52-46-87-2-30-65-23-10-76-81-7-75-84-86-72-82-25-57-63-16-95-94-4-41-42-33-73-61-5-68-89-45-28-17-9-71-44-85-97-13-32-3-99-8-91-79-69-49-39-80-50-58-19-29-66-53-93-55-59
Ta100x20,10,5,500,0.925,0.05,6,2231006255,17000,6707,6465,6298,6.386692818,v2_avx512bw_vec32_exact_perm,77-34-40-11-56-100-90-83-87-43-92-26-48-98-24-6-60-62-51-46-70-54-14-15-27-23-65-1-67-37-22-52-33-72-18-64-12-21-31-88-42-35-81-74-32-96-47-10-20-97-71-78-61-99-16-25-2-86-36-69-57-82-75-3-95-68-28-38-50-4-76-5-89-9-39-41-63-94-91-7-44-85-49-17-84-45-8-73-79-30-29-13-58-93-66-19-53-80-55-59
Ta100x20,10,5,500,0.925,0.05,7,2231007264,17000,6712,6465,6298,6.433626675,v2_avx512bw_vec32_exact_perm,77-34-24-43-90-26-56-20-15-87-83-51-6-100-60-17-1-35-46-54-47-11-18-98-70-16-52-88-40-73-91-48-22-92-21-31-12-67-96-37-74-65-75-5-38-72-95-25-81-62-78-23-64-14-7-10-94-27-68-86-84-85-33-39-89-36-2-57-13-97-42-28-9-44-4-32-8-82-71-76-63-30-3-79-49-50-69-99-45-61-41-80-93-29-55-58-19-66-53-59
Ta100x20,10,5,500,0.925,0.05,8,2231008273,17000,6710,6465,6298,6.394535276,v2_avx512bw_vec32_exact_perm,77-34-56-11-100-6-15-51-40-98-43-46-90-12-72-52-1-83-27-37-3-88-60-87-35-62-26-10-24-21-54-47-25-7-2-67-14-74-22-50-92-31-70-65-5-33-20-81-16-68-36-18-57-78-4-97-94-48-96-64-86-99-42-75-28-13-91-23-71-45-32-69-76-89-9-63-30-17-73-39-41-44-49-95-85-84-93-79-8-61-29-38-58-19-82-55-53-80-66-59
Ta100x20,10,5,500,0.925,0.05,9,2231009282,17000,6688,6465,6298,6.15716659,v2_avx512bw_vec32_exact_perm,77-34-56-90-87-40-83-11-43-51-15-60-98-38-26-24-20-6-62-54-35-47-100-10-92-72-14-21-27-52-1-88-2-64-46-68-18-23-81-78-31-22-74-16-96-12-65-48-37-99-5-91-67-36-57-25-61-94-86-42-70-33-97-95-71-13-3-32-28-39-4-75-63-73-76-80-44-89-49-8-85-84-45-7-30-41-9-17-79-69-50-29-82-66-58-19-93-55-53-59
Ta100x20,10,5,500,0.925,0.05,10,2231010291,17000,6701,6465,6298,6.312146966,v2_avx512bw_vec32_exact_perm,77-34-56-90-51-20-11-87-52-6-26-54-24-92-40-86-83-43-100-76-15-60-27-65-81-21-62-98-1-72-47-35-70-96-14-36-37-67-22-38-23-74-18-31-12-10-78-25-5-75-17-73-95-84-16-48-9-46-68-2-42-88-64-32-89-45-3-33-7-39-85-79-63-97-71-13-30-61-57-99-49-94-69-44-91-8-4-50-93-28-82-41-58-19-29-80-53-55-66-59
Ta100x20,10,5,500,0.925,0.075,1,2231001210,17000,6709,6465,6298,6.435113979,v2_avx512bw_vec32_exact_perm,77-34-40-65-87-56-100-90-11-26-54-38-51-6-60-20-35-18-1-92-83-22-74-24-48-81-96-70-67-27-12-21-31-52-15-37-25-68-43-2-72-46-64-13-62-4-3-47-88-14-78-94-16-98-97-5-39-57-30-84-42-10-73-33-91-36-76-61-32-86-89-44-23-69-28-75-9-50-71-17-41-45-63-95-82-85-7-99-8-79-49-29-58-19-93-66-55-80-59-53
Ta100x20,10,5,500,0.925,0.075,2,2231002219,17000,6711,6465,6298,6.588372849,v2_avx512bw_vec32_exact_perm,77-34-40-56-92-51-87-11-100-26-81-96-83-43-6-65-38-12-54-1-90-48-67-60-20-35-52-18-74-24-47-88-21-70-37-84-27-94-5-10-98-14-30-72-78-46-68-25-2-15-22-44-62-97-36-64-4-17-31-42-63-95-45-73-16-75-71-7-9-39-13-89-3-23-32-61-99-76-8-86-69-85-28-33-79-49-82-29-19-57-50-41-91-58-53-93-55-80-66-59
Ta100x20,10,5,500,0.925,0.075,3,2231003228,17000,6732,6465,6298,7.017451,v2_avx512bw_vec32_exact_perm,77-34-81-1-20-56-51-48-24-43-54-90-100-11-40-87-83-92-6-52-27-26-70-38-35-37-46-67-47-65-12-96-97-64-2-74-95-60-78-15-88-84-22-36-23-31-18-68-33-5-21-25-62-10-42-76-14-3-63-4-17-98-75-73-39-86-44-72-71-94-57-45-7-89-13-16-9-50-69-99-85-30-82-32-91-49-79-8-61-28-29-55-41-93-58-66-19-53-80-59
Ta100x20,10,5,500,0.925,0.075,4,2231004237,17000,6732,6465,6298,6.685745477,v2_avx512bw_vec32_exact_perm,77-34-56-92-11-14-81-40-51-65-54-26-43-83-6-96-24-87-12-37-20-98-90-70-72-1-27-18-48-60-46-52-47-67-68-36-62-21-23-31-64-4-2-78-35-100-16-88-15-32-74-84-10-5-17-95-38-25-57-76-89-61-86-75-97-30-73-9-33-85-39-71-28-93-94-7-22-44-3-79-82-63-8-91-41-50-99-45-42-69-13-49-29-58-19-66-55-53-80-59
Ta100x20,10,5,500,0.925,0.075,5,2231005246,17000,6707,6465,6298,6.740235467,v2_avx512bw_vec32_exact_perm,77-34-40-100-11-26-38-87-6-60-21-46-92-56-54-18-51-98-24-43-36-70-74-83-37-72-35-23-27-90-15-1-52-16-62-47-14-48-65-25-20-31-22-10-7-82-68-75-2-94-4-81-91-30-78-99-73-63-12-64-96-88-95-86-76-69-67-3-89-5-32-45-57-42-39-71-33-13-44-97-8-85-9-49-50-61-84-41-17-28-79-29-93-58-66-19-53-80-55-59
Ta100x20,10,5,500,0.925,0.075,6,2231006255,17000,6746,6465,6298,6.779633789,v2_avx512bw_vec32_exact_perm,77-15-34-46-56-20-43-90-11-40-83-60-12-48-100-92-24-84-26-52-10-6-70-87-44-36-54-1-67-21-96-38-64-35-31-75-47-51-14-74-7-42-65-81-25-94-57-2-5-62-37-33-22-82-97-27-95-45-76-88-78-86-72-63-68-23-61-16-8-4-73-99-18-71-13-9-69-41-30-28-85-39-50-17-29-98-32-19-3-93-89-66-79-91-58-53-55-49-80-59
Ta100x20,10,5,500,0.925,0.075,7,2231007264,17000,6707,6465,6298,7.221137261,v2_avx512bw_vec32_exact_perm,77-34-81-92-51-11-87-2-56-40-43-24-46-6-12-27-26-60-21-1-54-100-83-62-70-20-90-95-96-18-64-4-14-10-25-35-67-31-65-99-36-98-72-68-47-88-74-48-33-3-52-78-32-71-91-9-73-23-22-42-15-94-86-76-75-37-13-16-97-61-7-5-57-45-39-84-38-79-28-41-66-89-17-44-82-8-63-29-30-49-58-85-19-69-50-93-53-80-55-59
Ta100x20,10,5,500,0.925,0.075,8,2231008273,17000,6724,6465,6298,6.71446197,v2_avx512bw_vec32_exact_perm,77-56-34-90-26-40-1-11-24-100-81-83-54-46-87-75-38-12-6-14-60-15-98-74-48-64-62-47-37-96-72-51-92-21-27-18-70-31-94-20-22-95-25-43-32-65-67-52-3-78-61-88-42-35-86-10-85-2-36-63-89-99-76-4-23-68-84-13-16-97-45-5-33-71-73-57-7-41-50-93-79-19-39-9-30-8-44-17-69-91-58-49-29-66-28-82-55-80-59-53
Ta100x20,10,5,500,0.925,0.075,9,2231009282,17000,6718,6465,6298,6.877529061,v2_avx512bw_vec32_exact_perm,77-81-40-56-98-11-51-34-87-12-83-100-90-18-15-6-92-67-60-52-62-26-64-78-21-16-22-65-96-20-24-54-70-74-43-37-47-27-84-25-35-1-97-48-57-46-10-31-23-17-72-4-73-3-14-95-88-7-42-86-89-99-2-36-75-5-44-50-61-9-94-63-13-41-33-39-45-76-30-69-71-32-49-85-68-79-19-93-91-82-8-28-38-29-58-55-53-80-66-59
Ta100x20,10,5,500,0.925,0.075,10,2231010291,17000,6732,6465,6298,7.421128321,v2_avx512bw_vec32_exact_perm,77-56-65-40-34-20-26-81-24-51-12-27-70-87-1-90-60-43-11-88-54-92-46-74-22-48-47-83-98-78-36-64-23-68-84-18-95-5-62-35-96-6-38-37-15-75-16-14-21-42-100-52-31-10-9-86-91-2-76-72-67-73-33-89-97-50-13-8-45-4-57-28-44-71-61-7-32-99-3-25-39-69-17-41-85-63-49-94-30-79-82-29-93-58-66-19-55-53-80-59
Ta100x20,10,5,500,0.925,0.1,1,2231001210,17000,6732,6465,6298,6.560997837,v2_avx512bw_vec32_exact_perm,77-34-40-20-56-51-81-24-26-52-11-6-100-1-87-83-95-38-60-23-35-15-54-46-90-37-27-43-67-47-72-84-64-18-75-65-74-48-70-98-96-94-25-22-86-21-92-88-63-31-99-14-16-2-85-57-97-12-10-76-28-62-17-68-42-36-73-7-45-32-91-4-78-9-39-8-89-13-5-44-3-49-71-19-33-50-61-66-30-29-69-41-79-82-58-93-55-53-80-59
Ta100x20,10,5,500,0.925,0.1,2,2231002219,17000,6734,6465,6298,6.753517406,v2_avx512bw_vec32_exact_perm,77-34-40-51-24-81-27-87-56-11-90-18-43-100-92-83-64-74-52-22-72-60-6-47-65-54-35-62-26-38-36-70-1-15-48-20-57-23-37-96-39-31-46-14-86-32-25-88-2-97-75-12-95-67-85-5-7-3-10-4-98-68-21-33-89-61-78-73-42-41-82-44-28-94-76-84-30-13-17-45-79-49-99-16-71-91-63-19-8-69-9-80-50-93-29-55-53-66-59-58
Ta100x20,10,5,500,0.925,0.1,3,2231003228,17000,6732,6465,6298,6.625461481,v2_avx512bw_vec32_exact_perm,77-34-56-36-90-40-87-11-65-54-100-18-43-96-92-26-6-51-24-60-70-27-1-62-83-81-35-15-47-74-14-98-52-48-46-68-67-84-21-38-23-78-22-12-72-76-75-37-31-89-82-10-64-88-57-2-95-5-42-44-3-73-25-32-39-20-91-79-4-49-7-69-71-97-45-13-86-61-85-99-29-16-63-94-28-9-33-8-19-17-41-30-50-53-58-93-55-66-80-59
Ta100x20,10,5,500,0.925,0.1,4,2231004237,17000,6732,6465,6298,6.801381136,v2_avx512bw_vec32_exact_perm,77-56-40-26-46-54-51-34-83-90-43-87-38-15-12-100-60-62-84-1-96-14-6-65-24-81-52-20-78-74-27-99-70-35-47-22-21-10-37-95-68-89-31-25-23-98-36-5-88-64-92-48-67-45-72-75-16-2-44-42-33-57-32-91-73-9-82-71-8-28-97-30-39-85-4-18-49-7-50-13-61-86-63-79-11-76-41-94-29-93-69-3-17-66-58-19-55-53-80-59
Ta100x20,10,5,500,0.925,0.1,5,2231005246,17000,6732,6465,6298,6.897641753,v2_avx512bw_vec32_exact_perm,77-34-11-40-56-43-90-26-20-65-87-83-92-47-38-46-98-96-100-35-81-24-60-64-15-1-51-70-6-12-74-54-10-52-27-36-48-14-88-62-23-37-78-68-5-31-4-72-21-67-22-75-99-91-7-95-2-32-25-42-18-89-57-76-16-13-86-28-84-71-45-61-33-94-63-3-97-9-85-39-8-73-50-69-30-82-44-17-41-19-93-79-49-58-29-66-55-53-80-59
Ta100x20,10,5,500,0.925,0.1,6,2231006255,17000,6712,6465,6298,6.47944404,v2_avx512bw_vec32_exact_perm,77-34-51-81-56-100-43-62-24-90-54-26-1-6-11-70-27-67-83-87-22-52-15-20-46-60-40-74-38-98-48-37-72-47-18-92-35-57-14-2-65-64-97-84-96-78-89-10-36-95-31-16-12-75-44-17-23-21-25-69-5-68-13-61-94-76-30-32-86-7-71-73-88-45-39-33-3-80-82-63-28-41-4-99-85-42-8-91-9-50-93-49-59-79-29-58-66-19-55-53
Ta100x20,10,5,500,0.925,0.1,7,2231007264,17000,6712,6465,6298,6.47236942,v2_avx512bw_vec32_exact_perm,77-34-56-65-40-83-90-11-100-54-87-81-24-51-92-26-98-60-43-46-20-37-48-47-35-1-62-6-5-16-70-72-95-86-96-74-57-23-27-64-84-78-52-2-22-88-10-14-21-36-42-97-13-18-59-12-69-25-75-67-15-82-68-7-4-9-32-31-3-73-33-41-94-71-99-91-38-85-8-17-76-89-63-39-79-61-45-28-44-50-30-58-49-29-66-19-93-55-53-80
Ta100x20,10,5,500,0.925,0.1,8,2231008273,17000,6707,6465,6298,6.459628936,v2_avx512bw_vec32_exact_perm,77-34-56-100-90-11-83-40-15-51-20-43-24-62-54-6-26-60-67-65-10-47-38-35-92-2-87-64-37-74-81-52-23-48-70-27-31-46-18-72-4-12-25-21-33-45-42-91-16-95-1-22-99-96-14-97-98-88-86-39-76-89-68-7-36-75-32-30-59-17-71-73-78-61-13-49-44-50-5-41-8-9-94-57-82-85-28-84-79-3-63-69-93-29-58-19-66-55-53-80
Ta100x20,10,5,500,0.925,0.1,9,2231009282,17000,6694,6465,6298,6.605620921,v2_avx512bw_vec32_exact_perm,77-56-40-11-20-34-100-24-26-38-43-83-46-6-16-27-51-21-98-15-60-74-64-48-12-96-35-65-1-62-47-90-37-95-84-87-52-67-4-18-2-25-88-70-72-36-39-92-31-42-10-54-22-69-76-14-23-3-5-80-71-89-81-32-85-7-78-75-57-68-86-97-13-94-44-28-30-33-99-91-61-73-9-17-45-79-8-82-63-41-49-93-50-29-58-19-53-55-66-59
Ta100x20,10,5,500,0.925,0.1,10,2231010291,17000,6732,6465,6298,6.170457564,v2_avx512bw_vec32_exact_perm,77-34-40-56-24-37-11-1-51-81-20-67-90-52-6-27-62-70-43-54-15-12-23-10-26-65-68-72-83-35-46-75-87-48-60-47-92-84-38-5-31-96-14-21-100-78-18-74-2-32-98-30-22-25-95-17-42-76-86-64-16-97-50-49-36-89-88-57-44-45-69-85-61-71-13-33-9-63-94-39-7-41-82-4-73-99-93-91-8-3-28-79-29-58-66-19-55-53-80-59
Ta100x20,10,5,500,0.925,0.125,1,2231001210,17000,6714,6465,6298,6.296664108,v2_avx512bw_vec32_exact_perm,77-34-56-98-6-51-21-40-24-12-1-20-72-90-26-70-87-65-67-11-62-92-52-61-83-74-88-96-43-27-33-54-76-23-16-78-18-64-36-15-2-46-35-60-37-100-31-68-47-84-97-38-10-22-95-75-14-48-69-94-9-3-42-4-73-7-13-89-28-71-63-91-44-50-25-49-99-86-39-32-45-17-79-57-8-30-81-41-5-82-80-58-85-29-66-19-53-93-55-59
Ta100x20,10,5,500,0.925,0.125,2,2231002219,17000,6732,6465,6298,6.292693301,v2_avx512bw_vec32_exact_perm,77-34-40-56-100-6-51-87-98-24-27-11-43-83-48-65-62-26-90-52-54-15-1-72-35-20-67-37-3-22-60-74-23-81-70-96-64-36-32-39-61-88-92-47-75-14-95-7-10-12-18-89-46-91-2-5-44-16-38-71-21-97-42-76-86-99-68-63-30-31-33-85-17-25-9-78-73-4-13-57-94-8-69-45-49-50-28-79-84-41-29-82-55-66-58-19-93-53-80-59
Ta100x20,10,5,500,0.925,0.125,3,2231003228,17000,6715,6465,6298,6.327265761,v2_avx512bw_vec32_exact_perm,77-34-56-40-100-83-26-87-24-43-54-51-62-1-46-20-15-31-47-2-92-60-65-74-98-38-72-37-21-10-6-22-90-49-27-12-52-14-96-67-64-88-95-68-18-23-4-84-35-5-97-75-70-11-86-78-7-42-3-30-28-76-48-57-25-32-81-85-41-94-44-17-13-89-45-63-99-36-71-8-9-39-50-33-73-61-91-16-79-93-69-82-58-29-66-19-53-80-55-59
Ta100x20,10,5,500,0.925,0.125,4,2231004237,17000,6732,6465,6298,6.758367914,v2_avx512bw_vec32_exact_perm,77-34-56-20-51-26-24-1-100-54-87-92-6-60-11-41-43-70-90-40-62-83-65-46-21-37-35-38-84-67-47-72-27-2-86-96-74-18-64-25-52-4-88-95-76-48-14-81-10-78-12-57-23-22-82-32-31-75-3-36-7-98-16-15-97-71-5-30-42-99-85-8-69-91-89-17-73-9-13-39-45-44-94-68-28-33-50-63-49-79-61-55-29-58-19-93-53-66-80-59
Ta100x20,10,5,500,0.925,0.125,5,2231005246,17000,6718,6465,6298,6.368302987,v2_avx512bw_vec32_exact_perm,77-34-56-81-100-11-43-40-24-83-1-38-65-51-6-90-35-62-54-27-20-87-52-60-10-47-22-14-15-70-26-74-31-48-95-84-36-21-41-67-12-68-46-64-88-18-92-76-72-78-37-2-5-94-23-16-4-42-73-45-99-97-57-75-25-28-9-39-32-89-30-13-7-96-61-3-98-85-44-33-86-63-93-71-17-8-69-49-91-79-82-50-29-58-19-66-53-80-55-59
Ta100x20,10,5,500,0.925,0.125,6,2231006255,17000,6706,6465,6298,6.402207697,v2_avx512bw_vec32_exact_perm,77-34-43-56-38-51-81-11-12-100-90-70-60-54-1-87-6-40-92-83-35-98-47-2-15-52-65-82-75-46-67-72-18-74-64-57-26-86-24-37-88-76-96-14-22-97-23-33-62-39-48-95-27-31-16-7-84-78-10-68-21-36-73-50-42-5-25-44-17-20-32-41-9-94-61-28-89-69-99-13-45-4-71-79-85-63-91-49-3-58-30-29-19-93-8-66-80-53-55-59
Ta100x20,10,5,500,0.925,0.125,7,2231007264,17000,6709,6465,6298,6.4066573,v2_avx512bw_vec32_exact_perm,77-34-56-54-51-90-100-6-36-11-47-26-40-24-20-60-92-65-83-35-37-87-12-25-72-88-62-14-43-70-98-1-74-75-42-27-96-33-48-52-84-21-22-67-32-5-46-10-7-2-57-64-95-4-15-23-97-89-86-68-49-38-13-71-85-81-69-59-18-78-31-9-76-45-3-63-99-61-39-16-17-73-44-94-8-79-41-28-91-50-29-58-30-19-93-55-66-82-53-80
Ta100x20,10,5,500,0.925,0.125,8,2231008273,17000,6732,6465,6298,6.353136672,v2_avx512bw_vec32_exact_perm,77-34-15-56-6-51-40-11-27-26-36-20-47-98-92-83-14-37-100-52-67-24-90-62-64-18-96-43-74-2-78-38-65-99-60-35-12-21-61-54-87-76-48-70-72-75-94-16-7-4-5-57-25-86-95-13-42-97-22-50-41-63-9-88-71-84-69-1-31-85-10-68-46-17-45-23-89-39-28-30-33-81-3-49-32-79-55-58-91-29-93-19-44-82-8-66-53-73-80-59
Ta100x20,10,5,500,0.925,0.125,9,2231009282,17000,6732,6465,6298,6.285625153,v2_avx512bw_vec32_exact_perm,77-34-56-15-40-100-26-60-83-6-81-67-12-90-54-35-65-87-11-21-24-52-27-14-22-62-7-1-18-51-47-64-92-98-96-70-46-74-2-99-89-45-28-20-43-31-4-5-10-37-76-85-88-16-23-75-94-36-42-32-3-13-97-30-72-25-39-48-57-71-33-68-44-73-78-82-61-50-38-95-58-84-41-8-9-17-69-91-86-93-49-66-29-19-79-55-63-53-80-59
Ta100x20,10,5,500,0.925,0.125,10,2231010291,17000,6696,6465,6298,6.23811851,v2_avx512bw_vec32_exact_perm,77-34-56-47-38-1-40-20-54-100-36-90-43-15-51-65-67-35-24-60-6-62-98-42-88-11-87-2-64-37-83-78-92-22-18-21-10-74-52-12-27-72-31-46-7-25-70-97-75-96-48-23-5-61-99-94-3-68-14-26-30-17-86-95-33-73-41-13-89-4-39-16-19-76-57-81-85-80-71-50-45-49-9-8-44-32-91-28-84-82-63-29-58-69-79-66-53-55-93-59
Ta100x20,10,5,500,0.9625,0.025,1,2231001210,17000,6716,6465,6298,6.381153797,v2_avx512bw_vec32_exact_perm,77-34-56-40-90-26-11-100-98-92-12-83-43-6-65-72-51-15-1-20-60-48-46-87-81-14-21-35-74-70-22-37-27-38-36-29-84-62-24-18-86-63-5-52-10-61-96-31-67-4-95-78-42-54-68-47-49-23-45-88-33-94-73-16-91-64-25-7-97-2-75-28-71-76-57-13-89-44-85-30-39-9-58-3-82-79-41-32-99-8-19-93-50-69-17-53-66-80-55-59
Ta100x20,10,5,500,0.9625,0.025,2,2231002219,17000,6732,6465,6298,6.638209469,v2_avx512bw_vec32_exact_perm,77-34-40-11-56-24-54-100-51-47-6-87-1-62-46-38-43-90-20-26-36-15-65-48-52-10-21-95-14-35-31-72-22-75-83-42-37-64-18-98-25-84-88-27-96-74-23-97-60-70-76-67-57-92-12-41-4-82-3-68-30-61-5-39-45-94-81-13-73-71-99-86-33-17-32-78-2-85-49-44-91-89-28-63-8-7-16-79-9-50-58-69-29-19-66-93-55-53-80-59
Ta100x20,10,5,500,0.9625,0.025,3,2231003228,17000,6732,6465,6298,6.573701312,v2_avx512bw_vec32_exact_perm,77-34-11-1-56-43-51-100-83-81-24-40-12-98-6-62-92-27-90-18-52-20-26-87-70-2-35-25-15-42-36-31-46-47-21-37-16-48-64-72-57-67-14-95-60-54-7-74-96-68-78-88-3-86-10-22-4-65-84-61-39-76-38-23-73-75-5-33-63-41-13-89-94-17-71-32-28-97-85-50-99-9-45-19-69-8-93-91-82-49-58-44-30-79-29-66-55-53-80-59
Ta100x20,10,5,500,0.9625,0.025,4,2231004237,17000,6732,6465,6298,6.84643395,v2_avx512bw_vec32_exact_perm,77-34-56-51-24-11-26-40-83-64-100-92-54-52-90-98-69-6-60-22-43-15-47-20-35-12-81-38-62-96-72-74-14-70-27-48-87-23-65-95-46-1-99-94-37-89-45-76-31-18-5-33-2-25-32-97-57-36-84-21-7-67-28-85-13-10-68-78-88-44-86-75-3-16-61-4-39-42-73-49-71-19-9-50-30-8-41-91-79-17-29-63-82-58-53-93-55-66-80-59
Ta100x20,10,5,500,0.9625,0.025,5,2231005246,17000,6732,6465,6298,6.506556202,v2_avx512bw_vec32_exact_perm,77-34-56-20-26-40-92-90-6-51-24-64-43-83-15-100-36-18-87-60-12-54-78-1-65-23-74-98-84-35-96-11-5-21-22-27-14-91-52-48-67-72-4-75-38-62-46-70-37-81-25-99-61-95-16-33-47-2-39-31-7-76-88-86-68-57-10-9-32-89-8-13-42-30-97-44-94-73-3-49-79-71-28-45-85-17-41-29-63-19-93-69-82-58-50-66-55-53-80-59
Ta100x20,10,5,500,0.9625,0.025,6,2231006255,17000,6732,6465,6298,6.807658483,v2_avx512bw_vec32_exact_perm,77-34-40-26-100-87-56-24-83-51-43-20-54-64-11-1-6-52-81-15-47-92-35-38-48-88-60-65-90-25-46-78-17-62-10-70-74-32-12-98-21-18-96-37-31-67-14-72-3-27-97-76-86-75-99-95-23-71-13-22-61-8-5-7-89-91-73-4-68-57-2-16-69-36-94-9-63-84-93-79-85-41-30-44-42-39-45-19-29-58-33-49-50-28-82-53-55-66-80-59
Ta100x20,10,5,500,0.9625,0.025,7,2231007264,17000,6732,6465,6298,6.790485732,v2_avx512bw_vec32_exact_perm,77-34-56-24-20-1-47-40-100-90-12-6-87-51-60-18-11-92-81-54-26-67-62-96-95-64-22-75-43-74-83-37-25-70-36-48-57-14-46-38-98-21-4-35-15-82-52-32-88-31-27-2-45-85-72-99-23-78-10-39-33-16-30-3-65-50-76-73-89-97-68-69-71-44-5-17-42-91-86-63-9-7-41-13-84-94-8-28-61-49-93-79-29-66-55-58-19-53-80-59
Ta100x20,10,5,500,0.9625,0.025,8,2231008273,17000,6732,6465,6298,6.766580973,v2_avx512bw_vec32_exact_perm,77-34-56-38-40-90-20-100-51-26-11-43-75-81-6-70-87-15-83-48-12-35-65-62-54-92-22-37-46-18-74-27-24-14-85-5-72-25-1-78-96-7-60-31-36-67-21-39-84-86-33-23-64-68-97-95-98-4-73-52-2-42-88-16-47-76-10-94-30-17-61-99-3-89-71-28-44-32-50-41-8-57-13-9-91-45-49-69-19-63-82-79-29-58-66-93-55-53-80-59
Ta100x20,10,5,500,0.9625,0.025,9,2231009282,17000,6732,6465,6298,6.649672907,v2_avx512bw_vec32_exact_perm,77-34-56-92-40-100-87-36-11-51-24-81-60-84-83-35-26-67-12-47-15-6-65-96-2-52-20-43-90-54-98-1-37-70-10-72-30-27-74-25-42-7-62-4-48-95-73-31-17-75-57-23-16-14-64-88-78-38-22-46-39-21-86-18-33-94-13-9-44-32-8-5-68-91-49-3-50-97-45-76-71-63-69-41-28-85-79-89-61-19-93-99-82-58-29-66-55-53-80-59
Ta100x20,10,5,500,0.9625,0.025,10,2231010291,17000,6707,6465,6298,6.76924663,v2_avx512bw_vec32_exact_perm,77-34-40-38-100-11-26-43-51-83-6-90-1-21-87-56-24-92-60-12-27-54-67-46-62-70-15-81-20-96-35-37-31-65-10-74-36-47-41-23-48-98-76-52-64-18-84-57-2-78-68-14-22-7-16-4-72-75-5-95-25-42-97-73-88-13-45-71-91-50-61-32-49-39-3-79-44-63-89-30-94-85-28-9-86-29-19-33-69-66-82-58-99-8-93-17-53-80-55-59
Ta100x20,10,5,500,0.9625,0.05,1,2231001210,17000,6712,6465,6298,6.550462523,v2_avx512bw_vec32_exact_perm,77-34-56-11-40-20-12-1-26-43-60-87-65-70-90-74-6-67-98-83-18-54-24-92-16-72-81-47-37-51-35-27-52-38-22-62-10-21-88-23-75-14-96-15-76-100-3-95-32-61-2-36-42-64-46-89-69-31-68-94-25-13-4-78-17-5-57-97-84-33-86-9-73-7-45-28-44-99-39-71-79-48-91-63-82-41-49-50-58-85-93-8-19-29-66-30-53-80-55-59
Ta100x20,10,5,500,0.9625,0.05,2,2231002219,17000,6732,6465,6298,6.496859879,v2_avx512bw_vec32_exact_perm,77-56-20-12-87-54-11-15-51-100-40-43-6-18-92-35-83-67-60-24-64-52-90-38-62-34-27-96-26-48-65-14-1-36-21-16-81-22-74-47-70-31-10-78-23-37-75-76-3-42-46-5-68-95-88-82-91-32-4-7-97-72-25-44-71-2-49-57-86-94-98-28-89-33-85-8-9-13-30-61-99-50-45-39-17-84-63-29-69-73-79-58-41-93-66-55-19-53-80-59
Ta100x20,10,5,500,0.9625,0.05,3,2231003228,17000,6717,6465,6298,6.548473116,v2_avx512bw_vec32_exact_perm,77-34-100-56-11-51-90-26-24-52-65-43-40-12-6-92-67-47-83-15-21-87-70-54-60-20-62-37-84-31-27-72-46-10-75-2-1-74-38-96-23-64-88-48-73-35-25-78-7-61-18-68-22-95-36-5-39-57-4-91-89-98-33-3-13-81-14-71-44-86-63-97-99-76-9-94-28-45-32-69-42-16-8-17-50-85-49-82-79-41-29-30-66-93-58-19-80-55-53-59
Ta100x20,10,5,500,0.9625,0.05,4,2231004237,17000,6732,6465,6298,6.399896625,v2_avx512bw_vec32_exact_perm,77-34-56-51-11-81-40-24-43-60-36-83-87-12-90-47-26-52-65-35-95-6-27-54-92-31-18-15-70-88-20-22-96-74-4-48-78-23-64-1-98-62-100-42-39-7-67-68-21-72-86-37-14-46-33-3-25-32-10-5-57-76-2-94-9-91-97-61-71-16-49-38-44-75-69-99-85-73-13-84-93-63-8-41-45-89-17-50-28-29-30-79-58-19-82-66-55-53-80-59
Ta100x20,10,5,500,0.9625,0.05,5,2231005246,17000,6732,6465,6298,6.429276335,v2_avx512bw_vec32_exact_perm,77-34-56-92-20-51-90-81-24-100-46-26-11-15-43-40-54-72-87-60-38-12-83-70-6-74-96-2-37-97-35-98-52-1-23-65-47-67-10-88-3-78-94-22-76-62-75-18-27-5-32-16-21-64-14-95-31-42-86-57-36-73-91-4-48-28-33-61-39-44-50-99-71-25-45-85-13-7-68-89-41-19-9-84-79-30-49-58-29-63-17-8-93-69-66-82-53-55-80-59
Ta100x20,10,5,500,0.9625,0.05,6,2231006255,17000,6697,6465,6298,6.59989311,v2_avx512bw_vec32_exact_perm,77-34-100-56-40-54-26-38-92-20-43-24-51-83-11-60-36-52-6-90-18-27-15-67-62-12-37-72-98-70-35-48-14-21-87-22-65-47-88-46-64-1-78-2-42-5-74-61-7-97-68-94-86-25-81-23-96-31-84-75-39-73-16-71-9-57-3-95-4-45-76-10-85-32-89-99-17-13-33-30-69-8-82-19-41-44-91-50-49-79-63-29-93-55-58-53-28-80-66-59
Ta100x20,10,5,500,0.9625,0.05,7,2231007264,17000,6732,6465,6298,6.538952468,v2_avx512bw_vec32_exact_perm,77-34-81-56-51-24-11-90-20-92-100-52-47-27-62-87-40-60-26-6-43-98-46-54-72-37-83-14-25-1-38-67-95-65-74-73-70-96-12-78-23-97-36-22-21-75-15-13-84-35-61-86-16-5-4-44-88-10-82-2-45-31-94-42-57-76-32-71-18-48-33-64-85-7-28-89-91-68-30-79-17-39-8-99-69-9-41-3-29-49-63-50-93-58-66-55-19-53-80-59
Ta100x20,10,5,500,0.9625,0.05,8,2231008273,17000,6745,6465,6298,6.756577116,v2_avx512bw_vec32_exact_perm,77-34-56-43-40-20-26-6-11-67-90-38-100-47-36-60-87-54-74-96-15-1-81-83-51-62-24-12-35-5-65-22-23-52-4-2-21-92-42-10-72-75-78-98-37-27-14-18-31-7-97-64-46-73-88-76-57-71-70-3-99-16-41-33-84-82-95-68-86-48-94-69-32-25-63-28-91-39-85-89-9-61-45-30-13-79-44-17-49-50-29-93-8-55-80-53-58-66-19-59
Ta100x20,10,5,500,0.9625,0.05,9,2231009282,17000,6732,6465,6298,7.330474163,v2_avx512bw_vec32_exact_perm,77-34-56-51-81-100-12-15-11-35-40-43-21-65-83-31-54-67-90-92-52-72-26-1-6-20-24-98-27-87-4-78-70-10-2-18-60-23-47-62-64-37-96-14-25-88-97-95-17-68-48-22-36-46-32-86-74-5-75-38-99-3-89-71-7-42-94-45-61-13-57-8-73-33-85-69-9-16-44-28-76-41-39-50-63-91-93-30-84-49-79-19-29-82-58-66-55-53-80-59
Ta100x20,10,5,500,0.9625,0.05,10,2231010291,17000,6707,6465,6298,6.683858513,v2_avx512bw_vec32_exact_perm,77-34-56-51-12-43-90-83-24-1-81-20-15-40-60-87-11-54-64-72-10-100-6-35-52-27-42-96-92-36-18-38-26-98-68-65-5-95-23-70-48-47-94-62-91-86-74-75-84-14-46-78-76-32-21-13-37-31-25-3-71-57-22-97-4-2-73-30-7-16-79-89-88-63-82-61-9-67-41-44-39-28-45-33-99-50-69-17-8-85-49-29-66-93-58-19-53-80-55-59
Ta100x20,10,5,500,0.9625,0.075,1,2231001210,17000,6732,6465,6298,6.291419514,v2_avx512bw_vec32_exact_perm,77-34-56-98-51-64-90-100-83-62-40-43-60-11-54-87-46-26-96-92-6-70-24-74-2-12-38-65-5-31-81-47-48-95-15-14-21-32-20-35-10-72-25-37-67-86-78-91-52-3-89-7-1-57-27-22-61-76-28-18-36-88-4-68-99-13-8-17-75-23-85-97-33-94-63-71-41-16-69-42-9-73-44-50-39-45-30-79-19-53-58-49-29-93-84-82-66-55-80-59
Ta100x20,10,5,500,0.9625,0.075,2,2231002219,17000,6732,6465,6298,6.669381892,v2_avx512bw_vec32_exact_perm,77-34-56-24-1-40-43-20-11-54-83-60-87-100-15-92-51-96-46-27-6-98-70-74-37-65-62-35-26-90-36-67-5-47-84-48-10-2-78-81-38-4-18-72-76-64-75-22-95-99-14-57-25-23-52-97-94-3-12-86-39-31-16-42-88-85-71-7-68-61-45-9-63-89-44-50-30-82-8-41-73-49-33-21-28-32-17-79-91-13-69-19-58-29-66-93-55-53-80-59
Ta100x20,10,5,500,0.9625,0.075,3,2231003228,17000,6711,6465,6298,6.448500278,v2_avx512bw_vec32_exact_perm,77-34-56-11-40-92-100-20-15-24-54-51-62-43-26-1-6-49-60-27-70-83-98-52-22-12-96-88-46-87-14-81-67-35-65-84-75-21-10-47-7-38-57-36-23-25-78-16-37-72-18-95-64-3-42-74-48-76-31-68-91-33-89-30-86-97-94-69-99-44-93-2-45-61-13-50-4-63-28-5-90-71-73-17-79-39-82-32-41-9-8-19-58-85-29-80-55-53-66-59
Ta100x20,10,5,500,0.9625,0.075,4,2231004237,17000,6728,6465,6298,6.504144806,v2_avx512bw_vec32_exact_perm,77-34-40-56-100-52-26-92-6-21-20-38-90-36-51-83-60-54-11-24-97-87-10-47-98-1-67-70-35-62-43-74-12-15-31-23-37-2-22-75-7-96-64-25-14-65-18-72-81-46-78-42-33-69-48-16-3-27-5-57-86-68-88-30-4-95-63-76-71-32-9-94-41-17-44-89-39-13-73-45-61-99-79-49-85-50-91-28-8-82-84-80-29-58-19-66-93-55-53-59
Ta100x20,10,5,500,0.9625,0.075,5,2231005246,17000,6714,6465,6298,7.396747732,v2_avx512bw_vec32_exact_perm,77-34-15-56-100-20-51-40-92-54-11-90-65-38-74-24-6-43-37-60-87-47-62-83-46-18-48-72-25-81-12-26-10-1-23-98-50-21-32-64-31-35-67-85-97-70-14-22-84-76-75-88-16-78-27-99-9-96-86-91-52-95-89-2-5-71-4-7-68-45-73-36-57-39-8-33-30-94-13-41-49-79-93-42-3-61-28-44-66-82-69-29-63-17-58-19-80-55-53-59
Ta100x20,10,5,500,0.9625,0.075,6,2231006255,17000,6732,6465,6298,6.645661256,v2_avx512bw_vec32_exact_perm,77-34-40-11-43-56-26-6-83-51-81-12-100-90-88-92-60-38-24-20-54-15-35-48-62-14-98-70-27-46-47-74-22-72-78-64-18-67-31-52-36-96-65-84-76-73-2-95-23-32-42-57-10-45-25-21-49-1-3-4-33-87-97-75-68-5-61-7-94-39-86-85-89-37-71-63-13-17-30-91-44-28-99-16-9-82-50-8-79-93-41-19-29-58-69-53-55-66-80-59
Ta100x20,10,5,500,0.9625,0.075,7,2231007264,17000,6732,6465,6298,6.600482517,v2_avx512bw_vec32_exact_perm,77-56-34-83-54-20-40-90-100-15-51-98-43-11-24-65-6-60-92-23-87-74-64-62-78-26-37-52-35-72-96-27-81-12-47-36-1-14-5-22-7-68-86-67-70-48-95-33-25-38-10-21-3-32-42-73-88-31-75-28-61-71-89-46-76-4-9-44-2-97-18-94-16-85-45-63-57-50-17-84-39-99-8-69-91-41-30-82-79-29-13-58-19-66-49-53-93-55-80-59
Ta100x20,10,5,500,0.9625,0.075,8,2231008273,17000,6695,6465,6298,6.507360588,v2_avx512bw_vec32_exact_perm,77-34-100-56-40-11-51-20-90-15-81-43-26-52-6-87-98-22-18-92-65-83-38-12-78-70-27-74-1-2-35-24-62-13-60-14-88-72-64-37-23-21-96-5-84-75-47-10-16-46-32-36-31-4-48-54-7-97-67-57-85-33-42-25-28-68-76-8-39-17-71-95-82-73-45-50-89-9-99-69-91-86-44-63-94-61-30-79-41-49-19-3-58-93-29-80-53-55-66-59
Ta100x20,10,5,500,0.9625,0.075,9,2231009282,17000,6732,6465,6298,6.314564431,v2_avx512bw_vec32_exact_perm,77-34-12-56-26-38-100-6-43-90-51-92-87-24-1-98-47-40-20-15-83-35-11-81-27-60-3-96-54-2-37-52-48-74-67-70-62-72-7-5-31-65-22-46-64-18-68-78-10-86-21-95-17-36-75-28-42-99-16-23-4-97-25-94-76-57-14-32-88-84-33-45-85-41-89-13-71-49-73-61-91-63-79-44-39-30-8-19-9-50-82-69-58-29-93-66-55-53-80-59
Ta100x20,10,5,500,0.9625,0.075,10,2231010291,17000,6732,6465,6298,6.734661696,v2_avx512bw_vec32_exact_perm,77-34-40-56-51-90-24-81-87-6-100-38-92-72-26-54-1-46-20-11-83-36-2-96-64-60-15-12-18-35-67-14-52-47-37-89-74-48-23-16-27-65-43-70-28-21-61-10-95-7-68-25-75-22-97-99-42-31-3-5-86-78-32-82-69-4-63-33-71-94-98-76-73-45-84-57-49-88-13-30-39-8-50-41-44-91-79-17-29-85-19-9-62-58-93-55-53-66-80-59
Ta100x20,10,5,500,0.9625,0.1,1,2231001210,17000,6717,6465,6298,6.67977294,v2_avx512bw_vec32_exact_perm,77-56-51-90-83-38-34-15-43-64-100-60-26-40-11-42-87-24-88-20-6-12-21-67-54-47-92-96-14-1-46-98-35-52-65-37-78-75-86-17-62-81-16-22-18-25-57-31-32-74-10-23-5-68-39-70-27-84-36-2-95-94-73-4-7-97-9-30-41-45-89-28-44-82-76-71-79-63-48-13-33-69-8-72-99-61-85-3-50-91-49-29-58-93-66-19-53-80-55-59
Ta100x20,10,5,500,0.9625,0.1,2,2231002219,17000,6721,6465,6298,6.589300009,v2_avx512bw_vec32_exact_perm,77-34-56-51-40-26-100-81-98-90-83-87-74-43-11-24-70-15-54-20-47-92-67-6-38-52-72-2-1-65-60-35-12-96-76-25-21-86-10-78-57-32-37-18-27-7-3-22-62-36-23-75-46-39-14-31-5-95-17-4-63-79-88-84-89-48-13-42-68-97-49-85-28-9-71-94-91-16-33-30-64-73-61-45-29-99-8-44-50-93-41-19-69-58-53-82-66-80-55-59
Ta100x20,10,5,500,0.9625,0.1,3,2231003228,17000,6732,6465,6298,6.40610804,v2_avx512bw_vec32_exact_perm,77-34-56-20-15-51-11-100-6-87-12-26-40-1-92-90-43-81-98-74-37-27-18-72-24-23-83-70-67-64-96-52-46-36-35-42-38-48-21-39-68-54-73-62-10-25-60-84-88-3-47-22-31-75-65-14-7-71-5-95-33-78-57-86-76-32-97-16-91-2-69-79-61-41-89-9-4-99-17-63-13-44-49-8-45-94-50-85-29-93-28-58-19-30-53-82-55-66-80-59
Ta100x20,10,5,500,0.9625,0.1,4,2231004237,17000,6732,6465,6298,6.506428203,v2_avx512bw_vec32_exact_perm,77-34-56-40-100-26-87-51-11-12-17-54-20-90-6-15-52-60-83-24-62-10-92-65-67-22-47-70-88-16-18-96-35-81-76-48-1-21-27-36-68-14-46-42-98-74-31-72-38-95-25-75-86-2-43-84-78-64-33-97-73-85-49-71-13-5-23-57-89-69-3-32-61-63-44-94-39-50-37-30-41-19-4-91-58-93-9-45-8-99-29-7-28-82-79-53-66-55-80-59
Ta100x20,10,5,500,0.9625,0.1,5,2231005246,17000,6707,6465,6298,6.446608971,v2_avx512bw_vec32_exact_perm,77-34-11-1-87-100-26-56-90-20-21-24-40-83-6-51-62-92-12-35-67-52-10-37-72-15-74-46-65-38-98-70-27-48-96-43-47-68-25-84-22-2-54-4-60-23-97-64-88-14-36-31-75-81-73-42-18-95-86-32-71-78-5-39-61-44-91-33-57-7-50-99-45-76-17-41-89-9-69-8-16-13-3-49-30-85-82-28-79-94-63-93-29-58-66-19-53-80-55-59
Ta100x20,10,5,500,0.9625,0.1,6,2231006255,17000,6732,6465,6298,6.512128616,v2_avx512bw_vec32_exact_perm,77-34-46-56-51-54-40-98-100-62-90-36-87-83-81-27-43-88-70-12-20-6-26-22-35-24-60-38-84-11-78-52-74-48-31-18-21-1-32-47-96-15-16-97-23-67-37-86-76-4-14-72-68-39-3-64-75-95-5-99-25-42-45-63-9-65-89-10-17-13-73-94-92-44-79-91-30-61-41-2-7-93-33-49-57-50-8-85-71-29-19-82-69-58-28-55-53-66-80-59
Ta100x20,10,5,500,0.9625,0.1,7,2231007264,17000,6732,6465,6298,6.792158868,v2_avx512bw_vec32_exact_perm,77-34-56-40-6-70-39-11-100-15-90-51-43-83-38-64-35-26-54-68-2-81-72-62-24-52-60-20-1-87-98-96-84-46-92-31-37-25-75-65-18-27-36-74-22-23-95-10-67-48-73-7-14-12-21-88-32-97-3-5-42-86-16-47-89-4-76-71-30-50-57-61-33-99-78-8-91-69-82-29-13-63-9-45-94-17-85-49-44-41-58-28-93-19-66-55-79-53-80-59
Ta100x20,10,5,500,0.9625,0.1,8,2231008273,17000,6732,6465,6298,6.786443241,v2_avx512bw_vec32_exact_perm,77-56-38-100-65-51-90-11-40-20-43-26-6-24-15-34-92-60-10-64-21-37-54-52-18-36-47-62-25-67-83-96-35-88-48-31-46-70-22-95-14-78-7-42-1-87-68-5-74-12-2-72-98-33-89-3-86-32-75-27-99-13-45-57-97-23-4-84-94-63-76-9-85-71-16-69-73-39-30-41-50-29-17-81-61-28-19-93-91-58-8-44-49-79-82-53-55-66-80-59
Ta100x20,10,5,500,0.9625,0.1,9,2231009282,17000,6732,6465,6298,6.628120866,v2_avx512bw_vec32_exact_perm,77-34-56-51-40-26-6-100-47-11-83-20-46-35-38-62-1-21-12-92-87-78-60-27-43-48-54-24-50-31-72-98-14-96-52-18-64-84-70-15-81-39-67-23-25-22-32-10-95-3-75-37-36-63-71-97-65-90-76-45-88-7-86-13-74-94-16-42-5-99-44-68-4-49-30-57-61-89-2-85-69-8-33-79-9-41-93-29-19-17-91-73-58-82-28-66-55-53-80-59
Ta100x20,10,5,500,0.9625,0.1,10,2231010291,17000,6732,6465,6298,7.034513262,v2_avx512bw_vec32_exact_perm,77-34-56-40-38-11-90-67-26-43-51-62-70-92-100-46-6-15-24-54-10-60-21-14-1-87-23-36-98-18-52-78-64-96-83-2-81-88-22-3-72-35-37-5-84-65-42-25-20-57-74-4-48-73-95-32-31-27-91-97-71-75-12-47-8-28-9-49-33-61-94-7-68-44-30-79-89-39-85-63-86-16-76-45-41-99-13-69-82-58-19-17-50-93-29-66-55-53-80-59
Ta100x20,10,5,500,0.9625,0.125,1,2231001210,17000,6732,6465,6298,6.686781794,v2_avx512bw_vec32_exact_perm,77-34-11-56-26-81-40-87-60-65-6-27-83-54-51-12-96-1-68-24-43-42-20-72-100-22-17-90-14-16-64-15-62-98-46-48-99-35-61-18-70-92-4-74-88-2-10-78-52-21-36-67-47-31-73-23-3-45-44-89-37-57-95-75-63-25-76-50-33-7-5-71-97-32-69-94-13-30-9-86-85-28-39-82-79-91-8-49-58-84-38-41-29-19-93-53-66-55-80-59
Ta100x20,10,5,500,0.9625,0.125,2,2231002219,17000,6729,6465,6298,6.485954658,v2_avx512bw_vec32_exact_perm,77-34-12-100-81-40-1-11-87-24-90-56-26-14-46-83-92-60-99-75-43-54-95-72-38-6-51-96-67-52-22-65-37-31-27-64-62-70-2-71-84-18-74-10-15-20-5-98-35-3-89-47-36-97-85-88-78-42-32-73-25-30-48-8-7-21-68-17-23-41-69-76-57-39-45-16-33-49-61-9-94-63-4-19-86-13-79-50-82-44-28-91-93-29-58-59-55-80-53-66
Ta100x20,10,5,500,0.9625,0.125,3,2231003228,17000,6714,6465,6298,6.528498412,v2_avx512bw_vec32_exact_perm,77-34-56-40-24-60-6-37-64-100-92-72-87-51-70-1-90-67-11-43-36-62-96-74-83-2-12-48-27-54-25-88-47-26-81-46-21-52-38-65-15-75-86-35-95-14-31-20-42-78-32-3-5-99-71-10-22-84-7-18-97-98-50-61-30-68-23-28-69-41-39-45-89-33-85-57-91-13-76-9-17-8-44-16-49-79-4-94-73-63-29-58-19-93-55-53-80-82-66-59
Ta100x20,10,5,500,0.9625,0.125,4,2231004237,17000,6732,6465,6298,6.492903373,v2_avx512bw_vec32_exact_perm,77-34-56-11-100-40-62-43-48-46-90-24-81-15-54-26-67-12-72-74-70-51-83-87-60-6-96-52-98-92-1-47-2-31-57-20-18-27-21-37-22-14-65-35-68-86-38-7-25-95-78-39-10-64-4-75-3-16-88-42-23-97-85-94-33-89-36-5-44-73-8-9-13-32-91-76-19-41-99-93-71-84-82-45-63-29-30-61-28-17-50-58-69-55-79-53-49-66-80-59
Ta100x20,10,5,500,0.9625,0.125,5,2231005246,17000,6732,6465,6298,6.313390062,v2_avx512bw_vec32_exact_perm,77-34-56-46-11-100-51-81-47-3-24-40-62-26-92-83-35-60-18-54-43-87-52-48-96-14-15-6-70-31-88-20-12-50-1-90-75-27-84-78-74-22-2-10-64-65-95-38-67-76-71-32-97-36-72-99-86-98-9-94-21-25-37-73-30-33-39-68-23-63-5-49-4-79-58-42-89-45-91-61-29-7-57-85-44-16-19-13-8-41-17-69-82-28-66-93-55-53-80-59
Ta100x20,10,5,500,0.9625,0.125,6,2231006255,17000,6702,6465,6298,6.51921685,v2_avx512bw_vec32_exact_perm,77-56-26-64-11-87-40-92-51-34-6-14-60-24-83-54-43-65-70-15-90-74-96-81-75-100-98-25-38-86-27-20-7-12-76-72-35-33-48-1-78-62-73-52-95-36-22-21-57-68-23-46-5-37-47-31-3-91-67-50-88-99-45-44-18-89-94-32-2-9-10-16-39-71-13-4-82-28-97-63-42-85-17-61-84-41-8-30-79-29-49-69-58-19-93-66-80-55-53-59
Ta100x20,10,5,500,0.9625,0.125,7,2231007264,17000,6711,6465,6298,6.705698878,v2_avx512bw_vec32_exact_perm,77-34-11-40-56-6-90-20-24-62-92-60-54-87-47-98-100-9-26-43-12-36-64-89-15-1-51-83-18-35-52-72-67-37-48-61-74-23-65-27-22-81-5-96-70-2-30-21-46-68-97-38-31-78-14-33-88-32-95-75-10-4-16-99-25-76-41-42-71-3-13-93-57-44-85-50-39-94-84-86-7-19-28-79-63-82-45-69-29-91-58-17-66-8-73-49-53-80-55-59
Ta100x20,10,5,500,0.9625,0.125,8,2231008273,17000,6732,6465,6298,6.509174831,v2_avx512bw_vec32_exact_perm,77-34-6-56-11-92-100-74-87-24-90-12-43-51-20-1-40-38-60-54-37-35-70-78-15-83-27-98-33-21-81-25-47-4-75-97-96-69-46-48-64-67-95-16-14-36-57-76-26-62-22-52-88-85-10-65-31-72-50-39-84-23-63-91-32-17-68-71-7-45-99-44-30-42-5-2-94-18-13-86-28-8-89-66-61-19-93-49-29-58-9-3-41-82-73-79-55-53-80-59
Ta100x20,10,5,500,0.9625,0.125,9,2231009282,17000,6732,6465,6298,6.711425556,v2_avx512bw_vec32_exact_perm,77-34-11-56-100-83-43-1-15-26-40-38-24-6-35-90-98-87-65-51-62-54-20-60-22-37-27-86-14-36-67-92-12-21-74-72-10-23-52-91-96-46-70-48-18-47-7-78-2-88-3-32-81-25-97-31-64-76-75-16-95-71-42-99-57-73-39-5-94-33-13-84-45-17-9-50-44-89-8-63-49-61-30-4-68-69-41-93-29-85-19-79-55-58-28-82-66-53-80-59
Ta100x20,10,5,500,0.9625,0.125,10,2231010291,17000,6698,6465,6298,7.409009285,v2_avx512bw_vec32_exact_perm,77-6-40-56-51-11-90-20-65-34-87-100-72-54-83-35-92-81-27-60-14-24-62-17-64-42-47-1-37-22-52-48-15-96-74-86-98-5-21-73-88-75-23-10-67-36-94-43-70-26-57-46-2-99-68-12-78-38-18-13-97-95-31-33-45-16-76-25-71-91-7-69-49-8-9-4-44-79-32-39-89-50-30-82-63-41-61-19-93-84-3-28-85-29-58-53-80-66-55-59
Ta100x20,10,5,500,1,0.025,1,2231001210,17000,6732,6465,6298,7.160823071,v2_avx512bw_vec32_exact_perm,77-34-43-56-11-81-26-40-54-100-52-62-51-24-83-36-12-90-35-60-1-37-64-15-87-23-6-10-70-96-67-3-27-78-88-68-92-48-21-47-32-20-89-65-74-46-39-18-98-73-22-72-17-45-38-9-31-16-95-75-42-25-69-14-13-76-4-44-57-97-8-91-71-33-99-5-86-93-7-94-63-2-49-50-30-85-79-28-84-41-61-19-29-82-58-66-55-53-80-59
Ta100x20,10,5,500,1,0.025,2,2231002219,17000,6732,6465,6298,7.256556486,v2_avx512bw_vec32_exact_perm,77-34-56-20-40-1-36-51-87-100-83-43-90-92-65-27-54-81-62-52-12-74-11-15-60-18-10-37-26-96-64-23-21-31-6-91-22-35-70-24-98-25-14-78-47-88-86-67-45-95-46-16-68-75-72-38-3-69-97-48-57-82-76-2-13-4-89-73-7-99-44-85-42-32-94-5-50-9-63-30-33-39-61-8-71-28-17-41-84-19-58-93-79-29-49-66-55-53-80-59
Ta100x20,10,5,500,1,0.025,3,2231003228,17000,6732,6465,6298,7.017263161,v2_avx512bw_vec32_exact_perm,77-34-11-12-56-100-54-90-87-72-20-38-40-92-51-62-26-60-83-22-24-46-6-35-15-21-64-1-43-84-98-2-67-96-14-36-52-74-95-65-27-99-23-7-37-68-10-70-75-47-25-97-48-16-86-76-5-31-18-78-57-88-3-71-89-94-17-4-73-30-50-13-9-41-69-81-32-82-91-42-45-39-33-28-63-44-8-79-61-85-93-49-29-66-58-19-55-53-80-59
Ta100x20,10,5,500,1,0.025,4,2231004237,17000,6732,6465,6298,7.036572111,v2_avx512bw_vec32_exact_perm,77-34-56-81-100-43-20-65-24-11-51-90-1-6-92-98-62-26-40-12-15-54-83-87-67-88-64-96-70-74-38-72-37-27-22-60-21-52-46-47-14-31-33-25-78-10-36-23-16-76-97-35-91-48-94-68-5-8-4-73-13-9-99-75-2-42-7-86-44-3-89-95-32-69-57-30-50-18-61-71-39-28-17-19-63-84-41-79-85-29-58-49-93-45-82-66-55-53-80-59
Ta100x20,10,5,500,1,0.025,5,2231005246,17000,6732,6465,6298,8.019896313,v2_avx512bw_vec32_exact_perm,77-34-40-65-11-56-43-51-20-92-87-54-1-60-81-83-15-6-100-18-37-36-47-24-90-67-35-2-26-52-21-98-84-48-12-46-4-74-27-72-23-25-97-86-10-88-22-95-70-31-32-99-42-13-79-89-75-96-64-62-39-9-16-69-14-5-73-61-78-68-7-85-45-30-94-57-38-76-44-49-3-33-50-71-63-91-28-8-41-19-82-29-93-17-58-53-66-55-80-59
Ta100x20,10,5,500,1,0.025,6,2231006255,17000,6732,6465,6298,7.1890587,v2_avx512bw_vec32_exact_perm,77-34-100-56-6-40-26-90-87-98-20-64-96-83-15-51-70-11-52-35-24-75-60-92-81-21-36-10-47-62-43-23-38-67-37-97-27-78-68-65-25-88-48-46-22-3-86-74-12-1-54-18-14-2-91-72-76-32-31-57-7-71-4-89-85-63-33-5-73-39-16-95-79-61-94-13-42-30-45-44-9-99-49-50-69-17-28-8-41-82-19-58-84-29-66-93-55-53-80-59
Ta100x20,10,5,500,1,0.025,7,2231007264,17000,6732,6465,6298,6.691199761,v2_avx512bw_vec32_exact_perm,77-34-90-56-83-51-24-43-87-54-12-40-92-46-6-27-11-37-100-26-15-22-1-35-20-65-60-47-98-67-68-96-74-70-14-21-72-99-13-25-36-38-4-64-18-31-48-23-78-52-94-62-75-57-84-91-71-10-76-86-5-7-32-17-82-39-73-33-95-2-85-88-89-28-8-63-97-69-79-45-9-81-16-61-30-44-42-50-41-3-49-29-19-66-58-93-55-53-80-59
Ta100x20,10,5,500,1,0.025,8,2231008273,17000,6732,6465,6298,6.777075604,v2_avx512bw_vec32_exact_perm,77-34-56-40-51-87-43-88-11-26-81-24-60-38-54-62-35-1-83-100-22-15-6-12-90-70-20-52-92-75-27-65-74-21-23-31-67-99-16-96-42-98-48-64-47-37-25-10-36-14-18-95-46-72-13-97-2-7-86-3-71-57-61-84-30-68-85-89-28-76-94-44-39-49-33-45-78-5-32-9-4-50-69-17-63-8-41-19-79-91-82-73-58-29-93-55-66-53-80-59
Ta100x20,10,5,500,1,0.025,9,2231009282,17000,6732,6465,6298,6.90248114,v2_avx512bw_vec32_exact_perm,77-34-11-40-26-87-92-51-43-1-56-83-20-70-60-100-54-46-62-90-24-15-10-21-14-81-74-64-6-52-36-96-27-12-31-38-72-18-86-95-78-35-37-16-23-68-13-42-25-98-32-88-48-84-4-7-65-67-47-75-76-5-97-94-41-45-57-63-17-71-9-44-85-22-30-2-33-89-28-82-3-61-49-39-8-99-91-50-73-58-19-29-69-79-66-93-55-53-80-59
Ta100x20,10,5,500,1,0.025,10,2231010291,17000,6732,6465,6298,7.127706483,v2_avx512bw_vec32_exact_perm,77-34-11-56-15-1-40-100-87-6-24-43-90-65-52-81-51-27-98-17-60-22-96-20-70-74-83-10-54-47-92-18-35-26-72-14-95-64-21-31-75-36-25-57-38-68-42-12-78-5-84-62-2-46-86-39-48-88-23-73-37-71-67-97-85-44-28-7-41-50-4-94-32-33-45-63-91-30-61-16-76-89-13-9-3-49-79-69-19-99-8-82-29-58-93-55-66-53-80-59
Ta100x20,10,5,500,1,0.05,1,2231001210,17000,6732,6465,6298,6.690000922,v2_avx512bw_vec32_exact_perm,77-56-40-24-11-100-20-51-34-87-46-52-54-83-67-92-62-43-96-36-6-26-65-98-38-74-22-35-15-90-18-14-60-12-47-27-10-70-68-23-4-91-37-95-81-86-78-25-31-48-1-72-64-33-5-2-16-76-42-88-45-7-85-13-97-89-99-32-21-75-30-71-69-94-73-17-57-84-44-49-8-63-82-39-41-9-3-28-79-50-61-93-29-58-19-66-55-53-80-59
Ta100x20,10,5,500,1,0.05,2,2231002219,17000,6728,6465,6298,6.502270966,v2_avx512bw_vec32_exact_perm,77-34-56-40-20-11-100-26-60-81-1-87-15-51-65-46-27-6-48-43-83-14-52-37-54-74-72-67-24-38-88-10-70-92-84-62-36-90-75-32-25-22-47-86-12-95-18-35-5-96-23-31-2-69-42-3-78-76-89-68-98-9-64-4-41-91-79-21-33-7-97-71-57-73-61-39-99-13-94-16-44-63-49-30-19-82-50-29-45-85-58-93-17-8-28-53-66-80-55-59
Ta100x20,10,5,500,1,0.05,3,2231003228,17000,6732,6465,6298,6.643399571,v2_avx512bw_vec32_exact_perm,77-34-56-87-40-15-67-11-24-100-62-6-12-47-60-83-51-81-27-92-43-20-96-98-52-90-1-78-65-72-25-48-21-36-70-26-74-10-14-38-3-37-32-22-35-46-88-57-95-23-4-33-13-86-31-7-16-5-54-18-2-94-73-97-75-76-45-89-64-99-71-50-85-9-42-8-69-91-28-84-63-39-68-44-30-61-41-17-49-93-79-29-58-66-19-82-55-53-80-59
Ta100x20,10,5,500,1,0.05,4,2231004237,17000,6716,6465,6298,6.618981591,v2_avx512bw_vec32_exact_perm,77-34-40-56-100-90-38-43-6-98-54-11-87-51-65-36-67-26-83-15-48-20-35-60-46-92-24-99-37-64-27-10-12-52-62-81-72-1-74-22-2-14-33-70-5-63-23-96-4-75-95-78-42-88-21-9-86-68-61-16-18-45-25-31-71-32-28-89-47-69-13-3-94-7-44-97-85-57-73-91-76-17-84-50-8-41-93-39-30-82-79-49-66-29-58-19-53-80-55-59
Ta100x20,10,5,500,1,0.05,5,2231005246,17000,6732,6465,6298,6.839274093,v2_avx512bw_vec32_exact_perm,77-34-20-38-15-43-56-90-92-11-100-51-40-70-60-6-26-72-46-27-48-1-24-96-21-62-52-83-54-22-35-98-25-12-74-47-84-37-18-78-81-65-2-97-87-16-14-5-88-64-23-31-86-36-67-10-57-3-13-32-89-71-73-95-91-7-4-76-44-85-75-94-68-99-9-33-8-41-30-28-42-45-61-29-17-39-79-63-49-19-50-93-55-58-69-82-53-66-80-59
Ta100x20,10,5,500,1,0.05,6,2231006255,17000,6732,6465,6298,6.631786751,v2_avx512bw_vec32_exact_perm,77-34-81-51-40-87-26-6-56-11-43-20-92-1-70-83-54-90-98-62-24-14-12-60-27-35-47-100-72-21-88-25-15-52-65-44-94-96-67-64-46-2-97-95-37-22-86-68-74-23-36-91-48-10-84-7-4-61-75-32-38-31-45-85-76-71-28-57-18-89-78-9-39-33-16-69-42-3-41-73-82-5-13-99-17-30-50-49-79-8-63-19-58-29-66-93-55-53-80-59
Ta100x20,10,5,500,1,0.05,7,2231007264,17000,6732,6465,6298,6.441109536,v2_avx512bw_vec32_exact_perm,77-34-40-36-20-11-56-64-43-51-26-87-54-83-100-37-92-6-24-48-47-1-18-60-52-90-15-62-35-23-22-70-74-67-88-94-12-27-4-72-33-46-14-10-96-21-31-73-95-65-84-25-5-99-86-98-78-76-39-38-68-9-91-3-2-75-7-81-89-16-28-82-57-85-69-45-13-32-8-61-42-63-97-71-44-79-30-17-49-29-50-41-58-19-66-93-55-53-80-59
Ta100x20,10,5,500,1,0.05,8,2231008273,17000,6732,6465,6298,6.670431772,v2_avx512bw_vec32_exact_perm,77-34-56-51-26-38-43-11-6-100-54-60-40-20-92-83-90-87-12-18-14-72-62-47-96-24-98-52-22-74-27-65-64-1-81-10-37-23-46-15-88-35-48-75-76-70-25-45-31-86-67-78-21-91-13-33-89-69-5-49-44-2-16-84-36-95-68-4-42-99-57-9-32-85-7-19-50-8-41-97-39-79-73-94-30-3-61-93-17-63-71-29-58-66-28-82-55-53-80-59
Ta100x20,10,5,500,1,0.05,9,2231009282,17000,6732,6465,6298,6.433025395,v2_avx512bw_vec32_exact_perm,77-34-12-51-36-1-100-92-56-43-11-24-83-54-87-90-40-17-35-46-70-26-62-72-20-15-60-67-74-6-96-5-52-48-64-68-98-47-42-14-88-27-69-23-10-78-3-21-84-2-18-75-4-81-22-63-95-37-76-99-65-86-7-32-91-31-16-39-25-94-97-13-73-61-45-89-30-38-50-9-28-71-79-41-44-8-33-85-29-58-19-57-93-82-55-66-49-53-80-59
Ta100x20,10,5,500,1,0.05,10,2231010291,17000,6729,6465,6298,6.660336667,v2_avx512bw_vec32_exact_perm,77-40-34-56-26-43-11-48-90-20-38-24-87-15-54-83-51-35-60-6-70-65-1-18-100-22-74-27-25-96-21-36-67-62-12-52-84-95-47-68-16-92-2-99-78-31-10-17-46-71-73-14-5-75-37-72-4-23-98-42-88-86-94-97-64-7-85-3-79-44-50-57-39-69-89-30-76-33-32-91-9-58-41-13-8-49-81-45-63-19-61-93-29-66-28-82-53-80-55-59
Ta100x20,10,5,500,1,0.075,1,2231001210,17000,6732,6465,6298,6.79036513,v2_avx512bw_vec32_exact_perm,77-34-11-56-15-20-36-87-40-43-26-24-65-51-47-70-83-54-92-90-6-81-35-62-27-88-67-12-10-2-52-68-72-60-1-23-96-64-21-22-18-46-98-37-100-95-25-97-32-16-57-14-31-74-76-33-5-4-78-38-17-94-48-7-75-30-71-99-63-42-13-86-28-39-3-8-44-50-85-45-49-89-9-79-58-69-41-91-84-19-61-82-29-73-66-55-53-93-80-59
Ta100x20,10,5,500,1,0.075,2,2231002219,17000,6730,6465,6298,6.780668975,v2_avx512bw_vec32_exact_perm,77-34-56-40-81-11-43-46-51-83-90-20-87-100-36-47-92-1-12-62-88-24-26-72-37-52-6-96-64-27-78-60-5-84-67-25-70-54-15-17-35-21-74-23-10-65-86-98-95-48-32-22-75-9-2-14-85-97-89-68-7-76-38-28-57-94-63-16-4-45-99-31-42-44-18-39-91-71-19-33-13-41-73-79-49-3-61-8-82-50-93-55-58-69-29-66-30-80-53-59
Ta100x20,10,5,500,1,0.075,3,2231003228,17000,6732,6465,6298,6.704938509,v2_avx512bw_vec32_exact_perm,77-34-56-11-26-67-40-6-100-83-92-47-43-1-98-24-48-70-10-51-74-54-12-87-37-60-27-90-46-64-2-96-65-68-72-20-18-62-35-25-31-21-86-5-81-75-99-22-95-36-23-61-82-38-14-7-15-16-88-52-78-84-71-97-45-41-69-33-76-94-57-13-73-42-4-32-9-3-85-89-63-44-30-39-49-28-17-8-91-50-79-29-58-19-66-93-55-53-80-59
Ta100x20,10,5,500,1,0.075,4,2231004237,17000,6732,6465,6298,6.732269958,v2_avx512bw_vec32_exact_perm,77-34-40-26-56-100-51-83-81-92-1-6-11-54-67-20-15-72-90-38-52-12-18-60-87-25-21-14-96-62-47-48-70-27-88-64-98-31-35-24-84-74-2-46-37-43-65-10-76-23-75-57-7-94-33-44-5-42-89-95-78-36-22-16-68-41-30-28-45-71-73-13-4-69-91-86-97-3-49-99-85-9-82-32-79-93-17-50-39-8-61-63-19-58-29-66-55-53-80-59
Ta100x20,10,5,500,1,0.075,5,2231005246,17000,6707,6465,6298,6.684318285,v2_avx512bw_vec32_exact_perm,77-34-56-20-51-100-40-42-11-26-22-35-47-24-98-90-36-54-74-83-87-43-18-60-27-12-96-48-15-37-6-64-65-62-67-46-70-1-14-94-97-72-21-23-52-75-38-84-95-25-5-86-92-10-31-7-68-81-32-2-78-39-3-16-71-50-88-91-61-57-4-73-28-89-33-45-85-99-93-49-41-76-8-63-44-29-58-13-17-69-19-30-9-79-82-80-55-53-66-59
Ta100x20,10,5,500,1,0.075,6,2231006255,17000,6732,6465,6298,6.527689613,v2_avx512bw_vec32_exact_perm,77-34-56-40-11-92-24-54-67-26-43-47-60-51-83-6-98-100-62-74-14-3-12-90-64-37-36-72-27-1-20-15-31-38-87-75-76-96-35-52-70-21-18-84-10-97-46-48-7-2-25-78-39-57-22-65-16-23-81-88-63-86-68-5-73-94-71-32-95-4-13-85-42-30-50-45-41-61-69-9-8-79-17-89-44-99-82-29-33-93-28-91-58-66-19-49-53-55-80-59
Ta100x20,10,5,500,1,0.075,7,2231007264,17000,6732,6465,6298,6.970684113,v2_avx512bw_vec32_exact_perm,77-34-40-100-56-20-83-43-1-65-11-87-38-15-25-60-46-54-92-36-35-18-12-26-27-96-42-14-6-67-22-70-74-24-98-62-21-51-47-23-52-90-48-10-31-88-3-37-64-91-75-76-84-72-97-16-73-78-95-2-13-39-33-7-81-86-9-44-32-68-71-8-4-57-89-5-58-49-61-28-79-82-41-85-94-19-99-69-66-30-50-29-63-93-17-45-55-53-80-59
Ta100x20,10,5,500,1,0.075,8,2231008273,17000,6715,6465,6298,6.68727815,v2_avx512bw_vec32_exact_perm,77-34-56-92-11-87-52-1-100-40-83-54-26-81-51-24-6-60-10-47-38-62-67-12-74-20-15-35-37-72-48-70-96-21-98-84-46-18-75-27-90-65-17-7-2-95-64-97-25-86-57-31-16-5-44-36-14-23-76-50-78-33-71-43-88-63-22-49-30-89-42-4-3-32-39-68-9-61-91-73-13-99-94-45-8-41-69-82-85-93-79-28-29-58-80-53-66-19-55-59
Ta100x20,10,5,500,1,0.075,9,2231009282,17000,6716,6465,6298,6.529994844,v2_avx512bw_vec32_exact_perm,77-34-20-56-40-38-51-65-81-54-43-15-60-87-36-11-100-99-83-98-74-62-24-67-1-35-90-70-96-21-92-27-37-4-78-23-26-52-75-6-46-5-84-72-17-10-22-14-63-12-18-47-86-48-25-16-68-76-32-57-39-71-2-97-45-7-88-42-41-50-31-30-64-95-33-73-94-91-89-13-44-9-79-93-8-19-3-69-61-29-85-49-58-66-82-28-53-80-55-59
Ta100x20,10,5,500,1,0.075,10,2231010291,17000,6718,6465,6298,6.815598956,v2_avx512bw_vec32_exact_perm,77-34-40-56-43-65-51-90-92-11-100-20-26-87-54-24-6-60-15-67-62-35-83-96-64-70-81-27-74-52-31-21-75-38-37-7-47-1-78-25-86-10-23-98-18-72-12-36-2-22-14-5-3-46-95-16-48-91-88-57-39-4-68-42-76-33-97-32-89-99-17-30-41-50-84-49-45-61-9-71-63-28-94-73-85-79-29-13-69-93-8-44-58-19-82-66-80-55-53-59
Ta100x20,10,5,500,1,0.1,1,2231001210,17000,6732,6465,6298,6.606593746,v2_avx512bw_vec32_exact_perm,77-34-56-51-87-20-40-81-26-90-100-54-38-6-60-15-47-98-11-14-1-24-65-83-22-12-74-48-2-52-43-21-27-35-96-92-88-18-49-70-95-46-67-64-75-86-36-23-31-72-61-62-37-25-57-3-5-84-7-10-89-68-4-13-42-73-78-32-33-97-50-76-85-30-39-16-28-94-17-71-8-9-63-69-79-91-44-99-19-45-82-41-58-29-93-66-55-53-80-59
Ta100x20,10,5,500,1,0.1,2,2231002219,17000,6732,6465,6298,6.680774716,v2_avx512bw_vec32_exact_perm,77-34-56-11-40-1-67-51-83-62-100-92-26-20-38-47-54-6-35-15-81-90-74-70-52-12-96-43-68-37-60-24-98-87-36-18-31-95-48-72-5-65-27-23-84-13-2-46-75-94-57-4-73-88-14-21-76-17-89-7-97-39-10-64-86-16-9-3-78-91-42-85-99-28-25-71-22-44-45-33-8-32-41-93-50-63-30-61-19-79-49-58-69-82-29-66-55-53-80-59
Ta100x20,10,5,500,1,0.1,3,2231003228,17000,6732,6465,6298,6.643711071,v2_avx512bw_vec32_exact_perm,77-34-56-51-87-6-100-11-90-26-40-20-46-64-54-83-62-43-67-15-74-60-24-92-38-84-5-72-96-48-12-1-18-21-86-76-81-35-52-47-32-70-23-75-36-95-27-31-65-4-37-97-85-25-78-61-57-22-2-99-10-14-7-33-16-73-91-88-68-94-98-50-45-42-44-39-28-71-49-13-79-30-63-8-89-69-9-82-17-41-19-3-29-58-93-53-55-66-80-59
Ta100x20,10,5,500,1,0.1,4,2231004237,17000,6734,6465,6298,6.563970794,v2_avx512bw_vec32_exact_perm,77-34-56-51-20-11-100-6-1-26-40-81-87-24-60-43-22-65-10-54-52-47-62-38-95-46-92-88-74-35-96-70-27-83-14-21-90-37-98-5-48-7-86-97-2-67-12-69-72-42-75-15-68-64-91-25-36-31-76-41-4-45-23-19-16-32-84-18-89-99-71-73-39-13-78-63-94-85-57-33-50-49-9-3-28-44-93-8-79-29-30-66-82-58-17-53-61-55-80-59
Ta100x20,10,5,500,1,0.1,5,2231005246,17000,6732,6465,6298,6.441162556,v2_avx512bw_vec32_exact_perm,77-34-56-20-43-24-40-26-92-83-51-87-90-100-38-36-6-11-12-60-84-1-62-18-67-54-35-98-27-74-88-52-46-5-64-72-21-96-81-10-95-2-15-70-48-47-97-75-65-37-42-22-68-14-31-89-73-9-17-39-32-4-61-23-16-13-94-86-79-41-33-76-82-85-28-78-44-45-69-57-99-25-7-91-49-8-71-30-29-63-50-19-3-58-66-93-55-53-80-59
Ta100x20,10,5,500,1,0.1,6,2231006255,17000,6740,6465,6298,7.13631541,v2_avx512bw_vec32_exact_perm,77-34-43-56-83-6-48-92-38-51-60-1-24-26-20-40-90-70-62-37-18-65-74-54-12-81-87-27-75-15-98-86-22-84-35-47-11-30-100-36-52-31-4-68-95-25-21-67-23-46-76-88-71-78-32-64-2-14-72-10-13-97-16-9-5-45-7-61-17-89-57-8-96-79-94-73-44-63-39-28-91-33-82-42-41-69-3-85-93-99-50-49-66-29-58-19-55-53-80-59
Ta100x20,10,5,500,1,0.1,7,2231007264,17000,6732,6465,6298,6.991795428,v2_avx512bw_vec32_exact_perm,77-34-56-92-51-6-40-65-43-26-74-12-11-64-17-90-52-96-54-20-24-83-72-46-15-81-87-67-60-23-37-1-21-3-70-88-35-18-14-62-100-10-78-47-32-5-44-68-48-27-16-7-75-95-94-13-28-25-42-9-36-57-2-98-45-30-22-99-4-97-38-76-84-31-33-39-73-85-89-8-49-71-61-69-79-82-86-41-63-93-91-50-29-58-19-66-55-53-80-59
Ta100x20,10,5,500,1,0.1,8,2231008273,17000,6732,6465,6298,6.784094423,v2_avx512bw_vec32_exact_perm,77-34-56-51-15-20-26-40-6-70-83-65-92-27-11-87-52-35-38-72-24-78-33-48-43-60-68-90-67-23-14-1-2-62-7-64-37-21-18-84-46-54-4-47-10-5-95-73-100-89-97-75-74-96-98-22-71-17-32-61-31-16-88-36-57-25-85-12-44-42-3-39-49-76-8-94-41-28-69-9-82-91-63-79-86-13-30-81-29-45-50-93-19-99-58-55-66-53-80-59
Ta100x20,10,5,500,1,0.1,9,2231009282,17000,6732,6465,6298,6.694961388,v2_avx512bw_vec32_exact_perm,77-34-11-56-81-51-43-40-100-92-20-1-65-87-83-27-6-52-90-18-21-24-26-54-96-74-12-84-98-78-60-15-61-62-35-31-48-37-47-32-2-10-70-89-7-38-9-5-14-23-67-4-64-95-72-25-42-22-46-71-13-69-76-3-63-17-86-68-16-41-30-39-45-57-36-97-75-73-44-88-79-91-85-99-50-94-8-19-82-58-49-28-33-29-93-66-55-53-80-59
Ta100x20,10,5,500,1,0.1,10,2231010291,17000,6729,6465,6298,6.795334837,v2_avx512bw_vec32_exact_perm,77-56-65-34-43-51-87-48-47-100-40-90-54-60-26-38-46-74-11-83-27-6-64-24-62-35-25-15-20-22-31-70-75-23-98-1-99-12-18-72-21-88-37-14-36-92-68-2-52-10-96-33-94-89-16-73-67-57-95-5-81-45-7-61-69-13-32-97-44-86-91-3-76-71-78-85-9-30-50-4-39-42-79-17-82-28-8-63-41-93-84-58-19-29-49-53-80-55-66-59
Ta100x20,10,5,500,1,0.125,1,2231001210,17000,6734,6465,6298,6.578222194,v2_avx512bw_vec32_exact_perm,77-34-40-51-100-46-87-11-24-12-35-56-92-60-83-54-26-90-6-52-37-74-64-47-23-10-15-98-48-14-43-62-27-67-70-65-1-75-22-72-89-21-91-88-33-18-99-78-32-13-25-20-4-38-95-96-36-61-94-68-7-17-57-86-97-71-44-16-73-5-45-42-31-50-79-8-49-85-76-82-63-84-28-41-39-19-30-9-81-3-2-29-58-69-55-66-53-93-80-59
Ta100x20,10,5,500,1,0.125,2,2231002219,17000,6736,6465,6298,6.506425053,v2_avx512bw_vec32_exact_perm,77-11-40-56-51-54-24-64-60-34-92-83-1-20-43-15-65-12-25-37-6-96-31-81-100-47-26-67-70-98-74-72-2-90-86-62-73-10-52-4-35-88-27-21-76-39-38-78-79-68-57-94-50-16-42-14-87-46-18-5-95-7-97-33-23-45-84-89-85-36-61-9-48-22-71-28-19-44-63-99-75-91-32-49-41-13-17-8-69-82-30-66-3-58-29-93-55-53-80-59
Ta100x20,10,5,500,1,0.125,3,2231003228,17000,6732,6465,6298,6.675157025,v2_avx512bw_vec32_exact_perm,77-34-56-15-87-11-90-26-12-83-51-40-65-20-24-6-3-92-36-35-22-70-74-72-100-46-54-62-96-1-81-2-52-18-27-67-38-97-31-60-43-95-23-42-48-37-75-25-88-7-64-47-21-10-14-45-98-84-85-44-71-91-76-73-89-78-57-69-5-50-68-13-49-41-86-4-99-94-33-30-16-39-66-9-63-8-17-28-32-93-61-79-82-29-58-19-55-53-80-59
Ta100x20,10,5,500,1,0.125,4,2231004237,17000,6741,6465,6298,6.569654752,v2_avx512bw_vec32_exact_perm,77-34-40-51-11-56-83-81-100-27-64-22-26-60-98-24-6-87-20-96-35-37-38-46-52-90-2-62-12-15-92-21-43-54-10-75-47-14-23-65-18-16-74-70-78-25-72-42-3-61-99-32-1-89-95-88-68-31-5-57-97-94-7-17-4-69-39-71-86-76-73-13-67-36-33-30-9-45-8-44-41-48-85-49-19-79-50-91-63-93-84-82-58-28-29-55-53-66-80-59
Ta100x20,10,5,500,1,0.125,5,2231005246,17000,6732,6465,6298,7.413439986,v2_avx512bw_vec32_exact_perm,77-34-20-56-43-83-100-11-51-40-24-90-6-98-47-64-81-37-26-18-54-87-48-46-25-60-35-12-65-72-2-67-31-94-15-52-1-23-62-27-21-73-70-86-17-84-78-92-16-95-32-5-42-14-96-74-57-36-76-75-10-33-7-91-88-22-99-71-97-68-45-63-19-8-30-13-61-89-85-9-49-38-44-3-28-4-39-50-41-79-82-58-69-29-66-55-53-93-80-59
Ta100x20,10,5,500,1,0.125,6,2231006255,17000,6732,6465,6298,6.874454691,v2_avx512bw_vec32_exact_perm,77-34-56-40-46-20-65-83-11-43-51-92-54-87-22-12-26-100-6-90-60-38-24-27-35-23-15-52-37-7-10-86-14-21-98-42-97-67-1-96-64-70-62-74-95-2-88-18-84-47-36-25-31-3-48-68-81-16-91-78-63-75-44-57-89-13-9-99-4-72-61-33-45-41-73-94-32-69-5-71-76-39-28-82-17-50-30-79-85-49-8-66-29-58-19-93-55-53-80-59
Ta100x20,10,5,500,1,0.125,7,2231007264,17000,6723,6465,6298,6.733842916,v2_avx512bw_vec32_exact_perm,77-56-34-38-20-40-43-60-83-100-26-54-24-15-74-27-51-65-3-31-81-22-98-6-87-52-35-62-92-11-96-14-12-18-42-10-47-48-70-95-1-46-64-37-7-72-23-25-75-88-44-36-97-39-2-57-94-16-5-90-78-85-21-32-67-73-4-45-76-13-17-30-86-8-28-33-89-49-84-71-61-63-99-9-50-91-79-68-69-41-82-58-19-93-29-80-53-55-66-59
Ta100x20,10,5,500,1,0.125,8,2231008273,17000,6733,6465,6298,7.00957328,v2_avx512bw_vec32_exact_perm,77-34-56-100-1-83-6-81-40-11-64-52-62-26-48-84-92-24-90-35-60-96-68-98-12-86-15-51-21-87-43-18-36-23-99-74-14-88-95-70-65-72-37-27-46-10-7-17-97-54-75-5-67-16-22-20-2-32-91-25-78-85-9-45-44-89-76-31-47-4-57-50-13-73-63-19-71-61-30-94-49-39-38-42-33-29-69-3-79-58-8-66-41-53-93-28-82-55-80-59
Ta100x20,10,5,500,1,0.125,9,2231009282,17000,6732,6465,6298,6.90549342,v2_avx512bw_vec32_exact_perm,77-56-34-24-11-26-60-40-51-20-6-43-65-47-87-22-15-36-83-92-1-90-70-78-54-14-25-35-96-10-74-52-18-48-17-67-75-64-72-46-37-100-38-95-7-50-97-12-86-27-16-21-84-73-31-98-68-4-5-99-89-28-91-88-3-2-13-45-23-42-33-62-61-71-76-82-32-85-39-57-79-69-30-8-9-44-94-63-41-49-93-29-81-66-58-19-55-53-80-59
Ta100x20,10,5,500,1,0.125,10,2231010291,17000,6732,6465,6298,7.450596773,v2_avx512bw_vec32_exact_perm,77-34-56-6-70-87-24-15-90-100-20-26-40-51-11-43-1-83-60-12-67-62-46-54-98-92-72-37-27-14-74-65-22-10-81-47-21-88-2-5-52-84-25-48-68-31-23-35-78-42-86-4-64-7-75-89-85-45-76-18-97-95-30-3-36-13-96-33-49-79-61-44-94-63-99-9-71-91-8-41-73-16-32-19-69-50-17-58-39-28-57-82-38-93-29-66-55-53-80-59
