group,instance,pop_mult,Ps,pc,pm,rep,seed,G,best_cmax,ub,lb,run_sec,engine,best_perm_1based
Ta100x20,8,1,100,0.85,0.025,1,2230801210,17000,6665,6481,6084,1.826112295,v2_avx512bw_vec32_exact_perm,39-94-12-78-67-72-36-69-22-3-81-19-33-87-56-32-45-37-31-14-52-44-29-59-41-8-1-43-38-83-24-68-30-40-27-98-51-70-46-71-89-25-21-88-16-49-57-7-96-62-10-58-48-63-86-93-18-17-9-91-28-50-5-6-23-64-77-65-75-4-99-53-100-35-73-74-80-76-85-82-79-15-2-61-11-13-60-84-54-90-34-42-95-97-92-66-55-26-20-47
Ta100x20,8,1,100,0.85,0.025,2,2230802219,17000,6622,6481,6084,1.873930012,v2_avx512bw_vec32_exact_perm,39-22-67-72-68-78-44-56-87-54-83-36-64-71-77-31-76-6-5-41-29-66-12-59-70-91-14-9-7-16-94-18-69-100-96-24-62-88-17-50-4-10-48-27-79-73-65-35-45-58-2-23-30-93-63-19-25-40-52-51-1-90-46-75-37-21-99-57-81-38-32-98-3-42-53-34-15-28-80-95-33-43-89-49-13-60-84-8-85-86-26-55-82-11-92-97-61-74-20-47
Ta100x20,8,1,100,0.85,0.025,3,2230803228,17000,6736,6481,6084,1.62307792,v2_avx512bw_vec32_exact_perm,39-28-14-68-78-47-72-22-90-41-74-10-81-54-51-45-9-1-87-7-70-56-100-44-71-38-27-29-73-91-86-50-5-3-83-59-99-43-82-24-88-31-19-33-76-64-12-53-75-62-48-11-36-16-58-25-89-46-40-17-69-37-84-52-63-77-8-42-30-60-55-21-80-15-61-35-57-6-2-93-96-85-94-65-13-67-98-23-34-95-4-18-49-79-32-26-92-66-97-20
Ta100x20,8,1,100,0.85,0.025,4,2230804237,17000,6692,6481,6084,1.711423381,v2_avx512bw_vec32_exact_perm,39-78-1-72-44-29-67-22-12-58-14-18-24-68-32-83-54-19-41-70-56-11-28-90-37-73-46-76-9-7-61-74-100-59-87-77-31-57-6-71-96-33-91-50-88-45-93-35-17-48-89-43-4-64-42-16-5-84-10-53-23-62-36-55-27-51-15-52-65-25-63-40-79-94-75-30-69-8-81-49-3-95-80-60-21-98-38-2-34-20-97-26-99-13-82-66-92-85-86-47
Ta100x20,8,1,100,0.85,0.025,5,2230805246,17000,6620,6481,6084,1.679807583,v2_avx512bw_vec32_exact_perm,39-22-78-44-74-62-72-59-24-69-31-67-29-1-9-93-56-12-58-37-70-14-41-45-40-98-64-36-89-17-28-77-90-35-88-87-6-19-2-15-66-76-57-71-3-65-51-73-25-7-54-10-83-23-50-18-100-52-5-68-11-82-53-81-49-94-85-75-63-30-38-48-95-21-86-46-16-47-91-60-4-84-32-80-34-27-33-42-96-8-43-20-97-13-55-99-92-26-61-79
Ta100x20,8,1,100,0.85,0.025,6,2230806255,17000,6683,6481,6084,1.641104279,v2_avx512bw_vec32_exact_perm,39-67-12-78-97-83-56-31-24-91-18-22-72-70-71-5-29-27-44-74-90-68-14-36-62-87-10-7-54-77-69-51-25-9-88-33-99-75-41-57-80-89-40-64-37-81-61-45-1-2-23-93-21-98-100-30-49-34-58-16-4-46-50-6-28-85-8-43-95-48-55-53-63-42-17-73-65-96-35-52-19-79-66-60-11-76-15-13-59-32-84-92-38-26-86-82-94-3-20-47
Ta100x20,8,1,100,0.85,0.025,7,2230807264,17000,6730,6481,6084,1.604710776,v2_avx512bw_vec32_exact_perm,39-31-3-36-18-28-62-12-58-10-64-4-78-71-56-96-93-82-25-53-72-59-87-6-22-9-45-14-29-7-66-70-77-16-55-23-30-5-24-43-15-90-73-69-57-67-48-51-44-81-38-91-83-89-27-52-19-97-100-42-1-63-46-8-75-92-54-88-49-99-40-37-2-35-11-50-84-32-68-17-74-95-33-41-61-79-21-98-65-80-76-26-13-86-47-20-85-60-94-34
Ta100x20,8,1,100,0.85,0.025,8,2230808273,17000,6691,6481,6084,1.608449507,v2_avx512bw_vec32_exact_perm,39-44-74-72-31-45-91-90-93-73-12-67-59-81-78-9-5-32-22-48-24-15-76-41-83-87-95-38-100-52-98-50-58-3-71-36-69-19-6-33-25-17-35-27-29-57-4-16-77-89-99-46-30-14-75-53-97-63-96-51-88-68-86-62-80-18-7-10-85-79-37-49-1-61-40-28-8-11-54-23-13-43-55-60-21-65-82-2-56-42-84-64-47-26-92-70-66-34-94-20
Ta100x20,8,1,100,0.85,0.025,9,2230809282,17000,6659,6481,6084,1.46421131,v2_avx512bw_vec32_exact_perm,39-73-12-58-33-69-51-27-72-28-44-29-59-62-10-31-88-9-83-14-93-43-68-56-87-45-71-22-78-86-57-7-18-99-90-50-42-98-3-17-60-91-64-94-77-63-70-40-52-65-4-48-81-53-82-19-37-8-67-36-75-96-16-49-24-85-89-2-41-1-25-47-34-5-38-6-35-23-84-21-11-54-61-100-80-30-15-95-74-13-46-76-55-32-26-79-92-66-20-97
Ta100x20,8,1,100,0.85,0.025,10,2230810291,17000,6683,6481,6084,1.613418159,v2_avx512bw_vec32_exact_perm,39-78-32-87-51-29-59-6-68-72-45-12-4-1-69-44-40-71-57-67-93-62-24-27-9-5-17-73-74-33-54-41-28-56-18-100-49-98-89-80-43-3-88-48-96-92-91-37-86-10-58-22-30-36-23-83-50-90-82-11-70-14-19-46-16-7-31-85-76-53-25-52-15-79-65-64-35-42-2-61-81-77-99-38-75-13-95-21-94-60-63-84-26-55-8-97-20-66-34-47
Ta100x20,8,1,100,0.85,0.05,1,2230801210,17000,6711,6481,6084,1.480944305,v2_avx512bw_vec32_exact_perm,87-78-4-31-44-22-29-25-12-94-74-72-67-90-88-96-45-35-43-7-15-68-39-69-83-46-71-53-18-48-59-14-51-9-23-56-73-37-3-5-36-27-81-32-84-80-97-77-28-70-21-49-17-50-98-75-30-8-24-2-55-1-42-52-100-11-66-40-63-58-16-86-93-64-33-89-57-41-6-60-76-99-38-85-54-82-19-26-62-92-10-91-34-65-61-95-13-47-79-20
Ta100x20,8,1,100,0.85,0.05,2,2230802219,17000,6740,6481,6084,1.502367661,v2_avx512bw_vec32_exact_perm,44-74-18-55-56-87-78-39-72-69-22-1-70-58-29-32-15-45-67-7-62-9-33-93-53-16-46-4-19-28-36-100-31-63-6-88-8-83-60-14-73-37-59-41-85-17-40-71-64-79-98-90-77-35-25-47-52-54-81-23-68-49-5-30-10-48-11-50-38-99-34-75-57-27-89-65-12-91-51-96-13-43-3-82-61-92-2-80-26-86-24-84-21-66-76-42-97-95-94-20
Ta100x20,8,1,100,0.85,0.05,3,2230803228,17000,6725,6481,6084,1.595112292,v2_avx512bw_vec32_exact_perm,39-67-72-18-22-78-87-47-1-94-44-56-2-41-70-14-59-24-29-12-33-89-32-30-93-73-69-83-58-57-81-27-9-5-31-7-99-8-63-77-19-3-40-62-60-68-11-45-71-23-76-6-52-25-86-53-34-90-48-51-96-46-37-50-55-100-88-4-16-49-80-43-65-36-82-84-91-61-95-21-74-15-13-17-98-42-54-28-10-75-64-85-35-66-97-38-92-26-20-79
Ta100x20,8,1,100,0.85,0.05,4,2230804237,17000,6682,6481,6084,1.354875094,v2_avx512bw_vec32_exact_perm,39-22-87-72-44-12-73-62-29-68-78-1-66-59-57-24-50-69-98-40-71-51-27-81-46-90-83-14-18-41-56-6-9-75-10-58-4-77-91-19-30-37-32-15-74-47-36-53-16-63-89-25-45-8-43-3-55-82-70-48-5-31-88-42-34-96-80-7-17-64-2-35-23-76-100-61-49-52-11-28-54-79-92-85-38-65-95-99-84-33-86-93-67-60-13-21-94-26-20-97
Ta100x20,8,1,100,0.85,0.05,5,2230805246,17000,6689,6481,6084,1.485951569,v2_avx512bw_vec32_exact_perm,97-78-44-62-73-70-59-3-14-83-72-45-89-12-99-57-87-7-69-18-22-76-1-9-56-64-74-16-33-40-65-63-79-67-51-68-80-39-48-6-31-24-85-52-21-98-25-28-100-41-29-66-27-5-23-37-81-19-15-32-36-71-50-10-54-42-53-35-34-2-88-17-75-90-58-86-60-91-93-84-8-43-4-38-96-77-92-47-82-11-55-49-26-61-30-95-46-13-94-20
Ta100x20,8,1,100,0.85,0.05,6,2230806255,17000,6727,6481,6084,1.435542041,v2_avx512bw_vec32_exact_perm,39-67-32-62-69-87-44-58-24-72-25-83-27-14-90-66-84-51-41-29-31-52-45-70-1-56-81-10-7-61-80-43-50-20-76-53-6-22-97-23-68-91-12-5-3-15-88-36-59-40-16-4-63-21-17-78-98-77-35-11-9-38-28-86-93-18-75-33-26-55-95-71-64-100-99-57-73-37-49-92-65-82-2-85-48-46-42-89-19-8-30-74-96-94-60-34-47-54-13-79
Ta100x20,8,1,100,0.85,0.05,7,2230807264,17000,6708,6481,6084,1.525349421,v2_avx512bw_vec32_exact_perm,78-39-29-44-68-77-69-67-72-87-74-65-33-81-91-35-24-9-88-98-22-85-60-70-71-5-7-17-80-50-6-84-19-62-58-43-99-27-51-96-36-90-40-64-73-63-28-46-48-10-25-92-56-21-31-14-12-54-83-93-45-16-89-57-41-11-52-75-4-1-38-53-18-94-61-3-23-2-100-37-30-76-8-49-13-95-82-15-32-59-42-79-26-86-34-66-20-97-47-55
Ta100x20,8,1,100,0.85,0.05,8,2230808273,17000,6631,6481,6084,1.405635238,v2_avx512bw_vec32_exact_perm,39-28-10-72-41-59-56-87-18-51-17-4-44-91-73-57-71-78-25-12-33-81-69-68-1-3-100-29-22-6-8-27-24-77-5-83-42-55-60-21-62-7-31-88-45-9-14-76-66-96-64-37-48-63-67-49-89-11-19-32-30-36-75-52-15-40-90-35-53-16-46-93-23-50-86-94-54-98-38-97-70-43-82-65-85-74-79-80-92-61-95-13-84-2-99-58-34-26-20-47
Ta100x20,8,1,100,0.85,0.05,9,2230809282,17000,6672,6481,6084,1.468208424,v2_avx512bw_vec32_exact_perm,62-78-4-39-33-44-51-18-69-74-22-7-19-70-81-87-32-45-72-24-90-83-3-76-27-71-31-5-14-40-10-30-61-88-91-67-93-68-57-55-54-1-38-21-25-29-8-43-52-97-63-77-100-16-49-12-73-15-56-37-82-80-36-86-6-75-41-28-9-2-23-50-98-13-65-95-48-89-84-66-35-60-11-17-53-99-58-85-92-59-42-96-79-64-46-94-34-26-20-47
Ta100x20,8,1,100,0.85,0.05,10,2230810291,17000,6703,6481,6084,1.458181875,v2_avx512bw_vec32_exact_perm,39-73-78-44-67-62-51-58-96-28-72-22-31-70-14-9-90-18-7-3-69-57-68-74-41-8-29-87-6-48-65-61-100-21-63-25-89-1-79-99-5-81-38-50-52-36-76-56-71-43-82-98-59-23-19-93-45-30-24-2-75-60-84-88-37-4-64-10-32-49-83-13-27-12-91-40-54-80-16-47-35-17-53-15-33-85-46-42-95-11-55-26-86-20-77-94-92-66-34-97
Ta100x20,8,1,100,0.85,0.075,1,2230801210,17000,6696,6481,6084,1.404549434,v2_avx512bw_vec32_exact_perm,67-14-10-44-45-3-62-87-69-72-59-78-12-70-73-33-1-15-29-22-88-90-28-86-50-94-53-25-99-58-36-23-7-18-100-16-98-56-83-79-24-27-80-39-41-57-81-68-93-6-5-75-2-35-84-71-32-46-19-60-17-51-91-76-31-49-74-52-63-89-96-9-97-66-40-37-30-43-8-38-42-85-64-4-77-82-11-65-34-95-13-54-48-92-55-47-21-61-26-20
Ta100x20,8,1,100,0.85,0.075,2,2230802219,17000,6669,6481,6084,1.426566591,v2_avx512bw_vec32_exact_perm,39-73-4-72-62-18-66-51-71-70-22-68-35-14-36-17-44-83-10-54-81-45-24-93-19-69-84-3-78-52-31-12-33-8-50-29-7-25-49-98-67-57-16-40-41-27-90-56-9-58-88-43-87-96-59-76-74-65-5-75-48-46-53-86-32-37-55-30-38-63-100-77-28-21-61-6-85-15-82-79-91-11-1-23-89-2-60-13-95-94-64-99-80-42-34-92-97-47-26-20
Ta100x20,8,1,100,0.85,0.075,3,2230803228,17000,6727,6481,6084,1.380417367,v2_avx512bw_vec32_exact_perm,39-18-32-41-56-59-78-72-76-22-65-87-70-73-62-45-80-51-14-68-25-7-43-61-35-2-88-24-54-19-58-17-66-50-29-11-33-81-95-26-4-44-48-31-1-83-36-71-63-79-100-99-67-15-74-3-5-69-82-9-52-27-57-96-28-91-93-40-89-37-86-46-60-90-84-77-53-10-34-23-16-75-6-64-49-12-42-38-92-21-98-13-85-94-30-47-8-55-20-97
Ta100x20,8,1,100,0.85,0.075,4,2230804237,17000,6716,6481,6084,1.425064655,v2_avx512bw_vec32_exact_perm,39-67-68-64-36-28-44-56-71-78-59-31-12-69-40-62-32-9-45-37-19-87-7-83-24-50-72-10-61-100-81-27-41-73-70-48-51-14-89-25-29-1-8-94-46-76-77-79-35-49-75-63-15-6-18-2-52-95-33-47-98-58-23-91-43-22-57-96-13-53-93-82-42-16-5-88-90-86-34-65-80-17-21-85-11-60-92-54-4-74-55-99-84-38-30-66-3-26-20-97
Ta100x20,8,1,100,0.85,0.075,5,2230805246,17000,6666,6481,6084,1.44662291,v2_avx512bw_vec32_exact_perm,39-44-77-72-87-69-73-78-71-59-62-22-70-31-25-43-7-35-9-54-3-29-12-28-90-16-58-91-56-51-1-48-63-88-27-4-45-8-15-14-19-76-65-64-81-38-36-21-23-67-5-60-83-93-99-17-57-18-24-53-68-85-89-33-49-79-96-41-55-100-74-10-84-52-75-80-95-2-32-66-40-30-37-82-11-94-13-86-46-50-98-42-6-61-92-97-26-20-47-34
Ta100x20,8,1,100,0.85,0.075,6,2230806255,17000,6742,6481,6084,1.536262631,v2_avx512bw_vec32_exact_perm,97-28-78-90-87-46-29-14-64-39-71-83-44-62-10-93-73-70-69-60-1-81-24-33-72-75-12-48-51-18-7-19-15-65-56-88-67-31-36-82-45-37-27-53-22-86-50-32-68-35-40-99-43-8-63-52-89-79-74-42-16-100-41-96-98-3-38-5-76-23-6-91-4-25-49-11-9-84-80-59-61-58-85-17-77-21-57-13-55-26-30-95-66-34-92-2-54-94-20-47
Ta100x20,8,1,100,0.85,0.075,7,2230807264,17000,6689,6481,6084,1.44064352,v2_avx512bw_vec32_exact_perm,39-22-78-3-100-71-81-31-12-66-74-69-24-59-51-90-72-87-7-65-56-18-77-44-83-73-93-37-55-70-91-15-88-10-25-67-36-75-35-5-41-29-8-9-27-4-14-76-23-30-40-1-53-68-48-33-94-96-57-52-6-63-19-43-58-16-62-45-50-84-2-46-34-13-92-98-21-95-80-32-38-54-17-49-85-89-11-60-79-64-28-61-82-26-86-99-42-20-47-97
Ta100x20,8,1,100,0.85,0.075,8,2230808273,17000,6704,6481,6084,1.477669959,v2_avx512bw_vec32_exact_perm,97-59-78-44-56-22-81-68-32-45-4-30-72-5-29-9-12-58-7-62-73-69-67-36-19-1-65-40-70-8-14-91-96-51-71-28-50-53-47-25-35-89-77-33-49-98-16-17-93-75-41-83-84-64-26-87-38-6-48-24-99-37-39-100-80-95-52-43-21-13-31-63-82-88-27-10-23-90-3-86-57-18-60-61-79-42-55-11-46-76-2-54-85-34-15-66-74-92-94-20
Ta100x20,8,1,100,0.85,0.075,9,2230809282,17000,6707,6481,6084,1.543305299,v2_avx512bw_vec32_exact_perm,39-32-87-70-73-90-35-56-27-67-62-7-10-83-9-74-59-64-4-93-29-76-71-98-2-22-50-14-75-72-1-45-57-15-44-41-43-68-52-28-69-66-31-58-95-21-36-25-19-82-60-100-5-91-89-30-51-24-84-26-17-48-37-49-12-80-8-40-78-16-99-86-3-63-6-85-46-42-96-33-88-81-38-65-34-77-53-18-13-20-61-23-79-11-55-54-94-47-92-97
Ta100x20,8,1,100,0.85,0.075,10,2230810291,17000,6711,6481,6084,1.482361523,v2_avx512bw_vec32_exact_perm,32-62-76-44-83-72-67-68-40-35-78-19-98-51-1-10-59-22-50-88-9-14-53-71-58-45-90-25-24-81-17-46-29-48-43-7-8-12-61-89-74-37-33-2-87-77-41-30-69-70-65-3-56-6-49-31-18-4-57-82-23-16-36-39-80-15-38-28-21-85-96-11-52-55-93-75-13-47-27-100-99-91-60-92-73-64-63-54-42-79-84-5-66-34-86-20-97-26-95-94
Ta100x20,8,1,100,0.85,0.1,1,2230801210,17000,6721,6481,6084,1.500594562,v2_avx512bw_vec32_exact_perm,32-22-87-72-74-67-62-29-51-31-5-56-59-12-50-2-7-66-33-43-44-36-71-35-39-93-90-18-94-69-14-23-70-16-19-82-98-1-88-10-58-37-89-9-25-28-80-76-49-30-68-57-27-21-85-15-45-47-52-24-84-75-77-41-65-17-83-40-99-63-53-100-8-91-61-11-81-79-73-96-48-60-92-42-95-46-13-4-64-34-3-26-6-38-78-54-55-97-86-20
Ta100x20,8,1,100,0.85,0.1,2,2230802219,17000,6689,6481,6084,1.57577796,v2_avx512bw_vec32_exact_perm,39-67-68-56-7-64-78-17-31-91-36-73-69-44-11-55-4-97-70-29-32-71-83-24-18-82-66-6-22-9-5-25-59-27-72-28-37-45-62-89-43-41-35-90-34-88-96-93-75-63-1-100-15-10-16-3-51-23-98-40-52-58-14-87-2-8-57-50-30-77-65-13-38-21-99-81-49-80-95-85-46-76-86-48-19-92-84-53-33-12-47-54-42-79-60-61-74-94-20-26
Ta100x20,8,1,100,0.85,0.1,3,2230803228,17000,6710,6481,6084,1.49595864,v2_avx512bw_vec32_exact_perm,39-22-67-12-59-78-32-31-87-36-1-7-56-30-9-45-88-37-70-14-24-91-90-44-51-18-17-29-58-15-98-74-8-28-23-19-71-100-62-68-60-73-53-25-61-40-41-81-69-2-75-64-83-35-27-80-99-72-97-95-38-77-92-33-85-76-49-4-3-54-63-16-11-82-5-84-93-48-89-65-86-34-10-57-52-79-50-42-43-96-13-47-6-94-46-55-21-66-26-20
Ta100x20,8,1,100,0.85,0.1,4,2230804237,17000,6650,6481,6084,1.611667008,v2_avx512bw_vec32_exact_perm,39-62-58-14-22-68-78-72-44-90-1-36-87-12-29-100-71-56-73-91-24-98-65-59-50-83-51-96-46-26-17-28-31-45-88-15-54-35-7-74-9-21-69-18-75-11-41-70-5-94-3-40-27-19-63-2-32-4-30-93-89-99-49-86-77-48-67-52-57-33-82-37-80-84-79-92-16-25-66-6-81-38-10-23-61-8-76-85-34-43-13-64-60-42-95-53-55-47-20-97
Ta100x20,8,1,100,0.85,0.1,5,2230805246,17000,6685,6481,6084,1.573570437,v2_avx512bw_vec32_exact_perm,39-67-72-22-14-78-44-31-45-70-7-62-12-90-74-59-4-91-60-71-24-36-55-52-29-64-73-66-43-89-18-100-5-80-17-83-35-27-68-54-57-48-9-81-94-51-87-75-32-1-69-41-19-30-50-77-33-20-28-88-98-15-56-21-37-84-53-25-11-82-63-38-6-8-96-2-3-40-23-86-97-76-65-93-49-92-13-10-42-34-79-16-58-85-26-95-99-46-61-47
Ta100x20,8,1,100,0.85,0.1,6,2230806255,17000,6704,6481,6084,1.596619615,v2_avx512bw_vec32_exact_perm,32-87-7-76-44-68-62-27-4-9-72-18-36-56-67-69-41-29-90-25-24-81-1-22-70-14-3-45-91-39-57-71-88-89-16-12-49-40-2-6-55-96-66-35-26-28-63-100-31-78-5-93-73-33-75-30-95-19-54-23-52-86-82-53-98-59-51-15-50-83-77-99-38-21-43-8-10-85-48-37-61-92-64-74-17-94-79-80-65-60-42-84-46-13-11-58-20-34-47-97
Ta100x20,8,1,100,0.85,0.1,7,2230807264,17000,6635,6481,6084,1.563071695,v2_avx512bw_vec32_exact_perm,39-62-71-72-77-59-78-45-87-83-6-19-70-44-94-12-58-1-21-14-73-28-90-5-91-24-10-40-35-98-17-31-69-46-75-50-2-27-56-22-25-4-7-64-29-53-9-23-88-67-99-100-51-18-38-16-48-86-52-57-76-37-74-41-65-84-63-85-68-80-81-54-3-36-89-30-13-95-11-82-60-33-93-96-49-55-92-8-43-66-61-26-79-15-47-32-42-34-97-20
Ta100x20,8,1,100,0.85,0.1,8,2230808273,17000,6666,6481,6084,1.708174148,v2_avx512bw_vec32_exact_perm,62-76-22-69-96-58-44-18-7-39-12-91-29-90-74-87-28-71-70-53-40-65-14-9-72-42-67-59-52-100-24-88-41-4-46-45-73-54-2-50-19-51-15-49-16-83-77-56-31-78-1-63-36-75-21-5-81-27-6-10-33-68-57-48-89-25-35-43-99-38-3-17-84-66-79-30-61-80-37-11-55-82-93-86-8-64-98-32-34-95-13-94-60-23-47-85-92-26-20-97
Ta100x20,8,1,100,0.85,0.1,9,2230809282,17000,6663,6481,6084,1.447908631,v2_avx512bw_vec32_exact_perm,39-73-18-78-5-45-81-12-62-87-56-59-77-90-30-29-74-17-15-58-14-44-36-71-91-37-22-72-1-70-35-69-31-7-9-54-88-48-51-19-52-75-67-100-80-86-32-41-28-10-93-2-89-61-24-50-11-68-83-27-79-21-60-63-8-85-46-76-96-49-3-4-40-43-66-92-16-38-6-25-33-98-55-82-53-13-57-26-65-34-23-47-64-42-84-95-94-97-99-20
Ta100x20,8,1,100,0.85,0.1,10,2230810291,17000,6665,6481,6084,1.433225778,v2_avx512bw_vec32_exact_perm,28-72-22-78-68-44-31-36-59-18-51-56-9-62-87-74-14-90-67-70-41-19-83-73-50-45-54-71-57-48-6-4-76-12-52-15-5-23-53-75-81-88-66-58-97-100-29-98-27-1-8-40-61-80-43-42-30-95-3-69-24-96-33-93-55-35-17-77-64-7-65-21-63-85-82-89-86-11-60-2-91-39-38-16-25-32-49-46-10-92-37-84-99-13-79-34-94-47-26-20
Ta100x20,8,1,100,0.85,0.125,1,2230801210,17000,6727,6481,6084,1.562350271,v2_avx512bw_vec32_exact_perm,39-91-69-94-71-59-12-28-72-58-90-25-87-40-47-50-67-8-14-78-81-100-31-24-99-29-9-64-7-54-57-68-30-77-52-83-27-36-16-82-98-38-76-15-62-4-74-2-60-5-33-41-19-73-17-6-55-44-48-65-70-88-37-49-3-86-56-43-51-89-18-45-61-93-75-63-1-79-92-80-11-84-32-26-22-53-13-42-95-35-10-23-85-96-97-46-21-66-34-20
Ta100x20,8,1,100,0.85,0.125,2,2230802219,17000,6694,6481,6084,1.472837698,v2_avx512bw_vec32_exact_perm,39-22-78-44-87-56-43-71-36-31-18-51-48-29-93-45-72-67-68-57-9-5-3-62-70-58-27-14-10-17-73-66-2-35-69-74-59-15-60-40-24-16-33-7-90-64-23-83-6-98-81-38-41-32-25-50-79-4-77-52-12-82-80-75-63-1-28-88-37-65-19-96-21-53-8-100-94-30-42-84-46-76-13-61-11-97-89-85-49-54-92-95-26-86-91-99-55-47-34-20
Ta100x20,8,1,100,0.85,0.125,3,2230803228,17000,6644,6481,6084,1.398678593,v2_avx512bw_vec32_exact_perm,39-18-12-62-45-22-87-7-72-36-14-10-27-55-91-51-70-1-99-29-90-78-83-35-59-24-44-68-40-96-88-33-25-6-67-15-58-69-49-81-48-97-73-9-56-60-80-28-100-93-19-71-11-50-5-3-43-17-53-23-66-2-63-89-85-74-16-65-47-82-31-77-52-57-41-61-75-95-30-37-84-98-8-46-76-32-92-38-13-79-42-64-86-54-4-34-21-26-94-20
Ta100x20,8,1,100,0.85,0.125,4,2230804237,17000,6672,6481,6084,1.376677507,v2_avx512bw_vec32_exact_perm,39-29-22-18-7-72-91-81-12-56-67-14-87-69-55-93-70-59-4-24-6-78-44-45-8-41-88-31-68-2-35-54-46-50-48-100-9-37-36-16-99-19-71-74-62-63-51-3-83-27-5-76-98-79-64-58-28-90-11-38-85-23-73-49-17-15-32-75-30-80-57-95-65-77-52-86-21-33-47-89-25-43-10-82-61-13-60-40-53-84-94-42-96-1-92-66-34-26-20-97
Ta100x20,8,1,100,0.85,0.125,5,2230805246,17000,6622,6481,6084,1.553610285,v2_avx512bw_vec32_exact_perm,39-87-78-10-51-67-62-22-7-72-44-59-4-70-28-91-73-57-3-25-27-41-47-31-5-21-88-12-36-17-90-18-69-50-1-83-94-2-19-100-93-68-75-96-35-29-65-46-95-60-6-45-55-56-80-24-85-37-48-9-14-97-38-71-76-81-49-53-16-40-54-33-63-77-89-64-8-43-82-84-52-23-13-30-42-98-15-32-11-99-61-79-58-74-86-92-66-34-26-20
Ta100x20,8,1,100,0.85,0.125,6,2230806255,17000,6629,6481,6084,1.331382933,v2_avx512bw_vec32_exact_perm,39-62-78-71-76-31-72-67-64-45-43-87-68-56-90-14-44-73-4-54-36-3-40-93-12-69-28-8-41-70-59-29-91-9-7-75-33-81-49-23-100-16-25-22-97-51-98-1-83-79-24-52-21-88-65-18-19-5-58-37-84-77-30-38-48-60-42-17-10-82-80-95-53-74-35-89-2-15-13-57-99-46-32-50-63-86-26-55-94-27-85-6-61-11-96-66-92-47-34-20
Ta100x20,8,1,100,0.85,0.125,7,2230807264,17000,6695,6481,6084,1.468435515,v2_avx512bw_vec32_exact_perm,39-97-78-44-56-18-6-91-24-29-73-27-90-22-14-94-87-25-53-59-15-51-17-71-57-48-35-72-81-2-82-88-12-1-31-69-67-33-93-70-19-7-62-76-38-77-16-23-5-10-50-30-21-54-8-42-55-83-60-68-9-80-89-36-75-96-3-28-100-52-26-98-86-41-85-58-40-43-37-99-46-32-49-92-61-11-63-45-95-64-4-74-65-13-79-84-66-47-34-20
Ta100x20,8,1,100,0.85,0.125,8,2230808273,17000,6641,6481,6084,1.391397413,v2_avx512bw_vec32_exact_perm,39-22-72-62-78-31-29-10-67-51-66-90-25-24-94-59-50-83-27-57-71-87-18-19-100-35-93-6-45-4-88-33-81-44-21-12-36-17-91-98-89-7-5-70-41-49-56-30-9-76-48-68-28-65-74-40-86-3-73-15-14-8-85-37-46-82-79-11-63-16-13-84-77-52-60-69-55-2-64-1-23-47-99-75-80-92-96-53-61-42-95-38-43-54-58-34-32-26-20-97
Ta100x20,8,1,100,0.85,0.125,9,2230809282,17000,6654,6481,6084,1.461244206,v2_avx512bw_vec32_exact_perm,39-62-3-78-90-81-44-73-74-87-69-4-54-1-72-12-77-31-5-56-27-28-40-51-65-17-36-71-33-22-30-70-91-9-7-85-41-24-45-14-29-32-16-38-46-76-98-84-21-50-2-48-15-88-37-19-6-99-25-10-83-61-100-64-43-66-89-68-49-35-75-96-57-93-18-82-11-52-79-63-67-59-23-94-20-53-58-42-60-86-80-34-95-8-13-55-26-92-97-47
Ta100x20,8,1,100,0.85,0.125,10,2230810291,17000,6708,6481,6084,1.489228297,v2_avx512bw_vec32_exact_perm,39-67-72-22-41-58-68-78-43-28-31-5-19-54-71-62-51-40-44-94-27-56-11-87-65-88-6-73-15-45-1-70-80-69-59-25-35-29-24-33-75-30-7-9-36-100-90-64-18-81-95-38-14-21-49-61-83-52-12-53-3-48-82-96-91-23-50-2-4-63-74-16-17-10-86-93-13-84-76-8-46-77-37-55-79-85-32-92-98-60-99-42-89-57-66-34-20-47-97-26
Ta100x20,8,1,100,0.8875,0.025,1,2230801210,17000,6732,6481,6084,1.51596745,v2_avx512bw_vec32_exact_perm,32-87-78-71-39-10-56-58-18-90-14-66-29-67-22-70-36-81-41-12-72-75-3-77-5-21-17-30-69-31-44-48-51-98-1-7-62-15-4-88-24-43-45-65-83-68-89-95-60-35-52-59-42-9-74-97-19-25-76-53-16-38-6-8-93-40-86-80-34-63-2-96-57-64-99-23-55-33-50-11-28-49-73-37-84-46-13-61-100-54-82-27-47-85-79-92-91-26-20-94
Ta100x20,8,1,100,0.8875,0.025,2,2230802219,17000,6730,6481,6084,1.503866288,v2_avx512bw_vec32_exact_perm,39-28-67-57-54-51-12-58-68-62-81-31-87-69-71-22-36-1-15-44-7-72-24-85-18-66-37-29-9-5-45-14-53-83-50-73-8-30-59-96-43-63-3-55-88-48-70-27-6-4-25-35-78-56-49-17-75-40-41-21-98-93-16-10-95-90-11-82-77-38-23-84-13-52-76-65-100-19-64-89-2-99-32-80-79-91-86-61-74-60-47-46-92-33-94-42-34-26-20-97
Ta100x20,8,1,100,0.8875,0.025,3,2230803228,17000,6671,6481,6084,1.468337404,v2_avx512bw_vec32_exact_perm,39-62-7-72-44-69-67-56-31-78-59-41-1-90-10-36-40-24-64-71-22-100-87-83-27-29-98-9-58-5-50-3-55-11-88-60-28-45-8-65-25-35-81-51-19-89-26-17-30-12-49-66-76-33-84-73-52-70-80-57-91-53-96-14-82-85-2-93-18-77-75-4-46-21-37-32-34-38-42-6-79-16-13-68-43-61-92-99-15-48-63-95-94-54-23-86-74-20-47-97
Ta100x20,8,1,100,0.8875,0.025,4,2230804237,17000,6653,6481,6084,1.497022846,v2_avx512bw_vec32_exact_perm,39-67-18-22-56-4-28-72-59-44-45-36-62-24-95-21-15-69-81-64-7-68-29-2-35-9-14-70-73-75-90-71-46-83-78-41-17-77-53-25-23-10-76-99-48-80-50-5-31-57-1-27-98-58-61-30-51-93-40-87-49-32-96-37-19-11-74-55-12-13-38-16-100-94-88-43-3-89-33-65-85-84-54-91-92-60-42-63-6-82-8-34-52-47-79-66-86-26-20-97
Ta100x20,8,1,100,0.8875,0.025,5,2230805246,17000,6638,6481,6084,1.705425926,v2_avx512bw_vec32_exact_perm,39-62-78-67-72-44-56-4-59-28-31-73-70-30-69-17-91-87-2-32-45-27-36-71-54-48-3-57-93-6-5-24-22-18-89-100-50-98-66-80-7-9-40-14-35-84-52-83-88-65-8-81-12-74-60-53-10-25-58-1-21-63-15-85-41-38-77-75-37-55-33-43-99-68-29-16-11-34-19-90-51-76-13-96-49-46-82-42-64-95-47-79-61-26-23-86-92-94-20-97
Ta100x20,8,1,100,0.8875,0.025,6,2230806255,17000,6711,6481,6084,1.500731101,v2_avx512bw_vec32_exact_perm,62-87-78-72-44-12-45-71-56-59-40-14-22-9-10-29-3-90-28-4-70-91-76-81-1-51-66-99-67-93-100-41-5-54-25-19-24-43-89-83-77-80-16-7-98-53-15-35-69-39-27-30-31-38-88-48-23-73-96-57-6-50-68-74-33-52-17-79-8-65-36-58-18-55-95-85-37-46-21-75-86-49-11-64-32-2-92-97-61-47-13-84-26-82-63-20-42-34-60-94
Ta100x20,8,1,100,0.8875,0.025,7,2230807264,17000,6698,6481,6084,1.480064451,v2_avx512bw_vec32_exact_perm,39-62-68-14-22-91-87-72-51-73-44-78-59-99-49-4-43-70-3-24-83-5-15-40-67-41-56-36-7-17-81-64-9-90-88-12-10-58-76-25-74-28-31-48-82-57-95-80-6-19-89-16-63-29-1-77-33-8-50-55-75-11-98-71-38-30-100-45-65-35-27-93-37-97-96-53-42-23-52-79-13-46-92-18-69-86-54-32-21-47-66-85-84-61-2-60-34-94-26-20
Ta100x20,8,1,100,0.8875,0.025,8,2230808273,17000,6621,6481,6084,1.579091577,v2_avx512bw_vec32_exact_perm,39-73-60-28-100-87-78-72-22-29-27-12-7-33-44-4-91-68-43-51-90-14-45-9-67-62-24-58-25-52-83-46-69-37-1-53-31-32-50-48-15-19-41-36-8-81-71-70-79-30-85-93-63-56-6-97-5-89-59-88-96-49-10-21-74-18-75-35-2-23-98-38-76-86-3-64-66-17-57-94-82-84-77-16-13-11-65-80-40-54-42-92-95-55-99-61-26-20-34-47
Ta100x20,8,1,100,0.8875,0.025,9,2230809282,17000,6681,6481,6084,1.458115571,v2_avx512bw_vec32_exact_perm,39-62-72-67-22-1-7-12-90-69-31-51-59-3-35-70-87-29-27-10-76-33-96-41-57-68-40-88-71-91-81-36-75-94-97-32-80-9-83-24-25-63-14-8-2-50-73-15-5-78-77-6-19-48-4-84-18-100-44-52-82-45-74-64-93-53-56-98-86-23-61-16-28-43-38-21-65-85-55-37-46-26-99-17-54-89-60-13-49-79-30-95-66-92-11-58-42-47-34-20
Ta100x20,8,1,100,0.8875,0.025,10,2230810291,17000,6782,6481,6084,1.604077999,v2_avx512bw_vec32_exact_perm,87-78-31-28-22-72-59-81-91-51-73-39-90-96-35-36-7-58-1-62-9-27-41-40-70-83-17-88-89-37-99-25-19-60-77-29-69-18-79-71-16-56-5-86-26-67-24-54-49-65-30-74-92-14-82-12-10-63-33-61-21-23-98-76-48-44-45-93-2-4-52-64-8-57-68-43-80-85-15-50-6-38-32-53-84-75-46-55-100-3-66-13-11-95-42-97-20-34-94-47
Ta100x20,8,1,100,0.8875,0.05,1,2230801210,17000,6745,6481,6084,1.616498521,v2_avx512bw_vec32_exact_perm,91-72-87-69-29-59-28-22-73-12-90-14-68-54-57-41-67-31-94-70-88-78-75-62-3-98-9-36-27-45-81-1-63-74-4-15-52-44-21-48-5-84-30-7-39-77-80-65-40-83-16-60-46-100-71-50-53-33-86-49-24-8-92-25-17-35-89-61-19-6-76-99-43-66-18-10-96-93-56-13-79-37-95-55-51-38-2-82-32-23-64-42-97-11-58-85-34-26-20-47
Ta100x20,8,1,100,0.8875,0.05,2,2230802219,17000,6731,6481,6084,1.6383127,v2_avx512bw_vec32_exact_perm,73-68-39-3-72-44-74-12-91-71-4-78-31-88-36-87-56-67-70-18-90-6-22-50-83-32-24-86-25-98-60-41-17-14-28-9-10-66-69-93-96-59-48-35-23-57-27-61-81-77-53-100-5-7-89-15-62-45-82-19-80-51-37-29-30-8-75-46-43-20-84-13-52-47-64-38-16-40-76-65-54-33-11-85-49-1-21-58-79-63-95-55-26-99-42-34-92-94-2-97
Ta100x20,8,1,100,0.8875,0.05,3,2230803228,17000,6664,6481,6084,1.500240669,v2_avx512bw_vec32_exact_perm,39-28-59-62-72-78-31-44-67-69-87-25-51-74-54-94-57-91-27-63-81-24-10-71-9-36-22-19-76-48-3-33-30-6-89-5-15-77-53-85-12-45-35-4-93-64-98-7-23-50-52-90-29-1-38-17-73-70-41-65-18-100-80-8-75-14-83-43-68-56-92-46-40-82-37-2-61-21-11-58-16-49-34-79-13-47-99-84-88-42-60-86-95-26-55-32-66-96-97-20
Ta100x20,8,1,100,0.8875,0.05,4,2230804237,17000,6642,6481,6084,1.459552354,v2_avx512bw_vec32_exact_perm,39-67-72-22-7-31-12-62-71-69-59-78-82-41-83-3-36-90-54-64-74-51-10-16-42-4-1-57-87-18-89-45-93-70-6-40-5-27-33-81-9-68-91-14-75-50-55-30-49-24-8-21-98-15-77-58-80-44-86-88-73-56-29-25-2-65-19-48-35-37-11-52-17-100-94-23-60-53-85-63-28-99-95-61-43-38-76-96-32-46-13-79-84-66-20-34-92-26-97-47
Ta100x20,8,1,100,0.8875,0.05,5,2230805246,17000,6803,6481,6084,1.668021222,v2_avx512bw_vec32_exact_perm,73-39-64-28-91-72-67-57-1-23-99-10-87-36-3-40-78-44-16-22-7-19-62-70-56-29-86-6-8-71-12-45-53-69-50-59-74-5-49-31-18-90-63-81-52-77-42-55-9-88-30-60-14-24-75-38-21-98-68-51-66-95-80-37-96-100-41-76-25-83-93-17-79-65-35-89-85-48-11-84-27-46-33-20-82-2-15-26-4-47-43-58-54-61-32-34-13-92-94-97
Ta100x20,8,1,100,0.8875,0.05,6,2230806255,17000,6690,6481,6084,1.414854112,v2_avx512bw_vec32_exact_perm,39-62-45-87-7-90-72-69-59-83-41-70-68-67-57-44-14-28-91-73-56-12-58-31-29-8-96-76-51-25-16-84-22-24-77-5-19-93-17-43-18-3-42-1-40-65-75-33-52-60-74-21-81-46-53-82-61-37-4-11-9-85-71-36-27-35-55-10-48-15-50-100-23-88-64-63-6-49-99-79-80-78-98-34-66-89-54-86-26-30-38-95-2-32-13-94-47-92-97-20
Ta100x20,8,1,100,0.8875,0.05,7,2230807264,17000,6692,6481,6084,1.574060089,v2_avx512bw_vec32_exact_perm,39-73-28-72-31-22-67-4-70-91-78-14-9-99-68-43-3-10-83-93-25-71-57-35-89-44-88-58-5-87-21-59-51-30-36-55-75-41-24-64-69-17-29-27-8-12-33-40-37-45-11-81-49-7-61-23-96-52-62-38-6-97-50-53-76-95-90-42-1-19-2-66-79-18-82-80-63-77-16-100-65-48-92-86-54-32-15-98-56-46-13-85-34-60-20-94-84-74-47-26
Ta100x20,8,1,100,0.8875,0.05,8,2230808273,17000,6638,6481,6084,1.429025149,v2_avx512bw_vec32_exact_perm,39-62-78-10-91-87-43-68-45-74-12-33-71-29-22-70-5-7-72-44-83-60-73-55-57-52-40-98-28-9-58-25-53-4-64-3-69-18-81-24-48-17-82-65-50-51-88-67-8-59-15-14-75-23-6-35-11-41-38-76-31-27-56-30-90-36-94-89-49-16-2-32-80-99-77-85-63-100-1-61-93-54-19-95-42-46-13-96-21-37-79-84-66-92-86-34-47-26-20-97
Ta100x20,8,1,100,0.8875,0.05,9,2230809282,17000,6673,6481,6084,1.393229102,v2_avx512bw_vec32_exact_perm,39-73-78-44-56-6-83-45-62-81-27-51-29-3-4-96-72-28-9-69-48-70-59-35-7-74-87-17-14-90-91-43-89-54-22-31-88-50-71-100-12-5-49-52-30-76-79-10-8-25-24-55-36-66-99-40-63-21-93-16-98-1-77-67-80-15-37-61-11-82-41-68-57-18-53-23-60-2-58-13-85-46-75-64-42-86-65-32-84-38-33-19-26-95-94-34-92-47-97-20
Ta100x20,8,1,100,0.8875,0.05,10,2230810291,17000,6664,6481,6084,1.705888821,v2_avx512bw_vec32_exact_perm,39-87-78-12-67-72-71-58-14-54-22-74-33-50-95-90-81-93-9-45-62-68-88-27-28-4-100-18-41-69-44-73-85-15-56-35-7-31-49-70-6-5-30-63-53-48-24-83-51-76-99-46-25-42-17-19-47-96-1-37-91-40-36-82-52-89-43-16-59-38-29-86-8-3-23-98-77-97-92-2-60-65-61-21-10-80-75-57-84-13-79-64-66-11-55-32-94-26-34-20
Ta100x20,8,1,100,0.8875,0.075,1,2230801210,17000,6713,6481,6084,1.570962206,v2_avx512bw_vec32_exact_perm,39-32-7-44-56-60-30-72-73-45-87-29-10-6-25-22-70-71-69-14-83-64-61-58-24-41-76-5-1-90-91-40-31-12-57-88-16-4-36-67-38-21-78-2-96-62-59-50-81-23-28-53-9-94-77-51-26-19-75-37-65-11-17-82-68-27-48-35-42-84-52-100-8-63-43-89-99-15-3-49-93-18-79-33-13-95-98-46-66-92-55-85-80-74-54-20-86-47-34-97
Ta100x20,8,1,100,0.8875,0.075,2,2230802219,17000,6676,6481,6084,1.51030769,v2_avx512bw_vec32_exact_perm,73-72-44-1-29-22-59-36-68-67-35-27-90-76-91-25-12-56-31-14-45-4-64-69-58-43-87-9-7-40-18-16-71-57-82-66-96-63-88-83-28-60-39-5-53-62-78-41-23-81-52-17-98-100-24-38-79-30-77-89-99-33-85-50-3-93-2-6-49-32-10-19-70-48-80-95-61-11-55-26-75-21-86-65-51-84-74-15-37-46-92-42-54-94-8-34-20-47-13-97
Ta100x20,8,1,100,0.8875,0.075,3,2230803228,17000,6643,6481,6084,1.590295495,v2_avx512bw_vec32_exact_perm,39-28-72-78-44-29-22-4-12-7-62-10-70-67-100-71-18-91-69-51-87-3-77-15-83-5-31-64-45-93-57-6-56-97-24-53-19-90-41-8-76-1-49-40-88-60-16-38-42-30-14-9-2-68-61-58-37-54-36-48-32-17-79-35-11-82-25-89-63-43-73-59-80-50-86-46-75-84-74-33-27-85-81-13-95-94-65-34-23-52-55-26-92-99-98-96-21-66-20-47
Ta100x20,8,1,100,0.8875,0.075,4,2230804237,17000,6649,6481,6084,1.493965416,v2_avx512bw_vec32_exact_perm,39-32-22-87-7-62-72-98-28-10-91-36-27-4-56-64-45-44-71-51-5-29-53-31-48-70-59-30-50-89-77-90-9-93-83-95-16-88-67-14-78-18-55-69-24-1-73-84-66-17-40-2-35-23-33-12-68-25-52-57-41-63-76-21-86-75-80-60-26-81-6-38-99-19-97-37-85-46-100-58-96-79-43-15-94-3-65-49-13-82-11-54-8-34-42-92-61-74-20-47
Ta100x20,8,1,100,0.8875,0.075,5,2230805246,17000,6680,6481,6084,1.675060482,v2_avx512bw_vec32_exact_perm,39-62-87-78-72-76-31-44-56-12-51-7-66-9-93-28-4-77-83-17-91-90-81-73-64-36-68-16-69-5-10-70-74-25-33-67-48-89-35-6-88-15-22-71-14-29-8-45-75-11-19-53-41-96-47-1-38-85-21-50-18-65-57-99-40-82-24-30-49-23-98-100-58-52-60-2-92-37-80-84-61-3-43-13-95-63-59-42-27-55-86-32-34-46-79-26-54-94-20-97
Ta100x20,8,1,100,0.8875,0.075,6,2230806255,17000,6719,6481,6084,1.596770547,v2_avx512bw_vec32_exact_perm,32-18-7-22-44-51-10-1-56-27-73-71-57-87-70-67-14-59-54-29-49-72-39-28-35-68-83-12-78-75-41-88-45-25-21-90-31-93-15-5-81-24-40-82-64-11-77-17-66-63-3-94-50-16-99-69-62-36-86-96-53-89-79-13-48-60-30-38-98-100-37-84-52-80-42-6-19-76-65-20-97-85-8-34-23-43-4-91-9-61-26-95-92-2-33-58-74-46-55-47
Ta100x20,8,1,100,0.8875,0.075,7,2230807264,17000,6659,6481,6084,1.590841197,v2_avx512bw_vec32_exact_perm,39-62-78-67-22-36-44-4-72-87-18-56-70-74-31-68-28-14-9-29-93-24-10-16-33-51-59-55-77-17-91-95-45-41-73-3-1-69-15-40-99-8-60-53-71-37-83-5-57-75-63-7-6-89-64-96-88-90-82-48-81-49-12-19-80-52-100-46-76-98-50-65-2-58-85-30-61-43-35-42-84-27-47-92-66-25-86-38-97-79-32-23-11-54-13-34-21-94-26-20
Ta100x20,8,1,100,0.8875,0.075,8,2230808273,17000,6638,6481,6084,1.557086528,v2_avx512bw_vec32_exact_perm,39-62-29-10-44-58-87-36-56-31-12-59-3-70-4-45-14-51-17-7-83-93-98-1-22-18-71-69-74-55-33-27-100-50-5-41-72-84-9-73-85-48-79-81-78-68-21-91-60-67-24-65-88-2-42-35-46-90-25-75-53-30-80-37-8-76-32-23-19-43-52-94-15-82-11-61-28-77-99-89-57-49-92-96-63-40-16-6-38-13-64-66-86-95-54-34-47-97-20-26
Ta100x20,8,1,100,0.8875,0.075,9,2230809282,17000,6726,6481,6084,1.561860639,v2_avx512bw_vec32_exact_perm,39-32-62-7-72-69-67-12-10-22-83-14-24-44-36-58-45-91-81-78-71-40-64-59-77-87-5-79-73-29-90-16-74-94-18-75-53-15-33-41-70-11-17-76-23-19-25-35-100-98-56-1-8-57-6-43-55-49-68-48-51-4-50-63-2-21-89-95-30-54-85-9-80-82-60-88-84-37-27-31-42-97-3-65-13-96-28-66-52-34-20-46-93-99-38-92-61-26-86-47
Ta100x20,8,1,100,0.8875,0.075,10,2230810291,17000,6645,6481,6084,1.685231207,v2_avx512bw_vec32_exact_perm,39-73-72-44-45-12-33-78-71-11-67-74-87-100-18-6-62-69-64-36-9-59-7-23-5-94-3-56-31-70-89-50-40-1-90-29-10-60-68-25-35-14-75-95-4-19-93-28-88-41-37-96-79-66-81-49-82-52-24-83-27-86-77-22-17-8-48-65-91-92-98-58-57-84-80-32-30-38-16-63-42-43-55-51-15-53-85-76-54-21-2-46-61-99-13-20-34-47-97-26
Ta100x20,8,1,100,0.8875,0.1,1,2230801210,17000,6658,6481,6084,1.398983846,v2_avx512bw_vec32_exact_perm,39-28-31-72-73-5-22-44-7-12-90-29-59-32-87-24-91-81-69-3-70-53-96-30-78-6-56-35-15-68-77-99-45-82-57-40-16-4-64-49-71-1-51-19-42-67-27-14-83-9-80-88-34-33-61-89-86-46-76-48-18-75-65-62-63-100-66-11-84-25-93-17-10-21-58-41-8-36-54-23-52-2-50-94-85-60-38-37-79-95-26-13-43-92-98-55-97-74-20-47
Ta100x20,8,1,100,0.8875,0.1,2,2230802219,17000,6638,6481,6084,1.478016778,v2_avx512bw_vec32_exact_perm,39-7-18-44-72-28-12-22-40-71-54-51-27-33-82-68-62-69-64-73-45-50-4-11-25-9-59-17-91-41-58-57-1-15-56-6-78-31-83-52-53-48-96-30-63-23-88-24-87-2-55-10-77-3-5-37-85-100-35-93-14-19-89-99-70-29-67-49-8-84-36-66-32-81-75-46-86-80-16-38-43-21-13-79-98-76-65-94-60-61-74-95-90-97-42-34-92-26-20-47
Ta100x20,8,1,100,0.8875,0.1,3,2230803228,17000,6709,6481,6084,1.529770252,v2_avx512bw_vec32_exact_perm,67-14-44-74-87-90-62-28-69-22-72-89-64-91-58-81-9-50-11-54-12-73-38-25-30-59-7-77-83-27-51-8-56-1-68-45-5-49-21-2-41-4-29-10-16-36-39-33-60-71-40-18-24-99-100-19-70-93-82-3-42-46-76-86-48-31-52-37-57-23-17-6-97-61-53-80-88-35-78-98-75-79-92-85-63-20-13-43-84-65-96-66-95-55-26-15-32-94-34-47
Ta100x20,8,1,100,0.8875,0.1,4,2230804237,17000,6658,6481,6084,1.481304357,v2_avx512bw_vec32_exact_perm,73-59-87-72-36-67-22-64-51-78-44-83-71-18-29-69-1-90-70-74-14-35-68-45-9-88-91-86-27-5-58-56-41-37-39-10-25-57-81-32-24-75-62-7-42-33-17-12-54-19-3-93-21-98-30-77-60-82-52-63-100-89-2-16-6-4-50-49-99-84-48-80-40-11-15-95-46-13-38-53-28-8-76-96-79-55-66-61-43-92-31-85-65-34-23-94-20-97-47-26
Ta100x20,8,1,100,0.8875,0.1,5,2230805246,17000,6646,6481,6084,1.64615108,v2_avx512bw_vec32_exact_perm,39-62-78-67-18-100-72-28-70-73-44-59-91-29-89-36-32-12-22-30-7-4-33-56-9-66-31-45-88-83-27-24-5-14-68-75-11-21-87-82-71-57-1-19-15-2-50-94-65-51-96-48-69-93-86-53-81-52-74-58-8-61-23-17-35-43-41-76-98-3-38-6-85-25-49-95-80-54-16-63-79-10-34-37-84-77-13-99-90-60-40-42-64-46-92-55-26-20-47-97
Ta100x20,8,1,100,0.8875,0.1,6,2230806255,17000,6681,6481,6084,1.655370854,v2_avx512bw_vec32_exact_perm,78-44-51-39-71-62-9-88-67-74-90-87-73-45-14-72-27-69-12-70-86-22-21-1-48-58-5-68-50-31-83-57-23-7-4-18-93-10-82-55-43-29-8-30-33-24-32-63-52-79-25-89-98-56-3-100-59-41-61-80-17-16-36-19-77-15-99-40-37-46-76-85-53-54-81-35-38-6-84-2-66-75-64-28-42-95-65-49-96-91-92-13-11-34-60-94-97-20-47-26
Ta100x20,8,1,100,0.8875,0.1,7,2230807264,17000,6667,6481,6084,1.555612628,v2_avx512bw_vec32_exact_perm,39-97-62-78-81-72-1-44-67-14-43-9-22-41-56-45-12-38-29-59-70-87-7-4-91-27-28-83-69-31-99-36-93-68-100-73-16-86-57-71-10-25-34-24-90-18-33-32-52-40-65-61-21-50-5-2-89-30-49-23-88-17-77-98-58-75-35-6-96-51-48-53-80-11-79-64-63-8-76-46-82-13-84-66-15-3-42-19-37-95-94-54-85-92-74-60-47-55-26-20
Ta100x20,8,1,100,0.8875,0.1,8,2230808273,17000,6628,6481,6084,1.73841588,v2_avx512bw_vec32_exact_perm,39-62-18-29-28-10-78-73-90-70-3-71-72-44-33-95-22-25-7-98-45-69-64-41-59-68-74-67-87-100-49-51-5-89-30-27-4-54-40-88-35-96-36-53-48-81-24-57-66-31-1-19-93-82-52-6-83-23-75-60-80-9-14-63-2-77-17-16-12-58-56-15-91-76-86-50-97-42-55-38-43-37-84-65-34-79-99-8-47-32-11-13-46-61-21-85-92-94-26-20
Ta100x20,8,1,100,0.8875,0.1,9,2230809282,17000,6629,6481,6084,1.600466243,v2_avx512bw_vec32_exact_perm,39-87-78-44-72-22-12-73-62-76-41-89-45-51-18-90-93-59-94-57-15-7-71-9-2-5-3-29-58-14-91-17-70-96-8-69-36-28-30-82-31-53-25-56-37-88-1-100-19-33-27-35-49-97-23-32-81-75-52-4-6-48-83-66-64-24-43-99-68-50-40-65-80-92-98-67-63-79-16-77-54-86-13-60-38-21-84-11-55-46-42-95-10-85-61-34-74-20-47-26
Ta100x20,8,1,100,0.8875,0.1,10,2230810291,17000,6739,6481,6084,1.669658442,v2_avx512bw_vec32_exact_perm,39-32-7-44-67-81-10-9-3-72-22-50-21-68-25-70-41-56-73-57-14-54-28-17-19-27-62-36-89-12-45-91-93-4-65-5-24-78-1-40-83-6-90-49-71-30-29-77-15-52-86-69-99-38-31-18-76-85-60-97-82-23-53-2-46-92-96-88-55-75-33-98-51-66-16-63-95-74-100-87-48-79-35-37-47-11-13-8-84-61-42-64-43-80-58-59-34-94-20-26
Ta100x20,8,1,100,0.8875,0.125,1,2230801210,17000,6626,6481,6084,1.395248215,v2_avx512bw_vec32_exact_perm,87-78-72-39-10-28-91-47-56-71-31-62-18-36-83-44-88-81-24-14-70-22-3-69-27-41-5-29-8-96-7-9-57-94-77-58-84-48-93-68-17-30-73-51-90-25-59-50-19-35-75-45-23-6-15-2-4-53-16-85-60-40-12-66-37-76-52-86-21-64-43-33-42-98-82-1-49-89-80-67-100-61-11-54-99-63-74-95-13-65-34-55-46-32-38-92-79-26-20-97
Ta100x20,8,1,100,0.8875,0.125,2,2230802219,17000,6670,6481,6084,1.514423713,v2_avx512bw_vec32_exact_perm,39-97-32-64-87-56-18-74-35-7-19-72-43-10-31-54-48-83-24-37-11-67-69-70-41-3-49-22-88-90-25-29-73-44-16-4-14-68-57-1-28-5-9-89-77-62-80-79-13-36-78-81-52-75-71-59-100-33-99-12-50-53-23-30-98-66-40-17-93-2-60-45-8-82-63-21-84-85-27-51-15-76-46-42-55-6-58-91-61-26-86-95-96-65-34-38-92-94-20-47
Ta100x20,8,1,100,0.8875,0.125,3,2230803228,17000,6640,6481,6084,1.399991796,v2_avx512bw_vec32_exact_perm,78-39-67-72-44-56-81-12-45-93-10-62-71-3-14-69-35-68-59-29-43-18-90-22-70-1-58-88-24-87-49-83-7-65-74-8-86-76-46-48-31-60-89-2-50-23-28-5-11-9-27-41-40-25-55-63-52-100-6-66-73-57-16-15-36-19-94-91-96-51-17-26-54-4-77-33-75-61-92-30-21-98-38-95-82-64-42-53-84-80-37-85-32-20-47-13-34-79-99-97
Ta100x20,8,1,100,0.8875,0.125,4,2230804237,17000,6683,6481,6084,1.494825549,v2_avx512bw_vec32_exact_perm,39-22-62-14-68-4-18-58-72-73-43-1-10-78-71-57-44-46-28-82-88-69-87-40-27-31-70-91-12-83-89-45-74-24-30-33-77-96-7-15-50-5-9-90-37-17-49-21-52-36-75-86-41-56-3-54-29-65-51-67-64-2-92-66-25-53-23-81-61-19-6-48-95-80-63-55-100-35-79-93-98-99-76-85-11-38-16-97-84-8-32-13-60-42-59-20-34-94-26-47
Ta100x20,8,1,100,0.8875,0.125,5,2230805246,17000,6629,6481,6084,1.628651432,v2_avx512bw_vec32_exact_perm,39-22-87-78-72-28-44-56-55-54-45-62-24-7-15-91-12-29-73-2-25-21-70-71-69-27-41-83-96-14-63-32-67-93-9-40-4-18-1-89-33-68-79-100-48-35-88-59-65-50-98-51-16-31-36-38-86-77-52-80-81-75-53-30-90-61-58-43-97-60-23-19-76-11-10-82-6-5-3-17-85-49-66-37-84-99-57-64-74-95-47-42-8-34-92-46-13-26-94-20
Ta100x20,8,1,100,0.8875,0.125,6,2230806255,17000,6678,6481,6084,1.551753051,v2_avx512bw_vec32_exact_perm,39-28-10-22-44-90-62-56-78-67-41-72-32-71-50-65-19-83-51-18-59-29-87-69-70-30-14-12-73-45-31-7-91-76-54-46-5-86-88-27-58-49-82-25-4-57-48-81-24-16-38-17-21-36-15-6-9-85-75-66-80-64-11-1-55-77-33-61-40-98-100-8-93-95-35-2-68-52-23-43-3-42-63-96-74-97-79-92-37-53-13-89-84-60-47-26-99-34-94-20
Ta100x20,8,1,100,0.8875,0.125,7,2230807264,17000,6729,6481,6084,1.552117578,v2_avx512bw_vec32_exact_perm,39-97-78-10-62-68-56-6-69-23-67-57-7-37-31-72-44-9-41-45-3-81-12-70-91-58-29-24-15-83-76-22-96-77-14-51-54-19-100-99-18-71-35-28-93-40-90-89-88-55-16-65-74-63-11-87-36-17-75-53-60-33-73-49-25-21-34-4-52-1-79-61-8-43-27-5-82-30-38-42-92-98-2-66-85-80-64-50-59-20-48-86-32-46-47-26-13-84-95-94
Ta100x20,8,1,100,0.8875,0.125,8,2230808273,17000,6709,6481,6084,1.5507998,v2_avx512bw_vec32_exact_perm,39-62-72-29-67-22-2-24-68-64-78-7-44-32-16-6-69-96-87-100-45-4-88-15-3-43-55-91-82-9-93-71-40-35-70-90-58-1-89-98-8-36-75-46-99-83-27-14-34-38-73-77-33-79-37-81-10-48-63-53-84-18-66-51-19-28-49-52-21-11-25-76-41-61-17-65-42-5-50-54-12-56-30-80-60-13-59-97-92-26-31-86-57-20-85-23-95-94-74-47
Ta100x20,8,1,100,0.8875,0.125,9,2230809282,17000,6721,6481,6084,1.532247157,v2_avx512bw_vec32_exact_perm,78-44-22-72-73-62-81-10-99-58-41-70-56-76-59-71-29-25-83-27-1-45-88-23-6-4-14-96-12-40-69-35-24-91-74-87-7-15-65-39-19-21-36-8-63-64-17-94-75-9-11-93-68-28-5-52-100-31-33-50-53-85-89-43-16-49-3-98-51-90-48-84-61-30-57-66-95-80-77-37-2-67-42-46-54-92-60-55-26-86-38-18-32-13-79-82-47-97-20-34
Ta100x20,8,1,100,0.8875,0.125,10,2230810291,17000,6684,6481,6084,1.282085456,v2_avx512bw_vec32_exact_perm,39-62-78-73-4-44-31-3-27-9-56-58-19-83-64-51-71-22-95-18-69-30-90-74-45-87-57-72-67-7-25-49-29-32-15-17-1-5-24-82-10-41-37-70-11-46-28-75-99-80-52-93-42-33-50-14-55-12-40-53-79-8-63-16-100-81-47-68-36-77-89-21-88-59-2-23-84-48-76-85-43-65-96-92-91-60-86-35-38-6-54-13-94-98-34-66-61-26-20-97
Ta100x20,8,1,100,0.925,0.025,1,2230801210,17000,6662,6481,6084,1.522100322,v2_avx512bw_vec32_exact_perm,39-31-22-87-78-44-56-10-62-27-72-67-74-12-66-58-73-70-14-71-59-83-95-41-33-29-15-6-45-5-93-18-43-69-40-89-90-97-1-81-68-57-55-28-46-8-7-50-9-53-85-75-36-30-77-82-52-17-37-100-24-98-48-19-51-65-91-16-63-84-23-80-76-64-49-96-88-47-13-61-11-25-35-60-38-26-86-21-54-4-3-79-2-32-42-99-34-92-94-20
Ta100x20,8,1,100,0.925,0.025,2,2230802219,17000,6636,6481,6084,1.428059959,v2_avx512bw_vec32_exact_perm,39-22-87-78-47-68-44-62-29-73-59-70-91-12-45-14-50-90-71-56-72-10-96-57-7-3-17-82-25-52-51-69-43-89-18-2-24-48-9-40-1-33-4-15-93-67-64-28-100-8-41-76-5-27-31-36-66-6-88-49-97-32-38-83-16-23-30-63-75-21-98-60-53-80-81-46-77-85-37-84-55-42-99-35-19-26-11-79-65-86-61-58-13-95-74-54-34-92-94-20
Ta100x20,8,1,100,0.925,0.025,3,2230803228,17000,6649,6481,6084,1.381860396,v2_avx512bw_vec32_exact_perm,39-78-74-81-87-70-73-5-31-72-28-44-6-83-69-22-30-93-19-96-7-62-9-59-51-91-10-25-24-14-58-29-68-33-95-3-98-23-100-41-50-97-36-75-12-90-71-17-21-56-76-2-18-65-42-35-49-1-63-45-77-53-57-13-89-64-67-52-15-88-82-80-11-38-16-40-55-27-48-4-60-43-8-94-84-85-37-46-92-99-61-79-54-32-34-66-86-20-26-47
Ta100x20,8,1,100,0.925,0.025,4,2230804237,17000,6644,6481,6084,1.427029448,v2_avx512bw_vec32_exact_perm,62-7-12-72-22-71-56-67-10-64-78-51-39-18-5-74-87-14-90-29-70-73-66-33-69-81-59-50-45-41-44-11-31-15-36-77-19-37-40-1-9-35-49-88-4-68-3-75-84-16-65-28-93-57-94-83-52-60-6-54-38-25-48-89-21-30-63-43-17-58-95-80-97-100-24-8-82-98-23-96-91-76-53-13-85-27-55-92-42-2-99-26-20-86-46-32-61-79-47-34
Ta100x20,8,1,100,0.925,0.025,5,2230805246,17000,6657,6481,6084,1.538124133,v2_avx512bw_vec32_exact_perm,39-62-78-87-56-22-28-72-90-7-10-57-14-73-17-31-91-66-12-88-67-80-58-83-27-9-5-4-74-70-30-76-59-55-93-1-38-21-32-71-96-45-53-100-68-33-25-29-52-24-65-75-37-46-6-44-98-40-35-11-63-79-81-69-77-3-60-99-19-48-50-43-86-2-23-54-82-51-89-16-41-15-18-20-36-97-8-49-85-92-84-61-13-64-42-95-94-34-47-26
Ta100x20,8,1,100,0.925,0.025,6,2230806255,17000,6721,6481,6084,1.536907891,v2_avx512bw_vec32_exact_perm,39-22-78-44-68-62-74-33-81-56-53-71-57-96-29-6-24-90-10-67-77-31-45-3-30-72-70-14-9-42-8-1-36-48-75-87-94-51-5-27-40-64-88-15-4-41-12-69-65-28-66-7-54-26-83-35-73-32-25-17-98-37-52-2-63-100-82-16-38-86-91-93-18-49-58-99-50-79-80-61-21-89-11-13-95-60-47-85-46-19-92-43-55-76-59-34-23-84-97-20
Ta100x20,8,1,100,0.925,0.025,7,2230807264,17000,6672,6481,6084,1.459766753,v2_avx512bw_vec32_exact_perm,39-62-22-14-45-87-69-90-10-93-76-44-71-5-58-96-35-7-91-57-67-73-30-95-72-36-4-50-59-19-64-40-12-89-3-88-31-48-15-1-29-43-24-51-33-68-56-17-28-70-25-6-65-80-81-49-78-52-82-74-41-83-27-63-18-9-100-53-99-61-42-37-85-55-75-11-32-38-21-2-16-23-98-60-77-46-13-79-86-97-47-8-66-34-84-54-92-94-26-20
Ta100x20,8,1,100,0.925,0.025,8,2230808273,17000,6709,6481,6084,1.478289285,v2_avx512bw_vec32_exact_perm,39-22-62-78-7-59-12-68-91-14-29-50-67-71-2-6-66-72-44-81-18-51-27-10-70-69-30-41-58-96-87-100-93-40-73-88-31-54-83-36-16-38-28-9-21-4-25-49-5-23-76-1-56-15-45-52-32-33-37-11-19-75-35-43-8-17-82-48-24-90-60-98-79-57-89-64-77-80-42-95-94-46-84-13-86-26-53-65-85-92-63-99-20-3-61-74-55-47-34-97
Ta100x20,8,1,100,0.925,0.025,9,2230809282,17000,6694,6481,6084,1.579247457,v2_avx512bw_vec32_exact_perm,39-62-29-76-59-44-83-1-41-10-69-28-72-90-51-53-87-91-96-93-36-16-22-75-94-98-58-70-64-5-7-40-30-12-31-88-49-99-14-77-73-4-27-45-100-35-71-63-19-66-50-79-68-85-43-9-33-11-3-82-84-74-8-24-17-25-52-80-37-78-13-56-65-81-60-23-2-18-21-61-48-86-42-95-67-46-57-92-38-6-26-89-15-97-32-54-55-47-34-20
Ta100x20,8,1,100,0.925,0.025,10,2230810291,17000,6680,6481,6084,1.64790457,v2_avx512bw_vec32_exact_perm,22-78-39-62-87-68-71-57-7-72-44-10-70-73-48-69-41-67-9-2-28-33-56-31-27-15-74-35-36-89-45-54-88-81-60-40-90-93-1-83-24-99-5-51-19-64-66-25-50-29-59-6-52-80-76-3-17-49-12-91-23-53-86-4-26-18-75-16-63-98-46-100-82-11-58-85-84-14-61-21-95-77-37-55-30-94-43-38-8-32-65-42-96-13-79-34-92-47-97-20
Ta100x20,8,1,100,0.925,0.05,1,2230801210,17000,6687,6481,6084,1.482893948,v2_avx512bw_vec32_exact_perm,39-97-44-56-3-72-90-45-73-10-25-62-51-69-98-87-59-68-100-35-14-89-36-91-12-71-53-70-29-67-5-27-74-22-28-80-95-48-81-19-24-64-77-57-7-37-17-4-30-60-94-18-49-9-88-75-33-83-6-41-52-78-2-99-50-40-23-32-61-11-86-26-1-63-82-13-76-96-46-21-85-15-93-92-31-38-16-66-79-8-43-55-54-65-84-58-34-42-20-47
Ta100x20,8,1,100,0.925,0.05,2,2230802219,17000,6712,6481,6084,1.464239217,v2_avx512bw_vec32_exact_perm,39-74-72-58-59-81-68-22-44-31-10-67-36-3-64-69-51-45-71-57-87-77-62-41-5-70-7-66-14-8-73-29-25-96-27-53-86-52-83-35-6-38-61-50-75-91-37-43-82-12-28-88-99-15-89-65-97-23-18-56-60-100-21-80-24-13-11-9-49-40-16-42-17-4-93-54-1-19-48-63-76-90-95-78-30-79-33-98-46-55-85-2-32-34-84-92-26-94-20-47
Ta100x20,8,1,100,0.925,0.05,3,2230803228,17000,6664,6481,6084,1.761429774,v2_avx512bw_vec32_exact_perm,39-67-72-78-97-90-73-44-56-15-6-83-62-36-69-22-81-87-7-96-91-24-49-29-4-28-9-5-50-10-25-14-68-82-18-74-100-41-71-98-40-27-65-35-70-48-38-1-42-53-60-33-19-43-31-16-63-94-32-75-30-51-52-93-45-57-99-89-88-86-3-61-37-59-21-11-23-84-58-12-80-77-76-2-13-17-54-85-95-46-55-8-79-92-64-66-34-26-20-47
Ta100x20,8,1,100,0.925,0.05,4,2230804237,17000,6628,6481,6084,1.679729761,v2_avx512bw_vec32_exact_perm,39-67-62-72-68-10-29-54-74-90-83-12-73-45-15-1-78-75-35-27-69-41-71-57-81-5-9-24-31-25-7-91-6-44-59-70-51-56-93-28-49-4-88-58-98-3-22-16-23-14-96-79-53-18-46-76-33-40-43-87-8-48-36-65-19-85-60-89-17-82-64-80-11-77-99-92-84-52-66-38-100-30-42-37-97-32-63-55-2-50-61-21-13-95-94-86-34-47-26-20
Ta100x20,8,1,100,0.925,0.05,5,2230805246,17000,6642,6481,6084,1.898026279,v2_avx512bw_vec32_exact_perm,39-62-67-59-87-78-22-72-45-51-44-71-70-10-7-27-100-35-83-9-14-24-91-89-12-33-68-18-29-2-56-34-65-93-85-58-81-4-74-52-69-96-28-60-88-73-57-31-5-3-41-15-77-75-53-37-30-23-40-99-43-63-1-49-42-16-84-38-32-90-80-50-6-25-55-19-36-21-54-61-82-11-66-95-17-46-8-76-97-79-48-92-98-20-86-64-13-94-26-47
Ta100x20,8,1,100,0.925,0.05,6,2230806255,17000,6687,6481,6084,1.662871537,v2_avx512bw_vec32_exact_perm,39-67-72-12-74-59-78-62-71-27-22-51-35-69-6-87-91-36-65-4-50-40-9-7-70-98-3-18-53-90-25-29-44-24-56-93-83-89-45-37-64-68-95-31-1-14-88-75-33-49-73-96-66-81-57-48-52-15-46-100-55-63-84-32-10-23-30-19-76-41-42-5-2-82-17-94-16-43-8-60-28-86-77-38-21-85-92-61-11-99-20-80-58-54-13-79-47-26-34-97
Ta100x20,8,1,100,0.925,0.05,7,2230807264,17000,6701,6481,6084,1.612677252,v2_avx512bw_vec32_exact_perm,39-97-22-72-51-10-71-36-68-25-67-62-7-56-59-24-96-69-31-6-83-12-3-14-44-60-99-70-29-28-73-27-33-77-43-42-87-19-32-17-41-2-58-5-16-40-46-53-23-37-52-90-81-78-49-1-85-48-15-57-93-45-86-9-18-88-38-55-76-82-100-65-35-84-91-80-63-50-13-11-75-79-92-98-89-64-66-30-95-61-8-4-74-21-54-94-34-26-20-47
Ta100x20,8,1,100,0.925,0.05,8,2230808273,17000,6673,6481,6084,1.486729836,v2_avx512bw_vec32_exact_perm,62-7-22-72-78-28-31-44-25-83-74-14-87-10-70-6-58-91-12-81-55-24-69-48-64-4-51-71-29-18-77-32-45-63-60-17-16-21-19-43-8-76-23-59-41-56-67-9-36-68-40-37-49-5-88-84-90-50-2-73-75-33-3-30-99-57-42-52-96-93-98-100-35-80-95-86-38-39-85-34-53-13-27-89-1-65-46-79-94-15-66-92-61-11-54-82-26-47-97-20
Ta100x20,8,1,100,0.925,0.05,9,2230809282,17000,6689,6481,6084,1.602049645,v2_avx512bw_vec32_exact_perm,39-62-91-36-72-67-73-57-87-96-82-45-56-41-78-83-16-81-29-27-46-8-70-14-24-71-69-98-44-77-22-51-3-90-5-28-6-68-31-49-76-25-59-88-23-1-17-50-58-52-100-4-97-2-32-75-15-19-93-65-12-7-9-21-53-85-48-80-63-84-61-40-18-37-33-43-66-35-89-79-30-10-74-92-11-55-38-13-99-60-42-95-34-54-94-86-64-47-26-20
Ta100x20,8,1,100,0.925,0.05,10,2230810291,17000,6700,6481,6084,1.741711134,v2_avx512bw_vec32_exact_perm,39-87-78-18-69-44-4-1-68-67-72-70-91-58-14-12-88-10-56-31-51-45-5-7-27-83-54-62-36-3-81-28-53-93-22-29-90-25-100-71-95-33-59-50-89-43-30-24-98-63-40-9-77-52-76-8-34-37-49-41-79-73-60-65-13-57-97-82-61-21-84-99-74-80-15-75-6-48-16-38-42-86-64-85-35-23-11-96-2-46-92-19-26-17-32-94-66-20-55-47
Ta100x20,8,1,100,0.925,0.075,1,2230801210,17000,6642,6481,6084,1.438922108,v2_avx512bw_vec32_exact_perm,39-73-12-58-59-72-44-28-83-14-22-62-6-87-36-10-69-32-57-71-50-19-1-51-7-15-94-99-91-18-4-88-78-54-29-70-27-5-3-100-41-98-40-31-77-37-52-9-75-25-49-86-82-24-46-90-56-30-66-76-17-42-93-16-2-81-48-35-96-23-63-43-79-68-67-80-95-53-33-61-21-11-45-89-64-13-84-85-65-74-8-34-60-97-38-92-55-26-20-47
Ta100x20,8,1,100,0.925,0.075,2,2230802219,17000,6642,6481,6084,1.905068647,v2_avx512bw_vec32_exact_perm,39-73-12-69-81-44-78-31-71-56-67-62-18-57-27-4-91-9-89-36-82-48-22-30-70-72-59-50-98-1-83-68-15-28-100-88-60-45-14-66-43-90-58-65-87-25-51-77-37-41-29-55-74-5-53-63-16-19-32-49-96-93-52-42-97-24-17-6-40-10-8-75-84-33-64-61-7-11-54-35-38-21-86-2-95-99-47-85-80-34-3-23-76-46-92-13-79-94-26-20
Ta100x20,8,1,100,0.925,0.075,3,2230803228,17000,6653,6481,6084,1.515676668,v2_avx512bw_vec32_exact_perm,39-28-78-31-67-72-44-14-29-22-12-71-56-18-59-74-69-81-53-91-27-36-5-87-51-68-45-94-1-17-57-70-35-98-62-7-89-49-73-30-52-83-100-50-96-90-41-99-24-2-15-88-77-61-80-60-76-9-48-4-3-40-37-6-25-19-33-32-63-82-11-75-10-16-42-21-46-86-58-64-93-13-84-38-43-8-54-85-79-65-66-34-23-95-55-47-26-92-20-97
Ta100x20,8,1,100,0.925,0.075,4,2230804237,17000,6656,6481,6084,1.550200451,v2_avx512bw_vec32_exact_perm,39-67-72-44-28-64-56-29-1-70-22-83-62-78-81-5-87-51-27-69-7-31-91-65-12-73-50-33-71-57-41-77-55-30-36-76-49-59-93-17-98-4-16-24-19-45-75-80-90-3-96-14-88-82-2-35-26-15-9-58-40-18-43-52-42-53-84-23-97-21-60-8-68-10-48-63-95-38-92-25-74-37-100-89-54-86-32-34-6-13-46-99-61-79-66-11-85-20-94-47
Ta100x20,8,1,100,0.925,0.075,5,2230805246,17000,6651,6481,6084,1.650460971,v2_avx512bw_vec32_exact_perm,39-87-78-44-68-62-36-59-72-22-69-73-60-67-28-14-57-23-6-52-49-71-84-4-83-91-1-10-50-81-77-90-80-29-27-51-75-46-82-9-30-7-8-56-31-43-65-35-88-42-19-45-58-25-89-16-24-98-40-41-96-2-70-3-21-5-93-15-76-48-12-17-100-13-11-74-55-99-38-95-97-53-32-63-79-64-66-61-86-37-18-85-92-54-33-94-34-26-20-47
Ta100x20,8,1,100,0.925,0.075,6,2230806255,17000,6670,6481,6084,1.563598813,v2_avx512bw_vec32_exact_perm,39-7-12-58-59-72-22-78-44-62-81-68-18-51-45-27-87-88-69-9-33-83-14-60-41-17-29-48-70-73-76-90-30-56-54-31-37-36-57-24-67-23-1-98-40-3-71-55-100-53-46-16-15-91-74-94-50-65-4-43-80-8-28-25-75-19-35-21-11-66-63-6-96-52-89-49-77-2-85-64-42-95-5-99-34-86-93-13-84-10-20-97-32-38-82-26-92-61-79-47
Ta100x20,8,1,100,0.925,0.075,7,2230807264,17000,6630,6481,6084,1.737012126,v2_avx512bw_vec32_exact_perm,39-62-78-28-55-22-12-72-21-87-69-18-36-44-9-76-45-71-88-33-82-25-27-83-90-43-56-67-70-35-58-14-15-7-86-10-52-91-89-100-30-24-77-65-31-5-41-29-53-66-11-19-48-51-50-54-8-81-3-68-59-79-80-93-92-85-6-16-63-49-73-61-40-4-1-2-23-75-64-99-57-96-37-46-98-74-17-97-32-60-13-38-47-42-34-95-84-94-20-26
Ta100x20,8,1,100,0.925,0.075,8,2230808273,17000,6658,6481,6084,1.877462224,v2_avx512bw_vec32_exact_perm,39-28-44-56-59-51-1-4-91-72-12-69-67-78-45-14-83-24-97-62-68-81-22-17-6-70-74-90-29-8-43-5-3-31-41-95-49-71-9-57-66-73-50-60-40-30-7-98-63-46-76-23-88-96-2-35-38-27-89-82-25-77-10-21-15-16-36-55-42-52-53-100-87-80-75-64-58-86-93-18-65-48-47-19-85-37-32-84-79-99-61-92-11-33-54-26-13-20-34-94
Ta100x20,8,1,100,0.925,0.075,9,2230809282,17000,6657,6481,6084,1.934129374,v2_avx512bw_vec32_exact_perm,39-62-28-22-72-78-67-90-91-70-93-14-44-59-87-51-56-30-73-69-27-5-29-41-2-36-21-12-18-4-89-9-97-100-68-45-77-40-64-7-35-10-71-75-3-98-15-57-92-52-85-24-82-31-43-42-1-38-63-16-19-74-60-53-17-32-25-80-37-61-6-83-23-81-49-88-55-65-48-11-96-47-8-50-84-66-86-58-34-95-33-26-13-99-46-76-54-79-94-20
Ta100x20,8,1,100,0.925,0.075,10,2230810291,17000,6658,6481,6084,1.932369309,v2_avx512bw_vec32_exact_perm,39-28-78-1-90-22-69-87-55-29-30-44-70-71-56-67-72-2-45-93-9-24-48-37-68-25-51-14-35-74-59-31-98-60-7-23-50-17-6-33-62-73-19-27-5-81-100-46-10-89-36-91-64-84-32-63-18-40-21-41-42-12-88-76-4-16-49-52-83-96-53-80-11-58-75-8-82-94-65-86-77-66-57-15-99-54-3-43-61-13-95-38-85-79-26-20-34-47-92-97
Ta100x20,8,1,100,0.925,0.1,1,2230801210,17000,6692,6481,6084,1.527076961,v2_avx512bw_vec32_exact_perm,39-78-44-94-87-36-56-67-68-6-59-12-45-62-15-72-22-14-3-70-7-29-81-41-32-73-57-71-30-27-19-98-51-50-90-31-77-88-54-48-37-9-1-83-2-69-60-42-84-28-46-58-17-21-16-25-93-49-86-10-53-23-35-76-11-89-52-5-40-65-91-24-82-80-79-96-26-92-4-64-85-75-63-99-18-38-33-43-100-61-8-34-95-66-74-13-20-47-55-97
Ta100x20,8,1,100,0.925,0.1,2,2230802219,17000,6610,6481,6084,1.42181327,v2_avx512bw_vec32_exact_perm,39-22-78-44-56-67-62-72-45-82-6-10-41-70-5-2-3-51-71-14-36-58-64-40-31-93-90-18-69-30-89-29-73-8-59-96-100-24-9-7-35-48-88-98-75-27-4-55-46-77-83-1-53-57-87-76-66-61-28-84-21-80-74-37-25-12-19-52-63-54-92-43-50-32-15-33-68-85-49-11-23-81-38-16-79-65-91-34-42-99-95-17-94-60-13-86-47-26-20-97
Ta100x20,8,1,100,0.925,0.1,3,2230803228,17000,6713,6481,6084,1.490903934,v2_avx512bw_vec32_exact_perm,39-78-44-51-28-22-25-12-56-71-31-7-57-62-68-27-4-32-50-1-83-72-24-69-2-87-53-59-9-93-18-58-91-29-60-74-90-48-70-81-5-89-3-11-77-6-19-14-73-15-97-33-96-40-38-21-88-30-75-82-23-10-80-35-76-49-8-43-37-42-84-52-41-85-100-63-99-26-54-86-67-36-16-13-17-46-61-79-65-98-45-95-55-66-92-64-34-94-20-47
Ta100x20,8,1,100,0.925,0.1,4,2230804237,17000,6707,6481,6084,1.507817821,v2_avx512bw_vec32_exact_perm,62-78-31-67-51-39-5-12-28-72-90-25-9-7-59-56-33-73-41-22-18-69-14-70-32-71-83-87-27-29-40-91-1-3-54-57-99-24-15-36-10-8-44-74-19-75-21-42-81-48-30-63-68-88-96-53-77-35-17-6-65-11-58-80-85-52-79-61-4-2-34-100-93-45-95-50-89-16-49-98-38-13-46-76-60-84-66-86-64-37-55-92-26-43-23-47-97-82-94-20
Ta100x20,8,1,100,0.925,0.1,5,2230805246,17000,6622,6481,6084,1.689660179,v2_avx512bw_vec32_exact_perm,39-62-78-68-72-67-22-66-41-36-1-57-89-12-73-5-100-71-18-90-51-59-56-93-28-31-24-7-83-15-45-91-60-29-6-87-70-65-48-19-69-76-16-86-88-2-14-3-44-98-40-50-54-58-46-82-85-17-37-9-49-42-27-30-4-77-35-75-33-80-74-81-43-52-84-32-38-21-10-25-63-55-53-79-61-8-11-26-96-97-92-95-23-47-64-94-99-13-34-20
Ta100x20,8,1,100,0.925,0.1,6,2230806255,17000,6648,6481,6084,1.378232837,v2_avx512bw_vec32_exact_perm,39-87-78-72-67-12-58-51-14-28-90-31-64-68-29-83-70-74-1-63-45-69-81-56-46-76-65-7-25-22-17-18-33-43-55-62-36-41-44-8-73-5-35-91-57-71-24-40-52-98-100-75-30-4-93-80-34-27-79-61-6-13-9-38-77-82-54-42-10-16-23-50-53-59-92-60-94-19-48-11-89-88-96-99-2-3-37-95-49-86-66-15-21-85-84-32-97-26-20-47
Ta100x20,8,1,100,0.925,0.1,7,2230807264,17000,6677,6481,6084,1.387571946,v2_avx512bw_vec32_exact_perm,32-18-29-12-28-90-68-62-76-51-25-72-22-36-55-93-4-3-44-70-31-71-78-5-7-67-57-91-1-69-19-15-74-9-41-81-53-88-50-10-45-27-61-58-14-30-75-40-46-82-6-63-99-43-89-33-48-87-83-73-11-60-24-85-38-39-2-37-52-94-84-95-59-8-49-100-56-16-80-79-86-77-21-98-96-23-65-97-92-42-17-26-64-47-13-54-35-66-34-20
Ta100x20,8,1,100,0.925,0.1,8,2230808273,17000,6615,6481,6084,1.428602294,v2_avx512bw_vec32_exact_perm,39-62-7-72-44-69-9-74-67-56-87-18-51-70-71-59-76-49-41-28-98-15-45-100-5-89-1-30-90-78-88-55-31-36-21-16-12-66-29-68-65-83-57-3-97-63-48-73-40-27-14-75-10-24-33-91-25-81-19-84-93-32-2-82-4-60-22-8-52-92-11-61-77-50-17-86-80-6-38-53-54-58-85-35-23-43-94-96-46-13-37-79-64-42-99-95-34-47-26-20
Ta100x20,8,1,100,0.925,0.1,9,2230809282,17000,6721,6481,6084,1.353743562,v2_avx512bw_vec32_exact_perm,28-90-78-44-73-4-19-10-62-59-87-51-45-69-71-36-96-35-29-64-12-70-7-72-18-25-22-33-82-88-15-41-76-39-30-68-5-100-3-53-91-31-27-50-23-94-14-84-83-52-48-89-81-65-9-6-66-46-56-92-40-16-93-1-58-61-43-13-17-8-24-85-79-98-67-21-54-80-11-60-77-49-63-38-99-75-57-2-42-95-74-37-86-32-34-20-97-47-26-55
Ta100x20,8,1,100,0.925,0.1,10,2230810291,17000,6673,6481,6084,1.433822301,v2_avx512bw_vec32_exact_perm,39-22-78-62-69-71-44-32-70-67-46-24-7-68-100-31-66-30-28-90-36-9-29-25-12-53-63-2-58-5-87-45-27-83-50-72-1-89-77-17-56-91-59-4-81-95-34-48-73-60-51-19-65-18-40-88-82-3-14-15-75-98-41-76-79-35-93-54-38-86-52-33-23-84-21-11-85-43-8-49-80-96-37-92-10-16-57-94-61-6-26-13-55-99-42-74-64-20-47-97
Ta100x20,8,1,100,0.925,0.125,1,2230801210,17000,6633,6481,6084,1.575324826,v2_avx512bw_vec32_exact_perm,39-73-78-12-69-28-4-90-91-72-45-67-60-88-29-81-59-70-14-44-62-71-36-31-77-15-35-3-98-56-74-8-41-50-1-22-9-68-100-7-25-57-82-52-19-23-6-10-75-16-63-40-65-24-30-32-38-84-48-37-5-51-89-18-21-49-96-93-53-42-87-33-2-34-95-17-83-27-94-99-61-79-80-11-58-85-46-76-55-43-86-66-64-92-54-47-13-26-20-97
Ta100x20,8,1,100,0.925,0.125,2,2230802219,17000,6729,6481,6084,1.39947526,v2_avx512bw_vec32_exact_perm,73-44-10-58-74-87-39-8-28-62-72-31-45-70-14-56-22-71-93-54-96-53-5-100-91-35-63-68-25-59-21-78-86-24-67-29-52-37-57-84-99-77-7-69-3-12-83-81-65-41-75-19-30-36-51-1-15-4-49-48-64-50-33-42-89-97-18-9-27-6-40-82-38-13-16-79-88-80-98-60-92-76-11-46-17-26-55-66-95-90-85-43-23-20-47-32-2-61-34-94
Ta100x20,8,1,100,0.925,0.125,3,2230803228,17000,6635,6481,6084,1.510681817,v2_avx512bw_vec32_exact_perm,39-87-78-81-22-71-72-44-67-91-19-51-27-62-36-64-69-68-12-58-7-98-74-33-31-70-18-41-56-47-40-1-93-65-50-88-89-2-37-45-9-14-82-29-24-23-99-90-25-3-76-4-57-30-5-38-6-73-35-43-75-53-15-28-63-55-77-85-16-17-100-94-80-49-21-8-11-54-42-84-52-59-60-83-86-46-48-20-10-92-97-32-66-61-26-96-34-95-13-79
Ta100x20,8,1,100,0.925,0.125,4,2230804237,17000,6700,6481,6084,1.433950566,v2_avx512bw_vec32_exact_perm,39-22-87-36-28-68-44-51-14-74-17-62-91-56-37-6-31-61-1-24-71-2-78-54-83-18-19-75-41-70-97-72-77-69-9-88-59-4-48-3-29-27-57-81-66-73-67-5-53-10-8-93-33-79-12-58-50-11-45-16-42-63-49-25-96-7-52-89-100-30-99-38-40-35-43-21-15-98-46-92-76-65-85-82-80-84-23-95-13-64-55-90-32-26-34-94-60-86-47-20
Ta100x20,8,1,100,0.925,0.125,5,2230805246,17000,6659,6481,6084,1.405950639,v2_avx512bw_vec32_exact_perm,39-62-78-41-72-67-90-18-56-87-69-91-31-36-59-71-1-37-10-25-55-51-68-48-83-24-29-12-100-30-63-22-76-15-45-11-65-3-9-7-94-44-88-70-53-52-49-4-75-8-28-16-14-5-38-81-77-82-96-35-66-40-50-6-33-89-64-93-79-98-17-73-61-43-19-27-58-85-46-86-60-42-2-32-54-21-84-80-23-95-57-74-99-13-20-97-26-34-92-47
Ta100x20,8,1,100,0.925,0.125,6,2230806255,17000,6642,6481,6084,1.444599941,v2_avx512bw_vec32_exact_perm,39-62-87-78-14-22-71-69-81-44-72-12-18-29-74-10-75-67-91-51-59-35-24-47-25-19-83-1-68-64-36-90-73-7-23-5-57-16-40-45-41-17-27-93-37-9-95-4-30-56-97-53-21-49-88-70-31-98-58-28-46-100-52-8-42-76-15-6-55-66-85-80-84-50-2-32-63-77-82-11-89-86-60-38-54-3-48-96-33-26-92-65-34-94-43-20-13-99-61-79
Ta100x20,8,1,100,0.925,0.125,7,2230807264,17000,6665,6481,6084,1.599900205,v2_avx512bw_vec32_exact_perm,39-97-72-44-4-67-9-58-1-69-77-30-90-56-78-99-68-25-14-51-59-29-31-64-7-23-18-73-66-36-87-43-33-75-22-6-41-50-19-12-21-70-88-98-83-27-40-37-32-10-48-57-94-71-45-8-74-17-89-62-16-24-2-100-15-5-81-52-55-42-65-35-28-11-49-79-85-63-95-53-46-76-61-80-86-3-60-93-96-38-92-54-82-13-84-91-47-26-34-20
Ta100x20,8,1,100,0.925,0.125,8,2230808273,17000,6666,6481,6084,1.37448163,v2_avx512bw_vec32_exact_perm,28-78-31-44-7-25-55-62-29-15-12-73-72-69-67-71-57-4-18-3-48-39-14-52-90-87-5-70-91-22-50-81-42-43-24-10-19-1-66-21-33-86-49-58-74-64-6-68-63-75-41-99-34-53-45-82-9-88-27-37-56-2-85-65-80-89-36-96-32-30-38-16-83-93-98-17-60-77-100-8-54-51-61-40-13-46-76-59-35-79-84-26-92-94-23-11-95-47-97-20
Ta100x20,8,1,100,0.925,0.125,9,2230809282,17000,6646,6481,6084,1.310695274,v2_avx512bw_vec32_exact_perm,39-18-32-3-78-71-59-14-9-29-10-28-72-12-90-91-50-74-31-70-69-87-56-96-7-27-83-62-22-44-82-99-4-48-24-15-57-68-76-25-45-73-60-21-81-46-19-6-75-54-40-80-1-5-64-38-36-89-16-30-53-94-85-93-17-79-35-49-92-33-98-43-23-65-84-51-67-8-63-77-88-86-58-52-61-100-41-37-11-66-55-13-26-95-2-20-97-42-34-47
Ta100x20,8,1,100,0.925,0.125,10,2230810291,17000,6671,6481,6084,1.217393028,v2_avx512bw_vec32_exact_perm,97-4-78-39-72-22-44-71-36-67-60-14-83-91-5-31-24-70-73-45-62-19-81-93-87-77-2-56-96-1-57-3-12-7-41-89-88-69-17-28-90-64-75-100-16-8-48-86-51-68-29-80-11-9-76-23-27-66-35-6-63-18-54-82-53-25-38-43-50-33-65-84-30-49-61-74-52-79-37-10-98-58-99-85-59-40-21-46-26-13-15-95-55-32-47-42-34-92-94-20
Ta100x20,8,1,100,0.9625,0.025,1,2230801210,17000,6642,6481,6084,1.557100662,v2_avx512bw_vec32_exact_perm,39-62-94-22-87-72-59-68-28-74-90-81-9-14-10-45-83-29-70-27-33-41-58-5-91-73-36-12-8-17-25-7-56-98-50-2-31-35-77-1-69-78-86-53-88-60-19-67-66-93-44-57-84-48-65-24-18-21-4-40-100-16-63-46-71-76-85-30-89-43-82-52-51-80-75-15-3-6-11-49-42-32-96-92-38-13-64-23-37-97-99-79-61-95-54-55-47-26-34-20
Ta100x20,8,1,100,0.9625,0.025,2,2230802219,17000,6680,6481,6084,1.460492927,v2_avx512bw_vec32_exact_perm,39-44-94-12-29-22-25-1-62-24-72-10-45-58-75-87-6-59-4-64-68-57-77-90-41-70-56-18-7-67-69-16-8-31-40-35-36-23-54-28-14-19-99-86-50-74-53-66-30-9-5-76-81-46-71-65-88-48-83-63-52-100-15-3-37-84-49-85-73-60-92-91-43-17-51-38-21-27-89-61-98-82-2-93-96-80-95-33-78-11-32-42-97-13-20-79-47-26-55-34
Ta100x20,8,1,100,0.9625,0.025,3,2230803228,17000,6689,6481,6084,1.510863495,v2_avx512bw_vec32_exact_perm,31-22-78-29-59-44-73-32-70-67-23-7-72-1-33-12-68-83-91-69-9-71-14-5-58-15-30-56-35-74-6-46-76-89-25-17-90-51-80-18-75-62-64-36-82-81-10-48-87-100-41-3-63-19-93-16-57-37-11-55-24-45-96-88-77-86-52-43-4-38-53-49-28-50-79-65-85-42-98-21-84-8-27-40-47-60-99-2-61-92-39-54-66-34-95-13-94-20-97-26
Ta100x20,8,1,100,0.9625,0.025,4,2230804237,17000,6630,6481,6084,1.430111225,v2_avx512bw_vec32_exact_perm,39-22-7-90-62-72-78-6-73-98-87-45-51-59-44-24-69-96-1-35-71-57-15-14-3-29-27-33-9-48-56-67-93-10-21-81-36-31-60-80-68-70-54-83-40-52-49-37-25-82-65-12-94-50-5-75-30-46-4-95-91-17-89-100-26-41-86-88-19-58-84-99-11-18-32-28-23-85-63-77-16-43-53-55-66-92-8-61-38-76-42-79-64-13-2-34-74-20-97-47
Ta100x20,8,1,100,0.9625,0.025,5,2230805246,17000,6657,6481,6084,1.515347518,v2_avx512bw_vec32_exact_perm,39-62-72-67-78-12-73-32-30-70-69-71-44-4-22-1-100-35-36-54-24-45-87-7-56-18-17-94-57-29-27-90-52-91-68-95-98-23-83-93-5-89-97-43-3-96-37-10-28-25-51-41-76-19-48-15-33-99-21-14-9-38-75-16-88-49-26-60-86-53-80-31-46-40-82-66-81-65-50-2-63-42-64-84-77-13-58-79-6-61-8-92-11-85-59-74-55-47-34-20
Ta100x20,8,1,100,0.9625,0.025,6,2230806255,17000,6701,6481,6084,1.464147143,v2_avx512bw_vec32_exact_perm,28-10-91-72-45-58-31-70-93-29-1-4-44-59-8-60-74-62-7-9-25-90-83-52-22-14-39-21-50-69-66-81-43-87-41-36-73-56-57-15-24-71-16-49-5-17-95-67-65-51-88-75-46-33-76-30-100-63-89-64-77-99-2-35-23-27-40-37-98-12-3-78-42-97-79-80-6-54-38-82-85-55-26-53-61-11-86-68-92-18-19-32-84-48-20-13-96-94-34-47
Ta100x20,8,1,100,0.9625,0.025,7,2230807264,17000,6653,6481,6084,1.469905289,v2_avx512bw_vec32_exact_perm,39-62-41-78-81-12-72-44-3-34-71-69-9-45-56-31-27-95-28-66-7-4-64-22-88-82-70-25-14-30-36-90-73-5-18-55-38-32-23-67-48-57-52-83-89-93-17-99-50-2-6-74-33-87-63-8-75-1-100-68-59-60-29-91-19-51-16-53-37-61-11-77-10-49-24-97-40-85-15-92-98-58-43-80-26-96-35-79-65-86-46-76-42-13-54-21-84-94-20-47
Ta100x20,8,1,100,0.9625,0.025,8,2230808273,17000,6715,6481,6084,1.424367598,v2_avx512bw_vec32_exact_perm,39-28-59-44-62-56-71-36-90-67-72-45-83-78-69-12-87-14-2-94-73-70-25-7-17-9-35-88-95-10-93-66-33-58-22-50-18-6-4-49-76-30-5-43-68-100-19-3-48-24-42-1-55-29-8-91-81-27-57-41-52-15-99-75-40-51-80-23-16-63-64-77-86-65-37-31-11-82-53-46-13-85-84-54-21-32-61-38-92-96-79-98-89-97-60-74-34-26-20-47
Ta100x20,8,1,100,0.9625,0.025,9,2230809282,17000,6680,6481,6084,1.45043161,v2_avx512bw_vec32_exact_perm,62-78-41-72-59-87-39-10-21-60-40-69-22-64-71-9-29-90-18-83-93-12-73-45-14-70-56-27-67-1-63-91-51-5-24-44-100-31-7-95-3-98-74-28-66-85-97-15-19-76-48-50-4-2-81-49-35-53-52-68-25-79-65-82-80-57-23-88-16-43-89-33-11-96-38-30-77-37-61-6-36-55-94-75-8-17-46-13-32-84-58-34-92-26-99-42-54-86-20-47
Ta100x20,8,1,100,0.9625,0.025,10,2230810291,17000,6657,6481,6084,1.440581378,v2_avx512bw_vec32_exact_perm,39-3-72-69-87-95-41-78-44-4-62-12-56-29-6-24-71-76-59-98-70-45-30-5-9-28-22-74-90-50-19-7-81-91-27-11-31-37-23-1-49-73-35-36-15-55-75-14-88-68-67-96-48-79-33-52-100-94-83-16-64-93-10-51-63-89-25-18-77-40-17-99-57-53-65-21-46-61-82-85-58-84-80-60-92-54-43-38-8-2-66-42-97-32-13-34-86-26-20-47
Ta100x20,8,1,100,0.9625,0.05,1,2230801210,17000,6614,6481,6084,1.469915423,v2_avx512bw_vec32_exact_perm,39-62-7-72-31-44-56-45-14-10-91-87-70-12-58-40-6-18-67-33-29-27-32-4-78-22-30-77-65-35-19-88-51-1-71-100-68-36-90-86-3-69-75-8-48-41-81-63-57-93-54-82-96-43-24-5-89-28-73-64-52-83-79-38-16-98-23-53-74-50-94-59-15-9-2-95-66-25-17-80-76-49-13-60-84-21-37-99-61-55-85-11-46-97-92-47-42-34-26-20
Ta100x20,8,1,100,0.9625,0.05,2,2230802219,17000,6695,6481,6084,1.404670565,v2_avx512bw_vec32_exact_perm,39-62-29-59-58-87-81-44-72-96-3-36-48-60-71-56-17-64-4-77-10-31-50-45-69-1-99-57-97-70-28-93-89-52-83-27-15-91-51-73-54-53-18-24-100-30-5-66-38-88-67-37-49-7-6-90-61-22-16-76-46-80-86-68-40-35-19-43-82-14-41-75-8-63-11-9-79-23-33-21-98-25-78-85-95-84-12-26-55-65-2-74-32-13-47-42-34-92-94-20
Ta100x20,8,1,100,0.9625,0.05,3,2230803228,17000,6661,6481,6084,1.428571267,v2_avx512bw_vec32_exact_perm,39-62-78-69-31-68-9-56-67-72-45-59-51-5-28-90-29-3-14-15-44-12-82-91-70-58-98-22-7-87-25-88-81-24-95-53-83-77-75-52-37-10-65-30-36-49-71-89-18-57-1-66-21-41-61-76-85-11-60-17-33-93-19-50-94-74-4-64-73-43-63-27-96-48-42-84-8-46-100-80-23-16-40-6-54-35-38-55-26-99-92-86-2-32-97-34-13-79-20-47
Ta100x20,8,1,100,0.9625,0.05,4,2230804237,17000,6635,6481,6084,1.416520355,v2_avx512bw_vec32_exact_perm,39-28-72-81-31-87-44-70-62-68-41-56-67-59-57-78-71-10-85-1-100-91-73-58-89-25-33-15-50-5-14-9-29-30-54-69-24-12-76-48-90-83-36-27-35-88-96-7-4-49-80-6-22-93-45-18-95-52-60-40-53-37-21-19-61-94-11-82-23-2-86-3-77-75-63-51-55-16-17-43-32-38-42-64-98-74-13-65-84-99-8-34-92-66-79-46-47-97-20-26
Ta100x20,8,1,100,0.9625,0.05,5,2230805246,17000,6646,6481,6084,1.471284218,v2_avx512bw_vec32_exact_perm,39-62-87-78-72-67-70-91-18-7-29-44-73-5-22-36-27-65-16-83-81-51-59-40-46-37-71-1-57-68-100-41-14-31-56-12-66-76-96-30-69-45-93-35-75-55-6-52-15-24-2-97-32-48-4-38-25-50-17-82-90-88-64-89-49-21-98-3-43-23-28-53-86-9-8-85-77-10-58-84-63-74-19-61-11-60-79-80-20-92-54-33-26-99-34-42-95-13-94-47
Ta100x20,8,1,100,0.9625,0.05,6,2230806255,17000,6641,6481,6084,1.388578846,v2_avx512bw_vec32_exact_perm,73-22-72-28-62-78-44-90-12-58-68-25-4-69-45-14-87-7-70-64-88-9-53-75-71-81-91-51-59-96-83-18-93-39-33-24-5-40-6-8-94-29-16-36-31-56-77-2-3-37-84-65-35-42-1-49-97-50-19-86-98-48-10-23-57-52-74-67-15-100-63-85-92-41-43-89-99-60-79-80-95-30-38-76-54-46-82-21-61-11-17-27-32-66-47-13-34-55-26-20
Ta100x20,8,1,100,0.9625,0.05,7,2230807264,17000,6687,6481,6084,1.47708518,v2_avx512bw_vec32_exact_perm,39-62-87-78-54-44-74-67-46-14-72-36-22-71-73-64-7-9-41-69-40-18-17-31-88-90-29-70-58-1-35-59-12-42-100-53-97-89-96-3-48-56-16-63-51-93-5-68-86-76-45-91-84-21-15-2-25-27-4-50-30-57-6-99-77-19-33-24-82-83-8-75-49-81-80-60-28-65-52-23-43-61-79-98-32-92-38-13-10-85-11-37-95-55-66-20-34-94-47-26
Ta100x20,8,1,100,0.9625,0.05,8,2230808273,17000,6691,6481,6084,1.463057168,v2_avx512bw_vec32_exact_perm,39-28-78-67-72-12-22-7-91-18-29-54-73-96-35-14-24-44-83-68-56-62-74-87-100-98-65-43-70-10-71-88-58-31-36-27-5-3-4-50-40-59-6-66-81-16-46-45-93-19-84-77-99-75-37-41-30-9-69-55-25-51-38-53-82-80-15-85-76-60-1-90-33-57-42-21-52-63-17-8-49-64-20-48-2-92-61-89-11-34-23-13-95-47-26-86-97-32-79-94
Ta100x20,8,1,100,0.9625,0.05,9,2230809282,17000,6725,6481,6084,1.418460444,v2_avx512bw_vec32_exact_perm,73-59-62-91-69-22-71-51-72-45-81-56-15-67-78-83-9-14-96-41-58-5-93-7-60-90-31-44-30-74-33-77-57-4-88-50-6-17-10-87-39-54-53-36-18-65-70-29-48-19-75-25-82-35-2-24-8-12-37-13-3-46-40-52-43-79-89-68-64-61-49-84-32-80-11-95-99-23-1-63-27-100-97-42-38-76-55-66-16-92-98-85-28-21-86-94-34-47-26-20
Ta100x20,8,1,100,0.9625,0.05,10,2230810291,17000,6716,6481,6084,1.38903501,v2_avx512bw_vec32_exact_perm,78-28-72-59-44-22-73-36-31-1-51-12-45-3-63-56-96-19-64-69-7-91-4-74-16-29-9-90-43-83-93-67-14-10-58-25-87-75-6-33-30-77-88-5-70-81-53-60-48-38-41-62-40-37-92-23-2-35-27-57-71-15-24-18-49-66-100-98-50-86-39-61-65-52-47-13-46-76-8-54-82-17-85-11-68-21-97-79-42-84-80-95-55-26-32-89-99-34-94-20
Ta100x20,8,1,100,0.9625,0.075,1,2230801210,17000,6645,6481,6084,1.486655881,v2_avx512bw_vec32_exact_perm,39-62-28-72-10-58-12-29-90-18-74-78-14-19-44-71-56-67-6-51-66-25-68-73-4-59-70-93-45-31-50-69-3-5-27-86-49-81-9-60-48-33-88-96-83-75-35-2-87-7-15-11-23-1-36-40-52-53-64-22-37-77-41-17-57-99-94-63-84-34-8-76-65-85-82-46-100-91-24-21-98-42-97-92-16-61-80-89-13-43-30-95-38-55-32-47-26-54-79-20
Ta100x20,8,1,100,0.9625,0.075,2,2230802219,17000,6582,6481,6084,1.455119877,v2_avx512bw_vec32_exact_perm,39-97-90-87-78-62-18-56-22-76-59-72-83-81-68-45-14-28-99-64-89-12-73-100-41-19-36-3-69-67-66-96-5-29-53-15-88-70-1-58-21-7-54-31-57-52-71-25-49-44-24-40-16-84-91-51-17-35-2-93-55-80-50-6-98-32-38-85-82-30-63-27-42-9-33-11-75-46-37-95-10-48-23-60-47-86-8-34-77-65-13-43-61-79-4-74-92-94-20-26
Ta100x20,8,1,100,0.9625,0.075,3,2230803228,17000,6649,6481,6084,1.489790619,v2_avx512bw_vec32_exact_perm,39-87-22-72-78-71-14-31-36-68-67-32-3-12-90-64-7-69-83-56-59-30-93-44-41-45-29-51-74-54-17-70-4-1-62-58-50-95-19-43-88-96-24-33-37-81-28-53-23-27-5-47-84-52-21-8-86-77-49-73-80-55-38-100-16-66-11-61-89-18-57-82-75-91-6-63-98-76-25-9-48-2-40-65-35-46-79-10-92-26-99-13-15-85-60-34-94-42-20-97
Ta100x20,8,1,100,0.9625,0.075,4,2230804237,17000,6679,6481,6084,1.404777367,v2_avx512bw_vec32_exact_perm,62-78-73-67-14-44-90-31-70-35-39-72-29-71-22-25-1-83-58-12-56-64-7-69-76-15-41-17-36-5-3-65-40-30-49-51-6-89-10-48-84-52-24-45-91-8-4-50-59-86-88-27-77-81-87-54-38-53-46-9-21-42-18-74-68-33-82-85-28-37-23-60-98-75-57-19-93-100-94-96-43-80-92-61-11-79-95-16-47-13-2-63-55-26-99-32-34-66-20-97
Ta100x20,8,1,100,0.9625,0.075,5,2230805246,17000,6657,6481,6084,1.549646197,v2_avx512bw_vec32_exact_perm,39-62-78-12-58-1-56-15-7-72-22-91-76-44-2-87-25-51-68-69-83-67-93-70-81-52-45-14-28-9-27-33-29-65-31-97-88-36-75-35-57-71-53-37-98-10-23-77-3-50-99-100-5-73-43-59-48-89-4-30-60-61-19-6-24-85-40-41-49-80-16-96-74-46-21-63-82-18-90-95-13-38-42-64-79-92-84-94-54-8-11-17-86-55-32-66-34-26-20-47
Ta100x20,8,1,100,0.9625,0.075,6,2230806255,17000,6650,6481,6084,1.416911648,v2_avx512bw_vec32_exact_perm,39-28-54-29-71-59-12-22-62-14-7-44-72-76-2-25-87-9-69-68-40-58-70-1-18-24-56-27-90-82-33-45-99-88-78-81-95-41-85-17-73-61-100-6-80-67-46-42-83-31-3-36-52-55-11-75-35-53-93-8-43-50-65-4-96-48-51-98-49-23-84-37-57-77-15-32-38-91-63-16-79-30-74-5-89-60-21-19-47-64-66-86-34-10-13-97-92-94-26-20
Ta100x20,8,1,100,0.9625,0.075,7,2230807264,17000,6672,6481,6084,1.464152098,v2_avx512bw_vec32_exact_perm,39-62-73-22-12-74-68-59-72-67-69-15-87-32-29-70-44-58-18-28-93-71-2-78-14-19-8-27-36-3-21-54-56-99-49-51-1-45-7-31-100-35-83-41-88-9-50-53-5-66-96-90-85-81-46-40-48-63-24-76-89-30-10-25-65-57-16-17-23-77-33-82-98-75-92-80-84-52-11-60-61-95-38-37-6-55-13-64-43-42-4-97-79-47-91-86-94-26-34-20
Ta100x20,8,1,100,0.9625,0.075,8,2230808273,17000,6656,6481,6084,1.456680263,v2_avx512bw_vec32_exact_perm,39-28-10-78-12-62-30-72-36-31-56-67-4-83-87-60-45-74-55-27-14-99-24-90-44-29-32-22-51-18-68-25-75-53-7-9-5-15-66-76-1-69-21-91-86-73-70-93-17-23-59-52-63-16-100-41-19-40-64-71-11-89-33-43-35-46-50-6-54-38-82-98-58-79-3-8-61-48-81-80-88-84-37-77-2-65-42-13-96-97-57-49-95-85-34-92-94-20-47-26
Ta100x20,8,1,100,0.9625,0.075,9,2230809282,17000,6686,6481,6084,1.486440604,v2_avx512bw_vec32_exact_perm,39-28-78-31-44-74-72-59-87-41-73-56-90-29-67-93-69-96-14-10-27-83-91-71-76-62-45-6-22-51-64-63-9-58-25-1-7-15-32-38-16-40-65-24-17-42-18-85-12-19-37-88-53-4-49-35-48-81-52-89-70-43-21-5-66-50-86-11-75-30-47-68-60-46-8-36-84-82-26-54-57-98-3-34-2-23-95-80-100-97-61-92-13-99-20-77-33-55-79-94
Ta100x20,8,1,100,0.9625,0.075,10,2230810291,17000,6711,6481,6084,1.392959172,v2_avx512bw_vec32_exact_perm,78-18-28-69-39-29-90-67-12-91-37-43-51-70-87-1-68-53-75-83-62-71-38-76-4-31-57-44-48-81-23-14-59-73-72-49-41-77-33-3-9-63-88-25-19-5-58-64-6-74-55-89-30-45-15-80-17-36-56-16-98-22-32-21-2-66-35-27-24-13-100-84-8-34-93-61-7-65-42-52-10-50-95-99-40-85-86-82-26-46-11-54-92-60-79-94-96-47-97-20
Ta100x20,8,1,100,0.9625,0.1,1,2230801210,17000,6625,6481,6084,1.51892534,v2_avx512bw_vec32_exact_perm,39-87-72-44-22-68-62-25-7-12-45-88-4-59-77-94-69-15-30-67-57-78-14-66-1-29-6-90-10-50-91-81-49-70-3-41-73-84-56-28-8-93-17-35-27-36-9-98-75-52-100-46-63-71-40-76-19-21-11-89-18-43-58-65-24-33-31-16-61-74-13-96-51-55-48-37-34-86-53-23-99-83-5-64-38-2-95-32-82-80-54-92-42-97-85-60-79-26-20-47
Ta100x20,8,1,100,0.9625,0.1,2,2230802219,17000,6765,6481,6084,1.407658643,v2_avx512bw_vec32_exact_perm,39-28-10-72-51-36-59-97-87-70-64-29-71-78-7-62-44-90-57-84-94-58-25-69-24-31-5-6-48-15-93-98-22-14-19-45-12-56-73-33-27-89-40-9-74-18-21-1-2-35-63-23-68-88-83-81-77-53-76-65-3-99-100-80-50-49-86-16-79-4-60-82-8-42-41-96-75-11-54-30-52-38-66-92-67-61-17-37-26-85-43-20-13-46-55-32-91-95-34-47
Ta100x20,8,1,100,0.9625,0.1,3,2230803228,17000,6659,6481,6084,1.43943698,v2_avx512bw_vec32_exact_perm,39-28-69-31-77-68-72-78-30-12-22-24-90-71-44-33-36-29-43-3-65-73-5-83-27-62-41-70-14-87-56-40-6-18-9-94-91-58-50-4-1-61-74-15-53-45-63-17-8-93-97-19-100-85-89-64-7-52-98-80-67-60-75-66-81-23-10-25-57-21-59-51-55-49-16-88-86-82-11-96-35-38-92-99-37-46-76-13-79-26-54-32-84-2-34-48-95-42-20-47
Ta100x20,8,1,100,0.9625,0.1,4,2230804237,17000,6674,6481,6084,1.493214232,v2_avx512bw_vec32_exact_perm,39-78-67-72-12-62-22-59-87-56-51-76-71-36-98-3-69-44-96-43-58-48-88-15-1-7-45-5-81-41-9-8-29-74-70-17-90-25-35-68-52-57-6-89-24-19-73-91-18-40-27-93-82-80-95-63-53-31-77-16-83-33-14-38-86-28-64-49-66-100-65-4-30-21-61-85-11-54-60-55-32-79-46-23-10-2-50-75-99-92-13-94-84-37-47-42-34-97-26-20
Ta100x20,8,1,100,0.9625,0.1,5,2230805246,17000,6685,6481,6084,1.509062878,v2_avx512bw_vec32_exact_perm,39-28-10-62-83-87-78-31-12-56-1-74-69-44-73-97-51-59-43-71-22-70-5-18-40-88-24-37-75-30-72-49-45-81-14-68-29-9-3-36-90-91-67-25-20-93-53-16-63-66-52-23-35-7-86-27-57-80-41-76-96-19-6-46-42-85-60-21-32-34-4-15-89-17-54-48-95-99-100-38-8-61-50-2-82-79-13-65-11-84-64-58-98-77-33-26-55-92-94-47
Ta100x20,8,1,100,0.9625,0.1,6,2230806255,17000,6742,6481,6084,1.425615953,v2_avx512bw_vec32_exact_perm,67-36-68-10-44-9-74-71-7-62-3-70-78-72-6-18-83-40-12-73-59-87-57-42-27-29-89-5-14-31-56-39-24-35-28-91-88-22-53-82-96-37-11-45-52-4-75-19-50-43-16-65-33-61-81-100-97-93-98-51-38-99-84-48-69-21-64-80-90-85-2-92-60-63-25-58-86-49-41-77-15-76-17-30-8-46-32-54-23-79-1-66-55-13-26-95-94-47-34-20
Ta100x20,8,1,100,0.9625,0.1,7,2230807264,17000,6650,6481,6084,1.426577547,v2_avx512bw_vec32_exact_perm,39-62-47-71-78-44-12-69-3-81-90-29-93-1-10-83-24-32-59-87-7-72-70-14-64-66-19-77-89-88-65-22-67-8-36-55-46-76-48-37-5-53-31-16-57-68-6-9-45-74-41-96-63-40-91-54-18-23-33-100-30-52-50-79-98-58-73-15-2-85-35-75-27-51-56-17-21-80-25-95-38-28-99-11-82-4-49-60-34-86-26-61-92-13-43-42-84-20-97-94
Ta100x20,8,1,100,0.9625,0.1,8,2230808273,17000,6638,6481,6084,1.470985102,v2_avx512bw_vec32_exact_perm,39-62-78-44-58-87-72-29-90-96-74-73-64-37-31-36-1-69-24-83-27-91-51-67-14-70-4-46-45-41-40-76-99-9-7-25-19-12-56-11-22-18-23-28-49-16-88-59-42-17-3-47-35-53-100-98-71-21-50-5-84-43-97-89-32-48-61-65-80-60-57-86-68-30-77-15-75-52-6-38-82-79-33-8-93-10-63-85-92-54-81-2-66-34-95-13-55-94-26-20
Ta100x20,8,1,100,0.9625,0.1,9,2230809282,17000,6623,6481,6084,1.456626134,v2_avx512bw_vec32_exact_perm,39-87-72-78-44-73-22-18-76-62-12-69-24-59-36-71-45-90-57-31-1-88-82-55-27-14-56-49-67-48-9-15-74-4-41-70-66-2-50-81-52-58-29-7-96-3-100-33-98-75-30-46-8-63-53-17-25-51-43-68-83-28-79-65-35-77-91-60-23-40-37-64-5-94-89-93-99-19-11-84-92-16-10-80-85-61-6-34-38-21-54-32-13-42-95-86-97-26-20-47
Ta100x20,8,1,100,0.9625,0.1,10,2230810291,17000,6616,6481,6084,1.626506056,v2_avx512bw_vec32_exact_perm,39-28-72-18-32-62-78-56-67-71-29-44-59-81-22-70-87-45-40-27-3-4-57-41-12-31-88-5-6-90-68-30-51-36-73-69-24-15-75-1-33-91-9-14-38-25-74-37-99-83-77-89-17-35-60-21-7-10-49-93-96-64-66-2-50-19-86-82-65-11-48-63-16-46-100-76-61-84-53-52-23-47-43-98-58-80-55-26-92-85-95-94-8-34-42-54-97-20-13-79
Ta100x20,8,1,100,0.9625,0.125,1,2230801210,17000,6643,6481,6084,1.85449296,v2_avx512bw_vec32_exact_perm,39-32-87-78-22-72-44-71-67-3-5-74-33-58-6-31-1-70-18-62-7-12-69-42-59-9-64-14-17-68-45-77-35-57-82-2-88-4-27-37-19-30-40-91-51-73-41-25-83-15-89-36-50-98-49-65-24-16-29-56-96-53-48-10-46-76-80-43-85-21-63-84-52-23-28-75-90-86-93-99-8-34-61-100-97-11-95-60-38-13-81-54-55-66-92-79-26-20-94-47
Ta100x20,8,1,100,0.9625,0.125,2,2230802219,17000,6637,6481,6084,1.563189924,v2_avx512bw_vec32_exact_perm,39-22-44-73-12-69-87-56-68-74-67-33-72-8-70-59-28-36-14-19-7-54-62-29-10-24-45-77-41-91-100-99-61-58-83-27-50-81-90-17-88-78-2-37-25-1-65-35-46-42-15-4-3-75-49-6-86-9-48-82-64-57-71-51-89-18-30-5-66-93-47-96-95-40-52-80-53-31-21-85-84-16-63-43-23-11-38-76-55-32-60-13-79-94-26-92-98-34-97-20
Ta100x20,8,1,100,0.9625,0.125,3,2230803228,17000,6683,6481,6084,1.507172537,v2_avx512bw_vec32_exact_perm,39-97-78-44-10-29-69-24-90-18-56-31-3-6-12-67-96-22-7-62-77-15-100-41-45-72-50-42-1-53-9-5-21-66-81-70-59-71-48-95-4-27-38-83-14-82-25-33-64-17-87-91-51-98-49-52-58-11-75-28-8-36-23-16-19-88-60-43-73-40-86-35-2-93-89-84-30-80-76-54-13-46-68-85-92-65-34-20-61-37-32-57-79-99-63-74-55-94-26-47
Ta100x20,8,1,100,0.9625,0.125,4,2230804237,17000,6608,6481,6084,1.52253073,v2_avx512bw_vec32_exact_perm,39-97-78-31-62-12-29-68-45-51-1-59-70-72-7-5-44-22-87-43-56-71-75-67-14-57-24-21-18-55-73-17-6-66-91-4-60-25-40-89-28-93-65-41-98-8-81-38-3-36-82-15-77-19-16-2-64-42-90-35-74-37-9-53-50-33-88-86-47-52-83-11-49-58-30-23-63-76-27-10-85-54-48-100-84-99-69-96-46-92-32-80-13-34-79-61-95-94-20-26
Ta100x20,8,1,100,0.9625,0.125,5,2230805246,17000,6683,6481,6084,1.606702928,v2_avx512bw_vec32_exact_perm,39-94-69-66-58-6-59-62-71-78-81-70-14-9-83-72-21-5-68-44-91-25-22-51-76-86-87-7-18-88-19-27-82-65-29-36-31-90-45-93-16-32-63-67-40-1-56-12-10-48-60-53-96-41-57-73-89-52-38-75-30-77-33-100-8-24-98-23-50-28-11-84-37-80-3-17-15-49-85-43-35-55-42-95-46-79-61-92-13-2-64-47-26-99-4-34-74-54-20-97
Ta100x20,8,1,100,0.9625,0.125,6,2230806255,17000,6617,6481,6084,1.489958544,v2_avx512bw_vec32_exact_perm,39-22-78-44-45-4-31-77-72-67-64-51-24-90-25-29-73-27-91-15-41-70-56-1-53-36-9-69-71-96-62-5-7-58-83-3-14-49-12-68-32-17-76-8-30-75-57-87-18-48-37-40-81-46-66-6-10-42-54-35-88-28-61-82-85-59-43-52-100-50-38-89-21-93-98-95-2-19-23-16-33-11-34-79-99-80-63-60-74-86-47-84-65-97-13-55-92-94-26-20
Ta100x20,8,1,100,0.9625,0.125,7,2230807264,17000,6611,6481,6084,1.544802617,v2_avx512bw_vec32_exact_perm,39-62-56-59-78-28-72-31-44-67-33-36-87-100-29-91-9-71-22-70-60-45-14-69-65-51-73-63-30-27-1-46-83-10-7-50-40-90-64-88-41-58-49-85-81-61-24-2-77-17-35-68-15-76-5-3-42-43-37-94-84-82-93-99-19-25-75-89-12-80-57-52-86-21-23-18-95-48-4-53-96-32-74-13-16-38-6-54-11-55-66-92-79-98-8-34-97-20-47-26
Ta100x20,8,1,100,0.9625,0.125,8,2230808273,17000,6651,6481,6084,1.432906288,v2_avx512bw_vec32_exact_perm,39-62-87-4-72-44-67-22-5-78-56-31-97-12-36-7-70-30-69-3-90-91-81-43-45-41-89-100-88-35-1-49-71-73-29-2-61-51-37-52-27-83-33-9-11-50-68-59-18-21-32-23-98-24-80-75-25-14-58-60-17-93-28-84-19-85-65-34-10-95-63-77-8-57-55-15-48-6-40-16-47-96-66-13-79-46-76-42-53-86-64-99-38-92-54-74-82-94-20-26
Ta100x20,8,1,100,0.9625,0.125,9,2230809282,17000,6653,6481,6084,1.425040741,v2_avx512bw_vec32_exact_perm,87-78-10-72-44-29-12-73-81-70-74-22-18-62-7-39-91-71-59-60-56-51-67-5-31-50-46-69-8-76-40-41-9-14-49-25-84-65-45-4-93-35-88-96-36-28-16-38-53-83-6-92-86-68-1-48-19-52-57-27-94-82-98-21-61-75-15-11-24-97-32-80-63-20-54-17-77-3-23-2-33-89-85-37-64-100-99-34-90-43-66-58-79-13-42-30-95-47-26-55
Ta100x20,8,1,100,0.9625,0.125,10,2230810291,17000,6633,6481,6084,1.364650532,v2_avx512bw_vec32_exact_perm,39-74-59-87-78-4-72-44-3-25-51-1-10-62-29-70-7-31-18-40-52-12-37-100-28-91-6-73-22-8-5-57-41-24-98-45-27-71-32-19-93-90-67-69-23-81-75-33-97-49-9-14-88-58-96-64-47-36-48-15-83-35-53-68-85-43-56-16-50-89-46-86-11-60-66-77-55-63-84-92-80-61-76-26-17-30-54-13-95-65-82-38-21-79-99-42-2-34-94-20
Ta100x20,8,1,100,1,0.025,1,2230801210,17000,6730,6481,6084,1.543906098,v2_avx512bw_vec32_exact_perm,32-56-78-44-94-70-45-62-72-69-67-51-27-5-28-31-83-88-90-50-98-25-87-7-9-29-82-59-1-71-57-14-91-73-12-22-37-40-4-49-16-24-96-21-10-81-48-53-63-97-19-36-55-8-93-76-84-75-30-66-15-11-35-89-77-41-18-17-95-79-52-100-80-58-65-61-43-23-39-64-38-6-42-68-33-3-60-99-26-13-86-85-46-92-2-47-34-54-74-20
Ta100x20,8,1,100,1,0.025,2,2230802219,17000,6682,6481,6084,1.492531527,v2_avx512bw_vec32_exact_perm,97-22-72-29-10-73-59-62-28-12-90-56-44-7-69-83-87-45-70-14-9-98-3-71-57-32-93-19-94-25-68-35-27-24-85-4-76-40-15-51-37-81-52-64-67-18-36-77-41-39-2-8-16-38-23-88-21-82-63-5-95-49-33-31-1-50-42-11-75-17-46-55-58-100-30-53-99-43-66-92-61-89-96-48-84-80-60-74-65-34-86-78-13-54-6-91-79-26-20-47
Ta100x20,8,1,100,1,0.025,3,2230803228,17000,6643,6481,6084,1.731565391,v2_avx512bw_vec32_exact_perm,28-78-72-31-44-58-9-62-87-74-71-69-15-81-59-70-73-91-14-45-68-64-29-24-27-83-12-22-35-43-8-76-7-90-96-48-37-18-49-1-40-51-56-33-89-30-53-65-93-75-63-3-25-100-41-86-19-21-50-98-47-6-23-99-10-36-67-61-85-17-82-77-5-80-54-57-52-92-95-66-55-11-84-32-38-79-16-4-88-2-39-46-42-60-13-94-34-26-20-97
Ta100x20,8,1,100,1,0.025,4,2230804237,17000,6736,6481,6084,1.510276852,v2_avx512bw_vec32_exact_perm,32-74-67-18-37-31-56-78-1-44-72-70-48-69-12-14-22-7-83-9-54-51-71-59-62-36-68-10-58-50-5-39-76-41-38-17-21-2-25-81-29-19-24-99-77-33-91-16-57-53-4-87-27-42-96-3-6-49-45-52-82-8-84-80-40-60-30-93-90-75-15-98-100-35-88-89-65-97-92-23-63-43-73-85-28-95-61-79-13-11-55-46-86-26-20-47-64-66-34-94
Ta100x20,8,1,100,1,0.025,5,2230805246,17000,6667,6481,6084,1.590613637,v2_avx512bw_vec32_exact_perm,62-7-72-44-39-69-22-18-68-66-29-51-10-59-87-77-33-50-32-27-5-81-21-93-96-52-94-57-71-14-19-9-65-3-88-4-78-83-25-53-12-73-91-56-37-23-36-17-76-16-2-48-63-95-35-43-41-75-30-89-100-97-70-80-90-84-74-8-82-60-98-24-86-31-45-1-38-28-11-40-58-64-49-15-13-61-92-54-79-67-46-85-6-55-99-26-42-20-34-47
Ta100x20,8,1,100,1,0.025,6,2230806255,17000,6589,6481,6084,1.75066879,v2_avx512bw_vec32_exact_perm,39-62-78-87-6-72-44-73-5-59-56-31-36-66-68-70-67-35-43-27-76-22-71-64-69-83-3-54-24-99-25-100-94-4-74-45-14-9-19-60-48-52-29-58-97-51-15-2-93-75-50-10-41-57-96-28-33-88-81-90-7-49-98-40-16-53-23-12-18-42-38-1-8-92-17-91-37-84-32-80-21-46-89-85-86-95-77-82-13-65-30-63-61-79-11-55-26-20-47-34
Ta100x20,8,1,100,1,0.025,7,2230807264,17000,6665,6481,6084,1.793121435,v2_avx512bw_vec32_exact_perm,39-62-68-74-7-90-31-12-40-22-8-71-45-43-73-3-69-64-56-70-98-67-4-58-18-57-27-28-9-5-91-83-93-37-41-96-36-29-1-60-53-19-72-78-44-51-48-87-75-14-15-81-82-49-24-94-16-10-23-25-79-63-52-88-86-76-65-85-46-35-17-77-59-80-55-6-38-100-99-30-89-61-33-50-2-54-21-84-66-11-32-13-42-95-34-92-47-26-20-97
Ta100x20,8,1,100,1,0.025,8,2230808273,17000,6672,6481,6084,1.864023563,v2_avx512bw_vec32_exact_perm,39-97-72-22-78-44-90-87-36-83-77-7-64-91-62-12-58-93-14-9-73-56-100-15-5-71-41-76-68-33-25-29-75-2-30-27-51-4-28-88-35-55-23-80-57-89-16-98-45-50-6-31-74-96-10-52-84-59-60-48-69-21-70-24-19-40-99-1-17-49-53-63-95-3-85-38-82-37-67-11-42-54-86-46-18-61-92-13-79-81-8-43-94-65-32-66-34-20-47-26
Ta100x20,8,1,100,1,0.025,9,2230809282,17000,6741,6481,6084,1.7177617,v2_avx512bw_vec32_exact_perm,78-31-67-56-22-4-72-69-39-41-59-87-88-29-10-45-27-14-96-51-5-24-44-21-40-3-54-90-89-30-12-33-93-35-83-26-68-95-57-71-1-63-25-19-6-94-28-70-91-81-52-76-49-16-2-61-43-77-55-7-62-99-80-98-100-66-9-37-58-36-23-8-50-17-53-85-84-82-11-46-75-65-48-86-73-60-18-92-38-64-15-74-97-42-13-32-34-79-47-20
Ta100x20,8,1,100,1,0.025,10,2230810291,17000,6710,6481,6084,1.704731125,v2_avx512bw_vec32_exact_perm,39-28-72-22-78-36-87-10-4-44-14-41-12-73-56-51-90-18-81-7-25-19-67-88-89-31-1-64-100-3-48-58-55-93-70-16-5-57-6-46-71-76-91-96-53-66-15-29-42-17-59-35-69-27-83-30-68-9-33-74-85-50-49-45-37-40-92-52-43-94-8-98-75-63-62-24-65-11-82-23-84-80-77-21-2-61-20-60-95-99-13-26-54-86-97-38-32-47-34-79
Ta100x20,8,1,100,1,0.05,1,2230801210,17000,6644,6481,6084,1.685348464,v2_avx512bw_vec32_exact_perm,39-22-67-12-62-4-58-72-96-45-24-10-15-7-51-44-59-29-87-77-21-49-66-81-88-18-90-75-57-1-71-69-65-31-36-30-53-73-23-56-70-35-27-14-83-3-89-93-9-98-28-78-95-48-63-17-8-52-100-25-41-61-38-2-50-5-76-6-64-82-55-91-11-19-92-85-60-80-37-43-99-68-86-74-40-54-47-16-46-42-84-13-32-79-33-94-26-20-97-34
Ta100x20,8,1,100,1,0.05,2,2230802219,17000,6664,6481,6084,1.532704955,v2_avx512bw_vec32_exact_perm,39-94-60-4-72-44-73-12-69-22-16-70-32-28-62-36-71-18-90-40-67-14-78-33-56-51-29-27-31-88-1-5-23-66-81-75-10-87-57-77-24-37-68-91-49-15-30-45-93-83-9-7-54-98-3-17-74-82-50-65-80-53-8-89-64-25-59-63-76-6-35-48-86-38-79-95-52-13-2-96-19-21-47-100-11-58-41-85-61-43-55-84-34-99-46-42-92-97-26-20
Ta100x20,8,1,100,1,0.05,3,2230803228,17000,6705,6481,6084,1.497483932,v2_avx512bw_vec32_exact_perm,87-44-58-12-73-45-90-62-72-25-69-59-37-51-56-67-7-22-70-14-54-83-3-29-31-1-91-78-88-100-16-71-60-19-39-41-57-93-98-9-48-76-86-21-27-24-8-18-66-63-40-82-81-68-5-6-96-2-35-77-74-15-89-55-52-28-11-4-49-50-46-75-23-10-43-13-92-61-30-36-64-17-38-53-84-99-20-32-80-85-95-97-42-65-34-33-79-94-26-47
Ta100x20,8,1,100,1,0.05,4,2230804237,17000,6683,6481,6084,1.501292065,v2_avx512bw_vec32_exact_perm,39-62-76-44-68-90-67-51-10-1-69-32-87-70-33-14-29-41-78-27-72-45-9-59-5-12-7-82-31-24-91-22-56-50-83-88-65-81-77-28-8-57-89-25-52-2-93-55-71-37-4-36-75-34-53-98-15-46-3-95-6-99-38-19-60-40-64-73-42-80-79-16-43-58-18-63-17-49-54-100-35-48-86-61-23-30-47-85-84-21-66-11-96-13-74-92-94-26-20-97
Ta100x20,8,1,100,1,0.05,5,2230805246,17000,6665,6481,6084,1.667170958,v2_avx512bw_vec32_exact_perm,39-62-74-67-72-10-28-69-18-22-70-32-4-91-12-7-50-73-71-56-44-59-31-58-14-45-48-60-15-29-52-63-100-17-83-99-81-33-68-57-24-96-16-51-88-25-89-53-19-77-90-87-36-1-82-40-27-23-94-5-3-21-43-2-41-9-37-6-38-85-80-78-84-8-49-86-75-30-55-26-93-65-35-46-76-66-79-13-64-42-98-54-92-61-11-34-95-47-97-20
Ta100x20,8,1,100,1,0.05,6,2230806255,17000,6648,6481,6084,1.516291928,v2_avx512bw_vec32_exact_perm,39-62-7-90-44-29-12-72-67-91-51-98-73-23-14-18-40-22-87-88-78-45-6-56-58-31-5-75-83-64-36-41-77-17-21-10-9-61-93-76-89-1-79-33-63-3-2-71-32-95-16-80-24-48-4-57-81-68-27-25-99-28-19-15-50-100-69-35-53-85-37-94-46-82-84-8-74-49-86-70-65-42-59-52-11-60-38-55-26-13-96-30-92-47-43-66-20-54-34-97
Ta100x20,8,1,100,1,0.05,7,2230807264,17000,6692,6481,6084,1.710409347,v2_avx512bw_vec32_exact_perm,78-7-72-64-29-22-39-10-91-24-62-81-68-1-90-70-35-93-83-59-71-51-17-2-73-36-44-88-27-5-28-61-67-45-69-3-87-57-77-6-33-75-15-41-47-31-63-85-56-18-9-58-26-40-14-16-55-98-53-50-74-96-97-48-100-79-4-21-52-80-12-23-76-65-25-37-82-46-13-19-95-43-8-49-66-86-30-92-89-99-11-60-54-34-38-32-42-84-94-20
Ta100x20,8,1,100,1,0.05,8,2230808273,17000,6688,6481,6084,1.598830067,v2_avx512bw_vec32_exact_perm,39-62-7-44-71-59-45-72-35-68-76-64-69-54-4-31-36-1-70-33-74-87-17-41-91-9-5-56-81-77-66-28-90-37-14-29-22-53-18-49-42-30-89-96-46-100-88-67-65-24-19-93-83-99-50-27-51-3-6-75-15-98-94-60-40-12-52-8-78-73-25-21-86-95-55-48-10-57-34-23-82-2-80-11-16-63-32-38-84-58-85-92-13-43-20-97-47-61-26-79
Ta100x20,8,1,100,1,0.05,9,2230809282,17000,6712,6481,6084,1.478077278,v2_avx512bw_vec32_exact_perm,39-22-67-14-59-91-78-12-3-69-71-51-72-18-7-31-56-44-45-65-83-87-48-24-37-57-81-64-36-68-9-5-28-73-40-100-88-27-82-33-75-98-41-38-1-70-90-30-29-58-62-80-74-95-4-52-21-60-25-89-63-2-46-50-15-17-93-76-96-53-77-13-6-54-35-79-19-43-99-86-23-55-42-10-84-8-49-32-94-85-11-61-16-66-92-34-26-97-20-47
Ta100x20,8,1,100,1,0.05,10,2230810291,17000,6627,6481,6084,1.447951636,v2_avx512bw_vec32_exact_perm,32-22-18-7-12-66-72-76-44-56-62-73-45-71-15-70-59-29-41-69-1-10-57-68-87-77-83-52-89-100-91-31-78-36-74-17-67-33-51-27-8-5-97-19-23-88-43-75-4-81-24-55-21-90-25-35-39-93-40-53-65-63-14-3-98-49-58-30-61-6-50-38-2-16-96-11-9-82-85-46-95-80-48-37-84-54-13-60-79-99-86-28-64-47-42-34-92-94-26-20
Ta100x20,8,1,100,1,0.075,1,2230801210,17000,6683,6481,6084,1.470605005,v2_avx512bw_vec32_exact_perm,39-94-44-22-14-87-12-10-91-71-56-70-1-58-72-45-62-78-81-68-5-7-83-64-15-36-21-69-84-88-16-9-76-41-67-77-57-99-53-59-4-93-27-29-90-18-86-48-31-51-63-52-75-42-55-50-2-73-24-40-30-46-28-8-43-37-19-32-98-3-100-54-80-23-89-85-6-96-25-49-82-17-33-11-65-66-34-61-95-79-35-26-13-60-38-47-92-74-20-97
Ta100x20,8,1,100,1,0.075,2,2230802219,17000,6676,6481,6084,1.535630961,v2_avx512bw_vec32_exact_perm,39-73-67-10-74-90-72-31-87-5-93-54-58-70-48-81-44-36-6-22-56-60-83-27-91-1-24-45-4-50-66-29-64-69-71-84-65-7-25-12-37-75-19-88-30-59-100-41-78-62-9-14-53-23-18-57-68-28-89-40-8-82-16-43-98-51-15-49-85-35-77-52-80-96-63-21-86-3-11-76-13-46-38-17-95-99-34-79-33-26-55-47-61-2-32-42-97-92-94-20
Ta100x20,8,1,100,1,0.075,3,2230803228,17000,6677,6481,6084,1.536469876,v2_avx512bw_vec32_exact_perm,31-78-44-29-12-10-74-67-72-40-71-62-59-6-4-57-87-9-45-1-91-24-25-69-89-32-90-30-50-81-14-73-22-66-41-39-83-65-3-70-5-46-7-100-56-37-68-64-36-82-15-28-52-75-61-43-16-19-93-99-58-86-88-27-17-51-33-18-63-49-76-23-55-48-11-53-8-34-21-98-60-42-96-77-92-2-35-38-54-80-13-79-85-95-94-84-26-20-47-97
Ta100x20,8,1,100,1,0.075,4,2230804237,17000,6675,6481,6084,1.5804638,v2_avx512bw_vec32_exact_perm,39-78-44-74-62-81-51-18-72-59-41-12-69-28-70-4-3-7-65-25-22-90-91-29-87-14-88-100-1-31-21-98-58-97-15-36-83-24-68-5-45-89-57-30-50-71-32-19-93-67-6-49-99-40-56-16-53-37-10-96-73-33-48-79-63-42-27-52-86-46-76-9-80-85-13-75-23-17-8-77-11-54-35-84-60-38-43-55-66-82-64-92-2-94-61-26-95-47-34-20
Ta100x20,8,1,100,1,0.075,5,2230805246,17000,6710,6481,6084,1.438003489,v2_avx512bw_vec32_exact_perm,39-78-67-72-12-73-22-28-59-62-4-68-14-40-91-70-31-6-7-44-48-90-87-88-45-20-27-30-1-69-29-23-52-37-83-51-17-93-55-60-24-98-2-76-15-66-35-21-96-36-3-41-64-100-5-53-18-38-71-56-65-50-86-58-11-79-32-80-89-85-43-9-63-25-77-19-81-74-10-54-49-75-8-16-46-33-42-95-97-57-82-99-84-92-26-13-61-94-34-47
Ta100x20,8,1,100,1,0.075,6,2230806255,17000,6629,6481,6084,2.016286578,v2_avx512bw_vec32_exact_perm,39-62-7-72-10-44-28-56-31-71-69-46-1-90-78-29-59-18-14-40-91-12-83-24-88-54-22-6-67-58-15-93-9-52-45-48-81-51-70-27-73-33-68-87-57-77-86-17-8-41-19-76-5-50-85-80-36-65-82-21-98-3-84-23-75-30-63-11-49-100-96-35-53-66-43-16-64-4-94-61-42-25-89-95-34-2-60-32-38-74-37-13-55-79-97-99-47-92-26-20
Ta100x20,8,1,100,1,0.075,7,2230807264,17000,6663,6481,6084,1.985774152,v2_avx512bw_vec32_exact_perm,39-28-72-69-68-67-12-14-44-51-62-87-76-22-25-1-24-56-18-78-100-71-10-33-54-83-93-17-9-7-35-91-58-86-27-36-31-88-70-5-48-89-81-77-46-52-65-29-90-34-40-99-73-37-41-60-45-79-59-8-63-21-84-23-85-80-50-6-19-74-16-43-75-49-4-30-53-96-32-38-98-3-61-92-2-66-57-42-95-82-13-11-15-64-55-94-47-26-20-97
Ta100x20,8,1,100,1,0.075,8,2230808273,17000,6662,6481,6084,2.051677461,v2_avx512bw_vec32_exact_perm,39-62-7-31-78-44-59-51-48-72-27-35-22-29-94-71-70-25-87-43-90-1-88-4-69-81-2-24-33-14-9-41-45-77-83-91-60-37-68-12-58-17-18-85-89-57-49-73-30-5-40-50-53-6-15-99-3-98-66-67-56-100-76-65-16-36-23-52-21-63-19-86-64-74-28-32-10-46-61-75-8-11-96-93-55-38-92-95-13-54-82-79-80-84-34-42-47-26-20-97
Ta100x20,8,1,100,1,0.075,9,2230809282,17000,6641,6481,6084,1.897190908,v2_avx512bw_vec32_exact_perm,39-22-78-87-44-56-10-73-62-72-96-7-83-91-81-27-69-66-31-1-14-9-45-51-88-24-5-71-65-25-29-19-36-74-67-21-58-30-12-54-48-4-18-60-6-40-15-52-100-33-68-90-82-98-70-35-41-75-93-63-84-3-2-23-76-49-28-85-80-11-89-53-50-77-37-86-8-61-16-57-34-43-42-59-64-46-13-17-95-55-32-97-38-79-99-92-26-94-20-47
Ta100x20,8,1,100,1,0.075,10,2230810291,17000,6615,6481,6084,1.987372488,v2_avx512bw_vec32_exact_perm,39-62-78-81-18-22-36-21-44-41-12-56-72-69-67-11-87-45-27-29-7-64-68-91-4-9-25-59-76-90-83-93-96-35-77-71-57-52-28-31-14-70-66-73-49-5-17-1-88-58-30-23-65-86-24-48-51-63-19-75-97-74-15-6-10-8-85-34-100-37-80-53-61-40-89-16-43-99-46-42-54-82-84-2-50-33-60-98-32-38-13-79-3-95-94-55-47-26-92-20
Ta100x20,8,1,100,1,0.1,1,2230801210,17000,6676,6481,6084,1.789534374,v2_avx512bw_vec32_exact_perm,39-67-72-44-28-62-47-81-22-29-87-2-70-1-41-56-10-93-33-36-90-12-73-25-7-68-64-100-69-5-3-31-95-83-66-50-94-14-49-9-15-76-59-71-35-53-40-60-91-45-24-98-75-80-37-52-96-27-57-19-6-48-23-4-16-51-84-88-89-74-17-43-13-18-38-65-82-78-21-99-86-30-61-58-11-54-85-34-77-63-92-79-8-46-55-26-32-97-42-20
Ta100x20,8,1,100,1,0.1,2,2230802219,17000,6689,6481,6084,1.810659355,v2_avx512bw_vec32_exact_perm,39-91-78-1-72-44-45-4-59-7-62-31-27-29-12-58-56-11-87-28-53-23-18-55-60-93-9-69-83-2-3-14-17-100-71-94-96-49-99-57-25-51-52-24-10-36-75-68-37-30-5-38-6-74-82-65-15-35-88-81-73-98-70-48-19-50-46-90-40-41-21-64-42-97-63-54-89-43-22-16-61-8-76-77-32-86-80-13-79-84-95-66-67-33-85-34-92-47-26-20
Ta100x20,8,1,100,1,0.1,3,2230803228,17000,6630,6481,6084,1.763150517,v2_avx512bw_vec32_exact_perm,39-22-87-62-29-71-59-18-15-78-72-56-67-44-64-88-6-45-68-57-73-1-74-90-83-27-77-5-30-55-51-69-33-97-24-76-19-91-25-9-4-93-10-48-58-70-14-81-54-3-98-7-75-94-38-35-31-36-17-16-65-40-43-23-8-28-12-52-80-61-100-41-49-89-26-13-50-96-2-46-21-63-85-60-53-37-32-84-34-82-86-66-11-95-47-92-42-79-99-20
Ta100x20,8,1,100,1,0.1,4,2230804237,17000,6692,6481,6084,1.886006464,v2_avx512bw_vec32_exact_perm,73-72-12-67-70-62-74-68-10-23-59-78-7-41-18-9-56-90-22-50-14-57-71-58-29-31-95-48-64-69-15-45-81-93-1-44-4-75-30-24-21-5-77-65-55-83-88-53-37-25-28-51-98-100-89-91-63-39-16-36-54-35-40-19-49-52-11-60-42-87-84-17-66-6-61-80-76-43-32-86-38-27-33-94-79-8-96-82-2-3-13-99-46-20-85-97-26-92-34-47
Ta100x20,8,1,100,1,0.1,5,2230805246,17000,6672,6481,6084,1.906847505,v2_avx512bw_vec32_exact_perm,39-28-2-62-87-69-73-12-72-59-66-81-91-58-1-29-24-44-8-70-43-5-71-7-19-83-35-22-68-32-65-50-88-90-67-93-37-9-74-14-63-55-60-40-18-75-6-10-53-3-49-98-23-76-48-94-61-31-45-30-56-57-15-16-25-51-89-85-27-36-41-17-78-42-64-52-84-99-38-21-82-86-95-26-80-96-100-54-11-46-13-20-77-33-4-34-79-92-47-97
Ta100x20,8,1,100,1,0.1,6,2230806255,17000,6636,6481,6084,1.779090478,v2_avx512bw_vec32_exact_perm,39-67-62-14-78-44-72-12-28-56-31-64-7-29-89-48-9-45-71-70-76-4-59-35-40-17-91-65-81-24-18-22-88-27-47-73-33-36-19-93-86-87-49-53-75-30-69-51-3-54-37-57-90-84-77-83-41-68-50-98-100-52-8-5-80-34-79-10-42-97-95-58-25-21-2-63-1-23-99-11-60-38-55-6-32-15-13-85-96-43-46-82-94-16-66-61-92-74-20-26
Ta100x20,8,1,100,1,0.1,7,2230807264,17000,6585,6481,6084,1.736512557,v2_avx512bw_vec32_exact_perm,39-32-87-72-28-62-22-70-4-78-67-44-25-33-24-56-6-69-31-29-18-75-9-91-35-88-59-21-81-63-60-71-100-94-64-68-36-52-83-12-2-7-90-73-96-45-77-50-48-5-53-38-65-30-93-41-76-86-19-51-27-82-8-98-23-61-1-40-80-37-58-14-15-54-49-57-84-99-74-55-10-16-42-11-3-13-43-89-85-46-17-79-95-97-47-92-66-34-26-20
Ta100x20,8,1,100,1,0.1,8,2230808273,17000,6738,6481,6084,1.510719507,v2_avx512bw_vec32_exact_perm,39-31-74-22-7-14-44-67-62-37-12-90-36-68-64-73-87-83-78-48-51-19-18-69-29-27-96-6-65-45-71-88-81-77-4-3-5-21-70-59-93-1-79-41-33-15-85-89-46-82-98-57-72-9-76-38-28-53-40-8-50-49-32-25-80-17-16-11-56-52-58-60-43-63-75-55-66-91-86-24-10-100-23-30-26-54-42-84-99-92-2-35-13-20-61-95-94-34-47-97
Ta100x20,8,1,100,1,0.1,9,2230809282,17000,6589,6481,6084,1.51160048,v2_avx512bw_vec32_exact_perm,39-62-58-87-78-72-59-12-22-7-9-73-45-14-51-18-1-90-31-88-56-70-54-28-91-81-71-57-74-19-93-67-27-25-35-53-68-29-33-61-6-44-83-43-24-23-16-5-69-21-41-96-40-77-10-3-17-36-89-64-32-50-98-38-2-97-8-49-48-84-30-100-66-4-52-15-76-80-11-75-60-82-55-26-65-86-99-46-63-79-85-37-94-95-13-47-92-42-34-20
Ta100x20,8,1,100,1,0.1,10,2230810291,17000,6621,6481,6084,1.507110904,v2_avx512bw_vec32_exact_perm,39-62-78-72-28-69-31-44-74-81-87-10-56-9-29-1-45-14-12-53-58-67-46-25-47-7-68-40-16-59-64-51-5-71-22-88-100-63-27-19-35-94-85-41-17-93-18-75-15-65-24-70-48-4-49-33-76-3-21-86-73-91-84-23-6-57-90-52-83-54-82-11-8-36-77-37-89-30-61-80-95-42-96-43-38-79-99-50-2-32-13-60-92-98-34-66-26-55-20-97
Ta100x20,8,1,100,1,0.125,1,2230801210,17000,6687,6481,6084,1.573835964,v2_avx512bw_vec32_exact_perm,62-78-39-94-44-71-31-70-56-18-24-45-22-14-72-9-12-73-25-69-28-7-33-53-35-67-88-27-57-19-81-21-3-43-90-87-26-98-5-75-58-41-100-65-96-91-50-4-48-6-29-89-30-36-79-66-52-15-83-11-37-68-1-59-82-60-49-51-17-16-42-86-93-10-55-23-2-85-84-95-97-77-8-38-46-76-80-92-64-99-63-40-54-61-32-34-13-74-20-47
Ta100x20,8,1,100,1,0.125,2,2230802219,17000,6685,6481,6084,1.44553922,v2_avx512bw_vec32_exact_perm,32-58-72-78-44-68-69-30-46-70-73-76-39-22-7-64-12-71-83-88-31-56-29-27-66-24-25-18-75-19-6-62-28-10-33-11-23-14-87-36-53-4-91-9-51-16-74-5-80-89-17-49-60-1-45-8-21-50-86-42-99-59-93-90-35-40-2-41-96-37-81-3-85-38-100-82-52-43-63-67-79-61-57-98-77-15-55-65-48-92-95-13-20-54-94-84-97-26-47-34
Ta100x20,8,1,100,1,0.125,3,2230803228,17000,6632,6481,6084,1.496780126,v2_avx512bw_vec32_exact_perm,39-62-18-7-72-67-90-78-91-87-36-59-31-28-14-9-99-3-56-57-71-6-46-76-17-66-70-48-4-1-93-69-44-42-30-100-81-45-52-73-12-58-83-27-79-63-25-41-40-22-8-43-68-77-5-37-97-32-50-82-89-33-64-29-96-49-98-51-19-88-53-75-16-92-61-11-24-10-54-38-15-85-60-74-55-21-65-84-80-95-23-13-2-35-26-86-94-34-20-47
Ta100x20,8,1,100,1,0.125,4,2230804237,17000,6642,6481,6084,1.527991124,v2_avx512bw_vec32_exact_perm,78-31-39-62-12-7-56-87-2-45-27-81-71-22-72-36-44-67-97-66-14-70-19-51-73-59-17-77-30-90-69-35-15-74-75-41-65-83-93-60-29-1-49-98-24-48-33-89-37-9-88-46-5-6-58-3-86-68-91-61-4-76-25-53-21-18-57-84-23-16-79-10-28-32-80-42-8-50-96-63-40-100-99-85-52-38-43-55-26-64-95-47-54-82-11-13-34-92-94-20
Ta100x20,8,1,100,1,0.125,5,2230805246,17000,6608,6481,6084,1.522433718,v2_avx512bw_vec32_exact_perm,39-73-62-72-10-69-58-87-2-12-7-91-36-22-44-57-71-67-18-56-51-70-54-29-16-31-1-5-6-24-33-93-45-59-40-9-88-41-15-76-90-30-68-53-25-83-14-8-74-75-27-35-63-23-100-43-94-81-3-78-48-4-49-98-60-32-84-77-50-17-28-99-65-52-92-80-61-37-38-89-85-79-82-42-96-21-46-95-19-64-66-13-11-55-26-86-20-97-47-34
Ta100x20,8,1,100,1,0.125,6,2230806255,17000,6616,6481,6084,1.523976697,v2_avx512bw_vec32_exact_perm,39-22-67-90-62-51-18-78-12-69-7-44-56-81-4-45-72-59-9-25-41-29-71-95-94-46-76-48-87-21-14-70-91-31-88-96-37-36-5-53-15-82-77-30-35-38-99-27-98-40-60-24-66-83-1-93-75-17-13-43-10-57-68-74-86-3-52-65-50-63-28-8-89-11-55-49-73-23-19-100-64-32-84-58-6-80-42-16-2-61-92-54-33-85-79-26-20-97-34-47
Ta100x20,8,1,100,1,0.125,7,2230807264,17000,6658,6481,6084,1.525384075,v2_avx512bw_vec32_exact_perm,39-22-62-59-3-72-78-4-44-24-67-64-77-33-73-91-81-69-71-57-12-41-19-70-28-93-54-50-98-10-76-48-5-1-29-90-46-18-51-75-87-36-45-65-15-30-88-17-37-99-49-58-68-83-25-6-56-40-95-66-35-14-8-89-43-100-31-97-52-42-38-16-84-32-23-2-85-9-60-7-82-80-86-27-21-61-13-11-63-96-74-92-55-53-26-79-94-34-20-47
Ta100x20,8,1,100,1,0.125,8,2230808273,17000,6629,6481,6084,1.510711836,v2_avx512bw_vec32_exact_perm,39-62-78-31-28-72-91-12-22-36-4-71-44-56-1-51-18-69-60-59-29-9-7-32-87-67-88-90-83-27-14-49-73-37-96-24-48-63-10-25-57-6-3-77-82-30-99-38-50-89-2-52-98-21-70-41-5-40-84-68-100-33-76-80-66-85-23-43-81-95-61-17-45-93-55-53-16-19-15-74-13-65-46-58-47-75-11-34-92-54-79-8-35-42-86-97-64-94-26-20
Ta100x20,8,1,100,1,0.125,9,2230809282,17000,6644,6481,6084,1.532746938,v2_avx512bw_vec32_exact_perm,39-32-87-72-22-7-62-71-57-31-44-28-12-56-69-67-88-90-81-27-58-5-29-33-64-41-45-82-73-70-97-4-91-68-100-25-24-10-93-76-48-2-96-14-19-92-83-52-59-36-89-3-54-40-11-1-42-35-75-46-30-15-43-53-55-8-50-38-21-13-98-65-9-74-80-84-51-61-79-18-77-37-60-17-78-49-6-85-86-66-16-23-99-34-95-63-94-20-47-26
Ta100x20,8,1,100,1,0.125,10,2230810291,17000,6666,6481,6084,1.483514884,v2_avx512bw_vec32_exact_perm,87-78-18-39-12-62-29-28-2-71-56-72-59-44-68-50-69-31-45-1-70-40-14-22-64-66-67-91-60-51-27-5-7-19-74-15-99-24-17-35-88-65-81-49-53-8-76-3-98-36-77-33-48-89-46-4-73-25-75-52-37-55-79-6-80-96-23-30-43-57-82-41-20-63-10-21-54-83-11-58-85-97-9-38-16-100-26-13-86-32-84-93-92-90-61-42-95-94-34-47
Ta100x20,8,2,200,0.85,0.025,1,2230801210,17000,6624,6481,6084,3.074181265,v2_avx512bw_vec32_exact_perm,39-62-87-78-72-73-12-10-69-44-68-45-25-83-58-56-59-48-4-30-70-93-14-54-22-29-3-43-37-24-33-81-49-51-9-5-71-7-75-50-94-19-64-88-1-100-90-31-60-40-66-53-67-6-91-23-98-16-74-57-89-41-76-65-15-36-52-86-80-84-77-28-61-2-35-17-27-85-82-21-11-63-38-96-95-32-46-18-42-13-55-79-99-8-26-34-92-97-20-47
Ta100x20,8,2,200,0.85,0.025,2,2230802219,17000,6641,6481,6084,2.695098711,v2_avx512bw_vec32_exact_perm,39-28-10-22-62-78-71-72-36-29-67-12-59-56-7-91-87-70-8-69-81-14-44-51-1-73-45-88-31-55-68-100-27-15-48-4-9-5-33-93-98-50-82-18-21-60-74-25-83-34-57-52-90-89-24-17-41-76-65-85-37-86-77-49-35-19-99-75-3-42-46-6-63-40-2-53-16-23-80-58-95-30-79-94-61-11-43-96-38-54-32-13-84-64-66-92-47-26-20-97
Ta100x20,8,2,200,0.85,0.025,3,2230803228,17000,6605,6481,6084,3.018074023,v2_avx512bw_vec32_exact_perm,39-87-59-62-22-72-28-68-64-78-7-44-91-73-90-31-36-70-29-1-5-27-3-12-69-83-18-93-9-56-58-81-45-14-97-17-71-15-96-60-51-82-88-49-33-94-10-53-25-50-48-89-57-99-75-86-6-63-52-40-65-30-24-98-77-38-67-8-46-100-41-76-19-21-85-66-43-4-16-79-35-23-11-54-80-84-61-74-92-13-37-2-95-47-32-42-34-26-55-20
Ta100x20,8,2,200,0.85,0.025,4,2230804237,17000,6579,6481,6084,2.68457969,v2_avx512bw_vec32_exact_perm,39-62-87-78-12-72-67-14-41-69-22-44-31-56-66-81-27-29-45-1-90-91-51-47-73-25-24-5-83-2-15-7-64-58-93-19-6-9-36-71-75-33-88-96-30-53-94-37-35-77-59-18-38-100-21-98-50-89-8-28-85-49-86-82-68-11-40-16-52-43-48-4-3-63-10-32-60-23-17-54-57-74-79-65-84-80-61-95-46-76-99-42-34-70-13-55-92-26-20-97
Ta100x20,8,2,200,0.85,0.025,5,2230805246,17000,6589,6481,6084,2.795081663,v2_avx512bw_vec32_exact_perm,39-22-87-78-68-90-14-44-91-62-58-72-54-71-29-59-81-9-93-12-73-5-28-51-3-2-70-41-77-69-83-27-67-7-65-25-31-56-57-24-45-52-1-23-37-10-40-35-55-48-88-15-43-89-4-33-82-18-64-38-76-36-16-49-30-42-17-94-75-6-8-66-50-84-63-53-85-26-86-60-98-100-21-96-46-19-32-80-95-74-13-79-99-61-11-92-20-97-47-34
Ta100x20,8,2,200,0.85,0.025,6,2230806255,17000,6576,6481,6084,2.742828731,v2_avx512bw_vec32_exact_perm,39-62-78-73-72-44-59-51-12-77-69-67-71-56-8-27-4-45-83-60-22-14-87-70-76-91-25-7-31-29-9-34-5-24-65-3-36-40-17-81-66-68-100-1-90-74-33-99-50-82-98-41-19-95-37-57-88-28-89-30-18-49-75-58-6-46-85-43-23-53-21-86-61-52-80-96-35-2-93-38-79-16-11-55-32-63-10-48-42-54-92-15-64-94-13-84-97-26-20-47
Ta100x20,8,2,200,0.85,0.025,7,2230807264,17000,6631,6481,6084,2.612401394,v2_avx512bw_vec32_exact_perm,62-78-71-59-87-72-39-44-29-22-58-18-14-12-69-65-7-91-1-89-10-100-8-30-45-27-56-51-96-48-4-24-88-70-81-66-67-49-3-36-74-37-31-5-83-6-9-50-68-25-2-40-35-93-41-77-28-19-90-76-85-15-43-86-52-21-82-23-33-73-98-60-75-97-17-63-99-57-53-16-79-61-11-46-55-26-32-84-80-95-38-92-54-42-13-64-20-94-34-47
Ta100x20,8,2,200,0.85,0.025,8,2230808273,17000,6580,6481,6084,2.774559974,v2_avx512bw_vec32_exact_perm,39-32-22-87-56-28-90-72-71-59-18-62-78-51-81-27-44-29-1-100-41-70-91-73-69-31-12-5-50-74-67-68-48-57-14-94-9-96-45-24-33-89-7-64-15-77-19-88-65-83-54-30-75-35-93-38-8-76-86-53-66-36-82-98-3-23-52-43-10-40-25-17-80-21-58-60-6-42-2-63-55-16-85-46-92-49-79-61-11-84-37-99-95-4-34-13-20-97-47-26
Ta100x20,8,2,200,0.85,0.025,9,2230809282,17000,6616,6481,6084,2.951002285,v2_avx512bw_vec32_exact_perm,62-78-87-39-72-44-56-1-83-68-30-69-22-29-70-27-45-14-10-91-60-71-67-51-53-90-25-74-35-59-15-12-33-93-7-31-76-96-41-88-9-5-24-75-28-18-23-2-21-66-37-57-81-3-49-73-48-36-52-4-47-19-43-89-100-50-16-40-82-8-98-84-80-38-6-58-85-63-77-17-64-65-32-79-61-11-55-13-54-42-95-86-99-46-34-92-94-97-20-26
Ta100x20,8,2,200,0.85,0.025,10,2230810291,17000,6587,6481,6084,2.587186152,v2_avx512bw_vec32_exact_perm,39-62-78-72-87-22-68-7-44-32-91-70-71-14-69-28-90-31-88-45-64-59-24-29-25-83-6-96-56-18-21-73-100-66-57-81-41-67-93-9-5-49-82-11-10-77-58-17-35-48-37-84-33-50-98-51-19-30-27-42-63-53-36-75-3-52-4-12-23-2-76-16-38-1-40-80-89-43-55-79-8-54-85-60-65-86-46-74-15-94-61-95-47-13-26-34-92-99-97-20
Ta100x20,8,2,200,0.85,0.05,1,2230801210,17000,6636,6481,6084,2.580895078,v2_avx512bw_vec32_exact_perm,32-87-28-72-78-70-73-2-62-41-27-14-22-83-56-81-68-91-12-25-24-69-67-88-9-59-60-76-4-82-57-71-44-93-18-45-29-90-3-36-17-65-75-31-51-40-15-35-7-94-30-49-5-77-39-61-64-63-100-52-48-89-53-86-50-19-6-66-11-84-16-8-38-21-98-1-23-58-33-43-85-55-74-37-46-79-10-99-92-42-96-80-95-54-34-13-47-26-20-97
Ta100x20,8,2,200,0.85,0.05,2,2230802219,17000,6634,6481,6084,2.808681361,v2_avx512bw_vec32_exact_perm,97-72-22-78-87-39-62-68-44-45-6-56-24-91-15-31-12-69-18-70-74-58-29-27-5-7-40-9-71-64-59-83-93-81-21-66-1-63-32-14-19-43-33-88-89-90-30-73-49-36-67-23-80-98-50-96-57-41-53-10-76-25-42-28-16-46-17-8-48-100-84-52-3-4-79-65-99-85-51-75-2-35-77-37-38-86-82-54-92-13-61-11-55-95-94-60-34-47-26-20
Ta100x20,8,2,200,0.85,0.05,3,2230803228,17000,6616,6481,6084,2.728892,v2_avx512bw_vec32_exact_perm,39-62-87-78-72-12-22-7-69-18-90-44-29-58-91-51-68-67-5-83-27-36-31-93-1-9-45-56-71-73-70-33-3-14-57-81-54-53-32-41-40-30-24-19-98-23-10-50-82-74-48-76-59-4-25-52-100-15-2-35-63-88-89-77-79-64-28-16-38-6-42-99-84-37-80-55-75-43-49-8-60-61-21-86-85-46-11-65-34-66-92-96-95-13-17-94-26-20-97-47
Ta100x20,8,2,200,0.85,0.05,4,2230804237,17000,6637,6481,6084,2.617722262,v2_avx512bw_vec32_exact_perm,39-62-72-29-67-90-87-69-6-44-18-70-32-28-56-91-81-12-22-36-71-58-9-33-25-7-75-4-64-14-24-10-45-93-53-54-83-31-35-77-94-66-50-1-63-40-68-27-2-23-15-52-5-21-96-19-88-51-37-48-41-57-89-97-47-30-98-8-76-17-49-82-11-16-59-34-73-38-85-46-100-86-78-95-13-3-79-99-43-65-61-42-84-80-60-92-74-55-26-20
Ta100x20,8,2,200,0.85,0.05,5,2230805246,17000,6579,6481,6084,2.998730638,v2_avx512bw_vec32_exact_perm,39-62-78-67-72-44-12-22-76-66-45-71-57-14-59-81-33-68-70-29-58-1-49-88-48-9-87-7-69-30-73-10-100-85-41-90-93-5-96-24-56-27-37-17-31-91-51-18-89-36-75-19-4-3-21-25-65-50-32-86-52-98-82-46-83-28-11-38-16-6-40-60-80-55-43-77-35-53-23-63-84-79-64-94-54-2-8-61-74-92-13-15-99-95-97-47-42-34-26-20
Ta100x20,8,2,200,0.85,0.05,6,2230806255,17000,6615,6481,6084,2.681669956,v2_avx512bw_vec32_exact_perm,39-22-87-69-10-4-78-44-62-73-67-57-72-9-23-1-83-91-24-81-36-90-7-71-12-59-56-18-33-93-70-45-14-31-29-32-27-68-55-41-25-28-58-52-50-2-86-88-37-96-43-3-51-82-53-5-8-19-74-15-76-49-6-48-35-98-38-100-16-94-26-61-54-40-30-17-11-46-75-80-21-89-65-85-60-79-99-63-84-64-77-13-95-66-42-20-92-97-47-34
Ta100x20,8,2,200,0.85,0.05,7,2230807264,17000,6569,6481,6084,2.748350615,v2_avx512bw_vec32_exact_perm,39-62-78-87-90-77-72-44-45-56-73-59-15-29-31-3-36-5-27-71-22-51-64-69-7-9-91-81-66-70-67-14-68-83-93-34-2-35-24-75-18-23-1-100-98-53-50-96-48-40-52-4-12-58-80-21-57-89-43-41-25-19-82-6-63-88-16-10-84-74-60-8-17-33-76-65-85-46-42-28-86-49-32-37-79-30-99-38-92-54-94-61-11-95-13-55-47-26-20-97
Ta100x20,8,2,200,0.85,0.05,8,2230808273,17000,6609,6481,6084,2.718878981,v2_avx512bw_vec32_exact_perm,39-22-62-78-68-67-12-56-30-72-74-70-59-87-69-31-32-36-55-71-35-83-27-14-3-29-4-77-90-81-44-45-73-15-57-23-5-1-9-91-40-24-16-10-7-48-8-17-38-93-25-53-41-51-96-89-28-52-21-2-63-60-43-58-18-49-34-86-19-82-88-50-6-66-98-100-80-99-76-85-84-37-33-46-75-42-64-92-65-13-79-61-11-95-54-94-26-20-97-47
Ta100x20,8,2,200,0.85,0.05,9,2230809282,17000,6644,6481,6084,2.67485853,v2_avx512bw_vec32_exact_perm,62-22-78-67-44-87-70-6-56-73-45-83-12-18-14-58-72-59-41-39-100-71-50-90-88-1-54-33-31-29-24-25-51-10-48-96-69-7-19-35-27-40-81-15-36-49-3-17-5-66-52-21-30-89-43-9-91-63-53-23-64-76-2-68-61-82-65-85-84-77-80-16-57-93-28-86-75-46-98-99-38-95-74-8-42-55-11-97-32-60-4-37-13-79-94-34-47-92-26-20
Ta100x20,8,2,200,0.85,0.05,10,2230810291,17000,6596,6481,6084,2.618263036,v2_avx512bw_vec32_exact_perm,39-62-78-73-72-67-44-12-69-36-71-59-1-90-24-18-22-56-70-91-28-81-68-82-31-5-27-83-29-51-45-8-87-43-40-15-7-25-35-52-74-21-63-96-65-14-9-41-50-2-88-4-97-77-19-10-23-76-66-17-33-16-11-85-49-89-48-80-57-95-94-6-75-30-61-58-93-64-86-98-3-53-46-100-60-42-54-92-38-84-37-55-99-47-34-32-13-79-26-20
Ta100x20,8,2,200,0.85,0.075,1,2230801210,17000,6620,6481,6084,2.528922041,v2_avx512bw_vec32_exact_perm,39-62-74-18-72-28-22-29-54-4-44-12-90-69-24-73-33-25-14-10-83-78-49-1-58-70-91-81-45-43-23-87-7-16-40-31-5-6-9-53-48-15-41-56-64-68-57-71-35-75-19-27-51-98-94-50-88-96-3-37-46-77-89-30-61-59-21-36-17-67-93-86-52-97-100-38-99-79-13-11-82-63-84-32-8-76-65-66-80-85-34-42-95-2-60-55-47-26-92-20
Ta100x20,8,2,200,0.85,0.075,2,2230802219,17000,6591,6481,6084,2.62894865,v2_avx512bw_vec32_exact_perm,39-62-28-72-78-44-29-59-36-4-22-87-32-12-10-3-7-25-83-90-81-19-45-93-69-9-14-67-91-73-57-1-31-49-50-71-24-56-52-2-70-33-27-51-68-18-100-48-17-58-23-41-76-6-75-97-42-96-30-21-5-79-15-61-35-88-53-37-98-74-80-55-64-77-63-82-16-8-38-43-40-99-66-11-60-92-54-89-46-84-65-85-95-94-13-34-86-20-47-26
Ta100x20,8,2,200,0.85,0.075,3,2230803228,17000,6588,6481,6084,2.461751091,v2_avx512bw_vec32_exact_perm,39-62-78-67-72-44-91-31-36-71-69-27-56-29-73-90-87-70-22-5-3-14-45-64-51-81-68-15-49-1-83-93-32-7-12-58-18-17-4-88-48-50-59-9-98-21-57-41-89-25-28-19-11-66-16-100-34-24-84-10-60-77-33-40-55-82-8-63-75-52-80-42-30-76-6-38-65-85-43-54-23-79-35-96-74-37-53-46-99-61-92-2-13-95-94-86-26-20-97-47
Ta100x20,8,2,200,0.85,0.075,4,2230804237,17000,6568,6481,6084,2.557556125,v2_avx512bw_vec32_exact_perm,39-28-59-22-87-72-62-6-68-44-56-31-45-25-78-36-71-1-91-12-70-69-66-73-29-27-5-67-15-7-40-60-90-14-35-10-19-100-48-94-24-18-83-93-75-86-82-9-41-50-88-2-21-64-89-98-65-52-51-58-85-74-63-17-46-76-37-77-81-49-53-61-96-54-33-43-23-57-99-3-79-84-80-42-95-30-4-32-38-16-13-11-55-34-92-47-8-97-20-26
Ta100x20,8,2,200,0.85,0.075,5,2230805246,17000,6597,6481,6084,2.527120903,v2_avx512bw_vec32_exact_perm,39-62-87-78-44-73-4-64-18-71-72-56-59-29-12-22-28-70-58-25-31-5-7-88-9-45-91-37-14-69-3-66-1-17-90-83-93-65-36-89-30-48-81-46-76-96-53-57-40-41-60-68-15-52-82-100-43-99-33-24-67-63-19-32-27-97-42-86-94-38-50-6-85-10-75-23-16-49-21-84-35-2-51-80-95-98-79-34-77-8-74-13-11-61-92-54-55-26-20-47
Ta100x20,8,2,200,0.85,0.075,6,2230806255,17000,6651,6481,6084,2.770036209,v2_avx512bw_vec32_exact_perm,39-62-87-78-73-12-72-67-59-57-69-56-97-58-81-14-70-91-71-31-36-22-1-93-44-5-51-19-18-29-28-27-23-10-6-88-35-68-83-43-77-25-89-7-65-64-4-46-45-82-8-40-50-16-90-37-30-17-41-98-49-85-24-76-33-96-63-74-9-53-75-55-48-2-61-92-80-11-60-95-99-3-38-13-32-86-21-84-26-52-15-47-54-100-66-42-34-79-94-20
Ta100x20,8,2,200,0.85,0.075,7,2230807264,17000,6642,6481,6084,2.586758569,v2_avx512bw_vec32_exact_perm,39-22-7-59-72-67-62-78-81-44-18-32-12-71-69-83-56-30-70-93-14-28-73-15-45-33-68-36-54-31-25-29-1-37-9-57-91-24-75-82-41-52-53-96-4-2-34-66-100-87-5-27-35-88-17-74-90-50-65-19-40-80-58-48-6-99-51-43-63-8-89-97-86-46-76-23-85-55-49-11-60-84-16-38-92-13-79-98-77-10-3-64-42-61-21-95-94-47-26-20
Ta100x20,8,2,200,0.85,0.075,8,2230808273,17000,6590,6481,6084,2.721138086,v2_avx512bw_vec32_exact_perm,39-62-78-87-7-72-10-6-22-44-58-91-12-31-5-29-36-70-67-48-9-97-71-56-45-15-24-69-30-73-59-50-90-88-2-25-89-51-33-18-14-75-83-27-81-77-35-68-57-41-19-1-65-28-93-40-4-37-49-64-94-84-76-100-46-86-52-23-82-21-98-38-16-85-60-53-11-17-55-66-32-80-79-8-96-43-3-63-42-95-99-61-74-92-54-13-20-34-47-26
Ta100x20,8,2,200,0.85,0.075,9,2230809282,17000,6625,6481,6084,2.787030377,v2_avx512bw_vec32_exact_perm,22-87-78-72-68-44-55-29-71-59-12-90-62-51-18-69-24-25-21-39-10-93-45-35-7-31-56-27-83-70-88-96-3-6-5-28-74-65-66-67-14-57-75-41-19-23-1-37-81-9-91-47-43-40-52-4-16-36-53-80-89-30-100-77-98-58-17-61-48-8-82-86-11-60-33-50-84-73-63-2-49-32-15-95-97-99-38-76-13-85-46-42-54-92-79-64-94-34-26-20
Ta100x20,8,2,200,0.85,0.075,10,2230810291,17000,6613,6481,6084,3.18831771,v2_avx512bw_vec32_exact_perm,39-62-78-10-87-72-28-36-31-44-54-83-48-68-64-56-70-69-67-71-4-1-57-45-81-3-65-7-12-29-90-21-22-88-25-9-58-91-24-14-15-59-76-17-8-100-41-75-94-51-18-27-98-5-40-46-66-82-53-50-96-37-30-49-23-52-6-80-73-85-42-55-11-35-79-63-99-77-19-43-92-16-61-33-93-26-89-84-2-32-60-38-86-95-74-13-20-47-34-97
Ta100x20,8,2,200,0.85,0.1,1,2230801210,17000,6692,6481,6084,2.68085383,v2_avx512bw_vec32_exact_perm,39-62-87-4-22-78-68-12-72-44-69-74-67-64-45-36-71-59-24-81-19-57-41-56-27-28-1-31-91-18-90-29-70-25-73-10-14-48-76-66-50-40-65-93-77-17-98-9-3-5-35-23-75-7-33-53-49-96-32-52-83-100-30-37-2-51-63-46-82-15-6-85-43-89-58-16-38-86-88-8-60-97-84-42-61-21-11-55-80-79-99-95-13-54-26-34-92-94-20-47
Ta100x20,8,2,200,0.85,0.1,2,2230802219,17000,6582,6481,6084,2.732197039,v2_avx512bw_vec32_exact_perm,39-22-72-67-62-78-4-27-44-73-12-59-87-7-57-71-32-45-15-91-56-81-37-9-14-31-77-83-52-51-49-68-25-28-58-6-70-3-5-48-29-89-64-1-69-93-90-96-55-36-33-88-19-30-41-75-98-100-24-50-99-66-84-8-74-17-60-21-63-2-18-40-82-47-65-97-85-80-43-23-92-10-16-46-42-13-61-76-54-79-35-11-38-86-53-95-94-34-26-20
Ta100x20,8,2,200,0.85,0.1,3,2230803228,17000,6585,6481,6084,2.858020287,v2_avx512bw_vec32_exact_perm,39-62-78-68-67-70-72-28-44-77-90-29-45-22-81-9-87-75-33-7-91-12-31-27-56-100-64-73-59-71-51-4-50-48-88-10-17-25-58-6-19-93-83-96-24-5-53-66-18-57-82-3-14-76-65-41-40-69-30-15-94-49-1-36-89-21-38-16-98-2-23-35-79-80-60-37-84-52-42-11-55-46-92-54-32-13-43-61-74-86-8-99-63-85-95-47-26-20-97-34
Ta100x20,8,2,200,0.85,0.1,4,2230804237,17000,6597,6481,6084,2.70357328,v2_avx512bw_vec32_exact_perm,39-62-87-78-72-71-44-22-51-59-90-14-7-68-65-29-64-73-69-30-12-45-70-53-94-31-19-25-74-56-37-83-43-41-58-1-9-5-3-42-27-40-33-67-8-34-49-98-50-96-66-88-81-36-17-89-60-48-35-10-77-4-18-23-75-6-52-86-57-82-24-2-80-15-28-61-85-21-93-54-100-63-91-32-79-84-16-11-46-38-76-95-13-55-99-47-92-26-20-97
Ta100x20,8,2,200,0.85,0.1,5,2230805246,17000,6641,6481,6084,3.063128747,v2_avx512bw_vec32_exact_perm,39-78-67-12-7-90-22-18-29-44-62-56-31-74-87-6-2-51-45-72-59-9-25-71-28-58-5-88-27-81-69-1-38-33-91-68-70-35-37-41-40-83-49-8-43-73-96-14-76-19-53-30-23-36-93-16-55-32-4-54-84-50-10-48-52-63-75-24-98-57-64-77-89-17-100-99-11-66-34-15-80-60-65-92-85-97-42-95-13-46-21-61-86-3-47-79-26-82-94-20
Ta100x20,8,2,200,0.85,0.1,6,2230806255,17000,6612,6481,6084,2.672783755,v2_avx512bw_vec32_exact_perm,39-67-59-87-72-32-28-91-4-44-12-69-81-1-71-57-62-10-73-51-90-31-48-18-58-14-50-22-88-5-9-60-23-29-45-75-24-96-17-7-41-70-56-30-53-65-33-68-25-78-83-52-36-37-84-40-82-64-93-98-3-6-19-66-100-63-16-11-55-77-80-15-21-89-46-76-85-92-27-43-99-49-8-34-42-54-35-2-95-38-79-86-94-61-74-20-47-13-97-26
Ta100x20,8,2,200,0.85,0.1,7,2230807264,17000,6610,6481,6084,2.609583216,v2_avx512bw_vec32_exact_perm,39-62-87-78-72-44-56-59-12-58-29-31-1-57-71-74-17-64-45-73-83-27-14-22-67-70-5-91-93-81-60-24-97-33-69-6-49-4-41-18-77-90-10-40-16-42-36-9-15-7-48-88-19-82-94-53-37-25-2-96-51-52-28-75-23-35-63-100-68-55-30-43-38-8-66-76-21-86-65-61-79-99-50-11-85-46-89-84-32-80-95-98-13-54-34-3-92-47-26-20
Ta100x20,8,2,200,0.85,0.1,8,2230808273,17000,6585,6481,6084,2.802780162,v2_avx512bw_vec32_exact_perm,39-62-78-87-90-72-44-67-22-36-64-71-59-51-18-69-74-45-93-55-1-31-27-83-56-70-7-9-91-14-73-50-12-48-37-29-24-33-96-2-8-4-40-46-76-23-41-75-5-81-77-82-30-66-15-57-52-89-21-28-10-25-68-6-49-58-80-32-86-88-63-16-17-19-85-43-60-94-61-53-98-3-100-34-54-95-38-99-42-11-92-13-84-65-35-79-47-26-20-97
Ta100x20,8,2,200,0.85,0.1,9,2230809282,17000,6611,6481,6084,2.7562491,v2_avx512bw_vec32_exact_perm,39-62-73-72-12-4-44-76-22-18-68-90-78-32-67-36-83-93-14-70-56-24-96-45-82-88-59-87-7-17-91-81-51-69-1-31-57-41-27-15-77-5-49-28-89-71-100-35-2-16-52-40-9-33-29-66-11-75-21-98-58-80-46-84-60-85-95-48-37-19-47-6-30-38-99-50-53-25-65-10-23-79-3-13-64-42-63-55-43-54-92-61-8-74-86-94-34-97-26-20
Ta100x20,8,2,200,0.85,0.1,10,2230810291,17000,6579,6481,6084,2.944688346,v2_avx512bw_vec32_exact_perm,39-28-72-67-90-62-78-10-29-51-69-59-44-83-58-71-31-70-14-45-81-60-56-12-22-53-87-36-27-68-5-21-40-30-7-49-73-25-99-19-100-24-91-9-48-50-4-88-89-37-2-64-65-35-41-74-15-75-84-80-52-57-1-94-93-55-16-43-38-82-98-3-63-77-8-17-33-23-61-76-6-18-32-13-66-79-11-96-85-46-92-95-42-54-86-34-26-97-20-47
Ta100x20,8,2,200,0.85,0.125,1,2230801210,17000,6587,6481,6084,2.535865545,v2_avx512bw_vec32_exact_perm,39-73-59-62-78-72-87-45-68-18-36-22-90-25-83-14-24-81-91-82-57-71-4-44-29-27-1-9-69-58-30-74-41-70-54-5-12-17-7-31-56-3-77-86-88-46-76-55-53-33-75-63-48-51-67-52-40-6-65-2-35-93-89-19-99-43-21-66-85-84-50-16-38-100-98-97-8-28-23-37-49-61-11-95-10-32-64-80-42-96-34-92-13-79-15-60-94-26-20-47
Ta100x20,8,2,200,0.85,0.125,2,2230802219,17000,6811,6481,6084,2.597151942,v2_avx512bw_vec32_exact_perm,32-72-73-62-12-4-83-58-98-25-7-56-87-90-36-22-44-59-39-45-41-71-29-3-14-57-23-81-24-5-99-88-1-68-70-27-49-40-53-37-94-54-31-91-67-17-100-51-35-84-52-80-15-28-93-69-89-77-16-33-50-86-76-96-30-65-61-43-63-82-48-2-55-9-8-78-42-18-21-60-26-6-19-11-75-10-46-92-85-34-74-13-64-66-95-38-79-97-20-47
Ta100x20,8,2,200,0.85,0.125,3,2230803228,17000,6600,6481,6084,2.760236757,v2_avx512bw_vec32_exact_perm,39-87-78-67-90-62-4-12-22-7-31-25-28-70-91-72-56-1-68-83-100-41-64-77-73-57-71-27-18-59-76-69-48-9-88-86-45-93-96-5-94-24-33-17-54-51-3-14-50-19-29-65-98-58-40-30-46-8-44-49-36-21-52-75-80-23-37-81-79-6-35-2-66-61-74-16-63-53-10-89-85-32-43-42-84-15-82-13-11-97-95-99-60-38-92-55-26-20-47-34
Ta100x20,8,2,200,0.85,0.125,4,2230804237,17000,6670,6481,6084,2.756833954,v2_avx512bw_vec32_exact_perm,39-28-18-72-22-78-44-87-36-90-62-71-76-54-51-91-59-81-12-7-25-10-29-66-35-31-45-14-70-93-50-17-56-68-67-43-16-5-19-49-8-74-53-24-33-3-9-75-80-48-6-37-96-98-32-63-82-88-69-57-30-77-89-41-84-40-58-52-83-27-64-4-23-2-11-61-1-21-55-46-42-100-15-73-13-60-79-99-85-38-95-92-26-86-94-65-34-47-97-20
Ta100x20,8,2,200,0.85,0.125,5,2230805246,17000,6644,6481,6084,2.989885469,v2_avx512bw_vec32_exact_perm,39-28-59-78-44-62-12-58-87-7-72-69-96-54-40-22-83-1-91-51-71-73-14-29-33-31-70-27-30-49-57-99-68-45-81-76-53-15-88-60-41-67-5-9-42-18-21-93-55-36-90-56-3-82-25-24-98-16-89-2-23-77-37-17-48-35-63-43-52-6-19-85-75-50-10-65-26-80-86-32-84-74-46-13-61-11-95-38-100-97-20-8-79-94-64-66-4-34-92-47
Ta100x20,8,2,200,0.85,0.125,6,2230806255,17000,6585,6481,6084,2.680253451,v2_avx512bw_vec32_exact_perm,39-32-22-46-7-90-91-87-70-62-72-71-78-29-59-81-9-73-45-25-51-66-15-14-44-36-67-83-1-21-88-27-19-24-69-4-64-10-23-76-48-31-50-6-5-33-57-68-94-96-3-100-93-18-75-12-41-56-54-17-35-11-53-58-80-49-85-38-16-28-86-77-37-82-52-63-40-79-89-30-43-8-61-92-98-74-55-65-84-13-95-99-2-34-60-42-47-26-20-97
Ta100x20,8,2,200,0.85,0.125,7,2230807264,17000,6697,6481,6084,2.585070804,v2_avx512bw_vec32_exact_perm,39-62-87-78-44-51-67-18-14-70-22-7-64-33-72-45-82-53-12-76-8-49-73-90-83-59-50-71-5-74-29-9-91-27-31-25-56-81-69-3-1-24-54-15-41-63-48-100-89-52-19-2-68-32-30-57-93-58-21-46-98-75-23-28-36-17-88-16-84-35-86-38-66-37-6-10-96-40-61-92-80-79-65-85-11-77-55-20-13-43-99-60-42-4-95-97-94-34-47-26
Ta100x20,8,2,200,0.85,0.125,8,2230808273,17000,6723,6481,6084,2.510628031,v2_avx512bw_vec32_exact_perm,39-62-71-72-12-58-4-59-44-22-78-56-87-74-67-70-88-31-14-36-68-19-1-64-66-51-29-7-9-18-27-5-40-63-28-53-76-91-55-49-10-24-25-81-75-2-3-82-33-93-50-99-90-48-73-17-83-23-69-60-84-16-100-30-57-96-38-6-47-37-8-77-41-45-98-79-89-52-43-42-21-61-11-15-35-95-80-65-54-85-46-13-86-32-94-34-92-97-26-20
Ta100x20,8,2,200,0.85,0.125,9,2230809282,17000,6704,6481,6084,2.494452417,v2_avx512bw_vec32_exact_perm,39-62-28-72-44-22-51-87-69-19-73-40-90-18-76-12-58-14-91-70-67-93-9-45-68-31-7-56-32-15-41-59-24-5-75-1-88-57-25-83-21-27-3-30-78-63-48-6-81-98-49-52-100-4-54-60-17-71-95-29-10-64-89-80-74-33-85-53-82-8-96-36-16-46-38-42-84-77-35-37-79-2-50-99-86-66-23-11-13-65-34-61-43-92-94-55-47-26-20-97
Ta100x20,8,2,200,0.85,0.125,10,2230810291,17000,6746,6481,6084,2.715210162,v2_avx512bw_vec32_exact_perm,62-78-4-67-39-91-12-68-71-90-72-87-45-27-83-14-93-44-88-22-10-81-18-24-25-3-51-69-75-17-29-59-9-70-7-41-64-33-1-36-74-58-100-43-31-19-61-89-8-53-50-48-30-5-94-73-65-57-38-6-16-63-40-85-55-66-84-49-77-35-98-15-76-52-21-23-2-56-60-37-28-99-92-79-82-11-54-80-96-13-95-46-42-32-86-97-34-47-26-20
Ta100x20,8,2,200,0.8875,0.025,1,2230801210,17000,6606,6481,6084,2.861302735,v2_avx512bw_vec32_exact_perm,39-28-72-87-10-78-12-62-68-29-81-71-44-59-51-56-27-83-35-47-22-14-31-88-9-36-73-25-30-45-66-24-6-15-5-70-69-67-7-19-65-91-58-85-50-40-2-1-93-90-4-52-64-75-80-76-41-57-16-98-77-17-74-89-33-96-32-46-53-48-63-86-21-18-38-100-8-95-82-11-55-37-49-3-79-23-13-43-94-99-54-92-42-60-84-61-34-26-20-97
Ta100x20,8,2,200,0.8875,0.025,2,2230802219,17000,6555,6481,6084,2.972542107,v2_avx512bw_vec32_exact_perm,39-62-78-72-67-44-69-22-87-36-10-12-45-58-6-59-40-91-9-71-3-25-24-5-93-90-83-29-27-41-73-57-68-96-7-56-64-15-1-31-49-28-70-88-48-51-19-65-76-4-30-75-18-21-14-38-81-77-17-99-79-66-35-37-54-23-53-84-82-80-74-60-13-100-86-50-94-8-52-63-43-55-2-34-42-16-46-92-98-32-33-89-61-11-85-95-47-26-20-97
Ta100x20,8,2,200,0.8875,0.025,3,2230803228,17000,6589,6481,6084,2.743285513,v2_avx512bw_vec32_exact_perm,39-62-28-72-44-51-12-73-56-71-87-29-27-90-81-69-18-31-45-70-14-59-7-91-9-88-78-68-77-58-40-67-96-5-93-10-16-100-41-75-66-1-4-54-83-25-6-38-35-36-48-89-64-24-17-43-33-19-23-74-30-95-53-21-63-94-3-15-49-98-8-50-84-80-76-57-55-52-65-22-85-11-82-37-34-13-2-79-60-99-46-92-61-26-86-47-32-42-20-97
Ta100x20,8,2,200,0.8875,0.025,4,2230804237,17000,6651,6481,6084,2.769498766,v2_avx512bw_vec32_exact_perm,39-62-78-73-10-71-57-67-72-44-59-91-51-22-24-18-69-6-83-87-27-36-31-1-48-56-45-90-68-70-29-25-7-64-4-82-14-3-75-9-66-81-12-88-53-50-96-21-5-15-98-74-33-58-30-23-63-41-60-17-93-76-77-19-54-94-49-100-16-2-35-89-61-84-37-46-42-52-40-65-80-43-8-85-28-95-92-99-38-13-11-55-32-86-34-47-79-26-20-97
Ta100x20,8,2,200,0.8875,0.025,5,2230805246,17000,6605,6481,6084,3.171067135,v2_avx512bw_vec32_exact_perm,39-62-87-78-73-90-12-72-67-59-24-45-7-10-91-15-70-29-81-14-22-18-9-36-1-69-28-31-52-56-2-33-93-44-71-51-5-19-27-76-49-66-35-96-40-37-77-83-17-3-46-6-85-75-41-88-65-55-68-80-100-50-79-42-99-58-30-32-63-25-53-82-98-95-38-16-48-57-89-64-23-43-84-21-8-11-74-54-92-13-60-94-61-86-4-34-26-20-97-47
Ta100x20,8,2,200,0.8875,0.025,6,2230806255,17000,6646,6481,6084,2.727623494,v2_avx512bw_vec32_exact_perm,39-32-87-78-62-68-22-72-24-90-7-12-69-10-91-67-36-4-18-83-14-49-70-21-71-29-31-56-1-44-93-8-45-5-9-73-96-50-40-17-16-33-97-88-59-51-66-37-57-81-77-48-89-19-28-43-41-30-61-58-53-100-52-15-27-64-42-82-98-63-75-65-35-85-11-84-46-38-76-6-25-55-23-2-3-92-99-74-54-86-80-60-95-13-79-94-26-20-47-34
Ta100x20,8,2,200,0.8875,0.025,7,2230807264,17000,6608,6481,6084,2.86944419,v2_avx512bw_vec32_exact_perm,39-62-87-78-73-90-72-12-69-71-22-18-36-44-58-7-91-70-67-14-9-25-56-93-81-31-45-64-28-24-82-5-49-88-4-59-27-100-30-68-75-29-41-51-98-60-83-6-50-96-3-94-2-65-42-57-52-40-80-16-46-76-86-77-33-21-61-11-89-1-48-35-17-23-63-43-53-10-66-15-85-95-37-54-34-79-84-8-32-38-99-19-74-13-92-55-47-26-20-97
Ta100x20,8,2,200,0.8875,0.025,8,2230808273,17000,6608,6481,6084,2.886627354,v2_avx512bw_vec32_exact_perm,39-62-78-67-44-59-72-51-83-87-12-58-25-29-73-14-22-18-90-57-24-71-70-45-5-7-31-69-91-28-9-88-81-40-1-65-41-68-100-56-54-30-36-89-33-80-82-52-74-96-35-15-2-63-3-23-77-17-21-53-98-60-48-50-19-8-43-94-37-75-4-6-16-49-10-85-84-66-76-86-46-32-95-13-38-64-93-55-27-92-79-99-61-11-34-42-47-26-20-97
Ta100x20,8,2,200,0.8875,0.025,9,2230809282,17000,6594,6481,6084,2.755554027,v2_avx512bw_vec32_exact_perm,39-62-22-58-72-59-12-87-78-7-44-69-56-67-31-74-15-29-9-64-10-14-45-27-51-71-5-83-88-81-41-73-75-43-68-90-3-60-35-25-19-28-89-93-91-4-54-70-17-94-1-33-50-77-98-100-8-55-16-36-66-63-40-49-30-24-76-2-23-18-82-48-80-92-52-57-37-95-86-99-42-84-34-53-6-38-65-85-21-61-11-96-32-46-13-79-26-20-97-47
Ta100x20,8,2,200,0.8875,0.025,10,2230810291,17000,6623,6481,6084,2.884745741,v2_avx512bw_vec32_exact_perm,39-18-78-31-62-68-36-22-87-7-12-56-59-72-81-77-90-91-41-70-89-1-17-14-69-3-44-10-48-51-29-27-9-71-100-5-76-66-60-83-33-67-8-82-88-96-93-43-4-45-35-19-53-50-94-25-98-24-75-57-16-6-46-63-40-73-15-86-52-49-21-64-28-58-84-65-85-80-79-42-30-61-95-38-92-11-54-74-32-37-13-2-34-23-55-99-26-20-97-47
Ta100x20,8,2,200,0.8875,0.05,1,2230801210,17000,6610,6481,6084,3.160750787,v2_avx512bw_vec32_exact_perm,39-73-62-4-22-72-68-78-29-31-56-12-59-44-24-28-57-67-64-51-71-76-45-14-9-88-41-69-2-87-25-58-83-96-32-49-7-81-5-46-19-16-1-70-66-74-63-40-21-53-30-27-8-36-75-86-35-38-10-77-18-91-93-17-89-48-90-50-6-61-52-100-98-33-23-84-65-85-11-55-3-37-43-54-94-60-82-80-95-42-15-13-79-99-34-20-47-92-97-26
Ta100x20,8,2,200,0.8875,0.05,2,2230802219,17000,6586,6481,6084,3.208036541,v2_avx512bw_vec32_exact_perm,39-62-78-69-4-67-87-29-54-36-72-59-7-9-56-28-90-30-10-25-51-14-21-68-22-88-44-74-12-37-33-70-71-76-5-6-31-40-45-27-35-91-81-49-99-77-17-47-73-1-66-63-75-57-96-41-89-100-83-48-64-24-86-8-52-50-19-93-98-58-16-43-38-82-84-80-53-23-3-95-65-85-46-55-42-18-79-11-13-60-15-32-34-94-2-61-92-26-20-97
Ta100x20,8,2,200,0.8875,0.05,3,2230803228,17000,6623,6481,6084,3.100552943,v2_avx512bw_vec32_exact_perm,39-28-90-78-44-62-67-72-12-22-69-58-64-18-51-71-76-5-31-59-29-70-41-83-77-87-53-25-56-57-14-68-1-23-10-50-45-100-81-7-19-91-9-48-93-55-99-24-36-2-16-89-88-3-21-33-52-86-15-73-49-75-80-27-42-4-30-74-95-6-35-38-63-54-82-17-85-43-8-60-40-84-37-32-46-79-98-13-11-96-94-61-65-34-92-66-20-97-47-26
Ta100x20,8,2,200,0.8875,0.05,4,2230804237,17000,6571,6481,6084,3.052595291,v2_avx512bw_vec32_exact_perm,39-28-22-72-78-44-73-67-12-69-58-70-5-59-62-24-71-57-87-14-90-81-77-29-66-31-1-45-88-15-100-7-30-56-47-27-96-33-68-36-35-82-2-89-18-40-91-25-21-95-4-53-48-9-50-98-51-19-37-93-3-75-94-17-85-41-43-38-16-8-6-63-49-83-23-52-76-11-60-55-86-10-64-74-80-54-61-79-65-32-42-34-13-99-84-46-92-26-20-97
Ta100x20,8,2,200,0.8875,0.05,5,2230805246,17000,6597,6481,6084,2.753427597,v2_avx512bw_vec32_exact_perm,39-28-64-78-44-7-12-62-22-72-71-36-73-90-83-27-14-3-96-87-100-69-51-67-56-31-91-70-1-68-93-29-45-9-59-32-4-76-48-5-41-15-81-75-97-57-8-24-98-40-17-53-66-25-60-18-21-33-42-63-30-77-35-19-88-37-11-55-84-34-52-6-49-82-74-65-23-89-10-80-50-95-13-38-16-43-99-2-58-61-79-54-85-46-92-86-26-20-94-47
Ta100x20,8,2,200,0.8875,0.05,6,2230806255,17000,6636,6481,6084,2.681091806,v2_avx512bw_vec32_exact_perm,39-22-78-67-72-44-62-71-59-87-6-70-91-14-51-83-81-68-1-93-45-12-90-18-56-50-7-65-31-88-69-29-9-28-41-27-5-74-80-19-76-64-94-73-2-25-60-21-33-52-57-49-4-89-54-30-24-36-75-8-17-82-58-86-11-48-96-35-38-46-99-79-16-37-63-43-40-15-77-3-98-32-61-100-53-84-66-13-95-23-55-92-10-85-20-97-42-34-47-26
Ta100x20,8,2,200,0.8875,0.05,7,2230807264,17000,6622,6481,6084,2.851556795,v2_avx512bw_vec32_exact_perm,39-62-29-22-4-59-51-14-72-67-30-78-44-12-73-69-36-7-90-91-87-45-31-5-27-57-71-83-1-9-64-58-93-56-81-77-28-68-25-65-17-70-33-94-35-74-75-97-40-52-100-88-15-2-41-98-24-10-8-76-48-86-89-46-85-3-21-43-63-23-96-18-6-38-32-50-49-19-82-26-16-37-53-84-99-61-79-80-60-92-54-13-11-95-66-42-55-20-34-47
Ta100x20,8,2,200,0.8875,0.05,8,2230808273,17000,6616,6481,6084,2.794841344,v2_avx512bw_vec32_exact_perm,39-62-22-87-78-4-44-72-12-45-73-67-70-74-1-91-24-57-31-27-71-36-69-3-90-18-51-75-59-83-93-5-7-96-64-21-29-66-14-9-88-89-41-17-25-10-60-68-40-54-35-50-48-53-98-15-33-77-30-28-56-100-61-37-2-52-6-47-80-58-85-49-81-82-23-16-63-43-95-99-19-46-92-26-55-38-42-76-86-32-79-8-84-13-97-11-65-34-94-20
Ta100x20,8,2,200,0.8875,0.05,9,2230809282,17000,6620,6481,6084,2.736721549,v2_avx512bw_vec32_exact_perm,39-62-7-72-44-33-12-56-67-73-91-81-69-18-22-70-58-14-96-53-40-66-35-29-77-27-83-87-36-71-2-64-5-90-17-88-51-31-76-41-45-19-74-37-25-9-48-24-78-100-98-1-65-4-50-3-59-42-49-6-16-23-82-63-55-11-28-68-30-75-43-52-79-86-8-61-10-32-80-93-54-85-89-60-13-57-99-34-84-46-21-95-97-38-15-92-94-20-47-26
Ta100x20,8,2,200,0.8875,0.05,10,2230810291,17000,6612,6481,6084,2.729656353,v2_avx512bw_vec32_exact_perm,39-62-87-22-90-51-29-71-70-59-72-67-78-4-44-74-18-12-58-5-7-30-68-100-91-73-40-16-36-65-10-50-96-83-14-24-19-69-1-56-41-43-55-31-77-88-45-9-17-33-66-93-76-89-25-35-60-52-53-86-38-28-98-15-32-97-79-63-48-8-57-99-75-3-37-81-49-11-82-23-84-95-21-80-6-61-85-92-54-2-42-27-64-94-26-13-46-34-20-47
Ta100x20,8,2,200,0.8875,0.075,1,2230801210,17000,6586,6481,6084,3.297207517,v2_avx512bw_vec32_exact_perm,39-87-72-67-62-78-29-4-59-44-1-70-91-69-12-71-36-56-73-58-25-83-27-14-64-7-22-5-3-81-9-88-89-48-2-15-51-24-18-68-90-28-74-37-31-43-55-33-32-45-41-50-40-76-46-82-66-30-63-17-60-86-93-19-16-100-10-6-23-52-98-49-53-21-61-75-80-11-96-57-94-77-84-8-54-35-38-92-65-85-42-99-34-95-13-47-79-26-20-97
Ta100x20,8,2,200,0.8875,0.075,2,2230802219,17000,6545,6481,6084,3.185104988,v2_avx512bw_vec32_exact_perm,39-22-18-78-44-74-87-90-62-68-45-72-12-59-81-73-14-9-71-5-69-3-29-27-1-33-56-58-83-32-93-54-37-2-41-96-88-4-100-24-25-35-7-99-40-31-36-17-49-94-30-70-60-91-19-6-75-50-98-51-38-16-28-8-43-66-42-67-86-77-52-57-48-89-21-63-64-10-82-15-85-84-80-95-53-23-11-55-46-76-13-65-34-79-61-47-92-26-20-97
Ta100x20,8,2,200,0.8875,0.075,3,2230803228,17000,6609,6481,6084,3.498961709,v2_avx512bw_vec32_exact_perm,39-62-78-7-44-72-45-22-71-81-70-56-18-68-14-12-73-83-58-57-6-31-87-29-59-9-25-50-1-90-69-30-36-24-8-76-49-96-28-5-53-82-91-93-67-54-86-38-48-51-35-10-88-75-27-41-40-33-37-19-11-52-65-60-4-74-16-17-77-55-63-100-94-2-66-80-85-89-43-21-61-3-95-64-13-46-23-79-98-32-42-99-84-26-15-34-92-47-97-20
Ta100x20,8,2,200,0.8875,0.075,4,2230804237,17000,6606,6481,6084,3.270845295,v2_avx512bw_vec32_exact_perm,39-87-78-54-62-71-72-44-73-51-22-12-59-68-1-7-100-18-90-88-69-45-31-36-35-27-67-83-81-70-24-56-91-25-9-53-41-4-60-28-76-19-2-93-58-48-50-96-14-64-94-29-77-5-33-46-89-16-40-98-17-3-57-6-23-84-37-21-10-49-42-52-8-82-11-75-63-55-32-80-85-43-95-30-38-92-65-66-34-13-15-26-79-99-61-74-86-20-47-97
Ta100x20,8,2,200,0.8875,0.075,5,2230805246,17000,6555,6481,6084,3.263445497,v2_avx512bw_vec32_exact_perm,39-62-87-72-67-70-28-22-56-31-78-12-45-64-69-71-59-51-60-29-73-3-14-83-44-1-90-93-5-2-68-50-41-53-100-96-4-91-18-36-89-48-81-9-97-33-24-15-88-58-77-47-25-19-57-16-7-17-82-98-23-99-27-40-37-35-6-49-42-84-10-52-21-65-85-11-61-74-55-80-43-63-75-94-30-95-38-8-86-32-46-76-54-13-79-92-66-34-20-26
Ta100x20,8,2,200,0.8875,0.075,6,2230806255,17000,6717,6481,6084,3.091354905,v2_avx512bw_vec32_exact_perm,39-62-78-58-72-31-36-30-44-73-60-5-12-71-7-70-28-56-91-29-65-68-59-81-22-9-83-77-15-14-93-45-67-41-82-2-50-32-18-90-69-4-74-57-1-49-17-89-99-51-88-87-63-27-25-75-100-53-52-86-35-66-37-96-64-98-38-19-48-40-8-85-24-13-43-61-21-6-16-10-80-76-84-55-42-3-79-95-23-11-54-46-33-34-92-94-26-20-97-47
Ta100x20,8,2,200,0.8875,0.075,7,2230807264,17000,6624,6481,6084,3.156212208,v2_avx512bw_vec32_exact_perm,39-28-72-10-22-78-7-44-62-56-67-51-59-81-9-45-3-14-15-91-88-73-5-27-86-36-19-87-100-66-52-6-83-30-69-70-71-29-12-31-85-76-48-24-18-90-57-41-75-93-2-35-95-4-21-77-8-23-50-1-89-98-38-33-68-25-47-64-40-37-60-84-32-49-80-17-58-43-82-16-63-11-55-53-65-61-74-13-79-54-94-92-96-99-46-42-34-26-20-97
Ta100x20,8,2,200,0.8875,0.075,8,2230808273,17000,6595,6481,6084,3.241913725,v2_avx512bw_vec32_exact_perm,39-62-22-87-78-72-73-12-4-91-81-59-29-44-74-51-96-18-100-71-28-56-35-27-31-36-21-69-19-2-24-8-94-25-67-14-9-68-5-48-70-50-83-53-93-1-65-45-90-40-41-3-23-82-10-57-30-88-89-7-15-32-64-98-79-16-63-46-42-77-33-58-17-85-60-47-43-52-75-80-37-84-38-76-99-49-13-11-61-92-54-95-26-86-55-6-66-34-20-97
Ta100x20,8,2,200,0.8875,0.075,9,2230809282,17000,6570,6481,6084,2.94806182,v2_avx512bw_vec32_exact_perm,39-62-87-56-78-72-10-36-67-22-7-12-69-59-14-90-35-68-74-9-33-25-29-71-6-45-44-81-91-70-24-73-5-15-41-40-65-52-83-43-1-8-57-48-89-50-31-88-28-17-98-32-46-21-37-85-75-4-49-64-51-54-53-30-63-27-94-3-61-86-18-38-93-76-55-2-82-77-23-16-19-66-100-84-58-80-95-99-42-34-11-96-60-13-79-92-26-97-20-47
Ta100x20,8,2,200,0.8875,0.075,10,2230810291,17000,6621,6481,6084,3.652825261,v2_avx512bw_vec32_exact_perm,39-28-18-62-78-6-72-87-10-44-56-45-71-22-70-14-90-1-29-31-74-69-3-12-59-9-25-7-4-21-52-91-57-68-67-36-54-73-23-5-41-27-83-16-81-24-51-48-47-40-19-2-50-15-98-80-77-58-96-60-53-82-63-100-49-30-89-88-33-84-93-99-75-37-35-11-17-66-95-65-55-85-46-92-43-8-61-38-76-86-97-32-42-13-79-64-94-34-26-20
Ta100x20,8,2,200,0.8875,0.1,1,2230801210,17000,6694,6481,6084,2.82960545,v2_avx512bw_vec32_exact_perm,39-22-67-62-78-90-4-44-73-12-7-91-10-70-69-1-72-45-71-83-31-36-27-18-32-51-75-87-14-2-93-15-41-55-50-56-48-24-6-29-66-8-5-63-3-25-100-30-68-19-21-37-88-58-74-98-9-17-81-59-57-54-35-77-49-16-79-28-80-89-43-85-46-76-86-53-96-33-82-23-61-11-99-40-60-65-42-84-52-92-95-38-13-64-94-34-47-26-20-97
Ta100x20,8,2,200,0.8875,0.1,2,2230802219,17000,6638,6481,6084,2.950668046,v2_avx512bw_vec32_exact_perm,39-78-44-67-72-62-59-29-31-50-5-3-90-81-12-56-6-10-22-91-73-87-14-45-57-41-9-2-7-75-80-18-93-24-69-94-70-19-64-36-71-65-77-55-88-58-1-83-37-68-49-51-25-16-35-17-11-38-53-28-61-32-27-21-4-85-89-48-15-60-43-82-96-33-92-42-52-40-98-100-8-46-97-76-23-86-99-74-79-63-54-13-30-84-95-66-34-47-26-20
Ta100x20,8,2,200,0.8875,0.1,3,2230803228,17000,6712,6481,6084,2.587457617,v2_avx512bw_vec32_exact_perm,39-62-78-73-91-4-12-72-22-71-29-87-81-70-69-3-51-59-44-36-67-7-25-10-5-27-83-31-60-45-88-49-76-41-57-9-96-66-30-14-58-56-24-18-82-19-6-15-90-40-75-99-52-98-100-48-77-37-65-68-42-86-50-46-28-85-93-17-16-2-35-11-55-53-21-61-80-64-89-84-23-1-63-43-8-32-74-13-54-38-92-33-95-79-94-26-34-20-97-47
Ta100x20,8,2,200,0.8875,0.1,4,2230804237,17000,6741,6481,6084,2.70008169,v2_avx512bw_vec32_exact_perm,39-62-78-31-29-4-87-90-36-73-59-22-51-83-24-72-54-41-18-75-88-44-1-68-56-45-17-70-37-91-82-14-93-67-9-69-2-5-81-96-7-38-12-35-65-43-71-25-50-19-3-53-6-10-40-48-52-8-63-79-32-28-76-61-86-21-23-77-74-98-58-15-64-80-16-100-46-89-49-85-57-13-95-30-66-11-55-42-27-94-99-92-60-84-33-34-26-20-47-97
Ta100x20,8,2,200,0.8875,0.1,5,2230805246,17000,6696,6481,6084,3.005495859,v2_avx512bw_vec32_exact_perm,39-62-28-72-81-44-68-32-87-29-51-71-69-31-19-25-59-12-23-83-73-7-3-70-18-6-67-22-56-14-82-27-33-93-9-45-5-37-17-90-75-57-1-41-88-96-94-91-58-36-100-24-95-15-30-40-98-16-89-77-63-38-99-74-46-2-35-53-76-65-54-48-50-4-86-78-80-52-84-43-21-13-49-61-8-79-10-64-66-92-85-11-34-60-42-55-26-20-47-97
Ta100x20,8,2,200,0.8875,0.1,6,2230806255,17000,6604,6481,6084,2.640902996,v2_avx512bw_vec32_exact_perm,39-67-32-87-72-59-29-4-18-22-7-46-6-44-62-73-45-56-12-57-31-16-78-71-74-5-24-83-70-14-27-91-81-68-54-69-1-51-28-19-41-100-53-96-48-80-35-15-88-93-89-10-86-75-36-30-38-9-94-58-25-82-77-37-52-33-17-90-85-60-40-3-63-43-8-21-98-49-50-99-65-34-23-2-61-76-11-55-97-42-95-13-79-64-66-92-84-26-20-47
Ta100x20,8,2,200,0.8875,0.1,7,2230807264,17000,6763,6481,6084,2.758722816,v2_avx512bw_vec32_exact_perm,39-62-78-72-24-6-44-22-73-36-1-71-90-64-58-57-41-25-46-7-91-70-59-12-48-50-31-56-68-29-10-52-21-96-4-9-53-83-45-8-14-28-89-18-74-37-75-23-5-17-51-27-84-86-69-93-33-35-98-79-87-88-77-67-49-38-43-30-40-65-66-81-80-85-63-32-76-100-16-15-2-61-94-13-3-11-82-54-60-95-42-19-99-55-26-34-92-47-97-20
Ta100x20,8,2,200,0.8875,0.1,8,2230808273,17000,6731,6481,6084,2.839492175,v2_avx512bw_vec32_exact_perm,39-62-67-56-41-78-6-12-4-72-18-22-66-70-7-69-87-3-90-91-25-29-53-14-45-33-81-27-24-59-15-9-73-36-31-5-93-44-40-68-48-60-71-96-83-17-57-1-19-49-37-51-76-30-23-38-88-58-64-82-28-16-100-89-85-11-52-55-61-21-77-98-10-75-80-74-65-50-43-35-13-95-86-54-99-63-32-46-79-42-84-8-2-34-92-26-94-97-20-47
Ta100x20,8,2,200,0.8875,0.1,9,2230809282,17000,6678,6481,6084,2.830628864,v2_avx512bw_vec32_exact_perm,39-87-90-62-29-72-71-44-22-78-12-91-69-4-45-31-93-67-3-56-70-73-25-21-57-10-41-14-68-5-15-27-36-58-59-17-9-32-28-81-24-48-83-52-85-2-77-37-49-7-84-89-18-35-75-66-6-38-19-30-100-61-53-50-46-98-51-76-16-1-40-63-88-86-8-43-82-65-74-55-80-23-11-54-92-96-60-99-79-33-64-42-13-95-94-34-47-26-20-97
Ta100x20,8,2,200,0.8875,0.1,10,2230810291,17000,6554,6481,6084,3.083030297,v2_avx512bw_vec32_exact_perm,39-73-96-28-62-87-4-78-72-44-74-12-22-25-7-91-37-29-27-14-69-31-9-1-77-41-45-56-65-83-93-33-70-59-81-50-52-51-54-40-71-49-3-98-24-100-67-95-10-48-21-63-23-88-94-18-75-5-58-57-30-6-15-89-53-17-85-66-80-16-36-35-43-19-68-82-11-38-76-86-64-32-60-2-13-55-42-84-79-46-92-90-99-34-8-61-26-20-97-47
Ta100x20,8,2,200,0.8875,0.125,1,2230801210,17000,6781,6481,6084,2.851610571,v2_avx512bw_vec32_exact_perm,39-62-78-72-22-87-70-7-67-12-29-58-59-44-57-71-51-14-56-19-83-1-93-90-18-4-91-74-69-65-81-100-3-98-50-73-31-88-27-76-41-43-68-25-42-54-17-60-49-28-35-96-80-89-33-82-64-36-30-77-45-5-53-9-99-24-37-23-61-40-21-2-46-92-16-48-6-15-63-84-52-38-75-85-11-13-95-79-8-55-86-32-10-94-66-26-20-34-47-97
Ta100x20,8,2,200,0.8875,0.125,2,2230802219,17000,6762,6481,6084,2.974823839,v2_avx512bw_vec32_exact_perm,39-62-78-4-97-72-68-27-67-69-87-59-36-22-29-15-99-70-73-91-6-41-45-90-51-5-28-56-57-31-81-71-44-25-7-19-8-1-40-35-83-12-38-65-74-76-52-3-53-48-50-10-100-24-98-96-14-88-33-9-37-89-23-17-30-61-49-32-75-64-58-11-54-43-13-93-84-82-63-16-2-85-77-55-21-60-80-46-42-18-92-86-26-95-79-20-47-66-34-94
Ta100x20,8,2,200,0.8875,0.125,3,2230803228,17000,6692,6481,6084,2.826831234,v2_avx512bw_vec32_exact_perm,39-62-78-29-67-70-73-59-56-44-7-72-22-93-90-81-45-91-9-1-14-68-57-64-66-31-69-28-27-71-40-8-36-21-17-61-35-16-51-43-65-83-87-75-41-88-12-48-50-2-6-19-5-4-24-25-3-37-58-98-77-10-86-82-23-33-18-74-89-95-30-38-42-15-76-49-52-100-80-32-63-54-53-11-96-46-55-79-85-60-84-26-92-47-13-94-34-99-97-20
Ta100x20,8,2,200,0.8875,0.125,4,2230804237,17000,6683,6481,6084,3.025348174,v2_avx512bw_vec32_exact_perm,39-62-78-72-67-56-31-36-58-18-12-7-22-44-90-88-94-70-25-69-30-27-83-14-32-87-2-73-59-50-68-4-29-57-28-24-95-91-48-98-9-100-51-5-71-3-49-17-93-81-1-23-33-75-10-45-41-52-15-6-8-40-63-84-76-21-46-53-85-64-79-77-35-66-86-65-80-89-74-19-16-61-11-13-43-96-60-38-37-54-34-92-99-42-55-82-26-20-97-47
Ta100x20,8,2,200,0.8875,0.125,5,2230805246,17000,6722,6481,6084,3.266719969,v2_avx512bw_vec32_exact_perm,39-62-78-22-87-7-64-90-29-12-4-54-45-14-91-9-83-36-24-72-1-27-71-59-44-69-41-40-93-70-56-31-49-81-52-73-5-23-67-15-35-76-74-2-17-51-68-10-37-77-18-75-57-30-48-58-19-86-32-6-63-50-98-53-3-25-88-55-82-100-46-66-89-42-28-65-33-84-16-21-60-11-61-92-13-99-85-34-38-96-43-8-79-80-95-97-94-26-20-47
Ta100x20,8,2,200,0.8875,0.125,6,2230806255,17000,6720,6481,6084,2.669945568,v2_avx512bw_vec32_exact_perm,78-31-67-72-44-74-12-22-7-1-70-62-68-41-39-56-83-27-28-57-71-90-100-30-98-91-87-76-69-51-14-3-75-59-9-66-81-4-29-18-45-93-49-84-64-36-58-5-6-19-15-82-16-88-23-53-50-86-77-35-52-10-38-43-37-89-25-33-24-65-40-96-21-80-99-17-48-85-92-63-8-79-73-54-61-11-13-95-60-55-2-32-34-46-42-97-20-94-26-47
Ta100x20,8,2,200,0.8875,0.125,7,2230807264,17000,6737,6481,6084,2.726783821,v2_avx512bw_vec32_exact_perm,39-28-22-72-87-12-59-62-78-7-90-74-68-70-56-41-69-67-29-45-27-5-81-53-37-18-99-21-95-44-31-36-3-49-91-25-83-51-96-71-24-88-17-43-76-33-89-40-35-75-4-14-10-60-6-15-73-82-9-8-50-2-48-86-52-19-98-93-61-77-100-65-30-80-57-42-84-32-46-55-58-16-63-79-13-11-1-38-54-92-97-85-23-94-20-64-66-34-47-26
Ta100x20,8,2,200,0.8875,0.125,8,2230808273,17000,6778,6481,6084,2.610362436,v2_avx512bw_vec32_exact_perm,39-62-87-78-22-12-36-72-28-1-90-24-68-91-29-81-45-70-44-56-59-64-71-69-65-4-18-7-66-40-25-83-76-96-14-93-31-73-82-9-5-77-17-41-67-33-34-51-2-35-89-100-16-75-6-10-52-27-48-88-37-57-46-19-60-15-63-74-85-50-86-53-58-43-55-23-84-54-3-8-30-21-98-38-49-80-61-92-11-95-42-13-99-79-32-94-26-20-47-97
Ta100x20,8,2,200,0.8875,0.125,9,2230809282,17000,6733,6481,6084,2.79492859,v2_avx512bw_vec32_exact_perm,39-62-87-78-44-4-12-29-71-59-27-66-9-51-28-72-81-18-69-56-45-67-30-93-36-96-70-73-53-40-14-6-5-22-23-1-16-19-7-68-90-91-31-3-76-65-57-24-33-74-25-89-64-82-63-55-88-48-35-46-83-37-99-15-77-52-50-43-8-17-49-75-100-98-80-61-21-84-11-41-2-58-13-95-54-10-92-85-42-97-60-38-86-79-32-94-34-47-26-20
Ta100x20,8,2,200,0.8875,0.125,10,2230810291,17000,6725,6481,6084,2.622877009,v2_avx512bw_vec32_exact_perm,39-87-12-62-78-68-67-56-22-72-69-71-18-90-59-93-44-81-51-77-14-10-33-70-29-7-27-1-5-73-66-91-9-96-41-4-76-8-40-57-25-55-64-36-46-75-6-83-28-88-98-17-50-32-37-48-53-84-35-31-19-43-45-23-30-74-38-65-2-58-24-82-100-63-99-21-60-89-85-15-3-86-26-49-52-79-16-47-61-11-80-13-20-54-34-92-42-95-97-94
Ta100x20,8,2,200,0.925,0.025,1,2230801210,17000,6709,6481,6084,3.224853019,v2_avx512bw_vec32_exact_perm,39-28-72-18-78-67-32-22-90-87-74-44-69-24-27-2-4-45-14-62-29-73-35-31-36-19-66-70-81-59-91-1-60-68-100-9-33-71-75-5-83-30-51-17-50-93-56-86-7-53-89-10-25-23-54-6-48-82-41-88-96-63-12-58-37-49-57-15-11-40-16-52-8-21-98-46-61-77-76-84-38-95-3-64-42-80-43-55-79-13-65-94-92-99-85-34-47-26-20-97
Ta100x20,8,2,200,0.925,0.025,2,2230802219,17000,6689,6481,6084,2.972973874,v2_avx512bw_vec32_exact_perm,39-28-22-72-68-78-10-62-67-51-69-59-87-41-76-12-90-14-31-88-44-18-71-36-70-56-45-7-64-25-66-81-29-37-91-1-40-93-9-27-5-4-100-24-3-16-57-49-99-89-47-73-86-75-19-77-48-83-82-15-32-63-98-2-30-50-58-38-6-42-52-60-84-33-96-21-17-80-8-74-43-55-23-65-53-85-54-35-79-92-61-11-46-13-20-26-95-94-34-97
Ta100x20,8,2,200,0.925,0.025,3,2230803228,17000,6626,6481,6084,3.365250897,v2_avx512bw_vec32_exact_perm,39-28-78-55-72-44-22-62-71-36-56-31-1-57-87-7-10-29-45-27-5-12-66-14-89-91-9-67-24-100-4-88-97-18-48-58-82-81-41-70-25-69-17-2-52-51-59-54-83-68-16-60-40-93-90-77-37-35-11-19-84-73-50-33-75-6-98-49-15-3-74-86-61-46-21-76-65-30-80-43-23-13-99-63-85-96-53-38-95-79-64-8-47-32-42-34-92-94-20-26
Ta100x20,8,2,200,0.925,0.025,4,2230804237,17000,6646,6481,6084,3.293428202,v2_avx512bw_vec32_exact_perm,39-62-87-78-72-12-22-7-56-31-44-59-74-67-18-93-90-45-83-24-14-9-35-69-27-49-1-73-15-91-71-29-10-57-50-68-70-75-4-76-100-30-41-5-48-88-96-64-51-98-23-36-65-40-53-81-60-66-80-33-84-63-52-77-58-17-25-3-47-6-19-82-61-21-42-28-8-11-55-85-43-32-89-46-86-16-2-38-92-37-95-99-13-79-54-97-94-34-26-20
Ta100x20,8,2,200,0.925,0.025,5,2230805246,17000,6588,6481,6084,3.278342991,v2_avx512bw_vec32_exact_perm,39-62-78-68-67-72-12-22-29-71-69-18-36-90-74-87-44-32-81-14-45-24-31-5-3-56-9-27-70-91-40-15-73-28-46-7-25-35-53-17-83-65-88-98-75-41-19-51-58-85-93-1-37-96-57-49-82-89-30-50-10-6-48-33-43-4-23-16-63-55-60-84-66-52-38-2-21-77-8-100-94-61-86-80-76-79-64-99-42-92-54-13-11-95-59-34-26-20-97-47
Ta100x20,8,2,200,0.925,0.025,6,2230806255,17000,6599,6481,6084,2.975195902,v2_avx512bw_vec32_exact_perm,39-73-72-10-67-22-78-1-91-4-70-44-74-62-69-87-59-71-51-27-5-7-31-9-56-28-25-81-36-49-33-68-3-14-89-12-32-29-52-45-83-64-75-24-18-90-6-48-98-38-96-58-30-23-50-21-19-88-37-43-65-35-41-77-17-8-63-54-40-82-57-16-2-93-84-61-53-80-86-60-47-85-46-76-100-99-42-79-13-97-11-15-95-55-66-34-92-94-20-26
Ta100x20,8,2,200,0.925,0.025,7,2230807264,17000,6628,6481,6084,2.635389861,v2_avx512bw_vec32_exact_perm,39-62-78-67-29-90-87-72-36-10-71-44-24-22-14-18-45-31-12-68-48-69-2-58-35-88-89-27-5-49-83-1-70-93-7-56-55-37-75-30-51-41-15-40-76-98-65-91-9-4-50-3-77-66-81-74-33-64-96-63-53-73-25-28-17-95-59-100-23-52-19-21-80-6-60-43-42-82-38-13-16-57-54-94-61-79-99-11-32-84-8-34-46-85-86-47-26-92-97-20
Ta100x20,8,2,200,0.925,0.025,8,2230808273,17000,6579,6481,6084,2.844557859,v2_avx512bw_vec32_exact_perm,39-67-22-18-78-44-56-12-73-59-62-71-70-74-33-81-28-72-1-69-90-87-57-88-31-45-14-68-34-27-29-58-9-91-77-5-37-40-41-10-82-25-100-83-24-60-98-7-35-93-17-2-89-23-16-36-19-6-55-66-8-49-30-50-51-75-15-43-4-52-54-53-11-3-32-96-48-63-84-38-21-80-64-76-42-97-65-13-95-79-94-85-46-99-92-61-26-86-20-47
Ta100x20,8,2,200,0.925,0.025,9,2230809282,17000,6626,6481,6084,2.85328271,v2_avx512bw_vec32_exact_perm,62-78-71-81-72-44-56-67-96-22-18-7-29-64-69-12-73-59-24-28-31-33-70-14-36-87-90-39-30-45-100-68-83-88-37-91-35-77-27-4-51-19-53-25-49-76-41-94-17-9-85-65-48-57-93-1-89-5-3-23-6-63-10-75-2-15-99-60-32-55-46-40-16-38-21-42-82-11-86-52-80-79-50-98-58-54-74-61-43-92-8-84-95-66-34-13-26-20-97-47
Ta100x20,8,2,200,0.925,0.025,10,2230810291,17000,6593,6481,6084,2.678774034,v2_avx512bw_vec32_exact_perm,39-62-68-87-78-72-10-44-51-18-56-67-69-71-14-22-70-64-73-45-88-59-81-77-33-27-28-32-31-29-48-24-90-57-1-15-7-83-91-16-4-53-12-50-98-36-19-8-41-76-40-89-25-30-60-38-6-94-3-54-5-2-21-55-93-100-9-52-66-86-75-63-82-80-17-85-58-49-11-37-43-35-61-84-74-65-23-95-13-79-99-34-96-92-46-42-47-26-20-97
Ta100x20,8,2,200,0.925,0.05,1,2230801210,17000,6607,6481,6084,2.810241997,v2_avx512bw_vec32_exact_perm,39-62-78-72-67-22-56-31-12-7-66-87-14-10-70-45-29-59-100-91-9-71-88-58-81-18-24-90-36-25-17-3-69-53-96-44-28-51-93-5-8-73-75-35-2-40-27-97-19-99-57-23-6-50-4-52-1-68-43-55-48-21-98-38-83-77-15-33-41-76-85-49-89-30-82-11-32-63-84-60-16-79-80-42-95-92-65-46-13-61-74-37-86-64-54-94-34-26-20-47
Ta100x20,8,2,200,0.925,0.05,2,2230802219,17000,6627,6481,6084,2.751029874,v2_avx512bw_vec32_exact_perm,39-87-78-6-44-73-72-12-22-18-7-56-21-31-91-70-81-24-5-68-67-62-27-83-77-58-25-14-10-40-15-41-51-29-1-3-49-98-90-45-69-89-8-64-28-88-17-36-75-96-19-33-93-71-100-76-54-35-48-53-9-23-86-52-94-50-65-85-43-4-16-59-46-57-32-84-38-82-11-30-42-80-61-37-95-99-34-2-66-92-63-60-13-79-74-55-47-26-20-97
Ta100x20,8,2,200,0.925,0.05,3,2230803228,17000,6668,6481,6084,2.716921572,v2_avx512bw_vec32_exact_perm,39-62-78-67-72-12-22-7-91-29-44-70-31-56-18-58-25-93-45-71-9-14-83-64-69-81-24-1-59-51-73-49-21-19-36-30-66-57-87-75-50-4-27-6-98-40-53-65-3-68-5-23-48-90-82-94-35-15-77-89-76-41-85-33-43-52-2-86-96-37-63-88-84-32-46-100-61-80-79-16-17-28-8-97-74-42-54-92-10-13-11-60-38-55-26-95-99-34-20-47
Ta100x20,8,2,200,0.925,0.05,4,2230804237,17000,6727,6481,6084,2.821988745,v2_avx512bw_vec32_exact_perm,39-62-29-59-7-12-72-44-58-56-67-9-18-14-87-45-69-88-40-90-94-25-22-66-81-78-2-74-31-1-60-35-50-71-53-5-10-96-57-91-17-93-36-19-52-70-6-83-65-73-30-24-49-84-37-21-15-98-48-51-77-16-89-38-41-100-76-64-63-82-4-43-68-3-33-27-23-99-75-80-61-28-86-32-8-79-85-13-95-11-26-55-54-46-92-42-34-20-47-97
Ta100x20,8,2,200,0.925,0.05,5,2230805246,17000,6623,6481,6084,2.889016197,v2_avx512bw_vec32_exact_perm,39-62-87-78-44-72-24-12-69-73-59-91-81-22-70-45-93-14-9-71-10-83-25-29-68-60-51-7-67-56-27-5-64-94-57-31-1-58-97-77-19-18-17-33-23-53-50-36-89-48-88-8-40-30-43-52-90-86-76-49-35-74-4-65-3-63-84-75-41-2-82-11-16-38-21-61-6-80-100-15-85-96-46-42-95-28-37-55-79-99-92-54-13-98-32-34-66-26-20-47
Ta100x20,8,2,200,0.925,0.05,6,2230806255,17000,6607,6481,6084,2.768836228,v2_avx512bw_vec32_exact_perm,39-97-78-44-73-62-12-56-67-71-72-70-93-45-59-1-15-36-31-7-91-29-9-8-14-69-87-74-68-77-83-37-27-5-51-17-64-22-32-33-41-50-63-75-81-100-98-24-18-40-54-19-66-34-88-90-35-43-89-28-23-82-53-2-58-85-52-65-57-30-61-6-38-16-48-4-76-49-84-80-21-11-96-10-3-79-25-42-60-99-95-13-46-92-86-26-55-94-20-47
Ta100x20,8,2,200,0.925,0.05,7,2230807264,17000,6586,6481,6084,2.85482878,v2_avx512bw_vec32_exact_perm,39-28-72-59-22-62-71-78-12-90-74-14-68-87-45-91-29-27-51-70-31-4-18-24-44-69-73-5-88-3-67-100-58-96-49-30-36-15-56-17-7-8-75-9-33-93-81-66-1-38-76-6-25-19-48-82-83-41-37-95-89-57-98-21-99-60-40-52-11-55-23-77-53-86-80-65-10-50-85-42-35-43-84-46-13-47-16-32-63-79-64-94-61-26-34-92-2-54-97-20
Ta100x20,8,2,200,0.925,0.05,8,2230808273,17000,6598,6481,6084,2.67312257,v2_avx512bw_vec32_exact_perm,39-62-87-78-18-22-29-72-12-67-56-51-90-73-14-59-44-71-3-28-69-81-57-31-77-5-9-91-1-68-83-93-24-21-98-7-70-25-45-4-35-27-17-74-36-33-53-19-47-88-96-49-58-16-6-63-23-10-75-30-40-41-38-86-65-76-48-95-82-94-50-2-37-84-80-52-100-97-8-43-61-89-85-55-32-11-46-15-99-42-54-92-60-13-79-64-66-34-26-20
Ta100x20,8,2,200,0.925,0.05,9,2230809282,17000,6570,6481,6084,2.751191969,v2_avx512bw_vec32_exact_perm,39-62-87-78-72-36-59-94-12-68-73-69-3-70-22-14-29-18-24-45-44-32-60-83-1-7-71-19-100-88-65-96-56-41-37-30-57-89-25-10-48-6-50-4-49-2-9-64-58-5-51-81-52-27-28-40-31-93-98-90-35-77-16-38-33-23-75-53-67-8-17-86-91-74-55-42-84-21-80-63-46-76-54-92-85-43-82-13-61-11-95-99-34-66-15-79-26-20-97-47
Ta100x20,8,2,200,0.925,0.05,10,2230810291,17000,6700,6481,6084,2.851378072,v2_avx512bw_vec32_exact_perm,39-62-78-67-72-45-12-76-22-18-69-44-74-5-21-41-68-98-73-91-59-51-70-24-100-25-56-28-71-33-81-29-90-36-8-31-38-1-82-27-16-83-88-49-9-87-14-15-2-58-93-60-77-75-4-7-99-37-19-35-48-96-17-57-6-10-42-52-61-30-79-85-53-46-40-65-32-80-50-89-43-3-86-54-92-66-23-64-63-11-13-95-55-94-84-97-34-47-26-20
Ta100x20,8,2,200,0.925,0.075,1,2230801210,17000,6695,6481,6084,2.830122559,v2_avx512bw_vec32_exact_perm,39-22-87-78-72-28-59-44-29-12-31-56-7-62-67-73-10-5-27-70-3-69-45-14-65-71-57-48-37-35-88-90-96-91-24-83-52-40-81-15-18-54-68-6-33-51-17-41-49-25-53-98-21-8-77-36-50-19-95-58-63-99-75-30-55-100-9-61-74-2-1-85-80-79-82-43-23-60-89-97-32-93-16-4-84-66-11-92-46-76-42-86-38-13-64-94-34-47-26-20
Ta100x20,8,2,200,0.925,0.075,2,2230802219,17000,6710,6481,6084,2.942312048,v2_avx512bw_vec32_exact_perm,39-62-87-72-22-24-78-90-73-12-59-31-56-71-67-69-36-91-4-27-68-29-25-58-9-14-1-18-83-7-70-64-66-77-89-35-17-74-65-19-44-81-6-51-45-88-41-99-5-75-96-21-57-3-10-15-48-52-50-93-100-98-63-40-84-61-53-16-38-80-55-43-8-85-60-49-23-28-33-11-95-82-76-86-2-30-32-46-37-54-94-79-13-47-42-92-26-20-97-34
Ta100x20,8,2,200,0.925,0.075,3,2230803228,17000,6568,6481,6084,3.087648336,v2_avx512bw_vec32_exact_perm,39-22-78-67-44-36-90-71-62-73-59-70-1-72-51-29-27-18-69-45-12-56-7-65-87-83-76-28-91-9-14-96-33-88-17-21-98-58-25-57-41-68-82-5-81-3-38-40-54-89-100-30-49-24-8-6-48-19-50-31-99-93-84-80-60-53-23-77-35-37-79-94-85-63-43-52-75-4-11-55-46-32-10-16-15-74-61-92-26-86-95-47-13-64-66-34-2-42-20-97
Ta100x20,8,2,200,0.925,0.075,4,2230804237,17000,6705,6481,6084,2.897381231,v2_avx512bw_vec32_exact_perm,39-97-78-72-67-44-51-31-71-25-56-54-28-22-12-7-62-68-18-14-57-24-90-30-69-1-29-9-36-53-73-33-40-87-70-91-89-65-83-19-8-27-48-81-93-77-10-15-50-45-5-76-41-23-86-6-52-75-98-82-88-59-63-4-35-64-84-66-2-58-100-16-85-49-42-80-17-21-3-43-99-60-95-61-11-55-38-26-37-96-32-34-46-13-92-79-94-74-20-47
Ta100x20,8,2,200,0.925,0.075,5,2230805246,17000,6757,6481,6084,2.814003926,v2_avx512bw_vec32_exact_perm,39-62-78-87-22-7-44-59-12-72-91-31-29-45-50-70-71-56-90-3-8-74-14-73-4-30-27-68-5-36-64-98-83-57-67-24-1-9-100-18-41-69-96-51-21-81-33-54-28-93-40-38-35-16-2-88-89-58-77-17-46-23-75-53-63-6-82-10-19-43-25-99-60-55-92-85-76-48-32-86-61-37-11-49-65-84-13-66-95-52-80-79-42-15-94-34-26-20-47-97
Ta100x20,8,2,200,0.925,0.075,6,2230806255,17000,6681,6481,6084,2.861025276,v2_avx512bw_vec32_exact_perm,39-62-78-73-12-72-22-69-87-27-83-18-36-67-56-90-58-91-70-81-51-25-59-44-41-24-3-29-31-14-4-48-77-9-88-57-16-94-45-64-5-63-17-7-71-75-100-10-68-35-15-50-6-66-42-1-98-19-93-40-60-55-82-76-53-30-23-52-2-80-95-33-37-32-84-43-8-38-89-28-54-65-49-85-86-96-21-46-99-79-61-92-11-74-13-20-97-26-34-47
Ta100x20,8,2,200,0.925,0.075,7,2230807264,17000,6669,6481,6084,2.823390315,v2_avx512bw_vec32_exact_perm,39-62-78-72-28-10-44-24-91-12-58-45-22-14-68-29-32-87-90-25-64-69-57-71-70-7-31-1-4-52-76-9-17-77-5-51-67-41-56-59-21-96-48-27-19-88-65-83-37-33-23-73-66-50-81-100-86-89-30-36-49-98-2-82-18-3-15-63-93-85-6-75-35-84-38-43-99-53-40-16-60-94-80-55-54-11-42-46-61-8-34-92-74-13-95-79-47-26-20-97
Ta100x20,8,2,200,0.925,0.075,8,2230808273,17000,6740,6481,6084,3.070113591,v2_avx512bw_vec32_exact_perm,39-62-87-78-72-22-4-29-44-73-9-58-12-45-7-68-18-90-57-41-67-64-88-71-59-25-69-24-36-35-30-77-15-56-83-75-6-48-17-50-31-10-27-53-70-91-5-51-14-60-2-28-89-61-99-40-93-81-65-52-49-80-1-63-76-95-85-100-46-33-74-96-82-38-86-16-23-55-37-43-19-79-32-8-11-21-84-47-42-98-3-54-13-66-34-92-97-94-26-20
Ta100x20,8,2,200,0.925,0.075,9,2230809282,17000,6682,6481,6084,3.046727681,v2_avx512bw_vec32_exact_perm,39-62-87-78-73-25-76-59-22-14-12-69-44-28-72-9-29-1-7-40-90-91-71-70-18-56-65-89-10-83-35-74-49-45-81-41-96-88-4-24-3-57-98-21-19-27-77-68-51-48-100-67-52-60-31-33-92-63-5-75-2-17-23-93-30-6-58-61-80-53-36-16-55-15-82-11-85-66-84-46-50-43-8-95-38-37-86-54-32-94-13-79-99-42-34-26-20-64-97-47
Ta100x20,8,2,200,0.925,0.075,10,2230810291,17000,6603,6481,6084,3.36631105,v2_avx512bw_vec32_exact_perm,39-73-22-18-78-72-9-67-41-62-69-2-87-36-29-59-71-70-4-14-91-24-25-10-1-90-31-74-44-7-45-35-27-56-89-100-30-12-60-88-49-68-28-58-83-54-37-96-6-5-19-82-48-23-57-81-16-46-66-47-17-51-75-84-93-98-3-15-55-32-43-8-63-77-40-50-86-53-33-52-65-21-61-80-76-11-42-13-79-95-64-94-99-85-38-34-92-26-20-97
Ta100x20,8,2,200,0.925,0.1,1,2230801210,17000,6752,6481,6084,2.642456831,v2_avx512bw_vec32_exact_perm,39-62-29-59-71-72-22-78-12-28-83-27-51-44-90-76-91-1-56-54-35-4-57-69-8-68-31-14-74-87-48-43-41-73-45-18-70-81-88-33-9-86-50-40-65-52-10-15-93-36-17-7-19-67-61-100-16-49-23-58-6-25-21-5-80-82-79-30-98-77-3-95-38-24-63-53-99-85-75-64-89-13-84-2-46-32-66-11-96-37-60-97-42-92-55-94-34-47-26-20
Ta100x20,8,2,200,0.925,0.1,2,2230802219,17000,6768,6481,6084,2.862137679,v2_avx512bw_vec32_exact_perm,39-62-78-1-72-44-69-45-90-87-36-67-22-91-70-11-59-29-41-96-12-73-40-56-18-48-31-57-88-27-24-52-68-49-15-76-3-71-60-7-100-98-93-83-25-81-64-58-9-28-4-77-14-50-33-79-82-66-5-65-6-89-30-63-53-19-16-74-61-35-80-84-86-46-23-37-2-21-51-43-8-75-10-85-97-38-17-54-32-92-95-99-26-55-42-13-34-20-94-47
Ta100x20,8,2,200,0.925,0.1,3,2230803228,17000,6733,6481,6084,2.895249172,v2_avx512bw_vec32_exact_perm,39-62-78-67-72-44-10-22-51-87-7-14-69-15-1-73-56-59-91-45-43-27-70-19-35-81-75-21-18-71-90-57-68-29-74-41-12-5-89-100-83-76-52-31-33-36-98-24-53-3-40-25-6-23-9-50-30-8-48-4-60-63-58-88-17-55-94-28-85-95-77-86-82-38-16-93-84-65-80-37-2-49-46-42-79-99-32-11-96-54-61-92-13-34-66-64-47-97-26-20
Ta100x20,8,2,200,0.925,0.1,4,2230804237,17000,6740,6481,6084,2.882580728,v2_avx512bw_vec32_exact_perm,39-28-78-44-12-72-71-62-36-56-76-67-10-70-48-51-30-45-87-57-59-15-41-17-100-31-93-69-18-90-9-24-7-66-96-88-14-75-68-83-21-91-4-27-5-73-64-22-50-40-49-58-8-1-77-82-81-52-98-86-33-23-6-38-63-53-32-16-61-29-2-80-11-89-35-19-25-43-3-37-65-85-74-99-60-92-54-55-13-79-84-46-42-95-97-94-34-47-26-20
Ta100x20,8,2,200,0.925,0.1,5,2230805246,17000,6719,6481,6084,3.096167068,v2_avx512bw_vec32_exact_perm,39-22-67-72-12-28-56-78-59-32-73-87-4-70-69-1-90-44-14-7-96-91-29-31-17-71-62-53-10-51-2-49-18-83-5-77-48-81-68-24-88-60-40-100-58-27-21-63-45-52-55-93-25-86-66-9-41-76-19-3-75-33-6-85-23-89-65-30-98-16-36-50-46-79-38-8-42-37-64-57-43-35-15-99-74-80-82-84-11-61-95-92-13-54-94-34-47-97-20-26
Ta100x20,8,2,200,0.925,0.1,6,2230806255,17000,6755,6481,6084,2.687441512,v2_avx512bw_vec32_exact_perm,39-22-62-78-67-70-73-12-64-7-72-90-45-83-9-18-14-51-27-56-59-44-71-58-81-57-32-91-29-31-66-93-98-3-43-4-87-28-88-25-41-75-5-76-17-30-49-74-69-24-53-16-96-61-33-100-11-40-68-36-6-23-21-1-82-63-89-65-60-15-46-48-84-86-19-52-42-8-77-80-50-2-37-55-99-79-35-10-20-13-85-54-38-92-26-95-94-34-47-97
Ta100x20,8,2,200,0.925,0.1,7,2230807264,17000,6744,6481,6084,2.848960769,v2_avx512bw_vec32_exact_perm,39-62-78-67-72-44-56-87-59-51-12-69-31-7-90-45-18-64-41-71-83-60-77-10-33-37-25-14-22-91-29-3-4-9-27-40-70-35-66-17-36-1-63-74-89-100-19-5-2-50-82-81-88-8-49-24-55-84-28-68-16-43-21-53-48-96-57-73-80-52-75-47-30-6-93-98-61-58-85-95-79-86-23-46-15-76-65-99-13-38-32-34-42-92-11-54-94-97-26-20
Ta100x20,8,2,200,0.925,0.1,8,2230808273,17000,6702,6481,6084,3.076617067,v2_avx512bw_vec32_exact_perm,39-62-73-72-59-78-45-12-29-44-68-5-22-40-91-4-6-87-88-10-57-71-67-3-69-27-81-64-90-28-32-70-49-56-41-35-37-25-96-7-63-93-53-31-43-83-51-75-9-52-18-48-36-82-89-30-76-33-14-19-66-17-100-50-8-24-2-23-16-77-1-98-94-84-38-80-95-15-54-21-85-42-46-86-60-79-65-58-11-34-13-61-92-74-99-47-26-55-20-97
Ta100x20,8,2,200,0.925,0.1,9,2230809282,17000,6784,6481,6084,2.845687656,v2_avx512bw_vec32_exact_perm,62-78-68-39-87-72-40-10-44-51-28-73-70-14-27-31-45-41-91-90-69-64-22-74-65-12-56-81-24-8-1-16-71-18-100-59-29-7-66-83-9-48-50-5-88-35-89-36-4-17-53-25-49-19-60-67-76-98-30-93-82-96-95-6-63-77-80-92-61-57-79-52-38-11-75-21-15-33-46-54-58-37-85-23-86-55-2-32-84-3-42-99-43-94-13-34-26-20-47-97
Ta100x20,8,2,200,0.925,0.1,10,2230810291,17000,6710,6481,6084,3.242862303,v2_avx512bw_vec32_exact_perm,39-62-78-67-72-44-51-87-56-28-31-93-7-10-5-27-12-90-4-69-22-1-57-73-18-29-48-9-59-50-68-91-70-40-14-49-81-32-6-54-45-24-15-36-71-23-19-99-83-30-88-52-96-17-58-41-77-25-38-98-21-100-16-82-46-37-74-85-89-60-33-75-53-43-35-86-64-63-8-76-66-79-84-80-2-65-3-42-55-61-92-11-13-95-94-34-26-20-47-97
Ta100x20,8,2,200,0.925,0.125,1,2230801210,17000,6708,6481,6084,2.696971504,v2_avx512bw_vec32_exact_perm,39-62-78-67-72-44-58-14-22-12-29-81-68-5-18-33-10-94-70-7-56-87-77-71-91-73-69-9-19-53-4-27-57-83-88-16-31-3-25-59-100-36-41-74-30-75-15-51-49-96-35-24-37-42-1-98-90-40-45-50-17-93-6-28-65-38-99-21-60-86-85-2-32-89-46-63-48-64-8-76-55-43-23-52-13-84-61-82-80-11-95-92-54-66-34-79-26-20-47-97
Ta100x20,8,2,200,0.925,0.125,2,2230802219,17000,6748,6481,6084,2.678774665,v2_avx512bw_vec32_exact_perm,39-87-72-78-44-73-36-6-18-12-59-56-22-7-62-51-28-64-29-71-15-98-9-40-69-27-3-88-67-14-58-31-74-90-45-41-96-33-49-83-1-43-82-4-19-50-68-81-65-25-91-46-70-24-100-5-52-63-53-75-66-21-30-76-86-99-77-84-8-17-93-42-80-35-16-38-10-48-37-57-54-89-97-32-13-79-11-60-61-2-85-95-92-23-55-26-94-34-47-20
Ta100x20,8,2,200,0.925,0.125,3,2230803228,17000,6727,6481,6084,2.788886388,v2_avx512bw_vec32_exact_perm,39-62-78-73-72-68-12-70-69-45-59-74-41-14-81-29-87-9-90-5-27-22-4-28-56-44-91-31-1-67-38-51-25-7-79-35-24-83-77-37-64-10-71-49-63-57-88-75-18-53-6-82-96-50-23-15-48-30-100-89-36-52-99-33-58-93-98-60-3-43-80-55-19-76-42-84-65-40-16-85-21-46-8-61-17-2-32-92-66-11-86-97-54-95-13-94-34-47-26-20
Ta100x20,8,2,200,0.925,0.125,4,2230804237,17000,6743,6481,6084,2.952156924,v2_avx512bw_vec32_exact_perm,39-62-76-44-72-73-12-22-71-69-18-27-28-91-56-51-87-10-78-68-100-59-70-41-90-1-31-83-35-88-75-14-4-45-77-33-81-24-67-64-57-48-66-53-19-37-36-63-29-9-8-11-16-40-82-93-86-98-3-52-58-5-25-74-96-17-7-89-30-54-15-61-21-32-38-6-43-92-13-46-60-55-99-2-50-65-49-23-85-84-80-42-95-34-79-94-47-26-20-97
Ta100x20,8,2,200,0.925,0.125,5,2230805246,17000,6770,6481,6084,2.914157813,v2_avx512bw_vec32_exact_perm,39-22-78-1-72-44-67-51-73-62-12-69-59-68-7-29-70-58-87-27-5-90-36-18-31-75-56-19-91-3-4-43-25-24-28-81-49-94-8-76-100-9-83-48-71-88-35-14-10-54-98-50-84-17-89-21-37-77-52-64-57-45-61-33-53-6-80-16-30-93-40-79-41-96-60-63-2-38-23-82-32-66-11-95-65-13-85-15-55-42-46-99-86-74-26-34-20-47-92-97
Ta100x20,8,2,200,0.925,0.125,6,2230806255,17000,6761,6481,6084,2.662985215,v2_avx512bw_vec32_exact_perm,87-78-31-32-72-67-69-30-22-62-29-71-12-10-36-56-70-18-7-44-65-58-1-24-45-40-14-33-39-90-93-55-88-73-4-9-91-83-27-25-3-82-98-50-53-51-60-5-23-28-19-52-100-81-77-57-16-43-66-15-59-41-61-80-89-2-75-35-17-64-38-74-63-8-6-76-42-49-21-11-84-48-46-85-92-96-37-13-68-79-86-54-99-95-34-97-94-26-20-47
Ta100x20,8,2,200,0.925,0.125,7,2230807264,17000,6731,6481,6084,2.703816611,v2_avx512bw_vec32_exact_perm,39-62-78-87-4-22-44-67-72-36-14-29-9-10-56-12-58-71-7-18-31-5-24-3-21-45-70-59-91-49-81-90-15-30-75-93-1-51-69-61-27-83-6-28-19-8-76-64-99-54-73-57-74-42-48-35-40-37-41-25-55-84-88-43-68-100-89-16-80-86-50-52-11-60-82-65-63-77-33-66-85-23-17-53-96-98-46-95-92-2-32-13-20-38-79-26-94-47-34-97
Ta100x20,8,2,200,0.925,0.125,8,2230808273,17000,6725,6481,6084,2.696425906,v2_avx512bw_vec32_exact_perm,39-62-22-87-72-28-12-4-44-33-73-78-59-51-29-71-45-64-58-68-14-18-36-67-5-9-53-23-90-75-48-24-83-81-27-56-93-17-10-91-70-77-1-86-63-88-31-7-99-25-3-76-57-100-41-69-19-89-30-35-52-15-66-6-65-74-40-85-49-37-2-82-16-98-55-80-50-42-21-60-84-8-61-11-43-96-46-47-95-34-13-38-92-54-32-79-94-26-20-97
Ta100x20,8,2,200,0.925,0.125,9,2230809282,17000,6763,6481,6084,2.740029018,v2_avx512bw_vec32_exact_perm,39-67-72-44-12-22-78-62-73-70-71-36-7-59-29-87-96-66-1-18-90-83-28-50-69-91-60-14-6-99-53-57-64-31-27-5-56-58-15-30-100-68-24-85-10-49-23-82-88-11-89-45-25-93-81-40-43-52-9-48-19-4-51-65-33-76-61-41-63-75-8-3-55-2-42-16-77-84-35-37-95-38-34-17-79-98-32-21-80-46-54-94-92-74-13-97-86-47-26-20
Ta100x20,8,2,200,0.925,0.125,10,2230810291,17000,6742,6481,6084,2.515318949,v2_avx512bw_vec32_exact_perm,39-62-87-4-10-18-56-22-81-12-78-36-58-71-69-59-91-44-31-14-51-24-29-1-3-72-6-64-5-48-100-98-50-68-25-88-67-49-9-7-37-52-83-28-70-75-66-27-41-11-96-90-35-57-23-74-89-17-2-33-30-53-77-19-93-82-73-60-63-40-65-45-8-85-80-21-61-76-95-86-55-42-92-46-16-43-32-13-38-84-15-54-99-79-94-26-34-20-47-97
Ta100x20,8,2,200,0.9625,0.025,1,2230801210,17000,6569,6481,6084,2.887240416,v2_avx512bw_vec32_exact_perm,39-62-22-58-87-78-72-70-67-14-44-40-73-91-12-25-56-81-7-9-45-1-69-24-31-88-90-41-29-59-10-2-23-27-35-71-57-74-18-4-54-15-82-36-55-68-76-49-5-30-75-51-16-38-93-28-96-53-32-63-17-48-19-6-21-83-46-98-3-50-100-89-52-86-66-33-11-60-84-77-13-94-64-79-80-37-65-34-8-85-92-99-43-61-42-95-97-47-26-20
Ta100x20,8,2,200,0.9625,0.025,2,2230802219,17000,6627,6481,6084,2.616113888,v2_avx512bw_vec32_exact_perm,39-62-78-72-67-44-51-14-12-22-56-7-64-4-31-91-6-87-69-29-70-30-73-36-27-32-71-10-5-45-57-41-83-3-89-15-25-9-49-24-75-18-33-1-81-59-53-28-23-58-88-90-17-93-68-40-54-52-2-94-98-50-100-84-48-8-37-35-46-76-97-38-86-82-77-19-65-85-21-63-16-11-61-74-55-60-13-43-79-99-66-92-96-80-42-95-34-47-26-20
Ta100x20,8,2,200,0.9625,0.025,3,2230803228,17000,6630,6481,6084,2.668095333,v2_avx512bw_vec32_exact_perm,39-28-59-22-72-62-78-68-81-44-45-87-70-56-6-67-66-14-90-25-7-69-9-91-31-93-29-96-41-73-3-36-5-100-94-17-83-27-30-71-88-12-33-89-60-64-4-1-58-76-49-40-50-65-52-53-23-98-86-48-35-24-11-15-19-18-2-77-82-80-37-57-8-75-43-32-63-84-21-99-79-61-51-55-26-16-10-46-42-85-95-74-38-13-92-54-34-20-97-47
Ta100x20,8,2,200,0.9625,0.025,4,2230804237,17000,6572,6481,6084,3.101475667,v2_avx512bw_vec32_exact_perm,39-62-78-68-12-22-7-56-2-87-14-44-72-28-69-31-70-74-59-35-77-81-41-45-9-88-27-83-90-71-57-58-25-1-91-4-24-96-18-29-53-17-73-5-66-67-48-51-38-3-6-37-49-76-86-85-60-97-15-65-21-98-23-50-99-36-33-40-16-82-46-75-63-30-100-89-8-52-43-94-61-42-95-80-92-19-11-55-93-54-84-10-32-13-79-64-47-20-26-34
Ta100x20,8,2,200,0.9625,0.025,5,2230805246,17000,6638,6481,6084,2.782413941,v2_avx512bw_vec32_exact_perm,39-62-78-18-72-44-29-59-22-51-12-7-27-4-91-56-67-31-100-87-70-45-14-41-9-88-10-25-58-82-1-93-90-83-96-69-33-71-24-77-5-17-89-65-3-85-81-28-49-73-36-15-30-19-75-46-2-21-50-23-32-98-68-48-37-16-6-35-63-54-40-95-53-84-66-52-86-38-80-76-64-79-61-74-8-43-55-92-11-99-42-60-13-57-97-20-94-34-47-26
Ta100x20,8,2,200,0.9625,0.025,6,2230806255,17000,6588,6481,6084,3.183135931,v2_avx512bw_vec32_exact_perm,39-62-78-87-19-44-56-67-72-12-22-7-45-69-64-18-73-70-90-29-51-59-71-25-3-4-36-77-30-14-89-9-17-32-28-41-83-10-27-8-57-48-24-81-68-5-91-82-88-58-97-96-37-43-31-93-40-52-75-35-49-86-63-53-1-15-66-100-33-50-98-42-16-46-6-34-76-61-21-2-23-55-99-11-60-74-13-38-54-92-80-79-65-85-95-94-84-26-20-47
Ta100x20,8,2,200,0.9625,0.025,7,2230807264,17000,6607,6481,6084,3.046060475,v2_avx512bw_vec32_exact_perm,39-22-18-78-62-67-72-12-40-4-44-30-69-51-59-71-36-56-1-31-41-90-70-74-64-14-45-87-29-24-100-98-3-7-65-9-48-5-83-68-88-81-27-10-91-19-95-73-25-57-66-28-96-58-33-93-37-35-23-49-2-89-82-53-77-61-80-50-6-75-55-86-52-11-17-16-38-21-42-8-43-84-54-32-63-46-76-15-94-85-99-92-60-34-13-79-47-26-20-97
Ta100x20,8,2,200,0.9625,0.025,8,2230808273,17000,6564,6481,6084,2.836381616,v2_avx512bw_vec32_exact_perm,39-62-87-69-10-56-31-71-78-72-12-22-7-91-73-90-25-44-51-5-59-29-24-49-67-1-57-68-41-83-27-88-81-45-93-9-18-4-70-75-74-37-82-14-64-19-99-58-60-36-96-52-40-17-21-6-33-66-61-30-76-98-15-77-28-85-53-48-63-100-35-89-11-55-23-3-16-43-38-79-8-32-84-80-42-54-50-86-65-95-94-2-46-34-92-47-13-20-97-26
Ta100x20,8,2,200,0.9625,0.025,9,2230809282,17000,6634,6481,6084,2.938405704,v2_avx512bw_vec32_exact_perm,39-62-78-18-29-12-76-22-44-58-71-57-72-67-96-74-90-91-4-30-77-69-87-6-45-31-5-70-48-24-56-28-27-68-8-1-83-14-65-93-36-19-55-34-21-3-98-9-7-25-37-10-40-41-51-75-33-52-81-49-82-46-88-17-73-86-89-100-99-35-59-23-53-50-94-43-61-2-63-16-79-15-85-60-66-80-95-64-42-13-84-92-11-54-32-38-47-26-20-97
Ta100x20,8,2,200,0.9625,0.025,10,2230810291,17000,6577,6481,6084,3.477978015,v2_avx512bw_vec32_exact_perm,39-62-78-67-72-44-45-6-56-91-12-31-51-69-50-18-22-71-70-29-73-58-5-41-57-96-88-90-87-28-14-75-27-83-4-9-64-7-55-93-85-10-48-100-81-24-68-2-35-77-80-76-23-98-17-25-59-82-52-36-19-74-60-21-33-34-53-89-30-49-15-65-61-1-8-63-40-16-43-32-38-84-66-86-3-37-11-95-46-47-97-42-54-92-13-79-99-94-26-20
Ta100x20,8,2,200,0.9625,0.05,1,2230801210,17000,6736,6481,6084,3.342553622,v2_avx512bw_vec32_exact_perm,39-62-10-56-87-78-72-67-4-12-59-49-28-32-22-7-90-70-83-14-91-68-29-25-9-44-1-69-5-31-3-47-24-57-74-82-37-93-73-17-18-100-41-19-75-2-35-15-6-71-86-88-58-45-89-43-8-36-51-16-77-52-50-55-40-99-98-33-27-53-63-61-84-48-81-60-21-23-65-80-30-38-76-92-54-85-42-79-46-96-11-94-95-13-64-66-34-97-26-20
Ta100x20,8,2,200,0.9625,0.05,2,2230802219,17000,6686,6481,6084,3.491341852,v2_avx512bw_vec32_exact_perm,39-62-78-67-72-69-87-59-77-14-73-44-83-31-60-90-18-56-40-12-45-81-7-22-68-57-88-1-9-21-5-36-41-50-71-29-100-52-33-64-28-70-91-27-89-4-65-98-30-32-19-24-66-17-25-2-35-93-84-37-38-51-82-85-8-55-43-76-53-46-75-23-6-16-10-48-80-86-58-61-49-11-63-92-54-96-3-79-99-42-97-74-15-13-95-94-34-47-26-20
Ta100x20,8,2,200,0.9625,0.05,3,2230803228,17000,6776,6481,6084,3.230650035,v2_avx512bw_vec32_exact_perm,39-87-22-28-78-18-72-10-31-71-90-36-74-67-69-44-45-59-50-9-91-70-48-12-62-64-14-24-73-88-51-63-8-25-6-19-7-4-37-56-1-29-27-65-96-83-93-55-68-41-33-76-49-40-57-35-16-75-81-23-5-46-77-52-89-84-66-100-2-86-30-21-82-98-60-17-53-58-80-85-92-99-95-13-61-11-38-43-3-54-79-26-42-15-94-32-34-47-97-20
Ta100x20,8,2,200,0.9625,0.05,4,2230804237,17000,6588,6481,6084,3.400106056,v2_avx512bw_vec32_exact_perm,39-62-78-68-4-67-72-44-22-32-50-31-29-97-51-59-12-69-87-74-90-18-5-40-27-45-7-93-9-73-91-14-65-83-24-25-19-53-71-64-70-56-36-37-81-58-77-30-49-96-41-88-82-1-57-89-33-38-6-16-98-48-3-15-21-85-17-52-100-63-99-80-75-10-23-95-76-43-66-84-35-2-42-13-46-60-28-79-8-11-55-92-54-94-61-86-26-20-47-34
Ta100x20,8,2,200,0.9625,0.05,5,2230805246,17000,6608,6481,6084,3.336592252,v2_avx512bw_vec32_exact_perm,39-62-29-67-90-18-56-78-72-87-28-68-69-6-59-12-73-5-31-27-58-57-71-45-9-91-81-14-22-70-7-35-44-74-54-25-83-97-17-88-24-93-53-96-82-37-33-36-43-19-3-41-89-99-49-76-85-15-51-1-98-38-16-40-79-10-48-50-21-65-63-11-30-77-42-4-60-55-52-100-75-46-2-23-94-8-95-32-84-80-13-61-26-92-86-64-66-34-20-47
Ta100x20,8,2,200,0.9625,0.05,6,2230806255,17000,6701,6481,6084,2.895168271,v2_avx512bw_vec32_exact_perm,39-22-62-78-72-67-12-29-73-70-28-90-27-4-18-33-56-45-51-44-64-68-7-14-59-66-10-17-83-25-24-81-69-41-57-48-87-6-9-91-5-31-88-76-37-1-89-49-8-40-30-2-82-46-3-50-93-95-65-71-98-77-58-36-42-75-35-19-43-52-86-53-21-61-96-80-85-16-38-63-100-84-74-92-54-32-13-79-11-15-99-34-94-23-60-55-47-26-20-97
Ta100x20,8,2,200,0.9625,0.05,7,2230807264,17000,6731,6481,6084,3.02692938,v2_avx512bw_vec32_exact_perm,39-28-90-10-22-62-78-72-67-64-36-68-58-14-91-87-6-44-71-40-31-70-76-88-15-12-48-5-4-69-59-3-49-81-1-29-45-24-8-82-56-27-54-51-9-35-83-25-7-55-93-77-17-38-16-37-2-23-30-73-43-33-75-63-52-41-57-18-60-74-84-89-100-66-19-50-99-98-21-85-11-96-92-53-46-65-42-13-61-95-79-32-80-86-26-20-94-34-97-47
Ta100x20,8,2,200,0.9625,0.05,8,2230808273,17000,6704,6481,6084,3.149351446,v2_avx512bw_vec32_exact_perm,39-62-78-73-67-72-12-22-4-29-68-59-71-57-18-51-25-7-90-87-76-69-45-9-14-77-83-91-31-74-41-10-37-56-44-5-40-27-54-24-1-81-33-48-63-70-93-82-35-8-19-88-28-75-6-65-17-85-50-99-36-86-3-89-49-16-15-53-98-100-46-43-52-61-66-55-84-23-42-58-30-2-34-95-80-60-21-11-96-92-38-13-79-64-47-26-20-97-32-94
Ta100x20,8,2,200,0.9625,0.05,9,2230809282,17000,6572,6481,6084,2.892141168,v2_avx512bw_vec32_exact_perm,39-62-22-72-73-87-69-12-28-4-91-51-59-70-7-44-45-14-66-83-68-27-25-10-81-9-40-33-93-78-56-16-75-46-6-67-71-85-74-37-65-35-29-24-96-1-100-41-98-38-21-31-77-57-18-76-48-89-52-86-36-19-3-23-43-99-17-53-50-90-5-58-30-49-42-54-82-84-64-88-15-32-63-80-92-2-60-79-11-55-94-8-61-34-95-13-47-26-20-97
Ta100x20,8,2,200,0.9625,0.05,10,2230810291,17000,6783,6481,6084,3.193623314,v2_avx512bw_vec32_exact_perm,39-28-22-72-12-87-62-78-59-100-29-68-44-67-56-27-24-70-69-31-1-58-14-71-74-45-18-90-2-5-88-41-91-23-83-35-76-25-7-64-17-9-93-51-75-53-73-10-96-15-33-48-57-36-4-37-81-3-89-77-6-30-65-63-19-40-16-60-80-85-46-49-54-98-82-52-50-86-42-43-99-21-38-84-61-95-8-32-13-79-11-55-66-34-92-94-26-20-47-97
Ta100x20,8,2,200,0.9625,0.075,1,2230801210,17000,6740,6481,6084,2.85583423,v2_avx512bw_vec32_exact_perm,39-22-87-78-72-18-44-73-59-74-62-27-12-7-91-56-71-4-9-45-5-69-24-81-64-77-36-21-14-31-66-85-15-29-90-89-67-70-2-95-50-58-25-68-93-1-19-83-41-17-100-35-98-28-49-3-33-23-6-48-76-53-60-54-63-80-88-75-96-51-40-37-30-57-97-43-52-82-46-16-42-84-65-38-79-13-10-92-86-61-8-11-55-32-26-99-34-94-20-47
Ta100x20,8,2,200,0.9625,0.075,2,2230802219,17000,6739,6481,6084,2.889109927,v2_avx512bw_vec32_exact_perm,39-62-29-59-51-72-69-67-68-81-12-44-74-78-71-70-5-31-87-7-45-22-30-6-56-15-57-65-14-36-24-73-3-9-48-90-55-76-86-50-54-4-27-82-10-88-40-41-2-25-17-83-33-58-77-37-35-64-28-8-98-93-49-46-18-42-19-32-63-75-91-16-43-52-89-84-23-38-1-100-53-60-21-99-85-80-79-61-92-13-11-96-66-95-94-34-26-20-47-97
Ta100x20,8,2,200,0.9625,0.075,3,2230803228,17000,6761,6481,6084,2.951459785,v2_avx512bw_vec32_exact_perm,39-62-28-72-78-10-67-29-1-4-91-22-9-73-69-59-71-70-56-44-27-58-100-30-57-5-87-7-48-54-66-6-15-83-90-31-50-75-24-88-96-3-41-81-12-76-93-45-52-14-51-17-98-19-49-36-33-16-38-74-18-65-37-53-25-99-55-68-35-86-40-77-64-21-42-92-63-61-11-89-43-84-85-46-95-82-2-80-23-8-60-13-32-34-79-94-26-20-97-47
Ta100x20,8,2,200,0.9625,0.075,4,2230804237,17000,6693,6481,6084,2.979296952,v2_avx512bw_vec32_exact_perm,39-62-78-31-67-56-45-4-72-44-7-14-22-64-12-73-69-90-32-87-29-27-68-5-18-59-83-35-70-48-71-50-57-6-88-81-41-15-66-75-1-36-91-9-53-40-63-19-77-17-37-58-98-3-25-24-82-79-100-10-30-54-33-93-23-76-65-52-80-51-85-60-21-89-84-8-49-86-55-74-61-11-28-46-16-92-43-26-13-99-42-96-94-95-38-2-34-20-47-97
Ta100x20,8,2,200,0.9625,0.075,5,2230805246,17000,6741,6481,6084,2.965365676,v2_avx512bw_vec32_exact_perm,39-62-78-67-72-22-44-56-51-59-87-28-36-1-90-14-31-91-68-69-83-70-6-73-18-9-33-74-24-48-45-57-27-5-12-4-30-88-50-71-19-100-89-29-10-66-49-81-7-37-3-95-21-25-23-98-35-40-99-38-17-41-53-64-16-76-93-94-2-63-75-58-65-8-77-32-79-13-42-86-43-60-52-84-80-82-11-61-15-96-54-55-46-92-85-20-47-97-26-34
Ta100x20,8,2,200,0.9625,0.075,6,2230806255,17000,6767,6481,6084,2.955830052,v2_avx512bw_vec32_exact_perm,39-28-59-22-62-78-4-64-71-87-72-73-44-90-18-29-56-7-12-70-10-83-3-31-6-45-88-14-69-52-9-77-49-48-67-57-68-25-81-51-80-41-35-1-19-27-23-75-24-21-95-98-58-38-5-40-50-8-96-43-66-91-100-37-86-30-53-61-93-63-99-55-36-76-33-89-16-46-17-85-84-32-15-34-42-11-60-2-65-74-54-13-92-79-82-94-47-26-20-97
Ta100x20,8,2,200,0.9625,0.075,7,2230807264,17000,6712,6481,6084,2.888506601,v2_avx512bw_vec32_exact_perm,39-62-22-87-78-4-59-91-81-44-29-71-3-12-58-72-90-25-10-5-41-27-51-69-36-30-45-24-46-15-7-83-65-31-67-74-88-52-75-50-98-49-68-76-14-99-9-1-70-17-48-33-21-37-56-40-18-73-85-16-57-66-6-63-19-42-64-35-28-2-43-89-8-100-96-77-23-55-93-61-95-53-86-82-80-11-34-60-54-92-38-79-13-94-32-84-97-26-20-47
Ta100x20,8,2,200,0.9625,0.075,8,2230808273,17000,6722,6481,6084,3.001309627,v2_avx512bw_vec32_exact_perm,39-62-78-59-29-87-22-69-12-6-72-18-73-45-90-7-71-44-14-70-91-66-31-49-56-81-67-88-27-30-36-75-5-17-10-93-83-68-24-57-82-51-96-58-35-37-77-1-15-40-99-8-100-19-84-41-11-52-32-48-63-76-33-89-25-9-43-28-38-16-85-50-86-4-3-53-98-79-74-65-80-23-95-55-46-92-54-21-2-61-42-64-94-60-13-34-26-20-47-97
Ta100x20,8,2,200,0.9625,0.075,9,2230809282,17000,6741,6481,6084,3.054224047,v2_avx512bw_vec32_exact_perm,39-62-18-51-87-56-90-78-72-36-44-58-25-60-22-28-81-68-29-67-5-71-27-69-12-24-100-33-54-41-70-91-7-31-50-88-65-73-94-83-96-59-74-1-37-82-57-19-4-15-52-30-45-14-77-2-9-93-55-53-49-17-84-85-35-75-6-46-76-66-23-10-80-21-86-89-48-61-43-3-40-16-63-99-79-11-8-98-95-32-13-42-64-38-47-34-92-97-20-26
Ta100x20,8,2,200,0.9625,0.075,10,2230810291,17000,6732,6481,6084,2.987005427,v2_avx512bw_vec32_exact_perm,39-62-78-67-72-44-51-22-18-4-29-77-59-12-90-41-7-87-91-56-73-25-40-100-10-69-88-31-24-65-96-70-14-3-15-35-1-68-33-66-93-50-19-83-27-75-6-71-5-9-58-37-36-82-55-30-98-74-60-49-80-17-63-53-32-23-45-8-81-52-57-76-42-48-13-89-16-43-46-86-21-64-61-92-38-2-79-99-85-11-95-28-84-54-94-34-47-26-20-97
Ta100x20,8,2,200,0.9625,0.1,1,2230801210,17000,6758,6481,6084,2.670824222,v2_avx512bw_vec32_exact_perm,39-62-78-87-68-67-12-58-22-69-14-9-70-72-44-1-28-90-32-4-40-71-45-57-73-27-41-19-25-83-56-24-37-77-33-81-65-3-10-93-29-35-2-31-7-5-88-59-49-60-36-18-75-48-91-23-6-86-76-96-17-53-30-63-89-46-82-16-8-50-43-38-11-84-52-79-66-15-51-80-13-100-95-64-21-98-55-54-97-42-94-61-92-85-34-99-74-26-20-47
Ta100x20,8,2,200,0.9625,0.1,2,2230802219,17000,6704,6481,6084,2.782361497,v2_avx512bw_vec32_exact_perm,39-62-78-31-28-72-91-12-29-71-22-68-70-56-87-69-96-14-76-19-74-45-25-44-90-21-59-24-41-36-67-81-9-93-33-27-88-5-98-58-18-54-40-100-10-30-3-51-60-89-15-43-7-77-83-35-66-53-1-49-8-50-23-86-2-92-73-52-38-48-79-75-17-37-65-99-63-82-57-16-84-4-64-80-6-85-42-94-95-55-11-32-46-13-61-34-47-26-20-97
Ta100x20,8,2,200,0.9625,0.1,3,2230803228,17000,6760,6481,6084,2.912641476,v2_avx512bw_vec32_exact_perm,39-62-78-31-28-69-10-71-72-22-18-44-56-51-25-45-57-87-59-29-1-73-100-35-7-27-12-41-83-9-52-77-91-89-14-67-33-90-70-98-40-68-60-15-48-88-80-36-23-81-2-75-6-65-50-24-30-58-4-5-49-93-84-76-79-46-19-85-43-21-8-54-3-66-99-74-63-55-86-61-37-82-96-53-64-16-38-92-11-13-17-32-94-42-34-95-47-97-26-20
Ta100x20,8,2,200,0.9625,0.1,4,2230804237,17000,6758,6481,6084,2.890142275,v2_avx512bw_vec32_exact_perm,39-87-72-22-6-78-91-62-56-44-18-51-4-67-7-90-45-12-59-69-68-83-89-25-48-93-9-81-3-14-65-29-24-100-41-30-70-31-98-28-77-58-75-50-71-2-1-23-5-54-35-38-64-36-73-33-86-40-52-19-27-37-8-88-82-63-16-49-17-21-60-94-84-85-10-74-13-43-53-80-76-79-99-15-61-11-32-57-42-96-95-46-55-92-66-34-26-20-47-97
Ta100x20,8,2,200,0.9625,0.1,5,2230805246,17000,6749,6481,6084,2.778219584,v2_avx512bw_vec32_exact_perm,87-78-59-39-44-51-67-72-12-73-62-28-76-69-70-64-22-1-71-14-33-53-83-27-35-41-2-50-10-68-25-56-17-58-29-91-31-5-57-77-48-81-15-9-98-7-4-45-88-34-16-19-36-93-24-23-96-43-40-8-94-6-52-90-75-80-37-18-100-95-49-32-84-38-66-85-82-11-79-30-89-65-63-3-61-74-54-21-46-60-13-92-42-55-99-26-86-20-47-97
Ta100x20,8,2,200,0.9625,0.1,6,2230806255,17000,6738,6481,6084,2.783877272,v2_avx512bw_vec32_exact_perm,39-62-78-72-73-44-29-59-31-87-71-12-5-24-69-90-36-3-54-51-67-68-56-27-18-32-22-37-41-45-83-14-70-93-81-10-25-38-91-75-66-77-19-49-88-30-9-40-63-16-7-28-53-98-35-64-50-23-74-4-52-76-65-84-85-17-80-79-60-96-61-21-43-58-1-33-89-46-11-55-8-48-6-34-100-13-15-2-82-57-99-97-42-86-26-92-95-94-20-47
Ta100x20,8,2,200,0.9625,0.1,7,2230807264,17000,6799,6481,6084,2.823568467,v2_avx512bw_vec32_exact_perm,39-62-18-56-67-59-78-87-44-22-71-36-74-69-90-19-58-30-83-12-7-64-1-45-72-70-14-9-98-21-91-75-31-41-93-68-37-10-3-5-57-96-81-77-35-24-16-38-49-73-23-17-33-27-28-2-88-51-29-25-52-4-65-82-50-47-84-60-53-48-63-85-46-11-86-100-66-76-6-61-89-8-15-40-80-95-55-13-79-26-54-99-92-42-94-43-34-32-97-20
Ta100x20,8,2,200,0.9625,0.1,8,2230808273,17000,6757,6481,6084,3.007354461,v2_avx512bw_vec32_exact_perm,39-62-7-72-78-44-32-71-73-22-29-18-5-51-28-12-70-90-25-6-3-87-69-56-68-14-59-91-17-60-4-66-9-48-50-37-83-57-19-81-65-41-76-93-1-45-53-88-31-96-86-24-75-63-36-33-67-52-98-16-82-40-10-21-46-55-27-23-30-100-58-15-2-77-8-84-49-42-64-85-79-43-89-61-35-95-80-11-99-54-38-74-13-20-97-92-94-26-34-47
Ta100x20,8,2,200,0.9625,0.1,9,2230809282,17000,6753,6481,6084,2.75688755,v2_avx512bw_vec32_exact_perm,39-62-87-78-59-74-29-22-72-81-44-90-12-14-73-45-70-71-56-69-3-64-15-36-67-5-40-27-91-19-41-31-82-51-25-33-24-77-43-7-16-4-83-63-6-1-17-9-76-23-10-2-48-52-35-68-86-88-54-75-18-21-37-28-80-8-89-57-30-53-61-60-98-100-99-49-94-93-38-79-58-13-50-11-84-96-85-65-32-97-92-46-42-34-66-95-55-26-20-47
Ta100x20,8,2,200,0.9625,0.1,10,2230810291,17000,6726,6481,6084,2.691796698,v2_avx512bw_vec32_exact_perm,39-62-78-87-28-44-72-14-22-70-41-73-69-12-91-4-18-76-33-75-25-90-36-81-31-49-29-68-50-59-71-17-5-88-64-58-51-9-77-1-10-52-48-15-7-40-67-56-27-83-61-3-93-24-98-82-65-6-60-96-19-16-63-100-21-45-11-85-80-57-30-23-55-74-43-89-99-46-66-37-84-35-53-2-38-8-32-54-13-42-92-79-95-97-86-94-34-47-26-20
Ta100x20,8,2,200,0.9625,0.125,1,2230801210,17000,6800,6481,6084,2.560231144,v2_avx512bw_vec32_exact_perm,39-62-73-72-22-69-87-90-67-59-12-36-78-56-71-18-9-83-35-29-6-27-7-44-45-4-58-91-70-19-3-24-54-64-77-84-5-21-98-94-53-68-93-25-33-31-88-15-40-79-80-1-28-51-48-10-63-49-52-42-50-81-2-85-32-16-14-95-8-38-11-96-60-23-13-17-41-76-100-43-89-75-86-30-66-57-97-74-46-37-92-99-34-65-82-61-47-55-26-20
Ta100x20,8,2,200,0.9625,0.125,2,2230802219,17000,6782,6481,6084,2.885055823,v2_avx512bw_vec32_exact_perm,39-62-7-90-87-22-44-3-72-67-93-29-12-69-59-78-81-10-51-1-68-31-91-9-5-27-40-18-41-100-50-98-60-76-66-71-83-4-6-14-70-48-73-56-8-77-89-35-52-19-42-75-30-99-25-57-24-49-2-88-32-16-28-37-53-33-63-15-17-43-85-11-45-23-55-61-36-58-65-86-79-82-54-46-21-84-96-80-74-92-64-13-38-95-94-34-47-97-26-20
Ta100x20,8,2,200,0.9625,0.125,3,2230803228,17000,6771,6481,6084,2.733364058,v2_avx512bw_vec32_exact_perm,39-67-22-28-72-90-44-62-31-12-29-58-3-9-45-36-65-14-27-33-24-56-91-87-19-4-15-1-35-70-69-89-88-71-68-30-17-21-41-2-98-49-5-50-77-59-83-93-74-51-63-81-99-95-8-38-6-40-75-73-57-18-7-53-25-84-78-66-52-82-64-23-76-86-80-43-79-13-96-61-11-60-10-100-26-16-55-48-37-46-47-92-94-54-85-34-32-42-20-97
Ta100x20,8,2,200,0.9625,0.125,4,2230804237,17000,6771,6481,6084,3.146963751,v2_avx512bw_vec32_exact_perm,39-28-78-31-62-59-44-51-71-73-12-45-22-72-90-25-24-56-41-87-27-29-81-70-7-8-77-14-91-9-57-96-67-33-10-69-89-88-52-50-68-11-49-18-100-58-98-75-83-21-40-46-16-4-37-36-17-94-48-82-63-84-65-19-1-93-42-54-35-61-6-15-53-80-74-76-43-5-55-99-3-79-32-86-38-85-23-64-92-2-13-60-66-30-95-97-34-47-26-20
Ta100x20,8,2,200,0.9625,0.125,5,2230805246,17000,6724,6481,6084,2.747587705,v2_avx512bw_vec32_exact_perm,39-22-59-87-40-67-62-78-12-64-7-72-73-29-70-71-14-3-90-44-53-18-36-56-15-27-69-81-91-9-48-80-5-68-31-4-77-43-45-35-83-93-50-2-58-17-49-41-76-30-88-23-60-1-42-57-52-89-54-28-6-19-33-86-24-75-16-100-66-51-63-79-8-10-25-95-55-74-37-84-65-94-85-21-38-82-98-61-11-92-96-32-46-13-34-99-97-26-20-47
Ta100x20,8,2,200,0.9625,0.125,6,2230806255,17000,6757,6481,6084,2.710982504,v2_avx512bw_vec32_exact_perm,39-62-78-67-90-74-87-72-44-56-18-59-49-73-28-4-22-64-29-31-7-14-12-70-45-100-52-9-81-24-91-25-37-57-71-41-10-69-33-96-60-89-36-53-30-77-75-99-19-48-21-1-51-82-65-63-55-88-27-83-93-8-98-46-23-80-68-40-84-6-50-66-17-16-97-32-42-5-2-38-76-3-54-61-86-35-11-58-85-15-43-13-79-95-92-94-26-34-47-20
Ta100x20,8,2,200,0.9625,0.125,7,2230807264,17000,6731,6481,6084,2.609155513,v2_avx512bw_vec32_exact_perm,39-62-72-74-67-22-12-14-18-69-6-29-56-87-4-44-51-41-78-83-96-25-24-70-59-45-90-7-31-60-88-28-89-49-1-68-5-81-15-91-30-36-33-32-64-38-9-71-73-50-35-53-100-98-66-19-16-75-40-58-48-27-86-11-46-76-17-23-52-82-93-10-21-80-57-8-84-65-55-43-77-61-2-3-37-63-79-85-99-42-92-13-95-54-94-34-47-26-20-97
Ta100x20,8,2,200,0.9625,0.125,8,2230808273,17000,6781,6481,6084,2.641472388,v2_avx512bw_vec32_exact_perm,39-62-22-87-69-72-29-68-59-81-9-3-83-14-78-71-12-36-2-66-5-35-73-19-15-56-7-51-70-27-76-28-90-65-45-31-41-91-93-4-57-32-25-97-44-46-6-67-75-50-89-100-30-1-42-63-24-18-43-88-52-48-40-96-58-38-16-53-95-33-98-21-85-17-8-77-99-86-37-79-82-80-54-10-23-64-60-49-55-61-11-13-74-92-84-94-34-47-26-20
Ta100x20,8,2,200,0.9625,0.125,9,2230809282,17000,6736,6481,6084,2.553695916,v2_avx512bw_vec32_exact_perm,39-67-87-78-22-72-36-90-18-77-59-58-14-68-56-44-43-62-45-41-1-9-74-4-81-31-12-27-83-71-30-88-5-69-70-29-75-24-7-15-64-91-100-35-84-53-89-48-96-3-10-23-93-65-37-21-46-50-33-98-52-8-57-19-94-60-17-73-25-66-40-6-16-79-82-80-51-63-2-54-76-85-49-32-11-95-38-86-28-61-42-99-55-92-26-20-47-13-34-97
Ta100x20,8,2,200,0.9625,0.125,10,2230810291,17000,6808,6481,6084,2.600589666,v2_avx512bw_vec32_exact_perm,39-62-22-14-78-45-81-44-41-70-59-87-51-67-91-90-7-69-12-24-56-96-88-6-3-72-83-93-100-71-89-40-31-64-68-98-18-29-4-21-16-57-73-19-84-52-26-65-85-10-58-77-5-25-36-9-48-53-33-27-28-42-63-23-75-82-50-2-35-74-55-15-11-60-17-37-80-1-49-61-79-76-46-95-99-86-66-8-43-92-30-32-38-54-94-34-20-13-47-97
Ta100x20,8,2,200,1,0.025,1,2230801210,17000,6573,6481,6084,3.078471192,v2_avx512bw_vec32_exact_perm,39-62-78-73-90-87-72-36-18-59-29-22-31-45-70-14-44-28-56-81-91-69-12-1-94-68-57-24-77-5-71-3-100-67-93-33-82-49-15-7-9-83-8-88-27-50-98-75-51-10-41-25-76-53-48-86-32-97-23-4-89-60-2-16-63-79-52-61-58-30-43-19-40-66-37-84-21-11-96-35-80-6-38-92-54-85-65-99-34-74-13-17-64-42-95-46-47-55-20-26
Ta100x20,8,2,200,1,0.025,2,2230802219,17000,6654,6481,6084,2.984986167,v2_avx512bw_vec32_exact_perm,39-97-78-67-14-90-44-62-36-71-72-10-28-12-32-45-89-91-31-25-29-70-1-4-88-22-27-54-68-83-35-6-5-87-69-59-24-18-76-40-48-65-9-57-41-56-17-7-30-75-82-15-8-98-33-51-96-93-73-46-50-53-21-19-85-43-63-23-49-2-16-60-81-77-61-38-3-66-37-100-84-80-79-52-86-74-99-58-55-92-11-13-64-42-95-94-34-47-26-20
Ta100x20,8,2,200,1,0.025,3,2230803228,17000,6624,6481,6084,2.893461045,v2_avx512bw_vec32_exact_perm,39-62-78-72-67-31-44-45-51-10-83-29-27-71-70-56-30-5-58-91-22-81-24-65-18-69-88-59-12-7-100-66-87-25-94-73-57-14-3-28-19-9-93-37-36-68-17-40-41-77-8-82-90-75-1-2-4-35-50-15-48-52-11-89-33-6-64-63-23-53-84-80-85-95-49-55-74-21-60-98-38-16-76-13-96-43-46-79-61-26-86-47-54-32-97-42-34-92-99-20
Ta100x20,8,2,200,1,0.025,4,2230804237,17000,6663,6481,6084,2.740620685,v2_avx512bw_vec32_exact_perm,39-32-28-22-62-4-78-44-71-72-51-29-59-27-83-87-1-91-12-69-93-73-45-46-70-90-40-7-67-5-50-31-56-100-6-10-30-15-66-57-25-41-89-24-14-18-68-88-65-75-81-36-21-23-19-3-98-33-74-9-77-35-80-96-37-48-17-52-76-49-82-11-86-61-63-79-58-16-53-8-85-43-97-95-42-84-60-54-13-2-34-64-99-38-92-26-55-94-20-47
Ta100x20,8,2,200,1,0.025,5,2230805246,17000,6674,6481,6084,3.19883145,v2_avx512bw_vec32_exact_perm,39-62-78-73-90-91-36-22-25-4-71-29-45-72-12-31-56-24-67-27-83-59-70-35-9-88-14-48-69-15-81-93-1-19-58-44-95-87-7-99-40-82-18-37-2-74-53-57-41-96-98-10-21-23-89-51-77-50-17-8-28-33-5-43-52-75-84-30-66-65-46-42-3-32-68-55-11-49-100-61-86-16-38-76-80-6-63-92-54-85-60-13-79-64-94-34-47-26-20-97
Ta100x20,8,2,200,1,0.025,6,2230806255,17000,6716,6481,6084,2.629088157,v2_avx512bw_vec32_exact_perm,39-97-4-10-28-72-59-87-78-62-12-29-98-71-44-22-3-70-14-69-58-68-60-18-5-83-81-40-77-91-7-53-9-17-90-1-25-51-93-67-31-65-88-55-36-35-75-15-24-48-74-63-2-96-73-16-33-49-45-21-41-100-56-89-50-86-52-8-34-6-23-19-85-43-66-30-37-57-27-61-82-84-80-11-99-95-76-46-92-38-42-13-54-32-64-47-79-26-20-94
Ta100x20,8,2,200,1,0.025,7,2230807264,17000,6698,6481,6084,2.789752845,v2_avx512bw_vec32_exact_perm,39-28-22-72-68-78-44-56-31-36-87-45-12-58-69-91-4-74-96-59-71-57-24-17-21-62-14-18-70-67-83-73-90-29-37-25-51-27-1-49-3-80-9-7-5-23-55-77-30-81-100-60-98-48-32-19-6-41-50-33-38-10-16-15-88-89-82-40-35-75-64-8-43-93-63-53-65-42-34-46-76-86-84-66-11-95-13-52-79-61-47-54-2-99-92-85-26-20-97-94
Ta100x20,8,2,200,1,0.025,8,2230808273,17000,6573,6481,6084,2.701948249,v2_avx512bw_vec32_exact_perm,39-22-62-78-87-10-7-72-44-12-56-31-45-59-93-29-90-25-67-50-74-65-14-9-28-69-91-70-64-24-73-71-5-83-58-49-15-1-81-53-68-18-57-82-77-60-48-4-88-17-89-35-2-41-36-3-75-55-30-38-100-97-63-27-6-99-33-51-40-42-16-19-84-47-52-66-21-43-86-8-98-76-32-80-54-61-79-85-11-96-46-23-37-34-95-13-92-94-26-20
Ta100x20,8,2,200,1,0.025,9,2230809282,17000,6657,6481,6084,2.735067369,v2_avx512bw_vec32_exact_perm,39-62-87-51-72-67-58-14-10-96-69-22-24-44-45-5-41-27-36-4-73-64-12-56-90-30-78-23-59-81-46-29-100-7-68-16-28-31-19-77-91-83-37-9-18-48-89-99-53-40-70-88-50-98-2-33-35-82-25-52-57-71-75-65-93-1-84-17-21-66-63-85-95-80-76-49-11-55-54-3-92-42-97-43-60-38-6-61-79-8-74-13-86-15-32-94-34-26-20-47
Ta100x20,8,2,200,1,0.025,10,2230810291,17000,6654,6481,6084,3.116893935,v2_avx512bw_vec32_exact_perm,39-62-78-67-72-44-74-87-90-51-14-31-29-48-9-22-18-7-70-33-27-69-83-73-91-12-56-58-71-81-57-88-25-24-1-4-96-45-68-77-17-6-100-66-19-35-23-93-5-16-53-76-41-28-2-32-15-40-82-50-98-80-36-86-52-79-64-89-3-10-21-63-94-75-11-8-84-37-46-85-49-42-30-95-60-99-38-43-13-54-55-65-61-26-59-20-34-92-47-97
Ta100x20,8,2,200,1,0.05,1,2230801210,17000,6731,6481,6084,2.666333017,v2_avx512bw_vec32_exact_perm,39-62-78-67-72-44-56-90-87-36-10-69-22-54-73-70-3-14-59-28-6-41-31-5-93-29-83-12-68-88-4-27-40-58-77-91-81-65-35-74-9-66-71-18-45-17-57-25-24-1-98-7-50-23-100-21-16-63-2-96-51-19-53-15-37-32-75-30-38-43-48-82-86-46-52-92-8-11-61-89-49-33-76-85-84-60-99-80-79-55-26-13-64-42-95-94-34-20-47-97
Ta100x20,8,2,200,1,0.05,2,2230802219,17000,6728,6481,6084,3.079333909,v2_avx512bw_vec32_exact_perm,39-62-18-78-51-67-72-44-45-81-36-56-12-7-22-87-91-68-40-73-70-64-59-14-66-29-25-28-83-27-93-9-71-33-75-24-10-100-41-76-8-31-30-57-1-90-53-37-48-23-50-3-5-15-69-96-88-6-19-49-63-77-99-74-54-84-4-82-21-79-52-35-61-17-11-92-80-89-60-2-65-98-32-38-85-43-13-58-16-86-46-42-55-26-95-94-34-47-97-20
Ta100x20,8,2,200,1,0.05,3,2230803228,17000,6729,6481,6084,2.62611447,v2_avx512bw_vec32_exact_perm,39-62-78-87-44-22-51-10-71-72-27-29-59-12-67-58-69-45-8-81-31-25-36-57-24-14-15-41-56-1-96-68-48-90-9-91-76-21-70-93-55-83-5-73-77-33-89-88-49-7-30-61-6-65-40-50-3-98-11-35-28-100-17-23-52-4-43-16-53-94-80-82-18-37-85-95-63-75-46-19-2-42-13-86-32-60-54-79-84-99-38-74-92-47-64-66-34-20-26-97
Ta100x20,8,2,200,1,0.05,4,2230804237,17000,6754,6481,6084,2.884392379,v2_avx512bw_vec32_exact_perm,39-62-87-78-68-72-45-22-14-12-93-31-29-41-44-56-90-64-71-3-69-59-9-51-28-19-88-37-98-27-58-70-54-74-81-7-25-83-35-46-49-76-1-75-30-5-89-40-18-66-100-79-4-73-16-36-65-67-80-24-48-23-17-53-96-86-52-57-50-91-77-15-6-10-21-38-60-99-63-2-82-55-42-85-92-43-8-95-61-33-11-84-32-94-13-34-26-20-47-97
Ta100x20,8,2,200,1,0.05,5,2230805246,17000,6744,6481,6084,3.057296087,v2_avx512bw_vec32_exact_perm,39-62-78-18-72-73-44-12-22-69-45-52-70-93-10-7-31-32-87-56-96-91-1-71-51-57-24-90-25-19-28-29-37-36-9-59-88-33-27-81-41-40-74-3-15-65-77-89-5-83-17-58-35-68-49-84-23-82-6-98-100-30-14-50-67-38-63-53-85-16-2-76-4-48-55-43-99-60-21-61-46-42-80-13-75-64-79-8-54-86-34-11-95-66-97-92-94-20-26-47
Ta100x20,8,2,200,1,0.05,6,2230806255,17000,6745,6481,6084,2.766510855,v2_avx512bw_vec32_exact_perm,39-62-78-67-4-72-44-90-87-36-73-18-12-7-5-56-3-31-22-9-88-69-28-8-59-40-27-41-82-29-50-91-65-14-75-30-57-81-71-43-70-24-1-83-33-51-68-10-48-53-15-77-19-93-98-100-58-37-84-45-80-85-55-60-42-25-6-35-46-52-17-76-23-49-38-64-21-79-89-63-32-11-16-54-86-74-94-61-92-2-96-99-13-95-66-34-97-26-20-47
Ta100x20,8,2,200,1,0.05,7,2230807264,17000,6696,6481,6084,2.705545794,v2_avx512bw_vec32_exact_perm,39-62-78-10-29-71-44-59-51-87-6-31-70-45-88-22-67-56-100-18-12-58-14-69-1-24-7-72-25-90-91-68-40-9-73-83-57-5-41-50-94-19-27-3-2-30-37-95-23-36-16-17-52-28-98-77-48-4-81-89-33-49-61-8-53-11-35-75-80-15-76-84-60-85-55-93-74-13-43-82-54-86-63-65-46-21-96-32-38-97-79-42-64-99-92-66-34-26-20-47
Ta100x20,8,2,200,1,0.05,8,2230808273,17000,6738,6481,6084,2.699119342,v2_avx512bw_vec32_exact_perm,39-62-72-73-59-22-69-44-30-68-78-12-56-58-64-28-4-31-3-29-45-36-90-14-24-43-89-5-67-65-10-91-25-83-87-7-74-93-9-19-48-18-6-2-100-35-70-41-50-37-71-17-57-88-61-52-75-98-33-1-8-40-82-27-21-23-49-51-16-77-84-53-80-81-46-42-63-76-96-79-32-66-15-60-55-99-13-38-92-85-11-86-54-95-94-34-26-20-47-97
Ta100x20,8,2,200,1,0.05,9,2230809282,17000,6742,6481,6084,2.900554798,v2_avx512bw_vec32_exact_perm,39-62-87-78-72-10-67-71-12-59-69-29-3-22-51-14-90-18-56-44-45-70-9-7-83-66-93-27-68-58-73-91-88-31-5-1-24-28-94-100-4-25-53-57-15-74-96-50-41-76-19-33-65-49-98-81-40-30-36-52-77-8-89-64-17-21-43-85-75-6-61-48-55-80-11-35-63-79-32-46-82-42-2-16-60-38-99-23-37-84-92-95-13-54-86-26-34-20-47-97
Ta100x20,8,2,200,1,0.05,10,2230810291,17000,6754,6481,6084,3.193775409,v2_avx512bw_vec32_exact_perm,39-62-87-7-64-72-29-10-22-12-76-44-71-5-36-31-69-33-74-90-67-1-98-78-41-19-27-58-56-70-3-48-6-14-9-93-45-75-83-65-8-89-17-68-35-81-24-91-66-18-84-2-88-4-50-80-82-51-73-28-25-59-49-57-16-52-23-15-95-13-77-86-40-54-38-100-99-30-85-37-53-63-43-79-61-21-11-26-96-46-92-55-60-47-42-97-32-34-94-20
Ta100x20,8,2,200,1,0.075,1,2230801210,17000,6753,6481,6084,3.026311044,v2_avx512bw_vec32_exact_perm,62-73-72-12-22-87-7-10-90-51-88-30-69-44-59-78-32-67-56-31-58-25-5-15-29-24-76-57-27-45-71-74-70-41-1-19-37-39-36-91-17-9-83-81-14-93-49-68-48-35-53-6-75-4-18-52-23-40-2-86-46-21-98-50-16-100-82-3-61-11-13-99-66-89-64-84-28-63-77-8-79-33-80-65-96-85-92-43-60-42-94-95-38-34-54-55-47-26-20-97
Ta100x20,8,2,200,1,0.075,2,2230802219,17000,6733,6481,6084,2.951747557,v2_avx512bw_vec32_exact_perm,39-28-72-22-78-44-69-67-4-12-31-51-62-68-45-56-59-70-14-30-100-87-64-7-29-73-71-94-27-83-57-41-9-37-91-90-18-89-5-36-53-25-76-35-2-48-75-84-77-19-24-15-66-54-88-81-50-52-33-23-43-98-1-8-82-65-32-63-3-40-93-49-86-80-17-58-21-11-16-13-38-6-61-85-60-42-79-95-99-74-96-46-10-92-34-55-20-47-97-26
Ta100x20,8,2,200,1,0.075,3,2230803228,17000,6718,6481,6084,2.763937311,v2_avx512bw_vec32_exact_perm,39-62-78-87-68-72-44-22-18-28-70-83-36-71-14-91-90-31-12-29-24-56-76-65-1-10-3-100-51-64-7-19-4-96-48-27-30-59-73-23-88-21-9-41-17-45-57-69-77-89-93-67-25-53-5-84-6-66-35-15-33-61-43-52-58-81-85-63-8-40-49-86-16-2-46-82-11-75-37-32-55-80-50-99-79-98-74-60-94-38-54-95-13-42-92-34-47-26-20-97
Ta100x20,8,2,200,1,0.075,4,2230804237,17000,6775,6481,6084,2.777091569,v2_avx512bw_vec32_exact_perm,39-67-62-72-59-78-87-7-12-69-68-44-22-73-56-64-14-29-36-90-76-31-70-71-54-51-45-3-91-41-28-5-81-40-15-49-93-98-25-9-27-37-88-19-1-50-4-82-52-83-33-23-53-96-85-58-74-11-6-75-80-84-35-65-21-18-57-77-30-66-89-60-16-38-17-48-43-24-13-2-46-63-100-8-55-79-32-42-10-99-61-92-95-86-94-34-26-47-20-97
Ta100x20,8,2,200,1,0.075,5,2230805246,17000,6732,6481,6084,2.761768788,v2_avx512bw_vec32_exact_perm,39-87-78-31-44-36-22-18-73-69-3-67-62-56-12-70-74-59-1-71-72-57-90-7-33-29-9-37-41-88-96-45-14-49-66-81-35-100-68-93-58-27-98-83-5-19-64-15-85-77-82-2-76-86-51-91-24-50-4-46-75-17-16-25-10-23-48-43-89-63-21-52-60-8-28-40-55-65-32-53-6-79-30-38-61-80-11-92-54-42-99-84-13-95-94-97-34-47-26-20
Ta100x20,8,2,200,1,0.075,6,2230806255,17000,6785,6481,6084,3.883532733,v2_avx512bw_vec32_exact_perm,39-62-78-73-90-87-14-68-59-6-72-12-54-22-67-81-3-7-43-69-56-51-9-24-71-41-57-58-83-44-27-31-65-29-91-45-5-70-86-93-76-50-82-4-96-48-36-88-89-33-1-75-98-95-19-28-46-15-16-23-10-52-25-40-94-8-17-30-77-60-37-53-2-85-35-74-80-63-100-49-11-55-61-84-18-92-64-38-21-42-99-32-13-79-34-66-47-26-20-97
Ta100x20,8,2,200,1,0.075,7,2230807264,17000,6716,6481,6084,3.475864047,v2_avx512bw_vec32_exact_perm,39-62-28-72-4-10-22-87-44-78-12-35-59-56-31-29-71-18-100-41-69-88-90-45-25-51-67-36-27-70-33-14-49-68-75-48-91-81-64-24-9-73-37-7-15-82-85-84-52-83-60-5-93-76-53-46-89-30-43-23-40-55-1-63-19-77-66-57-2-21-99-6-16-38-50-86-32-61-80-98-17-95-58-8-11-97-65-96-3-42-13-79-34-92-26-54-94-74-20-47
Ta100x20,8,2,200,1,0.075,8,2230808273,17000,6752,6481,6084,3.10867988,v2_avx512bw_vec32_exact_perm,39-97-78-81-22-29-44-27-72-45-59-87-36-71-90-56-41-70-1-91-69-21-31-25-62-57-67-58-14-64-12-68-88-18-51-50-4-5-54-40-66-15-73-93-9-7-24-17-75-30-6-33-19-53-48-63-100-83-52-77-86-98-76-49-23-35-43-3-89-8-10-80-60-79-82-96-61-74-11-55-37-46-16-38-2-84-65-32-13-99-85-34-92-26-42-95-28-94-20-47
Ta100x20,8,2,200,1,0.075,9,2230809282,17000,6726,6481,6084,3.297182665,v2_avx512bw_vec32_exact_perm,39-62-78-67-72-44-51-22-27-28-4-1-91-87-70-19-69-6-3-12-83-29-90-14-9-93-59-73-82-25-45-31-71-56-33-18-50-64-24-65-7-40-100-96-35-88-5-68-10-36-89-48-52-81-60-98-46-74-76-55-2-32-41-57-23-17-80-77-37-38-86-53-75-42-21-84-63-43-16-8-58-54-30-49-61-92-99-79-66-13-11-15-85-95-94-34-26-20-47-97
Ta100x20,8,2,200,1,0.075,10,2230810291,17000,6750,6481,6084,3.191186439,v2_avx512bw_vec32_exact_perm,39-28-72-67-62-78-90-18-29-56-22-44-71-25-69-6-31-68-59-70-91-87-14-36-10-1-40-52-50-58-41-57-98-3-9-77-73-55-27-23-83-5-7-38-81-88-75-65-51-12-35-24-15-19-4-53-17-45-93-76-61-74-49-82-60-16-21-43-48-2-86-30-33-37-42-96-46-100-79-63-66-89-92-8-84-80-95-64-85-11-32-54-94-13-34-99-26-20-97-47
Ta100x20,8,2,200,1,0.1,1,2230801210,17000,6790,6481,6084,2.93443253,v2_avx512bw_vec32_exact_perm,39-62-28-72-78-14-44-73-87-12-22-1-90-57-56-51-29-71-17-3-59-27-76-33-9-91-32-18-23-7-88-31-93-15-69-68-82-5-30-53-66-81-52-98-67-70-45-21-77-19-37-65-100-61-36-80-74-50-40-86-49-4-24-16-83-75-8-79-35-89-85-43-60-13-41-10-25-38-96-6-48-63-64-54-58-11-46-55-95-42-34-84-92-2-97-26-99-94-20-47
Ta100x20,8,2,200,1,0.1,2,2230802219,17000,6763,6481,6084,2.866010487,v2_avx512bw_vec32_exact_perm,39-62-78-73-44-59-72-87-68-56-22-67-27-12-29-54-58-7-57-83-51-31-18-69-25-41-1-14-24-66-45-100-4-50-91-9-10-28-70-71-5-64-36-89-21-96-35-88-48-53-43-75-90-93-55-81-77-30-19-16-38-98-84-63-40-6-60-8-49-37-23-3-2-52-99-42-79-76-65-85-86-46-34-32-80-17-33-82-26-11-92-15-61-13-95-94-74-20-47-97
Ta100x20,8,2,200,1,0.1,3,2230803228,17000,6767,6481,6084,2.779168708,v2_avx512bw_vec32_exact_perm,39-62-72-73-28-44-90-59-51-83-64-41-69-71-22-78-25-74-67-29-12-19-5-81-31-45-14-88-76-27-10-56-70-6-87-91-58-1-7-48-52-9-89-4-15-36-33-18-77-100-43-82-61-85-68-63-17-30-24-57-16-8-3-53-75-98-49-21-50-40-23-84-99-86-2-93-80-60-65-42-35-32-96-38-95-13-37-79-11-55-46-94-54-92-66-34-26-20-47-97
Ta100x20,8,2,200,1,0.1,4,2230804237,17000,6751,6481,6084,2.895152843,v2_avx512bw_vec32_exact_perm,39-62-78-28-72-90-36-44-29-71-22-73-56-27-33-87-7-67-12-10-70-31-91-45-19-51-59-64-81-14-24-69-3-25-9-37-6-68-83-1-88-93-50-98-100-4-40-54-35-15-95-48-5-89-49-16-41-57-30-42-18-94-43-52-74-63-58-55-77-75-84-11-46-8-17-38-76-23-82-86-99-61-21-32-65-53-80-79-85-2-96-66-60-13-47-34-92-26-20-97
Ta100x20,8,2,200,1,0.1,5,2230805246,17000,6748,6481,6084,3.872851084,v2_avx512bw_vec32_exact_perm,39-97-62-72-59-73-87-22-56-69-44-78-12-45-51-27-1-68-10-14-17-4-29-48-18-9-58-57-71-90-7-25-31-5-100-3-88-50-91-61-30-15-76-41-6-98-70-93-49-83-33-89-75-67-36-35-16-43-53-46-28-8-64-42-19-24-21-96-40-80-84-66-52-11-37-23-81-2-55-77-92-32-65-63-38-54-85-74-82-13-86-99-60-79-95-94-34-47-26-20
Ta100x20,8,2,200,1,0.1,6,2230806255,17000,6779,6481,6084,2.877570397,v2_avx512bw_vec32_exact_perm,39-87-22-78-44-73-62-12-59-69-72-1-90-29-71-24-32-58-81-57-30-68-46-70-67-83-27-15-14-31-76-56-52-36-4-91-9-18-41-45-93-21-5-19-96-49-86-35-7-74-33-88-89-25-65-51-63-64-40-98-50-53-16-99-43-23-75-10-48-92-6-42-61-28-17-100-85-54-80-11-82-60-95-38-8-55-79-3-66-77-2-37-84-94-13-34-20-47-97-26
Ta100x20,8,2,200,1,0.1,7,2230807264,17000,6815,6481,6084,3.004651174,v2_avx512bw_vec32_exact_perm,39-67-51-10-58-59-62-12-70-28-72-7-44-56-22-76-90-33-83-18-88-57-87-14-1-78-79-98-71-31-73-36-3-48-19-4-91-6-45-100-27-99-9-25-93-41-40-24-17-65-23-30-43-5-50-75-35-69-63-66-29-53-84-16-68-89-38-81-37-85-52-46-55-82-77-21-11-80-86-8-95-60-49-15-61-42-32-2-13-74-96-34-64-92-54-94-97-26-20-47
Ta100x20,8,2,200,1,0.1,8,2230808273,17000,6758,6481,6084,3.204742794,v2_avx512bw_vec32_exact_perm,39-62-28-72-44-29-73-9-12-56-87-14-59-45-90-71-60-88-10-24-36-58-25-5-69-7-64-22-15-35-81-91-67-68-83-78-1-40-8-53-48-70-4-85-37-27-51-52-84-74-21-17-31-93-50-98-96-33-32-41-49-80-65-57-19-11-16-55-77-75-30-2-46-6-76-61-86-18-66-89-54-92-38-23-3-43-100-42-99-82-95-63-13-34-79-94-47-26-20-97
Ta100x20,8,2,200,1,0.1,9,2230809282,17000,6758,6481,6084,2.990871496,v2_avx512bw_vec32_exact_perm,39-62-87-78-44-4-22-12-32-72-67-14-71-29-69-28-59-64-9-51-3-36-31-10-45-70-48-27-56-90-81-7-91-17-24-41-75-96-57-73-18-68-83-52-25-95-77-23-46-21-30-50-89-80-2-15-53-35-5-88-40-37-19-100-93-55-63-6-33-82-42-16-98-38-1-79-43-99-76-85-58-84-49-8-74-54-92-86-61-65-11-66-60-13-34-94-97-47-26-20
Ta100x20,8,2,200,1,0.1,10,2230810291,17000,6768,6481,6084,3.515673021,v2_avx512bw_vec32_exact_perm,39-78-62-87-29-73-90-51-12-14-4-3-25-72-44-22-59-56-71-57-31-68-7-67-5-24-74-1-82-37-18-9-69-88-81-45-96-91-27-100-41-49-77-16-35-6-38-15-93-70-33-98-76-65-83-46-40-42-89-30-52-28-99-2-50-19-60-36-21-10-23-75-64-13-48-95-17-80-11-55-32-63-8-79-43-66-53-61-58-54-84-26-86-85-92-94-20-34-47-97
Ta100x20,8,2,200,1,0.125,1,2230801210,17000,6765,6481,6084,2.775566805,v2_avx512bw_vec32_exact_perm,39-62-78-12-72-73-41-69-44-81-88-18-90-56-51-67-70-58-87-14-22-33-31-57-91-68-93-36-83-59-9-7-89-71-1-25-52-19-5-49-29-84-53-64-24-76-15-10-82-77-37-23-2-35-45-43-6-48-17-66-8-100-63-42-50-98-75-30-21-99-3-61-16-79-4-40-65-85-46-28-94-27-11-96-80-60-13-95-32-86-38-54-74-92-55-97-26-20-47-34
Ta100x20,8,2,200,1,0.125,2,2230802219,17000,6752,6481,6084,2.809010873,v2_avx512bw_vec32_exact_perm,39-62-28-72-78-44-36-22-31-87-56-10-7-14-29-12-9-5-71-3-24-6-45-66-91-81-69-70-67-90-50-41-57-58-77-25-98-59-83-15-27-40-93-86-88-64-52-33-51-84-100-53-63-30-49-21-89-60-4-48-96-1-35-8-68-23-76-73-80-85-43-16-79-37-32-46-17-75-94-2-82-61-11-74-19-65-18-99-38-95-42-13-34-92-54-55-47-26-20-97
Ta100x20,8,2,200,1,0.125,3,2230803228,17000,6753,6481,6084,2.904767505,v2_avx512bw_vec32_exact_perm,39-62-87-36-67-78-56-59-72-73-12-22-7-41-44-14-51-69-15-35-2-9-89-91-25-29-24-83-27-71-70-19-88-81-5-45-31-90-82-6-46-96-50-76-66-10-18-48-68-40-57-53-52-4-11-60-30-75-1-93-49-21-98-58-100-61-16-28-85-64-38-42-43-86-80-33-3-32-8-63-17-84-23-95-65-55-34-77-74-37-13-79-54-99-92-97-94-26-20-47
Ta100x20,8,2,200,1,0.125,4,2230804237,17000,6767,6481,6084,2.984252604,v2_avx512bw_vec32_exact_perm,39-62-87-68-72-29-44-67-51-78-90-59-30-12-22-45-24-14-18-71-69-36-10-7-70-56-31-41-91-100-35-96-49-81-50-53-5-17-9-48-66-73-3-4-43-6-25-83-88-58-57-23-2-93-52-27-40-37-1-84-16-38-33-77-28-64-63-19-8-89-82-65-79-85-98-32-76-80-86-75-61-21-99-15-42-97-60-11-92-54-46-13-55-74-95-94-34-47-26-20
Ta100x20,8,2,200,1,0.125,5,2230805246,17000,6760,6481,6084,3.318261866,v2_avx512bw_vec32_exact_perm,39-62-78-73-12-22-28-72-87-68-74-14-29-71-10-91-45-51-27-59-88-90-7-70-44-25-33-100-81-54-56-67-69-41-57-9-77-16-48-4-5-31-50-53-24-30-55-1-63-15-75-58-93-17-83-21-36-99-46-3-19-40-37-35-11-98-6-49-89-79-52-60-86-18-66-65-85-92-80-2-96-82-38-23-61-76-64-32-84-8-43-42-13-95-97-94-34-26-20-47
Ta100x20,8,2,200,1,0.125,6,2230806255,17000,6744,6481,6084,2.699064563,v2_avx512bw_vec32_exact_perm,39-62-78-22-18-72-87-69-68-56-44-59-7-91-70-73-12-25-51-90-41-29-1-76-14-66-37-5-71-49-67-57-15-9-93-82-83-2-36-16-45-53-31-81-19-50-65-74-27-98-33-35-96-24-77-43-75-58-64-4-88-28-23-30-3-55-40-84-52-63-10-8-48-21-60-6-54-80-17-85-38-100-11-79-32-61-89-13-46-42-99-92-86-95-94-26-34-20-47-97
Ta100x20,8,2,200,1,0.125,7,2230807264,17000,6838,6481,6084,2.794224612,v2_avx512bw_vec32_exact_perm,39-67-72-12-62-68-78-36-31-51-45-97-59-69-70-30-18-4-71-35-76-56-27-6-22-5-73-87-49-91-57-16-96-33-24-88-25-29-66-81-14-93-89-44-46-52-90-7-60-19-1-86-40-63-9-21-23-83-3-77-53-2-15-58-74-99-41-75-10-82-11-50-98-95-17-85-38-55-8-65-80-13-28-84-100-48-64-37-61-43-54-42-34-92-32-47-79-94-26-20
Ta100x20,8,2,200,1,0.125,8,2230808273,17000,6766,6481,6084,2.672306907,v2_avx512bw_vec32_exact_perm,39-62-72-22-73-12-69-4-78-90-87-56-18-29-59-83-27-9-44-58-71-36-67-25-31-68-57-28-91-7-70-81-45-48-24-8-1-96-77-5-53-14-16-17-66-19-93-33-65-89-50-43-55-40-52-23-6-75-35-30-60-10-82-88-41-76-98-15-100-46-74-54-3-99-37-51-2-61-92-63-49-85-21-84-80-95-13-79-11-86-32-38-42-64-94-34-26-20-47-97
Ta100x20,8,2,200,1,0.125,9,2230809282,17000,6795,6481,6084,2.664918987,v2_avx512bw_vec32_exact_perm,39-62-22-87-72-76-59-44-12-4-78-71-33-7-49-73-64-24-90-18-100-31-40-67-6-14-91-30-45-98-41-51-56-29-70-63-3-16-48-88-10-69-57-25-19-27-93-89-81-9-1-68-37-66-36-75-5-84-83-60-17-46-43-94-58-85-15-52-55-11-35-54-77-23-53-50-65-80-2-82-74-86-13-38-95-79-21-32-8-96-61-28-99-26-42-92-34-20-47-97
Ta100x20,8,2,200,1,0.125,10,2230810291,17000,6780,6481,6084,2.540479901,v2_avx512bw_vec32_exact_perm,39-28-78-18-44-45-31-91-62-56-71-59-36-72-51-5-87-67-64-24-70-14-73-88-83-90-1-57-93-96-3-17-7-27-4-32-19-12-10-48-77-9-98-69-21-81-89-38-30-76-33-22-58-29-16-43-63-66-85-68-86-52-25-75-50-49-100-41-2-80-8-61-6-53-84-82-46-23-99-95-40-37-35-11-65-15-60-54-55-42-74-13-79-92-94-34-47-26-20-97
Ta100x20,8,3,300,0.85,0.025,1,2230801210,17000,6578,6481,6084,4.779921624,v2_avx512bw_vec32_exact_perm,39-62-78-68-72-44-67-69-51-59-14-87-22-91-12-7-90-29-73-70-31-25-45-56-28-93-9-64-41-75-37-83-74-24-98-100-1-18-53-48-4-15-49-94-50-88-2-96-58-92-35-71-36-19-81-54-5-3-27-57-77-99-89-30-38-40-6-82-66-52-43-86-16-33-10-23-63-46-76-17-32-65-85-61-21-11-55-42-60-80-79-84-8-13-95-34-26-97-20-47
Ta100x20,8,3,300,0.85,0.025,2,2230802219,17000,6573,6481,6084,4.879999784,v2_avx512bw_vec32_exact_perm,39-22-67-72-32-87-78-62-12-71-69-7-59-56-81-9-18-88-58-90-29-25-51-27-73-4-70-45-14-17-91-31-1-68-5-57-66-77-83-28-6-55-93-100-3-35-15-98-19-41-76-48-24-44-40-54-64-36-52-75-86-63-16-10-53-23-80-49-74-84-8-50-33-89-30-60-43-21-99-38-82-85-37-79-11-96-46-92-65-42-13-95-94-61-2-34-20-97-26-47
Ta100x20,8,3,300,0.85,0.025,3,2230803228,17000,6675,6481,6084,4.871102802,v2_avx512bw_vec32_exact_perm,39-62-78-71-72-44-22-36-73-59-87-70-1-56-7-10-91-14-67-69-29-96-90-28-88-58-12-83-51-31-19-48-77-37-5-81-75-100-65-30-41-24-27-9-18-4-38-82-93-98-99-40-33-57-50-89-16-6-25-68-74-66-35-45-43-17-60-8-52-53-84-63-49-21-34-23-76-54-86-80-79-61-85-11-95-55-15-97-32-2-3-13-46-92-42-64-94-47-26-20
Ta100x20,8,3,300,0.85,0.025,4,2230804237,17000,6633,6481,6084,5.245723062,v2_avx512bw_vec32_exact_perm,39-87-72-22-78-31-29-44-67-62-12-14-24-68-70-91-32-1-69-97-17-4-18-41-90-56-59-51-93-45-73-9-19-7-57-89-21-71-25-2-35-77-64-88-83-27-5-58-81-49-96-48-10-50-6-80-82-63-30-36-75-15-94-100-53-3-52-60-98-86-38-16-23-33-76-46-65-85-37-40-43-28-99-79-42-95-55-8-13-61-11-54-34-84-92-66-74-20-47-26
Ta100x20,8,3,300,0.85,0.025,5,2230805246,17000,6646,6481,6084,4.884771673,v2_avx512bw_vec32_exact_perm,39-62-78-73-72-12-59-7-22-91-70-29-14-71-44-51-9-56-67-81-18-45-24-64-69-31-28-88-5-94-87-58-36-49-25-53-68-77-15-17-83-8-35-76-6-19-40-48-27-4-93-54-30-65-90-82-52-63-57-32-66-50-86-98-2-75-89-3-23-46-100-1-16-84-41-33-42-10-74-61-21-96-79-80-37-85-43-92-99-95-38-13-11-55-60-34-47-26-20-97
Ta100x20,8,3,300,0.85,0.025,6,2230806255,17000,6560,6481,6084,3.9668246,v2_avx512bw_vec32_exact_perm,39-62-78-31-28-22-72-44-32-51-71-59-14-99-24-10-3-69-9-29-27-74-45-18-12-4-83-56-58-6-15-48-87-7-5-49-70-91-81-67-93-68-1-57-23-52-17-76-90-88-41-96-82-36-33-19-53-25-21-98-16-77-30-38-63-40-73-95-55-66-97-100-50-2-61-80-64-89-37-35-75-79-11-65-46-85-60-86-47-84-8-13-43-92-54-94-42-34-20-26
Ta100x20,8,3,300,0.85,0.025,7,2230807264,17000,6625,6481,6084,3.968130129,v2_avx512bw_vec32_exact_perm,39-62-78-73-67-72-12-59-51-87-88-10-7-25-22-18-69-27-56-44-29-32-28-31-71-70-33-50-5-93-1-90-65-45-75-41-81-24-19-94-83-14-60-91-4-3-2-77-17-9-66-37-30-40-68-58-36-64-52-55-53-100-23-98-16-57-89-61-6-48-80-84-82-8-43-74-35-63-96-38-13-11-49-76-79-99-92-15-85-95-46-42-54-21-86-34-47-26-20-97
Ta100x20,8,3,300,0.85,0.025,8,2230808273,17000,6719,6481,6084,3.944901535,v2_avx512bw_vec32_exact_perm,39-62-87-78-4-44-12-58-72-45-73-91-70-31-14-22-1-56-60-59-68-27-71-64-7-100-29-41-18-5-75-24-69-40-30-98-51-83-9-93-67-28-19-3-25-95-88-66-90-37-74-15-17-48-50-6-89-81-65-10-23-35-36-33-77-82-53-54-63-80-86-52-47-11-49-8-96-57-55-84-21-43-61-85-76-46-16-2-42-38-99-92-13-79-34-32-94-26-20-97
Ta100x20,8,3,300,0.85,0.025,9,2230809282,17000,6564,6481,6084,3.908161277,v2_avx512bw_vec32_exact_perm,39-62-78-73-14-72-44-12-22-7-91-70-71-29-68-32-45-59-30-4-57-87-77-56-31-18-27-69-40-35-28-93-37-17-90-9-1-49-83-88-58-25-81-53-41-36-64-75-63-67-54-51-82-46-24-98-76-48-96-2-52-5-50-21-33-10-23-43-89-16-97-100-66-6-61-79-80-84-8-74-15-99-38-92-55-85-11-65-3-60-42-19-95-94-13-86-34-47-26-20
Ta100x20,8,3,300,0.85,0.025,10,2230810291,17000,6577,6481,6084,4.489564774,v2_avx512bw_vec32_exact_perm,39-62-87-78-44-56-31-12-67-72-45-68-59-93-29-51-25-22-9-7-35-10-36-27-83-88-90-30-69-70-99-1-58-14-71-19-57-66-81-75-6-18-91-24-5-73-40-41-53-85-37-96-100-46-21-98-82-4-77-80-76-23-49-86-33-3-84-52-50-17-65-32-63-48-89-43-55-94-16-60-38-28-8-79-64-61-42-11-95-13-2-54-34-74-15-92-97-26-20-47
Ta100x20,8,3,300,0.85,0.05,1,2230801210,17000,6560,6481,6084,3.850441781,v2_avx512bw_vec32_exact_perm,39-62-78-67-72-45-44-59-87-56-31-70-29-51-25-24-14-83-12-73-22-7-90-1-18-69-71-57-66-81-49-88-9-28-5-74-27-4-19-58-30-68-64-36-76-48-55-93-35-75-15-6-2-41-96-33-50-23-63-10-77-16-40-94-60-91-53-8-17-86-61-11-82-3-100-80-43-89-52-65-85-46-42-84-37-95-21-92-98-54-32-38-47-13-34-79-99-26-20-97
Ta100x20,8,3,300,0.85,0.05,2,2230802219,17000,6563,6481,6084,4.194886334,v2_avx512bw_vec32_exact_perm,39-62-28-72-44-56-22-4-87-6-69-90-18-45-71-57-58-67-31-5-14-78-91-29-12-1-68-66-83-93-70-81-59-77-35-7-19-25-49-73-53-17-9-33-75-30-51-88-65-41-40-37-100-64-89-36-24-16-98-38-76-84-99-74-55-48-10-23-54-50-3-86-52-21-8-63-43-94-61-79-82-85-11-96-92-46-2-32-80-15-60-42-27-34-95-13-47-26-20-97
Ta100x20,8,3,300,0.85,0.05,3,2230803228,17000,6625,6481,6084,4.001837373,v2_avx512bw_vec32_exact_perm,39-62-22-58-87-78-18-56-81-44-71-72-12-36-59-10-45-93-25-28-1-69-90-31-29-33-70-41-14-9-73-83-49-24-40-51-16-27-68-91-15-5-67-57-7-64-89-48-88-96-21-94-4-11-19-77-35-75-50-98-2-17-3-46-32-37-66-53-30-63-23-42-76-43-55-52-65-82-85-60-38-6-80-61-100-54-84-8-34-92-99-79-26-13-95-86-74-20-47-97
Ta100x20,8,3,300,0.85,0.05,4,2230804237,17000,6591,6481,6084,3.880862744,v2_avx512bw_vec32_exact_perm,39-62-87-78-67-72-44-12-69-59-71-35-36-56-31-77-22-1-4-27-5-7-15-29-90-45-91-9-30-57-73-41-24-25-70-14-68-83-28-66-17-32-37-81-49-19-93-94-76-18-65-40-60-53-82-48-61-98-21-51-75-52-84-80-96-100-88-63-3-33-23-43-16-38-6-58-10-85-46-50-2-42-55-79-64-11-97-89-54-8-74-13-95-86-99-34-47-92-20-26
Ta100x20,8,3,300,0.85,0.05,5,2230805246,17000,6599,6481,6084,4.342465356,v2_avx512bw_vec32_exact_perm,39-22-87-72-44-58-12-67-70-62-14-68-45-78-56-29-59-71-51-64-25-7-31-69-1-90-91-81-49-24-88-18-57-4-77-73-83-27-36-19-41-76-75-30-9-10-5-48-74-40-37-82-15-23-94-2-35-52-65-53-98-50-84-60-8-33-93-28-89-86-85-46-17-32-63-3-43-55-42-16-38-6-54-100-97-99-21-61-80-79-13-11-96-95-66-34-92-26-20-47
Ta100x20,8,3,300,0.85,0.05,6,2230806255,17000,6603,6481,6084,3.721609126,v2_avx512bw_vec32_exact_perm,39-78-67-72-44-29-59-12-32-28-22-62-7-10-41-69-68-27-5-83-57-71-81-88-31-9-48-24-18-56-58-36-2-21-87-25-14-15-73-45-70-1-40-17-52-6-91-90-60-93-33-4-55-82-75-46-98-76-23-30-100-66-16-51-63-50-86-53-99-77-80-49-89-85-37-35-11-84-19-43-3-42-64-65-94-61-79-95-38-96-8-74-54-92-47-13-34-97-20-26
Ta100x20,8,3,300,0.85,0.05,7,2230807264,17000,6572,6481,6084,4.010585,v2_avx512bw_vec32_exact_perm,39-62-78-73-70-87-14-72-68-44-1-32-56-22-71-10-28-57-67-93-6-45-90-3-12-5-83-7-31-27-29-91-9-4-88-75-51-18-59-25-41-40-69-24-33-64-81-52-53-36-55-66-23-30-76-98-38-100-16-82-11-63-48-84-19-58-95-80-85-43-15-77-35-49-89-17-8-50-54-21-65-61-2-99-86-74-97-42-96-37-46-94-92-60-47-13-34-79-26-20
Ta100x20,8,3,300,0.85,0.05,8,2230808273,17000,6678,6481,6084,3.774573336,v2_avx512bw_vec32_exact_perm,39-62-78-1-29-87-10-70-71-69-59-44-12-56-31-36-28-14-22-72-9-91-68-67-93-60-18-90-48-50-4-58-57-99-88-96-41-7-5-45-17-81-19-27-66-40-64-51-6-80-84-82-73-25-33-49-21-37-75-11-52-63-89-3-100-30-98-16-77-35-42-2-24-53-15-23-55-85-43-8-46-38-76-95-32-79-13-54-86-74-65-83-34-94-61-92-26-97-20-47
Ta100x20,8,3,300,0.85,0.05,9,2230809282,17000,6670,6481,6084,3.697549052,v2_avx512bw_vec32_exact_perm,39-28-72-78-31-44-62-22-71-36-59-12-91-56-58-81-70-68-45-93-87-18-64-57-90-73-14-9-40-4-69-74-67-29-27-1-83-77-65-35-49-53-25-19-41-10-7-15-88-100-89-97-16-98-24-23-32-17-5-2-55-6-48-21-50-61-75-8-63-51-30-66-84-52-86-33-76-46-38-92-54-43-3-85-82-80-42-99-95-37-79-11-13-96-60-94-34-47-26-20
Ta100x20,8,3,300,0.85,0.05,10,2230810291,17000,6588,6481,6084,4.452859421,v2_avx512bw_vec32_exact_perm,39-62-78-87-44-45-72-69-12-58-64-56-81-71-18-51-29-73-27-90-22-68-59-70-77-31-7-5-93-57-67-25-41-3-14-75-49-9-24-28-86-91-88-99-100-1-4-83-50-53-98-23-30-38-76-33-96-74-46-6-97-89-48-35-63-17-2-55-82-36-52-40-65-19-16-61-21-11-42-60-10-80-85-43-32-37-84-79-15-8-54-94-95-66-34-92-47-26-13-20
Ta100x20,8,3,300,0.85,0.075,1,2230801210,17000,6704,6481,6084,4.086485303,v2_avx512bw_vec32_exact_perm,39-62-78-87-90-56-51-71-14-44-22-67-36-45-72-68-59-83-27-74-35-12-100-7-69-18-48-15-31-4-10-81-1-9-91-88-58-24-70-29-57-75-17-33-41-52-25-21-73-2-50-77-37-96-55-63-66-6-40-23-46-16-5-53-76-93-86-98-28-49-82-8-89-84-30-61-65-3-43-80-19-79-60-92-11-99-85-32-54-13-38-42-64-95-94-34-47-26-20-97
Ta100x20,8,3,300,0.85,0.075,2,2230802219,17000,6695,6481,6084,3.806738441,v2_avx512bw_vec32_exact_perm,39-62-78-67-72-44-59-29-12-58-91-30-69-90-73-25-22-27-51-70-4-41-83-45-56-9-36-14-7-31-87-88-60-10-1-48-76-57-71-96-81-24-66-18-100-93-5-40-3-98-75-19-16-49-79-35-74-15-33-89-53-43-68-23-21-52-8-11-99-80-50-54-63-55-28-61-6-85-65-82-77-37-84-86-2-46-32-13-38-92-64-42-97-17-95-94-34-47-26-20
Ta100x20,8,3,300,0.85,0.075,3,2230803228,17000,6706,6481,6084,3.613980641,v2_avx512bw_vec32_exact_perm,39-62-78-73-67-72-59-22-14-44-90-83-91-6-45-24-25-12-56-69-68-51-31-7-1-10-48-4-50-88-40-27-30-66-65-75-87-57-29-2-71-81-58-41-9-18-5-49-74-37-96-3-89-17-33-36-35-11-61-28-93-63-77-82-16-19-15-98-100-64-21-55-53-23-42-52-76-80-60-8-32-84-43-86-99-70-38-95-13-54-85-46-92-79-94-34-47-26-20-97
Ta100x20,8,3,300,0.85,0.075,4,2230804237,17000,6703,6481,6084,3.741545437,v2_avx512bw_vec32_exact_perm,39-62-78-87-90-44-31-51-67-72-22-71-18-29-5-70-45-4-93-1-59-56-7-9-54-69-83-48-24-89-91-12-15-27-88-35-100-28-41-68-98-58-25-75-3-17-81-66-64-6-57-73-8-14-36-19-94-10-33-30-76-49-23-50-80-74-65-85-86-52-84-82-38-43-16-77-92-53-63-55-40-61-11-60-96-21-46-42-2-37-32-99-79-13-95-34-47-26-20-97
Ta100x20,8,3,300,0.85,0.075,5,2230805246,17000,6583,6481,6084,3.834531003,v2_avx512bw_vec32_exact_perm,39-62-78-73-12-72-22-29-71-18-69-36-70-59-87-40-7-90-44-5-31-91-51-1-68-27-45-56-81-33-74-24-83-54-52-43-82-4-57-67-41-15-65-48-50-9-14-88-89-98-3-49-10-28-58-16-25-6-19-55-93-76-66-86-64-75-63-100-30-35-97-11-77-17-37-46-94-84-53-99-61-92-42-60-2-21-80-96-32-13-8-85-95-38-34-23-79-47-26-20
Ta100x20,8,3,300,0.85,0.075,6,2230806255,17000,6698,6481,6084,3.91248338,v2_avx512bw_vec32_exact_perm,39-62-87-78-51-59-18-69-12-45-72-90-76-22-14-83-56-41-31-70-1-9-7-64-44-73-29-71-57-88-40-33-27-96-3-5-91-4-17-24-32-67-42-49-74-6-25-52-53-15-65-35-38-28-37-93-10-77-82-19-98-75-85-21-48-89-63-79-2-58-81-60-30-68-100-80-16-43-23-94-84-50-8-36-54-46-13-99-86-61-95-11-55-66-34-92-26-20-47-97
Ta100x20,8,3,300,0.85,0.075,7,2230807264,17000,6709,6481,6084,4.080750912,v2_avx512bw_vec32_exact_perm,39-62-78-59-73-44-51-12-28-45-72-18-90-7-25-71-22-56-69-70-29-31-91-24-57-27-48-81-10-32-87-36-83-93-1-67-21-19-77-5-37-6-96-30-4-88-68-9-38-3-43-82-14-15-75-65-58-66-35-50-2-40-17-60-41-8-53-61-49-98-100-85-63-16-52-79-74-89-80-64-76-46-84-33-42-95-99-86-26-55-92-23-13-11-54-94-34-20-47-97
Ta100x20,8,3,300,0.85,0.075,8,2230808273,17000,6686,6481,6084,3.7091366,v2_avx512bw_vec32_exact_perm,39-62-29-72-87-22-12-73-28-90-51-59-18-71-14-68-69-56-31-78-2-40-1-91-3-44-4-35-70-45-53-81-58-93-83-96-27-75-30-50-43-7-15-9-5-10-41-99-66-24-25-37-57-80-85-19-77-49-82-6-16-100-63-88-67-46-8-74-89-98-55-48-76-23-33-36-52-84-21-65-86-60-42-95-61-64-34-13-17-32-11-54-38-79-26-92-94-20-97-47
Ta100x20,8,3,300,0.85,0.075,9,2230809282,17000,6674,6481,6084,3.621312128,v2_avx512bw_vec32_exact_perm,39-28-10-78-44-72-22-12-67-57-62-68-71-36-59-90-74-87-3-100-15-1-7-69-81-91-31-77-5-9-14-56-18-41-73-45-24-83-70-25-66-40-89-27-53-35-49-88-96-48-17-6-50-4-33-64-43-21-98-8-19-29-60-93-75-84-82-52-58-61-63-65-11-51-80-76-30-23-97-16-38-13-79-86-32-54-37-46-42-55-92-2-99-85-95-94-34-47-26-20
Ta100x20,8,3,300,0.85,0.075,10,2230810291,17000,6705,6481,6084,3.993597127,v2_avx512bw_vec32_exact_perm,39-62-78-73-4-44-12-56-28-72-18-90-22-7-45-14-87-29-1-70-83-9-68-27-37-65-51-59-76-48-23-41-10-40-64-69-31-36-71-67-15-100-25-91-88-96-49-33-24-81-32-19-93-5-79-35-89-2-42-58-85-3-21-46-17-43-8-98-75-63-82-30-55-11-77-50-61-16-6-38-99-74-53-80-60-92-86-52-54-57-84-66-13-95-94-34-47-26-20-97
Ta100x20,8,3,300,0.85,0.1,1,2230801210,17000,6727,6481,6084,3.809709666,v2_avx512bw_vec32_exact_perm,39-62-78-71-44-72-69-22-9-73-87-18-51-32-29-27-5-7-19-12-45-58-4-88-64-83-28-68-65-36-76-56-30-70-96-91-66-6-75-41-3-17-24-90-25-67-33-57-74-100-23-37-10-89-35-48-49-63-81-52-98-1-40-53-8-15-50-93-86-80-2-82-14-16-61-77-31-55-43-42-92-59-21-46-11-60-13-99-38-85-95-79-54-84-97-94-34-47-26-20
Ta100x20,8,3,300,0.85,0.1,2,2230802219,17000,6718,6481,6084,3.804964138,v2_avx512bw_vec32_exact_perm,39-62-78-73-67-87-70-56-27-31-36-59-12-97-72-60-29-28-77-10-48-58-23-14-44-9-1-68-5-83-24-64-7-76-4-25-49-53-46-75-41-22-86-19-51-93-69-90-84-45-3-15-88-71-81-57-18-16-40-65-52-42-35-37-6-98-30-38-100-91-54-32-63-89-2-33-85-43-66-55-80-50-96-95-99-21-17-82-13-11-61-92-79-8-34-74-94-47-26-20
Ta100x20,8,3,300,0.85,0.1,3,2230803228,17000,6761,6481,6084,3.784790753,v2_avx512bw_vec32_exact_perm,39-62-78-67-72-22-44-73-90-36-93-24-12-69-71-77-56-59-81-91-60-31-68-25-9-57-7-29-58-41-70-30-75-87-45-14-83-1-6-19-88-35-4-49-27-18-48-28-82-40-16-64-23-17-98-10-51-55-66-37-5-80-50-74-86-52-63-79-99-95-84-100-15-21-89-8-3-13-61-53-11-76-54-43-85-46-38-33-65-26-96-32-92-94-34-47-2-42-97-20
Ta100x20,8,3,300,0.85,0.1,4,2230804237,17000,6741,6481,6084,3.80278411,v2_avx512bw_vec32_exact_perm,39-62-28-78-44-22-72-7-12-56-83-87-45-81-70-36-59-58-71-15-14-37-9-1-69-18-29-91-57-96-19-48-46-66-6-50-40-98-67-35-63-17-77-31-27-30-88-41-100-51-90-73-25-24-75-5-10-21-55-2-82-93-16-53-60-23-8-79-80-85-52-4-76-65-49-74-13-33-84-68-99-11-32-61-54-86-43-3-89-38-64-95-97-94-42-34-92-47-26-20
Ta100x20,8,3,300,0.85,0.1,5,2230805246,17000,6662,6481,6084,3.915516536,v2_avx512bw_vec32_exact_perm,39-62-78-67-72-44-7-12-33-29-64-22-71-90-45-36-31-87-88-5-51-73-18-74-68-14-19-9-59-15-76-83-48-1-91-69-65-70-24-81-25-56-27-41-49-3-4-35-77-10-40-52-38-30-60-17-75-28-2-66-6-80-86-50-93-55-58-54-53-8-89-100-16-46-21-61-98-57-85-82-43-92-84-23-99-63-95-42-97-11-96-32-37-13-79-94-34-47-26-20
Ta100x20,8,3,300,0.85,0.1,6,2230806255,17000,6729,6481,6084,3.962552815,v2_avx512bw_vec32_exact_perm,39-62-87-78-31-1-72-56-69-12-22-45-68-29-77-30-74-67-14-70-64-41-90-71-59-57-27-91-24-73-4-44-51-83-25-18-7-21-5-93-79-98-28-37-9-10-49-48-89-50-40-35-66-96-23-65-17-100-81-36-52-58-82-88-63-16-42-19-2-60-6-85-53-84-75-80-76-46-38-86-99-3-33-15-11-95-8-55-43-54-32-13-94-61-34-92-47-97-26-20
Ta100x20,8,3,300,0.85,0.1,7,2230807264,17000,6724,6481,6084,3.799838891,v2_avx512bw_vec32_exact_perm,39-62-78-87-12-73-72-51-10-44-69-31-18-67-58-5-83-27-90-36-24-56-70-22-29-59-68-14-25-3-71-91-57-4-48-81-93-45-9-7-75-6-17-19-64-35-88-15-1-49-28-89-2-66-40-82-8-50-77-33-98-11-96-30-100-52-23-53-80-84-60-74-16-65-38-41-55-85-92-61-37-32-21-43-99-54-63-76-42-86-46-13-34-95-79-94-97-26-20-47
Ta100x20,8,3,300,0.85,0.1,8,2230808273,17000,6716,6481,6084,3.907279712,v2_avx512bw_vec32_exact_perm,39-28-10-71-72-22-78-67-12-60-73-83-62-68-70-14-44-59-87-57-7-8-49-81-91-4-56-24-31-27-45-5-36-9-51-17-48-58-53-1-29-66-19-50-54-6-88-98-15-86-74-61-75-33-100-3-18-21-41-93-69-89-64-90-84-11-82-30-95-80-77-63-94-2-85-52-42-55-76-25-65-16-40-35-37-43-23-46-13-47-32-96-34-99-38-79-92-97-26-20
Ta100x20,8,3,300,0.85,0.1,9,2230809282,17000,6765,6481,6084,3.708315558,v2_avx512bw_vec32_exact_perm,39-62-78-67-72-73-44-33-87-90-22-18-29-91-36-69-58-12-14-45-30-59-71-40-9-7-25-65-24-17-57-76-5-70-1-41-8-93-28-98-100-49-35-68-88-16-31-56-74-81-10-53-83-82-52-48-75-38-23-6-19-43-66-27-86-80-51-42-64-60-4-37-34-50-2-96-46-47-79-89-54-3-95-21-11-55-63-99-61-85-15-77-13-92-32-84-97-94-26-20
Ta100x20,8,3,300,0.85,0.1,10,2230810291,17000,6755,6481,6084,3.906413773,v2_avx512bw_vec32_exact_perm,39-62-28-33-72-67-12-69-22-78-83-18-90-93-59-58-91-36-87-14-73-29-65-56-31-44-70-88-27-19-81-71-49-1-45-68-9-25-76-3-96-4-35-53-40-48-60-30-6-38-57-77-89-23-52-10-16-7-41-75-21-84-17-5-85-46-24-50-98-32-82-80-63-51-43-79-55-2-8-54-74-64-100-61-37-13-11-42-15-34-99-92-66-86-95-97-94-26-20-47
Ta100x20,8,3,300,0.85,0.125,1,2230801210,17000,6759,6481,6084,3.975841303,v2_avx512bw_vec32_exact_perm,39-28-10-67-72-69-36-71-59-62-78-91-81-56-22-1-41-70-51-90-14-44-27-53-29-31-77-88-65-5-87-83-9-58-68-30-40-12-37-73-55-57-25-45-24-18-7-52-93-19-100-6-94-61-79-42-48-35-76-64-17-15-98-63-66-95-82-4-50-49-33-2-16-89-11-21-23-43-85-75-46-96-8-60-74-80-86-92-84-13-99-47-54-34-32-38-3-97-26-20
Ta100x20,8,3,300,0.85,0.125,2,2230802219,17000,6781,6481,6084,3.947370934,v2_avx512bw_vec32_exact_perm,39-67-62-59-74-72-71-22-14-78-91-36-87-44-32-27-69-12-81-9-45-31-93-4-70-29-68-3-64-90-7-60-56-17-58-6-5-83-15-89-1-48-19-24-18-98-23-75-41-100-57-73-10-33-25-30-77-37-52-35-49-88-50-40-63-96-28-84-53-79-16-13-65-51-66-11-80-38-2-76-54-85-99-61-43-21-46-55-8-95-82-26-92-97-86-42-34-94-20-47
Ta100x20,8,3,300,0.85,0.125,3,2230803228,17000,6713,6481,6084,4.333281139,v2_avx512bw_vec32_exact_perm,39-62-78-67-72-87-90-36-29-59-12-58-44-22-83-93-30-27-61-76-24-31-69-1-4-91-70-77-28-18-53-56-45-5-15-14-32-71-68-46-81-57-33-52-75-9-73-37-2-7-96-48-82-19-88-17-42-41-100-3-64-10-49-98-50-54-25-40-51-74-89-97-6-38-16-65-80-60-35-79-85-21-84-63-55-11-43-23-13-8-99-92-66-86-95-94-34-47-26-20
Ta100x20,8,3,300,0.85,0.125,4,2230804237,17000,6746,6481,6084,4.129309141,v2_avx512bw_vec32_exact_perm,39-62-78-67-71-59-14-22-12-44-51-1-56-87-90-68-58-77-83-72-7-69-73-9-18-91-81-27-96-52-70-6-24-25-48-57-100-29-4-41-49-28-45-31-19-35-65-93-37-40-33-16-88-75-53-5-36-30-15-17-82-3-32-61-63-79-98-76-23-2-86-66-55-21-74-64-50-99-92-10-80-43-89-8-13-11-42-54-84-85-46-60-38-97-95-94-34-47-26-20
Ta100x20,8,3,300,0.85,0.125,5,2230805246,17000,6757,6481,6084,4.02174608,v2_avx512bw_vec32_exact_perm,39-22-62-87-4-72-51-10-78-59-45-73-56-12-41-77-89-44-9-91-70-58-17-5-81-49-68-25-33-88-27-90-14-60-83-7-69-93-96-29-67-66-35-53-76-18-1-19-65-48-57-15-11-31-82-24-55-52-16-23-36-40-30-80-43-21-63-8-98-75-100-6-61-38-28-95-32-99-84-2-50-3-79-37-42-64-71-85-46-74-13-86-92-54-94-97-34-47-26-20
Ta100x20,8,3,300,0.85,0.125,6,2230806255,17000,6718,6481,6084,4.190758489,v2_avx512bw_vec32_exact_perm,39-62-87-78-14-44-59-73-72-22-67-81-91-12-4-88-27-36-9-45-29-66-58-30-5-100-24-68-10-51-25-19-57-7-1-95-69-31-56-71-50-18-90-82-70-49-98-41-75-17-40-77-74-15-33-54-28-35-42-80-43-8-76-93-89-86-34-6-16-52-61-21-63-84-3-53-65-38-48-55-83-32-2-23-99-11-96-37-85-92-46-60-13-79-64-94-47-26-20-97
Ta100x20,8,3,300,0.85,0.125,7,2230807264,17000,6723,6481,6084,3.966227335,v2_avx512bw_vec32_exact_perm,39-62-87-78-44-72-12-73-22-51-29-71-59-45-41-56-10-75-64-70-68-61-14-90-36-67-27-69-24-25-91-82-4-49-81-28-83-48-9-1-57-31-3-7-93-89-65-50-46-76-15-19-86-74-63-30-88-100-35-21-77-6-16-98-38-53-2-58-32-8-40-96-42-79-5-84-52-17-99-66-60-18-92-33-11-80-85-23-43-37-13-95-55-20-54-94-34-47-97-26
Ta100x20,8,3,300,0.85,0.125,8,2230808273,17000,6740,6481,6084,4.198374056,v2_avx512bw_vec32_exact_perm,39-62-78-22-73-72-87-70-67-6-58-14-91-59-51-18-90-83-31-1-36-44-40-93-69-96-4-3-7-9-100-16-12-56-5-89-48-49-57-71-29-17-77-10-81-24-27-28-66-52-25-74-19-65-37-33-42-21-46-2-64-45-35-99-75-63-23-88-98-41-76-50-32-86-61-30-80-92-11-38-54-43-68-85-95-13-82-60-79-15-8-84-53-94-26-55-20-97-47-34
Ta100x20,8,3,300,0.85,0.125,9,2230809282,17000,6696,6481,6084,4.032748975,v2_avx512bw_vec32_exact_perm,39-62-78-67-72-33-44-73-59-87-32-7-22-18-57-12-31-88-56-29-15-6-45-1-71-48-70-69-19-81-35-90-24-77-91-96-51-75-4-14-9-93-68-5-17-28-85-30-27-21-52-83-64-37-36-10-89-40-74-50-2-98-66-23-65-3-86-16-82-38-41-53-76-8-43-25-80-60-94-58-11-54-49-84-63-92-61-13-100-95-99-79-46-55-47-42-34-26-20-97
Ta100x20,8,3,300,0.85,0.125,10,2230810291,17000,6746,6481,6084,3.917970701,v2_avx512bw_vec32_exact_perm,39-62-72-73-12-7-9-51-91-68-59-90-14-29-87-10-56-2-71-58-49-18-83-41-69-22-78-81-25-57-24-52-45-44-6-11-50-1-27-75-96-33-31-66-67-16-4-48-93-28-70-17-84-88-65-32-5-40-89-36-98-15-60-21-35-77-82-19-30-64-53-63-38-100-8-37-79-61-99-76-43-23-85-55-80-42-54-3-74-86-46-92-13-95-94-34-47-26-20-97
Ta100x20,8,3,300,0.8875,0.025,1,2230801210,17000,6720,6481,6084,4.183868857,v2_avx512bw_vec32_exact_perm,39-62-78-87-6-44-29-22-72-12-67-56-27-18-68-49-90-51-31-70-73-28-59-25-69-57-91-50-96-14-24-83-33-81-9-66-1-71-88-54-7-36-40-89-65-45-30-5-21-4-64-2-46-76-77-55-93-86-19-3-100-41-98-48-38-16-11-32-82-99-63-75-35-15-60-17-80-85-52-43-13-23-53-84-58-61-8-79-10-74-37-42-95-97-92-94-34-47-26-20
Ta100x20,8,3,300,0.8875,0.025,2,2230802219,17000,6652,6481,6084,4.261867108,v2_avx512bw_vec32_exact_perm,39-62-78-18-28-22-72-29-90-44-73-12-59-51-69-3-14-64-68-36-67-71-58-5-9-74-7-87-83-91-70-19-27-4-93-17-65-25-45-88-1-81-33-40-55-97-24-77-31-41-21-98-56-100-8-50-86-53-48-75-10-15-6-35-66-43-52-99-82-37-23-61-13-57-84-89-30-2-32-46-63-38-16-76-49-11-92-54-80-96-79-85-94-60-42-34-95-47-26-20
Ta100x20,8,3,300,0.8875,0.025,3,2230803228,17000,6586,6481,6084,4.264606243,v2_avx512bw_vec32_exact_perm,39-62-22-87-78-12-72-44-58-91-36-4-59-71-67-14-49-3-68-29-51-69-31-18-1-56-70-28-27-5-66-81-45-40-64-73-65-41-15-57-7-96-9-88-48-100-52-83-37-80-24-19-6-82-25-76-98-30-38-77-33-16-23-53-75-35-43-55-93-84-10-21-63-90-61-74-89-97-32-2-8-50-17-42-54-92-13-79-99-60-85-46-11-95-94-34-86-26-20-47
Ta100x20,8,3,300,0.8875,0.025,4,2230804237,17000,6586,6481,6084,4.201646913,v2_avx512bw_vec32_exact_perm,39-87-22-18-78-72-28-44-12-58-6-62-71-56-73-31-69-3-29-59-96-14-9-45-15-91-70-74-5-7-90-67-93-19-81-27-51-68-35-49-88-75-65-30-36-52-89-41-10-40-25-4-82-100-64-66-24-98-77-33-83-16-63-23-76-2-1-48-50-61-21-11-37-55-46-17-53-85-42-80-92-95-84-54-43-32-38-99-13-57-94-8-34-60-79-86-47-26-20-97
Ta100x20,8,3,300,0.8875,0.025,5,2230805246,17000,6660,6481,6084,4.397241966,v2_avx512bw_vec32_exact_perm,39-62-78-73-12-90-28-51-72-67-14-44-59-100-24-18-56-71-91-22-81-54-36-69-87-45-9-7-88-96-10-48-57-17-3-68-29-4-41-31-27-70-74-83-77-25-37-49-33-52-89-35-23-1-19-53-30-75-63-97-6-65-61-58-80-82-40-16-2-64-5-93-21-79-98-84-50-8-38-99-43-76-66-86-60-85-55-32-15-42-11-46-92-13-95-94-34-47-26-20
Ta100x20,8,3,300,0.8875,0.025,6,2230806255,17000,6608,6481,6084,4.204503865,v2_avx512bw_vec32_exact_perm,39-28-59-62-87-14-78-44-72-12-67-56-31-69-73-22-91-70-57-71-1-58-25-41-29-51-19-27-45-18-90-83-93-81-15-9-5-7-74-76-55-48-66-64-4-100-6-50-49-88-99-98-89-35-36-75-30-24-68-38-33-54-17-77-16-11-23-82-52-10-60-40-21-63-86-53-8-97-43-42-3-61-37-84-32-46-92-2-65-96-80-79-13-95-94-85-34-47-26-20
Ta100x20,8,3,300,0.8875,0.025,7,2230807264,17000,6609,6481,6084,4.108191679,v2_avx512bw_vec32_exact_perm,39-62-87-78-72-73-44-67-70-32-22-24-25-7-91-14-45-12-90-56-31-93-29-59-68-1-27-83-69-35-17-57-71-10-60-40-6-48-9-88-18-37-4-75-97-51-66-81-3-77-63-5-2-53-38-50-96-21-11-41-15-76-33-8-55-49-74-89-30-36-52-23-82-28-19-43-99-42-65-61-16-100-80-84-79-58-86-46-85-92-54-98-13-95-64-94-34-26-20-47
Ta100x20,8,3,300,0.8875,0.025,8,2230808273,17000,6605,6481,6084,4.616298665,v2_avx512bw_vec32_exact_perm,39-62-78-72-67-36-31-14-44-56-45-22-12-71-29-51-18-3-69-27-90-74-59-5-87-83-9-91-68-6-75-15-41-58-88-99-25-57-81-24-1-28-48-70-54-73-4-100-97-19-93-96-33-89-77-35-17-64-23-7-50-49-98-8-53-86-66-30-76-32-63-43-40-16-42-52-46-38-84-21-37-10-85-82-79-80-11-65-34-61-95-60-2-26-55-92-13-20-94-47
Ta100x20,8,3,300,0.8875,0.025,9,2230809282,17000,6616,6481,6084,3.963368951,v2_avx512bw_vec32_exact_perm,39-28-72-10-78-44-51-62-71-59-56-67-27-12-68-69-83-25-22-7-31-45-93-1-14-70-90-33-3-29-41-77-91-4-76-65-81-64-19-9-36-88-58-18-48-89-5-57-87-17-40-73-2-50-6-35-66-53-15-82-98-49-85-8-84-74-16-100-24-21-63-86-54-52-23-80-11-75-55-99-92-61-37-32-43-97-42-96-46-13-79-30-60-38-95-94-34-26-20-47
Ta100x20,8,3,300,0.8875,0.025,10,2230810291,17000,6581,6481,6084,4.628950122,v2_avx512bw_vec32_exact_perm,39-28-59-62-78-72-67-36-90-18-22-29-27-87-56-81-51-44-71-12-69-3-14-10-68-45-70-74-33-9-48-4-76-31-25-1-93-5-100-19-24-41-65-77-83-37-96-35-7-40-53-64-15-99-49-97-23-91-88-73-82-63-89-57-30-52-75-8-17-58-6-46-85-38-21-98-50-55-32-43-61-54-2-92-80-79-42-16-84-60-66-11-13-95-94-86-34-47-26-20
Ta100x20,8,3,300,0.8875,0.05,1,2230801210,17000,6575,6481,6084,4.044011507,v2_avx512bw_vec32_exact_perm,39-28-18-62-72-68-59-22-56-87-7-12-69-31-83-91-54-51-70-29-73-3-27-14-5-44-74-71-67-78-100-96-33-93-53-4-64-50-90-49-30-36-21-45-89-9-41-88-2-25-35-75-63-81-24-1-60-19-10-40-23-97-6-66-76-65-17-48-98-57-15-82-58-86-52-61-11-94-77-80-84-32-37-13-16-43-38-55-79-99-46-92-8-85-34-95-47-42-20-26
Ta100x20,8,3,300,0.8875,0.05,2,2230802219,17000,6682,6481,6084,4.152280724,v2_avx512bw_vec32_exact_perm,39-62-78-18-28-72-29-90-59-51-81-22-44-45-70-87-91-73-14-69-12-7-93-25-82-71-31-2-5-58-65-56-53-96-33-48-27-4-9-50-67-36-68-1-83-88-57-24-75-3-21-15-41-40-8-6-98-54-74-63-97-100-89-80-85-49-19-64-35-11-84-52-76-55-42-17-60-10-43-99-61-77-16-23-86-46-32-38-30-37-13-79-94-95-92-66-34-47-26-20
Ta100x20,8,3,300,0.8875,0.05,3,2230803228,17000,6746,6481,6084,4.077179305,v2_avx512bw_vec32_exact_perm,39-62-78-73-90-7-12-22-71-72-18-36-21-91-59-10-56-58-70-87-69-74-4-25-1-17-60-83-35-31-14-88-29-27-68-9-48-44-57-75-41-45-33-5-81-24-37-30-67-49-51-52-89-98-100-77-40-19-15-82-23-64-50-2-76-66-54-84-6-16-8-38-63-86-93-55-43-53-32-65-92-3-99-61-80-96-79-11-28-85-46-42-95-13-94-34-47-26-20-97
Ta100x20,8,3,300,0.8875,0.05,4,2230804237,17000,6695,6481,6084,4.240920879,v2_avx512bw_vec32_exact_perm,39-62-87-78-72-73-44-12-56-67-29-90-25-31-3-22-70-77-69-71-1-24-4-45-27-91-35-14-57-7-96-68-59-51-48-19-81-5-88-17-58-9-83-53-93-33-75-60-40-41-6-98-50-15-10-66-74-16-100-61-21-89-63-43-55-30-23-64-36-95-52-2-38-28-99-85-76-65-8-82-11-80-49-42-86-18-84-92-37-54-32-46-13-79-94-34-47-26-20-97
Ta100x20,8,3,300,0.8875,0.05,5,2230805246,17000,6747,6481,6084,4.572923658,v2_avx512bw_vec32_exact_perm,39-28-72-18-78-22-33-87-73-29-90-44-59-70-1-14-31-6-62-24-19-93-12-45-91-51-56-67-9-71-7-88-57-8-5-83-58-10-48-81-89-36-68-64-17-69-25-27-38-77-37-50-3-85-65-16-35-40-53-79-23-21-41-96-98-49-43-66-100-4-86-52-61-11-46-76-15-32-82-30-63-75-80-95-94-55-54-2-84-13-74-92-60-99-97-47-42-34-26-20
Ta100x20,8,3,300,0.8875,0.05,6,2230806255,17000,6717,6481,6084,4.105662454,v2_avx512bw_vec32_exact_perm,39-62-7-44-22-12-72-29-58-87-90-36-71-25-67-59-91-81-78-14-56-9-68-83-27-5-93-76-31-69-40-15-73-33-1-48-70-10-17-21-4-35-45-96-49-30-88-74-65-55-51-61-41-11-50-28-53-98-82-54-16-57-24-89-77-75-38-6-86-3-8-63-80-18-43-37-46-79-85-32-100-23-19-99-42-2-64-95-94-52-60-13-84-66-92-34-47-26-20-97
Ta100x20,8,3,300,0.8875,0.05,7,2230807264,17000,6657,6481,6084,4.158600026,v2_avx512bw_vec32_exact_perm,39-62-78-68-67-72-44-4-22-14-91-87-36-9-59-7-12-56-83-28-64-45-10-93-25-69-31-1-90-29-88-58-35-24-18-49-70-5-81-96-74-94-50-48-71-57-6-40-27-63-73-19-65-75-17-51-33-53-98-30-8-77-60-61-21-82-15-41-52-86-66-80-76-100-85-43-89-46-84-32-37-3-79-54-23-55-99-11-92-38-42-16-13-2-95-34-47-26-20-97
Ta100x20,8,3,300,0.8875,0.05,8,2230808273,17000,6733,6481,6084,4.265819539,v2_avx512bw_vec32_exact_perm,39-62-72-28-10-91-4-87-78-31-44-56-36-14-59-7-64-22-71-70-25-29-9-45-40-27-30-68-35-88-69-90-49-67-12-54-51-23-24-52-76-73-83-15-57-81-93-5-58-1-18-42-17-77-82-3-41-38-55-75-43-65-8-53-50-33-84-63-21-85-37-6-48-16-19-79-61-98-11-99-80-89-32-96-46-100-86-74-13-60-95-94-2-92-97-34-66-26-20-47
Ta100x20,8,3,300,0.8875,0.05,9,2230809282,17000,6729,6481,6084,4.292714238,v2_avx512bw_vec32_exact_perm,39-62-78-67-72-44-4-18-51-29-59-74-87-12-90-91-71-70-14-45-28-56-81-9-5-69-31-66-27-49-83-1-68-77-22-43-50-64-8-24-40-33-75-37-41-10-25-58-30-23-17-36-57-16-6-73-38-96-7-48-55-86-88-93-100-35-53-65-98-3-52-63-54-42-82-21-11-84-80-32-2-89-15-60-85-19-46-61-92-76-79-99-13-20-26-95-94-34-47-97
Ta100x20,8,3,300,0.8875,0.05,10,2230810291,17000,6712,6481,6084,4.511012561,v2_avx512bw_vec32_exact_perm,39-62-78-73-72-25-51-67-44-22-59-36-71-70-87-29-88-58-1-56-69-90-7-5-81-12-9-18-68-74-19-100-64-91-24-75-31-76-45-14-66-93-37-35-41-17-10-40-48-96-27-83-52-57-4-6-15-50-32-98-30-42-3-55-77-49-63-11-53-16-38-21-82-80-85-79-61-46-8-28-43-65-23-60-92-33-89-86-13-2-99-34-95-54-94-84-97-47-26-20
Ta100x20,8,3,300,0.8875,0.075,1,2230801210,17000,6689,6481,6084,4.22335343,v2_avx512bw_vec32_exact_perm,39-62-87-78-12-45-22-5-7-72-68-44-73-57-71-69-59-35-29-9-67-28-90-24-17-18-70-14-91-93-75-10-51-64-56-81-19-98-58-31-77-25-50-53-27-41-16-48-40-15-82-83-6-49-96-4-88-80-1-76-100-66-2-30-63-60-38-52-21-54-8-74-23-36-13-89-33-55-43-3-61-11-32-84-46-79-99-92-37-85-65-42-97-86-95-94-34-47-26-20
Ta100x20,8,3,300,0.8875,0.075,2,2230802219,17000,6757,6481,6084,4.24068193,v2_avx512bw_vec32_exact_perm,39-62-78-73-29-59-12-67-72-28-4-87-44-51-83-74-7-1-70-91-22-14-90-64-69-9-71-25-76-53-18-100-56-27-31-66-33-41-99-75-57-68-24-5-93-50-45-40-19-58-6-81-88-65-48-82-10-35-17-36-11-89-16-49-52-98-79-80-30-60-61-77-15-95-38-63-21-8-54-42-3-86-85-13-43-96-84-92-2-46-23-37-55-32-94-34-97-47-26-20
Ta100x20,8,3,300,0.8875,0.075,3,2230803228,17000,6742,6481,6084,4.171527942,v2_avx512bw_vec32_exact_perm,39-87-90-67-22-78-44-36-18-72-28-31-69-12-73-7-91-59-70-56-62-71-27-5-29-51-48-4-9-10-50-33-40-30-24-64-14-45-88-76-65-82-58-6-2-25-42-15-41-89-1-57-75-46-83-8-52-21-35-81-49-68-93-80-16-63-74-53-55-61-17-66-37-11-96-19-100-43-99-3-23-98-85-95-77-54-60-92-13-38-79-84-32-34-86-94-47-26-20-97
Ta100x20,8,3,300,0.8875,0.075,4,2230804237,17000,6790,6481,6084,4.16950491,v2_avx512bw_vec32_exact_perm,39-28-59-78-72-44-73-90-22-87-62-81-4-14-12-82-31-45-91-70-24-27-29-58-51-25-83-1-57-68-69-96-33-41-53-36-56-71-77-17-65-67-19-93-35-10-23-3-76-88-37-30-2-75-85-80-6-5-15-18-40-48-11-9-61-50-49-95-52-7-21-43-100-60-74-55-89-63-16-38-86-8-46-54-79-64-66-98-34-92-13-84-97-32-42-99-26-94-20-47
Ta100x20,8,3,300,0.8875,0.075,5,2230805246,17000,6753,6481,6084,4.00769188,v2_avx512bw_vec32_exact_perm,39-62-78-7-10-91-72-87-69-22-32-27-44-70-71-12-83-56-18-58-88-67-14-48-31-1-59-29-24-45-90-64-51-25-57-68-17-75-93-19-36-81-54-82-52-41-74-28-40-9-2-66-16-5-4-38-37-35-50-6-98-100-73-30-76-89-65-63-49-46-3-15-84-23-86-80-53-77-8-85-43-61-21-33-96-60-11-92-26-55-79-13-42-99-20-95-97-94-47-34
Ta100x20,8,3,300,0.8875,0.075,6,2230806255,17000,6736,6481,6084,4.238465973,v2_avx512bw_vec32_exact_perm,39-62-78-72-73-58-44-31-59-18-87-69-56-40-71-70-90-29-14-67-7-15-5-12-3-83-51-27-10-48-91-53-4-1-22-50-33-81-88-6-25-82-49-24-98-17-9-8-45-36-55-35-68-19-77-37-74-57-2-16-75-41-63-65-42-93-86-46-89-54-28-11-76-100-99-30-21-61-52-60-80-85-32-79-84-92-66-96-23-64-43-38-95-94-13-34-47-26-20-97
Ta100x20,8,3,300,0.8875,0.075,7,2230807264,17000,6741,6481,6084,4.270359141,v2_avx512bw_vec32_exact_perm,39-22-87-18-78-73-56-72-69-12-64-51-68-29-59-28-62-31-70-7-67-93-90-5-14-27-58-81-91-45-100-15-83-1-35-88-44-65-71-57-40-24-77-98-41-76-82-10-6-89-19-25-33-17-23-75-2-36-46-16-85-52-9-54-48-3-63-42-43-84-8-21-80-32-49-96-37-86-50-53-30-4-66-60-11-55-61-79-99-38-74-92-13-95-94-34-47-26-20-97
Ta100x20,8,3,300,0.8875,0.075,8,2230808273,17000,6694,6481,6084,4.522661498,v2_avx512bw_vec32_exact_perm,39-62-78-87-44-69-67-72-12-68-14-22-56-93-83-91-9-71-51-25-73-24-33-7-81-59-18-58-17-5-1-70-45-90-29-41-57-88-31-3-6-27-35-28-49-23-75-19-37-46-98-76-32-15-11-48-99-40-4-16-36-89-64-52-10-82-50-66-54-2-86-74-38-53-80-96-21-92-61-77-100-30-63-43-55-65-85-42-79-60-84-8-13-97-95-94-34-47-26-20
Ta100x20,8,3,300,0.8875,0.075,9,2230809282,17000,6738,6481,6084,4.721224347,v2_avx512bw_vec32_exact_perm,39-62-87-78-72-67-12-51-59-44-4-68-14-28-22-56-91-17-9-73-7-25-57-24-69-18-1-31-65-45-29-70-66-27-88-55-33-71-5-93-35-50-83-98-100-77-89-36-10-3-32-41-38-81-48-95-96-80-75-53-21-60-63-30-8-49-82-37-16-19-11-6-84-79-23-58-85-74-52-40-90-43-61-15-99-92-2-54-13-64-76-42-46-86-94-34-47-26-20-97
Ta100x20,8,3,300,0.8875,0.075,10,2230810291,17000,6724,6481,6084,4.58421741,v2_avx512bw_vec32_exact_perm,39-62-87-36-78-18-56-71-12-22-29-44-68-59-7-64-90-72-51-69-9-31-76-14-45-67-24-21-25-70-91-89-3-5-48-88-27-1-81-41-49-83-73-50-57-10-98-15-96-100-93-16-54-28-33-77-23-53-35-40-85-19-4-75-46-58-30-6-37-82-63-52-79-84-8-74-17-86-32-80-66-43-65-11-61-55-60-99-92-38-26-42-2-95-94-13-34-20-47-97
Ta100x20,8,3,300,0.8875,0.1,1,2230801210,17000,6720,6481,6084,4.002143255,v2_avx512bw_vec32_exact_perm,39-62-78-31-29-44-73-45-72-12-32-83-41-3-71-4-22-14-56-27-87-68-57-49-33-89-18-67-70-51-48-69-52-59-50-91-6-96-88-28-25-9-2-5-40-23-24-81-90-7-17-93-99-37-35-75-10-74-58-16-30-36-15-98-66-1-100-19-80-60-55-77-63-8-97-53-21-84-86-38-65-85-76-64-43-82-11-42-13-46-61-92-95-94-54-34-47-79-26-20
Ta100x20,8,3,300,0.8875,0.1,2,2230802219,17000,6739,6481,6084,4.284180561,v2_avx512bw_vec32_exact_perm,39-62-78-87-44-72-69-12-71-59-56-68-91-36-22-9-66-7-4-76-64-28-81-90-88-18-77-31-29-57-75-5-70-1-19-41-67-58-25-43-17-94-98-33-51-45-49-93-15-89-2-35-14-53-3-73-50-21-52-96-10-84-8-27-63-83-74-82-48-86-24-85-100-80-60-40-54-23-13-65-6-30-61-16-38-11-95-42-99-32-37-34-92-55-46-79-47-26-20-97
Ta100x20,8,3,300,0.8875,0.1,3,2230803228,17000,6745,6481,6084,4.131398556,v2_avx512bw_vec32_exact_perm,39-62-78-67-22-44-71-73-31-70-59-56-87-36-14-90-30-68-45-12-57-81-7-28-69-82-64-9-6-72-91-58-88-83-3-27-1-4-41-15-25-75-24-51-54-18-43-17-5-66-10-50-37-40-53-33-29-8-89-19-60-98-77-100-85-48-23-35-55-52-63-84-93-65-49-80-76-16-96-79-11-46-32-38-21-99-86-74-13-61-42-95-2-92-94-34-47-26-20-97
Ta100x20,8,3,300,0.8875,0.1,4,2230804237,17000,6706,6481,6084,4.264029842,v2_avx512bw_vec32_exact_perm,39-62-78-67-72-22-12-58-29-27-68-44-59-18-14-77-73-56-31-83-70-87-48-57-7-5-69-21-9-81-90-98-46-3-19-74-50-71-91-96-63-10-1-40-24-32-6-17-33-15-93-45-88-51-16-4-82-2-25-37-76-41-100-52-89-55-94-36-54-49-65-8-75-23-30-35-43-84-42-38-53-64-99-92-61-28-79-86-80-60-85-11-95-66-34-47-13-26-20-97
Ta100x20,8,3,300,0.8875,0.1,5,2230805246,17000,6753,6481,6084,4.249393887,v2_avx512bw_vec32_exact_perm,39-62-78-87-44-72-59-28-12-29-56-91-4-51-68-9-1-22-5-7-67-36-3-69-88-18-25-83-17-64-70-21-81-24-45-52-94-66-50-27-14-31-73-77-90-19-57-75-71-60-6-49-40-37-41-93-96-65-30-2-33-89-48-10-35-53-15-100-85-63-95-98-43-38-23-32-82-80-16-76-86-11-13-99-46-34-79-8-84-58-61-92-42-97-74-54-55-47-26-20
Ta100x20,8,3,300,0.8875,0.1,6,2230806255,17000,6716,6481,6084,4.508560545,v2_avx512bw_vec32_exact_perm,39-62-78-67-22-14-12-72-45-90-56-29-87-69-59-1-51-31-44-71-91-40-81-68-27-4-36-33-70-89-30-15-41-10-48-50-73-77-75-7-65-9-93-5-55-16-88-2-24-49-37-18-3-83-74-17-28-25-11-96-35-19-98-100-66-53-82-21-63-84-52-95-80-6-58-85-43-38-64-32-13-23-99-61-46-76-92-94-57-54-42-34-86-8-60-79-47-26-20-97
Ta100x20,8,3,300,0.8875,0.1,7,2230807264,17000,6730,6481,6084,4.227292697,v2_avx512bw_vec32_exact_perm,39-28-59-78-90-87-22-62-7-91-3-72-69-81-10-44-70-71-58-9-29-25-68-67-57-14-45-12-73-93-40-5-31-50-6-24-15-4-27-33-100-19-30-88-48-98-56-18-89-49-77-66-35-55-76-2-23-36-38-16-17-37-1-64-32-21-53-41-61-83-82-52-80-51-75-8-43-65-63-11-85-95-99-79-96-42-60-84-13-54-34-86-46-92-94-74-97-26-20-47
Ta100x20,8,3,300,0.8875,0.1,8,2230808273,17000,6720,6481,6084,4.455405577,v2_avx512bw_vec32_exact_perm,39-62-78-67-72-36-87-14-1-22-9-56-90-7-74-4-44-3-69-71-43-91-31-18-17-59-12-58-29-51-45-81-46-68-41-75-93-70-5-100-83-98-40-16-76-24-37-6-2-25-23-10-77-82-52-89-8-96-35-19-88-33-48-30-32-15-61-53-27-38-63-85-73-79-21-49-50-86-28-54-99-80-64-92-65-42-84-11-57-94-60-66-13-34-95-55-47-26-20-97
Ta100x20,8,3,300,0.8875,0.1,9,2230809282,17000,6746,6481,6084,4.366529799,v2_avx512bw_vec32_exact_perm,39-62-28-78-72-22-68-12-69-29-54-36-67-91-41-44-71-31-14-70-27-73-51-5-9-56-83-48-24-59-66-18-87-57-19-1-4-64-15-88-58-76-49-25-89-7-82-3-17-98-65-23-40-52-93-81-45-90-33-100-8-75-30-84-35-63-77-46-6-61-2-79-16-53-80-10-96-32-21-85-50-37-11-55-99-86-74-60-38-43-42-92-95-13-94-34-47-26-20-97
Ta100x20,8,3,300,0.8875,0.1,10,2230810291,17000,6709,6481,6084,4.290842185,v2_avx512bw_vec32_exact_perm,39-62-78-67-72-12-22-33-87-45-36-90-14-44-59-51-3-34-71-100-73-69-9-68-30-31-70-48-29-7-96-56-65-57-41-50-1-54-40-52-15-5-58-2-75-88-81-4-91-93-83-27-24-77-82-10-35-28-66-18-6-25-19-37-60-53-17-98-55-8-74-23-63-79-16-49-80-89-95-21-11-46-76-99-92-61-85-43-86-32-38-42-13-64-94-84-26-20-47-97
Ta100x20,8,3,300,0.8875,0.125,1,2230801210,17000,6734,6481,6084,3.980052453,v2_avx512bw_vec32_exact_perm,39-62-28-72-22-78-31-36-73-90-56-18-44-58-67-57-29-12-14-87-9-5-71-70-75-91-59-64-68-45-6-7-15-69-25-51-81-88-49-35-19-83-8-41-24-84-96-40-1-77-53-33-21-43-2-93-50-52-89-98-23-38-32-37-63-16-30-10-48-79-86-66-3-4-76-80-95-27-74-100-17-99-54-42-55-46-65-61-82-92-85-11-13-60-94-34-47-26-20-97
Ta100x20,8,3,300,0.8875,0.125,2,2230802219,17000,6735,6481,6084,4.090521974,v2_avx512bw_vec32_exact_perm,39-28-72-68-78-83-67-90-6-59-62-69-71-44-91-81-56-12-4-18-45-51-66-25-57-10-87-7-40-41-73-29-8-5-70-30-9-54-53-50-27-14-22-36-33-77-31-58-93-17-37-52-15-1-75-88-35-84-55-24-82-21-43-65-23-98-3-80-85-49-19-74-76-16-100-63-46-48-89-61-64-11-60-92-2-95-13-99-38-42-96-86-32-34-79-94-47-26-20-97
Ta100x20,8,3,300,0.8875,0.125,3,2230803228,17000,6746,6481,6084,4.112190163,v2_avx512bw_vec32_exact_perm,39-22-78-67-72-4-44-18-45-90-70-7-9-74-62-73-83-91-81-59-12-27-56-28-14-96-69-87-50-29-100-33-64-52-31-36-53-93-10-75-71-40-23-68-41-65-88-82-1-35-2-19-57-5-15-48-24-21-55-77-80-98-16-8-51-79-25-58-63-17-6-66-37-3-54-49-86-89-30-43-61-76-84-11-60-32-38-99-85-46-92-95-42-13-94-34-47-26-20-97
Ta100x20,8,3,300,0.8875,0.125,4,2230804237,17000,6761,6481,6084,4.238986494,v2_avx512bw_vec32_exact_perm,39-22-78-44-73-12-4-28-62-29-10-33-87-7-91-1-72-9-31-56-64-14-15-59-70-47-24-45-51-19-5-27-81-40-48-18-93-100-90-67-88-54-71-82-57-2-68-36-35-37-41-85-66-16-17-76-46-25-89-77-79-49-52-21-63-30-43-23-53-6-83-60-69-58-61-11-96-38-55-50-98-3-75-80-65-86-32-8-42-74-92-99-84-13-95-94-20-97-26-34
Ta100x20,8,3,300,0.8875,0.125,5,2230805246,17000,6721,6481,6084,4.015053995,v2_avx512bw_vec32_exact_perm,39-62-87-72-78-67-25-31-29-59-56-73-68-64-90-45-1-12-18-36-4-44-28-91-69-93-50-22-51-53-71-49-88-9-5-70-3-65-14-83-27-24-7-96-66-75-41-23-81-19-77-57-30-15-37-82-40-89-16-98-48-6-10-52-100-43-35-58-63-85-46-84-33-76-21-17-42-55-99-80-11-61-32-60-79-2-86-38-97-8-95-92-74-54-13-94-34-26-20-47
Ta100x20,8,3,300,0.8875,0.125,6,2230806255,17000,6774,6481,6084,4.279508843,v2_avx512bw_vec32_exact_perm,39-62-87-58-78-29-72-4-68-22-60-67-12-36-9-27-73-5-40-71-64-56-69-17-44-81-88-14-45-24-10-59-48-31-90-1-7-82-93-70-15-51-19-77-53-41-52-2-83-37-33-30-66-100-50-89-98-16-96-6-91-49-57-99-8-43-28-76-63-23-85-3-25-46-75-65-86-55-79-18-21-80-32-11-35-95-38-94-54-61-13-74-92-84-47-42-34-26-20-97
Ta100x20,8,3,300,0.8875,0.125,7,2230807264,17000,6744,6481,6084,4.343603509,v2_avx512bw_vec32_exact_perm,39-62-29-67-59-36-87-69-81-12-22-72-58-44-51-27-56-71-10-68-70-48-18-5-24-7-25-82-31-64-78-91-57-14-9-73-77-40-65-83-23-60-17-28-93-16-88-4-37-1-19-15-66-3-98-45-6-33-84-11-49-50-38-30-41-32-61-76-100-89-35-2-53-26-8-63-75-52-86-43-90-21-79-96-46-47-94-85-80-34-95-54-13-55-74-92-99-42-20-97
Ta100x20,8,3,300,0.8875,0.125,8,2230808273,17000,6721,6481,6084,4.351608758,v2_avx512bw_vec32_exact_perm,39-62-78-67-44-72-12-74-18-51-25-69-29-87-71-59-36-22-81-56-1-49-70-45-90-15-30-7-9-77-83-66-57-27-58-14-73-31-50-33-91-88-96-24-5-16-43-75-28-21-68-55-4-93-2-89-60-23-17-6-35-53-94-3-40-100-19-37-98-64-42-95-52-80-84-82-46-85-63-41-76-79-99-10-48-8-65-13-92-61-11-34-54-32-38-86-47-26-20-97
Ta100x20,8,3,300,0.8875,0.125,9,2230809282,17000,6760,6481,6084,4.311373558,v2_avx512bw_vec32_exact_perm,39-62-22-87-78-91-68-5-58-36-41-67-72-44-4-59-12-70-7-81-53-71-9-64-25-29-28-6-31-75-30-69-90-33-73-1-51-27-19-45-56-57-88-18-96-40-93-82-61-10-83-16-63-23-95-76-14-48-35-38-43-77-24-17-21-3-2-42-100-98-8-50-89-52-55-86-49-92-66-11-60-74-15-37-65-47-85-34-13-46-79-99-80-32-54-84-97-94-20-26
Ta100x20,8,3,300,0.8875,0.125,10,2230810291,17000,6731,6481,6084,4.257801653,v2_avx512bw_vec32_exact_perm,39-62-78-71-72-44-73-91-87-36-4-64-22-18-74-83-25-69-19-7-12-8-24-82-56-27-90-81-59-45-51-68-70-5-41-28-31-17-50-88-67-2-14-9-58-60-29-15-100-30-66-77-89-93-65-57-33-52-37-75-43-3-98-35-48-96-63-49-55-76-16-1-23-40-84-38-21-6-80-97-42-10-92-53-61-13-11-86-32-85-79-99-34-54-26-95-46-94-20-47
Ta100x20,8,3,300,0.925,0.025,1,2230801210,17000,6681,6481,6084,4.311709139,v2_avx512bw_vec32_exact_perm,39-62-76-78-72-67-44-59-51-45-41-31-56-18-57-1-12-71-69-70-83-6-22-88-87-73-3-29-25-7-27-90-14-9-66-17-36-2-91-68-5-58-28-64-4-82-96-48-74-98-15-100-16-19-50-10-24-93-75-23-49-81-80-53-33-30-32-89-63-77-40-84-38-35-52-65-42-43-8-60-21-85-55-37-54-86-99-79-92-11-46-61-13-95-94-34-47-26-20-97
Ta100x20,8,3,300,0.925,0.025,2,2230802219,17000,6704,6481,6084,4.644423151,v2_avx512bw_vec32_exact_perm,39-62-29-28-59-72-31-78-44-12-69-22-87-90-71-51-18-19-76-36-45-27-56-14-91-9-1-58-68-25-88-73-81-70-66-49-100-67-57-5-7-82-17-89-75-15-48-4-52-30-83-41-64-96-74-65-98-24-33-93-16-35-40-63-77-21-2-6-38-32-80-50-55-37-54-53-23-99-84-3-43-42-86-79-8-60-10-46-92-85-61-13-11-95-94-34-26-20-47-97
Ta100x20,8,3,300,0.925,0.025,3,2230803228,17000,6705,6481,6084,4.269995989,v2_avx512bw_vec32_exact_perm,39-62-78-67-72-44-59-68-35-14-69-12-29-31-22-73-90-57-87-9-7-41-83-91-70-93-56-81-45-18-75-2-24-96-33-1-51-71-27-88-49-17-100-28-6-58-25-38-3-82-98-36-89-10-74-64-5-48-84-37-52-65-16-60-4-50-40-66-23-86-53-30-63-21-77-19-61-43-76-8-80-55-79-99-32-85-46-42-95-15-13-11-54-34-92-97-94-47-26-20
Ta100x20,8,3,300,0.925,0.025,4,2230804237,17000,6722,6481,6084,4.736697665,v2_avx512bw_vec32_exact_perm,39-62-78-67-72-22-12-7-56-90-87-36-31-59-44-29-14-77-71-1-69-83-27-9-91-4-28-64-24-57-76-73-70-45-30-48-5-41-17-75-10-68-51-81-100-93-88-18-23-82-33-50-2-98-52-58-19-6-3-25-65-60-37-40-35-53-89-55-8-61-74-43-66-84-21-49-42-80-96-79-11-63-16-86-46-54-15-32-38-95-94-85-99-92-26-13-34-20-47-97
Ta100x20,8,3,300,0.925,0.025,5,2230805246,17000,6704,6481,6084,4.510419093,v2_avx512bw_vec32_exact_perm,39-62-78-73-81-12-22-72-69-87-45-51-59-71-44-5-70-68-33-29-7-64-14-56-31-53-90-74-18-54-96-93-83-67-91-100-41-55-9-36-88-16-1-4-58-25-48-46-37-27-17-24-40-98-57-32-30-15-49-50-2-35-10-77-21-89-63-43-23-52-3-8-28-19-86-80-38-76-85-60-6-82-61-75-65-11-79-99-34-42-13-84-95-66-92-97-94-20-26-47
Ta100x20,8,3,300,0.925,0.025,6,2230806255,17000,6702,6481,6084,4.680400499,v2_avx512bw_vec32_exact_perm,39-62-87-78-4-44-12-91-59-73-67-71-72-57-14-51-29-7-83-9-27-45-56-10-41-31-40-18-64-22-70-5-3-77-37-30-69-52-90-36-21-19-66-81-35-88-25-75-49-6-24-93-84-1-58-48-17-80-61-43-68-65-28-63-16-100-23-74-55-53-98-96-32-33-86-50-38-15-2-85-82-60-79-97-8-92-76-11-46-89-54-42-99-13-34-95-94-26-20-47
Ta100x20,8,3,300,0.925,0.025,7,2230807264,17000,6712,6481,6084,4.7509146,v2_avx512bw_vec32_exact_perm,39-62-78-73-72-67-44-22-56-59-90-87-29-36-91-70-71-4-81-14-9-58-64-93-5-10-41-83-1-49-48-51-24-76-31-27-7-69-33-94-25-57-88-96-45-6-50-3-98-19-100-18-66-12-89-30-40-63-74-65-77-86-52-17-75-37-82-2-35-46-8-95-38-68-53-85-99-21-84-11-16-80-23-43-13-61-55-54-28-60-92-79-47-26-15-32-97-42-34-20
Ta100x20,8,3,300,0.925,0.025,8,2230808273,17000,6596,6481,6084,4.603798783,v2_avx512bw_vec32_exact_perm,39-87-90-78-68-44-59-62-51-22-73-36-7-91-81-72-70-71-12-74-18-69-31-83-29-27-33-9-25-41-45-60-50-6-56-98-19-1-58-15-48-57-67-88-93-96-21-4-5-49-53-30-24-10-55-63-77-82-75-14-84-100-52-35-66-2-61-28-23-76-17-65-85-94-16-11-89-46-92-38-64-42-95-40-80-3-37-43-13-79-54-86-47-8-99-34-32-97-26-20
Ta100x20,8,3,300,0.925,0.025,9,2230809282,17000,6728,6481,6084,4.610615652,v2_avx512bw_vec32_exact_perm,39-62-78-67-72-44-73-12-83-56-59-51-87-14-45-6-71-90-1-22-91-31-70-93-29-28-18-9-76-66-25-5-58-36-15-7-4-69-27-19-49-57-88-41-82-96-68-64-40-16-74-50-17-21-94-98-24-33-81-10-77-65-52-80-2-23-100-85-63-30-75-89-35-53-48-37-86-43-13-3-8-55-42-61-46-11-54-92-79-60-99-38-84-47-32-34-95-97-26-20
Ta100x20,8,3,300,0.925,0.025,10,2230810291,17000,6717,6481,6084,4.740694261,v2_avx512bw_vec32_exact_perm,39-62-78-28-72-31-44-56-12-58-59-7-71-9-73-14-22-91-4-64-69-87-74-90-27-51-45-70-83-29-67-6-48-98-15-100-88-25-35-24-19-3-23-37-18-93-33-5-68-41-10-57-65-36-76-81-96-17-77-63-52-40-49-66-30-75-55-1-8-43-53-46-42-82-50-61-95-21-80-89-2-13-92-79-99-84-11-54-32-38-85-16-86-94-60-34-47-26-20-97
Ta100x20,8,3,300,0.925,0.05,1,2230801210,17000,6725,6481,6084,4.010678319,v2_avx512bw_vec32_exact_perm,39-62-78-28-72-31-44-36-51-71-69-56-18-90-67-59-87-6-29-45-70-33-14-91-81-12-89-64-22-77-9-7-83-41-3-88-27-57-68-1-73-66-75-76-24-10-15-5-19-82-85-50-35-2-93-48-55-74-4-43-16-58-98-80-17-8-40-25-53-37-52-63-32-49-30-61-100-86-38-65-54-21-84-23-11-79-60-94-13-96-42-95-99-46-92-34-26-20-47-97
Ta100x20,8,3,300,0.925,0.05,2,2230802219,17000,6689,6481,6084,4.056935428,v2_avx512bw_vec32_exact_perm,39-62-28-72-78-44-12-71-83-76-4-59-22-32-90-93-67-29-27-70-41-88-14-1-25-45-68-31-64-24-36-91-9-81-69-3-33-73-15-10-77-5-87-57-7-98-40-6-19-48-18-75-35-63-56-49-21-51-16-65-61-74-23-30-17-53-89-43-58-84-66-96-52-46-100-82-80-2-86-50-8-85-60-38-55-37-92-54-11-34-99-42-13-95-79-94-47-26-20-97
Ta100x20,8,3,300,0.925,0.05,3,2230803228,17000,6725,6481,6084,3.92608199,v2_avx512bw_vec32_exact_perm,39-62-72-67-78-44-12-69-1-22-56-24-73-17-68-90-59-25-91-87-100-58-41-71-14-9-57-18-70-7-4-45-93-98-29-74-81-33-77-49-31-36-96-99-3-16-5-40-65-48-83-89-51-52-35-50-28-43-27-53-61-86-82-66-11-19-55-23-60-88-80-30-63-6-75-8-84-10-95-46-15-21-2-85-76-32-54-13-38-37-79-97-92-64-42-94-34-47-26-20
Ta100x20,8,3,300,0.925,0.05,4,2230804237,17000,6686,6481,6084,3.957117317,v2_avx512bw_vec32_exact_perm,39-62-87-78-71-72-44-4-22-70-91-29-81-58-18-36-31-69-56-67-14-9-7-59-35-12-68-48-45-60-83-27-93-100-98-19-30-24-73-54-90-28-25-51-40-16-88-89-65-1-5-6-74-3-49-75-96-17-50-2-41-76-21-61-53-33-23-10-84-42-52-86-99-77-80-57-82-46-43-8-85-11-38-55-37-95-92-64-63-32-94-15-66-34-13-79-47-26-20-97
Ta100x20,8,3,300,0.925,0.05,5,2230805246,17000,6727,6481,6084,3.937711764,v2_avx512bw_vec32_exact_perm,39-28-10-62-87-68-72-78-71-22-12-14-31-56-29-67-70-5-91-18-51-58-44-69-73-83-27-9-7-45-41-1-25-57-99-15-37-48-88-81-89-49-30-100-90-85-24-59-53-52-40-35-55-93-16-63-4-77-33-74-82-19-64-36-98-80-76-50-75-86-21-17-23-2-6-3-65-61-43-46-42-8-54-60-13-79-84-96-32-97-38-92-11-66-34-95-94-26-20-47
Ta100x20,8,3,300,0.925,0.05,6,2230806255,17000,6739,6481,6084,4.046821332,v2_avx512bw_vec32_exact_perm,39-62-87-78-44-68-81-67-29-12-72-22-31-70-28-18-7-59-9-91-71-100-93-5-3-51-69-73-27-35-90-83-2-89-56-50-10-14-19-54-58-74-1-53-25-57-24-55-45-48-88-60-99-40-23-4-16-15-17-96-49-41-36-8-42-30-76-82-6-95-63-64-77-38-52-98-33-75-66-46-21-86-92-85-80-11-65-34-37-61-43-32-13-79-84-94-26-20-47-97
Ta100x20,8,3,300,0.925,0.05,7,2230807264,17000,6743,6481,6084,3.977953276,v2_avx512bw_vec32_exact_perm,39-62-29-90-78-87-72-44-73-81-1-65-36-12-22-71-33-93-45-68-17-16-59-56-91-70-35-51-14-67-31-24-5-74-18-7-64-69-75-41-49-83-98-9-4-88-53-58-28-27-32-19-50-60-2-25-10-30-23-89-40-77-96-80-37-57-48-61-55-6-52-100-86-38-15-82-85-21-79-11-3-46-99-8-76-63-92-43-66-42-54-84-13-34-94-95-97-26-20-47
Ta100x20,8,3,300,0.925,0.05,8,2230808273,17000,6768,6481,6084,4.112407714,v2_avx512bw_vec32_exact_perm,39-62-22-78-18-29-44-36-71-72-73-67-12-56-87-1-58-64-70-14-90-69-27-47-83-24-59-7-68-25-35-48-31-91-77-9-81-88-28-4-17-49-74-3-5-57-93-37-15-53-54-6-61-51-96-45-46-76-100-41-65-40-21-33-63-98-19-97-10-75-30-52-86-50-79-82-8-11-66-43-80-13-16-42-85-60-34-23-89-99-38-95-84-55-92-26-32-2-94-20
Ta100x20,8,3,300,0.925,0.05,9,2230809282,17000,6637,6481,6084,3.961146718,v2_avx512bw_vec32_exact_perm,39-62-78-31-87-69-36-67-72-12-44-56-28-14-10-90-93-71-27-22-5-83-73-21-51-45-18-29-70-59-49-81-41-25-89-1-57-9-91-24-88-15-7-35-19-75-86-68-3-65-40-33-66-6-74-64-4-98-16-100-50-38-94-53-77-48-63-8-76-30-32-96-2-61-23-11-17-82-55-52-43-58-80-54-84-85-60-37-46-92-42-99-34-95-13-79-47-26-20-97
Ta100x20,8,3,300,0.925,0.05,10,2230810291,17000,6729,6481,6084,4.115558107,v2_avx512bw_vec32_exact_perm,39-62-78-67-12-56-90-87-36-28-72-14-73-44-71-77-91-4-60-81-70-59-22-6-86-69-3-35-31-88-25-68-9-100-66-24-18-93-96-53-33-5-83-75-29-64-7-19-17-40-27-16-49-99-58-10-48-51-41-15-76-98-32-23-45-82-30-38-52-63-2-21-1-57-89-85-50-55-61-11-46-80-79-65-42-37-43-8-84-95-74-92-94-54-13-34-20-47-97-26
Ta100x20,8,3,300,0.925,0.075,1,2230801210,17000,6718,6481,6084,4.166461782,v2_avx512bw_vec32_exact_perm,39-62-87-78-12-56-59-73-72-31-51-14-44-29-45-58-64-81-69-70-67-9-7-83-27-74-66-15-88-22-5-91-1-77-35-90-17-24-37-68-57-71-19-25-76-48-82-33-98-100-10-65-30-89-36-23-3-40-61-6-41-94-52-53-80-16-2-63-75-50-38-96-11-55-93-21-54-49-46-85-43-8-95-79-18-28-42-60-99-92-84-4-26-13-32-86-34-20-47-97
Ta100x20,8,3,300,0.925,0.075,2,2230802219,17000,6758,6481,6084,4.124961118,v2_avx512bw_vec32_exact_perm,39-62-22-78-68-73-4-59-72-44-67-36-31-14-45-50-57-41-49-56-27-1-12-33-29-58-71-66-96-51-28-9-69-7-40-88-25-87-100-5-52-48-37-93-81-17-86-91-19-89-63-90-30-70-98-35-18-74-76-65-55-38-77-64-16-2-82-83-23-24-6-75-53-3-43-46-8-21-61-42-10-84-85-11-15-32-92-54-60-80-79-13-99-95-34-94-26-20-47-97
Ta100x20,8,3,300,0.925,0.075,3,2230803228,17000,6774,6481,6084,4.156431992,v2_avx512bw_vec32_exact_perm,39-87-22-78-72-10-67-58-51-57-31-56-18-62-45-27-69-81-71-12-44-3-14-93-7-73-25-90-35-88-29-68-9-98-28-59-77-40-53-70-50-8-91-48-19-24-1-37-17-5-89-100-41-49-83-11-65-64-86-96-52-74-16-36-23-33-99-75-4-60-82-63-30-38-21-54-85-6-55-80-42-46-43-76-61-92-15-2-32-84-66-13-79-34-95-94-26-20-47-97
Ta100x20,8,3,300,0.925,0.075,4,2230804237,17000,6736,6481,6084,4.083233974,v2_avx512bw_vec32_exact_perm,39-62-78-73-68-72-59-12-67-36-87-22-7-29-90-25-9-83-31-91-14-71-44-28-56-88-2-60-45-65-4-50-1-35-24-69-81-48-15-96-75-51-19-17-43-40-93-18-27-41-10-6-8-49-77-53-5-58-33-63-23-86-76-30-66-52-55-100-3-89-85-98-46-54-79-57-82-94-16-61-38-32-92-11-70-80-74-13-64-42-84-37-99-95-21-34-97-26-20-47
Ta100x20,8,3,300,0.925,0.075,5,2230805246,17000,6779,6481,6084,3.860893608,v2_avx512bw_vec32_exact_perm,39-62-78-87-51-28-72-44-73-59-18-6-22-58-91-90-25-56-81-69-70-12-83-67-7-14-50-4-57-15-29-9-64-45-68-36-52-10-48-37-23-1-71-27-5-40-65-24-2-21-32-76-49-41-82-89-77-38-85-84-17-88-8-30-31-53-100-35-93-54-42-79-99-3-98-19-11-66-43-96-61-33-60-75-63-16-86-94-46-92-34-80-95-47-13-74-55-26-20-97
Ta100x20,8,3,300,0.925,0.075,6,2230806255,17000,6752,6481,6084,4.076235386,v2_avx512bw_vec32_exact_perm,39-62-78-73-12-22-72-51-59-87-77-18-29-70-56-14-7-5-90-71-24-67-9-27-45-44-91-2-93-69-4-19-36-3-33-68-25-31-76-1-81-32-17-88-89-21-35-86-50-46-98-38-64-28-53-75-42-41-15-63-40-58-54-30-6-49-83-100-8-43-61-52-23-82-16-57-55-48-84-80-79-10-11-60-95-65-37-99-94-96-13-85-34-92-66-74-20-47-97-26
Ta100x20,8,3,300,0.925,0.075,7,2230807264,17000,6780,6481,6084,4.018401055,v2_avx512bw_vec32_exact_perm,39-62-87-78-44-22-51-72-29-12-71-28-73-64-14-67-58-1-10-89-70-45-5-68-7-91-77-31-69-56-50-3-9-27-90-37-59-25-49-35-88-4-18-48-42-6-33-15-19-83-57-81-41-24-99-60-52-17-75-93-100-54-98-16-40-38-80-2-82-36-30-21-23-63-84-53-65-85-92-79-43-66-95-13-61-11-97-8-76-96-74-86-46-32-94-55-34-47-26-20
Ta100x20,8,3,300,0.925,0.075,8,2230808273,17000,6771,6481,6084,4.214262954,v2_avx512bw_vec32_exact_perm,39-87-72-22-78-1-29-31-24-90-69-64-44-67-36-91-56-59-70-62-68-35-14-98-93-45-41-73-10-7-27-37-83-58-25-53-81-57-19-16-12-40-9-71-2-61-77-50-6-5-18-66-65-48-51-89-28-95-15-75-17-100-55-4-49-94-88-30-82-46-60-21-8-84-63-52-3-85-43-33-54-11-13-38-76-79-74-92-99-23-96-80-32-42-34-86-26-20-47-97
Ta100x20,8,3,300,0.925,0.075,9,2230809282,17000,6781,6481,6084,4.075546973,v2_avx512bw_vec32_exact_perm,39-62-78-73-96-56-71-28-72-57-31-29-58-14-59-91-87-27-6-41-1-69-12-49-22-10-70-93-37-88-67-90-81-18-7-25-83-40-9-53-16-36-82-79-24-98-44-68-66-48-3-95-17-51-5-4-30-33-65-45-50-23-77-19-75-35-94-2-76-21-61-15-11-84-60-100-46-80-8-43-52-63-89-85-64-74-92-38-86-54-99-42-32-13-55-34-47-26-20-97
Ta100x20,8,3,300,0.925,0.075,10,2230810291,17000,6734,6481,6084,4.121440108,v2_avx512bw_vec32_exact_perm,39-62-29-68-87-12-59-56-45-22-72-78-96-51-73-18-1-57-83-7-15-88-44-58-71-69-64-14-36-67-48-81-49-91-31-70-98-76-24-77-35-90-25-5-89-93-17-30-9-50-53-23-3-4-75-41-2-10-74-95-28-16-82-46-80-33-40-52-27-100-63-85-6-19-37-42-43-55-65-60-8-32-38-84-21-13-11-99-61-92-79-86-54-34-94-66-47-26-20-97
Ta100x20,8,3,300,0.925,0.1,1,2230801210,17000,6743,6481,6084,3.953919289,v2_avx512bw_vec32_exact_perm,39-62-28-22-72-6-31-78-83-36-87-12-56-73-27-18-44-7-32-59-68-24-45-9-5-64-3-29-66-57-71-69-81-97-17-77-88-70-41-2-15-67-90-23-76-14-75-37-53-25-35-51-95-49-89-1-4-38-48-100-54-55-16-19-30-91-33-21-98-58-84-63-60-8-93-40-52-43-82-80-10-50-61-79-85-65-86-34-26-11-96-99-42-13-46-92-94-74-20-47
Ta100x20,8,3,300,0.925,0.1,2,2230802219,17000,6727,6481,6084,3.923842093,v2_avx512bw_vec32_exact_perm,39-62-78-10-73-72-22-12-28-40-56-90-87-14-31-29-69-59-64-45-7-9-5-44-93-67-41-53-71-99-17-70-27-35-68-58-25-2-51-37-88-19-50-57-1-77-21-74-4-86-24-98-91-49-89-6-83-52-96-100-48-80-18-65-3-36-81-61-75-33-23-82-30-63-76-46-55-66-95-43-85-38-16-8-32-11-15-42-79-54-92-60-13-84-94-97-34-47-26-20
Ta100x20,8,3,300,0.925,0.1,3,2230803228,17000,6741,6481,6084,4.243830234,v2_avx512bw_vec32_exact_perm,39-62-78-67-73-72-44-18-56-22-36-29-71-14-59-9-90-91-12-65-87-7-66-81-57-45-24-93-64-25-83-27-35-4-17-48-68-31-50-51-1-52-28-70-10-69-88-5-40-98-86-77-58-2-75-3-30-49-37-16-41-74-82-53-33-89-96-43-63-23-19-60-84-8-94-61-100-76-21-79-80-85-15-6-13-11-32-54-46-42-95-99-34-38-92-47-55-26-20-97
Ta100x20,8,3,300,0.925,0.1,4,2230804237,17000,6755,6481,6084,3.940469814,v2_avx512bw_vec32_exact_perm,39-62-78-51-67-72-73-59-27-12-44-71-57-22-87-36-90-29-68-28-5-48-35-69-70-19-91-81-9-56-24-45-14-93-31-65-76-1-96-23-17-83-88-49-3-82-98-7-15-58-40-41-25-37-32-46-30-63-6-77-53-10-16-60-74-86-61-100-80-75-38-89-52-64-99-21-33-79-4-85-2-50-11-42-18-84-55-43-95-66-8-34-54-92-13-97-94-26-20-47
Ta100x20,8,3,300,0.925,0.1,5,2230805246,17000,6763,6481,6084,3.982862401,v2_avx512bw_vec32_exact_perm,39-22-62-78-72-10-87-29-67-90-73-45-57-14-71-1-59-69-6-64-31-44-51-3-56-12-91-81-36-50-53-68-48-9-41-58-93-28-70-18-5-65-74-96-83-27-75-24-17-40-7-33-61-49-88-4-30-60-15-46-89-100-16-37-21-2-82-25-99-19-63-8-77-35-43-86-52-95-98-66-38-79-94-85-76-80-32-23-54-11-92-13-84-55-26-42-34-20-47-97
Ta100x20,8,3,300,0.925,0.1,6,2230806255,17000,6748,6481,6084,3.901977482,v2_avx512bw_vec32_exact_perm,39-62-78-67-12-87-56-59-32-72-7-83-64-22-24-68-25-71-66-18-21-29-10-69-27-5-75-93-90-4-1-31-77-35-40-44-81-70-45-48-14-88-36-37-15-9-91-30-38-100-73-41-16-76-23-60-84-17-57-2-6-98-3-54-52-63-28-19-49-51-58-11-89-65-85-53-42-50-96-80-82-33-74-86-55-46-79-43-92-8-99-13-61-95-94-34-47-26-20-97
Ta100x20,8,3,300,0.925,0.1,7,2230807264,17000,6776,6481,6084,4.067056888,v2_avx512bw_vec32_exact_perm,39-22-67-62-78-90-72-44-73-51-10-25-14-87-56-29-68-19-33-12-71-45-27-69-96-58-36-93-91-81-59-70-82-37-24-1-41-3-83-98-49-77-6-40-9-48-52-31-57-28-63-76-17-16-66-53-18-5-89-4-64-7-15-75-86-21-65-85-84-46-32-88-55-42-43-8-2-23-30-61-100-60-99-80-38-79-35-50-54-11-95-74-92-13-34-94-47-26-20-97
Ta100x20,8,3,300,0.925,0.1,8,2230808273,17000,6774,6481,6084,3.913109356,v2_avx512bw_vec32_exact_perm,39-87-72-67-22-74-31-44-45-18-78-56-70-62-1-29-71-12-59-68-73-33-57-93-5-90-69-36-41-7-50-30-6-65-83-10-27-35-51-75-96-88-14-19-63-66-17-100-81-91-25-28-24-99-86-3-48-98-43-16-9-60-23-89-46-40-58-38-76-8-77-15-37-53-55-82-11-52-21-4-85-54-79-13-84-32-49-80-2-61-64-92-95-94-42-26-34-20-47-97
Ta100x20,8,3,300,0.925,0.1,9,2230809282,17000,6768,6481,6084,4.11578929,v2_avx512bw_vec32_exact_perm,39-67-78-68-72-22-64-87-6-73-62-70-12-7-5-14-31-69-29-3-59-9-91-4-58-49-27-30-71-36-44-43-24-45-18-32-56-41-89-88-33-83-90-25-19-15-53-35-8-17-76-96-93-48-63-81-82-16-51-23-52-2-40-75-37-1-77-21-10-98-66-57-84-85-80-100-60-13-65-61-86-50-74-54-95-79-38-28-99-11-46-42-55-97-92-94-34-47-26-20
Ta100x20,8,3,300,0.925,0.1,10,2230810291,17000,6767,6481,6084,4.003557896,v2_avx512bw_vec32_exact_perm,39-62-87-78-31-69-67-44-51-14-22-29-72-70-28-59-58-73-12-91-9-7-81-68-90-57-25-49-24-71-19-1-45-18-75-56-3-65-17-30-93-82-83-96-60-53-88-48-89-99-41-27-5-42-35-36-37-4-15-77-40-33-6-98-84-52-80-10-16-76-23-100-21-50-55-85-46-2-13-79-43-86-38-8-64-32-54-11-61-94-95-74-63-66-34-92-26-20-47-97
Ta100x20,8,3,300,0.925,0.125,1,2230801210,17000,6781,6481,6084,3.84366898,v2_avx512bw_vec32_exact_perm,39-87-78-22-72-29-67-36-90-27-71-56-45-33-28-62-14-59-44-12-58-70-10-24-5-69-18-40-21-55-37-30-77-49-73-57-81-100-7-19-41-25-9-66-52-1-31-15-83-68-88-6-91-50-3-60-76-53-98-51-17-48-75-82-65-63-85-46-16-74-79-64-61-43-4-89-11-23-35-96-93-99-13-54-86-8-80-95-42-32-34-84-38-92-2-94-97-26-20-47
Ta100x20,8,3,300,0.925,0.125,2,2230802219,17000,6780,6481,6084,4.005768413,v2_avx512bw_vec32_exact_perm,39-97-78-62-87-72-59-44-18-56-5-48-29-71-51-22-64-77-69-67-41-90-27-24-14-45-70-83-88-31-12-76-4-19-93-75-1-65-58-37-33-96-9-91-50-68-3-100-54-81-63-73-2-7-40-15-25-35-52-66-36-74-16-30-23-53-38-17-6-8-57-89-28-85-49-10-98-82-13-60-92-95-84-11-80-55-21-43-42-99-61-86-79-46-34-32-94-20-47-26
Ta100x20,8,3,300,0.925,0.125,3,2230803228,17000,6740,6481,6084,4.010044536,v2_avx512bw_vec32_exact_perm,39-62-78-1-72-51-73-6-8-87-70-59-41-69-44-12-29-45-40-3-67-90-66-58-14-81-91-71-68-22-18-57-7-27-56-25-31-28-33-77-93-9-5-64-96-52-100-4-49-65-83-88-21-63-17-37-79-35-10-85-75-48-24-43-98-19-89-23-32-94-74-30-36-76-15-82-53-84-80-60-38-42-95-13-50-16-2-99-46-61-92-86-11-55-54-26-20-97-34-47
Ta100x20,8,3,300,0.925,0.125,4,2230804237,17000,6773,6481,6084,3.80566099,v2_avx512bw_vec32_exact_perm,39-18-22-43-67-62-78-81-29-90-71-12-56-59-83-41-72-73-27-69-57-1-93-14-31-87-51-24-91-9-7-36-25-10-8-64-45-17-50-4-77-19-5-75-68-70-94-3-65-21-86-76-6-46-58-52-44-98-100-40-80-15-30-63-95-49-85-88-89-2-48-33-35-53-96-28-82-66-79-16-23-11-61-37-60-84-54-47-74-38-13-26-92-55-32-99-42-34-97-20
Ta100x20,8,3,300,0.925,0.125,5,2230805246,17000,6739,6481,6084,4.057141085,v2_avx512bw_vec32_exact_perm,39-87-78-72-44-62-73-69-99-22-12-93-71-31-56-45-36-59-67-64-81-28-7-70-9-48-83-51-91-18-24-4-14-29-3-5-90-49-15-8-19-1-100-89-41-17-21-60-76-57-27-53-30-98-82-68-88-58-25-74-33-61-96-52-2-35-63-6-80-50-77-55-75-40-37-79-43-23-13-10-65-85-16-86-32-46-11-95-94-38-84-54-66-34-92-26-42-20-47-97
Ta100x20,8,3,300,0.925,0.125,6,2230806255,17000,6767,6481,6084,4.390042334,v2_avx512bw_vec32_exact_perm,39-62-78-59-12-87-28-72-29-69-4-90-22-41-14-44-91-81-45-27-57-71-6-31-73-70-18-5-56-9-50-96-74-7-64-48-51-49-98-53-67-15-66-32-40-76-83-46-1-58-93-52-25-24-63-17-85-37-86-38-16-10-88-19-77-8-55-3-68-36-82-75-65-30-79-33-89-43-100-21-11-23-61-35-54-2-99-42-95-92-80-60-84-13-34-94-97-26-20-47
Ta100x20,8,3,300,0.925,0.125,7,2230807264,17000,6765,6481,6084,4.266650899,v2_avx512bw_vec32_exact_perm,39-32-87-7-72-44-59-78-62-36-41-22-73-90-1-83-70-12-29-58-5-31-57-56-71-69-27-33-30-9-91-14-89-77-10-8-50-15-24-96-45-51-19-53-93-67-52-68-98-100-84-3-25-81-40-54-48-21-35-43-66-63-76-38-65-28-75-64-86-4-88-46-16-18-37-42-6-17-49-60-61-80-92-55-95-2-82-85-11-79-74-23-13-47-94-99-34-26-20-97
Ta100x20,8,3,300,0.925,0.125,8,2230808273,17000,6791,6481,6084,4.137085384,v2_avx512bw_vec32_exact_perm,39-28-22-78-72-67-44-12-4-9-69-36-62-45-68-59-77-71-35-2-56-14-66-64-27-83-81-7-49-58-1-18-87-40-3-90-98-19-51-24-88-48-70-33-29-23-21-76-15-93-10-31-5-25-57-89-43-73-16-41-85-17-91-55-53-52-86-37-61-30-80-60-38-6-50-8-75-96-11-54-46-82-63-99-100-34-42-74-79-65-13-84-92-95-97-32-94-47-26-20
Ta100x20,8,3,300,0.925,0.125,9,2230809282,17000,6811,6481,6084,4.103607009,v2_avx512bw_vec32_exact_perm,39-28-22-78-4-10-72-44-67-62-70-96-56-1-81-51-77-31-45-85-29-12-58-27-87-52-88-35-69-90-64-73-36-48-5-7-9-25-17-19-15-33-71-57-91-76-6-41-30-50-23-98-59-18-66-37-14-74-24-65-83-38-40-16-68-93-100-75-43-55-60-63-86-3-99-21-53-42-89-95-49-80-61-2-82-8-79-92-84-32-11-13-54-26-46-94-34-20-47-97
Ta100x20,8,3,300,0.925,0.125,10,2230810291,17000,6766,6481,6084,4.181184128,v2_avx512bw_vec32_exact_perm,39-62-78-87-68-72-36-67-58-56-44-12-59-29-69-71-73-70-7-31-9-25-57-14-51-22-1-18-28-64-91-89-83-24-90-93-45-77-33-4-43-81-27-75-15-88-65-50-5-35-48-17-6-19-41-53-96-38-23-46-76-40-30-8-32-16-82-98-49-79-10-80-74-37-84-60-42-63-100-52-55-95-21-2-61-85-66-94-11-13-3-54-92-86-99-26-34-20-47-97
Ta100x20,8,3,300,0.9625,0.025,1,2230801210,17000,6696,6481,6084,4.043579106,v2_avx512bw_vec32_exact_perm,39-28-72-10-22-78-67-18-62-14-90-69-87-44-5-51-7-91-31-29-12-71-45-56-17-64-8-36-83-73-48-81-27-59-24-70-96-40-41-100-68-93-35-66-88-9-50-16-74-89-6-33-15-2-25-53-4-99-57-52-75-49-30-63-23-1-76-32-21-98-86-61-58-80-19-77-82-37-60-84-55-38-85-43-11-65-92-54-46-42-3-79-13-95-94-34-47-26-20-97
Ta100x20,8,3,300,0.9625,0.025,2,2230802219,17000,6779,6481,6084,4.313594889,v2_avx512bw_vec32_exact_perm,39-62-28-69-87-78-90-68-72-44-83-31-45-41-71-36-59-25-56-27-14-22-35-67-91-92-81-73-70-2-5-3-4-9-54-6-1-58-29-75-88-12-18-19-48-51-93-37-23-57-7-40-16-64-63-17-82-96-21-53-42-52-84-10-98-24-77-86-33-30-38-100-32-50-8-43-76-49-80-99-89-74-65-46-95-61-13-79-85-15-60-55-66-11-34-94-26-20-47-97
Ta100x20,8,3,300,0.9625,0.025,3,2230803228,17000,6736,6481,6084,4.048237107,v2_avx512bw_vec32_exact_perm,39-62-78-67-72-44-56-58-45-31-14-81-59-12-91-73-22-90-51-70-18-1-35-69-68-29-27-57-5-71-48-87-7-2-89-100-24-41-19-25-83-88-3-37-9-50-10-98-80-82-36-15-16-96-74-60-33-40-52-30-6-85-77-4-38-28-65-32-93-55-53-21-17-63-75-86-66-11-43-23-49-64-8-61-76-92-54-13-79-46-84-97-42-99-95-94-34-47-26-20
Ta100x20,8,3,300,0.9625,0.025,4,2230804237,17000,6768,6481,6084,4.302056887,v2_avx512bw_vec32_exact_perm,39-87-22-78-67-72-44-69-59-71-12-51-29-90-27-74-73-18-49-40-62-93-68-50-83-1-45-14-10-21-4-64-24-5-70-57-9-33-36-98-54-7-41-76-15-91-31-28-56-81-82-17-52-65-48-96-80-35-88-75-37-58-16-2-23-19-84-25-43-6-53-60-63-100-8-66-61-11-3-89-85-46-55-86-77-95-30-47-99-38-92-32-34-42-79-94-13-26-20-97
Ta100x20,8,3,300,0.9625,0.025,5,2230805246,17000,6727,6481,6084,4.16153349,v2_avx512bw_vec32_exact_perm,39-62-87-78-12-72-28-56-73-31-90-29-70-59-14-22-1-44-4-32-24-19-91-93-67-9-45-33-51-71-25-69-68-7-57-49-41-83-81-27-88-5-89-10-30-58-77-50-64-40-86-98-52-100-6-75-99-37-18-66-43-53-15-35-23-3-48-2-63-36-17-42-55-8-82-21-61-16-11-85-96-80-38-95-76-46-79-13-54-74-84-92-65-60-94-34-47-26-20-97
Ta100x20,8,3,300,0.9625,0.025,6,2230806255,17000,6709,6481,6084,4.16957663,v2_avx512bw_vec32_exact_perm,39-62-78-87-44-56-67-33-51-14-22-36-12-72-7-59-73-91-71-90-81-18-68-25-83-70-24-69-76-64-29-27-5-45-17-9-41-77-32-31-3-88-50-65-4-30-57-1-98-19-66-40-35-53-75-58-10-74-95-23-48-63-6-80-15-52-82-43-8-55-93-16-38-28-86-85-100-49-89-11-21-84-99-61-96-46-2-92-60-42-37-13-54-34-79-94-47-26-20-97
Ta100x20,8,3,300,0.9625,0.025,7,2230807264,17000,6760,6481,6084,4.060351955,v2_avx512bw_vec32_exact_perm,39-62-78-67-22-72-87-36-56-83-14-44-71-7-12-69-18-64-68-90-59-57-77-73-58-4-17-8-25-51-29-31-1-76-91-70-27-48-100-35-41-98-88-5-75-45-9-93-81-65-30-53-50-49-24-52-86-89-66-33-99-60-40-43-21-19-10-11-28-23-42-63-55-3-95-16-38-85-2-96-6-32-15-82-46-61-74-54-84-13-80-37-92-79-94-34-26-20-47-97
Ta100x20,8,3,300,0.9625,0.025,8,2230808273,17000,6737,6481,6084,4.014600087,v2_avx512bw_vec32_exact_perm,39-62-78-87-44-58-12-72-66-67-69-59-51-18-71-22-6-45-91-29-70-14-90-24-25-27-83-73-81-56-57-9-48-37-41-93-31-88-5-1-7-10-96-4-28-19-35-23-77-50-98-76-64-49-86-3-36-75-8-53-65-40-17-15-85-21-42-46-30-82-33-63-52-74-16-100-68-84-80-43-55-60-61-92-89-2-97-11-13-95-38-54-32-99-79-34-94-26-20-47
Ta100x20,8,3,300,0.9625,0.025,9,2230809282,17000,6735,6481,6084,4.085966018,v2_avx512bw_vec32_exact_perm,39-28-59-87-90-78-44-62-51-1-81-56-22-67-69-31-64-68-29-70-71-24-27-45-14-100-91-73-4-75-5-30-38-40-12-72-15-41-76-88-35-18-6-96-83-7-19-66-3-25-93-9-57-65-77-33-37-21-23-89-53-86-52-98-50-2-74-82-63-16-55-36-10-8-48-49-61-84-46-43-85-11-58-95-80-17-79-32-94-54-13-60-42-34-92-99-26-20-97-47
Ta100x20,8,3,300,0.9625,0.025,10,2230810291,17000,6723,6481,6084,4.049022333,v2_avx512bw_vec32_exact_perm,39-62-87-78-4-44-22-1-36-71-90-72-12-51-69-67-91-59-29-31-14-93-70-18-56-58-30-9-68-66-5-76-17-81-77-45-7-64-41-25-19-65-35-57-73-86-24-100-27-88-46-89-82-8-48-40-33-52-28-83-96-75-6-61-11-98-53-21-32-50-10-80-15-49-16-85-79-43-23-60-92-99-38-42-63-54-2-84-3-74-13-95-37-55-94-34-47-26-20-97
Ta100x20,8,3,300,0.9625,0.05,1,2230801210,17000,6798,6481,6084,3.955926716,v2_avx512bw_vec32_exact_perm,39-28-78-72-87-44-59-12-7-73-62-22-29-31-56-24-83-45-66-43-6-15-67-14-90-25-69-41-27-57-51-5-70-76-68-30-58-88-71-54-19-17-18-81-49-40-1-33-77-86-75-23-35-37-9-55-53-52-100-36-16-21-98-91-65-48-4-50-3-93-2-10-85-80-63-96-74-46-61-82-64-95-79-89-60-11-97-38-32-8-42-84-13-34-92-26-94-99-20-47
Ta100x20,8,3,300,0.9625,0.05,2,2230802219,17000,6753,6481,6084,4.191565227,v2_avx512bw_vec32_exact_perm,39-28-59-62-87-78-18-90-45-72-12-36-67-56-44-69-27-22-91-3-6-4-81-71-1-68-29-70-58-9-93-31-77-83-25-24-40-53-10-5-75-30-7-57-89-52-15-96-41-65-14-64-60-48-63-32-50-82-2-19-23-35-88-37-98-51-46-100-86-17-84-43-33-49-16-66-74-55-85-38-76-73-21-8-99-79-80-61-11-92-54-97-42-13-95-94-34-26-20-47
Ta100x20,8,3,300,0.9625,0.05,3,2230803228,17000,6767,6481,6084,4.088789545,v2_avx512bw_vec32_exact_perm,39-62-87-18-78-72-12-29-71-22-91-70-56-90-59-58-81-1-68-14-44-24-83-69-6-64-45-3-66-76-9-67-25-10-93-31-7-57-41-5-88-19-27-51-77-100-2-73-48-63-96-16-33-28-21-75-17-15-4-8-36-99-74-23-42-89-30-49-37-38-50-55-60-98-82-40-52-65-43-35-85-92-79-54-11-61-53-13-32-84-80-20-26-86-46-95-94-34-47-97
Ta100x20,8,3,300,0.9625,0.05,4,2230804237,17000,6772,6481,6084,4.10847419,v2_avx512bw_vec32_exact_perm,39-62-78-67-87-72-36-22-68-83-59-44-45-24-90-9-31-14-56-91-35-28-81-70-27-73-64-51-71-5-19-15-74-12-29-7-82-75-3-98-30-2-50-8-69-46-88-65-4-57-49-25-1-6-58-18-16-48-76-93-84-38-86-23-37-33-43-96-41-52-53-77-80-55-40-10-63-21-11-92-60-85-100-54-13-89-95-94-66-17-32-61-99-42-34-79-47-26-20-97
Ta100x20,8,3,300,0.9625,0.05,5,2230805246,17000,6771,6481,6084,4.246442687,v2_avx512bw_vec32_exact_perm,39-62-87-78-90-25-29-68-44-58-59-71-72-12-67-27-73-50-56-31-70-1-69-14-22-3-91-64-81-24-10-45-65-49-51-7-41-19-98-15-5-88-89-21-57-36-9-83-42-28-76-33-35-96-23-30-77-52-48-53-100-18-37-17-8-84-75-46-61-74-6-43-60-66-40-63-55-2-82-80-79-16-4-95-99-93-11-38-13-85-86-32-54-92-94-34-47-26-20-97
Ta100x20,8,3,300,0.9625,0.05,6,2230806255,17000,6735,6481,6084,4.519490437,v2_avx512bw_vec32_exact_perm,39-62-78-67-44-18-29-72-71-12-45-31-5-22-59-69-6-87-28-91-56-70-51-9-40-73-37-68-25-54-58-48-81-57-36-100-27-35-3-14-96-46-24-23-83-7-88-19-53-52-43-41-50-98-89-66-49-30-75-16-32-84-33-4-15-74-17-1-38-63-8-21-77-82-79-85-76-65-61-80-86-93-11-55-10-92-60-97-42-2-64-99-13-34-90-95-94-26-20-47
Ta100x20,8,3,300,0.9625,0.05,7,2230807264,17000,6761,6481,6084,4.405686081,v2_avx512bw_vec32_exact_perm,39-62-78-87-29-68-44-69-12-30-22-70-7-72-67-56-90-14-49-9-71-18-83-58-59-21-4-25-51-1-73-91-24-5-27-57-31-81-93-36-74-19-77-33-65-84-40-53-48-41-37-2-3-86-100-88-45-15-82-66-35-80-50-11-52-75-64-6-63-16-61-89-28-10-17-43-8-85-46-79-98-99-42-60-76-38-55-54-23-95-13-96-32-94-34-92-47-26-20-97
Ta100x20,8,3,300,0.9625,0.05,8,2230808273,17000,6710,6481,6084,4.347372963,v2_avx512bw_vec32_exact_perm,39-62-78-67-72-12-58-14-22-44-36-59-87-45-70-64-56-71-7-68-33-77-1-90-81-65-31-29-2-93-83-74-9-35-27-69-50-89-24-91-28-5-88-18-49-82-100-96-52-6-41-98-23-40-15-10-51-53-25-73-48-4-63-3-19-75-66-57-16-86-30-80-61-21-76-11-46-17-55-42-32-43-84-99-8-60-13-38-54-85-37-97-92-95-79-94-34-47-26-20
Ta100x20,8,3,300,0.9625,0.05,9,2230809282,17000,6757,6481,6084,4.292797423,v2_avx512bw_vec32_exact_perm,39-62-78-73-4-44-12-45-72-59-68-67-74-7-90-31-22-70-56-69-9-18-28-41-27-100-14-83-87-71-91-88-76-65-36-5-43-58-29-17-33-93-96-40-98-52-30-55-51-50-8-37-46-24-85-19-66-1-10-48-75-16-81-57-32-23-15-63-77-35-49-53-61-6-80-25-3-38-79-86-64-11-82-21-89-13-54-60-2-84-92-26-99-95-97-42-34-94-20-47
Ta100x20,8,3,300,0.9625,0.05,10,2230810291,17000,6738,6481,6084,4.305445784,v2_avx512bw_vec32_exact_perm,39-62-78-28-31-69-72-3-29-68-44-67-59-12-56-14-9-27-7-83-91-71-6-45-22-70-35-25-17-33-87-93-51-49-64-90-88-23-76-98-96-21-19-24-73-30-66-77-57-5-18-58-4-52-81-15-10-36-40-48-50-65-79-99-41-63-100-89-84-82-1-85-75-37-53-32-46-43-2-80-61-55-16-8-11-60-74-54-13-86-42-34-38-95-97-92-94-26-20-47
Ta100x20,8,3,300,0.9625,0.075,1,2230801210,17000,6745,6481,6084,4.174166639,v2_avx512bw_vec32_exact_perm,39-62-78-31-10-66-72-71-69-51-18-67-5-91-7-44-22-36-81-56-45-58-33-27-14-9-29-8-1-90-75-12-50-25-28-64-73-53-83-100-93-68-49-88-87-4-77-96-30-24-70-59-41-42-40-6-3-16-46-57-55-19-82-2-99-52-15-43-48-23-37-60-17-21-35-63-89-79-65-85-84-98-38-76-32-54-86-80-11-13-95-94-74-61-97-92-34-47-26-20
Ta100x20,8,3,300,0.9625,0.075,2,2230802219,17000,6749,6481,6084,4.117630499,v2_avx512bw_vec32_exact_perm,39-62-87-78-68-22-4-44-67-72-7-64-12-69-9-45-29-59-3-91-73-83-14-96-90-93-33-19-27-71-36-58-81-74-70-51-18-56-6-50-31-1-75-8-10-88-48-30-37-100-25-52-24-5-53-28-98-89-63-40-54-85-41-66-35-11-17-86-77-76-65-55-38-16-43-57-46-21-23-84-99-15-32-34-42-49-61-95-2-82-80-92-60-13-79-94-47-26-20-97
Ta100x20,8,3,300,0.9625,0.075,3,2230803228,17000,6709,6481,6084,4.129229244,v2_avx512bw_vec32_exact_perm,39-28-72-73-78-44-18-90-22-36-6-68-59-62-71-56-51-87-14-69-40-88-24-67-31-91-10-5-93-70-9-1-29-7-83-27-15-45-32-96-37-35-66-17-30-41-50-100-98-65-89-57-33-12-48-99-58-25-63-53-81-75-52-3-43-19-21-74-85-49-2-4-23-80-60-76-82-84-61-42-86-16-11-46-55-77-8-92-54-34-95-13-38-79-64-94-26-20-47-97
Ta100x20,8,3,300,0.9625,0.075,4,2230804237,17000,6747,6481,6084,4.224395831,v2_avx512bw_vec32_exact_perm,39-62-28-72-78-31-44-71-67-36-10-22-87-12-27-45-56-32-9-7-69-1-70-90-58-74-17-68-91-25-49-5-8-50-51-59-29-30-41-14-24-88-96-15-3-75-55-6-93-33-100-73-57-4-2-63-86-38-18-23-84-35-53-52-77-89-43-83-19-48-81-46-66-16-40-64-76-37-21-65-98-80-85-92-54-82-60-13-79-42-99-11-61-97-34-95-94-26-20-47
Ta100x20,8,3,300,0.9625,0.075,5,2230805246,17000,6723,6481,6084,4.247461625,v2_avx512bw_vec32_exact_perm,39-28-90-22-87-72-59-62-4-78-12-29-73-44-45-70-14-91-41-69-1-58-56-31-36-68-18-25-9-86-48-57-27-10-81-94-50-71-24-88-75-83-51-30-74-17-65-33-64-89-7-93-2-5-60-54-19-77-40-37-67-6-84-80-35-49-21-3-8-76-61-15-43-52-98-38-16-23-63-100-82-53-85-96-42-11-46-13-95-32-79-99-34-66-92-55-47-26-20-97
Ta100x20,8,3,300,0.9625,0.075,6,2230806255,17000,6789,6481,6084,4.049272724,v2_avx512bw_vec32_exact_perm,39-62-87-22-4-78-29-31-77-68-56-12-72-51-44-59-27-35-40-9-71-69-45-14-7-18-91-76-15-88-67-90-70-25-81-21-49-57-93-98-28-36-19-24-54-30-3-41-82-65-1-10-75-73-2-38-33-100-23-6-8-83-50-52-5-43-66-58-85-79-17-53-48-86-64-89-61-11-60-99-16-46-13-63-74-55-96-32-92-80-95-37-84-42-94-34-26-20-47-97
Ta100x20,8,3,300,0.9625,0.075,7,2230807264,17000,6785,6481,6084,3.983530157,v2_avx512bw_vec32_exact_perm,39-67-59-87-78-22-72-44-28-95-62-12-42-68-1-69-90-71-45-81-5-91-18-56-15-70-51-29-73-25-3-7-31-14-61-32-35-36-96-9-41-75-37-40-49-27-8-89-50-86-53-64-98-24-48-10-77-33-83-30-4-93-54-16-100-19-88-66-57-63-6-52-80-23-76-84-43-58-38-65-21-17-99-85-11-55-74-79-82-60-13-2-46-92-94-20-47-26-34-97
Ta100x20,8,3,300,0.9625,0.075,8,2230808273,17000,6783,6481,6084,4.017409889,v2_avx512bw_vec32_exact_perm,39-62-78-73-72-69-12-44-58-4-1-51-29-56-59-70-22-18-74-24-28-41-67-64-9-14-83-53-71-27-91-68-7-25-17-31-5-90-36-45-88-3-93-81-87-75-33-40-50-6-96-61-98-43-35-89-15-49-30-77-100-23-8-84-52-10-65-32-48-63-57-79-82-16-37-80-11-42-76-99-66-19-95-85-86-54-38-2-60-13-55-34-92-21-46-94-26-20-97-47
Ta100x20,8,3,300,0.9625,0.075,9,2230809282,17000,6780,6481,6084,4.095960036,v2_avx512bw_vec32_exact_perm,39-62-68-72-22-78-87-44-31-29-59-74-90-51-56-18-91-67-93-70-25-1-69-9-65-73-7-57-71-17-81-83-12-45-14-24-53-8-50-40-82-27-30-35-5-77-64-36-98-2-19-58-43-75-33-4-41-61-63-100-88-6-46-96-76-21-49-10-48-80-84-89-86-52-3-23-32-95-16-38-54-66-42-28-13-11-37-79-99-85-15-60-92-55-94-34-47-26-20-97
Ta100x20,8,3,300,0.9625,0.075,10,2230810291,17000,6761,6481,6084,4.269037201,v2_avx512bw_vec32_exact_perm,39-28-10-56-87-78-59-6-62-71-90-12-67-4-91-72-31-69-50-18-22-88-51-44-45-96-73-70-1-57-7-83-41-74-14-75-27-19-66-37-29-9-58-52-81-54-100-68-93-25-33-64-36-40-30-5-2-82-60-65-53-48-89-98-24-35-86-3-23-85-77-63-17-38-76-21-84-15-32-49-16-43-99-61-95-8-42-55-80-11-13-79-34-94-92-46-47-26-20-97
Ta100x20,8,3,300,0.9625,0.1,1,2230801210,17000,6781,6481,6084,4.833458629,v2_avx512bw_vec32_exact_perm,39-62-78-68-44-72-73-22-87-67-5-24-58-59-14-56-31-29-36-1-7-91-9-90-37-18-69-25-71-57-12-81-17-66-27-49-4-54-28-77-83-52-70-35-15-100-41-10-76-53-51-75-93-82-19-88-8-50-84-30-43-48-40-65-3-6-98-38-23-45-86-89-21-16-85-63-60-11-99-61-80-74-96-55-13-95-32-64-92-46-33-42-2-79-94-26-34-20-47-97
Ta100x20,8,3,300,0.9625,0.1,2,2230802219,17000,6764,6481,6084,4.427313028,v2_avx512bw_vec32_exact_perm,39-62-29-73-90-4-67-78-12-72-59-87-44-18-74-19-14-51-45-22-69-9-68-23-25-7-33-91-1-35-75-60-41-70-93-83-64-71-2-37-58-81-98-3-5-57-31-88-89-82-27-40-16-65-24-42-56-6-28-100-46-77-80-63-30-15-10-17-43-76-49-85-36-96-61-21-32-52-86-66-84-8-48-92-50-53-11-94-38-55-95-54-79-99-13-34-47-26-20-97
Ta100x20,8,3,300,0.9625,0.1,3,2230803228,17000,6740,6481,6084,4.460455472,v2_avx512bw_vec32_exact_perm,39-62-78-28-72-31-44-51-67-29-73-69-12-56-68-33-59-4-45-5-9-93-17-70-18-14-40-71-1-7-91-22-65-58-8-83-81-82-64-41-25-49-57-88-27-50-90-66-98-10-87-76-48-89-35-36-75-6-96-24-16-86-100-80-77-19-85-46-43-3-52-42-23-21-63-74-79-37-53-30-61-11-55-84-15-32-2-54-13-60-38-95-94-92-99-34-26-20-47-97
Ta100x20,8,3,300,0.9625,0.1,4,2230804237,17000,6781,6481,6084,4.39242908,v2_avx512bw_vec32_exact_perm,39-62-87-78-72-67-44-4-29-73-90-36-70-18-58-31-91-12-68-25-69-30-24-17-57-59-41-32-1-56-45-71-83-51-7-81-77-64-14-50-2-5-88-37-40-10-53-19-27-9-66-16-49-98-93-35-76-23-75-22-84-61-74-89-43-55-6-52-80-63-15-3-100-48-11-8-38-33-60-82-96-54-28-86-92-65-21-42-46-85-34-13-95-99-79-94-47-26-20-97
Ta100x20,8,3,300,0.9625,0.1,5,2230805246,17000,6774,6481,6084,4.433315566,v2_avx512bw_vec32_exact_perm,39-28-18-62-4-72-12-87-7-78-90-69-70-73-67-91-6-45-57-71-25-1-64-33-44-14-59-31-56-3-93-29-22-19-83-24-9-40-8-10-51-65-48-100-98-50-77-89-17-82-27-5-36-37-85-96-41-81-68-88-35-60-84-58-43-75-2-49-32-80-15-52-63-92-74-55-42-54-30-53-76-79-23-61-46-99-21-16-66-13-11-86-95-38-34-94-47-26-20-97
Ta100x20,8,3,300,0.9625,0.1,6,2230806255,17000,6795,6481,6084,4.249053417,v2_avx512bw_vec32_exact_perm,39-62-28-22-78-87-9-56-59-7-91-12-64-29-90-73-70-83-14-71-44-30-58-4-2-81-27-68-45-1-93-69-3-25-5-89-55-51-16-10-57-67-36-46-50-17-75-41-48-19-31-63-23-6-42-35-82-54-86-88-37-98-18-33-66-77-40-60-53-15-72-11-100-52-74-61-8-24-65-49-80-95-84-79-76-13-99-38-85-21-26-96-43-94-92-34-47-32-97-20
Ta100x20,8,3,300,0.9625,0.1,7,2230807264,17000,6825,6481,6084,4.538032955,v2_avx512bw_vec32_exact_perm,39-62-87-7-10-72-22-78-44-12-59-73-56-93-27-36-4-45-68-83-64-29-91-89-48-9-50-69-84-14-67-81-71-18-70-100-31-98-33-5-24-77-90-30-41-3-58-65-57-19-75-6-28-25-53-35-51-61-17-37-1-88-63-60-8-43-40-80-52-74-16-99-49-38-23-86-85-79-76-82-96-46-13-21-95-42-11-15-97-54-55-2-92-66-94-26-32-34-20-47
Ta100x20,8,3,300,0.9625,0.1,8,2230808273,17000,6770,6481,6084,4.212015271,v2_avx512bw_vec32_exact_perm,39-87-10-72-3-12-56-67-69-78-6-59-71-22-70-74-62-4-7-33-25-91-64-81-89-54-1-45-90-48-51-93-73-31-19-27-41-83-14-68-44-88-9-57-5-28-100-63-24-82-40-37-49-23-29-35-8-36-98-75-53-15-65-77-84-30-52-76-43-38-50-16-80-60-99-17-58-46-21-42-18-32-85-86-61-11-55-2-96-79-13-95-94-34-92-66-47-26-20-97
Ta100x20,8,3,300,0.9625,0.1,9,2230809282,17000,6786,6481,6084,4.131258132,v2_avx512bw_vec32_exact_perm,39-22-18-78-62-68-67-56-45-87-51-90-72-1-81-71-83-12-59-29-14-58-91-4-44-25-70-7-82-8-52-24-96-31-93-36-5-40-64-17-53-30-6-28-33-69-75-9-73-77-3-100-15-41-11-23-19-55-48-35-88-27-63-89-2-37-98-66-10-85-79-16-99-76-49-80-21-57-84-60-32-46-42-50-43-86-54-38-92-13-61-74-65-97-95-94-34-26-20-47
Ta100x20,8,3,300,0.9625,0.1,10,2230810291,17000,6804,6481,6084,4.280377651,v2_avx512bw_vec32_exact_perm,39-62-78-22-72-73-44-31-56-51-87-59-14-68-91-12-64-24-71-3-69-25-57-81-45-41-74-18-88-19-90-100-30-7-65-29-1-70-9-77-16-49-53-28-50-5-67-98-48-58-63-15-61-27-83-80-93-21-36-17-35-96-23-89-52-43-40-82-2-84-8-60-37-76-4-10-66-75-46-6-42-85-54-95-55-33-11-38-79-32-99-34-92-13-97-86-94-20-26-47
Ta100x20,8,3,300,0.9625,0.125,1,2230801210,17000,6780,6481,6084,4.275717011,v2_avx512bw_vec32_exact_perm,39-62-78-7-44-72-32-22-36-59-12-71-87-68-69-4-67-70-27-83-91-73-56-14-45-57-19-41-81-29-24-3-90-96-88-31-25-64-1-76-53-9-58-28-48-5-37-2-82-40-35-89-17-18-98-51-23-93-43-86-50-16-61-49-46-65-8-75-30-38-84-95-52-100-6-33-10-66-21-85-63-55-15-77-80-79-92-54-11-74-13-99-42-60-97-34-20-94-47-26
Ta100x20,8,3,300,0.9625,0.125,2,2230802219,17000,6772,6481,6084,4.227021829,v2_avx512bw_vec32_exact_perm,39-32-62-56-59-28-4-69-68-87-45-27-31-91-70-81-44-88-41-57-22-12-71-72-78-74-73-67-49-14-7-9-24-25-19-5-51-38-100-98-30-16-10-29-75-90-33-36-58-52-50-8-64-96-82-93-53-1-54-83-89-77-63-21-6-61-17-3-18-40-48-86-55-97-11-42-35-46-15-76-2-23-43-60-80-85-79-65-37-94-95-92-66-34-99-13-84-47-26-20
Ta100x20,8,3,300,0.9625,0.125,3,2230803228,17000,6778,6481,6084,4.182919364,v2_avx512bw_vec32_exact_perm,39-62-78-28-72-12-73-51-3-68-22-56-87-90-29-59-44-83-77-1-57-93-2-69-71-31-35-45-4-70-58-19-25-40-27-96-14-41-24-17-67-6-15-5-91-64-8-48-81-88-9-21-7-75-23-66-16-49-89-30-36-52-63-60-95-10-74-100-82-53-98-61-33-80-50-11-65-85-84-46-76-38-54-13-37-18-86-32-99-43-55-97-42-79-94-92-34-47-26-20
Ta100x20,8,3,300,0.9625,0.125,4,2230804237,17000,6817,6481,6084,4.176833806,v2_avx512bw_vec32_exact_perm,39-68-87-72-67-59-24-78-64-91-7-62-44-22-18-6-58-69-70-93-31-57-71-45-9-14-27-79-33-28-90-73-80-96-41-88-15-56-81-36-66-8-75-10-83-29-17-76-48-35-12-19-42-40-16-3-43-77-61-37-5-25-49-53-98-52-100-1-50-4-65-89-30-85-11-99-86-51-82-46-95-23-2-63-21-60-54-55-74-13-38-32-84-92-94-97-26-20-47-34
Ta100x20,8,3,300,0.9625,0.125,5,2230805246,17000,6785,6481,6084,4.295586085,v2_avx512bw_vec32_exact_perm,39-62-22-28-72-4-44-78-73-1-12-7-56-90-75-87-71-64-57-59-29-91-68-93-31-45-67-14-70-58-74-86-19-18-69-82-76-41-83-9-65-25-3-5-81-36-60-77-88-17-63-40-6-49-100-16-33-50-30-23-99-15-48-98-96-11-24-35-8-89-2-51-52-53-66-38-54-85-92-21-84-80-79-13-46-95-10-61-34-27-43-42-37-55-32-94-20-97-47-26
Ta100x20,8,3,300,0.9625,0.125,6,2230806255,17000,6815,6481,6084,4.261229137,v2_avx512bw_vec32_exact_perm,39-67-62-56-72-28-59-87-10-40-70-90-91-78-41-71-14-4-12-29-88-31-27-25-22-51-73-44-7-69-57-3-18-46-23-9-75-24-17-2-32-21-5-35-100-54-98-1-83-50-53-15-45-37-68-30-58-80-36-81-64-93-19-84-6-48-63-77-33-8-42-96-16-52-38-76-43-89-49-85-79-61-65-60-82-95-13-55-86-92-74-11-94-34-99-20-66-97-26-47
Ta100x20,8,3,300,0.9625,0.125,7,2230807264,17000,6757,6481,6084,4.288803776,v2_avx512bw_vec32_exact_perm,39-62-87-29-28-72-22-6-12-78-69-68-45-56-4-27-18-91-31-44-82-24-70-25-7-71-90-51-93-5-37-10-67-59-9-75-36-81-64-77-30-66-41-83-40-88-73-15-57-53-19-96-1-35-43-49-79-98-58-3-14-76-48-63-94-52-84-32-38-17-100-33-16-8-95-13-80-2-23-85-50-46-21-54-89-86-99-11-34-60-65-42-92-61-74-55-47-26-20-97
Ta100x20,8,3,300,0.9625,0.125,8,2230808273,17000,6787,6481,6084,4.160207043,v2_avx512bw_vec32_exact_perm,39-18-67-22-87-78-62-96-45-72-70-36-56-44-51-59-91-95-7-4-1-90-68-14-48-65-69-93-29-3-81-71-88-9-89-27-33-31-12-57-28-5-53-85-49-73-30-100-24-40-25-41-83-50-19-35-75-17-63-21-58-98-15-11-77-10-23-60-2-82-94-79-46-38-6-16-13-80-76-92-8-43-54-84-55-61-74-52-42-86-37-64-34-99-97-32-66-26-20-47
Ta100x20,8,3,300,0.9625,0.125,9,2230809282,17000,6797,6481,6084,4.165891151,v2_avx512bw_vec32_exact_perm,39-62-87-78-36-67-12-22-72-18-70-90-73-93-56-69-41-5-81-3-9-14-59-88-31-37-45-91-68-24-57-89-25-43-7-98-44-58-28-100-35-64-71-40-83-19-27-99-50-51-49-52-75-30-10-6-4-60-38-84-48-29-1-23-77-66-63-94-46-17-85-65-76-53-16-15-95-61-21-2-86-80-8-54-79-32-33-96-74-42-92-47-82-11-13-34-26-55-20-97
Ta100x20,8,3,300,0.9625,0.125,10,2230810291,17000,6800,6481,6084,4.099497606,v2_avx512bw_vec32_exact_perm,39-22-7-72-90-62-78-67-51-59-87-10-28-70-91-66-69-43-81-18-100-12-58-45-44-88-9-27-83-4-25-71-14-40-6-68-57-73-1-54-3-41-31-5-8-36-15-48-29-16-33-49-74-35-53-56-23-52-85-76-30-17-19-75-98-65-21-84-11-24-42-61-13-95-80-93-86-99-50-77-89-46-63-96-92-2-34-79-64-38-82-37-60-55-94-32-47-26-20-97
Ta100x20,8,3,300,1,0.025,1,2230801210,17000,6786,6481,6084,5.149812975,v2_avx512bw_vec32_exact_perm,39-67-62-68-59-4-18-22-78-56-44-7-72-12-29-24-90-83-14-87-32-71-15-45-9-1-65-57-33-17-91-25-73-19-58-88-41-2-37-51-3-5-81-75-36-93-50-40-96-6-31-77-82-30-55-70-21-28-69-66-8-98-52-100-27-23-63-84-76-11-49-61-43-35-16-10-79-89-48-60-80-85-42-53-64-46-13-74-95-86-99-38-54-92-97-94-34-26-20-47
Ta100x20,8,3,300,1,0.025,2,2230802219,17000,6723,6481,6084,4.084838614,v2_avx512bw_vec32_exact_perm,39-62-78-67-72-44-36-22-71-32-14-29-90-87-10-18-9-73-4-3-27-69-51-41-12-59-96-7-83-88-25-53-56-6-31-58-70-5-91-48-93-57-50-86-1-24-21-68-19-45-76-15-23-98-33-74-81-8-49-66-40-17-28-77-43-89-99-38-35-16-30-54-11-75-46-82-100-63-42-2-79-52-84-92-80-60-65-61-85-37-13-64-55-95-94-34-47-26-20-97
Ta100x20,8,3,300,1,0.025,3,2230803228,17000,6759,6481,6084,4.178036709,v2_avx512bw_vec32_exact_perm,39-62-28-72-78-10-91-22-44-41-56-73-45-19-51-59-31-35-71-69-64-29-12-81-9-14-87-77-90-83-27-70-5-93-4-1-57-49-7-65-88-36-75-30-48-3-54-89-15-40-33-25-68-37-24-82-98-18-76-74-86-23-99-67-50-17-52-80-53-97-100-79-60-46-58-63-84-21-42-13-43-16-55-8-2-32-11-96-38-34-61-6-92-66-85-95-94-26-20-47
Ta100x20,8,3,300,1,0.025,4,2230804237,17000,6742,6481,6084,4.088366356,v2_avx512bw_vec32_exact_perm,39-62-78-73-31-56-72-22-28-12-69-14-71-44-32-87-40-90-18-59-51-83-70-3-5-27-4-29-6-66-24-1-19-45-93-81-91-7-9-67-49-68-33-88-82-100-58-15-30-25-98-96-36-48-89-53-60-57-75-41-21-63-86-52-64-85-17-10-50-42-23-16-11-77-94-95-38-43-35-2-76-61-80-92-79-74-84-46-8-65-37-54-99-13-55-26-20-97-34-47
Ta100x20,8,3,300,1,0.025,5,2230805246,17000,6719,6481,6084,4.067805255,v2_avx512bw_vec32_exact_perm,39-87-78-31-22-44-72-67-36-62-29-12-68-71-18-45-14-90-81-70-7-59-56-91-9-51-73-64-69-28-57-77-89-27-83-1-48-25-94-100-35-10-98-23-2-16-24-41-75-60-88-3-5-50-19-6-63-49-15-30-4-40-53-21-43-8-84-66-61-93-76-58-52-82-86-80-17-11-65-33-74-85-38-95-92-54-13-42-99-37-96-34-79-32-46-47-55-26-20-97
Ta100x20,8,3,300,1,0.025,6,2230806255,17000,6745,6481,6084,4.371284219,v2_avx512bw_vec32_exact_perm,39-62-78-87-90-68-22-29-12-18-72-44-31-7-56-73-45-64-51-17-70-48-59-24-67-69-41-83-88-1-91-36-4-58-93-40-76-14-33-27-10-81-9-49-25-71-57-15-50-8-53-6-2-89-5-82-84-54-3-21-98-77-66-52-23-61-37-28-30-100-35-63-75-46-19-16-42-80-43-86-79-85-65-11-96-32-99-38-55-60-74-13-95-92-94-34-47-26-20-97
Ta100x20,8,3,300,1,0.025,7,2230807264,17000,6731,6481,6084,4.404781108,v2_avx512bw_vec32_exact_perm,39-62-78-72-67-51-87-69-22-41-6-59-18-14-70-29-90-44-56-27-12-3-4-91-9-7-31-45-33-25-40-83-10-1-68-71-88-57-93-77-21-8-64-5-98-73-96-58-49-50-75-19-36-30-28-82-48-66-24-100-63-74-81-53-79-15-16-52-43-80-17-2-35-37-89-32-65-61-86-60-23-42-84-55-46-99-11-76-38-54-92-13-85-95-94-34-47-26-20-97
Ta100x20,8,3,300,1,0.025,8,2230808273,17000,6735,6481,6084,4.44362742,v2_avx512bw_vec32_exact_perm,39-62-78-67-72-44-51-45-4-29-56-90-18-83-9-22-27-25-68-58-14-28-12-31-91-93-59-36-100-87-57-73-88-10-7-17-64-21-41-75-35-69-71-96-5-24-2-15-40-1-52-48-81-89-80-6-98-50-77-33-49-61-82-38-30-70-76-54-16-53-63-86-32-43-3-60-84-37-8-74-23-19-79-46-55-66-92-99-65-42-13-85-11-34-95-94-47-26-20-97
Ta100x20,8,3,300,1,0.025,9,2230809282,17000,6733,6481,6084,4.872519576,v2_avx512bw_vec32_exact_perm,39-62-78-67-72-44-29-31-36-25-22-71-12-45-56-51-18-90-69-87-100-30-41-27-70-58-4-1-57-9-7-14-59-81-73-88-91-83-28-64-19-49-6-68-66-96-77-5-24-37-50-21-10-3-82-48-35-98-15-63-40-85-11-17-55-75-53-60-93-99-46-76-52-86-33-80-89-16-84-23-2-34-74-54-38-8-65-42-43-95-92-13-32-94-61-79-26-20-47-97
Ta100x20,8,3,300,1,0.025,10,2230810291,17000,6762,6481,6084,5.496763221,v2_avx512bw_vec32_exact_perm,39-62-78-29-22-18-90-87-72-28-36-73-12-56-24-59-41-100-71-44-57-51-27-69-81-25-10-67-68-83-9-48-5-14-31-1-89-91-40-70-50-53-15-7-79-88-35-17-61-45-58-64-23-98-93-19-2-32-30-52-76-33-4-54-60-96-75-82-37-49-84-21-77-80-11-6-16-46-38-55-8-99-3-42-85-97-74-63-43-65-86-13-92-95-94-34-66-47-26-20
Ta100x20,8,3,300,1,0.05,1,2230801210,17000,6769,6481,6084,4.232061599,v2_avx512bw_vec32_exact_perm,39-62-73-22-87-78-51-72-67-14-44-49-90-96-59-70-91-12-24-83-71-98-5-29-3-74-27-7-68-57-1-37-48-21-69-4-64-77-19-81-31-36-40-65-41-28-35-50-18-15-9-99-45-23-2-56-88-89-33-17-25-82-6-93-100-16-52-10-63-53-86-94-58-85-66-75-30-60-84-43-38-8-13-92-61-76-79-80-11-54-95-46-42-55-97-32-34-47-26-20
Ta100x20,8,3,300,1,0.05,2,2230802219,17000,6801,6481,6084,4.187137899,v2_avx512bw_vec32_exact_perm,39-62-78-22-44-36-56-87-72-67-29-98-12-3-7-70-71-69-58-30-1-52-59-90-100-68-14-51-18-96-83-24-45-57-28-4-41-91-74-81-77-5-31-50-48-33-15-10-27-53-25-64-40-89-9-80-49-75-73-23-6-19-38-60-16-88-82-2-37-66-86-63-85-55-21-54-8-11-76-35-93-65-13-43-34-61-84-32-94-79-46-17-99-42-92-95-26-20-47-97
Ta100x20,8,3,300,1,0.05,3,2230803228,17000,6760,6481,6084,4.300149591,v2_avx512bw_vec32_exact_perm,39-62-78-67-72-44-22-29-59-71-18-74-31-27-5-45-9-7-24-77-90-58-68-91-25-12-69-87-75-51-4-14-17-88-81-49-83-57-1-70-48-41-50-56-73-15-28-96-6-100-33-35-53-66-30-93-98-8-76-86-61-38-19-21-16-37-32-64-89-36-52-2-55-65-84-85-63-11-82-40-54-3-99-60-79-80-43-10-42-23-97-92-13-46-95-34-94-26-20-47
Ta100x20,8,3,300,1,0.05,4,2230804237,17000,6783,6481,6084,5.000879072,v2_avx512bw_vec32_exact_perm,39-62-78-67-72-3-22-71-69-18-44-31-4-50-28-12-57-45-29-59-87-73-21-90-91-81-70-14-60-100-68-41-83-25-27-56-9-17-7-88-36-1-37-30-98-38-51-48-65-63-35-2-93-89-46-5-55-75-64-82-23-53-33-96-19-80-95-77-24-40-94-76-49-10-16-6-13-15-74-85-43-86-8-52-61-92-79-58-54-11-99-97-42-84-32-66-34-26-20-47
Ta100x20,8,3,300,1,0.05,5,2230805246,17000,6788,6481,6084,5.856715989,v2_avx512bw_vec32_exact_perm,39-62-78-4-72-29-51-59-71-12-81-22-56-44-69-31-91-68-1-58-74-82-87-90-57-73-41-18-14-70-45-9-28-67-88-15-83-25-24-64-49-6-5-7-19-75-38-16-10-27-93-40-35-23-89-37-77-30-100-33-52-36-3-98-17-61-48-53-50-76-65-84-8-11-21-66-92-85-34-54-79-63-95-80-13-96-43-60-94-42-2-32-86-55-46-99-97-26-20-47
Ta100x20,8,3,300,1,0.05,6,2230806255,17000,6817,6481,6084,4.798452197,v2_avx512bw_vec32_exact_perm,39-22-73-72-67-90-18-78-56-87-69-2-62-81-68-12-6-7-36-31-40-44-58-59-64-9-91-71-5-50-48-70-35-29-41-93-14-1-23-98-33-10-100-16-19-27-83-51-24-61-28-37-3-86-45-88-17-75-89-60-84-4-8-79-52-30-77-80-76-43-49-57-53-63-25-65-74-54-15-21-85-55-82-66-11-95-38-92-96-99-13-46-32-34-42-97-20-94-47-26
Ta100x20,8,3,300,1,0.05,7,2230807264,17000,6750,6481,6084,4.770827622,v2_avx512bw_vec32_exact_perm,39-62-29-68-72-59-45-22-12-71-78-87-64-18-6-91-51-44-69-70-3-56-83-9-14-67-66-28-24-31-15-7-5-90-19-93-77-65-40-35-75-50-100-2-41-33-73-37-89-88-27-25-57-98-10-1-23-36-48-52-58-81-4-84-85-82-76-49-17-53-21-8-46-16-61-86-32-30-80-63-79-54-43-99-60-96-74-92-38-13-11-42-55-97-95-94-34-47-26-20
Ta100x20,8,3,300,1,0.05,8,2230808273,17000,6776,6481,6084,4.956716493,v2_avx512bw_vec32_exact_perm,39-62-78-87-72-68-22-44-45-29-36-12-52-41-90-81-10-69-71-66-56-58-70-1-18-25-17-14-88-59-96-73-31-40-23-28-5-24-51-27-4-91-57-7-77-19-15-35-67-75-53-6-93-64-82-9-99-63-30-98-42-49-83-60-74-89-100-80-48-76-38-16-85-8-50-86-2-46-84-32-21-54-65-61-11-79-3-92-37-43-13-95-94-33-34-55-47-26-20-97
Ta100x20,8,3,300,1,0.05,9,2230809282,17000,6757,6481,6084,4.686095643,v2_avx512bw_vec32_exact_perm,39-62-78-67-72-44-73-64-69-68-51-14-22-12-3-59-76-87-56-81-49-88-28-7-31-90-25-9-18-83-29-41-43-71-35-19-27-57-75-24-10-93-91-89-5-30-8-6-70-52-15-66-36-100-2-1-45-23-99-61-46-55-74-4-85-58-17-50-33-63-32-16-40-53-80-77-11-84-98-21-37-60-82-96-48-86-38-13-92-54-65-34-42-95-94-79-26-20-47-97
Ta100x20,8,3,300,1,0.05,10,2230810291,17000,6751,6481,6084,5.839798478,v2_avx512bw_vec32_exact_perm,39-62-78-67-32-22-12-29-71-59-7-33-72-90-87-69-27-70-51-4-14-41-68-77-83-93-25-10-44-19-56-45-81-91-73-37-58-96-57-88-1-31-5-28-6-17-23-74-30-49-9-21-38-50-98-3-89-18-75-8-100-24-66-52-35-36-16-2-40-85-55-79-48-65-60-43-53-15-42-64-80-84-82-76-63-11-86-46-99-54-92-61-13-95-94-34-26-20-47-97
Ta100x20,8,3,300,1,0.075,1,2230801210,17000,6813,6481,6084,5.091329335,v2_avx512bw_vec32_exact_perm,39-62-29-87-59-22-45-78-90-72-73-91-69-12-67-14-70-51-31-5-28-53-71-44-89-27-35-56-7-68-18-57-66-1-81-23-33-19-25-24-100-9-3-65-98-74-38-21-16-54-36-76-77-84-83-40-64-88-48-41-4-15-60-17-42-2-37-93-8-50-99-58-86-75-30-52-10-63-6-49-82-80-85-43-96-92-79-61-32-55-13-26-11-46-95-20-94-34-47-97
Ta100x20,8,3,300,1,0.075,2,2230802219,17000,6794,6481,6084,4.921772679,v2_avx512bw_vec32_exact_perm,39-62-78-67-22-18-14-82-29-72-12-90-93-28-51-69-31-44-74-73-45-83-65-70-56-87-91-50-1-59-58-5-27-4-81-15-36-41-68-2-85-89-52-33-17-100-9-25-35-7-48-57-77-86-10-6-88-66-24-37-49-63-75-23-21-96-53-98-3-19-71-60-8-40-30-43-16-11-55-76-46-38-54-61-79-95-32-80-92-99-64-42-13-97-84-94-34-47-26-20
Ta100x20,8,3,300,1,0.075,3,2230803228,17000,6796,6481,6084,4.647269121,v2_avx512bw_vec32_exact_perm,39-62-28-72-22-90-31-87-91-36-44-56-58-6-78-57-18-67-9-71-69-3-66-73-70-14-17-59-12-29-41-24-45-5-81-88-49-4-83-75-35-7-2-89-15-48-1-77-50-30-53-19-37-27-68-51-16-23-86-11-98-96-93-55-52-38-33-100-61-76-25-65-10-85-21-40-99-46-43-8-82-64-63-54-60-79-32-13-84-74-95-80-42-34-92-94-97-47-26-20
Ta100x20,8,3,300,1,0.075,4,2230804237,17000,6804,6481,6084,4.45406692,v2_avx512bw_vec32_exact_perm,39-32-67-62-59-71-72-7-78-91-73-70-69-12-44-83-22-51-18-28-29-88-27-96-14-4-56-58-65-25-1-45-90-19-81-24-36-37-87-49-41-68-76-93-31-48-16-53-9-17-89-30-5-85-57-64-23-98-21-99-11-40-6-75-63-46-80-3-15-60-52-42-55-10-77-2-82-35-38-100-66-86-50-54-84-74-61-8-92-33-43-13-34-95-79-94-47-26-20-97
Ta100x20,8,3,300,1,0.075,5,2230805246,17000,6803,6481,6084,3.937897437,v2_avx512bw_vec32_exact_perm,39-62-78-31-4-87-12-10-40-25-29-6-45-70-56-7-72-67-44-22-41-91-83-1-73-69-60-48-14-24-90-19-59-57-9-37-100-5-81-71-18-77-17-53-50-66-86-82-64-52-76-49-33-51-88-27-99-98-75-36-68-89-79-30-58-63-3-65-28-93-85-15-96-35-43-38-46-42-2-16-55-21-8-11-74-84-80-23-61-32-54-13-95-34-92-94-47-26-20-97
Ta100x20,8,3,300,1,0.075,6,2230806255,17000,6806,6481,6084,4.380972206,v2_avx512bw_vec32_exact_perm,39-28-87-68-62-4-22-90-72-78-31-14-45-24-12-56-96-7-3-93-27-59-29-19-1-44-83-32-69-71-91-51-70-67-9-64-15-88-50-6-65-53-63-48-49-84-10-52-58-23-77-25-8-81-41-40-18-43-21-98-66-57-89-80-17-36-73-100-5-82-30-61-11-75-37-2-74-99-35-33-76-46-86-42-13-16-38-85-79-60-95-94-55-92-54-34-20-47-26-97
Ta100x20,8,3,300,1,0.075,7,2230807264,17000,6830,6481,6084,4.131785817,v2_avx512bw_vec32_exact_perm,39-87-28-72-59-44-67-56-78-31-22-10-12-45-7-48-73-64-71-51-57-14-69-90-89-62-8-36-18-17-81-27-68-70-100-35-29-24-66-33-65-21-25-9-1-88-41-5-52-58-91-80-40-96-4-6-77-86-76-49-60-83-19-63-16-23-74-98-3-32-15-93-54-50-53-30-38-79-85-43-94-75-13-82-92-95-2-46-99-61-37-11-42-34-84-26-55-20-47-97
Ta100x20,8,3,300,1,0.075,8,2230808273,17000,6790,6481,6084,4.21167955,v2_avx512bw_vec32_exact_perm,39-72-31-62-12-29-78-56-59-87-4-7-70-18-44-88-6-22-32-1-68-71-90-57-91-67-69-93-45-65-24-25-96-89-9-41-35-36-51-10-83-50-27-64-14-5-23-19-81-77-3-53-63-2-40-82-61-17-79-52-58-43-73-33-30-11-48-15-98-76-38-55-66-8-75-16-46-28-100-60-42-49-85-84-37-99-80-21-86-74-34-92-54-94-95-13-47-26-20-97
Ta100x20,8,3,300,1,0.075,9,2230809282,17000,6770,6481,6084,4.212503214,v2_avx512bw_vec32_exact_perm,39-62-78-59-87-72-68-69-56-44-29-67-90-83-51-76-71-9-14-45-25-22-73-64-18-7-70-28-27-93-41-86-58-31-36-12-17-19-91-81-88-53-5-6-50-75-10-3-54-48-57-66-43-15-98-100-1-82-35-63-84-89-23-24-33-77-8-49-55-52-40-16-74-4-79-80-61-11-65-38-30-32-60-92-96-37-99-2-46-21-13-85-42-95-94-26-34-20-47-97
Ta100x20,8,3,300,1,0.075,10,2230810291,17000,6799,6481,6084,4.234420095,v2_avx512bw_vec32_exact_perm,39-62-78-73-71-12-72-56-10-51-87-44-22-7-29-1-69-58-91-81-93-4-45-70-64-57-31-76-90-25-68-50-67-14-41-83-5-48-33-9-19-88-24-27-82-38-2-8-16-89-100-35-6-30-36-61-65-77-98-84-74-75-40-18-52-28-23-59-21-60-49-80-11-53-66-96-63-3-43-17-37-54-79-13-55-85-15-95-99-46-32-97-42-34-94-86-92-47-26-20
Ta100x20,8,3,300,1,0.1,1,2230801210,17000,6786,6481,6084,4.336012879,v2_avx512bw_vec32_exact_perm,39-62-87-78-18-22-36-72-31-44-1-12-73-71-69-56-28-66-5-41-57-70-27-24-83-7-81-90-25-19-3-100-91-14-40-58-96-68-9-29-53-59-98-74-51-89-60-67-93-61-15-48-45-33-30-23-6-50-86-77-52-17-35-43-16-88-63-10-65-4-82-55-75-49-8-64-37-21-46-38-85-79-84-32-99-11-76-80-13-54-2-95-97-42-92-94-34-47-26-20
Ta100x20,8,3,300,1,0.1,2,2230802219,17000,6819,6481,6084,4.59266266,v2_avx512bw_vec32_exact_perm,39-62-78-87-29-22-72-90-12-44-59-4-91-36-81-33-73-67-35-69-27-68-51-45-54-31-28-70-56-18-25-14-53-60-9-37-93-48-52-7-19-5-6-30-10-21-75-8-96-71-58-77-57-89-40-1-83-24-49-17-66-88-65-11-55-50-76-41-2-32-80-61-98-23-16-38-82-100-86-84-63-74-15-85-64-42-95-99-43-92-13-79-46-3-94-26-34-20-47-97
Ta100x20,8,3,300,1,0.1,3,2230803228,17000,6781,6481,6084,4.356407812,v2_avx512bw_vec32_exact_perm,39-62-78-67-91-72-29-90-83-31-12-87-69-59-18-70-7-36-73-44-41-68-75-64-10-37-14-45-71-25-93-24-33-56-57-53-2-5-9-82-1-88-58-22-81-60-27-40-30-48-79-77-17-35-89-6-3-4-28-49-52-15-63-100-8-99-43-74-76-13-21-65-19-98-23-42-80-96-50-61-51-16-55-85-46-11-54-92-84-95-38-97-94-32-86-66-34-47-26-20
Ta100x20,8,3,300,1,0.1,4,2230804237,17000,6790,6481,6084,4.46004759,v2_avx512bw_vec32_exact_perm,39-62-69-78-31-12-72-71-90-59-87-36-44-67-29-22-91-70-51-88-54-81-14-24-58-68-5-96-56-30-23-7-45-4-1-64-9-10-18-83-57-41-93-77-50-99-100-33-25-3-27-6-98-89-35-49-19-48-94-40-21-73-76-43-53-52-66-63-8-75-16-84-61-86-74-15-80-2-17-95-82-11-38-13-55-60-85-28-65-79-37-46-32-42-34-92-26-20-47-97
Ta100x20,8,3,300,1,0.1,5,2230805246,17000,6803,6481,6084,4.123146862,v2_avx512bw_vec32_exact_perm,39-62-78-73-87-44-4-72-51-18-10-22-74-14-64-90-67-91-29-50-31-27-88-59-30-37-24-36-9-69-71-57-7-1-70-52-45-100-56-96-68-48-12-89-5-82-81-41-28-75-35-93-54-19-8-76-6-33-38-40-65-23-80-11-84-21-77-63-98-3-83-66-17-16-13-25-58-85-49-60-43-46-86-61-95-55-92-2-53-94-99-34-42-15-32-97-79-47-26-20
Ta100x20,8,3,300,1,0.1,6,2230806255,17000,6809,6481,6084,4.020995077,v2_avx512bw_vec32_exact_perm,39-62-78-22-87-18-29-71-90-12-72-73-76-59-60-10-33-24-51-27-45-68-41-57-69-31-96-7-100-91-67-70-1-56-21-5-4-53-48-9-8-83-93-36-82-19-63-44-14-54-52-75-30-40-58-98-15-88-65-55-81-77-35-23-50-6-11-66-37-25-64-89-28-84-49-85-80-32-17-46-74-61-79-16-13-43-38-3-86-95-42-94-92-99-34-2-47-97-26-20
Ta100x20,8,3,300,1,0.1,7,2230807264,17000,6763,6481,6084,4.197755561,v2_avx512bw_vec32_exact_perm,39-62-78-67-87-72-29-59-12-28-22-90-45-73-71-51-77-14-96-7-31-56-4-91-9-82-27-36-41-83-18-25-30-46-69-24-70-89-33-44-57-88-1-21-68-81-98-53-15-75-5-64-40-48-52-58-19-42-35-17-32-2-16-76-93-100-63-43-61-23-84-80-50-6-37-49-10-8-54-94-38-85-79-60-11-55-86-66-95-74-99-3-65-92-13-26-34-20-47-97
Ta100x20,8,3,300,1,0.1,8,2230808273,17000,6793,6481,6084,4.216585152,v2_avx512bw_vec32_exact_perm,39-62-78-22-18-69-44-67-91-12-72-71-59-70-87-51-36-56-45-24-5-3-83-2-68-29-27-10-33-28-93-98-14-17-48-31-35-60-57-53-88-58-25-15-64-90-41-89-73-30-49-96-7-16-50-4-63-19-40-76-100-6-66-81-80-1-9-52-23-37-43-84-82-75-77-8-61-55-21-13-11-34-54-38-95-85-74-65-32-92-86-46-79-94-42-99-26-20-97-47
Ta100x20,8,3,300,1,0.1,9,2230809282,17000,6776,6481,6084,4.875745364,v2_avx512bw_vec32_exact_perm,39-62-78-67-72-44-51-10-24-59-71-22-91-70-73-25-14-21-87-12-81-69-56-41-29-64-7-45-1-83-27-90-66-77-30-5-49-68-31-57-36-89-15-18-100-88-35-82-50-75-98-2-16-40-28-58-9-4-95-74-19-6-63-48-52-42-61-86-76-33-93-46-3-53-80-8-37-84-85-43-55-23-11-17-60-54-96-65-94-99-38-34-92-13-32-79-47-26-20-97
Ta100x20,8,3,300,1,0.1,10,2230810291,17000,6791,6481,6084,4.331422981,v2_avx512bw_vec32_exact_perm,39-28-78-72-87-68-12-59-69-44-22-62-36-71-18-10-29-56-70-81-64-90-1-67-24-58-14-3-77-9-37-4-25-93-54-7-100-5-35-27-40-49-91-83-48-6-31-17-50-41-65-53-75-73-96-63-51-33-88-52-23-98-57-45-89-30-38-84-60-76-21-66-86-11-79-42-82-34-16-46-80-43-61-8-85-19-15-95-74-99-2-32-13-26-55-92-97-94-20-47
Ta100x20,8,3,300,1,0.125,1,2230801210,17000,6798,6481,6084,4.426208048,v2_avx512bw_vec32_exact_perm,39-62-76-31-22-71-72-78-68-12-83-59-67-77-44-10-56-14-51-70-30-27-7-32-29-87-90-45-36-3-69-91-81-93-5-19-16-96-4-57-28-41-65-88-89-17-25-6-66-35-18-60-79-52-9-73-53-15-48-49-8-42-84-24-33-1-2-40-85-23-63-43-21-64-80-74-58-50-37-86-75-100-94-99-98-95-92-38-13-54-82-46-61-11-55-34-47-26-20-97
Ta100x20,8,3,300,1,0.125,2,2230802219,17000,6837,6481,6084,4.389554279,v2_avx512bw_vec32_exact_perm,39-62-78-90-87-22-73-71-12-56-72-5-14-29-31-44-51-18-1-59-67-24-4-70-69-40-6-27-7-8-91-66-45-77-100-43-96-35-9-68-88-58-48-63-30-3-50-11-28-23-33-53-15-57-64-81-98-65-49-83-41-89-19-93-75-52-80-17-21-36-74-16-61-37-79-46-76-55-10-82-85-2-60-42-32-84-38-25-95-13-99-54-92-26-97-86-94-34-20-47
Ta100x20,8,3,300,1,0.125,3,2230803228,17000,6786,6481,6084,4.492001267,v2_avx512bw_vec32_exact_perm,39-62-22-78-31-72-73-87-12-10-90-71-51-56-27-18-14-44-36-58-83-41-74-45-29-67-91-35-17-2-24-1-50-98-25-68-81-69-7-70-65-59-88-4-82-64-43-19-9-48-75-96-3-5-93-53-33-63-86-28-49-89-95-16-23-77-57-61-37-40-80-52-76-30-6-84-66-21-85-15-100-99-55-54-92-11-60-46-38-8-32-79-13-42-94-34-47-26-20-97
Ta100x20,8,3,300,1,0.125,4,2230804237,17000,6801,6481,6084,4.558693273,v2_avx512bw_vec32_exact_perm,39-67-87-27-62-72-59-71-78-44-21-91-14-54-51-81-29-70-4-12-7-45-9-73-22-1-5-30-56-69-18-90-57-24-89-31-88-36-25-55-16-100-41-68-75-83-58-23-48-17-98-60-3-40-35-64-6-63-53-2-80-77-96-93-46-28-33-8-37-76-49-82-50-19-52-66-11-65-79-61-85-84-38-15-43-32-95-10-92-13-74-42-97-86-94-20-99-34-47-26
Ta100x20,8,3,300,1,0.125,5,2230805246,17000,6789,6481,6084,4.527233153,v2_avx512bw_vec32_exact_perm,39-62-78-31-87-69-59-91-71-22-12-58-67-14-6-44-28-5-51-75-60-88-90-30-68-49-41-81-27-83-96-57-45-73-66-9-25-17-4-70-29-1-48-93-2-10-100-50-56-33-23-18-24-35-7-72-61-52-40-65-36-3-98-16-38-86-53-19-11-21-63-77-37-85-46-82-84-76-15-32-55-74-99-89-95-80-43-8-92-79-13-54-64-94-42-34-26-20-97-47
Ta100x20,8,3,300,1,0.125,6,2230806255,17000,6840,6481,6084,4.76635833,v2_avx512bw_vec32_exact_perm,39-62-78-81-44-73-90-6-59-87-56-67-36-18-27-22-72-12-41-17-69-91-14-58-70-1-25-83-31-29-51-10-48-71-7-64-75-4-88-21-96-77-98-50-5-49-30-32-9-68-45-61-86-19-24-37-28-35-95-57-52-53-23-2-80-76-33-11-93-100-94-85-84-60-8-89-43-66-79-3-38-16-63-42-15-82-46-54-92-74-99-40-47-65-55-34-13-97-20-26
Ta100x20,8,3,300,1,0.125,7,2230807264,17000,6770,6481,6084,4.486620367,v2_avx512bw_vec32_exact_perm,39-62-28-72-4-44-22-56-78-67-59-87-12-73-93-64-33-70-27-68-14-29-91-88-96-51-18-77-17-71-69-58-10-100-5-66-81-24-21-83-9-7-76-31-57-50-45-35-48-25-90-86-41-36-98-52-6-75-37-38-1-84-53-23-74-16-19-89-63-3-49-13-43-15-82-40-11-30-65-55-92-8-61-60-2-99-95-80-47-85-54-79-32-34-42-46-94-26-20-97
Ta100x20,8,3,300,1,0.125,8,2230808273,17000,6765,6481,6084,4.51964131,v2_avx512bw_vec32_exact_perm,39-73-22-64-87-69-90-62-44-71-56-36-67-72-18-70-4-29-51-59-68-9-14-7-91-58-3-31-66-12-40-28-88-25-81-1-78-5-19-27-100-83-45-48-93-65-35-6-23-98-17-50-53-76-33-30-57-52-75-15-10-41-24-89-77-85-11-86-38-37-82-32-99-43-2-42-84-16-63-49-96-21-94-46-79-61-8-34-60-13-74-95-80-92-54-47-55-26-20-97
Ta100x20,8,3,300,1,0.125,9,2230809282,17000,6820,6481,6084,4.530808572,v2_avx512bw_vec32_exact_perm,39-62-78-28-31-59-71-12-22-29-36-44-56-7-1-91-64-58-67-73-72-70-69-57-18-25-52-87-65-55-14-51-75-81-90-48-83-27-4-41-77-10-35-24-15-45-100-30-88-50-89-9-19-42-93-6-66-46-82-16-76-68-5-40-85-49-33-11-37-79-2-63-3-21-8-99-43-98-53-61-23-13-74-60-32-17-86-54-84-96-38-80-95-92-34-97-94-26-20-47
Ta100x20,8,3,300,1,0.125,10,2230810291,17000,6810,6481,6084,4.441515743,v2_avx512bw_vec32_exact_perm,39-28-22-72-10-87-45-62-14-4-44-36-73-68-90-64-67-78-91-56-12-70-59-7-24-31-5-19-60-83-27-41-54-81-75-23-77-71-35-18-69-21-40-6-33-53-9-51-25-52-1-88-29-66-37-63-49-55-57-2-32-17-93-42-76-30-58-3-50-15-98-48-16-89-46-82-65-38-100-8-84-86-11-97-61-92-74-99-34-80-96-43-85-79-95-13-94-26-20-47
Ta100x20,8,4,400,0.85,0.025,1,2230801210,17000,6627,6481,6084,5.175471781,v2_avx512bw_vec32_exact_perm,39-62-78-67-72-12-45-91-51-59-29-71-90-31-87-36-14-70-30-44-73-56-22-77-3-4-1-57-9-69-7-10-16-33-40-15-41-88-21-5-96-27-68-100-19-66-81-83-25-93-24-6-98-35-49-97-18-23-61-74-17-58-50-55-32-2-53-52-48-86-63-76-75-37-46-82-84-8-43-99-38-42-28-65-60-85-79-64-80-92-89-11-54-34-13-95-94-26-20-47
Ta100x20,8,4,400,0.85,0.025,2,2230802219,17000,6708,6481,6084,5.169618101,v2_avx512bw_vec32_exact_perm,39-62-87-78-4-12-22-7-72-44-18-90-69-45-9-67-41-82-59-51-14-70-5-29-91-31-24-74-17-1-100-64-3-71-23-33-83-98-27-93-56-81-68-35-96-49-10-88-58-2-36-16-19-50-66-28-6-15-25-48-89-53-63-30-99-75-85-73-57-55-21-60-77-37-40-43-80-52-84-46-76-61-79-8-86-54-92-11-38-65-32-34-42-13-95-94-97-26-20-47
Ta100x20,8,4,400,0.85,0.025,3,2230803228,17000,6711,6481,6084,5.320666947,v2_avx512bw_vec32_exact_perm,39-62-78-87-44-83-73-22-56-72-59-12-51-67-27-41-57-71-70-31-18-7-98-29-1-66-14-45-93-90-3-91-9-69-33-81-50-64-5-76-48-24-68-75-17-6-25-65-40-36-82-88-49-4-35-84-10-21-63-8-28-2-89-30-77-100-53-42-52-23-19-58-16-80-11-61-37-85-43-79-96-46-32-13-38-95-54-55-74-92-86-99-60-15-94-34-47-97-26-20
Ta100x20,8,4,400,0.85,0.025,4,2230804237,17000,6671,6481,6084,5.168790897,v2_avx512bw_vec32_exact_perm,39-62-78-67-72-44-29-59-12-71-45-22-60-1-90-14-73-87-83-56-58-81-70-69-77-18-5-27-40-41-91-15-36-24-48-65-4-17-9-7-88-3-23-31-82-64-57-68-28-98-50-10-53-74-25-35-49-19-8-52-43-89-76-66-30-6-33-63-61-75-16-51-80-100-94-84-2-93-42-96-46-21-95-85-37-92-99-38-79-13-11-54-32-34-86-55-47-26-20-97
Ta100x20,8,4,400,0.85,0.025,5,2230805246,17000,6575,6481,6084,5.50405288,v2_avx512bw_vec32_exact_perm,39-62-28-72-78-31-44-51-18-56-71-12-69-14-22-45-91-70-87-5-7-10-93-67-83-29-27-90-9-88-58-25-41-59-57-81-68-1-77-48-35-100-89-36-73-52-15-86-19-49-75-33-24-30-8-4-74-17-64-6-50-53-82-98-80-23-84-3-63-76-2-60-65-94-85-54-40-37-47-96-97-46-32-55-42-43-92-38-21-16-13-79-61-11-95-66-34-99-20-26
Ta100x20,8,4,400,0.85,0.025,6,2230806255,17000,6698,6481,6084,5.736026058,v2_avx512bw_vec32_exact_perm,39-62-87-78-72-44-73-12-56-67-36-70-71-59-69-7-22-64-74-4-91-68-17-25-30-33-50-10-58-9-83-6-90-14-49-31-75-24-45-18-57-29-54-66-5-96-51-41-3-81-88-19-84-21-77-35-2-23-93-52-76-48-89-100-1-98-99-38-53-63-28-79-65-86-16-80-60-8-82-37-40-85-43-61-32-15-27-55-92-11-13-46-42-95-94-34-47-26-20-97
Ta100x20,8,4,400,0.85,0.025,7,2230807264,17000,6668,6481,6084,5.550928701,v2_avx512bw_vec32_exact_perm,39-62-28-72-44-56-59-51-68-67-18-78-69-14-12-73-91-9-97-70-58-71-25-29-22-77-57-81-45-90-31-1-5-41-24-7-15-88-87-83-49-76-16-23-27-17-53-36-98-74-19-96-3-48-33-86-10-35-82-52-100-63-4-75-93-99-60-89-40-30-46-65-2-66-50-6-21-80-61-37-79-84-8-43-85-95-38-55-32-11-42-13-64-92-54-94-34-47-26-20
Ta100x20,8,4,400,0.85,0.025,8,2230808273,17000,6675,6481,6084,5.524841514,v2_avx512bw_vec32_exact_perm,39-62-78-67-72-22-87-36-31-29-44-90-18-69-58-1-14-70-12-56-48-7-73-71-81-57-9-45-3-83-6-15-59-88-41-24-2-75-35-68-93-91-19-76-25-64-23-98-27-5-40-51-10-4-37-60-28-96-85-82-17-77-52-33-63-49-30-21-53-100-86-50-66-46-94-16-89-11-74-55-54-92-99-80-65-42-84-8-61-43-34-13-95-38-32-79-47-26-20-97
Ta100x20,8,4,400,0.85,0.025,9,2230809282,17000,6682,6481,6084,5.488003016,v2_avx512bw_vec32_exact_perm,39-62-78-67-72-29-12-22-90-69-87-6-59-58-45-70-14-73-25-56-68-81-91-44-71-57-31-1-5-7-51-46-48-83-76-27-9-52-49-47-18-89-40-30-4-64-36-82-24-98-3-19-28-15-53-32-75-35-74-23-84-37-10-8-93-2-54-41-61-100-88-50-33-65-55-77-86-63-85-80-17-21-11-16-96-43-42-60-13-79-99-38-95-94-34-92-66-26-20-97
Ta100x20,8,4,400,0.85,0.025,10,2230810291,17000,6594,6481,6084,5.596458324,v2_avx512bw_vec32_exact_perm,39-62-87-78-72-67-22-12-91-60-51-4-29-71-18-70-59-74-31-28-64-69-24-5-9-7-45-83-27-93-14-44-53-56-10-96-48-50-1-90-68-88-33-81-58-25-17-73-36-54-30-65-19-40-41-77-57-82-37-52-89-100-98-80-35-75-84-46-21-63-8-76-85-49-3-43-15-6-97-42-55-38-16-2-32-23-92-99-79-13-61-11-95-94-86-34-66-26-20-47
Ta100x20,8,4,400,0.85,0.05,1,2230801210,17000,6715,6481,6084,5.66934324,v2_avx512bw_vec32_exact_perm,39-62-78-67-72-91-36-90-73-69-31-14-56-71-12-59-44-10-50-70-3-27-22-45-18-88-51-87-29-100-25-66-19-81-83-41-33-24-77-57-64-7-1-40-15-48-82-98-76-23-17-9-16-68-8-43-5-85-6-4-35-38-28-49-63-65-93-89-30-60-52-75-84-58-32-86-2-21-53-80-61-11-74-37-55-96-46-92-42-95-54-13-79-99-34-94-97-26-20-47
Ta100x20,8,4,400,0.85,0.05,2,2230802219,17000,6745,6481,6084,5.688197241,v2_avx512bw_vec32_exact_perm,39-62-78-31-22-29-87-90-68-91-56-73-36-45-66-72-51-59-83-81-67-6-14-44-3-23-12-57-18-24-71-69-9-25-64-4-7-76-70-48-19-27-5-53-37-30-40-41-77-49-52-98-89-15-50-33-88-16-46-10-42-84-1-100-21-11-28-85-35-17-93-38-96-82-43-80-79-58-75-63-60-95-8-65-32-2-61-86-74-54-13-55-94-99-34-20-92-26-97-47
Ta100x20,8,4,400,0.85,0.05,3,2230803228,17000,6704,6481,6084,5.190132063,v2_avx512bw_vec32_exact_perm,39-62-78-67-72-44-51-59-71-12-29-22-56-10-27-25-7-87-90-69-18-73-40-93-64-49-33-37-81-45-36-66-70-1-14-9-48-50-31-89-77-24-83-68-30-53-17-5-21-96-91-41-75-88-4-46-76-55-35-57-2-16-23-60-28-6-80-82-98-74-15-3-100-63-19-8-58-52-84-11-79-61-65-85-13-86-32-43-92-97-54-99-38-42-34-95-94-26-20-47
Ta100x20,8,4,400,0.85,0.05,4,2230804237,17000,6709,6481,6084,5.424522829,v2_avx512bw_vec32_exact_perm,39-62-87-78-72-22-44-67-56-51-59-31-90-71-3-36-68-14-18-74-73-12-29-15-69-1-45-77-33-75-91-70-81-27-19-83-41-24-65-64-17-50-10-23-5-32-7-30-98-66-82-100-35-4-28-53-93-48-57-63-76-9-85-89-38-86-25-49-37-16-88-6-84-52-43-54-8-96-55-58-46-21-79-80-92-2-99-61-40-11-42-60-13-95-94-34-47-26-20-97
Ta100x20,8,4,400,0.85,0.05,5,2230805246,17000,6704,6481,6084,5.472659265,v2_avx512bw_vec32_exact_perm,39-62-78-87-22-90-72-7-44-12-45-29-83-73-10-91-67-27-70-31-81-66-51-9-14-69-24-71-5-18-25-56-3-68-58-36-17-57-48-37-54-30-35-77-6-19-100-49-59-1-28-89-4-99-64-75-41-42-40-63-84-88-2-50-21-93-15-32-16-52-33-86-98-76-60-38-80-85-23-53-43-96-82-74-65-55-92-46-8-79-61-13-11-95-94-34-26-20-47-97
Ta100x20,8,4,400,0.85,0.05,6,2230806255,17000,6758,6481,6084,5.334971138,v2_avx512bw_vec32_exact_perm,39-62-78-59-87-72-44-73-83-12-93-45-64-36-6-69-67-70-71-3-90-5-14-68-29-22-18-56-41-27-40-10-74-9-31-51-91-37-100-61-28-58-1-8-7-98-85-25-49-24-57-4-77-50-35-13-54-17-16-89-48-19-21-53-81-88-65-75-15-32-33-43-52-66-63-86-76-84-80-23-82-26-2-95-60-96-55-79-99-11-38-42-30-94-34-20-46-92-47-97
Ta100x20,8,4,400,0.85,0.05,7,2230807264,17000,6704,6481,6084,5.20281805,v2_avx512bw_vec32_exact_perm,39-62-78-67-44-22-12-72-45-52-7-73-90-25-69-56-64-31-59-14-24-91-51-87-68-71-70-29-4-76-48-81-27-100-57-18-66-1-19-82-9-58-88-77-37-17-54-41-5-63-6-2-83-3-49-15-30-85-36-28-35-93-75-89-23-55-50-33-98-43-60-53-40-10-99-80-16-38-86-95-21-42-65-34-79-13-11-32-84-8-46-92-96-94-61-74-20-47-97-26
Ta100x20,8,4,400,0.85,0.05,8,2230808273,17000,6682,6481,6084,5.103992917,v2_avx512bw_vec32_exact_perm,39-62-78-18-7-72-44-22-12-73-91-36-56-87-6-59-2-29-4-69-3-9-71-1-74-31-66-5-45-67-90-83-27-68-14-70-48-88-81-35-75-49-51-19-25-21-93-98-28-10-96-37-17-50-58-24-65-57-30-41-33-77-89-100-8-84-55-61-11-82-53-23-16-40-80-52-43-32-15-42-63-85-99-60-76-46-13-95-38-79-86-64-54-94-34-92-47-97-26-20
Ta100x20,8,4,400,0.85,0.05,9,2230809282,17000,6753,6481,6084,5.484157425,v2_avx512bw_vec32_exact_perm,39-22-87-78-72-44-67-12-69-7-62-10-24-91-18-90-56-57-71-29-51-1-41-75-28-70-83-4-68-45-14-31-54-33-93-59-40-81-9-50-48-73-58-84-88-55-27-6-15-35-8-77-49-5-25-98-52-53-3-89-100-80-30-60-36-46-17-96-37-47-74-79-16-13-63-64-66-82-19-61-2-23-92-43-21-76-38-99-85-11-32-65-42-86-34-94-95-97-26-20
Ta100x20,8,4,400,0.85,0.05,10,2230810291,17000,6713,6481,6084,5.25721186,v2_avx512bw_vec32_exact_perm,39-62-78-67-72-44-33-22-36-4-12-91-87-31-56-21-45-1-69-57-73-93-28-71-70-59-7-9-19-81-66-25-51-27-5-68-83-29-52-15-14-10-60-58-100-49-6-75-18-30-88-90-76-41-3-65-48-96-23-40-35-2-86-63-77-64-50-82-89-42-46-17-74-55-99-11-84-37-80-53-32-24-16-98-38-54-92-79-13-8-43-85-61-95-94-34-26-20-47-97
Ta100x20,8,4,400,0.85,0.075,1,2230801210,17000,6675,6481,6084,5.974626506,v2_avx512bw_vec32_exact_perm,39-62-78-67-72-44-22-73-45-83-12-18-69-68-25-29-59-24-14-51-64-56-4-33-87-100-71-70-1-7-9-91-36-31-66-48-49-88-96-93-58-81-10-17-5-50-52-90-60-53-27-76-41-40-30-86-98-54-94-57-35-19-77-89-74-82-15-80-43-8-63-6-75-84-46-32-3-61-21-2-23-16-55-11-28-65-38-85-92-79-37-99-13-42-95-34-47-26-20-97
Ta100x20,8,4,400,0.85,0.075,2,2230802219,17000,6735,6481,6084,5.916979491,v2_avx512bw_vec32_exact_perm,39-62-78-72-67-18-76-44-12-90-29-25-91-22-69-87-56-59-70-1-74-71-27-4-45-64-24-81-100-41-83-88-9-68-73-75-36-3-33-52-86-57-5-7-31-14-77-15-10-40-30-58-93-65-28-49-53-35-50-98-19-6-42-96-85-8-79-60-95-46-48-17-21-51-89-54-84-80-99-32-38-16-23-37-63-43-82-2-55-66-11-94-61-20-13-34-92-26-47-97
Ta100x20,8,4,400,0.85,0.075,3,2230803228,17000,6752,6481,6084,5.96809827,v2_avx512bw_vec32_exact_perm,39-62-74-68-90-72-87-78-71-14-22-83-36-44-29-67-51-27-69-7-18-31-70-59-5-91-56-30-9-88-12-32-89-1-53-3-45-57-15-48-81-98-58-52-6-100-63-75-17-66-40-4-2-60-41-65-77-35-64-25-24-19-50-73-21-82-49-76-84-61-33-23-10-85-11-55-16-95-38-8-79-93-28-80-13-43-34-42-46-37-99-92-96-86-94-54-97-26-20-47
Ta100x20,8,4,400,0.85,0.075,4,2230804237,17000,6731,6481,6084,5.964410806,v2_avx512bw_vec32_exact_perm,39-62-78-67-72-73-44-51-10-91-87-36-14-59-29-71-69-70-7-9-96-56-22-18-50-64-48-90-68-57-28-5-1-4-41-31-27-83-89-88-77-23-12-45-37-21-16-19-35-93-2-82-100-33-74-98-25-81-24-58-52-49-85-80-61-6-17-53-40-15-76-30-65-43-3-46-75-99-63-95-79-8-94-38-86-42-84-11-60-13-54-32-55-66-92-34-47-26-20-97
Ta100x20,8,4,400,0.85,0.075,5,2230805246,17000,6757,6481,6084,6.193593106,v2_avx512bw_vec32_exact_perm,39-62-28-72-22-90-87-78-12-91-81-77-4-44-73-70-68-14-7-59-71-83-9-10-41-31-56-64-58-5-18-49-76-88-33-25-75-51-1-29-93-19-24-45-96-6-66-69-65-50-40-16-17-98-36-89-27-48-21-15-30-80-95-82-35-8-74-2-67-52-86-38-61-53-37-85-3-43-54-42-46-57-92-100-99-63-84-23-60-79-13-11-55-32-94-34-47-26-20-97
Ta100x20,8,4,400,0.85,0.075,6,2230806255,17000,6716,6481,6084,5.943006549,v2_avx512bw_vec32_exact_perm,39-62-78-67-91-74-87-70-71-72-56-44-22-29-1-59-90-51-18-69-27-93-7-68-31-5-64-9-73-45-100-14-50-88-25-4-49-10-48-81-40-66-15-12-41-83-98-37-36-52-35-19-84-24-60-58-8-77-53-61-76-43-99-17-82-2-80-75-30-21-46-85-33-63-89-57-6-96-32-65-55-23-28-16-79-11-38-13-54-42-3-86-95-94-34-92-47-26-20-97
Ta100x20,8,4,400,0.85,0.075,7,2230807264,17000,6722,6481,6084,5.747895579,v2_avx512bw_vec32_exact_perm,39-62-78-18-7-31-45-12-29-71-70-28-69-73-22-72-44-51-1-56-100-59-14-87-90-76-41-15-96-27-33-32-83-24-68-48-98-81-91-65-3-36-49-4-67-93-5-58-74-19-9-86-40-50-53-23-25-55-52-21-63-16-60-2-6-80-10-57-88-82-89-77-8-30-75-85-37-43-46-35-11-84-13-99-54-34-66-17-95-38-79-61-64-42-92-97-94-26-20-47
Ta100x20,8,4,400,0.85,0.075,8,2230808273,17000,6711,6481,6084,5.414703924,v2_avx512bw_vec32_exact_perm,39-62-78-31-29-12-28-72-67-57-87-56-71-73-90-44-14-18-84-69-68-32-7-70-1-48-64-4-82-22-88-6-58-5-81-9-35-45-83-23-91-37-59-93-3-27-49-15-51-24-98-40-65-42-100-25-33-41-77-10-89-19-36-75-8-30-52-16-50-17-86-66-53-80-76-96-43-21-63-61-79-85-46-55-74-95-99-92-38-13-2-11-60-54-94-26-34-20-47-97
Ta100x20,8,4,400,0.85,0.075,9,2230809282,17000,6783,6481,6084,5.526637983,v2_avx512bw_vec32_exact_perm,39-62-78-72-73-10-87-5-44-14-22-56-67-33-51-50-91-4-27-36-75-64-31-70-58-12-93-71-29-41-45-40-59-90-81-15-88-18-35-1-98-25-9-66-57-48-7-99-89-17-24-30-77-38-100-6-19-28-16-23-83-69-96-63-43-3-53-65-76-37-52-8-74-85-49-54-21-86-61-79-82-95-80-84-11-60-32-68-46-55-2-42-13-34-26-92-20-94-97-47
Ta100x20,8,4,400,0.85,0.075,10,2230810291,17000,6738,6481,6084,5.352555876,v2_avx512bw_vec32_exact_perm,39-62-22-87-59-78-69-71-56-67-54-29-44-33-31-70-14-18-41-72-36-12-58-3-1-91-81-9-88-5-24-53-45-64-7-73-15-25-51-27-92-2-68-61-66-28-100-90-17-40-89-48-8-30-63-77-19-75-4-35-49-16-74-93-52-98-86-50-10-23-37-76-6-85-82-80-60-43-96-57-55-42-84-46-65-83-21-11-79-32-95-13-38-94-99-34-47-26-20-97
Ta100x20,8,4,400,0.85,0.1,1,2230801210,17000,6721,6481,6084,5.172655503,v2_avx512bw_vec32_exact_perm,39-62-78-67-4-59-29-44-72-12-45-68-87-36-90-16-14-73-69-32-22-41-83-88-70-5-64-7-58-18-50-71-57-31-54-35-56-2-48-9-1-15-40-28-8-19-93-33-76-77-3-24-91-86-53-81-23-37-100-52-49-98-55-27-66-85-51-17-25-63-43-82-75-21-30-10-89-99-74-61-46-42-65-79-84-80-6-13-96-11-92-97-60-38-95-94-34-47-26-20
Ta100x20,8,4,400,0.85,0.1,2,2230802219,17000,6778,6481,6084,5.038012744,v2_avx512bw_vec32_exact_perm,39-28-18-62-31-78-44-70-67-72-66-29-90-14-51-45-73-25-1-88-22-12-53-59-60-87-52-69-24-7-91-83-5-100-93-36-81-27-9-35-2-19-40-89-15-41-64-68-74-50-71-33-77-86-49-10-48-37-46-82-75-61-16-4-58-6-84-30-57-17-80-56-98-32-79-95-8-21-63-55-99-23-11-76-38-96-85-92-65-42-54-13-43-3-94-34-26-20-47-97
Ta100x20,8,4,400,0.85,0.1,3,2230803228,17000,6726,6481,6084,5.093554749,v2_avx512bw_vec32_exact_perm,39-62-78-67-72-44-18-29-59-12-51-58-36-7-14-1-9-69-68-71-22-90-25-17-56-31-64-88-77-45-99-87-49-91-81-57-28-41-76-70-82-53-5-27-83-73-23-48-60-86-4-10-24-35-42-75-19-30-3-43-65-52-66-37-15-61-6-85-80-21-100-98-40-16-2-50-8-46-84-63-79-89-32-33-96-74-93-55-13-11-95-38-97-92-54-94-34-47-26-20
Ta100x20,8,4,400,0.85,0.1,4,2230804237,17000,6773,6481,6084,5.220549785,v2_avx512bw_vec32_exact_perm,39-62-28-4-78-18-22-69-12-72-7-77-91-81-31-73-44-87-56-67-36-71-64-59-90-29-83-70-14-93-5-9-48-65-24-45-88-75-17-16-96-27-6-68-58-32-49-30-1-51-15-19-8-40-33-41-10-57-2-43-35-23-60-74-98-50-66-84-79-52-63-89-37-54-80-86-21-25-46-100-61-82-11-53-85-55-76-42-38-95-99-3-94-13-34-92-47-26-20-97
Ta100x20,8,4,400,0.85,0.1,5,2230805246,17000,6758,6481,6084,5.078465786,v2_avx512bw_vec32_exact_perm,39-28-78-18-62-12-90-41-87-25-69-22-68-59-72-56-24-29-7-81-44-83-9-14-91-71-67-82-27-4-5-31-40-70-76-23-57-6-3-99-46-45-51-1-88-96-48-10-15-50-21-17-2-35-77-37-94-19-100-98-58-93-36-52-33-49-84-8-16-89-85-43-63-80-64-53-73-75-30-61-74-65-38-79-95-11-13-60-86-55-66-34-32-54-92-42-97-26-20-47
Ta100x20,8,4,400,0.85,0.1,6,2230806255,17000,6734,6481,6084,5.067721408,v2_avx512bw_vec32_exact_perm,39-62-78-67-12-22-29-59-51-71-87-72-90-14-81-73-45-44-70-18-68-3-56-27-33-41-57-23-77-15-28-5-88-6-91-69-31-9-58-2-1-7-89-52-25-76-48-4-17-40-83-35-93-55-24-36-86-8-96-49-64-75-10-74-16-32-43-38-53-19-50-98-66-30-37-84-100-65-46-82-85-63-79-21-61-11-97-60-13-99-54-80-92-95-42-34-94-26-20-47
Ta100x20,8,4,400,0.85,0.1,7,2230807264,17000,6720,6481,6084,5.208418653,v2_avx512bw_vec32_exact_perm,39-62-78-73-81-12-72-56-44-51-59-87-67-29-28-68-70-64-14-31-24-69-45-71-83-77-65-22-18-57-91-25-90-7-1-9-89-50-36-21-19-40-5-27-41-10-48-98-88-58-49-84-30-63-76-66-52-4-53-100-61-54-15-75-6-35-23-43-16-33-55-74-80-93-8-96-2-82-37-46-85-60-17-11-3-32-79-13-86-99-38-42-92-97-95-94-34-47-26-20
Ta100x20,8,4,400,0.85,0.1,8,2230808273,17000,6790,6481,6084,5.28707672,v2_avx512bw_vec32_exact_perm,39-62-87-78-68-81-89-90-12-72-28-91-4-44-9-73-18-36-56-45-25-77-51-27-30-17-10-67-14-70-71-74-69-48-64-5-75-33-29-31-1-7-63-88-60-41-46-24-83-15-65-58-50-40-98-93-21-16-54-22-57-43-96-80-82-6-23-55-66-59-84-35-42-38-53-3-95-19-11-49-100-8-76-86-61-13-52-2-32-26-85-37-34-92-79-94-99-47-20-97
Ta100x20,8,4,400,0.85,0.1,9,2230809282,17000,6684,6481,6084,5.362369815,v2_avx512bw_vec32_exact_perm,39-62-78-67-36-87-10-29-44-73-51-41-59-70-14-71-72-64-69-18-22-7-9-56-77-90-91-58-25-27-83-12-37-81-45-31-24-5-19-53-1-75-40-57-3-23-98-6-82-8-93-28-15-35-66-33-96-88-49-74-16-68-100-89-4-2-42-48-50-65-30-84-61-76-46-21-52-63-55-43-86-17-94-32-54-80-95-85-60-38-92-11-13-79-99-26-34-20-47-97
Ta100x20,8,4,400,0.85,0.1,10,2230810291,17000,6726,6481,6084,5.185046384,v2_avx512bw_vec32_exact_perm,39-62-28-31-77-72-56-22-78-69-71-1-73-44-90-59-87-51-83-27-82-68-57-12-14-45-81-70-25-40-48-37-9-67-29-7-41-64-65-88-58-17-24-98-54-3-36-100-16-4-18-49-19-96-66-93-6-5-35-55-38-2-91-50-23-74-11-53-89-33-63-32-30-52-61-21-15-75-43-10-80-84-60-46-76-42-86-85-8-79-94-92-13-99-34-95-47-26-20-97
Ta100x20,8,4,400,0.85,0.125,1,2230801210,17000,6743,6481,6084,4.991637163,v2_avx512bw_vec32_exact_perm,39-62-78-72-56-31-22-73-29-70-12-3-14-59-71-68-64-36-91-67-90-4-45-74-24-37-32-25-49-7-69-87-83-1-9-17-27-77-5-23-98-35-66-57-41-89-88-75-96-33-30-38-21-81-51-18-50-53-60-6-100-84-52-8-10-48-40-63-44-28-93-65-85-61-76-86-16-46-79-82-2-19-43-55-80-58-11-54-15-92-13-99-34-95-97-42-94-26-20-47
Ta100x20,8,4,400,0.85,0.125,2,2230802219,17000,6724,6481,6084,4.76377224,v2_avx512bw_vec32_exact_perm,39-62-72-22-87-28-78-10-31-91-70-56-67-14-41-44-29-74-90-12-73-18-24-45-69-71-57-25-6-9-65-1-7-23-53-37-96-61-48-35-88-68-27-81-3-76-49-15-40-4-82-58-5-36-19-16-83-46-93-59-33-17-84-99-43-89-30-32-8-50-38-21-51-75-100-11-98-42-13-77-64-55-79-63-95-52-94-85-60-80-2-54-92-66-86-26-34-20-47-97
Ta100x20,8,4,400,0.85,0.125,3,2230803228,17000,6756,6481,6084,5.151833104,v2_avx512bw_vec32_exact_perm,39-62-67-87-14-33-72-68-70-29-12-69-59-7-56-44-25-36-71-22-6-58-5-27-28-31-30-91-50-57-81-66-96-53-10-78-24-40-45-41-48-4-15-9-73-35-55-88-21-23-19-37-8-1-43-75-20-51-18-49-83-93-16-77-98-17-46-86-38-85-76-65-3-74-63-82-84-54-100-90-92-61-32-11-95-80-42-52-13-2-89-64-79-60-94-34-99-47-97-26
Ta100x20,8,4,400,0.85,0.125,4,2230804237,17000,6751,6481,6084,4.974742853,v2_avx512bw_vec32_exact_perm,39-62-78-87-29-73-18-59-72-12-7-22-69-90-14-91-71-9-56-44-40-88-31-70-45-67-83-96-27-58-3-93-5-41-43-33-28-98-51-23-66-24-2-81-36-50-17-57-1-82-75-8-53-63-77-25-10-30-52-4-48-74-76-49-100-64-65-15-35-54-86-89-11-16-6-80-68-61-21-46-32-42-84-60-85-79-37-19-95-99-13-94-34-38-92-47-55-26-20-97
Ta100x20,8,4,400,0.85,0.125,5,2230805246,17000,6737,6481,6084,4.973909871,v2_avx512bw_vec32_exact_perm,39-62-28-78-10-6-72-44-83-18-22-56-91-51-12-69-14-68-81-90-87-74-16-9-45-7-64-4-27-29-59-57-73-48-25-70-36-49-31-77-24-35-97-88-86-50-75-71-19-23-65-53-67-41-5-43-40-96-17-3-52-100-58-63-8-82-93-1-37-2-98-33-32-79-89-80-84-42-46-30-15-85-11-21-60-95-66-13-99-76-61-38-55-54-26-92-34-94-20-47
Ta100x20,8,4,400,0.85,0.125,6,2230806255,17000,6755,6481,6084,5.256146903,v2_avx512bw_vec32_exact_perm,39-22-18-78-62-28-72-73-44-12-70-56-31-83-1-14-7-29-71-64-36-32-19-2-24-67-25-4-52-87-69-65-93-59-45-9-82-41-57-89-27-91-81-5-51-88-35-75-90-77-10-23-94-98-16-95-33-50-6-60-48-15-40-49-96-53-8-43-80-66-17-63-3-85-37-79-46-76-86-100-99-30-68-11-58-42-92-84-74-13-38-55-26-21-20-54-61-97-47-34
Ta100x20,8,4,400,0.85,0.125,7,2230807264,17000,6787,6481,6084,5.040965719,v2_avx512bw_vec32_exact_perm,39-62-78-67-12-1-66-51-72-44-6-5-29-22-87-45-83-70-77-68-14-71-56-91-81-57-42-65-7-35-24-69-98-31-90-50-27-88-36-17-25-10-19-73-23-15-40-59-41-82-9-49-95-37-30-18-58-53-86-48-52-75-80-11-89-63-100-21-93-84-96-38-33-3-99-60-43-61-28-8-85-76-79-13-16-46-74-55-92-64-4-32-2-54-94-26-34-97-20-47
Ta100x20,8,4,400,0.85,0.125,8,2230808273,17000,6771,6481,6084,5.018373333,v2_avx512bw_vec32_exact_perm,39-28-18-68-78-67-8-59-69-60-83-22-72-51-27-44-62-76-4-14-91-12-87-77-58-71-56-7-31-64-25-90-29-6-45-81-88-9-33-23-50-1-5-94-75-16-57-65-89-66-48-43-35-38-30-36-17-86-73-24-52-42-55-3-10-40-63-74-15-21-2-100-95-49-98-70-11-37-41-96-32-53-13-61-93-84-82-99-80-92-54-19-85-79-46-34-47-97-26-20
Ta100x20,8,4,400,0.85,0.125,9,2230809282,17000,6734,6481,6084,4.852790856,v2_avx512bw_vec32_exact_perm,39-62-78-67-72-36-22-29-59-12-31-28-71-56-5-6-73-45-44-90-51-91-93-81-68-3-70-27-88-87-10-14-83-9-69-58-2-24-25-35-7-75-40-41-98-89-18-100-64-21-4-77-96-33-49-16-74-63-1-48-38-17-19-42-53-30-76-32-50-80-52-8-23-86-37-84-85-82-43-60-55-99-15-54-92-13-11-79-65-46-61-95-94-57-34-66-26-20-47-97
Ta100x20,8,4,400,0.85,0.125,10,2230810291,17000,6761,6481,6084,4.964198003,v2_avx512bw_vec32_exact_perm,39-62-72-78-69-22-87-12-73-90-7-60-64-5-83-27-68-21-36-4-67-31-57-28-44-25-9-56-29-71-6-45-18-24-91-1-38-19-98-70-82-86-66-3-100-77-14-75-41-40-33-81-35-65-23-50-30-10-37-53-97-95-13-48-2-52-8-15-88-63-17-49-58-85-93-89-51-79-16-80-76-43-61-74-55-54-94-92-11-96-59-46-84-26-32-42-34-99-20-47
Ta100x20,8,4,400,0.8875,0.025,1,2230801210,17000,6694,6481,6084,5.373750247,v2_avx512bw_vec32_exact_perm,39-62-78-67-72-44-51-69-18-31-58-36-22-73-12-56-64-90-14-83-24-1-71-29-59-45-70-25-9-87-88-50-32-4-5-7-17-2-28-81-91-10-68-35-27-75-60-40-93-100-41-19-33-66-98-86-15-77-3-76-23-37-49-63-53-30-89-48-57-52-6-42-55-16-11-21-80-82-65-96-74-61-43-79-13-84-46-54-99-92-38-8-85-95-94-34-47-26-20-97
Ta100x20,8,4,400,0.8875,0.025,2,2230802219,17000,6709,6481,6084,5.439660287,v2_avx512bw_vec32_exact_perm,39-62-78-87-10-7-44-28-56-67-12-29-72-73-45-69-22-14-59-90-31-64-70-36-81-68-93-5-82-71-9-1-58-91-57-83-27-16-18-25-40-24-100-41-53-38-96-88-48-66-65-17-4-30-50-49-19-35-76-3-6-98-51-61-15-2-52-85-77-33-43-75-21-89-8-63-60-11-23-84-32-79-80-74-37-99-55-86-54-92-13-46-42-97-95-94-34-26-20-47
Ta100x20,8,4,400,0.8875,0.025,3,2230803228,17000,6713,6481,6084,5.42764128,v2_avx512bw_vec32_exact_perm,39-62-78-67-72-44-29-12-45-59-87-90-56-71-28-57-22-70-27-83-14-73-51-18-91-15-6-31-77-69-35-100-48-68-41-98-50-75-81-25-10-88-96-24-30-7-5-40-38-17-3-65-58-36-89-16-9-66-33-63-64-93-1-74-86-19-49-37-82-84-53-60-52-21-2-4-23-55-99-85-76-92-80-54-42-34-95-46-13-11-43-8-32-94-61-79-26-20-47-97
Ta100x20,8,4,400,0.8875,0.025,4,2230804237,17000,6696,6481,6084,5.172123096,v2_avx512bw_vec32_exact_perm,39-62-87-78-81-44-22-18-51-56-12-70-59-71-29-9-72-58-45-14-15-36-67-7-91-77-83-64-1-65-4-69-3-88-25-24-41-5-57-68-6-10-31-37-75-82-43-28-35-86-19-93-2-40-48-30-73-52-60-53-23-33-89-90-50-17-98-27-8-49-63-32-74-96-80-42-55-76-100-16-46-38-21-94-54-92-79-13-99-85-11-61-84-95-66-34-26-20-47-97
Ta100x20,8,4,400,0.8875,0.025,5,2230805246,17000,6722,6481,6084,5.495074513,v2_avx512bw_vec32_exact_perm,39-87-78-18-22-72-44-71-69-29-62-51-73-9-67-64-28-59-90-70-14-83-3-56-81-5-91-36-27-10-74-98-23-50-33-68-12-40-24-41-1-25-58-31-7-45-88-82-65-19-77-37-57-75-30-99-17-80-63-100-93-96-21-85-53-52-4-60-89-48-42-6-49-15-55-92-76-16-2-35-38-43-54-94-86-46-8-32-61-79-13-11-95-84-66-34-26-20-47-97
Ta100x20,8,4,400,0.8875,0.025,6,2230806255,17000,6711,6481,6084,5.592014049,v2_avx512bw_vec32_exact_perm,39-62-87-78-44-36-71-72-73-10-45-22-4-68-25-67-12-70-59-7-64-90-58-14-29-56-100-1-96-28-3-69-41-51-31-37-91-5-18-9-40-53-17-48-88-89-6-8-83-27-52-84-81-33-49-93-24-35-66-75-57-16-98-19-77-23-55-80-74-50-99-63-95-2-21-61-43-30-11-82-85-38-76-54-34-46-32-79-15-13-65-42-60-94-86-47-92-26-20-97
Ta100x20,8,4,400,0.8875,0.025,7,2230807264,17000,6713,6481,6084,5.44261319,v2_avx512bw_vec32_exact_perm,39-62-87-78-12-7-90-91-51-72-59-29-68-45-22-71-36-4-14-27-44-83-9-73-21-64-93-48-70-18-6-69-56-1-81-57-24-67-66-5-31-88-49-96-52-85-80-77-33-30-89-17-60-23-10-76-28-40-75-35-19-100-25-41-37-98-32-63-82-2-53-46-8-50-16-38-74-61-43-86-84-3-92-99-79-58-65-54-15-13-11-55-42-97-95-94-34-47-26-20
Ta100x20,8,4,400,0.8875,0.025,8,2230808273,17000,6713,6481,6084,5.669319383,v2_avx512bw_vec32_exact_perm,39-62-78-67-72-44-45-56-41-51-22-59-14-68-81-90-91-29-12-18-58-74-9-69-83-71-25-87-7-93-49-15-1-19-77-5-10-64-57-24-28-73-75-33-88-8-27-53-50-21-17-4-98-84-31-40-66-96-35-76-6-38-2-48-16-23-36-63-100-30-52-55-82-70-61-32-37-80-43-3-89-85-79-11-99-86-60-46-65-42-13-54-95-34-92-94-47-26-20-97
Ta100x20,8,4,400,0.8875,0.025,9,2230809282,17000,6694,6481,6084,5.290471027,v2_avx512bw_vec32_exact_perm,39-28-59-22-78-44-67-72-12-7-91-73-9-69-70-62-87-2-45-29-25-56-71-31-64-27-60-93-4-90-76-36-1-75-33-41-14-10-51-68-83-50-88-17-49-82-5-100-58-81-24-98-3-23-66-96-19-6-57-48-84-52-40-18-15-37-35-89-77-65-42-53-80-43-32-30-79-86-54-63-74-16-38-21-99-55-61-92-11-13-46-8-85-95-94-34-47-26-20-97
Ta100x20,8,4,400,0.8875,0.025,10,2230810291,17000,6760,6481,6084,5.38932546,v2_avx512bw_vec32_exact_perm,39-62-28-72-22-78-31-87-90-7-12-56-51-69-18-45-91-66-1-29-35-70-59-24-71-57-67-14-44-64-88-48-4-68-81-25-77-17-9-63-15-27-5-76-41-21-19-95-49-75-40-33-83-93-89-36-6-37-55-23-3-52-98-80-100-99-30-73-53-61-74-16-79-38-10-85-84-86-65-43-82-60-8-58-11-50-54-96-46-32-13-2-42-97-34-92-94-26-20-47
Ta100x20,8,4,400,0.8875,0.05,1,2230801210,17000,6751,6481,6084,5.249375781,v2_avx512bw_vec32_exact_perm,39-62-78-72-67-4-32-22-12-44-7-69-68-29-70-18-71-56-91-3-31-14-1-27-51-45-88-9-5-87-83-50-90-73-2-19-57-81-66-25-55-41-59-17-93-65-40-24-6-75-48-80-96-10-58-28-33-36-52-23-30-77-98-89-35-84-74-15-21-60-63-64-86-37-53-49-46-61-76-100-16-82-38-43-8-54-85-79-99-13-42-11-92-94-34-95-47-97-26-20
Ta100x20,8,4,400,0.8875,0.05,2,2230802219,17000,6711,6481,6084,5.150527348,v2_avx512bw_vec32_exact_perm,39-62-78-67-72-44-69-1-59-51-18-22-70-71-14-56-7-12-87-27-91-29-31-5-21-90-83-68-64-57-73-74-36-66-76-15-41-17-45-93-96-35-9-88-75-4-6-33-82-81-25-24-10-100-60-37-28-23-19-98-53-32-48-85-49-58-16-40-77-86-80-50-52-55-99-2-63-38-79-61-30-43-92-54-89-46-3-42-11-13-65-84-8-95-94-34-47-26-20-97
Ta100x20,8,4,400,0.8875,0.05,3,2230803228,17000,6767,6481,6084,5.14894435,v2_avx512bw_vec32_exact_perm,39-62-78-22-87-72-10-90-28-70-73-29-1-59-69-44-14-71-67-12-58-40-24-60-83-6-56-64-27-9-7-5-88-25-68-31-4-91-81-3-53-33-57-76-45-93-52-96-49-77-48-19-89-41-16-51-98-15-36-8-100-75-38-37-84-35-17-21-54-61-50-11-92-65-18-43-46-82-66-42-30-23-55-2-85-63-32-95-80-74-86-79-99-94-13-34-47-26-20-97
Ta100x20,8,4,400,0.8875,0.05,4,2230804237,17000,6719,6481,6084,5.204481664,v2_avx512bw_vec32_exact_perm,39-62-78-67-72-44-59-51-87-29-70-73-12-25-45-4-32-14-28-90-9-68-7-5-65-91-81-50-71-22-35-56-93-96-69-18-49-24-15-27-19-36-83-21-6-31-88-89-3-10-40-48-60-75-11-41-61-64-17-30-43-58-52-23-98-66-100-84-85-63-82-57-80-77-53-42-1-76-86-46-2-8-38-79-99-54-92-33-16-74-55-37-94-95-13-34-47-26-20-97
Ta100x20,8,4,400,0.8875,0.05,5,2230805246,17000,6726,6481,6084,5.050682389,v2_avx512bw_vec32_exact_perm,39-62-78-87-44-12-72-59-7-29-22-77-28-69-81-71-64-9-45-56-73-90-70-91-1-14-31-75-27-21-67-51-10-33-74-96-4-41-93-5-57-15-83-24-37-19-18-48-2-82-68-35-49-98-100-50-52-17-46-36-89-63-53-16-30-88-65-76-40-58-94-25-80-6-95-99-85-38-61-55-43-86-23-79-8-32-11-3-42-13-60-54-84-92-66-34-47-26-20-97
Ta100x20,8,4,400,0.8875,0.05,6,2230806255,17000,6723,6481,6084,5.067946138,v2_avx512bw_vec32_exact_perm,39-62-78-67-72-44-87-12-22-29-36-59-18-90-56-51-73-25-71-64-7-27-68-45-58-48-81-69-9-14-70-5-31-40-93-91-19-1-83-43-24-35-89-15-88-3-4-76-54-28-53-49-30-74-61-10-6-65-75-86-41-60-8-98-23-100-63-77-50-82-55-33-52-42-11-96-16-38-32-2-21-17-80-84-85-13-46-37-57-99-79-94-95-66-34-92-26-20-47-97
Ta100x20,8,4,400,0.8875,0.05,7,2230807264,17000,6720,6481,6084,5.80912758,v2_avx512bw_vec32_exact_perm,39-62-78-87-22-90-7-72-91-63-44-12-45-36-29-31-9-71-24-1-70-66-56-64-69-67-15-14-73-25-100-41-59-68-18-58-50-40-57-5-53-27-83-21-30-33-88-49-3-98-48-74-89-65-23-81-10-16-51-17-60-77-37-19-35-75-6-93-61-11-28-32-4-96-82-52-42-84-46-79-80-76-95-13-85-43-86-8-55-54-34-38-92-2-99-94-97-47-26-20
Ta100x20,8,4,400,0.8875,0.05,8,2230808273,17000,6699,6481,6084,5.661694527,v2_avx512bw_vec32_exact_perm,39-62-78-87-10-72-67-51-12-88-58-14-22-70-71-45-6-29-59-56-17-91-68-18-44-31-57-30-69-9-28-89-7-16-100-25-64-66-83-36-27-73-24-41-19-77-33-75-3-4-52-2-93-50-65-21-5-86-40-90-15-81-48-35-98-53-84-38-23-32-63-1-76-80-74-37-55-43-8-82-99-61-79-54-92-11-49-85-60-42-13-96-46-95-94-34-47-26-20-97
Ta100x20,8,4,400,0.8875,0.05,9,2230809282,17000,6723,6481,6084,5.568362514,v2_avx512bw_vec32_exact_perm,39-62-7-72-10-78-22-44-71-33-36-67-9-4-91-90-25-51-29-73-18-1-19-58-87-83-69-27-24-77-31-59-48-64-45-70-14-56-81-53-93-82-17-96-66-35-37-41-100-88-89-5-40-16-98-15-3-57-50-75-52-49-21-63-12-76-68-6-85-46-65-2-23-11-30-61-28-74-55-79-54-84-8-99-43-60-38-32-80-42-13-92-95-94-86-34-47-26-20-97
Ta100x20,8,4,400,0.8875,0.05,10,2230810291,17000,6772,6481,6084,5.512771756,v2_avx512bw_vec32_exact_perm,39-62-78-67-69-10-22-12-28-51-71-25-83-44-31-7-59-18-72-36-45-14-70-66-29-53-24-64-48-56-21-68-65-87-81-50-5-96-58-91-19-6-90-1-73-40-57-88-27-63-30-4-17-16-9-74-33-55-77-49-89-93-37-100-61-52-75-43-23-84-35-11-41-8-98-95-60-82-80-38-54-85-76-86-15-3-2-99-32-42-34-92-13-46-79-94-26-20-47-97
Ta100x20,8,4,400,0.8875,0.075,1,2230801210,17000,6765,6481,6084,5.149691067,v2_avx512bw_vec32_exact_perm,39-62-78-68-72-67-69-18-44-74-45-12-56-31-89-90-51-87-48-59-14-29-70-41-81-7-4-54-9-71-57-73-17-88-83-25-1-35-22-27-65-100-3-15-36-91-10-24-58-52-40-98-79-50-5-77-33-37-96-75-53-6-80-19-49-30-28-16-11-23-85-21-93-82-63-8-60-84-64-86-66-92-61-46-76-43-38-55-32-13-2-99-26-42-34-95-20-97-94-47
Ta100x20,8,4,400,0.8875,0.075,2,2230802219,17000,6716,6481,6084,5.374107697,v2_avx512bw_vec32_exact_perm,39-62-78-67-72-22-44-12-51-68-36-56-17-59-87-7-73-45-70-81-75-18-71-91-64-90-14-66-69-83-1-27-25-29-24-6-33-9-88-19-31-58-35-98-15-28-48-40-93-50-21-57-96-4-52-49-10-100-77-37-30-80-79-5-41-74-89-65-63-3-16-61-43-82-94-84-2-54-46-32-53-42-38-8-76-85-23-86-60-92-11-99-34-13-95-55-47-26-20-97
Ta100x20,8,4,400,0.8875,0.075,3,2230803228,17000,6752,6481,6084,5.089328007,v2_avx512bw_vec32_exact_perm,39-62-78-73-44-22-72-12-24-45-67-70-14-10-56-90-7-87-28-69-32-91-60-31-29-83-18-27-100-48-51-41-75-81-57-2-97-15-58-93-74-71-9-5-30-23-37-59-1-40-88-68-36-19-25-4-92-52-49-35-76-6-16-17-66-38-77-98-89-64-84-80-3-86-53-21-50-33-42-79-65-46-8-85-63-96-11-82-61-43-13-95-55-26-99-20-54-34-94-47
Ta100x20,8,4,400,0.8875,0.075,4,2230804237,17000,6744,6481,6084,5.448874851,v2_avx512bw_vec32_exact_perm,39-28-78-10-72-22-87-44-70-62-14-73-51-36-67-7-69-90-12-91-68-27-31-45-18-56-24-33-50-1-100-57-71-88-25-59-9-81-41-23-75-3-37-19-98-52-77-21-83-65-30-76-32-48-60-4-53-82-63-6-15-58-64-5-84-85-40-49-89-66-17-29-16-93-11-99-38-96-79-35-43-13-55-46-61-74-8-54-86-2-80-34-95-92-42-94-26-20-97-47
Ta100x20,8,4,400,0.8875,0.075,5,2230805246,17000,6757,6481,6084,5.887958304,v2_avx512bw_vec32_exact_perm,39-67-12-62-72-22-78-31-44-59-51-14-23-28-69-87-70-57-71-9-91-56-68-7-10-36-90-27-40-18-33-81-73-96-45-48-64-37-53-25-41-83-93-88-21-52-65-74-35-4-29-50-5-19-2-89-46-1-58-49-100-98-85-3-16-24-15-76-17-77-6-86-66-38-63-32-82-75-80-30-55-43-8-84-79-13-92-60-54-94-61-11-95-99-42-26-34-97-20-47
Ta100x20,8,4,400,0.8875,0.075,6,2230806255,17000,6743,6481,6084,5.366598422,v2_avx512bw_vec32_exact_perm,39-62-78-67-72-44-59-51-73-22-87-28-18-70-29-100-90-56-83-7-14-69-19-1-45-64-12-65-93-4-91-24-82-9-31-50-25-49-98-68-71-3-77-57-48-81-27-15-33-36-88-5-52-58-37-96-23-43-10-41-89-40-46-17-95-8-21-85-84-35-16-32-80-63-74-79-75-60-6-53-86-99-38-55-61-11-94-13-2-30-76-66-54-42-34-92-47-26-20-97
Ta100x20,8,4,400,0.8875,0.075,7,2230807264,17000,6749,6481,6084,5.395932902,v2_avx512bw_vec32_exact_perm,39-62-78-90-73-67-72-12-87-4-51-29-22-44-45-70-14-59-27-91-31-1-24-66-57-68-93-5-71-3-19-30-28-89-100-56-88-9-2-69-37-83-99-36-41-96-77-33-81-16-7-17-49-23-58-25-10-40-35-6-50-8-52-43-48-53-63-15-98-82-75-38-80-79-18-61-74-86-76-85-21-64-60-65-84-92-95-94-13-54-11-34-32-46-42-55-47-26-20-97
Ta100x20,8,4,400,0.8875,0.075,8,2230808273,17000,6732,6481,6084,5.233356857,v2_avx512bw_vec32_exact_perm,39-62-71-73-22-69-90-81-12-72-87-67-28-7-44-56-70-59-18-14-68-57-4-41-29-91-1-76-19-27-49-9-31-58-24-83-25-50-6-45-88-51-99-48-93-96-40-10-54-53-75-86-52-23-37-35-100-5-89-98-36-3-77-33-16-17-63-46-82-95-65-21-30-38-79-61-80-43-8-85-74-55-78-13-92-11-84-64-2-32-42-60-94-66-34-15-26-20-97-47
Ta100x20,8,4,400,0.8875,0.075,9,2230809282,17000,6760,6481,6084,5.148583916,v2_avx512bw_vec32_exact_perm,39-62-78-87-69-90-72-67-12-7-44-68-56-45-29-22-14-18-74-57-71-64-10-27-100-82-83-59-9-4-60-41-5-40-91-24-31-70-66-81-25-28-88-3-35-6-76-36-17-15-48-89-50-1-49-75-65-30-51-93-98-8-19-54-73-53-16-38-52-43-58-77-37-21-61-96-79-23-85-86-80-84-11-55-63-97-2-46-92-13-32-95-42-33-99-34-94-26-20-47
Ta100x20,8,4,400,0.8875,0.075,10,2230810291,17000,6761,6481,6084,5.455239725,v2_avx512bw_vec32_exact_perm,39-87-78-62-96-28-73-22-68-27-12-72-7-56-50-69-65-74-59-18-44-14-83-51-24-90-29-9-5-91-40-3-21-31-98-70-88-45-41-57-67-49-25-1-81-93-71-10-8-60-36-37-75-23-19-33-35-54-63-77-30-100-52-58-82-4-17-85-48-6-38-86-53-84-79-80-16-11-64-99-13-42-46-76-89-15-55-43-66-95-32-2-97-61-92-34-94-47-26-20
Ta100x20,8,4,400,0.8875,0.1,1,2230801210,17000,6745,6481,6084,5.441448028,v2_avx512bw_vec32_exact_perm,39-28-59-62-73-78-12-72-44-90-3-29-22-4-36-67-87-70-5-7-31-56-18-51-41-88-9-71-100-77-83-96-14-55-10-19-91-24-69-17-48-74-16-27-57-81-68-76-6-66-37-45-93-15-65-25-35-1-63-53-23-86-49-84-50-33-82-11-52-75-79-98-40-30-60-99-46-21-43-80-61-58-92-89-85-38-95-54-8-2-32-42-64-94-34-13-47-26-20-97
Ta100x20,8,4,400,0.8875,0.1,2,2230802219,17000,6763,6481,6084,5.969263249,v2_avx512bw_vec32_exact_perm,39-62-78-72-67-29-71-44-69-36-59-90-64-21-56-58-87-14-45-1-10-68-83-88-12-22-7-9-93-73-91-5-81-51-31-27-70-48-4-57-18-25-24-53-17-98-3-32-41-38-40-50-86-52-43-75-89-76-30-15-28-66-6-77-65-23-33-8-63-84-2-60-82-16-80-85-100-11-96-13-49-19-35-42-54-37-46-95-55-79-99-94-97-61-74-92-34-47-26-20
Ta100x20,8,4,400,0.8875,0.1,3,2230803228,17000,6781,6481,6084,5.30425987,v2_avx512bw_vec32_exact_perm,39-28-18-62-4-72-44-22-45-78-10-29-70-87-48-56-81-68-76-5-69-23-40-90-83-73-64-24-2-71-1-7-59-75-9-35-36-89-41-100-27-88-30-37-19-12-33-51-67-98-93-58-31-25-21-14-96-57-80-52-60-82-63-49-91-77-94-17-15-16-50-6-54-85-92-79-53-61-66-84-8-95-55-74-11-65-38-43-3-46-47-42-32-86-13-99-34-26-20-97
Ta100x20,8,4,400,0.8875,0.1,4,2230804237,17000,6752,6481,6084,5.63324857,v2_avx512bw_vec32_exact_perm,39-62-78-73-71-72-59-12-29-27-31-67-58-14-56-33-44-40-51-74-90-87-68-36-91-18-69-4-25-1-9-64-7-19-100-24-70-83-22-77-81-55-41-2-88-28-21-37-93-10-50-75-35-23-5-49-65-52-48-6-57-15-17-3-98-63-16-53-80-61-45-95-30-42-89-46-82-8-43-11-13-96-66-38-92-79-54-85-76-86-99-32-34-60-94-84-97-26-20-47
Ta100x20,8,4,400,0.8875,0.1,5,2230805246,17000,6747,6481,6084,5.42259684,v2_avx512bw_vec32_exact_perm,39-28-59-78-72-67-44-62-87-10-45-29-68-5-71-64-90-22-7-70-56-1-69-31-57-58-21-12-88-54-3-15-36-51-91-73-83-60-25-81-41-27-63-82-4-75-93-18-65-19-77-14-48-40-100-24-96-50-33-49-76-30-9-74-17-2-35-66-98-53-6-86-89-38-23-37-43-85-92-99-84-52-80-61-42-16-79-8-95-34-13-11-94-32-46-47-55-26-20-97
Ta100x20,8,4,400,0.8875,0.1,6,2230806255,17000,6791,6481,6084,5.375348506,v2_avx512bw_vec32_exact_perm,39-62-68-22-69-87-6-78-44-36-67-4-91-72-45-59-64-56-12-51-81-28-90-71-83-58-14-27-9-5-29-7-31-77-15-10-35-70-24-48-82-25-89-21-93-49-18-30-74-57-75-23-41-73-2-32-63-3-40-52-53-19-17-33-37-1-88-16-65-61-100-95-98-66-76-8-55-11-86-50-42-84-46-99-38-60-13-85-80-79-43-96-54-94-92-34-47-26-20-97
Ta100x20,8,4,400,0.8875,0.1,7,2230807264,17000,6743,6481,6084,5.468363208,v2_avx512bw_vec32_exact_perm,39-22-28-90-4-78-12-72-73-87-67-62-51-44-31-15-59-36-71-88-45-58-56-64-14-27-18-81-69-24-68-9-91-5-52-89-70-29-7-25-19-49-1-65-48-77-83-50-2-46-40-76-93-82-3-37-96-53-6-30-63-33-57-17-41-84-74-23-99-98-10-75-95-66-35-100-11-21-86-38-16-32-80-55-54-42-61-43-8-92-85-60-13-34-79-94-47-26-20-97
Ta100x20,8,4,400,0.8875,0.1,8,2230808273,17000,6773,6481,6084,5.512805576,v2_avx512bw_vec32_exact_perm,39-62-78-87-22-90-72-29-45-74-56-67-18-4-51-44-12-14-27-31-25-68-24-69-7-83-65-77-70-37-82-3-6-5-64-71-19-75-91-33-81-41-49-9-59-88-35-15-89-100-36-93-28-17-2-60-30-21-73-61-23-48-98-50-53-10-40-8-16-80-84-96-43-58-1-85-76-46-42-63-52-32-57-99-95-38-92-54-79-66-86-13-55-11-94-34-47-26-20-97
Ta100x20,8,4,400,0.8875,0.1,9,2230809282,17000,6723,6481,6084,5.448199472,v2_avx512bw_vec32_exact_perm,39-62-87-28-72-22-78-67-90-12-36-91-71-14-44-73-70-45-64-56-58-81-51-29-1-4-69-31-27-57-9-88-7-75-83-99-19-18-93-47-25-60-16-100-41-68-5-24-49-82-66-77-2-35-98-89-86-15-3-23-76-30-40-6-52-10-63-48-65-50-33-96-46-53-21-85-37-38-32-84-61-43-74-8-92-42-59-54-17-80-13-79-95-11-55-94-34-26-20-97
Ta100x20,8,4,400,0.8875,0.1,10,2230810291,17000,6765,6481,6084,5.581822516,v2_avx512bw_vec32_exact_perm,39-62-78-41-72-29-44-59-51-12-68-10-67-7-56-31-18-69-58-74-73-14-25-6-87-45-22-82-83-70-71-9-33-5-57-49-89-81-28-88-16-15-36-55-90-75-24-91-23-86-77-65-1-48-40-27-4-93-50-52-19-21-64-63-46-76-98-3-66-30-96-17-37-53-100-80-84-35-38-85-43-54-2-92-61-11-32-13-42-8-95-60-79-99-34-94-26-20-47-97
Ta100x20,8,4,400,0.8875,0.125,1,2230801210,17000,6814,6481,6084,5.739708115,v2_avx512bw_vec32_exact_perm,39-62-78-68-87-69-44-58-72-67-14-12-99-73-57-1-90-81-22-56-77-59-71-29-30-9-51-7-45-66-93-25-4-31-76-40-35-5-27-100-41-28-83-24-43-64-91-98-70-17-54-19-88-85-89-48-16-36-37-82-63-18-23-84-32-50-49-86-10-2-6-80-21-79-96-55-94-95-53-8-75-42-46-60-92-15-61-3-11-52-26-65-38-33-13-20-74-47-34-97
Ta100x20,8,4,400,0.8875,0.125,2,2230802219,17000,6779,6481,6084,5.659633966,v2_avx512bw_vec32_exact_perm,39-62-4-87-72-59-44-22-90-71-29-78-14-18-27-12-7-91-31-56-67-100-51-24-37-70-28-9-98-77-83-73-93-45-81-41-75-33-96-88-48-68-64-69-89-49-35-17-5-6-53-16-10-57-25-58-63-82-19-36-3-94-60-79-55-40-30-80-86-23-11-61-92-1-52-32-38-15-2-66-76-21-65-50-43-84-8-74-85-46-54-99-42-34-95-97-13-20-47-26
Ta100x20,8,4,400,0.8875,0.125,3,2230803228,17000,6761,6481,6084,5.489166234,v2_avx512bw_vec32_exact_perm,39-62-87-51-59-67-72-22-78-29-12-57-58-3-71-68-9-14-28-93-56-44-31-69-1-70-10-83-55-7-48-73-4-18-81-23-5-64-36-90-96-41-40-21-75-27-15-63-50-52-86-6-91-88-77-45-76-65-49-30-66-80-19-25-35-24-37-2-53-85-82-98-60-8-17-100-74-16-33-46-89-79-99-54-38-95-42-43-61-84-11-32-97-92-13-34-94-47-26-20
Ta100x20,8,4,400,0.8875,0.125,4,2230804237,17000,6757,6481,6084,5.435067067,v2_avx512bw_vec32_exact_perm,39-62-22-58-83-87-78-57-12-7-71-59-72-44-56-51-3-69-17-73-91-90-25-89-81-14-67-45-9-70-93-5-29-31-18-66-27-28-19-24-36-64-75-35-41-2-88-48-15-60-21-98-6-50-33-4-26-77-80-96-38-82-84-100-74-8-63-30-76-1-23-95-68-49-52-42-13-53-16-61-79-37-43-92-54-40-55-99-10-11-65-20-46-85-86-94-32-97-47-34
Ta100x20,8,4,400,0.8875,0.125,5,2230805246,17000,6739,6481,6084,5.687398497,v2_avx512bw_vec32_exact_perm,39-62-22-87-78-29-71-72-44-68-83-12-73-90-14-25-51-69-28-59-9-56-81-24-1-27-4-70-48-67-76-57-41-96-91-38-100-45-77-30-58-93-15-88-16-7-5-18-89-64-33-6-40-35-98-19-37-55-74-17-36-52-49-65-8-50-23-84-53-32-63-75-10-3-46-21-61-43-86-2-85-92-54-82-31-80-42-11-66-79-99-95-94-60-13-34-47-26-20-97
Ta100x20,8,4,400,0.8875,0.125,6,2230806255,17000,6778,6481,6084,5.076379891,v2_avx512bw_vec32_exact_perm,39-62-67-72-87-59-78-22-14-81-12-44-45-69-35-29-70-17-90-24-71-10-64-48-27-57-3-66-25-51-83-7-93-18-89-43-31-1-91-58-9-5-6-63-50-2-19-36-28-41-21-49-85-73-15-52-40-23-98-99-96-76-38-92-37-77-4-88-60-16-100-53-82-80-84-33-61-94-75-74-86-54-46-55-8-30-42-56-11-95-65-34-32-47-68-97-13-79-26-20
Ta100x20,8,4,400,0.8875,0.125,7,2230807264,17000,6782,6481,6084,5.056222421,v2_avx512bw_vec32_exact_perm,39-62-78-87-67-18-72-90-74-29-70-41-73-14-69-99-31-44-58-25-57-12-4-27-40-56-55-36-71-81-75-16-45-88-30-5-22-49-6-93-17-59-83-33-51-19-60-68-91-35-23-76-3-24-98-77-86-21-9-48-15-100-7-28-2-8-63-1-52-53-85-96-50-11-32-37-10-79-65-61-43-80-46-89-38-94-54-82-13-64-42-84-92-95-66-34-26-20-47-97
Ta100x20,8,4,400,0.8875,0.125,8,2230808273,17000,6719,6481,6084,5.176134877,v2_avx512bw_vec32_exact_perm,39-32-87-51-69-72-67-78-62-59-24-44-31-5-99-7-83-93-81-27-56-29-70-64-1-73-14-33-9-88-12-77-58-68-91-17-66-28-98-22-15-57-41-25-89-71-40-76-65-36-52-46-4-75-21-16-96-19-42-10-30-38-6-34-18-48-90-100-84-3-37-49-50-45-8-43-35-23-86-54-53-63-2-11-60-82-85-80-74-55-61-92-13-79-95-94-26-20-47-97
Ta100x20,8,4,400,0.8875,0.125,9,2230809282,17000,6745,6481,6084,5.134679766,v2_avx512bw_vec32_exact_perm,39-62-87-59-72-28-22-78-56-67-31-91-58-4-69-14-90-44-70-29-18-12-83-1-73-45-88-5-71-100-66-65-81-51-50-54-48-40-3-27-86-24-43-33-9-8-25-89-10-93-75-82-41-98-7-17-68-60-21-23-16-57-96-36-19-77-52-2-35-84-37-74-15-80-79-32-6-11-46-61-85-38-76-53-64-49-92-63-95-13-55-94-99-42-30-47-26-20-97-34
Ta100x20,8,4,400,0.8875,0.125,10,2230810291,17000,6757,6481,6084,5.134754954,v2_avx512bw_vec32_exact_perm,39-62-90-78-67-57-87-44-94-36-72-56-3-31-73-18-77-69-51-7-22-91-71-12-59-5-25-60-89-29-14-9-64-88-40-17-41-33-81-70-10-6-27-68-99-45-1-93-37-66-83-75-55-4-96-48-24-53-35-76-23-65-46-19-86-49-15-85-30-100-50-80-43-8-58-74-2-16-82-79-42-11-21-63-52-54-98-61-28-95-38-32-84-13-92-34-47-26-20-97
Ta100x20,8,4,400,0.925,0.025,1,2230801210,17000,6741,6481,6084,5.282529054,v2_avx512bw_vec32_exact_perm,39-62-78-73-22-44-71-72-83-36-87-90-32-70-18-67-58-64-24-9-45-14-59-25-17-28-29-68-91-56-27-93-4-12-69-89-7-48-31-1-100-33-98-81-50-52-74-96-23-53-85-65-15-57-41-19-35-6-40-3-10-5-49-51-66-77-86-84-16-2-76-63-46-79-88-82-37-80-75-43-60-99-8-55-30-38-42-21-61-97-92-11-95-13-54-94-34-47-26-20
Ta100x20,8,4,400,0.925,0.025,2,2230802219,17000,6754,6481,6084,5.046328473,v2_avx512bw_vec32_exact_perm,39-62-78-87-44-4-73-22-24-72-36-18-6-56-71-67-51-70-91-64-81-69-59-74-45-27-9-14-83-12-50-31-77-66-5-96-90-37-29-28-41-75-68-88-19-25-65-33-40-15-35-7-49-89-1-53-17-57-98-3-30-52-100-93-82-84-10-23-58-85-95-16-48-63-43-80-38-86-60-21-55-11-76-46-13-61-8-79-54-2-32-34-92-26-99-42-97-20-94-47
Ta100x20,8,4,400,0.925,0.025,3,2230803228,17000,6745,6481,6084,5.158555775,v2_avx512bw_vec32_exact_perm,39-62-78-73-12-59-87-56-29-90-72-44-67-74-58-18-36-22-81-69-71-83-27-9-14-7-57-28-1-5-91-88-19-48-25-10-31-45-24-100-64-51-65-50-53-68-16-30-93-4-70-55-98-82-63-75-77-85-17-33-41-60-21-52-43-15-80-40-8-76-86-61-6-66-2-49-11-89-54-3-38-23-94-35-32-37-96-92-95-42-13-79-99-46-34-84-47-26-20-97
Ta100x20,8,4,400,0.925,0.025,4,2230804237,17000,6776,6481,6084,5.333747349,v2_avx512bw_vec32_exact_perm,39-62-28-72-22-44-59-78-51-91-71-56-68-67-36-14-31-90-18-12-40-58-70-45-29-75-33-65-73-87-88-1-17-57-48-83-93-50-27-41-9-98-4-81-2-7-96-52-37-69-35-43-10-89-77-49-23-24-6-5-19-30-85-25-53-46-16-3-100-63-38-54-60-76-86-80-64-21-82-11-15-84-32-55-42-99-95-66-92-8-61-74-94-34-13-79-47-26-20-97
Ta100x20,8,4,400,0.925,0.025,5,2230805246,17000,6693,6481,6084,5.281727725,v2_avx512bw_vec32_exact_perm,39-62-22-7-90-72-44-67-12-18-69-87-32-56-93-4-73-70-14-33-59-45-9-24-91-25-81-31-28-5-68-83-49-51-27-57-89-88-3-40-71-64-99-2-29-35-41-76-15-77-75-8-6-19-48-17-36-66-100-63-30-98-78-50-10-74-58-79-23-16-84-1-52-38-37-65-86-94-82-85-43-53-61-80-92-96-11-60-21-13-54-42-34-95-46-47-55-26-20-97
Ta100x20,8,4,400,0.925,0.025,6,2230806255,17000,6712,6481,6084,5.649773384,v2_avx512bw_vec32_exact_perm,39-62-78-67-12-72-28-69-31-45-90-14-87-73-51-18-9-29-44-7-56-22-32-70-74-71-48-37-81-83-93-59-64-27-4-50-5-52-24-100-41-2-96-89-82-1-91-57-36-15-68-33-49-16-88-53-10-40-30-63-3-6-25-77-19-98-61-58-75-60-86-46-76-17-66-8-43-38-35-79-55-80-85-21-23-11-54-34-13-92-65-84-99-42-95-97-94-26-20-47
Ta100x20,8,4,400,0.925,0.025,7,2230807264,17000,6667,6481,6084,5.67986685,v2_avx512bw_vec32_exact_perm,39-28-22-90-78-44-73-12-71-62-29-4-36-3-67-72-70-59-1-68-5-31-91-27-14-56-51-17-87-57-10-32-93-9-69-45-18-48-65-24-81-15-83-7-25-19-41-53-89-76-30-49-2-35-88-77-98-75-58-64-52-33-60-40-63-23-38-16-96-21-50-94-85-6-42-46-84-37-100-99-74-86-8-61-82-43-80-34-95-66-92-13-79-11-54-55-47-26-20-97
Ta100x20,8,4,400,0.925,0.025,8,2230808273,17000,6776,6481,6084,5.446865496,v2_avx512bw_vec32_exact_perm,39-62-45-72-87-51-18-59-44-90-22-71-14-91-4-29-64-78-73-70-56-12-3-69-7-67-36-83-27-9-81-48-1-24-38-88-32-41-5-82-25-68-16-37-17-31-77-6-19-52-100-58-63-65-35-80-96-33-40-93-30-75-98-57-49-50-89-53-84-21-60-28-10-66-8-86-23-97-55-85-43-15-11-46-76-54-79-61-2-13-34-42-92-99-74-95-94-26-20-47
Ta100x20,8,4,400,0.925,0.025,9,2230809282,17000,6751,6481,6084,5.989151827,v2_avx512bw_vec32_exact_perm,39-62-78-31-28-22-87-72-56-14-69-44-71-51-59-12-7-29-64-68-74-90-45-58-91-81-5-88-67-9-57-18-48-89-21-4-37-27-73-70-15-83-25-6-35-77-98-17-19-41-75-96-76-49-3-53-100-10-66-30-93-13-1-33-80-50-23-38-36-86-2-82-63-65-60-16-99-40-24-43-92-55-85-84-52-79-8-32-46-42-54-11-61-95-94-34-26-20-47-97
Ta100x20,8,4,400,0.925,0.025,10,2230810291,17000,6750,6481,6084,5.718698258,v2_avx512bw_vec32_exact_perm,39-62-78-67-72-44-22-87-36-64-4-3-56-7-90-71-9-59-73-18-14-29-45-12-66-35-69-27-81-54-57-40-53-5-83-93-24-31-88-65-41-50-10-1-68-28-15-91-25-58-6-96-49-33-17-51-23-70-76-30-52-84-37-48-19-63-77-98-21-86-8-46-43-32-85-75-82-89-2-61-100-34-38-60-79-80-16-42-92-11-94-95-99-74-13-55-47-26-20-97
Ta100x20,8,4,400,0.925,0.05,1,2230801210,17000,6788,6481,6084,5.210483021,v2_avx512bw_vec32_exact_perm,39-28-10-72-22-67-78-1-44-56-90-32-12-62-59-41-9-7-4-87-45-69-52-88-83-70-51-29-31-71-89-37-25-75-27-18-17-91-36-81-82-58-5-68-66-57-3-96-14-30-15-24-63-49-93-100-33-2-50-35-19-98-23-95-84-40-73-8-77-48-79-6-46-85-76-38-16-53-21-61-11-74-86-80-64-92-65-54-55-43-94-26-13-60-99-42-34-20-47-97
Ta100x20,8,4,400,0.925,0.05,2,2230802219,17000,6772,6481,6084,6.499080095,v2_avx512bw_vec32_exact_perm,39-28-72-78-22-69-87-10-44-73-62-36-24-67-31-59-51-18-41-29-12-91-90-70-56-58-4-25-27-93-17-55-96-45-71-75-57-77-14-68-35-2-81-9-49-88-50-21-83-98-33-16-5-23-74-7-52-40-76-11-1-66-64-63-8-19-100-48-15-53-30-89-85-6-84-38-82-80-95-54-32-61-43-3-65-60-42-86-37-46-99-13-79-94-34-92-26-20-47-97
Ta100x20,8,4,400,0.925,0.05,3,2230803228,17000,6753,6481,6084,5.85516101,v2_avx512bw_vec32_exact_perm,39-28-69-18-72-78-22-29-31-62-12-40-87-71-90-44-56-41-27-70-73-50-91-7-64-14-81-59-93-10-25-63-9-77-19-45-1-83-32-66-17-75-98-58-6-3-23-24-67-48-57-53-37-36-33-86-68-88-43-5-15-82-16-30-52-35-51-38-21-4-84-54-100-55-61-49-74-8-60-89-80-76-46-2-65-85-79-96-11-42-92-97-99-13-95-94-34-47-26-20
Ta100x20,8,4,400,0.925,0.05,4,2230804237,17000,6752,6481,6084,5.162418441,v2_avx512bw_vec32_exact_perm,39-28-72-22-87-78-31-67-10-62-70-7-69-90-1-91-56-14-45-44-12-57-73-88-81-9-68-4-48-82-27-64-24-5-29-83-23-50-6-71-3-65-41-40-17-8-37-36-89-2-96-18-51-33-77-35-49-76-25-30-66-53-100-93-60-19-84-63-52-75-21-98-46-42-55-43-15-16-32-95-74-59-94-13-11-99-80-61-38-85-86-92-58-54-79-34-97-47-26-20
Ta100x20,8,4,400,0.925,0.05,5,2230805246,17000,6788,6481,6084,5.13836723,v2_avx512bw_vec32_exact_perm,39-62-78-87-69-73-12-22-7-64-56-90-28-72-59-68-29-44-4-70-14-31-91-21-1-9-83-71-96-58-75-36-67-57-27-88-48-37-30-18-66-15-19-43-45-51-81-25-40-5-33-89-50-53-52-2-94-93-49-98-35-60-41-17-61-6-82-74-24-13-86-16-10-77-38-8-84-63-80-76-11-55-79-100-46-23-3-65-54-92-85-32-42-95-99-34-20-97-47-26
Ta100x20,8,4,400,0.925,0.05,6,2230806255,17000,6745,6481,6084,5.835885011,v2_avx512bw_vec32_exact_perm,39-62-78-73-87-72-44-51-59-12-27-58-67-69-56-25-29-9-90-7-22-71-33-4-64-1-36-31-18-40-48-28-70-8-76-14-52-100-75-41-98-15-24-30-91-88-68-77-49-83-66-5-37-81-17-19-82-35-6-45-57-53-96-16-23-93-10-50-43-80-65-55-74-79-42-84-60-63-32-2-46-3-99-13-21-89-85-61-11-86-38-95-92-54-97-94-34-47-26-20
Ta100x20,8,4,400,0.925,0.05,7,2230807264,17000,6713,6481,6084,5.810322834,v2_avx512bw_vec32_exact_perm,39-62-78-67-72-22-91-44-59-45-73-12-69-1-83-29-24-10-9-71-48-70-14-56-81-66-87-18-28-3-7-90-57-27-96-51-88-75-5-15-33-31-6-4-93-2-77-41-50-49-17-68-25-35-84-52-36-89-54-40-63-100-8-98-53-30-76-65-74-82-16-19-46-37-99-61-21-95-80-58-11-23-55-85-43-60-86-38-92-97-32-42-13-79-64-94-34-47-26-20
Ta100x20,8,4,400,0.925,0.05,8,2230808273,17000,6763,6481,6084,5.923039388,v2_avx512bw_vec32_exact_perm,39-62-78-87-44-56-67-59-72-12-51-9-73-71-7-69-18-70-3-40-90-91-1-22-74-68-64-14-27-5-31-29-45-53-4-15-82-81-54-88-48-83-24-28-33-63-93-35-50-19-10-36-16-75-77-41-57-17-43-8-65-89-58-25-6-38-84-100-30-52-76-21-37-66-49-98-79-85-86-42-46-80-11-99-92-61-95-96-23-60-13-55-32-2-34-94-26-20-97-47
Ta100x20,8,4,400,0.925,0.05,9,2230809282,17000,6752,6481,6084,6.497208828,v2_avx512bw_vec32_exact_perm,39-62-87-78-12-72-73-90-29-51-44-59-22-18-71-68-24-45-69-91-28-56-57-31-14-70-48-17-27-81-83-88-67-9-58-3-43-7-100-15-5-35-93-98-89-41-36-64-77-65-10-75-23-4-30-25-52-79-6-61-55-80-95-53-40-8-50-66-11-1-82-74-33-19-37-63-86-96-76-49-84-60-99-32-85-46-16-21-47-38-54-13-2-34-94-42-92-97-26-20
Ta100x20,8,4,400,0.925,0.05,10,2230810291,17000,6763,6481,6084,6.763987475,v2_avx512bw_vec32_exact_perm,39-62-78-72-67-31-29-18-12-28-56-32-59-36-68-44-57-87-14-22-7-90-1-73-9-25-69-71-48-19-41-33-88-15-6-45-35-70-75-46-83-81-24-27-82-21-64-40-77-98-4-60-93-53-76-3-86-8-89-10-96-66-5-85-91-17-2-49-80-50-42-100-54-63-30-79-58-16-84-11-52-51-37-23-43-65-38-61-92-55-74-99-95-94-13-34-26-20-47-97
Ta100x20,8,4,400,0.925,0.075,1,2230801210,17000,6741,6481,6084,5.435527836,v2_avx512bw_vec32_exact_perm,39-62-78-67-59-72-36-22-87-29-73-44-51-25-56-68-57-90-14-1-31-71-10-7-70-69-19-45-93-50-91-83-81-64-88-54-28-5-58-32-27-15-66-6-9-76-16-53-49-4-40-24-100-98-18-41-52-33-23-75-30-38-2-48-61-84-35-37-89-55-17-74-43-8-82-77-65-12-80-63-85-86-3-21-11-79-13-96-99-42-95-46-94-92-34-60-47-26-20-97
Ta100x20,8,4,400,0.925,0.075,2,2230802219,17000,6773,6481,6084,5.453766921,v2_avx512bw_vec32_exact_perm,39-62-78-73-71-59-29-67-72-12-22-7-64-54-14-45-91-69-51-44-1-83-18-56-70-24-90-81-93-2-66-9-87-5-27-4-28-76-82-77-41-15-35-88-57-31-25-68-84-49-100-50-86-32-98-40-58-36-37-30-53-17-3-63-52-19-6-48-8-33-89-61-99-21-16-10-80-85-11-96-75-23-95-60-46-65-38-43-55-42-34-74-13-92-79-94-47-26-20-97
Ta100x20,8,4,400,0.925,0.075,3,2230803228,17000,6770,6481,6084,5.561714385,v2_avx512bw_vec32_exact_perm,39-62-28-72-29-22-78-31-44-68-70-51-59-67-90-56-12-14-3-69-57-87-71-33-76-1-36-27-83-5-73-25-91-41-40-65-9-100-93-81-89-18-7-60-6-98-66-15-50-88-48-19-86-30-52-45-43-99-4-77-35-24-17-58-23-10-49-37-16-75-53-55-2-80-11-82-46-85-92-96-38-79-32-8-74-63-13-54-61-95-42-84-64-21-94-34-47-97-26-20
Ta100x20,8,4,400,0.925,0.075,4,2230804237,17000,6771,6481,6084,5.415114622,v2_avx512bw_vec32_exact_perm,39-62-78-68-67-87-69-64-29-31-72-36-59-7-70-44-1-56-22-10-51-45-91-71-5-81-93-33-12-9-88-58-53-73-100-25-27-14-83-86-90-50-52-80-19-54-41-24-76-98-85-18-66-57-48-74-82-23-28-75-15-35-89-17-3-63-65-43-60-4-30-84-2-38-49-8-40-77-55-16-21-99-11-34-95-42-61-6-32-37-96-46-92-79-13-94-47-26-20-97
Ta100x20,8,4,400,0.925,0.075,5,2230805246,17000,6801,6481,6084,5.602749577,v2_avx512bw_vec32_exact_perm,39-62-87-78-68-70-29-59-72-73-12-58-67-90-51-83-14-44-45-31-64-24-56-1-18-69-22-10-33-36-15-91-76-71-57-28-25-19-53-7-9-85-23-81-5-27-3-6-49-74-88-100-48-93-96-50-35-98-77-4-17-41-61-8-75-40-2-65-43-38-82-86-66-52-16-30-21-11-80-99-89-95-63-37-60-55-54-84-46-42-92-79-32-13-34-94-97-47-26-20
Ta100x20,8,4,400,0.925,0.075,6,2230806255,17000,6723,6481,6084,5.30151902,v2_avx512bw_vec32_exact_perm,39-62-78-67-72-44-56-59-32-69-87-90-29-25-22-18-41-70-40-31-9-7-68-73-91-1-66-57-50-23-88-27-45-83-81-53-51-24-75-4-64-36-33-12-14-71-77-37-93-96-35-10-38-49-19-21-52-48-98-76-58-30-6-82-3-5-61-89-2-43-63-17-74-54-86-55-28-15-65-100-8-16-84-11-46-92-99-80-42-85-95-13-79-60-94-34-47-26-20-97
Ta100x20,8,4,400,0.925,0.075,7,2230807264,17000,6781,6481,6084,5.305819362,v2_avx512bw_vec32_exact_perm,39-62-87-22-67-72-12-78-1-44-71-69-28-59-64-51-83-33-14-56-29-31-93-70-90-18-7-45-35-75-76-36-89-98-49-27-24-17-91-5-9-15-41-6-50-73-40-8-53-25-48-65-81-58-84-88-86-19-3-11-60-66-63-57-100-30-46-21-61-82-2-4-68-77-85-16-10-23-55-52-38-43-92-54-13-37-95-94-79-80-74-96-97-47-32-34-99-42-20-26
Ta100x20,8,4,400,0.925,0.075,8,2230808273,17000,6792,6481,6084,5.347135823,v2_avx512bw_vec32_exact_perm,39-62-78-31-67-29-72-12-1-51-71-18-90-69-56-8-44-4-87-22-25-36-59-28-45-9-24-48-60-14-35-93-23-17-2-73-58-19-5-37-53-70-6-81-49-68-91-7-96-88-83-21-77-98-40-66-32-33-100-41-50-75-10-80-30-15-52-84-38-16-76-85-43-82-57-11-64-27-42-3-86-63-65-46-55-74-54-79-95-89-13-99-34-61-92-94-26-20-47-97
Ta100x20,8,4,400,0.925,0.075,9,2230809282,17000,6774,6481,6084,5.207317122,v2_avx512bw_vec32_exact_perm,39-62-78-4-72-44-22-36-67-73-56-90-31-27-51-3-87-70-81-59-14-64-48-29-24-45-12-100-7-9-76-68-1-98-15-33-91-71-57-77-83-49-41-5-89-18-88-23-97-6-58-93-61-96-35-25-10-19-40-53-28-30-82-52-17-80-50-32-63-84-2-8-43-79-66-60-38-37-34-65-46-75-85-11-55-16-21-69-99-13-42-95-74-94-92-54-86-47-26-20
Ta100x20,8,4,400,0.925,0.075,10,2230810291,17000,6740,6481,6084,5.754329902,v2_avx512bw_vec32_exact_perm,39-62-87-22-4-59-82-72-78-73-28-91-5-57-67-90-71-14-93-69-44-56-81-68-1-65-29-12-33-41-18-70-45-88-25-89-19-58-83-6-48-27-9-40-24-66-3-64-100-10-36-37-31-85-98-50-77-7-49-96-35-15-17-2-43-21-51-74-75-30-23-52-38-99-63-84-32-86-55-16-60-80-53-46-8-76-54-11-13-92-61-42-97-79-95-94-34-47-26-20
Ta100x20,8,4,400,0.925,0.1,1,2230801210,17000,6761,6481,6084,5.402314408,v2_avx512bw_vec32_exact_perm,39-28-18-62-78-72-68-45-12-4-22-1-56-7-14-29-59-87-91-31-93-90-36-81-83-27-70-49-35-71-51-44-73-67-88-24-96-17-57-19-10-77-48-89-64-53-75-25-37-52-9-95-33-69-41-58-100-50-40-98-15-5-74-82-3-21-16-63-55-11-66-30-6-79-38-8-61-43-23-86-80-76-32-13-92-2-65-60-84-94-85-42-34-20-54-99-46-97-26-47
Ta100x20,8,4,400,0.925,0.1,2,2230802219,17000,6770,6481,6084,5.138264663,v2_avx512bw_vec32_exact_perm,39-62-78-6-72-67-91-87-73-12-83-22-7-90-4-69-44-70-59-1-56-41-45-68-27-81-75-71-57-5-10-48-53-24-64-29-21-25-3-66-14-77-40-31-19-18-23-95-51-2-9-93-30-36-82-35-28-89-88-37-65-63-98-58-50-17-100-49-96-52-42-33-80-43-85-61-79-11-84-46-86-99-92-8-76-60-16-38-54-32-15-55-74-13-94-34-47-26-20-97
Ta100x20,8,4,400,0.925,0.1,3,2230803228,17000,6792,6481,6084,5.24450169,v2_avx512bw_vec32_exact_perm,39-64-62-78-71-72-44-12-73-10-67-3-59-58-5-29-56-70-27-45-36-1-90-31-87-7-2-88-91-69-22-25-51-17-81-68-93-14-96-66-35-6-18-19-53-37-48-52-9-74-57-24-83-21-63-41-95-100-15-49-11-89-65-23-28-40-13-98-75-76-79-4-33-30-46-82-8-84-43-77-85-50-55-16-99-42-61-32-94-60-80-86-54-34-92-38-47-97-26-20
Ta100x20,8,4,400,0.925,0.1,4,2230804237,17000,6761,6481,6084,5.213363059,v2_avx512bw_vec32_exact_perm,39-62-78-72-87-71-68-70-67-69-28-59-22-18-56-29-64-14-73-36-100-24-90-96-45-81-91-9-44-31-5-74-66-57-88-76-27-19-7-17-30-50-65-41-75-82-83-35-93-53-33-98-25-49-51-1-52-37-8-43-77-4-15-2-58-6-89-84-40-80-16-12-61-48-23-63-21-55-3-85-60-79-10-42-11-13-34-95-99-38-54-32-92-94-86-46-97-26-20-47
Ta100x20,8,4,400,0.925,0.1,5,2230805246,17000,6785,6481,6084,5.375759641,v2_avx512bw_vec32_exact_perm,39-62-78-67-22-87-90-14-69-71-36-59-72-9-73-33-44-3-7-68-31-56-12-51-83-88-81-91-37-27-4-29-70-28-25-49-24-96-89-48-94-6-57-18-45-64-19-16-40-1-10-21-41-93-77-58-63-15-2-75-52-53-98-35-17-32-86-23-5-66-76-30-50-11-85-100-60-38-43-84-54-80-79-74-8-42-95-65-13-55-61-82-34-99-26-92-46-20-47-97
Ta100x20,8,4,400,0.925,0.1,6,2230806255,17000,6751,6481,6084,5.090750915,v2_avx512bw_vec32_exact_perm,39-62-78-18-72-29-67-44-8-71-73-12-22-14-31-36-56-87-59-83-27-25-7-68-90-41-57-45-64-70-82-1-28-69-93-5-24-4-91-9-50-81-15-77-49-58-33-54-23-2-40-84-6-21-53-63-89-60-35-48-19-10-74-99-3-100-98-75-16-86-88-37-51-52-42-76-65-30-17-61-85-46-43-80-95-13-32-55-66-79-11-38-96-94-92-34-47-26-20-97
Ta100x20,8,4,400,0.925,0.1,7,2230807264,17000,6718,6481,6084,5.209115548,v2_avx512bw_vec32_exact_perm,39-62-87-78-73-12-58-7-22-70-15-67-72-44-90-59-29-64-69-3-45-51-50-1-6-31-4-27-56-14-9-71-83-49-91-88-74-98-75-18-94-24-25-57-41-65-81-28-48-5-89-36-86-53-52-17-46-100-68-23-10-35-84-93-66-76-8-77-33-16-43-19-40-96-82-21-63-55-85-80-11-32-13-30-60-38-61-95-2-99-37-79-92-42-54-34-47-97-26-20
Ta100x20,8,4,400,0.925,0.1,8,2230808273,17000,6808,6481,6084,5.169370926,v2_avx512bw_vec32_exact_perm,39-62-78-71-14-31-67-87-90-36-72-22-28-56-73-27-59-70-68-91-29-60-5-44-83-45-41-93-88-4-75-81-1-64-51-15-89-65-69-3-18-57-66-9-74-37-24-7-10-19-76-25-77-17-35-52-8-98-58-23-100-82-49-53-30-55-6-80-43-63-96-33-40-16-48-50-84-46-42-32-38-21-86-95-61-13-11-85-20-2-79-92-54-99-12-34-94-26-97-47
Ta100x20,8,4,400,0.925,0.1,9,2230809282,17000,6784,6481,6084,5.231035228,v2_avx512bw_vec32_exact_perm,39-62-78-90-87-51-59-12-73-28-91-72-67-44-22-36-14-83-9-64-68-48-81-29-1-24-71-8-33-56-30-69-19-70-27-35-93-53-45-95-40-88-82-25-57-7-10-77-37-98-5-66-15-89-74-50-4-16-2-31-17-100-85-55-49-52-46-43-75-23-84-6-32-63-96-41-18-58-76-65-92-11-86-3-38-54-99-80-34-42-60-13-79-61-21-94-97-20-26-47
Ta100x20,8,4,400,0.925,0.1,10,2230810291,17000,6799,6481,6084,5.401784598,v2_avx512bw_vec32_exact_perm,39-62-78-67-72-58-59-51-18-90-44-25-1-87-69-68-14-12-22-56-100-73-71-48-7-83-29-27-15-24-91-31-37-8-96-60-41-36-88-9-64-17-98-19-66-35-5-40-81-53-70-28-93-3-45-6-43-49-4-50-77-57-89-30-61-38-13-16-11-21-74-84-10-82-85-75-63-46-92-76-33-54-34-23-65-52-32-86-79-80-20-42-95-94-2-55-99-97-26-47
Ta100x20,8,4,400,0.925,0.125,1,2230801210,17000,6758,6481,6084,6.674609723,v2_avx512bw_vec32_exact_perm,39-62-78-67-45-71-22-59-72-44-87-56-29-70-18-12-35-7-73-91-1-93-68-76-90-69-31-83-3-94-57-81-5-48-15-6-49-9-52-58-25-98-28-40-37-24-41-96-74-100-33-61-8-14-27-23-10-19-16-17-43-65-50-88-53-75-30-36-4-63-64-77-79-32-89-13-11-46-55-66-99-80-21-51-84-95-38-54-82-42-60-92-2-85-86-26-34-47-97-20
Ta100x20,8,4,400,0.925,0.125,2,2230802219,17000,6798,6481,6084,6.110002239,v2_avx512bw_vec32_exact_perm,39-62-78-87-7-72-59-22-44-29-12-4-71-1-36-19-56-18-90-67-91-14-17-31-77-69-51-93-45-8-68-70-9-35-50-40-37-53-98-82-88-27-58-100-25-81-28-66-64-41-96-5-83-38-76-52-48-42-21-60-16-2-75-46-65-86-57-84-30-73-15-85-89-6-49-32-63-24-10-23-3-95-80-43-55-33-26-54-11-13-79-92-97-61-74-94-34-99-20-47
Ta100x20,8,4,400,0.925,0.125,3,2230803228,17000,6793,6481,6084,5.585668226,v2_avx512bw_vec32_exact_perm,39-62-28-72-78-29-1-73-44-70-12-22-36-4-67-90-56-18-59-74-91-17-58-87-7-71-31-5-57-64-25-68-40-83-53-30-82-9-27-37-93-14-69-45-75-24-49-51-96-80-2-41-6-81-52-33-61-100-89-88-46-35-77-10-63-16-98-3-48-86-38-19-43-50-8-42-32-76-21-15-54-79-85-23-65-66-11-84-99-92-13-34-60-95-94-55-26-20-47-97
Ta100x20,8,4,400,0.925,0.125,4,2230804237,17000,6809,6481,6084,5.628879205,v2_avx512bw_vec32_exact_perm,39-62-87-72-12-78-73-22-28-9-56-58-44-70-90-67-51-25-10-81-59-83-7-41-1-29-68-18-69-14-27-66-93-5-24-91-2-71-75-45-31-64-49-4-35-88-36-65-15-52-19-77-30-17-57-53-32-23-40-96-61-8-3-33-50-89-6-38-48-98-76-16-94-100-63-21-11-85-84-43-86-92-42-46-60-79-37-80-95-99-74-54-34-13-82-55-47-26-20-97
Ta100x20,8,4,400,0.925,0.125,5,2230805246,17000,6757,6481,6084,5.759076502,v2_avx512bw_vec32_exact_perm,39-62-22-68-72-67-69-87-12-70-73-83-10-33-78-51-7-29-58-25-71-59-44-90-36-45-37-1-31-57-48-81-27-91-56-80-6-75-30-49-88-9-96-66-52-24-38-35-4-50-14-18-100-40-5-41-74-86-64-89-43-19-17-8-61-28-21-60-82-79-98-3-53-23-11-84-54-93-32-2-63-77-85-16-15-76-65-34-13-95-46-92-94-99-55-26-42-20-97-47
Ta100x20,8,4,400,0.925,0.125,6,2230806255,17000,6783,6481,6084,5.980860193,v2_avx512bw_vec32_exact_perm,39-18-62-87-72-59-29-22-78-46-69-73-54-12-56-91-76-7-28-68-44-66-88-1-49-83-81-90-31-24-96-100-36-93-67-14-9-82-64-51-45-41-52-71-5-57-23-70-27-2-84-30-63-35-89-48-50-25-10-43-58-33-53-61-75-8-42-6-19-11-16-80-34-17-77-99-37-40-98-15-85-60-79-92-4-95-3-38-21-86-65-94-32-13-74-55-26-20-47-97
Ta100x20,8,4,400,0.925,0.125,7,2230807264,17000,6737,6481,6084,5.731906365,v2_avx512bw_vec32_exact_perm,39-62-78-73-90-22-72-87-44-7-91-29-36-25-67-4-59-12-71-45-81-31-56-93-14-10-49-70-33-27-9-74-53-83-51-24-28-18-68-88-82-1-5-57-16-8-89-96-66-77-40-52-69-30-17-41-75-19-6-80-65-3-98-100-50-76-23-84-86-48-63-15-58-95-21-35-99-38-43-79-61-37-54-11-55-46-32-42-92-64-2-85-94-60-13-34-47-26-20-97
Ta100x20,8,4,400,0.925,0.125,8,2230808273,17000,6812,6481,6084,5.509383053,v2_avx512bw_vec32_exact_perm,39-87-78-62-22-72-68-59-91-44-56-51-97-71-12-45-70-35-29-77-83-27-4-57-31-28-41-18-69-14-58-1-15-81-64-24-9-16-98-17-73-88-33-48-7-96-90-93-21-40-67-5-8-10-50-23-49-36-61-3-6-53-25-89-30-100-79-66-82-63-80-95-74-76-37-46-85-52-86-42-19-43-11-75-34-99-32-84-38-92-54-2-65-60-13-94-26-55-20-47
Ta100x20,8,4,400,0.925,0.125,9,2230809282,17000,6789,6481,6084,5.962889562,v2_avx512bw_vec32_exact_perm,39-28-72-22-87-33-10-62-78-18-68-51-56-67-70-59-93-44-29-25-6-27-1-12-45-58-91-50-7-57-71-31-5-69-52-75-9-19-14-77-96-66-73-37-88-41-83-35-89-81-40-30-54-36-4-48-49-43-92-53-82-15-90-23-24-64-17-98-21-61-8-11-76-16-38-100-3-63-85-46-86-74-32-79-2-13-60-42-95-80-84-26-99-34-65-55-94-97-20-47
Ta100x20,8,4,400,0.925,0.125,10,2230810291,17000,6802,6481,6084,6.392409437,v2_avx512bw_vec32_exact_perm,39-62-67-59-72-87-10-78-22-44-51-45-14-24-16-19-91-56-70-71-4-77-9-58-12-33-74-68-73-88-69-27-31-29-90-57-50-40-53-89-41-98-18-7-75-25-37-81-64-36-96-3-17-38-48-83-1-11-21-49-5-63-15-82-6-54-43-23-35-66-76-8-100-97-30-93-86-52-55-85-60-28-61-80-79-84-95-26-99-65-42-46-13-92-2-20-32-34-94-47
Ta100x20,8,4,400,0.9625,0.025,1,2230801210,17000,6783,6481,6084,6.357075102,v2_avx512bw_vec32_exact_perm,39-62-87-78-44-12-72-71-22-45-83-81-7-53-64-32-59-91-51-69-24-31-18-28-56-68-57-70-27-67-29-5-19-4-25-35-93-3-73-14-41-75-90-17-16-36-15-30-65-74-49-40-9-37-77-6-89-66-33-1-63-84-50-10-48-8-60-100-88-21-76-23-52-38-98-82-43-79-2-58-86-13-80-92-99-96-61-11-85-46-42-54-95-34-94-55-26-20-47-97
Ta100x20,8,4,400,0.9625,0.025,2,2230802219,17000,6783,6481,6084,5.833127616,v2_avx512bw_vec32_exact_perm,39-62-78-72-44-73-22-12-83-67-59-51-57-68-3-4-60-6-56-87-88-70-71-31-69-18-28-14-45-90-91-27-58-29-100-81-24-1-48-40-7-9-5-15-10-25-23-53-77-82-30-89-17-33-36-19-80-35-52-79-85-64-41-93-50-37-65-98-21-16-49-63-32-84-74-8-86-46-76-61-54-11-42-75-43-99-92-96-38-66-13-95-94-34-55-2-20-97-26-47
Ta100x20,8,4,400,0.9625,0.025,3,2230803228,17000,6744,6481,6084,6.093356899,v2_avx512bw_vec32_exact_perm,39-28-72-10-78-44-73-62-22-29-83-87-1-69-12-7-51-68-5-31-27-91-40-70-59-56-64-33-24-61-6-58-14-67-90-71-9-25-77-18-17-45-57-88-41-75-81-46-21-36-3-2-19-96-89-48-93-65-23-37-55-35-52-76-100-50-53-98-16-79-66-30-85-80-43-38-49-4-11-82-84-15-13-60-99-74-92-8-54-63-32-97-42-34-86-95-94-26-20-47
Ta100x20,8,4,400,0.9625,0.025,4,2230804237,17000,6755,6481,6084,6.591009054,v2_avx512bw_vec32_exact_perm,39-28-10-69-68-22-62-87-78-90-12-71-7-72-29-44-59-18-51-14-70-73-1-67-56-15-58-40-45-91-24-5-31-88-27-83-57-65-93-81-53-64-3-48-23-98-41-77-9-4-49-25-17-36-52-76-89-21-84-33-86-35-50-63-74-19-66-100-75-95-94-6-80-30-16-38-11-42-54-37-96-99-43-55-2-82-61-8-60-85-46-92-32-34-13-79-47-26-20-97
Ta100x20,8,4,400,0.9625,0.025,5,2230805246,17000,6779,6481,6084,6.386648472,v2_avx512bw_vec32_exact_perm,39-62-78-22-73-71-72-69-87-59-70-12-68-14-66-25-44-4-81-58-91-83-6-36-45-9-18-52-90-29-56-74-31-27-50-1-2-40-16-57-7-24-19-5-46-51-67-10-33-75-28-88-82-96-86-93-89-30-55-77-3-41-15-63-23-76-65-100-53-35-84-48-98-21-49-80-37-85-11-99-61-17-95-60-8-79-43-54-13-32-34-38-92-94-64-42-47-26-20-97
Ta100x20,8,4,400,0.9625,0.025,6,2230806255,17000,6728,6481,6084,6.648019566,v2_avx512bw_vec32_exact_perm,39-62-78-67-72-44-59-6-22-29-56-12-87-45-73-51-71-31-90-5-57-41-9-69-18-74-83-36-58-25-82-7-70-28-52-15-75-30-64-88-14-89-24-96-77-35-68-27-2-33-4-1-19-91-40-8-93-61-21-100-81-37-17-98-48-50-65-94-84-63-32-49-85-53-23-55-43-16-42-10-60-80-11-86-46-3-54-92-95-76-66-13-99-38-34-79-26-20-47-97
Ta100x20,8,4,400,0.9625,0.025,7,2230807264,17000,6776,6481,6084,6.201013524,v2_avx512bw_vec32_exact_perm,39-62-78-87-22-29-68-12-73-67-72-88-71-70-44-41-77-59-57-7-45-31-90-18-66-51-69-25-33-56-24-81-91-9-28-75-19-64-27-14-1-83-93-10-65-76-6-58-100-30-3-4-23-5-85-98-15-52-74-42-35-49-50-96-80-2-53-95-40-16-63-82-36-37-11-17-60-21-61-84-48-32-89-99-43-38-8-94-86-54-34-46-79-92-13-55-47-26-20-97
Ta100x20,8,4,400,0.9625,0.025,8,2230808273,17000,6750,6481,6084,6.142952235,v2_avx512bw_vec32_exact_perm,39-62-87-78-59-36-22-7-12-72-64-44-90-67-69-29-71-51-96-91-83-73-45-6-81-3-93-14-66-1-70-41-5-98-17-57-24-56-68-9-31-27-74-65-33-19-50-53-18-40-60-77-28-82-8-25-38-15-4-49-16-21-88-2-35-75-23-63-30-10-32-48-43-52-76-89-58-86-80-100-61-84-54-85-46-11-55-42-37-92-95-94-13-34-79-99-47-26-20-97
Ta100x20,8,4,400,0.9625,0.025,9,2230809282,17000,6729,6481,6084,5.952532959,v2_avx512bw_vec32_exact_perm,39-62-28-72-78-22-73-90-44-4-51-27-29-12-45-59-71-56-67-14-81-69-68-18-31-76-70-5-21-9-66-1-7-25-83-36-19-91-24-87-2-96-88-35-41-100-8-40-30-75-93-65-60-52-63-17-6-50-98-58-48-10-23-77-57-16-53-37-84-82-80-86-33-92-61-55-74-85-43-3-54-49-11-46-38-99-89-79-64-32-15-13-42-95-94-34-47-26-20-97
Ta100x20,8,4,400,0.9625,0.025,10,2230810291,17000,6784,6481,6084,6.798048675,v2_avx512bw_vec32_exact_perm,39-28-78-31-22-44-62-71-36-67-12-59-69-45-87-51-72-29-56-68-18-48-27-4-70-58-14-82-73-81-25-40-1-100-19-91-96-83-64-90-57-88-9-24-49-37-41-7-10-30-60-77-98-89-5-75-93-52-80-23-21-16-50-53-84-63-15-2-54-35-65-99-79-74-33-17-66-8-76-11-38-43-85-61-3-6-86-55-26-32-92-13-95-46-42-20-94-34-47-97
Ta100x20,8,4,400,0.9625,0.05,1,2230801210,17000,6782,6481,6084,6.002175277,v2_avx512bw_vec32_exact_perm,39-22-62-87-72-68-78-44-56-51-18-67-12-58-28-27-66-5-69-24-59-81-90-64-29-71-70-14-88-9-31-36-45-7-15-91-21-65-83-4-76-57-23-30-96-49-77-73-1-93-2-37-33-82-32-41-89-17-43-16-50-60-52-100-98-19-40-63-48-6-10-80-75-11-35-8-53-95-38-13-25-54-85-61-34-79-97-74-55-42-86-3-46-84-99-92-26-94-20-47
Ta100x20,8,4,400,0.9625,0.05,2,2230802219,17000,6796,6481,6084,6.205515764,v2_avx512bw_vec32_exact_perm,39-28-22-87-72-70-78-67-29-74-59-90-62-24-31-12-1-14-56-6-25-36-10-71-69-93-45-7-9-44-5-58-50-53-33-81-27-83-64-75-91-73-96-88-68-86-66-30-40-52-57-65-41-63-48-4-76-100-84-18-8-35-38-95-19-17-89-51-77-85-98-49-80-37-55-21-11-23-43-34-61-99-16-82-15-32-42-46-2-92-60-3-94-54-13-79-47-26-20-97
Ta100x20,8,4,400,0.9625,0.05,3,2230803228,17000,6784,6481,6084,6.475158285,v2_avx512bw_vec32_exact_perm,39-62-72-87-67-69-22-71-44-59-83-12-74-90-78-24-14-77-15-51-31-56-64-91-5-73-7-70-29-9-4-25-40-68-41-1-33-88-76-57-89-18-45-48-27-21-98-65-35-63-100-17-49-6-3-96-81-93-28-58-60-23-36-19-16-82-30-43-61-52-86-10-53-79-66-80-75-38-54-99-42-50-11-8-2-37-32-34-84-85-46-95-13-92-94-55-26-20-47-97
Ta100x20,8,4,400,0.9625,0.05,4,2230804237,17000,6774,6481,6084,6.351860005,v2_avx512bw_vec32_exact_perm,39-62-78-10-67-72-87-77-69-36-44-56-90-22-71-59-57-17-12-51-29-14-18-91-24-83-73-64-27-68-25-7-81-9-52-45-75-4-3-88-28-60-31-5-100-41-93-76-8-49-70-33-98-50-40-53-16-23-43-30-89-66-19-6-48-1-38-58-15-65-80-95-35-2-82-21-74-85-37-55-61-79-99-63-32-84-94-11-96-46-54-13-86-47-92-42-34-97-26-20
Ta100x20,8,4,400,0.9625,0.05,5,2230805246,17000,6759,6481,6084,6.985738543,v2_avx512bw_vec32_exact_perm,39-62-78-73-4-44-67-72-90-12-7-18-69-87-25-91-41-56-51-1-14-9-83-68-93-70-45-3-59-6-29-64-88-22-58-27-57-37-71-10-81-5-49-28-75-24-40-100-52-31-61-53-50-11-30-33-98-36-66-77-82-19-35-65-8-76-21-96-43-48-80-84-79-63-89-16-55-85-46-38-92-60-17-23-99-74-42-95-32-15-2-86-13-54-94-34-47-26-20-97
Ta100x20,8,4,400,0.9625,0.05,6,2230806255,17000,6793,6481,6084,6.392580481,v2_avx512bw_vec32_exact_perm,39-28-31-22-12-87-56-71-72-78-10-62-36-68-58-4-6-25-67-18-69-27-44-83-29-14-24-70-91-9-23-45-59-51-90-76-96-7-41-75-93-5-53-19-21-33-57-81-1-73-64-88-48-37-89-40-98-77-30-16-49-52-38-35-84-66-50-15-100-92-63-55-43-8-82-65-85-80-2-11-95-61-32-54-60-79-74-13-17-3-46-42-86-94-97-34-99-47-26-20
Ta100x20,8,4,400,0.9625,0.05,7,2230807264,17000,6769,6481,6084,5.913744315,v2_avx512bw_vec32_exact_perm,39-62-58-87-78-72-59-22-4-12-68-90-7-69-18-44-5-36-29-74-56-67-70-27-31-91-48-28-14-89-19-9-6-71-66-45-64-57-73-81-30-96-49-24-93-88-83-100-21-1-98-25-52-43-3-86-50-8-17-2-32-15-77-63-51-65-61-35-41-82-10-85-75-84-33-76-80-60-53-16-42-46-11-13-38-37-40-95-55-54-23-79-94-92-99-97-34-47-26-20
Ta100x20,8,4,400,0.9625,0.05,8,2230808273,17000,6767,6481,6084,6.200425596,v2_avx512bw_vec32_exact_perm,39-62-87-72-78-22-12-18-51-44-10-29-74-71-14-7-59-9-69-81-70-73-25-28-64-19-41-58-52-36-90-66-75-83-31-56-96-93-45-67-1-5-4-50-65-57-88-49-27-17-35-91-68-6-15-40-48-24-99-23-53-89-98-55-100-33-30-16-85-63-76-77-61-82-21-37-46-79-86-11-80-84-3-60-43-92-8-54-42-2-13-95-32-38-94-34-26-20-47-97
Ta100x20,8,4,400,0.9625,0.05,9,2230809282,17000,6779,6481,6084,6.206689325,v2_avx512bw_vec32_exact_perm,39-62-22-87-78-73-72-90-18-12-56-69-7-59-67-51-44-31-3-5-6-24-29-91-71-9-45-25-14-88-54-76-4-77-27-30-70-93-35-23-15-98-82-66-57-48-68-53-96-58-28-33-1-49-89-41-85-81-17-19-36-16-99-100-50-11-80-84-52-83-40-8-61-63-74-75-21-64-92-46-43-38-95-10-42-79-13-65-37-60-94-86-34-32-2-47-26-55-20-97
Ta100x20,8,4,400,0.9625,0.05,10,2230810291,17000,6807,6481,6084,5.955800204,v2_avx512bw_vec32_exact_perm,39-62-56-78-58-87-36-59-71-14-22-18-90-72-70-29-81-44-91-12-67-41-73-17-33-99-74-45-25-27-50-69-31-68-24-83-88-4-77-65-96-48-7-98-100-35-5-51-89-28-30-93-57-1-19-10-40-6-15-61-21-52-37-49-8-85-9-75-64-53-82-3-80-79-63-16-23-92-76-13-43-55-2-11-46-66-54-60-42-86-84-95-38-32-20-97-34-94-47-26
Ta100x20,8,4,400,0.9625,0.075,1,2230801210,17000,6813,6481,6084,5.87278802,v2_avx512bw_vec32_exact_perm,39-67-12-22-78-73-62-59-72-36-28-87-69-7-57-44-90-41-70-1-88-71-91-81-10-45-53-25-51-27-56-14-19-83-77-16-35-68-9-74-4-18-2-31-24-50-29-21-5-64-63-58-15-75-6-11-23-55-48-33-98-49-66-3-96-95-17-89-37-93-61-43-40-82-80-8-76-100-86-54-85-30-60-52-65-13-79-84-99-32-38-46-92-94-42-34-97-47-26-20
Ta100x20,8,4,400,0.9625,0.075,2,2230802219,17000,6817,6481,6084,5.782817375,v2_avx512bw_vec32_exact_perm,39-28-78-87-72-18-22-6-45-44-62-73-12-7-56-90-67-51-91-29-25-59-70-31-40-5-71-14-64-3-33-81-69-68-9-57-75-37-88-41-98-82-1-30-38-100-60-10-74-89-54-24-19-58-36-93-96-43-49-48-27-83-77-16-35-23-17-2-95-50-63-52-4-15-53-46-13-8-99-76-11-34-84-61-21-80-65-85-86-66-55-32-42-92-79-26-94-20-97-47
Ta100x20,8,4,400,0.9625,0.075,3,2230803228,17000,6766,6481,6084,5.893841038,v2_avx512bw_vec32_exact_perm,39-62-78-73-12-22-36-18-56-69-59-87-72-67-14-90-29-9-25-44-24-71-83-4-27-48-51-81-45-64-91-70-68-7-41-40-16-10-57-1-31-3-100-66-74-75-89-5-19-30-63-6-60-88-23-58-49-65-98-50-61-28-52-2-21-86-35-15-76-85-77-93-43-38-17-8-82-42-55-80-11-96-33-37-53-32-79-13-54-84-99-95-46-34-92-94-47-26-20-97
Ta100x20,8,4,400,0.9625,0.075,4,2230804237,17000,6793,6481,6084,5.92230322,v2_avx512bw_vec32_exact_perm,39-62-22-87-72-78-18-36-68-71-67-44-59-69-51-90-7-12-29-9-83-14-73-35-24-91-40-98-53-70-96-33-25-45-88-1-4-66-27-64-3-93-19-41-58-8-23-28-100-81-52-57-6-15-63-37-82-49-48-89-84-50-10-76-30-5-77-32-79-31-16-65-46-61-38-85-21-56-86-2-17-75-80-11-95-94-34-13-54-43-60-92-99-55-42-74-97-26-20-47
Ta100x20,8,4,400,0.9625,0.075,5,2230805246,17000,6758,6481,6084,5.78183378,v2_avx512bw_vec32_exact_perm,39-62-78-51-87-72-67-70-12-22-57-73-18-69-77-71-27-29-56-90-44-59-81-45-28-64-41-4-5-7-31-14-40-3-83-49-88-9-36-19-16-68-33-74-1-35-15-91-93-58-89-24-98-96-30-21-79-10-75-61-25-100-38-53-52-6-50-8-48-37-2-63-84-54-55-11-23-65-82-17-76-86-32-99-43-66-80-60-92-85-46-13-42-95-94-34-47-26-20-97
Ta100x20,8,4,400,0.9625,0.075,6,2230806255,17000,6769,6481,6084,5.713652509,v2_avx512bw_vec32_exact_perm,39-62-78-72-87-44-12-73-14-29-18-69-70-67-91-59-90-65-50-41-10-51-22-71-25-27-24-45-81-36-3-56-9-48-5-40-7-30-31-57-68-83-17-6-88-64-16-49-19-28-66-76-60-98-23-4-35-2-93-75-77-8-86-84-53-74-100-52-33-1-63-58-21-54-15-61-38-85-80-32-11-55-82-37-96-43-89-46-26-13-42-34-92-95-79-99-94-20-97-47
Ta100x20,8,4,400,0.9625,0.075,7,2230807264,17000,6792,6481,6084,5.98411112,v2_avx512bw_vec32_exact_perm,39-62-78-56-72-31-22-29-59-87-44-12-69-58-67-9-53-24-25-40-88-71-45-3-18-51-64-6-91-90-14-76-68-4-83-37-81-27-41-96-36-75-93-7-15-73-49-10-33-77-5-89-57-16-1-70-82-95-23-17-2-48-100-52-66-50-86-28-42-60-19-21-63-98-85-35-30-43-65-79-46-94-8-99-38-84-74-32-80-55-61-92-11-13-54-34-47-26-20-97
Ta100x20,8,4,400,0.9625,0.075,8,2230808273,17000,6788,6481,6084,5.606972587,v2_avx512bw_vec32_exact_perm,39-62-78-73-90-72-36-59-87-12-7-25-22-91-69-29-19-44-14-9-58-24-64-40-71-10-76-45-35-27-81-1-68-70-65-48-55-31-50-93-88-52-83-18-15-6-56-57-51-98-77-67-89-100-41-28-75-74-30-5-46-37-16-49-53-61-96-23-33-84-66-82-86-63-21-11-38-43-92-17-3-54-8-60-79-99-13-32-4-85-80-2-94-95-42-97-34-26-20-47
Ta100x20,8,4,400,0.9625,0.075,9,2230809282,17000,6777,6481,6084,5.600947957,v2_avx512bw_vec32_exact_perm,39-62-78-67-12-22-72-68-69-28-31-91-14-51-83-9-24-25-71-64-4-73-44-93-57-56-87-1-45-70-7-19-29-27-59-48-58-6-75-36-17-18-65-23-41-88-10-50-5-82-74-49-98-90-100-89-16-53-52-84-30-33-81-66-40-80-15-76-42-85-43-77-35-79-38-96-95-63-61-3-37-60-11-21-86-54-94-8-32-55-2-99-46-13-34-92-47-26-20-97
Ta100x20,8,4,400,0.9625,0.075,10,2230810291,17000,6773,6481,6084,5.518124909,v2_avx512bw_vec32_exact_perm,39-62-73-87-22-78-59-72-44-68-1-69-21-56-25-53-6-90-4-29-91-12-33-18-57-45-9-70-48-7-5-31-71-58-65-81-93-83-96-88-66-98-50-35-75-64-74-67-11-17-41-14-40-27-60-89-10-100-36-23-30-52-16-77-19-84-24-61-32-63-2-37-28-85-55-82-15-51-80-49-8-43-95-42-13-76-38-86-79-54-3-46-92-99-34-94-97-20-26-47
Ta100x20,8,4,400,0.9625,0.1,1,2230801210,17000,6774,6481,6084,5.950644863,v2_avx512bw_vec32_exact_perm,39-62-78-10-51-71-67-44-81-22-68-91-87-14-72-70-69-18-56-58-83-1-12-28-59-45-41-29-77-40-64-31-7-19-9-90-88-89-15-25-3-33-53-27-35-36-73-85-24-43-76-17-48-23-98-82-65-93-100-5-49-4-52-21-57-55-42-75-86-50-66-8-2-84-16-63-6-32-96-79-46-61-74-37-80-95-38-30-11-99-92-60-54-13-94-34-47-97-26-20
Ta100x20,8,4,400,0.9625,0.1,2,2230802219,17000,6812,6481,6084,6.11590544,v2_avx512bw_vec32_exact_perm,39-62-28-69-10-83-72-87-12-29-44-90-56-78-73-67-91-1-31-22-57-36-71-3-7-59-93-17-64-45-70-14-58-49-98-27-61-51-9-4-25-18-19-77-68-35-88-23-6-100-76-52-89-33-8-48-16-50-43-5-96-66-86-74-53-75-40-15-99-81-41-21-2-65-63-79-95-60-94-54-80-38-82-85-11-84-24-55-37-32-46-13-34-92-30-42-47-97-26-20
Ta100x20,8,4,400,0.9625,0.1,3,2230803228,17000,6792,6481,6084,6.054570558,v2_avx512bw_vec32_exact_perm,39-62-78-72-22-44-7-73-69-87-12-2-59-90-18-29-41-40-93-67-56-35-45-31-70-14-66-9-58-27-36-91-25-15-54-28-57-71-5-76-17-19-89-24-83-88-65-81-77-30-48-3-51-6-75-8-98-21-4-55-86-53-49-68-16-1-23-85-74-10-100-50-52-42-64-96-38-43-80-61-82-60-11-32-79-63-37-95-46-84-33-92-13-99-94-34-26-20-47-97
Ta100x20,8,4,400,0.9625,0.1,4,2230804237,17000,6797,6481,6084,6.079752477,v2_avx512bw_vec32_exact_perm,39-62-78-73-59-44-72-28-51-27-90-67-29-87-69-31-56-68-22-93-12-70-18-7-54-83-57-81-71-15-88-30-65-33-35-14-36-3-17-45-91-49-1-53-4-64-24-5-77-48-9-89-100-6-63-16-8-41-42-75-21-61-25-2-19-52-66-58-84-40-37-98-85-46-60-86-43-76-96-55-82-74-10-23-11-95-13-32-38-99-50-79-80-92-97-94-34-47-26-20
Ta100x20,8,4,400,0.9625,0.1,5,2230805246,17000,6783,6481,6084,5.653622177,v2_avx512bw_vec32_exact_perm,39-62-78-73-10-59-87-72-67-69-44-29-31-1-36-90-4-12-3-56-93-18-45-77-91-81-5-96-88-21-9-22-71-51-7-28-57-19-14-75-41-83-58-68-70-35-98-17-2-24-53-40-25-30-27-76-46-100-89-33-50-74-8-6-48-63-52-64-55-65-61-15-23-60-86-49-38-82-85-16-11-80-43-32-79-37-94-54-99-42-95-13-34-92-66-84-26-20-47-97
Ta100x20,8,4,400,0.9625,0.1,6,2230806255,17000,6790,6481,6084,5.88398217,v2_avx512bw_vec32_exact_perm,39-62-87-4-22-72-71-78-1-44-12-67-56-7-83-68-91-31-51-18-59-90-70-28-53-25-81-36-48-69-93-29-24-65-30-9-58-88-27-45-14-32-15-98-73-3-40-49-52-96-66-5-37-38-17-99-100-75-35-50-84-41-57-89-6-2-60-77-19-82-8-16-10-23-63-54-33-74-80-86-43-13-79-95-21-55-61-85-11-46-76-64-42-34-92-47-97-94-20-26
Ta100x20,8,4,400,0.9625,0.1,7,2230807264,17000,6809,6481,6084,5.959006198,v2_avx512bw_vec32_exact_perm,39-62-28-72-78-12-29-67-90-36-91-22-4-59-56-64-9-45-73-60-71-48-70-100-14-44-7-27-33-74-18-24-98-87-69-83-5-96-77-89-57-21-30-66-3-1-81-31-37-19-6-52-51-10-50-23-25-86-68-49-75-53-58-35-43-61-79-17-65-11-41-55-8-84-88-40-93-32-63-82-80-54-38-76-85-92-46-15-2-42-16-13-94-26-95-99-20-34-47-97
Ta100x20,8,4,400,0.9625,0.1,8,2230808273,17000,6793,6481,6084,6.185403977,v2_avx512bw_vec32_exact_perm,39-62-78-73-69-7-72-31-90-22-36-87-91-12-1-56-44-71-81-33-88-59-67-70-29-64-27-41-4-3-19-76-57-54-14-24-23-66-2-83-9-96-45-74-93-10-75-48-6-35-5-30-68-25-58-51-17-18-53-100-61-77-63-86-82-65-40-37-32-15-21-80-43-8-60-49-79-89-85-84-52-16-38-98-50-11-46-42-99-13-95-55-28-26-94-34-92-47-20-97
Ta100x20,8,4,400,0.9625,0.1,9,2230809282,17000,6774,6481,6084,6.187981631,v2_avx512bw_vec32_exact_perm,39-62-78-72-22-12-29-28-71-51-10-69-7-70-87-90-91-4-32-57-59-67-66-9-14-37-25-24-81-56-44-88-73-5-45-27-15-21-19-1-83-68-98-100-93-31-64-48-36-40-18-85-96-6-38-41-76-30-49-63-43-75-35-52-79-65-50-3-58-80-86-77-2-17-89-61-53-16-60-33-42-82-55-11-84-8-74-13-92-46-95-54-34-23-94-26-99-97-20-47
Ta100x20,8,4,400,0.9625,0.1,10,2230810291,17000,6797,6481,6084,6.486585721,v2_avx512bw_vec32_exact_perm,39-62-78-87-36-59-22-28-72-44-31-81-9-88-12-29-3-56-90-18-14-66-70-58-30-67-7-19-73-91-49-25-1-57-4-27-52-51-98-24-45-15-100-33-69-71-41-50-40-16-6-38-76-83-96-65-77-5-55-93-35-60-43-74-82-80-63-53-37-84-89-46-48-86-68-8-2-92-17-10-61-85-95-75-21-23-54-11-64-42-79-99-34-13-47-32-94-26-20-97
Ta100x20,8,4,400,0.9625,0.125,1,2230801210,17000,6821,6481,6084,5.439492921,v2_avx512bw_vec32_exact_perm,39-67-68-78-1-90-72-4-91-70-44-62-74-59-71-100-22-81-9-7-36-76-31-14-24-12-66-56-45-18-94-27-64-48-35-28-69-88-8-5-50-11-73-33-75-6-54-51-19-83-21-29-96-93-17-98-15-77-52-25-79-53-23-10-41-80-63-58-60-57-99-42-89-40-30-95-3-65-49-13-85-46-34-37-32-84-38-82-16-43-61-86-97-26-87-2-92-47-55-20
Ta100x20,8,4,400,0.9625,0.125,2,2230802219,17000,6773,6481,6084,5.290370156,v2_avx512bw_vec32_exact_perm,39-62-78-71-67-59-72-22-53-27-44-51-56-18-90-41-69-58-68-29-25-12-45-33-93-4-70-30-60-7-83-82-10-14-57-48-24-81-40-1-65-63-15-19-11-87-88-31-66-77-35-9-91-76-36-100-8-5-96-73-3-17-75-49-23-6-50-89-16-52-98-28-74-37-86-46-85-54-43-79-21-61-38-95-94-64-2-80-55-13-42-84-99-92-32-34-47-26-97-20
Ta100x20,8,4,400,0.9625,0.125,3,2230803228,17000,6795,6481,6084,5.173176114,v2_avx512bw_vec32_exact_perm,39-62-78-67-87-70-72-31-44-28-51-12-59-69-29-68-48-58-91-22-81-71-73-6-14-75-5-36-18-10-64-15-83-56-7-25-24-88-19-45-96-27-32-33-38-30-93-37-21-52-16-90-100-85-4-9-50-77-41-84-98-1-65-76-57-17-66-23-40-3-80-53-82-49-11-35-89-8-86-43-42-60-55-2-63-61-74-95-46-79-54-13-99-92-94-34-47-26-20-97
Ta100x20,8,4,400,0.9625,0.125,4,2230804237,17000,6788,6481,6084,5.407879605,v2_avx512bw_vec32_exact_perm,39-62-78-67-91-31-72-56-41-22-5-12-7-18-29-83-90-51-87-59-93-44-65-71-10-36-45-27-17-1-66-69-81-58-37-9-57-28-89-96-14-68-24-64-70-48-3-25-88-49-40-100-61-4-50-21-19-30-33-98-8-77-6-76-35-38-43-52-53-73-80-75-84-23-11-85-54-63-74-82-55-46-32-16-79-26-42-95-13-15-86-92-99-2-60-94-34-20-47-97
Ta100x20,8,4,400,0.9625,0.125,5,2230805246,17000,6781,6481,6084,5.495206794,v2_avx512bw_vec32_exact_perm,39-28-22-69-67-72-78-62-71-12-59-51-64-90-18-93-81-45-83-70-31-87-56-14-58-68-29-25-100-27-9-3-7-1-73-15-4-49-57-74-41-91-44-10-89-6-82-5-24-40-2-35-42-66-16-88-19-52-80-96-98-75-21-63-50-11-36-77-33-37-60-61-53-17-85-86-46-30-76-38-23-84-43-55-65-32-95-8-48-13-92-54-34-79-99-94-47-26-20-97
Ta100x20,8,4,400,0.9625,0.125,6,2230806255,17000,6766,6481,6084,5.515039132,v2_avx512bw_vec32_exact_perm,39-22-72-67-87-6-62-59-68-45-90-70-71-78-29-4-69-12-1-56-44-53-83-14-18-91-3-27-5-7-75-73-51-66-10-40-31-9-46-25-19-36-88-76-81-33-16-24-28-65-23-77-37-35-89-49-41-100-84-15-52-98-30-57-93-17-2-48-50-8-86-94-85-43-58-21-63-99-61-74-96-11-54-82-13-79-55-80-64-32-60-38-42-92-95-34-47-26-20-97
Ta100x20,8,4,400,0.9625,0.125,7,2230807264,17000,6815,6481,6084,5.391462956,v2_avx512bw_vec32_exact_perm,39-62-78-22-56-18-7-90-59-68-29-87-72-12-67-36-27-73-44-83-15-91-14-31-45-24-81-5-71-1-40-41-57-66-3-9-69-100-89-10-51-21-28-64-37-16-43-48-23-4-70-19-35-50-88-55-80-76-77-98-6-85-49-60-82-17-30-65-93-63-75-99-2-34-11-38-79-52-25-58-53-54-33-8-86-61-74-13-95-96-47-32-84-42-46-92-94-26-20-97
Ta100x20,8,4,400,0.9625,0.125,8,2230808273,17000,6797,6481,6084,5.67365506,v2_avx512bw_vec32_exact_perm,39-62-22-87-72-10-73-59-7-12-56-31-1-29-70-3-90-91-88-81-78-74-71-44-45-69-27-51-14-28-68-67-64-54-5-49-58-96-9-93-24-16-66-17-57-33-25-53-18-4-77-65-75-98-89-37-30-2-35-48-19-21-52-50-86-43-36-80-61-63-23-11-76-100-55-84-8-95-41-38-82-6-32-13-83-15-60-99-79-85-46-40-94-34-26-92-47-42-20-97
Ta100x20,8,4,400,0.9625,0.125,9,2230809282,17000,6785,6481,6084,5.375936887,v2_avx512bw_vec32_exact_perm,39-87-72-44-78-67-12-81-70-28-56-59-62-14-9-22-29-68-90-7-91-73-93-45-5-88-71-31-58-33-57-4-18-64-63-30-69-65-49-83-25-1-41-89-17-50-27-43-36-96-51-77-48-82-16-53-38-40-24-42-19-23-98-3-60-35-15-79-6-52-75-66-37-84-10-100-8-21-85-46-76-94-80-11-86-61-74-99-55-2-32-92-13-34-95-54-47-26-20-97
Ta100x20,8,4,400,0.9625,0.125,10,2230810291,17000,6813,6481,6084,5.366721895,v2_avx512bw_vec32_exact_perm,39-62-87-78-73-22-12-4-44-72-3-71-29-51-1-59-60-9-27-69-18-40-90-70-91-25-45-56-31-75-5-64-7-24-15-88-14-58-83-46-93-67-33-68-6-10-53-57-23-100-81-35-17-77-96-41-28-66-2-19-98-30-89-37-49-36-50-82-16-84-48-52-43-85-95-32-21-65-63-54-86-80-79-61-8-38-42-76-11-74-13-55-34-92-99-97-26-94-20-47
Ta100x20,8,4,400,1,0.025,1,2230801210,17000,6808,6481,6084,5.343721841,v2_avx512bw_vec32_exact_perm,39-87-69-68-22-62-78-59-18-72-73-4-3-12-7-29-44-6-90-91-71-25-67-52-14-83-57-64-89-45-10-56-77-81-31-36-65-1-88-19-41-5-48-51-70-33-24-96-9-37-30-58-46-63-50-75-17-98-8-85-35-40-21-28-27-49-23-86-80-60-84-74-76-53-100-66-16-38-93-55-43-32-61-92-11-13-82-54-79-2-15-94-95-99-97-42-34-26-20-47
Ta100x20,8,4,400,1,0.025,2,2230802219,17000,6741,6481,6084,6.059081285,v2_avx512bw_vec32_exact_perm,39-62-78-67-22-72-51-12-7-14-90-83-18-87-64-71-29-45-44-56-58-27-59-23-40-9-6-31-48-70-91-5-30-69-73-10-37-1-52-57-53-93-81-68-25-96-28-2-35-66-100-75-41-24-88-4-77-16-19-36-15-33-3-21-63-98-49-8-82-65-43-50-61-17-74-86-89-32-80-42-60-55-11-13-84-46-38-76-54-92-85-95-79-99-94-34-47-26-20-97
Ta100x20,8,4,400,1,0.025,3,2230803228,17000,6792,6481,6084,5.243868091,v2_avx512bw_vec32_exact_perm,39-62-22-87-78-69-18-36-7-12-56-67-72-29-90-91-73-59-70-83-31-14-3-5-35-68-81-44-40-93-27-45-65-88-9-48-25-41-64-4-24-66-86-57-33-76-30-49-71-82-11-53-96-51-17-6-58-15-52-77-46-89-100-19-1-8-50-63-23-10-16-80-21-98-55-2-43-38-42-85-32-37-60-79-75-84-74-99-92-28-94-54-61-95-13-34-97-47-26-20
Ta100x20,8,4,400,1,0.025,4,2230804237,17000,6794,6481,6084,5.759566219,v2_avx512bw_vec32_exact_perm,39-87-78-28-12-56-72-18-22-69-7-27-31-62-68-44-64-51-90-59-32-29-4-83-48-41-70-71-58-88-81-5-9-45-67-14-36-93-89-19-15-76-73-91-25-17-49-35-82-96-37-2-86-1-63-24-40-53-33-6-16-52-57-30-65-46-100-50-98-55-77-66-23-43-8-3-61-84-80-21-42-11-10-34-95-38-13-75-74-60-92-99-79-94-85-54-47-26-20-97
Ta100x20,8,4,400,1,0.025,5,2230805246,17000,6768,6481,6084,5.382700094,v2_avx512bw_vec32_exact_perm,39-62-78-73-72-67-12-69-44-56-59-30-7-33-81-68-71-22-45-51-87-77-18-57-17-27-91-90-14-83-4-93-29-31-6-52-36-58-1-65-9-64-19-28-55-70-3-25-88-76-89-41-53-21-96-23-49-48-50-98-15-75-66-24-10-16-5-82-63-100-11-40-46-79-8-35-43-61-84-85-74-80-37-86-54-60-38-32-99-92-42-13-2-34-95-94-26-20-97-47
Ta100x20,8,4,400,1,0.025,6,2230806255,17000,6767,6481,6084,5.307300621,v2_avx512bw_vec32_exact_perm,39-62-78-67-72-69-22-29-44-31-45-87-36-12-90-56-83-64-58-14-1-60-51-73-59-27-18-28-71-57-4-5-48-68-9-81-7-55-91-93-19-70-17-76-75-41-15-77-50-43-8-98-65-33-88-53-2-61-35-66-23-40-6-25-3-16-82-100-30-63-10-52-11-24-89-85-21-54-80-74-96-49-32-86-46-79-37-38-92-99-95-42-84-94-13-34-47-26-20-97
Ta100x20,8,4,400,1,0.025,7,2230807264,17000,6794,6481,6084,5.40792671,v2_avx512bw_vec32_exact_perm,39-62-78-73-44-29-68-22-72-12-67-70-87-27-75-14-69-74-91-71-90-35-81-51-59-18-56-65-4-31-45-23-7-36-57-77-33-25-9-10-24-96-88-41-17-83-40-48-6-66-64-89-21-52-5-100-2-50-30-37-80-19-85-60-82-53-16-98-58-28-43-63-38-93-76-3-84-42-1-15-95-8-49-13-11-61-46-79-55-32-86-54-26-94-99-34-92-47-97-20
Ta100x20,8,4,400,1,0.025,8,2230808273,17000,6795,6481,6084,5.410905869,v2_avx512bw_vec32_exact_perm,39-62-87-78-72-36-69-22-31-29-59-51-91-73-12-40-71-28-44-7-68-64-18-56-90-57-66-17-75-41-45-27-4-3-2-67-88-9-83-70-1-33-76-24-48-14-89-82-25-81-53-93-38-16-65-19-98-23-30-5-63-77-100-37-50-84-35-8-52-6-15-43-55-10-21-85-11-49-42-58-61-95-96-60-74-99-32-86-79-80-94-34-92-46-54-13-47-26-20-97
Ta100x20,8,4,400,1,0.025,9,2230809282,17000,6803,6481,6084,5.434520696,v2_avx512bw_vec32_exact_perm,39-22-28-90-73-10-62-67-87-51-12-59-69-72-71-29-58-18-100-70-24-44-91-64-56-27-83-78-68-7-31-14-1-45-93-36-88-25-52-19-33-81-75-60-89-30-57-41-77-9-15-48-37-38-6-40-35-8-98-2-17-5-53-16-76-82-96-49-66-63-50-79-65-47-43-86-85-21-11-23-84-80-3-95-94-61-54-4-55-74-99-92-46-42-20-32-13-26-34-97
Ta100x20,8,4,400,1,0.025,10,2230810291,17000,6779,6481,6084,5.921726055,v2_avx512bw_vec32_exact_perm,39-62-78-31-28-4-22-87-72-18-12-59-73-56-44-14-9-71-7-90-5-36-69-93-67-70-48-35-29-17-2-3-27-68-53-33-1-19-83-51-41-25-91-81-64-57-98-66-58-96-6-40-88-15-43-24-10-50-94-49-23-75-45-77-30-100-16-52-82-65-86-63-34-21-85-60-38-80-76-32-79-11-61-54-89-46-99-37-84-8-74-42-95-92-13-55-47-26-20-97
Ta100x20,8,4,400,1,0.05,1,2230801210,17000,6778,6481,6084,5.34423795,v2_avx512bw_vec32_exact_perm,39-62-67-18-78-72-45-90-51-14-22-71-56-59-44-31-73-52-3-12-57-81-69-91-4-27-87-5-83-1-66-36-93-40-25-64-7-28-9-8-53-29-68-37-30-98-89-100-75-70-6-41-77-19-33-24-65-85-82-35-96-74-21-58-63-88-17-46-2-50-15-49-16-11-55-76-38-48-80-92-23-54-43-13-10-42-79-99-32-86-61-60-95-94-34-84-47-26-20-97
Ta100x20,8,4,400,1,0.05,2,2230802219,17000,6795,6481,6084,5.59873914,v2_avx512bw_vec32_exact_perm,39-87-22-90-28-72-10-78-25-7-12-62-44-67-68-69-56-91-14-59-73-30-36-51-71-49-58-29-1-33-81-5-53-70-9-27-18-50-77-64-19-100-88-31-93-98-66-15-45-48-96-24-82-60-83-35-76-43-41-4-40-6-17-38-52-16-75-80-32-84-85-37-89-55-23-57-65-2-42-63-46-8-54-92-95-99-13-3-79-11-34-61-74-86-21-97-94-26-20-47
Ta100x20,8,4,400,1,0.05,3,2230803228,17000,6795,6481,6084,5.352830146,v2_avx512bw_vec32_exact_perm,39-62-78-69-73-67-81-87-27-72-44-12-36-90-56-7-59-83-3-14-68-22-41-29-45-9-54-31-57-88-4-1-91-51-19-48-18-74-50-17-5-58-33-71-15-63-40-70-6-76-96-24-100-53-98-75-30-66-52-25-82-35-49-10-89-23-77-80-8-43-55-16-11-86-61-28-21-38-64-92-2-85-93-79-84-60-46-42-65-13-37-95-99-32-94-26-34-20-47-97
Ta100x20,8,4,400,1,0.05,4,2230804237,17000,6790,6481,6084,5.300134264,v2_avx512bw_vec32_exact_perm,39-62-87-22-56-68-78-71-90-70-14-36-31-28-72-73-59-83-81-91-44-12-3-67-29-45-69-64-96-27-51-4-57-58-93-18-100-7-6-54-50-9-19-88-48-86-98-5-41-1-52-2-75-49-30-61-76-89-24-21-10-23-80-77-25-35-15-17-74-63-53-33-65-11-82-60-40-16-43-8-85-46-79-37-32-55-42-99-38-13-66-95-84-94-34-92-47-26-20-97
Ta100x20,8,4,400,1,0.05,5,2230805246,17000,6785,6481,6084,5.741290353,v2_avx512bw_vec32_exact_perm,39-62-56-78-90-67-87-70-72-59-58-73-12-14-18-69-83-88-7-44-31-28-5-91-51-93-71-29-22-81-27-1-68-57-24-4-96-64-75-19-100-9-17-6-45-2-53-25-76-74-66-41-60-65-80-33-89-36-10-15-77-86-3-52-50-49-98-40-48-8-35-11-47-16-84-63-38-21-82-43-61-30-85-37-95-46-79-23-13-32-54-94-34-55-99-92-26-42-20-97
Ta100x20,8,4,400,1,0.05,6,2230806255,17000,6793,6481,6084,5.7299745,v2_avx512bw_vec32_exact_perm,39-62-87-4-12-72-74-36-90-71-59-51-56-41-14-22-64-69-73-45-78-67-68-3-57-28-6-44-10-25-29-33-18-70-27-19-75-91-83-9-24-37-81-88-35-48-49-96-100-31-63-52-7-21-1-17-77-98-2-50-23-16-80-32-89-30-5-15-58-38-76-95-61-93-55-53-65-60-43-82-99-8-42-40-79-86-94-85-11-54-46-13-66-92-84-34-26-20-47-97
Ta100x20,8,4,400,1,0.05,7,2230807264,17000,6785,6481,6084,5.913394416,v2_avx512bw_vec32_exact_perm,39-62-78-22-72-67-12-44-56-31-3-68-36-87-29-25-71-69-59-70-7-51-45-96-35-90-81-18-73-91-28-9-14-93-83-88-27-76-66-24-77-57-4-48-6-40-65-8-75-1-37-100-15-5-19-30-41-89-98-50-52-46-34-2-10-63-82-49-86-74-64-38-95-33-21-16-43-61-23-54-80-58-17-32-13-92-53-85-94-84-42-60-11-55-99-79-47-26-20-97
Ta100x20,8,4,400,1,0.05,8,2230808273,17000,6784,6481,6084,5.502939143,v2_avx512bw_vec32_exact_perm,39-62-28-72-22-67-78-12-44-29-51-27-5-68-58-83-90-41-87-69-74-14-6-70-59-81-45-31-33-56-71-9-91-10-96-50-1-57-76-93-75-88-25-19-18-65-49-7-53-35-48-36-84-40-23-86-73-77-52-15-4-100-16-21-2-30-24-38-63-85-82-37-46-64-79-3-17-32-8-98-43-89-80-66-11-13-42-99-61-95-54-34-60-92-94-97-55-26-20-47
Ta100x20,8,4,400,1,0.05,9,2230809282,17000,6795,6481,6084,5.75233721,v2_avx512bw_vec32_exact_perm,39-62-78-73-72-87-28-59-31-90-44-4-22-36-56-25-7-18-70-12-67-69-64-51-27-29-68-91-88-41-57-96-1-45-53-17-83-93-24-14-48-81-10-77-19-9-58-89-100-71-49-33-46-52-5-40-50-65-66-37-15-21-30-75-35-98-3-74-11-82-80-76-63-38-84-79-8-99-60-54-23-34-6-42-16-13-2-61-32-85-43-86-92-95-55-94-47-26-20-97
Ta100x20,8,4,400,1,0.05,10,2230810291,17000,6789,6481,6084,5.666890451,v2_avx512bw_vec32_exact_perm,39-62-78-87-5-67-90-4-91-72-44-51-18-22-73-41-69-71-59-70-36-45-30-31-9-88-25-28-37-33-27-58-14-29-56-12-1-17-74-77-81-68-65-57-49-96-75-35-24-7-93-64-50-98-19-82-10-8-40-48-83-61-6-76-52-53-100-89-85-84-80-46-16-23-63-21-2-99-15-95-42-79-3-86-11-32-43-13-38-60-54-55-94-92-66-34-47-26-20-97
Ta100x20,8,4,400,1,0.075,1,2230801210,17000,6807,6481,6084,5.543800286,v2_avx512bw_vec32_exact_perm,39-62-78-45-87-56-90-72-31-73-12-7-22-14-57-41-36-67-83-29-74-19-44-9-69-71-3-48-51-96-18-5-68-24-70-37-91-81-27-75-1-28-98-25-100-93-23-55-35-10-60-88-59-89-16-65-40-85-21-52-49-4-17-50-33-6-54-80-30-8-63-95-77-79-46-76-61-53-82-11-58-84-2-64-15-99-86-43-66-38-42-32-94-92-34-13-47-26-20-97
Ta100x20,8,4,400,1,0.075,2,2230802219,17000,6830,6481,6084,5.447538507,v2_avx512bw_vec32_exact_perm,39-62-78-69-58-18-72-83-68-44-7-12-22-56-41-36-25-31-29-28-73-66-64-71-57-1-70-91-59-15-5-67-77-81-27-90-35-88-17-38-6-51-50-40-2-93-87-14-9-33-10-76-98-82-52-4-45-21-75-53-16-24-48-13-86-46-37-100-63-49-3-11-99-8-96-55-19-95-43-23-74-84-61-32-30-60-65-89-80-79-42-34-85-92-54-94-97-47-26-20
Ta100x20,8,4,400,1,0.075,3,2230803228,17000,6796,6481,6084,5.497694945,v2_avx512bw_vec32_exact_perm,39-62-87-14-78-67-64-12-68-36-18-71-22-32-72-44-7-59-52-5-50-90-4-9-29-56-83-69-49-70-1-45-41-93-73-28-31-15-51-91-58-27-57-96-81-25-19-6-48-16-33-100-10-24-66-74-3-40-21-89-84-88-63-23-98-80-60-37-17-30-8-75-77-86-65-53-55-46-54-11-82-43-61-85-38-94-95-13-76-42-35-2-79-20-26-99-34-92-47-97
Ta100x20,8,4,400,1,0.075,4,2230804237,17000,6817,6481,6084,5.44410506,v2_avx512bw_vec32_exact_perm,39-62-78-72-87-12-22-29-10-28-67-51-83-18-14-24-64-52-36-69-93-70-27-44-48-4-81-88-59-40-71-5-9-56-8-46-73-77-91-58-1-50-17-90-57-98-75-66-7-45-15-100-25-41-31-76-19-33-65-95-16-6-35-53-68-23-79-80-85-63-3-49-74-86-96-38-21-89-2-30-82-61-60-11-84-99-37-55-13-43-54-20-92-47-32-42-94-26-34-97
Ta100x20,8,4,400,1,0.075,5,2230805246,17000,6805,6481,6084,5.532973967,v2_avx512bw_vec32_exact_perm,39-73-87-72-12-14-78-22-44-62-89-70-67-7-83-59-36-71-53-64-90-68-56-58-27-31-49-25-29-45-96-4-28-51-9-35-88-91-1-82-40-37-18-69-8-57-5-17-30-23-41-81-77-48-24-98-19-52-43-66-16-38-93-10-50-100-76-11-15-86-32-33-60-74-80-61-6-55-21-3-2-63-95-46-75-85-65-92-84-42-34-13-79-99-26-54-94-20-47-97
Ta100x20,8,4,400,1,0.075,6,2230806255,17000,6811,6481,6084,5.861005991,v2_avx512bw_vec32_exact_perm,39-62-78-90-87-68-44-67-4-7-59-22-36-70-41-71-69-12-83-91-72-73-45-1-15-40-24-49-98-28-3-81-57-77-65-27-17-56-2-23-88-35-14-52-31-66-16-51-25-10-9-33-29-58-75-93-85-89-30-19-63-76-100-64-50-53-5-6-82-80-8-43-84-48-86-46-32-11-60-61-96-37-13-38-21-18-74-55-99-42-79-95-54-34-92-97-94-47-26-20
Ta100x20,8,4,400,1,0.075,7,2230807264,17000,6817,6481,6084,5.861338878,v2_avx512bw_vec32_exact_perm,39-62-22-87-72-4-18-78-73-67-12-3-29-68-14-36-5-31-59-44-51-57-58-83-27-9-45-56-81-52-91-96-71-41-70-7-88-98-35-75-1-69-90-40-37-95-74-24-30-65-48-50-23-19-80-10-77-28-15-17-6-2-82-25-86-66-76-100-33-63-16-11-21-32-61-49-93-55-53-85-42-43-92-13-8-46-89-54-84-99-38-34-64-60-94-79-97-47-26-20
Ta100x20,8,4,400,1,0.075,8,2230808273,17000,6832,6481,6084,5.930196948,v2_avx512bw_vec32_exact_perm,39-28-72-78-22-31-69-12-56-68-70-73-62-29-87-18-58-59-36-71-6-57-90-35-44-33-7-25-27-4-45-24-83-14-15-64-75-91-9-81-88-41-1-10-3-76-93-49-17-51-54-96-48-23-53-67-65-5-52-66-63-80-40-30-38-77-8-21-95-74-19-60-50-98-100-92-13-89-82-84-37-99-11-43-55-94-79-61-16-2-85-32-46-34-42-86-26-20-97-47
Ta100x20,8,4,400,1,0.075,9,2230809282,17000,6800,6481,6084,5.810284695,v2_avx512bw_vec32_exact_perm,39-62-78-59-70-67-44-72-69-73-22-83-71-36-90-41-9-5-57-91-68-87-56-7-1-6-25-10-45-93-29-33-51-76-16-19-2-64-12-58-75-31-65-21-15-14-3-88-60-38-81-23-40-35-77-28-24-98-48-18-100-52-27-4-49-82-85-63-55-17-86-66-74-30-53-8-43-89-46-61-11-50-92-80-37-96-84-42-54-32-99-13-79-94-95-34-47-26-20-97
Ta100x20,8,4,400,1,0.075,10,2230810291,17000,6791,6481,6084,5.858353804,v2_avx512bw_vec32_exact_perm,39-62-87-28-72-78-68-12-29-59-22-58-14-40-44-36-41-91-31-57-64-24-48-73-25-1-70-90-5-71-15-9-69-83-3-51-17-7-27-4-18-6-33-75-67-93-81-53-10-16-49-32-35-63-56-100-45-89-30-88-38-46-98-50-23-76-86-65-77-55-74-8-96-52-19-43-2-61-21-54-99-82-37-11-66-79-84-92-80-60-42-85-13-95-34-94-26-20-47-97
Ta100x20,8,4,400,1,0.1,1,2230801210,17000,6801,6481,6084,5.710321738,v2_avx512bw_vec32_exact_perm,39-62-87-78-72-22-28-90-51-29-14-44-68-73-91-69-41-27-56-59-58-12-18-45-81-71-70-36-5-6-19-88-25-83-75-24-64-43-67-57-3-96-52-38-33-93-31-76-100-1-66-9-61-7-86-89-16-4-85-48-30-65-46-40-63-35-17-98-77-50-21-53-49-13-8-74-15-10-95-79-99-80-82-60-2-23-37-84-92-54-11-55-97-42-94-32-34-47-26-20
Ta100x20,8,4,400,1,0.1,2,2230802219,17000,6819,6481,6084,6.378922253,v2_avx512bw_vec32_exact_perm,39-62-56-87-4-78-72-67-22-90-44-73-91-51-18-29-5-84-12-81-36-41-45-70-35-25-7-57-17-52-59-88-30-31-24-69-68-75-83-9-27-64-71-82-19-76-28-93-66-6-15-89-77-14-16-65-63-40-86-10-1-23-43-48-8-55-98-99-50-74-46-100-80-37-33-60-95-38-85-61-53-58-49-13-2-92-96-21-79-3-11-94-54-34-32-42-97-26-20-47
Ta100x20,8,4,400,1,0.1,3,2230803228,17000,6817,6481,6084,5.838352127,v2_avx512bw_vec32_exact_perm,39-62-87-72-78-51-14-59-29-71-56-67-31-12-22-100-44-7-23-18-5-21-27-9-68-24-70-10-91-69-66-4-58-25-89-77-36-88-45-81-75-73-3-49-98-30-40-90-1-57-96-93-83-41-33-15-28-65-16-6-35-60-2-19-53-74-8-63-80-50-85-17-55-76-46-86-52-95-82-11-61-48-13-37-32-43-99-79-34-38-64-54-92-42-94-84-97-47-26-20
Ta100x20,8,4,400,1,0.1,4,2230804237,17000,6813,6481,6084,5.819848809,v2_avx512bw_vec32_exact_perm,39-22-62-87-72-4-78-73-44-45-29-64-12-90-14-69-67-91-51-2-71-18-6-56-59-68-1-40-83-27-100-93-35-77-66-31-17-70-58-82-36-9-25-7-24-41-5-15-65-88-37-85-19-49-52-48-98-89-3-30-57-33-81-43-75-63-53-84-46-76-21-42-80-16-86-23-10-74-61-28-55-11-50-99-96-79-95-54-38-32-94-20-60-13-26-34-92-8-97-47
Ta100x20,8,4,400,1,0.1,5,2230805246,17000,6773,6481,6084,5.731205492,v2_avx512bw_vec32_exact_perm,39-62-78-73-59-44-18-12-22-33-72-45-91-51-87-70-81-14-69-7-24-9-64-68-71-31-36-56-90-48-5-8-76-93-29-67-53-96-35-15-100-58-25-75-41-88-46-1-74-17-52-82-4-83-50-98-3-27-65-23-6-10-89-40-28-66-2-37-43-16-61-55-11-80-21-57-85-63-77-49-19-30-79-99-95-38-54-32-92-13-84-60-94-42-86-97-26-34-20-47
Ta100x20,8,4,400,1,0.1,6,2230806255,17000,6812,6481,6084,5.550683176,v2_avx512bw_vec32_exact_perm,39-62-78-71-67-72-22-12-91-87-68-14-29-6-70-18-44-59-4-75-3-90-45-51-5-100-24-64-56-31-83-33-89-36-27-1-73-2-96-41-93-60-9-69-7-48-52-35-25-88-58-19-40-65-50-11-15-23-86-82-81-28-37-43-61-85-76-63-66-53-30-77-17-10-98-80-55-16-49-32-54-74-13-57-84-8-38-34-21-46-95-79-99-94-92-97-42-26-20-47
Ta100x20,8,4,400,1,0.1,7,2230807264,17000,6810,6481,6084,5.314168136,v2_avx512bw_vec32_exact_perm,39-62-78-22-4-91-44-73-87-56-6-28-83-59-81-12-70-72-51-18-5-14-7-31-9-69-25-88-45-93-27-35-66-65-29-24-19-74-33-96-67-57-71-53-90-41-36-68-75-100-50-30-52-1-11-77-37-49-98-55-89-15-76-48-21-61-8-58-43-38-40-54-86-3-84-99-16-80-17-63-79-85-10-82-46-23-95-64-92-13-60-2-32-34-94-42-47-26-20-97
Ta100x20,8,4,400,1,0.1,8,2230808273,17000,6830,6481,6084,5.416354505,v2_avx512bw_vec32_exact_perm,39-62-78-87-72-36-29-73-44-51-68-27-67-12-5-91-31-90-1-58-24-15-19-83-40-9-69-6-56-59-85-71-18-65-7-45-22-70-41-74-89-25-21-14-64-100-96-52-10-57-93-50-48-53-23-81-99-77-49-98-82-88-3-86-28-66-33-35-75-80-4-38-32-84-63-37-95-17-76-43-60-42-16-13-46-79-8-61-11-30-54-55-92-2-34-94-20-26-47-97
Ta100x20,8,4,400,1,0.1,9,2230809282,17000,6821,6481,6084,5.615715123,v2_avx512bw_vec32_exact_perm,39-62-87-78-59-22-44-72-45-4-12-67-56-71-29-36-18-58-69-93-25-9-90-1-73-65-14-64-48-83-74-27-33-5-81-88-50-68-24-17-96-31-6-91-19-35-51-28-53-77-3-15-75-10-41-70-57-7-40-89-85-37-52-23-46-16-43-100-98-21-86-30-8-42-84-63-2-32-55-38-76-80-82-49-11-61-95-13-94-60-79-99-92-66-34-26-54-20-47-97
Ta100x20,8,4,400,1,0.1,10,2230810291,17000,6827,6481,6084,6.382829567,v2_avx512bw_vec32_exact_perm,39-62-78-12-22-51-72-67-69-44-7-68-70-91-36-48-59-6-71-45-87-100-90-81-27-28-10-29-83-9-24-50-56-73-37-60-19-75-64-18-98-3-86-74-14-88-31-66-1-57-32-4-89-42-35-58-25-17-41-63-65-77-96-40-52-46-61-33-53-11-30-15-23-38-21-5-84-93-16-99-76-55-79-49-94-8-43-80-13-95-82-2-85-26-92-20-54-34-97-47
Ta100x20,8,4,400,1,0.125,1,2230801210,17000,6837,6481,6084,5.293526874,v2_avx512bw_vec32_exact_perm,39-62-78-4-72-87-68-69-73-90-40-28-1-44-22-56-91-70-59-96-51-18-7-33-71-31-14-12-10-83-64-29-58-63-8-74-25-35-45-9-93-88-19-49-24-27-82-77-15-98-17-57-3-65-41-75-37-48-16-21-30-6-5-89-54-66-81-2-52-76-38-55-80-36-53-60-23-67-86-100-43-50-13-79-61-32-11-46-85-99-92-94-95-42-97-84-34-47-26-20
Ta100x20,8,4,400,1,0.125,2,2230802219,17000,6798,6481,6084,5.225544784,v2_avx512bw_vec32_exact_perm,39-62-4-78-68-31-73-7-90-32-87-69-67-72-83-51-44-18-28-59-12-58-14-22-56-77-91-45-27-81-29-88-25-13-10-70-48-93-5-24-9-96-50-30-64-36-89-2-63-82-33-41-76-98-35-57-38-19-16-100-71-52-6-75-43-86-23-49-85-94-37-53-54-8-84-1-40-65-95-79-46-61-21-80-11-3-17-42-66-92-34-15-99-74-60-55-47-26-20-97
Ta100x20,8,4,400,1,0.125,3,2230803228,17000,6809,6481,6084,5.361087699,v2_avx512bw_vec32_exact_perm,39-62-72-58-78-44-59-56-90-67-12-22-77-88-71-69-70-81-10-6-27-91-40-68-31-18-14-29-1-87-48-51-24-36-32-53-4-45-41-9-30-38-76-37-66-19-86-25-57-96-7-74-64-52-100-65-83-93-8-61-28-16-17-95-33-63-5-73-75-43-50-35-98-21-23-49-80-84-79-85-82-89-15-54-3-13-11-60-42-55-46-2-34-99-26-92-20-94-97-47
Ta100x20,8,4,400,1,0.125,4,2230804237,17000,6773,6481,6084,5.299465047,v2_avx512bw_vec32_exact_perm,39-62-78-73-72-87-56-67-69-44-90-14-6-22-12-10-45-25-83-93-51-81-9-3-71-24-66-7-27-5-96-57-59-41-18-70-17-4-91-74-15-49-58-29-40-37-31-77-23-19-35-1-75-36-64-28-88-68-48-30-33-100-43-89-52-98-60-63-82-61-21-55-50-11-53-32-38-16-85-76-46-79-86-42-65-84-8-99-80-2-95-92-13-20-26-54-94-34-47-97
Ta100x20,8,4,400,1,0.125,5,2230805246,17000,6825,6481,6084,5.530472393,v2_avx512bw_vec32_exact_perm,39-22-67-62-90-72-51-87-59-28-10-78-45-29-5-12-57-44-88-70-73-81-27-24-71-56-31-3-25-89-64-93-14-91-66-7-96-17-69-30-9-36-33-41-100-98-75-82-23-1-83-6-65-35-68-50-63-53-2-18-40-19-37-32-86-48-77-61-58-46-49-76-4-43-52-79-84-15-8-85-11-34-21-54-13-99-94-42-16-95-38-80-74-92-60-55-47-26-20-97
Ta100x20,8,4,400,1,0.125,6,2230806255,17000,6821,6481,6084,5.46414632,v2_avx512bw_vec32_exact_perm,39-62-87-76-12-68-78-90-73-36-22-31-1-91-72-83-24-67-45-56-57-37-29-96-18-69-51-70-59-93-14-44-82-40-71-89-100-7-48-64-9-5-81-27-63-23-17-98-66-88-35-49-33-25-3-6-53-16-77-75-28-84-4-52-10-43-15-58-86-21-19-74-42-99-41-65-2-8-60-54-55-80-50-30-85-46-32-11-92-13-61-34-94-95-38-79-26-20-47-97
Ta100x20,8,4,400,1,0.125,7,2230807264,17000,6833,6481,6084,5.47508764,v2_avx512bw_vec32_exact_perm,39-62-87-56-59-67-72-12-78-73-71-29-88-18-22-90-31-69-44-91-14-70-21-4-83-96-58-30-93-36-5-40-35-24-68-25-27-51-19-7-66-50-53-75-45-9-43-98-89-1-57-81-17-77-80-16-41-38-23-76-64-48-2-95-52-86-10-82-28-60-33-74-63-61-6-37-55-85-49-8-84-79-15-3-46-11-54-65-100-13-32-94-97-42-99-92-34-20-26-47
Ta100x20,8,4,400,1,0.125,8,2230808273,17000,6838,6481,6084,5.448664587,v2_avx512bw_vec32_exact_perm,39-62-67-72-78-5-73-44-90-22-51-41-88-14-29-12-45-87-56-59-6-40-71-10-91-9-27-70-58-18-36-3-68-53-57-75-86-66-69-63-25-1-37-30-77-31-35-49-74-23-50-48-89-95-81-24-83-17-33-93-61-82-34-52-16-4-7-2-11-15-65-98-19-32-96-8-46-38-28-100-76-84-64-85-55-21-43-54-80-99-60-92-13-42-79-94-47-26-20-97
Ta100x20,8,4,400,1,0.125,9,2230809282,17000,6827,6481,6084,5.564289892,v2_avx512bw_vec32_exact_perm,39-62-78-22-4-91-29-72-87-73-12-27-69-1-51-7-68-18-56-14-31-44-58-57-71-88-59-64-70-45-48-90-25-9-93-83-81-52-82-96-36-23-17-24-28-6-76-66-37-33-30-5-19-2-43-95-41-63-61-32-75-3-98-65-50-35-38-86-53-74-67-16-40-8-15-42-100-10-11-99-89-46-21-85-54-77-13-80-49-94-60-84-79-97-92-55-26-20-47-34
Ta100x20,8,4,400,1,0.125,10,2230810291,17000,6826,6481,6084,5.662292749,v2_avx512bw_vec32_exact_perm,39-62-78-67-12-90-45-72-87-56-14-22-68-28-83-69-91-51-98-29-73-44-18-6-59-58-31-70-7-64-1-50-88-93-81-48-65-19-57-24-96-5-40-52-9-4-71-17-77-2-100-35-27-36-76-8-41-30-23-49-16-25-10-53-84-33-63-38-75-3-54-85-66-80-43-32-21-13-37-46-55-61-79-11-74-89-86-99-42-95-15-82-60-94-34-92-26-97-47-20
Ta100x20,8,5,500,0.85,0.025,1,2230801210,17000,6708,6481,6084,6.336367976,v2_avx512bw_vec32_exact_perm,39-62-78-67-12-69-72-28-73-22-70-87-14-44-41-29-42-59-64-56-81-10-27-25-51-45-9-68-7-89-57-37-66-36-71-19-35-24-96-1-91-31-88-48-43-76-2-23-5-18-21-17-4-50-83-30-90-52-77-53-93-33-86-100-60-49-58-98-61-3-6-82-84-63-75-15-40-65-94-54-74-16-38-99-55-32-11-8-95-80-85-79-13-46-34-92-47-26-20-97
Ta100x20,8,5,500,0.85,0.025,2,2230802219,17000,6672,6481,6084,6.287511981,v2_avx512bw_vec32_exact_perm,39-62-78-67-72-22-12-7-91-4-70-64-36-31-45-44-59-73-71-87-14-68-56-27-100-90-18-3-49-1-29-51-83-58-25-6-69-66-81-40-50-53-33-48-9-93-5-96-41-24-98-88-23-19-2-35-10-75-84-16-63-17-57-82-52-89-74-30-76-65-80-77-55-86-60-85-37-43-99-54-28-46-38-79-32-97-8-21-15-42-61-11-92-13-95-94-34-47-26-20
Ta100x20,8,5,500,0.85,0.025,3,2230803228,17000,6700,6481,6084,7.318231255,v2_avx512bw_vec32_exact_perm,39-28-78-31-44-72-45-62-36-4-22-73-12-7-71-70-83-90-56-59-64-87-14-67-91-25-57-5-9-3-69-81-24-27-82-88-6-58-29-15-53-49-41-96-18-93-35-75-23-43-10-17-16-1-51-66-68-19-33-76-48-74-98-40-61-89-30-63-84-21-77-55-100-52-99-42-65-80-2-50-32-37-54-8-46-95-38-85-92-86-13-79-11-60-94-34-47-26-20-97
Ta100x20,8,5,500,0.85,0.025,4,2230804237,17000,6705,6481,6084,6.781670146,v2_avx512bw_vec32_exact_perm,39-62-78-67-72-12-22-14-44-59-51-73-91-90-93-68-81-70-69-29-64-71-3-1-5-36-89-45-19-31-83-57-87-18-40-66-6-56-9-27-28-41-76-2-88-24-49-37-75-15-74-4-10-48-58-96-25-100-7-35-52-23-84-30-50-53-54-63-17-94-77-65-98-55-33-16-43-46-38-21-61-86-32-11-82-80-95-8-85-13-42-34-99-92-60-79-47-26-20-97
Ta100x20,8,5,500,0.85,0.025,5,2230805246,17000,6706,6481,6084,6.387244555,v2_avx512bw_vec32_exact_perm,39-62-78-87-44-12-73-31-70-28-56-59-72-45-69-64-29-51-14-71-22-27-24-5-68-9-91-1-83-33-50-58-18-48-4-93-81-77-67-96-57-49-7-90-15-35-52-17-76-66-19-23-6-2-25-30-53-36-40-86-82-88-89-10-3-43-16-54-65-41-46-61-38-32-21-98-100-80-85-42-75-11-55-63-8-74-92-37-99-60-79-84-13-95-94-34-47-97-26-20
Ta100x20,8,5,500,0.85,0.025,6,2230806255,17000,6711,6481,6084,6.667257382,v2_avx512bw_vec32_exact_perm,39-62-28-78-72-90-22-1-7-9-12-69-83-73-44-71-56-29-41-14-70-74-27-57-67-91-24-4-100-81-59-88-87-31-33-36-48-45-15-2-68-64-3-50-35-75-18-98-96-51-38-21-5-6-17-52-49-25-82-58-93-40-63-53-30-92-16-19-65-10-11-77-23-55-76-80-8-46-86-97-89-66-60-79-85-61-43-84-32-37-13-54-42-99-34-95-94-26-20-47
Ta100x20,8,5,500,0.85,0.025,7,2230807264,17000,6690,6481,6084,6.601087391,v2_avx512bw_vec32_exact_perm,39-62-78-67-72-22-12-29-59-51-87-64-7-70-1-69-90-45-73-91-28-14-56-31-44-68-36-57-30-5-71-58-27-18-9-83-93-33-50-77-15-81-89-48-24-32-4-2-82-88-40-52-41-10-19-37-25-53-49-35-23-98-17-16-74-86-75-60-84-66-21-63-55-76-11-46-100-96-6-80-8-99-61-43-92-54-65-85-42-38-13-79-3-95-94-34-47-26-20-97
Ta100x20,8,5,500,0.85,0.025,8,2230808273,17000,6698,6481,6084,6.645888132,v2_avx512bw_vec32_exact_perm,39-62-78-67-72-44-73-22-12-29-71-45-59-51-10-27-3-28-25-4-56-68-70-14-81-100-91-31-35-69-24-5-87-77-64-90-48-36-30-88-75-9-7-2-37-19-57-41-83-1-63-58-49-84-96-6-21-33-23-93-18-50-98-89-17-46-66-76-86-52-65-74-99-61-8-85-82-32-53-15-43-40-16-80-42-11-54-92-60-55-38-13-79-95-94-34-47-26-20-97
Ta100x20,8,5,500,0.85,0.025,9,2230809282,17000,6705,6481,6084,6.436300962,v2_avx512bw_vec32_exact_perm,39-62-87-90-78-51-44-56-71-4-22-29-67-12-70-14-72-45-73-28-64-69-83-81-1-7-27-57-68-31-91-41-9-88-98-3-77-48-5-58-19-24-21-25-36-100-89-18-17-10-37-2-96-93-35-82-40-38-65-59-23-52-16-8-74-49-66-33-50-86-63-6-75-30-60-43-53-42-55-76-15-99-54-84-32-80-92-11-13-61-79-85-46-95-94-34-47-26-20-97
Ta100x20,8,5,500,0.85,0.025,10,2230810291,17000,6687,6481,6084,7.120892142,v2_avx512bw_vec32_exact_perm,39-62-78-67-72-44-59-29-51-73-87-22-36-56-1-45-69-90-64-71-12-57-7-31-27-18-93-83-81-3-68-17-77-91-24-70-5-48-4-9-37-66-19-14-96-88-28-100-2-58-25-55-35-74-89-6-49-16-41-30-98-40-82-15-38-50-65-8-63-52-43-32-84-75-33-80-46-53-76-61-23-11-21-86-54-92-10-99-85-60-42-13-79-34-95-94-47-26-20-97
Ta100x20,8,5,500,0.85,0.05,1,2230801210,17000,6779,6481,6084,6.541139104,v2_avx512bw_vec32_exact_perm,39-62-78-67-28-59-36-90-91-27-4-31-12-29-72-45-75-93-14-22-87-56-73-1-44-9-3-83-71-69-32-57-70-17-16-58-64-15-18-38-7-48-19-81-53-5-41-40-2-35-33-51-50-68-77-74-6-100-98-49-52-86-23-10-89-25-79-85-24-37-60-88-55-80-84-43-8-82-54-30-94-95-46-76-99-42-63-11-65-34-13-61-21-66-96-92-97-47-26-20
Ta100x20,8,5,500,0.85,0.05,2,2230802219,17000,6760,6481,6084,6.646676537,v2_avx512bw_vec32_exact_perm,39-62-22-87-78-90-4-67-31-56-44-74-18-7-72-12-5-91-45-51-9-1-69-68-71-53-25-29-59-93-2-27-50-73-83-77-100-58-35-24-33-3-28-15-75-98-81-36-17-70-23-60-66-14-49-63-55-96-30-52-89-6-82-40-41-16-19-37-88-86-57-8-10-48-76-65-85-46-54-43-84-61-21-80-64-13-95-38-79-99-32-11-42-34-92-94-26-20-97-47
Ta100x20,8,5,500,0.85,0.05,3,2230803228,17000,6732,6481,6084,6.830691185,v2_avx512bw_vec32_exact_perm,39-62-87-78-72-67-12-51-90-44-73-56-70-22-71-29-14-45-10-77-58-5-59-91-25-88-30-7-9-4-69-28-31-27-81-48-53-83-1-19-57-93-82-18-68-85-36-15-66-96-6-3-24-41-75-100-37-21-65-35-23-2-98-40-74-63-89-43-49-50-16-17-33-8-52-84-80-32-64-11-61-95-38-55-76-42-86-13-46-79-99-54-34-60-92-94-47-26-20-97
Ta100x20,8,5,500,0.85,0.05,4,2230804237,17000,6719,6481,6084,6.58534353,v2_avx512bw_vec32_exact_perm,39-62-78-73-87-90-14-22-56-29-12-72-7-67-69-44-71-91-70-58-59-83-27-51-19-31-6-68-40-10-41-18-45-77-50-75-57-16-4-9-5-48-24-25-21-53-17-2-81-64-66-89-96-35-36-76-37-84-52-32-38-43-30-33-23-1-98-88-60-80-85-49-63-28-82-8-55-99-86-11-74-61-46-100-93-54-92-42-3-15-95-65-34-13-79-94-47-26-20-97
Ta100x20,8,5,500,0.85,0.05,5,2230805246,17000,6746,6481,6084,6.897717387,v2_avx512bw_vec32_exact_perm,39-62-87-78-72-4-73-22-68-44-12-67-56-27-57-81-59-45-71-9-51-28-69-31-48-5-70-14-7-91-64-83-93-66-17-35-1-58-96-77-90-29-49-100-41-98-19-25-24-18-65-53-3-36-89-6-30-75-37-88-21-46-38-50-85-43-52-82-10-23-40-16-15-63-54-2-61-80-74-79-76-55-33-86-8-84-99-42-92-11-60-13-95-94-34-47-32-97-26-20
Ta100x20,8,5,500,0.85,0.05,6,2230806255,17000,6789,6481,6084,6.803793641,v2_avx512bw_vec32_exact_perm,39-22-62-72-4-78-67-81-51-87-44-25-69-27-41-45-56-7-12-83-70-28-59-90-73-5-38-6-91-48-49-9-88-31-96-14-30-42-24-36-1-50-54-40-29-52-8-89-57-18-71-33-58-64-98-68-77-23-100-43-76-16-19-82-66-93-86-10-74-53-63-75-80-61-3-11-35-17-95-55-85-21-46-79-99-13-65-32-2-84-15-37-92-94-60-34-47-26-20-97
Ta100x20,8,5,500,0.85,0.05,7,2230807264,17000,6747,6481,6084,7.238127222,v2_avx512bw_vec32_exact_perm,39-87-78-10-73-72-44-69-67-12-28-62-90-14-9-22-25-7-70-56-59-1-91-24-29-71-5-68-37-64-77-31-40-17-58-18-49-27-36-4-83-41-48-47-75-35-96-53-2-84-82-51-57-23-50-6-45-8-15-81-52-93-61-88-65-66-33-21-30-74-19-98-60-43-100-3-86-32-63-80-89-92-54-11-46-13-76-16-79-42-55-85-95-99-38-94-34-26-20-97
Ta100x20,8,5,500,0.85,0.05,8,2230808273,17000,6713,6481,6084,7.402972268,v2_avx512bw_vec32_exact_perm,39-62-78-72-87-17-44-22-73-12-1-51-3-69-29-70-90-67-64-7-9-59-88-4-36-14-91-71-18-45-27-56-58-40-77-31-41-60-10-83-21-5-49-37-96-46-50-89-100-81-52-48-19-57-24-98-76-82-8-43-30-93-66-75-63-53-35-86-38-28-85-2-16-32-15-65-23-55-84-33-42-6-99-68-25-74-80-61-92-79-20-54-13-11-34-95-94-47-97-26
Ta100x20,8,5,500,0.85,0.05,9,2230809282,17000,6784,6481,6084,7.29964567,v2_avx512bw_vec32_exact_perm,39-62-22-68-78-44-72-67-51-71-12-59-56-25-91-29-1-73-69-7-33-14-90-10-24-70-31-74-45-27-52-37-9-96-41-100-87-88-17-48-85-16-4-89-5-49-36-93-28-19-75-84-30-81-77-58-21-3-61-53-18-57-23-6-60-40-8-2-35-64-43-66-46-76-63-15-79-86-83-98-82-50-38-92-13-11-94-95-54-65-80-34-42-55-99-32-26-97-20-47
Ta100x20,8,5,500,0.85,0.05,10,2230810291,17000,6751,6481,6084,6.271202781,v2_avx512bw_vec32_exact_perm,39-62-78-67-72-44-22-25-29-68-56-58-36-12-45-64-90-71-6-3-69-27-73-51-5-70-59-87-81-74-88-91-33-19-4-100-31-24-9-1-7-93-48-82-18-14-50-75-2-98-10-89-35-77-57-23-63-85-55-96-37-43-42-53-52-15-30-40-49-16-28-61-41-95-17-32-65-8-38-83-99-60-21-79-80-11-54-46-76-94-84-13-86-66-92-34-26-20-47-97
Ta100x20,8,5,500,0.85,0.075,1,2230801210,17000,6726,6481,6084,6.187882762,v2_avx512bw_vec32_exact_perm,39-62-87-72-78-68-22-73-31-12-4-56-74-69-44-18-71-14-70-51-59-9-91-90-40-81-64-5-7-29-67-33-27-57-41-10-88-45-93-53-25-96-24-58-48-55-98-11-100-65-50-19-35-89-80-77-83-28-3-1-17-99-36-49-21-61-38-6-8-86-23-16-52-75-2-76-30-66-92-63-85-43-84-37-46-54-82-60-42-95-13-15-32-79-94-34-47-26-20-97
Ta100x20,8,5,500,0.85,0.075,2,2230802219,17000,6744,6481,6084,6.237760115,v2_avx512bw_vec32_exact_perm,39-62-87-78-72-10-29-22-18-51-28-44-56-67-91-12-24-73-69-59-71-25-90-5-57-27-83-68-14-9-74-45-66-17-31-64-7-37-58-3-82-36-77-15-75-35-81-98-52-70-23-40-41-80-79-88-19-43-6-49-48-50-4-65-8-63-53-89-93-1-21-60-30-33-38-76-2-61-100-94-84-32-96-16-11-85-55-26-54-86-92-42-95-13-46-99-47-34-20-97
Ta100x20,8,5,500,0.85,0.075,3,2230803228,17000,6721,6481,6084,6.924370896,v2_avx512bw_vec32_exact_perm,39-62-28-72-78-44-67-12-4-45-56-70-87-59-73-100-41-69-22-90-29-7-91-81-25-51-3-14-5-9-10-27-31-36-71-55-48-57-23-88-68-50-58-52-15-83-96-64-24-18-19-6-75-93-98-60-49-66-89-11-35-17-33-40-74-16-61-37-2-77-82-38-30-1-63-46-76-43-53-21-65-85-92-79-84-99-32-8-54-80-42-95-13-94-86-34-47-26-20-97
Ta100x20,8,5,500,0.85,0.075,4,2230804237,17000,6757,6481,6084,6.762638677,v2_avx512bw_vec32_exact_perm,39-62-87-78-67-12-72-14-4-32-71-56-22-31-25-29-3-24-44-51-69-5-88-90-81-37-7-27-18-68-49-70-91-59-73-36-41-9-1-45-93-48-10-83-33-23-76-15-86-77-75-98-21-35-17-57-19-58-66-11-28-65-96-52-79-89-30-84-8-50-100-82-80-60-43-16-46-63-40-53-54-85-6-38-99-74-64-61-42-13-2-92-55-95-94-34-26-20-47-97
Ta100x20,8,5,500,0.85,0.075,5,2230805246,17000,6749,6481,6084,6.854121668,v2_avx512bw_vec32_exact_perm,39-62-78-73-87-22-29-18-28-59-12-72-7-56-71-31-70-69-51-41-67-91-25-57-5-96-27-81-45-19-24-44-83-15-93-58-82-17-46-68-6-76-48-1-2-14-75-90-4-50-65-60-88-23-47-3-49-30-9-52-37-40-35-36-98-10-16-74-89-33-43-8-38-53-63-100-34-85-55-21-77-79-66-86-84-99-80-11-95-42-61-92-64-13-54-32-97-94-26-20
Ta100x20,8,5,500,0.85,0.075,6,2230806255,17000,6758,6481,6084,6.307615664,v2_avx512bw_vec32_exact_perm,39-62-78-72-67-83-73-44-87-56-12-45-64-69-59-68-50-90-36-31-51-1-58-74-14-71-25-7-22-88-91-9-18-29-15-2-5-57-33-81-41-49-100-27-24-48-70-52-21-30-4-76-98-75-23-40-10-28-53-46-16-85-89-93-17-82-80-35-19-32-43-37-6-11-63-84-66-60-65-96-92-38-86-77-3-54-55-61-8-42-79-13-95-99-34-97-94-47-26-20
Ta100x20,8,5,500,0.85,0.075,7,2230807264,17000,6743,6481,6084,6.100498349,v2_avx512bw_vec32_exact_perm,39-62-78-87-22-44-72-45-18-56-67-14-12-90-69-51-59-68-29-4-48-31-3-36-27-24-81-77-9-91-57-83-41-73-50-28-66-70-25-19-15-7-5-93-96-6-89-32-64-17-33-49-71-88-52-63-53-100-30-75-65-35-76-23-2-86-61-98-99-80-1-21-40-46-79-8-55-10-37-58-82-85-43-95-16-74-92-54-38-84-11-42-13-97-60-94-34-47-26-20
Ta100x20,8,5,500,0.85,0.075,8,2230808273,17000,6706,6481,6084,6.442833134,v2_avx512bw_vec32_exact_perm,39-87-78-69-22-72-68-59-28-90-62-12-7-70-44-58-14-31-56-45-71-18-93-9-83-48-29-81-25-91-65-88-35-24-37-2-96-64-73-41-33-36-27-67-23-5-51-74-19-77-4-21-40-3-98-50-57-17-1-52-42-89-84-10-46-49-76-75-30-15-53-100-6-66-16-95-94-38-82-43-80-86-60-8-79-32-13-61-11-63-55-92-54-85-99-34-97-26-20-47
Ta100x20,8,5,500,0.85,0.075,9,2230809282,17000,6746,6481,6084,6.386713852,v2_avx512bw_vec32_exact_perm,39-62-78-87-71-90-72-67-22-74-45-69-68-12-14-29-59-7-9-58-56-81-75-5-91-73-70-17-93-21-25-31-44-57-89-41-36-83-15-96-6-1-35-27-19-50-66-88-28-10-40-37-53-100-52-30-23-2-82-65-98-4-60-51-64-77-76-48-55-8-24-16-80-79-33-49-85-54-92-99-11-63-84-61-43-3-42-86-18-46-32-38-34-95-13-94-20-97-26-47
Ta100x20,8,5,500,0.85,0.075,10,2230810291,17000,6752,6481,6084,6.29871185,v2_avx512bw_vec32_exact_perm,39-62-51-87-29-72-73-59-78-12-83-22-68-70-58-90-7-67-18-69-85-9-44-91-1-4-64-31-56-100-25-24-71-14-96-76-66-52-74-57-48-15-81-93-5-17-45-35-33-19-77-89-6-41-75-23-50-2-63-88-53-8-27-82-30-43-21-61-65-98-92-40-84-80-3-36-10-16-46-37-79-11-28-49-38-54-32-13-42-95-86-99-55-94-60-34-47-26-20-97
Ta100x20,8,5,500,0.85,0.1,1,2230801210,17000,6757,6481,6084,6.213232083,v2_avx512bw_vec32_exact_perm,39-28-72-12-73-88-68-59-62-22-44-90-51-81-78-74-71-83-87-18-75-58-69-29-4-33-9-25-5-7-31-27-49-14-1-70-91-10-67-24-56-89-16-36-76-64-55-3-93-15-80-23-45-77-41-57-52-21-95-98-43-96-35-66-50-40-17-63-6-37-19-53-65-84-48-82-8-30-38-54-86-11-100-46-99-61-32-60-13-42-2-92-79-94-26-85-34-20-47-97
Ta100x20,8,5,500,0.85,0.1,2,2230802219,17000,6745,6481,6084,6.629829866,v2_avx512bw_vec32_exact_perm,39-62-78-41-69-67-72-12-59-29-44-56-58-68-91-51-71-100-14-76-31-1-33-22-88-70-27-18-94-40-90-35-48-45-81-49-93-7-98-9-5-24-23-25-83-73-30-16-65-57-17-99-19-10-37-11-3-36-75-52-87-82-6-80-85-50-89-60-53-63-15-32-4-77-64-79-28-13-21-84-43-8-61-66-86-74-2-96-46-38-42-92-54-55-34-95-97-47-26-20
Ta100x20,8,5,500,0.85,0.1,3,2230803228,17000,6771,6481,6084,6.420975834,v2_avx512bw_vec32_exact_perm,39-62-78-29-22-12-72-28-67-7-45-87-69-90-18-56-44-81-23-51-97-5-91-36-71-10-31-57-73-59-96-14-27-24-33-75-88-68-93-17-100-1-9-35-64-66-30-21-6-38-70-49-16-25-4-77-15-8-48-53-83-84-82-63-95-76-80-46-52-58-19-85-37-43-41-74-50-55-89-54-3-98-65-40-79-60-2-61-92-42-11-99-34-32-13-86-94-47-26-20
Ta100x20,8,5,500,0.85,0.1,4,2230804237,17000,6771,6481,6084,6.634746529,v2_avx512bw_vec32_exact_perm,39-28-78-22-6-62-31-56-87-7-70-64-68-44-12-45-59-71-72-14-75-9-73-90-41-15-83-29-91-81-27-51-4-77-69-74-18-55-57-24-33-93-53-98-58-88-1-65-3-16-40-10-25-19-17-35-48-36-67-76-49-50-8-5-52-84-100-38-99-21-63-96-85-37-23-11-86-43-32-66-89-30-80-2-82-60-13-79-54-42-95-94-46-92-34-47-61-26-20-97
Ta100x20,8,5,500,0.85,0.1,5,2230805246,17000,6726,6481,6084,6.490963789,v2_avx512bw_vec32_exact_perm,39-62-78-73-67-72-22-59-87-70-68-36-12-90-91-71-69-81-83-14-64-58-31-1-7-18-5-29-44-49-4-56-9-3-76-51-28-48-89-88-27-10-50-25-45-74-99-17-52-100-2-15-37-41-77-98-40-35-23-75-93-16-65-24-19-57-55-82-6-53-80-42-43-86-61-21-63-84-85-30-33-11-54-46-38-8-94-96-95-32-60-13-79-92-66-34-47-26-20-97
Ta100x20,8,5,500,0.85,0.1,6,2230806255,17000,6711,6481,6084,6.384382204,v2_avx512bw_vec32_exact_perm,39-62-78-67-72-45-44-29-12-88-4-87-77-22-71-64-28-69-90-51-83-7-18-68-33-95-73-25-70-100-59-1-40-91-9-14-27-17-56-66-31-36-57-41-96-93-52-76-58-19-30-48-24-5-53-49-23-81-10-89-82-37-79-35-85-15-74-98-50-65-6-46-75-63-32-3-2-38-86-21-99-80-34-43-92-54-13-61-8-11-55-42-84-16-60-94-97-47-26-20
Ta100x20,8,5,500,0.85,0.1,7,2230807264,17000,6749,6481,6084,6.236445913,v2_avx512bw_vec32_exact_perm,39-62-78-71-12-73-72-67-44-1-56-70-90-35-87-59-58-29-22-93-10-14-4-77-7-64-33-31-25-69-36-91-6-24-75-18-49-45-81-41-68-88-15-48-9-51-52-17-23-28-16-95-57-27-63-82-5-19-66-89-30-76-38-83-74-37-85-80-53-98-55-43-3-21-100-8-61-79-86-2-32-84-50-11-65-46-47-40-42-60-54-99-13-34-92-94-26-96-20-97
Ta100x20,8,5,500,0.85,0.1,8,2230808273,17000,6752,6481,6084,6.587421563,v2_avx512bw_vec32_exact_perm,39-62-22-78-70-73-83-87-56-90-59-14-45-66-81-36-27-68-29-44-12-40-7-5-33-31-28-21-88-43-72-2-91-15-4-98-3-25-67-35-69-58-96-19-100-41-18-71-57-52-50-55-9-48-93-53-60-30-89-13-77-51-85-24-75-82-23-10-37-95-17-64-99-11-1-38-76-86-65-8-49-6-46-61-74-63-16-79-84-54-94-80-32-34-42-47-92-26-20-97
Ta100x20,8,5,500,0.85,0.1,9,2230809282,17000,6745,6481,6084,6.263339778,v2_avx512bw_vec32_exact_perm,39-62-78-67-72-45-31-56-29-59-69-25-73-12-74-4-87-14-90-18-80-27-41-44-70-71-91-57-48-9-51-5-22-81-7-15-88-3-58-49-1-96-83-6-19-50-64-36-68-24-93-21-98-75-10-8-95-46-82-77-66-55-85-40-63-89-100-30-16-11-52-23-28-33-76-53-2-86-35-37-92-54-42-38-43-13-84-32-65-61-79-97-99-17-34-60-94-26-20-47
Ta100x20,8,5,500,0.85,0.1,10,2230810291,17000,6688,6481,6084,6.255389872,v2_avx512bw_vec32_exact_perm,39-62-78-71-72-44-51-22-31-68-69-12-74-87-88-67-59-27-5-24-29-25-10-58-90-91-6-36-19-37-3-18-45-48-66-83-81-9-41-89-57-1-100-30-64-77-49-4-7-73-96-15-35-70-53-93-75-40-63-23-52-21-14-17-82-80-43-16-86-2-50-98-42-84-33-8-56-46-76-65-94-28-85-55-11-60-34-61-92-54-38-99-95-32-13-79-47-26-20-97
Ta100x20,8,5,500,0.85,0.125,1,2230801210,17000,6778,6481,6084,6.168287407,v2_avx512bw_vec32_exact_perm,39-28-62-78-72-54-71-12-56-14-59-44-22-24-45-41-70-31-77-93-73-91-88-6-87-5-9-67-69-19-33-27-57-16-29-58-68-51-4-36-98-83-50-1-17-75-8-2-40-3-46-37-30-48-65-35-15-7-76-64-66-100-96-43-81-99-38-10-23-82-25-60-52-21-63-49-53-84-26-32-79-18-90-80-42-92-95-61-11-89-13-55-94-86-85-74-34-20-47-97
Ta100x20,8,5,500,0.85,0.125,2,2230802219,17000,6753,6481,6084,6.152063335,v2_avx512bw_vec32_exact_perm,39-62-78-31-87-12-28-72-22-56-32-7-18-4-70-59-44-51-91-27-40-81-68-69-29-71-93-67-6-90-36-49-30-1-19-73-2-58-25-3-5-15-83-9-77-57-41-23-53-14-89-50-45-16-88-10-74-48-65-24-63-35-17-86-96-21-46-61-80-100-85-52-38-37-33-76-84-8-82-75-13-43-79-99-55-11-94-95-66-64-54-92-98-42-34-60-47-26-20-97
Ta100x20,8,5,500,0.85,0.125,3,2230803228,17000,6744,6481,6084,6.152037097,v2_avx512bw_vec32_exact_perm,39-22-28-18-72-62-78-90-87-70-67-12-7-83-31-93-44-29-59-56-77-41-51-5-96-53-64-14-71-69-27-33-10-91-50-48-73-19-57-58-15-36-40-65-30-25-81-88-9-17-24-45-49-6-35-63-66-100-98-32-68-1-61-46-75-43-55-21-16-37-89-23-84-79-80-3-11-52-4-54-76-38-85-86-99-74-82-8-60-92-13-2-34-42-97-95-94-26-20-47
Ta100x20,8,5,500,0.85,0.125,4,2230804237,17000,6756,6481,6084,6.322271015,v2_avx512bw_vec32_exact_perm,39-62-78-87-90-56-22-72-68-6-29-3-59-12-71-69-51-31-44-14-1-45-19-91-70-58-73-67-25-83-7-9-57-28-93-60-33-88-81-18-75-27-49-89-74-48-64-4-36-35-86-77-21-98-82-66-65-30-23-24-40-53-41-50-96-52-17-2-10-5-38-76-16-11-8-15-80-61-79-100-63-95-32-85-92-54-13-84-46-43-55-42-99-37-94-34-47-26-20-97
Ta100x20,8,5,500,0.85,0.125,5,2230805246,17000,6760,6481,6084,6.185167492,v2_avx512bw_vec32_exact_perm,39-62-78-71-44-87-68-29-72-12-4-7-70-59-18-9-51-45-90-60-67-69-48-56-73-53-89-14-91-5-75-31-100-24-33-19-81-22-64-36-2-88-57-10-58-41-25-76-50-1-96-49-66-52-83-30-74-6-15-23-77-35-38-98-17-95-32-46-40-65-63-3-8-27-86-28-93-85-82-21-13-61-43-16-79-80-42-84-37-55-11-99-94-54-26-34-92-20-47-97
Ta100x20,8,5,500,0.85,0.125,6,2230806255,17000,6689,6481,6084,6.647757366,v2_avx512bw_vec32_exact_perm,39-62-29-59-87-72-78-73-12-31-91-36-81-22-70-56-3-44-6-48-14-67-45-71-41-64-69-57-51-19-27-4-50-58-16-25-5-15-9-83-88-24-90-96-93-98-7-28-10-49-76-1-86-40-17-66-18-77-33-53-42-35-65-60-74-75-23-55-30-100-63-52-38-37-94-82-68-95-85-43-21-61-2-92-89-80-34-8-11-54-13-79-32-84-99-26-46-20-47-97
Ta100x20,8,5,500,0.85,0.125,7,2230807264,17000,6789,6481,6084,6.402923443,v2_avx512bw_vec32_exact_perm,39-62-72-67-78-29-44-69-87-48-70-73-25-7-90-22-12-58-14-24-9-59-31-4-17-1-91-68-56-57-66-71-50-81-27-33-83-18-88-21-45-75-64-41-96-5-51-74-19-65-93-36-37-86-77-3-6-40-52-89-63-10-8-84-53-100-82-30-49-23-80-42-54-43-16-76-35-46-98-15-61-28-79-11-2-85-60-95-32-13-99-38-55-20-26-34-92-94-47-97
Ta100x20,8,5,500,0.85,0.125,8,2230808273,17000,6778,6481,6084,6.750950282,v2_avx512bw_vec32_exact_perm,39-62-28-72-90-87-32-67-78-31-69-74-44-71-22-91-70-45-29-56-4-59-81-25-12-5-7-41-57-53-15-51-48-75-68-17-64-9-73-14-24-58-88-37-66-52-18-40-27-100-49-83-1-19-98-8-23-50-3-77-10-33-93-86-6-2-60-84-36-85-21-89-80-35-43-16-63-76-65-38-30-82-79-61-42-46-96-11-54-95-13-55-99-26-92-34-94-97-20-47
Ta100x20,8,5,500,0.85,0.125,9,2230809282,17000,6772,6481,6084,6.691653729,v2_avx512bw_vec32_exact_perm,39-62-78-22-72-67-31-91-4-44-36-59-70-87-73-56-64-24-1-88-69-83-27-90-29-51-25-81-93-71-45-5-9-75-68-14-10-58-41-23-49-52-35-6-40-96-3-12-57-18-74-100-37-89-98-7-77-48-19-66-28-50-33-86-30-8-61-43-17-16-53-60-65-63-15-82-55-11-32-38-76-21-2-42-85-95-80-99-79-84-46-92-26-13-54-20-94-34-47-97
Ta100x20,8,5,500,0.85,0.125,10,2230810291,17000,6777,6481,6084,6.925012806,v2_avx512bw_vec32_exact_perm,39-62-87-78-72-67-4-22-44-12-14-70-73-91-90-18-56-35-1-59-7-64-68-45-9-38-57-69-41-29-27-83-71-3-53-36-40-24-49-37-81-10-48-16-88-96-100-31-93-98-25-28-89-77-17-6-33-52-60-61-2-65-82-58-5-19-75-30-11-21-8-50-51-15-42-43-66-84-74-94-63-86-80-76-85-20-13-46-79-99-54-23-95-55-32-34-47-92-26-97
Ta100x20,8,5,500,0.8875,0.025,1,2230801210,17000,6751,6481,6084,6.333691731,v2_avx512bw_vec32_exact_perm,39-62-28-72-90-87-59-56-36-73-18-78-22-14-69-29-71-44-6-68-51-12-7-67-65-19-64-33-45-25-70-91-24-81-31-5-88-57-35-74-53-83-41-9-76-30-38-27-98-4-75-54-50-1-77-52-21-2-32-37-23-17-40-63-48-10-96-93-49-84-79-8-100-46-16-80-82-61-58-11-86-60-3-55-89-42-13-99-85-43-15-94-95-92-66-34-47-26-20-97
Ta100x20,8,5,500,0.8875,0.025,2,2230802219,17000,6719,6481,6084,6.49477895,v2_avx512bw_vec32_exact_perm,39-62-78-31-28-72-44-22-91-51-12-45-7-59-71-87-64-70-90-69-14-73-57-56-1-29-58-77-81-68-27-9-33-41-5-67-83-93-23-96-88-40-82-18-24-65-76-66-36-4-89-30-38-32-100-98-84-15-48-53-25-17-6-50-19-35-49-52-75-86-3-16-46-43-2-80-63-21-94-61-10-37-85-79-60-8-11-54-95-34-13-42-99-92-74-55-47-97-26-20
Ta100x20,8,5,500,0.8875,0.025,3,2230803228,17000,6712,6481,6084,7.08940085,v2_avx512bw_vec32_exact_perm,39-62-28-72-78-31-44-51-71-70-29-12-67-22-18-45-87-56-69-90-57-14-9-58-7-25-91-81-73-59-49-75-35-15-68-10-30-48-83-93-74-27-24-36-5-65-89-16-63-46-40-6-96-77-4-19-98-1-38-3-32-86-21-33-50-80-2-43-23-17-82-84-41-8-100-52-61-76-88-42-99-11-54-60-55-85-53-97-13-37-95-79-64-94-92-66-34-47-26-20
Ta100x20,8,5,500,0.8875,0.025,4,2230804237,17000,6739,6481,6084,6.571364789,v2_avx512bw_vec32_exact_perm,39-62-78-73-29-87-22-90-36-72-59-27-12-56-31-71-69-68-18-44-58-14-51-17-45-91-70-6-48-24-57-67-66-93-96-35-33-81-88-9-5-64-7-25-19-1-76-23-49-53-74-4-41-50-28-65-15-83-52-30-61-100-85-98-10-82-63-75-11-40-16-43-3-46-89-2-37-60-8-55-21-32-54-13-80-86-77-84-99-92-38-42-95-97-79-94-34-47-26-20
Ta100x20,8,5,500,0.8875,0.025,5,2230805246,17000,6713,6481,6084,6.30380396,v2_avx512bw_vec32_exact_perm,39-62-78-67-12-69-44-72-87-51-71-59-29-90-73-18-22-45-27-57-14-31-56-93-81-7-70-66-48-9-5-1-6-19-36-68-91-83-15-58-50-35-28-64-77-88-89-10-75-25-53-41-49-100-30-24-3-65-98-40-33-52-82-46-42-76-17-61-80-4-16-11-21-60-79-85-63-37-84-32-54-74-96-55-92-8-23-43-99-13-38-2-95-86-94-34-47-97-26-20
Ta100x20,8,5,500,0.8875,0.025,6,2230806255,17000,6716,6481,6084,6.381833211,v2_avx512bw_vec32_exact_perm,39-62-87-78-4-44-67-72-74-22-69-9-59-51-7-31-14-29-12-71-24-90-18-45-56-64-27-3-5-33-41-57-68-91-73-96-88-28-15-19-83-81-25-1-70-48-6-100-49-53-23-77-82-35-50-10-2-65-98-93-63-38-75-30-17-89-36-40-16-58-52-79-99-60-8-94-37-86-46-76-54-85-43-21-84-13-61-80-95-11-55-66-34-92-47-32-42-97-26-20
Ta100x20,8,5,500,0.8875,0.025,7,2230807264,17000,6720,6481,6084,6.375437443,v2_avx512bw_vec32_exact_perm,39-62-87-78-44-72-58-56-59-12-45-29-51-71-83-9-68-57-31-67-18-69-14-24-25-88-73-22-90-27-4-60-19-1-70-7-91-28-32-40-30-16-93-74-54-17-49-5-81-15-77-89-10-33-41-53-23-8-76-48-98-50-36-55-3-100-86-61-99-6-52-43-85-84-38-21-75-63-11-82-65-42-35-46-80-37-96-2-13-79-64-94-95-66-92-34-20-47-97-26
Ta100x20,8,5,500,0.8875,0.025,8,2230808273,17000,6710,6481,6084,6.4197235,v2_avx512bw_vec32_exact_perm,39-62-78-73-14-67-72-12-44-74-59-29-31-28-100-70-87-45-4-52-90-27-69-7-22-56-64-41-83-77-2-15-51-9-91-35-25-68-88-81-5-58-49-71-37-96-18-36-89-1-53-80-19-82-57-93-17-24-33-76-48-50-8-86-98-46-40-94-65-23-75-30-55-32-6-3-10-63-43-42-60-13-38-21-85-16-92-54-84-79-11-99-61-95-66-34-26-20-47-97
Ta100x20,8,5,500,0.8875,0.025,9,2230809282,17000,6737,6481,6084,6.348156605,v2_avx512bw_vec32_exact_perm,39-62-78-73-67-64-22-72-87-70-7-36-44-68-56-69-59-14-29-90-12-31-71-3-45-91-81-37-51-83-4-25-2-1-35-9-77-57-18-93-82-28-41-89-19-27-24-53-98-15-40-88-52-5-43-75-58-8-55-50-65-48-6-80-96-23-30-84-63-49-74-10-21-32-17-38-16-99-46-76-42-85-79-33-60-11-13-100-61-92-97-54-86-66-34-95-94-47-26-20
Ta100x20,8,5,500,0.8875,0.025,10,2230810291,17000,6791,6481,6084,6.295840155,v2_avx512bw_vec32_exact_perm,39-62-28-22-14-72-87-68-12-44-83-59-31-71-78-66-6-45-1-56-70-7-58-64-29-69-67-49-25-90-57-81-24-27-53-88-51-3-77-37-91-33-18-40-100-15-30-82-73-89-5-36-9-98-48-76-4-23-96-35-19-41-52-75-50-63-65-2-61-17-43-93-55-16-8-85-11-95-32-38-99-80-21-60-86-79-92-54-10-94-42-84-46-20-13-74-26-34-97-47
Ta100x20,8,5,500,0.8875,0.05,1,2230801210,17000,6713,6481,6084,6.879170523,v2_avx512bw_vec32_exact_perm,39-62-78-67-72-44-83-87-69-14-29-59-12-68-45-22-74-90-3-31-36-5-81-27-35-66-71-24-57-1-9-70-56-93-7-10-30-6-89-91-25-15-75-4-51-17-41-18-73-76-33-46-96-53-49-48-52-100-58-40-98-23-64-2-21-63-19-16-11-85-50-55-77-86-82-28-80-88-43-92-54-65-97-61-38-8-32-84-42-60-37-79-13-99-34-95-94-26-20-47
Ta100x20,8,5,500,0.8875,0.05,2,2230802219,17000,6719,6481,6084,6.699679469,v2_avx512bw_vec32_exact_perm,39-62-78-67-72-44-7-12-69-45-68-31-73-25-9-91-51-22-5-66-27-18-56-70-29-14-2-71-58-87-1-88-59-57-33-50-64-48-90-36-81-6-49-28-83-40-89-41-24-98-99-96-93-76-23-16-53-15-21-77-17-19-35-100-63-10-42-61-74-4-30-75-84-3-52-43-65-38-86-8-82-60-80-54-11-55-85-92-46-95-37-32-34-13-79-94-47-26-20-97
Ta100x20,8,5,500,0.8875,0.05,3,2230803228,17000,6751,6481,6084,6.778156196,v2_avx512bw_vec32_exact_perm,39-62-28-72-78-68-44-10-45-56-12-29-22-18-7-69-59-51-40-71-77-90-31-1-67-35-70-14-91-57-27-87-73-88-24-25-9-100-81-83-5-75-53-15-30-33-50-96-46-36-41-58-65-37-82-52-98-23-76-93-17-86-38-6-49-8-3-43-64-4-48-63-60-84-55-79-66-80-54-21-85-74-16-19-2-42-92-99-32-11-89-13-61-34-95-97-94-26-20-47
Ta100x20,8,5,500,0.8875,0.05,4,2230804237,17000,6765,6481,6084,7.049849423,v2_avx512bw_vec32_exact_perm,39-22-67-62-28-68-72-90-73-78-12-29-59-14-31-44-83-56-58-71-25-89-70-87-27-91-1-9-5-33-69-40-52-45-51-4-2-18-81-65-7-17-49-35-24-3-88-98-36-75-15-41-50-86-77-8-64-19-53-48-57-96-74-30-10-93-63-13-76-66-100-16-82-84-60-55-6-23-46-85-80-61-21-37-11-79-99-43-42-54-92-97-32-34-38-95-94-26-20-47
Ta100x20,8,5,500,0.8875,0.05,5,2230805246,17000,6746,6481,6084,6.781777998,v2_avx512bw_vec32_exact_perm,39-62-22-87-72-78-51-67-68-41-69-12-71-7-44-90-14-70-56-45-27-64-29-77-4-3-6-9-5-31-57-18-40-24-83-91-21-66-73-37-88-19-25-59-49-60-98-93-30-28-33-82-50-65-36-89-86-23-1-38-8-76-35-11-10-53-100-81-63-52-75-96-48-79-46-2-74-55-92-16-58-99-80-95-13-15-32-61-85-17-42-54-34-43-94-84-97-26-20-47
Ta100x20,8,5,500,0.8875,0.05,6,2230806255,17000,6721,6481,6084,6.486944472,v2_avx512bw_vec32_exact_perm,39-62-87-78-72-44-73-71-12-51-18-45-91-7-69-22-64-14-70-90-41-56-5-27-58-29-81-59-4-83-88-9-31-19-36-1-54-66-67-57-15-93-89-48-35-2-76-49-30-25-52-50-28-100-98-6-68-40-46-10-77-75-53-16-97-86-61-24-17-63-21-8-43-3-65-23-84-60-82-37-32-55-11-80-85-38-79-99-74-96-33-92-13-42-95-94-34-47-26-20
Ta100x20,8,5,500,0.8875,0.05,7,2230807264,17000,6746,6481,6084,7.046687276,v2_avx512bw_vec32_exact_perm,39-62-78-28-29-31-12-35-72-59-87-33-69-22-36-73-44-7-14-90-30-68-70-56-18-100-9-24-91-19-76-27-25-10-48-57-41-71-50-66-5-67-6-93-2-21-83-81-49-51-58-96-63-77-88-4-85-15-17-3-52-53-80-98-32-99-89-86-1-45-82-43-23-40-16-38-75-60-79-8-37-65-84-61-74-11-95-13-55-54-97-92-46-64-42-94-34-47-26-20
Ta100x20,8,5,500,0.8875,0.05,8,2230808273,17000,6756,6481,6084,6.679190373,v2_avx512bw_vec32_exact_perm,39-62-78-18-58-14-72-68-12-29-69-44-56-67-93-7-70-59-22-87-40-64-31-91-76-25-90-24-6-73-5-71-9-45-21-81-57-15-41-28-17-65-98-51-33-49-36-48-16-35-27-4-84-89-66-77-52-100-83-82-19-75-88-37-10-85-80-30-50-46-1-53-2-32-23-60-63-42-74-96-55-43-86-99-38-95-94-3-11-54-79-8-61-92-13-34-47-26-20-97
Ta100x20,8,5,500,0.8875,0.05,9,2230809282,17000,6705,6481,6084,7.037704102,v2_avx512bw_vec32_exact_perm,39-62-78-31-28-72-44-29-73-59-70-12-91-1-87-56-69-90-67-81-27-51-93-14-10-45-22-71-83-25-58-16-36-49-24-18-7-9-15-40-41-100-48-68-98-88-35-54-75-5-50-6-96-43-19-21-52-66-63-4-57-3-86-77-89-33-30-61-53-65-82-74-17-84-8-55-32-2-23-80-99-38-11-79-60-37-85-46-76-42-92-13-64-95-94-34-47-26-20-97
Ta100x20,8,5,500,0.8875,0.05,10,2230810291,17000,6781,6481,6084,7.054397022,v2_avx512bw_vec32_exact_perm,39-62-56-67-72-44-87-78-31-69-73-12-22-24-90-29-59-70-25-41-91-36-1-71-14-58-83-93-2-18-28-45-96-27-37-88-9-7-35-53-65-68-57-5-82-4-17-48-40-33-89-81-49-74-75-23-6-52-30-51-64-15-10-63-50-16-100-80-98-19-21-77-55-13-43-8-76-66-86-60-85-61-11-32-84-92-54-38-99-46-79-97-94-3-42-95-34-47-26-20
Ta100x20,8,5,500,0.8875,0.075,1,2230801210,17000,6748,6481,6084,6.640027387,v2_avx512bw_vec32_exact_perm,39-62-87-78-22-4-83-72-44-73-69-12-28-7-91-67-9-14-56-27-29-59-75-31-64-36-90-1-40-88-71-58-66-24-25-51-17-57-15-6-89-81-2-41-70-60-30-32-19-45-18-52-93-10-21-48-5-49-23-77-37-63-68-35-98-16-50-33-96-74-53-46-76-86-80-85-84-82-3-11-65-54-100-95-38-79-99-43-8-13-61-55-42-94-34-97-92-47-26-20
Ta100x20,8,5,500,0.8875,0.075,2,2230802219,17000,6786,6481,6084,6.611672851,v2_avx512bw_vec32_exact_perm,39-62-78-22-28-31-36-72-56-87-44-59-68-29-24-12-48-35-10-14-70-90-4-67-69-64-9-7-91-18-89-45-73-49-71-3-16-57-40-23-25-2-93-17-58-5-81-88-75-27-55-33-50-74-1-19-63-83-6-21-15-41-43-60-82-98-66-80-8-76-100-30-53-52-65-51-13-84-61-77-85-37-99-32-86-38-11-92-79-46-54-96-42-95-94-26-34-20-47-97
Ta100x20,8,5,500,0.8875,0.075,3,2230803228,17000,6752,6481,6084,6.70983762,v2_avx512bw_vec32_exact_perm,39-87-72-44-62-22-71-31-18-28-4-90-73-91-51-10-78-14-36-93-12-56-69-29-67-25-1-68-24-59-75-70-27-81-89-45-48-64-9-37-83-49-5-7-41-17-8-3-74-16-57-77-53-23-96-19-82-98-6-100-58-80-35-50-88-52-84-33-43-95-66-61-86-40-55-38-15-30-65-32-2-46-76-54-42-63-92-11-85-99-34-79-60-21-13-94-47-26-20-97
Ta100x20,8,5,500,0.8875,0.075,4,2230804237,17000,6760,6481,6084,6.364333276,v2_avx512bw_vec32_exact_perm,39-62-87-78-72-73-18-22-29-36-12-56-28-4-31-91-90-24-7-45-9-25-44-69-66-1-83-67-57-71-14-15-64-54-51-81-59-41-3-76-93-77-17-35-53-27-89-100-5-30-43-23-63-75-55-52-82-11-68-10-6-88-49-48-38-8-86-58-16-61-50-96-46-98-60-40-65-19-21-2-92-80-95-74-13-70-32-37-33-99-79-85-42-84-94-34-26-20-47-97
Ta100x20,8,5,500,0.8875,0.075,5,2230805246,17000,6792,6481,6084,6.471126555,v2_avx512bw_vec32_exact_perm,39-62-58-73-59-78-12-87-36-22-33-72-68-91-5-51-28-44-41-69-9-31-25-7-90-70-57-18-67-81-71-75-24-56-64-40-27-45-80-4-100-88-14-60-50-89-82-1-48-83-3-6-19-15-77-52-76-49-96-65-93-35-43-66-21-86-53-8-10-23-29-85-37-11-63-30-84-98-17-61-46-54-95-55-32-38-74-79-13-2-92-42-16-94-34-99-47-97-20-26
Ta100x20,8,5,500,0.8875,0.075,6,2230806255,17000,6730,6481,6084,6.63093512,v2_avx512bw_vec32_exact_perm,39-62-78-72-73-67-69-87-18-12-22-14-91-24-56-44-98-3-7-25-8-57-59-81-90-29-45-41-71-9-83-50-35-10-37-97-70-2-77-17-23-31-36-100-1-66-5-88-30-28-33-89-82-58-96-19-93-53-75-85-46-60-27-51-15-49-6-76-48-52-4-68-74-86-38-16-84-32-21-63-43-92-80-61-40-11-54-13-55-65-42-79-64-99-95-94-34-26-20-47
Ta100x20,8,5,500,0.8875,0.075,7,2230807264,17000,6773,6481,6084,6.672010741,v2_avx512bw_vec32_exact_perm,39-62-22-72-78-44-73-87-4-12-29-70-45-91-56-64-28-14-69-9-27-67-7-71-90-59-88-58-5-68-6-83-18-24-93-65-48-81-75-54-51-50-38-98-35-36-19-31-25-82-15-57-17-60-30-49-33-23-53-8-76-94-16-43-61-40-100-41-52-66-89-84-77-10-37-74-2-86-3-21-95-85-79-80-11-96-32-63-92-55-42-26-1-13-99-46-34-20-47-97
Ta100x20,8,5,500,0.8875,0.075,8,2230808273,17000,6732,6481,6084,6.756539577,v2_avx512bw_vec32_exact_perm,39-62-78-67-72-44-29-36-22-87-2-73-71-70-14-24-83-81-91-31-69-45-93-12-59-9-77-64-5-56-90-66-27-51-17-18-58-40-41-15-1-76-57-52-48-53-7-35-89-43-10-23-50-6-16-25-82-68-8-98-49-61-21-85-96-19-88-63-84-95-33-75-4-3-100-74-30-65-80-38-92-94-60-37-11-28-86-99-42-55-54-46-13-32-34-79-47-26-20-97
Ta100x20,8,5,500,0.8875,0.075,9,2230809282,17000,6771,6481,6084,6.564693201,v2_avx512bw_vec32_exact_perm,39-62-29-59-78-56-67-44-71-31-64-70-22-69-12-68-36-27-74-45-90-41-14-51-58-10-15-25-57-73-87-60-1-83-91-93-75-9-72-7-5-6-35-88-4-49-3-77-23-17-53-66-28-76-33-85-86-81-52-24-48-50-79-2-98-30-89-37-18-40-65-61-43-21-54-96-80-38-16-46-82-100-11-32-13-63-8-92-34-19-42-84-95-55-99-94-97-20-26-47
Ta100x20,8,5,500,0.8875,0.075,10,2230810291,17000,6770,6481,6084,6.367095642,v2_avx512bw_vec32_exact_perm,39-62-78-87-90-72-29-22-44-14-69-71-70-67-56-73-59-82-7-57-91-25-4-1-51-31-9-27-5-28-74-64-81-52-88-49-100-68-24-18-3-19-48-83-37-6-96-36-93-75-35-79-66-23-10-58-15-16-33-41-77-98-17-53-80-63-86-40-65-45-50-11-30-38-12-60-76-21-2-8-89-54-99-32-92-85-61-43-55-46-26-13-84-94-95-42-34-20-47-97
Ta100x20,8,5,500,0.8875,0.1,1,2230801210,17000,6760,6481,6084,7.058572839,v2_avx512bw_vec32_exact_perm,39-62-78-67-87-29-72-59-12-23-18-22-90-51-56-28-81-1-3-36-100-33-68-71-14-91-73-44-45-83-27-64-31-93-37-70-5-89-69-9-74-41-96-40-48-35-10-52-4-57-75-24-19-7-61-25-6-17-30-50-98-2-58-21-32-82-63-88-77-13-80-49-86-95-76-43-65-16-46-15-84-66-55-11-60-38-85-92-53-79-42-99-26-54-94-8-34-20-47-97
Ta100x20,8,5,500,0.8875,0.1,2,2230802219,17000,6793,6481,6084,7.367387521,v2_avx512bw_vec32_exact_perm,39-62-18-4-22-68-12-78-36-29-73-72-59-67-87-90-14-91-71-45-69-83-51-70-1-21-31-40-25-81-33-44-88-9-57-93-96-24-27-30-58-56-41-76-6-66-50-5-98-77-37-35-52-11-75-15-65-53-17-10-3-7-82-2-48-86-85-89-19-60-95-49-80-55-100-84-8-92-54-74-63-43-42-79-46-94-16-38-28-23-64-32-61-34-99-26-20-47-13-97
Ta100x20,8,5,500,0.8875,0.1,3,2230803228,17000,6775,6481,6084,7.239588554,v2_avx512bw_vec32_exact_perm,39-28-56-4-12-68-59-14-87-10-62-78-74-67-7-91-72-15-54-51-18-29-90-1-69-83-45-31-9-88-44-81-5-70-48-64-24-58-71-75-2-50-100-41-73-57-89-99-30-76-36-22-55-27-93-17-23-98-3-86-6-77-25-35-19-38-8-16-53-40-60-63-82-49-80-61-21-33-85-43-84-95-52-92-37-11-42-97-79-65-96-32-13-66-34-46-26-20-94-47
Ta100x20,8,5,500,0.8875,0.1,4,2230804237,17000,6762,6481,6084,7.06457606,v2_avx512bw_vec32_exact_perm,39-62-78-72-67-29-59-87-12-60-51-73-90-36-68-69-14-3-44-70-31-56-28-1-71-57-10-9-76-22-83-41-25-58-52-81-45-77-64-50-98-17-37-93-7-75-91-5-4-6-48-2-74-18-19-40-8-24-96-27-82-89-35-43-15-63-30-65-49-23-53-88-61-100-21-42-94-55-16-46-80-95-79-85-86-38-32-11-33-99-54-84-13-92-66-34-47-26-20-97
Ta100x20,8,5,500,0.8875,0.1,5,2230805246,17000,6770,6481,6084,7.36261101,v2_avx512bw_vec32_exact_perm,39-62-78-87-71-69-90-44-74-67-70-59-72-52-12-64-45-56-18-51-14-29-1-83-22-68-9-73-31-5-7-91-15-93-96-58-17-60-33-36-25-89-19-50-48-53-57-81-24-75-21-6-35-40-98-27-88-10-100-65-23-28-4-49-41-2-63-8-3-77-30-84-85-66-86-76-46-80-43-32-38-79-13-42-16-92-11-61-47-95-99-37-54-82-34-94-55-26-20-97
Ta100x20,8,5,500,0.8875,0.1,6,2230806255,17000,6764,6481,6084,7.399318212,v2_avx512bw_vec32_exact_perm,39-62-22-72-87-7-90-4-78-67-12-44-91-68-37-56-9-51-28-71-69-83-1-59-5-70-29-31-49-14-58-18-48-64-57-88-24-73-81-50-100-98-45-77-6-85-35-19-27-96-93-17-25-79-33-10-43-94-66-40-8-65-32-30-52-36-63-75-53-38-21-16-11-89-2-41-3-60-86-23-82-13-76-84-80-15-74-99-61-95-46-55-92-54-42-97-26-20-34-47
Ta100x20,8,5,500,0.8875,0.1,7,2230807264,17000,6783,6481,6084,7.359093087,v2_avx512bw_vec32_exact_perm,39-62-73-87-69-31-56-67-12-14-78-91-70-44-36-72-71-5-59-58-90-3-93-83-29-22-1-27-66-81-40-7-74-48-9-33-89-68-51-45-96-17-65-25-50-30-24-100-6-2-35-4-88-60-37-23-86-18-28-49-64-41-98-77-21-75-19-16-57-61-80-10-46-92-53-76-85-52-63-42-84-79-95-43-82-8-38-15-11-55-32-94-99-34-54-47-26-13-20-97
Ta100x20,8,5,500,0.8875,0.1,8,2230808273,17000,6762,6481,6084,7.429448371,v2_avx512bw_vec32_exact_perm,39-62-72-22-28-4-10-24-31-69-67-44-78-56-45-91-12-81-59-57-29-51-87-74-27-5-73-19-7-6-70-82-53-71-18-83-90-25-38-21-32-36-16-14-77-89-88-64-33-96-68-8-50-66-49-40-30-15-85-41-35-37-92-23-1-43-58-2-98-48-76-9-75-86-80-60-93-63-52-84-100-3-97-42-17-65-13-95-61-99-11-55-54-79-46-34-94-47-26-20
Ta100x20,8,5,500,0.8875,0.1,9,2230809282,17000,6735,6481,6084,7.114446778,v2_avx512bw_vec32_exact_perm,39-62-67-72-29-59-22-87-36-4-78-18-12-73-69-14-44-90-91-9-70-24-28-83-30-31-77-49-74-68-51-52-56-1-5-27-48-7-82-57-45-64-89-2-71-50-35-96-33-38-81-15-88-58-37-10-25-43-21-3-98-17-41-8-55-75-63-60-93-19-66-100-16-23-79-80-6-76-65-86-61-53-85-40-11-84-13-54-46-92-47-95-94-34-99-42-32-26-20-97
Ta100x20,8,5,500,0.8875,0.1,10,2230810291,17000,6795,6481,6084,7.072027073,v2_avx512bw_vec32_exact_perm,39-62-87-59-4-78-56-22-67-72-45-12-73-70-69-58-14-96-71-64-44-91-24-7-83-25-68-81-90-88-36-29-9-40-18-31-93-51-1-3-5-27-74-6-50-49-53-33-17-100-41-52-35-66-63-15-75-65-34-89-48-76-98-23-10-37-43-85-95-84-19-61-21-60-16-38-55-8-28-2-77-57-99-42-32-30-94-80-46-82-13-86-54-11-92-79-97-26-20-47
Ta100x20,8,5,500,0.8875,0.125,1,2230801210,17000,6763,6481,6084,6.890552314,v2_avx512bw_vec32_exact_perm,39-62-78-31-29-1-67-72-74-18-12-87-56-90-57-14-91-6-69-46-45-71-7-93-5-44-22-8-4-81-68-50-83-9-77-28-41-75-73-100-19-27-24-25-30-64-98-76-36-89-23-88-17-10-40-33-58-59-96-35-52-79-63-43-66-85-51-53-49-16-48-86-70-55-65-3-80-37-95-21-82-11-54-38-61-84-32-42-99-15-13-2-92-60-94-34-26-20-47-97
Ta100x20,8,5,500,0.8875,0.125,2,2230802219,17000,6781,6481,6084,6.844695508,v2_avx512bw_vec32_exact_perm,39-62-87-36-73-22-72-10-90-12-29-71-4-59-67-25-78-51-56-68-75-18-27-31-7-91-70-44-14-48-24-5-69-76-99-9-64-1-17-58-83-88-23-94-45-35-28-43-65-19-6-50-60-40-66-98-96-15-57-82-52-81-93-38-33-53-16-61-3-100-8-49-21-80-37-77-63-86-2-30-55-89-79-85-41-84-32-11-95-46-54-74-97-92-13-42-26-20-34-47
Ta100x20,8,5,500,0.8875,0.125,3,2230803228,17000,6741,6481,6084,6.656335723,v2_avx512bw_vec32_exact_perm,39-62-22-4-18-78-74-72-67-44-65-97-36-14-29-73-45-87-59-12-69-71-27-51-56-1-35-93-31-19-90-77-68-57-91-81-9-17-25-7-52-24-70-50-83-5-6-48-2-88-58-37-15-96-40-41-3-76-49-21-98-100-53-10-82-61-33-66-23-8-86-84-11-63-75-30-46-89-32-85-28-92-16-43-80-95-42-38-13-54-55-99-60-34-79-64-26-94-47-20
Ta100x20,8,5,500,0.8875,0.125,4,2230804237,17000,6786,6481,6084,6.456948532,v2_avx512bw_vec32_exact_perm,39-62-78-73-22-72-18-90-51-68-29-44-12-59-87-74-83-91-70-71-24-5-37-67-69-81-19-25-58-9-57-50-31-76-48-4-82-45-27-96-64-93-36-49-6-1-35-89-2-14-17-88-40-53-30-77-52-33-23-100-10-7-66-8-80-16-84-98-15-41-3-54-63-28-61-21-32-65-75-94-85-11-55-86-43-13-95-46-56-79-26-60-99-92-38-42-34-20-47-97
Ta100x20,8,5,500,0.8875,0.125,5,2230805246,17000,6768,6481,6084,6.524195193,v2_avx512bw_vec32_exact_perm,39-62-22-72-45-56-67-68-7-59-87-44-32-78-4-71-29-31-14-51-69-3-83-96-57-70-27-41-81-88-15-91-18-58-77-37-24-93-90-73-25-49-5-9-64-1-6-35-75-28-63-74-89-33-30-17-98-19-82-76-36-48-10-60-53-52-23-40-12-100-16-46-80-55-85-38-43-65-42-86-21-99-84-50-8-11-54-95-13-2-66-92-34-61-79-97-20-26-94-47
Ta100x20,8,5,500,0.8875,0.125,6,2230806255,17000,6694,6481,6084,6.440815395,v2_avx512bw_vec32_exact_perm,39-62-78-72-67-69-31-22-60-36-41-28-56-68-90-1-81-44-14-32-29-70-4-45-91-87-64-12-88-73-3-27-15-53-7-40-9-71-17-5-57-82-58-10-25-2-51-89-66-18-83-52-100-16-63-77-48-84-37-35-93-80-23-24-19-30-6-59-50-98-49-55-76-42-96-21-33-8-38-79-75-11-61-43-86-99-65-74-13-46-92-54-85-95-94-34-47-26-20-97
Ta100x20,8,5,500,0.8875,0.125,7,2230807264,17000,6792,6481,6084,6.241070018,v2_avx512bw_vec32_exact_perm,39-62-78-68-29-67-59-22-73-44-90-14-45-72-31-1-21-24-51-87-56-83-69-18-15-7-57-55-9-17-91-23-27-5-35-71-75-30-58-93-12-32-2-36-64-3-19-10-4-48-81-70-37-28-88-40-41-65-82-33-25-49-80-96-11-77-38-100-92-6-16-89-66-52-61-76-63-95-53-86-98-50-79-74-84-60-8-13-46-42-43-85-54-20-34-94-99-47-97-26
Ta100x20,8,5,500,0.8875,0.125,8,2230808273,17000,6739,6481,6084,6.485385101,v2_avx512bw_vec32_exact_perm,39-62-87-78-12-68-77-22-72-14-51-44-7-45-67-83-93-27-41-4-73-69-55-56-31-29-59-70-1-18-60-91-57-89-75-15-36-71-64-9-81-76-53-24-90-88-66-3-25-17-35-100-74-49-33-5-58-98-6-28-23-16-40-10-63-21-30-82-19-42-11-65-80-48-79-8-43-85-52-61-2-37-96-84-92-46-54-32-50-13-95-86-99-38-94-34-47-26-20-97
Ta100x20,8,5,500,0.8875,0.125,9,2230809282,17000,6752,6481,6084,6.265059776,v2_avx512bw_vec32_exact_perm,39-62-59-51-87-78-28-72-44-68-22-56-31-36-27-1-4-70-29-91-67-9-14-69-18-3-12-10-40-64-93-71-45-58-73-41-5-7-100-48-49-81-50-90-32-15-53-89-96-25-35-66-24-19-17-63-86-88-6-2-75-8-83-82-43-55-52-23-98-77-11-30-85-60-38-21-16-33-42-84-46-76-80-37-34-65-57-99-13-79-61-95-54-92-74-94-47-26-20-97
Ta100x20,8,5,500,0.8875,0.125,10,2230810291,17000,6814,6481,6084,6.565641029,v2_avx512bw_vec32_exact_perm,39-87-22-62-78-28-68-44-73-90-64-18-51-70-56-12-69-31-59-7-5-29-66-30-27-57-17-45-9-37-58-25-32-41-72-49-36-91-1-88-83-81-16-86-19-71-40-93-10-6-24-33-84-14-38-77-53-35-48-75-2-82-50-98-3-100-96-52-23-79-80-4-76-67-89-15-60-85-99-8-55-74-21-63-43-95-13-11-42-92-46-94-26-65-61-54-34-97-47-20
Ta100x20,8,5,500,0.925,0.025,1,2230801210,17000,6743,6481,6084,6.525361316,v2_avx512bw_vec32_exact_perm,39-62-78-73-59-68-72-12-28-14-44-22-90-51-29-67-31-64-87-36-69-74-45-18-27-4-70-33-93-96-71-9-88-49-7-35-56-91-77-1-5-89-57-48-10-15-25-41-24-50-19-100-81-83-53-40-16-66-17-52-63-75-6-82-98-43-58-30-38-99-55-86-8-3-46-21-23-76-65-85-92-61-11-37-32-2-60-80-42-54-79-13-84-95-34-94-47-26-20-97
Ta100x20,8,5,500,0.925,0.025,2,2230802219,17000,6799,6481,6084,6.541419382,v2_avx512bw_vec32_exact_perm,39-62-78-67-73-69-72-14-87-12-90-70-58-91-81-49-51-24-44-59-18-29-6-41-74-5-56-71-9-22-10-57-88-15-27-25-45-96-48-19-1-35-4-77-33-93-28-31-7-64-36-68-75-50-40-53-8-83-66-43-3-37-92-79-98-54-30-100-80-17-23-89-61-76-82-46-99-65-86-52-38-85-13-2-60-16-21-84-42-34-95-63-11-55-32-94-47-26-20-97
Ta100x20,8,5,500,0.925,0.025,3,2230803228,17000,6774,6481,6084,6.626468798,v2_avx512bw_vec32_exact_perm,39-62-68-87-78-22-73-12-36-44-71-59-28-69-72-96-81-83-64-56-24-90-41-25-51-50-67-48-27-14-70-91-10-31-7-6-9-45-33-18-29-57-5-3-1-17-100-23-88-35-49-93-16-21-4-75-89-76-19-98-77-66-58-30-15-43-2-61-60-53-52-86-40-80-32-82-37-11-99-46-38-63-92-85-74-55-65-54-79-13-95-84-8-94-34-42-47-26-20-97
Ta100x20,8,5,500,0.925,0.025,4,2230804237,17000,6776,6481,6084,6.359801009,v2_avx512bw_vec32_exact_perm,39-28-72-67-59-22-36-44-62-18-78-12-56-4-7-71-21-3-14-91-90-96-9-73-1-88-5-64-69-31-29-93-45-58-33-49-70-48-68-98-81-27-25-89-83-51-87-57-24-52-76-17-41-19-23-77-100-10-15-53-30-16-82-85-75-80-50-42-6-35-2-63-65-55-11-46-61-40-8-74-95-79-37-94-54-13-43-86-32-38-60-34-99-66-92-84-26-20-47-97
Ta100x20,8,5,500,0.925,0.025,5,2230805246,17000,6776,6481,6084,6.322334171,v2_avx512bw_vec32_exact_perm,39-28-72-10-87-44-71-59-62-14-31-56-78-12-22-25-51-29-67-90-81-27-7-96-73-3-70-5-37-69-24-91-77-9-68-18-17-88-1-48-50-21-49-40-58-57-19-15-2-6-36-45-66-41-93-83-89-64-33-95-86-4-82-43-52-63-75-53-23-98-35-16-61-32-38-30-76-100-80-8-74-11-55-46-42-92-54-85-79-65-13-84-60-94-34-99-47-26-20-97
Ta100x20,8,5,500,0.925,0.025,6,2230806255,17000,6753,6481,6084,6.729988961,v2_avx512bw_vec32_exact_perm,39-62-78-10-73-72-90-71-22-44-36-57-67-87-56-12-31-1-91-29-18-28-24-69-59-45-88-81-64-70-51-27-5-14-48-9-58-68-7-4-93-98-25-17-100-37-83-75-96-66-77-50-49-19-53-41-89-35-8-43-33-61-30-32-40-3-65-63-21-6-80-23-38-16-79-84-11-55-82-76-42-99-60-2-86-15-74-52-85-92-46-54-95-13-94-34-47-26-20-97
Ta100x20,8,5,500,0.925,0.025,7,2230807264,17000,6768,6481,6084,6.922370549,v2_avx512bw_vec32_exact_perm,39-62-78-67-51-14-72-59-44-68-22-73-12-4-36-29-28-90-18-87-45-91-57-31-27-9-7-69-77-83-41-70-71-35-37-64-25-74-17-33-89-6-2-60-88-5-50-3-10-24-81-40-19-1-93-98-49-48-38-32-21-53-16-65-23-76-55-80-52-86-15-82-63-30-66-43-75-96-100-61-99-58-85-56-95-13-8-79-11-46-92-54-94-34-42-84-26-20-47-97
Ta100x20,8,5,500,0.925,0.025,8,2230808273,17000,6750,6481,6084,6.714729421,v2_avx512bw_vec32_exact_perm,39-62-73-90-87-72-36-59-58-31-12-29-45-18-71-22-56-70-7-27-74-69-96-82-64-15-77-14-81-91-25-9-44-51-28-67-4-24-88-33-83-1-5-2-8-78-49-41-19-75-35-76-48-93-100-17-30-68-10-52-23-57-6-89-63-40-66-53-16-43-50-3-55-98-84-21-11-65-80-60-61-37-38-54-86-46-32-42-85-95-79-99-92-13-94-34-47-26-20-97
Ta100x20,8,5,500,0.925,0.025,9,2230809282,17000,6718,6481,6084,6.797217627,v2_avx512bw_vec32_exact_perm,39-62-78-67-72-69-44-29-68-59-91-87-1-14-51-71-45-22-81-64-12-83-56-70-73-25-31-41-6-18-57-7-5-88-96-58-24-48-90-10-8-40-28-17-35-65-74-50-19-93-100-52-98-27-36-3-82-49-37-66-23-9-33-4-77-63-75-30-55-53-76-80-89-21-60-11-38-16-84-32-86-61-85-43-46-42-15-92-54-79-95-99-13-2-94-34-47-26-20-97
Ta100x20,8,5,500,0.925,0.025,10,2230810291,17000,6736,6481,6084,6.738111413,v2_avx512bw_vec32_exact_perm,39-62-78-72-73-44-59-56-22-87-70-71-51-67-83-69-25-19-36-81-68-14-58-18-33-12-91-77-93-90-29-6-4-64-45-88-66-96-100-31-1-24-7-40-17-41-10-35-75-9-37-52-48-57-98-27-5-74-82-23-30-8-53-16-50-63-43-2-86-28-49-61-89-80-76-21-99-85-38-84-3-92-95-65-55-42-11-15-54-46-34-32-60-13-79-94-47-26-20-97
Ta100x20,8,5,500,0.925,0.05,1,2230801210,17000,6746,6481,6084,6.731180112,v2_avx512bw_vec32_exact_perm,39-62-78-67-44-12-72-22-51-90-14-87-59-29-73-31-7-69-18-1-57-9-88-91-15-32-93-28-81-68-70-45-33-71-56-25-4-30-24-49-35-53-17-76-41-83-27-77-10-80-40-98-75-36-100-66-46-5-89-16-63-58-50-6-8-82-96-43-85-37-86-52-19-2-21-61-48-84-3-23-74-65-55-79-60-11-54-99-92-38-42-64-95-13-94-34-47-26-20-97
Ta100x20,8,5,500,0.925,0.05,2,2230802219,17000,6811,6481,6084,7.143344884,v2_avx512bw_vec32_exact_perm,39-62-36-51-67-22-87-78-18-72-27-73-4-14-12-29-71-64-56-7-74-5-31-90-59-81-33-44-69-6-41-70-45-88-9-19-24-83-25-2-35-75-68-30-93-1-58-15-77-40-28-91-52-57-17-23-89-65-84-37-48-60-49-10-63-100-21-16-50-8-66-11-80-34-82-46-76-98-61-96-53-32-13-95-42-3-85-86-38-55-43-54-94-79-92-26-99-20-97-47
Ta100x20,8,5,500,0.925,0.05,3,2230803228,17000,6741,6481,6084,7.100054172,v2_avx512bw_vec32_exact_perm,39-62-78-31-28-29-12-10-72-67-24-91-22-14-9-7-18-45-93-64-56-27-51-83-71-90-87-70-1-69-53-5-58-68-17-6-59-57-3-48-82-25-44-50-65-23-52-19-4-81-40-96-33-73-41-66-37-77-98-100-16-38-36-86-35-30-15-89-49-88-2-21-80-55-75-43-60-63-84-94-8-11-99-32-85-76-46-42-61-95-34-13-74-54-92-79-47-26-20-97
Ta100x20,8,5,500,0.925,0.05,4,2230804237,17000,6752,6481,6084,7.078188705,v2_avx512bw_vec32_exact_perm,39-62-78-67-22-68-12-72-51-71-83-14-90-25-7-31-44-87-69-1-28-9-88-29-75-4-73-64-91-59-36-32-27-56-81-49-45-58-52-37-93-30-70-5-41-40-21-24-57-96-10-77-63-42-18-98-15-6-74-19-48-89-2-35-65-61-100-66-16-50-99-53-55-33-86-43-38-82-23-3-8-84-76-17-80-85-46-11-13-95-54-79-60-34-92-94-26-20-47-97
Ta100x20,8,5,500,0.925,0.05,5,2230805246,17000,6792,6481,6084,7.47941243,v2_avx512bw_vec32_exact_perm,39-62-78-87-72-12-28-71-10-56-83-90-22-27-77-58-59-18-5-24-69-91-81-31-45-41-29-7-25-35-6-64-36-44-89-68-9-50-52-43-48-70-75-4-17-33-57-14-61-37-88-65-67-93-30-40-60-51-16-1-38-73-15-49-21-53-55-74-3-100-54-99-19-98-86-23-82-66-79-63-95-80-2-84-8-76-46-85-96-13-42-11-92-97-32-94-34-26-20-47
Ta100x20,8,5,500,0.925,0.05,6,2230806255,17000,6745,6481,6084,6.953650502,v2_avx512bw_vec32_exact_perm,39-62-87-78-67-12-51-72-44-58-73-59-68-18-22-27-90-14-36-29-71-91-4-69-9-70-45-25-93-81-10-31-5-7-40-83-88-30-75-33-24-96-1-49-50-28-98-89-100-48-2-35-52-60-23-55-46-32-19-37-65-57-42-11-53-97-56-63-3-74-17-41-16-86-8-85-76-15-21-84-80-6-54-77-38-82-64-66-79-99-92-13-43-61-95-34-94-20-47-26
Ta100x20,8,5,500,0.925,0.05,7,2230807264,17000,6762,6481,6084,6.949561661,v2_avx512bw_vec32_exact_perm,39-62-78-73-4-12-59-87-7-90-72-44-10-36-22-91-67-18-29-69-14-25-49-71-35-70-68-45-56-5-53-31-77-51-33-21-83-64-81-48-24-40-1-89-93-15-17-98-9-3-100-16-61-6-88-58-8-19-66-75-41-28-11-37-30-55-2-60-23-57-50-52-43-80-82-76-84-65-74-96-92-63-42-85-95-46-27-32-13-54-86-38-99-79-34-94-47-26-20-97
Ta100x20,8,5,500,0.925,0.05,8,2230808273,17000,6759,6481,6084,7.196630763,v2_avx512bw_vec32_exact_perm,39-62-78-67-72-22-44-31-29-41-87-45-56-70-71-51-18-69-83-93-24-64-7-68-54-25-57-90-100-73-1-59-77-91-4-66-89-81-50-9-21-28-36-14-96-17-49-65-80-88-5-58-76-52-75-12-53-23-6-19-86-40-35-27-48-33-98-30-3-37-15-63-82-2-84-85-8-92-46-55-11-60-32-79-38-74-94-43-10-61-16-42-95-13-34-99-97-47-26-20
Ta100x20,8,5,500,0.925,0.05,9,2230809282,17000,6792,6481,6084,7.165986768,v2_avx512bw_vec32_exact_perm,39-28-59-78-68-44-72-67-73-62-6-41-18-56-29-12-22-90-87-54-27-88-7-31-45-35-69-71-57-2-9-83-70-91-1-81-24-23-76-52-25-17-74-33-53-36-49-4-30-75-66-15-96-51-64-77-10-8-89-16-14-58-40-63-19-86-5-48-50-93-98-100-82-37-3-11-84-21-46-65-80-13-95-60-79-85-61-43-99-32-38-55-94-42-34-92-47-20-97-26
Ta100x20,8,5,500,0.925,0.05,10,2230810291,17000,6756,6481,6084,7.197886382,v2_avx512bw_vec32_exact_perm,39-62-87-78-67-72-29-44-12-59-69-51-50-71-73-14-18-4-70-31-56-65-81-91-22-90-1-77-58-83-45-36-74-9-64-24-27-7-49-5-68-17-25-40-28-60-35-41-66-88-98-89-96-3-100-93-53-21-86-33-19-75-63-30-23-8-6-52-80-10-38-16-84-82-15-48-37-85-43-76-61-54-57-79-99-11-55-46-32-2-13-42-92-95-94-34-47-26-20-97
Ta100x20,8,5,500,0.925,0.075,1,2230801210,17000,6784,6481,6084,6.619888635,v2_avx512bw_vec32_exact_perm,39-62-78-67-29-70-22-72-87-7-90-59-12-81-68-44-91-51-73-5-45-24-83-40-64-57-4-18-77-74-65-71-14-66-31-1-28-69-27-35-88-89-9-49-21-17-36-48-50-6-15-56-37-100-10-63-98-30-75-53-25-41-23-96-58-52-86-33-32-16-19-38-60-43-61-54-76-46-55-84-79-8-82-93-85-80-34-13-95-42-2-11-99-3-92-97-94-26-20-47
Ta100x20,8,5,500,0.925,0.075,2,2230802219,17000,6759,6481,6084,6.411811298,v2_avx512bw_vec32_exact_perm,39-62-22-72-29-87-78-71-44-10-73-59-90-57-36-7-91-25-12-56-31-3-69-67-58-14-81-21-5-9-70-88-68-50-27-33-83-1-16-77-28-19-66-40-41-100-98-48-24-93-18-8-51-63-96-32-6-80-17-82-53-84-4-49-45-11-85-95-35-75-46-15-52-38-76-55-30-89-37-23-2-64-79-65-86-43-42-94-54-13-34-99-92-61-60-74-97-26-20-47
Ta100x20,8,5,500,0.925,0.075,3,2230803228,17000,6813,6481,6084,6.68322284,v2_avx512bw_vec32_exact_perm,39-62-71-78-44-4-67-12-72-87-51-36-68-59-91-29-27-56-22-73-28-70-19-7-58-1-9-77-69-90-18-25-83-49-33-57-96-53-76-3-31-6-93-45-89-14-65-5-23-41-38-52-48-81-40-35-86-50-98-15-30-88-2-82-37-46-43-8-55-24-16-10-75-100-80-64-74-85-17-66-63-21-60-32-79-13-95-84-11-54-42-99-61-92-97-94-26-34-47-20
Ta100x20,8,5,500,0.925,0.075,4,2230804237,17000,6787,6481,6084,7.793524941,v2_avx512bw_vec32_exact_perm,39-62-78-87-72-44-22-51-73-45-1-14-70-67-77-69-12-91-29-64-7-59-71-90-57-27-33-31-56-41-50-5-83-96-68-6-98-89-94-3-100-9-88-66-36-58-17-75-37-81-15-25-2-18-74-52-4-55-30-48-53-93-63-24-40-35-49-28-8-10-84-43-19-21-80-76-65-85-61-16-13-60-79-11-82-54-46-92-23-42-95-86-99-38-32-34-47-26-20-97
Ta100x20,8,5,500,0.925,0.075,5,2230805246,17000,6778,6481,6084,6.960432654,v2_avx512bw_vec32_exact_perm,39-62-78-73-81-72-22-12-67-69-90-36-56-87-51-31-18-59-91-35-27-7-93-5-71-83-68-44-3-14-57-1-29-65-24-88-37-96-49-74-55-9-28-25-4-6-45-19-23-8-64-48-86-10-58-41-17-21-50-63-11-77-98-89-2-70-40-53-80-52-75-100-16-66-43-33-76-30-61-79-32-15-54-82-42-95-13-84-46-85-99-38-92-60-94-26-34-20-47-97
Ta100x20,8,5,500,0.925,0.075,6,2230806255,17000,6810,6481,6084,6.777840009,v2_avx512bw_vec32_exact_perm,39-62-78-87-36-72-59-24-22-2-91-44-71-51-29-25-88-31-50-1-81-10-66-41-58-19-56-12-45-48-18-14-90-68-27-7-100-69-5-9-67-98-89-57-82-73-15-74-33-70-30-83-28-93-75-35-64-52-63-4-16-84-60-65-40-6-76-8-85-17-53-21-49-80-23-43-99-61-86-96-38-3-54-11-77-55-92-13-95-37-46-94-32-79-42-34-47-26-20-97
Ta100x20,8,5,500,0.925,0.075,7,2230807264,17000,6772,6481,6084,6.950954162,v2_avx512bw_vec32_exact_perm,39-62-59-87-78-67-44-4-56-22-28-72-45-91-12-68-73-25-14-31-70-24-7-64-57-71-27-33-83-98-69-58-65-29-77-100-1-40-50-19-93-41-51-9-75-66-5-81-88-2-18-6-48-63-89-16-53-23-46-82-30-3-10-76-15-74-35-86-36-52-96-11-17-60-21-8-49-92-38-55-90-61-43-85-80-95-54-84-32-37-99-42-34-79-13-94-26-20-47-97
Ta100x20,8,5,500,0.925,0.075,8,2230808273,17000,6772,6481,6084,6.573081068,v2_avx512bw_vec32_exact_perm,39-62-78-67-72-44-28-91-56-59-51-53-33-81-69-12-90-22-70-18-73-29-48-36-68-57-14-87-9-7-88-45-1-24-71-25-10-31-93-40-66-2-96-52-6-83-77-5-100-17-49-21-50-75-58-30-4-23-98-41-76-95-65-15-16-82-61-80-86-3-74-79-35-60-37-63-43-32-27-89-55-99-42-11-38-64-8-19-54-92-26-13-84-85-34-46-97-20-94-47
Ta100x20,8,5,500,0.925,0.075,9,2230809282,17000,6765,6481,6084,6.988766218,v2_avx512bw_vec32_exact_perm,39-62-78-73-90-12-72-18-58-36-67-22-56-28-5-14-91-81-27-64-29-70-44-41-59-71-1-69-68-77-45-93-9-83-48-24-31-51-86-87-60-82-57-98-17-3-15-7-52-49-40-25-4-10-76-65-50-19-6-30-53-75-88-33-66-89-2-63-23-35-16-8-43-74-100-11-96-80-61-55-54-42-46-21-85-37-84-95-32-13-38-92-79-94-99-34-26-20-47-97
Ta100x20,8,5,500,0.925,0.075,10,2230810291,17000,6786,6481,6084,7.584449473,v2_avx512bw_vec32_exact_perm,39-62-87-22-77-59-72-29-67-99-78-90-12-28-56-69-44-64-45-41-51-14-73-4-27-70-57-81-24-83-5-50-18-71-31-7-9-36-91-1-17-66-25-76-58-43-79-15-48-19-68-8-88-60-98-96-35-53-100-75-74-23-33-52-89-10-40-30-49-13-93-63-65-21-61-85-6-38-82-37-32-16-54-84-86-3-42-55-11-80-95-46-92-2-20-34-94-47-97-26
Ta100x20,8,5,500,0.925,0.1,1,2230801210,17000,6777,6481,6084,7.074142779,v2_avx512bw_vec32_exact_perm,39-62-87-56-78-67-4-72-22-44-29-27-90-36-18-64-51-12-59-71-45-47-93-91-58-68-73-69-9-48-81-31-5-19-14-15-76-28-83-35-2-88-6-65-75-25-40-10-63-7-61-100-1-16-82-77-17-33-70-24-13-53-41-30-49-98-89-99-11-3-50-66-95-23-84-52-37-85-60-21-38-43-55-86-74-79-8-80-54-57-32-96-46-42-94-92-34-97-26-20
Ta100x20,8,5,500,0.925,0.1,2,2230802219,17000,6796,6481,6084,6.784497408,v2_avx512bw_vec32_exact_perm,39-62-69-78-67-73-12-90-7-25-70-91-81-53-56-87-22-72-44-9-4-48-89-51-59-18-29-60-83-64-14-27-68-45-1-31-71-10-21-37-93-75-36-82-40-5-58-96-88-50-98-17-76-54-2-23-35-41-77-28-33-57-19-24-52-66-63-6-30-8-100-43-79-16-38-86-49-85-65-80-3-15-32-94-11-55-92-42-74-13-84-46-99-61-95-34-47-26-20-97
Ta100x20,8,5,500,0.925,0.1,3,2230803228,17000,6782,6481,6084,6.374873808,v2_avx512bw_vec32_exact_perm,39-62-28-72-87-90-56-78-1-44-59-22-68-51-67-27-29-91-12-31-14-73-81-57-9-71-93-17-45-41-33-70-69-88-25-4-36-94-18-58-5-75-24-64-15-53-96-7-66-77-52-83-48-100-86-89-35-19-60-85-6-23-98-76-10-50-8-49-37-21-3-11-2-54-16-61-63-43-82-40-30-79-80-84-42-65-32-38-13-99-34-74-95-55-26-20-92-46-97-47
Ta100x20,8,5,500,0.925,0.1,4,2230804237,17000,6817,6481,6084,6.356654366,v2_avx512bw_vec32_exact_perm,39-87-78-67-62-22-14-72-31-44-70-71-59-51-12-91-27-68-5-28-3-36-56-4-83-73-69-81-18-29-90-45-21-64-98-77-7-96-99-55-8-1-33-88-63-57-75-40-41-89-16-60-9-52-17-93-37-74-6-19-23-58-10-100-49-61-24-82-25-50-76-54-53-86-85-65-42-46-48-95-84-66-11-35-13-43-15-80-30-79-38-92-94-2-32-26-34-20-47-97
Ta100x20,8,5,500,0.925,0.1,5,2230805246,17000,6819,6481,6084,7.021101756,v2_avx512bw_vec32_exact_perm,39-62-78-68-1-36-29-22-12-71-56-72-67-87-14-59-83-57-69-44-31-81-7-18-30-77-73-40-9-90-58-91-35-50-25-70-51-61-6-75-19-64-5-89-41-45-33-52-93-49-4-53-98-28-84-88-17-76-27-48-24-23-21-2-37-96-32-3-15-63-43-66-82-86-79-10-8-16-11-38-85-46-95-92-54-80-100-60-42-65-74-13-94-55-26-99-47-34-20-97
Ta100x20,8,5,500,0.925,0.1,6,2230806255,17000,6773,6481,6084,6.648991407,v2_avx512bw_vec32_exact_perm,39-62-78-68-56-67-72-51-73-12-25-22-4-91-28-29-71-16-57-44-31-70-8-1-45-35-6-69-59-87-17-36-5-81-48-53-83-9-74-24-7-19-88-21-15-66-98-50-58-27-90-14-84-37-10-54-85-41-93-96-40-3-33-43-99-52-92-75-100-89-49-30-95-80-11-60-38-77-65-86-46-82-18-79-32-63-23-64-2-76-94-61-42-13-34-55-26-20-47-97
Ta100x20,8,5,500,0.925,0.1,7,2230807264,17000,6783,6481,6084,6.393292618,v2_avx512bw_vec32_exact_perm,39-62-22-87-78-72-44-10-36-83-29-71-73-90-68-21-1-93-59-56-64-7-58-67-4-9-18-91-25-27-33-14-74-82-70-12-31-89-5-96-40-6-15-77-57-3-41-45-88-28-43-37-19-16-69-24-65-35-81-48-98-99-61-86-75-52-17-51-66-53-63-100-30-8-54-2-50-76-49-23-80-42-95-84-32-38-92-11-55-46-85-79-60-26-13-20-94-34-47-97
Ta100x20,8,5,500,0.925,0.1,8,2230808273,17000,6787,6481,6084,6.335430605,v2_avx512bw_vec32_exact_perm,39-62-78-4-44-51-72-67-56-87-22-18-36-68-59-8-58-12-71-7-69-9-27-10-45-57-25-91-14-29-3-1-31-81-90-24-88-5-49-40-93-76-41-15-61-100-73-65-77-33-21-30-83-89-98-96-60-48-50-28-75-99-63-23-70-52-74-86-53-19-6-35-85-66-17-79-16-46-55-54-38-82-37-43-11-95-94-2-13-80-34-84-32-64-92-42-47-20-26-97
Ta100x20,8,5,500,0.925,0.1,9,2230809282,17000,6781,6481,6084,6.3897296,v2_avx512bw_vec32_exact_perm,39-62-78-87-56-90-72-7-44-83-69-12-59-67-51-71-73-22-100-81-18-70-14-57-1-45-24-65-29-19-31-41-91-50-98-28-36-40-74-27-4-9-58-25-33-95-88-30-17-66-60-52-35-68-93-6-75-5-10-49-2-48-23-63-53-96-3-76-15-79-89-86-61-64-46-82-21-54-80-77-11-37-38-16-32-84-8-43-55-13-99-85-42-92-94-34-20-47-97-26
Ta100x20,8,5,500,0.925,0.1,10,2230810291,17000,6788,6481,6084,6.541738679,v2_avx512bw_vec32_exact_perm,39-62-72-67-78-12-56-73-21-22-4-68-91-14-64-71-46-60-36-44-69-59-31-29-96-10-87-45-7-9-88-90-50-51-98-77-18-83-79-93-52-33-27-76-5-48-70-24-25-82-80-6-75-53-23-81-17-58-66-100-41-16-61-43-85-63-89-30-86-54-49-35-15-1-40-65-99-57-3-8-38-74-28-84-19-92-2-11-37-94-13-95-55-42-32-34-47-26-20-97
Ta100x20,8,5,500,0.925,0.125,1,2230801210,17000,6763,6481,6084,6.900067593,v2_avx512bw_vec32_exact_perm,39-62-78-73-72-83-44-22-87-51-90-18-37-64-45-93-70-35-56-27-96-28-69-59-66-91-29-1-100-58-31-88-41-65-25-7-71-50-4-9-2-36-19-60-77-33-75-81-67-68-17-49-14-3-52-6-10-23-48-5-24-40-63-98-53-57-46-89-16-8-12-82-76-55-30-38-32-95-54-43-99-85-79-94-84-80-11-34-15-42-61-74-92-86-47-21-13-97-20-26
Ta100x20,8,5,500,0.925,0.125,2,2230802219,17000,6812,6481,6084,6.742382121,v2_avx512bw_vec32_exact_perm,39-28-78-22-87-10-69-45-56-59-31-62-70-71-36-72-73-7-44-83-90-14-68-64-51-35-9-67-93-81-77-40-57-18-4-1-24-17-66-6-8-19-48-27-63-32-91-50-12-29-33-16-49-25-75-58-52-96-53-37-88-98-89-41-100-15-23-74-55-60-2-61-30-5-82-79-95-65-13-46-43-76-38-86-21-99-80-54-92-11-85-94-3-42-84-47-34-26-97-20
Ta100x20,8,5,500,0.925,0.125,3,2230803228,17000,6841,6481,6084,6.759156993,v2_avx512bw_vec32_exact_perm,39-22-67-72-78-62-29-12-19-24-44-58-27-90-87-33-51-18-73-56-59-65-45-36-91-31-70-74-71-3-83-5-81-14-6-69-9-77-75-2-25-30-63-32-7-28-64-4-53-1-96-57-48-41-17-52-89-61-35-100-60-88-68-93-10-79-98-40-15-49-21-80-16-86-8-43-66-42-76-85-95-99-97-84-46-23-38-50-11-54-13-82-37-92-34-55-94-47-26-20
Ta100x20,8,5,500,0.925,0.125,4,2230804237,17000,6805,6481,6084,7.041766855,v2_avx512bw_vec32_exact_perm,39-62-87-73-28-72-22-90-12-31-18-69-67-24-40-27-88-59-71-78-57-3-44-7-61-89-65-5-33-23-1-9-56-45-41-83-74-82-25-10-21-70-14-81-77-58-51-91-8-29-15-16-2-63-93-4-36-50-96-17-48-66-68-11-75-79-30-19-6-53-35-84-55-37-76-43-80-52-100-85-49-98-64-54-95-38-13-60-46-92-99-86-32-42-34-20-94-97-26-47
Ta100x20,8,5,500,0.925,0.125,5,2230805246,17000,6785,6481,6084,6.641541049,v2_avx512bw_vec32_exact_perm,39-62-67-72-59-51-56-58-18-12-87-78-73-70-14-91-5-31-57-29-1-90-44-9-22-24-69-25-71-66-36-68-64-83-19-74-4-27-7-15-33-45-30-6-63-96-21-40-77-88-35-10-100-23-75-93-79-81-41-48-2-52-89-37-98-61-3-8-43-50-76-49-28-80-16-42-65-86-85-17-82-11-55-99-60-95-38-53-92-84-32-13-54-46-94-26-34-97-20-47
Ta100x20,8,5,500,0.925,0.125,6,2230806255,17000,6802,6481,6084,7.544992835,v2_avx512bw_vec32_exact_perm,39-62-56-78-22-29-4-73-69-12-3-72-68-51-31-25-45-90-57-71-87-70-91-64-41-7-5-44-76-18-6-28-67-66-48-100-14-19-9-93-81-24-83-82-74-36-65-98-27-33-17-89-61-53-86-23-35-59-1-40-46-77-55-88-58-52-50-10-49-75-2-11-15-85-84-16-38-37-99-79-30-43-80-21-60-54-96-8-13-32-63-95-92-94-34-42-47-20-97-26
Ta100x20,8,5,500,0.925,0.125,7,2230807264,17000,6830,6481,6084,7.151293156,v2_avx512bw_vec32_exact_perm,39-22-44-78-72-67-12-56-91-59-31-62-87-83-73-29-74-14-16-10-7-64-4-90-69-15-25-24-58-5-41-19-21-96-9-45-36-53-93-18-89-28-6-2-68-40-27-35-63-48-38-100-70-3-98-33-86-88-71-37-23-61-52-82-57-1-81-77-17-54-51-50-30-60-49-75-8-85-55-11-46-76-66-95-13-80-43-65-42-79-47-32-84-26-34-99-97-92-94-20
Ta100x20,8,5,500,0.925,0.125,8,2230808273,17000,6789,6481,6084,6.850621117,v2_avx512bw_vec32_exact_perm,39-62-87-78-36-10-67-72-12-22-28-71-18-69-57-56-58-25-31-44-59-48-14-91-17-29-3-24-27-68-81-90-7-9-70-2-40-64-41-21-51-88-1-4-73-45-93-49-83-98-50-100-96-60-19-6-23-55-63-16-77-52-89-66-33-43-5-30-11-38-82-80-95-61-65-76-74-13-75-79-35-8-84-46-15-32-85-53-86-42-99-37-20-34-54-92-94-97-26-47
Ta100x20,8,5,500,0.925,0.125,9,2230809282,17000,6821,6481,6084,7.268826903,v2_avx512bw_vec32_exact_perm,39-87-68-72-62-4-44-32-67-56-78-29-59-12-73-91-70-7-14-1-51-90-18-75-45-64-36-96-22-83-31-50-58-52-53-27-5-69-82-28-9-88-33-81-66-95-89-15-93-71-65-85-49-35-77-19-37-17-57-48-43-8-42-41-10-40-30-2-16-61-25-21-98-60-6-38-23-99-76-3-100-55-63-92-11-24-79-80-46-84-74-86-26-13-54-34-20-94-47-97
Ta100x20,8,5,500,0.925,0.125,10,2230810291,17000,6785,6481,6084,6.890534371,v2_avx512bw_vec32_exact_perm,39-62-78-90-18-72-29-22-68-36-91-10-73-67-59-70-69-81-87-74-12-14-44-58-56-71-50-31-1-27-66-60-100-4-7-83-75-48-93-96-9-5-33-40-8-89-30-52-49-24-16-51-19-95-88-86-65-25-77-17-35-45-43-15-85-3-28-79-63-41-76-64-53-23-98-57-80-82-42-61-46-37-6-11-54-21-84-13-2-32-38-55-26-20-99-92-97-94-34-47
Ta100x20,8,5,500,0.9625,0.025,1,2230801210,17000,6796,6481,6084,7.382441759,v2_avx512bw_vec32_exact_perm,39-62-78-67-72-51-58-87-18-69-59-14-12-29-74-31-90-7-70-45-44-68-1-91-9-71-56-22-64-73-5-27-83-25-36-81-3-82-77-4-37-57-41-75-88-15-24-30-53-49-66-65-86-63-35-52-48-96-93-76-100-98-19-17-46-33-10-40-16-6-50-23-8-84-89-95-21-61-85-28-43-80-2-11-32-60-55-13-54-92-38-79-42-99-26-20-94-34-47-97
Ta100x20,8,5,500,0.9625,0.025,2,2230802219,17000,6790,6481,6084,7.231973649,v2_avx512bw_vec32_exact_perm,39-62-78-31-87-69-44-22-51-12-45-56-68-72-7-59-14-18-67-19-71-35-25-74-90-70-5-27-33-29-91-41-53-9-50-65-81-96-57-24-83-6-93-73-48-36-3-17-89-30-10-8-60-58-2-88-75-66-85-82-15-77-86-49-4-28-37-23-40-1-98-99-46-76-79-52-100-80-63-16-84-21-43-95-38-13-64-11-61-94-54-55-26-32-47-42-92-97-20-34
Ta100x20,8,5,500,0.9625,0.025,3,2230803228,17000,6790,6481,6084,6.84479981,v2_avx512bw_vec32_exact_perm,39-62-4-73-70-28-90-22-87-78-59-45-72-69-91-29-1-57-81-68-64-24-88-71-14-10-31-32-9-27-18-36-44-83-15-7-12-48-33-75-63-84-56-67-19-6-50-3-58-5-53-25-41-49-2-93-17-98-23-55-30-77-80-51-66-35-76-52-37-96-43-21-8-38-86-16-61-100-85-54-40-89-79-74-60-46-13-65-82-11-95-99-34-94-42-47-92-20-97-26
Ta100x20,8,5,500,0.9625,0.025,4,2230804237,17000,6766,6481,6084,7.440750184,v2_avx512bw_vec32_exact_perm,39-62-78-67-72-44-40-36-58-18-14-87-69-64-56-22-4-71-73-83-90-1-25-9-7-12-88-59-45-5-93-31-49-33-24-68-96-50-91-53-81-66-29-28-35-43-27-6-16-70-48-17-57-98-82-75-51-10-41-19-37-3-84-2-80-52-23-21-60-86-63-77-30-74-61-100-38-65-79-32-13-46-15-76-55-54-8-89-99-92-85-11-42-95-97-34-94-26-20-47
Ta100x20,8,5,500,0.9625,0.025,5,2230805246,17000,6760,6481,6084,7.369993759,v2_avx512bw_vec32_exact_perm,39-62-78-67-59-72-87-22-91-51-68-18-29-27-56-71-36-70-31-73-5-48-45-90-44-58-93-21-40-81-65-12-64-14-41-9-53-17-10-4-66-83-37-57-50-74-24-25-35-96-89-7-88-49-1-15-98-100-16-23-82-3-69-52-63-33-86-19-84-80-77-32-30-43-6-8-38-61-75-11-76-60-2-85-54-34-46-42-13-95-55-28-92-99-79-94-47-26-20-97
Ta100x20,8,5,500,0.9625,0.025,6,2230806255,17000,6796,6481,6084,7.228611154,v2_avx512bw_vec32_exact_perm,39-62-78-36-67-72-12-90-56-87-44-73-31-14-59-7-69-1-18-70-22-29-60-71-9-74-51-68-45-91-27-54-49-5-89-40-30-16-53-83-58-24-15-86-57-10-93-33-25-82-81-19-52-35-48-41-38-17-76-4-100-50-88-98-2-43-21-64-66-63-61-65-6-85-77-11-96-23-28-80-75-37-55-3-32-8-84-13-95-79-92-46-99-42-94-34-47-26-20-97
Ta100x20,8,5,500,0.9625,0.025,7,2230807264,17000,6757,6481,6084,7.210611511,v2_avx512bw_vec32_exact_perm,39-62-78-87-44-73-22-67-12-72-51-18-4-3-36-1-90-14-69-31-57-7-66-29-56-91-71-45-9-15-70-81-27-5-28-68-88-100-41-58-25-59-64-17-82-24-93-19-53-8-98-83-50-40-46-96-37-52-49-6-32-89-48-43-35-75-30-63-77-85-86-76-60-79-10-80-65-11-38-92-55-33-97-84-23-16-54-2-21-13-99-61-74-42-34-95-94-26-20-47
Ta100x20,8,5,500,0.9625,0.025,8,2230808273,17000,6760,6481,6084,7.424229507,v2_avx512bw_vec32_exact_perm,39-62-78-67-72-44-73-4-25-22-45-14-64-12-51-87-29-59-7-9-71-57-3-69-56-90-36-68-70-41-83-5-27-91-1-31-28-75-18-93-81-89-23-100-98-19-35-17-77-24-10-30-66-6-49-8-50-33-40-82-88-61-2-63-52-84-60-58-43-48-76-85-46-15-37-53-86-74-55-16-65-80-96-13-11-32-42-99-79-34-95-54-92-38-21-97-94-26-20-47
Ta100x20,8,5,500,0.9625,0.025,9,2230809282,17000,6798,6481,6084,6.962432895,v2_avx512bw_vec32_exact_perm,39-28-90-62-14-22-72-68-87-73-78-70-44-10-67-24-12-59-53-71-60-100-29-19-41-45-33-93-69-83-9-56-18-88-27-5-96-3-91-89-7-31-25-51-65-1-57-40-64-52-4-66-99-81-50-74-17-98-58-55-23-77-6-75-37-30-84-80-35-11-49-8-16-15-36-48-82-63-13-2-61-32-76-43-86-38-46-85-54-92-21-79-95-47-42-34-97-94-26-20
Ta100x20,8,5,500,0.9625,0.025,10,2230810291,17000,6787,6481,6084,7.298604624,v2_avx512bw_vec32_exact_perm,39-28-18-72-22-62-78-69-4-71-44-12-36-67-57-91-45-29-56-90-59-87-88-24-81-53-27-70-54-82-7-31-9-5-37-41-74-96-58-30-68-40-25-2-100-14-73-83-35-50-49-93-94-10-63-75-1-52-17-15-6-76-77-21-61-8-86-33-51-19-48-60-98-89-16-43-65-80-3-23-79-95-11-55-38-85-64-42-13-32-99-92-46-84-66-34-47-26-20-97
Ta100x20,8,5,500,0.9625,0.05,1,2230801210,17000,6794,6481,6084,6.594800561,v2_avx512bw_vec32_exact_perm,39-62-67-87-78-90-51-7-91-72-12-22-6-69-31-25-56-71-36-1-29-68-44-83-27-64-70-45-17-88-59-33-41-3-57-15-73-76-9-4-81-48-40-35-66-96-14-43-82-93-19-86-24-37-49-63-100-16-18-50-58-79-23-89-77-53-52-21-28-10-65-85-46-42-30-75-98-5-61-8-38-11-55-32-2-74-54-13-60-80-34-95-84-99-92-97-26-20-94-47
Ta100x20,8,5,500,0.9625,0.05,2,2230802219,17000,6802,6481,6084,6.52978713,v2_avx512bw_vec32_exact_perm,39-62-78-68-67-31-72-36-22-87-28-73-69-12-14-81-56-41-58-51-71-29-6-18-9-45-40-93-1-91-44-59-4-88-57-3-90-70-27-25-21-64-98-15-83-60-23-24-89-77-76-7-96-35-5-10-30-49-37-17-61-33-52-19-48-82-8-63-100-86-16-84-2-74-46-80-50-75-43-94-11-99-13-85-54-95-53-65-38-55-79-32-42-66-34-92-97-47-26-20
Ta100x20,8,5,500,0.9625,0.05,3,2230803228,17000,6767,6481,6084,6.712002501,v2_avx512bw_vec32_exact_perm,39-28-72-44-67-22-78-69-12-56-91-62-87-70-29-71-73-1-59-58-25-14-88-53-45-9-4-24-81-30-36-90-40-60-19-31-27-51-57-52-83-76-15-98-7-35-93-74-17-96-33-89-10-21-8-5-49-41-77-68-50-16-65-11-48-43-23-55-82-37-80-63-75-85-86-94-92-46-6-3-13-61-99-18-42-95-64-54-84-100-2-32-38-79-66-34-26-20-97-47
Ta100x20,8,5,500,0.9625,0.05,4,2230804237,17000,6801,6481,6084,6.332968678,v2_avx512bw_vec32_exact_perm,39-62-78-67-72-28-22-94-1-90-70-91-29-59-12-56-68-64-45-6-14-51-69-71-19-44-73-93-10-87-83-75-25-41-5-31-77-27-9-7-88-4-58-18-96-57-81-40-33-24-48-15-100-50-98-16-3-52-66-8-21-36-86-65-46-61-30-23-17-43-89-76-49-95-35-53-84-80-74-82-2-11-42-37-85-32-38-60-54-79-99-13-92-63-26-97-55-20-34-47
Ta100x20,8,5,500,0.9625,0.05,5,2230805246,17000,6762,6481,6084,6.455136044,v2_avx512bw_vec32_exact_perm,39-62-78-67-68-12-22-72-36-51-71-87-69-90-73-14-44-70-7-18-59-64-33-74-45-4-91-9-25-83-56-17-58-27-89-5-81-53-31-29-24-65-35-57-77-40-10-41-52-48-49-63-54-96-1-6-3-88-50-23-100-98-19-30-93-38-61-75-60-55-21-66-37-11-2-84-16-28-82-8-42-80-43-95-15-99-86-76-32-46-13-85-92-79-34-94-47-26-20-97
Ta100x20,8,5,500,0.9625,0.05,6,2230806255,17000,6769,6481,6084,7.395895001,v2_avx512bw_vec32_exact_perm,39-62-78-22-36-90-71-4-72-67-12-45-57-59-56-69-44-6-3-93-1-29-41-70-18-88-19-51-58-31-75-77-28-27-33-21-14-91-15-81-65-83-40-94-73-49-9-96-35-7-52-92-25-68-86-100-98-43-66-63-23-87-53-50-5-2-74-82-17-10-89-48-16-30-95-8-24-79-76-38-80-61-60-85-37-84-32-46-55-64-42-11-99-54-34-13-47-26-20-97
Ta100x20,8,5,500,0.9625,0.05,7,2230807264,17000,6828,6481,6084,7.13556988,v2_avx512bw_vec32_exact_perm,39-62-70-67-28-90-87-27-72-69-68-59-22-78-6-29-71-33-91-12-14-44-51-31-56-7-1-18-73-25-57-9-4-40-94-66-75-48-35-100-36-89-81-19-3-64-15-16-83-5-30-52-58-63-77-86-10-24-41-49-88-8-45-93-82-46-84-17-50-37-65-23-53-11-98-95-61-55-85-76-38-32-79-80-21-2-42-96-60-34-54-43-74-20-13-99-97-26-92-47
Ta100x20,8,5,500,0.9625,0.05,8,2230808273,17000,6769,6481,6084,7.437668772,v2_avx512bw_vec32_exact_perm,39-62-78-67-87-68-73-72-44-14-22-91-12-69-28-83-64-70-27-41-51-56-31-45-81-88-7-90-9-37-1-71-29-59-93-57-19-25-5-24-33-10-75-40-30-58-18-6-49-2-74-89-96-66-17-35-76-63-15-16-65-36-84-23-32-48-98-4-50-77-21-80-100-86-52-53-8-61-82-85-55-13-43-3-42-11-79-95-46-60-38-99-34-94-54-92-97-26-20-47
Ta100x20,8,5,500,0.9625,0.05,9,2230809282,17000,6785,6481,6084,7.030749274,v2_avx512bw_vec32_exact_perm,39-62-78-87-56-67-72-44-73-27-69-45-51-71-70-18-14-90-28-68-29-64-59-22-91-5-31-12-74-58-7-81-4-9-52-17-1-41-33-54-57-89-48-37-36-30-83-75-10-24-88-96-25-19-35-100-49-3-8-40-43-93-15-98-86-21-82-50-2-65-63-6-46-95-53-94-61-80-32-77-85-11-16-38-76-55-23-99-34-13-42-92-60-66-79-84-26-20-47-97
Ta100x20,8,5,500,0.9625,0.05,10,2230810291,17000,6806,6481,6084,7.632809723,v2_avx512bw_vec32_exact_perm,39-62-78-29-31-69-87-67-64-59-72-4-22-44-45-14-83-73-27-1-12-57-51-53-56-10-92-66-18-90-24-41-25-88-36-81-28-91-71-70-7-75-9-52-48-37-77-21-100-96-8-40-15-5-82-19-35-68-43-58-93-86-33-6-89-50-98-2-23-3-63-54-30-42-60-46-76-38-17-16-49-85-84-11-95-32-99-13-74-79-65-61-80-26-55-94-20-34-47-97
Ta100x20,8,5,500,0.9625,0.075,1,2230801210,17000,6787,6481,6084,6.981662779,v2_avx512bw_vec32_exact_perm,39-62-78-4-44-67-59-72-87-36-83-7-12-22-70-28-45-18-90-51-68-100-64-56-73-27-29-91-81-14-76-93-33-9-31-49-25-96-50-69-41-10-77-16-88-66-57-5-30-19-48-24-58-71-40-1-37-98-6-65-89-53-15-38-21-23-35-43-13-3-79-52-60-75-86-74-54-84-8-82-46-63-11-32-17-61-85-80-42-2-92-95-99-34-55-94-97-47-26-20
Ta100x20,8,5,500,0.9625,0.075,2,2230802219,17000,6768,6481,6084,6.98218417,v2_avx512bw_vec32_exact_perm,39-62-87-78-29-4-44-72-59-69-70-73-51-67-22-18-56-81-91-57-12-77-28-45-5-27-90-14-66-40-19-9-71-31-58-1-93-7-68-83-64-15-35-37-10-36-41-17-61-79-82-6-75-33-74-30-100-65-8-24-96-98-49-89-53-25-52-11-50-84-46-48-95-80-63-55-32-88-54-99-13-76-23-43-3-2-92-16-38-42-86-21-60-94-85-34-26-20-47-97
Ta100x20,8,5,500,0.9625,0.075,3,2230803228,17000,6797,6481,6084,6.918079675,v2_avx512bw_vec32_exact_perm,39-62-78-68-87-44-90-73-64-22-29-25-81-72-36-24-12-58-56-71-10-14-70-69-41-40-45-18-67-27-77-52-48-57-51-59-31-83-15-5-88-91-1-7-17-50-37-33-9-53-89-30-32-76-98-93-75-35-28-4-6-49-66-2-61-8-74-65-100-16-85-84-82-21-63-13-43-23-80-3-95-55-38-60-19-79-42-46-11-92-54-96-99-34-94-86-97-47-26-20
Ta100x20,8,5,500,0.9625,0.075,4,2230804237,17000,6796,6481,6084,7.159678228,v2_avx512bw_vec32_exact_perm,39-62-22-87-78-67-68-72-12-90-29-56-59-45-71-10-51-91-36-83-27-25-28-81-33-9-14-73-19-64-44-7-24-69-5-66-15-18-75-53-4-1-93-3-65-41-88-31-57-30-48-2-40-50-6-8-60-49-58-23-37-35-98-82-17-63-89-55-74-96-21-85-77-86-100-52-79-70-94-80-46-99-43-92-84-76-13-42-95-38-32-61-11-16-47-54-34-26-20-97
Ta100x20,8,5,500,0.9625,0.075,5,2230805246,17000,6800,6481,6084,7.854111861,v2_avx512bw_vec32_exact_perm,39-62-24-59-87-72-28-78-22-29-44-67-31-68-71-70-45-56-12-5-50-91-51-27-81-83-10-18-14-75-36-90-3-98-58-25-86-37-49-88-7-52-57-96-69-73-30-64-53-17-48-89-15-77-100-19-93-9-35-99-4-2-41-61-74-33-6-21-54-76-80-60-40-65-63-85-1-79-23-55-43-8-13-38-11-95-82-46-92-16-84-66-94-47-32-42-34-26-20-97
Ta100x20,8,5,500,0.9625,0.075,6,2230806255,17000,6785,6481,6084,7.147963624,v2_avx512bw_vec32_exact_perm,39-62-87-22-78-44-68-72-71-64-29-59-51-31-7-69-12-56-9-67-57-14-41-73-24-18-90-91-45-74-4-70-58-19-40-93-1-83-27-10-3-81-21-75-33-66-6-96-88-86-77-23-30-60-25-28-53-100-37-49-82-52-43-63-48-89-2-61-15-16-98-65-50-36-17-80-35-5-55-76-79-13-85-46-94-11-54-8-38-92-95-42-99-32-84-34-26-47-97-20
Ta100x20,8,5,500,0.9625,0.075,7,2230807264,17000,6782,6481,6084,6.507823123,v2_avx512bw_vec32_exact_perm,39-62-59-3-72-4-22-87-78-44-12-36-56-29-67-99-70-57-71-27-19-73-69-91-81-68-50-90-28-9-25-14-31-74-64-7-98-18-24-51-45-41-1-49-48-83-15-66-76-89-88-21-30-5-100-63-16-43-96-79-23-33-17-93-6-58-75-53-61-10-86-35-38-65-40-85-11-52-54-82-8-2-77-80-92-84-37-95-46-32-13-94-34-42-60-26-55-97-20-47
Ta100x20,8,5,500,0.9625,0.075,8,2230808273,17000,6807,6481,6084,6.736167212,v2_avx512bw_vec32_exact_perm,39-62-78-29-31-67-4-72-44-56-71-73-87-83-59-14-51-18-91-93-70-24-40-37-1-12-58-22-9-45-52-7-25-17-68-64-69-2-75-36-90-35-49-96-15-23-77-33-27-19-50-5-30-74-53-81-57-6-10-28-41-48-89-46-65-66-21-8-85-60-42-63-88-16-43-76-100-86-82-84-92-80-98-38-61-32-26-55-79-13-11-3-95-54-20-34-94-99-47-97
Ta100x20,8,5,500,0.9625,0.075,9,2230809282,17000,6812,6481,6084,6.793088125,v2_avx512bw_vec32_exact_perm,39-62-78-68-45-72-90-44-18-22-29-87-28-73-12-56-25-7-14-91-51-69-83-4-71-64-76-59-75-41-98-9-99-24-70-57-17-67-49-19-6-48-58-50-33-93-77-27-3-40-31-53-5-81-89-85-15-35-88-63-79-16-36-82-23-2-10-37-74-52-30-84-38-65-61-100-80-1-86-21-46-92-96-42-8-54-43-13-60-55-95-94-11-66-34-32-97-26-20-47
Ta100x20,8,5,500,0.9625,0.075,10,2230810291,17000,6807,6481,6084,7.289832065,v2_avx512bw_vec32_exact_perm,39-62-78-28-22-29-71-59-44-12-72-45-68-69-83-14-67-31-90-51-5-18-41-70-56-77-25-53-19-35-58-27-82-64-24-33-37-66-1-74-73-4-100-96-91-88-49-17-75-93-7-87-10-2-9-57-36-50-30-6-16-52-48-89-84-86-63-80-81-95-76-23-40-60-38-15-43-85-46-92-98-8-3-65-79-32-42-55-61-21-11-13-94-54-26-99-34-20-47-97
Ta100x20,8,5,500,0.9625,0.1,1,2230801210,17000,6776,6481,6084,7.203447697,v2_avx512bw_vec32_exact_perm,39-62-78-68-69-67-72-22-90-44-59-51-87-91-81-29-45-71-27-12-10-25-7-56-70-52-66-83-99-28-93-35-4-31-18-57-64-41-50-9-73-14-65-77-88-17-19-96-98-58-48-24-1-40-21-5-46-100-63-53-8-6-89-86-16-30-36-76-33-15-74-49-84-82-23-42-37-2-94-60-32-80-3-92-75-11-85-61-43-54-34-38-13-95-79-47-55-26-20-97
Ta100x20,8,5,500,0.9625,0.1,2,2230802219,17000,6814,6481,6084,7.235038745,v2_avx512bw_vec32_exact_perm,39-62-78-67-83-73-87-12-72-59-14-70-22-44-54-29-28-58-68-64-36-77-82-25-35-56-15-90-7-51-98-76-45-93-65-1-31-71-3-17-57-41-27-19-88-81-91-53-69-40-5-8-9-48-75-50-6-96-49-30-23-63-43-4-24-89-66-79-85-52-38-100-32-10-11-86-37-33-84-16-55-2-46-80-99-18-21-61-92-74-95-13-42-60-94-34-47-20-97-26
Ta100x20,8,5,500,0.9625,0.1,3,2230803228,17000,6788,6481,6084,7.110507552,v2_avx512bw_vec32_exact_perm,39-62-78-31-29-12-67-68-59-69-72-87-70-41-56-44-22-51-14-71-73-27-7-40-18-91-57-82-54-16-4-74-75-98-45-1-15-90-88-6-77-35-83-9-17-93-24-28-5-2-46-23-81-65-58-66-64-19-36-96-25-52-37-49-10-63-100-48-21-76-85-86-30-61-53-33-11-79-60-55-42-80-95-89-32-34-8-43-84-50-3-99-38-92-13-26-97-94-20-47
Ta100x20,8,5,500,0.9625,0.1,4,2230804237,17000,6830,6481,6084,6.95014136,v2_avx512bw_vec32_exact_perm,39-62-78-87-29-67-22-12-68-59-71-64-72-69-56-73-14-90-7-44-81-9-70-91-28-31-51-48-57-1-24-53-10-25-41-77-50-66-86-83-27-58-18-15-5-52-93-89-65-100-98-36-46-45-19-3-49-96-88-37-6-76-75-17-4-35-21-82-2-40-30-33-85-55-8-38-60-99-23-79-11-92-84-80-63-54-16-61-43-13-95-74-32-94-34-42-97-47-20-26
Ta100x20,8,5,500,0.9625,0.1,5,2230805246,17000,6814,6481,6084,7.199110016,v2_avx512bw_vec32_exact_perm,39-62-78-73-44-4-22-72-56-7-67-91-12-81-31-27-87-36-45-90-51-24-74-64-69-25-10-48-71-57-35-41-68-14-29-9-70-1-43-52-75-5-18-89-88-55-15-76-77-83-28-37-59-19-16-80-60-93-6-30-38-98-58-40-17-86-50-23-54-33-8-21-63-49-46-84-82-100-96-11-3-85-53-32-13-95-65-2-66-79-92-61-99-42-26-20-34-94-47-97
Ta100x20,8,5,500,0.9625,0.1,6,2230806255,17000,6794,6481,6084,6.781786362,v2_avx512bw_vec32_exact_perm,39-62-28-78-67-72-44-4-73-91-22-25-81-9-68-7-77-70-14-90-57-41-71-24-56-59-88-35-17-45-12-31-27-69-5-51-18-19-89-58-43-83-75-30-76-33-48-87-96-93-36-15-84-100-52-54-6-66-3-64-23-63-49-2-40-37-1-32-10-50-65-38-29-8-55-16-74-98-13-53-21-61-82-85-79-60-86-99-80-11-95-46-34-47-94-92-42-26-20-97
Ta100x20,8,5,500,0.9625,0.1,7,2230807264,17000,6818,6481,6084,6.746450545,v2_avx512bw_vec32_exact_perm,39-62-18-78-22-28-90-56-87-6-91-24-36-10-72-69-71-67-70-29-59-44-85-48-9-1-31-33-83-11-12-74-64-5-7-88-73-93-15-35-4-16-45-19-58-66-57-14-3-53-25-98-23-81-27-100-50-41-51-49-76-68-17-99-52-79-89-37-46-77-30-2-96-80-40-21-61-43-55-63-8-82-75-38-13-60-32-34-42-84-95-65-94-47-54-92-86-26-20-97
Ta100x20,8,5,500,0.9625,0.1,8,2230808273,17000,6811,6481,6084,6.702483298,v2_avx512bw_vec32_exact_perm,39-22-87-18-62-12-4-28-78-44-45-56-71-72-69-67-90-59-70-3-64-7-36-23-33-41-25-29-73-9-48-91-76-15-10-14-88-50-57-1-52-53-17-49-5-66-96-37-6-31-19-27-81-83-68-65-100-24-8-60-77-35-98-40-58-16-51-93-75-2-84-63-79-30-89-32-74-61-21-13-86-43-80-11-55-38-99-85-46-54-94-95-42-82-92-26-34-97-20-47
Ta100x20,8,5,500,0.9625,0.1,9,2230809282,17000,6793,6481,6084,6.594298577,v2_avx512bw_vec32_exact_perm,39-62-22-56-78-67-72-87-90-51-18-27-69-7-64-5-4-44-73-12-45-91-29-71-68-36-14-48-9-96-83-25-57-58-49-1-89-41-70-24-30-19-15-77-76-53-16-88-40-33-93-31-28-75-66-81-37-23-6-52-10-98-100-79-63-59-54-85-35-38-84-11-21-8-65-32-2-99-50-60-55-80-42-3-95-82-74-86-46-17-61-47-92-13-43-94-97-20-26-34
Ta100x20,8,5,500,0.9625,0.1,10,2230810291,17000,6776,6481,6084,6.587342197,v2_avx512bw_vec32_exact_perm,39-62-78-67-36-87-90-56-31-68-44-28-22-93-58-29-45-72-81-91-70-64-9-7-1-69-51-71-12-59-83-3-4-14-10-57-40-27-35-77-19-24-49-88-98-23-18-15-53-86-48-50-75-30-73-33-17-66-21-41-76-6-8-5-25-96-38-55-11-52-82-16-100-89-74-43-95-63-80-85-46-42-84-61-37-34-60-2-79-65-92-99-13-54-32-94-47-26-20-97
Ta100x20,8,5,500,0.9625,0.125,1,2230801210,17000,6812,6481,6084,6.428192948,v2_avx512bw_vec32_exact_perm,39-67-62-78-87-68-72-56-90-18-59-91-12-22-14-71-29-88-31-93-70-44-81-37-19-58-51-36-83-45-50-96-73-1-69-65-7-4-27-3-5-30-49-6-9-40-82-99-17-8-24-38-28-77-2-98-33-76-60-66-25-15-100-48-57-16-52-55-21-41-75-63-53-84-85-23-10-86-74-64-80-89-95-35-32-61-13-43-11-79-42-46-54-34-26-20-97-94-92-47
Ta100x20,8,5,500,0.9625,0.125,2,2230802219,17000,6838,6481,6084,6.610007029,v2_avx512bw_vec32_exact_perm,39-62-68-28-6-22-56-78-87-4-67-14-64-90-29-31-44-27-58-5-59-91-71-12-9-18-7-41-69-66-51-3-10-70-83-81-100-50-25-80-72-45-49-24-52-86-8-75-35-93-37-73-77-48-17-36-30-15-89-43-57-88-53-40-16-82-21-65-98-61-2-84-23-63-32-60-19-42-33-55-1-92-11-99-13-38-54-46-76-79-85-96-95-74-34-94-26-20-47-97
Ta100x20,8,5,500,0.9625,0.125,3,2230803228,17000,6824,6481,6084,6.562946126,v2_avx512bw_vec32_exact_perm,39-62-78-22-36-72-1-51-87-88-29-67-4-91-25-71-90-14-28-56-31-70-44-99-59-63-73-6-18-40-12-48-58-76-5-45-24-83-7-64-61-69-27-53-41-100-68-57-10-96-3-81-75-50-8-93-19-49-98-30-17-42-52-15-77-35-33-43-65-74-37-23-80-55-89-21-85-16-84-60-54-46-92-11-79-38-32-94-95-13-82-2-86-9-66-34-97-26-20-47
Ta100x20,8,5,500,0.9625,0.125,4,2230804237,17000,6787,6481,6084,6.722922906,v2_avx512bw_vec32_exact_perm,39-62-72-29-87-59-90-78-12-67-45-68-44-81-58-70-69-32-27-14-7-9-91-71-73-25-22-51-56-24-64-1-4-18-49-31-76-6-15-2-36-3-82-33-77-35-48-19-50-98-41-83-96-63-43-79-8-92-5-88-57-61-53-16-74-60-10-89-93-40-80-17-28-66-30-100-52-65-85-11-38-75-37-23-55-13-46-86-21-95-54-84-99-94-34-42-26-20-97-47
Ta100x20,8,5,500,0.9625,0.125,5,2230805246,17000,6796,6481,6084,6.456477247,v2_avx512bw_vec32_exact_perm,39-62-22-78-6-28-72-90-73-12-25-71-69-91-70-18-14-58-81-44-36-4-96-24-65-32-87-57-45-41-9-64-68-23-48-40-59-50-17-51-83-93-29-15-27-7-100-16-31-5-86-56-37-52-43-94-85-55-46-60-19-82-1-66-10-53-77-30-21-33-63-88-75-98-11-38-67-8-95-80-35-76-49-2-89-79-13-84-61-92-99-74-3-54-34-42-47-97-26-20
Ta100x20,8,5,500,0.9625,0.125,6,2230806255,17000,6796,6481,6084,7.122961859,v2_avx512bw_vec32_exact_perm,39-62-87-18-4-78-81-49-51-69-71-72-7-22-73-44-1-59-70-91-27-56-67-77-9-12-45-83-90-64-74-57-24-50-5-89-8-28-29-98-100-16-48-60-37-31-52-10-58-93-14-19-17-21-23-88-2-36-33-41-68-85-35-40-86-30-76-46-75-53-63-80-96-82-61-6-11-38-3-25-65-34-43-15-54-55-92-32-66-84-13-42-99-95-79-94-47-26-20-97
Ta100x20,8,5,500,0.9625,0.125,7,2230807264,17000,6787,6481,6084,6.780579151,v2_avx512bw_vec32_exact_perm,39-62-67-72-66-81-22-5-4-78-87-73-29-59-44-69-14-18-56-91-12-31-48-41-24-68-77-83-27-51-45-58-64-19-71-90-6-76-100-70-88-99-57-63-1-15-30-37-52-17-7-9-98-25-75-35-36-65-53-49-23-10-55-43-32-16-93-40-33-96-38-85-21-3-84-80-89-28-79-2-60-50-8-82-86-54-11-95-46-92-42-13-61-94-34-74-20-47-97-26
Ta100x20,8,5,500,0.9625,0.125,8,2230808273,17000,6793,6481,6084,6.870882834,v2_avx512bw_vec32_exact_perm,39-62-28-87-64-22-12-56-78-59-44-36-72-73-70-83-71-68-51-14-31-5-58-88-96-18-25-27-69-1-29-45-23-90-3-91-100-98-60-7-15-81-9-74-4-24-52-33-48-75-43-19-10-21-17-41-85-49-35-6-50-66-30-89-40-38-8-76-67-77-63-65-2-61-16-37-53-57-42-34-93-95-94-86-46-55-11-54-79-80-32-82-84-99-13-92-97-47-26-20
Ta100x20,8,5,500,0.9625,0.125,9,2230809282,17000,6818,6481,6084,7.271695605,v2_avx512bw_vec32_exact_perm,39-12-62-87-78-59-56-22-72-28-81-44-24-69-14-83-64-68-9-7-70-48-90-91-45-29-25-31-73-67-51-50-18-52-71-75-10-65-3-93-5-66-57-33-4-17-100-6-27-80-23-41-1-19-36-89-8-76-86-30-54-82-98-49-77-35-60-40-88-11-53-43-38-63-16-58-61-15-21-84-2-74-55-85-42-96-46-37-92-95-32-79-99-94-13-47-26-20-34-97
Ta100x20,8,5,500,0.9625,0.125,10,2230810291,17000,6794,6481,6084,7.02885304,v2_avx512bw_vec32_exact_perm,39-62-78-87-44-74-72-22-67-9-28-14-1-29-68-70-71-25-90-31-64-24-59-56-53-51-12-69-77-50-3-65-45-7-41-15-73-36-33-40-27-98-91-96-23-52-83-75-57-37-30-58-42-81-49-10-6-48-60-80-89-5-18-88-4-84-93-38-16-17-100-66-35-82-2-21-92-95-46-54-13-11-61-8-43-55-63-76-86-19-94-79-99-85-32-34-47-26-20-97
Ta100x20,8,5,500,1,0.025,1,2230801210,17000,6814,6481,6084,7.656729182,v2_avx512bw_vec32_exact_perm,39-62-29-78-67-72-12-56-69-59-87-45-7-22-44-36-51-73-57-27-31-71-18-90-88-1-24-91-15-83-5-70-40-9-58-68-25-89-48-19-60-64-75-14-66-4-76-93-52-100-49-41-81-86-74-37-82-3-30-65-98-63-28-50-33-21-10-80-6-35-53-61-17-42-11-84-55-54-43-77-16-38-32-85-23-79-2-96-13-95-46-92-8-94-26-99-34-20-47-97
Ta100x20,8,5,500,1,0.025,2,2230802219,17000,6795,6481,6084,7.80337163,v2_avx512bw_vec32_exact_perm,39-62-78-67-72-12-29-14-22-83-69-74-87-44-57-68-45-81-71-70-64-18-90-77-56-37-51-1-5-65-73-33-7-15-24-31-49-88-59-52-9-91-43-82-28-19-21-25-2-58-89-4-41-93-35-95-8-10-40-48-50-98-75-80-100-30-6-66-61-36-53-23-17-99-27-76-55-63-86-3-42-92-16-11-46-97-85-38-32-96-79-13-60-54-94-84-34-47-26-20
Ta100x20,8,5,500,1,0.025,3,2230803228,17000,6777,6481,6084,7.394975438,v2_avx512bw_vec32_exact_perm,39-62-78-67-72-81-51-22-87-69-73-36-58-12-1-70-44-7-18-59-90-56-25-19-88-100-31-9-71-28-27-83-37-91-74-14-24-49-68-29-82-45-65-64-6-50-57-96-10-5-48-52-63-75-40-33-93-15-41-79-8-89-53-77-98-43-35-38-16-61-23-4-30-85-60-55-3-17-76-32-11-66-80-84-86-95-54-92-99-46-2-13-94-34-21-42-47-26-20-97
Ta100x20,8,5,500,1,0.025,4,2230804237,17000,6775,6481,6084,7.2682011,v2_avx512bw_vec32_exact_perm,39-62-78-68-51-59-14-12-87-45-72-33-67-18-7-56-96-69-27-91-57-31-64-44-71-29-22-35-93-28-9-70-83-77-24-1-90-25-41-40-73-74-17-53-5-82-15-100-8-58-49-50-4-21-98-66-6-85-63-19-43-52-75-30-61-36-10-48-89-81-84-46-88-65-80-76-86-38-16-37-2-32-60-23-11-3-55-95-97-54-13-42-99-79-94-34-92-26-20-47
Ta100x20,8,5,500,1,0.025,5,2230805246,17000,6794,6481,6084,7.368680132,v2_avx512bw_vec32_exact_perm,39-62-87-27-78-44-4-28-90-72-22-30-36-12-29-56-31-67-73-70-59-14-91-7-9-5-71-100-18-93-66-57-58-21-77-68-81-69-96-83-24-41-19-45-64-88-1-51-15-33-76-17-25-98-35-48-89-6-63-37-84-55-53-49-52-74-16-61-3-2-23-42-8-65-40-50-43-10-86-82-46-75-85-11-34-60-54-80-95-32-99-38-79-92-13-94-26-20-47-97
Ta100x20,8,5,500,1,0.025,6,2230806255,17000,6783,6481,6084,7.281515187,v2_avx512bw_vec32_exact_perm,39-62-78-67-72-36-44-22-91-68-4-12-14-29-87-70-74-1-71-90-45-58-31-18-56-69-27-100-9-93-83-73-75-57-7-16-81-88-3-25-19-33-49-64-17-41-48-61-50-76-86-77-30-65-6-66-37-10-35-51-28-60-23-40-24-98-89-5-52-84-79-8-85-43-21-63-11-96-80-53-54-32-15-55-2-95-59-82-38-46-42-20-94-13-34-99-26-92-97-47
Ta100x20,8,5,500,1,0.025,7,2230807264,17000,6795,6481,6084,7.416188167,v2_avx512bw_vec32_exact_perm,39-62-87-78-44-22-41-71-57-4-67-12-72-73-56-27-91-28-51-31-14-70-25-69-90-29-18-77-68-1-45-19-59-88-9-35-36-16-58-100-17-66-83-64-15-81-5-52-65-48-43-7-40-24-84-82-53-50-86-10-8-98-3-33-89-63-75-55-93-74-6-37-79-60-61-76-80-49-23-30-38-2-85-11-94-21-32-96-42-46-99-13-95-34-92-54-47-26-20-97
Ta100x20,8,5,500,1,0.025,8,2230808273,17000,6728,6481,6084,7.454199496,v2_avx512bw_vec32_exact_perm,39-62-78-67-72-44-31-29-36-59-87-12-22-56-73-90-18-41-70-74-68-27-57-45-35-65-93-69-7-83-91-88-81-28-49-5-1-9-75-14-60-71-89-15-4-96-48-6-40-10-77-100-52-66-30-17-53-51-33-19-25-58-24-43-64-63-54-21-76-80-55-82-50-2-23-98-79-61-85-16-46-32-13-8-84-86-97-11-38-3-99-37-34-42-95-92-94-26-20-47
Ta100x20,8,5,500,1,0.025,9,2230809282,17000,6779,6481,6084,7.340468866,v2_avx512bw_vec32_exact_perm,39-62-78-72-67-44-69-87-31-36-56-59-12-71-14-45-73-22-1-29-90-70-91-81-68-57-9-65-21-41-7-58-64-25-4-88-49-18-24-83-28-19-89-51-48-77-35-10-93-5-50-98-75-96-2-15-27-53-40-3-6-17-66-16-80-37-85-63-100-74-30-55-33-82-11-23-52-84-60-8-46-79-95-47-61-54-92-86-32-43-76-38-13-99-42-97-34-94-26-20
Ta100x20,8,5,500,1,0.025,10,2230810291,17000,6791,6481,6084,7.265455798,v2_avx512bw_vec32_exact_perm,39-62-78-87-72-44-56-67-73-12-70-22-90-7-81-29-71-68-69-14-59-9-18-83-91-33-36-77-53-3-37-74-1-48-4-35-17-49-5-82-45-89-2-27-15-50-51-88-31-25-65-24-28-6-57-64-23-98-75-10-99-40-16-19-96-41-58-30-60-100-61-93-52-43-86-84-63-66-46-21-76-85-55-95-80-92-38-42-13-11-8-54-32-34-79-94-47-26-20-97
Ta100x20,8,5,500,1,0.05,1,2230801210,17000,6807,6481,6084,7.194053556,v2_avx512bw_vec32_exact_perm,39-62-87-78-4-18-12-56-90-28-59-29-44-67-72-36-1-51-71-69-91-9-27-25-14-75-74-41-40-96-81-22-52-45-68-3-31-65-70-10-7-24-83-15-48-35-37-100-50-46-88-89-17-64-77-98-93-33-63-5-73-57-21-19-8-30-53-42-16-86-76-80-23-43-58-84-60-6-94-49-95-54-66-82-2-13-61-92-11-38-85-79-32-99-55-47-20-26-34-97
Ta100x20,8,5,500,1,0.05,2,2230802219,17000,6816,6481,6084,7.151899299,v2_avx512bw_vec32_exact_perm,39-62-78-73-90-36-72-87-59-67-44-68-91-56-70-22-29-81-25-9-24-71-93-5-4-30-64-14-48-12-58-45-51-27-69-57-77-65-35-31-40-18-50-7-83-17-41-49-88-95-2-10-66-98-19-75-28-6-16-100-52-15-23-89-53-37-63-85-61-96-74-1-46-21-42-99-76-55-38-86-82-80-60-8-13-43-54-79-3-84-92-33-94-11-47-20-32-34-26-97
Ta100x20,8,5,500,1,0.05,3,2230803228,17000,6808,6481,6084,7.218740758,v2_avx512bw_vec32_exact_perm,39-62-78-72-44-28-73-22-90-70-64-71-29-59-56-87-69-51-10-68-14-40-12-91-58-7-98-25-18-66-67-41-9-3-57-4-50-17-5-1-83-31-45-15-77-19-43-88-35-36-8-75-89-30-24-93-27-86-21-53-80-81-61-49-23-76-6-84-65-33-48-63-96-32-52-37-2-38-74-60-100-16-82-54-85-42-79-13-55-11-95-99-46-92-34-94-47-26-20-97
Ta100x20,8,5,500,1,0.05,4,2230804237,17000,6829,6481,6084,7.11260505,v2_avx512bw_vec32_exact_perm,39-62-22-72-78-6-87-44-71-69-51-10-67-91-14-12-70-73-3-29-4-56-81-25-60-59-68-58-100-31-9-77-5-7-45-88-18-27-90-17-66-40-41-48-35-83-19-36-76-65-30-50-57-38-52-98-24-53-2-33-16-23-89-93-86-82-28-1-43-37-49-84-54-8-80-21-85-94-34-15-61-64-11-13-42-96-75-46-63-32-79-95-55-74-99-20-47-26-92-97
Ta100x20,8,5,500,1,0.05,5,2230805246,17000,6773,6481,6084,7.167261126,v2_avx512bw_vec32_exact_perm,39-62-78-67-72-87-44-73-22-59-70-40-14-90-18-56-12-71-27-68-69-81-45-21-5-51-41-9-57-29-7-93-1-4-96-33-64-58-66-88-17-77-37-31-83-28-46-91-35-6-75-49-100-25-76-98-30-23-52-86-19-3-61-36-63-11-10-89-74-15-16-85-53-48-24-84-8-43-82-55-95-2-60-80-32-54-38-42-65-99-34-92-13-50-94-79-47-26-20-97
Ta100x20,8,5,500,1,0.05,6,2230806255,17000,6768,6481,6084,7.504302145,v2_avx512bw_vec32_exact_perm,39-62-78-67-44-56-45-12-72-22-87-59-14-73-90-81-64-7-36-27-29-91-9-5-71-70-28-24-66-51-77-98-31-21-83-52-18-57-48-15-88-69-68-96-100-41-17-1-93-2-58-25-35-8-19-76-53-60-40-23-75-33-80-10-16-6-43-74-4-89-85-84-46-30-49-82-95-32-61-63-50-38-92-55-65-79-37-99-11-13-54-94-3-42-86-34-26-20-47-97
Ta100x20,8,5,500,1,0.05,7,2230807264,17000,6812,6481,6084,7.401890009,v2_avx512bw_vec32_exact_perm,39-62-87-78-59-44-72-22-29-90-73-70-14-67-31-7-68-64-81-71-45-30-41-69-56-91-25-57-76-1-82-12-27-89-9-93-49-51-10-88-4-18-28-2-75-37-19-36-53-35-15-100-98-50-66-3-6-23-24-77-33-83-48-55-16-79-63-61-40-65-8-17-95-11-43-99-38-5-58-52-86-21-54-80-96-85-74-13-84-46-32-42-60-94-34-92-47-26-20-97
Ta100x20,8,5,500,1,0.05,8,2230808273,17000,6811,6481,6084,7.421060241,v2_avx512bw_vec32_exact_perm,39-62-87-78-73-69-12-22-67-72-29-56-71-44-51-83-70-18-59-25-91-90-58-14-31-36-68-81-1-40-93-100-88-64-45-50-8-28-5-17-98-24-41-9-2-82-53-80-48-96-7-63-60-57-65-35-89-49-52-77-16-21-4-79-99-3-76-75-6-23-33-84-37-19-30-54-13-10-66-38-27-85-11-43-61-97-55-15-92-74-86-42-95-34-32-46-94-47-26-20
Ta100x20,8,5,500,1,0.05,9,2230809282,17000,6830,6481,6084,7.560522945,v2_avx512bw_vec32_exact_perm,39-28-12-22-62-78-14-59-72-45-31-67-56-70-64-7-91-87-73-29-36-90-9-48-71-69-24-25-51-40-54-18-5-4-1-57-6-19-35-38-41-44-65-83-76-33-74-27-23-3-88-58-81-2-86-53-93-50-37-30-63-15-8-52-49-100-77-84-75-68-55-43-89-61-11-21-17-16-98-46-10-85-99-42-96-92-79-32-94-60-66-95-80-13-34-82-97-26-20-47
Ta100x20,8,5,500,1,0.05,10,2230810291,17000,6767,6481,6084,7.435071952,v2_avx512bw_vec32_exact_perm,39-62-78-67-4-72-22-91-87-14-44-59-12-90-31-18-51-71-57-29-27-73-5-45-69-56-58-60-83-93-1-77-37-41-17-70-53-81-36-19-68-28-49-25-54-65-2-30-40-6-48-9-24-88-7-35-89-8-46-55-63-10-16-61-74-15-82-23-100-64-33-50-43-76-98-75-66-86-21-80-32-84-13-3-52-79-11-42-96-92-99-38-97-85-95-94-34-47-26-20
Ta100x20,8,5,500,1,0.075,1,2230801210,17000,6816,6481,6084,7.03603987,v2_avx512bw_vec32_exact_perm,39-62-28-22-72-87-68-59-78-5-90-29-69-44-12-67-9-50-58-45-56-73-40-70-14-7-31-64-1-91-65-57-24-19-83-36-27-71-81-15-53-93-49-100-6-75-35-25-48-51-17-52-98-66-86-77-76-4-60-61-42-30-38-3-10-43-85-89-82-88-41-23-16-63-33-11-18-96-2-37-8-74-55-84-21-80-46-92-95-94-79-32-54-13-34-20-99-47-97-26
Ta100x20,8,5,500,1,0.075,2,2230802219,17000,6819,6481,6084,6.881653012,v2_avx512bw_vec32_exact_perm,39-62-29-73-59-78-36-87-45-67-12-72-44-51-14-70-56-27-41-5-31-83-24-64-71-74-49-91-90-4-69-68-1-81-25-22-3-9-58-15-18-88-10-33-100-50-75-93-35-96-7-2-77-37-65-40-17-6-82-48-98-19-30-89-8-38-66-52-16-53-23-60-57-63-21-28-11-76-55-43-46-13-42-95-54-32-79-80-85-84-99-61-97-92-86-34-94-26-20-47
Ta100x20,8,5,500,1,0.075,3,2230803228,17000,6806,6481,6084,7.264619931,v2_avx512bw_vec32_exact_perm,39-62-78-29-22-56-31-4-70-28-69-44-12-73-72-81-14-67-24-71-51-59-33-87-74-90-91-1-18-15-49-83-6-88-45-7-9-89-25-75-57-60-41-3-50-68-53-5-64-10-8-93-61-27-82-19-63-23-30-96-77-36-58-17-52-98-40-55-100-35-48-37-21-16-99-46-11-2-84-92-38-66-76-85-43-86-54-80-42-95-32-65-79-13-34-94-47-26-20-97
Ta100x20,8,5,500,1,0.075,4,2230804237,17000,6815,6481,6084,7.257193868,v2_avx512bw_vec32_exact_perm,39-62-78-67-44-72-25-4-12-32-87-24-22-29-51-69-18-68-45-14-58-90-36-59-31-88-64-5-71-56-9-48-41-70-89-27-28-81-33-83-7-91-50-73-17-57-6-66-93-35-15-19-40-53-8-84-74-96-76-49-30-63-75-1-3-52-98-86-65-60-21-46-37-23-38-10-2-85-100-42-92-11-95-16-94-55-77-80-82-54-79-43-99-13-61-20-26-34-97-47
Ta100x20,8,5,500,1,0.075,5,2230805246,17000,6796,6481,6084,7.009400422,v2_avx512bw_vec32_exact_perm,39-62-78-87-12-91-72-45-71-67-17-90-56-18-33-29-51-36-14-22-44-68-81-1-27-70-83-59-66-93-69-5-73-41-30-50-7-37-96-9-57-58-31-40-24-49-15-98-77-19-52-4-35-53-48-95-89-88-28-25-21-61-10-6-2-100-76-23-55-64-75-46-65-63-74-8-82-80-85-16-84-43-86-38-32-42-99-92-60-13-79-11-3-54-94-34-26-20-97-47
Ta100x20,8,5,500,1,0.075,6,2230806255,17000,6806,6481,6084,7.122847791,v2_avx512bw_vec32_exact_perm,39-62-78-29-59-72-67-51-4-87-18-9-14-31-91-7-22-44-45-70-33-73-53-77-93-71-90-56-83-12-69-19-57-1-68-58-6-3-75-81-36-41-27-89-25-24-5-15-88-84-8-28-48-35-43-37-40-30-49-23-65-64-98-61-82-52-100-66-2-95-50-32-76-38-17-80-63-21-79-85-55-60-74-42-86-10-11-16-46-92-54-13-96-34-99-94-97-26-20-47
Ta100x20,8,5,500,1,0.075,7,2230807264,17000,6823,6481,6084,6.640430338,v2_avx512bw_vec32_exact_perm,39-62-78-29-58-72-81-31-44-67-45-12-90-87-71-18-56-51-74-27-14-59-22-70-69-3-76-49-5-7-66-17-93-83-77-1-9-6-91-82-52-24-4-86-75-23-19-33-73-15-48-64-57-40-63-89-16-2-88-41-10-37-36-53-30-25-98-100-35-50-61-65-21-11-28-80-60-96-38-79-32-43-84-99-68-13-42-34-92-54-85-95-8-46-94-55-26-20-47-97
Ta100x20,8,5,500,1,0.075,8,2230808273,17000,6837,6481,6084,7.167745285,v2_avx512bw_vec32_exact_perm,39-62-51-28-7-72-31-22-44-9-67-68-56-64-69-81-25-78-12-71-73-59-4-45-91-5-29-1-70-2-74-50-27-83-24-100-33-3-90-14-52-87-48-89-6-75-49-40-41-18-53-36-96-35-43-21-15-88-58-10-30-65-86-38-82-60-57-23-63-98-19-17-66-77-54-37-93-80-76-61-16-55-85-46-84-95-8-11-32-42-13-92-34-79-94-99-97-26-47-20
Ta100x20,8,5,500,1,0.075,9,2230809282,17000,6828,6481,6084,7.062151992,v2_avx512bw_vec32_exact_perm,39-71-78-62-87-22-51-68-72-59-45-15-27-12-29-67-58-41-44-73-74-31-56-69-33-57-1-14-70-90-81-5-88-91-24-10-25-36-3-37-21-48-64-89-96-49-83-23-16-50-63-7-18-100-52-98-9-93-75-65-40-82-30-6-4-43-61-28-77-80-84-35-38-2-60-79-19-85-8-11-95-54-55-17-46-76-42-99-20-34-13-92-53-66-86-26-32-94-97-47
Ta100x20,8,5,500,1,0.075,10,2230810291,17000,6841,6481,6084,7.151981215,v2_avx512bw_vec32_exact_perm,39-62-78-87-29-22-28-4-27-12-56-33-14-72-71-18-44-68-36-90-59-64-3-69-1-51-40-93-67-66-10-77-89-7-31-57-91-50-100-9-83-75-81-70-53-48-45-16-41-25-73-88-37-30-65-15-96-24-21-86-5-43-98-74-35-17-61-6-52-58-63-49-82-76-79-38-8-13-80-23-2-95-55-84-99-42-54-60-19-11-47-32-85-92-46-34-94-97-26-20
Ta100x20,8,5,500,1,0.1,1,2230801210,17000,6837,6481,6084,6.862900269,v2_avx512bw_vec32_exact_perm,39-62-87-78-73-72-90-44-67-51-33-22-81-76-12-59-93-45-71-69-18-31-24-83-91-1-4-5-14-75-86-41-9-68-57-56-30-21-25-88-29-49-27-7-10-89-3-36-64-58-40-19-96-70-38-52-48-15-43-98-8-77-17-65-82-50-80-42-95-28-23-16-2-35-100-6-55-53-61-37-60-79-11-74-54-99-46-63-85-32-66-84-94-13-92-34-47-26-97-20
Ta100x20,8,5,500,1,0.1,2,2230802219,17000,6827,6481,6084,6.97511807,v2_avx512bw_vec32_exact_perm,39-62-78-87-44-22-72-68-36-73-59-67-12-45-28-64-69-71-31-83-51-57-91-58-14-70-6-1-29-7-56-27-65-18-48-3-23-81-52-5-10-88-66-89-9-41-75-40-24-15-76-49-90-2-35-77-93-17-53-54-25-33-82-50-38-21-30-60-98-84-19-8-37-32-63-85-100-16-43-61-4-79-80-11-95-86-96-92-94-46-42-99-13-74-55-26-34-20-47-97
Ta100x20,8,5,500,1,0.1,3,2230803228,17000,6825,6481,6084,6.726334663,v2_avx512bw_vec32_exact_perm,39-62-78-67-72-31-56-36-28-22-91-44-18-57-71-29-77-70-59-64-7-82-73-87-12-88-90-24-45-4-75-25-93-81-83-60-6-51-27-53-19-33-69-68-9-30-100-66-37-48-15-1-14-96-49-5-41-3-61-65-98-74-52-2-76-35-40-21-23-89-79-80-43-85-50-86-10-58-16-63-55-46-95-42-92-11-17-38-54-99-13-34-32-97-84-8-20-94-47-26
Ta100x20,8,5,500,1,0.1,4,2230804237,17000,6825,6481,6084,6.798427033,v2_avx512bw_vec32_exact_perm,39-62-78-69-22-87-72-51-71-9-68-83-27-73-18-91-36-44-77-59-4-7-90-29-53-12-48-31-67-5-3-70-37-45-6-30-66-56-25-15-81-24-98-19-8-50-17-40-89-60-65-74-35-93-84-52-49-75-99-28-76-21-57-41-33-58-10-14-38-61-16-85-1-88-23-95-86-80-100-55-63-43-13-64-79-11-96-2-32-94-42-54-34-20-26-82-46-92-47-97
Ta100x20,8,5,500,1,0.1,5,2230805246,17000,6834,6481,6084,6.792931653,v2_avx512bw_vec32_exact_perm,39-62-72-67-70-44-22-56-78-1-51-87-69-45-73-18-5-57-24-58-27-7-31-12-85-90-71-29-91-88-59-54-93-60-9-14-83-19-74-15-21-68-16-76-33-4-96-48-17-10-23-75-36-81-28-98-53-64-41-77-25-35-37-65-40-52-82-84-63-6-89-8-43-2-50-80-46-66-79-86-49-55-13-100-30-95-32-38-42-99-92-3-61-11-34-94-26-97-20-47
Ta100x20,8,5,500,1,0.1,6,2230806255,17000,6783,6481,6084,6.833257518,v2_avx512bw_vec32_exact_perm,39-62-29-78-87-56-67-72-12-44-22-4-18-51-36-59-83-90-91-73-1-14-27-100-7-31-70-45-40-24-50-66-71-2-6-5-48-89-17-74-9-37-69-98-3-15-82-33-68-60-88-57-75-64-77-21-35-41-81-65-23-8-25-19-10-93-84-63-53-32-30-49-42-76-86-58-52-46-28-79-61-85-80-11-16-96-38-13-43-54-55-95-92-99-94-97-34-47-26-20
Ta100x20,8,5,500,1,0.1,7,2230807264,17000,6828,6481,6084,6.688148204,v2_avx512bw_vec32_exact_perm,39-62-78-67-90-72-87-59-73-1-22-88-15-44-36-51-69-40-71-33-31-12-27-56-58-45-14-5-91-82-70-81-68-24-9-18-53-3-7-29-17-65-25-2-35-98-66-28-93-6-83-57-52-89-41-60-4-77-75-48-10-30-32-95-38-37-85-49-50-63-16-43-19-86-84-11-55-100-76-80-8-64-46-94-54-21-23-61-74-96-13-79-99-42-47-20-34-26-92-97
Ta100x20,8,5,500,1,0.1,8,2230808273,17000,6820,6481,6084,6.72413268,v2_avx512bw_vec32_exact_perm,39-62-78-68-28-31-12-56-4-22-14-87-73-83-27-36-44-29-59-7-64-91-90-57-58-18-72-9-1-2-93-71-69-67-53-25-23-19-77-5-81-33-15-45-35-24-70-98-89-51-60-40-17-76-66-100-50-88-8-43-55-63-10-52-75-96-48-41-6-84-80-82-74-37-65-3-16-85-86-49-99-38-95-21-32-30-11-61-79-46-42-92-54-34-26-20-94-47-13-97
Ta100x20,8,5,500,1,0.1,9,2230809282,17000,6824,6481,6084,6.844750602,v2_avx512bw_vec32_exact_perm,39-62-78-87-56-51-4-73-18-36-90-67-72-14-70-59-29-12-71-66-27-45-22-7-68-58-25-17-91-49-9-35-81-19-69-40-28-31-5-44-75-41-65-57-24-93-1-76-15-2-83-21-23-95-52-10-98-50-6-74-89-64-88-48-38-55-30-86-8-16-77-53-100-63-46-82-60-92-85-11-54-61-33-80-96-79-3-43-84-37-32-42-97-94-99-13-34-20-47-26
Ta100x20,8,5,500,1,0.1,10,2230810291,17000,6836,6481,6084,6.950379701,v2_avx512bw_vec32_exact_perm,39-62-78-67-90-51-64-45-29-73-14-72-87-71-69-59-25-44-4-56-22-3-27-24-70-1-12-74-10-83-33-91-81-49-77-7-31-18-40-21-9-16-5-36-35-41-52-17-6-84-19-23-58-88-30-96-46-75-37-100-68-48-57-66-93-2-60-50-42-28-98-89-86-32-61-8-43-80-13-53-63-85-76-92-55-11-79-65-34-95-94-38-99-54-15-82-26-97-20-47
Ta100x20,8,5,500,1,0.125,1,2230801210,17000,6815,6481,6084,6.919614652,v2_avx512bw_vec32_exact_perm,39-62-22-87-78-73-69-59-70-91-4-74-64-29-10-14-31-18-68-12-83-40-7-72-44-1-58-90-9-5-45-53-33-27-50-71-77-66-57-23-81-67-60-88-93-86-41-17-25-19-52-36-56-6-96-100-51-3-75-30-8-37-2-48-84-24-82-65-98-38-92-28-15-21-54-80-11-49-55-35-16-61-89-63-85-76-95-13-43-46-79-99-34-32-94-42-47-26-20-97
Ta100x20,8,5,500,1,0.125,2,2230802219,17000,6860,6481,6084,6.779338351,v2_avx512bw_vec32_exact_perm,39-22-62-28-78-29-72-90-4-69-12-73-67-71-60-45-91-31-59-36-70-48-24-41-5-56-81-27-76-9-44-33-25-17-98-1-53-57-7-83-66-96-68-14-93-74-3-52-100-16-87-18-6-55-23-88-40-35-54-37-19-49-77-80-10-30-8-15-61-75-89-50-2-21-51-85-92-65-84-42-95-58-64-46-86-11-82-63-32-38-79-43-13-34-94-47-99-20-26-97
Ta100x20,8,5,500,1,0.125,3,2230803228,17000,6824,6481,6084,7.00040125,v2_avx512bw_vec32_exact_perm,39-28-59-22-78-12-29-87-69-18-51-62-53-70-67-44-31-56-72-7-91-73-57-71-1-96-17-45-74-14-9-64-90-58-49-83-93-50-33-4-3-5-25-2-68-81-16-88-15-82-24-40-35-41-27-89-48-46-76-19-30-6-98-65-60-75-77-37-23-10-100-86-52-85-80-38-36-95-55-43-66-63-21-11-42-8-61-32-79-84-92-99-34-54-94-20-47-26-13-97
Ta100x20,8,5,500,1,0.125,4,2230804237,17000,6815,6481,6084,7.524982364,v2_avx512bw_vec32_exact_perm,39-28-72-22-78-18-62-10-71-51-56-90-36-67-12-59-87-7-29-33-44-58-14-57-91-27-69-83-73-31-70-9-1-2-4-93-50-68-89-81-96-25-77-45-15-48-24-88-100-41-49-35-40-6-8-5-17-75-63-84-66-3-16-60-46-43-64-21-85-53-82-98-76-65-23-19-30-61-92-11-52-38-80-79-74-86-55-95-37-54-32-99-13-94-26-42-20-34-97-47
Ta100x20,8,5,500,1,0.125,5,2230805246,17000,6795,6481,6084,6.922200793,v2_avx512bw_vec32_exact_perm,39-62-67-87-69-78-36-22-12-72-29-71-73-33-14-57-31-45-44-90-56-4-51-17-41-70-59-76-81-18-91-68-1-75-28-64-88-58-8-40-53-96-100-50-35-7-25-49-82-52-9-48-11-98-65-24-30-27-37-60-5-83-66-23-19-55-46-93-6-85-38-61-77-79-10-80-15-32-74-43-13-89-86-16-99-84-2-21-63-3-54-42-94-95-97-34-47-92-26-20
Ta100x20,8,5,500,1,0.125,6,2230806255,17000,6799,6481,6084,7.157841476,v2_avx512bw_vec32_exact_perm,39-62-78-68-72-44-51-90-81-67-12-28-22-73-59-91-70-1-33-24-14-45-65-87-71-88-69-31-54-29-7-56-64-40-25-6-15-77-5-10-57-41-9-37-75-93-30-89-17-19-36-66-27-83-82-96-49-100-35-84-48-50-21-4-18-58-16-80-8-53-63-43-52-23-86-76-74-98-79-60-3-2-85-55-99-32-61-38-42-11-46-13-92-95-34-94-47-26-20-97
Ta100x20,8,5,500,1,0.125,7,2230807264,17000,6826,6481,6084,7.343390929,v2_avx512bw_vec32_exact_perm,39-62-78-28-72-67-90-87-73-70-25-68-56-44-14-7-12-36-22-83-96-69-81-77-35-91-71-64-18-15-33-31-9-29-24-5-17-21-27-40-4-45-88-59-41-93-51-75-89-1-53-57-58-37-11-30-19-52-43-66-65-100-50-98-48-32-10-76-82-6-61-86-2-8-49-3-95-38-16-80-79-13-94-84-85-63-74-55-46-92-23-54-60-42-99-34-20-47-26-97
Ta100x20,8,5,500,1,0.125,8,2230808273,17000,6844,6481,6084,7.074824074,v2_avx512bw_vec32_exact_perm,39-62-87-78-12-18-44-51-24-56-28-68-90-22-93-70-72-69-73-25-7-45-31-14-1-91-19-57-71-40-9-83-33-64-36-59-67-81-29-52-75-58-17-27-50-66-5-41-89-98-88-15-77-2-37-55-23-35-76-82-6-85-49-21-4-10-100-30-48-74-60-61-65-54-84-80-46-63-16-11-96-13-95-43-8-53-42-3-38-79-26-86-94-32-20-34-92-99-47-97
Ta100x20,8,5,500,1,0.125,9,2230809282,17000,6809,6481,6084,7.205249703,v2_avx512bw_vec32_exact_perm,39-62-78-44-68-87-29-45-73-27-14-72-67-51-59-56-9-4-7-18-69-12-64-28-90-36-41-83-88-89-31-6-22-76-91-70-98-25-35-75-57-52-3-60-19-81-53-93-1-71-66-24-40-61-77-15-5-10-48-2-100-21-58-30-8-63-17-32-86-85-38-84-82-43-37-23-11-54-50-49-46-55-65-42-16-96-79-33-95-80-74-92-13-99-20-94-97-34-47-26
Ta100x20,8,5,500,1,0.125,10,2230810291,17000,6829,6481,6084,7.51295181,v2_avx512bw_vec32_exact_perm,39-12-72-67-22-68-62-4-29-59-78-1-36-90-91-70-14-45-64-74-28-81-51-87-73-57-9-44-7-71-33-25-56-27-41-37-24-65-31-69-19-83-50-77-6-35-96-48-17-63-18-80-88-8-30-49-53-75-93-55-10-42-98-82-52-89-46-76-3-5-2-23-40-43-16-86-11-21-66-15-84-34-54-95-38-61-58-100-85-92-13-99-32-79-60-94-47-26-20-97
