group,instance,pop_mult,Ps,pc,pm,rep,seed,G,best_cmax,ub,lb,run_sec,engine,best_perm_1based
Ta100x20,4,1,100,0.85,0.025,1,2230401210,17000,6491,6306,6072,2.167611381,v2_avx512_vecx_batch16_exact_perm,1-69-91-50-74-29-44-98-95-25-64-49-56-51-45-26-68-18-8-70-5-67-46-17-71-86-79-63-28-58-92-84-55-41-88-35-12-94-89-73-43-57-78-65-2-7-11-60-31-96-24-37-13-59-47-38-93-66-22-54-87-76-40-42-16-99-32-15-100-62-23-90-85-21-61-19-77-72-20-14-82-3-33-9-27-97-34-48-39-52-6-83-81-4-80-10-75-53-30-36
Ta100x20,4,1,100,0.85,0.025,2,2230402219,17000,6508,6306,6072,1.903852806,v2_avx512_vecx_batch16_exact_perm,68-8-1-45-16-88-60-99-74-29-44-69-67-52-21-38-71-13-86-50-84-76-54-100-43-56-25-98-9-73-55-58-92-93-65-32-48-70-15-72-24-78-3-5-63-10-46-33-31-95-12-28-51-7-91-26-87-64-57-96-37-90-80-89-18-23-20-34-6-35-41-61-22-79-4-47-49-82-17-85-77-19-30-2-62-66-53-11-94-59-39-81-42-14-40-83-75-36-27-97
Ta100x20,4,1,100,0.85,0.025,3,2230403228,17000,6532,6306,6072,1.96481916,v2_avx512_vecx_batch16_exact_perm,68-1-8-16-45-50-56-29-64-18-38-22-57-60-46-90-91-15-26-51-71-87-79-49-92-86-89-74-84-5-69-98-95-94-73-24-52-63-81-88-55-62-44-34-77-17-35-78-58-96-39-54-59-72-83-25-21-100-48-23-70-13-61-7-85-32-31-41-80-67-65-14-12-66-53-11-43-76-99-3-47-33-36-40-19-28-2-37-93-42-9-6-4-20-82-30-10-27-75-97
Ta100x20,4,1,100,0.85,0.025,4,2230404237,17000,6489,6306,6072,1.902381629,v2_avx512_vecx_batch16_exact_perm,68-29-60-8-98-79-16-88-70-25-95-1-46-41-52-44-91-63-89-15-58-26-2-5-71-13-51-64-85-24-69-32-56-86-74-84-77-72-57-38-92-49-78-45-7-22-54-100-67-66-62-96-50-34-83-90-55-33-73-53-31-40-87-59-39-10-18-61-47-21-42-35-23-11-76-43-99-94-12-48-9-36-37-30-93-81-28-6-65-14-3-4-19-75-20-80-27-17-82-97
Ta100x20,4,1,100,0.85,0.025,5,2230405246,17000,6491,6306,6072,1.950851316,v2_avx512_vecx_batch16_exact_perm,1-8-50-29-63-69-5-74-57-38-91-95-68-65-96-64-86-55-51-43-56-71-13-84-76-46-58-70-67-45-88-17-25-32-92-47-16-93-78-15-73-44-60-99-2-6-7-87-26-40-31-54-11-61-18-72-10-98-89-27-52-48-39-81-20-100-4-21-90-53-37-49-77-12-85-66-62-22-41-28-42-3-24-34-75-79-94-59-14-23-9-35-97-36-83-33-30-19-82-80
Ta100x20,4,1,100,0.85,0.025,6,2230406255,17000,6511,6306,6072,1.885475403,v2_avx512_vecx_batch16_exact_perm,1-69-28-88-44-45-8-60-70-46-16-51-67-29-91-89-49-90-84-74-58-26-5-92-50-71-87-43-21-95-48-79-81-56-99-22-64-24-86-96-33-54-18-72-25-63-31-17-59-14-62-66-34-98-23-76-9-57-35-65-93-100-41-55-78-52-7-42-2-83-75-61-47-13-38-12-32-6-85-94-4-15-11-30-19-77-53-39-10-36-3-37-80-82-68-73-20-27-40-97
Ta100x20,4,1,100,0.85,0.025,7,2230407264,17000,6474,6306,6072,1.870154852,v2_avx512_vecx_batch16_exact_perm,1-44-82-60-74-5-69-88-50-29-66-91-58-55-22-78-96-12-16-26-68-56-65-51-13-95-75-46-84-86-28-92-54-25-57-77-63-43-67-32-64-18-8-89-48-7-52-87-71-9-49-45-2-39-17-4-61-38-93-73-70-31-15-14-62-81-76-24-72-47-85-99-3-42-11-98-94-27-20-100-21-79-59-6-41-34-53-35-23-83-80-19-37-30-90-10-33-36-40-97
Ta100x20,4,1,100,0.85,0.025,8,2230408273,17000,6453,6306,6072,2.001602338,v2_avx512_vecx_batch16_exact_perm,1-69-74-44-60-29-5-35-51-16-24-65-79-8-38-67-64-56-26-91-7-92-13-88-45-84-42-3-46-77-58-63-59-23-54-55-93-41-98-71-25-70-86-87-50-31-4-43-83-6-95-89-18-22-17-78-96-90-49-37-12-47-28-76-30-99-94-62-48-85-52-39-32-81-53-57-15-11-72-21-100-9-34-2-73-61-33-80-75-82-20-19-66-68-14-10-36-27-40-97
Ta100x20,4,1,100,0.85,0.025,9,2230409282,17000,6500,6306,6072,1.898181966,v2_avx512_vecx_batch16_exact_perm,1-60-8-16-76-50-45-29-5-26-67-44-91-79-69-71-68-64-38-63-41-55-46-92-99-88-61-80-54-86-94-98-89-58-35-13-20-87-39-93-25-84-74-21-70-56-14-32-53-78-12-33-57-96-22-52-7-73-2-23-3-95-77-24-18-62-51-47-15-34-28-37-43-6-97-42-4-100-90-31-11-82-59-17-83-19-72-48-75-49-81-65-10-85-30-9-66-40-36-27
Ta100x20,4,1,100,0.85,0.025,10,2230410291,17000,6440,6306,6072,1.824593359,v2_avx512_vecx_batch16_exact_perm,1-45-69-8-70-64-60-25-50-29-91-74-49-84-5-76-57-96-99-52-7-15-88-56-22-100-98-62-78-18-92-90-26-13-86-71-43-17-95-65-51-24-63-54-87-61-67-77-14-21-23-93-79-38-55-72-20-44-89-33-58-40-28-16-31-41-11-35-42-37-46-83-2-12-85-32-48-19-73-94-59-66-34-53-3-68-27-39-47-82-30-81-4-9-6-10-75-80-36-97
Ta100x20,4,1,100,0.85,0.05,1,2230401210,17000,6534,6306,6072,1.901189696,v2_avx512_vecx_batch16_exact_perm,91-50-44-29-74-57-51-66-59-46-88-25-95-60-65-98-32-69-92-24-67-78-71-38-5-84-99-1-70-26-89-47-13-58-14-15-68-37-41-16-54-76-63-31-52-20-33-86-23-87-8-4-7-45-35-22-55-40-19-93-18-49-77-48-11-56-79-2-100-61-21-30-64-62-85-72-12-94-96-81-28-3-82-42-43-10-9-6-34-27-73-90-39-36-83-53-80-17-75-97
Ta100x20,4,1,100,0.85,0.05,2,2230402219,17000,6497,6306,6072,1.999648164,v2_avx512_vecx_batch16_exact_perm,68-28-29-69-44-5-23-35-1-95-79-56-63-57-38-84-52-22-74-65-98-70-47-86-71-43-24-59-73-78-96-50-67-45-76-13-99-41-58-55-93-46-49-92-15-88-54-16-72-25-39-48-26-2-7-91-89-51-8-3-21-37-100-18-42-83-60-53-64-87-77-34-4-32-12-90-85-61-9-36-6-27-82-17-75-31-62-80-20-30-81-11-66-10-97-94-14-33-19-40
Ta100x20,4,1,100,0.85,0.05,3,2230403228,17000,6516,6306,6072,2.070558507,v2_avx512_vecx_batch16_exact_perm,74-1-69-8-45-5-91-23-50-60-52-63-76-65-49-96-93-38-71-56-89-58-92-70-35-84-16-13-78-15-44-90-48-100-27-98-95-29-79-53-57-42-54-88-32-86-22-30-72-47-17-25-31-7-55-77-46-4-61-26-67-20-64-59-83-18-12-21-11-2-99-6-14-36-43-37-85-24-34-51-82-41-66-73-68-87-9-3-39-94-80-10-19-81-62-28-40-75-33-97
Ta100x20,4,1,100,0.85,0.05,4,2230404237,17000,6461,6306,6072,2.082862468,v2_avx512_vecx_batch16_exact_perm,1-8-65-16-29-44-12-38-60-71-89-54-7-87-45-52-26-98-74-69-5-51-67-96-25-84-70-76-32-46-79-50-88-15-66-22-49-95-93-86-57-58-14-92-56-72-63-91-23-24-43-17-90-78-73-18-35-4-99-61-9-34-48-20-6-94-21-3-47-53-13-37-55-59-100-28-64-42-27-62-81-77-2-30-39-11-85-31-83-41-10-68-75-33-19-80-82-36-40-97
Ta100x20,4,1,100,0.85,0.05,5,2230405246,17000,6412,6306,6072,2.075947159,v2_avx512_vecx_batch16_exact_perm,1-44-60-74-69-46-8-79-5-50-26-91-45-38-21-54-67-92-61-18-56-63-100-83-41-70-32-15-71-68-96-84-34-90-99-88-22-43-57-49-95-53-25-29-77-86-4-16-17-78-65-55-7-81-39-31-58-73-98-76-52-62-24-47-28-14-51-37-89-2-23-87-93-6-59-13-75-19-72-20-10-12-33-85-11-48-66-42-82-35-94-30-9-27-3-64-97-80-36-40
Ta100x20,4,1,100,0.85,0.05,6,2230406255,17000,6471,6306,6072,1.888345741,v2_avx512_vecx_batch16_exact_perm,1-69-68-8-44-64-52-67-96-45-26-70-74-55-46-88-71-38-58-16-29-98-51-18-54-5-76-92-37-89-2-39-13-41-43-73-25-50-56-65-11-91-84-47-48-63-21-78-23-72-15-31-79-90-32-22-95-60-14-93-86-94-57-36-100-35-62-24-28-17-7-34-83-85-99-49-81-59-33-61-12-20-6-87-82-66-75-9-3-19-77-42-4-53-30-27-80-10-40-97
Ta100x20,4,1,100,0.85,0.05,7,2230407264,17000,6503,6306,6072,1.815474083,v2_avx512_vecx_batch16_exact_perm,1-68-29-96-67-28-44-65-45-69-38-89-61-5-91-8-50-54-56-92-88-13-95-32-63-18-26-48-86-22-35-55-90-51-74-17-15-41-58-43-83-60-71-24-70-49-100-47-53-98-21-25-93-12-77-2-3-76-84-46-33-57-6-7-36-99-87-23-52-66-59-39-78-11-31-16-20-19-34-79-94-10-73-9-72-37-85-64-81-42-4-82-30-27-62-14-40-75-80-97
Ta100x20,4,1,100,0.85,0.05,8,2230408273,17000,6431,6306,6072,1.938908292,v2_avx512_vecx_batch16_exact_perm,1-68-91-8-60-74-69-5-29-65-51-46-88-57-3-79-18-26-56-52-84-63-47-34-54-96-92-45-67-93-95-28-71-50-13-25-48-44-49-37-38-58-86-98-17-12-61-15-32-21-77-16-24-43-23-22-100-70-78-64-7-55-42-83-76-31-89-40-87-90-62-33-39-2-11-10-59-94-99-20-41-72-75-66-82-4-85-30-19-81-6-73-9-53-14-35-36-27-80-97
Ta100x20,4,1,100,0.85,0.05,9,2230409282,17000,6471,6306,6072,1.959835844,v2_avx512_vecx_batch16_exact_perm,68-45-44-1-5-60-29-79-88-69-46-23-87-52-26-92-35-56-84-16-78-51-91-67-50-22-86-48-99-58-89-43-15-20-76-21-64-65-70-55-32-74-94-95-77-63-57-41-98-27-100-72-61-38-13-25-12-49-39-71-34-54-83-18-8-81-24-36-31-37-42-7-3-4-90-17-11-40-59-28-2-62-96-75-30-53-14-19-93-85-9-6-10-47-82-66-97-73-33-80
Ta100x20,4,1,100,0.85,0.05,10,2230410291,17000,6457,6306,6072,1.919094178,v2_avx512_vecx_batch16_exact_perm,1-91-69-8-44-74-38-46-26-29-88-20-45-5-60-71-70-96-68-99-15-16-79-92-50-56-83-25-64-13-86-33-89-95-77-63-55-58-84-98-67-23-34-90-100-78-61-41-35-30-54-18-87-22-32-27-43-57-7-51-76-24-37-39-80-52-4-3-28-12-72-21-53-48-59-93-14-17-94-31-9-65-62-85-47-81-6-11-2-73-10-66-97-42-82-19-49-75-36-40
Ta100x20,4,1,100,0.85,0.075,1,2230401210,17000,6414,6306,6072,1.929145501,v2_avx512_vecx_batch16_exact_perm,1-68-45-69-44-74-38-57-78-5-100-13-12-50-26-8-86-43-56-16-23-65-46-51-49-60-88-84-41-99-55-58-25-9-98-7-52-89-71-96-77-67-91-11-72-29-28-92-37-63-47-2-15-95-93-39-76-33-59-54-20-73-94-22-21-35-18-87-66-61-62-6-90-17-4-70-31-3-24-36-83-81-64-85-48-79-32-19-34-75-10-80-30-53-97-42-82-14-27-40
Ta100x20,4,1,100,0.85,0.075,2,2230402219,17000,6414,6306,6072,1.839767773,v2_avx512_vecx_batch16_exact_perm,1-68-45-5-60-50-49-92-88-84-69-74-71-48-46-67-91-44-52-41-79-57-64-63-89-56-24-11-98-81-99-87-25-95-22-23-58-36-16-29-26-28-55-8-83-76-7-100-93-15-39-13-78-54-38-86-43-96-12-4-20-70-31-72-59-3-37-9-42-51-77-94-18-35-34-65-32-90-14-61-75-21-2-62-33-47-85-19-6-73-66-10-17-53-30-27-82-80-40-97
Ta100x20,4,1,100,0.85,0.075,3,2230403228,17000,6409,6306,6072,1.875456185,v2_avx512_vecx_batch16_exact_perm,1-91-44-16-38-60-68-88-29-46-58-18-57-5-51-3-50-26-52-15-22-8-69-79-83-25-56-45-86-63-71-31-17-87-95-23-2-84-64-74-93-98-12-96-24-67-92-61-70-39-77-43-49-89-47-37-53-6-78-55-75-28-4-48-65-7-21-100-72-59-99-41-30-54-32-85-90-20-34-35-11-94-82-76-9-33-13-66-19-42-14-62-27-81-10-73-80-36-40-97
Ta100x20,4,1,100,0.85,0.075,4,2230404237,17000,6438,6306,6072,2.061551472,v2_avx512_vecx_batch16_exact_perm,1-8-86-44-57-16-68-58-96-60-45-67-79-50-5-69-21-88-23-55-65-51-46-93-18-87-92-43-84-33-41-35-12-99-74-26-2-56-13-25-11-63-89-3-54-47-32-70-78-98-71-95-31-72-15-64-85-90-7-100-49-48-29-37-38-91-62-42-28-83-6-73-76-61-20-66-53-39-34-24-17-59-30-9-81-52-4-36-27-77-22-10-19-14-75-94-82-80-40-97
Ta100x20,4,1,100,0.85,0.075,5,2230405246,17000,6499,6306,6072,1.96882096,v2_avx512_vecx_batch16_exact_perm,8-16-44-70-43-65-1-5-23-50-79-42-51-60-56-32-95-46-74-25-48-71-45-58-96-86-69-37-68-63-12-98-77-38-39-100-67-94-84-33-29-88-9-55-7-99-72-41-26-20-91-92-15-13-78-93-80-49-57-73-76-52-47-89-21-35-4-18-61-87-11-54-30-22-2-3-75-83-24-6-85-62-31-81-59-53-14-27-17-90-10-36-82-66-28-19-34-64-40-97
Ta100x20,4,1,100,0.85,0.075,6,2230406255,17000,6445,6306,6072,1.935659713,v2_avx512_vecx_batch16_exact_perm,68-44-91-74-69-45-67-50-84-70-29-46-88-64-28-25-60-51-3-34-55-56-99-63-23-16-71-52-57-96-58-86-43-54-24-32-92-98-89-94-26-79-93-48-47-33-5-21-15-22-95-100-90-42-8-53-77-7-4-2-65-1-83-12-6-49-81-38-87-37-19-78-13-62-76-17-18-31-35-11-20-66-59-27-82-72-85-30-73-14-61-39-41-10-75-9-80-36-40-97
Ta100x20,4,1,100,0.85,0.075,7,2230407264,17000,6485,6306,6072,2.096821893,v2_avx512_vecx_batch16_exact_perm,50-23-88-45-44-69-16-25-70-1-8-86-57-5-26-46-71-38-32-35-49-52-41-99-78-4-79-18-89-74-55-77-43-56-7-96-64-59-91-67-51-84-95-76-54-36-29-63-60-22-66-58-98-61-30-12-87-11-9-93-2-39-28-92-24-53-42-13-37-48-90-10-100-72-47-31-62-20-85-27-97-34-19-83-21-33-73-15-6-81-17-68-82-3-94-65-14-40-75-80
Ta100x20,4,1,100,0.85,0.075,8,2230408273,17000,6444,6306,6072,1.837489865,v2_avx512_vecx_batch16_exact_perm,1-68-44-45-60-8-74-12-96-70-88-29-50-71-57-69-52-5-86-92-91-46-26-32-16-56-41-93-77-25-87-84-3-55-64-18-89-100-78-38-62-15-54-63-48-90-13-51-43-99-28-67-21-79-11-76-31-58-95-47-72-23-24-94-39-65-2-22-9-98-73-17-37-85-36-61-20-14-34-75-30-81-40-59-35-42-7-4-66-53-6-19-49-83-33-80-10-82-27-97
Ta100x20,4,1,100,0.85,0.075,9,2230409282,17000,6473,6306,6072,2.00158066,v2_avx512_vecx_batch16_exact_perm,74-44-69-1-50-55-15-45-88-67-51-70-5-60-47-65-46-92-13-77-84-68-16-61-38-58-54-86-29-98-3-56-91-52-63-95-32-71-31-49-7-17-9-43-35-12-85-94-57-39-6-23-22-2-11-99-76-41-33-24-26-89-87-78-72-25-64-62-96-48-42-53-79-30-8-90-83-37-36-10-18-73-20-34-100-66-27-59-82-93-19-21-28-4-14-75-81-40-80-97
Ta100x20,4,1,100,0.85,0.075,10,2230410291,17000,6503,6306,6072,2.140869433,v2_avx512_vecx_batch16_exact_perm,1-91-8-45-44-74-64-38-60-46-49-92-33-5-48-26-13-69-95-25-54-76-41-84-50-59-88-71-79-43-3-68-56-99-16-58-57-63-78-67-100-31-34-18-37-51-19-35-29-96-47-70-52-15-86-87-93-98-23-61-22-55-24-17-12-28-32-42-7-2-11-94-4-90-66-89-53-77-85-39-62-20-14-65-81-30-82-73-10-21-6-9-72-27-36-83-40-75-80-97
Ta100x20,4,1,100,0.85,0.1,1,2230401210,17000,6454,6306,6072,1.862173819,v2_avx512_vecx_batch16_exact_perm,1-29-44-64-38-60-28-56-16-67-51-89-91-50-74-71-69-54-5-87-92-43-15-23-78-46-100-8-45-90-84-98-70-7-88-25-18-49-33-48-99-86-17-22-58-52-9-96-76-13-55-93-26-57-31-24-6-63-47-85-66-32-21-68-12-53-34-95-61-39-77-36-83-79-2-37-42-41-30-3-65-4-19-11-72-94-59-27-73-20-81-14-35-75-10-82-62-80-40-97
Ta100x20,4,1,100,0.85,0.1,2,2230402219,17000,6500,6306,6072,2.248381292,v2_avx512_vecx_batch16_exact_perm,68-50-65-23-1-5-69-55-84-46-67-45-74-79-18-88-26-56-70-49-71-76-63-58-59-86-96-52-54-43-44-100-21-89-60-93-29-41-92-8-95-94-91-57-66-64-7-87-16-39-51-98-25-9-35-48-12-72-77-22-40-53-13-99-85-28-42-37-36-83-73-38-10-30-78-19-81-61-24-6-20-31-32-15-34-62-2-27-11-90-47-82-3-17-33-4-14-75-80-97
Ta100x20,4,1,100,0.85,0.1,3,2230403228,17000,6493,6306,6072,2.008657232,v2_avx512_vecx_batch16_exact_perm,1-68-91-44-74-38-67-71-70-76-16-24-8-58-89-5-29-96-43-60-99-92-45-69-46-93-23-79-26-42-35-83-18-2-51-98-86-88-56-95-61-54-63-28-12-77-25-84-87-78-13-22-50-32-47-52-3-90-39-85-4-31-64-36-53-66-57-62-15-72-20-55-41-9-7-100-21-33-59-81-17-37-30-97-34-80-6-82-49-11-19-48-73-94-14-27-65-10-75-40
Ta100x20,4,1,100,0.85,0.1,4,2230404237,17000,6464,6306,6072,2.191261615,v2_avx512_vecx_batch16_exact_perm,74-44-60-50-67-8-32-38-94-12-45-56-92-16-26-89-70-52-86-87-63-71-9-91-58-5-69-84-2-1-24-83-51-88-78-100-47-79-57-49-22-99-43-85-54-68-23-90-41-98-15-37-29-61-7-96-72-73-25-28-17-13-95-62-48-46-33-14-35-18-76-20-21-55-65-75-31-59-10-93-11-34-82-77-81-39-6-42-66-27-36-4-19-53-30-3-80-64-40-97
Ta100x20,4,1,100,0.85,0.1,5,2230405246,17000,6453,6306,6072,2.254498422,v2_avx512_vecx_batch16_exact_perm,68-91-44-8-69-45-74-55-16-67-29-5-76-63-57-100-84-1-87-86-35-25-89-11-20-46-59-78-26-31-64-3-24-96-99-28-88-51-22-60-54-50-32-48-72-56-71-65-41-92-43-90-18-79-7-70-13-58-23-83-38-2-93-12-21-37-15-94-47-85-52-73-34-39-17-98-95-80-61-42-53-75-77-49-14-30-62-66-9-33-19-4-10-82-27-81-6-40-36-97
Ta100x20,4,1,100,0.85,0.1,6,2230406255,17000,6427,6306,6072,2.256031833,v2_avx512_vecx_batch16_exact_perm,1-91-65-16-88-64-38-25-69-68-44-73-45-74-60-51-86-8-48-46-77-58-56-32-63-12-2-57-13-5-92-95-76-84-94-26-30-7-35-41-50-78-99-52-54-89-87-22-15-98-6-23-62-43-21-24-71-18-70-61-29-96-31-53-55-67-3-83-100-9-39-93-28-37-42-4-11-72-85-20-79-49-66-10-90-17-34-33-19-81-47-59-14-75-82-27-80-36-40-97
Ta100x20,4,1,100,0.85,0.1,7,2230407264,17000,6463,6306,6072,2.302529504,v2_avx512_vecx_batch16_exact_perm,1-68-51-60-8-65-5-28-84-29-50-45-56-93-79-69-67-31-58-70-59-22-54-16-46-92-91-89-71-88-9-63-52-18-32-86-57-3-64-39-77-48-87-2-99-23-11-85-13-24-25-98-44-62-66-38-26-78-55-74-21-83-94-100-95-73-15-43-96-90-34-33-12-35-7-49-42-14-76-37-61-47-75-41-30-53-19-72-4-20-82-6-10-81-27-36-80-17-40-97
Ta100x20,4,1,100,0.85,0.1,8,2230408273,17000,6487,6306,6072,2.365946465,v2_avx512_vecx_batch16_exact_perm,50-8-16-74-96-70-1-45-5-87-22-57-95-51-60-78-67-54-46-92-56-86-88-23-84-24-58-3-43-91-39-69-44-89-79-35-52-18-71-98-25-15-37-7-21-48-100-59-62-17-49-31-72-9-93-55-29-41-32-90-61-85-28-4-11-99-38-26-42-83-34-65-64-53-47-27-73-2-76-12-30-20-63-66-97-13-19-82-94-77-81-6-10-80-36-14-40-68-75-33
Ta100x20,4,1,100,0.85,0.1,9,2230409282,17000,6427,6306,6072,2.302924734,v2_avx512_vecx_batch16_exact_perm,1-29-16-88-69-68-79-44-52-5-41-71-54-95-56-67-8-92-24-26-43-45-47-74-34-2-58-100-84-63-76-60-46-22-64-50-85-78-49-12-77-18-98-23-38-61-99-21-28-32-25-89-13-66-57-37-86-93-20-70-51-90-87-73-39-48-31-53-15-11-91-59-55-7-35-3-42-4-9-72-62-65-83-96-17-30-81-94-6-19-10-75-36-80-82-14-27-40-33-97
Ta100x20,4,1,100,0.85,0.1,10,2230410291,17000,6453,6306,6072,2.220015582,v2_avx512_vecx_batch16_exact_perm,1-69-50-8-44-45-74-98-64-60-51-67-91-16-89-88-71-28-84-100-57-86-99-36-43-65-48-93-5-96-79-46-56-92-70-55-7-54-25-63-66-12-11-26-17-2-61-38-6-83-42-24-13-18-76-58-87-9-77-22-72-62-47-29-49-78-85-37-40-31-97-53-35-30-41-95-33-52-3-59-39-15-32-21-90-4-19-75-20-34-81-23-68-73-94-14-10-27-82-80
Ta100x20,4,1,100,0.85,0.125,1,2230401210,17000,6466,6306,6072,1.864500311,v2_avx512_vecx_batch16_exact_perm,68-29-44-16-55-5-23-69-74-95-12-56-67-91-1-60-50-18-13-96-76-61-45-65-63-20-77-86-57-71-88-89-98-54-25-100-7-11-70-99-2-51-49-58-87-84-90-48-46-34-47-22-3-4-8-35-39-15-92-78-52-41-37-32-38-26-94-59-93-31-6-83-73-24-21-79-85-66-36-9-43-42-64-72-75-53-30-14-81-19-33-62-28-10-17-27-82-80-40-97
Ta100x20,4,1,100,0.85,0.125,2,2230402219,17000,6428,6306,6072,1.890643416,v2_avx512_vecx_batch16_exact_perm,1-68-5-91-44-8-45-92-70-78-46-16-25-69-26-57-86-65-72-51-28-63-58-41-96-99-43-67-31-89-37-60-24-22-56-79-34-32-77-13-38-90-61-23-98-71-88-18-84-9-74-54-7-49-100-64-87-59-29-3-33-39-47-93-21-55-53-15-42-4-73-20-95-2-19-76-35-66-50-11-52-83-94-12-62-85-17-81-10-82-30-14-40-97-48-6-75-36-27-80
Ta100x20,4,1,100,0.85,0.125,3,2230403228,17000,6493,6306,6072,2.064375274,v2_avx512_vecx_batch16_exact_perm,1-8-16-60-91-67-74-56-45-5-15-44-88-51-50-46-92-100-49-84-7-18-94-87-26-55-29-86-93-17-69-43-65-38-71-12-58-34-79-28-53-98-22-41-37-89-68-54-35-3-80-47-77-52-13-95-63-48-25-76-72-83-39-66-96-61-57-19-78-33-90-85-62-99-20-2-32-97-31-81-11-42-23-24-4-70-30-73-9-36-27-6-59-21-10-82-14-64-75-40
Ta100x20,4,1,100,0.85,0.125,4,2230404237,17000,6493,6306,6072,2.131385037,v2_avx512_vecx_batch16_exact_perm,50-65-44-92-69-45-88-1-98-51-60-5-8-99-74-96-7-38-46-25-26-57-86-91-67-2-29-16-71-47-32-68-12-78-41-84-56-24-13-73-79-43-76-58-52-95-89-63-11-54-85-4-70-66-19-15-3-87-61-94-21-39-28-37-64-22-48-72-53-20-55-17-10-49-77-31-59-9-34-93-40-18-100-90-35-23-81-97-42-62-6-14-27-36-82-30-83-75-33-80
Ta100x20,4,1,100,0.85,0.125,5,2230405246,17000,6428,6306,6072,2.266586646,v2_avx512_vecx_batch16_exact_perm,68-44-91-16-79-59-57-5-69-84-67-38-45-26-50-74-29-12-32-63-60-1-78-15-71-86-98-92-99-88-11-46-52-41-8-70-56-43-22-54-89-72-13-51-18-83-100-34-76-7-55-58-64-47-87-21-35-95-4-81-25-73-96-24-39-53-37-28-42-93-85-31-23-82-49-77-3-90-6-48-65-75-61-36-20-2-14-66-10-62-27-19-17-94-30-9-33-80-40-97
Ta100x20,4,1,100,0.85,0.125,6,2230406255,17000,6463,6306,6072,1.996664573,v2_avx512_vecx_batch16_exact_perm,1-69-91-16-68-44-64-29-88-67-8-45-13-18-70-46-25-71-5-51-98-58-84-86-48-21-61-47-43-12-38-49-60-22-99-96-74-66-7-87-24-26-23-54-81-57-6-62-55-92-93-56-63-33-95-39-2-73-52-15-41-17-78-76-20-90-11-34-50-100-94-31-83-89-72-79-85-42-53-32-59-77-9-37-80-28-4-35-19-82-75-36-30-14-27-3-10-65-40-97
Ta100x20,4,1,100,0.85,0.125,7,2230407264,17000,6467,6306,6072,1.910921682,v2_avx512_vecx_batch16_exact_perm,68-91-8-23-1-5-50-65-69-88-16-61-60-29-79-74-45-78-44-38-58-71-92-55-86-56-77-26-43-76-20-89-95-72-54-98-51-24-84-94-18-70-67-13-52-22-7-17-96-90-35-39-15-33-11-32-41-59-2-46-25-93-47-12-3-31-63-28-4-99-100-36-87-57-37-62-66-9-85-42-49-27-21-73-53-48-10-30-83-19-34-14-81-6-40-64-75-82-80-97
Ta100x20,4,1,100,0.85,0.125,8,2230408273,17000,6481,6306,6072,1.826503349,v2_avx512_vecx_batch16_exact_perm,68-69-8-50-74-29-26-56-32-38-57-46-86-51-65-96-70-33-5-55-7-17-67-43-45-53-44-79-28-88-95-15-77-1-89-58-60-78-100-83-59-63-54-84-76-98-16-22-64-90-36-48-91-10-93-99-25-20-18-13-31-3-39-12-35-71-41-87-92-52-61-24-47-21-6-42-11-2-62-85-82-4-37-9-14-72-81-49-27-73-75-80-94-19-34-23-66-97-30-40
Ta100x20,4,1,100,0.85,0.125,9,2230409282,17000,6434,6306,6072,1.648745571,v2_avx512_vecx_batch16_exact_perm,1-68-5-91-50-64-87-58-44-69-51-65-16-22-38-84-74-94-47-8-60-3-78-79-45-46-56-25-48-73-63-57-32-95-20-76-89-24-52-96-26-86-83-23-67-43-93-29-54-98-12-88-61-9-4-90-18-49-71-13-62-28-14-17-21-100-7-77-72-85-55-34-41-15-35-82-37-42-99-2-10-39-75-36-92-70-6-31-59-53-30-27-11-81-33-19-66-80-40-97
Ta100x20,4,1,100,0.85,0.125,10,2230410291,17000,6462,6306,6072,1.610977916,v2_avx512_vecx_batch16_exact_perm,74-45-67-44-60-8-5-69-65-64-29-58-79-56-92-95-50-88-63-87-51-70-13-86-84-90-71-25-78-99-38-41-61-77-57-49-43-91-46-59-12-26-9-22-96-52-54-32-7-35-55-3-98-94-6-4-39-20-23-16-76-89-1-24-83-85-19-31-53-62-100-2-14-37-34-93-18-28-17-48-72-30-11-21-33-10-66-42-82-27-47-81-40-15-80-73-68-75-36-97
Ta100x20,4,1,100,0.8875,0.025,1,2230401210,17000,6466,6306,6072,1.875049619,v2_avx512_vecx_batch16_exact_perm,50-44-29-16-60-69-52-88-18-8-45-1-46-56-58-70-13-38-61-15-5-84-74-26-57-41-91-95-98-64-63-24-62-92-25-93-21-89-48-86-100-49-77-34-65-66-12-87-78-17-79-55-68-7-37-43-54-53-76-59-6-9-96-22-3-47-28-99-72-67-71-42-23-51-90-4-20-11-2-32-94-85-33-73-19-31-83-30-39-81-14-35-10-27-75-82-97-80-36-40
Ta100x20,4,1,100,0.8875,0.025,2,2230402219,17000,6544,6306,6072,1.886900332,v2_avx512_vecx_batch16_exact_perm,68-8-69-46-16-92-50-44-45-1-61-15-5-32-28-57-26-100-67-63-38-86-91-94-71-24-76-21-79-25-72-78-84-56-58-74-98-64-29-70-77-95-31-36-12-59-87-37-51-33-89-41-35-53-65-43-7-55-3-54-52-48-83-66-18-30-96-90-88-93-13-47-62-14-49-39-42-22-10-2-99-85-4-23-11-9-60-81-34-6-82-40-20-19-27-73-97-17-80-75
Ta100x20,4,1,100,0.8875,0.025,3,2230403228,17000,6448,6306,6072,1.810059338,v2_avx512_vecx_batch16_exact_perm,1-8-5-16-69-45-46-67-51-12-74-28-91-44-26-92-59-88-71-70-84-54-29-38-58-60-22-49-65-78-57-3-64-86-56-17-43-7-79-99-41-55-50-61-89-96-98-81-39-15-93-48-100-25-87-37-95-77-63-52-10-68-73-2-11-72-23-4-20-90-85-30-13-32-53-9-18-34-31-24-42-83-66-62-21-94-47-6-76-19-82-14-35-27-75-80-33-36-40-97
Ta100x20,4,1,100,0.8875,0.025,4,2230404237,17000,6463,6306,6072,2.04351828,v2_avx512_vecx_batch16_exact_perm,1-68-60-44-74-69-29-5-51-46-65-92-95-52-50-57-84-41-88-15-99-49-58-32-48-56-64-70-96-16-89-93-98-23-73-100-25-8-78-79-26-31-67-43-71-37-9-39-91-83-45-18-2-24-86-85-20-54-94-63-22-76-12-28-87-62-13-38-72-4-66-59-61-21-42-82-53-3-47-55-77-90-35-7-30-14-34-75-6-10-11-33-19-81-27-36-80-17-40-97
Ta100x20,4,1,100,0.8875,0.025,5,2230405246,17000,6406,6306,6072,2.072432824,v2_avx512_vecx_batch16_exact_perm,1-68-51-5-69-91-65-44-64-38-55-50-79-74-56-78-92-88-12-26-29-77-63-45-86-47-57-61-39-96-25-49-67-8-9-33-35-16-71-15-32-98-93-13-59-41-84-46-31-58-89-3-43-18-23-54-60-42-22-17-7-11-2-66-87-99-83-100-4-90-95-94-73-70-36-24-52-20-21-76-6-37-28-53-10-14-48-72-19-34-75-81-62-27-85-82-30-80-40-97
Ta100x20,4,1,100,0.8875,0.025,6,2230406255,17000,6466,6306,6072,1.891905483,v2_avx512_vecx_batch16_exact_perm,68-1-28-99-67-20-5-92-71-60-69-46-37-74-45-50-98-88-84-25-63-38-48-78-57-86-29-100-76-91-95-52-44-7-54-32-2-58-56-18-62-26-14-24-41-43-89-96-65-35-72-61-64-90-83-22-36-55-23-49-39-8-77-70-51-27-6-16-13-4-93-79-42-19-53-31-87-3-75-12-21-15-66-85-94-73-10-59-11-34-47-81-82-17-80-9-33-30-40-97
Ta100x20,4,1,100,0.8875,0.025,7,2230407264,17000,6490,6306,6072,1.896169291,v2_avx512_vecx_batch16_exact_perm,74-45-69-44-1-91-50-29-26-65-98-5-64-100-58-67-92-18-70-43-60-16-71-86-68-51-31-57-7-56-52-39-96-54-8-37-2-55-4-79-89-90-20-23-76-49-17-24-61-63-21-46-28-84-22-32-15-93-38-13-95-88-12-94-87-99-14-53-3-42-81-11-25-66-78-47-72-6-59-41-10-9-82-35-62-85-30-73-27-19-77-34-40-36-48-83-75-33-80-97
Ta100x20,4,1,100,0.8875,0.025,8,2230408273,17000,6443,6306,6072,1.986027519,v2_avx512_vecx_batch16_exact_perm,1-68-44-91-8-29-74-41-84-26-52-5-69-89-98-64-38-57-61-63-60-100-86-99-87-70-71-56-43-16-23-35-10-13-58-12-14-95-50-25-96-3-54-78-17-59-40-46-88-4-18-24-48-51-21-79-65-49-34-37-15-22-93-39-92-28-55-72-31-76-11-67-94-77-7-90-53-32-47-45-85-75-62-20-2-82-66-42-30-73-9-36-83-6-81-19-33-27-80-97
Ta100x20,4,1,100,0.8875,0.025,9,2230409282,17000,6475,6306,6072,1.955131371,v2_avx512_vecx_batch16_exact_perm,1-68-44-8-16-52-88-60-15-63-45-51-69-5-50-23-70-98-71-78-79-38-39-35-86-93-26-29-91-58-56-25-41-9-13-32-12-67-43-99-4-2-49-11-22-54-18-34-53-83-42-84-76-6-77-89-74-92-72-30-95-48-96-7-33-64-46-65-57-17-3-31-85-37-20-55-62-81-66-90-40-61-36-100-24-28-21-59-27-73-19-87-47-10-82-14-75-94-80-97
Ta100x20,4,1,100,0.8875,0.025,10,2230410291,17000,6476,6306,6072,1.890933307,v2_avx512_vecx_batch16_exact_perm,68-16-67-44-1-86-92-91-58-45-88-21-69-25-8-5-66-93-98-23-57-7-50-100-26-87-84-55-89-74-46-72-51-70-32-56-12-9-33-82-49-99-17-78-24-22-13-60-59-11-28-37-95-54-53-18-4-52-48-63-15-73-96-65-71-85-64-2-62-47-39-3-43-42-79-29-90-77-41-31-76-35-61-94-20-81-6-38-75-36-14-10-19-34-83-27-80-97-30-40
Ta100x20,4,1,100,0.8875,0.05,1,2230401210,17000,6444,6306,6072,1.837250302,v2_avx512_vecx_batch16_exact_perm,68-64-44-60-50-79-15-74-23-1-45-5-26-76-47-90-69-18-8-22-46-56-100-70-55-89-91-7-58-67-98-71-25-54-96-9-92-95-52-38-66-61-93-21-57-29-86-87-72-84-51-28-24-13-16-49-88-12-99-17-35-48-63-3-32-59-94-41-37-65-78-80-33-39-62-85-31-77-6-11-2-4-19-53-34-83-75-36-27-20-73-43-10-81-97-42-82-30-14-40
Ta100x20,4,1,100,0.8875,0.05,2,2230402219,17000,6413,6306,6072,2.098595132,v2_avx512_vecx_batch16_exact_perm,1-69-91-50-8-67-74-92-16-25-5-93-87-76-79-78-72-57-23-18-60-29-71-38-43-56-95-45-89-44-66-46-58-51-35-65-98-48-6-86-26-12-17-63-77-22-52-96-84-88-59-54-41-70-7-42-100-55-83-15-61-64-85-2-94-39-62-13-99-32-21-47-37-9-90-49-97-30-3-28-31-75-34-73-24-20-81-68-14-4-53-19-11-33-10-82-27-80-36-40
Ta100x20,4,1,100,0.8875,0.05,3,2230403228,17000,6471,6306,6072,1.882270253,v2_avx512_vecx_batch16_exact_perm,1-68-44-8-5-71-74-92-60-45-69-78-9-79-46-35-88-55-67-47-6-50-26-38-20-70-58-63-34-56-29-23-52-16-84-11-17-2-89-25-12-43-93-86-57-99-87-13-32-94-39-18-51-76-49-54-22-15-100-98-61-7-28-37-41-14-72-95-91-33-65-97-21-48-53-73-3-24-30-62-90-31-42-83-96-81-64-59-66-77-4-19-10-75-85-36-27-40-82-80
Ta100x20,4,1,100,0.8875,0.05,4,2230404237,17000,6480,6306,6072,1.938511885,v2_avx512_vecx_batch16_exact_perm,68-1-91-44-79-67-16-69-60-5-92-57-52-71-46-84-76-95-74-38-63-56-45-29-86-26-43-64-99-87-48-54-53-80-88-3-51-25-89-28-70-77-62-96-2-15-22-93-35-59-58-4-12-83-100-55-50-31-61-90-11-49-21-65-94-13-20-85-78-19-17-98-37-7-33-66-18-8-39-32-41-24-34-23-72-47-73-42-9-82-27-75-30-14-81-6-10-97-36-40
Ta100x20,4,1,100,0.8875,0.05,5,2230405246,17000,6494,6306,6072,1.812134643,v2_avx512_vecx_batch16_exact_perm,68-8-5-41-70-74-88-60-84-29-71-18-38-50-17-69-7-99-52-47-1-87-45-98-89-100-9-86-12-13-96-46-59-58-66-67-26-63-15-55-92-25-35-78-93-21-57-95-77-16-42-64-65-22-56-3-43-24-49-11-51-10-20-91-76-44-37-31-54-72-48-80-62-33-82-6-2-53-32-39-34-73-90-81-23-61-75-28-14-4-94-79-85-30-83-19-27-36-40-97
Ta100x20,4,1,100,0.8875,0.05,6,2230406255,17000,6497,6306,6072,1.83807125,v2_avx512_vecx_batch16_exact_perm,68-44-16-67-1-5-92-91-46-50-88-74-12-69-60-26-59-7-13-58-89-65-41-100-98-99-22-95-77-38-84-87-54-78-53-18-25-8-61-86-29-57-43-32-63-52-9-39-48-96-76-72-71-15-56-62-79-49-83-14-31-45-85-70-23-37-93-55-28-73-47-34-82-94-6-11-24-4-90-36-2-51-20-66-81-42-30-64-21-17-3-35-10-19-40-27-75-33-80-97
Ta100x20,4,1,100,0.8875,0.05,7,2230407264,17000,6493,6306,6072,1.986929236,v2_avx512_vecx_batch16_exact_perm,1-68-60-44-50-5-51-65-69-74-45-23-56-26-95-8-70-52-84-63-28-25-100-21-79-76-43-93-31-29-41-57-46-55-88-12-13-32-78-16-39-92-87-89-66-7-24-71-53-91-10-38-37-48-54-58-67-77-98-22-47-49-2-86-61-14-96-19-99-97-94-72-20-18-17-15-30-73-42-62-81-83-3-59-11-90-33-35-36-27-4-82-9-6-85-80-34-64-75-40
Ta100x20,4,1,100,0.8875,0.05,8,2230408273,17000,6442,6306,6072,1.848336238,v2_avx512_vecx_batch16_exact_perm,1-45-69-8-60-70-74-50-57-66-86-84-56-28-79-91-62-5-92-16-88-29-76-3-54-68-25-44-43-71-34-12-26-13-95-78-87-93-24-38-58-63-46-98-99-100-64-96-59-23-36-73-18-2-39-82-51-72-47-15-21-67-17-35-9-85-94-6-22-55-7-49-77-4-37-52-41-89-42-65-61-20-48-31-27-10-11-90-33-81-32-19-53-97-30-14-83-75-80-40
Ta100x20,4,1,100,0.8875,0.05,9,2230409282,17000,6535,6306,6072,1.829992304,v2_avx512_vecx_batch16_exact_perm,8-50-29-88-69-74-1-45-60-68-84-5-58-96-99-59-31-70-63-71-49-95-87-94-46-18-51-13-35-92-23-39-65-26-43-56-12-93-86-66-78-16-48-57-9-6-91-61-47-79-67-2-72-36-25-54-62-20-89-55-41-98-11-38-7-3-24-42-76-97-52-17-83-53-21-85-32-100-90-44-15-33-82-73-34-77-4-37-28-30-22-19-27-14-10-81-80-64-75-40
Ta100x20,4,1,100,0.8875,0.05,10,2230410291,17000,6436,6306,6072,2.043481582,v2_avx512_vecx_batch16_exact_perm,1-60-29-44-45-70-5-71-28-91-63-86-74-87-96-79-66-50-26-25-11-88-54-56-83-69-31-100-84-16-67-99-78-38-61-98-58-18-8-92-93-17-49-30-89-57-7-55-32-90-13-64-2-24-3-51-34-39-37-76-36-47-12-43-65-41-52-35-4-22-23-9-72-46-59-85-73-33-15-95-62-77-94-53-21-80-6-10-48-68-75-20-81-19-42-82-14-27-40-97
Ta100x20,4,1,100,0.8875,0.075,1,2230401210,17000,6404,6306,6072,2.311270827,v2_avx512_vecx_batch16_exact_perm,1-8-16-88-28-57-71-5-50-91-51-18-29-69-79-61-67-13-89-45-38-46-44-95-52-56-3-26-98-47-60-100-31-84-74-63-99-17-78-23-34-54-9-25-12-33-86-87-64-59-55-58-7-39-96-15-42-35-73-32-83-2-22-11-49-93-41-24-85-92-70-76-77-66-62-20-90-4-53-43-81-21-48-72-10-65-30-14-37-68-27-19-94-75-82-6-36-80-40-97
Ta100x20,4,1,100,0.8875,0.075,2,2230402219,17000,6446,6306,6072,2.299455822,v2_avx512_vecx_batch16_exact_perm,1-68-69-8-92-46-60-5-100-23-50-88-29-91-21-84-38-99-59-86-70-54-74-43-16-95-57-33-96-89-58-34-44-64-35-48-20-90-56-93-2-73-26-18-78-25-71-87-65-55-7-11-49-45-63-28-3-15-72-42-22-51-31-9-76-37-77-94-39-24-13-79-62-85-98-17-82-32-83-52-27-67-6-97-61-14-4-53-12-41-66-81-10-19-47-30-75-80-36-40
Ta100x20,4,1,100,0.8875,0.075,3,2230403228,17000,6396,6306,6072,2.215663295,v2_avx512_vecx_batch16_exact_perm,1-91-69-74-60-50-8-70-52-38-63-17-57-46-25-5-51-65-86-96-16-56-71-44-2-29-100-83-95-79-45-58-26-99-28-49-84-22-34-54-3-24-87-12-92-89-98-64-61-18-35-15-48-67-43-37-93-39-41-94-59-21-31-23-78-88-90-20-6-76-13-42-4-9-73-55-68-7-72-10-77-62-47-85-66-19-11-33-30-53-32-81-14-27-75-80-36-82-40-97
Ta100x20,4,1,100,0.8875,0.075,4,2230404237,17000,6500,6306,6072,2.267300174,v2_avx512_vecx_batch16_exact_perm,1-44-8-16-58-88-74-41-69-56-65-29-5-64-86-38-91-26-68-51-84-63-78-24-98-45-89-25-67-11-22-21-60-43-76-71-79-50-48-35-23-72-93-52-18-57-9-3-54-87-4-82-36-46-14-19-83-55-13-99-92-34-77-59-95-66-47-70-81-6-61-39-15-100-53-42-2-94-7-20-96-49-31-37-90-73-32-28-27-85-12-17-30-10-62-40-75-33-80-97
Ta100x20,4,1,100,0.8875,0.075,5,2230405246,17000,6506,6306,6072,2.191893152,v2_avx512_vecx_batch16_exact_perm,44-8-38-65-16-60-88-29-91-26-41-70-5-71-69-99-15-96-84-24-68-93-1-13-23-79-98-58-61-56-43-25-67-7-28-37-57-6-86-78-74-21-47-89-100-45-87-72-95-63-51-31-94-48-12-46-76-2-11-52-59-49-39-18-83-33-73-9-85-92-66-54-34-22-62-81-55-90-4-64-50-77-36-53-14-17-35-3-80-75-42-20-82-32-27-19-10-97-30-40
Ta100x20,4,1,100,0.8875,0.075,6,2230406255,17000,6452,6306,6072,1.873862562,v2_avx512_vecx_batch16_exact_perm,68-28-91-29-45-44-94-57-5-74-69-99-67-79-92-63-43-95-60-65-26-22-55-56-96-12-35-78-46-3-38-86-77-58-25-54-64-18-89-98-8-51-62-100-2-88-76-49-84-50-71-52-23-1-72-83-24-41-32-85-70-31-61-13-16-4-15-93-39-87-11-37-42-21-53-90-48-75-47-36-82-30-73-20-14-66-27-7-6-59-19-9-17-81-80-34-10-40-33-97
Ta100x20,4,1,100,0.8875,0.075,7,2230407264,17000,6442,6306,6072,1.832350395,v2_avx512_vecx_batch16_exact_perm,29-69-45-50-74-5-44-92-26-70-28-88-99-60-71-31-56-1-23-87-64-67-84-83-100-43-18-78-12-58-46-8-98-15-66-22-25-95-7-91-47-54-4-53-77-16-55-51-86-76-20-57-49-11-61-2-89-39-72-9-33-52-85-73-96-24-34-65-62-32-63-48-90-13-14-35-3-94-75-38-42-37-21-68-93-79-59-41-17-30-10-82-27-81-6-19-40-97-36-80
Ta100x20,4,1,100,0.8875,0.075,8,2230408273,17000,6515,6306,6072,1.93851064,v2_avx512_vecx_batch16_exact_perm,1-60-8-16-88-32-69-18-50-44-15-71-70-79-56-37-41-65-87-67-43-5-51-100-95-25-89-54-46-29-22-35-98-55-86-68-23-58-45-92-84-36-9-61-57-2-24-63-13-47-90-49-78-74-21-17-96-80-99-76-64-7-75-48-72-42-73-28-26-83-30-3-38-59-81-31-91-52-12-82-11-34-77-19-33-4-27-62-6-53-14-93-85-94-20-39-66-10-40-97
Ta100x20,4,1,100,0.8875,0.075,9,2230409282,17000,6451,6306,6072,1.900521651,v2_avx512_vecx_batch16_exact_perm,74-1-44-15-45-5-51-69-50-76-54-79-25-8-70-68-56-58-32-16-23-98-6-89-93-38-84-87-99-29-86-77-22-55-67-49-88-9-71-46-96-24-18-4-20-3-95-60-72-92-61-26-43-57-94-90-21-13-37-39-59-52-78-47-63-65-11-31-85-83-64-41-100-66-48-35-12-7-2-97-91-62-28-75-14-34-17-53-81-80-42-33-10-82-73-19-30-27-36-40
Ta100x20,4,1,100,0.8875,0.075,10,2230410291,17000,6457,6306,6072,1.908787555,v2_avx512_vecx_batch16_exact_perm,1-91-29-5-50-23-60-65-51-69-44-52-71-83-46-88-45-22-18-55-8-25-49-96-90-26-78-47-86-59-77-13-56-79-74-43-95-92-89-67-98-31-3-93-2-64-37-57-38-58-99-15-87-100-48-62-12-28-19-63-17-84-61-20-72-42-70-94-30-54-7-6-4-16-41-24-85-32-9-21-34-53-11-68-27-73-81-14-76-35-39-82-66-10-75-33-36-80-40-97
Ta100x20,4,1,100,0.8875,0.1,1,2230401210,17000,6483,6306,6072,2.174962496,v2_avx512_vecx_batch16_exact_perm,68-91-44-1-60-65-74-5-71-96-45-8-38-99-58-69-16-88-84-50-29-92-70-86-54-57-61-56-22-55-46-49-79-63-51-28-95-15-98-25-31-32-12-23-93-26-78-14-2-3-39-64-48-42-35-94-67-89-73-24-72-47-43-41-17-52-7-4-85-20-100-66-10-90-13-76-59-36-21-37-9-40-30-81-6-34-19-77-18-11-82-87-62-80-83-27-75-53-33-97
Ta100x20,4,1,100,0.8875,0.1,2,2230402219,17000,6440,6306,6072,1.89584374,v2_avx512_vecx_batch16_exact_perm,50-92-67-8-45-69-68-5-84-44-55-29-64-16-59-86-46-98-51-71-38-26-52-56-12-58-1-9-63-65-96-99-48-43-74-60-54-7-88-73-100-78-15-57-13-39-42-53-32-89-37-41-11-90-91-93-2-76-18-20-17-95-31-35-22-77-85-25-62-79-23-21-47-70-30-72-94-24-82-49-3-61-81-4-19-33-28-14-87-6-34-10-66-83-27-75-80-36-40-97
Ta100x20,4,1,100,0.8875,0.1,3,2230403228,17000,6421,6306,6072,2.174790752,v2_avx512_vecx_batch16_exact_perm,1-68-46-92-60-44-65-8-69-59-29-5-78-45-98-23-100-84-88-50-55-74-99-52-7-96-67-26-57-2-13-76-37-62-28-71-79-41-66-43-25-58-54-56-16-24-32-63-6-47-70-33-15-83-22-39-4-12-3-94-17-38-95-89-72-18-30-77-86-21-91-61-53-14-51-42-10-48-90-73-20-93-81-31-87-64-85-49-19-11-9-34-35-75-36-27-82-80-40-97
Ta100x20,4,1,100,0.8875,0.1,4,2230404237,17000,6424,6306,6072,2.080460741,v2_avx512_vecx_batch16_exact_perm,1-68-91-50-74-64-69-24-88-44-45-67-29-65-41-46-43-21-17-47-99-25-48-72-18-89-84-58-79-56-100-55-49-3-20-15-26-5-63-86-8-71-78-23-60-96-22-95-51-33-57-90-98-52-73-61-81-54-85-14-4-93-92-32-38-16-77-76-31-39-59-7-66-87-75-94-10-70-53-30-19-28-11-2-34-12-37-9-13-42-83-35-82-6-62-27-80-36-40-97
Ta100x20,4,1,100,0.8875,0.1,5,2230405246,17000,6435,6306,6072,2.008289939,v2_avx512_vecx_batch16_exact_perm,68-44-45-60-65-5-79-51-69-61-74-67-98-88-89-64-2-29-12-84-38-1-46-8-95-63-17-25-53-15-71-78-96-16-76-54-70-58-52-7-47-100-56-32-57-73-43-86-50-31-11-72-87-59-41-94-10-99-18-33-3-55-22-26-24-36-23-42-37-93-30-21-77-49-90-91-92-13-39-48-35-9-27-85-81-82-4-6-75-62-28-20-19-34-14-66-83-80-40-97
Ta100x20,4,1,100,0.8875,0.1,6,2230406255,17000,6461,6306,6072,1.935179467,v2_avx512_vecx_batch16_exact_perm,69-1-68-38-26-28-5-25-46-44-92-83-60-67-79-74-96-64-91-89-70-24-8-43-63-45-61-56-7-55-88-13-16-71-76-50-78-100-41-65-54-98-57-58-3-22-29-99-35-39-34-23-52-47-86-32-85-2-12-15-37-87-93-11-21-9-72-59-51-31-95-53-66-33-18-17-90-42-84-77-36-4-19-94-10-75-82-20-48-30-6-27-62-81-73-80-49-14-40-97
Ta100x20,4,1,100,0.8875,0.1,7,2230407264,17000,6403,6306,6072,1.93198763,v2_avx512_vecx_batch16_exact_perm,1-68-5-91-50-29-26-74-44-60-12-8-46-66-57-45-63-88-71-38-79-89-69-65-7-43-56-16-23-58-49-86-11-99-55-96-13-25-77-95-54-67-92-76-51-98-32-70-18-93-59-83-15-2-39-87-84-3-24-62-52-41-22-61-47-78-31-75-64-28-85-4-90-82-9-6-36-17-35-10-21-20-81-100-48-72-94-73-42-37-30-19-34-33-14-27-53-80-40-97
Ta100x20,4,1,100,0.8875,0.1,8,2230408273,17000,6485,6306,6072,2.164265934,v2_avx512_vecx_batch16_exact_perm,1-69-50-74-55-98-44-64-89-60-29-45-88-84-70-16-28-67-5-71-91-56-3-20-46-24-86-26-79-42-63-58-23-87-11-12-78-2-43-22-99-57-47-31-13-95-49-25-96-76-32-7-93-54-38-15-37-21-52-85-35-41-39-66-68-82-17-61-92-72-100-94-59-48-83-18-73-90-10-77-36-65-8-4-9-81-30-62-80-6-51-19-14-40-53-97-34-27-75-33
Ta100x20,4,1,100,0.8875,0.1,9,2230409282,17000,6491,6306,6072,1.923561855,v2_avx512_vecx_batch16_exact_perm,1-44-74-69-8-78-29-12-16-60-43-90-26-22-91-52-58-38-88-84-76-20-79-67-56-71-9-45-50-87-77-86-5-23-57-63-33-46-32-24-21-51-35-61-80-41-70-13-25-99-98-18-11-72-19-83-7-17-85-64-55-34-31-54-89-100-59-62-68-53-96-95-82-42-15-92-10-2-93-73-4-66-36-65-28-3-94-37-39-48-49-97-47-30-81-6-14-40-27-75
Ta100x20,4,1,100,0.8875,0.1,10,2230410291,17000,6467,6306,6072,2.010802946,v2_avx512_vecx_batch16_exact_perm,68-46-44-45-50-98-23-84-60-28-83-79-67-69-5-29-25-37-16-86-74-96-1-88-70-71-56-54-78-92-13-12-26-38-89-91-58-64-21-15-48-77-100-22-42-95-99-87-94-63-20-55-11-76-57-35-65-49-66-7-39-51-34-47-19-3-8-93-27-2-52-41-85-4-90-73-31-32-61-24-18-33-14-59-17-53-43-30-62-81-6-9-36-40-72-10-75-82-80-97
Ta100x20,4,1,100,0.8875,0.125,1,2230401210,17000,6479,6306,6072,1.980803519,v2_avx512_vecx_batch16_exact_perm,29-44-60-8-1-74-91-67-16-45-86-69-25-84-76-54-68-96-35-23-71-38-94-89-52-65-95-63-41-77-24-43-88-50-13-61-57-49-5-26-47-3-55-56-7-64-18-58-92-46-66-98-4-12-19-100-51-70-78-90-53-32-42-93-31-17-99-59-20-9-6-72-82-48-39-2-87-73-11-15-79-34-36-83-22-28-37-21-27-81-85-14-75-30-10-80-62-40-33-97
Ta100x20,4,1,100,0.8875,0.125,2,2230402219,17000,6405,6306,6072,2.005407847,v2_avx512_vecx_batch16_exact_perm,1-68-69-8-5-91-51-15-98-44-45-86-88-20-71-29-16-77-67-38-93-26-55-78-12-72-79-56-92-46-96-99-48-25-43-90-58-63-52-84-18-64-57-89-49-83-33-14-95-50-22-23-87-54-70-66-74-35-7-4-60-62-76-41-24-3-37-28-94-85-73-30-13-39-59-61-47-31-6-82-100-21-32-9-53-97-17-2-42-65-11-81-10-19-34-27-75-80-36-40
Ta100x20,4,1,100,0.8875,0.125,3,2230403228,17000,6450,6306,6072,1.967711566,v2_avx512_vecx_batch16_exact_perm,1-69-91-50-8-5-16-60-29-44-45-26-78-84-28-65-88-71-98-41-99-55-86-66-74-68-18-77-22-43-25-32-13-7-56-76-79-95-46-58-23-42-54-63-11-70-31-39-87-92-35-62-52-37-57-21-100-89-59-85-51-24-49-83-3-38-94-93-90-4-96-33-15-12-72-67-36-64-48-20-61-2-19-34-27-47-82-17-9-6-75-30-53-14-10-97-81-73-80-40
Ta100x20,4,1,100,0.8875,0.125,4,2230404237,17000,6399,6306,6072,2.060589032,v2_avx512_vecx_batch16_exact_perm,91-74-45-44-16-88-57-60-51-70-1-29-65-5-46-79-56-23-26-38-71-24-69-86-98-99-58-8-33-15-67-11-43-63-83-13-78-64-25-39-41-95-47-96-55-89-35-22-61-20-54-2-3-68-27-73-50-12-87-62-92-48-84-52-18-72-21-90-77-32-94-6-4-9-59-7-100-49-76-37-28-31-93-85-42-75-53-30-14-19-34-17-81-10-66-97-36-40-82-80
Ta100x20,4,1,100,0.8875,0.125,5,2230405246,17000,6412,6306,6072,2.021086814,v2_avx512_vecx_batch16_exact_perm,68-91-1-44-74-60-24-8-69-5-29-37-46-38-67-84-58-64-50-96-55-56-70-78-52-41-48-79-59-98-62-83-86-71-66-87-99-63-92-95-25-54-51-43-9-26-28-65-7-13-57-77-45-3-90-6-88-23-32-21-100-2-89-31-4-93-12-76-15-35-33-39-18-22-49-17-16-53-72-47-14-61-75-85-30-20-73-34-11-80-94-27-81-42-10-82-19-36-40-97
Ta100x20,4,1,100,0.8875,0.125,6,2230406255,17000,6413,6306,6072,1.994149343,v2_avx512_vecx_batch16_exact_perm,1-68-44-45-8-69-29-46-86-5-57-9-88-74-12-98-51-65-38-71-64-67-33-26-78-15-70-96-25-16-61-41-91-89-56-54-58-32-93-63-48-14-35-49-55-31-24-17-7-13-60-3-99-92-87-52-84-20-95-34-37-21-76-47-50-27-6-43-23-2-39-59-10-22-77-94-90-73-85-42-4-53-79-11-28-72-82-83-30-62-81-100-19-66-75-18-80-36-40-97
Ta100x20,4,1,100,0.8875,0.125,7,2230407264,17000,6513,6306,6072,1.943635274,v2_avx512_vecx_batch16_exact_perm,50-96-8-5-45-44-66-26-28-25-88-71-16-51-70-56-1-46-79-87-64-89-18-58-76-52-63-29-4-100-95-57-23-72-15-74-69-86-55-7-77-12-47-84-59-98-92-38-93-13-48-3-99-67-68-73-65-11-19-43-78-91-60-41-94-22-54-39-61-14-9-36-24-6-81-42-32-31-37-27-17-62-90-85-30-53-75-20-21-34-35-49-82-10-83-97-33-2-80-40
Ta100x20,4,1,100,0.8875,0.125,8,2230408273,17000,6449,6306,6072,1.863753935,v2_avx512_vecx_batch16_exact_perm,1-60-68-5-74-49-45-44-69-64-89-98-71-70-67-2-86-92-88-29-46-91-7-76-51-57-9-58-16-54-78-22-48-25-50-6-43-15-96-32-90-93-56-84-26-55-38-79-61-28-8-63-59-21-77-95-31-72-3-41-99-65-87-52-83-82-4-73-18-23-34-94-39-100-37-10-24-36-47-13-19-35-14-53-42-66-27-17-62-81-75-85-20-12-33-30-11-40-97-80
Ta100x20,4,1,100,0.8875,0.125,9,2230409282,17000,6431,6306,6072,1.834116915,v2_avx512_vecx_batch16_exact_perm,1-68-44-74-5-50-92-45-88-60-29-32-56-26-23-16-46-71-49-69-24-7-47-91-12-77-43-95-79-36-25-83-18-9-57-86-52-22-33-54-67-17-96-94-84-63-89-87-6-37-39-64-2-41-13-58-38-70-78-51-99-3-15-72-8-53-30-55-97-21-76-93-28-4-100-85-61-19-42-11-31-35-98-59-62-66-81-20-73-48-90-10-82-65-14-34-27-75-80-40
Ta100x20,4,1,100,0.8875,0.125,10,2230410291,17000,6435,6306,6072,1.945550998,v2_avx512_vecx_batch16_exact_perm,1-91-74-45-44-60-20-16-56-29-69-46-64-87-89-58-92-5-25-70-8-76-23-26-99-38-31-11-50-88-55-33-78-63-84-18-39-96-86-51-57-2-3-65-43-32-67-15-93-79-42-72-82-17-83-90-71-98-37-95-52-7-28-4-73-59-94-48-41-35-13-24-6-22-61-54-30-49-12-80-62-81-100-9-66-68-47-77-34-75-21-53-85-14-10-19-27-36-40-97
Ta100x20,4,1,100,0.925,0.025,1,2230401210,17000,6509,6306,6072,1.960527322,v2_avx512_vecx_batch16_exact_perm,68-44-69-74-50-96-92-60-78-65-5-98-45-51-86-63-47-71-55-28-91-29-84-88-16-15-31-11-39-89-94-67-70-33-83-99-57-26-49-9-25-21-100-46-3-58-24-8-43-1-37-56-20-34-93-35-18-14-22-54-76-13-53-48-90-32-17-38-52-40-95-12-36-87-61-77-85-23-79-59-2-73-7-6-64-66-62-41-80-4-19-72-81-75-42-82-30-10-27-97
Ta100x20,4,1,100,0.925,0.025,2,2230402219,17000,6447,6306,6072,2.246038868,v2_avx512_vecx_batch16_exact_perm,1-60-68-8-45-5-99-38-63-91-70-74-71-50-98-51-56-79-96-84-29-52-95-88-69-86-65-55-26-93-92-39-13-16-23-61-54-87-2-44-46-43-73-67-9-48-100-58-25-21-18-83-53-42-64-11-72-89-12-81-57-3-32-59-77-41-94-4-31-19-37-28-76-24-78-22-20-85-90-66-62-15-33-14-47-34-35-82-30-7-10-6-49-17-40-75-80-36-27-97
Ta100x20,4,1,100,0.925,0.025,3,2230403228,17000,6529,6306,6072,2.22463563,v2_avx512_vecx_batch16_exact_perm,68-8-16-70-5-88-38-84-50-91-1-10-99-69-58-46-23-2-22-74-80-67-71-26-49-89-24-56-78-44-13-45-87-79-7-42-12-92-83-86-43-60-27-93-21-14-15-76-95-63-25-39-54-3-36-57-52-11-9-98-29-35-73-51-96-59-81-17-55-65-72-61-30-41-48-90-32-53-19-31-77-34-37-47-18-66-62-28-82-4-100-94-6-85-20-40-64-75-33-97
Ta100x20,4,1,100,0.925,0.025,4,2230404237,17000,6491,6306,6072,2.222883591,v2_avx512_vecx_batch16_exact_perm,1-68-69-8-74-60-70-45-5-91-47-67-92-78-50-88-29-95-46-22-43-18-41-4-99-25-38-3-58-89-79-77-15-57-63-86-28-13-40-84-12-93-26-56-66-100-33-98-44-16-64-42-6-54-76-2-65-51-7-39-10-87-9-53-52-96-85-21-94-71-72-48-49-31-24-35-59-37-23-62-90-17-36-55-20-81-82-32-30-11-61-80-19-34-97-14-83-73-27-75
Ta100x20,4,1,100,0.925,0.025,5,2230405246,17000,6442,6306,6072,2.258174694,v2_avx512_vecx_batch16_exact_perm,1-68-60-29-44-91-70-69-7-45-94-65-16-74-58-5-26-56-84-41-87-79-54-38-61-48-96-46-25-67-55-86-83-43-12-32-93-63-92-9-52-98-18-100-39-76-4-50-72-71-57-89-28-22-11-13-59-23-77-90-3-31-8-95-88-49-51-99-35-24-47-36-62-2-14-64-53-78-85-37-42-6-17-20-27-73-34-97-66-81-15-30-19-21-10-82-40-75-33-80
Ta100x20,4,1,100,0.925,0.025,6,2230406255,17000,6457,6306,6072,2.358143547,v2_avx512_vecx_batch16_exact_perm,1-8-74-29-49-5-91-67-64-98-44-16-56-92-55-32-12-86-43-89-51-88-69-46-45-99-95-25-78-63-48-60-100-68-70-13-75-65-58-79-50-11-83-38-57-9-22-33-84-24-28-3-76-54-94-73-87-82-96-90-61-26-15-66-21-47-35-18-52-10-71-7-31-53-34-39-72-23-20-17-85-59-37-41-2-30-19-93-14-42-77-81-4-6-62-27-80-36-40-97
Ta100x20,4,1,100,0.925,0.025,7,2230407264,17000,6455,6306,6072,2.02581026,v2_avx512_vecx_batch16_exact_perm,1-44-29-45-69-8-67-70-88-60-74-65-46-86-92-91-71-5-26-55-41-84-16-50-57-58-56-31-64-61-21-9-85-54-43-24-77-51-98-95-13-18-94-42-11-22-47-49-90-63-96-87-7-23-68-99-14-34-83-100-25-73-2-37-89-78-75-38-62-79-28-20-66-76-72-48-59-12-52-19-93-15-3-39-33-36-35-6-4-82-32-81-17-30-10-27-53-80-40-97
Ta100x20,4,1,100,0.925,0.025,8,2230408273,17000,6503,6306,6072,2.384218001,v2_avx512_vecx_batch16_exact_perm,1-8-74-69-70-5-71-50-45-86-98-91-56-79-64-88-94-44-26-60-92-57-38-72-18-77-16-37-58-7-33-29-31-87-41-84-43-67-52-46-65-4-62-23-83-93-54-96-24-63-25-89-100-21-55-49-13-78-51-15-22-39-40-59-28-73-32-76-48-95-99-42-20-3-53-90-17-85-12-30-11-35-81-6-61-47-34-82-19-9-66-36-2-10-14-27-68-75-80-97
Ta100x20,4,1,100,0.925,0.025,9,2230409282,17000,6446,6306,6072,2.113857997,v2_avx512_vecx_batch16_exact_perm,1-68-44-29-22-60-50-49-71-79-67-69-54-74-8-78-57-43-86-5-96-45-91-95-89-51-70-88-56-13-99-38-32-58-72-15-92-98-37-10-24-31-39-25-16-26-63-83-82-65-41-100-84-42-93-12-46-3-36-87-23-61-9-73-2-35-27-19-33-48-52-21-76-47-11-28-90-4-20-94-55-7-85-66-59-62-77-81-17-30-6-34-75-53-18-14-64-40-97-80
Ta100x20,4,1,100,0.925,0.025,10,2230410291,17000,6488,6306,6072,2.291055247,v2_avx512_vecx_batch16_exact_perm,1-44-50-74-69-64-67-8-56-46-87-45-86-71-98-58-38-16-60-61-92-83-24-5-33-18-13-51-84-26-96-70-35-31-95-37-34-57-25-23-47-90-78-93-63-79-48-39-65-36-100-43-42-99-41-22-85-11-54-59-21-91-89-52-12-4-3-62-28-2-32-7-15-88-27-73-72-76-20-77-80-82-75-30-9-55-81-94-6-19-66-68-29-10-53-49-14-17-40-97
Ta100x20,4,1,100,0.925,0.05,1,2230401210,17000,6482,6306,6072,2.256369357,v2_avx512_vecx_batch16_exact_perm,1-68-60-8-10-63-74-98-91-45-59-44-69-95-52-29-92-93-56-5-96-26-84-71-46-18-94-79-2-72-89-58-33-86-48-16-22-47-50-3-41-51-57-35-7-6-15-77-39-67-13-99-20-64-87-55-12-78-88-11-49-38-83-73-25-9-70-43-17-65-90-61-81-54-31-76-100-4-75-42-24-62-53-28-32-85-23-34-19-21-37-82-30-14-97-66-36-27-80-40
Ta100x20,4,1,100,0.925,0.05,2,2230402219,17000,6484,6306,6072,2.306757887,v2_avx512_vecx_batch16_exact_perm,68-8-5-1-16-60-69-86-91-12-61-74-46-63-48-17-52-67-96-50-84-56-54-7-32-38-71-70-65-22-58-9-43-49-15-39-11-2-44-31-88-99-64-100-98-89-95-87-29-53-57-85-45-92-26-78-24-13-93-28-3-79-4-76-25-51-18-77-37-72-20-21-59-35-23-6-47-66-81-55-90-36-30-27-41-10-14-94-19-97-42-83-73-34-75-62-33-82-80-40
Ta100x20,4,1,100,0.925,0.05,3,2230403228,17000,6448,6306,6072,2.273697275,v2_avx512_vecx_batch16_exact_perm,1-8-16-44-60-74-69-45-50-98-5-51-79-91-26-12-29-43-70-67-47-99-18-96-68-89-71-13-7-100-56-92-49-90-58-87-84-83-31-86-64-48-72-37-59-54-20-88-55-22-32-78-73-2-46-38-76-23-15-52-61-57-39-63-95-6-41-94-65-77-66-62-85-25-21-81-11-42-3-35-27-4-9-10-28-17-53-82-30-14-19-93-24-34-75-80-33-36-40-97
Ta100x20,4,1,100,0.925,0.05,4,2230404237,17000,6497,6306,6072,2.428757021,v2_avx512_vecx_batch16_exact_perm,68-69-91-29-50-38-65-8-51-90-56-57-63-79-5-96-95-16-83-25-58-60-21-23-17-67-2-71-46-26-70-74-41-44-54-52-3-98-12-32-15-1-35-92-88-89-55-100-7-31-76-84-43-24-94-39-78-18-11-61-13-86-72-4-9-19-45-87-49-48-37-36-34-99-82-47-20-22-66-93-27-42-53-28-10-59-77-30-6-81-62-85-14-64-73-40-75-33-80-97
Ta100x20,4,1,100,0.925,0.05,5,2230405246,17000,6429,6306,6072,2.338797143,v2_avx512_vecx_batch16_exact_perm,1-69-91-50-51-8-70-84-74-45-46-42-5-92-99-98-88-32-16-25-78-12-33-17-67-79-58-41-89-57-93-100-44-15-26-29-43-56-38-22-86-66-76-54-71-52-96-95-63-60-37-36-55-68-9-13-77-65-23-2-3-61-39-72-49-10-24-7-31-85-83-59-35-30-90-47-94-21-73-82-87-4-62-28-27-11-81-75-48-18-20-6-14-19-34-64-40-53-97-80
Ta100x20,4,1,100,0.925,0.05,6,2230406255,17000,6465,6306,6072,1.963599567,v2_avx512_vecx_batch16_exact_perm,68-91-44-74-60-86-92-69-8-88-65-71-45-57-63-5-1-79-67-48-46-70-41-22-32-55-52-7-54-38-56-61-98-73-9-43-25-6-53-96-64-95-26-2-78-16-12-76-84-58-13-93-85-24-21-11-33-89-99-87-31-47-19-100-34-59-72-4-66-23-15-90-35-51-62-50-30-83-18-29-3-49-28-37-77-39-94-82-14-81-75-42-20-10-17-27-80-36-40-97
Ta100x20,4,1,100,0.925,0.05,7,2230407264,17000,6510,6306,6072,2.284942667,v2_avx512_vecx_batch16_exact_perm,1-69-74-70-29-46-44-51-55-25-21-86-45-65-5-60-57-88-18-26-76-33-67-71-15-99-13-28-22-72-89-32-50-8-79-38-93-54-87-92-52-95-58-31-56-91-3-62-63-47-83-16-77-82-23-98-59-73-78-41-84-24-61-85-49-14-90-94-39-96-17-12-43-53-42-48-35-100-30-27-7-81-40-36-11-4-20-19-34-9-2-37-6-10-64-66-68-75-80-97
Ta100x20,4,1,100,0.925,0.05,8,2230408273,17000,6549,6306,6072,2.176444868,v2_avx512_vecx_batch16_exact_perm,68-8-16-5-51-44-70-69-88-65-1-46-67-71-52-18-92-72-79-56-97-26-50-98-100-86-57-2-58-31-32-61-38-63-37-9-87-25-95-22-33-49-54-89-3-39-53-43-91-48-60-7-14-23-73-35-12-74-84-15-96-55-76-29-24-93-21-17-99-90-13-78-45-80-36-62-85-66-34-47-59-77-6-4-11-94-81-42-83-75-10-41-82-28-19-20-30-27-64-40
Ta100x20,4,1,100,0.925,0.05,9,2230409282,17000,6427,6306,6072,2.21824952,v2_avx512_vecx_batch16_exact_perm,1-44-29-69-45-67-5-50-87-74-23-70-71-46-79-41-8-91-95-43-57-25-7-58-65-98-100-86-38-51-56-26-12-72-78-13-55-96-52-76-90-20-54-92-16-88-89-77-39-63-82-10-4-47-3-60-61-15-21-35-64-42-83-18-11-2-17-59-99-84-93-34-31-85-24-62-66-22-49-75-48-28-32-81-6-19-94-36-37-30-73-9-80-68-53-14-27-40-33-97
Ta100x20,4,1,100,0.925,0.05,10,2230410291,17000,6475,6306,6072,2.187222983,v2_avx512_vecx_batch16_exact_perm,46-50-92-60-91-16-44-45-74-56-1-69-23-35-57-67-5-52-96-51-86-37-38-8-54-71-78-66-25-88-28-84-22-99-48-43-49-39-26-63-24-15-3-47-100-61-58-29-98-95-7-31-42-18-59-77-64-76-21-65-53-9-13-55-93-85-12-4-11-89-70-6-36-17-87-90-32-79-10-72-82-68-94-14-97-41-62-2-20-19-34-83-81-30-27-73-40-80-75-33
Ta100x20,4,1,100,0.925,0.075,1,2230401210,17000,6500,6306,6072,2.166945519,v2_avx512_vecx_batch16_exact_perm,1-44-74-69-68-5-91-79-50-26-92-88-65-60-47-29-45-67-51-84-12-43-7-36-15-57-46-76-71-23-38-58-95-42-70-56-96-52-22-40-35-89-86-18-77-98-99-59-16-3-6-48-4-61-25-9-54-94-63-21-20-55-13-37-93-41-87-39-100-31-10-8-49-24-62-2-32-11-78-90-85-64-34-28-17-82-81-72-73-53-30-19-14-66-83-27-75-80-33-97
Ta100x20,4,1,100,0.925,0.075,2,2230402219,17000,6428,6306,6072,1.977934219,v2_avx512_vecx_batch16_exact_perm,1-91-74-5-92-63-69-51-60-46-8-87-79-67-100-44-38-76-84-68-71-16-3-50-15-45-88-47-70-54-22-52-57-96-98-86-94-95-99-58-43-41-2-89-37-25-39-20-78-49-23-26-17-31-56-7-55-61-32-24-13-93-18-4-29-21-35-27-11-6-53-81-73-59-64-77-72-65-36-90-14-42-12-83-28-62-66-34-75-97-10-9-33-85-48-19-82-30-80-40
Ta100x20,4,1,100,0.925,0.075,3,2230403228,17000,6450,6306,6072,1.997874446,v2_avx512_vecx_batch16_exact_perm,1-91-16-76-44-29-69-25-38-64-55-67-66-5-57-71-86-54-92-35-95-50-28-26-79-56-93-58-98-96-59-63-45-48-89-52-22-60-46-11-31-84-37-88-2-51-17-68-15-62-12-74-72-13-77-23-34-24-8-70-43-7-65-39-32-41-94-100-90-78-18-4-9-33-3-21-99-49-81-87-19-10-75-42-53-83-14-73-97-85-61-80-47-82-30-20-6-27-36-40
Ta100x20,4,1,100,0.925,0.075,4,2230404237,17000,6475,6306,6072,1.968847209,v2_avx512_vecx_batch16_exact_perm,74-60-46-92-63-69-8-52-67-45-5-44-29-32-38-95-88-16-71-89-27-57-79-34-47-43-12-50-70-25-56-13-58-9-91-84-86-55-11-39-99-2-98-18-51-1-3-15-64-26-68-54-78-96-65-31-49-22-93-37-41-7-66-17-87-28-76-73-94-59-100-72-24-23-42-33-81-62-77-53-30-14-21-90-61-85-40-4-20-19-83-6-48-10-75-80-36-82-35-97
Ta100x20,4,1,100,0.925,0.075,5,2230405246,17000,6449,6306,6072,1.93919591,v2_avx512_vecx_batch16_exact_perm,1-44-60-74-8-69-71-38-46-91-51-55-5-61-45-57-67-29-89-7-9-87-96-39-68-32-16-56-15-22-58-99-33-70-98-86-79-95-77-62-28-92-72-88-66-84-50-63-43-25-54-59-11-13-18-52-31-21-37-47-10-26-41-94-2-100-76-78-6-12-19-17-35-93-24-81-49-85-27-48-23-65-36-4-90-73-42-75-20-83-82-53-30-80-3-14-34-64-40-97
Ta100x20,4,1,100,0.925,0.075,6,2230406255,17000,6500,6306,6072,2.041392514,v2_avx512_vecx_batch16_exact_perm,74-70-52-44-69-5-64-100-50-59-51-60-46-29-68-96-99-58-1-49-83-38-54-25-92-67-84-18-76-43-57-95-63-94-86-53-55-33-56-90-65-71-3-21-31-35-89-88-24-39-98-15-32-78-12-23-93-26-16-6-9-91-17-7-45-85-22-48-36-8-13-10-87-79-61-47-19-2-66-62-41-82-72-77-30-11-14-42-37-81-28-4-20-34-73-27-75-80-40-97
Ta100x20,4,1,100,0.925,0.075,7,2230407264,17000,6432,6306,6072,2.037038526,v2_avx512_vecx_batch16_exact_perm,1-68-44-74-69-5-64-50-57-67-28-86-45-56-92-84-22-60-78-65-41-100-46-55-70-16-77-27-72-25-51-71-24-98-23-96-26-15-93-8-91-13-62-48-38-95-54-61-29-18-32-35-58-43-89-88-31-63-14-90-76-99-4-9-42-3-2-73-85-59-12-11-30-66-7-53-49-17-87-52-37-21-33-19-20-81-10-39-79-94-6-47-34-75-36-83-80-82-40-97
Ta100x20,4,1,100,0.925,0.075,8,2230408273,17000,6407,6306,6072,2.002760165,v2_avx512_vecx_batch16_exact_perm,68-91-8-89-45-1-67-50-74-69-99-58-5-29-87-16-88-3-25-54-95-86-79-98-23-56-94-44-100-26-49-63-84-60-28-83-22-71-90-43-51-46-96-24-73-42-18-92-35-21-52-32-15-78-4-64-93-41-65-11-2-48-72-12-47-61-59-31-13-57-6-20-7-76-77-38-55-53-70-27-9-33-37-85-39-30-19-14-34-62-81-17-66-10-75-80-36-82-40-97
Ta100x20,4,1,100,0.925,0.075,9,2230409282,17000,6411,6306,6072,2.051412499,v2_avx512_vecx_batch16_exact_perm,1-60-16-51-69-46-44-28-91-68-5-26-23-71-70-79-58-49-89-45-10-50-48-29-88-67-84-56-38-43-37-54-25-86-78-31-12-13-95-72-59-47-74-96-99-30-98-76-62-14-93-57-94-100-21-39-66-53-83-18-63-3-55-15-35-52-41-92-77-90-87-64-61-6-22-32-24-81-19-33-8-7-17-85-2-42-9-4-65-11-34-75-82-20-27-73-80-36-40-97
Ta100x20,4,1,100,0.925,0.075,10,2230410291,17000,6430,6306,6072,2.038553924,v2_avx512_vecx_batch16_exact_perm,68-44-29-16-74-69-5-33-57-89-64-70-50-65-1-87-86-71-45-46-92-54-95-25-56-99-96-67-51-79-2-88-66-84-98-78-12-18-3-83-59-76-26-9-91-52-43-7-49-39-24-100-22-41-55-60-27-17-61-63-8-34-58-23-31-20-72-38-37-93-28-62-77-81-82-13-42-4-15-11-35-32-48-90-6-14-94-75-85-21-10-53-30-19-47-73-80-36-40-97
Ta100x20,4,1,100,0.925,0.1,1,2230401210,17000,6431,6306,6072,2.176303701,v2_avx512_vecx_batch16_exact_perm,1-68-91-44-45-50-65-92-84-60-74-69-67-88-55-71-94-86-26-29-8-38-13-95-52-56-93-89-58-96-46-16-76-48-20-54-5-25-63-17-79-3-47-35-32-87-24-37-7-12-98-10-57-70-23-100-19-43-62-59-77-49-99-61-21-18-51-78-15-83-72-82-30-6-9-85-90-73-31-42-22-28-11-4-66-81-97-41-2-40-39-53-14-34-64-75-80-36-27-33
Ta100x20,4,1,100,0.925,0.1,2,2230402219,17000,6535,6306,6072,2.748201051,v2_avx512_vecx_batch16_exact_perm,1-8-44-16-60-5-74-98-51-55-46-88-29-84-79-67-69-70-87-23-12-34-90-58-32-86-15-26-43-64-94-63-56-96-71-7-54-52-38-73-57-91-47-22-92-28-37-100-89-2-95-25-39-93-31-41-42-50-45-77-61-48-85-9-65-21-72-4-3-68-53-78-99-18-33-40-19-20-13-11-35-76-10-82-83-80-24-6-66-59-27-62-81-36-14-17-30-49-75-97
Ta100x20,4,1,100,0.925,0.1,3,2230403228,17000,6423,6306,6072,2.020864074,v2_avx512_vecx_batch16_exact_perm,1-8-86-69-68-44-45-74-56-64-29-50-91-84-58-67-16-26-60-21-28-92-46-25-89-71-70-78-13-15-5-11-22-100-99-98-79-54-47-35-57-37-52-38-51-49-3-63-95-88-48-20-12-43-9-33-18-76-72-23-93-39-31-87-55-94-62-24-85-41-73-32-2-61-90-36-96-65-66-7-77-19-42-83-4-59-6-81-17-30-14-27-34-75-10-82-40-53-97-80
Ta100x20,4,1,100,0.925,0.1,4,2230404237,17000,6431,6306,6072,2.204769107,v2_avx512_vecx_batch16_exact_perm,1-68-29-8-5-44-45-69-25-74-55-64-86-60-70-78-17-50-26-79-31-65-48-63-47-67-46-71-28-22-96-89-43-7-91-24-49-38-84-12-52-95-51-54-56-34-57-58-2-99-11-87-92-35-23-16-61-98-88-15-73-21-37-66-18-76-20-32-90-93-4-9-85-13-53-42-83-6-39-81-77-72-59-3-94-80-75-10-82-41-100-19-30-14-62-27-36-33-40-97
Ta100x20,4,1,100,0.925,0.1,5,2230405246,17000,6432,6306,6072,2.206568608,v2_avx512_vecx_batch16_exact_perm,74-5-44-69-8-38-70-91-68-26-16-65-71-56-41-84-100-78-50-45-87-23-29-55-46-67-95-92-93-60-22-54-96-49-31-37-88-57-58-51-25-13-9-18-94-76-33-7-43-39-6-24-99-4-89-85-32-1-15-63-72-11-19-77-98-86-12-14-61-2-35-47-36-59-52-21-73-48-53-83-66-79-90-42-10-17-81-62-28-82-34-75-20-30-3-27-80-64-40-97
Ta100x20,4,1,100,0.925,0.1,6,2230406255,17000,6408,6306,6072,2.036235007,v2_avx512_vecx_batch16_exact_perm,1-68-60-44-74-91-38-26-52-69-67-29-45-88-89-51-99-98-8-16-71-70-78-86-20-84-96-90-3-2-64-58-54-56-76-63-55-79-7-25-5-87-32-41-12-77-46-92-43-37-50-18-93-23-42-65-21-100-95-57-22-33-47-13-83-39-34-59-73-15-35-30-53-11-4-10-9-31-72-66-75-81-61-85-48-24-19-94-17-49-6-80-62-28-27-82-14-36-40-97
Ta100x20,4,1,100,0.925,0.1,7,2230407264,17000,6492,6306,6072,2.193777332,v2_avx512_vecx_batch16_exact_perm,1-69-74-44-60-92-45-88-55-5-50-8-79-67-57-49-38-43-7-76-90-70-56-71-63-96-52-89-58-87-32-23-29-16-25-93-46-95-41-33-39-86-84-26-94-15-54-85-78-4-40-100-31-98-99-51-37-18-28-61-36-12-22-47-13-10-83-24-59-72-73-42-20-2-65-62-21-66-77-3-82-68-81-11-91-30-17-19-34-53-14-48-35-6-9-64-75-27-80-97
Ta100x20,4,1,100,0.925,0.1,8,2230408273,17000,6440,6306,6072,2.235375681,v2_avx512_vecx_batch16_exact_perm,68-69-8-74-29-5-26-45-89-98-86-16-25-56-71-96-70-61-38-63-91-32-76-79-15-72-51-60-57-22-84-90-46-23-2-67-73-41-44-52-11-43-99-47-78-88-50-54-6-58-48-4-18-92-20-13-59-39-31-37-35-55-7-77-49-27-3-1-12-93-87-28-75-42-30-21-95-53-64-100-34-9-85-94-36-65-66-83-19-62-33-81-24-10-82-14-40-80-17-97
Ta100x20,4,1,100,0.925,0.1,9,2230409282,17000,6437,6306,6072,2.19073487,v2_avx512_vecx_batch16_exact_perm,1-68-5-44-8-45-60-86-98-51-26-35-16-69-23-57-74-29-72-88-25-70-79-77-95-50-52-38-21-91-63-71-56-84-66-93-18-31-87-22-58-89-49-15-37-96-43-12-19-41-67-47-78-76-24-99-17-13-92-90-46-62-94-6-85-53-54-32-55-7-28-100-34-4-64-20-82-59-83-81-61-80-73-39-2-42-3-33-11-10-75-48-65-30-14-9-27-36-40-97
Ta100x20,4,1,100,0.925,0.1,10,2230410291,17000,6498,6306,6072,2.276936709,v2_avx512_vecx_batch16_exact_perm,79-18-70-5-45-50-91-16-34-44-74-88-1-25-58-71-69-46-83-56-64-38-24-60-23-26-8-29-99-43-12-98-86-95-96-61-39-65-20-3-2-22-35-41-89-77-59-67-15-78-51-84-63-54-52-87-55-72-7-6-57-92-49-11-76-37-48-93-31-28-85-68-73-9-53-4-100-94-13-32-19-90-75-36-66-21-81-97-40-42-47-82-30-14-10-62-80-17-27-33
Ta100x20,4,1,100,0.925,0.125,1,2230401210,17000,6438,6306,6072,2.152845575,v2_avx512_vecx_batch16_exact_perm,1-68-91-69-74-44-45-60-50-12-33-67-31-95-51-99-16-56-26-98-8-41-55-88-29-58-15-79-62-35-63-3-89-71-18-66-57-92-54-61-5-86-43-46-47-87-25-90-23-17-49-70-78-20-13-32-22-76-84-100-24-7-93-38-65-36-30-81-73-21-77-48-52-37-11-2-39-53-4-28-85-83-96-59-6-9-72-64-42-75-82-94-14-10-19-80-34-27-40-97
Ta100x20,4,1,100,0.925,0.125,2,2230402219,17000,6389,6306,6072,2.125908969,v2_avx512_vecx_batch16_exact_perm,68-45-69-8-98-29-86-66-88-57-61-1-79-5-38-46-51-54-87-25-95-41-26-84-67-92-35-74-70-78-91-58-63-15-71-59-39-96-3-24-49-44-52-23-100-9-43-60-99-56-13-48-72-22-76-37-32-90-93-18-20-21-73-28-11-12-34-55-77-94-7-85-50-31-17-10-16-65-81-4-64-42-6-47-82-83-33-19-89-2-75-36-30-14-62-27-53-80-40-97
Ta100x20,4,1,100,0.925,0.125,3,2230403228,17000,6413,6306,6072,2.348212986,v2_avx512_vecx_batch16_exact_perm,69-91-50-23-8-44-45-68-55-74-5-51-60-56-98-84-29-86-71-57-16-15-92-99-46-25-38-64-21-89-100-26-52-87-61-1-12-32-78-9-54-96-2-10-58-70-88-43-22-47-67-33-95-17-7-49-24-13-63-18-76-77-79-42-59-83-39-11-3-35-4-90-94-85-31-73-20-66-37-48-72-34-62-81-65-27-19-41-30-14-93-28-75-82-6-36-53-80-40-97
Ta100x20,4,1,100,0.925,0.125,4,2230404237,17000,6477,6306,6072,2.35871805,v2_avx512_vecx_batch16_exact_perm,68-44-8-38-98-16-31-91-67-74-26-1-69-99-5-92-45-13-89-46-21-84-25-88-66-7-78-60-58-23-70-18-11-17-52-57-34-51-56-72-71-79-9-63-49-77-95-86-94-12-87-96-61-54-20-90-85-29-55-32-42-22-76-100-83-48-37-50-2-62-24-39-65-97-36-3-40-47-28-53-43-4-19-41-35-30-27-73-15-33-59-93-14-81-6-10-64-75-82-80
Ta100x20,4,1,100,0.925,0.125,5,2230405246,17000,6458,6306,6072,2.126872769,v2_avx512_vecx_batch16_exact_perm,74-16-57-23-67-69-51-68-5-71-8-70-45-86-43-52-44-91-38-93-58-12-56-79-48-96-3-26-60-89-84-33-7-87-54-59-63-47-22-100-18-55-31-46-95-92-50-78-66-76-99-65-1-98-64-88-90-39-53-41-49-4-15-29-11-37-24-28-17-13-61-21-85-25-9-77-73-2-62-35-6-10-42-32-81-27-72-97-94-19-20-34-82-30-14-83-75-80-36-40
Ta100x20,4,1,100,0.925,0.125,6,2230406255,17000,6445,6306,6072,2.292433531,v2_avx512_vecx_batch16_exact_perm,1-8-74-5-63-38-68-57-88-60-29-51-65-69-96-95-78-79-67-15-71-13-76-45-16-56-89-46-58-100-83-25-7-21-40-26-31-28-53-59-39-91-77-22-34-23-17-72-84-98-99-18-24-43-32-86-55-50-11-54-92-70-66-61-87-90-94-41-12-35-48-52-85-20-64-2-44-37-42-82-14-93-73-49-4-9-6-62-33-81-47-30-19-3-10-75-80-36-27-97
Ta100x20,4,1,100,0.925,0.125,7,2230407264,17000,6431,6306,6072,2.138943486,v2_avx512_vecx_batch16_exact_perm,1-60-29-38-35-74-51-5-44-98-16-88-71-70-46-49-45-59-26-50-100-56-12-32-69-23-52-57-7-58-41-99-87-25-63-96-54-14-78-68-64-89-18-13-22-53-15-43-73-76-83-65-95-2-93-39-6-85-8-33-92-62-55-86-84-28-77-79-34-48-72-67-61-9-21-47-31-3-91-24-90-11-36-17-37-20-81-42-66-94-4-75-19-10-82-30-80-27-40-97
Ta100x20,4,1,100,0.925,0.125,8,2230408273,17000,6485,6306,6072,2.118702781,v2_avx512_vecx_batch16_exact_perm,1-68-44-60-8-74-98-5-61-45-29-79-67-16-41-46-64-50-87-51-35-26-57-63-69-84-52-89-38-78-65-96-81-71-55-22-95-56-32-2-72-15-12-99-58-86-13-34-88-23-25-83-54-11-70-76-20-37-18-40-42-90-7-77-92-100-28-31-59-39-43-93-73-94-4-19-47-85-21-48-53-66-24-6-82-9-91-36-3-10-17-30-62-27-80-49-97-14-75-33
Ta100x20,4,1,100,0.925,0.125,9,2230409282,17000,6411,6306,6072,1.924471971,v2_avx512_vecx_batch16_exact_perm,1-69-68-8-74-44-52-5-23-60-57-29-96-95-93-26-45-28-78-38-47-94-63-91-84-42-3-79-77-16-58-56-89-17-43-21-24-86-37-98-100-46-12-88-50-25-59-92-71-70-83-18-31-32-55-67-72-9-13-99-76-19-11-2-61-34-33-54-22-51-15-39-64-87-66-62-85-65-53-7-48-49-73-20-35-81-82-6-97-4-30-14-27-90-41-10-75-80-36-40
Ta100x20,4,1,100,0.925,0.125,10,2230410291,17000,6442,6306,6072,2.232591373,v2_avx512_vecx_batch16_exact_perm,1-60-91-74-45-69-23-98-44-16-51-86-29-88-8-70-57-64-26-100-68-56-32-84-25-89-50-79-5-17-3-94-46-55-65-7-48-39-66-58-41-35-15-22-49-71-38-52-28-37-63-31-4-95-59-93-54-87-61-21-18-77-67-13-14-99-9-34-92-43-12-96-78-6-76-19-83-72-97-11-2-81-90-36-24-73-53-47-62-85-40-42-20-82-30-10-27-75-33-80
Ta100x20,4,1,100,0.9625,0.025,1,2230401210,17000,6473,6306,6072,2.045181782,v2_avx512_vecx_batch16_exact_perm,91-50-44-45-98-69-74-23-1-8-5-51-54-84-87-46-25-88-89-32-71-16-41-78-94-57-38-86-52-11-56-26-85-99-43-92-95-70-28-13-12-7-60-29-22-96-47-35-59-55-93-58-73-2-15-65-3-21-64-72-4-67-18-9-100-14-83-76-24-49-10-63-66-17-34-37-42-77-19-81-90-61-31-53-33-79-48-39-27-36-68-75-82-6-80-62-20-30-40-97
Ta100x20,4,1,100,0.9625,0.025,2,2230402219,17000,6492,6306,6072,2.062225857,v2_avx512_vecx_batch16_exact_perm,74-69-8-21-91-38-45-44-61-89-16-60-52-26-98-67-55-7-20-29-25-5-96-95-64-63-57-18-33-86-17-46-59-51-1-70-84-100-77-88-49-78-39-2-71-56-92-15-35-12-76-99-43-66-50-58-23-87-22-79-41-65-54-32-48-62-13-73-9-42-83-72-68-81-4-6-37-24-90-3-36-53-47-85-30-31-10-75-11-28-94-19-82-14-34-27-40-93-80-97
Ta100x20,4,1,100,0.9625,0.025,3,2230403228,17000,6443,6306,6072,2.0057993,v2_avx512_vecx_batch16_exact_perm,50-45-44-74-29-67-16-51-69-99-9-91-26-57-59-5-70-32-38-71-78-46-76-35-52-58-1-84-49-87-56-79-96-90-3-54-25-63-20-89-86-92-100-43-7-23-95-77-60-93-98-55-73-68-8-18-11-88-39-24-66-21-61-47-72-15-37-36-41-2-65-22-30-48-64-12-13-31-27-62-17-75-85-42-10-94-81-6-4-19-53-33-28-82-14-34-83-80-40-97
Ta100x20,4,1,100,0.9625,0.025,4,2230404237,17000,6438,6306,6072,2.146874985,v2_avx512_vecx_batch16_exact_perm,1-44-60-74-69-5-8-16-68-34-99-79-88-57-52-86-98-51-84-50-56-45-63-41-78-95-25-46-87-47-31-58-38-37-54-23-15-26-96-43-89-13-7-91-92-72-64-22-33-18-12-70-28-35-61-4-19-55-71-53-29-83-42-62-85-97-20-9-49-100-21-2-76-24-66-93-67-3-94-65-14-39-10-77-48-59-90-17-32-81-82-30-6-11-73-27-75-80-36-40
Ta100x20,4,1,100,0.9625,0.025,5,2230405246,17000,6479,6306,6072,2.192203639,v2_avx512_vecx_batch16_exact_perm,1-44-60-29-51-5-45-69-50-76-74-8-79-56-67-66-88-70-25-11-46-13-17-49-95-22-68-71-91-99-78-38-58-16-59-86-32-3-24-33-83-72-57-23-63-43-39-15-41-26-2-7-100-12-77-89-65-87-54-61-31-18-98-96-84-92-52-93-9-55-35-6-4-36-90-73-47-10-42-21-53-37-85-28-75-34-94-62-81-48-80-82-20-19-30-14-27-64-40-97
Ta100x20,4,1,100,0.9625,0.025,6,2230406255,17000,6491,6306,6072,2.421920076,v2_avx512_vecx_batch16_exact_perm,74-60-8-1-29-5-67-32-85-45-56-64-63-95-70-41-33-25-99-69-78-58-87-79-26-15-86-84-52-96-22-93-57-39-49-92-71-50-55-46-89-51-9-72-13-38-47-65-91-44-11-2-61-59-43-54-88-23-3-98-24-73-66-42-20-7-16-6-76-31-77-4-37-94-80-12-30-83-100-90-62-36-14-27-35-21-48-53-10-68-81-19-34-75-18-28-82-17-40-97
Ta100x20,4,1,100,0.9625,0.025,7,2230407264,17000,6471,6306,6072,2.390706226,v2_avx512_vecx_batch16_exact_perm,74-5-45-44-92-69-8-84-65-16-88-70-52-98-86-93-57-38-55-71-46-51-63-13-90-87-43-41-12-56-100-72-18-50-61-15-96-32-67-29-83-95-60-7-1-91-14-76-54-26-78-48-99-58-25-89-4-9-33-6-21-85-79-24-73-62-94-20-3-2-35-39-23-59-31-37-11-28-47-42-66-22-10-68-53-30-64-81-19-49-34-77-27-75-36-80-17-82-40-97
Ta100x20,4,1,100,0.9625,0.025,8,2230408273,17000,6431,6306,6072,2.364312663,v2_avx512_vecx_batch16_exact_perm,1-68-60-29-44-74-5-38-91-8-69-45-89-78-67-64-13-56-95-92-93-65-50-58-96-55-86-98-71-51-57-66-12-46-43-84-88-79-63-34-49-33-3-24-54-16-26-25-48-47-15-90-32-70-7-94-87-100-61-18-4-73-28-22-99-11-2-83-39-72-41-76-20-52-37-36-23-81-42-9-19-31-77-85-35-6-59-21-10-62-53-14-17-75-82-30-80-27-40-97
Ta100x20,4,1,100,0.9625,0.025,9,2230409282,17000,6487,6306,6072,2.407117225,v2_avx512_vecx_batch16_exact_perm,1-44-74-8-45-16-76-50-12-69-78-5-60-92-84-88-25-46-57-58-51-28-71-98-38-32-86-56-26-72-15-23-63-59-96-95-52-70-29-61-13-39-34-77-9-53-22-55-17-49-65-33-2-83-67-24-93-41-73-40-87-99-94-30-54-3-64-85-31-37-20-43-18-48-7-14-66-91-90-4-27-21-100-89-79-42-11-19-47-35-82-6-10-62-68-75-36-81-80-97
Ta100x20,4,1,100,0.9625,0.025,10,2230410291,17000,6476,6306,6072,2.273289535,v2_avx512_vecx_batch16_exact_perm,1-38-69-8-16-88-64-29-90-96-76-70-83-60-45-67-84-74-49-71-46-56-51-55-86-89-98-95-32-58-61-28-13-23-39-63-48-99-87-43-65-7-12-66-5-92-85-93-100-18-78-15-22-54-21-91-11-57-52-41-44-26-31-37-6-47-2-35-62-17-80-94-24-3-42-50-4-59-34-73-9-72-20-10-75-77-79-36-30-27-81-53-25-14-68-82-19-33-40-97
Ta100x20,4,1,100,0.9625,0.05,1,2230401210,17000,6431,6306,6072,2.096492949,v2_avx512_vecx_batch16_exact_perm,1-69-91-50-92-70-45-5-46-88-87-25-23-86-57-63-51-60-84-74-13-26-56-100-16-38-29-35-15-62-71-66-68-89-58-78-31-99-93-98-4-67-41-65-95-17-43-12-55-61-20-7-2-72-44-3-54-52-18-96-42-21-37-76-49-19-59-47-83-53-32-27-90-48-6-33-22-39-24-11-36-8-64-94-9-77-85-79-30-81-97-34-73-28-82-14-10-75-80-40
Ta100x20,4,1,100,0.9625,0.05,2,2230402219,17000,6422,6306,6072,2.276221525,v2_avx512_vecx_batch16_exact_perm,1-68-91-44-45-29-69-66-67-5-88-50-92-95-33-65-78-70-71-56-52-16-51-96-84-93-60-7-15-87-54-26-55-38-43-25-21-62-86-22-77-28-35-12-3-58-89-4-100-94-99-98-18-32-74-48-46-11-34-90-23-83-57-24-63-13-64-41-76-8-39-59-47-79-20-31-72-9-85-37-14-61-81-19-2-75-42-53-30-6-49-97-17-10-36-27-82-73-40-80
Ta100x20,4,1,100,0.9625,0.05,3,2230403228,17000,6459,6306,6072,2.361920486,v2_avx512_vecx_batch16_exact_perm,1-68-44-74-69-5-8-64-87-70-95-25-63-46-60-55-29-86-96-57-49-23-90-89-43-71-99-88-50-31-38-22-15-27-26-84-48-58-72-56-45-98-20-3-91-12-7-78-34-100-54-67-92-16-93-11-59-13-28-77-4-35-18-79-83-76-41-37-52-24-51-81-21-65-42-73-94-66-39-17-32-10-9-85-30-53-47-62-2-75-6-61-80-82-14-19-33-40-97-36
Ta100x20,4,1,100,0.9625,0.05,4,2230404237,17000,6408,6306,6072,2.282048098,v2_avx512_vecx_batch16_exact_perm,1-68-29-5-44-16-45-88-60-69-74-64-56-70-46-71-63-28-79-38-91-95-22-58-52-98-84-96-50-86-92-54-85-8-93-76-99-57-15-13-26-89-43-25-3-9-33-39-67-77-31-41-55-32-35-7-94-20-23-100-78-24-87-4-59-73-11-2-37-42-12-83-75-72-61-18-49-51-30-21-66-90-53-48-82-17-34-65-27-47-6-19-62-81-14-10-80-36-40-97
Ta100x20,4,1,100,0.9625,0.05,5,2230405246,17000,6514,6306,6072,2.161446364,v2_avx512_vecx_batch16_exact_perm,68-8-1-44-69-5-91-74-32-2-86-73-24-50-88-57-70-52-84-100-78-45-18-67-92-98-7-43-64-38-89-26-46-71-79-56-55-16-15-22-39-95-17-58-23-49-29-59-96-93-77-60-21-10-63-42-99-11-41-25-37-48-47-51-28-54-65-13-3-12-35-34-76-30-82-9-31-90-87-62-94-83-6-81-75-4-80-53-61-85-20-97-14-66-27-19-72-33-36-40
Ta100x20,4,1,100,0.9625,0.05,6,2230406255,17000,6492,6306,6072,2.12440907,v2_avx512_vecx_batch16_exact_perm,50-44-8-16-88-28-45-65-67-71-92-70-54-1-5-58-69-38-91-7-78-12-43-21-46-96-25-39-95-51-94-56-18-77-79-89-49-22-26-15-2-61-24-98-64-84-86-34-60-93-57-63-52-74-99-41-31-48-76-85-29-32-17-83-3-100-68-72-75-42-23-9-55-59-20-6-90-35-82-13-4-11-53-33-73-66-87-30-14-37-62-81-19-10-47-27-80-97-36-40
Ta100x20,4,1,100,0.9625,0.05,7,2230407264,17000,6470,6306,6072,2.295367792,v2_avx512_vecx_batch16_exact_perm,1-68-44-60-8-65-45-5-41-29-96-91-89-16-26-88-23-50-69-52-70-22-58-56-84-46-86-13-71-93-90-87-51-92-18-32-54-79-77-67-78-43-48-72-64-24-21-25-99-20-63-95-57-14-74-100-85-49-31-55-83-76-53-38-94-7-39-59-4-98-62-15-73-28-61-81-6-2-37-12-3-27-36-42-66-11-34-17-35-10-9-75-80-82-47-30-19-33-40-97
Ta100x20,4,1,100,0.9625,0.05,8,2230408273,17000,6436,6306,6072,1.996781392,v2_avx512_vecx_batch16_exact_perm,1-68-67-8-5-74-69-84-16-95-60-70-29-86-92-46-88-90-57-23-71-72-89-13-31-58-79-50-91-63-55-56-52-44-45-3-51-32-38-65-49-87-9-83-93-98-99-43-18-22-41-78-25-54-100-76-96-73-21-53-30-59-64-47-2-37-61-39-81-42-33-15-11-28-12-35-48-7-26-17-66-85-6-94-4-19-36-10-24-62-77-14-75-20-80-34-40-82-27-97
Ta100x20,4,1,100,0.9625,0.05,9,2230409282,17000,6465,6306,6072,2.369674159,v2_avx512_vecx_batch16_exact_perm,68-91-16-51-67-26-8-5-71-38-83-79-60-17-50-32-70-44-24-43-18-1-58-86-52-63-57-69-45-56-92-46-89-100-37-84-28-54-74-13-95-25-96-7-36-55-88-76-29-72-15-47-94-78-90-22-31-77-12-65-3-93-49-48-19-87-98-99-6-66-21-61-59-64-41-4-35-53-42-11-20-81-30-62-2-23-39-33-9-34-27-73-85-14-75-10-82-40-97-80
Ta100x20,4,1,100,0.9625,0.05,10,2230410291,17000,6419,6306,6072,2.214159809,v2_avx512_vecx_batch16_exact_perm,68-44-45-38-91-69-76-84-74-78-50-79-26-5-58-41-65-98-55-88-71-16-86-51-15-63-77-56-70-60-32-64-46-21-25-94-89-47-53-100-67-57-49-13-9-93-96-30-59-29-3-17-99-43-95-52-85-7-4-1-18-54-12-87-11-90-31-92-23-35-42-83-22-37-36-40-24-8-28-73-2-61-39-72-48-20-66-10-75-82-34-33-19-14-81-6-62-27-80-97
Ta100x20,4,1,100,0.9625,0.075,1,2230401210,17000,6500,6306,6072,2.188641753,v2_avx512_vecx_batch16_exact_perm,1-50-74-98-88-64-69-45-44-60-16-24-15-84-57-94-5-51-8-43-67-12-61-54-46-32-28-70-79-93-63-38-48-71-86-96-29-73-68-35-18-78-26-55-21-56-100-65-89-58-13-34-22-9-39-49-87-52-7-23-17-99-31-85-6-40-92-36-90-77-4-95-72-83-25-11-82-2-10-41-37-30-20-47-14-91-3-53-81-42-59-76-19-66-62-27-75-33-80-97
Ta100x20,4,1,100,0.9625,0.075,2,2230402219,17000,6417,6306,6072,2.115823275,v2_avx512_vecx_batch16_exact_perm,1-68-44-91-16-51-67-69-65-5-71-56-79-8-86-46-57-3-60-92-61-9-63-70-45-74-98-38-77-99-55-64-88-35-42-84-50-94-96-12-26-43-15-13-95-25-21-20-52-37-23-39-33-22-89-31-78-54-90-85-32-7-100-76-72-41-48-87-58-59-49-29-93-83-47-6-18-82-11-17-34-24-30-81-73-2-4-10-62-53-97-28-14-19-66-27-75-36-80-40
Ta100x20,4,1,100,0.9625,0.075,3,2230403228,17000,6397,6306,6072,2.18358967,v2_avx512_vecx_batch16_exact_perm,1-68-91-50-69-65-8-16-56-5-78-25-96-44-45-13-86-32-24-59-73-63-70-74-51-84-46-31-26-98-23-38-37-15-95-93-29-17-60-67-43-89-11-79-52-48-88-71-54-58-18-87-41-99-92-49-35-22-57-9-76-72-77-64-94-85-20-12-7-33-3-55-90-42-61-47-2-21-6-62-100-39-66-83-53-4-97-28-34-19-81-10-82-30-14-27-75-80-36-40
Ta100x20,4,1,100,0.9625,0.075,4,2230404237,17000,6461,6306,6072,2.055215746,v2_avx512_vecx_batch16_exact_perm,1-68-29-44-64-38-69-25-51-70-60-5-99-18-87-3-91-8-15-53-26-79-56-16-88-71-46-58-86-20-45-92-89-39-74-34-77-98-84-63-55-24-93-73-94-50-57-11-96-49-59-17-78-67-83-12-13-4-100-32-9-81-65-66-42-37-2-62-52-21-54-41-61-43-22-80-31-90-23-76-95-35-7-85-47-97-28-14-33-72-82-48-19-30-6-10-27-75-36-40
Ta100x20,4,1,100,0.9625,0.075,5,2230405246,17000,6456,6306,6072,2.047864151,v2_avx512_vecx_batch16_exact_perm,68-91-1-44-74-29-5-51-26-69-46-65-86-96-8-70-88-52-79-21-38-98-76-95-25-99-71-23-43-50-77-67-12-13-89-35-57-18-83-100-14-7-60-61-2-45-62-55-58-56-9-49-63-37-15-31-3-78-33-16-39-84-53-87-64-41-42-54-22-72-59-24-11-32-81-28-47-92-93-66-94-48-90-85-75-6-4-36-17-20-82-30-80-27-73-19-34-10-40-97
Ta100x20,4,1,100,0.9625,0.075,6,2230406255,17000,6486,6306,6072,2.46191546,v2_avx512_vecx_batch16_exact_perm,68-8-67-45-74-69-44-64-100-1-5-26-29-34-91-50-92-23-60-63-99-32-70-16-77-13-95-24-86-56-43-58-15-84-51-93-46-98-88-52-18-21-25-20-71-9-2-37-39-49-17-31-76-38-61-57-7-54-35-85-30-3-10-83-79-55-22-90-89-48-72-36-12-28-11-87-53-78-59-6-47-81-40-62-19-96-66-42-97-94-41-82-65-73-14-4-27-75-33-80
Ta100x20,4,1,100,0.9625,0.075,7,2230407264,17000,6440,6306,6072,2.042415587,v2_avx512_vecx_batch16_exact_perm,1-91-69-74-87-16-64-56-63-44-45-71-24-92-12-43-46-50-65-5-38-57-26-96-25-20-76-78-54-3-67-29-11-84-52-88-70-7-55-58-98-51-60-8-95-94-13-89-75-32-86-68-28-48-93-73-79-59-72-36-18-42-83-100-9-22-49-61-2-47-6-99-23-90-39-21-33-85-82-31-10-41-17-35-30-62-81-15-4-19-77-34-53-14-37-66-27-80-40-97
Ta100x20,4,1,100,0.9625,0.075,8,2230408273,17000,6450,6306,6072,2.298786126,v2_avx512_vecx_batch16_exact_perm,1-44-74-32-16-51-5-69-88-70-45-50-86-98-71-38-89-64-48-57-67-35-12-46-25-28-26-22-31-13-18-9-91-99-84-56-7-100-77-95-92-60-49-24-87-58-72-54-3-23-43-29-76-62-15-63-8-55-93-81-52-96-21-79-68-37-4-90-36-85-78-73-66-83-65-39-41-20-10-2-61-11-75-59-6-34-47-53-80-33-19-42-94-97-17-82-30-14-27-40
Ta100x20,4,1,100,0.9625,0.075,9,2230409282,17000,6402,6306,6072,2.186343113,v2_avx512_vecx_batch16_exact_perm,1-69-74-5-60-44-8-16-29-67-64-68-71-28-79-55-84-38-88-89-46-61-50-100-56-98-95-51-65-13-96-26-25-63-15-93-31-3-70-87-12-52-47-43-22-86-41-91-32-24-78-17-58-23-2-21-37-72-4-19-94-54-18-45-48-66-7-59-99-42-90-11-53-49-57-92-76-83-77-39-82-85-9-73-35-20-30-81-6-10-62-27-97-33-14-34-75-80-36-40
Ta100x20,4,1,100,0.9625,0.075,10,2230410291,17000,6476,6306,6072,2.111579572,v2_avx512_vecx_batch16_exact_perm,1-29-69-60-8-5-91-79-50-45-88-49-44-92-51-70-46-67-77-86-12-58-98-13-96-38-89-62-25-87-95-26-23-84-57-52-63-48-94-56-100-59-43-7-16-74-76-54-40-55-73-71-42-21-47-32-78-15-64-90-85-17-30-34-11-93-22-2-9-35-31-72-39-41-18-61-65-3-24-99-27-6-4-20-37-36-66-53-14-19-68-81-33-10-28-83-75-82-80-97
Ta100x20,4,1,100,0.9625,0.1,1,2230401210,17000,6438,6306,6072,2.665427338,v2_avx512_vecx_batch16_exact_perm,1-60-8-45-44-68-16-61-57-67-69-74-5-50-91-29-11-70-79-56-43-99-18-58-46-92-41-32-55-89-88-26-63-15-25-77-86-78-21-35-51-52-84-24-98-23-13-12-47-2-22-95-34-39-71-96-3-90-54-65-9-72-49-76-20-38-93-100-28-73-4-94-37-81-42-31-10-19-59-83-17-85-66-53-30-7-48-87-40-82-6-62-33-14-27-64-75-80-36-97
Ta100x20,4,1,100,0.9625,0.1,2,2230402219,17000,6410,6306,6072,2.426756,v2_avx512_vecx_batch16_exact_perm,1-91-69-74-50-8-45-83-25-67-96-23-70-52-44-60-86-46-58-5-92-87-71-41-57-35-66-95-63-29-88-55-26-56-13-84-38-61-16-2-64-65-89-3-43-99-93-98-18-54-10-51-68-73-27-21-15-39-79-77-85-49-22-17-53-31-72-48-24-76-78-100-59-32-7-47-81-6-62-42-75-20-12-34-14-19-94-9-33-90-4-82-11-28-30-37-80-36-40-97
Ta100x20,4,1,100,0.9625,0.1,3,2230403228,17000,6431,6306,6072,2.279443541,v2_avx512_vecx_batch16_exact_perm,1-68-5-69-91-8-50-74-96-15-84-60-22-46-92-95-58-98-25-45-70-93-51-67-44-13-49-77-79-86-56-32-100-78-7-47-26-59-55-29-72-54-20-16-89-88-57-66-9-71-63-43-38-18-52-87-34-99-11-10-39-33-19-53-35-83-3-76-2-4-73-85-24-90-42-75-23-61-21-48-65-6-81-17-30-62-41-31-12-36-37-80-94-28-82-14-64-27-40-97
Ta100x20,4,1,100,0.9625,0.1,4,2230404237,17000,6424,6306,6072,2.365216146,v2_avx512_vecx_batch16_exact_perm,1-60-68-44-8-29-46-79-5-91-92-16-26-70-58-76-65-71-38-13-74-23-12-69-98-45-86-61-54-56-96-15-93-84-2-32-63-88-95-28-22-35-39-48-78-25-49-7-81-77-52-4-17-53-6-89-55-59-11-87-94-19-43-99-31-62-50-66-85-57-37-41-75-67-42-51-20-30-9-3-100-90-72-21-47-64-82-10-24-18-33-73-36-14-34-83-27-80-40-97
Ta100x20,4,1,100,0.9625,0.1,5,2230405246,17000,6457,6306,6072,2.224945125,v2_avx512_vecx_batch16_exact_perm,74-44-69-51-60-65-70-5-45-63-38-91-26-79-68-93-18-98-71-92-55-88-1-84-16-56-9-35-58-31-46-32-57-78-61-90-41-96-11-59-50-28-13-8-25-3-54-76-47-99-81-43-48-89-67-64-2-86-52-39-30-7-77-33-21-87-95-72-23-53-4-15-37-19-36-94-85-29-73-24-100-42-66-83-6-34-75-20-10-82-22-14-27-12-49-17-62-80-40-97
Ta100x20,4,1,100,0.9625,0.1,6,2230406255,17000,6440,6306,6072,2.361920991,v2_avx512_vecx_batch16_exact_perm,1-44-60-74-69-5-91-8-16-64-31-87-61-45-98-51-82-88-26-70-71-46-13-95-25-50-55-56-21-84-15-86-96-52-78-100-63-54-89-4-41-35-3-79-76-58-99-43-57-67-29-53-18-42-49-65-83-93-9-92-7-2-17-72-37-6-47-12-94-38-34-24-19-20-85-32-22-66-39-10-11-28-59-77-75-33-62-23-90-48-36-30-14-40-73-68-27-81-80-97
Ta100x20,4,1,100,0.9625,0.1,7,2230407264,17000,6432,6306,6072,2.259384482,v2_avx512_vecx_batch16_exact_perm,1-45-69-50-91-44-74-29-26-16-38-23-60-46-5-57-65-93-41-54-67-51-71-49-56-79-87-58-70-89-52-98-73-7-28-92-32-43-84-39-76-90-78-96-13-88-99-48-31-86-59-12-8-100-83-63-95-21-25-35-47-6-11-15-72-2-4-22-55-10-75-20-3-24-64-42-9-17-34-37-81-85-61-53-66-18-94-62-80-68-77-36-27-82-30-14-19-40-33-97
Ta100x20,4,1,100,0.9625,0.1,8,2230408273,17000,6449,6306,6072,2.342642904,v2_avx512_vecx_batch16_exact_perm,1-68-91-8-16-57-5-69-45-44-25-41-67-22-46-79-33-86-76-99-56-100-26-74-21-60-7-77-29-98-84-32-38-58-2-90-95-78-75-49-51-63-96-35-31-59-23-50-65-73-24-3-4-15-43-12-72-71-89-92-88-54-18-61-48-42-64-9-87-52-83-85-47-82-13-39-34-55-37-62-28-70-6-10-94-14-53-11-93-19-30-20-81-17-66-27-80-36-40-97
Ta100x20,4,1,100,0.9625,0.1,9,2230409282,17000,6520,6306,6072,2.2037978,v2_avx512_vecx_batch16_exact_perm,68-69-74-60-28-71-57-5-1-92-88-50-91-29-66-44-56-84-46-22-55-64-70-85-41-99-78-6-79-58-86-8-98-31-96-83-100-12-26-89-25-76-35-33-45-49-9-18-3-94-67-77-61-87-23-13-95-63-17-52-90-38-48-43-7-54-42-51-65-21-81-11-72-4-15-73-2-10-75-59-34-53-37-16-24-36-32-93-30-80-62-19-14-47-20-27-82-39-40-97
Ta100x20,4,1,100,0.9625,0.1,10,2230410291,17000,6434,6306,6072,2.379537446,v2_avx512_vecx_batch16_exact_perm,1-68-44-74-5-57-91-86-45-88-69-29-58-26-38-8-70-60-7-32-16-17-50-15-3-56-46-65-11-78-43-51-63-90-98-33-23-89-96-25-95-54-67-92-13-93-100-39-24-94-87-84-21-22-28-72-37-42-99-18-41-61-76-20-2-12-62-6-49-47-55-71-53-85-48-35-14-79-27-36-4-31-66-19-59-77-34-83-73-52-10-64-81-75-82-30-9-80-40-97
Ta100x20,4,1,100,0.9625,0.125,1,2230401210,17000,6487,6306,6072,2.407051054,v2_avx512_vecx_batch16_exact_perm,50-92-8-5-91-1-44-45-52-26-69-70-71-38-79-54-88-49-55-60-7-51-16-56-4-29-65-15-67-11-89-46-25-93-58-28-63-17-86-96-98-3-68-12-84-31-74-66-22-35-99-42-18-34-77-83-37-23-85-39-53-62-78-48-14-13-57-6-95-59-100-94-21-64-32-24-41-72-87-9-76-20-82-43-19-81-40-61-47-2-90-73-36-30-10-27-75-33-80-97
Ta100x20,4,1,100,0.9625,0.125,2,2230402219,17000,6429,6306,6072,2.777990936,v2_avx512_vecx_batch16_exact_perm,1-68-44-100-50-74-29-88-63-60-57-69-45-86-8-66-67-84-93-28-24-58-51-49-70-56-71-87-13-54-32-3-5-38-46-89-26-96-22-15-25-95-90-98-17-92-7-43-91-99-59-62-16-23-47-31-72-41-77-35-78-14-12-42-2-37-61-18-55-79-34-9-52-21-76-4-64-53-65-20-81-39-94-73-48-82-30-11-83-19-10-97-85-6-40-75-36-27-33-80
Ta100x20,4,1,100,0.9625,0.125,3,2230403228,17000,6468,6306,6072,2.612200024,v2_avx512_vecx_batch16_exact_perm,50-8-45-5-69-64-44-60-74-92-91-46-16-67-51-38-58-1-88-99-71-54-57-41-70-15-3-61-24-33-63-49-79-78-87-12-76-26-96-90-25-72-28-29-62-23-98-22-84-66-95-18-59-35-7-56-39-43-17-94-20-2-86-100-65-32-93-31-55-53-89-42-11-85-52-83-21-37-48-13-34-80-9-27-73-36-68-47-77-4-75-30-81-82-6-19-14-10-40-97
Ta100x20,4,1,100,0.9625,0.125,4,2230404237,17000,6407,6306,6072,2.615125443,v2_avx512_vecx_batch16_exact_perm,68-91-45-44-74-60-29-92-69-98-37-89-25-5-8-79-88-41-70-55-84-67-43-7-90-78-58-14-46-51-1-57-86-96-71-50-38-13-64-87-66-53-24-76-12-95-33-26-42-54-65-93-21-47-18-31-63-61-56-3-100-39-15-32-83-49-59-17-99-85-77-22-11-30-72-16-23-48-52-75-9-35-6-4-82-20-19-34-94-73-2-62-27-28-81-10-80-36-40-97
Ta100x20,4,1,100,0.9625,0.125,5,2230405246,17000,6450,6306,6072,2.737578802,v2_avx512_vecx_batch16_exact_perm,68-44-91-1-8-45-67-74-69-99-5-92-56-64-70-96-50-71-15-26-12-43-86-89-51-54-2-61-60-16-58-31-29-87-95-46-25-57-32-22-98-93-84-3-28-59-72-38-55-7-17-18-37-20-76-21-100-90-49-78-13-53-11-65-42-82-77-27-73-4-9-88-66-63-30-47-48-6-79-24-41-83-52-62-81-23-19-33-39-34-35-14-75-10-94-85-97-80-36-40
Ta100x20,4,1,100,0.9625,0.125,6,2230406255,17000,6423,6306,6072,2.134644895,v2_avx512_vecx_batch16_exact_perm,1-69-91-8-16-60-67-74-98-64-100-68-46-54-55-88-23-50-84-22-5-96-92-70-71-45-25-15-26-78-99-63-58-3-48-29-95-52-56-20-79-13-38-93-4-73-47-43-86-57-76-44-28-37-18-51-61-12-14-89-39-87-77-49-32-35-30-42-7-2-19-83-11-94-75-85-65-41-66-72-31-24-59-21-27-6-10-62-33-9-17-34-82-40-81-90-36-53-80-97
Ta100x20,4,1,100,0.9625,0.125,7,2230407264,17000,6424,6306,6072,2.075239093,v2_avx512_vecx_batch16_exact_perm,1-60-8-69-44-74-29-86-26-28-45-46-5-57-92-91-95-63-64-55-88-58-89-66-50-22-87-41-43-99-98-78-25-12-77-16-18-32-13-3-51-56-39-35-20-37-83-38-100-21-59-93-40-15-67-71-90-31-96-76-24-54-61-2-23-34-7-65-11-33-70-53-49-68-4-47-6-10-17-82-84-85-94-73-79-81-42-19-72-48-30-14-62-52-9-75-36-27-80-97
Ta100x20,4,1,100,0.9625,0.125,8,2230408273,17000,6403,6306,6072,2.245136321,v2_avx512_vecx_batch16_exact_perm,1-69-91-74-44-45-86-28-51-56-57-37-60-8-70-25-5-96-95-26-50-78-13-52-12-38-63-31-87-35-71-94-84-88-49-92-55-7-72-93-18-9-22-33-47-54-85-42-29-79-11-76-99-98-61-15-21-46-6-58-59-64-17-43-23-89-67-20-77-39-16-14-81-27-62-24-36-73-2-32-48-100-19-83-90-3-4-65-34-75-41-66-10-68-53-82-30-80-40-97
Ta100x20,4,1,100,0.9625,0.125,9,2230409282,17000,6450,6306,6072,2.112390267,v2_avx512_vecx_batch16_exact_perm,1-68-69-91-16-60-22-44-74-38-99-46-55-88-50-58-29-96-12-43-23-18-90-56-26-45-71-34-51-54-67-32-5-94-79-86-17-57-49-2-61-89-47-39-65-92-15-33-73-4-70-78-75-11-35-98-66-59-7-84-31-87-37-25-9-13-77-52-95-63-8-41-72-24-20-30-3-76-100-81-19-48-64-42-21-53-10-93-28-85-82-14-62-83-80-97-6-27-36-40
Ta100x20,4,1,100,0.9625,0.125,10,2230410291,17000,6439,6306,6072,2.149327256,v2_avx512_vecx_batch16_exact_perm,68-69-8-5-79-86-87-51-44-91-67-50-45-56-63-84-74-92-89-38-60-83-13-88-71-55-49-24-26-34-3-7-54-100-59-39-43-46-1-23-94-29-95-58-2-76-12-61-96-99-28-98-25-32-17-9-18-64-42-22-77-70-15-11-57-72-53-78-47-16-31-52-48-19-35-41-37-93-10-65-4-36-90-20-81-62-85-6-21-66-82-40-97-30-14-73-27-75-33-80
Ta100x20,4,1,100,1.0,0.025,1,2230401210,17000,6500,6306,6072,2.047477325,v2_avx512_vecx_batch16_exact_perm,91-8-45-44-60-74-70-1-5-32-18-26-69-79-88-78-95-65-46-43-39-22-68-51-29-55-89-16-86-87-50-23-52-71-96-99-49-98-77-56-57-62-2-84-7-6-41-25-24-100-54-9-63-58-48-67-11-10-72-30-47-17-38-20-13-34-37-19-94-93-85-42-3-12-4-73-28-92-35-66-15-61-31-53-80-90-21-76-82-83-14-59-64-81-75-36-27-40-33-97
Ta100x20,4,1,100,1.0,0.025,2,2230402219,17000,6443,6306,6072,2.295362592,v2_avx512_vecx_batch16_exact_perm,50-74-49-57-64-38-26-88-51-60-70-67-1-96-68-29-46-58-69-86-22-91-78-23-8-25-45-44-95-15-63-31-71-2-19-87-5-99-84-90-3-98-100-7-56-66-79-76-18-65-43-61-16-54-41-59-77-73-21-89-94-92-52-55-47-9-42-17-72-30-37-24-34-93-12-13-6-28-4-11-75-36-83-62-81-85-53-80-32-48-39-35-20-10-82-14-27-40-33-97
Ta100x20,4,1,100,1.0,0.025,3,2230403228,17000,6497,6306,6072,2.53065677,v2_avx512_vecx_batch16_exact_perm,68-91-44-1-8-16-5-69-52-50-98-23-59-26-71-46-58-92-38-13-57-86-45-51-60-61-41-56-70-79-32-78-49-88-84-9-18-55-63-77-67-94-17-95-29-54-25-3-89-72-7-43-74-12-31-87-65-30-99-22-39-2-11-76-83-21-15-40-20-24-73-96-10-37-90-93-85-28-53-6-48-82-66-42-4-100-19-64-36-34-47-81-14-35-62-27-75-33-80-97
Ta100x20,4,1,100,1.0,0.025,4,2230404237,17000,6482,6306,6072,2.615131758,v2_avx512_vecx_batch16_exact_perm,68-44-29-64-69-91-8-79-88-60-99-74-5-48-50-96-71-38-65-49-63-55-46-58-3-25-41-84-1-67-26-45-78-23-56-93-13-18-57-43-92-86-95-35-52-77-89-39-98-51-87-66-16-54-7-59-100-76-47-32-2-12-21-62-94-24-61-15-85-90-28-73-20-70-31-22-19-72-11-42-83-82-9-34-37-53-4-30-97-14-81-6-10-36-27-17-40-80-75-33
Ta100x20,4,1,100,1.0,0.025,5,2230405246,17000,6462,6306,6072,2.328556133,v2_avx512_vecx_batch16_exact_perm,1-60-8-65-69-74-71-70-91-5-66-44-52-16-92-46-56-84-22-45-88-95-86-26-48-50-13-96-68-76-99-51-54-38-98-58-61-73-18-89-31-87-32-43-25-23-7-47-100-90-12-78-17-67-72-41-77-37-36-59-49-24-20-55-93-57-29-33-3-9-27-79-94-21-39-75-28-63-85-11-42-4-35-64-82-15-2-6-62-34-81-40-53-19-10-30-14-83-80-97
Ta100x20,4,1,100,1.0,0.025,6,2230406255,17000,6410,6306,6072,2.564748209,v2_avx512_vecx_batch16_exact_perm,1-68-69-8-65-16-56-71-79-5-60-74-44-91-12-41-46-29-95-49-24-89-26-45-87-92-78-25-63-83-84-90-98-55-61-38-86-13-88-64-32-22-48-99-54-76-18-21-52-96-58-43-66-47-70-67-7-33-15-4-39-3-35-23-93-20-11-2-57-100-72-50-14-62-51-28-10-31-73-59-77-40-42-37-27-85-9-17-75-82-30-81-6-19-34-53-94-80-36-97
Ta100x20,4,1,100,1.0,0.025,7,2230407264,17000,6506,6306,6072,2.75720607,v2_avx512_vecx_batch16_exact_perm,50-44-29-20-64-60-1-15-5-91-16-57-23-45-8-28-22-54-95-25-86-56-26-92-71-2-46-58-79-17-69-67-99-61-98-13-10-3-100-18-24-9-88-51-55-43-89-49-63-42-77-12-87-59-7-96-39-76-66-73-74-93-34-65-38-47-31-62-48-52-70-78-21-72-6-85-84-41-53-11-68-35-32-83-90-27-36-82-33-81-14-19-4-37-94-97-30-75-80-40
Ta100x20,4,1,100,1.0,0.025,8,2230408273,17000,6458,6306,6072,2.635924062,v2_avx512_vecx_batch16_exact_perm,1-68-69-91-16-88-44-45-74-57-86-50-60-29-51-79-89-58-56-54-96-70-13-5-67-92-65-46-87-23-95-25-43-93-7-98-71-4-38-15-53-64-26-52-48-8-90-84-18-63-42-39-73-78-77-31-3-11-2-41-72-37-99-61-28-85-47-32-76-24-49-83-12-6-100-36-20-55-27-59-81-34-22-62-9-35-21-66-19-94-17-30-14-10-75-80-82-33-40-97
Ta100x20,4,1,100,1.0,0.025,9,2230409282,17000,6431,6306,6072,2.373064045,v2_avx512_vecx_batch16_exact_perm,1-68-5-45-44-16-69-51-70-83-60-46-28-8-79-43-25-26-50-13-12-63-41-71-15-74-39-87-89-49-99-86-17-96-78-55-98-24-22-64-23-91-29-67-66-95-58-88-94-21-38-56-37-34-54-18-61-6-92-35-57-32-31-53-84-93-42-100-7-59-85-47-90-4-65-3-62-48-77-2-73-52-20-76-11-72-82-10-33-19-81-75-30-9-36-80-14-27-40-97
Ta100x20,4,1,100,1.0,0.025,10,2230410291,17000,6444,6306,6072,2.41988198,v2_avx512_vecx_batch16_exact_perm,1-50-5-51-91-74-98-67-64-38-57-69-76-44-45-94-65-46-86-96-58-55-82-88-89-32-56-26-93-43-23-12-13-60-7-31-84-87-54-22-61-41-70-72-79-63-15-25-95-11-77-16-47-29-33-52-42-18-83-92-17-90-71-34-78-73-24-28-4-9-39-27-36-85-8-66-21-100-37-48-35-62-2-68-6-20-3-99-59-19-49-75-14-53-30-10-81-40-80-97
Ta100x20,4,1,100,1.0,0.05,1,2230401210,17000,6418,6306,6072,2.328523824,v2_avx512_vecx_batch16_exact_perm,68-91-74-44-69-79-57-5-92-60-67-51-46-8-84-52-41-70-71-86-50-98-55-99-1-25-11-56-96-54-95-12-43-65-26-2-78-88-29-13-76-61-18-9-23-90-21-100-87-58-22-83-38-32-64-15-7-77-42-33-3-63-35-48-37-45-94-16-31-6-39-59-17-89-34-24-53-49-4-93-66-85-47-62-20-10-28-81-73-19-72-30-14-75-36-27-82-80-40-97
Ta100x20,4,1,100,1.0,0.05,2,2230402219,17000,6407,6306,6072,2.351863602,v2_avx512_vecx_batch16_exact_perm,1-45-60-92-68-44-91-67-64-69-55-74-50-57-86-88-32-71-54-90-3-98-63-25-95-41-33-26-48-52-89-46-79-56-84-42-96-23-16-93-22-49-17-38-99-13-8-7-70-59-15-58-29-76-5-31-62-35-20-43-12-39-94-73-77-24-34-78-100-21-37-28-18-4-19-53-87-11-2-61-14-72-51-65-83-97-6-47-81-85-66-10-82-30-9-75-36-27-80-40
Ta100x20,4,1,100,1.0,0.05,3,2230403228,17000,6448,6306,6072,2.157137849,v2_avx512_vecx_batch16_exact_perm,68-44-91-45-67-60-8-46-92-16-64-89-57-69-86-74-51-38-70-52-88-71-15-26-50-56-29-96-58-3-43-13-11-48-99-25-5-35-21-95-59-54-22-84-20-17-12-2-42-72-63-78-65-93-98-41-18-100-9-55-23-76-49-61-24-77-1-47-79-32-7-94-28-85-31-27-73-87-82-39-30-66-62-83-14-90-37-4-19-81-6-34-53-33-10-75-80-36-40-97
Ta100x20,4,1,100,1.0,0.05,4,2230404237,17000,6435,6306,6072,2.229278657,v2_avx512_vecx_batch16_exact_perm,1-60-8-38-44-29-64-46-57-86-91-26-74-5-92-69-45-88-50-15-63-51-24-67-71-54-98-3-84-41-90-95-43-47-99-55-96-59-34-52-18-70-62-56-93-13-79-17-76-9-58-33-2-21-89-48-25-7-77-65-72-32-68-53-11-16-28-23-31-78-22-100-4-35-39-87-61-12-42-37-85-80-94-73-83-19-82-66-81-75-6-10-20-30-14-49-27-36-40-97
Ta100x20,4,1,100,1.0,0.05,5,2230405246,17000,6441,6306,6072,2.383944792,v2_avx512_vecx_batch16_exact_perm,1-68-44-45-8-88-66-74-57-26-16-29-67-71-5-69-38-78-64-65-47-70-79-77-13-91-9-46-86-18-96-51-58-56-84-43-99-60-93-2-21-87-92-52-12-49-22-89-40-24-76-54-81-83-72-63-25-95-31-100-41-61-98-23-55-32-15-94-90-3-50-59-39-20-34-17-7-37-28-30-85-27-6-19-4-11-35-53-97-73-42-82-62-48-14-10-75-80-36-33
Ta100x20,4,1,100,1.0,0.05,6,2230406255,17000,6492,6306,6072,2.415750588,v2_avx512_vecx_batch16_exact_perm,50-92-44-69-8-52-67-91-12-5-51-88-29-95-68-71-74-56-13-9-26-45-46-63-41-98-25-58-37-38-54-87-86-55-59-64-93-2-96-62-60-3-47-1-35-77-84-16-94-100-10-53-79-57-36-89-43-78-7-18-42-48-99-83-65-72-49-11-28-22-23-32-33-85-24-6-21-19-17-70-61-15-4-20-31-14-90-27-73-76-66-81-82-39-34-30-40-75-80-97
Ta100x20,4,1,100,1.0,0.05,7,2230407264,17000,6447,6306,6072,2.210595421,v2_avx512_vecx_batch16_exact_perm,1-91-50-5-92-69-44-65-64-87-89-67-45-94-61-41-29-16-88-60-84-2-58-86-12-98-51-26-46-38-56-22-15-96-37-62-28-71-55-76-54-95-43-63-100-53-57-93-18-42-17-79-78-31-25-11-47-70-13-8-39-59-77-7-32-68-72-23-36-99-48-52-83-74-20-4-73-90-85-35-21-82-30-3-24-66-75-9-49-33-81-6-19-34-14-27-40-10-97-80
Ta100x20,4,1,100,1.0,0.05,8,2230408273,17000,6471,6306,6072,2.405527849,v2_avx512_vecx_batch16_exact_perm,91-79-69-8-44-38-70-67-74-45-58-5-63-17-87-1-84-66-86-95-98-51-25-54-71-16-42-56-62-92-60-93-46-23-31-99-57-18-49-3-26-30-9-96-43-32-22-24-2-90-61-39-41-50-47-100-29-76-15-20-37-28-88-12-55-7-36-77-34-65-73-48-35-89-83-52-4-11-13-53-64-85-78-14-10-19-33-72-59-81-21-68-75-94-6-82-40-80-27-97
Ta100x20,4,1,100,1.0,0.05,9,2230409282,17000,6470,6306,6072,2.353464712,v2_avx512_vecx_batch16_exact_perm,1-91-45-70-44-35-74-60-79-5-69-86-8-23-57-52-26-50-46-71-13-95-56-64-87-51-63-38-11-16-88-77-25-9-4-58-29-100-94-49-89-18-96-65-43-17-59-3-99-48-12-2-78-67-6-72-61-55-90-21-84-93-41-42-54-92-37-24-31-36-76-73-32-28-22-15-62-47-27-98-75-30-7-33-19-20-40-39-85-66-34-53-68-82-81-14-10-80-83-97
Ta100x20,4,1,100,1.0,0.05,10,2230410291,17000,6459,6306,6072,2.362960562,v2_avx512_vecx_batch16_exact_perm,1-60-8-91-16-5-51-74-98-23-56-71-70-32-38-86-17-78-25-26-45-50-57-9-58-69-22-28-77-29-46-73-13-84-67-95-52-41-96-88-79-44-15-21-35-93-31-39-55-76-49-99-87-7-33-92-89-43-83-64-18-19-54-34-100-63-48-37-24-6-42-4-53-90-61-47-85-14-94-3-75-20-2-72-59-30-11-66-62-81-65-27-10-80-82-12-36-68-40-97
Ta100x20,4,1,100,1.0,0.075,1,2230401210,17000,6390,6306,6072,2.305883527,v2_avx512_vecx_batch16_exact_perm,1-8-5-44-45-74-69-46-29-26-60-92-16-64-50-91-65-94-71-98-84-57-86-38-100-89-79-58-56-55-49-88-99-17-62-70-78-87-52-51-18-95-72-77-22-15-67-11-33-63-30-36-12-96-76-61-9-2-54-43-25-3-21-7-66-37-39-47-42-23-20-13-90-32-41-93-34-24-83-85-19-4-31-6-48-73-59-35-68-10-81-75-28-82-14-27-53-80-40-97
Ta100x20,4,1,100,1.0,0.075,2,2230402219,17000,6467,6306,6072,2.374429283,v2_avx512_vecx_batch16_exact_perm,68-8-5-91-1-74-67-92-60-93-29-13-69-24-71-45-56-87-84-38-78-95-79-63-88-28-44-52-96-37-86-26-55-48-89-46-58-25-3-49-50-4-51-100-99-98-15-32-39-70-22-54-83-16-76-19-41-43-65-59-62-20-23-94-18-11-33-9-57-2-73-72-31-7-64-12-42-53-77-21-6-85-66-61-14-90-34-47-81-17-30-40-10-35-36-27-75-82-80-97
Ta100x20,4,1,100,1.0,0.075,3,2230403228,17000,6428,6306,6072,2.576126355,v2_avx512_vecx_batch16_exact_perm,1-44-74-69-64-60-5-98-51-91-59-95-29-46-26-23-68-70-58-38-61-56-32-8-13-16-99-7-57-96-43-90-18-71-49-92-45-88-89-78-76-79-39-77-84-50-15-55-63-54-87-86-25-20-12-22-100-48-34-9-72-24-67-83-17-21-66-30-37-10-93-41-85-28-75-42-94-73-31-14-53-33-4-19-65-3-11-2-35-47-82-52-81-40-6-62-27-80-36-97
Ta100x20,4,1,100,1.0,0.075,4,2230404237,17000,6413,6306,6072,2.235010508,v2_avx512_vecx_batch16_exact_perm,1-8-66-44-91-16-45-88-15-69-78-68-58-5-23-26-38-57-29-34-86-99-67-43-71-25-74-70-56-96-95-22-52-7-77-98-65-84-92-9-60-79-94-3-46-4-100-47-76-50-83-55-90-49-61-51-12-54-18-13-11-87-32-2-89-72-39-62-28-37-93-14-24-63-41-73-35-20-59-27-48-31-53-64-81-85-30-6-33-21-10-17-75-80-42-82-19-36-40-97
Ta100x20,4,1,100,1.0,0.075,5,2230405246,17000,6443,6306,6072,2.483121757,v2_avx512_vecx_batch16_exact_perm,1-69-50-8-45-67-68-5-74-98-16-89-100-57-58-44-38-52-26-96-43-7-23-88-60-56-79-84-29-41-70-35-61-87-46-86-51-91-24-22-32-47-3-54-18-59-17-25-21-93-42-13-99-92-95-78-49-65-64-20-63-15-90-55-76-77-11-2-39-10-48-72-71-53-37-28-19-85-30-9-4-82-31-66-62-81-94-14-73-6-34-83-12-75-36-27-80-40-33-97
Ta100x20,4,1,100,1.0,0.075,6,2230406255,17000,6406,6306,6072,2.285259451,v2_avx512_vecx_batch16_exact_perm,68-44-74-69-65-5-45-88-16-41-26-29-76-71-84-60-50-86-96-57-61-70-52-55-13-67-51-8-43-46-12-1-100-56-79-98-7-92-90-83-91-17-72-95-33-89-59-3-18-54-25-87-62-77-32-9-63-93-31-38-53-48-58-47-30-2-39-78-11-24-49-4-35-23-21-99-42-22-80-27-15-37-64-28-75-34-73-20-81-66-85-6-10-82-19-94-14-36-40-97
Ta100x20,4,1,100,1.0,0.075,7,2230407264,17000,6428,6306,6072,2.31393308,v2_avx512_vecx_batch16_exact_perm,1-8-74-5-45-44-92-91-68-57-64-26-89-69-29-16-88-15-50-71-65-63-17-46-78-19-13-54-87-22-95-52-38-93-56-67-79-55-96-25-43-23-73-58-20-7-98-48-86-70-66-4-84-90-39-3-42-99-30-76-53-49-51-12-34-77-72-9-85-37-94-11-60-24-31-61-2-41-100-59-47-18-32-62-28-21-33-83-82-6-81-14-35-27-75-10-80-36-40-97
Ta100x20,4,1,100,1.0,0.075,8,2230408273,17000,6409,6306,6072,1.995498665,v2_avx512_vecx_batch16_exact_perm,68-44-29-45-5-51-91-67-50-99-69-74-18-43-12-49-89-88-58-16-1-56-52-8-96-86-64-57-7-38-26-83-60-71-98-92-95-100-54-25-63-32-70-15-61-41-87-2-37-78-79-62-28-39-76-31-33-22-84-55-9-65-34-35-21-13-46-11-59-23-72-47-3-48-90-94-85-93-73-24-14-4-36-20-6-19-66-77-40-42-81-17-30-10-27-75-53-82-80-97
Ta100x20,4,1,100,1.0,0.075,9,2230409282,17000,6483,6306,6072,2.124980709,v2_avx512_vecx_batch16_exact_perm,74-44-23-70-5-69-71-68-29-91-95-79-16-56-67-45-87-64-99-86-38-98-51-58-35-59-92-78-54-12-88-43-63-66-41-60-7-24-25-26-34-57-8-1-47-9-46-13-96-76-65-37-61-39-33-50-22-55-48-3-72-93-18-42-89-20-17-84-52-15-36-21-27-75-85-31-32-90-73-19-77-30-11-81-100-2-62-28-4-53-49-82-83-6-80-10-94-97-14-40
Ta100x20,4,1,100,1.0,0.075,10,2230410291,17000,6485,6306,6072,2.586471204,v2_avx512_vecx_batch16_exact_perm,1-8-28-29-5-23-45-67-44-51-69-70-46-71-50-43-57-86-39-38-78-74-25-84-16-98-15-58-95-91-56-79-12-63-92-93-87-49-31-64-55-53-54-22-47-60-88-72-61-48-9-18-13-26-34-96-52-30-3-99-11-35-21-59-81-77-76-89-68-37-41-2-24-7-100-65-36-4-66-32-90-27-85-10-17-97-19-42-73-94-20-82-14-6-62-83-80-40-75-33
Ta100x20,4,1,100,1.0,0.1,1,2230401210,17000,6434,6306,6072,2.819877502,v2_avx512_vecx_batch16_exact_perm,68-91-69-65-44-64-74-26-38-63-28-55-46-71-3-60-50-89-13-45-58-5-76-57-1-29-35-86-98-84-92-18-25-56-78-16-17-15-37-93-34-31-7-8-79-100-95-49-88-20-99-24-43-72-41-22-42-19-53-23-48-61-54-87-52-21-51-90-47-85-32-77-59-83-39-81-96-12-67-70-6-94-11-2-36-4-9-73-30-66-27-62-33-14-75-10-82-80-40-97
Ta100x20,4,1,100,1.0,0.1,2,2230402219,17000,6417,6306,6072,2.223966971,v2_avx512_vecx_batch16_exact_perm,68-44-74-69-5-91-50-64-18-29-57-86-26-63-38-60-71-46-92-99-13-52-98-79-41-67-3-45-88-84-77-1-58-35-56-16-76-33-24-51-49-89-23-61-54-87-21-100-59-7-55-94-90-11-17-70-96-15-43-78-25-22-31-95-27-53-72-48-12-42-37-28-93-47-32-2-39-65-8-62-9-85-6-66-4-19-36-20-81-73-34-83-75-82-30-14-10-40-80-97
Ta100x20,4,1,100,1.0,0.1,3,2230403228,17000,6431,6306,6072,2.279788895,v2_avx512_vecx_batch16_exact_perm,1-8-44-45-5-69-91-51-70-50-87-64-60-84-74-56-26-46-29-66-67-22-16-78-52-96-57-86-88-23-55-58-43-95-63-25-89-98-6-48-12-62-35-28-71-83-39-93-2-41-79-13-37-21-15-38-73-68-18-7-32-92-90-61-72-47-19-77-42-49-99-94-3-97-24-17-36-65-9-100-34-10-31-81-54-59-4-53-85-30-11-76-20-82-33-14-27-75-80-40
Ta100x20,4,1,100,1.0,0.1,4,2230404237,17000,6442,6306,6072,2.214198895,v2_avx512_vecx_batch16_exact_perm,69-1-60-91-50-8-45-76-29-16-47-87-5-99-51-38-67-89-74-98-84-63-56-23-25-46-64-100-58-3-9-26-33-44-70-65-34-78-57-18-96-71-61-13-24-22-49-79-86-43-31-39-72-48-15-88-54-95-27-17-21-59-52-20-35-92-32-90-93-6-62-41-77-11-2-37-42-82-55-83-68-7-4-73-14-94-75-85-30-53-81-19-28-12-66-10-97-80-36-40
Ta100x20,4,1,100,1.0,0.1,5,2230405246,17000,6435,6306,6072,2.563573987,v2_avx512_vecx_batch16_exact_perm,68-44-8-16-60-12-67-1-96-52-71-69-5-79-56-84-74-86-50-89-17-46-91-38-29-78-63-64-57-49-58-18-76-54-40-26-92-98-93-20-100-25-99-13-55-7-42-83-11-31-70-88-45-22-72-47-94-85-3-95-24-21-87-35-23-53-66-43-15-39-59-61-33-9-19-2-65-6-41-4-62-51-28-48-77-34-37-90-82-14-32-81-30-27-73-10-75-80-36-97
Ta100x20,4,1,100,1.0,0.1,6,2230406255,17000,6401,6306,6072,2.308394503,v2_avx512_vecx_batch16_exact_perm,68-44-91-1-84-74-29-5-60-23-58-8-69-38-57-46-22-86-54-92-95-76-43-65-71-24-50-15-32-78-88-2-12-39-7-100-56-9-26-53-98-96-25-16-31-93-41-45-64-87-99-89-42-35-51-13-55-18-83-62-49-47-70-30-63-11-59-33-67-77-79-85-21-27-37-73-28-3-52-48-90-17-34-61-6-81-4-19-72-82-75-20-14-66-10-94-97-80-36-40
Ta100x20,4,1,100,1.0,0.1,7,2230407264,17000,6535,6306,6072,3.09905964,v2_avx512_vecx_batch16_exact_perm,1-60-91-50-8-92-70-98-5-65-45-84-69-44-31-99-86-9-88-43-74-16-51-67-89-46-57-66-56-55-33-95-58-63-21-15-72-11-18-76-71-25-54-78-41-87-20-77-26-90-13-38-83-7-79-17-96-49-59-94-73-19-34-35-61-23-24-42-12-29-64-3-39-2-37-36-48-52-93-4-28-85-47-100-53-22-30-10-32-6-81-27-82-80-62-14-40-68-75-97
Ta100x20,4,1,100,1.0,0.1,8,2230408273,17000,6448,6306,6072,2.343189365,v2_avx512_vecx_batch16_exact_perm,68-44-8-45-69-50-74-86-98-88-65-1-5-84-70-55-71-60-63-26-78-29-16-56-38-3-24-52-32-41-46-43-89-57-67-92-90-93-14-96-12-54-23-76-61-85-94-99-13-95-100-49-33-20-7-79-48-66-22-77-72-39-42-18-64-51-15-2-11-91-34-58-83-31-19-35-47-25-21-87-27-73-59-37-62-81-28-53-82-17-30-6-4-9-10-75-80-36-40-97
Ta100x20,4,1,100,1.0,0.1,9,2230409282,17000,6431,6306,6072,2.240108605,v2_avx512_vecx_batch16_exact_perm,1-68-44-45-69-8-16-60-5-71-74-46-38-17-7-28-57-72-23-25-77-26-86-9-58-29-100-50-98-20-92-43-12-79-67-56-64-93-2-54-96-76-84-42-99-70-85-61-40-15-22-63-52-41-87-13-11-4-55-37-49-31-95-24-18-94-89-91-62-21-65-88-32-53-14-3-19-47-48-78-73-59-33-83-90-82-34-6-39-51-81-66-35-75-36-30-10-27-80-97
Ta100x20,4,1,100,1.0,0.1,10,2230410291,17000,6453,6306,6072,2.289680843,v2_avx512_vecx_batch16_exact_perm,1-44-8-74-70-45-5-60-58-92-46-65-97-63-69-68-26-38-72-84-2-99-50-20-88-16-29-91-62-77-43-89-52-56-13-95-79-86-54-67-48-33-35-7-98-32-39-23-94-61-18-3-57-25-11-96-15-49-90-71-51-27-82-31-87-93-55-21-12-42-37-22-28-76-78-100-47-4-59-41-53-19-17-30-81-83-24-66-85-6-10-36-14-9-34-64-73-75-80-40
Ta100x20,4,1,100,1.0,0.125,1,2230401210,17000,6415,6306,6072,2.271917935,v2_avx512_vecx_batch16_exact_perm,68-29-8-69-52-44-45-88-84-74-1-46-38-86-17-91-58-67-79-56-63-59-16-51-87-23-34-99-89-71-100-98-54-78-57-18-32-92-95-90-43-26-31-25-94-7-96-61-60-47-11-50-15-5-73-77-55-65-36-2-4-37-64-3-70-49-22-93-10-28-85-24-39-21-66-53-13-41-72-62-12-48-35-20-76-33-19-81-42-83-75-82-30-6-9-14-40-27-80-97
Ta100x20,4,1,100,1.0,0.125,2,2230402219,17000,6369,6306,6072,2.394750084,v2_avx512_vecx_batch16_exact_perm,1-60-8-74-69-5-71-45-86-63-66-57-35-46-64-87-41-84-94-78-12-79-98-95-25-54-38-61-67-13-17-92-58-16-89-56-32-43-99-88-50-18-47-3-15-23-26-70-52-72-20-6-4-22-9-96-44-93-48-90-55-39-33-31-21-53-73-2-37-28-76-49-24-75-85-29-62-77-91-59-30-11-34-7-51-81-65-19-42-83-100-10-68-82-14-27-36-80-40-97
Ta100x20,4,1,100,1.0,0.125,3,2230403228,17000,6455,6306,6072,2.791205022,v2_avx512_vecx_batch16_exact_perm,1-68-5-8-44-71-86-69-52-51-16-60-89-26-45-46-48-58-38-43-88-84-50-28-91-78-62-79-18-13-93-55-56-67-29-99-96-74-41-15-76-57-98-61-64-14-92-54-95-63-49-70-25-87-9-35-23-22-24-7-100-33-72-4-31-65-3-83-39-94-85-12-20-59-53-32-21-81-66-37-6-10-2-47-82-73-90-42-77-34-75-30-19-11-27-36-80-17-40-97
Ta100x20,4,1,100,1.0,0.125,4,2230404237,17000,6468,6306,6072,2.743116389,v2_avx512_vecx_batch16_exact_perm,50-92-44-65-69-25-5-28-29-16-88-60-89-45-8-76-63-71-79-38-99-84-74-43-46-49-58-96-12-94-67-23-91-9-93-100-7-57-26-41-68-20-55-56-13-48-52-86-61-21-70-77-90-31-95-87-98-64-22-51-47-66-59-72-78-18-15-39-37-36-3-1-33-24-83-35-11-4-2-32-10-19-54-85-62-27-75-42-82-81-17-30-6-53-97-14-34-73-80-40
Ta100x20,4,1,100,1.0,0.125,5,2230405246,17000,6475,6306,6072,2.341718209,v2_avx512_vecx_batch16_exact_perm,1-60-8-16-23-5-69-71-50-87-74-86-44-55-43-99-98-24-17-25-45-63-37-18-49-88-15-39-78-96-64-100-29-67-95-56-89-58-33-92-79-28-57-22-93-84-46-59-41-26-77-38-52-51-32-70-54-76-13-4-94-30-7-12-85-62-20-9-91-34-47-21-19-65-2-73-66-72-48-53-42-40-3-61-90-14-83-31-11-35-82-27-81-6-10-80-68-75-36-97
Ta100x20,4,1,100,1.0,0.125,6,2230406255,17000,6387,6306,6072,2.484458438,v2_avx512_vecx_batch16_exact_perm,1-68-44-79-60-8-69-5-91-95-25-51-46-50-21-20-38-67-89-45-98-71-84-88-78-90-41-29-35-58-56-99-34-74-23-26-47-96-54-15-3-65-63-13-64-55-86-57-43-31-62-18-77-70-92-76-66-9-33-7-52-87-24-39-32-53-83-22-12-48-2-72-11-16-37-59-49-14-93-100-28-61-85-10-4-73-94-17-30-19-81-42-27-75-82-6-36-80-40-97
Ta100x20,4,1,100,1.0,0.125,7,2230407264,17000,6461,6306,6072,2.859095133,v2_avx512_vecx_batch16_exact_perm,1-69-91-50-8-74-5-45-38-44-29-26-60-57-46-67-92-64-98-86-70-52-84-71-58-13-56-11-2-51-95-28-99-88-54-3-96-89-76-65-15-25-22-41-35-61-43-12-16-83-87-4-79-9-93-66-47-18-34-23-100-49-17-78-39-31-63-33-59-55-7-37-77-24-42-32-21-53-19-48-85-30-72-90-10-27-36-6-62-81-20-73-94-14-68-75-82-80-40-97
Ta100x20,4,1,100,1.0,0.125,8,2230408273,17000,6424,6306,6072,2.081755231,v2_avx512_vecx_batch16_exact_perm,1-91-44-74-69-37-16-28-67-57-5-96-86-93-46-87-45-88-23-26-25-47-29-98-71-49-89-92-79-48-35-95-58-43-63-52-7-18-60-51-4-41-70-56-54-55-83-22-99-8-15-72-13-3-84-59-78-31-90-10-32-42-24-64-21-61-38-6-50-76-20-100-40-94-73-12-68-77-11-53-2-39-65-66-62-85-33-9-17-82-34-30-19-81-14-75-36-27-80-97
Ta100x20,4,1,100,1.0,0.125,9,2230409282,17000,6392,6306,6072,2.404635978,v2_avx512_vecx_batch16_exact_perm,1-68-44-45-8-69-84-74-5-91-70-52-88-71-41-95-57-100-50-56-46-23-26-78-79-49-60-51-67-13-96-89-25-77-16-93-29-87-86-43-99-58-47-31-38-3-63-54-18-65-64-76-39-36-98-61-22-28-11-17-2-48-72-94-92-37-15-34-6-24-62-55-66-83-7-59-85-4-12-32-90-81-73-42-75-30-53-21-35-20-19-33-10-9-82-14-27-80-40-97
Ta100x20,4,1,100,1.0,0.125,10,2230410291,17000,6456,6306,6072,2.128829164,v2_avx512_vecx_batch16_exact_perm,68-44-74-5-50-98-51-45-67-88-29-60-70-71-38-22-91-56-95-1-99-69-86-26-84-18-2-52-12-87-46-61-96-94-57-3-92-25-43-7-90-58-41-65-14-11-78-55-15-63-64-21-76-100-83-8-24-93-59-54-13-16-4-23-77-32-9-72-82-39-35-36-19-27-31-47-85-17-79-66-42-53-48-37-62-28-80-73-34-75-89-33-20-30-81-6-49-10-40-97
Ta100x20,4,2,200,0.85,0.025,1,2230401210,17000,6440,6306,6072,5.409524847,v2_avx512_vecx_batch16_exact_perm,1-60-8-91-79-74-44-29-69-65-45-5-88-16-56-64-26-46-86-57-41-98-71-92-95-50-89-58-38-52-23-63-84-94-54-77-87-70-55-25-7-32-15-39-43-99-59-96-67-49-93-83-51-3-72-13-28-24-12-22-11-48-18-31-76-35-21-61-73-66-20-78-2-17-10-85-37-42-90-33-62-14-47-53-30-4-82-9-6-100-34-40-19-68-75-36-27-81-80-97
Ta100x20,4,2,200,0.85,0.025,2,2230402219,17000,6429,6306,6072,4.640196161,v2_avx512_vecx_batch16_exact_perm,1-8-65-5-60-46-44-92-64-50-57-74-69-86-58-29-70-91-95-26-43-56-51-67-52-79-89-98-71-96-16-63-88-38-99-23-31-15-76-54-78-94-55-84-18-45-7-35-87-93-49-39-12-22-32-48-28-47-72-62-20-25-13-90-41-61-9-85-6-21-77-66-3-4-2-73-59-24-27-37-42-30-19-53-11-34-17-81-100-68-14-83-75-36-10-33-82-80-40-97
Ta100x20,4,2,200,0.85,0.025,3,2230403228,17000,6403,6306,6072,5.122112202,v2_avx512_vecx_batch16_exact_perm,1-68-91-50-74-5-51-26-60-57-69-18-8-86-71-52-77-44-98-92-46-89-29-45-79-67-58-76-32-15-93-38-64-63-56-84-54-96-88-48-95-13-70-62-43-25-99-78-41-87-24-65-49-22-23-9-72-16-100-7-66-42-39-36-3-37-28-55-17-61-83-47-90-85-21-31-6-11-34-12-94-35-33-81-4-53-14-75-59-10-2-73-20-19-82-27-30-80-40-97
Ta100x20,4,2,200,0.85,0.025,4,2230404237,17000,6438,6306,6072,4.819334504,v2_avx512_vecx_batch16_exact_perm,1-60-8-45-44-64-69-50-57-86-70-74-56-51-91-89-29-5-71-55-95-38-46-67-78-65-58-28-92-84-93-26-98-79-31-7-100-76-54-68-23-63-43-39-25-11-49-99-87-2-96-24-22-15-32-37-18-88-90-94-20-17-16-13-61-41-47-3-21-35-66-48-12-72-52-59-77-10-85-30-83-73-4-82-62-33-9-14-42-40-27-81-53-6-19-34-75-80-36-97
Ta100x20,4,2,200,0.85,0.025,5,2230405246,17000,6491,6306,6072,5.431664234,v2_avx512_vecx_batch16_exact_perm,1-68-29-44-51-5-60-79-69-86-8-16-56-91-23-50-71-67-59-45-78-57-46-31-74-26-38-88-99-100-49-43-84-98-7-58-54-2-25-11-32-41-15-70-92-39-95-33-63-17-24-52-87-94-89-93-13-72-22-9-18-96-3-20-12-42-4-65-64-48-90-76-83-55-53-61-73-21-28-10-66-37-85-36-47-82-35-30-19-77-34-27-62-80-81-6-97-14-40-75
Ta100x20,4,2,200,0.85,0.025,6,2230406255,17000,6456,6306,6072,5.066587061,v2_avx512_vecx_batch16_exact_perm,68-44-8-18-5-74-1-60-92-91-67-71-69-78-46-64-57-16-29-58-3-45-38-89-52-50-32-56-9-96-99-88-55-63-79-39-76-54-84-59-100-94-21-15-86-51-72-65-41-26-43-25-98-77-7-31-37-11-23-42-70-2-17-90-61-13-47-12-22-49-35-83-28-95-33-24-85-6-62-48-4-53-93-73-20-80-87-66-34-75-82-36-10-81-19-30-14-27-40-97
Ta100x20,4,2,200,0.85,0.025,7,2230407264,17000,6388,6306,6072,4.023442725,v2_avx512_vecx_batch16_exact_perm,1-68-44-45-74-55-5-69-67-46-50-12-92-60-29-88-91-89-16-51-58-15-56-96-84-90-78-70-63-76-71-28-7-65-100-98-25-13-57-86-32-95-41-35-54-43-22-83-93-38-39-87-79-94-49-8-99-3-26-31-72-18-23-34-61-77-59-48-6-9-52-21-11-17-24-85-2-37-64-42-4-53-62-20-81-73-19-47-30-75-36-33-14-10-82-66-27-80-40-97
Ta100x20,4,2,200,0.85,0.025,8,2230408273,17000,6532,6306,6072,5.788228164,v2_avx512_vecx_batch16_exact_perm,68-69-8-50-45-74-5-26-46-91-92-48-89-67-16-29-88-60-78-54-44-52-84-96-51-86-58-87-12-43-61-38-56-95-63-23-100-57-70-98-93-65-41-15-13-55-9-72-49-22-25-71-39-2-11-18-76-3-99-24-34-32-42-83-77-31-7-35-64-85-36-4-79-37-62-28-80-20-66-94-73-21-1-47-59-90-40-33-53-82-30-14-6-81-10-19-17-27-75-97
Ta100x20,4,2,200,0.85,0.025,9,2230409282,17000,6398,6306,6072,4.523349955,v2_avx512_vecx_batch16_exact_perm,1-69-45-44-38-60-65-51-67-5-70-71-91-50-57-74-86-79-56-29-55-26-46-32-88-9-96-76-89-52-84-13-58-8-17-2-22-100-64-98-95-25-99-33-34-7-12-77-18-92-43-78-47-16-73-41-90-68-23-39-31-87-61-54-15-72-63-3-4-24-59-49-11-94-83-19-93-21-48-6-10-35-28-75-36-37-66-42-53-30-81-85-62-20-80-27-82-14-40-97
Ta100x20,4,2,200,0.85,0.025,10,2230410291,17000,6451,6306,6072,4.81886168,v2_avx512_vecx_batch16_exact_perm,1-44-74-69-45-8-88-16-60-71-5-86-57-33-87-92-70-50-96-95-46-58-15-98-64-12-25-89-26-38-29-91-7-77-67-43-55-41-99-78-3-76-24-84-51-52-18-72-28-63-56-93-79-47-100-13-22-54-4-11-2-59-19-32-65-49-27-37-31-48-39-35-61-21-90-23-20-42-94-73-30-10-53-81-83-14-68-6-62-17-9-85-66-34-82-75-80-36-40-97
Ta100x20,4,2,200,0.85,0.05,1,2230401210,17000,6415,6306,6072,5.465931749,v2_avx512_vecx_batch16_exact_perm,1-68-44-45-8-60-67-74-5-26-71-69-91-29-16-86-56-51-46-58-38-61-79-13-88-98-64-95-57-89-50-54-96-92-65-34-93-84-55-18-2-3-15-17-25-11-63-78-87-12-99-70-41-52-43-47-39-32-48-49-9-22-72-94-100-75-23-42-76-77-20-24-21-90-37-33-59-7-73-28-85-31-35-62-81-6-36-14-10-66-83-19-4-82-27-30-53-80-40-97
Ta100x20,4,2,200,0.85,0.05,2,2230402219,17000,6369,6306,6072,4.761295715,v2_avx512_vecx_batch16_exact_perm,1-68-44-74-69-45-5-60-8-70-86-32-50-55-46-58-29-88-41-64-89-100-98-78-57-38-99-23-43-26-56-79-54-25-63-95-51-24-13-49-87-67-71-52-92-96-84-76-16-47-37-15-93-72-59-28-7-73-33-77-48-3-2-90-91-62-18-21-31-61-85-83-11-12-66-35-22-39-94-42-19-17-65-53-20-4-9-34-10-75-30-81-6-82-14-27-36-80-40-97
Ta100x20,4,2,200,0.85,0.05,3,2230403228,17000,6390,6306,6072,5.287537344,v2_avx512_vecx_batch16_exact_perm,1-68-45-60-50-69-74-44-29-5-57-8-38-86-84-52-26-56-96-35-55-93-46-79-54-67-92-95-89-98-51-70-71-28-25-99-87-43-12-7-49-100-75-58-76-15-78-20-63-13-4-11-90-91-16-41-37-94-77-21-59-88-42-47-22-64-73-2-18-10-17-3-61-24-72-48-65-36-31-83-85-32-9-6-66-39-53-34-81-23-33-30-19-14-62-27-80-82-40-97
Ta100x20,4,2,200,0.85,0.05,4,2230404237,17000,6420,6306,6072,5.323589814,v2_avx512_vecx_batch16_exact_perm,1-68-91-16-60-29-88-89-69-44-45-74-5-50-79-56-96-65-51-70-86-8-71-46-92-52-95-98-64-93-57-31-26-54-38-76-58-84-20-13-34-99-17-12-78-24-72-63-15-43-67-2-32-61-41-23-3-25-55-62-47-90-77-7-85-21-49-100-83-28-53-59-4-39-22-66-42-94-73-9-6-48-19-87-11-35-37-27-36-75-33-82-30-14-10-81-18-80-40-97
Ta100x20,4,2,200,0.85,0.05,5,2230405246,17000,6397,6306,6072,4.541475942,v2_avx512_vecx_batch16_exact_perm,1-68-44-8-16-52-51-60-56-74-69-45-89-5-63-55-29-46-96-76-95-65-38-54-58-43-86-92-77-84-88-57-50-98-3-91-9-25-93-23-79-26-71-22-70-28-15-100-21-67-4-78-99-13-35-12-11-7-59-18-31-32-24-48-64-87-73-42-62-33-83-90-49-47-41-37-2-61-39-20-85-66-19-72-94-97-30-81-14-10-17-82-6-53-34-27-75-80-36-40
Ta100x20,4,2,200,0.85,0.05,6,2230406255,17000,6475,6306,6072,5.133379969,v2_avx512_vecx_batch16_exact_perm,1-68-44-45-8-67-74-69-5-64-29-60-51-56-79-46-26-38-70-25-91-71-49-78-89-57-23-95-52-96-58-34-16-76-22-84-50-24-88-86-54-13-59-77-100-31-47-12-98-43-20-32-63-93-87-61-41-66-7-3-99-2-55-65-39-92-35-18-6-4-94-15-11-72-37-21-48-90-40-19-62-53-80-83-33-73-28-85-10-42-82-9-17-81-30-14-27-75-36-97
Ta100x20,4,2,200,0.85,0.05,7,2230407264,17000,6369,6306,6072,4.162469844,v2_avx512_vecx_batch16_exact_perm,1-68-60-8-74-5-71-38-46-44-91-50-29-43-57-86-16-51-67-45-61-56-69-12-26-79-58-15-92-78-28-88-84-63-13-64-39-100-89-31-17-95-98-94-99-18-87-11-33-25-32-70-7-24-54-96-42-83-3-72-55-34-62-65-23-2-90-47-37-93-49-22-41-20-52-9-35-85-48-76-21-6-4-77-59-73-66-27-75-36-30-81-19-53-14-10-82-80-40-97
Ta100x20,4,2,200,0.85,0.05,8,2230408273,17000,6405,6306,6072,4.498342365,v2_avx512_vecx_batch16_exact_perm,68-44-29-45-74-1-5-35-58-60-64-69-86-57-84-52-96-78-50-92-88-16-89-71-26-15-56-79-100-98-46-55-23-93-67-12-43-9-41-91-70-51-13-31-99-87-61-38-54-63-25-32-8-76-95-20-90-77-18-49-22-3-24-83-33-73-39-2-34-42-53-11-65-47-72-48-37-94-7-28-59-6-21-17-10-85-66-75-4-82-30-14-62-81-19-27-80-36-40-97
Ta100x20,4,2,200,0.85,0.05,9,2230409282,17000,6469,6306,6072,5.529622145,v2_avx512_vecx_batch16_exact_perm,68-69-44-74-50-91-67-45-29-26-16-25-46-57-5-51-86-58-70-8-92-13-71-54-38-89-52-21-88-95-77-87-60-23-61-79-63-12-78-49-56-84-32-2-39-100-7-42-93-99-96-11-35-3-20-66-18-55-98-59-31-76-64-90-62-72-22-47-15-48-28-37-41-17-43-53-24-85-1-33-6-9-34-65-36-10-73-94-81-30-14-27-4-19-83-75-82-80-40-97
Ta100x20,4,2,200,0.85,0.05,10,2230410291,17000,6428,6306,6072,5.25636937,v2_avx512_vecx_batch16_exact_perm,1-60-8-16-5-69-91-64-74-44-28-57-89-45-78-88-71-32-70-29-86-38-46-3-50-26-56-84-52-58-96-99-23-67-54-11-48-77-95-2-59-13-72-41-63-65-39-93-92-55-15-61-43-4-100-49-7-12-90-87-51-62-47-94-85-35-31-73-68-20-34-79-22-18-9-98-76-24-66-19-53-37-36-17-42-27-21-6-81-33-10-75-25-82-30-14-83-80-40-97
Ta100x20,4,2,200,0.85,0.075,1,2230401210,17000,6483,6306,6072,5.774684698,v2_avx512_vecx_batch16_exact_perm,68-44-8-69-74-45-1-56-16-67-51-5-26-12-50-29-71-46-87-54-94-38-79-60-25-86-43-89-37-41-58-98-61-28-52-63-57-84-15-92-39-49-22-99-2-95-13-78-100-76-7-93-96-42-59-32-18-20-64-70-17-24-77-72-31-48-11-23-88-35-65-9-91-4-3-55-90-47-34-53-73-33-21-75-30-85-83-10-19-66-97-36-14-27-81-82-6-62-80-40
Ta100x20,4,2,200,0.85,0.075,2,2230402219,17000,6374,6306,6072,4.520489425,v2_avx512_vecx_batch16_exact_perm,1-69-91-45-50-44-60-65-32-28-79-88-70-74-56-84-71-86-46-48-26-13-57-67-92-52-78-5-96-99-95-38-29-58-89-25-3-98-61-47-63-64-15-22-43-41-37-54-42-35-7-31-87-12-76-16-51-23-94-77-59-39-72-49-18-8-100-90-83-34-55-93-24-21-62-85-20-73-2-68-6-11-10-17-81-4-82-75-30-9-33-19-53-14-66-27-36-80-40-97
Ta100x20,4,2,200,0.85,0.075,3,2230403228,17000,6448,6306,6072,5.472730681,v2_avx512_vecx_batch16_exact_perm,1-69-8-68-5-45-67-44-92-99-29-9-91-70-16-88-71-46-55-60-86-74-79-96-56-58-89-84-43-52-26-50-15-76-64-78-54-51-22-31-18-47-49-17-13-38-61-57-87-66-95-98-7-3-25-32-24-12-93-63-48-65-90-41-20-100-59-72-10-2-33-21-19-23-39-42-37-77-62-81-28-73-30-53-4-85-11-35-94-6-40-82-14-34-83-27-75-80-36-97
Ta100x20,4,2,200,0.85,0.075,4,2230404237,17000,6382,6306,6072,4.499341869,v2_avx512_vecx_batch16_exact_perm,1-60-8-16-24-51-5-69-45-44-70-74-91-67-88-50-71-15-26-29-4-43-57-86-89-52-96-84-46-78-22-38-9-93-79-98-58-12-41-34-39-99-25-77-28-32-7-11-2-56-49-65-33-95-63-23-87-100-62-94-55-54-90-72-76-20-21-92-37-61-18-13-47-64-59-85-31-3-17-68-73-42-83-35-75-27-19-53-48-6-36-66-81-10-82-30-14-40-80-97
Ta100x20,4,2,200,0.85,0.075,5,2230405246,17000,6472,6306,6072,5.193420332,v2_avx512_vecx_batch16_exact_perm,68-91-44-8-1-60-65-74-26-69-29-16-45-56-64-7-57-38-78-86-54-43-51-58-98-99-87-46-71-92-23-84-70-52-24-89-77-88-41-59-32-18-61-15-13-95-96-72-22-50-11-79-63-55-67-31-3-25-47-49-39-20-90-34-93-100-5-33-76-48-12-21-85-9-35-4-37-53-28-19-66-94-73-82-42-30-83-10-14-62-81-75-2-6-36-27-80-17-40-97
Ta100x20,4,2,200,0.85,0.075,6,2230406255,17000,6396,6306,6072,4.614344038,v2_avx512_vecx_batch16_exact_perm,1-60-8-44-45-5-29-69-91-92-46-16-50-71-38-49-57-86-61-12-43-74-41-99-87-52-26-56-89-55-58-84-96-78-9-67-13-31-79-88-63-76-77-18-95-94-64-98-65-3-17-47-54-25-100-7-90-48-33-32-21-42-35-15-22-72-23-11-62-2-24-28-37-34-59-93-39-51-85-83-6-70-66-4-30-10-53-81-19-68-73-14-27-75-36-20-82-80-40-97
Ta100x20,4,2,200,0.85,0.075,7,2230407264,17000,6382,6306,6072,4.593634727,v2_avx512_vecx_batch16_exact_perm,1-68-91-74-69-45-67-50-8-38-52-5-51-26-89-87-63-79-23-60-71-100-57-9-29-86-46-98-76-77-25-84-58-16-99-56-15-43-7-96-95-49-92-93-31-55-18-44-70-65-78-64-88-3-42-54-22-21-37-41-28-59-72-61-47-73-2-83-39-94-85-32-13-66-62-90-14-33-24-36-4-11-35-30-81-34-75-19-20-27-6-48-12-17-10-53-82-80-40-97
Ta100x20,4,2,200,0.85,0.075,8,2230408273,17000,6399,6306,6072,5.218898476,v2_avx512_vecx_batch16_exact_perm,1-68-44-45-67-8-5-69-74-46-92-71-70-16-3-60-54-84-88-90-58-29-91-50-56-13-51-86-26-38-78-87-89-96-25-52-9-32-63-23-98-95-77-43-76-99-93-79-7-18-57-49-39-64-24-36-73-94-31-11-17-15-85-22-55-47-42-37-61-72-41-28-65-21-48-83-100-66-62-2-12-34-6-53-10-35-81-4-59-75-19-33-20-82-30-14-40-27-80-97
Ta100x20,4,2,200,0.85,0.075,9,2230409282,17000,6522,6306,6072,5.634258598,v2_avx512_vecx_batch16_exact_perm,68-44-45-8-5-60-64-29-69-46-86-51-55-67-89-74-91-57-50-99-58-38-43-31-66-22-84-32-18-26-63-95-52-87-88-7-56-24-92-70-71-3-98-54-16-65-25-11-23-96-2-93-1-61-48-72-49-40-41-13-78-79-20-12-76-100-39-77-37-21-59-42-53-47-85-94-35-62-90-15-14-30-28-4-82-34-19-73-9-33-10-81-17-6-27-36-83-75-80-97
Ta100x20,4,2,200,0.85,0.075,10,2230410291,17000,6408,6306,6072,5.203566093,v2_avx512_vecx_batch16_exact_perm,1-69-50-74-29-5-91-44-45-26-60-87-64-67-79-56-92-16-86-98-25-8-84-51-70-46-71-38-78-88-35-23-57-31-95-55-99-54-58-63-66-68-18-15-96-32-65-89-13-42-7-43-22-93-24-39-77-49-37-20-4-6-59-3-52-21-11-47-72-48-75-9-94-76-100-2-62-12-83-10-85-33-19-61-28-81-82-41-30-73-14-90-17-34-27-53-80-36-40-97
Ta100x20,4,2,200,0.85,0.1,1,2230401210,17000,6387,6306,6072,4.891568934,v2_avx512_vecx_batch16_exact_perm,1-68-44-74-69-29-90-45-26-56-79-50-91-55-67-52-92-88-84-5-8-71-16-51-46-98-38-58-89-32-64-70-78-96-25-86-93-57-54-63-31-23-60-87-11-99-13-95-94-22-17-42-43-18-12-83-7-49-76-24-15-100-39-61-28-77-4-3-21-53-35-59-41-66-65-37-9-30-19-72-27-34-81-47-75-85-20-73-2-6-48-62-33-14-10-80-82-40-36-97
Ta100x20,4,2,200,0.85,0.1,2,2230402219,17000,6369,6306,6072,4.991852254,v2_avx512_vecx_batch16_exact_perm,1-68-5-44-91-74-16-56-71-69-45-92-99-78-88-29-38-65-32-98-3-95-52-12-57-50-43-89-46-26-96-86-25-55-51-60-63-8-93-22-54-15-49-79-41-58-24-75-87-84-76-83-23-70-2-18-61-31-30-39-72-11-17-53-67-77-7-47-13-21-48-35-59-64-28-85-37-73-42-90-4-20-66-62-81-14-94-6-100-19-34-10-9-33-36-27-82-80-40-97
Ta100x20,4,2,200,0.85,0.1,3,2230403228,17000,6444,6306,6072,5.229775053,v2_avx512_vecx_batch16_exact_perm,1-68-44-65-5-8-45-69-74-60-29-86-26-92-99-43-16-55-46-12-88-96-9-91-67-51-38-50-58-89-13-78-56-25-11-98-71-70-32-2-84-37-18-15-93-72-31-41-47-76-23-35-42-22-95-57-54-3-52-63-77-90-61-87-79-94-64-21-48-6-36-59-39-30-83-20-85-66-7-100-24-17-49-27-4-73-28-53-75-82-34-19-33-14-10-62-81-40-80-97
Ta100x20,4,2,200,0.85,0.1,4,2230404237,17000,6509,6306,6072,5.286096798,v2_avx512_vecx_batch16_exact_perm,68-1-44-8-45-15-69-5-46-91-99-38-51-67-74-83-26-88-79-16-86-58-25-57-92-54-63-96-28-84-23-33-29-70-59-76-71-95-52-13-32-43-89-50-93-24-12-60-3-66-98-22-18-41-77-78-39-11-30-56-64-55-7-9-65-72-31-35-4-87-62-20-85-94-100-53-90-48-21-49-37-75-47-42-2-27-73-36-81-82-6-10-80-61-14-19-34-17-40-97
Ta100x20,4,2,200,0.85,0.1,5,2230405246,17000,6369,6306,6072,5.044509169,v2_avx512_vecx_batch16_exact_perm,1-44-79-69-91-45-5-38-26-67-74-50-51-29-54-56-92-70-84-58-88-16-60-17-46-86-8-71-55-98-11-25-89-2-61-32-18-99-78-9-64-87-24-63-7-33-57-100-13-95-31-96-65-90-76-23-77-59-43-39-22-37-68-41-52-21-15-3-94-93-85-12-66-47-48-72-6-42-62-53-28-83-4-19-20-81-73-34-35-10-75-82-30-14-49-27-36-80-40-97
Ta100x20,4,2,200,0.85,0.1,6,2230406255,17000,6432,6306,6072,5.327467473,v2_avx512_vecx_batch16_exact_perm,1-8-45-69-50-5-91-74-51-44-55-67-84-28-46-56-57-79-49-89-52-86-71-26-88-92-70-78-98-40-58-95-43-24-41-29-12-65-63-38-7-25-76-64-54-87-22-96-93-60-32-15-16-77-83-18-61-11-31-39-2-13-34-33-99-100-59-21-23-85-37-3-9-17-90-35-30-4-81-42-73-53-19-48-72-62-20-66-94-82-47-6-10-68-14-75-36-27-80-97
Ta100x20,4,2,200,0.85,0.1,7,2230407264,17000,6535,6306,6072,5.403761423,v2_avx512_vecx_batch16_exact_perm,1-68-60-44-65-51-8-69-45-5-86-70-46-26-55-25-74-99-7-92-78-96-15-16-12-91-56-71-88-38-50-64-41-49-13-58-57-98-94-100-54-3-73-95-89-59-76-52-39-63-17-43-84-22-20-67-48-23-42-90-61-53-21-29-18-31-77-32-93-10-6-9-2-87-4-11-72-82-24-28-37-34-79-62-85-47-30-83-14-66-19-33-81-27-35-80-36-40-75-97
Ta100x20,4,2,200,0.85,0.1,8,2230408273,17000,6430,6306,6072,5.338146323,v2_avx512_vecx_batch16_exact_perm,1-8-5-45-44-60-74-16-64-57-69-56-86-91-51-50-55-54-67-22-92-46-66-58-26-42-68-63-79-13-11-29-88-24-84-89-71-38-76-95-78-15-96-70-25-52-87-32-9-99-2-17-37-59-7-77-43-18-49-12-100-93-83-34-90-4-20-3-85-19-72-41-35-82-39-31-94-61-47-98-53-6-81-48-65-28-30-62-21-14-27-73-10-75-33-23-80-36-40-97
Ta100x20,4,2,200,0.85,0.1,9,2230409282,17000,6432,6306,6072,5.22432502,v2_avx512_vecx_batch16_exact_perm,68-44-74-5-60-8-70-46-79-88-50-91-29-86-57-51-63-55-69-52-67-23-45-26-56-89-43-99-38-71-98-95-65-92-78-25-16-77-84-7-13-24-32-58-15-12-54-11-1-2-87-93-31-62-22-18-96-47-9-10-72-76-28-73-59-17-66-85-61-83-90-39-21-100-20-34-35-82-41-37-33-42-14-53-48-75-30-6-64-81-94-3-4-80-49-19-27-36-40-97
Ta100x20,4,2,200,0.85,0.1,10,2230410291,17000,6408,6306,6072,4.689704934,v2_avx512_vecx_batch16_exact_perm,1-68-91-74-51-69-50-84-60-15-58-8-66-67-45-5-71-46-92-44-26-28-22-70-100-9-98-89-52-88-99-61-41-57-2-32-86-29-93-77-38-13-16-54-56-3-25-96-6-42-59-95-83-53-79-17-55-62-43-76-78-18-63-64-31-87-23-90-72-37-49-48-94-39-7-33-12-47-20-24-73-34-65-21-19-35-30-11-4-81-75-82-14-27-85-10-80-36-40-97
Ta100x20,4,2,200,0.85,0.125,1,2230401210,17000,6526,6306,6072,5.251782247,v2_avx512_vecx_batch16_exact_perm,68-44-74-1-69-65-5-91-96-89-60-16-88-45-51-67-63-50-8-29-57-86-70-93-79-56-71-55-28-84-7-100-94-46-38-3-99-58-49-54-12-32-15-6-87-92-98-24-95-39-43-41-22-26-61-25-77-2-13-18-31-64-35-4-83-23-78-90-11-59-37-36-85-66-9-76-48-72-52-82-42-73-53-27-21-47-33-19-75-20-14-34-81-10-97-30-80-62-17-40
Ta100x20,4,2,200,0.85,0.125,2,2230402219,17000,6405,6306,6072,4.9985395,v2_avx512_vecx_batch16_exact_perm,68-51-69-91-50-8-45-74-98-64-89-57-1-86-94-60-58-29-56-46-25-11-63-65-96-38-71-67-78-55-26-83-18-31-15-72-92-5-61-88-16-13-93-66-44-48-79-39-76-54-32-2-59-7-99-87-49-23-52-95-84-22-24-77-41-35-70-12-20-34-100-47-53-43-3-4-90-21-37-28-85-30-75-9-42-6-17-62-81-10-82-19-14-27-73-80-33-36-40-97
Ta100x20,4,2,200,0.85,0.125,3,2230403228,17000,6419,6306,6072,5.483133963,v2_avx512_vecx_batch16_exact_perm,1-60-68-44-45-74-5-69-46-64-67-92-50-57-29-88-86-26-78-28-71-13-95-16-56-25-8-96-70-54-99-79-24-91-84-63-23-34-17-93-2-41-58-100-4-32-89-12-65-90-98-51-18-77-7-66-22-61-85-39-87-20-49-3-55-76-43-31-15-53-72-52-48-38-62-19-83-59-47-21-35-10-37-94-14-6-81-97-73-42-11-82-27-33-30-9-75-80-36-40
Ta100x20,4,2,200,0.85,0.125,4,2230404237,17000,6492,6306,6072,5.465821101,v2_avx512_vecx_batch16_exact_perm,1-68-69-44-45-29-8-5-50-91-60-99-57-86-92-95-74-56-55-78-38-84-67-46-63-13-58-24-43-79-88-25-65-41-71-11-98-59-54-2-96-26-89-52-22-49-3-32-23-51-77-70-16-94-93-12-87-39-9-31-37-15-33-76-19-36-72-100-4-7-66-42-18-47-34-21-83-35-73-14-90-61-85-53-20-48-64-75-6-80-62-28-10-81-17-82-30-27-40-97
Ta100x20,4,2,200,0.85,0.125,5,2230405246,17000,6537,6306,6072,5.436850246,v2_avx512_vecx_batch16_exact_perm,1-69-29-68-5-74-44-86-56-45-8-52-67-70-88-91-16-38-35-12-32-63-89-60-57-71-9-13-84-58-79-43-41-46-96-65-78-92-11-18-26-25-90-54-76-31-77-3-50-99-49-55-98-51-22-95-2-15-4-100-7-93-17-94-87-23-59-64-20-28-72-21-53-66-62-85-48-24-19-34-61-33-6-42-10-39-36-37-81-27-82-47-80-73-30-14-83-40-75-97
Ta100x20,4,2,200,0.85,0.125,6,2230406255,17000,6469,6306,6072,5.700550192,v2_avx512_vecx_batch16_exact_perm,1-69-8-86-60-13-78-92-5-45-38-91-88-26-95-50-44-52-96-74-41-57-46-63-56-100-84-68-16-89-99-29-65-98-51-76-58-39-70-43-24-20-31-23-94-54-67-22-7-87-55-79-25-71-32-83-47-33-90-14-21-37-3-35-64-15-12-48-93-18-59-73-42-77-49-19-66-61-28-11-4-53-2-62-85-72-10-30-9-17-82-81-6-34-75-27-80-36-40-97
Ta100x20,4,2,200,0.85,0.125,7,2230407264,17000,6451,6306,6072,5.541413763,v2_avx512_vecx_batch16_exact_perm,1-68-44-45-60-8-16-74-29-5-69-95-57-46-51-88-86-91-67-84-79-71-56-38-55-54-63-26-94-3-28-7-87-92-52-98-23-12-58-89-50-25-96-77-76-49-13-9-61-100-41-70-43-15-39-99-48-35-65-11-93-42-24-31-18-32-21-64-22-2-37-83-19-34-47-59-33-78-73-90-53-20-72-85-10-17-30-81-82-4-6-14-62-66-27-75-80-36-40-97
Ta100x20,4,2,200,0.85,0.125,8,2230408273,17000,6471,6306,6072,5.347638021,v2_avx512_vecx_batch16_exact_perm,1-68-64-44-69-91-50-74-26-5-29-98-67-60-71-51-8-46-55-38-16-22-86-99-96-77-15-58-79-24-49-89-88-63-92-57-70-45-84-13-25-7-54-72-3-95-41-2-47-37-56-43-52-42-32-39-12-9-85-65-14-23-94-21-35-100-93-4-18-76-78-61-90-73-28-53-11-87-33-83-59-48-80-31-75-66-62-20-81-10-6-97-19-34-17-82-30-27-36-40
Ta100x20,4,2,200,0.85,0.125,9,2230409282,17000,6374,6306,6072,4.471630586,v2_avx512_vecx_batch16_exact_perm,1-68-44-69-45-5-91-50-29-67-79-88-71-87-23-16-86-26-38-54-58-56-92-84-13-74-93-89-41-55-60-8-98-99-22-76-52-9-96-95-63-57-66-78-25-48-46-11-65-17-43-7-18-24-32-42-12-28-100-83-62-34-51-47-70-72-31-15-61-59-77-21-37-49-90-20-2-3-64-6-10-39-94-73-19-33-35-53-4-30-81-14-75-36-27-85-82-80-40-97
Ta100x20,4,2,200,0.85,0.125,10,2230410291,17000,6447,6306,6072,5.453391651,v2_avx512_vecx_batch16_exact_perm,1-44-60-74-70-69-89-45-50-8-68-52-12-84-67-29-5-87-7-55-71-79-86-38-54-46-26-88-56-51-96-58-34-15-64-98-92-72-3-9-28-25-99-22-93-18-57-13-95-65-77-31-43-32-78-63-41-23-39-91-76-37-94-53-36-100-24-11-16-47-48-90-2-49-21-17-61-85-66-4-42-19-83-35-6-20-59-73-10-75-33-81-80-62-82-30-14-27-40-97
Ta100x20,4,2,200,0.8875,0.025,1,2230401210,17000,6500,6306,6072,5.34971787,v2_avx512_vecx_batch16_exact_perm,1-60-8-74-5-69-45-50-29-91-44-68-90-92-89-96-16-58-65-88-23-86-54-57-43-67-2-71-51-46-26-32-12-78-84-76-41-52-70-47-55-98-3-56-7-25-53-13-39-38-100-49-31-95-61-63-77-59-35-79-48-93-64-22-72-4-18-42-11-28-15-99-66-24-6-94-21-37-20-87-36-40-82-10-73-62-9-85-17-30-81-19-14-34-83-27-75-33-80-97
Ta100x20,4,2,200,0.8875,0.025,2,2230402219,17000,6436,6306,6072,4.798589713,v2_avx512_vecx_batch16_exact_perm,68-44-29-1-45-25-5-46-67-51-84-28-70-86-15-88-71-69-99-74-13-58-50-87-43-3-79-56-64-16-89-91-26-63-94-17-24-52-95-49-96-8-57-38-22-92-93-54-98-12-60-62-35-21-100-78-65-47-48-18-31-72-11-55-53-34-7-33-37-41-20-76-2-39-59-23-75-42-6-61-14-4-9-85-82-83-73-77-30-10-90-32-81-19-66-27-36-80-40-97
Ta100x20,4,2,200,0.8875,0.025,3,2230403228,17000,6408,6306,6072,5.176797861,v2_avx512_vecx_batch16_exact_perm,1-68-44-45-8-60-5-29-91-95-50-74-16-26-51-57-89-52-63-98-48-86-69-84-25-46-71-38-65-99-96-70-11-49-78-77-67-15-24-22-13-7-72-55-58-64-56-32-43-9-31-87-93-18-39-79-92-88-54-94-62-76-3-28-2-23-4-37-90-41-100-21-61-12-85-35-47-73-59-42-30-53-14-34-83-75-19-33-82-6-81-10-17-20-66-27-80-36-40-97
Ta100x20,4,2,200,0.8875,0.025,4,2230404237,17000,6435,6306,6072,4.806458434,v2_avx512_vecx_batch16_exact_perm,1-60-8-74-69-44-5-92-64-91-89-68-71-50-55-45-56-84-46-16-52-51-67-57-96-86-77-32-12-78-26-13-95-63-38-28-23-100-70-87-25-61-29-9-3-79-34-47-98-58-90-22-17-76-54-49-99-43-24-7-20-88-41-31-39-35-37-18-73-2-94-48-4-59-11-53-42-15-72-19-33-62-85-21-66-27-65-36-83-81-10-93-14-75-82-30-6-80-40-97
Ta100x20,4,2,200,0.8875,0.025,5,2230405246,17000,6369,6306,6072,4.6639738,v2_avx512_vecx_batch16_exact_perm,1-68-5-44-91-50-8-45-67-70-13-74-56-84-86-51-46-58-69-88-29-16-71-23-15-78-26-96-95-60-57-89-52-99-83-41-100-43-7-65-98-38-77-32-79-76-93-25-49-12-18-54-39-92-87-61-9-63-66-22-27-90-11-33-47-17-31-72-85-94-3-24-48-21-35-59-64-6-28-37-36-14-4-75-53-55-62-2-42-30-81-73-20-19-34-10-82-80-40-97
Ta100x20,4,2,200,0.8875,0.025,6,2230406255,17000,6486,6306,6072,5.611587725,v2_avx512_vecx_batch16_exact_perm,1-69-91-8-44-45-74-70-5-56-79-88-99-38-32-51-46-55-23-60-58-50-16-67-98-71-86-63-77-78-26-41-48-87-52-96-25-89-84-49-72-22-43-24-29-64-15-61-76-57-3-7-11-33-18-90-2-83-12-94-62-100-54-95-92-4-28-85-68-39-37-66-21-36-59-65-53-47-13-35-9-93-6-75-42-31-20-10-82-81-19-30-14-73-34-27-80-17-40-97
Ta100x20,4,2,200,0.8875,0.025,7,2230407264,17000,6369,6306,6072,5.585421193,v2_avx512_vecx_batch16_exact_perm,1-60-8-74-69-45-5-68-44-29-87-64-84-26-94-50-96-16-70-52-3-57-86-46-54-88-51-55-56-71-79-11-67-35-15-63-92-90-91-41-43-22-99-77-31-98-95-37-58-89-2-25-18-61-23-13-21-17-78-76-38-65-32-12-72-93-100-47-48-59-49-7-20-39-66-34-73-24-85-62-28-83-42-4-9-75-53-30-10-81-6-19-33-14-36-27-82-80-40-97
Ta100x20,4,2,200,0.8875,0.025,8,2230408273,17000,6369,6306,6072,4.681234992,v2_avx512_vecx_batch16_exact_perm,1-68-44-45-74-5-69-8-79-76-16-88-29-60-46-26-99-67-51-91-78-12-89-38-58-43-31-57-86-63-23-65-70-84-56-11-71-50-2-49-87-61-95-96-54-52-18-92-98-9-93-33-22-100-15-4-7-55-72-39-3-42-41-37-83-28-25-32-59-47-13-62-48-6-90-35-21-64-77-94-81-10-85-24-73-17-53-34-20-75-82-30-14-19-66-27-36-80-40-97
Ta100x20,4,2,200,0.8875,0.025,9,2230409282,17000,6355,6306,6072,4.598424745,v2_avx512_vecx_batch16_exact_perm,1-69-8-16-60-3-68-44-45-74-91-67-29-64-26-78-38-43-57-86-54-58-46-23-56-50-55-5-92-63-95-89-13-96-24-32-90-76-88-84-70-71-2-61-49-99-51-18-7-87-79-33-20-25-17-31-22-93-9-100-98-6-39-59-41-72-48-37-94-28-12-62-85-21-66-65-11-34-35-47-52-81-73-42-83-19-77-10-4-82-75-15-97-30-14-27-53-80-36-40
Ta100x20,4,2,200,0.8875,0.025,10,2230410291,17000,6411,6306,6072,5.226601977,v2_avx512_vecx_batch16_exact_perm,1-68-44-5-69-50-74-91-67-45-8-76-29-16-46-56-79-88-84-58-63-86-38-26-15-92-98-71-95-89-60-78-51-70-52-3-13-54-99-23-93-96-57-24-64-87-2-49-72-11-25-65-18-47-12-48-43-83-21-34-100-7-59-39-94-35-32-41-77-55-90-27-36-22-28-37-31-61-85-4-73-9-66-75-42-53-33-30-19-81-17-20-6-10-62-80-82-14-40-97
Ta100x20,4,2,200,0.8875,0.05,1,2230401210,17000,6483,6306,6072,6.083206528,v2_avx512_vecx_batch16_exact_perm,1-68-91-44-51-70-8-46-60-5-79-74-56-57-23-89-69-45-58-92-29-95-43-13-54-98-84-9-67-52-76-71-2-86-78-26-18-32-50-38-96-88-77-99-25-93-15-55-83-3-7-20-39-65-63-87-49-11-90-31-16-47-12-61-48-72-42-22-41-64-100-94-21-35-28-73-37-66-24-85-4-19-53-27-36-14-30-17-59-10-81-6-34-75-82-33-80-62-40-97
Ta100x20,4,2,200,0.8875,0.05,2,2230402219,17000,6503,6306,6072,5.739431132,v2_avx512_vecx_batch16_exact_perm,50-44-74-60-16-88-51-65-5-69-87-1-45-84-56-61-79-8-67-23-38-78-86-70-55-54-94-26-92-93-29-64-58-89-2-100-98-18-68-22-43-96-99-49-25-71-12-57-13-41-32-77-95-63-52-47-46-76-3-90-42-21-37-31-85-17-72-20-15-7-39-91-66-11-62-59-48-24-81-6-28-9-4-36-35-83-53-82-30-73-27-19-34-33-14-10-75-80-40-97
Ta100x20,4,2,200,0.8875,0.05,3,2230403228,17000,6451,6306,6072,5.472847079,v2_avx512_vecx_batch16_exact_perm,1-60-8-44-69-74-70-29-5-91-45-86-57-50-89-46-92-38-84-49-52-25-71-12-95-58-41-98-78-43-67-79-51-26-9-56-88-93-68-99-100-18-21-96-16-73-13-54-76-77-32-15-59-94-39-11-23-55-2-63-17-61-72-7-66-65-85-24-48-22-31-87-19-64-37-42-20-34-90-47-53-33-3-30-83-81-28-4-6-35-82-10-14-62-27-75-80-36-40-97
Ta100x20,4,2,200,0.8875,0.05,4,2230404237,17000,6467,6306,6072,5.781236882,v2_avx512_vecx_batch16_exact_perm,1-68-44-8-45-5-60-74-64-29-69-88-50-71-91-15-26-12-3-98-96-58-92-89-52-95-70-93-25-56-51-46-67-79-32-57-13-38-84-2-78-41-61-39-43-86-87-94-65-99-16-22-54-23-42-11-100-63-9-72-49-59-21-85-55-7-77-37-6-47-76-24-62-81-48-73-90-31-35-20-66-83-4-18-28-34-75-10-53-30-33-19-80-27-36-82-14-40-17-97
Ta100x20,4,2,200,0.8875,0.05,5,2230405246,17000,6408,6306,6072,4.87936648,v2_avx512_vecx_batch16_exact_perm,1-8-5-91-44-74-69-45-16-92-60-46-89-71-50-52-26-55-86-57-49-51-38-56-29-99-70-78-84-88-68-100-7-58-98-54-96-25-67-66-22-77-32-95-23-39-61-62-2-87-18-64-47-24-13-34-15-12-41-43-63-76-37-28-3-4-65-94-59-73-9-31-93-17-85-30-79-11-90-42-83-53-72-48-21-35-6-19-33-75-20-27-82-81-14-10-80-36-40-97
Ta100x20,4,2,200,0.8875,0.05,6,2230406255,17000,6366,6306,6072,5.714405442,v2_avx512_vecx_batch16_exact_perm,1-38-60-8-5-69-50-74-44-57-29-86-91-71-16-45-58-15-55-46-89-26-56-100-98-92-11-25-99-70-78-79-88-43-67-51-84-28-63-95-52-22-77-49-12-96-61-87-54-7-76-64-18-2-47-32-34-39-13-24-62-23-72-93-41-31-48-65-90-37-4-36-20-17-9-35-85-30-21-10-75-3-66-68-73-94-53-81-6-59-19-42-83-82-33-14-40-27-80-97
Ta100x20,4,2,200,0.8875,0.05,7,2230407264,17000,6458,6306,6072,6.16164337,v2_avx512_vecx_batch16_exact_perm,50-44-8-45-69-74-60-70-46-65-58-1-5-87-89-52-92-84-96-16-86-17-93-56-51-79-99-57-26-43-78-12-15-13-38-67-98-22-31-95-64-35-41-61-88-47-25-55-18-24-21-91-29-23-71-63-3-42-62-72-77-59-39-9-83-6-4-53-54-49-48-7-76-32-28-90-85-2-11-37-94-81-20-75-66-100-68-80-36-10-82-27-73-33-30-14-19-34-40-97
Ta100x20,4,2,200,0.8875,0.05,8,2230408273,17000,6397,6306,6072,5.507622455,v2_avx512_vecx_batch16_exact_perm,1-68-44-29-5-60-8-74-16-56-58-69-64-46-87-51-89-71-45-70-13-86-94-88-96-84-52-95-26-50-65-48-99-43-98-100-12-25-54-63-78-57-79-67-38-93-15-32-92-7-77-72-31-55-18-42-24-83-37-22-49-47-3-2-76-23-39-20-30-90-61-21-35-85-6-4-59-73-9-91-62-66-27-11-28-53-19-34-33-81-97-17-82-41-14-10-75-80-36-40
Ta100x20,4,2,200,0.8875,0.05,9,2230409282,17000,6426,6306,6072,5.369143081,v2_avx512_vecx_batch16_exact_perm,1-44-60-74-29-5-69-8-57-86-45-67-46-92-16-76-71-64-99-28-91-98-95-63-52-89-58-38-84-31-56-100-88-50-26-32-78-79-51-18-43-65-70-93-22-41-13-12-3-68-54-96-77-15-87-21-37-39-25-59-55-23-9-72-20-73-2-61-4-7-33-11-34-90-24-48-53-49-47-35-85-62-94-30-14-19-42-83-66-75-36-27-17-10-82-81-6-40-80-97
Ta100x20,4,2,200,0.8875,0.05,10,2230410291,17000,6461,6306,6072,6.2486856,v2_avx512_vecx_batch16_exact_perm,1-69-8-5-74-60-91-44-45-70-67-51-32-56-29-46-16-92-86-17-18-64-93-57-2-65-98-89-99-58-71-84-88-15-3-52-41-50-95-43-48-79-62-12-31-87-63-77-22-38-49-54-72-76-26-94-96-25-30-11-47-23-59-35-55-78-24-73-61-39-28-7-85-20-21-13-90-53-42-83-34-100-4-19-9-36-37-10-66-81-68-14-6-27-75-82-33-80-40-97
Ta100x20,4,2,200,0.8875,0.075,1,2230401210,17000,6435,6306,6072,5.22202878,v2_avx512_vecx_batch16_exact_perm,1-68-44-45-60-8-69-65-5-51-16-91-89-74-29-79-58-56-64-86-71-55-88-46-57-26-92-13-84-38-50-31-83-25-67-41-99-66-70-52-7-87-39-43-12-76-94-54-18-78-37-15-23-63-77-96-98-32-3-90-17-59-49-22-95-100-24-93-42-21-72-9-61-85-47-2-11-33-53-28-73-4-20-48-75-82-34-35-30-6-81-10-62-80-14-19-27-36-40-97
Ta100x20,4,2,200,0.8875,0.075,2,2230402219,17000,6398,6306,6072,4.680692136,v2_avx512_vecx_batch16_exact_perm,68-45-69-8-5-74-50-57-88-51-91-1-46-86-55-58-29-38-32-56-89-26-43-44-52-96-54-7-92-64-60-18-2-76-99-3-24-63-84-71-28-98-61-70-25-47-67-13-11-41-79-35-87-31-95-73-78-59-23-17-16-15-93-39-94-100-53-21-48-65-42-30-90-77-49-22-33-83-14-37-72-4-75-62-9-66-85-10-20-82-27-6-19-34-81-12-36-80-40-97
Ta100x20,4,2,200,0.8875,0.075,3,2230403228,17000,6390,6306,6072,3.986007237,v2_avx512_vecx_batch16_exact_perm,1-68-44-45-60-8-50-52-69-16-88-70-78-46-57-86-91-71-5-51-67-99-96-54-74-98-92-38-61-23-76-100-95-58-49-12-84-43-56-18-77-63-64-25-48-79-3-28-89-93-26-94-17-65-55-41-29-72-7-66-24-87-22-42-47-32-13-59-83-39-9-31-35-21-37-85-30-11-15-33-4-73-90-34-75-62-2-20-53-81-6-10-80-19-36-27-82-14-40-97
Ta100x20,4,2,200,0.8875,0.075,4,2230404237,17000,6509,6306,6072,5.220300173,v2_avx512_vecx_batch16_exact_perm,1-68-44-60-8-5-74-91-12-46-69-88-92-50-45-86-29-58-51-57-98-70-99-43-38-52-79-56-84-63-39-3-25-49-23-34-54-89-20-77-16-26-78-18-37-87-67-9-13-31-95-22-32-96-93-76-90-24-65-41-48-47-73-55-61-2-71-94-11-72-42-21-15-66-17-19-7-6-85-35-59-64-53-36-27-4-82-100-28-30-10-83-62-33-14-75-81-80-40-97
Ta100x20,4,2,200,0.8875,0.075,5,2230405246,17000,6500,6306,6072,5.086336923,v2_avx512_vecx_batch16_exact_perm,68-44-45-60-8-74-69-5-88-91-50-29-32-1-78-95-92-47-99-18-46-52-26-96-56-9-79-71-23-70-58-98-25-86-61-16-51-89-17-64-54-35-57-13-36-49-12-87-55-7-38-84-22-31-93-37-33-15-20-65-43-3-40-72-39-48-42-24-41-11-67-53-2-90-73-63-59-100-28-10-76-21-94-6-4-82-77-83-81-85-30-19-34-14-27-62-66-75-80-97
Ta100x20,4,2,200,0.8875,0.075,6,2230406255,17000,6437,6306,6072,5.464283709,v2_avx512_vecx_batch16_exact_perm,1-44-74-69-5-60-8-29-86-51-46-88-91-16-50-45-67-23-57-87-99-54-43-38-63-84-89-52-92-95-15-58-41-70-35-77-68-22-7-55-49-26-96-56-25-79-100-93-32-98-65-18-48-71-78-90-47-17-13-59-21-12-64-11-3-72-42-20-30-53-83-10-76-73-9-2-66-85-34-39-37-33-31-82-62-81-24-4-28-14-61-75-80-94-6-19-27-36-40-97
Ta100x20,4,2,200,0.8875,0.075,7,2230407264,17000,6404,6306,6072,5.61788347,v2_avx512_vecx_batch16_exact_perm,1-68-5-8-44-45-86-91-74-29-12-98-64-88-51-57-63-60-71-79-70-15-7-100-46-87-54-67-69-92-38-84-52-93-39-96-56-23-72-78-16-58-41-55-26-25-83-2-11-50-32-49-89-77-18-99-17-43-22-13-95-33-3-24-31-76-59-48-65-90-21-40-37-73-28-61-42-6-9-53-4-47-34-66-75-20-19-81-94-85-14-10-35-82-30-62-27-80-36-97
Ta100x20,4,2,200,0.8875,0.075,8,2230408273,17000,6535,6306,6072,5.697426618,v2_avx512_vecx_batch16_exact_perm,1-68-44-45-8-60-5-74-29-69-98-92-84-46-58-86-56-55-16-26-91-38-51-72-71-70-95-50-15-88-67-96-25-13-12-9-65-99-63-33-2-57-3-52-41-22-23-100-87-32-76-89-54-34-61-64-43-93-49-24-39-79-4-18-17-28-35-53-7-85-30-20-11-31-78-19-90-48-66-27-59-37-21-73-77-36-47-10-6-94-80-81-42-82-14-83-62-40-75-97
Ta100x20,4,2,200,0.8875,0.075,9,2230409282,17000,6431,6306,6072,5.452244891,v2_avx512_vecx_batch16_exact_perm,1-68-44-60-8-65-74-45-69-5-71-89-16-88-29-100-98-99-78-46-38-67-51-23-55-86-57-52-91-84-92-50-95-58-26-56-70-13-41-83-77-18-79-61-96-63-76-25-17-24-49-3-43-15-12-62-59-93-54-31-87-64-28-7-72-48-32-94-47-85-90-6-22-9-33-73-42-21-35-37-39-20-4-2-82-81-30-11-19-66-34-14-10-75-53-80-36-27-40-97
Ta100x20,4,2,200,0.8875,0.075,10,2230410291,17000,6408,6306,6072,5.377916426,v2_avx512_vecx_batch16_exact_perm,1-68-5-91-46-44-8-69-45-74-60-92-16-86-29-88-50-57-89-96-51-52-84-70-58-56-26-71-98-12-78-3-64-15-38-35-54-25-43-67-31-13-95-2-99-32-93-41-11-79-18-61-63-87-23-65-55-7-47-22-49-66-42-39-83-100-90-21-4-62-28-48-76-73-24-37-20-33-72-9-85-19-77-94-6-59-81-17-34-82-30-10-75-14-53-27-80-36-40-97
Ta100x20,4,2,200,0.8875,0.1,1,2230401210,17000,6503,6306,6072,5.70295569,v2_avx512_vecx_batch16_exact_perm,1-68-44-51-69-65-60-32-5-8-16-71-38-78-50-25-58-89-74-26-29-45-57-70-67-22-46-28-52-86-48-13-96-64-91-84-63-95-56-100-88-12-54-41-72-31-3-43-99-36-98-76-18-24-79-59-33-47-23-49-14-93-17-61-7-87-9-53-6-21-55-15-39-35-92-37-94-85-90-4-62-66-20-42-27-73-2-11-30-81-10-82-77-19-34-83-40-75-80-97
Ta100x20,4,2,200,0.8875,0.1,2,2230402219,17000,6442,6306,6072,5.930282506,v2_avx512_vecx_batch16_exact_perm,1-68-44-60-8-74-29-5-91-23-69-45-57-46-86-51-43-88-78-79-12-58-66-47-56-31-50-16-96-67-26-89-92-65-54-71-70-98-99-93-13-32-7-39-87-38-9-52-18-3-55-35-84-24-49-63-41-59-22-64-77-72-15-20-48-95-25-83-36-76-11-90-100-4-94-75-28-61-73-2-85-62-30-53-81-42-6-14-37-27-21-17-10-80-82-19-34-33-40-97
Ta100x20,4,2,200,0.8875,0.1,3,2230403228,17000,6535,6306,6072,5.735008578,v2_avx512_vecx_batch16_exact_perm,1-68-91-8-44-45-60-70-46-74-58-29-69-67-23-5-55-86-99-92-50-88-56-38-84-43-87-95-52-61-7-54-18-98-51-21-71-100-57-79-28-59-63-47-77-49-12-89-93-96-26-25-13-32-15-2-22-11-90-41-78-72-37-3-42-31-48-16-64-35-24-39-76-66-65-36-83-85-9-27-94-20-62-81-82-4-14-73-30-6-10-33-19-53-80-17-34-40-75-97
Ta100x20,4,2,200,0.8875,0.1,4,2230404237,17000,6455,6306,6072,6.101969783,v2_avx512_vecx_batch16_exact_perm,1-60-91-50-74-5-55-44-69-51-46-65-8-54-45-56-86-79-77-88-92-16-63-84-68-64-3-28-70-25-61-38-58-26-29-87-89-78-18-43-99-52-67-96-23-98-11-71-57-76-13-15-22-2-12-100-7-35-93-31-95-47-4-42-24-49-72-73-83-39-41-62-20-59-94-33-90-53-48-85-32-21-19-66-34-14-37-75-82-30-10-81-6-9-27-36-80-17-40-97
Ta100x20,4,2,200,0.8875,0.1,5,2230405246,17000,6441,6306,6072,5.481284232,v2_avx512_vecx_batch16_exact_perm,1-69-45-44-74-86-60-50-5-65-51-26-13-38-56-32-8-16-88-70-29-90-91-76-84-78-58-95-43-46-41-99-2-25-63-9-52-18-22-98-79-77-57-61-28-96-39-3-12-71-54-72-87-34-67-23-89-11-55-53-94-68-64-20-85-37-24-17-42-21-7-92-47-100-66-59-30-6-93-15-48-62-31-81-33-4-10-19-49-14-35-27-73-75-36-83-80-82-40-97
Ta100x20,4,2,200,0.8875,0.1,6,2230406255,17000,6408,6306,6072,5.376974712,v2_avx512_vecx_batch16_exact_perm,1-68-44-45-8-70-74-91-52-5-69-84-38-89-88-71-79-16-56-50-29-26-86-57-96-13-9-99-60-58-43-12-92-76-46-61-98-3-87-54-18-23-25-63-64-95-28-15-32-22-78-55-39-67-51-35-41-14-37-31-2-72-93-24-47-59-7-49-100-48-4-90-33-17-65-30-73-21-11-62-94-85-53-10-77-19-34-82-66-83-6-81-42-75-20-27-80-36-40-97
Ta100x20,4,2,200,0.8875,0.1,7,2230407264,17000,6450,6306,6072,5.578827607,v2_avx512_vecx_batch16_exact_perm,1-68-44-45-69-65-5-60-16-91-8-7-88-89-29-70-41-99-74-51-57-50-13-52-67-71-38-98-86-54-25-32-46-21-26-56-92-3-84-15-49-79-90-77-58-78-12-55-93-2-63-47-100-37-96-95-31-42-28-48-10-24-72-18-61-22-64-87-83-17-85-11-94-34-23-43-39-76-20-73-59-82-66-4-9-35-30-75-19-53-81-33-14-6-62-27-80-97-36-40
Ta100x20,4,2,200,0.8875,0.1,8,2230408273,17000,6466,6306,6072,5.430322109,v2_avx512_vecx_batch16_exact_perm,1-69-8-44-74-16-60-29-5-45-86-91-57-96-76-99-71-26-56-78-64-51-38-50-100-88-12-98-65-18-84-89-43-46-95-58-33-25-31-67-9-13-93-15-21-79-23-63-32-68-87-4-11-54-92-59-35-70-41-72-7-52-37-47-20-22-17-19-2-73-61-24-49-85-94-77-90-3-53-14-55-39-81-42-66-48-6-10-62-28-34-82-83-30-75-80-27-36-40-97
Ta100x20,4,2,200,0.8875,0.1,9,2230409282,17000,6379,6306,6072,5.167212735,v2_avx512_vecx_batch16_exact_perm,68-5-91-74-44-45-86-57-69-26-29-16-88-70-43-52-89-50-23-87-99-93-96-79-56-51-55-63-84-15-90-98-25-95-54-60-71-35-7-31-58-92-32-28-13-11-46-76-38-77-65-39-21-59-53-48-72-22-66-64-18-78-17-1-67-24-94-41-8-100-4-49-62-9-85-33-83-2-73-12-42-37-47-34-61-6-20-10-81-75-82-30-14-27-19-3-40-80-36-97
Ta100x20,4,2,200,0.8875,0.1,10,2230410291,17000,6497,6306,6072,5.928706114,v2_avx512_vecx_batch16_exact_perm,1-68-44-29-74-8-67-45-5-69-50-92-60-26-52-38-91-84-71-70-46-86-25-57-78-43-56-63-64-28-3-24-16-55-7-99-96-93-4-51-39-35-89-15-13-95-98-58-79-76-31-37-33-41-54-90-22-18-2-11-88-94-23-12-87-49-61-73-47-100-42-20-9-72-48-32-65-21-53-85-77-34-19-59-83-66-81-6-10-82-75-97-36-30-14-27-62-80-17-40
Ta100x20,4,2,200,0.8875,0.125,1,2230401210,17000,6475,6306,6072,5.754784668,v2_avx512_vecx_batch16_exact_perm,1-60-68-44-45-65-69-5-86-91-8-51-63-26-29-57-74-13-95-15-54-92-64-88-46-50-38-58-56-71-16-84-11-55-43-89-25-7-2-99-87-61-18-70-39-52-3-12-96-98-93-28-41-32-100-83-22-31-23-35-78-67-42-79-76-53-37-21-48-24-85-77-66-6-4-49-59-62-47-20-90-17-81-19-94-72-27-36-14-75-10-33-30-73-9-80-82-34-40-97
Ta100x20,4,2,200,0.8875,0.125,2,2230402219,17000,6516,6306,6072,5.851218101,v2_avx512_vecx_batch16_exact_perm,1-60-8-69-74-70-5-71-91-38-65-46-55-58-64-98-16-44-76-28-22-99-51-25-63-86-77-54-67-45-57-96-7-49-26-78-31-84-56-18-43-29-32-88-11-23-89-90-87-14-92-50-12-13-93-41-59-35-33-24-39-95-47-73-3-42-100-2-53-83-21-66-52-61-85-79-4-37-36-34-48-19-68-72-10-9-94-15-30-20-62-81-17-82-6-27-75-80-40-97
Ta100x20,4,2,200,0.8875,0.125,3,2230403228,17000,6461,6306,6072,5.744393816,v2_avx512_vecx_batch16_exact_perm,1-68-60-44-91-69-74-8-38-45-98-46-24-5-51-92-99-88-89-79-16-57-29-96-61-67-86-26-56-31-47-63-54-25-15-95-87-84-71-58-37-52-41-70-13-11-50-23-2-77-76-78-28-22-43-32-39-12-18-49-100-72-55-93-4-20-90-3-64-59-94-7-17-73-36-48-6-42-21-35-10-53-33-9-65-66-85-62-81-30-19-14-34-83-27-75-82-80-40-97
Ta100x20,4,2,200,0.8875,0.125,4,2230404237,17000,6535,6306,6072,5.636692242,v2_avx512_vecx_batch16_exact_perm,1-68-44-45-5-8-69-74-91-67-23-29-88-38-3-71-70-99-95-60-49-57-50-52-56-16-96-89-46-48-58-65-7-31-51-12-63-78-64-26-43-86-87-90-13-98-24-92-41-84-54-25-79-61-28-15-77-32-76-4-2-47-93-55-72-22-66-18-73-11-37-85-21-42-100-30-36-59-9-53-27-83-39-6-35-33-81-94-82-10-80-62-20-14-19-34-17-40-75-97
Ta100x20,4,2,200,0.8875,0.125,5,2230405246,17000,6493,6306,6072,5.624897015,v2_avx512_vecx_batch16_exact_perm,1-69-50-8-67-45-74-5-38-44-70-56-26-46-16-52-87-89-64-60-51-98-71-79-86-78-99-92-76-29-95-54-58-65-96-9-94-13-55-25-43-7-88-84-33-39-15-32-22-18-57-31-90-35-63-37-41-91-66-20-59-3-49-11-93-72-100-48-47-2-21-24-6-12-4-61-73-28-17-23-85-80-62-42-83-19-77-34-10-53-82-30-40-81-68-14-27-75-36-97
Ta100x20,4,2,200,0.8875,0.125,6,2230406255,17000,6512,6306,6072,5.639743212,v2_avx512_vecx_batch16_exact_perm,1-68-44-29-45-91-60-74-69-23-50-8-46-55-100-5-56-88-67-52-63-95-99-92-54-15-51-98-58-41-26-70-71-84-20-38-16-65-76-13-78-32-90-86-77-25-43-57-93-79-37-21-18-49-24-89-64-96-72-3-42-39-48-11-83-2-94-61-12-9-22-87-85-47-10-7-35-62-31-6-4-28-53-59-75-66-81-36-82-33-14-30-80-27-73-19-34-17-40-97
Ta100x20,4,2,200,0.8875,0.125,7,2230407264,17000,6458,6306,6072,5.284687618,v2_avx512_vecx_batch16_exact_perm,1-68-46-44-92-45-65-5-16-88-60-71-69-64-50-74-87-51-89-57-86-63-24-67-96-93-12-98-56-29-35-100-55-7-32-38-84-15-91-58-2-3-23-90-48-26-49-72-20-78-21-59-99-4-95-52-41-11-70-77-18-8-76-61-42-31-13-37-43-79-47-25-73-36-83-39-9-81-53-85-54-22-94-6-19-66-62-28-30-10-14-17-34-27-75-33-82-80-40-97
Ta100x20,4,2,200,0.8875,0.125,8,2230408273,17000,6503,6306,6072,5.500924808,v2_avx512_vecx_batch16_exact_perm,1-91-60-8-44-45-74-70-67-5-29-46-69-16-58-38-76-88-71-25-9-98-79-32-92-57-50-99-56-54-86-43-13-95-65-78-55-96-64-22-51-26-52-87-63-90-23-84-48-89-72-35-39-18-77-31-61-20-3-41-49-15-59-7-93-24-100-34-4-2-14-36-37-12-62-94-73-68-47-83-28-85-42-27-10-53-66-6-21-11-82-33-19-81-17-30-40-75-80-97
Ta100x20,4,2,200,0.8875,0.125,9,2230409282,17000,6505,6306,6072,5.769060249,v2_avx512_vecx_batch16_exact_perm,1-68-44-5-91-8-60-92-26-84-50-3-29-43-65-90-38-23-71-58-69-45-56-86-89-51-70-55-49-61-9-67-46-96-88-99-74-25-63-66-13-22-47-24-98-95-41-54-34-87-79-77-93-17-53-78-16-33-83-12-18-59-32-31-39-35-7-28-48-52-100-57-6-76-72-21-4-42-37-94-15-73-64-81-11-10-85-20-75-80-62-2-82-36-27-30-19-14-40-97
Ta100x20,4,2,200,0.8875,0.125,10,2230410291,17000,6451,6306,6072,5.228969304,v2_avx512_vecx_batch16_exact_perm,1-68-44-29-8-65-5-70-74-98-25-95-69-50-64-26-46-24-22-28-91-84-48-89-18-78-58-96-67-2-12-86-32-93-71-56-13-45-92-88-7-43-99-54-51-39-49-57-79-77-59-41-63-100-42-15-83-3-4-52-31-90-87-11-53-21-23-47-16-37-38-94-60-6-76-20-55-35-82-17-66-62-61-9-85-30-19-33-81-73-34-27-14-72-10-75-80-36-40-97
Ta100x20,4,2,200,0.925,0.025,1,2230401210,17000,6491,6306,6072,5.770629156,v2_avx512_vecx_batch16_exact_perm,1-68-44-91-74-69-5-45-87-37-64-50-25-57-49-63-51-84-88-29-38-86-89-8-16-95-100-56-55-70-98-67-71-15-61-99-13-92-46-26-52-9-96-58-32-18-22-3-93-12-43-60-54-42-2-4-7-78-39-41-20-23-76-66-35-24-72-65-83-28-79-62-94-85-31-48-73-11-53-59-30-47-21-81-10-19-33-90-6-97-77-36-14-34-27-17-82-40-80-75
Ta100x20,4,2,200,0.925,0.025,2,2230402219,17000,6483,6306,6072,5.968477237,v2_avx512_vecx_batch16_exact_perm,1-8-69-16-68-5-91-45-67-88-51-46-29-44-60-70-71-23-74-56-100-94-96-95-50-58-86-98-24-84-32-28-26-2-37-93-25-57-89-41-7-87-54-55-30-39-15-63-72-31-11-79-92-99-78-33-3-76-38-61-65-49-18-43-36-83-52-4-90-12-21-47-85-64-59-73-9-53-77-13-48-22-10-81-42-19-17-6-66-34-75-20-82-14-35-27-80-62-40-97
Ta100x20,4,2,200,0.925,0.025,3,2230403228,17000,6430,6306,6072,5.727448678,v2_avx512_vecx_batch16_exact_perm,1-68-64-60-5-91-51-69-50-44-55-74-89-29-46-77-16-58-87-45-67-23-25-26-38-63-86-8-57-96-92-93-2-84-99-49-95-52-100-56-71-88-61-54-78-13-70-65-41-76-18-32-21-15-98-83-79-3-20-24-90-66-37-31-43-12-33-7-59-42-39-10-72-22-9-48-47-35-6-4-62-28-82-53-81-11-85-30-19-94-97-14-17-34-27-73-75-80-36-40
Ta100x20,4,2,200,0.925,0.025,4,2230404237,17000,6453,6306,6072,5.763972357,v2_avx512_vecx_batch16_exact_perm,1-68-91-69-5-44-74-50-65-45-98-51-88-84-29-86-16-77-26-28-71-57-89-13-46-79-95-56-58-11-38-25-92-78-17-60-63-8-76-99-43-24-23-18-32-62-70-52-2-54-7-96-12-93-87-49-100-61-67-47-31-48-22-64-72-27-20-39-21-85-55-53-41-42-66-59-3-83-90-73-94-37-33-36-19-14-4-35-82-6-9-75-34-15-30-10-81-80-40-97
Ta100x20,4,2,200,0.925,0.025,5,2230405246,17000,6535,6306,6072,6.204692413,v2_avx512_vecx_batch16_exact_perm,1-68-44-91-60-8-92-16-86-45-46-56-69-26-29-84-74-79-89-78-96-23-95-98-51-5-57-25-71-50-70-52-67-43-88-83-31-63-38-9-76-18-65-4-54-39-11-3-2-15-61-35-58-47-33-13-24-22-100-62-49-36-12-72-59-32-7-77-90-41-87-64-55-99-94-42-93-21-53-85-20-37-6-48-28-82-30-80-10-19-73-66-81-14-34-40-17-27-75-97
Ta100x20,4,2,200,0.925,0.025,6,2230406255,17000,6493,6306,6072,5.795403816,v2_avx512_vecx_batch16_exact_perm,1-60-68-91-44-8-74-5-69-50-45-92-46-99-98-29-86-88-57-26-100-70-63-51-95-55-56-32-79-28-78-89-54-38-25-96-18-34-52-71-9-84-13-2-61-76-39-67-83-58-41-15-22-37-12-31-87-16-43-23-72-49-7-35-21-73-77-59-65-24-90-17-48-3-53-4-11-66-42-85-62-94-20-64-14-75-47-30-93-80-36-27-81-10-6-82-19-33-40-97
Ta100x20,4,2,200,0.925,0.025,7,2230407264,17000,6372,6306,6072,4.746444414,v2_avx512_vecx_batch16_exact_perm,1-60-8-74-5-45-69-71-50-57-86-91-29-67-38-16-31-61-26-56-92-46-64-44-79-77-70-15-88-35-84-58-98-22-95-25-28-63-23-90-96-54-13-76-3-99-43-4-52-89-18-9-78-55-7-51-100-68-17-87-72-41-49-24-59-73-11-34-94-65-47-32-93-2-12-36-83-6-48-37-39-85-66-42-75-10-62-20-81-82-30-14-40-19-21-27-53-80-33-97
Ta100x20,4,2,200,0.925,0.025,8,2230408273,17000,6465,6306,6072,5.917720536,v2_avx512_vecx_batch16_exact_perm,1-68-5-91-69-8-16-86-57-29-44-52-88-45-89-71-60-78-67-92-26-79-50-96-46-61-49-38-70-56-22-95-58-98-43-97-25-84-51-74-47-85-55-13-39-9-15-72-23-93-21-65-100-41-7-99-32-48-31-87-54-59-62-2-12-35-3-33-64-18-34-11-24-63-77-76-28-37-42-36-14-90-4-20-53-94-6-17-82-66-83-81-19-30-10-27-73-75-80-40
Ta100x20,4,2,200,0.925,0.025,9,2230409282,17000,6405,6306,6072,5.858458949,v2_avx512_vecx_batch16_exact_perm,68-44-29-91-1-69-5-79-58-88-16-51-50-87-60-23-70-84-74-56-45-86-54-71-98-25-3-92-46-64-57-26-78-52-18-89-96-8-55-99-13-22-47-34-32-24-43-72-39-15-61-38-63-31-67-66-11-83-95-94-41-100-59-65-77-49-76-37-2-7-93-4-12-85-42-17-9-53-30-21-35-33-10-90-73-20-28-75-82-14-48-19-81-6-62-27-80-36-40-97
Ta100x20,4,2,200,0.925,0.025,10,2230410291,17000,6503,6306,6072,6.209038145,v2_avx512_vecx_batch16_exact_perm,1-44-74-69-8-5-29-50-64-60-65-38-56-45-57-46-16-86-71-58-98-92-63-24-89-49-87-84-26-51-43-15-70-88-23-96-52-25-7-95-17-54-76-94-21-59-93-32-79-67-13-78-100-9-55-22-31-99-28-48-33-18-66-83-39-42-3-72-12-91-37-41-68-53-85-90-20-62-47-61-14-36-2-6-11-4-40-77-82-81-10-30-19-34-35-73-27-75-80-97
Ta100x20,4,2,200,0.925,0.05,1,2230401210,17000,6455,6306,6072,5.950175921,v2_avx512_vecx_batch16_exact_perm,1-68-91-60-44-45-50-26-74-29-69-5-8-92-78-12-95-38-52-84-98-86-79-56-70-41-88-77-63-67-54-93-25-96-71-49-46-55-22-9-20-99-35-87-3-23-24-16-31-14-59-43-37-94-13-18-89-39-51-72-58-48-57-100-64-7-65-33-21-73-28-4-61-11-90-2-6-15-34-76-47-32-42-53-83-81-75-85-62-66-82-30-10-19-27-36-80-17-40-97
Ta100x20,4,2,200,0.925,0.05,2,2230402219,17000,6427,6306,6072,5.195703833,v2_avx512_vecx_batch16_exact_perm,74-98-64-92-5-60-26-44-45-69-50-8-16-88-91-1-84-38-51-70-54-25-86-78-57-63-100-68-13-99-79-49-56-58-71-55-89-96-3-59-52-23-7-46-43-17-67-12-29-95-65-18-94-87-48-39-11-31-22-93-15-76-35-21-32-24-47-14-28-41-61-73-2-37-42-90-20-77-72-4-66-82-62-33-9-81-85-30-19-34-83-10-6-75-53-80-36-27-40-97
Ta100x20,4,2,200,0.925,0.05,3,2230403228,17000,6478,6306,6072,6.236296378,v2_avx512_vecx_batch16_exact_perm,1-44-60-74-69-45-8-50-91-16-55-5-32-70-29-88-56-58-65-43-79-89-17-57-86-38-46-7-67-52-51-26-41-48-33-84-22-72-3-54-98-28-95-25-71-11-15-93-99-96-42-90-92-63-13-31-87-35-23-9-76-39-94-78-61-24-64-34-100-18-49-77-2-21-53-12-47-59-85-37-19-36-66-68-83-6-62-81-80-4-75-20-14-10-82-27-97-30-73-40
Ta100x20,4,2,200,0.925,0.05,4,2230404237,17000,6461,6306,6072,5.933006151,v2_avx512_vecx_batch16_exact_perm,1-69-8-29-5-44-38-64-68-46-79-65-88-21-60-50-89-63-91-45-25-3-56-16-26-100-74-31-23-58-99-70-15-71-98-78-87-95-12-51-67-43-22-57-52-86-34-32-7-55-24-47-83-13-90-76-4-41-54-18-92-61-62-77-9-49-96-84-28-35-2-59-37-39-93-94-6-20-85-81-73-42-48-72-53-11-66-30-10-19-36-27-14-17-75-82-33-80-40-97
Ta100x20,4,2,200,0.925,0.05,5,2230405246,17000,6512,6306,6072,6.367724493,v2_avx512_vecx_batch16_exact_perm,1-68-60-8-5-50-65-69-45-44-74-23-70-89-86-71-43-29-57-79-64-91-67-46-38-54-15-88-51-26-3-24-63-87-99-17-84-13-95-16-58-98-56-100-49-78-61-92-25-96-93-2-12-21-18-59-11-32-52-72-47-39-76-66-20-48-9-31-22-35-94-41-37-90-30-7-42-19-85-53-73-55-4-33-62-77-14-27-97-28-82-10-81-6-80-36-34-83-75-40
Ta100x20,4,2,200,0.925,0.05,6,2230406255,17000,6514,6306,6072,6.298457285,v2_avx512_vecx_batch16_exact_perm,1-68-60-44-45-74-69-50-8-86-98-29-58-12-91-70-16-23-11-26-52-56-89-5-71-38-87-46-57-43-63-92-18-15-84-96-90-93-25-99-66-3-17-67-32-61-2-39-22-54-78-88-13-47-20-95-31-7-79-28-64-85-21-51-35-41-24-42-49-55-94-100-72-76-65-34-36-83-48-53-30-9-37-6-81-4-59-77-19-62-82-33-14-10-73-27-75-40-80-97
Ta100x20,4,2,200,0.925,0.05,7,2230407264,17000,6396,6306,6072,5.957120941,v2_avx512_vecx_batch16_exact_perm,1-60-8-45-74-29-12-44-69-5-50-57-91-86-51-16-56-71-26-70-15-46-84-38-87-89-52-58-79-92-78-54-88-25-11-98-35-31-23-96-24-55-67-43-83-64-7-76-18-17-32-61-2-63-27-39-95-20-59-13-100-93-4-49-90-41-99-33-48-65-34-77-21-37-47-72-68-3-28-22-73-9-94-85-30-81-42-53-6-10-19-14-62-66-75-80-36-82-40-97
Ta100x20,4,2,200,0.925,0.05,8,2230408273,17000,6485,6306,6072,6.443245482,v2_avx512_vecx_batch16_exact_perm,1-68-91-69-65-44-45-16-88-74-5-41-26-23-29-60-71-70-57-58-78-86-46-56-79-55-38-8-63-32-25-67-11-93-99-7-48-54-31-89-100-96-43-98-84-51-18-52-22-77-76-37-50-13-39-49-53-20-28-95-72-15-4-73-59-35-24-87-90-12-36-83-3-47-81-64-42-85-92-61-30-9-94-66-21-10-6-62-2-97-34-82-27-14-19-17-80-40-75-33
Ta100x20,4,2,200,0.925,0.05,9,2230409282,17000,6493,6306,6072,6.438304334,v2_avx512_vecx_batch16_exact_perm,1-68-69-8-60-29-5-46-91-18-45-76-23-58-41-52-44-79-26-92-67-43-56-84-71-86-94-57-38-50-74-11-98-96-22-35-89-51-55-93-13-95-99-54-65-15-88-32-70-21-25-9-64-7-48-63-100-33-49-3-72-24-31-90-12-87-78-47-37-34-28-73-39-85-20-77-2-4-62-16-59-66-53-10-6-42-61-81-14-83-75-36-30-80-27-17-82-19-40-97
Ta100x20,4,2,200,0.925,0.05,10,2230410291,17000,6504,6306,6072,6.191090891,v2_avx512_vecx_batch16_exact_perm,68-44-8-74-69-45-5-46-91-57-86-79-50-26-23-92-1-70-88-38-89-67-52-56-58-84-98-71-60-51-95-54-7-99-96-87-29-43-59-63-3-77-25-49-13-90-32-16-83-78-41-76-18-39-15-61-12-33-55-24-64-36-72-100-47-9-35-34-21-31-65-37-93-48-22-2-94-11-42-28-6-4-27-73-81-85-62-20-75-14-30-66-10-53-80-19-82-17-40-97
Ta100x20,4,2,200,0.925,0.075,1,2230401210,17000,6504,6306,6072,6.140054626,v2_avx512_vecx_batch16_exact_perm,1-68-69-8-5-74-44-60-3-50-45-16-65-56-78-29-91-51-88-89-67-92-79-98-26-93-71-70-15-12-86-32-54-2-25-64-46-48-87-18-62-9-22-13-35-31-21-58-52-38-83-95-23-34-77-57-100-41-76-24-55-61-90-43-39-49-63-84-85-99-4-28-59-37-20-53-7-42-96-47-19-66-82-72-6-75-94-36-30-11-10-81-14-73-27-33-80-17-40-97
Ta100x20,4,2,200,0.925,0.075,2,2230402219,17000,6535,6306,6072,5.941993523,v2_avx512_vecx_batch16_exact_perm,1-68-44-60-74-29-69-91-45-5-8-55-88-26-46-79-50-40-12-20-38-56-71-57-54-67-96-51-52-86-43-99-98-92-89-23-61-63-93-18-11-13-25-3-24-39-70-32-77-47-87-2-78-49-16-58-85-84-22-37-41-31-48-95-42-83-90-64-15-72-65-76-21-7-53-28-19-33-81-30-100-4-82-6-59-14-66-34-9-35-94-73-80-62-10-36-17-27-75-97
Ta100x20,4,2,200,0.925,0.075,3,2230403228,17000,6491,6306,6072,5.456493998,v2_avx512_vecx_batch16_exact_perm,1-68-5-44-60-8-74-87-64-26-29-16-86-69-56-55-50-45-89-51-96-84-58-65-38-13-61-88-25-95-41-57-43-63-46-34-77-9-99-70-98-18-71-91-79-32-15-22-42-59-7-66-72-67-23-24-54-90-3-20-78-100-47-76-4-52-21-11-31-92-93-28-35-83-12-85-73-10-39-37-94-2-36-82-27-53-6-48-19-33-49-97-17-30-14-62-81-40-80-75
Ta100x20,4,2,200,0.925,0.075,4,2230404237,17000,6408,6306,6072,5.304287895,v2_avx512_vecx_batch16_exact_perm,1-68-44-8-60-74-57-69-86-45-5-29-99-88-96-55-89-16-51-67-46-91-50-58-95-92-77-25-79-98-23-56-84-26-15-70-63-13-90-93-54-32-22-43-65-41-71-20-2-38-76-73-78-12-35-3-9-52-39-49-87-31-48-53-72-24-21-64-61-34-18-83-100-37-28-7-59-42-47-81-6-66-4-11-33-14-19-94-75-10-85-82-17-30-62-27-80-36-40-97
Ta100x20,4,2,200,0.925,0.075,5,2230405246,17000,6503,6306,6072,5.556498369,v2_avx512_vecx_batch16_exact_perm,1-68-44-8-60-79-5-57-74-86-51-69-91-78-26-55-45-13-98-29-67-88-92-3-99-25-95-47-56-58-100-87-63-38-71-84-52-34-48-54-64-96-89-15-37-28-72-11-22-16-18-76-93-23-77-59-70-46-4-20-65-40-50-32-39-43-66-7-85-12-61-31-41-9-73-2-36-24-90-49-6-17-10-53-21-83-82-94-30-19-35-33-81-42-14-62-27-75-80-97
Ta100x20,4,2,200,0.925,0.075,6,2230406255,17000,6439,6306,6072,6.112320593,v2_avx512_vecx_batch16_exact_perm,1-69-91-50-8-65-16-74-60-5-45-56-44-29-86-57-54-79-26-76-92-23-43-46-84-67-88-78-99-58-38-55-93-18-51-63-96-52-89-11-30-77-13-98-70-87-32-12-9-25-71-61-90-15-72-64-2-7-49-22-17-41-48-3-94-59-4-95-42-39-33-24-62-20-37-28-31-35-19-47-100-34-21-83-75-85-6-53-10-82-66-81-80-73-68-14-27-36-40-97
Ta100x20,4,2,200,0.925,0.075,7,2230407264,17000,6441,6306,6072,5.777079216,v2_avx512_vecx_batch16_exact_perm,1-68-45-60-69-65-5-91-50-74-44-86-29-98-79-15-26-64-63-88-67-56-71-92-55-96-78-89-6-95-12-25-51-46-58-70-43-48-17-8-16-77-87-54-22-7-49-41-84-52-99-61-11-57-72-23-38-13-76-2-62-10-21-24-90-32-35-18-31-37-93-42-20-4-47-94-85-39-53-9-3-100-28-34-59-83-81-19-66-75-36-27-82-80-33-73-30-14-40-97
Ta100x20,4,2,200,0.925,0.075,8,2230408273,17000,6504,6306,6072,5.832304242,v2_avx512_vecx_batch16_exact_perm,68-44-74-1-60-5-91-8-79-56-57-86-88-29-64-69-99-38-96-50-26-25-70-78-32-13-41-67-84-52-46-58-77-71-45-23-16-98-95-54-63-89-11-51-43-18-28-65-76-31-24-22-61-73-90-20-55-2-35-4-34-12-93-48-49-39-53-7-47-21-87-92-15-30-37-42-3-59-83-100-33-72-9-19-81-66-75-6-80-62-85-94-14-10-27-36-82-17-40-97
Ta100x20,4,2,200,0.925,0.075,9,2230409282,17000,6513,6306,6072,6.084284632,v2_avx512_vecx_batch16_exact_perm,1-68-29-44-45-5-69-8-60-84-74-50-52-67-86-12-98-16-26-34-51-46-100-56-92-25-54-91-15-71-79-78-63-58-70-88-94-76-20-57-32-41-99-38-95-55-7-13-43-23-93-87-64-85-49-18-96-59-33-24-65-83-22-11-42-73-89-9-39-31-2-61-4-72-66-47-48-3-90-19-6-36-53-37-28-10-77-21-17-82-35-30-14-62-81-40-75-80-27-97
Ta100x20,4,2,200,0.925,0.075,10,2230410291,17000,6503,6306,6072,5.937829506,v2_avx512_vecx_batch16_exact_perm,1-44-69-74-70-5-71-60-8-46-16-45-50-26-86-92-29-91-67-56-79-88-55-25-22-17-54-95-2-23-28-84-98-90-58-32-38-78-100-89-99-59-63-7-64-12-13-87-93-51-33-96-3-65-4-9-18-43-31-76-61-41-57-39-77-52-19-49-11-35-42-66-94-53-72-10-24-20-47-48-85-21-37-82-83-36-15-34-75-30-6-14-27-62-81-73-68-80-40-97
Ta100x20,4,2,200,0.925,0.1,1,2230401210,17000,6446,6306,6072,5.654263049,v2_avx512_vecx_batch16_exact_perm,1-68-44-8-45-5-60-23-50-70-71-91-74-69-67-79-56-31-84-26-46-94-86-98-64-29-3-18-92-77-99-78-95-87-38-54-63-24-88-89-58-55-25-57-32-35-51-22-49-15-93-12-11-16-7-96-43-39-65-90-48-21-52-42-4-20-13-9-41-17-100-34-37-76-61-47-62-66-28-85-53-72-59-83-14-73-2-19-75-30-81-33-82-27-6-10-97-80-36-40
Ta100x20,4,2,200,0.925,0.1,2,2230402219,17000,6454,6306,6072,6.042440957,v2_avx512_vecx_batch16_exact_perm,1-68-44-29-5-64-69-74-60-71-38-50-56-86-8-79-89-65-43-45-3-57-51-28-26-77-46-22-70-32-25-98-90-31-91-95-7-67-55-33-54-99-92-88-58-78-84-24-18-41-49-63-100-72-12-47-87-76-21-20-37-52-13-9-53-34-96-59-93-39-42-94-48-73-15-61-23-85-62-2-6-16-17-83-4-11-35-30-66-81-82-10-14-19-75-80-27-36-40-97
Ta100x20,4,2,200,0.925,0.1,3,2230403228,17000,6492,6306,6072,6.046634738,v2_avx512_vecx_batch16_exact_perm,1-68-5-91-45-50-67-51-44-74-8-29-60-86-58-55-46-98-64-89-56-71-92-84-15-43-76-26-38-78-96-52-23-57-63-35-25-70-28-95-13-93-54-31-99-61-3-24-21-18-22-87-79-88-65-49-100-94-32-62-2-39-72-10-20-7-17-12-16-83-41-69-42-48-59-77-90-11-66-53-9-85-33-81-6-4-19-36-37-47-30-82-14-73-34-40-75-27-80-97
Ta100x20,4,2,200,0.925,0.1,4,2230404237,17000,6461,6306,6072,5.840927974,v2_avx512_vecx_batch16_exact_perm,1-68-91-45-44-60-50-8-5-92-55-46-84-74-49-69-58-38-78-88-29-89-16-99-56-22-67-52-3-54-96-95-43-41-86-26-57-83-31-79-9-51-25-35-98-28-71-12-32-18-87-63-61-64-70-2-37-23-42-93-77-14-39-7-65-13-76-36-24-100-15-72-48-10-17-34-90-11-21-53-47-33-85-62-66-59-30-73-81-94-20-19-4-6-27-75-82-80-40-97
Ta100x20,4,2,200,0.925,0.1,5,2230405246,17000,6458,6306,6072,6.174014722,v2_avx512_vecx_batch16_exact_perm,1-60-68-91-74-44-29-5-69-38-67-45-61-56-71-46-79-23-92-26-57-50-98-51-90-20-70-8-13-86-95-89-31-99-54-72-15-58-25-43-22-18-32-88-76-12-78-28-63-11-55-16-47-37-77-52-84-87-3-33-24-39-49-42-7-96-93-100-59-9-17-6-81-4-62-85-2-94-64-41-21-53-73-65-48-66-30-34-14-19-35-10-75-36-83-27-82-80-40-97
Ta100x20,4,2,200,0.925,0.1,6,2230406255,17000,6483,6306,6072,6.264875727,v2_avx512_vecx_batch16_exact_perm,68-44-8-1-65-5-74-45-51-69-88-84-60-29-55-86-63-38-71-46-100-23-98-50-52-26-78-56-99-96-15-95-93-92-57-25-16-2-43-89-39-61-13-41-54-83-59-91-22-7-32-77-28-12-58-34-18-67-48-35-79-31-62-53-47-73-87-11-42-49-66-37-90-85-33-9-76-19-72-3-20-21-70-94-17-30-24-64-82-36-27-10-97-6-14-81-4-75-80-40
Ta100x20,4,2,200,0.925,0.1,7,2230407264,17000,6532,6306,6072,5.951970016,v2_avx512_vecx_batch16_exact_perm,68-44-8-74-1-5-45-69-70-84-46-50-60-58-92-91-86-51-98-65-38-63-55-56-29-99-22-16-88-67-79-96-49-54-71-76-93-89-15-25-26-43-24-12-41-18-28-61-11-31-78-95-83-13-32-52-57-59-7-23-53-39-87-64-30-47-85-21-77-2-100-90-3-10-37-42-33-20-62-73-48-72-9-82-94-14-4-66-6-34-19-35-81-27-36-80-17-40-75-97
Ta100x20,4,2,200,0.925,0.1,8,2230408273,17000,6523,6306,6072,6.282246541,v2_avx512_vecx_batch16_exact_perm,1-69-68-5-91-74-60-99-16-57-51-8-29-67-92-46-55-44-64-45-70-86-98-43-71-50-18-25-26-56-87-11-78-38-100-65-13-95-58-89-84-31-76-94-7-88-24-54-20-93-47-79-22-39-96-32-35-15-49-21-72-12-59-52-3-37-48-42-23-9-41-17-63-28-34-61-77-90-82-66-85-33-10-81-73-30-62-2-6-14-53-36-4-19-83-27-75-80-40-97
Ta100x20,4,2,200,0.925,0.1,9,2230409282,17000,6481,6306,6072,6.354317125,v2_avx512_vecx_batch16_exact_perm,1-68-91-69-45-74-44-5-26-46-92-51-60-67-8-55-79-63-41-58-25-84-70-56-52-71-50-86-13-17-95-99-28-57-11-29-59-3-54-72-23-89-88-96-78-12-2-76-33-65-61-9-87-18-32-39-38-31-93-34-15-22-98-16-43-73-100-75-77-48-49-90-24-21-37-53-36-35-47-10-7-4-66-42-82-19-20-64-6-81-94-85-30-14-62-83-27-80-40-97
Ta100x20,4,2,200,0.925,0.1,10,2230410291,17000,6520,6306,6072,6.284270839,v2_avx512_vecx_batch16_exact_perm,1-69-91-8-16-60-74-70-56-44-45-71-50-54-100-5-94-86-51-98-32-52-38-46-89-83-18-90-67-26-96-57-25-92-28-29-43-84-58-88-79-77-93-63-66-68-7-22-31-99-87-12-78-23-49-3-39-41-42-65-76-24-72-48-20-11-64-13-95-85-59-61-21-35-15-37-2-9-4-55-34-53-75-81-36-30-10-6-73-47-14-62-80-33-27-82-19-17-40-97
Ta100x20,4,2,200,0.925,0.125,1,2230401210,17000,6477,6306,6072,6.218430932,v2_avx512_vecx_batch16_exact_perm,1-68-45-8-74-60-69-5-29-91-16-86-57-46-51-84-26-67-77-98-78-79-52-88-41-56-99-63-38-44-64-95-65-58-13-55-76-43-50-18-15-71-49-89-92-93-25-96-87-54-7-22-70-4-12-32-61-2-21-6-9-23-47-90-11-35-100-31-28-37-72-48-24-94-30-39-33-42-3-59-73-83-62-66-81-53-14-85-75-10-20-80-19-34-17-82-27-97-36-40
Ta100x20,4,2,200,0.925,0.125,2,2230402219,17000,6479,6306,6072,5.950848738,v2_avx512_vecx_batch16_exact_perm,68-44-1-8-74-56-29-5-26-79-46-23-38-57-64-58-86-69-45-88-15-71-60-70-63-98-25-89-78-96-51-61-100-67-91-87-9-65-22-16-41-52-21-76-31-53-84-47-13-72-55-92-11-18-48-99-54-50-93-43-37-39-77-49-59-85-7-6-95-28-32-24-3-36-90-4-20-33-12-34-19-94-73-2-83-81-17-42-30-66-62-35-10-14-27-75-82-80-40-97
Ta100x20,4,2,200,0.925,0.125,3,2230403228,17000,6496,6306,6072,6.277514851,v2_avx512_vecx_batch16_exact_perm,1-60-8-74-69-35-68-5-29-45-86-50-57-89-44-92-58-25-24-71-98-95-54-16-91-7-77-51-61-64-41-87-56-70-96-84-15-52-38-76-99-43-67-63-79-26-23-100-32-46-20-37-88-31-72-47-42-22-11-12-78-2-65-48-18-66-9-3-34-4-73-53-55-21-93-90-62-85-17-49-59-33-28-6-82-30-81-10-39-83-13-94-19-14-27-75-80-36-40-97
Ta100x20,4,2,200,0.925,0.125,4,2230404237,17000,6525,6306,6072,6.185114355,v2_avx512_vecx_batch16_exact_perm,1-68-44-8-74-5-86-69-45-88-92-91-43-50-58-57-71-38-16-56-70-41-99-95-65-46-51-84-78-89-98-11-25-13-26-52-22-60-20-61-23-2-76-18-47-93-96-67-55-9-100-63-28-79-29-39-3-12-87-54-83-49-31-66-32-90-48-73-53-24-35-33-85-7-62-77-34-42-59-21-37-15-64-30-81-14-72-94-4-10-80-75-82-6-19-27-36-17-40-97
Ta100x20,4,2,200,0.925,0.125,5,2230405246,17000,6445,6306,6072,5.956067141,v2_avx512_vecx_batch16_exact_perm,1-68-44-74-5-60-29-58-67-91-8-69-78-45-92-86-70-26-52-50-84-38-13-55-88-46-56-95-51-54-23-87-94-43-25-63-41-12-65-76-47-9-71-79-72-96-100-16-61-15-89-49-98-77-64-22-57-32-93-18-59-3-24-21-90-73-33-2-34-53-31-7-28-17-4-99-48-11-85-35-6-20-19-66-42-83-10-37-39-81-82-75-30-80-62-14-27-36-40-97
Ta100x20,4,2,200,0.925,0.125,6,2230406255,17000,6522,6306,6072,6.153582685,v2_avx512_vecx_batch16_exact_perm,1-68-91-69-74-44-5-46-45-92-67-8-51-60-50-79-70-56-95-58-89-98-64-29-59-63-84-71-52-26-25-3-38-35-54-78-15-13-86-57-16-77-31-72-93-96-41-21-90-18-32-24-55-61-23-99-48-53-11-76-47-88-49-28-100-65-12-22-43-42-87-73-94-39-7-2-62-20-33-6-37-9-85-17-4-36-10-27-19-66-34-82-30-81-14-83-75-80-40-97
Ta100x20,4,2,200,0.925,0.125,7,2230407264,17000,6548,6306,6072,6.239921913,v2_avx512_vecx_batch16_exact_perm,1-68-60-8-44-45-5-74-79-89-69-16-88-86-98-50-67-91-55-56-29-25-83-58-63-71-95-52-18-51-78-57-46-23-13-99-15-11-42-87-54-3-38-22-70-32-47-64-34-84-93-7-72-41-28-21-100-76-92-43-12-39-96-24-65-94-20-53-66-85-59-61-4-9-2-75-36-37-31-90-26-49-6-19-77-35-82-48-81-30-73-27-10-33-80-62-14-17-40-97
Ta100x20,4,2,200,0.925,0.125,8,2230408273,17000,6470,6306,6072,6.116090972,v2_avx512_vecx_batch16_exact_perm,1-60-91-50-44-8-45-74-98-86-57-43-16-5-84-95-51-92-70-67-23-69-56-93-38-29-54-25-87-11-78-49-7-52-76-18-96-61-12-89-79-77-72-55-59-63-46-31-48-58-71-15-88-64-32-22-26-85-13-47-42-39-100-35-9-37-41-21-94-3-99-20-68-24-73-90-66-4-36-65-83-19-2-62-33-14-28-10-97-81-6-53-34-17-82-30-27-75-80-40
Ta100x20,4,2,200,0.925,0.125,9,2230409282,17000,6457,6306,6072,5.800803419,v2_avx512_vecx_batch16_exact_perm,1-68-29-69-8-5-46-16-60-25-44-45-74-86-98-51-91-55-76-84-50-57-63-71-52-95-9-58-38-31-78-26-54-87-49-92-100-79-56-23-88-99-70-67-94-22-18-47-96-24-77-93-13-32-89-43-39-65-21-11-48-72-15-35-61-83-41-62-37-2-85-28-59-64-4-3-80-12-90-53-33-20-34-66-10-7-6-97-17-42-81-82-73-19-30-14-27-75-36-40
Ta100x20,4,2,200,0.925,0.125,10,2230410291,17000,6539,6306,6072,6.062826972,v2_avx512_vecx_batch16_exact_perm,1-60-91-8-69-44-74-57-86-29-71-46-92-12-50-5-87-52-45-89-38-43-79-47-49-88-77-22-99-78-41-26-25-100-83-51-67-28-93-16-32-58-15-18-11-13-7-55-96-56-63-84-59-95-76-98-20-64-54-24-4-31-90-61-70-3-42-33-37-35-21-23-65-17-62-85-2-27-39-66-82-73-14-36-53-94-48-72-19-80-34-30-9-6-81-10-68-40-75-97
Ta100x20,4,2,200,0.9625,0.025,1,2230401210,17000,6468,6306,6072,6.036774308,v2_avx512_vecx_batch16_exact_perm,1-68-91-45-67-44-5-51-69-65-71-16-46-88-92-60-84-78-8-15-70-74-56-79-29-86-64-43-99-26-22-41-55-89-50-63-77-98-38-58-52-95-35-2-54-61-13-18-57-11-31-7-49-96-24-93-28-100-25-87-23-21-59-76-39-6-4-94-3-17-9-34-75-32-47-48-37-72-30-10-36-12-19-85-53-66-90-62-20-33-14-82-27-73-81-42-83-80-40-97
Ta100x20,4,2,200,0.9625,0.025,2,2230402219,17000,6450,6306,6072,6.084196757,v2_avx512_vecx_batch16_exact_perm,1-60-68-44-91-45-50-8-79-51-69-67-88-55-74-86-29-26-56-71-38-70-58-99-5-92-54-98-22-100-32-25-48-46-39-95-52-89-9-63-85-47-17-96-78-15-76-12-72-53-43-7-84-87-13-57-3-64-94-16-65-21-93-18-23-90-42-77-4-62-66-28-24-31-37-61-6-41-11-2-35-59-73-33-36-10-75-20-81-30-82-49-19-14-34-83-27-80-40-97
Ta100x20,4,2,200,0.9625,0.025,3,2230403228,17000,6477,6306,6072,5.796498605,v2_avx512_vecx_batch16_exact_perm,1-69-8-60-45-46-92-5-50-23-91-74-57-38-44-52-16-43-56-26-89-58-70-54-51-86-71-29-87-84-28-72-78-11-88-25-32-63-76-79-99-33-48-67-31-7-18-65-95-93-20-13-15-17-100-55-12-24-98-68-96-41-37-22-49-94-83-53-59-21-64-90-42-47-3-85-73-2-61-39-9-6-30-34-66-77-81-19-4-35-62-27-82-14-75-10-97-80-36-40
Ta100x20,4,2,200,0.9625,0.025,4,2230404237,17000,6515,6306,6072,6.353130413,v2_avx512_vecx_batch16_exact_perm,1-68-44-8-45-5-69-74-70-91-50-60-71-98-92-79-7-88-65-46-56-16-26-38-51-57-86-55-78-84-89-52-61-96-15-63-29-49-87-95-12-25-3-31-67-93-28-32-24-76-2-72-21-58-22-90-77-23-18-13-99-47-43-54-62-66-48-83-41-20-59-94-37-39-64-85-30-42-100-53-19-35-73-4-9-34-6-11-33-81-10-82-17-75-14-27-80-97-36-40
Ta100x20,4,2,200,0.9625,0.025,5,2230405246,17000,6435,6306,6072,5.633080748,v2_avx512_vecx_batch16_exact_perm,1-60-50-8-74-69-5-45-91-16-76-46-88-57-51-79-63-65-95-70-56-29-71-38-67-23-99-58-26-28-43-52-12-84-96-78-86-55-89-11-44-100-31-98-68-54-53-25-7-92-32-48-72-24-13-39-49-15-3-93-42-22-47-37-87-64-18-94-9-33-90-59-83-4-21-41-61-17-6-82-66-35-85-20-77-14-62-2-75-30-81-73-80-34-10-19-27-36-40-97
Ta100x20,4,2,200,0.9625,0.025,6,2230406255,17000,6448,6306,6072,5.619219659,v2_avx512_vecx_batch16_exact_perm,1-68-5-44-91-74-69-45-76-26-50-8-98-51-60-29-86-71-54-87-79-67-92-58-46-23-77-84-16-38-89-99-13-49-88-65-43-96-95-63-3-25-12-52-61-57-34-55-78-22-18-64-7-48-17-28-37-56-70-31-15-41-39-72-11-32-59-94-53-90-35-83-24-66-93-100-20-21-85-4-19-82-6-30-81-42-73-9-2-10-47-62-14-27-75-33-80-36-40-97
Ta100x20,4,2,200,0.9625,0.025,7,2230407264,17000,6385,6306,6072,5.442645656,v2_avx512_vecx_batch16_exact_perm,1-8-5-69-74-64-60-44-29-24-91-50-45-67-51-16-56-58-46-92-70-23-54-43-57-86-79-28-88-84-71-78-89-26-81-55-38-47-52-63-99-87-41-13-32-90-96-25-95-93-15-22-98-61-12-49-39-17-2-3-9-34-31-100-33-73-68-76-83-18-53-42-37-21-77-66-59-7-72-48-6-10-11-35-94-85-4-65-40-19-75-20-82-30-14-62-27-80-36-97
Ta100x20,4,2,200,0.9625,0.025,8,2230408273,17000,6448,6306,6072,5.588560228,v2_avx512_vecx_batch16_exact_perm,1-68-44-29-5-91-45-67-74-69-16-64-8-41-71-56-89-78-70-60-46-58-79-31-84-55-86-83-3-26-38-52-50-25-96-57-65-35-23-88-98-7-51-43-11-76-12-54-63-95-24-61-13-87-99-18-66-21-32-49-48-90-93-28-39-72-22-94-77-59-100-9-85-73-14-20-42-92-37-2-53-4-15-62-6-27-34-47-82-19-81-17-30-10-75-33-80-36-40-97
Ta100x20,4,2,200,0.9625,0.025,9,2230409282,17000,6399,6306,6072,5.571224711,v2_avx512_vecx_batch16_exact_perm,1-68-44-74-5-8-69-79-26-50-29-45-67-88-16-60-51-57-86-70-91-61-31-58-89-71-49-56-54-92-13-95-98-38-25-99-46-84-15-22-64-96-93-87-18-78-41-55-77-32-3-7-65-43-63-12-39-47-85-52-23-42-83-11-73-28-37-34-20-48-90-2-76-100-72-21-10-59-53-4-9-6-97-17-82-66-35-94-30-19-62-81-24-33-14-27-75-80-36-40
Ta100x20,4,2,200,0.9625,0.025,10,2230410291,17000,6492,6306,6072,5.991068605,v2_avx512_vecx_batch16_exact_perm,1-68-44-74-5-69-91-16-45-60-88-29-26-8-92-50-46-84-94-86-79-55-89-67-51-72-15-58-13-98-41-61-38-56-71-23-95-43-87-76-70-52-57-62-99-54-78-25-31-63-48-93-96-32-18-9-2-14-20-65-22-100-47-3-37-90-85-49-39-42-73-24-33-7-83-4-11-28-35-10-53-66-12-21-59-77-82-30-81-34-64-75-19-6-27-36-80-17-40-97
Ta100x20,4,2,200,0.9625,0.05,1,2230401210,17000,6479,6306,6072,6.030372354,v2_avx512_vecx_batch16_exact_perm,68-91-44-45-92-69-8-65-5-71-16-1-26-88-50-15-55-46-29-74-95-60-96-84-89-52-63-56-86-98-9-67-51-100-32-13-99-57-64-70-77-34-79-78-58-33-3-12-18-54-22-43-76-49-24-14-35-93-87-94-41-83-31-59-39-61-38-10-66-37-21-25-7-90-4-48-28-53-73-20-85-2-11-62-81-6-19-72-23-42-47-30-27-17-82-75-80-36-40-97
Ta100x20,4,2,200,0.9625,0.05,2,2230402219,17000,6449,6306,6072,6.033760136,v2_avx512_vecx_batch16_exact_perm,1-68-60-8-5-51-91-16-50-45-67-71-56-69-74-95-29-52-44-63-57-99-96-86-70-54-87-11-25-93-46-41-92-98-84-58-18-78-28-88-31-26-37-15-32-13-7-64-76-2-77-89-39-43-100-38-3-72-49-61-24-94-23-48-59-90-33-22-10-81-17-12-6-21-55-34-20-35-42-4-53-65-79-83-62-80-36-27-66-75-47-85-82-30-73-9-14-19-40-97
Ta100x20,4,2,200,0.9625,0.05,3,2230403228,17000,6461,6306,6072,6.432291049,v2_avx512_vecx_batch16_exact_perm,1-68-44-8-69-74-29-5-91-45-67-79-60-71-99-46-92-86-88-55-50-32-57-54-16-89-56-26-22-78-58-38-9-52-96-43-95-17-63-11-51-15-13-87-28-70-25-72-12-2-84-93-98-3-31-65-18-64-61-41-48-34-76-7-49-24-21-77-59-35-37-94-47-90-33-62-100-39-14-27-36-85-53-66-30-4-20-23-73-81-6-19-42-83-10-75-82-80-40-97
Ta100x20,4,2,200,0.9625,0.05,4,2230404237,17000,6451,6306,6072,6.143689045,v2_avx512_vecx_batch16_exact_perm,1-68-45-5-44-51-60-8-69-46-74-12-16-91-58-56-89-64-50-92-57-70-3-15-86-29-98-26-52-22-54-63-95-25-38-71-96-87-43-41-78-79-88-93-84-55-77-59-49-72-18-99-76-20-23-48-31-7-32-37-28-90-35-13-24-47-39-42-100-73-67-94-11-2-53-85-34-21-61-9-10-4-65-82-33-30-19-14-83-66-62-81-17-6-27-75-80-36-40-97
Ta100x20,4,2,200,0.9625,0.05,5,2230405246,17000,6535,6306,6072,6.598700426,v2_avx512_vecx_batch16_exact_perm,1-68-60-45-44-91-67-74-50-69-51-98-88-8-29-79-56-86-5-84-55-70-22-16-58-54-15-96-76-64-78-25-26-23-12-43-89-93-46-32-11-38-63-2-71-57-7-65-18-87-35-41-99-49-77-13-39-59-95-90-92-48-52-94-61-14-100-34-31-62-24-81-4-37-47-28-33-6-85-3-42-66-21-72-20-19-36-9-17-10-53-82-30-83-27-73-80-40-75-97
Ta100x20,4,2,200,0.9625,0.05,6,2230406255,17000,6548,6306,6072,6.110287552,v2_avx512_vecx_batch16_exact_perm,1-68-91-16-88-44-60-29-86-38-69-67-74-46-55-45-57-50-5-47-8-56-61-51-89-92-54-49-71-43-59-26-79-63-41-98-99-25-3-23-9-87-52-93-13-12-84-24-21-2-66-96-77-76-78-34-18-65-7-58-39-72-22-28-32-20-94-100-4-70-83-95-31-6-90-48-64-53-85-11-37-36-30-35-75-15-42-40-82-14-27-62-81-80-73-33-10-19-17-97
Ta100x20,4,2,200,0.9625,0.05,7,2230407264,17000,6443,6306,6072,5.680087562,v2_avx512_vecx_batch16_exact_perm,1-69-91-50-8-5-74-43-44-23-60-16-29-45-95-88-28-98-76-99-46-71-38-57-84-63-25-79-86-26-15-56-13-58-78-24-32-51-7-12-55-67-41-70-52-65-87-93-89-54-100-92-39-72-34-49-9-61-96-18-11-42-83-77-47-59-22-73-2-37-31-35-85-64-94-48-3-90-6-68-53-33-62-20-4-19-81-21-66-17-10-80-75-82-30-14-27-36-40-97
Ta100x20,4,2,200,0.9625,0.05,8,2230408273,17000,6467,6306,6072,5.872638862,v2_avx512_vecx_batch16_exact_perm,1-60-91-74-69-44-8-45-70-5-86-46-51-29-98-67-38-52-55-50-88-84-96-89-25-16-56-93-12-99-15-71-63-66-41-57-58-43-47-2-78-65-64-3-32-26-79-28-61-92-54-87-95-22-72-76-18-31-20-17-13-7-90-59-37-100-68-24-49-23-21-85-11-9-94-39-35-6-73-77-48-42-34-53-19-83-4-82-10-33-81-75-80-36-30-14-62-27-40-97
Ta100x20,4,2,200,0.9625,0.05,9,2230409282,17000,6451,6306,6072,5.61986154,v2_avx512_vecx_batch16_exact_perm,1-68-44-45-60-29-46-65-5-51-57-91-38-67-26-84-70-74-86-8-13-58-52-69-7-92-89-79-88-96-56-32-90-43-16-64-76-71-23-31-77-95-50-87-98-93-99-48-9-63-18-25-100-54-11-94-72-59-78-15-41-17-49-33-3-22-55-2-34-61-66-53-39-37-12-28-35-30-24-21-42-62-83-47-6-81-10-85-20-82-4-19-14-73-27-75-80-36-40-97
Ta100x20,4,2,200,0.9625,0.05,10,2230410291,17000,6535,6306,6072,5.838861539,v2_avx512_vecx_batch16_exact_perm,1-44-8-69-74-5-45-91-50-64-57-60-16-23-49-58-56-67-92-77-46-29-38-89-96-52-71-95-87-63-24-84-86-34-99-26-94-98-70-61-85-25-43-41-55-88-13-15-51-39-32-79-76-9-21-78-54-93-100-65-22-11-3-2-31-42-18-90-35-47-72-12-37-48-83-36-59-28-7-81-10-6-66-4-19-20-80-68-73-62-53-33-14-27-82-17-30-40-75-97
Ta100x20,4,2,200,0.9625,0.075,1,2230401210,17000,6451,6306,6072,6.419535532,v2_avx512_vecx_batch16_exact_perm,1-68-44-45-8-5-69-74-99-23-60-16-56-29-88-79-71-55-67-98-46-38-95-22-51-54-70-15-91-12-50-58-43-78-26-92-96-86-89-57-52-28-63-65-84-41-31-39-64-61-3-35-24-13-93-62-42-17-2-32-18-94-87-25-11-100-21-9-83-85-48-59-76-37-7-6-66-47-10-73-90-4-49-77-20-19-72-53-33-81-82-30-14-34-27-75-80-36-40-97
Ta100x20,4,2,200,0.9625,0.075,2,2230402219,17000,6542,6306,6072,6.150529683,v2_avx512_vecx_batch16_exact_perm,1-69-68-8-44-5-74-49-46-29-45-26-60-89-100-96-28-76-84-92-50-57-7-91-65-38-78-71-67-56-12-43-70-79-31-88-10-63-41-37-15-99-13-58-9-86-77-33-87-23-54-98-25-95-16-51-72-2-24-73-22-20-18-64-42-61-55-53-93-90-85-32-14-21-52-30-34-3-47-59-48-6-39-81-11-66-94-4-82-83-19-35-62-80-27-36-17-40-75-97
Ta100x20,4,2,200,0.9625,0.075,3,2230403228,17000,6520,6306,6072,6.092522716,v2_avx512_vecx_batch16_exact_perm,68-44-8-5-1-91-60-92-46-16-29-50-45-56-38-26-58-52-23-69-84-70-25-96-63-86-13-61-78-99-98-55-76-15-7-95-54-74-71-3-28-88-79-31-57-67-51-83-65-89-100-43-47-18-72-49-21-39-11-59-87-33-37-48-22-64-53-85-34-32-93-24-10-12-9-2-73-94-4-30-42-19-75-77-41-90-35-20-66-62-81-82-6-80-97-36-14-27-17-40
Ta100x20,4,2,200,0.9625,0.075,4,2230404237,17000,6486,6306,6072,6.172505716,v2_avx512_vecx_batch16_exact_perm,68-91-1-50-8-5-44-60-74-45-58-69-84-92-46-15-71-55-79-89-63-56-88-70-65-34-32-78-7-54-25-3-38-26-86-52-95-77-98-96-64-13-99-41-87-2-18-61-37-51-49-12-57-21-16-43-67-14-94-76-23-29-90-100-83-93-24-39-33-20-73-28-42-62-48-9-72-22-31-4-53-30-47-59-11-35-85-27-82-66-6-19-10-81-17-75-80-36-40-97
Ta100x20,4,2,200,0.9625,0.075,5,2230405246,17000,6473,6306,6072,5.927045627,v2_avx512_vecx_batch16_exact_perm,1-68-44-45-29-5-60-69-86-71-50-51-46-57-52-26-92-38-74-98-58-84-56-88-95-49-22-89-15-43-23-99-100-12-8-55-96-67-94-61-76-93-91-65-18-9-25-13-54-11-63-90-87-32-7-73-2-48-16-64-31-42-70-3-77-21-78-47-35-4-53-19-39-28-37-83-6-59-34-24-41-85-79-62-66-17-20-72-82-33-30-10-14-75-81-36-27-80-40-97
Ta100x20,4,2,200,0.9625,0.075,6,2230406255,17000,6535,6306,6072,6.046807462,v2_avx512_vecx_batch16_exact_perm,1-60-8-86-5-44-69-91-74-64-46-50-92-87-79-38-88-58-56-20-55-76-84-23-45-63-57-35-67-43-51-2-93-98-41-12-65-78-26-9-29-25-71-52-47-96-89-39-3-32-13-48-99-49-18-94-24-16-83-31-61-85-73-90-54-4-95-70-28-15-7-22-37-59-6-11-42-21-66-81-77-68-30-72-100-62-10-34-53-33-80-27-36-82-14-19-17-40-75-97
Ta100x20,4,2,200,0.9625,0.075,7,2230407264,17000,6465,6306,6072,5.946946905,v2_avx512_vecx_batch16_exact_perm,1-68-5-44-50-8-88-79-60-74-86-57-38-69-71-98-46-65-89-64-78-51-70-26-55-45-56-23-52-63-7-96-91-43-29-32-76-9-12-17-18-54-3-16-2-67-58-99-92-41-87-84-93-25-77-61-95-15-59-73-24-33-49-21-90-72-34-13-48-47-42-100-62-94-31-22-35-39-14-83-80-11-53-66-75-85-28-4-82-37-30-20-10-81-19-6-36-27-40-97
Ta100x20,4,2,200,0.9625,0.075,8,2230408273,17000,6451,6306,6072,5.883667858,v2_avx512_vecx_batch16_exact_perm,1-68-44-8-45-5-16-60-70-74-56-84-46-51-29-58-69-57-79-86-38-64-88-91-89-50-31-63-26-15-54-92-71-76-87-95-78-43-99-67-55-25-52-41-24-96-98-32-35-11-7-23-37-42-48-2-61-3-93-34-47-18-12-21-83-65-28-100-22-33-9-13-72-49-10-85-90-4-20-82-66-53-39-59-73-62-77-30-14-94-19-81-17-6-27-75-80-36-40-97
Ta100x20,4,2,200,0.9625,0.075,9,2230409282,17000,6482,6306,6072,6.182252196,v2_avx512_vecx_batch16_exact_perm,1-68-44-45-5-60-8-79-67-69-88-71-91-50-98-74-51-84-29-86-38-46-57-87-9-100-70-25-52-26-23-95-93-89-31-78-58-41-96-92-49-12-43-99-56-16-61-18-13-83-2-15-64-63-11-54-65-55-76-3-4-24-66-7-39-77-37-59-72-81-32-42-90-48-22-35-62-21-20-28-85-19-53-47-73-33-30-10-82-17-6-34-27-14-75-94-97-80-36-40
Ta100x20,4,2,200,0.9625,0.075,10,2230410291,17000,6459,6306,6072,5.760050213,v2_avx512_vecx_batch16_exact_perm,1-69-8-16-45-60-70-5-91-44-74-38-46-51-79-67-56-65-84-26-71-34-50-89-58-86-63-55-64-28-57-98-92-29-93-95-100-54-31-87-22-35-49-25-23-96-43-9-78-39-99-18-61-20-7-59-47-15-52-62-2-13-72-21-88-48-12-11-17-76-90-32-77-85-94-24-10-66-41-33-14-82-53-3-68-37-42-83-81-6-4-19-30-73-27-75-80-36-40-97
Ta100x20,4,2,200,0.9625,0.1,1,2230401210,17000,6535,6306,6072,6.323420233,v2_avx512_vecx_batch16_exact_perm,1-69-91-8-74-5-44-18-70-88-45-29-50-67-71-89-52-79-87-60-3-51-46-95-63-56-28-84-12-26-49-57-43-99-58-86-55-15-93-32-38-92-25-7-77-98-68-54-13-61-34-96-76-23-16-31-24-47-22-39-82-78-11-64-59-41-35-85-20-42-17-48-37-9-90-100-73-72-2-4-94-66-36-65-81-19-21-62-80-53-30-83-6-33-14-10-27-40-75-97
Ta100x20,4,2,200,0.9625,0.1,2,2230402219,17000,6488,6306,6072,6.299334786,v2_avx512_vecx_batch16_exact_perm,1-60-91-74-57-50-92-5-44-45-69-29-86-26-88-84-70-8-87-25-12-16-43-3-46-51-68-58-56-78-23-89-54-67-100-33-34-99-15-96-32-7-38-37-93-18-77-49-95-31-98-41-63-71-24-13-48-59-22-64-28-2-73-4-52-90-65-11-10-42-53-47-21-83-66-76-79-94-9-55-72-61-35-39-20-85-19-75-82-30-6-36-14-27-17-62-81-80-40-97
Ta100x20,4,2,200,0.9625,0.1,3,2230403228,17000,6493,6306,6072,6.225174166,v2_avx512_vecx_batch16_exact_perm,68-44-8-74-5-69-1-45-57-52-86-89-50-91-88-51-29-98-46-23-84-67-24-71-79-16-100-56-92-95-26-70-43-25-38-78-58-63-60-77-49-4-99-3-72-9-22-76-28-13-18-65-55-41-83-32-54-96-90-87-61-31-12-7-42-47-64-20-37-73-2-66-85-39-15-34-21-53-62-35-6-93-94-59-14-48-75-80-10-81-82-11-33-19-17-30-27-36-40-97
Ta100x20,4,2,200,0.9625,0.1,4,2230404237,17000,6502,6306,6072,6.097053024,v2_avx512_vecx_batch16_exact_perm,1-68-44-5-91-8-51-16-69-26-46-70-74-60-23-58-88-45-67-29-55-71-38-61-56-78-99-86-96-98-43-57-50-54-41-25-95-63-32-13-89-22-100-83-65-18-76-93-33-21-2-15-84-90-24-92-42-11-64-79-85-77-47-12-3-31-72-48-49-94-52-4-9-28-73-59-39-14-7-35-87-82-30-34-53-37-75-20-19-66-81-10-6-36-27-80-17-62-40-97
Ta100x20,4,2,200,0.9625,0.1,5,2230405246,17000,6462,6306,6072,6.175621679,v2_avx512_vecx_batch16_exact_perm,1-68-5-44-60-74-45-88-29-67-8-70-51-78-69-86-71-46-99-56-100-95-38-31-26-89-16-98-84-23-50-55-63-87-9-58-52-48-92-22-54-25-18-43-76-47-3-72-32-42-64-79-24-13-96-57-37-49-2-39-15-93-28-21-65-61-12-41-7-91-77-59-83-34-19-11-66-4-20-90-94-53-62-6-85-17-81-35-10-36-14-27-75-97-33-82-30-73-80-40
Ta100x20,4,2,200,0.9625,0.1,6,2230406255,17000,6535,6306,6072,6.202018319,v2_avx512_vecx_batch16_exact_perm,1-44-74-70-5-8-60-69-91-51-50-29-45-67-86-26-56-96-78-65-13-84-63-43-23-57-16-9-52-59-38-55-54-41-87-95-93-100-89-10-68-58-71-92-46-72-22-15-98-12-25-3-39-11-31-61-2-35-18-28-32-99-88-21-66-37-53-49-79-47-76-7-64-48-77-36-94-24-90-42-20-6-4-17-83-27-85-80-33-82-62-81-19-30-73-14-34-40-75-97
Ta100x20,4,2,200,0.9625,0.1,7,2230407264,17000,6451,6306,6072,6.122495592,v2_avx512_vecx_batch16_exact_perm,1-68-5-44-91-45-60-8-16-74-88-12-69-56-71-46-52-84-79-38-51-98-86-70-11-67-43-29-23-50-87-58-99-55-89-77-26-64-92-96-78-13-63-18-93-24-15-41-95-25-17-65-4-22-54-72-28-21-76-49-100-53-57-62-31-3-59-90-48-37-32-2-42-7-94-73-47-83-82-39-85-20-35-66-34-30-19-61-9-6-81-33-27-14-10-75-80-36-40-97
Ta100x20,4,2,200,0.9625,0.1,8,2230408273,17000,6532,6306,6072,6.280129607,v2_avx512_vecx_batch16_exact_perm,68-44-8-60-74-79-1-5-69-86-45-56-23-84-99-58-98-51-31-71-16-91-76-57-3-70-46-15-67-50-64-89-43-96-63-48-65-25-52-26-54-78-38-88-47-32-34-24-29-7-95-92-87-90-18-13-41-59-22-12-77-72-37-53-83-49-100-61-85-55-21-14-94-35-93-42-30-4-82-20-11-2-81-39-27-6-17-19-66-33-62-28-10-73-9-80-36-40-75-97
Ta100x20,4,2,200,0.9625,0.1,9,2230409282,17000,6471,6306,6072,6.239218444,v2_avx512_vecx_batch16_exact_perm,1-68-91-8-69-16-74-60-57-44-29-86-52-26-71-5-46-98-45-51-88-78-67-56-79-84-89-94-38-96-95-23-99-13-25-22-54-58-55-3-43-41-50-34-65-14-93-87-21-64-63-70-24-49-100-18-47-39-92-35-76-32-48-72-12-61-15-53-20-42-2-37-11-31-7-83-59-90-33-4-73-28-9-75-85-30-62-82-66-77-81-6-10-80-19-17-27-36-40-97
Ta100x20,4,2,200,0.9625,0.1,10,2230410291,17000,6453,6306,6072,6.020248406,v2_avx512_vecx_batch16_exact_perm,1-60-68-91-45-50-55-74-23-44-52-26-69-56-88-29-86-63-71-84-28-8-67-78-54-3-25-51-13-95-58-22-12-46-38-5-24-33-17-70-49-96-94-92-43-39-9-98-93-16-32-76-82-57-89-15-99-79-61-87-6-34-77-31-7-11-18-72-42-41-66-37-2-64-59-4-65-53-83-47-100-90-62-48-81-19-20-85-30-73-21-14-27-35-10-75-80-36-40-97
Ta100x20,4,2,200,0.9625,0.125,1,2230401210,17000,6516,6306,6072,5.963217885,v2_avx512_vecx_batch16_exact_perm,68-44-8-74-16-1-69-91-79-67-5-50-26-12-96-29-31-58-60-64-56-57-70-46-84-88-13-15-95-92-86-52-47-51-43-63-99-3-38-78-32-87-45-25-23-71-9-93-98-17-54-18-22-90-48-72-49-65-89-61-11-2-37-28-33-100-39-41-76-24-4-53-7-36-55-59-77-83-66-85-6-30-35-97-21-42-94-10-62-14-27-81-82-20-80-73-19-34-75-40
Ta100x20,4,2,200,0.9625,0.125,2,2230402219,17000,6464,6306,6072,6.175925021,v2_avx512_vecx_batch16_exact_perm,1-68-60-44-65-29-45-5-69-26-91-86-74-57-51-67-50-92-46-32-56-84-88-71-49-23-70-78-22-54-15-16-100-90-7-96-4-99-77-89-43-98-8-95-58-63-38-73-31-59-64-35-9-24-93-79-13-18-3-25-28-61-39-55-87-66-21-52-76-12-30-47-62-11-85-34-48-72-20-37-41-94-53-14-2-75-19-10-42-83-82-33-6-81-27-36-80-17-40-97
Ta100x20,4,2,200,0.9625,0.125,3,2230403228,17000,6478,6306,6072,6.216696164,v2_avx512_vecx_batch16_exact_perm,1-60-68-44-45-50-8-74-79-23-5-69-91-95-57-26-70-71-38-58-88-16-56-46-92-86-54-100-29-67-99-87-77-52-63-59-84-96-11-18-2-93-64-4-89-25-61-7-21-13-55-22-98-33-12-51-73-76-47-42-15-78-65-43-53-28-72-24-3-32-85-49-39-31-20-37-41-9-94-48-82-62-17-66-90-6-34-35-10-83-81-14-19-30-27-75-80-36-40-97
Ta100x20,4,2,200,0.9625,0.125,4,2230404237,17000,6478,6306,6072,6.34018976,v2_avx512_vecx_batch16_exact_perm,1-68-60-8-5-50-69-65-45-74-95-16-56-51-46-26-98-23-91-89-25-29-76-78-57-43-86-79-31-84-99-70-38-58-20-88-67-44-61-13-9-49-3-24-77-33-59-72-4-7-96-90-21-39-15-18-66-92-54-11-37-55-63-93-42-87-53-22-52-41-48-35-83-64-12-94-62-28-85-32-30-71-100-2-47-81-14-34-75-10-82-19-6-17-27-73-80-36-40-97
Ta100x20,4,2,200,0.9625,0.125,5,2230405246,17000,6451,6306,6072,6.278559252,v2_avx512_vecx_batch16_exact_perm,1-68-91-45-67-44-16-51-29-26-5-69-38-60-74-46-23-57-8-66-22-84-15-95-55-89-54-50-56-11-88-58-99-63-25-64-31-96-3-65-43-47-78-71-79-87-52-86-7-18-92-48-83-70-93-85-41-77-42-37-13-24-61-98-100-90-76-4-49-32-28-72-10-73-2-53-12-30-21-35-59-94-20-62-14-81-19-33-27-82-39-17-6-34-9-75-80-36-40-97
Ta100x20,4,2,200,0.9625,0.125,6,2230406255,17000,6507,6306,6072,6.335360164,v2_avx512_vecx_batch16_exact_perm,1-69-91-8-44-45-50-29-60-51-5-70-67-74-46-32-52-38-56-57-23-63-3-79-77-86-99-58-84-95-15-98-76-89-90-43-26-49-88-96-25-93-71-16-18-54-87-21-22-31-13-55-92-78-64-35-62-68-41-24-12-61-7-33-47-39-48-28-65-11-36-53-100-2-94-37-42-9-83-59-72-10-20-66-17-97-19-30-85-34-82-6-81-14-4-73-27-75-80-40
Ta100x20,4,2,200,0.9625,0.125,7,2230407264,17000,6522,6306,6072,6.544394684,v2_avx512_vecx_batch16_exact_perm,68-91-44-29-45-92-5-23-88-26-95-89-69-8-51-60-46-38-74-16-71-98-84-52-55-96-70-56-86-25-99-54-11-13-93-41-58-67-1-78-100-15-22-39-65-87-83-50-3-63-72-48-59-79-61-9-49-77-7-14-85-28-37-76-33-47-2-64-73-42-12-18-24-43-21-94-32-62-81-6-35-57-31-10-90-66-20-4-80-75-53-82-30-19-34-27-36-17-40-97
Ta100x20,4,2,200,0.9625,0.125,8,2230408273,17000,6535,6306,6072,6.319090194,v2_avx512_vecx_batch16_exact_perm,1-68-44-45-5-60-8-50-3-64-87-26-91-74-89-57-29-16-25-46-67-69-51-99-61-38-2-52-88-98-58-41-13-56-84-18-86-95-63-55-31-23-54-71-43-12-93-35-42-15-49-24-77-22-76-59-96-92-32-47-9-79-70-72-7-78-85-100-21-11-39-66-65-36-83-37-90-28-6-4-34-53-10-48-20-94-33-82-19-30-73-81-14-62-27-80-17-40-75-97
Ta100x20,4,2,200,0.9625,0.125,9,2230409282,17000,6497,6306,6072,6.665196058,v2_avx512_vecx_batch16_exact_perm,1-69-68-64-60-45-50-87-84-74-16-63-51-5-56-67-54-92-29-98-38-44-25-61-55-88-7-89-91-31-86-8-57-52-71-15-96-9-58-79-13-43-95-100-26-28-76-47-37-32-2-78-93-21-41-12-17-39-70-46-18-22-65-59-36-99-27-3-77-11-4-66-24-35-42-85-73-34-94-23-20-49-72-53-30-90-48-83-82-75-81-6-19-33-14-10-80-62-40-97
Ta100x20,4,2,200,0.9625,0.125,10,2230410291,17000,6451,6306,6072,6.459555676,v2_avx512_vecx_batch16_exact_perm,1-68-5-91-60-8-44-74-69-45-83-86-12-26-50-100-89-71-56-29-32-38-67-46-98-58-95-78-99-92-52-64-18-47-22-43-88-73-2-54-96-61-51-70-59-84-55-28-63-16-13-11-15-87-93-79-41-31-25-37-21-48-23-77-65-72-7-90-57-33-39-30-3-76-42-10-85-49-24-53-9-14-35-94-6-4-20-62-19-66-81-82-17-34-27-75-80-36-40-97
Ta100x20,4,2,200,1.0,0.025,1,2230401210,17000,6503,6306,6072,6.604329276,v2_avx512_vecx_batch16_exact_perm,1-68-44-45-8-5-29-67-69-74-64-26-46-60-3-71-87-16-50-89-15-86-57-92-52-84-55-56-58-95-54-96-61-43-12-2-93-41-98-25-63-7-100-65-38-91-51-88-59-47-21-70-99-32-11-18-49-13-83-79-76-90-9-78-72-22-28-66-20-73-48-24-85-37-94-17-23-42-19-34-77-39-53-30-35-31-10-81-6-4-82-80-62-14-27-75-36-33-40-97
Ta100x20,4,2,200,1.0,0.025,2,2230402219,17000,6527,6306,6072,6.347330929,v2_avx512_vecx_batch16_exact_perm,68-29-16-51-60-1-44-5-69-26-45-89-8-91-38-74-98-23-67-78-12-43-79-86-56-71-99-58-46-88-57-96-28-3-15-7-55-39-35-54-92-63-25-22-64-95-32-50-47-84-18-48-52-87-31-11-49-59-76-93-24-90-73-13-70-61-77-2-4-6-37-20-66-41-34-33-72-65-9-21-42-53-14-94-81-10-19-85-82-83-100-30-62-80-17-27-75-36-40-97
Ta100x20,4,2,200,1.0,0.025,3,2230403228,17000,6501,6306,6072,6.174867295,v2_avx512_vecx_batch16_exact_perm,68-44-8-16-1-29-86-46-88-58-38-67-5-92-91-50-71-56-69-32-45-89-60-74-98-23-3-64-57-95-63-94-26-41-24-65-84-25-78-96-10-77-79-93-55-52-54-70-4-20-12-13-9-59-72-87-11-33-22-43-18-48-49-99-100-90-7-39-51-83-28-35-21-73-15-85-62-31-76-47-61-2-37-82-42-97-14-53-30-81-6-34-19-66-27-75-36-80-17-40
Ta100x20,4,2,200,1.0,0.025,4,2230404237,17000,6453,6306,6072,5.960678973,v2_avx512_vecx_batch16_exact_perm,1-68-44-74-60-45-67-65-29-5-69-88-71-55-16-8-86-46-57-38-26-3-64-25-50-96-51-70-56-49-84-58-2-54-89-52-99-7-95-76-92-77-98-18-39-91-9-32-41-61-94-13-12-72-24-79-63-93-23-21-48-28-100-43-47-59-62-87-90-31-78-85-66-17-15-20-34-10-22-73-37-81-42-14-11-35-4-19-33-53-30-83-80-75-82-6-36-27-40-97
Ta100x20,4,2,200,1.0,0.025,5,2230405246,17000,6399,6306,6072,5.992293757,v2_avx512_vecx_batch16_exact_perm,1-68-91-44-45-74-26-5-88-29-69-16-64-89-60-50-87-51-70-86-58-57-92-46-43-99-55-8-18-78-25-7-100-56-11-54-63-52-96-12-76-84-38-32-93-13-67-31-24-71-17-98-22-4-95-15-72-79-41-23-35-61-20-39-3-2-49-47-37-59-36-33-48-65-21-77-6-90-62-34-73-9-66-85-94-14-75-30-81-53-10-19-42-28-83-27-82-80-40-97
Ta100x20,4,2,200,1.0,0.025,6,2230406255,17000,6535,6306,6072,6.085363476,v2_avx512_vecx_batch16_exact_perm,1-68-44-60-74-91-51-45-5-69-65-8-67-71-70-86-78-98-46-96-24-16-13-89-54-76-29-22-26-92-50-52-23-38-88-43-57-84-77-7-79-63-72-25-95-55-49-15-58-64-14-12-48-35-56-33-41-99-93-61-87-34-31-3-18-59-39-32-9-21-37-100-28-4-47-82-2-53-85-11-83-90-42-30-66-20-81-62-73-94-10-6-80-27-19-36-17-40-75-97
Ta100x20,4,2,200,1.0,0.025,7,2230407264,17000,6468,6306,6072,6.418666697,v2_avx512_vecx_batch16_exact_perm,1-44-60-74-8-16-56-91-45-5-26-86-29-95-69-88-67-51-50-71-55-78-96-68-15-63-84-46-92-64-93-57-52-98-23-89-58-38-79-31-41-70-76-54-35-72-25-61-87-83-12-32-18-9-13-11-22-28-53-42-99-65-3-2-73-48-85-43-21-47-90-59-37-94-39-7-24-100-49-77-4-75-36-30-10-20-6-66-34-82-19-33-14-17-62-27-81-80-40-97
Ta100x20,4,2,200,1.0,0.025,8,2230408273,17000,6494,6306,6072,6.270926747,v2_avx512_vecx_batch16_exact_perm,1-68-5-44-91-8-16-74-60-29-55-86-95-98-51-58-69-46-70-64-56-59-71-67-43-50-45-89-92-63-84-88-57-22-23-78-99-15-31-72-38-11-77-18-26-52-76-79-33-87-54-7-47-2-25-13-96-73-12-49-32-24-93-48-90-6-35-41-61-3-94-4-34-39-20-10-85-21-37-100-9-75-30-66-65-53-28-14-62-83-80-81-82-42-27-19-17-36-40-97
Ta100x20,4,2,200,1.0,0.025,9,2230409282,17000,6504,6306,6072,6.39718033,v2_avx512_vecx_batch16_exact_perm,1-68-91-16-60-88-74-45-67-29-44-69-23-46-56-79-92-5-89-58-8-26-38-71-93-70-52-84-41-98-78-50-24-25-73-96-22-18-11-54-7-13-31-76-35-59-99-49-33-48-12-86-64-87-63-47-32-9-43-65-77-100-55-57-3-95-72-28-90-61-39-21-51-94-85-37-62-20-42-15-66-4-36-30-27-17-10-81-19-53-82-6-14-34-83-75-2-80-40-97
Ta100x20,4,2,200,1.0,0.025,10,2230410291,17000,6451,6306,6072,6.95401784,v2_avx512_vecx_batch16_exact_perm,1-68-91-69-8-67-74-45-5-44-51-60-71-79-3-78-98-29-96-57-52-86-95-26-50-25-56-17-54-38-55-43-89-46-16-15-99-84-58-20-76-63-61-83-88-64-31-92-70-100-24-49-87-21-23-18-93-37-65-2-59-94-39-73-13-41-35-22-7-32-28-90-47-11-12-42-48-72-53-66-85-30-62-77-33-4-19-9-81-82-6-34-14-10-27-75-80-36-40-97
Ta100x20,4,2,200,1.0,0.05,1,2230401210,17000,6496,6306,6072,6.809827273,v2_avx512_vecx_batch16_exact_perm,1-68-44-8-74-5-45-89-69-50-26-46-29-91-79-63-60-86-43-87-96-99-38-52-95-57-67-23-92-71-88-51-15-16-78-25-9-84-70-54-56-55-58-31-61-76-72-41-32-18-24-42-47-7-65-98-22-64-49-94-100-12-2-3-93-48-28-17-39-85-13-59-73-11-62-90-83-77-53-20-35-6-81-4-21-66-80-37-34-10-33-14-19-75-82-30-27-36-40-97
Ta100x20,4,2,200,1.0,0.05,2,2230402219,17000,6497,6306,6072,7.142241716,v2_avx512_vecx_batch16_exact_perm,1-68-5-44-91-8-16-60-74-29-46-69-67-51-88-32-12-70-23-45-71-78-50-86-54-38-84-98-58-41-57-92-25-52-3-56-89-72-15-26-93-13-95-2-47-22-64-100-59-49-31-61-96-87-21-9-85-99-43-77-37-24-79-18-7-63-76-28-11-94-39-55-65-36-35-6-4-48-66-34-90-82-53-75-42-20-83-19-30-10-62-33-81-73-14-27-80-17-40-97
Ta100x20,4,2,200,1.0,0.05,3,2230403228,17000,6451,6306,6072,6.708044125,v2_avx512_vecx_batch16_exact_perm,1-60-8-44-74-69-45-86-57-5-51-88-50-71-70-26-28-29-38-84-58-91-46-56-99-49-96-13-92-55-89-52-93-95-20-25-22-98-67-17-64-77-16-79-3-41-65-54-32-9-76-59-63-100-43-78-15-47-12-39-35-31-2-37-18-7-61-14-90-73-87-21-34-33-23-24-62-48-68-83-6-53-42-11-94-81-19-66-72-4-27-85-82-30-10-75-80-36-40-97
Ta100x20,4,2,200,1.0,0.05,4,2230404237,17000,6500,6306,6072,7.015352746,v2_avx512_vecx_batch16_exact_perm,1-8-69-5-50-91-45-79-26-60-67-68-51-58-74-96-70-29-98-23-16-99-57-88-86-56-78-84-71-41-52-63-43-76-46-100-24-44-55-89-49-64-54-93-18-92-87-77-95-20-25-83-39-47-85-13-31-38-32-3-59-37-15-61-90-72-12-48-21-62-33-2-65-28-11-22-4-66-7-42-53-30-6-35-82-94-81-10-14-73-19-34-75-9-27-80-36-17-40-97
Ta100x20,4,2,200,1.0,0.05,5,2230405246,17000,6514,6306,6072,7.220885953,v2_avx512_vecx_batch16_exact_perm,1-44-60-50-8-70-74-5-29-67-69-16-91-84-38-95-46-52-86-45-56-51-26-57-92-78-25-90-71-98-88-58-76-79-9-47-7-96-55-61-89-43-28-65-72-77-41-18-63-99-31-32-13-22-48-49-54-15-3-39-2-37-93-30-100-87-59-64-4-83-35-21-62-66-85-11-68-12-81-6-53-23-34-42-24-73-94-75-20-19-33-10-80-82-27-97-36-14-17-40
Ta100x20,4,2,200,1.0,0.05,6,2230406255,17000,6461,6306,6072,6.513558788,v2_avx512_vecx_batch16_exact_perm,68-44-8-5-74-64-26-29-60-69-16-71-38-46-86-58-1-91-50-51-98-12-52-56-57-84-49-7-63-100-92-95-70-13-99-15-77-88-45-90-67-32-41-78-89-96-43-83-18-79-25-22-3-54-87-39-35-23-76-24-55-28-62-93-65-48-31-11-53-2-21-42-61-94-73-20-59-9-37-66-33-17-85-4-6-14-72-47-82-10-19-30-81-34-75-27-80-36-40-97
Ta100x20,4,2,200,1.0,0.05,7,2230407264,17000,6520,6306,6072,6.618913769,v2_avx512_vecx_batch16_exact_perm,1-69-74-8-5-45-44-60-52-56-46-92-51-67-16-57-86-91-23-55-88-78-47-25-50-13-70-84-34-12-63-38-58-41-93-29-26-31-65-87-64-22-54-32-15-43-77-18-71-76-95-79-49-96-3-37-68-66-7-28-99-24-98-89-61-4-90-85-33-11-72-21-20-53-59-39-73-35-48-10-83-2-30-100-9-6-62-94-80-75-81-42-82-27-36-14-19-17-40-97
Ta100x20,4,2,200,1.0,0.05,8,2230408273,17000,6463,6306,6072,6.770872039,v2_avx512_vecx_batch16_exact_perm,1-68-69-8-74-5-91-44-29-16-45-60-67-51-26-86-13-88-56-92-71-78-70-65-50-84-57-79-96-93-15-55-49-3-25-90-46-28-89-77-22-54-95-58-63-11-2-99-98-38-76-23-61-32-18-83-87-12-43-7-100-31-59-39-94-41-4-73-52-20-66-37-21-9-35-42-85-6-72-82-47-24-64-48-62-30-53-34-75-14-33-10-19-81-27-36-80-17-40-97
Ta100x20,4,2,200,1.0,0.05,9,2230409282,17000,6497,6306,6072,6.750252207,v2_avx512_vecx_batch16_exact_perm,1-44-60-74-70-8-45-5-88-91-29-50-71-46-51-16-57-69-86-38-63-26-78-65-64-56-79-89-11-28-99-58-18-43-22-98-66-67-7-48-84-41-25-87-61-54-13-96-39-17-9-52-95-72-77-3-49-76-59-93-23-24-47-31-35-55-92-42-90-20-36-37-2-94-12-53-68-32-21-100-15-4-73-30-85-83-10-82-81-33-19-6-34-14-75-62-27-80-40-97
Ta100x20,4,2,200,1.0,0.05,10,2230410291,17000,6503,6306,6072,6.978818421,v2_avx512_vecx_batch16_exact_perm,1-60-68-44-65-64-69-50-67-8-79-70-74-29-88-71-46-86-55-51-45-58-89-84-52-57-5-56-25-26-96-38-93-78-22-98-47-41-13-54-16-3-15-63-95-77-91-21-43-7-23-61-28-99-59-39-49-100-2-42-76-81-11-4-37-24-31-87-12-72-66-92-62-10-20-18-35-9-53-75-30-94-90-85-6-32-34-48-19-83-36-82-33-14-27-73-80-17-40-97
Ta100x20,4,2,200,1.0,0.075,1,2230401210,17000,6469,6306,6072,6.430989006,v2_avx512_vecx_batch16_exact_perm,1-60-8-44-45-86-92-70-84-68-57-5-91-74-16-88-63-52-71-58-79-38-69-29-48-61-67-89-46-56-95-96-25-23-76-54-55-7-77-13-43-15-22-64-26-39-50-65-28-98-78-32-3-51-31-72-18-87-93-9-12-33-11-37-2-42-41-6-35-83-24-62-21-90-85-73-82-49-34-47-99-53-4-10-100-20-66-30-19-94-75-59-14-81-27-36-80-17-40-97
Ta100x20,4,2,200,1.0,0.075,2,2230402219,17000,6500,6306,6072,6.309352559,v2_avx512_vecx_batch16_exact_perm,1-68-8-5-50-69-52-67-71-44-91-74-29-16-38-26-64-15-56-46-45-96-24-63-76-89-54-88-78-58-51-84-95-98-86-43-99-18-23-92-39-57-94-28-77-47-55-65-70-37-25-41-61-31-32-22-7-33-13-90-83-9-87-73-79-93-60-49-100-42-4-85-3-53-48-11-62-2-12-59-72-20-66-21-17-30-35-27-6-81-19-82-14-34-10-75-97-80-36-40
Ta100x20,4,2,200,1.0,0.075,3,2230403228,17000,6463,6306,6072,6.363081544,v2_avx512_vecx_batch16_exact_perm,1-60-91-50-44-29-74-69-57-5-23-45-68-67-71-98-51-86-84-46-8-76-79-31-13-90-88-56-95-26-43-20-41-99-58-78-25-92-54-16-87-61-7-96-55-32-70-24-49-52-38-47-63-9-65-3-48-72-93-12-42-4-22-100-77-18-28-33-59-64-83-89-2-85-37-73-62-15-66-34-14-94-39-21-10-53-6-35-82-75-30-19-11-81-27-36-80-17-40-97
Ta100x20,4,2,200,1.0,0.075,4,2230404237,17000,6466,6306,6072,6.075493316,v2_avx512_vecx_batch16_exact_perm,1-68-91-45-67-8-74-69-70-44-5-71-50-46-96-29-95-52-41-60-98-99-88-23-86-26-57-54-92-9-16-89-15-43-32-58-25-77-13-7-63-38-100-56-39-84-64-93-78-79-49-51-73-2-72-42-47-21-18-61-28-3-65-12-48-37-76-53-4-66-87-31-90-62-33-11-24-10-85-55-81-17-36-22-19-35-59-30-94-20-82-27-6-97-14-34-83-75-80-40
Ta100x20,4,2,200,1.0,0.075,5,2230405246,17000,6481,6306,6072,6.056424,v2_avx512_vecx_batch16_exact_perm,68-44-8-16-45-60-1-56-84-74-46-86-58-64-69-91-29-57-5-92-26-50-63-95-25-15-54-38-22-99-78-87-52-89-71-96-49-34-93-11-23-79-70-88-51-31-18-67-100-83-65-76-61-39-98-55-85-3-12-24-13-43-47-7-2-17-66-20-41-32-19-62-48-90-72-81-6-35-21-59-28-37-77-4-73-9-80-94-42-75-53-10-33-82-30-14-27-97-36-40
Ta100x20,4,2,200,1.0,0.075,6,2230406255,17000,6535,6306,6072,6.700165034,v2_avx512_vecx_batch16_exact_perm,1-68-44-74-69-8-5-60-92-46-88-16-50-45-86-91-94-71-49-57-56-100-84-76-26-96-98-79-51-78-38-58-95-63-54-67-61-31-70-55-72-99-43-64-15-18-23-24-29-87-37-21-13-12-28-32-65-22-41-89-25-11-35-42-48-20-39-93-9-85-3-7-52-4-6-90-47-36-53-66-2-59-62-77-81-83-73-80-19-33-10-17-30-82-34-14-27-40-75-97
Ta100x20,4,2,200,1.0,0.075,7,2230407264,17000,6471,6306,6072,6.797873915,v2_avx512_vecx_batch16_exact_perm,68-44-45-60-8-65-5-74-1-69-84-56-71-50-29-86-64-46-67-78-52-57-96-26-38-23-95-31-16-3-87-58-54-91-9-51-72-63-92-43-12-20-70-89-93-55-88-25-99-79-11-32-18-2-13-49-24-77-76-15-22-39-98-41-61-28-48-37-34-53-21-100-7-42-4-66-62-90-35-59-6-47-85-17-94-30-83-81-73-27-36-14-10-75-80-82-33-19-40-97
Ta100x20,4,2,200,1.0,0.075,8,2230408273,17000,6544,6306,6072,6.8272248,v2_avx512_vecx_batch16_exact_perm,1-68-91-8-74-60-29-69-5-38-86-65-44-45-58-70-32-51-56-63-92-33-95-55-52-93-84-88-89-46-15-98-77-16-71-67-41-7-43-79-50-25-96-76-94-24-57-87-54-23-90-73-22-28-13-53-78-3-11-35-26-4-18-49-2-64-21-31-100-14-99-81-37-42-39-83-34-62-80-85-72-61-12-20-66-59-10-6-9-75-48-47-36-30-27-82-19-17-40-97
Ta100x20,4,2,200,1.0,0.075,9,2230409282,17000,6491,6306,6072,6.747349488,v2_avx512_vecx_batch16_exact_perm,1-68-44-45-69-51-60-65-5-38-91-67-8-71-50-12-29-74-96-58-70-98-86-56-92-23-26-55-46-89-25-78-77-22-99-16-57-35-15-7-84-49-88-64-3-54-43-95-31-87-41-79-59-61-52-93-18-63-47-32-13-39-2-76-42-11-73-24-28-21-4-9-94-85-37-100-33-19-90-83-53-34-10-48-72-20-75-6-82-36-66-30-14-62-81-27-80-17-40-97
Ta100x20,4,2,200,1.0,0.075,10,2230410291,17000,6451,6306,6072,6.511868303,v2_avx512_vecx_batch16_exact_perm,1-68-5-44-91-74-45-16-56-60-84-51-50-67-8-70-71-69-52-46-86-57-38-26-58-78-92-96-98-13-95-39-88-89-61-64-24-72-29-2-41-76-12-20-22-54-25-99-15-100-87-23-63-43-7-17-35-31-59-55-32-65-9-49-79-18-48-93-94-4-90-11-10-21-85-28-3-37-47-73-42-53-34-77-66-81-33-62-82-30-6-19-14-83-27-75-80-36-40-97
Ta100x20,4,2,200,1.0,0.1,1,2230401210,17000,6535,6306,6072,6.958904611,v2_avx512_vecx_batch16_exact_perm,1-68-44-45-5-8-60-16-74-57-89-86-69-29-64-50-46-91-88-15-26-55-58-13-56-96-25-92-63-84-38-52-98-3-71-70-99-41-4-95-51-61-11-49-54-87-79-78-72-65-59-67-23-93-32-100-2-9-39-21-85-22-20-76-33-48-37-43-47-90-18-12-7-31-42-94-66-24-28-82-77-83-35-81-30-62-6-53-10-80-27-36-73-14-19-34-17-40-75-97
Ta100x20,4,2,200,1.0,0.1,2,2230402219,17000,6529,6306,6072,6.949758054,v2_avx512_vecx_batch16_exact_perm,1-60-8-44-29-45-70-50-74-26-5-91-56-86-57-84-96-16-69-52-99-67-23-38-98-17-71-88-78-92-28-79-12-13-54-76-58-22-32-46-89-49-95-93-41-25-39-66-100-43-87-11-63-55-53-18-2-61-90-47-4-21-48-3-42-37-33-15-64-65-51-35-34-7-59-9-24-31-72-62-81-73-83-68-75-85-20-10-19-30-77-82-94-14-27-6-80-40-97-36
Ta100x20,4,2,200,1.0,0.1,3,2230403228,17000,6517,6306,6072,6.936933013,v2_avx512_vecx_batch16_exact_perm,1-69-91-68-45-44-74-5-38-26-60-92-46-29-51-95-16-55-56-8-58-76-84-99-88-33-98-71-79-78-64-28-67-25-89-57-63-70-96-86-39-32-9-100-43-94-13-50-34-11-65-31-72-18-3-41-54-59-61-37-48-93-35-21-87-2-15-90-24-47-52-22-66-7-49-85-77-12-23-36-4-62-42-53-6-19-83-81-82-17-20-30-14-10-73-27-75-80-40-97
Ta100x20,4,2,200,1.0,0.1,4,2230404237,17000,6475,6306,6072,6.844643766,v2_avx512_vecx_batch16_exact_perm,1-60-68-5-44-91-8-29-79-45-89-92-69-65-74-56-88-71-46-78-55-84-96-50-98-25-95-52-86-26-54-23-32-9-16-58-35-17-48-70-93-13-49-67-22-47-51-12-42-38-3-31-61-24-87-15-43-63-64-100-14-94-39-59-21-99-2-53-37-76-77-18-82-7-11-57-28-4-33-90-20-85-73-66-34-19-30-83-62-6-81-10-41-72-27-75-80-36-40-97
Ta100x20,4,2,200,1.0,0.1,5,2230405246,17000,6532,6306,6072,6.955811633,v2_avx512_vecx_batch16_exact_perm,1-68-44-45-8-69-5-16-23-88-50-58-41-29-91-79-46-56-32-74-51-67-60-26-71-89-84-38-98-92-15-52-25-12-63-96-76-54-43-57-10-93-78-59-7-55-64-70-24-13-47-2-17-3-86-39-94-87-65-35-99-9-18-22-100-31-49-21-48-72-37-11-28-42-95-85-66-4-77-73-82-90-53-61-36-81-20-30-19-6-80-34-83-27-62-14-40-75-33-97
Ta100x20,4,2,200,1.0,0.1,6,2230406255,17000,6486,6306,6072,6.934182349,v2_avx512_vecx_batch16_exact_perm,1-69-68-46-91-74-23-16-67-44-60-45-38-26-56-88-29-71-79-50-70-77-5-63-58-8-49-25-84-78-57-96-13-89-86-52-9-51-48-98-100-95-99-61-41-65-35-11-55-22-12-28-43-87-18-2-39-7-73-94-76-62-54-14-32-92-93-15-37-72-31-85-3-47-59-33-90-30-24-81-4-64-19-53-21-6-42-83-34-82-75-66-20-10-27-36-80-17-40-97
Ta100x20,4,2,200,1.0,0.1,7,2230407264,17000,6543,6306,6072,6.972526544,v2_avx512_vecx_batch16_exact_perm,1-68-45-5-69-91-44-74-99-92-60-51-49-67-88-8-55-29-26-25-64-78-84-86-16-43-50-71-57-56-58-79-70-38-13-95-77-89-96-52-47-46-100-35-94-22-3-59-32-18-41-11-93-63-31-54-76-24-65-61-2-20-21-39-48-72-33-85-73-87-28-90-83-37-23-12-36-9-66-7-15-42-30-27-53-6-75-98-34-4-82-19-81-80-62-14-10-17-40-97
Ta100x20,4,2,200,1.0,0.1,8,2230408273,17000,6516,6306,6072,6.980424755,v2_avx512_vecx_batch16_exact_perm,1-68-44-74-69-5-16-88-91-23-29-70-8-38-26-60-45-3-15-54-86-78-99-92-56-71-98-79-95-46-93-42-58-89-63-28-84-67-12-64-43-96-25-13-39-57-47-61-65-2-41-7-32-22-55-87-72-17-24-18-9-6-31-51-76-37-49-20-94-50-52-77-11-21-59-85-53-4-90-73-100-35-36-14-82-48-83-30-62-81-66-27-19-33-34-10-75-80-40-97
Ta100x20,4,2,200,1.0,0.1,9,2230409282,17000,6527,6306,6072,6.917539625,v2_avx512_vecx_batch16_exact_perm,1-68-5-91-44-69-74-60-8-16-64-71-87-15-3-26-93-50-57-49-96-58-38-51-56-29-67-45-70-79-23-54-76-99-86-43-98-22-13-25-63-84-39-78-89-41-92-35-55-100-46-32-11-59-31-24-65-88-47-2-12-4-72-77-9-18-95-94-7-48-52-37-62-73-28-21-85-66-61-6-20-42-30-34-53-83-14-90-75-81-10-80-40-36-27-82-33-19-17-97
Ta100x20,4,2,200,1.0,0.1,10,2230410291,17000,6451,6306,6072,6.836911137,v2_avx512_vecx_batch16_exact_perm,1-68-29-5-91-45-88-60-16-67-44-74-57-46-8-69-79-58-86-38-71-50-43-64-92-3-65-78-96-15-26-56-94-12-70-93-22-98-18-76-32-54-95-51-63-84-89-28-48-49-24-52-87-99-100-13-31-7-62-39-23-77-59-37-10-72-41-21-55-66-53-2-25-47-17-90-20-85-11-42-82-35-83-30-33-4-9-81-6-61-14-19-34-73-27-75-80-36-40-97
Ta100x20,4,2,200,1.0,0.125,1,2230401210,17000,6489,6306,6072,6.4064936,v2_avx512_vecx_batch16_exact_perm,68-44-29-1-67-74-69-91-16-86-88-71-48-52-57-79-5-45-50-51-60-56-26-8-58-15-43-23-89-83-32-70-46-95-25-38-42-99-3-63-28-54-31-84-78-61-96-7-65-87-55-90-73-11-13-98-24-10-18-76-92-93-77-22-39-49-9-100-59-64-12-72-94-53-41-21-35-47-85-30-62-20-66-81-17-34-6-2-37-4-82-14-19-33-27-75-80-36-40-97
Ta100x20,4,2,200,1.0,0.125,2,2230402219,17000,6501,6306,6072,6.692394182,v2_avx512_vecx_batch16_exact_perm,1-68-44-45-60-8-5-50-29-11-38-69-88-74-99-92-46-79-23-87-26-16-84-43-89-12-56-3-58-25-28-93-67-86-100-57-55-54-34-63-98-22-61-95-2-51-91-47-32-76-18-71-59-75-48-15-35-39-53-65-13-49-7-96-64-42-52-41-78-4-70-9-31-72-77-94-19-37-6-85-21-24-73-10-20-66-90-62-27-81-36-17-82-33-30-14-83-80-40-97
Ta100x20,4,2,200,1.0,0.125,3,2230403228,17000,6516,6306,6072,6.566656378,v2_avx512_vecx_batch16_exact_perm,1-68-91-44-16-69-45-88-74-51-60-98-57-71-29-86-26-70-79-96-56-5-89-84-52-50-58-23-8-38-13-67-43-22-78-95-99-72-48-31-54-92-93-33-49-15-3-59-46-24-41-32-9-63-87-47-18-39-11-65-17-25-36-37-55-2-7-66-28-76-20-62-35-12-100-61-90-73-21-30-14-94-77-53-34-64-85-82-4-81-6-10-42-19-83-27-75-80-40-97
Ta100x20,4,2,200,1.0,0.125,4,2230404237,17000,6495,6306,6072,6.464618318,v2_avx512_vecx_batch16_exact_perm,1-68-91-50-26-8-67-74-29-5-51-69-60-46-44-52-86-57-78-58-45-92-23-43-55-56-84-63-71-64-25-96-7-70-99-22-28-54-15-87-38-88-76-61-98-100-13-32-16-42-83-93-85-31-62-12-95-39-79-21-18-33-65-89-49-77-11-41-2-24-17-30-3-35-47-10-66-53-90-94-4-19-36-37-6-48-81-59-20-73-34-14-9-27-72-75-82-80-40-97
Ta100x20,4,2,200,1.0,0.125,5,2230405246,17000,6523,6306,6072,6.47695143,v2_avx512_vecx_batch16_exact_perm,1-68-44-29-91-74-88-45-12-67-69-57-38-51-61-63-32-52-70-5-60-46-71-26-96-79-86-8-50-56-78-98-18-59-58-22-64-41-84-49-16-89-77-99-66-92-54-9-43-87-24-37-42-39-3-55-25-83-47-13-7-76-95-36-72-33-75-15-65-11-21-53-48-90-93-31-4-6-20-2-73-19-35-94-81-23-85-28-100-10-82-34-30-14-62-27-80-17-40-97
Ta100x20,4,2,200,1.0,0.125,6,2230406255,17000,6526,6306,6072,6.383862934,v2_avx512_vecx_batch16_exact_perm,68-44-74-88-1-5-8-16-70-60-7-45-69-71-23-55-91-52-50-56-96-58-99-67-84-100-54-43-86-38-46-51-98-57-29-25-21-65-92-15-61-95-32-18-12-78-66-94-63-64-93-2-22-49-26-89-90-31-87-11-4-20-24-3-39-35-34-76-77-72-48-13-53-41-28-59-37-36-79-9-82-73-47-42-85-17-30-27-81-6-10-62-19-14-33-83-75-80-40-97
Ta100x20,4,2,200,1.0,0.125,7,2230407264,17000,6535,6306,6072,6.725040578,v2_avx512_vecx_batch16_exact_perm,1-68-60-44-8-5-45-67-91-51-50-74-69-96-16-52-71-78-56-65-26-38-29-86-84-95-43-92-46-93-12-98-33-18-41-58-34-70-54-48-94-89-61-87-64-3-21-100-25-99-63-39-15-2-88-13-76-49-79-11-23-77-55-32-59-53-57-7-42-90-83-28-6-22-66-17-47-37-31-24-62-81-19-72-20-85-4-30-14-10-9-73-35-82-80-27-36-40-75-97
Ta100x20,4,2,200,1.0,0.125,8,2230408273,17000,6535,6306,6072,6.458713398,v2_avx512_vecx_batch16_exact_perm,1-68-44-29-8-5-51-60-88-16-45-65-79-69-74-46-56-57-89-95-63-70-71-52-41-86-9-54-58-87-91-92-26-12-18-66-3-25-43-78-47-98-28-96-76-32-64-22-50-93-99-100-13-55-15-61-67-39-49-7-38-31-77-59-20-53-72-30-33-11-24-48-35-82-21-4-85-2-37-34-84-23-6-62-36-27-90-94-19-14-81-10-17-73-80-42-83-40-75-97
Ta100x20,4,2,200,1.0,0.125,9,2230409282,17000,6535,6306,6072,6.390040855,v2_avx512_vecx_batch16_exact_perm,1-68-5-91-45-69-65-64-29-44-79-88-60-50-8-26-100-56-92-89-74-71-16-46-23-38-87-63-12-58-55-61-86-95-2-57-49-98-39-70-67-94-51-22-31-96-77-7-35-84-43-99-59-37-15-52-41-76-32-24-28-78-18-3-11-25-33-72-54-93-21-20-9-34-85-4-47-66-73-42-13-53-90-82-19-48-17-6-62-81-27-80-36-30-14-83-10-40-75-97
Ta100x20,4,2,200,1.0,0.125,10,2230410291,17000,6504,6306,6072,6.267310686,v2_avx512_vecx_batch16_exact_perm,1-68-5-91-44-45-8-74-69-88-16-29-51-46-60-92-99-63-57-54-38-86-23-87-52-71-84-55-56-67-35-98-79-32-89-13-58-95-25-18-31-100-47-96-17-9-72-61-48-65-7-22-26-3-43-64-15-39-21-28-12-41-78-2-4-37-70-53-11-49-59-24-85-34-93-19-42-66-77-40-20-50-76-33-62-82-81-6-30-10-14-73-90-83-94-75-27-80-36-97
Ta100x20,4,3,300,0.85,0.025,1,2230401210,17000,6408,6306,6072,4.634876916,v2_avx512bw_vec32_exact_perm,1-68-5-69-91-8-44-45-74-86-46-79-57-51-29-98-67-88-26-60-71-89-92-38-52-78-54-70-84-16-56-50-32-58-31-43-12-3-95-99-25-7-63-87-15-28-49-13-39-96-22-77-37-94-55-18-64-11-76-2-65-93-42-73-9-72-6-85-62-48-17-21-83-59-100-24-66-41-90-61-34-47-4-53-33-19-20-35-10-82-81-30-14-27-75-23-80-36-40-97
Ta100x20,4,3,300,0.85,0.025,2,2230402219,17000,6461,6306,6072,3.92670875,v2_avx512bw_vec32_exact_perm,1-60-68-44-74-69-45-5-91-8-86-46-92-54-88-29-50-98-84-67-71-70-52-56-79-38-58-26-9-87-51-11-23-49-17-22-78-15-99-18-25-96-55-63-16-89-61-13-43-57-93-41-100-62-3-2-72-47-24-42-32-7-33-21-95-31-76-77-75-94-65-83-59-73-28-30-39-85-37-20-90-66-53-6-4-36-12-34-19-48-35-82-27-14-10-64-81-80-40-97
Ta100x20,4,3,300,0.85,0.025,3,2230403228,17000,6441,6306,6072,4.010755365,v2_avx512bw_vec32_exact_perm,68-29-44-1-45-5-60-74-50-91-57-86-64-69-26-56-51-79-98-88-99-95-8-13-70-96-25-58-94-89-84-16-31-67-93-15-92-32-46-71-90-55-7-3-38-52-18-77-17-87-49-24-63-76-61-22-54-21-23-11-2-47-35-43-85-66-12-39-34-65-78-62-4-33-100-59-9-41-6-20-28-72-48-37-82-42-27-75-73-19-36-83-14-53-30-10-81-40-80-97
Ta100x20,4,3,300,0.85,0.025,4,2230404237,17000,6407,6306,6072,3.928789072,v2_avx512bw_vec32_exact_perm,1-60-8-74-69-5-91-46-45-86-57-88-50-92-51-26-70-65-43-56-44-29-79-54-16-71-89-58-13-38-67-95-52-99-68-22-41-96-84-77-98-78-100-32-15-64-3-18-76-12-17-63-93-55-28-49-83-61-25-11-24-31-48-39-7-72-87-90-33-23-42-47-21-37-35-20-59-4-53-73-2-62-66-30-9-85-75-6-19-34-14-94-81-10-27-36-80-82-40-97
Ta100x20,4,3,300,0.85,0.025,5,2230405246,17000,6410,6306,6072,3.87940174,v2_avx512bw_vec32_exact_perm,68-91-44-45-16-69-60-74-29-67-51-5-57-79-23-56-1-46-86-84-58-49-77-50-55-64-78-87-92-26-96-12-99-63-15-43-13-9-88-25-93-18-32-89-31-39-8-71-70-38-3-98-54-2-65-95-52-41-61-22-30-72-94-47-11-48-76-73-83-24-7-35-28-85-100-4-59-20-21-37-6-19-42-81-66-10-62-90-33-53-14-17-34-75-82-27-80-36-40-97
Ta100x20,4,3,300,0.85,0.025,6,2230406255,17000,6448,6306,6072,3.847515505,v2_avx512bw_vec32_exact_perm,68-44-45-91-69-79-67-74-5-57-86-26-51-60-8-55-29-50-64-56-46-58-92-98-22-38-71-96-89-84-95-52-99-15-88-23-78-70-20-31-63-43-16-54-25-39-76-100-9-87-93-12-49-3-4-35-48-1-65-94-18-72-7-13-41-11-24-34-37-19-77-47-42-53-21-32-66-33-59-73-90-10-61-2-17-85-30-62-27-28-82-6-83-14-81-75-80-36-40-97
Ta100x20,4,3,300,0.85,0.025,7,2230407264,17000,6406,6306,6072,3.680879282,v2_avx512bw_vec32_exact_perm,1-68-69-44-45-74-86-29-38-91-5-88-12-26-51-89-57-46-60-63-71-28-79-58-87-41-92-84-52-54-70-22-95-56-98-11-43-99-7-25-15-96-78-37-3-50-18-31-39-49-2-17-72-67-32-55-8-77-53-76-16-47-23-59-62-13-93-65-21-48-100-42-66-90-14-61-36-24-73-34-83-35-4-19-20-94-81-6-10-75-9-33-85-30-64-27-82-80-40-97
Ta100x20,4,3,300,0.85,0.025,8,2230408273,17000,6408,6306,6072,3.936470499,v2_avx512bw_vec32_exact_perm,1-68-44-45-67-8-74-5-71-69-16-88-64-29-78-60-46-57-79-56-95-51-98-86-58-84-26-2-41-52-23-89-50-91-12-63-96-61-70-99-87-38-43-54-13-77-25-7-18-32-34-92-15-11-76-55-39-9-72-48-65-100-49-22-59-93-28-83-31-35-73-21-85-24-4-3-53-66-37-42-90-33-62-6-47-19-17-94-20-82-75-30-14-81-10-27-80-36-40-97
Ta100x20,4,3,300,0.85,0.025,9,2230409282,17000,6448,6306,6072,3.866108281,v2_avx512bw_vec32_exact_perm,1-68-44-8-45-5-16-60-51-46-67-69-91-29-86-57-99-58-74-92-63-70-71-38-56-84-49-64-90-96-26-13-78-25-95-20-98-12-93-77-79-15-22-88-18-43-32-89-34-54-7-100-39-87-61-31-72-41-9-2-23-37-3-65-76-55-52-40-24-35-21-33-62-47-28-83-50-53-48-59-85-6-11-4-30-17-82-14-10-94-19-81-66-42-73-27-75-80-36-97
Ta100x20,4,3,300,0.85,0.025,10,2230410291,17000,6451,6306,6072,4.65604154,v2_avx512bw_vec32_exact_perm,1-68-44-5-91-8-74-69-16-88-86-55-56-71-45-79-50-67-94-84-87-29-26-46-52-51-89-98-3-58-95-47-70-96-93-18-60-78-92-99-38-66-83-57-13-32-25-11-54-22-65-15-39-28-63-20-24-43-12-37-7-49-31-72-76-77-85-61-23-41-100-19-21-59-6-4-35-48-42-9-53-64-2-62-17-33-82-81-30-10-90-14-34-73-27-75-80-36-40-97
Ta100x20,4,3,300,0.85,0.05,1,2230401210,17000,6455,6306,6072,3.624992584,v2_avx512bw_vec32_exact_perm,1-68-91-8-74-5-69-52-44-60-29-46-51-57-92-84-86-26-45-70-88-15-56-32-61-79-98-71-38-67-95-63-78-13-89-66-58-25-100-76-50-12-87-65-43-54-64-41-35-22-34-7-55-96-11-72-99-77-59-18-48-93-49-23-24-20-39-83-47-42-37-31-90-3-16-36-85-6-73-94-9-2-33-21-4-53-28-10-75-82-30-19-14-17-27-62-81-80-40-97
Ta100x20,4,3,300,0.85,0.05,2,2230402219,17000,6387,6306,6072,3.73744611,v2_avx512bw_vec32_exact_perm,1-68-44-45-8-70-74-69-57-5-86-43-88-29-91-95-25-12-46-51-96-78-26-50-98-89-71-38-52-84-41-65-90-63-58-79-100-56-31-94-3-55-60-47-77-67-22-34-32-7-54-92-64-35-87-16-61-23-93-2-39-13-4-11-18-28-99-6-76-21-17-24-37-48-49-53-59-73-42-83-19-66-9-72-85-75-36-30-81-20-14-33-10-62-27-82-15-80-40-97
Ta100x20,4,3,300,0.85,0.05,3,2230403228,17000,6443,6306,6072,3.808222304,v2_avx512bw_vec32_exact_perm,1-68-69-91-65-16-88-60-8-46-79-44-74-55-89-5-71-3-45-38-58-63-56-23-31-99-78-52-95-51-50-57-26-96-97-98-25-84-15-29-12-67-13-86-92-11-43-7-93-76-54-64-35-87-39-2-32-77-41-18-59-49-37-61-20-70-47-22-90-72-94-48-73-9-28-85-4-100-24-62-42-21-17-66-10-53-82-30-6-14-83-19-81-34-27-75-33-80-36-40
Ta100x20,4,3,300,0.85,0.05,4,2230404237,17000,6435,6306,6072,4.038166733,v2_avx512bw_vec32_exact_perm,1-68-44-91-16-60-8-45-69-74-79-56-46-5-92-26-88-23-54-95-29-3-50-57-25-70-87-52-89-86-84-71-58-63-51-17-99-31-38-43-32-7-15-13-78-12-67-96-49-64-55-35-76-77-22-61-24-39-41-72-98-59-18-37-4-11-66-65-9-2-6-62-48-83-100-53-90-85-33-21-93-80-94-10-47-28-73-14-42-75-82-30-81-20-19-34-27-36-40-97
Ta100x20,4,3,300,0.85,0.05,5,2230405246,17000,6405,6306,6072,4.702209577,v2_avx512bw_vec32_exact_perm,68-91-44-45-69-65-74-5-26-29-86-57-71-92-89-77-16-46-8-38-88-84-52-56-95-41-63-55-50-54-79-67-60-58-61-51-28-78-99-98-3-23-87-70-9-13-25-1-93-96-12-32-18-15-31-49-22-83-59-43-7-17-64-100-24-21-35-72-76-39-90-48-20-94-85-37-42-73-47-34-11-19-33-53-30-81-2-6-4-75-10-82-14-66-62-27-80-36-40-97
Ta100x20,4,3,300,0.85,0.05,6,2230406255,17000,6424,6306,6072,3.686592616,v2_avx512bw_vec32_exact_perm,1-60-68-44-74-45-69-46-5-23-76-91-50-29-26-38-58-84-70-8-52-71-89-96-16-79-98-86-56-55-99-54-67-66-95-77-78-18-63-43-88-7-51-92-72-64-57-22-49-35-32-59-3-12-24-87-93-25-47-42-13-21-39-61-20-2-41-37-90-9-4-100-31-53-75-11-33-65-6-62-48-28-73-94-85-15-17-81-34-10-30-19-27-36-14-83-82-80-40-97
Ta100x20,4,3,300,0.85,0.05,7,2230407264,17000,6453,6306,6072,3.924042546,v2_avx512bw_vec32_exact_perm,1-60-68-44-91-16-74-69-57-58-45-86-5-67-51-29-8-56-38-71-84-9-88-78-55-63-46-52-41-26-87-61-89-79-96-25-92-93-15-98-32-50-64-70-59-13-7-43-48-54-4-77-12-95-31-18-99-28-49-39-34-22-23-21-100-65-3-24-47-35-37-76-72-20-42-2-53-11-83-6-90-10-33-73-36-75-27-82-85-66-62-30-19-94-14-17-81-80-40-97
Ta100x20,4,3,300,0.85,0.05,8,2230408273,17000,6411,6306,6072,3.954840681,v2_avx512bw_vec32_exact_perm,1-69-8-5-74-45-60-44-92-68-71-70-46-84-52-41-57-43-67-86-91-99-58-26-23-38-29-7-16-63-100-54-15-87-56-51-61-77-55-98-9-88-13-79-95-78-96-89-25-22-18-39-50-28-32-24-76-12-72-31-47-37-94-49-65-21-93-17-20-6-59-3-2-11-48-90-42-83-64-81-35-4-85-66-62-75-53-30-14-19-34-10-82-27-73-33-80-36-40-97
Ta100x20,4,3,300,0.85,0.05,9,2230409282,17000,6390,6306,6072,3.918205584,v2_avx512bw_vec32_exact_perm,1-68-5-91-74-26-16-69-29-45-88-60-23-50-78-79-44-17-89-52-96-86-55-46-57-54-67-9-51-43-58-12-87-56-84-8-63-38-32-25-93-13-15-71-11-2-95-98-24-64-31-22-76-18-72-41-61-49-47-92-77-70-65-99-59-3-4-30-100-7-20-21-66-39-48-90-10-35-42-73-37-28-14-62-81-94-85-6-19-34-83-27-75-53-33-80-36-82-40-97
Ta100x20,4,3,300,0.85,0.05,10,2230410291,17000,6403,6306,6072,4.437662807,v2_avx512bw_vec32_exact_perm,68-44-45-8-5-69-74-1-46-91-16-51-86-88-57-29-38-26-99-78-60-58-92-15-79-56-63-52-84-96-11-98-12-70-76-25-55-71-89-93-65-50-49-13-17-95-7-77-2-94-23-31-67-43-18-61-39-87-90-54-32-24-41-21-100-42-83-40-72-22-53-3-64-48-35-47-59-66-85-62-37-28-6-34-75-20-81-33-19-4-82-30-14-73-10-9-27-80-97-36
Ta100x20,4,3,300,0.85,0.075,1,2230401210,17000,6498,6306,6072,3.846067604,v2_avx512bw_vec32_exact_perm,1-68-91-8-16-74-5-60-58-29-44-69-86-79-17-64-89-67-98-92-45-23-94-46-24-78-96-70-71-56-52-12-63-88-95-43-38-57-25-13-84-93-7-47-39-31-100-3-26-49-18-51-15-2-4-54-50-76-65-21-11-53-87-48-28-32-22-37-73-77-90-85-9-34-41-61-35-6-55-99-20-42-66-59-30-81-72-19-33-10-82-14-62-83-80-75-36-27-40-97
Ta100x20,4,3,300,0.85,0.075,2,2230402219,17000,6434,6306,6072,3.721525752,v2_avx512bw_vec32_exact_perm,1-68-44-91-60-8-74-69-5-71-65-98-22-95-45-78-57-79-46-86-52-51-38-63-54-26-89-29-84-48-88-99-58-96-56-43-41-67-92-16-35-87-64-12-61-70-100-25-28-32-7-39-49-23-77-3-2-24-37-20-50-15-76-9-31-13-73-18-55-93-34-17-47-42-90-72-59-11-21-33-66-83-53-85-94-6-19-30-4-10-75-82-14-62-81-27-80-36-40-97
Ta100x20,4,3,300,0.85,0.075,3,2230403228,17000,6488,6306,6072,4.056681095,v2_avx512bw_vec32_exact_perm,1-68-60-8-29-74-5-17-69-44-45-51-46-38-91-84-67-52-71-57-92-26-56-86-16-23-99-58-55-70-28-96-32-3-78-50-98-25-93-88-89-54-9-87-49-12-22-95-43-18-79-41-77-61-31-13-11-63-35-24-59-76-65-2-21-6-15-37-48-33-42-7-94-47-64-39-72-34-85-62-30-81-20-4-14-75-100-90-83-10-73-53-80-66-36-27-82-19-40-97
Ta100x20,4,3,300,0.85,0.075,4,2230404237,17000,6479,6306,6072,3.752084322,v2_avx512bw_vec32_exact_perm,1-68-69-8-65-74-5-44-45-88-71-29-70-98-86-51-60-58-7-13-38-46-91-95-56-79-67-92-57-33-50-52-23-96-84-26-76-89-28-43-16-3-63-77-32-24-93-54-25-48-78-22-99-31-55-72-18-12-87-64-49-34-21-90-61-100-11-42-47-35-4-82-20-53-83-41-2-37-66-39-15-75-85-62-10-30-81-59-6-19-14-94-36-27-73-9-80-17-40-97
Ta100x20,4,3,300,0.85,0.075,5,2230405246,17000,6478,6306,6072,4.455898858,v2_avx512bw_vec32_exact_perm,1-68-5-44-91-8-45-16-60-74-69-88-64-50-58-70-56-96-13-57-79-51-89-71-34-22-54-43-86-92-15-99-87-95-26-25-38-49-93-84-83-72-78-29-52-18-47-63-12-61-41-24-100-46-3-98-67-17-42-32-9-55-23-90-31-37-85-20-28-21-94-73-10-76-2-7-19-65-39-11-53-48-35-6-59-4-36-81-66-33-77-14-27-75-82-30-62-80-40-97
Ta100x20,4,3,300,0.85,0.075,6,2230406255,17000,6468,6306,6072,3.934116399,v2_avx512bw_vec32_exact_perm,1-68-44-8-5-74-69-16-22-91-45-60-50-88-78-29-67-15-26-71-98-11-79-38-70-23-100-46-57-86-84-51-28-56-99-25-13-93-43-95-31-47-89-18-52-24-21-63-76-96-12-58-92-59-64-54-65-77-39-3-2-49-37-94-87-55-7-6-61-82-85-73-83-42-33-62-32-48-9-41-35-4-90-10-72-20-81-19-75-30-53-14-34-66-27-36-80-17-40-97
Ta100x20,4,3,300,0.85,0.075,7,2230407264,17000,6470,6306,6072,3.669101486,v2_avx512bw_vec32_exact_perm,1-69-68-5-91-45-44-74-60-8-57-46-23-86-70-88-84-38-61-100-63-71-15-58-50-56-29-65-95-16-98-39-51-13-52-41-89-78-26-55-25-22-96-64-99-24-54-49-87-18-35-67-7-43-47-31-32-76-77-92-20-93-79-37-3-9-73-42-59-94-33-21-48-90-11-72-82-66-12-85-83-2-4-62-6-19-30-75-28-53-14-10-34-81-27-36-80-17-40-97
Ta100x20,4,3,300,0.85,0.075,8,2230408273,17000,6449,6306,6072,3.962550415,v2_avx512bw_vec32_exact_perm,1-69-91-8-16-74-5-44-45-60-26-92-46-55-86-29-88-84-50-76-43-52-41-58-57-54-61-70-15-71-38-67-22-47-13-56-79-65-39-96-98-3-9-64-99-78-49-25-51-93-87-11-63-4-18-31-37-72-2-95-48-24-59-23-33-7-77-62-42-12-53-35-34-6-21-90-85-32-28-89-10-73-94-100-83-75-80-36-66-68-81-20-19-17-82-30-14-27-40-97
Ta100x20,4,3,300,0.85,0.075,9,2230409282,17000,6455,6306,6072,3.972998671,v2_avx512bw_vec32_exact_perm,1-44-69-74-70-5-60-8-91-86-29-64-50-87-46-45-88-23-16-26-76-89-51-54-33-15-57-35-58-71-79-9-25-49-13-63-38-77-67-12-52-84-22-56-95-61-96-3-55-99-78-98-28-18-41-32-24-93-47-72-39-7-92-59-20-66-43-4-100-31-11-2-21-37-42-73-68-53-85-48-82-65-83-30-19-81-34-94-90-6-17-10-14-62-27-75-80-36-40-97
Ta100x20,4,3,300,0.85,0.075,10,2230410291,17000,6500,6306,6072,4.212036846,v2_avx512bw_vec32_exact_perm,1-60-8-91-44-16-29-45-23-5-76-69-26-74-71-38-70-25-58-13-50-84-15-67-56-46-92-79-88-78-89-95-86-98-96-51-64-52-77-63-57-55-53-99-87-49-7-17-54-43-59-72-22-9-32-41-90-37-68-94-18-100-31-2-48-93-10-21-61-39-33-42-12-3-47-65-11-34-28-85-82-24-35-83-73-19-30-6-81-4-62-66-20-14-27-75-97-80-36-40
Ta100x20,4,3,300,0.85,0.1,1,2230401210,17000,6451,6306,6072,4.481847605,v2_avx512bw_vec32_exact_perm,1-68-91-44-45-74-60-57-5-51-67-69-8-50-79-26-89-86-29-71-52-38-56-70-98-88-84-46-58-7-92-100-87-78-64-25-96-55-61-54-76-12-19-15-24-49-43-99-63-47-20-32-85-22-48-41-65-11-77-90-72-95-13-16-21-35-17-62-31-37-59-3-2-23-93-14-39-18-66-94-53-28-4-81-83-33-6-42-82-10-30-9-34-73-27-75-80-36-40-97
Ta100x20,4,3,300,0.85,0.1,2,2230402219,17000,6495,6306,6072,4.734180056,v2_avx512bw_vec32_exact_perm,1-68-44-8-5-45-69-91-74-50-26-38-16-88-70-67-78-71-46-29-98-56-51-54-79-65-86-57-92-23-55-58-77-95-35-43-31-49-89-7-99-25-87-64-63-47-60-61-18-20-96-3-37-24-15-72-59-34-28-21-93-22-84-13-52-10-39-11-85-12-83-33-2-41-42-53-73-32-100-90-9-76-94-81-4-36-82-48-75-66-30-6-19-14-62-27-80-17-40-97
Ta100x20,4,3,300,0.85,0.1,3,2230403228,17000,6481,6306,6072,4.105620825,v2_avx512bw_vec32_exact_perm,1-68-5-91-45-74-44-69-38-29-60-50-46-8-92-84-67-51-78-86-71-56-16-99-7-26-52-41-55-88-58-54-22-96-31-49-95-87-70-33-57-12-98-65-89-61-13-90-63-34-100-83-32-23-72-9-43-25-11-76-47-79-10-24-59-2-93-36-64-3-18-39-35-77-15-21-73-94-66-85-37-19-42-4-30-48-53-75-28-82-62-6-20-14-27-97-17-81-80-40
Ta100x20,4,3,300,0.85,0.1,4,2230404237,17000,6451,6306,6072,4.057393135,v2_avx512bw_vec32_exact_perm,1-68-5-45-44-60-69-74-8-46-29-79-67-88-51-16-26-86-98-70-56-15-92-71-43-89-99-91-78-55-54-38-52-64-84-96-18-50-61-76-13-31-23-63-94-3-57-41-35-39-49-95-25-11-58-65-12-93-87-2-47-28-37-22-33-9-100-42-21-77-32-24-7-85-48-90-72-17-20-82-34-19-83-66-53-6-4-59-27-30-81-73-62-14-10-75-80-36-40-97
Ta100x20,4,3,300,0.85,0.1,5,2230405246,17000,6535,6306,6072,3.681671384,v2_avx512bw_vec32_exact_perm,1-68-91-51-69-5-44-45-46-74-88-67-87-23-99-92-29-50-70-26-60-84-3-8-38-95-58-15-2-54-63-100-71-94-56-25-86-57-79-64-96-18-59-78-41-65-52-98-13-93-55-43-12-20-72-7-16-73-76-89-24-39-83-31-48-22-32-90-4-49-42-37-28-82-47-11-61-53-9-85-66-30-19-21-34-33-14-35-6-62-77-10-81-27-36-80-17-40-75-97
Ta100x20,4,3,300,0.85,0.1,6,2230406255,17000,6455,6306,6072,3.961881488,v2_avx512bw_vec32_exact_perm,1-68-44-8-45-67-74-5-69-91-29-70-79-88-51-16-56-71-84-15-78-13-64-86-96-46-59-58-3-60-57-54-26-38-61-55-31-25-63-23-49-89-95-77-87-52-32-43-99-90-100-65-7-4-9-92-50-37-98-41-39-76-72-14-33-93-47-53-18-94-62-30-83-12-85-21-28-73-24-22-35-42-2-6-48-11-82-66-34-10-75-20-81-19-27-36-80-17-40-97
Ta100x20,4,3,300,0.85,0.1,7,2230407264,17000,6451,6306,6072,4.154907054,v2_avx512bw_vec32_exact_perm,1-68-44-60-74-29-69-5-91-45-46-67-92-86-54-57-51-50-89-88-58-8-70-32-52-79-56-84-63-83-95-71-38-31-25-99-49-90-13-26-96-15-43-22-98-94-17-61-24-18-3-77-7-16-11-42-64-55-93-47-72-59-41-2-65-23-87-48-37-78-28-39-100-53-34-12-21-6-82-66-76-20-35-10-4-9-85-81-19-33-62-30-14-73-27-75-80-36-40-97
Ta100x20,4,3,300,0.85,0.1,8,2230408273,17000,6458,6306,6072,3.797390522,v2_avx512bw_vec32_exact_perm,1-69-68-8-5-45-91-16-74-44-88-56-71-70-60-50-79-86-51-67-29-49-57-58-89-46-92-2-38-84-22-99-96-43-23-52-87-95-13-55-12-93-78-76-54-31-25-39-3-65-9-26-18-28-98-47-61-63-32-59-41-72-64-48-7-15-100-42-21-83-77-90-4-53-6-73-37-24-66-34-33-20-85-11-35-94-14-62-81-19-17-82-30-27-10-75-80-36-40-97
Ta100x20,4,3,300,0.85,0.1,9,2230409282,17000,6453,6306,6072,4.037104527,v2_avx512bw_vec32_exact_perm,1-68-44-8-5-74-69-45-46-67-91-51-57-86-79-26-92-88-70-63-31-78-60-89-38-84-58-50-43-52-65-32-55-71-56-99-94-96-64-95-29-98-25-93-49-18-54-3-12-7-15-77-16-87-22-39-61-9-21-72-34-23-41-13-47-59-83-28-24-76-100-20-85-37-6-42-11-33-48-2-73-53-4-90-35-66-82-10-17-62-30-81-19-14-27-75-80-36-40-97
Ta100x20,4,3,300,0.85,0.1,10,2230410291,17000,6518,6306,6072,3.083839409,v2_avx512bw_vec32_exact_perm,1-68-5-44-8-45-67-92-91-29-26-88-60-16-69-23-50-35-71-52-56-96-86-78-79-63-57-76-46-31-32-41-99-98-18-74-25-64-61-95-15-84-21-81-58-54-3-87-89-13-7-100-70-55-43-38-51-59-93-37-48-24-49-28-42-77-22-12-39-62-20-72-4-90-66-94-9-11-33-85-65-47-17-19-2-30-6-53-36-14-10-83-82-34-73-27-75-80-40-97
Ta100x20,4,3,300,0.85,0.125,1,2230401210,17000,6535,6306,6072,3.822602529,v2_avx512bw_vec32_exact_perm,1-45-69-29-8-5-44-74-88-67-60-51-46-13-57-86-91-70-49-16-96-71-95-56-25-61-89-38-2-58-50-65-92-26-23-52-84-77-79-54-32-87-55-63-78-59-41-90-31-22-93-47-76-43-15-39-64-98-18-94-7-4-100-28-35-42-21-3-72-99-12-20-9-37-85-30-17-48-82-66-10-6-11-34-24-33-62-81-68-53-73-14-27-19-36-83-80-40-75-97
Ta100x20,4,3,300,0.85,0.125,2,2230402219,17000,6455,6306,6072,3.667691508,v2_avx512bw_vec32_exact_perm,1-68-44-45-91-67-74-23-69-38-88-57-99-79-60-29-26-58-86-16-56-92-5-77-78-8-12-96-43-70-28-89-84-46-52-51-95-87-13-50-71-54-39-63-94-98-76-18-61-15-11-41-31-24-49-65-37-64-32-93-42-22-3-2-4-25-59-21-48-35-30-7-90-73-66-34-9-53-17-20-6-47-81-85-100-55-62-83-82-14-72-19-27-10-75-33-80-36-40-97
Ta100x20,4,3,300,0.85,0.125,3,2230403228,17000,6465,6306,6072,3.918775358,v2_avx512bw_vec32_exact_perm,1-68-44-8-16-88-60-74-46-89-45-50-57-29-58-5-69-91-23-26-86-43-99-22-28-67-92-71-18-54-95-93-31-51-11-65-87-38-56-63-79-17-78-84-2-76-73-24-7-98-15-55-52-32-100-13-21-53-42-64-70-96-25-41-61-94-3-39-37-6-9-48-47-85-49-90-77-4-66-62-20-59-12-34-35-30-83-19-75-81-14-10-33-82-72-27-80-36-40-97
Ta100x20,4,3,300,0.85,0.125,4,2230404237,17000,6522,6306,6072,4.074451718,v2_avx512bw_vec32_exact_perm,1-68-44-45-29-8-5-50-60-55-88-65-22-71-69-16-91-51-86-54-78-9-74-12-99-98-95-43-58-56-38-46-84-26-94-96-25-70-67-31-87-73-52-7-89-13-92-79-18-32-11-48-93-63-2-15-23-72-4-64-90-57-41-77-62-3-39-24-34-53-28-37-21-49-35-19-42-76-59-100-20-66-17-27-36-85-61-6-82-10-47-30-81-14-33-83-75-80-40-97
Ta100x20,4,3,300,0.85,0.125,5,2230405246,17000,6454,6306,6072,3.866636984,v2_avx512bw_vec32_exact_perm,1-69-8-45-5-91-44-60-29-74-16-64-57-38-98-99-58-88-86-89-50-3-87-26-25-78-24-84-67-51-23-46-11-96-79-56-63-55-17-28-70-61-43-59-54-49-31-93-13-18-15-32-22-95-76-47-71-72-2-39-92-9-35-65-52-7-41-33-14-73-62-53-68-4-48-100-42-66-21-90-37-20-94-82-83-12-30-81-27-85-6-10-19-77-34-75-80-36-40-97
Ta100x20,4,3,300,0.85,0.125,6,2230406255,17000,6532,6306,6072,4.351734041,v2_avx512bw_vec32_exact_perm,68-91-1-74-60-69-44-52-8-5-58-79-56-67-99-84-28-51-86-71-29-98-45-38-15-93-70-43-92-26-32-25-46-89-88-16-95-63-13-18-11-31-50-57-3-77-49-23-76-42-22-39-2-83-100-78-7-72-12-54-55-96-94-37-87-53-34-24-64-59-41-82-47-65-66-61-73-85-62-14-48-20-4-19-90-33-21-35-30-10-81-6-9-36-27-80-17-40-75-97
Ta100x20,4,3,300,0.85,0.125,7,2230407264,17000,6512,6306,6072,4.518415464,v2_avx512bw_vec32_exact_perm,1-68-60-8-44-5-74-69-46-91-51-16-65-93-55-67-48-45-58-38-41-61-89-56-70-98-79-50-54-52-96-92-63-84-13-95-26-32-86-43-57-25-88-78-39-71-77-18-9-99-7-36-12-33-20-31-15-49-90-11-87-83-29-22-72-85-59-64-21-3-24-47-100-37-76-28-94-4-73-53-35-14-30-81-42-75-62-66-2-27-80-23-6-10-82-19-34-17-40-97
Ta100x20,4,3,300,0.85,0.125,8,2230408273,17000,6453,6306,6072,4.256520878,v2_avx512bw_vec32_exact_perm,1-68-5-60-44-91-8-74-69-45-46-86-26-71-92-38-89-57-50-32-28-56-79-76-58-99-52-51-15-22-63-64-18-54-70-43-96-90-25-98-13-95-12-2-55-77-53-61-78-31-67-84-72-9-88-100-21-42-23-83-87-7-59-93-65-4-24-41-37-29-16-6-3-48-11-33-47-35-94-62-85-39-20-49-82-66-19-10-14-17-81-30-73-34-27-75-80-36-40-97
Ta100x20,4,3,300,0.85,0.125,9,2230409282,17000,6455,6306,6072,4.135361339,v2_avx512bw_vec32_exact_perm,1-60-68-44-29-91-74-45-69-5-67-84-38-99-26-8-79-86-57-92-71-58-52-98-50-89-15-49-23-46-56-3-43-77-63-96-65-7-88-100-41-70-83-25-55-35-95-18-21-61-47-16-59-93-54-51-28-13-32-87-64-39-2-22-31-48-6-37-90-33-11-78-76-12-85-9-72-10-42-75-20-4-73-24-53-30-34-82-14-66-36-27-19-17-94-62-81-80-40-97
Ta100x20,4,3,300,0.85,0.125,10,2230410291,17000,6472,6306,6072,4.410031194,v2_avx512bw_vec32_exact_perm,1-68-44-29-5-45-60-51-69-65-8-16-88-56-84-70-86-91-79-83-74-12-46-71-52-26-61-38-41-89-13-25-14-43-96-48-95-58-99-67-78-57-15-100-50-63-93-92-98-49-22-3-54-31-39-76-64-37-9-87-55-53-32-42-7-90-47-85-77-66-59-23-62-72-18-21-33-11-2-28-35-40-24-81-6-36-17-30-4-10-94-73-20-27-19-34-75-82-80-97
Ta100x20,4,3,300,0.8875,0.025,1,2230401210,17000,6443,6306,6072,3.935193347,v2_avx512bw_vec32_exact_perm,1-60-68-44-45-8-74-69-5-71-46-64-57-50-91-99-29-86-51-26-32-98-38-56-58-16-92-70-15-7-55-88-25-79-67-77-13-61-95-84-31-54-93-96-72-24-89-43-18-63-17-49-41-59-4-3-100-11-9-28-65-87-78-12-39-2-94-76-52-62-37-21-20-85-66-48-6-22-90-23-34-35-19-36-73-47-30-53-33-27-14-81-42-83-75-10-82-80-40-97
Ta100x20,4,3,300,0.8875,0.025,2,2230402219,17000,6444,6306,6072,4.071671971,v2_avx512bw_vec32_exact_perm,1-68-91-45-5-44-60-92-69-65-78-64-71-57-86-43-79-51-56-18-26-29-76-46-55-8-58-88-74-84-63-95-70-38-52-99-98-41-23-87-89-100-25-96-16-49-93-50-48-12-72-61-22-24-54-3-15-17-13-28-31-67-7-21-35-32-47-2-11-42-37-83-34-59-4-19-90-53-77-20-82-66-10-39-94-85-62-81-30-14-27-75-6-36-73-9-33-80-40-97
Ta100x20,4,3,300,0.8875,0.025,3,2230403228,17000,6535,6306,6072,3.938802767,v2_avx512bw_vec32_exact_perm,1-68-44-51-60-67-8-5-69-45-74-56-79-64-46-50-29-92-91-98-88-26-71-48-86-84-49-63-16-25-58-35-15-61-96-57-41-70-13-24-39-43-78-77-23-89-95-76-21-20-18-52-22-99-55-37-54-94-87-32-65-11-7-38-90-34-12-93-3-2-42-4-28-73-59-72-47-31-85-100-62-10-66-83-19-82-33-9-6-36-30-53-81-14-27-80-17-40-75-97
Ta100x20,4,3,300,0.8875,0.025,4,2230404237,17000,6451,6306,6072,4.153698194,v2_avx512bw_vec32_exact_perm,1-68-44-8-45-67-74-70-5-69-91-71-78-88-29-86-55-46-56-51-60-16-79-96-84-95-52-89-98-58-76-57-43-21-99-50-41-54-92-65-25-3-38-64-15-24-93-35-42-26-7-33-83-18-39-63-31-32-12-87-94-61-22-49-23-9-100-2-11-47-13-72-59-4-73-85-66-48-37-6-53-62-10-77-28-19-20-90-17-82-30-34-81-14-27-75-80-36-40-97
Ta100x20,4,3,300,0.8875,0.025,5,2230405246,17000,6418,6306,6072,4.07997184,v2_avx512bw_vec32_exact_perm,1-68-44-91-45-67-74-5-69-64-57-60-3-29-8-86-26-46-92-56-78-84-71-16-98-38-52-99-76-23-79-88-50-13-25-9-31-96-89-54-22-72-41-58-65-70-51-39-95-15-43-94-11-77-87-35-7-18-63-33-61-55-4-59-21-100-47-27-37-49-28-12-73-2-32-24-42-93-53-20-48-90-85-66-34-6-19-83-17-62-81-75-82-30-14-10-80-36-40-97
Ta100x20,4,3,300,0.8875,0.025,6,2230406255,17000,6451,6306,6072,4.076001625,v2_avx512bw_vec32_exact_perm,1-60-8-16-69-45-68-5-44-79-91-26-74-71-67-56-92-55-46-63-38-86-70-57-58-64-51-50-89-54-78-87-25-52-84-96-77-99-98-18-3-49-23-29-43-90-61-88-2-20-32-93-12-9-22-13-41-37-33-65-21-95-31-42-76-15-83-59-6-7-100-39-48-72-35-47-94-11-85-73-24-4-66-30-53-19-62-28-17-34-10-81-82-14-27-75-80-36-40-97
Ta100x20,4,3,300,0.8875,0.025,7,2230407264,17000,6408,6306,6072,4.216402682,v2_avx512bw_vec32_exact_perm,1-68-91-16-60-44-45-67-74-69-5-51-8-57-29-86-46-88-92-71-70-54-76-95-96-52-84-89-58-50-56-100-93-31-26-87-15-78-13-32-38-23-48-99-25-64-63-98-43-7-47-65-90-18-17-85-49-22-11-66-61-9-55-72-2-39-59-94-77-20-3-4-73-79-12-24-21-42-83-62-41-82-35-28-37-34-6-53-75-30-14-81-19-33-10-27-80-36-40-97
Ta100x20,4,3,300,0.8875,0.025,8,2230408273,17000,6523,6306,6072,4.064160974,v2_avx512bw_vec32_exact_perm,1-68-51-60-44-91-67-8-69-5-74-45-92-2-58-89-76-79-71-17-46-29-57-25-86-64-63-84-28-78-99-13-26-88-55-95-38-32-93-39-65-98-48-96-43-23-31-50-61-85-56-11-18-37-90-15-47-33-22-70-41-54-52-87-49-3-12-16-83-24-34-7-6-35-9-53-73-66-94-10-21-100-59-72-42-75-36-81-77-27-4-82-19-20-30-14-62-80-40-97
Ta100x20,4,3,300,0.8875,0.025,9,2230409282,17000,6532,6306,6072,4.3174739,v2_avx512bw_vec32_exact_perm,1-68-69-91-50-8-45-98-65-74-84-71-92-25-5-29-79-88-3-44-52-77-16-95-56-63-60-96-46-23-57-54-43-89-38-86-51-26-70-58-55-78-64-13-7-35-15-67-32-41-12-2-20-87-49-22-90-100-76-4-93-99-18-59-39-53-94-11-21-37-48-31-9-72-85-61-42-30-14-10-73-47-82-24-28-6-34-83-66-62-81-27-80-36-19-17-40-75-33-97
Ta100x20,4,3,300,0.8875,0.025,10,2230410291,17000,6512,6306,6072,4.084641474,v2_avx512bw_vec32_exact_perm,1-68-91-69-65-44-74-89-45-8-5-16-60-92-29-70-46-86-56-100-58-88-95-26-71-98-55-48-51-23-3-50-13-38-49-77-25-52-43-24-99-84-96-63-67-59-41-61-57-37-28-7-31-93-54-12-64-2-39-32-87-18-20-76-78-79-47-72-4-15-34-90-33-6-22-9-11-36-85-81-66-94-73-19-35-21-83-27-42-14-75-53-10-30-80-62-82-17-40-97
Ta100x20,4,3,300,0.8875,0.05,1,2230401210,17000,6520,6306,6072,4.76017962,v2_avx512bw_vec32_exact_perm,1-68-5-91-74-50-69-44-65-16-45-88-92-60-71-89-98-46-67-51-56-95-86-8-84-79-23-58-26-77-2-13-29-99-38-41-32-15-54-87-70-78-25-11-96-49-12-93-34-24-43-63-18-76-33-57-35-22-73-9-72-28-48-55-52-61-3-21-42-90-7-31-59-83-100-85-47-94-37-53-64-39-10-4-30-20-6-36-81-14-66-75-80-62-82-27-19-17-40-97
Ta100x20,4,3,300,0.8875,0.05,2,2230402219,17000,6483,6306,6072,4.630682979,v2_avx512bw_vec32_exact_perm,1-60-8-74-5-49-44-70-64-45-69-56-38-50-29-23-46-57-58-91-86-71-92-16-88-89-96-15-98-22-95-52-51-84-17-99-20-26-100-67-77-55-2-78-93-63-87-32-43-54-76-25-73-18-7-59-11-13-90-24-42-85-83-72-31-3-39-79-36-94-61-47-41-12-35-9-34-65-33-6-37-4-48-21-10-19-68-53-14-66-28-62-81-75-30-27-82-80-40-97
Ta100x20,4,3,300,0.8875,0.05,3,2230403228,17000,6494,6306,6072,4.393678245,v2_avx512bw_vec32_exact_perm,1-68-44-60-74-46-67-69-45-8-65-5-51-86-63-91-55-92-16-71-15-61-26-38-50-98-88-25-56-96-84-41-23-3-58-79-29-54-57-22-52-95-70-9-89-43-47-64-87-76-99-7-33-18-13-78-85-31-11-93-24-77-32-72-39-20-49-59-28-48-35-37-94-2-73-4-6-12-83-53-42-62-19-66-21-81-30-100-10-90-36-14-27-17-34-75-82-40-97-80
Ta100x20,4,3,300,0.8875,0.05,4,2230404237,17000,6459,6306,6072,4.48482956,v2_avx512bw_vec32_exact_perm,1-68-44-45-8-60-57-74-69-5-46-71-67-79-56-86-55-32-51-50-29-88-96-54-78-38-95-65-89-58-43-70-52-87-99-25-23-92-49-63-26-21-100-76-64-90-77-31-7-47-91-98-94-84-93-18-16-20-13-22-41-3-15-39-24-61-17-72-28-12-11-2-62-30-85-35-53-4-42-83-73-48-37-59-6-36-81-9-10-66-14-19-33-34-27-75-82-40-80-97
Ta100x20,4,3,300,0.8875,0.05,5,2230405246,17000,6462,6306,6072,4.649202327,v2_avx512bw_vec32_exact_perm,1-68-91-44-74-29-67-45-12-51-69-5-88-50-38-71-57-46-60-21-99-92-58-86-54-87-23-8-43-95-89-52-56-96-16-11-98-26-76-61-79-70-25-31-9-77-22-84-93-2-78-18-55-49-63-59-72-48-64-41-13-37-28-65-42-4-100-15-7-39-19-3-24-66-33-32-83-90-34-73-53-47-94-85-10-62-6-81-35-36-75-20-82-30-14-27-80-17-40-97
Ta100x20,4,3,300,0.8875,0.05,6,2230406255,17000,6447,6306,6072,4.187333169,v2_avx512bw_vec32_exact_perm,1-68-44-8-45-5-60-71-69-74-29-26-46-86-38-57-92-88-55-67-52-84-51-50-89-99-56-79-31-58-91-16-61-54-9-96-63-41-15-87-70-64-25-98-43-7-32-18-77-76-47-12-72-13-78-49-22-23-17-95-39-65-97-2-24-3-66-11-37-93-85-35-82-42-21-30-28-53-19-73-34-94-48-100-90-4-10-20-81-6-59-62-14-83-27-75-33-80-36-40
Ta100x20,4,3,300,0.8875,0.05,7,2230407264,17000,6463,6306,6072,4.028003288,v2_avx512bw_vec32_exact_perm,1-68-60-44-8-74-45-29-57-86-5-79-69-51-26-91-46-56-95-16-88-89-92-65-50-96-77-49-99-55-84-98-63-25-71-70-28-78-76-7-54-23-15-64-58-100-67-43-22-13-48-93-38-39-20-24-87-3-31-4-35-12-62-53-18-11-41-37-52-59-32-47-9-72-2-30-19-61-21-85-33-73-66-90-42-82-83-34-75-14-94-6-10-81-27-36-80-17-40-97
Ta100x20,4,3,300,0.8875,0.05,8,2230408273,17000,6439,6306,6072,4.130574031,v2_avx512bw_vec32_exact_perm,1-44-60-8-16-74-67-69-5-29-91-57-64-86-46-56-79-45-51-88-89-54-92-95-61-98-25-99-26-2-28-23-87-22-55-58-71-96-68-12-63-3-84-43-47-15-93-70-6-78-65-62-21-50-32-59-49-100-24-13-76-77-90-83-48-38-7-72-52-31-18-37-11-39-4-85-9-35-41-42-82-66-33-94-19-53-17-20-34-81-73-30-14-27-75-10-80-36-40-97
Ta100x20,4,3,300,0.8875,0.05,9,2230409282,17000,6451,6306,6072,4.124033881,v2_avx512bw_vec32_exact_perm,1-68-44-45-8-74-69-5-64-91-89-58-51-67-98-71-29-60-70-46-92-52-95-38-26-16-99-61-56-43-13-63-57-25-79-15-96-86-84-41-2-22-54-59-88-12-28-93-3-78-23-87-50-35-32-100-94-24-11-39-21-31-65-18-47-55-48-7-49-76-77-19-83-20-72-37-90-42-53-85-4-82-14-33-9-66-6-10-62-81-17-30-27-73-34-75-80-36-40-97
Ta100x20,4,3,300,0.8875,0.05,10,2230410291,17000,6449,6306,6072,4.254194807,v2_avx512bw_vec32_exact_perm,1-68-5-91-74-60-44-51-58-16-56-69-64-8-29-45-88-46-15-50-26-71-32-13-89-25-95-92-54-86-48-61-98-38-57-52-96-7-3-84-87-79-23-63-59-47-67-100-43-76-77-55-49-99-41-22-93-39-35-18-42-83-65-11-78-31-20-73-70-12-2-53-34-62-66-24-72-21-9-28-37-33-90-85-94-81-6-17-4-82-30-14-10-75-19-80-27-36-40-97
Ta100x20,4,3,300,0.8875,0.075,1,2230401210,17000,6451,6306,6072,4.221924837,v2_avx512bw_vec32_exact_perm,1-68-44-45-67-5-91-69-74-29-60-86-64-57-92-56-46-96-89-26-79-12-41-8-71-88-84-52-50-76-23-98-99-43-53-78-93-18-13-58-31-70-24-49-22-17-95-38-11-54-25-94-21-87-55-65-63-37-51-72-9-28-32-15-61-3-100-59-83-16-7-2-4-33-47-35-6-42-48-90-39-82-20-85-66-62-81-30-14-19-34-27-73-77-10-75-80-36-40-97
Ta100x20,4,3,300,0.8875,0.075,2,2230402219,17000,6513,6306,6072,4.204144676,v2_avx512bw_vec32_exact_perm,68-44-29-1-65-5-45-69-51-67-74-50-55-60-84-70-79-56-86-26-71-8-63-38-46-91-89-15-32-77-78-98-88-11-57-25-13-58-92-61-18-96-95-99-76-52-7-87-54-43-16-23-3-41-59-72-31-64-17-100-2-12-93-90-48-53-21-49-47-24-36-42-94-37-22-28-66-83-34-39-20-73-9-4-35-82-19-10-33-6-85-30-81-14-62-27-75-80-40-97
Ta100x20,4,3,300,0.8875,0.075,3,2230403228,17000,6517,6306,6072,3.960509978,v2_avx512bw_vec32_exact_perm,68-44-8-1-74-69-5-64-60-91-29-46-50-26-92-70-45-16-56-89-58-86-13-38-84-79-15-63-95-96-55-88-61-54-25-28-99-98-22-49-51-71-57-35-23-43-67-76-18-77-39-7-52-48-12-87-9-32-3-72-66-78-47-65-21-93-4-11-59-41-100-85-24-53-19-31-2-90-75-6-83-36-33-73-94-37-42-20-30-81-10-82-14-27-62-80-34-17-40-97
Ta100x20,4,3,300,0.8875,0.075,4,2230404237,17000,6535,6306,6072,3.994352846,v2_avx512bw_vec32_exact_perm,1-68-44-91-45-74-88-60-16-8-57-5-29-43-86-69-79-64-87-89-50-58-56-84-92-46-23-55-99-26-38-61-18-67-54-22-77-52-95-96-78-71-70-63-49-98-41-48-15-93-11-85-39-31-25-32-94-72-12-3-66-7-65-4-6-2-51-47-76-13-90-83-9-36-59-37-42-53-73-100-28-24-35-34-30-20-21-62-19-14-27-82-10-81-80-33-17-40-75-97
Ta100x20,4,3,300,0.8875,0.075,5,2230405246,17000,6518,6306,6072,4.066183607,v2_avx512bw_vec32_exact_perm,68-44-29-45-65-5-69-88-74-16-60-67-26-46-51-98-71-86-8-38-79-57-20-1-35-70-76-56-3-78-23-55-54-25-58-7-11-63-84-22-28-13-87-89-91-99-64-96-48-31-52-95-73-39-49-50-93-92-15-72-12-24-43-85-41-83-53-47-18-21-100-61-32-2-59-37-90-42-66-77-6-4-33-62-94-19-80-9-75-30-81-10-36-14-27-34-82-17-40-97
Ta100x20,4,3,300,0.8875,0.075,6,2230406255,17000,6457,6306,6072,4.35647392,v2_avx512bw_vec32_exact_perm,1-68-44-5-91-74-79-60-51-8-69-67-45-58-50-29-98-12-26-89-88-86-22-70-31-87-71-46-84-99-38-92-52-95-18-94-49-15-63-55-56-3-78-61-96-54-64-35-65-57-13-41-43-24-75-11-16-90-76-100-47-33-83-59-93-42-21-23-32-7-17-28-37-39-25-85-20-9-73-2-4-30-62-77-19-81-6-72-53-66-48-80-34-82-14-10-27-36-40-97
Ta100x20,4,3,300,0.8875,0.075,7,2230407264,17000,6451,6306,6072,4.025644335,v2_avx512bw_vec32_exact_perm,1-68-44-45-69-50-74-46-57-29-86-91-92-67-12-5-56-58-71-16-38-84-78-88-54-22-51-60-2-26-79-23-96-8-93-15-52-32-18-87-25-13-59-11-43-89-64-99-76-7-77-98-70-21-61-65-41-95-55-28-63-83-37-31-48-90-94-100-72-47-85-3-39-66-49-73-42-30-9-4-24-35-81-62-20-53-17-82-6-33-27-14-19-34-10-75-80-36-40-97
Ta100x20,4,3,300,0.8875,0.075,8,2230408273,17000,6508,6306,6072,4.027724127,v2_avx512bw_vec32_exact_perm,1-69-91-50-45-98-5-60-44-74-92-79-67-26-38-64-29-56-84-99-89-88-86-8-16-2-51-71-55-46-58-15-28-95-63-25-13-47-76-32-59-54-33-57-23-78-7-70-48-22-41-72-12-3-52-87-49-65-96-90-75-93-43-11-39-31-18-35-68-94-4-9-24-100-73-61-20-53-42-6-21-66-85-83-19-37-36-34-77-10-81-82-30-14-62-27-80-17-40-97
Ta100x20,4,3,300,0.8875,0.075,9,2230409282,17000,6451,6306,6072,4.164033853,v2_avx512bw_vec32_exact_perm,1-68-44-74-67-45-5-60-29-8-88-57-51-86-69-71-46-79-61-16-56-26-87-38-58-54-92-52-23-84-98-64-89-93-96-95-70-18-43-15-25-50-33-13-12-76-99-48-47-62-63-32-39-100-59-65-31-78-77-55-49-42-7-41-91-2-9-17-10-72-66-20-22-37-90-34-21-3-73-24-94-53-85-11-35-28-30-4-82-14-19-83-81-6-27-75-80-36-40-97
Ta100x20,4,3,300,0.8875,0.075,10,2230410291,17000,6467,6306,6072,4.064126938,v2_avx512bw_vec32_exact_perm,1-68-44-8-29-5-16-51-46-88-45-60-95-57-89-86-58-55-69-79-71-50-56-26-74-91-12-38-28-92-54-52-76-13-70-78-96-23-43-22-87-72-99-64-84-67-61-41-25-15-24-63-49-48-11-3-32-98-93-65-31-39-62-94-77-37-47-66-2-7-20-18-100-4-85-9-17-35-59-83-42-21-30-90-82-33-10-81-14-19-53-73-6-34-75-80-27-36-40-97
Ta100x20,4,3,300,0.8875,0.1,1,2230401210,17000,6463,6306,6072,4.063882569,v2_avx512bw_vec32_exact_perm,68-29-44-74-45-1-67-5-69-91-64-57-46-60-50-63-79-51-86-12-15-98-58-71-56-92-38-89-52-84-54-77-26-8-95-96-49-55-99-22-78-70-3-88-41-43-72-59-13-32-25-7-100-24-35-16-39-9-4-93-31-18-65-53-42-23-87-20-11-2-61-76-33-21-83-62-48-37-28-90-47-34-6-85-94-66-75-30-73-36-14-10-27-82-19-17-81-80-40-97
Ta100x20,4,3,300,0.8875,0.1,2,2230402219,17000,6481,6306,6072,4.376747234,v2_avx512bw_vec32_exact_perm,1-60-68-44-8-46-5-45-67-51-23-71-29-74-86-69-16-93-38-65-91-26-88-58-55-89-41-96-70-78-13-64-87-57-50-56-84-99-43-31-22-54-90-100-25-77-21-95-61-15-92-52-7-32-35-39-11-2-72-98-37-28-12-63-24-48-49-4-53-81-66-10-76-79-85-94-3-73-20-59-47-36-83-18-33-30-6-9-42-19-34-62-27-14-17-75-82-80-40-97
Ta100x20,4,3,300,0.8875,0.1,3,2230403228,17000,6503,6306,6072,4.421461433,v2_avx512bw_vec32_exact_perm,1-68-5-8-74-45-69-29-91-16-51-46-88-67-26-60-71-56-86-79-55-54-38-32-50-92-76-77-78-89-25-43-96-44-58-18-70-22-63-28-95-99-39-23-61-57-87-31-72-84-13-11-59-7-33-98-49-15-12-3-90-9-100-93-73-24-2-42-35-66-41-4-53-52-83-21-36-65-62-48-64-20-94-10-37-47-85-6-34-30-19-81-14-27-82-17-40-75-80-97
Ta100x20,4,3,300,0.8875,0.1,4,2230404237,17000,6453,6306,6072,4.139118585,v2_avx512bw_vec32_exact_perm,1-68-44-45-5-91-60-51-69-74-57-86-46-56-29-8-10-26-79-84-92-54-63-52-15-58-70-64-43-67-77-25-96-89-50-88-12-66-71-2-87-99-32-55-49-3-78-95-23-38-22-83-16-41-73-65-90-72-76-18-61-20-33-98-100-21-24-59-11-7-47-42-37-13-19-31-39-94-6-93-4-28-85-9-82-17-30-62-35-48-14-53-81-34-27-75-80-36-40-97
Ta100x20,4,3,300,0.8875,0.1,5,2230405246,17000,6520,6306,6072,3.832149378,v2_avx512bw_vec32_exact_perm,1-68-5-91-45-44-60-69-8-74-88-96-16-99-95-29-50-43-57-38-15-70-86-89-71-52-92-56-7-79-55-51-98-64-63-67-46-13-77-24-34-12-49-25-61-26-87-84-23-9-58-2-72-59-73-11-93-18-48-32-94-90-65-22-41-47-78-100-76-42-21-54-4-31-3-33-14-35-83-62-85-66-37-10-39-53-75-28-30-36-81-27-6-80-20-82-19-17-40-97
Ta100x20,4,3,300,0.8875,0.1,6,2230406255,17000,6458,6306,6072,3.939908889,v2_avx512bw_vec32_exact_perm,1-68-44-45-5-65-69-74-91-83-79-64-60-29-50-88-58-51-86-57-67-71-46-92-56-84-55-38-54-26-78-3-15-63-16-25-17-89-12-28-52-96-32-22-42-76-70-95-31-93-98-61-18-23-99-24-13-87-8-41-37-43-7-90-21-59-77-62-100-66-49-11-35-47-48-53-2-72-33-19-10-82-30-34-20-39-94-85-6-14-73-9-27-4-81-75-80-36-40-97
Ta100x20,4,3,300,0.8875,0.1,7,2230407264,17000,6451,6306,6072,3.899148537,v2_avx512bw_vec32_exact_perm,1-68-44-91-45-8-5-74-69-23-46-98-86-71-67-79-88-95-29-57-55-89-3-51-78-92-90-60-16-52-26-94-96-65-13-39-41-17-99-56-63-43-84-50-32-70-25-76-58-33-38-20-7-93-24-12-54-31-48-15-22-72-87-64-49-18-59-11-34-47-100-37-66-2-77-9-30-35-85-21-73-42-53-83-61-19-6-28-82-4-27-81-62-14-10-75-80-36-40-97
Ta100x20,4,3,300,0.8875,0.1,8,2230408273,17000,6535,6306,6072,4.116833033,v2_avx512bw_vec32_exact_perm,1-68-44-8-5-74-69-45-88-87-51-60-84-86-50-91-46-29-16-25-70-79-58-98-95-54-56-100-23-26-96-38-13-64-57-67-92-41-99-78-63-49-71-52-76-47-93-28-89-32-7-35-65-55-15-39-61-43-12-22-94-18-4-72-90-21-2-20-59-37-31-36-24-77-3-11-66-42-30-85-83-62-82-48-9-6-53-33-34-73-27-17-19-14-10-81-80-40-75-97
Ta100x20,4,3,300,0.8875,0.1,9,2230409282,17000,6532,6306,6072,4.581126899,v2_avx512bw_vec32_exact_perm,1-69-8-16-5-68-74-38-91-44-45-92-64-60-88-55-99-26-50-78-41-86-25-57-98-71-67-70-29-11-13-96-89-56-58-84-87-61-31-22-95-52-77-9-76-59-51-46-12-79-23-93-18-63-32-3-54-85-28-34-72-24-42-83-100-81-62-39-43-49-48-65-47-94-37-90-15-21-20-33-66-7-30-4-14-53-73-10-2-75-35-27-6-80-36-19-17-82-40-97
Ta100x20,4,3,300,0.8875,0.1,10,2230410291,17000,6522,6306,6072,4.266101959,v2_avx512bw_vec32_exact_perm,1-69-8-44-16-70-68-51-29-45-99-88-60-15-84-38-74-5-91-26-79-56-12-50-89-13-95-67-52-46-23-71-92-18-43-98-90-78-77-7-39-35-32-3-41-25-58-96-87-54-86-64-63-57-49-76-66-61-2-22-11-65-55-37-28-47-85-48-93-4-24-75-20-6-31-21-62-9-59-42-94-100-14-73-34-81-19-83-53-72-80-33-10-36-82-17-30-27-40-97
Ta100x20,4,3,300,0.8875,0.125,1,2230401210,17000,6539,6306,6072,4.714651937,v2_avx512bw_vec32_exact_perm,68-44-8-5-1-46-60-16-29-69-91-23-52-88-45-50-86-26-100-96-55-38-74-57-70-56-71-58-15-89-13-66-63-51-67-84-79-98-49-77-95-25-22-64-41-54-78-34-11-2-61-12-87-43-7-92-73-90-32-93-85-28-24-39-83-33-99-76-3-59-21-94-72-65-18-10-47-30-9-37-36-31-48-42-81-4-6-53-19-35-20-14-27-82-62-80-17-40-75-97
Ta100x20,4,3,300,0.8875,0.125,2,2230402219,17000,6475,6306,6072,4.523371873,v2_avx512bw_vec32_exact_perm,1-60-68-91-44-8-45-74-29-69-79-26-70-5-51-84-86-16-55-88-56-25-50-54-92-3-71-38-57-46-98-32-52-89-41-77-76-15-7-31-96-12-22-43-59-99-35-58-64-94-95-63-28-87-62-48-18-78-47-13-4-90-49-65-37-100-21-2-93-11-61-85-23-39-30-6-24-34-83-82-67-53-66-42-33-9-14-72-75-10-73-20-19-81-27-36-80-17-40-97
Ta100x20,4,3,300,0.8875,0.125,3,2230403228,17000,6522,6306,6072,4.173518487,v2_avx512bw_vec32_exact_perm,1-68-44-51-5-8-69-74-60-57-70-45-91-86-29-54-46-56-38-67-61-16-79-71-92-43-23-26-50-52-98-11-88-96-24-78-99-89-49-84-58-2-63-15-76-93-13-22-39-28-55-7-25-18-9-32-48-12-87-72-65-42-64-3-37-53-95-21-85-59-94-6-31-17-20-41-62-47-100-10-19-90-35-4-82-66-81-27-33-36-73-34-77-30-14-83-75-80-40-97
Ta100x20,4,3,300,0.8875,0.125,4,2230404237,17000,6516,6306,6072,4.983462383,v2_avx512bw_vec32_exact_perm,1-68-44-8-45-5-69-50-64-74-60-57-91-56-51-78-92-79-16-46-38-88-48-58-89-70-98-84-67-86-15-71-52-7-26-55-43-18-76-99-29-63-41-93-87-49-25-54-31-20-96-90-4-37-13-3-12-36-95-42-83-77-32-39-34-23-24-22-100-72-17-59-33-94-65-11-62-2-66-85-9-21-61-35-6-30-53-47-81-14-10-19-27-73-28-82-75-80-40-97
Ta100x20,4,3,300,0.8875,0.125,5,2230405246,17000,6464,6306,6072,5.069178606,v2_avx512bw_vec32_exact_perm,1-60-8-16-74-69-34-45-67-91-57-52-89-92-5-44-46-26-38-71-86-50-56-58-29-98-55-96-88-70-77-84-51-94-65-79-63-25-13-11-39-76-15-43-93-31-95-87-61-54-21-7-2-32-64-12-68-59-47-99-49-100-78-72-23-90-41-37-33-22-48-3-18-24-53-20-66-42-85-62-73-28-4-17-83-82-81-6-30-9-19-35-10-14-75-27-80-36-40-97
Ta100x20,4,3,300,0.8875,0.125,6,2230406255,17000,6505,6306,6072,4.482982141,v2_avx512bw_vec32_exact_perm,1-60-68-96-44-8-16-45-23-74-5-69-91-88-46-26-51-99-79-38-57-55-89-86-76-65-43-29-98-12-92-15-93-67-71-50-54-35-25-87-63-84-22-56-42-3-90-9-58-49-37-7-32-31-61-18-78-100-20-64-95-17-66-85-52-41-77-13-83-70-24-72-19-81-94-39-48-33-21-62-53-6-28-4-59-47-2-30-11-10-14-75-34-82-73-27-80-36-40-97
Ta100x20,4,3,300,0.8875,0.125,7,2230407264,17000,6468,6306,6072,4.287720992,v2_avx512bw_vec32_exact_perm,1-68-91-44-74-45-69-8-84-57-23-5-50-71-38-60-58-52-89-79-98-7-26-24-51-67-96-86-29-70-43-46-56-55-78-18-88-12-11-92-87-95-93-25-63-32-66-39-20-76-47-59-54-21-2-72-37-41-49-61-100-13-31-3-28-99-85-15-22-64-48-16-17-9-42-94-65-90-4-53-30-73-33-19-83-35-36-97-77-34-82-10-81-14-6-62-27-75-80-40
Ta100x20,4,3,300,0.8875,0.125,8,2230408273,17000,6501,6306,6072,4.342094946,v2_avx512bw_vec32_exact_perm,1-68-44-45-29-8-69-5-67-74-91-64-92-60-26-50-55-56-22-46-49-54-13-71-86-38-23-79-96-87-25-88-78-43-89-58-95-99-16-51-76-100-57-15-70-94-39-66-63-98-61-52-47-24-18-32-77-7-72-84-41-12-83-59-3-11-2-85-93-28-62-10-35-4-31-65-73-90-81-37-36-20-42-6-48-75-30-9-33-34-80-53-27-82-21-19-14-17-40-97
Ta100x20,4,3,300,0.8875,0.125,9,2230409282,17000,6451,6306,6072,4.378025996,v2_avx512bw_vec32_exact_perm,1-68-91-60-44-45-74-69-46-57-92-5-86-89-16-26-52-56-8-84-38-95-61-50-71-58-29-51-67-96-98-25-70-12-88-31-99-15-11-63-18-32-22-77-78-54-49-24-13-79-76-23-43-65-7-9-47-100-87-72-21-41-33-59-93-3-35-2-64-19-55-53-62-90-28-83-4-66-20-48-6-37-42-39-17-94-30-81-85-73-34-10-82-14-27-75-80-36-40-97
Ta100x20,4,3,300,0.8875,0.125,10,2230410291,17000,6509,6306,6072,4.080103018,v2_avx512bw_vec32_exact_perm,1-68-44-8-45-29-74-69-67-71-60-52-38-70-88-16-56-58-43-46-31-76-5-95-13-54-92-91-86-84-7-18-25-51-50-78-26-98-11-96-77-89-22-23-28-55-93-57-83-65-100-32-64-87-2-12-34-99-49-79-47-61-24-3-20-39-59-21-6-85-35-63-94-90-73-9-42-41-37-48-15-72-75-82-66-4-30-19-53-10-14-62-81-33-17-27-80-36-40-97
Ta100x20,4,3,300,0.925,0.025,1,2230401210,17000,6532,6306,6072,4.947333287,v2_avx512bw_vec32_exact_perm,68-44-8-1-74-5-91-60-79-29-69-67-95-50-22-45-88-57-23-54-52-70-51-56-46-38-86-58-71-99-96-25-100-49-78-32-2-98-89-92-61-26-15-93-9-12-16-87-72-48-63-65-84-13-18-43-7-39-41-11-77-55-3-59-31-42-76-64-21-24-53-28-37-35-85-47-83-73-94-6-90-4-36-30-10-82-66-75-20-81-34-19-14-33-27-62-80-17-40-97
Ta100x20,4,3,300,0.925,0.025,2,2230402219,17000,6453,6306,6072,4.920697232,v2_avx512bw_vec32_exact_perm,1-68-44-8-5-74-45-29-26-67-91-83-69-51-16-15-46-86-58-71-98-60-77-92-56-64-70-63-50-3-84-89-38-43-18-31-55-99-52-96-65-76-7-54-88-32-78-95-57-59-93-21-25-24-100-87-35-23-11-61-48-39-2-13-49-79-33-22-10-12-42-90-28-37-4-41-53-73-20-34-47-72-82-66-85-30-62-9-94-14-81-6-19-17-27-75-80-36-40-97
Ta100x20,4,3,300,0.925,0.025,3,2230403228,17000,6445,6306,6072,4.761114515,v2_avx512bw_vec32_exact_perm,1-69-68-44-45-65-5-8-16-26-55-86-74-88-29-91-71-57-60-51-46-89-92-67-9-56-84-96-52-43-50-58-99-98-22-49-54-79-70-77-7-18-28-25-93-23-3-38-78-13-15-39-64-87-63-94-95-21-76-59-32-17-41-100-2-31-11-61-81-83-24-85-72-12-48-35-6-42-37-47-19-20-10-53-34-4-82-66-33-14-73-90-75-30-62-27-80-36-40-97
Ta100x20,4,3,300,0.925,0.025,4,2230404237,17000,6441,6306,6072,5.20566278,v2_avx512bw_vec32_exact_perm,1-44-69-74-70-45-5-60-50-91-8-16-64-29-26-55-56-86-78-67-65-96-51-43-54-92-46-71-95-88-57-68-63-99-13-15-25-58-48-49-38-9-93-100-89-52-98-32-84-22-41-90-76-77-20-18-87-12-7-79-2-61-23-39-4-31-73-35-42-34-3-21-24-11-72-47-59-85-53-83-66-33-6-37-94-19-75-28-82-14-10-17-30-62-81-27-80-36-40-97
Ta100x20,4,3,300,0.925,0.025,5,2230405246,17000,6535,6306,6072,4.730406295,v2_avx512bw_vec32_exact_perm,1-68-44-29-5-91-67-8-51-45-86-69-57-58-74-60-88-64-79-56-46-84-50-55-41-16-96-89-99-71-70-78-92-24-52-25-63-39-65-98-43-100-23-95-13-87-28-76-61-18-12-26-22-21-15-31-32-54-2-83-3-49-37-93-38-59-7-90-11-33-6-36-77-4-72-48-35-82-20-47-85-53-42-73-9-66-94-19-30-81-10-34-14-62-27-80-17-40-75-97
Ta100x20,4,3,300,0.925,0.025,6,2230406255,17000,6520,6306,6072,4.41831613,v2_avx512bw_vec32_exact_perm,1-68-44-8-5-16-88-60-45-29-70-67-71-69-74-91-86-50-46-56-38-96-12-65-92-57-26-78-58-2-99-32-84-51-52-43-7-13-15-79-89-63-11-55-22-25-93-77-41-98-87-90-64-72-47-34-95-31-23-83-18-76-54-33-37-24-100-61-39-21-9-49-94-48-80-85-42-73-59-3-4-6-62-66-28-35-53-20-75-36-30-81-10-14-82-27-19-17-40-97
Ta100x20,4,3,300,0.925,0.025,7,2230407264,17000,6532,6306,6072,4.27970958,v2_avx512bw_vec32_exact_perm,68-44-8-45-60-69-74-5-1-57-65-16-29-71-38-46-87-79-51-86-56-89-52-67-84-50-100-88-95-96-54-93-31-26-78-92-98-18-43-99-23-70-77-25-83-32-58-63-48-41-39-28-22-91-55-24-2-11-15-72-76-61-49-7-13-37-64-12-10-85-66-3-21-59-9-35-42-6-53-90-4-36-47-62-20-33-30-94-81-27-82-14-19-73-80-17-34-40-75-97
Ta100x20,4,3,300,0.925,0.025,8,2230408273,17000,6516,6306,6072,4.415714979,v2_avx512bw_vec32_exact_perm,1-60-8-45-74-69-5-29-44-50-88-51-91-84-70-25-67-71-28-79-52-86-57-46-15-22-16-26-89-58-38-77-98-95-31-78-56-96-55-61-59-32-99-7-63-23-76-43-54-18-49-87-9-11-92-65-100-62-72-13-41-2-24-93-12-85-90-83-42-30-37-33-21-3-64-47-36-68-73-66-35-20-14-39-53-34-48-94-4-19-10-6-82-27-17-81-75-80-40-97
Ta100x20,4,3,300,0.925,0.025,9,2230409282,17000,6514,6306,6072,4.303174447,v2_avx512bw_vec32_exact_perm,1-68-44-8-45-5-16-69-51-67-91-74-50-71-70-60-38-26-29-56-3-25-99-98-52-84-96-58-12-15-89-79-43-54-59-13-32-88-21-93-92-57-7-78-100-46-65-63-49-86-77-55-95-41-2-64-94-17-33-76-87-90-62-23-22-42-73-61-47-18-24-28-4-20-85-11-35-53-31-39-72-10-48-82-9-36-6-19-66-83-81-30-14-34-37-27-75-40-80-97
Ta100x20,4,3,300,0.925,0.025,10,2230410291,17000,6461,6306,6072,4.863468646,v2_avx512bw_vec32_exact_perm,1-68-44-91-16-51-86-26-57-5-60-74-29-69-50-67-52-56-45-89-46-58-92-88-84-8-55-54-9-13-64-96-79-76-38-70-23-63-71-25-43-28-87-95-12-61-98-99-78-18-3-100-24-21-93-22-32-77-36-31-15-39-37-72-41-11-49-2-47-59-30-65-94-73-62-48-7-90-83-85-42-53-66-35-6-4-20-81-14-10-33-19-17-34-27-75-82-80-40-97
Ta100x20,4,3,300,0.925,0.05,1,2230401210,17000,6463,6306,6072,4.285036061,v2_avx512bw_vec32_exact_perm,1-68-44-45-60-74-50-8-69-26-5-29-89-57-51-91-67-32-9-16-56-55-86-43-99-58-71-31-92-52-46-96-54-38-23-84-70-18-13-88-49-78-22-95-25-93-87-12-15-35-64-100-63-42-7-21-79-39-11-77-28-76-41-72-61-65-47-2-98-3-73-48-37-66-85-34-62-24-33-20-90-59-4-82-83-53-75-30-10-6-19-94-14-81-27-36-80-17-40-97
Ta100x20,4,3,300,0.925,0.05,2,2230402219,17000,6495,6306,6072,4.119398213,v2_avx512bw_vec32_exact_perm,68-91-44-1-74-5-51-60-45-57-86-58-69-8-16-50-56-70-92-46-25-79-88-78-67-29-23-63-77-49-96-98-100-12-43-95-99-65-31-89-61-26-93-38-55-13-3-15-18-71-11-54-34-84-76-7-52-39-87-59-47-90-48-32-24-41-35-6-22-28-21-37-42-73-83-66-64-53-36-4-72-9-2-85-62-33-19-20-75-94-14-30-82-10-17-27-81-80-40-97
Ta100x20,4,3,300,0.925,0.05,3,2230403228,17000,6483,6306,6072,4.001408672,v2_avx512bw_vec32_exact_perm,1-68-44-45-8-88-69-16-91-29-46-26-15-71-67-89-5-79-58-92-50-60-55-23-56-38-77-13-12-43-93-74-86-63-32-99-87-22-98-57-25-64-3-78-49-95-31-17-51-18-61-54-65-48-70-84-2-72-59-7-52-28-96-41-11-76-47-37-39-90-100-21-42-30-53-66-83-24-6-82-4-35-62-34-73-33-20-9-75-85-94-80-81-14-10-19-27-36-40-97
Ta100x20,4,3,300,0.925,0.05,4,2230404237,17000,6427,6306,6072,4.192839033,v2_avx512bw_vec32_exact_perm,1-68-5-91-8-60-44-45-74-69-57-86-12-71-29-26-46-38-84-67-52-16-96-56-3-79-63-51-25-87-76-95-50-58-54-92-22-89-43-15-47-78-59-70-64-98-99-32-41-88-9-13-55-93-39-2-24-49-62-35-65-7-53-33-18-73-4-23-77-90-48-31-72-11-20-34-100-66-42-21-94-19-85-37-28-83-17-81-6-82-10-75-30-14-61-27-80-36-40-97
Ta100x20,4,3,300,0.925,0.05,5,2230405246,17000,6496,6306,6072,4.49305008,v2_avx512bw_vec32_exact_perm,1-68-91-8-5-74-45-69-44-79-60-67-64-78-92-56-71-70-88-26-16-50-84-58-28-29-55-38-99-96-86-98-57-93-43-17-3-89-46-25-63-32-23-2-12-13-24-87-95-52-61-41-39-9-4-22-15-7-51-100-72-66-59-47-48-18-90-77-31-35-49-11-21-76-94-33-65-73-14-30-37-42-62-85-53-83-19-54-20-75-34-82-81-10-6-36-27-80-97-40
Ta100x20,4,3,300,0.925,0.05,6,2230406255,17000,6461,6306,6072,4.008157207,v2_avx512bw_vec32_exact_perm,1-60-8-44-74-45-70-69-99-87-52-29-67-71-86-16-5-46-23-38-51-89-91-56-95-92-43-50-15-88-58-84-25-26-54-13-22-41-98-35-96-93-12-42-79-64-61-18-11-28-78-31-72-48-57-9-32-63-65-76-55-77-3-7-4-47-53-49-90-36-2-37-100-59-85-39-94-83-73-10-24-68-30-62-21-33-6-81-20-19-34-17-66-14-27-75-82-80-40-97
Ta100x20,4,3,300,0.925,0.05,7,2230407264,17000,6469,6306,6072,4.058155818,v2_avx512bw_vec32_exact_perm,1-68-91-44-45-74-69-67-5-88-51-8-46-50-55-29-58-86-26-23-92-84-54-70-16-96-93-52-98-43-60-89-38-56-25-79-41-95-15-71-64-61-13-87-77-57-99-37-18-63-28-72-22-48-78-49-32-31-76-12-66-9-24-85-7-11-65-4-83-100-94-39-35-90-59-73-42-21-20-3-2-6-82-53-34-75-10-33-30-19-47-14-62-81-17-27-80-36-40-97
Ta100x20,4,3,300,0.925,0.05,8,2230408273,17000,6480,6306,6072,4.084369716,v2_avx512bw_vec32_exact_perm,1-68-44-8-5-45-78-51-60-16-55-74-88-38-46-3-67-29-99-26-50-91-41-57-86-89-98-92-58-43-69-25-71-79-77-70-52-96-56-49-95-63-76-32-84-64-24-93-54-59-87-2-61-94-65-13-21-48-22-100-23-12-7-72-20-47-39-34-15-37-35-11-28-18-6-31-83-30-62-90-66-85-4-73-9-42-82-75-53-81-10-19-33-14-27-36-80-17-40-97
Ta100x20,4,3,300,0.925,0.05,9,2230409282,17000,6477,6306,6072,3.94524767,v2_avx512bw_vec32_exact_perm,1-68-44-91-60-8-5-74-23-29-45-88-79-16-76-46-51-57-69-50-58-71-43-56-15-52-96-12-63-100-55-86-32-98-78-70-89-93-77-49-84-25-38-26-67-22-31-64-7-87-99-47-24-92-54-13-34-72-59-3-30-95-18-65-11-48-90-83-73-33-41-61-94-9-4-2-6-39-62-35-21-28-37-20-66-10-42-27-82-19-53-81-85-14-17-75-80-36-40-97
Ta100x20,4,3,300,0.925,0.05,10,2230410291,17000,6451,6306,6072,4.026620954,v2_avx512bw_vec32_exact_perm,1-68-44-45-60-69-91-65-5-79-76-26-16-29-58-51-74-88-38-50-78-56-46-8-84-89-96-54-70-43-86-18-71-64-77-15-63-98-25-55-32-95-61-12-47-92-28-3-90-99-57-67-13-31-87-94-7-93-100-21-66-23-11-72-49-59-39-53-85-41-37-52-17-2-48-24-34-22-83-42-33-6-73-35-4-9-82-10-20-19-81-30-14-62-27-75-80-36-40-97
Ta100x20,4,3,300,0.925,0.075,1,2230401210,17000,6471,6306,6072,4.161739967,v2_avx512bw_vec32_exact_perm,1-60-8-91-16-29-57-45-86-51-5-26-69-74-46-87-64-38-44-56-88-99-98-67-92-89-43-95-23-79-68-71-50-55-15-7-58-25-49-9-31-77-70-63-84-96-65-3-76-72-100-12-85-78-93-66-24-41-13-18-83-22-59-61-2-11-54-42-39-32-37-33-20-21-52-4-28-47-10-48-14-35-62-81-53-6-94-82-19-17-34-30-27-73-75-90-80-36-40-97
Ta100x20,4,3,300,0.925,0.075,2,2230402219,17000,6498,6306,6072,4.295896431,v2_avx512bw_vec32_exact_perm,1-68-44-45-8-74-5-69-79-89-91-16-88-51-67-26-56-32-70-50-52-60-71-84-38-23-58-46-86-99-29-96-49-63-93-15-3-98-55-76-33-43-12-22-78-31-65-41-95-13-25-39-57-87-54-35-7-61-92-11-72-64-85-20-9-66-21-42-73-18-48-24-2-47-37-28-82-83-62-100-34-59-90-77-75-53-30-14-4-19-6-81-94-10-27-80-36-17-40-97
Ta100x20,4,3,300,0.925,0.075,3,2230403228,17000,6483,6306,6072,4.55793208,v2_avx512bw_vec32_exact_perm,1-68-44-29-64-69-46-98-86-45-57-74-50-15-51-63-92-26-60-5-56-8-79-93-54-3-91-67-38-88-47-32-70-58-52-89-96-13-16-87-23-78-28-99-76-84-18-22-77-71-43-31-95-9-49-55-90-25-35-7-73-24-4-65-21-72-41-85-94-100-11-48-2-37-12-61-42-36-6-66-83-59-75-20-34-39-81-17-14-10-19-53-82-33-30-27-80-62-40-97
Ta100x20,4,3,300,0.925,0.075,4,2230404237,17000,6499,6306,6072,4.821703723,v2_avx512bw_vec32_exact_perm,1-68-91-8-5-45-86-74-44-69-57-88-29-64-76-84-79-26-46-94-3-58-41-54-38-56-70-65-13-71-92-60-83-96-99-55-95-50-32-52-77-25-43-67-89-51-87-18-22-49-7-12-59-98-72-66-48-100-15-61-78-24-21-11-63-93-2-23-9-33-85-42-39-4-62-53-90-31-35-47-20-73-30-16-14-81-75-36-34-6-37-19-10-28-27-17-82-80-40-97
Ta100x20,4,3,300,0.925,0.075,5,2230405246,17000,6535,6306,6072,4.521228469,v2_avx512bw_vec32_exact_perm,1-68-44-8-5-91-45-67-74-69-89-64-57-46-29-86-92-63-95-51-60-88-50-56-98-16-84-15-26-52-22-96-71-66-18-55-3-79-43-78-76-21-70-35-12-99-38-7-49-77-58-25-13-41-59-93-54-42-87-23-65-100-32-24-83-34-85-94-73-20-2-39-28-9-72-30-36-37-61-48-31-11-10-62-14-53-90-4-19-47-81-82-33-27-6-80-17-40-75-97
Ta100x20,4,3,300,0.925,0.075,6,2230406255,17000,6532,6306,6072,3.954948906,v2_avx512bw_vec32_exact_perm,1-68-29-44-5-69-60-91-74-67-45-8-16-26-86-13-71-38-88-54-56-61-79-57-41-46-32-51-99-70-92-95-87-15-52-43-50-7-98-77-58-85-23-89-12-25-96-3-78-63-64-84-2-35-55-24-18-94-11-49-62-59-39-9-72-76-6-42-100-93-28-20-22-47-31-48-73-37-66-34-90-21-4-82-65-10-14-19-81-27-53-36-17-30-83-80-40-75-33-97
Ta100x20,4,3,300,0.925,0.075,7,2230407264,17000,6476,6306,6072,4.191942858,v2_avx512bw_vec32_exact_perm,1-68-44-91-45-60-8-79-5-88-69-74-50-26-98-46-86-29-51-55-67-92-78-65-70-64-43-16-56-71-38-94-84-13-99-25-63-23-87-7-49-95-24-3-76-89-100-93-57-41-52-32-15-58-22-96-54-59-21-28-39-72-53-73-83-31-47-42-12-2-4-11-61-48-35-37-18-9-85-20-6-27-77-10-34-90-19-62-82-81-33-17-66-30-14-75-80-36-40-97
Ta100x20,4,3,300,0.925,0.075,8,2230408273,17000,6522,6306,6072,4.153543082,v2_avx512bw_vec32_exact_perm,1-60-8-44-74-69-70-29-45-65-26-5-51-98-16-86-46-64-71-38-67-91-78-88-79-18-3-89-39-68-43-31-57-56-58-76-95-32-50-93-55-22-41-62-54-15-87-99-92-52-63-96-47-84-25-7-13-11-77-59-72-35-33-37-48-12-49-90-28-83-42-61-100-53-34-24-20-4-21-23-85-66-75-36-81-73-2-9-6-82-30-27-10-19-94-14-80-17-40-97
Ta100x20,4,3,300,0.925,0.075,9,2230409282,17000,6498,6306,6072,4.007969637,v2_avx512bw_vec32_exact_perm,1-68-44-45-60-70-8-74-91-5-84-26-69-51-79-52-96-46-86-57-50-100-56-16-64-76-58-92-77-63-23-43-95-54-98-88-18-78-29-31-65-38-21-67-89-22-55-48-35-99-7-71-72-25-28-12-11-3-87-49-19-32-61-93-41-33-37-9-4-24-47-42-15-2-13-85-39-66-53-20-83-81-62-94-73-59-30-6-75-90-34-82-14-10-27-80-36-17-40-97
Ta100x20,4,3,300,0.925,0.075,10,2230410291,17000,6527,6306,6072,4.272098117,v2_avx512bw_vec32_exact_perm,1-60-68-65-8-45-69-44-74-86-29-91-16-57-5-55-56-38-99-51-63-92-89-46-52-71-95-88-41-43-76-25-26-50-79-84-93-54-98-31-28-96-59-70-67-7-22-87-23-58-94-39-18-12-77-78-3-32-15-100-35-47-13-24-21-64-61-34-2-83-11-10-49-85-37-42-20-73-48-75-90-72-4-9-19-53-66-81-30-82-33-62-80-6-14-27-36-17-40-97
Ta100x20,4,3,300,0.925,0.1,1,2230401210,17000,6520,6306,6072,3.797065089,v2_avx512bw_vec32_exact_perm,1-68-44-51-67-5-8-60-45-50-91-74-89-16-69-71-29-46-88-24-76-56-32-38-54-43-78-41-84-49-79-58-86-12-65-22-26-98-93-33-70-9-52-21-57-92-61-96-13-18-39-15-77-3-25-87-99-35-7-64-23-72-55-59-94-47-11-95-42-63-100-48-6-4-30-31-53-85-90-83-20-81-66-37-62-34-2-10-27-28-75-73-82-80-36-14-19-17-40-97
Ta100x20,4,3,300,0.925,0.1,2,2230402219,17000,6502,6306,6072,4.084719375,v2_avx512bw_vec32_exact_perm,1-68-44-74-5-55-69-45-46-88-89-29-8-67-51-60-91-50-23-20-70-79-87-84-58-26-38-90-78-100-63-56-94-95-98-86-33-32-12-52-22-49-71-57-96-93-77-34-18-25-43-99-7-11-92-54-15-2-61-3-35-16-39-31-48-4-24-76-9-13-41-47-42-37-59-62-85-64-28-65-30-53-73-19-21-72-83-14-66-81-6-10-75-82-27-36-80-17-40-97
Ta100x20,4,3,300,0.925,0.1,3,2230403228,17000,6500,6306,6072,4.130292814,v2_avx512bw_vec32_exact_perm,1-60-68-91-50-8-5-74-29-45-44-16-92-46-86-12-57-84-88-71-56-26-69-70-99-51-58-13-52-38-98-89-65-23-95-15-25-39-78-96-49-77-43-93-11-87-22-7-54-76-18-55-63-32-100-83-79-2-41-85-90-48-24-59-72-28-62-47-21-67-35-64-73-82-3-20-30-31-37-34-9-94-66-4-42-75-61-6-19-53-10-33-14-81-27-80-36-17-40-97
Ta100x20,4,3,300,0.925,0.1,4,2230404237,17000,6485,6306,6072,3.999234833,v2_avx512bw_vec32_exact_perm,68-44-74-1-8-69-5-45-95-92-57-88-60-29-65-51-46-26-3-16-86-13-58-38-50-91-89-71-43-55-24-41-49-56-32-99-67-78-76-84-98-12-77-79-9-63-15-93-39-18-54-52-100-4-25-11-70-22-96-47-62-35-61-85-2-94-64-23-59-21-48-28-33-7-31-53-73-90-87-42-72-83-6-37-20-14-36-30-81-66-10-34-19-27-17-75-82-80-40-97
Ta100x20,4,3,300,0.925,0.1,5,2230405246,17000,6535,6306,6072,4.20188499,v2_avx512bw_vec32_exact_perm,1-68-60-44-65-45-5-64-69-8-71-50-86-57-74-46-51-79-29-98-55-91-7-38-89-43-99-88-52-26-78-41-56-63-92-96-67-95-54-9-47-76-70-37-31-15-18-84-58-22-93-77-49-53-13-16-25-59-61-66-100-39-24-3-28-12-87-30-11-2-72-4-62-10-23-48-81-35-42-19-32-20-21-14-94-73-90-85-82-6-33-17-34-27-36-83-80-40-75-97
Ta100x20,4,3,300,0.925,0.1,6,2230406255,17000,6485,6306,6072,3.811480323,v2_avx512bw_vec32_exact_perm,1-68-44-8-45-50-69-54-29-74-5-91-67-92-79-88-70-16-56-71-78-25-60-46-63-51-95-77-52-96-57-65-89-84-58-86-87-26-38-99-13-93-43-64-18-28-41-48-32-100-98-22-7-34-55-23-47-39-2-49-12-73-11-90-76-61-24-15-35-85-31-37-20-94-83-75-59-72-82-30-10-3-42-21-9-33-66-6-62-81-4-80-53-14-19-17-27-36-40-97
Ta100x20,4,3,300,0.925,0.1,7,2230407264,17000,6535,6306,6072,3.76099092,v2_avx512bw_vec32_exact_perm,1-60-8-16-5-91-44-51-70-69-74-79-45-23-26-56-88-13-67-15-71-46-50-38-29-84-65-58-64-77-43-92-49-55-25-63-78-54-95-33-96-68-89-76-98-57-86-93-7-100-9-39-52-87-47-31-48-99-42-24-41-83-35-61-3-18-21-22-28-32-59-37-12-11-72-94-53-81-85-20-80-2-62-66-73-90-36-6-17-10-82-30-19-27-14-34-4-40-75-97
Ta100x20,4,3,300,0.925,0.1,8,2230408273,17000,6505,6306,6072,3.749418645,v2_avx512bw_vec32_exact_perm,1-68-44-74-5-8-16-91-51-60-46-89-57-70-86-88-32-54-50-79-58-52-64-69-26-56-63-29-87-78-23-7-38-90-15-92-31-99-76-77-13-25-98-67-84-71-95-61-28-55-41-65-83-43-22-12-96-3-45-53-39-94-18-4-11-93-30-100-48-72-49-85-24-37-21-34-59-33-14-9-73-42-66-35-10-75-62-20-82-2-19-47-81-6-27-80-36-17-40-97
Ta100x20,4,3,300,0.925,0.1,9,2230409282,17000,6548,6306,6072,3.740162539,v2_avx512bw_vec32_exact_perm,1-68-44-8-16-89-5-60-91-45-51-26-29-74-79-63-87-69-56-64-13-86-57-52-78-92-95-46-41-99-84-43-20-88-61-54-3-50-96-15-59-38-71-70-25-12-93-22-98-49-47-58-55-62-18-31-77-7-48-72-24-35-83-39-42-100-21-94-6-37-23-90-33-11-65-28-10-2-19-76-32-17-36-66-82-4-81-9-53-80-85-30-27-73-67-14-34-75-40-97
Ta100x20,4,3,300,0.925,0.1,10,2230410291,17000,6466,6306,6072,3.870953844,v2_avx512bw_vec32_exact_perm,1-68-5-91-44-45-74-88-79-60-69-29-67-8-51-23-46-43-95-58-86-57-89-15-12-98-64-93-41-87-63-92-2-84-25-71-56-26-50-78-70-72-96-99-65-39-7-38-61-100-52-83-32-54-18-48-3-49-90-31-16-28-77-4-22-34-37-53-21-33-94-85-6-17-35-55-66-13-24-62-76-9-47-42-11-59-81-19-82-20-14-30-27-73-10-75-80-36-40-97
Ta100x20,4,3,300,0.925,0.125,1,2230401210,17000,6535,6306,6072,4.609190978,v2_avx512bw_vec32_exact_perm,1-44-60-50-74-98-8-79-86-45-88-28-69-5-26-16-57-29-92-56-54-95-89-71-84-91-67-22-51-55-46-78-52-76-38-87-58-64-13-25-41-43-65-12-9-34-99-17-93-18-63-3-49-96-70-24-15-100-23-77-85-32-35-61-39-2-47-7-31-11-21-42-37-19-94-6-72-4-20-83-59-48-33-66-90-80-62-81-82-73-36-30-14-27-10-53-40-68-75-97
Ta100x20,4,3,300,0.925,0.125,2,2230402219,17000,6535,6306,6072,4.782131877,v2_avx512bw_vec32_exact_perm,1-68-5-91-29-88-45-60-50-74-69-8-38-44-26-71-79-56-51-99-98-61-67-84-46-70-96-16-28-93-25-54-15-3-4-58-31-87-23-18-63-52-57-12-92-76-100-11-7-13-89-86-47-32-83-65-49-64-85-59-48-9-78-55-35-43-73-42-53-95-30-24-22-41-72-90-10-2-39-94-20-37-6-36-77-34-75-21-81-66-82-62-14-33-80-27-19-17-40-97
Ta100x20,4,3,300,0.925,0.125,3,2230403228,17000,6509,6306,6072,4.50645143,v2_avx512bw_vec32_exact_perm,1-68-44-45-91-74-69-26-5-8-88-51-71-60-38-41-65-50-29-58-15-89-46-64-86-98-84-92-43-57-99-56-79-63-47-61-100-16-32-70-18-12-28-48-67-13-78-96-37-52-9-93-87-25-31-22-49-23-7-77-3-54-72-76-21-95-75-33-90-39-20-42-2-59-83-55-73-94-6-11-4-82-10-34-24-66-62-19-17-53-14-85-35-30-27-81-80-36-40-97
Ta100x20,4,3,300,0.925,0.125,4,2230404237,17000,6451,6306,6072,4.881396057,v2_avx512bw_vec32_exact_perm,1-68-5-91-44-45-16-51-69-58-50-70-84-88-60-29-74-8-56-77-86-67-79-99-87-92-26-9-52-89-64-57-49-7-25-96-71-18-78-46-43-65-54-23-98-93-22-28-41-13-32-38-76-61-24-55-63-11-39-2-20-3-31-72-59-95-15-21-100-34-83-37-42-35-73-48-62-90-94-53-85-33-47-10-17-82-81-12-14-30-6-4-19-66-27-75-80-36-40-97
Ta100x20,4,3,300,0.925,0.125,5,2230405246,17000,6499,6306,6072,4.815883834,v2_avx512bw_vec32_exact_perm,1-69-91-68-45-67-44-74-86-29-8-57-51-23-38-60-46-88-79-16-12-43-78-89-63-5-87-56-64-84-52-70-96-99-50-95-58-34-71-41-55-3-25-47-98-22-13-24-54-76-92-18-49-65-77-7-35-59-61-2-11-26-15-85-93-4-31-21-39-37-53-33-32-100-9-28-14-72-48-20-82-42-10-90-75-83-73-94-30-81-19-66-6-62-27-80-36-17-40-97
Ta100x20,4,3,300,0.925,0.125,6,2230406255,17000,6535,6306,6072,4.715281275,v2_avx512bw_vec32_exact_perm,1-68-44-45-8-69-60-91-16-74-57-5-50-54-98-71-43-92-86-38-23-26-46-70-99-25-96-3-56-52-32-79-58-95-78-63-18-76-66-28-84-51-65-24-13-93-89-88-31-22-61-21-11-77-87-90-7-64-41-47-49-2-67-55-39-12-15-94-29-36-83-37-85-100-4-20-81-73-59-72-6-53-48-35-42-30-82-9-33-19-34-10-14-62-27-80-17-40-75-97
Ta100x20,4,3,300,0.925,0.125,7,2230407264,17000,6535,6306,6072,4.904052159,v2_avx512bw_vec32_exact_perm,1-44-74-69-45-67-88-29-50-8-60-71-5-92-26-70-16-91-41-46-25-64-61-12-87-78-58-56-86-98-9-79-43-49-57-96-77-93-51-13-38-15-99-63-54-95-52-4-18-35-24-84-76-21-47-89-22-32-2-28-7-23-3-55-100-42-59-72-85-90-31-34-65-94-68-11-37-20-33-36-48-10-73-82-66-53-19-83-39-81-30-14-62-27-6-80-17-40-75-97
Ta100x20,4,3,300,0.925,0.125,8,2230408273,17000,6520,6306,6072,4.634351356,v2_avx512bw_vec32_exact_perm,1-68-44-45-60-8-5-74-86-69-29-93-88-16-57-91-92-71-48-64-67-99-58-46-51-89-2-38-41-31-98-56-95-12-65-43-63-26-84-61-79-22-28-36-55-11-52-70-25-72-15-87-7-54-23-13-85-50-24-32-76-39-3-78-96-47-77-30-21-90-35-6-100-18-94-20-37-34-81-73-42-83-53-59-49-75-82-14-66-4-10-62-9-33-27-80-19-17-40-97
Ta100x20,4,3,300,0.925,0.125,9,2230409282,17000,6527,6306,6072,4.38496674,v2_avx512bw_vec32_exact_perm,68-45-44-60-8-1-88-46-74-12-16-79-91-48-57-29-5-26-51-69-2-56-100-67-78-23-95-87-32-13-89-11-38-61-50-86-58-98-25-84-99-71-96-55-49-83-54-3-64-76-43-15-94-7-42-65-47-63-90-22-70-28-18-31-52-4-53-72-37-66-39-85-20-9-59-92-73-93-33-24-21-77-35-80-14-41-82-62-30-81-10-17-6-34-27-19-75-36-40-97
Ta100x20,4,3,300,0.925,0.125,10,2230410291,17000,6509,6306,6072,4.535674663,v2_avx512bw_vec32_exact_perm,1-69-68-8-5-46-45-74-44-38-50-88-54-60-51-29-86-89-57-26-96-92-91-55-56-67-32-79-12-61-43-70-83-84-25-16-13-28-52-59-93-7-15-58-31-71-98-23-63-20-87-94-95-76-17-39-2-99-78-65-100-10-22-11-37-41-90-35-48-9-47-33-42-85-3-21-18-30-24-53-73-4-72-6-77-34-82-49-62-66-81-27-19-14-64-75-80-36-40-97
Ta100x20,4,3,300,0.9625,0.025,1,2230401210,17000,6443,6306,6072,4.22540416,v2_avx512bw_vec32_exact_perm,1-68-44-91-16-74-60-65-57-45-69-5-89-46-70-51-96-52-92-55-67-84-63-56-71-29-86-90-95-100-78-58-47-98-26-23-38-54-88-8-3-15-43-76-7-31-25-79-50-93-12-87-77-32-72-13-99-18-11-48-49-59-22-64-41-35-61-39-42-2-83-73-66-21-37-94-53-9-85-28-4-6-33-24-62-19-20-81-17-34-80-10-75-82-30-14-27-36-40-97
Ta100x20,4,3,300,0.9625,0.025,2,2230402219,17000,6516,6306,6072,4.065570752,v2_avx512bw_vec32_exact_perm,1-68-5-91-16-44-74-60-51-8-69-29-67-64-50-84-58-88-45-56-70-96-55-13-78-46-100-99-79-92-28-38-25-93-57-12-86-71-77-63-49-89-43-95-4-20-87-52-7-98-18-41-15-54-37-65-76-3-2-61-11-23-39-26-72-36-24-47-33-66-42-59-21-83-35-32-22-73-9-90-30-53-31-85-34-27-6-48-19-17-81-82-10-62-14-94-75-80-40-97
Ta100x20,4,3,300,0.9625,0.025,3,2230403228,17000,6525,6306,6072,4.383845116,v2_avx512bw_vec32_exact_perm,1-68-44-5-91-45-65-51-29-60-69-74-78-16-8-71-46-67-92-95-15-31-98-58-26-43-84-70-86-38-88-56-93-87-50-99-54-23-89-55-13-11-63-47-52-25-96-18-21-57-76-64-61-77-7-49-79-42-100-2-41-28-24-85-22-32-3-35-33-83-10-39-37-48-59-90-20-12-94-30-73-14-4-53-9-82-72-34-66-19-62-81-75-6-80-27-36-17-40-97
Ta100x20,4,3,300,0.9625,0.025,4,2230404237,17000,6535,6306,6072,4.183378419,v2_avx512bw_vec32_exact_perm,1-68-44-91-45-8-5-60-64-69-74-57-71-89-86-92-88-50-26-58-100-15-29-46-78-98-2-67-61-95-51-96-70-49-93-38-99-84-63-52-16-56-3-87-54-31-25-55-59-7-28-41-47-32-24-83-11-79-39-43-72-18-20-76-12-9-77-13-37-34-4-23-42-48-94-22-90-33-65-21-35-6-53-62-85-66-27-10-30-14-36-82-73-81-80-19-17-40-75-97
Ta100x20,4,3,300,0.9625,0.025,5,2230405246,17000,6535,6306,6072,4.187647374,v2_avx512bw_vec32_exact_perm,1-68-44-8-16-60-65-45-86-69-91-74-46-5-26-92-58-70-95-98-12-50-88-94-41-22-29-23-78-43-71-18-56-11-79-38-57-99-39-77-49-89-59-96-52-67-31-61-84-15-54-63-51-32-47-93-7-2-42-13-100-76-25-21-87-37-90-83-55-64-3-6-48-62-28-9-4-66-24-36-72-85-20-33-82-53-34-35-14-10-19-30-73-27-17-81-80-40-75-97
Ta100x20,4,3,300,0.9625,0.025,6,2230406255,17000,6535,6306,6072,4.140400508,v2_avx512bw_vec32_exact_perm,1-68-45-91-60-44-16-74-67-50-51-8-5-71-57-46-100-98-38-26-69-58-86-70-15-56-63-23-25-32-41-99-52-55-29-88-7-54-87-84-89-20-43-92-95-65-2-78-22-13-64-93-49-96-3-39-37-42-34-47-24-61-28-21-31-9-76-79-18-94-77-12-72-73-59-85-48-30-11-53-35-4-83-90-82-6-33-14-66-62-81-19-27-36-10-80-17-40-75-97
Ta100x20,4,3,300,0.9625,0.025,7,2230407264,17000,6520,6306,6072,3.910576515,v2_avx512bw_vec32_exact_perm,1-68-91-8-67-45-5-44-69-86-64-60-92-57-29-50-78-88-99-26-38-74-41-55-84-58-52-70-46-51-63-43-25-56-95-98-49-31-22-3-72-71-54-9-87-23-93-100-15-89-96-61-16-24-18-13-47-76-62-39-34-85-35-11-59-65-81-12-66-21-2-83-37-33-90-7-4-42-73-79-77-94-10-53-32-48-20-28-6-80-75-82-30-36-14-27-19-17-40-97
Ta100x20,4,3,300,0.9625,0.025,8,2230408273,17000,6458,6306,6072,3.947176203,v2_avx512bw_vec32_exact_perm,1-69-68-5-91-45-44-74-12-8-60-46-86-51-84-57-52-67-98-29-92-95-58-88-56-31-64-71-38-26-50-70-89-23-54-32-79-78-17-47-18-3-65-94-99-43-87-16-13-25-9-93-63-49-15-96-39-11-41-76-22-77-90-48-6-61-72-28-100-21-4-55-82-10-2-37-59-7-20-85-24-33-34-66-19-83-81-73-35-42-53-30-14-62-27-75-80-36-40-97
Ta100x20,4,3,300,0.9625,0.025,9,2230409282,17000,6525,6306,6072,3.990425213,v2_avx512bw_vec32_exact_perm,1-68-44-74-5-60-69-45-65-8-64-78-50-88-56-71-38-16-91-89-20-86-29-70-26-61-54-25-96-98-95-13-93-84-87-63-41-46-99-52-3-18-15-51-2-12-58-22-57-92-28-37-49-43-35-31-11-9-33-55-67-79-76-23-85-48-72-77-30-59-47-32-34-24-73-4-90-62-94-7-66-21-100-19-42-10-53-83-81-82-39-6-14-75-80-27-36-17-40-97
Ta100x20,4,3,300,0.9625,0.025,10,2230410291,17000,6437,6306,6072,4.061172311,v2_avx512bw_vec32_exact_perm,1-60-68-91-44-45-50-29-69-65-67-5-23-71-38-74-46-88-99-55-56-86-51-8-96-70-84-63-52-58-77-89-79-57-16-49-100-3-25-98-26-7-93-92-15-54-87-12-43-78-32-47-22-95-35-18-76-17-24-62-28-59-64-2-31-21-94-61-90-48-39-13-6-37-41-72-20-85-66-53-42-30-83-11-73-9-4-34-81-75-80-10-82-33-19-14-27-36-40-97
Ta100x20,4,3,300,0.9625,0.05,1,2230401210,17000,6498,6306,6072,4.083571991,v2_avx512bw_vec32_exact_perm,1-68-44-8-79-88-69-16-74-60-23-5-57-67-71-45-78-46-38-26-70-86-43-89-56-87-51-99-52-63-29-95-25-98-96-32-84-15-93-50-58-11-2-24-41-64-91-92-35-61-18-59-31-21-47-13-12-77-55-7-22-54-34-65-3-76-9-28-37-100-90-53-33-4-20-72-85-19-73-66-42-81-49-83-39-75-48-82-30-6-14-10-94-62-27-80-36-17-40-97
Ta100x20,4,3,300,0.9625,0.05,2,2230402219,17000,6535,6306,6072,4.091815427,v2_avx512bw_vec32_exact_perm,1-68-91-60-44-8-38-29-45-12-74-86-57-26-5-88-58-69-52-50-92-67-51-98-71-43-46-41-84-70-55-63-99-59-15-3-78-89-79-56-32-39-61-96-54-25-35-2-95-33-11-13-64-65-48-16-20-53-87-21-6-7-22-76-90-77-23-42-9-100-94-93-49-19-4-28-37-62-72-18-66-24-47-30-81-83-36-27-31-85-80-82-73-10-14-34-17-40-75-97
Ta100x20,4,3,300,0.9625,0.05,3,2230403228,17000,6504,6306,6072,4.233805051,v2_avx512bw_vec32_exact_perm,1-68-44-8-71-45-5-91-69-99-74-16-57-88-60-51-22-46-70-58-50-86-96-67-52-62-79-41-55-38-98-56-63-32-78-12-84-25-26-92-2-95-15-11-43-87-65-7-90-94-54-76-42-89-93-100-24-18-3-49-77-61-72-28-33-21-23-29-83-37-47-13-64-4-20-48-39-66-59-31-35-19-14-73-30-9-53-81-82-85-6-34-27-10-17-75-80-36-40-97
Ta100x20,4,3,300,0.9625,0.05,4,2230404237,17000,6479,6306,6072,4.588990275,v2_avx512bw_vec32_exact_perm,1-68-44-8-5-69-45-74-88-50-91-46-57-79-67-51-70-86-60-29-92-23-16-26-89-98-58-55-78-77-76-38-52-96-95-25-63-32-43-15-72-56-71-3-49-84-54-24-93-64-7-94-85-65-9-100-62-99-47-18-13-87-22-31-61-12-83-41-2-28-20-73-30-48-35-39-59-37-10-42-21-90-81-6-11-33-66-14-27-34-4-53-19-17-82-75-80-36-40-97
Ta100x20,4,3,300,0.9625,0.05,5,2230405246,17000,6522,6306,6072,4.185357669,v2_avx512bw_vec32_exact_perm,1-68-44-8-45-5-51-67-91-74-89-57-88-50-29-16-64-58-60-71-46-56-69-79-92-63-77-38-78-55-86-70-96-99-15-98-65-52-84-43-12-95-11-26-41-93-18-25-94-13-2-39-100-59-42-22-7-24-17-3-49-31-23-4-54-87-85-37-28-32-76-9-61-48-21-33-90-62-73-53-35-82-47-72-20-30-14-10-19-66-6-81-27-36-34-83-75-80-40-97
Ta100x20,4,3,300,0.9625,0.05,6,2230406255,17000,6517,6306,6072,4.385210896,v2_avx512bw_vec32_exact_perm,68-44-8-1-69-91-5-50-92-45-74-60-67-71-26-29-16-58-46-38-55-56-51-52-86-61-57-31-98-28-63-84-95-4-7-23-89-65-96-70-100-49-25-77-39-43-54-78-76-11-88-79-2-99-93-13-18-32-15-22-12-64-87-90-3-24-21-20-37-41-66-35-33-34-48-9-72-6-62-47-85-53-30-59-42-81-94-14-83-75-10-82-73-80-36-27-19-17-40-97
Ta100x20,4,3,300,0.9625,0.05,7,2230407264,17000,6522,6306,6072,4.395902001,v2_avx512bw_vec32_exact_perm,1-68-91-60-8-16-74-5-44-69-86-55-50-67-45-51-38-46-29-58-71-88-54-70-92-78-89-52-95-41-99-56-43-13-39-98-25-76-49-15-57-23-63-96-84-90-72-100-7-32-34-77-61-18-48-79-9-4-26-87-93-12-53-31-28-94-42-3-21-11-65-64-47-85-20-37-2-81-6-22-66-17-59-62-24-36-30-10-73-82-35-27-14-19-33-83-75-80-40-97
Ta100x20,4,3,300,0.9625,0.05,8,2230408273,17000,6495,6306,6072,4.196571407,v2_avx512bw_vec32_exact_perm,1-68-44-60-45-8-65-5-74-69-64-57-46-71-98-86-51-58-70-26-67-29-38-15-3-91-63-79-16-56-88-89-92-95-52-99-50-43-22-25-54-77-41-87-49-96-78-93-32-21-7-47-12-55-2-61-13-48-6-18-100-72-84-76-53-23-59-28-11-83-35-66-31-90-81-73-4-42-33-19-39-62-20-85-37-24-34-75-30-80-9-27-94-36-14-10-17-82-40-97
Ta100x20,4,3,300,0.9625,0.05,9,2230409282,17000,6523,6306,6072,4.223789933,v2_avx512bw_vec32_exact_perm,1-44-45-69-60-74-46-8-64-86-57-51-98-5-88-71-50-26-38-15-91-16-79-12-32-92-56-28-63-93-96-70-29-78-76-23-84-52-54-7-43-25-95-58-89-13-77-59-3-35-67-39-99-18-49-22-2-61-87-20-37-55-94-100-73-68-47-24-11-72-41-90-6-85-4-48-42-21-53-83-66-36-75-65-31-9-80-33-62-81-30-10-14-82-34-27-19-17-40-97
Ta100x20,4,3,300,0.9625,0.05,10,2230410291,17000,6548,6306,6072,4.336424758,v2_avx512bw_vec32_exact_perm,1-68-44-45-8-5-74-88-29-69-64-91-67-86-50-26-79-70-23-98-71-9-100-54-22-57-78-49-56-46-87-61-52-16-95-60-63-25-13-76-92-38-55-51-94-96-83-90-43-72-41-89-18-84-99-12-58-77-36-2-39-24-32-7-35-53-3-20-28-93-31-37-65-85-21-6-42-15-11-10-81-4-59-66-48-30-19-33-27-62-14-47-17-82-73-80-34-75-40-97
Ta100x20,4,3,300,0.9625,0.075,1,2230401210,17000,6519,6306,6072,4.058563471,v2_avx512bw_vec32_exact_perm,1-68-44-8-5-69-91-74-45-89-66-57-86-60-92-43-16-88-29-71-99-67-78-51-50-58-84-98-41-70-56-12-9-13-25-52-63-95-26-61-15-96-100-49-93-54-3-38-46-87-64-23-32-2-18-48-39-22-72-94-76-24-6-7-65-55-77-20-37-21-35-4-28-62-31-11-90-59-85-42-82-79-83-47-81-19-14-30-10-53-73-33-34-75-36-27-80-17-40-97
Ta100x20,4,3,300,0.9625,0.075,2,2230402219,17000,6535,6306,6072,4.011996592,v2_avx512bw_vec32_exact_perm,1-68-44-16-91-8-45-60-5-69-86-74-57-50-26-15-23-58-56-84-88-94-3-29-63-87-52-95-41-70-51-13-12-46-71-78-2-25-32-67-76-54-43-22-49-96-79-65-39-89-93-64-38-61-77-98-6-18-48-28-7-11-92-24-99-72-83-35-55-30-85-47-100-9-73-59-33-21-31-37-90-42-20-53-62-14-66-4-27-10-36-81-80-82-19-17-34-40-75-97
Ta100x20,4,3,300,0.9625,0.075,3,2230403228,17000,6495,6306,6072,4.418489372,v2_avx512bw_vec32_exact_perm,1-44-60-74-69-45-8-86-68-70-5-91-51-50-56-84-26-29-15-58-55-88-67-96-89-64-71-16-93-35-25-13-18-41-78-100-57-95-99-28-63-92-32-87-76-43-54-49-79-46-7-2-23-38-61-52-12-9-65-4-22-11-48-33-72-90-3-42-19-98-39-77-37-85-20-24-59-73-94-31-83-47-34-21-53-30-6-75-10-36-81-82-66-14-62-27-80-17-40-97
Ta100x20,4,3,300,0.9625,0.075,4,2230404237,17000,6508,6306,6072,4.084312502,v2_avx512bw_vec32_exact_perm,1-68-44-45-8-74-60-69-67-88-65-29-70-5-71-51-16-98-78-24-95-46-58-56-92-84-52-50-91-43-41-63-42-57-99-96-86-23-79-15-76-93-89-13-26-87-22-72-61-83-54-25-18-55-21-38-11-31-7-20-64-3-59-47-32-90-33-39-77-17-34-48-49-100-35-12-2-6-73-9-4-53-66-94-85-37-28-82-10-14-62-75-30-19-81-36-40-80-27-97
Ta100x20,4,3,300,0.9625,0.075,5,2230405246,17000,6535,6306,6072,4.048712067,v2_avx512bw_vec32_exact_perm,1-68-44-8-5-74-16-69-60-29-45-88-91-50-26-23-71-46-52-79-41-38-84-57-22-98-55-58-92-67-25-78-70-43-96-61-31-95-54-59-90-63-77-86-32-64-87-47-7-56-99-18-89-13-21-76-100-24-66-65-53-39-3-49-93-28-4-15-6-11-34-51-2-83-73-36-35-42-12-37-48-33-9-80-62-72-94-85-20-81-19-17-82-30-27-14-10-40-75-97
Ta100x20,4,3,300,0.9625,0.075,6,2230406255,17000,6535,6306,6072,4.204348881,v2_avx512bw_vec32_exact_perm,1-44-60-74-8-29-69-84-91-5-16-67-71-46-41-38-86-57-15-45-76-78-32-88-89-58-52-63-79-70-50-99-87-100-56-95-13-25-64-77-92-26-98-51-59-43-2-93-39-7-23-28-12-96-3-35-24-11-31-65-72-48-55-18-61-21-54-22-49-94-9-4-47-62-6-90-20-85-42-66-37-10-33-83-81-68-73-36-80-53-82-27-30-14-19-34-17-40-75-97
Ta100x20,4,3,300,0.9625,0.075,7,2230407264,17000,6468,6306,6072,4.107135083,v2_avx512bw_vec32_exact_perm,1-60-68-44-74-45-8-70-58-5-92-91-84-69-29-86-46-78-23-16-52-41-89-88-57-26-96-38-56-51-43-99-63-15-76-64-2-95-13-79-67-71-98-93-25-55-47-32-3-28-50-18-100-39-77-59-22-21-49-61-7-90-31-72-9-54-87-65-35-4-42-53-37-34-82-62-6-48-12-11-20-66-24-33-94-19-85-30-83-81-14-10-17-27-73-75-80-36-40-97
Ta100x20,4,3,300,0.9625,0.075,8,2230408273,17000,6520,6306,6072,4.096351132,v2_avx512bw_vec32_exact_perm,1-68-44-8-60-74-5-69-29-67-58-92-91-16-51-46-70-52-55-86-78-84-45-88-9-56-98-71-25-26-93-87-96-38-79-99-43-41-63-32-15-64-89-50-57-18-77-54-22-13-23-72-59-100-34-76-3-12-95-39-94-47-7-2-21-11-28-85-66-61-24-37-48-65-36-4-35-31-90-83-80-62-42-6-75-33-20-10-53-30-14-73-81-49-82-27-19-17-40-97
Ta100x20,4,3,300,0.9625,0.075,9,2230409282,17000,6549,6306,6072,4.091199566,v2_avx512bw_vec32_exact_perm,1-68-91-60-44-8-78-92-84-46-65-45-74-69-50-57-86-26-23-70-5-88-56-33-29-51-95-38-55-58-98-64-71-41-25-54-3-61-28-96-22-99-16-87-18-2-89-52-76-32-63-43-31-48-37-79-49-67-42-11-12-7-93-100-59-35-47-13-94-39-15-72-77-4-24-21-9-30-85-62-83-73-90-36-20-27-66-6-81-34-75-19-80-53-10-82-14-97-17-40
Ta100x20,4,3,300,0.9625,0.075,10,2230410291,17000,6487,6306,6072,3.919344626,v2_avx512bw_vec32_exact_perm,1-60-91-8-5-74-44-23-70-71-69-45-16-86-26-52-56-51-89-95-50-46-29-3-54-57-87-38-84-88-32-67-25-58-96-94-64-78-99-49-55-63-15-18-22-92-47-76-43-68-79-24-13-100-12-7-93-35-59-41-31-98-17-39-42-85-11-83-61-66-90-37-33-21-20-73-28-82-62-6-81-48-77-14-65-53-34-2-4-9-72-10-19-30-27-75-80-36-40-97
Ta100x20,4,3,300,0.9625,0.1,1,2230401210,17000,6529,6306,6072,4.318722548,v2_avx512bw_vec32_exact_perm,68-44-8-1-29-46-74-45-12-60-5-98-67-69-84-38-79-54-92-58-86-26-56-65-99-51-70-95-50-96-15-91-43-52-63-71-94-22-49-88-16-87-78-25-13-89-39-41-57-37-35-23-77-93-42-9-100-73-59-32-18-3-83-48-64-28-36-55-90-2-61-47-85-72-31-7-6-20-34-4-75-24-81-11-21-66-53-76-80-33-30-10-14-62-27-82-19-17-40-97
Ta100x20,4,3,300,0.9625,0.1,2,2230402219,17000,6493,6306,6072,4.283245461,v2_avx512bw_vec32_exact_perm,1-68-44-45-60-29-8-5-91-67-95-74-69-89-46-51-86-78-71-26-16-61-96-38-28-79-88-57-23-21-12-56-55-100-50-65-43-84-63-25-87-93-58-99-13-31-15-92-7-52-4-11-18-98-70-3-54-34-35-59-48-37-49-64-9-47-39-76-32-2-62-94-77-22-90-42-41-20-73-85-24-53-66-14-72-6-33-83-19-36-27-82-10-17-75-30-81-80-40-97
Ta100x20,4,3,300,0.9625,0.1,3,2230403228,17000,6514,6306,6072,4.126876578,v2_avx512bw_vec32_exact_perm,1-69-68-29-5-91-44-45-50-84-8-57-46-92-56-100-60-71-23-16-64-74-98-55-86-67-32-2-3-79-99-26-38-88-58-25-9-77-28-22-96-49-12-89-78-54-52-87-94-63-95-65-51-41-70-59-76-17-43-7-15-6-4-90-37-11-93-18-33-13-31-19-83-35-39-61-85-73-48-42-53-20-24-62-21-14-66-72-47-10-82-34-81-75-80-30-27-36-40-97
Ta100x20,4,3,300,0.9625,0.1,4,2230404237,17000,6535,6306,6072,4.293751682,v2_avx512bw_vec32_exact_perm,1-68-91-45-60-74-69-86-5-51-50-77-38-26-29-88-52-57-44-46-8-23-58-96-70-63-71-79-16-18-55-43-56-67-12-98-92-89-22-3-95-93-65-28-84-78-2-54-99-31-11-49-21-41-24-25-87-61-100-59-83-7-64-76-15-72-47-32-73-42-33-13-37-9-85-48-94-90-20-34-53-4-10-66-6-19-75-81-82-39-35-36-27-30-14-62-80-17-40-97
Ta100x20,4,3,300,0.9625,0.1,5,2230405246,17000,6544,6306,6072,4.467066824,v2_avx512bw_vec32_exact_perm,1-68-60-8-44-74-69-5-45-71-29-52-88-16-98-92-91-12-67-95-89-46-32-70-57-86-43-50-26-63-49-38-93-79-15-51-96-65-13-78-55-41-28-22-3-99-11-76-56-54-58-100-7-87-47-35-84-48-2-18-64-31-25-24-21-77-72-62-30-90-42-94-23-20-39-61-59-37-36-14-66-53-73-9-85-82-19-83-81-17-34-27-6-4-10-75-80-33-40-97
Ta100x20,4,3,300,0.9625,0.1,6,2230406255,17000,6496,6306,6072,3.994037121,v2_avx512bw_vec32_exact_perm,1-68-44-29-8-60-45-5-69-46-12-91-92-15-99-16-67-74-23-88-98-71-58-55-86-79-43-50-84-56-95-89-51-70-52-61-78-57-96-76-26-72-25-38-21-33-3-13-64-32-54-24-63-28-22-65-35-87-7-49-93-18-39-9-66-11-42-53-31-34-83-48-19-2-37-85-10-100-59-41-47-77-82-4-90-20-62-81-6-27-73-17-30-14-94-75-80-36-40-97
Ta100x20,4,3,300,0.9625,0.1,7,2230407264,17000,6518,6306,6072,4.005160809,v2_avx512bw_vec32_exact_perm,1-68-44-45-51-65-69-5-64-60-67-50-96-46-8-74-89-98-58-71-18-38-76-70-29-56-16-95-23-99-43-26-86-15-78-57-92-52-88-55-63-9-91-84-93-54-22-32-34-100-59-25-31-20-13-39-7-72-77-12-49-87-11-3-35-24-47-85-53-79-83-21-90-61-37-41-36-66-28-48-42-19-2-6-62-10-33-81-73-94-4-82-75-30-14-27-80-17-40-97
Ta100x20,4,3,300,0.9625,0.1,8,2230408273,17000,6545,6306,6072,4.13539634,v2_avx512bw_vec32_exact_perm,68-60-50-69-65-1-5-91-29-79-44-16-74-45-92-67-8-23-88-26-84-57-43-78-46-56-99-86-98-25-100-58-95-41-87-51-13-39-22-70-71-61-89-38-35-28-63-32-15-12-31-52-20-96-7-54-48-93-49-90-55-21-85-11-76-73-47-18-42-83-2-3-59-62-66-64-24-77-6-4-36-37-9-72-30-81-94-19-33-17-10-80-82-14-53-34-27-75-40-97
Ta100x20,4,3,300,0.9625,0.1,9,2230409282,17000,6498,6306,6072,4.298537654,v2_avx512bw_vec32_exact_perm,1-68-74-69-86-44-45-8-60-5-91-16-51-67-12-56-55-71-65-26-88-46-29-24-38-77-43-95-31-96-25-78-89-23-52-41-54-58-70-92-22-50-53-98-64-3-87-99-15-84-32-63-18-76-79-49-28-57-2-93-61-7-11-20-39-66-72-47-13-35-21-100-19-59-42-83-73-9-30-37-94-90-33-85-48-6-62-34-14-10-81-17-4-82-27-75-80-36-40-97
Ta100x20,4,3,300,0.9625,0.1,10,2230410291,17000,6473,6306,6072,4.464670779,v2_avx512bw_vec32_exact_perm,1-60-68-8-44-45-52-74-5-69-16-50-26-29-92-46-43-56-38-84-86-57-67-93-71-98-3-99-51-88-23-15-70-64-96-78-18-31-79-89-39-58-76-12-87-54-61-100-25-2-59-22-13-32-95-24-49-35-77-47-63-91-7-20-41-4-42-37-55-9-72-28-65-73-33-90-66-62-53-21-34-48-19-85-94-11-82-83-10-81-17-30-6-14-27-75-80-36-40-97
Ta100x20,4,3,300,0.9625,0.125,1,2230401210,17000,6462,6306,6072,4.102074841,v2_avx512bw_vec32_exact_perm,1-68-5-91-45-60-51-74-44-69-46-57-86-56-92-8-66-22-58-29-26-88-84-89-78-32-38-16-52-71-15-50-11-13-70-95-28-63-96-25-87-23-17-37-99-18-98-48-90-76-43-12-79-39-31-61-77-24-2-59-3-54-47-49-62-93-53-41-20-21-72-100-7-55-65-85-94-14-64-67-6-83-81-42-10-33-19-4-82-35-30-9-73-34-27-75-80-36-40-97
Ta100x20,4,3,300,0.9625,0.125,2,2230402219,17000,6492,6306,6072,4.199181918,v2_avx512bw_vec32_exact_perm,1-60-8-45-44-69-74-5-99-38-29-91-68-16-64-56-51-67-88-84-71-58-92-43-46-57-70-86-15-79-95-26-25-41-77-63-28-4-50-11-18-89-100-98-93-31-13-23-61-52-24-48-49-12-87-54-9-42-22-32-37-2-3-78-90-47-21-94-96-65-7-66-39-55-76-81-17-62-72-83-85-10-14-59-6-20-53-34-82-35-19-33-30-27-73-75-80-36-40-97
Ta100x20,4,3,300,0.9625,0.125,3,2230403228,17000,6514,6306,6072,4.359980925,v2_avx512bw_vec32_exact_perm,1-68-44-91-8-45-5-69-74-79-88-50-60-98-71-67-89-3-99-43-86-51-28-57-92-95-58-65-46-70-12-56-16-96-93-38-26-29-63-84-78-100-24-72-18-54-31-87-32-22-37-52-41-55-15-21-13-76-61-25-59-77-83-48-7-49-35-64-23-34-39-47-9-42-33-90-94-20-66-85-53-73-2-4-82-14-11-30-10-19-6-75-62-81-27-36-80-17-40-97
Ta100x20,4,3,300,0.9625,0.125,4,2230404237,17000,6530,6306,6072,4.08250287,v2_avx512bw_vec32_exact_perm,1-68-44-74-67-45-60-5-8-63-69-46-86-91-29-50-51-92-84-28-88-70-71-23-52-31-89-26-79-98-95-18-58-16-56-12-43-77-35-96-7-76-57-25-32-54-13-93-78-99-41-65-100-59-22-39-87-21-72-55-24-48-64-3-42-15-37-49-38-53-36-47-83-82-61-20-66-34-2-11-85-33-9-73-4-90-14-30-62-94-75-81-19-6-10-17-27-80-40-97
Ta100x20,4,3,300,0.9625,0.125,5,2230405246,17000,6538,6306,6072,4.840821492,v2_avx512bw_vec32_exact_perm,1-68-44-45-65-74-5-23-91-8-16-69-84-51-60-56-70-79-29-86-58-61-38-54-15-43-98-88-55-57-93-63-76-64-46-99-18-25-96-89-21-90-85-71-95-26-3-67-28-31-32-77-50-78-13-87-22-30-11-35-52-41-2-92-12-37-47-62-42-39-72-20-48-7-100-4-94-81-73-9-53-66-49-6-59-10-17-24-33-82-27-19-34-14-36-83-75-80-40-97
Ta100x20,4,3,300,0.9625,0.125,6,2230406255,17000,6520,6306,6072,4.186865686,v2_avx512bw_vec32_exact_perm,1-68-44-45-8-60-16-46-67-91-50-74-71-5-57-92-89-86-64-58-69-79-70-84-63-56-87-55-93-31-26-32-25-22-54-95-88-41-29-100-65-24-7-96-51-98-99-3-28-43-76-77-38-61-52-18-13-15-47-35-59-39-78-11-42-4-73-9-21-72-12-37-2-85-34-94-23-49-83-53-20-66-30-48-62-81-75-80-14-90-33-10-6-27-36-82-19-17-40-97
Ta100x20,4,3,300,0.9625,0.125,7,2230407264,17000,6548,6306,6072,4.095677008,v2_avx512bw_vec32_exact_perm,1-60-8-74-29-67-71-38-69-5-45-44-70-91-86-79-57-52-98-78-46-16-25-92-51-26-56-95-84-99-41-43-88-15-2-64-63-89-58-87-65-7-34-23-54-100-59-49-93-72-31-3-12-61-4-47-50-96-90-13-18-32-42-11-21-77-9-22-28-37-39-53-55-48-85-83-82-35-6-19-94-36-24-76-33-20-66-73-30-14-62-81-17-27-80-10-68-75-40-97
Ta100x20,4,3,300,0.9625,0.125,8,2230408273,17000,6525,6306,6072,4.480950648,v2_avx512bw_vec32_exact_perm,1-60-68-44-74-5-8-16-45-69-76-50-29-98-79-84-71-46-86-56-58-25-26-96-32-23-67-55-70-88-22-51-91-92-18-95-78-65-38-52-57-15-63-43-90-93-54-89-7-87-48-64-12-31-33-21-47-49-85-94-77-62-3-13-42-24-19-39-100-99-66-81-41-82-20-35-83-6-11-2-73-59-4-61-28-37-14-34-17-30-9-10-53-80-72-75-36-27-40-97
Ta100x20,4,3,300,0.9625,0.125,9,2230409282,17000,6475,6306,6072,3.927717582,v2_avx512bw_vec32_exact_perm,1-68-44-29-45-5-91-69-99-8-16-86-38-60-88-26-57-46-52-71-78-49-51-79-92-74-15-23-47-67-25-58-63-98-77-11-89-13-76-12-50-43-96-65-95-84-61-70-56-22-19-3-54-93-31-18-72-100-42-2-20-90-32-34-41-66-87-24-37-7-33-28-64-83-94-39-21-53-48-85-59-55-10-62-6-81-17-35-30-9-14-82-4-73-27-75-80-36-40-97
Ta100x20,4,3,300,0.9625,0.125,10,2230410291,17000,6497,6306,6072,4.284872265,v2_avx512bw_vec32_exact_perm,1-44-45-69-74-70-8-67-60-78-46-5-51-38-91-57-86-29-84-52-92-76-26-50-15-63-64-56-96-79-88-87-99-58-28-16-89-22-37-41-32-43-71-25-23-54-98-68-20-72-95-18-93-39-12-17-83-3-2-30-48-24-13-90-65-33-47-55-7-49-85-14-61-31-62-100-11-59-21-77-94-6-4-82-66-53-34-9-10-42-81-73-19-35-75-27-80-36-40-97
Ta100x20,4,3,300,1.0,0.025,1,2230401210,17000,6466,6306,6072,4.072575611,v2_avx512bw_vec32_exact_perm,1-60-8-74-69-5-68-88-44-29-46-45-16-51-86-92-91-56-58-89-38-71-67-70-57-100-64-26-52-63-50-98-84-65-78-9-13-87-96-76-43-23-7-54-77-94-12-25-95-28-55-22-99-3-49-11-79-72-31-93-33-4-20-39-18-48-59-90-32-6-53-21-37-41-35-10-30-24-61-47-2-82-73-83-15-85-19-62-66-42-14-81-17-34-27-75-80-36-40-97
Ta100x20,4,3,300,1.0,0.025,2,2230402219,17000,6502,6306,6072,4.237022225,v2_avx512bw_vec32_exact_perm,1-68-44-45-60-8-67-74-91-79-5-71-69-29-88-95-99-98-52-96-89-16-57-86-56-51-38-78-46-26-18-43-59-58-49-92-54-24-93-22-32-63-39-64-3-55-84-77-50-23-25-76-28-87-11-13-70-65-21-47-31-15-100-62-7-72-85-4-41-66-2-12-10-37-61-19-83-90-94-48-82-35-42-36-73-30-9-75-33-20-34-6-81-14-53-27-80-17-40-97
Ta100x20,4,3,300,1.0,0.025,3,2230403228,17000,6451,6306,6072,4.001409292,v2_avx512bw_vec32_exact_perm,1-68-91-8-60-44-45-74-69-86-58-5-55-29-51-56-71-88-84-50-96-16-38-23-26-46-98-67-66-52-63-41-99-77-18-57-92-87-64-61-89-25-95-15-43-7-70-32-54-22-100-78-72-24-49-12-76-83-93-85-31-39-59-47-3-53-48-42-9-13-10-79-11-2-4-90-17-62-65-28-20-21-94-37-35-19-82-30-33-14-81-6-34-73-27-75-80-36-40-97
Ta100x20,4,3,300,1.0,0.025,4,2230404237,17000,6520,6306,6072,4.085162846,v2_avx512bw_vec32_exact_perm,1-69-91-50-45-44-8-74-29-64-57-5-67-56-92-79-63-60-89-78-38-55-46-26-84-15-86-99-98-71-28-51-70-95-3-52-65-88-16-47-41-96-43-59-58-12-25-72-13-93-22-87-18-100-62-54-77-2-94-39-49-31-76-11-32-23-48-37-90-42-7-36-61-24-73-53-30-35-68-6-21-85-66-27-20-81-34-83-4-9-75-14-80-10-33-82-19-17-40-97
Ta100x20,4,3,300,1.0,0.025,5,2230405246,17000,6475,6306,6072,4.30064064,v2_avx512bw_vec32_exact_perm,1-68-44-45-8-67-5-69-60-29-86-32-74-46-92-38-26-57-23-88-50-70-91-63-84-52-78-58-99-3-31-56-79-43-71-16-76-89-93-54-41-51-55-98-37-65-25-95-13-7-15-18-28-12-59-77-94-90-96-64-87-49-100-61-21-73-22-20-35-11-2-39-85-48-17-10-82-47-24-30-34-6-42-83-81-62-33-14-53-4-19-66-9-72-27-75-80-36-40-97
Ta100x20,4,3,300,1.0,0.025,6,2230406255,17000,6535,6306,6072,4.004875755,v2_avx512bw_vec32_exact_perm,1-68-44-8-16-74-55-69-5-26-50-88-13-29-45-56-38-91-79-84-98-86-89-71-25-70-67-51-60-46-78-96-64-58-87-92-49-54-61-7-100-76-21-77-23-15-47-39-90-52-18-63-43-35-57-22-28-4-3-66-95-99-11-72-12-65-93-20-2-9-34-32-85-41-31-6-24-75-48-59-27-53-81-33-36-73-83-37-42-10-82-30-19-94-14-62-80-17-40-97
Ta100x20,4,3,300,1.0,0.025,7,2230407264,17000,6475,6306,6072,3.911510843,v2_avx512bw_vec32_exact_perm,1-68-91-8-45-67-74-23-71-69-96-57-86-46-5-60-98-44-29-84-89-26-38-52-22-63-15-95-55-51-56-70-64-58-79-76-50-43-31-87-100-18-54-12-92-49-78-99-2-83-16-11-47-25-88-93-32-72-41-61-65-39-48-28-3-7-13-37-59-35-73-9-85-24-42-94-20-77-90-34-30-14-17-53-10-62-81-33-4-82-6-19-66-21-27-75-80-36-40-97
Ta100x20,4,3,300,1.0,0.025,8,2230408273,17000,6524,6306,6072,4.286630002,v2_avx512bw_vec32_exact_perm,1-68-91-44-79-69-45-60-51-5-65-98-67-92-71-57-9-86-50-88-74-99-23-26-38-56-46-63-29-43-12-8-49-70-32-84-13-55-58-15-89-93-54-87-96-25-7-52-16-2-76-3-64-78-59-41-77-95-21-22-24-66-35-83-61-18-100-72-39-42-37-11-28-90-48-31-33-53-30-47-62-81-20-4-75-85-82-19-14-6-94-34-73-10-36-27-80-17-40-97
Ta100x20,4,3,300,1.0,0.025,9,2230409282,17000,6509,6306,6072,4.312998357,v2_avx512bw_vec32_exact_perm,1-60-68-45-44-91-8-16-50-58-92-5-74-88-57-69-29-71-86-49-79-89-95-51-77-98-70-25-46-26-18-43-56-11-76-63-52-96-84-99-55-41-31-22-15-78-72-54-59-61-32-13-23-64-38-87-3-9-12-35-93-47-28-67-66-2-4-90-39-37-94-21-65-33-36-7-20-24-73-42-6-62-53-48-100-83-85-81-10-75-30-14-34-27-19-80-82-17-40-97
Ta100x20,4,3,300,1.0,0.025,10,2230410291,17000,6535,6306,6072,3.998121113,v2_avx512bw_vec32_exact_perm,1-68-91-74-5-44-60-69-8-45-50-92-26-52-57-96-95-89-71-78-65-43-46-51-86-70-38-88-98-84-56-100-64-29-58-32-13-67-48-11-18-25-54-93-99-2-94-79-47-63-76-72-49-15-4-41-22-24-12-87-55-20-6-90-36-31-37-34-7-35-53-77-23-85-28-61-16-73-9-21-59-83-30-3-39-10-66-19-81-33-82-42-14-62-27-80-17-40-75-97
Ta100x20,4,3,300,1.0,0.05,1,2230401210,17000,6523,6306,6072,4.110638029,v2_avx512bw_vec32_exact_perm,1-69-68-91-74-51-67-45-60-29-8-44-70-52-86-99-96-26-56-16-25-63-5-87-71-15-100-92-64-98-93-89-84-13-57-46-76-7-79-55-78-58-50-88-59-77-54-32-49-18-12-22-31-95-61-38-28-43-3-39-11-47-42-23-9-83-85-21-90-24-2-65-37-36-72-33-41-20-73-82-35-14-66-53-62-30-4-6-48-19-34-94-10-17-27-81-75-80-40-97
Ta100x20,4,3,300,1.0,0.05,2,2230402219,17000,6495,6306,6072,4.076876208,v2_avx512bw_vec32_exact_perm,1-68-5-91-29-44-69-74-46-88-45-8-78-60-50-67-71-92-25-79-70-58-96-15-64-26-56-86-55-2-84-76-89-98-51-99-93-38-77-16-31-95-65-43-54-57-7-59-63-52-41-32-35-18-61-83-87-12-47-13-39-100-42-34-22-24-23-3-11-48-21-28-72-53-82-30-85-6-49-37-9-94-66-4-90-75-10-36-20-73-33-19-81-14-62-27-80-17-40-97
Ta100x20,4,3,300,1.0,0.05,3,2230403228,17000,6516,6306,6072,4.084121972,v2_avx512bw_vec32_exact_perm,1-68-44-5-74-91-69-45-60-46-51-8-89-88-96-38-52-71-12-50-98-16-79-92-67-15-84-63-56-26-54-43-41-76-58-86-93-28-99-3-32-70-87-23-29-95-2-25-78-61-100-13-18-64-57-47-36-65-37-39-21-83-62-24-49-31-55-77-7-85-66-6-48-90-59-22-42-73-4-53-11-94-72-20-35-17-9-33-19-82-30-81-34-14-10-27-75-80-40-97
Ta100x20,4,3,300,1.0,0.05,4,2230404237,17000,6548,6306,6072,4.026200233,v2_avx512bw_vec32_exact_perm,1-68-69-91-5-50-92-44-8-60-74-96-89-12-46-95-45-49-29-63-77-98-3-65-16-26-57-87-23-38-67-71-84-86-70-52-88-51-56-93-78-79-25-22-41-24-43-54-58-32-55-90-31-28-76-99-7-61-11-85-4-20-13-47-18-21-72-15-39-100-64-36-59-34-37-73-48-9-62-2-53-6-42-81-66-35-19-94-17-83-33-82-30-80-27-14-10-75-40-97
Ta100x20,4,3,300,1.0,0.05,5,2230405246,17000,6535,6306,6072,4.224964172,v2_avx512bw_vec32_exact_perm,1-68-44-65-5-45-60-69-79-50-67-8-52-57-41-29-88-55-86-58-74-89-99-51-83-92-98-71-56-22-95-70-46-84-15-96-16-25-38-43-26-63-20-7-12-77-78-91-76-49-87-11-24-13-48-93-54-31-64-59-2-18-100-37-32-90-35-3-39-94-47-42-72-61-85-6-21-10-53-23-66-30-28-62-14-82-81-27-4-19-33-73-9-36-80-34-17-40-75-97
Ta100x20,4,3,300,1.0,0.05,6,2230406255,17000,6507,6306,6072,4.133869544,v2_avx512bw_vec32_exact_perm,1-68-44-8-45-5-60-74-79-89-16-67-69-51-26-17-98-55-46-86-71-29-91-95-25-38-88-56-12-92-54-84-24-50-78-52-63-23-96-49-3-7-100-87-76-70-57-15-31-99-18-35-43-64-41-13-59-93-58-42-39-10-83-65-53-32-48-2-61-90-22-21-11-33-37-9-72-94-28-4-85-73-30-36-14-81-6-47-77-19-20-66-34-27-75-82-80-62-40-97
Ta100x20,4,3,300,1.0,0.05,7,2230407264,17000,6520,6306,6072,4.11515058,v2_avx512bw_vec32_exact_perm,1-68-44-8-69-79-5-67-29-16-76-88-89-45-46-51-58-50-84-86-92-91-57-60-74-22-26-52-70-96-55-39-43-78-7-98-71-15-56-95-23-54-99-11-31-38-35-33-9-13-63-25-87-12-3-100-93-42-18-66-90-21-37-83-59-72-24-20-41-49-64-4-10-65-47-61-81-94-36-32-2-6-73-77-28-85-30-53-75-82-48-14-62-34-80-27-19-17-40-97
Ta100x20,4,3,300,1.0,0.05,8,2230408273,17000,6451,6306,6072,4.018044277,v2_avx512bw_vec32_exact_perm,1-68-5-91-44-45-60-74-69-8-55-57-86-46-50-79-3-88-23-67-29-38-84-78-58-56-54-64-87-43-92-26-25-89-99-96-49-94-16-70-93-98-22-15-65-51-39-95-13-11-61-63-71-18-48-76-28-2-47-12-37-52-41-4-21-100-24-59-9-31-72-32-42-7-66-20-73-35-62-33-90-83-85-6-77-10-82-81-17-30-19-14-34-53-27-75-80-36-40-97
Ta100x20,4,3,300,1.0,0.05,9,2230409282,17000,6535,6306,6072,4.003066625,v2_avx512bw_vec32_exact_perm,1-60-8-44-74-67-69-5-51-64-50-91-45-29-56-16-68-57-86-26-23-89-58-71-98-92-84-63-52-38-78-32-41-77-13-46-65-55-43-88-93-95-96-87-31-7-12-25-18-54-4-49-2-61-9-28-79-76-3-22-99-73-59-24-33-53-83-70-30-37-85-90-42-21-80-34-72-11-62-100-66-15-47-94-20-10-39-81-35-82-6-19-48-27-36-14-17-40-75-97
Ta100x20,4,3,300,1.0,0.05,10,2230410291,17000,6472,6306,6072,4.005056352,v2_avx512bw_vec32_exact_perm,1-60-8-74-69-5-45-86-29-95-50-44-91-64-56-57-88-92-79-98-25-26-89-71-43-70-67-51-78-99-84-16-58-28-13-96-52-46-7-55-76-59-41-93-63-54-31-47-15-32-61-83-90-38-87-100-18-23-20-39-68-34-53-12-2-33-77-22-11-24-72-49-82-21-3-94-17-81-65-37-42-4-9-19-66-85-30-48-62-6-10-14-35-73-27-75-80-36-40-97
Ta100x20,4,3,300,1.0,0.075,1,2230401210,17000,6520,6306,6072,4.742474019,v2_avx512bw_vec32_exact_perm,1-68-44-60-8-45-5-50-65-69-86-57-15-51-84-63-74-46-29-67-88-71-52-98-41-38-25-58-3-26-79-43-76-16-89-13-56-78-54-22-99-96-12-92-70-61-2-95-24-20-11-87-64-59-91-93-31-47-39-37-28-72-18-23-21-32-34-53-85-77-7-100-82-55-66-90-4-49-35-9-33-36-42-83-75-6-30-48-73-94-10-14-62-81-80-27-19-17-40-97
Ta100x20,4,3,300,1.0,0.075,2,2230402219,17000,6497,6306,6072,5.003139173,v2_avx512bw_vec32_exact_perm,1-68-5-91-45-50-74-60-44-16-79-69-88-56-29-92-26-38-65-71-23-46-43-57-86-70-52-51-67-8-78-84-89-58-96-25-100-55-7-77-90-2-64-95-63-76-4-28-13-54-31-41-87-61-32-59-12-15-99-37-98-93-24-48-22-18-3-21-49-72-47-6-94-30-11-85-20-42-39-73-82-34-9-83-35-53-10-81-17-19-66-62-33-14-27-75-80-36-40-97
Ta100x20,4,3,300,1.0,0.075,3,2230403228,17000,6499,6306,6072,5.142646917,v2_avx512bw_vec32_exact_perm,1-68-44-8-5-79-74-60-71-16-45-88-69-26-23-67-46-51-57-55-91-50-99-89-15-43-86-29-58-92-64-56-98-95-13-63-93-85-25-47-87-84-54-70-41-7-78-83-18-32-52-38-22-31-65-39-24-90-96-21-48-3-49-72-37-76-66-11-28-73-100-94-42-19-2-61-59-17-62-12-20-34-35-81-53-4-9-6-14-10-33-77-75-82-80-30-27-36-40-97
Ta100x20,4,3,300,1.0,0.075,4,2230404237,17000,6490,6306,6072,5.101238612,v2_avx512bw_vec32_exact_perm,1-68-5-91-16-88-51-74-45-44-69-8-29-23-60-79-50-12-70-58-52-26-98-38-56-95-89-77-43-65-92-57-46-86-67-84-47-2-93-64-54-25-71-22-35-78-13-11-49-87-99-63-9-18-61-7-41-100-96-48-31-72-55-15-76-28-3-42-39-33-94-32-85-21-37-24-53-66-81-4-82-20-34-59-83-10-14-90-6-19-17-30-62-73-27-75-80-36-40-97
Ta100x20,4,3,300,1.0,0.075,5,2230405246,17000,6520,6306,6072,5.062866215,v2_avx512bw_vec32_exact_perm,1-68-44-8-45-67-16-74-5-69-64-60-51-91-12-88-50-89-29-57-46-84-70-24-58-99-100-71-98-78-86-38-26-92-56-28-18-13-95-52-22-65-21-43-76-90-79-96-25-41-54-87-94-32-7-31-23-93-83-48-42-63-35-55-11-77-2-59-39-3-4-75-37-72-49-15-36-61-47-85-30-66-53-73-62-80-9-6-20-81-14-34-33-10-82-27-19-17-40-97
Ta100x20,4,3,300,1.0,0.075,6,2230406255,17000,6543,6306,6072,4.450514908,v2_avx512bw_vec32_exact_perm,1-68-44-45-5-38-69-60-91-8-51-67-56-74-71-16-46-29-23-26-58-13-88-89-50-86-43-41-55-99-98-93-78-65-3-42-96-79-15-95-25-92-100-57-54-63-84-28-12-47-76-32-87-59-72-7-52-94-37-70-11-48-18-73-90-2-33-31-64-22-77-61-83-49-53-4-9-39-85-24-21-20-30-35-81-34-75-66-6-19-10-36-27-14-80-62-82-17-40-97
Ta100x20,4,3,300,1.0,0.075,7,2230407264,17000,6567,6306,6072,4.415542329,v2_avx512bw_vec32_exact_perm,1-60-68-74-91-67-64-56-8-69-45-86-5-51-44-26-16-96-57-29-43-90-98-71-38-41-70-92-89-84-50-3-25-78-58-23-52-46-76-54-48-7-87-100-47-49-18-35-22-32-11-93-28-95-31-65-72-63-12-17-2-21-88-61-55-99-24-13-4-94-9-66-85-33-10-79-42-19-37-20-59-6-39-82-53-15-81-34-62-77-36-83-14-27-75-30-80-73-40-97
Ta100x20,4,3,300,1.0,0.075,8,2230408273,17000,6567,6306,6072,4.677000864,v2_avx512bw_vec32_exact_perm,1-60-50-69-8-46-38-44-74-91-45-5-67-92-65-58-16-70-29-51-15-56-88-99-89-43-59-71-41-26-78-86-57-32-25-23-63-52-2-12-84-93-36-11-87-96-35-54-68-55-64-79-3-98-39-47-7-95-100-48-94-42-76-24-37-13-18-61-49-28-22-21-4-83-90-20-77-85-9-53-6-31-72-19-66-14-82-73-33-34-75-30-10-81-27-80-62-17-40-97
Ta100x20,4,3,300,1.0,0.075,9,2230409282,17000,6504,6306,6072,4.810151485,v2_avx512bw_vec32_exact_perm,1-68-44-8-5-79-60-64-67-69-51-57-70-29-46-74-91-38-71-86-56-26-43-99-45-23-50-58-31-96-7-98-15-61-84-63-87-25-59-95-52-72-13-3-89-88-28-83-12-16-54-65-78-100-92-18-76-55-94-93-47-42-4-22-77-6-53-37-32-49-48-39-11-2-90-20-9-30-85-81-35-62-17-41-66-21-10-24-19-33-14-82-34-27-75-73-80-36-40-97
Ta100x20,4,3,300,1.0,0.075,10,2230410291,17000,6527,6306,6072,4.711181592,v2_avx512bw_vec32_exact_perm,1-60-8-74-44-5-29-88-23-69-50-64-91-16-58-56-46-45-71-26-92-55-98-79-86-38-25-67-84-89-63-76-87-32-43-99-96-54-61-31-15-90-57-49-7-51-66-35-33-48-18-22-11-70-78-12-21-59-47-72-28-93-52-13-65-3-95-39-4-100-42-41-62-85-9-73-94-77-81-37-36-83-10-24-68-6-2-20-82-30-75-80-34-27-53-14-19-17-40-97
Ta100x20,4,3,300,1.0,0.1,1,2230401210,17000,6525,6306,6072,4.426222706,v2_avx512bw_vec32_exact_perm,1-68-91-44-45-69-60-74-67-8-5-23-100-29-50-71-70-56-46-57-86-38-65-26-63-58-16-25-77-64-99-3-43-84-7-98-18-87-47-92-89-95-52-78-55-96-51-54-61-12-13-49-79-24-31-32-22-93-28-15-76-37-20-88-2-85-48-41-90-4-72-82-59-21-35-11-94-66-42-6-62-30-9-33-39-53-81-14-83-19-34-73-10-75-80-27-36-17-40-97
Ta100x20,4,3,300,1.0,0.1,2,2230402219,17000,6526,6306,6072,4.220119409,v2_avx512bw_vec32_exact_perm,1-68-60-8-50-74-45-98-44-88-55-16-29-64-69-86-77-5-51-99-91-18-78-89-92-79-56-33-71-26-87-67-38-52-58-63-95-57-13-61-47-100-32-49-23-90-25-21-15-3-46-7-43-24-59-54-22-66-76-42-83-96-84-11-12-41-70-93-17-85-72-31-37-28-94-65-62-81-39-30-35-20-53-4-48-82-9-19-2-34-10-6-14-73-80-75-27-36-40-97
Ta100x20,4,3,300,1.0,0.1,3,2230403228,17000,6516,6306,6072,4.190343521,v2_avx512bw_vec32_exact_perm,1-68-5-44-29-64-60-69-74-50-55-51-98-88-8-57-23-26-45-86-46-71-91-92-70-89-61-54-38-13-95-58-100-78-67-56-16-32-77-25-3-84-79-94-87-43-35-18-22-24-12-63-65-41-83-52-39-21-99-31-76-49-9-4-90-42-93-96-15-62-85-30-37-11-7-2-73-72-47-34-20-48-66-19-10-28-81-59-75-33-53-14-27-82-6-80-36-17-40-97
Ta100x20,4,3,300,1.0,0.1,4,2230404237,17000,6511,6306,6072,4.183864065,v2_avx512bw_vec32_exact_perm,1-68-8-44-74-60-26-45-89-52-69-16-56-5-29-91-51-96-76-46-99-25-79-98-67-78-88-9-71-43-38-92-86-84-70-93-100-18-57-15-63-58-49-12-41-50-87-55-35-61-32-21-95-72-31-23-65-13-11-4-54-22-77-59-7-85-3-2-66-20-90-39-64-6-48-47-37-28-10-36-94-24-73-17-42-62-53-14-33-81-83-19-30-34-75-27-82-80-40-97
Ta100x20,4,3,300,1.0,0.1,5,2230405246,17000,6535,6306,6072,4.121167579,v2_avx512bw_vec32_exact_perm,1-68-44-91-45-69-50-8-16-56-67-5-92-74-78-29-64-26-57-86-84-96-79-88-13-60-51-38-46-70-25-77-99-71-58-98-95-55-7-52-76-33-54-35-11-89-18-61-41-21-59-3-20-32-90-85-63-83-65-100-23-87-12-31-43-9-72-49-80-37-48-94-42-22-39-36-24-47-93-4-30-81-10-53-28-6-82-2-15-73-66-62-34-27-14-19-17-40-75-97
Ta100x20,4,3,300,1.0,0.1,6,2230406255,17000,6523,6306,6072,4.49567918,v2_avx512bw_vec32_exact_perm,1-68-44-60-8-74-69-5-29-98-64-57-86-45-51-26-91-58-50-13-89-16-78-41-52-46-63-15-38-84-56-88-61-92-31-95-100-54-70-71-12-21-43-76-96-25-9-87-73-24-67-2-23-79-99-32-94-93-65-49-35-77-55-22-18-59-39-37-47-42-3-28-85-7-30-53-83-33-11-19-72-66-34-4-90-48-82-62-6-20-14-27-81-75-10-80-36-17-40-97
Ta100x20,4,3,300,1.0,0.1,7,2230407264,17000,6529,6306,6072,4.482501886,v2_avx512bw_vec32_exact_perm,1-68-44-29-5-91-45-96-67-8-64-60-88-16-50-51-57-69-52-84-38-46-70-86-99-55-41-63-71-26-43-65-89-93-54-23-74-56-98-100-31-32-12-2-11-25-95-92-39-78-35-87-13-9-18-58-76-30-72-7-94-61-28-59-47-21-77-15-34-90-22-85-3-4-24-66-53-73-20-79-62-10-6-81-49-75-48-42-37-33-80-36-83-14-27-82-19-17-40-97
Ta100x20,4,3,300,1.0,0.1,8,2230408273,17000,6537,6306,6072,4.126678298,v2_avx512bw_vec32_exact_perm,1-68-91-16-5-44-60-74-29-45-57-67-86-78-69-38-92-64-88-51-46-56-89-26-71-77-95-87-52-79-50-8-84-98-63-25-76-70-41-31-93-99-58-22-54-96-42-32-94-23-18-12-100-15-43-59-11-72-61-35-20-48-90-55-28-3-65-47-13-49-4-37-39-7-36-73-24-21-33-9-85-30-34-83-2-62-6-66-14-53-10-81-75-82-27-80-19-17-40-97
Ta100x20,4,3,300,1.0,0.1,9,2230409282,17000,6564,6306,6072,4.00392607,v2_avx512bw_vec32_exact_perm,1-68-67-5-44-45-60-74-50-8-69-26-84-46-92-96-78-16-38-93-91-99-15-32-88-98-55-18-10-61-56-58-63-86-12-43-29-70-89-49-51-79-13-23-64-87-76-2-3-9-28-73-25-71-77-31-57-59-95-72-52-7-33-90-83-85-24-22-11-41-47-35-21-20-4-100-39-37-36-48-54-94-53-66-80-34-42-19-6-65-62-27-17-81-75-14-82-30-40-97
Ta100x20,4,3,300,1.0,0.1,10,2230410291,17000,6528,6306,6072,4.173002046,v2_avx512bw_vec32_exact_perm,1-60-8-74-70-5-50-86-91-29-51-67-44-52-57-69-16-46-84-64-38-15-98-56-71-7-96-92-78-43-45-65-95-63-89-54-76-12-20-100-26-23-25-93-87-72-88-58-32-9-68-21-90-13-55-24-48-47-99-94-22-49-61-79-41-11-66-35-42-3-6-77-18-59-31-85-39-28-37-2-4-62-14-81-27-75-36-10-83-34-53-33-82-30-73-80-19-17-40-97
Ta100x20,4,3,300,1.0,0.125,1,2230401210,17000,6547,6306,6072,4.224423038,v2_avx512bw_vec32_exact_perm,1-68-5-60-44-8-74-69-29-91-12-45-92-26-67-28-16-55-89-77-86-51-43-46-38-84-25-58-96-70-56-93-98-100-95-63-50-3-32-52-15-64-48-88-71-87-99-18-76-94-47-61-49-24-33-21-31-79-22-34-78-7-54-37-23-85-65-4-90-13-11-41-2-62-80-39-72-35-57-73-36-9-81-59-19-83-42-75-20-53-6-30-27-14-10-82-66-17-40-97
Ta100x20,4,3,300,1.0,0.125,2,2230402219,17000,6516,6306,6072,4.456028318,v2_avx512bw_vec32_exact_perm,1-68-44-45-74-69-5-8-91-38-65-51-60-86-50-67-98-84-43-71-55-7-88-56-15-92-95-29-26-58-78-46-57-41-70-100-16-89-76-32-99-3-28-77-20-18-79-87-12-23-96-54-72-93-25-2-64-4-11-24-63-59-42-49-22-37-13-31-47-61-85-9-52-48-35-14-90-21-94-73-81-33-53-62-39-17-30-66-27-6-34-19-10-36-83-82-75-80-40-97
Ta100x20,4,3,300,1.0,0.125,3,2230403228,17000,6531,6306,6072,4.146630095,v2_avx512bw_vec32_exact_perm,1-68-44-8-5-74-69-45-60-91-92-67-26-50-29-16-93-38-46-55-78-23-100-49-63-15-71-76-57-56-96-95-52-13-84-89-86-54-25-18-43-32-12-94-39-58-77-70-11-98-22-61-64-51-7-33-87-31-59-72-47-2-99-66-41-90-24-48-62-37-42-88-27-20-65-36-3-17-79-21-53-85-82-28-6-19-4-34-9-81-73-10-35-30-14-83-75-80-40-97
Ta100x20,4,3,300,1.0,0.125,4,2230404237,17000,6534,6306,6072,4.593271918,v2_avx512bw_vec32_exact_perm,1-68-69-44-8-74-45-29-5-51-60-67-98-84-91-86-26-78-57-50-92-46-96-56-16-79-89-99-52-32-88-17-93-70-23-13-38-71-9-43-18-25-58-95-47-72-24-85-15-64-63-20-31-6-33-22-12-55-3-59-76-11-87-49-2-21-54-94-77-90-37-81-73-48-28-61-39-65-100-82-42-62-14-83-7-41-80-66-35-4-53-19-34-30-10-27-75-36-40-97
Ta100x20,4,3,300,1.0,0.125,5,2230405246,17000,6530,6306,6072,4.205923009,v2_avx512bw_vec32_exact_perm,1-68-44-45-5-60-8-29-74-38-88-99-58-84-69-64-15-77-16-86-91-89-50-46-57-56-92-71-78-79-96-70-52-76-55-26-95-49-98-67-25-18-51-61-9-100-63-13-65-23-54-41-32-39-83-43-34-3-7-22-2-73-21-85-12-42-24-30-59-37-47-11-93-87-48-19-94-72-66-28-53-6-17-81-90-33-82-31-20-14-4-35-27-62-10-80-75-36-40-97
Ta100x20,4,3,300,1.0,0.125,6,2230406255,17000,6574,6306,6072,4.373425537,v2_avx512bw_vec32_exact_perm,1-68-46-92-60-69-45-5-67-65-91-50-71-38-29-43-44-74-98-95-100-99-89-16-88-93-12-96-26-55-94-87-86-61-32-57-19-54-63-28-51-56-84-42-3-18-47-76-11-70-78-25-7-79-31-39-72-62-53-13-6-2-85-48-64-52-58-41-22-15-8-66-49-77-37-33-23-4-9-24-59-35-36-34-20-81-83-90-10-21-30-73-14-27-82-17-80-40-75-97
Ta100x20,4,3,300,1.0,0.125,7,2230407264,17000,6507,6306,6072,4.338616752,v2_avx512bw_vec32_exact_perm,1-68-44-8-69-5-84-51-91-74-60-86-87-45-13-89-16-29-67-56-64-26-46-25-50-99-92-88-54-96-76-57-71-95-58-49-24-78-15-11-52-22-63-7-70-100-79-47-65-18-23-48-9-43-77-32-31-93-38-3-55-12-98-61-42-39-37-28-4-62-90-20-72-41-73-2-59-83-85-35-21-19-94-17-66-6-82-34-30-53-81-14-27-10-75-33-80-36-40-97
Ta100x20,4,3,300,1.0,0.125,8,2230408273,17000,6530,6306,6072,4.172103767,v2_avx512bw_vec32_exact_perm,1-68-60-8-52-69-44-45-5-74-46-51-55-56-84-16-86-58-91-98-70-29-99-88-54-38-89-96-67-71-26-92-25-43-13-95-41-87-79-63-78-61-23-83-50-100-64-15-57-76-2-7-28-32-21-77-90-65-18-49-3-93-22-48-39-47-72-42-12-66-53-4-31-73-82-37-20-10-24-33-85-94-34-14-9-19-30-6-62-59-11-81-17-35-27-80-75-36-40-97
Ta100x20,4,3,300,1.0,0.125,9,2230409282,17000,6549,6306,6072,4.385756009,v2_avx512bw_vec32_exact_perm,1-68-67-91-44-45-69-74-5-38-100-8-50-56-88-79-99-70-98-49-64-89-52-60-92-94-71-26-41-29-58-84-78-95-15-57-11-13-16-76-2-86-43-46-25-31-93-65-18-87-7-23-54-39-34-96-24-35-32-61-83-21-47-48-19-63-27-85-3-66-59-73-53-90-72-77-51-22-55-42-37-20-36-81-6-12-4-10-9-28-82-33-30-14-62-80-17-75-40-97
Ta100x20,4,3,300,1.0,0.125,10,2230410291,17000,6548,6306,6072,4.249206489,v2_avx512bw_vec32_exact_perm,1-68-60-8-16-5-88-28-44-29-45-56-71-86-38-69-64-89-50-91-12-51-99-67-32-58-74-2-57-23-3-78-26-49-96-7-100-87-48-63-43-84-76-46-70-25-54-31-95-72-59-92-24-11-4-18-52-13-77-65-62-79-55-90-93-41-35-21-47-85-15-94-61-98-20-66-83-42-39-53-10-22-37-33-9-30-82-6-81-80-36-34-27-73-14-19-17-40-75-97
Ta100x20,4,4,400,0.85,0.025,1,2230401210,17000,6516,6306,6072,5.779171511,v2_avx512bw_vec32_exact_perm,1-68-44-8-5-69-45-50-74-67-91-29-70-60-84-51-58-52-83-96-16-76-86-55-78-46-54-92-18-71-13-64-26-88-56-22-25-98-100-15-63-57-95-89-24-43-61-38-49-79-41-23-93-2-39-87-65-47-7-99-3-12-31-36-21-35-48-32-4-28-37-6-59-11-72-81-20-94-19-85-77-9-33-90-73-30-34-53-66-42-17-82-14-27-62-10-75-80-40-97
Ta100x20,4,4,400,0.85,0.025,2,2230402219,17000,6455,6306,6072,5.505000437,v2_avx512bw_vec32_exact_perm,1-68-91-44-45-60-74-69-5-65-51-46-23-67-78-50-71-8-89-57-38-86-58-13-92-54-29-16-95-88-99-43-64-63-56-26-48-52-3-47-25-96-98-72-84-70-15-39-31-18-83-61-7-100-2-49-11-28-24-73-87-55-59-76-12-33-32-9-79-93-21-42-35-37-22-94-41-62-30-77-85-90-66-53-6-4-34-75-20-82-14-81-10-19-27-36-80-17-40-97
Ta100x20,4,4,400,0.85,0.025,3,2230403228,17000,6535,6306,6072,5.616941819,v2_avx512bw_vec32_exact_perm,1-68-44-29-8-5-45-26-86-57-69-74-91-79-50-71-67-23-78-88-46-98-51-65-56-60-15-64-89-13-63-41-38-48-25-70-43-99-22-58-16-7-84-87-49-96-52-31-32-95-93-28-72-24-54-18-12-92-77-94-42-61-59-39-3-6-83-76-100-20-37-47-90-4-11-2-85-62-55-36-21-81-30-9-53-66-35-14-34-82-73-10-27-80-33-19-17-40-75-97
Ta100x20,4,4,400,0.85,0.025,4,2230404237,17000,6451,6306,6072,6.43684085,v2_avx512bw_vec32_exact_perm,1-68-44-74-67-29-69-45-5-71-60-86-57-88-8-16-55-15-51-46-61-50-96-79-38-58-91-56-64-89-93-25-70-31-26-49-84-18-92-98-87-7-3-76-52-77-54-59-32-41-95-100-43-99-47-65-63-2-23-62-28-22-37-94-48-12-13-72-24-66-21-78-11-6-35-17-90-42-20-85-4-19-9-73-30-34-53-83-33-81-10-39-82-14-27-75-80-36-40-97
Ta100x20,4,4,400,0.85,0.025,5,2230405246,17000,6451,6306,6072,5.803189396,v2_avx512bw_vec32_exact_perm,1-68-44-91-79-60-67-74-69-5-8-50-45-65-29-71-78-26-86-92-58-43-64-46-16-88-57-70-54-89-38-23-56-55-13-22-25-84-51-72-7-18-99-20-3-77-39-87-96-15-93-31-11-95-49-12-52-41-61-98-100-94-59-2-73-9-47-76-35-42-63-32-24-6-10-21-48-37-85-28-17-83-4-90-62-82-53-66-30-81-33-19-14-34-27-75-80-36-40-97
Ta100x20,4,4,400,0.85,0.025,6,2230406255,17000,6484,6306,6072,5.10728235,v2_avx512bw_vec32_exact_perm,1-69-91-68-45-44-50-5-60-74-92-57-58-67-29-16-98-86-32-38-56-93-8-79-71-70-46-12-78-41-52-76-51-26-84-77-88-89-15-2-49-95-65-43-24-96-48-61-54-63-13-100-22-90-21-17-99-3-28-25-64-72-87-94-18-7-59-23-31-55-11-34-35-47-39-53-83-37-85-20-42-30-6-9-4-75-66-36-82-10-19-81-14-73-33-27-80-62-40-97
Ta100x20,4,4,400,0.85,0.025,7,2230407264,17000,6458,6306,6072,5.217600914,v2_avx512bw_vec32_exact_perm,68-91-74-44-67-5-69-45-60-51-50-8-98-29-92-89-95-58-88-78-16-99-46-56-71-13-41-38-43-23-96-55-26-72-25-57-86-52-32-63-15-61-18-77-59-84-79-70-7-34-39-11-2-49-12-54-93-83-22-28-1-48-6-87-64-76-100-24-21-37-4-47-65-3-35-31-36-9-33-90-73-85-62-94-30-20-53-19-81-66-42-14-27-17-10-75-82-80-40-97
Ta100x20,4,4,400,0.85,0.025,8,2230408273,17000,6522,6306,6072,5.2525449,v2_avx512bw_vec32_exact_perm,1-60-68-91-74-45-69-65-51-44-26-5-16-41-8-89-71-70-55-50-46-79-25-86-56-84-3-98-58-96-78-29-59-52-57-95-67-87-99-32-18-31-61-9-88-43-77-48-92-7-54-93-64-38-63-100-49-76-35-24-47-30-21-4-72-12-20-28-85-11-15-94-6-22-13-62-2-53-34-10-37-73-33-90-42-83-66-27-23-39-75-82-14-81-36-80-19-17-40-97
Ta100x20,4,4,400,0.85,0.025,9,2230409282,17000,6481,6306,6072,5.347345187,v2_avx512bw_vec32_exact_perm,1-69-8-68-5-45-60-44-74-91-16-58-79-89-98-38-64-56-29-26-99-92-46-86-13-88-57-71-50-43-23-51-15-95-63-18-17-22-55-67-96-52-49-83-84-42-41-93-39-78-31-72-25-87-3-70-61-54-12-28-59-7-32-20-24-21-11-76-37-19-2-6-53-48-35-4-66-94-33-81-62-47-97-85-90-65-36-77-82-14-30-10-9-100-34-73-27-75-80-40
Ta100x20,4,4,400,0.85,0.025,10,2230410291,17000,6451,6306,6072,6.088972641,v2_avx512bw_vec32_exact_perm,1-68-44-29-5-8-45-64-69-50-91-79-67-46-56-55-16-51-26-86-78-57-88-89-74-92-99-18-43-60-71-63-77-58-84-52-22-98-28-32-38-7-12-31-87-96-25-54-76-23-11-72-95-70-49-13-24-9-61-100-37-4-39-94-47-3-15-2-59-21-65-93-35-20-41-73-10-33-90-42-83-48-6-53-85-82-66-30-62-19-81-14-17-34-27-75-80-36-40-97
Ta100x20,4,4,400,0.85,0.05,1,2230401210,17000,6451,6306,6072,5.142426631,v2_avx512bw_vec32_exact_perm,1-68-44-45-74-5-69-88-46-50-67-84-51-86-92-91-16-8-60-89-29-38-26-13-95-57-52-78-70-65-58-9-96-76-63-56-99-79-61-55-98-32-41-24-21-43-22-54-72-25-93-15-23-37-49-90-71-7-11-17-18-42-47-100-28-66-73-94-85-87-62-12-3-31-35-48-2-20-59-83-6-4-64-82-33-10-30-39-53-19-81-14-77-34-27-75-80-36-40-97
Ta100x20,4,4,400,0.85,0.05,2,2230402219,17000,6471,6306,6072,5.314746212,v2_avx512bw_vec32_exact_perm,1-69-68-91-8-5-71-16-60-45-50-74-56-3-54-38-51-26-29-67-87-52-46-11-23-44-79-58-63-57-92-17-70-86-43-84-89-88-78-96-15-95-55-98-64-25-77-65-48-9-22-72-39-94-37-18-31-13-7-49-59-99-2-93-24-12-100-41-76-90-32-42-61-83-21-6-28-4-85-62-34-73-35-20-81-47-10-66-75-30-53-80-36-27-19-33-82-14-40-97
Ta100x20,4,4,400,0.85,0.05,3,2230403228,17000,6451,6306,6072,4.962130741,v2_avx512bw_vec32_exact_perm,1-68-60-44-45-8-70-74-69-5-91-95-78-50-89-71-46-29-31-67-79-58-88-55-49-63-15-26-56-51-38-64-12-86-84-57-93-92-54-13-87-96-52-32-43-99-9-25-98-41-22-65-16-61-2-28-3-24-39-94-11-23-76-48-35-33-7-59-100-21-18-42-77-83-17-72-4-37-19-47-53-90-34-6-66-62-85-20-82-81-30-14-10-73-27-75-80-36-40-97
Ta100x20,4,4,400,0.85,0.05,4,2230404237,17000,6451,6306,6072,5.258740046,v2_avx512bw_vec32_exact_perm,1-68-44-45-60-8-5-74-50-16-69-57-86-89-58-91-51-98-25-41-71-70-92-88-29-38-26-46-13-95-24-56-96-65-52-84-63-76-83-99-22-55-100-67-23-77-49-64-87-78-43-18-61-54-15-59-93-11-31-7-79-47-3-12-21-72-94-35-39-48-28-32-53-6-42-37-66-85-62-4-2-10-9-17-82-30-33-90-20-81-19-14-34-73-27-75-80-36-40-97
Ta100x20,4,4,400,0.85,0.05,5,2230405246,17000,6451,6306,6072,5.592396976,v2_avx512bw_vec32_exact_perm,1-68-44-51-5-91-60-8-16-46-23-45-69-88-29-86-89-26-55-50-54-74-98-38-58-95-56-79-92-35-71-67-52-76-96-63-61-78-84-57-70-25-41-2-65-49-7-43-12-36-32-99-39-13-24-93-87-11-15-94-48-3-42-34-64-72-18-31-37-83-22-59-10-47-21-100-90-77-9-85-53-33-4-19-66-28-30-62-17-75-20-81-6-82-14-73-27-80-40-97
Ta100x20,4,4,400,0.85,0.05,6,2230406255,17000,6516,6306,6072,5.038245158,v2_avx512bw_vec32_exact_perm,1-68-44-8-5-74-45-69-91-50-60-29-58-79-88-70-51-89-12-87-15-43-26-78-25-16-96-99-86-67-46-98-71-21-56-22-84-41-94-18-38-52-37-95-63-23-54-42-55-20-77-35-31-3-76-64-57-32-6-13-7-65-47-59-93-11-4-9-28-73-85-100-2-61-72-24-49-48-92-39-82-62-17-33-66-30-53-90-36-14-10-27-81-19-83-34-75-80-40-97
Ta100x20,4,4,400,0.85,0.05,7,2230407264,17000,6516,6306,6072,5.258234401,v2_avx512bw_vec32_exact_perm,1-68-44-8-5-74-45-69-86-57-51-50-91-64-60-92-98-46-99-23-15-26-16-56-29-89-52-88-96-70-71-65-58-25-63-3-84-67-38-77-87-55-12-7-31-79-32-93-2-95-78-13-61-28-49-54-18-76-83-41-90-39-48-72-35-43-59-47-22-37-42-53-9-20-85-11-100-62-36-24-94-66-21-33-81-14-34-6-4-19-82-27-17-73-30-10-75-80-40-97
Ta100x20,4,4,400,0.85,0.05,8,2230408273,17000,6461,6306,6072,5.170404375,v2_avx512bw_vec32_exact_perm,1-68-69-45-5-91-64-50-60-44-74-29-51-26-79-57-49-67-92-100-89-86-56-8-98-46-58-78-38-15-71-84-63-88-52-41-70-13-12-96-95-25-76-43-9-54-55-99-18-61-7-77-32-22-35-28-31-87-21-23-72-65-39-59-3-16-24-48-94-11-93-37-6-36-4-17-90-2-20-47-85-73-30-10-66-53-62-33-81-42-14-19-34-83-27-75-82-80-40-97
Ta100x20,4,4,400,0.85,0.05,9,2230409282,17000,6516,6306,6072,4.877441106,v2_avx512bw_vec32_exact_perm,1-68-44-45-8-5-29-16-88-60-69-74-91-67-51-57-56-95-96-79-46-26-52-89-76-92-99-43-3-32-77-58-18-23-71-98-84-50-55-25-39-86-15-47-78-93-87-63-62-38-54-41-33-24-70-94-6-22-100-61-4-49-20-21-13-9-35-11-83-59-90-31-48-72-12-53-65-2-36-37-82-64-66-42-7-28-17-27-85-19-30-34-14-73-10-81-75-80-40-97
Ta100x20,4,4,400,0.85,0.05,10,2230410291,17000,6520,6306,6072,5.00741219,v2_avx512bw_vec32_exact_perm,1-68-44-8-5-91-45-16-74-57-51-69-67-79-56-64-60-22-86-58-98-92-29-49-46-50-99-84-88-38-71-70-15-26-43-23-89-77-11-78-54-87-52-63-72-18-95-55-94-2-47-3-25-39-76-12-96-59-7-61-100-28-9-13-42-24-37-31-34-65-41-32-90-21-93-83-35-73-48-20-82-6-85-4-14-62-33-66-30-53-10-75-36-27-81-80-19-17-40-97
Ta100x20,4,4,400,0.85,0.075,1,2230401210,17000,6483,6306,6072,5.309830152,v2_avx512bw_vec32_exact_perm,1-44-60-74-45-8-65-5-16-69-64-88-29-57-50-86-91-98-84-51-71-96-38-79-67-56-89-46-26-58-70-78-76-52-92-20-43-23-63-54-41-87-32-55-7-90-25-48-11-13-59-99-93-95-31-49-17-83-3-12-72-33-66-22-15-18-62-24-39-2-34-19-68-37-77-21-9-53-4-100-28-42-75-85-47-94-81-10-82-6-61-30-14-73-35-27-80-36-40-97
Ta100x20,4,4,400,0.85,0.075,2,2230402219,17000,6451,6306,6072,5.327484943,v2_avx512bw_vec32_exact_perm,1-68-44-45-5-60-8-50-69-79-23-46-88-51-29-38-65-78-26-56-71-16-84-43-52-41-99-67-86-57-95-24-74-98-100-96-89-49-63-77-58-32-70-92-3-93-91-22-15-13-47-18-87-12-61-64-54-25-55-2-76-11-37-7-72-4-42-48-90-28-31-73-59-53-20-62-66-33-83-39-9-85-21-10-30-34-81-19-35-6-94-17-82-14-27-75-80-36-40-97
Ta100x20,4,4,400,0.85,0.075,3,2230403228,17000,6430,6306,6072,5.443750861,v2_avx512bw_vec32_exact_perm,1-68-5-91-8-44-51-70-45-60-74-71-69-46-56-3-65-84-26-38-50-86-58-57-79-52-98-78-92-55-88-7-100-89-76-29-43-54-24-96-64-95-25-15-33-67-63-32-99-87-59-2-12-18-23-93-17-13-22-83-11-72-48-16-9-73-6-37-61-4-49-39-28-21-77-41-20-90-42-53-66-35-62-85-31-47-82-30-34-75-94-14-10-81-19-27-80-36-40-97
Ta100x20,4,4,400,0.85,0.075,4,2230404237,17000,6535,6306,6072,5.447722354,v2_avx512bw_vec32_exact_perm,1-68-60-44-50-8-45-29-74-5-69-57-88-16-56-51-91-67-46-78-86-79-64-98-58-23-26-71-95-87-18-24-96-52-70-31-92-89-99-76-54-20-38-93-55-25-3-13-43-84-2-37-49-63-41-39-15-61-85-94-22-21-90-77-59-47-65-32-12-34-42-72-7-33-48-73-100-11-6-82-9-14-28-17-4-30-10-83-66-19-53-35-62-27-81-80-36-40-75-97
Ta100x20,4,4,400,0.85,0.075,5,2230405246,17000,6453,6306,6072,5.522391227,v2_avx512bw_vec32_exact_perm,1-60-68-44-8-69-45-5-74-46-51-91-86-16-57-29-71-50-26-55-70-15-43-99-79-88-58-23-96-52-89-56-67-24-84-54-61-41-38-98-63-48-49-78-92-95-93-3-13-42-12-72-77-7-33-100-83-65-18-64-25-21-53-32-9-87-90-17-22-31-59-94-2-11-47-66-76-6-39-37-28-19-85-62-35-20-81-10-30-4-82-14-34-73-27-75-80-36-40-97
Ta100x20,4,4,400,0.85,0.075,6,2230406255,17000,6453,6306,6072,5.637991913,v2_avx512bw_vec32_exact_perm,1-68-29-44-64-60-88-50-45-67-69-74-46-57-23-38-5-71-99-51-91-89-79-58-8-56-86-52-98-96-70-92-84-26-77-25-16-32-54-43-63-78-24-95-13-22-93-49-15-76-28-47-2-4-100-18-55-11-7-87-12-35-21-3-61-33-6-90-72-37-41-20-42-59-48-39-9-53-31-66-62-85-34-10-65-94-73-83-82-19-17-30-81-14-27-75-80-36-40-97
Ta100x20,4,4,400,0.85,0.075,7,2230407264,17000,6460,6306,6072,5.404558845,v2_avx512bw_vec32_exact_perm,68-5-91-50-8-45-23-69-74-79-60-44-52-51-56-58-67-84-86-71-29-98-70-88-64-35-57-1-38-46-89-55-43-99-100-31-65-41-16-25-61-63-77-7-15-87-76-54-96-24-32-21-72-26-18-78-22-13-94-11-83-12-49-92-37-28-39-95-3-42-93-48-20-59-53-66-4-47-73-2-90-34-75-82-85-30-33-9-19-62-6-14-10-81-27-36-80-17-40-97
Ta100x20,4,4,400,0.85,0.075,8,2230408273,17000,6514,6306,6072,5.476866904,v2_avx512bw_vec32_exact_perm,1-68-44-8-69-91-45-70-74-67-5-60-29-50-79-86-55-26-28-46-56-51-65-92-58-96-38-78-84-71-88-61-16-15-98-77-9-95-57-63-99-23-13-76-12-7-43-52-100-93-87-89-49-66-39-37-21-18-54-42-25-3-24-72-11-85-59-32-22-64-20-48-90-83-31-62-33-41-47-73-35-94-14-6-4-82-30-2-53-19-81-34-75-10-27-80-36-17-40-97
Ta100x20,4,4,400,0.85,0.075,9,2230409282,17000,6507,6306,6072,5.588655378,v2_avx512bw_vec32_exact_perm,1-68-91-60-8-74-69-44-79-45-5-57-56-46-29-67-89-92-86-26-96-88-64-95-16-77-87-71-58-50-15-98-22-32-31-99-78-70-18-38-23-7-63-93-76-13-41-72-84-55-12-83-6-43-25-54-52-24-39-37-61-2-20-19-100-4-51-47-59-94-49-66-42-11-81-65-48-90-3-28-30-62-85-33-9-73-53-14-34-35-21-75-10-80-27-36-82-17-40-97
Ta100x20,4,4,400,0.85,0.075,10,2230410291,17000,6451,6306,6072,5.40495914,v2_avx512bw_vec32_exact_perm,1-68-44-8-45-5-69-50-91-29-86-74-16-88-23-60-71-67-55-83-46-70-58-38-57-51-89-49-25-77-52-7-13-56-2-79-95-26-22-43-64-87-99-18-54-98-100-78-41-32-92-48-76-39-59-93-28-31-61-84-24-72-47-96-65-63-12-66-53-6-34-3-9-42-21-85-37-62-90-17-33-15-20-81-94-4-11-35-73-82-30-10-19-14-27-75-80-36-40-97
Ta100x20,4,4,400,0.85,0.1,1,2230401210,17000,6548,6306,6072,5.179820313,v2_avx512bw_vec32_exact_perm,1-60-8-69-44-74-45-5-29-16-89-91-98-67-96-86-51-71-46-55-88-95-70-28-65-79-76-56-64-78-13-22-58-12-32-25-3-26-54-93-2-92-38-84-31-68-87-41-35-23-50-57-43-61-47-52-49-24-39-7-4-48-99-100-72-15-59-20-82-11-21-90-94-53-42-6-14-37-63-77-66-83-85-18-10-30-62-81-19-73-9-36-33-80-27-17-34-75-40-97
Ta100x20,4,4,400,0.85,0.1,2,2230402219,17000,6520,6306,6072,5.207462103,v2_avx512bw_vec32_exact_perm,1-68-91-44-45-74-5-60-69-29-46-31-88-51-57-86-98-64-50-92-56-65-70-58-63-16-99-26-71-49-38-100-22-8-93-55-25-15-79-7-96-28-87-35-48-23-39-32-90-11-76-78-54-61-21-89-13-52-67-59-12-3-41-43-77-47-4-94-18-95-37-2-6-20-24-73-42-72-34-84-9-81-30-75-85-62-53-66-10-36-83-82-14-33-80-27-19-17-40-97
Ta100x20,4,4,400,0.85,0.1,3,2230403228,17000,6451,6306,6072,5.218956787,v2_avx512bw_vec32_exact_perm,1-68-60-44-91-74-45-57-86-69-5-46-88-96-92-26-99-8-89-16-71-50-55-15-41-58-70-56-51-84-78-67-23-12-52-35-95-43-39-22-29-98-28-32-24-13-76-18-61-100-7-49-87-9-25-83-31-37-79-47-17-3-2-54-38-65-63-59-11-90-33-53-21-72-73-66-93-42-64-48-20-85-34-77-94-19-81-4-82-6-10-30-14-62-27-75-80-36-40-97
Ta100x20,4,4,400,0.85,0.1,4,2230404237,17000,6494,6306,6072,5.206396908,v2_avx512bw_vec32_exact_perm,1-69-29-8-5-44-74-86-60-45-70-51-64-87-55-50-46-56-23-100-58-98-26-38-89-93-91-67-54-92-96-78-22-15-84-95-16-88-47-25-28-71-13-35-12-57-43-49-32-63-52-99-48-9-18-61-31-39-90-3-33-20-41-34-72-4-2-79-65-76-59-7-37-21-66-62-24-83-11-85-53-19-17-6-77-94-97-30-81-82-42-27-14-73-10-80-68-75-36-40
Ta100x20,4,4,400,0.85,0.1,5,2230405246,17000,6514,6306,6072,4.991972417,v2_avx512bw_vec32_exact_perm,1-60-68-5-91-8-74-44-16-29-45-64-69-86-78-57-56-92-70-46-76-79-50-55-88-25-89-51-26-58-96-94-38-71-52-84-7-54-63-20-87-22-41-100-95-32-43-28-99-98-13-39-24-61-85-18-31-2-3-93-12-67-47-77-15-23-72-4-49-62-21-14-59-73-9-90-33-65-37-6-48-11-66-35-83-42-10-81-53-75-36-30-82-80-27-19-34-17-40-97
Ta100x20,4,4,400,0.85,0.1,6,2230406255,17000,6493,6306,6072,5.551262963,v2_avx512bw_vec32_exact_perm,1-60-68-91-44-45-50-88-51-67-79-69-74-89-29-38-5-23-65-26-71-56-13-95-57-86-43-8-28-63-78-92-58-18-84-25-64-99-77-98-46-32-96-90-3-52-2-55-4-70-7-41-22-16-17-15-61-54-21-76-100-87-72-24-75-9-85-93-94-59-49-47-31-20-37-12-35-42-53-48-6-33-11-62-66-81-83-82-30-14-39-80-10-73-34-19-27-36-40-97
Ta100x20,4,4,400,0.85,0.1,7,2230407264,17000,6516,6306,6072,5.656201353,v2_avx512bw_vec32_exact_perm,1-68-29-88-44-60-8-45-16-74-86-69-78-5-12-50-57-51-98-92-71-64-91-38-46-26-84-89-72-3-15-24-55-65-56-100-43-67-21-63-99-23-58-31-79-95-18-11-93-25-94-54-41-17-76-61-96-42-70-2-22-52-49-37-62-39-59-9-35-33-53-47-32-90-48-87-7-28-13-19-20-66-10-81-85-36-77-6-4-82-30-73-14-34-83-27-75-80-40-97
Ta100x20,4,4,400,0.85,0.1,8,2230408273,17000,6485,6306,6072,5.288733759,v2_avx512bw_vec32_exact_perm,1-68-44-8-5-69-16-45-91-23-74-60-26-50-57-70-58-43-89-86-29-71-38-56-96-55-88-15-3-99-51-79-25-65-41-54-52-46-67-72-22-61-84-77-63-31-92-78-98-64-37-95-39-9-42-2-20-93-87-13-32-18-12-28-7-48-62-100-49-85-76-83-59-47-73-34-24-33-90-30-53-4-11-6-14-81-66-21-10-35-19-94-75-80-27-36-17-82-40-97
Ta100x20,4,4,400,0.85,0.1,9,2230409282,17000,6520,6306,6072,5.064322565,v2_avx512bw_vec32_exact_perm,1-68-91-69-8-45-60-74-92-44-86-57-29-70-38-78-88-99-67-96-16-43-5-26-13-25-71-89-51-46-23-95-52-58-87-22-79-64-15-56-54-63-84-28-3-98-93-76-55-12-35-41-50-77-11-90-32-2-31-61-18-4-21-72-65-48-24-59-47-7-49-37-20-73-34-14-33-39-100-94-53-85-66-9-42-75-30-82-83-6-81-19-10-62-80-27-36-97-17-40
Ta100x20,4,4,400,0.85,0.1,10,2230410291,17000,6453,6306,6072,5.66118861,v2_avx512bw_vec32_exact_perm,1-60-8-45-44-69-79-29-5-91-64-96-67-74-56-16-57-26-38-86-50-92-88-71-70-84-13-89-98-46-58-3-52-95-43-68-23-41-47-77-25-39-100-99-63-15-59-7-32-11-35-78-87-55-90-31-76-54-18-51-2-22-93-28-61-37-62-24-21-81-49-17-20-6-4-12-85-65-33-42-48-73-83-53-94-82-19-14-66-10-72-30-9-34-27-75-80-36-40-97
Ta100x20,4,4,400,0.85,0.125,1,2230401210,17000,6533,6306,6072,5.706146005,v2_avx512bw_vec32_exact_perm,1-60-8-69-74-29-91-45-44-51-86-5-57-64-87-26-71-46-56-92-16-38-79-50-70-7-23-32-9-67-98-52-77-54-89-88-2-95-96-18-25-49-61-76-58-78-43-72-22-99-28-31-63-13-12-15-55-84-94-59-37-47-3-41-90-42-73-68-100-93-35-85-4-11-36-65-48-21-24-6-66-34-83-19-75-10-53-39-81-20-33-82-30-14-27-62-80-40-17-97
Ta100x20,4,4,400,0.85,0.125,2,2230402219,17000,6437,6306,6072,5.87503907,v2_avx512bw_vec32_exact_perm,1-68-91-45-44-74-5-92-60-69-88-70-50-29-57-46-65-16-51-8-38-13-79-86-89-58-78-28-77-95-84-99-98-55-43-23-67-63-25-52-41-7-56-100-64-76-54-26-15-61-87-96-93-12-49-71-47-37-48-22-18-11-42-24-21-2-72-32-9-73-33-59-83-85-62-66-94-39-6-31-20-90-17-3-35-4-82-30-75-81-14-10-19-34-53-27-80-97-36-40
Ta100x20,4,4,400,0.85,0.125,3,2230403228,17000,6535,6306,6072,5.716233479,v2_avx512bw_vec32_exact_perm,1-68-44-29-45-8-5-69-60-74-96-70-88-46-51-98-89-79-71-91-95-55-16-56-86-25-61-78-99-15-92-28-50-43-65-84-57-18-26-63-3-64-22-13-67-52-41-4-39-90-54-31-87-9-93-38-34-100-58-11-21-76-2-49-32-7-24-77-47-23-73-59-37-20-85-53-35-48-12-42-72-82-94-83-14-66-6-62-33-10-17-30-81-27-19-80-36-40-75-97
Ta100x20,4,4,400,0.85,0.125,4,2230404237,17000,6457,6306,6072,5.496054973,v2_avx512bw_vec32_exact_perm,1-68-60-44-8-5-74-45-69-64-50-91-51-29-46-56-26-92-54-58-15-79-23-71-16-86-33-67-57-43-77-48-88-84-38-95-98-78-39-31-96-99-61-70-89-49-59-63-18-32-76-7-2-52-93-55-47-87-25-28-3-83-12-41-65-21-100-37-35-11-24-94-13-53-62-85-17-6-42-66-22-9-72-10-20-81-90-82-4-19-30-73-14-34-27-75-80-36-40-97
Ta100x20,4,4,400,0.85,0.125,5,2230405246,17000,6516,6306,6072,5.578298815,v2_avx512bw_vec32_exact_perm,1-68-91-8-44-45-16-51-5-69-23-60-50-74-86-71-78-52-38-26-77-70-46-57-88-55-58-41-29-63-95-98-15-39-25-32-89-96-22-31-61-43-54-99-11-79-56-84-65-7-49-87-92-47-76-2-18-13-67-83-90-12-3-72-64-48-53-36-66-93-24-100-21-42-35-37-28-59-94-20-33-30-81-9-85-73-6-19-62-14-34-27-17-10-4-82-75-80-40-97
Ta100x20,4,4,400,0.85,0.125,6,2230406255,17000,6535,6306,6072,5.382181593,v2_avx512bw_vec32_exact_perm,1-68-44-74-69-8-5-60-51-67-78-65-79-45-91-70-26-46-58-56-16-29-71-88-92-25-93-38-55-54-89-98-84-50-63-11-15-87-86-47-61-52-12-22-13-7-2-43-96-49-39-95-18-32-20-76-85-3-57-94-34-31-64-99-66-83-72-9-90-4-35-100-24-62-42-77-41-37-36-59-23-82-21-28-30-53-73-48-19-6-27-81-33-14-10-80-17-40-75-97
Ta100x20,4,4,400,0.85,0.125,7,2230407264,17000,6471,6306,6072,5.399244471,v2_avx512bw_vec32_exact_perm,1-68-44-8-45-69-50-91-29-89-77-67-5-74-92-88-79-64-84-70-60-57-46-86-61-12-98-33-55-56-18-16-43-51-31-26-52-83-96-71-95-13-63-15-76-54-58-25-22-66-65-41-3-78-39-49-99-38-2-23-34-87-7-9-93-17-100-24-32-85-42-37-11-94-28-59-72-20-73-35-48-53-30-21-90-47-6-4-82-62-14-81-19-10-75-80-36-27-40-97
Ta100x20,4,4,400,0.85,0.125,8,2230408273,17000,6520,6306,6072,5.853904998,v2_avx512bw_vec32_exact_perm,1-68-44-45-69-29-67-91-5-60-92-74-87-89-56-52-12-63-84-2-64-50-86-54-32-77-96-15-58-72-38-57-8-99-25-22-13-95-49-51-78-16-26-43-24-23-41-46-71-98-55-62-18-53-14-79-88-83-76-70-31-61-7-39-42-37-47-28-3-100-93-11-4-65-59-33-9-36-85-6-21-90-48-35-20-10-17-34-73-94-66-19-75-80-82-27-81-30-40-97
Ta100x20,4,4,400,0.85,0.125,9,2230409282,17000,6520,6306,6072,5.651975928,v2_avx512bw_vec32_exact_perm,1-68-91-5-45-44-60-8-29-50-69-23-7-74-3-57-86-98-71-38-26-89-52-56-51-84-63-25-18-46-100-31-87-64-88-54-95-92-32-99-55-58-43-24-70-9-96-78-49-79-72-15-22-41-16-47-76-61-93-13-65-67-39-28-11-37-83-12-33-85-42-10-77-59-21-81-2-94-90-73-35-30-62-48-75-4-20-82-80-34-53-66-6-27-36-14-19-17-40-97
Ta100x20,4,4,400,0.85,0.125,10,2230410291,17000,6496,6306,6072,5.384020606,v2_avx512bw_vec32_exact_perm,1-68-91-44-16-60-74-55-50-5-69-67-29-45-51-57-99-46-86-92-56-52-96-64-84-89-13-8-88-63-12-98-77-71-78-23-38-18-58-32-15-100-95-25-93-7-2-54-22-26-87-49-41-11-70-31-76-79-9-72-65-47-85-59-43-39-3-61-6-4-48-28-24-21-37-83-66-42-62-73-53-90-20-19-14-33-35-34-81-94-75-10-82-17-80-30-27-36-40-97
Ta100x20,4,4,400,0.8875,0.025,1,2230401210,17000,6453,6306,6072,5.381424862,v2_avx512bw_vec32_exact_perm,1-68-44-8-5-45-69-74-92-91-64-67-29-50-89-71-60-23-58-99-96-79-98-41-25-46-55-57-86-26-16-77-54-70-32-31-63-52-84-51-15-88-38-42-13-56-37-93-78-95-22-11-65-39-43-2-7-12-3-49-35-87-47-24-18-76-48-61-21-90-20-72-4-9-66-85-94-83-100-10-73-28-59-6-53-82-17-62-81-30-33-14-19-34-27-75-80-36-40-97
Ta100x20,4,4,400,0.8875,0.025,2,2230402219,17000,6497,6306,6072,5.292663441,v2_avx512bw_vec32_exact_perm,1-68-5-91-44-8-64-60-16-51-57-69-46-74-29-23-45-86-56-55-26-78-50-43-92-54-67-38-99-88-41-3-52-89-87-71-15-63-25-84-22-95-31-49-47-58-61-70-77-72-98-12-96-76-59-79-7-93-24-13-32-18-100-83-65-4-94-73-39-42-35-28-20-85-11-37-2-34-48-53-21-9-90-19-66-17-36-30-81-10-33-82-6-14-75-62-27-80-40-97
Ta100x20,4,4,400,0.8875,0.025,3,2230403228,17000,6488,6306,6072,5.692423238,v2_avx512bw_vec32_exact_perm,1-60-68-44-74-5-29-69-57-45-86-88-91-50-46-67-84-51-99-38-32-58-92-70-18-56-52-63-89-3-24-8-96-65-64-71-98-26-9-25-13-22-2-93-55-54-41-20-39-95-15-79-77-76-16-87-61-49-47-43-7-37-34-78-31-100-21-12-72-28-85-11-94-90-4-59-73-23-66-83-36-35-75-48-42-10-82-6-30-53-81-33-19-14-27-80-17-62-40-97
Ta100x20,4,4,400,0.8875,0.025,4,2230404237,17000,6465,6306,6072,5.611764244,v2_avx512bw_vec32_exact_perm,1-60-68-91-74-44-69-5-51-23-45-46-26-29-50-55-88-8-48-25-16-84-96-64-70-58-86-98-56-99-93-15-79-43-41-71-57-22-100-83-89-52-39-38-67-78-87-63-18-54-92-32-11-59-31-37-61-13-65-47-42-7-3-77-2-76-12-28-95-49-20-24-33-19-72-66-62-85-90-21-94-73-4-82-35-30-75-14-34-9-53-6-10-81-27-36-80-17-40-97
Ta100x20,4,4,400,0.8875,0.025,5,2230405246,17000,6451,6306,6072,5.302165449,v2_avx512bw_vec32_exact_perm,1-68-44-91-45-67-60-74-78-69-8-57-5-16-32-89-51-46-88-79-29-86-38-71-70-72-95-52-58-56-77-26-31-63-23-87-9-49-96-25-99-50-3-65-15-54-24-55-43-93-13-92-84-41-98-7-47-22-37-76-94-39-18-11-35-42-66-100-59-12-21-83-85-20-73-62-19-81-2-61-64-48-6-17-10-90-30-4-53-82-33-28-14-34-27-75-80-36-40-97
Ta100x20,4,4,400,0.8875,0.025,6,2230406255,17000,6462,6306,6072,5.312268697,v2_avx512bw_vec32_exact_perm,1-69-68-5-91-45-50-44-74-70-60-8-16-56-52-84-46-86-57-58-51-95-99-43-89-87-29-15-88-79-23-26-98-92-7-77-25-3-49-78-71-38-22-54-64-55-24-63-96-42-93-67-34-13-72-65-48-32-47-100-61-18-31-12-83-11-37-21-90-76-28-59-66-39-2-85-20-62-41-94-14-19-35-53-33-73-30-4-9-75-82-10-81-6-36-27-80-17-40-97
Ta100x20,4,4,400,0.8875,0.025,7,2230407264,17000,6457,6306,6072,5.59892765,v2_avx512bw_vec32_exact_perm,1-60-68-44-29-5-45-88-50-91-16-71-38-46-67-74-92-57-69-52-96-95-99-63-58-86-56-31-55-89-23-3-64-70-26-87-72-8-25-61-98-84-7-43-51-12-15-18-2-79-77-93-48-32-41-78-39-42-76-49-90-83-100-54-94-65-62-22-13-24-47-11-21-28-35-85-37-73-20-33-4-59-66-10-14-82-30-34-9-75-19-53-81-6-36-27-80-17-40-97
Ta100x20,4,4,400,0.8875,0.025,8,2230408273,17000,6514,6306,6072,5.364042676,v2_avx512bw_vec32_exact_perm,1-69-68-8-45-5-44-16-60-46-51-86-91-29-57-84-67-92-74-78-71-50-88-2-55-64-18-25-26-54-49-56-95-11-98-99-24-35-13-23-43-38-22-15-58-96-12-61-63-93-39-41-52-70-21-89-87-7-100-77-65-37-34-32-42-31-28-47-48-59-33-9-79-94-3-83-6-20-76-90-73-72-4-66-53-81-85-80-62-10-75-30-36-27-14-19-82-17-40-97
Ta100x20,4,4,400,0.8875,0.025,9,2230409282,17000,6498,6306,6072,5.095342878,v2_avx512bw_vec32_exact_perm,1-68-44-60-8-65-5-50-69-45-29-88-74-79-86-57-71-91-16-56-3-51-26-15-84-78-77-46-98-38-96-67-99-58-92-70-90-93-49-63-32-54-55-23-89-52-41-7-43-31-11-25-35-18-87-9-22-13-39-4-12-24-2-83-72-48-37-33-73-53-64-95-59-28-76-100-21-42-10-85-66-20-82-61-47-75-30-34-19-94-81-6-14-62-27-80-36-17-40-97
Ta100x20,4,4,400,0.8875,0.025,10,2230410291,17000,6516,6306,6072,5.351682506,v2_avx512bw_vec32_exact_perm,1-68-44-8-5-60-91-45-51-57-74-29-13-16-67-64-50-84-63-56-55-86-31-25-99-96-98-79-23-69-76-88-70-9-58-54-38-15-71-46-61-26-3-43-89-78-59-28-32-18-49-73-24-92-22-33-35-52-12-87-7-77-95-39-34-47-93-21-85-11-14-65-100-2-41-37-94-20-90-72-82-4-30-48-10-53-6-17-19-42-62-83-81-66-36-27-75-80-40-97
Ta100x20,4,4,400,0.8875,0.05,1,2230401210,17000,6509,6306,6072,5.741022219,v2_avx512bw_vec32_exact_perm,1-68-91-45-74-34-44-65-69-16-60-5-57-78-86-96-50-23-52-88-67-51-46-56-26-71-79-15-98-77-89-3-8-38-29-93-58-92-47-55-63-95-49-84-59-22-13-54-39-61-70-83-25-7-41-87-42-43-99-9-31-64-100-72-18-32-11-76-21-37-24-85-94-90-33-48-35-28-20-75-12-62-30-81-6-14-2-4-10-53-82-73-66-80-27-19-36-17-40-97
Ta100x20,4,4,400,0.8875,0.05,2,2230402219,17000,6507,6306,6072,6.862845544,v2_avx512bw_vec32_exact_perm,1-60-68-74-44-69-45-46-67-5-92-86-29-88-84-99-16-51-8-38-70-91-57-25-63-26-96-77-49-52-56-43-95-23-50-98-79-12-58-94-78-54-7-41-66-65-76-71-87-18-15-72-3-89-55-32-61-21-2-24-100-39-10-22-47-28-9-64-59-85-13-93-73-42-31-35-83-36-37-11-53-34-33-90-48-4-75-82-20-27-19-6-14-81-17-30-80-62-40-97
Ta100x20,4,4,400,0.8875,0.05,3,2230403228,17000,6427,6306,6072,5.384327175,v2_avx512bw_vec32_exact_perm,1-68-44-45-60-65-74-57-5-71-69-91-8-86-89-92-16-46-58-64-61-50-77-98-56-79-55-67-99-38-23-51-43-18-29-41-63-70-52-31-84-95-88-26-15-54-87-32-25-93-2-22-96-3-12-49-59-39-47-42-37-78-13-9-76-21-100-24-7-72-28-11-83-85-35-73-53-19-48-6-34-94-4-90-17-20-66-10-82-75-33-30-14-62-81-27-80-36-40-97
Ta100x20,4,4,400,0.8875,0.05,4,2230404237,17000,6520,6306,6072,5.61909101,v2_avx512bw_vec32_exact_perm,1-68-5-91-74-67-45-88-51-50-29-64-69-98-16-44-60-78-84-46-8-38-86-58-56-55-26-92-52-49-89-70-99-93-96-61-71-41-23-63-79-57-15-54-87-25-95-28-37-3-2-90-65-22-83-48-13-34-66-85-21-76-39-32-18-24-11-43-47-72-53-31-7-42-73-77-59-12-35-20-33-9-4-30-100-36-10-75-62-80-94-14-27-81-6-82-19-17-40-97
Ta100x20,4,4,400,0.8875,0.05,5,2230405246,17000,6535,6306,6072,5.340271617,v2_avx512bw_vec32_exact_perm,1-68-44-45-8-74-5-91-70-16-46-88-69-71-50-56-29-58-60-23-79-57-98-26-86-51-41-89-84-92-100-15-67-24-52-78-63-76-93-96-22-54-18-28-3-77-49-47-13-38-95-43-99-21-55-61-87-35-25-39-59-7-65-83-11-72-64-94-85-48-9-12-31-37-2-6-36-42-66-81-73-90-4-32-53-33-20-62-10-80-30-27-82-19-14-17-34-40-75-97
Ta100x20,4,4,400,0.8875,0.05,6,2230406255,17000,6483,6306,6072,6.017720046,v2_avx512bw_vec32_exact_perm,1-44-8-5-45-91-60-29-23-26-69-46-67-16-74-57-86-71-92-84-98-52-38-79-70-99-68-95-100-50-88-51-43-22-58-56-49-12-78-65-63-96-89-48-25-18-54-61-41-87-11-90-7-55-13-17-32-93-47-66-37-39-15-21-59-2-4-24-3-94-64-42-73-31-62-9-85-28-20-76-35-77-34-72-30-19-83-81-82-53-33-6-14-10-27-75-80-36-40-97
Ta100x20,4,4,400,0.8875,0.05,7,2230407264,17000,6518,6306,6072,6.140053477,v2_avx512bw_vec32_exact_perm,1-68-44-91-16-8-74-60-79-5-88-69-99-29-56-50-57-86-45-23-78-71-70-43-24-13-32-51-89-38-26-58-95-98-64-96-65-63-25-54-42-46-77-22-93-67-59-49-31-3-18-92-35-84-12-48-39-94-11-20-7-100-52-21-87-9-76-72-55-53-37-41-4-15-28-85-61-90-33-73-83-36-30-2-47-10-19-34-82-14-66-75-81-6-62-27-80-17-40-97
Ta100x20,4,4,400,0.8875,0.05,8,2230408273,17000,6500,6306,6072,6.066118263,v2_avx512bw_vec32_exact_perm,1-68-44-8-5-45-86-29-69-57-88-46-51-16-70-50-91-84-74-79-38-52-26-23-93-58-13-56-99-92-60-71-98-77-3-96-67-54-25-100-15-21-63-89-32-76-12-43-7-35-24-87-39-64-42-95-28-83-47-65-37-94-41-31-2-61-59-18-73-11-49-66-55-85-78-22-48-9-90-4-6-62-33-53-20-19-72-81-34-17-82-30-10-14-27-75-97-80-36-40
Ta100x20,4,4,400,0.8875,0.05,9,2230409282,17000,6451,6306,6072,6.129590012,v2_avx512bw_vec32_exact_perm,1-68-5-91-45-44-16-51-8-50-79-60-98-88-56-29-69-84-65-26-86-74-41-71-64-57-49-2-99-89-15-46-52-92-58-32-96-95-3-38-54-25-70-63-93-83-76-77-67-31-72-23-78-18-55-12-61-13-9-43-20-90-7-33-42-59-24-87-21-17-22-100-37-39-85-94-11-34-53-62-48-35-6-47-28-66-82-4-30-10-19-81-14-73-27-75-80-36-40-97
Ta100x20,4,4,400,0.8875,0.05,10,2230410291,17000,6474,6306,6072,7.336431597,v2_avx512bw_vec32_exact_perm,1-68-44-29-8-16-74-45-5-26-91-86-50-51-69-25-98-88-67-23-99-13-60-24-84-46-92-58-95-56-70-32-89-38-54-22-78-71-9-15-18-96-61-79-64-28-43-49-87-12-63-100-7-52-57-31-48-76-47-39-72-93-42-65-2-37-41-66-11-20-3-21-90-33-35-73-85-59-94-30-17-83-81-53-55-62-6-4-82-19-77-34-14-10-27-75-80-36-40-97
Ta100x20,4,4,400,0.8875,0.075,1,2230401210,17000,6501,6306,6072,5.693254973,v2_avx512bw_vec32_exact_perm,1-60-8-16-68-91-45-79-67-65-51-5-50-44-88-29-84-3-89-54-74-23-69-38-15-26-64-55-58-93-56-71-96-46-57-98-76-86-13-77-100-52-95-18-25-63-48-61-39-43-41-22-49-32-28-78-99-83-87-12-59-11-97-2-92-70-37-31-47-35-7-94-72-4-73-9-33-85-42-90-6-21-24-20-53-66-10-34-19-80-81-62-17-82-30-14-27-75-36-40
Ta100x20,4,4,400,0.8875,0.075,2,2230402219,17000,6476,6306,6072,5.961848151,v2_avx512bw_vec32_exact_perm,1-68-44-45-8-60-91-70-74-67-79-5-89-71-87-46-26-86-69-96-51-43-16-98-78-64-99-18-38-57-29-54-9-58-56-84-22-88-52-50-32-92-55-63-77-25-76-13-48-11-95-15-72-12-41-93-39-65-2-49-7-37-28-31-4-61-3-85-23-24-21-100-17-53-35-81-42-62-33-59-30-47-66-34-6-90-94-20-19-82-83-14-10-73-75-80-27-36-40-97
Ta100x20,4,4,400,0.8875,0.075,3,2230403228,17000,6516,6306,6072,6.184299785,v2_avx512bw_vec32_exact_perm,1-68-44-45-67-8-16-60-74-91-29-5-57-86-51-96-52-88-69-56-76-63-84-50-79-70-46-89-92-26-65-71-43-78-77-98-11-25-85-54-55-95-15-22-23-64-58-18-99-87-61-38-2-32-93-41-49-72-12-48-62-7-39-31-13-28-100-9-33-4-3-42-35-94-59-20-90-6-53-83-47-37-21-19-66-81-34-17-24-36-82-27-30-14-73-10-75-80-40-97
Ta100x20,4,4,400,0.8875,0.075,4,2230404237,17000,6514,6306,6072,6.065494983,v2_avx512bw_vec32_exact_perm,68-44-8-45-67-1-5-92-91-95-26-74-29-71-46-88-51-16-60-58-89-70-69-55-50-56-25-86-52-84-13-98-79-9-31-76-87-64-22-93-41-54-96-99-65-38-49-61-57-63-43-24-78-47-100-18-32-23-2-77-7-72-59-94-39-21-12-37-53-28-11-15-42-3-35-20-66-62-33-48-81-34-90-6-83-19-4-85-10-82-14-73-75-27-80-36-17-30-40-97
Ta100x20,4,4,400,0.8875,0.075,5,2230405246,17000,6466,6306,6072,7.23431023,v2_avx512bw_vec32_exact_perm,1-68-44-45-5-91-60-8-16-29-58-88-71-98-74-86-46-99-56-79-69-55-67-64-57-51-96-84-78-25-50-38-23-43-89-52-100-63-32-7-41-92-70-87-24-93-15-22-76-54-42-31-33-95-12-49-37-3-18-83-26-28-59-61-39-34-17-72-9-81-47-66-77-19-94-13-65-11-48-85-90-14-73-20-21-53-35-82-6-2-4-30-10-62-27-75-80-36-40-97
Ta100x20,4,4,400,0.8875,0.075,6,2230406255,17000,6451,6306,6072,5.873600096,v2_avx512bw_vec32_exact_perm,1-68-44-74-5-45-69-29-86-88-60-8-50-79-70-51-56-26-91-57-46-17-52-95-92-23-58-38-13-71-89-24-98-93-15-100-7-87-99-25-96-9-84-16-18-49-63-78-3-65-31-43-59-76-77-67-11-39-2-54-64-61-83-41-22-85-32-55-6-94-47-21-42-66-90-35-4-48-53-72-37-12-28-62-82-33-81-30-19-20-34-73-10-14-27-75-80-36-40-97
Ta100x20,4,4,400,0.8875,0.075,7,2230407264,17000,6507,6306,6072,5.866507073,v2_avx512bw_vec32_exact_perm,1-68-44-45-60-8-79-91-16-23-5-57-38-50-69-89-55-58-29-86-26-67-88-64-56-66-74-71-78-95-13-51-70-46-62-31-54-96-43-63-24-84-15-41-76-35-25-87-92-7-99-52-49-48-100-98-18-12-93-94-65-33-9-39-21-42-32-90-3-37-11-2-47-61-59-28-22-4-85-77-73-30-6-53-83-20-34-10-81-19-72-14-27-75-80-36-82-17-40-97
Ta100x20,4,4,400,0.8875,0.075,8,2230408273,17000,6486,6306,6072,5.859506396,v2_avx512bw_vec32_exact_perm,1-69-8-60-92-46-74-5-91-26-86-49-50-45-57-29-88-61-67-9-51-98-84-58-48-28-44-71-52-25-7-33-95-96-39-63-15-56-64-38-23-43-100-99-2-65-13-16-93-54-22-78-31-41-35-79-4-89-87-12-90-3-42-72-47-55-37-20-53-18-76-59-21-11-32-24-19-77-34-85-70-68-82-73-83-17-66-94-6-81-30-10-14-62-27-75-80-36-40-97
Ta100x20,4,4,400,0.8875,0.075,9,2230409282,17000,6510,6306,6072,5.984560743,v2_avx512bw_vec32_exact_perm,1-60-68-44-8-69-5-74-91-86-45-29-50-57-99-38-49-58-26-92-46-84-88-3-52-70-43-56-71-89-16-51-64-54-96-15-67-98-61-7-65-63-77-18-41-87-23-72-12-95-55-25-9-13-31-22-32-35-42-100-79-48-93-11-76-20-59-4-24-66-33-21-90-39-37-28-78-83-6-53-85-62-94-73-2-47-36-10-75-82-27-80-30-14-19-34-17-81-40-97
Ta100x20,4,4,400,0.8875,0.075,10,2230410291,17000,6516,6306,6072,5.904665703,v2_avx512bw_vec32_exact_perm,1-60-8-50-74-29-5-44-45-57-91-51-86-69-92-88-67-46-61-64-38-55-58-16-76-78-26-89-70-31-63-79-25-87-99-71-43-13-41-9-49-95-65-56-72-59-15-35-96-52-20-23-22-4-18-93-84-12-7-90-48-54-21-33-39-3-32-94-30-11-36-2-24-47-37-19-28-77-83-85-42-6-10-62-100-66-98-73-53-81-68-82-14-17-34-27-75-80-40-97
Ta100x20,4,4,400,0.8875,0.1,1,2230401210,17000,6461,6306,6072,5.283956033,v2_avx512bw_vec32_exact_perm,1-60-68-44-74-91-5-29-16-8-57-86-45-92-26-69-95-12-70-71-43-58-53-56-46-13-96-9-88-78-49-99-84-38-89-52-18-87-23-25-98-61-79-51-100-90-93-21-55-7-77-63-32-76-54-28-24-64-31-67-3-15-22-39-65-48-94-37-20-41-72-62-2-6-42-81-59-83-17-19-35-4-11-33-50-66-85-34-47-82-14-73-30-27-10-75-80-36-40-97
Ta100x20,4,4,400,0.8875,0.1,2,2230402219,17000,6535,6306,6072,5.442511144,v2_avx512bw_vec32_exact_perm,1-68-44-5-91-8-45-50-29-69-86-23-74-88-60-98-79-84-64-57-71-70-28-46-58-38-92-51-43-78-67-15-13-95-18-77-56-89-99-52-55-7-87-54-76-96-3-61-16-83-72-31-32-25-26-49-39-48-12-93-2-24-47-35-63-9-100-59-65-20-6-21-22-42-37-4-85-11-34-66-94-81-41-10-33-19-53-14-73-30-82-90-27-62-80-36-17-40-75-97
Ta100x20,4,4,400,0.8875,0.1,3,2230403228,17000,6509,6306,6072,5.51846164,v2_avx512bw_vec32_exact_perm,1-68-44-45-8-55-74-69-22-5-67-88-29-60-92-91-79-50-52-84-57-64-16-56-78-38-51-46-71-26-89-98-43-86-25-63-47-28-70-32-15-58-31-13-72-9-95-93-87-23-100-2-96-77-12-99-24-61-18-3-39-54-33-42-76-59-21-37-41-49-11-65-35-7-83-85-48-94-66-19-30-73-62-20-90-4-82-81-75-14-34-27-6-53-10-80-36-17-40-97
Ta100x20,4,4,400,0.8875,0.1,4,2230404237,17000,6535,6306,6072,5.262073746,v2_avx512bw_vec32_exact_perm,1-68-5-44-91-8-29-67-38-69-45-88-50-16-100-84-46-92-60-74-52-71-89-78-63-94-55-23-96-70-58-57-54-7-56-61-26-79-86-95-65-77-39-11-41-2-87-32-49-51-12-72-59-98-43-53-13-31-99-83-18-37-3-42-24-4-9-25-15-93-21-64-76-85-28-48-66-22-90-33-47-10-82-19-35-20-6-75-36-81-30-73-34-14-27-62-80-17-40-97
Ta100x20,4,4,400,0.8875,0.1,5,2230405246,17000,6525,6306,6072,5.497397077,v2_avx512bw_vec32_exact_perm,1-68-44-8-60-91-74-69-29-86-57-78-100-23-45-46-98-64-26-16-50-58-84-56-88-67-55-51-99-87-43-63-71-38-3-42-13-95-89-65-92-5-72-93-52-20-79-41-39-37-33-12-18-85-34-70-32-48-22-83-15-54-25-53-21-49-47-2-76-61-28-4-7-6-90-77-11-9-30-96-81-59-35-94-82-31-62-66-24-73-75-14-80-10-19-27-36-17-40-97
Ta100x20,4,4,400,0.8875,0.1,6,2230406255,17000,6535,6306,6072,5.395851849,v2_avx512bw_vec32_exact_perm,1-68-44-74-67-5-64-57-29-60-8-73-16-91-59-51-50-79-70-86-71-96-88-55-23-56-45-78-89-77-26-43-99-95-41-38-52-92-46-33-58-54-18-25-87-13-49-7-31-84-22-76-72-63-15-24-98-100-12-2-65-37-36-32-48-93-4-11-90-39-47-83-94-85-21-69-61-82-28-3-66-42-27-30-9-53-6-34-75-35-20-19-81-10-14-62-80-17-40-97
Ta100x20,4,4,400,0.8875,0.1,7,2230407264,17000,6484,6306,6072,5.149941003,v2_avx512bw_vec32_exact_perm,1-68-44-74-45-8-60-23-5-67-46-69-29-91-51-99-88-16-95-56-79-63-77-55-38-89-32-52-96-57-50-58-26-43-15-70-86-98-92-100-93-84-12-49-76-22-24-54-18-13-87-71-64-25-41-78-65-3-20-53-39-28-83-11-37-90-10-2-82-7-48-31-72-61-17-85-9-6-35-59-21-94-73-34-4-19-33-47-42-81-62-66-30-14-75-27-80-36-40-97
Ta100x20,4,4,400,0.8875,0.1,8,2230408273,17000,6454,6306,6072,5.353765546,v2_avx512bw_vec32_exact_perm,1-68-91-67-45-44-52-69-74-70-50-8-78-51-57-86-46-92-5-88-84-26-29-16-15-43-89-79-22-60-71-56-49-23-77-99-58-38-12-13-55-87-93-25-54-31-19-96-11-63-2-65-95-98-32-7-100-41-76-72-35-64-61-48-18-39-66-83-6-59-37-62-47-28-3-24-34-21-85-9-33-4-73-20-53-82-90-42-17-10-30-81-94-14-27-75-80-36-40-97
Ta100x20,4,4,400,0.8875,0.1,9,2230409282,17000,6469,6306,6072,5.371804165,v2_avx512bw_vec32_exact_perm,1-68-91-44-45-60-74-57-69-86-92-5-51-46-79-88-49-50-95-58-25-8-89-55-11-56-84-67-70-2-93-26-52-29-63-15-87-22-41-71-98-65-78-23-16-100-9-77-38-13-54-76-32-18-83-43-3-90-99-12-33-31-48-39-7-53-96-42-35-72-24-37-34-59-19-21-66-61-47-28-64-85-10-62-82-4-20-6-81-17-94-30-14-73-75-27-80-36-40-97
Ta100x20,4,4,400,0.8875,0.1,10,2230410291,17000,6458,6306,6072,5.364049899,v2_avx512bw_vec32_exact_perm,1-69-68-91-5-44-50-71-74-8-45-16-51-60-57-89-58-86-52-26-13-56-38-98-11-70-84-25-79-55-46-29-67-77-95-78-96-99-88-92-63-31-65-54-32-18-23-3-76-22-39-93-9-28-61-49-41-87-7-43-12-47-72-2-48-64-59-17-62-37-15-24-94-85-20-42-21-6-83-100-53-66-30-81-82-4-14-90-35-10-33-19-27-73-34-75-80-36-40-97
Ta100x20,4,4,400,0.8875,0.125,1,2230401210,17000,6540,6306,6072,5.894227215,v2_avx512bw_vec32_exact_perm,1-68-69-5-50-7-91-45-44-26-74-8-70-60-46-16-25-29-56-92-86-71-95-96-88-23-15-42-61-32-77-38-63-12-57-79-13-43-67-3-9-54-99-58-78-100-98-22-90-55-18-41-52-72-47-76-87-51-21-49-84-64-89-28-85-31-73-59-93-6-35-66-48-2-65-37-39-20-82-53-83-4-30-11-94-14-33-62-17-81-80-10-24-36-19-34-27-40-75-97
Ta100x20,4,4,400,0.8875,0.125,2,2230402219,17000,6486,6306,6072,5.688774251,v2_avx512bw_vec32_exact_perm,1-68-91-74-60-8-44-5-69-71-50-86-29-45-65-56-38-23-58-46-98-64-3-96-89-16-77-99-25-15-95-63-54-55-84-88-67-28-51-70-72-26-79-57-78-61-92-31-49-48-7-32-13-24-37-18-83-39-36-11-9-2-52-76-42-12-43-87-93-100-94-35-4-59-21-10-19-47-41-85-66-82-33-20-22-81-34-6-90-73-53-17-75-30-14-27-80-62-40-97
Ta100x20,4,4,400,0.8875,0.125,3,2230403228,17000,6535,6306,6072,5.940814,v2_avx512bw_vec32_exact_perm,1-68-74-67-5-69-29-92-44-45-60-91-64-50-8-58-70-56-86-25-63-13-46-87-79-78-71-96-89-93-88-16-52-15-84-26-54-38-18-98-55-41-57-3-61-23-99-77-43-24-22-76-31-95-20-32-48-65-21-49-12-94-9-73-11-35-90-2-33-59-100-4-72-62-28-7-51-37-34-47-82-85-19-6-42-53-66-39-30-81-14-83-80-10-17-27-36-40-75-97
Ta100x20,4,4,400,0.8875,0.125,4,2230404237,17000,6454,6306,6072,5.698235301,v2_avx512bw_vec32_exact_perm,1-68-5-91-44-45-92-46-50-60-26-69-88-74-57-51-15-58-52-29-16-56-71-70-38-86-96-84-64-67-93-12-63-77-98-25-8-100-13-54-89-55-23-43-87-3-31-95-72-11-28-22-78-99-79-42-76-32-59-47-83-18-61-90-41-49-37-94-21-2-66-7-39-65-4-24-73-34-20-35-6-9-85-53-48-62-33-81-10-17-27-82-97-14-19-30-75-80-36-40
Ta100x20,4,4,400,0.8875,0.125,5,2230405246,17000,6464,6306,6072,5.601181017,v2_avx512bw_vec32_exact_perm,1-68-5-91-44-8-71-69-16-45-51-60-67-29-46-64-65-3-78-88-57-74-50-23-26-13-79-31-38-84-86-70-56-89-58-98-43-94-32-24-22-99-90-34-15-54-92-52-76-96-37-95-28-77-63-93-55-41-87-25-7-100-42-61-18-83-39-66-47-21-85-12-49-53-35-4-11-59-20-48-2-62-6-73-33-19-72-14-9-82-10-81-17-30-27-75-80-36-40-97
Ta100x20,4,4,400,0.8875,0.125,6,2230406255,17000,6492,6306,6072,5.13929276,v2_avx512bw_vec32_exact_perm,1-68-44-29-5-8-45-69-74-79-91-57-32-88-51-86-50-46-77-67-92-16-71-41-96-55-52-26-38-56-78-64-59-63-89-60-58-87-93-15-49-13-43-4-99-3-54-2-39-84-72-23-25-7-70-11-95-18-31-76-61-28-22-65-98-20-35-9-53-73-47-6-12-94-48-85-66-42-21-37-24-10-30-19-100-14-83-62-90-33-27-17-34-82-81-75-80-36-40-97
Ta100x20,4,4,400,0.8875,0.125,7,2230407264,17000,6548,6306,6072,5.24696472,v2_avx512bw_vec32_exact_perm,1-68-5-44-74-67-91-69-45-8-50-98-51-60-78-16-12-26-96-25-46-89-57-52-64-87-71-23-86-58-54-92-43-95-41-70-38-63-84-13-61-76-49-93-100-88-56-29-48-35-79-65-18-7-99-11-28-3-55-31-39-94-15-83-37-4-59-85-90-66-77-62-22-20-32-47-36-24-6-53-9-17-33-2-42-21-30-72-81-19-34-80-27-82-14-73-10-75-40-97
Ta100x20,4,4,400,0.8875,0.125,8,2230408273,17000,6535,6306,6072,5.263807448,v2_avx512bw_vec32_exact_perm,1-68-44-8-5-69-45-74-91-86-57-16-50-60-92-64-63-29-58-38-56-71-23-55-88-98-46-87-99-25-95-26-51-67-78-2-15-89-93-84-13-96-65-11-24-41-43-22-49-54-79-3-70-77-72-94-32-59-12-35-39-76-100-52-36-61-34-7-9-31-85-18-42-4-37-10-6-47-28-81-73-53-48-20-90-21-83-82-33-19-66-30-14-62-27-80-17-40-75-97
Ta100x20,4,4,400,0.8875,0.125,9,2230409282,17000,6533,6306,6072,5.17295936,v2_avx512bw_vec32_exact_perm,1-68-44-45-69-67-16-60-29-51-74-91-86-79-5-26-56-92-54-76-46-57-96-88-71-70-8-78-38-41-99-93-52-98-23-3-15-65-59-84-18-95-49-43-39-50-12-55-7-77-87-28-63-40-32-22-31-61-47-58-36-37-100-90-30-24-4-2-25-11-89-13-53-72-42-83-48-20-64-14-94-35-85-82-9-81-6-21-66-62-19-34-33-27-73-10-17-75-80-97
Ta100x20,4,4,400,0.8875,0.125,10,2230410291,17000,6465,6306,6072,5.218084096,v2_avx512bw_vec32_exact_perm,1-68-5-44-60-8-45-69-91-74-55-26-88-50-23-29-54-46-16-56-38-99-58-86-92-96-63-57-71-70-89-18-78-100-41-72-15-84-52-7-21-77-43-67-64-93-65-98-12-87-49-22-79-31-4-95-25-32-39-42-48-76-9-13-34-73-37-51-90-24-28-53-83-35-11-19-2-47-61-94-17-81-59-20-66-6-85-3-30-33-27-62-10-14-82-75-80-36-40-97
Ta100x20,4,4,400,0.925,0.025,1,2230401210,17000,6520,6306,6072,5.548492017,v2_avx512bw_vec32_exact_perm,1-68-44-8-5-91-45-16-74-88-50-71-69-23-67-60-58-63-55-12-87-29-86-38-43-56-49-7-99-46-52-92-84-89-96-51-54-57-26-78-76-25-13-35-3-15-79-9-41-32-59-93-24-70-61-95-39-98-22-18-34-77-31-47-94-28-21-65-100-2-66-37-72-36-6-48-4-53-64-83-85-90-10-30-75-42-11-20-81-14-73-62-82-33-80-27-19-17-40-97
Ta100x20,4,4,400,0.925,0.025,2,2230402219,17000,6470,6306,6072,5.528592169,v2_avx512bw_vec32_exact_perm,1-68-44-45-60-8-51-70-67-46-74-29-78-26-69-84-86-55-79-5-58-16-50-77-56-63-52-96-95-3-88-23-98-43-99-65-87-38-89-12-91-71-25-93-92-39-13-18-49-57-9-41-22-76-54-64-32-15-31-2-61-72-7-11-94-14-35-10-85-66-53-47-59-73-90-48-24-4-100-21-37-28-42-83-82-6-19-17-81-62-20-33-30-34-75-27-80-36-40-97
Ta100x20,4,4,400,0.925,0.025,3,2230403228,17000,6462,6306,6072,5.972813943,v2_avx512bw_vec32_exact_perm,1-68-44-45-5-91-60-8-16-29-86-88-69-74-71-90-57-26-51-92-46-55-3-94-67-58-78-96-70-49-64-38-84-25-56-50-98-93-89-54-43-23-41-59-99-22-77-34-24-65-13-79-7-87-31-11-63-39-35-48-18-95-32-100-42-52-21-15-47-17-76-37-2-12-61-62-72-20-6-83-9-28-85-10-53-81-4-66-33-19-30-82-73-14-27-75-80-36-40-97
Ta100x20,4,4,400,0.925,0.025,4,2230404237,17000,6516,6306,6072,5.401039885,v2_avx512bw_vec32_exact_perm,1-68-44-8-5-45-74-69-16-12-60-78-50-91-89-96-67-29-86-71-92-70-88-43-64-57-25-58-13-46-95-28-84-63-99-79-98-31-51-3-26-18-56-52-100-93-23-38-55-32-61-54-48-87-15-22-39-7-72-85-65-59-41-21-76-11-20-47-35-42-37-83-73-2-24-94-66-4-36-30-10-90-6-62-9-82-77-81-49-53-33-19-34-14-17-27-75-80-40-97
Ta100x20,4,4,400,0.925,0.025,5,2230405246,17000,6498,6306,6072,5.20092902,v2_avx512bw_vec32_exact_perm,1-68-44-8-5-74-45-69-46-29-51-84-67-50-70-60-55-88-65-86-79-78-57-71-7-38-26-91-56-52-54-58-49-96-76-89-43-18-98-93-28-92-11-22-15-37-87-12-13-99-95-61-2-31-41-25-3-83-63-16-59-47-39-24-100-32-66-94-23-77-85-21-72-48-30-73-64-62-90-35-4-82-42-33-9-53-6-34-19-14-75-20-81-10-27-80-36-17-40-97
Ta100x20,4,4,400,0.925,0.025,6,2230406255,17000,6457,6306,6072,5.905612451,v2_avx512bw_vec32_exact_perm,1-68-44-74-60-69-45-5-50-23-92-91-51-65-55-67-43-71-99-15-46-63-2-64-26-56-95-98-16-58-89-88-8-79-57-31-86-96-25-78-93-22-70-38-52-84-47-61-18-29-41-3-21-54-35-13-17-24-49-7-48-12-32-87-37-28-59-76-42-39-9-100-30-4-94-90-77-11-53-62-85-20-34-82-83-72-81-6-19-33-27-73-66-14-10-75-80-36-40-97
Ta100x20,4,4,400,0.925,0.025,7,2230407264,17000,6535,6306,6072,5.344673039,v2_avx512bw_vec32_exact_perm,1-68-44-8-45-74-5-60-67-71-69-16-91-79-56-50-64-29-57-38-63-25-70-86-98-58-32-54-78-92-96-46-51-31-26-89-43-55-9-3-87-52-88-99-18-84-39-13-12-61-15-95-28-76-23-33-21-35-11-22-41-65-7-2-94-93-24-100-37-72-20-4-49-47-90-14-42-10-81-73-85-66-34-82-53-59-27-36-48-77-6-83-80-19-17-30-62-40-75-97
Ta100x20,4,4,400,0.925,0.025,8,2230408273,17000,6504,6306,6072,5.335963427,v2_avx512bw_vec32_exact_perm,1-68-44-45-8-67-69-60-29-5-16-50-91-89-74-79-87-64-86-51-26-56-54-84-92-78-55-58-96-88-13-70-46-7-38-25-71-57-76-98-12-15-99-63-43-23-95-49-52-61-42-24-93-9-18-21-100-2-39-32-3-59-65-41-94-77-37-33-90-83-31-62-19-85-28-4-72-22-30-14-73-47-53-11-34-35-10-82-66-81-6-48-75-20-27-80-36-17-40-97
Ta100x20,4,4,400,0.925,0.025,9,2230409282,17000,6520,6306,6072,5.483021623,v2_avx512bw_vec32_exact_perm,1-68-44-8-5-74-45-26-60-98-29-51-86-50-71-69-46-67-56-23-91-61-79-84-38-55-88-58-99-15-52-92-41-70-57-63-25-95-78-72-54-43-89-24-13-32-18-94-65-3-22-64-12-28-87-93-39-7-96-49-33-37-11-76-9-42-59-31-100-2-77-35-47-48-21-85-34-53-73-16-6-62-30-90-83-14-4-27-20-75-66-10-81-36-80-82-19-17-40-97
Ta100x20,4,4,400,0.925,0.025,10,2230410291,17000,6451,6306,6072,5.89191562,v2_avx512bw_vec32_exact_perm,1-68-44-45-69-74-60-8-5-91-64-89-57-29-79-58-92-54-38-43-26-46-86-71-55-50-96-99-16-15-52-67-56-51-88-63-84-98-25-23-77-70-95-41-72-32-7-100-48-61-2-28-13-22-78-11-12-65-83-76-87-93-18-31-3-35-49-90-10-42-39-21-24-47-85-94-53-20-4-82-66-37-6-59-9-62-81-17-19-30-33-14-34-73-27-75-80-36-40-97
Ta100x20,4,4,400,0.925,0.05,1,2230401210,17000,6481,6306,6072,5.306187862,v2_avx512bw_vec32_exact_perm,1-68-44-45-50-74-60-56-5-91-29-89-57-86-84-16-46-69-65-51-26-92-64-99-52-88-38-58-76-71-79-78-98-41-8-25-54-70-43-12-13-77-23-32-95-96-11-15-2-93-67-90-63-24-18-61-47-94-20-3-17-49-39-72-87-31-22-55-9-28-37-48-100-59-42-83-21-66-33-10-7-85-6-53-35-82-62-81-30-14-34-73-27-19-4-75-80-36-40-97
Ta100x20,4,4,400,0.925,0.05,2,2230402219,17000,6502,6306,6072,5.966385847,v2_avx512bw_vec32_exact_perm,1-68-91-67-45-46-51-44-60-69-74-26-5-29-57-79-88-95-92-50-8-54-78-38-56-96-15-52-23-63-99-98-43-86-25-71-65-41-84-33-70-58-76-72-10-89-12-55-9-64-83-18-13-32-87-61-11-35-22-100-48-24-49-42-85-93-7-21-59-31-73-16-53-47-39-77-28-3-19-34-37-94-6-2-90-4-20-75-36-66-82-81-30-14-62-27-80-17-40-97
Ta100x20,4,4,400,0.925,0.05,3,2230403228,17000,6519,6306,6072,5.590491355,v2_avx512bw_vec32_exact_perm,1-68-5-91-50-8-67-74-88-45-69-46-26-16-44-54-86-51-29-60-71-23-79-55-87-78-89-28-96-84-56-52-58-70-95-92-43-98-7-99-25-12-63-13-61-38-59-93-100-49-65-77-15-4-18-76-41-64-42-32-22-9-3-57-35-83-53-39-11-94-24-2-72-90-47-73-31-36-21-85-48-37-30-6-62-81-20-14-66-34-10-75-80-82-27-19-33-17-40-97
Ta100x20,4,4,400,0.925,0.05,4,2230404237,17000,6464,6306,6072,5.829532381,v2_avx512bw_vec32_exact_perm,1-68-29-60-69-8-45-67-74-44-46-91-86-5-55-51-26-52-38-89-98-84-79-63-56-92-58-95-70-88-77-25-23-61-87-71-15-99-43-49-100-11-54-50-9-93-96-13-3-57-35-16-22-18-39-4-20-31-65-48-64-78-42-7-72-59-41-66-24-83-6-76-37-32-90-94-12-53-2-73-21-85-62-81-47-34-33-17-30-19-10-28-82-14-75-27-80-36-40-97
Ta100x20,4,4,400,0.925,0.05,5,2230405246,17000,6451,6306,6072,6.205611335,v2_avx512bw_vec32_exact_perm,1-68-44-45-8-60-46-67-51-69-5-74-50-91-89-58-79-92-23-57-43-88-16-71-52-96-29-84-86-55-54-56-15-63-95-26-7-98-77-99-25-70-61-87-64-38-31-32-93-18-42-13-47-22-12-11-2-37-9-28-78-3-4-41-65-100-24-53-21-49-76-39-66-83-59-72-20-85-35-48-6-94-10-62-33-17-90-81-19-30-14-82-34-73-27-75-80-36-40-97
Ta100x20,4,4,400,0.925,0.05,6,2230406255,17000,6513,6306,6072,5.574232528,v2_avx512bw_vec32_exact_perm,1-68-5-91-74-45-69-44-70-67-92-46-64-60-8-56-78-79-26-71-89-50-38-88-29-86-16-52-58-57-84-41-15-3-43-54-51-55-87-93-25-99-22-95-49-63-47-61-96-72-31-7-59-42-11-77-2-98-18-21-76-32-12-90-35-100-94-83-13-39-23-24-37-6-48-36-9-65-4-53-80-73-17-66-85-34-10-62-33-82-19-81-75-28-30-14-27-20-40-97
Ta100x20,4,4,400,0.925,0.05,7,2230407264,17000,6493,6306,6072,5.475733271,v2_avx512bw_vec32_exact_perm,1-68-44-8-45-69-5-60-16-29-86-50-57-74-67-79-88-56-32-46-22-38-51-99-71-15-98-12-70-91-43-84-41-59-96-94-58-89-87-95-7-49-54-52-92-76-55-63-78-100-65-23-18-93-3-39-13-21-77-31-25-61-4-9-2-73-47-72-30-64-26-20-37-66-34-6-28-90-85-83-24-19-42-33-82-10-48-53-11-17-35-62-14-81-27-75-80-36-40-97
Ta100x20,4,4,400,0.925,0.05,8,2230408273,17000,6451,6306,6072,5.419863424,v2_avx512bw_vec32_exact_perm,1-68-44-45-60-8-5-91-29-16-71-50-69-86-26-57-84-46-74-38-65-77-92-58-95-67-96-70-78-51-15-3-79-98-56-89-25-64-63-99-52-2-32-88-54-87-22-90-23-43-49-41-47-61-18-24-100-83-11-55-53-35-13-93-72-14-59-7-21-31-28-12-48-10-4-42-39-66-76-82-9-33-37-85-94-62-17-19-20-30-81-6-34-73-27-75-80-36-40-97
Ta100x20,4,4,400,0.925,0.05,9,2230409282,17000,6442,6306,6072,5.26038974,v2_avx512bw_vec32_exact_perm,1-68-44-45-8-67-5-74-29-86-69-46-88-57-51-70-99-92-50-60-71-96-52-95-98-65-56-54-12-16-23-84-63-25-24-26-13-89-11-91-93-49-78-15-58-38-32-7-22-77-43-28-17-31-18-21-61-55-76-59-48-3-47-64-100-79-2-9-94-87-34-90-72-41-20-39-66-35-42-37-62-83-85-82-30-81-4-6-53-14-75-10-19-33-27-73-80-36-40-97
Ta100x20,4,4,400,0.925,0.05,10,2230410291,17000,6535,6306,6072,5.292027489,v2_avx512bw_vec32_exact_perm,1-68-44-45-5-91-74-67-60-69-64-50-57-8-78-38-46-23-71-79-65-98-92-43-12-15-86-63-70-16-29-88-26-55-51-3-95-49-56-58-2-89-99-77-22-28-61-84-96-31-25-72-93-48-59-21-13-32-54-7-76-52-100-11-83-39-47-18-10-24-87-42-20-37-41-30-9-4-73-66-34-6-35-53-90-36-94-85-62-27-82-14-33-81-80-19-17-40-75-97
Ta100x20,4,4,400,0.925,0.075,1,2230401210,17000,6488,6306,6072,5.382826444,v2_avx512bw_vec32_exact_perm,1-68-91-44-8-5-45-89-69-16-92-58-70-29-60-51-46-88-84-67-38-74-78-13-86-57-56-26-71-28-50-79-96-49-25-12-99-77-3-32-47-24-43-7-37-63-33-31-52-18-98-15-65-95-72-21-76-41-59-73-94-87-11-55-61-2-54-23-35-93-22-64-85-48-17-90-42-53-6-10-20-62-39-34-9-81-30-100-36-83-14-66-19-4-27-75-82-80-40-97
Ta100x20,4,4,400,0.925,0.075,2,2230402219,17000,6512,6306,6072,5.330307438,v2_avx512bw_vec32_exact_perm,1-68-44-8-5-16-74-69-45-88-70-46-71-60-51-79-91-67-56-38-63-86-3-57-50-99-54-32-89-52-96-59-98-25-9-84-87-93-29-39-94-100-12-92-23-26-28-55-43-78-95-18-61-21-58-64-15-2-72-49-31-13-41-37-48-66-11-76-22-77-65-7-42-35-4-10-36-24-90-47-83-75-30-85-73-82-53-6-81-62-20-27-80-14-33-19-34-17-40-97
Ta100x20,4,4,400,0.925,0.075,3,2230403228,17000,6522,6306,6072,5.436466828,v2_avx512bw_vec32_exact_perm,1-68-91-44-45-74-69-5-60-23-8-67-16-51-56-88-50-86-96-99-29-46-52-95-89-70-57-84-38-63-13-79-41-26-25-71-92-43-65-93-49-54-78-64-58-22-77-98-48-11-15-32-39-94-18-12-87-2-61-31-76-24-3-7-100-35-42-72-9-37-36-6-90-4-62-53-85-55-10-33-19-21-47-20-66-82-27-59-17-81-28-30-14-73-34-83-75-80-40-97
Ta100x20,4,4,400,0.925,0.075,4,2230404237,17000,6496,6306,6072,5.281093793,v2_avx512bw_vec32_exact_perm,1-68-91-69-44-74-45-55-50-64-60-29-5-38-46-67-51-26-78-23-8-58-70-96-79-95-25-71-77-88-16-56-49-18-89-13-32-54-84-92-57-100-86-24-43-93-63-61-12-90-87-11-2-15-33-41-98-22-99-72-48-9-65-62-28-31-85-52-37-3-47-39-20-73-66-7-42-76-21-35-4-94-6-81-14-19-34-83-75-53-80-59-10-17-82-30-27-36-40-97
Ta100x20,4,4,400,0.925,0.075,5,2230405246,17000,6522,6306,6072,5.173833288,v2_avx512bw_vec32_exact_perm,1-68-44-91-16-65-67-69-8-26-60-45-29-50-5-92-71-12-58-38-46-74-32-55-70-56-31-25-63-84-51-22-98-77-78-79-95-86-13-43-99-54-61-18-89-90-62-87-48-64-41-49-15-57-72-20-3-52-59-23-47-76-96-7-34-24-100-28-88-37-94-39-93-11-21-73-2-85-66-42-83-6-82-35-9-10-27-36-81-4-33-75-53-80-30-14-19-17-40-97
Ta100x20,4,4,400,0.925,0.075,6,2230406255,17000,6544,6306,6072,5.46510561,v2_avx512bw_vec32_exact_perm,1-68-44-69-45-8-65-5-88-92-91-60-51-84-50-46-98-55-7-29-58-38-54-74-89-23-56-96-77-99-95-26-52-15-63-13-86-71-72-16-57-70-43-25-59-79-12-76-61-64-41-48-67-31-24-87-35-3-49-18-47-78-22-93-37-21-28-66-11-2-90-36-85-10-9-94-6-33-75-32-4-19-39-42-20-82-53-14-83-100-30-81-73-34-27-62-80-17-40-97
Ta100x20,4,4,400,0.925,0.075,7,2230407264,17000,6483,6306,6072,5.180160897,v2_avx512bw_vec32_exact_perm,1-68-91-60-74-5-50-69-44-79-45-8-56-26-71-86-57-92-84-16-38-15-29-51-98-89-99-52-88-96-46-63-76-95-25-59-13-47-12-3-32-18-93-70-78-77-49-67-31-65-43-41-22-55-58-87-54-23-64-61-72-7-11-28-100-39-2-4-48-94-6-66-62-21-85-30-19-37-24-42-20-9-83-90-73-53-35-36-33-14-34-10-81-17-27-75-82-80-40-97
Ta100x20,4,4,400,0.925,0.075,8,2230408273,17000,6526,6306,6072,5.323358676,v2_avx512bw_vec32_exact_perm,1-68-29-44-88-69-91-45-74-51-60-5-89-8-92-55-46-49-71-52-96-16-56-61-50-2-84-57-63-15-22-26-98-9-64-25-95-54-38-78-70-79-43-13-58-67-86-23-93-87-77-31-66-4-7-59-18-76-32-33-24-65-11-100-62-99-39-85-42-47-12-21-41-28-73-94-3-37-30-83-48-20-90-72-14-6-53-36-19-34-27-82-17-35-81-10-75-80-40-97
Ta100x20,4,4,400,0.925,0.075,9,2230409282,17000,6458,6306,6072,5.203199396,v2_avx512bw_vec32_exact_perm,1-68-44-74-5-60-45-8-79-91-16-51-69-29-67-46-56-86-92-95-50-71-88-57-65-70-26-89-77-32-78-25-99-98-38-58-9-52-18-54-63-23-12-76-47-22-43-31-15-96-72-84-61-11-55-13-93-3-90-87-28-34-21-64-94-24-59-37-49-33-2-41-7-100-39-48-53-4-42-10-35-20-6-17-81-19-83-82-85-66-30-73-14-62-27-75-80-36-40-97
Ta100x20,4,4,400,0.925,0.075,10,2230410291,17000,6521,6306,6072,5.143216843,v2_avx512bw_vec32_exact_perm,1-68-44-45-67-8-60-69-74-57-5-86-26-91-29-58-92-38-32-23-71-46-88-28-63-95-22-51-54-56-41-84-16-98-52-79-78-76-55-50-89-96-15-99-93-18-49-70-7-77-87-13-12-17-72-42-31-6-24-21-61-25-43-9-59-11-47-100-20-85-94-37-64-2-34-39-53-66-48-3-65-10-36-90-83-4-62-81-14-82-33-30-19-35-27-73-75-80-40-97
Ta100x20,4,4,400,0.925,0.1,1,2230401210,17000,6500,6306,6072,5.127642081,v2_avx512bw_vec32_exact_perm,1-68-44-29-5-45-64-60-91-67-69-74-86-26-57-71-15-46-88-78-8-92-95-16-55-56-79-58-52-63-76-84-50-38-43-51-99-23-9-70-4-13-12-32-87-34-89-28-22-77-25-6-37-54-96-7-41-93-49-90-2-98-18-61-20-59-72-100-24-39-48-3-35-21-65-31-53-42-11-62-33-83-94-47-19-10-81-30-85-66-17-82-14-73-75-27-80-36-40-97
Ta100x20,4,4,400,0.925,0.1,2,2230402219,17000,6535,6306,6072,5.207212626,v2_avx512bw_vec32_exact_perm,1-68-44-45-29-67-65-5-38-8-91-69-16-99-88-46-55-74-60-51-89-56-92-84-98-86-26-71-12-52-43-70-96-63-95-25-57-49-2-61-11-50-78-22-15-90-93-87-13-54-18-77-58-76-79-24-32-28-4-7-35-100-3-9-59-34-39-23-42-21-48-20-72-41-37-31-83-82-47-30-66-73-62-64-14-53-85-6-94-81-10-80-33-19-27-36-17-40-75-97
Ta100x20,4,4,400,0.925,0.1,3,2230403228,17000,6475,6306,6072,5.240555871,v2_avx512bw_vec32_exact_perm,1-68-5-60-51-8-69-91-44-45-50-79-88-57-89-16-29-74-56-26-23-46-52-25-71-13-38-98-58-12-54-86-11-84-96-77-67-92-78-15-95-63-31-64-48-70-55-65-93-32-2-72-22-47-43-41-3-76-18-59-83-99-87-37-49-24-61-9-4-39-20-28-94-6-100-7-42-66-21-62-35-30-10-53-33-81-90-85-82-17-34-14-19-27-73-75-80-36-40-97
Ta100x20,4,4,400,0.925,0.1,4,2230404237,17000,6526,6306,6072,5.296323546,v2_avx512bw_vec32_exact_perm,1-68-44-5-29-69-74-91-16-76-45-67-8-79-46-78-56-51-55-26-98-60-22-65-71-86-38-95-15-43-41-54-57-93-77-87-88-50-23-25-32-96-12-18-84-52-63-92-2-58-61-7-13-89-39-35-72-11-3-14-24-4-59-47-49-99-85-28-30-62-53-9-31-37-70-100-64-21-42-66-90-94-20-83-82-81-73-48-19-34-6-33-10-75-80-27-36-17-40-97
Ta100x20,4,4,400,0.925,0.1,5,2230405246,17000,6513,6306,6072,5.133959365,v2_avx512bw_vec32_exact_perm,1-60-68-91-44-74-26-50-8-79-55-5-88-69-67-29-15-51-56-45-86-58-71-78-89-87-92-84-65-95-31-7-66-46-22-98-25-47-93-35-57-43-11-41-64-54-18-21-70-96-59-20-38-61-52-63-72-2-23-3-77-16-99-13-4-32-28-76-12-90-24-49-39-94-100-75-85-42-73-36-48-37-30-9-10-53-34-33-19-83-6-82-27-62-14-81-80-17-40-97
Ta100x20,4,4,400,0.925,0.1,6,2230406255,17000,6535,6306,6072,5.736553688,v2_avx512bw_vec32_exact_perm,1-68-5-8-45-74-23-44-69-55-86-60-46-64-91-70-78-56-67-51-16-26-50-13-29-95-92-96-54-93-98-15-25-84-57-52-76-28-7-79-43-89-88-12-24-63-87-99-58-11-3-49-71-2-22-32-39-38-37-18-31-36-65-77-61-100-41-66-9-42-90-72-47-4-59-35-81-83-94-73-33-85-20-30-10-62-48-80-53-21-6-27-82-14-19-34-17-40-75-97
Ta100x20,4,4,400,0.925,0.1,7,2230407264,17000,6508,6306,6072,5.642306214,v2_avx512bw_vec32_exact_perm,1-60-8-5-50-69-74-44-29-86-45-57-46-94-32-67-51-79-77-92-64-98-28-91-84-9-63-12-55-26-16-15-96-41-56-93-43-95-88-33-54-76-89-58-13-2-23-70-71-87-65-52-99-18-11-38-78-25-3-61-22-39-72-30-100-90-7-4-20-31-47-66-21-34-24-19-17-62-37-42-35-49-85-53-82-48-59-83-6-68-81-73-14-75-10-27-80-36-40-97
Ta100x20,4,4,400,0.925,0.1,8,2230408273,17000,6473,6306,6072,5.56803878,v2_avx512bw_vec32_exact_perm,1-68-5-45-44-69-74-70-91-16-8-43-86-46-29-51-60-57-64-58-56-67-89-79-65-92-93-21-50-13-54-24-96-3-98-41-25-77-38-88-28-84-26-63-95-76-52-71-99-31-49-15-78-85-61-12-11-87-22-72-94-39-83-47-32-18-73-34-59-35-48-17-23-100-81-30-6-9-55-53-2-10-37-20-7-33-4-75-90-19-66-42-82-14-62-27-80-36-40-97
Ta100x20,4,4,400,0.925,0.1,9,2230409282,17000,6477,6306,6072,5.584123074,v2_avx512bw_vec32_exact_perm,1-68-44-8-5-29-74-69-45-88-26-98-51-79-24-91-54-32-86-56-70-71-16-60-46-63-23-67-96-50-92-84-78-25-95-15-89-57-12-43-38-49-93-22-58-2-99-20-76-18-77-37-7-61-28-31-13-3-73-48-90-65-72-30-41-35-39-83-100-4-66-85-42-11-52-9-94-21-87-14-53-59-55-47-62-34-64-19-10-81-33-17-6-82-27-75-80-36-40-97
Ta100x20,4,4,400,0.925,0.1,10,2230410291,17000,6520,6306,6072,5.677068132,v2_avx512bw_vec32_exact_perm,1-68-60-45-50-46-69-74-5-44-51-29-67-84-8-88-52-16-58-26-86-54-31-57-28-92-32-41-89-100-87-23-12-93-70-35-56-71-43-77-79-95-25-2-18-78-7-96-64-98-91-65-21-61-15-49-48-39-3-22-99-72-76-47-38-13-11-55-83-10-33-63-37-14-42-53-90-34-75-20-73-85-66-59-24-81-62-9-6-4-36-94-30-82-80-27-19-17-40-97
Ta100x20,4,4,400,0.925,0.125,1,2230401210,17000,6540,6306,6072,5.425092397,v2_avx512bw_vec32_exact_perm,1-68-8-91-44-45-74-60-5-16-58-69-78-64-79-26-67-98-38-93-70-50-71-89-31-48-46-95-25-52-86-87-88-56-92-63-12-49-32-99-100-9-61-23-85-96-76-39-29-37-84-53-28-54-43-22-3-18-83-77-59-24-65-57-7-21-2-72-13-62-6-41-4-55-11-90-10-94-33-15-47-35-30-80-75-51-82-19-34-66-81-42-73-36-27-20-14-17-40-97
Ta100x20,4,4,400,0.925,0.125,2,2230402219,17000,6479,6306,6072,5.328533435,v2_avx512bw_vec32_exact_perm,1-68-91-45-44-86-57-69-8-50-74-70-60-58-3-5-25-29-51-96-92-46-52-98-71-67-88-84-38-12-54-43-22-15-56-93-23-63-95-7-28-41-61-55-99-79-87-32-77-16-18-78-59-13-64-26-39-2-94-49-89-65-100-72-24-47-76-11-66-4-9-82-35-21-31-37-48-85-42-90-62-83-75-20-80-14-34-73-81-6-53-17-30-10-19-33-27-36-40-97
Ta100x20,4,4,400,0.925,0.125,3,2230403228,17000,6468,6306,6072,5.378129,v2_avx512bw_vec32_exact_perm,1-68-5-45-60-84-74-44-51-65-69-50-8-26-88-29-71-15-70-86-98-56-100-52-38-93-16-96-63-99-57-95-46-25-55-89-9-83-58-87-78-18-49-94-22-79-59-54-92-76-91-12-43-31-67-77-7-41-11-32-72-13-61-47-23-90-3-2-64-24-42-37-21-35-28-48-39-85-20-73-30-14-4-66-62-34-33-10-53-19-81-6-17-75-82-80-27-36-40-97
Ta100x20,4,4,400,0.925,0.125,4,2230404237,17000,6515,6306,6072,5.208553619,v2_avx512bw_vec32_exact_perm,1-68-60-8-5-44-91-45-26-86-74-29-67-88-70-51-46-58-69-15-54-52-71-50-96-92-16-89-13-95-84-38-63-78-43-23-64-39-76-2-57-32-18-56-9-99-98-61-93-87-49-77-31-59-7-55-12-28-25-21-79-48-100-22-65-47-72-37-11-90-24-19-3-4-41-35-20-42-53-83-81-94-6-17-85-10-75-30-66-36-14-82-73-80-34-27-62-40-33-97
Ta100x20,4,4,400,0.925,0.125,5,2230405246,17000,6542,6306,6072,5.818603269,v2_avx512bw_vec32_exact_perm,68-44-1-91-74-45-65-69-51-60-57-86-46-5-50-92-26-84-56-79-88-8-78-58-23-67-29-52-11-71-95-98-31-12-96-47-43-38-63-7-70-25-93-15-77-89-14-76-87-64-85-99-16-61-10-18-48-54-55-13-24-100-49-22-2-41-39-83-33-32-59-19-42-53-9-66-72-6-94-21-3-37-17-90-62-20-73-28-34-35-27-36-81-80-82-4-75-30-40-97
Ta100x20,4,4,400,0.925,0.125,6,2230406255,17000,6481,6306,6072,5.193550115,v2_avx512bw_vec32_exact_perm,1-68-91-44-89-74-5-60-8-69-45-79-56-46-16-26-88-50-52-92-99-43-38-71-47-67-95-57-51-29-49-98-78-54-86-12-63-25-87-3-41-70-84-64-35-22-15-58-13-37-94-33-9-100-76-31-96-32-11-93-65-7-55-18-2-24-72-48-39-23-42-77-21-62-61-20-59-83-6-66-28-90-53-10-73-17-85-82-34-19-81-4-14-30-27-75-80-36-40-97
Ta100x20,4,4,400,0.925,0.125,7,2230407264,17000,6481,6306,6072,5.242833653,v2_avx512bw_vec32_exact_perm,1-68-60-8-29-45-69-35-74-79-63-77-86-51-57-88-16-56-84-52-58-41-26-5-87-96-89-99-13-24-95-50-91-71-15-38-44-23-67-78-100-92-43-49-70-64-48-46-3-93-54-25-18-83-98-12-72-31-76-61-2-11-28-73-59-32-22-47-39-94-37-65-20-55-7-90-42-85-33-66-10-53-62-21-19-6-34-9-17-81-82-14-4-30-27-75-80-36-40-97
Ta100x20,4,4,400,0.925,0.125,8,2230408273,17000,6504,6306,6072,5.288460468,v2_avx512bw_vec32_exact_perm,1-60-8-44-68-45-88-16-46-69-86-57-51-78-15-50-58-91-84-71-98-5-92-74-29-26-43-55-67-66-41-56-52-89-96-23-38-61-54-25-99-21-63-95-64-13-72-12-22-28-42-93-100-70-7-87-31-47-3-77-34-9-39-94-33-59-65-76-37-18-11-32-85-79-30-90-48-4-49-53-2-24-17-83-6-10-62-20-73-81-35-82-14-75-19-80-27-36-40-97
Ta100x20,4,4,400,0.925,0.125,9,2230409282,17000,6542,6306,6072,5.446552033,v2_avx512bw_vec32_exact_perm,1-68-44-5-74-38-8-51-71-69-91-46-57-64-45-50-15-88-26-58-29-23-60-2-43-12-55-84-18-52-89-99-67-56-92-54-3-16-86-63-87-98-76-93-79-95-96-25-77-65-70-7-32-30-41-4-100-31-61-34-9-24-78-49-13-94-39-28-53-37-72-85-47-21-73-90-10-59-20-22-48-81-6-66-35-42-19-11-36-83-14-62-27-75-82-33-80-17-40-97
Ta100x20,4,4,400,0.925,0.125,10,2230410291,17000,6533,6306,6072,5.766208549,v2_avx512bw_vec32_exact_perm,1-68-44-45-69-74-8-29-46-57-86-5-50-88-91-60-67-92-84-51-93-31-98-38-26-28-89-99-23-79-70-58-18-56-52-71-41-22-87-95-43-25-96-54-7-24-35-37-61-13-76-12-9-49-65-32-78-21-85-100-63-73-2-64-16-55-42-11-34-48-53-39-30-47-77-4-62-15-3-72-83-90-59-66-36-75-20-94-81-80-6-10-27-82-33-14-19-17-40-97
Ta100x20,4,4,400,0.9625,0.025,1,2230401210,17000,6512,6306,6072,5.477050162,v2_avx512bw_vec32_exact_perm,1-68-44-8-5-74-45-92-60-57-67-50-86-91-71-69-29-16-78-88-38-46-26-89-98-65-56-61-52-3-25-51-84-93-58-95-96-54-13-49-41-12-63-7-2-79-64-87-99-42-77-22-23-55-43-83-18-15-32-31-76-39-90-47-35-62-34-9-100-70-11-33-66-85-48-59-20-24-53-72-21-10-37-19-73-28-94-4-82-14-30-81-75-6-27-36-80-17-40-97
Ta100x20,4,4,400,0.9625,0.025,2,2230402219,17000,6500,6306,6072,5.247183482,v2_avx512bw_vec32_exact_perm,1-68-44-5-45-60-51-69-74-8-89-67-46-50-91-16-52-86-92-71-57-26-58-98-70-79-15-3-38-99-95-25-54-56-64-88-78-96-84-21-61-77-13-43-18-23-29-32-28-24-76-63-12-17-22-93-49-59-87-55-7-9-94-41-31-65-90-2-39-4-42-11-83-37-72-82-33-47-10-100-35-85-30-62-20-81-48-6-66-73-53-19-14-34-27-75-80-36-40-97
Ta100x20,4,4,400,0.9625,0.025,3,2230403228,17000,6535,6306,6072,5.210419051,v2_avx512bw_vec32_exact_perm,1-68-5-60-29-45-44-50-67-51-91-69-74-16-88-71-98-86-46-92-65-84-38-57-56-79-58-95-63-64-26-8-89-70-52-96-48-43-76-78-93-54-25-9-100-32-22-49-3-99-2-4-72-41-55-13-39-15-61-7-59-11-24-35-23-20-18-87-31-12-37-77-21-42-33-10-90-19-34-73-83-28-47-82-6-94-53-36-27-85-66-75-30-81-14-62-80-17-40-97
Ta100x20,4,4,400,0.9625,0.025,4,2230404237,17000,6516,6306,6072,5.502522268,v2_avx512bw_vec32_exact_perm,1-68-44-45-8-60-5-79-88-16-74-56-58-69-29-92-84-96-86-50-46-48-9-63-91-99-67-51-26-71-70-78-52-55-49-87-65-11-38-43-57-98-89-25-22-59-54-7-41-95-47-93-31-72-13-15-100-39-76-3-32-21-18-23-35-64-2-42-37-30-24-61-12-53-90-36-83-94-28-77-4-14-66-62-85-81-33-17-19-20-6-10-82-34-73-27-75-80-40-97
Ta100x20,4,4,400,0.9625,0.025,5,2230405246,17000,6482,6306,6072,5.878964505,v2_avx512bw_vec32_exact_perm,1-68-44-60-29-67-45-74-92-91-57-26-69-15-5-86-58-64-46-51-55-84-50-89-8-56-79-88-38-71-22-28-77-63-95-13-98-76-93-18-65-32-99-78-70-48-25-11-96-24-61-2-49-39-31-20-87-73-54-7-52-23-43-3-16-9-21-72-35-41-37-94-59-100-42-90-4-85-62-30-12-33-36-6-83-81-53-10-47-66-14-19-34-17-27-75-82-80-40-97
Ta100x20,4,4,400,0.9625,0.025,6,2230406255,17000,6451,6306,6072,5.191394769,v2_avx512bw_vec32_exact_perm,1-68-44-45-60-8-74-69-57-5-51-46-86-26-29-50-89-58-55-16-91-56-79-92-54-88-71-67-63-96-95-84-15-38-78-64-87-52-43-18-23-70-99-93-13-3-9-12-76-28-98-25-77-53-39-65-11-22-32-2-100-61-72-49-4-24-7-48-31-41-59-37-85-66-20-42-21-94-90-47-6-35-10-62-83-19-81-33-17-82-30-14-34-73-27-75-80-36-40-97
Ta100x20,4,4,400,0.9625,0.025,7,2230407264,17000,6498,6306,6072,5.307761595,v2_avx512bw_vec32_exact_perm,1-68-44-45-8-69-5-79-88-74-60-46-57-26-50-71-16-25-91-15-86-58-76-29-63-56-32-95-38-70-52-92-43-51-41-65-61-84-98-99-89-18-77-12-3-94-93-13-55-2-47-54-67-96-49-100-78-11-22-7-23-35-39-24-42-73-85-9-87-64-34-37-48-20-83-59-28-72-53-90-33-31-10-6-82-4-75-30-21-81-14-19-66-62-27-80-36-17-40-97
Ta100x20,4,4,400,0.9625,0.025,8,2230408273,17000,6520,6306,6072,5.435387551,v2_avx512bw_vec32_exact_perm,1-68-44-45-8-26-74-69-60-57-86-50-91-29-89-92-64-70-98-79-88-13-16-56-99-55-41-67-58-38-5-94-78-51-87-65-84-46-76-12-71-43-63-31-54-95-52-25-47-96-93-49-3-22-39-18-42-2-15-61-4-77-32-7-90-20-100-23-72-24-37-28-21-11-48-9-85-35-82-62-6-83-10-75-36-73-33-66-59-34-53-30-14-81-80-27-19-17-40-97
Ta100x20,4,4,400,0.9625,0.025,9,2230409282,17000,6500,6306,6072,5.056587849,v2_avx512bw_vec32_exact_perm,1-68-44-45-67-60-8-46-69-74-5-23-58-86-79-92-26-29-50-98-51-91-55-88-56-64-16-15-84-77-96-71-38-63-12-57-78-76-70-25-93-52-72-3-89-18-87-99-28-22-65-43-41-13-95-61-7-48-39-54-11-42-100-31-37-33-4-49-94-47-32-2-24-59-20-62-90-6-53-9-85-83-21-19-35-17-30-82-34-10-81-14-66-73-27-75-97-80-36-40
Ta100x20,4,4,400,0.9625,0.025,10,2230410291,17000,6537,6306,6072,5.141784162,v2_avx512bw_vec32_exact_perm,1-60-68-44-8-74-29-45-69-57-86-5-99-26-64-91-58-92-16-46-23-56-48-67-51-38-84-70-50-54-65-52-96-88-63-77-25-71-15-79-43-7-32-89-98-93-13-11-47-31-61-49-2-18-95-76-87-39-22-78-55-41-66-59-83-24-94-3-9-100-12-28-4-33-72-21-85-37-82-36-42-27-90-73-20-6-35-75-34-53-10-19-30-81-14-62-80-17-40-97
Ta100x20,4,4,400,0.9625,0.05,1,2230401210,17000,6526,6306,6072,5.698525218,v2_avx512bw_vec32_exact_perm,1-68-91-8-44-74-69-45-60-29-64-67-46-92-58-65-70-54-5-51-79-86-71-56-78-57-26-50-99-89-96-55-16-98-3-24-22-28-76-7-77-32-88-63-100-59-13-15-12-25-43-38-39-49-11-72-93-84-31-41-2-36-37-87-95-61-21-94-23-35-52-42-47-20-90-18-48-53-34-66-83-75-85-82-30-4-73-9-6-62-33-27-81-80-10-14-19-17-40-97
Ta100x20,4,4,400,0.9625,0.05,2,2230402219,17000,6482,6306,6072,5.462540807,v2_avx512bw_vec32_exact_perm,1-68-44-29-5-8-86-56-79-91-45-26-88-69-60-74-51-50-46-71-55-67-38-84-54-58-23-96-52-16-92-99-70-98-25-32-78-87-47-7-15-93-21-65-57-11-43-18-41-89-49-100-76-12-17-63-28-22-64-48-24-61-13-2-83-72-95-85-3-31-59-37-4-90-20-42-19-94-35-66-82-39-53-9-30-73-33-10-81-6-34-77-14-62-27-75-80-36-40-97
Ta100x20,4,4,400,0.9625,0.05,3,2230403228,17000,6522,6306,6072,5.738580415,v2_avx512bw_vec32_exact_perm,1-68-5-91-44-74-69-67-45-52-50-16-57-56-51-60-84-89-86-46-92-88-8-58-29-98-96-79-26-25-70-63-64-38-99-2-32-78-18-77-65-7-23-71-95-13-31-43-100-12-93-48-76-54-17-49-59-94-87-90-22-9-39-20-3-72-85-4-61-15-47-35-55-24-36-27-6-10-11-37-33-41-53-21-66-62-81-28-19-73-42-82-30-14-34-83-75-80-40-97
Ta100x20,4,4,400,0.9625,0.05,4,2230404237,17000,6533,6306,6072,5.689771501,v2_avx512bw_vec32_exact_perm,1-68-44-91-64-67-74-45-69-5-50-51-8-16-86-57-29-58-76-23-46-38-55-70-60-56-79-43-99-3-18-63-26-25-54-93-92-84-96-12-78-71-52-49-77-2-88-39-87-72-61-98-47-95-22-11-15-13-48-53-41-89-85-33-42-66-4-90-100-28-9-36-37-32-31-7-59-83-24-21-65-10-35-14-94-62-75-30-81-20-73-80-27-82-6-19-34-17-40-97
Ta100x20,4,4,400,0.9625,0.05,5,2230405246,17000,6520,6306,6072,5.752161525,v2_avx512bw_vec32_exact_perm,1-68-44-45-8-69-5-65-74-96-60-3-88-70-71-50-46-16-56-51-91-57-86-58-89-67-15-98-92-63-23-99-78-29-95-26-79-52-77-22-38-13-84-32-25-9-43-49-41-76-87-54-55-72-24-61-2-39-93-59-31-53-48-18-7-37-20-35-6-28-100-64-42-4-12-66-85-94-73-90-83-34-62-33-81-30-11-47-10-21-75-27-36-80-14-82-19-17-40-97
Ta100x20,4,4,400,0.9625,0.05,6,2230406255,17000,6498,6306,6072,5.523117345,v2_avx512bw_vec32_exact_perm,1-68-45-60-8-5-29-44-74-88-86-69-84-16-51-79-57-67-91-56-99-92-78-58-70-98-38-46-89-64-41-63-71-65-25-95-96-26-7-77-13-50-47-43-76-55-93-18-54-32-49-94-28-22-52-31-3-48-24-72-42-100-21-23-87-12-73-59-30-53-37-15-61-9-11-2-90-35-83-4-85-66-10-19-34-39-33-75-82-20-6-14-62-81-27-80-36-17-40-97
Ta100x20,4,4,400,0.9625,0.05,7,2230407264,17000,6459,6306,6072,5.46877216,v2_avx512bw_vec32_exact_perm,1-68-5-91-8-45-16-74-60-44-71-86-50-69-88-57-29-26-56-38-58-92-52-98-46-79-25-84-3-99-77-49-67-70-78-65-89-51-23-7-41-43-100-90-93-12-54-22-15-87-55-32-63-13-47-96-61-31-59-76-95-39-83-28-11-2-4-18-37-21-72-42-53-48-64-85-20-19-94-34-24-73-17-10-35-66-82-30-9-6-81-33-14-62-27-75-80-36-40-97
Ta100x20,4,4,400,0.9625,0.05,8,2230408273,17000,6515,6306,6072,5.593913882,v2_avx512bw_vec32_exact_perm,1-68-5-91-44-69-74-46-51-92-60-8-16-86-98-64-45-29-67-26-56-79-88-89-58-50-55-41-78-22-54-63-71-70-84-52-28-3-39-38-96-76-49-32-99-93-12-72-95-15-21-25-61-57-65-13-36-59-77-7-43-100-83-85-18-62-23-47-87-94-73-14-31-90-19-37-48-34-4-9-35-2-20-81-6-10-42-66-24-75-30-11-27-53-33-17-80-82-40-97
Ta100x20,4,4,400,0.9625,0.05,9,2230409282,17000,6536,6306,6072,5.458804295,v2_avx512bw_vec32_exact_perm,1-69-91-68-45-29-5-44-8-67-46-51-60-38-99-26-16-79-74-57-49-54-98-70-89-32-92-56-88-43-71-84-50-86-96-52-25-41-55-77-72-22-95-58-34-23-61-18-3-9-13-15-31-87-63-2-100-76-12-64-24-39-78-28-7-35-33-21-65-42-83-66-59-93-85-11-48-37-6-20-94-81-62-10-47-53-4-82-80-90-30-14-73-36-27-19-17-40-75-97
Ta100x20,4,4,400,0.9625,0.05,10,2230410291,17000,6525,6306,6072,5.440798971,v2_avx512bw_vec32_exact_perm,1-68-44-45-74-5-60-89-64-46-92-29-57-69-50-88-86-55-63-71-91-65-67-28-8-84-13-51-70-52-98-3-24-95-38-99-79-58-43-23-72-54-2-7-93-56-26-18-25-34-15-12-100-22-32-61-87-96-78-76-37-49-41-59-16-47-11-20-83-90-21-31-48-39-94-35-53-85-82-19-9-4-30-10-73-6-77-81-42-75-33-14-66-62-80-27-36-17-40-97
Ta100x20,4,4,400,0.9625,0.075,1,2230401210,17000,6500,6306,6072,5.292225867,v2_avx512bw_vec32_exact_perm,1-68-44-45-88-29-60-46-50-69-74-67-91-87-23-51-12-78-57-71-84-16-5-38-58-28-89-86-63-26-95-55-52-56-22-15-54-92-43-77-25-79-99-49-11-8-47-7-72-98-76-93-100-32-18-2-96-59-20-61-70-13-39-65-48-37-31-41-66-83-3-21-6-24-90-53-64-35-85-42-10-34-81-94-82-14-19-17-27-33-73-62-30-9-4-75-80-36-40-97
Ta100x20,4,4,400,0.9625,0.075,2,2230402219,17000,6535,6306,6072,5.202618981,v2_avx512bw_vec32_exact_perm,1-68-44-69-91-45-74-60-8-5-56-96-29-67-16-86-50-46-58-71-55-88-83-79-87-89-51-70-63-78-3-54-38-43-49-25-99-15-23-98-11-24-22-33-13-26-95-59-28-57-2-61-39-92-52-72-18-31-84-93-47-20-34-7-76-64-85-12-90-21-32-41-6-65-48-77-66-94-73-100-37-4-53-30-19-35-42-9-82-10-62-14-81-27-75-80-36-17-40-97
Ta100x20,4,4,400,0.9625,0.075,3,2230403228,17000,6520,6306,6072,5.549432801,v2_avx512bw_vec32_exact_perm,1-68-44-5-45-50-29-88-60-8-67-99-51-74-55-86-16-56-69-32-79-63-93-15-46-43-41-91-25-84-65-39-92-38-26-23-70-18-98-89-24-58-54-7-96-9-57-61-71-87-3-52-17-13-95-64-73-2-20-90-76-22-49-34-47-11-12-78-72-31-59-100-37-48-85-53-66-62-28-94-30-35-21-82-42-14-83-4-77-27-81-6-10-19-75-33-80-36-40-97
Ta100x20,4,4,400,0.9625,0.075,4,2230404237,17000,6464,6306,6072,5.751572006,v2_avx512bw_vec32_exact_perm,1-68-44-91-74-69-45-8-5-67-70-51-46-58-79-16-60-56-29-71-84-26-49-50-38-78-92-99-98-22-13-52-89-86-25-95-55-31-9-96-77-63-23-61-57-64-87-59-41-88-12-35-43-93-15-54-18-32-76-20-2-37-4-94-90-73-39-3-21-24-83-100-65-34-28-7-72-19-42-53-6-33-85-47-82-48-14-62-66-10-30-11-17-27-81-75-80-36-40-97
Ta100x20,4,4,400,0.9625,0.075,5,2230405246,17000,6544,6306,6072,5.567452062,v2_avx512bw_vec32_exact_perm,1-68-60-8-5-91-45-67-51-44-46-26-74-38-98-71-92-69-86-43-89-70-29-65-61-58-84-79-50-88-52-57-16-96-23-56-32-41-12-77-25-13-31-95-93-64-49-2-63-22-47-48-99-24-55-59-33-72-18-76-3-11-87-20-7-39-15-34-37-28-78-94-10-21-54-85-35-9-90-82-83-66-19-6-4-81-75-100-42-27-73-53-36-30-14-62-80-17-40-97
Ta100x20,4,4,400,0.9625,0.075,6,2230406255,17000,6532,6306,6072,5.290816882,v2_avx512bw_vec32_exact_perm,1-68-60-44-8-91-29-69-67-45-5-16-51-46-57-74-71-50-96-15-92-77-84-52-23-88-98-99-22-54-56-38-86-18-64-3-43-95-24-79-89-26-63-78-13-76-12-66-2-58-25-93-83-7-55-41-32-33-87-70-39-72-82-9-61-49-100-65-21-59-47-73-42-37-11-94-90-35-30-4-20-75-53-19-14-85-31-6-48-34-62-81-80-10-28-27-36-17-40-97
Ta100x20,4,4,400,0.9625,0.075,7,2230407264,17000,6486,6306,6072,5.39664667,v2_avx512bw_vec32_exact_perm,1-68-44-45-60-67-16-91-50-69-51-70-74-46-29-65-56-58-55-38-5-84-23-8-26-92-78-95-96-89-18-12-86-43-71-57-52-13-88-98-77-99-3-25-54-2-61-41-15-64-37-9-59-63-87-49-22-24-93-100-7-79-32-28-31-39-21-33-76-11-81-66-47-48-85-72-62-90-6-42-17-35-83-82-20-94-73-4-19-30-10-14-53-34-27-75-80-36-40-97
Ta100x20,4,4,400,0.9625,0.075,8,2230408273,17000,6535,6306,6072,5.32541979,v2_avx512bw_vec32_exact_perm,1-68-5-44-60-8-45-91-69-46-74-16-56-92-50-67-64-79-15-26-58-43-86-96-29-71-57-88-51-70-52-78-99-89-55-38-13-23-77-22-98-61-18-100-42-63-84-95-25-65-87-93-9-12-32-21-39-31-66-85-54-76-2-3-94-24-41-7-11-59-83-90-20-37-48-36-4-80-72-49-6-53-73-28-47-35-30-10-81-33-62-82-14-34-27-19-17-40-75-97
Ta100x20,4,4,400,0.9625,0.075,9,2230409282,17000,6549,6306,6072,5.230281055,v2_avx512bw_vec32_exact_perm,1-68-91-69-44-45-74-60-5-92-50-46-8-26-28-79-86-16-88-58-23-70-99-51-15-57-93-56-98-71-87-13-3-29-25-96-89-61-55-67-39-76-20-64-38-78-35-22-43-95-54-84-49-32-31-7-90-41-24-94-77-18-100-72-59-66-2-12-62-4-65-52-47-21-53-11-48-10-37-63-83-19-6-80-42-81-17-82-75-73-36-30-85-34-9-33-14-27-40-97
Ta100x20,4,4,400,0.9625,0.075,10,2230410291,17000,6544,6306,6072,5.359253099,v2_avx512bw_vec32_exact_perm,1-69-50-8-67-91-45-74-44-60-5-57-64-92-23-55-16-29-46-51-98-99-58-86-71-38-84-96-52-89-26-56-18-65-90-88-78-63-77-43-25-79-41-70-93-21-59-22-49-95-54-3-76-39-13-87-15-73-20-72-47-32-7-100-2-36-37-24-19-85-61-12-42-83-11-10-66-28-31-4-48-34-9-27-53-35-33-94-82-14-68-6-75-30-62-81-80-17-40-97
Ta100x20,4,4,400,0.9625,0.1,1,2230401210,17000,6515,6306,6072,5.453225088,v2_avx512bw_vec32_exact_perm,1-68-44-45-60-74-69-29-8-67-91-5-26-64-63-15-3-50-38-46-51-58-49-57-56-89-88-79-78-71-16-76-84-32-2-54-12-86-25-55-24-99-77-61-96-92-18-98-70-23-43-39-52-9-95-94-87-22-35-73-48-42-4-90-7-65-66-93-21-31-41-11-72-30-85-83-53-13-62-59-100-10-6-34-81-37-28-47-14-33-82-17-27-19-20-75-80-36-40-97
Ta100x20,4,4,400,0.9625,0.1,2,2230402219,17000,6529,6306,6072,5.658233979,v2_avx512bw_vec32_exact_perm,1-68-5-44-8-60-16-100-91-69-70-29-74-67-51-46-45-88-13-56-38-71-50-54-57-3-26-65-22-58-89-86-31-55-64-87-95-78-41-84-93-4-96-99-49-98-15-43-12-9-61-63-52-59-25-7-79-10-83-28-76-24-23-85-77-11-32-94-37-18-62-2-90-66-34-39-21-33-19-48-72-47-82-35-14-53-30-42-73-20-6-81-92-75-27-80-36-17-40-97
Ta100x20,4,4,400,0.9625,0.1,3,2230403228,17000,6531,6306,6072,5.462367756,v2_avx512bw_vec32_exact_perm,1-68-44-29-5-91-67-45-51-84-60-74-46-38-61-23-50-55-86-98-88-57-8-96-56-92-52-69-78-16-49-71-65-70-99-41-22-58-63-54-79-3-87-15-95-26-31-100-12-13-93-25-83-89-62-28-76-43-72-47-48-32-34-42-39-18-2-11-24-94-73-90-66-20-59-37-21-35-7-64-85-9-77-6-10-33-81-53-4-30-14-75-36-80-27-82-19-17-40-97
Ta100x20,4,4,400,0.9625,0.1,4,2230404237,17000,6549,6306,6072,5.532155187,v2_avx512bw_vec32_exact_perm,1-68-91-74-58-44-60-55-65-16-86-57-5-69-63-88-51-64-50-8-29-45-56-3-100-38-15-79-46-67-23-25-43-93-96-84-59-22-89-78-4-90-98-76-71-33-7-95-99-11-13-92-18-52-21-87-42-32-83-37-9-12-28-81-54-85-6-20-62-70-2-49-61-26-47-48-72-19-73-30-34-94-41-53-66-82-77-39-31-35-14-24-75-80-10-27-36-17-40-97
Ta100x20,4,4,400,0.9625,0.1,5,2230405246,17000,6488,6306,6072,5.343594746,v2_avx512bw_vec32_exact_perm,1-68-44-45-52-60-69-29-74-89-67-8-5-91-86-57-16-95-50-92-88-99-46-77-96-56-98-51-84-13-12-100-43-25-7-76-70-15-49-58-79-39-23-20-93-48-63-72-9-26-78-31-55-83-87-38-18-54-35-32-22-41-65-66-11-59-2-61-85-94-3-71-10-28-64-37-6-19-42-90-73-33-21-34-75-24-47-82-17-14-62-81-4-30-27-53-80-36-40-97
Ta100x20,4,4,400,0.9625,0.1,6,2230406255,17000,6552,6306,6072,5.781372409,v2_avx512bw_vec32_exact_perm,1-68-44-8-5-86-74-45-50-23-91-60-67-58-79-69-89-88-55-46-92-71-15-98-38-43-56-29-78-51-95-64-57-16-70-84-25-49-47-24-63-52-26-83-77-87-40-7-13-37-72-41-93-18-2-21-31-65-54-22-39-99-35-96-36-3-32-34-85-48-100-12-90-94-6-59-76-61-11-66-53-4-28-30-82-9-10-75-42-20-81-14-19-73-27-33-62-80-17-97
Ta100x20,4,4,400,0.9625,0.1,7,2230407264,17000,6480,6306,6072,5.747361101,v2_avx512bw_vec32_exact_perm,1-68-44-45-5-91-60-64-50-74-29-57-67-86-38-61-69-98-89-51-88-71-52-15-26-79-63-42-46-84-41-95-56-58-70-22-92-65-96-99-87-93-77-16-23-8-75-43-3-55-13-24-18-47-49-25-54-48-34-11-21-78-100-9-72-94-37-7-35-28-31-90-12-32-33-85-73-4-20-76-30-53-14-59-66-39-83-19-10-82-2-62-6-81-27-36-80-17-40-97
Ta100x20,4,4,400,0.9625,0.1,8,2230408273,17000,6506,6306,6072,5.803694122,v2_avx512bw_vec32_exact_perm,1-68-91-44-45-69-74-57-5-23-50-26-88-86-13-29-46-89-67-8-38-70-64-15-58-99-98-65-43-51-56-93-79-100-84-54-16-41-48-25-63-95-78-32-52-87-60-12-2-59-61-71-7-96-72-47-28-37-42-73-18-94-21-31-22-77-34-3-66-55-76-9-24-39-83-6-62-85-90-53-17-11-49-10-33-81-4-20-19-35-30-92-14-27-75-82-80-36-40-97
Ta100x20,4,4,400,0.9625,0.1,9,2230409282,17000,6507,6306,6072,6.046998276,v2_avx512bw_vec32_exact_perm,1-68-44-45-74-69-8-5-64-60-50-57-29-67-78-56-88-86-70-79-32-92-15-89-16-43-99-76-54-46-22-98-58-24-51-26-25-38-63-10-55-65-9-93-3-13-21-91-7-71-77-49-28-18-47-95-87-100-4-17-52-31-35-41-30-2-11-96-61-23-39-83-12-53-33-85-37-72-59-42-20-84-48-90-94-62-6-81-19-36-73-66-27-14-75-80-82-34-40-97
Ta100x20,4,4,400,0.9625,0.1,10,2230410291,17000,6506,6306,6072,5.754791314,v2_avx512bw_vec32_exact_perm,1-68-91-74-44-88-29-69-45-67-92-16-70-60-51-5-46-71-98-25-79-50-8-56-32-99-64-41-38-78-55-15-63-86-84-89-54-13-43-95-100-23-18-52-26-57-58-22-96-77-3-9-93-87-39-24-76-31-49-35-48-65-37-47-7-12-61-21-2-28-6-42-62-11-85-83-17-4-59-19-53-66-20-72-82-10-33-81-90-73-30-94-14-27-34-75-80-36-40-97
Ta100x20,4,4,400,0.9625,0.125,1,2230401210,17000,6537,6306,6072,6.133813445,v2_avx512bw_vec32_exact_perm,1-60-8-16-45-67-91-74-44-70-69-65-26-56-50-5-92-55-46-58-64-38-86-57-28-84-43-51-29-63-87-89-31-95-3-61-78-99-13-71-9-54-25-2-93-12-98-96-18-88-79-76-23-52-32-4-72-49-11-39-77-35-94-22-37-41-24-33-85-62-20-59-48-21-100-66-68-47-15-7-53-73-34-83-90-75-6-42-80-82-10-27-81-36-30-14-19-17-40-97
Ta100x20,4,4,400,0.9625,0.125,2,2230402219,17000,6492,6306,6072,5.538337242,v2_avx512bw_vec32_exact_perm,1-68-44-45-60-5-65-8-69-16-86-12-78-63-29-91-38-51-26-98-96-89-88-58-71-84-74-56-67-79-83-64-3-15-43-57-50-49-100-23-76-46-9-70-13-52-87-95-41-25-66-53-54-61-39-22-77-32-55-18-2-48-7-93-35-24-21-99-92-72-31-85-19-42-37-11-47-90-34-33-20-94-81-59-73-28-30-62-82-4-27-6-17-10-14-75-80-36-40-97
Ta100x20,4,4,400,0.9625,0.125,3,2230403228,17000,6485,6306,6072,5.706426423,v2_avx512bw_vec32_exact_perm,1-68-44-5-91-8-45-67-38-74-29-64-69-57-86-51-26-98-9-25-50-46-60-71-16-92-78-56-79-95-43-21-12-65-100-63-77-58-15-88-99-96-34-23-89-37-59-87-49-7-54-24-32-22-33-18-70-73-93-2-52-47-55-53-39-48-76-84-31-61-72-10-13-20-3-28-90-6-4-11-85-83-42-82-41-35-30-81-94-14-62-19-17-66-27-75-80-36-40-97
Ta100x20,4,4,400,0.9625,0.125,4,2230404237,17000,6539,6306,6072,5.293791262,v2_avx512bw_vec32_exact_perm,1-68-16-60-44-74-29-91-67-92-5-45-26-88-9-46-55-23-58-69-98-38-78-71-56-95-51-43-86-64-15-87-79-32-70-76-57-89-12-2-72-25-50-99-41-52-13-84-63-61-96-22-8-94-39-77-59-100-48-18-11-34-65-4-90-35-3-37-7-66-31-33-85-93-21-54-42-49-10-83-75-24-28-6-62-14-81-53-36-73-27-82-80-47-30-20-19-17-40-97
Ta100x20,4,4,400,0.9625,0.125,5,2230405246,17000,6538,6306,6072,5.285054797,v2_avx512bw_vec32_exact_perm,1-60-68-79-50-5-44-45-69-74-88-8-16-47-67-15-91-71-55-95-29-52-96-57-3-46-51-63-86-26-56-58-89-13-38-64-70-87-84-76-28-72-22-78-12-98-77-49-25-7-32-18-43-41-4-93-92-54-85-24-59-23-99-31-21-100-62-61-37-39-2-20-9-94-65-33-73-53-90-6-42-14-35-11-34-30-75-48-83-81-19-66-36-10-27-82-80-17-40-97
Ta100x20,4,4,400,0.9625,0.125,6,2230406255,17000,6484,6306,6072,5.500930071,v2_avx512bw_vec32_exact_perm,1-69-68-44-74-45-5-29-60-50-91-16-51-56-64-41-57-46-67-99-24-79-86-98-92-8-25-78-26-52-43-71-38-23-88-70-13-58-89-32-39-61-100-84-15-54-96-35-93-95-33-63-12-9-42-72-31-55-7-18-4-20-65-49-2-3-59-87-11-90-22-10-47-77-28-76-48-37-53-94-21-85-62-14-81-17-66-34-6-83-19-82-30-73-27-75-80-36-40-97
Ta100x20,4,4,400,0.9625,0.125,7,2230407264,17000,6524,6306,6072,5.623346534,v2_avx512bw_vec32_exact_perm,1-68-5-8-74-91-64-38-26-60-29-46-57-58-49-22-86-50-18-92-67-69-15-89-45-79-51-56-88-84-98-93-11-13-87-66-99-44-25-70-95-54-7-71-78-76-28-65-43-47-72-59-23-63-32-31-85-12-61-90-21-77-3-16-4-9-100-55-83-24-52-39-33-96-41-48-82-37-94-19-20-6-34-35-14-10-53-81-42-27-17-30-62-2-75-73-80-36-40-97
Ta100x20,4,4,400,0.9625,0.125,8,2230408273,17000,6518,6306,6072,5.305658454,v2_avx512bw_vec32_exact_perm,1-68-60-8-89-44-74-5-91-16-86-51-57-79-45-69-29-26-71-52-92-55-67-46-83-88-38-99-76-58-70-22-78-96-15-64-63-84-93-100-43-12-25-56-77-32-18-95-94-39-85-20-13-73-98-23-42-87-9-31-3-37-24-2-6-62-72-50-54-65-7-49-48-41-14-11-90-59-35-34-53-19-21-33-61-47-17-4-75-28-10-82-30-81-66-80-27-36-40-97
Ta100x20,4,4,400,0.9625,0.125,9,2230409282,17000,6498,6306,6072,5.374950798,v2_avx512bw_vec32_exact_perm,1-68-91-69-79-74-67-51-60-8-45-44-86-5-57-29-92-26-70-58-25-46-43-84-87-64-38-78-50-71-63-52-96-56-16-32-22-54-9-12-3-13-88-49-41-98-65-89-61-55-72-31-95-2-99-93-47-18-37-42-39-23-7-76-94-15-100-48-11-20-73-24-33-35-85-21-19-83-90-62-59-6-28-4-77-17-14-53-34-66-81-82-30-10-27-75-80-36-40-97
Ta100x20,4,4,400,0.9625,0.125,10,2230410291,17000,6550,6306,6072,5.37680479,v2_avx512bw_vec32_exact_perm,1-60-68-45-8-5-86-44-74-26-69-91-16-92-56-55-64-46-77-58-29-79-32-51-57-88-71-38-100-89-98-67-2-76-22-25-50-52-23-84-78-3-28-49-24-47-95-63-48-61-41-70-59-93-99-96-18-31-54-35-15-65-12-87-94-33-4-90-11-13-7-20-14-37-85-39-62-72-53-43-34-42-82-9-21-30-73-83-75-80-66-81-10-19-6-36-27-17-40-97
Ta100x20,4,4,400,1.0,0.025,1,2230401210,17000,6527,6306,6072,5.731098252,v2_avx512bw_vec32_exact_perm,1-68-44-8-60-74-45-29-69-5-64-67-16-56-51-91-50-79-32-78-26-41-46-22-38-98-99-92-88-84-52-57-7-24-58-49-77-70-63-23-86-89-87-96-72-55-20-12-59-100-18-93-76-43-25-71-9-13-11-54-95-21-39-48-94-85-65-15-2-35-6-61-3-62-28-73-90-31-37-10-81-66-47-82-33-34-42-83-75-30-4-53-14-36-80-27-19-17-40-97
Ta100x20,4,4,400,1.0,0.025,2,2230402219,17000,6511,6306,6072,5.83935269,v2_avx512bw_vec32_exact_perm,1-68-91-44-45-60-79-57-74-92-5-67-89-26-52-69-56-46-86-50-23-29-64-96-61-25-98-38-88-99-3-54-78-16-70-58-63-8-51-71-49-84-43-31-15-76-93-18-87-28-34-22-7-77-59-100-65-39-2-11-83-55-47-35-21-13-66-95-24-42-53-12-32-41-90-48-94-37-62-72-20-85-30-9-10-4-6-75-33-82-36-14-27-73-19-81-80-17-40-97
Ta100x20,4,4,400,1.0,0.025,3,2230403228,17000,6483,6306,6072,5.68567983,v2_avx512bw_vec32_exact_perm,1-69-68-5-91-8-45-79-74-50-38-57-86-56-60-23-26-29-63-70-88-95-67-51-52-44-87-84-46-92-18-9-55-98-78-12-65-71-58-2-43-3-89-15-99-11-93-25-31-54-76-96-13-59-83-39-24-32-16-41-22-33-42-37-21-49-61-35-47-100-77-90-7-64-48-20-85-66-62-28-4-94-17-6-19-53-81-30-14-34-82-72-10-27-73-75-80-36-40-97
Ta100x20,4,4,400,1.0,0.025,4,2230404237,17000,6521,6306,6072,6.427750276,v2_avx512bw_vec32_exact_perm,1-60-68-44-74-45-8-29-5-67-16-56-79-51-69-46-71-88-70-52-54-50-86-98-91-84-58-38-7-89-57-96-31-92-95-13-93-63-24-26-77-55-59-18-78-49-99-87-64-15-39-43-37-28-9-72-76-41-23-32-2-42-25-61-3-22-47-85-6-62-48-94-12-21-65-35-81-83-11-4-90-75-20-66-100-10-30-73-34-36-27-53-82-80-14-19-33-17-40-97
Ta100x20,4,4,400,1.0,0.025,5,2230405246,17000,6456,6306,6072,5.908049603,v2_avx512bw_vec32_exact_perm,1-68-5-91-44-60-74-45-79-67-56-23-58-69-8-38-51-70-15-64-46-29-22-50-88-84-86-41-26-78-99-89-96-43-87-55-93-54-24-63-25-49-98-92-47-95-52-71-18-32-13-77-100-7-12-61-72-2-57-11-28-76-65-39-16-83-3-90-31-14-94-59-33-21-37-17-53-19-4-85-62-35-10-20-66-81-42-82-48-30-6-9-34-27-73-75-80-36-40-97
Ta100x20,4,4,400,1.0,0.025,6,2230406255,17000,6488,6306,6072,5.409945031,v2_avx512bw_vec32_exact_perm,1-60-8-74-44-29-5-69-57-64-45-16-56-91-26-46-86-38-50-55-9-43-58-54-92-23-51-70-98-65-84-31-93-88-67-13-42-95-71-79-2-41-76-96-87-37-15-99-25-7-89-32-18-100-63-72-78-83-90-17-62-48-21-28-59-3-24-49-52-39-35-85-61-12-66-47-33-34-20-22-81-6-4-11-94-14-53-77-19-82-30-10-68-73-27-75-80-36-40-97
Ta100x20,4,4,400,1.0,0.025,7,2230407264,17000,6548,6306,6072,5.385261275,v2_avx512bw_vec32_exact_perm,1-68-44-8-45-67-91-5-51-50-74-26-92-89-60-57-29-52-78-15-16-64-86-46-58-56-55-69-54-88-41-96-70-22-12-43-63-84-25-93-87-71-31-13-95-49-39-18-32-35-38-3-77-23-66-7-94-76-24-59-28-85-21-53-99-79-48-11-90-98-9-42-72-37-47-82-34-4-61-65-100-36-83-19-33-6-2-73-62-81-10-20-75-30-14-80-27-17-40-97
Ta100x20,4,4,400,1.0,0.025,8,2230408273,17000,6527,6306,6072,5.502641419,v2_avx512bw_vec32_exact_perm,1-68-5-91-69-8-60-65-74-44-16-46-92-79-86-45-51-43-56-71-70-89-98-52-88-57-84-99-23-67-96-26-13-55-77-38-95-54-50-25-58-93-11-49-22-61-87-29-31-18-78-64-3-21-32-2-72-100-63-28-39-15-75-37-94-6-48-24-10-76-90-7-83-73-47-66-42-59-62-12-20-36-4-33-9-35-14-41-53-85-81-30-82-80-34-27-19-17-40-97
Ta100x20,4,4,400,1.0,0.025,9,2230409282,17000,6527,6306,6072,5.614624714,v2_avx512bw_vec32_exact_perm,1-68-91-69-16-45-74-50-44-5-60-26-29-3-8-56-67-88-71-23-46-86-98-54-92-87-95-58-64-89-25-78-96-79-51-84-63-28-76-52-18-70-99-32-43-38-77-93-4-39-13-57-49-61-2-9-15-55-22-41-42-65-7-62-12-47-53-34-33-21-100-66-72-24-85-20-59-11-31-48-35-27-37-73-6-94-36-81-10-83-90-75-82-30-14-80-19-17-40-97
Ta100x20,4,4,400,1.0,0.025,10,2230410291,17000,6493,6306,6072,5.910972889,v2_avx512bw_vec32_exact_perm,1-60-8-16-69-5-98-44-91-29-64-86-51-57-74-45-88-12-50-38-46-58-49-92-78-70-56-15-71-25-63-32-89-96-79-76-43-54-26-84-22-95-55-13-34-47-99-9-93-18-67-24-77-87-52-2-3-41-72-59-23-65-7-11-20-31-28-10-61-39-48-85-66-4-90-35-37-94-21-62-33-100-42-6-73-68-53-14-81-17-83-19-82-30-27-75-80-36-40-97
Ta100x20,4,4,400,1.0,0.05,1,2230401210,17000,6501,6306,6072,5.454597983,v2_avx512bw_vec32_exact_perm,1-68-44-8-5-74-29-26-69-88-91-86-45-51-60-46-92-96-50-57-89-70-71-52-38-64-84-67-54-87-99-13-25-63-15-56-95-16-78-12-61-58-3-21-11-100-55-47-98-35-31-49-94-22-41-37-23-65-24-32-48-93-14-76-2-73-7-77-18-66-4-59-79-43-39-42-9-53-90-28-6-81-83-34-62-75-85-19-33-72-10-20-82-17-80-30-27-36-40-97
Ta100x20,4,4,400,1.0,0.05,2,2230402219,17000,6538,6306,6072,5.591016965,v2_avx512bw_vec32_exact_perm,1-68-44-79-74-88-5-69-67-16-45-8-57-89-50-29-91-98-84-52-51-95-60-26-56-92-58-70-13-86-64-63-38-77-46-78-25-22-12-99-49-41-96-93-71-65-43-32-55-18-54-66-39-3-42-59-31-87-83-9-7-47-15-76-72-24-11-100-23-21-28-94-61-35-53-20-73-34-48-4-90-85-27-36-37-6-2-33-82-75-30-81-10-19-14-62-80-17-40-97
Ta100x20,4,4,400,1.0,0.05,3,2230403228,17000,6537,6306,6072,5.551176041,v2_avx512bw_vec32_exact_perm,1-68-60-44-74-5-91-8-16-69-23-79-57-51-45-50-55-98-78-46-86-88-95-56-29-25-64-43-41-26-99-58-38-65-92-63-89-61-76-48-87-70-49-67-71-84-2-96-52-54-7-18-62-72-22-12-15-32-93-33-39-3-94-21-90-100-28-47-77-59-31-11-13-42-20-83-35-73-75-6-81-24-14-34-10-37-4-53-85-82-30-80-9-27-36-66-19-17-40-97
Ta100x20,4,4,400,1.0,0.05,4,2230404237,17000,6501,6306,6072,5.594959395,v2_avx512bw_vec32_exact_perm,1-60-91-8-16-69-67-44-45-70-51-46-74-86-50-5-29-71-38-22-77-88-57-52-98-58-84-26-95-41-65-43-89-13-96-56-7-64-55-79-92-99-87-12-18-35-11-24-2-78-49-93-76-63-25-100-54-34-4-61-15-23-48-3-72-68-21-6-20-39-32-83-59-90-66-37-31-62-9-85-53-75-73-28-94-81-47-33-42-10-19-30-36-27-82-80-14-17-40-97
Ta100x20,4,4,400,1.0,0.05,5,2230405246,17000,6519,6306,6072,6.20798549,v2_avx512bw_vec32_exact_perm,1-68-44-5-91-69-74-8-45-76-16-56-29-58-67-46-60-86-54-63-71-92-34-23-95-52-50-41-84-55-96-78-25-70-88-77-65-93-13-38-26-57-99-43-49-51-100-39-31-3-42-89-64-22-32-12-98-61-7-48-18-53-94-28-11-35-24-47-21-83-59-87-66-72-73-15-10-79-85-20-90-36-37-9-33-2-81-62-19-6-17-30-4-82-27-14-75-80-40-97
Ta100x20,4,4,400,1.0,0.05,6,2230406255,17000,6521,6306,6072,6.248421186,v2_avx512bw_vec32_exact_perm,1-68-44-45-91-16-88-69-38-74-5-78-23-57-58-67-64-56-89-60-71-79-50-84-46-87-86-51-54-25-26-13-28-8-92-29-95-99-18-98-93-70-12-32-2-52-31-47-96-63-3-49-39-61-15-48-24-43-76-20-22-37-90-55-35-21-100-7-62-41-59-53-72-9-14-94-42-4-65-77-85-11-30-73-66-34-83-10-75-33-81-82-27-6-80-36-19-17-40-97
Ta100x20,4,4,400,1.0,0.05,7,2230407264,17000,6548,6306,6072,6.012863426,v2_avx512bw_vec32_exact_perm,1-68-44-60-8-45-78-74-51-69-50-91-58-29-25-16-56-57-5-79-67-84-96-95-64-86-54-92-26-98-89-43-46-88-23-71-38-32-41-61-70-2-52-7-28-15-12-93-87-76-24-39-99-55-34-31-22-36-13-63-3-9-42-65-100-47-37-18-10-77-49-72-94-48-73-11-83-19-14-66-59-53-33-27-97-35-90-4-20-21-82-75-85-30-81-6-62-80-17-40
Ta100x20,4,4,400,1.0,0.05,8,2230408273,17000,6516,6306,6072,6.187157251,v2_avx512bw_vec32_exact_perm,1-68-5-44-45-60-8-74-46-69-67-29-88-91-57-86-51-56-92-58-64-50-98-71-22-89-16-41-84-95-79-77-38-26-99-32-70-78-94-49-65-18-12-87-54-100-63-15-85-25-55-9-3-43-76-52-61-7-4-96-28-37-72-83-59-39-90-93-31-13-11-23-42-73-33-48-30-47-2-24-34-53-21-62-6-20-14-35-81-66-10-19-75-27-80-36-82-17-40-97
Ta100x20,4,4,400,1.0,0.05,9,2230409282,17000,6521,6306,6072,6.20527421,v2_avx512bw_vec32_exact_perm,1-68-44-5-50-91-29-15-45-51-67-89-88-98-8-46-74-71-16-69-57-92-60-99-52-63-13-38-86-78-58-64-26-84-56-41-96-95-25-54-32-77-43-3-79-49-23-59-35-34-70-61-18-12-31-47-72-93-4-39-20-36-90-48-55-2-65-9-73-100-53-87-7-33-10-94-22-24-11-37-28-42-6-66-19-76-75-62-85-14-21-82-81-17-30-83-80-27-40-97
Ta100x20,4,4,400,1.0,0.05,10,2230410291,17000,6484,6306,6072,6.001289305,v2_avx512bw_vec32_exact_perm,1-68-5-91-69-29-67-45-74-51-46-60-8-44-52-98-86-58-64-92-57-89-31-50-79-63-71-88-55-15-26-94-22-70-9-23-54-38-76-84-99-56-96-16-49-25-78-65-32-77-12-95-13-43-87-41-2-93-61-7-72-6-85-21-24-11-42-66-37-39-59-47-83-20-3-27-90-35-18-33-17-53-48-34-62-82-100-28-73-14-81-10-4-30-19-75-80-36-40-97
Ta100x20,4,4,400,1.0,0.075,1,2230401210,17000,6543,6306,6072,5.96138444,v2_avx512bw_vec32_exact_perm,1-68-5-91-44-65-16-60-78-74-69-50-51-67-45-88-89-84-8-46-86-26-57-70-92-38-77-29-52-96-71-56-95-98-13-24-63-25-43-23-54-32-87-7-76-28-99-58-3-79-72-22-55-93-15-94-41-11-59-18-48-100-31-4-64-62-81-39-47-49-61-66-9-90-37-42-20-34-21-2-73-10-6-83-35-12-85-36-53-82-30-19-33-14-27-80-17-40-75-97
Ta100x20,4,4,400,1.0,0.075,2,2230402219,17000,6525,6306,6072,5.90145113,v2_avx512bw_vec32_exact_perm,1-68-44-91-16-60-29-65-67-5-46-69-45-8-74-79-54-95-92-56-50-98-70-38-26-25-77-88-63-51-71-3-84-43-23-87-89-52-18-99-78-58-96-55-2-64-86-31-41-61-76-32-57-13-12-72-35-7-48-6-49-47-93-15-4-22-28-11-59-24-42-9-62-94-53-73-21-19-33-20-81-100-83-37-90-14-85-10-66-39-17-82-30-75-34-80-27-36-40-97
Ta100x20,4,4,400,1.0,0.075,3,2230403228,17000,6535,6306,6072,6.032602857,v2_avx512bw_vec32_exact_perm,1-68-44-60-8-74-5-45-69-50-56-91-89-64-67-71-51-46-29-70-78-38-57-41-16-96-79-25-26-58-52-63-15-98-84-86-66-54-76-99-88-92-61-18-93-3-43-47-95-12-77-100-87-55-65-36-49-94-7-85-24-32-39-22-31-9-42-13-28-23-90-72-4-83-48-2-35-21-59-73-6-20-37-11-34-33-19-75-53-30-81-14-27-10-82-62-80-17-40-97
Ta100x20,4,4,400,1.0,0.075,4,2230404237,17000,6523,6306,6072,6.028167351,v2_avx512bw_vec32_exact_perm,1-68-44-74-69-88-5-29-60-45-50-26-92-86-55-71-57-46-38-91-70-79-58-52-63-84-43-56-51-16-67-61-23-87-28-96-98-89-95-12-99-32-25-93-39-94-20-13-8-76-24-22-54-15-18-49-78-65-77-7-48-72-21-11-83-4-9-59-100-53-41-73-2-66-6-34-37-35-90-64-42-62-85-31-27-14-47-81-75-36-30-3-33-10-80-82-19-17-40-97
Ta100x20,4,4,400,1.0,0.075,5,2230405246,17000,6535,6306,6072,6.242684773,v2_avx512bw_vec32_exact_perm,1-68-44-91-29-45-51-5-74-60-26-8-16-56-92-67-46-84-79-64-57-38-89-70-69-61-15-49-48-50-86-98-52-71-3-88-25-78-77-99-41-54-65-96-11-13-95-2-31-58-76-12-63-72-59-22-55-23-100-43-93-90-87-62-18-83-94-47-28-66-7-39-20-4-35-24-42-33-9-6-21-85-37-30-73-53-32-10-81-36-80-82-27-14-19-34-17-40-75-97
Ta100x20,4,4,400,1.0,0.075,6,2230406255,17000,6494,6306,6072,6.284799903,v2_avx512bw_vec32_exact_perm,1-68-44-60-92-91-45-67-50-5-84-29-51-69-79-70-74-99-46-26-55-88-56-8-38-52-86-63-16-3-58-77-57-98-89-25-71-90-96-95-15-54-23-43-41-7-87-72-61-49-12-22-48-78-18-13-76-83-65-64-100-11-47-39-85-24-34-32-28-21-53-66-37-59-93-2-62-42-31-73-9-94-20-33-35-10-81-4-82-6-17-30-14-27-19-75-80-36-40-97
Ta100x20,4,4,400,1.0,0.075,7,2230407264,17000,6534,6306,6072,5.524989659,v2_avx512bw_vec32_exact_perm,1-68-44-8-5-45-50-69-74-91-64-92-57-67-96-29-16-60-78-86-56-46-51-84-26-70-13-65-58-77-43-71-98-95-55-38-25-99-89-9-63-94-3-88-32-54-28-18-52-37-79-76-41-72-87-7-39-23-61-15-49-100-93-22-33-48-31-20-2-12-85-90-66-59-42-24-73-11-4-83-6-36-35-75-82-34-47-30-19-21-10-53-81-14-62-17-27-80-40-97
Ta100x20,4,4,400,1.0,0.075,8,2230408273,17000,6529,6306,6072,5.633292142,v2_avx512bw_vec32_exact_perm,1-68-44-8-5-74-45-26-51-38-91-55-67-79-69-29-70-88-46-60-50-56-89-58-71-86-87-25-92-28-84-93-47-16-98-96-61-54-100-63-95-3-99-57-24-32-43-49-52-21-18-31-15-78-48-7-23-39-22-37-76-65-64-77-41-35-90-42-72-12-36-83-30-11-85-9-4-66-53-13-59-33-2-75-94-19-20-34-6-81-82-14-73-10-62-27-80-17-40-97
Ta100x20,4,4,400,1.0,0.075,9,2230409282,17000,6519,6306,6072,5.993520219,v2_avx512bw_vec32_exact_perm,1-68-44-74-60-45-29-86-5-91-69-16-88-51-8-56-64-46-57-58-26-50-13-92-84-95-52-63-43-71-38-77-99-18-98-25-89-32-24-90-79-70-67-15-59-54-41-48-76-87-7-93-3-96-31-2-23-42-73-22-49-47-55-12-65-61-28-83-62-21-14-11-81-35-100-4-37-78-39-94-6-53-85-66-20-9-34-72-10-33-82-19-17-30-27-75-80-36-40-97
Ta100x20,4,4,400,1.0,0.075,10,2230410291,17000,6516,6306,6072,5.935034701,v2_avx512bw_vec32_exact_perm,1-68-44-45-8-69-50-79-92-98-91-74-5-88-60-51-86-57-23-46-29-56-58-71-43-70-55-95-77-25-31-64-38-78-67-3-99-18-96-26-52-87-93-15-63-100-84-17-61-47-49-59-54-16-34-20-22-37-39-12-2-89-7-21-76-13-30-24-41-94-90-11-65-32-66-42-48-53-85-6-4-62-9-72-82-73-28-33-10-83-19-14-81-35-36-27-75-80-40-97
Ta100x20,4,4,400,1.0,0.1,1,2230401210,17000,6539,6306,6072,5.503979305,v2_avx512bw_vec32_exact_perm,1-68-44-74-60-8-67-91-56-79-5-58-69-45-78-23-46-50-51-57-92-70-86-26-52-84-41-29-98-38-25-95-20-88-99-89-64-71-63-43-65-55-15-2-12-16-87-72-61-93-9-96-76-39-13-7-33-24-59-31-32-3-75-49-54-47-77-4-90-35-85-18-11-94-34-21-100-22-53-37-81-6-42-62-28-82-66-10-83-80-48-19-30-36-14-27-73-17-40-97
Ta100x20,4,4,400,1.0,0.1,2,2230402219,17000,6538,6306,6072,5.627549781,v2_avx512bw_vec32_exact_perm,1-68-91-45-67-74-29-64-69-5-51-60-44-8-79-88-55-50-86-43-26-87-84-16-56-70-99-61-15-98-63-41-32-46-2-89-12-58-23-34-22-52-25-95-71-92-31-96-54-3-7-24-37-38-47-59-76-57-78-90-65-100-81-21-11-13-93-28-18-77-17-94-35-73-48-6-62-42-66-72-39-10-49-20-85-30-53-27-9-19-33-4-14-83-82-75-80-36-40-97
Ta100x20,4,4,400,1.0,0.1,3,2230403228,17000,6510,6306,6072,5.608290633,v2_avx512bw_vec32_exact_perm,1-68-45-44-8-5-74-86-98-60-16-88-51-26-29-65-63-89-47-69-91-41-99-79-56-76-84-46-95-57-43-52-50-78-7-64-96-55-38-3-13-59-58-23-25-31-67-54-34-9-15-70-37-87-61-21-18-12-92-71-2-93-49-42-90-32-77-22-35-48-39-20-72-85-11-24-53-28-4-10-73-33-83-94-100-30-62-19-14-17-81-66-82-6-27-75-80-36-40-97
Ta100x20,4,4,400,1.0,0.1,4,2230404237,17000,6507,6306,6072,6.355752717,v2_avx512bw_vec32_exact_perm,1-68-44-29-91-74-5-45-67-26-69-92-8-16-50-60-88-57-70-3-86-52-84-56-78-22-96-58-38-79-71-54-23-21-76-46-65-77-87-89-98-43-95-99-93-63-51-25-64-24-15-18-13-41-20-32-61-100-72-9-31-28-12-55-34-48-7-59-35-83-39-47-11-2-30-85-82-4-53-37-49-66-19-94-42-90-6-62-17-81-14-73-10-33-27-75-80-36-40-97
Ta100x20,4,4,400,1.0,0.1,5,2230405246,17000,6520,6306,6072,5.507044548,v2_avx512bw_vec32_exact_perm,1-68-44-16-60-8-5-91-51-92-45-99-67-74-55-89-50-69-79-78-88-84-26-56-96-38-98-52-86-57-71-63-29-49-7-77-15-70-32-46-25-58-23-22-76-95-93-11-64-31-65-87-43-54-47-24-2-41-94-35-72-48-20-37-61-18-14-13-90-59-100-3-39-42-83-82-6-62-12-33-85-28-81-10-21-53-4-66-30-9-34-73-75-80-36-27-19-17-40-97
Ta100x20,4,4,400,1.0,0.1,6,2230406255,17000,6516,6306,6072,5.674865595,v2_avx512bw_vec32_exact_perm,1-68-44-8-74-69-45-70-5-91-55-71-50-99-86-96-32-46-29-57-58-67-95-38-100-89-92-16-51-43-26-56-23-78-54-98-88-60-9-87-52-22-41-2-79-76-12-20-93-49-35-53-59-4-61-65-7-11-18-47-84-77-31-13-3-24-25-63-15-94-64-33-39-85-21-66-6-90-34-17-37-42-19-83-62-28-81-27-82-14-73-48-72-10-75-30-80-36-40-97
Ta100x20,4,4,400,1.0,0.1,7,2230407264,17000,6542,6306,6072,5.505395343,v2_avx512bw_vec32_exact_perm,1-68-60-29-50-91-69-5-45-51-74-98-95-44-78-46-57-88-92-86-8-71-38-15-61-54-70-12-52-58-41-16-63-96-42-84-67-100-76-77-56-25-99-43-7-26-13-32-3-94-93-89-18-31-79-83-23-24-49-22-64-87-48-39-35-11-28-37-2-6-21-9-72-4-36-85-66-73-59-55-90-75-34-65-20-81-53-30-47-27-10-14-82-19-33-62-80-17-40-97
Ta100x20,4,4,400,1.0,0.1,8,2230408273,17000,6542,6306,6072,5.397865793,v2_avx512bw_vec32_exact_perm,1-68-44-50-8-45-5-67-69-91-84-29-92-16-60-89-74-95-88-52-57-38-99-86-26-71-51-58-98-46-56-70-2-54-78-32-63-3-87-64-43-25-48-65-41-12-79-93-7-76-94-96-39-20-77-59-62-100-72-47-18-49-55-31-21-11-53-15-90-13-35-37-23-28-83-42-66-19-22-85-24-61-73-81-33-14-82-4-75-9-30-6-34-10-27-36-80-17-40-97
Ta100x20,4,4,400,1.0,0.1,9,2230409282,17000,6537,6306,6072,5.63507498,v2_avx512bw_vec32_exact_perm,1-68-69-45-91-44-92-50-67-5-60-43-51-8-79-74-29-58-15-88-89-71-56-26-70-86-63-31-87-64-48-46-35-61-18-84-13-95-38-52-25-23-57-22-98-99-2-65-72-21-11-93-41-49-78-55-32-76-28-12-34-7-96-16-24-54-47-90-42-3-83-100-77-53-39-59-85-37-94-36-6-9-20-4-14-73-33-27-82-81-62-10-17-80-19-66-75-30-40-97
Ta100x20,4,4,400,1.0,0.1,10,2230410291,17000,6529,6306,6072,5.7164356,v2_avx512bw_vec32_exact_perm,1-68-29-44-64-69-5-91-74-67-51-26-60-45-46-89-50-79-98-23-8-70-88-84-52-86-13-92-55-16-54-95-56-78-43-15-58-96-32-57-93-41-77-71-38-7-49-63-28-2-25-99-48-90-3-22-87-61-53-72-94-21-12-18-65-11-37-31-24-9-39-76-20-34-42-33-85-47-81-59-100-73-35-30-6-4-82-83-62-14-66-75-10-19-27-80-36-17-40-97
Ta100x20,4,4,400,1.0,0.125,1,2230401210,17000,6563,6306,6072,7.574556063,v2_avx512bw_vec32_exact_perm,1-68-91-60-16-98-86-8-43-74-45-56-29-69-95-58-96-23-26-71-57-50-32-28-55-5-93-92-79-46-54-38-88-25-44-78-47-76-63-31-84-99-51-18-13-64-89-48-90-49-21-100-94-41-67-24-4-65-12-3-61-77-15-2-52-70-9-72-85-20-53-42-83-22-59-11-87-73-66-39-35-36-33-37-10-30-82-7-34-19-14-27-81-6-17-62-75-80-40-97
Ta100x20,4,4,400,1.0,0.125,2,2230402219,17000,6547,6306,6072,6.527851354,v2_avx512bw_vec32_exact_perm,1-68-44-45-8-69-5-91-50-86-88-64-57-51-99-74-26-60-52-78-87-63-29-89-95-67-18-22-38-84-15-31-70-23-12-43-54-56-58-46-100-32-96-25-55-90-7-98-71-16-48-61-13-28-62-76-24-41-35-3-72-65-83-47-33-11-49-92-77-2-37-79-93-42-30-85-9-59-73-20-39-4-81-21-10-75-66-34-6-94-14-19-53-36-27-82-80-17-40-97
Ta100x20,4,4,400,1.0,0.125,3,2230403228,17000,6534,6306,6072,6.586818961,v2_avx512bw_vec32_exact_perm,1-68-5-60-44-45-8-74-67-69-51-50-29-52-86-70-64-38-91-55-46-58-26-56-41-87-78-54-98-92-57-89-23-25-71-16-7-43-100-32-59-15-63-76-96-13-12-99-77-79-95-72-84-93-39-65-48-49-24-88-62-61-11-4-20-28-2-10-3-47-18-37-90-31-36-94-22-35-21-82-6-66-81-85-73-53-42-17-9-33-30-14-34-19-83-27-75-80-40-97
Ta100x20,4,4,400,1.0,0.125,4,2230404237,17000,6541,6306,6072,6.9385039,v2_avx512bw_vec32_exact_perm,1-68-74-44-69-67-45-91-50-5-92-88-99-60-56-86-15-71-8-78-96-57-58-16-79-51-52-63-65-89-26-38-46-29-22-43-41-83-70-98-59-95-49-64-54-35-18-25-48-31-100-84-61-28-87-39-7-13-55-3-37-17-21-32-94-93-12-42-11-66-2-76-53-23-62-85-24-10-82-47-4-20-81-77-90-19-30-73-14-33-72-6-9-34-27-75-80-36-40-97
Ta100x20,4,4,400,1.0,0.125,5,2230405246,17000,6545,6306,6072,6.782890114,v2_avx512bw_vec32_exact_perm,1-68-44-69-29-50-60-84-91-74-45-67-57-8-58-16-56-52-23-96-71-87-99-5-86-51-38-70-88-79-7-15-46-49-13-54-95-92-98-22-43-25-24-41-47-64-63-72-89-37-18-20-26-34-100-12-93-76-28-21-55-59-31-3-48-33-35-78-39-85-9-42-65-2-61-73-83-11-30-4-94-19-90-66-62-77-81-6-32-53-10-80-82-14-17-40-36-27-75-97
Ta100x20,4,4,400,1.0,0.125,6,2230406255,17000,6556,6306,6072,5.472846272,v2_avx512bw_vec32_exact_perm,1-68-91-8-44-74-69-5-45-50-29-71-16-88-67-70-26-15-99-56-86-98-92-43-54-46-89-47-79-65-52-63-38-96-58-51-87-3-18-25-57-64-13-22-28-84-78-23-95-77-90-12-33-39-32-49-7-59-76-61-9-11-2-31-41-21-6-93-53-37-48-55-72-60-42-82-83-100-19-30-4-62-85-35-24-10-20-66-81-94-73-75-80-36-14-34-27-17-40-97
Ta100x20,4,4,400,1.0,0.125,7,2230407264,17000,6548,6306,6072,5.217762029,v2_avx512bw_vec32_exact_perm,1-68-60-44-29-91-69-45-86-8-74-5-87-84-26-76-50-43-23-51-15-63-46-58-38-99-100-18-71-67-95-16-21-52-56-98-88-12-77-59-89-79-55-41-61-96-54-13-92-65-78-57-11-49-70-93-25-2-22-32-3-39-24-31-47-64-7-83-10-35-42-72-73-94-85-28-20-9-53-81-6-48-37-34-4-33-82-80-30-90-19-66-75-62-36-14-27-17-40-97
Ta100x20,4,4,400,1.0,0.125,8,2230408273,17000,6532,6306,6072,5.841060138,v2_avx512bw_vec32_exact_perm,1-60-68-44-8-45-74-69-91-57-46-25-16-26-86-92-12-51-15-5-71-29-56-54-79-88-87-96-78-22-99-84-52-23-43-95-76-93-63-50-18-72-31-3-64-59-38-67-77-58-89-65-49-98-2-48-11-55-70-7-32-34-13-100-90-28-41-61-39-81-30-24-66-62-35-4-73-9-94-47-20-6-85-83-42-37-10-21-33-19-53-14-82-75-27-80-36-17-40-97
Ta100x20,4,4,400,1.0,0.125,9,2230409282,17000,6529,6306,6072,5.534369302,v2_avx512bw_vec32_exact_perm,1-68-64-44-60-29-67-45-69-38-5-84-74-50-57-92-8-78-58-86-88-9-46-91-79-41-16-63-56-26-55-25-15-96-61-70-77-49-99-52-51-18-89-71-48-39-21-43-95-54-2-98-87-31-22-59-53-3-32-76-90-93-23-7-13-24-11-66-37-65-47-28-73-4-100-72-20-42-34-33-94-12-85-83-19-6-35-10-30-14-81-27-75-80-36-62-82-17-40-97
Ta100x20,4,4,400,1.0,0.125,10,2230410291,17000,6546,6306,6072,6.109123829,v2_avx512bw_vec32_exact_perm,1-68-29-88-16-51-91-64-67-69-44-60-8-79-74-56-13-58-89-45-71-5-38-57-61-55-96-25-47-70-26-31-65-50-92-3-54-63-46-95-98-52-23-7-86-76-43-39-15-59-77-87-84-78-94-41-11-73-85-99-2-18-93-32-100-49-12-22-72-62-9-48-83-34-90-24-6-37-36-28-66-35-21-81-42-10-33-20-75-4-30-53-14-27-80-17-82-19-40-97
Ta100x20,4,5,500,0.85,0.025,1,2230401210,17000,6485,6306,6072,7.566968142,v2_avx512bw_vec32_exact_perm,1-68-44-29-45-5-60-91-67-50-69-74-52-32-16-89-51-71-46-56-79-8-88-92-25-98-70-54-96-95-86-57-78-93-58-13-63-24-39-64-15-41-76-26-28-84-55-7-22-77-3-99-49-61-18-72-87-12-31-43-11-38-23-65-35-37-21-42-2-20-85-47-4-90-73-94-9-100-83-62-33-75-6-48-66-59-53-36-30-81-14-34-27-19-10-82-80-17-40-97
Ta100x20,4,5,500,0.85,0.025,2,2230402219,17000,6517,6306,6072,7.024474544,v2_avx512bw_vec32_exact_perm,68-44-45-8-60-5-69-74-91-57-46-1-86-29-16-51-64-56-98-84-50-26-92-55-89-52-99-38-25-96-78-63-70-88-71-24-3-95-54-67-77-79-76-41-15-58-32-43-65-7-13-87-23-35-12-90-49-31-93-59-22-4-11-18-72-37-28-48-47-53-42-20-61-21-6-2-100-30-83-33-85-9-39-66-34-82-81-10-75-62-94-14-80-73-36-27-19-17-40-97
Ta100x20,4,5,500,0.85,0.025,3,2230403228,17000,6512,6306,6072,7.241811049,v2_avx512bw_vec32_exact_perm,1-68-5-44-60-8-46-45-16-88-86-57-51-29-67-74-91-56-26-50-69-52-89-13-92-64-99-75-63-15-71-95-98-78-96-87-58-70-38-54-25-61-23-12-49-7-79-43-72-93-84-77-11-2-39-65-55-41-31-18-24-47-3-32-22-35-21-66-20-10-82-59-42-76-90-37-48-100-83-28-62-81-4-6-85-94-30-53-73-9-80-36-33-27-14-19-34-17-40-97
Ta100x20,4,5,500,0.85,0.025,4,2230404237,17000,6451,6306,6072,6.482604091,v2_avx512bw_vec32_exact_perm,1-68-44-8-45-5-69-16-91-55-74-67-50-38-71-57-46-51-79-89-95-86-98-26-23-43-29-88-56-70-58-54-96-15-52-99-63-84-25-60-9-87-3-78-72-31-11-92-65-22-93-64-47-2-32-12-76-48-18-49-7-61-13-24-66-85-41-35-59-77-39-28-37-42-83-100-10-6-94-21-17-53-62-30-90-81-4-19-20-33-82-14-34-73-27-75-80-36-40-97
Ta100x20,4,5,500,0.85,0.025,5,2230405246,17000,6431,6306,6072,6.7624721,v2_avx512bw_vec32_exact_perm,1-68-44-60-65-45-5-69-71-16-91-50-99-74-98-86-55-51-96-29-12-56-84-26-88-70-67-92-43-89-79-8-46-78-25-38-58-95-64-15-93-76-20-63-57-54-49-13-31-100-87-90-32-61-7-41-2-37-18-23-72-77-47-52-59-24-48-22-39-3-11-28-35-4-53-42-73-21-66-83-34-9-75-80-85-94-6-62-10-81-17-82-33-30-19-36-14-27-40-97
Ta100x20,4,5,500,0.85,0.025,6,2230406255,17000,6451,6306,6072,7.570048489,v2_avx512bw_vec32_exact_perm,1-68-91-44-45-74-67-69-5-57-51-86-60-64-29-50-56-8-46-92-38-58-84-52-26-70-3-79-71-98-15-96-32-95-89-43-88-99-31-25-16-61-87-63-12-47-23-93-13-22-54-55-18-78-9-76-39-65-41-2-11-72-49-77-59-37-35-48-66-7-94-19-85-90-21-6-42-53-83-100-34-33-20-4-82-81-24-30-62-17-28-14-73-27-10-75-80-36-40-97
Ta100x20,4,5,500,0.85,0.025,7,2230407264,17000,6535,6306,6072,7.370362084,v2_avx512bw_vec32_exact_perm,1-68-45-91-44-92-60-29-8-46-5-69-51-38-58-70-88-55-67-74-56-84-71-50-89-96-86-26-78-87-25-16-52-54-15-79-100-98-61-12-32-63-76-28-41-21-23-93-43-99-65-57-59-94-35-11-13-72-20-49-48-2-77-95-24-31-37-18-30-90-64-7-22-3-4-47-36-53-42-6-82-83-39-9-33-73-85-66-10-19-14-34-62-81-17-27-80-40-75-97
Ta100x20,4,5,500,0.85,0.025,8,2230408273,17000,6455,6306,6072,7.285649275,v2_avx512bw_vec32_exact_perm,1-68-44-45-8-70-52-74-69-5-88-84-38-46-26-91-23-50-60-51-29-89-55-87-99-3-58-86-63-54-79-67-71-77-95-98-16-56-24-41-65-92-57-43-32-25-7-13-96-59-61-76-72-31-39-78-93-15-18-22-66-9-35-20-64-37-42-21-12-28-48-83-100-49-94-6-90-53-62-4-2-47-85-30-11-73-34-81-75-82-14-19-33-10-17-27-80-36-40-97
Ta100x20,4,5,500,0.85,0.025,9,2230409282,17000,6451,6306,6072,7.620813749,v2_avx512bw_vec32_exact_perm,1-68-44-45-8-5-69-91-86-74-88-16-26-29-51-12-50-58-55-56-13-60-67-71-25-38-92-46-15-63-78-89-84-99-28-43-100-3-41-57-96-95-54-52-32-98-23-70-76-93-24-7-35-77-59-11-18-31-37-79-20-61-2-64-85-48-21-90-17-87-65-39-49-42-94-22-9-83-72-33-66-62-47-4-82-6-53-30-81-14-10-19-34-73-27-75-80-36-40-97
Ta100x20,4,5,500,0.85,0.025,10,2230410291,17000,6535,6306,6072,7.767553593,v2_avx512bw_vec32_exact_perm,1-68-44-45-60-8-29-46-5-92-69-74-86-16-55-91-23-26-57-56-51-52-78-38-88-84-70-25-89-98-41-67-58-71-64-96-49-79-95-43-77-99-24-63-15-13-12-87-93-50-32-2-76-42-7-20-39-18-54-47-61-100-22-31-83-48-72-11-3-21-35-90-59-66-65-85-28-94-30-37-36-82-4-9-53-14-81-73-19-6-34-10-27-80-17-62-33-40-75-97
Ta100x20,4,5,500,0.85,0.05,1,2230401210,17000,6463,6306,6072,6.877473254,v2_avx512bw_vec32_exact_perm,1-68-44-8-45-67-74-69-5-91-29-16-46-64-57-92-54-78-88-84-38-58-60-23-50-70-56-79-52-95-89-71-13-2-98-86-12-51-87-26-43-15-39-61-99-96-25-63-93-18-55-32-41-37-31-22-47-77-65-7-59-3-94-9-49-72-85-28-11-42-21-6-100-24-34-83-73-66-48-35-62-20-76-33-90-4-53-82-14-75-30-19-10-81-27-36-80-17-40-97
Ta100x20,4,5,500,0.85,0.05,2,2230402219,17000,6495,6306,6072,7.080045009,v2_avx512bw_vec32_exact_perm,1-68-91-8-60-5-74-45-44-69-29-79-67-86-51-26-92-56-77-58-84-38-70-57-46-88-23-50-89-54-41-7-98-96-16-52-95-71-13-15-25-78-93-12-76-63-18-87-31-43-32-99-24-34-39-65-3-22-61-55-21-11-47-72-49-35-48-42-64-53-37-28-9-6-59-100-83-36-73-94-2-90-33-85-19-10-75-66-81-4-82-20-30-14-62-27-80-17-40-97
Ta100x20,4,5,500,0.85,0.05,3,2230403228,17000,6518,6306,6072,6.912300258,v2_avx512bw_vec32_exact_perm,1-68-44-60-8-91-74-45-70-71-56-23-67-49-57-79-58-69-86-50-52-26-29-96-5-55-89-54-84-88-22-100-46-93-41-32-75-87-98-16-92-25-78-15-95-38-99-47-63-43-13-76-51-18-64-61-9-33-39-31-35-48-7-77-59-2-65-11-72-42-37-90-94-12-85-34-3-73-21-4-24-66-36-20-14-53-28-82-19-83-30-10-81-6-62-27-80-17-40-97
Ta100x20,4,5,500,0.85,0.05,4,2230404237,17000,6520,6306,6072,6.868026473,v2_avx512bw_vec32_exact_perm,1-60-8-44-74-69-45-5-86-91-29-57-52-38-67-46-64-71-95-50-88-51-56-58-79-92-70-98-26-63-84-87-9-99-28-32-25-78-15-43-93-22-89-16-18-24-48-96-54-77-41-76-13-23-61-65-3-39-42-12-2-37-49-20-72-83-100-31-68-94-47-7-4-14-62-35-85-55-59-90-10-53-30-6-21-34-11-75-81-66-33-27-36-82-73-80-19-17-40-97
Ta100x20,4,5,500,0.85,0.05,5,2230405246,17000,6453,6306,6072,7.291574936,v2_avx512bw_vec32_exact_perm,1-68-91-44-45-51-74-5-69-16-26-88-60-29-55-56-46-71-86-50-52-63-58-98-92-84-23-38-78-79-70-67-99-8-89-41-87-95-43-12-90-96-65-61-32-15-25-13-11-54-2-34-76-7-93-37-18-17-21-77-31-100-64-57-24-59-49-9-72-3-66-94-35-47-42-33-22-85-39-48-19-53-20-28-62-10-81-6-14-4-83-82-30-73-27-75-80-36-40-97
Ta100x20,4,5,500,0.85,0.05,6,2230406255,17000,6440,6306,6072,6.690908395,v2_avx512bw_vec32_exact_perm,1-69-91-50-8-5-74-44-45-57-92-46-29-60-79-38-78-64-88-26-70-65-95-58-13-43-56-31-51-16-86-63-15-54-98-71-76-89-96-93-59-18-12-55-99-7-2-84-28-61-21-3-87-52-25-41-11-100-77-22-47-42-32-23-90-17-35-39-83-49-9-94-24-85-73-4-37-34-72-19-66-67-33-20-53-81-82-6-10-68-48-14-75-30-62-27-80-36-40-97
Ta100x20,4,5,500,0.85,0.05,7,2230407264,17000,6500,6306,6072,6.839062582,v2_avx512bw_vec32_exact_perm,1-68-91-8-5-45-69-44-74-13-46-64-56-58-92-60-16-26-67-78-29-50-88-38-65-23-84-89-96-79-57-43-86-99-71-51-70-15-28-3-63-54-22-52-98-95-11-12-87-35-25-93-2-77-41-32-61-49-24-18-76-31-37-55-72-7-85-33-83-100-39-10-48-59-20-90-21-73-66-42-62-4-94-82-81-19-47-30-53-6-9-14-17-34-27-75-97-80-36-40
Ta100x20,4,5,500,0.85,0.05,8,2230408273,17000,6532,6306,6072,6.913675979,v2_avx512bw_vec32_exact_perm,68-44-29-8-16-5-45-26-91-69-38-50-74-98-83-55-88-84-46-13-56-79-58-92-71-67-25-1-95-51-54-60-78-64-57-43-89-86-70-18-96-52-7-49-77-22-99-63-23-15-87-32-24-59-76-93-3-11-12-31-39-42-65-37-2-21-28-100-48-94-20-4-61-90-85-10-14-53-72-9-73-47-82-35-33-41-34-66-30-19-81-6-62-80-27-36-17-40-75-97
Ta100x20,4,5,500,0.85,0.05,9,2230409282,17000,6535,6306,6072,6.86809196,v2_avx512bw_vec32_exact_perm,1-68-44-74-16-60-5-91-29-45-88-57-69-8-46-38-89-79-67-2-62-26-70-86-98-3-50-71-15-95-64-92-56-58-54-96-52-23-61-55-63-78-65-84-41-25-87-49-11-76-99-31-47-22-18-66-35-93-13-53-12-51-43-20-39-42-7-59-32-77-24-72-28-37-21-94-85-48-73-83-36-10-100-90-27-30-34-82-4-9-33-6-81-14-19-80-17-40-75-97
Ta100x20,4,5,500,0.85,0.05,10,2230410291,17000,6509,6306,6072,6.75031997,v2_avx512bw_vec32_exact_perm,1-68-44-79-5-45-91-57-69-16-88-50-38-51-89-74-60-64-67-46-58-84-29-56-31-86-92-26-12-71-98-55-41-22-78-70-52-65-96-99-32-40-43-76-93-9-18-54-25-63-87-3-47-13-23-15-72-33-61-11-95-100-35-24-94-21-37-49-39-73-2-10-42-8-77-7-85-62-28-48-66-81-90-20-59-4-6-36-30-27-19-17-82-53-14-34-83-75-80-97
Ta100x20,4,5,500,0.85,0.075,1,2230401210,17000,6503,6306,6072,6.958283362,v2_avx512bw_vec32_exact_perm,1-68-44-8-45-29-69-64-56-5-91-79-26-74-54-67-86-57-50-71-92-23-46-70-60-63-88-52-98-84-58-38-51-95-96-100-49-15-76-89-78-99-16-77-43-25-31-18-22-7-61-87-12-72-47-93-59-55-48-2-21-39-40-11-35-19-73-42-41-13-24-32-65-62-10-53-28-37-94-81-90-33-36-4-20-66-17-3-30-9-85-82-6-14-34-83-27-75-80-97
Ta100x20,4,5,500,0.85,0.075,2,2230402219,17000,6462,6306,6072,6.839665093,v2_avx512bw_vec32_exact_perm,1-68-44-5-69-74-91-29-60-8-92-86-96-89-88-45-57-13-50-23-26-25-70-46-71-52-38-79-84-16-78-41-54-56-51-98-95-93-87-43-47-58-39-65-3-15-11-99-22-2-33-32-67-18-76-31-28-63-37-77-21-55-61-66-7-72-90-53-100-48-42-73-64-83-34-24-49-12-20-19-17-85-94-59-35-82-62-14-4-9-30-81-6-27-10-75-80-36-40-97
Ta100x20,4,5,500,0.85,0.075,3,2230403228,17000,6469,6306,6072,7.230066283,v2_avx512bw_vec32_exact_perm,1-68-44-45-8-74-5-29-69-26-79-60-88-50-71-15-46-89-57-67-91-86-92-84-52-98-95-70-51-23-77-16-25-56-3-78-100-96-58-38-65-99-43-76-83-22-54-31-12-32-63-93-28-59-2-18-55-72-41-13-24-7-64-87-49-37-39-34-61-47-85-21-11-48-6-4-66-94-53-73-90-20-30-75-9-82-35-33-19-42-14-10-62-81-17-27-80-36-40-97
Ta100x20,4,5,500,0.85,0.075,4,2230404237,17000,6451,6306,6072,7.242260567,v2_avx512bw_vec32_exact_perm,1-68-44-45-5-60-74-57-64-86-46-69-38-91-51-58-50-89-55-49-71-16-15-29-92-88-99-56-96-78-54-95-52-84-67-34-63-43-98-61-70-26-59-41-23-87-93-77-13-79-39-65-25-47-11-21-32-48-18-2-72-7-100-22-66-42-76-9-90-3-31-53-8-17-37-62-28-24-85-4-83-35-6-82-94-10-20-33-12-19-30-81-14-73-27-75-80-36-40-97
Ta100x20,4,5,500,0.85,0.075,5,2230405246,17000,6469,6306,6072,7.692543476,v2_avx512bw_vec32_exact_perm,1-68-45-5-60-44-91-51-29-69-74-26-89-8-79-70-16-15-12-92-46-50-56-13-52-88-63-38-95-71-43-65-98-41-25-99-57-58-86-28-84-47-3-78-55-31-54-22-76-64-94-67-96-87-90-37-11-32-100-77-39-83-21-18-19-35-23-61-48-59-24-93-7-49-2-85-4-66-42-20-34-9-33-73-72-14-10-53-30-62-27-81-6-17-82-75-80-36-40-97
Ta100x20,4,5,500,0.85,0.075,6,2230406255,17000,6473,6306,6072,7.356665508,v2_avx512bw_vec32_exact_perm,1-60-8-45-91-44-74-5-69-51-38-29-65-16-88-26-56-55-71-52-86-96-70-76-84-79-46-57-23-50-43-95-13-58-93-92-89-28-63-77-64-87-48-67-25-54-7-49-99-32-12-78-31-98-18-72-100-39-3-83-15-22-42-47-41-59-24-34-9-61-2-73-11-66-68-37-21-33-53-85-82-94-90-4-62-20-30-19-14-35-10-6-81-17-27-75-80-36-40-97
Ta100x20,4,5,500,0.85,0.075,7,2230407264,17000,6498,6306,6072,7.393009674,v2_avx512bw_vec32_exact_perm,1-68-91-8-5-45-69-60-64-44-29-57-86-46-50-78-38-74-89-51-88-71-98-55-56-79-95-99-58-41-52-63-23-25-15-92-70-54-67-84-3-87-90-47-16-61-26-77-13-82-31-22-43-100-7-21-42-49-65-96-24-76-39-28-32-94-72-83-66-37-11-93-12-85-48-20-2-6-4-35-59-62-53-33-19-30-10-34-73-9-14-81-75-18-27-80-36-17-40-97
Ta100x20,4,5,500,0.85,0.075,8,2230408273,17000,6517,6306,6072,7.234976507,v2_avx512bw_vec32_exact_perm,68-44-8-5-1-74-45-86-60-69-57-95-46-58-92-16-29-91-26-88-67-51-70-50-96-56-25-84-61-15-21-79-89-7-71-98-52-49-99-54-100-76-43-87-64-63-41-48-94-55-93-13-32-38-11-31-12-2-35-83-18-65-22-66-37-10-78-20-39-90-23-42-77-81-85-72-62-24-30-4-73-3-36-28-75-80-53-6-47-9-33-34-14-59-27-82-19-17-40-97
Ta100x20,4,5,500,0.85,0.075,9,2230409282,17000,6524,6306,6072,7.601852219,v2_avx512bw_vec32_exact_perm,1-68-45-44-60-69-50-74-29-5-67-91-57-92-38-26-71-56-84-86-52-46-8-88-96-23-58-16-25-49-3-51-99-70-54-11-55-76-78-79-87-9-7-18-33-35-22-65-98-43-94-4-39-89-95-41-15-75-42-100-31-93-53-24-63-32-85-21-77-19-83-61-28-13-12-62-2-66-48-37-20-59-64-90-81-73-6-36-10-47-34-72-30-14-27-17-82-80-40-97
Ta100x20,4,5,500,0.85,0.075,10,2230410291,17000,6451,6306,6072,8.142852442,v2_avx512bw_vec32_exact_perm,1-68-5-91-45-44-69-74-67-50-88-29-60-86-55-51-46-26-23-8-71-63-52-84-58-79-98-89-56-38-15-95-87-93-100-78-57-92-99-43-41-49-25-70-96-22-54-48-65-7-31-37-72-32-2-16-47-76-64-18-42-83-24-13-3-11-39-94-4-12-77-35-66-59-53-62-85-90-21-61-28-6-73-19-34-10-17-33-9-20-82-81-30-14-27-75-80-36-40-97
Ta100x20,4,5,500,0.85,0.1,1,2230401210,17000,6535,6306,6072,7.534818529,v2_avx512bw_vec32_exact_perm,1-68-44-45-60-74-69-26-5-51-8-67-91-50-46-86-98-92-56-71-84-70-52-29-96-64-88-9-3-15-38-54-58-43-99-23-59-95-55-76-16-25-72-22-78-77-13-41-63-79-65-61-89-47-87-18-2-93-90-12-57-33-49-21-20-7-100-42-34-11-39-66-24-31-10-36-32-37-6-48-83-35-4-85-94-62-28-82-81-73-14-27-53-19-17-30-80-40-75-97
Ta100x20,4,5,500,0.85,0.1,2,2230402219,17000,6520,6306,6072,7.196465119,v2_avx512bw_vec32_exact_perm,1-68-44-8-5-74-45-69-84-26-50-86-55-29-91-60-88-70-51-46-32-23-56-58-79-87-89-52-71-16-9-98-63-15-43-99-100-7-95-41-78-25-57-92-67-2-61-39-3-38-93-65-31-48-83-13-49-64-72-18-11-22-59-96-76-77-24-4-35-47-90-28-37-42-81-54-53-80-12-34-10-94-21-20-6-66-75-85-62-82-30-73-33-36-14-27-19-17-40-97
Ta100x20,4,5,500,0.85,0.1,3,2230403228,17000,6468,6306,6072,7.80532863,v2_avx512bw_vec32_exact_perm,1-68-44-45-5-51-60-8-74-50-64-79-29-69-89-91-78-26-28-88-12-67-54-58-38-43-23-63-52-57-56-71-96-70-98-86-9-92-65-55-46-72-61-84-41-59-25-13-95-18-22-32-77-24-7-100-15-93-39-87-31-3-76-49-73-11-99-37-42-53-2-47-16-83-94-33-21-17-19-85-20-4-6-48-62-66-90-10-30-81-14-34-35-82-27-75-80-36-40-97
Ta100x20,4,5,500,0.85,0.1,4,2230404237,17000,6454,6306,6072,7.563707213,v2_avx512bw_vec32_exact_perm,1-68-44-74-67-45-69-5-51-88-60-29-8-86-91-50-57-95-71-56-38-70-92-46-89-13-25-26-15-99-78-79-83-52-41-77-12-55-32-96-98-23-72-84-22-43-24-58-7-18-76-16-93-87-73-54-11-59-49-66-90-4-47-3-21-53-61-48-100-20-35-63-28-42-64-85-31-37-39-17-10-2-65-62-94-30-33-82-9-81-19-6-34-14-27-75-80-36-40-97
Ta100x20,4,5,500,0.85,0.1,5,2230405246,17000,6537,6306,6072,8.688819406,v2_avx512bw_vec32_exact_perm,1-60-68-44-8-91-74-45-86-57-5-79-69-26-27-67-71-46-29-98-51-38-89-58-3-88-50-22-16-34-99-41-15-70-65-25-96-13-54-43-95-9-31-11-18-56-76-63-84-93-72-12-28-61-49-92-73-100-52-78-85-42-47-21-55-32-2-53-90-64-94-39-87-37-20-62-77-7-24-4-36-6-59-23-48-82-14-83-33-10-81-17-35-30-19-66-80-40-75-97
Ta100x20,4,5,500,0.85,0.1,6,2230406255,17000,6474,6306,6072,7.413443052,v2_avx512bw_vec32_exact_perm,1-68-5-44-8-60-29-46-67-45-64-69-50-91-26-89-79-98-74-71-55-38-22-70-56-86-78-58-92-52-84-25-54-99-9-43-63-32-76-13-95-23-100-87-12-35-11-18-57-16-93-31-41-61-15-96-17-65-2-88-94-3-59-37-39-42-72-66-7-51-81-47-21-24-49-85-30-6-82-83-34-10-77-19-53-90-48-33-4-73-28-20-14-62-75-80-27-36-40-97
Ta100x20,4,5,500,0.85,0.1,7,2230407264,17000,6535,6306,6072,7.454165552,v2_avx512bw_vec32_exact_perm,1-68-44-45-5-91-16-67-69-74-88-29-89-8-60-79-52-50-55-46-51-86-32-92-57-56-63-71-58-84-38-26-41-78-54-25-76-87-99-64-15-3-70-77-98-94-43-9-93-18-61-2-7-13-65-12-96-49-72-22-23-95-42-39-31-28-37-24-85-59-47-21-48-100-35-83-33-6-73-53-11-20-90-36-4-14-66-34-17-19-30-81-10-82-27-62-80-40-75-97
Ta100x20,4,5,500,0.85,0.1,8,2230408273,17000,6466,6306,6072,7.511365594,v2_avx512bw_vec32_exact_perm,1-68-44-45-69-8-74-46-29-88-5-91-79-67-60-51-78-13-57-86-26-38-55-71-92-98-50-22-43-16-64-61-41-65-49-99-58-89-96-56-93-84-54-77-70-63-15-66-25-87-100-47-3-24-11-76-52-72-39-20-7-23-33-18-4-83-12-95-42-2-62-35-31-53-6-32-28-21-37-9-85-59-73-48-90-94-82-19-30-14-10-81-17-34-27-75-80-36-40-97
Ta100x20,4,5,500,0.85,0.1,9,2230409282,17000,6466,6306,6072,7.252260041,v2_avx512bw_vec32_exact_perm,1-68-44-74-69-45-5-89-99-8-16-67-88-29-64-60-56-50-79-91-71-86-54-57-13-51-65-26-92-98-9-78-95-84-38-25-46-3-43-76-59-32-6-96-18-58-70-15-93-21-49-100-63-24-77-12-72-7-39-55-28-17-48-35-23-61-87-2-62-41-52-47-11-31-22-85-94-37-53-75-30-14-90-10-42-4-20-81-19-33-83-34-82-73-80-66-27-36-40-97
Ta100x20,4,5,500,0.85,0.1,10,2230410291,17000,6457,6306,6072,7.014663785,v2_avx512bw_vec32_exact_perm,1-68-5-91-45-44-65-16-51-69-29-50-67-46-88-58-56-71-38-8-95-60-74-92-57-3-64-86-89-70-43-26-99-98-15-13-96-52-63-54-25-41-22-94-84-39-78-93-24-23-77-21-100-87-18-37-48-49-42-72-20-76-59-7-55-19-83-79-31-47-12-34-61-85-53-32-90-4-6-9-11-66-33-2-62-14-28-35-17-82-30-10-81-27-73-75-80-36-40-97
Ta100x20,4,5,500,0.85,0.125,1,2230401210,17000,6507,6306,6072,7.294420247,v2_avx512bw_vec32_exact_perm,1-68-44-74-45-69-91-50-8-67-60-78-57-92-86-16-26-89-52-5-51-88-71-58-98-23-29-56-13-70-54-38-96-32-46-25-84-93-99-76-64-63-100-20-41-55-2-61-24-77-34-22-73-48-90-42-87-59-15-95-31-72-7-11-37-79-28-53-47-4-43-12-21-3-35-49-10-65-9-62-94-83-33-85-39-14-75-30-27-81-19-18-6-17-82-66-36-80-40-97
Ta100x20,4,5,500,0.85,0.125,2,2230402219,17000,6498,6306,6072,7.507412019,v2_avx512bw_vec32_exact_perm,1-68-5-45-60-92-88-8-69-29-74-67-46-52-23-84-51-50-91-71-16-38-57-43-86-77-99-96-79-49-56-89-25-78-54-24-26-70-63-13-65-64-41-48-98-95-76-58-44-2-32-7-18-12-100-87-83-22-15-11-72-55-66-21-61-59-28-37-34-93-85-39-53-3-90-73-33-82-47-19-35-4-42-20-31-75-94-30-6-62-81-14-10-9-27-80-36-17-40-97
Ta100x20,4,5,500,0.85,0.125,3,2230403228,17000,6548,6306,6072,7.466572406,v2_avx512bw_vec32_exact_perm,1-68-69-8-29-44-45-74-5-91-60-55-71-16-26-32-50-28-12-78-15-92-70-67-43-86-46-88-24-38-52-51-57-96-77-99-63-3-58-89-2-84-56-23-7-49-54-25-18-61-100-98-13-76-95-65-93-39-79-41-11-59-85-48-22-47-42-31-72-37-36-64-94-90-9-6-87-21-62-66-83-33-35-4-19-20-53-80-34-81-82-10-17-30-14-73-27-75-40-97
Ta100x20,4,5,500,0.85,0.125,4,2230404237,17000,6476,6306,6072,7.897839038,v2_avx512bw_vec32_exact_perm,1-68-44-8-16-5-60-46-99-26-74-29-69-92-15-84-91-67-51-55-88-79-50-78-63-58-45-56-95-52-57-86-98-64-71-2-32-41-23-96-77-25-59-70-22-3-38-93-39-13-18-54-87-24-12-43-37-28-49-9-61-85-100-31-7-90-89-83-42-21-76-11-72-53-47-17-48-62-65-34-66-33-94-20-82-81-6-4-19-30-35-10-14-27-73-75-80-36-40-97
Ta100x20,4,5,500,0.85,0.125,5,2230405246,17000,6498,6306,6072,7.416481467,v2_avx512bw_vec32_exact_perm,1-68-44-74-45-60-8-29-69-57-5-86-58-84-64-15-95-46-79-91-38-56-26-98-63-52-23-50-92-71-16-93-13-88-55-96-89-43-18-77-99-70-39-32-3-67-28-54-9-72-31-76-12-87-78-25-51-21-7-82-22-61-24-100-48-41-42-49-47-73-65-35-4-59-83-34-11-2-6-90-75-37-10-66-20-94-30-53-85-14-19-33-81-62-27-80-36-17-40-97
Ta100x20,4,5,500,0.85,0.125,6,2230406255,17000,6503,6306,6072,7.119651249,v2_avx512bw_vec32_exact_perm,1-68-44-60-8-45-29-5-38-57-46-92-91-74-79-84-69-88-16-56-51-61-13-50-58-15-98-99-86-2-71-64-67-96-18-55-70-54-23-93-63-43-89-87-41-95-25-78-26-32-52-12-3-4-59-77-100-21-76-90-39-20-7-73-48-35-28-37-65-42-49-31-11-9-22-17-47-34-10-85-82-24-53-30-72-94-14-62-66-81-6-83-80-19-27-75-36-33-40-97
Ta100x20,4,5,500,0.85,0.125,7,2230407264,17000,6464,6306,6072,7.10433175,v2_avx512bw_vec32_exact_perm,1-68-91-44-45-88-79-60-16-23-74-8-5-46-57-71-69-95-26-89-38-52-51-67-43-50-55-65-99-56-70-87-93-29-100-84-63-41-3-86-58-25-54-32-13-98-24-76-78-15-9-61-39-12-92-77-72-7-18-11-31-83-59-21-73-28-4-49-33-96-35-37-42-90-64-22-20-48-6-85-94-2-62-14-53-47-10-82-17-66-81-30-19-34-75-27-80-36-40-97
Ta100x20,4,5,500,0.85,0.125,8,2230408273,17000,6528,6306,6072,6.820024332,v2_avx512bw_vec32_exact_perm,1-68-60-74-5-44-45-69-57-67-8-92-86-46-88-64-84-78-38-29-91-71-51-89-26-18-95-70-58-98-50-13-52-32-16-9-56-41-47-4-43-76-55-35-23-3-87-99-25-22-77-12-96-20-53-65-63-66-39-73-15-94-72-79-93-100-7-2-49-61-28-11-59-24-21-81-48-85-31-37-42-10-30-90-83-19-62-14-54-33-82-6-75-80-34-27-36-17-40-97
Ta100x20,4,5,500,0.85,0.125,9,2230409282,17000,6501,6306,6072,6.781845765,v2_avx512bw_vec32_exact_perm,1-68-91-51-5-69-60-44-8-16-74-45-88-86-70-56-71-98-92-57-52-4-29-95-50-25-77-26-38-78-32-79-22-89-65-58-43-54-93-84-96-55-46-23-67-61-18-2-15-63-31-64-7-87-49-13-11-41-12-76-90-100-48-83-42-9-39-33-3-99-24-85-72-35-36-14-34-73-94-20-21-37-30-75-59-6-19-53-10-66-27-47-28-82-17-81-80-62-40-97
Ta100x20,4,5,500,0.85,0.125,10,2230410291,17000,6457,6306,6072,7.314397219,v2_avx512bw_vec32_exact_perm,1-68-44-8-60-74-69-29-45-67-5-95-89-78-87-51-79-46-92-99-98-23-50-52-86-84-49-88-57-12-71-55-56-16-70-22-91-26-25-96-9-58-15-43-3-63-59-93-54-72-41-6-31-32-48-90-61-37-83-13-94-65-18-7-11-2-66-77-39-76-64-42-38-20-21-34-100-24-35-17-85-73-62-30-47-82-53-4-28-81-14-10-19-33-27-75-80-36-40-97
Ta100x20,4,5,500,0.8875,0.025,1,2230401210,17000,6453,6306,6072,6.682100626,v2_avx512bw_vec32_exact_perm,1-60-68-44-8-45-5-74-69-51-91-99-38-29-88-70-16-71-67-89-78-56-79-58-57-86-49-15-92-46-26-43-24-12-23-98-50-96-93-22-84-52-95-28-41-63-77-2-54-25-3-55-65-32-61-13-87-35-39-47-18-11-64-31-7-76-94-100-21-42-9-48-72-37-4-66-90-83-85-59-6-30-10-62-53-81-33-17-19-20-82-14-34-73-27-75-80-36-40-97
Ta100x20,4,5,500,0.8875,0.025,2,2230402219,17000,6463,6306,6072,6.734165998,v2_avx512bw_vec32_exact_perm,1-68-5-91-44-45-60-74-8-67-69-99-46-98-51-16-52-50-92-86-89-88-96-57-63-84-71-100-58-70-56-38-78-95-13-49-25-29-26-59-15-61-87-54-7-77-64-32-55-41-79-2-22-12-94-47-43-65-83-11-18-93-39-31-42-3-76-35-72-23-21-24-6-62-9-85-75-73-28-37-20-48-33-66-82-4-90-30-14-53-19-34-10-81-27-36-80-17-40-97
Ta100x20,4,5,500,0.8875,0.025,3,2230403228,17000,6535,6306,6072,7.146169765,v2_avx512bw_vec32_exact_perm,1-68-91-44-45-74-88-26-5-38-51-69-89-29-60-8-50-98-71-46-79-57-67-55-95-18-92-56-64-52-41-86-78-23-99-22-58-54-87-84-2-12-77-49-70-96-63-32-25-3-61-9-43-15-13-24-21-42-94-72-76-11-93-16-100-28-65-7-85-31-66-59-35-4-47-83-20-30-39-48-53-6-34-37-90-82-73-81-62-10-80-36-27-14-33-19-17-40-75-97
Ta100x20,4,5,500,0.8875,0.025,4,2230404237,17000,6438,6306,6072,6.95934319,v2_avx512bw_vec32_exact_perm,1-68-91-44-45-60-74-26-5-69-8-46-51-16-86-58-88-29-55-56-50-84-92-67-71-99-98-95-43-57-79-15-38-23-78-93-13-54-89-22-77-18-25-96-7-17-49-52-59-3-39-42-100-87-63-41-32-9-70-76-61-72-64-2-31-66-24-12-11-33-65-48-28-21-34-53-4-90-73-47-35-20-94-85-37-30-82-19-14-62-83-81-6-10-75-80-36-27-40-97
Ta100x20,4,5,500,0.8875,0.025,5,2230405246,17000,6498,6306,6072,7.402816255,v2_avx512bw_vec32_exact_perm,1-68-5-91-74-67-47-69-51-60-8-50-26-52-45-44-29-16-55-78-46-70-56-84-38-86-58-92-23-57-54-95-88-32-2-77-61-41-63-15-25-13-98-79-76-11-18-24-99-43-89-71-9-93-28-72-42-65-22-48-49-96-7-64-87-31-21-35-59-100-37-83-39-12-85-90-62-3-94-33-20-82-4-19-66-53-6-75-34-30-81-14-10-73-27-80-36-17-40-97
Ta100x20,4,5,500,0.8875,0.025,6,2230406255,17000,6464,6306,6072,6.245414792,v2_avx512bw_vec32_exact_perm,1-68-44-8-5-45-69-74-60-91-51-57-29-46-79-3-92-50-64-67-88-15-99-16-56-26-70-23-58-77-55-98-86-13-84-54-89-96-95-25-71-52-78-38-17-18-63-49-24-12-32-76-43-9-22-65-93-6-87-47-2-7-11-61-21-48-100-90-72-41-66-28-31-10-85-59-37-35-62-42-4-82-83-39-73-94-20-33-19-30-53-81-14-34-75-27-80-36-40-97
Ta100x20,4,5,500,0.8875,0.025,7,2230407264,17000,6535,6306,6072,6.476607019,v2_avx512bw_vec32_exact_perm,1-68-91-69-60-44-74-45-8-92-38-84-46-51-16-56-89-55-5-58-67-29-71-78-98-86-79-26-70-57-23-96-95-39-52-50-88-99-41-22-43-18-25-54-31-2-61-49-87-93-63-28-15-4-94-32-24-77-13-7-64-12-36-11-3-76-47-83-85-65-42-90-21-100-48-66-53-34-59-37-20-73-35-72-82-9-6-81-33-10-19-30-14-62-27-80-17-40-75-97
Ta100x20,4,5,500,0.8875,0.025,8,2230408273,17000,6451,6306,6072,6.110215735,v2_avx512bw_vec32_exact_perm,1-68-44-45-8-5-69-91-74-16-50-51-26-55-13-67-88-79-60-89-29-46-57-71-78-96-86-32-56-92-52-95-58-76-54-38-84-63-25-70-15-11-43-39-93-61-18-65-20-31-99-2-21-87-37-64-23-98-7-33-24-22-59-42-47-73-49-100-90-48-83-3-72-94-41-17-9-12-62-85-30-34-28-53-6-66-10-77-81-4-19-82-14-35-27-75-80-36-40-97
Ta100x20,4,5,500,0.8875,0.025,9,2230409282,17000,6535,6306,6072,6.502735612,v2_avx512bw_vec32_exact_perm,1-68-91-44-51-16-55-67-8-84-60-45-69-74-86-78-5-29-92-88-71-57-52-50-58-98-38-54-26-32-89-46-96-23-76-70-25-99-56-72-13-22-95-15-31-79-41-61-63-59-43-2-18-12-9-77-93-65-87-64-21-35-100-20-34-11-49-37-4-90-39-94-66-3-24-7-48-83-27-85-80-42-62-53-10-47-82-33-30-81-28-73-6-19-36-14-17-40-75-97
Ta100x20,4,5,500,0.8875,0.025,10,2230410291,17000,6457,6306,6072,6.398080962,v2_avx512bw_vec32_exact_perm,1-68-91-44-45-74-88-67-16-57-69-51-5-86-46-71-55-29-58-8-50-56-89-98-52-92-84-64-70-60-95-43-25-26-3-47-93-78-96-79-38-99-59-15-63-49-77-22-54-12-34-61-72-23-100-87-24-18-48-13-32-66-41-35-7-33-42-83-65-90-11-73-53-28-94-39-31-76-21-85-30-37-9-6-2-4-19-82-62-20-27-14-81-10-17-75-80-36-40-97
Ta100x20,4,5,500,0.8875,0.05,1,2230401210,17000,6467,6306,6072,7.622294203,v2_avx512bw_vec32_exact_perm,1-68-44-45-5-60-65-51-67-50-8-70-74-69-91-16-56-71-55-46-84-88-54-29-86-92-35-3-57-96-52-98-99-58-31-22-25-26-95-32-89-9-64-38-93-43-47-63-87-7-18-48-78-23-12-77-79-49-13-33-76-15-59-90-20-42-100-2-39-61-11-72-94-83-41-24-21-37-28-10-73-82-17-85-66-6-62-81-14-30-4-53-19-34-27-75-80-36-40-97
Ta100x20,4,5,500,0.8875,0.05,2,2230402219,17000,6502,6306,6072,8.026941108,v2_avx512bw_vec32_exact_perm,1-69-68-44-74-8-5-45-29-88-79-16-60-26-51-70-89-91-56-49-71-50-96-55-46-67-84-78-28-86-58-43-52-38-99-23-22-41-98-76-57-63-54-12-93-25-24-13-3-31-11-65-15-92-72-64-18-48-87-47-32-77-95-61-39-42-34-83-7-100-2-4-59-9-85-37-90-21-53-33-6-36-75-81-66-19-94-73-20-35-30-10-82-14-62-27-80-17-40-97
Ta100x20,4,5,500,0.8875,0.05,3,2230403228,17000,6461,6306,6072,7.655034012,v2_avx512bw_vec32_exact_perm,1-68-45-60-67-29-44-91-5-51-69-16-74-56-58-88-86-8-38-71-79-70-64-96-50-89-98-15-46-84-52-26-43-78-12-57-76-65-7-92-49-54-83-17-100-95-13-63-41-25-32-9-93-48-22-55-18-72-99-39-3-42-24-31-23-61-87-11-94-47-37-28-62-2-81-20-6-85-35-21-4-19-53-73-90-59-33-36-10-77-66-34-30-14-27-75-82-80-40-97
Ta100x20,4,5,500,0.8875,0.05,4,2230404237,17000,6520,6306,6072,7.380614244,v2_avx512bw_vec32_exact_perm,1-68-51-44-45-60-5-79-88-69-8-91-29-67-95-46-74-50-56-23-57-38-26-71-92-54-43-55-86-76-70-16-84-49-87-31-18-22-3-99-58-65-89-78-13-52-9-25-96-32-41-61-48-64-63-39-98-100-15-12-93-77-20-72-59-6-73-94-37-21-34-47-90-24-2-4-62-7-66-28-11-85-42-35-53-83-10-75-30-33-14-81-36-27-82-80-19-17-40-97
Ta100x20,4,5,500,0.8875,0.05,5,2230405246,17000,6535,6306,6072,6.59189353,v2_avx512bw_vec32_exact_perm,1-68-44-8-67-69-45-74-46-71-5-91-57-60-79-29-86-88-50-92-16-38-98-99-51-43-56-77-76-25-61-63-28-95-58-52-22-89-70-64-96-15-13-26-78-7-54-55-18-84-23-49-37-41-24-35-21-87-31-100-65-32-11-9-3-2-72-39-93-94-53-12-59-20-81-4-90-66-42-6-85-83-10-47-36-30-73-48-75-82-34-19-33-14-27-62-80-17-40-97
Ta100x20,4,5,500,0.8875,0.05,6,2230406255,17000,6516,6306,6072,6.982402513,v2_avx512bw_vec32_exact_perm,1-68-44-8-5-91-16-51-60-29-45-55-86-69-26-57-46-74-23-67-92-56-50-84-96-88-78-89-52-25-12-98-43-7-58-49-71-31-70-100-9-38-76-61-99-54-87-13-15-63-64-79-72-33-95-93-4-2-22-41-32-18-73-35-65-28-90-59-47-11-53-48-85-21-3-20-94-37-39-6-14-17-62-66-30-24-77-36-10-27-42-82-83-19-81-34-75-80-40-97
Ta100x20,4,5,500,0.8875,0.05,7,2230407264,17000,6490,6306,6072,6.95742455,v2_avx512bw_vec32_exact_perm,1-69-68-91-8-60-44-74-79-5-56-86-57-46-45-26-92-16-84-29-88-78-67-70-71-98-51-38-13-64-89-87-99-52-77-41-3-24-58-63-65-25-54-96-32-95-15-18-93-48-43-76-47-12-22-100-7-42-37-36-31-39-49-35-20-23-11-50-55-61-83-28-90-2-59-4-73-72-17-9-85-94-21-6-82-34-75-53-66-19-30-14-10-81-33-27-80-62-40-97
Ta100x20,4,5,500,0.8875,0.05,8,2230408273,17000,6477,6306,6072,7.149788518,v2_avx512bw_vec32_exact_perm,1-68-44-45-8-74-5-69-91-71-67-46-55-92-60-86-56-12-43-88-50-16-58-99-84-29-78-64-41-26-23-2-87-79-95-38-25-98-89-76-61-52-51-15-70-54-57-96-90-63-93-49-17-33-24-3-31-83-65-100-7-18-22-47-21-42-13-35-77-37-59-32-9-85-39-72-53-73-28-94-48-11-34-81-82-6-30-10-14-20-19-4-66-75-62-27-80-36-40-97
Ta100x20,4,5,500,0.8875,0.05,9,2230409282,17000,6498,6306,6072,6.854385337,v2_avx512bw_vec32_exact_perm,1-68-44-45-5-60-8-69-74-46-86-91-67-79-29-65-92-78-88-16-57-50-3-51-64-98-89-15-43-70-25-26-52-71-38-63-2-84-58-77-56-72-61-95-49-12-96-54-93-59-24-87-13-11-22-23-33-41-55-7-94-32-39-18-76-99-62-100-28-83-42-31-20-21-66-9-90-4-35-85-37-19-48-47-82-34-14-30-73-10-75-6-53-81-27-80-36-17-40-97
Ta100x20,4,5,500,0.8875,0.05,10,2230410291,17000,6505,6306,6072,7.355395376,v2_avx512bw_vec32_exact_perm,1-68-44-29-45-67-64-57-60-8-74-46-51-5-69-86-38-91-61-26-56-23-54-43-79-50-98-12-92-78-63-96-55-15-89-52-71-84-58-70-95-93-28-99-18-88-16-87-76-11-31-7-13-25-59-49-65-2-62-48-32-22-77-90-39-41-20-66-72-35-81-47-85-83-33-3-24-21-100-82-42-37-6-4-9-94-73-75-14-30-27-19-34-10-53-80-36-17-40-97
Ta100x20,4,5,500,0.8875,0.075,1,2230401210,17000,6507,6306,6072,6.631622794,v2_avx512bw_vec32_exact_perm,1-68-91-44-45-67-79-8-86-29-51-5-38-69-60-26-74-56-13-95-16-89-88-57-71-70-96-58-52-98-92-61-50-23-46-54-64-55-22-49-15-12-43-78-3-90-41-99-100-47-63-87-94-25-32-84-59-76-93-77-73-72-2-28-39-48-18-21-65-7-11-35-31-42-34-83-20-24-37-85-6-30-4-9-66-75-19-53-33-10-81-80-62-14-27-36-82-17-40-97
Ta100x20,4,5,500,0.8875,0.075,2,2230402219,17000,6529,6306,6072,6.514738193,v2_avx512bw_vec32_exact_perm,68-44-45-8-60-74-69-5-29-1-65-92-91-95-56-46-88-64-86-57-89-84-51-50-67-55-71-24-58-13-78-96-63-31-35-18-98-11-38-48-99-23-43-25-52-54-22-26-41-61-59-72-93-12-15-3-87-70-32-37-49-81-47-39-42-20-79-53-77-34-62-2-33-16-9-73-90-21-7-100-28-75-80-4-66-76-94-85-10-19-83-82-30-6-27-36-14-17-40-97
Ta100x20,4,5,500,0.8875,0.075,3,2230403228,17000,6475,6306,6072,6.338176672,v2_avx512bw_vec32_exact_perm,1-68-44-8-45-74-69-5-64-88-16-29-57-60-92-70-46-71-79-50-3-13-91-56-89-58-38-26-99-67-54-87-15-51-9-25-86-83-98-78-65-63-55-95-52-96-76-77-23-22-42-84-93-43-32-12-7-24-2-11-6-17-18-72-41-59-49-100-90-48-61-81-39-47-4-20-73-82-10-28-37-62-31-85-94-21-53-66-19-14-34-35-33-30-27-75-80-36-40-97
Ta100x20,4,5,500,0.8875,0.075,4,2230404237,17000,6472,6306,6072,6.510866392,v2_avx512bw_vec32_exact_perm,1-68-67-45-60-44-29-74-5-69-91-86-26-64-51-38-57-50-52-70-71-56-46-8-58-84-43-41-22-92-96-55-78-95-87-99-25-7-16-89-63-100-21-61-77-23-79-15-54-88-31-30-18-32-28-76-93-3-72-98-11-12-24-42-13-49-48-90-33-35-65-83-6-4-10-47-94-37-66-2-62-14-39-53-59-82-9-85-73-19-20-34-27-17-81-75-80-36-40-97
Ta100x20,4,5,500,0.8875,0.075,5,2230405246,17000,6510,6306,6072,6.92194829,v2_avx512bw_vec32_exact_perm,1-68-44-5-91-8-74-79-45-29-16-67-51-57-52-50-26-69-56-32-72-25-46-58-23-70-92-84-55-89-78-38-7-88-99-63-71-49-96-15-43-54-87-86-12-100-93-60-21-41-11-59-61-24-13-95-31-28-39-98-18-77-47-76-37-9-65-2-20-22-66-64-85-48-34-35-19-90-3-42-94-53-6-73-83-80-81-4-62-10-33-17-82-30-14-40-75-36-27-97
Ta100x20,4,5,500,0.8875,0.075,6,2230406255,17000,6516,6306,6072,7.031163257,v2_avx512bw_vec32_exact_perm,1-68-44-74-45-5-8-88-69-60-91-29-38-51-16-46-99-86-98-12-55-67-92-50-57-11-23-43-56-70-89-58-71-95-25-15-26-52-22-28-96-2-54-77-7-84-78-72-87-76-61-63-13-64-42-18-41-59-79-32-39-3-37-24-49-93-94-100-65-21-48-36-31-83-90-47-66-34-81-17-85-6-62-4-9-53-35-33-30-20-82-19-14-10-73-27-75-80-40-97
Ta100x20,4,5,500,0.8875,0.075,7,2230407264,17000,6465,6306,6072,6.746758694,v2_avx512bw_vec32_exact_perm,1-60-68-44-45-91-74-29-69-8-5-57-38-46-86-51-67-71-79-16-56-54-52-26-84-63-55-41-92-88-96-70-61-12-95-78-50-3-13-87-25-15-58-76-99-43-98-23-77-89-18-24-64-32-49-93-9-59-65-34-39-21-100-72-42-7-48-37-22-28-11-33-47-31-73-66-94-85-4-90-53-20-2-83-10-35-6-82-19-75-30-14-62-81-27-36-80-17-40-97
Ta100x20,4,5,500,0.8875,0.075,8,2230408273,17000,6525,6306,6072,6.946644855,v2_avx512bw_vec32_exact_perm,1-68-51-91-44-69-50-8-45-15-58-60-57-5-46-92-86-64-71-67-88-70-74-12-29-56-26-96-78-38-76-41-43-84-25-77-65-63-89-95-18-99-3-98-54-32-59-13-79-93-47-35-22-52-24-31-87-55-23-30-7-73-9-49-16-21-61-37-94-11-85-100-2-83-90-72-39-42-20-48-81-66-19-33-62-28-53-4-34-6-14-10-82-75-80-27-36-17-40-97
Ta100x20,4,5,500,0.8875,0.075,9,2230409282,17000,6513,6306,6072,7.038269615,v2_avx512bw_vec32_exact_perm,1-68-44-74-60-45-8-5-69-57-86-50-29-55-91-9-46-52-38-56-71-88-16-99-63-51-87-93-92-25-43-58-23-79-13-18-84-65-11-95-54-49-31-100-39-67-3-2-76-70-22-94-72-47-77-89-42-12-78-7-98-15-32-37-61-28-90-73-34-96-85-83-26-66-41-24-30-21-59-64-33-20-4-62-48-53-82-35-14-19-6-36-27-10-17-75-81-80-40-97
Ta100x20,4,5,500,0.8875,0.075,10,2230410291,17000,6470,6306,6072,6.964667732,v2_avx512bw_vec32_exact_perm,1-68-5-91-50-69-74-60-44-57-96-65-92-67-45-51-70-46-84-29-78-86-88-26-52-56-71-38-55-43-93-63-79-15-18-23-98-8-58-89-3-17-87-99-54-16-28-25-61-31-11-32-7-2-95-33-12-35-22-13-64-20-94-76-72-85-24-21-47-41-53-39-49-48-90-59-37-9-77-82-42-81-30-62-4-14-83-100-66-6-34-19-10-27-73-75-80-36-40-97
Ta100x20,4,5,500,0.8875,0.1,1,2230401210,17000,6520,6306,6072,6.937785238,v2_avx512bw_vec32_exact_perm,1-68-44-29-91-51-8-45-67-60-74-94-69-5-71-38-84-70-88-26-16-56-99-32-13-50-43-57-79-23-52-46-15-58-96-89-25-95-7-41-78-22-98-76-55-61-3-24-86-28-63-65-11-54-64-77-47-48-87-92-39-30-49-9-90-18-72-93-2-12-35-100-59-73-21-4-20-81-62-85-53-66-83-34-42-14-31-37-6-33-75-10-36-27-80-82-19-17-40-97
Ta100x20,4,5,500,0.8875,0.1,2,2230402219,17000,6487,6306,6072,7.190452422,v2_avx512bw_vec32_exact_perm,1-69-8-44-74-70-86-57-67-5-60-65-51-45-71-98-16-64-56-84-46-29-96-50-91-55-89-59-88-26-92-43-78-95-18-58-99-15-23-32-13-31-79-93-90-47-22-49-54-100-12-38-87-7-21-25-61-9-63-35-42-77-11-48-39-72-76-28-3-33-83-52-24-85-82-19-20-66-37-14-41-53-34-73-68-27-62-94-2-17-81-30-4-6-10-75-80-36-40-97
Ta100x20,4,5,500,0.8875,0.1,3,2230403228,17000,6536,6306,6072,7.461486498,v2_avx512bw_vec32_exact_perm,1-68-44-29-74-60-8-5-67-70-91-46-98-51-45-69-86-71-23-16-57-88-84-2-50-52-41-43-3-56-38-7-26-55-100-99-54-78-92-65-96-76-95-25-49-47-72-58-93-32-12-15-18-4-85-90-13-9-89-87-22-64-63-77-31-48-66-61-37-59-36-21-73-28-42-39-20-79-53-35-11-30-19-83-81-27-82-34-33-6-17-24-94-80-62-14-75-10-40-97
Ta100x20,4,5,500,0.8875,0.1,4,2230404237,17000,6535,6306,6072,7.593354628,v2_avx512bw_vec32_exact_perm,1-68-91-8-45-60-29-74-67-44-5-69-87-23-58-46-26-57-86-51-79-15-84-98-52-89-71-88-96-78-16-64-38-92-56-95-50-13-22-55-77-70-54-25-7-43-76-32-18-63-3-20-94-99-72-65-100-21-85-34-59-6-37-93-24-47-49-12-31-61-73-48-28-90-42-53-39-30-41-83-35-62-2-10-4-36-14-11-9-81-33-82-66-80-27-19-17-40-75-97
Ta100x20,4,5,500,0.8875,0.1,5,2230405246,17000,6527,6306,6072,7.043149363,v2_avx512bw_vec32_exact_perm,1-68-91-44-45-69-60-29-5-67-51-8-74-52-89-92-46-70-57-16-86-26-78-58-38-96-25-64-84-56-50-88-77-98-49-94-79-13-12-23-71-63-76-99-87-28-95-3-11-72-93-59-47-22-54-18-43-53-15-4-31-55-41-32-2-37-33-39-100-90-61-65-9-85-7-20-30-36-24-83-21-82-35-42-75-48-19-6-34-66-10-81-73-62-14-27-80-17-40-97
Ta100x20,4,5,500,0.8875,0.1,6,2230406255,17000,6543,6306,6072,6.965966828,v2_avx512bw_vec32_exact_perm,1-68-5-60-91-8-44-69-74-92-45-46-29-26-67-88-16-57-51-58-86-71-98-56-53-64-84-79-38-95-70-89-15-52-11-43-99-63-77-25-96-93-13-100-55-42-3-50-18-72-49-7-23-87-22-78-28-73-61-47-21-2-12-34-65-24-39-48-32-94-31-37-62-20-59-90-33-66-41-4-35-6-83-80-9-76-75-36-27-54-81-85-10-19-14-82-17-30-40-97
Ta100x20,4,5,500,0.8875,0.1,7,2230407264,17000,6473,6306,6072,6.47841769,v2_avx512bw_vec32_exact_perm,1-68-45-44-69-74-91-8-5-60-29-23-64-57-67-71-86-96-89-50-98-15-55-72-58-56-25-51-70-24-32-52-63-26-3-47-31-95-78-88-46-100-9-54-84-13-76-16-30-18-99-92-93-41-65-87-43-79-77-7-39-28-21-37-73-42-59-22-49-11-90-35-94-2-61-12-83-20-53-38-66-85-17-4-6-62-10-33-48-19-14-34-82-75-81-27-80-36-40-97
Ta100x20,4,5,500,0.8875,0.1,8,2230408273,17000,6548,6306,6072,7.395004998,v2_avx512bw_vec32_exact_perm,1-68-91-74-45-51-69-60-67-8-16-5-46-76-92-38-58-56-29-99-96-26-18-25-3-70-50-89-52-84-86-71-35-43-44-73-57-64-77-88-55-65-63-32-28-95-22-31-78-23-87-24-79-13-54-98-59-12-49-61-15-41-66-39-33-21-2-93-72-4-7-42-37-9-6-85-90-48-34-62-20-81-11-53-100-14-94-47-80-19-36-27-83-82-17-30-10-75-40-97
Ta100x20,4,5,500,0.8875,0.1,9,2230409282,17000,6516,6306,6072,6.731878672,v2_avx512bw_vec32_exact_perm,1-68-44-74-60-5-69-45-91-67-29-51-26-8-46-92-99-88-50-16-25-86-96-76-98-71-70-48-53-52-58-89-79-59-55-32-78-57-56-84-31-38-93-65-49-63-77-95-3-21-18-22-24-72-23-13-43-61-7-41-54-15-87-34-12-28-39-64-11-35-90-10-4-37-42-94-36-9-20-2-73-100-47-83-6-85-62-66-14-33-81-17-30-19-27-82-75-80-40-97
Ta100x20,4,5,500,0.8875,0.1,10,2230410291,17000,6535,6306,6072,7.026458472,v2_avx512bw_vec32_exact_perm,1-68-91-44-29-69-8-16-5-45-57-74-55-50-60-92-46-51-58-67-26-56-89-79-15-63-32-77-86-71-95-13-99-31-98-12-93-96-70-18-38-76-9-41-43-88-65-84-33-49-7-2-52-78-22-64-61-54-39-87-36-90-66-4-72-100-42-53-37-28-82-3-21-23-6-48-11-25-34-83-94-19-24-73-85-47-35-75-81-59-20-30-10-14-27-62-80-17-40-97
Ta100x20,4,5,500,0.8875,0.125,1,2230401210,17000,6548,6306,6072,6.739648681,v2_avx512bw_vec32_exact_perm,1-60-8-16-69-5-50-74-76-91-45-67-51-92-44-70-88-79-57-29-46-93-26-78-28-86-22-55-54-32-56-38-3-12-52-43-63-71-98-96-58-49-25-84-59-89-99-73-41-42-95-11-7-2-35-47-100-65-23-87-64-81-61-34-15-18-33-83-9-90-85-72-13-36-10-31-94-48-21-77-24-4-37-66-20-82-75-30-80-39-68-53-6-19-62-14-27-17-40-97
Ta100x20,4,5,500,0.8875,0.125,2,2230402219,17000,6505,6306,6072,6.80903027,v2_avx512bw_vec32_exact_perm,1-68-60-8-45-44-74-69-5-50-67-15-29-71-16-56-91-38-64-13-99-86-58-89-92-88-57-98-12-84-25-51-46-26-43-31-79-61-9-63-55-83-52-3-42-65-70-32-100-23-54-95-93-72-87-90-41-22-78-96-18-39-2-4-81-11-24-53-47-59-49-21-66-85-77-7-76-28-34-82-62-6-20-19-94-37-73-48-30-17-10-14-35-27-75-33-80-36-40-97
Ta100x20,4,5,500,0.8875,0.125,3,2230403228,17000,6516,6306,6072,7.1105514,v2_avx512bw_vec32_exact_perm,1-69-45-68-44-8-16-60-29-67-65-5-88-50-46-57-56-71-74-63-15-92-86-84-64-58-38-96-13-54-89-52-78-17-51-43-41-99-93-25-98-55-79-7-47-18-12-87-28-26-2-73-22-91-31-95-76-72-23-70-4-49-77-53-61-90-32-11-59-34-24-36-33-39-20-48-9-35-3-37-19-21-6-94-81-82-66-75-85-42-83-100-30-10-14-62-27-80-40-97
Ta100x20,4,5,500,0.8875,0.125,4,2230404237,17000,6536,6306,6072,7.467365295,v2_avx512bw_vec32_exact_perm,1-68-5-44-29-38-45-8-60-76-32-91-79-74-57-86-50-69-84-52-46-63-54-95-56-35-26-16-43-23-67-92-88-58-98-41-51-96-70-12-89-99-25-3-94-15-31-87-71-78-72-93-61-11-18-2-28-13-22-64-55-24-49-83-48-21-65-59-39-100-37-7-42-47-85-34-53-66-75-9-6-20-27-4-19-77-90-33-73-36-82-81-30-14-10-62-80-17-40-97
Ta100x20,4,5,500,0.8875,0.125,5,2230405246,17000,6531,6306,6072,7.201834035,v2_avx512bw_vec32_exact_perm,68-5-44-74-45-8-69-60-67-71-64-50-52-86-56-92-95-57-29-54-91-51-58-38-84-78-89-100-70-77-16-96-63-88-1-65-79-43-46-12-87-25-9-98-2-61-15-26-23-18-99-32-21-7-93-39-31-76-41-20-47-13-59-3-35-55-49-22-72-24-11-37-28-94-30-90-4-6-62-48-85-42-53-83-73-81-10-14-34-33-19-66-82-75-27-80-36-17-40-97
Ta100x20,4,5,500,0.8875,0.125,6,2230406255,17000,6508,6306,6072,6.427648333,v2_avx512bw_vec32_exact_perm,1-60-8-44-91-16-74-23-29-88-69-45-84-68-67-51-50-38-52-98-56-63-5-89-79-71-54-26-31-64-32-57-86-41-61-70-15-48-58-93-92-99-46-78-3-18-55-39-43-85-47-95-28-21-65-25-7-77-13-22-9-11-96-72-19-66-76-87-24-73-42-100-94-4-83-33-49-81-59-35-20-62-12-2-34-6-37-53-10-90-75-30-27-80-82-36-14-17-40-97
Ta100x20,4,5,500,0.8875,0.125,7,2230407264,17000,6529,6306,6072,6.395781022,v2_avx512bw_vec32_exact_perm,1-68-44-29-8-5-16-45-67-74-60-86-91-92-69-95-51-46-55-56-89-50-25-70-98-71-99-88-31-63-84-43-58-65-52-23-38-26-11-2-57-28-39-78-93-79-54-15-18-61-96-32-64-13-22-59-77-21-76-7-66-41-47-100-49-72-3-48-90-83-24-34-87-12-33-37-36-85-10-4-19-20-73-94-30-81-35-53-6-42-75-9-17-82-14-27-80-62-40-97
Ta100x20,4,5,500,0.8875,0.125,8,2230408273,17000,6520,6306,6072,6.998052129,v2_avx512bw_vec32_exact_perm,1-68-44-29-45-8-91-5-50-98-88-23-26-74-60-78-16-46-25-51-96-69-71-57-49-95-13-31-67-58-54-55-86-89-38-61-7-84-92-56-79-87-47-93-15-43-64-18-21-76-63-70-42-52-41-99-37-34-90-12-48-2-100-22-11-4-28-65-39-3-66-83-85-24-32-94-53-30-73-20-9-72-14-35-59-75-33-80-62-81-77-82-10-6-36-27-19-17-40-97
Ta100x20,4,5,500,0.8875,0.125,9,2230409282,17000,6528,6306,6072,6.562800752,v2_avx512bw_vec32_exact_perm,1-68-44-5-8-60-79-74-45-88-64-50-78-51-56-29-57-69-46-65-84-31-16-58-23-96-98-86-91-25-70-99-26-71-38-33-49-92-7-43-95-13-53-52-87-76-15-93-72-67-12-63-35-89-100-77-20-24-41-18-61-28-37-55-59-54-85-48-22-3-11-42-66-83-39-62-2-6-94-21-32-90-36-9-4-47-30-10-75-82-14-81-73-34-80-27-19-17-40-97
Ta100x20,4,5,500,0.8875,0.125,10,2230410291,17000,6535,6306,6072,6.930113235,v2_avx512bw_vec32_exact_perm,1-68-44-8-65-5-45-88-60-29-46-74-67-92-57-51-58-69-38-26-86-16-13-91-84-56-48-78-64-95-54-61-41-70-98-49-79-71-99-76-52-3-18-63-96-50-32-2-89-25-24-39-47-37-87-31-83-93-7-23-42-59-15-43-22-11-94-35-55-12-34-90-4-73-36-28-53-100-9-85-77-30-72-21-27-80-62-20-82-66-81-10-17-33-6-19-14-40-75-97
Ta100x20,4,5,500,0.925,0.025,1,2230401210,17000,6500,6306,6072,7.359197298,v2_avx512bw_vec32_exact_perm,1-68-5-91-51-44-45-74-69-50-8-32-60-88-86-26-29-57-56-46-79-98-99-71-92-67-16-15-43-54-84-31-41-18-96-9-52-76-93-38-63-55-87-25-3-95-58-100-24-49-13-42-7-78-23-72-17-70-11-22-12-20-48-4-61-89-94-59-83-39-66-2-64-90-37-21-85-19-77-47-35-65-28-10-34-75-36-53-33-14-81-82-30-6-73-27-62-80-40-97
Ta100x20,4,5,500,0.925,0.025,2,2230402219,17000,6535,6306,6072,6.850766492,v2_avx512bw_vec32_exact_perm,1-68-44-8-45-74-5-69-60-50-91-51-67-29-71-46-86-98-38-58-89-57-52-84-88-16-55-78-92-56-3-65-41-96-54-93-63-95-99-100-26-70-28-49-72-87-15-23-32-25-79-24-61-43-22-47-2-39-7-11-13-12-48-31-64-53-18-76-66-35-21-4-59-37-83-42-19-85-10-36-94-73-9-90-20-82-77-6-34-75-33-30-14-81-27-62-80-17-40-97
Ta100x20,4,5,500,0.925,0.025,3,2230403228,17000,6514,6306,6072,6.98876344,v2_avx512bw_vec32_exact_perm,1-69-68-50-5-91-8-44-45-86-51-57-74-26-46-79-29-60-89-64-98-56-43-67-63-15-95-54-92-70-52-78-96-99-100-49-41-13-84-58-88-16-25-55-76-9-38-71-77-31-20-87-72-12-93-94-32-7-2-18-21-4-39-61-66-24-23-3-47-42-59-85-11-65-37-90-30-22-83-48-28-6-34-81-62-33-73-19-35-53-10-14-75-80-27-36-82-17-40-97
Ta100x20,4,5,500,0.925,0.025,4,2230404237,17000,6521,6306,6072,6.828383127,v2_avx512bw_vec32_exact_perm,1-68-44-8-60-74-91-67-46-45-57-86-69-16-5-51-88-23-54-98-50-95-29-89-58-92-26-78-65-38-13-71-70-93-56-63-41-11-96-52-99-18-84-87-15-43-83-31-72-22-79-25-32-90-37-7-12-3-2-61-76-28-55-73-24-94-39-85-100-36-77-75-49-47-21-4-34-20-64-35-9-6-53-42-48-19-59-14-10-62-66-81-33-17-82-30-27-80-40-97
Ta100x20,4,5,500,0.925,0.025,5,2230405246,17000,6525,6306,6072,7.334632475,v2_avx512bw_vec32_exact_perm,1-68-44-91-60-74-50-45-67-78-51-8-33-57-69-5-96-89-64-16-95-79-56-58-46-26-38-86-98-25-29-71-54-88-63-92-84-70-61-23-15-18-99-28-52-11-43-93-41-32-87-13-24-12-4-76-31-22-42-2-39-37-7-35-47-55-9-48-82-3-90-53-100-65-59-21-83-49-81-72-73-94-20-6-10-85-77-34-19-30-62-14-75-80-66-27-36-17-40-97
Ta100x20,4,5,500,0.925,0.025,6,2230406255,17000,6522,6306,6072,6.501502748,v2_avx512bw_vec32_exact_perm,1-68-44-45-8-67-60-78-74-69-86-92-5-88-99-91-55-50-16-57-43-58-51-56-29-64-26-89-49-87-63-23-71-46-38-96-94-79-32-84-2-93-54-70-41-15-65-11-12-52-98-18-95-35-7-25-76-22-61-48-24-83-13-31-21-39-3-47-42-59-37-66-72-28-77-85-90-33-100-9-82-4-20-6-62-14-53-30-81-73-19-75-34-10-27-80-36-17-40-97
Ta100x20,4,5,500,0.925,0.025,7,2230407264,17000,6464,6306,6072,6.684093836,v2_avx512bw_vec32_exact_perm,1-68-5-91-45-44-51-69-74-60-86-67-8-98-29-50-88-64-71-79-55-26-56-70-15-78-99-84-38-58-96-49-25-89-100-43-46-16-65-94-92-23-7-31-76-93-13-61-57-95-18-54-77-22-3-63-47-24-32-42-41-11-12-39-28-52-72-87-21-83-66-9-85-2-53-37-62-90-17-6-4-59-19-35-81-20-82-48-34-33-30-14-27-73-10-75-80-36-40-97
Ta100x20,4,5,500,0.925,0.025,8,2230408273,17000,6548,6306,6072,6.599075509,v2_avx512bw_vec32_exact_perm,1-68-44-8-29-5-16-15-45-26-74-69-91-88-50-46-60-79-58-56-57-92-84-51-78-93-86-98-71-47-70-32-18-76-67-55-89-28-65-63-43-96-64-38-41-54-25-13-99-3-95-52-12-61-49-9-94-33-48-31-87-7-22-23-72-2-11-59-20-39-90-83-21-35-6-24-37-36-100-4-53-80-19-77-42-30-82-62-85-81-17-27-14-34-73-66-10-75-40-97
Ta100x20,4,5,500,0.925,0.025,9,2230409282,17000,6514,6306,6072,6.846771957,v2_avx512bw_vec32_exact_perm,1-60-68-44-74-45-67-8-71-50-57-29-46-64-5-15-92-69-89-58-91-51-86-98-78-96-38-26-70-52-88-13-56-43-79-84-12-54-72-23-95-9-63-25-77-16-18-61-41-65-22-55-87-99-3-49-93-28-24-2-7-11-100-35-21-76-31-32-39-48-83-59-62-37-90-33-36-66-85-75-10-30-47-82-42-4-6-53-20-73-94-14-81-27-80-19-34-17-40-97
Ta100x20,4,5,500,0.925,0.025,10,2230410291,17000,6535,6306,6072,6.676131281,v2_avx512bw_vec32_exact_perm,1-68-91-44-45-67-51-98-60-69-74-92-46-5-8-56-100-71-16-29-86-57-50-58-23-84-88-52-26-89-38-70-31-49-65-63-99-79-55-78-93-3-39-43-96-77-18-95-25-15-12-22-2-54-32-28-61-21-76-87-7-64-36-47-24-85-66-48-72-94-41-37-11-59-20-42-13-10-90-83-35-82-19-34-73-9-6-33-30-4-62-27-81-14-53-80-17-40-75-97
Ta100x20,4,5,500,0.925,0.05,1,2230401210,17000,6506,6306,6072,6.633655187,v2_avx512bw_vec32_exact_perm,1-68-44-8-5-74-91-69-45-67-86-57-29-16-88-50-46-92-89-71-78-95-56-58-60-51-18-96-84-52-98-77-3-28-63-38-26-23-25-64-99-79-83-31-70-87-100-54-93-41-76-13-32-55-73-59-15-39-47-12-72-61-49-11-48-53-22-43-2-24-7-85-42-4-65-6-21-35-37-9-10-94-82-66-17-36-20-90-34-81-40-19-33-30-14-62-27-75-80-97
Ta100x20,4,5,500,0.925,0.05,2,2230402219,17000,6519,6306,6072,6.512587769,v2_avx512bw_vec32_exact_perm,1-68-44-45-8-91-16-74-26-69-5-57-60-79-86-29-58-46-98-23-51-71-88-50-56-92-89-65-55-7-12-25-67-13-54-38-52-77-3-84-95-64-9-87-70-41-100-63-15-73-78-93-96-18-43-76-72-32-24-49-22-28-21-42-37-31-48-61-99-94-11-59-83-33-90-53-6-85-47-34-4-66-35-20-19-2-82-62-81-39-30-10-14-75-36-27-80-17-40-97
Ta100x20,4,5,500,0.925,0.05,3,2230403228,17000,6517,6306,6072,6.693974634,v2_avx512bw_vec32_exact_perm,1-68-44-8-69-5-91-79-51-16-60-74-29-67-56-46-88-50-45-57-70-92-96-89-86-87-58-99-26-84-38-52-71-63-18-32-77-98-9-55-25-11-23-2-76-7-64-100-73-35-93-65-47-95-13-12-49-24-22-20-94-54-43-41-31-78-72-48-36-61-15-28-37-21-85-6-4-90-66-83-59-39-82-3-42-10-75-81-53-30-19-34-33-14-27-80-17-62-40-97
Ta100x20,4,5,500,0.925,0.05,4,2230404237,17000,6458,6306,6072,6.401499036,v2_avx512bw_vec32_exact_perm,1-68-44-8-45-67-5-51-69-91-46-15-86-57-74-92-60-43-29-99-16-23-38-84-56-70-77-72-95-52-7-26-78-24-96-63-58-98-88-41-89-65-25-11-79-13-22-55-76-47-71-35-50-87-32-54-21-31-93-59-18-49-48-9-12-6-37-61-3-28-20-64-85-83-39-34-100-73-90-33-10-2-53-19-94-81-42-17-82-62-4-66-30-14-27-75-80-36-40-97
Ta100x20,4,5,500,0.925,0.05,5,2230405246,17000,6477,6306,6072,6.79966208,v2_avx512bw_vec32_exact_perm,1-68-44-60-74-8-46-45-84-67-5-69-52-51-50-91-29-57-86-79-56-92-58-78-64-15-96-88-23-89-71-70-63-54-95-26-98-24-25-87-61-43-9-99-2-3-12-22-18-20-13-93-41-55-38-32-77-72-90-49-16-11-65-94-28-76-21-83-31-37-7-17-42-85-33-4-39-66-62-53-100-59-35-48-82-73-34-19-47-30-14-27-81-6-10-75-80-36-40-97
Ta100x20,4,5,500,0.925,0.05,6,2230406255,17000,6455,6306,6072,7.011317725,v2_avx512bw_vec32_exact_perm,1-68-44-91-45-5-60-51-74-69-67-77-29-38-88-50-57-84-71-79-15-86-92-43-46-8-16-95-23-56-100-70-99-25-54-64-58-89-78-3-87-31-24-26-93-63-41-98-13-76-18-28-83-37-52-11-96-55-21-47-59-35-2-61-39-7-33-32-19-48-90-49-62-72-12-20-94-9-66-6-85-17-42-81-4-53-30-14-22-10-65-82-34-73-27-75-80-36-40-97
Ta100x20,4,5,500,0.925,0.05,7,2230407264,17000,6525,6306,6072,7.082817244,v2_avx512bw_vec32_exact_perm,1-68-60-29-45-67-50-44-69-91-74-86-51-8-5-70-56-88-84-98-79-46-71-52-41-95-23-87-26-96-78-90-16-99-25-58-89-55-63-54-13-18-38-77-4-15-22-43-61-92-12-2-32-3-57-93-7-49-9-64-76-72-39-100-94-47-42-21-11-62-35-48-65-31-24-85-37-20-83-59-82-28-6-81-66-19-14-30-34-53-73-33-10-75-80-27-36-17-40-97
Ta100x20,4,5,500,0.925,0.05,8,2230408273,17000,6521,6306,6072,6.999470848,v2_avx512bw_vec32_exact_perm,1-68-5-91-44-8-60-74-29-16-50-69-57-23-86-96-45-51-67-52-70-56-64-98-84-71-13-95-92-46-99-55-89-58-88-77-87-41-76-38-26-25-18-79-20-43-93-22-28-15-39-61-47-7-54-3-63-65-78-90-32-24-11-72-49-31-53-85-21-94-100-2-73-59-4-12-36-33-9-66-37-19-42-35-48-83-82-30-17-6-27-62-14-34-75-80-81-10-40-97
Ta100x20,4,5,500,0.925,0.05,9,2230409282,17000,6520,6306,6072,6.948195564,v2_avx512bw_vec32_exact_perm,1-68-44-45-5-60-8-86-74-69-57-88-29-91-70-64-84-24-98-50-51-16-58-43-46-15-56-92-67-71-89-49-99-38-95-63-78-25-96-26-79-77-41-61-22-55-9-2-52-13-23-72-76-59-7-32-54-18-87-11-93-12-3-21-47-28-65-39-100-31-35-82-48-4-34-37-85-20-90-94-62-66-42-81-6-14-75-83-36-27-73-30-10-53-80-33-19-17-40-97
Ta100x20,4,5,500,0.925,0.05,10,2230410291,17000,6507,6306,6072,6.678921866,v2_avx512bw_vec32_exact_perm,1-68-44-91-16-8-45-74-69-60-51-5-57-96-29-98-86-99-67-89-46-92-52-55-15-54-22-41-84-26-88-50-95-25-11-56-78-64-38-32-58-2-12-63-77-13-23-61-49-18-43-70-47-87-93-59-71-31-76-7-9-100-66-4-65-28-48-90-35-39-21-42-3-83-37-85-72-20-94-6-24-10-81-73-62-19-36-79-17-27-30-53-14-75-34-33-82-80-40-97
Ta100x20,4,5,500,0.925,0.075,1,2230401210,17000,6484,6306,6072,6.802659495,v2_avx512bw_vec32_exact_perm,1-68-51-44-5-8-91-74-29-45-69-67-22-60-57-86-46-84-56-50-23-99-28-26-52-38-78-92-98-88-79-89-3-59-64-70-58-15-31-43-71-16-93-9-18-17-54-13-32-25-47-96-34-12-7-77-63-49-66-65-87-2-95-62-41-55-37-72-94-100-24-48-90-39-11-61-76-20-6-85-42-53-83-21-82-35-33-10-19-30-81-14-73-27-4-75-80-36-40-97
Ta100x20,4,5,500,0.925,0.075,2,2230402219,17000,6491,6306,6072,7.012053578,v2_avx512bw_vec32_exact_perm,1-68-44-5-91-51-69-46-65-23-45-16-74-60-8-79-29-84-88-76-89-57-26-92-86-38-52-50-3-56-71-25-77-13-95-43-12-63-67-66-93-58-99-87-64-47-32-70-98-18-31-78-37-15-24-61-59-54-94-22-41-55-7-100-21-11-2-49-96-35-83-90-33-53-39-4-82-62-81-48-19-20-14-28-85-30-73-17-42-34-6-72-10-75-9-27-80-36-40-97
Ta100x20,4,5,500,0.925,0.075,3,2230403228,17000,6533,6306,6072,6.516541551,v2_avx512bw_vec32_exact_perm,1-60-68-91-50-8-16-44-45-74-26-5-69-65-86-58-29-57-38-77-70-84-51-96-98-67-88-61-43-89-41-79-25-46-92-15-71-63-59-56-3-87-7-95-52-28-55-99-11-23-32-35-12-76-13-48-10-22-54-78-64-85-47-94-39-100-31-49-21-37-9-18-33-93-14-2-90-42-72-19-62-81-53-36-17-20-66-24-30-6-4-83-82-73-34-27-75-80-40-97
Ta100x20,4,5,500,0.925,0.075,4,2230404237,17000,6525,6306,6072,6.729384844,v2_avx512bw_vec32_exact_perm,1-68-44-45-60-74-91-29-26-69-67-8-16-86-65-5-88-51-46-55-84-79-50-58-96-70-61-56-92-38-52-71-95-63-13-49-41-77-99-98-89-12-22-15-43-93-54-64-25-18-57-3-87-35-78-23-7-76-39-2-11-21-37-28-24-32-47-100-59-20-90-94-66-85-72-30-73-9-33-62-81-31-14-4-82-6-83-53-42-48-10-19-34-75-80-27-36-17-40-97
Ta100x20,4,5,500,0.925,0.075,5,2230405246,17000,6497,6306,6072,6.741952516,v2_avx512bw_vec32_exact_perm,1-68-44-64-60-50-65-69-29-74-8-86-26-45-98-88-5-92-71-46-91-43-89-78-38-55-79-58-51-84-57-70-52-16-41-15-99-63-9-87-21-23-67-13-93-32-47-61-28-95-56-100-76-31-96-7-18-54-49-25-22-37-2-85-62-77-39-42-83-66-3-12-17-90-53-24-35-6-48-59-11-33-81-94-72-20-30-82-14-27-4-19-34-10-73-75-80-36-40-97
Ta100x20,4,5,500,0.925,0.075,6,2230406255,17000,6473,6306,6072,6.43722604,v2_avx512bw_vec32_exact_perm,1-69-91-50-8-74-16-57-86-12-60-5-45-87-89-51-96-46-88-58-98-70-54-43-44-52-23-71-29-38-26-49-56-84-92-78-99-64-25-79-67-18-77-15-2-95-9-93-55-22-33-7-63-32-3-28-39-76-59-61-81-72-42-65-48-11-47-31-100-83-66-13-62-90-85-24-37-41-21-68-53-17-94-6-20-4-35-30-10-82-19-14-27-73-34-75-80-36-40-97
Ta100x20,4,5,500,0.925,0.075,7,2230407264,17000,6536,6306,6072,6.629042814,v2_avx512bw_vec32_exact_perm,1-60-68-44-8-5-74-26-45-69-91-86-16-29-56-71-50-96-46-88-92-23-95-84-58-99-70-57-38-78-63-3-52-87-79-25-18-43-54-15-7-83-31-39-51-28-93-76-13-2-59-24-12-72-89-64-98-100-48-32-41-35-47-55-61-90-34-20-49-37-36-22-65-11-21-94-77-85-66-42-10-30-6-73-27-62-33-75-14-9-81-67-4-53-80-82-19-17-40-97
Ta100x20,4,5,500,0.925,0.075,8,2230408273,17000,6495,6306,6072,6.266343198,v2_avx512bw_vec32_exact_perm,1-68-44-8-5-79-69-16-88-60-74-51-45-55-56-46-58-29-38-89-71-84-70-86-91-92-26-57-47-67-11-52-54-25-77-63-43-76-22-50-32-95-18-78-65-87-93-41-13-15-96-61-3-98-64-59-9-37-12-99-48-42-72-7-21-33-66-23-85-49-73-94-24-39-90-100-28-53-2-83-4-6-20-30-19-62-35-82-31-10-81-17-34-27-14-75-80-36-40-97
Ta100x20,4,5,500,0.925,0.075,9,2230409282,17000,6484,6306,6072,6.309102293,v2_avx512bw_vec32_exact_perm,1-68-91-45-5-44-51-16-60-46-74-29-26-69-57-8-67-64-71-13-56-86-38-84-99-79-88-48-92-50-54-89-43-25-96-9-15-58-93-49-100-95-77-65-98-22-32-70-63-24-42-41-3-52-87-23-61-83-37-18-94-72-39-31-7-20-66-47-55-90-30-59-11-35-76-10-12-81-34-85-33-62-21-53-2-6-73-28-19-78-4-82-14-27-17-75-80-36-40-97
Ta100x20,4,5,500,0.925,0.075,10,2230410291,17000,6501,6306,6072,6.709495112,v2_avx512bw_vec32_exact_perm,1-68-44-45-8-69-46-16-74-5-92-88-60-67-51-38-91-29-89-86-56-50-77-7-15-55-58-34-57-52-71-96-43-64-25-95-98-26-84-99-54-49-76-79-9-63-23-2-12-65-93-22-72-78-59-13-11-4-41-100-70-90-48-42-83-28-32-61-47-37-18-31-87-3-24-85-62-21-94-35-66-53-39-30-20-10-75-33-82-14-81-19-6-73-27-36-80-17-40-97
Ta100x20,4,5,500,0.925,0.1,1,2230401210,17000,6530,6306,6072,6.548084643,v2_avx512bw_vec32_exact_perm,1-68-29-60-69-45-50-5-44-8-88-38-57-71-46-74-84-86-98-79-55-58-52-92-95-24-91-22-16-26-56-63-65-89-3-25-99-96-32-43-28-93-7-18-70-31-35-13-54-100-51-76-41-15-78-12-39-87-21-94-61-64-42-34-11-47-33-73-53-2-59-77-90-49-4-85-67-20-37-6-48-9-83-23-72-10-62-66-14-81-80-30-75-36-27-82-19-17-40-97
Ta100x20,4,5,500,0.925,0.1,2,2230402219,17000,6535,6306,6072,6.507826896,v2_avx512bw_vec32_exact_perm,1-68-92-91-44-60-79-46-67-8-15-45-88-95-74-69-5-51-57-99-71-70-16-65-50-56-38-89-3-86-29-78-25-54-63-26-13-98-52-28-84-96-58-77-7-18-32-23-24-87-64-34-22-55-12-43-93-39-94-2-41-76-21-72-11-48-100-37-31-42-61-47-85-35-90-49-75-4-59-20-36-66-9-81-33-10-53-19-30-73-6-83-14-80-62-27-82-17-40-97
Ta100x20,4,5,500,0.925,0.1,3,2230403228,17000,6527,6306,6072,6.233341055,v2_avx512bw_vec32_exact_perm,1-68-5-91-8-45-70-64-60-69-44-95-58-74-50-51-86-67-57-12-56-29-89-98-65-92-84-88-71-16-38-79-77-78-26-48-99-52-87-7-46-49-96-3-9-25-100-63-43-23-93-54-18-41-22-28-35-37-31-47-72-24-13-62-33-32-15-76-55-42-11-90-39-85-20-66-59-61-2-53-94-73-75-30-21-19-83-4-81-82-14-6-10-80-34-27-17-36-40-97
Ta100x20,4,5,500,0.925,0.1,4,2230404237,17000,6530,6306,6072,6.58942881,v2_avx512bw_vec32_exact_perm,1-68-5-8-16-44-45-67-60-86-91-69-32-55-74-71-51-95-29-50-57-92-79-26-52-56-89-46-41-63-76-38-84-15-98-11-25-88-99-61-28-58-96-77-22-23-43-54-12-65-3-78-70-2-93-13-18-87-39-100-59-31-7-47-94-49-21-72-42-37-90-73-48-19-75-20-64-36-83-9-66-35-85-24-33-34-82-6-53-4-30-10-14-62-81-27-80-17-40-97
Ta100x20,4,5,500,0.925,0.1,5,2230405246,17000,6542,6306,6072,6.446700088,v2_avx512bw_vec32_exact_perm,1-68-8-60-45-67-46-74-5-57-86-29-51-69-96-38-91-52-84-71-50-55-15-89-77-16-49-22-58-99-88-32-92-76-95-41-98-64-70-26-28-78-11-56-63-23-65-93-18-43-44-79-24-53-25-2-3-13-21-54-42-39-87-9-31-12-7-83-100-72-37-59-36-48-61-90-6-47-35-66-4-85-94-73-82-19-20-34-62-27-10-17-80-81-30-33-14-40-75-97
Ta100x20,4,5,500,0.925,0.1,6,2230406255,17000,6506,6306,6072,6.708782086,v2_avx512bw_vec32_exact_perm,1-68-91-44-45-50-29-69-5-74-60-8-67-92-86-46-23-55-26-98-78-52-84-70-15-3-99-57-58-88-16-96-95-64-38-7-56-25-71-51-100-22-28-72-59-77-34-87-12-63-47-32-89-53-79-18-13-43-76-49-21-54-48-37-24-61-9-85-39-65-66-41-2-6-31-93-62-35-20-19-42-4-94-73-82-11-83-33-30-90-14-10-75-81-27-36-80-17-40-97
Ta100x20,4,5,500,0.925,0.1,7,2230407264,17000,6530,6306,6072,6.525139755,v2_avx512bw_vec32_exact_perm,1-68-91-44-45-69-5-65-51-89-64-88-16-74-55-60-56-71-50-26-79-34-41-8-43-78-57-86-58-7-98-25-96-99-13-54-67-84-38-70-87-12-52-92-93-32-23-61-29-9-31-37-63-46-24-3-2-20-73-6-47-15-39-22-28-77-85-95-100-59-35-18-4-53-42-94-11-49-83-76-66-19-21-33-48-81-72-10-82-17-90-30-14-62-27-80-75-36-40-97
Ta100x20,4,5,500,0.925,0.1,8,2230408273,17000,6469,6306,6072,6.407039752,v2_avx512bw_vec32_exact_perm,1-60-68-44-8-74-45-67-29-5-16-69-15-71-56-77-84-79-88-50-38-51-86-91-57-95-89-52-63-70-31-87-23-26-61-46-54-25-100-22-92-98-55-58-12-43-24-7-49-96-78-76-93-32-9-39-18-59-13-11-35-90-48-21-3-83-65-72-28-41-66-99-2-64-62-33-19-42-94-47-4-37-53-20-85-6-81-17-30-10-82-34-27-73-14-75-80-36-40-97
Ta100x20,4,5,500,0.925,0.1,9,2230409282,17000,6480,6306,6072,6.394396537,v2_avx512bw_vec32_exact_perm,1-68-91-44-92-60-8-69-45-5-88-71-50-57-100-29-67-74-64-86-26-78-46-15-58-51-70-38-52-54-56-89-13-99-63-87-11-84-43-25-28-76-7-16-41-98-49-22-35-93-79-65-31-3-18-96-24-39-34-23-61-12-55-2-95-47-59-37-42-9-53-21-77-72-66-32-85-90-20-4-94-73-48-30-62-33-83-6-19-81-82-17-14-27-10-75-80-36-40-97
Ta100x20,4,5,500,0.925,0.1,10,2230410291,17000,6535,6306,6072,6.644156038,v2_avx512bw_vec32_exact_perm,1-68-44-91-74-29-5-51-69-67-8-45-56-60-16-46-57-15-55-50-86-88-71-3-99-28-26-84-96-98-12-18-87-78-79-93-20-92-38-49-58-76-54-63-37-25-89-32-41-13-70-52-95-72-23-47-7-22-48-100-30-59-43-39-77-62-42-2-81-73-66-90-65-31-53-24-35-21-64-61-34-6-14-19-10-33-83-85-11-9-94-4-80-82-17-27-36-40-75-97
Ta100x20,4,5,500,0.925,0.125,1,2230401210,17000,6536,6306,6072,7.143914639,v2_avx512bw_vec32_exact_perm,1-68-50-45-44-74-5-60-69-79-86-67-51-76-38-57-46-8-56-26-92-52-88-84-99-89-43-63-11-96-12-16-28-71-29-70-32-78-25-91-3-58-72-48-53-64-22-15-98-100-41-65-97-54-39-2-93-21-59-87-31-61-13-37-7-47-24-77-49-34-35-83-23-55-85-4-95-94-90-73-18-20-42-6-62-36-27-81-19-9-33-30-14-75-10-17-82-66-80-40
Ta100x20,4,5,500,0.925,0.125,2,2230402219,17000,6522,6306,6072,6.341483402,v2_avx512bw_vec32_exact_perm,1-60-68-8-5-92-29-45-69-78-64-67-74-88-50-56-84-55-46-99-3-71-28-91-86-15-38-26-16-63-44-51-89-79-43-57-52-65-96-93-54-23-70-25-47-98-95-58-7-12-100-61-87-31-11-34-32-48-18-49-13-77-39-94-90-41-76-2-59-22-21-24-10-9-72-66-37-83-6-35-36-73-27-42-4-33-14-62-81-80-75-20-85-53-30-19-17-82-40-97
Ta100x20,4,5,500,0.925,0.125,3,2230403228,17000,6511,6306,6072,6.248351537,v2_avx512bw_vec32_exact_perm,1-68-60-44-8-74-5-45-69-46-64-91-51-87-89-50-23-71-57-16-78-56-67-26-29-25-79-86-95-58-98-77-7-55-84-34-41-38-99-70-52-12-54-48-43-72-63-88-92-18-24-76-32-61-13-9-15-21-96-49-85-31-65-93-94-22-47-2-100-39-11-90-42-27-37-59-36-28-83-35-4-3-66-19-82-75-20-6-73-30-10-53-33-14-62-81-80-17-40-97
Ta100x20,4,5,500,0.925,0.125,4,2230404237,17000,6487,6306,6072,6.969038938,v2_avx512bw_vec32_exact_perm,1-60-8-74-5-69-50-51-98-29-46-71-43-44-92-45-91-95-86-55-38-18-57-88-84-26-96-52-70-56-61-16-63-87-67-31-23-77-79-76-90-58-35-99-41-48-54-25-20-32-9-13-65-85-11-66-37-78-22-89-12-49-21-15-93-64-39-2-33-7-59-24-3-72-4-6-34-53-19-28-100-42-82-47-94-83-73-17-30-10-68-81-62-14-27-75-80-36-40-97
Ta100x20,4,5,500,0.925,0.125,5,2230405246,17000,6548,6306,6072,6.24241584,v2_avx512bw_vec32_exact_perm,1-68-44-8-5-16-69-74-45-67-26-92-89-70-91-65-38-71-77-29-86-46-55-51-60-13-25-88-15-11-78-95-93-56-57-84-52-50-96-79-54-31-2-22-63-37-42-3-99-98-64-20-48-58-87-39-23-72-59-7-32-35-12-61-43-18-90-41-76-24-49-47-85-62-30-100-28-21-82-83-94-4-19-81-14-33-66-53-9-34-75-6-80-73-10-36-27-17-40-97
Ta100x20,4,5,500,0.925,0.125,6,2230406255,17000,6511,6306,6072,6.517764734,v2_avx512bw_vec32_exact_perm,1-68-91-44-69-74-51-23-45-67-29-60-50-8-57-5-79-56-46-94-88-55-22-25-26-16-41-52-86-54-13-92-58-84-63-96-95-70-77-71-15-64-98-12-2-7-87-19-93-47-38-28-43-39-11-59-99-33-89-78-3-31-76-37-24-73-65-72-18-21-9-49-32-4-90-20-53-42-61-14-81-100-35-83-10-48-66-85-30-6-34-75-80-62-27-36-82-17-40-97
Ta100x20,4,5,500,0.925,0.125,7,2230407264,17000,6553,6306,6072,6.68338626,v2_avx512bw_vec32_exact_perm,1-68-44-69-46-91-29-5-74-60-92-89-86-16-88-38-33-67-45-50-95-79-23-65-26-25-56-58-70-43-13-93-49-99-54-51-98-57-3-34-48-18-76-71-22-52-84-24-12-96-41-77-32-59-35-63-7-87-90-55-15-20-8-39-78-61-2-11-62-21-28-4-72-37-31-66-81-47-36-64-14-53-6-100-9-85-30-73-42-10-83-94-19-82-27-17-75-80-40-97
Ta100x20,4,5,500,0.925,0.125,8,2230408273,17000,6501,6306,6072,6.316126484,v2_avx512bw_vec32_exact_perm,1-60-8-68-44-74-45-13-69-52-58-98-5-38-71-46-89-92-64-57-88-86-50-32-91-93-26-31-55-76-70-18-54-51-11-65-78-28-23-3-33-56-99-22-49-41-43-2-95-77-96-24-25-73-12-61-7-37-20-48-16-79-29-67-42-47-100-63-87-9-84-34-4-72-15-90-39-30-35-21-53-59-66-83-6-62-85-94-82-14-27-17-19-81-75-36-80-10-40-97
Ta100x20,4,5,500,0.925,0.125,9,2230409282,17000,6522,6306,6072,6.555826153,v2_avx512bw_vec32_exact_perm,1-68-60-8-5-45-69-44-70-46-71-38-74-65-79-16-91-86-58-64-51-57-98-89-26-55-43-29-88-52-56-41-50-78-3-63-84-2-25-67-92-87-96-54-95-93-99-12-20-61-90-31-21-77-49-15-48-32-39-28-11-13-76-22-100-23-35-18-47-42-37-72-59-83-73-81-36-85-24-7-66-6-53-4-82-94-10-19-17-30-14-34-62-33-9-40-75-80-27-97
Ta100x20,4,5,500,0.925,0.125,10,2230410291,17000,6540,6306,6072,6.537944773,v2_avx512bw_vec32_exact_perm,1-51-69-68-91-5-65-44-92-60-8-79-88-50-74-38-26-70-45-78-56-71-43-98-86-15-84-29-58-63-57-25-93-96-41-95-87-22-46-32-99-23-52-18-54-31-3-89-35-39-61-55-48-67-11-28-21-16-77-59-49-73-13-7-72-64-10-24-42-85-12-2-47-6-83-37-76-9-36-20-82-4-66-90-34-53-94-19-17-100-30-62-81-33-14-40-80-27-75-97
Ta100x20,4,5,500,0.9625,0.025,1,2230401210,17000,6520,6306,6072,6.678401132,v2_avx512bw_vec32_exact_perm,1-68-44-8-29-5-16-26-69-89-79-88-45-91-86-57-50-92-60-74-52-96-55-95-51-56-46-71-58-64-84-2-98-70-61-18-12-54-93-22-3-31-38-76-63-73-87-67-59-15-99-23-39-25-77-32-13-49-72-11-28-24-7-41-65-43-35-100-78-48-21-94-37-85-90-9-6-33-4-34-81-47-42-53-62-30-75-83-36-14-20-80-66-10-27-82-19-17-40-97
Ta100x20,4,5,500,0.9625,0.025,2,2230402219,17000,6535,6306,6072,6.665227672,v2_avx512bw_vec32_exact_perm,1-68-44-45-8-16-5-69-74-29-60-91-67-64-56-95-51-58-98-86-57-71-79-88-50-55-96-46-89-52-15-92-70-99-32-26-2-25-76-78-94-93-38-63-12-43-7-23-49-87-65-22-72-54-84-41-59-100-31-77-9-3-21-35-37-13-85-48-18-24-4-53-39-11-19-42-83-66-47-34-10-61-28-81-73-90-36-75-6-33-20-30-27-82-14-62-80-17-40-97
Ta100x20,4,5,500,0.9625,0.025,3,2230403228,17000,6516,6306,6072,6.927414939,v2_avx512bw_vec32_exact_perm,1-60-8-45-50-74-69-5-29-32-56-92-46-38-67-70-78-91-84-71-86-16-26-57-88-51-52-96-28-65-25-3-79-89-77-58-98-13-95-59-12-31-22-99-43-44-41-76-72-11-63-54-93-15-55-2-23-18-35-49-87-61-47-7-100-24-20-34-39-33-48-21-90-62-42-37-66-9-85-94-64-4-36-68-30-14-53-81-17-83-82-6-19-10-73-27-75-80-40-97
Ta100x20,4,5,500,0.9625,0.025,4,2230404237,17000,6520,6306,6072,7.484320957,v2_avx512bw_vec32_exact_perm,1-60-8-44-45-74-5-69-64-29-88-50-67-71-51-46-98-15-38-26-91-86-16-96-84-55-52-92-61-56-41-57-43-25-78-47-76-95-87-23-70-63-68-22-79-89-3-58-32-35-99-48-12-28-100-13-59-11-54-72-93-7-31-49-18-77-21-42-62-4-65-2-94-73-39-24-53-34-83-37-14-10-90-20-66-33-81-9-85-30-75-80-6-36-27-82-19-17-40-97
Ta100x20,4,5,500,0.9625,0.025,5,2230405246,17000,6535,6306,6072,7.683431845,v2_avx512bw_vec32_exact_perm,1-68-44-8-5-69-45-67-74-91-58-29-60-89-86-98-92-79-38-46-88-55-51-56-84-70-16-57-52-71-50-23-43-7-15-59-76-26-99-20-22-63-77-54-96-95-25-93-78-64-31-65-87-12-3-13-49-33-72-61-2-41-48-39-66-47-9-37-18-85-32-4-24-28-100-6-53-90-73-42-30-81-34-62-21-94-14-17-19-11-83-82-35-27-10-80-36-40-75-97
Ta100x20,4,5,500,0.9625,0.025,6,2230406255,17000,6520,6306,6072,8.467414418,v2_avx512bw_vec32_exact_perm,1-68-44-8-45-74-5-60-29-69-67-91-78-86-31-98-88-46-23-16-3-57-25-92-43-63-38-71-95-52-56-26-50-89-51-65-15-96-58-84-70-41-24-93-12-77-87-55-32-54-22-64-2-18-76-49-99-94-13-9-61-21-39-72-100-79-11-28-20-34-73-83-7-66-59-48-90-53-35-42-37-33-85-47-6-82-81-4-14-10-30-75-62-80-36-27-19-17-40-97
Ta100x20,4,5,500,0.9625,0.025,7,2230407264,17000,6480,6306,6072,8.49122493,v2_avx512bw_vec32_exact_perm,1-68-44-5-74-60-51-67-29-50-91-58-57-69-45-86-64-92-98-8-95-56-54-71-16-15-88-70-94-22-100-4-46-87-84-52-63-32-43-38-78-89-96-99-11-18-76-77-65-13-55-7-23-26-90-25-28-3-47-72-37-31-20-39-61-49-41-2-85-93-79-33-73-9-48-34-24-6-21-12-59-42-53-62-81-30-17-19-35-14-27-10-36-66-83-75-82-80-40-97
Ta100x20,4,5,500,0.9625,0.025,8,2230408273,17000,6483,6306,6072,8.304574987,v2_avx512bw_vec32_exact_perm,1-68-44-5-29-60-51-45-57-67-8-50-91-74-69-86-88-46-55-71-79-26-56-78-65-92-58-64-38-84-89-98-54-70-43-96-22-23-52-93-49-24-61-99-15-16-48-76-25-12-87-77-95-28-63-73-20-13-7-31-21-37-32-59-11-72-35-100-90-41-30-18-39-2-4-47-62-85-66-94-3-9-27-42-53-14-17-81-19-33-34-6-83-10-82-75-80-36-40-97
Ta100x20,4,5,500,0.9625,0.025,9,2230409282,17000,6485,6306,6072,8.456626296,v2_avx512bw_vec32_exact_perm,1-68-44-8-5-60-45-50-89-91-69-74-16-29-79-86-51-96-98-26-57-46-56-52-88-71-70-84-77-92-78-67-43-23-25-38-58-64-95-87-61-7-41-32-15-55-59-54-63-31-18-93-3-99-2-13-65-47-39-76-22-11-24-72-94-83-85-12-100-28-4-73-49-66-62-90-20-37-35-21-6-48-9-42-53-34-81-33-19-17-10-30-27-82-14-75-80-36-40-97
Ta100x20,4,5,500,0.9625,0.025,10,2230410291,17000,6534,6306,6072,8.762227028,v2_avx512bw_vec32_exact_perm,1-68-91-8-44-45-60-5-69-74-16-92-84-76-29-79-88-15-50-70-51-56-86-58-55-71-43-52-89-26-98-67-78-96-31-38-46-7-95-25-54-94-87-12-61-13-35-64-41-18-3-63-32-59-99-47-93-2-23-65-11-73-85-49-22-9-21-100-53-39-66-48-42-57-72-34-4-20-90-82-77-19-33-83-6-24-28-37-81-10-75-36-30-14-27-80-17-40-62-97
Ta100x20,4,5,500,0.9625,0.05,1,2230401210,17000,6522,6306,6072,7.485256119,v2_avx512bw_vec32_exact_perm,1-68-44-69-8-45-5-38-74-60-64-16-86-67-29-56-50-99-58-26-43-96-15-71-98-78-92-89-93-91-22-52-41-77-57-13-95-51-70-46-25-84-88-32-2-18-63-76-79-54-3-11-87-24-49-65-55-23-61-47-12-48-66-72-7-31-10-94-21-37-100-39-59-85-28-9-35-6-4-36-62-90-20-81-17-73-42-30-27-53-82-19-33-14-34-83-75-80-40-97
Ta100x20,4,5,500,0.9625,0.05,2,2230402219,17000,6525,6306,6072,7.578807123,v2_avx512bw_vec32_exact_perm,1-68-44-8-45-5-60-74-51-67-69-91-29-46-64-86-57-61-54-15-26-23-43-78-16-88-58-55-79-93-56-96-38-70-71-92-50-95-99-87-52-84-76-25-49-98-22-89-48-18-12-41-83-85-90-31-72-32-63-47-9-24-13-11-100-3-21-2-35-4-82-77-33-37-42-62-66-59-7-94-39-65-20-34-73-75-28-53-80-81-30-6-14-10-19-27-36-17-40-97
Ta100x20,4,5,500,0.9625,0.05,3,2230403228,17000,6516,6306,6072,7.4445456,v2_avx512bw_vec32_exact_perm,1-68-51-69-8-74-5-29-26-100-50-46-92-60-91-44-88-57-89-52-86-98-71-38-16-25-24-49-67-84-95-23-56-93-96-55-61-41-65-15-43-99-20-31-63-77-70-13-78-79-76-58-39-42-7-12-54-18-21-17-11-2-3-37-22-45-64-87-53-4-59-32-47-62-90-28-94-36-10-82-35-48-81-19-34-33-9-72-83-66-85-6-30-14-73-27-75-80-40-97
Ta100x20,4,5,500,0.9625,0.05,4,2230404237,17000,6525,6306,6072,7.5861521,v2_avx512bw_vec32_exact_perm,1-68-91-29-44-74-51-69-60-8-5-67-23-46-77-71-79-86-58-55-50-88-57-16-25-12-92-96-13-70-56-84-26-52-98-54-38-22-95-43-15-49-7-78-76-18-99-64-2-32-41-87-72-37-24-61-21-28-93-33-100-63-73-89-59-20-11-31-6-94-45-3-39-4-47-35-90-48-82-66-85-62-53-83-42-19-34-65-14-9-81-30-75-10-80-27-36-17-40-97
Ta100x20,4,5,500,0.9625,0.05,5,2230405246,17000,6534,6306,6072,6.888013741,v2_avx512bw_vec32_exact_perm,1-68-5-45-91-44-60-74-50-69-51-8-70-71-38-89-29-56-98-86-64-46-57-26-92-79-88-55-23-67-41-78-36-84-52-99-54-95-63-35-96-16-25-58-31-87-49-93-2-13-94-15-32-77-21-37-76-7-65-12-72-18-24-43-39-3-59-47-22-11-85-83-100-9-66-53-4-48-75-6-61-42-10-28-73-20-90-30-34-81-82-19-14-27-62-33-80-17-40-97
Ta100x20,4,5,500,0.9625,0.05,6,2230406255,17000,6546,6306,6072,6.832437957,v2_avx512bw_vec32_exact_perm,1-60-68-44-29-23-5-8-74-69-52-56-71-57-86-26-45-78-67-79-46-91-16-58-92-41-43-99-59-32-63-95-22-55-88-15-84-77-98-12-93-38-51-89-3-39-28-87-49-54-7-13-25-4-64-11-96-33-70-65-2-48-90-61-100-21-76-85-72-31-50-37-18-9-6-42-35-24-20-36-83-17-19-75-94-82-47-73-81-62-34-30-53-80-14-66-10-27-40-97
Ta100x20,4,5,500,0.9625,0.05,7,2230407264,17000,6483,6306,6072,6.656013387,v2_avx512bw_vec32_exact_perm,1-68-44-8-45-67-5-69-51-60-74-91-29-86-46-98-16-79-58-12-38-26-56-92-23-89-88-63-84-54-87-71-43-64-25-95-15-22-24-48-41-52-57-32-70-13-99-93-28-7-100-11-61-96-2-49-76-37-20-55-50-78-21-90-47-59-65-4-33-39-14-73-9-3-35-10-31-85-18-66-72-53-62-77-81-42-94-82-34-6-17-30-19-83-27-75-80-36-40-97
Ta100x20,4,5,500,0.9625,0.05,8,2230408273,17000,6525,6306,6072,6.564930032,v2_avx512bw_vec32_exact_perm,1-68-44-45-69-8-51-5-79-91-50-29-88-23-74-26-57-60-38-89-58-98-46-71-86-52-87-92-7-94-96-95-67-84-24-64-77-70-55-56-43-12-35-9-99-25-63-32-93-16-49-18-31-41-3-4-22-65-11-72-48-2-54-15-78-42-62-13-21-100-76-39-59-85-90-34-53-83-6-37-66-47-61-80-75-33-20-81-82-73-28-30-14-10-19-27-36-17-40-97
Ta100x20,4,5,500,0.9625,0.05,9,2230409282,17000,6535,6306,6072,7.225735826,v2_avx512bw_vec32_exact_perm,1-68-44-69-8-45-5-16-74-79-26-51-46-60-56-92-50-91-89-58-84-29-70-57-86-52-98-15-32-38-24-67-88-96-13-95-71-63-77-76-25-3-9-23-87-54-55-22-64-78-99-31-7-17-18-43-49-94-48-65-93-62-28-6-4-100-12-11-72-90-39-61-83-47-20-85-73-59-37-41-2-82-30-19-42-81-34-21-10-66-14-33-27-53-35-80-36-40-75-97
Ta100x20,4,5,500,0.9625,0.05,10,2230410291,17000,6522,6306,6072,6.793420846,v2_avx512bw_vec32_exact_perm,1-68-91-74-60-44-57-45-5-67-69-86-79-8-38-50-51-56-26-16-71-64-58-29-92-99-78-15-88-84-63-54-65-95-41-89-98-77-55-70-46-25-96-12-43-9-93-49-52-87-39-7-83-100-4-22-59-23-28-11-18-3-76-2-24-61-42-31-33-13-21-35-73-32-47-6-94-72-48-34-53-37-90-82-10-85-20-19-75-30-14-62-66-27-81-36-80-17-40-97
Ta100x20,4,5,500,0.9625,0.075,1,2230401210,17000,6542,6306,6072,7.157651323,v2_avx512bw_vec32_exact_perm,1-68-45-29-60-44-5-69-74-91-99-64-67-98-86-88-8-15-89-51-95-46-96-16-71-56-52-58-41-76-79-70-50-63-92-87-55-23-25-38-32-78-93-26-77-43-7-12-54-2-84-39-3-65-28-22-11-61-48-13-57-90-100-18-35-37-42-9-21-31-72-66-24-85-33-53-59-10-62-49-20-6-47-82-83-94-4-34-81-73-75-80-36-30-14-27-19-17-40-97
Ta100x20,4,5,500,0.9625,0.075,2,2230402219,17000,6482,6306,6072,6.992762712,v2_avx512bw_vec32_exact_perm,1-68-45-5-67-91-44-74-16-69-88-23-29-60-52-46-86-96-38-57-61-26-89-8-50-84-15-79-51-56-99-49-95-98-71-58-25-70-92-64-78-54-87-22-12-65-18-43-3-31-94-41-55-76-83-7-42-93-32-28-63-59-11-13-77-37-17-100-90-24-2-20-39-85-21-9-6-62-34-53-47-19-33-81-66-48-82-72-4-30-14-10-35-27-73-75-80-36-40-97
Ta100x20,4,5,500,0.9625,0.075,3,2230403228,17000,6530,6306,6072,6.615172599,v2_avx512bw_vec32_exact_perm,1-68-91-44-74-5-60-69-51-8-86-67-15-95-46-57-29-54-84-64-50-23-38-56-71-70-32-16-98-88-99-92-96-89-52-45-7-58-42-77-48-2-18-43-76-13-26-65-22-25-3-93-41-79-12-49-87-100-61-83-78-55-11-21-90-24-31-63-47-85-35-62-28-20-14-72-4-73-94-37-66-81-39-6-59-53-10-9-34-33-17-27-82-80-30-19-75-36-40-97
Ta100x20,4,5,500,0.9625,0.075,4,2230404237,17000,6520,6306,6072,6.918045521,v2_avx512bw_vec32_exact_perm,1-68-51-67-60-8-44-29-91-5-45-74-69-92-46-57-86-52-38-63-84-11-78-76-56-26-16-50-43-64-70-71-54-89-13-99-96-41-79-15-88-58-32-77-95-25-22-61-98-18-65-55-49-93-3-2-31-7-39-35-12-47-20-62-23-100-87-72-28-59-21-42-48-37-4-66-94-9-53-81-30-6-34-83-85-90-73-75-14-10-33-24-36-80-27-82-19-17-40-97
Ta100x20,4,5,500,0.9625,0.075,5,2230405246,17000,6518,6306,6072,6.766039826,v2_avx512bw_vec32_exact_perm,1-68-44-91-74-5-57-16-45-50-15-67-29-56-46-51-86-92-8-60-88-79-26-69-78-25-84-52-71-95-89-98-38-64-58-99-3-87-9-49-7-55-43-96-47-70-77-76-41-93-63-18-32-72-59-54-23-100-22-65-24-90-94-20-61-39-21-73-2-11-12-48-34-66-17-28-42-31-85-83-37-19-13-53-81-4-30-35-82-6-62-27-33-14-10-75-80-36-40-97
Ta100x20,4,5,500,0.9625,0.075,6,2230406255,17000,6512,6306,6072,6.733317908,v2_avx512bw_vec32_exact_perm,1-68-91-45-5-50-44-51-74-55-16-56-67-29-38-8-69-92-64-60-46-84-89-58-88-86-98-78-95-52-26-41-71-25-96-23-54-22-43-87-61-77-18-99-12-70-94-79-63-3-15-59-11-24-65-2-13-76-47-93-7-31-32-49-72-85-39-28-37-73-21-42-83-48-30-9-90-20-4-75-100-36-19-66-35-82-62-81-14-33-57-27-6-53-10-80-34-17-40-97
Ta100x20,4,5,500,0.9625,0.075,7,2230407264,17000,6536,6306,6072,6.811307839,v2_avx512bw_vec32_exact_perm,1-68-44-45-8-74-70-56-58-5-71-69-38-26-46-64-65-23-92-50-88-89-16-57-78-86-12-3-29-79-91-96-84-52-48-60-67-95-87-63-43-99-59-25-93-31-32-20-13-49-61-18-39-2-41-21-55-22-77-37-76-7-35-47-98-9-73-51-24-100-42-72-85-15-54-34-62-66-90-28-4-10-33-82-81-11-53-83-6-94-17-14-75-30-80-19-27-36-40-97
Ta100x20,4,5,500,0.9625,0.075,8,2230408273,17000,6535,6306,6072,6.819197799,v2_avx512bw_vec32_exact_perm,1-60-68-50-67-91-8-16-29-44-46-51-88-69-45-74-56-23-26-71-98-84-89-38-86-70-58-52-92-96-24-43-15-57-79-22-25-12-95-63-78-72-18-77-5-32-7-61-54-87-55-76-41-100-93-13-48-65-64-9-21-33-28-59-3-85-99-4-53-39-31-11-2-37-49-62-42-81-20-90-73-47-66-35-6-83-27-36-75-80-34-94-10-19-82-30-14-17-40-97
Ta100x20,4,5,500,0.9625,0.075,9,2230409282,17000,6521,6306,6072,6.592154803,v2_avx512bw_vec32_exact_perm,1-68-44-16-60-5-8-89-45-88-91-74-50-67-3-51-57-52-69-29-56-86-79-26-46-71-22-98-92-99-95-76-77-96-43-84-78-87-25-23-38-58-49-64-41-55-70-37-47-7-13-54-100-59-2-15-90-18-61-39-32-66-11-4-93-63-24-28-73-85-83-72-12-42-48-62-36-35-33-65-53-31-21-9-10-75-30-14-6-81-20-94-82-80-34-27-19-17-40-97
Ta100x20,4,5,500,0.9625,0.075,10,2230410291,17000,6543,6306,6072,6.806175406,v2_avx512bw_vec32_exact_perm,1-68-44-91-50-8-38-29-57-69-67-45-5-86-74-71-46-87-58-79-89-60-55-99-51-43-98-88-84-16-64-18-92-78-52-77-95-25-26-11-23-12-93-15-63-31-70-42-96-56-72-7-100-13-20-76-54-83-2-47-49-22-35-24-3-28-4-6-37-61-39-65-41-32-9-21-30-90-94-48-59-66-73-34-75-53-85-62-27-14-33-82-81-36-80-19-10-17-40-97
Ta100x20,4,5,500,0.9625,0.1,1,2230401210,17000,6537,6306,6072,7.263969373,v2_avx512bw_vec32_exact_perm,1-68-44-74-60-45-88-29-64-89-46-67-92-69-91-50-18-5-26-63-57-61-65-8-96-16-71-78-51-15-55-38-86-84-41-99-48-58-43-28-22-70-76-13-100-98-31-93-95-52-39-3-54-56-87-25-72-79-94-11-7-42-49-4-37-59-47-9-85-53-36-32-24-21-23-33-10-77-73-90-66-2-34-6-62-83-12-81-20-80-35-75-82-30-14-27-19-17-40-97
Ta100x20,4,5,500,0.9625,0.1,2,2230402219,17000,6519,6306,6072,7.154571061,v2_avx512bw_vec32_exact_perm,1-68-45-69-88-16-44-91-60-50-67-55-74-5-57-8-56-79-23-86-58-84-26-92-29-51-52-89-98-95-46-99-43-71-41-70-93-13-25-96-49-78-3-12-47-32-22-28-72-66-18-65-11-64-2-87-63-15-54-34-76-61-83-100-7-48-21-90-94-77-31-85-39-24-37-6-20-38-59-73-62-14-42-35-81-27-4-30-19-53-33-10-9-75-36-82-17-80-40-97
Ta100x20,4,5,500,0.9625,0.1,3,2230403228,17000,6525,6306,6072,7.359545974,v2_avx512bw_vec32_exact_perm,1-68-5-44-91-50-16-74-92-45-69-46-79-89-67-60-26-86-57-15-29-8-88-63-51-95-25-76-99-98-58-55-7-38-64-56-71-87-78-52-34-77-54-96-3-43-12-23-18-93-31-72-82-59-20-13-61-70-22-84-9-49-90-2-65-47-4-35-41-24-39-83-100-32-53-85-94-30-21-11-66-28-37-42-73-75-6-48-10-62-33-81-80-14-19-27-36-17-40-97
Ta100x20,4,5,500,0.9625,0.1,4,2230404237,17000,6548,6306,6072,7.08289301,v2_avx512bw_vec32_exact_perm,1-68-91-29-79-5-44-74-60-8-38-45-55-78-64-88-54-51-26-69-86-50-67-25-56-58-92-77-70-15-99-71-93-43-46-16-49-23-87-7-57-41-89-100-98-12-84-59-61-63-28-2-96-22-37-24-95-90-13-11-39-35-31-65-32-18-3-20-21-66-72-85-42-33-76-9-73-47-52-4-48-83-82-94-30-53-14-10-34-81-19-6-62-80-17-27-36-75-40-97
Ta100x20,4,5,500,0.9625,0.1,5,2230405246,17000,6521,6306,6072,7.28868749,v2_avx512bw_vec32_exact_perm,1-68-45-44-67-5-60-29-91-50-88-92-51-79-89-16-74-57-64-54-8-69-86-46-70-84-56-13-26-24-58-15-71-38-32-63-52-43-95-99-55-82-98-93-78-39-87-41-77-65-96-76-9-22-35-31-42-61-21-25-7-23-85-66-11-83-18-72-12-4-20-47-59-3-53-90-14-28-73-37-100-49-34-94-33-17-10-48-30-19-75-36-2-6-62-81-80-40-27-97
Ta100x20,4,5,500,0.9625,0.1,6,2230406255,17000,6530,6306,6072,6.75095355,v2_avx512bw_vec32_exact_perm,1-68-74-44-5-45-60-91-8-67-29-69-57-7-88-51-79-98-95-46-38-55-50-56-26-70-43-52-89-23-78-63-22-86-32-28-92-99-54-87-24-49-25-71-96-16-83-72-3-41-65-76-13-12-93-58-84-77-53-31-18-37-2-39-66-85-11-48-59-61-15-4-21-90-94-47-73-42-64-20-35-10-81-9-6-34-100-17-33-62-27-82-30-19-80-14-75-36-40-97
Ta100x20,4,5,500,0.9625,0.1,7,2230407264,17000,6519,6306,6072,6.557689681,v2_avx512bw_vec32_exact_perm,1-68-44-8-60-5-91-50-74-51-16-86-69-58-84-46-57-56-92-26-54-79-65-88-95-71-38-15-13-41-70-43-52-98-63-89-25-32-96-61-76-2-78-39-12-94-67-23-18-3-99-29-100-11-64-72-83-87-7-59-42-93-24-49-45-48-47-6-31-55-20-9-35-33-21-36-37-85-30-19-77-10-22-62-28-34-73-81-17-90-53-4-82-14-27-66-75-80-40-97
Ta100x20,4,5,500,0.9625,0.1,8,2230408273,17000,6495,6306,6072,6.798918822,v2_avx512bw_vec32_exact_perm,1-68-29-96-5-60-44-8-74-69-26-50-98-16-86-45-91-99-51-46-67-92-55-15-56-84-52-63-88-79-70-57-58-41-43-89-100-38-78-76-93-25-71-24-32-21-23-87-65-17-49-95-18-54-22-7-13-11-61-85-2-47-12-34-39-37-35-42-20-94-3-83-59-64-33-4-90-31-73-9-53-48-82-28-72-10-30-66-6-81-62-14-19-77-27-75-80-36-40-97
Ta100x20,4,5,500,0.9625,0.1,9,2230409282,17000,6498,6306,6072,7.014095252,v2_avx512bw_vec32_exact_perm,1-68-44-45-8-74-69-5-60-67-88-50-79-58-91-46-29-51-38-18-92-84-86-57-70-26-28-78-37-56-54-23-72-71-96-43-99-89-52-98-3-21-16-77-95-22-15-55-63-76-87-64-32-35-12-2-42-7-25-41-66-65-83-13-61-47-82-24-39-49-93-4-9-53-14-6-48-31-85-11-59-81-94-100-62-33-90-30-20-10-17-19-34-73-27-75-80-36-40-97
Ta100x20,4,5,500,0.9625,0.1,10,2230410291,17000,6529,6306,6072,6.60528282,v2_avx512bw_vec32_exact_perm,1-68-91-69-60-8-5-50-51-74-86-29-57-44-56-79-46-26-92-45-78-67-98-88-89-38-84-64-70-52-32-96-71-9-16-2-76-25-77-13-58-35-94-65-54-15-63-95-100-43-23-93-22-41-55-34-99-7-18-31-48-72-53-61-24-21-83-39-14-59-47-90-87-49-3-11-85-6-37-42-10-33-20-4-12-73-82-75-28-19-30-62-81-66-27-80-36-17-40-97
Ta100x20,4,5,500,0.9625,0.125,1,2230401210,17000,6512,6306,6072,7.673264113,v2_avx512bw_vec32_exact_perm,1-68-5-44-91-8-60-70-67-74-45-69-16-51-46-88-29-79-96-52-26-56-23-58-84-38-92-57-43-50-76-22-77-71-54-25-63-89-55-32-86-41-12-35-7-98-90-65-48-95-64-3-33-61-15-87-47-72-13-100-78-9-31-99-85-93-4-39-11-94-18-6-17-21-24-2-82-59-28-37-20-34-81-42-83-10-66-19-49-53-14-30-62-73-27-75-80-36-40-97
Ta100x20,4,5,500,0.9625,0.125,2,2230402219,17000,6558,6306,6072,7.186720935,v2_avx512bw_vec32_exact_perm,1-68-44-89-91-8-69-60-45-74-55-50-5-65-86-71-96-26-29-52-67-98-78-79-88-56-51-46-63-57-61-64-3-47-41-38-32-70-58-15-16-43-92-95-54-48-25-31-13-12-93-99-87-66-22-72-37-23-49-11-2-42-100-84-7-24-21-94-36-35-76-18-4-9-6-85-59-90-73-53-77-62-82-83-39-20-10-19-33-28-27-81-34-75-30-14-80-17-40-97
Ta100x20,4,5,500,0.9625,0.125,3,2230403228,17000,6539,6306,6072,7.568137081,v2_avx512bw_vec32_exact_perm,1-68-67-45-8-5-64-69-74-44-76-60-26-16-56-29-52-50-71-63-86-91-84-46-57-38-77-88-51-92-78-95-65-7-59-13-98-9-25-100-3-55-54-23-58-12-15-87-96-99-22-93-18-49-94-2-79-70-39-31-53-66-43-48-41-89-32-4-11-28-72-90-37-61-33-19-24-85-34-62-42-20-17-30-35-47-21-83-82-10-81-6-14-73-75-80-27-36-40-97
Ta100x20,4,5,500,0.9625,0.125,4,2230404237,17000,6552,6306,6072,8.316952515,v2_avx512bw_vec32_exact_perm,1-68-60-51-8-5-69-44-74-50-32-86-67-45-78-91-71-57-89-92-88-16-46-84-52-29-41-56-95-98-77-13-26-38-25-18-64-70-35-61-96-7-58-48-49-79-76-100-39-72-15-93-43-47-23-65-63-20-55-59-21-12-2-31-22-87-99-3-62-37-90-82-33-4-54-66-42-53-14-9-81-24-11-28-19-30-85-94-6-83-73-34-75-80-10-27-36-17-40-97
Ta100x20,4,5,500,0.9625,0.125,5,2230405246,17000,6522,6306,6072,7.083281518,v2_avx512bw_vec32_exact_perm,1-68-5-91-44-8-74-60-45-46-26-69-29-67-64-50-92-15-79-89-71-57-16-56-70-98-86-58-25-61-95-78-77-88-38-54-13-43-84-41-65-76-93-51-96-52-11-99-55-31-18-22-63-87-100-23-47-24-3-21-53-42-12-66-7-59-39-48-4-2-72-37-90-20-10-36-62-28-32-35-27-85-30-9-73-34-94-49-83-14-33-81-75-6-80-82-19-17-40-97
Ta100x20,4,5,500,0.9625,0.125,6,2230406255,17000,6518,6306,6072,7.611126299,v2_avx512bw_vec32_exact_perm,1-68-91-50-45-67-29-69-57-86-99-5-44-16-51-15-26-8-87-60-88-79-23-74-64-63-56-89-98-84-46-3-7-52-100-78-38-25-95-54-47-55-12-76-71-43-58-49-96-20-70-61-34-24-41-6-59-2-32-72-93-42-92-48-22-17-77-31-37-39-9-18-13-4-11-66-82-30-65-21-62-53-35-90-83-85-28-73-14-94-10-75-33-19-81-27-80-36-40-97
Ta100x20,4,5,500,0.9625,0.125,7,2230407264,17000,6552,6306,6072,7.549049073,v2_avx512bw_vec32_exact_perm,1-68-67-45-69-38-44-60-8-5-70-74-56-91-29-84-86-16-52-50-57-58-93-87-51-79-89-26-92-54-15-98-12-7-22-32-76-41-95-96-55-25-65-99-78-71-72-43-13-63-23-77-88-11-46-49-18-42-66-47-28-100-37-62-48-24-2-61-20-3-64-21-35-85-6-59-31-39-4-90-9-53-36-17-81-30-10-19-33-80-83-34-94-73-27-14-75-40-82-97
Ta100x20,4,5,500,0.9625,0.125,8,2230408273,17000,6523,6306,6072,7.636472865,v2_avx512bw_vec32_exact_perm,1-68-5-91-44-8-45-60-16-29-74-69-46-64-26-92-71-79-98-89-86-56-63-96-12-43-38-28-57-67-51-88-99-84-72-55-61-18-95-54-52-22-41-23-58-87-9-25-77-100-13-78-7-70-32-33-11-90-49-83-50-39-85-10-31-81-76-2-47-37-42-15-4-48-65-94-62-24-73-35-20-59-17-3-93-21-30-14-66-80-53-34-75-82-19-6-27-36-40-97
Ta100x20,4,5,500,0.9625,0.125,9,2230409282,17000,6548,6306,6072,7.869699009,v2_avx512bw_vec32_exact_perm,1-68-60-44-91-8-69-86-64-74-50-65-29-3-45-51-46-96-54-92-56-5-84-88-67-78-25-32-16-26-38-70-71-41-79-52-58-99-98-23-89-93-2-18-43-57-63-83-95-22-76-77-87-7-47-34-12-31-20-55-100-72-59-42-11-15-90-48-13-49-62-61-94-37-39-85-4-66-73-28-24-21-82-9-10-35-6-30-53-19-81-75-36-14-80-33-27-17-40-97
Ta100x20,4,5,500,0.9625,0.125,10,2230410291,17000,6535,6306,6072,8.144059033,v2_avx512bw_vec32_exact_perm,1-68-74-60-44-29-69-5-57-67-8-91-45-84-38-50-52-79-89-70-56-86-32-88-46-51-98-15-95-43-78-58-92-26-99-16-18-41-94-85-63-9-96-25-71-49-77-23-61-87-13-72-90-22-31-3-11-12-48-54-21-76-24-66-7-28-47-65-59-37-93-100-2-39-64-20-55-81-33-42-10-62-53-17-6-4-19-35-30-34-14-27-82-83-73-80-75-36-40-97
Ta100x20,4,5,500,1.0,0.025,1,2230401210,17000,6526,6306,6072,6.972424611,v2_avx512bw_vec32_exact_perm,1-68-44-8-5-74-91-67-45-69-86-51-29-88-50-92-64-98-57-60-89-99-46-16-48-96-79-49-76-25-71-26-95-58-56-78-63-70-39-12-65-38-43-7-23-15-61-42-55-77-41-90-13-84-66-93-52-18-87-21-72-54-24-22-59-20-3-47-4-100-37-31-28-11-62-2-81-33-19-85-83-35-32-10-30-82-14-34-53-75-9-94-6-36-27-73-80-17-40-97
Ta100x20,4,5,500,1.0,0.025,2,2230402219,17000,6567,6306,6072,6.774203766,v2_avx512bw_vec32_exact_perm,1-68-45-44-60-65-16-29-8-69-26-86-5-92-91-57-51-67-88-74-84-46-95-50-3-52-96-98-56-63-70-38-93-12-23-25-41-58-99-43-66-71-100-78-18-87-55-64-32-7-89-59-79-49-13-24-22-47-90-72-15-77-39-76-11-54-61-2-21-42-35-19-83-48-20-94-81-28-53-85-36-37-10-31-6-75-82-4-9-34-30-14-33-27-73-80-62-17-40-97
Ta100x20,4,5,500,1.0,0.025,3,2230403228,17000,6517,6306,6072,6.881951953,v2_avx512bw_vec32_exact_perm,1-68-60-65-44-69-45-8-5-74-79-89-55-50-88-51-95-64-57-71-98-70-29-56-38-78-26-92-84-67-91-86-58-63-61-24-54-96-32-7-59-46-18-12-52-13-77-31-22-41-87-93-16-15-76-39-11-99-3-35-83-25-43-6-94-49-47-21-48-90-2-100-23-42-4-14-72-53-62-9-66-20-85-34-37-81-28-19-10-73-33-82-27-17-30-75-80-36-40-97
Ta100x20,4,5,500,1.0,0.025,4,2230404237,17000,6525,6306,6072,6.528336492,v2_avx512bw_vec32_exact_perm,1-60-8-74-69-5-44-45-91-16-29-86-51-70-88-57-71-87-52-67-43-92-26-50-84-58-96-79-56-54-89-15-63-77-95-46-13-98-64-38-41-65-25-78-22-49-99-3-2-32-100-61-93-48-21-83-59-28-18-76-72-31-68-4-11-35-85-12-7-39-42-20-37-62-55-66-94-36-24-90-10-47-53-14-82-6-30-23-33-73-9-34-81-19-27-17-75-80-40-97
Ta100x20,4,5,500,1.0,0.025,5,2230405246,17000,6517,6306,6072,7.497728911,v2_avx512bw_vec32_exact_perm,1-68-5-29-44-45-60-50-74-38-69-8-91-56-84-16-52-67-55-26-58-92-46-64-99-9-71-57-78-15-41-98-25-79-96-95-31-70-59-7-72-86-63-51-54-88-23-100-89-22-87-43-12-93-28-32-77-13-11-24-34-42-18-6-48-2-61-21-37-3-76-83-90-49-65-14-39-53-47-66-35-20-10-94-73-4-19-82-33-81-27-62-17-85-30-75-80-36-40-97
Ta100x20,4,5,500,1.0,0.025,6,2230406255,17000,6508,6306,6072,7.174546593,v2_avx512bw_vec32_exact_perm,1-68-44-45-60-65-51-74-69-91-29-88-5-55-84-16-67-50-12-98-57-71-63-8-86-38-92-46-58-15-95-56-78-64-70-41-52-22-43-2-93-89-96-26-79-54-49-100-25-18-99-87-77-76-32-21-7-48-37-61-23-13-11-35-30-42-39-19-83-47-66-90-9-3-94-72-33-20-24-6-85-31-59-4-73-53-81-62-28-10-27-14-17-82-34-75-80-36-40-97
Ta100x20,4,5,500,1.0,0.025,7,2230407264,17000,6513,6306,6072,6.858163723,v2_avx512bw_vec32_exact_perm,1-68-29-67-45-69-5-44-8-50-88-16-91-74-15-71-89-38-64-79-51-60-26-46-55-23-25-86-87-78-56-84-54-31-63-43-57-95-76-92-24-58-28-96-70-93-99-49-39-32-61-2-41-13-22-18-72-48-42-52-65-7-77-100-62-83-11-94-98-4-12-3-90-66-20-47-37-35-21-6-85-59-9-33-53-73-30-14-10-75-81-34-80-19-27-36-82-17-40-97
Ta100x20,4,5,500,1.0,0.025,8,2230408273,17000,6519,6306,6072,6.71236938,v2_avx512bw_vec32_exact_perm,1-68-44-45-67-29-86-51-8-60-69-74-5-91-46-16-38-88-56-23-55-43-50-57-70-15-79-78-92-84-93-22-96-87-7-52-12-26-63-28-54-25-71-3-99-72-11-100-18-76-31-58-13-32-47-98-95-42-64-9-77-49-65-59-53-48-89-2-39-83-37-14-6-61-85-73-41-24-90-4-20-33-21-62-94-35-30-19-81-66-34-27-17-10-82-75-80-36-40-97
Ta100x20,4,5,500,1.0,0.025,9,2230409282,17000,6537,6306,6072,6.664916714,v2_avx512bw_vec32_exact_perm,1-68-67-44-8-5-29-79-74-16-60-91-88-56-51-45-70-78-69-57-25-46-32-26-86-23-71-48-13-38-58-50-43-99-84-98-15-63-92-100-87-61-11-64-18-89-31-95-65-49-42-72-76-37-9-54-12-52-77-22-41-93-7-96-28-55-6-2-21-53-59-4-36-90-83-75-10-3-35-24-39-94-47-73-85-82-33-20-81-30-66-19-34-14-27-62-80-17-40-97
Ta100x20,4,5,500,1.0,0.025,10,2230410291,17000,6532,6306,6072,7.221612106,v2_avx512bw_vec32_exact_perm,1-68-44-45-8-5-67-60-51-86-50-69-16-29-91-92-74-88-89-56-71-13-12-57-58-98-84-23-46-95-26-52-28-3-70-25-96-32-99-63-61-15-72-24-7-54-93-43-31-39-87-48-49-38-47-65-35-11-78-79-22-41-37-94-21-18-64-100-36-76-9-83-2-4-55-77-75-59-90-53-42-66-10-20-81-19-85-33-34-82-73-30-6-14-62-27-80-17-40-97
Ta100x20,4,5,500,1.0,0.05,1,2230401210,17000,6552,6306,6072,7.448782848,v2_avx512bw_vec32_exact_perm,1-68-44-91-45-74-60-29-16-69-51-89-8-38-26-88-71-46-5-98-56-95-15-54-92-24-64-43-76-86-50-84-12-78-25-96-58-52-87-94-99-93-41-70-13-77-67-79-63-35-42-23-47-3-85-20-90-57-22-72-6-61-59-18-32-100-7-81-66-83-49-21-55-48-39-31-73-11-2-4-53-34-65-80-33-37-62-28-9-30-75-10-36-27-14-82-19-17-40-97
Ta100x20,4,5,500,1.0,0.05,2,2230402219,17000,6527,6306,6072,7.059808306,v2_avx512bw_vec32_exact_perm,1-68-44-91-45-67-5-51-38-8-78-69-74-70-16-99-60-50-96-52-84-88-56-86-29-12-15-64-98-89-92-55-57-58-25-71-43-95-13-46-26-63-2-61-59-23-7-77-49-24-90-41-3-54-87-22-100-72-93-76-47-79-39-28-42-18-32-94-62-85-9-48-31-73-21-53-65-66-34-35-11-83-37-4-81-80-20-75-30-33-6-36-14-10-27-82-19-17-40-97
Ta100x20,4,5,500,1.0,0.05,3,2230403228,17000,6526,6306,6072,7.181445252,v2_avx512bw_vec32_exact_perm,1-69-68-8-5-91-44-45-26-60-74-52-86-46-92-98-57-51-79-70-88-29-56-58-37-84-38-43-49-9-65-89-54-25-63-95-71-78-67-87-50-15-96-93-18-32-76-12-16-3-77-23-39-2-61-99-28-72-41-21-85-48-13-22-47-59-11-83-42-31-7-66-90-33-10-55-24-100-35-34-94-4-73-20-19-62-6-81-64-53-30-14-27-75-36-80-17-82-40-97
Ta100x20,4,5,500,1.0,0.05,4,2230404237,17000,6548,6306,6072,7.339452248,v2_avx512bw_vec32_exact_perm,1-68-45-5-51-44-88-60-69-50-8-16-29-65-70-95-57-26-46-38-78-58-86-84-74-67-22-43-56-41-89-91-71-52-23-96-55-79-13-87-99-11-18-12-72-54-98-92-59-9-63-15-64-25-3-31-7-76-2-47-49-77-37-85-61-39-32-24-28-73-93-48-35-21-34-30-90-53-14-42-4-100-10-94-20-81-62-75-66-33-83-82-80-19-6-36-27-17-40-97
Ta100x20,4,5,500,1.0,0.05,5,2230405246,17000,6532,6306,6072,7.293280897,v2_avx512bw_vec32_exact_perm,1-68-60-8-91-51-67-44-29-45-69-16-5-74-46-38-78-79-92-50-88-57-23-26-56-86-58-70-54-77-76-84-52-7-31-18-49-22-32-87-93-63-12-99-55-15-95-43-96-64-71-89-25-37-33-42-59-41-98-90-47-73-13-65-35-9-21-100-3-24-6-83-39-85-20-2-61-94-48-82-72-11-28-4-30-14-53-62-34-81-10-66-19-75-80-27-36-17-40-97
Ta100x20,4,5,500,1.0,0.05,6,2230406255,17000,6476,6306,6072,7.255296305,v2_avx512bw_vec32_exact_perm,1-69-91-50-8-67-44-74-86-45-5-60-92-88-70-57-46-51-29-71-38-84-52-98-59-78-26-56-16-77-41-89-95-63-32-79-25-87-99-13-65-96-93-9-58-31-55-54-22-49-23-100-68-28-43-3-12-76-15-37-83-72-11-18-2-64-61-39-94-24-7-85-42-47-17-21-20-81-6-4-62-82-66-90-53-10-14-73-48-33-19-34-35-30-27-75-80-36-40-97
Ta100x20,4,5,500,1.0,0.05,7,2230407264,17000,6528,6306,6072,7.879955576,v2_avx512bw_vec32_exact_perm,1-68-91-44-74-5-51-60-8-69-70-57-67-92-46-52-86-99-56-45-50-89-98-84-88-71-64-95-38-29-15-58-63-100-23-22-16-25-77-54-53-49-7-43-31-78-87-26-9-96-18-90-55-4-41-72-93-59-3-13-21-39-33-65-76-79-47-32-48-12-81-85-66-42-37-73-61-34-20-24-6-11-35-94-83-2-19-28-10-62-75-30-17-27-82-80-36-14-40-97
Ta100x20,4,5,500,1.0,0.05,8,2230408273,17000,6507,6306,6072,7.043039517,v2_avx512bw_vec32_exact_perm,1-68-44-45-60-8-57-86-38-74-89-58-29-71-69-5-46-92-64-52-88-50-87-67-26-22-78-96-84-43-56-79-70-51-41-95-61-98-16-15-99-39-13-3-63-65-25-91-54-100-7-11-2-47-48-32-72-55-93-23-21-59-73-49-35-18-28-94-24-42-12-83-6-37-9-76-90-4-20-62-81-66-31-17-33-85-77-30-53-19-34-10-14-27-75-82-80-36-40-97
Ta100x20,4,5,500,1.0,0.05,9,2230409282,17000,6524,6306,6072,7.282788275,v2_avx512bw_vec32_exact_perm,1-68-91-44-67-74-69-5-45-92-16-88-60-8-51-46-79-86-12-29-57-96-49-71-95-77-56-99-38-70-15-26-23-98-58-61-52-55-76-43-54-63-25-32-84-50-31-93-2-78-39-30-18-7-13-48-65-100-35-42-41-64-87-11-3-59-94-21-85-89-9-37-66-24-47-72-20-81-6-62-22-4-19-33-28-83-73-90-34-10-14-53-75-80-36-27-82-17-40-97
Ta100x20,4,5,500,1.0,0.05,10,2230410291,17000,6543,6306,6072,7.267207659,v2_avx512bw_vec32_exact_perm,1-68-45-60-5-46-51-69-67-8-91-74-50-29-55-92-88-71-78-38-96-58-44-32-16-43-52-57-3-70-56-84-24-63-86-23-26-25-87-99-89-98-49-79-54-95-12-42-22-64-61-9-18-21-15-13-93-72-20-76-7-77-59-47-31-100-66-39-2-90-41-33-34-73-11-4-65-37-28-48-35-53-6-81-85-62-10-80-94-83-82-19-36-27-30-14-17-40-75-97
Ta100x20,4,5,500,1.0,0.075,1,2230401210,17000,6535,6306,6072,6.882506983,v2_avx512bw_vec32_exact_perm,1-68-44-65-74-5-69-52-60-57-45-63-91-16-8-86-51-29-38-64-78-88-67-96-26-71-76-79-89-84-56-55-15-32-93-50-46-95-92-70-54-31-43-25-23-98-99-35-77-3-22-58-59-83-39-2-42-18-7-24-49-11-13-48-90-37-12-34-30-33-41-19-47-87-61-72-21-100-94-73-20-53-85-9-14-4-66-6-17-82-62-27-81-80-10-28-75-36-40-97
Ta100x20,4,5,500,1.0,0.075,2,2230402219,17000,6550,6306,6072,7.005958703,v2_avx512bw_vec32_exact_perm,1-68-91-45-50-74-44-60-69-57-86-58-8-63-23-64-51-87-98-89-78-29-46-67-5-25-95-99-26-43-92-16-52-55-56-38-41-88-22-47-54-71-32-96-15-12-11-70-2-84-65-93-39-18-49-61-77-36-72-7-42-13-53-3-48-66-37-59-28-100-90-83-79-76-24-21-31-4-9-19-33-85-35-94-73-34-20-6-80-62-81-17-82-30-27-75-10-14-40-97
Ta100x20,4,5,500,1.0,0.075,3,2230403228,17000,6553,6306,6072,7.073323685,v2_avx512bw_vec32_exact_perm,1-68-44-60-8-5-64-69-74-98-29-88-16-11-50-45-23-46-51-57-70-13-67-86-78-56-71-26-63-91-65-38-58-9-94-89-79-84-96-99-3-28-54-43-55-87-93-25-52-31-41-15-22-92-95-61-49-18-39-2-77-32-100-72-7-62-48-53-35-37-24-42-47-21-12-83-76-66-75-90-36-85-30-10-82-33-81-4-73-59-19-20-6-14-34-80-27-17-40-97
Ta100x20,4,5,500,1.0,0.075,4,2230404237,17000,6523,6306,6072,6.824815141,v2_avx512bw_vec32_exact_perm,1-68-44-51-5-69-60-8-45-50-91-67-29-88-46-74-86-92-79-58-98-43-56-52-71-38-23-70-16-76-57-78-64-26-11-25-54-93-22-2-96-99-15-84-72-87-89-18-55-12-59-77-28-32-7-48-95-63-42-94-61-41-65-21-3-24-49-47-100-4-13-90-9-31-37-66-39-85-53-62-35-81-83-73-33-20-6-30-82-14-10-17-34-75-19-27-80-36-40-97
Ta100x20,4,5,500,1.0,0.075,5,2230405246,17000,6533,6306,6072,6.741758346,v2_avx512bw_vec32_exact_perm,1-60-68-91-8-50-45-57-44-74-46-5-69-92-84-52-16-86-63-94-95-29-96-49-26-88-70-99-51-71-67-78-89-38-32-79-56-47-31-15-58-98-3-64-54-25-43-18-87-21-9-77-7-90-12-22-11-76-35-48-65-55-41-39-20-23-61-100-37-42-13-93-24-28-2-73-72-85-4-59-75-10-36-6-83-34-53-66-27-19-82-30-33-14-62-81-80-17-40-97
Ta100x20,4,5,500,1.0,0.075,6,2230406255,17000,6517,6306,6072,8.120103515,v2_avx512bw_vec32_exact_perm,1-68-91-5-44-45-51-60-69-86-57-74-64-8-46-67-92-89-26-58-38-78-29-70-76-71-15-56-22-50-52-95-65-96-77-63-23-55-98-25-18-3-88-99-84-43-93-31-16-48-12-54-32-7-13-21-100-9-72-41-33-61-79-87-47-4-37-90-59-28-6-49-62-24-2-20-85-81-11-94-42-19-39-53-83-17-30-10-35-14-34-82-66-73-75-27-80-36-40-97
Ta100x20,4,5,500,1.0,0.075,7,2230407264,17000,6543,6306,6072,8.514079701,v2_avx512bw_vec32_exact_perm,1-68-44-5-60-91-74-50-45-86-69-58-67-77-29-46-8-88-89-92-16-51-70-26-56-23-93-79-13-99-84-90-96-52-57-63-41-98-38-47-71-100-25-20-32-15-12-78-49-95-87-43-55-54-42-64-61-22-18-21-76-65-39-53-66-35-2-9-31-72-11-37-48-24-7-34-85-73-62-33-59-28-30-83-94-3-4-19-80-27-81-6-75-10-36-82-14-17-40-97
Ta100x20,4,5,500,1.0,0.075,8,2230408273,17000,6549,6306,6072,8.021362194,v2_avx512bw_vec32_exact_perm,1-44-45-60-69-29-16-5-88-50-74-92-67-64-8-91-57-70-86-96-71-55-43-56-89-38-99-95-15-22-26-31-84-58-78-98-9-28-46-7-93-25-76-23-77-87-41-52-54-65-59-4-61-18-2-24-79-13-49-51-12-63-11-3-35-72-47-20-30-21-94-37-34-100-19-39-83-62-80-48-85-90-42-33-53-14-73-81-32-66-27-82-17-10-6-68-75-36-40-97
Ta100x20,4,5,500,1.0,0.075,9,2230409282,17000,6539,6306,6072,7.967965936,v2_avx512bw_vec32_exact_perm,1-68-91-60-44-51-74-69-50-8-98-45-89-52-67-64-58-79-26-56-5-71-96-86-57-29-46-88-95-92-35-16-25-77-43-41-23-70-93-22-87-49-54-84-2-78-99-18-55-63-7-15-61-59-3-38-100-4-11-42-37-65-28-39-9-76-31-21-66-83-13-24-33-32-72-19-47-82-85-12-20-10-94-90-62-48-53-6-81-30-34-14-80-73-27-36-17-40-75-97
Ta100x20,4,5,500,1.0,0.075,10,2230410291,17000,6527,6306,6072,8.254453638,v2_avx512bw_vec32_exact_perm,1-68-5-91-44-8-45-69-52-67-74-64-26-60-71-98-23-29-46-58-38-51-100-56-92-16-89-78-55-70-50-59-22-88-99-41-84-86-57-9-49-93-72-39-96-25-94-3-65-15-43-48-63-79-31-13-28-95-76-90-4-61-87-18-47-20-77-7-11-54-24-32-2-17-66-42-62-21-6-83-12-35-33-81-34-75-85-37-53-14-30-19-10-82-27-73-80-36-40-97
Ta100x20,4,5,500,1.0,0.1,1,2230401210,17000,6541,6306,6072,7.252185297,v2_avx512bw_vec32_exact_perm,1-68-5-91-69-84-50-74-89-52-45-60-46-16-98-57-38-54-92-86-51-44-67-70-26-13-15-64-8-88-23-99-18-55-43-90-93-58-29-96-25-12-9-3-42-31-76-47-71-24-63-78-41-87-32-22-61-56-4-100-49-83-72-66-53-48-79-20-7-6-19-39-77-85-2-81-95-33-37-28-59-65-21-10-82-35-94-73-17-30-34-11-14-75-62-80-27-36-40-97
Ta100x20,4,5,500,1.0,0.1,2,2230402219,17000,6531,6306,6072,7.101089722,v2_avx512bw_vec32_exact_perm,1-68-5-44-45-67-8-74-98-79-86-29-69-51-60-91-46-64-26-65-92-89-96-16-50-55-88-54-3-84-56-71-25-13-70-90-23-43-15-93-49-38-73-58-95-99-34-57-7-31-20-87-12-63-77-32-59-24-76-22-72-18-28-78-11-48-33-83-19-52-21-47-100-2-37-4-61-53-39-9-85-6-14-80-94-35-10-82-42-41-17-62-30-81-66-75-27-36-40-97
Ta100x20,4,5,500,1.0,0.1,3,2230403228,17000,6555,6306,6072,6.794718266,v2_avx512bw_vec32_exact_perm,1-68-44-45-69-8-88-50-86-29-91-60-51-79-57-74-5-98-67-96-16-89-76-84-93-26-92-52-25-64-77-63-54-70-18-56-99-58-3-65-38-71-43-49-32-22-41-46-31-59-7-95-13-2-90-87-61-48-12-11-28-39-35-34-100-78-81-94-4-83-72-24-47-23-20-37-42-55-15-19-66-85-36-73-9-30-14-62-33-82-21-27-80-75-17-53-6-10-40-97
Ta100x20,4,5,500,1.0,0.1,4,2230404237,17000,6548,6306,6072,6.805718053,v2_avx512bw_vec32_exact_perm,1-68-44-45-74-5-69-91-8-60-79-16-26-92-88-78-67-70-84-15-50-56-48-89-64-58-86-43-29-23-98-63-46-51-57-52-39-38-99-76-71-49-54-22-65-12-28-35-2-13-32-93-25-3-41-95-61-96-18-7-87-94-77-21-37-30-24-9-72-82-55-90-31-11-4-36-53-47-83-59-100-42-73-33-20-6-27-85-34-75-19-14-62-10-17-66-81-40-80-97
Ta100x20,4,5,500,1.0,0.1,5,2230405246,17000,6539,6306,6072,6.930584971,v2_avx512bw_vec32_exact_perm,1-68-44-91-86-45-60-74-69-65-5-50-92-26-64-57-8-70-13-88-79-89-29-46-25-71-98-56-38-52-16-3-95-55-54-84-51-41-43-67-76-58-23-49-100-78-31-87-32-9-63-2-34-61-93-39-15-96-48-99-77-24-35-18-85-7-11-47-22-72-20-4-6-59-37-94-73-90-28-66-12-36-42-53-82-10-21-83-19-30-81-27-14-62-33-80-17-40-75-97
Ta100x20,4,5,500,1.0,0.1,6,2230406255,17000,6540,6306,6072,7.400168933,v2_avx512bw_vec32_exact_perm,1-68-45-44-65-5-16-60-26-51-50-86-96-57-92-91-78-8-69-74-46-88-67-84-58-70-41-29-24-49-98-64-89-93-13-79-52-15-71-63-3-56-76-38-94-77-54-55-95-18-87-21-99-32-22-43-61-23-9-31-83-25-39-72-12-11-100-20-35-6-42-37-48-59-28-14-33-7-66-2-73-4-53-17-62-47-10-82-27-30-85-90-19-34-81-75-80-36-40-97
Ta100x20,4,5,500,1.0,0.1,7,2230407264,17000,6555,6306,6072,6.941116718,v2_avx512bw_vec32_exact_perm,1-68-60-91-44-8-45-69-74-65-5-51-70-58-56-63-50-15-92-57-88-16-98-79-71-64-89-52-96-43-46-12-49-99-86-78-38-55-93-29-2-67-24-31-76-100-41-26-18-94-32-23-83-13-48-87-72-95-22-25-21-59-61-47-28-84-37-90-7-36-4-9-3-77-54-42-35-20-6-66-11-81-39-73-53-10-82-85-30-62-80-19-14-33-34-27-17-40-75-97
Ta100x20,4,5,500,1.0,0.1,8,2230408273,17000,6548,6306,6072,7.252125565,v2_avx512bw_vec32_exact_perm,1-68-44-74-69-5-57-79-51-60-8-45-46-67-29-91-88-38-26-16-96-70-50-84-56-52-71-95-86-78-54-23-87-99-92-65-98-43-93-89-100-63-25-48-12-41-77-7-13-58-72-18-76-15-49-32-9-22-2-59-39-66-20-31-55-3-64-10-90-62-85-83-35-24-47-73-61-11-94-36-37-42-28-53-30-21-33-6-14-4-82-81-19-27-34-17-80-75-40-97
Ta100x20,4,5,500,1.0,0.1,9,2230409282,17000,6559,6306,6072,6.956725368,v2_avx512bw_vec32_exact_perm,1-68-60-44-8-69-16-79-46-57-86-74-91-5-96-50-45-67-88-71-92-84-32-51-98-95-56-54-52-29-23-76-58-43-9-26-38-25-99-70-11-78-7-65-18-20-63-100-15-2-73-72-31-39-13-49-28-83-93-21-55-41-89-61-14-87-24-64-59-36-47-22-37-33-85-90-3-4-48-94-35-12-62-30-19-81-66-42-77-80-10-53-6-34-82-27-17-75-40-97
Ta100x20,4,5,500,1.0,0.1,10,2230410291,17000,6554,6306,6072,6.932221623,v2_avx512bw_vec32_exact_perm,1-68-44-60-69-74-8-5-45-50-92-91-46-57-86-38-25-70-96-88-29-71-58-64-23-26-98-95-54-52-48-89-87-16-56-79-76-84-99-3-32-93-18-100-21-15-78-28-67-42-39-7-77-43-51-49-12-2-59-65-22-63-61-35-55-11-94-31-41-34-37-13-73-6-9-90-47-10-66-72-24-33-81-75-36-85-4-19-14-53-30-20-83-62-80-27-17-82-40-97
Ta100x20,4,5,500,1.0,0.125,1,2230401210,17000,6566,6306,6072,7.678762124,v2_avx512bw_vec32_exact_perm,1-60-8-69-16-50-5-78-44-91-74-29-86-64-46-88-45-12-41-26-98-67-79-55-56-62-92-28-43-76-70-58-15-51-72-99-25-95-23-38-87-71-89-77-84-68-57-13-65-63-96-7-3-32-11-54-34-35-24-85-22-18-9-2-31-93-48-42-47-100-83-37-4-66-49-52-39-73-21-94-53-80-6-59-61-20-27-82-14-90-33-81-36-10-30-19-17-40-75-97
Ta100x20,4,5,500,1.0,0.125,2,2230402219,17000,6547,6306,6072,8.140622079,v2_avx512bw_vec32_exact_perm,1-68-44-69-74-88-67-45-13-8-38-29-60-46-5-91-22-50-51-16-89-86-11-52-15-96-57-43-26-92-93-59-58-41-84-71-98-56-87-79-54-78-25-95-99-70-76-49-2-24-31-7-100-65-18-39-55-83-21-35-66-53-61-63-64-85-4-36-32-90-3-94-23-9-77-34-19-42-33-28-10-48-72-12-47-37-30-81-82-62-14-20-73-27-6-17-75-80-40-97
Ta100x20,4,5,500,1.0,0.125,3,2230403228,17000,6525,6306,6072,7.386212991,v2_avx512bw_vec32_exact_perm,1-68-44-74-45-69-60-54-46-67-8-91-5-50-58-16-96-57-86-92-51-23-71-63-79-88-98-89-15-52-95-38-29-26-56-32-28-100-70-24-43-41-84-25-77-2-93-99-61-22-11-34-65-59-21-66-49-12-47-13-31-7-55-76-87-64-78-72-39-94-83-85-62-4-18-35-3-82-19-20-37-90-9-17-10-33-48-81-6-42-73-53-30-14-27-75-80-36-40-97
Ta100x20,4,5,500,1.0,0.125,4,2230404237,17000,6560,6306,6072,7.875251453,v2_avx512bw_vec32_exact_perm,1-68-44-51-8-5-45-69-67-91-23-46-70-60-74-29-16-88-56-58-38-57-84-86-50-43-83-96-7-25-52-89-15-26-79-64-61-98-78-54-31-63-95-18-99-3-71-92-93-42-13-2-22-76-55-12-87-94-28-59-36-48-65-66-72-21-49-6-77-4-11-37-14-41-90-73-85-24-100-32-35-9-47-53-39-20-30-62-81-34-75-80-10-82-27-33-19-17-40-97
Ta100x20,4,5,500,1.0,0.125,5,2230405246,17000,6563,6306,6072,7.722892414,v2_avx512bw_vec32_exact_perm,1-68-44-8-60-5-91-46-69-74-29-51-45-86-16-26-88-57-67-96-38-89-50-54-58-56-13-52-9-84-76-71-98-92-87-25-23-95-78-99-32-63-43-15-31-93-18-39-34-22-65-35-21-72-47-70-11-100-49-3-7-24-66-20-94-55-12-61-90-41-48-42-59-64-77-83-36-53-73-85-28-79-2-37-30-10-6-4-19-62-33-14-82-27-81-17-75-80-40-97
Ta100x20,4,5,500,1.0,0.125,6,2230406255,17000,6571,6306,6072,7.505971242,v2_avx512bw_vec32_exact_perm,1-68-60-44-45-50-74-5-67-57-88-69-29-51-98-16-38-46-79-86-23-43-96-99-91-71-56-58-95-70-78-54-8-18-84-52-25-7-63-48-15-22-64-9-87-32-100-93-76-4-89-72-28-41-65-31-39-94-49-20-37-55-59-47-61-3-92-13-90-77-26-36-73-24-2-12-11-42-85-80-53-35-66-6-81-62-21-33-83-19-34-75-82-17-10-30-14-27-40-97
Ta100x20,4,5,500,1.0,0.125,7,2230407264,17000,6556,6306,6072,7.615742309,v2_avx512bw_vec32_exact_perm,1-68-44-65-67-5-69-74-91-45-29-78-88-60-70-23-95-50-8-71-99-38-79-86-84-96-25-12-43-41-26-57-15-55-16-61-52-98-56-89-24-18-87-39-51-77-22-46-3-63-54-62-13-92-58-49-59-9-6-35-17-93-83-31-100-37-48-21-94-7-64-2-85-32-53-42-76-11-90-33-66-47-72-28-4-20-81-19-30-75-82-34-73-80-10-14-27-36-40-97
Ta100x20,4,5,500,1.0,0.125,8,2230408273,17000,6560,6306,6072,7.327837524,v2_avx512bw_vec32_exact_perm,1-68-60-29-45-50-44-55-74-16-67-91-71-46-89-79-57-86-56-5-51-96-65-38-8-41-93-12-69-92-58-43-23-70-26-88-52-99-78-87-84-63-24-3-21-54-76-15-22-64-61-34-13-72-9-25-59-77-47-32-31-100-37-39-2-7-98-53-18-11-4-20-95-81-49-42-66-35-10-33-73-94-48-90-83-14-75-30-85-28-62-6-19-36-80-82-27-17-40-97
Ta100x20,4,5,500,1.0,0.125,9,2230409282,17000,6557,6306,6072,7.301179873,v2_avx512bw_vec32_exact_perm,1-68-60-44-69-45-65-5-67-74-51-46-98-86-89-92-95-50-91-26-56-71-70-29-16-96-8-88-76-38-58-55-78-43-77-99-13-20-57-93-63-64-15-18-49-100-52-42-22-87-66-23-61-25-84-83-47-79-7-21-11-2-54-3-12-28-33-31-32-48-39-37-59-9-53-34-30-90-94-72-41-85-24-17-82-35-81-73-6-10-4-19-14-62-27-80-75-36-40-97
Ta100x20,4,5,500,1.0,0.125,10,2230410291,17000,6525,6306,6072,7.162784583,v2_avx512bw_vec32_exact_perm,1-68-44-8-67-5-29-45-89-86-26-74-60-98-92-91-69-51-52-57-95-46-84-99-78-71-22-70-49-38-16-31-64-63-96-25-88-50-93-41-24-56-83-15-13-47-43-79-55-58-42-18-72-3-28-12-61-23-87-73-7-65-34-100-11-76-39-48-35-54-2-37-77-53-85-21-82-32-59-10-66-19-6-94-30-62-90-81-20-14-4-75-33-9-80-27-36-17-40-97
