group,instance,pop_mult,Ps,pc,pm,rep,seed,G,best_cmax,ub,lb,run_sec,engine,best_perm_1based
Ta100x20,6,1,100,0.85,0.025,1,2230601210,17000,6579,6437,6144,1.435532648,v2_avx512bw_vec32_exact_perm,56-82-88-21-89-83-28-8-99-39-72-18-26-12-52-100-98-37-1-43-60-55-92-95-94-65-9-16-2-33-32-66-22-17-69-78-51-86-87-57-54-81-76-30-20-14-71-49-75-5-3-91-79-38-97-10-53-74-77-84-68-23-27-80-13-34-40-73-7-35-90-70-25-58-36-6-45-50-41-85-46-24-42-31-15-93-48-59-29-96-4-64-11-63-44-47-62-67-19-61
Ta100x20,6,1,100,0.85,0.025,2,2230602219,17000,6579,6437,6144,1.307855332,v2_avx512bw_vec32_exact_perm,56-83-86-39-72-37-2-82-9-20-8-88-89-26-12-66-59-1-68-99-21-63-64-98-24-69-55-49-46-14-76-79-92-97-16-31-52-34-60-32-28-33-81-73-29-65-38-25-41-85-100-50-78-23-91-30-45-27-70-18-47-22-80-48-36-35-10-71-84-75-51-40-74-4-11-87-17-53-7-43-15-58-3-13-44-6-77-96-42-90-94-54-95-62-5-67-93-57-19-61
Ta100x20,6,1,100,0.85,0.025,3,2230603228,17000,6593,6437,6144,1.507430989,v2_avx512bw_vec32_exact_perm,56-82-83-86-39-43-78-32-28-31-76-85-37-98-33-92-94-66-22-52-58-1-41-99-21-89-8-64-63-81-97-30-57-38-24-2-7-55-100-72-69-35-77-20-74-23-10-16-53-25-91-42-80-9-96-6-68-65-71-84-46-70-95-5-60-75-13-93-51-27-44-54-26-17-36-49-45-90-29-12-3-47-87-14-79-67-34-62-40-15-18-48-50-88-59-4-73-11-19-61
Ta100x20,6,1,100,0.85,0.025,4,2230604237,17000,6542,6437,6144,1.330743974,v2_avx512bw_vec32_exact_perm,83-82-9-39-72-32-56-26-12-52-33-8-37-99-89-86-68-71-48-69-78-1-97-38-98-100-63-2-57-31-40-91-60-10-16-92-76-94-42-29-36-30-45-7-17-43-25-84-55-85-20-23-14-75-79-73-65-77-66-59-88-18-81-34-87-4-58-53-61-46-21-74-28-35-70-44-47-80-96-6-27-13-95-64-24-3-54-5-90-93-22-51-62-49-41-67-19-15-50-11
Ta100x20,6,1,100,0.85,0.025,5,2230605246,17000,6583,6437,6144,1.381236416,v2_avx512bw_vec32_exact_perm,39-15-72-32-83-82-99-88-58-1-74-92-52-37-20-14-12-65-25-33-16-38-50-9-56-98-89-45-91-97-8-86-40-59-100-66-81-94-68-29-64-76-26-71-47-2-60-63-75-7-85-27-84-17-53-34-10-57-55-69-44-5-96-19-87-23-80-11-70-6-13-35-43-24-48-31-73-51-77-4-41-30-78-28-36-79-46-54-22-49-93-21-3-62-42-95-18-67-90-61
Ta100x20,6,1,100,0.85,0.025,6,2230606255,17000,6589,6437,6144,1.387322991,v2_avx512bw_vec32_exact_perm,56-82-39-43-83-15-1-72-32-2-37-26-88-8-9-98-65-4-12-100-28-89-34-80-69-10-75-91-20-52-53-55-5-25-77-58-66-94-60-23-86-47-70-50-16-87-3-92-29-76-74-21-17-97-33-99-63-64-27-19-42-49-31-68-14-85-11-78-13-24-38-48-45-30-44-18-71-84-35-73-59-96-40-79-22-46-7-41-6-81-57-90-36-93-62-67-51-54-95-61
Ta100x20,6,1,100,0.85,0.025,7,2230607264,17000,6556,6437,6144,1.343580954,v2_avx512bw_vec32_exact_perm,56-83-86-39-82-88-98-20-65-30-70-92-12-72-8-99-14-57-74-31-69-7-80-32-81-37-100-75-26-85-27-17-55-28-68-76-23-2-51-60-5-38-25-48-41-79-10-16-4-53-34-40-94-45-58-52-3-66-47-15-84-71-35-91-36-46-24-64-77-9-89-49-22-18-87-90-13-1-29-33-67-78-97-59-21-73-63-42-11-44-96-62-6-95-93-43-54-50-19-61
Ta100x20,6,1,100,0.85,0.025,8,2230608273,17000,6595,6437,6144,1.424043801,v2_avx512bw_vec32_exact_perm,56-82-39-86-69-26-68-9-32-2-83-98-21-14-33-47-38-76-25-94-100-23-89-71-7-92-28-1-52-40-79-4-37-64-58-57-31-74-20-29-65-15-66-84-99-60-8-34-72-43-19-81-87-3-17-75-24-42-51-80-10-13-12-91-55-77-96-49-97-50-22-35-59-78-18-48-16-70-67-45-73-44-63-41-11-53-95-93-6-90-36-5-61-88-30-46-85-27-62-54
Ta100x20,6,1,100,0.85,0.025,9,2230609282,17000,6541,6437,6144,1.404256554,v2_avx512bw_vec32_exact_perm,56-86-83-32-39-20-99-92-69-82-16-100-63-2-27-78-52-65-19-38-80-48-88-70-9-89-79-98-14-37-85-76-25-55-74-33-31-8-10-71-17-54-3-7-1-18-75-12-51-73-96-94-72-64-66-87-95-58-13-34-35-4-59-6-40-5-53-28-57-60-84-81-22-93-41-36-49-45-43-26-97-23-15-46-68-77-90-47-30-44-91-42-21-50-24-61-62-67-29-11
Ta100x20,6,1,100,0.85,0.025,10,2230610291,17000,6646,6437,6144,1.392563367,v2_avx512bw_vec32_exact_perm,56-86-3-72-39-8-43-55-66-32-7-12-92-99-4-65-29-30-34-52-83-89-82-88-64-37-100-1-77-10-18-94-36-48-51-81-33-63-2-20-40-16-79-95-71-15-75-31-87-17-76-28-49-38-78-24-50-13-84-25-53-22-45-35-46-5-21-14-44-6-41-96-60-98-97-70-69-91-62-80-42-58-23-11-73-26-9-85-27-67-47-68-74-90-54-59-57-93-61-19
Ta100x20,6,1,100,0.85,0.05,1,2230601210,17000,6648,6437,6144,1.355042172,v2_avx512bw_vec32_exact_perm,56-83-12-86-99-9-98-80-1-21-88-39-24-78-34-32-89-10-28-52-33-38-94-65-30-57-2-58-55-67-81-49-76-43-13-53-82-69-77-16-93-84-23-50-5-72-92-37-74-6-68-70-75-25-8-27-60-36-85-66-100-29-59-97-35-96-64-14-48-73-41-3-87-63-46-91-15-45-22-31-79-47-7-4-42-17-51-71-40-90-18-54-44-26-62-20-95-11-19-61
Ta100x20,6,1,100,0.85,0.05,2,2230602219,17000,6548,6437,6144,1.348682544,v2_avx512bw_vec32_exact_perm,56-83-82-39-8-86-72-2-21-75-81-20-28-1-55-100-29-45-36-68-37-12-10-99-80-92-69-32-97-71-48-15-9-89-24-70-23-25-33-78-43-60-16-64-66-57-5-13-52-34-65-7-35-94-95-31-38-42-98-27-74-79-17-76-62-85-11-53-14-40-26-59-58-88-3-87-6-96-4-18-91-44-49-63-22-84-77-73-50-30-41-47-93-90-67-54-46-51-19-61
Ta100x20,6,1,100,0.85,0.05,3,2230603228,17000,6616,6437,6144,1.360106423,v2_avx512bw_vec32_exact_perm,56-82-72-8-86-100-98-32-39-43-78-37-21-65-15-34-3-83-57-92-55-69-52-26-25-16-63-33-89-76-96-75-60-88-85-67-23-49-17-38-59-45-99-97-81-58-41-4-2-1-18-30-40-64-51-35-77-94-91-66-74-22-71-73-9-28-80-93-53-46-12-6-50-24-13-90-36-70-42-87-29-10-68-11-14-47-48-27-7-20-62-79-84-5-44-54-31-19-95-61
Ta100x20,6,1,100,0.85,0.05,4,2230604237,17000,6584,6437,6144,1.356527271,v2_avx512bw_vec32_exact_perm,56-82-72-88-39-86-32-100-47-1-80-63-12-69-70-65-76-16-66-34-31-14-52-60-85-99-9-23-51-42-2-37-15-79-30-83-28-89-38-71-3-10-33-68-78-25-35-54-7-17-75-44-91-11-55-98-45-92-27-53-40-48-22-5-24-84-49-36-18-8-94-26-81-29-87-58-64-77-4-67-13-21-73-96-50-97-41-6-74-62-95-20-93-57-46-59-43-19-90-61
Ta100x20,6,1,100,0.85,0.05,5,2230605246,17000,6561,6437,6144,1.364209861,v2_avx512bw_vec32_exact_perm,56-82-83-86-20-26-60-38-39-59-94-100-63-37-12-69-70-58-78-28-98-45-8-40-68-97-23-1-10-75-99-14-89-41-87-66-7-92-95-55-77-74-9-33-35-2-30-32-34-73-72-18-25-5-81-76-65-52-24-88-84-93-51-62-79-57-22-46-3-85-27-42-17-53-80-43-48-91-36-49-11-71-31-15-16-21-44-13-4-29-96-64-6-61-19-50-47-67-90-54
Ta100x20,6,1,100,0.85,0.05,6,2230606255,17000,6522,6437,6144,1.446546977,v2_avx512bw_vec32_exact_perm,56-82-83-86-39-32-88-1-100-98-78-59-99-2-37-40-8-28-65-10-55-23-63-69-52-16-12-92-49-43-70-89-14-9-7-81-45-94-58-71-87-4-18-75-25-68-50-20-26-72-64-80-34-5-57-60-31-24-95-77-17-62-53-91-73-48-42-33-74-76-21-97-29-30-6-93-47-84-66-15-27-96-35-38-3-79-22-36-13-46-85-51-90-67-54-11-44-41-19-61
Ta100x20,6,1,100,0.85,0.05,7,2230607264,17000,6565,6437,6144,1.408249283,v2_avx512bw_vec32_exact_perm,56-39-86-83-72-82-88-2-8-12-26-1-21-37-68-34-89-7-81-60-99-29-100-27-65-45-59-80-98-38-10-75-52-17-23-35-64-25-33-16-77-94-24-6-9-31-49-67-47-92-70-76-13-74-15-28-4-41-78-97-58-36-79-96-87-32-90-69-55-14-40-11-62-22-66-44-91-5-57-20-48-84-3-51-73-43-93-71-95-30-18-85-46-53-42-50-63-54-19-61
Ta100x20,6,1,100,0.85,0.05,8,2230608273,17000,6588,6437,6144,1.329219147,v2_avx512bw_vec32_exact_perm,56-39-58-98-72-88-82-83-65-7-57-27-31-12-32-78-68-54-92-69-2-8-37-87-99-89-71-1-86-100-29-76-10-16-23-74-20-24-28-73-40-80-25-81-33-38-14-55-18-52-97-9-13-35-70-30-61-85-96-60-46-59-5-94-95-21-17-84-43-66-51-75-42-26-77-4-47-64-63-79-34-48-3-36-62-91-49-15-22-90-53-6-67-50-93-41-45-44-11-19
Ta100x20,6,1,100,0.85,0.05,9,2230609282,17000,6635,6437,6144,1.393261039,v2_avx512bw_vec32_exact_perm,83-86-82-37-32-54-39-43-56-2-12-57-20-75-7-14-69-65-10-80-67-45-8-72-40-35-97-52-18-99-4-76-98-60-74-64-33-92-66-59-71-1-94-100-78-24-28-31-30-81-50-34-13-55-38-58-16-96-36-48-51-87-89-63-23-25-49-22-15-68-91-85-77-79-27-84-9-42-21-90-6-29-88-53-61-44-70-3-41-73-93-19-26-62-5-47-46-17-95-11
Ta100x20,6,1,100,0.85,0.05,10,2230610291,17000,6653,6437,6144,1.466597001,v2_avx512bw_vec32_exact_perm,56-86-54-83-82-20-72-38-100-14-39-43-1-4-68-34-52-37-55-2-89-33-16-71-92-30-87-25-47-78-58-32-28-12-81-9-49-13-27-99-22-79-23-75-15-74-45-66-59-80-11-63-60-69-93-65-73-8-40-97-95-88-17-77-31-64-96-35-44-84-24-85-18-76-67-94-26-36-91-98-10-51-62-46-53-21-6-90-70-48-50-42-3-7-41-57-5-29-61-19
Ta100x20,6,1,100,0.85,0.075,1,2230601210,17000,6622,6437,6144,1.575055335,v2_avx512bw_vec32_exact_perm,56-39-8-86-54-83-26-37-88-12-9-1-43-32-100-80-69-76-98-21-81-16-23-58-60-34-75-82-17-74-93-2-99-25-72-92-87-15-57-94-4-65-31-29-78-30-40-27-52-33-97-48-66-77-63-89-64-24-3-96-38-10-35-91-36-55-7-84-50-68-59-5-62-45-18-22-47-70-53-28-13-73-71-42-49-14-41-79-46-6-61-90-67-85-51-44-11-20-95-19
Ta100x20,6,1,100,0.85,0.075,2,2230602219,17000,6631,6437,6144,1.558180391,v2_avx512bw_vec32_exact_perm,56-39-86-82-9-72-2-83-68-3-37-31-26-74-28-58-92-30-1-75-94-80-99-25-8-16-64-14-33-55-21-5-65-17-34-95-54-47-89-12-76-29-10-18-73-53-52-43-45-66-41-60-87-78-13-38-7-71-79-93-32-46-69-24-11-44-97-49-84-77-63-22-100-81-91-23-35-98-4-42-6-59-20-40-57-36-88-85-90-70-48-15-50-96-67-51-27-19-62-61
Ta100x20,6,1,100,0.85,0.075,3,2230603228,17000,6598,6437,6144,1.503907084,v2_avx512bw_vec32_exact_perm,86-72-88-83-8-55-32-54-1-69-71-7-99-21-39-60-100-28-78-63-66-31-70-20-89-37-12-29-56-2-33-25-81-38-34-17-49-76-4-30-75-43-82-87-50-5-27-98-40-94-80-96-65-47-44-61-13-91-74-15-97-52-6-24-22-3-16-23-18-10-57-79-92-93-26-84-14-48-77-68-46-42-51-64-19-35-9-53-59-45-73-90-36-58-85-41-67-95-62-11
Ta100x20,6,1,100,0.85,0.075,4,2230604237,17000,6559,6437,6144,1.475499733,v2_avx512bw_vec32_exact_perm,56-39-86-32-33-12-94-82-72-100-40-8-83-98-69-1-37-89-54-59-66-38-26-21-80-22-49-35-25-7-88-65-14-16-10-57-58-76-5-60-78-28-31-55-34-81-27-84-20-51-70-74-24-75-68-13-44-97-2-61-9-4-96-87-3-71-17-52-92-43-48-85-50-45-99-67-23-91-6-15-77-63-18-42-90-53-64-95-47-19-73-93-62-36-46-30-29-41-79-11
Ta100x20,6,1,100,0.85,0.075,5,2230605246,17000,6542,6437,6144,1.668480554,v2_avx512bw_vec32_exact_perm,56-82-39-86-32-68-1-100-72-99-45-83-43-89-7-37-2-10-92-25-76-52-47-98-8-88-80-69-12-27-66-9-74-97-20-71-33-57-70-38-75-78-23-85-14-48-94-91-42-17-24-60-34-87-81-36-49-11-30-29-65-77-73-79-16-96-58-31-40-4-64-19-35-22-50-26-18-55-67-44-84-93-3-21-63-13-15-62-46-6-51-53-59-5-28-90-54-95-41-61
Ta100x20,6,1,100,0.85,0.075,6,2230606255,17000,6596,6437,6144,1.867050787,v2_avx512bw_vec32_exact_perm,56-39-82-83-86-37-98-31-7-20-70-80-92-30-8-16-88-99-14-28-89-87-50-76-9-10-65-69-34-72-75-55-52-63-47-49-71-3-23-38-78-1-18-79-27-12-96-74-84-24-26-81-62-40-33-48-32-21-17-66-13-64-19-100-15-29-94-60-67-36-58-2-4-25-35-61-45-68-73-57-42-43-93-85-77-91-53-46-59-44-22-97-90-54-5-6-51-41-95-11
Ta100x20,6,1,100,0.85,0.075,7,2230607264,17000,6721,6437,6144,1.575354436,v2_avx512bw_vec32_exact_perm,20-82-39-56-37-8-27-54-1-86-80-43-98-89-2-94-24-65-81-40-52-10-33-28-55-53-72-83-7-32-57-58-69-60-30-14-64-68-74-100-67-75-78-25-88-23-66-3-91-79-13-17-12-73-34-38-19-4-36-92-62-22-49-71-18-76-35-45-16-61-87-51-46-84-96-44-59-85-31-70-90-29-6-26-47-5-77-99-50-41-97-93-42-9-21-48-95-63-15-11
Ta100x20,6,1,100,0.85,0.075,8,2230608273,17000,6580,6437,6144,1.54012668,v2_avx512bw_vec32_exact_perm,56-83-43-78-86-39-82-99-32-65-7-31-8-98-89-38-19-33-2-66-72-16-21-1-55-34-60-14-12-28-52-69-80-81-100-57-20-18-45-88-48-35-10-22-50-77-37-84-74-79-46-59-92-75-40-97-85-23-17-76-24-64-94-36-26-58-53-25-49-5-71-11-44-4-29-13-15-41-6-96-61-93-68-91-73-9-87-3-51-47-67-70-62-63-42-30-95-27-90-54
Ta100x20,6,1,100,0.85,0.075,9,2230609282,17000,6634,6437,6144,1.693915144,v2_avx512bw_vec32_exact_perm,56-31-8-39-63-38-45-83-82-9-69-20-14-94-68-33-89-34-48-79-40-99-86-37-64-52-76-71-7-65-4-28-100-47-55-32-23-60-18-2-66-25-70-11-44-22-1-16-92-81-95-35-84-41-58-10-78-30-36-24-17-29-87-12-50-6-96-77-75-93-98-72-73-85-3-21-26-91-13-49-15-43-74-27-90-67-62-88-59-97-42-80-53-46-51-54-57-5-19-61
Ta100x20,6,1,100,0.85,0.075,10,2230610291,17000,6625,6437,6144,1.701289155,v2_avx512bw_vec32_exact_perm,56-86-83-72-33-20-2-7-39-8-65-52-14-99-1-12-43-80-57-10-9-16-100-98-82-45-89-32-25-23-76-68-37-44-47-40-71-48-94-74-41-66-18-26-55-88-13-31-79-34-91-73-93-69-60-3-64-92-87-59-36-78-27-58-53-22-85-17-28-70-5-24-97-54-49-75-15-38-96-4-21-35-63-84-90-62-67-19-46-6-81-51-42-77-29-11-30-95-50-61
Ta100x20,6,1,100,0.85,0.1,1,2230601210,17000,6697,6437,6144,1.470350357,v2_avx512bw_vec32_exact_perm,88-54-83-29-39-72-69-56-26-76-21-63-100-2-82-99-40-7-37-65-91-78-80-71-55-32-33-10-92-1-16-11-86-52-68-23-24-89-38-12-14-70-98-31-45-15-90-97-41-94-66-60-43-84-47-74-87-8-57-58-81-46-19-53-73-17-96-4-5-28-36-64-79-50-42-3-67-75-85-34-93-13-44-30-9-20-25-35-59-27-95-62-6-77-18-48-51-22-49-61
Ta100x20,6,1,100,0.85,0.1,2,2230602219,17000,6595,6437,6144,1.390892752,v2_avx512bw_vec32_exact_perm,83-82-39-86-54-20-26-60-37-53-59-65-12-16-94-100-92-29-10-76-52-51-64-63-9-33-73-45-69-8-32-25-93-68-1-22-31-14-99-66-21-58-81-23-98-91-95-56-2-89-80-43-55-74-38-75-17-15-96-7-50-11-49-34-79-44-72-46-35-36-70-78-28-47-18-40-71-48-4-13-97-77-30-84-5-27-90-87-67-24-42-6-3-85-57-41-88-19-62-61
Ta100x20,6,1,100,0.85,0.1,3,2230603228,17000,6606,6437,6144,1.581236383,v2_avx512bw_vec32_exact_perm,56-83-86-39-72-30-96-8-99-65-16-22-1-52-33-89-43-66-98-82-88-38-26-60-74-97-9-76-14-13-70-81-2-15-94-61-49-92-69-75-79-7-37-3-28-20-71-17-87-24-32-12-53-25-10-4-23-58-6-19-18-31-91-5-55-67-45-84-47-57-64-63-27-80-40-46-35-78-29-100-34-59-50-85-44-41-21-90-77-36-68-73-11-62-42-51-48-95-93-54
Ta100x20,6,1,100,0.85,0.1,4,2230604237,17000,6602,6437,6144,1.571084563,v2_avx512bw_vec32_exact_perm,56-88-39-82-32-47-69-1-72-12-33-99-7-37-66-20-92-21-89-8-16-79-98-74-19-43-76-25-4-64-81-100-65-14-61-94-68-57-91-31-60-83-38-29-30-52-58-2-55-34-40-50-10-53-73-71-75-28-15-48-5-3-26-90-70-46-44-45-41-97-80-87-86-13-24-93-23-42-17-78-84-77-22-9-49-59-62-96-6-27-36-85-11-63-95-35-67-51-18-54
Ta100x20,6,1,100,0.85,0.1,5,2230605246,17000,6598,6437,6144,1.473423257,v2_avx512bw_vec32_exact_perm,83-86-23-43-72-2-82-64-76-89-8-7-27-10-31-56-38-92-37-52-26-25-4-79-12-98-68-77-39-80-75-69-19-20-1-58-88-45-33-55-63-46-44-66-3-28-21-48-100-32-65-16-30-24-17-99-51-94-40-71-13-14-81-78-84-60-34-36-57-90-54-22-49-91-42-85-93-67-50-18-87-70-15-9-97-6-35-96-41-74-73-53-95-62-47-59-5-11-29-61
Ta100x20,6,1,100,0.85,0.1,6,2230606255,17000,6622,6437,6144,1.472745217,v2_avx512bw_vec32_exact_perm,56-83-86-37-20-26-9-76-82-74-60-100-98-8-99-69-89-52-65-71-40-7-75-59-88-78-39-28-30-50-14-33-12-29-31-64-51-66-73-41-4-10-16-55-61-21-13-38-17-77-2-47-32-1-90-34-6-19-92-25-94-58-87-24-3-48-97-49-72-27-53-95-15-81-22-79-84-68-46-36-45-96-80-70-62-18-91-5-43-54-85-42-44-35-67-63-23-93-57-11
Ta100x20,6,1,100,0.85,0.1,7,2230607264,17000,6582,6437,6144,1.743042944,v2_avx512bw_vec32_exact_perm,56-82-83-12-1-9-98-99-88-65-55-34-52-39-69-92-22-37-66-75-76-23-89-8-27-85-57-74-47-31-77-91-35-100-10-2-72-7-71-13-81-86-49-11-43-80-73-14-20-16-28-41-87-26-15-36-46-78-48-33-25-64-24-50-4-79-21-40-97-63-59-17-6-53-5-95-32-60-38-94-44-84-96-62-68-70-3-51-30-90-45-58-93-54-42-18-29-67-19-61
Ta100x20,6,1,100,0.85,0.1,8,2230608273,17000,6592,6437,6144,1.602748529,v2_avx512bw_vec32_exact_perm,56-82-83-1-86-54-33-39-8-32-52-58-76-10-37-38-57-69-85-26-99-7-31-14-55-92-72-29-2-60-9-70-41-66-65-16-98-94-15-23-47-13-80-34-35-12-21-89-24-20-68-93-25-36-28-100-81-17-71-87-44-45-91-75-77-3-53-97-67-50-40-96-78-46-73-27-74-63-62-79-84-64-4-18-48-6-51-22-42-49-95-5-61-43-90-30-59-88-19-11
Ta100x20,6,1,100,0.85,0.1,9,2230609282,17000,6679,6437,6144,1.647133008,v2_avx512bw_vec32_exact_perm,56-83-26-20-40-52-33-8-88-71-39-64-92-37-12-30-86-14-75-99-23-25-2-80-9-82-41-65-49-89-24-32-68-76-10-27-17-66-94-3-48-87-58-34-69-50-60-38-70-18-1-78-47-28-4-35-98-7-21-57-31-100-51-55-96-77-74-73-91-97-5-90-45-22-13-81-79-54-67-46-15-59-6-44-85-43-63-42-36-53-93-29-62-16-84-61-72-19-95-11
Ta100x20,6,1,100,0.85,0.1,10,2230610291,17000,6539,6437,6144,1.594385453,v2_avx512bw_vec32_exact_perm,56-86-83-32-82-39-20-2-1-43-72-85-71-9-100-65-37-34-81-69-27-33-45-75-78-98-89-41-60-30-10-52-24-8-64-58-51-99-13-55-29-93-36-88-12-28-66-80-54-31-14-7-40-48-5-91-92-15-94-70-53-50-74-11-25-4-76-97-22-47-44-87-63-17-96-49-38-59-21-6-18-16-23-26-68-95-35-77-90-84-73-62-67-3-57-42-79-46-19-61
Ta100x20,6,1,100,0.85,0.125,1,2230601210,17000,6596,6437,6144,1.492277324,v2_avx512bw_vec32_exact_perm,56-86-72-83-99-82-26-9-20-92-2-37-88-1-40-69-68-89-45-16-70-19-21-65-91-60-78-14-31-7-100-71-81-28-8-39-10-57-79-75-64-50-12-98-47-66-94-5-34-25-55-52-33-93-46-27-80-96-38-58-23-76-13-4-67-53-97-29-15-95-87-3-18-36-22-35-6-59-74-43-84-90-17-24-73-32-11-51-54-42-49-41-85-44-30-62-77-63-48-61
Ta100x20,6,1,100,0.85,0.125,2,2230602219,17000,6536,6437,6144,1.349939351,v2_avx512bw_vec32_exact_perm,56-39-83-92-27-9-100-1-86-32-37-69-55-20-16-2-23-28-65-10-8-99-33-82-30-76-46-25-85-94-34-80-52-17-12-66-3-59-38-14-97-84-72-35-77-75-21-98-13-68-53-87-29-89-79-81-26-5-6-91-61-7-71-31-60-96-44-70-51-73-18-45-48-40-4-24-11-43-78-49-57-22-47-64-95-15-90-67-93-58-36-42-50-41-74-63-88-19-62-54
Ta100x20,6,1,100,0.85,0.125,3,2230603228,17000,6576,6437,6144,1.444519928,v2_avx512bw_vec32_exact_perm,56-39-43-1-83-98-30-74-21-89-37-40-86-33-18-76-99-13-87-26-34-31-60-8-16-20-19-55-70-92-28-66-45-38-9-65-25-100-23-24-81-94-96-80-47-71-75-2-82-7-10-61-44-91-52-49-73-22-50-12-27-58-78-5-97-95-68-77-36-53-46-17-35-48-69-14-6-32-67-72-85-84-11-90-4-59-64-51-62-57-42-3-79-88-93-41-15-63-29-54
Ta100x20,6,1,100,0.85,0.125,4,2230604237,17000,6575,6437,6144,1.405621479,v2_avx512bw_vec32_exact_perm,56-82-39-8-86-2-32-83-37-40-9-99-7-26-76-23-92-78-27-68-66-72-14-33-16-60-34-31-1-94-18-88-15-25-53-89-91-44-95-100-45-38-65-81-10-57-96-12-80-75-21-4-67-74-64-79-63-48-73-13-52-93-97-77-29-87-98-3-41-55-84-46-28-69-85-30-24-20-17-62-70-50-22-49-61-59-5-43-42-36-58-90-71-6-51-35-11-47-19-54
Ta100x20,6,1,100,0.85,0.125,5,2230605246,17000,6569,6437,6144,1.46973868,v2_avx512bw_vec32_exact_perm,56-82-83-86-54-1-20-2-24-37-12-99-38-33-39-8-60-34-45-52-28-89-7-31-71-9-91-10-55-76-92-21-3-72-66-88-29-100-35-98-13-22-93-80-25-81-78-69-51-27-64-26-87-18-57-84-68-23-70-46-63-40-94-49-14-62-58-75-16-15-79-36-32-17-65-74-30-53-48-97-59-5-6-44-43-4-42-77-90-85-67-73-96-95-11-47-50-41-19-61
Ta100x20,6,1,100,0.85,0.125,6,2230606255,17000,6564,6437,6144,1.372850506,v2_avx512bw_vec32_exact_perm,56-86-83-43-39-72-8-32-99-88-92-2-23-1-47-12-28-38-78-37-21-80-98-82-69-55-34-97-75-76-74-65-63-94-66-20-30-25-16-14-87-89-48-79-7-27-60-100-58-31-57-40-81-91-10-4-96-33-3-67-15-68-52-18-50-70-26-84-17-85-19-71-9-64-61-13-24-5-44-36-22-35-42-59-49-46-45-93-41-77-53-90-29-6-73-11-51-62-95-54
Ta100x20,6,1,100,0.85,0.125,7,2230607264,17000,6558,6437,6144,1.348596608,v2_avx512bw_vec32_exact_perm,56-83-86-76-100-63-2-82-9-1-43-37-39-96-85-26-99-77-31-94-92-68-12-47-25-8-21-89-66-91-16-23-60-69-45-55-14-97-34-81-52-72-58-88-71-48-57-80-74-33-17-38-7-3-65-70-35-64-44-98-5-84-27-4-10-40-22-53-95-73-18-78-51-32-67-75-87-6-50-24-42-59-15-46-90-36-30-79-93-29-62-13-49-11-20-54-28-41-19-61
Ta100x20,6,1,100,0.85,0.125,8,2230608273,17000,6528,6437,6144,1.357854122,v2_avx512bw_vec32_exact_perm,83-86-39-32-56-2-37-10-82-38-98-72-99-20-21-66-8-88-59-75-60-100-12-63-74-27-23-5-33-89-28-78-16-45-34-49-97-55-14-43-13-81-76-69-92-25-87-1-57-4-68-64-18-51-52-3-53-7-30-95-15-58-94-71-40-9-80-65-96-42-62-35-70-73-47-50-24-61-26-31-29-85-22-44-11-17-36-6-77-91-84-19-46-90-41-79-67-93-48-54
Ta100x20,6,1,100,0.85,0.125,9,2230609282,17000,6668,6437,6144,1.285397688,v2_avx512bw_vec32_exact_perm,20-72-39-8-47-26-55-2-14-86-18-83-89-7-25-100-98-45-46-37-56-65-52-81-1-43-78-71-16-9-66-70-69-48-92-12-33-94-59-99-40-49-82-64-28-77-4-35-31-91-62-5-27-67-23-75-85-57-76-74-51-60-88-21-50-68-87-32-61-58-13-15-30-95-53-29-73-79-3-38-10-24-22-97-34-17-36-44-42-90-96-54-93-84-80-41-6-63-19-11
Ta100x20,6,1,100,0.85,0.125,10,2230610291,17000,6622,6437,6144,1.262378321,v2_avx512bw_vec32_exact_perm,56-82-85-1-88-15-83-37-69-32-39-45-40-63-68-13-52-99-92-14-25-33-54-81-2-76-71-9-86-23-55-89-34-72-74-17-43-12-65-28-84-60-51-6-94-61-49-91-100-78-27-67-16-31-79-38-98-8-4-66-21-11-96-73-42-3-24-75-97-7-26-93-36-80-30-18-59-5-62-58-87-46-10-29-20-95-64-44-35-77-47-90-22-50-53-70-48-57-41-19
Ta100x20,6,1,100,0.8875,0.025,1,2230601210,17000,6543,6437,6144,1.48924153,v2_avx512bw_vec32_exact_perm,56-39-43-83-82-42-1-86-52-32-37-100-40-8-33-98-12-88-60-57-20-69-89-26-38-28-49-71-9-2-94-23-65-81-76-7-34-80-41-35-50-99-74-84-25-92-21-66-17-24-16-31-45-87-78-58-59-91-6-44-47-77-4-46-13-61-30-55-72-70-5-90-97-14-48-53-93-96-36-64-85-63-95-79-11-3-22-15-51-68-75-10-29-73-18-27-62-67-19-54
Ta100x20,6,1,100,0.8875,0.025,2,2230602219,17000,6588,6437,6144,1.399995559,v2_avx512bw_vec32_exact_perm,56-83-86-39-2-82-37-88-26-9-1-22-100-63-12-98-20-92-69-94-68-97-8-72-74-70-6-78-28-23-18-15-73-60-57-3-38-91-10-53-40-34-80-99-25-76-33-4-75-65-71-7-64-66-96-55-14-48-81-13-32-79-11-87-51-16-61-46-45-49-59-5-89-93-43-24-84-29-52-58-21-42-35-50-95-47-27-77-36-85-17-31-30-44-41-62-54-90-67-19
Ta100x20,6,1,100,0.8875,0.025,3,2230603228,17000,6627,6437,6144,1.333413516,v2_avx512bw_vec32_exact_perm,83-86-54-76-20-2-37-82-74-39-43-8-99-16-36-92-69-1-94-56-28-12-33-47-78-71-89-7-32-58-40-80-97-57-85-77-27-60-84-98-72-66-10-100-46-59-15-31-50-41-96-49-38-65-25-79-52-73-26-4-29-53-34-13-87-55-19-17-5-14-81-75-22-24-51-93-88-44-62-64-45-42-63-68-23-6-91-35-9-3-30-21-48-70-11-90-18-67-95-61
Ta100x20,6,1,100,0.8875,0.025,4,2230604237,17000,6584,6437,6144,1.559535946,v2_avx512bw_vec32_exact_perm,56-83-82-39-8-86-37-9-72-100-2-80-26-1-21-55-28-47-99-32-92-25-81-94-38-63-68-65-71-23-69-89-16-49-43-78-52-54-59-14-35-22-33-75-12-66-20-29-45-73-10-48-17-3-34-62-87-76-74-79-77-97-90-31-67-91-60-44-13-15-84-18-36-61-64-51-70-50-53-58-40-93-57-46-85-7-24-96-6-11-4-42-98-30-5-27-88-95-41-19
Ta100x20,6,1,100,0.8875,0.025,5,2230605246,17000,6604,6437,6144,1.425419905,v2_avx512bw_vec32_exact_perm,20-21-39-82-2-12-86-37-100-72-1-38-97-32-8-88-60-14-9-99-25-70-33-92-66-10-76-75-94-30-52-69-17-98-83-56-23-65-96-40-55-77-50-24-47-59-81-84-58-89-16-45-78-71-28-49-22-85-27-35-64-34-91-31-46-80-87-57-13-95-5-3-53-18-26-68-74-15-51-62-7-73-93-63-11-6-41-4-36-42-67-29-48-44-43-79-90-54-19-61
Ta100x20,6,1,100,0.8875,0.025,6,2230606255,17000,6616,6437,6144,1.372819755,v2_avx512bw_vec32_exact_perm,83-39-72-56-19-20-76-86-89-82-100-98-32-40-94-65-91-2-8-69-7-27-12-50-97-21-80-47-4-23-38-1-37-25-71-33-78-16-34-48-60-55-13-43-52-81-35-53-26-70-28-49-75-5-3-42-14-99-59-58-62-10-87-9-67-66-79-46-63-57-45-92-31-24-85-61-64-17-74-36-77-15-68-22-44-84-96-41-73-90-88-51-93-54-6-18-29-30-95-11
Ta100x20,6,1,100,0.8875,0.025,7,2230607264,17000,6552,6437,6144,1.378086617,v2_avx512bw_vec32_exact_perm,56-39-86-32-83-43-60-84-71-12-88-2-72-1-100-28-8-26-81-59-99-44-31-82-33-25-20-37-69-78-92-7-4-75-65-29-52-53-89-16-14-30-27-80-47-34-48-73-40-76-91-38-66-94-79-58-67-9-45-55-5-13-97-23-10-87-77-17-68-96-64-36-49-63-21-35-90-93-54-51-6-61-24-70-18-85-22-57-74-3-62-42-50-41-95-15-46-98-19-11
Ta100x20,6,1,100,0.8875,0.025,8,2230608273,17000,6622,6437,6144,1.44271523,v2_avx512bw_vec32_exact_perm,56-83-20-28-31-78-38-69-8-39-82-88-30-2-1-86-72-55-14-100-74-37-25-26-80-75-10-99-50-12-23-33-92-59-76-98-60-47-18-94-52-79-66-71-15-81-16-29-27-93-65-21-48-77-32-97-84-5-57-73-34-9-89-49-53-45-17-22-70-13-44-68-95-40-4-64-58-43-36-35-11-51-7-24-61-87-3-62-46-41-96-91-42-85-90-6-54-63-67-19
Ta100x20,6,1,100,0.8875,0.025,9,2230609282,17000,6629,6437,6144,1.566453582,v2_avx512bw_vec32_exact_perm,56-26-83-82-39-86-37-8-9-32-64-89-34-19-72-55-69-14-52-49-100-18-42-1-63-99-25-38-85-58-76-2-94-59-50-68-40-4-22-71-46-92-60-16-10-98-23-36-65-70-17-81-47-97-66-24-15-87-75-77-3-30-91-48-73-96-93-78-33-57-7-84-43-88-31-95-12-74-27-21-62-6-13-5-53-45-20-44-28-41-79-61-80-54-90-51-35-67-29-11
Ta100x20,6,1,100,0.8875,0.025,10,2230610291,17000,6594,6437,6144,1.516864896,v2_avx512bw_vec32_exact_perm,56-82-39-86-23-32-89-72-8-7-88-27-83-74-80-12-58-99-92-19-65-16-45-14-31-15-29-9-60-3-34-54-1-37-69-55-38-25-100-33-85-94-48-43-50-76-20-66-71-2-21-17-52-40-18-4-28-13-64-79-57-36-35-81-73-26-98-10-53-87-41-90-70-63-22-49-77-97-75-78-46-67-68-59-61-6-24-96-5-62-44-30-51-91-93-84-42-47-95-11
Ta100x20,6,1,100,0.8875,0.05,1,2230601210,17000,6589,6437,6144,1.461300691,v2_avx512bw_vec32_exact_perm,56-83-82-86-39-72-32-84-100-1-37-92-26-52-11-81-76-69-8-99-9-98-80-65-14-54-78-59-33-25-44-88-61-20-36-15-24-46-68-66-21-35-16-50-12-2-29-10-22-60-87-57-31-7-58-34-49-89-71-13-41-55-74-38-23-43-77-91-73-85-94-97-67-79-28-4-47-5-75-48-51-64-18-70-96-27-3-40-30-93-90-62-45-42-17-53-95-6-63-19
Ta100x20,6,1,100,0.8875,0.05,2,2230602219,17000,6564,6437,6144,1.597609114,v2_avx512bw_vec32_exact_perm,86-88-83-32-33-39-82-20-28-37-40-55-100-75-8-98-79-12-99-92-69-14-11-80-21-25-81-53-1-36-38-52-58-56-2-91-60-71-9-76-7-51-3-94-66-34-89-74-5-64-4-29-97-26-70-62-10-65-96-73-57-18-15-84-24-61-16-87-13-78-49-77-27-22-47-23-48-68-45-63-46-17-72-42-85-50-93-30-43-44-54-35-59-90-6-67-31-95-41-19
Ta100x20,6,1,100,0.8875,0.05,3,2230603228,17000,6625,6437,6144,1.433712455,v2_avx512bw_vec32_exact_perm,83-20-82-2-37-26-38-9-100-39-86-79-68-98-70-92-89-33-45-99-72-47-12-57-56-69-1-94-65-7-8-97-34-40-76-4-10-29-3-49-27-78-16-21-14-15-31-28-35-53-71-22-81-13-74-87-58-52-5-43-50-60-88-36-41-66-25-80-64-32-91-77-23-6-85-17-24-96-75-44-62-46-30-63-48-59-55-54-93-84-90-73-42-18-51-67-95-11-19-61
Ta100x20,6,1,100,0.8875,0.05,4,2230604237,17000,6624,6437,6144,1.407282051,v2_avx512bw_vec32_exact_perm,56-82-9-21-83-37-32-7-39-8-88-33-75-54-23-1-12-92-28-63-2-52-47-3-71-81-96-38-89-79-15-98-99-40-19-72-74-97-69-35-76-87-80-45-22-66-10-58-55-34-16-53-31-25-17-70-14-44-46-65-78-24-48-27-86-100-84-85-60-57-64-5-77-50-91-13-93-94-59-68-6-4-36-26-18-51-73-11-67-29-49-43-30-20-95-42-90-41-62-61
Ta100x20,6,1,100,0.8875,0.05,5,2230605246,17000,6564,6437,6144,1.458812506,v2_avx512bw_vec32_exact_perm,56-83-7-37-76-20-82-55-32-14-10-16-88-39-45-92-65-69-66-9-100-86-89-8-99-25-57-98-47-60-68-2-1-52-70-43-12-28-81-23-15-6-94-77-80-34-13-38-84-31-51-97-29-73-21-35-58-40-42-17-30-24-4-96-75-87-79-48-71-3-63-74-33-5-72-91-11-64-36-19-78-49-22-59-18-85-46-44-27-26-41-93-53-95-62-90-54-67-50-61
Ta100x20,6,1,100,0.8875,0.05,6,2230606255,17000,6590,6437,6144,1.525600022,v2_avx512bw_vec32_exact_perm,56-86-39-82-76-88-20-83-98-38-89-29-12-37-7-80-32-65-19-70-69-8-9-31-1-71-92-16-23-10-27-99-49-40-34-84-58-26-13-52-3-60-91-55-2-5-25-24-22-78-94-75-59-66-36-63-48-74-100-97-4-64-14-51-33-93-81-53-61-42-28-73-15-72-68-87-17-96-57-85-43-45-6-95-79-46-62-18-77-67-41-35-21-44-47-50-30-90-54-11
Ta100x20,6,1,100,0.8875,0.05,7,2230607264,17000,6604,6437,6144,1.505350341,v2_avx512bw_vec32_exact_perm,56-86-39-72-8-88-65-83-98-32-10-47-74-82-99-97-12-75-7-23-1-15-28-45-37-69-100-76-27-25-80-68-31-91-77-94-54-2-81-92-71-26-4-89-34-33-61-64-20-49-19-55-14-38-43-79-53-52-40-24-84-70-35-18-17-87-63-66-96-57-46-73-85-60-67-58-42-51-16-59-21-5-22-44-62-50-13-93-78-29-9-3-36-48-6-41-30-95-90-11
Ta100x20,6,1,100,0.8875,0.05,8,2230608273,17000,6634,6437,6144,1.577073809,v2_avx512bw_vec32_exact_perm,56-83-26-39-86-72-100-98-82-89-66-15-99-74-75-7-88-14-21-80-9-76-23-69-8-63-10-55-45-94-71-92-87-50-46-81-34-47-37-2-53-25-49-38-11-1-58-73-43-20-51-19-35-60-30-22-24-61-5-27-40-52-68-97-28-78-33-64-32-84-4-17-18-67-70-65-85-77-96-6-13-44-91-36-16-93-31-79-90-12-29-3-59-62-42-54-48-57-41-95
Ta100x20,6,1,100,0.8875,0.05,9,2230609282,17000,6636,6437,6144,1.63440622,v2_avx512bw_vec32_exact_perm,56-82-39-98-20-33-67-72-89-92-55-7-43-2-37-10-86-23-80-32-99-1-52-65-47-34-78-27-66-87-75-26-48-31-14-38-9-94-8-24-25-53-22-69-15-50-81-29-100-13-96-83-12-58-73-95-74-62-40-76-18-59-35-51-68-16-61-79-4-42-63-64-57-21-45-60-71-17-3-46-36-84-93-91-49-70-97-5-88-77-28-41-30-90-6-85-44-11-19-54
Ta100x20,6,1,100,0.8875,0.05,10,2230610291,17000,6600,6437,6144,1.693386183,v2_avx512bw_vec32_exact_perm,56-82-39-98-2-26-9-1-32-89-86-52-91-100-3-40-29-78-37-71-16-83-94-92-54-49-14-21-47-88-66-77-55-63-99-12-13-64-72-76-28-8-75-97-7-4-34-65-53-25-17-87-74-6-68-36-24-61-69-81-38-90-23-22-70-48-33-42-27-10-80-62-30-5-57-43-60-84-59-31-58-96-79-15-85-45-50-41-73-19-35-46-44-67-51-93-20-18-95-11
Ta100x20,6,1,100,0.8875,0.075,1,2230601210,17000,6614,6437,6144,1.395932815,v2_avx512bw_vec32_exact_perm,83-86-72-88-100-39-82-1-37-30-21-56-12-26-33-8-57-60-10-99-98-24-40-94-54-69-81-76-97-16-92-45-3-34-23-58-38-74-89-91-17-70-75-14-2-4-25-50-42-47-65-78-27-85-28-55-52-79-71-9-22-43-77-49-64-32-96-31-7-80-29-11-66-48-84-68-63-15-53-95-5-46-36-13-93-51-87-35-90-20-73-62-59-6-18-67-44-41-19-61
Ta100x20,6,1,100,0.8875,0.075,2,2230602219,17000,6600,6437,6144,1.445184931,v2_avx512bw_vec32_exact_perm,56-82-83-86-88-39-8-26-74-24-70-78-65-10-14-9-76-34-37-23-38-60-100-28-13-72-81-63-12-45-69-55-89-95-43-66-5-84-25-58-99-59-32-52-18-2-35-98-16-30-47-92-87-21-29-94-80-33-31-40-91-15-50-79-64-57-75-36-85-97-3-71-48-7-54-68-1-22-46-44-77-49-11-42-96-90-73-93-27-62-4-53-51-67-20-19-17-6-41-61
Ta100x20,6,1,100,0.8875,0.075,3,2230603228,17000,6541,6437,6144,1.471395374,v2_avx512bw_vec32_exact_perm,56-32-39-63-21-83-89-86-82-69-60-34-31-40-7-37-2-78-41-88-65-8-97-1-99-19-77-55-30-74-33-71-64-75-13-100-76-98-59-18-25-80-10-81-53-38-14-72-58-26-49-27-12-28-48-66-94-91-23-35-9-70-17-87-3-84-47-57-5-20-24-22-92-29-85-45-44-52-46-68-61-51-15-73-36-62-79-93-67-42-50-16-96-6-4-95-43-11-90-54
Ta100x20,6,1,100,0.8875,0.075,4,2230604237,17000,6640,6437,6144,1.485608506,v2_avx512bw_vec32_exact_perm,83-82-9-32-56-76-99-33-88-39-8-47-78-98-21-37-26-34-65-60-52-100-28-1-12-75-13-62-69-2-16-97-72-15-66-74-71-94-7-46-68-3-45-48-14-81-6-92-43-10-55-40-91-25-63-89-87-24-64-77-84-35-49-11-38-96-31-50-58-42-29-27-85-73-90-53-95-61-70-93-51-80-30-22-5-36-79-17-86-67-4-23-59-18-57-20-44-41-19-54
Ta100x20,6,1,100,0.8875,0.075,5,2230605246,17000,6612,6437,6144,1.68698,v2_avx512bw_vec32_exact_perm,20-82-83-72-8-88-39-76-86-32-2-33-1-68-78-92-69-10-23-37-59-58-94-99-49-65-25-15-56-14-9-30-16-21-36-55-34-80-13-89-63-91-66-64-52-26-38-100-57-96-44-60-75-45-81-98-71-53-46-17-84-27-40-3-7-22-28-93-79-4-61-47-87-51-18-73-77-48-97-31-24-74-43-12-85-67-62-70-5-50-19-90-41-54-42-95-35-6-29-11
Ta100x20,6,1,100,0.8875,0.075,6,2230606255,17000,6632,6437,6144,1.521033784,v2_avx512bw_vec32_exact_perm,56-43-15-99-88-26-86-80-32-12-55-100-29-89-34-2-37-82-69-1-10-52-68-28-45-83-64-63-98-39-8-25-57-20-85-27-31-65-71-7-76-74-33-49-14-78-97-75-96-17-84-44-24-87-60-23-81-92-41-36-70-77-47-38-4-46-53-51-40-93-66-91-73-11-50-3-79-35-22-13-21-94-95-48-6-90-16-58-30-59-61-72-5-42-9-62-67-18-19-54
Ta100x20,6,1,100,0.8875,0.075,7,2230607264,17000,6632,6437,6144,1.455772121,v2_avx512bw_vec32_exact_perm,83-86-100-37-54-92-26-32-2-72-82-81-71-52-39-1-38-88-31-69-10-28-8-64-80-98-63-94-60-40-97-75-34-4-23-89-7-76-27-16-65-43-25-56-78-58-46-12-66-91-9-36-5-53-24-57-85-99-13-59-20-73-45-18-87-17-14-68-84-35-50-21-90-42-6-29-77-44-55-96-22-48-33-74-30-11-49-93-47-15-67-51-70-19-79-3-62-41-95-61
Ta100x20,6,1,100,0.8875,0.075,8,2230608273,17000,6553,6437,6144,1.5792834,v2_avx512bw_vec32_exact_perm,56-82-39-86-76-20-83-28-2-31-14-9-1-32-37-68-100-40-25-33-99-3-59-92-65-71-7-52-75-91-89-26-81-88-80-69-16-17-98-12-66-45-64-24-8-18-94-34-72-97-48-79-15-57-30-74-49-21-58-35-77-55-96-13-84-5-27-60-29-36-10-54-70-90-87-63-61-53-95-4-47-73-22-78-23-50-43-38-62-85-11-46-51-6-19-41-42-44-93-67
Ta100x20,6,1,100,0.8875,0.075,9,2230609282,17000,6569,6437,6144,1.597848515,v2_avx512bw_vec32_exact_perm,56-83-43-39-82-76-7-37-98-20-47-69-1-99-88-100-28-78-2-8-25-80-64-86-32-24-21-75-6-89-29-33-38-60-94-52-65-34-81-48-26-66-27-45-10-55-49-91-77-9-30-73-51-71-36-84-92-22-35-95-50-68-74-13-97-12-3-16-72-62-14-87-58-23-40-5-18-4-61-17-57-42-96-70-90-53-44-79-54-31-15-63-41-85-67-59-93-46-19-11
Ta100x20,6,1,100,0.8875,0.075,10,2230610291,17000,6623,6437,6144,1.799309014,v2_avx512bw_vec32_exact_perm,56-82-9-100-39-98-20-1-86-37-65-12-70-4-34-32-7-47-83-3-89-71-23-5-99-59-92-40-78-16-60-45-69-14-48-88-17-52-58-8-87-50-75-74-25-33-2-77-94-18-49-46-10-91-11-66-73-72-41-38-64-28-63-13-55-26-84-51-93-21-80-97-76-35-96-81-27-6-67-31-95-90-22-68-19-15-53-57-24-42-36-85-44-43-61-30-29-79-62-54
Ta100x20,6,1,100,0.8875,0.1,1,2230601210,17000,6589,6437,6144,1.643568754,v2_avx512bw_vec32_exact_perm,56-82-83-86-88-36-47-78-43-89-69-8-39-98-92-72-99-40-4-63-38-25-37-7-100-80-81-21-57-71-76-9-1-33-94-14-65-15-84-13-97-68-12-16-91-66-64-3-34-31-52-27-75-35-51-85-77-30-73-23-32-60-28-87-55-11-18-29-49-2-70-20-17-45-10-53-48-90-67-79-42-74-44-95-93-22-50-24-46-6-61-59-58-5-96-62-26-41-19-54
Ta100x20,6,1,100,0.8875,0.1,2,2230602219,17000,6585,6437,6144,1.405966468,v2_avx512bw_vec32_exact_perm,56-82-39-20-2-14-83-32-9-98-37-33-38-89-69-40-8-99-100-96-26-28-55-3-81-52-31-71-75-1-92-34-72-60-97-88-76-78-66-7-23-45-86-17-70-65-51-12-68-94-25-53-80-57-64-18-74-79-87-63-6-35-24-11-46-50-30-48-67-49-21-16-93-13-4-42-27-44-84-36-10-5-91-62-77-73-47-61-90-59-22-85-58-43-15-54-29-95-41-19
Ta100x20,6,1,100,0.8875,0.1,3,2230603228,17000,6585,6437,6144,1.66433738,v2_avx512bw_vec32_exact_perm,56-82-83-86-99-26-9-32-39-20-14-8-88-59-12-33-78-58-89-25-52-97-24-76-64-96-72-60-63-55-81-31-87-43-65-29-66-74-100-27-10-49-35-98-75-77-23-30-46-69-70-92-17-68-7-37-6-45-16-3-48-38-51-79-34-94-84-1-28-36-5-41-80-62-40-15-13-90-71-93-73-21-53-61-50-22-95-42-44-18-47-4-2-91-54-85-57-67-19-11
Ta100x20,6,1,100,0.8875,0.1,4,2230604237,17000,6575,6437,6144,1.523391245,v2_avx512bw_vec32_exact_perm,83-82-88-1-56-32-38-39-52-37-20-69-8-89-43-25-62-26-81-65-71-7-76-74-99-28-78-66-58-55-33-23-12-86-22-63-13-4-42-64-98-60-16-40-54-34-3-91-14-80-61-49-31-41-94-87-70-92-24-48-45-29-50-97-77-72-85-73-21-35-9-53-79-59-100-75-2-17-10-51-68-67-84-15-27-36-5-46-30-19-93-44-18-96-6-57-47-95-90-11
Ta100x20,6,1,100,0.8875,0.1,5,2230605246,17000,6566,6437,6144,1.785277522,v2_avx512bw_vec32_exact_perm,56-39-82-83-98-70-78-37-34-72-89-26-100-1-86-31-28-8-16-12-75-94-21-58-14-54-69-81-65-52-99-66-92-84-27-55-60-29-23-15-57-10-80-76-71-9-20-7-3-40-18-49-17-96-33-97-87-24-46-53-42-35-44-91-88-48-6-59-22-63-36-5-38-13-74-30-93-4-47-64-25-51-68-67-62-79-2-32-85-11-73-61-50-45-41-95-43-19-77-90
Ta100x20,6,1,100,0.8875,0.1,6,2230606255,17000,6606,6437,6144,1.841145736,v2_avx512bw_vec32_exact_perm,86-72-88-20-26-32-83-28-39-82-76-30-9-1-31-56-2-14-89-7-92-4-21-16-8-69-12-27-80-75-58-94-66-52-34-65-49-43-60-29-70-3-35-64-24-77-97-81-23-99-74-37-47-38-25-13-85-68-71-10-48-100-45-57-5-91-87-17-42-90-46-53-59-95-6-84-93-22-40-44-33-11-78-50-18-55-96-73-19-54-79-15-98-36-41-51-63-61-62-67
Ta100x20,6,1,100,0.8875,0.1,7,2230607264,17000,6588,6437,6144,1.701756509,v2_avx512bw_vec32_exact_perm,56-82-39-86-88-65-1-15-98-20-72-71-83-81-32-94-42-66-21-67-12-33-69-78-75-91-100-2-62-26-10-16-70-92-89-28-35-7-52-37-76-97-57-4-48-38-23-60-73-34-87-36-9-8-14-13-55-74-18-64-27-40-99-50-77-31-53-25-80-17-41-90-24-96-84-51-49-11-5-3-30-43-59-79-46-47-44-22-58-85-63-29-45-68-93-54-61-6-95-19
Ta100x20,6,1,100,0.8875,0.1,8,2230608273,17000,6564,6437,6144,1.857569137,v2_avx512bw_vec32_exact_perm,83-30-82-39-20-2-75-23-43-1-56-27-60-12-33-98-89-86-52-37-10-55-92-3-34-69-81-65-16-8-99-97-91-74-94-64-32-76-14-78-18-87-50-71-7-45-38-9-31-49-21-17-66-25-63-59-85-100-53-57-22-35-73-95-54-15-80-68-5-58-96-84-48-24-70-93-28-4-88-67-72-6-47-44-42-51-46-26-40-79-90-77-29-11-13-36-41-19-62-61
Ta100x20,6,1,100,0.8875,0.1,9,2230609282,17000,6600,6437,6144,1.796232036,v2_avx512bw_vec32_exact_perm,56-39-8-86-3-43-55-82-32-69-10-74-72-37-66-12-100-38-65-20-52-70-13-4-83-71-92-45-54-1-28-84-81-25-75-98-58-2-49-76-30-14-94-41-60-6-16-96-80-40-15-91-33-99-53-35-34-21-31-24-42-97-9-57-68-89-7-88-44-23-87-48-51-78-5-27-47-77-18-17-59-64-26-63-62-85-73-46-93-90-36-79-67-50-22-95-61-29-19-11
Ta100x20,6,1,100,0.8875,0.1,10,2230610291,17000,6585,6437,6144,1.686493003,v2_avx512bw_vec32_exact_perm,56-82-39-8-86-83-37-89-7-14-81-41-2-9-1-63-45-43-55-59-64-33-32-65-49-17-99-38-76-69-77-22-98-66-74-13-94-52-92-21-80-71-16-10-23-75-60-88-28-11-31-78-30-58-20-29-12-4-26-25-100-48-53-5-44-91-3-34-72-79-73-61-36-42-85-27-24-97-87-35-70-46-50-90-57-40-68-84-93-54-51-96-6-47-95-18-19-15-62-67
Ta100x20,6,1,100,0.8875,0.125,1,2230601210,17000,6530,6437,6144,1.673417093,v2_avx512bw_vec32_exact_perm,56-82-83-86-39-72-20-2-37-40-8-88-76-34-38-89-7-27-47-21-65-66-16-25-1-33-78-94-63-100-36-81-92-24-75-50-26-10-69-52-30-4-71-32-58-3-74-84-14-60-97-51-55-12-28-91-61-49-70-87-90-13-48-79-93-99-68-67-64-9-45-15-96-80-31-29-53-77-17-57-5-22-6-44-11-23-98-42-18-85-43-59-73-62-46-95-41-19-35-54
Ta100x20,6,1,100,0.8875,0.125,2,2230602219,17000,6703,6437,6144,1.619628403,v2_avx512bw_vec32_exact_perm,20-56-71-39-19-2-8-32-89-86-82-10-81-99-63-69-83-72-78-28-55-41-87-92-97-25-1-88-53-80-34-47-77-75-4-91-35-100-37-12-70-73-9-65-11-68-14-44-33-48-43-66-76-67-16-60-96-94-18-52-50-22-21-58-13-23-38-40-57-7-79-17-84-30-45-3-74-15-27-85-98-24-54-46-49-59-31-26-64-51-5-90-93-36-42-62-29-6-95-61
Ta100x20,6,1,100,0.8875,0.125,3,2230603228,17000,6497,6437,6144,1.694173625,v2_avx512bw_vec32_exact_perm,56-83-43-39-1-98-20-82-24-88-76-92-10-78-27-99-2-28-80-31-8-38-86-89-87-71-9-33-60-12-37-34-55-21-3-29-100-32-58-66-48-16-13-7-30-74-94-25-41-5-65-14-52-54-4-97-42-72-15-95-18-26-50-23-68-40-64-49-77-90-91-70-81-17-96-57-79-67-36-75-85-69-35-53-59-44-22-63-84-45-73-62-6-46-51-93-11-47-19-61
Ta100x20,6,1,100,0.8875,0.125,4,2230604237,17000,6634,6437,6144,1.677932594,v2_avx512bw_vec32_exact_perm,20-82-83-86-89-74-80-65-10-16-39-63-69-1-52-27-68-2-81-8-58-88-70-37-76-71-75-100-13-40-7-78-33-23-50-38-25-73-12-28-35-98-85-41-22-3-87-57-26-56-34-49-9-55-14-92-47-42-59-4-99-30-45-32-66-17-15-84-5-43-21-93-48-77-44-24-53-96-29-97-60-61-94-36-79-31-95-18-62-54-72-64-51-91-46-6-90-67-19-11
Ta100x20,6,1,100,0.8875,0.125,5,2230605246,17000,6575,6437,6144,1.704367765,v2_avx512bw_vec32_exact_perm,86-72-88-83-39-8-26-9-24-2-92-37-76-74-33-29-89-10-56-57-38-63-45-68-16-64-34-31-55-69-1-52-7-58-20-82-71-94-23-40-75-11-80-78-98-30-79-99-44-13-41-66-59-100-18-3-87-14-35-84-43-51-32-25-6-91-12-46-49-60-61-21-28-81-5-22-53-95-17-65-70-90-42-27-77-47-97-4-67-50-93-36-48-96-85-73-19-15-62-54
Ta100x20,6,1,100,0.8875,0.125,6,2230606255,17000,6586,6437,6144,1.523405557,v2_avx512bw_vec32_exact_perm,56-83-86-82-39-43-76-20-37-26-55-68-78-28-23-32-69-12-25-100-75-98-8-88-89-80-91-14-60-42-1-52-33-34-16-65-40-72-4-18-70-63-66-97-67-73-10-29-94-31-41-87-81-58-36-95-92-61-85-99-74-53-51-22-79-38-15-45-9-71-48-62-47-7-77-2-24-3-64-13-84-5-17-44-96-30-49-27-93-21-6-59-90-50-11-57-46-35-19-54
Ta100x20,6,1,100,0.8875,0.125,7,2230607264,17000,6630,6437,6144,1.471607542,v2_avx512bw_vec32_exact_perm,56-39-68-82-26-76-74-99-83-34-65-72-78-7-2-29-1-21-80-57-86-89-40-55-66-9-32-98-22-14-60-67-94-97-33-8-69-47-12-5-25-27-92-87-4-31-48-17-38-6-52-91-10-16-53-100-35-79-96-24-93-75-28-36-88-50-58-70-81-63-64-3-71-45-84-37-11-73-13-44-42-61-59-85-43-95-49-23-77-46-20-51-18-30-15-90-41-19-62-54
Ta100x20,6,1,100,0.8875,0.125,8,2230608273,17000,6584,6437,6144,1.4269806,v2_avx512bw_vec32_exact_perm,56-82-83-86-39-68-100-95-12-33-26-24-98-20-3-37-65-74-8-69-1-52-10-64-81-71-89-76-50-91-34-75-49-7-38-2-13-58-25-99-14-55-21-92-57-78-40-27-84-9-11-73-41-35-85-70-28-15-96-31-53-80-18-60-45-16-30-32-66-22-46-44-42-59-43-5-48-94-51-87-88-17-62-6-77-29-72-97-47-4-67-36-90-79-93-54-23-63-19-61
Ta100x20,6,1,100,0.8875,0.125,9,2230609282,17000,6567,6437,6144,1.409033997,v2_avx512bw_vec32_exact_perm,56-82-83-86-72-20-1-43-33-2-69-52-26-37-10-8-99-34-39-41-89-85-59-45-60-55-100-92-25-18-76-49-14-94-63-70-28-78-54-65-44-23-88-3-71-7-38-4-75-58-81-40-12-96-27-80-67-73-62-31-29-79-42-35-66-91-21-64-57-77-90-24-46-17-84-50-68-61-87-13-15-98-51-36-16-5-22-74-47-93-95-53-97-19-6-32-30-9-48-11
Ta100x20,6,1,100,0.8875,0.125,10,2230610291,17000,6581,6437,6144,1.298549369,v2_avx512bw_vec32_exact_perm,56-83-86-100-1-38-32-20-8-88-37-2-69-10-82-9-89-70-14-81-99-52-92-80-28-91-55-39-33-34-30-3-60-75-79-98-78-41-40-68-17-27-23-12-24-97-76-51-31-64-43-49-25-72-35-74-71-7-18-4-84-66-53-5-94-42-87-95-73-58-77-13-16-22-45-47-65-48-59-26-44-62-63-46-57-85-15-36-21-93-50-11-67-90-61-29-6-96-19-54
Ta100x20,6,1,100,0.925,0.025,1,2230601210,17000,6622,6437,6144,1.672524777,v2_avx512bw_vec32_exact_perm,83-54-39-82-8-12-21-99-40-17-98-2-33-89-37-1-72-58-88-56-25-76-66-16-20-86-24-78-60-23-69-52-43-31-55-7-28-80-14-75-9-34-65-32-74-26-94-49-91-61-53-38-70-45-73-46-10-81-30-51-97-15-57-92-68-19-3-71-87-84-93-4-36-13-64-77-29-85-50-41-100-48-79-5-44-35-96-27-22-6-90-63-59-11-47-42-95-18-62-67
Ta100x20,6,1,100,0.925,0.025,2,2230602219,17000,6638,6437,6144,1.706002575,v2_avx512bw_vec32_exact_perm,83-9-20-26-32-64-39-82-92-37-2-8-24-81-29-76-69-99-1-10-100-28-3-89-96-66-16-45-68-34-75-52-80-12-65-57-78-91-50-40-7-47-18-77-23-55-98-13-42-56-85-27-15-74-94-53-63-60-71-87-31-14-84-59-97-72-79-6-25-58-93-49-38-46-30-22-48-33-61-44-5-95-90-41-36-35-21-73-19-17-88-70-43-4-86-62-54-67-51-11
Ta100x20,6,1,100,0.925,0.025,3,2230603228,17000,6610,6437,6144,1.65987103,v2_avx512bw_vec32_exact_perm,56-39-82-83-86-88-58-78-32-99-9-100-27-65-98-89-74-70-76-37-20-40-66-52-33-8-92-25-1-94-22-63-60-80-30-18-7-75-55-96-26-23-97-3-15-16-34-69-81-95-35-43-47-87-85-4-14-12-31-71-17-28-24-84-36-90-64-42-77-46-49-68-10-48-67-57-13-91-51-38-53-59-73-45-79-11-2-41-29-44-21-72-93-6-19-62-5-54-50-61
Ta100x20,6,1,100,0.925,0.025,4,2230604237,17000,6546,6437,6144,1.49056815,v2_avx512bw_vec32_exact_perm,56-86-83-32-88-39-82-26-20-89-8-91-2-10-12-37-98-38-19-65-29-76-52-99-66-9-1-100-74-50-92-69-70-75-3-68-59-40-60-78-28-7-97-45-58-23-35-77-55-96-94-84-14-81-33-95-72-31-34-64-25-80-18-87-4-46-53-61-24-51-22-49-47-15-67-41-73-21-36-85-27-44-13-54-42-5-90-30-62-71-17-6-63-16-79-93-43-48-57-11
Ta100x20,6,1,100,0.925,0.025,5,2230605246,17000,6595,6437,6144,1.562150615,v2_avx512bw_vec32_exact_perm,56-83-43-39-7-8-88-26-3-32-82-76-69-12-29-89-1-74-66-91-99-84-92-2-10-72-33-15-27-98-4-65-34-60-37-70-100-49-19-81-55-13-38-17-14-52-86-75-68-23-25-21-80-11-53-48-47-5-64-51-24-94-46-97-40-45-50-42-58-35-96-30-44-87-57-77-62-73-71-9-20-78-67-90-6-63-22-28-79-61-16-36-31-85-93-41-95-18-59-54
Ta100x20,6,1,100,0.925,0.025,6,2230606255,17000,6627,6437,6144,1.522029872,v2_avx512bw_vec32_exact_perm,56-83-82-78-80-86-26-9-65-32-10-37-30-38-39-69-89-34-55-25-8-7-23-15-57-3-47-72-71-75-42-49-98-1-21-60-16-97-70-92-94-33-84-76-14-58-35-40-99-59-90-4-74-27-100-88-28-31-66-81-52-12-67-36-68-48-5-29-77-2-53-18-85-24-64-50-20-45-62-93-51-91-46-87-13-6-96-79-73-17-11-44-43-22-19-95-41-54-63-61
Ta100x20,6,1,100,0.925,0.025,7,2230607264,17000,6619,6437,6144,1.453453466,v2_avx512bw_vec32_exact_perm,56-86-2-33-39-72-82-26-64-98-43-20-8-37-99-28-31-1-88-76-69-81-65-38-49-100-74-79-45-83-63-60-34-89-52-29-92-12-87-66-27-85-71-97-16-32-61-80-48-77-75-51-94-7-35-55-58-22-14-84-10-13-50-41-24-42-3-30-15-68-25-91-70-78-4-18-44-23-5-57-6-53-46-59-93-47-40-96-17-95-21-73-62-9-36-11-90-67-19-54
Ta100x20,6,1,100,0.925,0.025,8,2230608273,17000,6650,6437,6144,1.415071883,v2_avx512bw_vec32_exact_perm,56-82-72-26-21-39-8-86-9-100-47-37-55-29-99-83-96-35-34-6-38-3-69-88-81-78-58-32-98-15-89-87-57-43-94-84-36-92-25-76-68-45-66-22-80-65-63-23-40-1-16-10-28-12-75-4-2-77-53-33-71-48-31-5-59-97-62-24-20-60-51-73-61-85-91-14-46-13-27-52-74-11-64-18-49-90-67-70-17-42-50-93-79-30-7-44-41-95-19-54
Ta100x20,6,1,100,0.925,0.025,9,2230609282,17000,6580,6437,6144,1.598649799,v2_avx512bw_vec32_exact_perm,56-39-8-83-98-72-21-82-12-45-28-78-54-1-43-37-73-20-74-38-89-63-88-60-25-80-55-34-81-76-92-19-91-97-16-2-4-100-14-33-99-10-75-52-65-69-71-48-26-24-9-7-94-70-31-18-58-27-22-66-84-87-35-3-47-13-15-95-23-44-46-53-41-49-40-59-62-51-5-42-68-86-64-57-36-85-32-67-79-17-96-6-93-50-30-29-77-90-11-61
Ta100x20,6,1,100,0.925,0.025,10,2230610291,17000,6585,6437,6144,1.645983563,v2_avx512bw_vec32_exact_perm,56-86-72-83-88-39-82-92-27-12-99-38-30-37-2-52-8-33-7-20-76-47-19-60-9-69-80-32-1-94-28-65-23-55-26-25-16-68-89-70-14-81-91-100-40-41-10-66-24-84-63-64-78-17-98-97-11-45-58-21-74-57-18-31-75-59-5-42-53-4-87-35-34-49-22-3-71-90-51-54-48-79-73-46-15-13-93-44-96-29-6-77-36-43-85-50-62-67-95-61
Ta100x20,6,1,100,0.925,0.05,1,2230601210,17000,6594,6437,6144,1.50592346,v2_avx512bw_vec32_exact_perm,56-82-88-83-37-47-40-1-99-80-38-98-30-39-72-43-10-71-89-33-48-45-76-24-78-86-92-84-52-100-57-21-14-65-81-68-2-67-94-60-28-12-58-74-97-55-26-8-27-31-5-18-25-66-4-41-22-6-77-75-49-34-36-35-50-9-69-79-32-23-15-16-13-87-17-96-95-44-11-85-70-46-90-3-91-64-42-53-51-7-59-73-93-62-29-20-63-61-19-54
Ta100x20,6,1,100,0.925,0.05,2,2230602219,17000,6554,6437,6144,1.658323393,v2_avx512bw_vec32_exact_perm,56-39-82-1-86-21-83-9-100-37-69-8-88-26-98-15-3-65-16-89-59-38-63-40-45-68-66-94-31-2-12-91-76-54-14-10-47-71-52-75-50-99-33-5-60-30-97-44-70-92-57-81-34-87-58-13-55-25-77-80-53-29-20-18-7-84-4-23-79-42-73-28-35-78-11-46-48-27-72-24-64-74-17-43-85-61-51-6-32-96-49-93-22-90-36-62-67-95-41-19
Ta100x20,6,1,100,0.925,0.05,3,2230603228,17000,6521,6437,6144,1.713458147,v2_avx512bw_vec32_exact_perm,56-83-82-39-38-86-37-88-8-99-26-32-7-2-68-89-71-31-12-28-49-1-92-45-52-97-72-10-76-29-33-80-34-55-98-59-65-16-74-20-85-94-14-18-27-100-75-66-60-5-3-22-4-48-15-24-25-79-43-96-84-47-23-81-87-17-77-69-35-36-64-91-9-73-13-78-95-30-21-44-58-11-67-62-40-90-70-6-63-42-50-93-41-46-53-19-51-54-57-61
Ta100x20,6,1,100,0.925,0.05,4,2230604237,17000,6607,6437,6144,1.713115479,v2_avx512bw_vec32_exact_perm,56-86-2-83-9-39-82-99-63-1-20-92-72-37-21-55-74-89-68-25-14-100-65-32-66-42-27-81-30-15-33-12-28-35-31-8-48-69-52-29-24-94-60-84-34-80-40-88-50-38-70-4-97-76-91-11-67-58-73-45-47-16-10-90-87-71-7-13-78-17-23-95-77-22-75-49-5-53-46-98-6-96-64-79-44-43-51-3-85-26-93-57-18-59-54-41-36-19-62-61
Ta100x20,6,1,100,0.925,0.05,5,2230605246,17000,6583,6437,6144,1.67237785,v2_avx512bw_vec32_exact_perm,56-86-83-82-72-21-39-26-9-1-20-69-100-63-32-78-37-91-89-68-88-8-65-7-75-23-81-97-77-55-2-48-45-14-98-40-33-64-92-17-25-70-12-80-34-57-31-66-58-94-38-43-52-3-71-13-29-60-87-6-96-35-44-16-84-93-59-47-28-4-99-79-76-15-10-24-50-22-61-41-74-18-11-49-42-53-46-51-30-5-27-36-62-73-85-54-90-67-95-19
Ta100x20,6,1,100,0.925,0.05,6,2230606255,17000,6562,6437,6144,1.455418814,v2_avx512bw_vec32_exact_perm,56-82-83-1-86-31-43-76-26-98-89-70-15-37-34-39-45-30-80-28-60-55-63-84-8-69-16-71-9-99-59-92-94-21-97-66-75-47-23-40-38-79-3-87-13-10-29-27-12-5-14-22-81-65-17-25-33-52-49-58-67-4-72-74-32-18-78-35-100-57-7-48-53-91-2-24-61-20-36-46-44-51-42-93-54-90-88-85-6-77-68-96-64-50-19-41-73-62-95-11
Ta100x20,6,1,100,0.925,0.05,7,2230607264,17000,6559,6437,6144,1.503441722,v2_avx512bw_vec32_exact_perm,56-82-83-86-39-43-37-1-55-88-100-25-72-99-32-68-52-65-8-71-9-49-10-26-98-12-22-50-97-92-7-94-36-61-33-87-14-34-81-75-30-57-2-38-58-89-44-31-96-59-66-84-69-80-76-63-27-24-40-5-78-62-53-60-16-23-18-70-74-17-3-91-20-15-64-29-28-4-13-42-54-6-46-48-45-41-85-51-21-77-73-95-79-47-93-35-90-67-19-11
Ta100x20,6,1,100,0.925,0.05,8,2230608273,17000,6628,6437,6144,1.615583846,v2_avx512bw_vec32_exact_perm,56-39-83-86-54-92-76-98-82-2-8-99-59-78-52-32-37-66-100-21-75-9-30-71-89-69-7-81-20-14-12-94-51-33-25-23-68-88-65-1-45-28-97-38-18-60-26-84-35-96-64-27-80-4-67-3-91-10-55-36-5-22-13-73-95-58-90-34-53-79-40-72-16-87-77-29-6-31-17-49-19-47-70-50-42-63-74-41-85-15-46-44-43-61-93-48-24-62-57-11
Ta100x20,6,1,100,0.925,0.05,9,2230609282,17000,6586,6437,6144,1.693549759,v2_avx512bw_vec32_exact_perm,20-43-83-1-32-69-60-88-89-7-8-26-52-37-65-10-57-100-92-86-55-71-25-33-15-39-23-28-40-94-9-82-16-98-56-76-66-14-12-75-81-99-47-21-48-45-53-95-73-77-13-91-78-30-97-58-74-46-34-72-80-93-42-31-27-62-35-85-96-87-29-44-6-59-17-11-24-38-84-5-64-90-50-70-36-3-51-68-2-41-4-22-49-18-67-79-61-63-19-54
Ta100x20,6,1,100,0.925,0.05,10,2230610291,17000,6567,6437,6144,1.777321278,v2_avx512bw_vec32_exact_perm,56-83-86-39-82-99-9-30-32-10-100-98-72-31-1-92-45-28-65-2-52-68-16-8-46-26-78-7-37-21-14-89-55-71-34-81-4-69-66-74-80-88-43-12-75-67-27-84-15-13-58-87-60-38-94-36-23-95-91-64-49-93-76-50-22-18-79-48-73-5-25-35-51-77-90-54-3-70-41-44-96-33-6-40-17-24-53-47-61-29-85-63-20-59-97-62-57-42-19-11
Ta100x20,6,1,100,0.925,0.075,1,2230601210,17000,6569,6437,6144,1.479660172,v2_avx512bw_vec32_exact_perm,56-82-86-72-88-76-21-100-39-8-1-43-94-81-41-83-26-98-32-69-2-89-85-27-12-47-10-24-66-65-29-78-28-30-55-31-7-34-64-14-92-60-37-23-25-38-4-97-77-52-53-75-67-49-22-63-45-99-48-80-74-17-36-58-96-95-33-40-93-35-91-73-15-6-71-9-13-70-20-90-16-59-18-68-50-84-51-61-5-87-79-44-54-46-3-62-57-42-19-11
Ta100x20,6,1,100,0.925,0.075,2,2230602219,17000,6558,6437,6144,1.435248483,v2_avx512bw_vec32_exact_perm,56-39-82-83-86-21-89-8-37-9-12-96-33-54-2-66-32-20-52-47-24-25-55-10-72-97-23-92-22-1-99-49-48-14-28-65-16-69-5-40-79-87-26-63-11-60-38-81-74-94-35-53-59-27-84-80-34-93-62-73-98-78-64-91-45-71-44-75-70-4-18-76-68-100-29-6-13-50-77-36-46-7-3-58-51-31-43-85-30-95-15-57-42-17-90-67-41-88-19-61
Ta100x20,6,1,100,0.925,0.075,3,2230603228,17000,6602,6437,6144,1.609453975,v2_avx512bw_vec32_exact_perm,56-39-43-83-8-86-72-26-31-15-33-25-99-98-82-64-70-2-47-89-1-28-85-76-14-10-37-22-66-9-53-38-60-27-4-23-34-6-32-40-49-63-92-12-91-97-16-20-44-55-96-29-78-65-7-71-5-87-94-13-17-52-84-73-58-93-18-35-30-77-45-74-54-46-24-69-100-48-90-21-80-51-75-67-81-57-79-59-3-68-61-95-62-42-50-41-36-88-19-11
Ta100x20,6,1,100,0.925,0.075,4,2230604237,17000,6564,6437,6144,1.675282104,v2_avx512bw_vec32_exact_perm,56-83-86-89-82-38-37-9-39-21-8-1-97-43-12-3-72-66-76-88-35-92-25-7-20-26-16-53-44-63-52-99-23-80-32-65-10-28-59-60-73-62-5-34-2-81-27-77-68-54-74-50-75-49-94-69-47-71-45-100-33-78-48-96-87-58-42-29-40-30-17-90-70-14-6-91-93-55-84-13-24-64-95-18-22-51-79-15-31-41-46-36-85-67-4-57-11-98-19-61
Ta100x20,6,1,100,0.925,0.075,5,2230605246,17000,6570,6437,6144,1.664267042,v2_avx512bw_vec32_exact_perm,56-20-83-82-32-92-72-69-1-16-2-100-37-40-8-86-99-80-39-57-88-43-89-38-66-14-75-68-10-23-17-76-45-91-98-81-74-65-79-94-7-36-26-12-4-25-35-63-64-97-49-27-11-21-55-50-3-58-71-78-18-59-31-53-46-95-60-85-42-29-34-30-9-73-6-33-96-52-15-84-24-13-93-22-48-47-44-87-77-41-51-5-54-90-70-61-28-19-62-67
Ta100x20,6,1,100,0.925,0.075,6,2230606255,17000,6557,6437,6144,1.701388146,v2_avx512bw_vec32_exact_perm,56-82-39-72-8-9-2-1-86-83-23-32-69-89-10-71-7-76-100-59-81-26-92-98-94-99-25-37-87-3-68-33-5-27-40-58-78-12-28-65-96-55-46-21-29-80-60-88-50-66-16-22-48-63-11-24-45-64-49-43-61-13-91-42-73-30-74-79-97-38-17-84-14-15-52-31-34-47-35-70-44-95-20-4-57-18-85-6-77-36-90-53-75-51-93-41-62-67-19-54
Ta100x20,6,1,100,0.925,0.075,7,2230607264,17000,6593,6437,6144,1.45892176,v2_avx512bw_vec32_exact_perm,56-39-43-83-82-76-67-99-72-7-37-100-98-1-92-2-89-19-26-94-74-18-32-80-25-33-38-66-55-59-86-52-31-45-71-9-10-58-29-78-23-73-20-28-81-8-65-69-70-35-16-60-34-75-53-40-97-49-15-77-91-88-13-64-4-21-47-24-14-12-41-95-84-6-90-5-87-48-22-27-44-68-3-96-17-79-93-62-36-30-42-50-63-46-85-11-54-51-57-61
Ta100x20,6,1,100,0.925,0.075,8,2230608273,17000,6639,6437,6144,1.986003985,v2_avx512bw_vec32_exact_perm,56-54-1-99-9-32-100-39-63-89-82-4-65-34-72-83-37-68-92-52-66-59-58-94-25-76-81-21-5-69-80-86-2-71-12-33-98-35-3-20-62-60-24-29-10-15-28-41-84-55-45-64-50-87-13-8-14-30-49-38-46-97-36-26-7-70-47-17-77-57-85-43-96-73-78-91-93-23-16-48-31-27-79-42-90-53-74-88-44-22-11-51-40-75-6-67-19-95-18-61
Ta100x20,6,1,100,0.925,0.075,9,2230609282,17000,6617,6437,6144,1.523007449,v2_avx512bw_vec32_exact_perm,56-82-83-86-39-43-100-37-26-38-9-20-92-99-76-45-2-65-25-8-47-52-29-32-80-10-24-12-1-75-53-90-70-66-89-95-33-81-34-16-72-78-46-91-84-69-77-6-55-5-96-18-87-50-13-88-97-14-48-35-7-42-59-4-36-40-94-28-73-85-71-11-3-30-44-27-22-62-93-98-23-31-79-74-41-64-49-68-51-21-15-58-57-60-54-17-67-63-19-61
Ta100x20,6,1,100,0.925,0.075,10,2230610291,17000,6632,6437,6144,1.784392015,v2_avx512bw_vec32_exact_perm,56-39-58-37-9-54-1-20-26-38-89-82-83-69-8-27-99-10-68-55-34-16-14-81-87-32-92-79-94-96-80-75-12-25-65-29-100-35-98-2-30-72-86-48-24-23-60-33-52-74-66-78-51-70-88-7-91-22-6-97-36-13-5-18-71-76-59-62-73-40-28-49-45-46-85-67-53-4-95-64-47-15-93-31-57-17-77-63-3-84-41-50-42-21-44-19-43-11-90-61
Ta100x20,6,1,100,0.925,0.1,1,2230601210,17000,6602,6437,6144,1.841148079,v2_avx512bw_vec32_exact_perm,56-39-86-100-32-7-26-37-2-55-92-98-3-88-21-82-1-97-20-83-8-16-89-25-38-11-74-28-78-60-24-65-84-34-15-99-36-85-58-48-69-43-4-96-30-70-50-81-12-45-75-23-14-33-35-52-17-18-93-94-71-31-49-76-63-64-72-66-29-77-73-68-61-27-22-9-47-87-40-53-59-79-46-57-13-44-91-42-62-5-6-51-10-67-80-90-54-95-41-19
Ta100x20,6,1,100,0.925,0.1,2,2230602219,17000,6561,6437,6144,1.67068355,v2_avx512bw_vec32_exact_perm,56-82-39-20-83-37-21-8-88-3-12-67-33-78-89-34-99-69-40-80-92-96-55-52-16-26-57-81-66-100-28-60-32-2-91-97-76-7-5-4-98-31-72-9-1-94-43-25-49-22-35-18-15-70-50-58-71-74-65-64-86-53-48-38-93-84-24-13-23-30-73-63-87-42-14-85-59-44-62-46-79-45-17-27-10-75-95-68-6-77-29-47-11-36-51-54-90-61-41-19
Ta100x20,6,1,100,0.925,0.1,3,2230603228,17000,6622,6437,6144,1.504557192,v2_avx512bw_vec32_exact_perm,56-83-86-39-82-54-32-37-7-21-80-23-1-89-8-25-99-9-26-12-28-58-36-74-65-94-2-41-69-4-40-66-22-15-53-27-92-71-3-81-34-72-60-84-55-31-14-63-64-97-52-98-19-49-38-33-17-96-75-20-100-29-10-78-87-24-13-18-73-30-91-70-5-77-62-76-68-88-50-46-44-47-67-42-90-51-61-79-85-43-48-6-16-45-35-59-93-57-95-11
Ta100x20,6,1,100,0.925,0.1,4,2230604237,17000,6581,6437,6144,1.598576768,v2_avx512bw_vec32_exact_perm,56-98-72-88-83-39-82-37-32-38-100-89-8-57-20-28-1-81-40-55-86-9-24-23-65-14-52-99-33-78-91-76-3-10-30-27-16-66-80-12-92-97-69-74-29-48-15-36-21-45-58-94-75-79-68-25-47-64-60-71-17-84-2-63-77-4-46-87-67-13-35-49-22-34-54-5-93-50-26-44-31-96-41-85-70-90-7-43-62-73-42-51-53-6-59-18-95-11-19-61
Ta100x20,6,1,100,0.925,0.1,5,2230605246,17000,6616,6437,6144,1.811226416,v2_avx512bw_vec32_exact_perm,56-20-1-32-100-72-82-38-83-98-27-10-30-39-68-14-12-2-37-69-8-43-16-97-66-78-49-41-99-25-79-70-9-92-65-94-55-81-34-91-52-3-7-26-80-46-77-89-29-6-75-21-33-22-44-13-42-24-87-48-96-17-73-45-60-18-95-28-76-84-57-5-88-40-4-11-58-53-74-71-85-47-93-67-86-90-59-54-64-31-15-51-36-62-35-23-50-63-19-61
Ta100x20,6,1,100,0.925,0.1,6,2230606255,17000,6562,6437,6144,1.539054814,v2_avx512bw_vec32_exact_perm,56-82-72-32-39-8-99-20-59-33-75-92-26-60-86-37-21-55-74-65-29-88-89-16-84-69-15-83-34-58-25-79-78-9-53-1-94-23-24-28-40-81-100-45-76-63-18-2-31-52-66-17-91-12-19-64-50-36-68-42-27-7-3-87-35-13-4-71-10-97-70-43-48-14-6-41-80-38-46-44-77-98-54-90-49-96-22-85-30-73-57-5-61-93-51-62-67-47-95-11
Ta100x20,6,1,100,0.925,0.1,7,2230607264,17000,6569,6437,6144,1.585830031,v2_avx512bw_vec32_exact_perm,56-39-83-86-70-2-8-26-9-1-63-89-82-12-33-22-99-15-28-74-58-88-25-32-37-68-87-23-65-45-16-81-10-69-27-55-50-34-40-44-4-92-31-71-97-100-48-18-76-72-66-13-38-94-60-14-30-52-75-54-35-7-96-95-17-6-84-80-24-5-61-21-3-93-53-41-51-49-36-64-57-47-78-79-91-73-77-62-98-20-46-85-59-43-42-90-29-67-19-11
Ta100x20,6,1,100,0.925,0.1,8,2230608273,17000,6612,6437,6144,1.60353845,v2_avx512bw_vec32_exact_perm,56-39-82-9-37-68-2-8-88-63-21-55-89-86-100-92-25-16-76-19-83-72-33-1-78-75-60-34-52-3-69-97-66-38-32-81-45-59-28-15-31-23-65-74-94-71-13-29-64-12-18-35-87-40-95-98-62-7-73-5-99-96-80-58-77-36-46-85-26-43-48-93-91-53-14-24-61-4-84-22-47-79-44-67-10-51-41-17-50-30-70-20-57-42-27-6-90-54-49-11
Ta100x20,6,1,100,0.925,0.1,9,2230609282,17000,6567,6437,6144,1.598472827,v2_avx512bw_vec32_exact_perm,56-82-83-1-86-32-37-9-100-65-12-63-21-23-7-26-39-27-92-4-69-66-54-52-28-99-33-15-89-81-96-55-43-74-13-40-94-30-71-18-78-72-73-64-57-85-58-98-45-68-31-25-80-95-76-38-34-17-49-35-2-22-60-24-77-47-44-46-6-91-3-67-10-16-20-79-53-97-5-36-90-75-87-59-84-48-51-93-88-8-50-70-14-41-62-42-19-29-11-61
Ta100x20,6,1,100,0.925,0.1,10,2230610291,17000,6608,6437,6144,1.528995311,v2_avx512bw_vec32_exact_perm,56-82-39-20-29-89-10-30-92-88-1-99-59-38-100-65-25-55-7-76-14-37-2-69-60-52-83-86-33-81-98-78-58-8-67-31-28-70-84-35-68-45-47-40-27-94-5-63-71-75-36-23-85-22-97-77-19-80-9-13-87-43-3-49-72-34-79-21-17-66-91-12-50-18-32-93-74-64-6-41-15-44-4-46-53-51-16-42-24-11-73-90-96-54-48-95-26-62-57-61
Ta100x20,6,1,100,0.925,0.125,1,2230601210,17000,6576,6437,6144,1.619790381,v2_avx512bw_vec32_exact_perm,56-83-82-86-39-32-72-76-100-1-37-20-47-71-7-89-26-28-12-63-16-88-80-30-75-85-59-97-92-45-60-94-14-65-41-21-23-66-81-40-70-50-18-91-52-31-93-49-17-42-69-27-8-33-10-55-34-25-87-58-48-99-4-79-98-77-43-35-9-13-2-3-6-96-78-74-22-73-38-67-15-53-84-24-29-36-64-46-44-68-19-90-54-61-51-95-5-62-57-11
Ta100x20,6,1,100,0.925,0.125,2,2230602219,17000,6585,6437,6144,1.596798349,v2_avx512bw_vec32_exact_perm,56-82-83-86-32-1-37-9-7-20-22-72-100-39-8-69-88-71-48-70-25-80-12-98-65-38-89-21-35-50-52-94-18-76-33-10-31-51-34-81-66-91-77-97-27-78-84-99-57-16-2-42-3-4-64-92-30-14-79-28-55-74-11-58-13-68-26-40-23-60-29-73-53-59-44-43-5-36-85-19-17-24-93-75-6-67-46-49-96-45-15-47-95-41-87-90-63-62-54-61
Ta100x20,6,1,100,0.925,0.125,3,2230603228,17000,6612,6437,6144,1.397415625,v2_avx512bw_vec32_exact_perm,82-39-21-89-15-27-68-66-31-14-9-20-76-69-83-63-10-37-52-65-16-74-94-60-7-8-86-55-34-33-12-2-32-72-97-80-99-23-85-71-100-57-98-77-49-75-26-11-29-13-56-92-87-84-1-93-25-58-81-70-91-3-53-46-48-28-78-30-73-79-22-40-50-95-35-47-45-64-24-17-5-36-43-4-54-44-59-38-88-90-62-96-42-6-67-51-18-19-41-61
Ta100x20,6,1,100,0.925,0.125,4,2230604237,17000,6570,6437,6144,1.681270887,v2_avx512bw_vec32_exact_perm,56-39-86-83-82-12-72-88-2-8-100-1-37-98-20-40-29-16-65-99-14-69-81-77-74-31-68-47-71-10-52-30-28-58-55-33-48-45-89-87-50-66-92-76-21-91-42-9-97-34-25-80-38-94-32-67-22-49-6-7-18-53-78-17-59-24-75-36-84-35-70-43-85-44-96-54-73-13-15-90-23-95-4-64-19-26-46-3-93-27-60-63-11-51-79-62-41-57-5-61
Ta100x20,6,1,100,0.925,0.125,5,2230605246,17000,6703,6437,6144,1.785533169,v2_avx512bw_vec32_exact_perm,20-100-26-39-82-89-8-86-75-37-74-33-52-83-7-31-14-54-80-18-12-63-34-45-28-55-92-2-4-70-47-98-65-56-25-68-84-61-42-24-64-1-43-66-81-38-69-27-60-99-32-50-96-49-40-91-76-23-85-13-71-78-94-29-77-73-10-48-72-22-5-17-16-21-97-35-9-51-59-46-87-44-3-93-53-79-11-6-19-15-36-62-90-67-58-88-30-57-41-95
Ta100x20,6,1,100,0.925,0.125,6,2230606255,17000,6590,6437,6144,1.780940968,v2_avx512bw_vec32_exact_perm,56-88-20-83-2-82-39-38-1-28-32-78-34-89-45-37-47-33-26-94-12-69-81-7-58-63-99-25-8-52-79-16-100-65-24-76-68-10-29-15-22-98-50-49-23-70-27-72-18-92-40-73-21-48-80-86-71-31-77-66-60-36-91-64-4-13-5-35-96-84-90-14-55-11-74-17-43-87-57-3-42-59-53-97-30-19-75-6-95-85-46-62-54-9-67-44-41-51-93-61
Ta100x20,6,1,100,0.925,0.125,7,2230607264,17000,6538,6437,6144,1.667435832,v2_avx512bw_vec32_exact_perm,56-82-83-86-21-37-33-39-8-88-98-20-92-72-99-26-55-34-89-1-100-28-38-57-74-65-25-7-80-94-32-79-40-81-2-27-4-54-52-18-60-24-85-71-97-96-58-35-48-70-63-64-50-16-31-78-14-43-13-12-69-17-23-76-66-59-75-44-62-68-45-51-30-46-5-87-53-77-49-91-67-9-22-6-3-29-10-36-84-15-47-19-73-42-93-11-90-41-95-61
Ta100x20,6,1,100,0.925,0.125,8,2230608273,17000,6642,6437,6144,1.612987183,v2_avx512bw_vec32_exact_perm,56-54-1-100-82-83-37-7-26-25-39-20-55-38-29-88-14-68-33-78-70-98-89-12-28-81-74-97-87-32-58-60-69-99-71-76-3-75-8-34-2-52-9-94-79-92-10-57-65-45-4-84-63-40-93-11-96-80-48-35-23-64-5-72-27-31-66-21-17-15-24-62-13-16-36-22-85-50-77-53-18-73-59-6-91-95-46-30-47-49-86-41-42-90-43-67-44-61-51-19
Ta100x20,6,1,100,0.925,0.125,9,2230609282,17000,6547,6437,6144,1.534560361,v2_avx512bw_vec32_exact_perm,56-82-83-86-39-20-2-37-52-100-1-14-43-89-8-98-69-81-26-27-12-63-88-4-92-87-23-72-25-80-32-71-40-33-85-99-50-94-48-67-65-70-78-28-22-49-18-76-34-66-31-77-36-10-68-91-45-17-55-84-95-75-5-53-7-57-79-3-38-16-47-24-61-21-13-60-97-62-29-42-73-64-59-58-9-30-93-51-74-44-41-96-6-19-15-46-35-11-90-54
Ta100x20,6,1,100,0.925,0.125,10,2230610291,17000,6598,6437,6144,1.428343273,v2_avx512bw_vec32_exact_perm,56-39-8-86-72-83-33-82-99-9-1-20-37-100-47-26-75-15-69-57-10-76-50-38-60-88-23-24-89-81-91-34-52-80-2-16-79-77-74-65-90-59-12-55-32-97-87-98-36-84-92-19-45-43-17-71-64-49-4-18-46-7-3-25-93-6-41-40-53-14-68-22-48-35-67-73-21-28-13-58-66-94-42-51-85-11-70-44-29-31-78-63-5-96-27-61-30-62-95-54
Ta100x20,6,1,100,0.9625,0.025,1,2230601210,17000,6557,6437,6144,1.950047544,v2_avx512bw_vec32_exact_perm,56-82-39-86-72-88-83-37-40-22-8-12-100-98-89-69-7-99-60-76-27-16-21-14-65-52-66-10-9-80-67-28-32-23-73-75-79-81-26-3-92-30-71-31-85-41-5-25-68-74-94-87-58-57-78-77-91-20-13-44-55-2-33-34-48-95-4-1-97-38-84-63-42-17-24-64-96-49-90-70-62-46-15-50-61-53-59-36-18-6-45-35-47-19-43-29-54-51-93-11
Ta100x20,6,1,100,0.9625,0.025,2,2230602219,17000,6652,6437,6144,1.745746473,v2_avx512bw_vec32_exact_perm,20-32-37-82-83-56-9-12-34-72-80-96-94-33-39-92-30-21-52-58-66-88-97-76-26-100-14-55-57-98-10-51-65-78-70-68-2-29-81-99-89-1-86-4-71-74-64-28-3-38-25-23-60-73-69-31-91-8-48-49-24-46-93-54-17-40-77-36-35-7-6-45-15-75-53-44-61-16-13-84-50-5-27-18-22-79-43-42-90-59-87-85-63-62-47-67-95-41-19-11
Ta100x20,6,1,100,0.9625,0.025,3,2230603228,17000,6569,6437,6144,1.935092438,v2_avx512bw_vec32_exact_perm,83-86-39-82-72-76-26-9-32-2-7-56-1-43-94-66-12-52-37-20-31-71-25-85-100-41-80-98-14-60-16-11-87-92-3-69-35-28-22-55-70-33-65-34-81-8-88-97-68-48-57-74-46-23-15-10-51-78-73-27-21-45-75-89-67-44-58-30-62-91-5-53-49-38-96-64-77-50-79-90-99-13-59-84-40-17-93-24-54-18-36-42-4-29-6-47-61-63-95-19
Ta100x20,6,1,100,0.9625,0.025,4,2230604237,17000,6594,6437,6144,1.965673792,v2_avx512bw_vec32_exact_perm,56-39-82-37-9-20-96-1-72-83-47-2-12-27-80-99-19-76-29-68-100-32-38-69-45-65-60-49-10-52-71-81-23-74-15-97-86-11-55-13-64-14-30-16-92-89-91-78-43-59-66-48-21-73-4-57-53-40-5-25-33-22-75-8-50-98-79-18-94-42-17-36-67-70-85-31-28-87-77-35-84-44-46-7-58-34-3-24-88-90-6-93-41-95-54-26-63-51-62-61
Ta100x20,6,1,100,0.9625,0.025,5,2230605246,17000,6588,6437,6144,1.987502792,v2_avx512bw_vec32_exact_perm,56-82-39-8-26-10-37-94-20-14-9-1-92-72-70-83-28-3-68-52-55-34-16-80-32-65-71-89-69-97-66-38-98-12-91-84-2-60-5-76-25-86-33-23-73-78-63-88-100-29-40-58-11-17-87-96-44-81-53-24-48-45-54-30-74-75-51-79-64-35-27-22-77-57-49-46-93-7-36-4-42-99-13-21-62-95-6-50-41-85-31-59-47-15-19-43-90-67-18-61
Ta100x20,6,1,100,0.9625,0.025,6,2230606255,17000,6589,6437,6144,1.656931141,v2_avx512bw_vec32_exact_perm,56-39-20-82-60-2-12-86-3-69-52-8-37-10-100-57-33-89-1-98-26-68-34-16-45-81-27-32-66-64-28-31-80-76-92-83-30-91-23-24-99-25-7-78-79-46-47-58-74-94-61-29-21-48-65-71-85-73-75-72-14-13-38-55-77-36-70-17-49-97-88-90-67-62-44-5-11-63-42-4-6-40-35-96-50-43-22-87-51-18-84-15-9-53-59-95-41-19-93-54
Ta100x20,6,1,100,0.9625,0.025,7,2230607264,17000,6594,6437,6144,1.605731668,v2_avx512bw_vec32_exact_perm,56-82-39-86-100-27-83-8-37-10-98-72-88-43-2-65-12-71-81-47-76-52-66-29-3-99-26-7-31-80-34-63-1-38-55-33-78-48-16-14-32-89-69-24-64-49-41-45-17-75-25-68-22-60-84-28-94-79-44-53-23-42-58-15-91-9-97-36-51-35-70-13-40-50-30-5-18-11-77-87-57-20-46-92-85-95-74-96-4-21-62-54-73-67-90-59-6-93-19-61
Ta100x20,6,1,100,0.9625,0.025,8,2230608273,17000,6604,6437,6144,1.650225822,v2_avx512bw_vec32_exact_perm,56-86-83-30-32-20-82-99-21-7-100-39-37-14-76-49-92-88-25-1-68-34-55-2-89-27-69-80-8-98-10-38-36-97-81-72-44-12-33-29-65-77-94-66-45-48-70-58-73-40-43-13-4-62-47-71-52-16-31-28-78-23-75-79-35-60-67-84-51-87-24-46-5-17-26-9-53-93-41-15-3-91-54-74-18-85-50-42-64-96-22-59-90-6-63-95-11-57-19-61
Ta100x20,6,1,100,0.9625,0.025,9,2230609282,17000,6631,6437,6144,1.638222687,v2_avx512bw_vec32_exact_perm,56-82-9-23-72-83-1-86-32-21-47-92-2-49-27-74-10-37-80-39-69-88-43-8-25-66-12-70-98-81-34-78-33-52-89-24-16-54-45-100-14-65-91-97-55-42-17-63-5-40-20-29-60-94-30-28-87-75-76-71-48-51-6-4-18-7-53-38-44-13-77-41-84-19-15-50-22-26-68-3-31-57-35-67-99-79-85-64-58-96-59-73-36-93-62-46-90-95-11-61
Ta100x20,6,1,100,0.9625,0.025,10,2230610291,17000,6616,6437,6144,1.555130871,v2_avx512bw_vec32_exact_perm,56-20-82-1-12-69-83-37-88-8-39-32-28-33-78-98-72-99-38-14-40-97-89-80-86-48-91-55-2-100-63-75-76-10-7-43-27-60-65-49-45-52-71-70-9-68-31-81-34-13-58-4-87-92-16-23-96-35-94-66-22-25-24-84-74-47-54-44-61-36-79-77-64-18-26-73-51-21-62-5-15-57-11-90-53-29-46-85-30-93-59-42-17-6-50-67-3-19-41-95
Ta100x20,6,1,100,0.9625,0.05,1,2230601210,17000,6599,6437,6144,1.698684324,v2_avx512bw_vec32_exact_perm,56-82-39-86-100-98-32-2-83-37-54-1-59-45-78-28-89-55-92-25-43-66-52-99-8-7-21-88-80-63-12-36-18-16-65-70-85-57-22-13-87-14-10-58-81-23-9-38-3-72-33-35-69-4-71-64-76-96-31-15-79-48-60-34-49-97-94-91-75-42-5-26-77-84-47-50-40-68-17-61-30-74-24-93-62-73-41-67-46-44-20-51-6-90-95-53-27-19-29-11
Ta100x20,6,1,100,0.9625,0.05,2,2230602219,17000,6618,6437,6144,1.539400536,v2_avx512bw_vec32_exact_perm,56-43-1-99-8-88-83-98-32-68-14-39-89-29-20-25-60-100-92-12-27-52-9-16-2-33-34-37-81-76-54-4-45-18-7-65-82-31-28-47-78-71-55-5-59-30-75-66-10-21-24-97-91-3-77-84-80-87-13-17-74-69-94-23-15-58-63-57-40-79-38-96-26-48-64-36-49-22-35-93-51-46-90-70-50-42-53-86-6-72-85-44-41-67-62-73-95-11-19-61
Ta100x20,6,1,100,0.9625,0.05,3,2230603228,17000,6532,6437,6144,1.497504782,v2_avx512bw_vec32_exact_perm,56-82-83-86-21-89-72-38-26-39-8-69-16-3-66-70-20-28-60-37-30-75-80-100-25-77-33-76-68-12-92-29-94-2-1-18-99-23-97-9-71-49-88-59-10-65-78-52-48-5-98-14-41-45-58-81-74-17-55-53-84-19-31-15-91-87-32-50-35-34-46-36-85-24-61-7-27-22-6-63-13-79-96-40-64-44-90-54-4-67-73-43-47-42-95-62-57-51-93-11
Ta100x20,6,1,100,0.9625,0.05,4,2230604237,17000,6602,6437,6144,1.455362823,v2_avx512bw_vec32_exact_perm,56-39-8-76-82-9-1-43-99-50-20-68-55-34-2-28-12-33-3-37-83-69-66-38-98-72-91-78-100-80-63-32-27-10-16-31-14-65-89-71-84-40-4-59-15-94-18-23-13-64-81-35-7-19-26-29-58-70-92-52-60-30-74-46-5-96-87-22-17-49-77-97-36-86-45-73-53-75-21-48-47-44-67-62-88-79-24-25-6-42-11-90-51-54-85-93-41-95-57-61
Ta100x20,6,1,100,0.9625,0.05,5,2230605246,17000,6660,6437,6144,1.579620781,v2_avx512bw_vec32_exact_perm,56-32-82-3-40-8-83-26-9-100-98-89-37-1-99-20-52-14-47-81-97-91-38-80-25-12-33-24-48-88-39-92-79-76-41-10-78-29-94-64-72-66-34-16-71-13-68-45-87-57-6-77-31-69-17-5-28-30-55-60-63-44-23-75-36-74-85-27-22-58-84-35-65-59-50-7-86-53-70-61-18-49-42-43-73-96-15-62-51-2-21-4-46-19-93-11-67-95-90-54
Ta100x20,6,1,100,0.9625,0.05,6,2230606255,17000,6629,6437,6144,1.499279233,v2_avx512bw_vec32_exact_perm,56-54-83-82-2-8-86-39-12-20-72-80-97-26-32-65-38-74-25-58-37-1-9-98-60-69-94-71-89-49-100-99-92-27-16-40-7-33-66-70-81-43-35-10-31-59-84-50-21-24-52-75-55-5-18-13-29-3-87-78-14-53-76-91-34-85-6-45-95-15-90-22-47-48-67-64-51-63-68-30-77-88-73-93-17-96-79-36-4-57-42-44-62-11-46-23-28-41-19-61
Ta100x20,6,1,100,0.9625,0.05,7,2230607264,17000,6616,6437,6144,1.350375518,v2_avx512bw_vec32_exact_perm,56-86-39-83-98-43-72-2-68-82-12-33-92-55-23-37-88-8-16-100-57-65-76-25-80-32-34-60-1-81-71-52-21-94-48-19-7-58-63-75-74-70-45-18-99-13-53-6-69-89-87-14-31-15-97-44-91-10-42-20-35-28-4-41-78-79-36-46-62-64-66-17-24-77-84-26-51-3-67-90-49-22-59-73-47-38-40-95-93-9-30-54-29-5-96-27-85-50-11-61
Ta100x20,6,1,100,0.9625,0.05,8,2230608273,17000,6618,6437,6144,1.486026174,v2_avx512bw_vec32_exact_perm,56-39-15-37-20-21-8-99-10-82-75-98-89-70-38-68-23-50-12-92-25-55-34-72-83-28-81-33-26-78-29-76-94-100-66-18-1-57-40-9-53-54-14-16-58-42-32-59-60-52-5-65-2-97-4-86-13-24-79-48-74-64-27-36-3-84-85-71-17-96-93-91-31-49-73-69-87-95-77-46-7-43-6-90-61-47-80-35-67-88-41-45-63-19-22-30-51-44-62-11
Ta100x20,6,1,100,0.9625,0.05,9,2230609282,17000,6562,6437,6144,1.544889187,v2_avx512bw_vec32_exact_perm,56-86-32-82-76-1-88-39-20-89-19-38-9-92-33-2-72-83-34-65-16-45-81-8-26-7-99-69-14-12-94-37-62-48-80-27-74-71-77-66-17-10-49-64-53-28-3-31-63-21-24-52-55-97-78-57-100-59-47-13-25-58-87-30-60-75-51-93-84-35-15-68-23-98-22-50-70-18-73-36-40-91-5-96-6-46-79-44-41-42-85-43-90-67-95-4-54-29-11-61
Ta100x20,6,1,100,0.9625,0.05,10,2230610291,17000,6542,6437,6144,1.419951155,v2_avx512bw_vec32_exact_perm,56-82-39-43-83-15-27-9-31-69-26-59-80-32-68-25-4-38-2-37-89-66-58-72-88-55-34-65-1-86-60-23-74-33-67-45-81-99-28-49-8-87-71-7-75-53-29-73-12-76-14-52-97-92-3-64-95-85-77-94-17-10-24-98-84-41-50-100-5-40-96-57-79-47-78-46-91-22-6-48-51-35-21-36-93-18-70-54-90-13-16-20-62-30-63-42-44-11-19-61
Ta100x20,6,1,100,0.9625,0.075,1,2230601210,17000,6600,6437,6144,1.651218512,v2_avx512bw_vec32_exact_perm,56-86-39-32-37-54-1-43-82-83-7-27-28-2-89-38-33-12-99-29-8-20-71-81-36-66-64-16-69-55-92-10-47-91-45-25-15-9-98-100-94-23-65-61-24-40-68-50-51-72-14-87-80-78-13-75-96-60-76-22-49-95-77-97-35-70-90-26-31-84-58-41-42-74-53-52-46-18-59-85-73-88-93-48-5-21-17-57-30-44-62-79-3-67-4-34-6-63-19-11
Ta100x20,6,1,100,0.9625,0.075,2,2230602219,17000,6625,6437,6144,1.551237211,v2_avx512bw_vec32_exact_perm,39-54-2-1-56-82-26-83-86-46-37-12-20-69-52-99-80-28-76-81-7-32-92-88-8-94-14-33-65-74-89-25-17-72-68-87-97-77-60-30-66-95-64-3-98-29-78-24-40-70-100-90-21-55-18-34-44-58-35-13-27-71-42-9-23-49-91-5-10-11-51-31-85-43-16-59-75-15-67-57-4-53-84-38-50-22-45-47-79-96-73-36-62-48-93-6-63-41-19-61
Ta100x20,6,1,100,0.9625,0.075,3,2230603228,17000,6542,6437,6144,1.669004472,v2_avx512bw_vec32_exact_perm,56-82-39-86-21-3-92-88-2-80-63-40-32-69-83-30-52-43-76-29-78-14-89-54-74-41-60-55-10-34-23-58-16-45-65-1-12-28-81-37-84-8-46-99-48-24-26-33-94-6-72-51-66-5-22-13-75-59-4-97-100-25-38-50-79-18-15-98-61-31-91-87-85-27-64-77-36-35-9-68-96-70-73-53-44-47-93-62-7-17-20-49-71-95-90-11-67-57-42-19
Ta100x20,6,1,100,0.9625,0.075,4,2230604237,17000,6594,6437,6144,1.445462196,v2_avx512bw_vec32_exact_perm,83-86-39-82-8-37-9-98-20-32-65-60-99-26-34-76-12-69-27-17-2-56-31-16-50-38-28-30-40-74-4-97-72-33-35-100-7-93-92-1-43-91-94-77-23-58-36-66-75-5-89-21-52-25-55-68-10-53-81-84-14-71-49-78-57-47-15-95-24-3-54-48-85-87-51-70-46-22-73-96-79-13-18-59-64-45-44-41-6-80-67-90-29-42-11-19-88-63-62-61
Ta100x20,6,1,100,0.9625,0.075,5,2230605246,17000,6611,6437,6144,1.596280621,v2_avx512bw_vec32_exact_perm,56-83-20-1-100-63-12-32-69-72-66-74-98-89-33-30-27-9-60-68-34-99-10-3-37-25-76-52-80-84-39-29-53-38-78-14-28-82-64-81-97-26-16-23-77-65-92-59-94-79-18-55-2-31-7-71-75-24-40-8-86-48-73-58-42-93-36-62-22-57-85-96-13-15-49-21-17-91-45-70-43-35-50-87-4-46-90-54-5-6-11-67-88-44-61-47-51-95-41-19
Ta100x20,6,1,100,0.9625,0.075,6,2230606255,17000,6573,6437,6144,1.387226282,v2_avx512bw_vec32_exact_perm,56-39-27-20-32-33-82-40-83-8-86-89-69-30-37-12-2-29-80-98-60-26-7-94-28-79-76-63-38-70-48-4-66-100-31-41-1-71-92-16-10-81-43-45-99-84-65-25-35-68-55-34-74-17-52-58-5-22-53-95-75-77-13-97-73-85-14-9-96-6-44-11-72-42-91-21-78-50-87-46-90-23-3-18-59-64-49-67-47-24-88-15-93-36-19-62-57-61-51-54
Ta100x20,6,1,100,0.9625,0.075,7,2230607264,17000,6569,6437,6144,1.491405873,v2_avx512bw_vec32_exact_perm,56-39-2-8-37-32-12-86-100-33-98-82-88-31-1-89-71-83-7-28-94-69-80-40-76-77-97-81-30-34-66-52-79-9-92-55-23-57-10-59-68-14-4-87-75-3-72-58-65-16-67-91-26-13-45-64-47-62-25-49-21-17-42-35-70-90-84-27-5-60-63-36-74-18-15-73-50-96-22-41-85-93-53-95-38-46-24-78-11-99-29-48-20-44-54-51-6-19-43-61
Ta100x20,6,1,100,0.9625,0.075,8,2230608273,17000,6556,6437,6144,1.404513116,v2_avx512bw_vec32_exact_perm,56-86-83-43-37-12-88-8-99-33-20-39-89-71-72-58-30-75-66-1-38-52-25-9-53-23-68-74-94-70-92-69-80-14-55-34-97-2-76-11-15-28-13-49-4-26-18-100-59-98-93-57-31-85-27-82-96-73-79-40-10-81-22-65-35-60-16-29-45-78-87-32-17-7-50-21-64-24-3-91-62-84-5-67-6-95-77-46-63-48-47-51-42-90-54-61-44-36-41-19
Ta100x20,6,1,100,0.9625,0.075,9,2230609282,17000,6554,6437,6144,1.453852158,v2_avx512bw_vec32_exact_perm,56-82-83-86-39-72-8-2-47-25-38-33-37-54-32-89-12-69-85-27-58-99-78-92-66-43-1-94-29-76-7-22-88-100-14-65-15-57-40-68-50-26-81-96-55-52-28-71-4-84-10-3-80-98-67-5-21-75-53-36-70-60-34-48-16-45-17-18-13-64-49-51-35-93-59-6-62-24-46-44-41-42-73-90-23-30-87-77-74-9-97-63-79-61-31-20-91-19-95-11
Ta100x20,6,1,100,0.9625,0.075,10,2230610291,17000,6655,6437,6144,1.433531603,v2_avx512bw_vec32_exact_perm,56-39-15-54-89-82-86-2-9-65-99-92-1-43-83-37-7-31-14-88-55-52-32-12-28-97-8-78-81-34-18-57-72-94-84-79-40-76-50-38-45-53-25-80-4-59-71-33-74-75-100-26-5-62-21-98-68-91-77-66-58-13-16-10-64-47-36-96-35-49-70-23-27-17-42-24-69-60-44-11-63-87-3-20-6-29-85-67-46-30-90-73-48-51-93-22-41-95-19-61
Ta100x20,6,1,100,0.9625,0.1,1,2230601210,17000,6580,6437,6144,1.41497442,v2_avx512bw_vec32_exact_perm,56-83-86-33-88-39-82-20-65-8-96-1-16-38-99-2-37-74-89-7-18-55-25-98-68-92-52-69-100-50-26-72-81-76-34-17-54-24-29-40-78-94-31-30-77-23-28-5-43-80-4-71-10-75-84-3-60-91-70-66-64-14-79-9-12-27-13-41-48-73-22-15-36-93-49-51-21-35-59-97-44-47-63-57-87-85-46-53-45-58-67-19-6-32-90-62-42-11-95-61
Ta100x20,6,1,100,0.9625,0.1,2,2230602219,17000,6615,6437,6144,1.479213071,v2_avx512bw_vec32_exact_perm,56-82-39-86-37-9-20-83-58-26-76-21-99-92-28-72-33-55-2-32-81-8-35-96-30-46-7-94-10-100-74-45-65-66-71-63-70-89-64-25-16-98-80-77-47-97-3-68-69-23-61-75-85-29-1-12-36-34-6-60-38-14-91-4-13-87-11-17-49-40-27-93-43-84-15-79-48-31-24-5-62-19-53-88-52-22-73-57-41-44-42-78-90-18-67-59-54-51-95-50
Ta100x20,6,1,100,0.9625,0.1,3,2230603228,17000,6524,6437,6144,1.593789637,v2_avx512bw_vec32_exact_perm,56-39-82-83-86-32-72-80-58-37-12-9-98-21-89-99-8-47-26-16-28-1-68-65-38-94-50-88-91-85-100-14-67-33-81-2-60-57-5-13-53-40-52-75-97-15-35-34-76-59-74-78-24-62-43-48-66-55-96-73-20-25-23-63-87-10-4-22-92-71-36-49-64-77-17-69-46-7-84-70-79-90-18-11-42-51-3-6-29-93-31-41-30-45-44-54-95-27-19-61
Ta100x20,6,1,100,0.9625,0.1,4,2230604237,17000,6597,6437,6144,1.421366788,v2_avx512bw_vec32_exact_perm,83-20-43-89-12-8-37-88-39-92-7-82-99-28-2-1-86-55-4-21-76-69-100-14-75-80-58-25-56-57-10-32-78-68-98-52-38-33-53-29-31-42-81-97-26-23-60-63-74-91-64-16-77-65-5-94-50-18-66-30-70-84-3-34-71-85-27-40-13-73-93-72-87-46-24-90-61-49-59-54-17-45-48-36-44-47-22-79-15-67-95-9-41-35-96-51-6-19-62-11
Ta100x20,6,1,100,0.9625,0.1,5,2230605246,17000,6577,6437,6144,1.559555733,v2_avx512bw_vec32_exact_perm,83-82-39-7-98-20-32-37-56-2-8-99-25-47-15-33-26-94-70-92-10-4-58-72-60-71-76-86-84-13-69-12-68-45-78-59-46-100-28-66-89-91-81-14-55-88-23-65-38-52-51-22-35-75-96-1-97-57-85-36-74-64-27-3-34-49-18-48-30-29-17-24-87-5-6-63-19-62-79-67-73-11-43-40-44-16-21-80-77-9-31-93-53-42-50-41-90-54-95-61
Ta100x20,6,1,100,0.9625,0.1,6,2230606255,17000,6598,6437,6144,1.550894506,v2_avx512bw_vec32_exact_perm,83-86-88-39-76-30-32-89-56-72-65-25-37-7-20-68-10-82-69-8-87-29-55-2-60-28-12-23-4-67-98-94-79-52-9-99-92-1-54-14-78-71-31-33-34-100-48-36-5-81-75-19-53-40-17-74-13-38-66-70-15-97-50-77-16-22-3-51-91-73-45-35-58-84-96-64-80-93-47-95-21-46-42-90-6-18-59-11-49-43-26-57-85-27-61-24-44-63-41-62
Ta100x20,6,1,100,0.9625,0.1,7,2230607264,17000,6566,6437,6144,1.526751981,v2_avx512bw_vec32_exact_perm,56-83-86-82-26-76-32-2-68-9-1-100-27-89-34-39-8-75-78-37-7-43-33-52-99-25-81-45-58-15-60-97-53-88-57-12-92-16-14-21-4-66-72-10-30-71-64-31-63-84-18-74-50-70-80-40-35-28-47-11-87-77-98-49-69-17-42-51-5-94-22-13-79-44-67-65-55-96-73-95-38-59-90-24-3-54-85-93-91-23-6-46-36-19-41-48-20-29-62-61
Ta100x20,6,1,100,0.9625,0.1,8,2230608273,17000,6601,6437,6144,1.638011973,v2_avx512bw_vec32_exact_perm,56-20-2-83-86-60-37-100-43-76-82-9-12-99-92-89-67-69-91-1-94-14-8-52-39-81-66-28-68-23-32-75-21-57-33-87-13-78-25-55-7-80-34-65-71-48-70-90-98-26-3-84-79-15-72-35-74-97-5-27-63-31-40-77-22-50-49-18-17-30-88-59-38-73-10-29-58-36-93-64-47-4-42-41-44-24-96-62-85-6-16-61-46-53-45-51-95-54-19-11
Ta100x20,6,1,100,0.9625,0.1,9,2230609282,17000,6616,6437,6144,1.621880203,v2_avx512bw_vec32_exact_perm,56-83-82-39-9-100-37-98-1-89-86-72-64-99-20-26-4-34-65-69-78-63-2-12-7-33-8-94-28-6-32-81-25-55-92-38-45-54-66-13-52-47-16-71-14-60-10-36-58-75-22-21-76-97-53-74-40-61-51-35-87-77-17-73-19-49-43-30-29-31-70-68-48-44-27-80-57-46-90-85-24-18-84-67-23-15-3-91-59-5-62-42-79-88-96-50-93-41-95-11
Ta100x20,6,1,100,0.9625,0.1,10,2230610291,17000,6588,6437,6144,1.430710782,v2_avx512bw_vec32_exact_perm,83-82-9-100-98-32-39-43-1-8-2-12-37-7-33-23-86-89-56-52-38-14-48-72-99-4-71-81-92-13-54-26-94-74-15-91-31-70-80-97-35-34-25-47-58-55-69-78-77-59-46-17-68-50-5-87-36-28-20-3-65-16-85-24-66-11-96-60-73-75-45-30-29-93-64-53-76-51-42-79-88-44-41-84-40-95-10-63-62-22-49-57-67-21-18-27-6-90-61-19
Ta100x20,6,1,100,0.9625,0.125,1,2230601210,17000,6577,6437,6144,1.560262936,v2_avx512bw_vec32_exact_perm,56-83-82-39-98-20-33-32-2-37-54-1-72-10-76-100-86-47-8-99-25-63-65-12-94-3-69-40-55-52-80-92-71-28-49-9-45-23-81-7-35-43-60-96-26-4-16-64-77-58-29-73-53-42-14-68-75-34-79-89-74-97-85-48-19-22-24-17-70-38-50-31-61-87-91-15-13-27-84-66-44-78-18-59-46-36-67-88-93-51-6-90-57-21-62-5-30-41-95-11
Ta100x20,6,1,100,0.9625,0.125,2,2230602219,17000,6580,6437,6144,1.583566764,v2_avx512bw_vec32_exact_perm,56-54-1-83-69-82-39-72-63-2-26-9-21-89-7-100-92-37-71-52-94-8-58-88-40-81-12-28-65-74-24-50-99-38-23-25-33-78-10-60-27-53-55-91-14-75-66-76-64-45-32-5-31-97-67-59-84-35-18-49-22-17-70-98-20-4-87-16-86-80-3-13-34-61-48-57-15-85-68-73-43-79-77-62-46-90-96-30-6-44-47-11-29-42-93-36-51-95-41-19
Ta100x20,6,1,100,0.9625,0.125,3,2230603228,17000,6614,6437,6144,1.555156845,v2_avx512bw_vec32_exact_perm,56-32-39-8-99-26-86-43-55-12-29-94-89-80-34-16-31-70-65-69-82-83-23-88-28-40-66-11-87-92-24-37-7-100-45-38-1-9-97-4-96-71-20-75-49-77-2-10-47-60-6-14-76-91-98-3-81-22-53-85-59-50-5-84-44-25-18-27-13-78-36-68-79-52-35-64-67-48-93-58-72-74-95-90-73-42-21-17-63-54-33-15-46-51-30-62-41-57-19-61
Ta100x20,6,1,100,0.9625,0.125,4,2230604237,17000,6663,6437,6144,1.446165852,v2_avx512bw_vec32_exact_perm,83-82-9-20-69-37-8-88-39-89-7-32-56-25-12-52-58-66-26-75-30-18-76-72-23-1-38-4-99-63-14-68-46-65-81-10-55-87-28-33-98-78-47-67-16-35-73-80-96-70-48-94-42-91-2-24-93-49-100-27-92-57-22-29-60-64-50-40-45-13-3-34-15-21-17-74-71-77-86-44-31-84-79-54-19-59-90-5-53-43-51-62-6-36-85-97-11-95-41-61
Ta100x20,6,1,100,0.9625,0.125,5,2230605246,17000,6529,6437,6144,1.597819661,v2_avx512bw_vec32_exact_perm,56-83-86-2-72-80-32-65-39-82-26-9-60-98-47-23-14-12-37-34-52-33-40-100-57-89-91-69-85-87-8-7-76-95-58-99-16-92-1-94-97-66-70-75-77-59-88-4-43-31-55-81-10-53-18-25-78-3-38-51-71-17-96-64-48-20-24-84-13-5-27-45-28-15-6-62-74-35-63-22-68-67-73-61-21-49-44-41-42-50-93-79-36-46-90-30-54-29-19-11
Ta100x20,6,1,100,0.9625,0.125,6,2230606255,17000,6517,6437,6144,1.505976396,v2_avx512bw_vec32_exact_perm,56-82-83-86-39-32-1-20-12-37-88-7-52-19-15-76-2-4-46-60-34-66-45-9-30-70-94-100-57-65-69-92-26-10-81-58-99-98-8-25-89-68-87-16-14-48-33-23-43-95-78-17-73-40-22-28-3-91-31-71-79-38-84-13-49-77-75-85-96-27-97-72-64-53-74-11-80-61-24-5-62-21-44-47-18-55-42-29-93-36-59-6-50-63-41-51-35-67-90-54
Ta100x20,6,1,100,0.9625,0.125,7,2230607264,17000,6546,6437,6144,1.403557343,v2_avx512bw_vec32_exact_perm,56-82-39-86-22-76-69-8-99-47-74-100-1-45-37-83-65-34-55-25-98-70-92-89-16-33-30-14-12-72-9-80-10-97-63-81-2-91-54-77-13-38-7-79-94-23-75-66-60-28-5-3-36-21-52-71-58-40-17-84-26-57-32-78-27-64-18-49-61-51-24-48-31-88-87-35-93-96-50-95-68-46-85-67-20-29-6-42-59-44-4-43-41-53-19-62-73-15-90-11
Ta100x20,6,1,100,0.9625,0.125,8,2230608273,17000,6580,6437,6144,1.534116004,v2_avx512bw_vec32_exact_perm,56-39-8-26-12-86-50-2-59-83-68-88-100-14-37-40-80-38-98-10-76-82-27-89-69-60-4-57-21-33-34-92-9-23-94-52-58-81-13-71-64-49-1-18-45-99-91-22-3-65-7-25-72-32-97-78-66-15-17-31-28-70-62-73-96-55-74-53-43-79-75-48-35-87-51-67-5-95-90-11-6-42-24-84-77-29-41-36-85-46-44-47-63-30-20-16-93-54-19-61
Ta100x20,6,1,100,0.9625,0.125,9,2230609282,17000,6606,6437,6144,1.40704252,v2_avx512bw_vec32_exact_perm,56-20-82-83-2-86-89-38-78-28-26-43-55-96-66-39-74-33-99-22-23-1-69-81-34-80-30-40-27-4-92-65-12-59-76-60-91-37-31-29-100-45-35-46-47-36-7-97-25-8-84-24-52-98-85-94-71-18-49-21-32-64-58-48-50-53-87-14-15-93-63-62-77-3-16-13-88-10-72-73-19-75-79-42-68-9-17-67-70-5-6-11-51-41-95-90-44-54-57-61
Ta100x20,6,1,100,0.9625,0.125,10,2230610291,17000,6624,6437,6144,1.450658943,v2_avx512bw_vec32_exact_perm,56-82-9-100-39-98-20-65-12-1-34-99-72-26-85-69-8-33-2-16-14-10-57-70-92-55-89-74-21-45-58-23-91-25-37-40-80-7-97-3-78-75-71-96-48-83-30-94-52-18-79-76-29-6-47-64-77-86-13-38-28-73-60-68-17-84-27-66-81-54-35-22-50-87-5-51-93-24-31-53-61-19-15-43-46-49-59-36-63-41-62-88-95-42-44-32-4-67-90-11
Ta100x20,6,1,100,1,0.025,1,2230601210,17000,6542,6437,6144,1.873376135,v2_avx512bw_vec32_exact_perm,56-82-83-86-32-39-28-15-37-98-72-31-38-88-69-52-99-80-20-29-65-89-30-71-81-16-2-10-27-92-8-55-14-7-75-21-94-84-66-22-1-12-33-95-100-18-96-49-25-41-50-79-40-6-76-91-34-60-73-77-68-23-13-78-43-19-87-17-74-35-9-53-70-97-61-63-64-45-90-26-4-42-46-48-24-5-47-67-93-59-51-58-62-3-57-36-85-54-44-11
Ta100x20,6,1,100,1,0.025,2,2230602219,17000,6607,6437,6144,1.796209724,v2_avx512bw_vec32_exact_perm,56-82-39-20-52-100-1-86-54-83-14-31-8-40-37-98-12-69-99-74-76-91-78-33-53-26-9-32-94-97-15-28-23-49-65-92-71-59-81-35-22-44-2-68-10-29-45-60-64-57-77-66-24-11-88-17-84-38-73-34-3-80-72-58-46-55-50-13-5-96-25-67-87-4-90-70-79-18-36-89-42-16-21-7-75-47-85-43-62-41-6-48-30-93-95-27-63-61-51-19
Ta100x20,6,1,100,1,0.025,3,2230603228,17000,6569,6437,6144,1.874924608,v2_avx512bw_vec32_exact_perm,56-32-21-83-82-39-98-43-89-26-7-80-99-29-76-74-24-38-100-13-81-16-88-14-12-65-37-34-4-69-84-92-55-71-10-25-23-49-54-78-59-73-58-95-2-33-86-52-28-42-8-75-6-3-68-96-1-60-15-47-94-64-66-77-72-5-97-91-9-20-40-50-79-48-17-53-87-19-27-31-46-36-41-85-45-62-30-93-57-35-22-51-70-44-63-11-18-90-67-61
Ta100x20,6,1,100,1,0.025,4,2230604237,17000,6580,6437,6144,1.782558141,v2_avx512bw_vec32_exact_perm,56-39-8-88-83-82-86-2-89-12-95-43-72-60-75-1-32-16-52-100-28-76-80-69-26-81-94-66-98-37-74-99-23-40-14-65-3-34-91-85-15-97-68-13-70-44-31-25-4-58-59-20-55-45-71-33-48-53-29-47-64-21-92-49-19-78-27-30-5-62-41-87-77-46-51-7-17-50-24-84-73-42-79-38-9-11-10-63-36-35-22-96-6-90-67-93-57-54-18-61
Ta100x20,6,1,100,1,0.025,5,2230605246,17000,6576,6437,6144,1.791161481,v2_avx512bw_vec32_exact_perm,56-32-82-2-83-37-26-9-71-39-88-1-100-92-98-40-77-89-69-4-57-60-68-7-99-14-65-84-63-78-47-12-28-55-72-45-38-51-76-8-46-97-94-16-87-66-33-34-21-35-48-43-17-49-27-31-15-24-74-50-22-10-81-29-53-11-93-52-58-36-25-30-79-75-18-70-23-64-13-86-20-80-6-59-90-54-3-5-96-62-42-91-85-73-61-67-44-95-41-19
Ta100x20,6,1,100,1,0.025,6,2230606255,17000,6660,6437,6144,2.12517508,v2_avx512bw_vec32_exact_perm,56-86-88-39-20-82-43-37-87-76-8-83-1-19-22-32-2-16-98-10-94-29-100-33-89-12-18-72-97-92-25-78-27-74-55-64-28-66-23-4-34-65-81-70-75-35-3-58-99-7-9-26-96-13-42-14-52-49-53-38-36-71-85-59-68-73-84-93-95-47-69-61-79-40-80-21-46-15-17-54-90-60-31-45-91-48-44-24-6-50-67-41-51-5-57-77-62-63-30-11
Ta100x20,6,1,100,1,0.025,7,2230607264,17000,6563,6437,6144,2.026323956,v2_avx512bw_vec32_exact_perm,56-82-9-32-1-83-72-99-43-78-33-12-37-86-23-31-88-7-39-92-8-69-26-27-74-55-14-21-81-25-4-100-65-75-66-98-59-34-79-89-16-58-96-40-80-97-41-76-24-94-2-60-52-38-68-3-29-13-71-84-87-17-20-42-48-49-91-35-22-57-5-53-64-50-28-10-70-36-73-63-62-6-85-95-77-30-46-93-44-90-54-67-45-51-47-19-15-11-18-61
Ta100x20,6,1,100,1,0.025,8,2230608273,17000,6536,6437,6144,1.901791271,v2_avx512bw_vec32_exact_perm,56-86-83-32-39-82-72-74-26-70-92-88-89-7-38-98-57-31-21-37-52-69-80-58-2-12-65-63-30-9-66-64-14-20-29-10-55-78-1-43-94-23-25-5-84-27-4-18-71-15-33-3-97-40-81-95-8-99-36-60-91-46-53-76-85-67-16-45-100-47-51-75-35-48-93-24-62-13-87-79-96-73-34-77-17-22-28-90-54-68-59-6-42-50-49-11-44-41-19-61
Ta100x20,6,1,100,1,0.025,9,2230609282,17000,6559,6437,6144,2.029198506,v2_avx512bw_vec32_exact_perm,56-83-1-86-82-88-2-37-20-40-8-39-65-38-52-12-29-100-98-27-26-76-74-63-21-81-94-80-28-58-55-48-33-53-14-99-49-25-32-92-60-79-78-11-47-72-89-71-66-59-75-84-77-7-45-68-97-17-18-15-16-36-69-30-50-64-95-5-24-10-31-35-34-87-3-9-91-85-67-70-46-13-41-6-93-51-23-96-4-73-22-19-43-42-44-62-57-61-90-54
Ta100x20,6,1,100,1,0.025,10,2230610291,17000,6541,6437,6144,1.990465635,v2_avx512bw_vec32_exact_perm,56-82-83-86-37-39-20-69-8-21-9-1-99-100-72-92-26-98-43-45-66-32-81-16-14-65-10-55-7-23-52-33-15-34-89-28-80-42-41-2-91-49-94-71-12-18-73-27-76-51-31-78-88-17-40-63-79-75-53-74-60-25-68-29-48-70-97-44-61-58-87-4-96-35-54-24-13-64-22-5-50-59-6-93-38-57-3-47-30-95-85-62-77-46-36-90-84-67-19-11
Ta100x20,6,1,100,1,0.05,1,2230601210,17000,6536,6437,6144,1.538729024,v2_avx512bw_vec32_exact_perm,56-82-83-86-39-43-69-55-26-16-92-94-95-20-65-75-74-33-2-8-76-98-88-89-59-1-28-81-97-87-14-41-60-99-80-9-71-3-34-49-12-37-31-10-52-7-21-78-58-25-24-53-48-84-27-73-85-57-38-45-51-32-66-11-100-4-40-91-13-15-22-44-68-19-23-36-35-64-93-50-72-70-46-79-96-6-90-42-17-18-29-30-77-63-67-5-62-54-47-61
Ta100x20,6,1,100,1,0.05,2,2230602219,17000,6590,6437,6144,1.910445205,v2_avx512bw_vec32_exact_perm,56-86-39-32-21-80-82-40-37-76-8-55-34-72-83-26-52-58-88-65-16-78-7-9-63-99-69-89-29-100-1-14-20-75-33-30-60-92-97-77-25-36-64-24-13-49-61-48-70-38-81-98-79-94-15-57-96-74-12-43-4-2-47-35-66-59-73-22-68-10-28-3-84-71-41-18-85-44-23-87-5-27-6-62-51-46-31-42-93-91-17-67-45-50-90-54-95-53-19-11
Ta100x20,6,1,100,1,0.05,3,2230603228,17000,6622,6437,6144,1.593705791,v2_avx512bw_vec32_exact_perm,56-86-88-83-37-39-20-26-91-76-100-1-19-32-68-81-34-27-78-31-33-16-65-12-69-74-94-82-25-99-64-66-8-75-98-60-23-59-38-3-97-85-57-45-15-72-28-80-55-46-9-2-47-52-77-71-89-24-48-7-92-4-87-50-11-14-13-53-84-73-40-29-58-93-21-36-17-51-30-5-70-43-35-49-42-18-10-22-44-6-96-41-79-63-62-90-67-54-95-61
Ta100x20,6,1,100,1,0.05,4,2230604237,17000,6616,6437,6144,1.76327332,v2_avx512bw_vec32_exact_perm,56-82-9-20-76-72-32-88-80-39-92-71-37-2-7-99-75-8-86-83-3-69-14-16-25-100-89-60-58-74-63-55-43-1-81-94-12-65-87-29-19-66-10-33-57-96-21-23-64-49-70-35-28-78-77-13-54-26-17-31-40-27-85-24-97-15-84-98-53-38-52-4-34-68-46-48-36-90-59-30-73-93-62-79-67-45-91-22-47-6-44-51-18-42-11-95-41-50-5-61
Ta100x20,6,1,100,1,0.05,5,2230605246,17000,6527,6437,6144,1.772949165,v2_avx512bw_vec32_exact_perm,56-83-82-72-26-12-43-76-16-94-100-29-39-92-86-1-69-78-37-99-68-14-2-74-33-19-28-23-38-60-13-55-15-95-84-24-88-50-20-70-65-34-66-75-31-25-35-64-52-91-3-97-40-8-71-9-98-89-7-45-58-81-96-27-87-80-53-10-57-85-77-73-11-49-18-67-21-32-79-17-93-36-30-46-51-6-4-41-47-48-63-42-22-44-59-62-5-54-90-61
Ta100x20,6,1,100,1,0.05,6,2230606255,17000,6598,6437,6144,1.435869289,v2_avx512bw_vec32_exact_perm,56-39-8-9-26-12-72-88-92-2-1-37-21-68-65-86-32-94-69-78-25-33-52-47-67-22-73-89-66-7-38-27-97-83-23-76-58-82-16-74-43-3-30-10-15-29-20-60-28-17-55-96-62-49-5-71-99-31-14-41-80-87-77-75-34-50-24-48-91-85-45-100-13-81-98-18-70-35-46-36-51-93-84-42-53-4-40-95-64-6-63-90-59-11-54-44-57-79-19-61
Ta100x20,6,1,100,1,0.05,7,2230607264,17000,6550,6437,6144,1.502453675,v2_avx512bw_vec32_exact_perm,56-82-83-86-39-72-100-63-75-2-98-78-65-7-32-99-21-1-94-92-25-8-16-54-89-34-80-19-52-31-71-47-38-81-70-37-48-69-33-60-14-40-55-10-41-84-50-58-12-45-23-28-35-30-13-74-64-76-27-17-93-49-29-20-3-91-87-46-66-15-97-77-51-26-9-85-59-68-96-6-22-95-44-11-36-4-53-73-43-79-61-24-57-42-90-88-62-67-5-18
Ta100x20,6,1,100,1,0.05,8,2230608273,17000,6530,6437,6144,1.539133865,v2_avx512bw_vec32_exact_perm,56-82-83-86-39-12-7-72-88-20-37-80-76-30-71-99-92-69-74-94-100-32-25-89-40-8-97-26-1-38-9-18-35-22-98-68-48-45-34-65-52-50-13-55-87-14-77-10-16-78-43-23-28-31-15-47-84-66-60-27-2-58-57-5-21-36-29-33-85-6-17-24-75-96-70-51-4-81-91-64-90-59-93-54-49-46-3-79-62-67-42-73-11-44-95-63-41-53-19-61
Ta100x20,6,1,100,1,0.05,9,2230609282,17000,6554,6437,6144,1.608026784,v2_avx512bw_vec32_exact_perm,56-83-82-85-37-32-20-12-29-100-26-28-39-92-72-1-99-65-2-86-50-68-95-89-87-63-52-14-75-4-38-48-8-58-7-70-47-69-94-43-80-25-79-57-78-46-81-76-22-66-34-55-33-17-36-16-10-23-91-60-49-77-24-54-45-64-18-35-9-98-42-53-59-74-97-30-5-11-3-40-27-13-93-21-62-51-71-88-84-15-31-44-6-96-41-90-67-73-19-61
Ta100x20,6,1,100,1,0.05,10,2230610291,17000,6644,6437,6144,1.69420077,v2_avx512bw_vec32_exact_perm,56-9-33-89-1-100-86-82-88-76-20-14-39-38-98-85-3-83-34-72-37-10-47-8-31-16-21-25-65-43-66-12-59-75-5-45-26-50-81-4-71-94-91-92-55-2-58-99-74-28-13-69-17-52-40-79-48-87-15-44-53-32-97-62-95-77-29-49-41-6-22-24-93-23-84-46-60-80-61-36-42-68-35-96-7-64-51-90-70-73-18-30-11-57-63-27-78-67-19-54
Ta100x20,6,1,100,1,0.075,1,2230601210,17000,6542,6437,6144,1.426901028,v2_avx512bw_vec32_exact_perm,56-82-39-86-76-83-43-98-32-2-89-52-8-88-37-12-65-10-58-16-30-59-31-99-69-15-14-25-33-100-75-1-4-28-23-85-94-3-40-71-13-80-7-55-34-81-57-72-92-64-38-45-26-66-68-48-95-21-41-73-50-79-53-74-24-97-42-78-9-70-18-36-5-20-61-91-60-17-84-93-49-29-77-47-22-90-87-11-44-46-6-51-35-67-63-96-27-19-62-54
Ta100x20,6,1,100,1,0.075,2,2230602219,17000,6579,6437,6144,1.52083754,v2_avx512bw_vec32_exact_perm,56-83-1-86-76-54-39-82-99-92-2-10-75-26-9-98-65-69-52-37-43-55-88-64-63-71-15-31-60-33-94-100-29-89-7-34-72-58-78-16-25-79-57-20-80-38-23-12-28-91-85-50-70-35-48-3-45-68-53-14-36-74-22-5-81-97-77-46-51-49-8-66-96-11-21-24-40-73-4-13-87-17-18-93-67-30-27-19-42-44-32-6-84-90-41-95-59-47-62-61
Ta100x20,6,1,100,1,0.075,3,2230603228,17000,6569,6437,6144,1.594880959,v2_avx512bw_vec32_exact_perm,83-54-39-43-89-82-69-56-76-86-45-60-32-27-81-71-85-100-72-14-9-1-94-33-92-98-12-28-52-65-66-31-37-55-7-23-38-20-25-21-50-74-79-51-75-40-35-70-96-8-99-84-17-48-19-97-22-49-10-3-91-58-5-30-87-57-77-68-2-34-62-80-46-78-36-67-4-13-42-15-64-24-90-41-73-16-88-93-6-59-44-18-11-26-63-53-95-47-29-61
Ta100x20,6,1,100,1,0.075,4,2230604237,17000,6604,6437,6144,1.701186804,v2_avx512bw_vec32_exact_perm,56-9-32-30-83-82-12-99-29-20-21-39-92-89-25-52-68-28-2-55-65-8-57-7-88-37-33-78-40-74-27-31-94-71-49-100-86-75-66-34-23-60-81-26-72-77-64-63-84-97-38-76-1-50-45-16-4-18-46-53-70-48-3-14-69-80-42-17-58-91-13-59-36-85-11-87-95-5-51-35-43-22-44-10-47-79-15-62-96-73-90-6-67-93-24-54-98-41-19-61
Ta100x20,6,1,100,1,0.075,5,2230605246,17000,6592,6437,6144,1.68633727,v2_avx512bw_vec32_exact_perm,56-82-39-86-20-89-27-38-26-3-88-75-8-99-92-69-85-54-1-2-60-16-58-96-83-12-37-29-19-55-68-14-52-33-81-100-78-28-77-31-94-66-91-65-23-87-7-32-15-74-50-10-43-13-45-97-64-24-62-70-18-48-72-71-40-49-76-21-17-98-5-34-4-42-30-95-80-35-9-36-63-84-22-6-90-59-46-11-25-53-79-73-93-47-67-44-51-41-57-61
Ta100x20,6,1,100,1,0.075,6,2230606255,17000,6540,6437,6144,1.634449641,v2_avx512bw_vec32_exact_perm,56-82-76-83-86-37-88-2-39-8-12-20-69-99-72-97-80-34-63-40-100-92-57-45-75-68-78-27-60-95-55-32-98-49-59-81-33-94-64-66-52-43-47-1-25-58-4-30-46-23-28-42-65-35-15-74-91-31-70-93-53-21-13-17-85-26-48-24-73-96-14-41-84-38-79-87-89-10-16-29-77-50-7-18-3-22-6-90-71-61-36-5-54-44-62-67-51-9-11-19
Ta100x20,6,1,100,1,0.075,7,2230607264,17000,6597,6437,6144,1.647920944,v2_avx512bw_vec32_exact_perm,56-86-31-82-39-20-37-2-8-83-89-34-99-92-69-7-57-12-21-55-26-63-98-52-23-78-10-40-27-84-81-71-76-74-17-58-94-32-97-49-1-18-64-44-16-68-45-25-96-15-33-87-50-22-75-66-77-4-65-3-9-53-30-11-6-24-14-38-13-61-51-73-48-79-72-88-60-70-28-85-35-100-59-62-93-46-36-80-67-5-95-43-47-90-29-41-42-91-19-54
Ta100x20,6,1,100,1,0.075,8,2230608273,17000,6610,6437,6144,1.684621643,v2_avx512bw_vec32_exact_perm,56-39-20-82-83-7-2-24-47-8-75-1-95-12-86-32-68-89-99-21-23-92-37-66-72-55-15-28-30-91-100-14-4-33-38-25-76-52-6-29-10-81-18-64-45-36-77-16-98-9-79-49-78-43-34-13-87-57-65-5-94-40-53-17-74-93-26-62-63-59-60-73-31-80-58-96-48-69-71-11-35-70-44-3-22-85-27-97-50-42-88-46-90-67-61-51-84-41-19-54
Ta100x20,6,1,100,1,0.075,9,2230609282,17000,6563,6437,6144,1.689171653,v2_avx512bw_vec32_exact_perm,56-39-86-32-83-100-82-12-37-99-20-40-57-69-8-66-2-72-60-38-7-88-52-97-65-33-14-1-16-98-10-94-80-64-63-92-27-95-84-26-9-79-22-3-78-28-89-34-71-49-43-48-81-23-24-55-25-75-41-5-36-6-21-58-44-13-61-47-85-91-76-53-74-45-17-87-50-77-18-46-15-59-35-96-90-30-51-70-68-62-42-29-93-54-31-73-4-67-19-11
Ta100x20,6,1,100,1,0.075,10,2230610291,17000,6565,6437,6144,1.667947829,v2_avx512bw_vec32_exact_perm,56-82-9-2-76-32-1-20-69-8-26-39-47-83-92-37-86-55-89-59-66-52-43-33-74-34-91-81-64-23-14-60-94-63-12-97-98-16-31-79-72-87-25-100-18-78-28-15-57-88-49-21-65-77-99-53-75-80-96-71-48-5-13-27-85-44-95-35-22-58-40-10-54-7-17-50-93-67-36-70-90-38-24-61-4-84-41-73-46-6-51-19-68-3-30-45-29-42-62-11
Ta100x20,6,1,100,1,0.1,1,2230601210,17000,6568,6437,6144,1.665422277,v2_avx512bw_vec32_exact_perm,56-39-37-8-86-31-32-26-9-76-98-82-83-47-94-2-28-65-51-99-89-12-29-30-1-100-16-21-92-74-14-80-69-88-60-57-70-40-18-17-84-20-48-24-52-97-81-79-71-75-13-55-23-7-41-38-66-34-3-87-5-59-43-49-36-4-25-93-64-33-78-35-77-96-72-73-95-68-58-22-53-10-45-42-90-44-27-54-91-6-15-63-62-46-85-50-11-67-19-61
Ta100x20,6,1,100,1,0.1,2,2230602219,17000,6574,6437,6144,1.754608576,v2_avx512bw_vec32_exact_perm,56-82-88-2-39-8-26-32-86-83-37-54-74-89-70-69-78-65-12-28-68-71-7-38-25-33-55-100-9-13-23-92-63-1-81-21-57-5-94-72-22-18-95-49-80-99-10-53-14-75-16-79-42-98-52-31-24-97-15-76-60-34-41-44-47-87-29-35-50-84-43-45-64-27-48-4-58-96-30-40-66-17-20-73-59-90-46-51-77-62-67-3-91-85-93-11-36-6-19-61
Ta100x20,6,1,100,1,0.1,3,2230603228,17000,6523,6437,6144,1.832576728,v2_avx512bw_vec32_exact_perm,56-82-83-86-39-43-38-99-69-55-8-26-52-32-98-89-28-65-12-16-88-60-7-33-94-14-81-77-2-100-37-9-34-49-1-22-63-45-75-80-3-72-76-91-66-10-74-97-4-11-92-30-71-64-57-40-84-24-23-78-13-17-20-85-27-87-90-25-50-70-41-6-18-5-36-48-79-42-35-54-44-59-46-93-68-51-53-95-15-73-96-58-21-62-47-67-31-29-19-61
Ta100x20,6,1,100,1,0.1,4,2230604237,17000,6563,6437,6144,1.781384135,v2_avx512bw_vec32_exact_perm,56-82-9-32-39-33-69-2-37-20-8-88-76-1-99-34-40-14-60-83-3-91-100-98-10-52-45-68-57-25-80-43-31-78-7-55-28-92-65-16-22-50-89-71-74-81-30-86-97-12-72-26-64-75-51-18-79-48-66-38-27-23-87-35-77-73-29-21-13-94-70-15-90-84-17-53-19-58-36-85-6-24-93-46-54-4-42-96-49-41-5-67-44-59-47-62-95-11-63-61
Ta100x20,6,1,100,1,0.1,5,2230605246,17000,6536,6437,6144,1.86016903,v2_avx512bw_vec32_exact_perm,56-86-83-32-39-43-31-8-37-98-12-82-38-2-97-1-57-21-4-26-99-9-23-92-60-58-89-67-69-78-16-96-52-65-64-28-72-55-5-29-14-20-25-35-70-68-17-33-40-88-50-81-48-71-94-74-100-79-63-76-34-75-30-10-90-27-80-42-84-93-66-11-73-77-91-87-3-46-61-51-6-24-85-13-15-53-45-18-59-36-7-47-44-22-49-41-95-62-19-54
Ta100x20,6,1,100,1,0.1,6,2230606255,17000,6512,6437,6144,1.63107968,v2_avx512bw_vec32_exact_perm,56-82-83-86-39-43-2-72-12-8-9-1-94-99-80-29-32-100-28-65-69-78-37-70-81-30-25-33-55-14-64-63-10-34-89-4-40-71-58-76-98-75-85-16-23-20-7-60-57-38-50-84-17-26-92-79-52-74-27-11-97-36-49-77-91-66-31-88-15-24-61-13-21-68-73-96-42-87-35-47-44-46-53-90-45-51-62-5-67-3-93-22-6-18-48-59-95-41-19-54
Ta100x20,6,1,100,1,0.1,7,2230607264,17000,6561,6437,6144,1.634230641,v2_avx512bw_vec32_exact_perm,56-82-83-37-26-9-2-60-98-20-86-65-89-12-29-94-33-21-1-39-38-34-76-14-72-97-81-69-100-16-92-31-71-91-78-28-55-45-54-50-40-58-66-32-64-4-25-7-61-53-73-96-75-52-8-27-68-47-70-44-79-22-85-43-57-13-5-88-17-51-24-87-10-84-80-77-36-99-18-23-48-35-59-49-62-46-74-11-6-15-63-3-42-93-30-41-90-67-95-19
Ta100x20,6,1,100,1,0.1,8,2230608273,17000,6668,6437,6144,1.589618469,v2_avx512bw_vec32_exact_perm,56-86-88-39-82-99-30-20-26-83-72-28-2-8-100-76-63-75-60-1-81-65-10-66-70-37-78-32-55-98-69-77-97-7-68-3-21-92-33-16-52-43-34-80-89-91-94-47-23-49-95-25-38-4-13-12-87-41-14-31-24-71-17-73-42-15-96-84-6-9-53-51-58-64-45-74-54-50-79-90-48-18-67-27-40-85-62-5-22-44-57-46-93-36-35-61-29-59-19-11
Ta100x20,6,1,100,1,0.1,9,2230609282,17000,6573,6437,6144,1.823339995,v2_avx512bw_vec32_exact_perm,20-83-82-89-86-72-2-12-33-8-37-74-7-26-43-1-94-29-39-100-92-40-99-4-58-14-31-38-25-30-60-71-9-81-79-76-68-34-97-75-10-55-98-36-23-24-46-56-48-22-13-52-49-28-78-41-5-45-27-84-65-87-17-59-66-18-80-77-64-63-35-57-96-16-3-88-85-21-44-53-42-50-51-32-6-91-70-93-90-54-73-61-69-95-15-47-62-67-19-11
Ta100x20,6,1,100,1,0.1,10,2230610291,17000,6581,6437,6144,1.576604891,v2_avx512bw_vec32_exact_perm,56-39-86-88-83-76-82-38-32-100-2-37-78-98-26-92-55-14-47-72-33-74-65-1-97-59-99-60-34-7-89-4-69-75-22-95-23-58-40-81-79-12-25-8-94-16-20-18-29-10-45-6-41-66-52-43-13-42-84-80-35-77-87-71-3-85-46-64-27-51-68-96-73-48-17-21-5-28-24-54-49-90-70-15-53-91-31-9-50-93-62-67-63-61-30-44-36-57-19-11
Ta100x20,6,1,100,1,0.125,1,2230601210,17000,6587,6437,6144,1.589685961,v2_avx512bw_vec32_exact_perm,83-86-82-88-39-26-65-98-32-30-2-1-10-37-7-27-68-89-12-33-100-43-25-3-81-38-95-8-99-14-31-49-60-64-58-52-28-76-56-66-72-94-16-34-92-55-45-78-18-23-71-80-75-40-63-69-77-4-73-96-41-6-48-79-22-9-13-53-87-85-91-50-70-15-97-57-84-51-46-5-93-20-24-62-59-42-47-44-36-35-17-54-74-90-21-67-29-11-19-61
Ta100x20,6,1,100,1,0.125,2,2230602219,17000,6539,6437,6144,1.774152867,v2_avx512bw_vec32_exact_perm,56-82-83-86-32-89-98-20-2-37-10-24-3-30-12-29-100-72-1-8-88-39-34-92-55-64-51-79-25-52-59-33-97-40-81-75-26-69-17-23-16-28-65-15-45-60-91-99-50-78-70-58-38-31-27-48-96-35-80-21-94-68-57-71-14-66-18-11-84-85-76-9-36-7-53-73-95-74-41-4-63-87-42-47-44-46-77-13-43-49-93-22-62-6-90-67-54-5-19-61
Ta100x20,6,1,100,1,0.125,3,2230603228,17000,6557,6437,6144,1.696850155,v2_avx512bw_vec32_exact_perm,56-83-37-20-82-39-72-8-68-89-28-38-27-3-69-55-2-7-43-60-23-75-66-26-100-24-81-98-12-16-45-29-76-92-30-97-74-11-51-65-78-86-22-52-4-33-25-64-80-58-32-99-77-14-35-9-34-31-36-48-49-94-63-71-47-85-91-70-61-6-46-17-84-10-96-87-57-13-5-40-53-62-1-21-73-54-50-88-79-15-90-18-67-59-95-93-41-42-44-19
Ta100x20,6,1,100,1,0.125,4,2230604237,17000,6569,6437,6144,1.943020589,v2_avx512bw_vec32_exact_perm,56-83-86-76-54-32-89-82-39-8-10-43-49-12-27-92-31-1-37-33-26-38-98-21-81-53-16-45-17-34-68-23-75-52-85-14-65-70-28-55-47-25-64-3-66-7-57-88-41-2-79-58-78-40-91-73-60-71-9-100-99-69-93-50-13-77-5-94-97-18-44-36-61-30-87-90-29-72-22-80-6-35-51-11-46-15-96-74-84-24-20-48-63-62-42-4-67-59-95-19
Ta100x20,6,1,100,1,0.125,5,2230605246,17000,6558,6437,6144,1.844278294,v2_avx512bw_vec32_exact_perm,56-43-39-76-98-20-82-83-33-25-100-1-37-92-59-86-88-89-52-99-65-9-12-45-69-21-66-7-58-57-78-32-51-42-68-94-81-28-8-55-2-97-96-80-3-71-16-40-18-64-14-75-87-50-35-34-4-13-77-48-84-72-26-53-70-5-79-29-60-63-31-15-36-38-23-10-27-30-93-44-62-91-73-61-74-6-41-95-47-85-24-46-17-90-67-22-49-54-19-11
Ta100x20,6,1,100,1,0.125,6,2230606255,17000,6561,6437,6144,1.660044468,v2_avx512bw_vec32_exact_perm,56-82-39-86-83-37-88-26-9-76-89-7-32-100-98-41-1-92-74-94-14-72-65-8-16-57-69-2-81-55-34-66-45-64-63-31-27-40-38-23-80-10-30-75-17-84-51-15-68-52-71-33-78-50-99-25-4-58-67-97-12-24-29-70-87-3-43-42-13-44-22-48-79-19-91-49-46-53-61-5-21-47-18-85-59-6-60-28-77-36-35-96-73-20-62-93-90-54-95-11
Ta100x20,6,1,100,1,0.125,7,2230607264,17000,6568,6437,6144,1.499649735,v2_avx512bw_vec32_exact_perm,56-39-82-83-86-76-43-3-74-10-37-2-8-99-98-31-12-29-85-1-100-28-38-23-24-89-45-9-34-72-55-88-14-65-7-97-16-78-47-36-52-71-92-60-70-66-69-81-33-61-84-26-15-27-50-79-40-77-68-94-75-48-4-42-58-96-63-17-91-87-53-5-25-54-73-90-30-22-35-44-21-13-59-80-57-32-64-6-51-62-46-19-20-18-49-41-67-95-93-11
Ta100x20,6,1,100,1,0.125,8,2230608273,17000,6572,6437,6144,1.476465746,v2_avx512bw_vec32_exact_perm,39-20-72-83-43-1-56-33-12-86-65-10-37-2-98-68-52-14-81-23-47-40-71-4-94-75-76-69-82-100-16-92-27-42-78-24-97-28-80-84-25-55-74-58-45-32-3-26-85-91-34-66-22-89-7-17-18-87-5-9-53-95-73-21-15-57-31-8-88-29-60-77-6-64-96-13-44-70-62-35-61-46-48-49-59-99-11-51-63-38-19-30-93-50-41-36-79-67-90-54
Ta100x20,6,1,100,1,0.125,9,2230609282,17000,6571,6437,6144,1.428850871,v2_avx512bw_vec32_exact_perm,56-82-39-86-32-94-83-20-12-43-76-2-34-3-79-89-63-40-7-31-8-92-25-55-29-22-1-33-50-38-10-52-37-99-69-78-100-57-72-85-14-68-91-24-88-66-65-70-15-28-4-60-84-75-58-23-98-13-30-53-93-64-74-45-71-81-41-48-36-87-46-80-16-97-77-18-49-11-96-26-17-35-21-51-5-44-54-47-59-90-67-73-62-6-95-42-9-27-19-61
Ta100x20,6,1,100,1,0.125,10,2230610291,17000,6607,6437,6144,1.328499148,v2_avx512bw_vec32_exact_perm,20-83-82-92-86-3-72-88-2-37-26-8-32-100-98-12-33-89-14-69-81-1-99-47-25-80-52-7-56-65-24-29-39-76-38-60-67-94-31-21-55-28-51-5-97-48-71-49-15-75-10-43-85-27-57-53-23-64-74-87-66-17-18-70-46-13-30-91-40-4-36-35-45-58-22-59-6-93-63-84-78-16-9-79-61-44-11-96-68-73-34-62-42-95-50-41-77-90-54-19
Ta100x20,6,2,200,0.85,0.025,1,2230601210,17000,6571,6437,6144,2.726520594,v2_avx512bw_vec32_exact_perm,56-39-20-1-43-89-69-2-8-86-82-64-14-37-83-16-92-99-74-28-55-76-29-80-10-58-24-72-12-88-32-65-26-48-94-7-66-34-81-27-78-91-100-31-63-45-38-33-60-25-84-68-35-98-57-23-21-75-77-87-3-53-97-85-52-13-71-15-9-49-6-67-79-96-17-70-5-36-44-11-40-18-22-4-42-51-46-93-90-30-62-59-54-73-95-50-41-47-19-61
Ta100x20,6,2,200,0.85,0.025,2,2230602219,17000,6512,6437,6144,2.620103855,v2_avx512bw_vec32_exact_perm,56-82-83-86-32-39-20-37-8-99-92-72-55-10-34-25-100-9-76-2-33-89-71-98-81-69-78-1-43-52-68-97-75-14-60-30-16-26-53-94-7-28-58-23-73-45-18-40-12-59-50-38-31-65-29-66-17-77-87-13-4-64-63-84-49-67-5-27-85-57-21-47-15-96-80-88-35-44-54-24-22-48-70-3-74-93-36-91-62-42-79-46-90-11-51-6-61-95-19-41
Ta100x20,6,2,200,0.85,0.025,3,2230603228,17000,6521,6437,6144,2.727616637,v2_avx512bw_vec32_exact_perm,56-82-83-86-39-72-32-38-33-8-99-26-9-69-37-12-63-7-89-2-78-80-34-75-1-43-4-30-28-55-20-25-100-23-29-65-60-21-35-81-98-77-97-10-53-36-16-64-14-52-58-66-88-40-17-57-92-76-94-71-49-11-74-18-70-31-68-51-48-87-46-5-13-44-45-15-27-96-62-47-59-6-85-67-91-50-42-93-22-24-3-84-79-73-41-90-54-95-19-61
Ta100x20,6,2,200,0.85,0.025,4,2230604237,17000,6512,6437,6144,2.699699641,v2_avx512bw_vec32_exact_perm,56-82-83-86-32-89-2-7-38-26-29-39-45-1-43-10-72-100-37-88-76-99-28-8-69-31-85-80-71-12-98-65-16-74-33-34-60-15-94-36-23-97-48-63-81-91-21-78-14-50-55-47-70-75-92-27-25-84-58-17-66-3-30-87-77-24-52-68-6-18-96-79-9-35-53-64-67-73-13-59-57-5-40-4-22-93-11-51-42-49-46-90-20-62-95-41-19-54-44-61
Ta100x20,6,2,200,0.85,0.025,5,2230605246,17000,6580,6437,6144,2.819180086,v2_avx512bw_vec32_exact_perm,56-39-8-76-9-2-82-83-1-86-37-69-52-20-80-3-65-59-99-74-58-32-25-81-22-55-14-98-38-66-89-29-100-40-33-94-26-7-34-78-57-64-4-91-92-50-31-60-71-68-23-70-28-12-5-75-48-97-77-17-53-16-13-44-79-96-27-84-41-62-6-73-10-43-61-72-49-18-24-88-36-42-85-35-45-87-63-11-51-46-30-15-47-93-21-90-67-54-95-19
Ta100x20,6,2,200,0.85,0.025,6,2230606255,17000,6561,6437,6144,2.523884317,v2_avx512bw_vec32_exact_perm,56-72-83-1-86-32-98-99-20-2-80-26-39-82-69-10-37-89-34-63-40-52-33-92-55-21-25-8-97-7-57-60-74-27-100-38-76-23-65-81-16-66-45-43-59-48-4-88-58-31-71-30-9-96-78-79-68-14-75-84-35-70-64-17-28-53-18-61-73-87-91-13-77-85-22-50-94-29-6-24-3-12-11-49-41-5-36-46-51-42-44-93-62-15-47-67-90-54-95-19
Ta100x20,6,2,200,0.85,0.025,7,2230607264,17000,6538,6437,6144,2.544126727,v2_avx512bw_vec32_exact_perm,56-82-86-32-39-20-88-72-79-83-8-26-47-2-24-16-38-25-100-9-65-1-34-14-60-37-99-23-10-94-52-33-92-28-55-95-64-40-58-81-63-45-76-89-69-91-66-17-21-12-73-43-48-4-98-71-3-18-7-78-97-30-74-80-75-67-77-31-13-87-53-27-85-93-29-35-6-84-59-68-96-15-44-54-46-50-36-70-90-51-41-42-22-49-62-5-11-57-19-61
Ta100x20,6,2,200,0.85,0.025,8,2230608273,17000,6577,6437,6144,2.4252263,v2_avx512bw_vec32_exact_perm,56-86-33-83-65-39-82-98-20-26-88-12-32-7-37-2-8-100-27-89-38-69-10-57-52-81-1-68-97-92-99-60-76-25-14-28-55-23-21-3-16-66-9-71-64-50-72-63-75-85-79-94-13-84-15-54-74-40-95-17-45-24-31-6-77-91-5-93-46-53-36-48-80-35-34-49-96-41-87-22-90-51-70-73-62-58-78-67-44-18-59-47-30-43-42-29-4-11-19-61
Ta100x20,6,2,200,0.85,0.025,9,2230609282,17000,6540,6437,6144,2.533442122,v2_avx512bw_vec32_exact_perm,56-82-86-83-37-88-21-39-8-26-9-32-89-7-99-1-20-43-12-69-66-25-80-97-76-34-60-16-33-14-75-98-52-70-3-38-65-45-81-63-30-100-4-40-28-35-23-19-58-55-24-48-92-2-31-59-27-68-78-22-62-29-87-13-17-85-77-47-71-84-44-72-5-10-94-57-53-64-18-79-74-50-91-42-93-54-15-96-46-6-51-90-67-11-73-36-49-41-95-61
Ta100x20,6,2,200,0.85,0.025,10,2230610291,17000,6487,6437,6144,2.730415506,v2_avx512bw_vec32_exact_perm,56-39-72-82-83-37-7-32-2-8-88-12-29-100-1-28-78-27-10-76-9-30-33-89-38-14-98-60-47-74-94-65-69-81-92-71-55-34-97-48-80-86-16-99-23-58-45-26-91-13-3-87-15-68-25-31-95-22-66-77-24-64-17-36-49-11-5-21-57-18-75-85-53-59-35-84-50-70-96-6-93-73-43-40-4-63-62-42-52-79-46-44-61-54-90-67-20-51-41-19
Ta100x20,6,2,200,0.85,0.05,1,2230601210,17000,6524,6437,6144,2.749507043,v2_avx512bw_vec32_exact_perm,56-39-82-83-86-20-2-43-12-8-69-45-37-55-10-88-89-28-38-33-26-81-76-29-65-16-96-66-64-9-1-94-92-30-99-23-91-78-14-80-40-52-71-7-75-47-77-100-4-25-53-60-98-3-58-74-57-24-22-17-5-31-48-79-51-34-87-35-42-93-84-50-68-32-97-70-85-27-67-6-44-72-18-49-63-21-46-15-11-90-54-59-73-36-13-62-95-41-19-61
Ta100x20,6,2,200,0.85,0.05,2,2230602219,17000,6568,6437,6144,2.794989467,v2_avx512bw_vec32_exact_perm,56-39-37-8-86-72-94-83-54-2-82-99-26-9-89-1-100-92-28-69-12-65-29-76-20-60-57-68-74-14-81-38-23-97-98-78-40-52-27-4-55-33-34-25-15-66-91-32-31-50-64-35-7-45-49-70-43-80-75-58-13-10-88-77-71-30-16-3-48-24-87-73-96-17-79-90-42-22-36-5-62-67-85-46-53-59-44-18-21-84-95-6-93-63-11-47-51-41-19-61
Ta100x20,6,2,200,0.85,0.05,3,2230603228,17000,6560,6437,6144,2.610501628,v2_avx512bw_vec32_exact_perm,56-82-39-86-32-1-72-100-9-2-92-37-26-16-68-52-8-33-99-7-76-63-83-88-10-23-89-28-55-58-74-21-60-91-78-34-65-81-75-98-45-27-30-80-96-64-94-66-57-84-12-31-24-14-87-71-48-3-49-69-43-5-6-77-41-4-46-51-35-85-70-22-25-13-20-17-97-38-19-50-53-73-18-59-40-62-93-54-29-36-79-15-44-42-11-90-67-47-95-61
Ta100x20,6,2,200,0.85,0.05,4,2230604237,17000,6521,6437,6144,2.677444236,v2_avx512bw_vec32_exact_perm,56-82-83-86-88-76-32-12-98-20-37-69-26-100-39-89-66-59-38-33-52-99-9-14-65-72-81-16-2-8-80-34-7-92-45-55-57-40-18-1-21-75-23-10-29-94-79-15-31-68-4-43-25-71-84-48-17-60-5-53-28-70-73-13-3-44-91-24-85-64-96-78-27-58-36-42-22-35-87-77-50-63-49-97-11-62-67-74-46-6-51-19-90-93-54-30-47-95-41-61
Ta100x20,6,2,200,0.85,0.05,5,2230605246,17000,6578,6437,6144,2.904287241,v2_avx512bw_vec32_exact_perm,56-83-72-8-88-39-82-26-9-32-2-37-98-92-12-69-89-80-86-54-81-34-65-52-71-1-76-33-94-74-47-99-66-7-25-38-63-70-55-60-68-14-64-75-23-77-84-13-27-49-78-21-29-97-24-50-48-15-10-6-96-20-16-91-3-100-40-45-58-35-28-17-87-31-57-5-30-4-22-93-51-43-73-53-59-18-36-79-62-85-46-44-90-42-41-67-95-11-19-61
Ta100x20,6,2,200,0.85,0.05,6,2230606255,17000,6523,6437,6144,2.870034302,v2_avx512bw_vec32_exact_perm,56-39-82-72-76-26-83-86-21-9-89-69-99-92-8-88-37-65-12-10-98-52-14-68-57-78-33-71-81-54-1-7-55-47-32-25-100-75-60-34-66-23-48-74-94-27-45-35-64-28-3-80-58-96-38-91-87-95-84-31-43-49-17-13-70-15-4-36-30-29-18-5-22-44-79-16-20-40-24-11-62-73-42-77-51-85-46-53-2-90-97-59-6-41-93-50-67-63-19-61
Ta100x20,6,2,200,0.85,0.05,7,2230607264,17000,6542,6437,6144,2.871602726,v2_avx512bw_vec32_exact_perm,56-32-39-12-98-99-82-64-86-89-2-37-83-7-43-25-100-9-26-94-65-92-33-14-16-4-40-69-78-27-23-18-55-71-47-48-88-1-52-80-34-3-72-38-66-75-10-35-70-21-51-24-84-17-76-85-28-45-53-79-8-46-81-57-31-97-59-58-60-67-87-96-62-5-74-30-77-73-91-36-15-13-68-49-93-22-63-6-44-42-29-11-90-20-95-54-50-41-19-61
Ta100x20,6,2,200,0.85,0.05,8,2230608273,17000,6542,6437,6144,2.716695048,v2_avx512bw_vec32_exact_perm,56-82-39-86-2-72-43-83-8-37-98-12-88-1-100-28-76-20-63-40-4-99-92-33-89-26-7-25-94-68-23-16-65-14-75-66-52-47-15-3-91-10-55-34-80-57-69-35-70-38-21-97-81-9-53-74-71-58-64-31-13-18-45-30-17-77-87-48-50-32-60-51-84-5-96-27-93-62-49-73-61-24-22-78-42-59-36-90-29-6-44-41-79-54-85-67-46-19-95-11
Ta100x20,6,2,200,0.85,0.05,9,2230609282,17000,6532,6437,6144,2.769883323,v2_avx512bw_vec32_exact_perm,56-39-82-83-86-37-20-43-89-1-38-9-98-65-69-8-99-7-2-10-55-33-34-76-14-97-12-3-92-16-23-25-68-26-52-94-81-27-80-24-21-75-100-57-66-88-13-28-78-77-60-72-30-71-64-73-58-31-74-29-40-93-48-4-53-17-84-91-45-67-49-70-32-87-44-11-5-51-18-63-22-79-95-85-47-46-61-15-6-90-96-36-59-42-35-50-41-19-62-54
Ta100x20,6,2,200,0.85,0.05,10,2230610291,17000,6543,6437,6144,2.752773389,v2_avx512bw_vec32_exact_perm,56-82-83-86-39-38-99-2-9-30-21-92-37-12-69-88-8-57-33-1-20-25-68-16-45-100-89-29-40-80-26-14-55-98-81-7-58-94-28-31-71-76-32-52-13-60-22-49-15-97-34-48-72-23-75-79-50-42-78-41-74-65-35-59-10-87-4-17-67-47-70-66-77-73-43-3-91-62-85-5-27-90-64-46-53-44-24-96-84-36-93-54-6-63-51-95-11-18-19-61
Ta100x20,6,2,200,0.85,0.075,1,2230601210,17000,6542,6437,6144,2.654396963,v2_avx512bw_vec32_exact_perm,56-82-39-1-86-72-8-76-99-20-26-83-28-68-89-71-74-52-7-81-14-38-37-2-79-9-98-12-33-94-92-31-69-80-34-16-23-78-27-66-43-40-65-3-32-91-29-21-60-45-97-15-84-25-100-4-24-48-10-58-57-22-88-55-51-13-64-5-87-77-50-35-47-96-17-70-53-18-59-36-75-49-61-62-73-85-67-42-90-95-46-44-11-30-6-93-63-41-19-54
Ta100x20,6,2,200,0.85,0.075,2,2230602219,17000,6508,6437,6144,2.686904355,v2_avx512bw_vec32_exact_perm,56-82-76-83-86-32-54-1-20-89-69-8-16-21-37-71-60-39-100-98-33-12-72-14-68-2-81-25-97-52-58-66-9-27-55-92-7-99-65-28-74-23-88-80-10-57-53-40-79-38-26-15-75-50-34-84-13-44-93-91-78-3-35-95-70-36-41-63-48-85-24-31-87-77-94-46-22-49-17-96-64-51-4-67-73-18-59-45-6-62-5-42-43-90-30-11-29-47-19-61
Ta100x20,6,2,200,0.85,0.075,3,2230603228,17000,6552,6437,6144,2.626407993,v2_avx512bw_vec32_exact_perm,56-21-37-20-72-83-1-43-82-39-86-2-8-60-99-28-32-89-69-92-25-55-7-81-78-88-71-98-52-75-58-76-85-26-94-23-97-65-74-68-34-33-16-14-12-27-64-4-57-13-66-100-84-10-36-29-15-40-18-70-17-6-35-96-9-3-49-79-38-51-11-53-48-87-24-67-31-5-45-91-22-73-77-90-47-41-80-30-46-44-42-19-50-54-63-59-62-95-93-61
Ta100x20,6,2,200,0.85,0.075,4,2230604237,17000,6495,6437,6144,2.589512037,v2_avx512bw_vec32_exact_perm,56-39-82-83-86-12-72-8-9-32-100-1-89-69-43-26-52-97-92-25-55-98-27-74-80-40-29-33-76-94-65-14-60-84-37-7-68-78-50-34-38-99-91-23-21-17-31-10-75-66-2-15-63-48-70-4-64-28-53-24-61-49-87-71-88-13-81-73-58-77-35-96-3-16-45-54-46-51-85-79-11-67-93-47-22-44-36-18-30-42-90-59-62-5-6-57-20-95-41-19
Ta100x20,6,2,200,0.85,0.075,5,2230605246,17000,6560,6437,6144,2.495165787,v2_avx512bw_vec32_exact_perm,56-82-39-86-30-20-26-32-89-69-83-8-38-1-12-37-10-72-29-100-9-94-2-33-28-80-65-98-99-92-52-71-81-60-34-76-75-23-16-27-78-58-53-25-40-63-22-49-21-66-17-4-67-47-64-91-45-46-42-50-77-35-96-84-73-14-74-31-90-70-97-44-18-51-61-55-93-87-57-48-3-68-24-54-7-15-88-13-36-79-5-59-43-62-6-85-95-41-19-11
Ta100x20,6,2,200,0.85,0.075,6,2230606255,17000,6548,6437,6144,2.650297079,v2_avx512bw_vec32_exact_perm,56-86-83-32-37-88-39-20-28-82-40-52-55-100-72-80-63-1-58-94-71-81-75-30-33-34-2-89-91-49-77-16-65-74-13-4-76-12-69-27-68-14-97-8-60-84-99-59-98-3-66-22-10-87-92-47-45-17-35-57-7-23-9-96-6-15-25-53-78-73-29-70-43-44-31-79-18-11-26-85-46-93-54-36-48-42-24-90-38-67-19-64-50-5-21-51-62-41-95-61
Ta100x20,6,2,200,0.85,0.075,7,2230607264,17000,6512,6437,6144,2.586452162,v2_avx512bw_vec32_exact_perm,56-82-83-86-39-32-99-88-92-71-9-20-89-69-37-1-76-81-63-64-14-72-33-94-40-65-7-53-78-29-27-10-28-80-12-55-34-74-31-97-58-8-52-26-45-66-68-75-23-77-38-25-60-84-17-79-98-16-30-22-2-24-13-5-11-21-44-49-41-100-42-95-91-3-70-85-43-62-35-15-96-73-46-36-4-87-50-18-48-67-51-93-54-90-59-6-57-47-19-61
Ta100x20,6,2,200,0.85,0.075,8,2230608273,17000,6490,6437,6144,2.574235875,v2_avx512bw_vec32_exact_perm,56-39-82-38-83-86-37-99-33-21-8-88-89-1-32-100-98-12-92-97-57-69-78-65-59-74-58-81-63-94-2-72-26-55-7-14-28-60-31-20-71-48-49-95-22-75-76-79-34-17-3-68-27-66-52-40-6-91-10-84-18-35-50-45-16-15-53-23-70-44-43-13-5-25-4-64-41-87-24-77-73-9-36-30-93-96-80-46-47-90-54-85-67-51-62-42-29-11-19-61
Ta100x20,6,2,200,0.85,0.075,9,2230609282,17000,6554,6437,6144,2.748335095,v2_avx512bw_vec32_exact_perm,56-83-86-39-82-38-72-26-99-9-20-37-43-8-65-30-32-2-80-12-28-10-63-55-92-69-81-52-94-33-71-23-4-76-85-25-100-58-14-46-53-40-57-48-34-60-16-5-36-79-66-75-21-61-89-24-91-49-98-64-73-77-51-31-97-7-18-22-35-1-74-70-90-11-45-41-84-13-44-47-15-96-78-87-88-17-59-50-6-93-29-3-42-27-95-68-62-67-19-54
Ta100x20,6,2,200,0.85,0.075,10,2230610291,17000,6526,6437,6144,2.554356561,v2_avx512bw_vec32_exact_perm,56-83-86-32-82-39-20-37-88-92-21-65-30-25-1-78-9-2-33-71-72-76-100-98-74-81-69-99-14-18-55-7-31-89-8-43-59-58-40-28-35-49-10-94-91-12-36-64-80-34-4-57-13-38-23-24-60-87-75-70-17-3-66-44-41-84-61-96-85-50-97-26-52-68-48-77-22-63-45-79-16-46-6-5-27-53-51-73-47-93-62-90-42-67-95-15-54-19-29-11
Ta100x20,6,2,200,0.85,0.1,1,2230601210,17000,6533,6437,6144,2.912104757,v2_avx512bw_vec32_exact_perm,56-82-83-86-39-20-89-96-40-8-99-28-1-78-43-12-9-88-98-76-37-2-80-32-66-75-94-59-100-50-69-65-52-34-33-55-25-81-18-7-23-35-47-26-15-21-57-92-31-91-87-60-16-70-13-14-85-97-24-54-3-48-5-72-71-38-4-79-27-84-45-17-46-77-53-64-90-36-67-49-29-42-10-73-30-93-62-58-74-22-68-11-44-51-6-61-63-95-41-19
Ta100x20,6,2,200,0.85,0.1,2,2230602219,17000,6542,6437,6144,3.079510682,v2_avx512bw_vec32_exact_perm,56-82-39-86-32-68-98-20-83-72-33-55-14-65-8-10-37-99-74-9-34-27-80-100-75-31-71-1-94-58-12-28-89-69-66-52-23-81-60-21-16-63-25-38-92-87-54-46-7-50-45-30-97-17-2-47-76-57-78-48-93-79-22-96-91-49-73-26-77-4-64-24-84-13-43-5-67-62-35-51-3-40-53-70-15-18-29-36-85-11-44-88-61-6-59-90-42-95-41-19
Ta100x20,6,2,200,0.85,0.1,3,2230603228,17000,6489,6437,6144,2.959441844,v2_avx512bw_vec32_exact_perm,56-39-82-83-86-32-20-69-2-37-40-8-100-27-92-25-55-98-81-72-99-74-9-94-23-65-1-28-10-70-66-43-7-89-3-38-71-49-52-14-4-47-88-76-12-30-75-17-24-34-64-80-13-67-16-45-21-58-78-91-85-57-97-84-60-77-73-96-44-33-61-79-53-29-31-15-95-68-48-93-18-6-36-42-51-22-35-46-90-87-59-50-5-11-63-41-26-19-62-54
Ta100x20,6,2,200,0.85,0.1,4,2230604237,17000,6660,6437,6144,3.231857308,v2_avx512bw_vec32_exact_perm,56-86-88-39-2-82-83-8-7-43-1-12-99-72-69-10-85-37-100-57-20-71-9-25-80-60-92-32-74-38-98-3-33-97-89-34-30-45-81-52-58-76-55-17-94-66-14-91-23-70-78-63-79-75-77-28-40-15-31-53-84-22-65-49-29-11-27-68-96-42-44-5-64-62-13-48-73-24-4-26-18-87-16-47-36-51-35-67-59-46-21-6-19-41-95-90-93-54-50-61
Ta100x20,6,2,200,0.85,0.1,5,2230605246,17000,6508,6437,6144,3.22447971,v2_avx512bw_vec32_exact_perm,56-83-86-32-39-82-20-12-43-8-16-2-28-37-88-80-99-33-89-52-68-14-75-66-40-9-71-23-76-7-81-98-45-65-92-55-46-72-1-94-48-79-34-18-69-78-91-4-26-44-96-50-100-97-57-30-77-36-85-63-64-31-59-38-6-74-17-58-60-53-47-29-87-93-3-13-25-15-22-24-35-10-84-67-49-11-70-27-51-5-21-62-73-42-90-54-95-19-41-61
Ta100x20,6,2,200,0.85,0.1,6,2230606255,17000,6542,6437,6144,2.718038703,v2_avx512bw_vec32_exact_perm,56-82-39-86-43-76-72-20-83-69-37-8-99-89-40-7-32-60-14-55-23-28-10-52-98-94-80-65-81-71-12-9-33-66-3-41-34-74-91-100-79-78-75-25-13-49-64-77-16-53-1-96-88-31-24-92-59-97-84-29-87-45-58-85-30-27-57-5-22-47-2-35-70-17-21-73-44-36-18-48-68-95-38-26-6-51-4-46-11-42-15-90-93-62-67-50-54-63-19-61
Ta100x20,6,2,200,0.85,0.1,7,2230607264,17000,6508,6437,6144,2.571314009,v2_avx512bw_vec32_exact_perm,56-82-83-12-86-37-88-33-39-20-76-14-100-72-58-26-9-98-89-69-40-8-99-7-1-28-74-60-94-75-43-66-45-80-96-55-27-10-23-81-34-65-16-78-52-71-3-68-97-29-36-87-92-31-18-30-70-49-25-17-5-91-77-21-63-35-2-22-13-44-64-53-95-85-24-11-38-50-84-15-6-51-32-93-62-67-79-57-47-42-4-46-59-90-54-48-73-61-41-19
Ta100x20,6,2,200,0.85,0.1,8,2230608273,17000,6542,6437,6144,2.717317836,v2_avx512bw_vec32_exact_perm,56-82-39-86-20-32-38-83-37-88-80-100-28-1-12-14-9-69-8-99-98-60-72-89-21-66-55-7-52-71-92-45-65-81-57-74-68-31-33-35-25-16-34-22-48-4-51-2-73-97-77-58-63-40-78-27-84-15-94-23-18-13-91-53-64-17-70-49-26-76-43-29-93-62-36-85-46-96-79-6-67-10-24-3-75-87-44-11-50-47-30-42-59-95-90-54-5-41-19-61
Ta100x20,6,2,200,0.85,0.1,9,2230609282,17000,6508,6437,6144,2.720726895,v2_avx512bw_vec32_exact_perm,56-83-86-2-32-26-21-39-43-8-99-72-12-58-18-88-89-1-33-78-37-98-82-9-68-92-55-14-65-7-94-52-66-28-76-60-22-79-3-69-16-81-67-29-100-4-25-20-31-71-48-27-49-34-64-80-13-57-40-15-10-53-75-74-11-51-17-38-87-23-24-45-6-91-85-50-5-77-97-35-36-96-62-42-70-90-73-63-46-30-84-93-59-44-54-47-95-41-19-61
Ta100x20,6,2,200,0.85,0.1,10,2230610291,17000,6596,6437,6144,2.628649073,v2_avx512bw_vec32_exact_perm,56-86-83-37-21-9-98-82-76-99-33-39-8-30-32-14-12-25-69-54-1-78-47-88-89-66-72-43-74-16-92-75-65-26-52-4-71-58-94-7-91-10-45-2-81-34-60-55-31-100-28-80-22-57-13-63-38-87-29-23-64-49-20-93-59-5-3-97-50-40-68-36-77-17-85-27-62-67-18-15-84-90-70-6-46-53-79-96-48-73-24-61-44-41-42-51-95-35-19-11
Ta100x20,6,2,200,0.85,0.125,1,2230601210,17000,6542,6437,6144,2.731793498,v2_avx512bw_vec32_exact_perm,56-39-82-37-9-83-98-20-2-1-43-8-99-12-86-100-32-65-89-25-18-69-72-55-10-52-33-71-36-88-7-81-34-80-78-97-57-70-92-16-66-28-76-75-31-21-14-48-68-49-45-27-26-60-77-94-84-58-40-50-4-91-96-64-47-23-35-5-38-30-63-87-13-74-17-24-62-54-85-67-59-79-73-44-22-90-42-46-51-41-15-6-93-53-95-29-11-3-19-61
Ta100x20,6,2,200,0.85,0.125,2,2230602219,17000,6655,6437,6144,2.785129982,v2_avx512bw_vec32_exact_perm,56-86-83-98-32-20-82-100-2-25-39-8-99-28-89-38-69-81-1-88-65-63-37-74-52-66-72-26-68-36-9-3-60-71-29-12-84-7-33-10-78-54-97-95-77-14-16-43-92-75-35-87-17-53-49-70-23-79-40-94-76-96-64-80-48-58-13-5-24-27-34-45-55-85-57-59-18-21-22-73-44-4-31-93-91-30-50-46-67-61-6-47-19-41-42-90-51-15-62-11
Ta100x20,6,2,200,0.85,0.125,3,2230603228,17000,6670,6437,6144,2.539662748,v2_avx512bw_vec32_exact_perm,56-83-82-9-98-100-20-76-21-39-14-37-26-81-69-33-12-1-8-88-3-52-63-75-28-2-78-30-47-66-46-7-94-25-87-92-24-55-58-85-65-32-50-23-77-35-97-86-48-70-89-49-71-34-72-17-31-79-38-67-57-80-10-96-91-22-44-42-59-73-13-60-61-68-5-16-36-99-4-43-95-45-64-90-51-84-11-40-18-15-74-93-27-53-62-6-29-41-19-54
Ta100x20,6,2,200,0.85,0.125,4,2230604237,17000,6500,6437,6144,2.849559462,v2_avx512bw_vec32_exact_perm,56-39-82-83-86-32-72-65-1-99-12-28-52-9-68-23-89-88-8-26-25-60-100-57-69-38-37-87-48-20-2-80-71-18-4-16-34-3-55-7-94-40-63-14-79-66-75-76-67-22-81-49-21-5-97-58-91-98-45-31-17-70-92-15-62-59-84-47-35-77-29-78-36-64-24-10-46-50-30-13-43-73-61-74-51-42-41-85-93-6-95-27-90-53-33-96-44-54-19-11
Ta100x20,6,2,200,0.85,0.125,5,2230605246,17000,6694,6437,6144,2.717984438,v2_avx512bw_vec32_exact_perm,83-9-2-56-39-86-82-8-99-43-60-98-78-89-7-47-26-32-37-33-25-30-75-16-12-52-58-92-74-88-100-27-65-14-1-94-69-76-4-55-34-71-63-66-84-49-64-81-72-5-41-46-10-45-97-17-21-31-57-48-68-28-23-53-38-80-87-59-35-36-13-15-24-51-93-18-70-22-6-96-77-40-85-11-29-44-20-90-67-62-42-79-50-73-91-3-19-54-95-61
Ta100x20,6,2,200,0.85,0.125,6,2230606255,17000,6536,6437,6144,2.804379193,v2_avx512bw_vec32_exact_perm,56-39-82-83-86-20-2-12-8-27-33-88-98-89-74-52-37-7-32-66-100-40-75-14-65-55-34-9-69-23-81-59-13-80-38-63-84-26-78-45-35-70-25-92-57-10-72-1-68-50-60-18-87-11-94-49-95-15-22-58-53-51-16-64-97-77-44-91-31-76-5-24-36-43-21-46-85-17-28-30-4-99-3-48-79-71-93-96-54-6-29-47-42-90-73-41-62-67-19-61
Ta100x20,6,2,200,0.85,0.125,7,2230607264,17000,6626,6437,6144,2.602747851,v2_avx512bw_vec32_exact_perm,56-39-86-20-32-83-82-99-65-7-8-63-12-72-70-78-25-100-58-69-89-16-10-37-52-40-24-55-2-98-68-95-33-92-57-76-23-74-60-81-26-28-45-48-94-38-66-84-80-6-79-96-35-50-22-88-9-30-64-27-34-1-75-14-21-3-42-17-49-4-71-47-13-97-91-15-31-87-77-73-43-53-5-90-36-67-51-93-85-46-59-44-62-18-54-11-29-41-19-61
Ta100x20,6,2,200,0.85,0.125,8,2230608273,17000,6670,6437,6144,2.654608481,v2_avx512bw_vec32_exact_perm,56-20-82-39-58-86-2-89-88-33-72-40-83-8-98-32-81-43-1-94-69-12-78-14-57-91-65-100-74-60-99-10-16-52-75-30-22-92-66-80-37-35-23-7-34-84-28-3-27-55-24-15-4-25-51-13-38-21-18-97-26-77-31-50-87-76-63-17-45-59-64-62-49-53-11-29-71-47-79-85-73-46-9-42-96-70-93-48-44-6-41-68-36-5-67-90-19-54-95-61
Ta100x20,6,2,200,0.85,0.125,9,2230609282,17000,6534,6437,6144,2.559901176,v2_avx512bw_vec32_exact_perm,56-82-83-86-37-39-20-43-12-8-26-9-72-2-65-71-29-89-7-76-84-14-60-69-27-52-80-18-55-10-16-99-92-34-23-33-3-40-17-24-25-68-100-78-1-28-57-21-81-32-35-87-67-75-49-94-77-13-42-53-31-59-38-44-70-66-11-63-85-97-45-41-74-64-96-4-58-22-5-46-51-6-30-88-79-90-91-15-36-50-62-54-48-73-95-47-93-98-19-61
Ta100x20,6,2,200,0.85,0.125,10,2230610291,17000,6660,6437,6144,2.469649957,v2_avx512bw_vec32_exact_perm,56-86-88-39-82-83-89-7-37-76-99-9-21-38-33-2-1-34-47-80-8-94-28-98-78-29-20-69-12-26-31-91-25-100-65-16-52-60-23-55-77-3-14-84-66-81-10-93-72-92-13-71-64-32-61-30-27-50-40-5-97-74-75-57-4-96-79-87-17-85-6-43-24-48-53-18-45-73-15-36-68-35-63-22-49-67-70-58-62-46-59-42-44-90-11-54-51-95-41-19
Ta100x20,6,2,200,0.8875,0.025,1,2230601210,17000,6590,6437,6144,2.740471963,v2_avx512bw_vec32_exact_perm,56-86-39-72-20-82-88-83-30-43-1-92-45-37-89-76-68-52-69-8-99-59-81-4-65-34-64-14-60-16-47-98-26-94-50-40-28-33-12-29-100-13-38-31-25-80-22-66-27-48-55-58-23-74-10-41-71-78-6-57-18-2-75-7-5-21-35-9-97-87-51-32-79-84-42-17-85-24-77-53-96-70-44-54-90-91-49-73-46-15-3-67-19-93-11-36-95-63-62-61
Ta100x20,6,2,200,0.8875,0.025,2,2230602219,17000,6542,6437,6144,2.762977178,v2_avx512bw_vec32_exact_perm,56-82-39-1-86-21-83-37-9-98-20-89-14-12-33-52-26-99-92-57-8-88-60-100-97-28-55-34-65-32-7-3-81-76-25-38-72-69-80-46-59-66-94-87-63-58-2-4-71-48-43-31-75-49-67-78-17-68-10-23-16-45-40-95-30-79-35-77-90-73-53-96-91-64-13-70-50-84-93-5-24-22-44-41-47-6-85-51-15-27-18-11-42-36-74-62-54-29-19-61
Ta100x20,6,2,200,0.8875,0.025,3,2230603228,17000,6508,6437,6144,2.755591125,v2_avx512bw_vec32_exact_perm,56-83-86-32-39-82-20-31-38-8-27-9-24-12-2-37-7-99-33-52-26-78-28-55-92-69-71-3-68-25-100-65-16-10-23-60-14-75-76-98-89-59-66-72-4-84-88-58-34-1-30-97-96-80-81-87-41-29-77-6-49-42-17-70-43-13-57-85-15-94-36-18-91-73-40-79-48-21-53-5-95-35-22-50-46-47-67-45-90-74-93-64-44-11-61-51-63-19-62-54
Ta100x20,6,2,200,0.8875,0.025,4,2230604237,17000,6518,6437,6144,2.683347546,v2_avx512bw_vec32_exact_perm,56-39-82-83-86-9-32-1-100-92-88-89-37-2-28-55-98-12-43-30-19-65-7-80-99-94-40-58-52-33-35-34-31-8-69-64-14-72-66-27-81-10-68-57-21-78-71-23-75-76-60-13-74-97-45-38-91-48-79-53-73-25-77-67-16-4-22-47-49-46-70-93-18-3-26-61-84-85-96-17-87-50-59-11-6-36-5-20-29-51-44-41-62-42-95-15-63-24-90-54
Ta100x20,6,2,200,0.8875,0.025,5,2230605246,17000,6571,6437,6144,2.667815087,v2_avx512bw_vec32_exact_perm,56-83-86-33-31-82-8-99-72-1-43-80-39-98-20-71-26-9-92-89-7-25-55-94-14-100-30-28-37-60-12-3-84-34-79-69-38-50-81-57-21-65-40-52-76-63-17-36-66-68-70-29-78-58-87-10-35-75-32-48-53-23-74-59-16-2-97-5-13-51-15-41-4-64-6-77-27-90-24-96-73-42-22-91-45-44-62-18-49-54-46-85-11-93-67-47-95-88-19-61
Ta100x20,6,2,200,0.8875,0.025,6,2230606255,17000,6539,6437,6144,2.798058642,v2_avx512bw_vec32_exact_perm,56-86-83-39-82-72-32-37-88-65-8-1-9-98-20-89-12-28-55-69-26-7-33-99-14-3-78-91-2-10-23-60-34-24-75-80-38-66-11-94-21-67-16-100-13-81-52-58-71-49-43-25-31-35-59-45-64-92-6-57-85-97-27-84-74-15-76-63-18-79-53-87-29-73-96-77-4-47-40-22-50-51-46-68-48-70-30-17-93-36-95-62-5-90-41-54-42-44-19-61
Ta100x20,6,2,200,0.8875,0.025,7,2230607264,17000,6508,6437,6144,2.702239158,v2_avx512bw_vec32_exact_perm,56-82-83-1-86-76-21-39-72-8-37-32-9-68-88-14-65-7-99-89-16-66-100-92-25-27-2-12-33-28-55-78-98-20-69-71-48-80-10-29-94-31-91-58-26-74-97-81-64-52-63-79-40-75-34-45-54-60-17-23-3-24-38-84-15-57-13-87-50-96-77-43-85-73-93-53-36-95-49-18-59-35-22-6-70-90-46-11-30-51-5-47-42-4-67-44-41-19-62-61
Ta100x20,6,2,200,0.8875,0.025,8,2230608273,17000,6552,6437,6144,2.895250875,v2_avx512bw_vec32_exact_perm,56-83-86-82-26-12-9-32-100-14-39-98-21-31-37-8-16-58-99-88-2-72-1-33-92-89-71-20-28-40-55-29-25-65-81-7-80-38-57-60-76-78-66-52-75-79-34-69-94-53-97-48-70-43-10-51-50-15-3-91-23-49-77-41-36-46-85-87-35-13-4-96-24-64-6-63-61-84-74-68-45-17-67-5-59-22-44-18-93-54-42-90-30-73-27-19-47-62-95-11
Ta100x20,6,2,200,0.8875,0.025,9,2230609282,17000,6580,6437,6144,2.613732694,v2_avx512bw_vec32_exact_perm,56-39-8-1-86-83-2-82-99-9-20-32-37-66-26-12-72-100-98-92-65-45-16-28-89-7-88-80-43-81-71-33-76-25-94-57-68-23-15-31-75-60-58-69-78-59-3-97-63-52-34-50-55-38-79-27-40-48-91-85-10-36-46-87-14-53-30-17-84-4-77-35-96-41-6-13-74-70-24-64-18-49-61-22-51-73-29-21-5-47-93-90-54-62-42-44-67-95-19-11
Ta100x20,6,2,200,0.8875,0.025,10,2230610291,17000,6508,6437,6144,2.587302445,v2_avx512bw_vec32_exact_perm,56-83-86-32-33-39-82-2-37-8-26-9-30-20-29-12-99-89-92-69-71-52-10-16-65-100-25-81-34-55-58-45-75-76-98-23-40-68-15-1-72-88-14-80-96-60-97-3-66-38-7-27-57-85-78-46-22-28-24-94-13-64-49-17-77-87-50-4-67-21-18-84-51-35-73-70-48-41-74-93-36-5-6-59-62-91-31-44-79-11-47-42-43-95-90-54-63-53-19-61
Ta100x20,6,2,200,0.8875,0.05,1,2230601210,17000,6522,6437,6144,2.811533931,v2_avx512bw_vec32_exact_perm,56-82-83-86-78-43-32-1-39-20-52-2-37-8-65-12-69-7-99-33-14-9-89-72-66-100-29-10-55-92-25-27-76-34-80-97-98-81-30-21-16-3-38-74-58-68-71-45-23-40-47-35-64-28-4-57-13-87-15-24-88-31-17-77-18-84-26-46-36-60-48-49-96-70-94-95-75-5-51-42-93-62-91-85-50-73-61-79-54-53-59-22-44-6-63-41-90-67-19-11
Ta100x20,6,2,200,0.8875,0.05,2,2230602219,17000,6519,6437,6144,2.777772562,v2_avx512bw_vec32_exact_perm,56-83-82-39-8-86-31-72-38-1-32-81-98-20-37-26-74-78-33-92-99-66-59-40-94-91-88-80-23-65-14-10-55-25-68-75-30-63-16-64-52-97-50-12-2-58-69-35-76-45-7-17-34-70-9-89-85-27-71-60-3-87-29-11-22-28-49-13-100-21-62-5-42-57-48-24-15-79-84-93-51-73-43-4-96-6-18-44-77-53-54-90-67-36-47-95-46-19-41-61
Ta100x20,6,2,200,0.8875,0.05,3,2230603228,17000,6541,6437,6144,2.77907622,v2_avx512bw_vec32_exact_perm,56-83-86-39-72-76-82-20-8-99-26-9-1-43-98-89-69-55-74-65-12-37-7-45-63-60-16-92-71-64-31-33-94-10-28-66-58-30-81-32-2-97-52-14-80-38-57-91-21-17-84-49-77-46-68-100-23-13-25-4-59-18-73-35-48-15-22-36-27-3-85-24-29-53-34-6-61-5-87-50-47-75-78-96-51-67-93-42-79-44-41-88-40-70-90-62-19-54-95-11
Ta100x20,6,2,200,0.8875,0.05,4,2230604237,17000,6540,6437,6144,2.817610325,v2_avx512bw_vec32_exact_perm,56-82-83-86-32-99-43-89-30-2-1-12-58-69-16-8-37-21-39-76-29-20-9-68-14-92-55-25-23-66-94-7-100-63-27-3-40-78-33-65-52-34-81-98-80-71-72-4-75-26-10-67-49-31-60-91-50-74-11-87-38-45-15-17-97-28-13-53-84-42-24-64-48-77-44-88-36-35-51-70-46-93-59-90-6-96-62-73-18-79-85-22-57-47-5-54-95-41-19-61
Ta100x20,6,2,200,0.8875,0.05,5,2230605246,17000,6542,6437,6144,2.83082243,v2_avx512bw_vec32_exact_perm,56-82-39-86-2-27-83-80-12-32-9-100-69-37-8-16-65-78-43-30-14-55-25-68-23-33-15-34-57-60-72-31-99-70-92-81-91-10-66-52-94-1-88-18-71-89-64-98-7-3-28-79-40-53-38-95-49-75-21-35-50-54-48-77-47-13-73-87-24-96-76-17-74-84-97-5-58-59-45-44-41-63-42-85-62-26-46-22-4-67-93-36-29-6-20-90-51-11-19-61
Ta100x20,6,2,200,0.8875,0.05,6,2230606255,17000,6637,6437,6144,2.594711378,v2_avx512bw_vec32_exact_perm,56-39-86-3-20-83-28-8-2-65-82-9-1-32-37-88-69-12-99-7-96-100-89-80-38-58-66-60-98-16-70-78-94-71-72-33-34-92-52-50-43-55-11-40-84-49-26-14-23-10-27-81-85-64-24-53-25-93-75-57-76-47-48-5-97-51-36-21-15-74-13-87-35-77-17-91-31-95-18-73-90-67-4-79-42-68-30-29-22-54-44-46-59-62-45-6-41-63-19-61
Ta100x20,6,2,200,0.8875,0.05,7,2230607264,17000,6537,6437,6144,2.620578396,v2_avx512bw_vec32_exact_perm,56-82-83-86-72-88-21-39-43-89-8-32-99-7-37-12-33-92-2-16-30-71-1-20-10-52-97-68-14-69-78-58-55-25-9-45-63-100-66-34-76-81-26-75-60-57-38-70-48-50-98-65-74-13-94-91-23-80-40-18-73-11-59-35-31-87-24-15-96-4-28-84-27-85-17-36-22-49-47-77-93-29-64-3-53-42-44-62-79-90-67-46-6-51-5-19-41-54-95-61
Ta100x20,6,2,200,0.8875,0.05,8,2230608273,17000,6513,6437,6144,2.626442056,v2_avx512bw_vec32_exact_perm,56-39-43-1-30-83-37-86-72-88-65-2-32-82-12-78-33-71-7-89-81-99-69-8-16-60-58-75-34-55-94-98-23-40-92-52-68-70-14-66-4-97-28-100-91-31-76-9-79-67-38-17-25-74-87-3-80-29-53-20-27-48-18-64-49-95-35-47-84-77-73-96-13-15-59-26-85-21-46-90-24-22-11-44-36-6-51-62-42-10-50-57-54-5-45-63-93-41-19-61
Ta100x20,6,2,200,0.8875,0.05,9,2230609282,17000,6542,6437,6144,2.592025574,v2_avx512bw_vec32_exact_perm,56-82-39-86-32-72-89-83-40-58-98-1-21-37-8-16-2-33-55-92-12-28-88-25-100-57-68-94-80-71-9-76-66-23-3-7-38-13-14-64-24-81-69-20-65-59-99-34-75-48-78-97-51-52-45-26-60-84-41-49-77-27-79-96-85-43-31-35-74-53-70-17-10-87-36-18-4-67-50-22-73-19-15-62-5-63-91-6-42-93-46-90-30-29-44-11-54-95-47-61
Ta100x20,6,2,200,0.8875,0.05,10,2230610291,17000,6529,6437,6144,2.663874316,v2_avx512bw_vec32_exact_perm,56-86-21-32-39-20-82-83-37-40-52-88-89-8-7-76-43-66-99-74-65-25-1-24-94-9-100-92-60-57-69-81-47-12-23-26-17-98-45-38-33-96-72-78-55-70-10-29-6-5-97-34-68-91-75-48-2-4-95-80-64-28-35-77-31-53-16-13-87-71-3-14-63-22-49-93-84-61-58-85-36-50-41-73-30-15-51-27-79-62-54-46-44-42-90-59-18-67-19-11
Ta100x20,6,2,200,0.8875,0.075,1,2230601210,17000,6567,6437,6144,2.547509673,v2_avx512bw_vec32_exact_perm,86-88-83-76-82-32-39-8-98-12-43-99-89-52-33-7-92-63-20-26-37-2-69-66-16-65-25-55-100-29-38-1-24-9-10-78-23-94-58-87-95-60-74-68-34-4-14-31-30-84-71-81-27-64-77-3-17-49-67-80-96-40-75-53-97-70-48-45-5-56-28-15-50-62-93-72-47-22-13-79-35-36-46-42-59-18-85-44-91-73-21-11-6-90-51-54-57-41-19-61
Ta100x20,6,2,200,0.8875,0.075,2,2230602219,17000,6512,6437,6144,2.642167164,v2_avx512bw_vec32_exact_perm,56-82-83-86-32-37-88-39-20-33-89-1-34-12-69-28-55-100-25-92-52-99-98-8-3-97-76-72-14-65-74-91-10-49-94-71-81-64-96-40-27-50-66-68-23-2-7-16-78-58-43-57-45-48-80-79-75-38-77-36-17-30-46-31-63-59-5-60-35-21-47-53-87-93-29-44-54-13-15-24-84-26-22-95-18-85-9-11-51-6-41-70-42-90-4-62-67-73-19-61
Ta100x20,6,2,200,0.8875,0.075,3,2230603228,17000,6504,6437,6144,2.564353968,v2_avx512bw_vec32_exact_perm,56-83-1-86-32-39-82-88-20-12-92-72-37-24-2-30-99-7-43-80-8-65-69-25-55-16-34-66-94-33-74-89-71-10-52-9-100-98-97-38-76-28-81-23-70-68-13-4-40-58-78-67-18-31-27-14-42-45-60-91-15-62-64-57-48-79-5-36-93-17-87-3-96-49-29-75-26-77-84-53-50-22-46-44-41-85-19-6-51-21-35-63-73-61-47-59-54-95-90-11
Ta100x20,6,2,200,0.8875,0.075,4,2230604237,17000,6623,6437,6144,2.59670496,v2_avx512bw_vec32_exact_perm,56-86-88-22-89-8-39-32-82-72-83-7-100-37-40-43-55-14-98-12-2-92-28-4-69-33-78-76-96-97-81-99-67-29-80-38-65-52-20-25-75-74-58-3-35-66-21-45-63-16-48-60-94-1-71-84-19-17-87-9-34-31-24-49-77-41-73-30-64-5-10-36-18-23-13-91-95-68-26-85-70-50-54-15-27-44-79-46-53-42-90-59-6-93-47-62-51-11-57-61
Ta100x20,6,2,200,0.8875,0.075,5,2230605246,17000,6601,6437,6144,2.635871418,v2_avx512bw_vec32_exact_perm,56-86-82-83-9-32-2-37-100-72-39-98-76-69-8-88-58-1-89-34-33-38-27-40-65-52-74-7-55-26-91-63-66-10-14-78-94-54-81-99-29-43-25-53-70-92-31-71-80-75-20-12-64-28-60-49-45-23-35-68-77-59-97-57-85-48-96-4-73-18-95-42-22-24-3-6-17-84-15-13-36-16-93-90-62-21-67-51-47-79-87-11-44-46-30-50-5-41-19-61
Ta100x20,6,2,200,0.8875,0.075,6,2230606255,17000,6512,6437,6144,2.685484615,v2_avx512bw_vec32_exact_perm,56-82-83-86-32-39-92-37-88-26-30-8-1-99-25-12-100-9-27-47-66-21-3-69-55-52-33-34-58-2-29-76-81-94-65-14-40-98-68-60-23-45-64-28-35-10-84-50-72-5-70-18-89-77-97-16-57-24-38-13-78-74-87-80-11-46-20-71-48-15-4-96-73-19-63-75-7-31-36-85-17-43-59-49-22-79-42-93-6-61-90-91-67-95-41-44-53-51-62-54
Ta100x20,6,2,200,0.8875,0.075,7,2230607264,17000,6512,6437,6144,2.745292838,v2_avx512bw_vec32_exact_perm,56-82-83-86-39-72-20-12-37-33-2-92-27-78-9-1-32-26-7-23-58-74-68-45-94-89-34-99-25-65-8-28-55-40-76-69-52-66-97-80-98-21-16-31-71-15-13-100-57-10-81-29-88-77-17-60-63-87-47-84-53-14-64-59-6-4-38-75-18-67-49-70-79-46-96-93-48-35-3-30-44-91-73-22-90-24-42-11-51-5-36-62-85-43-50-54-61-95-41-19
Ta100x20,6,2,200,0.8875,0.075,8,2230608273,17000,6576,6437,6144,3.04727827,v2_avx512bw_vec32_exact_perm,56-86-83-37-20-82-26-38-39-8-99-16-2-33-1-34-72-71-75-10-31-100-92-55-69-59-78-98-27-80-89-74-21-29-65-12-18-7-60-94-14-68-23-25-73-93-81-58-87-67-57-85-4-43-76-9-97-32-96-64-66-79-53-52-84-28-40-77-35-22-3-13-91-6-51-17-70-48-49-42-11-90-24-36-5-45-88-62-15-50-30-63-54-95-47-46-44-41-19-61
Ta100x20,6,2,200,0.8875,0.075,9,2230609282,17000,6566,6437,6144,2.895663517,v2_avx512bw_vec32_exact_perm,56-82-83-86-37-9-76-22-100-39-98-20-21-89-71-92-88-72-58-2-81-66-27-32-97-40-1-74-33-52-7-8-69-99-78-28-60-65-16-70-30-4-10-14-55-18-34-53-75-12-50-5-47-23-59-25-49-94-42-38-79-17-77-45-57-44-68-13-26-64-24-93-31-51-84-43-48-36-85-29-6-15-91-3-96-80-62-35-87-63-11-46-54-73-90-67-95-41-19-61
Ta100x20,6,2,200,0.8875,0.075,10,2230610291,17000,6607,6437,6144,2.962549921,v2_avx512bw_vec32_exact_perm,56-39-8-86-3-83-43-91-98-72-38-100-2-82-9-1-94-33-55-34-37-66-12-88-47-14-65-76-25-80-20-57-99-7-89-16-26-92-28-78-81-52-68-23-69-21-75-77-71-49-70-50-17-30-5-96-60-31-27-97-62-35-4-40-59-58-74-22-87-32-79-36-48-18-10-24-64-53-13-45-42-29-93-73-84-95-41-6-85-51-15-46-44-11-67-90-54-63-19-61
Ta100x20,6,2,200,0.8875,0.1,1,2230601210,17000,6597,6437,6144,2.85207277,v2_avx512bw_vec32_exact_perm,56-39-8-83-86-2-82-9-65-74-99-32-89-26-66-7-88-98-33-20-92-55-25-12-1-52-28-94-29-71-10-68-3-23-100-72-81-59-75-6-5-16-13-97-18-77-30-14-38-78-27-60-80-96-34-4-84-58-69-70-17-63-40-48-87-50-22-41-15-24-79-31-47-61-49-76-43-45-64-36-51-93-91-85-57-73-21-35-37-62-44-53-42-46-90-67-19-54-95-11
Ta100x20,6,2,200,0.8875,0.1,2,2230602219,17000,6608,6437,6144,2.80137334,v2_avx512bw_vec32_exact_perm,56-82-86-83-32-98-2-100-72-88-39-28-26-8-60-55-34-89-69-7-78-27-33-12-52-81-99-23-79-37-10-58-65-38-14-29-9-30-21-16-45-80-70-48-53-68-25-74-15-41-94-3-71-40-66-17-84-91-76-75-31-1-5-20-6-57-92-13-63-4-42-43-87-59-35-44-62-85-97-46-49-67-96-77-93-64-90-24-22-51-50-54-73-11-47-95-36-18-19-61
Ta100x20,6,2,200,0.8875,0.1,3,2230603228,17000,6601,6437,6144,2.866664685,v2_avx512bw_vec32_exact_perm,56-86-82-83-32-88-60-7-39-37-100-28-76-1-8-27-2-3-30-12-29-74-65-99-21-9-58-94-14-92-33-52-89-16-69-66-23-68-38-78-25-22-98-4-59-64-57-20-47-10-18-71-55-45-80-24-34-96-81-49-87-75-61-97-50-72-31-5-84-17-77-53-40-73-95-15-13-43-91-62-79-85-67-36-46-90-42-70-44-93-11-51-41-6-26-63-19-35-48-54
Ta100x20,6,2,200,0.8875,0.1,4,2230604237,17000,6552,6437,6144,2.53185129,v2_avx512bw_vec32_exact_perm,56-39-72-2-8-38-86-31-82-9-26-83-76-32-37-7-99-80-34-65-89-16-69-1-63-12-88-45-100-59-92-60-57-4-66-22-70-25-98-78-58-30-3-29-10-75-47-52-13-55-64-14-33-94-40-23-71-48-97-35-28-85-73-77-43-84-17-68-81-36-79-91-46-93-87-53-74-24-61-6-15-96-21-44-18-50-11-49-67-20-27-5-62-51-90-54-42-95-41-19
Ta100x20,6,2,200,0.8875,0.1,5,2230605246,17000,6542,6437,6144,2.791789277,v2_avx512bw_vec32_exact_perm,56-82-39-86-76-83-37-9-32-100-98-20-1-74-10-69-2-94-12-33-71-8-88-50-92-16-72-99-87-89-28-55-34-81-23-40-14-66-7-27-65-38-78-13-68-52-4-70-17-43-75-26-96-97-80-84-60-57-77-63-48-22-49-11-25-58-73-30-3-85-18-24-64-67-31-51-79-45-29-15-62-46-93-53-59-47-42-44-95-41-6-35-36-91-5-21-90-54-19-61
Ta100x20,6,2,200,0.8875,0.1,6,2230606255,17000,6604,6437,6144,2.584694611,v2_avx512bw_vec32_exact_perm,56-86-39-72-8-37-88-12-32-82-9-83-76-69-78-33-29-100-98-20-27-7-1-89-94-16-21-97-2-92-14-65-43-60-40-67-66-4-55-34-74-99-28-23-80-10-13-81-84-87-58-71-52-59-38-3-77-51-91-31-35-26-49-22-64-45-57-68-25-50-93-75-48-24-18-30-96-73-15-62-5-79-36-17-53-42-70-90-46-95-54-85-44-6-47-11-63-41-19-61
Ta100x20,6,2,200,0.8875,0.1,7,2230607264,17000,6544,6437,6144,2.644628627,v2_avx512bw_vec32_exact_perm,56-82-39-72-83-86-20-24-88-92-55-2-26-66-7-43-1-9-89-69-8-32-94-33-25-12-37-99-30-52-29-58-100-80-74-63-38-65-16-34-97-23-40-81-87-17-14-98-15-31-76-35-28-21-3-68-42-4-71-64-13-57-85-95-77-27-18-84-60-10-53-36-22-48-49-75-93-50-47-59-79-96-91-70-78-6-5-62-51-46-67-11-90-73-45-54-44-41-19-61
Ta100x20,6,2,200,0.8875,0.1,8,2230608273,17000,6632,6437,6144,2.796053061,v2_avx512bw_vec32_exact_perm,56-82-86-39-88-1-8-37-9-32-72-100-98-20-89-26-71-68-23-83-12-92-25-69-59-60-16-48-29-80-94-38-14-99-66-22-52-97-65-78-81-27-10-57-33-76-34-70-53-40-35-18-73-84-13-55-7-17-2-93-28-58-42-64-50-96-31-77-75-43-87-4-44-91-79-45-3-67-30-95-47-41-49-46-74-15-90-54-51-5-21-36-62-85-24-6-63-11-19-61
Ta100x20,6,2,200,0.8875,0.1,9,2230609282,17000,6676,6437,6144,2.782394514,v2_avx512bw_vec32_exact_perm,83-86-56-39-45-82-9-20-37-30-1-99-92-88-80-34-27-40-68-21-8-55-98-16-2-74-75-65-7-58-78-32-23-94-33-14-89-66-12-25-91-43-100-5-69-76-3-59-60-97-35-57-48-4-38-50-84-28-72-15-85-73-31-71-17-36-18-52-26-13-77-90-64-41-10-62-49-24-96-67-87-79-46-70-19-47-93-44-22-61-63-42-81-6-53-51-29-54-95-11
Ta100x20,6,2,200,0.8875,0.1,10,2230610291,17000,6619,6437,6144,2.818879312,v2_avx512bw_vec32_exact_perm,56-86-88-83-39-72-8-92-82-9-65-32-99-1-2-69-30-12-80-7-37-71-20-66-21-98-89-26-16-52-38-60-76-33-10-14-81-55-23-29-34-94-24-58-25-64-77-100-75-13-49-4-97-28-31-48-53-70-43-35-74-67-78-6-91-27-47-85-95-45-68-15-63-84-17-22-44-96-40-46-50-3-59-87-90-54-73-79-11-36-18-5-51-42-93-62-57-41-19-61
Ta100x20,6,2,200,0.8875,0.125,1,2230601210,17000,6660,6437,6144,2.871795929,v2_avx512bw_vec32_exact_perm,56-86-88-39-20-89-72-8-99-82-83-7-43-1-98-78-28-65-12-52-33-38-49-2-26-32-94-77-58-37-10-23-25-69-60-80-53-21-76-16-4-71-34-3-54-9-97-66-14-11-91-36-75-6-92-64-81-85-63-55-100-57-13-74-30-51-40-46-35-90-70-24-48-84-96-27-87-17-68-93-79-50-31-47-45-15-5-59-62-73-29-18-22-67-42-44-41-95-19-61
Ta100x20,6,2,200,0.8875,0.125,2,2230602219,17000,6664,6437,6144,2.872241148,v2_avx512bw_vec32_exact_perm,56-82-9-83-20-37-2-1-86-72-100-80-39-43-98-8-88-89-99-74-33-92-69-47-75-12-25-48-78-71-27-50-7-87-76-45-68-23-32-34-66-97-52-73-63-91-10-65-60-38-28-55-5-17-3-22-84-96-59-35-81-16-64-31-58-40-79-14-94-90-18-70-57-13-15-36-6-41-95-77-62-49-30-46-85-21-53-93-51-24-42-26-54-4-29-67-44-11-19-61
Ta100x20,6,2,200,0.8875,0.125,3,2230603228,17000,6594,6437,6144,2.605565429,v2_avx512bw_vec32_exact_perm,83-86-82-88-76-39-56-65-92-16-37-26-7-32-52-55-20-89-1-34-33-69-80-38-99-71-9-98-25-3-100-28-45-30-60-74-31-23-58-15-66-72-46-94-81-8-43-97-2-12-24-40-48-35-57-14-13-78-27-59-62-85-87-50-68-77-22-75-10-51-29-53-91-6-49-64-5-21-4-11-96-84-17-36-70-73-18-44-41-42-79-90-67-93-47-95-54-63-19-61
Ta100x20,6,2,200,0.8875,0.125,4,2230604237,17000,6681,6437,6144,2.592339098,v2_avx512bw_vec32_exact_perm,56-86-88-39-8-27-9-83-82-100-1-32-37-10-58-99-7-23-2-40-12-50-33-26-94-72-65-92-25-34-16-80-38-31-69-89-47-71-4-75-74-30-70-76-97-28-79-48-81-52-15-67-64-63-91-78-66-55-21-14-87-13-3-68-35-77-18-46-49-53-59-22-60-62-93-36-57-84-24-45-73-6-41-20-98-29-96-95-85-17-5-44-42-43-11-90-54-51-19-61
Ta100x20,6,2,200,0.8875,0.125,5,2230605246,17000,6625,6437,6144,2.505676911,v2_avx512bw_vec32_exact_perm,56-83-86-39-82-9-37-8-88-32-60-7-99-34-72-65-66-2-21-12-28-4-1-33-89-63-76-69-55-38-20-16-100-25-85-57-13-92-94-48-22-71-97-52-80-30-27-3-68-64-14-74-81-53-40-79-93-23-77-75-29-84-17-6-45-78-24-98-43-59-10-31-47-26-49-91-44-54-46-87-35-51-50-96-70-18-42-73-15-11-36-5-90-62-67-95-41-19-58-61
Ta100x20,6,2,200,0.8875,0.125,6,2230606255,17000,6650,6437,6144,2.574256172,v2_avx512bw_vec32_exact_perm,56-39-86-83-82-88-37-20-12-7-99-33-2-8-1-43-28-21-80-9-29-68-100-89-26-38-3-25-76-79-14-30-75-45-55-98-17-84-34-92-60-10-94-57-47-87-27-69-66-52-5-71-64-81-74-31-63-72-97-58-22-78-77-42-35-65-48-49-23-18-4-91-67-96-70-73-24-13-6-46-51-93-85-40-16-41-32-36-44-53-95-15-54-19-59-62-50-90-11-61
Ta100x20,6,2,200,0.8875,0.125,7,2230607264,17000,6552,6437,6144,2.604026003,v2_avx512bw_vec32_exact_perm,56-86-32-39-12-30-2-82-83-37-7-43-78-55-98-20-8-99-28-89-69-16-65-29-1-52-33-38-47-21-14-66-9-26-94-4-100-23-92-40-70-50-81-25-18-35-74-58-87-60-34-72-93-46-80-48-53-27-79-75-17-84-77-10-36-91-13-49-15-22-97-45-76-57-68-3-71-85-90-67-64-44-96-54-31-24-42-73-95-5-62-51-88-11-6-63-41-59-19-61
Ta100x20,6,2,200,0.8875,0.125,8,2230608273,17000,6633,6437,6144,2.586154626,v2_avx512bw_vec32_exact_perm,56-86-83-82-30-32-88-39-72-8-2-37-89-7-16-100-29-26-58-12-43-1-81-99-52-20-98-60-80-25-24-92-27-54-35-75-69-33-74-94-73-76-78-34-28-65-66-4-10-55-51-9-59-70-53-38-13-71-23-97-68-84-14-3-49-57-40-48-64-47-77-15-91-85-22-31-96-50-17-42-93-45-63-18-36-67-87-44-62-5-21-46-11-6-90-41-95-79-19-61
Ta100x20,6,2,200,0.8875,0.125,9,2230609282,17000,6609,6437,6144,2.591231529,v2_avx512bw_vec32_exact_perm,56-83-86-33-39-82-98-89-88-2-7-37-92-20-99-8-38-69-55-25-54-74-1-94-80-71-9-32-100-75-34-28-68-45-78-65-12-66-42-50-72-23-79-16-48-57-40-21-58-35-10-60-63-76-52-22-53-5-27-97-96-46-49-87-17-14-67-44-81-91-70-4-36-18-13-64-90-77-84-31-59-15-43-29-73-30-95-26-3-62-85-24-93-51-11-41-6-47-19-61
Ta100x20,6,2,200,0.8875,0.125,10,2230610291,17000,6645,6437,6144,2.52290991,v2_avx512bw_vec32_exact_perm,56-39-86-72-8-82-83-40-55-34-76-94-98-89-69-68-1-74-27-28-37-38-2-100-33-4-88-65-12-29-66-26-9-10-63-32-31-52-58-96-80-87-15-16-71-97-92-11-48-3-7-60-23-25-99-53-78-81-77-21-14-75-45-91-57-30-49-17-6-36-85-22-46-50-70-5-62-64-43-24-93-13-84-35-79-90-42-67-44-54-59-47-20-51-73-95-41-18-19-61
Ta100x20,6,2,200,0.925,0.025,1,2230601210,17000,6542,6437,6144,2.617501126,v2_avx512bw_vec32_exact_perm,56-82-39-1-86-72-20-65-2-12-37-88-83-8-7-27-99-9-89-25-100-98-32-80-92-69-16-60-76-34-74-33-94-71-52-47-97-79-23-48-40-66-4-38-43-55-14-84-13-81-59-58-45-75-10-26-30-91-50-87-17-78-24-31-29-36-77-64-49-35-21-11-28-15-6-3-57-68-96-73-85-67-22-51-5-62-53-70-44-18-42-93-46-90-54-95-63-19-41-61
Ta100x20,6,2,200,0.925,0.025,2,2230602219,17000,6538,6437,6144,2.928767935,v2_avx512bw_vec32_exact_perm,56-39-43-83-82-69-1-86-99-100-72-76-81-8-88-65-34-89-37-7-98-12-25-80-33-20-16-2-10-78-28-55-14-23-57-38-31-74-26-52-60-58-48-71-9-68-4-75-92-53-32-59-45-64-66-97-63-27-84-93-73-13-15-61-40-91-21-49-35-94-77-87-50-22-46-51-36-85-17-18-70-90-11-6-29-3-30-79-96-47-54-44-42-24-62-5-67-95-41-19
Ta100x20,6,2,200,0.925,0.025,3,2230603228,17000,6512,6437,6144,2.72184102,v2_avx512bw_vec32_exact_perm,56-82-83-86-32-37-2-39-8-12-7-20-88-89-79-92-25-27-55-98-9-1-68-69-100-14-81-10-72-99-23-58-26-28-76-60-74-94-65-34-24-66-52-78-97-22-54-75-38-80-45-48-71-16-33-3-96-17-87-67-49-43-4-93-13-84-77-51-64-35-36-15-50-31-18-91-70-57-85-46-30-44-47-61-53-29-59-73-40-21-62-6-5-11-90-42-95-63-41-19
Ta100x20,6,2,200,0.925,0.025,4,2230604237,17000,6541,6437,6144,2.546574186,v2_avx512bw_vec32_exact_perm,56-83-86-39-82-32-30-99-2-7-43-89-37-66-12-33-88-52-100-25-8-65-16-1-28-20-81-80-38-98-21-57-92-94-23-40-26-4-58-69-55-14-9-10-71-76-68-13-78-24-75-87-34-48-50-72-85-35-47-45-27-84-74-17-77-93-91-31-53-64-6-29-96-70-5-60-90-36-42-59-73-62-18-97-22-49-61-95-46-54-15-79-44-63-67-3-51-41-19-11
Ta100x20,6,2,200,0.925,0.025,5,2230605246,17000,6565,6437,6144,2.687039262,v2_avx512bw_vec32_exact_perm,56-82-39-86-26-83-37-32-12-20-25-7-100-57-38-80-89-91-99-69-1-10-75-55-98-21-30-92-88-50-2-52-16-65-34-33-4-27-40-76-8-64-60-28-63-3-58-68-94-23-74-66-97-72-45-48-13-81-71-14-87-24-15-9-31-35-47-77-53-96-84-59-78-18-6-17-42-36-29-49-70-43-85-22-46-44-11-90-79-67-41-73-51-93-62-5-54-95-19-61
Ta100x20,6,2,200,0.925,0.025,6,2230606255,17000,6508,6437,6144,2.997741374,v2_avx512bw_vec32_exact_perm,56-83-86-32-39-92-82-99-89-59-69-8-81-72-71-75-76-66-7-2-26-52-37-10-33-12-27-98-80-16-63-21-97-78-65-31-14-1-88-54-40-4-43-55-34-60-100-29-28-49-3-48-24-45-38-94-23-58-25-13-53-74-18-87-70-15-17-20-95-35-9-64-96-41-79-44-84-73-68-93-57-42-36-85-91-77-46-30-50-5-90-62-67-22-51-6-11-47-19-61
Ta100x20,6,2,200,0.925,0.025,7,2230607264,17000,6512,6437,6144,3.15255952,v2_avx512bw_vec32_exact_perm,56-82-83-86-39-72-38-99-20-37-92-88-8-26-9-89-32-12-25-7-65-55-29-98-1-94-21-80-34-52-33-78-100-63-66-60-57-75-41-69-2-81-64-53-74-97-10-58-71-24-23-40-18-16-31-76-5-28-45-77-67-91-17-4-13-87-22-49-14-48-70-35-84-43-79-50-96-85-27-11-6-3-51-15-36-68-95-93-62-42-46-47-90-30-59-73-54-44-19-61
Ta100x20,6,2,200,0.925,0.025,8,2230608273,17000,6541,6437,6144,2.895171467,v2_avx512bw_vec32_exact_perm,56-83-86-39-82-88-2-12-98-20-43-89-8-99-37-92-69-55-29-65-7-3-38-26-78-33-25-9-1-94-68-34-23-40-30-60-14-50-52-97-32-87-76-24-66-74-58-27-10-81-91-31-48-21-73-4-71-100-28-13-93-75-80-67-84-35-77-72-49-64-96-17-5-70-90-41-45-42-63-16-62-79-15-6-22-47-46-51-36-85-44-18-59-54-53-95-11-57-19-61
Ta100x20,6,2,200,0.925,0.025,9,2230609282,17000,6529,6437,6144,3.213601584,v2_avx512bw_vec32_exact_perm,56-86-32-83-82-12-9-33-2-37-99-69-8-100-98-39-43-63-89-1-74-68-14-52-97-27-81-31-34-72-60-38-25-80-76-16-94-92-71-7-23-28-55-78-87-3-29-20-10-75-50-21-66-58-40-53-59-77-17-84-47-26-4-13-42-44-41-79-64-57-30-18-73-45-35-48-5-24-96-62-22-6-51-46-91-85-36-88-49-11-15-67-93-65-70-90-19-54-95-61
Ta100x20,6,2,200,0.925,0.025,10,2230610291,17000,6571,6437,6144,3.296885736,v2_avx512bw_vec32_exact_perm,56-83-86-39-72-82-9-20-32-37-69-78-38-25-100-98-65-52-8-99-3-26-28-76-68-74-94-71-89-7-12-58-23-45-16-1-18-10-60-43-33-2-34-81-27-55-97-70-92-66-84-50-17-21-48-35-91-40-51-4-73-75-77-53-13-11-64-63-59-24-87-14-31-49-42-57-85-80-41-22-29-30-44-5-54-79-46-90-15-36-96-6-93-88-62-47-67-95-19-61
Ta100x20,6,2,200,0.925,0.05,1,2230601210,17000,6688,6437,6144,2.663826693,v2_avx512bw_vec32_exact_perm,83-86-88-56-39-8-98-72-43-1-99-26-37-82-9-2-85-20-92-71-10-89-28-12-76-33-16-45-68-23-14-65-94-52-27-81-55-25-60-58-13-57-100-7-66-69-77-3-70-24-53-84-40-78-97-59-63-4-34-48-79-18-31-17-38-95-36-51-64-87-46-80-73-35-44-91-42-96-22-50-29-75-21-49-15-62-32-30-11-6-74-41-90-47-5-93-67-61-19-54
Ta100x20,6,2,200,0.925,0.05,2,2230602219,17000,6566,6437,6144,2.653551788,v2_avx512bw_vec32_exact_perm,56-72-39-8-76-86-2-83-98-82-21-74-88-89-37-26-7-58-40-94-71-81-99-33-92-54-1-38-75-25-32-69-52-66-23-97-31-15-16-45-34-20-80-65-28-12-4-35-77-29-10-68-100-57-13-91-64-78-60-27-49-9-53-14-55-43-48-3-63-79-22-84-67-85-17-24-36-93-96-87-73-70-90-18-47-11-42-44-59-62-6-51-46-5-50-30-19-41-95-61
Ta100x20,6,2,200,0.925,0.05,3,2230603228,17000,6602,6437,6144,2.723087032,v2_avx512bw_vec32_exact_perm,56-82-15-86-39-20-37-2-8-99-47-12-28-1-9-69-83-78-27-32-100-98-33-52-66-89-40-58-88-34-38-94-80-10-71-76-81-23-65-7-55-25-14-92-4-16-45-43-91-77-97-64-18-31-59-26-3-50-35-48-60-84-30-5-24-57-53-87-96-74-75-21-95-49-17-22-36-13-93-70-85-68-62-46-63-67-79-72-73-6-44-42-90-11-51-54-29-41-19-61
Ta100x20,6,2,200,0.925,0.05,4,2230604237,17000,6610,6437,6144,3.000560514,v2_avx512bw_vec32_exact_perm,56-86-88-83-82-1-32-39-20-43-89-69-25-8-10-52-99-81-16-87-33-26-7-65-34-37-55-9-30-14-100-92-66-29-27-31-76-22-85-59-2-50-38-12-60-23-98-28-80-96-49-70-58-57-13-78-4-45-68-64-71-5-40-91-75-94-48-97-3-15-72-21-24-17-63-74-35-54-93-6-77-53-79-46-84-44-36-90-67-62-73-11-51-47-42-95-41-18-19-61
Ta100x20,6,2,200,0.925,0.05,5,2230605246,17000,6542,6437,6144,2.986852637,v2_avx512bw_vec32_exact_perm,56-82-39-1-86-20-89-38-26-83-69-8-2-7-37-99-40-10-58-30-52-14-33-55-28-12-74-81-27-88-23-92-65-91-60-66-9-94-72-71-16-100-49-32-18-76-45-57-97-34-85-84-80-77-64-63-13-53-15-95-73-31-25-75-96-4-21-24-98-17-87-36-11-78-51-68-29-22-6-42-5-50-48-70-43-93-79-44-62-46-35-3-54-90-67-59-47-19-41-61
Ta100x20,6,2,200,0.925,0.05,6,2230606255,17000,6619,6437,6144,2.715530941,v2_avx512bw_vec32_exact_perm,56-86-82-88-83-39-8-32-21-89-98-30-28-1-12-37-26-100-72-33-10-16-2-71-80-20-81-38-63-69-7-76-99-23-75-9-74-68-25-52-92-65-59-60-97-94-14-55-31-58-45-66-78-43-91-48-64-85-34-4-13-6-24-50-35-27-18-87-84-95-77-53-15-46-3-22-49-67-79-17-11-96-73-47-40-93-36-29-90-70-42-44-41-51-62-54-5-57-19-61
Ta100x20,6,2,200,0.925,0.05,7,2230607264,17000,6519,6437,6144,2.652726485,v2_avx512bw_vec32_exact_perm,56-82-83-86-21-39-27-12-33-98-72-100-1-32-69-89-28-40-37-7-20-99-2-80-66-43-25-81-76-26-8-68-88-29-65-94-92-55-71-48-60-34-97-52-74-75-50-16-63-23-78-91-45-58-31-10-38-14-53-84-24-22-93-13-57-18-6-70-42-15-9-30-41-95-49-85-64-77-47-96-17-87-3-59-44-46-90-79-62-35-11-67-36-73-51-4-54-5-19-61
Ta100x20,6,2,200,0.925,0.05,8,2230608273,17000,6535,6437,6144,2.981545373,v2_avx512bw_vec32_exact_perm,56-72-83-82-1-88-39-8-86-32-89-7-20-37-33-12-25-92-99-68-2-28-23-76-26-65-52-66-9-74-94-58-71-16-69-78-60-98-47-45-100-57-34-80-40-48-38-27-79-31-10-55-50-96-97-14-91-81-77-64-13-84-24-3-15-36-22-93-51-6-75-18-35-59-87-4-42-54-29-73-21-17-53-19-43-49-61-5-30-62-46-44-41-85-70-67-63-95-90-11
Ta100x20,6,2,200,0.925,0.05,9,2230609282,17000,6628,6437,6144,2.871781283,v2_avx512bw_vec32_exact_perm,56-82-86-83-2-9-98-72-39-1-92-99-33-12-29-20-27-55-69-78-10-8-34-52-89-100-16-32-45-28-65-66-75-26-7-48-84-37-43-60-76-23-80-77-68-3-94-25-79-35-21-63-81-64-49-14-58-4-40-59-88-71-57-38-31-85-97-96-74-6-67-17-53-93-70-91-5-87-46-18-15-44-62-13-42-22-50-24-73-90-47-36-30-11-51-54-95-41-19-61
Ta100x20,6,2,200,0.925,0.05,10,2230610291,17000,6621,6437,6144,3.129483356,v2_avx512bw_vec32_exact_perm,56-83-86-82-88-39-8-99-89-34-20-52-65-12-1-69-37-63-26-25-23-80-68-38-33-40-9-32-71-94-16-100-14-97-92-72-76-81-55-2-10-66-28-50-7-18-64-5-96-45-3-87-27-17-48-24-4-98-54-79-43-60-74-77-91-6-13-78-30-57-75-84-49-22-58-21-35-42-95-53-47-59-46-70-93-62-31-73-51-90-85-11-15-36-44-41-67-29-19-61
Ta100x20,6,2,200,0.925,0.075,1,2230601210,17000,6614,6437,6144,2.983110117,v2_avx512bw_vec32_exact_perm,56-83-86-82-39-20-37-65-16-88-89-40-8-66-98-26-78-72-7-32-71-52-81-64-45-99-75-14-12-33-69-100-63-9-94-60-25-80-34-76-57-58-10-68-70-48-31-1-97-28-87-92-23-2-29-4-38-95-13-55-15-53-27-18-74-79-46-49-22-35-6-96-43-17-30-77-36-85-84-93-3-67-24-91-5-44-11-21-42-73-90-51-47-59-62-54-50-41-19-61
Ta100x20,6,2,200,0.925,0.075,2,2230602219,17000,6620,6437,6144,2.954581213,v2_avx512bw_vec32_exact_perm,56-39-86-20-89-82-40-37-88-83-8-7-12-63-27-26-52-65-80-71-9-99-32-72-100-58-78-25-76-66-75-98-16-14-60-2-74-33-10-22-92-55-23-97-34-45-31-91-69-38-15-48-50-81-28-70-43-1-87-35-84-24-95-53-17-3-29-49-64-68-62-13-77-5-57-94-85-47-67-30-46-21-61-73-44-79-59-36-90-54-4-6-93-96-51-41-18-42-19-11
Ta100x20,6,2,200,0.925,0.075,3,2230603228,17000,6547,6437,6144,3.090780432,v2_avx512bw_vec32_exact_perm,56-83-86-32-39-82-9-20-65-2-37-12-69-8-7-99-43-66-55-98-1-88-92-94-26-14-100-81-28-31-52-71-33-48-80-38-10-57-64-23-13-91-3-15-25-72-49-21-35-27-68-74-70-89-77-97-60-63-84-78-16-58-22-24-96-40-53-87-73-29-47-93-5-18-62-45-76-42-50-34-17-4-67-75-85-44-30-79-11-19-41-36-46-51-6-59-90-54-95-61
Ta100x20,6,2,200,0.925,0.075,4,2230604237,17000,6557,6437,6144,3.096198639,v2_avx512bw_vec32_exact_perm,56-83-86-33-39-72-8-32-20-37-7-99-65-52-100-82-26-1-28-81-55-63-78-34-40-94-80-71-98-76-89-16-38-69-70-31-50-92-41-25-66-68-10-23-12-29-43-27-60-64-49-74-97-4-30-57-75-15-96-48-2-22-88-79-44-93-13-47-77-36-91-17-84-58-45-35-87-67-9-24-73-51-3-5-21-62-6-42-14-53-46-85-18-59-11-90-54-95-19-61
Ta100x20,6,2,200,0.925,0.075,5,2230605246,17000,6613,6437,6144,2.937501646,v2_avx512bw_vec32_exact_perm,56-39-82-83-86-32-37-81-88-12-33-98-8-10-89-69-28-99-76-38-14-23-94-34-65-40-55-9-1-72-100-66-7-4-52-71-64-27-3-75-92-60-17-16-2-30-57-5-21-26-45-58-31-63-29-74-22-78-84-97-95-91-50-87-35-47-49-70-20-15-18-13-36-43-93-53-25-80-48-67-79-77-85-96-24-46-51-44-11-61-6-68-59-73-42-90-41-19-62-54
Ta100x20,6,2,200,0.925,0.075,6,2230606255,17000,6646,6437,6144,2.804704098,v2_avx512bw_vec32_exact_perm,56-39-86-100-82-99-40-8-32-88-12-30-1-37-83-69-98-14-33-16-26-89-66-81-43-2-80-34-29-52-94-20-92-75-48-28-79-55-38-76-53-22-72-10-9-17-65-78-63-7-71-87-97-3-58-74-45-60-23-67-31-27-4-25-64-49-77-91-84-6-24-93-50-47-51-21-73-61-13-18-35-15-46-68-59-36-42-44-41-85-62-90-70-57-54-5-96-95-19-11
Ta100x20,6,2,200,0.925,0.075,7,2230607264,17000,6663,6437,6144,2.829899379,v2_avx512bw_vec32_exact_perm,56-86-54-83-39-82-8-99-32-74-97-1-33-72-28-12-37-69-55-92-52-2-89-65-7-66-16-88-58-26-34-70-60-3-81-63-68-78-91-23-100-10-38-14-87-35-31-96-50-17-5-27-40-75-71-76-57-9-98-80-21-13-85-25-64-36-45-18-48-4-22-67-20-15-53-29-77-94-49-43-24-84-93-73-6-59-47-62-42-90-51-79-30-46-11-44-95-41-19-61
Ta100x20,6,2,200,0.925,0.075,8,2230608273,17000,6512,6437,6144,2.622008753,v2_avx512bw_vec32_exact_perm,56-82-83-86-39-43-76-89-69-8-99-81-34-21-65-37-78-16-25-58-1-88-94-92-52-80-71-28-12-31-7-59-55-33-50-66-2-32-75-40-45-98-38-10-23-20-72-60-97-91-74-22-35-100-14-57-42-27-49-48-3-4-26-29-18-13-64-77-17-30-24-84-5-87-95-68-9-36-85-11-15-53-51-46-63-93-6-96-62-70-44-47-41-79-54-90-67-73-19-61
Ta100x20,6,2,200,0.925,0.075,9,2230609282,17000,6651,6437,6144,2.843934158,v2_avx512bw_vec32_exact_perm,56-39-86-20-83-82-52-21-8-37-65-32-16-100-34-7-89-76-74-80-67-88-31-58-25-4-64-18-1-92-26-81-12-69-99-45-28-72-14-10-75-55-53-33-78-66-60-43-23-27-9-98-49-71-30-17-40-48-91-73-94-2-77-97-38-63-13-44-5-35-84-93-15-70-36-68-3-85-96-6-95-22-79-50-62-61-24-46-47-51-87-42-90-59-29-11-57-41-19-54
Ta100x20,6,2,200,0.925,0.075,10,2230610291,17000,6625,6437,6144,3.02241419,v2_avx512bw_vec32_exact_perm,56-39-86-20-82-83-88-65-8-98-40-76-26-37-69-10-55-9-72-100-33-14-92-1-99-58-32-89-25-52-74-94-38-34-80-60-29-27-28-81-64-30-4-18-49-66-12-43-63-97-87-53-70-48-50-23-45-91-7-71-78-75-16-31-68-3-13-42-77-24-2-17-57-22-36-5-11-35-84-79-15-73-47-85-96-59-90-62-67-46-21-6-93-41-44-54-51-95-19-61
Ta100x20,6,2,200,0.925,0.1,1,2230601210,17000,6613,6437,6144,2.723830448,v2_avx512bw_vec32_exact_perm,56-83-86-82-88-65-9-39-20-37-12-52-8-100-57-33-72-92-26-55-32-21-63-75-30-66-7-89-1-99-28-49-2-59-14-94-40-68-18-4-34-87-17-81-98-80-31-58-25-71-23-60-43-78-48-38-70-50-76-69-84-27-16-97-10-74-15-62-13-61-36-35-96-24-64-3-93-91-73-53-95-79-67-46-85-44-22-51-47-5-42-77-41-6-29-45-90-54-19-11
Ta100x20,6,2,200,0.925,0.1,2,2230602219,17000,6670,6437,6144,2.702714751,v2_avx512bw_vec32_exact_perm,56-86-82-83-78-43-98-88-39-8-26-12-89-7-14-30-27-81-20-33-99-92-74-37-32-52-65-25-38-94-2-1-69-80-46-34-68-84-63-58-16-66-55-10-45-72-75-60-97-17-53-71-9-31-77-28-3-64-57-23-100-50-85-79-35-91-36-48-70-44-96-41-76-49-40-62-24-5-22-21-90-6-67-47-87-29-11-15-13-19-4-73-59-42-18-93-51-54-95-61
Ta100x20,6,2,200,0.925,0.1,3,2230603228,17000,6670,6437,6144,2.877945528,v2_avx512bw_vec32_exact_perm,56-86-39-37-9-98-20-89-38-82-1-52-69-83-32-88-99-10-65-8-26-60-100-57-72-16-92-7-76-34-33-28-45-31-30-66-12-43-14-55-23-58-96-78-46-97-27-85-3-48-71-80-2-41-81-68-29-21-40-64-77-49-94-73-25-35-44-79-84-63-93-17-22-13-53-75-24-62-5-67-87-42-15-36-74-90-91-70-11-4-6-59-51-50-47-18-54-95-19-61
Ta100x20,6,2,200,0.925,0.1,4,2230604237,17000,6626,6437,6144,2.791080647,v2_avx512bw_vec32_exact_perm,56-83-86-82-39-8-9-1-20-37-99-43-46-2-33-89-52-92-26-7-3-71-81-69-76-28-66-88-38-94-16-50-65-13-21-80-34-55-32-27-23-48-10-40-100-4-25-59-87-68-57-12-78-58-75-45-24-29-14-6-72-85-77-97-53-84-35-22-60-17-74-31-98-91-44-70-36-51-49-5-47-96-79-93-64-41-18-30-42-15-62-11-73-63-90-67-19-54-95-61
Ta100x20,6,2,200,0.925,0.1,5,2230605246,17000,6651,6437,6144,3.133782837,v2_avx512bw_vec32_exact_perm,56-39-86-20-82-88-89-26-8-99-52-65-69-1-12-100-37-34-83-9-7-4-43-92-58-25-45-76-80-33-98-55-78-75-2-70-91-10-31-66-32-27-21-50-53-18-16-94-40-64-71-49-14-38-84-60-72-77-48-15-97-13-28-54-29-24-23-73-79-35-42-57-81-11-96-87-3-85-46-51-93-68-36-74-17-6-67-59-90-62-5-30-95-47-22-44-41-63-19-61
Ta100x20,6,2,200,0.925,0.1,6,2230606255,17000,6660,6437,6144,3.007187509,v2_avx512bw_vec32_exact_perm,56-86-88-39-82-20-83-92-72-99-33-30-34-40-37-26-100-1-8-16-45-81-98-78-43-52-71-89-65-7-32-91-12-14-80-28-31-9-66-2-58-55-48-94-10-23-35-69-70-75-24-15-49-18-27-74-64-76-25-29-85-53-3-97-22-13-87-95-67-36-90-77-17-47-84-21-79-57-73-5-93-68-60-96-51-62-6-38-50-42-59-4-54-46-11-63-44-41-19-61
Ta100x20,6,2,200,0.925,0.1,7,2230607264,17000,6586,6437,6144,2.631889684,v2_avx512bw_vec32_exact_perm,56-83-86-82-39-20-1-32-74-72-100-29-89-99-2-12-25-7-88-92-76-33-68-14-81-37-26-16-41-78-65-8-69-58-60-94-97-10-23-57-43-66-40-52-75-34-49-55-13-77-38-71-4-98-47-15-45-27-48-53-84-3-28-70-96-64-80-36-5-85-91-17-31-93-62-87-24-42-35-50-21-63-46-44-30-59-18-73-22-95-6-90-79-54-9-11-67-51-19-61
Ta100x20,6,2,200,0.925,0.1,8,2230608273,17000,6608,6437,6144,2.904488598,v2_avx512bw_vec32_exact_perm,56-86-2-72-83-8-39-9-89-98-82-92-30-88-26-12-1-33-94-28-65-66-20-69-55-7-99-37-74-97-84-38-14-48-68-71-32-52-21-35-80-34-22-16-57-25-60-18-49-100-31-77-3-79-29-10-76-23-27-81-53-13-75-15-96-58-45-40-17-85-47-67-70-41-87-93-50-42-4-36-5-95-91-44-64-46-63-78-59-43-24-90-62-6-11-51-54-73-19-61
Ta100x20,6,2,200,0.925,0.1,9,2230609282,17000,6678,6437,6144,2.725586855,v2_avx512bw_vec32_exact_perm,56-86-88-39-82-72-43-30-83-99-1-100-2-37-9-20-66-89-40-7-10-26-97-76-63-92-45-52-32-65-81-94-75-60-71-98-12-80-69-34-31-59-8-28-49-87-14-48-55-4-27-78-50-58-38-25-53-29-5-6-21-17-84-77-35-73-85-57-24-64-22-13-3-96-46-93-68-74-15-33-36-23-41-47-70-90-62-18-79-67-16-11-91-42-51-19-44-54-95-61
Ta100x20,6,2,200,0.925,0.1,10,2230610291,17000,6652,6437,6144,3.14969518,v2_avx512bw_vec32_exact_perm,56-86-82-88-39-92-83-98-72-30-32-37-69-100-1-8-57-12-99-65-74-20-2-78-97-23-60-28-63-21-76-26-55-48-81-19-94-35-7-79-34-16-52-14-33-43-80-38-89-70-58-40-75-5-10-53-91-84-25-66-46-50-15-27-17-45-31-18-59-68-24-4-87-71-3-62-67-9-44-13-36-61-22-49-42-29-73-41-93-47-64-96-85-6-51-77-90-54-95-11
Ta100x20,6,2,200,0.925,0.125,1,2230601210,17000,6627,6437,6144,2.627993088,v2_avx512bw_vec32_exact_perm,56-83-86-39-98-20-72-82-38-31-2-37-30-10-8-88-71-1-68-100-99-75-25-92-14-55-81-21-26-76-34-33-40-4-63-64-69-78-7-97-35-50-57-65-52-66-3-70-91-89-12-74-24-94-60-23-58-9-15-45-27-67-47-93-48-28-80-13-84-53-79-16-46-77-22-49-96-87-17-5-73-18-62-32-44-42-11-90-51-85-59-43-36-95-54-6-29-41-19-61
Ta100x20,6,2,200,0.925,0.125,2,2230602219,17000,6670,6437,6144,2.879343268,v2_avx512bw_vec32_exact_perm,56-39-86-72-83-98-82-12-8-21-99-9-2-23-33-15-37-71-78-32-89-58-26-69-16-34-97-63-55-25-100-31-1-81-7-45-52-65-29-92-30-66-22-77-60-94-27-49-3-28-46-80-35-87-14-13-74-76-43-62-50-44-41-10-68-85-57-11-70-17-73-20-42-53-6-91-38-24-64-75-48-51-79-40-18-59-88-67-96-4-5-36-84-47-93-90-54-95-19-61
Ta100x20,6,2,200,0.925,0.125,3,2230603228,17000,6675,6437,6144,2.681336738,v2_avx512bw_vec32_exact_perm,56-82-9-1-68-39-2-28-8-37-88-83-92-32-76-72-99-100-25-65-78-14-86-33-30-89-60-69-55-34-57-16-23-12-95-7-80-10-81-64-98-24-58-94-22-31-51-49-43-15-66-21-77-26-3-91-13-52-97-87-38-45-4-74-17-48-11-63-20-84-6-5-40-35-96-71-27-85-73-46-62-79-93-59-75-44-47-53-90-70-67-18-50-41-42-36-54-29-19-61
Ta100x20,6,2,200,0.925,0.125,4,2230604237,17000,6672,6437,6144,2.600586401,v2_avx512bw_vec32_exact_perm,56-86-39-82-9-20-37-60-1-43-83-98-94-12-23-47-99-25-8-33-45-21-72-7-89-80-75-97-14-67-40-92-52-65-55-69-59-88-84-49-27-78-77-28-38-35-68-100-63-6-74-57-3-32-64-66-48-26-85-34-2-24-22-4-81-71-16-31-96-13-44-91-46-51-87-36-15-62-5-11-10-79-30-29-76-18-70-17-93-58-53-73-61-19-50-42-41-95-90-54
Ta100x20,6,2,200,0.925,0.125,5,2230605246,17000,6596,6437,6144,3.037964252,v2_avx512bw_vec32_exact_perm,56-39-82-83-86-58-9-20-89-26-37-38-69-99-32-66-72-2-8-16-25-100-55-33-1-65-34-28-12-88-10-80-98-76-57-68-52-23-74-13-71-3-87-60-27-81-63-75-84-64-14-30-79-7-31-92-4-94-17-78-41-24-5-22-48-50-40-36-29-49-21-61-97-45-15-18-35-59-70-53-93-51-46-91-96-95-6-47-85-44-67-54-73-42-19-77-43-90-62-11
Ta100x20,6,2,200,0.925,0.125,6,2230606255,17000,6621,6437,6144,2.847408012,v2_avx512bw_vec32_exact_perm,56-83-86-82-88-39-8-1-43-14-37-7-99-33-2-68-30-89-78-28-55-25-72-60-29-100-26-12-57-20-50-40-76-65-34-52-69-97-27-66-81-70-63-38-75-85-79-71-9-94-23-24-48-80-4-31-32-64-10-58-16-92-45-87-17-77-98-49-35-3-54-67-51-13-6-74-21-93-15-18-91-36-53-46-5-22-84-44-62-96-59-95-47-42-90-11-73-41-19-61
Ta100x20,6,2,200,0.925,0.125,7,2230607264,17000,6664,6437,6144,2.651192889,v2_avx512bw_vec32_exact_perm,56-86-83-43-37-39-32-2-82-54-72-12-33-8-17-75-26-1-4-31-7-14-10-52-66-65-92-16-98-78-27-80-99-81-67-21-45-100-40-29-94-3-34-69-18-89-55-15-28-53-71-60-38-25-23-59-9-49-79-84-91-97-87-76-35-77-74-57-36-88-46-96-13-85-64-50-68-93-51-70-44-24-58-22-48-42-20-62-63-73-30-5-95-90-11-6-47-41-19-61
Ta100x20,6,2,200,0.925,0.125,8,2230608273,17000,6703,6437,6144,2.627520594,v2_avx512bw_vec32_exact_perm,56-86-2-30-8-39-98-20-72-37-74-25-55-83-82-7-71-99-70-92-9-97-100-1-89-66-52-43-81-64-75-14-50-32-19-76-28-60-15-49-11-24-88-78-38-57-12-33-59-3-13-65-4-40-63-34-53-29-91-87-16-10-69-94-80-23-44-22-47-45-58-42-26-84-27-79-17-18-77-93-6-31-51-41-68-48-46-21-36-95-85-54-73-35-62-96-5-67-90-61
Ta100x20,6,2,200,0.925,0.125,9,2230609282,17000,6661,6437,6144,2.656834326,v2_avx512bw_vec32_exact_perm,56-86-88-39-72-43-83-30-40-8-99-76-26-12-69-89-66-33-98-10-2-37-41-52-55-14-38-64-20-78-32-65-29-94-60-34-25-80-49-100-82-81-57-16-61-92-71-97-1-36-7-91-9-35-3-87-23-15-4-28-74-75-46-24-50-77-31-68-21-6-13-59-96-62-48-5-42-17-70-58-85-73-47-90-63-53-67-22-79-44-93-84-27-45-54-18-51-95-11-19
Ta100x20,6,2,200,0.925,0.125,10,2230610291,17000,6665,6437,6144,2.659032146,v2_avx512bw_vec32_exact_perm,56-83-86-82-39-100-98-32-74-20-30-37-8-89-7-66-72-88-26-10-65-38-23-60-27-69-12-97-28-40-52-71-55-33-2-58-94-99-48-63-21-29-76-49-78-64-81-14-16-43-96-80-35-9-73-84-77-13-45-59-25-53-17-75-1-44-79-87-3-92-70-4-54-46-93-57-68-31-15-34-91-51-11-90-85-50-36-67-62-42-24-47-5-22-6-95-41-19-18-61
Ta100x20,6,2,200,0.9625,0.025,1,2230601210,17000,6527,6437,6144,2.944334348,v2_avx512bw_vec32_exact_perm,56-82-83-86-39-32-72-8-10-37-99-68-1-100-14-12-28-76-29-88-89-98-16-92-20-69-52-97-60-80-23-59-55-40-58-45-33-15-71-9-94-65-34-84-27-66-24-75-81-38-18-96-30-7-78-31-74-70-2-35-43-73-77-48-87-63-13-4-64-57-26-53-5-25-17-3-54-44-91-49-93-21-47-90-67-22-42-95-79-50-62-41-6-36-46-51-85-11-19-61
Ta100x20,6,2,200,0.9625,0.025,2,2230602219,17000,6518,6437,6144,2.725941434,v2_avx512bw_vec32_exact_perm,56-83-86-32-39-82-20-1-37-100-9-72-33-12-92-69-30-27-8-99-89-66-29-40-94-65-21-16-52-43-49-60-71-97-98-81-68-23-34-45-76-80-25-55-7-75-2-63-10-35-58-31-59-67-74-4-87-88-14-47-64-24-48-3-61-51-73-79-38-28-78-77-91-53-13-84-15-50-22-85-18-26-70-17-90-6-57-46-5-11-36-42-93-44-96-62-95-41-19-54
Ta100x20,6,2,200,0.9625,0.025,3,2230603228,17000,6664,6437,6144,2.829710893,v2_avx512bw_vec32_exact_perm,56-86-20-83-37-8-88-39-82-43-89-12-7-67-2-52-14-81-99-76-92-69-1-58-40-94-28-45-32-72-66-16-98-80-65-23-10-55-100-27-29-60-78-70-38-33-9-35-34-3-96-75-53-26-85-25-49-95-71-97-15-84-41-17-77-31-36-5-74-87-47-79-64-48-44-30-63-90-22-21-46-68-50-62-24-51-6-93-54-4-61-13-73-18-42-59-91-57-19-11
Ta100x20,6,2,200,0.9625,0.025,4,2230604237,17000,6515,6437,6144,2.752459063,v2_avx512bw_vec32_exact_perm,56-39-82-83-86-2-37-43-1-9-76-69-32-94-20-89-71-7-66-78-100-12-28-58-72-98-52-79-99-3-68-25-74-8-97-55-34-65-75-30-23-14-40-38-50-10-33-16-81-19-31-87-92-91-67-45-80-42-4-64-57-13-15-35-96-21-17-24-84-73-88-51-47-60-77-18-53-59-29-6-5-61-27-85-36-26-48-49-93-41-44-70-62-46-63-22-95-11-90-54
Ta100x20,6,2,200,0.9625,0.025,5,2230605246,17000,6586,6437,6144,2.678792543,v2_avx512bw_vec32_exact_perm,56-83-86-82-39-20-26-8-37-12-32-89-68-10-69-99-52-100-98-1-43-66-72-81-14-55-71-9-45-7-78-60-92-65-16-94-28-2-64-33-91-34-23-38-21-50-88-57-87-80-3-58-13-74-40-5-18-35-48-27-76-84-25-4-79-53-17-96-46-22-59-49-36-75-70-93-30-15-31-24-51-62-97-44-63-54-42-6-29-85-77-47-73-11-90-67-95-41-19-61
Ta100x20,6,2,200,0.9625,0.025,6,2230606255,17000,6646,6437,6144,2.987693216,v2_avx512bw_vec32_exact_perm,56-83-86-37-98-20-82-21-78-100-39-23-1-47-12-28-89-72-99-52-92-58-81-26-33-10-8-2-65-63-16-25-7-32-80-27-68-17-31-75-45-40-14-71-55-69-66-9-76-34-84-60-53-77-35-74-3-87-73-97-29-59-96-64-49-94-48-5-79-11-43-36-61-4-88-51-38-85-50-24-42-6-91-15-13-93-57-22-30-44-18-70-46-90-67-95-41-19-62-54
Ta100x20,6,2,200,0.9625,0.025,7,2230607264,17000,6559,6437,6144,2.727591633,v2_avx512bw_vec32_exact_perm,56-83-86-20-26-32-60-39-92-37-21-72-1-100-81-28-82-40-88-65-8-94-33-2-98-50-12-25-89-24-38-80-43-7-23-69-55-10-34-66-27-3-52-91-78-97-29-87-76-70-58-14-48-36-18-99-4-85-63-71-73-64-13-22-35-9-96-31-59-49-17-84-57-15-30-93-79-75-53-5-95-16-6-77-46-90-41-67-74-68-42-44-45-11-51-62-54-47-19-61
Ta100x20,6,2,200,0.9625,0.025,8,2230608273,17000,6566,6437,6144,2.627510747,v2_avx512bw_vec32_exact_perm,56-1-86-76-88-39-82-20-83-37-7-2-28-12-99-69-52-33-78-72-26-8-97-9-65-16-32-71-89-85-25-100-27-80-92-98-55-29-34-3-40-35-81-21-58-68-30-14-48-60-23-45-75-74-18-70-63-57-64-38-94-36-66-17-10-84-24-87-50-53-77-49-13-91-5-15-11-51-22-46-6-59-93-44-96-31-41-79-62-42-73-95-43-4-90-54-67-47-19-61
Ta100x20,6,2,200,0.9625,0.025,9,2230609282,17000,6637,6437,6144,2.858040199,v2_avx512bw_vec32_exact_perm,56-86-83-72-20-37-8-39-32-81-34-82-27-55-2-7-88-33-78-89-12-29-99-92-100-52-40-66-28-1-76-98-10-74-4-23-16-65-94-70-80-58-3-38-25-71-48-15-97-31-35-47-45-69-60-96-68-63-59-75-87-21-14-50-57-79-17-64-49-61-84-13-44-73-77-43-24-6-85-30-18-26-9-51-53-91-11-22-5-93-42-46-90-67-36-95-41-19-62-54
Ta100x20,6,2,200,0.9625,0.025,10,2230610291,17000,6549,6437,6144,2.695012938,v2_avx512bw_vec32_exact_perm,56-39-86-33-2-82-20-26-83-76-37-9-63-32-69-89-12-66-100-72-88-65-7-27-8-68-25-10-99-3-81-52-80-34-91-92-55-74-98-31-38-71-60-58-87-29-48-94-45-1-23-97-78-21-75-14-30-67-49-17-77-84-73-13-43-85-95-53-15-70-28-40-35-22-50-6-24-4-96-47-16-5-36-18-42-93-59-62-64-90-79-44-54-11-46-51-57-41-19-61
Ta100x20,6,2,200,0.9625,0.05,1,2230601210,17000,6630,6437,6144,2.761292964,v2_avx512bw_vec32_exact_perm,56-86-88-83-39-8-37-12-20-28-82-2-55-98-80-32-72-65-7-1-9-69-99-50-78-33-89-71-34-81-23-76-64-16-92-25-94-14-52-38-31-26-66-43-58-74-59-68-48-45-10-35-27-84-29-75-60-53-57-100-96-73-30-4-40-15-49-79-91-67-21-87-5-18-70-17-3-97-77-47-63-44-36-13-22-51-24-62-85-93-46-54-6-90-42-95-11-41-19-61
Ta100x20,6,2,200,0.9625,0.05,2,2230602219,17000,6646,6437,6144,3.026035566,v2_avx512bw_vec32_exact_perm,56-86-82-83-88-8-99-26-9-39-32-30-20-89-7-14-12-33-37-25-92-81-52-60-69-100-98-70-58-3-63-68-34-55-74-65-38-94-71-78-23-45-72-1-49-97-95-28-75-80-91-64-10-76-18-66-16-21-17-5-84-87-77-46-24-31-51-35-11-43-4-22-2-48-73-13-27-36-57-40-85-79-53-59-15-44-47-93-96-62-42-29-6-54-90-50-41-67-19-61
Ta100x20,6,2,200,0.9625,0.05,3,2230603228,17000,6609,6437,6144,2.930206084,v2_avx512bw_vec32_exact_perm,56-86-88-83-39-82-72-8-99-43-1-20-10-32-28-89-37-68-25-76-78-69-16-2-66-100-33-52-71-3-65-7-12-98-55-45-40-34-60-29-26-97-31-63-92-21-84-80-94-93-23-48-81-79-57-30-58-14-36-64-38-85-95-27-49-9-77-17-47-74-22-13-91-53-35-70-75-59-96-6-24-62-5-18-87-4-73-46-54-67-90-44-51-42-11-19-41-15-50-61
Ta100x20,6,2,200,0.9625,0.05,4,2230604237,17000,6606,6437,6144,2.854089052,v2_avx512bw_vec32_exact_perm,56-86-32-88-39-45-8-71-12-7-20-83-37-99-92-52-82-89-33-34-81-76-28-16-80-3-38-29-69-100-1-9-2-65-14-74-94-60-55-58-72-97-40-63-13-15-78-66-27-75-54-91-23-48-10-53-87-24-35-25-21-64-5-50-36-59-57-46-18-93-22-49-17-30-85-26-79-98-67-77-31-96-44-68-70-84-90-41-73-42-51-4-6-95-11-43-19-47-62-61
Ta100x20,6,2,200,0.9625,0.05,5,2230605246,17000,6585,6437,6144,2.965100831,v2_avx512bw_vec32_exact_perm,56-82-39-86-2-83-8-37-9-98-32-60-99-88-89-76-10-34-72-66-68-23-75-25-1-20-16-100-59-80-38-94-71-69-74-13-65-12-27-7-58-3-45-28-55-78-33-52-91-81-97-26-40-63-48-92-30-50-87-70-84-14-17-31-15-79-57-49-35-24-21-96-29-93-6-53-46-77-64-36-85-67-47-4-44-18-11-41-51-42-73-62-5-22-90-54-95-43-19-61
Ta100x20,6,2,200,0.9625,0.05,6,2230606255,17000,6679,6437,6144,2.600328174,v2_avx512bw_vec32_exact_perm,20-82-83-7-39-56-37-100-86-72-26-12-33-58-78-98-41-74-2-38-94-69-57-89-8-80-28-55-21-32-66-48-10-52-9-99-16-65-60-64-71-23-14-92-1-76-11-81-68-25-97-29-70-44-96-43-4-36-87-47-13-17-40-67-5-27-75-84-49-3-79-85-77-45-51-91-35-24-88-15-18-22-6-50-46-93-53-30-90-59-31-34-62-19-42-73-63-54-95-61
Ta100x20,6,2,200,0.9625,0.05,7,2230607264,17000,6628,6437,6144,2.67144622,v2_avx512bw_vec32_exact_perm,56-86-83-82-88-26-39-8-12-69-72-9-2-37-1-32-100-98-30-28-38-80-78-47-55-92-89-29-25-99-81-94-33-43-74-76-20-48-23-66-97-14-71-75-16-65-52-40-68-7-35-77-13-50-87-4-46-91-45-60-34-10-70-57-73-17-53-96-64-31-49-84-27-15-79-44-42-93-61-90-24-54-3-21-22-51-58-18-85-67-36-6-59-5-62-63-95-41-19-11
Ta100x20,6,2,200,0.9625,0.05,8,2230608273,17000,6643,6437,6144,2.547593907,v2_avx512bw_vec32_exact_perm,56-39-8-30-86-83-65-72-99-92-21-9-82-37-7-2-20-55-98-89-1-27-16-14-52-31-68-25-97-76-69-59-32-78-33-38-100-81-66-34-50-71-94-75-80-23-63-40-26-12-4-84-58-79-45-28-11-74-24-3-64-15-13-53-95-88-87-49-57-85-43-35-10-17-77-48-41-46-73-90-70-96-44-47-36-51-60-91-54-5-93-62-22-42-6-29-18-67-19-61
Ta100x20,6,2,200,0.9625,0.05,9,2230609282,17000,6671,6437,6144,2.962385546,v2_avx512bw_vec32_exact_perm,56-39-86-20-83-82-10-8-32-37-65-26-16-2-70-66-9-100-14-69-33-81-52-12-29-75-58-94-97-78-34-1-89-27-98-30-92-91-7-45-17-99-38-76-50-67-79-3-71-31-74-64-72-60-46-80-48-18-40-96-11-28-55-68-25-77-49-15-88-19-87-4-23-53-5-13-44-6-21-43-41-93-85-22-24-63-57-42-84-35-73-36-59-47-90-51-62-54-95-61
Ta100x20,6,2,200,0.9625,0.05,10,2230610291,17000,6603,6437,6144,2.948227054,v2_avx512bw_vec32_exact_perm,56-82-83-86-39-72-8-32-7-37-26-9-33-89-98-88-100-1-3-69-12-43-20-25-58-65-52-66-55-2-28-94-16-76-70-68-29-71-23-92-10-78-47-80-97-31-91-99-74-11-40-60-14-35-34-49-5-59-81-64-45-48-75-87-96-27-24-85-50-15-13-93-22-44-36-4-41-57-38-53-21-84-17-63-79-42-6-18-51-77-62-67-46-73-90-30-19-54-95-61
Ta100x20,6,2,200,0.9625,0.075,1,2230601210,17000,6702,6437,6144,2.741688167,v2_avx512bw_vec32_exact_perm,56-9-23-39-86-82-20-83-8-2-37-72-33-12-55-29-10-71-100-94-58-99-69-26-3-16-92-7-25-65-77-28-80-38-98-89-43-76-54-32-14-49-1-78-91-31-52-97-88-45-34-84-50-57-60-68-66-22-15-59-24-93-13-74-70-35-81-17-96-64-18-95-75-5-36-27-85-87-6-63-48-46-30-4-40-53-11-42-51-73-41-21-79-90-47-62-67-44-19-61
Ta100x20,6,2,200,0.9625,0.075,2,2230602219,17000,6644,6437,6144,2.677998329,v2_avx512bw_vec32_exact_perm,56-86-88-83-39-8-82-32-60-28-1-38-9-98-100-89-94-23-43-37-65-7-12-58-81-76-30-99-80-14-72-66-2-78-71-10-34-48-75-27-52-33-69-74-25-63-55-79-26-97-92-57-35-84-64-77-73-96-4-67-85-3-13-21-53-40-5-15-24-62-70-17-36-16-45-87-68-18-50-49-93-91-22-47-31-51-11-46-59-6-90-41-42-44-19-54-95-20-29-61
Ta100x20,6,2,200,0.9625,0.075,3,2230603228,17000,6639,6437,6144,2.66519729,v2_avx512bw_vec32_exact_perm,56-86-88-83-39-8-2-16-20-89-37-7-76-81-82-99-14-47-33-1-52-65-28-12-98-78-72-43-31-45-25-68-38-55-21-66-71-9-80-23-32-94-3-40-97-29-67-92-10-60-4-69-91-100-77-87-57-74-30-93-75-49-13-58-34-50-26-85-70-35-36-84-64-17-24-27-5-62-48-18-15-59-53-46-22-63-6-96-73-79-51-90-11-54-44-19-42-41-95-61
Ta100x20,6,2,200,0.9625,0.075,4,2230604237,17000,6682,6437,6144,2.688574191,v2_avx512bw_vec32_exact_perm,56-86-54-83-8-99-82-32-39-28-12-37-100-20-2-78-98-69-76-10-68-89-16-52-65-33-14-23-81-57-88-58-94-74-40-7-75-79-92-1-80-34-55-72-71-66-25-31-38-91-77-53-13-60-43-45-9-35-48-4-84-59-49-64-22-27-42-51-17-87-5-96-3-29-21-97-50-26-15-73-47-6-62-24-61-36-85-46-95-30-93-18-90-70-63-67-44-41-19-11
Ta100x20,6,2,200,0.9625,0.075,5,2230605246,17000,6642,6437,6144,2.603896672,v2_avx512bw_vec32_exact_perm,56-86-83-32-72-39-20-37-2-8-7-54-1-65-12-14-33-99-98-81-26-9-69-82-25-100-16-60-34-3-94-49-71-63-4-47-38-52-75-89-66-57-64-23-59-93-28-70-92-22-84-45-55-58-13-18-74-15-80-29-97-27-61-31-10-35-87-40-96-50-21-17-68-24-77-73-62-76-36-79-91-78-46-53-90-5-11-43-48-6-85-42-51-88-44-30-67-95-41-19
Ta100x20,6,2,200,0.9625,0.075,6,2230606255,17000,6714,6437,6144,2.802852644,v2_avx512bw_vec32_exact_perm,20-37-83-82-56-7-43-89-33-12-86-39-28-78-88-2-76-71-1-27-55-23-14-9-25-68-98-81-69-92-52-72-100-99-46-80-30-91-97-32-87-35-66-10-57-21-74-31-8-58-34-13-15-11-16-94-60-79-36-38-64-3-63-49-48-45-44-29-26-17-93-59-53-70-40-75-65-5-84-24-22-42-90-51-4-54-50-47-96-85-77-6-67-73-95-41-18-19-62-61
Ta100x20,6,2,200,0.9625,0.075,7,2230607264,17000,6666,6437,6144,2.928289718,v2_avx512bw_vec32_exact_perm,56-86-82-99-83-43-39-9-26-69-8-55-7-12-76-72-32-14-88-37-2-10-80-65-71-94-48-52-78-16-100-63-58-81-98-60-68-34-23-57-33-30-1-38-25-45-31-70-27-92-3-87-24-28-35-89-49-46-64-79-66-75-67-21-97-13-36-74-4-6-40-18-15-17-85-29-77-22-53-50-91-84-51-42-93-59-11-73-20-96-44-62-5-47-54-90-95-41-19-61
Ta100x20,6,2,200,0.9625,0.075,8,2230608273,17000,6658,6437,6144,2.841822259,v2_avx512bw_vec32_exact_perm,56-86-88-83-82-26-9-39-20-1-68-34-2-37-89-69-52-75-8-43-99-12-97-66-76-48-27-32-10-55-72-24-7-22-78-100-29-80-16-98-81-36-33-64-25-58-13-57-65-5-94-92-40-14-28-4-30-3-71-23-60-31-59-87-17-38-96-15-35-84-50-51-62-70-73-47-77-42-49-91-21-63-46-90-6-67-74-45-93-18-79-85-53-11-95-41-54-44-19-61
Ta100x20,6,2,200,0.9625,0.075,9,2230609282,17000,6620,6437,6144,2.702803055,v2_avx512bw_vec32_exact_perm,56-82-39-86-21-33-88-83-37-26-12-1-100-80-63-9-98-89-34-52-74-94-65-8-55-75-7-57-69-14-81-99-31-66-32-59-64-28-68-92-78-2-25-30-71-79-23-16-13-20-38-48-19-91-4-58-73-77-97-27-40-10-53-18-76-3-36-85-24-87-35-17-84-46-50-96-15-60-51-47-70-67-11-49-22-90-45-41-6-5-43-42-72-44-93-62-29-54-95-61
Ta100x20,6,2,200,0.9625,0.075,10,2230610291,17000,6649,6437,6144,2.808465456,v2_avx512bw_vec32_exact_perm,56-39-86-20-82-26-33-38-83-89-7-37-30-8-99-40-9-75-1-100-14-68-25-76-2-23-98-32-17-78-27-55-48-72-74-66-21-94-63-24-13-34-92-97-60-81-52-69-3-64-80-88-16-70-28-35-12-49-71-65-5-87-50-84-58-93-59-43-11-29-95-85-46-53-77-45-6-18-91-96-10-73-31-36-47-15-67-4-22-51-62-79-41-44-57-42-90-54-19-61
Ta100x20,6,2,200,0.9625,0.1,1,2230601210,17000,6667,6437,6144,3.018498249,v2_avx512bw_vec32_exact_perm,56-39-86-20-83-33-8-72-99-98-89-12-82-43-70-69-92-68-29-2-1-88-78-30-25-26-66-37-34-52-18-55-100-31-79-65-64-63-7-10-45-21-81-76-16-32-28-60-75-97-40-91-4-50-3-74-94-58-23-71-17-38-14-48-49-93-24-27-84-77-87-47-5-36-35-13-57-85-53-96-22-80-46-15-73-51-90-11-54-42-59-44-62-95-6-67-9-41-19-61
Ta100x20,6,2,200,0.9625,0.1,2,2230602219,17000,6689,6437,6144,3.213568443,v2_avx512bw_vec32_exact_perm,56-86-54-83-82-69-8-39-88-12-37-68-26-89-1-14-52-43-55-25-20-33-81-75-7-71-10-70-76-17-65-99-92-80-72-32-98-40-78-38-94-48-23-28-9-66-77-60-2-100-35-91-97-67-13-79-53-57-46-34-16-44-59-45-42-15-3-49-29-31-47-58-93-74-21-41-85-84-27-18-87-73-50-4-24-62-96-51-64-36-30-90-22-5-6-63-95-11-19-61
Ta100x20,6,2,200,0.9625,0.1,3,2230603228,17000,6675,6437,6144,2.840533526,v2_avx512bw_vec32_exact_perm,56-83-86-32-20-26-39-30-37-68-98-12-99-65-7-34-82-81-71-89-1-94-92-69-80-40-72-88-8-28-2-10-55-52-75-41-84-100-91-60-87-57-77-45-66-16-13-14-33-64-95-25-78-97-58-21-76-23-24-49-15-27-31-50-9-38-43-79-85-29-3-17-36-48-74-44-47-53-61-35-70-96-73-4-63-93-22-51-62-42-6-18-59-46-54-5-90-67-19-11
Ta100x20,6,2,200,0.9625,0.1,4,2230604237,17000,6681,6437,6144,2.758591919,v2_avx512bw_vec32_exact_perm,56-86-88-39-8-82-26-32-70-83-37-20-9-92-76-78-33-69-55-10-98-2-29-72-100-85-58-14-99-12-89-28-75-71-16-97-47-63-87-81-48-31-43-23-1-35-52-65-7-4-45-40-57-91-64-66-77-74-53-94-60-67-25-79-13-15-50-5-22-3-27-17-24-84-30-80-46-49-42-18-36-34-21-68-73-61-93-59-44-62-96-6-38-51-90-54-95-41-19-11
Ta100x20,6,2,200,0.9625,0.1,5,2230605246,17000,6681,6437,6144,3.113762645,v2_avx512bw_vec32_exact_perm,56-86-88-39-8-83-37-38-26-30-32-1-43-9-82-89-7-3-71-33-34-16-78-99-52-65-14-12-58-21-76-81-98-66-72-23-94-40-97-35-24-28-55-92-84-59-31-13-87-80-64-63-75-22-74-69-17-100-57-10-85-51-54-15-68-49-91-45-70-25-4-46-11-60-50-73-96-2-27-79-61-6-95-53-18-77-47-48-5-36-29-93-20-44-90-42-41-62-67-19
Ta100x20,6,2,200,0.9625,0.1,6,2230606255,17000,6699,6437,6144,2.745033766,v2_avx512bw_vec32_exact_perm,56-86-39-82-9-100-83-37-98-8-99-32-89-20-69-12-14-65-81-72-78-28-55-1-29-16-40-7-23-2-33-94-30-75-58-4-88-66-38-24-25-31-34-64-76-79-13-52-60-57-92-48-80-71-10-15-27-84-91-46-26-5-3-22-45-74-97-47-70-35-77-59-87-17-63-44-6-21-18-96-67-49-43-93-36-68-85-61-50-53-62-54-73-90-42-51-95-41-19-11
Ta100x20,6,2,200,0.9625,0.1,7,2230607264,17000,6673,6437,6144,2.764320631,v2_avx512bw_vec32_exact_perm,56-82-39-86-88-83-8-7-72-37-2-76-54-26-32-47-1-65-14-40-21-69-60-99-12-66-94-92-23-97-58-52-71-9-10-98-16-68-31-70-89-13-55-28-57-18-64-35-25-80-59-38-84-81-87-77-27-78-29-100-45-3-46-53-49-5-91-51-22-4-34-75-44-15-11-74-24-33-36-85-43-67-79-50-42-48-90-30-20-93-17-62-73-96-41-95-63-6-19-61
Ta100x20,6,2,200,0.9625,0.1,8,2230608273,17000,6671,6437,6144,2.850184573,v2_avx512bw_vec32_exact_perm,56-83-86-39-98-82-76-9-100-43-37-69-32-99-89-1-8-94-38-2-92-80-34-54-74-28-4-72-60-68-25-66-23-40-33-52-88-65-71-14-10-58-48-81-55-7-26-15-35-21-12-57-27-78-53-36-70-31-24-84-97-29-5-13-91-51-17-64-22-50-45-16-87-18-75-79-67-85-6-77-63-96-46-20-62-93-49-42-90-59-11-73-3-30-44-47-95-41-19-61
Ta100x20,6,2,200,0.9625,0.1,9,2230609282,17000,6691,6437,6144,2.933902877,v2_avx512bw_vec32_exact_perm,56-82-39-86-83-37-88-8-2-18-98-20-89-7-32-55-100-1-52-26-40-65-57-58-69-34-60-3-99-29-9-14-81-75-72-33-15-91-47-12-94-36-66-23-13-85-71-5-27-76-64-87-92-10-25-70-53-4-28-74-97-49-77-35-22-11-45-48-43-80-17-84-73-24-31-67-46-38-78-51-16-96-68-90-79-21-93-62-30-44-6-59-63-54-61-50-42-95-41-19
Ta100x20,6,2,200,0.9625,0.1,10,2230610291,17000,6675,6437,6144,2.930596105,v2_avx512bw_vec32_exact_perm,56-39-8-86-2-60-82-9-76-94-100-37-1-74-43-78-58-83-26-72-66-69-88-99-14-81-34-75-67-33-55-10-28-89-38-52-98-32-23-80-16-79-53-25-5-45-12-3-29-21-91-92-17-40-65-50-85-57-70-87-54-20-84-15-13-93-48-35-90-27-30-24-31-77-7-97-22-44-73-47-63-71-4-46-96-64-51-36-18-61-6-49-59-41-42-95-68-19-62-11
Ta100x20,6,2,200,0.9625,0.125,1,2230601210,17000,6658,6437,6144,2.874654851,v2_avx512bw_vec32_exact_perm,56-39-86-83-72-26-99-82-9-37-20-58-2-12-98-89-10-27-80-32-66-34-38-94-8-16-28-100-57-31-40-81-60-74-78-43-7-55-96-69-14-33-1-65-54-18-52-21-35-76-68-51-84-70-45-4-46-87-50-92-17-25-71-13-15-23-24-75-85-97-77-49-22-91-44-64-48-59-53-36-93-29-6-90-62-42-79-63-73-30-11-47-5-67-95-3-88-41-19-61
Ta100x20,6,2,200,0.9625,0.125,2,2230602219,17000,6713,6437,6144,2.933209907,v2_avx512bw_vec32_exact_perm,56-86-26-82-9-72-39-38-23-1-20-37-55-8-33-83-43-98-99-10-22-2-28-89-16-29-12-92-79-69-60-76-71-31-27-64-34-49-52-81-32-25-15-4-97-14-58-48-100-3-50-66-45-7-63-75-68-94-57-40-21-77-91-74-17-96-78-53-80-65-30-88-11-24-51-13-42-36-59-84-73-18-87-6-90-85-5-93-54-67-35-95-46-44-41-70-47-19-62-61
Ta100x20,6,2,200,0.9625,0.125,3,2230603228,17000,6645,6437,6144,2.827883597,v2_avx512bw_vec32_exact_perm,56-39-86-20-83-82-38-33-8-72-99-37-26-9-2-89-29-16-43-65-60-66-1-21-52-100-25-23-32-94-7-55-10-68-71-98-92-97-12-27-14-3-80-40-30-58-6-57-85-96-75-63-48-70-35-81-13-76-45-91-64-74-69-93-4-87-50-34-11-5-47-53-77-28-17-24-78-51-42-84-15-88-44-36-31-22-18-79-62-46-59-67-49-41-90-73-19-54-95-61
Ta100x20,6,2,200,0.9625,0.125,4,2230604237,17000,6660,6437,6144,2.805269679,v2_avx512bw_vec32_exact_perm,56-39-8-86-99-83-100-37-1-98-21-26-68-89-72-71-9-78-7-33-43-10-92-65-94-34-55-69-82-12-32-2-80-63-97-75-23-30-52-58-25-84-4-13-38-77-70-15-16-14-81-49-57-88-66-48-45-40-27-47-74-53-60-73-17-35-96-76-50-28-91-87-31-22-24-20-29-3-64-18-85-67-93-79-46-44-11-36-59-90-51-62-42-6-5-54-95-41-19-61
Ta100x20,6,2,200,0.9625,0.125,5,2230605246,17000,6672,6437,6144,2.973787276,v2_avx512bw_vec32_exact_perm,56-86-83-82-9-72-26-39-30-32-76-10-37-16-20-71-14-7-31-80-99-52-65-8-69-81-34-66-94-58-55-63-75-23-1-70-57-78-74-89-97-92-68-25-40-27-73-24-12-64-91-3-28-60-2-4-38-33-35-48-50-98-100-67-22-41-45-85-29-87-13-84-77-17-44-21-46-6-79-49-43-5-96-59-15-18-62-42-90-11-47-53-95-36-88-93-51-54-19-61
Ta100x20,6,2,200,0.9625,0.125,6,2230606255,17000,6657,6437,6144,3.086336097,v2_avx512bw_vec32_exact_perm,56-86-39-88-83-82-9-63-89-30-99-92-38-94-2-8-65-72-37-34-16-12-28-33-76-78-55-98-53-69-14-31-60-100-66-40-43-7-95-97-70-17-75-58-3-22-26-80-52-32-25-13-81-71-45-18-1-68-64-57-15-49-48-91-4-87-74-73-77-96-47-35-51-10-24-11-79-27-93-54-85-46-84-67-44-42-20-90-21-23-50-36-59-5-62-6-29-41-19-61
Ta100x20,6,2,200,0.9625,0.125,7,2230607264,17000,6666,6437,6144,2.938229571,v2_avx512bw_vec32_exact_perm,56-86-83-37-32-9-39-20-69-82-10-8-2-43-1-72-55-14-66-87-33-12-98-23-26-65-89-16-79-7-99-25-92-68-28-70-81-94-53-78-40-29-15-63-52-3-100-76-45-60-91-97-34-30-50-71-31-6-13-57-17-49-77-47-64-38-73-75-59-58-35-84-85-18-74-4-24-96-5-21-88-80-46-67-90-36-11-42-44-93-54-48-51-22-95-27-41-19-62-61
Ta100x20,6,2,200,0.9625,0.125,8,2230608273,17000,6680,6437,6144,2.735334293,v2_avx512bw_vec32_exact_perm,56-39-86-88-8-83-37-30-32-20-89-82-78-38-58-34-72-55-2-43-40-52-66-63-94-7-60-76-69-99-14-49-65-100-25-50-71-98-3-36-12-9-27-91-92-45-16-35-81-24-64-80-28-85-22-4-75-48-57-23-1-5-33-10-53-46-59-87-21-13-67-84-68-79-74-17-93-96-18-42-73-97-26-41-70-90-95-44-31-62-54-15-51-6-47-77-29-11-19-61
Ta100x20,6,2,200,0.9625,0.125,9,2230609282,17000,6688,6437,6144,2.668000397,v2_avx512bw_vec32_exact_perm,56-86-83-30-37-72-88-8-26-12-39-82-9-20-32-28-69-2-47-1-60-33-89-78-21-91-100-98-55-29-34-81-74-45-7-58-6-92-94-15-18-4-99-66-23-16-52-31-70-63-25-38-10-24-48-65-14-80-59-75-96-64-11-68-97-71-5-84-57-40-43-17-49-87-36-76-35-51-3-27-77-53-62-46-85-50-22-90-73-13-42-67-79-44-41-19-54-95-93-61
Ta100x20,6,2,200,0.9625,0.125,10,2230610291,17000,6672,6437,6144,2.770700325,v2_avx512bw_vec32_exact_perm,56-82-86-39-83-72-88-1-43-8-26-37-21-66-76-9-98-20-33-16-89-100-71-7-40-92-52-65-63-27-10-55-60-15-69-81-14-84-25-23-31-77-68-34-94-12-57-4-49-59-28-99-2-3-80-30-75-29-45-38-13-6-78-50-91-64-47-35-58-87-74-96-24-90-70-17-42-46-36-79-61-53-22-32-5-93-18-97-48-85-51-73-11-62-44-67-95-41-19-54
Ta100x20,6,2,200,1,0.025,1,2230601210,17000,6616,6437,6144,3.082044291,v2_avx512bw_vec32_exact_perm,56-39-86-82-20-2-37-40-8-55-88-58-98-1-32-69-99-83-28-89-60-66-16-52-3-92-43-70-65-7-71-81-75-33-23-26-45-9-64-76-25-94-80-30-34-47-49-10-38-24-72-78-97-13-96-100-79-57-12-48-91-14-35-21-31-63-84-73-85-27-77-17-95-36-18-5-87-62-22-50-42-4-68-67-51-46-53-44-93-6-41-74-15-90-54-59-29-11-19-61
Ta100x20,6,2,200,1,0.025,2,2230602219,17000,6671,6437,6144,2.948046021,v2_avx512bw_vec32_exact_perm,39-86-56-32-26-9-20-82-12-69-83-37-23-1-38-55-43-33-89-7-92-88-8-76-99-27-60-94-74-34-97-52-80-30-10-16-98-58-31-66-28-77-65-72-2-81-59-13-71-64-24-49-68-100-41-40-78-50-25-21-91-4-84-18-79-36-48-5-35-53-57-96-14-75-85-70-15-73-47-46-93-62-67-51-17-45-6-22-90-3-29-87-42-44-11-63-54-95-19-61
Ta100x20,6,2,200,1,0.025,3,2230603228,17000,6678,6437,6144,2.765520377,v2_avx512bw_vec32_exact_perm,56-86-99-30-39-43-76-8-88-37-38-33-83-82-9-32-89-98-1-78-68-94-100-28-65-12-52-19-34-66-60-80-20-92-57-70-55-3-69-45-16-23-21-81-75-13-87-58-71-7-97-4-25-15-31-91-17-40-96-48-47-14-44-2-79-77-72-64-27-49-35-22-24-84-11-74-53-29-73-10-63-42-18-6-41-59-26-50-85-5-62-36-46-67-90-93-51-54-95-61
Ta100x20,6,2,200,1,0.025,4,2230604237,17000,6613,6437,6144,2.9416201,v2_avx512bw_vec32_exact_perm,56-39-8-86-88-83-37-43-55-2-82-81-26-98-20-74-58-89-65-71-7-78-16-21-34-31-27-28-80-75-60-45-33-52-1-12-9-94-25-66-69-14-68-23-92-76-10-97-72-38-100-29-6-91-77-3-87-48-63-13-70-4-99-40-59-42-50-64-35-18-93-5-57-62-32-49-30-53-17-96-24-73-22-61-51-46-84-44-79-36-85-47-15-67-95-90-41-54-19-11
Ta100x20,6,2,200,1,0.025,5,2230605246,17000,6581,6437,6144,2.857153172,v2_avx512bw_vec32_exact_perm,56-86-83-43-39-88-76-78-2-37-8-9-82-99-32-89-12-98-14-65-10-69-52-7-57-33-25-47-55-72-100-1-21-81-34-92-60-68-80-71-45-16-24-28-48-31-87-38-95-3-91-85-58-97-64-50-53-40-93-23-77-15-13-94-66-75-74-36-41-35-84-17-70-96-4-6-22-67-63-46-73-49-42-30-5-90-51-18-59-54-26-44-79-11-29-20-27-19-62-61
Ta100x20,6,2,200,1,0.025,6,2230606255,17000,6655,6437,6144,2.678093967,v2_avx512bw_vec32_exact_perm,56-86-88-83-8-39-82-43-89-7-12-98-26-2-33-20-63-52-100-32-37-40-66-81-76-68-48-99-45-25-14-1-65-19-55-94-92-80-72-84-77-69-28-60-57-5-75-10-23-78-91-4-34-9-53-59-87-71-17-3-27-85-64-50-70-49-38-36-35-96-18-97-58-79-74-24-46-22-13-61-31-73-41-44-15-30-62-67-93-51-42-16-95-47-21-90-54-6-29-11
Ta100x20,6,2,200,1,0.025,7,2230607264,17000,6670,6437,6144,3.119176452,v2_avx512bw_vec32_exact_perm,56-39-86-20-37-8-88-83-98-82-32-89-10-64-12-72-63-2-80-69-28-1-68-100-81-25-58-45-23-99-71-74-48-92-94-60-7-27-52-15-33-43-57-55-78-73-16-51-31-18-42-21-77-97-14-17-36-66-65-40-96-4-9-87-84-67-85-24-50-70-93-79-3-29-76-35-53-38-34-46-47-59-62-26-22-49-75-13-44-6-11-91-5-30-19-90-54-41-95-61
Ta100x20,6,2,200,1,0.025,8,2230608273,17000,6636,6437,6144,2.72422139,v2_avx512bw_vec32_exact_perm,56-39-8-86-88-83-82-99-92-9-1-20-32-37-21-52-97-89-7-14-23-65-30-12-16-75-98-40-33-26-69-78-76-28-29-55-45-10-58-80-71-100-48-38-63-31-72-74-13-60-27-4-34-35-36-94-64-66-17-43-93-87-81-84-57-25-91-5-3-70-2-46-50-85-77-49-41-79-53-15-47-96-73-95-59-22-68-62-42-18-44-67-24-11-90-54-51-6-19-61
Ta100x20,6,2,200,1,0.025,9,2230609282,17000,6661,6437,6144,2.717006206,v2_avx512bw_vec32_exact_perm,56-39-86-8-88-89-43-82-83-99-12-69-26-9-3-94-92-25-1-33-100-40-98-37-74-58-65-52-64-45-47-7-60-57-14-55-38-27-77-75-53-66-2-30-28-32-31-35-49-81-23-34-97-21-24-16-10-80-15-20-72-95-22-48-91-85-62-44-71-87-13-63-76-70-78-46-73-50-18-68-17-84-59-96-93-6-90-36-67-42-79-11-51-29-4-54-5-41-19-61
Ta100x20,6,2,200,1,0.025,10,2230610291,17000,6624,6437,6144,3.094176514,v2_avx512bw_vec32_exact_perm,56-83-86-82-39-20-88-92-37-52-32-89-33-78-28-1-99-47-97-8-43-98-38-7-2-16-60-69-55-25-45-34-76-57-65-9-74-80-68-21-100-3-72-10-66-23-87-4-71-18-27-58-12-96-75-13-48-49-73-61-64-14-81-91-77-94-79-84-26-17-35-15-36-46-51-31-30-50-29-40-53-70-11-85-24-93-5-42-22-44-62-67-6-59-90-54-63-95-41-19
Ta100x20,6,2,200,1,0.05,1,2230601210,17000,6663,6437,6144,2.718994409,v2_avx512bw_vec32_exact_perm,56-39-8-86-82-83-99-7-72-2-37-30-20-80-38-14-12-65-98-58-94-40-34-16-23-26-33-4-89-52-81-32-100-92-63-1-45-69-10-28-66-75-78-55-29-76-47-27-36-71-43-85-97-9-17-84-25-77-64-3-53-35-49-21-18-60-91-24-22-31-6-50-13-5-96-79-15-87-59-57-74-68-61-54-44-73-48-88-70-46-93-62-42-51-90-67-19-41-95-11
Ta100x20,6,2,200,1,0.05,2,2230602219,17000,6655,6437,6144,2.695624393,v2_avx512bw_vec32_exact_perm,56-86-88-83-8-32-39-98-82-20-2-89-12-29-7-52-37-60-100-99-92-26-81-71-33-72-16-14-40-9-95-69-34-66-65-55-76-23-17-79-78-1-75-53-43-97-38-10-25-3-91-49-64-28-77-31-48-84-27-36-59-68-80-94-5-87-13-35-57-30-74-24-22-85-58-50-18-42-70-15-47-44-93-62-96-4-67-63-6-21-46-73-90-11-45-51-54-41-19-61
Ta100x20,6,2,200,1,0.05,3,2230603228,17000,6631,6437,6144,2.76827996,v2_avx512bw_vec32_exact_perm,56-39-86-2-82-9-1-20-37-83-99-43-8-89-88-12-28-80-33-75-34-55-69-26-74-94-58-92-71-32-25-72-66-64-7-76-100-13-4-29-10-23-81-16-97-38-52-17-53-65-98-14-27-49-40-35-84-68-77-95-73-21-31-15-50-41-48-45-60-24-67-91-6-70-18-36-5-3-78-96-87-63-62-47-46-85-79-61-22-30-59-44-54-90-42-51-93-57-19-11
Ta100x20,6,2,200,1,0.05,4,2230604237,17000,6645,6437,6144,2.952650181,v2_avx512bw_vec32_exact_perm,56-86-88-83-39-8-32-99-7-92-30-52-20-82-37-2-89-14-33-40-57-98-69-65-80-12-27-81-38-60-72-100-10-50-55-91-76-74-78-58-71-48-9-53-34-47-16-70-66-17-25-94-18-3-49-28-15-21-23-31-1-97-5-87-77-35-4-43-84-26-95-22-13-44-36-46-59-68-85-63-67-96-24-64-45-79-73-75-90-51-62-6-42-54-93-11-29-41-19-61
Ta100x20,6,2,200,1,0.05,5,2230605246,17000,6663,6437,6144,2.752144992,v2_avx512bw_vec32_exact_perm,56-9-20-83-82-26-39-92-37-72-32-55-86-2-89-7-78-69-28-63-8-88-52-94-33-65-100-40-43-66-76-81-75-12-29-53-1-71-23-79-98-16-80-10-70-60-25-4-99-31-91-96-97-48-49-27-15-14-47-77-18-17-85-21-50-84-3-38-58-34-73-59-87-30-57-24-22-35-90-74-64-13-54-44-45-42-68-93-36-5-62-67-46-19-6-51-11-41-95-61
Ta100x20,6,2,200,1,0.05,6,2230606255,17000,6670,6437,6144,2.760194292,v2_avx512bw_vec32_exact_perm,56-9-20-83-82-86-2-37-8-39-32-88-1-89-100-69-34-52-65-25-99-10-75-14-80-28-72-54-55-23-40-33-13-78-71-92-66-12-7-81-38-45-76-27-98-47-29-94-26-42-87-4-16-77-64-60-58-97-36-15-63-50-17-84-35-74-48-24-91-62-5-70-3-22-53-31-44-21-95-79-73-96-18-68-11-46-51-85-30-59-93-43-6-49-67-90-57-41-19-61
Ta100x20,6,2,200,1,0.05,7,2230607264,17000,6640,6437,6144,2.687013118,v2_avx512bw_vec32_exact_perm,56-86-39-88-76-98-32-26-2-83-82-43-89-7-37-74-100-65-16-25-99-8-33-20-81-55-92-34-72-78-28-95-12-75-69-52-97-23-58-1-94-14-66-91-31-3-15-68-45-38-40-87-71-48-27-13-59-80-4-96-10-9-49-53-64-17-63-60-57-21-85-36-73-62-70-77-18-84-35-50-24-42-22-47-54-5-11-46-6-90-51-30-93-67-29-44-41-79-19-61
Ta100x20,6,2,200,1,0.05,8,2230608273,17000,6707,6437,6144,2.777456995,v2_avx512bw_vec32_exact_perm,56-86-54-83-37-100-98-82-26-39-8-9-12-89-32-52-7-2-20-92-33-25-80-16-58-1-94-76-14-38-48-21-10-29-84-65-60-28-74-99-69-3-43-64-63-81-66-47-55-44-35-72-68-70-91-34-78-24-45-50-27-53-75-97-87-23-15-49-61-40-13-17-95-22-59-85-18-51-71-77-73-31-62-57-5-42-79-46-4-96-30-41-93-6-36-90-88-67-19-11
Ta100x20,6,2,200,1,0.05,9,2230609282,17000,6669,6437,6144,2.754378774,v2_avx512bw_vec32_exact_perm,56-86-88-39-30-32-1-20-37-82-83-26-100-8-98-12-69-52-40-80-97-92-76-25-55-9-99-14-33-78-28-91-89-77-65-84-60-16-94-74-49-7-58-71-15-66-31-34-27-4-21-75-81-24-35-3-72-87-23-68-48-38-45-43-85-67-64-2-13-50-10-44-29-46-53-22-57-5-79-36-17-70-54-73-63-18-62-47-42-59-93-96-6-51-90-95-11-41-19-61
Ta100x20,6,2,200,1,0.05,10,2230610291,17000,6655,6437,6144,2.689925527,v2_avx512bw_vec32_exact_perm,56-39-86-33-20-72-83-37-65-8-98-32-26-60-82-9-34-1-12-52-66-89-88-7-55-25-100-97-99-80-38-28-3-10-23-76-31-43-71-92-74-75-48-49-45-27-14-78-69-40-50-35-16-91-94-2-24-81-22-64-51-21-17-77-58-13-93-87-29-30-5-4-54-53-15-68-57-44-84-11-18-73-96-46-79-36-90-42-85-59-62-70-6-47-63-61-67-95-41-19
Ta100x20,6,2,200,1,0.075,1,2230601210,17000,6635,6437,6144,2.627600072,v2_avx512bw_vec32_exact_perm,56-39-86-20-83-82-10-72-8-88-37-99-26-12-7-100-98-92-69-2-55-14-25-30-32-66-16-1-43-65-89-68-94-74-80-23-95-76-81-34-75-27-78-40-28-33-60-48-38-24-4-87-13-85-70-71-58-9-3-96-53-84-97-44-91-64-52-61-36-5-35-22-17-45-18-77-49-67-62-46-47-73-59-6-93-50-63-31-42-21-51-57-41-79-15-90-54-29-19-11
Ta100x20,6,2,200,1,0.075,2,2230602219,17000,6633,6437,6144,2.753471896,v2_avx512bw_vec32_exact_perm,56-82-39-86-88-43-89-1-38-32-83-7-20-37-52-65-81-99-33-16-69-8-100-2-29-66-26-3-78-98-25-72-31-28-68-80-12-71-85-87-27-92-74-10-55-57-76-45-97-23-47-14-48-75-60-58-91-34-9-22-79-94-95-40-18-15-4-13-64-77-35-84-53-70-24-49-96-11-42-6-63-5-17-54-21-46-73-51-93-30-50-41-44-59-90-62-67-36-19-61
Ta100x20,6,2,200,1,0.075,3,2230603228,17000,6681,6437,6144,2.765702072,v2_avx512bw_vec32_exact_perm,56-86-88-39-8-37-26-83-28-82-10-55-9-72-2-76-32-30-68-14-3-38-74-99-25-29-70-100-80-66-89-1-43-4-98-97-12-92-69-33-11-81-60-34-75-7-71-94-45-58-40-13-87-77-27-50-78-48-53-64-57-52-96-35-91-65-85-23-73-21-67-24-20-31-46-44-17-22-49-59-93-6-5-18-62-51-79-36-84-16-42-15-47-90-54-95-63-41-19-61
Ta100x20,6,2,200,1,0.075,4,2230604237,17000,6618,6437,6144,2.542952914,v2_avx512bw_vec32_exact_perm,56-82-83-86-39-72-69-8-30-37-26-9-20-88-89-1-14-68-29-12-91-99-100-32-76-66-60-58-31-52-92-3-71-7-40-94-16-13-23-65-10-75-45-25-80-38-55-98-19-64-81-34-35-24-74-54-5-48-28-2-17-59-33-84-73-77-53-27-63-57-21-85-96-18-70-78-47-87-15-50-97-49-22-51-4-46-36-43-79-11-6-42-90-93-44-41-62-67-95-61
Ta100x20,6,2,200,1,0.075,5,2230605246,17000,6684,6437,6144,2.575748064,v2_avx512bw_vec32_exact_perm,56-86-88-39-8-72-82-12-83-9-37-32-98-69-100-38-23-1-27-3-48-20-80-91-89-92-26-16-68-78-2-34-40-96-4-99-28-52-33-7-65-76-94-97-10-49-41-73-71-15-45-95-81-21-58-55-53-60-14-64-75-87-57-77-47-13-84-50-17-30-74-66-31-43-85-5-25-44-18-70-24-54-22-90-35-51-6-59-93-36-46-29-42-79-62-63-67-11-19-61
Ta100x20,6,2,200,1,0.075,6,2230606255,17000,6653,6437,6144,2.642329596,v2_avx512bw_vec32_exact_perm,56-86-82-83-88-20-71-39-12-72-92-38-99-52-21-8-37-33-26-97-2-9-1-16-98-58-32-47-78-7-24-28-65-55-10-94-31-69-34-29-60-77-66-84-73-80-89-22-25-76-68-23-35-67-57-14-49-100-36-81-13-18-15-40-27-91-17-70-87-3-53-93-5-48-45-96-62-46-85-41-95-30-50-75-79-64-43-6-74-90-42-59-4-63-54-11-44-51-19-61
Ta100x20,6,2,200,1,0.075,7,2230607264,17000,6612,6437,6144,3.050771028,v2_avx512bw_vec32_exact_perm,56-86-83-72-8-88-39-82-26-9-58-12-98-21-74-37-89-30-33-92-99-40-32-69-55-2-14-27-76-25-100-29-43-81-97-68-65-66-48-7-70-78-94-57-45-23-10-60-16-1-34-79-52-75-53-28-80-38-13-17-42-95-31-15-64-96-35-3-49-18-71-59-91-11-87-50-46-85-73-24-4-77-67-90-84-20-93-41-6-47-22-36-62-5-51-44-54-63-19-61
Ta100x20,6,2,200,1,0.075,8,2230608273,17000,6652,6437,6144,2.758868216,v2_avx512bw_vec32_exact_perm,56-39-8-86-82-37-9-83-32-100-98-63-40-72-55-34-3-45-65-1-99-88-26-10-92-23-60-12-28-7-38-94-52-2-78-57-89-58-76-85-69-71-22-16-33-74-15-25-50-43-31-75-66-48-13-30-68-70-27-17-81-84-87-36-35-14-24-4-21-47-64-67-80-53-93-49-61-97-18-51-42-77-91-59-29-62-46-6-79-73-44-96-5-54-90-20-95-41-19-11
Ta100x20,6,2,200,1,0.075,9,2230609282,17000,6664,6437,6144,3.109939723,v2_avx512bw_vec32_exact_perm,56-83-86-37-20-26-39-82-98-12-2-80-1-33-89-28-81-32-94-38-88-8-100-99-92-66-7-25-31-58-52-72-71-13-68-69-23-48-55-14-60-27-10-40-41-45-46-44-5-16-78-34-65-57-87-29-76-21-79-67-9-30-74-97-77-75-85-24-62-84-3-49-15-17-96-43-35-50-36-70-91-4-53-73-11-18-64-42-19-22-51-47-93-63-6-90-59-54-95-61
Ta100x20,6,2,200,1,0.075,10,2230610291,17000,6653,6437,6144,2.756244155,v2_avx512bw_vec32_exact_perm,56-86-39-98-20-37-83-82-12-2-52-54-26-32-66-8-88-75-1-33-10-99-28-97-76-72-74-65-71-9-89-7-38-81-94-100-63-34-91-78-92-60-69-14-31-16-27-23-35-49-68-22-11-25-45-64-43-40-79-50-58-57-80-47-13-55-48-87-96-29-77-85-24-15-46-93-36-70-17-44-53-21-51-84-5-59-18-30-42-4-62-73-3-90-6-67-95-41-19-61
Ta100x20,6,2,200,1,0.1,1,2230601210,17000,6630,6437,6144,2.786353868,v2_avx512bw_vec32_exact_perm,56-83-86-82-39-20-72-99-8-7-32-97-12-100-92-27-37-40-75-52-33-26-78-65-98-2-9-10-69-1-43-80-16-50-76-31-21-34-91-25-55-13-71-66-81-38-45-94-30-49-58-14-41-74-73-18-60-87-77-35-44-89-96-22-23-64-68-48-28-95-85-4-24-46-62-67-36-17-42-5-53-70-84-6-63-93-29-15-3-90-54-59-57-88-51-79-11-47-19-61
Ta100x20,6,2,200,1,0.1,2,2230602219,17000,6689,6437,6144,2.758675103,v2_avx512bw_vec32_exact_perm,56-86-88-39-8-83-20-99-82-37-100-28-76-32-40-52-63-2-80-7-89-65-12-69-4-72-1-16-75-29-10-71-78-98-43-26-81-84-33-92-66-59-60-36-38-27-34-30-23-55-97-68-58-48-14-57-85-25-31-77-49-6-5-64-24-45-35-96-21-9-17-74-46-79-13-3-94-53-22-70-93-91-44-51-11-87-50-18-15-73-47-62-67-41-42-19-90-54-95-61
Ta100x20,6,2,200,1,0.1,3,2230603228,17000,6662,6437,6144,2.961978019,v2_avx512bw_vec32_exact_perm,56-39-86-20-83-72-58-89-82-2-8-37-7-99-92-88-28-40-32-52-65-47-76-94-71-69-60-98-12-78-23-55-21-16-14-80-38-34-66-13-25-81-84-50-77-9-97-91-35-43-1-31-100-57-10-30-59-49-33-3-75-45-96-15-54-27-74-79-87-5-4-18-26-17-22-63-64-44-68-24-61-46-53-48-85-36-70-29-6-42-51-93-90-41-73-19-62-67-95-11
Ta100x20,6,2,200,1,0.1,4,2230604237,17000,6694,6437,6144,3.135195321,v2_avx512bw_vec32_exact_perm,56-86-83-54-82-88-39-8-32-89-7-69-9-65-1-72-99-37-98-100-38-12-92-25-2-29-40-52-30-70-4-66-94-47-14-5-58-68-26-21-57-22-55-16-76-33-78-28-81-96-60-34-80-23-13-87-44-71-49-43-10-27-85-17-75-50-48-31-77-91-73-15-6-11-36-45-90-63-35-51-59-42-46-53-84-64-79-18-93-74-62-3-24-20-67-97-95-41-19-61
Ta100x20,6,2,200,1,0.1,5,2230605246,17000,6634,6437,6144,2.907535623,v2_avx512bw_vec32_exact_perm,56-83-86-82-88-39-92-30-37-2-9-1-8-20-99-28-32-89-10-60-23-40-7-55-69-52-65-71-14-12-98-94-81-45-58-31-59-91-47-18-73-78-100-38-4-29-27-25-57-76-16-66-43-3-48-21-84-87-80-26-24-13-35-64-34-49-74-53-77-33-17-54-44-96-97-15-36-46-22-50-68-72-85-93-63-79-61-6-70-51-75-42-19-41-5-90-62-67-95-11
Ta100x20,6,2,200,1,0.1,6,2230606255,17000,6649,6437,6144,2.69246719,v2_avx512bw_vec32_exact_perm,56-86-83-43-99-39-8-32-82-72-75-2-7-26-78-10-1-37-98-21-55-33-23-34-16-45-9-65-100-81-58-14-30-47-69-60-38-76-29-94-92-27-12-25-70-89-80-20-52-66-97-88-67-49-57-85-77-84-28-3-17-24-87-35-22-13-18-50-40-68-15-48-71-59-4-31-74-91-5-36-11-46-90-6-64-93-41-44-96-79-53-62-73-42-63-51-54-95-19-61
Ta100x20,6,2,200,1,0.1,7,2230607264,17000,6701,6437,6144,2.67217482,v2_avx512bw_vec32_exact_perm,56-86-8-88-39-20-37-2-82-83-32-76-66-10-69-71-9-92-58-1-30-70-94-98-34-52-80-38-65-72-100-7-63-29-81-4-33-67-25-23-99-68-89-26-87-17-12-79-13-78-27-14-49-6-74-43-50-85-96-21-55-91-15-53-48-3-16-28-5-75-77-97-11-45-57-24-47-64-40-31-62-73-42-60-51-95-18-35-59-84-22-44-41-46-36-93-19-54-90-61
Ta100x20,6,2,200,1,0.1,8,2230608273,17000,6704,6437,6144,2.869106991,v2_avx512bw_vec32_exact_perm,56-86-54-82-83-100-2-33-37-39-8-20-1-88-28-32-7-80-89-38-71-81-26-75-92-72-99-23-45-66-10-48-91-55-98-25-3-12-27-69-34-15-65-74-76-94-78-60-58-63-67-52-97-9-14-68-87-13-22-31-49-53-43-79-61-29-24-4-96-64-6-40-73-85-18-77-84-17-51-35-16-70-50-47-36-93-46-21-5-90-59-62-11-30-57-42-44-41-95-19
Ta100x20,6,2,200,1,0.1,9,2230609282,17000,6652,6437,6144,3.140679714,v2_avx512bw_vec32_exact_perm,56-83-86-82-39-37-20-26-32-76-30-69-92-74-10-43-1-98-94-80-70-65-66-52-55-8-89-72-68-99-29-100-7-25-33-2-16-31-60-58-28-40-78-12-34-15-47-27-48-14-81-4-71-84-97-49-23-91-45-50-57-21-79-38-73-35-3-75-87-24-13-85-77-17-9-96-53-64-36-59-62-18-46-5-67-95-93-22-54-90-6-51-88-11-42-44-41-63-19-61
Ta100x20,6,2,200,1,0.1,10,2230610291,17000,6680,6437,6144,3.14836375,v2_avx512bw_vec32_exact_perm,56-39-86-88-8-83-9-82-99-1-100-43-71-89-38-72-74-10-98-31-80-28-58-2-52-33-65-45-37-12-14-75-30-64-60-66-57-3-26-29-81-69-68-16-76-78-41-70-92-34-55-25-63-94-62-97-49-32-17-6-40-7-42-23-53-48-27-15-4-67-24-21-18-22-47-13-87-77-90-36-85-11-73-79-44-5-91-84-96-93-50-20-51-46-59-61-95-35-19-54
Ta100x20,6,2,200,1,0.125,1,2230601210,17000,6696,6437,6144,2.781140143,v2_avx512bw_vec32_exact_perm,56-86-88-83-82-1-21-43-8-37-39-28-55-100-72-32-26-65-3-12-92-98-69-52-34-16-31-80-17-81-33-94-99-38-66-71-40-7-60-18-23-25-76-9-57-70-20-14-78-10-75-2-63-89-84-13-45-24-87-48-27-85-58-36-44-54-4-42-46-30-51-15-91-5-64-97-49-35-77-29-22-41-96-74-50-93-53-79-59-62-6-47-68-90-67-19-73-61-95-11
Ta100x20,6,2,200,1,0.125,2,2230602219,17000,6692,6437,6144,2.610637365,v2_avx512bw_vec32_exact_perm,56-83-86-82-39-21-26-69-37-88-32-80-2-99-92-8-3-89-34-62-7-16-71-65-78-76-38-52-14-1-100-25-68-97-57-74-22-12-23-29-58-20-81-63-10-27-75-79-60-28-55-64-35-66-48-96-72-98-17-40-9-15-51-94-77-53-36-11-49-45-33-24-13-87-73-47-44-93-30-91-4-84-46-59-18-31-6-43-85-5-67-90-70-42-54-50-95-41-19-61
Ta100x20,6,2,200,1,0.125,3,2230603228,17000,6691,6437,6144,2.851177598,v2_avx512bw_vec32_exact_perm,56-86-88-83-39-82-8-9-20-37-99-2-1-43-72-38-97-65-32-25-78-92-52-34-50-91-7-89-100-33-55-71-81-74-27-69-29-76-40-58-31-10-85-80-26-23-30-12-14-60-16-48-3-63-45-94-64-24-57-70-75-49-84-35-87-28-22-66-17-36-15-21-47-44-18-98-59-13-6-77-46-93-54-79-51-4-67-53-68-42-5-90-73-62-96-11-95-41-19-61
Ta100x20,6,2,200,1,0.125,4,2230604237,17000,6686,6437,6144,3.293818164,v2_avx512bw_vec32_exact_perm,56-39-86-82-30-83-100-72-32-37-2-1-89-43-26-12-98-99-88-66-28-81-23-65-8-7-38-3-63-40-73-80-60-71-76-97-69-13-27-70-78-16-92-52-9-10-21-33-14-35-34-91-68-94-77-64-49-25-95-17-31-18-55-48-57-5-53-75-59-84-44-45-96-42-85-50-58-47-74-61-87-24-20-62-29-79-6-22-15-54-51-93-46-4-36-41-90-67-19-11
Ta100x20,6,2,200,1,0.125,5,2230605246,17000,6671,6437,6144,3.151171069,v2_avx512bw_vec32_exact_perm,56-39-8-86-83-89-82-32-98-34-12-72-2-88-37-33-78-23-69-20-58-55-19-14-81-68-26-65-7-16-25-52-92-99-21-100-31-1-38-17-28-71-94-80-75-76-74-9-97-11-10-49-57-96-22-45-66-50-64-40-60-91-36-18-70-13-44-15-43-24-84-5-87-77-4-47-3-30-27-35-51-79-48-93-29-6-46-53-42-90-54-59-85-63-73-41-62-67-95-61
Ta100x20,6,2,200,1,0.125,6,2230606255,17000,6695,6437,6144,3.061649241,v2_avx512bw_vec32_exact_perm,56-39-86-82-88-83-98-20-89-28-72-8-12-33-78-7-32-26-10-55-2-99-52-17-22-1-37-66-100-69-57-94-43-92-14-74-49-25-91-65-31-70-23-38-9-34-60-35-27-80-84-76-81-97-19-15-45-16-50-36-29-68-87-58-75-96-59-3-71-40-48-53-79-46-4-63-64-5-24-42-93-11-44-18-61-62-13-73-21-85-77-47-30-90-67-6-51-41-95-54
Ta100x20,6,2,200,1,0.125,7,2230607264,17000,6707,6437,6144,2.860876917,v2_avx512bw_vec32_exact_perm,56-86-88-83-82-20-39-8-43-12-26-76-23-16-69-89-60-10-55-28-37-7-2-1-58-92-52-21-100-99-33-74-70-63-18-65-57-78-27-66-75-94-84-30-50-96-80-38-45-48-15-71-14-81-4-34-31-49-97-61-47-59-51-64-35-5-25-72-87-32-40-22-36-24-85-17-9-98-68-42-79-44-67-91-77-29-13-73-53-93-11-46-3-62-19-6-41-95-90-54
Ta100x20,6,2,200,1,0.125,8,2230608273,17000,6712,6437,6144,2.690123874,v2_avx512bw_vec32_exact_perm,56-86-2-37-30-20-8-88-83-39-82-25-1-43-69-32-78-99-80-12-97-34-65-54-38-10-71-52-60-31-63-15-72-100-98-29-14-16-79-75-33-89-74-40-92-76-94-66-27-55-7-9-28-23-49-35-50-91-26-17-18-70-3-24-64-81-67-13-44-77-41-48-58-4-22-51-68-73-45-42-53-87-90-93-96-57-46-21-59-85-6-62-84-5-36-11-47-95-19-61
Ta100x20,6,2,200,1,0.125,9,2230609282,17000,6708,6437,6144,2.733569811,v2_avx512bw_vec32_exact_perm,56-86-88-8-83-26-39-82-98-32-33-20-21-55-89-1-92-28-25-34-37-27-66-10-80-99-65-23-12-30-9-68-52-45-14-16-76-97-75-69-31-71-81-7-60-13-29-43-72-100-2-18-38-87-48-58-57-49-53-78-63-59-94-40-70-35-62-91-46-64-3-5-77-24-96-85-41-6-93-36-50-17-84-79-73-42-4-19-67-15-74-22-44-47-11-90-51-54-95-61
Ta100x20,6,2,200,1,0.125,10,2230610291,17000,6680,6437,6144,2.73478065,v2_avx512bw_vec32_exact_perm,56-39-8-86-82-88-83-26-9-98-72-92-2-75-68-89-55-71-99-100-29-69-12-1-7-52-33-65-31-34-25-37-54-38-78-28-30-76-49-94-43-14-48-15-50-23-80-81-10-32-91-45-70-13-66-17-87-53-74-60-11-47-96-21-18-85-27-77-44-84-5-3-4-22-97-64-24-35-73-59-93-40-58-61-79-63-16-62-36-46-6-51-20-57-42-90-67-95-41-19
Ta100x20,6,3,300,0.85,0.025,1,2230601210,17000,6497,6437,6144,3.943843426,v2_avx512bw_vec32_exact_perm,56-83-37-82-39-86-2-9-20-76-32-1-43-65-66-12-98-69-21-94-14-8-88-60-68-52-33-99-10-100-96-92-55-25-48-80-34-50-38-57-70-89-63-49-91-75-23-45-81-26-17-7-31-58-78-87-28-77-53-13-16-3-30-71-72-64-5-40-4-27-18-84-35-59-97-36-74-47-95-85-62-6-24-42-15-29-22-93-79-46-44-54-90-67-11-51-73-41-19-61
Ta100x20,6,3,300,0.85,0.025,2,2230602219,17000,6552,6437,6144,3.683349319,v2_avx512bw_vec32_exact_perm,56-83-86-82-26-32-39-20-69-8-9-47-2-1-37-99-78-34-72-80-12-28-33-92-55-25-7-89-68-52-97-71-58-81-98-45-76-3-16-38-30-94-29-24-88-40-14-60-23-100-57-10-41-75-65-66-87-15-13-84-96-70-35-50-22-74-17-48-21-43-49-95-31-93-79-53-64-44-91-36-46-5-4-18-67-6-59-42-51-62-73-85-77-27-90-11-54-63-19-61
Ta100x20,6,3,300,0.85,0.025,3,2230603228,17000,6519,6437,6144,4.04786107,v2_avx512bw_vec32_exact_perm,56-82-83-86-39-20-2-12-37-88-43-89-66-30-38-25-1-94-33-26-9-99-7-58-100-14-76-28-80-31-32-60-69-16-71-48-92-78-70-97-98-53-40-29-55-34-81-65-23-52-74-45-3-10-18-24-75-87-8-72-64-95-49-77-17-91-6-5-21-68-63-50-35-36-13-84-93-22-27-85-51-4-46-96-15-44-79-54-67-73-42-59-90-62-57-11-47-41-19-61
Ta100x20,6,3,300,0.85,0.025,4,2230604237,17000,6575,6437,6144,4.042877623,v2_avx512bw_vec32_exact_perm,56-83-86-82-26-39-92-45-9-20-37-1-32-100-99-69-8-2-65-7-12-98-72-14-78-33-16-25-94-80-43-81-71-60-3-76-34-88-58-89-55-52-66-28-22-97-29-31-63-67-49-77-38-17-85-27-23-75-13-30-40-44-70-91-64-50-35-10-36-19-68-15-57-4-87-18-96-46-53-48-59-6-21-24-47-73-93-62-84-74-79-42-11-51-90-54-5-41-95-61
Ta100x20,6,3,300,0.85,0.025,5,2230605246,17000,6556,6437,6144,3.966834508,v2_avx512bw_vec32_exact_perm,56-83-86-32-82-39-26-9-20-1-43-37-16-2-33-8-99-98-12-25-100-92-89-69-72-94-65-55-40-71-59-49-88-66-14-75-60-7-23-68-81-97-45-76-34-38-58-27-52-10-57-78-15-47-91-87-79-50-30-31-29-3-24-48-63-4-74-96-17-42-64-84-35-21-53-70-5-28-13-22-93-80-67-73-18-62-77-46-6-51-36-85-11-44-90-54-95-41-19-61
Ta100x20,6,3,300,0.85,0.025,6,2230606255,17000,6547,6437,6144,3.956149749,v2_avx512bw_vec32_exact_perm,56-82-83-86-32-88-39-8-2-1-43-38-7-37-99-89-20-12-28-80-69-27-33-26-81-25-60-9-100-98-10-72-58-55-92-71-3-68-52-21-75-23-66-91-76-14-48-94-97-77-29-30-65-74-78-79-50-84-34-13-73-59-87-18-17-40-63-45-31-35-24-64-4-96-67-49-11-22-47-15-44-16-70-51-62-5-46-53-36-42-41-85-6-95-90-93-54-57-19-61
Ta100x20,6,3,300,0.85,0.025,7,2230607264,17000,6544,6437,6144,4.145532883,v2_avx512bw_vec32_exact_perm,56-83-86-33-82-88-20-43-12-2-8-37-39-32-26-98-89-72-55-7-92-69-71-85-94-14-65-99-1-28-16-18-52-100-66-3-76-91-74-97-48-27-81-68-34-45-60-31-38-23-80-30-78-58-57-70-63-25-53-75-10-51-6-40-62-15-29-77-84-73-13-35-9-21-59-47-87-50-4-96-42-5-22-24-64-17-36-93-79-46-90-67-49-11-44-41-19-54-95-61
Ta100x20,6,3,300,0.85,0.025,8,2230608273,17000,6510,6437,6144,3.886528336,v2_avx512bw_vec32_exact_perm,56-39-82-86-72-83-20-65-12-37-69-8-99-9-1-92-88-14-52-100-32-81-33-26-28-89-7-55-34-40-4-76-29-58-2-94-23-66-38-27-47-10-78-16-24-30-25-18-80-64-57-21-31-15-60-71-50-75-96-84-17-49-77-97-98-35-48-70-53-74-43-13-87-59-61-3-68-45-91-5-6-85-63-22-36-46-44-79-51-93-62-67-41-73-19-42-54-95-90-11
Ta100x20,6,3,300,0.85,0.025,9,2230609282,17000,6490,6437,6144,3.853173015,v2_avx512bw_vec32_exact_perm,56-39-82-83-86-72-26-38-9-47-1-21-99-92-2-33-37-88-14-65-12-16-98-74-30-28-78-100-29-89-70-35-34-75-60-69-52-76-94-8-32-25-81-58-23-64-66-10-68-59-57-80-20-97-45-48-50-55-18-7-77-24-31-87-3-17-71-49-15-84-43-93-13-53-95-36-5-40-63-85-22-91-6-46-44-11-4-67-42-73-96-90-61-51-79-27-41-19-62-54
Ta100x20,6,3,300,0.85,0.025,10,2230610291,17000,6539,6437,6144,4.138157866,v2_avx512bw_vec32_exact_perm,56-82-83-86-72-33-39-38-26-99-8-88-65-1-9-34-20-98-89-69-37-40-80-12-76-43-29-60-2-94-25-100-66-57-68-10-32-21-75-79-96-23-16-97-52-7-92-81-58-45-55-3-30-15-70-91-50-18-31-71-85-64-13-14-17-87-78-27-28-48-49-53-77-73-35-47-59-22-44-74-93-62-24-84-46-42-4-67-51-11-6-90-54-36-5-95-63-41-19-61
Ta100x20,6,3,300,0.85,0.05,1,2230601210,17000,6563,6437,6144,4.028339753,v2_avx512bw_vec32_exact_perm,56-82-39-8-83-86-2-37-9-1-88-32-12-100-98-20-89-25-58-99-72-92-71-65-81-94-74-34-7-33-78-28-52-31-16-14-45-76-80-66-23-30-43-27-40-60-75-69-77-17-84-63-10-64-91-4-97-50-55-26-38-18-13-87-70-15-57-48-51-3-68-53-29-49-93-36-42-21-35-46-59-96-47-85-44-22-24-62-73-61-79-6-67-90-54-5-19-41-95-11
Ta100x20,6,3,300,0.85,0.05,2,2230602219,17000,6633,6437,6144,3.89362299,v2_avx512bw_vec32_exact_perm,56-82-39-86-20-37-83-54-72-1-99-65-8-14-7-32-100-28-89-24-2-55-43-33-78-16-40-71-92-31-60-69-26-57-10-81-66-76-52-25-91-64-9-98-94-12-88-23-49-34-80-58-35-84-45-59-97-13-74-18-3-38-17-27-77-48-90-53-42-87-70-93-50-75-30-85-96-29-36-68-21-5-63-79-73-11-22-15-46-44-6-51-61-47-4-62-67-95-41-19
Ta100x20,6,3,300,0.85,0.05,3,2230603228,17000,6554,6437,6144,4.248601339,v2_avx512bw_vec32_exact_perm,56-86-83-32-82-26-39-20-89-38-69-7-37-8-99-10-65-16-1-100-14-72-94-74-33-28-58-12-25-92-55-2-23-98-78-59-27-68-97-4-66-40-63-88-64-60-57-31-9-34-79-15-81-30-52-43-49-71-24-70-76-18-84-13-50-85-96-77-17-75-73-45-47-35-29-3-87-48-53-21-41-62-42-44-67-93-91-80-22-46-6-36-51-5-54-90-95-11-19-61
Ta100x20,6,3,300,0.85,0.05,4,2230604237,17000,6512,6437,6144,4.142600199,v2_avx512bw_vec32_exact_perm,56-82-83-86-39-32-20-37-1-100-43-52-74-99-81-92-59-65-8-16-2-14-94-66-69-88-12-60-50-28-23-38-97-76-25-55-9-58-34-33-89-26-78-27-7-91-30-21-80-75-4-57-64-63-71-48-10-49-98-22-31-72-3-87-5-18-13-15-17-45-24-40-68-6-29-77-42-53-84-35-96-70-93-47-44-46-36-62-85-67-51-79-90-11-54-73-95-41-19-61
Ta100x20,6,3,300,0.85,0.05,5,2230605246,17000,6600,6437,6144,4.54353069,v2_avx512bw_vec32_exact_perm,56-82-83-86-88-39-8-30-43-1-37-12-9-32-98-45-65-60-100-99-89-63-69-55-7-25-68-28-33-2-78-81-47-14-23-20-16-17-10-59-38-71-48-49-52-92-21-80-27-76-66-94-57-75-35-34-70-58-87-15-3-31-96-84-50-91-79-46-29-97-40-6-72-77-85-53-24-93-64-13-36-26-67-44-18-4-41-42-74-90-22-51-73-62-5-54-95-11-19-61
Ta100x20,6,3,300,0.85,0.05,6,2230606255,17000,6573,6437,6144,4.033239817,v2_avx512bw_vec32_exact_perm,56-83-86-39-98-72-20-65-8-99-82-88-89-7-12-43-58-2-37-40-10-57-74-69-55-33-92-94-52-23-71-38-97-26-32-81-25-91-100-1-15-66-3-13-78-9-30-27-14-34-84-60-80-53-16-28-75-70-18-85-63-76-47-45-48-17-35-68-59-6-73-29-77-24-61-87-49-93-96-31-22-67-4-95-46-21-50-79-41-36-5-51-62-64-90-42-44-54-19-11
Ta100x20,6,3,300,0.85,0.05,7,2230607264,17000,6681,6437,6144,3.839084661,v2_avx512bw_vec32_exact_perm,56-86-88-39-8-99-83-82-32-20-97-98-92-72-2-1-10-74-68-37-55-25-9-65-100-71-38-27-76-28-12-23-89-69-81-53-66-52-31-7-94-14-78-34-33-80-40-41-6-60-91-95-43-77-84-17-85-45-24-21-48-63-30-5-87-50-58-16-75-22-79-13-62-3-73-35-96-64-70-44-93-29-26-36-49-47-51-59-15-18-46-42-4-11-54-90-67-57-19-61
Ta100x20,6,3,300,0.85,0.05,8,2230608273,17000,6607,6437,6144,4.005889062,v2_avx512bw_vec32_exact_perm,56-86-82-83-9-1-20-2-37-43-89-8-99-75-72-88-65-7-14-12-66-26-32-16-97-21-78-81-58-74-28-76-33-98-94-55-23-92-10-71-45-91-52-60-39-69-57-38-40-80-84-13-24-3-100-64-27-79-85-29-18-30-48-77-68-35-70-17-31-25-5-53-47-36-15-59-46-87-50-4-34-93-90-96-6-62-63-67-22-49-42-11-51-73-19-44-41-54-95-61
Ta100x20,6,3,300,0.85,0.05,9,2230609282,17000,6604,6437,6144,3.830174833,v2_avx512bw_vec32_exact_perm,56-82-86-39-88-20-2-12-71-72-83-10-37-76-33-34-55-92-99-69-9-7-89-14-30-43-97-40-1-52-38-28-66-4-78-32-80-98-94-65-70-8-25-58-60-16-31-48-23-100-91-79-17-63-74-26-81-5-3-27-22-44-13-57-49-87-96-77-18-62-64-36-59-35-68-29-73-42-53-46-6-50-45-75-61-24-47-85-15-21-67-84-90-93-51-54-95-41-19-11
Ta100x20,6,3,300,0.85,0.05,10,2230610291,17000,6580,6437,6144,4.398539174,v2_avx512bw_vec32_exact_perm,56-83-86-82-88-22-39-8-26-9-1-32-89-7-100-37-72-66-43-3-99-60-34-80-38-79-52-58-98-12-27-75-2-69-65-24-81-40-23-33-15-29-94-30-25-16-14-55-10-64-49-97-77-50-68-13-36-63-20-70-45-92-17-87-48-78-28-62-35-91-31-74-59-76-71-4-84-73-96-90-18-21-6-57-85-11-54-5-44-42-51-46-53-93-47-67-95-41-19-61
Ta100x20,6,3,300,0.85,0.075,1,2230601210,17000,6597,6437,6144,3.948560953,v2_avx512bw_vec32_exact_perm,56-82-39-86-54-1-32-92-99-83-72-98-2-20-37-25-8-100-16-47-89-14-30-55-43-69-74-78-75-10-76-7-33-71-31-34-13-81-52-59-66-97-68-5-65-60-57-12-94-87-29-36-28-58-64-63-80-40-88-45-23-38-18-48-4-27-50-35-85-70-91-53-17-26-77-93-22-9-49-79-96-15-24-84-67-46-73-21-3-51-41-44-62-42-6-90-95-11-19-61
Ta100x20,6,3,300,0.85,0.075,2,2230602219,17000,6645,6437,6144,3.898738947,v2_avx512bw_vec32_exact_perm,56-83-86-54-1-8-39-82-99-20-72-38-66-100-28-2-32-10-89-76-37-71-12-98-69-52-7-45-80-16-75-92-94-40-14-29-58-55-3-60-15-34-30-23-88-81-25-70-91-26-5-13-65-22-63-57-78-62-97-49-87-35-42-33-67-9-27-73-77-74-68-64-31-24-50-4-48-18-96-17-79-36-51-21-46-6-43-53-41-85-84-93-47-44-59-95-90-11-19-61
Ta100x20,6,3,300,0.85,0.075,3,2230603228,17000,6508,6437,6144,3.875237713,v2_avx512bw_vec32_exact_perm,56-83-86-32-82-76-39-20-37-2-8-16-47-26-9-92-94-72-71-10-66-100-28-89-78-23-38-7-27-65-55-98-88-81-34-1-68-31-14-40-80-91-60-57-3-64-33-58-96-12-35-25-69-52-4-67-49-70-17-99-84-18-77-13-73-15-63-45-75-30-59-85-43-50-97-41-87-74-5-62-21-6-24-46-48-90-22-93-53-51-36-42-95-79-29-54-11-44-19-61
Ta100x20,6,3,300,0.85,0.075,4,2230604237,17000,6655,6437,6144,3.880896546,v2_avx512bw_vec32_exact_perm,56-86-82-26-9-2-83-60-37-88-98-39-43-30-92-33-78-72-34-32-52-89-65-81-91-8-99-66-1-75-76-28-74-55-45-100-25-7-12-50-94-53-14-57-69-38-58-23-22-20-10-80-47-40-71-48-95-31-5-68-87-49-97-17-27-35-70-18-36-16-15-77-73-96-13-62-93-79-4-64-63-84-42-90-24-59-54-85-46-67-3-41-21-51-6-44-29-11-19-61
Ta100x20,6,3,300,0.85,0.075,5,2230605246,17000,6591,6437,6144,3.892119369,v2_avx512bw_vec32_exact_perm,86-72-83-88-39-8-20-82-2-37-40-76-80-28-29-12-33-99-81-32-26-16-10-89-69-63-52-7-75-100-56-38-65-25-4-34-1-58-55-45-27-60-9-23-71-49-30-98-92-21-31-35-70-68-59-14-48-94-73-66-22-85-97-74-18-77-57-64-53-24-84-13-78-43-17-50-87-67-91-95-5-6-47-3-36-42-93-90-15-96-44-54-62-79-46-11-51-41-19-61
Ta100x20,6,3,300,0.85,0.075,6,2230606255,17000,6624,6437,6144,4.029657402,v2_avx512bw_vec32_exact_perm,56-86-82-83-20-72-39-8-65-25-98-21-1-38-37-99-10-40-100-32-75-69-52-80-57-14-55-9-68-92-26-94-16-7-64-89-4-34-22-58-66-45-81-2-27-33-12-84-60-63-23-28-35-3-70-85-71-43-49-48-5-13-91-31-53-77-93-29-76-87-73-50-18-11-24-30-74-78-36-51-42-47-15-88-17-79-62-96-6-46-59-97-44-54-95-90-41-67-19-61
Ta100x20,6,3,300,0.85,0.075,7,2230607264,17000,6609,6437,6144,3.9439613,v2_avx512bw_vec32_exact_perm,56-86-88-83-39-82-72-8-32-26-76-10-37-9-33-89-20-92-69-34-55-2-4-52-58-1-25-74-68-100-27-29-14-12-81-99-65-30-28-60-38-97-71-78-3-66-23-75-7-94-87-77-98-91-40-80-64-53-35-57-24-47-22-13-48-50-70-46-85-45-96-17-6-31-44-43-42-59-18-49-93-67-84-79-15-16-11-90-21-36-73-51-63-62-5-54-95-41-19-61
Ta100x20,6,3,300,0.85,0.075,8,2230608273,17000,6578,6437,6144,3.959102289,v2_avx512bw_vec32_exact_perm,56-39-86-32-65-8-99-82-9-1-83-89-34-72-100-69-37-26-40-76-68-17-98-25-14-94-33-12-23-60-81-7-75-45-78-92-97-28-30-55-88-2-58-52-43-49-71-27-63-74-16-77-10-66-84-36-64-4-38-20-3-29-13-31-15-93-53-87-44-57-79-22-80-96-24-47-35-42-48-21-73-5-67-50-91-62-70-85-11-51-6-18-46-59-90-54-95-41-19-61
Ta100x20,6,3,300,0.85,0.075,9,2230609282,17000,6641,6437,6144,3.745540226,v2_avx512bw_vec32_exact_perm,56-82-39-86-26-9-98-20-2-37-83-12-100-1-28-69-63-89-52-16-45-81-99-23-43-92-40-80-66-32-48-33-72-94-8-27-71-3-55-38-7-29-87-47-10-78-97-25-31-96-65-4-34-73-15-30-70-75-53-77-49-14-91-60-79-64-18-88-57-76-13-85-24-17-74-50-67-22-36-21-84-35-58-51-62-5-95-11-68-46-59-44-41-42-93-6-90-54-19-61
Ta100x20,6,3,300,0.85,0.075,10,2230610291,17000,6508,6437,6144,3.811022905,v2_avx512bw_vec32_exact_perm,56-82-76-83-86-39-72-32-100-1-98-20-69-37-12-88-80-26-8-10-16-28-2-55-92-65-29-94-66-64-43-99-60-48-34-4-89-71-7-81-23-58-27-3-30-25-31-38-14-91-40-33-78-52-5-97-9-46-24-15-57-53-13-63-21-87-84-77-47-35-6-51-85-74-93-54-17-70-96-50-75-59-49-18-45-22-68-42-90-79-73-67-11-44-36-62-95-41-19-61
Ta100x20,6,3,300,0.85,0.1,1,2230601210,17000,6652,6437,6144,3.99871852,v2_avx512bw_vec32_exact_perm,56-86-82-88-39-33-72-8-26-37-9-83-20-71-12-1-43-89-7-52-38-50-66-99-100-80-92-32-98-3-40-69-75-25-58-13-55-17-45-64-91-78-14-30-16-57-74-85-76-24-10-94-34-23-63-28-81-65-60-27-31-49-15-97-22-41-48-21-77-96-68-53-44-79-84-6-29-5-2-70-36-93-62-18-51-35-11-42-4-87-46-73-90-67-47-59-54-95-19-61
Ta100x20,6,3,300,0.85,0.1,2,2230602219,17000,6624,6437,6144,3.798418093,v2_avx512bw_vec32_exact_perm,56-39-82-83-86-7-99-2-37-54-1-8-65-88-89-12-98-26-34-80-63-32-81-52-58-92-16-78-76-23-72-33-69-71-94-97-20-25-91-38-40-3-60-9-68-100-45-28-55-66-6-17-77-31-14-59-74-35-50-24-75-70-96-64-4-48-79-87-29-36-44-15-46-53-13-41-21-49-5-67-10-84-18-51-93-85-27-62-73-57-22-42-90-30-43-95-11-47-19-61
Ta100x20,6,3,300,0.85,0.1,3,2230603228,17000,6676,6437,6144,3.864822792,v2_avx512bw_vec32_exact_perm,56-86-39-32-30-82-54-83-26-72-99-1-43-38-89-78-8-60-7-71-98-12-69-81-100-33-25-28-37-2-55-63-68-9-24-70-76-29-35-52-58-97-3-84-92-21-65-34-16-66-40-53-13-49-31-74-64-27-4-94-77-6-80-59-18-67-17-96-10-23-73-87-85-50-61-75-14-45-51-15-46-91-48-22-36-93-20-79-5-57-47-90-44-42-62-88-95-41-19-11
Ta100x20,6,3,300,0.85,0.1,4,2230604237,17000,6622,6437,6144,3.987060671,v2_avx512bw_vec32_exact_perm,56-83-86-82-88-39-8-43-1-89-12-38-69-37-45-60-10-9-26-72-100-54-66-32-28-7-33-76-2-81-14-30-68-52-97-16-67-65-99-92-63-25-4-71-94-74-48-55-5-23-17-34-31-58-40-24-78-87-98-80-64-3-91-36-85-77-29-75-53-27-50-79-13-6-84-93-59-73-15-21-35-96-57-46-49-22-44-11-70-90-51-42-47-20-62-41-95-18-19-61
Ta100x20,6,3,300,0.85,0.1,5,2230605246,17000,6633,6437,6144,3.879290508,v2_avx512bw_vec32_exact_perm,56-86-88-83-39-8-82-9-1-43-89-98-20-55-2-34-72-26-92-40-37-7-65-94-74-69-99-12-33-80-14-4-59-71-58-81-76-87-25-31-78-68-60-28-66-100-50-57-10-46-70-97-23-35-38-79-77-44-84-96-16-5-53-48-75-21-91-3-13-42-85-24-32-64-52-30-17-27-73-45-18-36-63-93-49-62-51-22-11-29-54-6-15-47-90-67-95-41-19-61
Ta100x20,6,3,300,0.85,0.1,6,2230606255,17000,6587,6437,6144,3.739104731,v2_avx512bw_vec32_exact_perm,56-86-83-82-88-26-21-39-8-99-65-1-34-38-9-37-98-89-7-2-80-33-12-25-20-68-94-23-55-14-58-69-40-92-97-78-27-13-52-60-43-16-71-30-100-10-28-72-81-75-66-32-35-54-57-5-87-76-24-31-74-50-17-77-91-45-51-42-4-64-3-63-6-53-29-48-70-85-18-73-15-44-61-96-36-79-46-62-67-49-93-59-90-22-47-84-95-41-19-11
Ta100x20,6,3,300,0.85,0.1,7,2230607264,17000,6586,6437,6144,3.997107492,v2_avx512bw_vec32_exact_perm,56-82-39-86-2-9-32-1-89-98-20-83-12-37-69-78-28-65-54-7-92-55-8-75-88-45-26-68-52-27-100-16-25-10-76-96-4-71-23-49-33-81-38-94-14-91-58-64-53-57-70-40-13-97-60-50-74-66-99-43-5-21-31-72-48-80-34-15-36-87-17-29-35-77-84-3-93-47-51-22-85-18-95-30-46-73-24-59-62-6-44-42-41-79-11-90-67-63-19-61
Ta100x20,6,3,300,0.85,0.1,8,2230608273,17000,6635,6437,6144,3.742869686,v2_avx512bw_vec32_exact_perm,56-83-86-82-39-9-2-92-7-26-37-99-20-12-88-30-1-100-28-8-43-89-69-55-57-40-14-3-78-25-21-33-32-80-65-52-17-68-81-60-98-72-16-71-4-34-24-75-15-27-76-23-38-11-66-84-94-70-13-49-5-64-97-10-74-61-63-79-90-96-87-35-58-91-31-22-6-48-50-36-53-85-59-77-62-46-73-18-67-93-51-45-42-44-29-54-47-95-41-19
Ta100x20,6,3,300,0.85,0.1,9,2230609282,17000,6653,6437,6144,4.281249668,v2_avx512bw_vec32_exact_perm,56-83-86-20-26-37-88-92-39-82-40-8-99-98-9-1-14-89-69-76-10-68-94-43-7-57-12-71-52-72-66-97-65-23-100-74-58-32-31-16-63-81-27-78-25-91-34-2-15-60-55-64-24-75-45-38-3-28-67-4-84-62-80-50-70-13-18-5-87-96-35-48-21-53-30-73-79-41-29-93-44-22-6-90-36-59-42-33-17-77-46-51-47-49-85-11-54-95-19-61
Ta100x20,6,3,300,0.85,0.1,10,2230610291,17000,6653,6437,6144,3.847207159,v2_avx512bw_vec32_exact_perm,56-82-86-39-9-37-30-83-21-16-32-99-89-8-88-7-100-72-14-92-94-58-20-33-65-12-28-75-52-1-4-96-66-23-69-27-81-40-2-80-78-98-25-60-55-34-71-77-10-68-57-63-13-64-38-26-45-47-17-49-76-22-97-95-5-48-70-36-43-85-35-90-67-74-59-87-73-62-15-18-84-31-93-24-44-91-11-79-53-46-50-51-42-54-6-3-29-41-19-61
Ta100x20,6,3,300,0.85,0.125,1,2230601210,17000,6646,6437,6144,3.734238326,v2_avx512bw_vec32_exact_perm,56-83-86-82-39-30-99-92-72-20-32-8-74-100-65-25-37-88-9-12-14-58-73-7-75-89-26-28-1-45-98-68-40-43-2-55-50-69-38-34-52-4-33-94-17-81-66-71-91-27-23-64-78-24-10-57-31-84-80-96-48-16-70-60-76-18-5-79-59-35-87-13-77-97-36-3-22-63-53-85-21-93-67-47-29-95-49-62-46-51-42-15-11-6-90-54-44-41-19-61
Ta100x20,6,3,300,0.85,0.125,2,2230602219,17000,6648,6437,6144,3.733567537,v2_avx512bw_vec32_exact_perm,56-39-86-88-82-83-65-26-12-7-43-89-98-2-37-1-81-52-68-80-34-55-20-29-3-100-38-32-60-33-76-28-23-16-92-25-94-8-66-30-40-24-69-59-15-99-91-4-9-58-49-75-64-53-45-87-50-71-84-13-57-5-36-72-10-77-97-79-27-70-48-74-17-21-14-41-31-78-73-95-62-85-35-18-63-22-96-47-44-6-46-11-54-51-42-90-67-93-19-61
Ta100x20,6,3,300,0.85,0.125,3,2230603228,17000,6636,6437,6144,3.988955791,v2_avx512bw_vec32_exact_perm,56-83-86-82-21-39-8-99-72-29-30-33-100-1-20-9-2-37-55-14-98-12-65-81-7-27-92-89-88-43-66-74-28-26-94-23-25-71-60-80-41-64-3-16-47-10-5-52-97-96-40-58-4-32-17-38-84-76-67-69-78-45-79-75-57-22-15-24-34-18-49-77-91-31-48-87-50-68-13-53-85-70-46-51-44-42-93-63-73-61-62-54-59-90-6-36-95-35-19-11
Ta100x20,6,3,300,0.85,0.125,4,2230604237,17000,6662,6437,6144,3.847494251,v2_avx512bw_vec32_exact_perm,56-86-54-2-1-43-37-83-88-82-39-38-8-89-7-99-9-26-12-32-28-98-78-74-65-4-57-100-33-14-69-20-66-16-23-92-40-76-60-80-91-10-94-34-55-75-64-52-96-49-71-97-77-81-50-58-24-72-13-25-15-27-45-48-22-31-68-30-17-36-63-35-70-44-46-85-87-29-21-84-3-59-53-93-42-62-5-79-90-11-67-51-6-73-47-18-95-41-19-61
Ta100x20,6,3,300,0.85,0.125,5,2230605246,17000,6608,6437,6144,3.865995643,v2_avx512bw_vec32_exact_perm,56-83-86-39-82-2-37-9-68-32-100-1-98-89-99-69-26-12-7-94-14-43-8-97-92-33-52-38-30-25-23-80-10-72-27-81-74-16-65-34-71-60-28-55-78-57-70-66-4-21-47-18-48-49-3-29-76-96-64-15-63-31-13-77-40-45-44-35-91-11-87-79-84-22-88-73-75-58-85-67-53-59-17-20-24-50-42-62-51-5-6-46-36-93-90-54-95-41-19-61
Ta100x20,6,3,300,0.85,0.125,6,2230606255,17000,6654,6437,6144,4.066788499,v2_avx512bw_vec32_exact_perm,56-86-88-83-72-8-43-39-9-82-26-37-12-32-98-100-34-65-45-33-52-76-99-28-89-1-74-58-16-81-55-10-14-54-29-30-94-2-80-66-36-3-71-92-25-69-7-78-23-38-47-68-60-77-31-75-24-48-87-96-95-70-17-13-18-53-97-27-40-49-91-35-5-84-21-67-4-64-44-79-22-73-57-63-85-61-59-46-6-20-90-93-50-42-51-41-19-15-62-11
Ta100x20,6,3,300,0.85,0.125,7,2230607264,17000,6641,6437,6144,3.964839713,v2_avx512bw_vec32_exact_perm,56-39-8-86-99-2-82-9-89-83-43-7-37-38-4-98-20-71-26-33-3-81-100-88-22-1-12-32-92-34-72-66-52-10-58-55-28-78-69-65-80-25-14-94-76-87-48-16-46-53-5-67-49-97-77-75-57-60-40-23-59-35-21-74-85-18-31-27-50-91-6-15-13-24-84-68-96-45-17-30-70-73-90-62-61-29-36-79-64-42-63-47-44-51-95-93-54-41-19-11
Ta100x20,6,3,300,0.85,0.125,8,2230608273,17000,6636,6437,6144,4.022885468,v2_avx512bw_vec32_exact_perm,56-86-88-83-37-39-20-82-36-55-32-28-23-40-33-8-78-89-29-12-74-68-34-69-97-92-52-99-100-1-76-57-94-21-65-16-66-25-38-80-63-2-9-43-73-58-31-60-71-30-14-81-7-72-64-98-35-79-62-87-77-24-50-15-84-13-17-75-70-44-91-48-45-93-4-96-3-47-49-53-54-46-51-26-5-85-59-22-10-27-6-18-90-42-11-67-95-41-19-61
Ta100x20,6,3,300,0.85,0.125,9,2230609282,17000,6687,6437,6144,3.85569076,v2_avx512bw_vec32_exact_perm,56-83-39-86-9-20-82-99-1-43-30-14-12-37-2-8-65-70-33-34-55-72-49-10-100-26-18-92-16-94-89-25-44-59-97-98-81-23-68-38-52-78-28-71-87-60-32-31-76-3-69-15-79-57-45-7-66-27-35-24-64-84-4-48-58-80-40-75-74-46-13-53-17-91-88-93-95-29-42-77-22-67-73-51-36-62-5-21-90-54-85-6-50-47-96-63-11-41-19-61
Ta100x20,6,3,300,0.85,0.125,10,2230610291,17000,6681,6437,6144,3.676473826,v2_avx512bw_vec32_exact_perm,56-86-88-39-9-20-89-83-8-1-99-69-12-7-43-72-80-37-66-32-26-33-100-82-45-10-14-98-55-65-71-25-16-94-34-81-58-52-76-92-97-30-91-60-13-68-40-2-23-17-78-21-28-27-70-75-48-49-24-87-64-50-77-5-31-95-3-57-85-18-22-59-73-62-74-47-15-51-42-35-84-4-38-46-53-29-93-36-79-90-96-6-67-11-54-44-63-41-19-61
Ta100x20,6,3,300,0.8875,0.025,1,2230601210,17000,6508,6437,6144,4.082594525,v2_avx512bw_vec32_exact_perm,56-83-86-32-39-20-37-12-2-82-88-25-100-65-7-16-98-21-89-69-80-1-28-52-33-38-14-60-54-8-81-99-10-72-23-97-76-92-71-27-40-85-4-58-57-34-3-55-74-75-15-94-13-77-91-31-66-64-17-24-18-96-26-70-49-35-9-45-68-48-43-84-67-78-36-53-93-29-59-87-90-5-22-6-79-44-63-46-61-30-50-11-51-73-47-62-42-95-41-19
Ta100x20,6,3,300,0.8875,0.025,2,2230602219,17000,6560,6437,6144,4.40420681,v2_avx512bw_vec32_exact_perm,56-86-32-39-82-99-9-76-2-83-37-98-30-1-100-72-43-69-8-88-89-10-28-12-33-55-92-71-25-81-80-7-94-23-52-68-65-34-66-70-78-58-57-41-40-31-35-64-74-14-53-49-45-18-60-77-97-75-87-59-27-13-16-3-84-91-50-26-6-96-5-4-38-17-36-20-95-85-62-63-93-73-22-24-48-54-44-47-46-15-21-90-67-51-42-79-29-11-19-61
Ta100x20,6,3,300,0.8875,0.025,3,2230603228,17000,6515,6437,6144,4.34342651,v2_avx512bw_vec32_exact_perm,56-82-83-86-39-72-26-37-12-88-98-32-80-20-28-78-65-99-40-71-9-31-1-92-69-60-7-94-23-63-27-74-68-25-100-52-58-89-81-66-59-43-55-2-33-4-57-34-38-87-13-75-8-10-48-53-45-17-14-30-84-91-15-49-70-3-29-5-21-35-97-64-76-36-18-24-85-67-22-79-44-73-96-77-16-62-6-46-93-50-11-47-90-54-42-51-95-41-19-61
Ta100x20,6,3,300,0.8875,0.025,4,2230604237,17000,6542,6437,6144,4.221616692,v2_avx512bw_vec32_exact_perm,56-82-39-86-32-83-2-37-98-30-1-100-72-89-34-40-8-99-14-52-33-88-10-92-60-81-20-65-57-74-69-7-55-94-71-45-78-28-58-31-12-80-91-76-23-38-75-25-27-68-21-17-66-50-84-48-24-70-97-5-9-96-62-26-47-87-3-15-35-95-16-13-64-49-77-4-43-46-53-36-67-79-85-29-73-93-22-44-63-42-11-6-90-41-51-59-54-18-19-61
Ta100x20,6,3,300,0.8875,0.025,5,2230605246,17000,6513,6437,6144,4.051261455,v2_avx512bw_vec32_exact_perm,56-43-39-82-32-83-7-37-99-92-89-69-16-72-88-66-26-8-100-1-25-40-27-68-10-38-9-98-65-94-23-45-55-14-20-61-29-60-28-2-33-12-75-52-81-64-63-97-80-71-86-76-4-48-13-30-24-34-87-31-44-58-78-84-57-15-79-67-3-93-91-36-22-49-47-77-35-74-46-53-11-51-85-73-18-59-42-17-62-70-96-95-6-90-5-21-54-50-41-19
Ta100x20,6,3,300,0.8875,0.025,6,2230606255,17000,6525,6437,6144,3.988832673,v2_avx512bw_vec32_exact_perm,56-83-1-86-39-82-9-21-2-72-65-8-32-12-37-98-20-99-80-69-81-34-52-33-89-71-92-27-55-40-7-4-100-63-75-78-29-16-30-26-94-58-10-28-22-23-66-14-60-25-15-76-73-77-68-31-91-97-84-3-43-49-96-35-70-50-38-13-64-95-85-48-18-24-46-53-45-36-87-17-67-79-44-11-74-47-42-62-5-51-88-6-59-90-93-54-57-41-19-61
Ta100x20,6,3,300,0.8875,0.025,7,2230607264,17000,6654,6437,6144,3.956033736,v2_avx512bw_vec32_exact_perm,56-86-39-88-2-82-8-12-37-83-32-98-33-20-89-7-16-34-26-52-45-99-92-94-65-9-72-80-66-97-76-40-50-1-38-69-10-71-81-23-27-100-28-31-68-4-43-77-55-78-13-91-25-57-74-64-24-36-15-30-48-79-58-53-14-60-84-75-3-29-11-87-85-63-5-35-21-96-6-49-46-59-62-17-73-42-18-70-90-22-67-47-93-44-54-51-95-41-19-61
Ta100x20,6,3,300,0.8875,0.025,8,2230608273,17000,6599,6437,6144,4.170924892,v2_avx512bw_vec32_exact_perm,56-86-83-72-20-82-38-39-8-37-88-99-12-33-26-9-63-89-100-32-1-92-25-16-69-2-68-14-79-58-55-48-52-81-71-65-28-94-23-40-98-74-53-97-15-29-66-45-76-64-10-3-30-91-7-57-31-24-43-78-34-60-80-49-75-77-96-17-84-21-27-62-35-70-13-36-73-5-41-6-59-18-90-4-46-42-93-87-50-85-67-22-11-51-44-47-54-95-19-61
Ta100x20,6,3,300,0.8875,0.025,9,2230609282,17000,6586,6437,6144,4.018357961,v2_avx512bw_vec32_exact_perm,56-83-86-82-39-20-74-8-99-89-38-25-37-7-32-78-88-9-65-69-1-71-100-16-98-60-10-33-34-2-72-12-26-29-52-97-76-80-23-68-94-28-48-55-87-14-13-57-15-58-85-92-27-63-22-36-79-84-81-66-3-53-96-77-91-43-40-17-75-50-49-31-45-21-59-64-35-5-6-24-18-30-44-62-70-46-4-11-67-73-42-51-90-47-93-54-95-41-19-61
Ta100x20,6,3,300,0.8875,0.025,10,2230610291,17000,6630,6437,6144,4.640306806,v2_avx512bw_vec32_exact_perm,56-86-88-83-39-8-82-26-32-98-72-33-12-99-1-10-28-30-20-89-52-16-100-69-38-37-2-71-81-68-14-76-9-80-65-23-94-40-78-92-25-59-64-34-97-84-66-58-75-4-36-60-57-96-7-49-55-48-27-15-31-43-74-79-24-22-45-17-62-63-6-77-29-35-87-13-5-53-42-70-3-21-50-91-85-44-46-90-47-93-11-67-51-54-73-18-95-41-19-61
Ta100x20,6,3,300,0.8875,0.05,1,2230601210,17000,6611,6437,6144,4.513291283,v2_avx512bw_vec32_exact_perm,56-86-39-72-8-99-82-20-29-12-89-83-7-43-2-33-1-37-94-9-26-32-60-66-100-30-25-92-88-65-52-10-28-98-55-69-81-78-71-59-3-23-16-80-14-76-79-75-31-34-49-54-58-40-45-38-57-74-35-97-77-68-46-17-44-21-53-63-64-93-4-13-84-47-6-91-36-48-96-5-24-62-87-15-27-51-22-50-42-85-70-18-73-11-90-67-95-41-19-61
Ta100x20,6,3,300,0.8875,0.05,2,2230602219,17000,6660,6437,6144,4.500486465,v2_avx512bw_vec32_exact_perm,56-86-88-39-72-83-82-26-43-37-30-8-12-25-2-32-7-81-20-52-33-99-65-66-55-74-9-34-94-69-91-58-14-92-31-100-40-89-78-1-38-98-71-23-16-4-48-70-68-45-27-60-96-80-28-54-35-64-10-3-21-17-73-18-57-76-51-77-24-29-53-13-75-15-46-97-79-84-85-87-90-42-50-59-93-22-47-67-62-49-6-5-11-36-44-95-63-41-19-61
Ta100x20,6,3,300,0.8875,0.05,3,2230603228,17000,6636,6437,6144,4.455845225,v2_avx512bw_vec32_exact_perm,56-83-86-20-2-37-8-9-82-99-39-26-92-1-12-32-89-21-28-30-66-88-69-81-7-76-65-94-71-18-52-3-29-100-10-98-78-25-72-80-33-48-55-87-16-53-14-17-34-74-75-35-68-50-27-22-23-97-38-77-31-79-40-95-64-49-60-43-4-57-73-96-47-13-93-91-42-70-41-44-84-6-36-5-62-85-63-59-54-51-15-58-45-46-24-61-90-67-19-11
Ta100x20,6,3,300,0.8875,0.05,4,2230604237,17000,6608,6437,6144,4.609014868,v2_avx512bw_vec32_exact_perm,56-39-98-20-2-92-72-83-37-88-82-76-86-65-8-99-7-26-9-100-1-43-32-89-69-16-52-66-40-14-12-33-55-78-28-50-23-38-94-13-80-34-5-81-25-68-84-63-87-71-45-3-64-57-60-17-74-48-15-24-4-70-10-31-18-59-53-91-36-58-61-73-29-97-85-30-77-75-51-21-35-93-22-49-96-6-27-47-44-62-42-79-46-54-90-67-95-41-19-11
Ta100x20,6,3,300,0.8875,0.05,5,2230605246,17000,6633,6437,6144,4.67346472,v2_avx512bw_vec32_exact_perm,56-86-83-32-54-39-98-82-92-37-2-69-55-10-99-8-76-29-72-100-20-16-80-25-65-81-1-34-94-52-7-40-68-57-79-14-12-9-45-33-38-71-89-64-28-43-26-66-59-31-84-85-23-60-78-18-35-67-74-4-75-27-70-13-97-49-24-53-77-22-46-15-17-36-3-91-42-44-87-48-96-5-50-21-47-88-93-58-62-51-73-30-95-11-90-6-63-41-19-61
Ta100x20,6,3,300,0.8875,0.05,6,2230606255,17000,6644,6437,6144,3.965379122,v2_avx512bw_vec32_exact_perm,56-86-88-83-43-39-8-99-32-9-82-100-1-14-65-12-37-26-2-89-34-7-98-80-38-69-4-55-25-66-20-10-59-52-33-57-92-84-58-72-60-78-71-68-16-28-75-70-81-76-97-48-94-30-77-74-45-50-23-49-35-27-67-87-31-18-24-46-15-22-36-17-3-85-96-13-91-5-40-64-62-79-29-11-6-63-51-21-73-93-53-54-44-90-47-42-95-41-19-61
Ta100x20,6,3,300,0.8875,0.05,7,2230607264,17000,6608,6437,6144,3.806133898,v2_avx512bw_vec32_exact_perm,56-83-86-54-76-2-39-8-37-65-98-20-82-12-99-7-92-74-1-58-94-88-72-10-29-100-68-26-80-75-34-25-27-55-45-28-31-52-79-43-89-16-38-57-33-78-69-50-21-81-60-15-14-66-91-84-23-77-24-97-48-40-9-53-35-87-32-6-71-96-3-44-13-85-67-70-4-18-64-47-17-22-59-49-63-36-5-30-73-93-62-95-46-51-42-11-90-41-19-61
Ta100x20,6,3,300,0.8875,0.05,8,2230608273,17000,6609,6437,6144,3.911030805,v2_avx512bw_vec32_exact_perm,56-86-88-83-39-72-82-26-8-12-37-20-69-10-9-32-89-60-14-47-66-76-99-52-97-7-92-98-23-38-16-33-31-25-34-78-68-2-57-64-81-27-1-30-28-58-80-45-94-3-40-21-63-55-71-65-74-48-15-87-29-96-6-43-100-13-93-50-49-75-77-85-35-91-17-4-70-18-67-53-46-36-59-24-22-84-5-44-90-62-54-42-51-73-79-11-95-41-19-61
Ta100x20,6,3,300,0.8875,0.05,9,2230609282,17000,6616,6437,6144,3.85035433,v2_avx512bw_vec32_exact_perm,56-86-83-72-20-88-1-33-2-8-37-39-43-82-32-12-99-69-66-9-21-65-14-55-89-16-25-34-78-94-98-7-70-92-97-80-57-85-71-31-81-28-27-38-77-3-100-48-50-91-49-75-68-60-23-47-52-26-35-36-5-30-10-18-76-29-17-87-74-53-54-93-59-73-13-45-15-46-24-84-67-40-51-4-79-22-58-90-64-96-42-44-11-62-95-6-63-41-19-61
Ta100x20,6,3,300,0.8875,0.05,10,2230610291,17000,6589,6437,6144,4.268553757,v2_avx512bw_vec32_exact_perm,56-82-39-86-83-72-8-99-20-28-89-68-88-2-92-30-37-40-71-52-33-16-65-1-12-75-98-29-10-78-23-97-14-9-7-76-69-94-58-25-55-64-3-80-70-18-34-17-31-45-74-66-87-77-27-21-81-24-32-48-60-91-100-35-43-57-49-85-11-13-73-84-53-42-26-50-59-38-93-96-6-5-36-47-95-62-15-44-51-4-22-63-41-79-46-54-90-67-19-61
Ta100x20,6,3,300,0.8875,0.075,1,2230601210,17000,6620,6437,6144,3.786411217,v2_avx512bw_vec32_exact_perm,56-83-86-39-72-82-26-9-100-98-43-89-1-37-2-32-20-97-12-29-65-8-28-7-3-92-52-55-23-68-14-48-16-99-69-81-40-27-25-80-94-10-38-76-78-33-63-60-45-71-84-75-49-30-15-57-34-21-17-87-95-13-44-35-70-22-58-88-64-50-96-66-53-73-91-24-77-4-31-74-18-36-85-47-11-46-59-93-6-41-5-62-42-90-79-67-51-54-19-61
Ta100x20,6,3,300,0.8875,0.075,2,2230602219,17000,6600,6437,6144,3.96404057,v2_avx512bw_vec32_exact_perm,56-82-83-86-39-37-32-2-43-1-30-9-100-98-20-89-69-10-40-16-99-65-14-75-8-94-12-33-28-66-52-76-72-58-78-27-55-23-92-71-74-38-81-97-53-26-7-88-25-49-34-63-4-48-57-64-21-13-24-73-45-80-68-60-77-17-70-87-96-84-3-18-85-6-51-91-31-29-35-42-44-11-22-15-50-36-67-46-79-93-90-59-62-47-5-54-95-41-19-61
Ta100x20,6,3,300,0.8875,0.075,3,2230603228,17000,6639,6437,6144,3.874419101,v2_avx512bw_vec32_exact_perm,56-82-83-86-39-26-76-7-37-99-9-20-69-8-2-59-52-55-92-65-1-43-75-78-88-66-29-33-63-12-94-70-98-89-30-32-81-48-80-34-45-68-97-60-4-71-72-10-28-13-64-46-25-23-100-35-51-24-77-31-57-84-16-15-53-87-14-91-18-73-21-22-49-38-3-96-58-44-11-74-27-5-36-54-79-85-17-6-42-90-47-50-93-40-41-62-67-95-19-61
Ta100x20,6,3,300,0.8875,0.075,4,2230604237,17000,6633,6437,6144,3.844974509,v2_avx512bw_vec32_exact_perm,56-83-86-39-43-37-78-72-99-2-82-8-12-20-26-9-33-89-71-92-16-58-96-66-1-52-34-60-27-32-40-7-31-98-38-14-23-55-45-81-65-63-100-3-69-15-29-80-25-57-49-18-76-94-64-10-75-77-53-91-97-17-85-70-13-74-28-4-5-22-42-51-35-67-44-87-36-11-93-79-30-46-68-90-48-59-24-84-61-21-88-50-73-47-6-95-41-19-62-54
Ta100x20,6,3,300,0.8875,0.075,5,2230605246,17000,6690,6437,6144,3.943885758,v2_avx512bw_vec32_exact_perm,56-86-88-39-83-98-20-30-32-2-82-8-99-1-37-10-92-21-97-89-14-38-9-16-65-7-81-25-52-33-94-58-100-23-77-66-76-72-4-71-57-26-17-12-3-78-69-74-43-13-48-34-31-55-80-28-68-24-64-53-79-73-45-46-40-75-61-15-67-51-85-36-60-59-96-35-87-50-22-49-27-42-93-18-84-70-63-90-62-29-11-91-44-6-5-47-54-95-41-19
Ta100x20,6,3,300,0.8875,0.075,6,2230606255,17000,6650,6437,6144,4.48535361,v2_avx512bw_vec32_exact_perm,56-86-88-83-82-20-26-39-12-28-8-32-38-37-2-9-65-69-55-98-1-23-63-60-33-78-25-94-72-10-7-99-58-52-68-31-34-64-92-80-71-16-89-95-29-45-81-76-100-30-75-40-43-73-66-13-27-97-93-21-48-4-35-87-14-17-70-96-77-49-84-46-74-61-53-5-24-51-62-91-6-59-3-42-50-41-18-22-85-44-79-57-36-47-15-54-90-67-19-11
Ta100x20,6,3,300,0.8875,0.075,7,2230607264,17000,6600,6437,6144,4.160614967,v2_avx512bw_vec32_exact_perm,56-82-39-86-88-72-83-78-8-21-32-37-98-12-33-20-1-2-94-92-80-28-99-30-66-7-43-89-16-71-52-81-68-14-100-65-45-9-57-74-97-10-38-23-58-60-70-75-55-26-25-79-63-50-84-15-34-31-17-93-27-96-49-13-73-51-40-76-35-64-24-77-53-91-3-42-69-44-4-22-87-29-47-46-85-11-48-36-62-54-59-6-5-90-18-67-95-41-19-61
Ta100x20,6,3,300,0.8875,0.075,8,2230608273,17000,6641,6437,6144,3.927251091,v2_avx512bw_vec32_exact_perm,56-83-86-82-39-20-70-8-88-89-60-26-7-9-92-34-37-71-1-76-52-98-99-81-65-72-45-16-66-68-75-32-12-100-48-29-33-78-74-2-59-97-69-14-53-38-57-10-40-28-23-55-4-5-27-84-77-43-25-3-80-13-30-64-62-35-94-49-96-95-15-17-87-58-36-79-22-90-47-73-67-31-44-21-6-91-85-18-24-54-46-93-50-42-11-63-51-41-19-61
Ta100x20,6,3,300,0.8875,0.075,9,2230609282,17000,6690,6437,6144,5.058517946,v2_avx512bw_vec32_exact_perm,56-86-39-98-83-82-9-30-99-37-69-8-20-32-65-1-25-10-78-72-100-7-43-89-29-26-87-14-33-24-55-81-28-66-76-34-94-71-12-3-23-74-11-80-58-75-60-52-16-2-96-54-92-13-35-15-21-48-84-27-38-51-79-17-91-45-40-47-88-49-5-57-97-70-46-85-53-77-64-44-67-90-95-31-68-6-22-4-62-42-41-50-73-63-93-36-59-18-19-61
Ta100x20,6,3,300,0.8875,0.075,10,2230610291,17000,6611,6437,6144,4.141560122,v2_avx512bw_vec32_exact_perm,56-82-39-86-26-9-20-83-8-37-65-55-34-72-12-88-63-99-7-80-100-14-75-25-32-76-92-52-66-43-94-33-81-21-71-89-57-68-31-84-17-78-91-60-1-10-69-58-16-40-98-2-23-4-15-97-67-70-28-3-49-22-35-18-74-27-48-44-38-45-64-51-53-6-77-41-46-87-36-13-85-29-24-50-93-11-47-42-79-5-90-30-96-62-59-54-73-95-19-61
Ta100x20,6,3,300,0.8875,0.1,1,2230601210,17000,6659,6437,6144,3.950579758,v2_avx512bw_vec32_exact_perm,56-83-86-88-39-8-82-9-89-98-1-38-20-74-34-2-33-37-80-7-99-32-21-52-75-100-81-14-65-27-53-66-69-55-25-10-29-78-64-12-50-92-67-91-63-76-73-51-60-23-70-28-94-48-13-49-43-71-4-59-31-45-16-58-5-40-17-47-18-11-26-97-90-87-30-24-77-84-3-61-93-79-22-42-72-6-95-46-68-96-85-57-41-35-44-36-19-15-62-54
Ta100x20,6,3,300,0.8875,0.1,2,2230602219,17000,6634,6437,6144,3.892515052,v2_avx512bw_vec32_exact_perm,56-82-39-86-20-83-21-8-88-37-2-32-98-12-7-89-43-66-34-72-99-38-100-31-80-25-65-78-57-9-30-69-52-91-33-14-58-64-13-94-92-71-55-48-26-70-49-3-29-4-81-27-84-28-40-60-79-77-68-97-16-50-76-96-36-75-1-24-17-5-87-22-53-35-74-42-10-93-63-62-23-46-6-11-85-51-73-45-18-47-15-67-95-90-59-54-44-41-19-61
Ta100x20,6,3,300,0.8875,0.1,3,2230603228,17000,6684,6437,6144,4.121210279,v2_avx512bw_vec32_exact_perm,56-86-88-39-82-83-98-89-7-26-16-2-9-20-37-65-1-72-69-8-10-33-28-34-76-100-78-71-52-40-29-55-94-80-12-14-99-58-32-68-77-31-23-25-81-92-64-13-87-66-48-97-24-75-45-44-91-3-35-59-4-84-30-43-22-50-63-38-74-57-5-11-60-17-47-27-49-15-53-96-70-79-36-62-85-18-67-46-73-42-51-21-93-90-6-54-19-41-95-61
Ta100x20,6,3,300,0.8875,0.1,4,2230604237,17000,6708,6437,6144,4.24764216,v2_avx512bw_vec32_exact_perm,56-86-88-8-83-39-32-98-82-16-89-37-69-33-99-2-20-9-78-12-7-28-65-31-4-23-34-26-1-68-10-76-27-70-14-60-92-58-52-55-38-25-53-80-41-94-40-91-66-50-3-29-100-97-81-71-75-96-95-48-57-64-24-45-49-21-35-72-84-42-73-17-43-85-13-77-67-46-74-30-87-44-5-62-18-22-79-59-63-90-6-15-47-36-93-11-51-54-19-61
Ta100x20,6,3,300,0.8875,0.1,5,2230605246,17000,6669,6437,6144,4.634044294,v2_avx512bw_vec32_exact_perm,56-7-39-8-86-37-88-89-83-98-20-94-82-60-34-38-10-68-26-75-23-65-92-1-57-16-2-28-3-79-17-55-43-70-91-31-15-25-72-9-100-49-69-66-99-78-33-52-24-35-21-22-47-14-27-84-63-40-48-53-45-12-64-80-50-29-76-36-85-97-77-62-5-67-13-87-73-58-93-32-71-81-42-90-44-54-59-74-4-96-18-6-11-41-95-46-51-30-19-61
Ta100x20,6,3,300,0.8875,0.1,6,2230606255,17000,6657,6437,6144,3.770096595,v2_avx512bw_vec32_exact_perm,56-39-86-20-89-83-82-7-43-31-8-37-99-40-2-63-78-1-28-52-100-65-69-12-58-29-38-94-60-26-32-98-72-16-71-9-81-70-10-80-68-25-97-23-73-33-48-66-30-77-87-74-27-92-55-14-13-64-34-11-44-49-45-76-24-21-85-18-75-53-84-35-4-96-46-51-17-79-91-67-22-5-3-50-59-61-6-36-47-88-93-42-95-57-41-19-15-90-62-54
Ta100x20,6,3,300,0.8875,0.1,7,2230607264,17000,6647,6437,6144,3.915110016,v2_avx512bw_vec32_exact_perm,56-82-86-83-72-20-8-99-92-88-37-65-1-2-43-55-7-26-25-9-34-80-32-69-94-29-100-66-12-59-47-39-33-78-70-10-14-81-45-57-40-89-38-58-84-52-35-76-60-28-27-68-98-91-23-74-77-30-24-97-87-67-4-17-75-49-18-79-31-48-64-71-13-3-53-16-5-96-22-63-36-73-15-93-51-21-42-62-46-6-95-44-85-11-90-54-50-41-19-61
Ta100x20,6,3,300,0.8875,0.1,8,2230608273,17000,6628,6437,6144,3.949547484,v2_avx512bw_vec32_exact_perm,56-39-86-54-83-82-32-1-8-10-2-72-99-74-37-100-63-40-89-7-28-88-76-29-65-45-12-60-52-68-92-94-71-23-69-80-25-55-81-97-58-21-38-9-77-24-64-34-66-17-33-57-78-31-50-35-70-20-98-75-18-49-59-73-30-95-22-5-96-13-48-4-46-14-93-91-87-84-26-47-15-53-3-43-62-36-79-27-85-42-90-16-11-67-51-6-44-41-19-61
Ta100x20,6,3,300,0.8875,0.1,9,2230609282,17000,6663,6437,6144,4.301519085,v2_avx512bw_vec32_exact_perm,56-82-83-86-26-9-98-2-39-20-8-33-37-12-92-55-69-16-29-58-65-74-71-7-89-81-72-23-45-28-52-10-99-48-27-76-1-38-88-50-3-77-40-51-78-94-68-66-70-32-97-75-21-30-35-14-91-100-31-84-15-18-4-63-34-87-80-46-62-96-60-13-36-5-64-24-61-17-49-67-85-43-79-25-59-53-22-73-44-11-95-6-47-42-93-57-90-41-19-54
Ta100x20,6,3,300,0.8875,0.1,10,2230610291,17000,6621,6437,6144,4.808923917,v2_avx512bw_vec32_exact_perm,56-83-86-88-39-72-8-76-82-26-12-32-65-7-20-10-37-9-2-28-33-89-75-14-80-21-81-98-55-92-91-52-34-99-94-58-68-23-71-3-40-16-30-69-97-78-66-1-57-22-60-45-50-70-38-64-18-13-77-87-4-48-49-25-59-100-24-31-5-15-36-43-35-84-29-46-17-67-85-93-53-27-47-74-79-6-73-96-90-11-62-63-51-42-44-54-95-41-19-61
Ta100x20,6,3,300,0.8875,0.125,1,2230601210,17000,6701,6437,6144,4.030998673,v2_avx512bw_vec32_exact_perm,56-39-86-20-8-32-99-12-50-100-82-69-65-37-88-28-21-60-66-1-52-43-57-7-81-33-2-31-58-38-29-89-83-74-94-48-14-71-16-77-30-78-97-40-76-47-10-80-92-72-87-98-9-93-23-34-25-55-79-13-53-64-27-45-75-35-96-70-91-5-6-4-26-59-18-63-73-17-42-49-15-84-22-3-36-95-90-62-41-85-54-46-24-44-68-51-61-67-19-11
Ta100x20,6,3,300,0.8875,0.125,2,2230602219,17000,6651,6437,6144,3.778458266,v2_avx512bw_vec32_exact_perm,56-39-86-88-82-83-26-65-20-1-52-37-32-89-12-2-8-7-75-27-78-24-98-68-21-33-57-40-100-9-31-69-94-66-71-92-84-14-97-38-28-76-23-48-79-17-25-80-77-99-35-72-58-74-81-53-59-85-6-43-50-55-29-60-91-96-16-5-36-4-10-3-87-34-46-45-11-64-15-13-93-49-30-51-62-47-67-70-22-95-18-90-42-73-54-44-63-41-19-61
Ta100x20,6,3,300,0.8875,0.125,3,2230603228,17000,6673,6437,6144,4.018444668,v2_avx512bw_vec32_exact_perm,56-83-86-82-37-9-39-20-32-80-69-26-2-81-7-12-92-99-21-98-72-1-8-97-55-16-94-58-38-28-70-34-23-33-27-65-45-78-10-48-75-68-53-89-52-50-40-60-25-100-63-91-95-35-3-15-57-87-24-96-17-84-14-31-88-18-66-22-49-77-59-13-29-64-76-42-6-73-30-90-74-71-5-79-11-44-43-4-46-93-41-54-36-47-85-51-62-67-19-61
Ta100x20,6,3,300,0.8875,0.125,4,2230604237,17000,6659,6437,6144,4.404470629,v2_avx512bw_vec32_exact_perm,56-86-33-88-83-82-8-39-12-26-43-37-69-7-1-78-99-72-80-100-28-76-2-25-32-9-30-60-55-34-74-65-63-10-16-70-81-92-23-14-89-87-50-71-91-94-57-4-38-52-5-31-97-98-59-53-40-66-75-58-20-48-24-64-51-45-3-79-27-29-84-68-49-6-61-18-17-36-42-77-73-62-13-15-96-35-21-47-95-22-46-85-41-90-93-44-54-67-19-11
Ta100x20,6,3,300,0.8875,0.125,5,2230605246,17000,6681,6437,6144,4.546126555,v2_avx512bw_vec32_exact_perm,56-86-88-39-8-83-98-1-20-82-30-32-89-2-68-25-100-37-69-12-78-16-65-76-14-80-34-99-81-28-57-72-33-38-23-92-10-35-52-27-60-75-84-40-79-9-26-55-7-97-45-58-66-70-13-50-74-15-22-77-93-63-31-3-43-48-94-91-51-67-87-53-85-46-17-5-73-4-21-96-29-36-90-49-42-62-64-59-24-18-6-71-11-47-44-54-95-41-19-61
Ta100x20,6,3,300,0.8875,0.125,6,2230606255,17000,6650,6437,6144,3.95137521,v2_avx512bw_vec32_exact_perm,56-39-8-83-86-88-1-9-32-100-20-65-25-82-89-63-26-55-98-74-60-2-37-7-72-38-69-80-4-31-45-33-92-71-48-99-16-12-14-78-97-58-28-10-76-75-23-52-24-30-46-79-96-42-81-66-94-34-91-64-67-3-27-35-84-15-40-22-49-18-17-68-51-87-77-73-21-50-53-29-70-44-11-13-43-85-93-36-57-62-5-47-6-59-54-90-95-41-19-61
Ta100x20,6,3,300,0.8875,0.125,7,2230607264,17000,6681,6437,6144,3.855213845,v2_avx512bw_vec32_exact_perm,56-86-83-72-32-20-88-2-82-1-100-37-54-12-92-43-66-99-16-8-28-94-89-52-26-9-69-7-31-80-76-39-24-71-25-98-65-38-60-34-74-78-55-40-53-70-45-33-17-10-57-87-58-23-29-13-97-75-85-48-21-18-77-5-14-27-63-68-35-84-59-36-15-64-4-6-91-90-46-11-49-51-95-22-81-42-96-47-44-62-3-30-73-93-67-79-50-41-19-61
Ta100x20,6,3,300,0.8875,0.125,8,2230608273,17000,6681,6437,6144,4.089565304,v2_avx512bw_vec32_exact_perm,56-86-88-39-8-1-12-21-99-7-83-98-82-32-37-20-69-81-72-26-33-66-78-38-100-3-52-89-28-16-29-10-27-71-75-92-55-25-80-45-2-9-68-74-76-94-57-48-14-87-23-65-15-31-34-58-85-30-60-97-54-40-5-35-77-24-84-96-50-43-53-59-49-64-13-22-46-44-4-51-91-6-93-17-73-63-42-62-67-70-79-95-90-18-36-11-47-41-19-61
Ta100x20,6,3,300,0.8875,0.125,9,2230609282,17000,6674,6437,6144,4.008153944,v2_avx512bw_vec32_exact_perm,56-86-30-88-83-82-1-43-99-39-2-12-33-72-8-69-65-7-52-28-32-80-20-9-89-26-14-91-66-16-76-100-37-25-92-81-74-10-94-34-64-23-57-40-47-71-55-68-50-60-75-97-77-78-48-98-53-59-18-49-63-45-70-3-51-87-35-85-58-24-11-13-67-38-17-5-27-62-96-44-21-22-79-31-46-93-84-4-41-36-42-15-29-6-73-90-54-95-19-61
Ta100x20,6,3,300,0.8875,0.125,10,2230610291,17000,6689,6437,6144,3.781326414,v2_avx512bw_vec32_exact_perm,56-86-88-82-83-26-30-39-43-32-55-69-52-97-1-21-12-89-98-74-37-8-34-10-16-20-29-80-99-70-92-58-25-40-81-45-9-35-65-23-71-94-72-87-14-68-76-100-7-48-4-75-5-13-91-33-31-64-28-96-15-24-47-66-2-3-78-57-17-27-77-62-84-22-49-11-95-60-53-36-46-85-38-44-41-42-90-6-51-50-79-73-18-59-93-67-54-63-19-61
Ta100x20,6,3,300,0.925,0.025,1,2230601210,17000,6601,6437,6144,4.034888846,v2_avx512bw_vec32_exact_perm,56-82-39-86-54-83-92-37-30-32-2-1-99-20-43-60-14-52-33-65-81-12-28-55-98-7-89-8-88-25-80-76-97-16-77-23-69-26-78-27-9-31-38-72-74-66-94-75-71-17-100-68-40-10-49-57-18-35-34-70-64-4-45-91-50-67-58-21-3-48-36-85-87-24-13-96-62-73-79-53-42-93-29-6-5-59-22-46-15-47-44-90-51-11-84-63-95-41-19-61
Ta100x20,6,3,300,0.925,0.025,2,2230602219,17000,6617,6437,6144,4.191721455,v2_avx512bw_vec32_exact_perm,56-83-86-39-98-20-82-30-12-43-1-99-88-89-69-8-2-37-40-52-29-66-94-65-3-10-92-14-23-74-75-72-55-32-33-28-38-60-17-71-7-25-31-100-76-80-91-78-97-68-81-77-57-70-26-84-15-53-49-59-9-35-96-13-34-16-64-11-58-24-45-87-18-48-27-85-73-36-95-50-4-46-51-42-41-79-62-5-6-22-47-67-44-21-90-93-54-63-19-61
Ta100x20,6,3,300,0.925,0.025,3,2230603228,17000,6588,6437,6144,4.116980376,v2_avx512bw_vec32_exact_perm,56-39-86-20-83-82-37-2-30-43-12-8-99-92-88-9-1-69-94-32-66-72-100-89-33-25-81-14-64-65-71-76-16-75-74-26-68-52-7-35-78-45-58-34-49-28-57-23-10-50-21-98-79-3-55-87-17-40-91-53-60-18-27-46-5-4-67-77-38-6-51-97-31-29-85-22-84-36-15-13-24-48-62-93-59-63-73-54-80-96-47-70-44-42-41-90-95-11-19-61
Ta100x20,6,3,300,0.925,0.025,4,2230604237,17000,6619,6437,6144,4.087099285,v2_avx512bw_vec32_exact_perm,56-86-88-83-39-72-8-99-82-20-1-43-12-76-80-69-37-34-25-55-29-78-100-60-2-32-65-7-28-89-16-57-33-26-54-10-23-58-40-81-13-14-94-38-74-9-31-66-71-59-49-52-84-27-15-91-97-3-68-92-48-21-24-35-45-75-77-50-98-85-22-87-17-70-62-5-36-30-18-51-46-73-53-42-93-96-4-79-64-63-44-11-6-90-47-67-95-41-19-61
Ta100x20,6,3,300,0.925,0.025,5,2230605246,17000,6655,6437,6144,3.823001419,v2_avx512bw_vec32_exact_perm,56-86-88-83-8-43-55-98-89-82-92-37-30-1-32-100-29-69-9-39-20-12-26-14-99-52-2-76-33-65-81-25-94-66-97-28-68-71-31-7-67-58-16-93-5-75-21-74-23-60-63-78-91-38-45-80-17-53-10-70-57-48-18-64-49-27-40-34-3-35-84-50-87-24-22-15-77-36-13-51-72-4-79-6-59-46-90-96-62-85-73-11-54-44-42-47-95-41-19-61
Ta100x20,6,3,300,0.925,0.025,6,2230606255,17000,6659,6437,6144,4.09408716,v2_avx512bw_vec32_exact_perm,56-86-88-83-8-39-82-9-12-33-32-99-98-20-89-69-72-1-100-55-25-28-2-40-65-37-7-92-66-23-68-26-76-27-81-29-10-64-4-30-5-57-43-74-78-38-3-52-71-60-45-34-84-17-13-97-16-14-87-63-80-48-77-94-58-49-15-21-61-50-59-75-53-70-24-18-22-85-31-93-96-73-91-35-36-42-79-46-44-47-90-62-6-67-51-41-19-54-95-11
Ta100x20,6,3,300,0.925,0.025,7,2230607264,17000,6681,6437,6144,4.193069242,v2_avx512bw_vec32_exact_perm,56-86-88-39-8-32-20-82-89-28-12-72-1-83-69-26-37-23-60-2-7-80-10-99-92-100-14-9-66-45-43-33-25-16-65-98-38-64-35-34-55-81-48-27-91-94-77-50-40-74-84-78-97-52-59-31-58-57-68-13-87-21-3-53-71-76-44-29-24-79-5-6-96-42-4-70-17-75-93-18-30-85-36-51-22-15-46-47-90-62-67-49-73-95-11-54-63-41-19-61
Ta100x20,6,3,300,0.925,0.025,8,2230608273,17000,6629,6437,6144,4.01777341,v2_avx512bw_vec32_exact_perm,56-83-86-20-2-37-12-8-82-88-39-26-72-43-89-7-98-76-28-80-32-99-38-66-9-74-94-69-65-1-23-81-33-14-100-45-16-68-58-25-92-71-4-55-10-52-31-13-40-34-3-97-77-15-60-84-67-27-87-18-24-75-22-85-78-30-63-36-50-35-96-17-49-91-64-57-46-53-44-21-48-59-70-47-5-62-90-54-73-93-29-79-42-11-6-51-41-95-19-61
Ta100x20,6,3,300,0.925,0.025,9,2230609282,17000,6641,6437,6144,4.207015239,v2_avx512bw_vec32_exact_perm,56-83-86-54-39-82-1-72-8-58-12-99-37-33-26-9-88-34-2-69-76-52-80-81-60-74-94-32-71-92-20-7-66-97-23-25-64-28-89-38-16-78-65-57-10-55-15-3-100-98-14-40-91-75-45-96-50-27-85-49-21-93-77-13-43-35-48-53-24-22-51-87-84-17-5-63-6-36-29-79-70-18-4-68-59-61-73-42-46-44-30-31-41-90-95-47-62-67-19-11
Ta100x20,6,3,300,0.925,0.025,10,2230610291,17000,6661,6437,6144,3.99538242,v2_avx512bw_vec32_exact_perm,56-86-88-83-82-9-20-65-8-32-39-69-2-12-34-76-37-98-80-57-26-92-89-38-94-7-97-33-72-78-74-71-91-84-45-66-100-23-1-10-99-68-28-58-52-55-14-30-95-81-60-64-75-47-40-48-79-25-24-63-11-16-31-5-36-87-13-43-27-21-49-62-96-35-17-77-15-85-46-44-53-22-50-70-73-18-59-42-93-6-4-67-90-41-29-3-51-54-19-61
Ta100x20,6,3,300,0.925,0.05,1,2230601210,17000,6603,6437,6144,3.904164982,v2_avx512bw_vec32_exact_perm,56-86-82-83-43-1-39-72-8-99-26-9-33-37-12-68-34-2-88-65-89-25-80-14-98-69-55-32-20-66-60-28-17-23-16-71-94-92-78-30-81-31-52-67-57-74-7-38-97-58-100-75-21-40-4-76-29-10-70-13-96-91-15-64-48-93-49-50-45-36-84-27-24-22-35-18-63-87-85-6-59-47-44-46-77-53-42-90-79-73-11-51-62-5-54-95-3-41-19-61
Ta100x20,6,3,300,0.925,0.05,2,2230602219,17000,6669,6437,6144,4.102038333,v2_avx512bw_vec32_exact_perm,56-83-86-37-20-33-39-8-54-1-72-26-12-9-14-78-99-2-82-10-92-27-66-32-69-16-21-98-65-55-52-31-68-94-29-60-79-28-100-34-63-76-80-81-23-7-25-48-88-58-40-5-36-96-89-71-38-4-15-57-64-91-13-45-49-87-17-3-84-24-22-59-73-75-53-85-97-43-77-90-74-30-35-93-18-70-62-42-50-11-51-46-44-6-47-67-95-41-19-61
Ta100x20,6,3,300,0.925,0.05,3,2230603228,17000,6661,6437,6144,3.851390112,v2_avx512bw_vec32_exact_perm,56-82-86-72-83-8-39-2-32-43-37-89-7-65-98-78-16-99-52-100-58-1-34-33-26-10-40-45-69-11-21-76-80-29-9-60-94-92-3-71-55-25-23-68-14-20-49-48-81-66-70-15-97-12-27-75-57-85-28-18-31-77-4-91-64-50-53-17-36-38-13-74-22-54-47-42-44-63-87-35-59-84-90-73-88-79-61-30-46-24-51-93-96-6-62-67-5-95-41-19
Ta100x20,6,3,300,0.925,0.05,4,2230604237,17000,6659,6437,6144,3.969472332,v2_avx512bw_vec32_exact_perm,56-86-39-82-9-83-98-32-37-92-30-99-2-1-94-97-16-43-8-20-14-89-69-100-33-12-29-72-10-81-76-28-65-23-57-60-38-64-25-66-34-7-45-55-74-79-21-52-75-63-71-70-80-78-27-31-49-17-91-3-35-48-84-18-77-68-50-13-96-40-87-24-53-46-73-59-51-85-22-93-15-36-88-95-6-4-62-58-42-11-47-26-54-5-90-67-44-41-19-61
Ta100x20,6,3,300,0.925,0.05,5,2230605246,17000,6632,6437,6144,3.969873441,v2_avx512bw_vec32_exact_perm,56-83-86-82-37-39-9-20-1-43-8-99-2-7-88-89-28-76-68-12-52-80-69-71-81-92-26-14-55-23-34-25-4-32-100-79-16-33-48-15-75-65-10-94-24-40-3-57-91-5-78-60-66-29-31-58-70-45-61-72-73-21-98-64-84-35-17-51-96-97-36-77-74-22-18-38-50-53-87-59-47-95-13-44-62-42-27-11-49-63-41-85-30-6-46-93-90-67-19-54
Ta100x20,6,3,300,0.925,0.05,6,2230606255,17000,6659,6437,6144,3.92195171,v2_avx512bw_vec32_exact_perm,56-83-86-82-39-9-98-20-37-2-8-100-72-99-92-26-10-89-32-28-58-38-88-1-97-55-25-60-76-68-16-23-12-69-34-65-94-75-80-7-14-71-81-27-13-52-70-33-78-66-45-64-24-48-63-84-31-57-18-15-73-41-40-35-30-74-50-47-91-87-5-4-36-77-67-3-62-79-53-59-46-44-21-96-93-49-43-85-51-17-54-42-6-29-22-90-11-95-19-61
Ta100x20,6,3,300,0.925,0.05,7,2230607264,17000,6660,6437,6144,3.789974112,v2_avx512bw_vec32_exact_perm,56-86-88-39-82-72-83-12-8-37-2-98-26-9-32-65-74-7-10-80-76-69-16-38-68-100-1-34-57-25-99-33-89-52-20-66-94-92-81-91-97-27-64-21-49-14-4-63-55-40-78-28-87-75-58-13-23-48-84-71-53-5-17-77-3-15-36-45-29-70-59-31-35-43-96-6-44-85-30-18-51-67-93-73-60-95-62-22-47-79-46-90-24-54-11-42-50-41-19-61
Ta100x20,6,3,300,0.925,0.05,8,2230608273,17000,6653,6437,6144,3.894203554,v2_avx512bw_vec32_exact_perm,56-86-88-83-82-39-30-32-12-33-72-37-34-89-8-98-78-99-69-100-1-43-20-66-52-65-7-16-27-2-80-29-45-10-28-55-38-58-4-64-60-74-47-50-71-97-92-76-59-75-77-31-94-68-25-26-9-51-14-53-23-40-49-13-70-87-17-15-24-62-57-21-48-96-35-81-84-6-3-85-5-91-22-18-44-67-42-73-79-46-36-93-63-90-54-95-11-41-19-61
Ta100x20,6,3,300,0.925,0.05,9,2230609282,17000,6659,6437,6144,3.869348963,v2_avx512bw_vec32_exact_perm,56-86-88-83-8-39-82-1-43-12-98-32-25-30-100-37-99-2-20-26-9-65-16-92-66-78-28-7-76-69-77-94-72-14-55-33-45-29-60-64-68-89-81-75-23-27-10-52-57-4-35-34-80-40-58-97-31-5-70-96-21-74-87-71-17-62-3-24-46-36-85-15-11-13-91-22-84-6-48-44-63-50-49-59-53-18-73-42-47-38-79-90-51-93-67-54-95-41-19-61
Ta100x20,6,3,300,0.925,0.05,10,2230610291,17000,6628,6437,6144,3.892565195,v2_avx512bw_vec32_exact_perm,56-86-83-2-82-9-20-26-39-8-32-30-12-37-34-65-69-81-38-33-99-94-98-89-7-66-88-72-58-80-71-23-92-1-25-16-68-76-45-52-70-3-74-18-100-14-57-10-11-60-78-4-91-28-27-75-64-53-5-97-31-40-36-24-48-21-51-42-17-55-84-63-15-87-13-44-35-79-96-43-50-49-29-93-77-6-59-47-62-41-46-22-85-90-67-73-19-54-95-61
Ta100x20,6,3,300,0.925,0.075,1,2230601210,17000,6679,6437,6144,4.589931672,v2_avx512bw_vec32_exact_perm,56-39-8-86-30-83-82-99-20-10-37-27-100-98-92-89-12-71-7-9-21-69-4-1-43-50-72-78-32-66-48-14-23-60-97-40-26-33-75-76-34-55-2-94-16-58-25-81-91-49-74-3-70-53-15-52-28-31-38-80-77-35-13-24-29-18-84-17-45-73-64-59-68-65-57-96-90-85-11-87-79-41-42-6-5-63-67-46-93-22-47-19-62-88-44-36-51-54-95-61
Ta100x20,6,3,300,0.925,0.075,2,2230602219,17000,6673,6437,6144,4.455911393,v2_avx512bw_vec32_exact_perm,56-83-86-37-39-20-28-69-89-88-8-9-78-82-26-100-98-60-12-1-99-25-33-92-21-55-94-43-2-7-23-76-65-16-34-66-57-80-58-68-81-45-74-14-52-48-38-72-63-97-4-31-71-32-5-40-91-64-53-50-75-87-17-79-35-84-51-67-73-77-62-30-46-24-70-3-10-85-27-15-29-22-36-47-93-13-96-54-49-18-59-95-44-11-6-90-42-41-19-61
Ta100x20,6,3,300,0.925,0.075,3,2230603228,17000,6641,6437,6144,4.631270161,v2_avx512bw_vec32_exact_perm,56-86-88-83-76-39-43-8-82-12-99-7-20-1-9-72-2-33-37-14-89-29-68-26-97-60-38-98-100-69-36-81-28-92-27-55-65-78-16-66-23-10-15-80-52-74-71-4-57-75-53-64-63-34-3-79-40-31-94-25-91-77-5-48-49-22-85-21-67-50-35-84-24-17-73-87-32-62-70-96-13-51-58-93-47-6-59-54-18-90-42-45-46-30-95-11-41-44-19-61
Ta100x20,6,3,300,0.925,0.075,4,2230604237,17000,6664,6437,6144,4.360852722,v2_avx512bw_vec32_exact_perm,56-83-86-26-82-74-9-32-65-88-39-1-37-100-28-2-92-69-12-81-43-4-98-45-8-72-99-89-60-33-80-71-16-78-75-20-76-97-25-34-91-48-10-7-68-55-66-57-11-31-38-14-52-94-58-64-49-18-23-87-63-40-77-15-73-50-21-84-13-35-96-24-79-44-22-29-30-53-36-85-5-95-46-3-41-59-93-54-6-51-17-42-27-70-47-90-62-67-19-61
Ta100x20,6,3,300,0.925,0.075,5,2230605246,17000,6688,6437,6144,4.497448863,v2_avx512bw_vec32_exact_perm,56-86-39-82-9-20-83-89-98-8-3-99-69-12-33-2-37-16-92-66-38-34-58-55-71-52-94-21-75-30-7-23-32-1-28-80-59-25-31-76-77-88-68-29-49-65-10-13-14-81-78-26-64-53-87-57-72-17-84-97-5-60-91-95-27-96-6-45-100-18-74-54-40-15-43-36-62-4-35-22-73-24-46-90-50-47-67-51-79-85-48-70-93-11-63-41-42-44-19-61
Ta100x20,6,3,300,0.925,0.075,6,2230606255,17000,6668,6437,6144,4.478240264,v2_avx512bw_vec32_exact_perm,56-86-83-98-20-82-37-39-92-88-2-72-99-9-65-55-74-89-7-38-63-68-71-45-97-69-14-12-32-52-48-94-21-80-81-1-28-8-64-57-78-96-100-33-76-29-17-58-3-66-85-34-15-26-23-91-25-24-31-77-84-60-53-73-75-40-10-4-59-13-30-27-87-93-18-16-36-49-6-43-46-35-44-22-51-70-42-11-90-62-50-54-79-5-67-47-95-41-19-61
Ta100x20,6,3,300,0.925,0.075,7,2230607264,17000,6634,6437,6144,4.100487694,v2_avx512bw_vec32_exact_perm,56-82-39-86-20-8-32-1-88-37-99-12-34-89-10-83-2-76-68-97-29-65-94-14-81-72-100-98-16-69-52-80-92-26-28-38-66-3-23-55-59-91-25-40-58-64-33-4-30-35-9-43-73-78-31-71-7-13-77-87-24-63-17-22-49-67-85-70-60-53-21-75-18-36-48-15-84-50-74-57-44-47-5-93-62-46-6-41-95-11-96-42-51-79-45-90-54-27-19-61
Ta100x20,6,3,300,0.925,0.075,8,2230608273,17000,6676,6437,6144,4.270472092,v2_avx512bw_vec32_exact_perm,56-86-88-82-83-20-89-8-43-30-99-2-39-12-37-28-7-26-29-76-92-97-52-40-1-33-34-81-94-65-14-32-78-55-27-72-23-60-13-66-16-85-9-100-75-98-25-21-38-80-67-53-87-45-3-58-17-18-4-36-10-71-49-22-5-68-57-91-48-35-77-31-6-59-50-47-64-42-24-84-79-74-93-96-44-15-62-41-69-70-46-63-73-11-90-51-54-95-19-61
Ta100x20,6,3,300,0.925,0.075,9,2230609282,17000,6625,6437,6144,4.418256154,v2_avx512bw_vec32_exact_perm,56-86-39-72-82-83-98-26-9-20-69-76-2-12-8-37-7-88-89-99-66-32-1-43-25-33-60-52-94-92-71-16-30-78-21-58-57-97-34-49-14-65-10-55-48-95-100-75-74-28-41-40-80-35-91-31-85-27-84-77-38-23-44-53-64-70-17-24-45-96-46-3-68-79-81-51-87-18-29-11-36-93-67-22-73-15-13-4-47-63-42-59-50-62-6-90-54-5-19-61
Ta100x20,6,3,300,0.925,0.075,10,2230610291,17000,6681,6437,6144,4.268775205,v2_avx512bw_vec32_exact_perm,56-86-88-39-8-32-9-89-83-69-82-34-99-1-45-92-20-33-12-28-76-78-37-52-68-43-98-65-55-23-16-25-7-21-14-4-58-53-40-75-74-94-64-81-63-72-70-66-100-17-2-18-49-71-57-60-96-87-31-46-27-10-38-84-97-48-79-26-3-29-51-77-62-13-80-5-30-93-91-35-15-6-22-36-85-24-50-73-67-42-11-47-90-59-44-41-54-95-19-61
Ta100x20,6,3,300,0.925,0.1,1,2230601210,17000,6671,6437,6144,3.988988435,v2_avx512bw_vec32_exact_perm,56-39-86-82-83-8-88-32-89-7-37-20-25-33-74-93-1-43-23-12-16-65-69-94-68-2-34-76-52-49-58-99-14-81-26-66-9-100-27-78-45-28-84-98-91-60-57-10-80-30-40-92-77-55-17-53-48-70-75-72-29-31-79-64-3-44-5-96-97-59-63-87-13-4-73-62-47-15-71-42-18-35-24-38-50-51-46-36-41-21-54-85-11-95-22-67-90-6-19-61
Ta100x20,6,3,300,0.925,0.1,2,2230602219,17000,6683,6437,6144,4.009038625,v2_avx512bw_vec32_exact_perm,56-86-54-83-39-43-78-82-76-10-37-2-8-26-89-29-99-7-9-12-98-20-92-27-81-65-52-94-74-69-66-100-55-28-32-1-80-14-97-34-33-35-68-3-38-91-58-23-21-84-25-45-72-75-57-85-79-40-60-16-71-87-24-64-67-5-93-48-50-31-77-96-53-36-88-73-17-15-13-44-41-70-47-63-4-22-30-90-51-18-49-62-42-59-46-11-95-6-19-61
Ta100x20,6,3,300,0.925,0.1,3,2230603228,17000,6676,6437,6144,3.950455814,v2_avx512bw_vec32_exact_perm,56-83-86-82-39-8-88-9-20-99-1-100-37-25-38-2-92-55-14-98-89-52-65-71-31-69-26-66-32-54-70-60-81-29-94-7-58-10-48-3-57-78-40-23-33-27-96-80-76-91-74-75-64-24-72-97-85-12-34-50-68-87-35-28-13-5-30-77-36-16-67-21-17-45-4-46-49-59-79-53-22-6-73-42-18-15-51-63-84-95-93-11-90-43-47-44-19-41-62-61
Ta100x20,6,3,300,0.925,0.1,4,2230604237,17000,6679,6437,6144,3.948455949,v2_avx512bw_vec32_exact_perm,56-86-39-72-32-8-99-43-30-76-83-31-98-10-69-100-37-82-20-81-65-1-16-9-34-57-80-92-23-2-89-60-71-78-33-66-52-91-3-26-28-12-7-13-45-55-88-58-47-25-64-63-40-14-15-94-49-24-38-50-70-96-97-22-84-4-48-87-35-21-44-75-5-27-18-36-95-46-79-85-11-53-42-17-74-62-77-73-6-59-41-90-68-29-54-93-51-67-19-61
Ta100x20,6,3,300,0.925,0.1,5,2230605246,17000,6655,6437,6144,4.144763281,v2_avx512bw_vec32_exact_perm,56-83-86-39-37-82-9-30-2-99-88-92-89-7-76-71-40-20-81-45-8-98-69-14-65-50-32-12-94-66-72-68-26-55-75-1-13-52-100-58-77-10-29-80-35-23-34-33-25-38-15-97-24-3-47-74-4-64-28-48-53-70-63-87-16-78-5-17-36-91-67-60-11-31-57-85-79-27-96-46-6-22-59-49-44-18-93-84-73-21-90-51-43-42-62-54-95-41-19-61
Ta100x20,6,3,300,0.925,0.1,6,2230606255,17000,6680,6437,6144,4.599803007,v2_avx512bw_vec32_exact_perm,56-86-88-20-83-8-39-82-43-1-33-32-37-2-28-12-99-29-100-10-55-92-59-76-79-72-97-78-69-60-71-9-98-23-7-53-89-14-38-84-16-65-64-25-40-75-94-15-27-30-81-18-74-34-13-52-80-57-5-21-50-17-31-66-87-91-3-24-63-77-85-26-68-6-67-35-58-73-70-96-48-49-93-22-44-41-36-47-4-51-42-46-62-11-90-45-54-95-19-61
Ta100x20,6,3,300,0.925,0.1,7,2230607264,17000,6695,6437,6144,4.648346828,v2_avx512bw_vec32_exact_perm,56-86-88-83-39-82-9-32-72-2-8-89-69-65-37-7-34-1-38-16-76-30-33-80-71-98-81-20-47-23-12-99-60-49-25-43-94-63-92-74-57-68-70-28-15-78-100-29-55-31-66-77-97-3-21-91-45-6-85-13-14-75-52-84-58-96-26-17-24-41-40-64-62-44-79-87-48-51-27-35-36-10-53-59-73-5-22-50-4-11-46-18-90-67-54-42-93-95-19-61
Ta100x20,6,3,300,0.925,0.1,8,2230608273,17000,6701,6437,6144,4.248999667,v2_avx512bw_vec32_exact_perm,56-86-88-39-76-8-20-83-55-34-89-82-37-7-99-28-68-2-80-27-69-74-9-65-66-92-52-94-100-48-25-26-12-4-16-43-98-30-71-23-38-72-81-60-1-33-87-32-78-75-50-93-57-96-58-10-79-17-40-84-14-5-13-21-35-70-53-42-11-36-24-97-59-29-3-51-18-49-15-73-31-6-91-45-62-95-22-46-85-47-77-63-67-41-64-90-54-44-19-61
Ta100x20,6,3,300,0.925,0.1,9,2230609282,17000,6707,6437,6144,4.566242822,v2_avx512bw_vec32_exact_perm,56-39-86-83-100-82-7-88-76-63-2-99-89-65-12-8-69-74-19-1-33-81-92-9-37-10-34-94-55-64-72-98-32-23-60-80-71-3-27-78-52-97-40-68-66-28-75-25-59-47-31-45-58-57-38-77-48-70-49-62-17-18-5-35-53-21-50-43-24-84-13-93-79-30-96-15-4-87-16-36-14-73-90-42-26-67-41-91-22-85-44-46-6-29-20-11-51-54-95-61
Ta100x20,6,3,300,0.925,0.1,10,2230610291,17000,6676,6437,6144,4.527826756,v2_avx512bw_vec32_exact_perm,56-86-39-82-83-1-72-7-37-88-2-9-89-43-16-31-69-21-33-12-8-92-14-23-81-25-65-52-98-20-79-55-30-58-40-27-94-66-63-57-38-48-22-78-50-32-71-4-34-80-26-29-49-35-100-76-10-47-97-61-75-64-96-59-60-74-28-68-45-77-13-87-17-53-41-6-84-36-70-5-44-91-99-85-3-18-67-24-73-95-51-93-42-46-19-15-62-90-54-11
Ta100x20,6,3,300,0.925,0.125,1,2230601210,17000,6703,6437,6144,4.295386131,v2_avx512bw_vec32_exact_perm,56-39-8-82-86-72-83-30-9-99-68-89-7-2-63-26-45-66-64-37-3-60-52-28-65-32-88-47-78-33-69-98-27-12-81-16-23-92-35-93-71-25-70-1-58-53-76-51-40-75-74-4-94-24-97-10-80-67-38-29-48-91-31-21-73-84-36-14-79-34-55-87-100-17-62-77-49-46-59-5-43-22-15-50-18-11-57-13-85-6-42-20-90-44-96-95-54-41-19-61
Ta100x20,6,3,300,0.925,0.125,2,2230602219,17000,6666,6437,6144,4.288021471,v2_avx512bw_vec32_exact_perm,56-39-8-86-82-9-63-83-92-99-2-65-20-1-32-43-7-37-89-52-28-12-80-30-45-71-64-4-25-68-48-78-27-14-75-66-72-33-76-10-55-16-100-69-29-38-31-26-70-60-94-84-58-81-57-77-49-35-23-34-21-17-97-46-53-40-24-13-50-87-96-5-51-18-54-42-59-98-73-95-85-79-22-91-15-67-90-74-88-11-44-6-36-3-41-93-47-62-19-61
Ta100x20,6,3,300,0.925,0.125,3,2230603228,17000,6676,6437,6144,4.40460421,v2_avx512bw_vec32_exact_perm,56-39-86-83-98-99-82-20-12-65-7-25-100-37-32-52-9-30-26-14-89-33-55-97-1-28-16-72-76-92-88-60-34-78-21-68-49-71-3-58-27-74-31-80-77-75-35-23-63-66-43-24-10-17-5-57-13-69-94-2-50-8-4-40-11-29-38-81-59-47-53-22-87-64-18-48-96-85-45-95-73-6-91-15-46-51-93-36-79-41-62-84-70-90-54-42-67-44-19-61
Ta100x20,6,3,300,0.925,0.125,4,2230604237,17000,6614,6437,6144,4.721941458,v2_avx512bw_vec32_exact_perm,56-86-33-83-98-82-39-20-40-37-30-88-38-92-2-8-1-99-72-69-71-55-89-34-16-32-60-100-75-45-63-52-26-31-66-9-65-80-91-78-76-14-23-12-7-58-27-94-28-4-68-74-35-48-3-22-29-25-97-70-64-10-53-49-17-77-43-50-67-79-44-81-96-87-6-18-84-13-51-15-59-57-24-5-93-62-54-36-85-21-46-95-47-42-11-90-73-41-19-61
Ta100x20,6,3,300,0.925,0.125,5,2230605246,17000,6644,6437,6144,4.891523399,v2_avx512bw_vec32_exact_perm,56-83-86-32-39-20-88-1-28-100-2-92-99-82-65-98-21-37-16-12-74-97-63-78-69-60-52-34-8-7-25-72-80-38-55-23-33-71-9-45-76-58-94-3-66-81-10-87-18-13-43-57-64-68-67-49-70-35-75-5-96-4-14-59-89-26-62-17-84-85-27-31-77-54-48-24-40-50-53-93-91-46-44-73-79-47-42-15-61-90-36-30-22-41-51-29-95-6-11-19
Ta100x20,6,3,300,0.925,0.125,6,2230606255,17000,6621,6437,6144,3.930746052,v2_avx512bw_vec32_exact_perm,56-83-86-39-43-55-82-2-7-37-32-33-12-8-20-23-99-9-10-92-98-76-45-89-52-95-16-65-34-26-80-30-13-68-71-88-1-81-38-66-94-100-72-58-25-74-79-70-27-75-4-31-15-48-87-24-78-47-28-64-57-60-97-53-96-35-14-85-3-40-91-73-18-84-17-69-29-77-21-63-11-36-44-22-6-62-42-51-93-46-49-67-90-59-54-50-5-41-19-61
Ta100x20,6,3,300,0.925,0.125,7,2230607264,17000,6670,6437,6144,3.981421184,v2_avx512bw_vec32_exact_perm,56-86-83-54-33-39-8-12-98-43-88-1-99-60-69-20-89-82-94-28-65-66-52-37-92-55-25-7-80-32-79-71-78-21-29-81-27-74-58-16-48-38-100-64-76-9-14-72-5-97-4-2-23-26-45-34-50-3-40-30-91-84-24-31-77-57-59-35-10-36-75-85-13-70-63-18-17-87-22-73-68-42-44-93-96-46-49-62-15-6-67-51-90-53-11-47-95-41-19-61
Ta100x20,6,3,300,0.925,0.125,8,2230608273,17000,6762,6437,6144,3.959812082,v2_avx512bw_vec32_exact_perm,56-82-1-86-88-83-37-9-33-63-39-8-94-54-2-92-98-7-70-21-34-99-65-89-100-32-78-13-29-52-20-12-4-25-23-24-68-45-26-38-72-17-16-71-58-40-81-55-10-18-85-97-28-84-76-66-22-46-3-75-80-73-77-67-48-53-49-5-96-69-60-93-57-6-91-27-87-59-43-90-62-36-30-74-31-44-14-79-11-15-95-50-51-35-42-64-47-19-41-61
Ta100x20,6,3,300,0.925,0.125,9,2230609282,17000,6706,6437,6144,3.973036832,v2_avx512bw_vec32_exact_perm,56-86-83-82-88-39-98-72-20-92-37-26-80-7-52-33-99-69-1-12-100-95-32-65-9-57-10-8-16-94-30-74-97-89-71-75-64-66-91-25-21-70-23-81-77-31-34-28-60-55-58-40-76-68-85-59-3-24-2-84-29-14-35-38-50-17-4-87-22-6-27-36-18-96-93-44-46-53-13-45-43-48-49-62-78-63-73-51-11-54-15-42-90-79-67-5-47-41-19-61
Ta100x20,6,3,300,0.925,0.125,10,2230610291,17000,6686,6437,6144,3.801676203,v2_avx512bw_vec32_exact_perm,56-86-30-88-39-92-83-98-82-72-20-26-89-100-1-69-76-10-37-34-9-27-75-52-49-2-60-99-63-33-12-8-43-46-78-80-23-57-32-66-7-40-25-94-58-4-35-64-81-28-53-71-55-31-74-14-16-38-29-13-68-87-17-21-84-70-97-77-96-65-79-48-90-36-45-73-62-47-24-5-18-15-3-91-67-22-93-50-54-11-95-85-6-59-51-42-44-41-19-61
Ta100x20,6,3,300,0.9625,0.025,1,2230601210,17000,6651,6437,6144,3.969051323,v2_avx512bw_vec32_exact_perm,56-86-82-88-83-39-8-37-32-99-20-65-21-16-89-2-92-69-81-26-7-52-80-34-1-28-38-12-33-30-29-100-78-58-27-40-94-98-55-66-60-45-97-23-48-9-63-14-72-71-75-15-10-84-53-17-76-25-49-57-70-35-43-77-31-68-13-3-96-79-85-87-91-73-67-18-64-4-42-44-24-46-59-5-62-51-6-74-50-61-90-93-22-36-47-54-95-41-19-11
Ta100x20,6,3,300,0.9625,0.025,2,2230602219,17000,6626,6437,6144,4.179217743,v2_avx512bw_vec32_exact_perm,56-83-86-39-82-9-1-2-32-20-55-98-12-23-72-8-33-45-37-10-89-63-74-92-71-40-69-94-99-66-7-34-80-68-60-31-57-27-38-100-29-48-97-52-14-76-78-21-81-58-65-26-16-64-28-53-75-35-25-87-4-24-22-67-49-17-90-73-43-13-77-84-3-42-5-91-70-46-62-93-47-54-96-6-50-30-15-51-18-59-85-44-79-36-11-88-95-41-19-61
Ta100x20,6,3,300,0.9625,0.025,3,2230603228,17000,6628,6437,6144,4.322545053,v2_avx512bw_vec32_exact_perm,56-86-83-82-37-9-2-39-32-98-20-12-65-72-43-81-89-7-8-69-16-99-1-76-66-26-88-94-52-29-33-92-14-25-55-30-100-70-28-78-4-10-80-34-31-60-71-68-57-23-64-40-97-3-48-35-21-75-77-58-38-87-24-17-96-50-84-49-13-5-15-27-6-74-91-93-46-22-53-59-73-45-42-44-95-85-90-47-62-36-18-67-54-79-51-11-63-41-19-61
Ta100x20,6,3,300,0.9625,0.025,4,2230604237,17000,6628,6437,6144,3.992718346,v2_avx512bw_vec32_exact_perm,56-39-86-20-83-82-8-88-37-12-33-9-65-98-89-2-26-81-34-69-63-76-60-23-1-99-68-94-25-16-32-100-10-72-52-14-80-30-71-7-97-38-75-92-58-28-78-13-55-27-50-87-64-3-45-66-59-57-85-77-49-73-21-67-31-40-43-4-62-35-74-96-18-15-17-91-24-6-48-84-46-70-29-93-36-42-53-90-11-79-22-51-5-44-47-54-95-41-19-61
Ta100x20,6,3,300,0.9625,0.025,5,2230605246,17000,6629,6437,6144,4.069255726,v2_avx512bw_vec32_exact_perm,56-86-88-83-82-26-32-20-92-72-39-37-21-76-1-68-66-74-65-9-89-69-8-99-34-52-55-2-33-29-10-60-25-12-53-7-27-75-28-23-78-100-81-70-80-58-98-71-97-38-48-13-43-45-40-49-77-16-35-94-79-3-62-14-87-50-11-63-24-64-31-59-96-44-42-67-47-85-22-4-17-18-91-84-73-30-15-6-93-51-46-36-95-90-54-57-5-41-19-61
Ta100x20,6,3,300,0.9625,0.025,6,2230606255,17000,6681,6437,6144,4.016836959,v2_avx512bw_vec32_exact_perm,56-86-88-39-8-26-9-98-20-83-89-32-82-2-12-69-37-64-76-14-33-78-65-72-10-29-7-99-80-81-52-60-92-34-55-23-25-97-16-45-68-57-100-1-74-53-58-48-28-21-35-94-49-38-40-3-71-27-66-84-13-96-77-85-50-43-59-31-62-75-42-17-51-70-87-73-15-24-63-22-79-18-46-44-30-11-90-47-6-4-36-91-5-67-93-54-95-41-19-61
Ta100x20,6,3,300,0.9625,0.025,7,2230607264,17000,6703,6437,6144,3.967708477,v2_avx512bw_vec32_exact_perm,56-39-86-20-8-37-98-83-89-54-72-82-92-99-69-12-2-10-55-52-26-58-79-63-14-1-40-94-33-9-75-43-60-22-7-66-45-25-76-29-4-3-100-71-59-65-28-78-57-32-21-35-16-23-80-64-31-97-81-49-68-51-38-53-15-50-47-87-24-91-34-61-13-70-17-5-84-48-36-42-27-77-73-85-46-90-41-74-96-6-30-44-93-95-88-18-62-67-19-11
Ta100x20,6,3,300,0.9625,0.025,8,2230608273,17000,6628,6437,6144,4.113450986,v2_avx512bw_vec32_exact_perm,56-39-8-86-99-83-82-43-88-89-1-7-65-74-37-10-54-14-92-94-72-25-80-75-12-100-55-26-69-66-30-27-2-76-38-81-57-29-33-34-9-97-20-31-60-40-78-63-16-71-52-24-4-13-28-73-64-23-84-21-15-32-98-85-35-48-58-51-3-68-59-47-87-45-77-46-53-17-50-49-93-22-6-91-70-96-90-36-18-42-95-62-5-67-79-11-44-41-19-61
Ta100x20,6,3,300,0.9625,0.025,9,2230609282,17000,6654,6437,6144,3.984314101,v2_avx512bw_vec32_exact_perm,56-83-86-26-39-82-88-9-20-89-1-99-92-27-52-8-16-28-2-100-98-80-3-32-69-60-40-68-33-34-55-23-58-78-48-12-7-14-81-25-75-30-43-45-79-76-94-49-37-97-71-57-38-74-66-65-96-91-77-72-5-84-35-10-64-63-24-31-70-15-17-21-62-50-51-46-22-13-85-6-44-41-36-61-87-29-42-53-93-59-47-90-95-18-4-54-67-73-19-11
Ta100x20,6,3,300,0.9625,0.025,10,2230610291,17000,6626,6437,6144,4.162244143,v2_avx512bw_vec32_exact_perm,56-83-86-82-39-8-88-9-1-37-20-43-55-81-99-32-69-2-60-89-92-7-71-52-65-98-23-63-68-26-78-33-10-38-25-94-100-28-72-16-14-4-75-76-91-12-31-66-58-21-97-35-50-70-34-49-48-57-13-64-67-45-5-3-40-22-27-80-77-85-62-30-17-6-24-47-87-29-53-93-96-74-79-46-84-36-15-18-11-42-51-59-73-90-54-44-19-41-95-61
Ta100x20,6,3,300,0.9625,0.05,1,2230601210,17000,6662,6437,6144,4.045083618,v2_avx512bw_vec32_exact_perm,56-82-86-39-21-37-54-8-83-98-89-43-12-65-26-28-9-99-1-80-2-32-7-40-33-92-94-97-55-29-60-76-87-16-100-5-63-13-34-23-10-48-24-49-72-78-71-81-31-25-22-27-38-4-66-75-14-64-45-58-52-77-68-57-3-69-53-84-74-20-91-61-15-50-35-96-17-30-70-47-85-79-51-73-93-18-36-59-46-88-44-62-67-42-90-6-95-41-19-11
Ta100x20,6,3,300,0.9625,0.05,2,2230602219,17000,6684,6437,6144,4.111677558,v2_avx512bw_vec32_exact_perm,56-86-54-83-8-39-82-88-37-1-32-28-78-38-89-7-27-76-2-33-68-98-72-12-66-100-79-94-16-81-99-14-65-9-74-30-10-52-92-34-45-43-26-23-4-80-75-71-13-48-40-91-77-24-3-64-29-60-49-25-55-93-58-87-31-96-22-57-73-11-5-51-50-69-21-17-70-18-35-63-85-53-97-15-36-46-59-62-44-84-47-67-20-6-90-42-95-41-19-61
Ta100x20,6,3,300,0.9625,0.05,3,2230603228,17000,6616,6437,6144,4.120418357,v2_avx512bw_vec32_exact_perm,56-39-8-86-32-83-2-28-76-82-99-98-100-9-88-1-20-37-68-92-55-89-69-30-33-14-25-94-16-71-10-80-3-12-65-78-7-34-29-31-24-45-58-52-43-38-40-64-81-67-66-17-72-23-75-60-87-50-77-97-48-96-49-35-15-27-21-4-26-57-73-79-22-74-93-36-18-13-63-62-85-84-5-59-53-46-70-6-91-44-47-42-90-11-51-54-95-41-19-61
Ta100x20,6,3,300,0.9625,0.05,4,2230604237,17000,6657,6437,6144,4.413631859,v2_avx512bw_vec32_exact_perm,56-86-88-83-8-39-72-92-1-99-9-32-69-82-7-26-100-89-2-37-71-78-10-23-98-40-28-76-33-94-38-52-80-66-58-55-67-25-74-68-48-21-27-50-65-75-79-12-5-34-16-3-60-31-14-13-57-91-70-43-4-87-85-49-15-97-18-84-24-30-46-63-59-45-47-22-35-81-17-53-51-36-96-64-42-90-6-62-93-77-73-11-29-20-44-54-95-41-19-61
Ta100x20,6,3,300,0.9625,0.05,5,2230605246,17000,6636,6437,6144,4.331970219,v2_avx512bw_vec32_exact_perm,56-83-86-2-82-39-20-26-37-30-100-72-63-12-28-65-88-40-99-32-66-52-33-34-80-1-9-10-91-89-16-23-3-68-92-45-25-55-64-58-8-14-47-24-75-48-79-27-38-35-94-96-98-81-97-76-60-49-69-71-22-57-74-87-17-53-85-29-77-78-13-84-70-5-50-31-7-15-43-46-6-59-11-42-44-41-90-73-51-21-62-18-4-67-36-54-93-95-19-61
Ta100x20,6,3,300,0.9625,0.05,6,2230606255,17000,6644,6437,6144,4.458534567,v2_avx512bw_vec32_exact_perm,56-83-86-88-39-8-82-37-10-98-26-32-89-100-9-20-16-14-69-33-92-1-99-75-65-72-7-78-66-71-50-2-38-52-3-12-28-30-81-70-48-80-35-25-58-40-68-45-91-57-76-74-60-97-17-84-49-27-63-31-34-55-64-77-94-5-96-24-4-6-42-13-85-15-43-53-67-87-73-46-23-21-51-90-18-93-95-22-62-36-41-59-44-54-29-79-11-47-19-61
Ta100x20,6,3,300,0.9625,0.05,7,2230607264,17000,6640,6437,6144,4.501988925,v2_avx512bw_vec32_exact_perm,56-39-8-86-88-83-37-9-89-82-54-92-26-1-32-33-94-52-28-12-65-43-10-7-99-16-31-2-80-58-78-72-66-71-55-98-38-22-76-34-85-14-69-97-25-77-3-53-75-23-17-45-81-27-64-36-49-5-60-57-100-74-46-68-35-59-13-44-40-96-50-91-4-84-18-30-70-87-48-93-21-90-79-24-6-63-11-42-73-51-20-95-15-47-62-67-29-41-19-61
Ta100x20,6,3,300,0.9625,0.05,8,2230608273,17000,6671,6437,6144,4.35291287,v2_avx512bw_vec32_exact_perm,56-83-86-54-82-39-8-1-32-88-2-26-16-9-89-69-76-71-99-7-97-92-34-12-37-78-14-75-33-30-81-74-98-13-52-80-43-100-65-45-91-94-28-55-60-66-3-23-25-68-15-38-31-77-48-79-72-20-96-4-70-24-57-87-10-64-21-50-17-58-40-53-84-73-29-35-11-63-27-36-85-49-59-18-42-6-51-93-22-95-47-62-90-46-5-67-44-41-19-61
Ta100x20,6,3,300,0.9625,0.05,9,2230609282,17000,6660,6437,6144,4.508608737,v2_avx512bw_vec32_exact_perm,56-86-88-39-20-83-37-82-8-30-38-99-12-28-89-33-26-69-55-34-1-92-81-72-9-98-40-80-2-29-78-27-100-7-94-58-45-16-23-60-32-14-3-65-76-71-25-68-75-66-47-31-10-87-93-91-52-77-50-85-53-49-41-57-64-42-74-63-44-24-22-97-84-21-13-17-59-54-48-73-15-51-18-36-96-4-70-6-5-62-95-79-35-43-46-11-90-67-19-61
Ta100x20,6,3,300,0.9625,0.05,10,2230610291,17000,6667,6437,6144,4.597336656,v2_avx512bw_vec32_exact_perm,56-39-86-20-83-82-2-37-12-14-9-98-72-1-30-65-3-68-81-92-8-66-99-40-52-69-10-88-71-33-57-34-55-25-7-100-32-89-58-45-60-74-16-76-94-28-63-23-97-75-64-80-78-35-13-43-77-29-6-36-53-67-27-91-49-85-5-48-22-73-87-96-31-50-15-26-24-93-4-38-21-59-79-62-17-90-84-70-18-54-46-51-11-47-44-42-95-41-19-61
Ta100x20,6,3,300,0.9625,0.075,1,2230601210,17000,6690,6437,6144,4.054185765,v2_avx512bw_vec32_exact_perm,56-39-86-54-83-8-37-30-32-12-43-2-33-99-89-7-28-82-1-66-9-98-40-94-72-25-100-80-88-92-76-57-68-14-52-74-81-69-55-10-23-45-15-60-65-13-71-70-17-34-16-24-38-31-50-87-58-3-91-97-4-5-48-20-84-75-26-41-77-35-62-67-49-85-27-78-96-36-51-79-46-21-29-59-18-93-44-22-63-73-42-53-6-47-90-64-95-11-19-61
Ta100x20,6,3,300,0.9625,0.075,2,2230602219,17000,6711,6437,6144,4.154134861,v2_avx512bw_vec32_exact_perm,56-82-86-39-88-20-1-33-89-83-8-98-10-12-72-54-16-69-99-32-92-71-2-97-81-7-58-38-52-37-55-29-78-34-100-14-9-65-45-40-13-23-66-94-60-63-76-4-64-43-77-75-5-36-80-96-48-87-35-91-3-47-24-18-85-22-73-17-67-25-84-53-15-70-28-49-74-79-27-46-21-51-90-42-93-62-68-95-31-57-11-26-30-59-6-44-50-41-19-61
Ta100x20,6,3,300,0.9625,0.075,3,2230603228,17000,6669,6437,6144,4.222651444,v2_avx512bw_vec32_exact_perm,56-86-88-32-83-82-72-100-39-8-37-1-9-21-98-99-81-89-71-7-2-26-52-31-66-69-16-94-14-47-30-12-92-58-65-70-60-55-63-78-34-75-45-33-28-4-64-80-48-43-10-76-57-36-68-40-23-27-49-77-97-38-53-29-25-35-46-50-22-67-85-93-3-91-6-74-5-84-13-44-24-79-96-15-11-20-59-18-87-17-62-51-95-41-54-73-90-42-19-61
Ta100x20,6,3,300,0.9625,0.075,4,2230604237,17000,6721,6437,6144,3.953970022,v2_avx512bw_vec32_exact_perm,56-83-86-39-63-72-88-8-7-89-26-10-100-37-34-32-81-9-1-78-45-33-76-99-92-98-31-69-60-43-52-2-27-55-40-66-28-48-68-70-23-17-38-59-4-97-94-13-65-12-82-61-80-24-53-25-64-57-79-3-96-58-49-30-71-15-36-46-14-74-22-77-20-6-16-21-75-85-18-91-50-47-87-29-35-84-73-42-93-51-90-44-11-67-54-95-5-62-41-19
Ta100x20,6,3,300,0.9625,0.075,5,2230605246,17000,6705,6437,6144,3.782450427,v2_avx512bw_vec32_exact_perm,56-86-54-39-8-88-83-37-20-82-7-2-1-32-99-30-81-65-12-25-58-55-94-33-14-92-16-89-34-38-100-80-29-76-78-69-72-31-27-66-57-10-74-75-52-71-68-5-28-79-23-87-40-9-97-98-35-3-15-53-13-18-21-26-17-50-22-49-77-64-48-60-63-45-70-91-73-47-85-24-90-61-96-36-46-42-44-59-6-93-51-43-4-62-67-84-95-41-19-11
Ta100x20,6,3,300,0.9625,0.075,6,2230606255,17000,6704,6437,6144,4.430127188,v2_avx512bw_vec32_exact_perm,56-83-86-20-26-39-76-7-14-32-89-88-30-66-1-12-97-28-99-8-37-9-98-94-69-82-25-100-38-65-72-3-52-10-80-55-33-92-58-71-78-43-96-60-48-75-74-70-84-27-50-85-81-34-57-2-77-5-51-36-53-23-79-49-40-24-13-64-15-16-4-31-63-21-18-91-35-93-67-17-54-45-44-87-68-95-22-90-73-47-6-59-46-42-62-11-29-41-19-61
Ta100x20,6,3,300,0.9625,0.075,7,2230607264,17000,6670,6437,6144,4.37822413,v2_avx512bw_vec32_exact_perm,56-86-88-83-37-8-39-32-98-72-100-9-1-82-2-28-20-63-26-55-70-92-25-89-21-16-80-94-34-12-81-65-66-43-27-69-48-38-14-7-99-4-3-60-71-76-17-49-52-75-68-33-84-96-64-97-78-45-35-31-58-91-15-23-10-73-51-57-22-50-40-77-11-24-30-29-13-62-87-85-46-79-5-42-36-53-74-44-93-41-47-6-67-18-59-90-54-95-19-61
Ta100x20,6,3,300,0.9625,0.075,8,2230608273,17000,6682,6437,6144,4.347586155,v2_avx512bw_vec32_exact_perm,56-86-88-39-8-83-32-26-82-9-20-12-76-52-97-37-1-100-14-66-16-33-78-55-92-58-21-2-7-81-65-25-43-72-70-99-60-98-40-23-77-94-28-22-35-10-53-69-89-80-79-75-34-57-48-68-45-3-38-17-71-87-61-74-30-29-27-64-13-49-5-46-85-24-18-50-73-36-15-6-96-93-62-84-31-44-67-47-91-4-90-42-11-51-59-63-54-95-41-19
Ta100x20,6,3,300,0.9625,0.075,9,2230609282,17000,6676,6437,6144,4.407294237,v2_avx512bw_vec32_exact_perm,56-86-88-39-20-8-99-82-83-26-32-37-92-98-9-69-43-87-89-12-65-7-3-25-68-33-14-60-94-1-91-100-45-52-55-66-81-97-75-13-71-48-76-34-72-70-85-27-80-38-96-10-16-50-58-23-78-77-40-28-79-41-2-57-17-84-53-74-31-29-49-64-35-73-21-51-11-44-18-46-24-59-42-30-36-93-5-6-4-22-95-90-47-54-15-63-62-67-19-61
Ta100x20,6,3,300,0.9625,0.075,10,2230610291,17000,6677,6437,6144,4.309442685,v2_avx512bw_vec32_exact_perm,56-39-86-20-65-82-88-30-83-98-1-12-43-37-31-2-32-16-80-69-33-60-92-26-100-34-89-57-8-99-25-81-94-72-66-78-55-7-91-18-97-50-38-75-14-48-27-76-23-49-68-21-74-10-28-40-53-17-36-52-3-35-70-58-71-77-22-9-85-5-67-59-24-45-13-87-47-15-64-90-93-41-29-42-79-62-84-96-4-6-46-44-19-63-73-11-51-54-95-61
Ta100x20,6,3,300,0.9625,0.1,1,2230601210,17000,6728,6437,6144,4.2613357,v2_avx512bw_vec32_exact_perm,56-86-8-83-88-58-99-82-14-39-9-65-89-92-7-12-37-98-20-52-2-55-71-100-1-81-28-16-79-69-94-78-32-72-25-34-66-38-63-57-74-18-31-80-23-44-76-45-70-48-10-75-68-33-3-93-22-26-87-13-51-15-61-40-53-47-77-41-60-24-29-50-35-64-96-27-49-97-91-36-42-5-4-21-30-84-17-85-6-67-46-90-59-19-43-73-62-54-95-11
Ta100x20,6,3,300,0.9625,0.1,2,2230602219,17000,6736,6437,6144,4.283336031,v2_avx512bw_vec32_exact_perm,56-2-82-39-86-20-7-88-37-33-83-32-81-23-60-28-100-55-34-89-8-75-73-76-63-16-45-52-66-1-30-78-18-9-31-69-72-21-99-71-92-10-48-4-58-12-29-96-97-26-14-50-40-68-70-5-47-13-49-35-77-53-64-38-91-25-27-87-74-62-80-15-42-43-84-17-98-36-93-79-94-90-57-6-59-3-22-24-65-54-51-85-44-11-67-95-46-41-19-61
Ta100x20,6,3,300,0.9625,0.1,3,2230603228,17000,6683,6437,6144,4.05755418,v2_avx512bw_vec32_exact_perm,56-86-88-39-83-82-26-2-32-7-43-37-30-78-99-21-72-8-25-1-65-81-92-20-80-66-12-10-28-31-23-55-27-40-14-63-94-74-76-85-69-71-9-58-52-91-33-16-98-89-60-49-22-100-17-75-77-64-97-57-53-18-45-48-5-70-50-47-96-6-38-68-79-36-13-15-29-87-62-34-67-44-35-3-93-46-24-84-4-42-59-61-51-73-41-19-90-54-95-11
Ta100x20,6,3,300,0.9625,0.1,4,2230604237,17000,6708,6437,6144,3.925543432,v2_avx512bw_vec32_exact_perm,56-86-83-37-20-72-8-88-7-39-99-65-82-26-33-52-63-2-100-80-28-12-1-9-71-78-98-68-10-58-23-27-3-69-55-53-38-74-97-81-17-92-16-34-32-25-89-87-21-66-14-4-31-13-76-57-40-43-60-35-75-79-22-64-24-48-30-93-91-96-84-59-49-70-45-15-50-18-62-36-11-6-77-29-44-85-46-47-5-51-94-67-90-54-73-19-41-42-95-61
Ta100x20,6,3,300,0.9625,0.1,5,2230605246,17000,6688,6437,6144,3.979619253,v2_avx512bw_vec32_exact_perm,56-86-83-82-88-38-32-39-98-92-72-26-1-30-37-99-23-7-2-10-89-9-79-27-8-60-69-76-28-21-65-80-94-16-12-97-66-33-100-29-48-55-14-75-52-81-71-57-78-68-31-51-3-13-63-74-58-20-25-64-35-77-91-36-67-49-70-43-5-87-62-22-17-53-45-24-40-85-15-4-46-6-34-84-93-44-50-96-42-18-59-73-47-54-95-90-11-41-19-61
Ta100x20,6,3,300,0.9625,0.1,6,2230606255,17000,6716,6437,6144,4.211689141,v2_avx512bw_vec32_exact_perm,56-86-88-39-20-30-69-83-37-1-8-75-82-38-65-16-32-99-98-25-26-72-33-28-94-55-2-80-7-10-3-34-52-100-9-89-58-57-66-27-21-63-81-71-78-17-76-87-18-40-68-14-50-24-31-60-84-93-23-43-91-64-92-12-48-53-96-45-29-74-70-97-49-15-77-51-62-79-5-22-13-61-67-73-85-41-36-6-95-42-90-4-47-35-59-46-44-54-19-11
Ta100x20,6,3,300,0.9625,0.1,7,2230607264,17000,6652,6437,6144,4.277782787,v2_avx512bw_vec32_exact_perm,56-86-88-83-32-20-82-26-69-12-39-8-25-37-55-7-100-81-98-21-65-94-74-14-89-28-38-72-78-58-16-24-2-99-97-48-92-60-23-57-33-52-35-15-43-76-50-34-9-68-66-31-30-40-45-4-91-70-75-77-64-49-1-96-80-11-10-71-13-27-84-79-36-18-85-46-17-5-87-22-53-51-59-93-73-62-42-3-29-63-6-95-54-44-90-67-41-47-19-61
Ta100x20,6,3,300,0.9625,0.1,8,2230608273,17000,6715,6437,6144,4.503792892,v2_avx512bw_vec32_exact_perm,56-83-86-82-26-39-78-9-68-88-1-12-2-37-20-98-14-69-8-89-80-7-25-64-34-94-55-28-32-33-92-76-99-65-74-97-31-52-10-66-35-70-27-16-58-3-100-75-38-50-18-4-30-91-84-57-40-59-93-22-72-5-45-81-96-15-71-23-46-49-36-85-21-17-47-29-44-60-43-13-73-53-87-51-6-24-42-77-79-54-48-90-67-62-63-95-11-41-19-61
Ta100x20,6,3,300,0.9625,0.1,9,2230609282,17000,6715,6437,6144,4.304376783,v2_avx512bw_vec32_exact_perm,56-86-39-2-88-54-83-92-1-28-32-10-82-55-84-89-8-99-21-58-25-12-66-69-37-65-52-98-63-76-4-72-30-100-7-27-75-68-14-34-80-64-45-33-15-16-78-40-71-43-57-60-31-81-49-9-13-70-17-23-96-35-91-97-5-46-74-18-87-94-24-79-50-67-38-36-85-77-48-59-47-29-6-20-93-90-51-26-53-22-95-73-62-42-44-11-3-19-41-61
Ta100x20,6,3,300,0.9625,0.1,10,2230610291,17000,6682,6437,6144,4.265644088,v2_avx512bw_vec32_exact_perm,56-82-83-86-39-72-20-2-43-89-80-76-8-26-37-25-98-81-12-33-99-58-88-66-14-92-9-45-55-21-7-74-38-50-65-52-79-94-63-48-60-10-91-35-100-87-47-23-1-34-75-69-57-31-68-32-3-97-93-84-15-17-27-71-49-28-30-40-5-53-13-96-77-16-90-64-24-36-22-70-62-42-18-85-6-95-46-78-67-44-4-59-54-29-11-51-41-73-19-61
Ta100x20,6,3,300,0.9625,0.125,1,2230601210,17000,6666,6437,6144,4.066658199,v2_avx512bw_vec32_exact_perm,56-86-88-83-37-100-32-39-98-1-20-30-65-74-2-82-25-17-99-78-7-89-80-34-52-8-28-26-76-94-33-12-75-48-29-81-72-69-16-21-55-15-50-31-14-71-4-66-92-97-87-57-10-3-18-58-38-9-70-53-23-40-13-24-96-35-91-45-64-68-73-46-77-59-84-43-5-49-42-27-60-62-63-85-22-11-90-51-54-47-93-44-79-36-67-6-19-41-95-61
Ta100x20,6,3,300,0.9625,0.125,2,2230602219,17000,6719,6437,6144,3.884604188,v2_avx512bw_vec32_exact_perm,56-39-86-8-83-76-88-98-32-100-2-1-28-82-52-47-12-30-72-89-9-94-55-14-78-37-69-33-50-20-10-66-59-65-34-16-92-68-71-31-26-7-81-74-23-57-70-97-18-73-25-5-15-87-36-58-60-4-27-62-75-99-84-43-13-96-48-40-41-45-35-80-63-6-21-17-24-51-22-64-44-77-46-91-79-3-42-85-53-49-29-93-38-54-11-90-67-95-19-61
Ta100x20,6,3,300,0.9625,0.125,3,2230603228,17000,6692,6437,6144,4.007046097,v2_avx512bw_vec32_exact_perm,56-83-86-82-39-43-88-12-8-99-3-69-2-28-81-7-65-98-72-26-37-1-20-10-74-76-80-40-32-89-52-33-93-34-58-77-94-16-55-9-71-49-84-91-13-100-45-27-92-78-60-70-23-38-50-68-66-64-25-4-75-96-24-31-29-97-73-35-46-87-53-85-14-15-59-11-18-48-6-30-5-57-42-51-36-22-17-90-79-21-67-47-62-95-54-44-63-41-19-61
Ta100x20,6,3,300,0.9625,0.125,4,2230604237,17000,6667,6437,6144,4.199698797,v2_avx512bw_vec32_exact_perm,56-86-99-82-88-83-39-43-1-20-8-25-9-76-37-65-74-69-100-89-14-72-48-94-55-32-29-12-7-97-2-5-66-98-22-31-70-28-60-80-57-92-34-49-21-33-71-26-10-81-16-15-75-23-47-6-38-52-13-24-4-87-58-77-35-17-63-96-3-64-90-45-68-30-27-62-67-18-84-40-78-50-36-79-93-53-73-91-46-54-42-85-44-51-11-59-95-41-19-61
Ta100x20,6,3,300,0.9625,0.125,5,2230605246,17000,6673,6437,6144,4.348054778,v2_avx512bw_vec32_exact_perm,56-39-8-9-98-83-20-37-86-89-2-32-82-10-65-12-66-99-58-88-1-23-76-71-94-72-78-16-33-34-52-29-75-100-26-7-3-92-60-80-13-81-43-70-59-27-35-47-24-45-25-87-40-4-97-55-17-69-49-11-15-64-53-74-14-38-28-57-5-22-31-62-42-30-85-68-50-73-95-84-91-36-46-93-21-79-18-48-6-63-77-90-67-51-96-44-41-54-19-61
Ta100x20,6,3,300,0.9625,0.125,6,2230606255,17000,6749,6437,6144,4.459174903,v2_avx512bw_vec32_exact_perm,56-83-86-82-39-76-9-7-94-8-65-99-100-43-66-20-98-32-2-81-88-1-14-52-37-58-78-28-12-80-23-30-38-71-92-16-69-29-97-3-72-68-21-79-33-87-25-55-61-48-59-89-60-24-34-91-15-13-57-27-84-70-5-46-41-31-35-10-18-85-26-74-17-53-6-45-96-64-77-93-50-36-42-75-49-90-40-62-63-51-22-4-47-54-44-67-73-19-95-11
Ta100x20,6,3,300,0.9625,0.125,7,2230607264,17000,6710,6437,6144,4.622956801,v2_avx512bw_vec32_exact_perm,56-86-82-37-88-79-83-39-9-98-72-1-100-16-20-65-2-33-71-89-7-12-43-14-81-26-68-97-55-34-23-40-66-52-8-38-25-94-80-32-27-10-76-58-96-99-48-69-84-70-31-35-59-28-75-13-64-18-78-49-17-95-45-60-30-87-92-3-77-53-91-6-93-21-4-63-74-44-41-46-50-29-57-62-22-85-36-24-5-51-73-42-90-15-54-11-47-67-19-61
Ta100x20,6,3,300,0.9625,0.125,8,2230608273,17000,6685,6437,6144,4.390084011,v2_avx512bw_vec32_exact_perm,56-86-82-83-21-9-39-37-30-100-42-99-2-8-33-43-14-7-76-88-12-98-69-89-26-66-77-94-28-55-52-81-60-32-84-34-80-97-25-65-92-72-75-48-45-71-68-74-63-23-64-10-79-35-27-53-13-38-70-57-87-17-3-58-16-78-96-29-62-50-59-47-5-49-22-36-40-15-93-91-1-4-54-20-85-18-24-6-51-11-46-44-73-90-31-67-95-41-19-61
Ta100x20,6,3,300,0.9625,0.125,9,2230609282,17000,6697,6437,6144,4.226133803,v2_avx512bw_vec32_exact_perm,56-86-82-83-20-39-37-9-72-33-92-30-32-100-25-8-1-89-78-27-12-22-66-29-26-2-69-74-99-7-81-43-50-35-52-31-28-55-67-76-53-80-34-65-59-75-10-23-21-49-97-16-96-58-98-38-94-4-71-45-60-64-70-91-63-18-44-13-87-5-3-40-77-24-57-85-11-79-62-88-48-14-68-84-15-36-47-73-93-42-6-90-54-51-46-17-95-41-19-61
Ta100x20,6,3,300,0.9625,0.125,10,2230610291,17000,6705,6437,6144,4.352640197,v2_avx512bw_vec32_exact_perm,56-86-82-30-99-83-39-8-43-7-32-37-2-16-25-89-33-55-9-20-52-13-1-100-38-71-98-66-92-28-23-27-12-63-69-10-72-81-49-79-64-14-78-59-65-88-51-70-57-80-40-97-4-76-34-5-68-26-94-47-77-91-45-84-58-93-53-75-31-60-48-29-19-21-35-6-96-17-44-87-18-67-50-15-22-74-46-36-3-61-24-85-11-73-95-90-42-62-41-54
Ta100x20,6,3,300,1,0.025,1,2230601210,17000,6677,6437,6144,4.328636925,v2_avx512bw_vec32_exact_perm,56-86-88-20-26-83-39-43-82-8-37-99-12-28-32-69-66-78-33-70-9-72-81-1-34-48-2-92-80-65-45-71-94-98-89-7-97-30-76-75-55-10-52-41-68-14-58-25-100-60-57-64-74-18-23-16-4-87-17-79-38-27-31-15-13-29-6-77-40-63-44-49-36-35-96-46-11-51-53-21-90-84-5-42-24-54-85-91-22-59-95-47-3-73-62-93-67-50-19-61
Ta100x20,6,3,300,1,0.025,2,2230602219,17000,6686,6437,6144,4.308969057,v2_avx512bw_vec32_exact_perm,56-86-88-39-8-9-1-32-83-98-20-37-7-21-25-100-89-55-34-99-4-26-82-65-28-2-81-92-12-68-52-78-94-71-23-69-76-40-58-10-16-59-97-33-31-29-64-80-57-72-35-22-66-18-87-14-38-3-63-49-45-75-60-17-67-84-77-74-13-48-24-91-93-53-44-6-5-42-96-73-30-27-47-90-70-79-15-62-43-85-54-46-51-11-36-95-50-41-19-61
Ta100x20,6,3,300,1,0.025,3,2230603228,17000,6662,6437,6144,4.184827579,v2_avx512bw_vec32_exact_perm,56-82-39-86-98-88-100-20-83-2-37-40-8-9-1-99-69-92-26-27-68-28-89-66-12-21-29-81-60-34-94-76-52-25-78-55-72-80-58-23-16-10-64-71-3-65-33-57-63-87-91-7-84-14-32-45-30-38-17-97-49-35-22-31-13-77-24-53-74-5-75-36-70-48-50-11-18-51-15-96-73-79-42-41-46-93-47-4-62-85-67-59-44-43-19-6-90-54-95-61
Ta100x20,6,3,300,1,0.025,4,2230604237,17000,6651,6437,6144,4.229390875,v2_avx512bw_vec32_exact_perm,56-39-86-20-83-72-37-58-2-89-8-26-12-33-9-99-10-98-82-88-71-74-92-52-69-1-30-94-38-16-23-65-7-21-97-27-80-4-32-81-34-75-66-14-100-76-49-25-3-31-29-68-55-53-48-59-43-40-45-60-28-79-57-87-17-78-6-91-46-22-18-15-73-77-96-13-24-44-11-36-84-85-62-35-70-5-47-64-42-50-90-63-67-51-93-54-95-41-19-61
Ta100x20,6,3,300,1,0.025,5,2230605246,17000,6647,6437,6144,4.207152839,v2_avx512bw_vec32_exact_perm,56-39-86-88-83-37-8-26-7-32-60-89-43-1-52-20-50-2-12-28-92-9-33-99-76-25-23-69-94-82-80-65-38-74-97-71-98-59-78-55-72-57-10-68-40-21-34-14-75-100-84-4-48-66-87-77-49-31-27-81-91-46-45-3-58-15-18-53-13-17-67-16-30-44-93-85-64-36-5-96-6-42-24-22-51-62-35-73-29-79-70-90-11-47-54-95-63-41-19-61
Ta100x20,6,3,300,1,0.025,6,2230606255,17000,6668,6437,6144,4.053811585,v2_avx512bw_vec32_exact_perm,56-39-86-20-37-32-83-100-1-43-10-89-98-16-82-69-72-78-81-9-26-8-71-23-33-2-65-99-7-92-94-85-25-52-27-12-48-14-68-50-70-40-13-66-28-55-34-76-87-4-74-22-75-58-57-45-38-35-21-60-18-11-49-51-53-29-64-77-97-80-30-91-6-17-93-31-24-15-3-63-67-36-88-84-79-73-44-42-5-46-96-62-59-90-47-54-95-41-19-61
Ta100x20,6,3,300,1,0.025,7,2230607264,17000,6681,6437,6144,4.2663974,v2_avx512bw_vec32_exact_perm,56-86-88-39-8-37-83-12-78-20-32-82-43-99-30-1-89-28-72-16-26-4-65-66-100-2-76-10-33-71-52-38-69-81-55-98-25-91-23-97-92-80-34-94-6-7-74-58-60-57-15-31-9-24-53-14-87-77-68-75-36-13-3-29-21-64-35-79-84-5-67-96-48-50-45-46-17-27-49-47-40-59-70-51-22-85-90-18-62-95-11-54-42-44-63-73-93-41-19-61
Ta100x20,6,3,300,1,0.025,8,2230608273,17000,6665,6437,6144,4.107194254,v2_avx512bw_vec32_exact_perm,56-39-86-20-82-37-83-26-100-72-99-9-1-92-66-43-27-65-7-55-2-32-89-69-8-88-71-10-12-3-68-25-23-33-78-98-28-16-52-81-80-58-94-48-40-35-70-53-97-63-45-75-14-13-29-64-74-15-22-60-6-96-21-73-57-4-31-38-79-34-18-17-77-84-87-11-49-51-91-5-42-62-50-24-76-36-44-85-46-30-90-93-59-47-67-95-41-54-19-61
Ta100x20,6,3,300,1,0.025,9,2230609282,17000,6689,6437,6144,4.181284742,v2_avx512bw_vec32_exact_perm,56-86-88-83-32-100-37-82-78-72-8-39-30-43-12-65-1-98-92-99-33-26-25-7-69-94-89-9-70-2-28-68-60-16-97-23-14-81-58-34-31-52-4-38-66-27-71-45-40-75-20-48-80-84-55-3-91-49-76-24-96-87-79-10-90-13-5-77-64-35-29-74-36-51-17-21-73-22-62-6-57-15-50-63-42-11-47-93-46-54-44-85-18-67-59-95-53-41-19-61
Ta100x20,6,3,300,1,0.025,10,2230610291,17000,6694,6437,6144,4.370578488,v2_avx512bw_vec32_exact_perm,56-86-83-30-32-88-39-8-12-82-28-72-100-37-69-60-99-54-89-26-1-92-43-7-76-25-80-2-27-4-33-78-98-58-40-75-55-34-10-29-91-52-14-94-31-81-65-66-3-48-87-71-16-45-77-21-49-18-15-23-68-97-59-38-44-50-24-9-36-85-67-35-70-73-64-13-22-5-57-63-17-84-96-74-53-62-47-79-93-20-95-46-42-11-90-6-51-41-19-61
Ta100x20,6,3,300,1,0.05,1,2230601210,17000,6710,6437,6144,4.069863278,v2_avx512bw_vec32_exact_perm,56-86-54-82-83-7-39-32-88-1-2-99-21-66-100-25-92-37-20-26-72-12-68-28-16-27-89-45-65-8-98-35-55-14-49-69-10-33-34-76-80-40-52-63-23-60-74-81-71-58-31-94-51-22-48-15-97-85-77-75-57-96-78-5-84-59-36-50-53-70-87-38-18-24-17-91-4-9-67-13-64-42-93-44-62-90-73-11-79-46-30-43-95-47-6-3-29-41-19-61
Ta100x20,6,3,300,1,0.05,2,2230602219,17000,6652,6437,6144,4.04411369,v2_avx512bw_vec32_exact_perm,56-86-88-83-43-37-39-20-82-26-72-80-2-12-78-98-40-33-92-99-94-32-60-8-71-74-7-65-34-1-4-97-57-52-28-69-76-3-75-23-10-66-38-100-25-55-29-77-89-68-91-81-13-64-6-16-49-70-53-45-14-87-17-18-48-21-31-51-5-24-27-22-35-58-9-79-96-44-62-67-15-84-63-85-36-11-50-42-59-93-46-95-47-41-30-90-54-73-19-61
Ta100x20,6,3,300,1,0.05,3,2230603228,17000,6687,6437,6144,3.928428888,v2_avx512bw_vec32_exact_perm,56-86-88-2-39-8-26-83-82-7-43-76-40-52-37-99-89-16-98-28-68-20-30-25-1-92-80-12-27-66-33-55-38-9-50-32-69-65-100-10-72-71-45-94-81-23-97-74-48-14-91-57-35-63-49-87-34-64-31-78-24-58-3-15-46-13-22-53-75-21-70-79-29-60-93-84-96-17-77-67-90-36-6-4-42-44-5-62-59-18-85-11-47-51-73-54-95-41-19-61
Ta100x20,6,3,300,1,0.05,4,2230604237,17000,6687,6437,6144,4.131280016,v2_avx512bw_vec32_exact_perm,56-83-86-32-39-82-88-76-1-20-78-28-100-98-2-8-72-89-12-25-33-37-71-81-7-55-18-34-80-70-9-99-97-52-66-31-77-92-22-35-23-40-69-26-94-16-58-29-60-27-10-53-64-74-65-45-50-14-38-75-67-57-48-49-63-3-21-15-79-87-17-24-59-84-4-93-36-68-13-6-90-47-85-96-5-30-73-11-46-91-19-43-54-44-42-95-51-41-62-61
Ta100x20,6,3,300,1,0.05,5,2230605246,17000,6680,6437,6144,4.226935087,v2_avx512bw_vec32_exact_perm,56-83-86-39-88-72-20-80-37-92-82-99-25-58-12-9-100-32-69-65-34-55-1-94-75-8-23-30-24-27-16-28-81-2-7-14-4-40-98-33-89-71-45-18-64-66-31-26-48-10-68-52-87-21-77-73-57-84-38-50-35-3-78-29-22-60-96-63-13-15-97-59-6-49-76-43-17-74-70-79-53-5-62-93-91-46-36-44-42-85-67-47-11-90-54-51-95-41-19-61
Ta100x20,6,3,300,1,0.05,6,2230606255,17000,6685,6437,6144,4.343791981,v2_avx512bw_vec32_exact_perm,56-82-86-39-54-1-20-37-69-8-2-26-83-88-98-60-10-16-78-100-89-72-99-28-7-65-12-32-66-38-33-94-71-14-84-68-81-25-55-92-21-76-23-15-57-31-70-27-34-58-13-4-52-49-40-75-85-50-48-5-24-95-43-73-91-45-64-96-80-35-36-42-97-74-87-9-47-17-77-3-18-22-90-59-53-79-62-46-44-30-29-67-6-93-41-11-63-51-19-61
Ta100x20,6,3,300,1,0.05,7,2230607264,17000,6668,6437,6144,4.005326541,v2_avx512bw_vec32_exact_perm,56-39-86-20-89-82-72-8-83-40-43-99-7-28-45-12-33-37-2-9-81-26-69-55-98-1-38-80-92-23-94-32-91-100-88-52-25-53-16-14-68-65-95-21-49-57-60-84-58-15-97-59-78-75-66-24-31-34-76-74-6-77-71-18-64-50-47-4-96-87-5-29-48-3-30-27-46-22-93-85-35-10-36-44-13-17-70-42-51-90-62-11-67-41-79-73-54-63-19-61
Ta100x20,6,3,300,1,0.05,8,2230608273,17000,6679,6437,6144,4.009282013,v2_avx512bw_vec32_exact_perm,56-39-86-8-88-89-9-82-2-58-38-83-100-32-98-72-33-52-37-10-26-12-23-1-99-4-65-28-7-31-81-34-80-76-20-27-40-71-60-57-68-92-22-25-94-49-64-48-14-75-50-78-16-30-69-97-43-66-67-15-84-17-21-79-36-96-77-24-55-91-5-13-3-35-73-87-18-6-74-45-62-46-53-59-29-85-70-90-51-44-47-42-63-93-54-95-11-41-19-61
Ta100x20,6,3,300,1,0.05,9,2230609282,17000,6666,6437,6144,3.889995018,v2_avx512bw_vec32_exact_perm,56-39-8-86-99-83-98-82-100-20-2-37-10-26-43-76-16-81-65-52-7-71-1-89-4-33-32-69-55-72-9-34-38-97-45-92-31-25-29-94-12-23-60-40-68-80-57-96-46-79-78-48-70-28-35-15-58-13-66-64-24-62-84-21-30-27-73-17-14-18-75-74-77-50-85-36-22-49-93-53-51-42-91-88-3-90-87-44-6-67-47-5-11-54-59-95-63-41-19-61
Ta100x20,6,3,300,1,0.05,10,2230610291,17000,6704,6437,6144,4.255366397,v2_avx512bw_vec32_exact_perm,56-86-20-39-82-2-83-30-38-1-43-98-33-16-92-88-89-52-100-72-37-69-99-8-21-25-81-71-78-97-7-80-9-34-76-94-74-66-58-32-12-57-29-3-23-68-75-65-87-26-55-14-10-13-60-17-28-48-45-91-79-62-64-84-77-31-44-46-53-24-15-63-61-5-96-27-90-49-70-6-47-93-59-67-73-18-22-42-51-85-50-36-4-41-11-40-95-35-19-54
Ta100x20,6,3,300,1,0.075,1,2230601210,17000,6691,6437,6144,4.145863634,v2_avx512bw_vec32_exact_perm,56-83-86-20-82-88-74-65-39-8-30-38-37-98-1-33-12-89-32-72-7-14-81-69-100-26-9-97-99-25-66-27-75-2-58-94-23-80-55-34-28-31-68-43-78-92-53-40-17-71-16-60-52-79-76-91-10-4-35-64-45-77-84-59-18-46-50-49-67-57-3-47-70-42-87-73-13-24-15-62-44-96-90-48-63-36-85-21-22-11-6-29-5-93-51-54-95-41-19-61
Ta100x20,6,3,300,1,0.075,2,2230602219,17000,6715,6437,6144,4.003657405,v2_avx512bw_vec32_exact_perm,56-86-88-82-26-39-83-8-98-72-40-37-33-12-20-52-99-92-89-58-55-1-69-7-28-80-60-63-38-97-32-74-81-94-71-2-9-14-78-87-54-75-100-17-91-66-64-27-3-34-16-10-49-70-18-25-45-48-76-23-65-35-96-29-4-21-68-15-79-73-84-13-47-30-6-24-50-77-36-41-44-67-46-85-31-57-5-93-22-53-51-11-59-90-95-43-19-42-62-61
Ta100x20,6,3,300,1,0.075,3,2230603228,17000,6720,6437,6144,3.866988687,v2_avx512bw_vec32_exact_perm,56-86-83-98-37-20-39-82-88-100-92-72-32-2-8-12-26-1-33-78-25-76-99-10-60-30-29-97-34-23-55-69-15-80-65-57-75-7-94-81-84-14-68-48-35-74-28-67-50-36-40-64-38-89-18-52-87-4-24-66-70-16-31-43-13-58-91-46-27-85-45-71-59-44-62-49-5-41-6-22-47-17-77-21-79-53-95-9-73-3-42-63-11-90-96-51-54-93-19-61
Ta100x20,6,3,300,1,0.075,4,2230604237,17000,6704,6437,6144,4.023583029,v2_avx512bw_vec32_exact_perm,56-86-88-39-8-83-98-20-82-32-100-1-72-37-12-2-34-33-40-99-14-26-65-38-81-9-30-97-66-76-23-45-94-92-52-25-16-69-10-28-89-31-55-91-70-60-71-84-50-27-48-80-58-78-35-7-24-96-43-49-95-47-22-75-4-13-87-5-77-68-18-53-64-41-6-57-74-46-17-36-29-73-21-93-51-54-79-42-85-67-90-3-44-59-62-63-15-11-19-61
Ta100x20,6,3,300,1,0.075,5,2230605246,17000,6697,6437,6144,3.891679744,v2_avx512bw_vec32_exact_perm,56-86-83-32-88-33-98-20-72-39-30-37-12-2-58-14-99-82-100-92-97-89-7-16-69-8-52-26-40-55-78-76-45-9-28-25-94-23-65-80-84-1-91-71-50-43-81-38-68-15-57-34-21-31-35-66-73-75-4-70-67-5-13-96-27-62-85-95-77-74-60-53-87-3-10-64-29-48-59-18-17-22-36-90-54-49-46-93-6-63-42-24-44-47-11-79-51-41-19-61
Ta100x20,6,3,300,1,0.075,6,2230606255,17000,6708,6437,6144,4.738012892,v2_avx512bw_vec32_exact_perm,56-86-88-8-83-39-38-1-20-28-37-82-99-80-12-32-98-43-45-68-52-41-65-55-2-89-7-75-50-66-69-40-9-94-34-14-48-33-100-81-60-74-58-78-30-72-24-79-57-76-17-71-31-64-84-27-92-87-97-29-96-91-3-10-25-5-35-73-95-46-21-23-15-26-49-77-18-36-13-85-16-4-67-47-93-53-22-44-59-42-62-51-90-70-11-6-63-54-19-61
Ta100x20,6,3,300,1,0.075,7,2230607264,17000,6708,6437,6144,4.10374188,v2_avx512bw_vec32_exact_perm,56-39-8-86-83-98-37-30-89-7-88-63-26-76-32-20-100-82-2-33-12-99-81-72-25-80-71-92-55-69-38-17-4-43-31-1-34-16-91-28-52-10-22-65-74-50-78-87-9-57-66-64-23-13-79-48-40-14-53-35-94-15-60-49-58-45-3-70-27-96-97-36-44-84-24-85-77-18-73-68-75-21-46-54-47-67-93-29-42-59-90-62-5-11-95-6-51-41-19-61
Ta100x20,6,3,300,1,0.075,8,2230608273,17000,6713,6437,6144,4.31366117,v2_avx512bw_vec32_exact_perm,56-83-86-88-39-8-43-30-37-2-82-65-7-52-47-12-89-66-25-99-76-27-68-78-20-14-16-97-9-100-33-1-26-29-38-60-98-94-81-21-10-34-55-4-75-71-28-31-72-6-69-17-15-84-50-5-23-92-87-91-80-57-40-24-77-93-13-49-3-53-36-85-59-63-48-70-35-58-64-18-96-45-22-44-54-74-67-32-95-62-90-42-79-11-51-41-46-73-19-61
Ta100x20,6,3,300,1,0.075,9,2230609282,17000,6732,6437,6144,4.130588678,v2_avx512bw_vec32_exact_perm,56-86-39-83-72-76-82-98-30-7-89-99-2-43-26-88-1-8-52-100-9-33-25-92-37-12-97-55-69-28-84-68-14-59-66-16-78-20-32-80-71-50-81-65-60-31-45-17-3-38-48-34-63-10-74-6-23-41-5-91-35-24-75-96-87-49-40-77-13-64-22-58-27-94-85-95-53-44-61-57-93-70-21-18-47-73-42-90-62-4-36-67-79-54-46-51-19-29-15-11
Ta100x20,6,3,300,1,0.075,10,2230610291,17000,6703,6437,6144,4.115694783,v2_avx512bw_vec32_exact_perm,56-86-88-39-8-99-82-32-26-37-7-43-89-66-83-100-20-92-16-25-12-4-98-72-1-9-52-68-97-45-33-78-34-35-2-28-55-30-64-76-57-58-81-65-14-75-23-38-69-60-96-94-49-27-74-71-29-77-31-53-80-40-10-48-87-15-54-50-84-63-3-59-5-91-62-17-47-24-46-61-70-21-36-18-73-79-90-13-42-22-51-44-41-85-19-67-6-93-95-11
Ta100x20,6,3,300,1,0.1,1,2230601210,17000,6724,6437,6144,4.792734872,v2_avx512bw_vec32_exact_perm,56-86-82-88-39-1-2-30-8-98-20-40-21-83-37-71-92-12-9-76-69-97-66-100-89-16-99-25-33-65-29-94-63-38-52-7-34-75-60-45-64-81-26-80-3-55-77-72-14-23-10-58-32-49-28-18-35-84-87-13-4-57-50-91-5-54-78-93-46-51-36-6-59-24-85-22-27-15-67-48-31-19-17-70-79-96-42-68-53-74-73-11-90-43-44-47-95-41-62-61
Ta100x20,6,3,300,1,0.1,2,2230602219,17000,6740,6437,6144,4.689782257,v2_avx512bw_vec32_exact_perm,56-83-86-82-39-88-98-7-32-72-100-30-1-20-65-37-81-99-12-28-8-94-92-34-80-2-55-33-69-78-27-66-75-10-89-91-23-26-68-3-58-25-96-95-38-64-54-43-40-60-85-16-50-87-14-22-57-73-9-5-13-21-49-24-77-97-35-48-59-84-74-76-17-52-45-46-47-53-44-31-18-71-4-79-42-70-11-93-29-6-90-15-36-51-62-63-41-67-19-61
Ta100x20,6,3,300,1,0.1,3,2230603228,17000,6703,6437,6144,4.620090841,v2_avx512bw_vec32_exact_perm,56-83-86-39-7-82-37-32-20-99-26-89-98-12-8-30-88-72-65-14-66-78-28-55-76-25-80-38-100-1-9-34-68-71-81-94-52-31-16-92-2-33-43-60-63-45-73-40-57-58-96-87-13-91-69-4-97-70-49-18-35-67-75-64-77-23-48-84-74-17-85-27-51-50-21-59-10-53-93-15-3-62-79-5-36-24-44-22-54-46-6-47-42-95-90-41-29-11-19-61
Ta100x20,6,3,300,1,0.1,4,2230604237,17000,6714,6437,6144,4.446102652,v2_avx512bw_vec32_exact_perm,56-86-98-32-83-72-39-54-1-82-100-8-43-76-37-69-88-89-2-16-66-99-92-29-10-12-55-70-81-25-58-65-9-80-7-33-38-21-50-30-34-18-78-4-14-52-57-53-23-94-26-68-27-74-3-71-87-31-5-28-60-22-93-48-91-40-35-20-24-45-75-17-6-13-49-97-84-73-15-77-59-51-95-46-62-36-47-85-64-63-90-79-67-42-96-11-44-41-19-61
Ta100x20,6,3,300,1,0.1,5,2230605246,17000,6717,6437,6144,5.592630858,v2_avx512bw_vec32_exact_perm,56-86-83-82-39-32-99-98-88-7-43-37-1-23-20-28-40-8-55-94-92-21-33-74-13-69-100-80-89-14-57-12-75-65-16-96-52-78-81-2-58-76-60-34-71-27-31-73-26-66-9-41-18-85-29-45-44-91-10-87-53-3-22-25-68-48-64-24-61-79-84-72-35-97-50-17-38-63-67-42-4-49-77-70-93-6-51-47-59-5-30-19-46-15-90-36-62-54-95-11
Ta100x20,6,3,300,1,0.1,6,2230606255,17000,6708,6437,6144,4.296621093,v2_avx512bw_vec32_exact_perm,56-86-88-8-39-20-82-65-26-83-37-16-9-30-98-12-92-99-23-100-72-14-89-40-32-66-55-28-81-75-21-71-63-58-52-76-78-69-60-22-1-45-33-68-50-10-2-38-57-94-97-17-84-7-25-3-80-34-77-87-53-18-91-70-49-31-5-24-29-35-47-43-27-13-15-36-48-4-85-67-59-74-93-64-6-96-44-90-54-62-79-42-73-11-51-46-41-95-19-61
Ta100x20,6,3,300,1,0.1,7,2230607264,17000,6731,6437,6144,4.247490531,v2_avx512bw_vec32_exact_perm,56-82-86-54-83-39-98-37-21-2-92-88-89-65-8-72-7-29-78-99-52-58-9-1-31-25-80-27-30-68-34-74-76-71-32-33-18-55-45-66-10-12-75-43-23-53-64-70-28-48-5-60-13-94-16-17-96-26-69-38-91-100-79-14-4-97-84-77-40-57-87-51-15-36-62-35-85-20-50-24-11-42-95-49-46-90-59-44-47-22-93-81-73-3-67-6-41-63-19-61
Ta100x20,6,3,300,1,0.1,8,2230608273,17000,6697,6437,6144,4.218952769,v2_avx512bw_vec32_exact_perm,56-86-83-2-32-82-7-39-76-20-1-99-72-88-81-8-33-25-63-92-26-37-55-69-100-23-9-89-21-16-27-66-74-78-67-91-14-38-97-4-3-12-65-77-79-10-30-28-68-71-87-31-34-58-52-75-40-98-94-17-24-84-35-64-36-29-80-47-45-60-13-57-96-85-22-93-5-53-62-70-48-43-6-15-54-51-90-49-59-46-73-42-18-44-50-11-95-41-19-61
Ta100x20,6,3,300,1,0.1,9,2230609282,17000,6716,6437,6144,4.404851055,v2_avx512bw_vec32_exact_perm,56-86-88-83-8-39-98-20-2-82-12-43-32-89-7-1-37-80-28-69-57-55-78-38-34-27-30-9-92-94-25-59-49-99-33-100-14-63-87-45-16-31-23-40-66-75-4-60-97-76-58-65-10-74-71-96-68-13-15-52-81-53-72-22-48-3-77-6-29-21-64-70-35-84-5-24-17-62-18-73-91-51-26-46-90-11-44-67-36-42-85-50-79-95-93-54-41-47-19-61
Ta100x20,6,3,300,1,0.1,10,2230610291,17000,6710,6437,6144,4.721146536,v2_avx512bw_vec32_exact_perm,56-86-88-83-30-39-82-26-99-8-32-20-98-12-37-72-25-92-2-47-33-69-10-16-34-80-21-81-23-29-65-31-1-71-94-40-58-55-52-100-75-76-66-38-28-60-97-7-13-57-48-78-22-70-4-74-95-89-17-5-53-87-85-14-3-51-50-27-91-18-6-36-77-84-44-64-45-43-46-49-35-96-24-59-79-62-42-73-9-68-90-54-11-15-63-93-41-67-19-61
Ta100x20,6,3,300,1,0.125,1,2230601210,17000,6732,6437,6144,4.110380926,v2_avx512bw_vec32_exact_perm,56-86-88-39-82-12-32-1-9-30-99-20-2-83-37-74-92-69-100-72-89-71-81-7-8-98-70-25-78-27-66-28-80-35-54-5-94-40-52-33-91-58-60-63-75-48-31-38-65-34-13-55-23-10-15-43-59-16-68-21-97-29-36-64-24-51-84-45-85-18-53-4-22-50-87-76-14-46-26-47-17-6-77-62-79-93-57-3-67-42-90-73-11-96-49-41-44-95-19-61
Ta100x20,6,3,300,1,0.125,2,2230602219,17000,6709,6437,6144,4.269575463,v2_avx512bw_vec32_exact_perm,56-83-86-20-82-1-88-37-39-69-26-89-9-78-7-72-65-68-8-99-76-66-34-2-52-33-32-14-75-60-98-3-84-23-71-16-97-22-92-45-74-30-100-57-21-80-27-58-10-55-28-81-38-31-49-13-95-43-40-35-12-17-5-48-50-79-77-96-94-87-91-24-25-90-46-15-62-73-70-63-64-53-18-36-59-4-11-6-44-42-47-85-67-29-54-93-51-41-19-61
Ta100x20,6,3,300,1,0.125,3,2230603228,17000,6706,6437,6144,4.096143406,v2_avx512bw_vec32_exact_perm,56-83-86-88-12-20-72-32-37-39-8-26-69-28-82-98-78-16-33-100-75-43-1-9-21-89-68-66-52-94-23-38-58-30-2-99-14-81-76-80-40-27-65-4-34-25-49-77-84-35-71-92-13-7-55-31-70-96-57-50-85-87-63-48-3-97-60-45-18-59-6-91-64-5-74-22-17-24-36-53-46-90-42-15-10-51-79-41-62-44-29-61-73-47-67-19-93-54-95-11
Ta100x20,6,3,300,1,0.125,4,2230604237,17000,6714,6437,6144,4.137180693,v2_avx512bw_vec32_exact_perm,56-83-86-39-7-82-72-20-8-32-88-37-26-23-55-92-52-97-99-1-71-9-76-21-89-98-38-14-80-60-69-12-28-33-75-3-53-16-29-100-2-81-34-57-68-65-25-87-74-64-58-13-31-17-5-91-94-95-84-10-51-47-15-48-70-66-43-49-78-35-27-40-30-22-44-96-93-6-77-36-24-62-18-46-85-63-42-67-79-45-73-54-50-11-90-4-41-59-19-61
Ta100x20,6,3,300,1,0.125,5,2230605246,17000,6724,6437,6144,4.487506881,v2_avx512bw_vec32_exact_perm,56-39-86-82-20-69-78-43-37-32-83-9-100-88-89-1-34-72-92-74-8-97-26-98-25-94-38-48-2-81-65-33-4-7-59-55-52-28-45-71-80-68-14-60-3-27-66-58-23-12-16-70-75-10-53-57-40-99-87-31-35-18-29-15-84-91-49-22-64-24-96-76-47-85-77-95-62-5-90-11-46-63-21-51-6-17-30-13-73-67-41-79-44-36-93-54-50-42-19-61
Ta100x20,6,3,300,1,0.125,6,2230606255,17000,6703,6437,6144,4.091838152,v2_avx512bw_vec32_exact_perm,56-83-86-54-8-39-72-26-37-99-10-32-12-92-76-7-82-65-88-98-16-2-33-89-34-52-45-17-68-94-71-57-55-80-69-81-100-74-66-58-28-78-3-23-30-15-29-70-97-60-25-38-84-40-46-35-1-43-22-93-13-24-14-67-9-87-75-79-50-48-20-77-31-96-91-49-59-4-64-73-36-6-18-27-85-90-51-63-42-44-47-21-62-5-11-53-95-41-19-61
Ta100x20,6,3,300,1,0.125,7,2230607264,17000,6715,6437,6144,4.068680548,v2_avx512bw_vec32_exact_perm,56-86-39-82-2-30-1-88-83-72-26-12-98-20-9-32-37-25-80-92-43-7-65-16-89-38-69-8-94-14-99-97-71-48-21-76-75-74-52-58-60-45-66-28-49-100-29-77-55-81-87-4-63-17-33-13-40-91-84-27-3-78-24-23-18-22-34-53-64-50-10-15-57-59-67-95-68-96-73-5-62-36-93-35-42-70-31-90-54-85-6-41-46-44-51-79-11-47-19-61
Ta100x20,6,3,300,1,0.125,8,2230608273,17000,6740,6437,6144,4.125498685,v2_avx512bw_vec32_exact_perm,56-86-88-83-98-37-20-8-89-82-30-78-99-25-100-32-29-33-2-68-12-52-80-28-1-39-58-92-7-65-55-72-23-34-95-81-45-43-60-94-40-57-71-22-49-69-27-87-31-18-50-76-38-15-14-84-75-9-64-96-10-63-48-74-79-73-35-53-91-59-70-77-4-13-21-26-66-17-90-24-97-36-5-62-54-51-16-11-42-6-67-47-85-3-46-93-41-44-19-61
Ta100x20,6,3,300,1,0.125,9,2230609282,17000,6692,6437,6144,3.944201221,v2_avx512bw_vec32_exact_perm,56-86-83-39-72-88-82-20-7-37-40-76-8-66-99-32-2-69-9-1-65-100-26-14-57-63-75-97-52-64-33-89-28-81-38-12-98-68-94-29-71-21-18-80-45-60-58-34-16-31-23-10-17-3-50-55-96-25-79-15-27-92-91-87-74-77-35-13-70-78-53-24-73-84-42-5-67-49-22-95-59-43-51-85-62-48-90-41-46-30-93-36-44-54-4-6-11-47-19-61
Ta100x20,6,3,300,1,0.125,10,2230610291,17000,6692,6437,6144,3.9497988,v2_avx512bw_vec32_exact_perm,56-39-8-86-88-83-32-89-82-7-37-100-99-66-71-9-20-26-10-76-58-2-72-78-43-16-97-92-55-67-45-34-1-60-94-3-14-25-84-80-52-81-57-98-75-27-53-69-79-65-40-33-74-12-91-38-28-4-49-46-54-17-87-35-23-77-73-31-18-48-64-68-50-29-6-15-59-44-96-21-85-24-13-30-70-22-63-93-51-47-36-62-95-5-11-42-90-41-19-61
Ta100x20,6,4,400,0.85,0.025,1,2230601210,17000,6542,6437,6144,5.189559442,v2_avx512bw_vec32_exact_perm,56-82-39-86-72-83-20-2-37-8-88-65-38-89-34-99-55-92-25-33-32-26-30-10-16-100-98-28-80-3-71-40-69-81-94-76-7-9-58-60-66-75-23-14-1-52-45-68-57-43-12-13-17-64-4-70-74-78-31-91-24-79-48-63-97-84-15-67-27-49-21-62-35-96-87-50-77-46-73-36-85-93-29-53-11-51-47-5-22-6-44-42-18-59-90-54-95-41-19-61
Ta100x20,6,4,400,0.85,0.025,2,2230602219,17000,6557,6437,6144,5.388563141,v2_avx512bw_vec32_exact_perm,56-86-83-32-82-99-20-39-92-69-89-37-7-43-55-2-25-8-26-1-10-81-72-98-88-52-100-63-60-94-28-65-23-91-76-74-66-12-33-34-4-64-80-71-27-40-48-68-97-3-58-38-78-9-59-35-53-57-45-50-31-14-16-30-87-75-96-17-24-67-84-70-18-5-49-21-15-42-22-44-13-73-77-62-79-47-29-36-41-85-6-93-46-90-51-54-95-11-19-61
Ta100x20,6,4,400,0.85,0.025,3,2230603228,17000,6597,6437,6144,5.119898853,v2_avx512bw_vec32_exact_perm,86-88-83-37-20-82-39-38-8-99-2-10-98-32-89-7-14-12-52-65-100-69-66-57-9-1-72-68-34-58-78-21-23-45-92-55-27-76-25-16-40-80-33-29-81-26-60-22-53-74-75-94-56-13-4-71-64-30-28-48-47-5-97-49-67-87-95-35-77-73-24-96-17-36-84-46-93-3-41-15-79-43-85-44-31-59-91-62-50-42-70-90-18-6-11-51-54-63-19-61
Ta100x20,6,4,400,0.85,0.025,4,2230604237,17000,6579,6437,6144,4.967979569,v2_avx512bw_vec32_exact_perm,56-83-86-39-82-9-20-89-12-69-37-8-92-99-72-74-53-71-88-2-52-65-1-66-7-94-43-81-78-98-60-16-32-97-33-14-30-100-25-55-28-85-23-57-63-76-80-38-50-34-58-40-75-3-70-21-35-27-84-31-10-91-59-26-18-17-87-44-24-62-13-64-5-49-77-45-68-22-47-67-4-46-48-6-42-51-93-29-96-79-15-11-36-73-90-54-95-41-19-61
Ta100x20,6,4,400,0.85,0.025,5,2230605246,17000,6536,6437,6144,4.970476108,v2_avx512bw_vec32_exact_perm,56-86-83-32-2-72-82-39-20-37-8-88-89-12-28-1-100-63-33-38-81-99-26-74-60-34-9-94-69-66-65-52-71-55-3-92-91-7-97-23-10-21-16-14-76-45-30-58-48-78-80-25-75-17-57-53-98-68-70-5-40-31-64-96-50-35-59-49-22-18-84-15-27-4-24-13-87-29-6-43-85-77-11-51-73-36-42-62-79-46-44-93-54-90-67-47-95-41-19-61
Ta100x20,6,4,400,0.85,0.025,6,2230606255,17000,6632,6437,6144,5.308203895,v2_avx512bw_vec32_exact_perm,56-83-86-88-39-8-82-26-9-12-33-2-1-14-37-20-71-69-68-30-99-98-100-32-52-92-25-28-60-76-16-65-7-94-23-81-38-89-70-34-58-72-66-29-55-13-74-27-78-97-80-53-40-10-17-57-45-63-87-43-84-48-49-75-5-64-77-47-95-4-91-67-21-35-22-31-24-85-3-73-79-96-44-18-15-62-51-93-46-36-11-6-90-42-59-54-50-41-19-61
Ta100x20,6,4,400,0.85,0.025,7,2230607264,17000,6610,6437,6144,4.989702221,v2_avx512bw_vec32_exact_perm,56-86-88-83-82-26-32-39-20-8-37-12-33-10-76-2-34-98-89-80-9-72-16-71-1-13-100-69-92-94-7-38-25-30-58-52-65-81-74-55-28-14-31-29-68-45-57-78-15-97-23-70-22-48-5-60-27-99-18-84-66-50-21-35-77-17-40-53-75-67-3-4-64-43-96-24-49-59-42-62-36-79-46-87-44-47-90-51-93-91-54-85-73-6-11-95-63-41-19-61
Ta100x20,6,4,400,0.85,0.025,8,2230608273,17000,6599,6437,6144,5.00044351,v2_avx512bw_vec32_exact_perm,56-86-72-88-83-82-39-20-38-30-37-2-1-8-32-97-89-7-99-40-52-34-65-16-55-92-26-28-33-14-60-69-9-94-78-58-12-71-45-76-29-31-98-27-10-68-23-25-91-80-81-42-100-77-50-21-57-64-13-66-75-49-3-51-15-87-35-24-48-43-4-74-96-70-46-53-5-6-22-18-85-63-79-11-17-84-44-67-62-93-36-47-95-41-59-90-54-73-19-61
Ta100x20,6,4,400,0.85,0.025,9,2230609282,17000,6586,6437,6144,4.976795882,v2_avx512bw_vec32_exact_perm,56-88-83-39-82-72-8-32-10-1-12-43-98-78-33-52-37-99-2-66-20-26-29-9-89-100-65-69-7-16-30-76-14-60-86-94-58-80-34-75-57-81-40-28-23-31-21-91-4-71-3-87-92-38-49-97-13-15-70-68-25-47-55-24-45-64-63-77-17-54-79-48-84-96-5-50-27-85-74-35-36-22-11-73-42-51-44-62-93-46-53-59-6-90-18-67-95-41-19-61
Ta100x20,6,4,400,0.85,0.025,10,2230610291,17000,6586,6437,6144,5.012038163,v2_avx512bw_vec32_exact_perm,56-83-86-82-39-20-37-8-88-65-12-98-89-7-16-2-26-99-43-1-23-38-66-40-28-92-94-32-10-52-78-60-69-33-71-72-100-57-76-9-45-80-63-48-34-81-58-31-97-55-35-21-15-96-49-95-68-25-77-27-73-84-30-75-74-4-13-22-3-17-14-87-85-53-24-18-91-64-50-6-67-59-5-70-47-79-62-61-46-93-51-41-90-44-36-42-54-29-19-11
Ta100x20,6,4,400,0.85,0.05,1,2230601210,17000,6619,6437,6144,5.226456365,v2_avx512bw_vec32_exact_perm,56-86-88-83-39-72-8-32-98-89-82-20-40-33-2-99-92-12-37-7-28-80-65-43-45-1-25-52-68-55-100-81-58-29-26-94-74-75-23-69-10-78-27-60-30-71-9-66-91-70-38-97-53-48-79-64-76-3-14-4-49-18-87-59-31-35-77-34-57-17-6-15-50-16-96-46-84-93-24-44-13-36-42-47-62-5-22-21-51-90-11-54-85-67-73-95-63-41-19-61
Ta100x20,6,4,400,0.85,0.05,2,2230602219,17000,6586,6437,6144,4.947000144,v2_avx512bw_vec32_exact_perm,56-83-86-82-39-20-2-37-8-12-88-1-43-89-99-69-30-10-28-92-80-55-33-98-78-23-25-26-16-21-71-52-65-7-32-9-14-76-81-94-58-66-100-74-4-40-53-91-31-29-64-57-60-34-3-97-15-27-79-67-48-38-49-73-13-6-75-24-72-45-85-77-22-17-84-18-36-35-93-70-96-68-87-50-51-46-90-59-62-42-5-44-11-47-54-95-63-41-19-61
Ta100x20,6,4,400,0.85,0.05,3,2230603228,17000,6646,6437,6144,5.390305745,v2_avx512bw_vec32_exact_perm,56-86-88-83-72-8-39-82-43-1-99-33-38-81-32-25-20-100-13-76-23-9-2-10-37-55-92-26-69-34-68-94-65-12-66-16-29-52-14-97-89-30-58-70-4-40-28-78-80-71-21-48-7-75-50-15-31-24-79-63-98-60-87-57-64-45-27-18-84-96-49-35-5-22-3-6-46-17-77-91-85-53-59-74-73-51-11-36-93-42-44-54-90-62-47-67-95-41-19-61
Ta100x20,6,4,400,0.85,0.05,4,2230604237,17000,6664,6437,6144,5.195618763,v2_avx512bw_vec32_exact_perm,56-86-88-83-39-98-82-2-20-30-14-89-12-92-37-8-72-26-29-81-99-9-94-69-68-45-16-7-100-34-65-25-58-71-75-76-77-3-97-23-55-40-52-60-63-49-70-1-27-38-85-35-22-50-21-28-17-66-57-31-33-64-10-84-24-59-87-6-32-78-13-4-91-80-48-5-67-79-96-43-93-54-46-90-74-15-36-11-51-44-73-53-18-62-61-42-47-95-41-19
Ta100x20,6,4,400,0.85,0.05,5,2230605246,17000,6687,6437,6144,5.090106557,v2_avx512bw_vec32_exact_perm,56-86-54-39-32-37-8-83-98-20-82-72-12-99-65-92-30-78-60-28-74-52-1-97-69-14-16-9-88-89-33-71-40-27-2-94-7-81-100-80-34-31-66-58-76-43-4-13-64-49-25-57-35-21-38-45-23-75-26-77-44-55-63-10-3-50-87-84-91-5-90-96-18-17-93-70-53-68-36-22-29-6-15-46-42-51-48-24-79-85-73-11-67-47-59-95-41-19-62-61
Ta100x20,6,4,400,0.85,0.05,6,2230606255,17000,6681,6437,6144,5.178009209,v2_avx512bw_vec32_exact_perm,56-86-88-39-8-32-98-82-37-9-2-89-83-7-20-12-80-28-69-99-72-100-4-1-14-52-92-55-10-33-71-78-81-54-34-58-27-75-40-60-38-25-29-94-64-26-76-91-31-6-74-65-50-16-21-97-66-48-77-3-87-13-17-22-45-49-35-68-67-15-24-57-85-63-73-36-23-84-44-18-96-70-79-53-90-5-62-42-95-59-46-30-93-43-47-11-51-41-19-61
Ta100x20,6,4,400,0.85,0.05,7,2230607264,17000,6613,6437,6144,5.060282305,v2_avx512bw_vec32_exact_perm,86-88-83-39-72-8-26-9-2-82-100-1-33-37-98-20-89-12-32-7-71-69-78-99-92-52-81-30-65-14-25-56-10-23-16-28-76-34-4-60-80-97-55-38-43-31-66-57-79-74-64-27-48-29-68-40-94-58-77-15-63-3-17-59-84-18-53-24-93-36-87-13-75-35-49-96-22-70-6-85-67-46-47-44-95-91-45-62-73-21-5-11-51-42-90-54-50-41-19-61
Ta100x20,6,4,400,0.85,0.05,8,2230608273,17000,6614,6437,6144,4.932144042,v2_avx512bw_vec32_exact_perm,56-83-86-82-39-20-88-37-89-74-12-33-38-7-8-99-32-28-1-2-97-80-98-92-16-52-65-10-23-63-27-69-72-55-78-40-4-68-71-34-9-14-31-26-3-64-30-100-57-81-76-45-91-5-15-18-79-25-75-13-66-94-58-60-50-22-48-24-21-53-59-84-35-17-42-96-87-73-43-36-77-51-49-62-46-67-85-93-47-6-29-70-61-44-19-90-41-54-95-11
Ta100x20,6,4,400,0.85,0.05,9,2230609282,17000,6600,6437,6144,4.895632978,v2_avx512bw_vec32_exact_perm,56-82-39-86-99-20-40-83-8-26-32-2-33-12-37-9-89-98-16-69-92-88-76-23-45-66-55-43-1-68-10-34-81-94-25-77-100-80-60-28-65-75-14-7-35-57-74-38-53-70-31-78-52-71-27-58-29-21-48-6-13-87-50-85-93-3-67-72-64-91-44-42-63-4-96-17-49-79-22-18-15-84-24-97-46-11-59-47-36-73-30-51-62-5-90-54-95-41-19-61
Ta100x20,6,4,400,0.85,0.05,10,2230610291,17000,6608,6437,6144,4.892013391,v2_avx512bw_vec32_exact_perm,56-39-8-86-89-88-20-83-82-92-25-55-7-37-9-30-26-71-2-76-100-98-33-14-72-12-1-28-4-58-74-75-73-65-66-21-99-60-48-34-91-68-3-32-38-52-94-45-69-64-35-43-49-81-23-57-70-78-77-96-80-40-50-17-18-16-97-53-24-36-10-15-87-31-29-84-13-27-44-85-63-22-79-11-67-5-62-51-42-47-6-93-46-90-59-54-95-41-19-61
Ta100x20,6,4,400,0.85,0.075,1,2230601210,17000,6626,6437,6144,5.990114195,v2_avx512bw_vec32_exact_perm,56-83-86-26-9-32-20-82-39-38-69-8-99-7-37-2-33-89-34-28-78-55-72-1-40-88-65-98-12-4-23-68-14-97-52-71-92-57-80-91-100-74-10-48-77-47-24-75-45-94-76-25-81-66-43-16-30-31-5-60-73-96-58-22-87-63-79-61-50-84-49-21-17-64-27-3-36-93-70-85-35-18-51-46-15-44-53-13-62-67-41-42-95-90-6-59-54-29-19-11
Ta100x20,6,4,400,0.85,0.075,2,2230602219,17000,6644,6437,6144,5.479699124,v2_avx512bw_vec32_exact_perm,56-86-39-82-88-72-8-83-7-99-9-20-89-37-71-28-1-78-33-40-100-34-55-68-32-98-65-59-94-52-14-58-23-12-75-66-25-92-69-27-76-31-73-17-80-26-10-41-95-85-84-91-2-77-43-81-13-93-16-53-48-64-74-3-5-60-24-87-18-6-57-46-42-96-62-45-35-97-49-21-30-15-50-29-36-79-63-38-22-47-44-67-4-70-90-11-51-54-19-61
Ta100x20,6,4,400,0.85,0.075,3,2230603228,17000,6634,6437,6144,5.379613238,v2_avx512bw_vec32_exact_perm,56-86-32-88-39-43-83-8-37-99-9-89-100-98-26-12-1-69-82-33-20-16-25-94-52-68-92-71-80-2-97-76-28-55-34-30-75-74-10-50-57-31-66-81-65-38-5-48-78-72-59-45-27-58-7-22-14-23-60-13-40-91-87-49-17-77-4-70-96-35-21-18-64-15-63-36-46-79-90-73-62-67-85-53-84-24-29-93-42-6-3-47-44-51-11-54-95-41-19-61
Ta100x20,6,4,400,0.85,0.075,4,2230604237,17000,6640,6437,6144,5.09745368,v2_avx512bw_vec32_exact_perm,56-83-86-82-39-8-88-98-89-92-99-1-12-2-43-54-74-20-4-7-37-33-72-78-71-65-28-55-25-16-32-69-80-34-76-53-100-29-58-60-40-3-27-52-75-10-97-66-23-57-14-87-81-96-31-30-64-9-26-15-49-13-77-91-50-68-70-24-38-45-35-94-84-5-47-48-18-51-73-21-17-22-67-90-79-93-46-36-44-42-59-62-6-85-95-11-63-41-19-61
Ta100x20,6,4,400,0.85,0.075,5,2230605246,17000,6681,6437,6144,5.106531556,v2_avx512bw_vec32_exact_perm,56-86-88-39-8-37-2-82-83-20-32-65-9-23-1-43-78-60-12-98-99-25-29-10-89-100-80-28-14-38-40-16-3-69-55-30-58-27-76-52-33-97-48-26-92-94-71-7-81-74-13-24-45-75-66-49-34-57-77-15-17-31-21-22-91-73-4-87-50-72-68-53-67-64-5-36-35-93-42-96-51-63-84-85-62-70-90-79-46-19-54-59-11-44-47-41-6-95-18-61
Ta100x20,6,4,400,0.85,0.075,6,2230606255,17000,6663,6437,6144,5.363968017,v2_avx512bw_vec32_exact_perm,56-86-83-98-30-32-82-72-8-99-39-12-88-100-65-74-16-26-37-58-20-33-25-78-68-34-89-52-29-2-76-7-75-81-97-27-79-92-31-40-4-13-1-71-48-69-80-77-94-43-66-21-35-9-87-67-38-60-3-23-28-55-49-14-91-10-45-22-36-18-24-84-17-90-70-73-5-53-64-42-57-15-59-11-47-63-46-44-93-62-54-50-85-6-51-96-95-41-19-61
Ta100x20,6,4,400,0.85,0.075,7,2230607264,17000,6620,6437,6144,5.466127621,v2_avx512bw_vec32_exact_perm,56-39-86-20-89-82-43-2-72-83-1-9-37-8-65-99-7-12-92-52-55-14-32-69-94-34-33-3-78-28-80-88-60-81-76-98-23-91-10-66-70-100-71-68-75-45-51-35-97-48-58-96-16-79-25-57-77-74-49-22-27-64-85-31-17-38-30-36-50-13-18-87-15-24-11-26-21-73-47-29-62-63-40-4-84-42-93-67-6-46-90-59-53-95-54-5-44-41-19-61
Ta100x20,6,4,400,0.85,0.075,8,2230608273,17000,6650,6437,6144,5.015223365,v2_avx512bw_vec32_exact_perm,56-86-83-82-88-9-20-26-39-32-65-8-76-69-1-37-12-97-98-55-74-28-72-58-24-94-99-23-66-89-81-38-68-52-33-35-75-71-34-13-29-100-31-59-64-27-40-30-10-14-16-18-79-45-48-60-2-91-80-5-25-73-21-62-92-78-63-7-3-46-67-4-57-77-87-15-90-53-36-42-49-17-93-70-84-11-47-43-85-22-44-50-51-54-95-96-41-6-19-61
Ta100x20,6,4,400,0.85,0.075,9,2230609282,17000,6630,6437,6144,5.525187024,v2_avx512bw_vec32_exact_perm,56-83-86-82-39-20-37-100-72-1-10-8-43-99-65-32-81-98-2-38-25-48-28-30-69-26-80-27-94-33-74-58-89-16-92-12-71-87-31-52-3-18-7-14-17-68-59-66-21-55-57-23-45-49-75-60-97-35-34-41-78-76-95-9-88-40-64-84-13-5-91-53-77-44-24-4-67-96-73-62-22-46-70-85-47-15-79-36-50-63-6-42-93-90-29-11-54-51-19-61
Ta100x20,6,4,400,0.85,0.075,10,2230610291,17000,6633,6437,6144,5.112529644,v2_avx512bw_vec32_exact_perm,56-86-88-83-39-72-82-8-37-9-1-68-2-100-26-98-92-99-89-29-12-65-76-10-25-52-20-69-43-32-23-81-97-14-33-55-17-40-30-78-57-7-75-28-35-77-21-64-3-60-91-80-67-49-58-16-31-94-74-71-66-48-34-70-45-13-38-53-51-46-87-24-15-50-44-27-42-47-85-11-84-59-18-73-79-4-63-93-36-96-62-6-22-5-90-54-95-41-19-61
Ta100x20,6,4,400,0.85,0.1,1,2230601210,17000,6654,6437,6144,5.818285831,v2_avx512bw_vec32_exact_perm,56-39-86-37-20-83-82-32-89-30-100-28-33-12-72-98-69-55-75-7-81-47-1-8-38-97-26-88-2-9-45-76-99-34-13-66-17-3-92-52-80-71-87-63-4-68-70-48-16-10-94-14-57-58-27-78-84-65-74-64-91-40-53-5-23-25-60-15-24-79-22-77-44-36-11-49-85-43-31-29-73-96-67-46-59-51-42-93-6-62-18-21-35-90-54-50-95-41-19-61
Ta100x20,6,4,400,0.85,0.1,2,2230602219,17000,6662,6437,6144,5.758716752,v2_avx512bw_vec32_exact_perm,56-86-83-37-54-82-88-1-43-2-39-8-99-98-89-32-69-7-38-65-74-20-66-52-78-71-92-76-94-25-53-60-68-100-72-45-48-57-23-81-34-33-12-28-16-10-49-97-63-80-27-26-91-55-96-77-84-58-30-31-5-17-50-87-14-40-13-21-15-9-35-64-70-24-36-3-79-42-59-18-95-62-85-67-51-73-90-22-6-47-93-4-46-75-44-11-29-41-19-61
Ta100x20,6,4,400,0.85,0.1,3,2230603228,17000,6680,6437,6144,5.51985149,v2_avx512bw_vec32_exact_perm,56-86-82-88-39-8-83-28-30-26-9-76-20-92-32-37-72-55-14-66-10-89-1-94-68-21-16-65-69-2-52-71-33-12-81-98-100-29-78-97-99-77-60-43-17-23-57-7-58-75-40-38-25-50-53-48-49-91-70-3-45-27-84-34-35-80-24-64-74-5-13-15-36-18-90-11-31-87-44-63-59-96-79-62-22-85-42-93-46-4-67-73-51-6-54-95-47-41-19-61
Ta100x20,6,4,400,0.85,0.1,4,2230604237,17000,6681,6437,6144,5.678689836,v2_avx512bw_vec32_exact_perm,56-86-88-39-8-21-37-83-98-82-26-69-20-18-10-76-89-43-74-100-55-29-42-72-92-65-2-52-16-66-1-28-33-12-32-78-97-40-94-23-27-71-49-60-7-63-30-57-14-81-58-70-4-25-91-64-36-80-38-75-3-53-96-31-79-77-17-15-34-24-84-47-9-85-99-13-87-48-50-41-5-67-68-44-45-6-62-22-35-46-90-59-54-93-73-51-95-11-19-61
Ta100x20,6,4,400,0.85,0.1,5,2230605246,17000,6704,6437,6144,5.887515273,v2_avx512bw_vec32_exact_perm,56-86-2-72-8-99-7-26-83-9-68-32-1-43-82-63-39-20-37-12-69-33-38-45-98-100-89-78-25-16-53-28-60-23-29-97-21-55-92-48-81-58-34-52-76-30-27-66-70-24-4-88-36-75-3-65-84-64-17-71-18-5-40-35-87-13-59-94-15-67-49-6-85-46-31-14-44-10-80-77-96-91-93-54-62-11-74-22-73-50-57-47-90-79-42-61-51-95-41-19
Ta100x20,6,4,400,0.85,0.1,6,2230606255,17000,6619,6437,6144,5.346715665,v2_avx512bw_vec32_exact_perm,56-86-88-83-39-72-8-12-37-2-98-82-43-33-78-89-7-40-28-92-99-32-38-65-52-4-26-97-27-60-84-9-1-66-29-76-14-10-20-94-68-25-55-100-69-23-81-77-57-64-13-34-91-15-80-35-95-49-21-87-18-31-3-16-71-45-22-50-48-24-30-75-85-36-70-17-96-53-58-11-79-74-6-46-44-5-93-47-42-51-41-67-59-90-63-62-54-73-19-61
Ta100x20,6,4,400,0.85,0.1,7,2230607264,17000,6664,6437,6144,5.08333546,v2_avx512bw_vec32_exact_perm,56-83-86-82-26-9-98-2-32-30-100-40-8-12-69-81-20-37-74-27-65-99-29-33-76-80-78-39-28-89-7-10-92-94-71-13-52-97-31-55-1-57-21-66-88-75-34-15-48-4-72-45-68-16-38-22-63-14-17-23-49-87-24-50-64-3-25-53-18-77-35-58-84-44-70-60-36-46-51-47-85-96-54-67-79-5-59-91-93-6-61-43-90-42-73-41-19-62-95-11
Ta100x20,6,4,400,0.85,0.1,8,2230608273,17000,6655,6437,6144,5.214036739,v2_avx512bw_vec32_exact_perm,56-86-88-83-8-39-82-32-75-7-20-99-12-28-23-26-33-2-98-43-89-52-37-66-30-40-10-78-65-14-16-76-29-100-72-25-4-1-38-9-69-97-71-80-55-34-92-57-21-64-24-94-81-31-6-48-63-60-84-73-91-45-3-15-27-79-22-93-58-36-85-61-49-17-77-96-51-68-46-13-35-53-59-47-87-44-42-18-70-54-74-95-41-50-5-90-62-67-19-11
Ta100x20,6,4,400,0.85,0.1,9,2230609282,17000,6652,6437,6144,4.970519146,v2_avx512bw_vec32_exact_perm,56-39-8-86-88-37-43-82-83-99-38-65-1-9-89-26-98-34-52-32-40-69-20-80-10-66-14-7-57-2-4-72-12-58-16-55-92-23-21-75-33-28-94-70-71-29-78-48-68-45-64-13-81-27-76-49-60-100-97-25-5-17-3-18-15-74-53-31-91-77-87-51-30-90-62-46-96-35-22-24-84-85-6-67-93-73-50-36-79-59-63-11-54-42-44-95-41-47-19-61
Ta100x20,6,4,400,0.85,0.1,10,2230610291,17000,6666,6437,6144,4.999744374,v2_avx512bw_vec32_exact_perm,56-82-86-83-98-39-8-36-65-1-88-37-100-92-72-69-94-7-32-26-2-89-16-71-68-66-52-12-97-33-25-30-38-20-3-29-58-31-14-10-55-9-57-80-76-79-34-78-48-40-27-60-70-24-96-84-13-35-85-43-23-81-28-15-53-87-17-50-67-75-99-77-18-4-64-49-59-74-44-63-41-22-45-62-5-47-95-42-93-46-21-91-54-6-51-90-11-73-19-61
Ta100x20,6,4,400,0.85,0.125,1,2230601210,17000,6696,6437,6144,5.053510197,v2_avx512bw_vec32_exact_perm,56-82-39-86-20-83-12-8-65-88-2-28-1-100-37-9-72-76-7-98-55-32-14-33-30-23-58-81-25-43-3-66-31-5-21-16-40-45-50-68-69-89-38-34-35-75-59-26-67-17-91-4-99-10-97-78-36-80-92-87-71-57-94-24-64-13-52-85-63-49-84-15-22-70-62-73-29-53-74-93-48-47-27-79-90-77-60-18-42-44-6-41-51-46-96-11-54-95-19-61
Ta100x20,6,4,400,0.85,0.125,2,2230602219,17000,6667,6437,6144,5.43824242,v2_avx512bw_vec32_exact_perm,56-39-83-86-8-88-26-37-12-32-2-100-98-99-82-9-28-65-71-52-89-81-55-20-69-4-25-1-75-94-80-34-64-92-66-58-72-16-76-50-43-14-23-84-33-57-60-97-68-7-31-77-49-27-15-91-45-40-78-3-17-13-59-53-38-74-70-61-18-62-10-96-46-85-48-36-22-67-51-24-79-35-73-21-90-30-54-87-5-6-29-47-44-42-93-63-11-95-41-19
Ta100x20,6,4,400,0.85,0.125,3,2230603228,17000,6661,6437,6144,4.906800756,v2_avx512bw_vec32_exact_perm,56-86-88-83-82-9-32-39-1-38-20-2-52-33-28-8-99-16-78-100-89-98-71-76-81-69-21-3-26-7-10-37-34-68-80-92-25-43-23-55-45-66-60-75-94-91-70-57-58-84-14-65-97-12-49-24-40-29-13-64-72-31-15-48-63-50-77-35-36-87-46-53-4-18-96-6-59-5-62-85-11-41-74-51-67-47-17-22-44-30-42-79-95-93-73-90-54-27-19-61
Ta100x20,6,4,400,0.85,0.125,4,2230604237,17000,6664,6437,6144,5.004680521,v2_avx512bw_vec32_exact_perm,56-86-88-83-39-8-43-55-99-7-78-82-9-37-26-100-92-25-89-1-33-66-72-38-94-81-21-69-71-16-13-98-20-76-14-80-28-12-2-64-65-29-10-68-52-50-59-57-87-31-3-97-30-18-23-75-60-45-32-27-40-15-17-49-4-74-54-77-91-53-34-48-73-84-79-36-35-96-46-93-58-90-42-6-85-24-44-47-67-11-70-51-62-5-22-95-63-41-19-61
Ta100x20,6,4,400,0.85,0.125,5,2230605246,17000,6677,6437,6144,5.049092196,v2_avx512bw_vec32_exact_perm,56-83-86-82-39-98-20-2-100-26-37-8-32-68-99-14-12-74-69-7-71-76-89-92-16-84-45-65-78-34-94-28-81-58-80-31-91-55-25-1-3-15-66-11-88-33-30-97-52-38-10-63-24-22-49-70-13-75-27-40-72-35-64-77-60-29-53-23-43-48-87-85-96-4-6-9-51-79-46-17-47-44-90-57-67-5-59-73-62-18-93-36-95-21-54-41-42-50-19-61
Ta100x20,6,4,400,0.85,0.125,6,2230606255,17000,6614,6437,6144,4.956324716,v2_avx512bw_vec32_exact_perm,56-86-88-83-32-99-39-82-20-1-100-98-72-78-28-12-33-92-26-37-10-80-43-55-89-29-69-36-97-8-7-52-16-94-58-65-40-14-23-68-17-2-66-30-38-25-9-76-45-81-71-74-64-13-53-34-79-57-70-60-73-4-75-18-91-15-35-27-50-67-84-96-46-6-85-63-59-77-42-48-11-44-21-47-22-51-87-49-90-62-5-54-31-93-24-3-95-41-19-61
Ta100x20,6,4,400,0.85,0.125,7,2230607264,17000,6679,6437,6144,4.952516594,v2_avx512bw_vec32_exact_perm,56-86-88-83-82-37-20-39-33-30-40-1-14-9-8-99-34-60-29-76-100-98-89-69-10-55-25-38-23-12-27-32-65-3-7-63-16-21-52-66-68-48-72-97-58-81-67-43-74-92-80-45-13-94-78-87-64-57-2-79-77-4-28-17-71-75-15-42-91-50-73-31-24-84-93-18-49-22-5-26-46-36-53-41-85-59-35-44-62-96-70-6-90-51-54-19-47-11-95-61
Ta100x20,6,4,400,0.85,0.125,8,2230608273,17000,6677,6437,6144,5.154287231,v2_avx512bw_vec32_exact_perm,56-86-76-88-39-8-2-37-83-9-1-43-98-89-20-80-12-82-99-75-26-52-33-28-81-14-55-10-72-65-69-25-79-57-7-100-38-4-16-3-40-68-34-71-32-21-45-66-35-46-49-48-70-31-92-94-60-27-59-17-53-87-78-23-29-58-85-24-22-67-91-84-93-6-74-77-51-64-18-13-63-11-36-97-5-90-30-44-62-73-96-54-42-95-15-47-50-41-19-61
Ta100x20,6,4,400,0.85,0.125,9,2230609282,17000,6704,6437,6144,4.891193004,v2_avx512bw_vec32_exact_perm,56-86-88-39-8-9-1-72-99-79-98-82-20-83-38-34-14-12-65-4-26-2-33-16-97-81-69-100-37-30-25-55-45-93-77-3-92-43-27-52-31-71-60-10-58-89-75-87-7-66-94-23-32-40-29-70-17-57-15-13-84-80-47-76-28-21-91-49-46-68-96-44-35-78-48-53-64-24-22-36-42-59-50-5-95-11-6-74-61-18-51-73-85-63-41-67-90-19-62-54
Ta100x20,6,4,400,0.85,0.125,10,2230610291,17000,6664,6437,6144,4.988197594,v2_avx512bw_vec32_exact_perm,56-83-86-39-37-82-9-20-98-26-1-92-8-88-74-7-45-43-32-12-33-81-89-69-99-52-23-66-35-76-47-28-25-77-100-2-50-68-3-17-59-55-60-38-94-91-31-34-57-70-65-78-80-16-87-14-72-18-97-58-10-48-21-4-67-41-85-36-71-5-13-53-75-64-42-27-90-22-44-24-49-96-95-93-84-15-40-62-46-79-30-54-29-73-11-51-6-63-19-61
Ta100x20,6,4,400,0.8875,0.025,1,2230601210,17000,6655,6437,6144,4.970268811,v2_avx512bw_vec32_exact_perm,56-86-88-83-8-39-82-32-98-2-20-12-37-38-25-23-26-43-100-33-30-1-92-94-9-34-89-48-16-60-78-52-99-80-27-97-28-81-65-69-68-40-71-50-64-76-74-7-55-58-13-45-66-91-77-22-5-75-4-57-84-14-24-35-29-10-3-72-15-49-6-18-96-70-59-87-46-53-31-62-17-93-67-36-95-73-21-90-79-47-44-42-54-63-85-11-51-41-19-61
Ta100x20,6,4,400,0.8875,0.025,2,2230602219,17000,6647,6437,6144,5.1563475,v2_avx512bw_vec32_exact_perm,86-88-39-76-83-8-98-20-32-82-69-2-12-80-34-99-38-89-29-40-52-1-78-43-7-55-9-33-97-66-94-56-72-71-14-75-23-92-64-10-65-77-16-25-68-4-3-100-30-28-31-74-26-15-13-57-91-49-87-81-22-27-45-58-17-53-48-35-79-93-70-63-84-46-85-67-5-50-60-37-96-36-73-21-62-24-11-47-44-42-6-51-90-18-59-54-95-41-19-61
Ta100x20,6,4,400,0.8875,0.025,3,2230603228,17000,6609,6437,6144,5.227660669,v2_avx512bw_vec32_exact_perm,56-86-39-20-72-65-83-37-82-38-32-26-88-12-58-98-8-2-89-10-52-47-1-99-9-69-66-60-33-34-40-7-27-94-71-28-81-78-80-100-92-57-31-91-30-16-25-73-55-45-23-77-68-97-42-96-15-13-87-74-50-76-84-18-14-17-70-49-21-75-43-22-35-24-95-3-64-4-85-53-79-48-90-51-46-67-93-59-44-6-62-63-54-5-36-11-29-41-19-61
Ta100x20,6,4,400,0.8875,0.025,4,2230604237,17000,6681,6437,6144,4.924817327,v2_avx512bw_vec32_exact_perm,56-86-88-39-8-32-20-98-82-63-99-40-37-69-26-83-75-12-7-33-89-30-10-52-80-16-45-14-1-92-71-25-9-43-100-60-94-65-81-2-55-76-68-34-23-66-27-70-78-28-22-49-38-58-50-48-91-97-35-13-4-72-5-31-24-57-85-67-6-21-46-87-53-84-17-77-79-96-64-29-74-11-44-73-3-18-93-59-42-15-90-51-36-47-62-54-95-41-19-61
Ta100x20,6,4,400,0.8875,0.025,5,2230605246,17000,6656,6437,6144,4.991730797,v2_avx512bw_vec32_exact_perm,56-83-86-54-39-8-43-1-99-69-9-82-89-32-10-2-66-37-20-65-12-92-26-7-45-16-60-29-28-33-52-88-55-76-25-58-94-71-100-38-3-81-40-34-98-49-80-18-23-70-35-87-77-27-74-31-48-14-24-53-17-91-78-13-72-68-85-15-21-97-79-57-50-64-90-59-63-84-75-46-6-5-51-30-67-93-22-4-47-96-62-36-95-42-73-11-44-41-19-61
Ta100x20,6,4,400,0.8875,0.025,6,2230606255,17000,6673,6437,6144,4.880162354,v2_avx512bw_vec32_exact_perm,56-86-88-39-32-8-83-82-98-38-89-37-7-20-55-34-26-14-9-99-69-100-1-72-27-10-2-81-68-52-28-31-80-25-16-33-92-94-12-71-40-77-65-23-97-76-66-53-74-58-59-60-84-75-5-78-48-43-30-29-13-93-17-45-87-49-57-62-15-3-63-64-24-35-21-70-46-51-22-18-42-50-91-79-47-44-54-96-85-11-36-73-95-90-41-67-4-6-19-61
Ta100x20,6,4,400,0.8875,0.025,7,2230607264,17000,6630,6437,6144,4.980687985,v2_avx512bw_vec32_exact_perm,56-86-88-83-39-8-82-2-1-12-37-98-20-43-80-7-32-99-78-28-26-89-69-25-16-33-100-10-40-81-92-45-14-58-30-57-65-4-52-75-72-71-55-74-38-66-9-87-68-34-76-70-35-17-97-23-63-13-21-67-31-94-29-60-3-49-15-91-5-64-27-18-22-77-53-95-90-84-93-79-24-36-46-48-85-6-96-62-42-73-50-59-11-51-41-44-54-47-19-61
Ta100x20,6,4,400,0.8875,0.025,8,2230608273,17000,6681,6437,6144,4.942028646,v2_avx512bw_vec32_exact_perm,56-86-88-39-8-83-26-98-72-32-82-12-37-9-30-2-20-58-1-28-89-74-33-94-40-78-71-7-81-34-55-69-4-99-23-52-92-65-97-100-59-66-14-49-27-68-43-77-76-31-29-3-25-60-53-80-18-48-70-38-87-35-10-36-75-15-13-45-57-85-22-17-91-62-54-46-24-5-64-44-96-90-11-51-16-50-67-84-47-21-73-79-95-42-63-93-41-6-19-61
Ta100x20,6,4,400,0.8875,0.025,9,2230609282,17000,6641,6437,6144,4.903073579,v2_avx512bw_vec32_exact_perm,56-86-83-39-72-82-99-7-2-8-21-12-37-9-30-20-69-65-98-68-14-38-33-52-89-55-29-92-100-25-1-32-94-97-71-58-4-40-10-28-23-48-50-81-76-31-91-45-16-27-78-66-26-80-70-75-43-3-15-77-11-34-84-49-35-24-13-41-74-46-60-53-85-87-57-64-63-18-5-36-88-67-73-51-93-79-17-44-96-22-54-42-90-59-95-47-62-6-19-61
Ta100x20,6,4,400,0.8875,0.025,10,2230610291,17000,6660,6437,6144,4.868241595,v2_avx512bw_vec32_exact_perm,56-86-88-39-72-83-82-8-9-26-12-100-98-33-89-97-1-43-65-2-92-37-76-28-94-30-99-80-38-66-32-7-14-52-57-40-45-58-78-68-81-71-55-23-60-50-20-75-10-34-16-91-17-87-13-25-77-49-15-4-35-70-3-69-64-79-27-63-31-85-84-18-36-67-48-74-22-93-53-29-73-96-44-5-6-11-24-62-59-47-46-51-61-21-95-42-90-41-19-54
Ta100x20,6,4,400,0.8875,0.05,1,2230601210,17000,6681,6437,6144,5.065155167,v2_avx512bw_vec32_exact_perm,56-86-88-39-8-20-2-1-9-82-99-26-32-69-12-100-7-33-89-14-37-66-76-16-72-25-97-55-83-28-30-58-45-21-38-65-52-10-98-57-68-74-4-34-23-92-60-63-27-81-71-40-73-22-18-17-31-91-49-78-80-87-24-48-77-94-3-67-62-43-70-75-64-53-47-13-42-93-79-29-6-36-15-96-85-11-51-35-84-50-5-44-46-90-54-59-95-41-19-61
Ta100x20,6,4,400,0.8875,0.05,2,2230602219,17000,6658,6437,6144,5.131132154,v2_avx512bw_vec32_exact_perm,56-86-88-83-72-8-39-26-32-98-20-12-100-28-76-82-16-1-69-37-10-75-2-99-92-21-89-29-65-52-55-45-34-81-9-59-68-30-14-80-66-61-57-33-78-31-4-38-25-23-74-58-71-7-94-63-79-64-60-97-43-70-49-27-13-15-84-17-53-50-40-87-36-93-42-46-18-24-48-96-6-35-77-51-85-11-62-73-91-22-5-3-44-90-47-67-95-41-19-54
Ta100x20,6,4,400,0.8875,0.05,3,2230603228,17000,6639,6437,6144,5.230163226,v2_avx512bw_vec32_exact_perm,56-86-88-83-39-82-8-99-72-20-1-26-38-21-12-37-10-98-33-16-89-52-55-34-66-80-100-25-32-2-65-9-81-43-3-7-48-76-45-58-29-94-23-49-92-71-60-40-27-31-78-91-97-74-14-96-57-84-87-15-6-28-68-50-13-35-70-69-77-64-24-75-63-85-42-17-73-53-36-79-30-18-59-46-90-22-93-4-67-62-5-47-44-51-11-54-95-41-19-61
Ta100x20,6,4,400,0.8875,0.05,4,2230604237,17000,6656,6437,6144,5.142897511,v2_avx512bw_vec32_exact_perm,56-86-88-83-8-21-39-32-98-20-82-2-12-16-92-37-29-1-81-100-45-28-30-60-75-23-89-7-26-69-68-52-71-78-9-76-14-97-33-65-31-15-57-34-94-70-49-10-43-25-84-74-55-13-72-38-99-27-66-77-17-62-22-80-87-58-50-5-63-93-36-18-3-46-59-40-96-79-48-53-91-35-24-4-11-6-47-51-64-44-42-85-90-54-67-73-95-41-19-61
Ta100x20,6,4,400,0.8875,0.05,5,2230605246,17000,6670,6437,6144,5.268436334,v2_avx512bw_vec32_exact_perm,56-86-54-83-72-8-39-32-26-98-20-92-82-2-12-29-7-89-80-21-37-76-1-99-94-69-25-60-34-81-100-88-91-3-28-66-40-84-33-45-14-55-15-10-58-52-27-97-38-23-16-65-75-68-71-49-78-48-77-36-50-9-13-43-30-74-87-57-24-35-22-17-70-5-53-46-4-51-18-93-96-31-73-85-59-64-90-42-44-79-62-11-67-47-6-95-63-41-19-61
Ta100x20,6,4,400,0.8875,0.05,6,2230606255,17000,6657,6437,6144,5.443788558,v2_avx512bw_vec32_exact_perm,56-86-88-83-39-82-72-8-26-28-1-99-98-20-65-52-33-2-16-12-63-94-37-78-34-80-23-89-40-7-81-69-68-76-71-27-3-25-97-91-100-74-60-9-38-31-92-66-57-48-45-70-53-10-55-58-32-13-43-15-84-17-49-14-6-96-35-30-4-64-67-18-24-75-21-42-44-61-59-29-73-93-62-79-46-87-36-85-77-51-90-22-54-50-47-5-95-41-19-11
Ta100x20,6,4,400,0.8875,0.05,7,2230607264,17000,6618,6437,6144,5.478617078,v2_avx512bw_vec32_exact_perm,86-88-83-39-8-82-9-32-1-20-28-12-68-37-2-33-89-30-99-16-52-92-27-98-100-80-69-26-56-25-10-34-65-55-7-57-40-31-58-81-94-38-79-75-91-14-78-23-87-60-63-53-76-97-29-77-13-4-64-43-59-66-3-84-93-72-35-15-46-36-21-17-45-48-24-71-49-96-54-85-18-73-70-5-90-50-67-22-74-41-62-42-51-95-44-11-6-47-19-61
Ta100x20,6,4,400,0.8875,0.05,8,2230608273,17000,6643,6437,6144,5.424163237,v2_avx512bw_vec32_exact_perm,56-86-88-83-39-72-8-82-26-40-99-9-21-30-100-1-14-37-2-81-80-34-69-92-32-12-24-94-33-52-55-25-76-98-78-65-89-97-27-7-20-16-45-38-23-71-68-28-66-60-84-58-29-49-3-74-17-67-75-10-87-53-15-77-48-4-79-31-57-91-47-5-36-96-64-43-35-93-46-42-50-62-85-13-44-70-18-59-51-6-54-22-90-73-95-11-63-41-19-61
Ta100x20,6,4,400,0.8875,0.05,9,2230609282,17000,6699,6437,6144,5.498039998,v2_avx512bw_vec32_exact_perm,56-83-86-82-39-2-98-26-9-69-20-99-92-89-8-21-100-7-33-57-68-12-25-72-76-75-88-16-94-23-78-37-66-27-1-34-43-4-58-97-74-49-55-14-10-70-63-71-40-96-81-28-52-79-65-84-31-80-38-48-45-46-77-36-53-59-60-85-18-35-3-24-64-87-5-13-51-15-50-91-17-62-11-67-95-22-73-44-30-90-54-32-47-6-93-29-42-41-19-61
Ta100x20,6,4,400,0.8875,0.05,10,2230610291,17000,6677,6437,6144,5.258670939,v2_avx512bw_vec32_exact_perm,56-86-54-2-33-39-8-43-83-98-89-82-32-99-20-66-37-10-28-1-72-88-78-65-12-16-63-100-60-92-7-27-76-23-25-4-94-69-34-55-52-38-79-81-40-53-17-9-71-85-50-21-57-49-15-36-59-31-30-97-48-14-35-58-64-73-80-13-96-26-91-18-70-74-87-93-84-75-77-5-51-68-22-47-44-24-62-3-46-6-67-29-90-45-42-11-95-41-19-61
Ta100x20,6,4,400,0.8875,0.075,1,2230601210,17000,6681,6437,6144,5.057977584,v2_avx512bw_vec32_exact_perm,56-86-88-39-8-20-33-78-37-12-26-99-83-82-9-98-68-34-2-71-89-72-7-92-16-69-97-23-32-58-31-52-75-65-80-66-38-1-94-81-28-29-76-45-14-77-55-30-13-100-43-49-17-84-60-25-50-53-27-87-74-40-10-63-91-3-57-15-70-62-64-24-5-21-4-18-46-73-85-67-35-22-6-79-96-42-48-93-51-11-90-36-44-47-59-54-95-41-19-61
Ta100x20,6,4,400,0.8875,0.075,2,2230602219,17000,6681,6437,6144,5.18125732,v2_avx512bw_vec32_exact_perm,56-86-88-39-8-26-9-32-1-99-100-69-98-72-82-25-83-92-65-20-12-43-21-33-78-55-34-10-29-37-60-80-89-94-57-76-68-66-23-2-45-7-71-28-3-75-87-38-74-30-58-84-13-27-14-81-52-64-49-4-40-35-97-16-77-18-59-17-48-53-93-36-63-79-70-50-22-46-91-5-6-96-31-85-47-15-90-24-51-62-67-11-54-42-44-73-95-41-19-61
Ta100x20,6,4,400,0.8875,0.075,3,2230603228,17000,6675,6437,6144,5.15790045,v2_avx512bw_vec32_exact_perm,56-86-88-39-72-8-37-9-32-83-98-2-69-100-82-16-12-14-1-94-33-20-28-60-7-99-89-58-78-97-80-48-92-91-30-34-21-81-63-57-3-65-68-23-38-66-59-45-55-31-52-40-35-75-15-76-71-64-25-70-43-49-96-74-50-4-53-27-10-87-18-73-85-36-29-79-17-77-44-84-24-6-22-46-13-26-62-51-5-11-93-47-42-54-90-67-95-41-19-61
Ta100x20,6,4,400,0.8875,0.075,4,2230604237,17000,6647,6437,6144,5.240925593,v2_avx512bw_vec32_exact_perm,56-39-86-88-76-89-8-26-83-82-72-7-9-20-99-71-45-92-37-12-31-78-33-28-1-65-52-16-34-81-69-80-60-30-98-23-10-55-14-68-38-64-63-94-25-74-100-17-75-13-24-15-70-27-2-97-91-77-4-58-3-40-84-36-53-29-85-50-42-43-66-11-44-35-48-67-32-93-49-21-22-6-96-18-51-90-87-57-5-62-73-46-79-59-54-95-47-41-19-61
Ta100x20,6,4,400,0.8875,0.075,5,2230605246,17000,6661,6437,6144,5.217181194,v2_avx512bw_vec32_exact_perm,56-86-88-83-39-8-43-9-1-30-99-65-32-69-98-92-12-37-2-52-82-100-89-80-71-81-28-16-45-76-26-66-20-34-55-29-57-40-4-87-10-74-17-94-84-31-23-72-7-24-14-38-75-60-58-67-49-64-78-25-33-3-70-97-5-47-91-93-48-85-27-53-35-73-96-77-95-44-62-42-79-22-18-21-6-46-13-36-68-50-51-11-15-59-90-54-63-41-19-61
Ta100x20,6,4,400,0.8875,0.075,6,2230606255,17000,6681,6437,6144,5.199261681,v2_avx512bw_vec32_exact_perm,56-86-88-39-8-37-98-82-12-72-20-80-83-43-32-99-1-28-16-33-30-71-81-89-2-92-7-55-76-69-100-9-3-45-50-94-38-66-59-65-40-58-60-34-14-68-52-97-23-75-25-74-49-31-27-10-26-57-18-15-64-78-24-73-84-17-96-91-77-35-36-6-4-87-63-48-79-67-13-51-85-70-46-44-53-62-21-29-5-22-42-47-54-90-93-95-11-41-19-61
Ta100x20,6,4,400,0.8875,0.075,7,2230607264,17000,6684,6437,6144,5.234288533,v2_avx512bw_vec32_exact_perm,56-86-54-39-82-76-83-8-99-2-9-1-37-88-89-34-98-92-20-72-33-94-14-25-66-12-32-23-60-81-78-100-65-28-45-55-69-16-52-58-27-10-7-68-57-31-74-26-40-97-59-64-38-3-80-71-4-17-35-96-75-77-18-90-73-21-13-91-48-87-53-29-49-15-11-47-30-44-93-70-84-6-5-24-22-95-42-67-46-79-51-85-50-41-36-63-43-19-62-61
Ta100x20,6,4,400,0.8875,0.075,8,2230608273,17000,6638,6437,6144,5.188243664,v2_avx512bw_vec32_exact_perm,56-39-86-100-82-88-26-1-32-33-12-92-99-9-72-8-20-83-37-98-89-38-2-69-7-71-80-81-28-78-14-55-94-57-25-68-23-64-74-65-45-58-60-52-48-53-40-27-30-75-77-76-10-29-4-46-21-66-50-79-17-91-67-49-34-31-97-35-36-16-22-44-59-13-42-43-63-24-93-62-84-5-96-6-51-87-85-3-70-18-73-15-54-90-11-95-47-41-19-61
Ta100x20,6,4,400,0.8875,0.075,9,2230609282,17000,6684,6437,6144,5.272171462,v2_avx512bw_vec32_exact_perm,56-82-39-86-9-20-83-37-29-8-12-88-1-100-89-98-32-52-33-94-55-2-69-28-26-65-99-87-3-7-92-71-10-81-27-48-43-84-80-35-53-38-72-34-66-23-60-16-74-57-58-30-13-70-78-68-97-50-91-40-76-14-31-96-15-36-25-49-17-45-5-22-21-62-24-77-59-4-64-75-18-79-46-85-6-93-73-90-67-11-47-44-54-19-42-95-63-51-41-61
Ta100x20,6,4,400,0.8875,0.075,10,2230610291,17000,6646,6437,6144,5.344130266,v2_avx512bw_vec32_exact_perm,56-86-76-88-39-82-72-20-8-99-83-43-12-37-33-2-25-78-1-92-9-7-32-26-89-94-69-52-30-79-34-45-97-65-60-98-29-55-59-75-81-100-57-14-49-3-80-38-77-68-40-16-23-71-28-13-4-10-84-74-31-15-47-27-21-66-35-64-24-87-17-50-58-61-48-70-62-6-96-5-36-63-18-85-22-42-90-53-91-51-73-93-54-46-95-41-67-44-19-11
Ta100x20,6,4,400,0.8875,0.1,1,2230601210,17000,6664,6437,6144,6.117876011,v2_avx512bw_vec32_exact_perm,56-86-83-98-82-39-20-8-69-12-72-32-10-58-30-52-88-37-55-96-14-78-100-28-60-65-16-74-99-33-63-23-9-89-47-66-76-71-38-48-64-25-94-81-34-1-27-54-92-31-97-13-29-7-87-59-3-80-2-26-84-40-75-79-15-18-17-73-77-45-4-53-67-35-91-85-44-70-51-36-43-49-21-5-22-93-50-24-68-46-6-62-42-95-90-11-41-57-19-61
Ta100x20,6,4,400,0.8875,0.1,2,2230602219,17000,6681,6437,6144,5.87516795,v2_avx512bw_vec32_exact_perm,56-86-88-39-8-37-99-43-89-7-82-21-1-12-83-9-33-26-16-20-69-66-32-71-76-2-65-81-94-98-48-45-80-57-92-34-55-52-23-28-5-68-13-78-84-64-60-100-25-58-63-75-40-59-53-91-72-50-35-87-49-22-10-70-97-14-3-27-38-30-77-18-4-31-15-96-46-74-17-62-73-51-85-67-6-93-24-29-11-36-95-42-90-79-44-54-41-47-19-61
Ta100x20,6,4,400,0.8875,0.1,3,2230603228,17000,6708,6437,6144,5.735797066,v2_avx512bw_vec32_exact_perm,56-86-88-8-39-82-83-9-20-37-1-55-98-21-100-43-89-69-65-29-99-27-78-60-16-26-76-80-34-12-92-33-57-79-74-32-52-81-58-3-30-75-96-14-17-38-7-23-94-31-48-25-15-66-87-50-28-97-72-71-68-45-77-10-2-13-22-91-35-49-64-47-44-85-70-24-53-93-40-46-4-54-67-51-5-73-18-6-63-90-36-59-84-95-42-62-41-11-19-61
Ta100x20,6,4,400,0.8875,0.1,4,2230604237,17000,6667,6437,6144,6.030683767,v2_avx512bw_vec32_exact_perm,56-86-39-88-37-12-2-8-83-98-82-28-99-78-33-9-100-63-20-16-65-52-45-71-72-1-92-32-60-81-89-7-34-21-25-94-17-26-38-76-69-57-66-74-4-84-49-43-97-14-75-68-10-80-48-23-77-64-27-54-31-35-59-96-79-55-58-40-13-62-15-46-24-36-30-50-87-18-29-91-67-6-5-73-42-90-51-53-70-47-85-44-22-3-95-11-93-41-19-61
Ta100x20,6,4,400,0.8875,0.1,5,2230605246,17000,6670,6437,6144,6.564341234,v2_avx512bw_vec32_exact_perm,56-82-39-86-88-20-25-72-38-8-83-37-32-9-65-69-68-100-1-71-99-98-89-2-10-94-92-81-28-45-33-75-30-12-34-52-58-27-3-48-85-66-14-70-97-23-78-91-76-60-7-31-43-80-29-16-77-50-18-55-26-36-21-84-15-96-49-74-35-47-64-79-24-13-5-87-17-93-11-53-4-57-67-51-22-44-40-73-63-41-42-46-62-6-90-54-59-95-19-61
Ta100x20,6,4,400,0.8875,0.1,6,2230606255,17000,6654,6437,6144,5.394044781,v2_avx512bw_vec32_exact_perm,56-83-86-88-39-82-16-20-63-89-43-1-69-37-40-80-99-81-2-32-100-95-38-98-8-52-9-33-92-94-55-26-49-14-25-72-71-65-64-34-60-31-48-28-53-7-10-45-29-87-3-24-76-36-23-15-4-75-97-21-17-58-51-30-27-66-12-93-91-73-18-70-84-74-13-44-85-68-35-77-54-22-42-90-79-11-78-50-47-67-46-6-96-5-59-62-57-41-19-61
Ta100x20,6,4,400,0.8875,0.1,7,2230607264,17000,6705,6437,6144,5.537496382,v2_avx512bw_vec32_exact_perm,56-86-32-82-39-83-43-52-20-8-25-37-88-66-1-54-89-7-40-70-9-33-99-98-74-38-14-23-55-68-79-34-72-92-69-81-65-3-10-71-80-94-58-13-76-35-60-16-78-28-45-91-100-12-84-27-4-49-75-87-67-97-17-2-63-30-73-77-51-18-22-46-48-85-93-36-24-59-64-15-26-29-31-5-11-50-62-44-53-90-42-96-95-41-21-57-47-6-19-61
Ta100x20,6,4,400,0.8875,0.1,8,2230608273,17000,6681,6437,6144,5.992756893,v2_avx512bw_vec32_exact_perm,56-86-88-39-8-26-83-58-72-9-98-76-2-37-82-12-20-66-32-21-100-94-71-28-75-49-92-99-52-1-33-30-89-68-78-7-23-97-14-96-10-27-55-40-80-16-34-25-3-48-15-31-87-91-50-70-81-65-13-57-84-95-60-79-38-22-24-77-73-69-74-18-5-45-6-53-17-44-36-63-85-43-4-64-59-62-46-93-29-35-51-54-42-90-11-67-47-41-19-61
Ta100x20,6,4,400,0.8875,0.1,9,2230609282,17000,6652,6437,6144,5.653666122,v2_avx512bw_vec32_exact_perm,56-86-83-88-39-82-26-20-8-37-9-32-1-22-60-72-100-12-98-89-57-69-92-52-68-80-33-99-25-2-7-65-81-28-55-14-49-58-71-34-59-48-16-78-51-40-21-29-3-76-38-45-27-74-53-13-75-64-4-70-30-43-31-66-17-15-23-94-6-18-5-10-91-63-85-36-87-97-96-35-84-44-77-47-24-54-93-61-46-62-73-42-90-50-41-79-67-95-19-11
Ta100x20,6,4,400,0.8875,0.1,10,2230610291,17000,6657,6437,6144,5.993226951,v2_avx512bw_vec32_exact_perm,56-86-83-72-26-82-39-1-88-98-20-100-2-92-57-12-74-94-76-81-65-37-34-33-40-3-25-7-99-8-69-58-28-96-55-16-78-79-52-15-63-80-9-14-75-38-89-70-23-60-21-43-32-31-5-68-48-59-10-53-87-35-66-97-62-13-27-4-84-71-17-77-46-49-85-44-91-45-73-18-11-6-51-67-64-90-42-24-36-30-29-22-93-47-54-95-50-41-19-61
Ta100x20,6,4,400,0.8875,0.125,1,2230601210,17000,6705,6437,6144,5.180453601,v2_avx512bw_vec32_exact_perm,56-86-88-82-83-8-39-20-99-65-9-37-75-71-1-33-81-7-43-2-60-16-94-3-92-10-34-55-12-78-72-76-100-14-52-32-69-91-89-38-23-58-25-97-98-5-96-49-17-22-80-66-48-77-87-31-26-18-13-27-45-70-4-68-40-64-35-28-57-85-74-36-29-50-11-53-84-79-15-62-21-63-6-73-90-47-24-42-44-61-93-59-46-30-67-95-54-51-41-19
Ta100x20,6,4,400,0.8875,0.125,2,2230602219,17000,6671,6437,6144,5.304658351,v2_avx512bw_vec32_exact_perm,56-83-86-82-9-39-69-20-89-26-88-8-28-76-33-1-78-98-12-4-32-37-65-100-68-52-97-72-99-92-57-14-29-10-55-87-60-43-58-74-31-16-23-25-30-94-80-17-38-79-64-34-45-81-71-50-77-13-40-75-3-18-48-53-27-2-7-35-96-70-44-84-91-66-47-22-36-85-46-51-67-5-21-49-11-42-15-73-90-59-24-62-54-95-93-6-63-41-19-61
Ta100x20,6,4,400,0.8875,0.125,3,2230603228,17000,6663,6437,6144,5.248794414,v2_avx512bw_vec32_exact_perm,56-83-86-88-39-8-32-20-82-38-76-37-89-69-98-26-72-12-33-25-97-28-2-68-81-52-16-100-65-1-55-14-13-99-7-92-40-10-63-70-57-80-21-43-3-84-48-58-31-45-60-66-71-4-30-59-29-87-35-73-93-34-74-91-62-18-5-47-79-64-24-78-75-50-96-15-42-27-36-9-77-94-46-85-11-6-22-49-95-53-17-51-90-54-67-23-41-44-19-61
Ta100x20,6,4,400,0.8875,0.125,4,2230604237,17000,6644,6437,6144,5.802078512,v2_avx512bw_vec32_exact_perm,56-83-82-98-39-72-8-9-37-100-26-99-33-89-32-74-20-81-28-92-55-25-30-1-12-2-29-94-68-71-80-31-34-38-42-65-76-52-66-70-84-27-14-69-13-15-48-43-49-10-35-78-7-16-57-47-45-21-4-97-23-58-60-67-86-36-64-40-75-85-77-50-24-3-91-93-96-5-87-53-79-90-88-46-17-44-59-11-73-51-6-22-62-95-54-18-41-63-19-61
Ta100x20,6,4,400,0.8875,0.125,5,2230605246,17000,6661,6437,6144,5.859727622,v2_avx512bw_vec32_exact_perm,56-83-82-88-8-39-98-12-2-37-33-32-43-9-72-100-60-26-23-76-86-14-66-78-1-99-34-92-52-81-65-84-16-25-89-55-69-68-74-71-5-28-3-13-75-30-67-64-17-80-10-97-38-57-50-77-94-87-48-49-31-91-20-85-96-95-40-27-45-58-35-21-90-7-70-15-6-53-18-73-46-42-59-36-79-22-47-4-29-93-62-44-11-24-54-61-63-51-41-19
Ta100x20,6,4,400,0.8875,0.125,6,2230606255,17000,6672,6437,6144,5.116034836,v2_avx512bw_vec32_exact_perm,56-86-88-83-37-39-76-72-20-98-82-2-26-43-69-1-9-100-28-8-99-33-89-66-52-55-92-65-32-12-10-27-71-47-78-7-13-81-34-94-29-80-16-49-25-45-70-77-68-75-21-97-57-84-24-23-40-35-60-91-17-30-48-73-53-59-50-4-87-31-58-11-38-14-5-3-74-79-96-67-15-36-64-44-95-85-22-51-62-6-63-18-54-90-42-46-93-41-19-61
Ta100x20,6,4,400,0.8875,0.125,7,2230607264,17000,6674,6437,6144,5.407521534,v2_avx512bw_vec32_exact_perm,56-39-86-72-20-33-83-1-32-89-7-81-37-69-16-26-8-38-98-99-34-14-82-40-58-88-76-2-74-28-80-31-10-68-66-91-78-52-71-23-35-12-27-92-94-65-24-45-25-9-97-77-84-79-75-30-50-3-87-63-53-64-36-48-51-4-60-67-49-29-15-100-70-21-93-13-22-96-85-55-43-46-17-5-59-44-18-90-62-6-54-47-95-73-11-57-42-41-19-61
Ta100x20,6,4,400,0.8875,0.125,8,2230608273,17000,6681,6437,6144,4.979997218,v2_avx512bw_vec32_exact_perm,56-86-88-39-8-82-72-83-2-37-26-12-92-32-81-76-29-21-30-80-10-98-28-7-33-89-52-1-4-23-75-69-58-94-14-38-97-40-99-65-20-66-16-60-87-71-77-9-78-34-55-50-57-3-49-27-93-91-5-13-68-67-53-25-64-74-24-48-47-70-45-62-31-79-15-17-84-44-35-43-59-36-85-46-100-96-95-6-54-18-51-63-22-73-42-90-11-41-19-61
Ta100x20,6,4,400,0.8875,0.125,9,2230609282,17000,6672,6437,6144,5.244432524,v2_avx512bw_vec32_exact_perm,56-86-82-8-83-99-7-32-69-80-39-34-72-78-12-41-33-2-1-37-26-58-88-20-21-55-98-25-97-9-89-92-52-68-71-100-29-65-17-94-38-16-28-76-49-27-14-23-81-43-3-48-66-63-53-87-10-70-40-91-35-18-6-77-46-96-15-50-60-57-13-4-84-74-30-73-11-45-44-24-47-75-90-64-36-67-5-42-51-22-59-62-85-79-95-31-93-54-19-61
Ta100x20,6,4,400,0.8875,0.125,10,2230610291,17000,6663,6437,6144,5.312348392,v2_avx512bw_vec32_exact_perm,56-86-83-82-88-2-39-69-8-20-12-71-1-7-33-89-25-98-72-37-100-27-38-78-9-23-10-94-34-80-79-92-55-32-60-58-28-16-67-99-66-65-74-57-76-68-29-45-13-15-81-14-52-75-49-59-77-31-22-97-40-35-24-84-87-48-53-3-17-91-5-73-50-96-46-36-21-18-26-95-62-93-30-90-64-70-43-85-63-4-11-51-6-42-41-44-54-47-19-61
Ta100x20,6,4,400,0.925,0.025,1,2230601210,17000,6652,6437,6144,5.116169063,v2_avx512bw_vec32_exact_perm,56-86-88-83-43-39-8-37-76-34-89-33-82-55-26-7-2-81-20-9-14-68-69-100-25-99-4-65-49-92-71-75-74-98-58-12-66-1-72-38-78-28-52-57-84-16-94-21-18-80-23-30-3-27-97-10-64-29-77-50-35-60-53-45-91-31-40-15-13-70-22-48-24-17-96-36-59-85-87-5-6-44-63-32-62-42-79-46-90-11-47-93-67-51-73-54-95-41-19-61
Ta100x20,6,4,400,0.925,0.025,2,2230602219,17000,6640,6437,6144,5.236413306,v2_avx512bw_vec32_exact_perm,56-39-8-86-88-83-100-72-1-37-9-26-32-2-65-98-10-81-20-71-89-78-52-92-82-33-94-28-55-16-3-69-25-7-99-80-40-76-58-43-38-75-14-68-29-60-12-66-31-50-17-34-84-30-35-15-27-96-49-23-21-22-57-93-24-74-79-70-48-13-45-97-4-64-18-53-87-42-51-77-46-44-62-91-67-59-85-36-47-6-73-11-5-90-54-95-63-41-19-61
Ta100x20,6,4,400,0.925,0.025,3,2230603228,17000,6661,6437,6144,5.770616518,v2_avx512bw_vec32_exact_perm,56-86-88-39-82-83-26-9-76-2-98-8-99-43-89-34-1-69-65-72-66-55-7-12-16-32-52-80-28-63-78-37-33-38-40-23-94-45-68-71-77-75-3-100-21-13-60-4-48-74-57-58-92-35-25-53-10-81-87-14-91-18-97-30-64-96-17-70-49-20-84-50-73-27-15-31-59-42-22-93-29-79-6-5-46-62-24-36-85-90-51-67-11-44-54-95-47-41-19-61
Ta100x20,6,4,400,0.925,0.025,4,2230604237,17000,6644,6437,6144,5.059554414,v2_avx512bw_vec32_exact_perm,56-86-88-83-39-8-72-82-26-32-9-20-1-33-99-12-25-34-98-43-52-58-89-94-2-65-80-16-69-40-66-76-23-10-71-37-7-14-75-30-81-92-35-28-3-91-21-55-4-78-100-13-29-38-57-48-70-64-18-84-36-45-60-59-53-31-15-74-17-22-77-50-24-97-61-68-87-63-49-5-27-51-62-6-46-42-47-67-79-90-85-73-96-95-93-54-44-41-19-11
Ta100x20,6,4,400,0.925,0.025,5,2230605246,17000,6664,6437,6144,5.274972399,v2_avx512bw_vec32_exact_perm,56-86-88-39-2-72-8-83-26-12-20-82-9-7-37-65-99-100-92-98-89-28-78-1-52-69-32-34-27-80-21-33-66-55-94-79-57-74-60-81-58-49-25-71-23-75-10-76-15-43-31-22-40-50-14-3-91-18-30-16-96-44-70-87-35-38-84-45-68-97-29-5-6-77-17-36-53-24-64-48-4-13-46-59-51-85-47-67-93-11-42-63-62-73-90-54-95-41-19-61
Ta100x20,6,4,400,0.925,0.025,6,2230606255,17000,6658,6437,6144,5.586852063,v2_avx512bw_vec32_exact_perm,56-86-88-83-8-39-82-74-43-30-2-1-12-16-99-69-78-28-33-100-32-37-80-75-98-72-26-68-25-7-89-81-55-71-9-92-65-48-38-23-97-14-45-70-94-66-53-34-52-3-76-40-4-17-63-10-87-79-35-58-24-57-67-60-13-31-15-91-27-84-64-36-49-11-21-96-85-44-18-73-50-51-77-54-6-29-22-59-46-90-93-42-47-62-5-20-95-41-19-61
Ta100x20,6,4,400,0.925,0.025,7,2230607264,17000,6617,6437,6144,5.389047341,v2_avx512bw_vec32_exact_perm,56-86-88-83-82-20-12-43-8-39-100-32-37-25-1-33-99-81-68-89-28-75-78-2-69-65-38-14-80-52-7-98-55-76-34-63-94-40-16-23-60-29-21-57-10-58-4-70-92-30-97-26-49-64-71-18-72-48-5-36-44-66-13-3-87-17-77-85-67-91-24-31-74-15-35-27-84-96-62-59-9-22-53-45-79-46-73-6-47-50-93-51-42-11-90-54-95-41-19-61
Ta100x20,6,4,400,0.925,0.025,8,2230608273,17000,6681,6437,6144,5.551625036,v2_avx512bw_vec32_exact_perm,56-86-88-39-8-83-82-32-1-26-2-9-20-72-7-43-75-89-99-38-66-78-37-12-69-23-98-14-21-28-80-16-81-25-65-58-52-94-60-34-53-29-55-3-49-64-71-33-10-91-57-87-63-92-40-31-76-100-70-13-27-15-67-85-84-45-77-18-35-4-48-46-59-73-44-97-96-42-36-74-62-68-95-93-47-22-30-79-50-6-17-24-11-90-54-51-5-41-19-61
Ta100x20,6,4,400,0.925,0.025,9,2230609282,17000,6664,6437,6144,5.562267561,v2_avx512bw_vec32_exact_perm,56-83-86-82-39-9-37-100-32-2-30-98-8-75-26-1-99-69-88-12-57-66-21-89-71-81-76-74-20-7-23-52-10-28-55-80-68-33-25-94-92-58-3-91-38-78-14-35-72-34-70-64-43-36-77-65-48-49-17-16-13-97-50-45-22-24-85-63-27-31-59-40-60-84-53-5-42-15-4-62-73-18-96-79-87-51-90-44-46-54-29-11-6-67-95-47-93-41-19-61
Ta100x20,6,4,400,0.925,0.025,10,2230610291,17000,6681,6437,6144,6.224915347,v2_avx512bw_vec32_exact_perm,56-86-88-39-8-83-12-98-32-20-2-37-82-26-25-33-38-72-55-34-100-7-65-78-89-58-69-27-99-1-10-43-52-66-9-97-60-31-92-70-23-81-71-68-79-94-57-74-29-30-80-76-28-48-35-87-50-40-16-84-17-3-13-77-21-14-24-75-22-18-49-46-53-15-96-4-59-85-64-67-45-36-62-63-11-73-42-93-51-91-6-47-5-44-90-54-95-41-19-61
Ta100x20,6,4,400,0.925,0.05,1,2230601210,17000,6701,6437,6144,5.397710918,v2_avx512bw_vec32_exact_perm,56-86-88-83-8-37-39-30-99-2-58-72-12-43-80-98-82-100-1-76-26-25-32-20-16-55-92-66-94-97-74-52-38-33-89-28-7-65-34-21-81-23-48-71-14-4-35-59-29-75-31-9-15-73-3-10-69-87-91-96-49-36-64-95-78-24-45-84-60-17-68-18-67-27-40-6-77-50-62-85-13-70-53-46-79-93-5-90-41-54-51-42-22-63-44-11-57-47-19-61
Ta100x20,6,4,400,0.925,0.05,2,2230602219,17000,6670,6437,6144,5.155774589,v2_avx512bw_vec32_exact_perm,56-86-88-39-72-8-83-12-82-99-7-26-34-9-76-65-66-89-98-37-43-78-30-100-33-75-1-2-57-32-69-52-60-25-10-80-16-77-55-27-23-20-28-94-87-44-13-74-97-81-38-35-21-50-11-58-71-4-95-92-24-3-64-84-63-68-17-40-91-49-31-70-22-96-48-6-14-41-73-53-59-42-5-51-46-15-85-79-62-18-67-29-45-93-36-54-90-47-19-61
Ta100x20,6,4,400,0.925,0.05,3,2230603228,17000,6655,6437,6144,5.598518547,v2_avx512bw_vec32_exact_perm,56-86-88-83-8-39-26-82-99-9-32-2-20-7-1-28-12-92-37-52-30-65-80-53-71-16-89-69-94-33-78-25-23-76-34-10-66-55-29-72-21-43-58-100-31-57-60-40-49-75-4-15-13-77-14-98-45-64-24-97-81-48-6-91-38-22-5-50-3-35-96-74-87-17-79-27-46-62-67-59-84-85-42-90-47-70-36-44-68-51-11-54-18-73-93-95-63-41-19-61
Ta100x20,6,4,400,0.925,0.05,4,2230604237,17000,6698,6437,6144,5.375662508,v2_avx512bw_vec32_exact_perm,56-86-20-37-8-39-82-26-98-32-83-99-92-29-72-1-33-57-38-2-68-9-94-14-30-78-69-100-66-89-12-52-16-21-76-28-71-58-84-10-80-45-40-34-31-23-55-35-7-65-97-77-49-96-13-81-60-25-43-87-75-17-85-27-64-63-74-50-53-48-59-70-47-91-15-36-4-73-42-18-6-88-5-90-24-22-93-61-79-67-46-44-3-62-11-51-95-41-19-54
Ta100x20,6,4,400,0.925,0.05,5,2230605246,17000,6687,6437,6144,6.054768202,v2_avx512bw_vec32_exact_perm,56-86-88-2-82-76-83-39-37-16-20-1-98-100-72-28-32-43-66-52-65-89-7-94-74-10-8-69-71-99-92-26-55-21-23-25-81-97-63-80-68-34-64-40-14-93-48-78-33-15-75-13-70-62-4-45-77-35-12-17-6-96-27-3-47-38-53-57-31-87-29-60-49-41-50-30-67-24-5-91-84-73-90-79-44-51-42-22-46-9-36-85-11-95-18-54-59-58-19-61
Ta100x20,6,4,400,0.925,0.05,6,2230606255,17000,6650,6437,6144,5.156617715,v2_avx512bw_vec32_exact_perm,56-83-86-82-88-39-26-1-32-9-20-8-69-65-78-12-16-21-98-37-89-33-72-7-99-66-28-100-3-71-75-81-2-97-40-58-77-91-92-94-74-29-64-45-30-63-55-60-31-76-25-43-23-24-10-52-48-62-50-35-87-68-70-13-14-49-17-93-22-38-96-80-53-27-18-5-34-4-73-54-44-42-79-36-59-57-84-46-85-51-6-15-11-47-90-67-95-41-19-61
Ta100x20,6,4,400,0.925,0.05,7,2230607264,17000,6681,6437,6144,5.137479222,v2_avx512bw_vec32_exact_perm,56-86-88-39-8-83-32-30-82-98-12-89-43-55-23-25-20-60-37-2-80-1-7-28-27-100-92-16-33-65-52-78-34-10-69-99-81-14-26-76-97-38-72-71-58-4-31-74-91-9-66-84-63-13-75-15-45-6-64-77-35-94-48-50-68-18-42-59-87-24-3-40-21-17-96-53-36-44-70-29-49-62-67-79-57-5-90-22-85-46-93-51-54-73-11-47-95-41-19-61
Ta100x20,6,4,400,0.925,0.05,8,2230608273,17000,6678,6437,6144,5.189237348,v2_avx512bw_vec32_exact_perm,56-86-88-39-83-82-55-72-100-69-1-8-9-26-60-32-98-89-99-66-33-74-7-20-37-14-12-97-2-76-65-92-27-16-40-28-4-68-34-49-59-23-47-81-78-91-25-94-50-54-57-48-87-80-31-10-15-58-71-24-45-13-73-17-36-21-77-38-35-53-75-93-51-84-64-63-79-30-44-52-46-96-18-85-70-11-22-6-29-3-62-42-95-67-5-90-43-41-19-61
Ta100x20,6,4,400,0.925,0.05,9,2230609282,17000,6689,6437,6144,5.056458105,v2_avx512bw_vec32_exact_perm,56-86-39-20-82-99-83-37-43-92-81-88-52-89-26-12-8-32-9-98-100-25-72-65-16-33-60-30-34-28-14-23-45-66-69-31-74-80-75-94-55-7-57-17-71-76-10-38-58-1-49-2-13-3-97-40-24-96-91-77-87-59-78-6-35-70-4-63-48-79-21-46-68-15-22-84-50-67-73-47-27-85-62-29-53-54-93-5-36-11-90-51-64-95-18-42-44-41-19-61
Ta100x20,6,4,400,0.925,0.05,10,2230610291,17000,6658,6437,6144,5.240213882,v2_avx512bw_vec32_exact_perm,56-86-88-43-83-39-82-72-8-99-32-30-37-33-12-2-60-78-71-20-69-81-98-34-94-57-9-26-89-23-1-66-68-7-100-92-80-65-75-25-4-38-64-96-59-53-97-10-55-50-76-52-14-58-22-28-49-35-87-27-40-48-18-73-45-84-24-91-17-77-13-5-74-46-11-16-36-44-41-85-67-31-70-95-15-3-21-29-47-93-62-42-79-90-51-54-6-63-19-61
Ta100x20,6,4,400,0.925,0.075,1,2230601210,17000,6689,6437,6144,6.277999335,v2_avx512bw_vec32_exact_perm,56-39-86-20-2-82-37-26-12-99-8-9-92-10-33-72-83-16-88-71-98-32-89-80-84-63-100-1-69-78-27-14-97-94-76-58-66-40-48-55-81-28-7-23-65-30-57-45-38-17-68-60-18-87-34-74-13-25-79-70-75-77-64-4-3-35-61-22-52-36-24-5-91-73-44-93-43-50-11-51-31-85-95-53-42-67-49-47-59-6-90-21-29-46-41-15-96-19-62-54
Ta100x20,6,4,400,0.925,0.075,2,2230602219,17000,6675,6437,6144,5.805015222,v2_avx512bw_vec32_exact_perm,56-86-88-39-82-99-20-8-32-83-12-69-92-89-40-98-94-2-1-43-7-23-97-72-81-60-37-64-33-27-100-28-78-68-30-4-14-70-55-66-65-34-58-29-87-13-80-10-52-57-77-75-48-74-26-17-16-53-31-71-25-38-45-3-15-91-50-6-84-9-76-49-59-93-21-18-96-35-85-67-79-62-5-36-46-73-51-11-22-90-24-44-47-95-54-42-63-41-19-61
Ta100x20,6,4,400,0.925,0.075,3,2230603228,17000,6674,6437,6144,6.533512476,v2_avx512bw_vec32_exact_perm,56-86-82-88-83-39-92-37-20-72-78-9-26-99-7-14-8-2-65-25-16-69-55-89-33-12-10-57-1-80-38-32-60-52-28-87-58-30-23-81-34-94-47-71-76-40-13-98-70-35-27-84-100-63-85-66-31-21-91-36-77-50-75-67-4-79-97-15-46-3-5-93-29-68-22-24-64-74-48-53-73-42-96-44-17-11-49-90-45-18-59-54-95-43-41-6-51-19-62-61
Ta100x20,6,4,400,0.925,0.075,4,2230604237,17000,6685,6437,6144,6.200064935,v2_avx512bw_vec32_exact_perm,56-86-88-83-32-82-8-1-16-39-10-20-72-66-7-43-26-33-2-98-60-89-28-55-12-94-23-76-38-74-69-29-37-99-100-92-25-27-45-40-58-68-48-80-31-57-52-77-64-14-3-65-71-84-13-9-21-87-49-17-34-81-35-50-85-30-97-75-91-78-63-70-5-67-53-18-15-95-24-47-42-62-96-93-73-46-36-22-90-4-6-54-79-59-11-51-44-41-19-61
Ta100x20,6,4,400,0.925,0.075,5,2230605246,17000,6690,6437,6144,5.903118185,v2_avx512bw_vec32_exact_perm,56-86-82-39-88-72-83-8-32-20-37-7-57-81-16-92-65-52-26-99-71-12-76-98-94-58-66-9-100-33-75-59-97-74-73-69-15-89-24-23-29-25-10-3-43-68-80-34-31-91-87-13-55-49-77-21-5-22-35-48-2-28-60-1-45-50-78-84-70-53-18-27-14-64-85-51-38-96-47-6-17-62-36-44-46-30-95-41-42-4-40-79-90-11-67-93-54-63-19-61
Ta100x20,6,4,400,0.925,0.075,6,2230606255,17000,6691,6437,6144,5.095486901,v2_avx512bw_vec32_exact_perm,56-86-88-39-30-83-82-43-33-1-99-9-2-12-7-26-8-100-98-92-72-37-78-16-65-94-27-34-40-68-63-89-60-75-20-69-66-57-81-55-79-45-10-23-58-53-14-76-17-74-25-91-15-21-31-80-29-84-28-3-32-71-64-96-93-38-49-35-44-97-36-77-24-59-52-22-48-5-13-62-70-18-85-87-73-46-50-4-11-67-51-6-90-42-47-54-95-41-19-61
Ta100x20,6,4,400,0.925,0.075,7,2230607264,17000,6696,6437,6144,5.281138959,v2_avx512bw_vec32_exact_perm,56-86-88-39-8-99-2-82-9-83-32-89-7-37-92-72-98-71-76-100-27-33-10-74-12-69-23-30-3-81-20-25-16-97-66-55-15-21-52-14-45-28-48-29-65-84-5-1-60-38-57-40-31-78-34-24-94-87-58-61-68-80-26-70-4-43-50-22-13-46-35-47-95-49-91-63-64-53-85-77-96-36-44-59-73-62-79-6-75-42-17-18-93-51-90-54-67-41-19-11
Ta100x20,6,4,400,0.925,0.075,8,2230608273,17000,6681,6437,6144,5.305641903,v2_avx512bw_vec32_exact_perm,56-86-88-39-8-30-43-83-82-72-65-55-7-98-2-12-37-99-14-9-78-20-71-38-25-94-33-100-46-92-69-16-28-1-89-66-32-68-29-31-52-80-76-18-81-10-26-59-40-58-74-57-60-75-84-4-27-34-49-17-21-87-91-79-3-64-63-77-23-97-45-15-35-36-48-50-24-96-42-5-70-22-53-13-44-85-62-11-73-67-90-6-47-51-93-95-41-54-19-61
Ta100x20,6,4,400,0.925,0.075,9,2230609282,17000,6703,6437,6144,5.987201887,v2_avx512bw_vec32_exact_perm,56-86-88-83-8-39-82-32-20-71-98-9-7-89-100-72-33-25-16-1-99-92-69-45-65-14-10-58-37-94-12-2-80-75-97-30-38-76-28-66-63-55-81-3-68-91-74-52-15-57-60-34-27-53-23-40-17-29-5-78-87-13-21-70-84-59-18-4-64-50-95-62-35-31-96-48-24-43-79-36-93-77-85-73-47-22-67-46-6-11-26-51-44-61-42-90-49-41-19-54
Ta100x20,6,4,400,0.925,0.075,10,2230610291,17000,6640,6437,6144,6.349520034,v2_avx512bw_vec32_exact_perm,56-39-8-86-83-89-7-82-43-26-16-32-99-52-100-98-37-40-1-72-10-65-28-63-69-55-88-64-92-76-2-60-34-66-57-94-81-74-21-97-33-30-38-23-78-41-25-58-31-80-4-71-48-35-12-68-9-14-24-84-45-5-27-67-3-75-87-91-50-77-17-49-85-47-20-15-11-29-6-53-46-13-93-22-51-79-36-62-70-96-18-73-42-44-59-90-54-95-19-61
Ta100x20,6,4,400,0.925,0.1,1,2230601210,17000,6681,6437,6144,5.58445307,v2_avx512bw_vec32_exact_perm,56-86-88-39-8-82-2-33-37-1-9-83-20-99-43-89-55-7-34-65-26-16-66-92-58-69-45-70-52-60-97-32-68-57-12-23-28-25-76-100-31-81-71-40-29-78-79-10-80-87-67-75-53-98-85-44-72-91-77-51-94-5-48-49-63-22-62-27-24-38-14-3-64-4-13-21-46-93-50-84-15-17-96-42-35-36-74-11-73-30-6-59-18-90-47-54-95-41-19-61
Ta100x20,6,4,400,0.925,0.1,2,2230602219,17000,6674,6437,6144,5.552102307,v2_avx512bw_vec32_exact_perm,56-86-39-20-14-72-83-65-98-8-88-99-92-7-26-55-10-23-43-1-28-12-68-32-81-97-76-2-34-82-78-25-27-52-80-84-74-58-71-4-100-33-69-35-45-38-94-66-89-16-85-24-75-57-40-64-73-77-13-22-37-48-96-60-3-5-91-49-21-87-95-53-18-17-9-6-50-63-59-93-36-31-15-30-29-62-42-70-79-90-44-46-51-54-67-11-47-41-19-61
Ta100x20,6,4,400,0.925,0.1,3,2230603228,17000,6646,6437,6144,5.702454597,v2_avx512bw_vec32_exact_perm,56-83-86-43-39-33-82-12-23-98-26-76-92-52-37-30-88-69-99-100-28-89-8-32-25-46-66-9-20-1-40-65-74-7-27-2-81-34-80-94-55-71-78-16-10-75-58-77-72-60-84-70-38-50-90-41-48-49-97-5-45-57-14-24-17-85-3-21-53-91-87-35-64-96-44-31-95-36-22-15-13-93-62-68-73-42-29-79-18-6-59-4-67-47-11-63-54-51-19-61
Ta100x20,6,4,400,0.925,0.1,4,2230604237,17000,6649,6437,6144,5.614584394,v2_avx512bw_vec32_exact_perm,56-83-82-39-86-43-99-58-20-8-88-65-98-1-37-12-32-89-16-34-23-33-10-94-52-92-28-55-66-80-100-71-72-21-24-25-48-38-26-75-76-4-7-14-97-69-74-60-91-57-45-40-81-78-44-87-27-68-13-9-35-2-70-17-54-49-11-85-77-29-31-53-50-59-64-84-51-3-79-18-30-22-46-96-5-47-15-67-93-6-36-42-63-90-95-62-73-41-19-61
Ta100x20,6,4,400,0.925,0.1,5,2230605246,17000,6677,6437,6144,5.67929286,v2_avx512bw_vec32_exact_perm,83-86-88-26-8-39-32-2-30-58-25-12-69-68-98-72-20-33-78-37-99-7-14-52-65-60-100-10-82-89-27-92-29-55-21-1-81-91-75-40-94-28-16-80-70-84-76-53-9-56-50-57-23-38-34-66-48-71-15-31-49-24-17-45-18-36-35-74-51-22-97-64-4-13-96-87-63-77-46-93-11-47-73-59-43-5-42-54-85-44-3-6-62-90-79-67-95-41-19-61
Ta100x20,6,4,400,0.925,0.1,6,2230606255,17000,6727,6437,6144,5.211499592,v2_avx512bw_vec32_exact_perm,56-86-88-2-8-83-12-63-39-98-99-9-100-32-34-80-82-27-89-1-69-68-10-28-3-92-72-66-55-71-40-97-94-23-38-7-76-26-33-52-81-59-65-14-75-29-4-13-6-35-30-64-77-96-5-25-57-31-21-53-16-87-20-60-47-78-91-24-70-22-15-18-43-90-49-46-62-84-51-74-36-79-58-50-48-42-85-45-44-37-93-17-73-11-54-67-41-95-19-61
Ta100x20,6,4,400,0.925,0.1,7,2230607264,17000,6677,6437,6144,5.350341126,v2_avx512bw_vec32_exact_perm,56-86-54-83-82-88-92-30-39-8-32-2-99-1-37-33-98-89-12-69-72-20-52-78-28-65-74-7-4-71-43-16-14-68-100-10-66-25-23-9-58-31-79-57-76-87-34-3-81-27-80-55-21-49-77-38-13-26-17-64-96-18-45-93-97-75-94-59-40-50-35-84-60-91-24-53-48-63-15-85-6-36-44-46-70-47-11-51-22-62-73-95-90-5-42-67-29-41-19-61
Ta100x20,6,4,400,0.925,0.1,8,2230608273,17000,6689,6437,6144,5.045754749,v2_avx512bw_vec32_exact_perm,56-86-39-72-83-82-26-98-20-37-8-81-2-43-76-69-88-9-89-25-71-12-30-58-7-16-32-100-3-94-33-14-80-99-52-10-78-65-28-92-1-34-63-97-38-55-62-23-75-40-57-31-68-60-42-29-66-24-59-73-13-41-64-44-4-67-70-47-49-77-74-35-48-53-17-85-21-45-27-36-84-87-96-5-91-46-6-79-90-22-95-54-50-93-15-51-18-11-19-61
Ta100x20,6,4,400,0.925,0.1,9,2230609282,17000,6709,6437,6144,5.007151971,v2_avx512bw_vec32_exact_perm,56-86-39-72-8-99-9-83-98-82-20-7-37-100-32-89-38-2-33-71-76-16-26-94-40-34-66-21-1-28-81-43-31-87-4-92-55-12-84-63-23-68-74-97-78-70-48-45-65-77-35-69-75-5-27-50-49-24-64-59-79-18-96-17-13-58-52-25-80-36-46-15-91-10-22-47-62-53-60-51-88-3-44-6-29-57-85-30-11-93-42-73-67-90-54-14-95-41-19-61
Ta100x20,6,4,400,0.925,0.1,10,2230610291,17000,6695,6437,6144,5.344545042,v2_avx512bw_vec32_exact_perm,56-86-72-88-82-83-100-26-98-1-20-8-99-25-9-65-32-12-39-76-68-71-74-30-21-66-89-69-37-78-55-2-28-7-52-3-80-34-81-75-14-92-23-16-33-70-10-94-58-29-87-40-24-48-45-27-91-38-50-31-60-17-18-15-77-46-85-97-36-13-96-22-44-79-53-49-64-93-42-57-35-11-51-73-90-43-59-5-84-62-6-67-95-4-54-63-41-47-19-61
Ta100x20,6,4,400,0.925,0.125,1,2230601210,17000,6733,6437,6144,5.654428535,v2_avx512bw_vec32_exact_perm,56-83-86-39-20-37-9-100-98-8-82-33-89-26-10-52-63-81-32-65-88-17-12-72-99-34-69-1-55-14-2-60-80-7-66-38-28-92-25-31-43-40-23-97-4-87-58-48-16-76-96-45-27-50-3-84-91-13-35-71-74-51-18-64-78-6-15-59-62-29-79-75-30-77-5-95-47-21-54-46-90-24-68-67-49-73-41-22-70-85-94-57-11-93-44-42-19-36-53-61
Ta100x20,6,4,400,0.925,0.125,2,2230602219,17000,6689,6437,6144,5.528366152,v2_avx512bw_vec32_exact_perm,56-86-88-82-83-26-9-18-2-39-20-8-99-65-10-32-92-55-25-98-80-1-76-34-12-14-37-72-33-43-23-29-31-78-30-28-16-89-7-81-94-58-69-71-52-38-27-97-3-64-74-66-75-77-13-42-60-70-40-50-35-21-57-100-17-91-36-48-85-22-63-79-61-96-45-47-49-24-90-84-15-87-4-59-62-5-44-46-67-68-93-6-41-53-73-51-19-54-95-11
Ta100x20,6,4,400,0.925,0.125,3,2230603228,17000,6720,6437,6144,5.786649221,v2_avx512bw_vec32_exact_perm,56-39-86-30-37-82-83-58-14-32-9-72-12-33-26-98-7-89-99-100-1-92-10-69-16-20-38-23-88-97-3-8-28-40-2-17-55-45-48-65-52-43-66-71-80-5-76-77-74-57-25-41-78-13-27-60-34-49-22-53-81-94-67-24-75-15-91-50-85-95-59-64-68-87-18-44-84-31-70-96-4-79-90-21-35-63-47-73-6-62-42-11-46-29-54-93-36-51-19-61
Ta100x20,6,4,400,0.925,0.125,4,2230604237,17000,6702,6437,6144,5.686499129,v2_avx512bw_vec32_exact_perm,56-86-88-82-83-8-39-69-20-32-26-2-12-9-25-28-54-65-1-68-74-52-37-100-40-16-43-66-98-27-94-60-33-71-76-92-97-7-80-99-34-57-10-89-75-38-48-24-50-84-81-23-21-72-45-87-29-4-58-35-14-13-31-77-91-55-15-36-64-96-85-46-44-49-11-63-78-73-5-30-18-22-42-90-59-70-79-53-17-93-62-3-51-67-95-47-6-41-19-61
Ta100x20,6,4,400,0.925,0.125,5,2230605246,17000,6723,6437,6144,5.629088107,v2_avx512bw_vec32_exact_perm,56-86-88-39-98-20-2-83-37-43-7-8-12-78-82-99-74-65-81-32-68-97-14-30-1-100-38-21-49-40-33-25-76-72-9-3-91-89-16-52-27-35-23-58-69-66-45-92-60-71-94-29-31-55-59-87-75-10-48-79-28-15-53-57-5-17-96-85-70-80-50-22-34-73-54-64-24-77-90-62-13-46-36-26-18-95-47-63-4-11-84-6-93-67-42-44-51-41-19-61
Ta100x20,6,4,400,0.925,0.125,6,2230606255,17000,6713,6437,6144,5.282605167,v2_avx512bw_vec32_exact_perm,56-86-83-72-39-8-88-98-82-20-99-89-7-1-92-26-9-100-37-2-60-52-75-27-12-66-14-23-63-65-33-16-81-28-94-48-71-31-25-69-55-32-87-76-17-84-29-4-34-58-68-10-70-45-51-38-78-57-22-80-42-3-30-6-5-40-96-18-77-13-35-59-49-97-53-21-79-50-91-61-24-64-93-46-43-15-36-85-90-73-95-62-41-54-67-74-44-47-19-11
Ta100x20,6,4,400,0.925,0.125,7,2230607264,17000,6714,6437,6144,5.614850722,v2_avx512bw_vec32_exact_perm,56-86-54-39-8-88-37-83-65-69-26-82-1-12-70-20-66-94-63-9-2-58-76-16-32-7-14-92-33-99-75-52-89-60-29-100-71-98-81-10-27-72-55-48-31-5-40-21-25-80-68-23-57-34-13-4-38-91-49-45-64-28-77-47-35-97-74-17-96-73-3-36-15-93-78-22-24-87-53-84-67-30-46-51-62-43-44-95-11-42-85-50-90-6-59-18-79-41-19-61
Ta100x20,6,4,400,0.925,0.125,8,2230608273,17000,6681,6437,6144,5.642719518,v2_avx512bw_vec32_exact_perm,56-86-88-39-8-2-16-21-32-83-33-98-100-82-37-20-28-76-12-26-9-45-72-99-89-84-71-66-78-7-43-1-97-14-92-30-69-91-10-75-15-60-94-81-34-65-23-57-74-27-38-52-80-64-13-55-77-4-40-17-24-46-63-53-31-25-67-70-87-18-85-5-50-3-51-58-29-48-62-35-73-49-6-79-42-59-36-22-68-90-93-54-44-96-95-11-47-41-19-61
Ta100x20,6,4,400,0.925,0.125,9,2230609282,17000,6703,6437,6144,5.233974329,v2_avx512bw_vec32_exact_perm,56-39-8-86-83-9-98-82-100-26-27-7-2-37-78-12-20-89-69-25-80-32-45-28-96-99-92-55-33-68-14-81-40-71-64-30-49-52-65-38-50-72-77-57-53-66-34-16-60-10-1-43-31-46-97-94-4-48-29-15-70-24-13-44-76-73-87-84-11-79-18-74-63-21-85-75-23-17-22-36-35-58-93-62-3-91-42-51-67-59-88-6-5-90-47-54-95-41-19-61
Ta100x20,6,4,400,0.925,0.125,10,2230610291,17000,6704,6437,6144,5.124610944,v2_avx512bw_vec32_exact_perm,56-86-88-26-83-8-39-78-28-89-33-30-82-52-37-20-1-32-12-66-100-43-72-10-99-55-98-7-81-71-14-27-92-9-97-18-21-65-76-38-94-50-34-25-80-2-48-75-60-69-53-23-74-49-17-45-77-70-35-16-84-5-91-13-22-58-59-4-40-57-15-68-36-87-31-3-67-24-6-93-51-63-85-11-96-90-79-29-64-73-62-41-47-42-95-46-54-44-19-61
Ta100x20,6,4,400,0.9625,0.025,1,2230601210,17000,6681,6437,6144,5.614476622,v2_avx512bw_vec32_exact_perm,56-86-88-39-8-26-83-98-72-9-33-82-1-20-32-99-89-25-7-65-71-92-69-81-74-34-12-50-68-3-66-37-57-2-52-58-75-45-60-23-55-38-97-10-40-76-30-29-94-21-49-80-28-91-100-78-27-59-77-53-31-64-96-85-18-36-15-17-84-87-13-35-24-22-79-14-62-16-4-5-43-93-63-73-46-48-42-70-44-67-11-51-90-54-6-95-47-41-19-61
Ta100x20,6,4,400,0.9625,0.025,2,2230602219,17000,6708,6437,6144,5.279431001,v2_avx512bw_vec32_exact_perm,56-86-88-8-39-82-20-26-7-43-89-76-37-2-12-1-10-16-32-69-78-9-52-83-72-66-28-23-98-21-99-33-81-38-80-65-58-25-50-60-92-94-57-34-68-48-70-45-75-3-27-55-91-14-18-74-30-87-84-77-71-49-17-13-36-5-97-64-41-63-53-85-40-79-100-59-31-96-73-35-15-24-62-44-95-22-90-4-46-11-67-51-93-29-47-54-42-6-19-61
Ta100x20,6,4,400,0.9625,0.025,3,2230603228,17000,6666,6437,6144,5.33160387,v2_avx512bw_vec32_exact_perm,56-83-86-54-39-82-8-26-2-37-12-7-89-43-1-99-92-55-69-9-88-80-20-71-32-52-100-66-45-28-72-10-33-97-74-38-65-78-98-23-76-58-75-27-60-68-16-81-29-14-25-94-4-13-40-64-48-34-35-17-3-70-87-53-91-5-44-31-30-57-79-15-62-36-96-77-24-46-21-49-73-18-84-50-93-59-42-85-22-51-67-47-6-90-95-11-63-41-19-61
Ta100x20,6,4,400,0.9625,0.025,4,2230604237,17000,6645,6437,6144,5.611559979,v2_avx512bw_vec32_exact_perm,56-86-83-82-9-20-88-65-8-39-32-16-89-69-1-37-98-26-12-100-52-28-55-2-4-43-80-99-7-76-14-25-33-68-23-10-74-75-81-57-38-49-71-72-92-34-60-91-53-64-27-45-66-97-87-84-78-77-31-17-35-21-24-50-48-29-30-3-15-70-40-58-13-18-94-42-63-36-46-51-85-59-44-22-54-96-90-79-11-73-93-62-6-47-5-67-95-41-19-61
Ta100x20,6,4,400,0.9625,0.025,5,2230605246,17000,6654,6437,6144,5.285944875,v2_avx512bw_vec32_exact_perm,56-83-86-88-39-8-9-20-82-37-12-100-98-26-65-32-89-28-78-30-34-69-33-76-97-80-72-10-99-1-2-94-55-16-25-74-68-52-63-71-92-7-57-64-38-49-14-18-23-87-3-81-75-66-59-45-22-58-35-40-77-84-50-31-17-5-43-91-70-13-85-96-60-27-48-79-73-62-53-15-36-24-46-93-47-21-44-42-4-67-29-11-6-90-54-51-95-41-19-61
Ta100x20,6,4,400,0.9625,0.025,6,2230606255,17000,6681,6437,6144,5.262357086,v2_avx512bw_vec32_exact_perm,56-86-88-39-8-32-20-83-12-82-37-98-2-1-99-9-33-16-100-89-66-92-14-72-94-7-50-38-52-58-43-23-34-55-27-10-21-69-25-3-48-78-80-40-97-29-76-68-15-81-26-28-22-57-91-31-49-93-53-71-5-65-60-13-45-84-30-64-74-35-77-59-73-17-87-18-75-90-4-96-36-51-79-67-62-11-24-41-42-85-44-70-46-6-95-63-54-47-19-61
Ta100x20,6,4,400,0.9625,0.025,7,2230607264,17000,6688,6437,6144,5.269203384,v2_avx512bw_vec32_exact_perm,56-83-86-82-88-39-26-37-12-9-98-33-89-20-16-99-100-34-7-65-27-72-92-2-8-55-32-1-97-63-23-25-38-66-52-75-10-69-80-78-71-59-30-14-94-18-24-4-40-64-58-70-3-91-45-28-50-36-81-48-87-60-77-35-96-68-29-21-6-57-49-76-13-84-62-5-22-53-46-11-15-85-67-73-31-79-51-93-17-74-47-42-43-90-95-44-41-54-19-61
Ta100x20,6,4,400,0.9625,0.025,8,2230608273,17000,6644,6437,6144,5.240102911,v2_avx512bw_vec32_exact_perm,56-86-83-72-20-39-82-43-26-8-88-12-98-2-37-10-57-7-45-32-23-38-89-25-80-69-100-76-94-65-28-60-92-16-78-33-71-14-55-52-1-63-40-81-58-99-21-48-66-4-74-97-9-30-17-79-70-13-3-75-24-53-64-67-77-15-27-87-96-35-31-34-84-49-6-91-85-29-51-68-36-42-46-50-44-5-22-62-59-93-73-47-90-54-11-18-95-41-19-61
Ta100x20,6,4,400,0.9625,0.025,9,2230609282,17000,6651,6437,6144,5.127408272,v2_avx512bw_vec32_exact_perm,56-86-88-83-32-82-39-8-16-20-12-37-26-33-28-100-89-7-99-98-92-45-75-30-38-69-1-43-2-50-10-72-66-80-65-94-25-4-55-40-71-81-52-23-76-34-27-79-58-78-68-87-9-14-48-21-29-60-74-97-3-64-57-91-84-35-85-15-77-31-46-24-53-13-73-36-63-96-59-6-93-49-11-22-17-51-44-47-70-42-54-5-18-90-62-67-95-41-19-61
Ta100x20,6,4,400,0.9625,0.025,10,2230610291,17000,6678,6437,6144,4.970755699,v2_avx512bw_vec32_exact_perm,56-39-8-86-88-33-83-16-9-2-89-98-92-26-20-82-30-37-60-69-99-12-55-14-7-75-38-100-72-34-1-27-76-97-80-10-94-32-68-25-4-57-58-3-66-52-45-28-78-65-71-81-21-17-24-40-23-48-46-74-31-77-91-53-84-64-59-73-18-35-87-70-49-63-43-13-96-50-22-15-79-67-85-93-36-29-44-62-42-6-51-5-90-54-11-47-95-41-19-61
Ta100x20,6,4,400,0.9625,0.05,1,2230601210,17000,6698,6437,6144,5.601836305,v2_avx512bw_vec32_exact_perm,56-86-30-82-83-88-32-1-72-43-2-80-99-8-39-28-16-38-98-66-65-20-89-7-10-37-55-34-33-25-60-100-74-12-69-9-57-81-76-23-52-27-91-71-78-75-84-79-13-45-92-40-68-94-14-95-50-17-3-24-87-77-97-31-48-53-15-47-5-96-70-67-35-90-64-4-26-22-21-36-58-29-46-44-59-49-62-11-6-18-51-85-73-42-54-41-93-63-19-61
Ta100x20,6,4,400,0.9625,0.05,2,2230602219,17000,6653,6437,6144,6.097075604,v2_avx512bw_vec32_exact_perm,56-86-72-82-83-88-39-8-20-69-76-71-30-9-65-12-100-25-37-98-32-10-26-16-2-99-89-92-52-7-80-45-38-29-48-34-33-31-57-60-78-43-49-1-94-55-28-68-14-97-66-15-75-27-64-4-81-23-24-84-70-91-17-3-36-53-58-40-77-79-74-21-50-46-35-13-87-67-85-5-63-44-54-96-11-47-51-6-22-90-59-42-73-18-93-62-95-41-19-61
Ta100x20,6,4,400,0.9625,0.05,3,2230603228,17000,6687,6437,6144,5.521157543,v2_avx512bw_vec32_exact_perm,56-86-37-72-88-39-8-26-99-100-1-82-43-83-9-20-69-12-14-66-52-10-89-92-21-98-55-25-33-34-76-57-28-78-80-68-7-31-32-16-58-45-75-53-2-65-71-40-60-81-49-38-94-79-23-27-35-96-48-15-62-97-64-91-87-3-74-77-29-36-17-73-6-70-5-63-4-46-13-44-30-22-95-85-90-84-18-42-24-51-11-67-50-93-54-59-47-41-19-61
Ta100x20,6,4,400,0.9625,0.05,4,2230604237,17000,6690,6437,6144,5.486459411,v2_avx512bw_vec32_exact_perm,56-86-88-39-8-9-82-20-83-72-69-99-1-10-30-37-55-92-100-22-26-32-76-2-16-33-74-65-52-81-12-29-97-66-23-60-71-68-28-78-98-27-7-75-89-40-70-38-31-58-62-53-48-45-14-25-15-13-80-5-57-3-44-96-77-94-91-84-85-17-43-79-34-49-64-67-46-51-4-87-50-21-35-63-24-93-61-36-6-18-59-42-41-90-73-19-47-54-95-11
Ta100x20,6,4,400,0.9625,0.05,5,2230605246,17000,6680,6437,6144,5.478573178,v2_avx512bw_vec32_exact_perm,56-83-86-58-39-72-30-82-99-8-69-37-32-26-88-20-65-12-7-9-89-14-33-92-2-45-55-98-38-68-81-29-34-23-94-100-25-1-57-76-60-52-79-53-80-18-13-21-64-3-16-48-71-10-84-40-17-5-50-87-27-28-66-43-15-4-22-74-78-35-77-75-31-63-70-97-96-91-59-73-62-6-85-49-24-42-93-44-46-11-67-51-36-47-90-54-95-41-19-61
Ta100x20,6,4,400,0.9625,0.05,6,2230606255,17000,6681,6437,6144,5.925750723,v2_avx512bw_vec32_exact_perm,56-86-88-39-8-43-83-98-2-82-10-99-9-20-92-72-71-12-33-1-74-81-69-55-52-37-97-65-30-89-91-14-28-66-76-75-4-80-70-23-94-34-100-58-26-63-3-48-38-32-17-35-7-68-45-25-36-77-64-84-21-29-78-24-13-60-27-40-15-47-53-49-93-22-16-50-31-67-18-59-57-5-79-62-6-90-87-85-96-44-54-11-73-46-42-51-95-19-41-61
Ta100x20,6,4,400,0.9625,0.05,7,2230607264,17000,6678,6437,6144,5.976792882,v2_avx512bw_vec32_exact_perm,56-39-86-20-43-83-89-8-37-40-9-99-88-82-92-16-98-26-14-80-65-69-32-52-78-72-45-7-58-94-71-12-33-28-23-84-66-1-10-55-25-70-31-34-76-13-81-64-68-91-35-60-29-59-87-100-75-3-48-15-57-2-85-96-97-27-17-79-42-4-77-49-46-63-38-50-22-93-30-36-51-73-11-18-44-24-53-74-5-21-62-6-67-90-47-54-95-41-19-61
Ta100x20,6,4,400,0.9625,0.05,8,2230608273,17000,6654,6437,6144,6.207181237,v2_avx512bw_vec32_exact_perm,56-86-88-83-39-82-26-8-1-43-72-25-16-78-33-12-2-99-9-32-37-69-92-10-76-80-98-65-34-89-55-7-45-24-40-23-75-20-28-57-94-68-71-91-52-100-14-4-97-58-85-27-66-22-3-64-60-48-81-11-74-79-49-18-67-15-53-36-46-50-84-51-77-35-30-38-13-87-6-29-96-93-73-63-95-21-17-42-31-70-90-44-41-5-62-59-47-54-19-61
Ta100x20,6,4,400,0.9625,0.05,9,2230609282,17000,6669,6437,6144,5.966634958,v2_avx512bw_vec32_exact_perm,56-83-86-82-88-39-26-9-20-8-65-37-14-55-12-98-32-69-7-89-52-100-99-1-40-34-76-28-49-75-10-38-72-4-31-71-94-23-33-80-25-92-81-70-48-45-97-77-16-30-43-60-35-66-64-2-58-17-18-78-27-57-21-13-36-91-63-50-79-84-15-3-42-29-74-24-67-53-59-5-46-44-68-96-62-85-87-47-22-73-95-51-90-11-54-93-6-41-19-61
Ta100x20,6,4,400,0.9625,0.05,10,2230610291,17000,6708,6437,6144,6.761794352,v2_avx512bw_vec32_exact_perm,56-86-88-8-39-82-2-83-20-80-12-92-37-69-76-26-34-32-9-65-1-99-28-30-81-100-98-10-29-89-52-38-23-14-66-40-94-75-60-27-7-33-72-97-55-25-91-78-48-68-57-43-45-77-71-84-50-31-58-87-17-35-47-49-15-22-46-21-13-16-4-5-18-70-3-93-67-53-85-64-24-44-96-11-41-36-74-79-95-42-73-90-51-59-63-62-54-6-19-61
Ta100x20,6,4,400,0.9625,0.075,1,2230601210,17000,6706,6437,6144,5.322739999,v2_avx512bw_vec32_exact_perm,56-86-83-2-39-8-82-37-9-20-26-33-76-88-72-32-58-66-12-98-69-89-1-16-52-94-65-34-80-100-25-92-78-49-28-57-99-14-40-55-30-68-71-77-36-7-45-75-97-38-81-13-35-91-96-27-31-60-10-53-50-21-64-3-17-87-23-15-24-84-44-63-74-29-22-93-73-51-11-43-18-47-48-70-85-41-95-6-42-4-62-5-46-79-67-90-59-54-19-61
Ta100x20,6,4,400,0.9625,0.075,2,2230602219,17000,6684,6437,6144,5.435410692,v2_avx512bw_vec32_exact_perm,56-86-88-83-43-82-26-39-98-20-2-92-89-25-38-33-37-12-52-100-66-8-3-34-16-72-27-81-55-65-58-7-74-69-68-71-78-99-45-9-76-13-23-40-94-48-91-1-87-80-32-14-35-79-67-60-50-75-28-85-47-4-96-10-70-18-64-30-46-49-77-15-17-53-22-6-57-24-93-63-31-42-90-59-36-29-97-54-84-5-21-73-51-62-44-11-41-95-19-61
Ta100x20,6,4,400,0.9625,0.075,3,2230603228,17000,6699,6437,6144,5.238907884,v2_avx512bw_vec32_exact_perm,56-86-83-82-39-72-98-30-21-32-20-66-26-12-37-69-65-8-55-14-28-71-99-81-92-88-1-9-78-7-34-29-75-45-60-33-2-89-96-94-64-100-50-91-70-49-97-58-3-76-43-25-35-52-40-57-10-15-80-18-31-17-84-24-87-48-23-77-47-59-13-5-27-4-68-38-67-53-62-74-6-16-93-95-79-51-22-44-36-46-42-85-41-73-90-11-54-63-19-61
Ta100x20,6,4,400,0.9625,0.075,4,2230604237,17000,6702,6437,6144,5.161354874,v2_avx512bw_vec32_exact_perm,56-39-86-37-82-83-2-98-88-20-99-26-8-89-71-28-7-65-9-32-12-1-69-94-52-66-60-68-21-27-70-33-81-57-100-34-25-23-92-38-78-80-43-58-74-16-17-97-84-10-55-76-13-72-48-31-77-29-59-35-87-11-14-24-36-64-49-91-3-5-96-44-22-45-75-79-42-50-53-40-47-18-6-95-15-63-62-46-30-85-51-93-4-54-90-67-73-41-19-61
Ta100x20,6,4,400,0.9625,0.075,5,2230605246,17000,6698,6437,6144,6.150945468,v2_avx512bw_vec32_exact_perm,56-86-88-39-2-30-92-83-82-69-99-32-37-12-43-8-89-33-72-98-16-78-100-28-84-26-10-71-81-1-65-94-45-68-9-27-87-31-34-23-25-55-47-48-80-76-59-7-57-52-66-38-4-58-70-96-14-24-74-3-91-17-53-40-6-75-60-15-36-35-20-64-50-22-49-93-21-77-13-5-97-73-18-85-63-46-67-79-44-90-62-54-29-11-42-51-95-41-19-61
Ta100x20,6,4,400,0.9625,0.075,6,2230606255,17000,6711,6437,6144,5.380183412,v2_avx512bw_vec32_exact_perm,56-86-88-83-82-39-8-10-98-72-20-14-37-76-34-26-89-12-7-80-28-2-81-32-92-99-30-78-27-57-33-69-45-100-52-43-40-66-71-58-9-5-1-62-38-31-74-55-59-94-60-25-17-75-77-48-87-50-3-16-64-97-63-53-42-29-13-4-36-70-68-84-35-21-65-23-51-91-18-79-46-61-49-85-15-41-24-73-22-96-67-6-90-93-19-54-44-47-95-11
Ta100x20,6,4,400,0.9625,0.075,7,2230607264,17000,6676,6437,6144,5.400683638,v2_avx512bw_vec32_exact_perm,56-83-86-20-82-26-76-32-33-30-43-39-72-2-12-37-66-88-98-89-7-8-99-3-28-52-16-81-71-92-21-94-29-100-75-1-80-14-38-78-68-57-31-23-65-10-25-70-58-4-49-34-60-35-27-40-48-6-96-69-24-87-77-9-97-15-36-55-18-59-17-45-22-50-13-53-42-91-64-74-84-46-79-63-85-44-54-51-5-11-67-90-93-73-47-62-95-41-19-61
Ta100x20,6,4,400,0.9625,0.075,8,2230608273,17000,6657,6437,6144,5.391868151,v2_avx512bw_vec32_exact_perm,56-83-86-20-82-88-69-8-2-39-1-43-30-32-78-28-26-16-37-100-33-89-9-3-71-7-12-14-81-40-23-68-27-80-13-99-92-25-38-65-48-72-66-85-77-97-50-24-79-91-34-55-70-74-35-57-60-31-96-76-10-49-5-17-67-52-18-59-73-94-47-87-75-4-21-58-95-53-93-44-22-63-84-64-36-61-62-42-98-6-45-46-41-15-90-54-51-29-19-11
Ta100x20,6,4,400,0.9625,0.075,9,2230609282,17000,6675,6437,6144,5.463838628,v2_avx512bw_vec32_exact_perm,56-82-83-86-37-39-72-2-80-7-8-32-30-9-1-99-89-43-69-100-33-27-28-12-26-25-49-55-98-92-66-88-40-76-29-14-94-65-31-45-16-38-68-97-64-23-58-35-21-34-81-71-4-60-70-13-17-74-75-5-20-52-87-57-10-63-67-50-3-96-91-24-18-84-78-6-59-48-15-62-77-47-90-46-36-79-85-22-51-93-53-54-44-42-73-11-95-41-19-61
Ta100x20,6,4,400,0.9625,0.075,10,2230610291,17000,6705,6437,6144,5.3524753,v2_avx512bw_vec32_exact_perm,56-86-88-39-2-82-83-1-8-7-99-43-37-78-89-72-98-81-71-20-45-9-76-25-52-32-65-80-74-55-33-92-68-12-34-69-97-66-75-23-16-26-94-14-58-87-77-15-31-29-48-22-50-21-17-5-10-13-18-28-59-3-57-6-40-35-84-38-49-30-27-60-96-4-79-46-24-44-62-42-70-47-85-63-53-91-93-51-64-36-100-67-54-95-11-90-73-41-19-61
Ta100x20,6,4,400,0.9625,0.1,1,2230601210,17000,6692,6437,6144,5.412277268,v2_avx512bw_vec32_exact_perm,56-86-88-39-8-82-99-9-1-78-32-28-83-33-100-20-59-98-65-76-89-94-74-34-72-37-69-2-25-80-97-92-12-55-81-4-52-29-43-60-75-26-23-38-66-3-91-10-70-30-40-58-16-53-64-45-71-84-36-35-14-15-31-18-57-79-21-17-68-63-87-73-13-7-50-46-48-77-85-24-22-5-96-93-49-11-44-6-90-41-67-51-42-27-62-54-95-47-19-61
Ta100x20,6,4,400,0.9625,0.1,2,2230602219,17000,6686,6437,6144,5.508563187,v2_avx512bw_vec32_exact_perm,56-86-8-83-88-39-32-60-98-82-9-1-100-28-2-12-99-23-72-37-65-69-15-10-89-20-36-92-71-81-75-52-33-76-40-63-16-78-25-14-48-3-55-91-34-94-7-30-49-74-27-66-4-97-64-87-57-70-80-96-13-26-38-45-50-68-95-85-93-73-22-17-46-35-77-24-31-47-84-6-59-18-29-53-43-42-44-51-21-58-67-62-79-5-11-90-54-41-19-61
Ta100x20,6,4,400,0.9625,0.1,3,2230603228,17000,6692,6437,6144,5.72803925,v2_avx512bw_vec32_exact_perm,56-86-83-82-88-39-37-76-2-43-69-89-9-28-80-32-100-45-1-20-16-99-81-33-50-60-72-92-25-65-34-78-26-77-8-68-75-10-52-12-29-58-97-7-3-84-23-27-66-94-91-87-14-40-53-55-96-13-15-48-17-62-24-74-70-49-30-21-73-38-95-4-46-64-63-90-18-35-67-36-71-5-42-59-98-85-93-6-54-31-11-51-47-44-79-22-41-57-19-61
Ta100x20,6,4,400,0.9625,0.1,4,2230604237,17000,6686,6437,6144,6.320767213,v2_avx512bw_vec32_exact_perm,56-83-86-82-39-30-37-88-26-8-28-1-9-89-100-14-38-98-32-99-66-72-2-10-16-65-63-69-57-76-81-55-80-12-29-71-45-3-7-34-94-70-43-13-60-78-84-50-75-97-33-21-23-17-68-74-92-52-48-27-40-73-20-15-53-58-11-4-31-25-36-85-35-96-79-18-24-64-77-22-49-87-90-42-59-62-46-93-6-67-44-47-5-91-54-51-95-41-19-61
Ta100x20,6,4,400,0.9625,0.1,5,2230605246,17000,6717,6437,6144,5.264009026,v2_avx512bw_vec32_exact_perm,56-86-39-82-98-32-83-31-28-2-7-92-30-89-37-40-1-20-38-8-99-52-81-57-4-29-33-88-100-78-12-27-23-15-58-72-25-69-60-10-68-76-9-49-50-77-21-55-14-65-59-45-53-75-74-47-43-71-85-48-97-94-80-13-34-70-24-96-6-18-64-46-87-35-73-66-22-17-3-79-42-63-26-84-93-51-44-62-11-54-16-5-91-36-67-19-95-90-41-61
Ta100x20,6,4,400,0.9625,0.1,6,2230606255,17000,6689,6437,6144,5.349031993,v2_avx512bw_vec32_exact_perm,56-82-86-39-9-83-43-65-89-98-37-2-88-20-8-12-72-71-66-99-32-23-69-25-94-81-100-60-7-80-31-38-63-14-27-16-68-73-64-28-33-45-55-52-78-58-48-24-10-91-74-97-15-3-92-30-79-29-84-76-35-26-17-87-50-34-70-75-21-13-22-90-5-57-40-6-77-36-53-11-51-85-67-4-62-46-18-1-96-93-49-42-54-59-44-41-47-95-19-61
Ta100x20,6,4,400,0.9625,0.1,7,2230607264,17000,6669,6437,6144,5.637997212,v2_avx512bw_vec32_exact_perm,56-39-86-54-83-8-12-37-98-32-88-1-52-58-89-2-16-20-34-80-65-82-99-25-28-55-14-9-78-57-100-69-66-94-33-26-92-72-46-75-81-45-60-23-97-71-76-43-4-7-40-13-73-38-84-63-77-27-49-17-21-74-30-35-36-68-96-15-3-91-87-10-64-50-53-62-18-70-31-48-24-47-5-59-44-22-85-67-29-79-51-93-42-90-6-41-95-11-19-61
Ta100x20,6,4,400,0.9625,0.1,8,2230608273,17000,6723,6437,6144,5.2537375,v2_avx512bw_vec32_exact_perm,56-86-88-83-82-9-39-20-8-12-89-29-37-100-57-1-69-43-68-2-30-76-99-65-52-98-71-7-81-72-38-92-70-80-60-14-97-48-23-33-25-21-55-16-15-94-13-32-84-77-28-66-26-78-46-50-34-64-4-27-74-58-5-18-24-59-40-44-3-49-31-53-91-6-96-45-22-75-35-36-51-87-10-17-90-85-42-11-62-73-95-63-47-67-79-93-54-41-19-61
Ta100x20,6,4,400,0.9625,0.1,9,2230609282,17000,6692,6437,6144,5.56988248,v2_avx512bw_vec32_exact_perm,56-39-86-2-9-100-98-82-83-37-26-20-7-99-28-76-88-1-43-12-66-94-33-89-92-52-8-69-25-68-78-14-72-80-16-55-97-32-58-81-71-30-74-65-27-57-40-23-38-87-75-77-10-31-60-49-91-84-79-5-34-64-4-63-53-13-15-24-96-48-18-36-45-17-21-73-70-62-35-50-42-29-59-85-3-46-22-51-67-95-44-93-90-6-54-11-47-41-19-61
Ta100x20,6,4,400,0.9625,0.1,10,2230610291,17000,6683,6437,6144,6.433654266,v2_avx512bw_vec32_exact_perm,56-86-83-88-2-43-39-92-37-1-100-25-32-82-20-52-81-8-72-29-10-33-99-58-98-12-69-76-55-80-34-3-97-26-68-89-66-77-45-38-48-94-40-7-28-70-60-65-23-21-16-35-14-78-50-71-18-4-31-87-27-57-64-9-49-91-96-13-74-93-84-53-47-36-73-85-24-59-44-75-30-5-62-79-95-11-15-42-46-17-22-67-90-51-54-6-63-19-41-61
Ta100x20,6,4,400,0.9625,0.125,1,2230601210,17000,6708,6437,6144,5.37975607,v2_avx512bw_vec32_exact_perm,56-86-88-8-83-9-39-30-32-33-82-99-98-1-37-12-72-63-43-71-89-2-25-92-7-76-27-78-49-94-52-65-16-23-100-69-80-20-31-48-66-34-26-28-21-35-24-10-55-60-38-14-81-13-74-75-15-58-70-3-97-91-45-57-42-87-68-96-50-84-77-40-29-53-36-79-93-64-59-5-17-4-22-18-90-67-85-73-11-51-62-46-6-47-41-95-54-44-19-61
Ta100x20,6,4,400,0.9625,0.125,2,2230602219,17000,6681,6437,6144,5.463645254,v2_avx512bw_vec32_exact_perm,56-86-82-88-39-20-69-8-83-21-98-100-32-37-26-1-92-55-99-2-12-30-29-38-14-89-28-52-76-66-80-33-60-34-94-81-40-23-7-16-65-63-75-45-15-58-31-71-10-70-96-9-35-50-97-78-49-25-68-27-17-77-84-48-18-72-57-22-5-62-79-36-11-47-53-46-87-51-64-74-13-24-93-59-6-90-43-4-42-73-91-3-85-67-44-41-95-54-19-61
Ta100x20,6,4,400,0.9625,0.125,3,2230603228,17000,6707,6437,6144,5.517073376,v2_avx512bw_vec32_exact_perm,56-86-88-39-8-83-12-30-82-26-16-72-1-43-99-66-37-69-89-40-38-68-33-100-94-78-98-14-2-28-7-32-65-52-10-58-81-48-71-13-27-55-84-45-9-76-23-34-60-20-25-97-92-80-57-77-4-87-22-35-29-24-5-53-31-70-64-50-36-75-44-95-18-21-46-74-79-85-6-96-49-91-15-11-42-3-63-51-90-17-62-67-54-47-59-93-73-41-19-61
Ta100x20,6,4,400,0.9625,0.125,4,2230604237,17000,6698,6437,6144,5.879435031,v2_avx512bw_vec32_exact_perm,56-86-88-82-83-39-8-9-1-20-37-2-43-99-80-7-32-65-74-14-92-89-12-27-33-69-55-28-53-40-23-34-93-97-78-48-66-21-57-16-87-68-52-98-45-72-17-81-26-58-77-5-10-94-75-100-62-60-49-76-29-13-38-36-70-25-71-35-3-85-79-24-18-84-6-67-30-22-46-59-4-96-91-64-15-50-42-90-47-44-31-11-63-73-95-54-51-41-19-61
Ta100x20,6,4,400,0.9625,0.125,5,2230605246,17000,6707,6437,6144,6.400892548,v2_avx512bw_vec32_exact_perm,56-86-54-83-82-39-8-32-20-37-100-40-12-98-1-72-66-30-99-7-58-14-2-28-89-33-25-38-94-52-78-34-92-3-16-9-26-21-65-55-5-69-80-45-60-57-46-43-22-29-10-27-4-97-13-75-49-84-76-59-35-68-53-71-88-15-18-23-50-87-85-24-77-74-73-96-79-17-36-70-81-91-90-64-47-44-11-31-93-48-51-6-62-42-67-63-95-41-19-61
Ta100x20,6,4,400,0.9625,0.125,6,2230606255,17000,6702,6437,6144,5.550352363,v2_avx512bw_vec32_exact_perm,56-86-83-82-88-89-20-8-76-43-39-32-26-81-37-34-14-16-12-33-69-55-78-28-52-66-65-98-80-99-68-7-92-97-1-45-94-71-72-29-21-70-100-27-48-9-13-40-58-38-60-50-5-22-23-35-3-10-87-77-63-17-31-96-49-24-2-18-30-67-4-64-25-75-91-84-53-73-57-79-85-36-93-54-74-42-11-47-90-15-59-46-51-6-62-95-41-19-44-61
Ta100x20,6,4,400,0.9625,0.125,7,2230607264,17000,6714,6437,6144,5.202998139,v2_avx512bw_vec32_exact_perm,56-86-88-39-72-83-80-12-98-30-33-2-34-82-1-81-99-8-28-38-89-69-16-31-9-71-52-100-32-10-27-4-25-3-26-60-92-23-74-50-70-55-43-7-78-65-57-85-94-64-91-68-14-79-97-58-5-76-20-24-77-84-87-13-96-59-49-21-37-48-75-17-18-40-44-66-29-36-62-35-22-42-90-53-93-11-51-6-45-46-15-47-54-73-67-95-63-41-19-61
Ta100x20,6,4,400,0.9625,0.125,8,2230608273,17000,6697,6437,6144,5.194600104,v2_avx512bw_vec32_exact_perm,56-86-39-30-8-88-89-83-98-32-37-7-100-43-1-52-82-2-74-72-80-68-55-29-20-69-78-26-99-60-25-16-45-65-12-48-58-28-10-97-71-24-76-23-59-14-81-75-92-3-33-38-27-94-70-66-18-49-64-9-31-35-87-34-13-77-17-85-91-50-57-5-21-53-40-67-36-93-15-96-6-84-42-90-4-79-54-46-73-51-62-95-41-63-22-11-44-47-19-61
Ta100x20,6,4,400,0.9625,0.125,9,2230609282,17000,6698,6437,6144,5.316312794,v2_avx512bw_vec32_exact_perm,56-86-83-82-39-38-72-8-88-2-37-98-20-43-78-9-33-69-89-1-97-81-14-26-52-12-68-100-92-57-76-23-16-13-34-10-32-91-40-50-75-71-55-64-4-65-94-7-66-45-28-80-63-87-48-22-35-42-27-5-79-17-3-77-84-60-49-67-70-18-59-99-24-96-85-15-62-36-53-90-74-46-58-21-29-6-31-30-73-93-25-11-44-95-51-47-54-41-19-61
Ta100x20,6,4,400,0.9625,0.125,10,2230610291,17000,6695,6437,6144,5.460496193,v2_avx512bw_vec32_exact_perm,56-86-54-83-82-8-39-20-98-12-33-99-88-1-100-92-52-71-78-9-23-72-76-37-65-2-74-7-32-89-25-38-60-97-28-26-66-69-55-14-10-91-80-77-49-16-21-94-58-48-31-3-17-27-30-34-57-64-75-81-53-84-51-87-79-96-40-5-35-18-43-85-24-70-4-68-67-46-95-22-15-13-11-36-73-6-45-29-93-47-59-63-41-50-90-42-44-19-62-61
Ta100x20,6,4,400,1,0.025,1,2230601210,17000,6688,6437,6144,5.770328103,v2_avx512bw_vec32_exact_perm,56-86-88-83-82-39-98-32-20-52-1-89-28-30-99-2-12-43-81-37-26-69-66-100-33-7-38-31-10-57-65-16-8-94-79-55-92-23-25-78-9-71-34-14-72-48-64-80-40-58-45-27-77-76-53-70-4-29-68-3-18-85-74-17-75-96-49-87-35-60-46-36-50-73-13-15-67-21-51-97-59-6-84-62-93-91-22-47-42-5-24-90-44-54-95-11-63-41-19-61
Ta100x20,6,4,400,1,0.025,2,2230602219,17000,6668,6437,6144,5.905045667,v2_avx512bw_vec32_exact_perm,56-86-88-83-8-32-39-72-82-20-43-26-89-12-37-2-65-16-7-99-33-76-98-1-69-92-94-40-10-97-81-80-25-68-14-23-38-34-55-21-58-52-49-28-48-77-78-45-100-27-31-66-9-87-71-30-24-4-47-17-29-35-64-36-60-75-63-93-74-53-57-84-15-5-70-50-96-22-73-18-3-6-79-91-62-13-85-67-11-46-59-42-51-41-44-90-54-95-19-61
Ta100x20,6,4,400,1,0.025,3,2230603228,17000,6659,6437,6144,6.066503702,v2_avx512bw_vec32_exact_perm,56-86-88-83-8-39-82-1-9-20-37-12-21-32-100-72-66-25-16-99-98-68-92-2-33-34-80-69-52-89-94-65-57-55-7-45-81-60-74-28-38-58-18-71-30-78-26-87-14-35-75-70-23-29-97-76-77-31-17-49-50-64-96-48-40-10-4-27-63-3-15-91-84-53-36-79-93-47-22-95-46-24-13-43-6-85-59-73-54-42-90-51-5-62-67-11-44-41-19-61
Ta100x20,6,4,400,1,0.025,4,2230604237,17000,6708,6437,6144,5.864172784,v2_avx512bw_vec32_exact_perm,56-86-88-8-39-83-32-82-7-26-99-92-68-98-2-37-72-89-66-12-20-29-1-65-69-40-100-10-28-52-27-55-49-41-71-64-33-25-76-94-74-75-14-23-78-58-60-84-34-97-81-9-48-70-35-21-43-80-30-16-57-17-5-13-38-36-85-50-96-77-22-15-18-91-31-45-87-59-3-51-62-44-67-4-46-6-90-53-79-42-93-61-73-24-63-19-54-47-95-11
Ta100x20,6,4,400,1,0.025,5,2230605246,17000,6703,6437,6144,5.850510138,v2_avx512bw_vec32_exact_perm,56-86-88-39-20-8-33-2-82-1-43-52-37-30-83-98-99-28-65-55-12-32-78-34-69-89-7-25-74-26-94-75-80-60-76-5-72-71-23-100-66-40-68-9-13-81-14-10-77-16-57-58-35-48-53-87-45-27-73-21-84-92-18-97-95-3-50-85-91-22-64-17-31-46-44-49-96-15-41-59-38-4-70-90-79-24-54-42-63-67-93-62-47-6-29-11-36-51-19-61
Ta100x20,6,4,400,1,0.025,6,2230606255,17000,6681,6437,6144,5.483693708,v2_avx512bw_vec32_exact_perm,56-86-88-39-8-2-26-83-32-9-72-7-99-82-37-100-20-92-25-30-81-38-33-14-65-12-74-16-98-52-78-3-58-55-1-21-49-66-28-63-89-94-23-69-34-80-71-70-97-48-60-24-84-91-45-76-75-10-40-96-31-35-4-50-64-57-67-77-15-13-47-68-27-43-18-87-17-79-44-85-22-53-46-93-36-29-59-62-5-6-51-42-73-11-54-90-95-41-19-61
Ta100x20,6,4,400,1,0.025,7,2230607264,17000,6733,6437,6144,5.36862085,v2_avx512bw_vec32_exact_perm,56-86-54-39-8-82-37-99-9-26-2-1-89-33-83-32-78-72-7-34-12-98-88-100-80-43-52-14-25-57-65-55-40-58-20-92-28-38-16-60-74-4-68-71-31-94-97-3-87-66-46-50-69-76-5-35-96-23-48-70-53-17-64-81-15-91-63-85-13-84-27-22-45-77-6-49-29-51-75-18-21-44-47-73-42-61-30-24-10-95-41-36-62-67-79-93-59-90-19-11
Ta100x20,6,4,400,1,0.025,8,2230608273,17000,6692,6437,6144,5.366236227,v2_avx512bw_vec32_exact_perm,56-86-88-39-8-82-37-83-32-98-20-40-71-72-2-65-1-16-10-80-23-81-12-69-99-30-9-14-89-97-58-34-68-25-94-92-38-100-55-66-27-75-59-31-7-4-76-33-28-45-78-26-57-60-5-13-52-15-84-64-29-47-3-77-21-35-53-50-85-43-91-49-48-42-18-70-73-24-87-17-96-95-74-11-36-90-79-54-22-44-6-93-51-41-63-46-62-67-19-61
Ta100x20,6,4,400,1,0.025,9,2230609282,17000,6683,6437,6144,5.347717078,v2_avx512bw_vec32_exact_perm,56-86-88-39-8-2-9-82-83-20-1-32-100-98-33-37-30-16-69-78-99-26-58-10-74-12-28-65-92-89-55-72-38-7-52-57-68-14-25-80-71-4-70-75-5-97-31-34-21-87-63-76-3-17-49-64-60-96-66-27-43-84-81-53-48-40-94-91-35-44-29-23-77-45-13-24-62-15-6-18-79-67-47-51-85-46-50-36-59-93-42-22-73-11-90-54-95-41-19-61
Ta100x20,6,4,400,1,0.025,10,2230610291,17000,6706,6437,6144,5.675132196,v2_avx512bw_vec32_exact_perm,56-86-39-72-26-30-82-88-83-32-98-38-1-28-100-99-37-25-65-12-68-9-7-20-8-33-89-2-29-78-80-14-57-31-55-92-69-10-71-16-94-58-60-48-59-81-87-52-76-34-43-84-27-23-3-24-66-40-79-47-17-75-97-36-21-70-77-91-85-50-5-35-64-45-4-18-53-13-49-67-96-22-6-41-15-46-95-93-74-90-54-73-62-42-44-63-51-11-19-61
Ta100x20,6,4,400,1,0.05,1,2230601210,17000,6680,6437,6144,5.443137536,v2_avx512bw_vec32_exact_perm,56-86-88-83-82-39-26-20-7-1-8-99-25-32-16-37-2-45-12-98-92-33-55-40-69-71-100-9-65-10-52-94-68-72-14-97-89-30-58-50-60-75-66-24-34-74-87-81-53-29-23-80-76-77-5-13-28-78-38-27-57-84-48-17-31-64-59-79-21-73-95-49-35-22-3-18-96-43-47-15-6-93-51-36-91-70-85-44-46-90-41-11-4-67-63-42-54-19-62-61
Ta100x20,6,4,400,1,0.05,2,2230602219,17000,6708,6437,6144,5.728592068,v2_avx512bw_vec32_exact_perm,56-86-88-8-39-32-83-82-54-2-38-1-81-37-33-20-89-26-7-80-28-12-14-57-66-99-21-24-92-52-69-71-29-76-75-10-78-100-94-65-30-58-97-9-16-43-72-60-59-23-55-25-4-49-35-98-3-31-64-68-77-51-18-34-87-6-13-85-48-27-17-50-96-70-44-79-40-84-63-91-15-53-5-62-45-67-36-73-74-42-90-46-93-11-22-47-95-41-19-61
Ta100x20,6,4,400,1,0.05,3,2230603228,17000,6682,6437,6144,5.304312949,v2_avx512bw_vec32_exact_perm,56-86-88-83-39-8-43-1-9-2-37-98-82-12-99-33-34-31-7-38-69-76-100-80-72-66-10-78-89-63-97-32-52-71-4-58-27-68-92-84-23-26-55-16-45-28-91-25-14-64-60-40-94-48-20-18-24-35-57-21-65-96-70-6-17-49-74-81-22-50-53-87-75-3-15-77-67-47-29-36-5-51-79-46-44-30-62-13-85-59-93-73-11-42-90-95-41-54-19-61
Ta100x20,6,4,400,1,0.05,4,2230604237,17000,6676,6437,6144,5.498212849,v2_avx512bw_vec32_exact_perm,56-82-39-86-2-9-69-1-30-20-88-83-37-8-12-65-34-89-72-32-38-29-98-99-23-28-60-55-16-25-78-10-27-3-100-26-14-75-52-76-80-33-7-81-92-94-87-68-21-64-57-58-84-4-66-17-71-77-18-13-97-40-31-15-53-5-45-48-43-35-95-85-36-74-22-91-11-24-70-96-73-90-6-50-93-62-42-79-67-44-41-49-47-59-63-46-54-51-19-61
Ta100x20,6,4,400,1,0.05,5,2230605246,17000,6700,6437,6144,5.28565179,v2_avx512bw_vec32_exact_perm,56-86-88-39-8-32-1-98-82-99-21-7-37-12-43-89-26-52-100-83-78-20-2-29-65-66-9-72-33-68-55-25-28-31-10-94-59-92-69-81-58-45-75-23-71-80-64-16-57-14-38-35-13-60-4-49-24-34-87-40-30-70-50-22-74-18-5-47-96-77-53-84-48-73-79-15-95-62-27-17-76-51-46-3-85-54-90-6-93-42-44-91-97-63-67-11-36-41-19-61
Ta100x20,6,4,400,1,0.05,6,2230606255,17000,6708,6437,6144,5.401925551,v2_avx512bw_vec32_exact_perm,56-86-88-8-39-20-32-30-82-83-26-10-94-65-99-72-12-55-34-92-37-52-2-80-69-38-89-28-68-29-60-76-81-97-63-9-33-31-71-7-45-1-25-15-23-84-66-100-35-27-11-58-51-16-78-53-24-40-43-98-3-75-87-4-77-64-46-14-22-50-74-93-91-13-48-79-21-57-47-90-59-6-17-18-49-36-96-70-73-62-42-5-85-54-67-44-41-95-19-61
Ta100x20,6,4,400,1,0.05,7,2230607264,17000,6714,6437,6144,5.254164171,v2_avx512bw_vec32_exact_perm,56-86-88-83-72-8-82-39-20-26-37-12-98-71-99-80-2-89-32-65-34-30-69-9-7-55-14-78-28-94-33-97-52-25-38-58-23-70-92-66-43-1-10-48-81-76-35-16-31-57-74-91-45-53-60-29-87-21-63-3-100-49-77-64-67-73-17-40-18-44-96-24-84-50-61-79-27-36-85-15-47-46-68-59-93-75-13-42-51-4-54-95-5-90-22-62-6-41-19-11
Ta100x20,6,4,400,1,0.05,8,2230608273,17000,6698,6437,6144,5.496951712,v2_avx512bw_vec32_exact_perm,56-86-88-39-20-82-26-83-98-76-72-32-69-16-47-8-37-65-35-7-12-100-99-25-52-89-58-2-68-59-78-14-43-75-33-94-55-70-81-87-28-1-66-9-10-92-23-13-34-4-48-77-97-74-80-57-17-71-3-91-53-38-45-49-27-40-15-51-84-21-22-31-29-24-64-63-60-6-11-18-85-44-93-36-46-67-73-30-62-42-50-5-96-95-90-79-61-41-19-54
Ta100x20,6,4,400,1,0.05,9,2230609282,17000,6699,6437,6144,5.60045983,v2_avx512bw_vec32_exact_perm,56-86-88-82-83-26-33-9-1-37-98-39-20-89-30-7-99-92-2-28-68-52-69-14-60-8-55-21-78-65-81-71-74-72-100-66-16-25-40-32-38-34-94-23-80-48-43-10-24-12-27-84-18-70-97-29-3-87-76-36-17-35-45-49-91-22-58-75-13-15-31-51-50-64-77-93-5-6-41-63-57-53-4-96-59-46-85-67-79-42-44-90-73-11-95-62-54-47-19-61
Ta100x20,6,4,400,1,0.05,10,2230610291,17000,6688,6437,6144,5.50766079,v2_avx512bw_vec32_exact_perm,56-86-88-39-8-83-26-82-32-9-20-2-1-37-34-80-25-12-33-76-16-99-21-7-89-66-65-28-31-29-30-94-40-92-14-10-100-38-57-58-60-78-48-52-45-75-69-55-50-68-35-98-13-87-23-72-15-27-81-85-71-49-77-70-97-96-36-64-91-3-17-84-24-46-63-93-42-62-59-43-53-73-79-22-5-6-41-90-44-11-74-18-51-95-4-54-47-67-19-61
Ta100x20,6,4,400,1,0.075,1,2230601210,17000,6713,6437,6144,5.598559502,v2_avx512bw_vec32_exact_perm,56-86-83-32-39-72-98-8-99-88-26-12-100-37-78-34-89-33-69-25-60-16-20-82-81-28-65-52-55-7-14-92-97-27-76-40-94-71-49-4-30-2-23-38-66-91-1-43-10-84-35-31-74-48-18-79-57-87-21-13-80-73-77-96-17-70-47-75-58-9-68-64-24-90-50-95-85-36-22-42-45-5-67-15-53-46-59-44-62-29-3-93-6-54-63-11-41-51-19-61
Ta100x20,6,4,400,1,0.075,2,2230602219,17000,6697,6437,6144,5.801478988,v2_avx512bw_vec32_exact_perm,56-39-8-86-82-88-89-37-7-43-83-1-72-99-20-26-12-10-14-100-2-58-52-81-33-25-55-27-40-9-23-68-92-69-34-35-87-57-29-80-94-98-65-78-31-60-50-71-70-47-38-45-66-75-32-91-30-48-28-17-13-84-4-76-64-96-6-24-21-22-15-62-49-77-73-74-95-16-93-3-53-46-36-51-42-85-97-90-79-18-67-63-59-5-54-11-44-41-19-61
Ta100x20,6,4,400,1,0.075,3,2230603228,17000,6691,6437,6144,5.430797126,v2_avx512bw_vec32_exact_perm,56-86-83-88-82-26-39-8-1-43-9-89-7-78-20-76-33-99-69-55-29-92-37-80-23-12-94-16-2-100-28-25-27-48-72-58-40-32-98-65-68-21-66-60-14-10-81-31-91-52-34-71-6-4-97-84-64-36-38-45-49-63-18-24-77-74-87-35-53-5-13-50-22-85-17-96-54-30-15-59-75-57-79-44-67-3-70-51-46-93-73-42-90-11-47-62-95-41-19-61
Ta100x20,6,4,400,1,0.075,4,2230604237,17000,6713,6437,6144,5.521637485,v2_avx512bw_vec32_exact_perm,56-86-20-88-8-39-1-43-82-37-71-9-98-89-69-68-2-83-75-76-14-66-99-16-94-40-21-100-32-7-25-78-80-28-12-57-58-74-52-63-65-23-81-34-33-55-49-67-48-60-97-87-92-27-72-45-13-4-64-24-77-35-31-17-79-6-96-38-62-53-70-5-29-10-84-15-36-26-46-91-90-11-73-22-50-54-51-18-47-85-30-93-59-95-44-3-42-41-19-61
Ta100x20,6,4,400,1,0.075,5,2230605246,17000,6731,6437,6144,5.28962628,v2_avx512bw_vec32_exact_perm,56-86-21-8-88-39-63-82-2-37-9-20-83-99-69-12-33-1-100-25-89-34-80-98-66-75-72-32-79-65-76-55-16-58-7-10-52-81-54-78-57-40-92-29-23-14-35-97-27-49-47-59-96-94-77-87-3-60-48-84-26-71-31-68-15-74-45-44-24-28-36-85-17-43-22-53-13-91-64-90-38-5-70-11-62-46-30-51-95-6-50-42-4-93-67-73-41-18-19-61
Ta100x20,6,4,400,1,0.075,6,2230606255,17000,6692,6437,6144,5.502712096,v2_avx512bw_vec32_exact_perm,56-86-88-39-83-63-20-12-32-98-8-65-2-37-69-82-74-99-89-14-1-43-7-33-57-100-75-92-55-72-40-94-25-66-76-81-91-16-58-34-23-60-68-10-52-5-97-21-80-95-35-96-3-62-87-48-27-71-78-26-31-38-44-50-18-70-85-9-64-11-84-77-28-46-17-53-13-6-93-30-59-49-15-45-24-90-22-47-4-67-36-51-54-42-29-73-79-19-41-61
Ta100x20,6,4,400,1,0.075,7,2230607264,17000,6700,6437,6144,5.571836418,v2_avx512bw_vec32_exact_perm,56-86-88-83-82-39-43-1-30-37-80-9-12-34-72-99-45-65-7-27-32-89-52-68-10-26-100-8-98-69-55-2-81-28-33-66-14-25-40-16-94-58-92-48-63-35-70-76-57-78-71-59-31-38-50-23-75-91-21-13-84-60-74-24-97-17-3-87-4-79-49-96-64-6-44-77-62-29-18-5-53-15-20-46-36-67-47-22-73-51-85-93-11-42-95-90-54-41-19-61
Ta100x20,6,4,400,1,0.075,8,2230608273,17000,6725,6437,6144,5.554956759,v2_avx512bw_vec32_exact_perm,56-86-88-20-82-39-83-72-43-1-8-98-32-99-65-7-37-34-89-52-26-80-2-9-68-4-100-78-33-25-27-58-76-63-81-23-28-55-94-74-12-92-16-66-40-64-48-71-24-45-17-69-49-60-46-85-14-21-11-22-53-38-5-36-97-35-50-70-77-84-18-13-91-31-30-75-87-59-57-10-62-96-6-15-51-73-79-3-29-93-90-54-47-42-44-67-95-41-19-61
Ta100x20,6,4,400,1,0.075,9,2230609282,17000,6668,6437,6144,5.334749427,v2_avx512bw_vec32_exact_perm,56-86-88-83-82-39-8-76-72-37-100-98-20-1-99-26-40-32-33-28-92-10-68-78-55-69-71-9-14-31-80-12-66-29-58-2-52-34-94-75-65-81-24-64-23-7-60-57-38-4-97-89-27-63-87-70-25-48-16-53-74-18-17-13-91-45-85-73-3-77-49-84-43-79-36-5-15-96-47-42-59-46-51-30-90-62-35-21-44-22-6-67-93-11-50-54-95-41-19-61
Ta100x20,6,4,400,1,0.075,10,2230610291,17000,6698,6437,6144,5.511756899,v2_avx512bw_vec32_exact_perm,56-86-82-83-88-20-8-10-72-1-33-37-71-9-68-100-39-25-92-2-94-12-34-80-98-99-69-3-76-32-26-28-78-91-81-89-16-97-52-38-48-23-55-27-79-45-40-29-7-58-35-65-64-87-77-14-63-60-31-84-85-50-74-17-11-22-67-15-51-24-73-43-46-75-36-66-49-21-70-4-13-18-96-53-62-5-90-59-6-30-93-42-47-44-95-54-57-41-19-61
Ta100x20,6,4,400,1,0.1,1,2230601210,17000,6725,6437,6144,5.437878315,v2_avx512bw_vec32_exact_perm,56-86-54-83-82-26-20-8-37-88-76-89-71-94-39-28-12-78-75-9-99-98-34-33-2-1-55-92-45-25-66-32-100-69-81-65-10-97-23-72-21-14-40-48-80-7-68-30-70-3-17-63-60-58-87-29-77-49-91-52-16-4-31-27-5-64-53-57-24-96-35-74-47-50-15-38-13-79-43-22-90-84-6-85-67-44-46-73-51-11-36-93-42-95-18-62-41-59-19-61
Ta100x20,6,4,400,1,0.1,2,2230602219,17000,6712,6437,6144,5.54148579,v2_avx512bw_vec32_exact_perm,56-86-88-83-39-82-26-7-20-69-1-99-8-33-12-98-31-78-66-71-9-89-37-68-43-28-16-27-100-25-2-38-3-80-55-34-32-30-14-92-57-21-45-81-4-23-64-65-35-18-96-91-94-40-24-72-73-87-48-29-77-60-74-58-97-17-76-13-70-59-85-10-95-49-22-53-15-11-75-36-50-46-6-79-42-52-63-84-90-54-93-47-51-62-5-67-44-41-19-61
Ta100x20,6,4,400,1,0.1,3,2230603228,17000,6704,6437,6144,5.597170248,v2_avx512bw_vec32_exact_perm,56-86-83-88-82-30-43-12-33-94-9-1-99-69-8-39-20-25-32-29-66-100-10-21-58-92-23-52-98-89-26-97-37-65-2-16-27-40-38-60-68-76-55-7-14-74-80-34-81-75-3-53-87-18-13-84-35-28-78-91-71-17-49-57-48-77-72-45-85-24-31-70-64-62-15-67-36-46-90-6-93-50-22-79-42-59-63-5-96-4-51-44-54-11-73-95-47-41-19-61
Ta100x20,6,4,400,1,0.1,4,2230604237,17000,6724,6437,6144,5.497487543,v2_avx512bw_vec32_exact_perm,56-39-86-37-20-83-8-99-82-38-88-98-12-16-2-26-9-33-1-43-89-69-100-97-29-28-70-78-76-65-50-81-21-52-92-10-72-35-7-66-34-75-60-94-58-57-80-32-87-55-25-15-40-23-68-13-27-24-84-53-48-14-4-36-67-91-74-93-22-90-6-45-3-5-31-17-18-71-96-77-59-73-62-79-64-85-47-46-63-42-11-51-30-95-49-41-44-54-19-61
Ta100x20,6,4,400,1,0.1,5,2230605246,17000,6739,6437,6144,5.434682433,v2_avx512bw_vec32_exact_perm,56-86-20-82-39-98-32-83-21-89-37-7-8-30-99-26-34-12-25-2-52-3-76-69-100-9-29-65-78-28-72-94-92-27-55-80-33-97-66-1-14-43-38-79-75-74-91-31-23-10-24-81-71-58-53-4-40-15-84-35-57-13-60-77-50-68-64-47-17-87-5-18-59-67-62-36-16-48-96-49-22-85-46-45-88-63-6-70-93-73-11-42-51-90-41-54-95-44-19-61
Ta100x20,6,4,400,1,0.1,6,2230606255,17000,6707,6437,6144,5.5116034,v2_avx512bw_vec32_exact_perm,56-83-86-20-8-39-12-82-88-89-76-72-100-34-1-37-26-55-7-33-65-28-14-92-57-68-29-45-81-99-98-48-40-23-80-69-31-10-2-16-71-78-60-79-52-97-75-27-38-32-49-59-43-64-13-87-9-66-3-15-91-18-35-96-70-84-4-74-25-73-30-58-77-36-85-24-94-21-53-46-17-54-5-11-6-90-42-19-47-51-67-50-93-41-44-22-95-63-62-61
Ta100x20,6,4,400,1,0.1,7,2230607264,17000,6701,6437,6144,5.238770716,v2_avx512bw_vec32_exact_perm,56-86-8-88-39-76-82-43-7-37-83-12-98-20-80-94-40-1-99-32-68-72-60-28-65-16-2-58-55-29-78-34-9-89-66-69-64-52-33-23-97-38-25-92-3-71-45-81-14-30-100-77-50-26-35-48-4-74-70-6-27-57-10-91-21-31-75-53-5-93-24-85-84-17-36-44-96-13-22-49-18-79-87-42-15-46-90-67-73-95-54-63-51-41-59-62-47-11-19-61
Ta100x20,6,4,400,1,0.1,8,2230608273,17000,6709,6437,6144,5.521323273,v2_avx512bw_vec32_exact_perm,56-86-88-83-8-39-20-89-28-82-2-32-55-37-12-69-26-98-7-1-58-9-14-65-52-43-60-25-33-81-16-94-84-99-72-66-38-71-45-92-4-100-78-68-13-57-23-34-70-18-76-64-80-40-27-75-63-17-35-21-30-24-10-77-91-48-31-53-96-85-15-73-74-49-97-79-46-22-36-11-87-42-50-95-5-44-29-62-6-47-90-54-59-3-67-41-51-93-19-61
Ta100x20,6,4,400,1,0.1,9,2230609282,17000,6734,6437,6144,5.353175761,v2_avx512bw_vec32_exact_perm,56-86-88-39-8-82-83-43-12-7-20-89-25-32-78-1-16-98-4-92-34-69-52-37-65-97-70-33-55-23-26-66-59-99-81-100-14-74-94-80-28-13-72-38-45-58-2-91-76-75-53-60-9-96-30-57-48-50-18-68-27-40-64-71-10-84-61-77-87-15-31-24-29-79-17-21-3-35-67-49-46-93-90-73-22-95-11-5-47-6-85-63-36-41-44-51-42-19-62-54
Ta100x20,6,4,400,1,0.1,10,2230610291,17000,6708,6437,6144,5.273551821,v2_avx512bw_vec32_exact_perm,56-86-82-88-39-8-83-99-7-89-1-43-98-69-25-20-94-60-32-26-9-52-76-92-80-37-34-2-65-23-55-12-66-28-16-68-57-100-30-45-13-72-29-70-58-78-81-71-75-63-49-38-15-73-64-33-31-27-35-10-87-3-97-59-53-14-74-17-22-77-6-47-24-62-48-5-36-91-4-21-42-84-18-50-67-90-79-40-44-85-46-51-93-96-11-54-41-95-19-61
Ta100x20,6,4,400,1,0.125,1,2230601210,17000,6734,6437,6144,6.234102875,v2_avx512bw_vec32_exact_perm,56-86-88-8-39-98-32-89-82-99-9-92-2-1-28-94-12-83-72-100-33-34-78-52-69-37-30-68-3-80-81-97-71-38-7-55-23-25-14-40-76-57-15-45-58-66-43-21-65-60-18-16-70-49-20-48-64-13-10-27-35-29-79-31-84-26-4-47-74-44-87-24-96-5-46-17-36-62-59-75-77-90-91-6-22-50-61-41-54-85-42-73-53-93-67-51-63-19-95-11
Ta100x20,6,4,400,1,0.125,2,2230602219,17000,6728,6437,6144,5.463398115,v2_avx512bw_vec32_exact_perm,56-86-83-82-39-43-88-1-30-37-8-26-12-99-23-32-100-92-72-10-52-65-57-9-20-66-34-75-16-33-25-94-97-2-7-79-76-28-89-81-45-80-98-77-68-40-14-87-60-71-78-69-58-55-3-17-96-27-48-4-91-44-21-35-63-64-84-73-15-50-53-24-36-74-93-47-70-29-6-38-49-13-85-18-22-90-5-59-31-41-51-62-54-11-42-46-67-95-19-61
Ta100x20,6,4,400,1,0.125,3,2230603228,17000,6721,6437,6144,5.458428204,v2_avx512bw_vec32_exact_perm,56-86-88-32-39-72-2-82-1-100-30-12-37-83-9-58-20-89-43-10-69-8-14-16-65-23-66-71-25-55-76-99-98-81-7-33-52-49-96-77-3-78-27-28-94-64-29-60-92-34-97-48-31-40-4-80-24-38-74-26-75-90-91-22-35-21-70-45-13-5-46-15-84-68-93-62-67-17-79-36-50-59-42-73-11-87-57-18-85-53-6-47-51-63-95-41-44-54-19-61
Ta100x20,6,4,400,1,0.125,4,2230604237,17000,6736,6437,6144,5.556582581,v2_avx512bw_vec32_exact_perm,56-8-86-83-32-72-99-82-39-81-98-33-2-20-37-30-58-88-89-69-14-21-66-76-26-1-55-25-43-52-12-7-97-92-60-100-29-57-35-94-70-9-74-68-50-65-78-91-71-17-28-10-23-87-75-79-80-31-67-84-59-48-64-3-38-77-49-13-16-34-45-46-15-6-24-40-41-5-4-90-22-42-63-62-36-11-85-51-54-93-18-44-53-96-27-73-95-47-19-61
Ta100x20,6,4,400,1,0.125,5,2230605246,17000,6756,6437,6144,5.746324495,v2_avx512bw_vec32_exact_perm,56-86-82-39-30-76-10-8-33-83-98-37-2-81-99-20-69-71-100-26-66-75-72-9-55-34-27-63-16-65-48-58-28-80-31-89-7-38-12-1-43-92-45-91-94-32-52-15-14-23-40-25-68-4-29-57-60-78-3-87-97-62-51-84-77-73-13-61-85-22-53-70-50-96-18-79-74-21-35-17-5-64-36-67-49-93-24-41-6-47-42-19-46-44-90-54-88-95-59-11
Ta100x20,6,4,400,1,0.125,6,2230606255,17000,6738,6437,6144,6.310433464,v2_avx512bw_vec32_exact_perm,56-86-82-72-39-88-8-83-7-37-1-99-12-28-55-4-89-58-32-98-34-60-25-20-52-75-30-2-14-100-3-78-68-69-38-57-21-65-26-76-24-10-66-91-16-9-94-92-71-33-74-64-23-5-40-45-80-27-15-50-96-85-43-84-81-53-87-18-93-48-36-6-49-22-97-77-31-17-95-35-54-46-51-79-67-90-73-63-70-41-44-62-13-42-59-29-11-47-19-61
Ta100x20,6,4,400,1,0.125,7,2230607264,17000,6677,6437,6144,6.160754151,v2_avx512bw_vec32_exact_perm,56-86-83-39-43-2-78-69-20-37-89-76-82-34-27-31-40-8-12-88-1-80-7-75-65-60-14-72-71-99-16-98-92-84-97-9-13-94-15-26-66-52-33-81-59-55-93-32-45-87-23-58-63-38-68-95-85-28-35-100-48-96-49-57-74-22-21-10-24-79-62-70-17-64-3-25-44-18-4-53-46-91-42-36-5-77-47-41-50-90-54-6-67-30-51-29-11-73-19-61
Ta100x20,6,4,400,1,0.125,8,2230608273,17000,6746,6437,6144,6.152627589,v2_avx512bw_vec32_exact_perm,56-86-82-72-83-39-88-78-8-33-98-34-26-2-37-9-20-12-99-69-65-29-1-7-14-10-80-38-89-55-3-15-58-25-100-94-32-24-45-68-16-28-21-84-49-76-66-67-23-71-17-96-81-13-92-87-27-52-75-22-60-64-85-57-77-35-90-53-59-74-40-50-48-73-91-4-31-30-18-46-70-11-5-97-47-36-62-79-93-43-42-19-51-6-63-54-95-44-41-61
Ta100x20,6,4,400,1,0.125,9,2230609282,17000,6718,6437,6144,6.085437885,v2_avx512bw_vec32_exact_perm,56-82-39-86-8-10-88-83-28-2-76-37-20-89-9-65-26-71-12-78-52-98-7-33-92-72-55-16-14-94-99-35-25-80-32-1-100-43-60-81-69-40-3-23-45-38-27-34-87-58-29-66-97-75-4-48-13-30-17-57-15-64-74-62-70-53-50-68-96-46-77-24-22-91-51-49-5-6-21-47-11-63-67-90-31-36-44-54-59-18-79-85-73-42-41-84-93-95-19-61
Ta100x20,6,4,400,1,0.125,10,2230610291,17000,6750,6437,6144,6.275053557,v2_avx512bw_vec32_exact_perm,56-86-72-88-83-8-21-54-82-39-1-7-20-26-37-66-38-98-99-100-25-58-76-65-55-92-28-30-36-32-10-2-16-9-14-33-89-94-80-12-52-69-71-87-44-13-35-31-75-63-60-79-34-91-77-97-81-40-45-53-48-27-24-4-3-64-29-84-57-49-70-46-5-78-68-18-17-23-74-42-43-50-96-93-85-6-67-15-47-22-59-62-95-90-73-11-41-51-19-61
Ta100x20,6,5,500,0.85,0.025,1,2230601210,17000,6615,6437,6144,7.474270136,v2_avx512bw_vec32_exact_perm,56-83-86-82-39-2-72-8-32-30-37-26-9-88-12-16-100-98-99-92-33-28-1-34-89-52-63-80-76-65-68-66-94-25-55-7-20-14-75-71-57-81-23-79-40-31-78-58-43-48-45-70-60-69-96-10-17-50-38-49-35-74-77-64-84-13-27-22-91-15-87-3-53-36-29-24-5-11-85-6-21-59-18-4-67-46-97-73-90-93-42-44-62-51-54-95-47-41-19-61
Ta100x20,6,5,500,0.85,0.025,2,2230602219,17000,6644,6437,6144,6.620772653,v2_avx512bw_vec32_exact_perm,56-86-88-83-82-39-32-8-37-76-98-20-28-33-12-99-7-65-26-58-2-69-81-30-89-10-63-52-60-38-100-80-29-94-43-72-55-45-66-16-40-75-23-71-31-9-34-1-4-97-87-92-14-24-77-48-68-21-78-70-57-17-96-84-11-49-64-18-15-3-74-13-44-53-25-35-27-79-36-85-47-50-22-91-67-42-46-93-59-90-6-73-51-62-54-5-95-41-19-61
Ta100x20,6,5,500,0.85,0.025,3,2230603228,17000,6607,6437,6144,7.066302811,v2_avx512bw_vec32_exact_perm,56-86-83-72-8-39-82-88-26-32-20-89-7-99-12-33-1-92-37-28-30-52-78-75-2-60-69-27-43-66-21-29-100-81-80-98-10-76-34-38-57-65-55-16-45-68-23-71-15-25-13-9-97-74-58-49-31-94-77-84-14-91-53-70-3-18-64-35-24-46-4-79-17-48-40-50-87-67-63-11-5-51-22-85-96-47-36-93-73-6-59-62-90-41-42-44-54-95-19-61
Ta100x20,6,5,500,0.85,0.025,4,2230604237,17000,6626,6437,6144,7.173220998,v2_avx512bw_vec32_exact_perm,56-82-86-39-88-83-37-32-7-1-20-8-99-12-28-26-69-94-9-33-89-80-74-30-92-91-100-71-25-14-31-70-65-78-52-58-16-81-68-38-76-34-97-21-45-60-75-57-23-48-55-98-63-87-13-17-66-49-72-3-10-96-73-79-67-18-64-27-24-4-40-15-84-43-36-5-50-41-77-51-62-85-22-46-35-2-53-29-6-42-93-59-44-90-11-47-54-95-19-61
Ta100x20,6,5,500,0.85,0.025,5,2230605246,17000,6622,6437,6144,6.629864528,v2_avx512bw_vec32_exact_perm,56-86-88-83-39-82-69-32-8-37-1-12-9-33-2-20-71-89-98-30-99-16-100-92-52-40-72-26-76-66-94-34-75-68-29-80-65-81-27-10-7-55-78-25-28-3-14-97-23-87-58-77-60-38-31-84-96-74-57-35-53-70-18-13-24-44-64-48-21-49-59-47-17-51-93-15-45-54-85-43-50-36-22-42-90-91-46-79-4-67-73-95-62-5-11-6-63-41-19-61
Ta100x20,6,5,500,0.85,0.025,6,2230606255,17000,6627,6437,6144,6.820941276,v2_avx512bw_vec32_exact_perm,56-39-86-82-83-88-98-43-76-1-100-32-37-20-40-8-33-81-60-69-99-16-92-25-55-34-7-94-89-23-45-9-27-58-66-26-2-68-78-52-28-29-65-12-13-10-80-31-72-71-50-24-38-84-48-21-87-35-57-14-3-74-17-85-5-30-77-53-70-75-63-18-49-96-79-64-97-22-91-6-36-11-15-51-4-46-67-62-59-42-90-73-47-93-95-54-44-41-19-61
Ta100x20,6,5,500,0.85,0.025,7,2230607264,17000,6607,6437,6144,6.604327561,v2_avx512bw_vec32_exact_perm,56-39-86-20-21-82-83-37-26-100-1-43-9-98-72-92-12-33-88-89-25-80-69-8-16-99-7-76-2-79-32-81-57-14-23-10-68-40-65-78-63-52-94-28-55-71-31-75-34-58-30-3-97-60-45-66-77-64-74-91-17-48-70-85-50-27-18-38-53-35-36-51-84-87-5-44-96-49-46-13-61-15-24-22-29-47-93-59-62-6-4-67-41-42-19-73-90-54-95-11
Ta100x20,6,5,500,0.85,0.025,8,2230608273,17000,6681,6437,6144,7.077576693,v2_avx512bw_vec32_exact_perm,56-86-88-39-8-83-2-9-82-99-98-32-69-100-37-89-12-92-74-20-52-25-30-66-1-29-43-27-65-16-76-7-72-78-80-34-10-55-28-33-57-23-38-81-3-64-68-94-4-91-14-58-31-45-15-21-71-48-75-40-5-36-53-97-17-60-84-26-50-24-87-49-77-13-18-35-85-11-70-96-73-79-51-22-93-42-67-44-41-47-95-46-90-62-59-6-54-63-19-61
Ta100x20,6,5,500,0.85,0.025,9,2230609282,17000,6676,6437,6144,6.453880642,v2_avx512bw_vec32_exact_perm,56-86-88-39-83-8-37-26-32-20-99-7-89-43-12-33-76-78-82-65-38-29-14-94-66-16-72-9-25-100-31-34-28-1-92-80-23-69-55-2-10-71-81-60-75-63-15-30-57-45-22-70-97-91-13-3-52-17-49-40-58-21-5-48-74-62-27-35-87-51-46-77-6-98-96-4-64-50-68-53-84-73-24-61-44-42-93-85-11-36-18-59-79-90-47-67-95-41-19-54
Ta100x20,6,5,500,0.85,0.025,10,2230610291,17000,6639,6437,6144,7.349618248,v2_avx512bw_vec32_exact_perm,56-86-88-83-39-82-8-26-9-98-12-20-32-99-89-75-71-7-2-30-69-52-92-37-33-10-25-72-1-55-45-100-58-27-81-16-66-65-68-34-28-74-94-31-23-64-77-60-14-91-3-78-97-49-57-80-38-18-76-70-84-43-4-17-48-63-87-96-35-51-46-40-53-22-79-15-21-50-11-44-47-24-85-13-67-93-73-62-42-29-6-59-36-5-90-54-95-41-19-61
Ta100x20,6,5,500,0.85,0.05,1,2230601210,17000,6681,6437,6144,6.745788314,v2_avx512bw_vec32_exact_perm,56-86-88-39-8-83-37-98-2-43-76-72-82-89-1-68-81-99-26-7-33-75-10-20-52-28-80-12-23-71-92-4-100-69-66-9-38-34-94-59-14-55-65-16-58-78-63-29-64-53-25-15-3-79-31-13-40-77-57-97-18-60-45-84-67-35-27-87-74-49-36-22-51-32-85-17-48-24-96-93-73-70-54-44-42-91-46-62-5-6-21-90-30-95-11-50-47-41-19-61
Ta100x20,6,5,500,0.85,0.05,2,2230602219,17000,6619,6437,6144,6.664862847,v2_avx512bw_vec32_exact_perm,56-39-8-86-37-83-88-9-82-99-2-92-33-30-1-20-26-52-100-32-69-28-89-72-55-43-80-98-25-81-10-65-12-87-59-63-94-24-23-60-34-7-66-16-3-40-78-84-58-71-21-38-50-97-75-64-76-14-49-57-35-13-74-27-85-4-47-77-17-53-36-70-67-18-44-61-68-96-45-31-73-62-48-51-91-15-5-95-22-46-93-41-79-90-6-54-29-42-19-11
Ta100x20,6,5,500,0.85,0.05,3,2230603228,17000,6598,6437,6144,6.459953346,v2_avx512bw_vec32_exact_perm,56-39-86-88-83-82-20-92-12-37-2-8-99-72-52-28-1-43-89-66-38-7-78-9-30-26-94-32-33-97-74-98-65-16-14-23-60-80-34-55-25-68-45-69-40-100-76-13-4-91-71-58-81-64-57-15-10-3-29-87-53-70-75-50-77-35-49-31-18-67-84-21-48-79-5-96-36-27-17-24-6-59-22-46-62-85-44-42-11-90-47-73-51-93-54-95-63-41-19-61
Ta100x20,6,5,500,0.85,0.05,4,2230604237,17000,6634,6437,6144,6.372659775,v2_avx512bw_vec32_exact_perm,56-86-88-83-82-26-39-72-32-20-8-37-100-98-2-12-9-65-92-28-1-94-69-81-14-23-76-10-99-74-29-55-33-3-38-60-66-34-43-7-89-52-80-57-97-68-78-71-16-58-50-40-22-13-25-24-64-4-15-67-31-17-75-84-77-36-47-87-45-27-5-91-93-96-85-21-35-53-46-44-49-18-30-54-73-42-70-48-51-62-95-6-59-90-79-11-63-41-19-61
Ta100x20,6,5,500,0.85,0.05,5,2230605246,17000,6681,6437,6144,6.732453584,v2_avx512bw_vec32_exact_perm,56-86-88-39-8-26-72-32-1-43-9-82-83-7-37-99-65-98-89-69-2-100-80-10-76-29-28-92-12-52-55-94-20-81-14-68-27-71-40-58-84-60-57-78-66-74-23-53-38-77-15-16-25-49-4-45-64-50-75-70-3-91-13-18-48-31-96-87-34-97-67-59-93-33-62-21-35-85-24-73-42-17-36-22-51-90-46-79-6-30-54-5-44-47-95-63-11-41-19-61
Ta100x20,6,5,500,0.85,0.05,6,2230606255,17000,6663,6437,6144,6.824658446,v2_avx512bw_vec32_exact_perm,56-86-88-39-33-83-8-98-82-12-32-26-9-1-37-100-99-20-69-28-52-55-29-76-34-65-60-94-92-80-2-89-71-25-72-68-7-81-64-27-78-74-97-91-57-53-14-84-40-38-3-10-15-58-75-70-66-79-43-45-35-87-48-44-23-50-13-16-85-63-24-22-93-77-49-96-17-73-21-11-31-67-4-42-36-59-90-54-18-5-30-6-95-47-51-62-46-41-19-61
Ta100x20,6,5,500,0.85,0.05,7,2230607264,17000,6646,6437,6144,6.560705558,v2_avx512bw_vec32_exact_perm,56-83-86-82-39-20-88-8-1-43-2-32-16-98-69-65-94-33-92-37-12-89-7-30-25-26-74-52-81-100-55-66-72-58-10-60-34-48-27-97-21-57-68-14-78-76-23-80-38-40-9-24-71-50-99-31-77-64-35-93-28-84-3-53-45-17-13-70-49-4-67-36-75-85-63-5-87-73-15-18-59-6-96-62-90-79-29-22-95-11-47-44-54-51-42-46-41-91-19-61
Ta100x20,6,5,500,0.85,0.05,8,2230608273,17000,6622,6437,6144,6.352391789,v2_avx512bw_vec32_exact_perm,56-86-83-72-88-39-8-26-82-9-20-37-89-1-14-99-34-33-55-7-69-60-38-65-12-58-25-98-78-28-23-94-52-81-30-43-3-76-68-80-71-97-57-16-32-10-45-2-100-29-66-92-41-48-40-77-21-17-74-24-35-27-84-31-49-22-75-93-70-53-13-87-15-50-18-96-73-36-59-4-62-95-44-46-85-63-64-51-5-54-91-67-79-90-42-6-11-47-19-61
Ta100x20,6,5,500,0.85,0.05,9,2230609282,17000,6666,6437,6144,6.717175046,v2_avx512bw_vec32_exact_perm,56-86-30-32-88-83-78-39-37-82-99-20-72-43-8-75-12-1-28-92-89-71-94-69-26-80-52-81-34-33-66-16-79-9-76-14-65-27-68-2-74-98-97-77-4-100-29-60-36-40-55-13-58-10-48-35-96-25-38-84-87-50-64-67-45-49-3-7-63-15-70-91-17-31-53-21-5-73-93-46-18-51-62-85-23-57-6-59-24-42-22-44-11-47-90-54-95-41-19-61
Ta100x20,6,5,500,0.85,0.05,10,2230610291,17000,6686,6437,6144,6.954079067,v2_avx512bw_vec32_exact_perm,56-86-8-39-20-26-32-83-82-2-10-81-1-37-100-14-12-52-99-33-76-72-29-98-88-66-9-69-92-65-55-34-17-25-70-68-89-87-94-49-80-28-23-7-57-21-47-40-77-58-71-60-38-84-63-45-27-13-78-97-35-91-3-85-15-43-96-50-75-74-73-31-53-48-36-16-18-67-4-64-79-59-93-24-30-61-46-90-22-6-5-41-44-62-42-54-51-19-95-11
Ta100x20,6,5,500,0.85,0.075,1,2230601210,17000,6645,6437,6144,6.324247523,v2_avx512bw_vec32_exact_perm,56-86-88-83-82-26-12-9-1-43-69-39-20-8-37-89-98-99-45-32-38-33-72-55-34-7-2-81-65-68-78-16-28-66-100-14-52-60-23-71-75-29-30-76-97-10-94-57-92-80-21-25-84-35-58-70-77-18-74-53-3-49-15-27-31-96-24-91-40-48-64-4-13-79-5-44-87-62-51-17-46-22-36-11-67-73-63-47-85-90-42-59-6-93-95-54-50-41-19-61
Ta100x20,6,5,500,0.85,0.075,2,2230602219,17000,6670,6437,6144,6.541158326,v2_avx512bw_vec32_exact_perm,56-39-86-20-37-8-88-12-2-7-83-43-89-55-98-26-32-52-66-33-100-92-57-9-82-72-99-23-69-94-16-14-97-60-28-58-1-38-80-65-45-21-31-40-76-71-4-34-13-10-35-67-54-49-84-74-78-27-77-68-91-64-48-50-25-18-17-53-6-59-75-5-87-15-3-96-51-36-29-85-22-93-79-81-62-42-24-90-30-70-73-11-46-44-95-47-41-63-19-61
Ta100x20,6,5,500,0.85,0.075,3,2230603228,17000,6660,6437,6144,6.696775785,v2_avx512bw_vec32_exact_perm,56-86-88-39-72-82-83-15-20-100-1-43-8-37-32-26-9-33-12-92-98-89-69-99-16-10-34-74-65-22-80-25-66-23-78-91-31-57-70-52-63-55-40-60-30-7-94-38-58-84-28-49-2-27-93-75-13-64-14-4-48-96-73-21-76-71-77-50-97-17-81-68-85-18-6-59-3-35-24-87-36-29-47-5-53-45-62-90-67-42-46-44-79-11-51-54-95-41-19-61
Ta100x20,6,5,500,0.85,0.075,4,2230604237,17000,6681,6437,6144,6.503940065,v2_avx512bw_vec32_exact_perm,56-86-88-39-8-83-72-1-43-33-99-2-26-9-29-20-69-12-81-100-34-80-37-52-10-82-78-98-55-76-31-28-4-71-40-7-30-68-89-60-45-32-58-23-97-92-59-94-65-87-25-57-16-27-66-38-77-53-48-74-35-49-64-21-75-84-14-96-3-36-70-44-79-15-50-18-13-17-5-91-42-46-62-6-47-90-85-11-61-67-51-24-22-73-93-54-95-63-41-19
Ta100x20,6,5,500,0.85,0.075,5,2230605246,17000,6634,6437,6144,6.970800073,v2_avx512bw_vec32_exact_perm,56-86-88-83-39-82-72-8-99-92-12-69-37-9-26-1-94-80-33-20-2-28-7-30-14-55-100-29-25-76-38-32-89-23-65-40-16-27-10-68-66-81-84-71-52-57-78-97-58-48-60-31-13-98-3-70-34-4-74-75-64-24-45-15-96-17-18-73-87-91-77-67-44-79-47-85-95-62-43-35-46-22-53-50-93-36-51-5-42-59-63-21-6-54-90-49-11-41-19-61
Ta100x20,6,5,500,0.85,0.075,6,2230606255,17000,6660,6437,6144,6.345933832,v2_avx512bw_vec32_exact_perm,56-86-88-39-72-82-83-8-69-1-9-20-37-28-78-26-32-2-100-60-89-68-52-25-55-64-98-92-71-81-74-21-33-80-14-27-12-48-34-16-65-75-66-97-76-7-38-23-10-57-31-63-87-94-5-45-50-17-91-30-49-58-22-18-77-3-15-36-40-53-29-99-6-4-24-35-62-67-46-70-13-79-84-42-93-73-96-47-90-85-59-43-51-11-44-54-95-41-19-61
Ta100x20,6,5,500,0.85,0.075,7,2230607264,17000,6653,6437,6144,6.611285813,v2_avx512bw_vec32_exact_perm,56-86-88-83-32-20-1-43-82-78-33-81-39-69-37-99-8-30-73-28-34-72-27-10-100-89-14-65-16-40-25-7-22-80-97-35-55-2-66-38-24-74-12-18-4-52-58-26-9-76-57-31-91-71-84-45-23-94-36-92-70-85-75-50-48-77-53-17-41-60-29-68-13-98-5-51-21-63-87-64-44-49-96-79-62-42-93-15-3-95-54-46-6-59-90-11-67-47-19-61
Ta100x20,6,5,500,0.85,0.075,8,2230608273,17000,6663,6437,6144,6.628110867,v2_avx512bw_vec32_exact_perm,56-82-39-86-88-8-83-9-12-98-89-99-100-20-37-52-97-26-1-2-68-32-7-65-92-45-16-38-25-58-63-94-69-14-48-80-78-74-33-54-3-87-71-81-10-28-55-60-96-64-24-29-57-40-31-75-66-21-5-49-22-35-43-34-23-13-77-72-85-17-18-30-93-73-84-76-44-91-53-36-59-95-15-46-27-62-79-50-42-51-4-11-67-41-47-6-90-70-19-61
Ta100x20,6,5,500,0.85,0.075,9,2230609282,17000,6642,6437,6144,6.683655524,v2_avx512bw_vec32_exact_perm,56-83-86-39-82-98-20-37-88-8-72-65-1-99-9-100-26-32-14-2-78-25-89-7-16-69-71-81-27-75-68-80-34-12-66-23-40-58-52-35-76-28-94-33-30-55-38-74-60-29-77-50-10-43-84-24-97-92-45-31-53-57-17-48-64-15-70-44-4-13-93-11-91-79-46-51-22-36-18-85-63-3-42-87-47-73-67-96-49-21-59-5-62-6-90-54-95-41-19-61
Ta100x20,6,5,500,0.85,0.075,10,2230610291,17000,6657,6437,6144,6.716985257,v2_avx512bw_vec32_exact_perm,56-83-86-82-9-2-37-8-88-39-1-32-78-20-28-33-98-89-80-74-81-76-69-12-26-25-99-68-52-34-4-16-27-65-100-23-21-24-38-75-7-17-97-66-58-77-30-55-14-79-84-92-13-72-64-94-71-31-6-15-29-10-45-35-57-18-96-40-3-50-87-63-60-70-42-53-93-67-22-44-36-43-48-62-46-49-5-59-91-85-95-90-73-11-54-47-41-51-19-61
Ta100x20,6,5,500,0.85,0.1,1,2230601210,17000,6666,6437,6144,6.538660156,v2_avx512bw_vec32_exact_perm,56-82-39-86-88-83-7-20-37-26-89-32-72-73-10-40-98-92-2-16-99-28-33-78-52-14-100-1-25-8-75-76-60-69-84-65-3-45-71-38-9-68-34-94-80-12-77-27-96-31-81-23-30-4-18-55-79-66-13-57-64-29-58-48-21-61-49-43-35-53-74-51-70-87-47-85-15-24-50-36-59-22-46-17-97-5-91-93-63-54-95-6-90-62-67-42-44-41-19-11
Ta100x20,6,5,500,0.85,0.1,2,2230602219,17000,6627,6437,6144,6.890561495,v2_avx512bw_vec32_exact_perm,56-86-72-83-82-76-88-20-39-8-37-32-26-7-58-99-69-74-9-89-66-100-55-28-38-65-2-23-29-25-1-94-60-92-81-91-3-75-45-71-49-12-64-70-27-48-78-98-16-30-80-35-34-31-10-53-14-43-79-52-77-57-40-97-68-50-33-17-42-15-4-13-67-18-62-24-59-84-87-36-46-93-51-11-5-22-85-47-44-41-21-96-95-73-90-6-54-63-19-61
Ta100x20,6,5,500,0.85,0.1,3,2230603228,17000,6662,6437,6144,6.659912506,v2_avx512bw_vec32_exact_perm,56-86-88-39-83-82-98-20-2-9-1-43-89-72-29-99-33-92-69-78-27-12-52-37-100-8-25-3-68-65-81-30-60-75-7-45-34-32-26-55-28-16-58-66-21-48-38-31-79-97-94-87-80-71-76-77-63-23-84-40-13-10-64-57-70-74-35-47-93-91-42-4-53-14-36-18-15-96-46-85-22-50-17-59-24-44-62-11-49-6-67-90-73-41-54-51-95-5-19-61
Ta100x20,6,5,500,0.85,0.1,4,2230604237,17000,6657,6437,6144,6.593036754,v2_avx512bw_vec32_exact_perm,56-86-72-88-39-8-99-43-83-9-98-82-65-69-2-37-66-12-1-33-20-81-28-32-26-89-21-55-94-7-57-68-25-64-74-78-58-52-14-23-45-46-79-92-71-75-100-48-60-3-91-13-80-67-10-17-84-97-87-35-15-77-96-31-63-76-85-50-70-49-38-59-27-34-40-18-30-4-5-44-24-62-53-29-93-36-42-22-51-47-16-11-73-6-95-90-41-54-19-61
Ta100x20,6,5,500,0.85,0.1,5,2230605246,17000,6678,6437,6144,6.590842333,v2_avx512bw_vec32_exact_perm,56-39-86-1-9-98-72-82-20-92-83-2-37-26-89-88-69-8-55-99-34-74-7-100-16-78-65-38-52-33-14-66-13-27-12-71-28-58-94-53-70-76-25-15-21-49-41-23-81-43-45-35-32-57-10-40-68-80-84-5-29-97-77-60-18-3-87-51-79-75-30-24-64-31-4-17-48-67-46-44-91-36-85-96-73-50-62-47-59-42-22-95-6-11-90-93-54-63-19-61
Ta100x20,6,5,500,0.85,0.1,6,2230606255,17000,6686,6437,6144,6.459243343,v2_avx512bw_vec32_exact_perm,56-86-8-88-39-20-82-83-28-12-37-58-30-9-72-99-2-60-32-52-66-1-100-33-14-69-26-55-23-38-10-50-43-16-98-7-89-3-65-97-34-71-94-45-68-75-76-84-74-40-78-57-15-24-79-48-5-17-87-27-25-92-63-53-80-46-93-91-13-22-6-81-96-49-36-64-85-77-35-29-59-21-31-90-18-44-67-4-70-62-11-51-73-54-41-47-42-95-19-61
Ta100x20,6,5,500,0.85,0.1,7,2230607264,17000,6663,6437,6144,6.678750418,v2_avx512bw_vec32_exact_perm,56-86-37-20-2-1-83-43-39-82-8-26-72-10-9-71-32-94-52-92-80-99-33-69-29-12-38-100-60-98-66-28-57-88-34-84-89-55-81-63-25-78-76-21-70-31-77-16-7-45-13-58-64-35-97-49-14-22-73-50-15-3-24-65-30-75-68-96-48-40-93-4-67-79-27-74-18-85-36-87-47-90-91-23-42-59-17-62-5-6-46-44-11-53-51-54-95-41-19-61
Ta100x20,6,5,500,0.85,0.1,8,2230608273,17000,6669,6437,6144,6.830839665,v2_avx512bw_vec32_exact_perm,56-86-88-39-82-26-83-43-12-30-92-1-78-32-52-98-20-4-99-65-7-16-8-100-60-34-89-72-69-81-33-71-25-55-91-97-76-2-29-37-38-94-14-64-80-23-10-74-58-49-24-40-57-70-9-13-21-28-45-75-15-17-3-84-53-48-36-66-85-27-5-87-77-22-35-31-68-51-18-46-96-73-67-50-79-90-62-54-59-95-47-42-6-44-41-93-11-63-19-61
Ta100x20,6,5,500,0.85,0.1,9,2230609282,17000,6706,6437,6144,6.465474044,v2_avx512bw_vec32_exact_perm,56-86-37-83-82-12-88-9-72-80-29-20-39-8-1-32-99-34-33-2-52-69-98-16-65-100-25-27-18-78-55-64-14-58-89-7-47-4-92-57-38-60-30-40-13-71-81-91-76-21-3-45-84-94-75-24-49-28-23-43-35-26-97-70-31-74-68-79-93-17-48-46-10-66-67-59-53-62-36-87-85-41-5-77-50-96-51-73-15-6-22-90-63-42-54-44-11-95-19-61
Ta100x20,6,5,500,0.85,0.1,10,2230610291,17000,6664,6437,6144,6.207575639,v2_avx512bw_vec32_exact_perm,56-86-88-83-82-12-37-100-98-39-72-8-9-26-52-32-92-20-25-65-1-30-10-94-80-71-99-68-58-33-89-34-55-16-69-48-38-40-7-2-81-91-45-14-23-43-84-74-60-97-57-66-3-24-78-64-76-15-28-63-31-13-87-4-27-77-18-35-85-49-11-75-22-44-21-29-70-53-51-17-96-73-46-42-59-50-6-93-79-47-90-36-62-54-5-67-95-41-19-61
Ta100x20,6,5,500,0.85,0.125,1,2230601210,17000,6696,6437,6144,6.630802041,v2_avx512bw_vec32_exact_perm,56-86-83-88-39-98-20-89-82-37-7-76-28-1-38-2-4-32-25-8-94-100-30-26-81-69-33-34-92-9-12-65-55-72-91-99-14-50-78-60-75-23-74-49-52-53-70-17-40-27-68-71-5-87-43-13-85-97-66-31-84-48-24-35-16-18-64-77-67-3-10-51-96-45-73-6-80-95-11-15-93-21-57-46-22-79-63-41-62-90-36-58-42-54-29-44-59-47-19-61
Ta100x20,6,5,500,0.85,0.125,2,2230602219,17000,6716,6437,6144,6.339415842,v2_avx512bw_vec32_exact_perm,56-86-76-88-39-20-83-82-32-98-43-100-89-37-7-8-99-28-72-26-25-30-65-4-66-12-45-92-2-16-33-69-71-9-55-97-1-34-81-94-13-68-91-15-60-14-87-17-75-23-74-80-48-53-73-38-40-52-50-77-58-67-10-24-22-57-31-70-64-29-11-18-78-21-42-49-85-44-35-96-3-5-95-79-47-51-84-46-36-6-59-90-62-54-27-63-93-41-19-61
Ta100x20,6,5,500,0.85,0.125,3,2230603228,17000,6701,6437,6144,6.379995,v2_avx512bw_vec32_exact_perm,56-86-82-39-8-30-88-83-37-20-12-98-14-89-1-28-66-43-9-60-76-69-100-23-26-94-2-7-71-80-81-65-74-5-25-58-99-52-77-16-92-55-97-3-38-27-48-78-13-4-32-15-29-10-36-63-40-53-22-45-18-17-68-44-84-87-35-34-75-49-67-46-72-93-85-70-11-59-79-62-57-91-33-64-24-90-51-42-54-96-73-31-6-21-50-95-41-47-19-61
Ta100x20,6,5,500,0.85,0.125,4,2230604237,17000,6672,6437,6144,6.287580948,v2_avx512bw_vec32_exact_perm,56-86-88-83-43-39-82-26-8-99-48-37-92-30-65-69-12-32-7-16-89-50-98-72-14-40-1-94-68-33-78-9-52-20-34-100-23-79-29-3-25-71-81-2-60-75-59-80-4-13-5-45-91-58-21-17-76-28-31-24-49-64-77-27-97-38-18-57-55-66-96-10-74-62-67-6-15-73-53-87-63-47-70-85-22-36-46-84-51-93-90-44-42-41-95-35-11-54-19-61
Ta100x20,6,5,500,0.85,0.125,5,2230605246,17000,6647,6437,6144,6.40149599,v2_avx512bw_vec32_exact_perm,56-86-32-72-83-8-2-26-39-9-10-51-20-12-37-98-80-69-89-43-66-1-28-45-78-100-91-55-25-21-33-65-34-52-82-99-92-40-81-71-97-23-94-76-14-75-58-7-77-16-60-27-53-84-4-88-31-15-13-57-68-64-18-48-70-29-74-42-17-3-85-30-67-24-50-22-36-87-49-5-35-96-93-47-59-79-44-6-38-46-62-90-11-63-73-54-95-41-19-61
Ta100x20,6,5,500,0.85,0.125,6,2230606255,17000,6681,6437,6144,6.478094399,v2_avx512bw_vec32_exact_perm,56-86-88-39-8-99-82-20-65-83-1-32-7-28-78-2-37-30-21-33-70-89-26-98-38-66-25-100-9-97-68-14-31-76-81-92-55-17-34-71-40-74-94-10-16-23-45-12-58-69-15-27-52-60-50-79-57-48-43-49-96-87-73-77-18-35-72-75-4-13-51-63-53-80-24-64-93-46-91-67-84-59-62-6-85-36-22-42-29-44-47-5-11-3-54-90-95-19-41-61
Ta100x20,6,5,500,0.85,0.125,7,2230607264,17000,6650,6437,6144,6.501180354,v2_avx512bw_vec32_exact_perm,56-83-86-8-39-72-82-26-33-99-9-12-21-92-89-1-29-76-37-100-98-28-52-20-65-80-3-2-58-38-7-57-66-81-71-75-69-94-78-63-77-68-55-14-64-32-17-49-25-97-34-40-27-36-15-48-22-23-13-45-90-16-70-5-35-91-88-10-30-50-84-46-6-96-59-24-73-42-60-18-87-67-31-41-74-62-85-93-11-44-47-4-43-51-54-79-53-95-19-61
Ta100x20,6,5,500,0.85,0.125,8,2230608273,17000,6680,6437,6144,6.398914166,v2_avx512bw_vec32_exact_perm,56-86-54-2-37-88-83-8-82-39-92-55-26-43-9-21-89-98-12-72-7-66-80-32-52-23-1-33-28-14-74-69-10-100-40-68-99-57-59-65-78-38-58-94-29-77-81-25-76-53-30-71-45-16-31-17-3-49-91-75-70-27-47-48-60-24-36-35-5-34-97-50-93-87-64-13-18-4-46-6-42-51-20-96-62-85-15-84-63-90-67-73-79-22-41-44-95-11-19-61
Ta100x20,6,5,500,0.85,0.125,9,2230609282,17000,6664,6437,6144,6.756297373,v2_avx512bw_vec32_exact_perm,56-86-98-72-83-20-88-39-82-43-1-2-33-12-100-69-8-26-94-65-37-78-7-76-99-28-25-92-89-16-63-68-32-52-66-79-3-42-23-38-81-97-55-34-9-80-10-71-87-91-60-14-13-84-74-5-40-27-31-18-4-30-67-70-58-59-85-48-53-24-64-17-57-90-21-73-15-96-47-36-29-22-35-49-77-45-6-44-62-11-75-51-54-95-46-93-50-41-19-61
Ta100x20,6,5,500,0.85,0.125,10,2230610291,17000,6684,6437,6144,6.437918662,v2_avx512bw_vec32_exact_perm,56-86-54-39-20-37-83-88-12-98-72-8-2-65-32-89-38-52-92-28-14-55-9-60-99-29-69-75-33-66-34-81-49-100-43-13-59-94-7-45-68-76-1-16-23-97-96-4-87-25-78-82-80-77-58-26-64-40-71-63-3-10-53-24-84-27-36-70-48-18-85-93-31-74-35-21-17-57-50-11-73-30-22-91-6-5-79-46-51-95-42-15-90-44-41-67-62-47-19-61
Ta100x20,6,5,500,0.8875,0.025,1,2230601210,17000,6655,6437,6144,6.424851724,v2_avx512bw_vec32_exact_perm,56-86-88-83-8-39-82-26-32-20-65-7-52-37-71-92-99-69-48-14-9-94-89-43-1-30-29-28-80-33-12-55-78-98-100-27-25-60-58-16-72-34-45-31-81-91-4-3-10-36-97-18-64-15-23-87-66-40-17-63-76-50-85-2-79-77-57-84-24-59-75-35-21-38-49-46-22-68-53-67-93-74-6-13-96-70-44-62-5-51-11-90-42-73-54-47-95-41-19-61
Ta100x20,6,5,500,0.8875,0.025,2,2230602219,17000,6700,6437,6144,6.46404519,v2_avx512bw_vec32_exact_perm,56-86-88-100-39-82-8-76-98-33-12-43-1-83-37-30-9-20-99-25-65-89-7-26-16-72-2-32-52-78-92-10-34-48-4-28-80-15-69-68-71-66-23-45-75-55-60-53-14-13-29-31-70-40-81-27-96-49-58-6-57-35-22-97-24-87-38-94-17-77-63-84-74-36-91-5-93-50-51-64-62-85-18-59-21-47-46-44-3-42-67-41-79-95-11-90-54-73-19-61
Ta100x20,6,5,500,0.8875,0.025,3,2230603228,17000,6670,6437,6144,6.607355237,v2_avx512bw_vec32_exact_perm,56-86-88-39-72-8-26-32-83-37-20-68-82-10-9-2-69-100-12-98-99-28-1-92-81-65-55-66-14-27-33-94-23-78-34-29-7-89-40-76-43-53-58-52-38-25-97-16-77-71-49-75-70-45-60-87-13-35-21-4-31-74-50-48-63-84-47-15-17-80-91-57-59-6-67-3-64-79-36-85-24-30-18-5-73-93-96-22-62-44-42-90-54-95-46-11-51-41-19-61
Ta100x20,6,5,500,0.8875,0.025,4,2230604237,17000,6654,6437,6144,6.626835547,v2_avx512bw_vec32_exact_perm,56-86-88-83-39-82-98-20-89-37-8-43-26-69-12-99-9-2-1-25-16-92-28-55-10-33-52-30-100-14-65-72-7-81-32-66-3-58-94-78-45-71-23-97-34-27-75-31-40-60-76-38-74-80-57-79-62-35-64-24-96-77-91-87-50-17-49-68-48-21-95-73-13-4-15-46-53-70-41-22-18-36-51-85-6-29-93-84-47-67-59-5-90-54-44-42-11-63-19-61
Ta100x20,6,5,500,0.8875,0.025,5,2230605246,17000,6655,6437,6144,6.364817805,v2_avx512bw_vec32_exact_perm,56-39-86-20-32-8-83-37-2-12-82-16-43-80-7-38-89-71-10-33-72-81-92-69-4-59-99-52-98-65-45-100-25-88-55-34-58-1-9-78-94-40-75-66-48-27-64-13-35-23-60-53-57-74-97-68-70-28-14-84-76-77-49-91-26-29-87-31-51-17-3-85-24-6-15-96-47-21-50-62-36-5-42-73-93-67-90-22-18-79-30-46-11-54-44-95-63-41-19-61
Ta100x20,6,5,500,0.8875,0.025,6,2230606255,17000,6662,6437,6144,6.3689707,v2_avx512bw_vec32_exact_perm,56-86-88-39-83-72-82-8-16-100-26-98-32-33-89-20-10-99-92-52-25-12-30-1-57-81-37-65-94-61-2-80-28-58-55-69-3-75-71-68-9-78-38-34-91-40-4-64-66-7-76-45-36-23-13-14-29-53-74-87-97-24-15-77-43-60-84-50-27-35-85-18-31-70-17-48-49-67-21-79-73-62-96-22-47-5-95-46-59-44-42-93-54-51-90-6-11-63-41-19
Ta100x20,6,5,500,0.8875,0.025,7,2230607264,17000,6598,6437,6144,6.393403295,v2_avx512bw_vec32_exact_perm,56-83-86-82-39-72-8-65-26-9-99-1-32-33-12-30-14-98-68-29-2-75-89-69-10-28-55-20-52-37-66-88-23-100-81-40-17-3-7-92-25-71-76-16-79-48-58-43-87-60-45-53-13-38-94-5-57-46-15-34-78-74-27-91-31-80-64-67-24-4-97-35-50-77-21-49-84-85-22-36-47-96-93-51-70-73-90-18-62-6-59-42-11-54-44-95-63-41-19-61
Ta100x20,6,5,500,0.8875,0.025,8,2230608273,17000,6633,6437,6144,6.313115177,v2_avx512bw_vec32_exact_perm,56-86-88-83-39-8-82-9-32-69-1-30-99-100-26-98-72-65-14-12-52-28-16-94-80-34-58-89-40-10-33-55-23-71-81-21-37-66-75-76-7-78-38-92-50-27-84-25-68-18-2-4-70-31-59-13-17-35-43-49-45-77-97-46-60-64-67-48-57-22-85-91-53-24-74-93-29-87-96-6-36-15-3-20-62-5-90-11-79-51-73-42-54-47-44-95-63-41-19-61
Ta100x20,6,5,500,0.8875,0.025,9,2230609282,17000,6646,6437,6144,6.243890871,v2_avx512bw_vec32_exact_perm,56-83-86-82-39-20-8-2-26-37-88-28-65-12-1-99-92-98-89-7-30-52-94-33-80-34-55-32-27-78-16-10-100-72-69-58-71-60-81-74-76-9-25-17-45-63-14-48-3-68-49-11-57-66-87-40-75-21-23-35-44-38-84-50-46-59-13-15-24-4-96-91-31-64-97-43-77-6-36-5-53-62-79-70-29-85-42-18-73-67-90-22-93-47-51-54-95-41-19-61
Ta100x20,6,5,500,0.8875,0.025,10,2230610291,17000,6670,6437,6144,6.208543689,v2_avx512bw_vec32_exact_perm,56-86-88-39-72-8-26-9-82-32-10-89-68-83-100-98-12-29-37-69-23-1-38-99-60-28-78-16-14-25-20-92-55-80-45-52-81-84-31-7-70-65-76-34-57-33-74-97-15-71-49-94-43-2-79-48-42-4-3-58-27-40-85-77-66-75-17-13-87-96-64-53-18-50-35-36-44-59-91-62-67-46-30-5-22-95-24-21-93-47-54-6-63-90-73-51-11-41-19-61
Ta100x20,6,5,500,0.8875,0.05,1,2230601210,17000,6681,6437,6144,8.492315312,v2_avx512bw_vec32_exact_perm,56-86-54-83-82-39-88-2-37-20-12-99-92-89-8-26-32-66-21-25-80-98-1-34-9-72-65-30-81-75-71-33-94-74-10-58-87-69-76-5-48-16-97-52-28-55-23-14-45-29-38-27-68-78-60-77-57-31-85-17-49-100-64-40-43-13-79-7-62-3-91-96-93-15-35-46-36-95-24-84-61-50-22-70-18-63-4-67-53-42-90-47-73-59-51-6-44-41-19-11
Ta100x20,6,5,500,0.8875,0.05,2,2230602219,17000,6665,6437,6144,7.116026613,v2_avx512bw_vec32_exact_perm,56-86-88-83-82-39-8-99-92-37-98-20-26-2-72-16-89-9-69-32-1-78-43-100-30-7-14-12-65-28-33-52-55-45-68-76-27-75-25-80-74-3-94-71-34-23-66-40-87-58-38-97-48-10-53-31-29-60-77-91-50-17-4-49-21-15-57-41-70-84-44-13-64-35-18-36-79-46-59-81-96-90-47-22-6-5-24-42-85-67-63-93-62-51-95-54-11-73-19-61
Ta100x20,6,5,500,0.8875,0.05,3,2230603228,17000,6617,6437,6144,7.102949624,v2_avx512bw_vec32_exact_perm,56-83-86-88-39-82-26-20-43-1-2-72-37-8-9-89-33-12-69-38-60-29-66-7-99-52-45-100-32-78-34-76-23-28-25-81-55-80-92-98-10-27-4-48-30-71-31-68-14-64-94-91-16-21-77-65-57-58-84-40-50-3-13-74-49-75-70-15-97-79-11-96-51-35-17-24-18-87-36-5-6-47-46-59-62-85-53-95-22-44-93-63-54-42-90-67-73-41-19-61
Ta100x20,6,5,500,0.8875,0.05,4,2230604237,17000,6681,6437,6144,6.861664551,v2_avx512bw_vec32_exact_perm,56-86-88-39-8-26-9-83-98-72-32-99-69-65-1-82-68-20-2-80-12-25-100-37-29-10-52-89-43-7-33-66-94-60-55-71-3-76-92-16-28-23-78-91-87-81-38-97-34-4-14-27-84-40-57-31-53-48-22-45-77-58-13-49-75-64-24-17-73-15-18-70-30-50-21-79-35-63-74-5-59-93-67-85-47-96-46-36-51-11-90-62-54-95-42-6-44-41-19-61
Ta100x20,6,5,500,0.8875,0.05,5,2230605246,17000,6673,6437,6144,7.591971602,v2_avx512bw_vec32_exact_perm,56-86-88-39-83-72-8-82-9-20-26-37-92-55-2-12-33-34-68-1-78-25-14-100-94-15-76-66-29-28-99-81-48-52-97-23-3-38-58-16-60-57-43-31-32-89-71-69-7-45-75-80-11-40-4-74-84-65-27-49-53-13-10-91-77-30-18-87-44-79-35-96-59-6-5-36-17-64-70-24-85-46-67-95-73-98-90-47-62-21-93-50-42-41-54-63-22-51-19-61
Ta100x20,6,5,500,0.8875,0.05,6,2230606255,17000,6680,6437,6144,6.595434077,v2_avx512bw_vec32_exact_perm,56-83-86-37-39-30-99-82-7-89-28-12-88-33-8-25-55-100-26-78-32-98-92-20-52-23-81-69-9-2-34-10-68-58-66-31-1-43-80-27-16-72-94-40-18-71-65-74-60-84-45-77-70-3-57-76-38-64-29-53-50-49-87-5-36-75-4-91-48-15-35-79-21-47-17-67-73-24-96-13-6-14-46-97-85-90-59-51-62-44-11-42-22-95-93-63-54-41-19-61
Ta100x20,6,5,500,0.8875,0.05,7,2230607264,17000,6670,6437,6144,6.888853911,v2_avx512bw_vec32_exact_perm,56-86-88-39-72-8-83-1-20-82-99-26-43-37-55-78-32-28-2-89-7-58-14-9-12-69-94-100-98-10-81-66-33-92-52-65-34-27-45-60-3-80-76-30-74-38-22-25-75-4-59-53-64-35-71-50-13-49-97-57-40-48-91-23-70-17-29-31-77-87-16-21-24-93-47-85-67-36-15-6-68-73-84-46-51-79-18-95-5-62-44-90-42-54-96-11-63-41-19-61
Ta100x20,6,5,500,0.8875,0.05,8,2230608273,17000,6687,6437,6144,6.338556511,v2_avx512bw_vec32_exact_perm,56-86-88-83-82-39-30-92-1-8-69-32-89-7-34-37-26-55-78-98-99-2-72-81-14-68-43-40-29-76-97-52-65-48-94-16-38-36-10-12-33-71-27-53-25-58-23-31-85-45-80-28-100-57-60-70-74-91-21-73-75-66-77-24-84-35-13-51-11-87-50-18-4-20-17-96-64-9-5-6-49-67-22-46-3-93-95-62-42-15-59-63-41-79-47-90-44-54-19-61
Ta100x20,6,5,500,0.8875,0.05,9,2230609282,17000,6676,6437,6144,7.775637376,v2_avx512bw_vec32_exact_perm,56-86-88-82-83-39-20-8-37-30-2-16-12-33-72-99-43-66-7-89-32-97-1-65-92-94-26-52-9-34-80-40-60-69-81-58-38-23-71-98-55-27-76-57-45-75-77-85-28-91-100-14-48-87-24-31-78-49-53-22-68-10-84-35-5-50-36-13-17-63-79-96-74-25-64-18-73-4-15-67-21-95-11-70-3-93-29-90-61-46-51-6-59-47-42-44-41-19-62-54
Ta100x20,6,5,500,0.8875,0.05,10,2230610291,17000,6666,6437,6144,7.854192015,v2_avx512bw_vec32_exact_perm,56-86-88-68-39-72-82-8-89-1-43-9-2-20-83-37-16-12-98-30-45-25-100-32-33-26-92-65-99-60-28-69-7-10-55-29-76-52-14-97-80-81-23-75-38-71-57-31-15-94-48-21-79-63-84-59-73-4-58-13-87-91-66-34-40-77-35-78-64-50-27-49-53-3-22-17-46-74-24-93-11-85-67-18-6-36-96-51-70-62-42-44-5-47-90-54-95-41-19-61
Ta100x20,6,5,500,0.8875,0.075,1,2230601210,17000,6681,6437,6144,6.44889326,v2_avx512bw_vec32_exact_perm,56-83-86-82-37-98-2-30-43-26-8-88-39-9-72-1-14-69-89-55-66-79-100-32-10-16-99-81-28-38-23-65-52-80-34-27-76-58-45-7-31-68-33-12-71-40-3-29-24-92-25-70-35-21-75-74-97-49-84-17-20-48-94-57-87-50-77-18-15-46-67-60-78-13-64-53-63-4-22-91-5-36-59-85-90-73-51-6-62-11-44-47-42-96-54-95-93-41-19-61
Ta100x20,6,5,500,0.8875,0.075,2,2230602219,17000,6688,6437,6144,6.544050659,v2_avx512bw_vec32_exact_perm,56-83-86-88-54-1-8-39-43-32-12-89-7-98-37-34-80-40-99-94-82-69-26-92-16-4-2-55-74-33-14-23-58-20-27-78-25-65-100-28-75-81-52-31-60-76-71-48-63-77-73-9-66-72-38-45-53-44-29-68-18-59-13-35-22-70-10-57-49-64-97-85-47-84-87-96-3-17-67-21-90-36-79-93-46-24-62-6-30-15-51-95-91-5-50-42-11-41-19-61
Ta100x20,6,5,500,0.8875,0.075,3,2230603228,17000,6670,6437,6144,6.200062407,v2_avx512bw_vec32_exact_perm,56-86-88-39-72-8-2-9-26-83-1-43-99-32-7-68-14-60-33-16-100-28-69-12-80-89-76-25-52-37-38-94-98-75-23-82-20-74-29-65-66-48-70-81-10-91-55-78-45-34-4-92-97-79-58-87-31-57-3-30-15-27-71-49-17-96-64-40-50-5-21-35-46-13-85-11-18-24-93-84-22-77-36-62-51-73-53-90-6-95-42-47-67-63-59-44-41-54-19-61
Ta100x20,6,5,500,0.8875,0.075,4,2230604237,17000,6649,6437,6144,6.52072523,v2_avx512bw_vec32_exact_perm,56-39-86-83-82-20-26-69-37-88-2-89-1-99-9-100-14-32-28-80-60-12-8-74-21-98-34-33-66-72-75-55-25-92-70-52-65-57-23-35-10-58-94-78-16-45-3-64-81-7-38-95-27-97-31-96-53-48-68-40-79-50-84-91-22-71-49-15-43-76-13-4-5-6-29-24-41-77-42-17-73-87-18-51-63-59-46-90-36-93-30-54-62-47-85-67-44-11-19-61
Ta100x20,6,5,500,0.8875,0.075,5,2230605246,17000,6675,6437,6144,6.822265247,v2_avx512bw_vec32_exact_perm,56-86-54-83-8-72-71-9-1-37-88-89-82-100-98-76-12-69-99-26-81-32-7-33-92-52-25-43-2-45-65-55-80-34-16-68-23-78-31-27-60-29-49-75-50-28-39-38-35-74-84-14-87-24-20-48-10-66-77-94-64-36-97-17-73-96-15-13-59-21-57-4-40-53-58-93-18-79-22-46-85-62-5-51-6-91-44-67-47-95-42-63-70-90-11-30-3-41-19-61
Ta100x20,6,5,500,0.8875,0.075,6,2230606255,17000,6708,6437,6144,6.462019567,v2_avx512bw_vec32_exact_perm,56-86-88-8-39-32-26-89-7-37-12-20-52-82-98-9-92-94-4-21-23-38-60-28-99-65-29-72-2-100-1-43-81-55-74-34-97-66-25-80-76-33-69-57-78-16-3-83-84-91-10-45-71-75-58-31-53-68-87-17-67-48-14-64-40-70-96-77-13-62-5-15-79-49-50-59-22-93-36-27-44-18-90-24-30-73-42-51-46-85-54-95-35-11-63-6-47-41-19-61
Ta100x20,6,5,500,0.8875,0.075,7,2230607264,17000,6673,6437,6144,6.784090579,v2_avx512bw_vec32_exact_perm,56-86-88-39-82-20-83-12-43-72-8-99-37-2-100-28-16-98-69-80-76-1-89-32-26-52-9-94-81-33-66-25-3-60-34-7-45-53-58-40-65-70-71-85-50-59-55-10-27-92-97-38-78-68-23-57-91-46-13-49-35-96-24-73-77-84-31-48-21-18-93-36-87-14-17-22-30-74-4-64-62-75-6-15-51-29-42-90-79-5-11-67-44-54-63-47-95-41-19-61
Ta100x20,6,5,500,0.8875,0.075,8,2230608273,17000,6664,6437,6144,6.496245557,v2_avx512bw_vec32_exact_perm,56-86-83-88-39-8-26-9-89-98-82-99-32-20-72-7-37-12-33-92-14-65-100-81-43-55-52-45-25-69-68-71-1-2-64-58-94-28-30-75-79-48-49-40-96-80-76-34-97-57-77-10-4-18-31-23-66-27-74-78-24-60-47-22-38-35-17-50-84-51-70-13-16-87-61-46-15-93-91-85-3-53-63-29-59-54-73-42-21-44-36-5-41-62-90-6-19-67-95-11
Ta100x20,6,5,500,0.8875,0.075,9,2230609282,17000,6667,6437,6144,6.95555169,v2_avx512bw_vec32_exact_perm,56-86-88-39-83-82-98-72-1-37-100-20-14-30-99-8-12-28-2-65-32-74-33-34-3-80-40-59-9-76-97-92-53-69-66-16-26-25-94-10-55-79-23-52-57-60-7-38-17-96-77-27-89-71-81-58-31-21-49-47-5-91-84-45-78-43-15-24-68-75-36-6-63-87-48-29-90-46-35-85-44-22-70-18-67-13-64-4-51-42-73-62-54-93-95-50-11-41-19-61
Ta100x20,6,5,500,0.8875,0.075,10,2230610291,17000,6688,6437,6144,7.204312824,v2_avx512bw_vec32_exact_perm,56-86-88-83-39-98-20-82-37-8-26-72-55-2-99-40-34-1-12-69-29-92-9-80-76-89-30-57-7-33-47-10-32-94-65-27-78-68-43-66-45-25-71-31-4-52-100-58-3-28-84-17-38-53-75-60-23-35-14-22-77-91-16-64-50-49-21-74-13-24-15-70-48-79-96-97-36-42-18-73-54-59-5-87-46-85-44-93-51-62-6-41-90-11-81-67-95-63-19-61
Ta100x20,6,5,500,0.8875,0.1,1,2230601210,17000,6685,6437,6144,6.230887434,v2_avx512bw_vec32_exact_perm,56-86-83-82-88-39-8-37-20-52-26-9-30-32-65-98-14-100-33-38-81-89-16-99-1-69-34-80-58-57-60-10-28-2-78-75-76-94-23-43-68-71-45-66-27-12-84-97-92-72-35-25-7-55-13-91-31-15-74-21-17-50-24-4-40-36-79-53-63-64-3-29-87-49-48-42-62-70-46-6-77-93-90-73-18-59-22-11-85-67-44-41-51-95-5-96-47-54-19-61
Ta100x20,6,5,500,0.8875,0.1,2,2230602219,17000,6710,6437,6144,6.195760055,v2_avx512bw_vec32_exact_perm,56-86-82-2-26-7-43-9-1-88-39-37-32-83-89-99-72-100-66-8-40-98-12-45-52-28-33-69-34-65-55-20-76-78-91-94-60-14-71-25-16-10-23-17-81-92-87-74-97-4-24-75-57-77-22-3-36-58-64-84-80-70-85-18-35-13-27-50-30-21-68-90-48-15-41-11-49-5-6-38-31-29-53-73-96-79-51-42-46-67-93-62-95-47-44-59-63-54-19-61
Ta100x20,6,5,500,0.8875,0.1,3,2230603228,17000,6684,6437,6144,6.546376893,v2_avx512bw_vec32_exact_perm,56-82-39-86-20-9-1-2-83-37-100-72-98-32-74-16-23-33-26-89-27-8-58-75-55-66-34-52-69-60-30-40-99-65-78-96-79-28-12-81-14-13-94-10-4-38-91-64-80-31-71-22-77-49-29-53-87-7-3-48-57-43-25-15-84-68-35-70-97-50-92-21-54-24-5-46-44-76-36-88-18-45-17-67-85-90-59-51-73-42-62-47-6-93-95-11-63-41-19-61
Ta100x20,6,5,500,0.8875,0.1,4,2230604237,17000,6681,6437,6144,6.672336159,v2_avx512bw_vec32_exact_perm,56-83-86-82-39-37-9-2-72-1-98-26-100-28-12-33-88-89-92-96-99-20-75-40-69-8-38-87-14-94-23-32-55-34-65-52-78-91-66-48-81-7-80-43-57-4-31-21-16-45-63-71-35-15-76-3-10-68-49-61-22-97-18-25-27-84-64-60-73-36-19-58-53-67-44-85-46-30-77-13-74-70-24-42-29-50-47-93-79-17-6-41-51-5-59-62-90-54-95-11
Ta100x20,6,5,500,0.8875,0.1,5,2230605246,17000,6660,6437,6144,7.003720591,v2_avx512bw_vec32_exact_perm,56-86-88-39-32-98-20-89-83-69-8-7-38-100-1-28-37-82-76-12-21-99-2-72-26-45-66-60-25-58-52-29-9-80-55-63-10-94-65-15-75-34-49-33-3-84-14-71-48-68-16-57-22-13-31-78-59-93-81-92-70-43-35-23-27-64-4-91-6-40-85-24-17-77-96-74-97-47-62-30-5-67-18-44-87-50-46-53-36-42-90-79-41-73-11-51-54-95-19-61
Ta100x20,6,5,500,0.8875,0.1,6,2230606255,17000,6660,6437,6144,6.707095782,v2_avx512bw_vec32_exact_perm,56-86-88-39-20-32-83-82-37-26-92-76-25-72-80-55-7-100-33-12-29-43-65-28-1-89-98-69-4-94-10-38-99-23-16-71-78-2-68-8-75-24-60-58-31-34-52-30-66-9-97-67-81-87-70-47-45-48-14-57-18-53-51-5-22-13-77-49-27-62-35-3-96-64-74-84-73-41-17-40-21-79-44-46-91-85-50-11-59-15-90-36-42-6-95-93-54-63-19-61
Ta100x20,6,5,500,0.8875,0.1,7,2230607264,17000,6672,6437,6144,6.828483006,v2_avx512bw_vec32_exact_perm,56-86-32-39-9-82-83-98-2-20-37-65-99-26-72-33-34-88-80-12-57-1-92-38-10-84-94-25-89-78-27-100-91-3-7-8-66-60-81-55-28-59-69-31-52-68-23-71-4-48-43-49-76-75-58-45-73-21-13-97-16-67-87-18-40-24-17-96-15-35-77-6-36-63-64-85-51-53-22-46-74-50-62-5-79-29-30-70-42-90-14-11-44-47-93-54-95-41-19-61
Ta100x20,6,5,500,0.8875,0.1,8,2230608273,17000,6682,6437,6144,6.552034711,v2_avx512bw_vec32_exact_perm,56-86-2-88-43-39-82-83-12-26-37-98-69-7-72-99-9-94-80-8-34-40-52-66-1-100-65-44-76-28-20-81-21-16-33-32-71-25-78-29-27-92-89-55-84-10-23-97-24-49-77-17-75-31-14-57-45-38-96-48-79-3-87-18-4-58-30-70-15-13-50-41-68-67-90-64-95-35-22-74-91-60-42-53-93-46-59-36-5-6-85-63-73-11-47-51-62-54-19-61
Ta100x20,6,5,500,0.8875,0.1,9,2230609282,17000,6682,6437,6144,6.704998398,v2_avx512bw_vec32_exact_perm,56-39-86-1-99-20-83-82-88-89-69-7-78-43-98-81-32-74-52-79-8-37-2-26-100-9-65-25-16-71-12-14-72-33-94-80-34-76-70-66-38-28-55-97-84-3-17-96-10-58-23-75-49-40-95-48-35-64-47-27-91-57-45-53-31-21-92-50-46-85-59-87-15-68-24-13-22-73-62-77-44-29-60-54-36-18-42-11-6-5-90-63-30-41-93-51-4-67-19-61
Ta100x20,6,5,500,0.8875,0.1,10,2230610291,17000,6697,6437,6144,6.84608022,v2_avx512bw_vec32_exact_perm,56-86-88-83-39-82-7-30-32-69-20-37-2-89-38-34-40-26-80-8-24-76-12-97-98-16-68-52-14-23-28-55-10-72-33-25-92-99-1-64-71-75-66-94-15-31-45-57-81-9-96-27-58-22-29-65-87-3-73-77-49-13-43-48-21-4-84-5-17-35-100-74-60-18-78-91-59-36-53-46-42-70-50-95-90-47-85-79-93-62-6-67-41-63-51-54-11-44-19-61
Ta100x20,6,5,500,0.8875,0.125,1,2230601210,17000,6666,6437,6144,6.924025153,v2_avx512bw_vec32_exact_perm,56-86-83-72-8-39-20-82-37-78-12-52-100-91-14-98-65-16-40-26-69-50-9-34-32-89-99-92-2-55-1-81-25-45-97-30-58-94-28-75-76-88-21-74-33-80-38-7-60-10-57-48-68-27-24-31-66-71-77-64-23-84-49-35-70-63-96-17-3-87-53-13-42-44-29-4-5-59-22-43-18-6-15-95-67-79-85-90-46-36-11-41-93-51-62-54-73-47-19-61
Ta100x20,6,5,500,0.8875,0.125,2,2230602219,17000,6654,6437,6144,7.436282526,v2_avx512bw_vec32_exact_perm,56-82-83-86-9-39-100-37-98-20-8-99-32-89-43-1-72-12-33-2-97-66-78-7-25-67-81-27-69-10-65-91-80-16-34-52-30-60-23-4-38-45-55-58-70-92-76-13-71-14-68-17-74-28-57-40-64-95-15-79-31-47-51-75-53-21-35-50-84-77-94-93-18-5-96-87-3-24-29-6-48-44-41-36-85-62-63-88-22-49-73-42-26-11-59-46-90-54-19-61
Ta100x20,6,5,500,0.8875,0.125,3,2230603228,17000,6703,6437,6144,6.911280599,v2_avx512bw_vec32_exact_perm,56-82-86-99-88-2-39-8-26-12-20-37-69-1-9-98-45-10-43-81-7-100-63-83-89-27-32-33-78-25-80-92-94-55-97-72-28-65-40-23-52-71-16-68-34-76-77-50-87-14-58-35-75-70-3-18-84-93-74-53-29-59-13-66-49-6-48-15-21-57-36-22-96-60-38-91-5-31-62-4-85-46-30-11-47-51-42-24-64-90-17-54-73-79-44-67-41-95-19-61
Ta100x20,6,5,500,0.8875,0.125,4,2230604237,17000,6642,6437,6144,7.042915515,v2_avx512bw_vec32_exact_perm,56-86-88-83-39-8-69-1-9-37-32-100-12-82-98-38-89-99-68-30-45-55-29-65-34-2-20-58-25-94-76-81-33-66-23-92-26-78-71-72-75-7-31-10-28-80-74-27-70-48-14-97-40-13-79-52-5-21-17-60-57-16-3-46-87-35-15-84-77-24-62-53-36-73-63-96-85-50-64-51-91-4-67-43-6-22-59-95-49-90-18-42-93-44-11-47-54-41-19-61
Ta100x20,6,5,500,0.8875,0.125,5,2230605246,17000,6681,6437,6144,6.599882369,v2_avx512bw_vec32_exact_perm,56-39-86-2-20-72-83-8-100-37-26-69-9-99-65-30-82-76-89-43-66-34-7-55-92-25-38-1-33-88-98-32-16-94-14-80-60-28-81-74-52-87-57-71-31-10-3-79-12-50-49-48-68-21-23-29-40-58-78-91-5-27-61-64-84-24-96-70-18-6-75-45-77-4-22-13-97-67-46-73-15-51-47-85-93-36-95-41-17-35-53-19-44-42-62-54-63-59-90-11
Ta100x20,6,5,500,0.8875,0.125,6,2230606255,17000,6665,6437,6144,6.444507624,v2_avx512bw_vec32_exact_perm,56-86-88-83-8-9-39-82-12-20-26-32-98-72-78-37-2-74-65-10-92-69-16-33-40-7-71-28-4-31-30-100-63-76-23-97-34-89-52-38-80-99-25-75-45-58-55-81-57-13-14-17-77-66-94-43-15-6-35-84-60-91-50-48-53-93-59-87-27-46-21-3-29-67-68-47-22-49-96-1-64-73-24-18-70-42-36-51-62-85-5-90-79-44-11-41-54-95-19-61
Ta100x20,6,5,500,0.8875,0.125,7,2230607264,17000,6671,6437,6144,6.20379342,v2_avx512bw_vec32_exact_perm,56-86-83-54-39-8-82-32-2-37-12-1-94-92-20-28-52-26-58-57-88-98-72-78-33-65-74-7-80-81-3-21-71-38-10-89-66-27-100-23-29-55-17-40-25-22-24-60-97-76-45-73-75-63-13-64-18-9-30-35-69-49-77-15-36-68-96-53-59-62-50-14-31-79-99-48-34-16-87-91-90-42-43-4-70-5-84-46-51-85-11-47-44-67-6-93-41-95-19-61
Ta100x20,6,5,500,0.8875,0.125,8,2230608273,17000,6668,6437,6144,7.117968679,v2_avx512bw_vec32_exact_perm,56-86-88-83-8-39-30-32-37-7-26-89-82-68-20-69-60-99-25-12-92-1-28-52-66-55-2-33-98-80-10-71-57-100-34-81-75-23-45-9-65-14-78-15-72-84-91-48-76-21-16-49-27-3-13-58-24-87-43-85-96-31-29-94-35-93-79-64-50-40-38-17-36-53-11-97-77-95-22-74-5-46-51-18-44-59-42-70-41-6-90-4-62-47-67-73-54-63-19-61
Ta100x20,6,5,500,0.8875,0.125,9,2230609282,17000,6672,6437,6144,7.055188766,v2_avx512bw_vec32_exact_perm,56-86-88-20-83-82-43-8-39-89-60-72-7-33-32-37-94-66-28-38-99-31-16-98-81-2-69-100-34-55-45-12-40-58-29-24-25-52-80-65-78-71-27-75-48-21-68-30-1-9-49-97-23-70-18-10-92-14-35-57-77-53-64-26-36-93-91-76-3-67-87-59-74-22-13-85-17-84-63-15-79-50-96-4-47-5-54-62-51-46-95-42-11-6-90-44-41-73-19-61
Ta100x20,6,5,500,0.8875,0.125,10,2230610291,17000,6686,6437,6144,6.579082828,v2_avx512bw_vec32_exact_perm,56-86-8-88-82-21-37-39-2-9-26-83-12-98-32-92-20-1-99-7-69-34-65-78-14-33-72-10-80-52-28-71-55-89-81-74-100-58-25-94-76-29-35-23-97-38-16-43-91-77-49-18-3-13-64-30-87-31-60-27-17-66-5-48-4-57-59-36-40-68-45-79-75-96-53-70-95-15-22-6-24-62-84-90-73-46-51-85-11-50-54-63-42-44-47-93-67-41-19-61
Ta100x20,6,5,500,0.925,0.025,1,2230601210,17000,6674,6437,6144,6.29318124,v2_avx512bw_vec32_exact_perm,56-83-86-82-88-20-8-12-69-89-37-26-7-52-34-33-39-76-80-65-72-2-1-75-32-66-9-98-81-97-14-21-23-44-10-16-18-55-43-91-58-99-92-27-94-84-78-60-29-15-100-31-57-71-79-25-74-68-13-11-4-40-35-64-3-36-28-87-30-77-17-50-49-85-67-45-38-24-22-47-96-73-48-70-93-6-46-53-95-5-90-51-62-42-41-59-54-63-19-61
Ta100x20,6,5,500,0.925,0.025,2,2230602219,17000,6689,6437,6144,6.369911652,v2_avx512bw_vec32_exact_perm,56-86-54-39-32-82-30-72-2-83-8-89-37-20-75-7-26-92-16-25-1-80-76-55-40-100-28-69-14-94-60-9-23-34-68-33-52-12-81-66-29-27-58-97-3-77-65-71-78-91-98-31-74-49-15-43-45-64-95-24-53-35-5-99-13-47-21-44-57-84-17-59-87-41-10-85-63-46-22-50-51-67-42-4-38-70-90-48-36-88-6-96-79-62-73-18-93-11-19-61
Ta100x20,6,5,500,0.925,0.025,3,2230603228,17000,6662,6437,6144,6.176759963,v2_avx512bw_vec32_exact_perm,56-39-86-37-2-83-9-20-82-26-100-29-1-89-72-12-78-28-8-99-68-30-16-10-98-27-45-43-7-76-65-81-94-80-34-33-69-40-32-23-75-31-97-92-60-25-52-55-15-4-71-3-66-38-91-21-13-14-87-57-63-64-77-53-50-49-48-70-22-58-36-74-18-84-59-17-88-35-85-93-24-46-51-73-62-54-42-5-96-79-90-67-6-95-44-47-11-41-19-61
Ta100x20,6,5,500,0.925,0.025,4,2230604237,17000,6648,6437,6144,6.387292716,v2_avx512bw_vec32_exact_perm,56-86-72-83-88-39-8-9-92-82-37-32-99-89-7-2-98-71-1-20-100-75-60-65-26-52-28-69-10-81-43-23-76-27-80-38-13-55-25-66-94-14-64-12-49-4-34-31-63-70-78-16-74-33-57-40-45-58-17-53-85-68-67-91-77-50-87-35-59-97-96-18-15-3-84-5-48-36-21-51-46-44-22-93-30-79-90-62-73-24-47-6-29-42-11-54-95-41-19-61
Ta100x20,6,5,500,0.925,0.025,5,2230605246,17000,6681,6437,6144,6.31805547,v2_avx512bw_vec32_exact_perm,56-86-88-39-8-12-69-82-83-37-2-98-43-20-30-32-7-1-33-99-4-26-89-34-14-16-52-100-92-25-55-80-40-29-94-97-76-38-60-78-58-28-72-31-71-45-64-9-75-27-66-23-53-77-49-65-10-68-15-35-87-57-63-50-91-13-70-46-44-84-3-17-24-22-74-59-48-36-79-81-85-6-90-67-42-18-96-93-73-51-11-21-62-5-47-54-95-41-19-61
Ta100x20,6,5,500,0.925,0.025,6,2230606255,17000,6681,6437,6144,6.948648297,v2_avx512bw_vec32_exact_perm,56-86-88-39-8-32-82-83-2-1-12-20-33-9-30-89-92-7-38-52-37-97-69-98-76-27-99-74-65-72-80-29-26-68-40-66-94-79-10-81-3-43-25-87-4-58-23-100-60-35-45-16-75-28-71-48-78-55-91-34-63-77-36-31-64-14-84-49-17-15-13-96-73-57-21-70-85-53-22-50-24-11-44-18-6-42-46-51-93-90-59-5-62-54-47-67-95-41-19-61
Ta100x20,6,5,500,0.925,0.025,7,2230607264,17000,6684,6437,6144,6.851010997,v2_avx512bw_vec32_exact_perm,56-86-88-39-83-82-8-28-12-99-30-26-2-72-68-60-7-78-71-65-37-94-33-32-52-81-38-89-98-55-1-66-9-25-20-100-23-69-76-14-97-92-63-16-80-75-48-87-27-40-43-45-4-53-29-58-34-10-57-24-64-84-21-15-31-49-3-74-35-70-13-67-6-17-62-5-77-44-96-91-59-73-18-85-50-46-93-22-79-36-42-51-11-90-54-47-95-41-19-61
Ta100x20,6,5,500,0.925,0.025,8,2230608273,17000,6656,6437,6144,6.762275639,v2_avx512bw_vec32_exact_perm,56-86-82-88-83-39-8-20-12-26-7-37-10-43-99-2-9-30-98-65-89-71-92-33-69-16-55-34-72-81-74-38-1-4-28-58-23-40-94-96-31-66-100-57-25-32-80-35-78-18-70-52-91-14-53-21-76-97-29-84-77-64-50-93-79-75-17-68-3-5-87-60-46-45-67-27-48-13-24-36-44-22-62-63-47-85-73-6-51-11-49-42-15-90-59-54-95-41-19-61
Ta100x20,6,5,500,0.925,0.025,9,2230609282,17000,6671,6437,6144,6.650374038,v2_avx512bw_vec32_exact_perm,56-83-86-82-88-20-26-39-69-12-30-2-37-8-99-9-1-98-65-14-43-66-32-89-16-75-7-10-100-94-28-76-80-55-92-34-48-33-57-52-27-78-23-38-58-31-72-60-25-68-64-81-4-21-63-71-3-53-49-18-97-74-13-87-40-5-77-91-6-17-50-29-45-15-70-42-35-22-84-46-24-85-11-96-90-59-73-93-44-54-67-79-95-51-36-41-62-47-19-61
Ta100x20,6,5,500,0.925,0.025,10,2230610291,17000,6688,6437,6144,6.370440596,v2_avx512bw_vec32_exact_perm,56-86-82-83-88-39-43-37-7-8-89-32-69-65-99-78-28-52-2-30-12-29-20-55-26-38-100-72-57-1-75-48-33-92-14-16-25-45-80-58-10-40-68-3-71-23-94-66-76-97-98-31-15-9-93-91-77-13-74-17-85-70-60-53-84-64-34-35-36-5-51-96-87-50-24-18-27-49-59-81-21-79-11-22-73-63-46-41-42-90-44-95-54-47-62-67-4-6-19-61
Ta100x20,6,5,500,0.925,0.05,1,2230601210,17000,6695,6437,6144,6.760329084,v2_avx512bw_vec32_exact_perm,56-86-88-39-8-2-37-7-78-26-83-63-82-98-65-12-33-32-66-9-1-69-20-72-99-10-23-76-68-97-16-14-71-3-92-52-34-25-55-89-18-100-81-80-40-94-38-75-70-49-58-28-53-17-35-29-84-45-15-21-59-74-77-64-62-50-24-48-6-4-96-13-27-31-57-87-46-91-42-85-44-90-67-5-47-22-43-54-60-36-79-11-30-93-51-73-95-41-19-61
Ta100x20,6,5,500,0.925,0.05,2,2230602219,17000,6665,6437,6144,6.795122897,v2_avx512bw_vec32_exact_perm,56-86-88-39-82-20-37-8-83-16-72-43-30-99-14-12-2-9-26-33-92-94-69-52-65-7-55-63-66-32-89-60-100-34-29-25-71-49-21-10-58-45-76-38-98-80-1-97-28-81-3-68-57-23-91-48-87-74-78-13-64-35-31-27-77-15-85-40-50-53-96-84-24-59-17-70-75-4-18-73-79-67-5-36-42-93-62-22-90-46-11-44-6-54-51-95-47-41-19-61
Ta100x20,6,5,500,0.925,0.05,3,2230603228,17000,6657,6437,6144,7.104019399,v2_avx512bw_vec32_exact_perm,56-86-88-83-8-39-82-20-32-72-98-89-28-80-1-12-38-33-10-30-2-37-99-81-27-52-26-65-66-55-7-69-9-71-92-60-34-31-97-58-16-40-53-76-29-94-45-74-15-23-75-14-63-48-35-70-21-100-57-18-13-91-22-49-78-36-24-64-17-5-68-25-77-3-46-85-51-87-6-11-50-59-84-96-79-73-42-44-93-90-43-62-47-67-4-54-95-41-19-61
Ta100x20,6,5,500,0.925,0.05,4,2230604237,17000,6673,6437,6144,6.764584464,v2_avx512bw_vec32_exact_perm,56-82-86-72-39-20-99-26-2-9-98-83-92-69-89-37-80-30-32-12-52-29-100-25-27-38-65-8-33-34-76-74-81-1-66-62-4-28-94-55-43-97-23-75-40-7-53-57-21-64-14-78-13-16-60-71-77-48-87-45-68-88-5-10-46-36-49-63-70-15-58-84-17-91-47-3-50-51-85-18-22-35-54-31-79-95-93-67-6-24-96-73-42-90-11-59-44-41-19-61
Ta100x20,6,5,500,0.925,0.05,5,2230605246,17000,6670,6437,6144,6.577765769,v2_avx512bw_vec32_exact_perm,56-86-88-83-8-39-26-20-82-12-92-78-32-30-28-99-69-7-89-76-37-80-98-2-81-14-60-29-72-33-100-27-10-65-52-23-9-55-38-16-3-58-34-1-45-25-17-94-77-66-21-84-49-18-97-59-22-35-96-31-71-68-6-40-75-15-50-74-64-24-53-43-46-87-5-48-44-4-57-47-90-42-70-91-13-85-63-62-73-95-67-11-93-79-36-51-41-54-19-61
Ta100x20,6,5,500,0.925,0.05,6,2230606255,17000,6692,6437,6144,7.150066999,v2_avx512bw_vec32_exact_perm,56-86-88-82-83-26-32-12-1-99-20-96-16-7-89-30-100-43-80-9-98-39-45-78-14-69-65-8-10-33-52-37-58-28-38-81-66-72-60-27-94-75-55-92-23-71-91-76-64-31-40-57-4-25-34-68-77-49-5-2-62-50-48-84-47-74-15-35-36-53-46-67-85-17-21-59-18-29-24-70-44-79-22-13-93-87-6-97-3-51-90-42-11-63-54-73-41-95-19-61
Ta100x20,6,5,500,0.925,0.05,7,2230607264,17000,6681,6437,6144,7.143249508,v2_avx512bw_vec32_exact_perm,56-86-88-39-8-26-37-9-32-2-83-82-98-100-72-1-65-20-16-99-12-29-76-89-28-80-10-43-7-69-14-55-34-45-68-81-66-94-23-71-31-59-58-57-60-92-91-78-33-93-97-3-48-87-38-52-40-64-27-25-77-75-53-73-4-18-13-35-15-74-84-36-96-49-46-30-79-22-17-63-62-85-67-6-50-21-24-42-95-11-70-5-41-44-90-47-54-51-19-61
Ta100x20,6,5,500,0.925,0.05,8,2230608273,17000,6681,6437,6144,7.156458062,v2_avx512bw_vec32_exact_perm,56-86-88-39-8-83-82-20-32-12-25-33-30-81-65-38-14-9-97-7-2-37-99-55-98-72-43-89-52-66-68-23-28-71-69-100-1-27-80-48-75-76-74-60-16-92-45-10-41-21-35-77-57-11-73-49-63-64-94-29-58-34-4-5-31-78-15-18-51-3-87-26-36-22-24-13-53-40-70-79-46-96-17-50-93-62-84-85-6-91-44-42-67-59-90-54-47-95-19-61
Ta100x20,6,5,500,0.925,0.05,9,2230609282,17000,6692,6437,6144,7.198853924,v2_avx512bw_vec32_exact_perm,56-86-88-39-8-83-82-30-76-43-66-99-9-32-65-69-37-34-1-45-89-12-98-72-94-74-2-58-20-81-78-26-25-33-71-7-70-92-97-28-35-16-80-55-10-60-14-23-52-31-77-91-27-100-85-17-84-75-13-40-22-57-38-49-15-21-53-29-50-87-46-4-48-44-3-68-11-24-64-96-42-93-51-79-5-62-18-36-54-6-59-90-47-67-73-95-63-41-19-61
Ta100x20,6,5,500,0.925,0.05,10,2230610291,17000,6708,6437,6144,6.878216312,v2_avx512bw_vec32_exact_perm,56-86-88-8-83-32-98-82-39-89-20-72-65-7-12-100-1-66-2-28-76-37-21-34-33-55-92-52-99-94-81-40-59-9-23-16-80-63-69-14-97-49-10-18-31-71-77-26-17-70-30-75-68-48-25-78-4-27-29-57-64-38-44-74-58-6-60-91-87-3-96-50-84-79-11-43-53-13-45-73-5-42-41-15-47-24-85-54-46-35-22-93-90-67-51-62-36-95-19-61
Ta100x20,6,5,500,0.925,0.075,1,2230601210,17000,6685,6437,6144,7.693782679,v2_avx512bw_vec32_exact_perm,56-86-83-88-39-8-9-82-32-100-1-89-37-98-81-43-12-69-20-99-29-2-25-58-26-92-72-60-55-21-80-28-7-65-64-16-52-76-38-66-57-23-94-34-68-33-4-71-14-10-75-49-40-48-45-97-77-67-53-18-87-31-13-91-3-78-27-5-74-22-44-84-35-17-70-36-90-79-11-47-15-96-41-30-51-6-95-50-54-24-42-63-62-46-73-85-59-93-19-61
Ta100x20,6,5,500,0.925,0.075,2,2230602219,17000,6706,6437,6144,7.270830323,v2_avx512bw_vec32_exact_perm,56-86-88-39-82-83-8-43-1-9-69-99-2-12-32-89-37-26-30-81-100-76-29-10-92-52-25-72-71-78-33-7-64-65-60-98-3-80-45-58-34-28-31-23-94-20-66-91-40-14-55-38-21-48-97-61-57-49-70-17-75-68-93-18-15-50-16-13-74-77-35-96-59-47-62-84-87-51-6-24-53-22-5-95-4-46-90-42-36-27-85-63-73-41-79-54-44-67-19-11
Ta100x20,6,5,500,0.925,0.075,3,2230603228,17000,6699,6437,6144,7.133568666,v2_avx512bw_vec32_exact_perm,56-83-86-51-88-39-82-38-2-63-89-98-37-81-8-99-32-65-20-1-25-100-31-7-28-16-55-26-58-69-78-27-23-92-71-72-10-68-15-40-33-94-12-13-29-80-9-84-45-57-76-96-75-66-87-34-97-14-70-64-60-18-52-3-85-74-48-24-77-53-35-49-67-4-91-36-5-62-73-11-43-21-6-22-17-47-46-79-50-42-90-41-44-30-93-54-59-19-95-61
Ta100x20,6,5,500,0.925,0.075,4,2230604237,17000,6657,6437,6144,7.486839206,v2_avx512bw_vec32_exact_perm,56-86-54-83-82-37-39-92-76-88-98-20-72-65-8-2-12-14-52-33-99-16-60-69-78-1-28-43-58-30-55-32-25-68-79-26-9-74-100-94-66-57-81-21-35-38-49-34-15-7-71-84-3-64-29-53-24-89-75-10-77-23-73-50-31-13-40-97-59-51-27-45-18-48-85-17-36-70-91-87-93-96-44-22-46-80-5-63-4-62-42-47-90-6-11-67-95-41-19-61
Ta100x20,6,5,500,0.925,0.075,5,2230605246,17000,6694,6437,6144,7.770837432,v2_avx512bw_vec32_exact_perm,56-39-86-20-72-8-26-99-2-28-37-1-9-89-68-32-83-82-69-100-43-7-52-76-3-16-65-29-33-66-10-87-25-55-78-30-71-75-58-92-94-81-60-98-21-12-14-23-13-57-70-80-38-88-34-4-49-97-91-27-31-40-17-64-77-45-48-24-18-36-15-96-53-62-35-85-67-73-79-63-84-74-22-44-93-50-59-42-46-11-41-47-51-5-6-90-54-95-19-61
Ta100x20,6,5,500,0.925,0.075,6,2230606255,17000,6706,6437,6144,7.120956055,v2_avx512bw_vec32_exact_perm,56-86-2-9-37-88-39-8-98-20-83-72-69-99-65-1-82-12-92-16-23-58-78-10-33-94-26-43-79-100-32-80-38-76-28-25-81-89-71-48-35-91-66-55-7-24-31-40-45-49-29-15-13-34-27-77-62-75-21-74-68-50-53-95-97-64-17-5-18-30-87-14-52-3-46-73-42-96-93-22-60-36-67-90-70-84-6-63-11-4-47-85-59-44-41-54-57-51-19-61
Ta100x20,6,5,500,0.925,0.075,7,2230607264,17000,6681,6437,6144,7.203734319,v2_avx512bw_vec32_exact_perm,56-86-82-39-20-92-26-99-72-88-91-8-65-83-12-37-69-43-66-2-29-4-9-1-100-75-25-94-52-81-10-27-7-58-89-23-60-16-28-76-77-98-55-32-80-30-78-97-84-14-59-33-53-70-40-68-57-6-24-45-48-49-17-38-21-46-36-50-71-93-90-96-15-79-18-35-31-22-3-13-34-47-5-87-85-67-74-44-11-51-54-62-64-63-42-73-95-41-19-61
Ta100x20,6,5,500,0.925,0.075,8,2230608273,17000,6710,6437,6144,7.25905862,v2_avx512bw_vec32_exact_perm,56-86-88-39-82-26-2-7-37-98-72-12-80-100-1-27-8-83-43-3-10-78-69-9-99-68-25-81-33-32-60-94-76-92-65-28-71-89-87-23-5-48-66-34-16-52-40-21-55-58-15-14-97-53-63-13-57-91-84-45-49-75-67-74-79-22-70-35-77-95-4-38-6-17-96-51-18-73-31-46-30-36-29-24-93-47-11-90-64-44-54-42-50-85-20-59-62-41-19-61
Ta100x20,6,5,500,0.925,0.075,9,2230609282,17000,6640,6437,6144,7.182201953,v2_avx512bw_vec32_exact_perm,56-39-86-20-83-37-82-88-26-8-2-12-9-99-92-1-89-69-52-32-68-25-71-98-76-72-66-38-70-81-7-33-14-31-48-97-21-23-94-58-91-80-16-34-55-65-63-3-22-49-75-78-40-29-60-30-77-13-100-45-57-87-18-10-35-15-84-17-96-59-74-73-27-43-5-54-28-44-85-53-50-6-36-64-24-93-90-67-95-4-46-51-47-42-62-11-41-79-19-61
Ta100x20,6,5,500,0.925,0.075,10,2230610291,17000,6655,6437,6144,7.218340349,v2_avx512bw_vec32_exact_perm,56-86-72-83-88-82-38-39-20-2-8-7-37-12-45-66-32-100-26-1-33-63-69-99-28-98-81-76-89-71-80-92-25-16-21-55-64-97-52-65-58-14-74-10-9-29-68-23-40-78-91-75-3-94-13-15-57-77-60-53-30-79-34-31-4-84-87-27-48-35-24-50-43-85-17-22-96-62-73-67-44-47-70-49-59-46-18-93-90-42-6-36-54-5-11-51-95-19-41-61
Ta100x20,6,5,500,0.925,0.1,1,2230601210,17000,6659,6437,6144,7.520040093,v2_avx512bw_vec32_exact_perm,56-83-86-82-39-98-20-88-21-1-28-89-8-2-12-68-99-26-37-80-32-34-78-72-65-25-30-7-55-92-76-31-71-69-52-9-94-66-10-16-33-60-81-97-45-23-43-38-14-57-64-48-74-100-49-35-91-77-17-75-59-87-50-13-53-18-24-22-85-3-4-40-67-46-79-44-29-15-73-36-41-27-5-62-54-70-90-84-96-93-51-58-95-63-11-42-47-6-19-61
Ta100x20,6,5,500,0.925,0.1,2,2230602219,17000,6707,6437,6144,7.412546952,v2_avx512bw_vec32_exact_perm,56-86-32-7-39-20-88-8-83-99-69-78-65-52-66-9-98-40-37-12-1-100-43-30-76-26-21-29-94-2-16-92-28-55-23-58-25-14-10-81-33-57-80-64-72-60-75-82-74-70-89-91-97-4-46-34-68-38-71-35-49-84-59-27-13-31-87-73-24-50-77-15-48-63-45-18-53-85-17-96-6-93-62-42-5-3-67-79-11-44-51-22-41-47-90-54-36-95-19-61
Ta100x20,6,5,500,0.925,0.1,3,2230603228,17000,6663,6437,6144,7.407322079,v2_avx512bw_vec32_exact_perm,56-83-86-39-32-76-20-88-1-100-92-82-26-37-9-89-69-65-12-98-25-99-7-78-33-14-81-52-28-72-55-23-68-97-40-16-3-35-94-38-10-80-57-2-27-43-77-66-31-34-58-45-30-84-75-4-64-48-60-63-21-13-49-71-59-87-18-22-15-5-36-91-73-53-17-62-24-85-50-8-96-70-46-79-93-90-74-42-51-44-11-54-47-29-6-67-41-95-19-61
Ta100x20,6,5,500,0.925,0.1,4,2230604237,17000,6657,6437,6144,7.349517073,v2_avx512bw_vec32_exact_perm,56-86-83-82-88-92-99-39-8-9-1-20-72-32-26-74-33-10-100-37-76-27-89-7-66-25-94-98-12-14-58-69-3-80-78-16-38-43-97-67-52-2-23-68-55-45-40-60-28-71-49-4-65-34-59-75-13-29-87-17-31-48-81-63-64-24-22-18-85-46-44-77-53-35-84-30-96-57-91-6-5-42-50-62-15-70-11-73-21-51-36-90-79-93-41-19-54-95-47-61
Ta100x20,6,5,500,0.925,0.1,5,2230605246,17000,6705,6437,6144,7.168916301,v2_avx512bw_vec32_exact_perm,56-83-86-37-30-39-88-2-12-72-98-82-20-26-9-99-92-100-69-8-28-32-1-43-89-33-52-65-10-66-94-76-71-75-74-80-7-3-38-58-29-27-21-97-55-45-60-23-34-81-57-64-35-91-49-25-48-16-87-18-78-53-22-14-73-96-4-40-70-77-17-5-6-31-50-15-36-68-63-44-24-41-51-84-79-85-13-62-46-47-59-93-67-11-95-90-42-54-19-61
Ta100x20,6,5,500,0.925,0.1,6,2230606255,17000,6701,6437,6144,6.732394174,v2_avx512bw_vec32_exact_perm,56-83-86-39-98-100-82-37-30-72-9-26-8-45-65-7-2-33-12-51-99-16-69-79-20-34-43-80-52-32-89-92-25-1-75-55-81-14-4-71-77-76-31-66-74-13-28-68-5-94-78-40-97-23-64-91-95-10-15-53-27-21-60-57-38-48-46-6-87-49-29-11-36-50-58-96-85-84-59-18-63-22-73-62-70-35-88-44-17-42-3-24-93-47-90-67-54-41-19-61
Ta100x20,6,5,500,0.925,0.1,7,2230607264,17000,6707,6437,6144,6.888586124,v2_avx512bw_vec32_exact_perm,56-86-20-8-88-99-39-72-83-82-32-69-100-37-9-26-89-1-98-28-43-92-25-66-52-65-78-12-4-94-33-38-79-34-75-7-58-97-27-55-2-23-24-81-30-50-14-40-35-60-76-80-16-87-10-84-95-57-45-68-3-74-21-17-77-63-91-53-64-67-70-44-31-48-49-47-96-71-18-15-13-73-85-36-90-22-93-42-62-59-5-46-51-54-6-11-29-41-19-61
Ta100x20,6,5,500,0.925,0.1,8,2230608273,17000,6697,6437,6144,6.680280174,v2_avx512bw_vec32_exact_perm,56-86-83-88-39-8-26-37-98-2-1-12-32-99-54-7-9-89-92-30-82-94-69-25-65-45-100-74-43-52-33-34-71-40-58-81-10-16-14-80-23-55-38-97-91-76-50-28-3-75-84-66-31-15-72-87-24-78-57-70-77-63-68-64-29-13-60-20-18-22-79-73-48-49-35-27-21-62-46-93-17-51-5-53-96-36-47-44-59-90-85-6-42-4-67-11-95-41-19-61
Ta100x20,6,5,500,0.925,0.1,9,2230609282,17000,6705,6437,6144,6.887282294,v2_avx512bw_vec32_exact_perm,56-86-82-39-88-83-43-69-1-9-30-100-76-89-98-37-55-92-8-2-25-7-32-65-94-47-74-66-26-52-16-64-34-80-58-12-33-14-78-28-57-38-85-99-68-27-21-23-77-31-13-71-49-84-48-45-35-72-75-18-4-3-60-29-24-59-40-50-53-87-81-20-36-10-97-46-91-17-22-15-67-70-90-96-5-93-79-73-62-51-63-11-44-54-19-41-6-42-95-61
Ta100x20,6,5,500,0.925,0.1,10,2230610291,17000,6665,6437,6144,6.609459412,v2_avx512bw_vec32_exact_perm,56-86-88-39-26-82-83-98-76-32-72-100-1-43-30-9-12-69-89-37-8-2-28-7-33-99-4-40-48-71-81-55-20-23-14-66-21-16-27-10-75-91-52-47-92-78-70-34-58-94-60-80-57-25-65-87-18-29-35-31-53-68-13-50-38-45-74-36-6-5-17-84-77-49-97-24-46-96-15-64-85-22-63-3-67-73-62-79-44-59-51-93-42-90-11-54-95-41-19-61
Ta100x20,6,5,500,0.925,0.125,1,2230601210,17000,6717,6437,6144,6.265638213,v2_avx512bw_vec32_exact_perm,56-86-32-82-83-7-54-2-26-37-1-92-33-99-10-8-12-29-88-20-78-65-39-71-81-34-72-38-25-16-98-89-31-58-60-55-14-45-9-100-87-75-66-23-28-77-40-13-27-69-97-49-52-94-3-35-22-80-18-43-76-84-50-64-24-85-59-48-17-57-68-15-6-5-96-46-74-11-4-21-63-36-30-44-79-91-53-93-67-47-51-73-62-70-95-90-41-42-19-61
Ta100x20,6,5,500,0.925,0.125,2,2230602219,17000,6653,6437,6144,6.753273408,v2_avx512bw_vec32_exact_perm,56-86-82-88-39-83-72-8-26-58-98-2-80-20-37-12-9-33-99-76-29-69-94-100-32-87-89-28-7-78-23-40-1-92-52-43-66-14-68-60-57-63-65-45-34-4-74-55-31-81-64-96-16-70-48-97-18-5-53-35-50-38-25-71-30-17-21-27-22-13-49-93-54-44-84-3-77-91-6-85-59-36-15-46-51-79-24-75-10-42-90-73-62-67-95-11-47-41-19-61
Ta100x20,6,5,500,0.925,0.125,3,2230603228,17000,6721,6437,6144,6.536269328,v2_avx512bw_vec32_exact_perm,56-86-83-82-88-99-7-26-20-39-89-37-8-71-9-28-38-12-100-98-52-23-25-60-16-2-92-1-31-68-87-65-57-70-69-10-84-33-32-74-58-78-45-55-66-34-5-72-75-27-91-63-97-81-94-40-77-80-13-64-30-48-85-43-35-14-3-36-76-29-79-21-50-4-46-17-49-96-62-15-11-6-53-42-90-59-73-24-51-22-47-18-93-44-95-54-67-41-19-61
Ta100x20,6,5,500,0.925,0.125,4,2230604237,17000,6702,6437,6144,6.479632544,v2_avx512bw_vec32_exact_perm,56-86-88-83-39-82-20-7-37-98-2-27-8-72-100-65-12-1-32-26-9-99-92-10-52-81-25-68-33-34-30-89-38-66-57-80-74-87-91-71-60-31-70-94-76-75-69-28-23-55-21-45-3-58-78-77-48-97-35-96-43-14-64-84-13-49-29-93-47-50-16-44-22-59-63-4-79-18-17-36-5-53-54-46-6-42-24-95-62-85-15-51-11-40-67-90-73-41-19-61
Ta100x20,6,5,500,0.925,0.125,5,2230605246,17000,6714,6437,6144,6.581190674,v2_avx512bw_vec32_exact_perm,56-86-88-83-37-98-20-82-76-89-68-99-7-92-39-32-1-72-8-97-26-52-33-65-69-12-28-94-57-55-45-81-9-79-71-50-100-60-16-78-51-46-34-87-29-31-24-10-3-40-2-21-84-91-17-80-23-58-25-38-66-30-35-11-63-22-36-48-27-70-96-73-15-13-18-74-49-64-19-53-14-77-6-4-75-47-43-41-85-62-42-59-5-44-90-93-67-54-95-61
Ta100x20,6,5,500,0.925,0.125,6,2230606255,17000,6711,6437,6144,6.553426265,v2_avx512bw_vec32_exact_perm,56-39-86-20-89-26-82-25-83-69-7-2-32-1-68-37-43-8-88-12-98-10-99-33-92-9-30-23-52-14-70-27-58-55-31-59-80-72-35-65-45-100-28-66-78-38-57-53-81-34-76-91-5-16-18-21-60-67-4-24-75-49-96-63-17-74-84-94-71-29-3-73-13-40-48-87-64-51-97-50-77-22-36-15-44-47-79-11-85-54-46-93-6-19-90-41-42-95-62-61
Ta100x20,6,5,500,0.925,0.125,7,2230607264,17000,6659,6437,6144,6.230687588,v2_avx512bw_vec32_exact_perm,56-86-83-20-1-43-80-2-39-89-82-37-7-32-69-26-9-100-28-8-12-33-72-65-66-34-99-10-92-17-25-76-55-14-58-52-45-40-11-23-98-60-75-38-94-4-71-88-78-50-59-97-85-57-63-64-27-49-77-81-22-53-70-29-13-6-18-84-35-3-74-87-15-30-24-31-91-16-42-47-48-68-96-21-79-5-36-54-44-95-93-62-46-90-67-61-73-51-41-19
Ta100x20,6,5,500,0.925,0.125,8,2230608273,17000,6704,6437,6144,6.424709995,v2_avx512bw_vec32_exact_perm,56-86-83-88-2-39-8-20-1-99-37-12-89-63-7-28-32-78-76-97-69-52-100-38-16-43-80-9-71-94-23-92-31-72-66-70-54-14-26-29-81-10-49-65-77-55-60-15-45-17-34-25-33-87-84-27-58-3-91-53-82-50-40-18-35-98-75-85-48-24-73-21-64-57-59-4-96-6-47-5-42-13-22-11-90-51-46-68-74-30-67-44-93-36-62-95-41-79-19-61
Ta100x20,6,5,500,0.925,0.125,9,2230609282,17000,6703,6437,6144,6.397585669,v2_avx512bw_vec32_exact_perm,56-86-88-30-82-83-18-21-39-89-32-1-43-66-72-100-10-76-81-26-37-28-55-8-78-16-58-23-69-12-2-71-97-52-65-9-53-33-75-45-7-99-38-77-91-5-34-68-80-48-27-31-50-35-40-92-94-84-59-60-22-74-57-3-64-14-96-98-42-70-49-4-13-17-29-44-87-20-24-67-79-25-36-93-47-62-73-85-51-46-90-54-15-6-95-11-63-41-19-61
Ta100x20,6,5,500,0.925,0.125,10,2230610291,17000,6687,6437,6144,6.307882615,v2_avx512bw_vec32_exact_perm,56-82-83-86-26-33-9-37-32-39-7-65-38-29-98-20-89-88-8-52-60-16-24-23-71-66-72-76-12-92-10-34-94-1-63-99-2-80-28-55-45-75-27-48-21-53-81-30-77-31-50-69-49-100-78-14-97-4-43-91-57-68-59-84-40-6-58-22-25-46-36-35-79-70-96-87-47-13-5-17-74-90-93-62-64-15-11-3-85-54-51-42-44-67-95-73-18-19-41-61
Ta100x20,6,5,500,0.9625,0.025,1,2230601210,17000,6681,6437,6144,6.494158253,v2_avx512bw_vec32_exact_perm,56-86-88-39-8-82-99-32-83-7-20-2-28-89-52-81-26-30-92-37-45-60-72-78-58-16-71-33-63-55-40-29-12-100-10-31-75-65-1-69-76-27-38-98-23-34-94-66-14-64-68-3-25-85-9-97-80-4-67-87-35-91-77-15-57-73-74-43-17-70-13-96-84-49-22-21-50-24-48-53-18-5-79-62-42-36-93-46-59-6-47-95-90-51-11-54-44-41-19-61
Ta100x20,6,5,500,0.9625,0.025,2,2230602219,17000,6695,6437,6144,7.455488154,v2_avx512bw_vec32_exact_perm,56-86-82-30-83-20-2-26-37-39-72-8-9-1-21-43-89-66-12-7-29-94-33-16-65-92-98-99-81-60-69-100-57-32-52-76-27-78-10-97-80-34-58-23-25-59-53-40-14-28-31-4-64-68-71-55-13-24-5-75-74-91-50-87-18-84-3-48-77-49-38-45-15-70-62-79-96-6-35-90-22-67-36-46-85-63-17-93-73-42-54-51-11-44-88-47-95-41-19-61
Ta100x20,6,5,500,0.9625,0.025,3,2230603228,17000,6706,6437,6144,6.975665837,v2_avx512bw_vec32_exact_perm,56-86-88-33-39-8-26-98-2-12-32-7-89-37-54-82-52-40-83-81-72-65-99-45-9-34-60-76-80-71-68-16-1-58-92-69-25-94-91-14-20-66-55-97-100-13-38-57-23-10-49-78-46-84-15-28-74-27-85-35-96-30-70-5-50-17-87-77-75-3-18-48-67-21-24-44-6-59-4-64-63-22-53-36-42-47-90-31-29-73-93-11-62-43-79-51-95-41-19-61
Ta100x20,6,5,500,0.9625,0.025,4,2230604237,17000,6681,6437,6144,6.613259683,v2_avx512bw_vec32_exact_perm,56-86-88-39-8-83-32-1-99-7-20-89-72-43-55-65-66-38-29-28-2-26-81-100-37-14-12-16-82-80-94-10-52-33-69-98-30-34-76-97-40-92-71-91-60-9-77-17-48-23-27-75-74-13-4-50-64-70-47-5-53-25-49-35-57-96-93-87-22-51-3-79-73-21-68-18-24-67-84-95-78-36-62-44-11-31-46-85-59-58-45-41-6-42-90-15-63-54-19-61
Ta100x20,6,5,500,0.9625,0.025,5,2230605246,17000,6688,6437,6144,6.798547411,v2_avx512bw_vec32_exact_perm,56-86-88-83-39-8-30-82-72-9-2-58-32-65-1-99-7-20-74-12-37-76-16-98-34-69-26-89-33-45-97-92-94-25-60-80-70-81-52-55-68-79-3-48-14-57-38-13-66-64-24-91-71-100-10-27-78-22-84-63-40-75-23-28-18-35-31-95-49-5-96-36-87-73-77-15-43-4-21-17-67-46-93-85-6-29-62-53-44-54-47-50-59-42-90-11-41-51-19-61
Ta100x20,6,5,500,0.9625,0.025,6,2230606255,17000,6703,6437,6144,6.98530373,v2_avx512bw_vec32_exact_perm,56-39-37-86-88-8-82-83-89-7-43-1-9-97-20-32-69-2-55-94-65-21-81-98-14-28-66-100-16-92-48-12-74-30-99-23-63-80-34-47-38-57-52-27-33-78-60-71-5-72-76-58-87-50-40-10-68-25-49-77-84-35-3-91-70-22-24-18-96-31-13-64-26-17-59-36-85-45-67-73-44-62-79-15-75-90-93-46-53-51-6-4-42-54-95-11-29-19-41-61
Ta100x20,6,5,500,0.9625,0.025,7,2230607264,17000,6693,6437,6144,6.757961429,v2_avx512bw_vec32_exact_perm,56-86-88-83-100-26-32-82-12-37-8-39-20-52-9-98-33-99-1-16-69-89-14-68-92-2-45-66-65-34-81-55-25-70-57-48-94-7-80-71-31-3-58-38-28-40-10-72-64-76-27-23-78-35-60-63-96-97-29-84-49-87-43-17-21-75-5-53-30-77-15-4-13-74-50-93-18-62-22-24-67-59-46-91-85-36-6-42-44-79-73-90-11-41-54-95-51-47-19-61
Ta100x20,6,5,500,0.9625,0.025,8,2230608273,17000,6681,6437,6144,7.100024867,v2_avx512bw_vec32_exact_perm,56-86-88-39-8-99-9-82-2-20-83-37-1-43-68-25-72-100-26-32-76-12-66-74-63-69-65-7-14-60-58-52-16-10-94-33-28-55-78-23-38-34-89-45-80-91-57-13-87-22-81-71-50-49-92-27-21-77-97-48-53-40-17-4-79-18-3-98-70-59-31-93-84-35-73-96-85-36-75-15-46-29-30-42-44-6-95-64-11-24-51-62-90-67-54-5-47-41-19-61
Ta100x20,6,5,500,0.9625,0.025,9,2230609282,17000,6699,6437,6144,6.680291539,v2_avx512bw_vec32_exact_perm,56-86-88-39-8-82-9-83-92-2-58-99-1-37-100-65-28-72-71-55-98-89-74-27-26-75-30-76-52-32-69-7-25-81-78-68-43-33-16-20-29-80-97-10-12-94-66-3-85-70-23-77-57-53-14-87-31-38-45-4-79-64-13-48-91-60-21-34-51-35-24-22-84-50-17-40-18-67-6-44-46-49-5-11-90-36-59-93-62-42-41-73-54-95-47-15-63-96-19-61
Ta100x20,6,5,500,0.9625,0.025,10,2230610291,17000,6686,6437,6144,7.49777196,v2_avx512bw_vec32_exact_perm,56-86-88-39-8-9-20-82-43-83-76-1-99-69-74-33-100-89-37-7-12-98-75-32-66-26-72-78-52-23-34-10-16-65-57-63-2-97-81-94-80-21-25-38-55-58-14-92-71-45-35-64-84-60-13-70-49-48-27-4-91-3-28-87-62-5-67-68-85-40-24-31-96-53-17-6-15-51-41-77-93-22-30-47-29-54-44-73-95-18-46-79-36-90-11-42-59-50-19-61
Ta100x20,6,5,500,0.9625,0.05,1,2230601210,17000,6688,6437,6144,6.798705707,v2_avx512bw_vec32_exact_perm,56-86-88-39-8-30-83-2-37-20-76-98-12-69-26-82-81-78-52-43-7-32-99-100-80-28-33-65-72-55-9-92-94-23-45-71-38-25-58-89-16-53-10-40-68-60-1-14-75-66-87-29-84-63-77-27-13-64-79-4-15-57-97-34-3-49-31-17-21-51-74-70-35-18-22-11-96-24-85-42-73-36-6-48-62-91-5-67-44-90-46-93-41-59-95-54-50-47-19-61
Ta100x20,6,5,500,0.9625,0.05,2,2230602219,17000,6701,6437,6144,6.863731086,v2_avx512bw_vec32_exact_perm,56-86-72-88-8-32-83-10-82-12-7-30-39-37-43-80-98-16-20-74-89-23-99-26-1-92-27-28-76-66-2-94-69-52-33-71-81-97-38-75-65-45-58-25-100-78-9-48-53-68-55-79-29-21-40-24-64-35-15-17-84-57-60-31-34-13-3-77-67-87-73-14-63-85-4-42-70-22-51-91-11-90-49-18-93-46-96-59-36-62-6-5-54-50-47-44-41-95-19-61
Ta100x20,6,5,500,0.9625,0.05,3,2230603228,17000,6688,6437,6144,6.559191915,v2_avx512bw_vec32_exact_perm,56-86-88-39-8-9-82-32-83-1-89-28-98-20-33-12-72-55-78-27-92-91-100-99-15-37-81-69-71-2-29-68-25-3-76-65-40-80-10-57-7-70-31-77-97-23-4-66-34-94-48-14-75-52-21-13-49-53-58-26-63-60-17-38-87-50-64-96-74-30-16-43-5-35-18-84-45-44-93-59-22-24-11-62-36-73-54-95-85-79-46-42-90-51-67-6-41-47-19-61
Ta100x20,6,5,500,0.9625,0.05,4,2230604237,17000,6647,6437,6144,6.511288026,v2_avx512bw_vec32_exact_perm,56-86-88-83-39-8-82-9-26-32-69-25-12-100-37-2-76-80-30-52-34-99-28-66-20-65-81-16-89-74-33-43-55-10-78-58-57-92-45-13-38-72-71-84-23-7-91-68-98-5-21-14-87-60-40-27-4-75-31-94-48-97-35-64-96-77-73-50-17-59-62-3-53-49-24-47-42-1-18-95-70-22-85-46-15-6-29-44-90-11-54-36-79-93-63-67-51-41-19-61
Ta100x20,6,5,500,0.9625,0.05,5,2230605246,17000,6707,6437,6144,6.847978155,v2_avx512bw_vec32_exact_perm,56-39-86-26-9-100-72-82-20-83-33-98-32-89-37-25-12-7-78-8-58-2-65-29-94-34-99-52-87-1-74-69-80-76-81-10-71-66-55-21-28-75-13-11-23-14-92-30-16-38-45-57-68-17-49-15-88-50-40-31-3-96-60-97-77-24-64-4-91-48-35-43-84-63-70-5-46-51-79-44-61-47-36-22-67-18-6-85-95-53-93-59-90-73-41-27-42-19-62-54
Ta100x20,6,5,500,0.9625,0.05,6,2230606255,17000,6719,6437,6144,7.541231471,v2_avx512bw_vec32_exact_perm,56-86-98-20-82-88-2-8-26-39-1-83-32-94-28-43-78-80-12-33-25-57-77-60-24-100-10-37-72-66-52-75-31-99-16-30-71-9-7-69-89-14-4-54-81-40-27-79-91-92-58-45-55-13-23-65-34-64-76-44-97-38-22-3-17-74-49-18-50-35-87-84-15-93-96-68-29-36-62-51-5-63-70-21-85-6-48-11-46-53-59-47-95-42-67-90-73-41-19-61
Ta100x20,6,5,500,0.9625,0.05,7,2230607264,17000,6698,6437,6144,8.614672988,v2_avx512bw_vec32_exact_perm,56-86-82-83-78-72-88-39-8-2-92-43-30-37-12-33-99-1-74-28-20-65-55-52-26-32-76-71-100-69-10-29-66-98-16-23-27-15-25-91-31-89-34-85-81-97-7-58-80-9-46-40-70-6-59-75-63-77-94-48-68-84-49-14-4-18-45-42-21-35-24-17-87-96-73-53-38-44-51-50-64-62-13-60-22-3-67-90-41-79-5-54-93-36-95-11-47-57-19-61
Ta100x20,6,5,500,0.9625,0.05,8,2230608273,17000,6689,6437,6144,7.539836725,v2_avx512bw_vec32_exact_perm,56-86-88-39-83-8-12-26-16-98-82-72-99-78-65-29-10-20-37-100-9-89-69-1-52-76-74-34-30-68-57-55-14-92-27-97-23-33-38-15-81-7-18-28-21-70-2-32-13-60-5-66-58-94-31-71-80-40-75-4-67-64-48-87-24-17-44-91-49-96-3-35-36-50-45-79-43-85-77-53-6-25-46-22-59-93-62-84-90-47-11-42-51-73-63-54-95-41-19-61
Ta100x20,6,5,500,0.9625,0.05,9,2230609282,17000,6700,6437,6144,7.813878609,v2_avx512bw_vec32_exact_perm,56-86-88-100-39-82-8-2-37-20-12-98-28-1-83-9-72-26-99-80-89-34-52-65-74-71-81-45-66-43-76-7-32-33-21-55-48-69-92-58-94-60-57-78-30-27-40-23-25-73-49-63-17-10-97-14-31-64-24-4-91-70-13-75-15-38-96-18-77-87-50-62-79-68-67-16-3-22-42-35-59-84-47-46-93-36-5-53-90-29-6-85-44-54-51-11-95-41-19-61
Ta100x20,6,5,500,0.9625,0.05,10,2230610291,17000,6695,6437,6144,7.440209932,v2_avx512bw_vec32_exact_perm,56-86-88-39-8-72-76-37-82-83-100-32-9-1-60-30-34-43-81-26-23-99-98-69-80-55-92-74-94-65-14-66-25-16-38-20-58-89-28-7-77-87-57-3-2-12-52-48-33-97-10-53-15-70-13-27-49-31-21-68-71-96-78-91-35-85-50-40-93-75-18-22-36-17-79-24-84-11-45-42-73-59-4-47-67-46-62-64-63-95-51-54-90-5-44-41-29-6-19-61
Ta100x20,6,5,500,0.9625,0.075,1,2230601210,17000,6701,6437,6144,6.974371323,v2_avx512bw_vec32_exact_perm,56-86-88-83-98-8-39-2-32-82-99-43-89-20-37-12-16-14-55-7-9-1-78-33-75-97-52-81-100-28-23-58-92-72-69-71-25-63-94-65-66-76-74-40-60-27-34-84-77-80-30-68-49-13-38-24-91-45-64-57-31-21-46-4-35-22-48-79-67-26-3-50-17-18-53-29-85-70-10-87-51-54-5-90-15-36-96-6-59-93-47-44-42-62-11-73-19-41-95-61
Ta100x20,6,5,500,0.9625,0.075,2,2230602219,17000,6697,6437,6144,6.684562471,v2_avx512bw_vec32_exact_perm,56-86-39-20-88-8-2-32-78-83-82-9-10-92-98-89-69-37-12-26-74-33-65-1-71-99-52-55-94-58-16-7-25-66-70-100-4-34-57-97-79-38-3-43-60-76-28-23-81-91-31-87-14-27-48-75-30-53-40-49-15-46-84-35-51-18-21-13-77-64-17-29-45-24-50-72-63-93-67-73-68-85-6-59-22-96-11-90-47-80-42-95-62-36-54-5-44-41-19-61
Ta100x20,6,5,500,0.9625,0.075,3,2230603228,17000,6712,6437,6144,6.662722911,v2_avx512bw_vec32_exact_perm,56-86-88-83-76-2-82-8-39-7-98-20-99-69-32-72-1-43-61-26-37-12-9-80-33-94-63-23-92-28-68-74-65-89-71-55-78-25-100-52-45-38-58-66-97-81-48-31-14-29-70-30-75-40-4-96-24-10-77-17-84-64-16-27-60-91-35-34-73-62-13-15-95-3-57-5-18-21-59-87-46-53-49-36-22-6-85-93-47-90-50-51-11-67-41-42-44-79-54-19
Ta100x20,6,5,500,0.9625,0.075,4,2230604237,17000,6682,6437,6144,6.769531704,v2_avx512bw_vec32_exact_perm,56-82-86-30-83-43-37-39-9-2-32-78-98-72-8-88-89-7-12-65-26-1-68-23-29-92-10-60-59-99-31-25-69-16-52-100-33-94-91-79-55-66-34-28-27-76-40-80-71-45-20-75-24-48-58-21-3-87-49-84-14-74-22-13-81-64-38-77-47-35-96-73-93-4-85-97-17-67-18-46-57-95-54-50-15-51-5-53-62-70-90-36-42-44-11-6-63-41-19-61
Ta100x20,6,5,500,0.9625,0.075,5,2230605246,17000,6689,6437,6144,8.16613188,v2_avx512bw_vec32_exact_perm,56-86-82-39-20-72-83-25-8-99-88-26-100-12-71-32-92-1-81-65-52-7-98-9-34-37-33-76-10-69-89-80-57-68-96-45-64-55-50-14-58-78-70-38-91-60-28-2-49-97-23-35-87-27-77-18-3-31-5-21-66-16-94-40-24-29-13-74-17-48-4-67-15-54-22-43-84-95-47-36-75-85-6-44-63-30-93-51-46-59-42-62-73-79-53-90-11-41-19-61
Ta100x20,6,5,500,0.9625,0.075,6,2230606255,17000,6706,6437,6144,6.62819223,v2_avx512bw_vec32_exact_perm,56-39-86-89-2-8-88-75-82-83-9-98-20-100-37-78-28-23-99-26-92-55-45-33-12-14-7-57-65-74-35-60-34-69-1-40-76-38-72-25-84-91-50-48-21-68-80-52-94-58-32-97-77-71-53-49-96-27-81-13-64-30-66-15-70-24-87-3-5-18-11-31-29-10-43-51-95-17-85-4-22-36-79-90-54-42-16-73-41-62-46-44-63-6-59-67-47-93-19-61
Ta100x20,6,5,500,0.9625,0.075,7,2230607264,17000,6679,6437,6144,6.521571251,v2_avx512bw_vec32_exact_perm,56-86-88-83-8-26-9-89-7-39-82-43-92-99-3-72-12-20-29-1-66-94-71-33-100-34-38-16-25-52-2-60-23-80-58-78-69-70-76-32-28-10-65-97-40-98-55-84-77-13-57-74-14-30-17-49-81-75-96-48-68-45-35-21-85-15-27-5-37-53-64-79-91-4-67-24-87-90-63-73-31-36-54-11-93-22-44-46-95-62-47-51-42-59-18-6-50-41-19-61
Ta100x20,6,5,500,0.9625,0.075,8,2230608273,17000,6684,6437,6144,6.541781338,v2_avx512bw_vec32_exact_perm,56-86-88-83-43-39-82-69-89-2-7-8-37-32-12-9-33-78-34-30-28-99-65-1-100-20-92-55-72-14-29-17-80-21-40-81-98-57-10-97-91-45-76-75-66-16-26-5-71-25-94-23-38-68-31-50-52-85-60-58-70-53-84-27-18-24-93-3-35-22-87-54-77-13-74-44-49-36-48-96-15-62-59-46-79-42-73-95-4-11-63-67-64-90-6-51-41-47-19-61
Ta100x20,6,5,500,0.9625,0.075,9,2230609282,17000,6719,6437,6144,6.745358277,v2_avx512bw_vec32_exact_perm,56-39-86-1-83-72-32-20-26-82-12-88-37-97-100-98-9-33-8-69-99-28-16-92-55-2-14-40-23-81-10-89-71-57-65-68-7-74-52-38-25-94-64-35-91-48-80-76-66-27-70-75-31-84-3-43-24-78-58-87-96-44-60-49-17-29-46-45-77-30-53-5-21-42-85-11-93-4-34-36-6-15-18-13-62-51-22-73-50-90-59-47-79-54-67-63-95-41-19-61
Ta100x20,6,5,500,0.9625,0.075,10,2230610291,17000,6703,6437,6144,7.190572432,v2_avx512bw_vec32_exact_perm,56-86-72-82-83-39-30-8-88-43-98-89-37-65-20-1-12-69-25-7-4-100-99-40-80-57-2-10-32-76-33-28-92-68-71-52-55-78-23-63-38-97-66-77-81-16-26-87-14-75-60-94-58-70-48-9-79-34-53-64-45-31-35-3-49-27-67-51-42-18-93-17-84-50-29-96-91-85-36-5-21-59-15-46-44-24-22-73-13-62-54-90-11-74-47-95-41-6-19-61
Ta100x20,6,5,500,0.9625,0.1,1,2230601210,17000,6732,6437,6144,6.716602302,v2_avx512bw_vec32_exact_perm,56-86-82-83-37-78-88-33-26-9-100-99-1-69-80-2-65-39-98-20-43-8-89-10-30-34-23-75-81-92-32-27-55-40-60-66-76-14-12-58-48-25-68-52-16-28-71-94-7-85-31-29-45-3-24-63-38-4-72-77-57-53-64-22-6-49-11-51-74-97-44-13-91-87-62-70-35-5-21-42-17-46-50-93-59-73-18-36-96-15-47-84-67-79-90-54-95-41-19-61
Ta100x20,6,5,500,0.9625,0.1,2,2230602219,17000,6718,6437,6144,6.563541666,v2_avx512bw_vec32_exact_perm,56-86-88-39-30-82-83-8-1-32-28-3-74-12-37-33-98-29-26-10-23-20-100-27-99-81-65-52-55-92-14-16-25-80-84-76-34-69-7-89-18-72-35-38-9-48-21-45-66-71-60-53-13-70-43-40-75-15-49-94-36-31-57-5-2-87-96-17-91-58-64-59-97-85-62-50-77-46-68-6-78-41-90-67-95-51-73-63-4-54-47-79-42-22-93-44-11-24-19-61
Ta100x20,6,5,500,0.9625,0.1,3,2230603228,17000,6726,6437,6144,6.88920928,v2_avx512bw_vec32_exact_perm,56-83-86-82-39-88-69-8-32-10-26-98-2-9-1-20-80-7-99-100-37-89-76-28-94-68-12-72-96-29-33-60-66-52-58-14-38-81-34-55-30-40-78-65-35-23-27-70-92-97-4-75-71-57-3-16-13-49-48-84-43-91-53-87-46-74-64-15-25-22-45-50-77-17-79-24-67-73-36-47-85-5-63-18-31-90-21-93-59-42-6-41-19-11-62-51-54-44-95-61
Ta100x20,6,5,500,0.9625,0.1,4,2230604237,17000,6690,6437,6144,6.571044878,v2_avx512bw_vec32_exact_perm,56-86-83-88-99-82-39-8-20-12-43-2-89-26-92-66-9-37-21-33-98-55-25-100-1-81-69-32-72-52-64-14-94-58-65-27-76-10-80-3-45-28-49-53-78-63-71-75-97-18-7-48-60-51-87-34-4-13-35-38-40-79-77-22-16-30-50-17-24-84-74-23-5-96-11-46-44-29-61-70-73-93-68-57-91-85-15-36-47-31-59-90-62-42-6-67-95-41-19-54
Ta100x20,6,5,500,0.9625,0.1,5,2230605246,17000,6726,6437,6144,6.827220926,v2_avx512bw_vec32_exact_perm,56-86-88-83-39-98-20-8-82-37-26-92-40-32-7-9-94-76-57-89-80-71-34-99-16-65-52-28-12-68-66-2-1-43-31-63-69-55-81-97-23-91-45-74-100-15-60-13-75-58-72-77-78-67-14-33-25-35-93-84-27-64-36-17-85-4-22-96-29-49-87-10-79-18-53-21-48-70-3-24-59-5-50-38-44-54-11-46-47-42-30-90-62-6-51-73-19-95-41-61
Ta100x20,6,5,500,0.9625,0.1,6,2230606255,17000,6710,6437,6144,6.548782529,v2_avx512bw_vec32_exact_perm,56-86-88-83-82-39-8-9-26-99-43-37-98-1-38-89-100-69-71-4-2-7-20-33-52-40-23-32-78-65-68-12-94-60-25-14-34-79-76-55-28-66-31-29-92-27-81-10-16-48-45-58-3-49-75-91-24-77-22-53-64-13-80-17-97-36-74-85-96-50-72-30-15-87-35-5-47-93-46-59-21-70-18-62-67-84-90-6-63-73-11-44-51-54-95-41-57-42-19-61
Ta100x20,6,5,500,0.9625,0.1,7,2230607264,17000,6664,6437,6144,6.497680894,v2_avx512bw_vec32_exact_perm,56-83-86-30-82-39-20-2-37-26-1-7-88-78-43-100-98-92-32-89-52-25-8-70-65-99-9-80-72-58-33-94-81-10-71-14-60-28-55-29-38-66-68-64-77-46-48-69-27-45-12-35-24-76-53-74-97-3-75-16-23-91-21-79-15-90-57-67-87-22-31-84-49-85-34-36-17-59-4-6-93-13-63-5-96-18-51-73-42-62-44-54-11-40-95-41-50-47-19-61
Ta100x20,6,5,500,0.9625,0.1,8,2230608273,17000,6712,6437,6144,6.509538412,v2_avx512bw_vec32_exact_perm,56-82-83-86-39-30-72-98-20-80-12-2-8-100-69-37-32-26-57-7-66-14-38-33-10-40-81-34-31-94-52-4-99-71-65-23-28-92-64-75-70-25-76-45-35-16-29-88-9-84-58-21-78-1-48-24-74-27-49-97-53-87-15-13-89-43-79-50-55-95-18-3-77-36-96-60-68-85-51-17-63-5-11-22-90-42-73-62-59-6-91-93-46-47-67-54-44-41-19-61
Ta100x20,6,5,500,0.9625,0.1,9,2230609282,17000,6686,6437,6144,6.835156201,v2_avx512bw_vec32_exact_perm,56-86-8-39-82-72-26-83-43-55-52-97-98-12-88-65-37-7-99-76-74-25-81-34-80-9-20-10-32-1-33-69-78-94-2-66-58-14-27-3-38-49-40-100-23-71-16-92-31-87-60-91-96-89-35-79-28-30-77-44-48-75-45-73-24-50-29-11-57-68-64-6-13-63-15-21-22-36-70-51-90-42-85-17-84-18-59-47-5-53-95-93-41-19-54-46-4-62-67-61
Ta100x20,6,5,500,0.9625,0.1,10,2230610291,17000,6718,6437,6144,6.536886363,v2_avx512bw_vec32_exact_perm,56-83-86-20-37-88-100-39-8-38-69-9-55-25-89-2-98-74-64-1-82-14-26-32-99-28-68-66-52-43-81-16-60-72-7-97-34-76-45-71-33-84-12-92-58-40-4-85-65-23-91-63-94-50-77-80-13-30-27-10-31-57-48-75-17-87-35-22-53-51-6-79-96-46-15-70-44-36-78-67-29-21-18-11-49-5-54-73-93-59-47-90-42-24-3-62-41-95-19-61
Ta100x20,6,5,500,0.9625,0.125,1,2230601210,17000,6717,6437,6144,6.74222207,v2_avx512bw_vec32_exact_perm,56-83-86-82-98-88-26-39-8-89-100-43-1-99-78-37-32-9-20-80-7-92-25-52-33-30-23-55-14-28-94-16-12-40-10-69-68-60-65-27-66-64-81-63-38-97-72-57-31-70-45-75-58-71-4-76-2-15-50-3-91-84-35-96-77-13-34-6-24-17-49-87-22-53-18-74-48-5-62-46-42-73-21-36-95-47-85-59-79-11-51-90-93-44-54-29-67-41-19-61
Ta100x20,6,5,500,0.9625,0.125,2,2230602219,17000,6696,6437,6144,6.510214566,v2_avx512bw_vec32_exact_perm,56-83-86-39-72-88-8-82-37-98-20-12-26-38-69-68-89-43-66-9-32-28-25-80-99-91-65-2-52-81-92-27-33-16-48-7-94-63-45-100-3-55-78-23-64-14-10-75-34-76-1-71-84-35-60-74-57-58-4-31-30-87-17-59-40-49-77-21-29-97-79-53-18-70-50-36-15-13-85-11-73-5-24-62-67-47-54-22-46-90-6-96-93-51-95-42-44-41-19-61
Ta100x20,6,5,500,0.9625,0.125,3,2230603228,17000,6713,6437,6144,6.53695554,v2_avx512bw_vec32_exact_perm,56-39-86-82-83-98-88-65-12-9-1-37-100-28-2-94-8-99-72-7-10-33-52-81-55-92-43-45-80-91-75-34-20-66-16-30-14-89-26-57-32-76-23-49-74-78-58-5-69-60-40-97-31-63-25-17-70-38-64-3-22-87-77-13-44-27-93-4-53-59-35-47-36-85-96-50-6-24-48-15-71-21-51-90-73-11-18-67-62-79-42-68-29-54-46-84-19-41-95-61
Ta100x20,6,5,500,0.9625,0.125,4,2230604237,17000,6720,6437,6144,6.700811243,v2_avx512bw_vec32_exact_perm,56-39-86-20-8-89-83-25-98-12-32-88-9-82-69-78-1-2-33-65-43-72-7-91-100-37-10-26-94-3-74-38-36-76-55-28-52-30-17-99-23-60-66-29-22-81-14-58-92-71-4-48-45-16-27-84-64-13-80-77-21-75-24-15-51-97-67-31-57-49-68-5-34-11-40-35-70-50-18-79-96-90-42-41-85-19-53-59-62-87-6-93-63-73-46-44-95-54-47-61
Ta100x20,6,5,500,0.9625,0.125,5,2230605246,17000,6716,6437,6144,6.628450381,v2_avx512bw_vec32_exact_perm,56-83-86-82-26-76-7-99-32-39-9-37-2-20-88-65-8-78-50-69-81-72-98-68-40-60-27-92-94-25-66-100-34-23-52-71-12-16-33-28-58-89-1-21-63-55-77-75-30-10-45-53-38-97-3-29-64-48-14-17-49-74-87-84-43-57-79-24-31-15-36-18-67-35-91-51-5-70-62-73-93-4-13-80-96-46-22-54-44-42-85-6-47-41-95-59-90-11-19-61
Ta100x20,6,5,500,0.9625,0.125,6,2230606255,17000,6709,6437,6144,6.44618849,v2_avx512bw_vec32_exact_perm,56-39-86-20-89-82-88-83-28-1-30-7-99-12-33-2-98-26-8-64-25-69-34-60-81-52-100-37-9-94-65-14-72-80-55-76-38-57-23-97-16-40-47-92-35-79-96-27-74-75-63-66-4-32-70-10-91-53-48-17-18-58-59-73-5-50-22-49-45-71-77-13-29-87-85-21-68-84-24-78-3-67-93-46-31-43-42-15-51-44-11-36-90-54-95-62-6-19-41-61
Ta100x20,6,5,500,0.9625,0.125,7,2230607264,17000,6693,6437,6144,6.697212837,v2_avx512bw_vec32_exact_perm,56-86-88-39-43-83-82-8-99-37-2-100-92-28-9-30-12-26-98-1-32-20-69-74-33-5-40-14-31-55-34-71-52-78-65-42-4-7-23-13-91-85-58-94-87-80-57-38-95-89-49-27-77-60-54-25-48-76-16-66-45-97-22-50-18-24-35-72-84-15-81-70-68-46-21-75-3-63-73-10-17-59-53-29-79-11-44-96-64-90-67-41-36-93-62-47-51-6-19-61
Ta100x20,6,5,500,0.9625,0.125,8,2230608273,17000,6714,6437,6144,6.535032905,v2_avx512bw_vec32_exact_perm,56-86-88-8-20-83-82-32-26-99-39-30-80-7-72-75-81-38-25-71-98-23-65-9-12-69-16-89-33-2-34-74-78-27-52-100-29-76-3-40-84-10-1-66-60-37-57-58-64-92-94-21-55-31-35-63-70-85-59-28-14-45-79-97-17-53-49-18-6-77-51-43-44-4-54-68-96-13-5-36-46-42-22-93-91-15-87-50-62-48-90-67-73-47-24-11-95-41-19-61
Ta100x20,6,5,500,0.9625,0.125,9,2230609282,17000,6734,6437,6144,6.697193292,v2_avx512bw_vec32_exact_perm,56-82-39-86-30-72-8-89-88-43-10-2-83-9-76-66-69-20-37-100-1-25-98-21-97-32-60-92-26-12-81-28-94-55-79-33-34-71-65-68-7-23-75-48-77-38-13-70-24-64-40-45-18-29-52-27-3-16-67-84-5-80-99-4-62-36-31-14-63-53-87-74-58-17-42-35-96-93-51-49-22-78-11-90-57-91-46-15-73-54-6-59-47-44-50-85-95-41-19-61
Ta100x20,6,5,500,0.9625,0.125,10,2230610291,17000,6716,6437,6144,6.496970153,v2_avx512bw_vec32_exact_perm,56-86-88-39-82-20-72-83-8-7-2-9-32-33-12-98-37-1-69-53-74-65-99-38-26-89-16-45-91-76-14-68-40-100-81-63-28-55-52-23-58-64-35-80-92-22-66-27-25-71-77-97-6-4-10-94-84-29-34-43-78-49-48-73-60-57-5-3-18-96-17-21-24-36-85-87-75-70-13-30-44-59-79-46-90-11-54-15-67-42-31-93-47-51-50-41-62-95-19-61
Ta100x20,6,5,500,1,0.025,1,2230601210,17000,6705,6437,6144,7.295821249,v2_avx512bw_vec32_exact_perm,56-86-39-88-20-82-37-100-43-83-30-99-89-8-1-34-52-72-38-16-33-2-92-55-80-25-75-98-69-14-10-76-60-23-26-32-12-66-94-81-45-58-29-65-9-71-21-15-27-97-48-40-68-50-31-70-35-3-57-53-49-28-87-13-18-64-7-17-46-36-91-77-84-67-4-24-74-5-78-93-22-51-85-62-42-96-73-6-90-79-59-11-54-47-44-95-63-41-19-61
Ta100x20,6,5,500,1,0.025,2,2230602219,17000,6709,6437,6144,7.334877095,v2_avx512bw_vec32_exact_perm,56-86-88-39-8-83-12-82-98-2-37-32-76-7-99-20-28-80-1-69-30-100-26-81-34-52-89-65-66-9-27-14-78-55-71-72-16-33-38-10-57-25-31-64-70-29-60-23-97-92-63-85-58-40-43-94-48-77-24-68-21-84-15-3-35-53-50-45-96-75-91-67-36-73-93-18-79-17-49-87-54-5-74-41-13-22-46-59-90-62-4-11-42-51-95-44-47-6-19-61
Ta100x20,6,5,500,1,0.025,3,2230603228,17000,6702,6437,6144,7.28476478,v2_avx512bw_vec32_exact_perm,56-86-88-39-20-72-43-82-83-69-89-1-8-9-99-98-52-33-12-16-92-26-65-37-7-78-27-2-76-23-25-60-94-80-34-66-32-71-100-74-55-28-81-96-77-75-10-84-70-58-57-68-85-14-63-97-3-45-31-38-67-49-64-95-17-87-44-13-6-4-40-91-22-42-48-50-18-35-21-47-5-59-46-93-30-51-53-24-79-29-62-73-36-15-11-41-90-54-19-61
Ta100x20,6,5,500,1,0.025,4,2230604237,17000,6698,6437,6144,7.243698875,v2_avx512bw_vec32_exact_perm,56-86-83-88-39-8-32-26-54-98-82-92-12-37-69-78-55-89-43-7-65-25-68-99-1-100-34-72-66-80-9-30-28-76-74-2-52-10-35-94-81-49-87-27-31-58-23-91-14-60-18-33-21-15-75-53-3-71-64-40-13-96-16-77-85-45-24-29-17-97-50-36-73-38-46-20-79-51-84-70-4-48-59-57-42-67-90-6-93-62-5-47-95-22-63-11-44-41-19-61
Ta100x20,6,5,500,1,0.025,5,2230605246,17000,6711,6437,6144,7.691781871,v2_avx512bw_vec32_exact_perm,56-86-88-82-83-20-52-26-39-72-8-10-1-37-33-28-12-69-32-16-100-2-98-99-65-81-80-25-96-68-89-92-40-71-4-55-43-95-23-9-76-66-78-59-7-87-35-74-14-45-75-97-58-34-60-64-15-84-38-31-77-48-57-70-5-36-94-22-18-85-24-13-27-62-46-50-49-6-42-30-29-90-91-53-3-79-47-21-17-44-63-11-67-93-54-51-41-73-19-61
Ta100x20,6,5,500,1,0.025,6,2230606255,17000,6664,6437,6144,6.741976011,v2_avx512bw_vec32_exact_perm,56-86-88-39-82-2-8-99-83-43-69-1-9-100-80-98-89-37-20-71-40-94-68-26-12-32-52-66-31-92-72-78-33-28-16-14-65-7-23-81-10-38-25-70-97-55-27-74-58-29-48-4-63-87-76-18-60-30-75-45-17-49-24-84-3-34-13-64-35-57-77-50-21-22-53-46-44-15-85-79-96-91-36-47-5-11-67-73-62-6-59-42-90-54-51-95-93-41-19-61
Ta100x20,6,5,500,1,0.025,7,2230607264,17000,6718,6437,6144,6.544010801,v2_avx512bw_vec32_exact_perm,56-86-88-83-8-32-37-39-100-9-98-82-99-1-43-25-89-68-2-92-26-72-33-10-65-12-66-76-52-45-75-7-97-69-34-4-16-40-50-48-81-20-22-27-55-94-49-71-28-77-53-60-73-23-14-78-57-74-58-3-38-91-84-17-13-36-70-35-51-96-31-64-19-80-87-59-15-5-18-42-90-24-79-63-11-41-85-62-21-30-44-29-6-47-46-54-67-93-95-61
Ta100x20,6,5,500,1,0.025,8,2230608273,17000,6701,6437,6144,6.470108095,v2_avx512bw_vec32_exact_perm,56-86-88-39-8-83-89-43-82-26-37-7-99-2-76-9-100-92-25-33-78-72-65-71-10-31-29-28-1-12-32-69-55-16-30-97-77-98-18-94-34-80-27-52-38-23-60-81-68-57-64-15-4-22-24-17-14-84-3-49-58-48-45-20-35-21-75-85-53-87-13-62-67-5-74-6-66-59-70-50-90-40-46-91-79-93-42-47-11-51-36-54-44-96-73-63-95-41-19-61
Ta100x20,6,5,500,1,0.025,9,2230609282,17000,6702,6437,6144,6.403451224,v2_avx512bw_vec32_exact_perm,56-86-88-39-20-26-72-8-83-2-37-16-28-82-99-1-43-81-92-89-69-12-9-14-55-45-33-78-98-97-68-32-71-10-52-65-94-87-66-7-80-57-100-76-38-25-18-60-70-75-13-48-34-4-40-77-27-62-96-53-49-64-95-58-23-3-35-21-24-74-36-31-59-15-44-17-91-5-84-50-47-93-22-30-67-85-90-42-46-6-29-54-79-51-11-73-63-41-19-61
Ta100x20,6,5,500,1,0.025,10,2230610291,17000,6687,6437,6144,6.560581798,v2_avx512bw_vec32_exact_perm,56-86-88-37-83-30-43-39-82-12-99-2-98-8-69-89-7-32-75-26-80-33-78-34-52-81-16-20-28-1-10-58-72-100-29-55-45-66-25-38-76-94-65-60-23-27-84-71-74-68-48-9-17-92-3-49-70-97-87-6-77-57-31-63-35-22-5-40-14-13-21-79-4-18-67-53-85-36-64-51-93-24-50-42-59-90-15-73-62-96-91-44-47-46-95-11-54-41-19-61
Ta100x20,6,5,500,1,0.05,1,2230601210,17000,6716,6437,6144,6.634070512,v2_avx512bw_vec32_exact_perm,56-86-88-39-8-30-99-83-98-82-20-78-43-32-72-1-37-7-12-38-25-33-89-64-92-94-21-16-80-69-57-65-29-14-52-81-60-100-2-9-76-34-55-66-28-26-97-4-63-75-23-49-53-70-84-13-40-15-3-91-58-5-45-17-22-10-71-18-48-27-6-46-68-47-35-36-74-87-77-96-62-51-85-50-73-93-79-59-54-44-42-31-24-90-67-41-95-11-19-61
Ta100x20,6,5,500,1,0.05,2,2230602219,17000,6715,6437,6144,6.697346587,v2_avx512bw_vec32_exact_perm,56-82-86-39-83-30-88-20-2-37-38-28-33-1-72-26-8-10-3-32-25-69-100-12-65-29-58-89-66-52-98-21-34-16-99-92-7-76-94-27-71-80-81-79-96-40-9-14-68-55-78-43-18-64-49-95-60-23-35-53-22-17-97-84-24-45-77-15-57-74-75-73-91-48-31-67-4-5-87-36-93-13-70-62-90-50-46-11-42-6-51-63-59-41-85-44-47-54-19-61
Ta100x20,6,5,500,1,0.05,3,2230603228,17000,6667,6437,6144,6.907433429,v2_avx512bw_vec32_exact_perm,56-39-8-1-99-82-86-72-20-78-83-88-92-28-33-37-2-9-12-32-98-26-69-89-80-94-55-10-7-25-68-71-100-40-34-57-65-38-76-29-23-58-66-27-22-49-81-97-35-52-48-64-14-43-96-4-79-36-85-77-60-67-50-75-13-91-16-87-24-70-3-46-53-6-31-17-45-15-59-18-93-84-30-74-5-63-51-21-90-62-73-54-47-95-42-11-44-41-19-61
Ta100x20,6,5,500,1,0.05,4,2230604237,17000,6682,6437,6144,6.543331884,v2_avx512bw_vec32_exact_perm,56-86-83-72-20-88-65-8-39-2-82-12-7-89-37-26-66-32-16-29-52-78-55-98-100-38-92-3-14-97-9-69-99-81-60-28-30-76-43-1-33-34-80-13-94-58-71-40-5-70-10-91-31-21-25-23-75-87-57-15-48-27-68-35-50-62-24-96-22-64-49-77-74-36-90-45-46-53-6-73-79-85-17-93-18-51-63-67-11-44-54-4-47-84-42-59-95-41-19-61
Ta100x20,6,5,500,1,0.05,5,2230605246,17000,6709,6437,6144,6.785411033,v2_avx512bw_vec32_exact_perm,56-86-83-88-82-39-8-9-20-37-32-100-12-98-72-80-81-1-10-34-2-65-94-27-33-74-78-16-58-43-89-70-97-52-14-75-69-55-66-23-71-18-99-92-60-25-40-4-76-51-38-31-15-7-84-73-48-28-79-45-26-96-17-13-29-53-77-36-64-68-57-35-49-21-62-67-5-91-42-87-22-90-50-24-11-6-3-85-44-59-63-54-46-41-95-30-47-93-19-61
Ta100x20,6,5,500,1,0.05,6,2230606255,17000,6701,6437,6144,6.967295444,v2_avx512bw_vec32_exact_perm,56-86-88-39-8-30-76-72-83-1-43-82-9-68-14-26-99-37-100-25-81-65-69-71-98-32-89-2-12-29-7-16-55-28-94-80-20-52-24-34-78-23-92-33-45-27-75-60-66-22-48-58-40-49-31-67-10-87-15-4-57-96-50-17-70-64-5-3-53-74-97-18-38-84-35-79-13-77-36-59-46-93-73-85-47-41-91-44-42-54-90-95-21-62-11-51-63-6-19-61
Ta100x20,6,5,500,1,0.05,7,2230607264,17000,6724,6437,6144,6.718266523,v2_avx512bw_vec32_exact_perm,56-83-86-37-20-82-88-39-8-26-32-7-98-72-89-81-28-2-12-99-55-33-14-65-64-38-100-34-16-1-58-4-40-80-10-57-94-66-63-52-68-27-25-77-92-69-48-35-70-78-13-76-97-87-22-21-3-29-9-67-15-31-60-23-17-30-49-45-50-71-84-75-85-96-18-73-91-53-5-54-46-59-90-44-36-6-43-47-24-74-79-93-62-11-42-51-41-95-19-61
Ta100x20,6,5,500,1,0.05,8,2230608273,17000,6724,6437,6144,6.964158881,v2_avx512bw_vec32_exact_perm,56-86-88-39-9-2-20-92-37-26-82-99-14-100-32-81-30-83-98-78-7-76-69-12-28-34-31-57-72-8-58-89-33-65-55-21-66-25-38-48-75-50-1-68-74-52-16-45-80-18-77-24-60-64-71-23-27-10-73-94-96-53-40-3-87-91-67-97-51-5-36-13-43-15-59-35-62-49-44-17-4-84-54-22-90-95-70-85-46-93-63-47-41-79-11-42-29-6-19-61
Ta100x20,6,5,500,1,0.05,9,2230609282,17000,6683,6437,6144,7.011081557,v2_avx512bw_vec32_exact_perm,56-86-88-39-72-83-8-99-82-9-7-20-37-1-2-100-26-33-34-89-12-28-75-23-65-78-32-15-25-52-16-94-92-80-63-14-3-97-55-69-48-71-29-10-60-74-68-81-49-43-53-38-21-35-70-17-57-77-84-31-66-91-98-87-58-64-36-96-76-22-13-5-50-40-6-27-79-85-93-41-30-24-67-46-51-59-4-18-42-73-62-44-45-90-47-54-95-11-19-61
Ta100x20,6,5,500,1,0.05,10,2230610291,17000,6708,6437,6144,6.681944689,v2_avx512bw_vec32_exact_perm,56-86-88-83-65-98-2-82-32-20-37-26-39-12-38-33-1-78-69-28-99-71-89-7-23-97-9-55-80-10-8-34-70-81-72-91-92-21-57-60-68-48-29-53-58-45-66-100-94-27-40-14-74-31-52-16-77-3-30-25-75-87-76-49-17-15-5-84-4-79-35-43-93-50-46-18-13-96-67-64-24-85-22-36-90-44-42-47-59-11-62-6-95-54-51-73-63-41-19-61
Ta100x20,6,5,500,1,0.075,1,2230601210,17000,6701,6437,6144,7.084617331,v2_avx512bw_vec32_exact_perm,56-83-86-82-72-39-12-99-88-8-26-20-9-2-23-98-89-37-28-1-10-69-92-55-52-81-68-34-71-94-16-80-32-48-100-14-45-57-33-65-3-74-27-7-76-25-18-22-66-60-53-75-91-38-17-24-13-84-31-78-49-96-67-87-77-70-4-30-64-58-35-50-21-29-63-5-97-93-36-51-6-73-40-43-85-15-54-90-59-62-79-11-42-47-95-44-46-41-19-61
Ta100x20,6,5,500,1,0.075,2,2230602219,17000,6703,6437,6144,7.052434346,v2_avx512bw_vec32_exact_perm,56-39-8-83-86-82-88-12-20-37-68-2-72-1-32-10-99-29-14-26-81-100-71-28-89-69-65-80-98-97-16-76-25-31-55-34-7-35-60-52-23-9-66-58-38-94-45-27-40-91-64-67-74-78-4-77-33-21-3-70-53-73-75-57-92-13-17-24-85-30-5-62-84-96-79-50-15-6-87-18-11-44-51-42-47-93-48-49-43-36-22-95-63-46-90-59-54-41-19-61
Ta100x20,6,5,500,1,0.075,3,2230603228,17000,6666,6437,6144,6.957237766,v2_avx512bw_vec32_exact_perm,56-86-88-89-8-83-82-9-39-92-69-7-37-32-72-55-99-98-100-71-12-1-45-33-20-65-16-34-76-26-10-52-3-75-78-58-48-68-2-97-5-14-28-80-40-38-21-30-18-66-94-23-57-4-74-13-87-29-64-27-43-81-22-70-25-49-77-36-35-31-79-53-84-91-44-85-47-17-62-67-15-60-96-24-95-46-11-93-6-90-42-59-50-54-51-41-73-63-19-61
Ta100x20,6,5,500,1,0.075,4,2230604237,17000,6723,6437,6144,6.864699429,v2_avx512bw_vec32_exact_perm,56-86-88-39-37-20-8-2-9-83-82-71-72-7-1-33-98-26-16-12-14-55-94-58-74-34-89-80-10-99-69-66-100-81-76-52-97-32-40-23-28-92-60-68-77-65-25-29-64-24-38-48-27-57-31-45-91-3-50-21-84-5-15-78-6-18-13-35-59-87-30-75-43-79-36-53-51-4-11-49-70-90-17-96-85-47-22-62-67-44-42-63-54-46-93-95-73-41-19-61
Ta100x20,6,5,500,1,0.075,5,2230605246,17000,6715,6437,6144,7.087073701,v2_avx512bw_vec32_exact_perm,56-86-88-83-30-39-43-82-2-26-8-37-99-7-89-10-47-78-14-55-76-25-69-16-100-28-12-58-32-20-52-75-33-66-94-81-72-1-65-98-9-71-40-53-50-80-5-38-57-87-92-48-17-34-84-27-45-29-13-74-15-35-97-77-3-4-91-68-67-22-96-21-79-63-73-36-70-60-49-44-62-11-23-64-24-59-18-90-31-46-93-95-54-51-85-42-6-19-41-61
Ta100x20,6,5,500,1,0.075,6,2230606255,17000,6708,6437,6144,6.599989336,v2_avx512bw_vec32_exact_perm,56-86-88-8-82-83-76-26-69-99-39-20-32-25-12-100-1-9-45-37-98-72-68-13-28-55-92-97-7-71-31-89-38-2-52-80-43-16-34-79-48-78-21-66-81-77-29-64-14-57-74-65-94-33-40-84-35-96-60-53-10-17-85-67-49-59-70-50-27-58-36-23-4-93-24-18-3-22-6-91-15-75-44-11-63-42-30-5-62-87-46-47-73-90-51-95-41-54-19-61
Ta100x20,6,5,500,1,0.075,7,2230607264,17000,6725,6437,6144,6.740322765,v2_avx512bw_vec32_exact_perm,56-86-37-83-88-39-8-82-9-2-98-20-80-32-26-12-72-1-14-52-43-65-69-33-99-16-81-76-94-28-71-7-75-21-74-89-66-38-100-10-13-40-78-63-55-59-58-45-84-4-91-57-34-87-23-97-35-60-48-92-70-64-50-31-68-25-49-11-53-77-96-15-3-24-18-44-29-51-79-5-27-93-22-36-90-42-6-17-62-85-54-67-47-46-19-30-95-41-73-61
Ta100x20,6,5,500,1,0.075,8,2230608273,17000,6697,6437,6144,6.943369544,v2_avx512bw_vec32_exact_perm,56-86-99-30-83-82-88-39-98-20-72-8-2-37-12-32-33-7-26-92-43-89-78-25-52-66-55-14-21-16-100-81-34-9-94-48-68-71-80-65-60-28-70-69-1-38-17-57-23-96-58-10-45-97-15-50-75-49-51-40-27-76-35-3-87-5-31-24-29-77-79-67-46-18-85-36-59-74-93-53-4-64-84-62-91-63-6-22-13-90-11-47-54-73-95-44-41-42-19-61
Ta100x20,6,5,500,1,0.075,9,2230609282,17000,6713,6437,6144,6.736085826,v2_avx512bw_vec32_exact_perm,56-86-88-39-37-83-8-72-82-10-26-99-9-2-98-65-71-7-20-12-92-89-33-1-43-23-81-25-38-55-45-14-69-76-64-58-52-97-94-78-63-29-80-32-68-100-40-28-70-31-57-17-60-35-34-75-48-18-84-21-27-49-3-30-13-67-87-44-96-22-5-73-24-53-15-79-4-91-62-46-66-59-77-51-6-90-54-47-74-16-42-95-85-50-93-11-36-19-41-61
Ta100x20,6,5,500,1,0.075,10,2230610291,17000,6728,6437,6144,6.682584764,v2_avx512bw_vec32_exact_perm,56-86-88-100-39-8-26-69-37-9-83-78-32-25-72-82-20-34-74-80-27-65-28-55-12-33-70-99-29-89-38-98-81-64-14-30-48-58-68-31-75-1-2-52-94-66-92-71-3-7-57-97-16-45-40-23-18-35-17-76-77-49-84-21-91-60-96-24-15-4-63-53-46-44-79-59-10-22-47-87-73-50-62-51-5-11-6-13-85-36-93-43-42-95-90-54-67-41-19-61
Ta100x20,6,5,500,1,0.1,1,2230601210,17000,6746,6437,6144,6.814271635,v2_avx512bw_vec32_exact_perm,56-86-88-83-8-32-37-39-7-82-20-16-26-38-92-21-65-1-2-94-23-72-14-99-66-89-33-71-60-34-98-57-78-30-100-52-80-27-10-3-76-40-81-97-64-58-29-91-28-12-9-45-55-70-49-68-17-63-25-31-43-84-4-67-59-85-75-53-48-35-22-79-44-46-73-69-77-36-13-96-24-47-18-95-87-74-62-15-54-6-50-5-90-41-42-93-51-11-19-61
Ta100x20,6,5,500,1,0.1,2,2230602219,17000,6701,6437,6144,6.77696073,v2_avx512bw_vec32_exact_perm,56-86-83-37-30-82-88-55-39-8-98-26-72-10-32-52-100-71-12-9-29-20-2-58-68-23-1-89-25-99-33-69-28-64-3-92-60-16-80-34-81-65-27-38-66-48-94-79-84-14-70-78-31-75-91-45-40-7-77-57-17-97-50-53-76-11-15-73-18-51-22-36-49-63-24-13-74-4-87-35-67-5-95-85-47-6-59-43-96-62-46-42-54-44-21-93-90-41-19-61
Ta100x20,6,5,500,1,0.1,3,2230603228,17000,6723,6437,6144,6.466802409,v2_avx512bw_vec32_exact_perm,56-86-83-88-39-32-30-26-82-100-43-1-2-12-98-69-37-89-66-99-72-52-80-34-16-55-28-65-97-10-76-81-68-3-38-23-25-7-8-31-92-20-33-14-60-57-74-75-71-9-45-27-5-94-87-40-84-91-15-53-13-85-36-70-29-78-58-64-59-35-21-18-77-24-49-50-17-22-47-96-4-6-11-79-63-46-93-62-73-42-44-67-48-90-95-41-54-51-19-61
Ta100x20,6,5,500,1,0.1,4,2230604237,17000,6748,6437,6144,6.491829736,v2_avx512bw_vec32_exact_perm,56-86-82-88-30-83-9-89-8-43-39-76-26-98-37-99-27-78-100-92-2-69-1-14-81-20-7-33-28-94-55-80-12-45-32-65-29-60-16-25-38-31-10-66-75-23-97-40-71-52-84-4-58-70-3-87-35-34-74-13-24-63-64-91-68-21-48-96-6-17-49-15-18-77-73-53-61-50-72-36-93-22-47-5-59-62-44-46-85-67-90-41-42-57-19-51-79-54-95-11
Ta100x20,6,5,500,1,0.1,5,2230605246,17000,6716,6437,6144,6.917301464,v2_avx512bw_vec32_exact_perm,56-86-39-82-98-83-88-20-69-8-1-32-16-89-2-37-28-7-75-65-26-52-81-80-71-34-99-33-12-9-25-72-97-68-31-60-92-57-58-55-100-15-66-94-36-45-64-38-30-10-29-76-17-14-84-23-40-5-3-93-13-27-70-79-48-78-90-67-35-77-74-53-49-24-96-91-73-95-85-21-18-47-59-87-22-46-50-43-6-4-11-62-51-54-42-44-63-41-19-61
Ta100x20,6,5,500,1,0.1,6,2230606255,17000,6731,6437,6144,6.826098791,v2_avx512bw_vec32_exact_perm,56-86-82-37-9-88-39-83-72-30-92-80-26-8-99-7-12-28-89-32-33-2-52-16-98-14-69-1-68-65-55-57-71-21-38-76-40-81-20-58-25-34-49-91-94-66-70-10-48-100-78-79-4-75-97-46-23-5-77-22-13-63-64-53-45-3-96-74-27-17-84-35-31-73-42-60-43-87-24-50-11-93-18-29-90-6-67-15-51-36-59-41-95-47-62-85-44-54-19-61
Ta100x20,6,5,500,1,0.1,7,2230607264,17000,6722,6437,6144,6.894926245,v2_avx512bw_vec32_exact_perm,56-86-83-88-37-39-98-82-43-26-1-99-40-2-9-81-30-12-100-45-65-32-92-72-94-66-52-8-4-27-34-80-28-47-91-75-71-55-89-7-76-70-78-33-69-18-48-25-5-97-31-23-15-60-57-38-68-77-21-10-16-14-84-46-62-96-22-49-35-74-42-58-50-13-64-11-36-24-17-87-85-63-53-3-29-44-67-59-6-93-41-20-90-95-54-79-51-73-19-61
Ta100x20,6,5,500,1,0.1,8,2230608273,17000,6750,6437,6144,6.484605346,v2_avx512bw_vec32_exact_perm,56-86-39-20-82-88-8-72-89-37-12-83-2-28-76-98-99-25-1-9-100-33-32-26-65-43-66-52-69-81-57-40-55-78-16-14-94-84-92-23-77-68-75-41-74-45-97-13-35-31-87-27-46-7-4-15-71-10-60-24-96-21-38-11-50-80-53-34-91-95-49-70-30-18-73-17-36-85-90-59-3-5-22-29-79-64-58-67-62-47-51-48-63-54-42-44-93-6-19-61
Ta100x20,6,5,500,1,0.1,9,2230609282,17000,6744,6437,6144,6.851950406,v2_avx512bw_vec32_exact_perm,56-86-83-82-39-88-98-8-26-38-25-7-32-100-99-20-37-9-89-1-2-12-68-27-34-80-81-97-92-33-28-23-65-78-55-40-52-14-91-16-69-76-66-17-70-75-53-46-48-60-94-10-29-6-30-3-77-87-58-18-74-15-57-4-13-72-71-79-84-31-93-51-49-35-67-64-85-36-44-43-59-21-54-22-24-90-62-41-5-45-95-11-50-73-63-42-47-96-19-61
Ta100x20,6,5,500,1,0.1,10,2230610291,17000,6738,6437,6144,6.694886429,v2_avx512bw_vec32_exact_perm,56-86-88-39-20-26-83-37-8-2-82-100-7-72-55-28-1-58-32-9-94-80-89-23-27-92-33-25-12-40-66-99-65-75-81-98-21-52-97-68-78-10-76-57-16-34-71-31-64-29-77-30-49-17-60-38-45-59-50-43-48-14-3-69-84-79-91-6-44-4-35-70-15-13-18-11-74-36-73-96-5-53-22-85-93-46-41-95-87-47-63-24-42-61-90-67-51-19-62-54
Ta100x20,6,5,500,1,0.125,1,2230601210,17000,6730,6437,6144,6.70609777,v2_avx512bw_vec32_exact_perm,56-86-2-83-98-88-8-39-20-89-7-82-99-58-72-33-65-26-12-57-1-32-97-78-22-28-74-69-60-43-37-35-23-92-91-10-55-27-76-81-13-100-66-9-75-68-94-52-38-80-71-45-25-48-50-16-53-34-17-40-77-14-31-3-30-15-24-11-79-4-18-36-64-49-47-29-87-84-96-85-70-63-6-51-5-54-93-46-42-59-21-73-44-41-62-90-67-95-19-61
Ta100x20,6,5,500,1,0.125,2,2230602219,17000,6724,6437,6144,6.613025319,v2_avx512bw_vec32_exact_perm,56-39-82-86-92-83-7-88-26-74-9-72-8-99-71-100-89-1-25-78-20-37-12-94-98-52-65-68-81-48-33-38-14-32-80-34-55-4-2-57-69-10-28-23-40-27-70-58-87-76-29-18-77-16-13-43-15-36-31-45-97-85-84-60-5-96-66-64-17-75-35-50-49-54-53-93-47-91-21-67-44-24-30-46-51-63-22-95-79-90-73-42-11-6-3-41-59-19-62-61
Ta100x20,6,5,500,1,0.125,3,2230603228,17000,6748,6437,6144,6.874742316,v2_avx512bw_vec32_exact_perm,56-86-39-83-8-88-37-72-12-98-82-65-1-100-52-20-89-99-25-80-43-55-7-30-75-45-66-14-33-81-70-69-26-78-48-76-28-27-9-34-10-23-58-94-40-49-71-77-29-60-97-31-15-32-6-74-16-21-3-79-68-24-67-17-4-64-53-13-2-57-59-91-92-42-35-11-84-5-36-93-85-62-87-46-18-73-50-96-38-51-95-22-41-44-54-90-63-47-19-61
Ta100x20,6,5,500,1,0.125,4,2230604237,17000,6736,6437,6144,6.657944409,v2_avx512bw_vec32_exact_perm,56-86-83-30-88-72-26-20-82-39-8-43-89-2-7-52-37-12-34-80-98-38-32-45-99-25-1-69-65-81-76-78-71-28-92-33-35-55-100-9-57-29-91-10-13-68-21-17-70-31-49-58-60-97-64-94-66-74-23-77-59-53-50-27-75-93-14-18-5-87-47-22-24-3-84-48-51-40-4-36-15-16-96-44-42-54-46-95-90-79-11-41-73-62-85-63-6-67-19-61
Ta100x20,6,5,500,1,0.125,5,2230605246,17000,6719,6437,6144,7.346587874,v2_avx512bw_vec32_exact_perm,56-86-88-39-72-8-32-83-20-82-81-100-33-37-12-16-78-98-26-1-43-66-7-40-99-9-30-52-65-69-2-77-89-25-94-80-68-55-10-29-92-74-85-23-27-45-38-71-97-76-87-34-28-50-75-60-96-4-35-84-64-73-58-14-24-70-15-31-57-13-91-6-3-22-44-53-67-90-17-36-79-49-42-46-21-51-54-47-48-93-95-11-18-5-62-59-63-41-19-61
Ta100x20,6,5,500,1,0.125,6,2230606255,17000,6751,6437,6144,6.503755926,v2_avx512bw_vec32_exact_perm,56-86-83-39-30-98-37-72-88-20-33-89-99-12-82-2-8-9-1-43-78-25-80-65-57-100-16-66-58-32-94-23-7-52-92-45-68-34-55-69-84-63-60-71-76-14-48-28-75-3-6-15-81-31-5-96-26-97-17-40-35-27-29-38-91-13-64-95-53-70-74-4-67-77-49-41-46-24-10-36-21-22-62-18-50-51-85-42-11-59-73-47-87-90-93-79-54-44-19-61
Ta100x20,6,5,500,1,0.125,7,2230607264,17000,6720,6437,6144,6.622306391,v2_avx512bw_vec32_exact_perm,56-86-88-83-8-9-20-37-2-82-39-72-10-92-94-32-1-80-66-34-99-65-52-76-16-12-69-71-89-98-21-30-33-14-25-97-74-7-58-55-38-23-81-31-28-22-27-100-3-91-35-50-40-49-75-60-70-24-43-87-64-51-78-57-77-62-48-13-5-53-4-18-11-46-45-6-90-17-79-15-67-73-68-59-96-36-42-47-85-29-44-26-84-54-93-95-41-63-19-61
Ta100x20,6,5,500,1,0.125,8,2230608273,17000,6742,6437,6144,6.646238723,v2_avx512bw_vec32_exact_perm,56-39-86-82-83-26-20-30-7-37-2-8-99-100-98-9-72-43-33-92-12-65-25-75-76-68-29-10-55-1-69-94-34-13-80-27-88-49-77-57-89-71-45-58-87-60-32-74-31-16-81-66-23-52-28-3-11-38-48-97-64-40-17-24-15-53-70-91-95-5-79-35-84-93-78-46-73-96-50-4-63-42-47-21-22-85-51-6-14-67-44-41-90-59-54-36-62-18-19-61
Ta100x20,6,5,500,1,0.125,9,2230609282,17000,6760,6437,6144,6.592351725,v2_avx512bw_vec32_exact_perm,56-83-86-88-20-30-99-8-65-39-82-9-69-2-92-98-72-43-78-66-76-16-70-100-27-25-89-94-7-37-26-40-81-32-84-12-68-10-96-29-52-77-23-14-33-60-28-55-4-58-61-1-5-97-71-38-87-13-80-21-31-75-45-63-44-91-49-22-35-3-24-64-17-53-67-46-51-74-34-79-85-73-18-57-42-50-47-6-48-93-41-95-15-62-59-36-90-54-19-11
Ta100x20,6,5,500,1,0.125,10,2230610291,17000,6729,6437,6144,6.985858669,v2_avx512bw_vec32_exact_perm,56-86-83-72-82-39-8-16-37-20-88-30-9-2-1-32-76-92-71-10-99-89-7-28-12-45-81-69-43-55-38-57-23-65-25-49-52-94-58-29-66-80-34-60-3-75-14-78-91-27-64-33-68-97-100-74-13-63-70-17-40-18-77-31-51-87-4-44-42-62-59-35-67-53-15-46-50-48-22-96-24-54-73-84-85-93-79-26-36-47-5-21-6-95-90-11-98-41-19-61
