group,instance,pop_mult,Ps,pc,pm,rep,seed,G,best_cmax,ub,lb,run_sec,engine,best_perm_1based
Ta100x20,9,1,100,0.85,0.025,1,2230901210,17000,6518,6358,5979,1.398252639,v2_avx512bw_vec32_exact_perm,81-43-96-59-37-89-62-60-61-80-86-51-68-90-38-97-92-15-7-41-78-50-19-6-47-54-65-95-84-8-42-9-57-77-58-64-23-27-93-74-46-63-36-5-33-12-83-4-66-10-2-67-21-56-14-40-94-44-76-13-32-16-100-11-24-71-30-75-70-20-79-49-29-17-22-48-25-53-85-26-99-39-82-88-28-3-69-1-31-73-55-18-45-52-87-34-72-35-91-98
Ta100x20,9,1,100,0.85,0.025,2,2230902219,17000,6528,6358,5979,1.501988363,v2_avx512bw_vec32_exact_perm,37-88-60-97-26-7-80-62-95-47-12-41-50-90-75-81-65-46-30-71-68-84-77-43-57-56-16-38-20-63-78-53-74-42-69-24-15-89-35-92-76-64-25-2-21-73-19-27-82-44-94-18-48-33-17-86-40-55-29-14-51-54-70-4-3-61-79-59-10-49-23-58-45-1-28-9-11-83-8-22-87-96-85-39-99-93-6-100-13-36-34-5-67-32-52-31-72-66-91-98
Ta100x20,9,1,100,0.85,0.025,3,2230903228,17000,6613,6358,5979,1.581984924,v2_avx512bw_vec32_exact_perm,42-96-33-89-75-47-45-43-41-18-16-63-95-15-12-54-46-74-4-93-30-79-56-55-29-64-81-65-20-60-80-68-10-23-6-11-59-84-62-7-87-19-38-21-72-51-44-77-14-97-73-2-50-83-39-61-71-66-25-76-99-57-22-5-78-40-88-3-35-53-82-90-26-28-58-9-27-69-36-86-31-37-24-49-92-17-34-85-94-8-1-32-100-13-48-70-98-52-67-91
Ta100x20,9,1,100,0.85,0.025,4,2230904237,17000,6571,6358,5979,1.436637297,v2_avx512bw_vec32_exact_perm,48-74-60-43-41-68-65-6-37-63-59-47-42-77-51-76-17-95-12-15-40-75-94-80-70-90-23-88-97-54-26-83-2-58-79-61-64-24-89-44-14-20-25-56-3-16-4-10-50-46-32-55-19-8-22-53-82-39-21-11-45-38-87-29-78-28-81-49-69-86-7-62-33-36-13-93-99-31-35-73-27-57-84-71-9-34-1-92-30-67-18-85-100-5-91-96-52-72-66-98
Ta100x20,9,1,100,0.85,0.025,5,2230905246,17000,6551,6358,5979,1.435655067,v2_avx512bw_vec32_exact_perm,15-78-7-42-2-33-88-41-24-62-90-43-79-89-16-61-59-44-75-26-97-10-68-47-54-95-63-65-38-100-58-55-20-19-46-84-39-21-37-60-74-27-40-12-29-13-83-77-14-85-51-94-32-11-81-3-30-66-23-64-22-82-99-36-1-25-76-49-56-96-70-80-50-6-87-4-53-34-93-69-45-86-28-35-91-92-67-48-8-5-71-57-31-9-73-17-18-52-72-98
Ta100x20,9,1,100,0.85,0.025,6,2230906255,17000,6559,6358,5979,1.400538483,v2_avx512bw_vec32_exact_perm,81-15-62-37-65-26-84-94-74-90-43-92-9-97-78-10-63-2-59-95-1-56-16-77-80-24-57-96-29-61-83-99-39-87-48-23-46-22-7-76-12-30-60-86-89-73-14-68-21-64-70-85-3-27-33-88-20-100-25-41-50-40-67-79-54-82-13-42-49-35-38-4-47-6-58-19-5-55-31-44-36-69-51-34-28-53-93-17-66-71-18-45-91-32-11-8-75-52-72-98
Ta100x20,9,1,100,0.85,0.025,7,2230907264,17000,6595,6358,5979,1.440857293,v2_avx512bw_vec32_exact_perm,42-37-63-96-97-41-65-10-15-94-32-7-26-68-75-60-46-74-89-24-90-23-19-27-84-38-20-12-4-43-81-54-73-22-45-48-79-61-76-95-56-16-39-33-82-21-67-44-100-35-59-77-3-6-80-14-51-66-83-57-78-92-91-64-58-87-28-34-53-30-9-2-88-31-25-86-8-47-29-62-85-50-11-1-99-13-49-55-52-17-69-36-71-70-18-5-40-72-93-98
Ta100x20,9,1,100,0.85,0.025,8,2230908273,17000,6511,6358,5979,1.40697229,v2_avx512bw_vec32_exact_perm,15-7-63-60-64-50-45-42-41-74-95-39-80-88-84-37-48-77-61-43-47-2-66-38-79-62-16-81-56-8-57-89-65-4-30-90-19-23-94-9-10-46-59-100-25-12-76-51-6-20-14-53-34-68-54-83-22-92-1-96-49-27-33-99-40-35-87-36-32-93-55-31-29-13-44-97-3-17-24-69-86-82-73-11-67-21-71-78-70-85-18-58-28-26-75-72-52-5-91-98
Ta100x20,9,1,100,0.85,0.025,9,2230909282,17000,6494,6358,5979,1.585198874,v2_avx512bw_vec32_exact_perm,42-89-63-16-43-73-15-62-41-59-47-55-81-46-45-12-95-78-94-1-4-33-11-19-65-29-24-75-2-20-77-61-57-92-7-64-30-58-26-68-83-80-90-23-60-88-70-38-99-6-39-86-97-27-10-37-79-51-9-54-25-8-85-67-76-82-22-53-56-71-74-69-40-49-36-93-17-84-32-21-87-18-3-50-100-14-13-44-35-28-31-48-96-34-5-52-91-72-66-98
Ta100x20,9,1,100,0.85,0.025,10,2230910291,17000,6566,6358,5979,1.429859599,v2_avx512bw_vec32_exact_perm,42-81-43-33-62-89-15-60-17-31-41-88-26-82-50-70-80-21-97-38-6-65-90-95-47-57-30-39-46-3-51-13-94-27-76-37-25-12-2-86-58-92-55-7-20-29-40-69-78-74-83-10-56-44-68-66-75-71-4-59-18-16-24-32-9-54-14-79-34-99-73-61-23-11-45-19-8-22-84-77-64-36-53-67-63-85-35-28-87-93-1-96-48-5-52-49-100-72-91-98
Ta100x20,9,1,100,0.85,0.05,1,2230901210,17000,6524,6358,5979,1.487172267,v2_avx512bw_vec32_exact_perm,43-15-80-7-42-89-2-50-60-41-90-16-59-33-81-63-29-79-97-62-20-11-17-19-95-87-61-84-58-34-86-94-9-82-39-73-1-54-74-38-27-88-48-44-53-66-78-45-77-64-10-23-40-32-12-4-76-46-14-21-28-51-22-37-49-25-71-30-93-68-65-5-69-83-100-91-56-92-26-36-13-67-99-47-85-70-8-24-55-96-6-31-3-57-18-72-52-75-35-98
Ta100x20,9,1,100,0.85,0.05,2,2230902219,17000,6598,6358,5979,1.394954248,v2_avx512bw_vec32_exact_perm,43-15-41-88-62-75-33-90-59-37-24-96-89-21-74-60-32-31-34-39-65-78-17-77-46-57-23-19-99-11-4-55-70-14-92-47-79-80-54-58-73-61-42-97-82-26-16-68-29-51-10-40-45-6-38-12-81-30-7-20-94-8-84-9-76-49-27-53-95-56-44-87-3-64-48-66-36-13-69-50-83-2-35-63-25-5-93-28-86-52-100-91-67-85-71-22-18-1-72-98
Ta100x20,9,1,100,0.85,0.05,3,2230903228,17000,6610,6358,5979,1.460088386,v2_avx512bw_vec32_exact_perm,96-59-15-16-41-33-31-80-65-64-95-24-94-62-47-74-10-75-17-54-40-92-87-89-79-61-51-13-44-3-84-43-57-86-22-50-21-55-60-20-67-4-39-66-6-23-2-70-56-38-97-34-53-46-63-19-99-77-49-7-81-36-25-29-5-30-82-12-42-73-58-11-90-45-83-8-37-1-76-27-9-88-71-14-18-32-48-69-85-68-28-35-93-26-91-78-100-72-52-98
Ta100x20,9,1,100,0.85,0.05,4,2230904237,17000,6500,6358,5979,1.541320415,v2_avx512bw_vec32_exact_perm,37-63-43-2-90-56-81-78-66-95-42-15-23-74-60-27-46-80-24-89-62-88-22-54-4-59-47-19-44-39-53-6-51-84-65-41-33-18-13-85-38-34-94-76-17-61-7-92-79-67-16-30-86-21-77-32-57-11-75-69-71-3-10-50-20-40-68-82-12-97-52-87-99-26-25-14-28-31-49-55-8-36-58-45-73-72-93-35-9-64-5-29-96-83-100-1-48-70-91-98
Ta100x20,9,1,100,0.85,0.05,5,2230905246,17000,6582,6358,5979,1.594314113,v2_avx512bw_vec32_exact_perm,48-60-74-64-86-89-65-78-43-42-94-54-50-59-15-75-41-84-47-10-95-12-4-62-79-46-77-56-68-16-7-25-71-36-39-73-30-31-90-23-9-81-61-17-99-19-100-14-37-76-58-82-55-3-13-21-6-70-93-88-38-67-85-45-11-34-1-69-63-49-2-53-20-57-29-97-44-26-80-8-66-92-27-24-28-22-87-83-51-33-72-40-32-18-52-96-35-5-91-98
Ta100x20,9,1,100,0.85,0.05,6,2230906255,17000,6555,6358,5979,1.389474293,v2_avx512bw_vec32_exact_perm,15-81-37-7-47-62-45-80-78-88-61-42-24-51-41-13-38-94-75-1-60-16-21-33-89-97-26-95-17-30-12-68-65-2-25-40-50-23-54-20-6-43-55-35-90-82-4-10-46-93-39-74-44-19-11-5-73-29-67-84-49-57-58-56-86-63-36-77-3-53-28-70-99-31-18-79-64-48-92-27-14-76-71-59-83-69-34-32-91-96-85-52-87-100-22-9-8-72-66-98
Ta100x20,9,1,100,0.85,0.05,7,2230907264,17000,6615,6358,5979,1.514252211,v2_avx512bw_vec32_exact_perm,88-43-15-90-55-48-33-24-89-60-62-17-95-77-96-41-70-59-75-26-81-82-54-39-100-92-27-86-44-74-25-12-37-78-79-53-61-65-11-47-22-23-4-38-68-19-16-84-58-56-46-3-50-36-40-69-49-94-34-76-80-7-57-29-97-14-21-63-85-32-2-93-30-71-83-72-31-73-45-35-42-99-87-10-20-91-9-51-52-1-67-6-5-13-28-8-66-64-18-98
Ta100x20,9,1,100,0.85,0.05,8,2230908273,17000,6542,6358,5979,1.381568647,v2_avx512bw_vec32_exact_perm,37-63-75-2-43-42-12-60-74-80-21-94-33-15-4-10-78-97-20-19-16-41-82-64-8-58-95-34-99-39-57-51-23-61-46-62-50-89-1-90-85-40-47-31-32-68-28-22-65-77-83-25-53-54-88-76-79-11-84-100-6-3-92-70-7-59-87-27-93-73-81-44-13-29-56-26-17-14-69-49-55-24-38-18-86-45-52-9-71-30-35-36-96-5-48-67-91-72-66-98
Ta100x20,9,1,100,0.85,0.05,9,2230909282,17000,6569,6358,5979,1.53199168,v2_avx512bw_vec32_exact_perm,42-15-48-46-89-16-62-60-41-74-80-65-99-45-19-50-90-95-59-63-38-33-21-77-79-88-7-14-27-58-72-47-94-61-97-96-30-64-81-24-20-49-86-10-84-26-68-56-92-70-51-1-9-8-73-54-17-76-23-2-6-43-12-31-100-36-3-69-85-66-78-25-29-57-4-40-55-39-82-71-37-87-83-53-18-28-11-22-75-32-35-13-52-67-44-91-5-34-93-98
Ta100x20,9,1,100,0.85,0.05,10,2230910291,17000,6506,6358,5979,1.616840583,v2_avx512bw_vec32_exact_perm,42-37-11-95-47-74-60-80-7-41-15-33-65-90-89-97-82-62-78-34-2-25-21-86-4-43-54-22-79-81-55-26-23-73-71-100-59-68-51-57-19-84-75-76-99-20-13-94-77-24-83-88-70-9-27-44-39-61-50-14-58-63-46-53-28-29-5-6-87-10-92-17-40-16-35-93-32-12-30-96-69-36-38-45-91-66-49-56-3-8-31-64-85-52-1-67-18-48-72-98
Ta100x20,9,1,100,0.85,0.075,1,2230901210,17000,6521,6358,5979,1.488542302,v2_avx512bw_vec32_exact_perm,81-15-33-89-43-88-97-37-16-4-63-46-40-58-41-78-54-45-79-60-1-38-10-11-92-7-23-22-77-50-90-95-27-80-19-44-65-30-34-73-51-24-13-68-96-94-61-21-47-84-87-74-48-56-76-39-71-36-17-59-6-26-25-86-99-70-20-3-82-12-69-67-85-2-32-66-9-52-14-83-55-53-18-31-29-49-28-75-57-42-8-62-35-64-93-5-100-72-91-98
Ta100x20,9,1,100,0.85,0.075,2,2230902219,17000,6509,6358,5979,1.381448593,v2_avx512bw_vec32_exact_perm,15-50-64-88-59-95-47-81-65-20-89-41-80-97-90-21-63-30-46-60-77-13-16-66-23-42-74-24-12-43-84-37-40-38-2-39-14-58-86-4-19-54-78-94-79-49-87-27-55-11-33-75-10-82-56-69-73-29-3-44-51-34-17-68-5-61-53-76-36-92-18-32-83-62-100-96-35-6-7-93-67-28-57-99-45-52-22-8-25-31-9-85-26-1-48-71-70-91-72-98
Ta100x20,9,1,100,0.85,0.075,3,2230903228,17000,6440,6358,5979,1.381013419,v2_avx512bw_vec32_exact_perm,42-74-43-62-75-97-15-34-65-50-46-63-10-80-4-57-41-60-95-61-47-33-79-13-21-51-90-78-94-24-19-16-26-54-73-82-55-39-20-71-89-76-53-7-77-2-87-84-96-81-29-85-18-68-99-17-30-8-56-64-58-6-59-37-27-86-92-40-1-22-66-3-83-70-12-23-11-14-28-88-38-25-31-35-44-32-9-93-69-100-36-5-49-48-67-45-52-72-91-98
Ta100x20,9,1,100,0.85,0.075,4,2230904237,17000,6557,6358,5979,1.468429952,v2_avx512bw_vec32_exact_perm,88-42-47-41-60-33-89-15-30-12-43-96-7-94-62-26-78-95-17-59-68-3-24-51-87-54-44-8-65-70-16-25-37-75-76-61-84-79-46-29-90-21-97-38-20-55-74-28-19-49-45-81-2-39-50-23-22-73-11-10-27-56-4-80-86-58-71-6-77-14-13-99-48-57-18-53-82-69-36-63-64-85-66-93-67-52-92-32-31-83-72-40-34-9-1-100-91-5-35-98
Ta100x20,9,1,100,0.85,0.075,5,2230905246,17000,6591,6358,5979,1.546317427,v2_avx512bw_vec32_exact_perm,37-24-62-95-78-88-15-77-16-10-47-4-80-66-75-46-41-90-65-73-63-97-20-81-56-31-42-74-43-38-13-29-45-79-39-84-93-19-94-99-85-61-30-3-64-67-59-68-6-60-1-2-36-25-50-54-51-40-8-87-23-44-7-33-22-70-96-12-27-76-21-71-57-89-55-92-26-17-72-82-53-14-28-18-69-83-32-100-52-58-49-86-9-34-5-11-35-48-91-98
Ta100x20,9,1,100,0.85,0.075,6,2230906255,17000,6500,6358,5979,1.401270891,v2_avx512bw_vec32_exact_perm,42-37-47-89-62-16-81-43-63-80-88-15-10-74-92-20-11-25-68-60-6-58-61-46-4-33-12-30-75-2-79-50-59-1-78-13-94-41-51-76-3-7-38-86-90-65-95-70-39-21-73-26-82-55-84-17-77-56-66-53-96-87-57-99-40-93-27-19-85-97-44-34-67-48-29-24-14-54-45-8-49-28-64-69-9-36-23-22-35-31-71-32-52-83-100-5-18-72-91-98
Ta100x20,9,1,100,0.85,0.075,7,2230907264,17000,6496,6358,5979,1.383223443,v2_avx512bw_vec32_exact_perm,42-81-43-89-75-41-96-74-88-37-90-47-54-46-50-62-63-38-11-79-68-99-97-60-24-61-20-19-16-95-4-100-44-58-33-84-59-10-78-77-21-94-28-80-31-87-83-69-56-34-23-2-45-39-30-55-1-26-9-14-29-85-12-15-67-53-7-76-27-22-65-92-57-25-40-51-73-36-8-32-64-48-13-86-82-52-3-49-66-17-6-71-70-35-93-18-72-5-91-98
Ta100x20,9,1,100,0.85,0.075,8,2230908273,17000,6546,6358,5979,1.402676778,v2_avx512bw_vec32_exact_perm,37-78-24-41-7-96-81-80-88-15-90-43-16-19-74-21-47-62-39-56-44-95-50-22-54-45-8-23-70-60-6-94-77-84-86-100-97-30-89-14-79-64-38-57-42-66-75-59-71-27-68-82-48-12-73-26-25-61-53-63-83-76-10-36-67-3-51-9-46-92-32-28-2-69-35-93-65-20-33-13-72-99-18-49-4-5-40-11-58-55-17-52-85-31-29-1-87-34-91-98
Ta100x20,9,1,100,0.85,0.075,9,2230909282,17000,6539,6358,5979,1.430672172,v2_avx512bw_vec32_exact_perm,37-65-59-74-43-15-16-70-2-75-63-94-78-41-20-89-24-12-46-33-90-92-79-17-61-31-47-19-10-95-73-3-84-11-76-60-55-97-42-77-80-82-39-86-7-23-66-54-22-44-27-81-29-50-58-6-69-32-38-71-40-30-51-68-21-87-56-96-28-34-25-64-14-8-88-1-18-99-57-4-53-45-93-91-5-49-9-85-26-67-52-36-13-83-62-100-48-35-72-98
Ta100x20,9,1,100,0.85,0.075,10,2230910291,17000,6539,6358,5979,1.5880517,v2_avx512bw_vec32_exact_perm,42-89-60-41-88-97-30-86-15-78-16-66-74-90-95-65-54-43-39-82-50-8-64-21-77-38-7-61-24-2-44-80-47-58-70-57-13-29-94-96-37-25-33-73-22-34-46-4-3-12-5-76-10-63-14-53-51-40-36-68-32-55-69-99-59-92-19-11-28-45-93-67-1-27-62-49-31-6-81-56-79-26-23-71-35-87-84-18-9-85-83-52-17-20-48-75-100-91-72-98
Ta100x20,9,1,100,0.85,0.1,1,2230901210,17000,6536,6358,5979,1.576325199,v2_avx512bw_vec32_exact_perm,81-78-16-43-94-37-92-89-15-90-80-88-24-41-59-34-75-33-60-27-93-65-50-20-19-74-6-47-38-54-46-29-25-97-63-9-10-79-83-70-95-23-62-2-69-61-12-17-32-7-26-21-3-86-51-44-57-77-30-67-8-14-68-56-45-28-39-49-71-22-1-40-82-73-53-64-11-58-84-35-42-76-13-55-99-18-85-87-91-31-4-96-48-36-100-5-52-72-66-98
Ta100x20,9,1,100,0.85,0.1,2,2230902219,17000,6488,6358,5979,1.392094424,v2_avx512bw_vec32_exact_perm,42-37-89-43-16-15-12-78-51-46-7-90-19-60-74-95-47-81-13-65-20-41-75-54-73-30-59-94-38-22-27-88-70-79-68-71-4-10-82-76-55-25-21-39-100-61-44-50-5-33-35-87-92-80-6-34-86-29-77-84-2-48-31-58-14-56-8-62-17-57-99-40-9-85-1-49-93-97-96-32-11-23-3-69-36-63-45-53-26-24-28-64-66-83-52-67-18-72-91-98
Ta100x20,9,1,100,0.85,0.1,3,2230903228,17000,6536,6358,5979,1.328537683,v2_avx512bw_vec32_exact_perm,15-37-7-42-80-82-90-43-89-12-65-4-75-20-77-64-41-94-78-62-34-53-81-21-63-86-74-46-30-60-29-47-69-9-24-54-76-38-61-50-39-13-95-83-16-3-59-92-1-49-100-33-99-25-19-2-97-93-44-68-31-27-32-71-22-40-79-11-14-57-51-10-73-23-66-6-87-8-88-56-84-58-85-26-45-48-18-28-67-91-17-36-70-55-96-35-5-52-72-98
Ta100x20,9,1,100,0.85,0.1,4,2230904237,17000,6536,6358,5979,1.368840875,v2_avx512bw_vec32_exact_perm,15-16-41-81-78-50-43-65-60-33-13-21-12-48-2-77-88-47-96-97-19-54-94-4-26-7-80-49-10-74-36-27-92-61-82-79-71-30-17-89-62-24-38-39-66-6-87-90-59-53-34-95-1-29-70-99-73-18-76-83-63-45-23-55-28-56-69-9-46-11-75-84-42-57-8-40-51-20-68-44-35-58-64-85-25-37-14-31-3-91-86-22-32-93-67-100-5-52-72-98
Ta100x20,9,1,100,0.85,0.1,5,2230905246,17000,6527,6358,5979,1.670743133,v2_avx512bw_vec32_exact_perm,43-50-15-7-42-59-88-89-47-60-41-80-94-95-63-10-30-78-79-16-12-21-77-58-83-51-26-90-65-62-33-27-5-1-61-29-32-38-92-46-68-25-31-6-64-74-86-20-19-35-73-13-71-57-81-4-3-39-67-22-55-82-99-40-23-2-87-54-52-18-17-44-34-97-76-66-75-28-70-36-14-9-84-56-53-37-69-49-11-100-8-85-24-45-93-48-96-72-91-98
Ta100x20,9,1,100,0.85,0.1,6,2230906255,17000,6521,6358,5979,1.338385167,v2_avx512bw_vec32_exact_perm,42-88-90-97-37-62-95-78-16-20-11-75-43-50-15-61-60-80-33-56-79-47-89-65-2-45-58-3-74-64-84-76-59-41-77-82-57-4-12-83-81-38-94-30-28-9-46-18-39-53-7-51-19-10-14-27-92-26-23-63-6-68-35-21-93-85-67-22-1-17-40-54-8-73-99-87-48-70-5-55-96-36-52-13-71-25-44-34-69-24-49-31-86-29-32-100-72-66-91-98
Ta100x20,9,1,100,0.85,0.1,7,2230907264,17000,6635,6358,5979,1.466074372,v2_avx512bw_vec32_exact_perm,48-16-33-7-43-96-15-89-95-63-62-94-41-59-38-75-54-97-60-81-19-65-56-1-34-12-46-90-4-68-20-39-86-83-88-21-42-17-22-76-50-47-44-58-6-61-69-13-57-27-2-37-8-67-55-87-23-35-92-10-71-25-77-64-49-28-85-11-14-30-74-82-93-45-24-3-31-26-84-79-29-73-36-32-80-99-66-91-51-100-53-40-9-78-70-52-5-18-72-98
Ta100x20,9,1,100,0.85,0.1,8,2230908273,17000,6538,6358,5979,1.351222953,v2_avx512bw_vec32_exact_perm,15-33-81-2-78-84-19-51-41-50-88-95-62-37-11-90-23-60-68-7-38-47-57-4-64-39-21-16-89-46-30-59-65-34-58-44-77-54-20-80-1-96-25-94-56-74-70-36-17-73-61-43-69-63-55-79-10-97-76-82-12-42-27-99-40-24-3-92-85-14-71-32-9-31-6-26-28-53-93-86-29-45-8-87-83-100-13-66-49-75-72-48-22-35-67-91-18-5-52-98
Ta100x20,9,1,100,0.85,0.1,9,2230909282,17000,6508,6358,5979,1.391548874,v2_avx512bw_vec32_exact_perm,42-81-89-47-60-94-50-15-33-76-75-7-90-25-21-77-62-46-63-2-100-65-24-22-74-80-4-86-6-59-78-61-38-97-44-66-55-30-96-83-39-31-20-73-19-54-64-34-71-84-68-58-43-45-3-1-95-16-41-10-99-13-32-26-23-11-82-56-69-70-29-53-8-51-57-27-79-92-37-17-40-12-36-18-28-49-5-48-91-87-14-85-52-9-67-88-35-72-93-98
Ta100x20,9,1,100,0.85,0.1,10,2230910291,17000,6514,6358,5979,1.528304172,v2_avx512bw_vec32_exact_perm,15-78-81-41-47-50-45-19-51-95-80-60-88-74-43-16-66-94-30-63-97-79-39-32-56-55-26-65-42-46-54-2-76-24-49-4-77-12-23-44-10-22-93-75-33-17-21-96-89-90-86-11-70-73-27-53-92-52-68-62-85-99-87-28-38-64-59-7-29-20-3-61-40-67-69-1-14-82-37-6-58-34-57-8-83-100-13-35-71-25-31-36-9-84-18-48-5-91-72-98
Ta100x20,9,1,100,0.85,0.125,1,2230901210,17000,6519,6358,5979,1.390013563,v2_avx512bw_vec32_exact_perm,81-43-7-2-20-33-84-41-59-15-62-50-46-78-95-63-12-51-76-61-94-39-86-66-73-60-21-74-54-90-4-47-9-100-24-42-31-80-10-19-65-83-25-40-69-56-3-64-23-67-29-26-97-44-38-17-68-27-58-37-87-55-89-79-99-8-57-45-49-30-92-22-36-75-1-18-72-28-53-6-77-16-11-14-93-13-88-85-52-71-70-82-32-48-96-35-5-34-91-98
Ta100x20,9,1,100,0.85,0.125,2,2230902219,17000,6500,6358,5979,1.396072356,v2_avx512bw_vec32_exact_perm,37-88-41-43-50-95-63-47-62-6-57-89-96-68-74-60-46-80-7-90-21-39-17-86-97-2-33-15-59-82-19-61-84-38-65-30-79-73-54-64-94-77-32-42-44-66-12-16-11-8-25-76-24-56-69-71-40-10-78-1-23-67-36-45-3-83-22-87-14-99-34-9-35-92-70-53-51-85-26-27-29-13-28-81-20-100-58-93-49-55-31-4-48-75-52-18-5-91-72-98
Ta100x20,9,1,100,0.85,0.125,3,2230903228,17000,6505,6358,5979,1.37941603,v2_avx512bw_vec32_exact_perm,42-50-15-16-41-33-89-43-7-64-84-92-34-81-65-60-59-37-61-74-20-24-68-22-38-73-46-63-10-30-75-79-2-97-14-29-55-94-80-95-1-17-54-77-82-72-21-99-3-76-45-86-11-47-4-62-40-85-8-56-57-58-26-90-23-19-12-87-27-36-49-25-44-39-78-71-70-88-13-83-100-53-35-93-9-51-52-32-31-6-67-28-69-48-96-66-18-5-91-98
Ta100x20,9,1,100,0.85,0.125,4,2230904237,17000,6456,6358,5979,1.447347369,v2_avx512bw_vec32_exact_perm,81-7-43-41-65-16-77-86-2-60-50-58-48-46-68-51-62-13-42-74-95-54-4-19-47-84-80-90-88-94-38-57-18-99-33-39-82-53-15-63-97-40-27-73-10-20-89-9-69-29-17-83-3-45-76-61-59-31-37-25-12-44-78-36-21-30-79-87-56-14-75-8-64-11-85-28-34-22-23-92-24-6-26-55-67-93-1-70-71-96-35-32-52-49-100-5-91-72-66-98
Ta100x20,9,1,100,0.85,0.125,5,2230905246,17000,6538,6358,5979,1.431035799,v2_avx512bw_vec32_exact_perm,37-89-75-88-15-90-81-51-95-41-74-78-96-24-61-59-94-47-14-7-62-21-26-43-20-68-28-60-55-46-4-3-97-33-30-80-25-19-34-17-38-31-56-86-63-57-2-42-23-8-6-66-39-82-70-27-53-29-16-9-58-85-100-79-10-83-12-76-13-35-73-54-65-71-44-50-77-93-99-69-5-48-64-40-67-36-92-87-84-32-11-52-49-18-45-1-22-72-91-98
Ta100x20,9,1,100,0.85,0.125,6,2230906255,17000,6548,6358,5979,1.484873878,v2_avx512bw_vec32_exact_perm,37-15-89-47-60-74-43-62-88-45-22-26-59-70-96-23-68-2-21-50-90-95-44-80-34-42-58-51-12-61-24-100-92-79-84-56-71-81-77-65-7-33-99-6-41-94-30-17-39-76-14-38-57-63-46-97-40-82-3-25-86-16-36-20-13-54-27-87-73-10-49-18-66-4-19-29-55-28-53-32-48-64-67-93-31-85-8-78-9-69-1-83-72-11-5-52-35-75-91-98
Ta100x20,9,1,100,0.85,0.125,7,2230907264,17000,6473,6358,5979,1.509710992,v2_avx512bw_vec32_exact_perm,15-81-37-63-95-41-60-74-43-12-97-40-94-62-47-78-50-11-87-13-2-90-79-80-7-3-65-38-45-33-24-6-75-34-10-59-51-68-82-21-42-17-77-16-30-19-46-23-55-92-1-89-44-39-25-14-26-99-61-4-76-70-54-58-83-86-56-96-91-20-22-27-73-53-32-29-100-85-64-69-36-67-93-35-49-88-28-57-8-66-9-84-71-5-18-48-31-72-52-98
Ta100x20,9,1,100,0.85,0.125,8,2230908273,17000,6537,6358,5979,1.384636928,v2_avx512bw_vec32_exact_perm,42-50-15-2-56-95-62-47-77-88-78-46-7-16-30-10-63-39-60-97-41-80-23-11-14-84-21-74-54-20-13-69-6-37-43-68-1-3-65-90-40-83-49-64-35-24-22-8-75-61-82-66-38-33-51-76-92-5-44-89-70-12-45-25-53-99-36-27-73-94-19-59-4-71-34-17-81-93-86-29-58-100-79-32-55-96-31-9-85-26-57-28-18-67-52-87-91-48-72-98
Ta100x20,9,1,100,0.85,0.125,9,2230909282,17000,6478,6358,5979,1.424071012,v2_avx512bw_vec32_exact_perm,81-95-63-43-42-41-50-70-92-88-89-47-61-15-80-65-90-51-62-49-86-33-60-57-78-77-16-56-94-76-97-54-30-31-79-2-4-9-25-64-74-1-12-38-21-84-11-23-22-39-46-73-82-58-48-100-8-19-6-53-7-34-59-37-20-55-17-69-14-68-71-36-13-29-85-3-87-44-10-75-26-99-27-40-24-96-83-32-66-93-18-5-28-67-45-52-72-35-91-98
Ta100x20,9,1,100,0.85,0.125,10,2230910291,17000,6536,6358,5979,1.430387971,v2_avx512bw_vec32_exact_perm,43-50-15-33-86-94-78-95-63-47-13-71-74-16-41-59-62-100-25-42-14-46-12-8-97-38-90-68-40-75-21-89-81-19-65-4-73-7-10-77-17-55-83-92-30-58-88-99-26-28-45-9-51-70-20-3-79-2-57-80-60-85-39-37-67-23-6-61-31-27-22-29-64-53-11-1-36-76-56-96-54-44-24-93-84-66-49-69-32-48-18-82-5-52-87-34-35-72-91-98
Ta100x20,9,1,100,0.8875,0.025,1,2230901210,17000,6516,6358,5979,1.588130457,v2_avx512bw_vec32_exact_perm,37-88-43-41-50-16-95-89-78-1-2-97-4-19-38-33-7-60-12-46-80-24-62-15-54-83-81-90-77-92-79-51-68-47-11-13-6-21-30-87-26-27-23-74-3-25-84-22-39-86-29-76-82-17-94-34-57-58-75-61-48-49-10-31-73-65-70-56-8-9-45-36-14-28-66-55-96-59-71-32-53-44-63-42-69-40-99-18-100-85-67-20-91-5-52-72-64-35-93-98
Ta100x20,9,1,100,0.8875,0.025,2,2230902219,17000,6504,6358,5979,1.407795723,v2_avx512bw_vec32_exact_perm,88-15-62-43-63-41-80-65-90-46-1-20-54-74-96-73-7-42-18-22-50-95-87-27-38-12-24-37-94-30-75-19-83-68-84-71-13-47-92-11-77-25-16-57-79-51-33-14-61-28-6-59-81-89-44-99-23-2-70-97-26-76-34-21-82-8-56-60-39-32-64-35-10-69-100-58-3-53-52-9-67-85-29-40-17-86-4-78-31-48-66-55-45-49-91-36-93-5-72-98
Ta100x20,9,1,100,0.8875,0.025,3,2230903228,17000,6514,6358,5979,1.370549332,v2_avx512bw_vec32_exact_perm,42-81-15-43-74-96-89-78-7-45-48-16-61-63-95-77-41-65-97-76-38-64-30-44-12-47-80-21-11-70-73-56-51-10-60-39-87-79-19-55-84-94-46-59-33-2-20-23-99-26-57-29-4-68-66-25-14-86-88-83-58-22-9-27-52-5-85-3-37-13-1-17-40-36-75-71-54-90-50-82-31-93-6-69-35-92-49-28-62-34-8-24-32-100-18-53-72-67-91-98
Ta100x20,9,1,100,0.8875,0.025,4,2230904237,17000,6531,6358,5979,1.48510657,v2_avx512bw_vec32_exact_perm,81-48-89-96-7-22-50-95-78-15-77-60-41-24-16-43-21-100-74-59-90-65-13-38-56-47-54-62-4-42-46-39-14-23-26-57-68-88-79-94-30-63-44-27-80-33-97-71-12-83-25-10-49-58-3-17-19-86-29-20-2-11-1-87-75-61-73-66-84-93-55-69-64-99-76-37-31-9-85-82-40-32-36-67-28-8-6-53-51-70-92-34-45-72-18-5-35-52-91-98
Ta100x20,9,1,100,0.8875,0.025,5,2230905246,17000,6529,6358,5979,1.430885626,v2_avx512bw_vec32_exact_perm,15-43-7-47-42-3-59-60-80-21-78-37-97-26-1-89-17-95-63-94-30-86-51-90-19-27-38-50-46-29-39-79-92-55-77-12-64-82-61-65-32-41-24-96-74-81-36-4-58-9-54-16-6-69-10-35-62-76-56-14-67-45-2-23-28-68-22-85-8-57-75-66-40-83-70-71-25-88-93-99-20-87-52-73-33-44-13-11-84-100-53-18-91-49-31-48-5-34-72-98
Ta100x20,9,1,100,0.8875,0.025,6,2230906255,17000,6534,6358,5979,1.407779187,v2_avx512bw_vec32_exact_perm,37-81-63-95-43-47-62-45-11-25-16-80-65-20-12-4-33-46-79-68-21-64-74-75-19-50-60-94-41-97-1-99-76-6-38-89-84-30-86-22-58-61-87-27-96-55-40-53-7-15-2-9-23-69-83-77-10-29-73-59-54-32-39-82-42-88-26-14-56-8-57-90-51-85-3-34-36-31-66-92-24-71-70-78-17-44-67-13-28-91-93-35-49-18-48-5-100-72-52-98
Ta100x20,9,1,100,0.8875,0.025,7,2230907264,17000,6538,6358,5979,1.397902181,v2_avx512bw_vec32_exact_perm,48-19-89-60-78-65-15-41-90-97-40-2-50-29-47-33-24-49-63-95-12-79-64-16-94-61-74-43-30-86-62-27-81-99-77-14-21-32-46-13-56-36-68-84-11-38-4-55-39-7-42-75-10-58-85-8-93-5-51-59-87-20-34-88-3-57-70-96-76-6-35-23-44-67-92-26-28-80-69-31-73-83-17-54-22-53-37-82-100-25-71-45-66-52-1-9-18-72-91-98
Ta100x20,9,1,100,0.8875,0.025,8,2230908273,17000,6591,6358,5979,1.514944349,v2_avx512bw_vec32_exact_perm,37-47-15-41-81-63-61-96-50-4-19-97-90-14-21-64-94-29-2-34-39-46-23-70-65-24-74-44-31-60-78-10-57-75-77-59-71-100-33-25-79-12-43-68-82-28-95-99-86-42-54-51-56-80-73-7-22-38-17-20-40-55-87-36-62-16-89-76-85-84-48-8-49-92-9-53-35-69-32-11-6-27-93-58-88-45-3-30-1-26-13-83-18-67-91-5-72-52-66-98
Ta100x20,9,1,100,0.8875,0.025,9,2230909282,17000,6530,6358,5979,1.499931698,v2_avx512bw_vec32_exact_perm,42-81-15-19-51-62-41-16-79-89-60-21-64-33-10-75-26-80-88-50-38-57-77-65-25-82-2-29-70-43-97-23-54-22-90-4-24-12-6-56-74-78-14-69-47-46-61-39-40-53-73-84-37-11-20-59-34-86-28-99-76-95-94-30-31-49-9-7-32-71-52-67-68-92-58-55-45-35-100-87-3-91-36-27-13-83-93-63-85-1-5-18-17-44-8-48-96-72-66-98
Ta100x20,9,1,100,0.8875,0.025,10,2230910291,17000,6498,6358,5979,1.415789304,v2_avx512bw_vec32_exact_perm,43-81-63-42-59-16-26-80-7-89-78-21-60-74-15-79-62-47-90-75-94-33-58-2-41-51-12-20-6-77-86-95-54-11-73-70-92-4-10-87-48-61-39-23-38-66-68-84-71-57-40-88-55-30-67-65-49-34-76-27-18-37-1-25-19-99-9-50-24-46-28-69-14-82-93-56-3-31-32-44-35-64-17-53-36-22-83-29-45-100-13-85-8-5-97-52-96-72-91-98
Ta100x20,9,1,100,0.8875,0.05,1,2230901210,17000,6607,6358,5979,1.43364713,v2_avx512bw_vec32_exact_perm,37-89-60-50-48-58-75-26-51-61-39-59-11-79-95-62-84-44-43-68-41-92-77-46-82-7-8-22-28-12-78-57-20-16-19-81-74-38-23-54-88-90-97-10-52-15-17-80-42-25-65-21-9-47-2-13-71-87-34-83-33-70-76-29-24-56-67-27-69-94-6-30-45-53-35-63-49-14-96-66-73-32-4-40-36-3-86-55-99-31-85-18-100-1-64-93-5-72-91-98
Ta100x20,9,1,100,0.8875,0.05,2,2230902219,17000,6544,6358,5979,1.383244414,v2_avx512bw_vec32_exact_perm,24-42-47-15-74-43-41-60-75-11-78-8-97-95-63-90-80-10-89-21-39-62-51-81-6-58-56-87-16-19-38-27-94-86-7-30-12-96-73-50-66-37-76-45-88-82-77-33-22-25-2-59-1-49-85-54-29-4-70-36-9-69-34-23-61-65-44-68-14-5-28-55-31-46-91-71-99-26-3-92-32-100-53-40-84-17-57-20-64-35-52-67-79-13-83-93-18-48-72-98
Ta100x20,9,1,100,0.8875,0.05,3,2230903228,17000,6547,6358,5979,1.535954085,v2_avx512bw_vec32_exact_perm,15-37-1-43-16-89-90-65-41-50-51-77-5-2-81-79-60-19-95-7-46-44-62-27-3-94-74-80-24-10-26-97-84-93-86-58-63-30-21-47-9-57-76-70-88-92-17-4-75-42-33-82-73-56-35-38-100-64-22-53-6-54-39-23-11-25-14-85-40-78-34-71-99-87-59-20-52-68-83-32-61-13-8-49-12-28-69-66-96-36-31-55-29-45-18-72-48-67-98-91
Ta100x20,9,1,100,0.8875,0.05,4,2230904237,17000,6587,6358,5979,1.413635775,v2_avx512bw_vec32_exact_perm,37-47-7-41-42-60-81-89-43-12-56-96-16-82-80-69-94-26-15-59-10-68-38-29-95-20-84-19-17-76-88-3-54-21-57-63-46-90-75-97-74-51-28-79-73-78-58-100-86-77-61-65-23-22-48-64-2-11-25-39-44-13-33-66-27-71-40-30-55-14-49-24-9-50-85-34-67-53-92-83-4-87-35-8-36-32-31-93-62-72-99-6-52-1-70-45-18-5-91-98
Ta100x20,9,1,100,0.8875,0.05,5,2230905246,17000,6528,6358,5979,1.367112793,v2_avx512bw_vec32_exact_perm,15-2-50-43-7-42-41-81-78-65-59-38-63-62-97-95-64-79-22-74-89-19-47-16-23-61-84-14-21-66-60-46-77-90-83-68-94-30-76-75-55-37-39-17-82-9-34-45-3-10-86-71-80-4-53-29-32-92-40-54-33-31-44-20-73-11-8-25-12-85-26-57-93-49-99-1-51-56-24-28-48-67-36-70-96-58-27-88-100-13-6-69-35-52-87-18-5-91-72-98
Ta100x20,9,1,100,0.8875,0.05,6,2230906255,17000,6475,6358,5979,1.382353805,v2_avx512bw_vec32_exact_perm,42-81-15-37-89-62-43-45-16-60-41-13-51-38-74-78-21-17-33-95-11-46-4-50-19-84-56-12-93-86-58-2-14-94-32-61-79-65-30-59-34-20-47-68-99-6-1-64-8-90-97-77-76-82-83-55-54-31-71-80-57-63-40-24-49-3-44-25-53-10-69-88-35-28-18-75-92-26-39-23-66-27-29-85-87-48-67-22-73-7-100-52-9-36-96-5-70-91-72-98
Ta100x20,9,1,100,0.8875,0.05,7,2230907264,17000,6593,6358,5979,1.505052833,v2_avx512bw_vec32_exact_perm,48-26-43-78-16-45-89-60-94-47-62-15-74-24-80-42-95-41-58-75-84-11-19-21-32-22-63-1-6-38-97-37-33-2-25-39-82-56-12-81-71-17-79-50-46-14-40-29-57-61-30-73-69-23-99-51-44-68-9-90-64-59-34-86-92-65-10-83-77-49-7-76-35-3-93-55-4-31-20-67-91-53-85-88-28-87-54-27-100-96-13-5-52-8-18-36-70-72-66-98
Ta100x20,9,1,100,0.8875,0.05,8,2230908273,17000,6497,6358,5979,1.645097798,v2_avx512bw_vec32_exact_perm,60-42-81-43-21-74-47-15-78-100-19-50-90-80-54-65-96-84-46-41-51-77-20-86-7-62-61-30-63-53-17-94-87-31-6-37-12-10-79-22-95-4-76-58-89-73-39-83-11-1-13-44-16-33-27-59-92-55-68-3-82-97-34-2-8-9-66-69-99-25-56-88-28-26-40-23-35-14-38-57-85-29-32-18-24-71-64-49-52-45-93-36-67-48-70-5-75-72-91-98
Ta100x20,9,1,100,0.8875,0.05,9,2230909282,17000,6510,6358,5979,1.419785152,v2_avx512bw_vec32_exact_perm,42-50-62-15-89-16-88-90-43-78-41-21-74-63-17-33-19-97-95-47-60-81-12-26-11-23-30-84-96-69-7-80-94-76-46-1-25-54-9-59-37-58-27-6-86-56-14-82-39-10-44-61-75-31-57-38-29-32-24-66-64-71-28-22-79-73-77-8-53-67-85-2-70-99-40-68-92-13-36-4-83-45-55-52-51-34-20-3-65-87-35-93-18-48-49-100-5-91-72-98
Ta100x20,9,1,100,0.8875,0.05,10,2230910291,17000,6542,6358,5979,1.44104307,v2_avx512bw_vec32_exact_perm,81-33-7-60-63-46-89-16-88-43-54-90-65-15-41-80-21-59-30-47-95-18-34-23-68-6-4-12-32-2-19-10-78-94-48-50-96-1-77-56-85-14-61-76-51-70-38-97-79-55-82-20-62-27-99-93-74-40-39-83-9-31-86-71-28-25-69-35-92-11-13-26-24-73-29-64-58-57-52-49-17-84-44-42-8-87-3-53-66-75-45-37-22-100-36-67-72-5-91-98
Ta100x20,9,1,100,0.8875,0.075,1,2230901210,17000,6591,6358,5979,1.48259942,v2_avx512bw_vec32_exact_perm,37-43-63-48-41-58-74-47-90-59-60-15-81-26-80-16-56-62-7-2-99-94-79-89-84-19-86-65-38-45-77-46-1-76-21-17-75-61-20-57-95-51-29-10-50-6-39-66-82-33-73-78-27-54-40-85-68-4-71-64-92-9-97-30-44-87-24-34-23-14-42-11-32-12-36-22-25-67-93-69-35-28-3-53-31-88-52-83-70-13-49-96-100-18-5-55-8-98-72-91
Ta100x20,9,1,100,0.8875,0.075,2,2230902219,17000,6551,6358,5979,1.406302016,v2_avx512bw_vec32_exact_perm,65-97-15-80-81-63-42-95-59-34-60-26-54-75-4-22-79-43-62-78-55-66-7-76-94-41-38-51-19-74-88-30-25-57-73-50-87-89-82-3-29-53-90-64-27-71-24-99-77-40-12-21-44-47-39-33-46-13-84-37-70-20-28-14-16-61-69-11-56-8-58-83-68-2-10-23-92-6-17-18-32-31-85-52-36-100-67-91-5-93-49-35-9-86-45-48-96-1-72-98
Ta100x20,9,1,100,0.8875,0.075,3,2230903228,17000,6562,6358,5979,1.629940188,v2_avx512bw_vec32_exact_perm,42-37-50-43-7-64-95-80-74-60-47-41-62-97-78-86-4-61-31-38-19-89-54-84-65-59-73-10-15-16-56-77-75-30-44-20-12-46-3-24-51-39-22-17-36-92-9-85-71-34-25-79-33-88-81-82-68-66-94-55-83-28-26-63-13-1-14-69-53-99-29-32-40-8-11-27-58-90-49-57-21-2-76-100-70-96-18-23-72-87-6-35-48-67-52-5-45-91-93-98
Ta100x20,9,1,100,0.8875,0.075,4,2230904237,17000,6510,6358,5979,1.465418449,v2_avx512bw_vec32_exact_perm,37-89-62-43-88-15-41-16-50-42-46-74-63-24-39-51-90-59-21-67-77-6-65-33-47-80-95-73-3-7-2-1-84-19-99-14-94-30-78-75-22-54-56-20-97-44-34-79-11-4-8-38-57-40-68-23-17-61-82-10-66-49-55-18-32-9-60-81-76-85-26-27-58-86-92-25-64-71-70-12-45-36-29-69-87-35-28-93-13-83-31-48-53-96-100-5-52-72-91-98
Ta100x20,9,1,100,0.8875,0.075,5,2230905246,17000,6568,6358,5979,1.438405219,v2_avx512bw_vec32_exact_perm,43-48-80-42-60-12-50-95-78-94-81-37-63-59-41-21-47-87-26-89-54-15-25-65-90-3-38-24-46-4-77-10-51-7-76-56-22-16-79-83-55-68-30-75-31-14-61-28-19-88-53-82-69-57-29-100-34-45-74-23-86-99-2-58-9-27-40-73-44-71-97-11-70-8-33-6-62-85-39-36-49-35-92-67-84-20-13-32-18-17-93-72-96-5-52-1-98-64-66-91
Ta100x20,9,1,100,0.8875,0.075,6,2230906255,17000,6532,6358,5979,1.380561185,v2_avx512bw_vec32_exact_perm,81-43-88-47-62-7-15-90-16-59-78-46-13-41-65-77-63-42-97-19-51-44-80-94-28-95-33-39-89-92-48-64-11-58-25-14-73-21-26-100-10-74-20-30-75-12-2-86-82-70-3-53-29-56-76-60-34-79-99-68-17-24-61-85-4-6-93-67-36-50-71-27-57-87-38-37-8-55-66-32-54-40-23-22-49-1-96-69-31-83-84-18-91-5-45-9-35-72-52-98
Ta100x20,9,1,100,0.8875,0.075,7,2230907264,17000,6591,6358,5979,1.445872922,v2_avx512bw_vec32_exact_perm,48-24-19-75-2-21-78-16-11-89-84-38-47-60-97-26-90-15-68-41-99-43-13-33-46-29-25-62-45-83-42-20-39-95-27-57-30-73-61-63-50-14-53-7-37-79-22-94-76-12-59-80-34-88-28-86-92-74-44-31-17-58-54-4-9-81-3-65-64-36-56-69-10-66-23-6-32-52-67-49-1-51-100-77-35-40-71-82-70-8-87-91-5-55-96-85-18-72-93-98
Ta100x20,9,1,100,0.8875,0.075,8,2230908273,17000,6517,6358,5979,1.495704644,v2_avx512bw_vec32_exact_perm,88-43-62-41-65-59-47-33-2-80-21-74-60-97-11-79-89-38-25-90-86-12-20-95-1-4-75-94-64-61-24-84-26-3-57-39-58-51-46-77-19-16-6-10-7-76-5-29-31-14-50-73-68-23-82-56-22-32-81-54-78-15-8-55-34-17-92-63-85-40-67-28-53-9-30-49-35-93-44-66-96-18-99-70-42-87-27-69-36-45-91-71-83-37-13-100-48-72-52-98
Ta100x20,9,1,100,0.8875,0.075,9,2230909282,17000,6526,6358,5979,1.55057434,v2_avx512bw_vec32_exact_perm,42-33-7-60-62-45-64-26-94-88-47-22-89-81-23-16-74-29-46-30-63-19-54-95-80-65-15-73-10-17-3-82-24-38-25-90-86-21-68-51-77-2-57-93-84-97-55-43-44-79-58-61-37-50-100-14-99-27-40-1-8-71-56-87-20-59-70-12-49-76-41-39-66-92-13-4-36-83-9-18-32-48-67-78-34-53-31-28-6-69-11-5-52-91-96-85-75-72-35-98
Ta100x20,9,1,100,0.8875,0.075,10,2230910291,17000,6564,6358,5979,1.580910114,v2_avx512bw_vec32_exact_perm,37-63-16-15-43-41-12-59-81-2-7-47-62-21-4-39-45-48-33-58-88-56-34-10-97-64-8-6-14-54-79-74-60-29-46-24-92-90-1-89-77-38-80-65-94-42-27-30-87-22-55-95-23-73-99-61-82-78-50-66-76-83-19-13-69-84-11-51-70-9-53-71-32-49-35-52-20-25-100-75-85-40-31-44-68-36-3-17-28-93-96-57-26-67-91-86-18-5-72-98
Ta100x20,9,1,100,0.8875,0.1,1,2230901210,17000,6503,6358,5979,1.444284836,v2_avx512bw_vec32_exact_perm,63-60-97-80-42-81-7-2-43-41-75-12-94-50-15-19-16-11-3-59-33-95-78-29-79-65-47-62-6-10-34-69-51-58-32-61-86-27-40-77-57-88-37-82-74-22-23-90-67-54-17-76-92-14-21-30-25-68-38-13-46-4-89-1-44-20-55-26-99-93-73-24-66-100-56-64-45-36-96-91-35-28-49-53-8-87-71-70-9-85-39-83-84-18-5-48-31-72-52-98
Ta100x20,9,1,100,0.8875,0.1,2,2230902219,17000,6509,6358,5979,1.4520317,v2_avx512bw_vec32_exact_perm,88-42-59-26-16-66-78-89-15-81-73-63-60-39-46-48-58-41-94-12-82-22-23-74-90-51-33-37-95-61-25-38-86-54-4-14-34-13-65-20-50-77-70-75-83-62-21-2-17-68-92-30-56-79-71-27-87-80-7-19-97-10-47-24-99-3-40-1-100-6-31-44-55-43-76-18-53-84-9-85-32-11-49-52-64-8-57-67-36-28-69-29-45-96-5-35-91-93-72-98
Ta100x20,9,1,100,0.8875,0.1,3,2230903228,17000,6532,6358,5979,1.514802508,v2_avx512bw_vec32_exact_perm,81-15-16-33-43-79-34-51-41-12-97-60-84-80-46-7-42-74-10-65-90-75-94-37-87-24-50-38-76-56-100-63-25-86-69-61-59-19-2-44-53-89-30-62-49-26-1-95-55-21-29-70-71-28-14-58-77-88-78-47-73-57-11-27-96-22-20-54-83-39-68-92-6-35-82-8-13-99-9-32-85-31-48-18-52-23-17-67-45-4-5-3-91-40-36-64-93-72-66-98
Ta100x20,9,1,100,0.8875,0.1,4,2230904237,17000,6625,6358,5979,1.61864098,v2_avx512bw_vec32_exact_perm,48-24-42-47-89-90-51-46-41-62-78-65-64-12-95-81-54-34-28-59-60-79-94-73-21-99-93-74-55-43-3-67-30-88-100-68-97-96-11-13-4-61-38-50-69-39-36-19-84-20-56-17-14-2-77-71-33-7-80-92-1-85-76-86-49-25-37-16-10-63-18-44-35-58-9-15-53-40-27-31-82-23-8-6-70-29-32-57-75-22-26-5-83-66-87-52-45-98-72-91
Ta100x20,9,1,100,0.8875,0.1,5,2230905246,17000,6472,6358,5979,1.387729824,v2_avx512bw_vec32_exact_perm,42-43-88-15-59-95-62-26-89-79-17-90-38-16-7-41-58-81-78-60-97-37-19-47-46-54-77-65-63-14-6-68-10-20-4-61-25-12-28-86-94-22-84-80-50-73-66-75-74-44-11-36-24-93-55-45-30-96-21-3-76-99-87-56-82-34-53-9-72-2-51-69-35-71-40-27-57-8-32-39-23-33-49-31-18-92-1-64-85-29-83-70-100-13-48-52-67-5-91-98
Ta100x20,9,1,100,0.8875,0.1,6,2230906255,17000,6533,6358,5979,1.381312098,v2_avx512bw_vec32_exact_perm,63-43-62-65-15-64-94-50-88-41-97-26-7-80-95-32-61-89-86-29-90-23-6-31-16-30-73-54-79-81-68-17-2-21-87-59-37-82-39-66-42-77-51-44-10-14-4-55-76-78-56-58-71-74-96-57-27-12-46-40-19-84-36-45-3-38-11-20-70-83-28-53-34-92-9-1-25-49-24-8-60-33-22-99-18-69-85-100-93-35-47-91-13-5-75-72-48-67-52-98
Ta100x20,9,1,100,0.8875,0.1,7,2230907264,17000,6516,6358,5979,1.355766355,v2_avx512bw_vec32_exact_perm,81-15-2-33-63-43-60-74-80-65-54-97-41-51-26-1-17-90-18-23-16-56-10-95-88-42-4-12-94-45-30-47-77-14-73-35-68-64-76-21-82-89-6-62-59-13-84-71-57-38-50-19-83-39-46-79-61-92-24-78-28-69-11-3-58-27-86-55-37-7-52-75-99-49-44-22-40-67-32-36-8-100-25-53-20-34-9-31-87-93-5-70-29-85-96-48-91-72-66-98
Ta100x20,9,1,100,0.8875,0.1,8,2230908273,17000,6510,6358,5979,1.41783778,v2_avx512bw_vec32_exact_perm,50-78-42-12-43-15-41-81-47-65-90-97-34-24-100-95-80-84-89-21-39-10-51-20-44-77-16-56-79-45-86-74-2-58-4-62-11-55-30-38-82-99-22-23-68-6-63-61-59-60-48-46-33-14-76-94-70-13-92-54-49-32-88-40-17-37-27-8-9-53-87-19-83-1-29-3-35-73-64-69-31-36-7-26-93-28-71-91-57-67-25-96-85-18-5-52-66-75-72-98
Ta100x20,9,1,100,0.8875,0.1,9,2230909282,17000,6500,6358,5979,1.530302885,v2_avx512bw_vec32_exact_perm,15-7-42-59-47-43-74-96-41-46-50-10-63-81-78-1-95-37-60-16-76-94-30-75-57-77-88-4-61-38-20-12-44-80-58-33-97-11-90-19-51-73-24-84-89-79-64-62-21-22-54-45-39-83-55-26-29-5-93-86-99-66-6-17-92-68-14-36-25-2-56-23-34-18-87-67-28-70-53-27-40-82-3-31-85-32-69-52-9-65-8-13-49-91-71-35-100-48-98-72
Ta100x20,9,1,100,0.8875,0.1,10,2230910291,17000,6527,6358,5979,1.460566077,v2_avx512bw_vec32_exact_perm,42-81-37-89-62-96-7-43-15-39-56-41-63-59-2-95-97-60-79-34-71-74-80-94-30-13-86-47-82-38-68-61-16-66-87-28-14-21-27-54-4-33-19-40-22-67-55-76-88-85-90-99-48-77-23-65-26-10-25-58-29-31-73-6-100-70-51-44-12-64-53-46-93-18-24-92-32-3-17-35-84-9-11-75-52-20-49-36-78-57-50-83-1-69-45-8-5-91-72-98
Ta100x20,9,1,100,0.8875,0.125,1,2230901210,17000,6578,6358,5979,1.395815749,v2_avx512bw_vec32_exact_perm,43-81-48-80-13-88-60-46-89-78-77-65-95-62-41-94-84-59-68-82-3-47-15-50-9-61-79-90-51-97-33-30-17-19-21-10-64-7-86-2-29-27-58-6-1-38-74-96-32-36-75-11-56-44-25-22-12-73-24-42-16-14-69-37-39-31-76-83-85-70-92-26-99-52-57-67-93-49-35-28-63-23-71-20-53-18-4-5-40-55-87-34-54-8-45-100-72-66-91-98
Ta100x20,9,1,100,0.8875,0.125,2,2230902219,17000,6574,6358,5979,1.416578509,v2_avx512bw_vec32_exact_perm,43-81-64-10-88-26-47-50-78-46-62-97-54-4-41-39-79-37-60-68-80-65-51-55-30-89-76-90-95-17-21-13-94-19-16-34-73-36-20-56-63-74-86-33-14-44-11-27-29-1-84-22-58-75-42-12-59-15-35-3-92-69-83-61-100-40-99-23-70-38-45-9-53-7-96-49-28-77-2-24-98-8-57-71-85-18-87-25-52-67-6-31-5-82-93-32-48-91-72-66
Ta100x20,9,1,100,0.8875,0.125,3,2230903228,17000,6551,6358,5979,1.463448909,v2_avx512bw_vec32_exact_perm,42-15-48-89-16-43-59-34-64-81-21-63-95-47-24-6-41-12-7-2-58-39-85-65-82-3-50-70-96-94-30-1-54-46-80-84-77-19-60-86-27-92-97-37-22-79-56-67-74-83-28-68-44-13-53-87-51-26-99-25-10-20-76-75-78-61-4-33-49-66-36-90-88-57-31-69-23-11-18-62-55-38-73-45-14-52-17-40-71-8-93-32-29-5-35-9-100-98-72-91
Ta100x20,9,1,100,0.8875,0.125,4,2230904237,17000,6486,6358,5979,1.590405466,v2_avx512bw_vec32_exact_perm,15-78-7-96-59-34-21-43-81-63-1-94-41-60-97-62-77-95-47-30-29-64-33-24-27-12-46-3-65-4-37-80-79-74-76-88-38-57-89-90-86-54-39-58-44-51-75-61-32-10-2-9-53-92-5-11-73-100-25-42-40-23-28-67-68-14-56-69-66-83-8-6-19-17-85-71-50-70-36-45-26-82-55-93-16-99-31-20-18-87-84-52-49-48-13-35-22-72-91-98
Ta100x20,9,1,100,0.8875,0.125,5,2230905246,17000,6474,6358,5979,1.380610835,v2_avx512bw_vec32_exact_perm,81-15-78-2-62-59-88-77-84-43-41-37-95-63-38-50-12-58-42-75-46-73-61-24-34-65-90-97-94-4-80-33-60-47-79-11-21-32-6-30-89-57-31-16-76-48-40-99-70-25-86-74-56-92-27-87-49-10-3-20-82-67-22-39-83-19-69-55-44-8-68-51-53-29-45-17-26-13-36-23-54-100-14-5-28-93-7-64-96-66-85-52-1-9-71-35-18-72-91-98
Ta100x20,9,1,100,0.8875,0.125,6,2230906255,17000,6497,6358,5979,1.345665064,v2_avx512bw_vec32_exact_perm,43-50-80-84-42-33-89-96-68-25-16-37-59-15-12-95-78-41-47-90-21-74-40-65-75-54-26-97-70-67-94-30-73-1-2-81-29-87-51-79-55-38-61-76-11-58-27-19-46-7-62-24-60-32-63-44-10-39-53-14-88-56-93-57-100-6-99-82-3-23-45-85-77-64-18-28-71-69-66-8-36-17-5-52-92-31-49-4-48-86-22-20-9-35-13-83-34-72-91-98
Ta100x20,9,1,100,0.8875,0.125,7,2230907264,17000,6577,6358,5979,1.355287655,v2_avx512bw_vec32_exact_perm,48-2-24-96-26-47-12-43-68-15-41-50-95-75-62-65-34-45-79-61-74-80-58-6-54-60-97-38-100-81-84-76-94-89-23-82-90-7-3-69-46-30-9-4-22-99-1-21-16-19-27-59-37-40-33-31-20-63-55-25-64-86-44-66-92-77-14-35-73-51-57-56-67-91-10-71-32-49-39-83-28-53-93-88-17-42-13-85-52-78-8-87-29-5-72-11-36-70-18-98
Ta100x20,9,1,100,0.8875,0.125,8,2230908273,17000,6501,6358,5979,1.227437625,v2_avx512bw_vec32_exact_perm,42-43-64-24-46-81-47-45-95-41-89-4-90-13-16-62-79-2-23-10-94-80-50-38-68-21-33-15-63-25-39-60-97-12-37-88-30-75-100-58-86-6-77-74-82-51-14-19-32-61-53-34-31-17-27-20-29-71-22-76-59-73-40-84-56-35-44-5-3-67-11-8-57-49-92-7-87-36-93-54-9-65-28-70-96-85-48-26-83-66-55-99-18-69-52-1-78-72-91-98
Ta100x20,9,1,100,0.8875,0.125,9,2230909282,17000,6580,6358,5979,1.116892437,v2_avx512bw_vec32_exact_perm,81-50-62-33-75-45-43-64-88-26-39-12-38-47-90-65-21-74-19-16-54-4-59-95-41-92-1-51-30-68-61-34-46-79-24-7-60-28-96-97-10-77-57-44-36-63-32-80-2-25-20-31-23-15-3-22-94-76-89-84-86-99-40-70-9-27-56-35-14-71-53-29-93-87-17-69-37-82-6-73-85-8-100-58-78-55-11-83-13-42-66-52-49-18-48-67-5-91-72-98
Ta100x20,9,1,100,0.8875,0.125,10,2230910291,17000,6457,6358,5979,1.105982812,v2_avx512bw_vec32_exact_perm,81-43-15-89-88-60-78-41-80-7-47-62-97-90-46-42-68-59-95-63-37-65-44-77-17-33-53-34-86-94-74-30-79-2-76-82-27-75-61-21-39-51-70-22-48-24-73-38-4-10-12-83-69-50-19-13-56-26-54-1-71-92-14-18-25-23-16-20-3-87-35-49-100-36-55-29-67-40-32-6-31-28-64-8-58-96-57-85-99-11-93-84-9-5-52-45-91-72-66-98
Ta100x20,9,1,100,0.925,0.025,1,2230901210,17000,6509,6358,5979,1.484053655,v2_avx512bw_vec32_exact_perm,42-43-63-80-88-94-41-50-45-37-47-62-4-46-54-59-26-14-97-76-95-78-21-89-84-68-79-51-30-3-61-65-83-11-90-24-81-60-77-1-56-38-25-71-39-73-15-27-10-58-64-7-8-93-86-19-12-57-92-17-75-74-85-28-13-33-49-2-40-67-70-55-23-66-44-22-36-96-69-34-99-35-9-29-53-20-6-31-82-16-32-100-18-5-52-87-48-72-91-98
Ta100x20,9,1,100,0.925,0.025,2,2230902219,17000,6468,6358,5979,1.42973796,v2_avx512bw_vec32_exact_perm,43-15-78-88-50-51-42-74-19-97-47-90-65-70-75-2-92-41-7-94-80-24-60-33-46-54-77-62-20-73-89-21-64-30-95-27-79-84-63-12-66-4-38-86-22-56-16-40-85-61-58-1-17-34-29-48-25-53-26-57-14-3-59-71-68-39-82-99-69-37-35-87-23-10-13-83-49-8-9-81-28-31-6-11-18-44-45-93-76-55-67-5-36-32-91-96-100-52-72-98
Ta100x20,9,1,100,0.925,0.025,3,2230903228,17000,6566,6358,5979,1.559041713,v2_avx512bw_vec32_exact_perm,43-42-2-50-7-96-74-89-45-16-51-12-4-80-10-15-59-95-39-78-86-24-65-33-94-41-38-54-62-88-77-58-17-83-68-30-71-5-63-14-25-46-37-70-79-61-99-81-19-82-29-23-90-47-57-6-34-92-31-35-73-32-93-64-84-21-22-20-56-44-11-13-76-36-3-60-27-69-97-100-91-66-49-8-9-53-85-40-87-55-52-67-26-1-28-18-48-75-72-98
Ta100x20,9,1,100,0.925,0.025,4,2230904237,17000,6570,6358,5979,1.392800906,v2_avx512bw_vec32_exact_perm,42-81-15-43-62-24-45-47-16-80-48-95-77-17-46-65-44-30-75-51-90-19-50-89-21-38-7-78-57-61-96-97-6-31-8-54-3-59-33-82-68-27-4-29-13-83-10-2-58-99-40-22-56-74-76-79-60-25-41-69-11-1-94-84-9-85-12-86-92-34-36-100-28-53-37-39-64-18-14-73-66-23-88-71-70-35-49-63-5-52-87-55-93-32-26-20-72-67-91-98
Ta100x20,9,1,100,0.925,0.025,5,2230905246,17000,6521,6358,5979,1.5315058,v2_avx512bw_vec32_exact_perm,43-50-15-90-81-78-7-64-11-95-60-74-80-88-47-94-46-30-63-79-41-16-33-73-89-45-53-39-57-93-75-61-82-77-84-86-54-20-21-65-28-26-76-62-69-51-85-56-19-38-1-4-59-10-23-34-71-68-22-58-27-24-6-12-2-29-96-97-32-100-66-55-14-13-92-37-42-83-8-35-87-9-99-40-70-3-36-17-25-49-52-31-44-67-5-48-18-72-91-98
Ta100x20,9,1,100,0.925,0.025,6,2230906255,17000,6554,6358,5979,1.492638742,v2_avx512bw_vec32_exact_perm,43-50-37-60-33-17-89-15-38-51-45-62-97-95-41-78-31-7-61-79-48-16-20-8-65-9-54-59-26-68-25-96-36-67-73-90-21-57-74-13-49-27-40-42-47-81-39-24-11-85-2-76-58-56-80-75-94-29-4-6-10-87-3-86-83-12-77-99-14-30-46-92-32-63-44-19-23-84-66-22-69-35-88-18-28-53-100-82-71-34-91-1-64-93-5-70-55-72-52-98
Ta100x20,9,1,100,0.925,0.025,7,2230907264,17000,6567,6358,5979,1.584646214,v2_avx512bw_vec32_exact_perm,43-88-15-90-50-41-59-16-24-64-34-65-74-60-78-46-97-61-82-3-33-51-68-1-37-75-86-28-63-2-76-56-66-12-71-17-80-79-57-95-29-55-48-54-44-31-22-38-99-45-81-19-94-4-77-23-42-14-39-21-84-70-9-67-35-92-49-40-36-47-25-69-32-89-20-27-62-93-11-53-73-7-8-87-30-83-10-18-58-6-100-13-96-85-26-52-91-5-72-98
Ta100x20,9,1,100,0.925,0.025,8,2230908273,17000,6570,6358,5979,1.625632079,v2_avx512bw_vec32_exact_perm,37-81-15-63-90-43-41-64-50-59-62-79-89-10-88-78-94-55-95-4-61-92-17-42-76-47-22-7-30-13-51-77-46-75-33-6-23-2-66-19-16-80-82-54-86-28-45-34-97-71-38-74-25-14-21-3-70-31-44-20-40-49-68-12-69-36-39-83-58-26-99-67-73-56-84-57-85-18-87-93-65-11-8-32-9-24-27-29-72-53-60-100-91-1-48-96-35-5-52-98
Ta100x20,9,1,100,0.925,0.025,9,2230909282,17000,6579,6358,5979,1.485235898,v2_avx512bw_vec32_exact_perm,43-15-42-89-60-41-47-8-62-46-97-37-63-30-59-96-74-3-82-54-26-51-76-94-90-61-70-80-20-65-95-12-6-50-7-10-23-2-27-58-87-38-11-73-81-45-21-34-17-93-29-19-4-53-31-44-77-99-33-75-56-16-66-40-9-24-83-69-36-55-100-84-49-68-14-79-39-5-92-1-71-25-57-32-88-52-64-85-67-28-22-35-18-78-86-48-13-72-91-98
Ta100x20,9,1,100,0.925,0.025,10,2230910291,17000,6573,6358,5979,1.510309164,v2_avx512bw_vec32_exact_perm,81-48-80-88-43-4-41-40-75-94-12-2-59-58-95-68-63-46-21-60-74-33-47-92-89-82-32-19-45-16-77-56-42-76-65-6-62-27-50-26-10-51-87-70-53-93-79-99-49-61-1-29-13-44-18-57-15-39-34-97-86-30-7-84-71-90-24-17-3-22-78-25-14-73-38-66-54-64-8-23-85-83-100-69-37-35-9-67-28-31-55-20-11-36-52-96-91-5-72-98
Ta100x20,9,1,100,0.925,0.05,1,2230901210,17000,6531,6358,5979,1.441991018,v2_avx512bw_vec32_exact_perm,37-78-88-89-16-43-21-63-90-95-97-19-84-61-47-62-11-59-57-92-20-60-26-74-4-76-41-81-65-6-77-51-42-33-75-82-12-49-10-80-58-79-83-15-71-68-27-30-53-54-44-50-56-39-45-46-14-38-7-1-100-22-25-70-73-99-64-36-94-40-23-31-93-29-69-66-32-48-17-55-87-24-3-35-2-96-8-13-85-52-28-9-67-86-18-72-5-34-91-98
Ta100x20,9,1,100,0.925,0.05,2,2230902219,17000,6521,6358,5979,1.454622995,v2_avx512bw_vec32_exact_perm,42-50-43-62-7-15-90-95-88-26-78-80-97-60-81-19-47-65-77-10-6-51-58-34-29-17-30-75-46-57-33-79-13-54-4-61-16-1-59-38-68-12-83-11-28-14-20-92-18-70-23-2-27-94-76-24-84-32-9-21-89-69-64-8-5-40-73-56-41-86-74-82-71-39-37-55-87-67-53-52-63-49-100-36-35-3-44-99-22-25-31-48-96-85-66-91-45-93-72-98
Ta100x20,9,1,100,0.925,0.05,3,2230903228,17000,6515,6358,5979,1.479627124,v2_avx512bw_vec32_exact_perm,43-81-62-15-48-90-59-89-60-47-2-13-95-74-75-57-41-97-34-20-42-7-67-80-65-33-96-84-68-12-38-82-79-54-27-37-39-46-56-22-23-45-19-83-63-94-77-88-10-24-71-76-30-55-58-17-28-69-21-26-51-64-73-66-91-16-92-50-25-40-32-86-36-18-99-1-61-6-14-4-3-53-31-78-44-11-52-87-35-49-29-70-93-5-9-85-100-8-72-98
Ta100x20,9,1,100,0.925,0.05,4,2230904237,17000,6518,6358,5979,1.494085422,v2_avx512bw_vec32_exact_perm,42-50-43-45-64-81-37-63-2-22-89-7-90-95-24-41-16-66-59-88-33-79-73-62-94-65-4-77-60-68-10-83-80-75-54-97-12-44-21-38-30-58-34-46-84-19-92-78-61-47-86-17-74-56-14-36-29-15-69-99-3-57-20-100-82-39-6-67-25-32-48-93-31-40-23-18-87-70-71-13-27-28-9-85-49-26-76-53-11-1-96-52-5-51-55-35-8-72-91-98
Ta100x20,9,1,100,0.925,0.05,5,2230905246,17000,6502,6358,5979,1.410497453,v2_avx512bw_vec32_exact_perm,15-43-42-89-62-97-37-63-60-19-50-46-81-7-2-41-94-80-16-51-30-59-79-88-90-47-10-23-74-95-9-61-35-87-14-84-93-68-65-21-32-33-77-12-82-13-83-26-99-8-56-24-92-28-64-22-70-76-49-86-3-85-11-27-40-38-58-55-4-75-66-69-6-29-53-45-52-17-34-39-31-1-44-54-25-71-73-100-5-78-36-57-96-18-20-72-48-67-91-98
Ta100x20,9,1,100,0.925,0.05,6,2230906255,17000,6501,6358,5979,1.533006971,v2_avx512bw_vec32_exact_perm,15-37-47-89-62-51-96-81-7-61-65-90-97-40-60-41-74-33-80-43-25-79-78-42-46-12-29-14-73-54-82-16-77-21-9-95-17-39-88-30-55-8-94-56-87-10-44-50-19-58-48-68-6-67-35-24-83-38-84-11-59-45-49-3-86-18-2-1-99-70-28-27-53-92-26-23-4-22-34-31-85-76-63-69-57-36-93-13-71-20-32-75-100-64-52-66-91-5-72-98
Ta100x20,9,1,100,0.925,0.05,7,2230907264,17000,6567,6358,5979,1.429821411,v2_avx512bw_vec32_exact_perm,37-78-65-43-75-15-56-16-7-46-48-77-12-82-42-51-68-94-41-60-24-84-59-19-90-47-21-33-11-80-45-25-6-39-2-23-38-50-54-89-96-95-87-30-63-55-57-20-14-35-61-86-58-4-92-27-22-74-83-76-17-66-3-31-85-49-44-10-99-40-18-79-81-64-29-69-36-62-32-26-13-73-8-88-28-9-34-53-93-97-67-52-1-71-100-5-70-91-72-98
Ta100x20,9,1,100,0.925,0.05,8,2230908273,17000,6562,6358,5979,1.565667423,v2_avx512bw_vec32_exact_perm,37-63-42-47-62-16-43-46-7-12-80-6-54-96-59-41-78-97-60-74-15-94-86-70-29-73-10-50-95-84-4-19-20-39-56-5-100-88-83-58-77-1-89-55-38-69-2-65-21-24-68-28-51-33-90-87-25-11-26-92-27-85-67-76-82-3-40-81-93-13-44-17-66-8-23-45-61-75-9-57-79-99-18-64-30-14-36-71-53-52-49-32-34-35-22-31-48-72-91-98
Ta100x20,9,1,100,0.925,0.05,9,2230909282,17000,6545,6358,5979,1.518394372,v2_avx512bw_vec32_exact_perm,37-81-63-46-24-41-60-50-78-15-26-59-94-16-93-21-74-7-95-47-33-56-51-90-19-88-4-77-83-58-12-42-17-68-80-65-10-44-89-96-54-14-20-39-23-27-43-6-30-1-25-99-61-13-79-38-11-3-85-97-76-18-36-62-84-64-55-40-86-2-92-34-66-82-87-35-70-73-22-29-32-53-71-75-69-100-57-9-49-31-28-52-45-67-48-5-91-8-72-98
Ta100x20,9,1,100,0.925,0.05,10,2230910291,17000,6584,6358,5979,1.504616433,v2_avx512bw_vec32_exact_perm,37-88-15-80-48-95-74-62-65-63-47-46-41-50-12-43-1-94-90-21-89-81-60-79-68-2-59-23-70-38-4-61-73-7-53-22-17-42-19-99-39-82-30-71-33-97-14-51-34-45-100-56-86-77-76-16-9-58-84-49-31-57-6-36-20-27-92-26-13-10-3-93-67-44-25-66-96-28-64-29-85-40-83-54-87-75-11-32-69-55-52-8-24-72-78-35-18-5-91-98
Ta100x20,9,1,100,0.925,0.075,1,2230901210,17000,6459,6358,5979,1.648047788,v2_avx512bw_vec32_exact_perm,81-15-16-37-89-62-97-60-41-43-68-63-42-95-50-19-47-22-88-90-80-46-79-54-30-75-73-57-74-96-23-27-34-65-87-21-77-14-94-1-7-38-33-82-12-25-61-3-84-39-86-10-71-17-11-8-76-92-56-59-6-70-31-49-4-55-93-51-85-24-18-53-32-78-66-2-99-40-26-13-36-28-67-9-44-69-35-20-29-64-58-48-83-45-72-52-100-5-91-98
Ta100x20,9,1,100,0.925,0.075,2,2230902219,17000,6461,6358,5979,1.526556983,v2_avx512bw_vec32_exact_perm,37-63-80-2-65-43-41-7-95-62-16-48-59-15-39-86-90-12-38-89-58-61-46-30-75-78-21-88-54-60-74-79-17-77-50-14-44-68-34-56-1-92-47-53-94-33-66-73-84-9-99-42-57-4-40-97-27-26-23-76-11-82-55-31-64-69-36-28-19-85-51-22-8-83-70-25-71-24-10-45-49-3-20-32-18-6-81-29-87-52-67-100-13-93-72-96-5-35-91-98
Ta100x20,9,1,100,0.925,0.075,3,2230903228,17000,6516,6358,5979,1.790223353,v2_avx512bw_vec32_exact_perm,43-81-96-78-41-50-38-42-59-15-54-75-4-39-12-60-46-62-89-79-65-48-90-94-95-84-80-21-33-97-77-2-23-100-13-61-76-51-57-34-24-83-22-16-93-19-88-70-71-53-74-7-3-44-11-49-30-14-25-5-47-10-92-63-85-68-27-1-58-6-31-40-99-56-26-28-86-87-67-82-8-32-9-69-55-35-29-20-73-37-18-17-36-45-64-52-72-66-91-98
Ta100x20,9,1,100,0.925,0.075,4,2230904237,17000,6579,6358,5979,1.851338159,v2_avx512bw_vec32_exact_perm,81-42-26-43-63-2-59-41-80-16-51-94-70-65-37-73-18-86-7-30-50-21-60-46-47-22-33-19-55-8-45-95-58-89-49-79-87-54-15-83-39-38-76-61-56-84-68-88-14-74-17-20-29-13-10-23-12-4-71-24-77-98-100-82-57-67-6-90-66-75-3-97-44-69-99-11-31-40-28-25-1-78-92-27-93-36-62-32-9-53-64-85-52-48-96-5-34-35-91-72
Ta100x20,9,1,100,0.925,0.075,5,2230905246,17000,6514,6358,5979,1.632256727,v2_avx512bw_vec32_exact_perm,42-15-16-41-37-50-63-43-19-7-22-95-78-89-44-84-26-58-68-80-13-46-4-56-59-24-38-47-79-90-60-66-74-39-23-10-88-25-96-55-8-57-94-32-11-40-28-12-21-51-77-6-14-27-33-73-82-2-5-93-34-65-3-97-54-69-49-100-76-81-86-29-35-17-92-9-85-87-30-75-61-36-67-99-45-62-64-53-83-20-70-52-1-71-18-31-48-72-91-98
Ta100x20,9,1,100,0.925,0.075,6,2230906255,17000,6551,6358,5979,1.664224475,v2_avx512bw_vec32_exact_perm,42-43-15-62-59-33-75-7-89-25-78-12-65-95-6-16-26-47-39-61-38-21-20-50-63-46-13-30-77-23-90-64-27-81-86-94-74-82-19-51-10-29-32-60-41-80-44-68-53-54-88-24-56-2-17-79-76-92-34-99-22-11-4-85-40-8-28-57-87-67-93-3-97-1-71-100-83-66-9-69-5-36-14-18-73-58-49-45-37-52-55-96-84-35-31-48-72-70-91-98
Ta100x20,9,1,100,0.925,0.075,7,2230907264,17000,6561,6358,5979,1.662438753,v2_avx512bw_vec32_exact_perm,37-81-34-65-60-41-74-20-16-95-80-54-33-73-45-62-15-89-47-59-86-43-44-90-12-24-63-46-61-78-79-51-58-10-9-55-2-94-39-82-92-1-77-53-87-84-50-30-7-27-76-38-13-17-21-40-57-29-96-11-32-19-3-22-66-75-25-42-67-97-26-14-99-36-68-83-31-56-28-69-93-23-64-35-71-4-18-6-5-52-8-88-85-100-48-49-70-72-91-98
Ta100x20,9,1,100,0.925,0.075,8,2230908273,17000,6545,6358,5979,1.517105998,v2_avx512bw_vec32_exact_perm,81-96-19-43-74-60-89-78-80-65-94-24-51-90-55-15-59-2-100-13-10-41-79-50-62-49-16-76-61-47-86-66-21-84-77-99-30-38-88-26-33-23-57-63-12-92-17-95-68-46-34-97-42-29-1-39-82-37-25-9-27-44-7-53-3-58-11-20-64-85-5-83-40-54-31-8-56-6-14-73-52-28-87-67-69-36-75-35-4-22-93-71-32-45-18-48-72-70-91-98
Ta100x20,9,1,100,0.925,0.075,9,2230909282,17000,6469,6358,5979,1.662067706,v2_avx512bw_vec32_exact_perm,81-15-24-41-50-37-60-62-43-74-16-11-25-78-95-63-61-97-82-80-42-68-75-10-94-79-7-51-44-19-39-65-77-89-32-57-86-92-17-90-71-47-54-14-1-8-21-33-4-12-76-64-6-59-27-73-100-70-53-93-3-88-46-66-45-28-26-40-58-55-2-23-87-34-36-13-38-99-30-84-96-35-56-69-9-85-52-67-83-31-29-22-20-48-49-18-5-72-91-98
Ta100x20,9,1,100,0.925,0.075,10,2230910291,17000,6472,6358,5979,1.65176944,v2_avx512bw_vec32_exact_perm,42-43-15-19-65-89-75-41-16-94-26-51-33-63-14-97-60-7-22-74-79-44-59-38-57-78-50-30-27-95-3-39-82-21-47-77-12-46-10-23-54-4-6-32-40-13-76-34-99-88-100-90-86-80-56-96-81-61-1-68-58-71-70-24-83-2-25-53-29-69-31-49-18-92-17-85-20-55-37-87-93-11-84-9-73-35-62-36-28-45-67-91-5-52-64-8-48-72-66-98
Ta100x20,9,1,100,0.925,0.1,1,2230901210,17000,6462,6358,5979,1.574477779,v2_avx512bw_vec32_exact_perm,37-88-43-74-15-78-63-60-95-41-61-94-1-90-59-51-55-26-12-65-40-50-83-62-81-3-82-97-38-69-57-77-89-19-23-84-20-16-2-58-49-33-68-7-80-21-28-11-39-79-6-31-47-30-13-46-9-25-27-73-87-8-10-56-44-75-99-70-100-14-86-54-4-24-29-22-85-76-71-18-32-45-34-92-17-42-53-93-64-35-96-52-36-5-48-67-91-72-66-98
Ta100x20,9,1,100,0.925,0.1,2,2230902219,17000,6450,6358,5979,1.508784246,v2_avx512bw_vec32_exact_perm,81-78-15-74-43-88-89-16-20-41-24-60-47-90-97-61-95-63-94-80-33-7-62-77-65-4-2-30-58-55-75-10-50-45-46-76-9-12-79-37-73-27-11-21-14-32-51-42-39-36-64-68-13-17-29-99-57-44-40-19-67-86-54-59-26-84-3-82-56-8-92-49-1-6-34-66-25-53-100-71-22-70-23-31-28-93-69-85-87-91-96-35-83-38-18-48-5-52-72-98
Ta100x20,9,1,100,0.925,0.1,3,2230903228,17000,6510,6358,5979,1.464042072,v2_avx512bw_vec32_exact_perm,42-81-15-26-47-65-11-80-97-63-41-95-79-33-43-88-90-24-94-75-10-56-74-2-7-96-23-38-99-77-76-54-64-35-60-73-40-68-86-82-28-89-69-30-12-21-78-50-22-46-25-58-83-37-70-19-16-48-92-1-13-51-27-3-4-53-61-14-71-100-8-57-29-59-87-31-49-55-20-39-44-32-18-62-17-36-9-85-67-84-93-5-66-45-6-52-98-34-72-91
Ta100x20,9,1,100,0.925,0.1,4,2230904237,17000,6496,6358,5979,1.582159116,v2_avx512bw_vec32_exact_perm,42-43-81-88-41-47-62-95-78-61-20-63-80-13-50-46-4-12-10-97-7-26-33-65-90-25-87-54-82-77-60-86-38-29-73-57-59-68-5-89-84-93-19-15-55-69-24-2-94-83-39-21-44-49-48-58-3-70-85-11-51-56-16-30-14-74-79-27-71-66-75-64-8-92-76-22-6-34-23-32-35-99-100-9-31-17-40-36-28-53-96-37-1-67-45-52-18-72-91-98
Ta100x20,9,1,100,0.925,0.1,5,2230905246,17000,6479,6358,5979,1.594962741,v2_avx512bw_vec32_exact_perm,42-81-37-7-64-89-90-43-65-95-62-16-80-97-34-15-12-30-21-63-46-47-19-41-60-33-94-79-78-44-54-39-51-10-86-31-28-61-58-48-14-59-83-68-4-50-9-66-38-22-25-23-26-56-67-70-69-36-92-87-35-6-27-29-45-74-75-53-8-32-88-11-20-55-77-17-52-13-76-49-99-40-24-82-3-1-71-84-96-57-18-73-100-85-2-93-72-5-91-98
Ta100x20,9,1,100,0.925,0.1,6,2230906255,17000,6493,6358,5979,1.465259113,v2_avx512bw_vec32_exact_perm,15-50-37-24-60-74-47-64-89-45-43-79-80-12-38-65-46-7-62-97-90-56-33-8-25-10-95-63-23-81-6-26-88-58-70-51-32-41-94-66-14-82-19-54-16-77-73-4-21-1-30-75-2-68-27-57-96-28-31-42-61-59-44-39-35-17-3-49-53-93-11-86-84-92-87-48-100-13-99-40-85-34-76-29-20-9-22-55-71-69-36-67-18-5-83-52-78-72-91-98
Ta100x20,9,1,100,0.925,0.1,7,2230907264,17000,6502,6358,5979,1.544153929,v2_avx512bw_vec32_exact_perm,37-63-95-78-97-41-24-43-2-12-51-40-33-7-62-46-80-4-57-75-68-65-30-60-81-94-47-19-10-45-3-16-76-21-74-59-89-15-1-55-77-88-99-49-82-39-79-17-54-42-38-11-8-25-87-23-90-31-36-26-13-61-20-67-73-6-58-27-52-22-70-86-83-92-84-9-50-14-93-5-32-71-91-56-69-96-35-28-53-29-44-100-64-85-34-18-48-72-66-98
Ta100x20,9,1,100,0.925,0.1,8,2230908273,17000,6549,6358,5979,1.542415951,v2_avx512bw_vec32_exact_perm,88-96-41-43-90-94-64-81-51-42-77-95-47-80-65-48-39-50-38-15-100-73-11-58-56-59-12-82-19-16-33-21-60-46-7-68-24-28-75-10-74-44-93-54-17-67-25-92-86-22-89-20-84-79-62-63-53-97-6-61-70-31-45-76-83-57-27-3-55-14-99-2-40-23-4-87-35-9-29-32-34-1-69-36-49-18-71-30-78-66-85-8-37-91-13-5-26-72-52-98
Ta100x20,9,1,100,0.925,0.1,9,2230909282,17000,6512,6358,5979,1.402863206,v2_avx512bw_vec32_exact_perm,37-65-15-41-59-62-75-2-43-74-51-70-79-88-89-90-21-16-23-50-10-77-92-64-47-30-95-12-4-3-46-97-45-33-80-54-60-27-19-78-22-86-57-38-82-42-55-24-11-58-7-73-76-56-14-84-94-96-61-1-83-99-40-68-20-39-63-87-26-36-25-53-28-34-85-17-81-93-9-31-71-32-35-67-29-8-13-44-69-48-66-6-52-49-18-100-5-91-72-98
Ta100x20,9,1,100,0.925,0.1,10,2230910291,17000,6445,6358,5979,1.525109177,v2_avx512bw_vec32_exact_perm,81-15-42-89-16-2-80-88-74-60-78-97-41-47-11-79-62-95-84-21-51-90-61-20-33-45-39-94-43-57-75-10-59-44-26-23-68-92-24-87-55-99-38-7-77-14-19-65-4-63-34-48-53-30-46-70-76-54-56-96-1-27-12-6-58-82-71-3-69-17-40-66-83-22-93-25-13-64-49-85-37-8-50-86-28-91-67-18-73-31-36-29-32-9-35-100-5-52-72-98
Ta100x20,9,1,100,0.925,0.125,1,2230901210,17000,6462,6358,5979,1.590990048,v2_avx512bw_vec32_exact_perm,42-81-43-88-50-15-41-59-51-10-75-61-78-65-62-89-20-97-90-38-19-7-12-94-64-79-95-4-23-2-77-80-33-54-47-6-60-39-46-84-74-21-13-26-56-48-30-24-31-16-83-68-67-18-92-76-44-58-27-17-85-40-3-57-63-14-22-86-70-73-34-99-87-35-28-93-66-25-55-82-71-1-29-49-69-37-100-9-53-11-32-8-45-36-91-5-96-52-72-98
Ta100x20,9,1,100,0.925,0.125,2,2230902219,17000,6527,6358,5979,1.590859192,v2_avx512bw_vec32_exact_perm,48-75-68-43-89-60-77-88-15-16-80-62-47-97-37-90-81-46-21-63-74-82-20-33-12-6-51-30-95-27-23-2-4-41-61-19-58-59-32-22-78-1-55-65-26-99-10-31-7-28-36-64-3-24-14-34-79-92-85-87-54-40-9-84-38-39-57-71-56-76-67-29-69-83-11-70-44-13-42-94-8-18-73-17-53-66-52-49-25-96-35-100-86-50-45-93-72-5-91-98
Ta100x20,9,1,100,0.925,0.125,3,2230903228,17000,6516,6358,5979,1.567796504,v2_avx512bw_vec32_exact_perm,88-96-74-43-75-81-15-41-51-59-7-42-19-89-44-80-47-16-20-68-12-60-78-33-95-27-55-93-65-37-79-86-58-63-57-94-90-97-38-1-46-54-9-4-25-62-10-73-50-21-24-56-26-17-14-71-8-61-13-49-30-66-76-84-2-85-31-22-92-77-99-70-23-28-11-45-64-69-6-52-39-36-67-53-40-83-29-32-100-18-82-72-3-87-48-5-35-34-91-98
Ta100x20,9,1,100,0.925,0.125,4,2230904237,17000,6465,6358,5979,1.420607485,v2_avx512bw_vec32_exact_perm,88-78-42-81-15-61-60-80-46-63-62-95-50-94-41-13-96-74-47-19-97-90-23-2-73-89-30-38-21-45-12-26-59-20-68-4-6-43-3-24-76-34-16-11-79-10-75-87-86-54-25-29-58-55-44-49-99-18-33-40-65-57-83-84-77-37-39-56-14-92-67-100-17-53-7-52-85-22-9-51-69-36-82-1-93-71-70-27-32-31-91-28-5-48-64-35-8-72-66-98
Ta100x20,9,1,100,0.925,0.125,5,2230905246,17000,6468,6358,5979,1.685083768,v2_avx512bw_vec32_exact_perm,88-43-90-41-50-42-81-37-89-95-84-80-65-78-15-94-61-79-60-86-74-28-39-46-54-47-19-66-59-26-13-48-38-99-82-68-87-56-25-62-83-16-30-63-14-21-77-49-76-71-7-70-58-2-23-55-4-11-8-12-85-40-31-69-51-44-33-34-24-92-17-1-93-35-6-10-75-29-45-3-97-57-67-22-27-20-9-36-32-96-64-53-52-73-100-72-18-5-91-98
Ta100x20,9,1,100,0.925,0.125,6,2230906255,17000,6522,6358,5979,1.450269996,v2_avx512bw_vec32_exact_perm,37-78-89-16-45-48-26-14-94-47-33-43-15-54-80-51-79-38-12-74-81-56-30-75-46-84-62-65-77-63-6-61-59-58-17-73-24-2-95-1-41-29-39-99-86-4-7-21-90-34-10-19-92-66-32-64-82-3-53-88-42-25-68-28-97-49-76-11-31-22-36-27-60-69-55-20-40-23-100-50-57-44-9-8-13-83-67-93-85-87-35-71-70-96-5-52-18-72-91-98
Ta100x20,9,1,100,0.925,0.125,7,2230907264,17000,6555,6358,5979,1.579384646,v2_avx512bw_vec32_exact_perm,48-89-75-43-74-60-80-94-15-41-96-78-24-12-33-46-37-27-92-47-62-1-95-81-63-56-76-61-38-97-57-42-4-26-17-65-25-30-79-55-71-22-58-14-19-51-84-85-77-39-82-21-2-9-64-49-20-68-90-10-59-86-6-7-67-87-3-99-54-5-83-40-91-36-93-16-11-23-70-69-73-88-44-50-8-29-45-32-53-18-31-28-100-52-66-13-34-35-72-98
Ta100x20,9,1,100,0.925,0.125,8,2230908273,17000,6531,6358,5979,1.47478603,v2_avx512bw_vec32_exact_perm,42-43-62-97-95-47-41-88-33-51-57-60-50-37-10-80-77-65-34-4-38-86-89-15-73-90-11-84-74-54-40-17-79-12-92-58-78-81-2-56-67-3-30-46-63-68-25-21-59-44-27-96-39-6-26-23-22-82-61-94-35-8-76-9-69-85-16-32-31-19-7-1-71-14-29-93-53-5-99-24-49-18-87-28-55-66-83-70-45-91-75-20-64-48-36-13-100-72-52-98
Ta100x20,9,1,100,0.925,0.125,9,2230909282,17000,6545,6358,5979,1.425305266,v2_avx512bw_vec32_exact_perm,43-81-37-89-16-62-50-7-96-41-17-24-60-79-94-54-15-80-47-74-75-38-61-21-39-73-64-1-12-33-95-55-10-51-46-90-63-23-22-27-19-2-97-30-86-6-42-65-93-13-14-70-84-76-88-9-99-77-36-59-57-71-32-4-11-25-40-3-8-83-58-56-69-34-67-68-53-44-45-100-82-92-35-78-20-52-87-49-85-29-18-28-5-26-48-31-91-72-66-98
Ta100x20,9,1,100,0.925,0.125,10,2230910291,17000,6517,6358,5979,1.439056099,v2_avx512bw_vec32_exact_perm,37-2-15-74-47-43-41-65-89-48-75-10-12-94-61-60-80-82-16-81-77-44-63-86-21-39-97-38-11-32-42-17-70-23-68-88-90-95-57-79-54-71-4-27-33-40-76-64-51-55-20-93-99-25-26-59-58-7-19-84-22-83-78-53-56-62-46-8-49-30-45-29-73-1-100-85-24-67-9-66-92-87-34-28-50-14-3-31-6-52-13-35-69-36-96-18-72-5-91-98
Ta100x20,9,1,100,0.9625,0.025,1,2230901210,17000,6549,6358,5979,1.531145001,v2_avx512bw_vec32_exact_perm,37-2-43-89-88-15-62-7-96-68-16-59-61-31-47-42-94-33-51-58-90-73-4-41-81-19-65-95-80-28-77-54-64-84-38-12-97-8-79-48-46-10-57-99-60-26-76-56-14-92-78-74-83-66-39-21-70-1-82-3-25-5-93-85-34-63-87-53-29-49-32-22-17-50-40-20-27-55-24-71-18-69-86-44-30-9-6-11-23-100-75-45-52-35-13-36-67-72-91-98
Ta100x20,9,1,100,0.9625,0.025,2,2230902219,17000,6563,6358,5979,1.642487258,v2_avx512bw_vec32_exact_perm,48-59-95-78-88-47-62-15-16-74-41-97-89-65-43-42-33-7-19-64-84-10-25-68-61-75-60-76-46-30-12-94-79-83-50-14-54-2-49-77-20-80-23-90-82-63-81-21-1-9-70-31-44-56-4-3-6-53-58-100-34-85-67-39-73-17-22-24-57-37-40-51-27-38-86-29-69-11-32-28-93-5-35-92-87-96-55-99-45-52-36-8-13-71-18-26-98-72-66-91
Ta100x20,9,1,100,0.9625,0.025,3,2230903228,17000,6487,6358,5979,1.503245878,v2_avx512bw_vec32_exact_perm,15-96-74-46-50-41-65-47-30-43-12-61-60-97-26-24-80-33-95-7-62-2-20-23-16-66-90-59-75-10-63-38-77-86-84-11-58-48-69-79-49-34-67-21-54-19-17-94-44-39-13-57-76-37-27-1-71-22-4-89-14-73-56-55-29-36-31-6-45-42-68-53-51-70-9-81-82-85-8-99-40-87-25-93-88-83-3-32-92-78-35-28-64-18-100-5-91-72-52-98
Ta100x20,9,1,100,0.9625,0.025,4,2230904237,17000,6577,6358,5979,1.505062993,v2_avx512bw_vec32_exact_perm,65-42-50-15-81-95-63-80-59-78-46-77-60-43-10-79-88-56-47-18-33-51-41-25-29-64-58-12-6-16-24-92-89-30-5-2-7-19-17-38-86-90-54-13-99-4-68-97-28-34-23-96-76-61-11-69-22-21-14-73-83-62-32-94-36-45-39-3-53-26-100-57-82-27-67-40-44-52-74-49-93-75-66-84-20-55-9-87-8-85-70-71-37-31-35-1-91-48-72-98
Ta100x20,9,1,100,0.9625,0.025,5,2230905246,17000,6490,6358,5979,1.495334136,v2_avx512bw_vec32_exact_perm,37-7-19-65-60-80-2-59-26-89-62-47-94-77-16-43-86-58-15-74-41-12-51-97-90-23-84-38-46-33-66-54-4-76-42-45-75-30-95-64-25-69-18-36-34-21-63-73-57-24-50-100-6-10-96-56-44-39-31-68-82-99-20-78-48-22-53-61-8-14-35-92-17-85-87-29-55-40-67-79-83-3-1-88-28-71-81-9-27-32-11-52-13-93-49-72-70-91-5-98
Ta100x20,9,1,100,0.9625,0.025,6,2230906255,17000,6498,6358,5979,1.49206129,v2_avx512bw_vec32_exact_perm,43-62-45-15-16-94-50-37-97-89-60-79-34-80-65-42-7-95-30-38-75-41-2-63-90-81-23-21-77-11-51-33-24-57-12-17-92-74-64-82-19-53-46-29-4-10-58-26-47-44-25-70-39-73-56-66-86-61-59-87-71-27-28-14-40-55-67-20-93-68-84-18-5-32-36-78-76-3-99-13-85-54-8-49-88-100-22-6-31-69-9-35-52-83-1-96-48-91-72-98
Ta100x20,9,1,100,0.9625,0.025,7,2230907264,17000,6517,6358,5979,1.505487103,v2_avx512bw_vec32_exact_perm,42-50-37-89-43-60-41-4-19-24-16-95-17-10-77-75-65-70-38-80-21-61-15-62-82-47-81-96-97-20-73-54-26-39-13-99-30-76-44-56-94-86-52-49-63-35-87-90-33-51-46-59-93-9-2-69-74-57-14-29-84-23-18-22-7-78-53-71-68-79-28-11-67-6-32-66-27-55-40-8-25-12-83-72-58-92-64-34-85-31-36-1-3-88-45-48-100-91-5-98
Ta100x20,9,1,100,0.9625,0.025,8,2230908273,17000,6546,6358,5979,1.535961607,v2_avx512bw_vec32_exact_perm,81-88-40-60-80-33-89-31-15-94-62-43-4-12-79-78-41-65-30-95-46-68-42-34-21-87-49-84-77-54-39-23-51-11-24-38-90-1-2-56-75-74-10-6-17-29-86-28-18-19-14-16-83-97-37-76-55-92-58-22-27-47-70-82-71-57-3-69-25-8-59-61-67-32-63-20-9-53-44-50-85-96-7-93-5-35-99-100-45-26-36-13-73-52-64-66-72-48-91-98
Ta100x20,9,1,100,0.9625,0.025,9,2230909282,17000,6463,6358,5979,1.629847547,v2_avx512bw_vec32_exact_perm,43-42-89-60-16-41-81-15-2-74-80-58-75-37-59-54-95-84-26-17-62-77-65-78-70-88-56-33-90-23-46-48-14-63-10-97-94-79-12-30-86-68-25-61-82-38-7-96-45-69-99-49-21-100-39-13-1-4-19-71-50-85-6-34-76-40-53-29-24-47-22-27-73-11-9-83-92-57-93-36-64-32-3-44-35-51-91-31-20-55-87-52-67-28-5-18-8-72-66-98
Ta100x20,9,1,100,0.9625,0.025,10,2230910291,17000,6489,6358,5979,1.565306163,v2_avx512bw_vec32_exact_perm,15-81-43-89-88-90-37-78-2-17-12-58-45-41-48-24-95-60-47-39-46-19-21-50-74-82-32-80-6-94-64-8-92-70-38-7-86-77-61-65-75-28-26-55-10-99-40-23-76-97-62-11-25-83-20-14-56-73-42-63-16-33-79-57-59-29-87-34-53-68-27-51-71-30-22-31-4-36-3-13-69-85-93-66-9-84-67-44-54-49-35-100-96-5-52-1-18-72-91-98
Ta100x20,9,1,100,0.9625,0.05,1,2230901210,17000,6532,6358,5979,1.511575871,v2_avx512bw_vec32_exact_perm,88-43-89-78-16-81-41-7-47-60-33-62-20-12-80-46-25-45-24-3-97-19-51-38-15-77-86-94-2-95-84-1-30-73-13-21-74-63-64-10-61-14-58-27-76-37-75-65-90-22-23-54-100-59-39-44-72-50-56-8-57-11-96-53-82-99-18-32-71-68-40-4-29-35-6-87-79-55-92-34-67-42-31-28-69-9-36-17-5-93-85-26-83-49-66-52-48-70-91-98
Ta100x20,9,1,100,0.9625,0.05,2,2230902219,17000,6594,6358,5979,1.505020313,v2_avx512bw_vec32_exact_perm,15-48-46-78-65-37-39-97-60-2-80-43-20-68-75-22-56-94-47-74-87-21-89-33-96-27-73-63-30-69-61-41-95-76-24-13-16-81-79-29-90-49-53-77-86-54-6-84-88-26-10-58-51-7-62-8-23-34-45-42-17-19-99-4-59-57-38-9-66-82-12-32-36-40-11-28-3-70-31-25-83-55-14-92-64-18-85-1-93-44-71-50-5-100-52-67-35-72-91-98
Ta100x20,9,1,100,0.9625,0.05,3,2230903228,17000,6474,6358,5979,1.658951903,v2_avx512bw_vec32_exact_perm,42-43-15-41-89-65-78-50-90-80-7-60-46-75-94-61-47-48-81-79-74-21-13-16-76-37-38-88-33-54-17-84-40-77-93-97-63-53-11-4-95-2-62-10-39-73-28-23-66-100-14-19-27-71-30-3-59-68-31-64-25-36-44-69-24-55-51-18-99-6-34-45-8-58-56-85-26-87-12-82-1-92-35-49-70-29-57-96-86-22-20-9-83-32-52-67-91-5-72-98
Ta100x20,9,1,100,0.9625,0.05,4,2230904237,17000,6537,6358,5979,1.617167667,v2_avx512bw_vec32_exact_perm,48-16-43-95-7-41-42-78-81-65-94-22-63-46-80-33-51-30-19-60-12-15-75-2-59-21-74-32-38-61-87-84-89-76-18-10-23-47-77-6-79-54-17-92-34-86-25-4-39-83-90-13-56-88-26-28-53-67-97-36-29-69-37-1-57-9-49-14-99-11-20-27-93-24-58-3-45-73-44-64-50-66-85-40-8-68-82-71-70-62-96-35-55-52-31-100-5-91-72-98
Ta100x20,9,1,100,0.9625,0.05,5,2230905246,17000,6520,6358,5979,1.710310663,v2_avx512bw_vec32_exact_perm,42-81-43-89-47-60-33-54-45-80-15-90-50-82-78-12-74-21-64-94-63-95-30-86-7-16-38-19-84-39-37-58-22-61-24-41-75-99-8-87-59-46-70-62-35-92-32-3-31-83-48-68-76-2-65-27-77-6-66-23-55-97-71-10-4-69-11-13-85-51-73-100-53-40-28-26-9-67-57-36-25-14-29-56-20-49-18-1-17-79-44-34-96-88-72-52-93-5-91-98
Ta100x20,9,1,100,0.9625,0.05,6,2230906255,17000,6530,6358,5979,1.591502393,v2_avx512bw_vec32_exact_perm,15-2-50-33-63-80-65-100-42-13-74-95-62-43-68-16-60-24-41-81-64-97-94-47-30-22-79-51-70-14-29-73-86-25-61-90-21-78-89-75-57-26-28-12-23-46-92-10-32-7-59-49-39-56-84-66-44-96-77-17-54-40-20-3-87-36-34-99-82-53-76-19-45-27-38-88-93-55-85-37-1-11-4-9-5-52-58-6-67-8-71-35-83-69-48-31-18-98-72-91
Ta100x20,9,1,100,0.9625,0.05,7,2230907264,17000,6465,6358,5979,1.474033594,v2_avx512bw_vec32_exact_perm,37-89-60-15-74-43-41-24-96-68-11-88-20-90-95-84-94-4-80-3-59-63-10-82-62-97-19-1-49-16-42-25-21-77-12-46-81-29-65-28-56-38-61-26-87-58-79-45-55-47-30-34-51-86-22-6-50-33-70-14-7-76-92-17-31-44-40-73-54-23-69-39-27-32-2-48-57-8-13-83-9-99-18-85-64-93-36-78-53-71-35-100-52-67-91-5-75-72-66-98
Ta100x20,9,1,100,0.9625,0.05,8,2230908273,17000,6527,6358,5979,1.64349493,v2_avx512bw_vec32_exact_perm,37-89-81-88-95-63-97-15-41-64-51-74-60-47-33-13-71-79-30-26-43-39-14-23-46-68-92-84-90-1-75-61-66-58-6-27-78-10-86-94-77-57-4-56-38-19-16-65-42-73-70-50-24-28-87-20-54-80-62-17-2-40-67-21-76-34-82-12-25-100-8-53-29-85-49-22-35-59-3-32-31-9-36-7-96-44-69-48-11-5-91-83-99-18-55-52-45-93-72-98
Ta100x20,9,1,100,0.9625,0.05,9,2230909282,17000,6510,6358,5979,1.483651486,v2_avx512bw_vec32_exact_perm,42-33-95-47-63-15-12-43-60-41-62-97-20-78-56-16-81-74-66-13-2-90-80-96-79-61-14-65-28-77-46-44-89-94-70-29-53-4-48-57-59-73-76-34-51-39-21-17-26-10-27-86-6-7-30-11-19-50-23-92-38-22-83-68-24-49-84-9-54-85-40-67-8-32-99-100-18-87-25-3-82-55-69-64-31-52-36-58-75-71-37-35-45-93-1-5-88-72-91-98
Ta100x20,9,1,100,0.9625,0.05,10,2230910291,17000,6491,6358,5979,1.527234254,v2_avx512bw_vec32_exact_perm,15-81-37-89-4-75-41-62-43-88-45-77-65-90-80-47-59-42-95-33-7-86-60-54-100-73-39-51-76-20-94-57-9-14-97-56-2-79-38-61-78-66-16-53-74-82-27-21-87-40-48-26-24-12-84-71-32-63-58-19-50-46-3-6-1-10-55-67-18-83-92-68-17-30-25-23-22-36-49-34-13-44-69-8-64-85-99-11-28-70-31-72-29-5-52-91-96-35-93-98
Ta100x20,9,1,100,0.9625,0.075,1,2230901210,17000,6495,6358,5979,1.523442444,v2_avx512bw_vec32_exact_perm,37-81-7-63-64-16-80-50-20-89-2-19-65-90-38-86-21-74-60-41-15-39-94-59-43-47-33-29-62-17-95-12-46-28-40-54-58-84-9-25-26-51-57-73-10-23-18-82-76-55-61-4-30-75-45-77-14-85-100-68-3-67-71-97-70-8-92-24-32-49-66-88-27-6-42-69-11-79-53-83-93-1-13-99-22-31-44-56-96-35-78-52-87-36-72-48-5-34-91-98
Ta100x20,9,1,100,0.9625,0.075,2,2230902219,17000,6486,6358,5979,1.674475765,v2_avx512bw_vec32_exact_perm,88-15-62-16-45-41-43-81-37-94-63-89-90-24-78-20-10-19-60-74-75-65-95-80-33-12-26-82-54-73-4-57-77-53-48-51-44-39-25-38-61-21-47-32-8-64-46-66-68-23-42-50-92-87-27-84-9-22-86-11-30-58-6-14-7-3-97-76-56-83-69-40-2-99-70-96-35-29-1-59-49-18-28-79-55-71-31-100-5-91-67-85-52-17-36-13-34-72-93-98
Ta100x20,9,1,100,0.9625,0.075,3,2230903228,17000,6519,6358,5979,1.459395282,v2_avx512bw_vec32_exact_perm,42-81-43-66-96-75-60-97-37-50-2-19-27-62-95-88-41-51-74-90-92-24-26-59-73-47-54-5-10-7-80-77-65-44-94-83-58-34-12-46-28-63-69-33-45-86-89-57-40-21-16-8-6-68-76-56-4-53-87-15-61-36-49-13-30-67-11-70-29-17-38-79-55-25-84-71-35-20-9-39-82-23-3-100-22-1-99-48-64-14-93-31-85-18-32-91-78-72-52-98
Ta100x20,9,1,100,0.9625,0.075,4,2230904237,17000,6546,6358,5979,1.463213473,v2_avx512bw_vec32_exact_perm,37-43-7-62-65-2-41-50-63-95-30-39-88-60-24-16-10-15-75-61-80-97-54-94-76-82-79-81-38-55-20-12-4-56-46-18-68-90-23-21-74-64-58-48-73-66-34-83-92-17-26-86-13-36-96-28-19-53-89-11-84-22-77-25-6-47-45-27-87-71-52-33-51-70-14-59-44-35-3-31-49-1-29-78-42-69-57-85-8-32-99-40-5-93-100-9-67-98-72-91
Ta100x20,9,1,100,0.9625,0.075,5,2230905246,17000,6477,6358,5979,1.729866192,v2_avx512bw_vec32_exact_perm,81-95-78-89-60-65-50-41-59-62-43-88-90-54-80-15-16-39-46-30-25-75-21-61-74-86-63-44-20-19-97-42-24-51-38-55-87-57-47-8-12-82-37-27-13-6-94-77-11-23-69-84-76-56-26-99-83-7-58-22-29-64-85-33-70-79-100-36-96-32-14-3-10-35-49-92-68-2-28-31-45-93-17-53-18-40-1-71-73-52-67-4-9-66-72-48-5-34-91-98
Ta100x20,9,1,100,0.9625,0.075,6,2230906255,17000,6498,6358,5979,1.793321497,v2_avx512bw_vec32_exact_perm,37-15-62-7-16-43-89-79-12-95-78-41-50-19-88-10-47-80-90-65-94-60-33-39-86-54-21-51-4-87-100-25-74-38-57-22-59-3-46-73-30-81-63-55-66-75-97-2-14-42-1-82-48-96-68-36-99-61-58-83-77-17-40-70-85-76-23-34-71-31-24-28-11-69-29-13-32-27-20-56-8-64-6-53-18-49-91-92-67-84-45-5-44-35-52-9-26-93-72-98
Ta100x20,9,1,100,0.9625,0.075,7,2230907264,17000,6529,6358,5979,1.746902095,v2_avx512bw_vec32_exact_perm,37-78-15-16-41-13-81-43-80-65-42-95-56-20-89-47-90-79-12-88-22-97-84-60-61-24-26-30-33-75-68-27-59-96-86-74-54-38-76-7-21-49-4-62-11-44-39-77-25-71-14-23-10-63-70-46-92-58-32-100-19-45-53-8-64-82-3-99-35-9-5-85-2-17-93-29-94-50-87-57-48-31-40-83-28-69-36-51-6-52-55-67-18-73-1-98-72-66-34-91
Ta100x20,9,1,100,0.9625,0.075,8,2230908273,17000,6573,6358,5979,1.806003083,v2_avx512bw_vec32_exact_perm,48-80-88-60-26-62-16-59-94-15-63-20-55-38-41-51-81-78-79-76-89-97-10-73-77-47-61-92-17-86-56-50-28-96-39-95-57-74-46-90-32-40-65-30-2-3-23-7-19-27-14-71-70-33-21-43-68-12-49-22-66-44-25-82-54-18-67-6-8-45-34-53-4-100-58-83-31-9-69-13-85-37-52-1-24-29-75-99-42-35-87-36-64-84-11-93-5-91-72-98
Ta100x20,9,1,100,0.9625,0.075,9,2230909282,17000,6523,6358,5979,1.744840821,v2_avx512bw_vec32_exact_perm,42-37-89-16-78-94-62-15-41-50-59-96-47-74-80-60-61-25-76-2-97-75-10-4-20-95-12-23-33-7-64-66-46-58-34-79-84-43-19-73-54-71-27-30-88-77-14-65-48-32-81-11-24-21-3-87-83-68-22-35-29-51-90-17-39-6-18-86-57-93-99-36-69-13-82-56-63-53-100-85-40-38-92-28-26-49-55-31-44-8-9-1-67-70-5-45-52-72-91-98
Ta100x20,9,1,100,0.9625,0.075,10,2230910291,17000,6502,6358,5979,1.721054316,v2_avx512bw_vec32_exact_perm,81-37-63-64-79-16-41-89-90-95-97-62-7-3-65-74-43-15-94-80-88-2-30-77-47-12-27-21-23-10-60-8-33-17-59-68-31-44-39-56-42-82-73-66-26-61-24-58-78-46-50-100-86-6-29-25-57-67-19-75-71-54-4-1-49-70-99-40-76-85-13-93-83-11-28-38-53-9-14-84-51-22-92-55-20-18-69-87-34-36-32-5-45-52-48-96-72-35-91-98
Ta100x20,9,1,100,0.9625,0.1,1,2230901210,17000,6491,6358,5979,1.447500243,v2_avx512bw_vec32_exact_perm,15-81-88-80-74-47-65-37-89-62-97-41-60-78-16-70-68-38-21-12-43-90-24-50-46-52-63-33-19-75-7-57-99-95-10-4-9-30-55-92-27-86-2-58-51-45-40-1-94-6-93-77-84-23-87-11-25-69-54-48-49-100-79-61-13-8-71-36-32-17-59-39-14-66-83-42-3-67-76-82-56-73-31-28-22-35-96-26-20-44-29-64-53-34-85-18-72-5-91-98
Ta100x20,9,1,100,0.9625,0.1,2,2230902219,17000,6458,6358,5979,1.471271889,v2_avx512bw_vec32_exact_perm,43-50-62-15-65-41-59-34-20-60-39-21-47-68-45-48-17-19-10-7-96-46-90-12-33-95-89-88-79-94-84-38-74-80-57-44-75-30-51-81-61-56-70-73-16-40-63-53-25-26-54-97-2-24-76-42-58-83-29-22-31-69-6-82-27-37-77-92-93-87-35-3-4-86-14-99-32-11-18-23-9-36-49-100-28-5-13-8-64-85-71-52-67-1-55-66-78-72-91-98
Ta100x20,9,1,100,0.9625,0.1,3,2230903228,17000,6498,6358,5979,1.591194904,v2_avx512bw_vec32_exact_perm,43-15-50-41-81-88-80-78-42-65-38-74-89-62-64-58-7-96-48-79-12-95-3-16-77-46-21-11-47-68-28-76-75-57-10-71-13-84-61-60-97-20-19-2-27-39-51-37-31-30-86-90-6-59-1-92-56-22-94-33-83-45-54-63-24-34-36-14-70-73-4-66-55-8-32-9-99-25-40-23-44-67-91-26-17-69-93-82-53-29-85-87-49-100-5-52-18-72-35-98
Ta100x20,9,1,100,0.9625,0.1,4,2230904237,17000,6456,6358,5979,1.696995389,v2_avx512bw_vec32_exact_perm,81-43-88-95-62-41-50-65-80-51-90-42-46-74-47-97-37-79-61-12-87-20-2-60-30-39-33-82-94-24-89-45-77-57-48-49-76-16-66-34-59-86-4-73-54-96-6-68-10-58-21-63-100-14-38-25-23-7-26-92-22-17-83-36-9-69-56-70-84-71-19-27-53-44-11-31-93-3-99-13-8-15-55-85-40-67-28-75-18-32-64-35-52-1-29-5-78-72-91-98
Ta100x20,9,1,100,0.9625,0.1,5,2230905246,17000,6486,6358,5979,1.379930263,v2_avx512bw_vec32_exact_perm,15-24-47-62-21-74-7-43-16-78-41-94-11-50-60-76-79-34-88-97-54-90-4-80-65-33-61-25-42-75-2-63-59-55-20-39-46-30-12-44-77-67-86-14-56-89-19-71-81-38-17-6-69-29-27-10-23-68-58-48-95-84-37-87-22-40-99-93-32-57-3-35-8-82-31-73-64-92-100-49-1-9-53-26-36-51-28-13-83-70-66-96-85-18-5-45-52-72-91-98
Ta100x20,9,1,100,0.9625,0.1,6,2230906255,17000,6581,6358,5979,1.370457414,v2_avx512bw_vec32_exact_perm,37-81-65-43-94-33-15-89-47-95-4-80-62-32-41-12-51-79-16-46-77-56-42-88-78-27-19-58-11-20-6-17-23-34-44-10-61-75-74-82-29-21-64-70-71-30-13-26-76-90-7-83-39-53-38-45-1-2-40-57-92-60-50-54-8-84-59-24-68-28-9-86-97-49-22-14-3-73-66-99-87-25-93-85-100-96-55-67-69-52-36-63-5-31-48-35-18-72-91-98
Ta100x20,9,1,100,0.9625,0.1,7,2230907264,17000,6478,6358,5979,1.610741868,v2_avx512bw_vec32_exact_perm,37-15-78-89-43-60-68-57-75-63-64-94-62-47-81-95-41-84-19-4-39-88-42-23-90-46-21-7-77-2-24-74-38-1-16-10-80-13-97-92-28-86-3-82-31-6-50-22-79-56-83-70-61-26-58-25-12-73-44-27-11-14-65-91-71-59-33-55-87-30-96-85-34-35-76-54-20-9-51-69-49-99-17-40-36-29-32-100-18-53-52-8-45-48-67-93-5-72-66-98
Ta100x20,9,1,100,0.9625,0.1,8,2230908273,17000,6506,6358,5979,1.411788196,v2_avx512bw_vec32_exact_perm,81-50-37-63-64-95-78-47-41-12-15-80-94-19-84-43-61-10-7-62-51-42-6-75-11-3-99-20-90-79-59-16-23-68-44-89-65-45-27-74-38-22-54-58-2-53-4-40-1-77-88-46-28-39-86-48-25-13-8-97-55-71-36-70-60-76-56-82-34-69-21-87-83-26-92-24-100-33-17-30-9-85-67-14-29-93-73-57-49-96-35-32-52-31-18-72-5-91-66-98
Ta100x20,9,1,100,0.9625,0.1,9,2230909282,17000,6492,6358,5979,1.57619096,v2_avx512bw_vec32_exact_perm,42-95-62-59-88-43-74-41-30-75-60-15-33-27-10-78-2-46-80-4-12-17-54-96-20-81-68-40-23-26-13-65-58-34-44-39-21-89-38-99-77-45-47-55-22-76-97-37-79-14-48-31-82-73-61-90-66-29-25-83-19-16-56-94-6-51-86-28-7-8-9-53-87-50-11-84-32-18-69-36-57-63-85-93-3-35-49-100-92-1-64-24-71-72-70-52-67-5-91-98
Ta100x20,9,1,100,0.9625,0.1,10,2230910291,17000,6508,6358,5979,1.533184767,v2_avx512bw_vec32_exact_perm,37-89-63-16-78-15-2-74-13-75-51-33-4-12-41-97-90-24-42-95-84-80-21-43-70-46-39-92-57-29-45-50-3-19-64-81-99-86-77-65-82-94-28-69-38-47-40-59-68-7-10-22-23-60-20-61-1-27-32-11-79-34-73-71-35-58-93-76-88-44-54-100-31-48-9-53-83-62-17-52-66-6-25-49-56-14-26-30-96-85-67-36-8-55-87-5-18-72-91-98
Ta100x20,9,1,100,0.9625,0.125,1,2230901210,17000,6477,6358,5979,1.517983233,v2_avx512bw_vec32_exact_perm,37-89-47-81-88-60-78-15-41-80-95-61-51-33-70-54-20-62-7-11-79-75-2-97-71-90-24-74-43-76-57-92-25-84-63-19-46-30-12-56-44-59-1-34-65-50-45-27-42-58-38-23-40-68-64-16-10-5-29-21-83-77-87-39-36-17-82-3-55-22-14-69-99-94-52-49-73-32-8-100-13-53-4-18-6-31-48-93-67-86-28-96-35-9-85-26-72-66-91-98
Ta100x20,9,1,100,0.9625,0.125,2,2230902219,17000,6494,6358,5979,1.566090623,v2_avx512bw_vec32_exact_perm,65-15-80-75-42-74-10-43-62-88-2-63-59-95-26-24-66-73-16-54-77-17-41-47-30-57-96-29-94-78-81-20-76-60-12-97-68-7-21-48-71-90-39-46-50-40-79-89-84-33-49-25-23-51-22-70-61-58-83-9-69-38-86-37-27-19-85-31-56-4-8-6-99-100-13-36-14-87-55-82-3-34-53-18-92-1-32-45-67-44-28-11-5-52-93-64-72-35-91-98
Ta100x20,9,1,100,0.9625,0.125,3,2230903228,17000,6519,6358,5979,1.666136159,v2_avx512bw_vec32_exact_perm,42-81-50-60-43-61-95-15-90-75-96-97-26-80-12-7-38-21-33-82-63-77-46-47-54-4-62-53-16-79-30-64-27-58-55-40-94-68-2-23-24-41-69-65-89-10-92-76-78-74-56-45-83-59-39-86-29-28-57-11-6-67-70-93-32-88-9-35-20-3-99-19-51-44-34-17-22-13-84-48-31-85-52-36-73-87-100-66-25-71-14-8-37-91-49-5-18-1-72-98
Ta100x20,9,1,100,0.9625,0.125,4,2230904237,17000,6533,6358,5979,1.771690258,v2_avx512bw_vec32_exact_perm,15-50-62-42-59-47-60-81-26-80-88-7-41-84-33-43-65-54-77-73-22-63-10-97-89-38-92-17-79-12-95-90-87-37-76-2-24-70-21-94-27-45-14-74-23-93-19-16-66-51-68-44-11-6-58-30-20-55-39-82-56-46-96-8-25-34-99-86-32-61-29-85-4-9-69-49-40-18-53-3-100-1-83-71-31-57-28-13-67-36-75-5-52-78-64-48-72-35-91-98
Ta100x20,9,1,100,0.9625,0.125,5,2230905246,17000,6482,6358,5979,1.650674321,v2_avx512bw_vec32_exact_perm,37-89-16-43-60-41-50-59-15-74-80-88-34-79-94-73-63-90-65-77-54-46-30-78-21-92-26-76-7-38-24-22-68-84-87-51-42-39-12-20-17-40-55-58-95-61-81-82-3-47-69-33-86-2-97-25-29-83-19-31-4-85-62-100-6-10-13-67-23-66-44-56-70-64-28-53-11-93-9-14-27-49-71-45-48-57-8-36-99-18-1-96-32-52-91-5-75-72-35-98
Ta100x20,9,1,100,0.9625,0.125,6,2230906255,17000,6506,6358,5979,1.527552676,v2_avx512bw_vec32_exact_perm,37-89-63-15-16-26-60-51-81-43-74-57-41-80-29-95-84-21-22-17-30-73-47-39-54-20-78-79-13-42-46-65-7-33-38-68-56-14-27-88-62-90-94-77-97-86-59-3-4-10-25-71-75-53-11-32-44-8-40-49-61-50-76-31-85-70-34-92-23-87-24-2-55-66-28-99-100-12-82-9-69-93-35-83-19-58-64-45-48-36-67-5-52-18-6-1-96-72-91-98
Ta100x20,9,1,100,0.9625,0.125,7,2230907264,17000,6531,6358,5979,1.448923843,v2_avx512bw_vec32_exact_perm,81-43-50-15-90-48-26-89-19-97-96-7-33-14-56-16-95-63-39-46-62-30-65-38-25-41-73-12-21-99-11-82-34-74-79-59-80-44-54-77-86-88-20-2-61-58-60-83-3-84-87-68-27-76-10-94-17-31-37-6-29-47-57-53-40-100-32-8-22-23-64-92-9-51-55-85-66-93-45-67-28-42-35-36-13-69-71-49-24-78-52-4-18-1-70-5-91-75-72-98
Ta100x20,9,1,100,0.9625,0.125,8,2230908273,17000,6529,6358,5979,1.367102703,v2_avx512bw_vec32_exact_perm,43-81-62-50-78-64-16-15-33-11-60-97-90-40-68-2-21-47-7-80-30-89-46-42-76-3-58-75-12-74-44-59-96-94-19-34-95-27-37-20-83-73-41-10-63-31-23-6-79-54-56-39-82-77-71-84-57-13-88-26-36-14-17-92-61-18-24-65-70-85-25-49-8-32-38-86-29-28-45-4-51-22-53-99-100-48-9-69-1-93-87-55-67-35-52-91-5-72-66-98
Ta100x20,9,1,100,0.9625,0.125,9,2230909282,17000,6512,6358,5979,1.356754556,v2_avx512bw_vec32_exact_perm,37-89-60-62-81-15-19-16-43-94-54-80-7-78-95-41-65-73-63-42-86-61-77-51-59-3-2-47-10-87-79-58-55-26-90-82-12-46-70-38-21-50-76-88-30-34-69-1-99-6-84-68-25-100-31-13-71-20-97-27-44-39-57-92-40-74-23-11-28-64-33-53-4-48-14-96-56-18-22-85-8-67-24-29-49-83-66-17-52-75-36-32-9-35-45-91-93-5-72-98
Ta100x20,9,1,100,0.9625,0.125,10,2230910291,17000,6467,6358,5979,1.302037081,v2_avx512bw_vec32_exact_perm,42-81-7-43-15-78-89-60-55-80-88-37-51-90-95-63-19-21-94-17-41-74-26-59-79-33-10-65-82-77-62-38-47-16-24-76-54-25-46-75-92-1-61-97-23-11-70-28-14-73-2-50-45-32-18-64-30-53-68-40-83-12-4-36-69-39-99-56-87-34-8-9-66-86-29-57-6-67-58-27-44-13-3-85-93-71-35-84-22-20-48-96-31-100-98-5-52-49-72-91
Ta100x20,9,1,100,1,0.025,1,2230901210,17000,6495,6358,5979,1.494545833,v2_avx512bw_vec32_exact_perm,37-15-89-95-62-51-81-78-47-54-45-16-2-24-20-55-77-80-60-94-50-86-41-92-12-84-59-26-74-43-79-65-73-90-57-29-56-46-39-44-48-38-68-21-17-58-7-75-30-22-6-11-97-19-42-63-14-4-67-33-13-36-69-23-83-61-10-9-25-76-34-31-88-49-27-40-28-3-53-1-18-72-71-82-70-5-99-100-64-85-8-87-35-93-32-52-96-91-66-98
Ta100x20,9,1,100,1,0.025,2,2230902219,17000,6480,6358,5979,1.478775936,v2_avx512bw_vec32_exact_perm,42-26-47-90-59-43-12-65-60-74-38-7-33-45-80-94-50-46-63-22-24-73-84-40-79-56-41-39-89-58-44-95-48-16-77-57-29-51-70-6-67-25-21-15-9-81-23-2-30-78-61-27-10-86-13-71-20-62-97-14-37-87-75-54-4-34-76-66-82-3-69-35-49-36-88-68-100-92-17-19-85-28-64-53-83-11-93-8-55-99-18-32-31-52-1-96-72-5-91-98
Ta100x20,9,1,100,1,0.025,3,2230903228,17000,6501,6358,5979,1.546038594,v2_avx512bw_vec32_exact_perm,42-65-97-43-81-63-89-62-50-4-41-56-90-59-15-16-80-14-79-94-84-19-95-69-86-61-60-74-78-47-21-58-64-26-33-23-12-11-24-2-25-83-73-77-54-53-27-37-13-51-10-44-76-31-7-22-38-88-32-39-46-29-6-30-45-93-99-1-40-17-3-36-20-55-82-96-66-48-68-71-34-57-8-92-87-85-18-67-28-49-100-5-52-9-70-75-72-35-91-98
Ta100x20,9,1,100,1,0.025,4,2230904237,17000,6557,6358,5979,1.452058675,v2_avx512bw_vec32_exact_perm,37-43-62-51-81-63-41-50-65-90-95-87-24-42-12-78-46-59-94-47-54-77-79-2-17-33-10-88-60-68-96-74-97-82-21-4-39-25-19-71-57-20-89-30-23-22-6-16-8-73-11-49-34-7-1-58-69-76-80-14-83-9-66-56-13-44-15-27-55-93-92-70-38-85-28-61-64-86-45-67-26-53-36-29-32-18-84-5-3-35-99-40-100-48-31-91-75-72-52-98
Ta100x20,9,1,100,1,0.025,5,2230905246,17000,6453,6358,5979,1.649938595,v2_avx512bw_vec32_exact_perm,42-81-15-4-41-10-75-37-77-60-80-50-46-63-64-74-43-68-65-21-90-47-94-30-79-88-34-95-17-33-38-45-89-19-84-61-20-12-39-51-40-58-86-48-73-57-16-24-49-8-54-92-23-100-11-1-2-76-27-82-53-3-97-62-6-56-26-59-87-83-9-7-66-44-67-25-14-93-55-22-85-18-71-28-69-31-36-32-13-29-72-78-99-70-52-96-35-5-91-98
Ta100x20,9,1,100,1,0.025,6,2230906255,17000,6494,6358,5979,1.522861653,v2_avx512bw_vec32_exact_perm,65-59-43-74-60-62-50-15-41-77-89-16-92-47-20-45-33-25-12-2-4-11-80-84-79-42-68-10-95-97-63-38-13-46-30-61-32-39-82-75-6-94-19-24-34-99-90-44-58-83-51-26-17-48-54-40-53-93-7-8-81-21-73-100-56-67-76-49-69-86-88-37-28-57-29-64-3-1-14-70-27-71-22-23-31-9-85-52-78-35-87-96-55-36-18-5-91-72-66-98
Ta100x20,9,1,100,1,0.025,7,2230907264,17000,6641,6358,5979,1.716288565,v2_avx512bw_vec32_exact_perm,37-26-47-88-97-11-60-74-62-43-41-78-54-65-8-17-19-76-94-16-24-89-90-46-21-31-84-28-12-40-30-38-68-95-27-72-59-44-77-2-75-33-66-23-34-14-55-92-63-57-83-96-61-39-58-81-79-22-49-20-4-3-25-80-53-6-10-86-7-56-69-71-70-51-29-45-5-42-82-64-99-13-15-36-9-67-85-93-50-52-73-1-87-32-100-91-18-48-35-98
Ta100x20,9,1,100,1,0.025,8,2230908273,17000,6559,6358,5979,1.543152058,v2_avx512bw_vec32_exact_perm,37-47-42-89-62-81-43-4-41-88-45-12-94-78-30-95-74-63-64-10-23-79-60-16-26-56-33-25-38-20-86-7-27-53-11-51-90-15-76-19-55-65-22-21-59-34-14-92-32-18-69-49-61-24-9-44-39-2-58-46-77-6-67-85-84-66-87-29-80-1-57-75-71-5-36-54-97-8-31-28-68-83-13-3-50-73-35-100-82-72-99-40-93-17-48-96-52-70-91-98
Ta100x20,9,1,100,1,0.025,9,2230909282,17000,6526,6358,5979,1.520770705,v2_avx512bw_vec32_exact_perm,43-15-42-95-78-89-88-62-80-50-94-65-30-64-12-33-68-46-29-84-56-16-4-19-24-17-41-59-71-14-77-82-86-54-97-90-73-47-60-81-61-20-39-74-93-44-58-66-87-34-6-25-31-21-3-2-32-11-38-69-7-63-57-79-10-26-83-92-35-13-23-28-96-22-67-85-37-70-99-100-76-40-27-55-52-49-51-8-53-9-45-36-5-48-18-1-75-72-91-98
Ta100x20,9,1,100,1,0.025,10,2230910291,17000,6545,6358,5979,1.73738419,v2_avx512bw_vec32_exact_perm,37-81-63-60-80-97-89-15-16-48-77-13-43-33-95-78-94-7-90-23-12-26-46-82-54-8-47-68-99-79-61-67-92-41-74-20-4-59-70-73-56-93-2-17-32-65-10-38-19-27-24-62-50-44-21-34-76-75-11-85-69-86-51-28-30-18-49-25-57-14-88-100-53-29-9-45-42-83-39-40-87-36-84-5-71-3-35-58-64-6-31-22-55-52-66-96-91-1-72-98
Ta100x20,9,1,100,1,0.05,1,2230901210,17000,6477,6358,5979,1.49230456,v2_avx512bw_vec32_exact_perm,81-15-16-43-11-4-80-62-75-2-94-97-90-19-65-48-33-21-89-77-78-95-63-92-47-64-24-73-50-38-61-32-68-46-51-76-42-12-7-44-18-59-57-17-29-58-31-55-85-41-60-79-30-39-86-54-71-69-88-27-20-40-74-87-84-10-37-56-13-49-14-26-23-22-36-70-99-82-3-1-6-67-45-52-25-83-53-93-100-9-35-28-96-34-66-8-5-72-91-98
Ta100x20,9,1,100,1,0.05,2,2230902219,17000,6542,6358,5979,1.437985026,v2_avx512bw_vec32_exact_perm,37-81-63-41-43-62-65-50-46-68-59-89-15-2-84-78-79-42-97-26-58-6-88-47-54-77-60-70-21-17-95-74-4-13-80-10-83-19-92-39-87-38-56-30-16-12-14-31-1-73-9-61-20-67-90-24-94-32-36-86-7-33-76-27-51-22-55-25-23-96-11-34-72-53-44-3-57-8-99-40-66-82-28-75-100-85-69-49-18-48-45-52-71-29-5-91-64-35-93-98
Ta100x20,9,1,100,1,0.05,3,2230903228,17000,6466,6358,5979,1.429573214,v2_avx512bw_vec32_exact_perm,42-43-89-75-15-62-59-12-51-73-54-50-80-60-37-95-47-94-41-74-7-19-64-84-65-90-1-40-3-46-70-34-21-16-48-14-58-61-20-63-85-39-87-10-77-82-86-99-30-55-71-68-67-25-79-57-92-26-11-4-76-83-17-69-56-44-81-22-9-97-24-38-88-33-36-27-29-13-28-53-96-35-100-31-6-23-2-8-32-93-49-66-45-78-72-52-18-5-91-98
Ta100x20,9,1,100,1,0.05,4,2230904237,17000,6495,6358,5979,1.556070371,v2_avx512bw_vec32_exact_perm,81-37-42-2-7-75-26-97-60-17-41-43-95-12-94-24-73-47-30-15-89-62-4-80-86-59-78-57-54-77-16-19-51-58-46-28-23-90-74-82-38-45-61-79-39-29-50-14-9-84-87-10-56-33-65-64-18-83-76-70-92-53-27-11-44-25-68-21-8-99-6-40-63-67-66-20-55-85-22-93-3-1-88-49-48-34-31-69-72-36-96-32-13-52-71-35-100-5-91-98
Ta100x20,9,1,100,1,0.05,5,2230905246,17000,6503,6358,5979,1.661953503,v2_avx512bw_vec32_exact_perm,42-37-24-15-41-60-16-59-51-78-74-43-80-12-10-75-46-92-7-30-94-79-64-33-89-62-97-47-81-44-31-56-95-1-68-90-21-67-25-4-61-65-50-38-77-2-58-76-45-19-29-34-73-11-20-84-53-26-82-39-66-49-54-32-83-3-13-22-6-14-63-85-93-99-48-5-40-28-23-69-100-86-18-87-27-36-9-71-70-55-8-17-57-52-96-35-88-72-91-98
Ta100x20,9,1,100,1,0.05,6,2230906255,17000,6514,6358,5979,1.72791161,v2_avx512bw_vec32_exact_perm,15-81-78-80-89-65-42-90-43-11-39-67-60-68-41-59-92-48-47-95-12-94-77-84-62-56-46-50-73-4-58-100-30-86-74-19-51-55-2-82-69-13-79-61-38-6-97-54-26-31-83-87-99-28-3-25-76-29-21-64-70-85-24-93-88-10-16-66-33-17-40-49-63-27-53-36-96-35-44-9-57-18-14-23-7-71-22-8-20-32-75-37-91-45-34-1-5-52-72-98
Ta100x20,9,1,100,1,0.05,7,2230907264,17000,6534,6358,5979,1.522713128,v2_avx512bw_vec32_exact_perm,37-7-96-26-43-1-89-4-75-41-46-30-60-68-65-62-95-15-63-33-11-23-90-57-27-38-74-19-21-64-39-58-44-61-14-97-3-51-24-80-22-82-86-94-83-12-76-25-16-54-77-47-6-50-92-32-2-40-79-70-53-29-81-17-88-10-85-100-78-13-56-71-35-20-8-59-73-49-42-87-55-36-67-28-18-84-69-48-99-93-31-5-45-52-9-34-72-66-91-98
Ta100x20,9,1,100,1,0.05,8,2230908273,17000,6520,6358,5979,1.630821974,v2_avx512bw_vec32_exact_perm,37-47-64-89-88-84-42-80-38-15-41-59-63-66-90-95-74-61-24-62-65-48-46-58-82-9-54-60-39-79-73-43-77-17-6-94-10-25-1-55-51-33-14-21-71-81-56-4-26-50-19-76-12-7-53-20-2-68-97-83-8-45-22-40-16-36-99-18-70-23-87-27-92-78-35-44-57-3-30-49-13-69-11-96-86-85-29-34-28-31-93-32-100-67-91-5-52-75-72-98
Ta100x20,9,1,100,1,0.05,9,2230909282,17000,6500,6358,5979,1.608792216,v2_avx512bw_vec32_exact_perm,42-81-37-63-41-59-88-89-60-80-95-74-62-4-70-56-65-15-90-83-10-75-69-61-20-39-43-48-77-23-11-17-46-29-76-79-82-12-2-47-13-21-6-68-50-38-44-51-97-33-34-19-99-14-7-49-8-1-22-35-92-32-9-55-94-36-27-86-58-66-73-25-54-96-100-87-31-78-85-30-3-57-40-16-67-93-45-24-28-26-84-18-53-71-91-5-64-52-72-98
Ta100x20,9,1,100,1,0.05,10,2230910291,17000,6513,6358,5979,1.690756451,v2_avx512bw_vec32_exact_perm,63-17-42-81-41-43-89-62-88-47-90-21-100-33-59-15-78-54-95-1-3-13-4-16-11-22-23-60-46-39-65-55-20-77-49-7-94-38-76-57-2-75-30-12-85-58-48-26-74-14-82-80-56-45-86-68-36-51-97-10-44-70-73-50-19-28-25-34-79-71-27-31-84-9-67-66-6-8-61-24-53-18-83-69-32-93-99-92-64-35-96-37-52-40-5-29-87-72-91-98
Ta100x20,9,1,100,1,0.075,1,2230901210,17000,6570,6358,5979,1.589331516,v2_avx512bw_vec32_exact_perm,48-60-96-94-41-33-11-81-63-95-78-65-34-80-74-51-57-90-47-79-2-21-15-39-6-50-38-89-92-24-43-20-28-10-75-13-22-86-49-54-16-30-76-97-61-58-7-62-26-17-12-40-68-59-84-45-3-23-14-46-77-55-29-82-99-42-35-87-44-25-52-9-67-56-69-70-85-31-27-73-19-36-71-88-8-32-37-4-1-93-66-64-83-53-100-18-5-72-91-98
Ta100x20,9,1,100,1,0.075,2,2230902219,17000,6505,6358,5979,1.741876904,v2_avx512bw_vec32_exact_perm,81-37-62-7-43-15-60-48-90-95-78-94-2-24-77-47-16-65-41-59-13-73-11-33-25-61-51-38-68-82-99-21-80-42-97-26-88-30-70-57-89-4-76-75-58-44-22-10-23-63-50-46-79-39-6-56-31-14-55-49-29-74-28-100-53-93-12-69-20-54-87-27-86-92-18-83-40-32-3-84-66-64-85-19-8-17-98-36-96-1-71-45-34-5-52-9-35-72-67-91
Ta100x20,9,1,100,1,0.075,3,2230903228,17000,6498,6358,5979,1.657219054,v2_avx512bw_vec32_exact_perm,81-15-78-89-16-62-50-86-54-17-60-43-94-41-90-24-19-47-80-21-33-63-64-10-95-84-12-30-79-61-75-23-46-51-22-4-77-57-92-59-2-28-40-34-97-6-65-3-1-38-11-39-82-73-42-37-74-25-66-14-26-13-83-58-44-55-67-93-71-27-68-45-69-56-8-76-35-20-87-29-85-88-52-70-9-99-31-49-32-100-36-53-18-7-48-5-91-96-72-98
Ta100x20,9,1,100,1,0.075,4,2230904237,17000,6495,6358,5979,1.722817957,v2_avx512bw_vec32_exact_perm,42-37-15-41-50-95-7-2-75-89-62-94-39-88-60-12-4-81-26-1-16-21-97-47-76-54-22-78-30-43-65-90-56-86-25-74-80-38-79-92-45-68-49-10-33-17-31-85-40-84-46-24-3-19-34-11-58-23-44-51-73-5-61-28-66-77-59-64-63-14-83-53-71-70-52-27-87-29-57-99-82-9-100-13-93-55-8-6-67-20-32-18-36-69-48-96-72-35-91-98
Ta100x20,9,1,100,1,0.075,5,2230905246,17000,6532,6358,5979,1.601429807,v2_avx512bw_vec32_exact_perm,60-42-59-15-2-26-33-43-63-70-75-41-65-22-7-95-81-88-30-77-90-51-55-38-21-4-47-76-19-94-17-10-74-56-79-24-78-44-89-96-50-86-5-54-99-58-6-20-34-39-23-46-25-82-68-62-16-61-9-97-29-53-83-11-72-3-14-35-49-92-1-100-69-18-36-73-12-71-57-40-67-27-28-80-31-32-13-8-85-93-87-84-37-45-48-52-64-66-91-98
Ta100x20,9,1,100,1,0.075,6,2230906255,17000,6538,6358,5979,1.63620541,v2_avx512bw_vec32_exact_perm,37-81-15-63-43-42-19-12-50-80-7-96-41-58-71-90-46-89-4-39-86-10-65-77-94-82-62-73-17-56-33-11-79-83-60-9-16-54-59-97-2-30-75-1-95-70-21-99-28-64-66-38-91-85-40-74-78-76-67-24-27-92-34-20-68-23-61-100-14-25-29-49-47-69-57-6-44-26-13-3-84-53-18-55-93-51-8-45-87-48-36-32-31-52-88-22-5-72-35-98
Ta100x20,9,1,100,1,0.075,7,2230907264,17000,6542,6358,5979,1.538133439,v2_avx512bw_vec32_exact_perm,48-16-26-89-51-33-15-78-60-81-3-45-77-43-41-59-12-95-44-50-80-47-10-19-88-57-54-4-38-24-74-62-14-27-21-17-61-79-30-71-75-25-87-58-2-94-97-83-42-65-70-18-90-76-82-13-46-23-56-69-40-84-11-73-29-39-53-6-37-1-7-49-20-9-31-36-34-68-99-96-28-86-100-55-67-35-92-32-64-8-85-52-63-66-22-93-5-72-91-98
Ta100x20,9,1,100,1,0.075,8,2230908273,17000,6506,6358,5979,1.560230413,v2_avx512bw_vec32_exact_perm,42-37-62-43-63-15-74-60-97-41-59-47-90-80-24-11-79-95-61-84-94-19-51-77-16-81-65-6-38-30-88-33-7-20-78-64-68-21-22-82-39-46-32-23-87-54-89-8-17-71-13-70-48-12-83-10-58-9-2-25-73-34-76-55-92-27-40-86-56-29-5-14-31-44-57-50-75-45-53-26-99-49-28-36-100-69-85-52-66-4-67-93-1-96-3-35-18-72-91-98
Ta100x20,9,1,100,1,0.075,9,2230909282,17000,6457,6358,5979,1.662671104,v2_avx512bw_vec32_exact_perm,42-81-43-15-41-88-97-47-74-96-11-7-75-90-33-95-51-63-57-79-4-12-38-50-21-100-59-77-54-58-64-20-16-40-5-2-30-78-23-61-89-1-14-10-73-3-60-35-76-56-92-17-27-65-22-26-13-44-39-83-66-55-80-94-24-62-46-29-19-25-86-82-71-32-99-6-34-37-68-45-48-8-53-36-87-84-9-67-28-70-69-52-49-93-31-85-18-72-91-98
Ta100x20,9,1,100,1,0.075,10,2230910291,17000,6509,6358,5979,1.616194262,v2_avx512bw_vec32_exact_perm,37-63-95-47-41-65-16-97-15-48-90-59-78-46-80-68-7-19-51-60-77-94-43-33-4-12-30-86-89-81-50-44-76-25-61-56-38-75-70-53-73-11-29-10-17-55-31-92-27-87-21-8-40-62-23-2-57-71-74-22-83-82-79-100-39-14-54-42-9-24-85-58-26-67-28-13-49-69-36-93-1-3-99-64-5-34-88-20-84-35-96-52-32-18-6-45-91-72-66-98
Ta100x20,9,1,100,1,0.1,1,2230901210,17000,6510,6358,5979,1.630910239,v2_avx512bw_vec32_exact_perm,37-81-63-43-7-95-41-60-15-80-26-39-47-54-65-87-25-34-62-20-44-94-77-16-88-33-21-11-17-24-90-73-30-97-75-2-19-83-50-10-45-79-22-23-12-89-46-4-58-86-61-68-56-82-74-42-14-51-55-69-38-27-29-1-53-99-40-8-28-35-49-100-13-59-3-6-31-84-93-71-76-64-92-57-18-32-72-9-36-78-66-85-48-67-96-70-91-5-52-98
Ta100x20,9,1,100,1,0.1,2,2230902219,17000,6442,6358,5979,1.552080707,v2_avx512bw_vec32_exact_perm,15-78-24-41-43-7-47-62-65-97-89-46-4-19-88-77-56-60-16-10-74-20-80-73-12-29-30-64-54-79-6-81-51-26-40-58-83-68-55-61-95-63-71-25-39-37-87-85-38-1-59-90-23-11-94-76-28-75-2-70-92-22-33-27-14-21-100-50-42-13-67-69-86-82-52-32-36-96-57-3-84-93-17-31-48-9-53-44-34-99-35-18-49-45-8-91-5-72-66-98
Ta100x20,9,1,100,1,0.1,3,2230903228,17000,6515,6358,5979,1.562404523,v2_avx512bw_vec32_exact_perm,42-33-15-16-81-43-7-47-12-46-100-60-41-80-95-50-1-34-66-73-14-21-63-28-40-61-24-90-75-74-10-65-78-32-59-83-19-94-39-82-77-88-3-84-38-13-97-57-44-89-4-58-26-23-37-54-22-76-27-51-69-9-79-2-86-99-55-20-36-18-62-85-17-68-96-30-29-49-25-56-64-53-8-71-11-45-70-93-92-48-35-67-6-52-87-31-5-91-72-98
Ta100x20,9,1,100,1,0.1,4,2230904237,17000,6524,6358,5979,1.696056084,v2_avx512bw_vec32_exact_perm,37-47-7-16-43-41-54-42-79-74-17-96-89-81-80-62-19-65-33-45-38-2-24-11-21-90-76-60-59-8-15-78-12-95-82-61-84-77-48-53-49-18-58-46-73-27-30-26-13-14-3-23-94-56-68-4-88-87-83-39-57-34-51-44-63-10-25-86-69-29-9-85-31-32-22-97-35-93-71-1-40-28-67-5-6-50-92-70-55-99-20-64-36-100-98-52-66-75-72-91
Ta100x20,9,1,100,1,0.1,5,2230905246,17000,6491,6358,5979,1.734856069,v2_avx512bw_vec32_exact_perm,15-43-88-78-41-50-60-81-37-47-74-45-89-96-56-59-38-76-75-94-90-26-21-63-33-54-80-58-95-4-46-55-13-42-57-64-8-83-68-10-65-77-82-6-12-29-25-39-44-2-66-97-86-99-24-28-34-19-71-51-30-79-14-32-62-61-27-22-23-40-16-53-87-11-84-20-73-18-70-17-92-85-49-52-1-69-100-3-31-36-7-93-72-9-5-48-67-35-91-98
Ta100x20,9,1,100,1,0.1,6,2230906255,17000,6497,6358,5979,1.519385041,v2_avx512bw_vec32_exact_perm,15-81-37-43-68-60-79-12-50-95-4-41-62-59-34-80-88-47-45-40-33-65-89-96-24-6-97-38-70-99-77-49-55-46-28-93-66-7-44-39-92-17-10-58-26-25-19-16-21-42-74-86-82-78-14-54-20-51-3-1-73-94-64-57-30-31-61-67-52-32-27-76-71-2-13-22-23-90-56-8-53-83-11-75-69-100-87-36-9-84-35-48-29-85-63-5-18-72-91-98
Ta100x20,9,1,100,1,0.1,7,2230907264,17000,6482,6358,5979,1.661759849,v2_avx512bw_vec32_exact_perm,15-81-78-88-37-63-94-47-64-62-97-41-79-16-95-74-43-90-21-65-61-33-60-4-19-89-55-46-30-27-92-38-77-59-8-13-80-3-82-34-86-57-50-71-68-44-99-76-75-10-20-12-1-51-48-69-56-40-54-87-35-39-6-14-58-7-42-84-31-11-53-49-29-45-18-73-28-23-2-24-22-17-9-85-26-67-36-91-70-83-93-5-32-100-25-96-52-72-66-98
Ta100x20,9,1,100,1,0.1,8,2230908273,17000,6489,6358,5979,1.563284553,v2_avx512bw_vec32_exact_perm,42-81-15-60-64-89-41-16-74-62-51-96-57-50-45-94-80-24-78-47-33-14-73-63-97-30-9-95-68-27-2-37-59-75-22-21-84-77-65-43-28-26-79-76-61-38-82-56-6-39-90-86-23-11-54-87-20-10-55-70-29-17-19-25-71-44-58-53-3-4-18-46-12-83-7-40-31-34-8-92-1-49-66-69-32-48-72-36-99-13-85-52-67-88-35-100-93-5-91-98
Ta100x20,9,1,100,1,0.1,9,2230909282,17000,6503,6358,5979,1.59213019,v2_avx512bw_vec32_exact_perm,15-81-37-63-77-43-62-88-97-47-89-65-90-20-55-51-41-40-19-16-50-85-30-66-75-60-2-79-74-80-56-76-46-24-54-78-95-4-12-83-39-48-61-68-82-10-94-27-9-33-84-38-21-87-59-28-26-14-57-67-45-93-86-29-73-58-17-34-6-53-11-36-70-92-35-49-8-3-13-69-25-42-99-22-7-23-18-31-44-1-96-32-64-71-100-52-5-91-72-98
Ta100x20,9,1,100,1,0.1,10,2230910291,17000,6514,6358,5979,1.689203262,v2_avx512bw_vec32_exact_perm,37-60-80-15-59-62-7-43-16-95-61-88-47-90-33-63-65-77-41-25-39-46-20-12-50-86-21-30-89-68-84-96-97-44-74-54-38-70-76-75-27-17-10-92-19-85-79-99-69-56-11-4-40-81-9-23-2-26-82-58-55-94-8-57-28-18-14-1-6-49-34-24-29-78-51-13-42-64-53-35-93-36-31-71-32-66-73-87-3-100-83-98-72-48-67-45-52-22-5-91
Ta100x20,9,1,100,1,0.125,1,2230901210,17000,6504,6358,5979,1.598793611,v2_avx512bw_vec32_exact_perm,42-37-51-16-81-41-80-74-88-30-60-61-24-95-47-90-97-65-78-89-79-7-15-43-94-55-77-10-4-5-76-34-17-21-12-82-71-39-62-45-85-86-28-33-67-59-75-44-46-68-66-92-84-9-40-50-56-19-69-27-87-38-23-11-72-36-3-2-25-57-26-58-6-54-63-14-31-93-53-99-20-52-1-64-83-29-49-22-32-8-13-96-35-73-100-18-48-70-91-98
Ta100x20,9,1,100,1,0.125,2,2230902219,17000,6555,6358,5979,1.501014167,v2_avx512bw_vec32_exact_perm,43-42-81-48-40-89-21-74-15-24-2-17-60-80-95-41-39-51-38-70-78-10-12-65-73-30-63-46-94-33-27-6-66-37-7-62-19-14-88-82-50-3-49-79-22-75-97-44-77-57-71-90-20-47-61-59-86-58-69-83-11-68-4-29-16-56-87-34-53-28-76-25-99-9-84-5-54-8-64-31-45-93-92-85-26-13-36-52-32-100-23-55-67-1-96-35-18-72-91-98
Ta100x20,9,1,100,1,0.125,3,2230903228,17000,6448,6358,5979,1.621738455,v2_avx512bw_vec32_exact_perm,24-47-41-60-81-46-62-75-89-15-42-88-43-77-50-10-73-94-1-17-54-95-78-63-49-61-33-20-2-25-65-51-90-35-19-14-55-21-4-74-48-76-71-34-59-31-30-86-68-92-82-56-44-12-18-28-16-97-29-22-7-79-64-85-69-80-58-11-3-32-27-53-37-6-99-40-26-39-45-36-87-38-13-83-8-100-70-23-84-93-9-57-96-5-52-67-91-72-66-98
Ta100x20,9,1,100,1,0.125,4,2230904237,17000,6547,6358,5979,1.566215649,v2_avx512bw_vec32_exact_perm,37-24-62-16-43-15-10-95-1-78-88-89-12-50-46-90-81-41-7-92-38-4-19-75-65-33-32-61-70-99-82-21-26-47-48-59-73-68-64-84-77-54-79-56-74-23-22-2-27-97-14-3-58-44-94-86-51-39-45-28-11-40-34-53-29-17-96-20-55-66-49-36-25-8-9-13-42-83-35-60-69-100-85-80-71-87-30-6-67-76-57-63-52-31-18-91-5-93-72-98
Ta100x20,9,1,100,1,0.125,5,2230905246,17000,6556,6358,5979,1.856926682,v2_avx512bw_vec32_exact_perm,48-60-26-51-33-43-63-95-46-74-90-80-10-65-89-57-21-4-70-41-24-96-54-75-92-15-47-55-58-16-77-85-78-97-37-19-50-44-30-13-8-12-2-56-49-14-79-61-38-39-76-6-11-94-84-22-25-86-34-29-45-81-23-71-59-62-27-68-31-87-3-28-99-40-83-69-35-42-88-1-17-93-73-66-36-9-7-67-53-82-64-20-52-32-18-100-5-91-72-98
Ta100x20,9,1,100,1,0.125,6,2230906255,17000,6481,6358,5979,1.907663785,v2_avx512bw_vec32_exact_perm,60-81-15-78-41-12-43-7-62-94-64-75-66-16-33-95-50-92-80-46-30-63-19-59-90-47-86-54-32-13-38-27-10-65-37-6-77-51-39-21-89-20-44-79-97-11-3-14-31-26-73-84-61-76-74-25-53-36-68-29-83-100-69-4-55-2-18-23-88-22-56-1-99-42-40-70-82-67-28-85-8-9-57-58-49-24-34-71-17-45-52-87-35-93-48-96-5-72-91-98
Ta100x20,9,1,100,1,0.125,7,2230907264,17000,6437,6358,5979,1.772139229,v2_avx512bw_vec32_exact_perm,42-43-15-41-81-63-96-74-2-80-59-24-78-37-7-64-58-55-77-60-94-47-12-46-48-39-65-33-89-57-95-30-50-79-82-16-68-62-23-61-45-90-38-76-27-86-17-92-6-53-75-11-40-97-44-19-35-34-20-51-10-32-21-67-4-9-22-73-36-56-14-84-18-69-29-85-26-1-3-88-87-99-13-49-54-100-70-71-28-52-25-5-8-31-83-91-93-72-66-98
Ta100x20,9,1,100,1,0.125,8,2230908273,17000,6547,6358,5979,1.782788514,v2_avx512bw_vec32_exact_perm,48-89-96-78-56-60-15-41-12-43-7-95-47-90-50-20-19-16-81-79-22-73-54-39-80-21-97-63-14-65-25-61-38-64-94-5-33-24-46-42-88-23-2-82-77-58-27-37-6-62-70-36-34-99-49-53-31-28-93-87-35-86-92-74-57-4-10-51-59-26-76-75-44-68-11-13-84-40-32-3-29-85-17-71-30-67-9-69-83-55-8-45-18-1-100-52-72-66-91-98
Ta100x20,9,1,100,1,0.125,9,2230909282,17000,6570,6358,5979,1.649034165,v2_avx512bw_vec32_exact_perm,37-24-62-16-95-60-41-43-80-88-87-7-47-61-2-21-30-89-94-58-33-63-10-15-75-90-97-79-46-19-4-51-81-96-68-99-28-57-22-59-34-74-23-14-42-100-83-40-12-50-20-86-73-38-11-70-44-8-54-65-82-25-32-76-3-45-27-92-77-64-53-39-56-26-31-36-17-6-69-93-85-1-49-29-48-67-9-84-35-13-18-55-66-71-91-5-78-72-52-98
Ta100x20,9,1,100,1,0.125,10,2230910291,17000,6508,6358,5979,1.47716199,v2_avx512bw_vec32_exact_perm,88-43-45-78-42-81-15-41-12-26-95-47-63-10-13-94-62-65-79-89-2-92-17-33-84-60-86-90-56-77-46-30-55-58-4-80-16-54-19-31-100-76-21-59-44-50-38-6-51-39-20-68-61-75-22-97-83-37-53-87-14-28-11-25-93-73-27-3-23-74-32-57-18-36-69-40-64-35-82-49-34-8-24-1-9-71-99-70-5-52-7-72-29-67-66-85-96-48-91-98
Ta100x20,9,2,200,0.85,0.025,1,2230901210,17000,6444,6358,5979,3.135506715,v2_avx512bw_vec32_exact_perm,88-15-47-41-50-94-63-95-16-61-62-51-81-79-80-7-2-21-90-42-74-59-43-68-30-75-57-78-60-65-20-34-6-39-86-10-97-83-37-54-58-4-19-64-23-77-22-46-24-89-73-12-38-84-31-11-44-1-92-14-3-56-8-32-17-71-33-66-49-45-55-40-53-26-82-67-29-76-70-9-99-35-28-93-69-85-18-25-87-27-100-48-13-36-96-52-72-5-91-98
Ta100x20,9,2,200,0.85,0.025,2,2230902219,17000,6438,6358,5979,3.194264081,v2_avx512bw_vec32_exact_perm,81-43-15-89-42-59-95-47-62-7-16-46-68-63-41-79-65-80-74-60-56-86-90-54-94-50-4-38-19-8-44-22-12-23-97-11-33-73-2-17-34-92-13-84-77-21-51-76-57-26-25-88-30-61-3-58-6-82-39-27-71-64-53-37-10-78-40-31-69-83-29-32-85-18-100-87-24-36-93-55-67-70-20-28-99-9-14-45-75-52-1-48-49-96-72-35-66-91-5-98
Ta100x20,9,2,200,0.85,0.025,3,2230903228,17000,6460,6358,5979,3.058736527,v2_avx512bw_vec32_exact_perm,42-15-43-41-89-60-62-75-81-88-37-74-51-19-34-97-90-65-94-78-95-61-24-80-68-84-38-48-47-92-11-23-33-4-57-56-77-2-79-12-16-17-28-20-10-22-67-59-21-26-7-25-76-71-13-46-27-30-3-39-86-82-73-29-64-66-50-14-6-69-54-87-49-55-40-8-32-93-35-36-63-58-44-100-9-53-85-70-96-99-31-45-52-1-83-5-18-72-91-98
Ta100x20,9,2,200,0.85,0.025,4,2230904237,17000,6483,6358,5979,2.778154218,v2_avx512bw_vec32_exact_perm,43-50-15-33-46-63-59-60-41-24-62-77-89-65-88-40-74-47-90-44-80-97-38-12-84-48-68-10-95-21-45-16-19-99-30-23-26-7-34-76-58-73-54-75-2-57-4-51-61-8-25-9-55-20-87-86-94-11-3-82-32-14-22-27-81-56-79-71-92-39-17-83-70-42-31-69-6-53-29-100-1-85-18-28-13-64-67-36-93-96-35-5-37-52-78-49-72-91-66-98
Ta100x20,9,2,200,0.85,0.025,5,2230905246,17000,6449,6358,5979,2.854951039,v2_avx512bw_vec32_exact_perm,15-78-41-50-43-81-89-63-96-21-74-90-65-59-77-60-55-80-47-62-10-95-42-88-97-4-56-46-33-70-19-51-79-12-16-30-38-69-82-68-94-23-61-45-75-2-48-39-57-34-11-86-20-92-49-84-58-54-73-26-76-7-9-53-99-25-37-28-24-64-8-35-17-40-14-29-5-85-3-36-32-71-22-87-27-93-66-83-13-91-31-6-52-67-44-18-100-1-72-98
Ta100x20,9,2,200,0.85,0.025,6,2230906255,17000,6488,6358,5979,3.151141997,v2_avx512bw_vec32_exact_perm,81-43-89-15-78-63-75-41-74-96-16-21-56-33-7-90-95-80-12-37-84-39-19-88-64-20-10-23-60-6-97-26-30-77-46-58-2-47-1-25-54-8-9-14-65-94-44-61-59-70-38-66-51-73-68-55-42-4-40-57-50-11-3-24-92-48-76-49-17-22-34-29-53-82-69-27-99-87-79-36-31-93-13-45-83-86-28-62-85-52-67-18-32-71-35-100-5-91-72-98
Ta100x20,9,2,200,0.85,0.025,7,2230907264,17000,6472,6358,5979,2.936739797,v2_avx512bw_vec32_exact_perm,37-15-2-80-50-95-7-47-41-60-16-81-43-77-19-88-58-90-97-62-46-89-84-21-78-86-33-63-10-79-94-32-61-38-24-59-12-4-17-20-54-40-23-74-26-75-27-76-57-56-51-82-68-42-6-39-71-30-1-25-11-13-64-14-29-3-85-93-65-22-83-87-70-55-8-73-69-48-99-9-31-36-96-28-53-100-44-34-66-92-67-45-52-49-72-35-18-5-91-98
Ta100x20,9,2,200,0.85,0.025,8,2230908273,17000,6476,6358,5979,2.88003258,v2_avx512bw_vec32_exact_perm,37-89-60-41-43-88-63-59-90-77-65-75-42-46-50-76-94-24-78-62-81-95-1-61-25-12-15-16-21-7-33-80-92-68-47-11-28-79-39-44-54-97-19-51-31-6-26-22-84-66-40-70-23-71-73-74-99-57-14-56-4-64-8-30-38-55-58-86-2-27-49-29-45-32-53-100-18-87-83-10-13-52-3-82-69-36-17-20-48-96-85-67-93-35-9-34-5-91-72-98
Ta100x20,9,2,200,0.85,0.025,9,2230909282,17000,6416,6358,5979,2.85262419,v2_avx512bw_vec32_exact_perm,42-37-2-4-41-89-16-62-81-43-63-80-13-65-95-94-38-33-78-19-7-15-47-10-60-74-75-90-21-68-61-59-86-50-97-44-51-77-54-87-17-26-55-79-30-58-29-46-84-76-25-12-3-45-14-57-56-20-73-39-71-24-64-36-27-88-11-23-22-70-82-6-31-83-53-34-92-100-69-1-9-85-8-32-40-49-99-35-93-28-96-18-48-5-52-67-91-72-66-98
Ta100x20,9,2,200,0.85,0.025,10,2230910291,17000,6442,6358,5979,3.060484207,v2_avx512bw_vec32_exact_perm,43-15-63-42-41-16-59-88-97-20-89-60-26-90-81-80-21-7-62-94-47-30-95-78-57-79-12-74-38-65-73-17-54-40-33-82-39-56-4-86-50-44-46-61-77-58-27-76-75-11-1-28-55-92-19-67-85-100-6-70-51-10-22-23-68-37-31-64-24-2-29-13-14-71-84-8-32-34-53-3-66-45-49-9-35-96-36-93-99-69-48-87-52-25-83-72-18-5-91-98
Ta100x20,9,2,200,0.85,0.05,1,2230901210,17000,6488,6358,5979,2.853432536,v2_avx512bw_vec32_exact_perm,42-37-89-60-43-41-81-15-94-62-75-7-47-26-59-68-65-90-95-84-78-61-97-20-79-2-54-30-69-80-88-82-77-16-21-56-76-3-50-46-63-74-44-19-17-24-22-38-23-48-83-64-57-25-12-51-33-10-40-39-71-87-36-27-29-70-86-58-13-99-73-11-28-6-34-31-4-53-14-8-32-100-66-9-35-92-49-93-1-55-96-85-45-52-67-72-18-5-91-98
Ta100x20,9,2,200,0.85,0.05,2,2230902219,17000,6430,6358,5979,2.975221264,v2_avx512bw_vec32_exact_perm,15-81-88-41-59-62-43-46-24-68-63-60-95-16-19-89-54-97-44-47-74-79-90-75-65-10-48-78-94-83-77-13-51-38-76-61-45-50-21-82-39-33-64-73-57-7-30-27-22-71-23-2-58-26-25-100-20-55-70-80-92-37-86-3-17-11-14-12-4-53-40-93-99-8-56-85-87-36-34-18-32-42-31-5-28-67-6-69-35-29-84-66-49-9-52-1-96-72-91-98
Ta100x20,9,2,200,0.85,0.05,3,2230903228,17000,6416,6358,5979,2.76532357,v2_avx512bw_vec32_exact_perm,42-81-88-43-50-15-2-80-90-65-78-97-41-95-26-19-74-47-12-33-51-44-63-30-13-46-59-68-57-60-89-73-21-4-17-77-62-16-10-23-82-61-38-79-64-54-39-6-58-37-7-14-18-34-24-76-20-94-75-92-1-56-27-22-48-71-70-25-86-40-84-3-11-85-87-93-31-28-49-55-67-36-69-66-83-8-32-99-9-45-53-35-29-96-100-5-52-91-72-98
Ta100x20,9,2,200,0.85,0.05,4,2230904237,17000,6448,6358,5979,2.756988587,v2_avx512bw_vec32_exact_perm,65-43-41-81-89-78-80-92-15-42-7-46-90-47-50-59-68-60-10-83-74-19-56-4-95-12-34-30-45-86-94-33-51-13-37-84-79-38-16-73-63-24-76-21-17-26-22-97-23-2-62-54-11-25-49-58-44-39-48-20-61-14-75-77-82-3-53-27-57-100-99-6-35-8-88-40-67-93-1-28-96-85-31-9-70-55-71-69-5-36-29-32-18-64-52-87-72-66-91-98
Ta100x20,9,2,200,0.85,0.05,5,2230905246,17000,6402,6358,5979,2.827647276,v2_avx512bw_vec32_exact_perm,42-81-2-50-43-15-89-75-60-41-94-37-80-7-95-90-51-79-16-61-62-59-21-20-74-47-78-19-46-12-4-57-38-24-63-33-23-77-64-14-54-69-39-65-82-44-56-48-26-97-40-83-10-58-3-68-27-86-28-22-88-71-25-5-11-34-76-13-84-6-53-18-30-73-99-93-17-85-8-87-100-70-92-36-49-55-31-29-32-96-35-45-9-52-67-91-1-72-66-98
Ta100x20,9,2,200,0.85,0.05,6,2230906255,17000,6478,6358,5979,2.868401178,v2_avx512bw_vec32_exact_perm,42-43-50-80-15-41-88-95-33-11-75-7-46-63-24-94-62-90-51-81-21-74-60-47-19-78-57-65-77-79-16-73-61-10-25-89-92-1-38-56-12-44-2-3-59-4-58-76-64-86-54-22-97-34-20-84-45-37-39-17-36-68-82-71-70-69-30-29-23-87-27-66-6-14-93-99-9-32-55-31-100-8-96-85-40-53-26-28-13-52-49-83-18-72-48-67-35-5-91-98
Ta100x20,9,2,200,0.85,0.05,7,2230907264,17000,6482,6358,5979,2.69295346,v2_avx512bw_vec32_exact_perm,81-15-62-43-16-75-42-50-95-94-47-41-80-58-88-37-97-64-89-68-90-65-33-82-54-21-63-46-60-39-79-61-74-84-96-10-78-76-24-7-3-56-77-53-2-59-83-4-66-19-71-27-38-87-12-30-20-25-86-73-22-70-51-85-26-92-34-55-57-8-17-31-29-69-40-35-49-36-13-32-11-23-99-52-28-9-14-45-18-44-67-6-100-93-1-72-48-5-91-98
Ta100x20,9,2,200,0.85,0.05,8,2230908273,17000,6469,6358,5979,2.762507067,v2_avx512bw_vec32_exact_perm,43-62-81-78-21-37-7-26-47-60-41-74-80-46-63-58-15-86-89-90-79-94-19-16-65-97-50-33-82-84-61-75-10-20-12-87-77-54-95-2-23-30-88-17-4-100-68-24-56-55-66-38-71-40-1-11-70-59-73-29-13-44-99-83-42-14-39-32-22-3-57-31-49-69-34-76-92-27-64-36-53-28-9-35-51-96-85-8-45-48-6-52-67-25-93-72-18-5-91-98
Ta100x20,9,2,200,0.85,0.05,9,2230909282,17000,6452,6358,5979,2.723556372,v2_avx512bw_vec32_exact_perm,43-81-78-41-88-97-89-60-2-75-74-15-80-62-55-90-50-95-94-59-44-47-33-19-7-20-56-16-30-96-79-12-42-46-77-65-73-26-54-76-84-68-51-24-25-32-38-61-21-64-87-83-10-29-70-92-23-17-22-34-85-11-3-1-71-27-40-14-63-57-58-6-37-39-82-100-69-86-99-28-13-45-52-36-9-67-93-53-4-18-48-49-8-31-72-5-35-91-66-98
Ta100x20,9,2,200,0.85,0.05,10,2230910291,17000,6480,6358,5979,2.946326252,v2_avx512bw_vec32_exact_perm,37-15-63-95-1-90-43-7-19-16-80-65-61-89-96-79-41-50-38-21-74-82-68-10-22-75-4-94-24-73-62-42-97-34-39-86-51-54-44-77-76-60-58-55-47-46-81-12-92-17-100-25-20-33-2-59-14-56-57-64-99-3-87-36-70-23-27-88-11-8-6-53-30-13-83-18-31-49-84-9-85-40-52-67-28-93-66-69-71-26-32-29-45-48-5-91-78-72-35-98
Ta100x20,9,2,200,0.85,0.075,1,2230901210,17000,6451,6358,5979,2.74745849,v2_avx512bw_vec32_exact_perm,15-50-37-89-95-63-41-90-65-43-74-75-48-46-77-12-82-94-47-19-7-38-16-54-20-80-60-79-59-33-17-61-86-2-58-4-25-10-21-78-26-56-39-88-70-81-23-44-11-13-42-73-66-71-68-14-30-99-27-92-9-87-24-34-57-8-40-29-97-85-49-84-76-3-51-22-100-6-53-45-93-67-69-1-36-83-62-55-18-32-31-28-96-35-64-52-5-91-72-98
Ta100x20,9,2,200,0.85,0.075,2,2230902219,17000,6486,6358,5979,2.692218113,v2_avx512bw_vec32_exact_perm,42-81-95-78-50-43-88-15-89-90-59-62-60-97-41-47-74-96-13-7-38-61-65-33-80-46-54-58-84-68-40-20-63-82-10-55-69-4-19-48-94-77-23-12-57-16-51-34-30-92-86-3-2-76-45-9-83-27-24-79-22-39-56-71-53-73-26-11-32-17-8-6-36-31-14-99-37-70-49-29-21-25-85-93-66-28-64-18-67-35-44-87-75-52-1-100-72-5-91-98
Ta100x20,9,2,200,0.85,0.075,3,2230903228,17000,6407,6358,5979,2.770201402,v2_avx512bw_vec32_exact_perm,43-42-89-2-60-81-46-7-41-80-51-15-62-50-79-78-21-64-65-77-33-97-44-11-95-47-74-90-19-38-24-23-54-6-94-63-87-82-16-10-58-68-27-48-14-88-37-25-22-69-61-39-86-30-34-92-75-76-56-12-4-40-26-53-85-17-71-70-36-13-29-67-45-20-55-8-83-57-93-9-99-59-18-73-32-84-3-91-31-35-49-28-1-96-100-5-52-72-66-98
Ta100x20,9,2,200,0.85,0.075,4,2230904237,17000,6447,6358,5979,2.72594627,v2_avx512bw_vec32_exact_perm,42-81-2-50-43-89-65-15-62-78-97-95-7-41-96-19-94-74-55-20-60-30-80-21-47-90-46-63-59-61-24-38-4-76-56-22-75-39-85-87-77-86-83-12-33-16-54-82-26-1-37-58-51-79-25-6-45-68-3-14-67-27-10-23-57-71-8-88-9-34-84-66-53-73-100-99-40-32-11-69-36-31-29-13-35-44-93-17-92-28-5-48-70-49-18-64-52-72-91-98
Ta100x20,9,2,200,0.85,0.075,5,2230905246,17000,6468,6358,5979,2.786702295,v2_avx512bw_vec32_exact_perm,37-15-2-89-63-59-60-42-95-68-16-47-77-43-88-41-50-76-7-22-80-79-54-75-65-90-20-38-62-81-56-94-25-24-71-78-12-46-74-4-19-34-53-6-39-21-82-67-30-55-26-84-1-51-57-92-8-33-17-13-61-85-40-11-73-66-28-69-14-49-29-97-93-87-48-44-31-83-23-10-96-18-32-27-86-58-3-100-35-99-45-9-36-70-64-5-52-91-72-98
Ta100x20,9,2,200,0.85,0.075,6,2230906255,17000,6454,6358,5979,2.755883517,v2_avx512bw_vec32_exact_perm,42-95-43-41-50-59-15-47-12-51-2-74-79-78-65-89-80-60-94-97-20-68-64-30-90-23-46-61-84-13-81-37-16-77-62-21-7-11-33-24-4-73-10-27-38-63-76-86-56-54-39-6-52-14-88-58-82-3-34-57-22-100-75-92-45-26-36-32-71-25-35-19-67-70-44-99-8-40-1-55-9-49-29-83-69-18-53-28-31-17-93-85-87-48-96-72-66-91-5-98
Ta100x20,9,2,200,0.85,0.075,7,2230907264,17000,6434,6358,5979,2.637749186,v2_avx512bw_vec32_exact_perm,43-15-62-7-42-81-41-50-95-63-60-46-74-80-65-89-90-45-33-16-59-21-86-30-47-68-94-14-54-4-20-75-26-39-10-23-61-66-51-73-22-78-12-24-44-56-38-69-2-1-37-92-77-57-67-6-97-34-76-29-85-31-100-87-84-19-36-17-79-58-55-11-8-82-3-9-53-99-40-83-18-32-25-71-70-27-88-28-64-13-48-52-5-91-49-96-35-93-72-98
Ta100x20,9,2,200,0.85,0.075,8,2230908273,17000,6462,6358,5979,2.752578003,v2_avx512bw_vec32_exact_perm,42-43-15-62-88-97-74-60-95-34-41-81-63-80-94-65-16-33-47-30-75-57-68-54-20-50-61-51-92-64-84-37-19-38-1-89-27-76-21-12-46-90-4-56-39-86-6-10-58-7-79-26-11-78-25-69-23-44-24-59-2-32-3-66-77-29-17-49-14-36-100-22-82-53-18-73-67-55-40-99-87-35-93-52-13-5-28-71-70-83-31-9-85-8-45-48-96-91-72-98
Ta100x20,9,2,200,0.85,0.075,9,2230909282,17000,6452,6358,5979,2.799961657,v2_avx512bw_vec32_exact_perm,42-43-81-41-50-15-78-12-37-79-51-62-16-95-7-80-47-61-31-65-19-90-94-97-24-10-73-2-60-74-59-1-56-33-38-46-63-57-86-4-89-76-21-22-39-83-88-30-54-13-17-77-20-40-23-66-6-34-84-26-25-8-99-58-44-68-28-11-75-55-70-92-5-14-9-71-87-36-27-69-93-67-85-82-29-32-45-3-100-53-48-49-18-64-35-96-52-72-91-98
Ta100x20,9,2,200,0.85,0.075,10,2230910291,17000,6499,6358,5979,2.888316704,v2_avx512bw_vec32_exact_perm,81-50-43-15-63-2-80-7-41-75-62-42-16-46-33-89-56-68-65-38-4-12-30-86-60-69-54-78-97-77-21-90-47-95-88-37-84-19-11-74-59-76-27-44-94-51-73-24-10-22-20-58-3-26-32-39-82-61-25-17-8-53-92-18-67-57-6-100-79-14-1-55-49-29-5-87-36-9-35-96-34-23-99-85-70-31-40-28-83-13-93-45-71-72-52-48-64-66-91-98
Ta100x20,9,2,200,0.85,0.1,1,2230901210,17000,6433,6358,5979,3.471385121,v2_avx512bw_vec32_exact_perm,42-43-15-50-95-63-46-80-4-12-94-41-79-59-47-90-86-7-37-16-38-68-65-78-54-62-97-60-21-77-64-30-76-51-56-44-74-75-55-45-10-26-2-58-23-61-17-19-81-33-14-88-24-34-84-66-22-25-73-71-39-82-29-69-57-35-3-32-11-96-1-27-92-9-20-70-36-49-89-53-28-31-6-40-8-93-99-85-87-100-18-13-83-72-52-48-67-5-91-98
Ta100x20,9,2,200,0.85,0.1,2,2230902219,17000,6457,6358,5979,3.233878739,v2_avx512bw_vec32_exact_perm,81-43-88-50-41-97-15-78-16-12-46-42-47-59-37-89-68-86-90-76-51-54-79-65-4-80-19-71-62-83-94-33-55-58-45-63-95-61-25-2-23-74-26-30-10-75-57-60-77-82-39-5-24-7-56-44-38-67-22-34-17-6-8-53-70-21-92-32-20-11-100-14-49-13-36-3-28-69-27-31-40-73-99-18-84-9-1-96-35-85-52-87-93-72-29-48-64-66-91-98
Ta100x20,9,2,200,0.85,0.1,3,2230903228,17000,6444,6358,5979,3.050120417,v2_avx512bw_vec32_exact_perm,15-50-43-81-63-80-59-45-16-37-41-60-47-19-97-30-62-74-17-95-12-82-42-73-34-77-65-14-79-2-68-21-51-90-33-13-83-39-86-54-4-56-38-24-22-84-94-27-3-87-61-75-40-11-23-8-57-7-71-58-26-1-76-89-55-92-28-25-46-78-10-35-9-67-31-44-29-20-64-32-66-93-53-6-70-49-69-88-48-100-5-52-36-96-85-99-18-72-91-98
Ta100x20,9,2,200,0.85,0.1,4,2230904237,17000,6470,6358,5979,2.934883459,v2_avx512bw_vec32_exact_perm,42-7-78-41-65-50-46-15-89-62-79-60-80-94-59-43-12-74-21-47-90-37-81-6-63-86-77-51-24-2-33-73-64-14-54-66-4-55-38-95-39-1-17-92-10-61-68-25-71-23-87-88-30-70-16-56-48-75-76-11-85-93-84-19-13-99-26-27-8-57-58-44-3-97-100-40-49-29-45-67-53-22-20-83-34-28-69-31-9-82-32-5-52-36-18-96-72-35-91-98
Ta100x20,9,2,200,0.85,0.1,5,2230905246,17000,6466,6358,5979,3.089887001,v2_avx512bw_vec32_exact_perm,43-89-88-51-62-50-80-15-90-41-97-63-42-95-33-27-86-68-65-59-37-73-22-78-57-16-79-54-60-81-4-39-46-21-23-11-30-26-25-12-76-84-3-64-92-94-7-24-77-49-10-47-29-17-40-9-53-74-82-20-55-38-32-31-2-56-8-1-61-71-14-28-85-18-58-45-19-83-100-13-67-6-99-70-52-69-87-96-35-36-93-44-75-72-48-5-34-91-66-98
Ta100x20,9,2,200,0.85,0.1,6,2230906255,17000,6422,6358,5979,2.796595285,v2_avx512bw_vec32_exact_perm,15-43-62-64-41-88-47-94-89-90-65-42-33-68-50-79-78-60-2-80-97-61-95-4-38-12-20-32-46-74-10-19-84-63-59-57-23-26-76-7-29-14-55-17-77-58-21-16-6-11-24-8-51-81-93-56-73-13-66-44-34-69-99-39-86-82-92-37-28-40-1-70-71-25-9-53-54-31-83-22-27-3-45-87-30-36-67-75-100-85-18-72-48-96-35-5-52-49-91-98
Ta100x20,9,2,200,0.85,0.1,7,2230907264,17000,6511,6358,5979,2.709214604,v2_avx512bw_vec32_exact_perm,37-24-62-43-16-89-81-63-80-65-46-48-90-95-39-94-41-97-60-68-21-47-30-78-15-2-59-74-14-56-86-33-44-27-11-77-23-12-4-19-55-51-83-58-76-34-96-79-61-50-22-82-10-87-70-3-54-73-75-38-45-88-8-57-40-99-20-29-9-84-49-69-66-42-35-32-71-25-26-17-92-31-36-13-28-53-100-85-52-6-67-7-93-18-1-5-64-72-91-98
Ta100x20,9,2,200,0.85,0.1,8,2230908273,17000,6434,6358,5979,2.679109726,v2_avx512bw_vec32_exact_perm,37-89-81-95-63-60-16-43-15-77-78-46-10-75-21-74-41-62-47-4-19-86-54-97-26-58-84-76-56-90-65-79-2-80-94-7-42-59-50-40-68-17-38-44-57-30-13-12-51-83-22-20-33-39-23-55-11-82-96-24-14-61-99-27-29-9-93-35-69-66-73-85-100-67-36-92-70-49-45-3-8-88-32-6-53-18-28-64-34-5-31-48-1-25-71-52-87-72-91-98
Ta100x20,9,2,200,0.85,0.1,9,2230909282,17000,6417,6358,5979,2.877197296,v2_avx512bw_vec32_exact_perm,42-81-2-43-15-89-78-80-21-62-50-63-95-47-41-94-90-75-97-37-24-61-79-60-46-39-30-12-7-88-76-16-20-59-68-54-17-40-65-44-77-23-11-4-19-34-53-28-74-71-1-25-48-51-70-14-64-29-86-57-8-56-6-99-26-58-82-87-27-10-92-9-35-49-33-66-93-45-13-83-3-22-67-69-36-73-55-84-18-32-38-100-31-85-96-72-52-5-91-98
Ta100x20,9,2,200,0.85,0.1,10,2230910291,17000,6435,6358,5979,2.679505818,v2_avx512bw_vec32_exact_perm,42-37-89-43-16-60-15-77-78-41-50-46-63-95-54-79-17-90-59-88-38-97-86-30-21-74-82-19-25-2-34-81-73-47-68-56-65-10-4-76-51-22-55-24-20-33-12-58-27-75-44-45-11-80-92-71-9-94-70-7-40-23-53-26-84-3-57-31-29-28-64-62-61-14-39-67-6-66-93-85-87-36-99-8-32-100-5-18-13-83-69-48-49-52-1-96-72-35-91-98
Ta100x20,9,2,200,0.85,0.125,1,2230901210,17000,6593,6358,5979,2.793727556,v2_avx512bw_vec32_exact_perm,37-43-89-62-60-81-41-15-16-21-47-64-50-80-30-2-46-12-95-59-73-74-54-42-34-24-86-63-76-51-75-90-10-5-38-68-65-97-4-77-57-79-14-23-40-71-7-11-58-83-70-56-39-19-94-82-84-99-26-44-49-66-9-33-27-25-87-92-28-67-1-55-8-61-53-31-69-29-17-85-22-32-93-20-36-3-88-18-13-100-6-35-78-45-52-48-96-72-91-98
Ta100x20,9,2,200,0.85,0.125,2,2230902219,17000,6581,6358,5979,3.360384475,v2_avx512bw_vec32_exact_perm,42-37-24-78-41-81-88-43-63-46-80-15-12-50-79-62-95-89-94-90-65-44-59-73-61-60-74-77-57-47-38-2-31-75-56-97-76-14-4-33-58-55-21-40-26-19-16-10-7-45-51-86-1-83-54-30-9-25-67-71-34-6-39-23-82-70-68-22-13-8-85-99-28-69-96-17-3-49-53-84-20-93-92-11-27-100-87-29-5-52-36-32-35-64-18-48-91-72-66-98
Ta100x20,9,2,200,0.85,0.125,3,2230903228,17000,6489,6358,5979,3.187156726,v2_avx512bw_vec32_exact_perm,42-81-43-41-89-65-60-33-24-88-90-95-15-78-80-27-94-2-74-97-48-86-63-62-46-30-12-59-56-58-44-73-26-47-84-77-11-25-21-76-14-7-9-39-32-38-53-61-37-10-4-51-50-23-22-6-34-40-17-19-31-83-16-68-69-71-29-70-55-20-57-93-99-79-82-3-100-92-35-49-64-18-13-85-8-87-5-36-75-54-28-45-67-52-1-96-72-66-91-98
Ta100x20,9,2,200,0.85,0.125,4,2230904237,17000,6483,6358,5979,2.916306981,v2_avx512bw_vec32_exact_perm,37-24-16-43-15-89-47-90-88-41-97-26-58-78-29-51-42-68-45-50-79-12-17-10-95-94-33-14-63-81-21-19-27-2-65-59-44-74-30-75-62-56-38-86-57-80-92-34-99-7-76-61-60-1-77-46-22-23-82-73-53-54-100-4-39-5-3-11-69-6-36-67-28-31-55-20-35-40-49-84-8-32-66-9-85-93-71-18-87-70-96-13-48-25-83-64-52-72-91-98
Ta100x20,9,2,200,0.85,0.125,5,2230905246,17000,6468,6358,5979,3.208007723,v2_avx512bw_vec32_exact_perm,37-89-63-96-81-15-41-50-47-90-95-74-43-61-75-54-65-10-58-73-51-33-7-19-64-57-92-16-77-66-4-6-80-12-42-83-24-38-62-46-39-79-84-94-68-82-2-56-60-55-76-22-21-97-26-28-27-40-59-86-88-30-13-71-3-17-70-14-69-36-11-25-93-23-44-32-100-34-53-31-78-1-29-99-45-85-8-20-87-9-35-49-5-52-48-67-18-72-91-98
Ta100x20,9,2,200,0.85,0.125,6,2230906255,17000,6485,6358,5979,3.308462242,v2_avx512bw_vec32_exact_perm,81-95-50-43-41-62-88-89-15-24-90-16-59-2-23-68-60-46-77-78-74-80-44-21-12-51-30-79-26-58-55-47-57-4-69-3-10-7-40-65-38-63-33-13-83-61-82-39-94-22-32-17-19-27-11-92-75-42-20-87-14-36-97-34-86-28-8-56-54-49-71-76-25-1-96-85-18-37-99-70-64-53-29-45-93-35-9-84-52-67-73-31-6-100-48-5-91-72-66-98
Ta100x20,9,2,200,0.85,0.125,7,2230907264,17000,6560,6358,5979,3.600747536,v2_avx512bw_vec32_exact_perm,42-43-81-41-65-62-15-95-16-74-100-89-80-20-63-24-90-50-46-59-19-2-60-83-77-12-86-33-84-92-94-45-56-47-66-76-38-22-7-73-82-34-23-99-25-79-30-49-68-10-97-61-96-21-51-58-70-26-88-28-57-78-40-6-4-3-39-53-17-54-93-69-31-1-71-55-11-14-13-44-8-85-27-87-37-75-36-67-29-32-64-5-52-9-35-18-48-91-72-98
Ta100x20,9,2,200,0.85,0.125,8,2230908273,17000,6438,6358,5979,3.20628515,v2_avx512bw_vec32_exact_perm,42-81-88-43-50-15-41-59-75-2-16-66-74-95-78-79-61-82-62-94-47-33-37-63-23-68-60-46-90-80-12-7-21-17-40-28-77-86-39-89-10-84-38-70-65-6-69-54-27-20-19-36-92-32-34-51-53-100-9-57-30-96-97-3-11-14-4-13-49-93-26-58-35-76-56-44-25-31-64-29-85-73-24-8-99-18-1-55-71-45-87-48-22-83-5-52-67-72-91-98
Ta100x20,9,2,200,0.85,0.125,9,2230909282,17000,6475,6358,5979,3.286171892,v2_avx512bw_vec32_exact_perm,81-43-88-50-41-59-33-63-11-80-65-95-68-60-4-42-47-62-15-75-97-10-74-56-20-64-77-25-38-86-61-7-79-94-76-89-44-90-2-58-73-21-26-54-39-1-51-14-19-57-16-6-34-28-93-92-46-12-27-87-37-36-30-17-55-3-82-53-40-31-71-70-84-45-8-23-100-29-49-85-22-69-99-18-32-48-5-24-52-67-9-83-13-96-35-78-72-66-91-98
Ta100x20,9,2,200,0.85,0.125,10,2230910291,17000,6587,6358,5979,3.253218206,v2_avx512bw_vec32_exact_perm,81-88-59-37-50-15-41-47-94-16-68-24-43-77-60-65-33-61-75-74-80-20-51-30-12-46-90-95-70-38-62-21-89-13-84-76-45-73-23-26-54-97-2-69-31-86-40-63-44-58-4-34-3-99-100-7-36-19-53-9-10-17-66-87-6-56-8-55-11-82-39-32-1-14-28-29-92-49-83-35-25-64-27-22-79-42-71-78-85-18-57-93-67-48-52-96-72-91-5-98
Ta100x20,9,2,200,0.8875,0.025,1,2230901210,17000,6445,6358,5979,3.369882993,v2_avx512bw_vec32_exact_perm,81-15-37-74-60-78-41-88-89-62-97-43-16-95-63-57-80-33-21-47-12-4-19-46-39-10-51-79-94-73-11-84-24-48-38-54-1-75-90-45-76-61-59-65-83-34-42-58-77-86-7-6-69-3-2-40-50-20-56-14-49-30-68-70-99-23-82-100-9-27-87-22-36-55-67-29-25-31-44-18-53-35-28-71-13-92-26-17-85-8-32-96-5-93-64-66-52-72-91-98
Ta100x20,9,2,200,0.8875,0.025,2,2230902219,17000,6458,6358,5979,3.319842948,v2_avx512bw_vec32_exact_perm,15-81-37-89-60-43-74-62-7-17-41-95-63-90-59-80-79-94-42-47-39-73-46-51-48-86-54-64-8-76-97-61-38-65-50-25-30-19-82-83-12-21-16-77-10-75-33-4-57-66-34-9-92-23-87-70-99-27-11-6-58-2-24-40-71-28-14-68-93-84-56-69-88-20-55-31-22-29-85-18-78-32-35-44-53-3-100-67-45-26-36-13-52-49-1-96-72-5-91-98
Ta100x20,9,2,200,0.8875,0.025,3,2230903228,17000,6437,6358,5979,3.487459089,v2_avx512bw_vec32_exact_perm,42-43-15-89-60-16-41-59-46-7-62-90-80-95-50-78-65-33-21-81-26-68-47-51-19-12-97-44-37-79-54-39-82-92-74-17-32-75-10-13-2-94-88-38-30-77-20-73-11-86-4-76-56-34-31-61-29-99-24-1-28-6-67-22-49-69-55-66-40-8-25-71-70-23-18-14-83-57-63-45-3-53-27-87-52-84-9-35-64-36-58-93-96-85-100-48-5-72-91-98
Ta100x20,9,2,200,0.8875,0.025,4,2230904237,17000,6514,6358,5979,3.192272089,v2_avx512bw_vec32_exact_perm,42-50-15-62-43-41-7-60-26-79-89-96-97-61-4-86-10-47-59-94-38-33-75-22-54-95-68-63-81-80-90-23-65-37-57-77-51-2-55-40-82-73-28-34-58-19-70-46-24-17-99-16-29-56-76-14-74-21-1-31-6-87-27-11-3-5-8-32-36-39-49-92-66-83-69-30-64-12-85-71-20-25-100-93-13-44-35-67-78-45-53-52-9-84-18-88-48-72-91-98
Ta100x20,9,2,200,0.8875,0.025,5,2230905246,17000,6507,6358,5979,3.253028232,v2_avx512bw_vec32_exact_perm,42-37-62-15-16-7-2-41-59-60-79-33-89-46-78-63-65-95-80-90-97-30-88-12-6-47-77-94-10-43-81-73-50-20-61-19-75-51-76-74-54-21-58-64-4-34-86-28-39-82-53-68-26-92-17-57-3-31-1-83-38-25-56-22-14-11-55-44-23-100-69-71-13-36-70-49-99-40-8-32-27-45-24-93-85-67-29-18-9-84-5-87-35-52-48-96-72-66-91-98
Ta100x20,9,2,200,0.8875,0.025,6,2230906255,17000,6437,6358,5979,2.729429307,v2_avx512bw_vec32_exact_perm,42-81-43-15-89-16-80-88-7-60-41-74-65-90-95-33-75-57-4-61-39-62-47-10-79-94-78-56-19-50-20-46-63-2-30-58-9-44-59-48-77-12-86-84-38-97-73-11-23-54-26-27-87-76-51-55-14-37-24-21-29-1-49-22-70-6-67-28-18-53-82-69-34-99-68-66-83-8-92-17-40-32-64-45-3-36-25-93-5-31-85-91-71-100-35-13-96-72-52-98
Ta100x20,9,2,200,0.8875,0.025,7,2230907264,17000,6416,6358,5979,3.188164513,v2_avx512bw_vec32_exact_perm,42-43-15-89-16-80-62-88-50-95-41-47-21-74-90-59-65-78-54-79-97-60-46-68-63-33-25-64-30-86-94-77-2-23-12-20-82-38-61-4-34-19-53-17-92-26-7-76-13-84-87-10-56-83-81-24-73-22-51-3-39-66-6-32-27-71-11-40-14-93-1-99-70-58-75-57-44-18-48-69-55-29-31-85-37-67-8-45-35-28-9-96-52-36-49-100-5-91-72-98
Ta100x20,9,2,200,0.8875,0.025,8,2230908273,17000,6470,6358,5979,3.059486993,v2_avx512bw_vec32_exact_perm,81-15-43-89-96-7-41-75-74-62-46-60-50-80-95-63-54-65-78-42-90-59-56-86-4-38-57-61-77-51-73-16-10-79-20-12-97-2-21-26-68-30-24-47-39-76-82-94-44-23-11-55-92-28-70-88-33-19-5-58-27-22-14-9-83-34-45-3-84-49-53-66-29-32-31-100-6-64-99-40-1-36-69-37-13-71-35-8-87-25-93-17-48-67-85-52-18-72-91-98
Ta100x20,9,2,200,0.8875,0.025,9,2230909282,17000,6448,6358,5979,3.158263966,v2_avx512bw_vec32_exact_perm,43-81-15-89-60-16-41-50-78-54-80-65-90-95-59-61-1-51-33-19-47-4-12-42-74-96-14-55-21-77-2-97-20-75-10-46-63-79-22-76-7-23-34-94-39-17-30-68-86-11-92-25-83-26-57-3-24-82-27-62-38-56-88-44-8-58-71-73-40-99-32-66-100-5-49-9-70-53-6-37-69-36-29-31-84-64-18-85-93-35-28-87-13-48-67-45-52-72-91-98
Ta100x20,9,2,200,0.8875,0.025,10,2230910291,17000,6530,6358,5979,3.228934568,v2_avx512bw_vec32_exact_perm,37-62-7-78-88-42-50-15-89-95-60-41-81-19-75-47-74-94-46-90-51-68-84-79-61-80-33-82-21-12-4-77-44-43-55-38-54-69-30-97-76-65-20-16-57-63-24-71-59-56-87-73-34-27-22-58-70-2-40-64-23-6-39-10-3-86-92-17-25-26-83-99-13-8-11-52-5-14-29-49-32-31-28-9-53-100-36-85-35-93-67-18-45-1-48-96-72-66-91-98
Ta100x20,9,2,200,0.8875,0.05,1,2230901210,17000,6411,6358,5979,2.912526772,v2_avx512bw_vec32_exact_perm,81-43-15-50-46-7-63-41-24-78-94-79-88-42-89-47-60-90-80-21-16-57-77-51-33-19-97-38-4-12-10-73-95-30-75-1-61-37-74-65-56-17-14-2-26-58-76-54-55-6-8-59-68-82-100-86-27-62-66-71-25-23-39-22-29-87-99-44-40-85-34-11-20-70-92-32-3-31-64-36-28-53-18-83-13-96-69-84-9-35-45-52-48-67-93-5-49-91-72-98
Ta100x20,9,2,200,0.8875,0.05,2,2230902219,17000,6521,6358,5979,2.903495533,v2_avx512bw_vec32_exact_perm,48-2-95-41-43-81-63-80-65-15-89-90-47-97-60-42-77-19-46-51-55-62-66-79-7-26-84-76-38-12-59-21-74-16-56-75-14-24-20-61-33-54-40-88-68-28-4-58-64-53-94-70-29-86-27-82-37-39-57-44-99-31-9-50-73-30-8-13-49-71-87-83-100-10-25-3-45-36-69-18-67-92-1-6-17-93-85-11-23-22-34-32-96-35-52-78-5-91-72-98
Ta100x20,9,2,200,0.8875,0.05,3,2230903228,17000,6419,6358,5979,2.834091452,v2_avx512bw_vec32_exact_perm,81-43-88-50-46-63-41-60-95-80-74-21-62-47-7-42-79-97-90-37-12-30-19-89-64-65-4-38-59-77-86-54-44-94-58-68-25-48-15-2-16-23-82-22-34-75-20-57-70-51-33-61-45-99-40-76-27-3-24-71-39-87-14-78-10-56-85-67-18-55-92-26-17-8-1-29-53-49-32-11-28-69-93-35-6-31-84-9-13-83-66-52-96-36-73-100-5-91-72-98
Ta100x20,9,2,200,0.8875,0.05,4,2230904237,17000,6444,6358,5979,2.756710367,v2_avx512bw_vec32_exact_perm,37-78-89-2-81-15-63-41-95-47-65-90-97-77-56-43-79-16-62-80-88-42-50-33-46-60-30-75-19-84-94-86-74-25-54-38-17-20-61-76-21-9-12-7-14-59-4-26-44-68-58-34-23-83-39-11-22-31-73-57-6-10-8-51-24-70-92-82-32-3-64-55-53-66-29-87-48-27-40-85-49-99-93-100-36-13-1-71-69-18-96-35-28-67-5-52-45-72-91-98
Ta100x20,9,2,200,0.8875,0.05,5,2230905246,17000,6489,6358,5979,3.056892686,v2_avx512bw_vec32_exact_perm,15-81-37-16-19-50-46-63-95-77-2-24-60-80-88-41-47-38-97-21-89-84-22-79-54-43-74-44-39-86-4-56-90-10-59-68-65-9-23-82-94-33-26-7-62-55-61-51-87-75-8-58-32-83-11-1-42-69-25-34-66-92-73-35-12-17-40-30-49-3-76-53-78-99-6-100-31-48-85-14-93-57-29-28-13-96-20-27-71-45-5-64-52-36-72-67-18-70-91-98
Ta100x20,9,2,200,0.8875,0.05,6,2230906255,17000,6447,6358,5979,2.567428408,v2_avx512bw_vec32_exact_perm,81-43-88-15-2-47-62-97-41-7-78-61-65-20-33-77-51-60-80-37-79-89-73-94-64-54-75-74-66-44-19-90-95-84-24-16-30-56-86-39-46-28-12-82-22-50-6-3-68-59-14-10-13-27-4-76-71-21-17-40-48-26-23-55-70-11-92-96-1-25-83-38-58-57-34-49-63-42-69-18-35-45-8-53-9-36-99-31-85-93-87-29-32-52-67-100-5-91-72-98
Ta100x20,9,2,200,0.8875,0.05,7,2230907264,17000,6462,6358,5979,2.715544753,v2_avx512bw_vec32_exact_perm,43-81-15-78-60-41-97-37-59-47-62-95-12-63-46-77-16-19-65-42-80-74-7-30-90-86-94-38-87-33-24-88-89-10-73-54-58-45-4-2-25-75-68-34-79-17-21-40-57-51-39-82-3-61-23-84-26-9-1-11-53-44-50-93-99-76-14-27-56-32-71-31-6-100-36-13-8-22-49-85-70-29-28-69-35-92-96-55-20-18-5-83-64-52-48-67-72-66-91-98
Ta100x20,9,2,200,0.8875,0.05,8,2230908273,17000,6426,6358,5979,2.774183575,v2_avx512bw_vec32_exact_perm,42-81-88-43-15-60-41-74-59-62-50-46-78-37-80-63-95-89-23-90-21-7-12-4-38-86-54-97-26-84-2-76-58-68-75-94-17-11-30-79-61-73-65-25-10-39-82-47-22-20-56-6-77-14-51-57-34-3-53-92-87-100-13-44-35-16-33-93-83-70-99-32-19-69-29-24-31-28-9-27-45-40-8-55-64-36-1-71-49-18-48-5-91-67-85-96-52-72-66-98
Ta100x20,9,2,200,0.8875,0.05,9,2230909282,17000,6429,6358,5979,2.828150802,v2_avx512bw_vec32_exact_perm,42-43-81-15-41-89-60-80-88-62-16-94-59-37-47-95-68-63-90-21-46-33-4-79-11-78-24-65-19-6-25-44-34-58-61-2-39-51-55-20-97-10-76-27-84-56-77-87-86-40-54-23-71-12-7-38-74-1-92-17-85-18-64-14-3-82-73-57-26-50-29-22-13-69-36-83-30-70-75-31-8-28-32-93-99-53-100-45-9-35-96-48-49-52-67-5-91-72-66-98
Ta100x20,9,2,200,0.8875,0.05,10,2230910291,17000,6443,6358,5979,2.811848325,v2_avx512bw_vec32_exact_perm,42-81-88-43-15-89-62-16-80-60-97-41-46-20-50-95-63-37-7-90-10-75-86-54-59-77-47-58-6-4-19-34-65-69-30-13-100-23-25-44-94-12-33-51-38-17-2-40-56-68-73-70-21-26-82-39-84-22-53-3-78-11-79-61-83-31-85-76-29-74-57-28-64-96-24-36-27-14-93-99-32-71-66-45-9-55-52-67-1-92-48-49-35-8-87-18-72-5-91-98
Ta100x20,9,2,200,0.8875,0.075,1,2230901210,17000,6431,6358,5979,2.926453534,v2_avx512bw_vec32_exact_perm,42-81-43-15-41-89-65-60-33-46-7-80-90-97-4-38-62-56-39-88-95-50-78-57-26-30-73-12-51-94-47-10-79-19-16-59-74-37-20-63-55-21-58-2-77-82-27-69-87-23-64-54-34-24-83-22-92-17-86-8-6-68-40-70-75-53-29-61-99-1-13-85-11-44-3-28-18-31-72-84-9-36-66-49-14-25-71-32-76-45-93-35-96-100-5-52-48-67-91-98
Ta100x20,9,2,200,0.8875,0.075,2,2230902219,17000,6465,6358,5979,2.888918256,v2_avx512bw_vec32_exact_perm,42-81-37-63-74-43-15-41-13-16-39-65-47-46-48-95-68-54-17-94-51-33-78-24-19-2-79-99-7-90-80-60-86-59-21-77-84-64-61-38-62-57-23-89-44-97-26-92-4-76-10-58-55-83-12-11-40-20-75-56-28-27-87-22-14-85-93-1-71-50-82-69-45-9-35-3-30-25-67-73-70-29-31-100-53-6-52-96-36-8-49-32-18-88-5-34-72-66-91-98
Ta100x20,9,2,200,0.8875,0.075,3,2230903228,17000,6473,6358,5979,2.958288441,v2_avx512bw_vec32_exact_perm,81-15-33-89-96-43-7-60-41-12-97-63-46-65-77-90-24-95-44-50-68-78-16-21-48-20-61-47-2-59-86-74-25-38-79-82-94-57-13-54-39-42-17-26-92-58-56-76-4-80-11-23-6-22-84-34-19-71-35-51-40-28-53-87-27-30-3-64-66-14-49-55-8-75-88-70-10-85-29-83-69-93-32-9-99-37-31-73-45-100-52-1-36-67-62-72-18-5-91-98
Ta100x20,9,2,200,0.8875,0.075,4,2230904237,17000,6428,6358,5979,2.883554653,v2_avx512bw_vec32_exact_perm,42-81-88-7-43-41-12-50-15-16-46-68-63-80-59-37-79-60-6-94-47-74-90-51-30-86-56-4-10-19-38-78-21-57-89-62-24-17-22-95-1-75-71-77-84-65-69-3-97-61-82-76-26-54-23-45-2-28-33-58-39-11-14-66-73-40-27-31-34-92-20-32-36-64-8-99-9-25-44-53-100-18-85-48-67-87-93-55-49-70-29-13-83-5-52-96-35-91-72-98
Ta100x20,9,2,200,0.8875,0.075,5,2230905246,17000,6442,6358,5979,3.20543289,v2_avx512bw_vec32_exact_perm,81-43-50-15-89-80-60-74-84-41-75-46-62-54-88-20-78-97-37-76-51-7-56-19-16-42-63-59-38-77-65-25-55-2-47-30-86-95-90-79-12-61-69-17-21-82-39-10-26-13-73-71-33-23-44-11-99-24-40-8-49-68-66-94-32-22-27-36-4-9-57-14-3-58-83-18-64-92-70-31-6-1-85-93-48-67-28-34-53-100-96-35-87-52-29-45-72-5-91-98
Ta100x20,9,2,200,0.8875,0.075,6,2230906255,17000,6448,6358,5979,2.7637079,v2_avx512bw_vec32_exact_perm,88-78-41-50-15-47-81-21-43-74-90-46-63-60-33-13-80-37-79-54-65-38-77-25-64-62-84-95-61-1-16-30-59-19-51-68-94-83-12-42-14-4-32-39-86-2-20-89-97-22-23-10-6-24-7-34-71-76-56-69-11-8-27-58-73-3-29-45-53-17-26-87-55-36-99-40-70-92-57-67-18-31-44-28-35-82-9-96-85-100-48-93-66-75-72-52-5-49-91-98
Ta100x20,9,2,200,0.8875,0.075,7,2230907264,17000,6462,6358,5979,2.731772891,v2_avx512bw_vec32_exact_perm,42-81-88-43-41-50-15-89-78-16-80-21-60-61-5-47-62-46-74-79-54-95-63-17-33-86-51-90-59-65-30-19-73-4-56-12-71-2-14-77-24-94-10-7-76-22-20-68-3-45-75-84-69-23-97-11-26-25-92-1-83-9-39-82-44-55-37-40-99-58-18-70-64-85-38-27-29-87-13-36-8-49-57-93-35-32-6-100-67-28-34-53-96-48-52-31-91-72-66-98
Ta100x20,9,2,200,0.8875,0.075,8,2230908273,17000,6449,6358,5979,2.551699398,v2_avx512bw_vec32_exact_perm,42-81-15-41-88-78-95-7-37-89-62-80-94-79-60-2-65-75-74-43-77-54-97-47-10-44-46-58-63-90-59-86-56-16-20-33-61-12-14-30-45-23-84-26-39-51-19-17-22-85-3-99-40-24-38-13-83-68-82-64-69-21-34-50-66-73-100-25-87-36-55-4-8-1-29-9-53-49-57-71-11-93-32-6-67-70-92-76-35-28-5-18-96-27-48-31-52-72-91-98
Ta100x20,9,2,200,0.8875,0.075,9,2230909282,17000,6427,6358,5979,2.464723252,v2_avx512bw_vec32_exact_perm,15-60-81-42-7-41-16-74-43-24-94-63-80-46-90-89-62-79-59-65-38-10-78-33-45-75-76-57-95-54-84-19-21-51-77-4-64-86-3-88-30-70-61-47-97-14-92-27-6-20-2-39-56-85-11-26-58-44-68-23-8-82-12-17-37-22-73-29-66-55-71-25-32-18-31-69-36-83-1-9-99-100-50-40-13-49-28-87-34-53-93-72-96-48-5-52-67-35-91-98
Ta100x20,9,2,200,0.8875,0.075,10,2230910291,17000,6420,6358,5979,2.549214747,v2_avx512bw_vec32_exact_perm,43-50-15-78-41-16-81-37-80-63-59-95-62-26-1-89-58-90-65-61-20-60-47-77-46-30-75-68-84-19-21-17-94-74-79-2-54-48-4-38-39-14-23-22-11-86-7-92-33-71-70-25-82-8-56-12-69-9-85-10-88-34-99-73-97-76-57-29-64-36-51-32-42-27-40-24-67-28-66-13-3-53-44-45-18-87-83-35-93-49-55-100-31-6-96-72-52-5-91-98
Ta100x20,9,2,200,0.8875,0.1,1,2230901210,17000,6628,6358,5979,3.223917039,v2_avx512bw_vec32_exact_perm,37-78-42-16-50-15-81-88-89-41-74-38-95-62-90-43-65-63-48-73-10-13-60-46-39-47-59-27-21-75-33-25-82-26-94-97-68-54-80-6-34-19-30-67-49-45-79-31-24-44-2-29-71-28-76-23-61-12-22-20-69-36-55-51-4-77-87-56-14-93-17-1-53-64-11-3-58-85-40-84-70-86-83-99-8-66-92-7-9-57-96-52-32-100-72-35-18-5-91-98
Ta100x20,9,2,200,0.8875,0.1,2,2230902219,17000,6455,6358,5979,3.188442732,v2_avx512bw_vec32_exact_perm,81-15-89-60-94-78-37-59-88-41-47-62-97-77-63-95-50-42-16-76-43-57-80-90-21-74-51-30-79-12-46-2-13-7-33-4-10-38-68-17-92-25-86-23-28-26-54-24-65-40-61-73-11-70-20-29-27-58-6-49-39-48-75-22-31-69-36-82-85-45-3-34-99-8-87-56-19-83-55-100-14-93-53-71-32-44-9-64-35-67-18-84-52-1-96-5-91-72-66-98
Ta100x20,9,2,200,0.8875,0.1,3,2230903228,17000,6472,6358,5979,3.106847715,v2_avx512bw_vec32_exact_perm,42-81-43-88-15-41-78-89-90-65-37-62-16-19-50-80-21-60-61-47-74-59-95-46-68-30-63-1-38-51-57-75-33-77-6-39-82-12-73-34-10-17-92-86-4-79-54-76-94-58-64-2-24-52-20-97-3-7-83-70-69-23-11-22-27-25-49-100-71-53-40-13-84-26-36-99-8-32-66-9-14-56-31-29-85-44-87-93-28-55-48-96-35-45-67-18-72-5-91-98
Ta100x20,9,2,200,0.8875,0.1,4,2230904237,17000,6480,6358,5979,3.010482404,v2_avx512bw_vec32_exact_perm,42-50-78-81-43-15-41-60-68-63-80-65-90-59-16-48-10-95-94-79-47-87-89-33-21-62-84-75-57-77-51-46-61-92-26-1-17-54-19-24-39-38-4-86-56-12-20-71-2-83-22-74-25-14-97-3-82-73-37-58-29-55-64-69-7-100-76-27-85-11-40-53-70-49-8-13-44-88-30-23-6-66-34-5-99-93-28-35-96-9-31-32-45-52-36-67-18-72-91-98
Ta100x20,9,2,200,0.8875,0.1,5,2230905246,17000,6415,6358,5979,3.255616995,v2_avx512bw_vec32_exact_perm,42-43-41-88-16-74-95-63-80-54-15-4-19-47-62-94-97-30-60-1-78-89-46-21-90-59-26-23-61-68-82-50-75-33-57-84-38-56-65-77-7-76-71-27-81-34-92-79-64-58-86-2-37-70-10-51-25-3-69-20-12-24-73-83-22-44-11-39-93-17-99-6-31-85-40-14-29-32-100-18-53-28-35-87-45-55-52-9-67-36-13-49-8-5-48-96-72-66-91-98
Ta100x20,9,2,200,0.8875,0.1,6,2230906255,17000,6459,6358,5979,2.939151223,v2_avx512bw_vec32_exact_perm,42-37-89-15-16-2-80-7-62-51-95-41-60-81-21-77-50-30-12-96-88-33-4-24-22-75-46-68-54-43-84-78-79-61-38-19-65-90-97-40-47-20-59-74-44-55-57-58-27-48-49-94-11-39-6-10-23-26-76-82-34-99-56-1-67-66-73-9-28-8-86-100-92-87-35-25-3-13-83-70-29-69-17-36-14-63-85-93-31-71-32-53-45-64-18-5-52-72-91-98
Ta100x20,9,2,200,0.8875,0.1,7,2230907264,17000,6409,6358,5979,2.990839887,v2_avx512bw_vec32_exact_perm,42-37-2-89-60-16-43-15-74-80-46-63-19-65-75-33-94-7-10-95-47-90-79-51-56-62-81-84-41-24-6-39-11-38-21-97-34-20-12-73-48-58-68-82-70-99-57-59-92-88-77-17-18-44-22-23-50-26-25-76-61-86-54-4-31-71-40-100-30-3-49-13-36-67-27-87-55-66-14-8-32-45-93-53-29-64-85-69-1-28-96-35-9-83-5-52-78-72-91-98
Ta100x20,9,2,200,0.8875,0.1,8,2230908273,17000,6498,6358,5979,2.857550141,v2_avx512bw_vec32_exact_perm,37-43-63-75-15-41-12-95-16-88-62-48-68-64-94-79-74-82-61-80-50-23-90-46-54-60-39-19-89-44-59-21-47-4-76-55-38-57-7-11-97-9-42-84-2-58-14-30-51-77-27-86-10-73-56-53-81-29-78-17-22-65-40-70-99-83-93-1-3-20-13-71-100-25-33-85-8-49-35-92-87-34-6-31-96-24-28-26-69-36-67-32-5-52-18-45-72-66-91-98
Ta100x20,9,2,200,0.8875,0.1,9,2230909282,17000,6438,6358,5979,3.124281948,v2_avx512bw_vec32_exact_perm,42-81-43-15-89-78-2-65-60-97-41-59-77-47-33-46-63-12-75-30-57-95-74-88-79-54-16-76-51-4-19-90-80-21-50-20-48-87-61-7-29-14-3-64-62-25-27-68-94-22-23-10-6-86-92-26-58-83-56-70-44-39-24-37-17-55-38-45-8-11-49-40-82-13-34-53-71-1-93-73-99-100-85-28-31-9-36-96-84-69-35-32-18-72-52-67-91-5-66-98
Ta100x20,9,2,200,0.8875,0.1,10,2230910291,17000,6573,6358,5979,3.196946993,v2_avx512bw_vec32_exact_perm,15-50-43-41-81-16-89-78-47-94-97-10-63-95-33-79-62-12-37-51-24-73-4-66-90-21-11-38-88-77-60-7-44-80-22-68-23-2-42-56-55-82-92-34-46-17-74-59-30-26-19-25-8-86-61-83-3-65-58-49-45-27-76-40-84-54-57-87-20-32-39-53-71-29-6-14-13-28-100-18-67-36-5-93-70-64-99-85-69-9-96-35-52-31-91-1-48-75-72-98
Ta100x20,9,2,200,0.8875,0.125,1,2230901210,17000,6589,6358,5979,2.697951036,v2_avx512bw_vec32_exact_perm,50-43-15-24-63-41-59-62-47-94-56-89-81-60-78-65-79-16-17-7-80-90-46-44-97-21-33-13-37-12-95-2-58-26-84-39-20-77-10-6-74-86-51-82-99-42-57-68-93-87-34-54-45-23-29-19-11-4-1-3-76-27-53-31-73-25-71-64-61-69-14-28-55-49-100-38-30-75-22-35-8-92-5-40-36-96-85-18-32-9-83-52-67-88-66-48-70-91-72-98
Ta100x20,9,2,200,0.8875,0.125,2,2230902219,17000,6517,6358,5979,3.093722129,v2_avx512bw_vec32_exact_perm,42-81-43-15-80-88-41-89-62-75-16-10-60-37-94-77-47-63-46-19-50-54-73-65-78-17-74-90-21-95-2-59-79-7-87-30-86-61-1-34-99-25-58-39-4-57-38-71-12-33-32-26-92-76-55-27-36-20-68-11-23-51-82-56-8-14-100-22-69-24-97-6-3-31-84-40-83-45-70-9-85-93-29-53-13-49-52-67-28-44-64-5-18-48-96-35-91-72-66-98
Ta100x20,9,2,200,0.8875,0.125,3,2230903228,17000,6533,6358,5979,2.808658929,v2_avx512bw_vec32_exact_perm,50-43-81-63-42-80-97-95-7-2-78-41-59-62-15-89-47-60-75-77-90-21-12-69-51-46-23-74-33-45-48-87-54-64-30-82-56-39-94-14-4-24-38-61-76-73-22-3-19-44-67-10-8-17-57-58-27-79-34-65-6-26-99-68-40-31-37-20-55-11-25-86-36-88-93-49-1-70-92-9-85-16-29-84-53-71-52-28-13-83-96-35-32-18-100-5-91-72-66-98
Ta100x20,9,2,200,0.8875,0.125,4,2230904237,17000,6626,6358,5979,2.809219392,v2_avx512bw_vec32_exact_perm,37-81-63-42-80-95-59-78-89-88-47-15-12-41-74-54-43-10-4-61-60-75-79-58-17-7-38-77-6-24-55-73-62-26-33-65-90-76-21-16-56-31-14-20-11-32-94-83-30-25-28-69-23-22-46-39-40-68-2-51-19-9-92-44-34-84-27-97-86-87-85-67-3-100-99-53-36-64-29-49-66-70-93-50-57-8-45-82-71-35-96-1-52-13-48-18-72-91-5-98
Ta100x20,9,2,200,0.8875,0.125,5,2230905246,17000,6519,6358,5979,3.250691929,v2_avx512bw_vec32_exact_perm,42-37-95-63-7-90-80-43-12-15-41-81-89-16-4-68-75-10-21-88-74-20-60-59-17-79-46-78-62-47-33-65-19-25-22-6-84-38-2-97-40-23-77-61-94-50-57-54-26-82-44-39-58-87-51-27-3-14-86-34-92-11-28-69-56-73-66-29-85-31-100-8-9-53-49-30-64-36-76-99-70-45-83-18-55-1-96-35-48-13-71-32-91-67-52-24-93-5-72-98
Ta100x20,9,2,200,0.8875,0.125,6,2230906255,17000,6564,6358,5979,2.696965563,v2_avx512bw_vec32_exact_perm,42-81-50-43-88-95-78-16-41-7-94-97-80-89-19-65-60-37-58-90-47-46-59-68-44-74-34-10-51-79-55-20-62-39-82-30-92-77-2-11-75-23-33-28-14-56-31-26-21-38-27-15-70-12-61-86-29-57-84-76-49-93-99-66-32-73-63-6-64-87-22-54-8-17-40-83-13-3-35-69-24-71-100-36-25-4-53-1-5-18-45-9-67-48-85-91-96-72-52-98
Ta100x20,9,2,200,0.8875,0.125,7,2230907264,17000,6547,6358,5979,2.711317112,v2_avx512bw_vec32_exact_perm,42-15-43-24-41-16-80-7-81-65-20-62-63-46-74-75-60-95-39-56-21-97-2-89-47-33-45-94-30-79-61-78-6-83-90-37-12-1-51-19-11-10-4-53-14-28-26-27-54-58-76-77-86-55-92-64-50-40-49-100-82-38-23-22-29-8-32-68-31-59-13-71-73-17-57-3-69-25-88-44-66-34-70-36-99-52-87-67-93-35-9-85-84-18-5-48-96-72-91-98
Ta100x20,9,2,200,0.8875,0.125,8,2230908273,17000,6570,6358,5979,2.725337368,v2_avx512bw_vec32_exact_perm,37-15-89-62-16-50-43-63-45-95-74-90-80-88-41-79-59-81-42-75-12-30-94-47-9-82-96-76-55-97-77-84-54-60-21-38-68-14-65-61-20-27-56-78-19-44-10-51-29-57-7-6-26-2-23-17-24-58-22-35-39-25-73-13-93-71-11-4-53-49-69-48-46-28-40-34-31-86-36-18-33-99-1-83-67-3-92-32-87-70-8-64-91-85-100-5-52-72-66-98
Ta100x20,9,2,200,0.8875,0.125,9,2230909282,17000,6583,6358,5979,2.6739129,v2_avx512bw_vec32_exact_perm,42-81-43-78-41-88-50-86-37-74-51-90-94-62-15-89-80-33-21-75-16-95-76-54-63-97-60-10-79-56-2-44-77-65-17-40-59-19-84-7-26-27-47-30-46-73-6-38-24-58-68-92-66-85-82-4-61-20-87-12-34-39-99-70-23-22-31-49-3-45-28-18-1-11-14-25-36-69-83-29-8-32-57-13-9-71-64-67-55-52-35-93-53-96-100-48-5-91-72-98
Ta100x20,9,2,200,0.8875,0.125,10,2230910291,17000,6538,6358,5979,3.022440957,v2_avx512bw_vec32_exact_perm,42-37-89-43-16-81-63-60-15-80-74-51-41-59-19-90-50-57-79-95-78-65-47-34-21-22-68-38-97-88-44-10-17-46-92-30-70-75-76-20-94-26-4-54-23-7-12-33-56-39-25-3-69-86-11-45-83-61-29-2-82-100-24-36-58-77-27-62-87-66-14-55-31-73-9-8-6-84-99-40-13-49-48-67-93-85-53-18-28-71-1-35-96-32-52-5-64-91-72-98
Ta100x20,9,2,200,0.925,0.025,1,2230901210,17000,6479,6358,5979,2.806262479,v2_avx512bw_vec32_exact_perm,37-7-42-89-60-16-81-41-47-95-68-80-65-94-33-24-63-75-90-43-46-61-15-39-88-79-62-44-97-26-54-50-19-58-4-78-2-30-20-21-17-77-10-12-6-59-86-51-74-82-38-57-34-76-84-56-3-14-25-1-45-29-64-36-71-70-99-22-66-9-23-69-73-11-55-31-28-93-53-87-27-92-85-8-32-100-18-83-40-48-13-67-52-49-72-96-5-35-91-98
Ta100x20,9,2,200,0.925,0.025,2,2230902219,17000,6486,6358,5979,2.707757464,v2_avx512bw_vec32_exact_perm,42-50-15-43-63-59-95-47-41-62-97-90-12-80-7-78-65-94-20-74-61-48-60-46-24-16-77-79-88-33-89-44-76-56-34-55-92-17-26-82-10-75-53-54-73-4-11-23-39-57-38-2-37-51-19-28-14-21-68-22-8-25-87-13-83-70-71-27-69-1-64-85-18-30-86-99-6-58-49-35-40-3-45-81-67-84-9-36-93-31-32-72-52-29-66-96-100-5-91-98
Ta100x20,9,2,200,0.925,0.025,3,2230903228,17000,6474,6358,5979,2.674433942,v2_avx512bw_vec32_exact_perm,81-88-15-59-43-74-41-60-50-75-10-37-68-95-80-7-47-90-21-78-65-45-89-62-79-2-97-30-96-94-77-84-3-46-48-24-61-19-12-33-51-14-4-38-73-57-63-20-56-23-22-34-16-76-11-40-86-27-1-54-42-71-25-9-58-44-13-26-83-39-31-36-55-67-82-28-53-70-49-8-99-32-18-92-17-6-35-93-5-100-69-29-85-87-52-64-91-72-66-98
Ta100x20,9,2,200,0.925,0.025,4,2230904237,17000,6481,6358,5979,2.934323297,v2_avx512bw_vec32_exact_perm,42-50-43-81-15-89-75-94-78-88-37-84-95-74-41-19-47-10-12-92-4-79-2-97-22-51-61-77-33-57-23-90-60-80-7-8-46-54-39-65-40-21-3-58-55-17-26-82-86-38-63-11-25-16-76-44-68-59-1-56-85-34-71-69-66-48-99-62-14-18-73-87-20-30-49-24-27-67-70-29-53-45-9-31-6-36-93-13-83-96-28-32-100-35-64-52-5-91-72-98
Ta100x20,9,2,200,0.925,0.025,5,2230905246,17000,6420,6358,5979,3.28606948,v2_avx512bw_vec32_exact_perm,81-43-15-80-88-90-50-21-89-62-60-20-74-75-2-46-25-41-24-78-94-12-33-51-45-79-59-37-47-39-54-95-73-56-84-26-68-65-30-19-82-63-16-23-22-61-77-44-57-38-10-17-7-86-29-58-55-42-100-4-53-11-76-13-28-64-85-8-34-66-69-99-40-49-3-87-14-97-27-36-93-1-92-9-83-70-71-35-96-18-32-48-31-6-72-52-67-5-91-98
Ta100x20,9,2,200,0.925,0.025,6,2230906255,17000,6466,6358,5979,3.13615309,v2_avx512bw_vec32_exact_perm,81-43-50-15-78-89-65-95-63-41-16-62-59-61-47-74-56-60-20-90-80-97-10-19-4-23-96-12-46-26-33-55-21-68-51-2-82-79-39-57-42-38-94-7-77-58-84-6-86-8-54-64-32-73-71-24-11-70-75-99-30-76-27-92-5-45-9-1-36-37-29-22-17-85-40-67-48-14-3-83-100-13-25-44-53-34-66-49-31-28-93-69-35-88-87-52-18-72-91-98
Ta100x20,9,2,200,0.925,0.025,7,2230907264,17000,6444,6358,5979,3.122445321,v2_avx512bw_vec32_exact_perm,60-42-81-15-74-43-88-90-41-50-95-80-68-37-59-75-2-7-79-89-62-94-44-47-97-48-12-61-51-33-14-4-3-65-77-25-46-54-78-76-16-1-24-56-38-22-21-13-69-83-26-17-10-92-73-86-82-63-30-27-9-53-34-57-71-45-40-23-84-11-39-8-6-35-19-99-58-28-64-36-70-96-85-93-31-87-29-49-20-32-55-100-5-52-67-18-72-66-91-98
Ta100x20,9,2,200,0.925,0.025,8,2230908273,17000,6438,6358,5979,3.241244763,v2_avx512bw_vec32_exact_perm,81-15-78-65-42-74-95-50-43-11-4-80-19-89-94-90-47-60-58-41-33-79-75-61-46-63-16-59-1-37-12-24-84-77-83-76-54-27-62-21-6-40-97-31-44-39-38-57-7-87-3-68-51-30-88-23-2-17-22-10-9-20-55-82-66-26-25-71-73-13-14-34-99-48-69-56-86-8-49-35-36-92-70-32-64-67-28-93-53-29-45-100-85-18-96-52-72-5-91-98
Ta100x20,9,2,200,0.925,0.025,9,2230909282,17000,6499,6358,5979,3.116825112,v2_avx512bw_vec32_exact_perm,42-81-78-15-62-88-48-89-90-75-43-57-60-94-74-41-95-63-16-59-61-37-80-79-12-97-2-38-24-7-47-33-76-21-65-26-25-28-19-46-51-55-4-77-10-14-50-86-56-82-3-87-34-58-27-73-17-68-92-30-39-71-66-40-36-70-13-31-44-54-69-18-23-100-49-29-20-22-99-64-1-8-85-6-52-67-84-9-96-53-32-11-35-93-5-83-45-91-72-98
Ta100x20,9,2,200,0.925,0.025,10,2230910291,17000,6389,6358,5979,3.501738614,v2_avx512bw_vec32_exact_perm,42-43-2-62-75-15-41-50-46-88-89-74-60-80-21-33-63-20-7-38-78-81-79-64-73-54-95-47-90-97-61-56-65-26-76-4-94-77-86-57-51-30-39-6-14-68-34-58-16-23-92-37-100-24-45-12-83-10-25-8-87-82-48-19-84-71-3-13-27-59-22-53-44-11-32-18-17-69-29-85-9-99-35-40-31-93-1-28-55-67-36-70-96-5-52-49-91-72-66-98
Ta100x20,9,2,200,0.925,0.05,1,2230901210,17000,6435,6358,5979,3.039789104,v2_avx512bw_vec32_exact_perm,42-43-89-62-88-15-16-74-47-60-41-97-57-63-40-33-65-95-90-80-38-7-61-20-11-79-39-94-58-78-46-28-12-37-59-50-86-76-82-54-51-25-77-19-84-44-21-70-99-26-13-6-2-81-17-23-10-29-34-69-56-1-71-48-14-31-83-68-4-66-9-93-85-30-67-55-24-49-18-73-32-100-8-53-45-27-3-92-64-35-87-36-22-75-5-52-96-72-91-98
Ta100x20,9,2,200,0.925,0.05,2,2230902219,17000,6415,6358,5979,3.00108612,v2_avx512bw_vec32_exact_perm,43-50-41-88-47-15-62-81-63-42-95-80-12-46-56-89-73-90-65-78-79-61-94-16-30-75-10-21-68-60-83-74-48-45-2-27-24-59-38-33-86-54-4-76-19-51-25-22-44-31-97-26-57-23-77-82-6-99-11-28-34-69-39-14-1-92-37-55-18-58-49-17-40-29-53-93-7-87-3-84-20-100-13-64-85-36-8-71-70-32-9-35-96-5-52-67-91-72-66-98
Ta100x20,9,2,200,0.925,0.05,3,2230903228,17000,6448,6358,5979,2.991914671,v2_avx512bw_vec32_exact_perm,42-81-43-7-41-15-75-62-50-96-89-46-63-59-79-78-13-54-94-95-74-2-24-90-80-21-4-44-12-97-30-47-19-60-65-84-77-33-56-51-16-6-57-26-38-25-10-11-68-20-23-17-92-35-76-29-61-64-22-58-86-82-37-55-70-14-3-71-45-27-69-1-34-99-40-8-53-88-48-83-39-87-85-36-93-67-28-32-31-73-100-18-5-52-66-9-49-72-91-98
Ta100x20,9,2,200,0.925,0.05,4,2230904237,17000,6451,6358,5979,2.871190134,v2_avx512bw_vec32_exact_perm,42-43-81-41-50-15-60-24-78-86-51-74-90-61-95-80-16-57-89-62-65-94-27-33-21-59-44-47-12-46-30-63-79-26-99-73-39-11-56-75-76-13-7-38-20-10-84-48-19-88-69-23-37-2-97-77-82-22-1-58-55-34-6-17-54-8-40-4-53-64-71-68-66-83-25-70-29-49-14-36-3-31-92-32-100-85-93-45-35-67-28-9-18-5-52-87-96-72-91-98
Ta100x20,9,2,200,0.925,0.05,5,2230905246,17000,6437,6358,5979,3.081931513,v2_avx512bw_vec32_exact_perm,81-15-43-89-60-24-41-94-78-88-74-20-63-97-42-80-95-47-19-2-50-12-38-21-77-33-84-73-64-51-30-46-39-45-16-56-10-90-23-26-65-68-76-54-82-25-86-4-61-71-70-59-79-32-34-99-92-1-100-3-14-11-58-27-44-22-7-53-37-17-8-57-31-29-6-62-40-9-49-69-87-13-83-55-52-36-67-28-93-66-75-85-18-72-48-96-35-5-91-98
Ta100x20,9,2,200,0.925,0.05,6,2230906255,17000,6444,6358,5979,2.898134222,v2_avx512bw_vec32_exact_perm,81-43-15-47-41-97-78-50-46-63-88-30-42-95-60-77-74-17-2-80-21-24-90-54-65-44-89-62-59-79-51-7-38-39-32-94-20-12-40-33-83-61-56-16-58-66-26-4-68-75-10-19-82-86-34-57-31-3-99-28-93-55-76-67-92-13-64-27-37-36-45-8-23-87-22-35-73-11-25-1-9-14-29-71-70-84-48-53-49-18-6-69-96-85-100-52-72-5-91-98
Ta100x20,9,2,200,0.925,0.05,7,2230907264,17000,6487,6358,5979,2.897291074,v2_avx512bw_vec32_exact_perm,42-81-43-41-88-50-60-15-59-78-7-46-80-62-79-89-97-30-75-2-55-95-47-1-54-16-38-57-77-21-90-86-51-96-68-74-56-14-65-73-37-12-28-33-31-94-11-4-58-26-76-27-61-53-63-82-39-19-44-71-22-99-24-20-25-64-10-9-70-8-23-49-35-93-29-85-87-18-3-17-40-36-67-92-32-84-6-45-48-69-83-100-13-34-5-91-52-72-66-98
Ta100x20,9,2,200,0.925,0.05,8,2230908273,17000,6481,6358,5979,2.748847131,v2_avx512bw_vec32_exact_perm,42-81-43-88-37-89-15-80-94-50-41-95-78-63-13-46-84-24-3-64-21-74-10-79-90-51-75-65-30-58-6-61-38-7-39-86-69-11-33-73-12-4-47-54-17-19-14-77-92-57-20-82-34-9-16-62-23-18-27-44-68-2-59-56-5-76-99-71-25-1-40-49-8-55-83-60-97-26-87-35-29-28-22-93-31-53-32-85-100-67-45-52-48-36-70-91-96-72-66-98
Ta100x20,9,2,200,0.925,0.05,9,2230909282,17000,6481,6358,5979,2.736483153,v2_avx512bw_vec32_exact_perm,37-81-63-15-16-43-41-79-74-17-62-80-88-46-7-42-33-51-19-97-90-75-95-44-89-2-54-77-23-60-4-57-59-10-94-68-47-56-73-30-64-65-50-40-61-25-38-26-82-39-6-24-20-12-34-86-76-58-14-27-71-21-3-87-70-84-11-9-36-31-13-85-49-8-32-29-53-83-22-78-100-55-69-35-92-18-28-5-99-93-45-1-48-67-96-72-52-66-91-98
Ta100x20,9,2,200,0.925,0.05,10,2230910291,17000,6458,6358,5979,2.500582081,v2_avx512bw_vec32_exact_perm,81-15-75-42-74-43-38-89-45-16-62-21-47-78-88-37-17-77-41-80-65-50-10-95-79-7-61-33-60-39-57-59-73-20-63-2-12-58-4-46-24-90-11-23-92-26-82-68-97-30-9-14-54-44-94-76-51-34-69-99-1-56-28-100-53-66-6-40-8-32-31-64-86-36-29-25-3-13-84-35-96-22-27-85-19-93-55-72-71-18-49-52-87-83-48-67-70-91-5-98
Ta100x20,9,2,200,0.925,0.075,1,2230901210,17000,6540,6358,5979,2.868360171,v2_avx512bw_vec32_exact_perm,42-81-43-89-62-15-75-41-88-94-50-37-90-95-2-24-97-10-51-77-63-59-84-78-54-80-79-19-16-65-60-38-40-74-73-83-68-47-23-61-92-11-30-20-70-9-46-12-4-36-17-6-39-55-45-25-22-33-82-26-86-21-58-14-34-29-49-7-53-76-100-69-56-8-13-99-3-87-35-44-71-28-57-31-27-96-93-1-85-18-32-48-67-52-5-64-91-72-66-98
Ta100x20,9,2,200,0.925,0.075,2,2230902219,17000,6456,6358,5979,2.986470317,v2_avx512bw_vec32_exact_perm,43-81-2-74-60-48-41-12-46-78-24-63-95-97-15-16-19-47-30-94-79-89-90-80-56-86-73-61-51-62-4-5-7-38-71-77-76-55-50-82-14-34-21-3-57-92-17-59-68-28-65-26-88-25-54-40-58-44-39-9-10-27-20-11-96-75-42-35-87-33-36-83-8-13-93-99-32-22-53-37-84-18-69-31-6-85-29-45-49-100-52-1-67-23-64-70-91-72-66-98
Ta100x20,9,2,200,0.925,0.075,3,2230903228,17000,6525,6358,5979,2.692077225,v2_avx512bw_vec32_exact_perm,42-81-43-41-15-50-89-75-7-62-46-88-60-80-74-44-30-37-77-73-47-90-21-17-12-8-33-65-11-97-95-78-61-38-25-4-59-94-79-16-2-56-34-76-19-57-23-63-10-68-58-6-92-14-9-84-54-26-51-83-39-86-22-24-20-64-28-71-69-35-13-3-82-49-27-1-53-18-32-99-40-55-93-87-29-85-31-100-48-67-36-70-45-52-96-5-91-72-66-98
Ta100x20,9,2,200,0.925,0.075,4,2230904237,17000,6414,6358,5979,2.711646703,v2_avx512bw_vec32_exact_perm,95-16-41-81-88-74-43-15-63-60-80-90-97-89-79-21-62-64-46-24-4-42-12-33-7-59-51-61-58-47-44-39-45-77-10-75-57-48-78-65-38-30-19-50-94-26-76-56-99-86-82-9-54-69-84-66-71-68-25-2-40-23-37-18-73-17-55-36-34-92-87-27-1-35-14-3-22-83-29-53-49-11-20-28-100-13-67-6-70-8-31-85-93-32-96-72-52-5-91-98
Ta100x20,9,2,200,0.925,0.075,5,2230905246,17000,6434,6358,5979,2.831505232,v2_avx512bw_vec32_exact_perm,42-7-65-15-41-59-60-74-47-46-62-78-94-50-80-95-63-90-43-86-79-54-16-21-97-77-2-87-56-51-33-84-31-76-89-22-23-61-38-13-4-57-48-26-20-12-73-11-39-30-99-19-82-24-81-44-75-29-68-3-10-71-25-14-88-28-32-18-100-58-27-6-64-40-34-53-8-69-83-92-37-70-36-17-45-9-85-52-67-93-1-49-66-55-72-96-35-5-91-98
Ta100x20,9,2,200,0.925,0.075,6,2230906255,17000,6419,6358,5979,3.182170549,v2_avx512bw_vec32_exact_perm,81-15-37-74-47-2-63-80-60-94-41-50-95-62-77-24-43-90-89-21-16-20-79-33-12-51-46-78-65-70-38-56-7-76-44-59-68-54-96-4-97-10-17-26-19-25-86-92-39-82-55-1-66-73-61-30-71-87-27-58-6-100-14-8-57-11-75-23-84-22-5-40-3-13-83-69-29-85-64-34-28-31-42-53-36-88-93-32-9-99-35-45-48-67-52-49-18-72-91-98
Ta100x20,9,2,200,0.925,0.075,7,2230907264,17000,6463,6358,5979,3.092835367,v2_avx512bw_vec32_exact_perm,15-78-62-88-97-42-43-89-81-60-41-80-37-12-95-38-7-63-74-58-65-90-33-56-25-16-46-30-100-75-79-10-51-6-13-61-76-20-2-50-47-21-19-94-72-17-14-54-26-39-23-82-27-22-92-86-77-11-73-44-59-66-71-70-4-68-83-57-40-67-55-3-31-69-36-84-1-99-93-45-29-53-87-28-64-85-18-49-24-8-32-48-96-5-35-52-9-34-91-98
Ta100x20,9,2,200,0.925,0.075,8,2230908273,17000,6542,6358,5979,3.170460538,v2_avx512bw_vec32_exact_perm,37-81-63-43-15-41-62-89-80-88-42-60-94-74-40-47-16-95-97-79-55-65-61-44-38-54-17-30-12-78-50-46-33-77-76-21-4-59-56-14-7-6-34-86-26-51-92-82-68-90-32-11-25-23-24-10-73-71-27-39-28-19-67-2-57-93-36-45-3-29-20-13-58-1-99-64-85-22-70-49-8-35-96-48-31-83-18-69-9-87-84-52-53-75-100-5-91-72-66-98
Ta100x20,9,2,200,0.925,0.075,9,2230909282,17000,6582,6358,5979,3.072961407,v2_avx512bw_vec32_exact_perm,81-37-47-62-15-78-7-41-12-59-43-42-46-63-60-95-24-16-56-10-77-88-58-89-90-76-79-61-97-86-4-38-54-65-39-94-30-80-75-57-51-3-6-44-74-82-68-26-50-33-17-21-84-19-40-70-23-73-92-11-8-32-67-27-13-2-22-25-53-36-100-49-71-20-69-35-29-64-14-93-55-66-45-99-83-31-9-52-28-96-85-87-34-1-48-18-5-91-72-98
Ta100x20,9,2,200,0.925,0.075,10,2230910291,17000,6466,6358,5979,3.025867623,v2_avx512bw_vec32_exact_perm,81-37-88-15-41-74-43-62-89-63-95-60-44-33-12-94-78-65-4-38-45-77-80-10-7-73-42-47-86-61-54-51-76-20-19-69-50-84-22-21-64-39-46-30-97-3-2-56-82-70-87-29-14-24-55-100-99-79-90-71-59-57-26-58-83-68-25-16-11-40-23-8-92-17-1-6-93-49-85-18-32-34-53-9-67-28-96-35-48-5-27-52-31-36-13-75-72-66-91-98
Ta100x20,9,2,200,0.925,0.1,1,2230901210,17000,6564,6358,5979,3.062705719,v2_avx512bw_vec32_exact_perm,37-81-63-41-16-97-15-19-47-50-65-46-90-59-88-44-56-43-33-74-60-80-12-61-79-64-24-62-89-73-7-57-10-95-4-75-77-2-30-21-94-76-83-51-22-38-39-13-54-84-26-20-28-1-11-23-40-14-55-49-69-68-71-42-82-70-9-53-99-29-27-93-35-6-58-78-25-17-86-18-48-85-8-92-45-87-34-3-67-36-32-96-100-5-52-31-72-66-91-98
Ta100x20,9,2,200,0.925,0.1,2,2230902219,17000,6553,6358,5979,3.128667412,v2_avx512bw_vec32_exact_perm,42-81-15-80-65-43-41-59-62-48-95-68-89-63-60-90-54-46-47-39-21-78-19-17-94-76-61-7-79-16-30-33-51-22-88-25-38-13-2-20-12-97-3-82-57-4-75-77-99-86-26-23-74-71-10-58-8-56-64-83-27-24-11-84-73-45-9-40-53-93-29-1-6-50-37-14-70-69-85-44-28-55-96-66-35-49-18-87-34-92-36-67-31-32-100-52-91-5-72-98
Ta100x20,9,2,200,0.925,0.1,3,2230903228,17000,6576,6358,5979,2.866296325,v2_avx512bw_vec32_exact_perm,42-43-89-50-96-41-74-88-81-24-78-21-60-47-97-7-80-15-90-75-56-33-2-20-62-46-95-77-34-65-22-68-84-23-12-99-37-44-51-61-83-30-40-73-76-13-54-45-38-87-55-59-28-63-26-14-10-17-25-39-16-79-92-66-27-82-86-3-57-4-49-19-35-58-71-69-94-100-1-29-36-6-70-8-9-64-53-85-11-93-31-32-18-48-52-67-5-91-72-98
Ta100x20,9,2,200,0.925,0.1,4,2230904237,17000,6577,6358,5979,3.259335979,v2_avx512bw_vec32_exact_perm,42-81-37-43-41-16-19-50-62-65-15-89-78-74-79-2-66-76-60-7-90-75-47-97-4-80-22-46-24-55-38-94-68-56-51-21-33-17-26-10-84-95-61-20-30-12-73-86-54-6-58-63-87-82-57-40-59-11-8-71-39-83-77-13-100-29-14-49-23-69-35-92-32-99-28-34-9-25-44-53-64-31-27-1-3-85-36-45-67-93-70-18-96-52-91-5-88-48-72-98
Ta100x20,9,2,200,0.925,0.1,5,2230905246,17000,6553,6358,5979,2.978622406,v2_avx512bw_vec32_exact_perm,42-81-50-15-89-62-88-20-43-16-63-97-41-19-65-37-94-74-80-24-60-17-77-46-78-1-90-84-76-55-83-12-47-95-54-26-59-79-38-21-33-56-4-2-70-68-22-82-61-51-23-92-27-44-11-9-10-58-14-6-30-69-73-100-13-71-99-85-7-40-3-31-25-96-86-34-28-53-57-29-87-39-18-49-32-45-8-36-48-67-64-35-52-5-93-66-75-72-91-98
Ta100x20,9,2,200,0.925,0.1,6,2230906255,17000,6528,6358,5979,2.766886124,v2_avx512bw_vec32_exact_perm,81-15-62-88-43-74-41-60-50-90-80-24-63-46-78-94-48-11-19-4-33-79-61-51-59-16-1-58-89-55-77-44-2-65-97-10-83-47-42-12-95-73-56-26-30-39-75-57-99-22-14-76-25-49-21-17-40-27-71-86-3-82-54-23-70-45-29-9-38-31-20-92-34-53-7-69-87-28-37-68-6-35-36-67-64-8-13-84-93-85-18-32-91-96-100-5-52-72-66-98
Ta100x20,9,2,200,0.925,0.1,7,2230907264,17000,6514,6358,5979,2.717126909,v2_avx512bw_vec32_exact_perm,81-15-89-60-62-43-88-41-97-63-95-80-12-90-51-21-16-37-24-78-94-74-19-59-65-100-47-58-26-68-86-92-6-46-55-7-30-38-13-57-4-50-2-33-75-77-39-31-10-28-14-73-17-29-42-56-53-79-71-70-82-34-61-11-69-99-23-36-1-27-32-40-67-49-54-76-44-22-25-8-9-83-45-35-87-93-3-66-84-64-85-18-20-48-96-72-52-5-91-98
Ta100x20,9,2,200,0.925,0.1,8,2230908273,17000,6570,6358,5979,2.747039956,v2_avx512bw_vec32_exact_perm,42-81-50-37-59-43-89-60-47-15-41-80-90-12-45-39-30-65-78-38-94-64-74-79-10-75-33-22-95-7-54-40-16-63-73-23-2-14-84-56-77-48-86-58-11-62-4-83-21-69-26-57-76-51-17-61-25-49-20-3-97-19-68-67-53-28-36-44-9-27-92-24-31-46-6-34-1-99-93-100-87-70-29-35-13-91-71-82-8-55-32-18-85-96-52-88-5-72-66-98
Ta100x20,9,2,200,0.925,0.1,9,2230909282,17000,6537,6358,5979,2.819398753,v2_avx512bw_vec32_exact_perm,42-81-15-80-37-78-65-89-90-88-94-60-74-20-41-62-50-43-12-47-95-33-46-63-40-24-4-75-54-70-21-97-2-66-19-16-77-58-27-51-57-45-79-44-59-34-71-76-25-10-84-68-11-23-39-86-92-38-1-56-7-9-31-6-87-30-14-3-69-99-64-8-61-82-85-55-36-29-32-18-26-48-73-22-49-17-53-93-28-67-83-13-100-52-5-96-72-35-91-98
Ta100x20,9,2,200,0.925,0.1,10,2230910291,17000,6611,6358,5979,2.766419059,v2_avx512bw_vec32_exact_perm,37-50-15-2-62-43-74-81-80-60-63-77-46-59-79-47-54-65-41-78-95-44-55-89-40-68-99-30-16-51-23-57-90-27-24-88-26-33-61-58-75-49-22-86-10-4-19-84-94-76-25-32-11-42-87-21-56-67-20-12-38-7-6-39-73-82-34-53-71-1-66-45-9-96-70-36-35-97-83-14-3-69-92-28-93-48-17-8-64-31-85-29-13-100-5-52-18-72-91-98
Ta100x20,9,2,200,0.925,0.125,1,2230901210,17000,6574,6358,5979,2.935341813,v2_avx512bw_vec32_exact_perm,42-81-43-15-62-89-78-20-50-41-95-24-60-47-4-63-38-22-46-54-80-37-21-90-94-39-88-19-77-33-74-51-83-70-75-86-64-10-58-79-27-16-30-56-65-12-76-25-2-97-66-6-23-26-7-59-73-82-14-92-68-28-61-17-34-100-84-13-99-40-35-8-53-44-71-18-87-55-36-69-32-29-49-9-45-57-3-93-11-1-96-85-52-31-48-5-91-67-72-98
Ta100x20,9,2,200,0.925,0.125,2,2230902219,17000,6610,6358,5979,2.900590095,v2_avx512bw_vec32_exact_perm,37-81-63-75-43-15-50-19-60-88-41-94-59-7-26-80-29-77-2-73-24-95-33-47-46-12-84-10-56-8-99-76-89-13-62-21-23-90-27-74-82-57-38-20-86-61-22-16-68-92-51-87-28-54-1-79-53-42-78-14-11-71-25-4-45-48-39-40-65-34-6-97-3-58-49-30-69-83-44-17-100-70-9-36-5-67-93-32-18-55-35-31-64-85-52-96-72-66-91-98
Ta100x20,9,2,200,0.925,0.125,3,2230903228,17000,6577,6358,5979,3.064708819,v2_avx512bw_vec32_exact_perm,42-7-50-43-15-16-41-81-63-90-59-62-95-80-89-26-12-65-30-97-61-33-75-51-68-4-86-11-54-23-60-76-24-96-25-2-20-55-94-19-74-83-78-84-22-21-38-13-10-27-49-79-69-46-39-58-77-6-37-14-56-47-29-8-57-34-88-70-44-31-28-64-53-99-35-40-32-52-92-17-9-73-87-3-66-82-93-100-1-71-45-36-67-48-85-72-18-5-91-98
Ta100x20,9,2,200,0.925,0.125,4,2230904237,17000,6535,6358,5979,2.98960926,v2_avx512bw_vec32_exact_perm,42-81-50-43-7-15-62-78-63-60-95-41-61-65-80-11-79-90-97-24-96-89-77-21-44-47-12-46-55-20-27-23-74-40-54-64-4-58-66-16-2-19-94-28-39-51-6-59-33-38-76-57-13-14-75-26-82-22-68-71-10-84-73-49-56-18-37-25-30-86-100-29-99-9-53-1-17-36-34-69-83-31-92-72-3-35-45-85-8-87-93-88-32-48-70-52-67-5-91-98
Ta100x20,9,2,200,0.925,0.125,5,2230905246,17000,6559,6358,5979,2.939688005,v2_avx512bw_vec32_exact_perm,15-50-62-81-88-37-63-94-74-78-41-60-77-65-43-61-80-46-51-79-90-38-59-21-89-16-42-1-47-33-95-76-68-75-10-56-6-4-12-84-27-19-20-2-71-54-22-87-39-82-30-34-97-86-58-69-24-55-40-44-26-23-17-11-73-3-31-25-14-29-70-57-9-35-92-83-49-32-8-99-36-28-13-93-45-72-64-53-7-18-85-48-67-52-96-100-5-91-66-98
Ta100x20,9,2,200,0.925,0.125,6,2230906255,17000,6594,6358,5979,2.955151927,v2_avx512bw_vec32_exact_perm,48-95-80-89-62-65-60-41-74-97-47-12-15-90-42-59-38-24-51-73-6-94-11-81-43-77-33-88-63-64-56-34-76-84-79-25-2-30-16-20-78-53-99-21-50-17-61-26-58-4-19-86-57-39-10-66-82-44-75-22-3-54-46-71-68-14-7-92-27-8-40-1-23-45-35-9-32-36-67-29-70-87-28-96-49-69-91-83-93-13-55-85-37-18-100-5-31-52-72-98
Ta100x20,9,2,200,0.925,0.125,7,2230907264,17000,6571,6358,5979,3.004277945,v2_avx512bw_vec32_exact_perm,42-37-78-15-12-43-95-74-89-88-62-41-39-65-60-33-46-47-94-81-80-20-63-21-87-7-54-82-77-73-38-90-16-86-61-59-58-68-55-79-51-2-71-84-56-50-45-17-24-26-19-30-70-76-92-29-6-67-14-35-40-4-23-27-10-22-93-9-97-53-11-1-49-57-75-36-25-28-34-69-66-44-99-13-83-3-100-48-96-85-8-31-32-64-52-5-18-72-91-98
Ta100x20,9,2,200,0.925,0.125,8,2230908273,17000,6553,6358,5979,2.92941178,v2_avx512bw_vec32_exact_perm,42-81-43-89-15-88-16-78-95-7-41-97-80-24-37-51-77-68-60-46-55-63-47-76-90-50-44-53-96-61-65-56-33-30-12-59-26-27-82-54-38-49-4-62-21-74-22-83-75-10-13-69-79-20-71-57-45-39-3-36-87-11-84-19-25-66-14-28-94-8-23-17-2-58-40-73-34-100-86-92-32-31-48-85-18-1-6-9-99-52-29-35-64-67-93-72-5-70-91-98
Ta100x20,9,2,200,0.925,0.125,9,2230909282,17000,6598,6358,5979,3.01155027,v2_avx512bw_vec32_exact_perm,42-43-15-50-80-89-88-60-75-61-33-68-62-51-97-40-78-41-4-58-47-90-46-30-63-79-95-39-12-81-16-21-1-56-17-22-38-54-100-65-53-74-96-19-7-25-86-10-26-94-23-44-77-59-92-87-55-49-83-11-20-76-70-24-2-82-3-9-69-99-66-27-14-34-28-13-73-31-29-85-57-37-8-6-64-71-91-36-32-84-52-18-45-5-93-67-48-72-35-98
Ta100x20,9,2,200,0.925,0.125,10,2230910291,17000,6522,6358,5979,2.953971791,v2_avx512bw_vec32_exact_perm,42-95-43-81-7-41-62-78-89-16-60-74-80-47-15-59-90-21-34-65-37-39-51-68-33-17-20-12-75-94-46-30-88-28-40-10-63-35-44-24-77-79-50-38-11-73-55-58-57-26-92-23-45-22-2-87-27-54-67-8-76-6-56-86-97-3-36-14-29-61-4-70-13-82-19-53-32-64-71-84-69-66-83-100-49-25-48-93-9-85-99-31-52-1-96-18-72-5-91-98
Ta100x20,9,2,200,0.9625,0.025,1,2230901210,17000,6480,6358,5979,2.674542508,v2_avx512bw_vec32_exact_perm,42-81-43-15-12-16-97-37-78-89-65-60-95-41-90-80-74-50-19-75-84-94-46-54-62-79-51-33-86-4-77-21-68-47-2-40-7-61-17-59-20-10-23-13-39-11-44-26-76-58-6-29-82-38-31-73-55-70-30-99-100-1-56-9-14-71-88-24-25-22-83-69-92-27-57-93-63-53-3-35-28-87-8-64-85-18-36-67-32-45-48-96-66-34-52-5-49-91-72-98
Ta100x20,9,2,200,0.9625,0.025,2,2230902219,17000,6438,6358,5979,3.003715426,v2_avx512bw_vec32_exact_perm,42-89-60-63-15-16-80-88-41-59-62-43-81-74-56-95-84-2-79-47-61-65-90-77-97-38-57-51-70-73-78-21-30-33-37-24-12-4-75-22-46-39-19-94-83-1-50-54-44-31-20-25-76-9-34-53-7-92-26-23-11-17-14-68-3-85-45-82-10-93-27-64-29-69-36-13-87-71-55-8-40-28-86-58-49-18-32-99-100-6-35-96-48-5-52-67-72-66-91-98
Ta100x20,9,2,200,0.9625,0.025,3,2230903228,17000,6452,6358,5979,2.876976015,v2_avx512bw_vec32_exact_perm,42-81-88-43-94-78-41-62-50-46-63-74-20-57-37-60-19-47-16-89-80-21-90-65-95-77-84-17-33-54-59-15-76-2-7-12-30-4-75-86-39-79-6-10-61-67-51-24-25-38-23-22-1-97-44-68-48-56-34-27-87-58-55-71-64-66-73-14-8-11-70-99-85-93-40-32-49-29-45-69-36-100-3-82-53-31-92-26-28-13-96-35-83-18-5-52-9-72-91-98
Ta100x20,9,2,200,0.9625,0.025,4,2230904237,17000,6517,6358,5979,2.80203882,v2_avx512bw_vec32_exact_perm,37-95-7-47-62-15-41-88-2-60-43-77-33-75-54-80-65-90-50-46-81-78-30-23-89-22-73-61-63-45-14-59-19-84-21-20-74-76-12-16-68-51-42-4-25-56-39-94-86-48-11-10-24-44-38-13-6-97-26-34-58-3-1-27-99-92-40-79-17-64-93-55-70-82-36-71-53-49-57-29-67-28-69-85-18-8-32-100-31-83-35-9-52-87-96-5-91-72-66-98
Ta100x20,9,2,200,0.9625,0.025,5,2230905246,17000,6498,6358,5979,2.859762788,v2_avx512bw_vec32_exact_perm,43-50-62-15-16-41-81-7-42-78-80-60-74-46-63-95-61-59-24-90-65-75-20-10-94-47-19-33-25-57-2-97-79-89-21-38-26-76-88-84-54-40-51-68-23-82-77-22-12-44-99-56-30-86-55-11-58-4-71-70-39-92-17-83-45-48-29-14-9-66-6-67-34-93-5-13-28-27-85-8-3-87-53-18-73-100-36-32-31-49-69-37-1-96-35-52-64-72-91-98
Ta100x20,9,2,200,0.9625,0.025,6,2230906255,17000,6486,6358,5979,2.914465603,v2_avx512bw_vec32_exact_perm,42-81-7-78-88-15-41-50-95-62-47-97-89-46-63-94-90-43-1-21-60-33-34-80-79-65-77-45-56-16-30-12-39-96-6-86-61-74-10-51-76-38-24-84-59-3-68-2-58-64-37-25-14-54-19-69-20-82-23-44-11-27-55-31-66-73-9-71-40-8-99-17-57-29-4-22-13-36-75-93-53-18-85-28-87-26-83-92-32-100-35-48-67-70-91-5-52-49-72-98
Ta100x20,9,2,200,0.9625,0.025,7,2230907264,17000,6469,6358,5979,2.738086281,v2_avx512bw_vec32_exact_perm,42-16-81-80-50-88-37-89-62-20-60-75-15-74-43-41-12-65-95-90-94-30-47-33-79-51-68-61-46-63-84-19-96-55-97-21-77-11-38-76-24-17-54-14-4-40-3-7-10-56-8-49-59-2-73-13-22-58-66-44-27-23-26-39-57-85-82-87-92-18-34-28-1-67-100-9-6-53-31-36-70-71-25-86-69-83-29-32-99-45-48-93-64-35-5-52-78-72-91-98
Ta100x20,9,2,200,0.9625,0.025,8,2230908273,17000,6488,6358,5979,2.803194996,v2_avx512bw_vec32_exact_perm,37-81-63-43-64-15-12-60-24-41-94-95-47-76-89-80-90-21-7-62-50-2-79-58-46-55-74-42-10-59-51-4-38-1-45-61-33-82-25-16-86-77-54-96-97-56-84-26-19-23-78-44-11-68-65-14-99-30-20-3-6-22-27-39-73-57-18-93-85-92-67-17-49-40-8-32-71-48-100-13-36-34-53-28-31-87-35-29-9-5-69-88-83-52-70-75-72-66-91-98
Ta100x20,9,2,200,0.9625,0.025,9,2230909282,17000,6486,6358,5979,2.913197281,v2_avx512bw_vec32_exact_perm,42-50-43-81-15-89-78-41-65-90-75-61-4-95-33-12-47-94-40-80-62-7-16-30-46-54-63-79-20-21-39-2-51-5-57-77-60-86-24-9-74-84-73-23-3-22-32-11-97-34-19-38-14-88-10-68-76-99-25-82-27-71-93-17-69-6-26-59-1-37-58-55-36-45-29-49-70-8-31-92-85-87-91-67-28-56-53-18-83-100-13-44-66-48-96-64-35-52-72-98
Ta100x20,9,2,200,0.9625,0.025,10,2230910291,17000,6492,6358,5979,2.744278723,v2_avx512bw_vec32_exact_perm,65-43-89-15-62-16-80-7-95-41-81-60-78-74-56-10-94-79-37-73-50-46-63-30-19-2-47-24-21-20-90-77-17-88-83-59-42-38-68-33-12-51-14-82-4-61-86-92-70-3-39-57-27-1-99-22-8-97-9-6-84-26-58-11-23-25-55-76-71-45-40-29-35-49-64-53-44-54-93-100-67-5-36-13-28-96-34-66-69-85-31-32-18-52-87-48-75-72-91-98
Ta100x20,9,2,200,0.9625,0.05,1,2230901210,17000,6538,6358,5979,3.112796231,v2_avx512bw_vec32_exact_perm,42-81-43-15-88-41-78-89-62-21-60-47-74-20-94-80-90-46-19-63-59-73-10-24-95-51-56-86-22-12-50-84-33-26-4-65-44-54-68-77-14-97-16-76-38-17-37-61-25-34-92-1-2-79-39-83-13-29-7-71-53-9-11-99-30-69-57-93-55-23-82-40-32-49-100-31-3-18-6-67-36-28-27-85-45-58-96-48-8-87-70-75-35-64-52-5-91-72-66-98
Ta100x20,9,2,200,0.9625,0.05,2,2230902219,17000,6445,6358,5979,3.037855568,v2_avx512bw_vec32_exact_perm,81-78-50-15-37-63-2-59-77-60-43-12-41-80-95-65-30-62-7-47-46-90-22-21-75-33-24-54-4-79-16-19-69-89-73-94-61-1-42-38-51-14-82-39-44-74-56-29-86-92-68-17-58-97-34-20-64-10-27-40-3-84-87-57-23-11-28-13-71-70-31-6-8-25-100-9-85-53-55-93-88-26-36-99-32-18-52-67-45-76-49-35-83-48-96-5-91-72-66-98
Ta100x20,9,2,200,0.9625,0.05,3,2230903228,17000,6464,6358,5979,2.831591649,v2_avx512bw_vec32_exact_perm,42-81-15-16-37-89-43-65-95-7-74-80-60-41-10-75-68-59-47-94-88-97-30-90-61-23-63-46-12-4-48-26-76-86-54-58-57-73-50-2-51-22-79-84-77-56-20-55-17-38-11-69-82-21-39-33-64-24-99-3-40-78-25-85-19-14-49-29-1-34-27-32-71-13-8-45-100-53-36-9-67-44-62-35-92-6-93-31-5-87-28-70-83-96-66-52-18-72-91-98
Ta100x20,9,2,200,0.9625,0.05,4,2230904237,17000,6558,6358,5979,3.132024307,v2_avx512bw_vec32_exact_perm,42-81-50-43-15-89-95-90-16-78-24-60-80-88-74-46-63-30-21-47-20-41-61-62-17-59-79-38-12-54-73-40-19-64-97-3-44-65-82-58-68-77-14-51-48-39-22-83-84-2-94-53-33-18-45-25-4-86-11-71-70-23-56-76-27-99-10-6-34-87-8-49-57-31-93-32-29-7-9-69-13-37-36-96-35-55-92-1-28-26-67-85-66-75-52-100-91-5-72-98
Ta100x20,9,2,200,0.9625,0.05,5,2230905246,17000,6428,6358,5979,3.14187852,v2_avx512bw_vec32_exact_perm,42-37-2-89-60-16-81-74-43-15-63-80-88-41-90-59-55-95-4-24-68-10-94-21-47-62-82-78-65-61-77-33-79-64-84-19-50-44-51-69-22-54-23-46-39-7-20-56-9-12-30-27-86-29-57-25-58-71-26-17-73-11-8-14-6-97-70-45-3-76-36-67-1-92-85-40-34-87-99-93-32-100-53-18-83-13-31-28-48-38-96-91-49-35-5-52-75-72-66-98
Ta100x20,9,2,200,0.9625,0.05,6,2230906255,17000,6544,6358,5979,2.991766551,v2_avx512bw_vec32_exact_perm,37-43-60-41-81-78-63-46-42-97-80-89-65-95-90-15-4-47-19-59-79-61-10-12-23-54-16-44-38-74-39-82-94-30-75-17-21-33-77-20-56-64-57-88-51-26-55-76-92-49-58-25-83-34-3-27-87-11-40-24-62-6-14-86-22-73-50-68-99-28-53-2-18-69-96-7-45-1-36-8-84-35-71-70-9-29-13-85-93-100-32-31-48-5-52-67-91-72-66-98
Ta100x20,9,2,200,0.9625,0.05,7,2230907264,17000,6542,6358,5979,2.817793751,v2_avx512bw_vec32_exact_perm,37-7-78-42-15-74-43-60-89-90-95-75-77-88-41-81-16-47-22-19-4-80-23-94-12-54-20-84-58-46-68-30-64-63-21-59-6-39-96-33-11-25-79-57-99-24-26-82-62-65-73-55-34-97-66-44-3-14-61-76-49-8-10-17-51-40-92-56-70-32-50-86-38-87-27-53-36-18-28-2-31-13-69-9-85-35-29-83-71-45-93-100-48-5-52-67-91-1-72-98
Ta100x20,9,2,200,0.9625,0.05,8,2230908273,17000,6573,6358,5979,2.829005175,v2_avx512bw_vec32_exact_perm,37-89-81-15-78-43-41-60-62-16-63-95-97-47-10-46-90-75-42-59-21-19-74-73-34-79-88-12-17-33-94-65-2-4-38-24-84-23-77-22-39-6-30-11-57-99-96-54-56-26-1-7-80-76-29-14-40-85-44-51-50-13-36-70-58-3-27-61-53-82-71-68-69-55-20-25-49-100-86-28-18-83-31-67-8-32-45-9-52-87-35-93-92-72-48-5-64-66-91-98
Ta100x20,9,2,200,0.9625,0.05,9,2230909282,17000,6467,6358,5979,2.750298218,v2_avx512bw_vec32_exact_perm,81-15-62-7-43-41-88-42-97-89-78-60-80-61-65-74-95-90-47-94-33-59-63-20-12-79-84-2-50-46-30-19-38-13-54-4-77-73-55-37-14-21-51-26-76-68-39-82-22-16-57-23-11-29-92-25-70-86-71-27-56-87-44-10-17-48-34-24-3-6-53-8-31-58-83-100-9-36-49-69-35-96-40-32-18-99-1-85-93-67-28-75-45-64-52-5-91-72-66-98
Ta100x20,9,2,200,0.9625,0.05,10,2230910291,17000,6509,6358,5979,2.704737205,v2_avx512bw_vec32_exact_perm,81-15-62-7-43-88-89-90-45-16-80-95-63-37-60-33-59-79-61-39-94-76-75-47-77-41-65-10-44-24-68-19-84-38-56-97-50-86-73-42-51-22-74-17-12-11-25-21-20-30-14-26-8-87-55-27-82-58-54-40-3-32-46-13-2-23-6-29-49-31-1-34-53-78-99-9-100-36-4-93-69-57-71-83-70-92-18-85-67-28-48-35-96-64-52-5-91-72-66-98
Ta100x20,9,2,200,0.9625,0.075,1,2230901210,17000,6549,6358,5979,2.796055708,v2_avx512bw_vec32_exact_perm,42-81-43-15-41-78-88-89-59-60-63-80-94-21-47-95-74-62-77-90-65-56-7-17-44-26-33-14-12-51-79-48-45-46-19-16-20-30-34-10-50-23-68-76-71-55-4-27-40-86-61-75-54-22-58-2-82-73-36-97-28-70-64-29-57-38-11-87-92-1-25-67-83-24-6-3-53-84-37-69-39-9-85-93-99-31-32-49-8-18-100-35-13-96-72-52-66-5-91-98
Ta100x20,9,2,200,0.9625,0.075,2,2230902219,17000,6571,6358,5979,2.964051118,v2_avx512bw_vec32_exact_perm,42-81-88-43-41-15-62-50-7-19-97-95-63-80-16-59-60-47-61-34-33-21-78-24-2-79-99-90-65-74-73-30-12-51-46-77-23-89-64-84-76-39-75-66-86-94-4-28-54-22-53-87-38-11-93-56-55-92-27-20-71-57-68-17-40-1-14-37-69-35-6-82-100-67-3-44-85-10-29-70-25-49-58-18-32-26-8-13-45-36-9-83-31-91-48-5-96-72-52-98
Ta100x20,9,2,200,0.9625,0.075,3,2230903228,17000,6551,6358,5979,2.831177416,v2_avx512bw_vec32_exact_perm,37-60-33-81-15-89-43-41-94-63-79-16-95-80-88-61-47-90-59-46-30-7-62-19-77-84-38-68-51-21-28-12-20-78-13-42-64-2-14-58-65-97-26-55-39-66-74-23-73-10-4-76-75-54-34-24-17-86-11-92-82-8-49-9-85-56-27-70-50-29-1-44-87-6-25-22-3-53-31-100-40-83-69-57-93-99-36-67-32-71-18-45-48-5-91-96-35-52-72-98
Ta100x20,9,2,200,0.9625,0.075,4,2230904237,17000,6605,6358,5979,2.874541622,v2_avx512bw_vec32_exact_perm,42-81-15-37-59-60-74-43-96-89-79-78-61-80-12-46-90-16-51-28-68-97-95-41-24-65-30-62-34-17-4-56-88-20-76-10-25-77-33-82-2-86-63-47-6-3-54-22-21-44-14-75-50-39-38-70-27-19-55-83-64-58-7-94-23-57-35-8-13-73-11-92-99-85-71-32-31-36-9-84-93-53-100-69-45-26-40-67-49-52-1-66-29-87-48-72-18-5-91-98
Ta100x20,9,2,200,0.9625,0.075,5,2230905246,17000,6533,6358,5979,2.810753073,v2_avx512bw_vec32_exact_perm,42-43-81-89-78-88-90-97-15-63-95-41-39-60-46-50-12-7-62-21-80-74-96-65-24-10-33-16-77-79-2-54-57-59-51-75-37-76-47-25-6-26-58-31-94-87-56-30-73-86-45-55-38-82-27-3-4-61-8-23-66-68-22-92-44-71-11-83-70-14-35-40-32-69-84-9-28-19-49-34-99-17-53-29-20-93-85-100-64-13-36-52-67-1-18-48-5-72-91-98
Ta100x20,9,2,200,0.9625,0.075,6,2230906255,17000,6449,6358,5979,3.071601653,v2_avx512bw_vec32_exact_perm,42-43-15-41-75-50-7-46-62-81-63-65-90-80-61-59-95-78-37-88-30-20-12-60-77-94-47-76-57-89-4-33-86-21-74-64-84-56-79-2-18-48-39-38-54-97-14-44-68-19-51-24-22-25-71-99-32-6-26-10-13-27-29-69-23-11-85-87-40-16-36-58-3-31-83-100-35-70-73-8-17-92-9-82-53-49-34-66-28-93-55-45-67-5-52-1-96-72-91-98
Ta100x20,9,2,200,0.9625,0.075,7,2230907264,17000,6559,6358,5979,3.157473782,v2_avx512bw_vec32_exact_perm,81-43-15-62-50-46-90-63-20-97-89-19-78-41-65-95-61-7-16-33-75-47-60-59-77-2-25-21-87-26-84-86-80-37-57-54-24-29-44-12-4-30-39-74-23-14-94-79-56-76-51-10-38-45-71-88-27-70-42-1-34-99-31-40-68-55-6-48-58-17-36-49-22-64-92-85-93-67-73-100-53-11-32-3-82-8-13-35-28-83-69-96-9-66-52-18-72-5-91-98
Ta100x20,9,2,200,0.9625,0.075,8,2230908273,17000,6533,6358,5979,3.178119881,v2_avx512bw_vec32_exact_perm,42-81-43-15-41-50-89-62-65-90-59-88-80-78-95-94-7-61-75-74-47-33-4-60-68-21-46-30-34-19-12-2-73-97-20-63-23-22-84-26-10-76-71-77-51-55-56-24-39-82-69-86-8-54-87-25-70-37-79-16-29-1-57-58-6-11-14-99-38-18-32-83-64-92-9-49-27-53-35-40-28-100-36-3-17-13-44-66-67-45-93-85-96-48-31-52-91-5-72-98
Ta100x20,9,2,200,0.9625,0.075,9,2230909282,17000,6493,6358,5979,3.204101818,v2_avx512bw_vec32_exact_perm,42-81-78-54-88-43-15-41-62-50-19-60-16-39-65-46-80-89-97-21-90-20-47-34-79-57-63-74-95-56-30-44-75-59-4-12-33-94-64-51-76-7-53-61-11-38-40-82-77-84-83-3-70-13-69-23-26-2-58-29-73-10-68-66-27-49-25-6-24-37-92-22-17-86-71-14-28-31-18-32-93-55-8-45-87-36-48-67-9-99-85-52-1-96-35-100-5-91-72-98
Ta100x20,9,2,200,0.9625,0.075,10,2230910291,17000,6531,6358,5979,3.095342669,v2_avx512bw_vec32_exact_perm,42-81-15-43-16-41-24-65-7-95-90-78-47-21-46-89-77-80-62-60-97-33-79-54-75-26-4-9-86-68-51-58-2-84-30-10-87-94-12-59-38-61-23-37-82-50-74-19-14-63-57-27-99-44-73-56-11-39-20-22-28-70-83-8-55-13-31-85-53-100-29-40-1-67-88-34-3-17-92-76-66-6-25-36-49-69-64-93-71-35-32-18-5-45-52-48-96-72-91-98
Ta100x20,9,2,200,0.9625,0.1,1,2230901210,17000,6563,6358,5979,2.997214223,v2_avx512bw_vec32_exact_perm,42-81-7-78-60-41-50-59-43-12-95-89-47-90-75-15-62-94-97-79-61-73-10-16-51-46-30-37-80-74-17-63-86-19-88-56-44-38-39-21-33-11-29-82-6-24-55-84-77-65-26-14-71-70-58-57-68-20-4-23-83-25-100-54-13-22-85-76-31-2-49-34-69-99-40-1-92-27-87-36-52-35-28-67-3-8-32-9-18-93-45-48-53-64-96-5-91-72-66-98
Ta100x20,9,2,200,0.9625,0.1,2,2230902219,17000,6572,6358,5979,3.081937654,v2_avx512bw_vec32_exact_perm,42-81-50-43-78-89-15-60-90-97-41-62-68-16-95-26-80-65-4-54-74-79-12-73-47-19-51-64-94-22-58-7-46-10-75-30-86-20-84-61-63-57-77-33-38-92-55-82-25-21-39-67-83-17-24-44-34-66-56-48-23-69-11-45-14-3-1-59-6-27-40-32-2-36-71-13-87-100-29-76-49-85-70-99-93-37-28-53-18-9-8-31-35-96-88-52-72-5-91-98
Ta100x20,9,2,200,0.9625,0.1,3,2230903228,17000,6604,6358,5979,3.198164241,v2_avx512bw_vec32_exact_perm,42-81-43-15-50-41-62-46-63-97-79-86-89-90-24-59-88-51-26-74-80-21-60-12-33-95-17-44-30-61-25-68-38-54-65-78-47-19-20-4-92-82-58-3-11-94-16-14-28-77-39-57-2-27-6-18-75-99-76-22-53-13-55-71-37-83-70-23-100-56-64-7-84-40-69-31-10-8-66-49-85-32-93-34-87-73-67-35-29-5-45-36-52-9-1-48-96-72-91-98
Ta100x20,9,2,200,0.9625,0.1,4,2230904237,17000,6557,6358,5979,3.155181954,v2_avx512bw_vec32_exact_perm,42-37-62-50-15-81-63-64-46-94-41-43-4-19-89-60-73-16-74-12-38-90-59-20-21-78-80-79-97-54-47-40-30-34-95-24-68-2-65-23-44-88-22-61-26-10-32-76-51-8-55-29-56-17-14-6-7-86-84-92-77-33-58-25-11-45-83-70-3-39-57-49-36-99-67-82-100-9-53-69-71-13-27-18-93-1-85-31-28-52-87-75-66-48-96-35-5-91-72-98
Ta100x20,9,2,200,0.9625,0.1,5,2230905246,17000,6579,6358,5979,3.337887313,v2_avx512bw_vec32_exact_perm,42-81-43-88-50-41-62-20-87-47-54-15-80-2-45-59-60-75-68-97-79-61-65-95-63-46-28-19-12-89-38-94-7-23-33-4-84-35-90-86-51-24-77-10-44-96-16-30-56-25-26-99-32-11-57-39-21-36-76-13-6-58-34-27-92-69-22-74-3-1-83-40-31-49-29-64-8-53-73-18-55-37-17-93-71-14-100-5-82-9-85-52-78-72-48-67-70-91-66-98
Ta100x20,9,2,200,0.9625,0.1,6,2230906255,17000,6600,6358,5979,3.446024528,v2_avx512bw_vec32_exact_perm,81-78-89-60-43-50-57-2-75-42-45-74-88-41-59-47-33-95-90-80-51-62-63-21-38-7-56-39-58-46-73-4-19-12-27-20-100-30-86-77-6-11-3-16-83-24-15-76-65-97-54-70-61-79-31-26-10-25-44-13-36-23-94-68-17-92-29-34-22-82-53-99-8-37-18-69-87-14-71-40-32-64-55-66-84-48-49-85-67-52-1-28-93-96-9-35-72-5-91-98
Ta100x20,9,2,200,0.9625,0.1,7,2230907264,17000,6592,6358,5979,3.459743595,v2_avx512bw_vec32_exact_perm,37-81-63-64-95-47-74-41-65-90-21-15-80-24-88-43-50-30-77-89-44-16-61-59-75-46-7-20-62-60-78-13-42-79-86-10-54-58-94-68-51-33-56-4-14-83-85-39-97-26-12-22-38-84-70-29-73-19-17-55-49-23-2-66-8-11-76-6-69-36-27-3-96-57-25-71-100-32-93-1-28-40-92-67-35-53-45-31-9-82-99-52-87-48-34-5-18-72-91-98
Ta100x20,9,2,200,0.9625,0.1,8,2230908273,17000,6653,6358,5979,3.571252025,v2_avx512bw_vec32_exact_perm,43-81-41-50-15-62-46-63-60-90-7-59-94-80-78-24-88-33-34-97-79-89-16-56-26-65-99-21-1-95-10-37-58-47-2-30-76-12-68-44-5-40-4-38-22-75-23-55-19-84-11-87-57-6-61-39-82-71-86-77-14-54-92-51-74-93-13-17-3-64-73-70-69-27-28-67-35-20-9-49-85-29-25-96-83-42-32-8-100-36-31-45-52-53-48-18-91-72-66-98
Ta100x20,9,2,200,0.9625,0.1,9,2230909282,17000,6594,6358,5979,3.596204288,v2_avx512bw_vec32_exact_perm,42-81-88-43-15-41-50-62-60-80-78-74-46-89-94-63-61-96-47-21-16-24-97-20-54-1-77-19-95-84-51-17-2-30-39-79-33-23-6-82-12-58-64-4-27-11-49-3-45-53-38-90-86-22-56-55-40-7-59-73-10-75-66-92-28-34-8-57-87-14-29-68-26-65-9-70-99-36-85-25-69-31-76-83-71-37-52-93-32-67-44-100-18-35-13-48-5-91-72-98
Ta100x20,9,2,200,0.9625,0.1,10,2230910291,17000,6590,6358,5979,3.559813398,v2_avx512bw_vec32_exact_perm,42-81-43-88-80-50-65-95-89-62-15-60-41-90-59-97-21-12-38-7-63-78-46-33-29-17-39-30-40-75-56-16-37-79-24-61-47-4-53-19-74-14-57-84-11-93-64-44-68-99-77-23-82-70-2-94-58-3-71-27-76-25-86-10-51-6-69-31-54-9-32-22-85-18-73-36-34-83-92-26-28-55-87-66-20-100-67-52-49-35-8-1-13-45-48-96-72-91-5-98
Ta100x20,9,2,200,0.9625,0.125,1,2230901210,17000,6605,6358,5979,3.312201112,v2_avx512bw_vec32_exact_perm,37-89-16-81-15-63-43-80-60-95-12-94-47-62-41-97-65-42-75-78-77-2-24-67-30-45-79-73-90-10-46-56-38-68-88-7-14-21-33-50-4-19-51-54-6-34-22-17-3-82-74-58-40-27-57-44-39-61-20-86-23-9-11-71-8-59-64-29-76-31-53-84-26-32-13-85-70-25-92-49-35-96-36-28-55-1-52-18-69-99-93-87-83-48-100-91-5-72-66-98
Ta100x20,9,2,200,0.9625,0.125,2,2230902219,17000,6599,6358,5979,3.607701412,v2_avx512bw_vec32_exact_perm,42-81-50-15-78-95-41-7-74-43-88-60-47-45-62-89-80-19-21-33-94-51-84-46-12-38-30-16-77-79-57-73-54-90-63-20-75-59-10-86-6-97-29-4-34-65-68-39-23-26-1-11-67-17-99-76-55-82-9-56-40-2-61-28-27-69-24-36-66-3-14-8-71-32-58-92-64-87-31-22-53-25-37-83-93-35-13-49-44-18-100-91-85-70-48-96-5-52-72-98
Ta100x20,9,2,200,0.9625,0.125,3,2230903228,17000,6627,6358,5979,3.380435161,v2_avx512bw_vec32_exact_perm,37-88-43-62-51-60-80-81-41-77-78-89-21-84-79-42-95-97-86-15-90-47-75-65-46-19-74-61-63-66-16-33-56-38-23-76-94-54-44-57-22-12-7-64-82-58-4-49-20-30-26-27-55-73-2-50-24-10-3-17-11-40-39-13-83-71-68-1-59-93-6-34-14-99-92-8-70-29-45-28-67-9-85-53-25-87-36-35-96-69-31-48-32-52-18-72-100-5-91-98
Ta100x20,9,2,200,0.9625,0.125,4,2230904237,17000,6572,6358,5979,3.189777094,v2_avx512bw_vec32_exact_perm,81-15-78-24-41-50-60-89-94-62-43-97-42-75-2-47-46-4-12-37-10-90-59-21-63-79-76-74-6-51-34-65-95-33-39-17-61-73-30-48-86-22-82-45-77-7-23-16-38-11-68-25-66-99-56-55-26-29-14-27-36-92-19-70-71-88-58-83-28-18-32-64-80-8-53-49-40-3-54-87-84-57-100-44-69-31-85-9-93-35-1-67-20-13-52-5-96-91-72-98
Ta100x20,9,2,200,0.9625,0.125,5,2230905246,17000,6562,6358,5979,3.24119166,v2_avx512bw_vec32_exact_perm,42-81-43-89-60-88-15-62-97-78-41-24-61-59-20-47-16-21-25-38-50-19-33-51-94-90-95-86-74-46-34-63-79-17-76-92-65-7-77-73-10-87-27-12-75-23-30-54-80-6-82-37-68-44-22-71-70-84-26-56-39-36-11-14-31-55-2-57-32-13-69-83-29-58-28-99-9-85-100-8-53-93-4-18-49-45-40-64-3-35-52-67-1-48-96-5-91-72-66-98
Ta100x20,9,2,200,0.9625,0.125,6,2230906255,17000,6609,6358,5979,3.066371205,v2_avx512bw_vec32_exact_perm,42-37-81-63-43-95-65-41-15-78-74-59-12-13-47-2-80-60-77-54-46-51-79-16-90-1-82-21-96-97-33-89-57-34-94-23-19-31-44-76-50-75-38-68-56-10-99-39-53-4-28-88-11-22-73-58-27-26-6-7-30-45-70-3-14-61-29-83-36-24-92-49-40-62-84-64-55-20-8-17-86-93-69-32-18-25-100-71-66-52-9-87-85-67-48-91-5-72-35-98
Ta100x20,9,2,200,0.9625,0.125,7,2230907264,17000,6604,6358,5979,3.057790279,v2_avx512bw_vec32_exact_perm,37-89-47-60-74-41-80-88-94-15-62-43-42-65-39-4-90-12-46-81-78-79-21-33-19-16-24-84-26-97-10-95-77-44-82-61-54-73-75-50-30-87-6-59-63-14-8-18-68-56-69-27-76-71-86-55-7-17-3-51-2-57-58-40-70-85-92-22-49-25-23-99-38-29-64-53-93-11-45-20-83-9-34-28-67-5-35-32-100-31-36-91-13-52-48-96-1-72-66-98
Ta100x20,9,2,200,0.9625,0.125,8,2230908273,17000,6597,6358,5979,3.011062226,v2_avx512bw_vec32_exact_perm,37-88-59-62-16-43-89-24-94-60-81-80-21-78-74-47-95-15-12-2-30-20-97-63-38-75-57-10-51-77-42-79-33-7-65-6-68-41-50-58-11-44-25-34-19-56-46-17-84-99-71-90-39-85-14-31-53-27-40-1-4-26-87-23-54-76-61-13-3-9-86-49-92-70-8-36-82-22-67-83-29-45-69-32-66-73-28-48-96-55-93-18-100-35-64-72-52-5-91-98
Ta100x20,9,2,200,0.9625,0.125,9,2230909282,17000,6617,6358,5979,3.069504609,v2_avx512bw_vec32_exact_perm,42-81-15-62-43-50-95-16-89-45-41-47-59-24-96-10-7-68-78-51-97-46-60-19-65-30-12-90-23-63-33-94-80-40-17-83-21-70-82-77-2-76-25-31-56-34-75-44-79-99-61-53-71-32-27-74-4-22-26-57-14-36-73-39-54-86-20-88-28-100-58-6-37-93-38-55-8-1-92-11-85-87-69-84-49-18-3-64-48-13-67-35-52-9-5-29-72-66-91-98
Ta100x20,9,2,200,0.9625,0.125,10,2230910291,17000,6573,6358,5979,2.944127647,v2_avx512bw_vec32_exact_perm,81-43-50-15-89-78-16-62-80-75-94-46-30-12-74-60-37-84-65-24-41-20-90-77-95-47-21-34-73-63-57-4-10-88-68-59-38-61-79-82-33-71-27-19-86-49-42-51-55-54-26-39-25-76-56-2-97-1-58-85-44-40-11-17-8-28-87-22-23-53-7-29-70-14-99-31-6-9-35-100-13-92-36-67-3-45-93-69-83-32-64-96-48-52-5-18-72-66-91-98
Ta100x20,9,2,200,1,0.025,1,2230901210,17000,6423,6358,5979,3.589210947,v2_avx512bw_vec32_exact_perm,42-81-88-15-74-43-16-89-80-21-60-1-78-50-46-41-90-75-97-37-63-19-95-84-10-79-12-94-59-73-2-47-7-23-30-68-71-57-22-27-51-33-66-40-70-86-56-96-25-24-61-65-38-82-32-77-64-44-54-39-53-62-29-26-17-58-11-85-76-92-34-87-4-36-14-3-93-55-5-31-99-20-18-6-52-67-28-13-69-9-49-35-8-83-45-100-48-72-91-98
Ta100x20,9,2,200,1,0.025,2,2230902219,17000,6450,6358,5979,3.597325653,v2_avx512bw_vec32_exact_perm,37-60-15-89-41-62-75-81-43-46-63-74-19-78-65-94-12-4-47-10-21-90-77-95-50-42-79-2-33-24-51-80-61-68-59-82-58-44-38-16-7-56-39-57-26-88-30-70-17-71-76-55-14-99-54-23-22-40-27-86-11-73-34-92-1-20-25-84-9-49-8-13-97-3-69-66-83-93-6-31-32-29-64-28-53-100-85-18-87-45-52-67-72-48-36-96-5-35-91-98
Ta100x20,9,2,200,1,0.025,3,2230903228,17000,6468,6358,5979,3.856288137,v2_avx512bw_vec32_exact_perm,81-15-37-63-42-89-95-62-43-7-51-80-12-20-60-16-41-77-65-79-90-46-50-94-19-61-47-59-33-86-99-82-75-24-84-74-54-76-92-34-64-57-21-4-22-30-68-97-38-2-25-56-39-88-26-23-11-17-58-44-27-40-6-78-53-10-29-66-48-8-13-83-73-9-71-14-32-55-100-31-85-18-36-3-45-67-28-69-52-87-49-35-93-1-96-72-70-91-5-98
Ta100x20,9,2,200,1,0.025,4,2230904237,17000,6590,6358,5979,3.412800051,v2_avx512bw_vec32_exact_perm,48-42-89-95-74-60-80-16-47-46-7-54-62-78-24-59-43-15-19-44-50-10-94-2-77-58-39-41-75-82-57-51-21-33-63-79-65-73-90-20-56-12-38-84-23-64-22-81-97-61-26-83-68-69-99-37-86-17-11-27-92-14-3-4-1-88-30-40-70-29-53-71-35-9-49-76-36-13-28-55-45-31-67-100-6-8-25-85-93-32-96-52-87-34-5-18-72-66-91-98
Ta100x20,9,2,200,1,0.025,5,2230905246,17000,6446,6358,5979,3.383510606,v2_avx512bw_vec32_exact_perm,81-15-43-41-50-88-89-90-80-65-42-68-16-59-95-2-7-47-33-19-78-75-62-21-97-11-44-3-34-46-92-63-57-77-24-60-86-84-74-38-61-58-4-37-76-79-12-83-54-94-40-17-22-39-51-70-73-30-55-99-23-20-9-87-10-82-26-56-25-31-14-100-49-53-28-18-1-48-13-36-71-27-67-93-69-6-32-85-8-64-35-29-45-66-96-52-72-5-91-98
Ta100x20,9,2,200,1,0.025,6,2230906255,17000,6460,6358,5979,3.735032495,v2_avx512bw_vec32_exact_perm,42-81-43-15-41-89-60-24-16-88-33-63-46-22-50-80-21-95-62-7-20-51-90-77-47-97-78-54-19-4-79-2-65-70-38-59-56-44-68-37-39-64-23-10-27-58-12-13-26-71-94-30-76-75-84-86-74-82-69-11-3-25-57-61-40-73-31-28-53-29-18-87-72-99-6-34-1-8-49-17-36-14-92-9-66-83-93-55-32-96-85-100-45-52-35-48-67-91-5-98
Ta100x20,9,2,200,1,0.025,7,2230907264,17000,6604,6358,5979,3.76435597,v2_avx512bw_vec32_exact_perm,48-42-89-95-74-60-43-47-62-81-88-41-80-94-24-15-63-50-56-90-16-58-83-2-79-33-27-19-61-68-46-20-92-59-26-22-34-65-70-23-96-82-77-76-54-7-17-14-21-12-97-30-38-6-39-84-13-57-86-37-3-29-4-87-11-49-36-51-53-69-10-9-44-25-31-93-64-99-73-40-8-35-55-67-1-28-71-45-78-85-18-32-100-52-66-75-72-5-91-98
Ta100x20,9,2,200,1,0.025,8,2230908273,17000,6476,6358,5979,3.366103572,v2_avx512bw_vec32_exact_perm,81-43-63-42-97-89-60-80-65-94-78-41-50-95-61-19-51-74-4-47-10-57-90-79-59-56-16-62-38-88-21-30-77-20-15-75-12-33-46-2-7-39-82-45-23-68-54-96-37-24-6-76-58-26-84-27-92-11-22-5-3-85-1-40-34-87-49-8-99-70-28-53-29-64-73-9-14-35-69-71-25-86-44-93-17-55-18-32-36-31-83-13-52-100-48-67-91-72-66-98
Ta100x20,9,2,200,1,0.025,9,2230909282,17000,6442,6358,5979,3.427466318,v2_avx512bw_vec32_exact_perm,42-81-15-37-88-89-16-43-60-68-51-95-41-62-97-90-46-63-79-61-59-73-7-38-48-10-75-77-65-94-78-45-33-21-47-64-30-54-87-20-39-50-85-19-2-14-4-80-74-56-55-23-76-82-58-27-26-11-9-84-12-83-69-86-36-8-28-57-3-13-99-40-17-34-35-92-1-22-25-71-53-18-44-32-100-31-6-52-67-91-24-49-29-70-96-93-5-72-66-98
Ta100x20,9,2,200,1,0.025,10,2230910291,17000,6504,6358,5979,3.638886902,v2_avx512bw_vec32_exact_perm,37-81-88-15-89-41-78-95-62-16-43-68-60-80-21-63-42-24-12-4-46-19-50-38-39-61-20-57-74-23-2-90-51-65-77-47-6-30-40-27-58-10-9-86-94-82-33-14-56-97-26-29-76-17-22-44-8-7-53-49-70-75-3-55-71-99-66-59-73-11-79-87-83-54-31-69-36-84-18-32-100-13-92-85-1-64-25-34-93-28-5-96-35-48-67-52-45-72-91-98
Ta100x20,9,2,200,1,0.05,1,2230901210,17000,6575,6358,5979,3.138940843,v2_avx512bw_vec32_exact_perm,37-89-15-16-43-81-63-24-78-60-41-88-97-90-80-95-42-94-47-7-65-77-10-12-4-46-21-76-74-30-20-2-56-33-75-62-22-86-38-50-54-59-87-82-19-61-39-83-45-100-58-14-79-27-29-73-57-23-34-68-6-51-64-70-44-8-53-48-71-84-25-85-26-99-32-92-11-40-69-3-18-66-17-49-28-9-55-31-93-1-13-36-96-35-72-5-52-67-91-98
Ta100x20,9,2,200,1,0.05,2,2230902219,17000,6582,6358,5979,3.37283661,v2_avx512bw_vec32_exact_perm,42-81-43-7-78-15-41-60-59-95-63-80-94-12-97-74-79-89-2-16-17-22-47-20-37-33-62-30-21-75-51-90-86-4-58-26-68-6-54-46-77-76-73-65-10-70-56-39-64-82-88-27-19-61-24-92-83-34-23-57-38-1-84-50-11-9-44-32-29-53-25-3-14-100-8-13-99-71-18-35-49-5-55-31-28-69-66-40-36-45-87-93-85-48-67-96-72-52-91-98
Ta100x20,9,2,200,1,0.05,3,2230903228,17000,6524,6358,5979,3.146556198,v2_avx512bw_vec32_exact_perm,42-81-43-62-88-97-37-78-24-63-60-41-95-15-74-94-2-90-89-80-59-38-79-21-47-33-45-34-65-6-16-30-39-51-54-46-77-86-76-56-25-73-87-50-12-10-71-27-82-29-7-19-70-17-23-69-83-1-61-20-55-13-11-92-26-3-58-4-14-68-84-100-85-49-8-40-57-36-9-67-93-99-44-22-75-32-35-53-18-28-96-48-31-5-52-64-72-66-91-98
Ta100x20,9,2,200,1,0.05,4,2230904237,17000,6498,6358,5979,3.2193939,v2_avx512bw_vec32_exact_perm,42-81-43-15-89-75-62-46-7-90-88-97-60-41-80-50-37-74-14-79-21-59-16-94-38-47-78-19-65-77-54-25-33-12-44-40-83-34-87-58-30-63-57-2-56-95-68-84-86-61-51-3-4-20-99-13-26-76-10-6-23-39-22-73-82-11-27-53-70-64-49-8-93-55-71-35-92-32-100-24-45-36-69-17-29-85-31-9-67-28-18-52-1-48-96-5-72-66-91-98
Ta100x20,9,2,200,1,0.05,5,2230905246,17000,6439,6358,5979,3.12315051,v2_avx512bw_vec32_exact_perm,81-15-43-41-50-89-88-60-62-97-74-47-42-57-63-95-24-16-80-78-20-94-54-19-4-75-77-7-2-23-10-68-46-65-90-51-30-79-32-38-21-64-12-61-76-82-56-39-84-22-26-13-99-6-86-8-73-33-11-27-17-92-59-40-1-9-28-34-53-31-44-3-87-36-58-55-49-18-14-25-70-71-69-83-45-100-29-85-48-93-35-96-37-67-91-5-52-72-66-98
Ta100x20,9,2,200,1,0.05,6,2230906255,17000,6538,6358,5979,3.009558208,v2_avx512bw_vec32_exact_perm,42-50-43-81-80-88-41-89-15-16-62-60-21-97-57-51-90-73-37-2-74-59-38-24-78-47-95-94-79-63-6-12-33-77-54-46-30-65-20-34-92-17-19-64-82-23-10-39-28-14-27-68-71-56-86-58-4-61-36-69-22-26-53-11-49-7-1-76-31-70-25-40-55-32-29-85-96-99-18-83-87-93-9-35-8-84-45-44-3-100-13-48-5-52-67-91-75-72-66-98
Ta100x20,9,2,200,1,0.05,7,2230907264,17000,6571,6358,5979,3.330447865,v2_avx512bw_vec32_exact_perm,42-81-43-89-88-7-16-78-15-41-65-60-46-80-56-62-47-74-61-38-90-97-19-50-95-10-75-30-20-21-33-26-82-63-4-2-3-58-79-17-34-59-12-39-86-57-77-71-29-53-83-27-11-9-25-73-1-94-54-92-24-87-76-14-49-37-6-69-48-22-23-51-68-84-100-40-35-64-55-70-96-99-28-93-36-31-44-13-85-32-8-67-45-52-18-72-91-5-66-98
Ta100x20,9,2,200,1,0.05,8,2230908273,17000,6549,6358,5979,2.758419358,v2_avx512bw_vec32_exact_perm,42-81-43-50-15-78-89-45-41-60-16-24-47-74-62-80-94-90-20-37-68-95-65-63-3-59-77-17-12-38-46-21-79-61-82-30-33-51-56-75-88-10-4-66-70-44-9-7-23-2-25-22-26-53-84-64-58-55-19-86-11-69-83-14-73-54-29-34-92-99-1-85-67-8-57-6-27-97-18-76-32-31-28-40-39-49-36-100-13-71-52-87-93-5-48-96-72-91-35-98
Ta100x20,9,2,200,1,0.05,9,2230909282,17000,6572,6358,5979,3.014932049,v2_avx512bw_vec32_exact_perm,37-89-15-60-78-42-43-7-16-77-46-80-62-50-24-73-10-59-2-21-63-90-23-94-41-95-70-81-65-68-88-30-25-44-51-57-26-6-47-92-20-11-76-56-17-12-38-74-84-40-39-83-33-54-79-66-19-97-49-34-87-86-29-27-4-13-71-82-61-28-22-14-93-31-3-53-58-100-85-45-99-8-32-9-69-48-36-67-64-96-35-52-55-5-18-1-75-72-91-98
Ta100x20,9,2,200,1,0.05,10,2230910291,17000,6539,6358,5979,3.282750815,v2_avx512bw_vec32_exact_perm,42-15-81-37-63-43-88-77-64-89-80-60-62-65-41-24-94-90-95-16-47-21-79-78-74-10-61-27-33-30-45-20-76-75-46-84-19-12-51-6-97-7-40-39-54-87-23-57-29-58-2-26-3-59-82-56-38-17-69-34-4-1-11-53-55-9-8-71-86-99-25-44-14-68-83-92-100-66-50-85-35-93-28-67-18-22-13-32-73-91-49-31-48-70-36-96-5-52-72-98
Ta100x20,9,2,200,1,0.075,1,2230901210,17000,6570,6358,5979,2.99923367,v2_avx512bw_vec32_exact_perm,37-65-41-50-95-7-43-90-80-15-60-78-89-81-94-88-20-62-77-16-79-2-97-59-45-75-54-61-47-30-38-76-73-12-84-24-46-9-56-14-21-33-4-63-39-6-51-42-10-19-13-82-27-17-87-74-48-23-22-93-49-35-58-34-53-99-26-69-57-44-1-3-92-28-25-86-71-11-40-8-55-31-83-68-70-29-85-64-18-96-36-32-100-52-67-5-91-72-66-98
Ta100x20,9,2,200,1,0.075,2,2230902219,17000,6562,6358,5979,3.135339892,v2_avx512bw_vec32_exact_perm,42-43-89-62-65-60-81-15-88-90-78-94-16-41-97-7-95-80-37-74-64-84-24-12-21-30-11-46-63-79-47-20-77-55-2-23-39-10-92-13-75-86-4-56-50-38-58-26-19-61-57-51-44-33-54-68-14-27-17-59-28-36-82-22-71-34-73-1-49-3-69-99-25-35-40-32-45-18-31-87-83-53-29-76-100-70-8-9-6-93-85-96-72-5-52-48-67-91-66-98
Ta100x20,9,2,200,1,0.075,3,2230903228,17000,6581,6358,5979,3.237895538,v2_avx512bw_vec32_exact_perm,81-43-50-41-15-16-80-95-4-88-37-89-62-97-60-2-90-74-47-56-20-13-68-78-22-24-94-38-75-10-44-76-12-21-65-63-39-46-59-33-61-30-55-51-92-82-86-34-73-79-58-17-11-42-70-7-71-27-23-77-57-14-29-45-26-53-3-49-1-32-19-54-84-6-8-99-100-25-40-87-69-67-36-93-85-18-83-48-96-28-31-35-9-5-52-64-72-66-91-98
Ta100x20,9,2,200,1,0.075,4,2230904237,17000,6618,6358,5979,3.08854568,v2_avx512bw_vec32_exact_perm,37-50-43-15-90-89-62-81-64-63-16-59-79-97-60-41-46-47-42-4-95-68-38-65-20-57-77-78-39-80-12-30-44-94-75-99-10-14-56-45-21-26-36-74-1-55-24-71-76-34-3-2-92-58-40-51-17-33-7-61-96-27-13-86-11-53-82-66-73-28-22-70-84-19-9-23-67-54-8-49-83-100-93-69-6-32-31-25-29-85-35-88-52-87-48-72-18-5-91-98
Ta100x20,9,2,200,1,0.075,5,2230905246,17000,6526,6358,5979,3.022766539,v2_avx512bw_vec32_exact_perm,42-81-15-78-89-16-12-88-97-95-41-74-30-63-75-62-46-60-7-54-80-65-33-79-90-43-47-59-84-19-94-68-21-56-64-4-38-61-92-58-26-2-57-10-70-40-50-73-23-39-71-20-87-51-77-24-55-1-17-29-83-82-34-22-69-76-53-37-25-27-9-31-44-32-11-36-14-86-6-3-8-99-45-49-93-35-28-100-13-96-48-85-52-72-67-18-5-91-66-98
Ta100x20,9,2,200,1,0.075,6,2230906255,17000,6594,6358,5979,2.854373996,v2_avx512bw_vec32_exact_perm,42-50-15-43-81-88-59-2-95-78-41-21-62-89-65-60-90-83-77-46-7-54-63-47-80-73-56-33-86-75-10-4-12-19-20-16-44-57-61-97-38-39-3-94-82-74-37-58-30-51-68-84-26-87-17-22-27-92-11-25-70-76-14-79-40-55-34-99-85-32-29-1-13-23-69-71-35-49-100-31-24-8-28-53-9-36-18-64-6-67-52-5-45-93-48-96-72-66-91-98
Ta100x20,9,2,200,1,0.075,7,2230907264,17000,6566,6358,5979,2.919063429,v2_avx512bw_vec32_exact_perm,42-81-43-88-41-62-97-63-78-89-65-95-47-46-77-60-12-15-80-21-51-33-26-90-59-1-58-56-7-84-20-16-10-19-61-74-48-79-75-68-2-14-38-94-27-6-11-73-25-32-23-39-44-71-30-54-92-86-87-4-55-50-18-22-82-29-35-17-49-34-53-3-57-69-93-99-64-37-83-24-8-13-76-45-85-100-67-28-40-31-9-70-36-52-96-5-91-72-66-98
Ta100x20,9,2,200,1,0.075,8,2230908273,17000,6576,6358,5979,2.959591868,v2_avx512bw_vec32_exact_perm,42-81-43-15-7-41-60-80-64-74-47-75-88-50-90-46-62-73-2-94-56-30-78-97-65-63-95-33-89-86-38-59-12-40-54-17-44-79-34-82-68-53-4-99-61-19-77-76-21-16-87-27-83-10-25-26-20-1-92-55-37-70-71-58-49-28-8-39-11-23-57-51-14-3-13-84-6-93-22-18-85-100-35-9-24-29-69-45-67-36-96-32-48-52-31-5-91-72-66-98
Ta100x20,9,2,200,1,0.075,9,2230909282,17000,6560,6358,5979,2.967686832,v2_avx512bw_vec32_exact_perm,42-37-89-60-80-16-74-43-7-81-15-41-78-65-90-47-77-21-30-75-63-46-10-12-51-33-20-79-88-59-95-57-39-38-62-22-50-27-56-73-61-4-26-76-2-23-97-86-58-6-11-24-64-94-82-48-93-70-68-53-31-54-84-17-92-3-14-49-85-18-19-28-99-67-40-55-32-83-44-25-100-29-69-35-52-87-8-13-71-96-45-36-1-9-34-66-5-91-72-98
Ta100x20,9,2,200,1,0.075,10,2230910291,17000,6558,6358,5979,2.845948049,v2_avx512bw_vec32_exact_perm,42-81-43-89-78-88-41-50-60-74-80-62-96-68-10-97-51-90-16-37-19-15-95-56-63-4-54-58-46-59-47-79-86-61-30-17-39-94-38-44-57-21-65-7-33-2-13-76-22-48-27-34-82-77-12-24-14-92-26-87-23-28-3-99-85-11-25-20-83-8-40-73-67-55-93-1-32-45-100-36-49-64-29-53-31-70-9-69-35-6-71-84-66-18-5-52-75-72-91-98
Ta100x20,9,2,200,1,0.1,1,2230901210,17000,6629,6358,5979,3.236032837,v2_avx512bw_vec32_exact_perm,37-89-16-62-81-43-41-97-47-80-60-95-12-38-33-46-24-90-15-78-79-21-42-88-74-10-68-51-11-75-8-45-84-1-50-19-4-94-96-57-77-56-63-49-59-44-54-14-55-30-7-32-34-92-86-40-29-2-39-6-27-23-71-22-66-61-76-25-13-65-28-83-69-3-87-26-35-58-17-82-73-31-9-36-20-64-85-93-53-99-18-100-5-52-67-72-48-70-91-98
Ta100x20,9,2,200,1,0.1,2,2230902219,17000,6591,6358,5979,3.441213319,v2_avx512bw_vec32_exact_perm,42-81-43-50-15-78-47-62-60-97-37-41-46-63-90-24-12-59-95-21-74-75-26-16-7-19-58-61-30-4-20-54-83-68-87-25-2-80-89-86-38-79-65-77-44-39-56-13-55-51-17-33-57-94-29-76-82-23-70-73-11-14-27-92-45-36-22-28-1-64-34-10-71-69-9-67-32-8-85-18-53-40-99-6-93-88-3-49-84-48-31-5-100-91-96-35-52-72-66-98
Ta100x20,9,2,200,1,0.1,3,2230903228,17000,6600,6358,5979,3.357416964,v2_avx512bw_vec32_exact_perm,42-81-43-15-50-97-89-7-62-47-78-94-41-90-95-12-20-16-59-63-30-46-80-86-68-75-60-79-51-33-54-17-65-24-21-77-26-61-2-84-82-19-6-58-74-34-25-4-23-73-10-70-11-45-40-8-71-38-55-32-66-18-14-3-37-27-76-83-92-99-56-64-44-67-53-1-39-85-57-93-49-29-69-31-9-35-28-88-22-52-87-36-5-100-48-13-96-72-91-98
Ta100x20,9,2,200,1,0.1,4,2230904237,17000,6618,6358,5979,3.532248678,v2_avx512bw_vec32_exact_perm,43-15-62-80-88-42-74-65-81-78-41-47-79-61-37-89-16-46-30-17-59-12-95-63-23-6-60-77-14-50-38-97-90-54-51-19-2-26-76-73-84-75-34-94-1-21-7-40-86-9-99-69-56-68-20-82-67-10-33-13-3-27-4-11-22-29-92-64-44-24-85-93-87-36-39-8-58-25-57-49-28-53-31-71-55-70-32-100-96-35-18-83-45-52-5-48-91-72-66-98
Ta100x20,9,2,200,1,0.1,5,2230905246,17000,6590,6358,5979,3.233176168,v2_avx512bw_vec32_exact_perm,42-81-50-43-41-16-89-15-62-46-63-60-24-95-64-94-7-47-20-76-90-77-39-21-84-80-22-54-65-86-33-51-30-12-96-75-61-97-57-79-11-38-59-25-44-99-19-4-58-37-55-17-36-68-26-53-73-27-74-2-78-9-82-23-56-93-66-10-40-87-31-71-13-18-14-83-28-1-3-34-49-35-6-92-29-69-85-100-88-70-32-8-45-48-5-52-67-91-72-98
Ta100x20,9,2,200,1,0.1,6,2230906255,17000,6658,6358,5979,3.387272308,v2_avx512bw_vec32_exact_perm,42-81-43-95-88-63-90-80-78-41-47-45-16-86-97-30-2-56-62-74-64-53-8-10-94-19-12-27-33-60-77-20-65-15-26-69-51-23-6-89-68-54-84-21-9-38-7-59-83-11-58-37-44-79-13-46-22-82-39-4-36-87-3-57-25-17-34-92-50-49-55-40-24-85-76-14-73-71-61-67-70-91-99-96-29-32-35-1-18-28-93-5-100-31-52-48-66-75-72-98
Ta100x20,9,2,200,1,0.1,7,2230907264,17000,6585,6358,5979,3.596934818,v2_avx512bw_vec32_exact_perm,42-81-43-75-80-89-88-15-65-60-90-41-74-7-46-84-62-47-21-33-24-37-77-63-2-95-19-59-68-54-51-97-38-4-56-30-44-16-39-17-94-3-86-61-82-58-83-34-11-96-69-50-73-76-12-22-6-23-26-1-32-10-25-99-57-18-14-20-40-85-29-27-31-87-36-100-9-79-28-49-70-13-78-8-71-92-35-53-64-66-93-45-55-72-48-67-52-5-91-98
Ta100x20,9,2,200,1,0.1,8,2230908273,17000,6613,6358,5979,3.363161266,v2_avx512bw_vec32_exact_perm,50-81-15-43-62-88-41-77-51-7-16-60-80-42-21-75-74-95-10-63-79-47-90-59-86-4-33-37-19-78-12-89-46-84-61-58-38-20-65-64-25-54-83-26-94-68-30-29-53-97-70-73-2-76-82-22-23-56-32-3-99-66-92-24-13-17-34-40-27-6-71-39-100-31-93-57-14-11-28-49-45-36-44-18-85-69-67-52-9-35-87-55-8-1-48-96-72-5-91-98
Ta100x20,9,2,200,1,0.1,9,2230909282,17000,6606,6358,5979,3.559759268,v2_avx512bw_vec32_exact_perm,42-81-43-7-41-50-88-95-21-97-89-60-47-74-90-65-59-80-15-82-62-94-19-84-22-34-51-37-77-16-30-79-12-73-96-33-10-68-56-63-70-46-76-54-75-2-86-58-61-23-64-99-25-38-24-17-44-1-14-45-29-11-55-92-26-39-20-4-28-71-53-40-9-93-27-13-83-69-66-85-49-57-36-67-32-6-8-78-48-100-3-35-31-87-52-18-72-5-91-98
Ta100x20,9,2,200,1,0.1,10,2230910291,17000,6602,6358,5979,3.398464607,v2_avx512bw_vec32_exact_perm,81-15-50-43-41-88-89-74-80-60-62-63-16-95-65-56-90-78-64-21-61-68-97-33-79-4-38-48-12-46-77-51-19-84-10-73-47-39-22-94-30-58-86-27-7-59-45-76-75-6-42-71-87-20-54-34-82-69-1-24-23-2-29-17-14-3-92-57-37-25-11-49-85-70-26-31-8-99-100-55-93-44-28-40-9-53-36-67-83-32-18-52-13-96-35-5-91-72-66-98
Ta100x20,9,2,200,1,0.125,1,2230901210,17000,6669,6358,5979,3.692792597,v2_avx512bw_vec32_exact_perm,81-37-43-88-89-78-15-77-60-94-16-63-38-41-59-62-51-95-22-17-90-61-33-75-65-30-21-24-80-12-79-46-76-47-26-56-84-20-50-97-73-4-82-19-3-6-39-14-1-36-49-54-58-69-100-45-55-32-10-42-86-74-2-40-27-71-7-93-85-68-92-8-87-23-11-28-25-70-53-64-99-83-29-57-34-13-96-72-48-9-66-44-67-52-31-35-18-5-91-98
Ta100x20,9,2,200,1,0.125,2,2230902219,17000,6630,6358,5979,3.816566824,v2_avx512bw_vec32_exact_perm,15-81-43-89-78-41-88-50-74-60-17-62-95-47-84-75-97-22-80-56-46-37-54-23-2-77-79-59-4-90-33-16-10-20-8-19-7-61-73-58-63-86-24-38-64-57-94-51-12-25-92-83-26-30-76-39-55-65-27-49-11-6-13-21-82-67-28-34-69-40-36-42-32-3-1-100-68-14-71-29-9-99-31-87-93-85-52-35-45-70-18-53-44-48-96-5-91-72-66-98
Ta100x20,9,2,200,1,0.125,3,2230903228,17000,6620,6358,5979,3.722687652,v2_avx512bw_vec32_exact_perm,81-15-7-43-42-47-62-78-97-54-60-74-51-17-41-95-19-16-80-46-4-68-48-10-13-65-58-30-61-59-75-63-83-89-76-24-34-6-79-38-21-77-84-25-88-26-22-50-90-57-39-92-20-23-70-86-71-27-9-82-14-94-44-99-37-40-12-73-1-56-93-2-35-33-67-8-32-28-64-53-29-69-31-55-45-3-49-66-85-100-11-87-18-96-52-36-72-5-91-98
Ta100x20,9,2,200,1,0.125,4,2230904237,17000,6647,6358,5979,3.986980807,v2_avx512bw_vec32_exact_perm,42-43-81-16-15-51-74-80-88-62-89-57-47-45-60-38-41-63-95-33-78-96-65-24-94-23-10-26-90-68-6-75-54-59-22-61-21-30-17-73-19-84-12-20-77-11-46-82-48-76-44-25-34-39-86-58-29-4-56-55-70-2-13-49-97-99-50-40-14-53-28-32-100-31-8-36-64-93-7-3-69-92-85-79-27-67-83-71-37-1-66-52-9-87-35-18-72-91-5-98
Ta100x20,9,2,200,1,0.125,5,2230905246,17000,6612,6358,5979,3.222323544,v2_avx512bw_vec32_exact_perm,42-50-15-89-62-43-78-81-80-63-90-75-21-46-94-60-24-47-19-88-16-65-12-97-4-54-6-57-41-30-95-2-79-77-7-76-83-26-51-55-10-58-23-39-45-74-29-20-17-34-82-22-59-13-71-1-33-73-25-68-38-99-11-27-14-37-9-8-66-92-53-44-100-32-31-86-49-56-87-61-84-70-40-36-3-28-96-35-64-93-69-18-85-72-48-67-52-5-91-98
Ta100x20,9,2,200,1,0.125,6,2230906255,17000,6623,6358,5979,3.200906935,v2_avx512bw_vec32_exact_perm,42-81-50-43-63-15-61-59-41-60-46-12-95-78-62-47-19-94-16-37-23-7-26-90-10-75-51-65-79-88-30-80-97-44-20-55-33-74-34-77-89-49-76-25-86-13-84-4-6-54-96-56-58-68-73-11-22-2-99-14-57-29-17-87-39-82-24-70-38-3-21-53-27-83-40-92-1-9-8-69-71-35-64-28-93-85-32-31-45-36-52-67-100-18-48-5-91-72-66-98
Ta100x20,9,2,200,1,0.125,7,2230907264,17000,6651,6358,5979,3.18736301,v2_avx512bw_vec32_exact_perm,42-81-88-50-15-78-97-63-95-89-73-62-37-7-41-16-65-47-77-45-60-80-43-25-74-54-1-28-23-75-10-46-94-39-51-22-14-59-38-90-68-21-79-20-11-87-61-26-76-44-24-6-84-92-33-58-64-34-27-83-19-3-53-4-66-86-40-99-12-93-30-17-2-70-55-56-13-49-71-96-82-18-57-9-8-29-69-67-85-48-36-100-5-32-52-31-35-72-91-98
Ta100x20,9,2,200,1,0.125,8,2230908273,17000,6603,6358,5979,2.946314093,v2_avx512bw_vec32_exact_perm,42-81-15-43-50-41-89-79-60-80-59-65-37-90-47-62-61-88-51-12-56-68-17-20-38-7-22-21-16-19-84-2-77-95-63-33-99-26-4-75-57-39-3-46-97-30-1-14-9-82-34-40-23-10-92-49-86-94-70-54-74-32-36-24-58-45-76-25-71-64-83-8-27-73-13-69-93-11-78-6-67-28-31-85-29-87-53-100-55-18-44-35-5-48-91-96-52-72-66-98
Ta100x20,9,2,200,1,0.125,9,2230909282,17000,6670,6358,5979,3.24071809,v2_avx512bw_vec32_exact_perm,37-47-81-21-15-88-46-63-74-90-89-42-4-95-16-62-65-41-12-33-25-79-80-2-97-19-51-10-58-61-24-78-3-60-43-94-7-17-76-44-77-75-54-86-84-59-26-82-30-39-31-6-14-20-57-71-38-27-23-11-32-9-50-92-70-22-68-73-18-69-85-49-8-56-36-87-93-99-40-64-100-53-28-67-55-29-1-66-83-34-96-13-48-52-5-91-45-72-35-98
Ta100x20,9,2,200,1,0.125,10,2230910291,17000,6645,6358,5979,3.02927186,v2_avx512bw_vec32_exact_perm,15-43-81-89-42-50-90-88-78-7-60-45-63-16-59-41-23-95-62-24-80-94-30-38-68-84-75-33-19-47-61-20-51-21-64-46-77-74-10-13-71-79-12-82-97-34-76-39-54-29-65-6-32-27-11-58-69-31-28-73-2-56-53-40-44-83-3-26-57-4-37-22-100-25-14-99-17-8-86-87-9-93-1-36-92-48-70-49-18-55-67-72-66-52-85-96-5-35-91-98
Ta100x20,9,3,300,0.85,0.025,1,2230901210,17000,6510,6358,5979,4.468931541,v2_avx512bw_vec32_exact_perm,42-81-43-62-88-50-15-75-41-97-37-60-89-4-12-80-95-47-79-90-94-16-19-38-7-10-57-63-21-74-20-46-77-78-30-55-51-86-59-84-6-26-65-33-61-82-68-76-58-54-14-17-56-69-27-11-48-92-24-73-2-25-44-100-39-71-34-23-66-85-40-99-1-22-93-45-67-3-36-8-35-49-13-28-9-87-70-53-29-83-18-32-64-31-5-52-96-72-91-98
Ta100x20,9,3,300,0.85,0.025,2,2230902219,17000,6452,6358,5979,4.995419047,v2_avx512bw_vec32_exact_perm,42-81-43-88-63-64-94-41-50-15-95-68-62-16-89-78-21-65-90-97-19-47-7-38-74-61-60-79-59-86-33-54-4-51-2-24-3-44-17-10-58-77-66-48-25-75-73-30-80-46-22-20-12-69-26-56-82-39-11-55-23-28-27-14-40-71-76-83-92-13-57-34-49-100-31-29-53-37-84-8-45-1-6-67-9-70-99-93-85-18-87-36-32-72-52-96-5-35-91-98
Ta100x20,9,3,300,0.85,0.025,3,2230903228,17000,6458,6358,5979,4.615094273,v2_avx512bw_vec32_exact_perm,42-81-43-15-41-50-89-62-60-16-74-46-78-80-7-20-37-63-90-59-79-65-10-95-56-77-2-33-44-47-76-75-94-88-12-38-97-11-68-30-3-73-25-57-51-84-82-21-26-39-27-61-17-19-58-86-4-40-22-34-23-99-1-71-54-24-6-14-92-70-49-66-32-64-55-29-31-69-87-52-83-45-36-9-53-93-67-28-100-85-18-8-13-72-48-96-35-5-91-98
Ta100x20,9,3,300,0.85,0.025,4,2230904237,17000,6470,6358,5979,4.459238757,v2_avx512bw_vec32_exact_perm,37-63-43-19-16-94-78-89-65-15-41-62-50-95-90-80-21-59-68-47-60-61-4-46-33-24-12-30-75-2-79-82-97-38-74-54-17-40-73-39-57-23-42-11-7-64-76-86-83-77-29-84-58-10-3-87-45-55-51-27-26-1-92-36-25-9-34-31-53-44-56-81-28-49-66-14-71-70-8-22-99-20-48-93-88-69-6-32-18-100-13-85-67-52-72-96-5-35-91-98
Ta100x20,9,3,300,0.85,0.025,5,2230905246,17000,6474,6358,5979,4.624515694,v2_avx512bw_vec32_exact_perm,15-81-88-43-41-7-62-59-42-89-95-63-78-80-65-33-60-61-24-46-50-19-38-56-4-68-77-90-16-10-75-86-99-94-23-30-17-74-2-20-12-40-21-39-82-47-25-44-22-37-34-53-51-79-3-97-26-11-58-76-27-73-1-64-29-55-48-84-31-57-66-6-71-70-14-28-54-69-36-13-49-8-100-35-92-67-45-85-93-32-18-87-83-9-5-52-96-72-91-98
Ta100x20,9,3,300,0.85,0.025,6,2230906255,17000,6476,6358,5979,4.597040532,v2_avx512bw_vec32_exact_perm,42-81-37-89-43-60-41-15-90-75-50-62-46-63-12-97-79-95-2-24-38-80-54-4-65-6-68-59-61-47-19-16-78-76-94-21-77-30-17-86-33-88-27-11-14-40-7-23-74-22-3-44-84-48-58-39-57-10-51-56-25-26-73-82-20-67-93-55-99-100-85-8-87-13-28-18-9-53-66-83-34-1-29-49-69-35-64-36-92-31-32-71-45-70-52-96-5-91-72-98
Ta100x20,9,3,300,0.85,0.025,7,2230907264,17000,6442,6358,5979,4.154718435,v2_avx512bw_vec32_exact_perm,42-81-88-43-41-50-89-15-78-62-97-60-37-46-74-24-63-90-95-80-56-20-47-12-16-10-79-94-4-19-33-38-75-54-2-59-68-44-51-77-25-86-82-61-92-39-17-55-30-32-57-71-65-26-76-7-58-83-11-27-9-1-40-73-21-48-14-13-34-8-3-99-84-66-22-45-23-6-70-31-85-69-29-100-28-53-64-18-36-67-49-35-93-5-87-52-96-72-91-98
Ta100x20,9,3,300,0.85,0.025,8,2230908273,17000,6523,6358,5979,4.845291097,v2_avx512bw_vec32_exact_perm,81-48-89-43-88-60-15-41-77-80-65-2-75-42-74-95-90-7-10-23-94-78-46-68-63-30-97-47-54-19-59-79-62-64-38-50-44-21-12-4-83-26-61-51-25-86-39-71-58-57-17-37-55-33-27-24-40-82-76-3-99-22-67-34-14-69-56-1-36-31-29-45-9-73-84-28-53-20-11-93-16-66-13-6-8-49-70-96-85-35-92-87-52-32-18-100-5-91-72-98
Ta100x20,9,3,300,0.85,0.025,9,2230909282,17000,6482,6358,5979,4.444776083,v2_avx512bw_vec32_exact_perm,42-37-15-89-2-62-43-12-96-88-50-7-95-77-41-47-60-81-80-97-21-90-19-38-16-74-65-56-30-75-10-46-78-68-4-79-54-94-33-25-64-51-76-86-20-23-61-22-55-59-63-57-84-6-26-82-24-58-70-83-39-11-3-14-28-53-27-31-45-73-40-8-71-66-44-99-34-9-92-35-5-1-49-69-93-87-36-29-32-13-17-48-85-52-67-100-18-72-91-98
Ta100x20,9,3,300,0.85,0.025,10,2230910291,17000,6482,6358,5979,5.097274138,v2_avx512bw_vec32_exact_perm,42-50-80-15-37-60-41-74-95-78-43-62-12-7-94-47-46-90-63-79-61-59-65-33-6-16-30-19-51-17-21-38-89-81-4-75-68-10-97-14-24-22-20-2-23-77-88-32-40-83-54-39-57-28-58-26-67-73-11-25-86-92-8-56-70-87-55-99-36-82-34-3-45-100-76-27-13-29-53-44-64-66-85-93-69-9-71-35-52-1-49-31-84-18-48-96-5-91-72-98
Ta100x20,9,3,300,0.85,0.05,1,2230901210,17000,6443,6358,5979,4.181876807,v2_avx512bw_vec32_exact_perm,42-43-41-88-50-15-78-74-80-95-63-62-16-12-97-59-37-60-19-47-30-75-68-46-10-7-65-77-6-51-90-86-21-33-4-89-79-44-39-17-54-58-26-38-61-84-81-9-14-94-56-2-24-76-92-1-23-73-11-27-20-57-34-22-71-28-13-3-25-100-53-40-8-64-36-31-82-70-96-35-55-49-29-69-87-93-85-18-32-48-83-67-5-52-99-45-72-91-66-98
Ta100x20,9,3,300,0.85,0.05,2,2230902219,17000,6445,6358,5979,4.053659249,v2_avx512bw_vec32_exact_perm,42-81-43-15-89-78-88-90-79-2-16-97-41-62-50-80-21-74-95-7-65-48-47-61-26-56-59-60-76-84-94-77-39-57-46-33-23-63-11-4-58-19-38-82-64-30-86-75-10-12-20-73-54-51-68-37-1-6-25-14-22-55-34-8-49-71-66-13-99-44-35-24-69-40-29-17-3-53-83-70-87-27-92-100-85-93-31-32-9-36-45-67-28-96-5-52-18-72-91-98
Ta100x20,9,3,300,0.85,0.05,3,2230903228,17000,6428,6358,5979,4.050642041,v2_avx512bw_vec32_exact_perm,42-81-88-97-89-60-43-15-41-80-63-24-38-46-62-12-94-4-56-48-78-77-95-65-2-79-33-51-50-90-19-47-61-74-82-55-70-16-20-58-10-27-73-22-23-11-39-45-30-21-75-26-14-66-37-76-92-7-25-44-68-34-17-71-59-86-54-40-8-87-32-1-29-49-69-36-13-3-99-57-6-31-84-93-35-64-28-9-96-53-85-18-52-67-83-100-5-91-72-98
Ta100x20,9,3,300,0.85,0.05,4,2230904237,17000,6421,6358,5979,4.022948909,v2_avx512bw_vec32_exact_perm,42-81-88-43-15-89-90-60-74-80-21-78-50-45-41-95-24-65-64-75-33-7-94-62-47-46-30-68-48-56-16-10-19-51-20-63-55-14-38-86-92-77-44-97-54-34-76-79-4-73-12-2-37-59-57-22-26-58-83-39-82-27-3-13-87-99-61-8-23-36-11-70-29-17-69-9-25-1-93-85-71-91-84-53-18-32-31-6-100-40-67-5-52-28-49-96-72-35-66-98
Ta100x20,9,3,300,0.85,0.05,5,2230905246,17000,6487,6358,5979,4.275227119,v2_avx512bw_vec32_exact_perm,37-81-63-43-62-15-89-60-41-16-80-97-95-61-78-42-65-90-46-50-79-21-74-4-19-94-12-47-38-83-33-2-77-57-7-76-64-10-24-54-75-8-73-68-51-17-92-59-84-20-56-40-26-55-58-44-39-22-23-11-25-85-3-1-87-14-34-99-30-86-100-69-88-27-36-70-29-49-13-93-66-32-96-35-28-9-53-82-6-31-45-48-67-71-52-18-5-91-72-98
Ta100x20,9,3,300,0.85,0.05,6,2230906255,17000,6443,6358,5979,3.902110325,v2_avx512bw_vec32_exact_perm,42-43-81-41-88-15-89-62-16-24-46-63-90-97-60-80-55-37-20-33-59-2-79-7-38-56-12-74-95-78-4-47-19-44-50-68-21-82-26-39-65-54-17-14-77-10-75-30-22-73-94-61-51-76-84-86-57-40-58-18-70-83-3-25-99-87-27-23-11-6-34-93-92-1-85-31-32-8-64-66-29-53-45-28-71-69-100-52-9-13-67-49-35-48-36-96-91-5-72-98
Ta100x20,9,3,300,0.85,0.05,7,2230907264,17000,6427,6358,5979,4.266778591,v2_avx512bw_vec32_exact_perm,42-43-89-16-41-81-62-88-78-97-15-63-95-12-37-74-60-65-24-90-77-46-50-80-21-4-19-38-7-94-10-68-47-44-30-75-22-23-2-69-61-33-51-1-17-54-40-26-76-79-59-25-83-55-3-31-82-39-6-58-34-86-11-20-92-70-27-56-14-73-99-35-93-87-28-57-9-8-13-36-49-84-64-85-18-29-53-71-32-100-45-48-67-96-52-91-5-72-66-98
Ta100x20,9,3,300,0.85,0.05,8,2230908273,17000,6468,6358,5979,4.133392012,v2_avx512bw_vec32_exact_perm,42-81-43-89-62-88-60-50-46-74-15-78-41-63-97-79-90-95-94-80-61-65-30-75-10-26-73-7-54-47-33-59-20-19-12-82-68-4-16-38-56-76-84-86-11-21-77-51-6-37-39-58-57-70-13-31-48-24-44-27-3-17-14-22-25-8-2-83-71-5-55-29-45-18-23-28-64-53-99-40-34-69-36-87-35-93-1-49-85-67-92-32-100-9-52-66-96-91-72-98
Ta100x20,9,3,300,0.85,0.05,9,2230909282,17000,6434,6358,5979,3.791359117,v2_avx512bw_vec32_exact_perm,81-43-15-89-16-41-50-95-62-88-7-90-94-80-78-24-37-65-77-84-42-60-33-68-21-64-47-74-46-63-30-25-56-12-38-76-2-4-59-10-75-79-97-19-54-87-83-71-40-39-31-55-26-28-58-86-73-11-70-17-29-23-14-82-3-57-34-53-44-51-22-27-61-69-18-1-6-99-13-49-8-32-92-85-100-48-93-35-9-20-67-45-36-72-96-66-52-5-91-98
Ta100x20,9,3,300,0.85,0.05,10,2230910291,17000,6484,6358,5979,4.222597522,v2_avx512bw_vec32_exact_perm,42-81-50-15-78-19-16-89-88-74-60-43-4-41-80-97-79-2-47-10-21-77-62-95-12-51-90-94-1-65-84-33-22-59-56-68-20-11-55-26-7-23-76-46-38-44-63-54-17-24-92-30-86-70-72-75-58-37-61-27-99-6-39-3-40-82-53-25-87-31-100-8-14-83-13-93-49-28-71-57-18-73-45-69-36-29-32-64-35-9-85-52-67-48-96-5-34-91-66-98
Ta100x20,9,3,300,0.85,0.075,1,2230901210,17000,6547,6358,5979,3.962098821,v2_avx512bw_vec32_exact_perm,42-81-37-16-89-15-78-60-74-41-43-24-62-97-96-54-80-79-7-95-61-19-47-4-10-88-20-44-12-77-73-34-90-21-50-51-68-46-17-59-30-38-86-65-63-1-57-6-58-25-9-56-94-14-26-40-27-23-33-70-83-92-64-11-8-3-67-85-45-39-28-13-29-2-76-22-49-71-66-69-55-82-93-53-100-87-99-84-48-31-36-75-32-52-35-5-18-72-91-98
Ta100x20,9,3,300,0.85,0.075,2,2230902219,17000,6520,6358,5979,4.056395125,v2_avx512bw_vec32_exact_perm,48-89-16-15-90-95-7-41-43-62-81-65-78-80-94-61-50-79-51-33-12-97-2-60-24-77-46-54-47-19-4-30-14-23-75-73-10-68-56-11-63-84-20-6-64-86-38-58-42-74-27-22-13-83-57-31-21-39-40-17-8-88-3-44-25-71-36-70-99-59-53-18-87-28-85-26-34-67-76-1-55-92-69-82-29-32-45-37-93-100-66-96-5-52-9-49-35-72-91-98
Ta100x20,9,3,300,0.85,0.075,3,2230903228,17000,6506,6358,5979,3.796248058,v2_avx512bw_vec32_exact_perm,15-50-80-42-89-60-81-43-88-41-16-95-74-30-78-68-21-46-47-63-65-90-24-62-97-19-75-4-54-77-44-57-94-11-23-2-76-12-56-84-6-33-38-59-82-61-37-27-13-26-58-40-79-73-17-51-10-34-14-39-7-3-86-92-8-1-49-25-20-64-29-70-83-53-99-100-55-22-45-71-32-18-69-36-31-28-9-85-52-87-67-93-35-48-96-5-72-66-91-98
Ta100x20,9,3,300,0.85,0.075,4,2230904237,17000,6547,6358,5979,3.853220852,v2_avx512bw_vec32_exact_perm,42-81-43-15-78-75-65-37-41-59-7-62-60-80-46-77-4-12-94-97-63-44-89-33-14-56-1-21-2-95-47-74-90-25-22-30-16-10-79-51-26-68-61-24-73-17-92-40-38-39-48-57-82-86-88-83-58-54-34-76-50-19-9-71-84-13-8-11-70-32-29-45-49-28-53-3-36-18-87-100-69-99-27-20-35-66-6-96-55-85-31-23-67-52-91-64-93-5-72-98
Ta100x20,9,3,300,0.85,0.075,5,2230905246,17000,6531,6358,5979,3.977433212,v2_avx512bw_vec32_exact_perm,81-43-88-46-15-89-63-90-97-95-65-78-47-74-41-59-38-62-5-7-60-42-50-76-20-61-80-56-16-2-79-33-94-68-75-10-14-51-86-54-4-77-21-19-37-84-25-12-27-73-1-57-71-26-58-30-23-39-49-6-92-11-40-70-24-31-17-34-22-82-83-3-8-29-44-13-18-55-99-45-9-53-36-67-28-69-100-85-93-48-87-96-35-32-52-64-91-72-66-98
Ta100x20,9,3,300,0.85,0.075,6,2230906255,17000,6536,6358,5979,3.809365374,v2_avx512bw_vec32_exact_perm,42-81-50-43-15-89-97-60-95-63-78-41-94-47-80-24-19-16-46-65-90-74-62-57-7-51-75-33-54-79-77-14-44-10-2-59-88-4-23-92-30-12-17-26-56-61-58-38-82-70-99-25-22-34-21-71-13-86-68-73-11-84-6-39-100-8-76-37-55-27-40-28-53-64-29-49-32-31-69-85-9-1-20-93-83-18-36-67-45-52-3-87-48-96-35-72-91-5-66-98
Ta100x20,9,3,300,0.85,0.075,7,2230907264,17000,6566,6358,5979,4.018315904,v2_avx512bw_vec32_exact_perm,42-81-50-15-43-63-46-41-80-88-89-62-60-65-7-59-38-58-2-77-97-10-79-96-94-24-68-84-19-47-21-90-4-61-95-30-55-20-87-78-54-86-33-44-16-66-70-75-27-56-51-40-73-17-74-22-29-23-57-39-48-11-14-9-85-76-34-82-71-12-37-35-92-49-25-8-69-6-32-13-99-26-3-64-53-36-28-1-31-52-45-67-93-83-18-100-91-5-72-98
Ta100x20,9,3,300,0.85,0.075,8,2230908273,17000,6515,6358,5979,3.820520198,v2_avx512bw_vec32_exact_perm,42-81-43-41-50-15-33-63-95-62-89-60-80-12-74-10-88-2-75-59-20-61-7-47-90-79-94-76-97-4-58-57-26-78-68-19-51-29-28-16-46-54-21-24-39-22-65-38-84-56-73-77-82-6-30-17-53-64-37-25-40-86-92-1-34-27-44-11-14-13-3-69-23-83-70-71-66-18-85-8-87-99-49-100-55-31-45-36-93-35-9-32-48-96-52-67-5-91-72-98
Ta100x20,9,3,300,0.85,0.075,9,2230909282,17000,6518,6358,5979,3.768171708,v2_avx512bw_vec32_exact_perm,37-89-43-62-16-81-63-15-80-41-7-60-42-59-77-65-50-19-46-94-90-39-23-95-54-78-84-64-83-47-20-61-74-10-13-58-2-21-79-51-4-33-6-26-22-12-86-82-25-30-27-76-34-97-66-75-73-14-92-17-68-57-38-71-85-40-1-3-56-70-88-48-11-8-32-29-24-44-100-69-49-9-55-31-45-53-36-93-67-99-87-28-96-35-5-52-18-72-91-98
Ta100x20,9,3,300,0.85,0.075,10,2230910291,17000,6490,6358,5979,4.129401963,v2_avx512bw_vec32_exact_perm,37-88-89-78-65-42-43-41-90-50-95-80-33-15-54-4-13-62-60-47-46-77-55-81-51-75-68-10-63-21-6-38-94-24-76-7-16-61-82-79-56-39-69-20-12-97-44-26-11-70-92-84-59-30-17-3-86-19-58-85-25-49-100-14-34-45-2-74-23-29-8-22-32-66-71-27-53-40-87-73-28-99-18-64-57-52-67-36-31-83-93-1-9-5-48-96-72-35-91-98
Ta100x20,9,3,300,0.85,0.1,1,2230901210,17000,6579,6358,5979,4.345444418,v2_avx512bw_vec32_exact_perm,42-81-88-43-15-41-12-50-16-62-80-95-65-33-60-79-34-21-75-74-46-7-37-17-90-78-97-2-53-63-19-23-86-84-94-59-77-47-89-82-44-54-58-83-26-39-76-51-61-70-57-4-38-24-68-99-28-10-73-56-92-3-32-22-6-11-14-100-55-20-40-27-69-45-71-31-36-18-8-87-13-30-25-49-35-29-64-9-85-67-52-1-93-48-96-72-66-5-91-98
Ta100x20,9,3,300,0.85,0.1,2,2230902219,17000,6548,6358,5979,4.35480334,v2_avx512bw_vec32_exact_perm,42-81-43-89-65-41-60-78-50-59-33-7-2-80-95-15-63-51-30-44-24-19-47-90-94-46-62-75-12-57-21-77-97-11-79-4-64-74-82-38-48-68-10-17-23-16-40-92-14-58-20-86-34-76-85-37-25-8-22-54-69-27-70-61-56-73-71-31-39-93-88-1-36-13-99-87-49-3-84-45-18-66-55-53-9-6-26-83-29-32-28-67-100-52-5-96-35-91-72-98
Ta100x20,9,3,300,0.85,0.1,3,2230903228,17000,6601,6358,5979,4.596940855,v2_avx512bw_vec32_exact_perm,81-15-50-43-78-47-12-42-95-97-37-60-89-79-77-84-46-1-80-16-38-41-10-68-65-4-62-24-59-90-32-11-19-27-75-94-33-25-39-56-2-76-7-30-92-23-44-87-34-3-14-21-86-58-51-26-74-53-61-18-64-82-54-63-40-17-55-57-73-99-85-71-22-8-83-35-31-29-13-52-20-69-28-6-49-93-67-9-88-70-45-36-100-48-96-5-91-72-66-98
Ta100x20,9,3,300,0.85,0.1,4,2230904237,17000,6558,6358,5979,4.366126232,v2_avx512bw_vec32_exact_perm,37-81-63-43-62-15-78-74-89-46-65-90-59-75-4-41-56-95-60-80-47-57-38-33-94-16-61-19-27-82-20-12-76-79-21-64-88-39-23-30-32-50-11-44-55-83-58-10-77-25-71-97-26-68-86-2-13-28-54-51-40-73-29-24-69-1-7-9-84-92-22-14-8-31-6-34-99-17-3-53-42-87-36-93-96-35-49-70-5-85-18-45-100-67-52-48-72-66-91-98
Ta100x20,9,3,300,0.85,0.1,5,2230905246,17000,6544,6358,5979,4.535099881,v2_avx512bw_vec32_exact_perm,42-81-7-43-88-41-64-16-89-15-65-77-62-47-78-94-21-6-33-90-97-50-80-60-63-46-79-54-59-73-26-51-1-19-12-37-56-14-24-86-95-4-84-29-83-38-70-57-22-74-58-61-23-69-35-25-92-49-30-34-17-11-39-76-71-75-27-40-10-68-82-3-85-8-32-93-99-66-87-28-2-31-44-9-100-20-18-53-96-55-45-36-13-52-72-48-67-5-91-98
Ta100x20,9,3,300,0.85,0.1,6,2230906255,17000,6553,6358,5979,3.884314408,v2_avx512bw_vec32_exact_perm,42-81-43-41-88-50-97-62-89-15-78-60-21-47-95-61-16-74-79-86-56-11-87-26-73-37-7-90-80-65-77-6-23-54-70-33-82-51-12-2-19-4-38-27-59-85-44-58-30-17-75-46-14-29-13-94-68-69-63-100-10-9-36-24-25-71-34-1-53-39-83-45-84-3-76-18-57-92-8-99-49-22-20-40-67-32-31-28-35-55-93-96-64-48-66-72-52-5-91-98
Ta100x20,9,3,300,0.85,0.1,7,2230907264,17000,6539,6358,5979,3.858976715,v2_avx512bw_vec32_exact_perm,42-81-43-88-41-78-89-60-97-80-26-84-19-65-15-62-95-16-20-7-33-4-12-54-59-38-46-47-21-90-27-70-30-37-75-74-99-25-14-77-63-56-40-73-50-51-86-68-22-23-61-10-92-2-17-44-1-55-58-100-3-64-39-82-79-53-94-34-29-76-66-32-45-93-31-6-69-9-83-49-57-52-87-36-11-8-71-24-28-35-67-48-13-96-85-18-72-5-91-98
Ta100x20,9,3,300,0.85,0.1,8,2230908273,17000,6571,6358,5979,3.718931446,v2_avx512bw_vec32_exact_perm,81-43-15-89-62-7-78-60-97-41-47-80-65-59-63-37-90-61-46-42-12-51-30-77-33-19-50-95-2-75-79-10-66-27-16-39-44-38-76-21-6-84-20-74-11-56-26-68-14-23-24-69-86-58-54-55-92-4-73-17-35-29-22-82-34-9-1-53-71-25-64-83-40-28-31-93-94-87-13-57-99-3-67-8-49-100-45-5-32-18-88-85-52-36-96-72-48-70-91-98
Ta100x20,9,3,300,0.85,0.1,9,2230909282,17000,6554,6358,5979,3.853911598,v2_avx512bw_vec32_exact_perm,37-50-15-90-43-79-7-75-95-89-74-41-78-65-46-47-60-94-68-62-81-80-97-63-54-82-21-16-42-19-17-77-86-76-56-84-88-12-4-6-83-38-33-55-30-39-40-24-2-51-22-57-20-25-61-26-27-73-58-99-31-3-14-23-10-44-71-1-100-59-92-9-87-34-36-8-32-11-18-13-49-70-53-28-96-69-85-35-29-67-45-91-48-93-5-64-52-72-66-98
Ta100x20,9,3,300,0.85,0.1,10,2230910291,17000,6538,6358,5979,3.850368122,v2_avx512bw_vec32_exact_perm,42-81-43-15-89-16-95-78-41-7-90-86-50-65-94-63-97-80-62-46-37-39-12-59-74-20-60-30-26-76-75-61-82-55-79-25-23-38-54-68-2-4-58-14-77-83-47-21-19-11-22-33-24-56-40-49-34-84-3-92-27-57-8-88-10-17-87-6-13-99-66-44-73-32-93-36-70-51-29-1-45-69-31-9-85-71-28-100-48-18-67-64-53-52-72-96-35-5-91-98
Ta100x20,9,3,300,0.85,0.125,1,2230901210,17000,6588,6358,5979,3.985935181,v2_avx512bw_vec32_exact_perm,42-81-50-15-43-79-41-88-59-89-47-7-90-16-21-46-24-63-75-62-38-94-78-97-74-80-37-25-54-60-33-68-65-40-56-4-86-11-95-12-55-30-73-84-19-51-17-85-10-82-26-39-14-23-83-44-71-77-32-61-57-76-27-58-34-2-9-31-6-29-22-1-99-8-3-66-53-18-20-70-92-49-69-64-36-67-28-35-100-45-13-52-87-93-48-96-5-72-91-98
Ta100x20,9,3,300,0.85,0.125,2,2230902219,17000,6579,6358,5979,4.155592245,v2_avx512bw_vec32_exact_perm,42-81-37-74-15-62-43-97-51-41-75-47-68-60-46-10-61-63-20-16-80-24-65-12-95-21-4-19-33-89-90-59-94-17-30-27-79-39-58-26-86-77-88-6-50-92-44-34-45-14-78-54-100-76-23-57-49-70-71-8-7-25-67-40-73-56-22-83-9-13-2-3-53-32-85-11-84-36-55-38-31-93-64-1-35-29-69-18-28-87-82-48-99-96-52-5-91-72-66-98
Ta100x20,9,3,300,0.85,0.125,3,2230903228,17000,6563,6358,5979,4.286294595,v2_avx512bw_vec32_exact_perm,42-81-48-43-15-41-7-90-89-80-75-88-16-74-95-60-24-47-62-78-54-94-37-79-64-38-31-44-68-97-65-33-2-76-57-21-63-100-25-30-61-58-39-46-12-20-49-40-84-17-34-3-19-10-59-86-56-50-73-9-4-14-27-87-77-99-6-23-11-26-82-55-93-53-36-92-71-70-8-13-32-69-83-29-1-18-51-22-85-28-67-35-96-5-66-52-45-72-91-98
Ta100x20,9,3,300,0.85,0.125,4,2230904237,17000,6562,6358,5979,4.3566984,v2_avx512bw_vec32_exact_perm,42-81-88-97-43-37-41-89-50-80-60-15-19-74-75-51-90-46-94-33-47-95-4-62-30-7-78-12-63-10-21-38-79-77-65-32-6-56-39-27-11-26-24-71-92-84-58-68-20-59-1-54-69-34-86-16-61-2-76-66-14-23-45-17-40-82-29-13-31-73-100-85-83-49-3-8-22-55-67-57-5-44-9-99-52-25-64-35-93-36-28-53-96-18-87-48-72-70-91-98
Ta100x20,9,3,300,0.85,0.125,5,2230905246,17000,6631,6358,5979,4.361635057,v2_avx512bw_vec32_exact_perm,42-81-15-41-43-50-19-72-46-89-88-63-90-51-94-80-60-62-97-37-47-95-33-1-61-59-79-20-16-6-68-78-12-21-7-75-26-74-30-25-2-65-82-29-22-70-23-38-56-14-54-4-57-77-11-92-83-39-49-87-58-40-86-99-45-27-55-84-71-53-8-32-3-10-17-28-76-13-73-34-66-31-9-85-96-35-93-36-67-44-18-24-100-48-69-91-5-64-52-98
Ta100x20,9,3,300,0.85,0.125,6,2230906255,17000,6585,6358,5979,4.096612222,v2_avx512bw_vec32_exact_perm,42-81-15-50-37-80-16-43-46-78-60-88-90-24-63-19-94-61-59-62-41-21-95-84-47-74-79-2-97-6-89-68-65-20-38-7-51-33-10-34-17-56-44-77-54-4-14-39-23-86-22-45-82-30-29-75-71-55-57-26-76-25-40-12-83-58-27-3-70-64-73-99-11-69-85-93-36-8-92-66-18-28-32-87-49-100-13-31-53-52-67-48-1-91-5-9-96-72-35-98
Ta100x20,9,3,300,0.85,0.125,7,2230907264,17000,6548,6358,5979,4.083305855,v2_avx512bw_vec32_exact_perm,42-81-43-88-15-41-80-50-89-74-60-62-47-75-94-45-90-16-86-59-37-97-2-20-12-84-30-7-38-95-61-21-17-3-24-46-78-68-4-77-82-65-33-19-73-14-10-51-54-26-56-9-25-39-27-44-63-23-34-11-58-76-83-22-53-79-93-6-99-100-85-1-40-70-67-31-28-57-29-49-55-8-92-35-13-87-96-36-18-71-32-48-69-5-52-64-72-66-91-98
Ta100x20,9,3,300,0.85,0.125,8,2230908273,17000,6541,6358,5979,4.257003153,v2_avx512bw_vec32_exact_perm,42-81-78-41-88-50-15-89-60-46-90-7-43-74-30-62-21-68-65-47-75-63-16-37-95-79-76-97-64-4-19-59-94-54-24-57-38-44-12-23-22-51-77-10-58-27-26-80-11-82-92-25-73-1-3-86-6-49-56-70-31-34-61-39-53-84-66-71-99-40-55-2-17-87-33-29-36-32-18-14-67-45-28-20-93-85-8-83-100-9-13-69-48-35-96-72-52-5-91-98
Ta100x20,9,3,300,0.85,0.125,9,2230909282,17000,6551,6358,5979,4.176461468,v2_avx512bw_vec32_exact_perm,81-43-50-16-37-62-89-15-95-41-78-63-60-97-80-79-94-2-61-47-90-77-46-20-24-30-64-12-65-6-75-74-10-21-39-33-51-68-82-14-58-4-54-1-19-59-71-26-73-83-70-25-23-57-92-11-76-13-34-28-86-84-22-55-7-40-38-99-49-8-45-17-56-44-66-93-53-32-31-29-42-35-9-96-27-87-36-18-3-69-85-100-67-5-52-91-88-48-72-98
Ta100x20,9,3,300,0.85,0.125,10,2230910291,17000,6503,6358,5979,3.961149317,v2_avx512bw_vec32_exact_perm,88-43-15-89-60-50-78-81-41-65-74-80-51-90-62-56-46-95-61-63-57-47-42-33-19-12-4-10-79-16-7-77-38-23-21-87-94-84-44-39-59-17-26-54-82-30-76-13-22-97-6-2-83-34-8-58-5-31-27-68-92-55-37-1-71-25-86-11-69-73-29-32-64-100-14-53-52-24-20-9-3-67-85-99-40-28-18-70-36-49-45-35-93-48-96-91-75-72-66-98
Ta100x20,9,3,300,0.8875,0.025,1,2230901210,17000,6429,6358,5979,3.886520785,v2_avx512bw_vec32_exact_perm,42-81-88-43-97-15-89-60-41-24-16-80-50-95-21-74-46-63-90-62-20-59-86-7-30-51-12-19-38-77-84-78-65-23-54-22-32-25-2-94-76-26-4-56-10-11-75-33-79-73-61-13-27-47-40-39-71-83-68-58-1-28-64-29-9-85-69-34-82-53-37-100-99-70-14-57-3-92-17-36-31-45-6-52-8-87-55-67-93-44-66-49-18-72-48-96-35-5-91-98
Ta100x20,9,3,300,0.8875,0.025,2,2230902219,17000,6442,6358,5979,4.192563707,v2_avx512bw_vec32_exact_perm,42-43-41-81-65-90-74-95-78-50-15-89-62-80-88-60-97-30-63-20-9-46-59-12-79-94-2-47-57-77-33-23-7-38-84-11-19-4-14-68-56-16-75-10-86-92-58-6-37-22-73-24-61-51-34-69-31-25-28-21-26-39-17-36-87-99-48-40-70-29-83-53-49-18-76-13-54-44-27-64-8-1-3-85-82-55-96-35-93-71-32-45-100-52-67-5-91-72-66-98
Ta100x20,9,3,300,0.8875,0.025,3,2230903228,17000,6493,6358,5979,4.166335925,v2_avx512bw_vec32_exact_perm,42-81-15-78-89-65-43-41-59-12-46-60-74-7-47-62-95-63-10-97-90-79-56-16-48-19-44-94-24-51-38-68-33-25-80-84-64-21-26-30-75-86-54-17-4-58-2-39-23-77-82-61-29-6-57-34-73-18-45-53-67-50-76-92-71-1-27-11-20-3-14-28-100-13-55-22-31-49-85-37-8-32-99-40-9-93-69-35-87-36-88-83-70-52-96-5-91-72-66-98
Ta100x20,9,3,300,0.8875,0.025,4,2230904237,17000,6442,6358,5979,4.09439858,v2_avx512bw_vec32_exact_perm,42-81-43-15-89-78-41-60-50-88-90-59-94-47-80-37-62-46-79-54-97-95-63-16-30-19-2-73-4-68-56-10-38-65-12-82-24-77-20-76-71-7-61-75-57-51-33-58-22-27-25-44-26-86-74-21-39-92-17-11-23-70-6-40-34-83-1-99-14-29-32-100-53-45-93-9-31-48-67-55-28-69-13-8-3-85-18-87-84-49-35-64-5-52-36-96-72-66-91-98
Ta100x20,9,3,300,0.8875,0.025,5,2230905246,17000,6457,6358,5979,4.105811609,v2_avx512bw_vec32_exact_perm,37-89-60-50-95-63-90-15-80-94-62-41-59-16-81-43-74-19-78-21-47-68-88-10-4-42-97-56-26-65-30-77-14-33-75-82-17-61-79-38-12-7-44-39-46-54-48-76-58-25-73-86-34-2-31-92-99-20-57-9-11-84-93-23-64-24-13-49-27-22-36-1-71-69-28-51-40-3-83-70-53-6-66-55-29-45-8-32-35-96-18-87-85-100-67-52-91-5-72-98
Ta100x20,9,3,300,0.8875,0.025,6,2230906255,17000,6430,6358,5979,4.81166018,v2_avx512bw_vec32_exact_perm,42-81-88-43-15-41-89-68-60-78-65-59-47-62-16-94-80-54-20-13-50-46-21-63-95-77-90-86-4-57-37-51-74-30-79-22-75-44-12-23-2-97-26-33-11-25-7-84-38-10-76-19-92-34-1-58-64-61-66-6-27-39-24-82-71-28-14-70-8-55-56-69-29-99-17-9-53-40-67-85-93-49-18-83-32-3-45-48-100-31-36-72-52-73-87-96-35-5-91-98
Ta100x20,9,3,300,0.8875,0.025,7,2230907264,17000,6422,6358,5979,4.708937308,v2_avx512bw_vec32_exact_perm,42-81-43-7-63-95-78-15-41-50-80-62-21-89-60-46-90-47-79-61-59-68-88-20-33-16-51-54-19-30-65-97-45-26-12-2-23-82-77-38-84-76-17-94-25-55-37-86-74-10-40-58-27-44-24-73-11-75-1-92-83-70-100-22-56-39-14-29-85-67-32-3-57-99-66-6-64-8-69-49-48-9-35-4-13-36-96-53-34-18-28-5-93-31-71-52-87-72-91-98
Ta100x20,9,3,300,0.8875,0.025,8,2230908273,17000,6415,6358,5979,4.518809892,v2_avx512bw_vec32_exact_perm,42-88-43-41-50-15-89-62-80-65-90-59-95-16-47-57-77-21-33-7-60-97-78-46-63-30-86-12-4-37-14-74-56-58-38-79-55-64-82-94-26-25-68-23-10-73-11-20-84-31-6-81-19-34-61-51-92-76-27-39-1-71-24-83-54-22-9-69-29-70-2-75-53-99-40-87-35-28-45-3-36-13-8-96-66-44-17-85-93-18-32-100-48-67-5-52-49-72-91-98
Ta100x20,9,3,300,0.8875,0.025,9,2230909282,17000,6413,6358,5979,4.109909462,v2_avx512bw_vec32_exact_perm,42-43-15-41-60-74-80-88-94-62-50-78-37-59-63-95-19-47-90-16-12-30-46-79-61-39-14-51-21-33-70-65-83-77-57-75-4-86-54-84-56-2-22-24-38-97-26-23-89-68-44-99-66-92-76-7-64-20-34-81-58-6-10-17-8-25-73-11-13-32-29-40-27-1-3-53-82-45-71-55-100-93-69-87-85-36-31-28-9-35-96-5-52-48-67-49-18-72-91-98
Ta100x20,9,3,300,0.8875,0.025,10,2230910291,17000,6445,6358,5979,4.769297321,v2_avx512bw_vec32_exact_perm,15-78-42-81-41-50-7-16-43-46-62-68-89-60-97-37-79-10-95-84-77-80-88-44-47-54-25-63-73-61-22-65-59-23-26-76-74-90-56-86-4-12-38-24-17-21-30-19-58-6-34-11-75-69-28-51-53-100-2-33-40-13-94-20-1-27-39-3-82-14-57-71-31-8-9-83-92-32-66-55-18-99-64-85-70-52-67-36-45-93-35-87-5-49-29-48-96-72-91-98
Ta100x20,9,3,300,0.8875,0.05,1,2230901210,17000,6550,6358,5979,4.706363711,v2_avx512bw_vec32_exact_perm,37-81-63-43-62-15-41-95-61-50-60-88-80-79-47-51-74-24-42-89-90-94-19-20-22-16-65-78-23-54-17-70-2-75-77-7-33-46-59-12-10-97-21-14-30-4-58-26-1-68-92-56-82-86-99-38-45-73-44-39-71-6-57-25-27-76-34-32-11-29-9-84-64-36-31-53-69-83-87-3-100-85-66-93-40-8-13-28-49-35-96-48-55-67-52-5-18-72-91-98
Ta100x20,9,3,300,0.8875,0.05,2,2230902219,17000,6526,6358,5979,4.432340856,v2_avx512bw_vec32_exact_perm,15-78-50-43-42-81-41-88-97-74-89-60-47-62-45-95-80-37-7-90-23-12-16-46-10-63-19-77-83-79-65-38-39-87-57-54-59-75-4-68-76-22-30-86-61-94-84-13-48-51-58-73-27-33-21-71-2-40-26-8-20-82-17-56-9-36-1-70-99-6-34-53-24-11-14-92-49-3-32-100-25-35-29-67-44-18-55-69-28-66-93-64-31-85-52-96-5-91-72-98
Ta100x20,9,3,300,0.8875,0.05,3,2230903228,17000,6570,6358,5979,4.580536596,v2_avx512bw_vec32_exact_perm,48-95-89-62-78-16-43-81-15-80-94-63-60-41-47-97-90-77-19-75-61-24-73-42-68-65-64-46-38-54-82-74-84-37-79-14-30-50-12-59-22-6-21-56-20-51-10-4-39-13-7-76-34-27-71-33-11-23-2-86-25-28-93-57-31-26-40-58-29-92-1-17-9-67-3-44-70-85-66-69-83-100-99-8-49-45-53-88-36-87-55-18-32-91-96-35-5-52-72-98
Ta100x20,9,3,300,0.8875,0.05,4,2230904237,17000,6546,6358,5979,4.459097926,v2_avx512bw_vec32_exact_perm,81-15-37-63-42-24-60-41-74-43-16-7-80-47-62-61-97-96-68-95-30-78-12-75-2-21-89-10-65-4-46-79-90-33-50-73-87-26-57-27-58-56-59-86-82-77-51-54-76-25-38-14-71-19-28-45-39-23-55-22-69-20-83-92-11-94-34-35-1-6-49-29-17-53-40-84-67-88-85-8-3-66-100-9-44-31-70-99-36-93-13-18-32-5-52-64-48-72-91-98
Ta100x20,9,3,300,0.8875,0.05,5,2230905246,17000,6546,6358,5979,4.439474241,v2_avx512bw_vec32_exact_perm,37-81-15-89-84-43-19-94-78-7-63-46-42-60-74-47-62-65-95-56-77-90-16-41-6-50-80-92-4-10-58-86-97-25-2-33-12-51-59-61-79-14-26-21-68-71-27-76-55-30-13-24-83-38-57-88-17-44-39-20-67-23-11-75-54-73-22-40-32-66-45-8-85-49-99-70-36-93-9-31-28-64-69-35-82-3-100-53-34-29-87-18-52-1-5-48-96-72-91-98
Ta100x20,9,3,300,0.8875,0.05,6,2230906255,17000,6583,6358,5979,3.941969213,v2_avx512bw_vec32_exact_perm,42-81-50-15-41-43-60-78-80-88-74-63-95-20-59-89-22-24-16-19-90-76-7-21-62-47-97-61-38-65-33-75-17-77-46-12-2-79-13-4-28-68-30-39-82-94-86-25-73-10-64-35-71-8-57-56-23-87-3-11-84-58-83-26-34-53-44-27-40-14-37-92-9-69-1-49-55-54-85-29-93-31-99-67-6-70-51-18-36-32-45-100-96-52-5-48-91-72-66-98
Ta100x20,9,3,300,0.8875,0.05,7,2230907264,17000,6506,6358,5979,3.981020497,v2_avx512bw_vec32_exact_perm,37-60-62-50-81-63-15-43-12-95-41-97-89-80-4-90-86-94-33-56-79-74-2-75-38-65-7-57-78-47-59-96-30-46-61-24-19-54-84-77-58-42-51-14-76-27-55-68-25-21-44-71-64-20-11-39-23-82-40-17-10-6-18-36-16-70-29-73-13-34-53-3-99-31-49-22-32-52-87-100-85-8-67-1-92-83-9-69-35-28-93-88-5-48-45-26-72-66-91-98
Ta100x20,9,3,300,0.8875,0.05,8,2230908273,17000,6512,6358,5979,3.919754717,v2_avx512bw_vec32_exact_perm,42-81-43-15-89-62-16-60-41-50-59-46-63-80-95-47-21-19-90-74-38-88-30-86-7-33-78-56-65-61-87-84-39-83-13-94-12-4-37-79-68-54-26-58-17-10-24-82-25-22-2-44-53-51-29-76-97-75-34-66-6-20-57-71-92-77-70-100-14-45-27-23-73-3-8-64-11-32-85-99-40-93-1-28-96-35-9-36-67-69-55-52-49-31-18-48-5-91-72-98
Ta100x20,9,3,300,0.8875,0.05,9,2230909282,17000,6540,6358,5979,3.980997089,v2_avx512bw_vec32_exact_perm,81-43-7-78-41-88-50-15-42-59-95-74-62-47-60-89-97-21-90-80-26-65-12-33-20-54-75-19-46-63-16-4-73-30-94-61-58-79-38-76-2-37-84-68-17-24-11-25-56-14-10-71-40-77-51-70-86-92-6-22-57-3-1-27-83-34-29-44-87-23-39-8-64-82-53-55-66-49-18-69-99-32-28-35-96-9-85-93-31-48-45-36-67-52-13-100-5-91-72-98
Ta100x20,9,3,300,0.8875,0.05,10,2230910291,17000,6512,6358,5979,3.722292646,v2_avx512bw_vec32_exact_perm,42-81-43-89-63-15-41-16-60-74-59-78-21-47-94-62-45-80-88-33-50-90-95-37-19-46-30-12-20-7-2-75-79-61-38-84-65-56-76-34-39-14-71-54-77-6-1-68-10-24-51-97-4-26-25-86-22-29-58-55-44-99-23-11-57-40-82-70-18-73-67-27-92-3-35-28-13-49-69-53-100-87-36-83-8-31-9-32-17-85-93-48-96-72-52-64-66-5-91-98
Ta100x20,9,3,300,0.8875,0.075,1,2230901210,17000,6553,6358,5979,4.155071537,v2_avx512bw_vec32_exact_perm,42-81-43-15-89-16-41-60-62-50-78-12-95-80-97-38-90-86-37-63-68-21-46-4-24-57-47-19-94-11-33-79-65-84-74-75-54-51-61-22-92-26-59-73-76-14-7-10-56-20-49-82-27-53-28-2-25-1-71-30-64-77-3-88-34-58-55-23-70-40-66-29-17-39-83-93-99-45-44-13-100-67-69-36-32-35-31-8-9-6-85-52-18-87-5-48-96-72-91-98
Ta100x20,9,3,300,0.8875,0.075,2,2230902219,17000,6535,6358,5979,4.107662326,v2_avx512bw_vec32_exact_perm,15-81-43-63-42-75-41-46-97-50-89-60-80-7-62-37-88-38-24-47-68-90-30-17-95-21-4-19-58-54-26-84-2-94-78-20-79-56-59-16-33-11-23-74-22-27-25-86-92-14-61-82-39-73-76-34-57-70-65-77-83-99-51-12-6-3-1-28-40-53-67-100-29-13-45-55-85-9-10-8-32-31-71-36-64-69-18-52-35-87-49-93-66-44-48-96-5-91-72-98
Ta100x20,9,3,300,0.8875,0.075,3,2230903228,17000,6544,6358,5979,3.941673846,v2_avx512bw_vec32_exact_perm,42-81-15-37-41-60-74-75-95-50-11-43-62-21-90-65-47-7-80-16-77-88-4-10-97-51-33-89-79-94-87-26-68-59-76-44-54-24-84-78-56-61-20-38-17-39-58-19-23-63-30-25-12-2-82-14-1-55-71-86-70-73-92-27-22-34-66-32-99-9-46-53-49-8-40-100-45-29-6-3-57-67-69-83-31-36-28-13-96-48-35-93-64-5-52-85-18-72-91-98
Ta100x20,9,3,300,0.8875,0.075,4,2230904237,17000,6569,6358,5979,4.136384975,v2_avx512bw_vec32_exact_perm,42-81-37-89-43-16-88-62-47-63-90-97-95-41-12-50-15-65-21-77-60-94-99-64-54-79-46-80-4-24-68-84-38-10-74-2-56-17-75-59-33-76-7-11-30-58-22-86-23-34-6-73-45-14-27-3-51-26-57-20-67-28-39-1-40-19-44-70-13-8-83-55-71-25-53-61-35-92-100-78-82-93-31-36-9-49-32-69-66-85-18-29-87-52-48-96-5-72-91-98
Ta100x20,9,3,300,0.8875,0.075,5,2230905246,17000,6509,6358,5979,4.021392846,v2_avx512bw_vec32_exact_perm,81-15-78-41-50-89-43-88-60-42-80-95-62-47-12-7-90-33-79-46-63-21-64-38-97-94-34-65-10-68-16-24-30-73-56-4-58-2-19-75-61-59-20-74-26-82-70-51-86-44-54-23-11-14-92-22-77-27-3-84-76-71-55-25-13-40-99-69-8-37-1-57-6-39-17-85-29-93-87-36-32-49-100-18-67-5-28-31-53-83-45-52-9-48-96-35-91-72-66-98
Ta100x20,9,3,300,0.8875,0.075,6,2230906255,17000,6529,6358,5979,3.940582754,v2_avx512bw_vec32_exact_perm,81-43-15-62-50-41-88-97-26-65-47-90-74-80-13-95-21-63-60-33-46-4-19-77-94-16-17-30-92-89-86-38-54-39-56-24-79-78-7-20-2-22-71-70-84-59-68-23-45-83-42-73-51-1-14-58-61-49-25-37-55-76-82-27-10-3-64-12-69-40-11-9-29-53-34-87-8-28-99-85-18-93-57-75-52-6-31-67-36-32-44-100-48-96-35-5-91-72-66-98
Ta100x20,9,3,300,0.8875,0.075,7,2230907264,17000,6560,6358,5979,4.022938441,v2_avx512bw_vec32_exact_perm,42-81-43-41-50-15-47-59-62-88-89-6-60-94-90-74-16-46-30-19-84-68-95-78-4-80-37-33-21-24-2-12-25-63-38-65-75-26-10-97-17-56-40-39-54-58-82-34-44-71-77-1-55-23-79-51-14-27-61-99-45-66-22-86-7-29-76-28-73-49-13-64-53-9-70-8-83-57-11-93-69-96-32-35-36-20-3-92-87-85-100-18-31-48-67-72-52-5-91-98
Ta100x20,9,3,300,0.8875,0.075,8,2230908273,17000,6553,6358,5979,3.908932746,v2_avx512bw_vec32_exact_perm,42-81-15-80-50-89-88-90-59-37-43-46-74-47-60-63-79-41-94-95-70-19-16-21-7-65-75-33-34-4-53-82-68-61-97-38-3-99-51-26-17-76-24-62-10-92-20-64-56-2-25-86-11-77-78-54-23-84-49-22-9-30-58-44-66-69-14-73-12-87-27-13-40-83-8-36-39-32-57-6-31-45-96-85-52-28-48-93-1-71-55-67-35-18-100-29-5-91-72-98
Ta100x20,9,3,300,0.8875,0.075,9,2230909282,17000,6583,6358,5979,3.950892867,v2_avx512bw_vec32_exact_perm,42-81-65-15-95-80-75-78-7-41-50-43-74-60-34-46-90-24-62-88-47-97-37-79-21-68-51-4-30-19-57-38-12-92-89-44-16-22-55-77-96-76-84-17-10-59-61-23-39-87-54-27-26-86-58-1-71-56-2-33-94-20-11-25-82-45-69-6-29-31-3-52-83-9-14-66-40-49-53-63-70-85-8-28-73-67-36-32-64-35-93-99-18-13-48-100-5-91-72-98
Ta100x20,9,3,300,0.8875,0.075,10,2230910291,17000,6582,6358,5979,3.919265543,v2_avx512bw_vec32_exact_perm,42-81-37-43-16-95-88-20-89-78-60-15-7-41-59-46-4-12-80-79-54-62-74-30-65-47-90-21-75-97-26-76-68-82-94-2-56-19-51-39-84-38-22-33-50-86-10-6-70-25-73-63-24-58-61-44-32-77-17-92-11-27-3-13-40-71-14-23-99-100-64-36-93-35-28-83-9-8-55-45-69-66-57-29-31-85-87-48-49-53-96-52-67-1-18-34-5-91-72-98
Ta100x20,9,3,300,0.8875,0.1,1,2230901210,17000,6531,6358,5979,4.024838214,v2_avx512bw_vec32_exact_perm,42-81-43-88-97-41-47-89-15-60-16-62-80-21-94-63-78-24-46-50-54-95-33-79-2-92-51-30-77-86-45-90-61-39-7-75-17-37-19-84-59-20-74-82-12-23-71-68-55-10-76-4-38-13-34-9-22-65-26-14-1-83-53-40-27-56-57-73-11-3-58-70-44-18-49-64-99-8-36-67-93-66-28-25-32-6-31-100-85-69-35-29-87-48-96-72-52-5-91-98
Ta100x20,9,3,300,0.8875,0.1,2,2230902219,17000,6554,6358,5979,4.292942735,v2_avx512bw_vec32_exact_perm,42-81-43-41-88-15-89-62-60-16-80-19-50-5-46-21-74-75-90-33-95-97-20-63-86-78-25-94-12-26-2-59-54-51-4-24-65-38-10-68-47-77-56-44-30-17-14-73-9-11-39-7-79-34-83-57-76-92-45-58-6-82-23-61-29-70-27-84-71-13-53-55-3-37-69-64-36-100-22-1-8-99-49-40-31-93-85-67-28-18-32-87-52-35-48-96-91-72-66-98
Ta100x20,9,3,300,0.8875,0.1,3,2230903228,17000,6533,6358,5979,4.227123897,v2_avx512bw_vec32_exact_perm,42-81-15-62-88-43-41-74-79-89-78-60-59-94-80-12-63-33-20-61-13-16-10-75-7-95-65-90-37-46-84-19-97-4-77-47-23-22-51-68-54-14-57-30-17-6-21-40-26-87-39-29-38-50-69-86-73-2-27-58-34-56-82-24-9-44-55-93-32-71-3-35-76-31-83-28-96-11-53-45-25-64-36-8-99-70-49-92-100-1-85-18-48-52-67-5-91-72-66-98
Ta100x20,9,3,300,0.8875,0.1,4,2230904237,17000,6598,6358,5979,4.059966601,v2_avx512bw_vec32_exact_perm,42-81-88-50-15-78-16-43-73-89-62-21-77-80-46-41-65-4-12-94-30-63-79-10-97-95-47-90-58-26-11-33-55-60-84-92-86-68-54-24-51-44-59-61-38-17-19-56-82-20-75-22-7-87-39-29-57-66-70-69-37-6-14-71-27-76-74-32-25-23-2-64-34-53-5-36-99-93-18-13-8-83-28-85-67-45-3-40-31-100-1-52-49-9-35-48-96-91-72-98
Ta100x20,9,3,300,0.8875,0.1,5,2230905246,17000,6590,6358,5979,3.884270703,v2_avx512bw_vec32_exact_perm,37-89-88-43-78-63-90-47-50-2-15-10-80-94-62-95-41-60-24-79-65-97-30-27-12-70-22-23-61-46-74-42-75-54-4-58-19-76-51-84-56-81-55-33-16-21-38-17-59-73-6-64-26-82-92-66-39-14-7-83-13-86-71-57-77-25-11-34-85-3-44-35-87-28-29-8-68-49-31-100-32-18-20-53-36-99-93-69-1-9-45-52-67-40-5-48-96-72-91-98
Ta100x20,9,3,300,0.8875,0.1,6,2230906255,17000,6567,6358,5979,4.147941776,v2_avx512bw_vec32_exact_perm,42-81-88-50-43-63-41-97-62-15-89-19-94-65-26-84-90-47-80-54-95-76-56-59-44-79-78-13-46-16-24-39-60-57-30-3-31-33-75-12-4-21-61-64-38-82-68-22-25-53-10-73-77-51-7-86-11-23-6-28-69-14-2-34-58-74-83-55-37-17-40-99-45-66-29-27-36-93-87-32-1-9-8-35-49-92-71-70-20-100-85-18-96-48-52-67-91-5-72-98
Ta100x20,9,3,300,0.8875,0.1,7,2230907264,17000,6514,6358,5979,4.2726468,v2_avx512bw_vec32_exact_perm,42-81-43-89-88-15-78-74-41-51-63-75-21-50-60-33-46-61-80-12-95-62-2-19-20-90-68-24-65-38-10-16-4-7-59-54-17-77-57-23-6-92-40-47-34-94-84-86-39-79-97-28-76-11-70-56-44-30-9-27-14-58-64-55-83-31-29-53-26-37-82-22-25-99-3-32-8-36-13-69-49-66-73-93-100-45-18-1-85-71-87-52-67-72-48-96-35-5-91-98
Ta100x20,9,3,300,0.8875,0.1,8,2230908273,17000,6568,6358,5979,4.494988251,v2_avx512bw_vec32_exact_perm,42-50-81-43-65-88-78-37-94-60-7-16-80-15-41-62-74-95-97-89-63-79-90-46-54-47-24-17-21-33-38-68-92-40-77-64-20-4-12-61-76-57-82-84-39-30-27-3-19-59-58-49-86-71-10-23-11-75-31-34-22-70-6-25-28-2-53-26-29-45-83-14-51-1-56-9-69-93-85-55-8-44-99-66-87-13-52-67-18-32-73-100-36-96-48-35-72-5-91-98
Ta100x20,9,3,300,0.8875,0.1,9,2230909282,17000,6538,6358,5979,4.456522548,v2_avx512bw_vec32_exact_perm,42-81-50-43-15-41-79-89-90-65-78-95-88-94-62-7-75-33-2-47-57-63-80-97-26-19-46-54-21-59-12-30-73-74-82-68-60-17-61-23-10-16-38-92-77-58-4-20-11-27-86-40-24-84-3-99-22-64-6-34-56-31-28-69-76-85-14-39-71-36-37-25-87-93-18-100-44-13-53-29-1-70-51-67-83-55-45-49-8-32-48-96-5-35-52-9-72-66-91-98
Ta100x20,9,3,300,0.8875,0.1,10,2230910291,17000,6593,6358,5979,4.14290538,v2_avx512bw_vec32_exact_perm,42-43-89-81-88-47-15-16-41-95-90-54-62-79-75-26-20-97-78-61-60-65-33-7-13-12-46-30-51-4-19-68-94-39-83-21-63-38-40-17-56-77-57-44-80-24-8-6-11-34-74-71-76-55-2-23-59-58-14-27-92-86-70-1-28-69-82-50-64-3-22-29-25-9-53-85-10-73-49-37-93-31-32-99-45-18-87-48-84-52-35-67-96-36-100-5-91-72-66-98
Ta100x20,9,3,300,0.8875,0.125,1,2230901210,17000,6599,6358,5979,3.813931483,v2_avx512bw_vec32_exact_perm,37-50-43-15-2-81-41-62-7-80-42-95-59-63-12-46-23-47-82-38-19-88-74-16-60-97-78-54-24-22-21-17-68-75-44-61-56-4-94-30-26-55-65-14-76-51-89-10-79-39-73-33-70-71-25-87-77-86-99-40-84-27-57-34-58-1-3-66-49-69-29-20-6-8-64-53-11-83-90-45-52-28-67-9-36-31-85-93-32-100-92-13-18-5-48-96-72-35-91-98
Ta100x20,9,3,300,0.8875,0.125,2,2230902219,17000,6604,6358,5979,4.398459156,v2_avx512bw_vec32_exact_perm,15-81-78-34-43-88-89-97-41-50-62-16-80-65-95-60-42-63-30-77-46-79-75-61-86-57-74-25-51-38-20-54-3-94-76-90-4-47-17-33-7-2-19-10-44-59-99-68-21-31-40-37-39-24-1-64-55-82-26-12-83-56-28-53-58-36-84-70-14-29-49-8-87-27-35-92-32-9-22-45-23-93-13-69-71-5-6-67-100-85-11-52-73-18-48-96-91-72-66-98
Ta100x20,9,3,300,0.8875,0.125,3,2230903228,17000,6584,6358,5979,4.111065946,v2_avx512bw_vec32_exact_perm,42-81-43-88-50-41-80-15-75-97-44-57-89-26-60-29-12-51-78-95-33-65-90-6-24-68-61-63-58-94-74-46-16-30-19-4-20-100-83-25-47-62-79-2-21-64-10-99-13-38-1-84-7-77-85-76-23-73-11-34-40-87-56-70-71-27-86-54-28-3-22-53-8-39-59-18-49-69-17-93-14-92-55-37-36-31-32-82-45-9-67-48-5-52-96-35-91-72-66-98
Ta100x20,9,3,300,0.8875,0.125,4,2230904237,17000,6611,6358,5979,4.140942631,v2_avx512bw_vec32_exact_perm,37-89-62-81-78-42-15-12-74-95-65-60-51-43-90-47-41-21-77-24-80-97-16-46-19-59-2-84-86-94-76-38-10-63-7-57-73-17-61-79-82-58-30-54-6-26-33-83-22-75-53-29-34-4-56-23-88-100-13-31-32-14-11-20-71-68-25-44-39-28-92-66-55-87-70-27-64-3-99-50-85-93-35-40-45-49-48-8-67-69-36-1-18-9-52-96-5-72-91-98
Ta100x20,9,3,300,0.8875,0.125,5,2230905246,17000,6577,6358,5979,4.101549148,v2_avx512bw_vec32_exact_perm,15-81-41-89-60-80-88-43-62-50-42-74-63-19-94-95-55-47-16-65-30-46-58-21-78-33-27-3-26-57-90-4-13-51-86-10-75-73-11-61-66-97-14-44-77-79-82-9-23-68-34-99-84-17-37-24-38-56-22-39-2-12-35-20-87-76-92-40-49-1-64-85-29-28-6-54-59-8-67-70-69-25-93-31-71-32-36-100-45-48-96-53-52-83-18-5-7-72-91-98
Ta100x20,9,3,300,0.8875,0.125,6,2230906255,17000,6588,6358,5979,4.392208984,v2_avx512bw_vec32_exact_perm,42-81-15-80-89-4-62-65-24-43-41-55-7-60-16-19-58-46-28-12-95-22-47-78-61-88-51-94-33-26-63-20-97-54-30-79-10-17-77-14-1-92-75-84-59-68-73-86-90-39-82-87-56-49-50-2-25-13-34-21-74-100-9-32-71-69-38-57-31-85-27-40-76-44-23-11-36-3-8-99-96-18-83-35-6-37-70-29-53-45-64-93-48-67-91-5-52-72-66-98
Ta100x20,9,3,300,0.8875,0.125,7,2230907264,17000,6588,6358,5979,4.139016578,v2_avx512bw_vec32_exact_perm,42-81-88-43-15-65-92-89-62-97-37-16-80-94-41-7-50-46-60-47-61-74-95-76-51-30-24-90-83-75-2-79-33-32-68-63-22-21-25-86-55-4-54-23-26-59-45-69-11-38-27-19-12-44-39-78-1-57-10-3-64-99-56-71-40-14-18-77-36-13-67-82-6-28-34-8-84-73-100-53-17-29-58-85-20-9-31-70-96-49-35-52-87-91-93-48-5-72-66-98
Ta100x20,9,3,300,0.8875,0.125,8,2230908273,17000,6548,6358,5979,4.270787445,v2_avx512bw_vec32_exact_perm,81-15-16-74-80-88-41-78-7-43-42-46-63-90-59-65-62-17-37-95-47-30-19-38-94-44-12-10-51-79-33-61-34-21-77-84-25-31-97-60-87-100-6-50-20-26-68-23-73-54-89-86-82-56-39-75-27-76-55-92-2-71-1-24-85-70-29-11-32-22-3-57-4-58-18-83-14-49-69-28-53-64-9-35-8-99-40-13-67-45-52-36-93-66-48-96-5-91-72-98
Ta100x20,9,3,300,0.8875,0.125,9,2230909282,17000,6573,6358,5979,4.34127583,v2_avx512bw_vec32_exact_perm,42-37-78-81-15-89-43-60-74-46-25-63-41-88-79-61-90-80-16-95-7-50-38-77-65-6-47-59-10-21-4-56-83-19-94-1-2-75-58-86-68-39-51-28-26-12-24-54-73-14-97-71-11-3-17-82-22-33-70-84-76-13-92-85-34-57-8-40-64-99-49-30-93-20-87-55-31-67-32-18-23-27-36-62-69-53-29-44-45-100-9-48-35-96-52-5-91-72-66-98
Ta100x20,9,3,300,0.8875,0.125,10,2230910291,17000,6630,6358,5979,4.035118045,v2_avx512bw_vec32_exact_perm,81-78-60-37-2-7-80-63-43-5-62-95-88-57-44-34-79-17-97-12-50-77-89-90-51-21-38-4-41-47-76-13-42-58-10-19-49-65-59-94-27-73-86-68-45-30-75-61-15-33-11-25-23-46-84-3-16-74-82-83-22-20-54-24-56-39-70-8-6-14-1-92-71-99-64-32-40-93-53-67-28-100-85-26-69-31-36-52-87-18-55-66-9-29-96-35-48-72-91-98
Ta100x20,9,3,300,0.925,0.025,1,2230901210,17000,6513,6358,5979,4.000141443,v2_avx512bw_vec32_exact_perm,42-81-43-15-63-95-62-74-80-60-50-41-78-45-59-46-12-37-89-4-79-47-39-13-16-21-19-11-97-90-23-84-94-38-56-30-58-44-26-51-3-25-86-2-22-68-65-77-61-82-7-33-10-75-76-17-24-31-40-27-54-73-1-20-9-6-67-29-57-14-34-71-92-28-18-100-53-69-36-83-87-99-49-93-32-64-66-55-8-88-85-52-70-48-96-72-5-35-91-98
Ta100x20,9,3,300,0.925,0.025,2,2230902219,17000,6448,6358,5979,3.97872701,v2_avx512bw_vec32_exact_perm,81-43-15-41-24-60-89-16-62-97-96-74-80-21-47-90-37-59-95-54-78-46-63-65-77-30-17-19-38-55-4-75-10-86-94-33-14-20-7-23-61-51-2-22-73-56-42-50-68-40-79-26-57-82-39-83-12-71-28-25-66-76-88-1-6-58-64-3-27-34-69-11-53-49-36-70-29-31-84-87-93-35-92-44-32-100-9-99-13-85-8-45-48-5-67-52-18-72-91-98
Ta100x20,9,3,300,0.925,0.025,3,2230903228,17000,6555,6358,5979,4.196460359,v2_avx512bw_vec32_exact_perm,42-81-43-62-15-41-89-96-60-59-47-61-74-65-90-50-78-46-95-19-21-88-4-77-7-38-33-63-54-79-6-16-10-82-39-56-2-97-94-76-71-68-12-75-11-25-73-1-84-24-58-27-37-23-34-20-57-22-83-40-26-17-55-30-99-3-14-87-92-29-70-49-85-100-8-80-86-28-13-9-51-69-18-36-53-45-44-31-93-67-32-48-64-35-52-5-91-72-66-98
Ta100x20,9,3,300,0.925,0.025,4,2230904237,17000,6570,6358,5979,4.050010889,v2_avx512bw_vec32_exact_perm,37-50-15-89-62-95-16-90-88-41-43-78-63-79-80-54-46-24-51-42-81-19-60-21-84-47-77-97-94-61-38-4-86-76-7-20-3-17-59-12-2-58-56-26-68-33-22-40-73-27-14-10-11-44-65-39-23-83-57-25-32-69-34-1-71-30-18-53-9-75-74-82-99-100-48-13-67-45-49-35-29-6-8-36-92-70-87-28-31-55-93-64-66-85-52-96-5-91-72-98
Ta100x20,9,3,300,0.925,0.025,5,2230905246,17000,6555,6358,5979,3.94314391,v2_avx512bw_vec32_exact_perm,37-50-62-43-89-15-60-16-19-47-41-81-56-74-96-38-7-68-12-46-65-80-79-95-2-97-94-90-30-21-55-84-51-63-26-59-44-76-54-42-14-25-78-49-24-88-20-3-58-57-4-77-61-10-75-82-27-33-23-86-22-11-39-40-73-34-17-70-1-71-92-32-9-35-53-29-83-18-45-69-28-52-99-31-36-64-8-13-6-67-85-93-48-87-100-5-91-72-66-98
Ta100x20,9,3,300,0.925,0.025,6,2230906255,17000,6547,6358,5979,4.149908517,v2_avx512bw_vec32_exact_perm,42-81-43-89-62-60-74-80-88-41-56-50-15-90-96-7-79-16-66-95-10-75-61-65-33-47-38-4-55-59-2-46-97-54-21-44-78-40-30-63-77-14-12-73-23-11-57-22-24-51-64-71-3-70-94-39-83-58-68-37-76-25-27-19-86-84-8-6-34-87-85-20-99-26-17-92-93-28-35-9-13-29-82-53-31-32-69-49-100-36-45-52-1-48-67-18-5-91-72-98
Ta100x20,9,3,300,0.925,0.025,7,2230907264,17000,6484,6358,5979,4.29654257,v2_avx512bw_vec32_exact_perm,88-78-15-42-89-43-90-74-7-41-60-80-95-16-50-21-47-62-81-37-63-79-97-46-54-77-23-2-19-4-17-12-30-20-75-61-76-94-86-26-65-82-39-25-56-68-33-10-44-3-51-55-24-22-67-38-99-27-59-40-57-1-11-73-83-92-28-34-49-13-8-64-84-58-9-35-6-69-29-53-100-45-36-14-18-71-32-48-93-31-85-87-70-52-96-5-91-72-66-98
Ta100x20,9,3,300,0.925,0.025,8,2230908273,17000,6513,6358,5979,4.204919192,v2_avx512bw_vec32_exact_perm,81-43-50-15-63-41-60-74-65-90-59-80-37-16-97-57-89-62-95-22-4-78-75-21-33-51-7-2-30-19-79-46-12-42-77-82-86-69-54-38-44-47-56-17-39-68-94-11-23-6-20-92-10-84-70-14-61-8-99-26-40-88-3-58-49-24-1-34-29-32-73-31-53-100-48-85-76-45-25-27-36-64-71-13-9-83-52-67-87-28-93-66-96-55-72-35-18-5-91-98
Ta100x20,9,3,300,0.925,0.025,9,2230909282,17000,6463,6358,5979,4.137964377,v2_avx512bw_vec32_exact_perm,42-81-43-7-41-15-16-62-50-95-80-78-21-74-63-60-46-33-19-97-89-84-79-94-39-2-88-47-24-90-20-59-17-55-77-37-86-73-65-38-30-51-56-14-10-4-68-11-75-44-12-23-58-61-76-22-54-45-100-25-26-71-27-1-40-87-53-13-36-29-34-48-69-35-6-3-67-82-93-99-28-57-9-31-8-85-49-70-92-83-18-32-96-64-52-5-91-72-66-98
Ta100x20,9,3,300,0.925,0.025,10,2230910291,17000,6473,6358,5979,4.312923256,v2_avx512bw_vec32_exact_perm,42-81-15-78-74-43-88-41-59-47-46-63-62-50-90-80-21-7-95-30-16-19-86-54-4-60-79-17-97-94-77-37-33-76-89-12-14-75-51-2-56-38-70-24-69-61-6-65-44-39-22-10-23-83-20-34-73-11-67-57-3-58-40-92-27-25-26-82-1-31-55-68-49-99-8-28-100-13-9-53-85-93-84-64-35-29-71-5-18-87-36-32-45-52-48-96-72-66-91-98
Ta100x20,9,3,300,0.925,0.05,1,2230901210,17000,6596,6358,5979,4.159975584,v2_avx512bw_vec32_exact_perm,37-95-50-43-65-41-47-78-81-7-62-80-63-46-12-42-87-59-15-86-90-21-60-76-97-89-77-88-6-58-57-83-4-19-13-99-30-38-26-56-74-51-44-48-14-24-33-39-79-16-94-2-68-75-23-10-17-82-54-61-49-22-40-45-71-25-36-34-1-3-93-53-64-67-84-92-28-69-11-20-73-9-27-8-85-70-29-31-32-18-55-66-96-35-100-52-5-91-72-98
Ta100x20,9,3,300,0.925,0.05,2,2230902219,17000,6551,6358,5979,4.332338923,v2_avx512bw_vec32_exact_perm,37-81-88-43-74-7-60-41-15-80-16-62-19-50-46-63-21-59-90-73-89-97-95-78-2-42-47-54-24-38-82-39-61-30-79-4-77-12-75-76-6-65-84-57-26-51-94-68-25-23-11-33-85-49-22-3-14-1-99-17-34-67-92-40-10-20-56-8-13-100-35-36-70-9-44-58-71-27-55-87-83-69-53-31-29-93-45-28-86-18-32-96-48-64-72-66-52-5-91-98
Ta100x20,9,3,300,0.925,0.05,3,2230903228,17000,6541,6358,5979,4.169877821,v2_avx512bw_vec32_exact_perm,42-81-43-15-62-50-88-41-97-47-89-90-95-65-94-63-59-80-33-44-37-74-2-21-70-7-60-76-75-12-54-46-77-4-92-30-17-19-13-83-26-34-10-57-79-51-39-86-29-6-55-38-16-73-58-11-24-56-40-66-3-87-14-84-61-27-22-67-23-25-28-45-71-36-78-69-32-20-53-68-49-9-82-99-100-8-64-52-1-31-48-96-35-85-93-18-72-5-91-98
Ta100x20,9,3,300,0.925,0.05,4,2230904237,17000,6586,6358,5979,4.585566664,v2_avx512bw_vec32_exact_perm,42-81-43-50-88-41-97-95-47-62-78-89-90-33-15-80-94-60-7-56-12-63-10-79-46-65-84-30-2-59-20-3-16-19-25-77-45-61-75-38-48-39-86-51-70-23-14-21-22-74-82-73-57-68-71-92-34-9-54-44-83-69-17-53-24-4-26-11-66-6-76-40-55-99-13-36-31-27-8-37-32-29-58-87-49-35-52-64-96-28-1-93-67-85-100-18-5-72-91-98
Ta100x20,9,3,300,0.925,0.05,5,2230905246,17000,6545,6358,5979,4.307856848,v2_avx512bw_vec32_exact_perm,42-81-78-16-59-89-88-41-7-80-65-90-15-37-43-50-12-58-19-4-95-79-61-62-47-75-60-10-17-77-33-46-29-40-97-55-54-2-82-13-44-39-23-74-21-26-56-84-70-63-76-94-14-28-38-86-22-71-24-25-11-73-34-53-51-31-30-20-6-8-99-68-87-27-93-85-18-45-9-57-3-36-32-64-49-69-92-48-67-52-35-1-96-83-100-5-91-72-66-98
Ta100x20,9,3,300,0.925,0.05,6,2230906255,17000,6593,6358,5979,4.259621889,v2_avx512bw_vec32_exact_perm,42-81-15-78-89-62-88-95-60-16-41-97-33-50-24-80-63-46-37-10-40-43-79-30-12-84-51-77-7-90-17-61-54-19-59-26-82-23-65-99-38-86-4-94-34-6-58-68-47-74-14-21-3-55-2-92-27-22-20-83-39-57-96-56-1-70-64-76-75-36-53-11-73-8-35-13-28-49-45-71-25-93-32-9-29-67-44-69-85-100-48-31-52-66-87-5-18-72-91-98
Ta100x20,9,3,300,0.925,0.05,7,2230907264,17000,6572,6358,5979,4.017602372,v2_avx512bw_vec32_exact_perm,15-81-88-43-80-7-24-42-60-16-12-46-78-62-74-95-41-59-63-73-51-90-21-37-47-89-34-79-39-57-10-44-75-58-61-4-65-20-97-48-77-19-22-33-27-54-38-25-2-68-82-23-71-17-76-50-64-55-92-45-26-70-36-56-86-84-40-49-35-53-9-3-11-14-30-8-94-6-83-29-1-99-67-93-18-28-13-69-31-32-87-100-52-85-96-5-91-72-66-98
Ta100x20,9,3,300,0.925,0.05,8,2230908273,17000,6524,6358,5979,4.642191618,v2_avx512bw_vec32_exact_perm,81-15-78-42-50-88-41-74-43-62-97-95-63-60-46-89-58-19-84-24-61-47-77-94-4-90-80-21-86-37-39-82-79-75-87-33-56-16-11-54-45-25-38-2-65-30-34-59-76-20-12-13-68-44-6-3-51-14-99-27-10-26-23-55-73-49-29-57-22-83-8-66-64-69-35-93-1-92-71-32-18-7-17-53-40-100-36-28-70-67-9-85-31-5-52-48-96-72-91-98
Ta100x20,9,3,300,0.925,0.05,9,2230909282,17000,6533,6358,5979,4.084590893,v2_avx512bw_vec32_exact_perm,15-81-89-60-62-43-50-63-65-95-47-42-46-77-78-41-97-88-90-80-79-54-24-68-16-10-21-92-51-20-17-61-94-76-30-74-75-6-26-13-29-33-7-37-44-59-12-2-58-57-82-4-39-38-83-11-19-86-28-27-14-71-25-69-40-34-73-70-23-9-56-85-8-22-87-99-93-84-18-53-32-45-49-35-3-64-36-100-96-1-48-67-55-52-31-5-91-72-66-98
Ta100x20,9,3,300,0.925,0.05,10,2230910291,17000,6554,6358,5979,4.425374675,v2_avx512bw_vec32_exact_perm,42-81-43-89-62-88-97-60-37-94-47-41-50-95-15-63-79-80-74-10-23-84-26-17-12-59-46-54-78-68-65-19-4-38-90-21-86-30-33-61-29-58-77-82-2-20-75-22-73-24-16-51-99-34-39-6-32-25-57-44-40-11-92-56-49-100-27-87-66-53-7-76-3-48-31-9-83-70-14-93-71-64-69-85-55-45-67-28-8-13-52-35-36-1-96-72-18-5-91-98
Ta100x20,9,3,300,0.925,0.075,1,2230901210,17000,6590,6358,5979,4.420578644,v2_avx512bw_vec32_exact_perm,42-81-37-88-43-74-15-89-16-75-80-2-62-95-94-78-47-97-90-54-63-39-79-10-60-50-21-46-30-7-19-59-41-25-51-38-13-73-77-20-44-24-68-33-12-61-65-17-82-40-26-57-4-83-86-56-76-14-11-84-3-99-58-70-23-22-8-71-69-34-49-36-32-18-6-27-53-29-31-45-9-85-100-55-92-1-93-35-87-28-66-48-67-96-64-52-5-91-72-98
Ta100x20,9,3,300,0.925,0.075,2,2230902219,17000,6576,6358,5979,4.494292302,v2_avx512bw_vec32_exact_perm,81-63-42-41-75-46-88-7-16-94-15-80-43-37-90-12-47-62-20-77-39-78-95-49-10-24-73-65-27-33-45-21-2-30-74-25-60-61-19-38-84-83-68-23-54-97-92-89-26-51-82-17-79-22-59-87-56-40-58-6-55-86-4-11-29-71-76-32-1-34-14-3-50-44-99-57-100-9-31-85-13-36-93-69-35-28-48-18-67-64-8-70-53-91-96-5-52-72-66-98
Ta100x20,9,3,300,0.925,0.075,3,2230903228,17000,6579,6358,5979,4.131875986,v2_avx512bw_vec32_exact_perm,81-43-88-50-2-41-97-15-51-89-90-16-19-95-62-46-63-61-60-59-30-48-73-86-58-4-26-47-12-21-77-80-65-94-10-87-33-76-75-54-83-68-45-38-22-39-56-82-11-13-7-79-20-3-25-44-70-23-99-93-71-49-17-74-84-100-24-27-14-6-57-69-29-37-55-42-1-67-96-40-8-78-53-36-28-64-66-35-9-34-85-92-32-52-31-72-18-5-91-98
Ta100x20,9,3,300,0.925,0.075,4,2230904237,17000,6599,6358,5979,4.293382107,v2_avx512bw_vec32_exact_perm,42-81-50-43-78-41-97-89-88-7-95-80-37-47-44-63-60-90-59-62-46-10-68-57-20-75-65-51-19-61-26-33-12-21-30-17-94-79-2-77-82-56-38-14-4-23-22-34-73-39-11-86-25-92-40-84-76-15-16-3-6-54-1-53-58-55-83-74-31-71-27-70-69-36-100-49-9-24-66-93-29-32-99-35-8-5-85-18-28-64-87-52-13-45-48-67-96-72-91-98
Ta100x20,9,3,300,0.925,0.075,5,2230905246,17000,6606,6358,5979,4.277380071,v2_avx512bw_vec32_exact_perm,42-81-88-15-60-78-80-97-41-7-95-50-90-51-89-47-46-62-12-43-70-21-20-94-84-59-38-61-75-68-11-19-4-33-24-16-63-73-56-30-64-79-74-10-58-23-86-96-6-27-65-34-2-49-22-55-39-85-29-37-40-54-77-57-26-82-1-17-76-99-53-8-66-25-48-44-14-35-69-92-87-83-71-31-3-5-28-36-18-32-67-93-100-13-45-52-72-9-91-98
Ta100x20,9,3,300,0.925,0.075,6,2230906255,17000,6561,6358,5979,4.034362381,v2_avx512bw_vec32_exact_perm,42-81-78-89-62-88-97-60-63-46-15-43-95-41-21-80-74-37-47-90-16-12-30-65-38-19-44-94-7-77-75-11-83-57-69-39-10-79-59-48-17-55-76-68-51-71-82-33-25-70-92-14-13-20-27-45-2-61-85-23-3-22-64-4-86-54-26-58-6-8-49-56-50-28-40-53-36-31-93-24-87-34-1-18-67-9-99-84-35-73-29-32-100-96-52-91-5-72-66-98
Ta100x20,9,3,300,0.925,0.075,7,2230907264,17000,6600,6358,5979,3.833243706,v2_avx512bw_vec32_exact_perm,42-81-43-89-88-60-15-80-63-95-2-78-97-62-41-59-37-6-24-94-12-54-23-74-47-82-38-7-90-79-77-19-53-51-16-76-4-21-68-17-34-99-64-65-8-25-10-46-55-96-22-11-33-39-92-56-1-86-26-30-75-57-13-58-71-20-36-27-87-83-50-44-3-70-14-61-49-69-67-66-73-40-85-29-28-93-35-32-9-84-31-18-45-100-48-52-72-91-5-98
Ta100x20,9,3,300,0.925,0.075,8,2230908273,17000,6564,6358,5979,3.80604514,v2_avx512bw_vec32_exact_perm,42-81-15-62-43-41-7-16-50-80-64-59-88-60-33-95-90-47-37-12-46-30-39-21-63-78-79-86-89-61-94-77-10-40-71-65-70-76-68-83-58-17-75-57-54-20-92-38-51-19-74-4-97-69-2-34-22-44-84-3-23-11-25-82-100-24-53-6-93-28-99-56-26-27-29-13-1-14-73-55-31-32-9-8-85-49-18-48-67-45-52-87-36-72-96-5-35-91-66-98
Ta100x20,9,3,300,0.925,0.075,9,2230909282,17000,6610,6358,5979,3.878865842,v2_avx512bw_vec32_exact_perm,42-81-43-88-62-50-15-97-2-89-12-90-58-95-47-63-20-78-6-4-41-64-80-94-54-76-77-60-61-39-46-86-65-59-44-21-70-74-23-34-17-33-19-84-16-26-25-56-30-82-22-38-10-75-9-57-79-51-73-53-11-37-7-24-31-27-14-36-13-3-71-69-83-29-32-68-40-45-49-28-18-96-99-55-8-93-35-100-92-67-85-1-48-5-52-87-91-72-66-98
Ta100x20,9,3,300,0.925,0.075,10,2230910291,17000,6579,6358,5979,3.99776786,v2_avx512bw_vec32_exact_perm,81-43-15-78-50-80-65-34-95-41-88-47-7-94-62-97-60-42-63-75-33-12-46-90-89-10-20-14-56-19-51-77-30-59-16-76-21-74-2-79-54-17-4-83-86-82-38-68-92-39-25-11-44-22-23-1-73-57-55-71-58-40-26-37-27-93-66-13-32-31-28-9-36-3-69-99-24-61-64-49-84-18-67-29-53-85-70-6-8-100-45-87-52-48-96-35-5-91-72-98
Ta100x20,9,3,300,0.925,0.1,1,2230901210,17000,6607,6358,5979,3.98165582,v2_avx512bw_vec32_exact_perm,42-81-7-41-43-62-65-63-90-59-16-48-40-89-47-95-2-74-78-24-80-17-94-53-21-15-77-84-56-12-38-46-60-68-75-76-54-51-27-50-37-10-86-61-13-4-33-19-67-73-88-23-20-30-71-22-79-11-34-97-82-58-100-26-25-99-57-3-45-69-49-36-39-35-1-87-83-92-8-44-31-9-18-55-29-14-6-28-85-96-32-66-93-70-64-52-5-91-72-98
Ta100x20,9,3,300,0.925,0.1,2,2230902219,17000,6611,6358,5979,4.093442029,v2_avx512bw_vec32_exact_perm,42-81-43-15-88-74-60-78-50-80-95-41-34-47-65-75-20-28-97-62-12-46-63-90-21-59-89-38-25-86-61-30-17-19-4-33-16-13-37-54-77-2-1-76-58-79-11-39-49-51-92-6-14-57-82-23-94-27-10-67-55-73-40-26-22-7-70-85-31-3-69-68-71-56-24-8-99-9-84-93-83-96-100-36-44-45-53-87-35-29-5-48-18-32-91-64-52-72-66-98
Ta100x20,9,3,300,0.925,0.1,3,2230903228,17000,6651,6358,5979,3.955868494,v2_avx512bw_vec32_exact_perm,81-78-42-50-15-41-89-43-7-62-80-16-60-20-79-88-46-17-90-95-59-63-61-10-93-65-33-30-75-56-58-2-97-19-94-74-38-4-57-40-70-23-47-39-37-25-68-83-44-54-24-12-51-1-66-26-8-21-69-11-86-77-45-84-9-92-28-49-82-53-22-27-87-36-13-67-3-14-73-99-6-64-35-31-52-55-34-85-71-29-76-32-5-96-18-48-100-72-91-98
Ta100x20,9,3,300,0.925,0.1,4,2230904237,17000,6590,6358,5979,3.994111144,v2_avx512bw_vec32_exact_perm,42-81-43-89-88-62-60-97-15-50-80-95-41-90-16-46-47-21-33-7-63-19-77-44-75-38-65-26-64-94-61-51-79-68-54-82-20-39-10-57-86-70-48-6-73-34-58-4-56-74-12-14-92-83-30-17-22-11-3-23-27-76-8-25-2-87-55-45-59-93-69-1-71-49-24-40-85-84-18-31-53-28-29-32-37-35-67-78-36-9-99-96-13-100-52-5-91-72-66-98
Ta100x20,9,3,300,0.925,0.1,5,2230905246,17000,6583,6358,5979,4.180161088,v2_avx512bw_vec32_exact_perm,81-43-88-50-16-15-41-95-62-4-89-21-47-80-19-54-60-97-78-68-51-2-42-59-45-26-94-39-86-33-46-90-65-30-24-61-83-63-75-76-82-10-37-7-70-79-6-77-99-12-22-38-25-23-27-52-44-74-14-17-53-34-11-56-8-73-92-36-31-84-87-3-55-58-32-40-64-93-29-1-20-67-28-96-35-9-71-13-57-100-85-69-18-48-49-5-91-72-66-98
Ta100x20,9,3,300,0.925,0.1,6,2230906255,17000,6588,6358,5979,3.907162208,v2_avx512bw_vec32_exact_perm,81-43-88-74-15-75-41-42-78-97-95-60-80-89-63-21-30-90-37-62-46-4-12-79-77-16-76-47-11-55-94-10-23-19-13-84-54-65-44-27-38-22-57-29-20-26-68-73-39-1-40-17-86-99-7-33-64-3-2-50-58-25-70-56-96-8-92-49-61-35-53-83-51-59-45-9-28-14-36-69-32-31-18-6-100-82-67-24-93-85-52-71-72-87-48-34-66-5-91-98
Ta100x20,9,3,300,0.925,0.1,7,2230907264,17000,6582,6358,5979,4.235637063,v2_avx512bw_vec32_exact_perm,42-43-81-41-88-15-62-78-65-63-80-90-74-16-33-95-54-17-60-79-46-61-7-59-47-26-21-75-37-30-51-84-77-86-24-68-4-10-89-25-76-71-19-94-27-23-14-3-44-11-70-49-69-12-20-92-34-1-50-32-2-56-8-36-39-97-57-9-38-82-40-29-55-31-64-58-6-18-85-73-28-87-99-22-53-93-83-100-45-48-13-96-35-52-67-5-91-72-66-98
Ta100x20,9,3,300,0.925,0.1,8,2230908273,17000,6614,6358,5979,4.084673086,v2_avx512bw_vec32_exact_perm,37-89-43-42-81-62-60-94-63-80-95-74-75-10-16-77-15-47-19-50-84-97-7-90-78-65-56-41-68-38-33-79-17-51-46-30-21-26-58-1-82-12-22-4-40-14-73-86-39-61-20-3-54-92-27-44-87-2-64-99-25-69-9-59-57-76-67-66-45-55-36-49-71-70-23-11-34-24-8-32-53-28-29-93-31-88-85-52-18-100-6-5-83-13-35-96-48-72-91-98
Ta100x20,9,3,300,0.925,0.1,9,2230909282,17000,6558,6358,5979,4.039264151,v2_avx512bw_vec32_exact_perm,42-81-43-89-88-60-78-41-50-59-15-33-75-94-80-90-46-63-56-47-74-95-62-86-38-25-12-4-34-79-69-97-65-61-68-6-37-55-16-92-20-30-24-49-51-1-19-17-22-76-54-84-77-21-26-82-39-40-73-71-11-10-87-53-8-27-70-83-31-28-3-13-2-58-7-44-14-99-64-48-18-85-93-45-57-29-67-23-36-32-9-100-96-35-52-91-5-72-66-98
Ta100x20,9,3,300,0.925,0.1,10,2230910291,17000,6607,6358,5979,3.993562096,v2_avx512bw_vec32_exact_perm,37-95-43-81-62-60-24-41-47-15-89-80-94-50-65-88-90-17-42-33-21-78-7-75-38-61-74-66-73-4-39-12-46-25-20-51-10-19-82-14-6-77-2-97-54-68-84-16-56-30-86-11-23-22-59-44-79-49-58-63-26-76-57-34-29-27-70-53-32-69-9-92-99-64-83-40-8-13-93-35-71-85-3-1-87-28-100-31-36-67-55-96-48-45-52-5-18-72-91-98
Ta100x20,9,3,300,0.925,0.125,1,2230901210,17000,6558,6358,5979,4.020424801,v2_avx512bw_vec32_exact_perm,81-43-88-15-62-89-41-80-16-60-97-33-21-7-2-78-42-19-50-73-94-47-63-51-90-95-74-54-59-79-46-61-65-77-1-44-84-10-38-75-23-37-30-68-12-87-9-11-25-86-27-57-4-34-20-39-92-71-70-76-24-83-99-22-82-93-17-32-56-18-55-58-6-26-67-53-3-40-28-13-14-31-100-69-36-8-35-49-45-29-85-48-96-5-52-64-72-66-91-98
Ta100x20,9,3,300,0.925,0.125,2,2230902219,17000,6579,6358,5979,4.30520111,v2_avx512bw_vec32_exact_perm,42-81-43-7-62-15-41-16-95-37-89-94-82-47-61-77-60-20-65-22-90-44-50-12-80-78-21-74-38-24-88-97-19-79-68-75-33-84-17-46-4-30-51-10-9-55-26-59-57-54-63-40-71-14-23-70-99-58-76-2-85-64-39-11-25-93-73-49-36-8-53-69-56-3-31-27-28-34-86-92-13-18-35-96-6-32-100-83-29-87-52-1-45-48-67-5-91-72-66-98
Ta100x20,9,3,300,0.925,0.125,3,2230903228,17000,6551,6358,5979,4.1990487,v2_avx512bw_vec32_exact_perm,42-81-43-41-24-15-95-78-60-47-74-80-88-94-63-97-79-90-59-62-12-38-7-84-46-16-33-50-21-19-39-75-44-56-30-37-51-68-17-57-65-2-26-86-99-40-23-22-54-14-4-83-76-69-3-58-61-55-87-82-20-27-89-45-9-77-71-1-29-64-34-85-92-25-11-36-8-32-6-18-13-49-10-48-93-67-70-53-100-5-52-73-31-28-96-91-35-72-66-98
Ta100x20,9,3,300,0.925,0.125,4,2230904237,17000,6578,6358,5979,4.10229359,v2_avx512bw_vec32_exact_perm,42-81-43-89-88-7-15-41-62-16-97-60-80-20-94-19-50-37-46-63-75-74-95-78-47-79-30-54-90-12-92-65-26-59-4-39-86-33-61-57-71-58-27-11-21-73-70-76-82-68-56-2-23-10-6-64-84-1-77-34-13-38-51-66-17-14-29-22-24-55-44-25-40-8-99-3-35-69-87-28-93-49-45-96-83-53-31-85-9-52-67-32-18-36-48-100-5-91-72-98
Ta100x20,9,3,300,0.925,0.125,5,2230905246,17000,6599,6358,5979,4.40998282,v2_avx512bw_vec32_exact_perm,42-81-41-50-78-95-15-79-88-7-37-62-65-16-80-30-89-46-94-12-60-47-19-43-25-68-21-63-4-90-10-39-23-51-22-6-59-97-27-44-77-34-83-58-26-33-75-73-86-11-20-57-74-99-76-2-17-56-82-54-61-3-40-24-53-92-32-71-100-49-1-69-28-29-38-87-85-18-14-13-84-45-93-64-35-8-9-70-96-55-31-36-48-67-52-5-91-72-66-98
Ta100x20,9,3,300,0.925,0.125,6,2230906255,17000,6536,6358,5979,4.571477473,v2_avx512bw_vec32_exact_perm,42-81-88-43-41-50-47-62-89-90-15-16-95-63-33-97-10-79-60-78-34-21-12-7-74-25-4-80-19-38-65-46-13-54-2-20-75-57-84-77-71-24-30-73-59-44-56-51-96-68-27-39-86-6-76-26-61-58-40-94-70-83-92-1-23-17-11-82-69-87-3-85-28-31-45-55-36-93-100-18-49-53-37-22-32-9-14-99-8-29-5-64-52-35-48-67-72-66-91-98
Ta100x20,9,3,300,0.925,0.125,7,2230907264,17000,6574,6358,5979,4.298312561,v2_avx512bw_vec32_exact_perm,42-81-16-7-46-50-15-63-43-88-95-77-41-62-60-48-21-94-47-80-33-90-89-79-51-84-74-59-2-56-58-25-26-65-73-40-39-61-14-13-17-54-38-68-30-23-3-97-86-29-78-69-4-1-44-11-19-67-10-12-83-20-92-75-24-18-57-87-22-49-82-32-53-6-34-28-99-76-37-31-27-100-85-64-8-36-70-9-35-71-66-55-45-93-96-72-52-5-91-98
Ta100x20,9,3,300,0.925,0.125,8,2230908273,17000,6603,6358,5979,4.246644136,v2_avx512bw_vec32_exact_perm,43-81-15-89-41-42-16-51-47-62-94-97-78-54-24-46-7-4-76-22-60-74-95-80-38-33-75-21-88-90-64-37-50-77-30-17-63-10-73-56-12-19-84-82-68-23-61-79-26-59-57-92-3-14-49-34-39-65-2-20-1-29-31-53-87-27-6-8-25-32-11-70-85-40-83-58-9-55-44-18-45-71-86-28-93-69-99-36-67-100-48-52-13-96-35-5-91-72-66-98
Ta100x20,9,3,300,0.925,0.125,9,2230909282,17000,6586,6358,5979,4.29149577,v2_avx512bw_vec32_exact_perm,42-81-43-88-41-15-80-59-50-90-95-61-7-89-60-20-16-94-74-78-31-47-33-21-62-79-83-64-34-65-30-77-19-51-57-97-76-26-38-54-73-25-63-27-92-86-24-55-100-56-11-44-13-39-23-10-68-17-3-46-4-12-28-14-2-75-58-6-8-22-40-82-93-87-71-99-37-70-1-36-69-49-9-84-18-53-85-29-96-35-45-32-48-67-52-5-91-72-66-98
Ta100x20,9,3,300,0.925,0.125,10,2230910291,17000,6591,6358,5979,4.142894177,v2_avx512bw_vec32_exact_perm,42-81-15-16-41-43-50-89-95-51-90-88-63-46-21-33-47-97-78-24-77-38-54-7-12-37-60-79-80-25-26-94-4-86-76-27-10-39-73-62-58-17-61-6-2-56-30-65-71-3-82-14-22-34-69-66-23-19-57-20-84-11-75-36-68-64-1-99-93-31-32-29-55-53-92-59-49-74-18-83-100-40-70-44-45-85-67-8-13-28-87-9-52-48-96-35-5-91-72-98
Ta100x20,9,3,300,0.9625,0.025,1,2230901210,17000,6592,6358,5979,4.336019104,v2_avx512bw_vec32_exact_perm,42-81-43-88-80-15-50-60-62-6-41-97-89-96-74-7-47-46-90-10-79-78-21-63-59-30-16-33-86-94-95-68-24-3-51-2-65-54-76-45-17-37-38-12-58-61-19-26-53-73-4-56-82-77-39-27-25-67-64-44-71-13-57-20-11-23-22-69-1-28-14-93-8-83-49-70-92-18-85-99-55-31-100-36-40-32-9-84-52-29-87-35-48-5-34-66-75-72-91-98
Ta100x20,9,3,300,0.9625,0.025,2,2230902219,17000,6551,6358,5979,4.017708976,v2_avx512bw_vec32_exact_perm,42-81-50-43-15-89-88-80-60-46-78-74-90-21-41-62-75-19-97-7-47-33-63-65-10-84-22-95-77-30-37-12-70-24-79-11-73-38-2-20-94-59-64-45-23-16-58-82-61-26-76-44-25-54-51-39-56-3-86-4-40-99-14-32-66-68-71-49-6-8-9-57-87-34-53-29-27-69-36-31-55-28-92-93-1-17-83-35-100-48-13-96-85-52-67-72-18-5-91-98
Ta100x20,9,3,300,0.9625,0.025,3,2230903228,17000,6540,6358,5979,4.059026226,v2_avx512bw_vec32_exact_perm,42-81-43-89-88-41-60-59-62-94-15-47-80-38-7-78-79-21-74-50-12-95-33-17-90-51-30-75-37-68-65-61-13-16-39-2-58-23-46-26-63-22-57-25-10-73-44-97-4-11-54-86-3-14-19-76-84-64-83-20-34-53-77-82-92-1-56-31-8-99-70-45-6-29-32-87-36-96-27-28-40-55-93-35-49-48-24-71-9-69-85-100-67-52-18-5-91-72-66-98
Ta100x20,9,3,300,0.9625,0.025,4,2230904237,17000,6588,6358,5979,4.257944589,v2_avx512bw_vec32_exact_perm,42-81-43-88-15-78-94-41-50-60-74-59-62-75-89-12-20-37-17-47-90-80-21-7-51-95-46-79-2-10-77-16-68-33-96-73-65-24-54-26-44-4-82-19-56-61-30-25-38-39-71-23-27-22-9-57-34-84-11-14-1-58-92-86-6-35-76-97-83-70-63-3-40-93-53-45-28-69-29-99-87-66-64-55-100-49-36-13-8-85-67-32-31-52-48-5-18-72-91-98
Ta100x20,9,3,300,0.9625,0.025,5,2230905246,17000,6588,6358,5979,4.335983922,v2_avx512bw_vec32_exact_perm,42-81-50-43-15-60-41-63-80-24-77-62-88-95-90-89-65-78-16-46-79-21-97-56-2-4-34-10-75-23-39-7-20-71-74-68-47-61-59-30-17-19-73-44-82-12-55-37-22-51-58-26-25-70-38-92-1-53-33-86-64-27-94-76-8-57-54-45-83-87-36-49-13-3-11-69-40-29-32-14-100-6-28-99-93-84-96-31-48-9-35-52-85-67-18-5-91-72-66-98
Ta100x20,9,3,300,0.9625,0.025,6,2230906255,17000,6566,6358,5979,4.385227343,v2_avx512bw_vec32_exact_perm,42-81-43-15-74-62-78-89-65-41-95-80-63-50-47-60-46-12-79-90-59-61-86-94-97-30-7-76-44-26-54-51-39-17-21-68-33-82-16-75-23-10-11-24-4-6-58-20-19-77-83-38-84-37-99-1-56-22-64-55-40-34-2-92-70-3-27-53-14-8-66-57-29-31-71-25-73-18-36-13-32-49-67-28-100-45-69-85-35-93-9-88-52-87-5-48-96-72-91-98
Ta100x20,9,3,300,0.9625,0.025,7,2230907264,17000,6549,6358,5979,4.272640711,v2_avx512bw_vec32_exact_perm,42-81-15-24-41-43-89-62-80-60-88-65-95-16-78-33-94-77-50-46-90-74-75-57-63-86-4-61-30-21-47-22-19-51-59-12-26-54-23-84-20-25-17-76-55-37-97-10-38-79-2-7-68-58-73-40-14-56-6-64-71-39-53-29-82-11-3-70-69-66-44-92-27-1-9-99-34-49-8-13-36-83-35-28-96-87-18-93-31-85-32-100-48-67-5-52-45-72-91-98
Ta100x20,9,3,300,0.9625,0.025,8,2230908273,17000,6525,6358,5979,4.605126933,v2_avx512bw_vec32_exact_perm,42-81-88-43-15-89-16-60-41-80-50-46-78-74-51-62-79-77-47-21-12-63-97-65-90-75-61-33-95-54-10-17-86-38-4-59-73-19-55-7-24-20-76-71-94-37-22-68-84-30-39-13-82-56-6-8-45-58-2-26-67-25-23-57-27-11-44-36-70-9-99-14-40-34-3-31-28-53-100-1-92-49-93-69-83-18-85-87-29-32-48-96-35-64-91-5-52-72-66-98
Ta100x20,9,3,300,0.9625,0.025,9,2230909282,17000,6603,6358,5979,4.416940033,v2_avx512bw_vec32_exact_perm,42-81-43-89-16-78-62-88-15-50-41-37-90-75-10-65-60-12-77-97-30-63-73-61-96-22-24-74-95-54-7-46-80-38-47-84-59-20-44-79-26-58-17-33-19-25-14-56-21-51-70-6-3-23-86-68-2-66-34-99-71-4-76-57-27-29-55-85-31-92-11-94-82-39-69-28-100-32-53-40-8-64-35-45-9-36-87-93-13-48-83-49-1-67-72-52-18-5-91-98
Ta100x20,9,3,300,0.9625,0.025,10,2230910291,17000,6564,6358,5979,4.208146583,v2_avx512bw_vec32_exact_perm,42-81-43-41-88-50-62-97-15-89-95-63-96-78-94-80-16-37-12-61-74-76-70-60-46-24-90-30-59-7-79-47-19-21-77-92-51-33-55-2-83-38-65-22-69-68-17-11-44-75-10-23-86-4-57-14-25-56-26-99-54-58-3-34-20-6-27-40-45-29-39-36-49-28-67-73-64-100-53-18-82-85-13-8-93-1-32-9-35-84-71-52-87-48-31-5-91-72-66-98
Ta100x20,9,3,300,0.9625,0.05,1,2230901210,17000,6660,6358,5979,4.13729384,v2_avx512bw_vec32_exact_perm,42-81-43-50-96-80-15-41-62-97-95-61-63-90-54-65-19-78-94-47-88-77-6-60-38-39-46-16-7-59-79-12-83-22-92-68-21-89-26-2-20-33-58-24-10-17-34-84-74-14-31-76-73-4-56-37-29-51-55-86-8-40-30-87-82-99-32-18-27-23-57-1-11-25-9-3-69-85-49-67-13-35-44-45-52-36-75-28-93-100-53-91-71-64-70-72-48-5-66-98
Ta100x20,9,3,300,0.9625,0.05,2,2230902219,17000,6575,6358,5979,4.158744935,v2_avx512bw_vec32_exact_perm,42-81-50-43-59-15-78-80-41-60-12-47-62-95-88-97-68-46-79-89-90-21-37-64-33-86-7-30-16-25-65-38-10-63-44-19-55-4-26-2-58-75-57-51-23-77-74-94-61-20-24-70-56-39-17-73-71-14-45-11-76-54-82-28-34-29-53-93-49-99-40-9-84-69-6-8-66-87-3-83-31-27-85-22-18-36-32-13-48-96-35-92-1-100-52-67-5-91-72-98
Ta100x20,9,3,300,0.9625,0.05,3,2230903228,17000,6591,6358,5979,4.158907552,v2_avx512bw_vec32_exact_perm,42-81-88-43-50-95-94-78-15-80-7-75-89-41-37-86-60-46-74-68-47-61-90-65-4-45-17-30-33-12-21-26-59-16-58-38-76-10-56-79-51-63-14-24-62-2-77-73-39-82-23-22-57-84-9-55-53-11-66-92-44-34-83-54-20-19-31-93-97-32-29-64-99-87-6-28-8-49-100-36-69-18-40-3-27-70-85-67-48-25-71-72-52-13-1-96-35-5-91-98
Ta100x20,9,3,300,0.9625,0.05,4,2230904237,17000,6585,6358,5979,4.122616351,v2_avx512bw_vec32_exact_perm,42-81-48-95-41-60-74-16-59-89-21-63-46-90-43-80-7-47-62-94-78-15-33-4-19-50-86-61-11-79-97-65-2-58-26-83-30-22-76-54-75-82-32-38-56-39-73-44-12-99-34-24-68-40-27-92-20-49-17-51-10-23-77-87-3-31-57-25-88-8-70-6-53-84-45-9-71-37-18-13-55-100-14-36-52-29-69-64-28-67-66-93-85-1-72-96-35-5-91-98
Ta100x20,9,3,300,0.9625,0.05,5,2230905246,17000,6571,6358,5979,4.884009213,v2_avx512bw_vec32_exact_perm,42-81-15-62-7-95-94-43-41-78-47-63-89-90-65-80-97-24-60-25-38-46-4-12-16-33-50-37-20-55-19-21-22-17-59-88-68-34-86-30-54-44-99-58-74-56-79-77-2-96-14-6-26-23-84-82-10-61-40-39-57-92-51-11-3-76-49-1-27-71-36-13-28-31-53-18-73-83-32-66-8-100-69-35-9-45-29-93-85-87-48-67-64-52-70-5-91-75-72-98
Ta100x20,9,3,300,0.9625,0.05,6,2230906255,17000,6599,6358,5979,4.35352405,v2_avx512bw_vec32_exact_perm,42-81-43-88-15-64-50-7-60-41-74-46-62-16-47-19-82-78-10-65-61-12-97-77-30-90-2-75-95-66-21-63-4-79-33-55-89-53-59-38-20-44-17-58-54-94-99-26-14-86-56-34-1-31-22-45-73-23-40-51-80-68-32-6-39-76-27-84-9-29-83-71-24-18-57-92-3-37-36-13-70-85-49-100-69-11-8-25-87-93-35-28-96-48-67-5-52-91-72-98
Ta100x20,9,3,300,0.9625,0.05,7,2230907264,17000,6591,6358,5979,4.251133705,v2_avx512bw_vec32_exact_perm,81-15-78-89-42-59-65-41-74-43-47-62-46-60-80-63-61-50-33-95-90-79-86-21-64-23-54-20-19-57-88-16-4-30-77-7-34-38-2-39-94-82-12-6-58-26-73-76-24-32-11-51-68-25-75-3-10-84-9-14-99-36-97-22-87-83-13-69-17-37-53-40-56-44-31-8-93-55-27-67-28-29-45-85-92-52-18-49-1-71-100-70-96-35-48-5-91-72-66-98
Ta100x20,9,3,300,0.9625,0.05,8,2230908273,17000,6587,6358,5979,4.16984566,v2_avx512bw_vec32_exact_perm,42-81-43-89-90-15-95-75-88-62-2-7-78-41-57-50-94-47-59-97-63-60-16-54-79-80-33-51-4-19-74-56-30-46-39-66-44-12-21-28-77-22-86-34-76-13-58-26-14-24-73-71-10-64-84-20-23-70-61-27-65-38-68-82-17-92-40-1-49-55-48-45-3-11-37-8-99-6-93-36-25-67-29-32-31-69-53-83-100-9-35-96-87-52-85-18-72-5-91-98
Ta100x20,9,3,300,0.9625,0.05,9,2230909282,17000,6610,6358,5979,4.152772256,v2_avx512bw_vec32_exact_perm,42-81-15-43-89-62-94-75-88-47-41-97-21-90-78-24-60-50-74-59-63-33-46-19-4-12-80-7-30-23-82-38-26-57-16-79-34-65-37-44-27-10-68-77-55-95-58-11-76-45-73-54-17-70-51-9-20-39-84-2-25-92-6-87-22-61-36-53-99-8-86-56-3-40-28-71-31-64-14-1-18-83-69-49-29-13-85-100-93-32-67-5-52-48-91-96-35-72-66-98
Ta100x20,9,3,300,0.9625,0.05,10,2230910291,17000,6579,6358,5979,4.496665209,v2_avx512bw_vec32_exact_perm,42-81-15-43-50-80-7-90-79-95-60-41-62-89-59-63-61-92-26-78-73-56-12-46-65-4-33-39-17-94-38-55-24-21-10-6-19-84-34-97-16-37-76-40-74-30-22-23-14-11-86-51-69-82-77-68-13-83-3-58-27-1-75-2-49-71-20-8-64-57-54-93-87-99-9-70-88-28-25-53-36-67-31-85-29-18-44-32-47-100-35-96-48-52-45-91-5-72-66-98
Ta100x20,9,3,300,0.9625,0.075,1,2230901210,17000,6601,6358,5979,4.048167342,v2_avx512bw_vec32_exact_perm,42-81-88-78-41-50-37-43-60-63-95-62-46-21-15-68-12-97-16-26-54-59-80-4-79-2-89-23-90-38-7-74-35-82-65-94-30-77-75-44-47-58-57-61-64-69-27-24-33-92-10-39-51-19-85-66-14-49-3-34-73-11-1-56-29-17-6-8-99-31-36-22-25-100-86-20-28-93-70-76-45-83-13-55-71-9-40-53-32-84-18-48-96-87-52-67-5-91-72-98
Ta100x20,9,3,300,0.9625,0.075,2,2230902219,17000,6622,6358,5979,4.234546727,v2_avx512bw_vec32_exact_perm,42-81-15-43-62-50-89-95-60-41-74-78-65-63-97-46-59-70-80-2-56-7-21-19-90-51-47-86-30-38-68-23-88-16-37-84-4-77-33-1-94-76-12-22-44-34-69-54-17-58-79-6-61-10-26-24-75-11-27-53-73-29-57-3-49-82-18-14-39-32-55-20-28-31-40-83-25-87-92-67-85-100-66-71-9-99-35-93-8-45-48-13-36-96-52-64-72-5-91-98
Ta100x20,9,3,300,0.9625,0.075,3,2230903228,17000,6609,6358,5979,4.235117963,v2_avx512bw_vec32_exact_perm,42-43-89-50-81-65-20-62-46-47-78-15-13-94-41-80-97-68-95-63-60-74-54-57-7-59-88-44-26-30-33-76-23-51-79-27-90-75-12-2-21-58-4-77-6-24-56-86-37-22-10-16-70-38-39-69-11-82-73-29-87-34-66-49-36-55-53-92-25-100-32-83-40-17-31-61-14-28-18-8-84-3-64-85-99-19-52-71-1-35-45-93-67-9-5-48-96-72-91-98
Ta100x20,9,3,300,0.9625,0.075,4,2230904237,17000,6564,6358,5979,4.014582065,v2_avx512bw_vec32_exact_perm,42-81-37-43-89-15-16-60-78-19-62-7-95-41-97-75-50-46-63-90-10-47-56-39-86-4-58-54-38-84-2-20-61-77-80-21-76-79-11-65-33-24-51-73-94-17-44-12-26-22-30-88-57-25-74-92-59-34-6-82-23-70-66-100-27-71-53-40-29-68-55-14-83-3-99-1-45-13-32-31-28-69-49-67-18-85-8-9-64-52-36-87-35-93-48-5-96-72-91-98
Ta100x20,9,3,300,0.9625,0.075,5,2230905246,17000,6651,6358,5979,3.998701121,v2_avx512bw_vec32_exact_perm,15-42-81-43-41-50-65-95-63-89-7-22-60-80-16-74-75-6-62-47-21-2-59-19-88-82-48-38-12-90-46-79-68-33-94-10-17-4-39-86-51-30-57-97-49-54-26-1-56-45-71-58-14-40-3-20-78-44-11-73-76-27-70-34-92-84-24-77-9-83-29-61-32-25-69-8-64-23-99-36-53-28-37-31-96-100-67-93-13-18-85-35-87-5-91-52-55-72-66-98
Ta100x20,9,3,300,0.9625,0.075,6,2230906255,17000,6597,6358,5979,4.232156722,v2_avx512bw_vec32_exact_perm,42-81-43-88-62-15-50-41-97-95-78-60-80-46-7-63-90-86-30-65-56-26-33-21-59-16-79-34-94-47-24-76-55-58-89-10-4-38-83-12-92-77-100-22-19-99-68-20-75-17-74-5-14-2-23-73-54-61-51-57-44-39-11-82-25-1-40-69-37-70-49-53-32-28-36-9-13-29-6-87-27-8-31-3-85-84-71-45-18-93-64-35-67-52-66-48-96-91-72-98
Ta100x20,9,3,300,0.9625,0.075,7,2230907264,17000,6580,6358,5979,4.300320632,v2_avx512bw_vec32_exact_perm,42-81-88-43-15-41-50-60-46-62-89-20-80-16-12-78-19-84-63-47-4-54-97-77-94-44-39-95-65-48-90-58-59-2-21-56-79-26-61-33-82-27-57-38-74-23-71-30-73-68-45-28-17-22-40-11-75-76-87-7-34-14-86-99-24-3-70-25-10-92-9-83-8-32-29-13-6-69-35-51-49-53-55-100-37-36-64-31-85-18-1-93-67-66-52-72-96-5-91-98
Ta100x20,9,3,300,0.9625,0.075,8,2230908273,17000,6620,6358,5979,4.136201601,v2_avx512bw_vec32_exact_perm,81-43-88-7-50-60-62-75-78-15-89-97-41-4-90-42-2-46-80-54-63-79-33-95-47-59-27-44-19-56-86-65-21-64-10-77-23-51-71-38-83-68-25-55-74-61-57-26-76-16-12-84-58-20-94-39-37-17-40-34-22-87-8-13-66-3-30-6-24-29-82-100-14-73-28-67-53-49-69-11-36-32-93-35-99-70-92-1-9-85-45-31-52-48-96-72-18-5-91-98
Ta100x20,9,3,300,0.9625,0.075,9,2230909282,17000,6629,6358,5979,4.131279904,v2_avx512bw_vec32_exact_perm,81-15-16-37-41-65-89-59-78-7-62-47-43-90-95-80-61-88-63-44-60-97-42-39-50-17-19-46-33-38-79-94-24-2-82-30-9-74-20-75-83-22-12-21-54-14-58-56-77-73-4-34-23-10-71-32-25-26-57-93-11-51-76-27-70-6-8-64-99-92-85-68-87-29-1-40-100-49-3-55-86-18-31-67-28-53-36-5-52-84-13-35-96-48-69-45-72-66-91-98
Ta100x20,9,3,300,0.9625,0.075,10,2230910291,17000,6599,6358,5979,4.140368867,v2_avx512bw_vec32_exact_perm,42-81-41-88-78-37-22-15-16-43-94-47-62-97-50-95-79-74-90-59-89-60-80-73-2-68-21-65-86-33-63-7-38-20-10-46-77-30-12-51-76-82-19-56-26-55-71-4-75-54-58-14-1-57-92-17-9-87-6-83-39-34-61-25-69-23-11-84-70-40-32-31-49-28-27-53-8-29-99-13-45-3-93-100-85-64-36-67-44-18-52-24-96-35-48-5-91-72-66-98
Ta100x20,9,3,300,0.9625,0.1,1,2230901210,17000,6645,6358,5979,4.205895958,v2_avx512bw_vec32_exact_perm,42-81-43-88-80-90-50-41-60-97-37-51-62-15-59-78-12-46-33-79-19-89-4-7-61-74-47-63-94-38-86-65-6-16-24-54-95-84-76-58-32-39-22-64-20-82-27-30-2-77-34-21-92-68-11-10-25-75-45-66-53-8-56-85-71-23-14-26-9-28-70-13-36-29-17-73-67-69-40-55-3-83-57-44-99-93-31-100-87-49-35-5-52-18-48-96-1-72-91-98
Ta100x20,9,3,300,0.9625,0.1,2,2230902219,17000,6609,6358,5979,3.982747996,v2_avx512bw_vec32_exact_perm,81-43-15-62-89-41-50-16-79-78-80-65-59-94-90-37-47-21-77-74-88-51-38-20-60-42-4-86-26-54-33-22-17-68-56-39-23-95-57-12-46-63-30-25-27-44-55-40-92-58-83-10-34-1-71-97-9-67-76-7-14-84-19-2-18-75-24-61-73-6-11-70-8-28-69-85-29-100-53-49-99-87-13-32-3-36-31-82-72-35-93-96-45-48-5-52-64-66-91-98
Ta100x20,9,3,300,0.9625,0.1,3,2230903228,17000,6664,6358,5979,3.95996314,v2_avx512bw_vec32_exact_perm,42-15-50-81-37-24-78-77-43-63-65-90-47-60-89-62-80-97-46-95-41-7-61-12-59-16-1-51-30-94-86-54-38-68-58-74-44-4-27-84-64-19-39-33-76-20-73-10-21-6-11-34-25-23-83-22-99-79-3-88-70-56-2-82-67-92-66-36-55-100-71-9-31-14-26-49-8-32-69-29-52-17-48-53-28-13-18-57-85-40-87-75-96-35-93-72-5-45-91-98
Ta100x20,9,3,300,0.9625,0.1,4,2230904237,17000,6626,6358,5979,3.889188863,v2_avx512bw_vec32_exact_perm,37-89-60-78-15-41-81-47-97-80-7-90-2-84-95-30-86-59-54-19-65-62-17-26-38-56-74-12-46-75-76-33-51-82-57-94-24-4-79-63-21-14-42-39-16-58-10-43-20-73-64-77-40-44-55-71-99-68-34-35-8-87-1-13-92-28-27-61-25-53-23-70-22-18-83-50-3-69-9-6-36-11-31-49-29-88-32-93-85-67-100-5-45-48-52-66-96-72-91-98
Ta100x20,9,3,300,0.9625,0.1,5,2230905246,17000,6567,6358,5979,4.012911593,v2_avx512bw_vec32_exact_perm,42-43-89-62-15-81-41-16-65-77-80-88-33-95-51-61-78-21-60-19-50-7-10-46-47-30-68-94-4-12-63-59-75-90-40-20-73-23-54-76-84-9-26-74-2-38-97-24-56-44-17-82-39-79-14-71-86-13-11-70-57-83-55-58-8-92-32-6-53-18-99-49-34-66-29-27-28-35-96-87-25-3-69-64-37-36-1-31-100-22-85-93-45-48-67-52-5-91-72-98
Ta100x20,9,3,300,0.9625,0.1,6,2230906255,17000,6569,6358,5979,3.910702479,v2_avx512bw_vec32_exact_perm,42-81-43-15-24-41-65-74-62-38-16-89-88-97-95-54-47-68-60-46-78-80-63-7-33-37-90-20-25-51-77-12-2-79-23-44-61-1-56-73-10-59-70-11-94-6-92-58-50-17-19-4-22-27-39-34-82-21-26-29-76-69-57-86-87-75-55-71-28-30-36-64-18-99-13-40-3-14-53-49-83-32-93-85-31-84-100-9-67-8-45-48-96-66-52-72-5-35-91-98
Ta100x20,9,3,300,0.9625,0.1,7,2230907264,17000,6589,6358,5979,3.84175194,v2_avx512bw_vec32_exact_perm,42-50-43-81-78-15-89-80-64-88-90-16-41-62-97-63-79-54-46-59-19-95-4-30-86-7-12-55-21-60-47-22-13-33-38-6-58-84-65-94-37-61-2-76-77-82-27-74-44-14-39-57-34-20-29-56-26-25-45-23-100-75-73-53-51-87-49-10-28-70-71-11-68-24-40-17-69-92-3-31-83-85-8-9-1-36-93-99-5-18-32-91-96-35-48-67-52-72-66-98
Ta100x20,9,3,300,0.9625,0.1,8,2230908273,17000,6591,6358,5979,4.006774211,v2_avx512bw_vec32_exact_perm,42-81-43-88-41-78-94-7-15-16-74-62-60-37-47-77-50-10-80-89-95-92-55-46-76-27-63-97-51-30-20-90-79-6-56-12-82-39-26-75-57-33-11-4-22-69-34-23-70-21-44-2-59-84-24-96-19-68-54-86-71-17-38-99-73-25-9-58-61-36-87-40-65-14-66-3-49-83-32-8-28-31-45-1-100-53-64-29-85-93-35-13-18-48-67-72-52-5-91-98
Ta100x20,9,3,300,0.9625,0.1,9,2230909282,17000,6600,6358,5979,4.130168104,v2_avx512bw_vec32_exact_perm,42-81-43-41-88-50-15-89-59-78-16-62-90-95-47-75-97-74-19-80-65-7-54-2-44-12-68-46-40-33-79-58-21-26-60-27-30-84-77-20-61-51-13-4-10-39-76-56-82-38-86-70-37-9-83-17-71-92-57-63-55-94-23-14-22-24-49-8-11-53-25-28-34-32-99-6-69-18-36-64-67-1-29-85-3-45-73-48-100-31-93-87-35-96-52-5-91-72-66-98
Ta100x20,9,3,300,0.9625,0.1,10,2230910291,17000,6642,6358,5979,3.974607236,v2_avx512bw_vec32_exact_perm,81-15-43-73-41-89-60-62-50-16-61-47-94-38-59-24-88-2-57-21-78-37-39-42-84-58-34-79-26-97-12-80-90-19-46-95-75-4-63-55-65-33-30-74-82-83-68-23-22-56-49-14-76-1-51-99-10-27-77-18-3-69-64-87-54-40-28-86-7-100-53-25-92-31-8-13-35-71-70-17-85-36-29-67-93-6-20-52-9-32-44-11-45-5-48-96-72-66-91-98
Ta100x20,9,3,300,0.9625,0.125,1,2230901210,17000,6638,6358,5979,4.011305429,v2_avx512bw_vec32_exact_perm,42-81-15-37-80-50-63-65-46-62-7-39-43-41-89-4-84-47-12-69-21-33-60-94-97-19-26-90-79-16-95-76-77-54-88-20-30-86-56-74-83-9-22-17-2-58-11-55-75-66-73-59-44-51-99-27-38-40-24-92-57-10-68-14-28-64-87-93-23-71-25-61-8-45-1-34-6-53-29-49-82-32-31-100-85-18-13-3-70-48-78-67-36-96-35-52-72-5-91-98
Ta100x20,9,3,300,0.9625,0.125,2,2230902219,17000,6613,6358,5979,4.291571623,v2_avx512bw_vec32_exact_perm,15-50-43-89-88-59-78-42-54-95-62-80-90-4-86-81-47-7-44-77-33-51-16-19-65-97-30-38-68-60-61-41-12-20-73-17-39-79-46-24-37-27-57-1-58-26-75-6-25-14-94-74-56-21-69-63-2-23-10-22-100-53-49-11-34-83-8-3-87-40-76-84-29-85-92-13-18-32-82-64-28-55-52-35-67-99-71-45-70-36-5-93-31-9-48-96-72-66-91-98
Ta100x20,9,3,300,0.9625,0.125,3,2230903228,17000,6616,6358,5979,4.226190685,v2_avx512bw_vec32_exact_perm,42-81-43-50-89-88-60-46-16-15-80-62-94-24-63-97-90-41-47-95-1-12-39-78-10-20-33-57-19-21-51-59-2-25-58-26-79-84-44-56-74-61-14-75-77-76-54-64-65-4-30-38-23-71-7-83-9-86-11-53-68-70-3-34-92-66-32-99-82-27-69-22-28-40-49-29-17-85-87-93-13-55-6-36-37-8-73-31-35-96-100-45-48-67-18-72-52-5-91-98
Ta100x20,9,3,300,0.9625,0.125,4,2230904237,17000,6620,6358,5979,4.163930476,v2_avx512bw_vec32_exact_perm,42-81-16-7-15-62-50-78-60-95-41-43-2-63-65-37-39-17-21-97-89-90-10-88-46-77-33-59-73-47-61-30-75-1-80-6-58-20-12-51-68-4-19-38-34-82-71-55-76-24-54-69-11-27-57-74-92-23-79-26-9-25-40-67-84-99-86-94-93-18-44-32-64-100-8-13-22-85-56-48-36-35-28-14-3-87-31-53-83-29-49-70-96-52-45-72-5-91-66-98
Ta100x20,9,3,300,0.9625,0.125,5,2230905246,17000,6634,6358,5979,4.263228866,v2_avx512bw_vec32_exact_perm,42-81-43-50-15-94-60-80-59-46-89-63-95-41-75-62-21-78-10-20-47-12-90-97-4-74-37-79-88-17-61-38-83-11-33-86-39-19-77-65-7-2-71-30-82-6-68-3-58-8-57-56-23-16-99-24-14-18-25-32-49-54-84-87-64-26-34-40-1-22-53-93-28-31-73-76-13-69-27-85-36-67-92-51-44-9-70-66-55-29-100-45-35-48-91-96-5-52-72-98
Ta100x20,9,3,300,0.9625,0.125,6,2230906255,17000,6605,6358,5979,4.868034101,v2_avx512bw_vec32_exact_perm,42-81-50-78-43-89-15-41-51-80-62-46-63-7-38-47-21-55-90-95-56-24-20-94-65-6-16-30-88-37-4-33-59-76-34-97-60-26-68-49-57-77-54-82-23-61-70-2-74-96-19-8-27-25-73-10-28-86-53-12-100-39-40-14-11-92-31-13-3-44-83-84-58-22-79-85-64-29-36-17-99-93-69-18-35-9-71-1-87-5-52-32-67-91-45-48-75-72-66-98
Ta100x20,9,3,300,0.9625,0.125,7,2230907264,17000,6641,6358,5979,4.879294369,v2_avx512bw_vec32_exact_perm,42-81-50-43-41-78-7-94-70-63-15-62-95-89-12-60-84-65-80-90-97-19-21-47-79-64-16-88-33-38-74-22-59-10-25-75-86-54-17-4-55-20-46-77-82-23-61-1-71-40-68-26-57-39-2-85-76-83-58-37-28-56-13-14-27-93-6-69-44-11-96-99-8-32-36-24-30-29-49-31-51-9-92-3-100-53-45-18-48-73-34-35-87-52-67-5-91-72-66-98
Ta100x20,9,3,300,0.9625,0.125,8,2230908273,17000,6603,6358,5979,4.955911846,v2_avx512bw_vec32_exact_perm,43-50-78-62-97-42-15-16-81-41-47-88-63-46-1-95-24-60-26-90-54-21-94-79-59-33-4-19-51-75-30-34-74-86-27-2-58-76-68-17-65-38-12-85-70-89-92-57-37-61-8-53-82-71-80-20-56-77-11-44-39-14-99-40-32-9-83-29-73-66-7-10-25-49-31-100-28-22-23-55-13-52-84-64-6-67-35-3-69-36-18-45-87-5-93-96-48-91-72-98
Ta100x20,9,3,300,0.9625,0.125,9,2230909282,17000,6592,6358,5979,4.816325807,v2_avx512bw_vec32_exact_perm,42-81-65-43-15-62-50-78-89-51-46-41-90-4-80-20-75-12-37-16-24-21-60-95-55-74-2-40-47-7-58-44-10-22-97-79-26-38-39-94-68-54-17-88-73-76-27-59-30-33-82-56-70-77-14-36-45-63-9-86-71-84-57-19-11-23-64-99-3-92-1-34-31-69-6-8-85-13-29-83-93-53-28-49-18-87-61-25-67-52-32-100-35-48-96-5-91-72-66-98
Ta100x20,9,3,300,0.9625,0.125,10,2230910291,17000,6623,6358,5979,4.813991889,v2_avx512bw_vec32_exact_perm,42-81-78-50-15-46-62-43-4-80-12-41-47-94-60-59-7-39-61-33-79-37-89-75-77-65-20-10-55-58-19-51-83-84-95-90-30-63-14-21-68-73-82-97-99-22-49-40-74-13-9-17-38-57-26-23-16-2-25-86-76-44-54-34-92-27-1-18-53-88-3-6-11-93-24-100-8-87-56-85-31-70-36-29-32-71-28-64-45-69-48-67-52-5-96-35-91-72-66-98
Ta100x20,9,3,300,1,0.025,1,2230901210,17000,6561,6358,5979,4.318355448,v2_avx512bw_vec32_exact_perm,37-50-15-16-89-19-78-43-90-88-61-4-47-12-81-94-59-60-79-80-74-44-54-97-42-76-51-41-95-70-75-17-38-24-62-7-21-63-23-46-77-33-14-10-73-20-2-27-65-68-55-22-56-64-39-71-82-86-30-13-25-83-84-26-3-57-8-58-11-92-34-53-40-87-32-99-29-6-69-9-35-31-49-100-48-36-18-1-85-93-96-28-67-52-5-45-91-72-66-98
Ta100x20,9,3,300,1,0.025,2,2230902219,17000,6587,6358,5979,4.446980666,v2_avx512bw_vec32_exact_perm,42-81-88-43-62-97-89-78-41-60-75-50-2-90-15-80-65-74-56-23-46-63-59-33-77-12-20-47-10-24-95-84-54-94-19-4-26-16-25-86-76-61-21-82-34-30-17-58-6-51-22-70-39-79-57-71-7-38-55-14-92-32-68-100-67-27-53-29-73-44-11-37-13-40-99-45-31-28-3-36-93-8-1-69-35-49-9-48-96-64-83-66-85-87-52-72-18-5-91-98
Ta100x20,9,3,300,1,0.025,3,2230903228,17000,6618,6358,5979,4.541310574,v2_avx512bw_vec32_exact_perm,42-81-43-88-7-60-41-62-75-50-15-90-74-16-95-2-97-33-45-54-80-47-59-89-38-46-12-78-63-24-73-58-26-79-94-37-1-10-65-39-21-77-30-76-25-56-68-44-51-17-82-53-71-34-22-86-4-61-83-27-3-70-92-20-40-87-6-19-84-11-8-23-49-57-99-100-36-9-13-67-55-18-69-31-28-85-93-96-32-5-35-29-14-48-64-52-66-72-91-98
Ta100x20,9,3,300,1,0.025,4,2230904237,17000,6577,6358,5979,4.604020506,v2_avx512bw_vec32_exact_perm,42-81-43-15-62-88-41-7-59-47-75-74-90-65-12-46-78-60-37-80-50-57-33-21-79-63-95-45-77-56-16-10-84-89-86-4-6-54-2-94-23-30-82-68-22-26-3-25-97-39-51-73-58-55-17-76-61-40-28-34-44-11-24-71-31-19-14-27-69-49-29-64-83-53-35-20-87-8-9-13-36-99-70-85-52-67-32-18-92-38-100-93-1-48-96-5-91-72-66-98
Ta100x20,9,3,300,1,0.025,5,2230905246,17000,6572,6358,5979,4.592705564,v2_avx512bw_vec32_exact_perm,42-81-43-41-50-15-63-78-95-97-89-62-88-94-60-26-80-65-59-90-74-54-64-21-47-82-57-30-19-39-4-33-37-38-46-12-76-75-68-84-10-7-20-24-61-77-16-56-79-1-22-2-23-14-99-25-40-71-73-58-51-86-34-17-6-3-11-27-44-13-83-93-69-29-92-45-9-35-28-8-53-87-55-49-96-70-32-36-31-85-100-48-67-52-18-5-91-72-66-98
Ta100x20,9,3,300,1,0.025,6,2230906255,17000,6592,6358,5979,4.175683062,v2_avx512bw_vec32_exact_perm,42-81-62-88-15-89-43-94-80-50-47-63-95-41-65-33-59-77-56-75-46-90-4-10-39-12-86-60-74-20-78-54-79-44-24-23-34-17-58-11-19-61-14-16-6-21-68-30-37-84-25-8-22-38-13-26-83-7-76-51-2-92-97-70-29-53-82-57-71-27-73-55-87-69-40-1-36-49-3-99-18-48-67-45-32-85-31-93-100-5-35-28-9-64-52-66-96-72-91-98
Ta100x20,9,3,300,1,0.025,7,2230907264,17000,6588,6358,5979,4.311369953,v2_avx512bw_vec32_exact_perm,42-81-88-43-41-78-15-50-95-89-62-80-94-63-7-46-90-21-16-30-19-48-12-47-82-79-33-60-10-68-97-75-39-2-51-6-38-61-65-77-20-86-4-74-9-84-70-76-59-54-55-92-1-26-27-23-25-64-71-73-58-22-57-83-24-34-53-11-37-69-56-8-99-29-14-17-45-36-40-44-49-35-3-67-87-31-28-13-96-66-52-85-93-32-18-100-5-91-72-98
Ta100x20,9,3,300,1,0.025,8,2230908273,17000,6595,6358,5979,4.045118881,v2_avx512bw_vec32_exact_perm,42-81-43-88-97-89-62-59-47-15-41-16-95-7-80-86-21-63-74-10-78-90-65-48-19-51-4-58-33-17-75-79-44-61-46-54-26-50-77-56-84-12-40-73-20-34-76-60-39-55-82-71-3-57-94-23-11-99-14-70-92-69-27-22-9-24-85-37-30-25-1-68-49-67-38-45-18-35-29-6-53-93-2-83-31-64-36-28-87-8-32-13-100-52-96-5-91-72-66-98
Ta100x20,9,3,300,1,0.025,9,2230909282,17000,6606,6358,5979,4.037437721,v2_avx512bw_vec32_exact_perm,42-81-50-7-43-96-41-62-89-24-80-46-78-54-16-65-90-12-60-15-95-74-19-2-47-33-84-21-4-75-59-57-86-58-77-44-61-56-68-51-38-94-30-88-17-26-39-79-73-22-36-97-37-25-76-1-70-11-23-13-71-10-34-63-49-53-14-69-67-3-27-40-20-82-6-92-55-29-100-28-99-18-32-8-45-87-48-31-85-93-9-35-83-64-72-52-66-5-91-98
Ta100x20,9,3,300,1,0.025,10,2230910291,17000,6597,6358,5979,4.03875431,v2_avx512bw_vec32_exact_perm,42-81-15-37-41-50-78-60-89-16-90-80-59-74-43-46-63-12-38-20-7-62-19-47-57-92-2-33-24-95-68-61-17-51-65-30-54-75-4-21-23-22-94-77-6-14-76-39-99-44-86-10-97-32-34-40-87-27-66-79-88-82-26-58-56-84-53-3-25-64-73-11-36-93-18-70-69-28-83-67-31-85-55-45-29-71-100-49-35-8-1-13-9-5-52-48-96-72-91-98
Ta100x20,9,3,300,1,0.05,1,2230901210,17000,6614,6358,5979,4.412478638,v2_avx512bw_vec32_exact_perm,37-24-78-15-62-88-60-43-89-16-95-80-21-63-81-77-76-41-50-46-59-42-51-90-94-74-30-19-75-7-33-10-65-12-84-40-17-47-73-38-11-23-25-26-54-61-99-20-58-82-68-22-14-39-79-2-29-44-27-97-70-53-56-86-3-4-49-6-66-71-57-34-87-92-69-28-31-32-18-85-36-100-55-45-8-35-9-64-67-52-83-13-93-1-48-96-91-5-72-98
Ta100x20,9,3,300,1,0.05,2,2230902219,17000,6601,6358,5979,4.337028966,v2_avx512bw_vec32_exact_perm,42-81-43-15-41-65-78-89-63-62-75-46-59-12-47-50-90-19-97-44-95-74-60-4-54-21-80-73-22-26-16-38-56-30-39-2-7-94-20-11-27-24-33-53-86-77-92-14-51-6-48-37-1-61-70-34-79-10-58-88-17-82-71-25-49-68-31-69-99-76-3-36-64-55-40-18-23-100-57-85-29-9-84-83-93-67-32-13-45-8-35-87-52-28-96-91-5-72-66-98
Ta100x20,9,3,300,1,0.05,3,2230903228,17000,6612,6358,5979,4.209703409,v2_avx512bw_vec32_exact_perm,42-81-43-89-62-88-74-60-80-75-90-50-15-97-41-46-95-54-63-79-59-33-78-4-94-16-21-19-7-86-2-1-38-25-51-61-92-30-39-56-6-20-47-55-26-58-37-65-17-57-82-77-12-93-68-83-27-66-76-34-40-44-3-64-84-22-71-99-35-29-87-14-10-23-32-49-13-11-28-53-48-8-9-85-31-18-70-67-24-73-100-69-36-45-96-52-5-91-72-98
Ta100x20,9,3,300,1,0.05,4,2230904237,17000,6586,6358,5979,4.244157749,v2_avx512bw_vec32_exact_perm,42-81-43-88-94-62-50-46-15-78-63-41-97-79-60-12-47-95-89-16-90-30-39-17-7-38-86-61-56-37-20-80-76-59-65-44-70-54-96-21-19-55-77-51-74-24-83-2-84-40-58-26-27-6-33-68-23-82-22-73-29-49-53-34-100-25-11-14-57-1-4-75-10-28-92-3-36-87-45-31-9-71-93-35-32-48-13-69-8-85-99-67-18-64-52-72-66-5-91-98
Ta100x20,9,3,300,1,0.05,5,2230905246,17000,6595,6358,5979,4.291382028,v2_avx512bw_vec32_exact_perm,42-81-88-43-50-15-89-78-41-60-51-46-97-47-74-90-21-62-33-80-14-12-24-4-2-59-79-37-68-38-16-63-95-56-99-10-65-19-17-30-77-96-61-75-1-7-76-6-22-54-20-58-25-34-73-94-86-40-26-82-55-93-71-39-57-27-70-36-13-11-23-69-92-49-83-45-28-8-3-85-32-64-29-31-87-84-100-44-9-53-52-35-48-67-5-18-91-72-66-98
Ta100x20,9,3,300,1,0.05,6,2230906255,17000,6598,6358,5979,4.373407062,v2_avx512bw_vec32_exact_perm,42-81-15-78-41-50-97-43-88-63-64-62-74-46-79-7-60-95-19-61-84-23-89-2-77-16-47-90-65-20-59-57-26-10-38-68-54-58-73-4-21-17-94-34-76-80-25-22-75-11-86-24-6-92-30-37-39-82-33-27-56-53-14-29-44-87-70-8-51-12-99-83-45-9-55-40-32-1-49-66-3-31-28-100-48-93-69-35-71-13-96-36-85-67-52-18-72-5-91-98
Ta100x20,9,3,300,1,0.05,7,2230907264,17000,6608,6358,5979,4.018906262,v2_avx512bw_vec32_exact_perm,42-81-78-41-88-43-50-2-15-97-60-37-74-59-94-47-89-90-75-79-51-62-57-16-63-21-80-33-45-38-19-46-12-54-76-65-77-25-95-73-4-30-34-22-86-7-83-14-92-10-24-44-17-68-56-26-11-99-61-39-8-58-87-23-13-82-40-28-71-27-20-49-55-70-31-3-6-29-53-69-18-84-100-32-85-64-36-67-9-35-91-93-1-96-48-5-52-72-66-98
Ta100x20,9,3,300,1,0.05,8,2230908273,17000,6612,6358,5979,4.109181002,v2_avx512bw_vec32_exact_perm,42-50-81-43-15-41-24-78-60-74-7-75-80-12-46-63-33-47-62-89-21-19-97-95-79-90-94-16-64-56-68-2-59-84-25-82-38-3-39-4-10-54-58-69-65-77-44-11-93-61-23-30-6-27-14-88-20-34-40-76-99-17-86-37-55-1-22-73-57-51-70-92-8-53-26-49-67-29-85-87-48-18-31-32-96-83-36-13-28-9-45-52-71-35-72-100-66-5-91-98
Ta100x20,9,3,300,1,0.05,9,2230909282,17000,6660,6358,5979,4.074615012,v2_avx512bw_vec32_exact_perm,42-43-81-95-62-80-50-88-60-41-15-7-90-47-97-57-12-74-4-10-78-54-96-39-51-46-59-79-16-45-56-89-21-65-26-6-77-76-86-94-33-58-2-73-63-34-68-14-29-30-28-53-75-70-17-37-40-55-31-61-82-38-22-1-25-23-9-99-27-3-44-11-20-19-84-71-69-83-100-24-93-35-92-49-85-13-87-52-36-66-67-32-18-64-8-48-5-91-72-98
Ta100x20,9,3,300,1,0.05,10,2230910291,17000,6611,6358,5979,4.074146698,v2_avx512bw_vec32_exact_perm,42-81-43-7-62-95-88-47-90-50-59-15-61-37-78-65-77-60-41-80-57-75-97-26-58-89-2-84-20-86-51-12-44-56-33-94-38-11-25-76-46-74-30-17-63-24-19-16-83-21-79-10-92-34-54-8-13-87-39-14-71-40-49-32-22-4-3-68-99-6-53-23-66-82-73-64-27-70-55-29-28-100-85-93-18-35-48-69-45-67-9-31-1-36-52-5-96-72-91-98
Ta100x20,9,3,300,1,0.075,1,2230901210,17000,6630,6358,5979,4.439918898,v2_avx512bw_vec32_exact_perm,42-81-50-62-88-41-60-59-43-15-80-90-89-78-47-94-12-33-95-63-10-20-65-46-75-97-77-61-86-73-37-4-76-23-54-22-64-2-24-38-17-84-30-56-21-44-68-51-25-82-55-92-19-32-70-16-79-40-26-39-66-6-7-58-74-27-71-9-14-36-99-34-31-69-87-1-93-45-3-85-57-83-11-8-29-67-13-28-49-53-48-100-96-35-72-18-5-52-91-98
Ta100x20,9,3,300,1,0.075,2,2230902219,17000,6619,6358,5979,4.120144894,v2_avx512bw_vec32_exact_perm,42-81-15-43-89-88-60-50-7-44-90-80-59-78-57-95-65-37-62-4-46-75-61-77-2-30-16-58-79-63-34-21-38-17-97-33-19-24-94-68-22-39-83-51-47-6-69-12-26-82-53-40-74-20-23-10-28-55-11-56-76-31-49-54-92-70-14-27-71-86-29-41-87-100-32-8-25-1-9-85-36-67-45-73-3-84-18-13-35-93-99-96-48-66-5-52-64-91-72-98
Ta100x20,9,3,300,1,0.075,3,2230903228,17000,6615,6358,5979,4.343337147,v2_avx512bw_vec32_exact_perm,42-81-15-80-89-50-43-74-41-60-78-95-97-47-88-62-65-59-90-37-84-77-34-16-21-19-33-54-4-79-2-51-75-68-22-20-46-10-73-17-27-30-40-23-94-82-55-39-61-7-58-12-38-57-44-86-92-24-70-99-49-6-11-76-63-26-56-8-25-29-13-31-53-28-83-35-36-1-71-32-64-93-69-9-14-100-85-18-45-3-87-48-96-5-52-67-91-72-66-98
Ta100x20,9,3,300,1,0.075,4,2230904237,17000,6643,6358,5979,4.205164275,v2_avx512bw_vec32_exact_perm,42-81-50-43-78-62-88-89-47-24-75-90-97-15-41-60-74-80-21-46-86-38-33-87-7-11-76-63-94-12-79-54-4-22-95-32-20-71-55-56-30-59-17-2-77-16-37-14-39-51-65-13-10-44-61-25-82-23-40-34-26-58-70-73-99-19-27-57-1-84-31-29-3-92-36-68-96-6-8-85-28-49-64-18-53-66-45-9-48-83-69-93-100-67-35-5-91-52-72-98
Ta100x20,9,3,300,1,0.075,5,2230905246,17000,6595,6358,5979,4.266797993,v2_avx512bw_vec32_exact_perm,42-81-50-43-95-62-15-80-2-89-47-12-21-79-90-65-94-84-41-7-78-70-45-51-16-33-97-86-59-60-19-56-74-46-30-63-44-4-76-11-22-54-57-24-38-25-39-23-71-82-58-26-75-68-27-17-77-61-1-73-6-13-92-34-20-100-10-8-88-3-55-14-40-99-28-37-49-9-53-36-69-29-32-64-31-87-35-93-85-18-83-48-96-52-67-5-91-72-66-98
Ta100x20,9,3,300,1,0.075,6,2230906255,17000,6591,6358,5979,4.446124728,v2_avx512bw_vec32_exact_perm,81-15-62-50-43-88-41-63-46-90-78-97-19-79-42-89-34-16-95-7-94-47-30-6-80-60-61-20-39-65-1-10-58-74-73-25-33-86-27-56-92-4-12-13-38-54-82-37-68-83-24-84-69-2-26-77-71-59-11-70-29-21-51-17-8-76-23-22-44-45-57-40-67-99-85-3-14-100-55-28-93-49-87-53-18-32-36-31-9-64-35-52-48-96-5-91-66-75-72-98
Ta100x20,9,3,300,1,0.075,7,2230907264,17000,6653,6358,5979,4.916739317,v2_avx512bw_vec32_exact_perm,42-81-15-80-37-43-50-88-47-63-95-16-79-60-41-61-97-74-59-62-21-4-24-89-78-9-10-51-83-90-13-68-23-2-7-77-6-19-30-14-84-26-54-46-58-70-94-65-39-86-27-28-49-22-12-73-33-82-56-11-29-64-38-53-34-57-8-25-92-71-76-45-75-100-87-18-85-48-93-99-20-17-44-55-67-69-35-1-40-32-36-3-31-96-52-91-5-72-66-98
Ta100x20,9,3,300,1,0.075,8,2230908273,17000,6582,6358,5979,4.298680193,v2_avx512bw_vec32_exact_perm,42-81-43-41-88-7-47-94-62-37-50-54-65-90-60-97-26-80-51-45-33-95-89-68-10-15-84-78-79-12-21-56-46-76-63-92-86-16-19-4-59-77-2-38-61-1-14-22-74-17-71-20-75-24-30-25-6-57-39-36-34-55-82-11-23-44-66-58-49-27-70-40-96-73-28-3-32-18-31-99-13-53-85-29-69-8-64-83-100-35-9-87-52-5-93-48-67-91-72-98
Ta100x20,9,3,300,1,0.075,9,2230909282,17000,6604,6358,5979,4.37828619,v2_avx512bw_vec32_exact_perm,42-81-15-78-46-89-88-63-75-62-43-47-7-37-41-19-60-21-50-68-74-2-59-38-80-20-97-90-16-12-94-10-4-79-33-40-56-24-51-14-3-84-17-95-58-61-87-83-55-77-34-65-29-57-82-26-25-23-54-76-27-11-92-44-45-71-73-30-86-22-9-32-100-39-49-36-99-31-1-8-13-6-53-18-28-93-67-69-64-85-70-52-96-48-35-5-91-72-66-98
Ta100x20,9,3,300,1,0.075,10,2230910291,17000,6650,6358,5979,4.826845143,v2_avx512bw_vec32_exact_perm,37-50-43-88-89-77-60-15-62-4-81-41-75-61-59-46-47-7-33-79-38-90-65-20-56-14-63-30-94-78-82-95-39-73-54-74-17-68-86-22-44-2-51-84-42-10-97-80-25-21-26-76-12-19-70-53-6-32-29-49-11-64-23-28-69-45-27-8-57-9-35-16-36-18-92-83-40-24-67-58-3-55-31-85-34-13-93-99-100-87-52-71-1-96-48-91-5-72-66-98
Ta100x20,9,3,300,1,0.1,1,2230901210,17000,6637,6358,5979,4.145505866,v2_avx512bw_vec32_exact_perm,42-50-81-43-15-41-88-78-89-90-65-68-62-51-77-21-64-46-75-74-80-95-60-59-33-47-63-79-54-84-97-30-13-7-48-26-58-1-14-16-76-23-61-94-17-12-2-40-20-27-25-4-19-56-39-71-6-38-53-18-82-70-57-44-86-3-29-31-83-73-11-32-10-22-69-85-37-24-34-49-92-8-55-67-87-28-93-36-100-9-35-5-99-52-96-72-66-45-91-98
Ta100x20,9,3,300,1,0.1,2,2230902219,17000,6605,6358,5979,4.117423906,v2_avx512bw_vec32_exact_perm,42-81-7-43-15-78-88-97-89-60-62-19-16-41-80-50-46-94-59-47-90-95-12-33-63-25-61-4-74-17-38-79-30-10-82-75-68-92-44-86-22-73-34-54-77-51-37-1-99-26-76-23-27-11-55-56-65-20-40-53-84-71-6-96-57-8-39-32-21-67-70-100-36-14-3-13-58-85-2-83-45-18-69-93-28-24-9-29-87-49-35-48-31-64-52-5-91-72-66-98
Ta100x20,9,3,300,1,0.1,3,2230903228,17000,6635,6358,5979,4.278899913,v2_avx512bw_vec32_exact_perm,42-81-15-37-89-62-12-16-50-74-43-45-94-60-26-41-80-65-46-7-90-24-10-95-33-63-79-51-77-38-2-47-68-21-97-82-84-76-59-78-86-23-4-39-30-11-19-70-88-56-22-44-58-27-25-73-31-92-64-3-14-20-54-17-36-75-69-6-34-53-71-61-32-8-83-9-57-66-29-100-40-87-93-99-13-85-28-18-1-49-52-35-55-48-96-67-5-91-72-98
Ta100x20,9,3,300,1,0.1,4,2230904237,17000,6668,6358,5979,4.152818632,v2_avx512bw_vec32_exact_perm,43-90-15-81-62-42-59-74-80-88-95-50-7-41-65-47-60-86-77-89-16-30-78-46-58-20-19-82-54-4-12-44-71-39-25-3-2-33-94-24-21-63-27-76-64-51-55-10-97-26-73-61-34-23-66-8-68-32-92-38-57-79-49-56-17-31-11-14-40-84-6-67-9-70-85-69-29-1-83-18-36-45-93-99-100-53-96-22-28-37-75-87-35-13-52-48-72-5-91-98
Ta100x20,9,3,300,1,0.1,5,2230905246,17000,6649,6358,5979,4.017832411,v2_avx512bw_vec32_exact_perm,42-81-50-43-89-41-24-62-80-65-95-15-78-2-97-60-74-79-21-90-55-46-10-63-16-47-26-38-77-59-68-76-51-12-7-88-30-58-94-56-92-86-4-39-44-20-11-17-66-33-14-75-6-83-19-34-57-99-27-70-23-71-40-36-22-82-25-3-84-53-61-69-37-13-1-87-54-32-49-29-64-85-8-67-31-73-93-18-45-9-52-35-28-48-96-5-100-91-72-98
Ta100x20,9,3,300,1,0.1,6,2230906255,17000,6634,6358,5979,4.450860585,v2_avx512bw_vec32_exact_perm,42-81-50-43-88-15-62-63-47-97-41-61-95-16-74-79-90-60-20-46-59-12-21-7-4-89-33-22-30-19-65-68-78-58-37-80-38-84-24-11-6-75-27-87-77-56-14-76-82-54-94-26-23-55-32-51-10-86-3-92-34-66-2-57-31-73-39-49-93-17-29-25-69-40-99-83-45-1-28-13-18-8-9-64-53-36-71-44-67-48-85-70-96-35-52-72-100-5-91-98
Ta100x20,9,3,300,1,0.1,7,2230907264,17000,6633,6358,5979,4.420039653,v2_avx512bw_vec32_exact_perm,42-81-43-88-41-62-95-94-7-15-80-16-89-79-46-78-20-63-2-97-50-47-90-76-77-65-30-61-59-12-37-19-6-4-34-39-82-21-86-22-84-60-23-38-54-44-68-51-74-10-58-26-25-33-24-56-17-49-75-11-67-93-71-3-57-27-14-92-1-45-53-31-9-85-87-40-29-83-70-36-13-100-69-35-99-28-8-32-73-18-96-48-5-52-64-55-91-72-66-98
Ta100x20,9,3,300,1,0.1,8,2230908273,17000,6645,6358,5979,4.505032132,v2_avx512bw_vec32_exact_perm,42-81-33-43-19-60-50-95-62-47-12-41-15-16-65-68-46-51-90-59-21-84-89-80-7-74-78-44-54-96-97-26-75-76-94-79-58-83-57-39-88-63-25-61-14-77-2-32-66-22-73-29-56-24-27-20-23-10-11-64-69-71-30-4-9-86-53-3-35-82-18-17-40-1-49-92-70-8-6-13-31-85-38-36-34-55-45-28-87-37-67-48-99-52-5-93-100-72-91-98
Ta100x20,9,3,300,1,0.1,9,2230909282,17000,6619,6358,5979,4.452283737,v2_avx512bw_vec32_exact_perm,42-81-78-41-75-50-15-37-89-95-61-62-16-47-60-94-90-59-21-74-86-63-10-4-68-46-12-44-51-2-24-77-80-20-97-43-38-54-79-22-7-34-65-6-30-58-84-19-3-53-17-88-27-33-40-56-87-49-82-39-26-23-14-25-92-11-31-76-57-28-8-18-36-9-73-70-83-69-13-29-66-71-55-99-32-1-45-93-64-35-52-48-67-96-5-85-100-72-91-98
Ta100x20,9,3,300,1,0.1,10,2230910291,17000,6652,6358,5979,4.435591358,v2_avx512bw_vec32_exact_perm,37-62-88-15-78-74-89-60-56-16-46-43-50-24-61-81-47-90-95-63-94-17-39-21-42-77-41-51-38-80-79-19-82-14-97-7-22-65-68-2-44-25-58-33-12-4-6-64-26-20-23-86-54-59-10-75-57-71-85-49-30-40-73-76-3-83-27-34-100-92-70-11-8-84-28-55-53-9-35-99-45-69-18-13-1-36-87-29-96-93-32-67-48-52-31-5-91-72-66-98
Ta100x20,9,3,300,1,0.125,1,2230901210,17000,6624,6358,5979,4.300690352,v2_avx512bw_vec32_exact_perm,42-81-88-43-16-37-89-41-15-50-78-62-21-60-46-63-90-59-24-74-80-30-65-33-95-75-61-10-64-79-47-4-77-76-2-68-94-54-38-58-12-23-7-84-26-20-34-22-40-25-73-19-87-39-56-83-53-29-49-57-27-71-31-3-82-6-69-51-55-11-44-97-70-14-17-36-92-93-8-99-1-13-85-28-100-32-18-86-48-9-67-35-96-45-5-52-91-72-66-98
Ta100x20,9,3,300,1,0.125,2,2230902219,17000,6653,6358,5979,4.519106929,v2_avx512bw_vec32_exact_perm,42-81-43-65-89-41-50-15-7-78-60-46-80-63-97-95-47-61-17-90-88-62-79-94-74-33-10-21-56-24-84-59-16-75-20-70-99-54-86-2-19-38-23-30-57-22-12-6-11-4-39-37-13-82-27-58-26-100-14-73-8-76-3-68-51-92-77-66-25-36-53-44-71-29-69-35-49-87-64-55-40-1-85-18-31-28-93-9-83-34-32-45-67-48-52-96-91-5-72-98
Ta100x20,9,3,300,1,0.125,3,2230903228,17000,6636,6358,5979,4.343003214,v2_avx512bw_vec32_exact_perm,81-43-50-15-41-89-88-60-33-75-24-90-46-78-65-21-62-74-17-56-30-80-95-2-47-94-42-79-4-7-59-12-97-34-10-38-63-37-58-19-82-44-61-16-22-68-86-76-73-14-55-26-51-1-77-11-54-20-25-66-70-23-6-9-13-84-96-39-92-49-57-29-3-53-27-31-40-64-8-83-18-36-99-32-93-71-69-85-87-28-100-35-52-45-72-48-67-5-91-98
Ta100x20,9,3,300,1,0.125,4,2230904237,17000,6651,6358,5979,4.253876208,v2_avx512bw_vec32_exact_perm,42-81-15-43-63-89-90-65-50-16-41-46-37-59-95-12-62-2-74-60-80-47-84-24-68-94-33-64-21-30-97-20-51-11-79-55-49-77-10-86-4-19-17-78-38-73-29-57-1-58-82-22-75-61-44-7-92-99-53-25-39-23-6-26-88-27-76-31-71-54-69-40-8-14-56-32-9-70-3-85-83-34-18-45-28-100-87-52-93-36-67-13-35-96-72-48-91-5-66-98
Ta100x20,9,3,300,1,0.125,5,2230905246,17000,6622,6358,5979,4.16217781,v2_avx512bw_vec32_exact_perm,42-81-15-16-41-43-47-62-88-63-97-50-46-95-37-78-89-7-51-20-90-56-77-44-80-60-21-4-33-10-2-59-74-25-86-38-24-26-68-19-11-17-83-58-92-61-30-6-39-76-54-75-12-79-65-22-36-94-57-3-40-84-31-23-82-70-29-49-34-8-99-32-64-9-1-66-73-14-55-27-13-69-85-71-87-100-18-53-28-93-45-48-35-67-96-5-52-72-91-98
Ta100x20,9,3,300,1,0.125,6,2230906255,17000,6658,6358,5979,4.379988774,v2_avx512bw_vec32_exact_perm,15-81-43-50-88-41-63-60-42-59-89-80-78-19-10-95-20-12-46-97-44-51-73-47-62-64-54-94-24-30-16-4-79-61-38-90-68-2-65-33-75-7-86-26-6-58-21-77-82-39-56-17-28-8-22-14-37-31-53-57-23-71-76-34-25-55-40-74-92-27-49-87-29-93-11-70-99-45-66-9-84-36-32-3-48-1-67-100-83-69-13-52-96-85-35-18-72-5-91-98
Ta100x20,9,3,300,1,0.125,7,2230907264,17000,6594,6358,5979,4.176860625,v2_avx512bw_vec32_exact_perm,42-81-43-89-15-80-88-78-41-50-46-60-61-30-62-63-24-22-65-79-95-94-97-26-90-73-75-57-12-51-47-77-37-74-10-23-19-44-16-38-4-2-59-86-21-71-58-70-25-68-17-11-33-6-27-84-76-14-49-7-69-1-40-92-54-28-34-39-56-8-53-13-87-99-32-3-82-45-93-18-100-64-85-31-29-55-83-72-36-67-66-9-20-52-48-96-35-5-91-98
Ta100x20,9,3,300,1,0.125,8,2230908273,17000,6620,6358,5979,4.329460548,v2_avx512bw_vec32_exact_perm,42-81-43-2-24-46-15-75-90-88-41-50-78-89-21-45-47-60-62-17-74-56-86-63-38-33-65-16-19-59-95-80-94-77-4-68-22-44-34-23-37-57-12-55-82-76-97-27-51-70-61-79-29-99-39-71-26-58-7-66-53-3-83-10-73-30-6-32-64-14-11-87-25-36-49-8-9-54-84-13-20-85-93-31-1-69-28-18-35-96-40-92-100-67-48-52-72-91-5-98
Ta100x20,9,3,300,1,0.125,9,2230909282,17000,6612,6358,5979,4.248991733,v2_avx512bw_vec32_exact_perm,42-81-88-15-37-59-60-43-89-77-41-75-74-25-62-65-10-40-16-46-24-30-47-63-19-97-6-95-7-80-54-51-26-79-58-2-84-38-94-68-83-61-33-1-90-21-4-56-69-86-14-22-73-39-99-23-87-50-34-82-11-3-49-45-57-27-76-92-44-18-85-100-17-93-36-8-9-55-12-31-32-53-28-67-13-29-20-78-71-48-96-35-70-5-64-91-72-52-66-98
Ta100x20,9,3,300,1,0.125,10,2230910291,17000,6623,6358,5979,4.197115147,v2_avx512bw_vec32_exact_perm,37-89-95-63-78-15-22-16-62-81-88-47-41-24-43-90-21-80-54-7-94-60-46-79-74-26-33-4-50-64-19-30-14-59-75-10-99-76-12-58-44-51-56-17-38-65-77-73-61-97-20-11-23-68-6-82-70-29-34-84-57-42-25-53-3-39-86-2-49-69-67-40-55-66-27-83-28-18-8-31-85-92-13-32-52-36-87-45-9-100-71-1-93-48-96-72-35-5-91-98
Ta100x20,9,4,400,0.85,0.025,1,2230901210,17000,6444,6358,5979,5.171850342,v2_avx512bw_vec32_exact_perm,42-81-43-88-15-74-41-60-80-94-50-95-62-47-63-46-97-90-24-37-78-12-21-4-59-26-19-33-7-16-10-79-76-89-57-75-73-38-65-61-30-84-51-77-56-2-86-17-44-54-20-39-58-9-11-34-1-55-40-85-14-92-3-22-99-82-8-28-68-13-23-71-70-100-35-25-64-96-27-66-36-69-87-83-53-93-31-6-32-48-67-45-52-18-5-29-49-72-91-98
Ta100x20,9,4,400,0.85,0.025,2,2230902219,17000,6483,6358,5979,5.266069077,v2_avx512bw_vec32_exact_perm,42-81-51-62-50-95-63-37-43-41-80-89-60-15-90-59-79-12-94-47-78-65-33-7-38-56-68-46-97-10-4-19-75-30-61-16-54-45-26-76-58-44-23-11-24-84-9-14-92-27-77-20-88-53-74-34-73-22-25-17-2-21-39-1-29-57-82-67-64-28-86-18-32-93-55-66-69-3-6-99-31-85-100-40-8-87-36-49-70-71-52-83-13-48-96-35-72-5-91-98
Ta100x20,9,4,400,0.85,0.025,3,2230903228,17000,6473,6358,5979,5.160665846,v2_avx512bw_vec32_exact_perm,42-81-88-15-74-60-78-41-50-57-43-94-89-62-95-63-16-61-80-38-97-79-65-59-47-90-68-24-46-56-20-2-33-84-7-19-10-4-12-75-22-73-51-54-40-87-23-26-58-30-27-17-6-71-86-39-92-55-14-21-37-34-77-32-11-44-99-8-35-76-64-82-3-72-1-45-93-25-9-53-70-83-69-31-29-49-85-18-28-13-100-36-96-48-5-52-67-91-66-98
Ta100x20,9,4,400,0.85,0.025,4,2230904237,17000,6472,6358,5979,5.062818508,v2_avx512bw_vec32_exact_perm,42-81-43-88-41-50-15-90-97-19-47-62-7-95-75-2-65-77-16-57-94-80-60-89-33-61-79-84-38-68-59-46-63-73-30-86-78-54-4-56-96-10-51-76-12-20-21-55-44-74-17-37-26-40-58-23-6-22-1-11-25-34-3-45-99-87-14-82-39-66-27-29-8-24-32-53-83-9-92-100-49-69-48-64-85-31-36-93-35-28-13-71-70-52-67-18-5-91-72-98
Ta100x20,9,4,400,0.85,0.025,5,2230905246,17000,6417,6358,5979,5.518359787,v2_avx512bw_vec32_exact_perm,42-81-88-43-89-60-74-7-80-62-16-15-50-41-79-12-46-97-90-59-37-47-19-94-4-33-86-63-55-10-95-78-24-65-38-77-54-73-28-51-70-56-14-20-64-2-39-21-82-26-23-58-68-61-84-22-17-11-75-30-3-45-27-48-53-40-71-1-99-76-25-52-9-67-85-57-34-8-92-49-13-100-36-69-87-31-6-83-93-32-35-29-44-96-18-5-91-72-66-98
Ta100x20,9,4,400,0.85,0.025,6,2230906255,17000,6563,6358,5979,5.397304402,v2_avx512bw_vec32_exact_perm,81-78-15-41-88-59-16-94-62-97-7-43-42-95-63-13-46-90-74-47-2-86-30-12-75-37-24-60-6-77-17-21-80-58-33-19-4-83-26-89-79-55-61-76-11-65-14-56-84-39-20-22-51-44-10-23-70-68-92-38-50-54-27-82-8-69-9-32-57-64-35-40-36-73-31-93-3-99-85-28-71-87-34-53-25-67-49-100-45-52-29-18-1-48-96-5-91-72-66-98
Ta100x20,9,4,400,0.85,0.025,7,2230907264,17000,6471,6358,5979,5.307016299,v2_avx512bw_vec32_exact_perm,42-81-37-63-41-59-95-47-62-89-15-16-43-79-61-60-80-88-65-90-77-97-30-94-48-57-51-19-38-78-7-12-20-22-2-24-33-23-74-17-14-54-40-75-84-46-68-21-10-26-58-83-4-56-6-76-39-82-50-25-69-34-3-49-73-86-11-67-29-1-44-45-55-31-8-28-66-9-70-27-53-92-32-71-35-64-36-93-99-13-100-85-18-52-87-5-96-72-91-98
Ta100x20,9,4,400,0.85,0.025,8,2230908273,17000,6580,6358,5979,5.588578786,v2_avx512bw_vec32_exact_perm,42-81-43-15-89-24-78-41-50-65-90-60-75-61-95-62-47-88-79-4-80-33-46-10-97-63-77-94-44-12-59-11-23-30-57-26-76-64-7-54-19-51-16-70-58-3-39-21-73-84-14-93-74-68-71-48-56-27-2-31-40-53-37-17-6-22-86-34-82-38-92-1-69-29-32-99-8-87-25-36-49-100-55-20-35-9-45-85-28-66-67-83-96-13-52-72-18-5-91-98
Ta100x20,9,4,400,0.85,0.025,9,2230909282,17000,6425,6358,5979,5.78306805,v2_avx512bw_vec32_exact_perm,42-43-16-15-41-50-81-37-63-59-95-47-62-60-46-77-80-90-89-65-79-73-10-78-97-54-19-94-4-2-24-12-38-75-20-30-82-74-68-96-61-17-21-22-7-58-23-33-26-27-76-11-25-86-92-51-34-1-6-14-8-57-56-71-70-99-40-39-45-87-3-36-83-13-84-29-53-18-32-44-100-66-9-31-69-49-28-35-64-85-52-55-93-88-48-72-67-91-5-98
Ta100x20,9,4,400,0.85,0.025,10,2230910291,17000,6471,6358,5979,5.536540061,v2_avx512bw_vec32_exact_perm,42-81-43-89-60-78-97-15-41-62-95-7-80-88-47-90-50-37-65-45-77-30-75-86-54-64-74-38-56-46-76-84-79-63-10-6-94-12-21-26-51-24-33-82-25-39-83-92-28-68-61-87-16-66-59-20-70-19-14-73-23-55-11-2-27-71-58-34-40-57-4-17-3-8-36-13-49-53-29-93-31-32-100-69-9-35-67-44-22-85-52-99-1-18-48-96-72-5-91-98
Ta100x20,9,4,400,0.85,0.05,1,2230901210,17000,6565,6358,5979,6.132611938,v2_avx512bw_vec32_exact_perm,37-89-62-50-15-41-16-63-95-81-43-88-60-80-61-68-59-42-20-90-78-86-94-97-39-7-30-2-19-38-77-65-47-31-6-25-10-12-4-79-74-23-54-26-46-82-58-27-76-75-56-71-1-33-21-44-70-17-57-40-99-14-9-8-85-3-24-34-13-28-92-11-49-53-29-73-100-64-83-87-18-55-67-32-36-84-93-69-22-35-45-51-52-48-96-5-91-72-66-98
Ta100x20,9,4,400,0.85,0.05,2,2230902219,17000,6566,6358,5979,5.480888536,v2_avx512bw_vec32_exact_perm,15-50-43-41-81-88-7-16-62-78-57-95-42-47-94-80-74-89-97-66-60-2-63-79-17-30-90-19-75-65-56-48-33-11-38-68-14-77-46-82-39-86-54-27-44-59-71-61-73-69-51-10-23-76-21-22-58-37-20-84-70-26-92-4-12-83-40-24-25-49-8-55-87-28-53-31-3-18-99-64-1-100-6-36-93-72-29-13-85-32-67-35-96-45-52-9-5-34-91-98
Ta100x20,9,4,400,0.85,0.05,3,2230903228,17000,6560,6358,5979,5.283561409,v2_avx512bw_vec32_exact_perm,42-81-43-16-15-41-7-62-24-47-90-56-60-80-88-46-59-37-50-12-95-65-77-78-2-73-51-54-33-75-22-10-64-79-23-44-74-11-63-25-58-26-14-30-27-19-94-6-38-21-84-86-76-89-57-18-20-97-4-53-82-34-68-3-69-32-61-17-29-39-93-85-83-99-35-71-40-100-92-87-9-70-36-13-8-28-49-45-55-31-67-52-1-48-96-5-91-72-66-98
Ta100x20,9,4,400,0.85,0.05,4,2230904237,17000,6590,6358,5979,6.000386867,v2_avx512bw_vec32_exact_perm,81-43-50-15-78-51-41-59-47-95-80-7-62-90-17-60-97-37-77-19-89-92-44-42-46-61-79-86-65-24-74-73-10-34-16-39-38-88-21-4-12-83-63-33-40-57-58-26-68-75-82-22-54-30-94-8-11-13-56-64-3-84-71-14-76-55-25-23-20-18-32-49-6-27-2-35-29-67-70-9-53-69-99-93-85-87-31-28-1-45-52-36-96-48-100-5-91-72-66-98
Ta100x20,9,4,400,0.85,0.05,5,2230905246,17000,6520,6358,5979,5.731154518,v2_avx512bw_vec32_exact_perm,42-81-50-43-15-89-62-46-63-75-16-20-80-60-37-77-95-41-73-59-61-65-12-7-74-2-21-47-10-90-79-78-4-56-86-30-94-51-58-38-33-19-25-88-70-97-11-44-55-26-76-27-71-84-39-68-6-67-66-14-17-54-40-1-23-82-3-45-34-22-53-29-28-13-8-57-9-24-83-49-92-99-100-64-35-93-69-36-96-32-18-5-52-87-85-31-72-48-91-98
Ta100x20,9,4,400,0.85,0.05,6,2230906255,17000,6528,6358,5979,5.333444504,v2_avx512bw_vec32_exact_perm,81-43-41-50-78-88-90-15-89-16-62-42-46-59-7-37-75-68-65-60-54-47-79-33-2-25-77-4-12-38-73-17-80-19-21-22-51-30-95-39-56-74-86-20-84-58-11-44-97-6-10-63-70-14-92-26-61-3-23-27-31-64-94-1-24-34-76-57-8-45-82-53-29-18-85-87-28-67-49-9-69-55-36-40-93-99-83-13-52-71-32-48-96-35-100-5-91-72-66-98
Ta100x20,9,4,400,0.85,0.05,7,2230907264,17000,6530,6358,5979,5.223241091,v2_avx512bw_vec32_exact_perm,42-81-43-88-41-47-15-24-60-50-90-97-80-65-95-78-61-7-46-62-17-33-20-59-94-2-74-63-86-76-38-54-79-30-75-12-27-10-45-77-21-16-73-56-26-4-1-51-19-22-11-23-6-39-58-89-37-44-55-82-69-66-14-71-8-68-53-99-34-25-31-9-40-29-84-3-85-32-57-67-49-64-92-35-93-28-100-87-18-36-70-83-13-5-52-48-96-72-91-98
Ta100x20,9,4,400,0.85,0.05,8,2230908273,17000,6552,6358,5979,5.106496893,v2_avx512bw_vec32_exact_perm,42-81-43-89-62-7-41-60-15-88-38-50-48-95-77-16-61-24-73-54-47-46-90-63-10-23-55-65-2-20-74-45-4-80-12-59-33-94-51-84-34-19-79-21-22-78-99-76-68-71-57-56-82-26-58-17-86-97-37-75-27-30-40-14-31-44-3-39-6-87-11-8-64-53-32-49-29-18-85-25-69-100-36-92-28-66-67-9-96-70-83-52-1-13-35-93-5-72-91-98
Ta100x20,9,4,400,0.85,0.05,9,2230909282,17000,6547,6358,5979,5.280184465,v2_avx512bw_vec32_exact_perm,42-81-7-43-74-88-90-62-95-41-15-89-78-16-21-80-19-47-50-46-20-2-94-68-30-63-86-4-12-38-6-59-37-60-39-1-33-97-76-61-82-75-51-57-25-65-10-56-58-22-77-44-79-84-99-71-26-54-17-40-34-23-13-11-9-8-24-27-28-53-92-45-83-70-87-49-93-3-100-31-14-35-73-32-36-64-69-55-29-85-18-67-52-48-96-91-5-72-66-98
Ta100x20,9,4,400,0.85,0.05,10,2230910291,17000,6583,6358,5979,5.016201114,v2_avx512bw_vec32_exact_perm,42-81-88-41-2-43-50-65-78-89-62-97-15-26-60-95-47-59-80-33-63-21-74-12-54-79-84-16-19-51-82-3-92-10-38-46-7-77-94-24-22-30-4-75-76-68-56-86-99-27-61-20-40-23-11-58-34-39-25-57-37-90-70-71-83-1-17-29-73-100-69-9-32-66-53-6-18-64-14-36-44-35-49-93-85-31-67-55-8-28-13-5-52-45-87-48-96-72-91-98
Ta100x20,9,4,400,0.85,0.075,1,2230901210,17000,6596,6358,5979,5.338802984,v2_avx512bw_vec32_exact_perm,42-50-81-41-43-62-16-95-12-74-60-97-15-78-38-59-7-79-68-47-37-46-63-89-65-64-94-4-73-30-80-86-21-90-58-54-23-88-84-26-28-77-85-56-76-51-10-22-17-61-33-19-2-27-44-24-99-25-40-39-70-71-1-11-82-75-69-48-34-13-53-29-14-20-49-8-92-83-100-6-93-57-32-9-31-36-45-67-55-18-72-52-66-96-5-3-87-35-91-98
Ta100x20,9,4,400,0.85,0.075,2,2230902219,17000,6553,6358,5979,5.317334123,v2_avx512bw_vec32_exact_perm,42-81-88-43-41-7-50-75-60-37-80-62-65-15-46-74-47-21-57-77-16-89-95-90-63-30-38-39-79-84-86-94-19-2-55-97-26-82-10-59-58-54-4-23-11-33-68-51-22-20-78-25-61-87-44-24-40-28-71-92-34-27-12-56-70-69-76-3-14-17-9-83-49-29-53-18-73-31-100-32-85-52-1-67-8-6-99-13-45-64-36-35-93-48-96-5-91-72-66-98
Ta100x20,9,4,400,0.85,0.075,3,2230903228,17000,6569,6358,5979,5.55245103,v2_avx512bw_vec32_exact_perm,42-81-43-89-62-10-88-15-7-16-78-94-63-90-66-95-33-21-2-60-50-37-68-59-41-38-80-79-84-47-73-97-54-4-19-76-46-24-64-61-65-77-82-12-30-75-34-57-74-6-39-51-27-58-1-53-44-26-23-56-20-8-31-11-70-71-22-99-55-92-87-17-36-40-32-14-96-86-85-29-49-3-28-100-25-13-93-69-83-48-45-35-9-52-67-72-18-5-91-98
Ta100x20,9,4,400,0.85,0.075,4,2230904237,17000,6562,6358,5979,5.133452611,v2_avx512bw_vec32_exact_perm,42-81-43-7-16-19-41-89-62-65-80-78-97-94-33-60-46-95-63-50-75-15-37-47-22-74-54-56-39-79-51-57-12-24-38-2-61-4-21-76-82-70-59-84-71-86-77-58-20-44-11-25-55-26-10-92-73-1-17-31-3-30-34-29-64-14-27-66-53-100-85-87-18-6-23-40-99-8-68-83-49-9-69-88-35-28-93-48-67-32-90-36-96-13-5-45-52-72-91-98
Ta100x20,9,4,400,0.85,0.075,5,2230905246,17000,6548,6358,5979,5.107064472,v2_avx512bw_vec32_exact_perm,42-81-50-15-75-43-74-7-80-88-60-41-95-47-94-78-33-26-97-90-21-59-63-17-46-62-10-20-12-82-30-56-79-73-19-89-61-65-51-16-76-4-54-77-25-58-38-64-39-44-11-66-6-87-29-57-83-34-70-92-86-37-55-13-2-14-93-1-23-22-24-35-49-27-71-28-9-99-8-45-100-53-40-3-48-69-32-36-67-68-85-31-84-18-96-72-52-5-91-98
Ta100x20,9,4,400,0.85,0.075,6,2230906255,17000,6509,6358,5979,5.27884681,v2_avx512bw_vec32_exact_perm,42-81-43-50-78-15-89-60-74-41-59-63-65-46-77-4-90-21-80-57-95-88-62-30-47-16-33-13-38-12-61-44-19-51-84-39-10-75-87-66-97-94-24-73-76-56-26-20-82-17-14-3-54-6-58-64-29-37-70-99-40-69-86-68-83-11-79-2-27-71-93-32-53-8-7-22-25-100-23-34-55-92-36-31-49-9-85-28-18-1-35-96-45-48-5-52-67-91-72-98
Ta100x20,9,4,400,0.85,0.075,7,2230907264,17000,6608,6358,5979,5.5099591,v2_avx512bw_vec32_exact_perm,42-81-16-43-88-77-78-15-80-41-50-62-65-97-89-38-79-12-60-74-27-47-33-21-86-59-63-19-90-10-23-7-95-57-26-84-61-75-4-71-94-87-39-14-2-20-73-51-30-68-56-46-70-54-83-53-58-22-6-100-37-40-17-25-76-49-99-93-55-1-82-32-11-69-3-9-92-24-85-29-64-35-44-67-28-13-8-48-18-45-36-96-31-52-66-34-72-5-91-98
Ta100x20,9,4,400,0.85,0.075,8,2230908273,17000,6544,6358,5979,5.183939366,v2_avx512bw_vec32_exact_perm,42-81-43-88-15-80-90-50-95-41-89-78-60-97-62-46-47-12-56-79-65-33-4-86-34-2-21-38-24-39-61-76-7-94-17-37-23-84-77-57-26-58-16-19-10-20-6-63-83-64-13-74-68-51-14-49-53-30-71-73-54-8-59-25-40-28-22-1-82-27-69-70-99-3-75-11-31-29-9-92-35-85-100-67-93-5-55-44-87-36-18-32-52-45-48-96-72-66-91-98
Ta100x20,9,4,400,0.85,0.075,9,2230909282,17000,6493,6358,5979,5.553491046,v2_avx512bw_vec32_exact_perm,42-81-2-50-15-75-41-62-46-60-74-95-78-80-21-89-47-7-16-77-37-43-90-79-12-10-73-59-65-61-33-20-4-55-31-17-68-94-40-97-63-38-51-58-54-87-24-44-86-25-30-88-19-27-92-34-70-71-56-23-26-82-57-6-39-11-28-8-14-18-49-1-84-22-3-29-53-64-69-99-35-76-13-83-93-45-36-32-9-96-85-100-52-48-67-5-91-72-66-98
Ta100x20,9,4,400,0.85,0.075,10,2230910291,17000,6536,6358,5979,5.233527932,v2_avx512bw_vec32_exact_perm,42-81-43-89-16-80-88-15-50-41-90-65-63-95-74-78-62-47-97-37-79-21-4-77-68-60-54-38-39-59-94-56-84-61-2-51-76-24-86-19-40-99-57-33-7-83-26-58-92-27-1-87-6-17-34-75-10-71-82-23-18-70-22-53-73-11-3-28-25-30-13-14-49-55-8-46-29-69-66-44-64-31-36-32-12-96-35-20-93-45-9-85-100-48-67-52-5-91-72-98
Ta100x20,9,4,400,0.85,0.1,1,2230901210,17000,6620,6358,5979,5.465832519,v2_avx512bw_vec32_exact_perm,81-15-50-88-41-43-16-89-60-62-59-37-77-21-47-24-55-2-20-90-54-51-46-68-95-78-30-42-80-17-75-82-65-44-74-19-94-63-61-83-25-97-40-33-99-79-22-26-38-23-4-58-76-12-10-87-34-14-56-39-86-73-45-71-92-7-70-8-29-69-3-57-66-49-64-27-84-9-53-11-85-36-93-28-18-32-31-100-6-52-1-67-72-48-13-96-35-5-91-98
Ta100x20,9,4,400,0.85,0.1,2,2230902219,17000,6569,6358,5979,5.518301377,v2_avx512bw_vec32_exact_perm,42-81-15-41-88-74-43-78-50-63-80-46-60-94-1-77-7-65-90-59-17-95-86-62-21-56-89-33-24-4-13-2-79-84-38-25-20-61-37-39-58-6-54-12-26-75-10-23-82-29-16-68-19-83-97-34-87-27-47-51-69-49-30-8-76-55-53-9-57-92-44-35-64-11-3-40-28-14-36-70-99-22-93-67-45-71-18-73-31-32-52-85-100-96-48-5-91-72-66-98
Ta100x20,9,4,400,0.85,0.1,3,2230903228,17000,6595,6358,5979,5.390873582,v2_avx512bw_vec32_exact_perm,42-81-50-78-89-15-63-90-41-60-7-80-48-95-46-59-62-34-65-47-94-54-79-26-44-74-19-16-88-12-38-20-33-17-21-97-30-39-27-2-77-82-14-10-3-58-73-25-86-56-84-61-40-71-23-68-75-11-70-51-22-66-83-55-92-31-6-28-53-43-37-76-4-9-24-64-36-8-87-45-49-57-69-93-29-32-35-67-18-1-85-99-96-13-52-72-100-5-91-98
Ta100x20,9,4,400,0.85,0.1,4,2230904237,17000,6593,6358,5979,5.28742719,v2_avx512bw_vec32_exact_perm,42-81-50-15-88-41-62-47-90-43-24-78-95-60-80-2-97-89-94-63-33-56-68-65-46-30-21-7-14-23-22-4-26-84-12-19-10-75-58-74-38-57-77-17-28-16-92-86-39-59-34-54-79-27-73-51-37-11-61-1-25-71-44-13-55-20-8-40-31-82-3-6-76-99-83-64-70-35-53-49-29-100-36-32-9-93-69-66-67-45-18-5-52-87-85-48-96-72-91-98
Ta100x20,9,4,400,0.85,0.1,5,2230905246,17000,6572,6358,5979,5.804967567,v2_avx512bw_vec32_exact_perm,81-43-7-41-88-78-89-15-75-62-74-37-63-65-80-47-90-97-86-94-42-61-60-38-77-22-68-44-95-83-59-50-30-12-46-33-57-84-76-17-79-54-4-19-21-92-16-11-26-29-39-24-10-13-82-14-28-23-3-64-56-34-51-2-40-58-73-70-53-27-20-31-71-49-25-32-18-36-1-99-93-9-45-85-69-8-87-6-100-48-96-35-55-5-52-67-91-72-66-98
Ta100x20,9,4,400,0.85,0.1,6,2230906255,17000,6540,6358,5979,5.226652788,v2_avx512bw_vec32_exact_perm,42-81-43-15-78-62-89-65-80-94-41-60-63-57-24-46-4-90-33-86-59-77-56-16-19-50-47-21-64-84-29-74-95-10-38-12-37-14-97-22-75-54-51-68-79-20-73-99-2-30-87-58-61-26-82-39-1-92-34-23-11-7-27-76-70-53-88-6-3-44-100-71-13-69-25-36-8-17-40-32-9-83-66-93-49-31-52-55-67-28-45-85-18-48-96-72-5-35-91-98
Ta100x20,9,4,400,0.85,0.1,7,2230907264,17000,6581,6358,5979,5.084527068,v2_avx512bw_vec32_exact_perm,42-81-88-41-50-95-43-15-89-80-78-62-21-47-12-63-60-94-4-86-33-97-90-46-75-19-64-16-77-73-7-10-30-65-22-74-54-20-79-38-24-13-44-37-51-34-76-2-57-69-61-17-82-39-11-59-56-14-26-23-28-55-27-29-83-87-71-3-85-31-58-68-99-84-40-9-25-8-53-36-100-70-6-49-35-92-1-93-67-45-32-96-48-52-18-5-91-72-66-98
Ta100x20,9,4,400,0.85,0.1,8,2230908273,17000,6613,6358,5979,5.439362624,v2_avx512bw_vec32_exact_perm,43-15-81-42-80-50-89-62-78-95-94-47-88-63-41-59-12-39-21-60-46-90-17-54-65-44-23-24-61-77-75-30-6-33-51-97-7-10-68-2-26-82-19-20-84-70-40-79-22-71-69-27-58-48-83-76-49-73-66-16-38-74-14-56-92-86-11-25-100-55-29-32-31-85-93-53-87-9-99-34-8-45-37-57-4-35-3-1-67-28-36-96-64-52-13-72-18-5-91-98
Ta100x20,9,4,400,0.85,0.1,9,2230909282,17000,6541,6358,5979,5.740555707,v2_avx512bw_vec32_exact_perm,42-37-16-74-89-15-43-88-60-4-80-46-77-30-12-41-19-50-47-90-65-78-94-38-62-44-10-97-87-33-20-51-84-54-95-21-86-26-79-61-63-24-55-17-68-59-71-76-34-81-57-58-27-73-8-92-56-29-22-75-11-25-2-23-14-6-1-100-28-13-70-49-39-53-40-99-32-18-82-3-69-31-64-83-52-7-9-67-66-85-36-45-93-72-48-96-35-5-91-98
Ta100x20,9,4,400,0.85,0.1,10,2230910291,17000,6594,6358,5979,6.102550697,v2_avx512bw_vec32_exact_perm,42-43-50-75-81-41-88-15-78-47-10-24-60-61-65-37-80-74-95-62-89-63-90-46-77-54-59-21-79-84-92-26-2-30-97-40-17-76-12-38-51-68-14-4-13-94-86-82-33-39-16-19-20-83-44-58-7-23-22-27-70-9-56-25-53-31-73-99-11-71-55-3-64-85-100-29-69-36-1-8-28-35-6-49-57-96-66-32-18-67-52-45-93-87-48-5-34-91-72-98
Ta100x20,9,4,400,0.85,0.125,1,2230901210,17000,6573,6358,5979,5.285917976,v2_avx512bw_vec32_exact_perm,42-81-43-74-78-62-88-50-54-15-80-63-20-60-76-97-41-95-47-16-90-64-24-75-65-21-77-61-46-19-84-4-56-33-39-37-94-89-30-57-86-59-25-83-51-2-10-79-3-12-22-38-7-82-26-31-69-73-27-29-68-58-11-23-71-70-44-14-99-9-32-92-66-40-6-28-34-87-8-55-49-53-100-18-17-35-85-13-48-36-96-93-45-67-52-1-72-5-91-98
Ta100x20,9,4,400,0.85,0.125,2,2230902219,17000,6581,6358,5979,5.169007997,v2_avx512bw_vec32_exact_perm,42-81-88-43-15-41-12-80-7-95-46-60-33-50-63-94-24-78-57-51-19-65-77-90-89-47-64-59-92-16-61-82-20-30-79-74-38-70-21-84-23-75-97-4-86-10-26-58-44-68-73-11-55-54-76-27-2-17-22-25-56-71-39-83-8-37-66-3-53-18-28-87-31-6-35-14-36-62-40-49-13-69-99-1-34-85-93-100-32-52-45-9-67-5-29-48-96-91-72-98
Ta100x20,9,4,400,0.85,0.125,3,2230903228,17000,6540,6358,5979,5.075692905,v2_avx512bw_vec32_exact_perm,42-81-50-2-88-95-43-74-47-61-89-10-60-23-62-16-51-15-58-37-41-80-21-7-77-46-78-90-20-63-79-75-19-65-26-55-97-84-44-24-11-59-6-38-68-30-54-12-76-83-92-64-4-56-27-33-40-94-17-9-70-14-66-34-3-73-87-8-57-29-25-53-22-86-32-39-82-36-96-99-93-69-35-31-49-85-18-28-1-71-13-45-52-67-48-100-5-91-72-98
Ta100x20,9,4,400,0.85,0.125,4,2230904237,17000,6607,6358,5979,5.409296684,v2_avx512bw_vec32_exact_perm,81-7-50-43-15-62-90-89-60-97-80-16-41-88-47-59-57-37-74-95-10-30-75-46-44-24-63-42-65-51-77-19-17-61-58-12-40-33-94-25-4-73-39-54-84-78-22-79-14-13-68-23-9-2-38-21-82-64-83-86-69-32-27-99-45-8-11-20-3-36-76-29-56-71-70-6-53-34-93-66-92-31-49-100-85-26-28-96-87-35-18-48-55-52-1-67-91-5-72-98
Ta100x20,9,4,400,0.85,0.125,5,2230905246,17000,6579,6358,5979,5.615616264,v2_avx512bw_vec32_exact_perm,43-50-41-81-78-2-97-60-15-80-89-62-7-76-88-77-21-16-65-90-33-75-12-94-26-13-23-63-46-59-73-61-68-82-4-86-44-54-25-34-51-99-79-42-30-47-11-55-22-92-1-14-27-58-17-95-56-64-6-37-93-87-74-84-19-24-9-38-39-83-45-10-8-32-3-57-31-85-67-28-71-70-40-100-20-69-36-49-29-72-52-48-53-96-35-18-5-91-66-98
Ta100x20,9,4,400,0.85,0.125,6,2230906255,17000,6570,6358,5979,5.46978393,v2_avx512bw_vec32_exact_perm,42-81-88-15-40-7-41-60-50-62-46-78-51-74-45-61-95-94-63-28-33-39-19-89-12-65-20-90-80-83-96-21-47-30-86-4-54-38-24-22-75-2-97-68-56-44-79-66-16-10-64-76-17-73-59-55-26-58-34-29-6-92-57-82-77-11-23-9-27-14-70-36-13-84-71-25-3-43-1-69-49-53-93-99-100-85-8-87-18-32-37-48-67-52-31-72-35-5-91-98
Ta100x20,9,4,400,0.85,0.125,7,2230907264,17000,6573,6358,5979,5.3644515,v2_avx512bw_vec32_exact_perm,42-81-43-88-50-80-15-41-16-46-62-89-63-59-37-95-47-74-60-13-38-65-78-19-79-73-97-90-7-61-84-94-21-11-30-56-44-39-26-12-51-77-10-82-58-76-29-23-55-17-68-4-27-22-71-33-24-86-2-92-25-20-70-54-69-49-36-18-8-64-14-32-6-45-28-53-40-3-57-93-75-99-87-100-9-85-67-35-83-31-96-1-48-34-91-5-52-72-66-98
Ta100x20,9,4,400,0.85,0.125,8,2230908273,17000,6602,6358,5979,5.108310018,v2_avx512bw_vec32_exact_perm,42-81-43-50-41-7-60-46-59-37-51-16-89-20-74-38-80-78-79-21-68-61-4-63-90-95-47-56-10-12-75-65-40-64-33-54-76-97-94-87-14-73-26-84-77-99-3-30-2-17-62-86-19-27-58-22-24-1-82-49-93-92-34-6-55-85-39-11-29-96-83-57-69-53-15-25-88-100-23-8-44-48-31-32-35-71-18-36-67-28-9-13-70-52-45-5-91-72-66-98
Ta100x20,9,4,400,0.85,0.125,9,2230909282,17000,6591,6358,5979,5.225378168,v2_avx512bw_vec32_exact_perm,42-81-43-89-15-41-47-50-60-62-88-65-77-12-90-97-37-80-17-7-24-84-79-46-4-22-38-94-61-10-20-86-33-51-25-23-26-19-54-56-73-44-16-59-2-95-68-21-30-74-63-75-53-11-39-14-71-99-34-1-35-58-6-82-27-78-83-70-69-29-8-100-76-9-67-3-85-18-40-31-32-92-45-87-13-57-49-28-36-52-96-93-55-64-48-5-91-72-66-98
Ta100x20,9,4,400,0.85,0.125,10,2230910291,17000,6562,6358,5979,5.078685469,v2_avx512bw_vec32_exact_perm,42-81-43-89-62-75-88-15-50-46-68-63-16-60-47-97-19-69-41-65-54-90-59-80-56-51-94-40-44-95-74-30-39-86-61-84-79-27-4-57-12-38-77-82-48-7-71-21-70-9-58-2-33-92-11-23-26-76-6-53-55-29-25-67-83-100-24-73-22-37-3-1-49-45-10-31-34-20-64-14-8-99-36-17-18-13-85-93-32-78-28-35-96-87-52-91-5-72-66-98
Ta100x20,9,4,400,0.8875,0.025,1,2230901210,17000,6511,6358,5979,5.828200219,v2_avx512bw_vec32_exact_perm,42-81-43-89-62-60-41-88-78-7-50-95-94-80-22-33-97-37-15-47-25-63-38-2-79-10-12-56-90-76-24-75-65-68-59-46-74-16-30-17-21-86-4-54-51-77-83-19-82-39-6-26-99-55-29-70-44-40-23-11-9-20-1-34-58-14-84-57-27-3-53-61-73-71-64-36-31-32-18-92-69-85-100-45-67-49-8-28-13-87-35-93-5-52-48-96-72-66-91-98
Ta100x20,9,4,400,0.8875,0.025,2,2230902219,17000,6560,6358,5979,5.669524326,v2_avx512bw_vec32_exact_perm,81-43-62-88-41-50-60-78-7-42-75-74-80-15-46-33-63-79-61-95-2-97-90-37-89-16-76-65-51-19-84-77-38-57-10-4-12-56-47-68-20-94-30-14-64-44-21-26-59-58-66-9-86-27-8-22-54-83-25-39-3-55-82-29-23-11-87-70-53-28-71-92-73-49-17-40-24-100-6-31-69-52-34-32-13-36-1-99-96-85-48-67-35-93-45-72-18-5-91-98
Ta100x20,9,4,400,0.8875,0.025,3,2230903228,17000,6530,6358,5979,5.909984866,v2_avx512bw_vec32_exact_perm,42-81-43-89-62-88-2-41-74-60-50-15-80-75-54-65-78-77-46-20-47-90-19-21-59-16-68-95-63-84-30-97-56-86-17-33-7-51-22-44-94-12-73-25-79-10-26-39-38-14-87-37-1-6-23-70-92-61-11-49-55-58-76-82-27-24-71-99-34-32-57-8-9-29-53-45-4-100-40-3-64-83-69-36-31-28-13-93-35-96-85-52-72-48-67-18-5-91-66-98
Ta100x20,9,4,400,0.8875,0.025,4,2230904237,17000,6586,6358,5979,5.724693777,v2_avx512bw_vec32_exact_perm,81-43-15-89-60-62-41-7-78-21-88-16-80-90-46-95-42-47-74-63-94-57-50-19-4-10-97-59-79-22-61-84-75-65-33-6-51-86-77-68-82-12-71-55-38-37-76-39-92-83-25-17-26-56-70-20-58-40-2-54-87-23-27-14-30-1-18-34-99-13-32-8-29-64-73-44-11-24-53-45-93-69-49-35-100-3-66-28-67-31-9-85-36-52-48-96-5-91-72-98
Ta100x20,9,4,400,0.8875,0.025,5,2230905246,17000,6546,6358,5979,5.849633521,v2_avx512bw_vec32_exact_perm,37-81-63-43-41-95-50-15-62-89-19-24-16-60-47-80-4-12-65-94-97-90-21-46-68-30-38-78-26-33-79-51-84-64-56-74-57-25-76-42-2-75-61-58-7-20-59-86-54-88-14-77-28-44-10-49-22-39-82-13-23-11-8-99-34-53-17-73-3-100-6-31-40-36-70-27-92-87-55-1-83-93-71-66-9-69-85-29-67-32-45-52-48-96-72-35-18-5-91-98
Ta100x20,9,4,400,0.8875,0.025,6,2230906255,17000,6539,6358,5979,5.467202444,v2_avx512bw_vec32_exact_perm,42-81-43-41-88-50-15-63-59-95-89-78-90-94-80-16-62-21-24-45-2-47-30-73-77-60-86-33-61-75-57-20-74-51-10-96-34-97-68-12-82-19-79-76-17-65-56-55-4-38-26-58-6-14-39-54-46-70-92-22-23-7-84-37-8-25-36-1-28-71-13-40-69-99-27-87-9-93-53-35-44-32-11-29-83-66-64-85-3-49-100-48-67-52-31-72-18-5-91-98
Ta100x20,9,4,400,0.8875,0.025,7,2230907264,17000,6549,6358,5979,5.14237259,v2_avx512bw_vec32_exact_perm,42-81-15-78-88-95-41-50-75-74-2-94-47-37-90-43-7-39-24-65-80-33-60-46-62-59-61-57-38-84-89-73-19-4-21-10-22-63-79-16-97-71-12-26-56-77-82-86-54-6-99-51-30-25-44-68-58-23-76-34-17-69-11-20-13-3-27-40-92-70-36-87-28-14-49-29-53-83-64-45-18-55-8-67-32-100-85-93-31-52-1-9-48-96-35-5-91-72-66-98
Ta100x20,9,4,400,0.8875,0.025,8,2230908273,17000,6607,6358,5979,5.12128043,v2_avx512bw_vec32_exact_perm,81-43-15-62-78-50-42-89-60-80-7-46-41-21-90-65-95-74-47-97-57-63-16-77-33-73-79-2-10-51-12-30-61-20-19-24-59-14-75-22-88-58-56-84-17-34-4-6-39-40-54-26-86-99-23-44-94-38-1-11-18-25-82-3-70-53-27-45-83-92-29-9-8-68-49-13-71-85-37-67-28-66-76-32-64-35-100-69-36-52-31-93-87-55-48-96-5-91-72-98
Ta100x20,9,4,400,0.8875,0.025,9,2230909282,17000,6527,6358,5979,5.686842813,v2_avx512bw_vec32_exact_perm,42-81-43-89-62-15-75-74-90-60-41-50-59-46-88-78-47-2-79-30-54-94-80-65-97-26-95-63-73-19-84-38-7-61-39-76-21-16-58-40-34-77-56-57-20-33-82-4-12-86-51-27-3-10-83-17-92-24-22-68-44-9-11-37-1-14-18-23-13-32-36-25-55-71-45-8-69-35-64-6-99-31-93-28-53-87-29-100-48-85-67-49-70-52-96-5-91-72-66-98
Ta100x20,9,4,400,0.8875,0.025,10,2230910291,17000,6544,6358,5979,5.753469439,v2_avx512bw_vec32_exact_perm,42-81-43-88-90-50-15-41-97-62-78-63-59-95-16-79-37-60-94-24-64-74-61-47-76-89-80-20-73-57-12-33-21-39-7-71-25-38-4-17-65-2-19-77-82-10-44-46-68-58-54-86-40-51-23-22-69-29-11-27-8-6-56-85-3-30-87-13-34-84-36-70-83-14-75-92-26-32-99-53-18-55-28-100-49-35-9-52-67-93-31-1-45-48-96-72-66-91-5-98
Ta100x20,9,4,400,0.8875,0.05,1,2230901210,17000,6573,6358,5979,5.336845924,v2_avx512bw_vec32_exact_perm,42-50-89-78-60-15-16-74-41-43-97-63-62-95-24-84-65-81-47-94-90-61-51-80-57-59-2-75-30-21-37-39-56-76-12-46-4-54-77-23-11-79-22-19-33-44-27-86-64-71-38-70-58-88-68-28-40-82-49-85-26-25-1-20-53-17-34-29-14-7-69-92-8-3-13-10-99-87-45-73-36-18-100-83-55-93-31-9-32-67-48-6-52-96-35-5-91-72-66-98
Ta100x20,9,4,400,0.8875,0.05,2,2230902219,17000,6569,6358,5979,5.167804172,v2_avx512bw_vec32_exact_perm,42-81-37-89-62-47-60-78-94-43-12-97-15-41-50-95-90-79-19-46-24-2-22-84-20-68-88-55-80-51-61-14-30-16-33-58-75-21-38-7-86-44-11-34-74-4-56-10-76-17-63-6-54-59-57-29-23-83-9-65-26-82-69-66-87-13-92-28-39-35-3-31-27-32-64-8-53-77-36-99-40-67-18-73-49-70-93-25-71-45-48-52-1-96-85-100-5-91-72-98
Ta100x20,9,4,400,0.8875,0.05,3,2230903228,17000,6549,6358,5979,5.403766757,v2_avx512bw_vec32_exact_perm,42-81-43-15-80-78-88-97-41-50-62-37-74-47-60-46-33-65-90-77-95-75-61-89-44-39-58-83-19-16-7-54-20-17-30-63-4-79-11-26-76-12-21-59-24-66-25-38-94-84-6-73-40-99-34-64-3-23-10-22-86-68-14-51-82-8-32-56-57-31-36-92-9-2-70-27-71-13-28-85-53-18-29-49-69-100-87-52-55-93-67-35-1-45-48-96-5-91-72-98
Ta100x20,9,4,400,0.8875,0.05,4,2230904237,17000,6580,6358,5979,5.300429672,v2_avx512bw_vec32_exact_perm,42-37-89-62-16-59-15-81-78-88-41-74-65-80-43-90-57-63-60-68-50-24-95-61-76-51-38-4-56-19-10-75-21-84-64-86-94-79-58-77-47-30-71-73-6-33-46-54-39-20-12-26-7-27-97-40-1-23-2-13-82-14-11-17-8-3-92-32-44-25-83-70-34-22-93-99-85-49-66-55-35-45-29-69-28-67-9-53-52-100-87-18-31-36-5-48-96-72-91-98
Ta100x20,9,4,400,0.8875,0.05,5,2230905246,17000,6546,6358,5979,5.510869543,v2_avx512bw_vec32_exact_perm,42-81-88-43-50-97-41-65-62-15-47-79-16-61-46-30-78-89-95-20-74-60-55-80-63-59-17-68-77-86-90-51-37-76-82-10-21-12-7-24-38-94-1-75-26-54-6-39-23-92-4-22-33-11-56-71-84-9-70-14-83-27-58-19-34-66-44-2-3-53-69-25-99-57-29-40-100-87-49-31-36-73-48-8-45-13-67-85-93-96-32-28-35-18-64-52-5-91-72-98
Ta100x20,9,4,400,0.8875,0.05,6,2230906255,17000,6528,6358,5979,5.084444863,v2_avx512bw_vec32_exact_perm,42-81-43-88-41-50-95-63-90-97-46-15-78-89-60-62-7-80-79-21-16-77-4-37-94-30-19-59-75-12-83-65-33-38-74-57-11-10-44-27-34-51-76-6-40-24-84-68-1-56-92-47-70-25-26-39-17-9-86-54-71-2-23-64-58-73-3-85-14-31-29-22-82-69-8-53-32-18-55-99-35-49-87-28-100-20-61-13-93-5-36-67-45-52-48-96-72-66-91-98
Ta100x20,9,4,400,0.8875,0.05,7,2230907264,17000,6600,6358,5979,5.215645301,v2_avx512bw_vec32_exact_perm,42-43-50-78-15-41-89-80-63-88-59-60-74-62-46-51-56-16-33-37-4-81-77-12-47-94-79-86-30-25-17-21-75-10-54-44-39-22-61-95-65-57-14-76-73-26-71-90-23-7-99-68-19-1-24-2-38-27-82-64-92-100-58-48-34-6-97-20-93-40-3-53-11-85-69-49-29-67-32-8-55-84-66-87-36-31-18-83-13-28-96-70-52-5-45-9-35-91-72-98
Ta100x20,9,4,400,0.8875,0.05,8,2230908273,17000,6582,6358,5979,5.045067876,v2_avx512bw_vec32_exact_perm,81-15-78-50-60-43-89-41-94-90-88-2-80-7-65-47-97-62-25-30-63-95-33-37-59-19-84-75-70-46-54-21-4-12-86-10-77-26-92-68-17-38-11-73-53-42-51-79-1-61-39-82-76-34-27-24-83-71-69-74-28-100-31-23-58-22-9-85-16-20-56-14-8-40-99-55-57-18-64-6-66-32-36-87-49-35-93-13-45-3-67-5-44-52-29-96-72-48-91-98
Ta100x20,9,4,400,0.8875,0.05,9,2230909282,17000,6621,6358,5979,5.128788751,v2_avx512bw_vec32_exact_perm,48-42-89-95-74-60-81-41-24-62-78-47-43-90-65-80-59-7-38-12-94-33-46-39-15-77-44-86-70-51-63-55-99-79-30-58-16-19-14-88-2-56-96-54-22-23-4-76-97-26-27-10-68-75-29-6-34-53-82-25-37-61-87-20-21-3-17-49-73-8-11-57-50-71-84-35-93-69-45-40-28-36-64-32-67-92-13-85-31-83-52-9-100-18-1-5-91-72-66-98
Ta100x20,9,4,400,0.8875,0.05,10,2230910291,17000,6606,6358,5979,5.738085025,v2_avx512bw_vec32_exact_perm,42-43-81-78-50-88-16-46-55-15-63-80-62-89-90-21-95-60-41-7-59-38-47-97-79-19-37-33-77-54-86-65-84-22-2-58-83-74-17-68-75-10-56-31-44-94-4-61-30-20-3-23-11-51-70-6-71-53-25-82-26-39-12-76-34-99-24-87-27-18-29-14-69-40-73-32-64-35-57-93-8-49-85-92-100-28-1-48-67-66-13-45-9-36-96-5-52-72-91-98
Ta100x20,9,4,400,0.8875,0.075,1,2230901210,17000,6595,6358,5979,5.028083796,v2_avx512bw_vec32_exact_perm,42-81-95-43-62-15-89-50-16-80-51-46-7-24-21-63-90-41-60-78-97-54-19-47-4-76-88-33-26-56-1-10-65-59-77-64-83-30-58-25-75-61-38-12-28-2-68-94-34-17-40-20-74-29-14-86-3-11-53-82-79-39-57-27-23-44-84-22-69-71-13-18-37-99-66-9-85-8-36-70-55-49-31-73-6-67-92-35-100-32-5-93-87-52-45-48-96-72-91-98
Ta100x20,9,4,400,0.8875,0.075,2,2230902219,17000,6561,6358,5979,5.068727163,v2_avx512bw_vec32_exact_perm,37-89-81-60-41-15-16-74-95-80-24-62-43-90-50-19-46-44-75-7-63-97-42-77-65-61-70-47-86-94-54-33-82-30-27-14-51-38-3-76-21-84-68-17-56-22-88-4-59-12-83-10-55-11-69-40-79-39-6-71-58-2-23-20-26-34-31-28-9-25-1-99-8-45-92-85-64-73-13-57-36-67-78-29-49-35-32-100-18-53-52-93-87-48-96-5-91-72-66-98
Ta100x20,9,4,400,0.8875,0.075,3,2230903228,17000,6565,6358,5979,4.807127499,v2_avx512bw_vec32_exact_perm,42-81-15-43-95-89-94-47-62-50-80-97-60-63-19-46-59-78-41-90-88-24-16-30-38-65-74-54-21-82-9-76-34-4-79-71-57-20-75-2-77-84-58-56-23-26-25-33-10-22-73-68-17-92-61-86-1-3-12-51-37-39-66-6-64-83-14-11-55-7-31-8-70-99-49-53-29-44-40-32-69-27-18-36-100-13-85-87-28-96-35-93-67-48-72-52-5-45-91-98
Ta100x20,9,4,400,0.8875,0.075,4,2230904237,17000,6584,6358,5979,5.01318562,v2_avx512bw_vec32_exact_perm,42-50-15-74-78-43-88-77-60-95-90-41-62-97-96-75-59-37-2-57-27-47-46-80-30-94-76-89-21-65-22-55-63-19-7-4-33-25-26-20-12-38-86-61-44-68-58-16-81-17-36-66-92-83-9-39-82-54-79-40-1-10-51-6-69-56-3-34-11-23-28-8-24-99-14-64-49-13-53-18-70-71-31-73-48-93-85-29-87-84-32-100-67-52-45-5-35-91-72-98
Ta100x20,9,4,400,0.8875,0.075,5,2230905246,17000,6570,6358,5979,5.037904774,v2_avx512bw_vec32_exact_perm,42-81-43-88-50-15-59-41-16-7-21-62-2-80-24-78-65-90-74-89-60-33-46-56-61-79-68-75-20-63-38-44-10-95-51-30-94-47-19-77-6-39-84-12-37-58-26-86-25-97-23-82-34-71-76-27-22-87-99-11-32-54-53-40-70-92-8-83-17-73-29-3-4-100-13-57-69-1-14-64-31-55-9-18-36-85-28-67-93-49-45-52-48-96-35-5-91-72-66-98
Ta100x20,9,4,400,0.8875,0.075,6,2230906255,17000,6542,6358,5979,5.206226807,v2_avx512bw_vec32_exact_perm,42-81-88-43-41-16-78-90-97-89-60-15-62-80-94-46-33-20-19-63-59-95-4-10-12-77-47-14-6-87-37-65-75-74-79-34-54-61-38-57-73-24-50-84-58-22-23-2-68-40-55-51-76-27-21-82-26-25-92-31-56-39-17-71-30-11-83-1-70-99-3-8-52-85-13-29-86-44-7-69-9-28-35-93-64-53-18-49-32-36-67-100-45-48-96-5-91-72-66-98
Ta100x20,9,4,400,0.8875,0.075,7,2230907264,17000,6587,6358,5979,5.525341369,v2_avx512bw_vec32_exact_perm,42-81-41-7-16-43-15-62-88-90-50-37-78-89-60-77-79-46-63-59-33-51-30-68-86-80-94-74-61-10-75-45-2-95-76-1-6-47-38-4-19-27-44-12-24-71-65-70-58-39-56-97-20-25-3-22-40-34-82-21-73-14-87-54-23-18-99-32-8-17-55-26-57-28-92-11-64-85-49-84-66-67-53-83-93-100-13-69-36-48-31-35-29-9-52-96-5-72-91-98
Ta100x20,9,4,400,0.8875,0.075,8,2230908273,17000,6585,6358,5979,5.159246894,v2_avx512bw_vec32_exact_perm,42-81-43-88-15-41-62-50-94-80-16-89-21-51-95-90-12-73-33-10-78-59-7-54-47-60-46-79-65-26-77-82-63-20-75-19-84-97-68-2-37-30-56-38-74-57-39-61-4-27-76-14-58-11-22-55-86-87-17-29-66-8-6-23-34-71-13-49-40-3-92-70-53-93-32-45-100-64-36-1-99-24-83-31-28-69-9-25-35-85-67-18-44-48-96-72-52-5-91-98
Ta100x20,9,4,400,0.8875,0.075,9,2230909282,17000,6576,6358,5979,6.061453989,v2_avx512bw_vec32_exact_perm,37-89-15-60-74-75-43-7-41-62-42-88-38-47-97-95-50-46-63-10-61-19-78-4-80-21-51-33-9-90-81-54-79-65-77-86-92-68-82-94-14-26-16-30-23-17-59-44-2-56-12-29-57-24-1-71-11-27-73-58-64-22-93-55-85-76-84-66-34-3-45-6-31-28-67-39-53-99-100-20-25-40-69-87-83-8-36-32-13-52-49-18-70-48-35-96-5-91-72-98
Ta100x20,9,4,400,0.8875,0.075,10,2230910291,17000,6574,6358,5979,5.862233834,v2_avx512bw_vec32_exact_perm,42-81-62-15-50-95-41-80-43-88-54-7-75-78-21-89-37-51-90-39-46-60-4-77-12-47-79-76-94-16-56-97-26-33-63-57-73-30-38-20-19-74-59-65-14-61-25-68-82-66-86-34-92-70-84-23-49-27-71-85-3-22-11-83-17-24-40-2-58-29-32-1-45-93-44-18-64-53-6-10-9-100-69-67-36-28-31-55-99-13-72-8-52-87-48-96-35-5-91-98
Ta100x20,9,4,400,0.8875,0.1,1,2230901210,17000,6584,6358,5979,5.101795033,v2_avx512bw_vec32_exact_perm,42-81-88-43-50-94-62-11-63-97-41-60-80-86-37-79-59-78-74-56-38-89-16-90-95-19-7-10-46-3-84-15-20-4-33-47-58-61-2-25-39-12-30-26-69-76-21-75-73-17-24-65-82-14-34-87-68-23-51-8-54-45-6-22-29-49-32-35-57-77-99-27-53-71-70-9-31-83-28-93-64-66-44-92-18-85-40-52-55-67-100-1-48-13-36-5-96-72-91-98
Ta100x20,9,4,400,0.8875,0.1,2,2230902219,17000,6585,6358,5979,5.172547631,v2_avx512bw_vec32_exact_perm,42-81-88-46-89-50-43-59-15-75-63-10-90-60-47-62-21-95-61-97-4-80-33-79-11-74-51-19-24-41-12-16-77-20-84-66-73-71-94-3-76-65-17-6-56-39-54-37-86-22-82-34-23-25-2-68-38-85-14-78-7-92-8-69-26-58-55-64-57-100-13-29-44-27-87-83-30-53-36-32-18-31-99-9-40-45-70-48-93-49-35-1-28-67-96-52-5-91-72-98
Ta100x20,9,4,400,0.8875,0.1,3,2230903228,17000,6592,6358,5979,5.331681583,v2_avx512bw_vec32_exact_perm,42-81-43-89-78-41-15-60-74-95-80-88-62-50-12-46-4-63-59-57-20-19-7-77-22-47-33-84-21-79-16-61-37-2-24-10-87-75-90-68-94-65-56-83-58-38-51-86-40-39-26-30-17-73-97-82-3-55-100-25-23-11-66-6-8-14-44-76-92-69-99-9-1-27-28-54-64-13-93-85-49-36-53-34-31-71-70-18-32-45-29-67-48-35-52-96-5-91-72-98
Ta100x20,9,4,400,0.8875,0.1,4,2230904237,17000,6586,6358,5979,5.71284762,v2_avx512bw_vec32_exact_perm,42-81-41-50-88-43-94-89-78-62-37-80-15-63-60-46-74-19-75-21-7-12-2-22-51-54-55-20-16-4-56-33-79-59-65-82-90-30-68-38-97-95-86-10-92-34-73-47-77-61-76-17-64-24-11-36-27-57-71-25-29-85-26-23-44-58-70-39-14-40-1-32-99-28-69-87-83-31-100-3-13-93-35-53-49-6-9-84-66-67-18-8-45-96-48-5-52-72-91-98
Ta100x20,9,4,400,0.8875,0.1,5,2230905246,17000,6579,6358,5979,5.762865513,v2_avx512bw_vec32_exact_perm,42-81-15-43-50-79-62-75-89-94-74-60-90-88-95-16-47-37-41-68-4-61-65-63-46-33-87-80-59-21-40-77-97-38-34-58-17-44-55-86-20-84-54-12-19-14-51-10-26-23-73-82-7-39-76-1-56-69-27-71-29-11-25-6-78-53-99-30-70-9-8-31-28-64-85-49-3-57-92-83-24-22-93-18-32-48-67-100-36-13-2-45-5-35-52-96-91-72-66-98
Ta100x20,9,4,400,0.8875,0.1,6,2230906255,17000,6571,6358,5979,5.077894868,v2_avx512bw_vec32_exact_perm,42-81-15-88-74-60-43-41-89-62-78-50-21-4-13-80-94-86-90-47-12-59-26-70-95-54-84-38-19-97-79-83-61-65-63-46-33-34-75-58-2-6-39-24-56-68-7-16-22-44-23-30-77-51-87-27-49-37-55-31-20-17-1-40-10-69-82-3-99-57-71-8-25-29-14-9-53-45-92-11-36-73-32-93-64-85-18-28-100-67-52-76-48-35-96-5-91-72-66-98
Ta100x20,9,4,400,0.8875,0.1,7,2230907264,17000,6570,6358,5979,4.885959464,v2_avx512bw_vec32_exact_perm,42-81-43-41-62-50-15-2-89-80-94-78-60-33-46-79-12-95-20-27-19-10-63-64-97-90-86-84-61-65-21-30-74-56-16-82-37-13-38-77-47-6-59-76-73-88-44-51-26-58-54-4-24-25-40-57-68-75-39-7-22-71-35-70-92-23-3-99-14-34-17-11-87-100-8-53-85-29-32-31-28-36-69-67-49-9-66-18-83-45-93-55-52-1-96-72-48-5-91-98
Ta100x20,9,4,400,0.8875,0.1,8,2230908273,17000,6561,6358,5979,5.143965131,v2_avx512bw_vec32_exact_perm,81-43-15-41-50-63-88-59-19-60-16-10-94-89-80-74-20-78-62-95-61-7-90-79-47-64-86-54-75-33-58-4-57-51-2-73-25-46-76-55-37-21-22-39-56-84-65-30-40-77-13-24-3-38-6-70-83-12-82-23-26-27-44-97-29-17-36-71-68-18-69-14-67-45-42-11-32-34-92-100-53-28-99-31-49-8-9-1-93-85-52-35-87-48-96-5-91-72-66-98
Ta100x20,9,4,400,0.8875,0.1,9,2230909282,17000,6561,6358,5979,5.562721618,v2_avx512bw_vec32_exact_perm,42-81-88-43-15-89-41-50-62-80-65-37-90-97-79-17-63-46-30-95-94-47-61-60-68-55-40-4-19-12-16-6-29-7-77-74-10-83-31-33-82-2-21-26-58-75-59-57-76-84-73-86-22-11-56-38-23-54-51-64-3-78-66-25-27-44-39-24-92-28-14-71-45-35-34-49-9-1-69-53-36-32-8-18-99-87-20-100-13-93-85-70-52-67-48-96-91-5-72-98
Ta100x20,9,4,400,0.8875,0.1,10,2230910291,17000,6578,6358,5979,5.689997214,v2_avx512bw_vec32_exact_perm,42-81-43-41-24-95-62-50-78-60-51-96-61-74-88-90-80-59-15-97-47-10-94-16-19-38-68-46-54-63-65-58-89-77-79-84-33-21-12-4-49-39-37-57-82-25-86-26-75-2-55-22-20-23-99-30-76-92-27-7-14-6-35-17-11-44-70-13-40-34-56-3-85-1-69-9-71-8-29-73-53-32-87-36-18-67-28-100-31-83-45-5-52-93-64-48-91-72-66-98
Ta100x20,9,4,400,0.8875,0.125,1,2230901210,17000,6576,6358,5979,5.368357867,v2_avx512bw_vec32_exact_perm,43-42-81-50-60-89-88-15-63-16-97-41-7-95-80-74-37-47-90-14-44-21-62-20-12-78-57-77-73-94-2-33-49-65-30-75-59-11-79-68-27-38-56-82-19-61-6-70-51-22-4-34-46-29-92-55-71-24-13-10-23-8-99-40-26-1-28-54-17-58-86-87-25-36-100-69-9-39-85-93-67-52-31-32-3-76-83-45-64-35-53-84-18-96-48-5-91-72-66-98
Ta100x20,9,4,400,0.8875,0.125,2,2230902219,17000,6593,6358,5979,5.634114007,v2_avx512bw_vec32_exact_perm,42-81-43-89-78-7-88-41-75-15-51-80-90-50-62-73-37-12-57-60-30-65-77-46-38-19-21-63-17-70-95-47-59-68-94-2-10-74-25-14-86-54-79-39-82-20-11-4-44-56-33-55-71-26-23-49-76-22-1-99-16-27-92-87-13-3-97-40-8-83-34-100-6-31-32-69-53-36-61-18-28-29-45-67-58-9-85-24-64-84-52-48-96-35-91-5-93-72-66-98
Ta100x20,9,4,400,0.8875,0.125,3,2230903228,17000,6601,6358,5979,5.281783514,v2_avx512bw_vec32_exact_perm,42-81-43-41-88-50-89-15-80-60-24-16-44-62-4-59-94-61-75-74-37-63-38-78-77-46-65-68-17-30-33-56-12-39-95-7-21-58-82-26-84-20-70-47-51-10-79-64-73-54-97-76-86-27-19-71-22-1-90-34-29-57-2-8-49-23-6-25-53-99-11-66-55-92-40-32-93-87-3-31-5-9-69-83-14-45-36-67-18-28-85-100-96-35-48-13-52-72-91-98
Ta100x20,9,4,400,0.8875,0.125,4,2230904237,17000,6576,6358,5979,5.89810381,v2_avx512bw_vec32_exact_perm,81-43-50-88-62-97-41-16-15-89-90-47-95-42-65-70-60-39-21-46-77-59-84-19-2-33-7-75-61-86-74-10-94-76-80-4-37-51-68-78-20-12-87-56-79-24-55-30-64-71-11-3-23-27-22-14-44-58-73-34-82-63-92-49-40-18-53-1-31-54-25-99-38-6-57-36-26-28-17-85-29-93-32-69-9-8-45-52-13-67-48-83-96-35-100-5-91-72-66-98
Ta100x20,9,4,400,0.8875,0.125,5,2230905246,17000,6624,6358,5979,6.235782154,v2_avx512bw_vec32_exact_perm,42-43-15-81-63-78-59-47-95-41-88-50-90-30-62-21-7-80-74-75-46-53-77-83-60-97-89-39-71-79-65-57-17-54-51-82-26-33-20-92-70-6-24-38-61-19-1-68-94-2-25-10-23-16-56-76-34-4-14-11-73-44-29-55-45-3-58-37-27-86-49-87-18-32-22-93-100-69-36-67-85-28-40-13-8-99-9-96-52-12-31-72-84-35-48-66-64-5-91-98
Ta100x20,9,4,400,0.8875,0.125,6,2230906255,17000,6603,6358,5979,5.966589119,v2_avx512bw_vec32_exact_perm,42-81-43-50-41-15-24-16-79-80-94-62-46-7-75-90-10-88-30-61-47-4-68-97-78-12-60-33-51-65-74-23-22-38-11-6-55-76-37-25-17-19-21-82-39-27-20-95-63-59-92-77-54-44-26-28-58-64-86-84-70-34-67-56-57-99-13-71-49-8-1-66-85-2-40-73-5-53-29-87-93-18-14-89-9-83-100-3-69-36-32-35-31-96-48-52-45-72-91-98
Ta100x20,9,4,400,0.8875,0.125,7,2230907264,17000,6600,6358,5979,5.639185326,v2_avx512bw_vec32_exact_perm,42-81-15-43-75-37-89-47-50-61-41-95-62-16-65-20-46-77-63-24-90-80-94-78-86-84-2-21-97-74-17-38-79-76-30-12-82-33-10-51-56-54-6-25-60-26-73-68-59-58-99-57-88-7-39-87-19-34-92-1-4-23-14-11-18-83-22-44-3-8-13-32-55-35-28-64-40-67-29-70-31-27-53-69-9-49-85-71-52-36-100-45-5-66-93-48-96-72-91-98
Ta100x20,9,4,400,0.8875,0.125,8,2230908273,17000,6567,6358,5979,5.599282097,v2_avx512bw_vec32_exact_perm,42-81-88-43-97-15-60-41-78-74-7-2-80-65-38-37-62-59-12-94-55-95-47-30-63-51-77-46-20-10-33-44-75-66-22-4-69-56-50-89-79-16-92-54-90-76-39-58-61-21-26-14-82-17-68-23-64-31-11-25-73-3-19-85-40-84-24-86-36-71-70-27-18-29-45-99-32-87-13-83-57-93-9-28-8-100-6-1-34-52-49-53-67-35-96-72-48-91-5-98
Ta100x20,9,4,400,0.8875,0.125,9,2230909282,17000,6603,6358,5979,5.541349635,v2_avx512bw_vec32_exact_perm,37-15-89-81-88-75-62-43-41-42-95-46-74-63-79-65-94-80-47-50-44-51-54-22-19-24-90-10-60-23-97-20-56-16-2-1-33-14-38-68-100-12-27-82-61-78-59-86-92-69-21-7-6-58-9-4-34-26-73-39-25-3-30-31-83-76-11-49-55-77-53-17-71-32-84-8-57-99-40-18-85-70-29-87-64-93-45-36-52-48-13-28-96-35-67-5-91-72-66-98
Ta100x20,9,4,400,0.8875,0.125,10,2230910291,17000,6614,6358,5979,5.241263324,v2_avx512bw_vec32_exact_perm,42-81-37-62-43-63-80-59-50-41-95-15-90-78-47-12-97-60-6-56-38-13-21-51-33-4-46-19-16-26-75-68-30-44-24-54-73-94-1-76-74-2-89-23-14-82-79-84-88-61-77-64-58-17-55-22-3-27-99-20-34-65-10-45-9-53-39-25-86-11-8-100-83-29-57-92-49-36-40-31-32-48-69-71-18-93-87-28-67-70-85-96-52-35-72-66-5-7-91-98
Ta100x20,9,4,400,0.925,0.025,1,2230901210,17000,6578,6358,5979,5.457483777,v2_avx512bw_vec32_exact_perm,42-43-81-2-50-15-89-88-78-62-21-74-90-97-41-95-80-63-47-60-19-10-46-16-56-30-75-61-65-79-77-24-94-4-12-22-51-70-44-73-37-38-86-7-33-53-82-58-84-27-64-39-54-20-26-55-40-23-92-99-76-59-17-57-34-87-71-25-68-11-36-32-3-49-1-31-29-93-6-69-13-14-28-35-8-100-5-9-85-18-83-67-45-52-48-96-72-66-91-98
Ta100x20,9,4,400,0.925,0.025,2,2230902219,17000,6550,6358,5979,5.354078243,v2_avx512bw_vec32_exact_perm,42-37-89-60-78-81-97-41-62-24-7-43-2-79-16-94-80-10-75-63-38-19-95-50-57-30-65-46-51-90-73-12-4-20-77-86-54-22-23-40-27-59-47-21-61-82-9-99-70-39-25-88-58-26-85-56-14-68-44-84-33-3-11-34-76-92-15-69-17-100-71-13-8-49-74-6-36-18-55-83-31-53-93-87-29-32-35-5-28-45-64-67-52-1-48-96-72-66-91-98
Ta100x20,9,4,400,0.925,0.025,3,2230903228,17000,6555,6358,5979,5.434408343,v2_avx512bw_vec32_exact_perm,42-81-43-15-41-88-50-62-89-95-78-16-21-63-47-59-24-90-33-46-57-60-7-80-20-75-74-37-26-76-94-65-79-61-12-51-38-25-30-97-19-54-14-34-39-49-68-23-4-58-44-64-77-56-6-22-29-84-86-2-82-10-70-1-9-71-17-53-40-99-3-27-73-11-55-83-18-32-69-31-87-92-35-36-85-8-100-28-67-93-5-45-13-52-48-96-91-72-66-98
Ta100x20,9,4,400,0.925,0.025,4,2230904237,17000,6544,6358,5979,5.333775077,v2_avx512bw_vec32_exact_perm,42-81-37-74-60-41-89-62-95-16-24-80-88-94-90-78-43-65-97-47-50-38-7-19-57-12-4-2-15-10-75-76-46-55-21-20-51-33-63-26-77-82-68-56-73-59-39-6-84-17-86-58-54-14-61-71-79-92-22-30-25-11-34-23-99-27-44-49-40-1-69-100-13-93-35-28-53-64-3-36-87-67-83-45-9-70-29-8-85-18-32-31-52-48-96-5-91-72-66-98
Ta100x20,9,4,400,0.925,0.025,5,2230905246,17000,6600,6358,5979,5.156149121,v2_avx512bw_vec32_exact_perm,42-81-43-50-62-78-46-88-74-47-41-60-59-15-89-63-79-90-21-2-97-24-22-95-33-65-16-54-80-7-94-58-86-30-51-73-10-77-57-45-84-75-68-4-61-37-38-76-82-12-23-27-25-26-56-28-99-19-40-17-11-44-71-70-39-29-64-34-66-3-53-1-6-67-93-20-14-83-36-55-92-32-31-69-18-8-13-85-87-49-100-9-35-52-48-96-5-91-72-98
Ta100x20,9,4,400,0.925,0.025,6,2230906255,17000,6570,6358,5979,5.393165055,v2_avx512bw_vec32_exact_perm,42-81-43-7-78-62-15-41-60-12-16-80-50-95-37-89-65-77-90-46-19-97-75-10-30-74-47-2-21-38-4-63-58-20-84-13-26-59-88-76-94-34-56-86-24-17-61-73-33-51-40-23-79-54-68-66-44-99-83-39-22-28-82-71-3-92-87-70-57-8-6-53-11-9-27-49-14-29-32-35-69-93-100-25-64-31-36-55-45-85-18-52-1-67-48-96-5-91-72-98
Ta100x20,9,4,400,0.925,0.025,7,2230907264,17000,6530,6358,5979,5.337734639,v2_avx512bw_vec32_exact_perm,42-81-37-89-15-74-60-16-47-63-59-95-94-90-78-50-46-39-41-80-21-54-43-19-79-84-97-24-2-62-7-68-88-10-51-56-65-44-38-57-77-76-25-26-58-75-99-22-40-23-20-34-82-3-4-27-11-86-33-6-17-93-9-71-30-1-12-14-53-61-45-49-73-36-92-100-70-8-55-67-28-13-31-85-87-18-69-83-29-32-48-96-35-64-52-5-91-72-66-98
Ta100x20,9,4,400,0.925,0.025,8,2230908273,17000,6598,6358,5979,5.167064453,v2_avx512bw_vec32_exact_perm,42-81-88-41-47-74-50-43-15-60-21-7-89-78-10-63-80-75-16-62-46-61-59-90-19-23-55-38-54-4-65-95-2-30-57-51-77-86-9-20-84-44-97-24-26-17-12-76-34-82-79-45-56-39-11-28-53-58-40-83-94-29-64-31-33-73-35-49-99-70-37-22-36-25-14-71-1-92-3-32-27-68-85-18-6-8-87-48-93-67-69-52-100-13-96-5-91-72-66-98
Ta100x20,9,4,400,0.925,0.025,9,2230909282,17000,6555,6358,5979,5.486293418,v2_avx512bw_vec32_exact_perm,42-81-43-89-88-74-60-41-62-95-78-79-16-47-15-61-63-37-80-75-12-10-4-97-50-21-46-30-25-39-94-19-23-90-86-22-65-77-33-82-27-57-68-13-54-84-2-6-38-26-24-59-51-71-92-7-76-56-1-14-70-40-17-49-55-3-73-53-99-44-11-34-8-20-32-18-29-58-31-64-69-36-83-9-85-100-52-28-67-45-93-35-87-48-96-5-91-72-66-98
Ta100x20,9,4,400,0.925,0.025,10,2230910291,17000,6560,6358,5979,5.308090234,v2_avx512bw_vec32_exact_perm,42-81-43-41-50-15-88-37-89-60-75-74-95-62-80-78-16-21-46-7-30-63-90-97-84-19-79-2-10-77-86-47-65-39-56-94-93-54-6-17-59-38-4-61-58-55-51-83-26-92-33-23-40-68-64-70-22-53-11-24-82-20-34-73-12-76-100-44-66-99-29-1-13-28-87-27-14-49-71-25-69-57-8-85-52-32-96-9-45-3-36-31-35-48-67-5-18-72-91-98
Ta100x20,9,4,400,0.925,0.05,1,2230901210,17000,6592,6358,5979,5.419003752,v2_avx512bw_vec32_exact_perm,42-81-88-15-43-62-7-41-90-75-89-95-37-80-78-21-65-47-46-50-68-60-86-63-61-77-17-10-94-59-12-1-57-30-4-33-82-19-54-97-71-38-24-44-51-74-6-20-22-16-25-39-11-73-34-56-70-2-76-27-23-92-84-14-28-9-31-45-58-40-55-26-49-35-83-3-36-100-99-93-18-13-29-69-64-53-8-79-85-87-32-48-67-96-52-5-91-72-66-98
Ta100x20,9,4,400,0.925,0.05,2,2230902219,17000,6586,6358,5979,5.126360282,v2_avx512bw_vec32_exact_perm,42-81-43-50-80-63-88-60-97-16-41-59-15-79-62-89-47-95-78-21-77-84-65-10-37-74-17-7-33-90-4-12-38-30-86-46-39-94-19-58-75-2-25-69-68-82-54-55-51-22-28-76-23-61-56-27-6-53-11-26-24-34-44-13-57-8-64-92-73-67-49-45-3-9-35-83-40-20-14-31-70-71-85-99-93-1-18-29-32-52-87-100-36-5-48-96-72-66-91-98
Ta100x20,9,4,400,0.925,0.05,3,2230903228,17000,6580,6358,5979,5.299786437,v2_avx512bw_vec32_exact_perm,42-81-37-89-16-74-15-43-62-75-47-46-90-41-79-65-60-85-38-50-95-63-78-61-54-4-59-77-86-80-2-20-58-21-17-94-12-82-57-97-10-26-30-25-33-73-39-19-51-14-7-13-68-88-28-83-71-29-22-69-11-27-76-23-34-92-35-70-56-44-3-6-84-53-87-64-18-1-99-32-40-31-100-49-36-8-55-24-45-9-93-67-48-52-96-91-5-72-66-98
Ta100x20,9,4,400,0.925,0.05,4,2230904237,17000,6596,6358,5979,5.176691701,v2_avx512bw_vec32_exact_perm,42-81-62-88-41-50-15-90-78-89-65-94-63-95-64-16-20-97-37-60-74-19-54-43-84-80-38-56-4-46-30-12-51-57-33-77-2-10-79-59-68-75-23-21-28-39-73-14-47-82-58-22-24-86-7-27-71-44-26-9-25-61-53-11-34-3-69-35-40-92-17-31-99-76-6-1-83-66-70-36-93-49-45-13-8-85-67-29-55-100-32-52-87-18-48-96-5-91-72-98
Ta100x20,9,4,400,0.925,0.05,5,2230905246,17000,6599,6358,5979,5.248941007,v2_avx512bw_vec32_exact_perm,43-16-15-81-41-78-60-61-59-47-94-7-46-63-90-89-75-62-42-97-79-80-95-20-37-19-38-65-10-33-84-31-56-88-39-100-68-21-51-53-4-22-12-74-44-54-27-2-58-6-23-77-76-9-86-92-11-30-17-85-73-26-29-64-1-82-55-71-34-66-8-87-3-25-50-13-28-14-49-36-70-99-83-18-32-57-69-35-40-93-48-45-67-96-24-5-52-91-72-98
Ta100x20,9,4,400,0.925,0.05,6,2230906255,17000,6553,6358,5979,5.305713469,v2_avx512bw_vec32_exact_perm,42-81-43-15-62-7-88-16-41-74-95-80-90-2-50-21-89-60-78-12-94-73-46-63-30-39-24-17-97-19-86-44-59-54-84-47-65-33-79-34-61-58-51-20-6-68-26-4-55-27-25-11-77-14-57-3-38-23-10-71-87-76-92-82-8-75-100-45-56-22-70-99-53-37-32-18-40-85-29-31-28-36-49-69-64-93-35-9-52-67-13-83-1-96-48-5-91-72-66-98
Ta100x20,9,4,400,0.925,0.05,7,2230907264,17000,6567,6358,5979,5.091304706,v2_avx512bw_vec32_exact_perm,42-81-88-43-41-50-97-62-15-16-89-63-24-80-90-65-30-94-86-7-60-95-77-19-17-78-57-26-59-61-47-44-79-21-33-25-58-75-2-10-74-51-39-56-55-1-69-13-46-4-3-14-54-49-71-92-27-38-37-82-73-68-11-20-70-12-76-22-6-34-23-8-45-32-36-64-99-84-18-85-93-40-35-28-31-29-9-87-83-53-48-96-100-5-52-67-91-72-66-98
Ta100x20,9,4,400,0.925,0.05,8,2230908273,17000,6579,6358,5979,5.191870163,v2_avx512bw_vec32_exact_perm,42-81-88-97-43-89-47-50-15-24-78-41-60-94-39-80-95-37-79-12-61-62-63-46-16-33-82-21-51-84-7-19-90-74-38-68-59-56-23-10-6-65-20-14-30-75-34-4-58-26-17-22-54-73-76-66-55-2-31-25-11-36-1-29-45-69-18-32-85-40-67-3-57-70-77-86-27-71-92-9-83-13-100-53-44-99-93-52-28-64-35-49-8-87-48-96-5-91-72-98
Ta100x20,9,4,400,0.925,0.05,9,2230909282,17000,6579,6358,5979,5.39300173,v2_avx512bw_vec32_exact_perm,42-37-89-62-15-95-78-43-12-7-16-80-88-81-60-77-47-50-21-63-90-46-61-59-20-24-41-4-38-86-19-65-73-70-26-23-84-39-94-76-6-11-33-58-13-51-56-2-74-27-17-82-55-10-44-79-22-8-3-75-97-54-30-25-64-92-68-18-14-49-32-100-35-36-53-71-31-93-99-87-28-83-57-69-34-9-29-85-40-1-67-45-52-5-48-96-72-66-91-98
Ta100x20,9,4,400,0.925,0.05,10,2230910291,17000,6603,6358,5979,5.229742912,v2_avx512bw_vec32_exact_perm,42-81-88-43-41-15-89-47-62-90-50-60-61-80-7-75-95-57-78-63-46-20-59-94-97-34-24-16-76-54-23-10-26-37-79-19-55-4-17-74-82-12-49-1-38-92-2-22-77-73-84-21-14-30-71-58-51-6-68-13-8-56-28-64-69-33-31-11-39-86-25-87-36-27-66-29-9-100-44-3-99-40-53-65-83-70-85-93-96-52-67-35-32-18-45-48-5-91-72-98
Ta100x20,9,4,400,0.925,0.075,1,2230901210,17000,6591,6358,5979,5.260226742,v2_avx512bw_vec32_exact_perm,42-81-43-15-41-88-89-62-16-60-94-50-80-90-74-78-46-95-63-79-97-61-47-75-10-33-19-84-37-65-4-56-2-21-7-77-48-26-86-59-68-92-49-22-76-96-54-17-12-31-34-30-20-99-23-82-39-11-28-55-18-6-53-9-44-14-24-40-58-29-45-73-83-27-13-36-87-8-32-64-70-3-85-93-25-69-71-52-51-1-38-100-57-67-91-35-5-72-66-98
Ta100x20,9,4,400,0.925,0.075,2,2230902219,17000,6619,6358,5979,5.119864712,v2_avx512bw_vec32_exact_perm,42-50-15-81-16-43-21-88-74-47-62-46-89-90-94-20-80-37-41-59-78-60-65-54-24-73-38-97-63-19-34-4-95-77-40-17-9-10-75-33-1-23-68-44-99-11-26-2-56-84-82-39-30-7-61-51-55-83-76-14-12-57-58-22-79-86-29-67-6-3-25-70-100-49-53-8-27-92-69-36-45-31-32-64-48-66-93-85-71-18-13-87-28-52-72-96-35-5-91-98
Ta100x20,9,4,400,0.925,0.075,3,2230903228,17000,6573,6358,5979,5.184380049,v2_avx512bw_vec32_exact_perm,42-81-43-15-78-88-89-60-41-50-80-90-97-94-46-24-2-30-63-51-59-79-12-56-33-20-16-95-48-68-65-75-7-62-26-47-86-44-19-39-10-73-25-38-99-61-6-71-23-77-27-4-54-17-57-22-76-83-11-53-37-40-58-18-84-69-8-14-49-55-74-93-87-82-21-70-3-1-92-31-45-85-28-67-9-96-35-36-34-29-32-13-100-5-52-64-72-66-91-98
Ta100x20,9,4,400,0.925,0.075,4,2230904237,17000,6606,6358,5979,5.239685102,v2_avx512bw_vec32_exact_perm,42-81-43-50-41-95-63-15-89-62-60-20-74-75-80-7-46-78-21-4-19-86-30-47-16-12-22-61-97-2-79-82-37-77-73-90-94-23-27-38-51-33-57-11-76-84-24-59-65-29-18-6-87-26-55-58-17-68-10-56-70-39-25-44-40-14-36-69-71-31-49-100-53-28-1-54-32-9-67-88-34-35-45-13-3-85-93-8-99-92-83-64-48-96-66-72-52-5-91-98
Ta100x20,9,4,400,0.925,0.075,5,2230905246,17000,6614,6358,5979,5.250048882,v2_avx512bw_vec32_exact_perm,81-43-15-41-50-37-62-80-51-60-39-21-90-89-7-16-97-63-19-95-47-84-12-42-79-27-59-10-2-20-58-83-33-75-65-26-54-76-77-45-44-11-86-38-4-13-56-61-24-74-78-22-73-82-94-68-17-69-31-28-36-53-9-14-34-29-6-3-57-30-25-23-88-64-70-92-71-46-49-99-18-40-8-1-32-67-35-48-93-85-87-52-55-96-100-5-91-72-66-98
Ta100x20,9,4,400,0.925,0.075,6,2230906255,17000,6624,6358,5979,5.465015973,v2_avx512bw_vec32_exact_perm,37-95-43-78-89-88-15-63-41-62-50-80-75-47-65-60-74-81-21-30-90-97-77-44-68-12-2-28-46-59-16-42-56-10-19-92-33-38-1-51-25-14-61-94-79-22-82-39-7-54-17-26-20-84-6-23-73-57-58-34-45-8-29-55-86-64-99-66-76-53-4-11-83-93-85-13-40-49-27-32-18-69-100-24-36-71-9-67-5-35-96-3-52-87-31-72-48-70-91-98
Ta100x20,9,4,400,0.925,0.075,7,2230907264,17000,6565,6358,5979,5.710167943,v2_avx512bw_vec32_exact_perm,42-81-43-62-88-97-50-46-89-15-78-41-60-74-33-79-80-94-75-10-19-95-37-2-63-90-47-7-58-24-69-59-82-51-21-4-6-77-12-16-61-38-20-39-54-86-30-14-68-27-23-44-57-29-11-17-92-76-34-65-56-22-9-70-49-40-26-84-32-48-3-53-31-73-99-66-25-55-8-45-100-87-93-1-36-28-67-83-13-71-64-35-96-52-85-18-5-91-72-98
Ta100x20,9,4,400,0.925,0.075,8,2230908273,17000,6577,6358,5979,5.500146471,v2_avx512bw_vec32_exact_perm,42-50-81-88-43-15-78-89-41-97-95-63-62-10-51-60-46-77-24-73-16-47-30-80-61-21-7-79-37-12-38-22-17-33-75-19-65-94-44-39-23-54-68-87-90-59-84-71-58-26-34-11-86-8-57-4-27-74-56-20-99-1-2-92-40-25-70-76-83-82-55-69-18-3-14-64-36-28-53-31-6-45-9-29-93-32-49-48-96-35-13-100-85-67-52-5-91-72-66-98
Ta100x20,9,4,400,0.925,0.075,9,2230909282,17000,6613,6358,5979,5.604268382,v2_avx512bw_vec32_exact_perm,42-81-43-88-50-15-74-19-41-89-60-79-16-90-47-97-62-84-80-95-78-57-21-76-7-46-10-51-54-4-58-12-63-59-26-6-39-82-65-86-56-17-77-38-61-29-31-33-44-94-53-22-37-83-45-25-40-66-75-55-64-24-99-71-93-2-69-32-1-9-68-23-30-3-14-34-11-35-49-92-87-20-8-13-36-96-27-28-73-85-100-48-67-70-5-52-18-72-91-98
Ta100x20,9,4,400,0.925,0.075,10,2230910291,17000,6620,6358,5979,5.862503544,v2_avx512bw_vec32_exact_perm,42-81-43-50-75-88-78-15-89-41-16-74-46-63-59-80-21-90-62-60-34-30-65-19-94-47-79-97-22-4-33-86-95-37-12-82-3-55-20-61-14-77-17-23-10-51-73-7-25-39-83-76-71-24-2-40-54-26-56-38-84-57-8-68-44-9-11-6-49-27-58-18-92-93-13-1-35-87-29-53-99-70-32-28-85-64-67-96-69-52-36-31-100-5-48-45-72-91-66-98
Ta100x20,9,4,400,0.925,0.1,1,2230901210,17000,6614,6358,5979,5.119562358,v2_avx512bw_vec32_exact_perm,42-81-47-50-37-88-60-74-41-43-90-21-89-80-15-63-77-75-94-2-30-95-62-33-46-84-51-68-79-61-38-86-65-24-4-82-6-7-78-19-76-12-59-26-58-16-39-54-73-56-34-17-70-57-1-10-99-92-22-97-23-40-27-32-20-71-29-9-69-93-83-64-25-11-3-28-53-31-85-55-8-13-100-14-36-49-45-48-67-18-52-44-66-96-87-35-91-5-72-98
Ta100x20,9,4,400,0.925,0.1,2,2230902219,17000,6566,6358,5979,5.062056638,v2_avx512bw_vec32_exact_perm,42-81-78-95-41-43-15-62-88-50-7-19-89-90-46-94-30-60-63-80-79-97-16-47-59-10-73-6-61-24-76-4-33-34-21-75-2-86-65-51-77-56-12-20-74-84-38-82-57-26-54-17-39-22-37-68-58-14-25-11-23-49-8-55-44-92-83-13-70-31-69-9-85-18-28-29-1-40-87-3-27-53-71-99-93-32-64-35-96-36-100-52-45-48-67-5-91-72-66-98
Ta100x20,9,4,400,0.925,0.1,3,2230903228,17000,6598,6358,5979,5.475347117,v2_avx512bw_vec32_exact_perm,42-81-75-15-62-50-41-95-43-89-78-21-7-90-59-60-80-86-61-33-16-97-63-19-74-10-65-44-71-76-20-34-12-46-13-4-54-79-38-39-94-84-77-88-26-1-2-23-25-57-47-58-22-56-6-70-51-30-27-14-82-68-24-37-11-17-49-55-3-40-73-92-31-8-69-99-9-32-36-100-83-53-93-28-18-64-85-87-52-29-67-45-48-96-35-5-91-72-66-98
Ta100x20,9,4,400,0.925,0.1,4,2230904237,17000,6604,6358,5979,5.279563202,v2_avx512bw_vec32_exact_perm,42-81-43-89-16-15-50-62-95-56-63-30-41-80-94-65-90-47-97-7-19-75-4-33-38-10-78-24-60-86-74-73-51-46-22-61-79-57-14-34-39-21-11-31-68-44-71-59-92-77-48-70-58-82-83-17-20-76-32-27-54-25-69-9-2-23-12-6-40-53-93-64-29-26-8-13-49-99-87-1-85-36-3-84-100-28-35-96-55-18-88-45-37-66-67-52-72-5-91-98
Ta100x20,9,4,400,0.925,0.1,5,2230905246,17000,6609,6358,5979,5.320357969,v2_avx512bw_vec32_exact_perm,42-81-15-62-43-41-89-96-47-63-77-80-88-79-16-21-97-74-60-13-12-50-95-7-78-30-46-90-38-57-82-55-26-65-68-23-14-4-94-56-76-33-75-22-51-54-27-20-59-10-61-2-6-24-70-37-1-39-58-86-25-11-31-92-83-44-73-29-34-3-49-8-19-85-99-84-71-87-28-9-69-40-17-93-53-32-45-35-36-67-18-100-48-5-52-64-91-72-66-98
Ta100x20,9,4,400,0.925,0.1,6,2230906255,17000,6604,6358,5979,5.583745193,v2_avx512bw_vec32_exact_perm,42-81-43-50-15-89-62-75-7-78-88-16-41-37-95-80-97-63-60-46-90-79-65-74-38-21-68-33-17-51-26-19-61-87-30-12-59-6-10-56-84-58-73-24-76-57-4-25-71-39-45-77-23-54-8-86-20-94-47-1-22-82-34-83-9-70-44-29-92-27-3-85-11-100-28-64-99-13-2-14-31-55-53-40-49-48-69-18-35-93-32-36-67-52-96-5-91-72-66-98
Ta100x20,9,4,400,0.925,0.1,7,2230907264,17000,6638,6358,5979,5.235147598,v2_avx512bw_vec32_exact_perm,15-81-78-43-41-50-88-62-7-90-89-42-75-95-46-16-37-51-68-80-10-94-21-74-63-60-47-65-38-97-20-39-54-19-17-33-2-12-44-61-25-79-59-84-77-26-76-24-49-56-82-34-22-23-4-14-86-58-92-70-27-29-18-73-32-3-6-57-11-9-99-53-100-30-83-64-31-69-85-36-87-40-8-1-71-67-45-93-28-48-13-96-35-5-55-52-91-72-66-98
Ta100x20,9,4,400,0.925,0.1,8,2230908273,17000,6647,6358,5979,5.532460987,v2_avx512bw_vec32_exact_perm,42-81-15-43-65-78-89-59-63-46-88-97-60-77-7-74-47-41-33-90-95-54-80-1-75-2-79-50-62-56-44-64-20-12-58-4-16-11-19-25-69-71-99-14-38-30-22-27-57-51-61-23-40-73-36-3-39-21-34-94-17-24-10-86-68-100-76-82-29-13-55-49-92-31-32-84-45-87-26-53-28-8-18-9-85-96-35-83-6-70-93-52-5-48-67-72-37-66-91-98
Ta100x20,9,4,400,0.925,0.1,9,2230909282,17000,6615,6358,5979,5.486273337,v2_avx512bw_vec32_exact_perm,42-81-88-43-15-62-50-60-89-59-74-78-20-65-90-47-46-4-80-41-33-12-94-63-97-84-56-10-95-30-19-75-25-68-51-86-6-61-2-7-16-38-79-21-76-34-64-99-24-54-58-44-3-57-37-27-11-87-22-9-14-71-69-73-82-8-40-23-17-70-35-92-77-39-53-36-1-28-100-49-83-96-13-18-85-26-32-29-93-45-31-55-48-67-52-5-91-72-66-98
Ta100x20,9,4,400,0.925,0.1,10,2230910291,17000,6643,6358,5979,5.60513617,v2_avx512bw_vec32_exact_perm,37-24-95-78-41-60-50-62-89-81-15-43-80-16-12-61-51-19-46-97-82-59-38-54-88-90-65-79-84-94-68-30-33-63-17-26-10-21-20-86-73-74-22-55-83-2-47-56-92-77-27-14-53-45-40-23-11-75-70-42-4-39-6-76-66-7-58-29-44-34-28-13-3-1-25-49-67-35-57-99-9-64-93-36-32-71-100-69-31-85-87-52-8-48-96-72-18-5-91-98
Ta100x20,9,4,400,0.925,0.125,1,2230901210,17000,6611,6358,5979,6.101107935,v2_avx512bw_vec32_exact_perm,42-37-81-63-43-41-89-16-95-15-60-74-86-38-4-62-10-80-50-46-13-82-73-56-88-65-30-78-47-90-35-59-77-54-79-51-6-22-58-40-2-75-57-97-94-20-28-33-39-61-19-49-70-84-76-34-27-11-1-71-92-24-23-12-14-21-26-44-29-69-9-87-83-3-99-66-68-93-64-8-7-17-53-36-67-45-18-55-32-31-85-100-5-48-25-96-52-91-72-98
Ta100x20,9,4,400,0.925,0.125,2,2230902219,17000,6597,6358,5979,5.835735369,v2_avx512bw_vec32_exact_perm,37-81-63-95-88-43-62-60-15-41-46-12-90-80-24-50-4-78-19-89-7-16-58-22-86-21-94-42-74-77-14-30-75-2-97-10-39-51-61-79-68-47-17-59-23-44-33-40-76-65-92-38-27-34-54-53-66-83-70-26-56-13-1-99-82-49-96-6-29-8-57-3-11-73-84-31-36-25-32-100-71-69-9-87-20-55-52-85-67-28-48-18-64-35-93-45-72-5-91-98
Ta100x20,9,4,400,0.925,0.125,3,2230903228,17000,6562,6358,5979,5.726856415,v2_avx512bw_vec32_exact_perm,42-81-43-41-50-63-88-16-80-15-95-78-24-21-64-56-97-74-2-59-79-7-19-47-46-90-60-35-33-68-82-44-62-23-54-38-12-14-61-4-77-65-83-94-34-1-9-71-89-52-25-26-84-39-5-57-10-76-13-27-37-86-22-51-6-92-58-70-69-30-3-75-67-11-17-99-36-87-93-29-85-49-40-8-55-32-31-73-53-28-18-100-20-96-48-45-72-91-66-98
Ta100x20,9,4,400,0.925,0.125,4,2230904237,17000,6599,6358,5979,6.088961515,v2_avx512bw_vec32_exact_perm,42-81-43-15-41-88-74-62-47-60-97-95-75-89-37-80-65-90-46-59-33-12-2-50-77-51-78-56-7-24-25-10-39-79-16-54-44-86-38-4-63-68-57-94-21-8-22-23-26-76-11-30-73-55-71-61-58-17-19-14-6-84-93-66-64-31-83-36-99-70-3-20-82-29-27-85-87-9-13-18-69-34-32-92-53-49-100-35-40-67-1-28-52-96-45-48-72-5-91-98
Ta100x20,9,4,400,0.925,0.125,5,2230905246,17000,6598,6358,5979,6.195980716,v2_avx512bw_vec32_exact_perm,42-81-43-41-89-60-78-62-15-80-88-50-33-51-79-90-4-10-75-19-65-61-24-30-16-94-37-39-21-59-57-47-46-7-23-12-26-14-63-95-68-58-84-83-54-97-38-77-66-44-22-20-25-64-27-9-86-93-6-74-71-82-53-76-70-2-11-73-56-55-31-92-17-87-34-29-85-3-99-40-1-13-8-5-32-35-100-69-28-45-36-49-18-67-52-96-48-72-91-98
Ta100x20,9,4,400,0.925,0.125,6,2230906255,17000,6572,6358,5979,5.470069198,v2_avx512bw_vec32_exact_perm,42-81-43-62-89-88-78-24-16-47-60-95-41-12-50-20-63-46-90-97-19-80-59-30-68-51-65-10-75-33-4-92-57-86-2-79-17-74-38-94-54-7-39-14-21-15-23-77-13-61-84-58-22-83-1-11-6-100-85-69-25-3-56-44-37-67-36-87-18-40-70-53-34-26-76-71-29-27-82-99-45-49-28-93-55-31-8-9-48-73-96-32-52-35-64-5-72-66-91-98
Ta100x20,9,4,400,0.925,0.125,7,2230907264,17000,6617,6358,5979,5.531718974,v2_avx512bw_vec32_exact_perm,81-88-43-50-78-89-41-62-60-46-7-80-12-42-97-16-15-95-63-55-47-33-87-90-75-21-45-10-37-70-59-61-23-39-19-65-30-94-2-86-4-68-17-73-74-79-51-22-28-77-11-54-38-82-56-27-76-8-53-14-34-3-64-84-66-71-57-92-6-26-29-40-69-99-83-24-35-32-20-9-36-58-18-44-25-67-49-85-31-100-52-93-1-13-5-96-72-48-91-98
Ta100x20,9,4,400,0.925,0.125,8,2230908273,17000,6599,6358,5979,5.423234458,v2_avx512bw_vec32_exact_perm,42-81-78-50-2-15-41-62-12-80-37-88-89-4-74-60-90-75-77-43-65-97-10-47-33-79-22-19-56-46-16-63-23-39-95-21-94-87-30-51-44-84-26-38-70-86-68-25-61-82-20-92-73-11-59-57-7-49-53-36-9-58-17-83-8-54-99-18-76-64-3-85-32-14-1-29-6-69-40-27-31-100-55-24-13-93-71-67-28-5-45-34-48-35-96-52-66-72-91-98
Ta100x20,9,4,400,0.925,0.125,9,2230909282,17000,6589,6358,5979,5.111452152,v2_avx512bw_vec32_exact_perm,42-81-95-78-15-89-19-47-88-60-62-74-94-50-43-63-41-4-90-46-16-21-57-30-75-39-33-61-23-2-92-7-64-38-68-77-53-44-65-59-1-54-28-73-22-97-17-26-11-10-80-82-84-6-25-40-86-3-76-83-12-20-51-69-55-56-34-27-8-87-36-37-79-58-31-49-70-9-32-45-71-85-14-93-99-24-100-13-29-52-96-35-48-67-18-5-91-72-66-98
Ta100x20,9,4,400,0.925,0.125,10,2230910291,17000,6548,6358,5979,5.229648039,v2_avx512bw_vec32_exact_perm,50-88-43-16-54-15-62-42-81-46-63-65-89-47-74-75-21-90-20-78-7-80-60-97-41-30-26-12-95-2-33-79-84-51-94-77-19-10-71-4-59-39-86-82-6-24-37-17-38-68-25-61-56-76-27-70-22-34-23-58-11-14-73-55-44-66-45-83-67-40-32-13-3-64-57-29-35-92-1-8-9-69-53-36-49-99-100-93-48-31-87-85-52-18-5-28-96-91-72-98
Ta100x20,9,4,400,0.9625,0.025,1,2230901210,17000,6580,6358,5979,5.321957173,v2_avx512bw_vec32_exact_perm,42-81-15-74-43-88-47-24-63-78-16-94-41-59-62-75-95-89-90-60-80-21-54-4-37-77-12-46-17-30-19-50-44-2-79-51-22-14-68-20-86-65-55-33-82-83-3-27-97-38-73-11-61-40-57-58-10-34-84-76-7-56-92-39-25-71-26-70-85-23-87-28-31-69-64-13-52-29-9-99-36-49-8-1-67-32-100-53-93-6-18-45-48-96-35-5-91-72-66-98
Ta100x20,9,4,400,0.9625,0.025,2,2230902219,17000,6575,6358,5979,5.520885358,v2_avx512bw_vec32_exact_perm,42-81-43-89-88-15-60-80-78-50-41-21-47-10-16-59-62-46-95-63-37-77-23-55-74-7-30-65-4-17-90-22-19-12-75-82-2-94-38-25-24-33-71-68-56-26-27-51-86-54-61-58-79-66-29-6-97-44-1-39-9-11-84-99-40-20-53-34-76-87-83-73-92-31-70-57-3-69-85-28-49-64-14-100-36-45-93-18-67-8-32-35-13-48-96-72-52-5-91-98
Ta100x20,9,4,400,0.9625,0.025,3,2230903228,17000,6565,6358,5979,5.009792901,v2_avx512bw_vec32_exact_perm,42-81-43-89-88-60-15-74-90-62-7-16-95-78-41-97-80-54-24-26-47-12-75-33-63-46-19-38-21-17-65-30-73-79-59-51-44-68-86-94-82-4-84-61-50-20-56-77-39-37-70-58-10-53-11-76-6-23-69-13-34-71-45-27-83-29-40-22-2-25-1-28-14-31-55-3-49-18-100-85-99-8-9-57-5-67-36-92-32-64-35-93-52-87-48-96-72-66-91-98
Ta100x20,9,4,400,0.9625,0.025,4,2230904237,17000,6588,6358,5979,5.219138611,v2_avx512bw_vec32_exact_perm,42-81-43-89-15-78-41-88-74-60-80-62-47-21-95-22-37-33-16-79-17-96-7-30-46-94-90-34-24-12-56-38-61-50-20-19-65-99-59-84-40-63-26-23-86-58-73-68-25-10-97-44-11-27-54-1-77-3-76-4-6-9-31-82-14-39-83-51-2-85-53-8-71-13-49-92-57-18-32-64-69-35-70-45-36-29-48-93-55-87-67-52-75-28-100-5-91-72-66-98
Ta100x20,9,4,400,0.9625,0.025,5,2230905246,17000,6610,6358,5979,5.479959994,v2_avx512bw_vec32_exact_perm,42-81-50-43-88-78-15-63-94-47-41-19-62-80-20-89-16-79-74-51-12-33-65-59-60-61-4-46-90-54-23-77-17-44-95-97-7-76-92-6-26-68-70-21-38-56-87-39-86-58-34-30-22-73-2-82-3-1-27-10-11-75-57-25-71-40-64-8-83-55-37-14-29-24-13-100-36-49-99-32-9-84-85-69-53-93-18-45-35-48-67-28-96-31-5-52-91-72-66-98
Ta100x20,9,4,400,0.9625,0.025,6,2230906255,17000,6565,6358,5979,6.029144013,v2_avx512bw_vec32_exact_perm,42-81-43-89-62-15-88-78-74-47-60-20-41-50-24-56-46-97-2-90-80-21-19-63-16-65-34-33-79-7-17-12-95-61-30-76-4-44-37-59-58-10-75-86-94-39-51-70-82-6-26-54-77-68-1-25-9-84-73-22-27-23-38-57-71-92-14-45-8-13-99-49-11-3-83-40-28-53-93-18-96-55-87-32-36-69-29-64-35-100-85-48-67-31-5-52-91-72-66-98
Ta100x20,9,4,400,0.9625,0.025,7,2230907264,17000,6581,6358,5979,5.420528641,v2_avx512bw_vec32_exact_perm,42-81-78-88-43-15-95-16-74-41-21-80-90-47-46-7-2-94-33-62-50-19-65-10-30-63-75-20-45-89-60-17-77-12-59-79-83-38-37-97-54-68-82-39-44-22-76-51-86-55-58-25-4-61-23-92-49-70-11-14-57-71-26-9-24-27-99-8-1-40-73-34-53-28-13-29-18-84-67-6-56-93-85-32-3-31-69-100-64-52-87-36-35-48-96-5-91-72-66-98
Ta100x20,9,4,400,0.9625,0.025,8,2230908273,17000,6550,6358,5979,5.845153065,v2_avx512bw_vec32_exact_perm,42-81-43-15-89-88-90-97-78-63-80-65-61-41-50-95-62-79-60-46-56-2-77-47-38-19-51-16-21-86-84-68-10-39-7-33-4-44-20-75-54-74-64-30-57-40-12-92-8-17-11-71-76-3-70-82-26-23-1-25-59-34-37-58-27-73-55-14-28-99-94-24-49-100-31-22-52-6-93-85-53-87-29-83-13-69-18-67-32-9-35-45-36-48-96-5-91-72-66-98
Ta100x20,9,4,400,0.9625,0.025,9,2230909282,17000,6624,6358,5979,5.750804695,v2_avx512bw_vec32_exact_perm,42-81-88-63-41-50-16-15-74-60-43-89-46-80-62-96-97-90-12-21-57-4-24-95-7-78-94-33-10-79-82-54-38-37-65-77-59-70-75-2-58-73-86-51-44-68-39-22-17-20-61-47-9-55-19-83-25-14-30-84-11-76-1-53-34-92-6-56-23-71-27-26-13-40-99-69-31-66-29-45-8-87-49-85-36-100-32-28-35-67-48-18-3-93-64-72-52-5-91-98
Ta100x20,9,4,400,0.9625,0.025,10,2230910291,17000,6625,6358,5979,5.560892467,v2_avx512bw_vec32_exact_perm,42-81-41-43-50-89-62-59-15-88-60-78-80-94-97-63-90-61-47-33-86-77-95-16-65-56-7-19-79-51-22-46-84-75-10-71-74-20-68-39-37-38-17-30-55-12-58-40-24-4-21-76-49-57-26-34-73-82-1-2-14-3-25-6-66-54-99-29-9-64-13-11-23-83-8-32-70-44-92-96-69-27-100-48-36-53-45-31-52-67-85-87-28-35-93-18-72-5-91-98
Ta100x20,9,4,400,0.9625,0.05,1,2230901210,17000,6608,6358,5979,5.539004339,v2_avx512bw_vec32_exact_perm,42-81-88-43-62-95-15-41-60-47-90-74-78-50-80-19-21-63-20-33-89-16-59-46-26-7-12-14-10-94-99-22-4-37-68-97-75-76-58-86-2-38-56-57-73-1-51-30-40-65-54-82-84-25-61-77-23-6-70-71-39-87-34-79-11-49-92-29-24-27-55-8-45-31-28-3-67-83-66-53-69-9-32-18-85-36-17-100-93-64-52-35-13-44-48-96-5-91-72-98
Ta100x20,9,4,400,0.9625,0.05,2,2230902219,17000,6654,6358,5979,5.787057062,v2_avx512bw_vec32_exact_perm,42-81-78-41-15-43-89-62-50-47-88-60-10-90-16-77-80-45-95-79-61-75-97-63-46-7-30-65-33-86-59-55-2-94-32-21-26-58-96-74-12-83-14-92-4-68-44-56-17-19-6-38-24-40-71-39-54-66-73-34-11-57-27-76-70-82-53-37-18-87-51-1-13-29-8-49-25-23-99-35-93-9-85-31-36-28-22-67-84-20-3-48-69-100-64-52-5-72-91-98
Ta100x20,9,4,400,0.9625,0.05,3,2230903228,17000,6619,6358,5979,5.788066398,v2_avx512bw_vec32_exact_perm,37-60-43-89-41-84-62-81-63-15-50-95-80-65-22-90-46-68-4-97-19-74-7-2-75-30-21-47-12-78-38-51-10-57-77-16-56-20-59-79-58-44-54-11-24-25-42-39-6-94-26-82-23-33-49-14-17-34-8-61-99-66-1-73-76-92-9-86-64-88-40-13-55-70-29-28-27-85-69-53-71-100-45-67-3-32-36-93-87-83-31-48-35-96-52-72-18-5-91-98
Ta100x20,9,4,400,0.9625,0.05,4,2230904237,17000,6624,6358,5979,6.141282866,v2_avx512bw_vec32_exact_perm,42-65-15-78-50-41-60-43-89-81-46-62-74-75-97-80-10-63-38-95-23-12-7-90-54-94-21-47-59-33-64-84-20-79-37-11-30-39-88-44-99-22-25-40-68-26-70-73-53-4-6-27-24-58-86-61-14-57-3-49-92-77-51-83-34-16-19-76-56-2-31-45-17-71-13-29-93-85-32-28-82-8-69-100-18-9-35-67-52-1-87-36-55-96-48-5-91-72-66-98
Ta100x20,9,4,400,0.9625,0.05,5,2230905246,17000,6612,6358,5979,5.630653787,v2_avx512bw_vec32_exact_perm,42-81-43-88-7-41-50-60-15-80-78-61-89-16-95-46-30-23-62-90-47-54-97-75-2-33-17-19-65-59-74-21-63-1-86-37-92-77-34-11-68-38-79-6-84-76-4-51-12-64-85-10-26-25-56-20-58-3-8-55-27-82-49-39-13-57-24-29-22-71-87-94-83-36-28-53-70-100-14-99-40-73-45-67-32-18-44-93-66-69-35-48-96-9-72-52-31-91-5-98
Ta100x20,9,4,400,0.9625,0.05,6,2230906255,17000,6586,6358,5979,5.422348381,v2_avx512bw_vec32_exact_perm,42-81-43-15-41-62-65-47-97-89-60-78-88-74-50-38-57-16-20-33-19-51-95-61-4-10-80-63-94-79-12-86-90-54-46-84-58-21-22-37-68-59-7-26-2-17-73-75-30-25-39-3-11-99-85-82-87-56-14-77-70-23-27-76-64-92-40-35-67-6-32-34-28-8-93-13-44-29-83-24-53-9-100-5-71-45-55-31-69-18-66-52-49-36-1-48-96-72-91-98
Ta100x20,9,4,400,0.9625,0.05,7,2230907264,17000,6624,6358,5979,5.670887573,v2_avx512bw_vec32_exact_perm,81-50-15-89-62-43-16-45-80-88-42-47-78-60-41-59-33-20-65-77-90-75-95-51-46-37-83-54-79-68-4-58-94-63-39-26-57-74-19-70-82-64-23-12-10-21-97-44-38-73-27-17-3-11-25-71-84-76-61-22-30-40-56-2-14-24-87-8-85-99-6-13-93-86-28-49-53-34-18-67-1-92-7-69-36-32-29-55-100-35-31-96-48-9-52-5-91-72-66-98
Ta100x20,9,4,400,0.9625,0.05,8,2230908273,17000,6610,6358,5979,5.398800911,v2_avx512bw_vec32_exact_perm,42-81-50-15-89-62-88-43-41-97-75-37-46-78-74-47-60-68-2-63-79-95-51-12-90-57-77-94-30-7-64-84-19-58-4-54-59-16-80-21-92-76-56-22-14-23-38-61-20-17-6-10-33-26-86-25-34-73-70-29-65-82-24-39-40-9-8-45-83-31-44-99-71-3-32-27-11-49-13-53-36-55-93-100-69-48-87-85-67-18-28-96-35-52-91-1-5-72-66-98
Ta100x20,9,4,400,0.9625,0.05,9,2230909282,17000,6573,6358,5979,5.327676696,v2_avx512bw_vec32_exact_perm,42-81-43-41-88-50-15-62-94-60-78-97-89-95-74-80-63-59-47-12-90-21-37-2-7-33-79-65-1-20-75-68-10-56-17-16-14-46-29-86-30-38-27-77-57-73-39-54-84-22-19-51-61-4-70-25-23-40-71-58-76-26-44-24-82-3-66-9-53-6-34-11-92-69-49-45-100-13-8-83-36-55-28-32-18-67-99-31-85-87-93-48-96-35-64-52-5-91-72-98
Ta100x20,9,4,400,0.9625,0.05,10,2230910291,17000,6585,6358,5979,5.487914975,v2_avx512bw_vec32_exact_perm,42-81-43-15-89-78-88-60-95-80-41-62-50-97-46-74-47-75-10-90-37-79-16-24-21-19-94-7-65-54-76-17-26-14-61-58-12-38-73-63-84-77-44-68-30-39-56-22-86-33-59-3-82-25-92-57-51-64-34-71-13-85-29-20-23-70-2-6-40-49-27-18-4-55-53-11-83-28-69-100-31-52-8-32-99-87-36-67-45-93-9-1-48-96-91-35-5-72-66-98
Ta100x20,9,4,400,0.9625,0.075,1,2230901210,17000,6625,6358,5979,5.288762847,v2_avx512bw_vec32_exact_perm,42-43-81-78-41-88-15-89-60-50-80-90-47-33-46-63-12-62-75-97-7-61-37-95-2-17-30-79-86-94-21-19-84-87-74-38-68-57-54-23-4-82-77-65-16-39-22-10-55-20-49-66-25-26-99-58-44-51-76-56-14-3-34-59-11-40-71-27-70-92-85-8-53-93-6-1-32-31-69-36-64-24-29-73-18-67-28-83-9-45-96-35-13-5-52-100-48-91-72-98
Ta100x20,9,4,400,0.9625,0.075,2,2230902219,17000,6625,6358,5979,5.413275819,v2_avx512bw_vec32_exact_perm,15-16-41-43-88-78-42-7-62-81-37-60-74-75-65-80-94-12-79-90-59-3-47-73-10-61-33-63-46-89-19-95-2-21-22-27-38-30-4-86-97-68-82-45-17-58-76-40-55-83-51-84-26-54-92-56-87-23-34-77-20-39-64-11-1-24-53-44-99-29-52-57-93-67-18-9-6-14-36-70-50-71-32-31-28-25-85-69-49-48-100-8-5-96-91-13-35-72-66-98
Ta100x20,9,4,400,0.9625,0.075,3,2230903228,17000,6627,6358,5979,5.429979449,v2_avx512bw_vec32_exact_perm,42-81-62-50-75-15-37-94-95-7-89-78-88-80-43-54-90-46-63-74-86-60-20-24-16-44-39-21-41-97-47-33-84-2-59-68-19-61-17-79-22-31-73-30-51-38-4-53-77-65-6-10-40-25-12-56-23-26-34-58-76-11-27-32-14-85-99-66-29-3-64-93-57-82-87-71-1-28-69-18-55-70-48-49-92-13-35-83-8-96-45-100-36-5-9-67-72-52-91-98
Ta100x20,9,4,400,0.9625,0.075,4,2230904237,17000,6629,6358,5979,5.192756937,v2_avx512bw_vec32_exact_perm,42-81-43-89-78-62-80-88-90-24-75-60-15-41-50-46-16-61-1-54-21-65-77-95-4-47-2-74-79-97-94-63-51-55-25-38-57-84-33-59-22-37-45-14-3-86-58-83-11-20-26-76-27-40-23-10-7-56-39-71-82-73-19-34-29-28-12-8-13-30-69-17-92-32-100-31-53-49-64-6-68-35-99-87-36-93-44-85-9-48-70-52-96-67-18-91-5-72-66-98
Ta100x20,9,4,400,0.9625,0.075,5,2230905246,17000,6617,6358,5979,5.293425315,v2_avx512bw_vec32_exact_perm,15-81-63-43-42-94-95-78-88-41-74-89-90-16-79-46-59-7-61-4-47-37-19-12-60-97-26-20-62-30-50-80-21-55-76-38-65-23-17-82-10-6-51-22-83-68-39-1-2-24-27-40-56-58-71-33-14-75-86-73-54-11-31-70-92-87-44-34-77-84-13-32-49-99-96-36-69-57-3-8-29-64-25-9-35-67-85-18-28-93-53-52-45-100-48-72-66-5-91-98
Ta100x20,9,4,400,0.9625,0.075,6,2230906255,17000,6581,6358,5979,5.705000547,v2_avx512bw_vec32_exact_perm,42-81-43-15-62-50-2-95-63-90-41-97-65-20-78-89-80-75-45-19-68-46-21-47-74-60-59-3-13-44-16-7-94-30-77-61-4-17-38-88-79-11-6-39-24-34-25-22-33-76-86-51-92-73-26-84-23-57-10-27-12-40-56-9-58-71-55-82-49-87-70-29-54-8-69-28-1-37-85-14-18-99-32-36-100-53-31-93-64-83-48-67-52-96-91-5-35-72-66-98
Ta100x20,9,4,400,0.9625,0.075,7,2230907264,17000,6607,6358,5979,5.618844862,v2_avx512bw_vec32_exact_perm,42-81-41-43-88-89-62-50-15-90-7-59-75-16-12-78-74-80-95-37-10-94-79-39-65-46-4-18-58-56-38-68-63-20-83-19-34-24-44-60-21-84-77-9-47-76-85-30-22-97-51-2-33-92-26-23-13-69-49-54-17-82-100-64-1-6-70-61-3-25-14-71-57-99-86-36-11-27-53-93-73-29-48-55-87-32-40-67-28-8-45-31-96-5-35-91-52-72-66-98
Ta100x20,9,4,400,0.9625,0.075,8,2230908273,17000,6594,6358,5979,5.854777229,v2_avx512bw_vec32_exact_perm,81-43-88-15-62-42-7-95-75-41-60-89-65-90-19-80-12-46-78-59-56-74-16-58-94-2-79-44-50-57-97-63-47-22-10-24-77-73-11-20-38-54-86-82-33-68-55-4-71-17-84-39-1-25-14-92-34-61-26-99-31-21-70-76-23-40-69-27-29-30-100-49-13-32-51-3-36-85-18-8-53-28-37-45-9-6-67-93-35-64-52-87-96-5-48-83-91-72-66-98
Ta100x20,9,4,400,0.9625,0.075,9,2230909282,17000,6596,6358,5979,6.052521551,v2_avx512bw_vec32_exact_perm,42-81-88-43-78-80-65-15-89-55-73-2-74-16-41-47-90-21-63-37-62-75-11-95-60-79-46-77-54-50-94-51-44-33-61-39-10-1-20-68-14-59-83-30-12-4-64-38-56-8-97-76-7-86-28-92-22-57-58-26-13-82-70-99-27-29-49-19-69-24-71-17-23-40-84-100-18-3-31-6-48-9-34-53-36-25-93-87-32-96-35-5-91-85-67-45-52-72-66-98
Ta100x20,9,4,400,0.9625,0.075,10,2230910291,17000,6588,6358,5979,5.313151704,v2_avx512bw_vec32_exact_perm,42-81-43-15-74-60-7-41-89-78-16-38-88-80-45-75-37-24-90-2-12-97-33-95-47-63-20-59-46-50-54-76-68-21-30-51-4-70-10-79-58-61-44-9-39-82-62-65-23-57-94-17-18-14-19-77-99-73-86-11-26-1-56-27-8-25-29-87-55-84-71-49-3-83-53-22-64-92-28-100-69-35-6-40-13-34-93-85-31-52-67-48-36-32-96-5-91-72-66-98
Ta100x20,9,4,400,0.9625,0.1,1,2230901210,17000,6625,6358,5979,6.014282265,v2_avx512bw_vec32_exact_perm,42-43-81-16-41-33-15-89-62-50-51-46-63-97-25-60-19-26-24-80-88-95-84-12-1-90-94-30-7-68-59-79-82-78-20-73-65-21-47-32-27-71-22-10-37-75-2-77-86-76-6-61-31-38-49-55-57-54-40-56-4-92-8-34-9-23-58-74-11-83-39-14-17-70-29-44-64-3-85-99-69-18-53-35-100-28-96-36-45-13-48-52-93-87-67-5-91-72-66-98
Ta100x20,9,4,400,0.9625,0.1,2,2230902219,17000,6650,6358,5979,6.144150556,v2_avx512bw_vec32_exact_perm,42-50-43-78-7-37-81-80-60-15-94-77-47-90-95-51-2-74-82-62-55-41-16-33-21-97-12-24-30-20-89-88-10-17-46-39-59-63-65-38-79-19-73-44-11-86-54-58-4-70-40-56-99-75-26-25-68-84-23-71-61-6-83-14-18-13-76-45-53-29-27-3-22-69-34-36-87-49-8-9-28-57-31-35-85-93-32-64-67-48-92-5-100-52-96-91-1-72-66-98
Ta100x20,9,4,400,0.9625,0.1,3,2230903228,17000,6651,6358,5979,6.054678222,v2_avx512bw_vec32_exact_perm,81-88-16-43-15-50-42-41-59-7-47-90-89-95-74-78-75-62-20-65-94-24-61-80-60-33-30-38-97-34-25-63-17-19-21-76-64-12-54-46-4-66-23-68-84-58-51-22-26-82-79-10-77-73-86-70-92-2-28-9-14-35-93-56-13-71-1-85-44-39-27-100-49-57-67-53-40-3-69-99-37-8-11-29-55-6-32-31-18-83-36-87-45-5-52-72-48-96-91-98
Ta100x20,9,4,400,0.9625,0.1,4,2230904237,17000,6606,6358,5979,6.155137242,v2_avx512bw_vec32_exact_perm,42-43-41-81-88-15-16-7-62-89-78-47-63-60-33-50-95-97-94-80-24-46-90-68-2-82-21-59-54-30-75-70-44-79-74-10-37-39-12-65-76-51-53-4-20-84-56-25-22-34-23-17-61-38-86-92-77-71-32-85-11-8-19-73-14-99-31-6-26-57-93-69-83-87-100-1-27-55-40-29-35-58-3-49-64-28-18-9-36-67-45-5-13-52-48-96-72-66-91-98
Ta100x20,9,4,400,0.9625,0.1,5,2230905246,17000,6631,6358,5979,6.493530121,v2_avx512bw_vec32_exact_perm,42-81-15-62-65-47-88-90-95-41-16-50-61-59-43-78-7-66-33-89-94-60-73-46-63-2-79-19-30-38-80-39-77-12-23-10-76-54-55-51-64-44-74-24-96-56-58-3-57-97-34-84-40-87-21-86-20-68-29-17-69-11-25-4-49-36-83-26-22-92-27-53-82-45-8-71-70-37-35-6-28-93-32-31-99-9-85-48-14-1-13-75-52-67-100-18-91-5-72-98
Ta100x20,9,4,400,0.9625,0.1,6,2230906255,17000,6639,6358,5979,5.188120809,v2_avx512bw_vec32_exact_perm,42-81-75-43-47-41-65-89-60-97-62-44-74-59-15-50-90-94-80-19-54-46-63-30-33-12-83-21-4-51-10-39-79-16-26-76-58-86-78-68-61-88-45-57-95-38-34-84-55-56-1-71-25-77-23-11-40-17-73-49-7-20-14-8-28-3-2-92-24-22-27-53-100-13-82-6-93-64-69-85-87-99-31-37-29-96-70-32-35-9-36-52-67-18-5-48-91-72-66-98
Ta100x20,9,4,400,0.9625,0.1,7,2230907264,17000,6603,6358,5979,5.368085656,v2_avx512bw_vec32_exact_perm,42-81-43-88-15-74-16-41-50-60-80-95-89-10-75-25-47-39-21-34-62-44-59-78-19-46-79-38-84-12-94-37-33-7-30-63-17-73-68-82-65-97-56-90-26-51-55-27-40-54-23-4-77-61-71-11-58-76-14-70-2-87-13-22-24-85-83-57-92-31-3-6-8-99-32-20-29-49-86-36-45-100-28-93-64-53-18-69-48-67-1-35-96-52-5-9-91-72-66-98
Ta100x20,9,4,400,0.9625,0.1,8,2230908273,17000,6625,6358,5979,5.391305774,v2_avx512bw_vec32_exact_perm,42-43-15-62-50-61-60-81-95-24-41-47-4-59-88-80-90-38-74-7-64-97-63-79-33-65-46-78-12-75-34-10-58-21-77-40-94-20-76-16-2-19-17-73-89-44-1-30-68-55-51-37-27-92-3-39-83-54-56-28-86-14-18-87-99-13-84-8-49-26-25-53-57-32-96-23-29-69-11-82-100-35-31-6-45-52-71-70-93-85-22-5-9-72-36-48-67-66-91-98
Ta100x20,9,4,400,0.9625,0.1,9,2230909282,17000,6620,6358,5979,5.312056856,v2_avx512bw_vec32_exact_perm,42-81-88-41-90-43-89-62-15-80-65-50-21-64-78-86-60-46-97-47-77-95-12-61-82-10-79-63-4-44-33-54-26-59-30-56-16-74-17-19-38-75-58-2-40-76-3-7-24-1-39-94-23-51-68-55-22-83-70-71-49-99-25-34-20-29-11-73-32-57-18-14-37-36-27-93-53-84-9-69-31-6-87-92-48-52-67-45-85-13-8-35-28-96-100-5-91-72-66-98
Ta100x20,9,4,400,0.9625,0.1,10,2230910291,17000,6609,6358,5979,6.192387228,v2_avx512bw_vec32_exact_perm,42-81-15-16-89-43-62-63-21-90-2-95-78-41-24-65-80-50-79-47-60-33-77-10-46-54-7-12-64-94-30-39-6-92-20-97-19-59-44-74-75-84-11-71-56-23-57-82-38-68-27-31-51-70-76-73-34-53-88-22-61-26-4-58-28-40-86-25-37-36-99-14-1-69-48-17-49-18-87-83-93-32-100-3-13-35-29-85-8-55-67-45-9-96-66-52-91-5-72-98
Ta100x20,9,4,400,0.9625,0.125,1,2230901210,17000,6593,6358,5979,5.321412499,v2_avx512bw_vec32_exact_perm,42-81-2-50-88-43-15-16-41-89-62-59-60-79-12-37-61-94-80-33-95-7-63-47-19-97-44-90-4-27-78-38-20-46-10-30-65-34-76-92-82-23-75-74-83-57-17-77-22-21-39-13-54-68-40-71-99-58-26-28-51-86-70-25-11-93-64-6-85-3-69-53-18-84-73-67-1-36-8-56-45-14-100-55-31-5-49-29-32-87-52-35-9-24-96-48-91-72-66-98
Ta100x20,9,4,400,0.9625,0.125,2,2230902219,17000,6627,6358,5979,5.314512411,v2_avx512bw_vec32_exact_perm,42-81-43-15-65-89-50-41-37-74-78-51-61-95-63-20-90-80-97-60-75-46-94-7-12-92-1-39-38-21-10-47-4-33-19-22-77-16-2-56-14-73-30-86-54-17-26-11-79-69-58-3-24-82-57-64-23-29-32-55-84-34-76-59-88-71-45-8-25-44-67-6-40-62-99-35-68-27-49-70-87-9-85-18-53-31-83-93-52-28-100-36-13-72-66-96-48-5-91-98
Ta100x20,9,4,400,0.9625,0.125,3,2230903228,17000,6571,6358,5979,5.665574426,v2_avx512bw_vec32_exact_perm,42-81-43-15-19-88-41-89-50-65-80-94-37-90-75-47-60-95-74-4-22-10-97-78-39-46-56-2-79-63-33-7-76-16-38-30-86-12-24-20-57-21-68-61-92-55-51-17-77-82-26-99-58-6-54-59-84-27-34-23-8-11-40-87-62-35-3-44-14-53-69-73-100-25-49-64-29-1-31-9-36-70-85-93-13-32-18-45-71-67-83-28-48-96-52-91-5-72-66-98
Ta100x20,9,4,400,0.9625,0.125,4,2230904237,17000,6657,6358,5979,5.60279383,v2_avx512bw_vec32_exact_perm,42-81-47-88-41-50-75-37-43-15-89-22-16-51-30-62-12-63-95-97-65-90-10-60-80-33-25-38-61-78-4-46-19-57-7-77-92-17-3-53-21-86-54-73-24-11-79-14-74-56-76-84-20-71-64-34-59-68-94-83-82-58-66-40-13-44-99-27-26-28-8-23-32-69-39-2-9-35-49-31-6-100-48-85-93-29-36-55-96-67-1-87-18-72-70-52-45-5-91-98
Ta100x20,9,4,400,0.9625,0.125,5,2230905246,17000,6654,6358,5979,5.925696311,v2_avx512bw_vec32_exact_perm,42-81-15-43-41-50-47-88-95-60-61-80-62-65-22-78-77-7-4-89-23-84-46-90-76-59-38-21-96-97-74-10-33-79-63-83-94-19-70-16-37-40-30-51-86-25-34-17-99-26-58-73-56-12-31-69-82-68-9-71-1-2-54-28-39-6-92-53-64-3-27-57-8-13-11-45-49-20-24-85-29-14-44-32-18-87-93-55-100-48-67-5-91-36-35-72-52-75-66-98
Ta100x20,9,4,400,0.9625,0.125,6,2230906255,17000,6654,6358,5979,5.381767854,v2_avx512bw_vec32_exact_perm,42-37-81-7-80-86-89-15-41-60-43-79-16-51-62-55-74-75-47-90-95-21-61-59-97-12-30-84-3-65-88-10-17-69-38-68-36-54-46-77-78-19-4-58-40-63-44-94-2-26-56-22-23-99-14-28-24-76-33-57-70-11-1-92-71-50-25-6-18-49-39-13-34-82-27-73-31-29-53-32-8-87-64-85-96-93-100-45-20-9-83-52-67-48-72-66-35-5-91-98
Ta100x20,9,4,400,0.9625,0.125,7,2230907264,17000,6639,6358,5979,5.148822061,v2_avx512bw_vec32_exact_perm,42-50-43-89-47-41-62-88-90-81-92-60-46-80-7-75-77-78-20-59-2-33-73-51-74-15-57-94-34-1-17-84-21-39-19-16-10-54-95-30-99-58-63-4-79-86-27-45-40-38-68-65-97-26-24-56-44-11-23-12-71-82-76-25-85-61-8-3-70-49-22-9-32-53-83-6-31-37-18-55-69-67-36-28-64-13-5-29-14-100-35-91-93-87-48-96-52-72-66-98
Ta100x20,9,4,400,0.9625,0.125,8,2230908273,17000,6613,6358,5979,5.062574249,v2_avx512bw_vec32_exact_perm,42-43-81-63-80-16-62-50-88-77-41-65-94-15-59-90-21-89-26-1-10-95-60-78-38-7-73-74-17-47-54-79-97-37-13-46-30-51-70-33-19-57-4-14-39-34-75-22-92-12-27-23-24-61-86-82-76-58-56-3-25-71-2-68-64-99-84-55-45-28-66-8-49-40-6-53-11-93-83-9-20-29-36-32-31-67-44-100-85-18-87-48-69-35-96-52-72-5-91-98
Ta100x20,9,4,400,0.9625,0.125,9,2230909282,17000,6606,6358,5979,4.944146738,v2_avx512bw_vec32_exact_perm,42-81-43-88-50-90-15-89-41-75-78-97-95-62-16-80-60-25-47-77-65-37-19-44-30-54-23-64-94-74-58-46-17-79-26-12-7-33-82-20-38-61-69-10-76-68-63-24-21-2-4-34-53-39-56-6-51-92-14-83-28-59-87-29-86-49-66-13-40-55-27-8-71-32-100-22-35-72-73-11-84-31-36-70-3-45-99-18-57-93-9-85-67-1-52-96-48-5-91-98
Ta100x20,9,4,400,0.9625,0.125,10,2230910291,17000,6643,6358,5979,5.313234707,v2_avx512bw_vec32_exact_perm,42-81-50-37-89-62-60-15-7-43-16-78-63-80-97-79-90-68-74-10-38-94-51-75-64-19-46-12-21-54-47-58-41-73-26-30-25-31-92-61-59-65-2-34-4-76-55-95-20-1-39-86-82-56-69-84-33-11-6-77-27-57-71-44-17-14-85-22-24-40-23-32-67-36-93-3-49-13-53-99-45-70-88-28-18-8-100-29-87-83-9-66-52-48-5-96-72-35-91-98
Ta100x20,9,4,400,1,0.025,1,2230901210,17000,6572,6358,5979,5.720487375,v2_avx512bw_vec32_exact_perm,42-81-43-89-15-41-62-78-65-75-50-90-80-97-95-7-37-10-82-60-47-21-74-16-46-77-63-30-19-2-20-33-4-79-86-12-51-24-59-68-54-57-94-22-38-26-58-34-84-40-71-76-39-17-73-25-23-28-13-29-6-61-11-49-8-14-3-83-56-31-64-70-92-53-18-27-45-36-32-69-44-1-99-9-87-48-55-93-35-96-85-67-52-88-100-5-91-72-66-98
Ta100x20,9,4,400,1,0.025,2,2230902219,17000,6608,6358,5979,5.601692929,v2_avx512bw_vec32_exact_perm,42-81-43-88-59-62-97-15-41-16-89-50-95-65-78-80-24-54-60-10-47-75-90-74-21-56-63-46-33-94-19-17-76-51-73-38-57-7-20-12-11-92-37-25-34-14-22-13-79-30-2-4-77-44-86-58-55-64-39-27-23-84-61-26-68-82-53-83-29-71-45-6-70-99-49-18-36-69-52-32-3-35-8-40-67-28-96-1-93-9-31-48-87-85-100-5-91-72-66-98
Ta100x20,9,4,400,1,0.025,3,2230903228,17000,6620,6358,5979,5.855710734,v2_avx512bw_vec32_exact_perm,42-81-15-78-43-62-2-88-74-63-80-41-97-47-50-65-22-86-89-57-21-60-38-59-44-12-77-90-19-24-16-46-33-95-79-30-84-54-68-39-82-94-56-10-75-55-4-51-26-13-71-40-29-61-17-83-76-7-37-53-8-58-34-23-45-3-11-14-28-73-66-87-27-25-69-1-31-6-9-99-67-92-36-20-49-18-64-85-70-93-32-52-48-96-35-100-5-91-72-98
Ta100x20,9,4,400,1,0.025,4,2230904237,17000,6661,6358,5979,5.8167042,v2_avx512bw_vec32_exact_perm,81-50-43-41-89-15-60-65-62-95-78-74-77-42-7-46-75-47-22-96-59-16-68-97-33-79-2-80-54-25-94-82-23-63-10-39-37-90-86-24-4-27-61-76-55-20-71-14-51-30-40-56-70-73-21-92-12-38-1-58-83-49-11-28-44-17-99-19-34-88-29-64-45-53-32-3-57-31-69-93-36-87-8-100-13-35-9-84-6-26-85-18-67-48-66-72-52-5-91-98
Ta100x20,9,4,400,1,0.025,5,2230905246,17000,6597,6358,5979,5.851134089,v2_avx512bw_vec32_exact_perm,42-81-37-89-78-88-60-62-74-43-15-80-94-41-16-79-24-46-90-63-95-54-97-12-47-34-30-76-51-33-21-17-75-4-39-7-10-68-19-65-71-22-57-61-59-44-25-38-84-82-26-23-58-77-27-86-56-6-69-3-11-2-29-83-70-14-45-73-92-100-8-20-53-18-50-36-32-1-9-99-55-40-31-64-49-93-85-28-96-52-87-13-5-67-48-91-35-72-66-98
Ta100x20,9,4,400,1,0.025,6,2230906255,17000,6622,6358,5979,5.6438224,v2_avx512bw_vec32_exact_perm,42-81-15-80-88-95-50-62-41-63-43-16-79-89-97-94-78-47-60-2-46-37-90-68-7-59-30-86-77-24-12-73-20-76-84-61-49-10-21-70-58-65-75-27-74-38-51-23-4-33-57-26-6-19-56-39-3-11-22-64-25-53-83-18-14-82-87-29-55-31-8-36-9-17-32-71-54-40-45-44-85-69-34-99-28-93-52-96-35-67-13-92-1-48-100-5-91-72-66-98
Ta100x20,9,4,400,1,0.025,7,2230907264,17000,6590,6358,5979,5.507547333,v2_avx512bw_vec32_exact_perm,42-81-43-89-78-88-62-15-50-75-74-90-60-46-41-21-33-47-54-80-65-7-63-97-64-68-79-38-51-59-56-20-16-84-95-19-23-26-57-94-4-10-76-27-61-40-12-71-2-30-44-39-11-1-34-3-58-73-82-53-24-37-55-22-77-99-69-86-25-35-100-92-87-14-17-29-6-49-13-8-36-70-85-31-32-28-93-83-18-5-9-45-67-52-48-96-72-66-91-98
Ta100x20,9,4,400,1,0.025,8,2230908273,17000,6602,6358,5979,5.938320145,v2_avx512bw_vec32_exact_perm,42-81-37-89-62-16-2-43-78-63-15-46-80-90-50-60-79-41-21-65-95-61-7-59-38-97-30-12-94-33-20-17-26-82-19-74-47-76-54-77-84-68-10-75-88-51-4-86-14-1-23-56-66-44-39-3-27-71-70-99-73-57-40-45-58-64-29-24-9-11-8-25-55-83-49-92-34-53-22-85-67-36-28-31-32-100-69-6-13-18-87-52-93-48-72-96-35-5-91-98
Ta100x20,9,4,400,1,0.025,9,2230909282,17000,6612,6358,5979,5.84729802,v2_avx512bw_vec32_exact_perm,42-81-43-50-75-89-62-95-78-88-97-16-41-47-59-90-15-80-60-74-10-12-46-24-56-20-2-86-94-33-4-30-17-25-26-21-73-51-68-63-82-79-19-3-84-77-37-54-38-34-65-27-40-71-39-58-57-22-55-92-23-76-64-61-36-7-14-32-31-11-13-85-29-44-69-49-99-8-9-70-28-6-93-67-45-18-52-87-1-83-53-100-35-96-48-5-91-72-66-98
Ta100x20,9,4,400,1,0.025,10,2230910291,17000,6605,6358,5979,5.661705426,v2_avx512bw_vec32_exact_perm,42-81-7-41-78-50-59-62-65-95-15-89-74-43-80-60-88-12-90-21-19-16-79-94-84-47-77-97-46-30-33-38-68-75-17-51-2-76-54-22-39-55-14-37-86-4-26-56-58-92-1-73-34-11-27-87-25-10-23-57-82-8-3-6-63-40-20-24-13-28-49-71-31-93-83-69-61-29-18-64-85-53-70-32-9-44-99-35-52-67-36-96-45-100-48-5-91-72-66-98
Ta100x20,9,4,400,1,0.05,1,2230901210,17000,6618,6358,5979,5.627598306,v2_avx512bw_vec32_exact_perm,42-81-43-89-47-62-94-60-80-15-78-12-46-50-65-16-33-19-74-84-41-7-75-2-21-38-59-37-77-58-63-90-57-51-61-86-23-30-73-54-92-26-17-68-24-4-88-10-22-79-11-53-100-55-82-64-95-25-40-1-3-97-14-83-20-27-76-34-56-70-8-99-13-87-49-6-32-29-45-93-39-69-71-44-35-67-9-28-36-31-48-85-96-66-52-72-18-5-91-98
Ta100x20,9,4,400,1,0.05,2,2230902219,17000,6624,6358,5979,5.601062758,v2_avx512bw_vec32_exact_perm,42-81-41-88-43-78-50-15-62-80-21-89-94-26-59-20-79-33-75-2-12-51-7-73-47-54-97-30-95-17-60-46-74-24-76-63-19-90-77-55-38-65-57-84-87-16-40-34-44-61-29-6-23-49-10-56-69-25-68-37-18-4-86-82-53-28-39-11-14-92-100-3-58-31-71-70-85-83-27-36-9-32-13-22-99-67-64-45-8-52-35-93-1-96-48-5-91-72-66-98
Ta100x20,9,4,400,1,0.05,3,2230903228,17000,6636,6358,5979,5.709619235,v2_avx512bw_vec32_exact_perm,42-81-43-41-50-89-15-62-7-78-51-47-95-90-88-94-80-46-74-60-33-63-70-26-10-77-23-2-19-65-30-75-69-21-56-17-73-97-20-54-4-76-38-34-82-86-27-25-40-71-79-16-39-68-45-3-59-12-11-24-83-58-44-13-61-92-53-28-6-93-87-84-37-29-57-31-85-14-9-8-55-52-67-22-99-32-36-100-35-49-18-96-5-1-48-64-91-72-66-98
Ta100x20,9,4,400,1,0.05,4,2230904237,17000,6623,6358,5979,5.344839345,v2_avx512bw_vec32_exact_perm,42-81-41-24-95-15-78-62-94-47-7-50-88-43-80-63-75-90-68-97-60-61-26-65-38-73-89-37-84-59-56-12-1-2-79-74-21-16-76-10-46-6-54-82-77-33-34-17-4-30-19-39-27-86-53-92-58-49-3-83-11-14-70-8-25-64-51-20-23-40-99-28-29-22-57-13-71-31-69-100-35-44-93-55-32-18-36-45-85-9-52-67-87-48-96-5-91-72-66-98
Ta100x20,9,4,400,1,0.05,5,2230905246,17000,6627,6358,5979,5.779669888,v2_avx512bw_vec32_exact_perm,42-81-43-78-89-16-15-41-97-47-63-37-88-74-62-80-2-59-60-20-19-50-46-68-38-12-99-79-6-23-61-33-51-10-90-65-7-82-30-22-77-75-95-70-44-56-86-39-49-94-24-34-54-69-73-58-1-3-27-76-4-64-21-55-11-92-8-26-57-17-40-83-67-31-53-28-66-87-85-93-100-14-29-25-84-13-32-9-36-71-45-18-35-48-72-52-96-5-91-98
Ta100x20,9,4,400,1,0.05,6,2230906255,17000,6654,6358,5979,5.595308603,v2_avx512bw_vec32_exact_perm,15-78-42-81-89-43-50-75-88-74-94-90-47-63-19-30-46-7-60-79-97-22-70-44-41-80-33-73-51-65-95-2-77-57-3-21-82-54-39-17-6-58-11-84-13-4-62-61-26-86-24-59-56-38-76-23-14-27-92-16-12-29-100-37-64-25-36-53-68-20-99-45-85-28-34-83-9-10-49-1-69-71-40-93-67-8-48-32-18-31-55-87-52-96-72-66-91-5-35-98
Ta100x20,9,4,400,1,0.05,7,2230907264,17000,6603,6358,5979,5.394641051,v2_avx512bw_vec32_exact_perm,42-81-43-41-88-50-15-7-63-46-80-16-47-74-60-62-59-65-90-95-19-79-89-84-37-56-68-78-94-97-10-75-44-22-61-73-17-77-33-21-24-30-86-54-2-51-38-12-76-83-58-25-11-39-57-4-20-26-82-14-29-27-40-9-23-8-1-3-6-70-49-85-71-64-69-53-18-92-87-34-99-36-31-93-32-28-100-13-5-48-67-35-96-55-45-52-91-72-66-98
Ta100x20,9,4,400,1,0.05,8,2230908273,17000,6647,6358,5979,5.679758391,v2_avx512bw_vec32_exact_perm,42-81-78-41-50-88-15-95-63-59-62-16-74-47-30-46-80-89-24-60-12-65-7-90-33-51-43-75-20-61-99-70-21-79-17-26-2-3-57-97-11-92-73-77-23-10-4-37-25-94-53-82-22-86-54-44-34-38-27-58-19-8-39-6-71-9-32-14-31-83-49-66-56-40-84-100-13-68-69-45-1-76-36-87-29-85-67-64-28-35-93-48-96-52-55-5-18-72-91-98
Ta100x20,9,4,400,1,0.05,9,2230909282,17000,6635,6358,5979,5.788140823,v2_avx512bw_vec32_exact_perm,42-81-78-41-7-15-62-43-2-97-80-50-88-60-21-89-79-16-90-95-17-74-37-86-94-63-59-33-65-77-30-75-44-24-19-54-46-84-38-73-12-25-4-76-11-22-9-47-68-83-51-64-57-61-70-23-10-3-56-69-82-39-27-58-40-26-1-28-6-20-53-99-49-87-92-34-100-14-8-29-55-31-71-18-52-36-93-32-45-35-13-85-67-5-96-48-91-72-66-98
Ta100x20,9,4,400,1,0.05,10,2230910291,17000,6636,6358,5979,5.679465303,v2_avx512bw_vec32_exact_perm,42-81-43-50-61-88-80-7-16-78-41-95-65-10-15-47-97-74-60-90-79-21-44-59-33-46-86-89-30-77-38-56-63-12-6-11-20-51-39-82-62-73-76-94-54-26-25-37-58-2-24-4-19-70-68-8-17-75-55-29-53-71-40-87-67-57-34-27-93-92-36-23-45-32-69-100-9-28-22-14-85-84-3-99-64-83-49-35-48-31-1-96-18-5-52-13-91-72-66-98
Ta100x20,9,4,400,1,0.075,1,2230901210,17000,6646,6358,5979,5.44662835,v2_avx512bw_vec32_exact_perm,42-81-16-37-50-78-89-15-62-73-64-94-88-43-10-74-80-63-12-97-90-76-41-60-82-79-95-61-7-38-30-47-45-55-51-23-59-39-14-77-46-54-65-44-17-8-56-33-34-21-19-83-58-100-31-20-6-25-22-52-2-24-71-70-68-27-13-85-92-11-3-53-40-28-49-26-1-93-96-99-9-84-18-57-86-69-4-36-87-32-29-72-66-48-67-35-75-5-91-98
Ta100x20,9,4,400,1,0.075,2,2230902219,17000,6645,6358,5979,5.49483859,v2_avx512bw_vec32_exact_perm,42-81-43-50-63-37-15-77-90-16-65-41-89-75-78-46-24-62-25-7-80-38-23-88-95-68-27-74-60-30-97-61-20-12-33-64-17-94-10-73-2-19-21-4-47-55-58-92-44-79-34-51-40-1-76-54-6-84-71-86-26-29-11-70-56-28-22-59-32-82-69-57-39-83-99-8-13-100-36-14-3-31-49-85-18-45-9-93-87-35-53-52-67-48-96-5-72-91-66-98
Ta100x20,9,4,400,1,0.075,3,2230903228,17000,6634,6358,5979,5.418067476,v2_avx512bw_vec32_exact_perm,43-42-81-78-15-95-41-45-62-89-47-80-50-88-75-2-60-46-3-12-74-10-65-82-33-58-63-90-17-21-94-79-59-26-57-23-77-54-73-51-86-16-4-22-61-37-7-19-14-44-29-53-38-68-30-97-56-39-11-84-1-76-6-64-31-32-93-13-20-71-25-27-40-8-36-99-67-55-28-70-24-83-49-35-9-69-18-34-92-48-85-87-100-52-96-5-91-72-66-98
Ta100x20,9,4,400,1,0.075,4,2230904237,17000,6672,6358,5979,5.418529367,v2_avx512bw_vec32_exact_perm,42-81-50-37-43-15-78-89-19-65-63-41-80-16-47-59-86-60-74-90-10-75-34-94-4-33-12-46-6-58-62-57-95-17-40-30-25-51-21-77-54-2-79-76-64-3-26-99-92-73-27-7-14-24-1-82-56-36-68-20-71-61-39-49-8-9-28-22-53-87-38-84-31-55-23-83-11-100-97-93-13-44-35-32-70-29-45-69-67-48-96-52-85-18-88-91-5-72-66-98
Ta100x20,9,4,400,1,0.075,5,2230905246,17000,6648,6358,5979,5.347369403,v2_avx512bw_vec32_exact_perm,50-15-16-62-47-43-81-89-88-42-80-60-65-94-74-7-63-78-22-24-41-84-79-10-51-33-12-95-46-21-90-77-57-17-61-4-58-75-59-38-11-19-70-44-23-26-6-54-73-30-13-25-37-99-14-76-82-86-92-97-34-87-27-9-71-31-36-8-3-69-83-68-39-56-28-1-40-29-67-32-53-2-45-49-48-35-100-52-64-93-20-55-66-96-85-18-72-5-91-98
Ta100x20,9,4,400,1,0.075,6,2230906255,17000,6650,6358,5979,5.404897188,v2_avx512bw_vec32_exact_perm,42-43-78-50-41-81-88-95-16-12-97-59-74-47-15-80-2-7-39-60-21-24-20-90-89-56-62-46-84-63-79-10-44-51-22-33-68-75-11-38-54-94-82-76-27-73-71-65-77-37-30-55-92-4-17-13-25-57-70-26-6-8-19-45-34-14-69-23-40-58-93-49-61-86-3-99-83-29-87-31-28-36-100-1-32-9-64-53-96-52-85-18-67-48-35-72-91-5-66-98
Ta100x20,9,4,400,1,0.075,7,2230907264,17000,6629,6358,5979,5.415512142,v2_avx512bw_vec32_exact_perm,42-81-15-88-43-62-41-50-63-16-75-37-65-97-77-60-7-89-2-21-46-78-74-79-12-94-76-55-90-61-38-44-80-95-47-4-30-56-71-10-86-68-22-84-17-59-54-73-20-45-33-23-19-82-51-27-26-24-11-83-58-39-70-6-29-14-57-64-40-3-25-31-53-99-34-92-49-8-13-9-32-35-28-85-93-100-87-69-18-36-1-96-48-67-52-5-91-72-66-98
Ta100x20,9,4,400,1,0.075,8,2230908273,17000,6613,6358,5979,5.20002109,v2_avx512bw_vec32_exact_perm,42-81-41-50-15-78-62-37-2-94-95-47-89-80-63-4-12-86-45-65-59-7-90-38-68-54-43-75-30-60-46-39-97-19-6-61-51-73-22-79-21-33-82-77-44-16-74-10-24-27-76-26-70-17-56-14-92-34-88-23-40-83-87-58-57-3-84-100-49-25-55-8-36-29-18-13-85-71-20-32-69-11-9-99-31-64-93-53-28-96-48-91-67-1-52-5-72-35-66-98
Ta100x20,9,4,400,1,0.075,9,2230909282,17000,6606,6358,5979,5.374258086,v2_avx512bw_vec32_exact_perm,42-81-43-88-7-59-41-15-16-62-24-60-74-80-21-30-46-90-50-89-44-63-33-19-95-94-47-79-84-77-51-17-10-75-45-12-37-78-76-27-56-65-61-97-20-73-92-6-38-68-39-26-82-87-54-86-58-40-3-34-22-4-11-25-55-23-57-71-83-2-99-8-13-64-1-70-29-85-32-66-93-100-14-69-28-49-52-36-9-67-53-18-48-31-35-96-5-91-72-98
Ta100x20,9,4,400,1,0.075,10,2230910291,17000,6593,6358,5979,5.511645363,v2_avx512bw_vec32_exact_perm,42-81-15-62-89-88-43-16-24-41-59-80-94-78-50-60-47-75-90-56-61-95-4-70-74-21-65-79-33-86-63-46-30-7-12-37-77-6-38-97-2-76-73-82-22-20-34-71-54-57-68-39-25-51-92-17-10-84-13-26-23-3-19-9-99-44-40-11-49-27-69-83-53-1-28-64-35-29-58-85-31-55-8-32-14-93-100-96-18-45-52-36-87-48-5-67-91-72-66-98
Ta100x20,9,4,400,1,0.1,1,2230901210,17000,6626,6358,5979,5.182731418,v2_avx512bw_vec32_exact_perm,42-81-15-43-74-60-24-80-94-78-41-51-62-50-63-79-90-56-19-16-2-95-75-88-65-22-77-59-37-7-17-6-12-20-58-46-73-33-30-70-76-21-13-61-47-4-86-10-39-97-82-55-23-11-26-32-54-100-14-68-34-92-89-44-38-40-25-71-1-45-99-3-53-27-36-8-9-87-83-35-29-64-69-66-93-85-84-57-28-49-31-48-96-67-52-18-5-72-91-98
Ta100x20,9,4,400,1,0.1,2,2230902219,17000,6627,6358,5979,5.292375461,v2_avx512bw_vec32_exact_perm,42-50-43-41-81-89-15-60-61-16-7-78-74-75-59-62-83-94-47-37-12-51-88-90-77-97-65-30-95-17-10-79-44-80-46-19-73-39-63-24-54-6-76-22-38-21-33-84-2-25-26-68-58-40-23-55-11-20-86-27-4-53-1-49-70-13-82-3-87-99-64-56-34-92-57-14-32-71-67-28-9-35-8-29-69-93-85-45-52-100-31-18-36-48-96-5-91-72-66-98
Ta100x20,9,4,400,1,0.1,3,2230903228,17000,6649,6358,5979,5.440447478,v2_avx512bw_vec32_exact_perm,42-81-43-15-50-88-63-95-41-74-60-97-78-59-89-90-56-2-75-77-51-21-19-47-30-82-13-16-80-20-6-12-68-24-17-65-84-79-38-26-92-83-61-86-25-46-62-4-39-23-22-54-64-7-3-94-76-40-14-71-57-34-33-58-73-55-87-37-8-1-49-31-99-70-53-29-27-28-10-36-93-18-69-45-32-11-100-85-67-91-52-35-9-44-48-96-5-72-66-98
Ta100x20,9,4,400,1,0.1,4,2230904237,17000,6651,6358,5979,5.24593559,v2_avx512bw_vec32_exact_perm,81-43-15-62-50-80-88-37-41-63-76-47-59-89-94-90-7-79-75-78-12-46-54-42-61-38-16-26-24-60-21-20-4-39-74-65-95-77-57-17-29-6-58-70-68-19-34-82-86-97-27-2-10-23-14-69-83-25-73-44-22-56-33-3-51-45-99-36-100-49-9-31-1-92-11-87-40-30-55-93-35-28-67-13-64-71-8-85-84-18-53-32-5-96-48-66-52-72-91-98
Ta100x20,9,4,400,1,0.1,5,2230905246,17000,6649,6358,5979,5.484247872,v2_avx512bw_vec32_exact_perm,50-15-78-41-81-65-42-59-68-89-88-60-43-75-33-62-47-97-90-95-63-74-56-20-80-38-79-12-94-46-30-16-7-61-51-39-86-10-58-6-4-70-25-23-54-76-64-40-21-73-67-37-84-34-26-92-19-3-77-17-1-85-83-29-14-57-69-22-11-27-8-9-49-36-24-31-99-44-87-82-28-100-55-13-71-2-53-18-45-93-66-32-48-5-96-35-52-72-91-98
Ta100x20,9,4,400,1,0.1,6,2230906255,17000,6642,6358,5979,5.595671314,v2_avx512bw_vec32_exact_perm,42-81-50-88-90-16-43-15-59-78-41-97-94-37-62-89-47-60-80-75-7-95-21-2-79-74-39-46-57-33-63-83-58-10-65-77-51-3-19-24-17-4-6-61-40-87-30-86-12-71-70-26-84-38-100-76-82-53-68-25-54-20-23-73-22-13-27-56-44-8-69-64-34-66-49-99-36-28-55-93-92-11-32-85-14-29-31-9-35-45-18-96-48-67-1-91-5-72-52-98
Ta100x20,9,4,400,1,0.1,7,2230907264,17000,6626,6358,5979,5.73427265,v2_avx512bw_vec32_exact_perm,42-81-7-41-60-63-15-16-50-59-95-78-43-79-75-94-37-80-74-12-46-62-90-47-89-97-68-20-65-33-19-22-88-30-27-56-2-39-99-6-10-21-51-1-38-25-86-77-82-58-84-61-92-26-4-34-54-40-23-70-14-71-17-76-45-29-49-55-93-11-57-44-18-32-53-31-73-100-67-3-24-9-85-69-64-52-13-28-8-35-36-87-96-48-5-83-91-72-66-98
Ta100x20,9,4,400,1,0.1,8,2230908273,17000,6669,6358,5979,5.58984304,v2_avx512bw_vec32_exact_perm,81-43-62-50-15-41-78-94-95-47-19-89-16-88-90-80-84-46-7-79-37-60-20-74-97-63-23-59-86-54-77-30-38-12-10-73-3-42-2-24-83-75-99-33-22-69-21-11-4-6-76-51-34-27-40-82-39-25-57-64-8-61-14-56-65-68-17-87-1-36-58-28-71-13-29-85-18-93-70-55-32-44-66-26-53-49-92-31-48-100-67-52-5-9-96-35-45-91-72-98
Ta100x20,9,4,400,1,0.1,9,2230909282,17000,6644,6358,5979,5.806909031,v2_avx512bw_vec32_exact_perm,42-81-43-15-41-50-80-89-88-4-90-10-78-24-97-7-19-16-46-63-33-60-22-44-95-30-17-54-39-20-94-51-64-59-70-65-58-12-92-79-83-56-77-28-38-21-61-47-86-25-26-3-82-69-74-34-71-2-29-73-40-11-23-93-32-68-99-45-76-84-9-18-6-55-8-14-57-87-27-62-37-1-67-53-75-85-100-35-36-13-31-49-48-52-96-5-91-72-66-98
Ta100x20,9,4,400,1,0.1,10,2230910291,17000,6617,6358,5979,5.802439011,v2_avx512bw_vec32_exact_perm,42-81-43-15-89-41-63-16-80-50-95-65-90-75-46-47-24-37-94-88-20-62-68-97-22-60-12-74-77-78-30-79-21-82-51-39-61-25-33-86-17-4-54-58-38-2-1-76-57-56-27-45-26-14-84-19-40-3-64-23-13-73-83-71-11-9-32-10-59-29-70-44-8-99-31-7-53-92-87-36-55-49-18-28-69-100-67-6-48-66-93-35-96-52-85-72-5-34-91-98
Ta100x20,9,4,400,1,0.125,1,2230901210,17000,6649,6358,5979,5.769003424,v2_avx512bw_vec32_exact_perm,81-62-15-74-50-75-88-37-7-60-89-16-80-65-95-41-46-63-94-43-79-84-30-10-78-86-4-19-38-51-55-21-59-47-68-77-97-90-6-42-57-39-17-22-27-11-40-23-73-58-2-71-82-26-20-54-33-14-25-3-29-67-92-12-45-99-100-70-61-56-49-64-83-18-24-1-76-53-32-44-8-87-69-93-35-36-9-31-28-13-48-96-85-52-72-66-34-5-91-98
Ta100x20,9,4,400,1,0.125,2,2230902219,17000,6653,6358,5979,6.046876065,v2_avx512bw_vec32_exact_perm,42-50-81-78-89-65-43-15-41-59-80-7-88-90-63-20-74-2-95-60-21-37-94-75-25-77-16-40-61-33-97-79-23-47-10-12-11-26-84-58-44-39-73-14-46-27-68-92-1-30-56-19-49-34-24-38-57-64-51-4-9-76-55-54-28-8-45-53-17-93-83-69-86-13-71-62-82-29-67-52-100-6-3-87-99-36-22-32-18-85-70-96-35-48-31-5-91-72-66-98
Ta100x20,9,4,400,1,0.125,3,2230903228,17000,6666,6358,5979,5.859731937,v2_avx512bw_vec32_exact_perm,42-81-78-75-50-43-15-88-89-46-62-20-24-47-41-94-90-60-39-45-61-63-65-30-80-12-38-58-97-33-21-74-4-19-44-51-16-54-79-2-86-25-17-37-68-56-95-59-77-49-84-76-34-23-26-82-70-71-22-8-1-7-9-3-99-57-11-83-55-27-40-36-28-14-69-31-29-73-53-6-92-100-10-32-64-85-93-87-13-96-18-52-48-5-67-35-91-72-66-98
Ta100x20,9,4,400,1,0.125,4,2230904237,17000,6652,6358,5979,5.859071788,v2_avx512bw_vec32_exact_perm,42-81-43-51-15-41-90-59-50-37-88-75-74-63-95-16-97-89-47-10-60-78-7-38-77-21-46-24-2-80-57-62-86-94-4-54-49-79-19-64-23-30-17-61-82-28-39-12-25-33-44-8-11-65-22-53-34-58-40-83-70-20-27-56-69-92-71-87-18-55-26-76-14-68-6-67-85-73-35-29-84-99-5-36-13-32-100-93-9-3-31-52-1-96-45-48-72-66-91-98
Ta100x20,9,4,400,1,0.125,5,2230905246,17000,6656,6358,5979,5.867477891,v2_avx512bw_vec32_exact_perm,42-81-88-64-74-78-60-15-89-90-43-41-94-95-59-12-20-50-54-46-63-80-84-77-4-86-51-19-39-47-73-37-30-24-49-62-76-97-79-16-68-10-82-22-25-75-61-23-65-33-8-27-14-70-6-21-38-2-92-55-11-7-56-40-17-44-45-58-34-32-93-29-57-9-3-53-26-99-71-28-1-100-67-85-18-69-87-48-35-52-36-13-96-83-31-5-91-72-66-98
Ta100x20,9,4,400,1,0.125,6,2230906255,17000,6662,6358,5979,5.704177367,v2_avx512bw_vec32_exact_perm,42-81-15-78-88-43-41-16-74-65-94-24-75-46-89-79-60-7-37-63-59-62-97-90-2-33-30-19-47-10-95-38-58-45-44-99-12-68-86-54-80-4-51-22-50-6-77-21-76-61-11-56-26-92-82-20-39-14-31-23-8-13-70-87-55-36-29-85-17-3-84-27-71-40-66-32-73-28-25-34-69-93-9-67-57-49-100-48-53-83-18-35-96-52-1-64-5-91-72-98
Ta100x20,9,4,400,1,0.125,7,2230907264,17000,6649,6358,5979,5.603328127,v2_avx512bw_vec32_exact_perm,42-81-15-95-43-89-50-62-60-59-88-37-41-24-74-46-63-78-38-4-12-19-7-47-90-65-30-75-10-33-23-77-2-97-44-80-68-54-94-17-21-26-1-79-56-16-76-84-27-58-22-73-11-61-25-92-71-40-6-20-34-86-32-9-39-83-31-55-51-29-49-36-69-45-93-14-87-99-85-57-18-82-70-28-13-3-64-35-8-5-67-100-52-53-48-91-96-72-66-98
Ta100x20,9,4,400,1,0.125,8,2230908273,17000,6631,6358,5979,5.957220096,v2_avx512bw_vec32_exact_perm,42-81-15-88-43-78-50-74-80-60-37-79-89-41-59-16-65-46-62-57-77-90-75-47-94-21-19-38-51-33-63-12-14-7-95-56-10-20-17-6-26-11-68-23-92-97-83-54-84-34-28-2-82-25-86-27-24-71-22-73-45-30-58-61-8-99-64-39-85-4-40-13-3-32-53-69-18-36-76-70-29-49-67-44-100-31-48-1-93-9-35-55-87-5-52-96-91-72-66-98
Ta100x20,9,4,400,1,0.125,9,2230909282,17000,6680,6358,5979,5.724357474,v2_avx512bw_vec32_exact_perm,81-15-78-42-50-43-80-89-88-60-77-95-74-41-10-62-47-38-16-7-59-63-90-86-2-55-20-57-51-69-65-97-19-56-83-68-40-84-27-54-46-58-33-79-34-92-39-44-30-17-21-25-37-99-94-24-1-12-4-49-76-22-26-29-71-14-87-66-61-75-93-23-32-28-64-82-70-36-11-9-8-53-73-45-100-13-3-85-52-6-67-31-18-48-5-96-72-35-91-98
Ta100x20,9,4,400,1,0.125,10,2230910291,17000,6634,6358,5979,5.537474966,v2_avx512bw_vec32_exact_perm,42-81-43-15-50-62-80-21-63-95-16-59-22-78-60-12-37-79-89-88-17-41-38-57-77-65-82-47-19-54-94-84-46-74-75-33-20-11-68-71-73-90-27-39-86-51-30-40-23-92-10-61-7-4-56-44-83-34-70-25-93-76-58-9-99-100-6-2-97-24-29-31-14-55-1-96-85-53-26-49-3-32-87-28-8-69-64-13-36-45-18-48-67-5-52-35-72-91-66-98
Ta100x20,9,5,500,0.85,0.025,1,2230901210,17000,6526,6358,5979,6.158793912,v2_avx512bw_vec32_exact_perm,42-81-43-15-89-78-88-60-41-90-97-80-62-2-24-21-50-63-95-94-46-47-33-7-86-19-4-61-10-77-16-44-75-59-57-65-74-54-38-56-79-83-58-84-51-40-12-37-39-82-26-70-68-22-3-27-23-87-11-30-6-92-14-76-49-99-1-53-18-25-34-36-45-32-71-20-9-8-31-28-17-55-69-29-73-100-35-64-13-93-85-52-67-48-96-5-91-72-66-98
Ta100x20,9,5,500,0.85,0.025,2,2230902219,17000,6491,6358,5979,6.116421718,v2_avx512bw_vec32_exact_perm,42-81-43-89-62-88-15-60-74-41-75-77-46-50-16-65-37-80-90-78-21-44-24-63-12-95-33-7-38-94-61-59-10-47-4-70-97-76-23-84-19-54-56-2-22-17-40-25-26-51-79-58-68-30-86-34-82-73-13-99-3-57-71-27-32-8-6-69-11-36-92-39-64-31-20-28-83-14-45-9-35-93-53-49-100-18-55-1-29-85-87-48-96-52-67-91-5-72-66-98
Ta100x20,9,5,500,0.85,0.025,3,2230903228,17000,6523,6358,5979,6.264319476,v2_avx512bw_vec32_exact_perm,42-81-43-88-89-80-7-60-62-50-41-15-65-61-90-75-97-33-46-54-4-47-95-19-30-16-63-86-79-10-84-38-12-73-2-74-51-56-20-21-6-26-17-24-59-94-77-78-82-68-57-58-92-48-64-34-39-27-76-23-37-25-11-70-71-53-3-14-44-13-99-40-83-8-85-49-28-22-18-87-69-55-35-29-93-31-9-32-45-100-67-36-52-1-96-5-91-72-66-98
Ta100x20,9,5,500,0.85,0.025,4,2230904237,17000,6525,6358,5979,6.452339788,v2_avx512bw_vec32_exact_perm,42-81-43-24-63-46-41-62-50-15-60-80-12-37-59-65-95-7-94-47-74-90-56-78-79-89-16-19-21-71-17-68-10-20-6-84-77-33-4-25-86-2-51-61-23-70-38-88-82-22-39-97-83-14-3-57-30-64-27-26-13-40-73-58-54-1-34-44-75-8-55-49-99-32-11-76-29-18-53-92-28-69-9-31-100-85-52-45-67-87-36-96-35-48-93-72-66-5-91-98
Ta100x20,9,5,500,0.85,0.025,5,2230905246,17000,6455,6358,5979,6.353549602,v2_avx512bw_vec32_exact_perm,42-81-15-37-89-16-63-95-60-74-46-80-7-90-43-21-41-24-62-79-47-12-94-2-10-4-33-75-20-61-59-19-51-73-77-86-50-84-66-65-34-56-44-38-97-68-88-17-76-45-30-22-48-54-23-25-26-82-39-57-71-87-13-40-8-83-55-11-99-58-70-3-6-14-27-93-1-92-35-49-78-85-29-64-28-53-18-69-36-32-9-31-96-100-52-67-5-91-72-98
Ta100x20,9,5,500,0.85,0.025,6,2230906255,17000,6477,6358,5979,6.692245104,v2_avx512bw_vec32_exact_perm,42-81-43-15-89-16-41-60-50-95-80-90-21-62-47-94-24-78-46-79-64-7-74-56-33-63-65-4-38-77-86-61-10-17-82-20-73-12-39-30-54-97-59-44-51-26-40-75-76-68-84-55-19-34-23-58-28-37-57-88-22-71-25-83-70-92-3-87-27-11-14-69-93-9-85-35-1-29-99-13-49-2-100-8-53-31-6-32-18-48-36-67-45-52-96-5-91-72-66-98
Ta100x20,9,5,500,0.85,0.025,7,2230907264,17000,6535,6358,5979,6.832358249,v2_avx512bw_vec32_exact_perm,42-81-43-41-88-50-15-78-16-80-90-24-37-59-19-94-89-7-51-95-60-62-61-97-47-74-17-10-44-21-76-38-34-68-75-65-79-33-84-63-46-55-12-20-26-2-58-56-22-45-30-86-54-4-23-77-14-39-82-53-11-64-28-31-3-85-29-70-57-25-9-1-6-92-27-36-67-8-40-71-13-49-32-73-100-35-69-48-99-93-87-83-96-72-52-66-18-5-91-98
Ta100x20,9,5,500,0.85,0.025,8,2230908273,17000,6574,6358,5979,6.725010337,v2_avx512bw_vec32_exact_perm,37-81-15-62-89-88-78-97-60-2-74-43-41-79-50-80-38-65-63-73-24-46-54-90-95-94-87-56-76-75-30-26-23-61-25-77-42-86-7-10-16-57-12-82-4-59-14-47-68-20-51-22-33-21-58-27-6-39-83-70-11-19-3-55-92-99-84-45-67-44-66-28-40-9-69-34-17-1-93-85-18-29-31-36-71-53-100-49-32-8-64-48-13-35-52-96-5-91-72-98
Ta100x20,9,5,500,0.85,0.025,9,2230909282,17000,6504,6358,5979,6.535039698,v2_avx512bw_vec32_exact_perm,42-81-43-89-78-88-63-46-62-97-41-15-48-16-80-20-74-21-60-19-47-95-50-7-76-30-75-90-2-86-94-33-4-61-59-70-65-38-26-56-25-44-39-51-79-58-55-77-37-17-14-23-54-40-10-82-12-71-73-68-22-11-27-32-57-13-3-87-8-31-83-34-6-92-24-29-100-53-69-49-84-28-35-45-99-9-93-36-64-18-85-67-52-1-96-5-91-72-66-98
Ta100x20,9,5,500,0.85,0.025,10,2230910291,17000,6537,6358,5979,6.514786706,v2_avx512bw_vec32_exact_perm,42-81-15-41-24-78-43-88-60-74-46-80-7-62-16-97-47-63-79-21-12-38-89-33-37-95-65-90-68-61-75-17-2-54-76-59-58-4-22-86-23-94-26-77-57-55-82-39-50-84-19-73-56-11-40-20-14-30-3-99-87-51-10-1-71-8-25-27-70-67-44-31-6-93-36-18-9-85-83-92-69-32-34-66-100-53-49-28-29-13-45-64-52-72-48-96-35-5-91-98
Ta100x20,9,5,500,0.85,0.05,1,2230901210,17000,6539,6358,5979,7.128355363,v2_avx512bw_vec32_exact_perm,42-81-37-89-16-74-15-78-41-43-88-90-77-65-50-79-60-10-62-83-80-33-95-7-63-47-58-61-46-97-38-19-54-30-4-86-45-13-70-26-75-59-68-84-2-23-51-22-44-12-25-82-20-56-3-94-14-39-11-27-53-34-57-8-6-17-21-18-24-99-76-73-28-55-31-40-87-29-9-49-93-92-69-85-64-32-71-100-35-36-1-48-96-5-52-67-91-72-66-98
Ta100x20,9,5,500,0.85,0.05,2,2230902219,17000,6523,6358,5979,7.001868867,v2_avx512bw_vec32_exact_perm,42-81-50-43-89-60-41-15-75-74-78-10-95-88-90-47-97-94-80-37-79-63-7-20-16-19-46-30-33-39-27-61-65-77-12-83-62-86-82-66-38-4-1-73-59-22-68-54-25-57-2-92-26-3-23-11-51-58-70-9-44-24-14-69-84-21-56-71-87-18-34-85-29-67-76-17-31-6-55-49-32-8-53-40-28-45-100-13-36-93-99-96-35-48-5-52-64-72-91-98
Ta100x20,9,5,500,0.85,0.05,3,2230903228,17000,6587,6358,5979,6.961339967,v2_avx512bw_vec32_exact_perm,42-81-43-15-62-60-88-50-78-7-80-97-94-41-63-47-2-95-19-89-90-75-77-10-33-51-55-20-79-65-37-16-54-22-46-21-73-1-82-61-58-38-68-84-17-59-39-23-26-36-74-14-44-4-12-86-56-11-25-71-40-29-70-57-99-24-6-34-30-49-66-32-13-69-8-76-9-67-83-45-28-27-3-53-100-92-31-64-85-93-87-48-96-35-52-5-18-72-91-98
Ta100x20,9,5,500,0.85,0.05,4,2230904237,17000,6530,6358,5979,6.972850462,v2_avx512bw_vec32_exact_perm,42-81-43-89-88-41-60-47-21-50-15-74-46-59-63-78-62-80-16-37-79-90-24-94-75-77-30-17-2-86-7-54-22-6-76-97-38-65-4-95-39-14-33-56-57-34-40-51-25-61-44-58-26-20-73-11-29-68-82-23-12-27-99-10-87-13-28-55-83-8-70-31-32-3-92-19-35-85-71-67-84-93-100-9-45-53-18-69-36-64-52-49-1-5-48-96-72-66-91-98
Ta100x20,9,5,500,0.85,0.05,5,2230905246,17000,6556,6358,5979,6.770584751,v2_avx512bw_vec32_exact_perm,42-81-43-88-41-50-15-78-46-7-62-80-65-63-60-33-59-94-95-77-57-20-89-4-19-75-10-51-47-90-38-61-39-24-97-73-12-70-21-82-86-16-25-37-99-26-1-58-6-79-74-23-54-2-34-30-76-17-68-49-27-71-56-64-85-11-13-40-92-14-22-84-93-3-31-83-28-55-53-29-18-44-32-100-69-35-8-87-9-96-5-52-36-45-48-67-91-72-66-98
Ta100x20,9,5,500,0.85,0.05,6,2230906255,17000,6569,6358,5979,6.662859364,v2_avx512bw_vec32_exact_perm,42-81-78-15-89-41-16-63-80-95-62-97-88-43-74-12-60-79-47-54-46-90-51-58-94-50-19-20-21-17-65-30-86-37-38-61-4-77-7-82-26-55-14-84-76-22-75-57-33-68-28-10-56-73-64-25-8-69-29-59-2-39-44-11-23-9-83-53-92-70-18-71-66-49-34-27-87-85-24-93-99-40-32-31-6-45-3-67-48-1-36-100-13-35-96-52-5-91-72-98
Ta100x20,9,5,500,0.85,0.05,7,2230907264,17000,6539,6358,5979,7.224715537,v2_avx512bw_vec32_exact_perm,42-81-43-89-88-60-41-50-15-74-62-95-80-94-16-90-78-86-59-37-7-46-24-10-75-30-39-65-20-54-4-47-55-77-63-33-38-79-2-73-97-22-19-84-25-21-56-26-17-76-51-12-11-71-58-68-34-14-44-99-23-40-27-6-61-87-18-70-36-92-53-57-82-29-49-32-69-3-64-31-100-28-83-13-85-93-52-9-8-67-45-1-48-96-35-5-91-72-66-98
Ta100x20,9,5,500,0.85,0.05,8,2230908273,17000,6573,6358,5979,6.549834159,v2_avx512bw_vec32_exact_perm,42-81-78-41-50-43-10-62-88-75-37-4-15-19-74-89-65-47-33-60-80-68-54-95-16-46-63-97-24-90-21-17-12-20-2-38-59-77-7-86-14-25-94-79-71-30-61-8-56-82-58-55-23-26-76-44-13-3-11-84-73-39-1-29-22-57-51-87-34-35-83-69-6-40-93-31-67-28-100-70-85-49-36-92-99-18-32-9-48-45-27-72-53-96-52-64-66-5-91-98
Ta100x20,9,5,500,0.85,0.05,9,2230909282,17000,6544,6358,5979,6.459941398,v2_avx512bw_vec32_exact_perm,42-81-7-43-41-15-60-80-50-78-89-62-88-46-90-65-56-24-94-63-33-86-21-74-4-95-45-19-61-47-59-16-38-20-54-76-34-30-13-77-2-51-84-79-17-73-10-97-1-37-25-39-14-44-23-68-22-27-3-6-11-92-70-12-55-83-26-40-82-57-75-58-64-29-69-8-85-28-71-36-100-35-67-99-9-53-52-93-49-31-87-32-18-48-96-5-91-72-66-98
Ta100x20,9,5,500,0.85,0.05,10,2230910291,17000,6568,6358,5979,6.546232463,v2_avx512bw_vec32_exact_perm,42-81-15-37-89-16-63-80-65-46-59-62-60-41-94-74-95-7-38-77-47-79-21-12-30-90-73-78-43-88-2-19-50-97-22-4-10-23-64-54-86-20-84-51-68-40-33-61-75-24-71-17-11-76-70-29-25-14-56-26-57-85-18-44-92-3-53-82-39-8-99-58-27-6-87-55-49-1-83-93-32-69-67-31-28-100-45-48-36-35-96-13-52-72-9-5-34-91-66-98
Ta100x20,9,5,500,0.85,0.075,1,2230901210,17000,6600,6358,5979,6.54535516,v2_avx512bw_vec32_exact_perm,42-43-81-41-50-15-16-7-90-78-53-46-80-95-62-89-60-88-75-37-57-74-59-33-19-51-2-84-83-79-12-39-47-97-63-94-65-24-44-45-54-4-22-76-77-38-61-21-58-26-99-30-86-17-70-11-3-40-23-68-8-6-56-25-34-82-14-71-27-93-29-73-64-9-10-85-69-66-31-20-49-32-18-36-5-67-55-87-28-100-92-35-52-1-13-48-96-91-72-98
Ta100x20,9,5,500,0.85,0.075,2,2230902219,17000,6515,6358,5979,6.556698613,v2_avx512bw_vec32_exact_perm,81-43-89-63-46-78-65-41-21-15-74-59-62-47-80-60-7-37-12-38-33-82-16-97-79-2-61-57-90-95-75-51-30-39-54-19-88-25-50-4-20-73-22-56-76-27-94-86-71-24-77-10-44-26-23-17-11-58-42-68-6-34-69-32-40-83-31-55-14-29-49-93-1-99-45-8-3-64-84-70-53-18-9-85-92-13-96-35-100-36-28-87-52-48-67-5-91-72-66-98
Ta100x20,9,5,500,0.85,0.075,3,2230903228,17000,6597,6358,5979,6.477832184,v2_avx512bw_vec32_exact_perm,42-81-50-43-15-62-88-78-97-16-47-41-19-46-89-54-95-44-63-20-64-60-76-21-12-38-59-10-4-75-37-30-77-39-5-80-58-82-25-61-65-22-57-73-27-24-74-2-51-86-84-33-56-94-26-79-100-40-23-28-1-13-29-70-71-90-68-53-11-83-92-7-14-36-49-3-17-9-87-69-34-85-93-55-8-6-31-32-35-99-45-48-96-72-18-52-67-66-91-98
Ta100x20,9,5,500,0.85,0.075,4,2230904237,17000,6591,6358,5979,6.57208115,v2_avx512bw_vec32_exact_perm,42-81-88-20-7-43-15-62-97-89-47-41-95-12-94-2-80-50-60-16-79-30-65-59-33-46-77-51-63-19-75-73-10-37-58-26-57-22-84-54-17-38-21-90-70-23-86-4-39-74-25-68-44-82-11-92-83-66-76-34-61-40-32-56-53-87-49-29-28-9-27-8-14-31-3-100-24-78-85-13-69-93-35-99-64-1-71-45-6-36-55-18-67-52-5-48-96-72-91-98
Ta100x20,9,5,500,0.85,0.075,5,2230905246,17000,6573,6358,5979,7.37466163,v2_avx512bw_vec32_exact_perm,42-81-50-15-10-43-88-89-41-65-90-63-80-95-47-16-97-74-60-21-62-19-57-26-84-75-76-7-30-94-51-46-78-33-12-82-56-77-54-17-59-4-3-79-23-38-87-34-71-24-22-61-92-39-86-68-25-2-45-58-27-36-37-73-6-32-29-18-69-99-1-11-49-14-64-55-100-48-53-20-40-13-85-8-28-67-44-83-70-93-31-52-9-66-72-96-5-35-91-98
Ta100x20,9,5,500,0.85,0.075,6,2230906255,17000,6584,6358,5979,6.688316889,v2_avx512bw_vec32_exact_perm,42-81-88-43-15-62-24-20-16-41-50-57-89-47-95-78-46-68-63-61-10-75-4-33-38-56-80-2-60-21-90-69-79-94-22-19-97-44-48-7-70-99-12-51-65-26-77-58-92-39-17-54-86-30-49-14-83-29-74-27-1-85-64-59-25-71-23-34-11-8-76-6-31-13-32-18-73-84-93-40-55-45-36-37-3-87-82-28-53-96-100-35-9-52-67-5-91-72-66-98
Ta100x20,9,5,500,0.85,0.075,7,2230907264,17000,6551,6358,5979,6.518014059,v2_avx512bw_vec32_exact_perm,42-81-43-79-65-15-41-16-89-78-24-46-60-62-47-94-74-30-75-90-97-12-44-59-2-95-61-54-68-33-17-84-51-10-19-88-38-7-77-73-37-55-20-76-82-80-27-63-57-34-86-21-4-58-39-71-50-13-6-1-32-92-64-11-26-23-22-25-8-56-14-31-36-28-69-35-66-49-9-3-83-99-100-40-70-85-67-93-18-53-29-45-87-52-48-96-5-72-91-98
Ta100x20,9,5,500,0.85,0.075,8,2230908273,17000,6542,6358,5979,6.636904598,v2_avx512bw_vec32_exact_perm,42-81-43-15-89-88-90-62-75-41-50-95-74-7-21-60-80-33-12-78-37-63-79-94-16-59-46-47-10-84-76-77-19-44-97-34-39-65-57-51-54-23-4-24-25-2-20-14-38-61-68-40-22-86-99-56-13-82-17-30-71-11-55-58-6-28-26-27-31-8-87-73-70-3-85-93-53-36-32-64-18-92-67-49-35-29-100-69-1-9-52-45-83-48-96-5-91-72-66-98
Ta100x20,9,5,500,0.85,0.075,9,2230909282,17000,6551,6358,5979,6.3382724,v2_avx512bw_vec32_exact_perm,42-81-88-50-43-94-95-89-78-7-41-60-47-65-80-33-15-74-57-63-62-90-38-97-19-51-46-61-25-75-30-16-37-79-73-77-21-17-68-10-4-56-12-39-44-86-54-13-36-82-59-2-84-26-76-45-71-23-58-11-3-40-27-24-6-34-1-70-49-69-8-9-29-53-14-99-22-32-92-18-64-20-31-93-85-28-87-55-100-83-96-35-48-52-67-5-91-72-66-98
Ta100x20,9,5,500,0.85,0.075,10,2230910291,17000,6588,6358,5979,6.910114485,v2_avx512bw_vec32_exact_perm,42-81-43-15-89-62-88-60-41-95-47-80-7-21-56-16-4-94-30-63-97-20-46-10-78-26-39-19-12-48-25-74-33-86-54-51-65-38-68-17-79-92-45-61-82-2-59-24-90-34-77-11-44-23-22-83-58-71-84-3-57-70-29-99-6-76-67-73-40-8-55-87-50-64-35-69-14-37-13-27-49-18-53-93-9-36-85-28-32-52-96-100-31-1-75-72-91-5-66-98
Ta100x20,9,5,500,0.85,0.1,1,2230901210,17000,6599,6358,5979,6.460195769,v2_avx512bw_vec32_exact_perm,42-43-50-15-81-41-47-62-60-7-80-46-97-12-75-89-37-90-79-78-65-16-74-21-33-95-56-68-2-63-51-44-19-24-94-38-84-17-6-59-26-22-39-4-77-53-82-73-54-30-70-76-23-64-85-11-10-34-20-88-27-61-58-29-40-25-55-1-87-3-69-49-67-14-31-99-18-71-57-36-93-92-45-8-32-86-28-83-9-100-5-35-13-52-48-96-72-66-91-98
Ta100x20,9,5,500,0.85,0.1,2,2230902219,17000,6559,6358,5979,6.394002373,v2_avx512bw_vec32_exact_perm,42-81-43-78-15-89-16-62-75-37-97-63-88-90-41-59-60-10-95-80-14-68-50-46-20-21-84-38-74-12-65-73-7-77-19-51-79-94-83-61-76-39-54-33-4-3-56-17-2-24-86-22-1-26-82-92-30-71-25-58-57-11-27-64-40-70-53-29-32-23-45-8-34-49-9-44-36-87-55-69-99-93-18-31-6-67-52-28-47-13-35-96-48-85-100-91-5-72-66-98
Ta100x20,9,5,500,0.85,0.1,3,2230903228,17000,6580,6358,5979,6.140569646,v2_avx512bw_vec32_exact_perm,81-15-43-62-78-12-20-89-75-60-74-41-88-16-80-47-50-21-95-42-90-46-7-77-65-37-39-1-69-94-59-61-17-63-86-10-79-54-73-24-30-97-82-44-19-26-3-25-51-33-56-58-2-6-27-99-34-68-23-76-64-28-45-85-11-38-87-92-14-40-4-55-35-93-36-67-84-18-32-100-53-49-29-9-71-31-8-13-57-22-48-83-96-70-52-5-91-72-66-98
Ta100x20,9,5,500,0.85,0.1,4,2230904237,17000,6571,6358,5979,6.591117753,v2_avx512bw_vec32_exact_perm,42-81-50-15-41-88-46-62-43-63-58-75-33-16-95-60-94-80-77-65-7-17-37-90-61-79-47-2-20-54-97-86-68-59-34-78-38-30-82-12-39-74-19-27-21-76-6-11-84-92-83-13-49-3-26-10-23-57-4-66-29-14-22-99-70-9-1-31-25-64-71-73-24-8-85-56-93-32-89-69-36-51-87-55-40-67-28-100-53-45-52-18-48-96-5-35-44-91-72-98
Ta100x20,9,5,500,0.85,0.1,5,2230905246,17000,6560,6358,5979,6.380656944,v2_avx512bw_vec32_exact_perm,42-81-43-15-41-89-88-60-50-74-21-17-62-80-16-59-33-63-79-47-95-10-94-78-20-12-68-46-37-71-26-90-75-30-23-65-54-22-39-82-19-51-77-55-76-7-2-44-97-34-66-4-38-56-6-58-11-70-24-14-73-92-28-9-31-86-40-27-99-61-29-1-3-25-69-83-67-84-57-36-100-32-64-53-18-13-35-49-93-45-8-85-87-52-48-96-5-72-91-98
Ta100x20,9,5,500,0.85,0.1,6,2230906255,17000,6553,6358,5979,6.935254506,v2_avx512bw_vec32_exact_perm,42-81-43-15-78-41-50-89-62-2-79-74-60-12-88-38-7-20-90-97-65-95-63-57-94-46-39-47-33-59-4-56-73-22-16-52-80-77-86-92-34-75-30-10-17-6-54-68-51-69-82-37-9-24-70-23-14-61-1-21-27-40-83-99-26-58-71-19-44-76-11-8-25-66-93-3-13-28-49-53-85-67-84-18-55-100-64-31-35-32-36-29-45-87-5-48-96-72-91-98
Ta100x20,9,5,500,0.85,0.1,7,2230907264,17000,6559,6358,5979,6.496128484,v2_avx512bw_vec32_exact_perm,42-81-15-62-16-80-95-7-65-37-1-41-50-19-94-51-43-47-90-61-58-77-75-21-60-46-12-33-10-4-79-78-84-26-97-2-30-17-68-31-25-52-38-86-57-64-56-76-54-88-59-3-24-39-82-73-99-71-70-20-55-89-22-23-11-92-83-69-27-49-100-87-74-36-14-63-9-44-13-40-53-35-29-18-32-72-28-8-45-67-85-66-93-6-96-48-5-34-91-98
Ta100x20,9,5,500,0.85,0.1,8,2230908273,17000,6585,6358,5979,6.914844123,v2_avx512bw_vec32_exact_perm,43-15-81-41-50-88-75-10-7-46-63-80-60-78-89-42-95-94-61-59-37-68-47-16-21-82-74-79-90-57-4-2-23-19-33-54-17-84-58-39-56-97-51-44-26-30-12-40-1-31-22-71-73-65-77-24-34-27-29-28-6-11-86-49-76-38-87-62-69-70-36-55-18-25-64-20-13-93-83-32-99-14-85-3-92-8-100-35-48-9-45-96-53-52-67-91-72-66-5-98
Ta100x20,9,5,500,0.85,0.1,9,2230909282,17000,6583,6358,5979,6.844358212,v2_avx512bw_vec32_exact_perm,42-81-43-7-41-15-62-60-46-88-89-78-59-47-54-97-38-63-95-90-94-80-19-50-65-37-79-84-77-76-22-75-61-86-17-12-74-21-30-25-4-8-5-24-2-73-6-55-16-10-26-20-14-51-68-69-33-18-56-39-82-53-34-92-23-32-11-71-29-49-57-9-45-87-36-99-27-3-40-28-85-70-100-67-31-44-35-52-13-91-96-83-93-1-48-58-64-72-66-98
Ta100x20,9,5,500,0.85,0.1,10,2230910291,17000,6548,6358,5979,6.816035051,v2_avx512bw_vec32_exact_perm,42-81-15-78-88-43-89-41-59-63-47-94-90-97-60-74-19-65-50-7-95-80-24-12-62-46-16-21-10-77-4-73-33-51-75-61-68-56-79-82-20-99-44-38-92-64-86-30-26-76-54-39-58-6-83-45-70-37-40-55-13-17-8-34-3-25-22-23-11-71-14-36-53-84-29-49-32-18-35-28-9-27-69-87-57-31-2-93-1-85-100-52-67-48-96-5-91-72-66-98
Ta100x20,9,5,500,0.85,0.125,1,2230901210,17000,6573,6358,5979,6.569126994,v2_avx512bw_vec32_exact_perm,42-81-88-43-50-37-95-62-7-94-74-75-41-78-47-33-46-15-24-63-97-60-80-54-1-89-65-90-84-45-25-79-19-26-59-44-12-51-5-61-6-39-38-10-76-23-11-22-82-73-58-68-55-27-99-86-56-57-2-92-3-67-100-36-32-31-77-16-4-30-9-21-20-28-14-40-34-49-53-69-29-83-87-64-85-93-18-71-17-70-8-48-35-13-52-96-91-72-66-98
Ta100x20,9,5,500,0.85,0.125,2,2230902219,17000,6558,6358,5979,6.85229983,v2_avx512bw_vec32_exact_perm,42-81-43-7-41-95-62-88-50-90-94-37-77-47-60-86-74-10-63-15-80-78-12-46-59-89-19-84-56-33-38-16-20-54-21-4-65-44-8-68-83-39-22-31-24-26-97-25-58-17-11-55-23-30-51-76-2-14-61-82-79-9-66-69-71-13-36-34-32-57-40-49-27-53-3-87-67-93-99-45-92-75-28-64-73-70-100-85-6-18-35-29-1-96-48-5-52-72-91-98
Ta100x20,9,5,500,0.85,0.125,3,2230903228,17000,6557,6358,5979,6.972346195,v2_avx512bw_vec32_exact_perm,42-50-16-37-62-89-15-41-78-81-60-46-63-43-56-94-74-90-86-20-80-65-61-17-95-7-21-33-79-30-99-77-82-2-27-38-25-47-88-10-12-71-76-75-19-97-70-4-39-1-6-54-40-44-51-23-57-22-29-26-59-58-11-8-24-73-14-28-55-49-32-18-53-87-34-69-3-31-84-35-83-93-100-13-68-64-92-9-85-52-67-36-45-48-5-96-72-66-91-98
Ta100x20,9,5,500,0.85,0.125,4,2230904237,17000,6576,6358,5979,6.551953262,v2_avx512bw_vec32_exact_perm,42-81-43-41-88-90-59-50-78-65-15-19-74-33-46-80-95-63-10-60-4-77-12-47-58-37-57-79-76-89-16-21-25-61-75-30-94-38-86-26-97-2-23-54-82-20-27-14-39-49-56-92-1-87-70-55-7-6-29-17-34-71-64-93-99-31-73-24-68-28-11-69-62-18-53-36-3-40-51-32-85-8-22-83-45-13-48-9-44-67-100-35-96-91-84-72-52-5-66-98
Ta100x20,9,5,500,0.85,0.125,5,2230905246,17000,6641,6358,5979,6.754517262,v2_avx512bw_vec32_exact_perm,42-50-41-81-15-95-51-80-33-90-43-78-21-47-65-19-96-7-49-89-97-66-16-22-63-37-10-74-59-60-84-82-62-30-94-46-76-77-56-57-14-79-73-58-38-12-68-4-54-64-75-27-1-87-92-86-24-25-11-44-55-61-99-71-70-23-36-17-40-8-53-13-83-26-28-6-69-34-39-31-32-29-20-35-93-88-9-3-85-45-100-48-67-5-91-2-18-52-72-98
Ta100x20,9,5,500,0.85,0.125,6,2230906255,17000,6566,6358,5979,6.317499019,v2_avx512bw_vec32_exact_perm,42-81-43-88-78-41-59-15-51-46-90-89-97-37-95-62-47-94-63-80-86-54-4-66-68-65-56-19-33-75-84-76-60-30-21-50-11-79-73-71-39-17-7-61-20-12-38-2-92-28-10-24-83-27-77-9-25-16-40-57-26-23-36-82-74-99-34-3-14-70-45-58-18-87-29-69-44-49-32-48-13-8-53-100-35-6-22-67-93-64-55-1-31-85-52-96-5-91-72-98
Ta100x20,9,5,500,0.85,0.125,7,2230907264,17000,6580,6358,5979,6.309940654,v2_avx512bw_vec32_exact_perm,42-81-88-96-2-50-94-41-74-78-80-65-89-86-90-62-7-60-16-21-33-6-77-46-63-95-97-10-54-43-76-79-82-12-38-13-15-4-68-51-61-17-44-57-59-85-47-75-28-22-39-99-24-26-19-71-30-40-27-92-48-58-34-23-70-83-87-8-37-25-1-14-69-55-56-73-49-93-11-29-3-84-64-53-36-31-20-100-18-32-9-35-67-52-45-5-91-72-66-98
Ta100x20,9,5,500,0.85,0.125,8,2230908273,17000,6557,6358,5979,6.44420039,v2_avx512bw_vec32_exact_perm,42-43-89-15-60-41-50-62-74-59-90-78-95-80-47-2-97-88-30-73-84-56-10-58-37-65-26-19-16-63-46-81-7-79-33-77-12-75-57-21-51-39-14-61-76-94-17-38-54-87-11-23-69-44-4-68-22-3-25-70-86-82-27-67-85-29-6-83-20-40-34-1-24-99-92-71-18-55-45-9-32-36-100-31-53-49-93-28-64-48-8-5-13-35-52-96-91-72-66-98
Ta100x20,9,5,500,0.85,0.125,9,2230909282,17000,6610,6358,5979,6.130246221,v2_avx512bw_vec32_exact_perm,42-81-43-50-88-41-24-15-62-78-21-63-95-89-16-22-12-86-65-4-80-74-56-30-84-19-60-46-90-75-38-57-25-26-94-33-44-6-82-47-10-68-92-27-59-58-64-7-54-51-73-76-37-23-2-5-61-39-79-71-11-70-17-77-13-85-28-14-29-87-49-34-97-20-36-55-99-100-8-53-3-69-83-66-18-40-32-93-67-45-1-52-31-48-9-96-35-72-91-98
Ta100x20,9,5,500,0.85,0.125,10,2230910291,17000,6581,6358,5979,6.336850253,v2_avx512bw_vec32_exact_perm,42-37-16-89-65-15-60-74-80-43-61-59-58-41-81-62-47-7-95-79-78-97-63-90-6-12-46-39-86-21-50-44-38-10-51-2-77-70-75-54-88-19-4-84-33-56-82-30-17-94-76-32-31-9-73-40-26-13-22-24-27-71-57-14-68-85-25-34-3-92-69-23-28-99-49-11-93-55-8-87-48-83-53-18-100-36-64-35-29-1-96-20-45-67-52-5-91-72-66-98
Ta100x20,9,5,500,0.8875,0.025,1,2230901210,17000,6568,6358,5979,6.261783805,v2_avx512bw_vec32_exact_perm,81-37-89-43-78-60-74-88-15-59-62-41-24-90-50-95-63-42-13-46-47-33-80-73-51-79-61-21-17-7-12-77-30-65-10-75-2-94-82-38-68-54-16-86-25-26-97-44-39-84-19-40-56-58-71-8-23-55-4-11-20-27-22-70-57-1-14-49-6-99-34-93-76-92-53-9-29-45-28-69-83-85-64-31-3-100-36-67-32-18-87-52-91-5-48-96-35-72-66-98
Ta100x20,9,5,500,0.8875,0.025,2,2230902219,17000,6568,6358,5979,6.320497166,v2_avx512bw_vec32_exact_perm,42-81-43-88-41-50-62-59-80-16-89-38-68-15-60-21-51-78-54-47-95-37-33-65-19-63-94-79-17-90-73-24-2-97-84-40-75-56-39-77-10-11-74-58-44-22-83-30-46-1-61-25-23-7-13-26-76-27-12-29-14-86-6-3-69-82-49-64-57-71-34-92-66-70-31-28-8-32-36-45-93-20-55-99-67-9-53-4-100-18-85-87-52-35-48-96-5-91-72-98
Ta100x20,9,5,500,0.8875,0.025,3,2230903228,17000,6541,6358,5979,6.130732482,v2_avx512bw_vec32_exact_perm,81-15-37-89-62-43-16-12-60-95-7-77-78-79-94-41-47-50-21-90-65-46-80-63-2-30-70-59-97-73-38-74-64-23-61-35-82-33-19-24-34-44-51-22-54-4-68-10-88-42-58-76-17-86-3-14-92-27-11-26-55-13-20-99-25-36-71-32-57-29-40-39-83-84-6-8-56-9-87-49-69-31-93-53-28-18-45-75-48-67-52-1-96-85-100-5-91-72-66-98
Ta100x20,9,5,500,0.8875,0.025,4,2230904237,17000,6572,6358,5979,6.263011039,v2_avx512bw_vec32_exact_perm,42-81-50-78-88-89-90-15-43-41-60-97-62-80-74-75-21-37-4-63-95-46-30-2-19-25-79-58-61-16-12-65-38-6-47-33-77-51-10-24-86-7-94-44-39-59-34-17-73-26-54-99-82-68-76-40-9-8-84-70-57-23-22-53-11-56-27-14-20-48-29-3-69-35-49-87-92-18-83-55-13-36-93-71-45-28-64-85-31-67-52-32-1-96-100-5-91-72-66-98
Ta100x20,9,5,500,0.8875,0.025,5,2230905246,17000,6548,6358,5979,6.263356411,v2_avx512bw_vec32_exact_perm,42-81-43-89-78-88-15-41-62-74-60-50-80-95-97-65-90-38-79-37-7-47-46-77-12-94-2-4-76-21-68-10-6-30-63-75-39-54-33-51-56-24-17-16-44-59-26-14-22-82-58-19-86-27-29-45-23-70-71-25-57-83-61-13-8-87-28-34-3-99-53-20-40-55-11-49-69-64-73-32-92-93-31-36-84-100-9-18-85-52-1-67-35-48-96-5-91-72-66-98
Ta100x20,9,5,500,0.8875,0.025,6,2230906255,17000,6554,6358,5979,6.333322261,v2_avx512bw_vec32_exact_perm,42-50-81-43-88-62-15-41-16-89-60-12-97-90-95-63-59-80-44-74-33-79-61-75-10-21-78-47-19-24-17-94-30-38-84-46-3-54-4-34-68-92-6-77-23-57-51-69-64-25-40-26-65-58-86-7-56-11-83-70-20-13-2-99-39-14-37-22-55-8-73-76-28-49-53-29-85-18-100-82-27-87-31-36-32-93-71-9-45-1-96-48-52-67-35-5-91-72-66-98
Ta100x20,9,5,500,0.8875,0.025,7,2230907264,17000,6561,6358,5979,6.400070367,v2_avx512bw_vec32_exact_perm,42-81-43-15-41-62-88-89-16-94-50-60-95-80-33-7-63-38-20-61-97-78-46-90-86-19-14-30-37-47-79-12-59-73-74-17-10-65-54-82-77-51-68-56-84-9-25-58-2-22-44-23-39-55-26-4-76-24-75-1-57-71-70-11-21-40-49-34-27-92-8-99-36-32-85-45-93-6-67-100-13-53-3-35-29-69-28-18-31-87-83-96-48-64-52-5-91-72-66-98
Ta100x20,9,5,500,0.8875,0.025,8,2230908273,17000,6567,6358,5979,6.44532652,v2_avx512bw_vec32_exact_perm,42-81-43-78-15-50-88-90-63-95-62-46-41-89-65-59-75-60-94-77-47-61-79-12-4-97-19-38-30-16-44-7-80-74-21-51-86-22-26-33-84-56-23-68-25-2-83-66-71-39-34-64-58-53-37-54-27-40-76-1-92-82-69-3-24-73-57-11-17-14-29-49-70-13-20-9-99-93-85-36-8-87-32-55-100-31-6-10-45-67-18-28-96-35-5-52-48-91-72-98
Ta100x20,9,5,500,0.8875,0.025,9,2230909282,17000,6544,6358,5979,6.358928843,v2_avx512bw_vec32_exact_perm,42-81-43-15-50-62-60-7-41-95-88-90-80-78-37-97-94-24-16-61-47-63-46-79-19-89-12-33-73-4-17-59-2-58-38-10-77-20-65-6-34-27-75-21-74-30-86-76-44-56-39-82-57-84-71-26-68-54-11-92-23-14-1-70-51-9-22-8-69-83-40-29-25-93-3-87-55-99-35-28-13-53-45-18-67-49-85-96-100-36-32-31-48-64-52-5-91-72-66-98
Ta100x20,9,5,500,0.8875,0.025,10,2230910291,17000,6579,6358,5979,6.4034968,v2_avx512bw_vec32_exact_perm,42-81-50-88-15-43-62-89-97-78-7-60-41-80-74-65-95-79-94-90-12-30-4-46-37-47-38-16-56-86-84-19-22-54-68-75-21-61-10-63-59-17-73-8-39-82-58-55-20-23-51-13-28-26-33-2-77-44-24-18-53-32-49-100-11-85-99-14-76-34-6-29-87-31-3-64-40-25-69-92-35-71-70-27-83-57-36-93-67-1-9-45-52-5-48-96-91-72-66-98
Ta100x20,9,5,500,0.8875,0.05,1,2230901210,17000,6602,6358,5979,6.338997738,v2_avx512bw_vec32_exact_perm,42-81-15-37-60-41-43-88-89-47-74-95-90-80-50-65-75-62-34-46-51-79-54-59-16-33-12-94-78-61-38-56-20-22-4-24-39-73-17-21-63-57-71-76-7-14-11-10-97-2-19-82-23-92-26-58-99-70-64-40-44-30-27-86-85-69-55-31-1-77-36-49-84-28-68-29-53-83-6-3-25-18-13-32-93-45-87-8-100-67-35-9-52-48-96-5-91-72-66-98
Ta100x20,9,5,500,0.8875,0.05,2,2230902219,17000,6602,6358,5979,6.433532247,v2_avx512bw_vec32_exact_perm,81-50-43-88-15-95-7-80-2-41-75-78-59-94-37-62-74-42-89-65-20-77-12-24-46-90-60-63-38-73-97-79-10-39-47-30-19-26-84-58-68-56-96-86-82-54-61-16-76-51-44-17-34-21-4-33-45-22-14-99-3-53-1-27-49-11-18-57-23-55-32-8-66-40-29-71-13-85-83-31-69-100-48-25-93-67-35-6-87-28-52-92-36-64-9-5-70-91-72-98
Ta100x20,9,5,500,0.8875,0.05,3,2230903228,17000,6589,6358,5979,6.502107667,v2_avx512bw_vec32_exact_perm,42-81-37-89-15-88-43-62-16-60-74-95-41-7-47-90-80-24-46-61-76-21-50-63-78-97-2-30-79-20-40-75-56-94-83-65-22-70-12-19-54-38-33-59-73-17-39-14-77-51-4-10-45-23-58-34-68-86-44-3-9-84-53-82-6-26-11-92-27-1-29-69-25-57-100-87-93-99-64-36-13-49-71-85-18-8-32-35-67-52-28-55-31-48-5-96-91-72-66-98
Ta100x20,9,5,500,0.8875,0.05,4,2230904237,17000,6607,6358,5979,6.477983467,v2_avx512bw_vec32_exact_perm,42-81-43-15-89-88-50-78-94-38-69-47-75-77-2-65-60-61-20-80-90-97-41-7-10-95-25-59-37-62-21-74-19-4-63-16-24-57-83-33-30-12-79-86-22-71-68-84-29-14-46-6-51-39-56-11-70-40-34-23-58-27-44-99-76-1-17-54-3-35-73-49-13-8-53-45-92-100-87-82-93-31-26-67-55-28-32-66-36-64-18-9-85-96-5-52-48-72-91-98
Ta100x20,9,5,500,0.8875,0.05,5,2230905246,17000,6583,6358,5979,6.469562987,v2_avx512bw_vec32_exact_perm,42-81-43-41-15-78-50-65-62-89-44-24-59-37-94-95-16-47-90-80-54-88-77-56-17-60-76-26-74-12-46-7-23-75-33-2-82-69-10-86-84-58-19-64-21-4-97-30-39-25-92-79-34-9-38-55-99-20-68-53-63-61-6-73-27-36-29-57-22-11-40-51-14-71-1-3-32-100-18-13-83-70-8-49-31-85-45-67-28-93-87-52-48-96-35-5-91-72-66-98
Ta100x20,9,5,500,0.8875,0.05,6,2230906255,17000,6585,6358,5979,6.455563305,v2_avx512bw_vec32_exact_perm,42-81-15-88-43-41-24-78-95-80-7-89-94-50-79-62-47-46-21-4-2-63-90-10-97-30-86-60-68-19-38-56-84-59-40-75-16-74-51-22-33-20-61-82-54-39-17-58-12-6-26-70-37-23-27-76-73-77-25-87-31-28-34-57-14-65-55-18-53-85-92-49-3-8-11-1-64-83-45-44-99-9-36-93-32-71-69-48-13-67-52-96-35-100-29-5-91-72-66-98
Ta100x20,9,5,500,0.8875,0.05,7,2230907264,17000,6572,6358,5979,6.491554874,v2_avx512bw_vec32_exact_perm,42-81-7-88-43-89-15-90-50-41-59-78-60-16-95-37-61-62-24-17-38-56-46-79-75-74-47-30-12-25-20-63-22-86-55-80-2-94-19-65-97-23-54-10-4-73-71-82-77-33-26-14-39-21-68-51-44-76-57-34-27-99-70-58-3-64-6-8-11-92-49-53-31-83-18-40-84-28-9-69-85-87-13-29-52-1-36-96-32-100-5-48-91-67-35-45-93-72-66-98
Ta100x20,9,5,500,0.8875,0.05,8,2230908273,17000,6570,6358,5979,6.436463871,v2_avx512bw_vec32_exact_perm,42-81-78-43-88-41-62-95-15-7-80-89-16-75-33-94-47-63-37-90-65-4-12-77-10-46-56-60-57-76-79-51-2-84-21-50-68-38-24-3-6-58-19-27-61-59-86-74-26-39-92-17-82-71-44-34-25-14-20-11-99-22-73-30-32-18-40-23-49-97-45-8-53-28-35-9-70-83-54-69-29-87-64-31-85-93-1-36-55-100-52-67-13-48-96-5-91-72-66-98
Ta100x20,9,5,500,0.8875,0.05,9,2230909282,17000,6570,6358,5979,6.287767704,v2_avx512bw_vec32_exact_perm,42-81-88-43-7-15-80-94-62-89-41-95-78-47-63-60-19-97-2-46-90-50-54-30-4-86-16-79-17-33-37-21-76-74-51-12-14-77-38-22-59-27-61-55-82-44-20-34-39-13-23-58-70-56-26-65-6-25-10-8-73-57-75-11-87-99-40-92-36-45-68-83-3-24-71-84-100-18-53-31-29-49-9-32-35-69-52-64-28-93-85-67-1-48-96-5-91-72-66-98
Ta100x20,9,5,500,0.8875,0.05,10,2230910291,17000,6608,6358,5979,6.409512568,v2_avx512bw_vec32_exact_perm,42-50-43-15-81-88-78-80-7-74-41-46-16-47-59-79-60-33-97-89-57-63-37-38-65-12-24-76-75-90-61-9-54-82-19-94-14-22-10-83-17-3-4-95-2-1-21-39-84-26-53-68-73-77-51-58-70-87-36-56-30-27-31-6-92-34-44-23-64-11-8-25-20-86-40-29-49-85-28-69-93-67-62-99-100-32-45-71-18-66-55-48-72-52-13-96-5-35-91-98
Ta100x20,9,5,500,0.8875,0.075,1,2230901210,17000,6585,6358,5979,6.926192661,v2_avx512bw_vec32_exact_perm,42-81-62-88-43-50-90-80-59-74-95-78-47-7-60-41-20-12-21-15-16-33-84-89-75-24-37-19-97-94-77-55-38-46-2-44-25-63-56-4-34-10-30-76-68-79-65-45-17-14-83-39-86-61-22-82-54-53-26-40-28-13-11-58-73-23-29-71-69-51-49-87-8-100-3-64-36-57-32-27-70-99-67-92-35-93-9-6-85-31-18-52-1-48-96-91-5-72-66-98
Ta100x20,9,5,500,0.8875,0.075,2,2230902219,17000,6595,6358,5979,6.64347819,v2_avx512bw_vec32_exact_perm,42-81-43-88-41-89-15-16-62-7-60-21-59-90-74-37-46-63-47-78-24-12-20-95-61-17-94-33-8-51-65-30-77-79-75-82-84-10-19-76-68-58-56-26-55-87-44-3-97-80-4-2-57-27-71-32-70-54-40-45-39-22-99-29-6-34-92-86-50-53-36-64-11-73-14-35-25-23-93-49-28-13-31-69-9-38-85-52-67-100-83-18-1-48-96-5-91-72-66-98
Ta100x20,9,5,500,0.8875,0.075,3,2230903228,17000,6611,6358,5979,6.727152217,v2_avx512bw_vec32_exact_perm,42-81-78-15-88-43-89-41-60-3-74-21-62-50-7-80-65-46-63-86-16-12-61-20-33-4-19-97-47-90-75-17-59-2-30-77-23-44-70-54-10-95-58-11-79-38-51-25-57-22-39-92-26-76-94-82-27-73-71-99-84-37-31-68-45-14-24-29-9-69-28-87-49-34-53-56-40-36-8-55-66-32-100-6-18-83-13-67-64-52-35-1-85-96-93-72-48-5-91-98
Ta100x20,9,5,500,0.8875,0.075,4,2230904237,17000,6591,6358,5979,6.59137891,v2_avx512bw_vec32_exact_perm,81-78-50-88-37-41-15-24-16-43-62-47-90-56-74-79-60-2-12-95-84-94-80-33-97-26-89-46-22-76-23-63-54-75-10-77-65-51-38-39-19-44-17-61-59-86-42-7-20-11-9-21-14-73-34-4-3-55-82-58-68-30-100-85-29-87-70-67-25-92-28-53-83-57-69-49-40-71-8-6-32-31-1-18-99-27-45-64-93-36-13-35-5-52-48-96-72-66-91-98
Ta100x20,9,5,500,0.8875,0.075,5,2230905246,17000,6592,6358,5979,6.735263149,v2_avx512bw_vec32_exact_perm,42-81-43-89-88-15-62-50-90-97-60-63-75-94-46-68-21-41-47-24-95-4-33-19-37-59-16-79-65-2-80-57-7-58-26-25-39-84-82-54-10-44-17-8-77-92-45-61-22-38-12-40-23-86-71-74-56-99-76-3-30-73-1-78-64-70-11-34-53-31-20-29-14-9-28-69-36-27-6-55-67-93-85-51-52-87-32-49-18-48-83-5-100-13-35-96-91-72-66-98
Ta100x20,9,5,500,0.8875,0.075,6,2230906255,17000,6582,6358,5979,8.154502367,v2_avx512bw_vec32_exact_perm,42-81-43-15-41-50-75-37-88-60-24-77-16-78-62-89-94-97-47-46-80-7-65-61-90-33-10-11-20-76-63-25-95-86-12-21-17-82-73-58-79-26-54-4-2-59-57-38-87-34-30-56-6-22-23-39-84-19-53-74-83-70-51-99-44-29-68-85-8-64-55-66-92-32-18-14-49-3-27-45-40-67-9-69-36-52-93-31-100-28-35-71-1-13-48-96-72-5-91-98
Ta100x20,9,5,500,0.8875,0.075,7,2230907264,17000,6591,6358,5979,7.267457552,v2_avx512bw_vec32_exact_perm,42-78-43-41-88-50-62-89-15-94-80-95-60-97-65-33-63-24-16-47-20-90-46-12-77-56-30-59-84-19-4-82-10-2-38-75-21-37-61-39-22-73-86-51-68-17-70-23-7-11-79-58-44-26-9-76-53-54-71-27-74-87-34-25-6-81-1-93-49-57-14-99-40-85-3-83-92-8-28-32-55-100-18-67-31-69-36-45-35-13-29-5-91-96-52-64-48-72-66-98
Ta100x20,9,5,500,0.8875,0.075,8,2230908273,17000,6621,6358,5979,7.229386408,v2_avx512bw_vec32_exact_perm,42-81-88-43-97-41-50-62-89-63-38-60-78-15-74-54-80-7-64-95-86-5-47-90-76-46-61-75-2-68-65-30-19-84-21-48-57-51-10-24-77-12-59-4-49-33-29-56-82-44-23-58-26-70-94-79-16-28-11-17-39-99-55-27-14-20-73-22-40-25-71-36-34-53-37-100-13-83-92-35-93-87-3-8-1-32-96-18-69-6-67-85-45-66-9-31-52-72-91-98
Ta100x20,9,5,500,0.8875,0.075,9,2230909282,17000,6594,6358,5979,6.977036347,v2_avx512bw_vec32_exact_perm,42-81-43-78-15-41-50-88-12-95-62-47-74-60-80-90-46-24-75-33-57-94-77-37-65-76-89-40-63-16-51-14-79-22-97-30-44-58-26-70-2-21-19-27-39-87-59-73-29-68-82-38-6-54-84-99-23-9-17-10-56-71-86-4-32-25-69-61-100-20-55-64-53-35-92-34-8-28-11-93-13-83-31-85-49-3-36-45-7-67-18-52-1-48-96-91-5-72-66-98
Ta100x20,9,5,500,0.8875,0.075,10,2230910291,17000,6587,6358,5979,7.372848645,v2_avx512bw_vec32_exact_perm,42-81-43-88-15-78-62-89-22-41-60-95-80-7-94-50-2-59-37-20-16-79-90-24-12-97-10-63-46-33-51-19-30-75-47-73-65-54-14-38-77-27-74-61-68-4-17-23-76-29-64-56-70-82-57-21-86-39-11-58-40-71-26-8-55-44-49-1-99-3-13-84-34-31-53-83-28-35-6-18-25-67-92-32-100-85-93-45-9-36-87-69-52-5-48-96-91-72-66-98
Ta100x20,9,5,500,0.8875,0.1,1,2230901210,17000,6591,6358,5979,6.921919243,v2_avx512bw_vec32_exact_perm,42-43-15-78-89-62-21-51-60-41-74-95-81-94-80-59-30-88-16-2-39-47-13-50-33-46-63-12-20-7-23-90-79-84-10-61-83-77-4-66-24-25-38-34-58-22-92-65-68-19-45-97-9-76-44-75-17-86-71-6-11-8-57-32-37-27-55-54-82-26-14-73-3-31-28-87-36-69-99-56-70-29-85-64-93-18-53-1-49-40-100-48-67-52-96-72-35-5-91-98
Ta100x20,9,5,500,0.8875,0.1,2,2230902219,17000,6601,6358,5979,6.627572475,v2_avx512bw_vec32_exact_perm,42-81-88-60-43-97-89-41-50-16-2-95-15-90-47-7-77-78-65-33-86-94-4-20-63-59-62-57-80-74-56-34-79-31-3-76-84-12-38-46-17-58-10-11-75-92-19-27-68-51-40-21-44-30-61-69-39-54-83-99-22-29-87-23-32-26-36-82-73-9-100-18-53-49-85-64-37-70-8-24-28-55-25-14-67-6-93-45-71-1-52-13-35-48-96-5-91-72-66-98
Ta100x20,9,5,500,0.8875,0.1,3,2230903228,17000,6593,6358,5979,6.722965042,v2_avx512bw_vec32_exact_perm,42-81-43-78-89-63-15-41-16-88-50-33-95-60-47-37-79-94-12-68-90-46-80-7-10-21-65-74-62-4-59-84-19-73-24-51-22-44-38-57-17-77-75-49-54-40-71-56-82-76-61-97-1-23-2-39-58-34-30-100-85-26-27-86-99-8-3-25-6-64-93-53-32-83-18-11-14-13-29-69-35-87-92-28-31-9-36-20-55-45-70-96-48-5-67-52-91-72-66-98
Ta100x20,9,5,500,0.8875,0.1,4,2230904237,17000,6614,6358,5979,7.248897546,v2_avx512bw_vec32_exact_perm,37-47-50-81-41-43-94-78-15-74-62-63-80-88-7-42-95-10-90-75-2-58-65-79-60-46-97-89-77-84-38-61-19-17-20-12-40-56-54-86-24-82-16-57-53-68-33-39-4-25-21-44-51-76-26-59-92-28-70-73-64-29-83-34-11-8-13-22-69-23-31-6-45-49-93-30-3-27-14-36-71-9-85-99-32-55-100-18-1-35-96-87-48-67-52-91-5-72-66-98
Ta100x20,9,5,500,0.8875,0.1,5,2230905246,17000,6568,6358,5979,7.474628722,v2_avx512bw_vec32_exact_perm,42-37-43-41-63-80-65-62-16-61-95-17-15-24-90-59-88-47-33-19-54-23-78-97-20-60-46-77-38-89-76-84-10-94-75-22-50-14-4-21-26-56-79-74-55-30-92-51-73-70-57-40-71-81-99-7-86-28-11-39-27-82-68-29-58-13-9-53-49-44-5-31-25-83-3-69-100-36-45-32-64-2-35-18-34-85-8-87-6-93-48-12-67-52-1-96-72-66-91-98
Ta100x20,9,5,500,0.8875,0.1,6,2230906255,17000,6619,6358,5979,6.290502083,v2_avx512bw_vec32_exact_perm,42-81-63-95-88-74-15-43-79-50-61-89-80-2-4-90-97-46-47-60-84-30-16-77-21-19-57-75-33-94-23-26-59-6-7-44-11-54-12-27-65-70-92-38-1-78-51-76-83-68-55-34-20-58-29-37-14-39-41-17-13-56-69-93-24-86-10-82-99-22-49-25-40-73-53-3-100-31-64-71-32-48-36-87-28-18-9-85-67-62-72-35-8-5-52-96-66-45-91-98
Ta100x20,9,5,500,0.8875,0.1,7,2230907264,17000,6613,6358,5979,6.5314179,v2_avx512bw_vec32_exact_perm,42-50-43-81-80-88-15-41-7-95-90-62-89-46-63-60-75-74-69-30-94-47-68-65-3-78-16-77-27-61-1-59-20-97-64-19-24-33-38-84-2-51-54-82-23-44-70-39-55-14-86-79-92-71-32-10-56-22-26-53-37-76-4-100-34-58-29-85-11-25-87-93-6-13-49-8-12-83-17-21-57-31-73-99-9-35-28-18-96-40-67-36-52-72-48-5-45-66-91-98
Ta100x20,9,5,500,0.8875,0.1,8,2230908273,17000,6613,6358,5979,6.419413911,v2_avx512bw_vec32_exact_perm,42-81-78-63-41-16-50-43-62-68-2-75-80-94-21-59-37-88-47-95-56-1-90-77-86-99-60-7-89-79-33-12-28-38-65-34-61-46-74-22-92-17-40-54-23-58-26-25-11-30-44-70-76-97-4-3-14-19-20-73-51-55-27-57-6-39-82-53-32-100-10-71-24-36-13-45-29-64-18-15-87-83-85-69-52-9-49-84-31-8-67-93-35-48-96-5-91-72-66-98
Ta100x20,9,5,500,0.8875,0.1,9,2230909282,17000,6575,6358,5979,6.486955347,v2_avx512bw_vec32_exact_perm,42-43-81-15-89-50-88-60-78-41-65-20-47-16-12-74-79-94-90-75-45-46-33-63-80-14-62-95-57-21-22-30-11-61-68-59-38-4-77-86-19-83-58-6-54-26-84-99-73-44-24-56-34-39-51-71-27-40-17-7-3-37-23-76-10-13-2-92-87-1-36-55-67-100-28-53-18-25-64-82-29-49-97-70-93-69-48-8-9-85-31-32-96-35-52-72-91-5-66-98
Ta100x20,9,5,500,0.8875,0.1,10,2230910291,17000,6594,6358,5979,6.724918046,v2_avx512bw_vec32_exact_perm,42-81-15-43-78-41-59-88-62-94-89-90-65-20-7-16-50-63-46-33-24-80-83-12-30-60-10-95-74-75-37-79-57-3-54-92-4-61-76-77-38-23-47-51-27-97-26-22-87-39-6-82-40-25-99-44-19-21-68-17-11-56-9-84-70-86-14-29-58-85-66-34-64-28-93-53-31-45-2-49-8-13-71-32-100-69-35-36-73-55-18-1-96-52-48-67-91-5-72-98
Ta100x20,9,5,500,0.8875,0.125,1,2230901210,17000,6582,6358,5979,6.574721092,v2_avx512bw_vec32_exact_perm,42-50-15-41-81-37-43-62-88-63-95-89-87-19-84-94-7-80-22-47-33-79-38-75-12-2-46-25-78-6-59-20-97-21-16-54-68-10-24-60-23-65-4-73-74-30-90-64-77-61-66-27-86-76-56-53-92-3-1-17-82-14-40-55-51-26-39-49-99-85-18-71-57-32-13-36-8-70-34-11-83-100-58-44-67-29-45-93-28-31-48-69-35-96-5-52-9-72-91-98
Ta100x20,9,5,500,0.8875,0.125,2,2230902219,17000,6600,6358,5979,6.322055711,v2_avx512bw_vec32_exact_perm,42-43-81-74-60-15-41-47-37-78-89-46-63-75-68-24-16-21-90-59-80-30-51-12-95-61-44-83-54-2-65-7-38-86-4-58-19-94-73-10-33-17-11-22-27-97-77-79-82-55-99-76-84-6-26-56-62-23-70-20-45-9-50-39-57-36-14-87-3-85-1-92-53-34-40-31-13-88-71-32-28-35-93-100-25-49-69-8-64-29-5-18-52-48-67-96-91-72-66-98
Ta100x20,9,5,500,0.8875,0.125,3,2230903228,17000,6559,6358,5979,6.630601915,v2_avx512bw_vec32_exact_perm,42-81-88-41-62-43-50-15-60-74-80-78-12-63-95-37-89-86-79-97-51-94-16-30-75-54-39-46-10-7-2-4-19-90-65-59-44-47-55-77-57-25-76-56-82-26-11-23-58-73-34-21-71-17-22-24-33-84-20-27-68-61-40-6-3-100-14-49-31-83-1-13-64-92-38-53-70-28-69-5-18-36-29-67-45-8-93-87-32-99-35-9-85-52-48-96-72-66-91-98
Ta100x20,9,5,500,0.8875,0.125,4,2230904237,17000,6608,6358,5979,7.440005217,v2_avx512bw_vec32_exact_perm,42-81-43-7-88-15-59-94-41-78-47-61-62-79-46-89-16-33-60-12-20-51-37-63-80-75-68-30-97-90-86-57-2-24-56-10-95-4-65-74-38-84-6-25-39-21-77-22-44-99-54-26-23-58-19-76-55-71-13-83-8-34-17-82-70-45-14-27-50-3-53-11-31-93-92-9-32-85-35-96-28-64-18-36-69-48-40-73-67-87-29-1-5-49-72-100-66-52-91-98
Ta100x20,9,5,500,0.8875,0.125,5,2230905246,17000,6600,6358,5979,6.7868812,v2_avx512bw_vec32_exact_perm,42-43-41-15-50-80-89-88-78-65-95-33-10-17-63-21-77-81-75-7-62-46-4-23-61-60-26-30-76-54-97-47-68-86-22-59-37-94-16-100-92-51-90-79-12-11-20-53-58-82-19-34-39-44-83-66-74-56-25-29-2-73-55-87-24-13-8-64-71-57-28-14-69-1-32-99-85-3-84-70-40-38-31-49-36-6-27-93-45-9-67-35-96-48-5-52-18-72-91-98
Ta100x20,9,5,500,0.8875,0.125,6,2230906255,17000,6646,6358,5979,6.862234898,v2_avx512bw_vec32_exact_perm,42-50-43-41-81-60-65-74-47-15-10-88-59-95-63-78-80-90-46-37-12-62-1-21-7-38-17-94-30-77-33-75-16-44-54-86-76-97-61-20-4-39-19-26-89-23-87-58-79-2-67-34-6-40-51-32-57-3-84-24-29-11-5-53-35-99-36-9-49-27-22-25-82-93-68-85-56-73-31-28-14-13-71-8-83-70-92-18-69-100-48-55-45-96-64-66-52-72-91-98
Ta100x20,9,5,500,0.8875,0.125,7,2230907264,17000,6607,6358,5979,6.693782003,v2_avx512bw_vec32_exact_perm,42-81-50-7-43-41-15-16-20-47-89-97-90-46-60-79-80-12-88-94-33-63-95-65-13-61-37-55-87-56-2-4-62-75-25-17-74-26-30-38-21-71-14-76-77-10-1-59-82-68-73-27-19-24-11-44-6-51-23-39-67-36-54-32-3-92-49-70-34-86-22-84-8-53-58-100-78-35-99-9-57-29-45-85-40-83-69-31-28-93-18-96-52-48-64-5-72-66-91-98
Ta100x20,9,5,500,0.8875,0.125,8,2230908273,17000,6567,6358,5979,6.548081429,v2_avx512bw_vec32_exact_perm,42-81-43-89-15-60-65-78-41-95-74-97-51-90-1-80-88-10-38-12-37-47-77-79-63-46-19-64-21-16-68-59-84-33-71-11-7-75-58-30-17-54-40-24-73-23-70-94-76-82-34-61-25-62-9-53-4-29-57-86-55-50-92-26-20-32-2-14-22-3-67-56-49-27-39-31-85-69-36-13-99-44-35-28-93-45-18-87-52-48-83-96-6-8-100-5-91-72-66-98
Ta100x20,9,5,500,0.8875,0.125,9,2230909282,17000,6580,6358,5979,6.684115858,v2_avx512bw_vec32_exact_perm,42-81-88-50-46-61-43-7-68-89-60-15-75-41-4-94-16-63-21-62-97-59-19-10-26-78-33-39-57-95-79-65-54-80-12-6-51-90-47-86-30-20-92-34-38-76-74-84-58-27-22-37-82-99-64-56-71-73-77-55-53-40-2-11-28-31-36-70-14-25-45-3-8-23-18-24-87-29-17-13-85-93-44-48-67-69-1-32-9-83-100-5-52-96-49-35-91-72-66-98
Ta100x20,9,5,500,0.8875,0.125,10,2230910291,17000,6596,6358,5979,7.185334083,v2_avx512bw_vec32_exact_perm,42-81-4-43-61-88-78-15-24-89-16-79-60-50-7-62-80-97-56-47-41-94-90-68-65-95-64-46-30-63-38-44-54-12-20-59-74-33-83-19-10-34-21-39-75-82-51-57-58-2-26-66-13-76-73-92-14-99-11-25-23-22-29-77-49-70-27-84-55-6-40-86-71-32-48-8-45-1-69-37-31-3-100-53-28-96-85-9-17-93-36-35-87-52-67-18-5-91-72-98
Ta100x20,9,5,500,0.925,0.025,1,2230901210,17000,6580,6358,5979,6.566465825,v2_avx512bw_vec32_exact_perm,15-90-43-41-88-62-50-42-81-97-47-60-37-95-80-89-78-16-79-21-68-7-46-63-59-94-77-2-65-38-12-24-61-20-10-17-84-6-30-39-74-54-33-51-19-82-27-22-4-75-58-86-92-40-56-55-23-44-11-70-73-13-26-53-76-83-99-35-100-9-14-34-25-69-49-3-31-29-1-32-85-18-57-8-64-36-93-87-71-67-28-5-45-52-48-96-72-66-91-98
Ta100x20,9,5,500,0.925,0.025,2,2230902219,17000,6573,6358,5979,6.465683594,v2_avx512bw_vec32_exact_perm,42-81-15-41-43-50-88-95-80-7-89-90-62-78-97-63-86-94-60-16-21-77-20-33-4-46-19-39-12-2-47-30-55-59-51-82-10-79-23-74-38-69-44-54-22-65-26-17-56-75-73-11-61-84-58-76-37-24-70-34-5-18-87-6-14-25-29-49-100-53-92-27-85-36-13-8-28-40-68-32-83-71-31-57-93-3-99-1-64-67-45-9-52-96-35-48-91-72-66-98
Ta100x20,9,5,500,0.925,0.025,3,2230903228,17000,6590,6358,5979,6.450304643,v2_avx512bw_vec32_exact_perm,42-81-41-88-43-74-16-50-60-80-2-62-97-78-47-15-19-86-90-33-89-21-94-22-63-46-68-95-30-84-79-51-96-59-10-12-77-38-7-23-54-44-70-61-65-20-39-24-92-17-82-26-76-6-18-73-27-56-58-11-64-85-55-40-37-53-29-4-25-3-14-87-75-34-36-99-57-49-28-1-71-93-31-13-8-9-69-83-32-35-48-67-52-100-45-5-91-72-66-98
Ta100x20,9,5,500,0.925,0.025,4,2230904237,17000,6571,6358,5979,6.480457518,v2_avx512bw_vec32_exact_perm,42-81-88-43-62-78-16-50-15-7-41-46-68-80-60-74-19-89-90-21-37-12-59-51-20-38-63-79-97-95-76-2-94-33-55-54-4-47-10-22-66-24-44-92-75-71-25-30-26-65-17-11-39-61-23-34-58-40-27-6-73-86-14-77-84-87-99-9-70-53-49-56-36-93-82-69-29-83-32-45-57-3-31-100-8-28-64-13-85-18-67-72-52-1-48-96-35-5-91-98
Ta100x20,9,5,500,0.925,0.025,5,2230905246,17000,6605,6358,5979,6.70543778,v2_avx512bw_vec32_exact_perm,42-81-16-43-50-89-38-80-88-97-78-59-37-41-62-7-65-90-94-77-60-57-63-47-33-95-21-74-14-51-30-4-19-55-76-56-79-12-17-46-24-2-54-26-82-39-75-23-10-71-27-68-11-92-73-1-70-58-86-20-29-61-6-64-85-35-15-25-22-84-8-13-83-66-34-40-28-69-53-49-31-36-93-87-3-99-18-67-32-100-52-44-9-5-45-48-96-72-91-98
Ta100x20,9,5,500,0.925,0.025,6,2230906255,17000,6591,6358,5979,7.121937212,v2_avx512bw_vec32_exact_perm,42-81-15-43-89-65-41-47-50-16-37-59-57-77-80-60-78-95-39-21-51-90-88-30-19-44-75-33-54-97-64-79-94-63-12-83-46-38-58-68-6-34-24-20-86-4-71-87-70-17-14-92-61-2-76-74-82-26-56-25-10-23-27-7-40-8-22-53-66-32-3-11-55-31-13-84-99-28-85-67-18-29-93-69-100-36-5-49-62-48-35-9-73-45-52-1-96-72-91-98
Ta100x20,9,5,500,0.925,0.025,7,2230907264,17000,6577,6358,5979,6.833949624,v2_avx512bw_vec32_exact_perm,42-81-2-41-15-62-43-88-95-50-97-60-77-12-78-46-63-47-16-19-21-59-38-80-33-90-7-51-86-89-68-30-73-10-94-37-84-79-57-4-22-75-76-26-54-56-40-14-17-6-34-65-25-58-71-27-13-39-36-82-24-3-99-49-23-93-44-74-31-61-28-92-11-70-32-53-69-45-29-83-64-100-8-9-18-85-87-20-55-35-52-1-67-48-96-5-91-72-66-98
Ta100x20,9,5,500,0.925,0.025,8,2230908273,17000,6579,6358,5979,6.743138118,v2_avx512bw_vec32_exact_perm,42-81-88-62-50-43-15-7-10-97-41-60-16-40-37-80-74-95-20-89-12-38-75-65-90-19-51-47-84-30-77-46-79-54-73-61-17-63-2-58-6-39-21-33-4-86-76-25-83-11-22-59-3-23-56-94-57-34-26-100-92-82-27-68-24-53-9-70-14-99-36-78-55-44-31-93-87-35-29-1-96-69-18-85-49-67-28-13-45-71-8-48-32-64-52-91-5-72-66-98
Ta100x20,9,5,500,0.925,0.025,9,2230909282,17000,6619,6358,5979,6.923404683,v2_avx512bw_vec32_exact_perm,42-81-43-88-50-62-15-16-46-89-41-95-78-63-97-60-80-79-65-74-90-57-33-59-47-12-4-82-94-38-10-70-56-20-77-37-54-86-73-40-99-22-39-19-1-25-51-71-68-6-17-58-64-61-7-84-26-21-30-2-49-76-13-14-75-11-55-23-24-29-8-83-3-69-45-85-27-32-18-100-53-48-9-36-31-92-34-93-87-28-96-67-35-44-52-66-72-5-91-98
Ta100x20,9,5,500,0.925,0.025,10,2230910291,17000,6558,6358,5979,6.992507297,v2_avx512bw_vec32_exact_perm,42-81-88-50-15-78-43-62-4-41-59-89-12-46-90-7-30-80-65-21-60-10-75-68-95-2-74-47-33-44-79-61-97-63-70-86-82-56-53-38-22-84-77-39-57-26-54-73-25-16-17-51-19-92-23-11-94-6-24-14-27-40-20-28-99-9-34-55-8-58-71-32-45-37-18-76-83-1-52-29-100-87-35-69-3-64-36-13-93-49-85-67-31-48-96-5-91-72-66-98
Ta100x20,9,5,500,0.925,0.05,1,2230901210,17000,6584,6358,5979,6.60903019,v2_avx512bw_vec32_exact_perm,42-81-43-41-50-88-62-16-15-30-89-95-37-63-59-75-47-46-74-19-60-78-10-65-38-80-7-90-97-94-57-51-33-21-61-20-39-56-54-44-77-79-24-12-86-58-84-6-99-14-76-34-2-11-27-48-4-23-22-49-26-71-17-73-68-13-100-31-25-83-69-40-29-32-36-3-64-1-92-70-82-18-85-28-67-45-9-53-52-8-87-55-96-35-93-91-5-72-66-98
Ta100x20,9,5,500,0.925,0.05,2,2230902219,17000,6594,6358,5979,7.057240039,v2_avx512bw_vec32_exact_perm,42-81-43-74-7-88-50-60-41-16-15-80-46-24-78-63-95-75-77-54-37-30-12-47-59-79-21-62-90-89-2-84-94-20-73-17-38-86-61-97-65-10-68-4-22-19-56-45-40-76-83-39-92-70-3-51-33-1-11-26-82-6-23-34-27-58-9-14-29-67-99-57-25-93-18-53-55-87-28-36-69-44-13-49-8-100-71-96-85-32-31-48-5-35-52-64-91-72-66-98
Ta100x20,9,5,500,0.925,0.05,3,2230903228,17000,6564,6358,5979,7.001849823,v2_avx512bw_vec32_exact_perm,42-81-43-41-15-50-88-89-60-16-95-7-62-79-47-30-80-63-94-44-46-97-12-59-54-78-77-74-17-37-19-84-38-49-90-55-21-86-51-24-33-2-61-75-82-22-56-68-4-23-10-20-65-25-34-73-26-39-11-58-8-76-27-57-6-40-71-70-9-28-29-83-69-13-31-32-18-53-1-92-64-3-99-14-45-52-67-85-100-36-87-35-93-48-96-5-91-72-66-98
Ta100x20,9,5,500,0.925,0.05,4,2230904237,17000,6597,6358,5979,6.535304956,v2_avx512bw_vec32_exact_perm,42-81-43-50-15-41-62-24-78-89-88-47-60-80-75-90-94-21-37-63-46-97-95-74-19-17-7-16-84-30-76-86-12-79-44-10-68-99-13-38-51-33-22-59-77-2-1-27-65-40-23-56-61-53-54-26-82-29-49-6-57-4-14-39-71-70-11-28-58-34-73-25-18-45-20-36-8-87-83-64-3-85-92-67-93-32-9-69-31-35-96-52-55-100-48-5-91-72-66-98
Ta100x20,9,5,500,0.925,0.05,5,2230905246,17000,6611,6358,5979,7.207379445,v2_avx512bw_vec32_exact_perm,42-78-81-7-41-16-43-15-90-97-62-50-88-37-89-20-46-73-63-54-47-94-30-79-80-2-60-12-95-64-38-61-65-77-59-21-76-33-4-74-70-25-19-39-51-86-82-68-10-75-56-17-58-26-69-44-24-84-6-71-53-28-18-23-34-29-11-49-57-99-36-27-40-85-8-3-31-32-66-9-67-45-14-92-55-100-83-13-22-52-1-93-87-96-35-48-5-91-72-98
Ta100x20,9,5,500,0.925,0.05,6,2230906255,17000,6616,6358,5979,7.193754432,v2_avx512bw_vec32_exact_perm,42-81-50-43-62-15-78-61-65-95-80-89-41-7-63-90-97-88-76-16-59-79-33-4-38-25-21-46-22-30-19-73-47-86-74-54-32-24-60-12-17-10-82-75-14-94-20-56-2-68-39-51-92-1-13-77-3-27-71-6-57-64-23-99-55-83-11-40-69-26-37-70-29-44-58-96-8-84-53-52-31-49-87-34-9-85-67-36-28-35-93-18-45-48-100-5-91-72-66-98
Ta100x20,9,5,500,0.925,0.05,7,2230907264,17000,6618,6358,5979,7.077236222,v2_avx512bw_vec32_exact_perm,42-81-43-15-62-88-90-80-89-75-21-50-60-20-63-68-41-94-23-78-54-47-46-7-4-16-19-24-17-10-59-12-38-79-37-2-97-30-65-77-14-51-73-22-33-95-55-61-86-26-74-56-39-82-25-66-49-34-1-44-27-11-57-53-8-71-76-64-99-28-58-92-83-18-93-9-6-40-87-3-85-84-70-69-29-31-32-100-36-13-48-67-96-52-45-5-72-35-91-98
Ta100x20,9,5,500,0.925,0.05,8,2230908273,17000,6588,6358,5979,7.237934214,v2_avx512bw_vec32_exact_perm,42-81-43-88-97-41-50-15-80-78-89-62-90-95-51-19-21-47-16-7-60-61-84-46-37-10-33-59-76-25-73-86-96-79-56-77-12-75-44-2-94-38-4-54-65-74-57-26-22-58-68-27-6-71-20-82-11-63-69-23-30-39-34-24-87-49-55-92-3-70-8-29-17-53-40-14-35-45-99-13-9-83-1-36-18-28-64-31-93-85-32-48-67-52-100-5-91-72-66-98
Ta100x20,9,5,500,0.925,0.05,9,2230909282,17000,6600,6358,5979,6.941958407,v2_avx512bw_vec32_exact_perm,42-81-37-74-88-43-95-63-62-47-89-94-15-41-80-78-60-12-33-59-79-16-77-75-46-4-54-90-24-86-65-76-7-30-2-1-61-38-73-97-20-25-57-44-17-39-21-71-50-22-68-84-58-6-13-64-51-10-26-70-56-40-82-19-99-69-3-34-87-23-14-49-53-27-11-85-93-36-92-31-83-100-52-32-28-67-55-9-8-29-45-35-96-18-48-5-91-72-66-98
Ta100x20,9,5,500,0.925,0.05,10,2230910291,17000,6588,6358,5979,6.706881824,v2_avx512bw_vec32_exact_perm,42-81-43-41-88-89-15-90-50-38-80-59-75-87-46-60-62-74-7-95-33-56-78-21-12-84-20-2-97-63-19-34-94-30-51-79-86-37-16-1-44-10-27-77-23-65-6-73-22-54-99-48-39-68-26-82-47-4-61-76-67-55-64-58-11-25-3-85-40-70-57-71-24-93-17-28-29-69-36-14-92-45-83-8-49-9-100-13-53-52-32-18-31-96-35-5-91-72-66-98
Ta100x20,9,5,500,0.925,0.075,1,2230901210,17000,6583,6358,5979,6.820025509,v2_avx512bw_vec32_exact_perm,42-81-15-50-43-60-41-89-75-78-62-95-97-19-47-16-88-90-33-37-12-7-39-54-80-94-40-65-38-84-59-63-79-46-25-44-74-26-23-10-77-51-55-6-76-21-11-58-30-9-69-82-4-2-61-68-83-56-13-70-20-86-99-14-45-87-27-52-1-34-29-71-53-57-17-8-3-24-18-92-85-73-22-31-36-67-93-49-32-28-96-48-100-35-5-64-91-72-66-98
Ta100x20,9,5,500,0.925,0.075,2,2230902219,17000,6610,6358,5979,7.537296533,v2_avx512bw_vec32_exact_perm,42-81-88-43-62-41-50-78-15-61-60-68-46-37-74-80-63-75-2-24-90-94-65-95-47-89-79-97-86-59-17-77-21-84-55-38-33-82-16-11-44-54-19-51-56-76-12-4-22-20-57-6-30-25-10-39-14-71-70-7-18-73-49-40-29-26-58-27-87-23-69-92-99-64-34-1-93-8-3-32-53-85-100-13-9-67-36-83-31-28-45-52-96-5-35-48-91-72-66-98
Ta100x20,9,5,500,0.925,0.075,3,2230903228,17000,6552,6358,5979,7.253499577,v2_avx512bw_vec32_exact_perm,42-81-43-41-88-74-60-37-50-59-15-51-90-62-61-46-47-63-20-89-4-30-75-12-80-33-10-95-86-25-77-65-78-14-23-68-71-54-7-17-58-82-94-26-56-79-38-19-69-39-2-92-6-34-84-49-97-8-21-22-16-48-57-76-11-70-73-55-99-40-83-31-24-27-3-9-29-87-45-44-93-28-18-35-64-36-53-67-32-96-85-52-1-13-100-5-91-72-66-98
Ta100x20,9,5,500,0.925,0.075,4,2230904237,17000,6580,6358,5979,7.47392121,v2_avx512bw_vec32_exact_perm,42-81-43-47-89-78-60-15-50-41-94-63-88-90-79-37-62-97-19-16-44-6-95-54-84-77-80-65-30-75-61-46-59-10-4-33-9-12-21-7-76-38-17-34-74-2-73-24-56-22-1-39-92-26-58-86-51-11-70-25-23-14-68-45-40-85-71-28-3-53-27-20-32-100-67-36-49-87-69-82-8-93-57-64-83-5-99-52-55-29-96-18-31-35-48-13-91-72-66-98
Ta100x20,9,5,500,0.925,0.075,5,2230905246,17000,6604,6358,5979,6.909961608,v2_avx512bw_vec32_exact_perm,42-81-15-62-46-16-43-37-59-95-63-75-94-88-7-60-74-41-78-97-10-47-19-89-90-80-50-21-77-44-56-79-68-65-38-83-12-76-4-39-84-86-24-31-20-2-51-9-73-54-22-61-33-26-23-58-69-25-55-11-3-85-8-49-82-14-17-30-45-34-27-53-40-36-71-87-29-32-18-99-92-13-6-57-100-93-28-96-35-64-1-70-52-67-48-5-91-72-66-98
Ta100x20,9,5,500,0.925,0.075,6,2230906255,17000,6610,6358,5979,6.850345851,v2_avx512bw_vec32_exact_perm,42-81-43-50-15-90-37-78-88-7-95-62-2-47-80-97-60-24-16-94-59-41-77-12-63-19-46-20-44-75-54-84-33-21-89-74-92-1-25-10-38-39-82-68-64-26-30-65-4-76-56-23-57-61-13-34-71-79-58-17-55-27-51-8-11-3-73-14-93-66-6-22-69-28-99-86-40-100-49-9-53-87-36-31-29-85-18-83-67-70-52-32-45-35-48-96-5-91-72-98
Ta100x20,9,5,500,0.925,0.075,7,2230907264,17000,6631,6358,5979,6.861890441,v2_avx512bw_vec32_exact_perm,37-81-63-43-80-90-88-42-15-95-79-50-78-89-74-41-47-60-69-65-61-62-75-20-10-94-59-46-12-33-23-97-77-19-7-26-70-82-51-38-76-14-21-16-39-83-68-56-4-86-6-58-27-17-44-54-3-9-30-11-71-31-22-99-40-73-1-57-25-29-2-13-24-85-53-28-18-64-87-93-67-36-84-34-55-8-49-92-96-32-35-5-48-100-52-45-72-91-66-98
Ta100x20,9,5,500,0.925,0.075,8,2230908273,17000,6600,6358,5979,7.034977584,v2_avx512bw_vec32_exact_perm,42-81-37-16-74-89-43-15-88-60-80-94-62-4-77-12-46-21-47-41-30-51-63-79-90-97-10-38-33-95-61-26-1-19-82-17-68-65-14-84-54-59-86-20-58-39-57-7-50-75-22-24-44-6-69-11-2-99-40-76-83-56-25-93-66-70-29-27-55-87-31-23-49-92-34-73-67-9-53-45-78-8-32-35-3-36-100-71-28-18-13-85-96-48-64-52-5-91-72-98
Ta100x20,9,5,500,0.925,0.075,9,2230909282,17000,6592,6358,5979,7.403244431,v2_avx512bw_vec32_exact_perm,42-81-43-15-73-50-46-78-94-62-41-97-89-63-75-7-60-80-74-2-37-20-77-19-65-21-12-30-47-88-17-10-38-90-95-55-82-79-54-4-33-68-40-25-56-23-51-44-26-22-58-61-86-39-11-84-83-27-14-71-70-92-24-18-3-59-76-57-13-49-87-16-32-29-53-69-34-6-99-64-8-85-28-31-100-36-93-45-9-1-35-5-52-67-48-96-72-66-91-98
Ta100x20,9,5,500,0.925,0.075,10,2230910291,17000,6618,6358,5979,7.525334139,v2_avx512bw_vec32_exact_perm,81-43-62-50-7-41-15-59-95-42-24-46-78-16-60-44-74-12-80-10-58-90-97-88-37-79-4-77-54-2-89-83-38-73-30-63-19-65-86-17-94-61-76-21-64-47-84-68-33-56-39-82-71-26-13-57-25-23-11-22-6-27-20-8-51-70-14-55-40-99-29-32-31-34-3-92-49-87-69-52-28-93-53-100-9-85-36-45-18-75-1-67-35-48-96-91-5-72-66-98
Ta100x20,9,5,500,0.925,0.1,1,2230901210,17000,6633,6358,5979,6.9459244,v2_avx512bw_vec32_exact_perm,81-15-43-59-78-41-50-63-46-65-16-74-88-47-97-89-56-60-7-33-95-38-68-21-4-6-20-80-94-51-42-90-61-24-77-75-57-23-2-22-86-70-26-39-92-82-19-37-5-1-54-12-83-99-76-58-34-84-17-71-30-10-79-11-13-44-9-49-27-48-53-40-32-8-14-31-55-100-18-85-25-69-36-64-29-73-87-45-93-28-67-3-66-72-52-96-62-35-91-98
Ta100x20,9,5,500,0.925,0.1,2,2230902219,17000,6615,6358,5979,6.859939947,v2_avx512bw_vec32_exact_perm,42-81-43-50-80-88-20-15-75-89-63-78-97-46-61-62-65-60-95-47-33-23-90-12-26-38-21-10-74-17-73-30-41-82-2-11-25-94-79-54-68-59-40-7-19-84-86-77-58-34-99-16-57-4-32-14-71-56-3-51-1-44-39-29-36-45-76-70-6-69-31-83-53-37-100-22-49-13-9-87-85-27-24-8-55-92-28-52-35-64-67-93-48-96-18-5-91-72-66-98
Ta100x20,9,5,500,0.925,0.1,3,2230903228,17000,6605,6358,5979,6.527694457,v2_avx512bw_vec32_exact_perm,42-81-88-15-41-47-62-97-21-16-94-7-64-78-19-43-89-74-60-90-95-61-84-30-39-50-86-54-51-12-44-77-80-59-65-79-46-55-4-68-38-58-82-37-73-10-75-63-33-23-56-26-14-17-22-27-92-11-87-18-24-20-76-2-57-99-40-25-70-6-28-3-53-93-35-71-96-1-13-83-85-29-36-100-31-49-8-32-9-48-69-34-52-5-45-91-67-72-66-98
Ta100x20,9,5,500,0.925,0.1,4,2230904237,17000,6622,6358,5979,7.144951188,v2_avx512bw_vec32_exact_perm,15-81-88-74-62-16-43-65-41-59-95-47-89-12-97-94-30-78-37-60-46-90-57-13-38-68-63-34-80-21-2-4-14-33-75-61-23-11-54-20-26-51-19-50-76-25-71-86-82-42-84-22-58-39-10-79-56-40-7-27-55-77-67-32-29-73-1-17-92-83-53-3-93-24-87-8-6-31-64-99-52-100-85-18-70-28-35-49-69-9-96-66-44-36-45-48-5-72-91-98
Ta100x20,9,5,500,0.925,0.1,5,2230905246,17000,6622,6358,5979,6.838838026,v2_avx512bw_vec32_exact_perm,42-43-89-78-62-88-59-50-60-41-81-95-63-16-80-33-94-97-21-15-19-47-4-30-46-68-90-56-10-51-6-12-38-26-2-39-20-24-58-9-14-74-84-64-65-22-77-37-40-54-27-76-23-34-79-7-82-69-61-86-28-53-73-55-99-11-25-67-66-71-13-44-35-3-57-92-96-17-8-85-18-32-36-100-31-49-52-87-93-75-1-83-45-29-91-5-72-48-70-98
Ta100x20,9,5,500,0.925,0.1,6,2230906255,17000,6635,6358,5979,6.629277477,v2_avx512bw_vec32_exact_perm,42-81-41-50-88-15-43-24-89-20-90-16-62-47-12-94-80-95-60-97-68-38-37-46-78-66-77-84-19-65-75-59-54-4-73-57-44-34-17-74-63-30-58-79-51-40-26-61-22-33-82-55-39-23-10-2-25-21-8-87-99-86-11-9-27-13-71-85-70-76-83-7-29-100-53-92-1-56-6-93-28-69-14-3-32-64-35-67-45-36-49-48-72-96-5-18-31-52-91-98
Ta100x20,9,5,500,0.925,0.1,7,2230907264,17000,6603,6358,5979,6.673213722,v2_avx512bw_vec32_exact_perm,42-81-43-60-15-88-78-97-41-50-46-62-59-63-79-80-7-90-61-94-33-44-89-19-30-86-77-2-82-84-95-57-74-76-22-47-4-10-12-25-65-16-21-39-17-20-68-23-92-26-58-54-6-51-56-11-14-34-99-18-73-53-9-24-38-70-75-87-64-28-8-67-36-69-55-40-32-71-1-29-85-31-37-27-13-93-83-45-3-49-48-100-91-96-5-35-52-72-66-98
Ta100x20,9,5,500,0.925,0.1,8,2230908273,17000,6604,6358,5979,6.713826768,v2_avx512bw_vec32_exact_perm,42-81-43-41-88-15-89-65-47-50-46-90-21-79-74-75-4-77-51-80-94-17-62-22-59-30-12-23-2-54-33-86-7-87-60-16-37-24-70-26-6-19-95-84-97-78-38-27-10-61-69-20-40-57-58-55-63-44-29-34-14-56-39-36-68-82-64-53-3-100-99-93-1-67-73-76-25-13-83-92-11-28-85-52-49-31-32-71-35-18-8-9-91-45-5-48-96-72-66-98
Ta100x20,9,5,500,0.925,0.1,9,2230909282,17000,6618,6358,5979,6.56709291,v2_avx512bw_vec32_exact_perm,42-81-88-43-50-15-41-60-33-78-2-75-21-59-19-89-80-95-16-12-97-94-47-46-68-79-58-73-37-6-51-57-61-63-90-82-84-10-26-25-11-30-23-77-38-86-56-22-17-65-92-39-74-44-36-13-4-34-54-69-48-14-24-76-40-31-85-3-7-93-99-64-71-29-8-83-32-62-1-55-18-20-87-27-100-53-70-28-67-45-49-9-5-35-52-96-91-72-66-98
Ta100x20,9,5,500,0.925,0.1,10,2230910291,17000,6603,6358,5979,7.319186279,v2_avx512bw_vec32_exact_perm,43-50-78-81-75-42-41-89-62-60-80-88-95-7-77-46-90-97-63-37-39-10-33-65-24-84-56-86-16-82-25-3-74-53-2-92-34-12-30-61-17-38-57-19-51-14-21-15-96-99-4-58-73-27-40-26-79-59-23-44-54-100-18-68-22-6-49-11-31-32-71-28-76-94-36-8-20-55-69-87-13-35-29-85-47-93-83-45-9-1-48-67-70-52-64-5-91-72-66-98
Ta100x20,9,5,500,0.925,0.125,1,2230901210,17000,6603,6358,5979,7.097579533,v2_avx512bw_vec32_exact_perm,81-43-50-88-78-15-62-95-41-21-90-89-47-19-46-63-33-12-20-59-57-7-60-80-94-16-30-97-26-86-92-17-38-54-4-79-65-70-51-77-2-14-75-56-73-82-10-42-68-37-39-6-84-24-27-58-69-11-23-61-34-87-22-99-74-3-40-25-31-76-29-85-100-83-44-55-49-93-67-28-9-53-13-8-71-18-32-36-1-64-66-96-35-52-45-48-5-72-91-98
Ta100x20,9,5,500,0.925,0.125,2,2230902219,17000,6597,6358,5979,6.85113995,v2_avx512bw_vec32_exact_perm,42-81-15-43-41-89-60-80-16-59-65-74-22-78-46-47-90-92-50-37-88-63-20-30-77-56-12-2-17-79-96-61-70-86-58-75-10-7-6-97-95-76-4-21-19-39-54-49-38-11-84-44-3-62-57-94-25-64-24-99-33-51-26-28-68-14-55-40-23-82-29-32-35-31-69-36-9-27-83-73-13-45-71-8-93-1-53-87-85-18-100-48-34-5-91-67-52-72-66-98
Ta100x20,9,5,500,0.925,0.125,3,2230903228,17000,6562,6358,5979,6.43039883,v2_avx512bw_vec32_exact_perm,42-81-50-15-43-41-65-74-16-89-95-78-79-88-46-77-63-12-60-58-84-37-80-76-61-21-47-30-94-51-86-33-7-57-38-62-97-20-4-19-2-83-17-75-22-10-9-54-59-73-40-56-99-26-25-55-90-23-68-8-24-34-6-71-13-1-11-82-70-39-14-27-49-92-29-45-3-69-31-18-44-36-32-85-64-67-53-52-100-48-5-93-35-87-28-96-72-66-91-98
Ta100x20,9,5,500,0.925,0.125,4,2230904237,17000,6601,6358,5979,7.182362237,v2_avx512bw_vec32_exact_perm,42-81-43-78-15-89-88-63-17-62-95-65-50-80-37-90-47-94-46-59-74-41-79-7-19-16-21-77-2-86-33-54-10-51-30-24-60-73-97-26-55-20-12-23-4-27-38-61-76-39-6-22-58-75-56-71-70-82-14-11-68-13-32-25-67-64-99-69-34-36-8-57-92-53-3-45-44-31-49-40-28-84-35-29-93-87-18-1-83-100-9-5-85-52-48-96-72-66-91-98
Ta100x20,9,5,500,0.925,0.125,5,2230905246,17000,6610,6358,5979,6.99065838,v2_avx512bw_vec32_exact_perm,42-50-43-81-41-63-15-62-55-59-88-60-46-78-80-7-89-95-37-16-90-21-47-56-12-30-97-79-65-2-26-19-38-74-82-51-25-61-76-4-10-58-75-22-33-6-20-77-86-29-44-54-84-17-70-27-23-40-53-11-24-34-8-94-87-64-3-36-92-39-14-73-57-31-28-83-85-69-13-68-71-35-45-93-18-99-67-9-49-48-32-1-96-52-100-91-5-72-66-98
Ta100x20,9,5,500,0.925,0.125,6,2230906255,17000,6617,6358,5979,6.524295166,v2_avx512bw_vec32_exact_perm,42-81-43-88-47-50-90-97-62-15-7-37-80-51-41-16-60-59-68-56-12-65-33-46-63-92-95-30-78-6-77-89-11-44-38-75-10-74-21-24-14-19-84-54-17-23-82-71-76-25-20-40-61-45-34-27-79-39-2-58-49-8-66-53-94-4-70-3-83-55-69-18-29-57-73-64-31-99-32-93-86-28-87-36-100-9-22-13-85-26-1-67-48-35-96-5-91-52-72-98
Ta100x20,9,5,500,0.925,0.125,7,2230907264,17000,6650,6358,5979,6.299095778,v2_avx512bw_vec32_exact_perm,42-81-50-15-89-88-43-78-94-63-60-80-46-41-16-97-95-7-12-59-20-90-21-74-47-62-10-65-19-56-73-57-22-75-79-24-70-2-61-23-33-4-55-51-58-30-6-39-54-17-14-38-76-25-86-34-11-3-92-26-69-37-77-67-68-82-53-44-27-84-40-32-18-66-64-29-1-49-9-31-85-93-28-45-83-8-99-100-71-36-13-87-35-96-91-72-48-52-5-98
Ta100x20,9,5,500,0.925,0.125,8,2230908273,17000,6584,6358,5979,6.426863359,v2_avx512bw_vec32_exact_perm,43-42-81-16-89-78-50-46-63-95-7-62-79-90-97-2-47-65-41-75-58-37-70-94-20-77-60-80-44-10-64-19-88-38-61-57-15-74-39-33-27-92-12-86-59-51-76-82-73-69-1-30-21-14-99-26-68-56-24-54-23-4-17-22-6-13-11-34-49-84-53-29-87-28-25-8-85-40-32-3-55-67-18-100-93-45-71-36-48-31-83-9-35-96-5-91-52-72-66-98
Ta100x20,9,5,500,0.925,0.125,9,2230909282,17000,6622,6358,5979,6.500074804,v2_avx512bw_vec32_exact_perm,81-43-15-50-37-78-88-41-7-89-90-21-97-60-47-77-75-46-16-19-80-65-33-95-10-4-63-61-59-26-23-6-22-51-62-68-82-76-79-54-94-83-17-12-24-34-86-58-74-42-38-25-45-39-84-57-71-2-70-73-36-11-30-56-85-29-32-27-31-44-3-64-40-53-93-66-87-14-92-13-20-8-28-9-55-99-49-69-35-48-1-100-67-96-5-52-18-91-72-98
Ta100x20,9,5,500,0.925,0.125,10,2230910291,17000,6622,6358,5979,6.800213171,v2_avx512bw_vec32_exact_perm,42-43-81-15-62-16-80-88-50-41-89-46-7-60-78-94-37-10-4-59-24-19-2-75-30-95-97-90-68-44-64-12-38-51-76-74-33-63-57-9-34-14-54-21-58-23-47-26-56-25-79-39-20-61-82-84-73-65-11-77-86-28-69-27-29-55-22-49-93-17-100-1-53-92-85-40-71-87-67-8-3-35-99-32-45-18-52-6-31-66-5-36-13-83-48-96-72-70-91-98
Ta100x20,9,5,500,0.9625,0.025,1,2230901210,17000,6585,6358,5979,6.685624743,v2_avx512bw_vec32_exact_perm,81-88-43-50-60-15-97-41-42-61-47-4-78-95-7-89-65-16-20-77-62-90-10-46-21-24-38-74-73-12-33-51-19-94-80-84-86-63-30-2-40-56-83-75-79-39-68-6-27-59-22-71-58-70-76-54-17-82-69-26-55-37-23-53-49-8-25-87-11-29-44-9-57-28-92-34-31-99-100-3-14-85-93-32-64-18-45-36-13-35-96-48-52-1-67-5-91-72-66-98
Ta100x20,9,5,500,0.9625,0.025,2,2230902219,17000,6583,6358,5979,6.809597995,v2_avx512bw_vec32_exact_perm,42-81-43-88-15-50-63-75-78-7-95-80-94-89-41-77-60-62-68-46-79-59-37-97-39-10-4-47-19-90-16-33-21-30-23-2-12-54-65-22-14-73-74-44-26-20-51-17-55-57-58-86-38-82-11-84-56-69-76-29-27-24-13-71-61-85-100-40-70-3-87-9-36-99-49-32-25-8-92-83-34-6-53-18-31-45-28-64-52-35-67-93-1-48-96-5-91-72-66-98
Ta100x20,9,5,500,0.9625,0.025,3,2230903228,17000,6609,6358,5979,6.617416364,v2_avx512bw_vec32_exact_perm,42-81-43-89-15-90-50-88-62-97-47-41-74-10-79-95-82-80-60-16-24-21-7-65-33-17-19-2-94-63-78-51-37-30-75-58-57-56-39-77-46-4-38-6-68-13-71-34-84-86-14-66-27-76-54-55-64-92-25-73-61-12-8-93-23-20-26-11-44-70-22-83-53-99-59-69-29-32-49-87-100-40-36-3-35-45-9-31-1-28-48-96-67-85-52-72-18-5-91-98
Ta100x20,9,5,500,0.9625,0.025,4,2230904237,17000,6620,6358,5979,6.931735296,v2_avx512bw_vec32_exact_perm,42-81-43-15-50-89-47-97-78-41-46-88-90-63-80-94-62-95-60-73-56-7-2-33-40-79-75-61-17-12-59-4-10-21-58-16-19-38-54-86-51-20-11-34-74-24-65-44-77-26-92-30-27-76-13-39-82-23-57-49-8-71-3-25-55-22-84-68-70-99-18-87-69-64-83-29-37-14-53-45-28-9-6-35-93-67-32-36-100-31-52-96-1-85-5-48-91-72-66-98
Ta100x20,9,5,500,0.9625,0.025,5,2230905246,17000,6609,6358,5979,6.450653946,v2_avx512bw_vec32_exact_perm,42-81-78-43-41-50-15-89-60-63-88-16-90-95-21-24-37-74-75-94-2-97-12-10-80-20-30-47-46-61-77-65-19-7-51-38-33-76-79-4-26-27-84-44-54-17-62-82-59-86-23-57-3-22-58-14-34-6-49-39-71-56-68-11-53-92-25-70-69-36-73-45-83-9-31-99-8-28-40-55-87-13-52-32-64-67-85-93-1-29-100-35-96-48-18-5-91-72-66-98
Ta100x20,9,5,500,0.9625,0.025,6,2230906255,17000,6551,6358,5979,6.881690858,v2_avx512bw_vec32_exact_perm,42-81-43-62-88-15-16-41-50-95-78-97-80-68-37-60-89-90-94-79-74-51-10-73-47-63-46-38-56-59-86-61-4-40-33-25-70-19-84-12-65-3-6-82-92-21-77-22-30-34-17-23-26-76-99-54-14-39-87-24-8-11-7-75-57-27-35-44-100-58-13-29-85-28-49-93-64-69-36-9-2-53-20-1-83-71-18-31-32-48-45-55-96-52-67-91-5-72-66-98
Ta100x20,9,5,500,0.9625,0.025,7,2230907264,17000,6629,6358,5979,6.8729011,v2_avx512bw_vec32_exact_perm,42-81-78-41-7-15-50-88-89-80-75-61-43-16-24-60-62-17-20-94-97-10-95-37-33-90-47-51-21-63-46-56-12-84-19-74-38-54-82-23-39-2-27-65-58-77-26-76-4-59-86-68-30-73-25-55-11-44-79-66-64-6-32-22-14-69-87-34-40-53-29-28-49-67-45-3-70-36-93-99-31-9-83-57-92-8-71-52-1-13-100-48-96-85-35-18-72-5-91-98
Ta100x20,9,5,500,0.9625,0.025,8,2230908273,17000,6618,6358,5979,6.706749918,v2_avx512bw_vec32_exact_perm,42-81-15-50-41-78-62-88-43-90-46-97-89-79-60-7-2-95-16-80-57-74-20-21-10-63-47-19-38-51-33-59-4-94-68-56-14-65-75-26-84-23-76-77-61-17-70-44-39-58-11-30-12-6-92-24-55-34-86-54-71-32-27-82-25-22-37-69-64-1-29-3-36-99-87-53-9-31-83-93-100-85-67-40-73-66-8-48-45-28-13-96-52-49-35-72-18-5-91-98
Ta100x20,9,5,500,0.9625,0.025,9,2230909282,17000,6613,6358,5979,6.796707678,v2_avx512bw_vec32_exact_perm,42-81-43-62-41-65-88-90-15-16-50-59-80-95-37-7-74-60-47-33-22-89-75-12-78-21-19-94-76-46-84-51-79-4-10-56-64-68-20-86-61-58-39-66-73-30-38-2-97-24-6-99-63-55-44-54-11-82-17-3-26-25-70-1-77-53-92-9-23-27-87-40-83-36-71-29-34-14-31-28-45-93-49-57-69-32-18-8-85-67-100-48-13-52-35-96-5-91-72-98
Ta100x20,9,5,500,0.9625,0.025,10,2230910291,17000,6612,6358,5979,7.057260282,v2_avx512bw_vec32_exact_perm,42-50-43-81-78-15-62-88-97-89-60-47-16-80-41-95-74-21-20-7-54-90-19-59-63-46-37-30-75-77-79-11-38-4-51-86-33-14-94-45-12-73-83-24-22-84-56-68-25-65-92-44-39-26-82-61-76-2-55-57-58-17-18-10-49-9-71-27-85-40-32-23-29-3-70-99-64-69-31-28-87-6-35-34-93-53-48-8-36-100-67-5-52-13-1-96-91-72-66-98
Ta100x20,9,5,500,0.9625,0.05,1,2230901210,17000,6636,6358,5979,6.967473399,v2_avx512bw_vec32_exact_perm,37-50-62-89-15-43-94-78-41-60-12-80-63-95-42-81-97-76-7-24-90-47-46-16-19-10-82-74-38-75-54-65-17-21-68-59-79-73-57-88-77-86-71-14-20-4-34-39-33-58-27-2-40-61-56-64-3-1-23-83-69-29-92-6-44-70-11-22-51-85-13-26-28-8-30-32-67-9-99-53-36-87-49-18-84-25-93-31-100-52-55-45-5-96-48-35-72-66-91-98
Ta100x20,9,5,500,0.9625,0.05,2,2230902219,17000,6596,6358,5979,7.397867382,v2_avx512bw_vec32_exact_perm,42-81-15-60-50-59-95-78-89-16-41-43-7-46-62-63-24-79-74-86-90-47-21-80-44-94-97-54-12-38-88-68-65-33-4-82-30-56-17-19-39-77-6-2-75-70-57-51-26-23-10-22-25-58-11-20-9-84-61-14-27-29-73-40-34-1-53-92-99-76-37-67-64-31-85-93-35-28-100-71-69-3-36-49-13-87-8-32-55-18-83-45-5-48-52-96-91-72-66-98
Ta100x20,9,5,500,0.9625,0.05,3,2230903228,17000,6605,6358,5979,6.979828816,v2_avx512bw_vec32_exact_perm,42-81-43-88-90-80-41-15-95-60-62-19-50-78-16-22-97-10-7-37-65-38-79-74-46-2-12-89-73-21-51-56-47-84-68-44-55-30-59-76-94-33-54-77-4-17-75-11-25-20-86-24-63-58-27-71-13-82-6-61-39-70-26-57-31-92-14-34-23-100-45-53-29-64-28-49-8-9-36-3-69-99-85-40-93-32-87-18-1-83-35-52-67-48-96-5-91-72-66-98
Ta100x20,9,5,500,0.9625,0.05,4,2230904237,17000,6626,6358,5979,7.116464431,v2_avx512bw_vec32_exact_perm,42-43-81-41-50-15-62-88-97-47-95-65-46-80-74-10-63-60-33-89-7-90-79-75-22-94-59-17-24-2-77-86-21-4-12-37-73-16-68-82-54-39-20-19-58-26-84-25-61-30-76-6-71-92-83-56-57-23-11-44-40-51-34-8-66-70-9-64-38-69-32-49-18-29-27-53-3-85-99-31-13-45-87-93-100-36-78-55-1-14-96-28-35-67-48-5-52-72-91-98
Ta100x20,9,5,500,0.9625,0.05,5,2230905246,17000,6605,6358,5979,7.451434009,v2_avx512bw_vec32_exact_perm,42-81-7-43-2-50-62-6-59-89-78-15-95-80-88-90-60-97-49-24-34-74-61-44-16-58-46-79-86-65-41-54-63-77-33-20-17-75-47-10-57-40-38-30-4-19-14-55-21-68-82-56-12-39-71-8-3-94-73-99-84-22-31-1-85-27-69-37-11-23-87-29-83-9-36-70-92-28-26-18-100-76-25-64-13-53-32-93-51-67-45-35-48-91-96-5-52-72-66-98
Ta100x20,9,5,500,0.9625,0.05,6,2230906255,17000,6644,6358,5979,6.451624951,v2_avx512bw_vec32_exact_perm,81-50-43-89-15-7-46-63-78-62-97-47-80-41-24-42-57-88-95-30-74-60-12-4-90-86-10-94-84-37-38-39-75-58-21-26-19-99-61-33-85-67-79-2-68-20-76-22-65-54-73-51-17-9-14-59-56-44-77-23-1-82-34-16-92-55-71-25-100-27-29-40-49-70-83-45-3-53-32-11-87-93-69-6-8-36-31-28-13-96-64-35-5-91-48-18-52-72-66-98
Ta100x20,9,5,500,0.9625,0.05,7,2230907264,17000,6608,6358,5979,6.384763868,v2_avx512bw_vec32_exact_perm,42-15-81-41-50-43-88-62-89-97-63-95-16-76-19-78-94-7-65-77-60-61-90-2-47-21-26-33-74-46-75-58-54-82-79-44-80-25-30-68-70-51-56-57-48-71-73-4-59-38-14-69-84-34-86-23-12-6-92-64-20-39-83-10-27-37-45-24-8-13-3-99-55-11-17-40-22-29-49-28-53-36-93-67-32-100-31-85-52-87-18-9-35-1-96-5-91-72-66-98
Ta100x20,9,5,500,0.9625,0.05,8,2230908273,17000,6642,6358,5979,7.97422659,v2_avx512bw_vec32_exact_perm,42-81-43-15-78-50-62-80-75-88-94-46-97-89-47-90-41-59-30-63-74-65-17-21-70-33-60-86-29-7-76-19-84-26-57-77-54-79-2-16-83-61-38-12-99-11-23-4-10-25-68-44-20-58-48-39-56-14-51-87-55-32-37-40-49-3-53-22-34-71-66-82-8-73-28-45-31-69-100-13-27-85-18-67-92-95-36-1-6-93-96-24-64-5-35-52-9-72-91-98
Ta100x20,9,5,500,0.9625,0.05,9,2230909282,17000,6619,6358,5979,7.173105821,v2_avx512bw_vec32_exact_perm,42-81-88-50-43-46-7-15-16-41-90-97-63-78-37-59-60-89-95-79-62-47-21-74-19-38-33-12-4-80-17-73-26-54-56-76-65-94-68-58-27-2-84-77-71-86-30-6-61-10-24-39-75-25-34-51-49-92-57-82-29-55-31-53-44-8-9-23-100-85-14-18-32-20-45-64-11-28-70-40-36-22-83-3-69-99-13-93-67-35-87-96-52-1-48-91-5-72-66-98
Ta100x20,9,5,500,0.9625,0.05,10,2230910291,17000,6607,6358,5979,6.80081878,v2_avx512bw_vec32_exact_perm,42-81-43-88-15-62-60-41-97-74-47-78-95-50-12-63-82-20-21-77-46-90-2-17-7-79-94-33-59-89-80-16-65-19-54-84-73-37-24-86-30-4-61-38-9-14-26-6-56-68-51-22-10-3-75-27-99-57-71-58-23-25-69-83-40-34-92-8-1-32-39-85-11-28-76-49-93-13-96-100-64-70-53-55-45-36-52-18-31-87-29-44-35-67-48-5-91-72-66-98
Ta100x20,9,5,500,0.9625,0.075,1,2230901210,17000,6617,6358,5979,7.097845797,v2_avx512bw_vec32_exact_perm,42-43-50-15-62-81-41-60-89-74-16-78-19-88-97-95-84-61-90-65-57-77-46-63-30-75-79-94-44-80-54-92-22-59-47-27-7-64-68-23-21-4-39-10-33-76-24-12-55-51-11-71-25-26-82-86-3-56-20-58-69-28-40-38-73-31-34-100-87-17-6-53-29-49-66-83-14-8-37-70-85-2-9-93-99-18-1-36-96-32-52-48-13-67-35-45-5-91-72-98
Ta100x20,9,5,500,0.9625,0.075,2,2230902219,17000,6637,6358,5979,6.959612844,v2_avx512bw_vec32_exact_perm,42-81-78-50-90-43-15-41-88-60-94-97-89-37-24-46-62-63-10-23-4-80-59-95-30-16-61-47-38-12-19-57-20-75-77-39-65-2-79-21-74-71-82-73-7-84-87-76-33-27-58-86-11-25-51-44-68-54-26-3-53-22-69-70-40-17-99-56-93-13-8-6-31-49-29-83-14-85-34-45-64-28-9-36-67-92-1-55-32-100-96-35-18-52-48-91-5-72-66-98
Ta100x20,9,5,500,0.9625,0.075,3,2230903228,17000,6633,6358,5979,7.225564378,v2_avx512bw_vec32_exact_perm,42-81-62-95-15-50-37-59-88-7-77-41-16-47-43-54-78-65-89-80-46-63-68-97-51-30-38-60-94-24-73-12-90-79-84-17-19-21-76-56-75-10-22-2-11-86-23-6-58-33-4-82-9-26-27-45-8-20-53-61-40-25-49-13-71-3-1-34-99-14-83-39-55-36-74-93-28-70-92-57-18-69-32-29-96-85-87-35-31-100-44-48-64-5-52-67-91-72-66-98
Ta100x20,9,5,500,0.9625,0.075,4,2230904237,17000,6616,6358,5979,7.663759727,v2_avx512bw_vec32_exact_perm,42-81-88-16-15-59-90-74-43-12-46-89-63-75-78-62-97-41-30-60-21-51-50-19-95-7-47-2-37-17-33-80-54-38-65-10-79-94-77-48-57-4-3-82-44-39-24-73-64-99-34-58-68-25-1-31-6-26-14-86-56-27-61-20-55-11-40-76-93-23-84-71-28-18-22-32-67-49-69-29-100-13-8-36-92-53-70-9-85-83-96-45-52-5-35-87-91-72-66-98
Ta100x20,9,5,500,0.9625,0.075,5,2230905246,17000,6623,6358,5979,8.808620974,v2_avx512bw_vec32_exact_perm,42-81-50-15-78-95-88-41-43-74-63-44-80-97-89-86-60-70-46-21-4-62-77-47-76-12-59-90-23-33-84-94-65-56-87-30-64-66-92-26-2-25-73-19-54-79-82-51-75-16-20-68-61-39-17-27-7-32-55-24-10-71-14-49-37-31-6-28-22-57-29-53-1-34-3-40-93-85-11-69-83-100-58-8-13-18-36-9-99-38-45-96-52-5-48-67-35-91-72-98
Ta100x20,9,5,500,0.9625,0.075,6,2230906255,17000,6624,6358,5979,7.192800547,v2_avx512bw_vec32_exact_perm,42-81-50-43-15-41-62-46-20-89-47-80-88-90-97-63-65-77-60-61-75-95-94-54-78-16-37-24-33-40-86-10-4-82-17-30-23-22-21-39-26-55-58-7-68-87-14-79-38-59-25-74-51-19-57-83-6-2-12-49-34-73-56-71-1-27-44-11-36-92-70-84-8-76-28-13-67-29-3-45-53-32-93-99-64-48-31-69-100-35-9-85-18-96-66-52-72-5-91-98
Ta100x20,9,5,500,0.9625,0.075,7,2230907264,17000,6624,6358,5979,7.02161841,v2_avx512bw_vec32_exact_perm,42-43-15-62-50-41-16-80-46-63-2-89-95-10-78-65-97-59-68-47-21-37-75-30-90-74-94-79-84-11-24-88-25-19-23-60-26-71-20-38-54-22-76-27-56-82-58-4-33-12-6-77-51-17-34-40-44-57-7-86-83-3-39-29-81-61-85-70-87-99-28-14-18-100-73-69-49-53-31-1-9-64-92-48-45-36-55-93-32-8-13-52-67-5-91-96-35-72-66-98
Ta100x20,9,5,500,0.9625,0.075,8,2230908273,17000,6614,6358,5979,6.665536659,v2_avx512bw_vec32_exact_perm,42-81-43-89-78-88-63-75-97-2-15-90-46-62-60-21-80-74-7-95-41-16-30-47-79-50-94-17-24-54-51-96-57-77-83-65-59-33-25-44-12-23-4-19-38-10-56-39-61-22-71-73-68-86-20-9-27-40-8-55-1-58-32-82-85-34-26-11-28-3-84-76-93-13-69-49-100-36-31-6-70-29-37-14-53-99-92-18-87-48-64-52-67-35-45-5-91-72-66-98
Ta100x20,9,5,500,0.9625,0.075,9,2230909282,17000,6622,6358,5979,7.061999733,v2_avx512bw_vec32_exact_perm,42-50-81-89-90-88-15-97-16-43-41-24-62-60-94-46-7-74-78-79-21-47-80-63-30-95-61-77-33-4-3-22-51-31-26-54-75-57-19-84-56-39-86-6-34-68-65-44-20-59-58-17-10-38-1-12-2-85-25-29-14-37-73-27-49-66-55-76-71-70-40-92-32-11-99-9-8-100-23-28-69-13-18-83-87-53-52-93-64-96-35-36-45-48-67-82-5-91-72-98
Ta100x20,9,5,500,0.9625,0.075,10,2230910291,17000,6608,6358,5979,7.037766184,v2_avx512bw_vec32_exact_perm,42-81-88-7-50-78-97-80-63-94-65-15-41-16-89-37-77-90-19-75-10-43-60-74-21-76-54-47-84-56-38-95-17-4-26-58-62-61-73-51-46-33-79-2-30-59-92-24-86-82-70-22-12-57-9-27-28-3-20-71-34-40-29-1-69-14-49-11-68-39-44-64-23-6-25-93-85-8-99-53-18-87-55-67-83-31-32-45-36-100-48-13-35-96-5-52-91-72-66-98
Ta100x20,9,5,500,0.9625,0.1,1,2230901210,17000,6624,6358,5979,6.615842241,v2_avx512bw_vec32_exact_perm,42-81-43-15-41-7-62-47-50-59-80-44-74-78-60-10-88-37-75-90-89-95-94-16-12-21-63-77-97-82-30-39-79-86-22-38-4-19-65-66-6-14-57-56-3-73-58-34-33-68-46-54-51-69-31-32-61-23-2-1-26-11-13-49-24-25-76-92-70-84-27-71-99-40-53-29-36-67-28-64-18-17-85-93-45-8-87-20-55-96-83-48-5-100-72-35-52-9-91-98
Ta100x20,9,5,500,0.9625,0.1,2,2230902219,17000,6594,6358,5979,7.084011901,v2_avx512bw_vec32_exact_perm,42-81-43-50-88-37-63-46-80-89-60-78-65-15-33-97-38-95-90-19-47-59-54-45-64-41-84-12-62-4-79-21-58-10-16-2-22-73-77-17-94-24-86-11-56-14-74-85-55-92-26-76-25-99-8-39-20-49-68-82-61-23-7-51-71-70-30-75-57-3-40-29-87-83-27-1-69-32-100-9-44-53-48-31-18-36-28-67-6-13-52-35-91-96-93-5-34-72-66-98
Ta100x20,9,5,500,0.9625,0.1,3,2230903228,17000,6616,6358,5979,7.804745494,v2_avx512bw_vec32_exact_perm,42-81-43-15-89-41-88-16-31-78-94-97-7-80-24-95-62-60-63-90-46-21-19-50-75-65-74-2-47-30-6-10-20-17-38-51-40-61-84-33-27-37-22-79-39-12-76-82-54-26-68-56-83-92-23-59-57-55-58-77-4-70-71-49-25-8-1-87-34-53-69-29-9-44-11-86-93-28-85-3-45-14-67-100-36-99-32-18-73-35-13-48-64-96-5-52-91-72-66-98
Ta100x20,9,5,500,0.9625,0.1,4,2230904237,17000,6607,6358,5979,6.786094277,v2_avx512bw_vec32_exact_perm,42-81-50-43-15-97-78-41-2-59-89-60-62-88-47-33-25-46-24-63-75-38-77-61-56-79-7-26-80-65-30-95-23-19-16-84-20-68-4-10-90-12-71-9-39-82-74-99-22-29-37-76-13-94-17-86-14-70-53-69-21-87-36-54-73-45-58-93-11-1-44-100-18-85-57-51-28-40-3-49-55-31-35-32-8-34-6-64-83-27-92-52-67-48-5-96-72-66-91-98
Ta100x20,9,5,500,0.9625,0.1,5,2230905246,17000,6585,6358,5979,7.086578215,v2_avx512bw_vec32_exact_perm,42-50-81-63-78-43-41-20-80-15-61-59-89-60-74-1-47-56-16-95-62-46-90-79-39-65-94-25-12-26-86-30-2-21-7-70-38-19-97-44-33-82-51-22-73-77-11-24-3-84-54-10-40-23-69-57-75-37-31-58-6-34-27-29-68-83-14-13-4-71-76-32-88-36-8-17-18-92-9-64-85-99-49-45-93-48-53-55-87-67-28-35-52-96-100-5-91-72-66-98
Ta100x20,9,5,500,0.9625,0.1,6,2230906255,17000,6652,6358,5979,6.587463219,v2_avx512bw_vec32_exact_perm,43-50-15-81-42-89-78-21-62-65-41-56-46-16-74-63-80-95-33-88-47-1-60-61-44-54-75-79-19-90-97-24-17-68-27-26-20-30-59-77-51-14-92-22-82-94-38-76-12-83-2-4-23-11-70-57-85-3-48-31-86-40-73-34-99-64-71-7-49-55-66-10-58-25-67-37-28-39-45-36-69-6-53-8-84-87-18-32-52-93-35-13-96-29-5-9-100-72-91-98
Ta100x20,9,5,500,0.9625,0.1,7,2230907264,17000,6639,6358,5979,6.633497141,v2_avx512bw_vec32_exact_perm,42-81-43-15-60-50-78-41-97-89-47-62-88-90-65-33-79-95-2-46-10-74-63-75-58-59-57-7-94-21-12-83-4-54-80-82-68-16-30-40-77-84-19-99-86-56-1-38-70-37-61-28-51-92-73-20-22-39-26-17-14-36-23-3-69-49-87-9-76-34-25-55-11-29-100-27-24-71-85-93-45-64-53-8-13-32-35-67-44-52-18-6-31-48-96-5-91-72-66-98
Ta100x20,9,5,500,0.9625,0.1,8,2230908273,17000,6657,6358,5979,6.600144239,v2_avx512bw_vec32_exact_perm,42-43-81-21-15-50-80-60-46-24-75-94-41-7-95-37-63-62-74-51-2-20-79-88-89-90-78-33-65-61-47-10-27-97-38-22-6-58-76-59-9-23-54-4-77-12-92-82-69-35-30-55-16-84-26-32-40-68-56-8-71-17-19-99-39-87-86-18-25-83-73-64-57-11-1-3-28-53-36-85-29-31-70-93-96-44-100-49-67-52-14-13-45-48-5-34-72-91-66-98
Ta100x20,9,5,500,0.9625,0.1,9,2230909282,17000,6638,6358,5979,6.893312998,v2_avx512bw_vec32_exact_perm,42-43-50-81-41-63-62-51-46-95-89-16-37-80-65-74-90-75-15-7-61-10-78-19-59-33-47-24-88-38-60-21-73-68-30-56-84-82-86-22-11-58-4-6-39-54-9-23-27-14-77-94-8-57-83-18-2-25-12-13-40-85-71-32-97-26-92-17-44-31-79-45-53-28-20-34-70-29-3-1-69-100-55-49-67-99-64-52-76-36-87-93-48-91-5-96-35-72-66-98
Ta100x20,9,5,500,0.9625,0.1,10,2230910291,17000,6651,6358,5979,7.116941085,v2_avx512bw_vec32_exact_perm,42-50-15-81-74-78-60-89-90-37-88-95-43-41-84-62-47-63-21-16-80-97-56-10-65-77-64-46-33-7-14-19-54-38-20-12-82-39-73-79-51-59-76-61-40-94-8-4-86-99-3-69-34-30-23-83-58-6-70-49-2-28-11-24-92-25-75-26-27-32-17-57-22-29-68-45-55-71-93-1-9-85-31-36-100-53-67-87-18-44-52-5-48-13-96-35-91-66-72-98
Ta100x20,9,5,500,0.9625,0.125,1,2230901210,17000,6625,6358,5979,6.993762822,v2_avx512bw_vec32_exact_perm,42-81-43-41-88-50-15-37-80-62-65-23-7-68-89-16-38-90-75-46-12-77-2-97-95-94-26-63-25-60-47-10-44-24-9-33-17-82-30-74-59-78-61-79-19-70-58-73-21-54-14-6-51-3-4-86-55-27-84-11-76-20-29-45-34-71-40-39-56-99-22-87-49-8-92-83-57-13-35-93-69-36-67-28-53-64-31-32-52-100-1-85-18-48-96-5-91-72-66-98
Ta100x20,9,5,500,0.9625,0.125,2,2230902219,17000,6652,6358,5979,6.765985975,v2_avx512bw_vec32_exact_perm,42-43-81-88-15-78-60-41-50-10-89-46-63-61-62-45-65-16-51-47-80-3-37-95-12-19-74-22-44-75-38-68-97-27-4-2-21-59-58-30-57-90-79-94-6-77-86-24-64-49-33-84-7-76-54-25-26-56-82-36-39-11-73-23-1-99-34-13-20-17-70-93-14-29-9-69-92-31-28-71-55-100-35-67-8-85-87-32-52-40-53-83-96-48-72-66-18-5-91-98
Ta100x20,9,5,500,0.9625,0.125,3,2230903228,17000,6653,6358,5979,6.837330383,v2_avx512bw_vec32_exact_perm,42-81-78-15-50-88-41-80-37-62-94-60-77-43-30-95-1-47-2-12-58-89-74-63-65-97-10-20-16-68-90-75-59-46-79-19-17-21-7-73-57-38-33-4-83-25-11-86-69-51-14-56-22-44-34-39-29-92-27-24-55-26-66-28-76-87-85-9-54-84-31-61-23-3-13-8-52-71-49-40-70-64-99-67-53-6-82-100-18-32-93-45-48-72-36-96-5-35-91-98
Ta100x20,9,5,500,0.9625,0.125,4,2230904237,17000,6645,6358,5979,6.827740938,v2_avx512bw_vec32_exact_perm,15-81-43-41-65-50-80-94-37-90-59-47-24-95-60-46-77-7-16-79-88-38-62-33-75-30-56-48-54-10-22-74-78-14-4-68-42-89-86-70-21-51-76-9-71-63-69-25-73-12-61-17-19-99-39-82-58-2-55-20-83-26-31-11-23-6-84-34-44-3-87-92-57-27-29-8-32-97-40-67-35-45-53-93-49-64-85-52-13-18-28-96-1-36-72-100-91-5-66-98
Ta100x20,9,5,500,0.9625,0.125,5,2230905246,17000,6632,6358,5979,6.472620637,v2_avx512bw_vec32_exact_perm,42-81-41-43-62-50-78-75-15-16-88-80-97-95-33-47-89-57-94-65-90-7-37-10-63-46-60-73-77-21-59-12-74-17-30-86-54-4-24-20-2-34-76-38-83-69-79-61-58-68-99-44-56-39-19-82-92-70-51-26-11-27-25-40-64-29-3-23-22-13-53-18-84-49-14-8-71-28-87-55-85-1-67-45-93-100-36-32-9-31-72-35-6-52-96-5-91-48-66-98
Ta100x20,9,5,500,0.9625,0.125,6,2230906255,17000,6623,6358,5979,16.604756565,v2_avx512bw_batch32_exact_perm,42-81-78-43-88-50-47-15-41-2-80-97-60-33-12-94-89-63-90-59-24-21-62-51-68-95-16-76-75-10-65-74-4-19-54-38-46-77-79-56-22-86-37-44-84-7-30-17-34-39-82-1-23-71-25-92-58-6-26-70-61-99-31-18-73-100-27-9-53-11-87-49-20-3-85-28-36-8-14-45-13-29-32-83-35-64-93-69-55-48-67-52-40-57-96-5-91-72-66-98
Ta100x20,9,5,500,0.9625,0.125,7,2230907264,17000,6602,6358,5979,16.894273208,v2_avx512bw_batch32_exact_perm,42-81-88-15-80-60-41-89-94-43-50-37-39-46-84-47-63-12-78-65-74-44-59-90-77-21-10-23-24-4-54-76-79-26-97-57-38-17-68-82-22-51-71-20-33-95-25-61-7-11-30-19-62-92-1-16-86-58-3-2-75-6-40-14-9-99-27-34-73-29-70-53-85-31-69-83-56-100-18-87-67-32-93-36-28-8-13-49-45-48-96-35-5-55-52-66-64-72-91-98
Ta100x20,9,5,500,0.9625,0.125,8,2230908273,17000,6641,6358,5979,16.951151873,v2_avx512bw_batch32_exact_perm,42-43-62-78-81-15-61-7-4-22-47-41-80-88-60-90-77-50-65-94-79-97-59-89-12-33-51-16-75-21-30-63-70-46-19-14-37-95-24-20-76-55-10-56-84-71-86-92-23-87-17-11-99-27-38-54-25-26-39-82-74-44-29-6-83-40-73-34-45-53-68-58-28-49-64-2-36-31-32-3-69-18-57-100-13-85-9-8-48-93-67-52-35-1-96-5-91-72-66-98
Ta100x20,9,5,500,0.9625,0.125,9,2230909282,17000,6597,6358,5979,16.428705741,v2_avx512bw_batch32_exact_perm,42-37-81-15-41-88-43-74-60-7-59-63-47-95-19-16-50-46-90-77-84-80-24-62-21-75-2-33-56-89-65-82-68-12-20-86-4-94-44-76-17-78-54-79-30-58-97-51-61-39-6-27-10-49-92-26-45-70-23-9-34-53-22-38-73-99-11-1-25-87-40-28-8-64-55-29-14-71-69-13-57-67-85-93-3-83-35-32-100-96-36-48-18-52-5-31-91-72-66-98
Ta100x20,9,5,500,0.9625,0.125,10,2230910291,17000,6613,6358,5979,16.590521086,v2_avx512bw_batch32_exact_perm,42-81-43-89-62-15-78-97-61-63-88-64-95-74-51-41-79-21-50-10-4-60-77-47-80-30-16-85-68-94-17-24-38-90-59-20-19-86-44-7-2-13-22-33-54-75-6-58-83-39-96-40-56-76-46-55-32-3-57-14-71-26-12-65-11-70-25-37-99-1-93-36-73-45-92-27-69-53-29-34-28-87-100-23-8-84-9-31-18-52-49-82-67-5-35-48-72-66-91-98
Ta100x20,9,5,500,1,0.025,1,2230901210,17000,6612,6358,5979,16.669612939,v2_avx512bw_batch32_exact_perm,42-81-41-88-43-15-62-60-50-7-94-80-86-47-22-89-90-21-37-74-19-65-77-75-78-44-46-54-63-97-17-84-30-33-12-79-57-51-39-2-95-6-10-4-38-59-23-26-56-32-68-16-73-24-25-3-11-58-82-49-61-40-87-14-27-92-76-71-34-8-1-45-20-53-64-29-13-66-83-69-55-93-99-31-100-70-28-9-48-36-85-67-52-96-35-72-18-5-91-98
Ta100x20,9,5,500,1,0.025,2,2230902219,17000,6645,6358,5979,16.371672148,v2_avx512bw_batch32_exact_perm,42-81-88-15-43-89-50-62-78-60-2-46-41-95-63-12-20-80-16-90-21-97-33-94-77-10-47-51-57-54-24-74-84-79-30-7-73-19-27-92-75-59-64-38-86-11-68-25-34-44-4-55-61-56-83-65-22-23-58-39-87-26-6-17-76-40-37-82-70-53-71-14-35-99-93-32-8-36-3-45-29-9-31-49-48-69-28-96-1-13-85-52-67-18-100-66-72-5-91-98
Ta100x20,9,5,500,1,0.025,3,2230903228,17000,6666,6358,5979,16.791464325,v2_avx512bw_batch32_exact_perm,42-81-50-46-15-43-63-37-74-60-65-17-62-59-80-41-75-12-95-89-78-33-94-23-90-47-88-2-77-30-22-21-97-16-79-10-26-7-13-4-39-20-61-86-38-76-92-58-56-27-69-51-44-19-57-71-53-73-11-34-87-25-1-8-54-49-29-82-100-84-85-6-31-3-14-64-32-18-24-55-93-67-66-28-83-9-36-45-68-48-99-40-96-70-52-35-72-5-91-98
Ta100x20,9,5,500,1,0.025,4,2230904237,17000,6608,6358,5979,16.704563289,v2_avx512bw_batch32_exact_perm,42-81-43-41-2-16-15-95-7-62-89-80-90-97-88-50-21-34-47-60-78-46-33-19-63-44-65-24-55-94-68-38-79-12-74-4-86-39-6-54-77-30-17-22-59-51-20-76-27-56-45-23-26-25-10-3-82-84-37-14-1-75-71-61-40-11-8-49-9-57-58-69-83-73-13-28-70-36-100-29-92-64-99-18-53-93-87-85-31-32-48-35-67-52-96-91-5-72-66-98
Ta100x20,9,5,500,1,0.025,5,2230905246,17000,6617,6358,5979,16.402766148,v2_avx512bw_batch32_exact_perm,42-81-43-15-62-86-89-65-50-60-78-46-74-80-88-41-7-61-75-33-19-16-73-63-94-95-76-97-39-47-22-37-90-24-30-56-51-54-79-26-58-77-2-6-59-14-83-4-11-20-12-27-21-44-87-23-38-70-9-10-31-68-25-18-84-82-57-3-28-69-17-36-49-99-64-8-92-40-53-34-55-35-29-32-71-100-85-5-93-1-13-67-45-52-48-96-72-66-91-98
Ta100x20,9,5,500,1,0.025,6,2230906255,17000,6631,6358,5979,17.094768284,v2_avx512bw_batch32_exact_perm,42-81-15-62-50-78-41-43-7-79-16-61-51-30-88-37-68-63-95-60-21-77-89-76-6-47-38-90-97-40-4-75-86-74-80-2-12-33-56-65-34-46-22-54-23-1-17-94-57-10-59-44-27-58-99-20-39-14-19-25-69-84-26-82-31-3-73-11-29-49-13-28-71-53-9-70-83-45-24-8-64-36-87-92-32-93-55-18-85-67-100-48-35-96-52-5-91-72-66-98
Ta100x20,9,5,500,1,0.025,7,2230907264,17000,6582,6358,5979,17.031385533,v2_avx512bw_batch32_exact_perm,42-81-88-43-50-15-89-78-16-60-41-62-80-74-65-10-47-79-46-94-63-21-90-33-7-59-95-57-4-12-19-97-51-44-61-73-26-58-77-17-38-86-2-75-30-34-20-24-6-54-27-22-23-11-39-76-25-71-92-40-84-87-82-56-68-14-55-29-18-32-70-3-83-45-37-69-100-1-9-36-53-99-52-31-13-49-28-93-64-85-67-8-35-48-96-5-91-72-66-98
Ta100x20,9,5,500,1,0.025,8,2230908273,17000,6610,6358,5979,16.510603632,v2_avx512bw_batch32_exact_perm,42-81-37-89-16-74-60-43-78-15-80-50-30-62-97-63-88-90-95-21-75-41-59-7-94-33-46-44-12-77-84-22-47-79-24-54-73-61-19-65-26-25-38-56-4-68-3-76-86-10-83-2-51-58-34-27-6-11-23-99-14-39-9-28-57-100-53-29-82-40-17-20-70-71-1-85-8-31-49-13-32-93-69-35-87-92-55-67-45-64-36-52-18-5-48-96-72-66-91-98
Ta100x20,9,5,500,1,0.025,9,2230909282,17000,6641,6358,5979,16.730637314,v2_avx512bw_batch32_exact_perm,42-81-78-15-74-50-43-60-88-37-80-22-62-75-95-51-41-63-97-39-38-68-7-83-94-19-20-89-10-21-16-33-79-47-90-77-4-12-54-46-59-86-61-17-30-65-25-76-14-2-3-84-1-26-56-82-69-70-92-11-100-24-23-73-9-99-57-71-27-58-85-87-34-29-40-44-45-36-53-8-66-6-18-28-49-55-32-31-48-67-93-96-13-52-64-35-5-72-91-98
Ta100x20,9,5,500,1,0.025,10,2230910291,17000,6621,6358,5979,16.805621904,v2_avx512bw_batch32_exact_perm,42-81-43-78-50-90-88-41-7-59-62-46-15-89-60-79-95-16-74-21-61-47-80-33-2-4-38-12-94-20-97-37-68-56-30-86-10-51-63-14-73-25-34-13-75-19-44-65-71-77-55-24-76-26-11-58-6-84-45-99-29-70-39-83-17-54-3-57-22-40-52-23-69-82-8-67-1-64-27-49-53-36-28-31-85-93-92-100-32-9-87-96-35-48-18-5-91-72-66-98
Ta100x20,9,5,500,1,0.05,1,2230901210,17000,6671,6358,5979,16.655185706,v2_avx512bw_batch32_exact_perm,15-81-7-43-88-41-50-78-63-42-80-90-33-46-4-62-44-89-74-95-97-94-12-61-47-26-51-30-14-21-24-10-73-68-75-38-27-60-19-83-59-54-16-77-76-71-39-82-25-56-17-34-92-2-57-40-23-84-64-79-58-70-1-37-29-86-20-55-65-28-99-22-93-35-32-31-85-49-11-3-45-52-8-48-69-87-67-36-100-13-53-6-18-72-9-96-91-5-66-98
Ta100x20,9,5,500,1,0.05,2,2230902219,17000,6629,6358,5979,16.871570957,v2_avx512bw_batch32_exact_perm,42-81-15-16-37-80-62-89-59-43-63-79-46-50-86-65-95-54-41-97-30-47-61-94-58-60-51-78-44-90-12-24-56-4-76-77-21-75-22-57-74-7-20-38-64-26-2-25-83-53-39-33-87-17-27-92-19-84-82-45-70-71-68-10-40-66-6-34-3-23-88-49-8-99-13-73-28-11-29-14-9-69-31-36-93-18-32-55-67-100-85-1-52-48-96-72-35-5-91-98
Ta100x20,9,5,500,1,0.05,3,2230903228,17000,6644,6358,5979,16.829694785,v2_avx512bw_batch32_exact_perm,42-81-50-41-43-15-90-59-88-78-89-62-65-95-75-68-80-63-74-94-16-47-21-97-30-20-37-60-7-58-79-38-12-46-54-33-86-82-4-19-77-61-6-51-26-17-10-55-69-14-22-39-73-31-44-23-87-83-70-24-27-53-40-56-36-2-3-28-11-66-9-84-76-92-85-29-64-57-13-71-8-35-25-67-32-99-34-93-49-1-45-18-100-5-48-96-52-72-91-98
Ta100x20,9,5,500,1,0.05,4,2230904237,17000,6651,6358,5979,16.249576176,v2_avx512bw_batch32_exact_perm,42-81-88-78-37-59-41-89-80-75-50-60-46-12-47-62-86-65-63-79-43-15-74-90-61-58-95-19-54-4-16-94-30-22-57-68-97-7-55-38-2-24-51-21-6-39-20-17-77-23-10-33-56-31-3-14-87-34-73-99-26-11-82-27-84-44-1-40-8-25-53-29-18-69-32-83-76-64-92-66-100-85-70-49-13-93-71-52-35-45-28-9-96-5-36-72-48-67-91-98
Ta100x20,9,5,500,1,0.05,5,2230905246,17000,6649,6358,5979,16.391717789,v2_avx512bw_batch32_exact_perm,42-81-43-15-88-50-41-65-97-7-78-74-80-46-63-90-47-79-89-59-61-95-16-30-56-4-84-21-70-75-62-51-19-60-86-33-92-94-26-6-2-17-76-10-77-82-73-9-58-22-38-40-23-54-69-24-39-1-83-13-11-20-12-71-99-25-68-27-34-44-8-14-57-55-49-87-36-31-37-66-32-29-85-100-93-64-3-53-18-45-67-28-96-72-52-35-91-48-5-98
Ta100x20,9,5,500,1,0.05,6,2230906255,17000,6612,6358,5979,17.065607164,v2_avx512bw_batch32_exact_perm,42-81-50-43-88-74-41-62-95-78-51-89-15-60-79-97-47-65-16-80-54-19-12-4-46-94-59-77-10-38-90-20-63-57-27-39-23-61-70-44-25-76-7-33-75-37-21-11-73-71-86-30-58-17-82-3-14-56-26-53-6-24-68-49-55-2-31-8-92-45-84-22-18-32-83-29-99-100-9-87-40-35-67-13-34-69-36-1-28-93-5-64-85-52-48-96-91-72-66-98
Ta100x20,9,5,500,1,0.05,7,2230907264,17000,6652,6358,5979,17.82316007,v2_avx512bw_batch32_exact_perm,42-81-50-43-15-41-16-59-90-62-89-60-46-80-33-88-75-21-95-7-10-47-34-74-19-63-73-76-97-22-65-37-38-4-68-84-78-79-12-55-94-30-86-26-54-82-56-83-51-9-85-58-17-92-57-14-77-70-61-71-99-40-2-24-39-23-11-44-69-1-100-27-25-29-20-87-36-49-3-53-8-48-67-45-28-13-93-32-35-64-96-6-31-18-52-72-5-91-66-98
Ta100x20,9,5,500,1,0.05,8,2230908273,17000,6636,6358,5979,17.122475354,v2_avx512bw_batch32_exact_perm,42-81-15-80-43-50-89-88-60-62-16-10-7-78-95-79-41-90-97-63-37-77-26-65-4-59-33-46-20-24-57-19-61-12-51-94-47-68-17-30-73-6-75-74-21-86-82-38-27-23-87-25-2-56-71-70-54-58-11-14-44-76-34-99-8-49-39-83-13-1-29-40-22-69-55-53-84-28-36-92-100-3-32-31-9-67-93-45-85-18-64-35-5-52-48-96-72-66-91-98
Ta100x20,9,5,500,1,0.05,9,2230909282,17000,6601,6358,5979,17.361131981,v2_avx512bw_batch32_exact_perm,42-81-43-41-88-74-50-37-16-60-89-62-95-47-15-78-77-46-63-7-10-90-80-21-20-97-82-76-65-19-38-64-94-54-39-75-58-44-79-92-33-34-2-57-68-59-73-12-85-4-84-1-61-23-11-25-26-30-17-51-56-86-29-14-24-9-27-3-40-99-22-32-36-100-70-13-83-55-53-18-31-8-45-49-69-71-87-6-28-48-93-67-35-96-5-52-91-72-66-98
Ta100x20,9,5,500,1,0.05,10,2230910291,17000,6637,6358,5979,17.260225898,v2_avx512bw_batch32_exact_perm,42-81-78-41-88-15-59-62-16-7-47-50-90-43-65-97-57-46-80-74-60-24-95-63-56-33-19-89-38-4-39-68-75-44-51-30-84-61-77-10-94-79-86-40-64-54-73-20-76-55-17-71-22-21-3-34-27-82-26-14-58-6-12-18-25-37-69-13-23-29-31-49-11-2-36-70-28-99-8-53-9-92-100-45-85-5-67-93-87-32-83-91-1-52-96-48-35-72-66-98
Ta100x20,9,5,500,1,0.075,1,2230901210,17000,6640,6358,5979,17.621359147,v2_avx512bw_batch32_exact_perm,42-81-62-43-88-15-50-7-41-37-90-75-74-78-95-97-16-80-10-63-46-21-89-77-47-51-79-60-2-33-12-30-19-61-59-27-94-44-38-56-65-82-68-92-6-4-39-26-86-22-24-76-83-70-55-54-17-58-23-45-3-57-8-29-71-11-40-18-53-25-34-73-99-20-14-100-87-49-85-69-36-31-28-1-93-13-32-96-64-91-67-52-84-35-48-5-9-72-66-98
Ta100x20,9,5,500,1,0.075,2,2230902219,17000,6633,6358,5979,17.085700753,v2_avx512bw_batch32_exact_perm,42-81-88-15-62-80-89-95-43-63-20-16-57-97-41-60-77-78-39-75-51-61-10-50-65-24-17-38-7-30-90-19-23-47-54-82-26-44-59-12-79-46-2-34-56-94-69-74-73-21-33-11-76-40-83-84-58-27-86-87-99-4-37-6-9-70-53-8-45-71-52-29-25-3-68-31-85-64-1-14-36-67-32-92-18-28-93-22-5-13-35-49-100-55-96-48-91-72-66-98
Ta100x20,9,5,500,1,0.075,3,2230903228,17000,6621,6358,5979,17.317093745,v2_avx512bw_batch32_exact_perm,42-81-50-43-41-75-77-15-80-62-89-60-74-16-37-79-47-10-88-78-39-56-97-90-12-46-2-19-4-59-58-57-30-84-95-94-20-86-22-11-38-44-68-63-21-17-76-7-33-70-65-55-92-51-34-27-23-87-24-61-6-8-18-82-25-71-32-64-73-54-14-26-3-53-100-36-49-13-1-29-28-40-69-67-99-91-31-83-85-45-48-93-35-96-5-52-9-72-66-98
Ta100x20,9,5,500,1,0.075,4,2230904237,17000,6629,6358,5979,17.297357148,v2_avx512bw_batch32_exact_perm,42-37-89-16-60-15-62-43-81-80-94-41-74-7-88-90-95-47-56-65-24-75-57-10-97-63-33-2-77-4-20-78-46-79-30-27-12-25-19-71-86-83-68-59-84-54-39-23-64-51-92-6-50-70-3-14-38-21-22-85-26-76-49-58-1-82-29-32-61-40-34-69-18-13-17-11-93-44-73-55-31-36-100-99-87-8-9-53-67-45-28-96-52-35-91-48-5-72-66-98
Ta100x20,9,5,500,1,0.075,5,2230905246,17000,6674,6358,5979,17.617498182,v2_avx512bw_batch32_exact_perm,42-81-43-50-63-94-15-24-78-62-88-41-59-26-60-75-33-80-12-95-16-97-79-90-2-51-23-34-20-47-68-74-38-30-21-46-19-10-89-77-84-57-25-53-39-7-65-71-4-61-44-17-14-58-76-37-11-27-54-86-82-3-85-29-22-40-49-1-70-56-99-6-28-32-64-93-69-36-31-83-66-8-55-96-87-18-73-35-92-67-100-48-52-13-9-5-72-45-91-98
Ta100x20,9,5,500,1,0.075,6,2230906255,17000,6647,6358,5979,16.689743762,v2_avx512bw_batch32_exact_perm,42-81-43-63-78-7-62-46-60-15-50-47-41-12-59-2-95-24-61-94-77-84-37-90-80-99-79-89-58-97-16-86-33-65-40-54-17-51-68-73-26-44-30-38-70-25-74-21-27-19-10-23-22-4-75-82-34-85-31-69-83-11-6-49-39-8-76-56-57-88-64-71-20-55-93-53-3-13-32-29-36-92-28-87-35-9-14-45-100-1-67-96-48-52-18-5-91-72-66-98
Ta100x20,9,5,500,1,0.075,7,2230907264,17000,6632,6358,5979,16.669612261,v2_avx512bw_batch32_exact_perm,42-81-50-62-41-43-15-16-78-61-37-7-47-89-80-60-12-77-79-88-97-2-84-30-38-58-33-46-95-56-68-10-4-63-75-57-27-19-65-76-51-94-90-21-22-74-82-44-86-23-71-54-20-100-70-39-53-6-11-59-26-17-34-92-25-73-24-32-99-1-36-31-85-8-3-13-40-49-69-14-87-28-9-55-29-83-18-67-45-52-48-93-64-35-5-91-96-72-66-98
Ta100x20,9,5,500,1,0.075,8,2230908273,17000,6643,6358,5979,16.423396083,v2_avx512bw_batch32_exact_perm,42-43-50-41-81-97-89-78-65-88-15-80-62-47-95-68-56-74-60-10-12-4-90-94-59-75-20-19-16-2-33-46-24-37-61-17-3-38-79-23-7-44-11-82-22-84-27-26-54-40-86-77-21-83-63-51-30-39-14-76-87-36-55-66-92-32-57-34-71-9-70-99-67-49-29-1-13-28-31-8-53-6-93-25-69-73-35-100-45-64-58-85-18-48-96-52-72-5-91-98
Ta100x20,9,5,500,1,0.075,9,2230909282,17000,6628,6358,5979,16.10847328,v2_avx512bw_batch32_exact_perm,42-81-43-15-50-41-88-7-2-78-62-60-77-97-37-16-63-59-86-89-95-79-94-54-19-47-80-90-30-65-68-56-46-83-12-44-27-20-39-74-92-17-38-57-4-22-75-76-23-21-11-13-24-10-51-55-33-85-9-82-8-70-71-73-99-40-14-29-87-3-84-26-1-36-58-61-69-64-28-18-49-31-25-53-93-45-34-48-32-52-100-35-67-6-96-5-91-72-66-98
Ta100x20,9,5,500,1,0.075,10,2230910291,17000,6652,6358,5979,16.745518686,v2_avx512bw_batch32_exact_perm,42-81-50-89-43-97-65-15-78-62-61-12-60-80-37-41-75-51-86-74-7-10-63-24-95-94-79-90-4-33-76-47-73-19-82-25-22-16-38-26-21-44-84-46-68-1-59-64-57-54-39-56-11-23-77-88-14-30-28-49-3-69-58-17-71-2-27-55-8-6-31-53-92-20-87-34-99-100-40-83-9-48-13-85-29-70-32-67-36-96-45-52-93-18-72-35-91-5-66-98
Ta100x20,9,5,500,1,0.1,1,2230901210,17000,6656,6358,5979,17.268889003,v2_avx512bw_batch32_exact_perm,42-43-89-81-63-46-60-62-16-41-59-50-65-97-90-2-24-47-15-61-95-78-4-33-54-38-79-21-19-30-57-12-44-80-75-20-68-64-74-7-51-26-86-94-70-82-84-76-22-39-10-23-58-73-40-56-6-27-36-55-71-31-25-77-69-99-8-34-11-92-13-49-1-37-100-28-3-53-45-14-93-17-83-67-9-85-29-87-88-35-52-32-48-18-72-96-5-91-66-98
Ta100x20,9,5,500,1,0.1,2,2230902219,17000,6647,6358,5979,17.61365691,v2_avx512bw_batch32_exact_perm,42-81-78-89-43-88-50-41-15-60-30-62-80-75-94-2-74-21-45-97-46-63-33-77-51-95-90-12-47-79-38-11-68-22-44-4-59-86-20-19-37-39-65-6-58-26-70-54-82-61-14-16-23-24-73-17-71-10-7-25-18-92-34-36-76-27-57-32-85-55-31-84-3-56-64-99-93-87-29-8-13-28-53-49-35-9-40-69-67-52-1-96-48-72-83-100-91-5-66-98
Ta100x20,9,5,500,1,0.1,3,2230903228,17000,6659,6358,5979,17.107808968,v2_avx512bw_batch32_exact_perm,42-81-15-88-80-43-41-7-90-37-89-75-68-46-86-60-78-63-59-47-94-10-95-30-62-12-19-16-44-64-65-61-97-54-79-77-51-33-74-4-53-26-21-50-84-24-20-39-55-76-38-34-66-17-58-6-27-11-40-82-23-73-22-56-31-36-92-3-28-69-57-32-87-9-14-8-49-99-70-18-83-1-13-2-25-100-93-71-67-85-29-35-48-52-5-96-45-72-91-98
Ta100x20,9,5,500,1,0.1,4,2230904237,17000,6627,6358,5979,17.318410045,v2_avx512bw_batch32_exact_perm,42-81-41-89-43-15-50-80-63-88-16-46-61-60-75-90-97-37-94-62-47-38-65-7-95-68-4-10-20-21-33-12-74-26-59-54-76-56-51-44-99-77-14-78-19-79-84-17-92-55-64-57-39-82-73-66-30-6-71-58-2-34-86-25-27-22-69-32-3-11-24-23-45-53-36-40-67-9-85-29-31-93-49-8-100-87-83-18-1-13-70-96-28-35-72-52-48-5-91-98
Ta100x20,9,5,500,1,0.1,5,2230905246,17000,6662,6358,5979,17.215331814,v2_avx512bw_batch32_exact_perm,42-50-88-81-15-41-62-74-95-89-60-16-97-47-10-75-59-2-24-37-90-21-80-63-82-33-19-78-17-94-38-77-43-12-23-46-7-73-22-54-65-51-79-28-69-68-39-26-34-86-11-76-58-44-61-99-40-4-92-64-49-56-70-30-31-3-55-35-13-20-14-83-8-53-1-29-71-57-96-36-32-6-27-93-9-25-85-87-84-18-67-100-48-45-52-66-5-91-72-98
Ta100x20,9,5,500,1,0.1,6,2230906255,17000,6634,6358,5979,16.800835555,v2_avx512bw_batch32_exact_perm,42-81-43-88-50-15-89-41-80-78-16-97-75-62-60-46-37-59-44-12-47-54-51-95-4-58-90-86-63-33-21-19-10-79-55-17-65-20-38-13-77-94-6-74-2-27-84-61-40-76-7-39-53-73-26-11-83-30-25-1-85-14-68-82-99-24-34-22-49-69-23-29-56-100-3-57-71-92-35-87-18-8-32-67-93-64-45-28-36-9-31-70-48-96-52-5-91-72-66-98
Ta100x20,9,5,500,1,0.1,7,2230907264,17000,6647,6358,5979,16.690341784,v2_avx512bw_batch32_exact_perm,42-81-43-78-88-80-41-50-62-15-47-21-95-74-89-60-2-97-26-61-79-90-7-86-59-33-20-75-63-46-68-82-10-38-56-54-16-65-30-14-94-76-27-39-58-71-92-4-19-23-34-44-17-73-57-77-83-22-37-55-70-51-12-9-99-36-8-6-31-87-1-69-11-45-53-25-40-85-29-64-84-3-32-24-93-35-13-28-48-49-100-96-67-91-18-5-52-72-66-98
Ta100x20,9,5,500,1,0.1,8,2230908273,17000,6655,6358,5979,16.819557639,v2_avx512bw_batch32_exact_perm,42-81-20-62-80-88-78-50-94-15-90-95-89-60-43-7-41-75-97-46-63-19-74-51-30-17-59-33-21-12-16-24-38-2-86-47-76-79-4-54-65-57-82-77-70-32-61-10-84-22-9-99-39-34-40-73-23-71-26-92-28-53-58-69-31-56-27-6-64-68-11-37-1-55-14-83-25-52-93-35-49-8-3-13-85-67-100-87-29-36-44-66-96-45-48-72-18-5-91-98
Ta100x20,9,5,500,1,0.1,9,2230909282,17000,6656,6358,5979,16.941596046,v2_avx512bw_batch32_exact_perm,42-81-50-16-43-15-95-78-62-88-47-90-41-20-80-7-21-97-83-89-94-37-74-60-19-76-30-75-12-63-46-17-38-22-25-54-65-26-79-59-29-56-33-84-13-51-2-61-85-77-4-14-11-40-23-39-99-24-44-57-27-71-10-9-68-86-82-36-58-28-34-100-64-69-3-70-73-18-87-49-6-92-67-53-52-32-8-55-1-96-31-48-45-93-5-35-91-72-66-98
Ta100x20,9,5,500,1,0.1,10,2230910291,17000,6655,6358,5979,16.942542685,v2_avx512bw_batch32_exact_perm,42-81-78-43-41-15-88-89-95-97-80-62-60-50-37-47-63-75-65-77-2-90-21-30-46-33-57-17-4-19-12-94-22-7-74-24-10-79-44-76-38-18-56-86-16-55-59-14-51-26-53-23-3-82-73-25-71-54-84-11-39-68-45-40-83-69-8-49-1-70-99-20-58-27-61-100-92-36-9-93-87-32-34-13-67-6-29-85-31-91-28-96-5-48-35-64-52-72-66-98
Ta100x20,9,5,500,1,0.125,1,2230901210,17000,6657,6358,5979,16.853393835,v2_avx512bw_batch32_exact_perm,42-81-7-88-15-43-65-90-41-59-63-62-78-50-19-80-21-75-89-16-22-51-10-94-37-56-3-60-79-46-12-54-64-33-2-95-97-30-86-84-47-74-4-39-36-68-61-23-87-27-58-73-99-11-76-20-17-70-92-82-57-40-77-55-26-1-25-71-38-53-69-6-44-24-31-28-13-8-49-85-14-29-83-45-18-32-100-48-93-67-5-35-9-52-96-91-34-72-66-98
Ta100x20,9,5,500,1,0.125,2,2230902219,17000,6645,6358,5979,17.363045421,v2_avx512bw_batch32_exact_perm,42-43-81-62-89-88-90-15-2-78-50-19-97-63-16-41-60-4-59-10-80-95-24-21-47-61-7-26-94-33-55-17-74-79-38-82-92-6-30-83-25-53-46-76-73-77-34-68-13-75-84-65-40-87-56-20-22-51-39-11-44-69-54-57-37-23-29-99-70-27-1-12-49-14-8-64-36-86-71-9-35-93-31-48-28-85-18-58-96-3-32-100-67-45-5-52-91-72-66-98
Ta100x20,9,5,500,1,0.125,3,2230903228,17000,6623,6358,5979,16.915093082,v2_avx512bw_batch32_exact_perm,42-81-88-15-62-65-43-41-50-59-89-4-95-47-33-80-90-78-54-79-12-94-46-77-97-63-17-2-60-21-75-16-74-26-38-19-23-10-7-39-11-20-25-44-71-8-56-30-40-84-68-53-76-64-28-86-14-61-73-24-70-31-99-58-57-92-22-34-27-87-37-6-1-69-93-51-55-82-9-83-18-29-100-36-13-85-67-32-3-52-49-45-35-91-48-96-5-72-66-98
Ta100x20,9,5,500,1,0.125,4,2230904237,17000,6653,6358,5979,16.935311444,v2_avx512bw_batch32_exact_perm,42-50-81-88-74-43-94-41-62-7-89-65-80-78-63-15-33-84-86-97-90-47-95-59-68-77-60-4-12-46-79-16-21-1-55-20-38-37-17-10-30-75-40-56-99-22-19-71-27-24-44-39-51-57-2-25-61-58-23-82-26-54-76-34-31-32-6-69-11-3-73-14-8-49-100-13-45-92-36-53-18-87-29-9-83-35-64-28-70-85-93-67-91-52-66-48-5-96-72-98
Ta100x20,9,5,500,1,0.125,5,2230905246,17000,6643,6358,5979,16.839530403,v2_avx512bw_batch32_exact_perm,42-43-50-15-62-81-41-59-88-90-95-47-63-80-97-78-24-60-37-86-89-44-38-7-46-54-2-61-65-75-30-77-33-16-94-19-10-92-4-22-73-57-27-23-87-40-20-51-12-6-39-8-76-74-26-58-17-34-53-55-11-25-21-79-56-14-3-84-31-29-49-70-9-71-28-32-93-68-82-69-64-36-99-85-35-18-100-13-96-1-83-45-67-52-48-5-72-91-66-98
Ta100x20,9,5,500,1,0.125,6,2230906255,17000,6664,6358,5979,17.320558731,v2_avx512bw_batch32_exact_perm,42-81-43-50-15-7-89-47-65-60-62-97-41-63-90-78-80-94-21-46-19-77-44-76-12-59-3-16-95-37-75-30-55-2-4-88-24-22-26-38-10-56-33-39-73-51-17-86-34-54-92-20-79-74-58-71-68-61-13-27-40-6-49-31-64-14-57-23-29-1-70-11-25-100-99-48-87-84-9-82-69-53-28-18-32-93-36-45-83-8-35-96-85-67-52-72-91-5-66-98
Ta100x20,9,5,500,1,0.125,7,2230907264,17000,6647,6358,5979,16.86549129,v2_avx512bw_batch32_exact_perm,42-81-43-88-50-15-37-60-62-16-68-41-59-47-46-80-97-51-24-89-95-30-78-90-61-79-65-6-54-10-74-63-58-4-19-86-84-92-75-26-82-17-21-22-45-77-38-12-34-76-7-3-27-2-57-40-73-55-33-11-14-23-94-69-39-1-36-31-25-100-20-44-87-49-93-9-99-13-53-29-8-85-71-83-28-70-56-32-64-18-96-48-72-67-35-52-91-5-66-98
Ta100x20,9,5,500,1,0.125,8,2230908273,17000,6632,6358,5979,16.602322092,v2_avx512bw_batch32_exact_perm,42-81-43-88-15-78-62-97-46-7-41-50-47-4-60-89-86-95-94-80-57-63-33-84-21-76-10-51-90-77-25-20-59-16-79-65-61-82-55-2-23-74-40-54-38-70-30-73-26-39-68-14-19-12-71-8-75-58-24-92-9-27-17-45-56-6-31-34-28-44-11-32-22-36-53-37-99-93-1-64-87-29-85-100-49-69-91-3-13-83-48-67-18-96-5-35-52-72-66-98
Ta100x20,9,5,500,1,0.125,9,2230909282,17000,6668,6358,5979,17.12700208,v2_avx512bw_batch32_exact_perm,42-88-15-41-50-12-43-16-81-46-90-7-47-63-78-20-2-59-80-97-44-89-65-37-95-77-10-74-38-62-19-21-3-4-60-94-58-34-51-26-33-45-68-14-1-24-75-73-11-84-22-30-55-82-39-86-56-76-79-27-92-61-23-49-54-25-6-87-57-64-71-69-53-18-8-99-17-32-40-91-29-67-36-13-28-85-93-70-100-83-9-31-52-35-5-48-96-72-66-98
Ta100x20,9,5,500,1,0.125,10,2230910291,17000,6643,6358,5979,16.45497451,v2_avx512bw_batch32_exact_perm,42-81-43-89-60-74-90-15-41-50-62-88-37-95-7-63-80-22-65-16-10-13-24-21-76-44-54-46-84-6-94-59-4-68-77-75-47-2-97-38-78-23-30-11-39-34-51-79-69-61-33-12-57-26-25-17-73-29-83-99-87-36-20-56-58-14-9-93-70-27-1-28-55-92-85-3-86-19-18-8-71-82-45-100-40-53-49-31-32-48-67-52-96-72-35-64-5-91-66-98
