group,instance,pop_mult,Ps,pc,pm,rep,seed,G,best_cmax,ub,lb,run_sec,engine,best_perm_1based
Ta100x20,7,1,100,0.85,0.025,1,2230701210,17000,6550,6346,5991,1.44962476,v2_avx512bw_vec32_exact_perm,57-93-22-73-8-88-58-96-85-42-51-80-95-5-21-45-94-48-98-77-89-1-20-91-52-43-12-67-34-46-28-82-97-23-64-79-14-31-65-69-41-19-53-100-84-90-71-62-63-86-27-74-36-6-16-44-59-72-4-32-40-13-7-99-60-92-10-30-50-17-66-47-9-18-26-3-55-33-38-29-2-56-11-54-61-68-24-75-15-49-81-37-39-25-83-87-78-35-70-76
Ta100x20,7,1,100,0.85,0.025,2,2230702219,17000,6559,6346,5991,1.334188064,v2_avx512bw_vec32_exact_perm,49-93-85-80-32-42-39-58-98-67-7-77-51-27-73-19-97-48-88-89-65-94-59-23-55-96-20-31-3-2-95-12-41-43-69-33-91-34-52-71-14-16-13-45-64-90-30-17-44-15-72-47-38-50-83-11-82-37-24-21-22-36-29-62-86-28-87-70-92-79-6-54-84-26-40-66-100-18-56-81-99-74-61-60-8-4-9-46-35-63-5-78-10-53-68-76-1-25-75-57
Ta100x20,7,1,100,0.85,0.025,3,2230703228,17000,6503,6346,5991,1.470876873,v2_avx512bw_vec32_exact_perm,57-96-95-60-67-98-7-64-39-16-49-88-93-85-52-27-43-80-89-28-41-29-78-58-50-62-97-42-84-20-23-12-73-77-51-45-9-36-31-2-72-22-48-14-21-55-34-66-5-8-6-53-33-19-92-32-40-56-91-17-18-13-30-47-65-70-46-69-61-68-44-100-81-90-71-35-11-15-74-79-94-38-24-59-3-82-99-54-86-83-75-4-37-26-87-1-10-76-63-25
Ta100x20,7,1,100,0.85,0.025,4,2230704237,17000,6614,6346,5991,1.824980289,v2_avx512bw_vec32_exact_perm,57-49-95-86-93-30-14-51-23-78-39-13-33-31-53-9-99-41-32-88-73-45-8-72-60-20-43-15-84-27-28-21-77-85-12-58-80-67-29-66-90-91-79-18-98-50-82-97-34-52-6-36-19-81-96-24-70-89-1-16-61-71-94-40-44-2-47-3-100-69-59-38-5-35-55-54-65-26-11-10-48-92-83-37-22-64-56-7-87-42-17-75-62-46-4-25-74-63-76-68
Ta100x20,7,1,100,0.85,0.025,5,2230705246,17000,6567,6346,5991,1.531297778,v2_avx512bw_vec32_exact_perm,49-85-93-67-7-80-91-64-31-95-98-2-100-45-20-58-51-48-33-16-13-61-34-94-66-9-27-21-96-57-99-97-52-71-30-14-69-73-39-88-18-44-50-77-68-86-23-84-62-89-65-29-17-90-41-3-28-54-55-6-60-43-42-59-12-1-22-19-8-72-82-47-92-46-5-76-56-32-11-53-4-79-26-81-36-40-24-15-37-25-75-74-38-87-83-10-63-78-35-70
Ta100x20,7,1,100,0.85,0.025,6,2230706255,17000,6507,6346,5991,1.69964286,v2_avx512bw_vec32_exact_perm,49-96-95-67-83-98-39-51-6-93-59-7-23-94-48-89-58-45-26-82-60-84-34-100-86-73-31-20-22-85-16-44-21-53-33-32-36-27-91-41-74-68-14-43-50-54-61-17-90-19-13-92-30-12-56-64-88-40-52-72-97-11-8-71-55-3-69-28-10-99-80-79-29-2-24-62-66-9-46-65-25-47-5-38-42-77-76-87-37-70-78-18-81-63-1-15-4-75-35-57
Ta100x20,7,1,100,0.85,0.025,7,2230707264,17000,6483,6346,5991,1.700115367,v2_avx512bw_vec32_exact_perm,57-93-85-49-60-67-95-58-2-39-91-41-43-7-36-16-45-51-19-64-97-89-53-5-6-62-82-54-84-66-33-13-27-88-90-73-32-28-86-31-78-29-48-52-55-99-79-18-8-94-40-12-30-21-74-92-96-70-72-20-69-38-26-1-50-34-3-17-22-23-100-46-61-47-98-4-14-81-59-15-56-65-87-42-24-80-71-77-83-37-35-44-11-63-10-75-9-76-25-68
Ta100x20,7,1,100,0.85,0.025,8,2230708273,17000,6500,6346,5991,1.807752582,v2_avx512bw_vec32_exact_perm,57-49-85-93-67-95-30-80-31-42-48-62-91-77-71-64-89-45-97-12-6-43-23-27-60-51-88-19-20-8-84-52-73-99-16-98-94-87-29-21-13-69-72-55-96-36-14-90-82-22-39-41-34-66-3-17-18-5-15-32-1-4-79-38-53-100-81-54-61-10-33-59-24-9-50-28-26-2-92-35-56-44-47-11-46-86-37-83-65-7-25-74-70-40-58-78-63-75-76-68
Ta100x20,7,1,100,0.85,0.025,9,2230709282,17000,6480,6346,5991,1.685003608,v2_avx512bw_vec32_exact_perm,57-49-93-22-100-77-52-64-98-67-72-80-39-45-48-89-58-36-28-84-23-33-44-65-68-94-42-41-43-24-82-59-12-16-19-69-66-79-51-27-95-55-20-3-62-6-88-90-9-14-13-91-40-54-85-8-56-31-29-15-86-34-18-17-61-96-47-35-32-2-1-73-97-46-92-50-37-21-30-60-74-71-70-38-99-53-5-4-26-7-81-11-75-83-87-10-63-78-25-76
Ta100x20,7,1,100,0.85,0.025,10,2230710291,17000,6575,6346,5991,1.890775875,v2_avx512bw_vec32_exact_perm,80-49-76-93-100-51-31-96-85-95-69-39-98-16-43-64-14-67-29-62-12-34-97-21-84-23-42-92-45-1-48-13-73-50-68-55-66-87-99-71-82-86-91-88-30-33-60-11-22-19-54-27-59-7-94-75-17-52-38-20-72-8-47-65-28-24-90-77-89-3-56-6-37-18-5-70-32-35-79-41-2-53-36-10-9-46-61-26-81-25-15-44-74-83-40-58-4-63-78-57
Ta100x20,7,1,100,0.85,0.05,1,2230701210,17000,6552,6346,5991,1.733268421,v2_avx512bw_vec32_exact_perm,93-30-39-49-60-19-88-51-59-94-50-58-73-16-41-77-64-89-62-65-31-7-67-82-22-98-95-85-27-99-96-17-42-38-28-29-13-21-43-11-69-54-36-84-91-34-20-46-9-71-80-6-45-23-40-66-37-2-63-100-10-3-79-12-33-32-8-72-55-70-48-26-53-83-86-44-18-74-1-61-15-92-14-5-56-52-81-25-97-87-76-47-24-90-4-68-35-57-75-78
Ta100x20,7,1,100,0.85,0.05,2,2230702219,17000,6520,6346,5991,1.721937036,v2_avx512bw_vec32_exact_perm,57-96-39-51-93-85-67-98-48-80-31-83-16-59-77-33-52-36-12-20-84-95-73-28-24-23-19-89-58-41-42-6-53-40-66-60-27-32-79-43-2-90-91-18-7-82-34-55-15-5-97-13-21-45-26-44-69-72-17-38-9-14-92-46-71-64-3-29-78-11-22-87-54-94-99-50-30-100-62-10-86-56-47-61-88-49-25-4-70-81-65-8-63-37-75-74-68-1-35-76
Ta100x20,7,1,100,0.85,0.05,3,2230703228,17000,6563,6346,5991,1.70434409,v2_avx512bw_vec32_exact_perm,57-49-93-7-39-84-59-95-67-41-29-80-52-91-34-6-43-60-19-64-89-85-28-13-21-69-62-58-40-73-16-26-45-51-20-97-98-32-50-82-87-23-14-3-12-77-53-5-66-33-54-31-4-72-76-17-96-55-99-18-1-2-38-79-15-27-61-88-68-100-44-94-71-47-56-92-70-22-36-30-90-48-65-9-74-42-37-81-46-8-24-35-86-83-75-11-10-25-78-63
Ta100x20,7,1,100,0.85,0.05,4,2230704237,17000,6562,6346,5991,1.632917743,v2_avx512bw_vec32_exact_perm,49-80-95-57-45-58-73-14-26-20-93-67-88-94-59-98-42-84-6-97-96-82-61-100-85-52-90-31-28-24-23-48-71-41-47-33-32-72-78-39-34-22-27-53-40-16-55-43-92-89-91-62-50-69-79-36-30-19-4-18-5-87-8-51-46-17-15-64-2-37-65-29-74-38-21-1-81-3-11-13-99-12-77-66-83-44-54-56-60-75-9-35-10-86-63-7-70-76-25-68
Ta100x20,7,1,100,0.85,0.05,5,2230705246,17000,6547,6346,5991,1.756664579,v2_avx512bw_vec32_exact_perm,57-85-49-39-80-93-67-42-7-62-95-45-31-51-91-13-6-41-59-94-48-78-58-50-33-60-52-19-34-47-38-26-1-18-96-53-12-5-20-89-72-100-71-56-77-64-23-84-2-21-55-36-79-14-75-10-73-43-25-88-40-97-9-65-92-82-16-30-29-69-90-46-28-8-22-74-27-15-4-86-44-35-81-99-83-68-24-11-3-61-66-32-54-87-17-63-37-98-70-76
Ta100x20,7,1,100,0.85,0.05,6,2230706255,17000,6518,6346,5991,1.555672205,v2_avx512bw_vec32_exact_perm,93-49-83-39-51-91-34-13-89-26-88-14-58-62-94-33-67-45-43-95-16-6-96-82-41-97-72-21-86-61-25-98-84-100-59-12-20-53-52-85-64-36-38-32-19-23-29-99-78-2-1-50-9-31-66-40-17-22-5-42-69-90-71-18-8-79-46-30-15-3-47-27-76-60-74-68-55-48-73-28-81-77-35-11-54-44-4-37-56-92-7-70-65-87-24-80-10-63-75-57
Ta100x20,7,1,100,0.85,0.05,7,2230707264,17000,6523,6346,5991,1.651530854,v2_avx512bw_vec32_exact_perm,57-49-78-96-95-58-94-67-100-84-20-2-33-7-25-37-24-34-14-32-23-88-64-98-45-48-80-91-12-97-85-77-89-73-11-31-18-79-41-16-65-61-21-51-46-72-99-59-47-3-13-27-92-6-54-69-60-5-53-71-36-19-87-70-22-26-40-39-75-8-56-42-55-43-52-66-17-62-38-28-29-50-1-90-82-44-93-9-10-63-15-86-4-30-81-83-74-35-76-68
Ta100x20,7,1,100,0.85,0.05,8,2230708273,17000,6528,6346,5991,1.44085136,v2_avx512bw_vec32_exact_perm,57-96-83-95-67-100-80-94-43-31-7-42-99-16-86-88-23-49-93-14-85-48-91-64-1-51-39-55-20-89-45-13-28-21-34-22-71-17-41-6-84-62-54-61-73-12-90-26-97-77-98-53-35-81-9-92-33-5-3-32-29-8-36-47-15-27-59-46-65-87-18-10-24-40-30-38-72-69-11-60-75-19-2-79-4-66-58-37-82-74-52-56-68-50-44-70-78-63-25-76
Ta100x20,7,1,100,0.85,0.05,9,2230709282,17000,6505,6346,5991,1.506478619,v2_avx512bw_vec32_exact_perm,57-49-93-85-67-70-19-58-60-98-39-96-48-77-51-66-27-45-82-23-24-20-73-16-14-33-32-34-97-31-29-54-44-8-95-38-91-17-88-65-43-94-99-75-62-72-86-28-47-6-69-59-3-64-74-26-7-89-2-55-18-13-61-40-42-79-100-52-41-53-56-22-71-68-84-36-90-5-4-87-50-12-92-21-1-46-76-9-10-30-15-35-81-11-80-83-37-63-25-78
Ta100x20,7,1,100,0.85,0.05,10,2230710291,17000,6514,6346,5991,1.494415276,v2_avx512bw_vec32_exact_perm,57-49-85-93-39-80-67-88-73-16-83-77-54-91-45-43-51-94-27-98-48-84-62-36-6-42-25-97-33-44-8-21-12-53-41-95-9-65-20-31-29-89-47-28-14-13-37-71-82-99-55-3-61-5-70-96-63-74-22-68-100-30-92-69-59-52-79-46-64-19-90-34-58-2-50-66-7-15-11-60-81-75-72-18-56-1-10-38-32-23-87-26-86-4-35-24-40-17-76-78
Ta100x20,7,1,100,0.85,0.075,1,2230701210,17000,6421,6346,5991,1.495997261,v2_avx512bw_vec32_exact_perm,57-85-93-58-60-39-67-7-62-19-48-50-49-91-94-84-99-28-43-64-47-96-61-86-2-34-73-12-44-16-23-97-31-27-72-13-51-87-14-21-45-53-20-95-32-8-37-88-36-55-18-30-92-100-89-6-41-54-71-17-38-26-29-33-77-3-11-82-22-79-4-63-74-40-98-42-81-90-69-56-52-59-24-65-46-15-9-35-70-5-25-1-10-66-75-83-80-68-78-76
Ta100x20,7,1,100,0.85,0.075,2,2230702219,17000,6538,6346,5991,1.445575477,v2_avx512bw_vec32_exact_perm,83-95-49-100-59-93-77-67-94-98-51-13-42-45-39-34-31-72-80-62-24-17-73-97-12-79-16-43-2-20-60-9-84-66-85-99-89-19-82-36-28-47-96-64-6-91-69-37-48-50-68-55-14-23-38-29-78-22-1-21-25-32-92-7-41-65-88-35-44-11-15-5-71-53-27-3-70-56-30-18-46-33-52-8-81-54-61-86-26-90-75-74-76-4-87-40-58-10-63-57
Ta100x20,7,1,100,0.85,0.075,3,2230703228,17000,6491,6346,5991,1.438948623,v2_avx512bw_vec32_exact_perm,57-93-73-67-31-7-49-42-88-100-96-51-39-84-58-85-60-99-83-98-32-11-91-62-50-48-19-59-86-16-27-43-72-41-89-12-97-79-95-81-3-80-14-75-33-10-53-38-21-94-56-61-47-36-92-55-71-4-28-6-23-52-34-13-29-8-37-20-82-45-22-69-26-90-15-30-2-44-17-64-5-18-54-87-77-40-66-24-35-65-74-9-46-68-63-1-78-70-76-25
Ta100x20,7,1,100,0.85,0.075,4,2230704237,17000,6532,6346,5991,1.40654781,v2_avx512bw_vec32_exact_perm,57-78-96-95-30-80-20-7-83-98-42-67-51-64-45-31-60-58-13-32-23-94-89-85-48-19-88-21-93-53-55-73-91-33-62-16-43-18-86-29-61-92-47-5-26-82-84-28-38-72-69-68-66-17-59-79-6-2-36-27-40-97-71-90-100-41-12-44-74-34-14-22-39-3-11-8-65-77-87-50-99-54-9-4-1-10-46-52-56-25-15-81-24-37-63-35-76-75-49-70
Ta100x20,7,1,100,0.85,0.075,5,2230705246,17000,6480,6346,5991,1.55771938,v2_avx512bw_vec32_exact_perm,57-93-100-49-95-33-58-94-80-19-32-97-73-48-59-31-62-91-29-39-45-51-20-98-64-16-84-23-67-17-50-54-27-71-8-89-72-13-34-69-14-44-60-92-79-87-88-38-28-21-7-25-11-52-99-96-12-30-42-41-22-90-82-3-61-47-77-36-37-6-43-65-55-56-18-2-26-53-85-15-75-10-66-81-40-1-46-4-63-74-5-68-83-86-24-78-9-35-70-76
Ta100x20,7,1,100,0.85,0.075,6,2230706255,17000,6478,6346,5991,1.335291256,v2_avx512bw_vec32_exact_perm,57-85-80-93-30-95-67-100-48-42-77-45-51-50-98-58-28-13-34-20-29-23-16-11-41-89-88-94-73-49-12-39-44-31-62-82-91-69-84-8-66-6-60-96-92-17-61-54-72-19-33-63-22-97-79-14-59-21-27-3-46-43-55-40-64-32-37-36-2-74-65-87-25-47-18-5-53-26-38-7-99-71-90-86-4-83-9-68-56-52-81-15-24-1-35-10-75-78-70-76
Ta100x20,7,1,100,0.85,0.075,7,2230707264,17000,6560,6346,5991,1.385834661,v2_avx512bw_vec32_exact_perm,57-7-60-64-51-73-67-31-94-98-52-85-93-43-58-42-21-13-84-28-82-8-86-39-89-45-6-97-14-16-33-12-9-66-19-23-29-88-34-2-62-24-20-77-48-87-18-22-59-79-83-92-41-47-95-32-5-35-71-81-49-3-72-50-90-26-74-55-69-61-15-36-44-68-27-17-38-96-91-63-100-30-56-53-40-54-37-4-1-11-10-99-46-65-70-25-80-75-78-76
Ta100x20,7,1,100,0.85,0.075,8,2230708273,17000,6506,6346,5991,1.491148075,v2_avx512bw_vec32_exact_perm,57-49-93-22-95-67-59-77-62-91-20-85-18-29-43-14-64-98-8-12-96-6-33-69-94-51-97-2-19-89-72-17-44-21-66-82-45-32-26-55-88-54-58-36-80-30-4-71-42-41-47-37-46-90-16-65-84-99-11-28-7-13-31-61-53-100-40-79-9-83-38-15-39-27-3-75-34-1-73-68-24-92-48-23-81-50-60-52-87-5-56-35-10-25-86-78-63-74-70-76
Ta100x20,7,1,100,0.85,0.075,9,2230709282,17000,6544,6346,5991,1.316726739,v2_avx512bw_vec32_exact_perm,57-93-85-49-100-80-31-16-43-20-86-94-58-91-48-39-84-83-9-36-19-64-45-2-67-23-88-15-30-82-65-55-97-34-28-8-21-13-89-72-99-24-79-6-60-77-7-70-3-44-73-12-11-17-96-22-95-68-41-92-32-27-87-46-53-71-90-50-51-47-66-18-40-69-5-61-42-56-54-37-25-62-29-38-52-75-33-14-98-10-59-26-74-81-76-63-4-35-1-78
Ta100x20,7,1,100,0.85,0.075,10,2230710291,17000,6491,6346,5991,1.523040229,v2_avx512bw_vec32_exact_perm,57-49-85-93-7-80-42-94-96-51-98-39-41-16-43-89-28-48-22-30-8-29-95-34-13-27-67-88-36-12-26-23-87-14-47-45-71-60-11-73-31-9-24-82-19-97-21-55-90-20-84-91-40-99-86-100-74-62-6-38-59-65-17-32-79-69-3-18-77-61-92-46-72-33-2-44-58-70-64-81-56-5-25-53-4-63-37-54-10-50-35-78-15-1-83-52-66-76-75-68
Ta100x20,7,1,100,0.85,0.1,1,2230701210,17000,6543,6346,5991,1.372797729,v2_avx512bw_vec32_exact_perm,57-49-83-93-85-51-31-95-94-67-12-89-82-45-73-32-16-19-27-30-96-58-2-78-29-62-65-98-61-77-39-48-33-34-84-88-60-52-47-97-18-8-69-22-43-24-5-59-20-3-72-50-14-100-92-55-79-11-41-28-74-46-21-13-64-37-81-42-17-26-86-38-40-35-4-53-99-7-44-10-71-90-23-75-6-36-15-1-9-66-54-80-91-56-68-63-87-70-76-25
Ta100x20,7,1,100,0.85,0.1,2,2230702219,17000,6546,6346,5991,1.524565867,v2_avx512bw_vec32_exact_perm,57-49-80-95-93-30-60-45-19-7-73-67-13-31-29-23-64-28-78-84-6-43-2-39-62-89-58-41-91-48-77-69-97-88-99-53-100-51-16-20-85-46-61-92-34-94-55-68-65-15-81-66-21-17-32-96-25-72-47-86-14-22-11-74-5-71-59-33-3-12-82-36-52-79-8-27-18-87-42-24-40-75-35-90-83-44-56-50-98-70-38-37-76-9-54-10-26-4-1-63
Ta100x20,7,1,100,0.85,0.1,3,2230703228,17000,6508,6346,5991,1.38125114,v2_avx512bw_vec32_exact_perm,57-49-85-93-97-67-100-48-91-51-98-39-42-96-84-90-89-17-60-31-58-5-95-13-9-26-69-73-45-64-50-19-11-22-34-16-43-66-99-28-8-15-29-41-61-72-56-32-59-7-14-20-2-12-80-37-82-75-33-77-3-6-54-79-94-10-21-1-24-40-92-30-18-47-71-53-86-65-36-55-23-4-46-35-25-44-27-62-88-52-81-83-78-38-63-74-68-87-70-76
Ta100x20,7,1,100,0.85,0.1,4,2230704237,17000,6510,6346,5991,1.322394789,v2_avx512bw_vec32_exact_perm,57-49-93-83-72-94-80-51-39-98-95-20-30-45-48-97-67-96-88-82-60-61-64-34-12-73-16-43-29-62-91-79-26-42-13-84-36-21-52-6-99-77-47-3-85-38-100-89-33-54-50-19-22-11-74-2-86-75-23-4-59-69-41-71-10-53-28-8-90-31-9-35-17-14-32-37-76-44-7-87-15-27-66-55-18-56-70-5-68-92-24-1-40-65-81-46-58-78-63-25
Ta100x20,7,1,100,0.85,0.1,5,2230705246,17000,6500,6346,5991,1.658959379,v2_avx512bw_vec32_exact_perm,57-22-85-64-93-98-39-67-7-59-89-31-94-27-88-28-62-42-8-91-43-82-30-60-84-54-33-65-48-69-34-61-19-14-13-71-50-77-80-2-36-58-44-16-73-47-72-17-41-90-15-29-21-18-24-87-95-96-32-86-3-11-5-10-53-97-40-6-56-92-46-63-23-51-79-12-49-66-4-55-100-38-45-99-75-26-70-37-25-20-9-81-83-68-74-1-52-78-35-76
Ta100x20,7,1,100,0.85,0.1,6,2230706255,17000,6477,6346,5991,1.516911014,v2_avx512bw_vec32_exact_perm,57-93-77-80-91-85-13-95-27-43-64-6-60-20-16-84-51-98-48-58-41-67-39-97-34-33-82-45-32-21-44-73-96-50-72-65-49-88-26-94-89-90-47-31-29-86-56-12-42-9-69-59-14-38-19-79-99-100-53-46-3-52-25-62-30-36-75-71-8-92-55-40-61-17-66-23-4-7-22-28-68-81-54-74-15-1-11-83-5-2-87-18-35-10-24-37-63-78-70-76
Ta100x20,7,1,100,0.85,0.1,7,2230707264,17000,6561,6346,5991,1.342707402,v2_avx512bw_vec32_exact_perm,57-49-22-85-77-67-29-95-43-27-20-88-51-100-97-14-16-32-8-73-31-2-23-15-58-39-41-21-53-26-89-64-55-36-50-12-5-59-42-84-96-54-98-69-6-45-90-91-11-92-93-82-79-66-17-28-7-13-94-3-30-99-63-72-56-46-34-19-86-70-4-62-48-40-61-1-38-47-65-74-80-18-71-52-33-9-10-81-87-83-37-68-24-44-35-78-60-25-75-76
Ta100x20,7,1,100,0.85,0.1,8,2230708273,17000,6564,6346,5991,1.531937295,v2_avx512bw_vec32_exact_perm,57-22-89-83-67-42-41-19-88-51-25-12-34-66-27-16-80-98-20-7-48-97-93-9-91-85-99-95-45-94-43-58-36-59-39-13-31-96-32-53-23-64-61-17-40-55-71-4-73-30-15-1-2-38-79-65-82-24-14-75-21-33-86-3-77-62-6-100-29-10-56-8-46-54-47-92-26-28-35-84-11-90-50-52-5-81-49-72-18-87-44-69-60-63-37-78-74-68-70-76
Ta100x20,7,1,100,0.85,0.1,9,2230709282,17000,6577,6346,5991,1.412919595,v2_avx512bw_vec32_exact_perm,57-93-80-60-49-91-45-95-59-31-19-94-96-51-62-64-58-98-67-48-16-85-89-12-73-7-76-5-55-18-79-88-52-20-42-34-13-14-30-71-72-8-84-77-99-36-6-2-53-97-28-47-40-23-3-22-27-39-4-43-17-44-33-54-21-92-24-82-37-50-26-38-100-74-81-41-15-90-69-65-61-68-56-86-29-70-9-46-66-11-32-78-87-83-35-10-1-75-63-25
Ta100x20,7,1,100,0.85,0.1,10,2230710291,17000,6504,6346,5991,1.529479539,v2_avx512bw_vec32_exact_perm,57-83-67-85-88-96-64-80-73-19-93-84-95-6-94-9-48-20-77-55-62-14-58-97-23-31-25-52-89-45-43-60-29-98-82-66-65-74-17-22-26-11-15-71-27-13-47-59-91-32-69-72-100-53-8-99-40-44-42-16-49-35-79-12-34-41-61-92-21-2-86-33-24-90-28-3-30-46-18-7-54-87-39-38-36-1-50-5-78-51-4-81-37-56-10-63-75-68-70-76
Ta100x20,7,1,100,0.85,0.125,1,2230701210,17000,6500,6346,5991,1.379868864,v2_avx512bw_vec32_exact_perm,57-85-80-48-39-89-58-23-31-27-7-94-62-67-17-32-33-95-84-51-14-21-97-88-98-8-100-20-82-22-16-87-79-93-49-73-28-29-90-96-19-12-92-86-6-34-36-41-91-59-13-54-43-30-4-69-38-72-45-5-50-15-78-64-81-42-46-9-74-83-61-2-77-66-55-40-71-44-99-47-60-11-3-26-10-65-18-56-53-68-35-24-70-63-37-52-1-76-25-75
Ta100x20,7,1,100,0.85,0.125,2,2230702219,17000,6491,6346,5991,1.396047532,v2_avx512bw_vec32_exact_perm,57-49-93-95-45-6-16-100-48-7-73-58-94-96-51-88-52-20-85-78-64-28-67-77-60-32-11-91-13-21-29-89-43-12-55-59-72-99-42-41-19-97-84-34-31-18-8-27-90-74-33-62-22-10-69-53-40-82-75-66-1-65-14-50-98-54-30-71-37-70-39-46-63-47-61-15-44-5-3-35-81-83-92-79-2-56-86-26-38-24-23-4-17-9-76-87-36-80-68-25
Ta100x20,7,1,100,0.85,0.125,3,2230703228,17000,6474,6346,5991,1.467149417,v2_avx512bw_vec32_exact_perm,57-49-93-85-95-67-80-60-58-19-48-97-39-86-14-32-33-31-34-8-91-27-16-82-84-99-98-64-75-73-72-62-43-100-45-89-6-78-18-46-9-51-41-52-79-50-71-4-1-13-12-3-59-20-37-69-77-15-55-21-83-92-88-61-11-29-38-26-47-42-7-22-90-23-81-28-2-44-56-63-54-17-30-36-40-65-74-53-66-94-5-68-10-25-96-24-87-76-35-70
Ta100x20,7,1,100,0.85,0.125,4,2230704237,17000,6601,6346,5991,1.445089502,v2_avx512bw_vec32_exact_perm,83-85-51-80-49-60-16-6-95-7-48-67-77-89-24-100-59-41-19-88-34-93-73-84-39-18-28-43-30-47-15-97-57-64-58-96-26-14-17-61-20-32-3-74-27-40-72-23-29-13-62-42-87-50-22-98-1-92-79-82-12-11-33-5-2-53-52-38-21-94-91-81-90-69-8-54-4-37-45-71-25-44-99-56-55-10-86-31-36-65-66-63-9-78-35-70-46-76-75-68
Ta100x20,7,1,100,0.85,0.125,5,2230705246,17000,6507,6346,5991,1.469549188,v2_avx512bw_vec32_exact_perm,93-95-57-49-91-94-51-48-73-60-84-39-65-6-62-13-96-67-33-85-52-88-42-43-64-55-40-89-16-31-17-58-77-14-11-32-66-28-9-72-27-78-19-59-45-8-54-20-29-2-22-79-53-82-36-23-75-83-50-34-41-92-44-26-25-56-61-90-3-12-100-47-86-38-21-10-30-69-99-98-46-7-97-63-37-81-35-18-5-4-87-1-71-15-74-80-24-68-70-76
Ta100x20,7,1,100,0.85,0.125,6,2230706255,17000,6482,6346,5991,1.32976753,v2_avx512bw_vec32_exact_perm,57-93-85-20-95-67-31-7-77-80-48-33-51-58-98-64-97-21-73-12-100-55-96-23-18-43-29-50-62-94-52-5-89-39-49-69-22-34-59-13-4-1-91-15-24-6-79-72-38-17-3-14-27-2-99-19-8-11-86-16-47-92-45-61-60-88-26-90-32-40-65-74-56-10-41-75-87-42-82-46-54-30-66-83-9-81-71-53-36-44-63-37-28-68-84-78-35-25-70-76
Ta100x20,7,1,100,0.85,0.125,7,2230707264,17000,6491,6346,5991,1.501155572,v2_avx512bw_vec32_exact_perm,57-80-85-93-67-100-43-62-89-58-73-29-98-54-87-42-46-19-27-13-21-84-95-88-60-32-30-33-94-97-2-20-64-45-8-34-47-91-31-77-69-72-48-78-6-41-18-17-38-7-53-51-5-71-36-16-66-9-92-55-79-14-50-90-12-37-83-11-22-26-49-74-40-28-86-61-82-3-39-23-24-65-15-1-59-4-52-56-63-96-35-70-44-10-99-81-76-75-25-68
Ta100x20,7,1,100,0.85,0.125,8,2230708273,17000,6527,6346,5991,1.425236169,v2_avx512bw_vec32_exact_perm,49-83-51-73-93-98-48-77-58-96-31-85-60-91-23-64-43-6-16-45-95-59-13-27-9-14-19-24-84-94-82-97-66-79-26-11-12-67-62-3-22-8-92-17-42-30-36-55-21-38-71-7-69-99-100-53-52-20-47-89-44-50-54-88-33-41-72-29-80-61-34-2-35-28-81-15-90-32-46-1-4-37-39-18-86-40-65-87-56-10-63-5-70-76-75-78-25-74-68-57
Ta100x20,7,1,100,0.85,0.125,9,2230709282,17000,6501,6346,5991,1.30400402,v2_avx512bw_vec32_exact_perm,57-49-96-67-7-95-45-51-59-93-85-39-31-33-16-32-60-88-100-13-30-23-14-48-98-89-55-28-53-64-21-36-77-80-65-12-8-74-82-97-91-61-5-6-20-54-17-43-29-18-47-90-84-50-73-3-62-69-22-1-94-19-11-71-79-2-24-40-92-44-26-4-15-58-72-41-66-34-81-46-25-9-27-52-56-10-35-38-63-99-83-37-42-75-86-87-70-78-76-68
Ta100x20,7,1,100,0.85,0.125,10,2230710291,17000,6512,6346,5991,1.101945077,v2_avx512bw_vec32_exact_perm,57-49-85-93-67-77-66-94-89-28-23-64-98-2-21-45-30-91-20-82-97-31-16-34-39-14-43-70-22-61-27-62-8-7-48-58-84-36-73-88-100-3-26-13-32-71-17-53-19-6-1-96-59-72-99-29-15-92-33-38-50-47-52-42-56-69-25-79-51-46-4-11-55-12-18-95-40-65-41-75-86-90-87-60-54-74-76-9-81-83-37-35-80-10-63-5-24-44-68-78
Ta100x20,7,1,100,0.8875,0.025,1,2230701210,17000,6492,6346,5991,1.386119143,v2_avx512bw_vec32_exact_perm,57-49-93-85-16-7-14-80-30-60-43-64-67-41-28-48-96-51-88-59-39-89-45-17-3-19-20-82-98-32-73-95-31-84-94-79-69-83-62-97-21-34-26-47-36-22-53-42-55-8-6-66-12-33-23-71-40-29-58-38-100-9-27-70-92-46-13-68-50-65-77-54-72-99-81-90-91-63-1-61-2-37-11-44-18-52-56-10-24-5-4-87-76-74-25-86-15-75-78-35
Ta100x20,7,1,100,0.8875,0.025,2,2230702219,17000,6518,6346,5991,1.451800831,v2_avx512bw_vec32_exact_perm,57-49-93-95-7-80-83-58-62-67-42-33-97-43-14-48-45-64-86-73-6-51-12-13-85-91-90-88-18-30-15-34-38-100-41-59-31-28-96-32-72-84-23-29-20-11-94-3-65-54-68-47-69-82-66-53-19-36-22-77-89-55-60-98-61-39-40-74-21-5-2-79-10-16-8-99-9-27-37-92-46-71-63-75-17-50-35-56-1-44-52-4-24-26-81-25-78-87-70-76
Ta100x20,7,1,100,0.8875,0.025,3,2230703228,17000,6541,6346,5991,1.316118722,v2_avx512bw_vec32_exact_perm,57-49-93-83-51-80-58-60-67-30-62-45-64-16-88-73-19-40-48-31-12-23-87-100-89-34-24-20-96-82-42-69-61-94-91-44-98-9-14-13-29-39-21-84-8-28-92-43-86-10-56-55-17-36-90-22-33-32-3-95-99-59-41-72-79-52-74-6-15-85-18-27-4-53-54-65-46-47-68-50-37-1-38-77-11-5-26-7-66-2-71-81-97-63-78-35-70-75-25-76
Ta100x20,7,1,100,0.8875,0.025,4,2230704237,17000,6503,6346,5991,1.375167535,v2_avx512bw_vec32_exact_perm,57-49-45-95-20-93-32-100-39-88-51-23-52-96-14-58-13-73-91-85-59-41-54-31-43-42-64-24-7-48-33-82-84-6-97-94-67-21-9-66-29-99-86-34-28-40-65-18-47-16-62-22-72-8-87-46-56-25-79-92-12-30-36-19-2-89-83-44-90-4-55-71-69-3-98-17-38-77-5-35-27-53-15-78-50-70-61-81-60-75-1-10-11-26-74-80-63-37-76-68
Ta100x20,7,1,100,0.8875,0.025,5,2230705246,17000,6628,6346,5991,1.4651016,v2_avx512bw_vec32_exact_perm,57-49-7-80-64-66-93-45-19-16-100-77-62-31-67-94-30-24-95-23-28-44-6-42-43-48-88-73-18-84-79-60-51-39-13-58-99-40-32-96-91-82-92-27-61-2-33-38-29-47-85-46-75-3-89-21-20-83-41-71-4-17-9-55-35-15-5-59-12-97-72-14-87-56-90-98-65-52-53-34-8-37-86-10-26-22-25-69-78-36-54-76-50-81-1-11-68-74-63-70
Ta100x20,7,1,100,0.8875,0.025,6,2230706255,17000,6522,6346,5991,1.366618262,v2_avx512bw_vec32_exact_perm,85-80-93-30-94-67-31-77-34-97-39-6-13-9-95-41-82-22-58-20-86-100-49-99-32-78-27-88-36-28-52-45-8-63-53-23-12-98-19-92-79-14-17-3-64-43-21-72-96-84-69-73-16-61-62-29-26-40-4-48-90-44-7-89-71-47-66-1-91-11-24-37-25-59-65-2-33-18-55-46-50-42-56-51-5-15-87-81-60-74-54-83-38-35-75-70-10-76-68-57
Ta100x20,7,1,100,0.8875,0.025,7,2230707264,17000,6522,6346,5991,1.384487756,v2_avx512bw_vec32_exact_perm,49-93-85-67-58-7-62-91-77-51-1-2-73-19-48-88-32-23-45-41-21-16-29-96-66-64-72-11-24-52-43-14-31-36-8-75-20-27-34-95-17-13-3-42-99-84-61-100-59-46-12-79-97-6-40-94-71-98-89-47-57-39-38-30-18-54-69-60-55-90-22-33-92-4-87-65-26-5-82-53-74-15-28-44-68-50-86-56-10-83-80-81-35-9-70-63-37-78-25-76
Ta100x20,7,1,100,0.8875,0.025,8,2230708273,17000,6555,6346,5991,1.587082012,v2_avx512bw_vec32_exact_perm,57-85-93-80-30-83-64-62-67-31-77-100-51-89-19-88-12-95-14-48-23-50-2-45-66-6-97-16-43-17-59-91-49-94-11-69-27-96-54-63-55-33-28-70-13-65-7-38-21-73-92-29-46-58-15-60-72-79-81-52-3-82-34-8-99-5-53-42-84-36-24-98-39-22-20-26-74-9-10-86-41-61-44-90-18-75-35-56-40-32-37-25-47-68-4-1-71-78-87-76
Ta100x20,7,1,100,0.8875,0.025,9,2230709282,17000,6520,6346,5991,1.351750383,v2_avx512bw_vec32_exact_perm,57-49-30-45-80-93-39-29-62-19-88-27-20-51-97-67-94-31-59-98-16-73-32-77-43-64-84-89-24-36-6-60-34-48-91-86-21-100-69-99-5-18-8-47-14-90-3-82-50-87-37-4-12-17-13-61-71-7-40-58-95-44-85-42-65-23-2-55-92-56-53-41-28-68-66-81-96-38-72-79-46-15-11-83-54-74-26-25-52-22-33-9-35-10-63-75-1-78-70-76
Ta100x20,7,1,100,0.8875,0.025,10,2230710291,17000,6508,6346,5991,1.458372483,v2_avx512bw_vec32_exact_perm,57-49-77-67-94-23-93-85-97-31-51-62-91-27-43-14-16-20-39-88-84-58-21-73-96-82-100-98-50-48-45-66-95-59-89-22-29-69-60-24-40-5-92-19-17-72-63-99-54-47-65-86-18-53-30-36-12-11-28-34-13-74-90-3-42-41-81-80-71-61-7-15-38-1-55-10-33-64-32-79-2-4-6-9-46-70-26-25-37-8-56-52-75-83-87-35-44-78-76-68
Ta100x20,7,1,100,0.8875,0.05,1,2230701210,17000,6499,6346,5991,1.360740425,v2_avx512bw_vec32_exact_perm,57-93-30-94-78-95-58-67-100-45-70-19-84-62-64-6-14-51-12-49-20-23-52-29-82-22-39-69-80-13-27-31-73-77-98-48-61-42-88-41-16-34-97-8-89-55-18-71-46-7-79-36-59-32-99-3-47-25-92-75-1-91-5-50-53-21-54-85-11-96-72-17-86-28-38-90-81-33-26-74-60-4-43-9-10-66-40-83-37-63-65-56-2-87-15-24-35-44-76-68
Ta100x20,7,1,100,0.8875,0.05,2,2230702219,17000,6585,6346,5991,1.406182821,v2_avx512bw_vec32_exact_perm,45-78-83-64-52-85-31-98-51-93-23-16-67-48-41-7-89-58-97-91-34-42-55-82-13-37-19-88-8-18-73-72-50-100-84-26-49-43-14-36-46-32-33-65-53-38-21-77-81-28-90-2-79-92-6-40-12-69-59-39-80-71-15-1-29-24-99-54-61-47-3-94-44-22-95-20-5-11-10-56-27-25-60-74-96-30-35-86-75-62-70-4-87-17-9-66-63-76-68-57
Ta100x20,7,1,100,0.8875,0.05,3,2230703228,17000,6508,6346,5991,1.44026438,v2_avx512bw_vec32_exact_perm,57-93-85-49-67-91-48-73-29-88-60-43-98-39-51-100-45-96-99-58-31-62-97-42-94-7-20-34-69-82-61-19-84-21-90-17-92-89-28-41-33-53-16-5-64-9-72-40-6-14-2-52-44-46-11-22-95-79-32-86-78-36-26-55-65-59-24-13-3-10-18-30-23-8-12-77-70-66-71-25-47-37-1-50-38-27-68-56-83-74-54-35-81-15-4-87-76-63-80-75
Ta100x20,7,1,100,0.8875,0.05,4,2230704237,17000,6555,6346,5991,1.42980678,v2_avx512bw_vec32_exact_perm,57-49-93-1-80-60-29-64-45-51-48-88-73-19-34-96-58-97-39-13-85-61-52-62-82-84-99-27-95-31-47-14-28-21-41-67-12-43-77-89-17-100-38-37-11-91-6-50-98-54-53-7-79-92-18-16-40-33-5-55-2-30-42-20-22-69-59-56-3-94-71-8-72-90-86-36-32-46-65-81-9-26-24-35-15-4-66-74-23-10-87-83-63-70-44-68-76-25-78-75
Ta100x20,7,1,100,0.8875,0.05,5,2230705246,17000,6598,6346,5991,1.477036726,v2_avx512bw_vec32_exact_perm,57-93-96-67-32-77-100-51-6-23-14-98-21-84-60-97-9-76-42-41-11-48-89-88-64-28-12-85-75-49-13-45-73-54-87-91-39-38-94-90-34-92-31-17-16-19-53-30-69-36-20-10-18-55-79-40-22-99-2-58-26-33-29-15-44-43-47-72-78-83-80-52-81-61-3-27-95-56-8-50-35-62-25-1-86-65-71-66-5-7-82-46-4-74-59-63-37-24-68-70
Ta100x20,7,1,100,0.8875,0.05,6,2230706255,17000,6615,6346,5991,1.449493323,v2_avx512bw_vec32_exact_perm,7-39-67-88-25-49-94-51-13-89-73-6-9-22-60-19-93-43-85-92-41-21-64-72-84-23-20-55-32-14-96-99-95-83-58-31-34-62-91-5-29-53-42-8-48-79-54-36-30-24-16-90-3-45-66-69-52-71-80-26-27-33-12-74-59-97-15-17-75-61-40-2-1-10-44-98-100-81-11-38-50-56-77-82-86-65-47-87-18-37-63-46-28-78-68-4-57-35-70-76
Ta100x20,7,1,100,0.8875,0.05,7,2230707264,17000,6543,6346,5991,1.423878295,v2_avx512bw_vec32_exact_perm,57-49-93-95-26-7-80-67-31-42-8-99-24-82-58-97-98-77-23-20-89-94-45-21-84-73-29-62-14-22-43-64-39-88-32-35-33-86-16-72-38-6-36-18-19-9-55-41-3-2-79-51-76-34-13-12-50-90-37-48-53-66-52-5-69-10-28-30-92-81-56-100-15-75-87-61-60-47-85-91-40-59-46-27-4-96-44-11-65-17-25-54-78-71-83-74-68-1-63-70
Ta100x20,7,1,100,0.8875,0.05,8,2230708273,17000,6559,6346,5991,1.41058169,v2_avx512bw_vec32_exact_perm,85-80-93-95-60-89-7-67-94-98-48-22-30-39-37-42-88-64-45-75-62-82-34-13-91-33-58-19-20-53-29-28-54-97-23-18-8-77-21-44-36-24-59-27-12-2-43-41-72-47-73-51-16-66-46-61-56-55-32-92-96-100-74-6-76-84-40-87-10-14-31-49-86-11-71-69-38-15-79-50-65-26-70-35-17-5-90-4-83-81-1-3-99-9-63-52-57-25-78-68
Ta100x20,7,1,100,0.8875,0.05,9,2230709282,17000,6480,6346,5991,1.495457962,v2_avx512bw_vec32_exact_perm,57-49-83-93-85-51-100-48-67-32-36-19-7-84-99-97-31-58-98-77-27-60-43-18-29-79-16-92-69-11-52-13-34-3-42-73-45-2-64-88-54-30-20-72-94-40-17-75-8-26-66-59-96-91-53-21-55-41-61-95-56-70-38-12-23-71-89-6-25-47-37-39-82-9-81-22-15-86-90-14-65-33-10-50-35-24-87-62-28-46-5-4-44-78-63-74-68-1-80-76
Ta100x20,7,1,100,0.8875,0.05,10,2230710291,17000,6536,6346,5991,1.345882615,v2_avx512bw_vec32_exact_perm,57-83-95-98-39-93-9-94-67-77-97-31-100-49-20-84-28-48-12-33-30-51-45-80-91-13-71-50-79-90-54-24-85-99-89-47-73-27-3-18-88-32-17-62-72-43-69-19-59-75-41-53-86-40-23-65-42-36-29-44-11-2-96-61-46-21-8-52-1-16-38-35-55-92-6-64-56-34-58-60-81-15-26-74-25-37-87-14-4-22-68-7-5-78-66-82-10-63-70-76
Ta100x20,7,1,100,0.8875,0.075,1,2230701210,17000,6516,6346,5991,1.408383194,v2_avx512bw_vec32_exact_perm,49-93-39-67-96-6-77-85-32-88-95-80-30-62-64-58-97-14-20-23-12-73-31-84-28-33-100-59-16-43-8-29-48-7-22-51-66-27-42-47-38-21-34-52-46-19-79-94-92-56-89-74-69-13-72-11-65-18-40-71-55-36-2-50-9-24-5-90-91-17-3-44-82-86-63-99-54-41-45-98-4-53-35-10-81-15-60-61-26-75-87-1-37-76-70-78-25-83-68-57
Ta100x20,7,1,100,0.8875,0.075,2,2230702219,17000,6526,6346,5991,1.482328643,v2_avx512bw_vec32_exact_perm,57-49-83-67-7-95-5-98-51-20-85-93-94-30-2-48-27-97-59-45-28-13-89-88-19-42-84-34-73-70-21-16-80-78-69-96-22-100-53-41-52-23-61-11-72-31-77-82-79-24-36-8-66-32-18-40-12-55-37-99-3-39-60-43-29-58-15-50-47-6-91-62-1-38-33-10-44-46-26-86-14-75-17-65-92-9-64-4-56-81-71-35-90-54-63-74-25-87-76-68
Ta100x20,7,1,100,0.8875,0.075,3,2230703228,17000,6523,6346,5991,1.441731476,v2_avx512bw_vec32_exact_perm,57-85-80-49-93-77-67-60-42-84-23-98-48-39-50-7-99-32-97-33-52-62-88-31-58-100-79-91-20-16-41-9-29-8-38-72-89-11-14-24-19-21-86-61-82-13-59-12-96-44-4-69-40-28-95-37-45-47-17-75-18-53-73-51-55-26-36-22-65-90-2-87-10-94-6-43-15-5-63-92-81-3-64-71-1-34-27-35-66-56-30-46-83-54-25-74-70-78-76-68
Ta100x20,7,1,100,0.8875,0.075,4,2230704237,17000,6507,6346,5991,1.369123205,v2_avx512bw_vec32_exact_perm,57-49-95-45-94-80-39-13-67-64-43-93-85-89-88-98-7-42-77-19-59-33-32-73-52-99-84-18-21-1-96-29-23-54-31-11-12-97-51-79-2-20-16-17-30-36-41-72-50-47-91-46-6-40-34-48-86-14-60-53-27-28-8-55-3-26-10-92-44-87-62-69-61-71-70-5-4-9-25-66-81-100-56-82-63-37-90-74-65-58-35-24-22-68-83-15-38-75-78-76
Ta100x20,7,1,100,0.8875,0.075,5,2230705246,17000,6506,6346,5991,1.513888574,v2_avx512bw_vec32_exact_perm,57-85-67-20-16-77-39-84-51-60-95-6-48-73-19-33-98-49-94-31-62-32-24-42-1-79-64-2-53-36-65-89-96-66-27-88-82-21-55-47-91-13-59-12-69-28-46-97-7-11-14-15-45-34-22-100-30-80-40-93-71-17-99-3-92-41-72-58-38-29-23-8-90-18-56-54-63-61-74-9-70-5-86-26-10-43-25-37-52-4-81-87-83-35-44-78-50-68-76-75
Ta100x20,7,1,100,0.8875,0.075,6,2230706255,17000,6495,6346,5991,1.389921754,v2_avx512bw_vec32_exact_perm,57-49-93-95-58-100-51-91-64-19-13-88-6-9-62-39-77-89-28-41-80-48-45-32-20-71-23-67-94-97-87-38-34-31-60-30-99-16-1-53-73-96-29-15-43-14-27-22-86-8-21-72-56-84-25-5-82-52-36-79-42-55-3-47-66-33-12-90-18-24-63-37-40-11-98-2-54-50-17-26-83-44-92-69-59-65-74-7-81-4-46-85-10-61-68-75-78-35-70-76
Ta100x20,7,1,100,0.8875,0.075,7,2230707264,17000,6505,6346,5991,1.518446808,v2_avx512bw_vec32_exact_perm,57-85-93-67-77-7-51-98-64-62-6-89-91-20-96-84-58-94-8-43-72-33-36-42-13-95-31-34-24-80-52-65-16-69-59-99-29-19-88-86-92-27-48-9-46-90-97-22-23-4-17-100-12-3-49-66-45-61-71-41-39-21-55-82-38-28-53-5-30-15-44-47-18-60-87-2-73-79-35-50-26-32-54-11-40-76-81-56-83-37-14-75-25-74-68-1-10-63-78-70
Ta100x20,7,1,100,0.8875,0.075,8,2230708273,17000,6520,6346,5991,1.373649138,v2_avx512bw_vec32_exact_perm,93-85-67-98-39-51-100-48-53-31-60-43-95-64-30-58-96-86-34-14-89-33-19-59-12-13-69-6-97-42-8-2-55-72-99-21-27-16-7-90-22-73-74-62-87-94-75-17-54-20-91-41-9-92-29-66-45-82-57-5-32-28-88-49-46-79-63-3-77-36-18-61-47-44-40-23-4-26-84-65-56-68-70-50-81-15-24-37-52-11-38-71-1-83-35-10-80-78-25-76
Ta100x20,7,1,100,0.8875,0.075,9,2230709282,17000,6511,6346,5991,1.424174326,v2_avx512bw_vec32_exact_perm,93-80-95-57-39-67-45-49-31-42-85-51-17-96-64-98-84-58-73-88-60-32-94-89-33-44-8-65-2-69-59-12-34-76-43-72-97-6-19-41-54-28-53-20-15-79-14-100-55-29-62-71-50-13-90-91-40-48-7-38-22-27-11-92-16-46-21-3-30-66-77-23-36-24-61-4-81-82-37-47-18-26-74-99-9-70-56-75-83-35-86-25-5-52-87-1-10-63-78-68
Ta100x20,7,1,100,0.8875,0.075,10,2230710291,17000,6494,6346,5991,1.489642754,v2_avx512bw_vec32_exact_perm,57-49-93-85-31-7-14-98-43-20-77-80-33-52-58-64-16-89-94-48-66-50-27-6-96-100-62-51-97-88-12-73-91-45-23-30-90-39-65-19-84-8-67-59-3-99-82-95-34-28-17-38-54-35-53-26-18-79-2-41-29-71-47-36-22-92-55-68-37-24-11-61-21-13-69-10-9-42-86-44-56-40-60-1-15-72-5-81-4-46-32-76-63-74-83-87-70-75-78-25
Ta100x20,7,1,100,0.8875,0.1,1,2230701210,17000,6469,6346,5991,1.395935378,v2_avx512bw_vec32_exact_perm,57-49-93-85-64-67-7-51-94-80-22-100-99-98-48-28-41-96-77-23-89-72-39-6-14-62-32-38-29-95-43-45-31-69-76-16-59-44-21-12-34-84-73-90-91-27-88-60-92-30-13-79-82-42-9-19-66-17-8-61-74-40-58-70-65-97-2-33-71-3-55-86-87-18-47-50-54-1-46-26-52-20-37-81-83-53-36-5-11-10-63-4-56-24-15-75-35-25-78-68
Ta100x20,7,1,100,0.8875,0.1,2,2230702219,17000,6446,6346,5991,1.337442227,v2_avx512bw_vec32_exact_perm,57-49-93-30-91-20-95-45-67-85-88-60-51-48-58-94-96-32-43-36-73-19-77-2-39-14-6-92-1-62-24-84-99-21-22-100-8-40-34-97-31-90-12-26-53-23-69-65-61-16-47-89-64-55-59-42-5-3-17-82-13-37-50-71-7-9-52-66-33-29-98-28-81-18-41-15-44-79-4-72-74-38-46-83-75-86-11-54-87-80-27-10-63-56-35-70-78-25-76-68
Ta100x20,7,1,100,0.8875,0.1,3,2230703228,17000,6488,6346,5991,1.472151633,v2_avx512bw_vec32_exact_perm,57-85-80-49-73-93-78-42-7-48-16-84-33-91-58-62-39-20-12-96-72-9-27-19-95-43-34-6-36-64-77-51-14-55-8-97-65-50-47-94-67-52-45-44-82-31-98-86-29-17-18-13-69-21-22-11-3-79-2-59-74-66-32-41-89-56-61-100-24-40-53-46-99-92-5-4-60-26-30-10-90-15-35-81-88-1-38-28-54-71-63-23-87-37-83-75-68-70-76-25
Ta100x20,7,1,100,0.8875,0.1,4,2230704237,17000,6462,6346,5991,1.478379654,v2_avx512bw_vec32_exact_perm,57-49-85-93-95-45-98-100-67-62-58-48-91-94-43-86-19-59-64-97-50-69-13-28-29-51-21-20-84-33-16-32-89-73-88-41-30-17-92-60-75-34-31-7-39-53-80-42-82-55-96-37-24-54-23-66-6-27-40-22-90-3-36-71-8-47-61-5-26-14-87-99-4-2-18-56-12-38-77-65-9-72-46-79-15-11-83-68-81-74-35-10-63-1-52-70-44-76-78-25
Ta100x20,7,1,100,0.8875,0.1,5,2230705246,17000,6563,6346,5991,1.421721004,v2_avx512bw_vec32_exact_perm,93-49-95-100-64-80-88-67-42-48-89-85-31-17-28-29-52-39-96-45-8-30-14-6-54-91-43-41-90-51-65-2-69-34-20-58-82-19-36-9-24-13-37-62-71-70-94-79-22-53-40-27-66-16-84-98-33-92-73-55-23-18-12-26-97-47-38-61-7-11-3-99-83-5-59-32-4-74-77-44-60-35-81-21-15-86-56-72-50-87-10-76-46-63-75-1-78-25-68-57
Ta100x20,7,1,100,0.8875,0.1,6,2230706255,17000,6563,6346,5991,1.466686976,v2_avx512bw_vec32_exact_perm,93-49-95-67-57-83-51-43-60-31-94-41-58-97-89-28-39-82-84-78-33-32-73-7-48-88-54-65-29-69-90-13-64-16-68-34-22-45-66-9-36-5-6-91-71-59-24-3-62-77-26-53-27-47-72-80-55-21-20-85-46-18-23-12-38-92-30-100-96-14-87-42-61-19-40-25-37-17-8-99-2-52-56-98-70-50-10-79-1-35-44-11-76-81-75-15-86-4-74-63
Ta100x20,7,1,100,0.8875,0.1,7,2230707264,17000,6540,6346,5991,1.364928418,v2_avx512bw_vec32_exact_perm,49-93-22-85-51-7-39-45-62-95-67-31-94-88-58-60-19-33-32-8-6-97-89-23-26-50-34-98-29-48-99-36-44-65-16-59-55-43-91-20-53-54-63-11-73-96-75-64-72-100-3-18-79-84-82-17-5-87-42-80-92-27-13-12-61-77-2-90-47-14-9-35-38-41-71-56-81-69-52-37-46-4-15-83-30-66-74-28-70-40-21-24-68-10-86-25-78-1-57-76
Ta100x20,7,1,100,0.8875,0.1,8,2230708273,17000,6519,6346,5991,1.435901718,v2_avx512bw_vec32_exact_perm,57-93-77-80-95-67-12-85-42-23-88-94-73-98-49-48-97-61-100-51-31-64-96-27-43-89-83-44-82-91-6-19-34-92-13-17-29-62-66-53-24-20-9-14-21-41-16-69-37-54-45-32-33-90-3-39-65-87-46-8-28-59-71-84-15-55-60-18-79-99-25-2-30-50-72-36-7-38-70-75-10-40-47-11-5-26-86-4-56-52-63-74-35-81-1-22-58-78-68-76
Ta100x20,7,1,100,0.8875,0.1,9,2230709282,17000,6558,6346,5991,1.349408467,v2_avx512bw_vec32_exact_perm,57-93-49-83-91-43-41-29-7-14-51-39-80-31-62-32-17-36-30-19-64-95-53-89-33-16-27-67-85-88-60-54-6-23-48-82-55-24-73-59-21-97-42-22-13-34-72-77-20-69-75-90-45-94-87-3-99-2-84-100-86-78-61-8-28-40-52-46-11-56-71-25-92-15-81-5-12-47-66-50-9-37-65-1-70-44-18-98-10-96-76-79-63-74-26-38-4-35-58-68
Ta100x20,7,1,100,0.8875,0.1,10,2230710291,17000,6477,6346,5991,1.430431674,v2_avx512bw_vec32_exact_perm,57-49-93-23-80-39-32-85-95-14-48-89-61-58-100-96-67-43-94-54-73-1-31-16-79-26-51-42-47-13-88-98-29-20-97-15-12-78-77-6-66-33-9-45-18-52-84-90-36-19-30-3-99-53-72-27-41-71-92-55-21-38-28-2-87-64-34-91-62-50-44-17-8-22-7-69-37-82-11-46-25-65-59-5-4-74-40-63-81-60-75-56-68-10-86-35-83-24-70-76
Ta100x20,7,1,100,0.8875,0.125,1,2230701210,17000,6478,6346,5991,1.318401468,v2_avx512bw_vec32_exact_perm,57-49-85-93-39-80-67-32-62-94-66-29-58-51-98-64-13-28-30-89-23-27-2-88-91-14-65-43-95-45-19-8-69-34-48-82-20-84-73-31-72-55-100-96-21-59-18-44-7-12-60-90-11-3-77-99-22-74-40-97-10-6-56-15-75-17-9-41-42-16-79-53-46-33-52-76-38-26-50-47-87-54-61-68-83-81-71-86-36-1-92-63-37-25-5-4-78-35-24-70
Ta100x20,7,1,100,0.8875,0.125,2,2230702219,17000,6546,6346,5991,1.376698052,v2_avx512bw_vec32_exact_perm,57-85-93-60-67-39-16-7-100-34-62-91-43-64-45-98-48-11-42-24-77-80-89-32-96-20-6-95-53-58-36-29-97-86-27-33-72-18-13-21-55-15-1-12-3-44-23-88-4-41-49-30-28-19-82-38-84-94-59-92-35-47-61-31-83-2-79-40-69-90-22-26-74-46-51-99-73-56-52-81-70-10-65-25-14-8-50-5-71-9-66-17-75-68-54-87-76-37-63-78
Ta100x20,7,1,100,0.8875,0.125,3,2230703228,17000,6492,6346,5991,1.432077767,v2_avx512bw_vec32_exact_perm,57-85-67-93-73-31-7-95-58-41-51-14-98-39-48-49-28-80-19-45-84-94-89-59-32-97-20-82-91-44-11-33-13-50-16-27-9-88-69-60-90-54-76-43-77-46-6-65-3-47-62-66-29-55-99-96-61-42-34-79-18-17-52-92-40-81-12-36-21-22-87-100-23-83-68-56-5-2-53-72-8-64-24-37-4-38-30-26-10-86-74-71-35-1-15-63-78-70-75-25
Ta100x20,7,1,100,0.8875,0.125,4,2230704237,17000,6502,6346,5991,1.372674584,v2_avx512bw_vec32_exact_perm,57-49-85-93-80-95-67-42-45-84-73-58-77-98-20-16-64-7-29-97-89-34-14-43-12-91-82-79-23-94-31-47-2-48-65-36-24-1-59-32-28-8-51-41-81-3-92-6-46-40-78-99-71-83-96-19-90-55-52-21-17-5-18-33-22-54-27-74-13-9-25-37-86-4-88-62-53-69-60-30-15-44-61-72-70-39-38-11-100-50-26-87-66-56-68-10-76-63-75-35
Ta100x20,7,1,100,0.8875,0.125,5,2230705246,17000,6458,6346,5991,1.388753974,v2_avx512bw_vec32_exact_perm,57-49-93-73-80-22-39-67-7-62-64-91-45-43-95-58-14-85-20-16-59-32-13-42-88-51-100-12-8-30-21-41-94-99-97-77-72-31-71-84-33-47-61-2-90-28-86-54-50-37-92-6-27-96-87-3-52-11-5-74-26-18-89-69-34-44-36-29-46-98-65-82-4-56-53-19-55-40-17-60-23-48-66-68-24-9-10-38-15-79-83-1-63-81-35-70-76-75-78-25
Ta100x20,7,1,100,0.8875,0.125,6,2230706255,17000,6491,6346,5991,1.339503684,v2_avx512bw_vec32_exact_perm,57-49-93-95-97-67-85-58-48-73-98-4-96-77-84-60-6-90-62-91-64-45-43-22-2-94-20-30-8-37-42-12-13-21-82-27-89-53-61-33-36-19-24-16-59-39-44-15-55-41-34-31-92-29-86-99-72-28-88-40-32-100-79-54-1-14-80-26-47-3-56-70-52-5-50-87-18-17-51-69-9-46-65-7-38-83-23-35-10-66-75-11-74-63-71-25-81-78-76-68
Ta100x20,7,1,100,0.8875,0.125,7,2230707264,17000,6524,6346,5991,1.398884721,v2_avx512bw_vec32_exact_perm,93-49-96-86-58-98-64-67-41-7-91-51-31-39-85-14-20-52-21-45-53-36-32-23-43-95-5-94-59-24-47-42-18-84-13-99-80-28-37-89-29-6-19-73-88-40-48-16-30-60-71-97-55-66-3-17-77-33-54-75-72-65-8-11-26-38-79-69-50-2-90-92-22-44-34-4-82-46-61-12-27-62-87-15-100-74-63-76-81-56-9-35-70-10-25-1-83-78-68-57
Ta100x20,7,1,100,0.8875,0.125,8,2230708273,17000,6496,6346,5991,1.284066465,v2_avx512bw_vec32_exact_perm,57-93-60-67-48-95-7-58-42-41-43-51-100-91-49-89-73-31-53-99-19-94-12-84-90-28-85-88-27-62-97-52-36-55-16-79-54-6-38-39-56-34-4-96-59-69-22-37-20-32-2-1-64-29-75-82-33-23-14-3-21-77-65-13-30-17-18-92-45-50-15-72-44-11-46-35-24-40-47-66-26-74-25-98-10-87-83-8-71-86-61-81-9-70-5-63-78-80-68-76
Ta100x20,7,1,100,0.8875,0.125,9,2230709282,17000,6455,6346,5991,1.286679995,v2_avx512bw_vec32_exact_perm,57-93-95-45-31-96-58-94-43-39-51-97-42-84-98-48-36-64-27-67-19-11-88-32-34-41-12-91-21-26-49-86-37-14-6-5-82-74-53-89-16-20-22-80-100-33-72-62-55-73-3-71-7-13-38-29-54-61-47-70-85-50-8-92-65-15-79-69-99-46-30-2-24-28-59-77-90-44-52-23-4-66-81-18-87-60-56-63-9-10-35-17-83-1-25-40-76-75-78-68
Ta100x20,7,1,100,0.8875,0.125,10,2230710291,17000,6521,6346,5991,1.278633657,v2_avx512bw_vec32_exact_perm,57-49-93-66-67-88-73-77-80-45-64-58-51-97-31-94-8-16-43-85-99-28-2-89-84-100-23-91-11-19-20-29-47-14-62-21-18-79-6-53-82-36-12-22-7-41-39-59-74-32-13-33-17-3-61-34-15-1-48-26-60-55-96-92-46-30-69-42-38-10-27-5-90-24-78-70-50-65-54-9-81-95-40-72-56-71-83-86-98-44-4-52-87-35-63-37-76-25-75-68
Ta100x20,7,1,100,0.925,0.025,1,2230701210,17000,6463,6346,5991,1.362711418,v2_avx512bw_vec32_exact_perm,57-96-85-93-100-51-94-62-67-9-39-49-88-89-60-1-65-31-58-19-33-16-54-87-64-34-18-84-73-72-13-23-42-74-6-8-91-2-24-82-43-14-79-12-20-53-61-97-95-29-15-44-90-27-11-3-45-92-30-21-48-69-28-55-80-26-41-22-7-38-4-47-5-71-59-66-17-98-10-40-32-77-99-36-81-52-56-63-46-37-50-25-83-75-68-86-78-35-70-76
Ta100x20,7,1,100,0.925,0.025,2,2230702219,17000,6478,6346,5991,1.357056715,v2_avx512bw_vec32_exact_perm,57-49-93-30-66-88-39-96-27-60-67-98-48-94-20-58-41-32-77-23-31-80-42-100-17-97-62-91-84-33-16-78-21-59-72-86-19-15-79-6-14-34-89-64-22-45-29-43-82-85-74-12-90-11-18-92-55-40-69-65-7-13-71-73-70-75-3-99-81-53-95-50-51-28-1-5-38-56-2-35-8-61-26-47-46-24-36-9-83-44-4-54-52-87-10-63-37-25-76-68
Ta100x20,7,1,100,0.925,0.025,3,2230703228,17000,6559,6346,5991,1.517070517,v2_avx512bw_vec32_exact_perm,57-93-49-7-73-31-51-62-95-94-67-45-88-85-48-16-89-20-43-8-61-29-12-41-11-77-19-58-70-96-64-3-65-15-99-74-6-69-60-39-79-52-14-59-84-97-5-18-33-2-30-54-55-90-63-42-66-17-13-28-44-50-72-21-56-53-40-47-91-92-80-26-27-34-38-100-82-81-71-36-9-46-87-83-10-86-32-24-37-78-25-22-23-98-4-35-75-1-76-68
Ta100x20,7,1,100,0.925,0.025,4,2230704237,17000,6541,6346,5991,1.366419678,v2_avx512bw_vec32_exact_perm,57-93-95-7-64-52-45-31-42-97-72-27-67-43-94-48-88-73-51-5-16-14-36-19-24-59-98-89-39-86-20-6-28-62-53-34-13-18-12-30-79-69-21-40-91-84-92-100-11-82-58-60-22-50-3-23-71-77-41-35-55-49-33-2-61-38-47-17-66-96-26-65-29-32-85-15-46-90-74-44-8-99-37-63-56-54-70-75-4-9-76-81-87-1-25-78-10-83-80-68
Ta100x20,7,1,100,0.925,0.025,5,2230705246,17000,6497,6346,5991,1.376650681,v2_avx512bw_vec32_exact_perm,93-95-85-67-94-57-14-43-32-98-60-39-84-49-41-36-58-73-31-97-7-48-61-27-96-28-72-2-44-20-21-30-13-19-33-29-92-77-88-89-51-17-62-91-6-69-79-38-59-24-34-18-42-23-3-55-90-99-46-16-76-63-47-65-53-11-15-100-87-50-45-82-22-8-37-64-4-12-9-71-40-35-54-26-81-66-74-83-70-5-10-56-25-75-86-68-52-1-80-78
Ta100x20,7,1,100,0.925,0.025,6,2230706255,17000,6469,6346,5991,1.330490632,v2_avx512bw_vec32_exact_perm,57-49-93-85-39-51-73-48-31-83-34-45-95-13-6-20-7-58-82-67-100-62-84-88-36-14-32-64-96-61-52-79-69-90-60-43-16-29-41-91-97-30-80-2-66-81-71-33-28-38-47-18-72-44-42-55-11-40-3-19-59-21-94-99-12-77-53-98-8-89-27-46-17-9-92-50-54-1-26-5-15-4-56-74-25-37-70-65-87-22-35-23-63-10-24-75-68-86-78-76
Ta100x20,7,1,100,0.925,0.025,7,2230707264,17000,6558,6346,5991,1.413482534,v2_avx512bw_vec32_exact_perm,57-49-91-7-51-60-67-85-48-73-31-95-45-62-88-100-64-43-18-19-84-59-93-39-41-50-89-61-34-28-2-40-5-16-96-6-92-94-77-52-90-30-14-54-55-66-65-20-23-32-17-44-82-3-13-86-42-79-12-11-97-33-72-8-58-29-38-56-15-78-4-53-24-71-9-36-83-47-26-87-69-46-63-37-80-10-27-68-22-21-81-25-1-99-75-98-74-35-70-76
Ta100x20,7,1,100,0.925,0.025,8,2230708273,17000,6471,6346,5991,1.435382765,v2_avx512bw_vec32_exact_perm,57-49-93-85-45-98-97-42-16-84-66-11-27-91-62-88-19-48-82-22-39-23-67-58-73-7-13-71-43-95-29-89-34-12-8-17-41-36-72-75-59-24-52-20-31-80-100-30-79-69-18-55-21-15-64-9-10-53-38-94-35-51-5-81-92-96-6-2-77-99-61-54-47-14-46-65-25-56-90-32-33-3-70-26-50-87-86-83-37-60-44-28-63-4-74-40-78-1-76-68
Ta100x20,7,1,100,0.925,0.025,9,2230709282,17000,6540,6346,5991,1.403498881,v2_avx512bw_vec32_exact_perm,57-93-30-100-49-7-67-59-19-84-27-64-88-97-89-73-91-33-31-71-34-13-58-80-42-98-45-95-65-43-48-94-51-77-99-87-14-21-12-22-11-92-5-2-29-20-26-69-55-96-6-56-18-79-36-40-24-9-3-82-70-61-16-66-17-60-81-15-50-72-32-85-90-39-53-54-38-86-41-47-37-83-46-75-28-23-8-4-62-52-63-74-44-35-1-10-78-76-25-68
Ta100x20,7,1,100,0.925,0.025,10,2230710291,17000,6481,6346,5991,1.503569737,v2_avx512bw_vec32_exact_perm,57-49-93-73-58-43-94-97-27-16-51-98-85-60-31-39-80-62-32-77-33-20-22-19-47-89-69-45-92-28-21-82-84-95-13-61-48-67-88-100-18-96-24-99-9-66-29-78-1-40-91-25-59-12-71-44-36-6-37-8-42-79-41-55-15-4-75-90-2-14-34-53-86-65-56-26-70-81-3-54-5-63-23-10-50-30-72-64-17-38-7-35-11-83-52-74-87-68-46-76
Ta100x20,7,1,100,0.925,0.05,1,2230701210,17000,6494,6346,5991,1.425841841,v2_avx512bw_vec32_exact_perm,57-85-93-67-16-23-64-32-73-98-58-39-48-33-22-77-42-51-11-97-21-84-65-96-94-1-20-54-9-3-27-88-19-59-95-89-41-72-43-45-99-12-91-7-44-80-36-75-34-92-6-8-46-60-47-31-52-71-69-53-14-37-26-79-55-18-62-50-30-100-13-17-90-15-74-86-61-40-29-82-63-2-5-4-49-83-87-38-10-66-56-24-28-68-25-81-78-35-70-76
Ta100x20,7,1,100,0.925,0.05,2,2230702219,17000,6556,6346,5991,1.432902126,v2_avx512bw_vec32_exact_perm,49-77-51-59-93-95-67-83-6-85-96-52-64-31-45-58-94-19-79-7-80-99-73-2-39-98-16-89-88-41-91-62-61-57-20-40-12-92-17-28-43-22-23-42-29-97-84-82-27-36-100-13-3-90-74-32-34-65-66-55-18-21-53-8-54-24-33-30-72-56-14-15-46-9-4-44-47-60-38-71-69-37-48-11-86-5-68-50-10-75-87-35-26-1-70-76-81-78-63-25
Ta100x20,7,1,100,0.925,0.05,3,2230703228,17000,6506,6346,5991,1.407266721,v2_avx512bw_vec32_exact_perm,57-49-85-95-67-7-52-80-73-94-43-12-64-84-98-93-23-51-14-21-53-100-45-39-48-89-96-58-44-33-42-41-32-40-28-61-92-19-47-34-13-99-70-91-55-20-9-31-3-17-8-59-69-65-5-6-56-46-25-29-54-87-60-97-18-30-62-81-88-72-16-79-22-90-82-4-77-66-71-15-24-1-27-38-78-36-75-50-26-2-86-11-35-37-63-10-83-74-68-76
Ta100x20,7,1,100,0.925,0.05,4,2230704237,17000,6548,6346,5991,1.405818246,v2_avx512bw_vec32_exact_perm,57-67-80-100-48-43-72-93-84-64-62-9-39-89-1-94-34-31-27-95-49-73-29-19-88-5-2-20-53-52-8-12-97-6-42-41-96-28-92-79-7-66-30-17-21-14-18-15-55-98-87-59-50-45-16-26-69-51-46-11-32-56-82-3-77-71-86-36-70-23-22-13-47-91-33-61-54-38-85-74-90-83-37-99-65-68-4-24-60-81-35-40-44-58-10-63-75-78-25-76
Ta100x20,7,1,100,0.925,0.05,5,2230705246,17000,6478,6346,5991,1.483211905,v2_avx512bw_vec32_exact_perm,57-49-93-95-58-85-60-48-67-91-62-19-88-64-39-89-29-43-27-51-99-16-17-59-22-23-12-97-41-53-36-32-73-77-52-100-84-21-82-55-66-24-65-5-11-31-7-33-45-3-42-13-18-71-47-8-61-46-50-34-6-96-94-40-92-30-15-28-69-44-90-87-4-54-72-63-14-37-86-98-20-79-2-9-76-81-74-70-83-38-75-56-35-10-26-1-25-80-68-78
Ta100x20,7,1,100,0.925,0.05,6,2230706255,17000,6539,6346,5991,1.412992984,v2_avx512bw_vec32_exact_perm,93-95-57-77-80-67-16-23-85-27-88-62-39-51-50-89-60-34-14-58-19-48-6-45-54-97-12-94-49-73-8-29-31-71-13-36-9-21-1-64-7-52-55-20-22-43-42-91-82-90-96-84-11-83-5-61-2-41-3-32-92-79-46-69-47-37-18-25-59-99-74-100-40-17-98-38-4-30-44-56-15-53-35-28-81-65-86-72-24-33-26-87-70-75-66-78-63-10-76-68
Ta100x20,7,1,100,0.925,0.05,7,2230707264,17000,6495,6346,5991,1.391060246,v2_avx512bw_vec32_exact_perm,80-49-93-100-95-57-94-43-97-61-62-67-42-31-85-58-98-64-27-96-7-6-22-82-19-33-20-34-84-14-73-32-21-45-72-13-92-88-51-39-29-9-36-8-71-47-59-40-65-12-74-28-48-55-3-23-89-37-16-26-70-91-41-53-87-18-79-60-77-99-15-30-17-90-24-66-68-5-2-81-4-86-10-56-83-38-69-46-50-75-1-54-63-11-52-44-25-78-35-76
Ta100x20,7,1,100,0.925,0.05,8,2230708273,17000,6492,6346,5991,1.380362036,v2_avx512bw_vec32_exact_perm,57-49-95-93-85-67-58-94-45-73-62-31-19-51-48-88-39-32-13-42-84-36-27-60-91-69-43-77-6-40-97-38-33-82-28-16-30-99-53-2-41-61-21-20-52-96-29-34-86-46-17-64-98-37-59-26-55-14-50-54-7-25-90-12-4-22-68-47-72-80-81-100-44-71-89-11-5-3-83-10-74-8-92-79-9-66-56-15-24-23-65-87-35-18-70-63-78-75-1-76
Ta100x20,7,1,100,0.925,0.05,9,2230709282,17000,6460,6346,5991,1.473224657,v2_avx512bw_vec32_exact_perm,57-49-93-73-67-16-27-96-39-51-88-91-20-32-7-98-45-42-84-33-64-9-80-31-72-19-94-48-43-52-24-89-85-92-28-8-36-55-34-71-66-13-59-21-86-12-22-79-6-54-100-61-90-60-74-29-99-53-38-97-26-2-56-58-5-82-25-37-15-50-14-75-95-41-30-81-3-62-69-44-23-4-17-18-77-11-40-47-65-87-35-46-83-68-1-10-78-63-70-76
Ta100x20,7,1,100,0.925,0.05,10,2230710291,17000,6514,6346,5991,1.516599161,v2_avx512bw_vec32_exact_perm,80-49-93-30-39-67-98-42-96-66-85-64-43-27-88-62-65-94-48-82-22-31-51-23-69-2-78-58-97-16-99-77-32-46-60-92-33-91-79-6-34-84-14-73-71-53-38-21-100-13-29-36-19-55-11-89-59-3-17-95-75-41-8-45-61-20-26-12-44-28-47-40-72-24-90-18-87-5-54-63-56-4-52-86-9-50-35-7-81-15-74-70-37-83-68-10-1-25-57-76
Ta100x20,7,1,100,0.925,0.075,1,2230701210,17000,6522,6346,5991,1.378863008,v2_avx512bw_vec32_exact_perm,57-93-95-85-31-39-62-67-58-26-7-98-89-60-30-48-88-14-76-32-96-97-45-94-23-51-12-13-73-75-86-34-20-29-66-6-77-33-2-43-28-82-38-91-81-49-50-65-5-59-3-17-72-64-16-71-84-11-74-54-90-22-100-53-92-41-61-79-21-19-55-36-27-18-15-47-68-42-9-4-1-40-52-44-56-69-46-35-99-10-8-63-37-24-83-87-70-80-78-25
Ta100x20,7,1,100,0.925,0.075,2,2230702219,17000,6547,6346,5991,1.419273426,v2_avx512bw_vec32_exact_perm,57-49-7-89-31-23-42-29-98-86-20-28-30-21-94-62-51-97-58-93-48-66-45-34-73-19-39-88-67-77-17-41-16-95-43-14-6-38-91-96-82-33-32-55-72-8-4-65-85-53-90-52-99-56-2-71-3-27-25-84-59-15-69-75-5-36-18-50-46-47-83-79-37-13-63-40-92-74-44-12-35-11-54-100-64-22-87-9-26-1-10-81-61-60-24-68-70-78-80-76
Ta100x20,7,1,100,0.925,0.075,3,2230703228,17000,6604,6346,5991,1.50234748,v2_avx512bw_vec32_exact_perm,49-95-7-39-51-45-48-84-64-67-72-80-73-94-31-16-58-20-9-97-42-29-62-86-98-71-96-55-33-52-88-60-93-5-89-85-8-68-91-99-75-6-23-77-15-61-81-59-100-13-69-40-79-12-87-18-3-27-90-46-34-22-14-30-21-36-54-44-50-28-19-47-70-38-1-65-43-32-4-17-92-41-37-82-26-2-53-56-35-24-76-66-11-10-63-83-74-25-78-57
Ta100x20,7,1,100,0.925,0.075,4,2230704237,17000,6485,6346,5991,1.480511076,v2_avx512bw_vec32_exact_perm,57-80-49-89-94-67-58-7-62-93-88-23-6-97-42-36-43-12-27-91-59-31-16-72-86-79-14-30-82-13-2-45-64-69-29-51-48-75-99-41-53-3-95-32-73-19-46-21-84-20-33-28-77-61-47-40-98-8-52-50-85-17-65-90-70-5-96-18-71-92-55-34-60-11-38-54-22-100-39-81-63-9-74-68-10-1-56-15-24-44-26-4-87-35-66-83-37-25-78-76
Ta100x20,7,1,100,0.925,0.075,5,2230705246,17000,6572,6346,5991,1.565083511,v2_avx512bw_vec32_exact_perm,49-93-30-67-7-73-43-28-19-88-95-62-87-94-60-51-45-64-16-85-31-96-34-66-32-20-98-77-52-23-18-17-29-79-72-38-100-99-82-89-12-86-39-78-22-9-74-71-54-6-13-36-55-14-21-97-26-92-53-50-69-70-58-91-41-90-59-24-44-2-76-47-8-56-42-61-3-33-84-48-37-83-40-46-5-15-4-35-27-65-81-1-25-75-80-10-63-11-68-57
Ta100x20,7,1,100,0.925,0.075,6,2230706255,17000,6507,6346,5991,1.451433544,v2_avx512bw_vec32_exact_perm,57-93-49-83-91-19-94-95-20-48-84-62-33-58-64-96-39-51-67-7-89-73-31-22-79-6-28-77-90-27-24-88-15-34-100-12-97-59-16-8-3-55-99-5-42-13-69-2-46-32-30-86-14-72-50-41-43-47-36-66-82-75-29-37-11-18-60-87-40-65-21-74-98-25-45-53-23-52-56-38-71-85-92-61-81-54-63-17-9-26-70-44-4-68-1-35-10-80-78-76
Ta100x20,7,1,100,0.925,0.075,7,2230707264,17000,6504,6346,5991,1.450631412,v2_avx512bw_vec32_exact_perm,57-49-95-27-67-39-88-93-58-29-80-98-60-100-43-51-48-73-31-86-32-96-33-42-45-16-85-72-13-15-20-24-34-7-89-28-14-74-97-41-19-6-53-62-3-64-91-11-84-21-94-38-79-69-77-59-12-70-65-8-90-52-50-37-18-55-56-46-82-44-47-22-61-36-23-5-2-92-30-4-71-1-26-87-40-54-17-66-10-83-9-76-81-35-99-25-78-63-75-68
Ta100x20,7,1,100,0.925,0.075,8,2230708273,17000,6534,6346,5991,1.407534821,v2_avx512bw_vec32_exact_perm,85-80-93-59-42-64-88-7-32-58-94-77-67-97-31-1-62-48-51-33-45-20-16-6-91-49-12-41-36-29-21-95-5-43-53-10-84-39-89-23-73-55-14-19-22-83-34-98-13-2-17-96-66-30-18-27-3-79-82-54-69-92-46-61-99-100-24-9-40-56-44-8-71-47-72-38-35-11-50-90-74-15-26-81-86-28-4-87-70-37-65-63-52-57-60-75-78-25-68-76
Ta100x20,7,1,100,0.925,0.075,9,2230709282,17000,6572,6346,5991,1.41581805,v2_avx512bw_vec32_exact_perm,57-85-93-52-100-51-30-21-64-89-58-67-88-94-59-98-7-39-29-80-54-48-73-43-12-95-13-27-78-42-84-6-45-97-69-60-44-15-11-31-19-72-17-96-32-66-8-62-61-4-79-91-55-34-3-82-77-99-14-22-36-87-86-71-18-81-56-26-40-92-5-24-70-28-90-20-74-16-47-38-23-65-53-41-68-46-25-33-75-37-35-83-10-76-9-49-50-2-1-63
Ta100x20,7,1,100,0.925,0.075,10,2230710291,17000,6581,6346,5991,1.595501824,v2_avx512bw_vec32_exact_perm,83-95-57-49-42-16-73-31-77-23-67-88-70-58-13-39-79-94-80-93-9-89-64-6-37-85-97-20-12-26-53-84-60-32-59-15-45-91-90-27-19-43-30-36-100-3-41-82-24-92-62-65-87-14-40-71-55-7-99-52-21-28-8-17-66-63-34-54-69-2-29-38-33-74-5-18-96-1-22-72-98-61-51-56-10-44-25-47-78-50-48-46-4-81-11-35-86-76-75-68
Ta100x20,7,1,100,0.925,0.1,1,2230701210,17000,6498,6346,5991,1.405522981,v2_avx512bw_vec32_exact_perm,57-93-85-49-80-64-45-67-94-98-48-88-73-77-84-14-26-100-43-12-89-61-51-36-6-62-7-95-96-58-17-52-1-60-38-21-97-19-29-33-99-32-3-39-53-20-30-82-55-66-28-34-91-46-18-24-8-27-9-90-16-13-40-10-31-47-54-69-11-72-92-81-5-59-22-42-86-50-79-15-65-41-35-56-75-70-63-37-25-71-23-4-44-83-68-74-87-78-2-76
Ta100x20,7,1,100,0.925,0.1,2,2230702219,17000,6496,6346,5991,1.415083012,v2_avx512bw_vec32_exact_perm,57-49-93-53-95-60-30-91-20-58-28-96-77-51-100-67-16-59-98-69-90-99-12-78-94-23-32-29-73-19-24-64-43-89-2-80-45-88-52-85-54-39-97-27-82-92-22-33-6-47-38-31-7-21-36-55-42-34-41-18-9-3-26-13-17-66-61-79-14-84-46-65-11-71-5-15-44-62-86-50-72-8-4-75-1-68-40-10-56-81-83-63-74-37-25-48-87-35-70-76
Ta100x20,7,1,100,0.925,0.1,3,2230703228,17000,6506,6346,5991,1.511036814,v2_avx512bw_vec32_exact_perm,57-49-83-67-20-58-88-30-60-7-93-85-51-76-21-45-2-48-33-12-43-77-32-36-34-91-79-73-16-13-31-47-42-89-17-84-95-14-41-61-97-98-74-59-46-100-19-27-22-92-55-78-50-23-62-6-29-15-4-66-5-53-52-56-69-44-26-3-99-87-70-86-28-8-65-71-96-1-90-24-40-37-18-94-54-39-38-9-35-64-72-81-82-75-80-63-10-11-25-68
Ta100x20,7,1,100,0.925,0.1,4,2230704237,17000,6450,6346,5991,1.486825669,v2_avx512bw_vec32_exact_perm,57-49-96-67-60-84-100-51-62-22-95-27-13-58-45-64-23-30-20-93-85-32-21-59-16-33-29-12-97-41-34-48-69-43-36-14-31-9-42-19-88-82-72-73-86-98-28-81-78-53-77-46-89-94-40-92-79-6-3-17-15-65-47-11-54-61-7-91-44-39-90-8-71-50-52-87-70-99-18-55-5-63-37-56-2-38-4-24-26-74-35-1-80-10-75-25-66-83-68-76
Ta100x20,7,1,100,0.925,0.1,5,2230705246,17000,6464,6346,5991,1.570891485,v2_avx512bw_vec32_exact_perm,57-49-80-22-85-39-93-67-62-91-77-33-16-13-64-30-31-51-100-50-48-89-24-59-65-8-21-29-54-69-20-84-73-27-43-12-7-14-95-44-99-88-98-18-45-9-76-96-71-47-17-97-92-72-6-3-41-86-23-82-94-79-46-4-32-40-55-15-28-58-87-60-34-66-19-90-2-11-53-38-42-37-61-26-56-74-35-70-5-52-81-36-83-10-63-75-1-25-78-68
Ta100x20,7,1,100,0.925,0.1,6,2230706255,17000,6474,6346,5991,1.405422702,v2_avx512bw_vec32_exact_perm,57-49-85-93-23-39-80-16-84-73-95-67-64-45-14-9-31-60-98-21-32-20-7-51-48-94-96-29-1-99-19-47-38-89-28-6-36-43-41-91-34-97-82-62-79-66-65-42-44-12-59-61-74-71-13-17-72-88-8-27-40-90-92-24-26-3-11-5-22-50-68-100-87-54-4-69-55-18-56-53-15-30-33-2-52-46-78-83-81-37-25-58-77-86-35-10-63-70-76-75
Ta100x20,7,1,100,0.925,0.1,7,2230707264,17000,6536,6346,5991,1.405650298,v2_avx512bw_vec32_exact_perm,93-49-7-94-51-43-73-96-95-85-31-52-39-13-12-67-33-77-21-98-16-20-86-55-42-62-58-14-84-19-64-23-89-6-97-88-59-65-40-69-91-60-29-48-38-17-41-26-75-34-50-3-11-32-72-45-35-80-44-82-81-36-71-18-46-30-47-8-15-100-53-27-22-2-99-24-61-54-25-74-66-79-28-92-87-5-83-90-4-9-70-56-63-37-68-10-1-76-78-57
Ta100x20,7,1,100,0.925,0.1,8,2230708273,17000,6488,6346,5991,1.449849823,v2_avx512bw_vec32_exact_perm,57-49-85-93-96-95-67-42-98-64-77-32-94-13-51-39-88-92-27-23-45-48-89-19-17-28-41-47-14-65-20-16-43-72-59-40-7-52-82-55-56-38-36-29-21-12-97-54-66-1-24-73-8-31-26-34-91-53-5-84-33-61-2-74-15-6-100-44-62-3-83-87-18-50-81-71-69-86-37-90-46-9-11-10-63-99-30-60-79-4-35-58-70-22-68-80-76-75-78-25
Ta100x20,7,1,100,0.925,0.1,9,2230709282,17000,6508,6346,5991,1.443948434,v2_avx512bw_vec32_exact_perm,57-49-93-100-51-39-52-60-67-45-31-50-98-82-58-73-16-43-27-86-42-84-62-13-36-6-24-21-14-91-9-41-89-53-71-20-55-77-5-95-11-22-19-59-7-12-28-97-8-69-38-99-32-79-34-23-88-3-26-29-85-92-72-4-96-94-61-47-70-44-18-74-2-33-30-90-48-68-17-64-66-81-40-1-65-54-56-25-37-83-15-87-10-63-78-35-46-75-80-76
Ta100x20,7,1,100,0.925,0.1,10,2230710291,17000,6492,6346,5991,1.567054501,v2_avx512bw_vec32_exact_perm,57-85-49-93-39-7-51-64-98-42-43-47-31-23-94-67-16-89-53-33-27-50-28-8-95-84-14-48-82-88-58-97-79-12-44-69-80-100-62-66-24-59-45-65-20-55-18-21-40-34-13-61-72-60-29-19-99-9-38-4-32-17-73-96-2-91-30-90-46-92-36-71-6-3-1-41-10-56-77-15-26-74-70-5-86-25-63-37-52-11-22-54-35-81-75-83-87-76-78-68
Ta100x20,7,1,100,0.925,0.125,1,2230701210,17000,6540,6346,5991,1.346137722,v2_avx512bw_vec32_exact_perm,49-93-73-67-39-80-31-45-24-95-30-94-43-89-41-65-16-88-82-85-51-97-54-27-48-22-78-69-64-28-59-100-13-6-3-33-2-71-77-62-7-58-5-96-91-53-99-50-14-11-38-37-26-29-79-18-21-55-36-40-98-19-8-12-92-34-42-46-84-83-44-72-90-68-20-32-15-47-86-61-17-1-10-76-81-60-75-23-4-87-70-56-25-52-74-9-66-63-35-57
Ta100x20,7,1,100,0.925,0.125,2,2230702219,17000,6530,6346,5991,1.425105723,v2_avx512bw_vec32_exact_perm,57-96-7-80-91-94-49-31-85-95-65-67-43-28-84-98-48-20-42-41-33-93-19-88-51-73-32-39-77-17-63-59-44-16-12-66-89-79-8-69-54-100-30-55-2-11-92-46-45-21-29-36-13-52-71-81-23-50-14-97-62-61-74-5-53-15-6-60-47-90-27-22-56-26-9-4-86-82-3-99-72-87-18-75-40-34-64-10-24-1-78-38-83-37-25-35-58-68-70-76
Ta100x20,7,1,100,0.925,0.125,3,2230703228,17000,6526,6346,5991,1.399748118,v2_avx512bw_vec32_exact_perm,57-22-95-85-93-78-84-58-100-51-39-48-89-73-45-67-96-27-26-13-28-82-88-2-37-30-19-42-99-34-24-49-64-7-6-36-44-62-53-31-20-9-41-29-71-97-69-14-86-21-92-55-98-38-61-16-18-47-5-43-12-33-72-70-3-87-46-32-23-17-8-50-91-11-79-77-66-40-65-90-56-63-52-74-1-83-59-60-75-80-54-35-10-94-81-4-68-15-25-76
Ta100x20,7,1,100,0.925,0.125,4,2230704237,17000,6507,6346,5991,1.387813932,v2_avx512bw_vec32_exact_perm,57-49-67-66-31-85-64-96-16-95-43-94-51-39-27-30-2-45-84-62-20-28-73-32-13-88-42-72-33-93-40-98-18-23-97-91-77-6-8-89-38-17-99-21-29-15-58-14-34-100-19-41-50-48-22-7-47-44-90-92-69-65-59-74-46-36-63-56-9-82-61-81-3-11-54-86-71-5-4-53-60-12-79-52-25-37-1-26-24-35-55-68-80-10-78-83-87-70-76-75
Ta100x20,7,1,100,0.925,0.125,5,2230705246,17000,6554,6346,5991,1.64763921,v2_avx512bw_vec32_exact_perm,49-95-93-80-73-58-100-43-29-18-7-13-42-51-27-31-16-47-19-53-64-89-67-62-84-36-72-34-99-65-85-48-24-96-20-32-78-83-14-55-88-39-45-54-61-77-38-28-6-33-59-2-86-40-75-82-5-21-97-12-91-87-79-41-3-92-10-17-71-8-30-15-50-44-60-69-66-46-26-63-74-37-90-11-22-98-4-56-94-23-25-81-52-1-76-9-68-35-57-70
Ta100x20,7,1,100,0.925,0.125,6,2230706255,17000,6495,6346,5991,1.471619232,v2_avx512bw_vec32_exact_perm,49-95-91-45-60-13-51-93-72-33-32-23-80-19-88-73-48-67-94-20-98-77-7-65-62-50-89-6-59-84-12-96-85-36-58-16-97-43-14-64-42-79-29-99-3-86-31-1-39-2-9-46-47-61-18-44-27-82-21-22-74-71-90-69-41-26-34-100-38-17-52-24-11-40-54-8-55-37-10-63-56-92-83-53-5-15-30-66-4-28-81-57-68-87-35-70-76-75-78-25
Ta100x20,7,1,100,0.925,0.125,7,2230707264,17000,6523,6346,5991,1.403206997,v2_avx512bw_vec32_exact_perm,57-93-85-78-49-42-84-64-7-20-88-51-97-12-95-98-62-100-67-53-73-6-77-36-48-31-86-45-89-33-28-16-30-19-23-91-82-92-55-43-41-21-58-40-18-4-34-29-54-13-17-66-75-69-83-38-37-1-68-61-24-90-27-3-8-71-99-2-87-22-94-60-5-72-39-81-11-96-14-26-44-50-47-15-65-79-74-70-59-46-32-10-56-9-76-35-80-52-63-25
Ta100x20,7,1,100,0.925,0.125,8,2230708273,17000,6520,6346,5991,1.410823383,v2_avx512bw_vec32_exact_perm,57-85-80-93-7-98-39-96-89-91-25-45-95-27-43-88-62-64-32-28-67-59-94-48-29-13-23-51-20-52-69-77-37-14-31-6-99-100-22-34-90-12-78-3-53-8-26-97-84-42-49-55-21-66-17-33-73-58-18-16-79-41-92-72-44-82-47-50-40-61-54-19-74-70-5-71-83-11-9-4-38-1-81-56-15-60-30-35-2-65-86-46-36-75-87-76-68-10-24-63
Ta100x20,7,1,100,0.925,0.125,9,2230709282,17000,6514,6346,5991,1.348542166,v2_avx512bw_vec32_exact_perm,57-49-76-19-39-80-42-27-88-94-96-51-98-48-89-17-60-67-77-21-36-32-85-62-64-22-34-97-95-6-84-66-65-43-100-73-74-53-99-28-59-12-8-16-72-20-79-2-92-69-29-23-31-93-30-82-18-55-78-54-61-3-7-14-5-13-47-24-40-90-71-91-25-11-10-87-81-15-86-45-26-58-4-1-38-33-9-35-37-46-83-52-56-44-41-50-63-75-68-70
Ta100x20,7,1,100,0.925,0.125,10,2230710291,17000,6471,6346,5991,1.266840259,v2_avx512bw_vec32_exact_perm,57-49-1-93-33-39-34-28-80-48-97-42-84-98-64-61-62-100-67-77-89-45-94-41-88-73-9-19-31-95-96-6-60-20-32-55-59-23-22-68-4-7-54-16-43-29-66-47-85-91-38-21-82-17-51-69-13-65-79-14-2-5-36-30-71-90-50-72-87-58-46-78-83-92-3-27-86-8-12-37-74-99-18-53-75-25-40-44-26-56-52-81-15-11-10-24-63-35-70-76
Ta100x20,7,1,100,0.9625,0.025,1,2230701210,17000,6537,6346,5991,1.374460927,v2_avx512bw_vec32_exact_perm,93-80-76-94-43-7-96-51-73-98-48-82-26-50-27-84-62-58-88-95-67-91-39-41-28-49-19-55-9-11-66-13-21-89-71-29-14-6-45-69-36-59-97-22-34-100-31-53-90-8-42-32-33-46-20-12-16-87-61-40-92-47-72-60-23-24-17-30-38-54-64-65-85-3-70-79-18-52-5-74-56-15-77-44-63-1-4-2-37-78-83-86-81-35-10-99-75-25-68-57
Ta100x20,7,1,100,0.9625,0.025,2,2230702219,17000,6581,6346,5991,1.449755693,v2_avx512bw_vec32_exact_perm,57-76-64-49-93-7-95-85-51-98-89-48-73-45-16-67-11-42-88-43-41-32-8-28-91-86-94-84-23-21-29-78-90-77-62-6-24-59-12-38-96-27-4-53-69-33-72-52-80-19-97-31-17-3-18-15-55-36-34-13-5-30-92-60-71-61-37-47-35-2-22-79-14-82-40-99-1-100-44-20-54-65-56-25-39-81-70-9-26-50-87-66-10-46-83-58-74-63-75-68
Ta100x20,7,1,100,0.9625,0.025,3,2230703228,17000,6486,6346,5991,1.4409969,v2_avx512bw_vec32_exact_perm,93-49-100-80-7-64-45-58-85-95-67-98-51-48-6-33-96-52-42-57-13-34-18-84-23-89-88-41-72-39-43-73-97-12-27-59-16-53-99-91-19-30-36-79-32-40-14-20-37-82-55-66-5-3-21-24-90-29-62-31-92-28-47-8-38-71-69-94-77-11-2-74-17-22-4-9-60-1-68-46-61-26-54-86-81-87-83-65-70-56-25-15-10-63-78-50-35-44-76-75
Ta100x20,7,1,100,0.9625,0.025,4,2230704237,17000,6522,6346,5991,1.45902218,v2_avx512bw_vec32_exact_perm,57-93-49-89-94-84-66-14-23-31-58-19-20-7-100-32-67-80-29-48-97-59-71-41-33-16-34-96-52-50-8-6-45-91-82-86-43-72-73-99-40-2-69-28-13-21-79-22-77-95-56-11-42-24-30-85-46-51-54-64-55-3-62-92-81-36-12-61-74-60-47-65-18-5-88-53-26-37-39-15-87-83-44-35-90-27-17-9-4-63-70-1-98-38-10-75-25-78-68-76
Ta100x20,7,1,100,0.9625,0.025,5,2230705246,17000,6523,6346,5991,1.40998451,v2_avx512bw_vec32_exact_perm,57-49-93-73-7-51-98-39-67-80-88-60-32-8-27-64-58-91-43-48-82-33-89-28-72-16-13-85-77-95-34-53-66-19-94-20-23-12-74-90-61-2-18-97-47-41-9-21-17-29-38-99-42-45-6-40-92-44-59-100-71-46-50-62-3-30-69-84-4-26-37-14-55-54-31-11-96-52-35-83-79-65-87-70-22-15-56-10-75-1-36-5-25-24-68-81-78-86-76-63
Ta100x20,7,1,100,0.9625,0.025,6,2230706255,17000,6514,6346,5991,1.413134068,v2_avx512bw_vec32_exact_perm,57-49-100-80-93-67-88-94-97-58-42-73-43-60-77-27-31-51-33-98-48-32-96-20-95-30-19-82-14-34-66-16-86-71-84-17-36-90-28-8-6-41-91-89-79-53-12-64-23-47-3-45-61-13-2-18-74-50-85-62-72-38-21-7-75-59-69-92-29-39-11-15-46-5-63-25-37-81-54-26-55-65-4-52-35-24-87-44-1-78-40-99-10-83-22-56-9-68-70-76
Ta100x20,7,1,100,0.9625,0.025,7,2230707264,17000,6495,6346,5991,1.443830916,v2_avx512bw_vec32_exact_perm,57-49-93-30-94-80-67-100-52-25-91-48-97-65-7-17-64-96-6-62-89-41-98-51-32-45-66-43-69-27-88-18-29-82-37-8-16-59-20-12-84-95-1-73-24-9-15-11-19-58-42-53-38-72-33-2-79-99-60-55-21-77-22-39-13-90-3-61-34-14-92-5-50-47-71-36-46-28-78-23-81-4-85-10-40-26-74-87-83-86-31-54-56-35-44-63-75-68-70-76
Ta100x20,7,1,100,0.9625,0.025,8,2230708273,17000,6522,6346,5991,1.379219211,v2_avx512bw_vec32_exact_perm,57-83-80-42-64-84-62-58-94-67-98-7-73-93-6-16-97-5-49-21-89-29-69-23-88-13-95-45-65-60-85-82-18-19-55-72-20-34-2-43-91-59-30-25-99-96-77-15-71-1-40-51-17-48-92-74-12-100-37-24-38-47-33-61-41-90-3-31-14-39-32-11-46-9-86-10-28-53-26-66-8-79-50-36-22-68-81-52-75-27-56-70-4-87-54-63-44-78-35-76
Ta100x20,7,1,100,0.9625,0.025,9,2230709282,17000,6572,6346,5991,1.497414667,v2_avx512bw_vec32_exact_perm,83-67-49-94-89-85-93-7-98-51-88-64-45-19-99-91-30-62-43-36-25-32-66-58-39-28-53-5-55-52-13-31-77-92-69-29-100-20-17-9-14-80-71-44-61-4-96-12-59-27-3-41-2-97-21-84-23-35-82-34-54-22-33-6-79-72-16-73-42-8-11-46-40-95-65-60-81-87-10-24-56-15-76-50-75-1-90-47-18-38-74-26-70-48-86-37-63-78-68-57
Ta100x20,7,1,100,0.9625,0.025,10,2230710291,17000,6477,6346,5991,1.490560321,v2_avx512bw_vec32_exact_perm,49-93-85-80-95-45-43-64-31-77-51-98-78-94-89-73-19-12-88-11-27-16-96-90-91-60-67-82-48-39-65-84-53-54-97-6-41-26-17-92-34-42-13-59-24-72-40-99-22-30-62-29-100-66-81-21-32-69-36-79-14-52-46-8-61-3-47-33-18-55-75-70-58-20-71-7-25-23-44-4-2-15-1-50-5-74-87-10-83-38-56-63-37-86-28-76-9-68-35-57
Ta100x20,7,1,100,0.9625,0.05,1,2230701210,17000,6540,6346,5991,1.515649587,v2_avx512bw_vec32_exact_perm,57-93-85-49-80-91-64-31-58-16-73-26-67-100-84-51-48-19-20-89-88-60-29-69-98-34-13-78-52-39-45-50-43-99-18-53-9-76-23-21-27-24-40-96-95-55-59-72-12-11-28-71-97-8-47-38-90-42-56-6-77-17-15-92-36-30-3-61-2-33-22-65-79-74-41-54-4-7-66-46-32-14-37-25-81-94-82-70-44-68-5-63-10-35-1-62-86-83-75-87
Ta100x20,7,1,100,0.9625,0.05,2,2230702219,17000,6514,6346,5991,1.486354681,v2_avx512bw_vec32_exact_perm,49-95-39-67-96-100-51-48-64-30-88-14-20-16-58-7-80-72-99-19-94-4-62-89-24-69-98-73-32-43-29-36-65-84-59-21-97-54-53-33-12-5-42-91-6-13-55-82-77-85-38-8-34-93-37-92-70-3-61-17-41-52-79-60-44-50-45-1-15-18-23-90-31-40-2-22-27-26-74-87-71-11-83-47-66-56-9-10-86-35-28-46-63-78-81-75-25-68-57-76
Ta100x20,7,1,100,0.9625,0.05,3,2230703228,17000,6552,6346,5991,1.462743581,v2_avx512bw_vec32_exact_perm,57-96-95-86-98-85-93-67-89-88-73-19-21-94-7-51-48-5-69-39-84-59-82-91-20-22-34-33-2-97-23-41-28-13-50-72-61-11-26-47-40-78-52-17-58-36-31-80-9-64-71-100-79-55-3-60-42-81-30-62-65-53-70-38-12-37-90-74-6-45-16-35-8-99-32-77-18-43-54-66-29-24-1-92-46-83-27-87-14-15-44-56-4-75-49-10-63-25-76-68
Ta100x20,7,1,100,0.9625,0.05,4,2230704237,17000,6409,6346,5991,1.625778298,v2_avx512bw_vec32_exact_perm,57-93-85-80-19-49-95-20-30-94-96-67-16-23-89-27-42-98-58-82-36-32-38-34-13-72-31-29-14-62-43-69-45-26-48-66-17-41-51-39-91-55-59-88-44-21-18-73-84-33-2-79-64-22-100-56-52-90-50-77-97-11-78-12-46-6-7-3-8-99-92-61-71-47-86-60-87-28-10-40-74-65-54-24-9-35-53-15-5-63-37-70-4-1-83-25-81-75-68-76
Ta100x20,7,1,100,0.9625,0.05,5,2230705246,17000,6532,6346,5991,1.456602304,v2_avx512bw_vec32_exact_perm,57-49-93-100-67-80-76-58-60-30-85-64-31-96-51-98-48-99-32-7-19-95-45-41-92-43-12-44-20-72-77-89-94-90-84-3-6-39-50-82-34-66-14-23-18-54-79-24-47-71-38-42-11-97-27-91-73-17-13-53-21-29-9-36-62-22-26-74-10-8-61-33-16-55-15-40-52-5-4-69-75-1-35-59-28-2-81-88-63-37-86-65-46-56-83-68-78-25-87-70
Ta100x20,7,1,100,0.9625,0.05,6,2230706255,17000,6480,6346,5991,1.781296243,v2_avx512bw_vec32_exact_perm,57-49-93-85-94-80-51-48-83-41-67-89-58-7-19-95-73-31-34-8-32-14-20-77-96-21-84-65-99-88-72-64-60-27-30-43-40-2-17-5-91-16-69-59-61-39-54-53-100-82-38-6-3-71-13-79-62-29-42-97-26-55-11-90-12-36-45-52-46-74-92-44-50-33-9-70-66-18-56-22-47-23-24-98-28-10-86-35-75-81-4-87-1-15-63-37-78-25-76-68
Ta100x20,7,1,100,0.9625,0.05,7,2230707264,17000,6459,6346,5991,1.498928186,v2_avx512bw_vec32_exact_perm,57-49-93-85-67-95-31-60-7-51-39-13-58-97-17-73-16-33-14-32-84-98-48-45-66-6-80-42-62-24-89-71-79-41-36-29-28-100-44-99-19-59-2-81-38-77-92-72-21-55-23-3-11-12-61-64-78-87-50-54-34-8-91-47-22-20-94-53-37-82-4-69-5-88-18-96-30-35-90-15-83-65-1-43-46-40-10-75-27-56-25-52-86-26-74-63-9-68-70-76
Ta100x20,7,1,100,0.9625,0.05,8,2230708273,17000,6504,6346,5991,1.62446406,v2_avx512bw_vec32_exact_perm,57-83-95-67-93-85-49-64-88-98-42-45-100-59-13-14-22-79-77-58-94-99-19-34-97-48-89-29-66-33-96-12-23-6-51-17-16-84-25-52-73-44-65-72-62-24-21-92-43-55-82-50-54-69-91-27-20-18-41-87-36-32-74-90-9-39-40-30-3-1-31-8-10-46-47-61-60-56-53-15-5-4-2-75-26-86-11-71-80-81-28-7-38-35-63-78-37-68-70-76
Ta100x20,7,1,100,0.9625,0.05,9,2230709282,17000,6569,6346,5991,1.693864906,v2_avx512bw_vec32_exact_perm,57-49-7-67-98-85-54-39-96-94-58-66-60-43-24-6-100-62-51-89-97-72-31-20-65-77-32-33-90-91-88-48-28-41-34-92-19-53-84-23-27-18-5-70-3-82-81-73-38-16-45-30-21-64-29-11-13-71-69-42-95-55-40-80-79-56-2-63-74-15-9-17-22-36-14-44-59-8-12-61-47-83-26-37-99-50-68-75-25-10-86-4-52-78-1-93-87-35-46-76
Ta100x20,7,1,100,0.9625,0.05,10,2230710291,17000,6551,6346,5991,1.520465637,v2_avx512bw_vec32_exact_perm,49-67-17-93-95-88-85-94-80-16-89-91-48-73-7-28-84-76-45-19-82-51-33-52-13-64-34-2-12-98-22-39-43-47-97-86-59-60-61-20-18-53-5-50-62-24-42-69-79-38-100-71-9-99-32-77-37-70-41-65-74-90-21-44-72-96-15-30-92-31-27-3-1-36-58-29-23-68-66-55-56-26-46-40-6-8-4-54-11-10-35-81-83-78-25-87-14-63-75-57
Ta100x20,7,1,100,0.9625,0.075,1,2230701210,17000,6542,6346,5991,1.586186625,v2_avx512bw_vec32_exact_perm,57-93-73-48-7-67-82-88-30-60-64-98-77-58-91-14-13-59-51-100-97-16-43-29-89-23-62-86-42-24-85-22-49-20-12-34-19-94-2-38-33-95-69-61-37-18-79-55-39-41-3-6-44-15-28-47-90-53-31-72-36-99-32-17-9-87-8-92-46-27-50-74-5-40-11-21-66-45-4-63-65-96-71-83-35-84-1-76-56-68-54-81-26-70-80-10-25-52-78-75
Ta100x20,7,1,100,0.9625,0.075,2,2230702219,17000,6482,6346,5991,1.426021365,v2_avx512bw_vec32_exact_perm,57-93-85-96-67-97-39-16-89-60-58-43-94-73-7-31-62-6-64-51-28-45-49-12-8-99-77-3-34-20-69-19-36-32-21-59-53-54-46-27-29-15-100-55-22-11-65-82-23-13-24-47-42-41-88-91-9-44-26-40-72-4-17-48-80-71-84-1-37-61-90-2-33-92-52-81-98-38-95-56-30-18-50-79-70-14-87-83-68-5-74-66-86-10-63-75-35-78-25-76
Ta100x20,7,1,100,0.9625,0.075,3,2230703228,17000,6477,6346,5991,1.460949221,v2_avx512bw_vec32_exact_perm,57-85-49-73-19-51-48-97-67-94-80-93-30-95-45-64-58-96-43-65-42-34-82-84-23-36-61-39-55-62-20-53-89-12-28-90-27-13-91-71-47-7-38-16-14-33-88-72-5-59-3-21-98-77-92-17-41-6-79-2-60-22-31-11-87-54-100-50-29-8-69-10-99-9-46-86-32-26-40-4-70-52-56-1-18-15-24-37-25-35-83-44-81-78-63-74-66-75-68-76
Ta100x20,7,1,100,0.9625,0.075,4,2230704237,17000,6433,6346,5991,1.425196168,v2_avx512bw_vec32_exact_perm,57-85-93-49-94-67-7-19-62-64-88-73-42-84-36-65-28-43-51-48-98-39-29-80-27-45-32-53-95-99-13-91-20-40-34-69-59-22-31-26-100-47-6-82-97-14-96-86-12-52-44-17-61-23-24-60-90-21-38-16-77-33-3-58-92-55-8-54-50-5-74-89-41-72-4-66-56-30-46-18-15-71-81-9-35-70-79-83-11-25-2-87-1-10-63-37-78-76-75-68
Ta100x20,7,1,100,0.9625,0.075,5,2230705246,17000,6544,6346,5991,1.513033011,v2_avx512bw_vec32_exact_perm,57-49-39-93-58-95-67-82-100-16-9-20-7-32-62-91-85-64-43-31-77-69-60-99-45-51-84-1-13-52-73-88-92-6-19-36-30-47-28-21-38-96-72-42-79-48-55-66-59-41-22-26-33-34-97-3-29-98-90-24-40-27-17-18-87-54-89-11-12-14-37-5-25-74-70-8-61-2-65-56-71-86-53-23-94-83-80-75-68-46-4-44-78-15-81-76-50-35-10-63
Ta100x20,7,1,100,0.9625,0.075,6,2230706255,17000,6527,6346,5991,1.482804495,v2_avx512bw_vec32_exact_perm,93-30-80-95-85-67-31-58-60-84-100-62-94-51-89-57-36-28-73-19-96-6-13-49-21-12-97-43-42-64-88-14-45-23-8-71-59-24-29-20-15-75-17-9-66-41-26-39-55-3-92-63-16-87-69-99-72-25-86-37-34-2-32-33-90-47-50-22-1-79-91-82-5-4-53-98-44-11-40-65-48-18-7-54-77-38-27-52-74-10-56-81-35-61-70-78-83-68-46-76
Ta100x20,7,1,100,0.9625,0.075,7,2230707264,17000,6487,6346,5991,1.401904058,v2_avx512bw_vec32_exact_perm,49-85-93-80-73-19-88-42-51-23-48-39-7-62-27-67-31-17-32-34-82-64-96-14-95-58-98-94-45-89-8-97-29-84-20-21-69-91-60-53-13-12-44-90-99-100-74-59-38-16-36-6-79-41-28-9-71-66-55-92-40-72-65-43-50-2-1-22-11-5-3-26-87-18-77-63-47-56-15-61-10-33-46-30-4-54-24-37-83-68-86-76-81-35-70-25-75-52-78-57
Ta100x20,7,1,100,0.9625,0.075,8,2230708273,17000,6469,6346,5991,1.534758269,v2_avx512bw_vec32_exact_perm,57-85-49-93-95-67-88-100-30-80-60-48-27-58-96-14-39-97-98-94-51-64-19-89-6-62-45-84-99-73-16-20-91-53-47-31-59-42-12-13-69-29-33-34-22-70-74-41-65-43-77-46-28-66-37-50-2-36-44-21-32-8-17-7-61-92-40-55-3-5-82-15-86-79-72-23-18-11-81-52-56-90-24-83-9-4-71-87-1-54-26-10-38-63-35-76-75-78-25-68
Ta100x20,7,1,100,0.9625,0.075,9,2230709282,17000,6516,6346,5991,1.503888306,v2_avx512bw_vec32_exact_perm,57-49-93-100-80-95-45-48-9-64-96-91-27-20-31-43-73-12-82-16-29-51-13-76-58-86-39-6-62-72-89-17-84-23-67-3-79-28-14-41-32-90-71-18-47-8-50-88-99-77-1-37-94-52-59-24-40-19-5-4-11-15-34-97-42-81-22-87-56-2-69-85-53-60-44-92-33-7-54-66-65-30-46-21-38-55-36-61-35-83-98-78-10-26-63-74-68-70-75-25
Ta100x20,7,1,100,0.9625,0.075,10,2230710291,17000,6434,6346,5991,1.467479113,v2_avx512bw_vec32_exact_perm,57-49-93-30-94-80-89-60-88-39-100-67-43-12-73-48-97-64-42-45-6-41-96-20-95-58-62-29-22-36-84-51-34-98-19-1-2-65-92-13-69-99-53-91-27-40-16-11-3-71-77-33-54-28-55-66-59-31-7-23-72-81-38-90-32-4-17-85-18-47-21-9-14-86-61-5-35-82-8-10-24-52-79-76-87-37-50-26-70-56-44-63-74-15-46-83-75-78-25-68
Ta100x20,7,1,100,0.9625,0.1,1,2230701210,17000,6467,6346,5991,1.41073999,v2_avx512bw_vec32_exact_perm,57-49-85-93-80-95-58-39-97-67-27-43-48-64-45-53-66-16-96-94-34-89-36-19-32-33-42-73-84-40-65-88-99-6-51-91-13-3-12-23-98-41-9-76-31-47-29-77-54-38-14-69-28-79-82-21-44-50-2-1-63-37-17-18-55-60-90-92-30-62-24-72-20-8-10-87-71-100-15-61-4-86-7-22-26-74-11-46-83-59-5-52-81-70-56-25-68-75-78-35
Ta100x20,7,1,100,0.9625,0.1,2,2230702219,17000,6449,6346,5991,1.491018693,v2_avx512bw_vec32_exact_perm,57-49-85-93-97-7-62-95-67-27-88-98-20-45-19-94-42-43-2-59-84-33-73-16-64-12-96-51-30-91-99-80-26-14-31-53-100-79-55-60-61-8-24-11-3-54-34-25-66-32-21-23-41-29-89-48-74-92-6-69-36-46-50-9-65-17-18-35-40-72-82-22-5-90-47-28-87-13-39-38-71-83-37-58-56-77-70-44-52-10-63-15-86-75-4-81-68-1-78-76
Ta100x20,7,1,100,0.9625,0.1,3,2230703228,17000,6554,6346,5991,1.452800558,v2_avx512bw_vec32_exact_perm,57-83-95-80-93-85-67-58-94-7-49-73-84-14-99-31-39-32-51-88-98-48-45-96-76-23-27-89-64-29-34-3-91-21-6-82-13-9-65-40-97-20-12-71-100-17-43-38-77-41-59-16-69-92-74-22-62-30-37-42-55-72-36-28-2-79-8-19-25-50-11-35-47-33-46-10-87-54-18-5-4-1-44-60-53-81-15-61-90-86-26-52-56-24-75-68-66-63-78-70
Ta100x20,7,1,100,0.9625,0.1,4,2230704237,17000,6517,6346,5991,1.623297521,v2_avx512bw_vec32_exact_perm,85-80-49-39-93-98-42-84-97-67-45-64-31-95-43-69-32-41-23-28-20-48-30-86-52-40-36-94-58-89-88-82-22-27-16-11-29-66-96-21-61-47-51-17-3-65-7-72-15-79-100-13-33-90-50-54-6-12-91-59-62-74-73-77-19-87-18-55-99-2-53-5-4-46-92-63-1-44-60-34-10-56-8-71-83-14-38-9-76-81-37-26-24-70-78-25-75-68-35-57
Ta100x20,7,1,100,0.9625,0.1,5,2230705246,17000,6466,6346,5991,1.484433046,v2_avx512bw_vec32_exact_perm,57-49-93-85-14-22-23-51-39-97-42-62-31-58-45-95-13-64-88-32-67-100-77-89-6-98-91-69-59-84-20-54-33-19-52-94-43-48-73-50-79-72-55-65-15-17-66-7-34-60-30-21-74-18-99-53-38-96-28-29-27-76-47-87-68-46-75-11-82-40-92-12-81-56-61-16-70-8-83-90-5-71-2-86-44-4-9-41-10-3-1-36-24-63-37-25-26-35-80-78
Ta100x20,7,1,100,0.9625,0.1,6,2230706255,17000,6496,6346,5991,1.506340812,v2_avx512bw_vec32_exact_perm,57-49-45-22-95-67-60-85-31-94-51-58-33-93-98-48-73-7-12-92-19-80-27-53-64-16-59-32-96-82-84-91-69-14-13-39-88-5-23-77-89-42-34-24-99-3-100-44-97-43-61-21-29-8-20-55-28-15-36-18-79-52-46-30-40-74-72-47-78-41-6-4-38-17-2-9-66-26-1-81-71-54-56-11-86-63-37-50-90-65-62-25-10-35-75-87-83-68-70-76
Ta100x20,7,1,100,0.9625,0.1,7,2230707264,17000,6542,6346,5991,1.524981897,v2_avx512bw_vec32_exact_perm,57-22-85-64-49-93-39-91-77-80-42-43-95-28-2-19-69-48-41-23-67-96-27-88-51-7-52-71-66-33-98-100-84-20-59-32-45-73-94-31-16-97-86-72-99-6-78-53-40-8-12-34-70-13-61-89-5-47-15-87-18-55-21-36-81-9-46-30-26-92-14-17-56-38-1-35-90-4-65-79-60-24-11-29-62-54-50-37-83-3-44-82-10-63-58-74-76-25-75-68
Ta100x20,7,1,100,0.9625,0.1,8,2230708273,17000,6529,6346,5991,1.410976495,v2_avx512bw_vec32_exact_perm,83-67-93-85-42-29-88-51-98-20-49-62-7-21-86-58-16-80-95-73-45-19-24-6-41-77-78-89-28-17-13-82-97-12-99-33-72-26-53-44-2-31-47-66-48-100-96-27-79-18-50-87-59-91-15-40-71-30-92-69-34-8-94-35-55-54-61-90-74-65-3-64-11-84-37-60-46-32-36-22-39-9-14-81-75-43-70-23-38-10-63-5-56-52-1-25-4-68-57-76
Ta100x20,7,1,100,0.9625,0.1,9,2230709282,17000,6517,6346,5991,1.402861162,v2_avx512bw_vec32_exact_perm,57-49-93-53-100-84-95-58-60-39-91-67-43-23-51-94-89-45-98-73-88-32-14-96-34-19-99-24-36-61-13-27-16-80-5-42-77-9-92-31-86-79-12-85-90-2-52-56-29-41-48-38-28-20-59-72-44-55-21-83-82-50-11-22-3-1-40-26-71-47-97-64-62-69-54-65-17-6-8-74-15-7-70-30-66-4-10-33-35-37-81-18-76-87-46-63-78-25-75-68
Ta100x20,7,1,100,0.9625,0.1,10,2230710291,17000,6468,6346,5991,1.405715991,v2_avx512bw_vec32_exact_perm,57-85-93-49-42-39-13-88-67-72-60-77-27-20-51-89-29-98-48-45-95-38-31-58-17-41-16-43-69-64-54-30-66-34-21-14-33-44-62-50-32-53-36-28-26-81-84-73-91-52-1-61-19-3-90-2-55-78-99-59-24-18-100-22-79-86-40-92-6-96-12-7-23-97-65-82-71-47-80-46-4-9-94-75-37-11-35-10-5-83-56-8-15-63-74-68-87-70-76-25
Ta100x20,7,1,100,0.9625,0.125,1,2230701210,17000,6462,6346,5991,1.489478842,v2_avx512bw_vec32_exact_perm,57-93-73-67-88-100-30-80-50-42-7-51-98-20-28-49-48-85-12-13-31-26-95-69-97-6-39-45-43-16-59-84-36-19-27-89-62-94-3-32-96-72-23-74-17-38-14-76-79-58-34-2-41-22-90-21-77-86-33-91-82-61-24-29-8-37-40-47-18-71-44-4-99-87-60-92-81-54-64-46-9-63-65-53-5-35-55-15-70-11-10-83-56-25-52-1-68-66-75-78
Ta100x20,7,1,100,0.9625,0.125,2,2230702219,17000,6526,6346,5991,1.497106989,v2_avx512bw_vec32_exact_perm,57-93-49-66-27-88-19-58-94-51-48-30-62-22-23-64-20-29-97-31-98-16-80-77-33-89-91-79-6-36-41-2-9-42-45-85-13-4-21-44-28-82-12-43-95-34-50-83-54-87-81-92-71-47-100-67-17-53-73-40-24-99-3-84-1-60-15-32-39-37-72-11-86-65-38-7-5-59-10-18-96-26-69-90-14-56-52-46-35-55-61-25-75-78-8-68-63-74-70-76
Ta100x20,7,1,100,0.9625,0.125,3,2230703228,17000,6504,6346,5991,1.383626049,v2_avx512bw_vec32_exact_perm,57-85-80-93-100-31-7-48-43-95-45-73-84-39-98-94-96-89-58-41-67-42-19-36-17-59-99-12-78-29-97-16-33-51-6-9-20-38-82-47-91-79-60-5-88-77-32-34-66-90-56-65-21-72-8-14-71-50-55-54-49-18-69-44-64-22-23-4-74-40-87-28-13-52-2-1-3-27-26-53-61-46-62-92-25-24-68-81-15-86-63-37-10-75-11-83-30-35-70-76
Ta100x20,7,1,100,0.9625,0.125,4,2230704237,17000,6459,6346,5991,1.408746536,v2_avx512bw_vec32_exact_perm,57-49-93-85-31-95-58-45-96-23-27-16-80-42-29-51-13-17-2-97-67-36-28-30-62-39-82-88-32-73-84-33-91-64-43-34-22-100-98-77-87-65-94-3-69-59-19-48-66-11-40-71-55-10-5-8-89-60-15-6-21-61-41-7-81-18-54-24-90-72-47-14-38-20-53-12-35-79-50-86-52-92-1-56-99-83-75-25-70-9-4-37-46-26-44-63-78-74-68-76
Ta100x20,7,1,100,0.9625,0.125,5,2230705246,17000,6466,6346,5991,1.381235861,v2_avx512bw_vec32_exact_perm,57-49-83-80-45-95-94-48-93-91-23-27-51-20-2-58-43-39-13-73-88-18-77-64-6-96-67-29-62-69-89-12-34-97-31-79-17-14-16-33-30-60-84-37-21-26-59-36-28-74-22-42-82-47-38-19-11-61-100-24-90-50-3-32-56-41-9-8-35-86-54-72-5-63-40-92-65-71-55-87-7-66-53-99-98-81-15-1-46-4-85-52-10-75-68-44-70-76-78-25
Ta100x20,7,1,100,0.9625,0.125,6,2230706255,17000,6472,6346,5991,1.415833208,v2_avx512bw_vec32_exact_perm,57-49-85-93-73-51-98-94-96-39-67-58-2-91-59-100-77-48-20-45-82-16-43-36-44-42-64-34-41-3-72-84-33-99-6-97-19-7-95-62-89-60-88-65-32-29-14-15-30-17-46-18-79-92-74-9-69-13-38-61-81-23-80-21-27-56-75-70-40-12-10-86-8-31-55-71-47-28-35-11-22-53-90-5-54-4-83-87-26-52-66-24-1-50-78-63-37-76-68-25
Ta100x20,7,1,100,0.9625,0.125,7,2230707264,17000,6521,6346,5991,1.415661616,v2_avx512bw_vec32_exact_perm,57-22-85-64-49-93-95-88-67-100-7-60-32-97-43-14-34-23-41-58-96-52-33-31-73-51-45-2-13-89-91-6-28-17-62-29-26-77-66-38-27-19-20-53-72-99-16-74-69-15-90-98-65-48-84-1-59-42-81-56-8-61-40-3-54-94-76-55-12-36-92-30-21-79-70-5-9-4-47-18-86-87-35-46-80-71-39-44-50-83-37-82-24-11-78-25-10-63-75-68
Ta100x20,7,1,100,0.9625,0.125,8,2230708273,17000,6502,6346,5991,1.49905955,v2_avx512bw_vec32_exact_perm,57-95-93-85-67-89-42-94-98-16-48-7-66-45-64-88-51-59-17-73-96-26-6-54-97-77-21-23-84-20-32-39-31-69-13-33-9-50-91-19-11-47-82-40-65-100-99-12-72-43-38-29-36-5-49-56-30-63-3-71-70-14-55-52-79-18-1-44-46-62-4-53-58-60-92-8-27-22-15-74-90-24-41-37-83-61-81-35-34-80-28-10-86-2-75-87-76-78-25-68
Ta100x20,7,1,100,0.9625,0.125,9,2230709282,17000,6431,6346,5991,1.378147122,v2_avx512bw_vec32_exact_perm,57-49-93-85-67-20-31-100-84-42-8-32-33-91-82-43-27-51-64-45-48-88-73-52-96-24-59-69-28-19-95-13-44-99-50-98-29-36-39-16-38-94-79-6-62-12-97-89-55-37-11-4-3-53-72-40-58-34-41-18-22-21-77-5-7-23-92-71-2-47-17-30-66-70-65-9-86-26-74-56-14-15-46-63-87-54-81-60-61-90-35-10-76-83-75-1-68-80-78-25
Ta100x20,7,1,100,0.9625,0.125,10,2230710291,17000,6484,6346,5991,1.370514011,v2_avx512bw_vec32_exact_perm,49-95-93-85-67-48-77-33-31-7-89-28-98-27-88-96-100-59-51-91-62-20-58-97-16-43-73-55-94-42-99-29-13-38-21-45-72-80-61-41-19-34-25-32-54-39-86-6-84-2-10-92-11-22-17-8-69-23-3-26-79-50-64-14-52-56-87-12-70-5-18-71-53-9-35-46-4-47-81-36-30-60-82-44-65-90-24-15-1-40-74-63-83-37-66-75-78-68-57-76
Ta100x20,7,1,100,1,0.025,1,2230701210,17000,6483,6346,5991,1.630295813,v2_avx512bw_vec32_exact_perm,57-95-93-85-67-94-98-49-39-58-45-42-20-51-97-64-88-16-32-23-7-14-84-73-31-8-27-54-11-12-91-61-43-18-21-29-96-13-59-24-34-72-92-86-41-28-90-19-55-48-70-33-22-100-89-62-44-52-40-56-6-77-36-30-17-2-38-50-69-37-26-60-87-5-3-53-99-47-4-46-75-1-82-25-65-15-79-83-71-81-66-63-74-76-9-10-35-80-78-68
Ta100x20,7,1,100,1,0.025,2,2230702219,17000,6431,6346,5991,1.586002975,v2_avx512bw_vec32_exact_perm,57-93-85-80-67-94-21-45-98-51-48-97-26-20-29-43-64-58-14-16-8-23-73-24-12-92-89-27-19-59-32-33-2-47-91-88-49-42-6-79-18-77-69-62-46-84-66-31-39-34-61-36-7-38-72-5-53-28-86-100-75-82-90-13-71-40-4-74-30-99-3-55-15-65-50-54-87-17-60-96-95-1-9-41-22-35-11-52-81-70-83-44-56-10-63-78-25-37-76-68
Ta100x20,7,1,100,1,0.025,3,2230703228,17000,6479,6346,5991,1.451639252,v2_avx512bw_vec32_exact_perm,85-80-49-93-73-67-16-42-29-51-97-98-8-12-23-31-94-89-100-43-19-55-64-88-54-58-20-7-62-14-52-39-48-9-45-91-69-13-99-65-84-59-95-96-60-22-6-15-30-79-46-72-4-90-41-35-34-32-36-38-27-87-3-17-71-61-40-47-18-77-33-21-75-92-50-1-28-81-68-66-53-63-37-82-5-78-24-26-86-74-2-56-70-25-83-44-11-10-76-57
Ta100x20,7,1,100,1,0.025,4,2230704237,17000,6466,6346,5991,1.504490319,v2_avx512bw_vec32_exact_perm,57-49-45-88-95-93-58-60-100-67-7-48-24-59-51-39-13-33-89-22-27-64-96-28-91-6-41-43-71-34-2-23-19-14-84-99-8-17-15-12-90-97-3-85-32-20-36-30-16-44-73-62-72-4-81-82-69-29-98-46-92-74-80-31-47-42-77-66-79-61-18-87-40-21-75-94-50-5-54-53-65-70-26-55-11-83-38-52-56-10-63-9-86-37-25-78-35-1-76-68
Ta100x20,7,1,100,1,0.025,5,2230705246,17000,6531,6346,5991,1.605048175,v2_avx512bw_vec32_exact_perm,57-85-67-80-95-93-98-7-58-45-76-41-51-48-89-94-13-6-37-62-31-16-77-32-20-39-72-21-14-84-69-88-73-54-30-79-42-24-92-97-22-33-34-19-28-43-52-47-40-100-55-38-91-11-99-96-71-59-86-12-3-64-29-53-23-2-5-27-18-50-87-90-60-74-15-1-17-65-8-82-66-9-56-46-26-81-25-36-49-4-61-35-75-70-44-63-10-83-78-68
Ta100x20,7,1,100,1,0.025,6,2230706255,17000,6496,6346,5991,1.533758863,v2_avx512bw_vec32_exact_perm,49-85-93-7-95-80-67-94-98-43-22-39-97-16-89-30-36-19-6-69-59-64-14-96-86-23-32-20-82-5-88-51-72-41-58-2-33-12-73-78-29-84-28-13-62-34-35-77-21-47-66-50-45-65-18-17-54-44-11-91-8-61-53-27-26-3-40-68-24-70-71-90-55-99-9-31-100-87-60-92-79-83-52-4-81-56-42-38-1-48-74-46-63-37-15-25-10-75-57-76
Ta100x20,7,1,100,1,0.025,7,2230707264,17000,6470,6346,5991,1.7115226,v2_avx512bw_vec32_exact_perm,57-85-49-80-39-96-95-67-45-42-84-14-23-93-20-29-51-48-69-98-28-64-77-58-13-34-97-21-73-32-79-2-60-43-89-88-91-59-55-99-100-8-61-16-38-72-41-53-27-31-9-18-86-19-62-46-75-4-11-37-66-7-52-6-71-36-30-3-17-90-24-40-47-54-22-33-92-65-12-26-94-87-44-83-56-68-1-15-10-5-25-81-50-78-82-74-63-35-70-76
Ta100x20,7,1,100,1,0.025,8,2230708273,17000,6521,6346,5991,1.450433926,v2_avx512bw_vec32_exact_perm,57-67-94-49-95-31-7-100-80-20-93-58-23-98-45-96-39-51-12-59-13-91-42-46-30-34-25-89-97-19-92-55-36-18-84-21-64-9-1-69-99-88-43-41-54-73-28-38-71-29-6-16-5-47-66-82-50-79-3-17-32-33-61-62-72-4-48-14-22-77-27-85-15-90-74-87-60-65-70-8-10-40-63-37-56-52-81-26-83-53-86-2-44-24-11-35-76-75-78-68
Ta100x20,7,1,100,1,0.025,9,2230709282,17000,6541,6346,5991,1.635614357,v2_avx512bw_vec32_exact_perm,49-85-93-73-51-98-39-43-64-67-50-7-2-72-80-94-78-22-20-34-58-95-41-19-88-32-47-77-89-28-62-13-91-82-45-30-69-92-31-23-27-3-25-57-90-46-65-6-96-42-8-40-12-61-74-97-21-55-59-71-1-60-84-99-68-36-17-14-86-18-79-16-81-38-26-9-70-100-10-33-44-56-15-29-54-53-52-5-63-11-83-37-48-75-87-4-66-24-35-76
Ta100x20,7,1,100,1,0.025,10,2230710291,17000,6573,6346,5991,1.686256495,v2_avx512bw_vec32_exact_perm,57-22-49-77-86-93-28-95-30-62-97-5-20-7-64-67-82-88-98-32-33-42-54-65-13-43-69-29-50-85-99-16-89-52-79-45-14-39-80-21-84-36-72-8-24-73-55-31-23-70-6-12-3-11-91-60-44-19-17-38-59-51-48-34-76-47-100-96-41-71-53-81-92-61-56-94-40-35-83-9-90-46-27-78-66-58-68-4-63-37-1-10-18-26-74-25-2-87-15-75
Ta100x20,7,1,100,1,0.05,1,2230701210,17000,6486,6346,5991,1.622078346,v2_avx512bw_vec32_exact_perm,57-93-85-80-67-60-58-7-64-51-88-62-94-98-49-12-20-77-31-33-96-95-30-89-45-99-73-19-6-16-75-36-53-38-32-29-100-52-13-27-43-42-66-34-17-91-41-40-72-59-79-21-84-39-82-3-47-14-22-90-4-69-61-48-28-71-97-11-37-8-70-63-26-86-9-10-2-55-23-65-92-87-18-46-74-15-5-81-76-1-25-56-50-54-83-44-35-78-24-68
Ta100x20,7,1,100,1,0.05,2,2230702219,17000,6492,6346,5991,1.584878635,v2_avx512bw_vec32_exact_perm,57-49-7-95-30-80-93-67-89-88-41-85-58-23-94-48-45-20-28-51-16-36-32-13-100-59-39-96-72-84-99-52-33-74-42-22-47-73-14-21-9-27-6-3-46-19-8-79-15-17-91-64-2-43-86-55-35-56-38-82-61-29-62-97-34-92-31-11-12-69-77-37-60-24-18-44-50-90-54-87-65-1-71-40-98-10-66-26-63-81-83-53-5-70-4-75-78-25-68-76
Ta100x20,7,1,100,1,0.05,3,2230703228,17000,6460,6346,5991,1.666365798,v2_avx512bw_vec32_exact_perm,57-49-93-100-58-95-80-91-48-67-94-85-54-97-41-31-51-39-96-6-14-23-64-45-98-2-84-20-16-77-43-69-28-73-13-4-89-29-5-99-53-19-40-11-3-34-12-78-24-66-62-87-22-72-27-21-17-8-59-42-86-88-90-60-81-79-18-50-32-7-1-46-52-92-33-10-30-71-55-56-26-38-82-44-63-74-15-61-47-65-35-36-37-83-75-25-9-68-70-76
Ta100x20,7,1,100,1,0.05,4,2230704237,17000,6578,6346,5991,1.780572025,v2_avx512bw_vec32_exact_perm,49-76-93-100-95-43-80-30-60-45-63-88-51-39-13-21-14-84-58-33-20-16-73-32-8-41-67-61-71-62-7-66-28-29-15-26-17-79-2-75-48-89-86-3-34-97-64-85-12-59-72-18-96-19-69-55-37-50-99-77-92-6-91-90-47-23-4-53-98-82-46-40-11-27-22-56-42-87-70-52-5-25-24-38-54-1-65-81-36-94-9-31-10-44-83-68-74-78-35-57
Ta100x20,7,1,100,1,0.05,5,2230705246,17000,6482,6346,5991,1.78329557,v2_avx512bw_vec32_exact_perm,57-49-95-67-93-30-26-77-51-48-58-41-19-88-39-97-89-17-73-64-3-33-16-43-12-29-34-36-42-84-66-100-6-62-22-59-96-20-32-45-27-13-72-74-28-8-53-85-2-99-38-94-47-31-54-69-87-91-90-60-71-7-5-11-14-50-79-92-55-21-40-61-98-82-65-18-81-70-4-24-56-15-44-9-35-1-52-46-23-63-86-37-78-83-80-10-75-25-68-76
Ta100x20,7,1,100,1,0.05,6,2230706255,17000,6485,6346,5991,1.434263193,v2_avx512bw_vec32_exact_perm,93-85-49-67-94-98-51-48-97-77-78-89-12-88-95-73-45-31-100-96-6-36-43-27-82-62-28-84-59-39-3-66-22-79-53-47-64-41-19-52-58-34-69-60-20-14-30-13-7-21-71-38-23-55-91-40-72-57-92-11-8-42-46-32-99-50-44-16-1-61-56-18-35-15-29-33-90-80-65-9-2-81-24-68-17-25-5-4-86-37-26-10-63-74-54-83-87-70-76-75
Ta100x20,7,1,100,1,0.05,7,2230707264,17000,6531,6346,5991,1.472819196,v2_avx512bw_vec32_exact_perm,49-85-93-84-80-95-20-58-94-5-67-7-19-16-23-27-62-31-72-88-51-48-97-39-43-52-45-63-66-69-60-65-98-64-78-53-59-12-76-79-2-24-47-33-96-22-87-42-36-6-73-34-40-32-91-21-55-68-46-13-17-100-30-38-26-92-29-89-3-1-56-14-15-75-41-61-8-28-10-77-99-44-90-54-18-81-50-71-86-74-9-11-82-70-4-35-25-37-83-57
Ta100x20,7,1,100,1,0.05,8,2230708273,17000,6521,6346,5991,1.552649871,v2_avx512bw_vec32_exact_perm,57-49-83-67-42-31-7-58-16-82-64-80-45-34-95-41-89-71-17-9-26-24-33-14-2-93-30-66-85-19-47-20-51-28-11-22-21-53-13-39-36-27-5-6-37-18-92-43-29-84-99-88-100-62-73-32-10-96-87-70-97-79-3-50-60-23-69-44-59-91-55-56-12-72-8-98-61-46-77-90-40-65-48-81-15-94-75-35-74-78-38-54-86-4-63-1-52-25-76-68
Ta100x20,7,1,100,1,0.05,9,2230709282,17000,6450,6346,5991,1.564745843,v2_avx512bw_vec32_exact_perm,57-93-85-49-95-6-60-67-7-41-59-51-27-48-80-31-58-23-24-100-14-20-13-53-28-64-62-89-91-61-43-12-8-29-52-97-11-45-99-19-88-92-42-79-86-84-82-73-16-22-33-21-77-34-94-5-72-47-40-54-2-37-26-55-65-38-36-17-3-74-98-90-96-18-32-69-39-44-78-70-50-9-66-46-30-81-15-4-56-35-83-71-87-63-1-10-75-76-25-68
Ta100x20,7,1,100,1,0.05,10,2230710291,17000,6563,6346,5991,1.650302857,v2_avx512bw_vec32_exact_perm,57-85-80-49-93-58-95-39-6-51-100-62-16-67-82-97-94-89-43-77-23-20-31-29-21-84-47-22-64-73-19-88-27-34-13-42-30-91-33-8-24-59-12-98-96-7-18-66-72-74-86-32-11-41-71-37-53-14-5-36-87-28-2-26-3-79-70-10-50-44-69-92-99-55-60-68-56-54-81-76-90-45-48-46-4-9-25-40-17-83-65-1-15-38-61-78-52-63-75-35
Ta100x20,7,1,100,1,0.075,1,2230701210,17000,6488,6346,5991,1.607359219,v2_avx512bw_vec32_exact_perm,57-93-49-39-45-94-96-51-62-84-73-31-58-98-19-69-64-97-34-67-13-42-99-7-23-88-27-25-16-48-95-55-43-59-3-33-12-89-20-91-29-82-65-77-6-14-36-87-21-38-72-17-11-22-100-54-24-30-46-41-8-53-26-28-52-40-66-79-32-90-74-60-92-85-61-2-5-80-47-10-63-86-50-37-68-71-83-1-56-15-44-4-81-18-75-78-9-35-70-76
Ta100x20,7,1,100,1,0.075,2,2230702219,17000,6540,6346,5991,1.585927873,v2_avx512bw_vec32_exact_perm,83-80-95-58-7-98-93-85-51-39-13-88-100-67-48-60-34-97-6-26-45-20-52-77-89-14-12-43-78-41-33-72-64-16-68-86-94-59-24-62-22-21-55-30-36-92-31-19-53-69-61-40-5-2-79-18-10-23-27-84-91-82-38-47-73-50-44-42-65-96-87-29-17-54-63-3-11-37-99-32-90-4-81-15-1-46-28-71-74-8-66-75-9-76-56-49-35-70-25-57
Ta100x20,7,1,100,1,0.075,3,2230703228,17000,6462,6346,5991,1.60055759,v2_avx512bw_vec32_exact_perm,57-49-93-23-80-39-67-45-13-31-88-73-51-95-58-94-86-98-62-91-41-43-77-60-32-20-28-84-33-29-52-99-79-4-96-19-6-12-3-1-82-97-8-22-7-48-90-69-72-71-38-64-47-21-55-5-11-40-42-16-36-61-34-44-54-100-92-30-81-89-18-17-9-24-66-26-14-87-65-53-46-27-68-74-50-85-15-70-56-2-37-83-59-75-63-35-10-78-25-76
Ta100x20,7,1,100,1,0.075,4,2230704237,17000,6497,6346,5991,1.60405712,v2_avx512bw_vec32_exact_perm,49-80-22-85-39-16-67-7-52-33-41-19-95-6-62-45-48-50-51-97-43-28-64-26-9-34-93-72-82-88-27-13-23-89-14-58-31-79-2-73-91-84-59-8-17-92-32-100-20-44-12-87-60-77-36-65-53-46-98-42-90-3-29-30-38-78-69-15-81-94-99-18-54-61-47-74-11-25-71-66-86-21-96-55-4-1-40-56-10-83-5-63-37-24-68-57-35-70-76-75
Ta100x20,7,1,100,1,0.075,5,2230705246,17000,6502,6346,5991,1.783353858,v2_avx512bw_vec32_exact_perm,57-93-39-32-49-73-67-88-77-27-91-41-16-28-48-26-62-84-20-7-89-6-51-69-98-64-34-31-47-60-53-24-66-58-59-45-100-17-50-82-38-72-33-22-43-19-8-95-79-85-12-75-36-90-2-61-55-18-23-3-13-42-81-92-87-94-44-40-21-97-52-99-29-56-71-83-30-15-1-11-96-10-86-35-9-46-63-54-14-5-4-70-80-37-65-74-68-78-25-76
Ta100x20,7,1,100,1,0.075,6,2230706255,17000,6505,6346,5991,1.445001529,v2_avx512bw_vec32_exact_perm,93-85-80-49-20-7-51-98-94-13-30-89-91-60-67-59-19-88-58-96-36-42-8-23-27-16-99-66-6-77-34-54-31-45-95-44-64-82-84-69-97-61-100-40-12-57-90-48-28-55-21-5-46-62-92-50-29-73-43-2-14-72-81-78-11-22-4-15-1-3-33-71-47-18-9-17-65-79-32-41-70-87-26-37-83-38-39-53-24-52-35-56-86-63-74-10-76-25-75-68
Ta100x20,7,1,100,1,0.075,7,2230707264,17000,6495,6346,5991,1.424038198,v2_avx512bw_vec32_exact_perm,93-95-57-67-96-83-66-58-94-51-97-98-49-64-88-6-45-100-30-21-40-62-91-65-80-39-32-15-85-19-17-20-82-89-28-24-73-29-43-2-69-99-59-84-18-23-5-90-16-47-50-22-60-72-78-55-79-14-9-13-92-4-33-42-46-7-34-12-44-37-41-52-11-3-10-53-26-36-27-31-75-8-77-87-38-71-1-81-61-25-54-48-74-63-86-56-68-35-70-76
Ta100x20,7,1,100,1,0.075,8,2230708273,17000,6462,6346,5991,1.461950463,v2_avx512bw_vec32_exact_perm,57-49-85-93-67-100-80-42-84-73-20-75-43-39-51-94-45-52-86-48-88-36-64-28-21-77-69-62-59-98-99-96-22-27-19-32-34-8-95-97-31-53-89-12-16-13-33-29-14-23-37-24-90-6-91-40-2-11-58-47-61-60-30-71-81-92-17-9-3-66-41-7-65-82-72-38-55-46-54-76-79-83-87-18-5-10-50-15-26-74-1-4-44-56-35-70-63-78-25-68
Ta100x20,7,1,100,1,0.075,9,2230709282,17000,6428,6346,5991,1.610146533,v2_avx512bw_vec32_exact_perm,57-49-93-85-80-95-67-60-32-91-20-30-94-41-43-51-2-36-58-45-13-42-89-53-19-33-27-28-14-84-62-16-73-99-77-52-88-29-8-86-21-24-37-59-31-40-39-11-12-100-17-22-97-96-98-72-65-48-34-69-92-46-61-3-55-26-90-44-4-9-82-47-66-6-7-81-18-54-74-15-1-5-50-64-56-87-71-70-75-83-38-79-35-63-23-10-25-78-68-76
Ta100x20,7,1,100,1,0.075,10,2230710291,17000,6531,6346,5991,1.645759152,v2_avx512bw_vec32_exact_perm,57-49-77-39-7-80-64-67-93-43-95-27-34-88-58-16-59-62-91-85-11-22-5-21-1-12-73-42-84-79-100-96-94-89-50-98-45-82-72-48-13-6-37-51-41-15-31-44-17-18-29-23-97-55-54-66-8-20-61-28-9-19-2-87-38-69-10-56-71-99-30-3-36-24-90-83-14-75-40-47-60-65-53-35-46-32-92-33-63-4-81-26-70-25-52-74-78-86-68-76
Ta100x20,7,1,100,1,0.1,1,2230701210,17000,6418,6346,5991,1.423004789,v2_avx512bw_vec32_exact_perm,57-49-93-85-67-45-88-60-51-23-19-27-48-22-43-95-80-21-16-7-89-94-69-73-84-98-5-91-33-59-39-13-58-62-6-64-96-2-53-20-71-77-34-66-1-50-11-12-40-97-28-8-92-61-47-18-29-52-41-82-74-26-38-17-31-90-72-55-36-3-99-24-9-100-54-14-30-46-65-42-56-70-79-25-32-44-4-87-81-15-63-37-83-68-86-10-75-78-35-76
Ta100x20,7,1,100,1,0.1,2,2230702219,17000,6480,6346,5991,1.513935085,v2_avx512bw_vec32_exact_perm,49-85-93-67-91-25-98-48-64-89-94-88-100-30-36-97-6-62-16-73-45-51-21-13-42-84-14-20-32-69-66-19-34-23-31-29-60-22-74-79-7-95-41-59-68-63-58-96-72-27-99-2-90-55-43-46-4-54-65-8-17-52-11-38-12-77-33-61-40-39-53-81-28-18-47-3-10-80-26-87-15-5-71-1-56-92-24-83-9-86-35-82-44-50-37-70-78-76-75-57
Ta100x20,7,1,100,1,0.1,3,2230703228,17000,6455,6346,5991,1.503216791,v2_avx512bw_vec32_exact_perm,57-49-80-93-85-78-67-94-98-7-62-91-48-64-88-58-73-96-42-13-28-95-6-45-77-90-99-97-19-43-14-31-47-3-39-59-12-8-100-38-24-16-69-30-29-89-41-92-34-71-84-23-60-21-55-61-36-87-65-70-44-17-18-40-32-79-4-33-2-82-9-10-22-86-27-51-20-72-26-81-53-54-5-11-52-56-1-15-68-46-74-50-66-83-37-63-75-35-25-76
Ta100x20,7,1,100,1,0.1,4,2230704237,17000,6482,6346,5991,1.5573325,v2_avx512bw_vec32_exact_perm,57-49-83-73-93-98-42-27-80-91-43-41-51-100-21-59-16-67-6-97-94-77-8-88-64-45-86-72-34-13-61-48-20-7-14-62-31-53-12-23-33-52-32-37-19-39-55-82-66-40-17-89-58-28-90-47-50-74-92-3-85-18-5-2-79-71-69-38-29-36-68-30-99-54-4-56-84-70-9-95-44-60-11-10-22-26-87-65-96-24-35-63-81-78-1-15-46-75-76-25
Ta100x20,7,1,100,1,0.1,5,2230705246,17000,6490,6346,5991,1.773086445,v2_avx512bw_vec32_exact_perm,57-96-76-80-93-85-95-67-45-43-94-52-59-41-19-51-20-21-84-89-88-100-23-42-62-58-13-91-14-77-6-16-49-99-66-82-78-12-73-29-61-39-38-24-15-55-86-98-34-3-69-33-32-36-18-79-46-97-28-30-2-8-31-53-60-71-50-27-90-22-72-56-92-5-87-40-47-48-17-83-44-64-9-26-4-81-7-54-35-11-37-10-74-65-25-63-1-68-70-75
Ta100x20,7,1,100,1,0.1,6,2230706255,17000,6499,6346,5991,1.723204891,v2_avx512bw_vec32_exact_perm,57-93-30-19-59-95-60-31-83-58-97-73-13-67-6-96-51-45-20-32-72-23-89-94-84-99-91-36-85-43-42-79-2-28-34-33-62-82-16-48-39-3-29-49-61-88-12-77-66-27-90-98-18-1-38-71-17-41-37-8-21-54-55-100-64-53-92-50-40-14-9-22-47-65-11-69-46-75-26-7-4-44-56-15-87-24-68-35-81-70-25-5-74-63-10-52-86-80-78-76
Ta100x20,7,1,100,1,0.1,7,2230707264,17000,6451,6346,5991,1.431312307,v2_avx512bw_vec32_exact_perm,57-85-80-93-98-39-49-97-67-88-94-73-48-42-84-58-60-78-64-19-41-96-59-27-31-51-100-12-13-9-45-91-82-24-90-20-52-43-21-29-89-77-14-54-6-8-34-22-72-66-47-36-46-33-32-79-92-55-50-23-26-61-16-5-53-70-37-18-56-25-62-4-30-69-40-65-95-17-38-7-87-99-3-71-86-81-15-28-2-44-76-74-11-35-63-10-1-83-75-68
Ta100x20,7,1,100,1,0.1,8,2230708273,17000,6450,6346,5991,1.437633117,v2_avx512bw_vec32_exact_perm,57-93-30-100-49-39-58-80-20-27-94-51-98-45-48-67-82-88-75-62-7-89-97-64-85-22-21-33-43-12-16-14-73-59-19-72-13-32-11-91-96-36-29-5-84-18-40-92-79-69-50-34-66-54-6-42-55-53-41-52-28-26-44-17-71-8-38-95-90-65-77-24-87-3-23-60-56-2-86-61-47-46-4-81-15-74-31-1-99-9-35-10-63-37-83-70-78-25-76-68
Ta100x20,7,1,100,1,0.1,9,2230709282,17000,6454,6346,5991,1.79136046,v2_avx512bw_vec32_exact_perm,57-93-95-45-85-62-22-39-51-58-41-94-67-49-88-100-84-99-98-28-77-48-53-33-73-32-2-27-13-7-19-66-89-92-43-31-29-23-86-82-12-44-34-20-42-37-16-69-74-8-50-90-6-40-36-5-91-64-87-59-21-55-18-17-97-10-3-30-80-71-83-79-15-11-72-96-65-14-46-63-9-26-47-1-61-81-60-52-56-54-24-70-38-4-35-75-78-25-68-76
Ta100x20,7,1,100,1,0.1,10,2230710291,17000,6466,6346,5991,1.780039428,v2_avx512bw_vec32_exact_perm,57-49-93-85-67-88-42-100-77-51-98-52-78-36-64-27-16-30-89-99-17-58-62-14-53-50-5-19-59-12-23-45-92-43-41-91-80-72-94-20-24-79-82-95-6-38-47-97-29-26-34-48-18-55-3-8-11-73-39-84-28-40-31-9-74-15-1-65-13-21-10-87-60-69-81-54-35-22-33-90-4-7-66-96-71-32-70-86-61-83-44-2-56-46-63-37-76-75-68-25
Ta100x20,7,1,100,1,0.125,1,2230701210,17000,6451,6346,5991,1.482457928,v2_avx512bw_vec32_exact_perm,57-85-80-93-100-49-67-20-94-60-31-6-96-39-51-98-48-45-22-62-42-79-64-84-14-95-21-27-69-13-97-32-88-73-71-40-29-58-41-7-92-44-34-2-91-11-8-12-26-38-17-43-33-72-66-16-30-65-82-50-74-46-90-89-83-55-59-28-52-77-99-19-56-47-18-81-3-53-36-23-5-63-15-1-61-68-10-86-37-25-24-9-4-75-54-35-78-87-70-76
Ta100x20,7,1,100,1,0.125,2,2230702219,17000,6485,6346,5991,1.503798447,v2_avx512bw_vec32_exact_perm,57-85-49-93-66-80-42-64-67-88-73-28-32-77-98-20-45-94-52-96-43-60-24-30-95-72-33-27-13-2-51-91-41-16-79-53-62-97-89-6-46-58-31-7-90-100-15-84-34-19-69-22-47-65-8-36-44-54-61-50-21-92-55-5-23-48-4-40-87-17-37-18-3-82-26-29-1-12-39-74-38-14-99-59-63-56-83-68-71-86-75-81-11-9-35-10-78-25-70-76
Ta100x20,7,1,100,1,0.125,3,2230703228,17000,6497,6346,5991,1.550108576,v2_avx512bw_vec32_exact_perm,57-93-95-94-49-91-67-20-7-62-61-98-39-80-12-51-47-33-16-58-50-43-73-89-97-45-42-88-19-28-13-82-79-52-84-99-14-6-96-76-9-64-40-34-31-100-59-86-32-54-92-17-22-69-23-29-38-71-41-72-48-27-60-87-46-18-56-77-44-21-53-85-15-55-36-5-2-66-4-30-75-35-90-83-37-26-3-1-81-8-24-70-11-65-74-63-25-10-78-68
Ta100x20,7,1,100,1,0.125,4,2230704237,17000,6447,6346,5991,1.637849918,v2_avx512bw_vec32_exact_perm,57-49-85-93-97-30-19-82-60-80-27-96-95-5-16-43-42-84-14-64-39-13-88-58-62-91-41-51-23-32-33-67-29-89-90-17-18-31-86-7-98-48-92-72-34-22-8-3-69-77-99-79-73-6-45-20-24-59-40-12-26-74-100-21-53-55-15-94-28-38-61-47-4-9-1-71-87-83-54-36-44-2-50-37-11-46-52-81-65-56-25-75-70-63-10-35-66-78-76-68
Ta100x20,7,1,100,1,0.125,5,2230705246,17000,6493,6346,5991,1.412316152,v2_avx512bw_vec32_exact_perm,93-100-49-39-80-31-7-95-67-6-60-96-94-32-48-97-27-43-42-88-62-51-50-23-91-18-64-29-69-65-84-59-66-45-13-34-73-16-58-33-19-77-12-52-20-56-1-40-2-75-8-24-90-89-72-17-38-3-30-14-26-47-41-21-36-28-81-53-82-71-55-11-54-5-87-22-70-92-79-83-68-86-15-85-99-74-46-63-37-61-4-98-44-9-35-10-78-25-57-76
Ta100x20,7,1,100,1,0.125,6,2230706255,17000,6553,6346,5991,1.686052034,v2_avx512bw_vec32_exact_perm,49-85-93-58-48-7-39-84-91-64-67-97-33-98-8-73-16-51-31-34-6-89-96-22-42-55-21-14-74-1-60-13-23-32-45-20-77-43-92-90-88-12-72-80-65-41-29-11-19-82-24-37-53-36-61-94-95-3-68-25-47-78-79-69-59-27-2-18-44-50-62-17-100-38-56-83-30-71-4-9-15-26-86-87-46-99-52-81-28-40-57-35-10-5-54-66-63-75-70-76
Ta100x20,7,1,100,1,0.125,7,2230707264,17000,6463,6346,5991,1.432517556,v2_avx512bw_vec32_exact_perm,57-67-31-95-45-94-80-64-6-16-77-51-93-23-97-98-49-20-72-58-48-27-24-43-73-88-42-36-9-60-39-30-62-91-19-90-12-84-92-11-40-65-17-13-21-7-52-69-44-59-38-71-100-82-81-37-50-14-34-8-26-66-55-89-85-18-29-47-96-99-4-46-32-33-3-5-53-28-41-2-54-87-10-35-86-61-83-56-70-78-22-25-79-15-74-63-75-1-76-68
Ta100x20,7,1,100,1,0.125,8,2230708273,17000,6471,6346,5991,1.493369304,v2_avx512bw_vec32_exact_perm,57-85-80-60-49-64-67-7-32-95-45-48-73-9-41-43-42-13-31-69-28-16-59-84-39-98-51-20-96-29-77-58-3-36-90-75-82-93-33-100-89-21-55-30-62-22-92-17-14-61-19-8-34-12-86-53-91-23-15-5-94-38-27-72-97-65-47-87-88-46-52-79-18-40-66-56-6-54-4-24-26-37-2-44-99-74-68-50-35-81-83-11-71-1-10-63-78-70-25-76
Ta100x20,7,1,100,1,0.125,9,2230709282,17000,6420,6346,5991,1.3579435,v2_avx512bw_vec32_exact_perm,57-49-93-100-67-89-85-52-88-58-62-45-95-19-33-48-12-73-98-77-97-6-42-20-84-28-43-13-69-64-23-29-31-34-96-80-91-32-72-8-92-94-59-78-55-21-24-1-22-40-71-53-39-14-15-90-41-16-30-66-99-51-17-50-65-9-38-47-27-46-18-3-26-7-79-2-86-36-61-75-82-60-74-5-4-87-54-35-81-11-37-25-10-63-44-83-56-68-70-76
Ta100x20,7,1,100,1,0.125,10,2230710291,17000,6469,6346,5991,1.252286966,v2_avx512bw_vec32_exact_perm,57-93-53-85-96-95-67-7-64-45-51-88-98-39-80-27-32-20-6-82-16-100-84-43-73-65-21-24-49-70-33-22-23-13-77-89-28-55-34-72-99-26-47-38-78-50-41-91-58-90-48-29-8-31-52-17-59-97-12-94-79-19-69-18-86-36-3-2-30-92-66-56-81-61-40-60-71-9-74-35-62-1-42-46-44-54-63-5-11-15-37-14-10-75-4-83-87-76-25-68
Ta100x20,7,2,200,0.85,0.025,1,2230701210,17000,6383,6346,5991,3.208623354,v2_avx512bw_vec32_exact_perm,57-96-85-93-95-67-7-58-80-39-27-62-14-88-98-48-64-45-51-73-16-43-42-20-84-89-91-6-100-13-77-34-66-17-22-59-12-8-29-26-23-69-31-71-82-97-19-47-65-53-92-41-33-54-61-36-30-21-44-72-49-50-52-90-94-5-55-3-99-60-79-2-4-87-18-74-11-40-46-28-32-81-56-15-70-38-9-10-24-35-86-63-37-1-76-83-75-68-78-25
Ta100x20,7,2,200,0.85,0.025,2,2230702219,17000,6461,6346,5991,2.770523068,v2_avx512bw_vec32_exact_perm,57-49-85-93-67-95-58-60-78-30-48-73-45-39-7-80-12-62-91-19-64-84-34-94-20-43-97-51-27-22-59-89-69-16-13-71-33-77-31-99-47-88-3-28-90-6-100-44-96-82-24-42-72-92-41-52-79-87-5-50-18-40-17-2-66-37-8-29-32-11-36-38-26-56-46-55-21-4-23-9-14-10-61-98-81-15-86-65-1-25-54-83-53-68-63-74-35-70-76-75
Ta100x20,7,2,200,0.85,0.025,3,2230703228,17000,6412,6346,5991,3.169425836,v2_avx512bw_vec32_exact_perm,57-49-93-23-91-98-39-67-85-94-48-89-45-60-43-31-95-32-33-77-69-13-64-88-28-59-100-51-6-62-84-20-73-16-12-21-87-97-27-53-66-96-58-19-90-42-41-29-40-92-34-24-78-82-22-55-36-61-47-26-65-3-14-79-11-2-5-50-8-18-17-52-30-56-15-72-44-46-86-7-99-9-4-38-71-74-54-63-70-75-35-81-80-83-37-25-10-1-76-68
Ta100x20,7,2,200,0.85,0.025,4,2230704237,17000,6500,6346,5991,3.138723518,v2_avx512bw_vec32_exact_perm,49-93-95-7-92-88-39-51-73-96-6-94-67-91-80-62-97-20-58-77-42-24-34-48-23-60-43-16-30-89-64-69-14-19-45-84-66-59-31-100-22-27-90-87-71-32-21-41-55-36-52-3-79-17-18-33-75-82-13-26-53-40-99-12-72-61-29-86-28-38-47-11-98-74-10-9-46-8-65-15-1-50-54-70-85-76-81-56-2-4-44-83-37-25-78-35-5-63-68-57
Ta100x20,7,2,200,0.85,0.025,5,2230705246,17000,6411,6346,5991,3.13451076,v2_avx512bw_vec32_exact_perm,57-49-85-93-39-94-80-32-45-62-95-58-41-19-88-64-67-23-73-31-7-48-91-51-21-55-14-20-12-52-13-97-72-6-96-29-54-43-33-27-16-66-34-42-59-50-2-79-84-89-69-60-18-37-17-38-53-100-82-99-24-28-30-46-92-90-3-98-77-65-8-47-87-22-36-26-61-40-71-11-74-83-15-9-81-5-70-4-44-56-63-78-25-10-86-35-75-1-76-68
Ta100x20,7,2,200,0.85,0.025,6,2230706255,17000,6454,6346,5991,2.646602092,v2_avx512bw_vec32_exact_perm,49-93-95-83-67-85-31-51-62-94-58-64-7-98-97-20-32-45-91-80-77-48-23-89-6-14-43-73-21-96-29-18-84-19-34-69-22-15-59-39-88-100-27-44-3-30-82-24-33-8-54-56-71-55-42-13-28-87-72-40-2-86-92-79-38-12-17-90-4-41-52-99-53-5-36-61-16-47-65-46-11-60-74-50-9-70-26-66-81-63-37-35-1-78-25-75-10-68-57-76
Ta100x20,7,2,200,0.85,0.025,7,2230707264,17000,6417,6346,5991,2.895112756,v2_avx512bw_vec32_exact_perm,57-49-95-73-67-58-94-80-45-62-64-88-98-42-85-93-8-16-43-89-6-60-97-7-99-20-29-51-48-28-84-96-69-59-66-91-27-26-13-34-22-21-77-82-33-55-61-23-2-52-50-79-14-90-3-41-92-19-17-12-46-36-30-38-47-72-39-31-24-11-53-100-65-87-10-86-40-18-32-5-56-71-15-74-9-70-44-63-54-4-81-83-37-35-1-75-68-78-25-76
Ta100x20,7,2,200,0.85,0.025,8,2230708273,17000,6477,6346,5991,2.918272388,v2_avx512bw_vec32_exact_perm,57-85-49-93-30-67-60-33-31-7-51-100-48-58-13-45-64-88-73-43-94-98-95-8-12-65-80-6-79-62-24-97-42-89-50-47-59-19-69-84-14-39-16-20-34-23-3-22-77-36-29-32-37-11-38-2-26-91-17-27-86-90-96-28-44-21-4-52-53-41-56-72-87-18-55-82-15-5-71-1-40-46-92-81-99-9-66-83-35-10-61-25-75-54-78-63-74-68-70-76
Ta100x20,7,2,200,0.85,0.025,9,2230709282,17000,6456,6346,5991,2.860278586,v2_avx512bw_vec32_exact_perm,57-80-93-100-67-48-89-16-7-31-27-95-45-96-98-51-39-88-23-97-32-19-14-20-59-24-62-6-91-49-33-84-73-71-28-94-13-12-86-43-79-52-87-4-54-29-18-41-66-34-58-55-21-77-85-3-38-36-82-92-65-17-5-22-8-47-46-64-9-50-42-56-69-90-2-61-40-44-72-11-60-75-10-81-53-26-30-15-74-99-63-37-83-1-25-78-68-35-70-76
Ta100x20,7,2,200,0.85,0.025,10,2230710291,17000,6476,6346,5991,2.993168775,v2_avx512bw_vec32_exact_perm,57-93-85-49-80-67-73-45-82-16-43-27-95-98-97-94-19-20-7-51-48-77-36-6-62-88-22-30-23-39-14-32-99-8-89-34-91-33-42-84-68-60-79-17-55-92-3-21-10-41-61-90-13-69-31-28-53-40-100-96-29-58-38-2-66-59-71-5-25-4-72-12-47-78-11-37-18-46-64-9-63-56-26-81-75-86-15-65-74-54-1-50-52-44-24-35-83-87-70-76
Ta100x20,7,2,200,0.85,0.05,1,2230701210,17000,6437,6346,5991,2.607822126,v2_avx512bw_vec32_exact_perm,57-49-96-85-95-67-45-94-21-84-62-89-58-88-73-100-48-41-31-77-29-60-43-32-59-93-7-99-98-97-39-51-8-91-24-30-80-12-90-42-50-44-69-14-34-92-82-22-79-36-65-16-72-13-40-33-61-2-27-20-19-87-17-28-53-15-55-5-3-26-70-23-81-52-46-4-1-18-38-47-37-6-56-54-68-64-83-71-74-11-9-35-66-63-10-25-86-75-78-76
Ta100x20,7,2,200,0.85,0.05,2,2230702219,17000,6409,6346,5991,2.515934591,v2_avx512bw_vec32_exact_perm,57-85-93-67-88-95-100-19-48-69-45-73-51-94-31-98-49-39-32-43-89-97-6-96-27-33-14-16-59-22-23-91-41-34-77-8-20-42-58-29-36-84-3-62-64-44-82-79-12-7-66-72-65-13-21-80-61-2-24-90-55-15-28-47-40-17-18-5-92-30-74-99-53-60-50-54-87-83-37-11-71-46-4-9-86-52-81-35-56-26-25-1-70-38-10-63-75-78-68-76
Ta100x20,7,2,200,0.85,0.05,3,2230703228,17000,6420,6346,5991,2.645569829,v2_avx512bw_vec32_exact_perm,57-85-49-93-80-39-67-77-66-94-58-98-64-100-96-34-14-48-33-16-51-13-91-27-65-43-82-88-54-55-6-62-45-89-73-31-97-3-42-20-12-53-19-36-84-61-7-17-28-40-92-44-21-59-69-23-29-5-24-18-99-71-8-50-72-47-38-79-2-41-9-95-1-46-32-4-90-22-87-60-26-81-70-56-52-74-83-30-86-35-11-10-63-15-37-75-25-78-68-76
Ta100x20,7,2,200,0.85,0.05,4,2230704237,17000,6430,6346,5991,2.606645541,v2_avx512bw_vec32_exact_perm,93-49-85-64-80-16-23-67-95-45-51-88-98-100-20-77-82-94-32-97-11-89-6-91-62-7-48-73-84-96-42-1-22-15-79-27-2-13-28-17-41-43-72-29-66-59-40-65-19-53-54-50-69-92-44-31-12-33-21-14-36-30-38-34-71-46-58-47-60-61-26-78-55-83-39-3-87-8-18-52-24-9-74-70-90-5-35-81-86-4-99-56-10-63-37-25-75-68-57-76
Ta100x20,7,2,200,0.85,0.05,5,2230705246,17000,6481,6346,5991,2.845533303,v2_avx512bw_vec32_exact_perm,57-49-95-93-85-60-67-16-100-84-47-73-31-7-52-39-96-6-14-89-45-98-43-32-62-64-69-20-58-88-19-94-34-77-97-72-66-80-48-22-59-17-51-27-5-91-71-92-8-50-23-33-3-30-55-18-36-21-13-42-82-61-90-24-12-4-1-38-9-2-41-79-65-54-35-29-11-99-81-53-15-28-46-87-83-44-63-37-56-76-40-10-75-25-26-86-74-78-68-70
Ta100x20,7,2,200,0.85,0.05,6,2230706255,17000,6474,6346,5991,2.588864703,v2_avx512bw_vec32_exact_perm,49-85-93-39-62-58-95-60-67-16-98-100-84-73-77-89-14-64-31-45-43-42-13-27-88-51-28-97-48-6-96-34-29-66-59-22-41-21-79-91-2-38-30-36-11-12-69-26-20-3-19-47-17-8-61-7-72-40-90-24-18-52-74-33-82-32-55-37-94-92-46-81-99-80-9-4-54-83-87-65-44-71-70-63-56-15-35-53-5-1-10-86-76-50-75-23-78-25-68-57
Ta100x20,7,2,200,0.85,0.05,7,2230707264,17000,6420,6346,5991,2.611938776,v2_avx512bw_vec32_exact_perm,57-49-93-85-67-98-7-54-73-64-19-58-31-45-43-95-13-29-39-88-32-23-14-51-48-96-6-27-97-89-82-22-79-94-62-91-59-55-28-21-92-77-84-33-41-78-42-34-38-17-20-87-60-12-53-61-36-16-100-40-44-24-90-47-18-3-8-69-99-9-65-26-37-50-2-11-46-66-30-71-56-15-72-81-4-63-70-5-10-86-35-75-83-80-52-74-1-76-25-68
Ta100x20,7,2,200,0.85,0.05,8,2230708273,17000,6439,6346,5991,2.550172404,v2_avx512bw_vec32_exact_perm,57-49-93-85-80-89-94-58-64-67-7-62-88-19-12-73-39-59-45-16-51-48-33-77-6-95-96-34-22-28-47-97-20-100-84-72-38-14-21-32-43-17-66-92-24-60-41-27-30-40-91-23-13-42-69-31-79-82-53-2-55-3-61-99-8-11-54-44-36-18-50-29-98-65-9-71-90-26-74-83-87-46-86-52-4-37-68-63-5-10-56-1-15-81-75-25-78-35-70-76
Ta100x20,7,2,200,0.85,0.05,9,2230709282,17000,6410,6346,5991,2.632615723,v2_avx512bw_vec32_exact_perm,57-49-85-93-23-39-80-67-94-16-33-98-96-51-58-100-48-8-73-31-89-45-19-64-88-12-82-61-34-95-41-84-97-43-54-27-18-91-55-6-3-62-53-42-13-79-14-15-30-47-20-71-50-66-59-69-36-32-29-77-38-72-11-21-28-22-7-90-92-40-24-99-52-46-86-65-26-74-87-2-5-70-4-17-44-60-83-81-56-9-35-10-63-1-25-37-78-76-75-68
Ta100x20,7,2,200,0.85,0.05,10,2230710291,17000,6464,6346,5991,2.826206025,v2_avx512bw_vec32_exact_perm,93-95-85-80-49-67-94-48-7-97-42-89-45-31-19-88-23-41-51-20-28-24-98-13-39-59-43-12-64-30-91-77-15-34-14-100-84-66-79-6-38-16-82-47-69-73-65-81-96-2-72-54-33-22-78-55-21-87-60-8-99-61-74-32-40-92-29-17-58-90-3-27-71-50-36-53-75-70-5-11-52-86-18-56-62-9-4-46-26-44-35-10-63-37-1-25-83-68-57-76
Ta100x20,7,2,200,0.85,0.075,1,2230701210,17000,6471,6346,5991,2.540849759,v2_avx512bw_vec32_exact_perm,57-49-76-7-51-39-27-93-45-85-98-48-62-31-58-16-20-95-96-67-53-12-33-72-41-97-34-64-19-89-60-6-43-22-21-14-84-73-79-17-92-3-99-23-32-50-91-100-24-59-13-29-42-88-82-8-40-52-61-47-5-69-77-66-18-71-55-90-36-65-9-63-37-2-44-94-56-54-86-30-70-38-28-10-35-87-26-74-15-11-46-83-81-4-75-1-80-78-25-68
Ta100x20,7,2,200,0.85,0.075,2,2230702219,17000,6434,6346,5991,2.657842618,v2_avx512bw_vec32_exact_perm,57-49-85-93-67-95-100-80-45-31-64-30-60-62-14-19-82-88-58-48-97-39-36-96-32-6-89-73-84-17-28-91-13-20-23-98-51-29-77-47-22-21-94-69-38-34-18-72-8-92-43-55-65-33-59-99-52-3-7-12-41-71-61-53-40-90-16-24-66-27-54-79-11-50-86-9-42-5-2-4-56-44-15-46-87-83-26-74-37-68-25-81-10-63-75-1-78-35-70-76
Ta100x20,7,2,200,0.85,0.075,3,2230703228,17000,6389,6346,5991,2.644184988,v2_avx512bw_vec32_exact_perm,57-49-85-93-73-51-58-62-94-98-64-45-67-39-13-88-95-30-14-16-48-41-7-91-80-89-17-96-61-52-12-33-19-53-66-97-100-6-20-54-43-31-34-3-83-29-23-21-84-8-72-18-79-69-38-42-40-55-46-99-36-28-32-92-5-77-59-2-22-27-35-74-47-37-11-65-60-82-24-90-4-50-56-81-9-70-26-87-10-63-86-71-1-25-15-75-44-78-76-68
Ta100x20,7,2,200,0.85,0.075,4,2230704237,17000,6423,6346,5991,2.622712997,v2_avx512bw_vec32_exact_perm,57-49-93-85-80-67-95-45-39-98-48-58-62-64-7-19-89-88-100-22-43-27-51-86-91-20-34-6-13-72-96-82-99-69-97-31-73-16-79-28-84-14-21-90-12-53-36-8-18-30-77-54-52-29-5-66-33-24-59-42-47-17-71-38-50-23-94-32-3-81-41-11-37-2-4-46-1-15-55-61-60-10-40-65-92-83-44-56-26-74-9-76-87-35-70-63-75-78-25-68
Ta100x20,7,2,200,0.85,0.075,5,2230705246,17000,6422,6346,5991,2.729487616,v2_avx512bw_vec32_exact_perm,57-49-93-85-80-95-67-45-73-31-94-51-39-48-99-32-16-7-20-98-29-89-100-14-43-96-12-64-34-97-59-27-88-52-22-23-19-6-41-91-42-13-77-11-40-71-69-44-53-21-60-55-4-62-72-84-33-65-58-17-46-3-92-8-28-47-82-50-90-66-79-26-24-56-9-86-38-2-5-36-30-18-81-54-74-15-61-87-83-37-68-25-10-63-75-1-78-35-70-76
Ta100x20,7,2,200,0.85,0.075,6,2230706255,17000,6448,6346,5991,2.561740966,v2_avx512bw_vec32_exact_perm,57-49-93-60-84-95-27-67-91-85-62-51-98-39-45-48-89-96-31-58-94-7-54-23-97-6-41-19-88-59-14-42-44-8-12-66-79-16-43-11-64-2-4-17-9-22-69-73-13-21-72-30-20-100-53-38-15-29-33-34-32-35-55-3-99-86-10-71-61-28-47-80-77-90-65-56-52-50-1-82-75-81-36-46-18-40-24-37-5-83-92-87-26-63-74-70-78-25-68-76
Ta100x20,7,2,200,0.85,0.075,7,2230707264,17000,6402,6346,5991,2.622782595,v2_avx512bw_vec32_exact_perm,57-49-93-85-67-98-60-7-48-45-96-95-51-33-73-32-19-64-20-28-43-27-16-84-88-99-62-29-14-97-23-42-38-34-53-36-31-58-91-94-90-79-2-13-89-12-44-72-39-6-80-65-17-8-3-69-59-4-37-21-55-82-22-24-35-56-41-9-70-92-26-61-47-5-18-77-15-66-46-30-50-100-54-74-87-71-86-63-11-52-40-10-81-83-75-1-25-78-68-76
Ta100x20,7,2,200,0.85,0.075,8,2230708273,17000,6427,6346,5991,2.685399145,v2_avx512bw_vec32_exact_perm,57-49-80-93-30-42-97-67-16-85-73-51-39-58-98-45-48-64-88-32-33-96-69-62-91-43-82-22-27-19-94-34-66-84-21-17-41-23-38-65-7-72-20-53-14-2-90-13-24-61-15-79-95-28-55-8-50-89-59-12-47-92-3-6-1-46-29-36-54-31-100-86-9-10-5-11-18-77-99-40-74-26-52-56-35-44-4-83-87-71-70-81-63-37-60-75-78-25-68-76
Ta100x20,7,2,200,0.85,0.075,9,2230709282,17000,6412,6346,5991,2.695311726,v2_avx512bw_vec32_exact_perm,57-49-85-93-95-67-45-80-39-94-48-62-31-32-73-7-19-20-84-64-72-58-96-51-100-43-41-27-88-82-14-89-34-22-79-91-33-38-21-6-16-29-23-13-17-92-28-60-53-99-55-97-3-77-90-24-98-36-52-30-71-11-8-12-59-86-4-47-65-54-50-87-18-69-5-15-46-61-74-40-25-42-83-44-56-9-2-66-10-63-37-26-81-1-35-70-75-78-76-68
Ta100x20,7,2,200,0.85,0.075,10,2230710291,17000,6420,6346,5991,3.017895163,v2_avx512bw_vec32_exact_perm,57-49-85-93-67-100-80-73-31-16-64-7-89-6-45-95-20-58-77-88-2-28-48-96-30-14-33-62-72-22-8-51-27-91-43-99-59-12-29-86-98-39-84-94-92-44-21-41-52-17-11-3-50-81-82-97-69-34-61-19-46-18-38-47-42-79-13-90-32-56-71-36-53-24-40-5-9-66-4-54-23-65-35-26-55-15-87-10-63-74-1-60-70-78-83-37-25-75-68-76
Ta100x20,7,2,200,0.85,0.1,1,2230701210,17000,6436,6346,5991,2.910741552,v2_avx512bw_vec32_exact_perm,57-49-85-93-89-67-88-19-95-48-73-96-29-51-39-58-45-13-20-64-34-12-98-91-43-8-6-42-62-97-82-84-99-27-16-86-31-69-14-9-53-66-41-21-72-46-32-79-36-7-55-60-15-61-59-33-44-17-22-92-50-100-28-26-2-5-80-63-74-3-23-90-18-30-77-52-78-38-94-71-47-75-11-40-65-10-87-56-25-54-35-81-4-83-37-24-1-68-70-76
Ta100x20,7,2,200,0.85,0.1,2,2230702219,17000,6475,6346,5991,2.731609386,v2_avx512bw_vec32_exact_perm,49-93-95-67-60-58-7-73-19-51-88-31-98-64-32-77-62-42-45-44-85-23-50-82-48-89-75-36-6-96-14-59-12-97-39-34-13-22-20-9-91-33-21-29-94-8-84-65-53-66-69-43-90-16-28-27-46-72-79-80-38-47-71-100-30-2-78-55-92-41-15-4-56-87-24-40-52-17-86-61-83-3-54-11-10-37-81-1-18-26-74-25-99-63-5-68-57-35-70-76
Ta100x20,7,2,200,0.85,0.1,3,2230703228,17000,6424,6346,5991,2.680060407,v2_avx512bw_vec32_exact_perm,57-49-85-93-67-73-51-88-98-60-45-91-80-39-48-19-20-6-94-96-2-43-50-58-95-41-97-29-89-13-71-17-23-62-64-30-14-69-31-72-12-78-86-59-33-16-22-79-99-32-100-4-77-3-84-11-53-27-36-40-52-61-18-7-44-21-90-55-42-46-81-66-28-47-8-38-34-24-54-92-5-56-63-83-65-9-35-10-87-26-74-82-70-15-37-1-76-25-75-68
Ta100x20,7,2,200,0.85,0.1,4,2230704237,17000,6424,6346,5991,2.583045627,v2_avx512bw_vec32_exact_perm,57-49-85-93-39-67-7-62-94-51-97-58-73-19-64-88-98-48-33-16-80-8-89-91-12-27-59-43-95-45-66-6-18-84-34-13-72-31-86-28-3-69-82-14-90-24-65-96-20-26-47-2-37-61-53-71-42-36-55-21-41-38-30-100-32-78-40-10-46-17-44-23-92-50-60-29-77-99-54-5-87-4-56-83-9-35-70-52-81-22-15-1-76-79-74-11-63-25-75-68
Ta100x20,7,2,200,0.85,0.1,5,2230705246,17000,6412,6346,5991,3.00235465,v2_avx512bw_vec32_exact_perm,57-49-85-93-95-67-45-83-80-51-39-48-89-58-96-14-64-88-98-73-16-6-42-13-34-72-43-97-36-94-62-91-79-32-44-17-66-59-31-77-8-12-69-37-18-84-92-29-21-82-20-61-27-24-86-41-3-53-47-23-28-22-40-19-99-30-54-100-71-55-90-38-11-65-2-87-50-60-7-52-10-33-75-46-26-4-1-56-9-25-5-35-78-81-15-63-74-68-70-76
Ta100x20,7,2,200,0.85,0.1,6,2230706255,17000,6444,6346,5991,2.509203936,v2_avx512bw_vec32_exact_perm,57-49-93-58-100-39-80-31-16-7-23-64-67-45-48-88-51-62-91-6-8-85-95-96-55-89-43-12-14-99-73-24-18-13-30-34-42-40-97-27-33-59-19-2-20-84-54-82-86-22-65-61-29-21-90-3-41-32-17-77-36-44-28-72-38-47-11-68-69-92-5-71-53-66-26-98-1-4-46-9-56-15-94-35-37-81-25-75-60-52-79-50-87-83-78-10-63-74-70-76
Ta100x20,7,2,200,0.85,0.1,7,2230707264,17000,6405,6346,5991,2.495961499,v2_avx512bw_vec32_exact_perm,57-93-85-49-80-95-41-67-45-31-94-62-58-19-7-89-27-82-88-98-64-96-48-51-39-84-73-21-22-28-47-77-6-66-97-16-34-69-100-13-20-59-91-65-53-40-12-43-29-36-71-8-33-24-14-9-92-42-79-17-32-44-3-90-50-11-15-61-55-60-26-56-2-30-23-81-72-70-38-99-87-18-54-4-46-86-5-83-37-68-63-74-52-1-76-35-10-75-78-25
Ta100x20,7,2,200,0.85,0.1,8,2230708273,17000,6430,6346,5991,2.549868436,v2_avx512bw_vec32_exact_perm,57-49-85-93-67-48-77-58-60-20-94-16-30-80-95-64-27-45-89-62-91-12-43-13-6-73-96-29-51-88-14-31-79-23-2-42-84-69-33-98-66-59-19-32-39-53-36-61-86-34-52-17-21-22-97-8-28-90-54-55-41-71-92-65-47-46-50-99-100-9-4-87-3-1-40-18-37-82-15-5-72-24-11-38-35-10-81-56-83-26-74-7-70-76-63-44-78-25-75-68
Ta100x20,7,2,200,0.85,0.1,9,2230709282,17000,6422,6346,5991,2.649858702,v2_avx512bw_vec32_exact_perm,57-49-93-30-100-80-94-67-95-6-62-45-48-91-43-64-77-51-73-88-98-39-16-22-89-13-7-58-27-8-65-36-85-96-12-11-42-84-28-66-29-79-3-2-20-41-32-59-19-34-97-50-90-74-82-69-21-38-72-99-55-54-14-33-31-10-61-53-47-18-5-26-46-4-87-40-71-17-83-23-9-25-44-60-92-56-52-81-35-15-24-1-68-86-63-37-70-76-75-78
Ta100x20,7,2,200,0.85,0.1,10,2230710291,17000,6420,6346,5991,3.030580618,v2_avx512bw_vec32_exact_perm,57-85-49-93-100-96-95-67-58-80-42-27-88-19-7-33-51-48-91-32-98-39-55-13-59-28-12-43-64-45-97-89-53-37-20-72-41-94-16-31-34-92-84-62-6-23-14-17-77-3-44-36-60-21-30-71-29-8-2-69-38-79-99-83-11-22-47-65-26-74-40-61-70-18-75-87-82-90-73-81-15-4-24-9-35-56-46-52-86-5-54-50-66-10-63-1-25-78-76-68
Ta100x20,7,2,200,0.85,0.125,1,2230701210,17000,6435,6346,5991,2.724014672,v2_avx512bw_vec32_exact_perm,57-49-93-85-67-91-59-19-82-96-16-95-73-7-64-84-62-28-39-58-41-88-51-60-98-65-48-89-13-53-42-33-27-22-43-2-6-45-97-99-94-75-72-3-8-20-30-86-21-77-69-29-17-80-38-36-61-26-92-34-12-46-31-74-100-63-14-23-40-52-79-55-90-18-71-32-66-11-5-50-9-10-4-1-44-15-56-81-83-37-25-47-68-54-24-87-78-35-70-76
Ta100x20,7,2,200,0.85,0.125,2,2230702219,17000,6483,6346,5991,2.788352848,v2_avx512bw_vec32_exact_perm,57-93-85-80-67-13-42-31-7-95-45-98-51-48-39-94-73-32-43-99-41-29-58-19-16-92-14-20-6-62-77-97-84-72-34-86-82-89-88-22-100-90-8-64-27-96-61-2-21-55-11-91-30-3-33-46-49-18-40-65-53-47-71-76-87-5-69-59-12-36-26-44-56-52-60-50-74-23-38-66-17-25-15-79-28-54-81-63-75-83-37-4-9-1-35-10-78-24-68-70
Ta100x20,7,2,200,0.85,0.125,3,2230703228,17000,6468,6346,5991,3.153285581,v2_avx512bw_vec32_exact_perm,57-49-95-93-85-67-48-80-91-16-42-97-21-29-86-19-20-6-33-62-50-58-96-51-45-64-72-89-34-94-99-88-32-43-73-77-69-2-27-98-22-82-61-100-38-9-39-14-79-13-31-7-23-92-12-30-17-66-3-84-70-28-90-74-56-18-52-41-55-36-65-47-46-26-87-59-54-1-60-8-71-4-24-44-40-83-53-5-15-35-81-75-11-37-10-63-25-78-76-68
Ta100x20,7,2,200,0.85,0.125,4,2230704237,17000,6512,6346,5991,3.230456478,v2_avx512bw_vec32_exact_perm,57-49-85-93-80-58-76-39-62-7-6-88-60-89-98-45-64-67-16-94-72-13-34-31-20-43-91-47-8-22-3-53-27-33-96-95-19-90-32-24-73-14-23-48-29-82-21-69-86-65-59-61-97-11-12-77-41-71-44-79-54-4-51-18-84-100-55-40-87-42-66-10-9-99-56-92-83-46-26-50-30-2-37-1-15-17-38-28-52-74-81-36-35-5-70-63-78-25-75-68
Ta100x20,7,2,200,0.85,0.125,5,2230705246,17000,6454,6346,5991,3.048581606,v2_avx512bw_vec32_exact_perm,57-49-93-7-80-73-19-88-64-58-62-94-51-98-95-89-45-100-32-96-31-85-28-39-67-59-12-60-47-48-43-72-97-22-33-79-24-8-52-14-16-92-20-6-29-34-69-13-77-18-3-27-26-53-30-36-55-44-21-40-91-2-11-84-65-41-54-23-38-42-74-17-66-61-50-82-9-86-56-10-63-83-87-15-37-90-46-71-5-4-81-35-99-1-25-75-78-68-70-76
Ta100x20,7,2,200,0.85,0.125,6,2230706255,17000,6420,6346,5991,3.165622456,v2_avx512bw_vec32_exact_perm,93-95-57-49-41-67-39-14-48-96-31-72-94-89-45-88-23-73-16-42-84-58-62-64-29-85-20-51-98-65-24-59-13-91-32-8-97-6-3-82-79-69-71-60-43-27-30-19-36-53-38-21-34-7-92-17-22-33-77-28-15-55-70-5-52-40-66-90-47-50-99-12-61-100-18-81-9-2-86-87-54-11-4-46-37-83-44-56-63-26-74-80-10-35-1-76-75-78-25-68
Ta100x20,7,2,200,0.85,0.125,7,2230707264,17000,6420,6346,5991,2.72013914,v2_avx512bw_vec32_exact_perm,57-93-85-67-45-95-94-98-49-31-20-7-51-58-62-48-60-39-96-6-89-91-64-12-43-17-97-9-13-27-26-69-66-34-73-19-88-14-16-59-86-32-3-72-90-8-65-24-53-82-29-23-21-84-41-36-37-42-38-33-77-2-100-22-92-55-87-99-61-54-18-46-4-5-47-28-11-71-10-15-30-81-70-56-44-50-83-40-52-79-63-74-35-1-76-75-80-68-78-25
Ta100x20,7,2,200,0.85,0.125,8,2230708273,17000,6417,6346,5991,2.65053088,v2_avx512bw_vec32_exact_perm,57-49-67-100-80-93-30-91-21-64-7-62-58-48-94-51-73-6-16-13-39-89-88-96-85-95-12-23-97-60-45-14-43-59-32-31-72-44-77-69-20-28-8-90-84-36-82-22-65-34-29-33-86-98-19-38-42-47-50-71-11-18-79-15-55-53-37-2-99-41-4-9-66-17-3-27-46-25-54-61-63-5-52-74-56-68-83-81-40-75-1-92-26-87-10-24-78-35-70-76
Ta100x20,7,2,200,0.85,0.125,9,2230709282,17000,6447,6346,5991,2.636609031,v2_avx512bw_vec32_exact_perm,57-93-85-49-67-94-98-77-42-20-51-13-34-73-16-86-28-30-31-7-17-96-95-32-91-41-78-59-69-48-19-97-88-90-64-54-37-6-39-55-80-36-21-45-12-43-60-38-8-71-47-22-72-4-33-52-14-27-53-62-84-99-3-61-15-79-100-29-82-24-5-66-11-18-44-50-2-87-26-75-83-56-74-40-92-89-1-46-65-25-9-10-35-81-23-63-58-68-70-76
Ta100x20,7,2,200,0.85,0.125,10,2230710291,17000,6409,6346,5991,2.233787017,v2_avx512bw_vec32_exact_perm,57-49-93-85-80-96-27-67-94-98-51-58-95-73-45-43-62-91-48-14-31-100-84-20-77-34-18-12-78-8-61-15-30-16-19-55-82-88-39-89-41-22-21-97-23-29-7-6-13-79-42-66-69-53-90-99-40-65-24-54-47-28-50-2-44-33-3-9-52-17-46-26-38-72-92-36-81-56-32-35-5-64-87-71-70-74-86-59-60-63-37-11-83-10-75-4-1-25-68-76
Ta100x20,7,2,200,0.8875,0.025,1,2230701210,17000,6434,6346,5991,2.450895608,v2_avx512bw_vec32_exact_perm,57-49-85-93-95-67-30-80-60-100-45-51-20-39-88-62-19-58-48-12-33-16-43-73-97-42-84-96-64-34-27-66-6-54-7-13-31-14-89-29-32-91-78-69-59-55-21-41-18-3-5-72-53-8-46-77-99-61-38-47-40-94-28-44-23-26-2-87-65-74-82-17-22-79-36-92-98-83-71-81-90-86-4-52-24-11-56-50-35-10-15-1-9-63-70-37-76-25-75-68
Ta100x20,7,2,200,0.8875,0.025,2,2230702219,17000,6431,6346,5991,2.554347948,v2_avx512bw_vec32_exact_perm,57-49-93-85-67-88-83-51-98-39-45-48-58-73-19-97-34-31-80-96-32-94-27-64-43-62-91-6-89-53-24-33-9-20-42-29-100-84-13-21-69-66-59-16-65-55-82-77-40-37-23-3-12-95-41-18-30-79-2-11-22-7-35-92-46-44-15-47-28-87-14-8-56-99-17-52-72-50-54-1-38-36-71-61-86-5-90-60-74-26-4-81-70-10-76-63-75-78-25-68
Ta100x20,7,2,200,0.8875,0.025,3,2230703228,17000,6461,6346,5991,2.704664226,v2_avx512bw_vec32_exact_perm,57-49-93-85-67-48-7-80-64-58-100-41-20-51-88-16-89-98-45-97-42-77-39-59-84-62-65-95-22-69-61-94-44-21-34-13-6-54-73-8-12-10-40-91-17-32-66-30-96-14-72-79-19-11-31-53-86-71-15-90-27-55-36-92-28-43-47-9-33-18-29-99-2-50-5-3-37-24-82-83-52-38-23-74-26-4-87-1-60-81-56-63-46-68-75-78-35-70-76-25
Ta100x20,7,2,200,0.8875,0.025,4,2230704237,17000,6449,6346,5991,2.653400614,v2_avx512bw_vec32_exact_perm,57-49-93-95-67-45-80-73-31-58-94-96-51-88-98-39-52-8-14-48-97-6-42-69-84-19-47-36-28-38-85-10-62-12-20-23-32-91-27-43-59-16-60-77-81-29-66-89-13-34-64-37-82-21-22-17-55-33-18-30-3-72-92-79-5-41-4-71-74-11-46-53-99-40-83-26-9-2-61-44-100-56-24-90-65-86-7-54-63-15-1-50-87-35-75-70-78-25-76-68
Ta100x20,7,2,200,0.8875,0.025,5,2230705246,17000,6414,6346,5991,2.799437844,v2_avx512bw_vec32_exact_perm,57-49-93-85-39-80-67-58-95-45-23-31-94-98-48-96-51-20-6-97-52-41-16-7-89-27-88-43-73-32-60-91-30-21-84-14-79-69-18-13-29-19-59-77-66-36-11-12-71-53-62-38-72-100-34-86-26-55-92-50-28-44-82-8-90-2-22-17-61-74-64-47-54-65-87-33-3-42-15-24-1-40-81-46-99-4-83-5-9-56-35-10-63-37-70-75-25-78-68-76
Ta100x20,7,2,200,0.8875,0.025,6,2230706255,17000,6515,6346,5991,2.767535377,v2_avx512bw_vec32_exact_perm,57-49-95-93-85-67-62-7-31-39-97-42-96-43-32-73-29-64-33-45-24-51-98-89-48-6-37-60-88-80-19-99-100-12-59-84-16-83-47-94-20-13-34-72-38-77-91-8-82-1-22-65-36-44-18-23-21-30-2-3-27-79-25-53-92-74-41-11-71-40-28-55-56-52-26-87-14-15-90-50-54-86-4-69-61-5-17-10-63-9-66-81-35-58-46-78-75-68-70-76
Ta100x20,7,2,200,0.8875,0.025,7,2230707264,17000,6420,6346,5991,2.602717718,v2_avx512bw_vec32_exact_perm,57-49-95-85-93-67-39-58-60-48-98-64-27-43-51-73-16-89-45-97-20-28-84-91-13-34-69-59-31-19-53-94-66-32-78-88-42-96-7-99-29-90-52-44-36-6-21-12-100-77-38-47-14-33-30-79-18-8-72-15-71-55-11-40-5-4-82-3-24-61-17-92-9-41-65-74-23-80-2-50-37-70-22-26-56-54-86-87-62-35-81-83-1-10-63-46-75-76-25-68
Ta100x20,7,2,200,0.8875,0.025,8,2230708273,17000,6457,6346,5991,2.755740128,v2_avx512bw_vec32_exact_perm,57-49-93-85-95-91-80-31-39-96-58-41-94-67-51-64-98-48-89-27-88-73-43-12-23-14-7-28-16-20-22-34-100-6-52-45-54-29-86-99-19-97-77-46-92-59-62-13-72-21-55-32-17-36-38-3-30-42-24-47-8-61-33-2-82-65-53-84-60-79-18-69-90-4-9-71-15-11-81-66-74-5-40-50-56-70-26-35-83-44-87-10-63-37-1-76-75-25-78-68
Ta100x20,7,2,200,0.8875,0.025,9,2230709282,17000,6416,6346,5991,2.595684241,v2_avx512bw_vec32_exact_perm,57-49-93-95-39-45-67-48-89-88-58-16-85-97-73-96-20-28-84-33-32-100-43-60-31-77-62-6-66-90-69-22-64-91-79-41-21-53-29-36-98-19-59-27-2-38-55-42-56-13-63-51-12-34-8-72-3-86-99-71-11-14-50-30-54-26-47-61-82-17-24-92-9-23-4-81-70-40-5-18-46-87-65-7-15-94-44-83-52-74-80-37-35-10-75-1-76-68-78-25
Ta100x20,7,2,200,0.8875,0.025,10,2230710291,17000,6435,6346,5991,2.805991126,v2_avx512bw_vec32_exact_perm,57-85-49-93-80-95-67-94-58-97-73-43-64-45-31-100-51-48-98-42-96-84-89-27-88-34-60-19-39-59-12-24-37-11-33-62-16-20-22-91-5-6-7-23-8-52-4-53-17-68-41-38-29-65-21-72-69-13-90-18-71-55-77-99-3-30-36-82-44-79-50-10-40-32-47-61-2-87-83-54-86-46-92-28-81-66-56-75-26-1-25-15-74-9-78-14-63-35-70-76
Ta100x20,7,2,200,0.8875,0.05,1,2230701210,17000,6417,6346,5991,2.731951641,v2_avx512bw_vec32_exact_perm,57-49-85-93-64-67-7-98-45-94-96-95-27-82-88-51-58-62-97-100-73-31-16-20-9-39-84-69-19-33-59-3-48-12-43-23-89-29-86-99-14-91-6-34-13-22-78-77-21-90-30-60-24-17-92-40-66-79-28-42-53-41-44-32-37-2-36-55-72-26-11-38-65-47-18-74-5-71-8-87-61-70-63-54-56-52-46-50-1-83-10-15-4-35-81-80-76-75-68-25
Ta100x20,7,2,200,0.8875,0.05,2,2230702219,17000,6451,6346,5991,2.636511918,v2_avx512bw_vec32_exact_perm,49-85-93-41-67-7-60-88-51-95-100-96-34-31-58-73-16-27-80-98-42-97-77-20-94-84-48-52-45-43-89-14-22-33-69-28-59-19-21-55-62-13-64-54-91-61-6-79-29-36-8-38-39-12-2-30-71-18-86-74-40-72-90-24-47-3-11-44-4-56-46-23-32-92-50-5-35-82-17-9-66-87-26-70-65-53-81-15-99-37-63-83-75-78-1-25-10-68-57-76
Ta100x20,7,2,200,0.8875,0.05,3,2230703228,17000,6458,6346,5991,2.559777626,v2_avx512bw_vec32_exact_perm,57-85-51-98-93-73-45-49-27-95-31-58-62-19-88-100-48-67-36-43-64-7-59-12-91-89-6-96-39-14-22-42-84-8-34-72-33-97-20-16-37-69-13-55-21-18-38-61-77-29-23-99-2-47-44-3-50-71-11-94-80-17-41-1-28-26-92-81-9-82-40-4-46-32-79-70-52-66-56-30-83-90-24-35-53-5-15-65-87-60-74-54-63-86-10-75-25-78-68-76
Ta100x20,7,2,200,0.8875,0.05,4,2230704237,17000,6426,6346,5991,2.655471522,v2_avx512bw_vec32_exact_perm,57-49-85-93-39-67-80-48-64-7-58-45-16-20-23-94-88-96-51-19-95-27-32-73-97-43-2-33-6-28-42-14-84-13-89-62-55-31-79-100-53-91-40-99-18-59-77-29-98-38-92-12-44-69-21-17-30-36-60-61-47-8-3-71-90-41-74-22-26-34-72-66-11-50-65-68-82-87-24-54-1-25-37-15-83-5-4-9-10-35-81-86-56-52-46-63-75-78-70-76
Ta100x20,7,2,200,0.8875,0.05,5,2230705246,17000,6439,6346,5991,2.891674874,v2_avx512bw_vec32_exact_perm,57-49-93-95-58-94-85-48-100-67-51-39-96-31-23-16-6-97-52-41-77-64-43-89-45-80-88-32-73-69-29-78-60-22-34-13-91-82-33-19-59-84-27-99-65-3-24-72-90-17-20-38-28-47-98-14-8-12-79-18-7-92-55-25-21-50-62-66-53-5-30-15-2-87-36-42-61-81-10-46-9-71-26-86-11-40-83-75-37-4-44-56-35-54-74-63-1-68-70-76
Ta100x20,7,2,200,0.8875,0.05,6,2230706255,17000,6397,6346,5991,2.612490743,v2_avx512bw_vec32_exact_perm,57-49-93-85-19-80-20-94-67-7-82-58-60-39-84-89-64-45-98-88-95-13-16-6-97-73-12-43-9-42-48-33-77-22-99-100-8-29-91-41-34-2-96-38-69-72-79-51-55-21-23-14-31-86-54-32-59-27-66-5-18-74-40-71-53-17-61-90-47-28-24-62-3-92-11-50-83-44-26-52-81-56-15-87-35-4-46-1-65-36-30-68-10-63-37-70-75-78-25-76
Ta100x20,7,2,200,0.8875,0.05,7,2230707264,17000,6456,6346,5991,2.534403495,v2_avx512bw_vec32_exact_perm,49-85-93-43-7-16-23-67-39-88-51-60-48-73-58-97-31-98-94-45-64-8-12-95-96-89-91-20-6-34-18-77-66-84-69-59-27-99-3-19-28-17-38-100-53-71-13-29-90-33-32-92-82-5-30-15-42-55-14-79-22-41-54-65-2-47-11-50-72-44-36-87-61-62-24-21-9-86-26-74-1-46-40-4-52-56-70-75-35-81-78-83-80-10-63-37-25-68-57-76
Ta100x20,7,2,200,0.8875,0.05,8,2230708273,17000,6447,6346,5991,2.65595509,v2_avx512bw_vec32_exact_perm,57-49-93-95-94-67-80-73-45-31-98-58-42-20-85-96-51-48-83-77-19-99-88-30-100-33-2-16-89-62-91-22-27-7-11-84-21-66-8-61-60-79-12-28-69-59-29-13-43-92-14-40-75-32-39-34-50-72-82-38-74-47-36-97-6-3-90-65-17-18-53-23-37-41-24-26-71-4-9-1-68-46-54-55-15-86-10-5-63-52-56-44-25-35-81-78-64-87-70-76
Ta100x20,7,2,200,0.8875,0.05,9,2230709282,17000,6421,6346,5991,2.613247349,v2_avx512bw_vec32_exact_perm,57-49-93-85-96-95-67-60-6-39-45-51-31-100-58-88-62-94-97-20-9-98-19-48-69-84-89-73-16-65-77-17-13-33-2-36-30-34-22-91-41-21-43-29-14-87-99-28-79-82-66-59-3-7-12-90-8-72-27-32-92-46-23-4-71-1-50-52-55-40-18-11-54-61-47-53-42-64-5-44-70-38-26-74-86-56-15-10-35-81-24-83-80-63-37-25-75-78-68-76
Ta100x20,7,2,200,0.8875,0.05,10,2230710291,17000,6425,6346,5991,2.549047679,v2_avx512bw_vec32_exact_perm,57-49-73-93-30-94-67-98-60-64-31-58-96-48-85-95-97-27-16-89-19-69-20-84-62-72-36-6-45-14-51-21-13-34-88-82-7-52-22-66-79-100-59-24-5-43-42-18-23-3-77-55-17-8-92-54-61-12-40-91-41-44-39-53-2-99-87-83-37-50-71-28-90-47-38-26-29-11-32-74-33-15-70-65-9-35-81-86-4-56-63-1-46-68-75-80-10-78-25-76
Ta100x20,7,2,200,0.8875,0.075,1,2230701210,17000,6442,6346,5991,2.808207965,v2_avx512bw_vec32_exact_perm,57-49-85-93-67-98-42-39-80-45-43-64-14-16-1-48-12-19-23-20-51-7-95-41-58-96-90-32-88-73-59-27-13-91-77-31-86-21-89-34-97-94-2-6-66-84-79-18-3-82-30-33-72-46-100-38-50-47-8-65-92-53-22-62-69-71-9-4-55-26-36-29-35-99-17-28-44-15-40-87-54-5-83-11-52-74-56-10-61-81-25-60-63-37-24-78-75-68-70-76
Ta100x20,7,2,200,0.8875,0.075,2,2230702219,17000,6428,6346,5991,2.716759852,v2_avx512bw_vec32_exact_perm,57-49-93-73-31-96-77-85-94-64-80-32-14-33-98-19-48-89-58-88-60-27-95-41-43-16-45-51-72-13-67-34-66-21-29-20-55-42-62-84-36-3-6-79-100-7-38-17-2-92-22-59-69-30-39-18-65-40-47-54-24-97-82-53-91-23-46-81-61-99-11-28-12-15-74-8-4-52-87-83-71-5-90-1-50-10-9-70-26-44-56-63-35-86-37-76-75-68-78-25
Ta100x20,7,2,200,0.8875,0.075,3,2230703228,17000,6483,6346,5991,2.716286513,v2_avx512bw_vec32_exact_perm,57-49-85-93-67-96-58-88-60-7-80-94-51-98-95-48-27-84-39-64-45-6-62-97-21-28-77-89-1-24-31-100-59-38-19-20-47-12-23-16-4-34-13-72-69-43-91-40-11-92-46-73-32-79-65-3-42-17-41-44-71-53-14-61-8-54-29-15-5-82-55-52-90-33-50-9-74-99-66-18-10-22-2-30-26-36-25-37-81-56-86-63-83-75-68-87-78-35-70-76
Ta100x20,7,2,200,0.8875,0.075,4,2230704237,17000,6425,6346,5991,2.884832845,v2_avx512bw_vec32_exact_perm,57-49-85-93-80-91-39-48-89-58-41-96-64-43-94-27-51-88-67-73-52-45-19-11-62-31-12-84-95-23-6-33-42-3-29-20-97-17-59-32-16-8-69-72-82-36-44-77-34-22-100-99-40-61-18-79-55-13-21-28-2-87-24-60-53-54-66-4-30-86-90-47-71-14-56-98-92-9-50-35-5-74-46-83-38-15-65-10-26-81-7-70-63-37-25-78-75-1-76-68
Ta100x20,7,2,200,0.8875,0.075,5,2230705246,17000,6432,6346,5991,2.861299113,v2_avx512bw_vec32_exact_perm,57-49-93-85-67-98-64-45-7-95-80-88-60-19-48-20-51-58-96-94-16-30-36-32-66-89-34-73-55-43-31-100-59-41-65-29-62-39-91-8-6-84-18-33-2-77-23-22-79-14-90-3-97-50-72-12-13-87-21-82-27-69-53-40-99-28-5-47-71-83-38-52-17-11-54-4-61-74-9-42-46-15-44-56-10-63-37-25-75-26-81-35-86-78-92-24-1-68-70-76
Ta100x20,7,2,200,0.8875,0.075,6,2230706255,17000,6456,6346,5991,2.980533767,v2_avx512bw_vec32_exact_perm,57-49-85-93-39-67-80-95-60-58-48-27-43-73-51-45-16-21-100-84-14-64-89-96-6-62-28-77-98-69-72-13-20-31-18-9-29-94-19-47-66-23-53-97-34-4-99-46-8-7-65-11-22-40-32-79-91-41-2-92-88-71-17-33-59-52-42-55-5-3-38-86-12-82-56-30-15-61-74-26-90-24-54-1-68-50-44-35-81-36-10-75-63-37-25-83-78-87-70-76
Ta100x20,7,2,200,0.8875,0.075,7,2230707264,17000,6420,6346,5991,2.641224136,v2_avx512bw_vec32_exact_perm,57-49-85-93-97-67-7-60-98-48-80-64-58-27-89-91-17-41-50-19-62-88-14-51-23-65-45-16-8-31-34-13-72-12-96-11-95-29-69-38-28-21-43-94-59-100-84-22-82-36-30-79-73-18-39-47-92-77-6-53-3-40-99-42-55-15-33-52-56-61-5-74-90-71-83-2-87-37-70-20-32-46-26-86-25-9-54-24-66-44-4-35-81-63-10-75-1-76-68-78
Ta100x20,7,2,200,0.8875,0.075,8,2230708273,17000,6444,6346,5991,2.618609639,v2_avx512bw_vec32_exact_perm,57-49-93-85-67-6-96-80-95-58-20-7-94-51-12-91-62-84-98-73-64-19-48-32-33-97-89-14-79-88-28-59-39-45-16-8-30-54-38-36-31-27-42-43-11-22-34-29-71-13-100-50-66-90-40-69-65-75-82-44-21-53-41-72-47-60-61-23-4-2-55-17-9-3-76-46-81-52-92-86-26-5-18-56-77-24-87-15-99-25-37-74-83-68-1-10-63-78-35-70
Ta100x20,7,2,200,0.8875,0.075,9,2230709282,17000,6415,6346,5991,2.730559441,v2_avx512bw_vec32_exact_perm,57-49-93-85-95-67-31-39-14-96-32-23-73-19-94-84-27-98-80-51-20-48-97-42-6-89-45-13-88-99-28-72-82-43-34-8-22-100-59-69-64-77-16-55-38-33-21-91-62-61-30-18-90-29-92-40-46-65-58-2-36-24-79-47-60-53-44-4-26-3-7-41-12-74-15-11-17-9-66-71-87-50-70-5-54-83-52-10-86-76-81-56-63-35-37-1-25-75-78-68
Ta100x20,7,2,200,0.8875,0.075,10,2230710291,17000,6458,6346,5991,2.844888142,v2_avx512bw_vec32_exact_perm,57-49-85-93-67-98-42-48-7-94-23-31-45-62-64-91-43-82-27-84-39-16-52-80-97-6-8-73-89-32-88-36-29-79-51-100-20-22-18-34-30-96-69-13-95-3-14-65-33-72-77-59-12-68-55-21-19-38-53-66-5-28-17-90-61-47-15-41-4-71-9-11-2-1-46-58-40-92-26-74-99-87-60-10-44-50-54-63-56-35-81-83-86-37-25-24-75-78-70-76
Ta100x20,7,2,200,0.8875,0.1,1,2230701210,17000,6410,6346,5991,2.766468814,v2_avx512bw_vec32_exact_perm,57-49-85-93-95-67-45-98-39-48-20-30-51-94-13-7-58-42-80-12-88-64-73-96-19-16-89-59-41-100-77-91-43-99-29-62-84-21-66-6-97-53-54-36-31-55-65-72-14-79-8-27-50-82-3-44-17-40-18-69-92-46-34-32-61-33-26-47-28-70-38-81-74-60-71-23-87-2-90-22-24-11-83-5-56-9-35-15-52-4-1-37-10-63-86-75-25-78-68-76
Ta100x20,7,2,200,0.8875,0.1,2,2230702219,17000,6421,6346,5991,2.811330092,v2_avx512bw_vec32_exact_perm,57-49-85-93-42-39-80-16-32-20-7-67-96-95-29-89-88-98-73-12-43-94-97-27-48-51-69-23-31-77-99-45-59-66-28-2-30-19-47-36-8-65-14-81-21-53-60-64-84-6-79-15-91-82-11-17-3-90-55-22-71-33-100-92-50-13-9-34-72-41-18-46-4-87-1-62-40-52-58-70-44-61-56-54-35-5-83-10-38-74-26-24-86-63-37-75-25-78-68-76
Ta100x20,7,2,200,0.8875,0.1,3,2230703228,17000,6520,6346,5991,2.727282758,v2_avx512bw_vec32_exact_perm,57-49-91-80-93-85-94-43-67-16-7-32-23-64-73-98-97-39-89-19-77-6-51-48-88-14-34-12-45-86-31-69-2-13-53-27-18-9-79-60-42-84-33-95-41-59-82-29-21-55-28-22-90-66-62-20-26-72-47-38-17-92-74-24-96-99-3-30-54-61-70-50-100-87-65-46-8-1-15-71-40-44-58-56-81-83-36-5-11-52-4-35-10-25-37-63-78-75-68-76
Ta100x20,7,2,200,0.8875,0.1,4,2230704237,17000,6423,6346,5991,2.753784224,v2_avx512bw_vec32_exact_perm,57-93-83-58-7-62-95-67-85-94-13-88-32-73-49-64-45-51-91-43-41-28-59-21-84-96-48-97-89-29-31-36-98-72-47-80-22-39-23-6-19-69-14-16-79-42-20-66-34-54-3-55-8-18-86-71-30-33-56-12-77-92-70-5-40-2-61-74-82-27-17-38-52-90-50-65-53-99-100-87-60-10-24-9-11-15-81-46-26-4-44-63-37-35-1-76-75-78-25-68
Ta100x20,7,2,200,0.8875,0.1,5,2230705246,17000,6422,6346,5991,2.763225959,v2_avx512bw_vec32_exact_perm,57-49-85-93-96-95-67-39-84-89-58-36-6-62-7-100-80-73-88-51-20-91-41-16-34-19-94-30-48-14-43-33-42-45-32-66-59-40-28-13-31-12-23-17-72-44-64-21-97-82-29-22-8-79-2-61-69-77-90-92-98-65-47-50-52-55-3-56-1-99-18-10-87-60-15-53-26-46-27-9-24-11-38-71-4-37-63-5-54-74-35-78-25-81-70-86-83-75-68-76
Ta100x20,7,2,200,0.8875,0.1,6,2230706255,17000,6389,6346,5991,2.654050916,v2_avx512bw_vec32_exact_perm,57-49-85-93-95-27-67-45-80-39-88-51-100-48-58-13-73-32-33-23-31-7-60-43-14-12-98-97-89-94-59-65-16-6-8-77-36-42-19-30-55-82-38-34-64-3-71-53-62-84-21-47-91-41-90-4-11-22-69-20-29-9-54-66-17-28-46-79-18-52-96-86-50-5-1-26-92-37-63-87-72-2-56-44-99-83-74-68-40-61-10-25-81-15-75-24-78-35-70-76
Ta100x20,7,2,200,0.8875,0.1,7,2230707264,17000,6408,6346,5991,2.772876723,v2_avx512bw_vec32_exact_perm,57-49-93-85-67-7-62-58-73-19-51-88-98-39-97-48-11-91-20-96-28-12-77-84-100-89-43-92-34-41-24-95-14-9-6-45-8-22-54-31-72-79-69-59-38-16-66-29-47-60-99-33-23-27-18-82-50-74-42-55-21-13-52-61-36-46-30-81-40-94-3-26-64-90-32-37-4-70-44-56-63-2-87-65-53-15-5-35-17-83-1-80-10-71-86-75-25-78-68-76
Ta100x20,7,2,200,0.8875,0.1,8,2230708273,17000,6422,6346,5991,2.553369979,v2_avx512bw_vec32_exact_perm,57-49-93-85-67-94-80-60-30-31-27-43-95-45-48-58-16-51-39-13-62-42-88-98-53-73-64-89-12-23-91-6-8-29-99-96-19-17-97-72-38-84-20-36-21-34-69-59-33-22-32-100-77-71-7-92-86-11-54-65-55-3-14-40-61-47-46-56-41-28-2-37-18-44-82-90-50-26-24-79-15-74-9-66-70-5-4-52-83-87-10-35-1-76-81-25-63-75-78-68
Ta100x20,7,2,200,0.8875,0.1,9,2230709282,17000,6415,6346,5991,2.528118288,v2_avx512bw_vec32_exact_perm,57-49-93-85-67-95-45-96-30-94-51-91-80-98-39-48-58-41-16-43-64-89-88-23-42-97-62-6-84-73-18-33-86-14-27-31-17-19-59-28-13-34-21-22-29-100-79-99-2-24-92-3-20-9-77-82-7-38-69-47-90-52-50-5-72-60-74-8-68-12-66-53-71-36-61-81-11-55-54-4-56-26-40-32-44-10-15-1-46-63-83-37-65-78-25-75-87-35-70-76
Ta100x20,7,2,200,0.8875,0.1,10,2230710291,17000,6400,6346,5991,2.601556069,v2_avx512bw_vec32_exact_perm,57-49-73-93-58-60-43-77-80-95-67-45-82-88-19-62-20-94-85-32-97-33-31-16-23-51-29-39-13-89-91-6-7-41-48-34-64-22-72-79-8-14-21-84-17-92-98-52-69-18-96-55-5-36-42-3-30-46-99-53-47-61-40-71-86-100-2-65-44-59-26-74-83-38-15-87-12-66-56-27-28-35-90-24-9-11-10-4-1-50-54-70-63-37-81-76-75-78-25-68
Ta100x20,7,2,200,0.8875,0.125,1,2230701210,17000,6542,6346,5991,2.715899505,v2_avx512bw_vec32_exact_perm,57-49-93-85-67-82-97-58-95-80-94-30-31-51-64-45-48-33-34-22-27-11-16-12-19-20-62-84-39-89-29-13-60-73-96-7-91-79-6-36-66-47-8-21-32-28-2-55-15-3-43-42-38-53-41-17-23-72-37-18-69-98-61-46-92-70-90-50-5-77-24-59-65-52-40-99-71-100-88-81-44-26-86-56-4-14-9-54-74-63-83-87-35-10-75-1-78-76-25-68
Ta100x20,7,2,200,0.8875,0.125,2,2230702219,17000,6520,6346,5991,2.551149382,v2_avx512bw_vec32_exact_perm,57-49-85-93-7-94-51-100-80-98-64-45-48-16-67-6-97-96-89-12-73-43-41-69-28-59-3-29-19-84-23-91-62-58-14-8-39-20-22-79-95-31-82-88-54-30-42-38-24-36-27-9-21-53-33-13-47-34-17-18-72-90-61-60-55-77-66-2-5-40-11-4-81-46-71-15-56-86-32-1-74-26-65-92-99-50-35-70-10-63-44-83-37-78-75-52-87-76-25-68
Ta100x20,7,2,200,0.8875,0.125,3,2230703228,17000,6578,6346,5991,2.688518961,v2_avx512bw_vec32_exact_perm,57-49-93-100-67-82-45-95-98-58-13-77-31-64-7-51-94-80-91-23-96-6-9-99-48-72-19-16-27-97-43-55-89-14-20-59-39-29-84-3-52-62-33-4-18-85-21-17-15-73-2-88-8-42-79-22-65-41-69-24-37-53-92-30-11-40-71-38-12-5-90-66-87-28-34-83-50-54-44-60-47-61-56-10-74-26-32-46-75-86-36-35-63-81-1-78-25-68-70-76
Ta100x20,7,2,200,0.8875,0.125,4,2230704237,17000,6408,6346,5991,2.525666538,v2_avx512bw_vec32_exact_perm,57-49-93-85-67-100-80-99-31-7-95-20-94-32-45-51-88-98-73-19-89-48-39-53-28-27-13-62-21-91-84-97-6-86-42-43-59-18-69-29-96-64-8-12-90-77-34-22-92-16-87-14-38-79-2-33-61-17-54-41-71-47-36-30-24-60-66-72-3-55-23-26-50-11-52-56-82-5-9-4-46-10-83-44-40-74-15-1-65-63-35-81-58-25-37-70-78-76-75-68
Ta100x20,7,2,200,0.8875,0.125,5,2230705246,17000,6604,6346,5991,2.682335352,v2_avx512bw_vec32_exact_perm,57-93-49-83-67-91-51-88-85-96-14-80-5-23-64-62-58-21-45-48-28-97-31-73-34-19-95-59-13-50-77-12-16-20-27-84-30-99-3-37-79-36-2-43-89-29-100-32-7-24-38-11-92-69-52-46-26-40-65-55-42-17-22-90-98-6-35-47-54-53-33-66-61-81-94-9-18-39-82-44-74-41-8-72-4-71-15-86-1-60-68-25-56-10-75-63-78-87-70-76
Ta100x20,7,2,200,0.8875,0.125,6,2230706255,17000,6562,6346,5991,2.83991249,v2_avx512bw_vec32_exact_perm,49-93-100-58-80-39-77-67-7-73-98-16-62-51-85-20-45-88-92-32-53-48-91-60-19-33-43-41-59-96-27-72-24-89-97-6-79-82-42-23-2-84-31-3-66-90-12-36-55-8-11-22-18-21-29-34-94-56-64-14-54-69-30-71-46-13-86-61-95-47-5-15-4-9-38-17-28-87-1-65-40-26-52-74-99-25-35-50-37-44-70-81-78-83-63-10-75-68-57-76
Ta100x20,7,2,200,0.8875,0.125,7,2230707264,17000,6402,6346,5991,2.818289563,v2_avx512bw_vec32_exact_perm,57-49-85-93-95-80-27-67-94-52-45-19-59-48-88-39-62-58-16-60-64-30-13-32-77-92-33-69-97-6-96-21-73-51-29-31-54-84-36-14-79-89-55-28-2-23-98-22-7-65-8-43-72-20-47-91-40-90-99-24-42-53-34-100-38-11-12-86-3-17-5-4-9-71-41-87-18-37-82-50-44-10-46-63-56-83-68-81-1-15-61-26-74-66-35-75-70-78-25-76
Ta100x20,7,2,200,0.8875,0.125,8,2230708273,17000,6391,6346,5991,2.684549744,v2_avx512bw_vec32_exact_perm,57-49-85-93-97-67-73-31-58-94-96-98-39-77-80-95-6-45-32-62-42-43-64-84-33-52-88-60-47-91-79-41-16-14-89-20-72-28-86-37-11-29-21-18-34-13-53-61-2-69-5-19-59-50-51-12-8-7-66-71-36-90-55-3-82-99-54-22-30-48-100-27-74-38-23-46-4-9-26-81-92-17-15-1-40-65-24-87-56-10-63-83-35-44-70-75-25-78-68-76
Ta100x20,7,2,200,0.8875,0.125,9,2230709282,17000,6494,6346,5991,2.960289143,v2_avx512bw_vec32_exact_perm,57-49-85-93-80-42-67-7-39-88-94-62-32-73-45-51-97-34-95-43-20-58-29-14-96-23-31-12-16-78-6-89-60-84-11-69-61-2-100-24-8-79-65-18-50-99-66-77-38-19-47-28-17-21-44-3-59-53-46-64-9-72-98-92-41-55-91-37-90-27-13-71-82-15-36-5-30-4-48-22-40-33-56-26-81-52-74-35-25-75-54-86-87-10-63-1-83-68-70-76
Ta100x20,7,2,200,0.8875,0.125,10,2230710291,17000,6521,6346,5991,2.808013164,v2_avx512bw_vec32_exact_perm,57-49-85-93-80-95-19-94-58-48-67-73-89-96-6-39-45-51-32-33-34-27-82-22-98-20-16-97-69-64-29-8-72-62-84-12-36-99-43-91-88-23-59-14-60-53-79-5-31-77-71-28-3-21-92-55-40-42-13-47-17-7-11-30-70-54-4-24-66-18-87-9-90-46-41-81-15-37-61-65-50-100-44-78-25-83-52-2-38-56-63-10-86-26-74-75-35-1-76-68
Ta100x20,7,2,200,0.925,0.025,1,2230701210,17000,6458,6346,5991,2.7481368,v2_avx512bw_vec32_exact_perm,57-49-93-100-96-51-98-94-89-48-67-85-60-58-88-19-64-20-32-7-84-62-41-95-14-91-33-30-45-16-11-38-39-22-34-18-23-17-53-13-73-42-40-72-12-43-29-92-99-31-55-97-69-21-28-8-79-2-90-50-27-59-52-36-3-61-81-77-44-82-54-6-56-71-83-15-46-47-66-9-87-65-70-86-26-5-4-24-1-35-74-63-37-80-10-75-78-25-68-76
Ta100x20,7,2,200,0.925,0.025,2,2230702219,17000,6418,6346,5991,2.536863562,v2_avx512bw_vec32_exact_perm,57-49-85-93-80-39-58-62-94-97-67-7-95-20-45-19-88-51-48-73-42-13-31-34-16-89-91-84-33-14-6-96-54-27-64-43-82-61-24-3-36-30-21-22-18-23-90-29-66-41-32-79-55-100-53-65-99-98-59-92-40-50-12-72-77-38-47-28-69-2-11-60-44-46-9-26-87-83-8-4-10-37-71-63-1-17-86-52-5-56-35-25-75-78-81-15-74-68-70-76
Ta100x20,7,2,200,0.925,0.025,3,2230703228,17000,6407,6346,5991,2.761462125,v2_avx512bw_vec32_exact_perm,57-49-93-7-80-42-64-67-58-94-23-98-48-45-95-13-88-20-51-73-12-91-85-62-16-43-27-97-77-89-31-59-100-6-84-96-36-22-3-52-79-33-32-39-29-90-69-38-82-28-34-19-14-92-41-17-71-66-9-4-55-21-53-99-8-5-18-50-72-47-11-40-61-2-26-86-74-46-15-30-65-56-70-81-54-83-44-60-87-35-10-63-24-78-37-25-1-76-75-68
Ta100x20,7,2,200,0.925,0.025,4,2230704237,17000,6446,6346,5991,3.142167953,v2_avx512bw_vec32_exact_perm,57-49-85-93-80-42-95-67-45-43-73-94-31-16-7-48-88-23-60-100-20-32-96-51-77-27-66-6-62-33-91-19-59-24-34-97-13-21-89-14-39-84-99-69-18-22-53-41-47-28-26-29-38-37-90-8-50-72-64-98-2-55-79-68-4-82-12-44-36-63-17-3-15-30-65-1-54-81-92-61-74-40-58-46-56-11-9-71-52-10-25-86-5-78-83-75-87-35-70-76
Ta100x20,7,2,200,0.925,0.025,5,2230705246,17000,6448,6346,5991,2.882897113,v2_avx512bw_vec32_exact_perm,57-49-85-93-97-7-60-95-67-45-88-62-51-58-98-64-39-80-32-91-20-6-96-84-23-73-48-16-94-43-89-27-53-72-12-33-66-34-19-14-28-13-59-47-31-42-22-79-100-50-77-38-92-1-21-8-65-55-15-40-61-74-71-17-52-41-11-75-54-29-86-69-56-3-90-5-4-99-18-30-2-36-81-9-46-26-63-37-35-82-44-10-78-25-24-83-87-68-70-76
Ta100x20,7,2,200,0.925,0.025,6,2230706255,17000,6436,6346,5991,2.616735836,v2_avx512bw_vec32_exact_perm,57-49-85-93-67-7-62-95-96-58-94-80-98-41-89-45-31-39-16-73-88-65-77-51-48-17-14-97-43-20-12-8-91-34-13-82-72-22-30-23-19-92-33-15-6-29-27-71-69-3-36-79-2-84-59-42-100-38-55-40-37-24-21-64-86-53-99-28-32-11-47-18-50-61-54-70-26-44-87-83-90-5-74-46-60-4-9-35-81-52-56-66-1-10-63-25-78-75-68-76
Ta100x20,7,2,200,0.925,0.025,7,2230707264,17000,6403,6346,5991,3.298360234,v2_avx512bw_vec32_exact_perm,57-49-93-85-95-20-58-80-42-84-98-39-64-45-67-88-62-73-19-7-48-97-6-96-27-36-59-31-43-12-16-89-72-41-79-51-94-91-17-38-14-30-34-13-21-22-23-77-28-66-60-53-71-55-99-86-90-33-3-50-32-54-100-11-65-29-40-44-92-69-56-2-61-8-5-52-82-24-4-9-35-46-26-47-18-81-74-15-83-37-87-70-63-10-75-1-25-78-68-76
Ta100x20,7,2,200,0.925,0.025,8,2230708273,17000,6430,6346,5991,3.087729296,v2_avx512bw_vec32_exact_perm,57-85-49-93-80-95-45-67-98-39-62-94-6-96-58-73-16-20-91-77-51-41-48-23-88-30-60-43-42-12-47-64-59-97-84-89-31-17-100-61-7-38-92-29-14-21-27-13-34-22-33-79-18-72-2-53-8-55-36-52-50-19-11-86-37-24-82-90-32-54-4-99-69-46-28-9-81-66-26-74-40-44-83-3-65-87-25-15-5-10-56-71-63-75-35-78-1-68-70-76
Ta100x20,7,2,200,0.925,0.025,9,2230709282,17000,6440,6346,5991,3.061609324,v2_avx512bw_vec32_exact_perm,57-49-85-93-80-45-95-20-58-94-41-51-97-98-48-16-39-67-84-73-32-60-34-91-43-13-42-53-27-64-23-31-77-89-19-59-66-88-6-62-7-28-33-22-47-92-96-29-71-14-100-99-44-30-18-9-55-21-50-38-72-82-69-5-3-46-4-36-8-12-37-11-40-24-1-26-65-61-68-2-86-17-90-54-63-56-52-10-87-83-79-76-25-81-15-75-74-35-78-70
Ta100x20,7,2,200,0.925,0.025,10,2230710291,17000,6461,6346,5991,2.947583011,v2_avx512bw_vec32_exact_perm,57-85-49-93-39-67-7-88-100-51-62-95-19-20-12-84-23-6-60-89-45-91-34-48-94-43-13-58-73-66-30-64-96-16-28-97-31-47-80-27-21-22-82-59-77-14-86-50-74-32-65-8-37-72-41-92-17-71-15-55-11-3-42-69-44-90-40-61-18-79-29-98-2-99-24-54-87-83-53-75-36-26-1-38-4-9-5-10-33-52-35-81-56-46-63-78-25-68-70-76
Ta100x20,7,2,200,0.925,0.05,1,2230701210,17000,6398,6346,5991,2.94490765,v2_avx512bw_vec32_exact_perm,57-49-93-85-95-80-65-67-88-60-30-39-96-58-62-45-42-51-97-31-27-16-43-94-89-98-82-84-23-73-12-20-91-19-47-48-66-53-6-69-14-77-2-59-79-36-22-21-13-86-28-34-33-26-71-29-18-55-7-92-38-90-100-99-24-4-9-3-46-11-32-56-8-72-40-10-44-50-1-54-64-81-52-41-17-15-61-5-74-83-68-87-63-37-35-70-75-78-25-76
Ta100x20,7,2,200,0.925,0.05,2,2230702219,17000,6426,6346,5991,3.023148853,v2_avx512bw_vec32_exact_perm,49-85-93-64-67-94-98-7-62-91-39-80-20-58-96-16-88-73-51-95-45-6-13-42-23-48-77-89-84-31-69-34-100-22-27-21-14-43-59-53-12-66-97-18-29-79-41-72-71-99-40-92-86-32-55-19-11-36-54-65-30-33-2-74-3-82-61-46-8-90-52-50-5-28-47-26-4-24-44-17-9-35-81-70-38-56-15-87-83-63-37-60-75-78-1-25-10-68-57-76
Ta100x20,7,2,200,0.925,0.05,3,2230703228,17000,6470,6346,5991,2.823766481,v2_avx512bw_vec32_exact_perm,57-49-85-93-80-39-58-16-41-67-29-95-45-48-98-96-27-42-13-51-43-34-69-66-65-94-59-88-32-73-19-84-62-23-89-33-22-14-5-77-64-91-6-8-21-55-54-20-40-53-28-97-71-61-7-2-92-37-31-47-82-26-17-44-1-30-3-12-36-72-79-18-38-99-87-100-46-50-9-35-90-60-75-81-68-24-11-15-56-52-83-10-86-4-63-74-70-78-25-76
Ta100x20,7,2,200,0.925,0.05,4,2230704237,17000,6459,6346,5991,3.23923452,v2_avx512bw_vec32_exact_perm,57-49-73-93-85-39-80-67-31-7-14-48-58-95-13-42-27-96-6-43-29-62-89-97-69-64-34-22-19-23-88-100-82-45-51-91-20-24-59-12-8-98-86-16-92-41-72-28-21-55-79-54-2-66-94-53-33-84-30-17-90-3-5-18-77-99-52-47-61-40-65-74-60-87-36-71-32-11-46-50-37-15-44-1-4-26-10-63-38-56-83-9-81-35-75-70-25-78-76-68
Ta100x20,7,2,200,0.925,0.05,5,2230705246,17000,6460,6346,5991,3.395332988,v2_avx512bw_vec32_exact_perm,57-85-93-7-95-80-67-88-60-64-32-73-45-43-94-51-98-20-100-48-89-84-16-39-69-97-72-33-13-42-6-96-24-49-66-62-27-91-17-31-61-59-19-47-18-22-40-8-77-58-71-14-41-2-79-92-23-29-90-38-12-26-86-74-65-53-99-11-3-52-55-21-46-36-50-30-15-1-28-34-81-56-82-44-54-4-9-63-25-37-83-5-10-35-87-70-76-75-78-68
Ta100x20,7,2,200,0.925,0.05,6,2230706255,17000,6449,6346,5991,3.033672385,v2_avx512bw_vec32_exact_perm,49-85-93-80-23-39-67-45-95-43-88-94-51-73-32-98-27-96-14-97-89-31-7-82-28-48-69-13-34-42-91-86-84-33-61-19-16-47-2-20-59-58-3-77-6-36-52-8-55-37-99-26-29-21-46-17-92-11-9-60-12-22-64-53-79-41-100-90-24-30-10-40-87-65-18-54-50-44-70-63-5-72-78-1-62-4-81-38-83-71-74-56-15-35-66-75-25-68-57-76
Ta100x20,7,2,200,0.925,0.05,7,2230707264,17000,6470,6346,5991,2.90942866,v2_avx512bw_vec32_exact_perm,49-85-93-7-95-80-67-98-39-58-62-60-16-96-30-64-51-73-31-45-89-88-32-20-72-13-27-42-28-43-84-36-59-3-19-23-29-33-12-66-34-48-21-77-97-6-86-17-54-22-47-91-41-65-53-11-40-24-82-71-100-92-83-55-87-37-18-8-90-52-50-2-56-69-46-26-44-99-9-4-15-1-10-61-35-79-70-94-38-63-5-74-76-81-14-75-78-25-68-57
Ta100x20,7,2,200,0.925,0.05,8,2230708273,17000,6423,6346,5991,2.973576032,v2_avx512bw_vec32_exact_perm,57-49-73-93-85-51-88-58-60-39-89-45-98-48-94-67-16-43-7-36-27-19-72-80-20-32-14-96-95-99-6-62-3-84-17-86-64-91-28-59-71-55-13-34-100-31-8-77-92-53-33-37-12-18-79-2-97-61-41-40-54-29-74-47-38-42-11-22-90-50-5-82-69-65-66-56-30-21-24-46-75-26-15-87-70-23-81-4-9-83-52-44-35-1-10-63-78-25-68-76
Ta100x20,7,2,200,0.925,0.05,9,2230709282,17000,6479,6346,5991,2.851570997,v2_avx512bw_vec32_exact_perm,49-85-93-84-80-73-67-64-58-98-39-96-88-94-19-20-95-32-77-7-23-89-62-6-97-33-45-31-16-51-72-11-66-55-28-13-42-86-65-82-34-43-3-22-100-48-59-99-24-91-53-5-71-8-27-79-92-50-40-2-36-30-90-18-12-26-87-29-14-44-17-54-69-47-4-38-61-21-41-52-56-83-9-46-63-10-37-35-15-74-70-81-60-75-1-76-78-25-68-57
Ta100x20,7,2,200,0.925,0.05,10,2230710291,17000,6455,6346,5991,3.294680297,v2_avx512bw_vec32_exact_perm,57-49-85-93-84-95-80-100-67-58-64-45-13-88-73-98-51-39-31-23-94-32-97-89-20-7-16-6-69-54-43-42-96-34-22-14-27-91-77-52-82-33-11-19-90-17-72-38-65-71-47-50-3-86-8-28-99-79-55-21-2-53-41-66-62-24-92-29-75-59-36-30-60-12-37-48-9-4-44-35-70-81-18-56-5-83-40-26-10-74-87-15-1-61-25-63-78-68-46-76
Ta100x20,7,2,200,0.925,0.075,1,2230701210,17000,6422,6346,5991,2.812544075,v2_avx512bw_vec32_exact_perm,85-80-49-93-100-41-51-48-95-67-57-73-88-58-60-39-16-20-7-89-6-96-62-94-84-66-28-45-59-21-32-77-33-91-34-38-19-69-64-12-11-98-53-27-40-97-92-14-71-29-43-31-54-17-47-13-65-36-30-3-1-42-46-82-79-50-5-52-74-90-18-8-61-15-81-72-55-99-2-44-23-4-22-26-56-87-83-37-10-63-9-35-24-70-86-75-78-76-25-68
Ta100x20,7,2,200,0.925,0.075,2,2230702219,17000,6488,6346,5991,2.966886941,v2_avx512bw_vec32_exact_perm,49-85-93-100-80-95-19-58-39-97-51-64-45-6-48-96-30-82-88-66-94-62-32-23-20-24-52-67-7-73-89-17-91-27-60-84-43-59-99-16-2-50-61-69-79-13-15-29-34-14-31-55-37-36-11-18-71-47-65-38-53-1-41-3-12-8-22-33-40-72-92-5-21-77-28-98-86-90-42-10-63-74-44-56-70-9-26-46-4-54-87-76-81-35-83-75-78-25-68-57
Ta100x20,7,2,200,0.925,0.075,3,2230703228,17000,6425,6346,5991,2.895763372,v2_avx512bw_vec32_exact_perm,57-49-93-85-67-7-95-45-19-62-88-39-98-51-58-13-42-34-48-64-89-16-73-24-30-14-82-97-79-18-60-43-29-32-66-96-59-20-69-27-22-77-21-94-91-2-84-33-23-6-8-72-38-90-12-99-100-50-92-55-47-11-3-31-10-53-61-41-17-15-1-9-36-5-52-28-46-65-26-87-40-56-70-44-54-35-83-4-71-86-74-80-81-63-37-76-75-78-25-68
Ta100x20,7,2,200,0.925,0.075,4,2230704237,17000,6380,6346,5991,2.732225619,v2_avx512bw_vec32_exact_perm,57-49-95-45-20-16-85-93-51-88-98-39-97-67-94-62-91-30-48-17-19-80-89-73-28-96-6-43-54-41-72-77-66-34-14-12-59-24-23-13-42-31-33-84-100-29-8-65-18-40-53-79-64-32-27-2-87-3-22-36-5-82-90-69-26-38-74-47-61-60-7-52-56-44-92-58-46-21-55-99-63-37-15-11-4-9-10-50-71-1-86-83-68-81-35-70-75-78-25-76
Ta100x20,7,2,200,0.925,0.075,5,2230705246,17000,6519,6346,5991,3.166480836,v2_avx512bw_vec32_exact_perm,57-49-85-93-80-73-31-7-48-64-95-94-45-67-96-65-58-88-100-51-98-39-42-34-62-91-84-13-43-6-16-41-89-97-54-78-72-53-20-27-22-33-19-55-82-52-36-59-12-50-29-69-21-14-90-17-79-30-60-92-47-3-5-2-38-1-24-77-15-18-11-23-46-61-32-81-66-28-9-8-71-40-74-83-99-44-86-26-4-87-37-10-63-56-35-25-70-76-75-68
Ta100x20,7,2,200,0.925,0.075,6,2230706255,17000,6430,6346,5991,2.719019655,v2_avx512bw_vec32_exact_perm,57-85-80-93-41-95-45-96-100-51-88-73-19-48-67-58-94-62-77-31-89-28-34-13-7-23-22-72-49-2-20-27-97-64-6-91-43-84-42-8-54-17-14-29-38-21-61-32-86-33-92-98-39-74-12-59-18-90-40-79-69-50-16-65-47-11-52-24-37-82-53-99-3-30-60-71-66-55-26-36-9-5-4-87-46-15-81-75-35-78-83-25-44-56-10-63-1-68-70-76
Ta100x20,7,2,200,0.925,0.075,7,2230707264,17000,6562,6346,5991,2.864791278,v2_avx512bw_vec32_exact_perm,93-85-49-39-52-80-64-31-7-94-51-97-98-45-67-48-58-33-62-12-19-73-43-95-88-90-6-96-100-42-14-16-53-13-27-61-89-29-38-36-56-32-86-23-84-20-2-37-91-34-59-22-41-77-79-18-11-55-24-26-72-21-3-81-15-92-28-66-8-99-5-54-50-44-17-4-30-60-71-69-82-9-46-87-83-40-65-74-70-63-47-35-10-1-75-78-76-25-68-57
Ta100x20,7,2,200,0.925,0.075,8,2230708273,17000,6430,6346,5991,2.756149066,v2_avx512bw_vec32_exact_perm,57-49-85-93-80-91-39-48-94-41-67-58-98-20-7-96-27-95-51-88-21-52-45-43-12-100-59-64-84-16-97-73-89-8-42-22-79-32-99-33-14-29-72-13-34-31-19-53-4-23-82-2-47-6-66-77-36-18-55-71-30-15-86-65-17-9-3-11-40-10-75-69-90-56-24-60-54-44-26-92-87-50-83-37-81-70-38-28-35-5-74-62-63-61-1-25-78-68-46-76
Ta100x20,7,2,200,0.925,0.075,9,2230709282,17000,6456,6346,5991,2.899864587,v2_avx512bw_vec32_exact_perm,57-49-93-73-45-19-80-96-95-85-64-31-16-39-67-77-41-51-88-98-89-62-91-6-65-34-13-42-12-43-53-94-72-20-29-48-97-3-82-33-27-84-36-32-79-2-61-66-7-90-99-74-100-22-68-55-8-21-69-59-28-38-17-26-24-9-14-23-11-71-40-10-47-92-86-18-30-46-58-50-5-70-56-87-60-54-4-83-81-63-35-1-44-15-75-37-76-52-25-78
Ta100x20,7,2,200,0.925,0.075,10,2230710291,17000,6418,6346,5991,3.153509491,v2_avx512bw_vec32_exact_perm,57-49-93-100-19-80-95-67-73-88-27-94-51-98-48-89-45-31-69-59-58-16-36-85-96-64-32-20-28-34-72-14-84-91-82-13-41-79-17-52-68-97-22-33-29-18-23-42-43-77-5-7-90-15-38-55-3-39-6-62-46-8-24-37-99-92-50-30-21-53-54-86-4-12-11-61-40-26-74-47-60-65-44-70-63-81-9-56-71-2-87-66-75-83-1-35-10-78-25-76
Ta100x20,7,2,200,0.925,0.1,1,2230701210,17000,6541,6346,5991,2.711373398,v2_avx512bw_vec32_exact_perm,57-49-85-93-95-80-91-48-67-60-7-98-39-89-96-58-45-62-31-42-100-23-18-84-20-88-29-79-12-13-51-16-6-36-72-66-73-43-32-34-97-77-4-33-41-22-17-14-69-54-30-27-21-38-5-53-40-64-61-94-71-11-65-3-47-2-19-90-46-28-55-9-82-50-75-8-99-35-52-10-92-56-24-86-1-59-26-81-15-44-25-83-37-78-63-74-68-76-87-70
Ta100x20,7,2,200,0.925,0.1,2,2230702219,17000,6434,6346,5991,2.70727531,v2_avx512bw_vec32_exact_perm,57-49-93-100-67-58-85-60-19-62-84-80-95-64-45-48-32-73-43-12-39-97-88-41-59-27-96-91-94-51-6-34-8-20-72-98-2-77-13-89-33-22-7-90-92-69-28-44-21-29-78-50-18-55-79-66-87-99-16-82-3-61-86-23-31-47-42-4-53-5-71-36-30-17-40-14-52-74-26-10-11-38-81-15-24-83-9-37-35-1-65-25-56-54-63-46-68-70-76-75
Ta100x20,7,2,200,0.925,0.1,3,2230703228,17000,6500,6346,5991,2.622090435,v2_avx512bw_vec32_exact_perm,57-49-93-85-67-80-95-45-31-77-98-39-48-7-12-20-34-16-73-51-89-6-97-60-43-58-42-84-96-94-79-2-64-88-100-59-69-19-22-14-27-50-33-92-66-30-54-13-29-11-62-24-65-91-90-8-21-5-81-82-71-32-3-53-55-36-41-23-38-15-72-46-47-28-4-61-86-52-17-44-87-26-74-40-18-10-56-75-63-99-9-1-83-35-37-70-78-25-76-68
Ta100x20,7,2,200,0.925,0.1,4,2230704237,17000,6430,6346,5991,2.864832938,v2_avx512bw_vec32_exact_perm,57-49-85-93-67-73-31-16-7-80-95-58-48-100-20-62-84-89-91-45-8-28-13-88-82-69-39-61-60-43-77-33-22-51-97-27-34-41-21-23-42-18-55-59-19-29-96-2-99-66-6-53-64-54-12-90-14-50-79-11-72-32-40-4-36-30-46-17-3-98-38-47-94-9-35-65-44-71-86-92-56-52-26-24-87-15-5-74-70-63-37-10-76-81-83-1-25-78-75-68
Ta100x20,7,2,200,0.925,0.1,5,2230705246,17000,6474,6346,5991,3.231740956,v2_avx512bw_vec32_exact_perm,49-85-93-67-100-84-73-80-64-31-58-98-48-60-7-27-95-94-43-20-16-45-97-55-51-28-8-22-39-69-34-13-42-89-88-19-59-33-32-36-30-12-3-62-14-29-11-96-44-71-66-77-21-41-72-40-99-91-17-18-38-79-6-26-92-24-9-82-86-2-23-5-4-53-35-65-87-46-50-70-54-56-15-61-83-81-52-74-37-25-90-63-47-75-78-10-1-76-68-57
Ta100x20,7,2,200,0.925,0.1,6,2230706255,17000,6523,6346,5991,2.704957796,v2_avx512bw_vec32_exact_perm,57-49-85-93-80-67-95-45-31-100-88-51-97-58-20-7-32-73-98-27-59-28-84-64-62-19-43-94-34-89-91-17-14-71-47-48-69-41-39-18-53-2-79-24-96-44-13-61-6-3-40-26-74-99-90-66-12-8-54-60-29-11-22-30-72-36-16-55-21-9-33-42-92-65-38-77-82-37-52-87-46-10-15-63-23-83-56-81-70-5-4-1-86-50-35-78-76-75-25-68
Ta100x20,7,2,200,0.925,0.1,7,2230707264,17000,6428,6346,5991,2.969013051,v2_avx512bw_vec32_exact_perm,57-49-93-73-67-94-85-31-51-48-12-97-98-39-7-89-64-45-58-88-62-32-33-91-19-14-80-6-96-42-59-78-86-16-17-72-18-79-13-95-55-23-21-84-36-65-82-61-44-60-47-2-20-22-77-29-43-3-90-69-28-71-35-27-41-8-53-92-99-40-34-74-24-100-26-38-70-30-46-54-50-11-1-15-52-4-5-9-81-66-56-10-63-37-75-83-87-76-25-68
Ta100x20,7,2,200,0.925,0.1,8,2230708273,17000,6425,6346,5991,2.752141707,v2_avx512bw_vec32_exact_perm,57-49-85-93-80-96-95-67-94-98-39-45-97-89-31-58-82-100-88-73-19-48-69-32-78-20-29-51-13-42-84-23-6-60-12-79-14-91-99-43-8-77-21-90-50-55-16-40-62-64-92-30-72-17-22-33-66-27-18-7-59-3-44-34-24-36-26-53-38-65-47-41-71-28-86-2-9-63-5-4-87-54-46-15-1-61-56-10-37-83-52-75-25-35-81-11-74-68-70-76
Ta100x20,7,2,200,0.925,0.1,9,2230709282,17000,6597,6346,5991,2.733052021,v2_avx512bw_vec32_exact_perm,93-96-95-85-51-39-49-88-62-77-80-67-91-64-7-2-58-97-13-6-73-43-48-69-89-99-42-45-79-14-32-59-29-15-84-21-24-27-36-5-60-16-20-66-17-72-47-11-19-12-53-30-41-65-3-34-70-8-46-28-22-87-33-94-61-92-98-56-55-90-82-75-50-100-18-38-26-9-74-40-31-1-86-10-71-63-54-52-81-23-4-37-35-83-44-78-25-68-57-76
Ta100x20,7,2,200,0.925,0.1,10,2230710291,17000,6443,6346,5991,2.665992552,v2_avx512bw_vec32_exact_perm,57-93-85-80-67-100-43-39-51-64-45-31-98-97-21-27-49-58-88-95-13-33-32-34-60-30-94-52-20-89-62-91-29-48-96-65-19-53-10-55-36-6-42-40-92-79-18-84-87-12-14-23-16-77-22-69-59-41-15-74-73-47-2-5-61-26-17-8-66-24-90-3-50-71-72-11-7-86-82-54-28-44-4-81-56-83-38-1-46-9-99-68-63-25-37-75-78-35-70-76
Ta100x20,7,2,200,0.925,0.125,1,2230701210,17000,6574,6346,5991,3.042071828,v2_avx512bw_vec32_exact_perm,57-49-83-95-93-80-58-73-67-7-64-94-52-43-69-88-51-13-48-20-84-60-39-16-29-33-27-98-96-6-89-62-91-77-90-45-23-59-11-14-31-40-65-47-17-18-82-22-72-8-30-79-41-61-74-36-19-34-21-54-86-12-3-24-38-42-92-85-99-55-50-53-100-26-97-56-2-81-15-87-46-32-70-4-37-9-66-71-5-1-63-28-44-35-78-25-10-75-68-76
Ta100x20,7,2,200,0.925,0.125,2,2230702219,17000,6518,6346,5991,2.754730362,v2_avx512bw_vec32_exact_perm,57-49-85-93-39-80-98-67-94-96-58-7-51-48-95-45-64-27-13-89-43-73-55-42-88-18-23-97-21-69-34-60-41-22-77-91-31-24-59-19-62-6-53-86-52-33-2-37-84-14-82-90-12-79-5-16-8-54-71-50-72-36-30-92-17-81-3-100-38-40-11-29-44-20-83-28-66-47-4-56-32-15-35-99-61-87-46-75-9-65-70-26-1-78-10-63-74-76-25-68
Ta100x20,7,2,200,0.925,0.125,3,2230703228,17000,6613,6346,5991,2.880917339,v2_avx512bw_vec32_exact_perm,57-49-93-30-67-94-84-98-39-97-31-51-64-96-6-77-23-42-45-48-43-69-73-20-55-80-19-54-95-50-9-41-85-88-16-99-29-44-18-21-38-27-46-72-13-34-14-89-4-79-59-62-24-74-92-12-100-53-17-47-28-58-3-90-52-8-91-11-65-82-86-33-60-71-32-2-81-66-61-36-87-40-26-56-22-7-1-15-5-35-83-37-70-10-63-78-25-75-68-76
Ta100x20,7,2,200,0.925,0.125,4,2230704237,17000,6565,6346,5991,2.673530686,v2_avx512bw_vec32_exact_perm,57-49-93-73-67-80-43-95-45-82-7-31-58-62-94-98-39-12-96-30-48-97-42-61-13-89-91-33-55-86-21-84-16-27-34-100-88-65-20-29-51-36-32-3-17-59-14-69-9-24-5-99-18-19-47-23-44-38-71-53-52-46-77-8-66-72-79-64-6-41-92-28-87-2-85-15-74-40-22-54-90-4-81-56-83-78-10-63-37-50-60-75-1-26-35-25-11-68-70-76
Ta100x20,7,2,200,0.925,0.125,5,2230705246,17000,6525,6346,5991,2.790137232,v2_avx512bw_vec32_exact_perm,49-85-93-7-62-67-98-42-39-84-88-51-73-48-89-45-94-58-96-53-28-60-31-95-6-41-8-80-91-20-44-32-77-21-36-27-43-22-59-47-72-64-69-38-33-16-19-29-2-18-79-13-61-87-14-34-12-46-86-100-92-97-99-30-23-24-40-71-65-3-1-82-55-90-54-50-26-5-4-9-66-17-52-11-74-15-56-63-70-81-37-25-75-83-35-78-10-68-57-76
Ta100x20,7,2,200,0.925,0.125,6,2230706255,17000,6537,6346,5991,3.15708233,v2_avx512bw_vec32_exact_perm,57-49-85-93-7-21-95-80-30-45-67-60-88-16-33-51-13-39-6-91-77-48-14-96-27-89-58-82-86-34-42-20-2-32-97-79-50-98-41-54-18-31-29-69-43-47-73-100-8-61-12-90-19-66-53-38-55-72-26-11-81-28-40-99-92-74-3-44-83-59-22-62-17-94-71-36-52-35-84-23-64-9-4-1-65-15-5-87-10-25-37-63-56-24-46-78-68-70-76-75
Ta100x20,7,2,200,0.925,0.125,7,2230707264,17000,6522,6346,5991,3.013876829,v2_avx512bw_vec32_exact_perm,57-49-85-93-67-80-73-31-58-94-64-62-60-32-48-30-95-89-45-39-43-91-100-21-82-27-96-17-14-28-84-79-72-98-13-51-66-59-16-20-29-61-19-33-90-12-2-97-47-88-6-3-53-41-65-36-77-38-34-23-7-42-22-55-18-92-11-9-40-15-44-81-26-74-69-56-52-5-50-99-4-71-1-8-54-46-63-87-75-25-83-37-86-35-10-78-24-68-70-76
Ta100x20,7,2,200,0.925,0.125,8,2230708273,17000,6534,6346,5991,2.855440827,v2_avx512bw_vec32_exact_perm,57-49-85-93-80-48-39-67-96-45-95-88-94-14-43-29-58-60-13-51-89-98-97-62-91-34-42-6-79-32-36-73-100-19-84-20-69-77-31-59-16-61-2-27-53-38-92-33-21-41-82-7-71-23-22-30-4-72-86-12-74-40-54-11-26-90-55-17-3-9-66-81-18-99-46-28-47-1-50-64-8-5-65-87-52-35-56-24-70-63-44-10-75-15-37-83-25-78-68-76
Ta100x20,7,2,200,0.925,0.125,9,2230709282,17000,6570,6346,5991,2.870160487,v2_avx512bw_vec32_exact_perm,49-85-93-39-80-58-95-45-100-51-48-67-77-62-97-73-19-99-94-84-88-31-89-28-13-34-59-44-52-42-66-7-33-12-16-43-64-79-22-24-98-20-29-37-21-6-53-27-8-2-41-90-18-96-72-4-30-15-17-69-38-61-82-74-47-86-32-40-91-5-56-26-14-71-92-55-23-25-11-3-9-1-54-65-46-35-10-63-36-60-81-75-87-83-78-50-68-57-70-76
Ta100x20,7,2,200,0.925,0.125,10,2230710291,17000,6577,6346,5991,2.344139777,v2_avx512bw_vec32_exact_perm,57-49-85-80-93-73-31-7-51-98-39-13-58-45-76-16-67-20-27-84-95-59-42-32-88-34-48-96-64-29-11-91-6-23-14-52-33-12-43-100-40-53-36-18-65-79-47-3-99-19-89-55-77-60-82-38-17-71-50-28-87-2-26-92-37-44-97-41-30-4-69-90-21-22-61-46-62-9-94-86-74-5-15-72-10-56-63-8-54-25-66-1-68-83-81-35-78-24-70-75
Ta100x20,7,2,200,0.9625,0.025,1,2230701210,17000,6406,6346,5991,3.357779974,v2_avx512bw_vec32_exact_perm,57-49-85-93-97-64-58-39-80-16-32-41-67-73-31-7-95-94-43-45-51-27-88-19-48-89-60-33-34-12-91-6-62-2-79-84-20-100-82-96-22-42-66-30-3-17-23-13-99-29-18-9-77-55-21-72-38-69-59-24-26-14-92-40-90-98-1-65-56-52-10-86-50-44-28-8-47-71-36-61-68-74-53-54-63-37-11-46-5-4-15-81-75-35-83-87-70-76-78-25
Ta100x20,7,2,200,0.9625,0.025,2,2230702219,17000,6450,6346,5991,3.540431286,v2_avx512bw_vec32_exact_perm,93-95-100-80-49-67-94-39-45-51-88-98-20-42-7-48-73-84-58-60-19-33-16-43-64-55-89-62-91-6-96-69-59-13-27-66-28-31-34-30-77-3-82-71-17-22-14-99-23-8-29-32-37-92-54-50-41-85-21-44-4-90-47-12-97-53-61-40-65-2-72-86-11-18-26-24-87-46-36-9-70-52-81-56-38-35-83-5-10-79-25-74-63-15-75-78-1-68-57-76
Ta100x20,7,2,200,0.9625,0.025,3,2230703228,17000,6420,6346,5991,3.080678646,v2_avx512bw_vec32_exact_perm,57-49-85-93-67-73-64-31-60-30-39-43-94-51-62-91-48-52-45-20-84-58-95-41-19-88-33-16-79-32-89-96-14-21-29-34-82-97-22-69-23-59-24-27-13-42-72-3-81-6-36-8-54-55-61-77-46-98-17-92-100-9-26-66-47-11-65-40-53-99-90-50-28-12-74-86-2-87-37-18-15-1-5-4-38-56-71-63-7-44-35-70-75-80-10-78-83-25-68-76
Ta100x20,7,2,200,0.9625,0.025,4,2230704237,17000,6442,6346,5991,3.434246136,v2_avx512bw_vec32_exact_perm,57-49-85-93-27-80-91-48-67-95-7-60-19-64-89-58-88-100-73-6-96-43-51-62-12-45-39-14-97-30-20-99-69-16-3-23-94-29-8-36-32-31-55-59-42-84-21-98-13-90-17-77-92-22-40-28-66-87-34-18-41-79-54-24-52-4-5-53-86-72-33-68-61-47-50-71-2-1-11-15-46-65-9-44-26-74-82-38-83-37-10-63-81-56-25-75-78-35-70-76
Ta100x20,7,2,200,0.9625,0.025,5,2230705246,17000,6442,6346,5991,3.274679675,v2_avx512bw_vec32_exact_perm,57-49-85-93-41-95-80-91-67-60-20-58-13-7-31-94-51-23-89-45-48-88-98-32-73-39-14-96-43-27-53-42-22-97-64-33-72-99-19-55-21-15-34-17-65-16-59-100-3-84-90-8-12-77-61-54-69-29-62-66-6-79-24-92-38-2-5-36-28-87-47-18-50-37-82-71-11-30-46-4-52-86-26-40-74-10-81-56-83-63-9-70-35-44-1-76-75-78-25-68
Ta100x20,7,2,200,0.9625,0.025,6,2230706255,17000,6422,6346,5991,3.023351297,v2_avx512bw_vec32_exact_perm,57-49-85-93-67-95-58-80-60-98-39-48-89-45-20-84-94-32-73-96-14-19-88-51-36-6-72-23-13-28-65-7-77-17-66-34-8-97-99-21-53-16-22-62-27-43-61-2-64-29-40-41-91-47-44-42-90-31-69-3-79-55-82-18-11-38-12-100-30-71-74-54-86-59-50-33-26-52-24-1-37-68-46-92-63-5-4-83-78-9-81-10-56-25-35-15-75-87-70-76
Ta100x20,7,2,200,0.9625,0.025,7,2230707264,17000,6440,6346,5991,2.989347012,v2_avx512bw_vec32_exact_perm,93-85-88-49-7-60-95-67-80-19-48-97-64-27-43-89-45-36-31-94-58-16-98-77-69-20-51-91-62-6-13-59-73-12-21-29-8-39-96-84-28-30-14-66-17-44-71-40-42-33-32-92-79-3-24-90-34-2-41-78-72-47-38-99-61-50-100-65-18-53-55-46-82-5-74-15-87-83-54-4-22-11-23-70-26-86-81-52-10-37-25-56-63-9-35-76-1-75-68-57
Ta100x20,7,2,200,0.9625,0.025,8,2230708273,17000,6402,6346,5991,2.87764033,v2_avx512bw_vec32_exact_perm,57-49-93-85-95-45-51-48-73-96-67-94-31-58-98-7-39-41-97-42-16-34-62-19-55-64-88-78-27-89-53-2-13-65-91-33-6-79-3-82-12-43-14-72-20-30-36-84-59-21-22-100-8-29-92-81-40-28-69-32-90-46-74-23-18-71-38-50-11-54-77-47-66-61-60-5-24-4-9-17-99-86-37-26-25-52-87-10-63-56-35-70-44-15-75-1-83-80-68-76
Ta100x20,7,2,200,0.9625,0.025,9,2230709282,17000,6402,6346,5991,2.862045799,v2_avx512bw_vec32_exact_perm,57-49-93-85-80-45-95-20-67-94-52-7-62-31-58-96-39-32-41-33-51-88-98-97-73-27-43-18-29-48-91-89-84-90-14-13-16-69-5-59-42-71-66-79-28-55-21-82-22-8-77-50-23-36-61-44-34-3-78-2-100-30-64-40-12-19-53-65-47-17-38-72-46-11-4-54-60-26-81-87-24-99-37-25-15-56-92-6-86-83-9-10-63-74-68-1-35-70-76-75
Ta100x20,7,2,200,0.9625,0.025,10,2230710291,17000,6432,6346,5991,2.737539582,v2_avx512bw_vec32_exact_perm,57-49-93-85-20-88-73-51-91-62-39-48-67-45-42-84-64-98-53-31-58-13-7-95-96-33-14-6-16-94-43-66-32-89-97-100-29-30-36-82-79-2-69-22-38-28-99-19-27-8-86-72-90-21-55-59-15-50-5-34-24-52-92-41-17-3-47-61-23-18-65-77-87-60-46-12-11-4-9-40-10-44-56-63-74-71-54-35-1-80-83-81-26-37-70-75-25-78-68-76
Ta100x20,7,2,200,0.9625,0.05,1,2230701210,17000,6470,6346,5991,2.784850935,v2_avx512bw_vec32_exact_perm,57-49-85-93-7-80-27-60-67-98-48-73-88-51-39-22-64-19-23-94-32-62-6-96-95-45-66-30-33-16-65-84-43-42-14-34-20-28-13-29-21-97-54-53-17-1-8-89-76-2-55-71-3-5-92-77-99-31-11-12-9-100-91-38-47-69-18-79-41-52-74-59-50-36-82-72-44-61-46-90-81-15-83-87-4-58-40-10-63-56-86-26-75-25-37-35-78-24-68-70
Ta100x20,7,2,200,0.9625,0.05,2,2230702219,17000,6416,6346,5991,2.83795668,v2_avx512bw_vec32_exact_perm,57-85-93-49-95-94-67-45-39-98-51-48-88-27-97-20-41-16-53-60-73-19-32-84-59-69-64-91-62-34-42-79-13-31-89-29-100-82-22-43-80-99-12-72-23-6-96-65-77-66-7-21-55-92-54-33-52-61-17-14-5-11-2-3-30-71-36-87-81-46-18-26-37-8-50-47-38-28-70-74-15-58-1-63-90-44-4-56-83-9-10-86-35-24-40-76-75-68-25-78
Ta100x20,7,2,200,0.9625,0.05,3,2230703228,17000,6444,6346,5991,2.641912807,v2_avx512bw_vec32_exact_perm,57-49-85-93-67-98-77-95-60-45-6-96-42-13-79-51-89-88-28-100-62-84-20-7-58-91-14-43-59-16-12-23-33-48-97-29-69-94-34-66-38-19-39-31-11-27-80-54-3-17-18-65-53-55-72-64-8-71-41-47-36-87-22-73-2-21-5-74-50-82-56-32-1-46-15-61-92-37-30-35-70-26-24-44-90-86-83-9-99-4-52-40-10-63-75-25-81-78-76-68
Ta100x20,7,2,200,0.9625,0.05,4,2230704237,17000,6430,6346,5991,2.686777453,v2_avx512bw_vec32_exact_perm,57-49-93-7-95-27-67-58-98-39-45-51-48-88-73-12-80-21-96-85-64-19-89-32-100-33-22-34-13-42-23-91-43-29-14-84-2-59-20-31-18-24-62-47-77-97-69-72-38-6-60-79-66-16-30-3-40-99-61-94-82-86-65-71-55-54-8-5-11-52-10-50-53-41-37-28-90-15-74-26-44-17-63-56-92-9-35-36-1-68-46-81-4-75-25-83-78-87-70-76
Ta100x20,7,2,200,0.9625,0.05,5,2230705246,17000,6462,6346,5991,2.749037041,v2_avx512bw_vec32_exact_perm,57-49-85-93-95-78-58-94-73-43-62-27-67-7-19-33-98-64-45-48-51-36-31-96-16-23-29-89-97-6-14-32-84-20-34-91-72-13-66-82-59-39-55-88-22-40-100-92-65-3-79-12-8-69-77-17-99-38-28-30-21-53-2-47-24-41-37-60-61-42-86-70-44-18-56-9-46-26-15-90-71-50-52-87-5-11-4-54-83-81-35-74-25-63-10-1-80-75-68-76
Ta100x20,7,2,200,0.9625,0.05,6,2230706255,17000,6403,6346,5991,2.992717406,v2_avx512bw_vec32_exact_perm,57-49-85-93-27-80-42-95-45-64-67-23-31-7-19-20-58-62-88-51-100-41-91-48-34-13-89-94-99-28-84-59-39-22-60-79-6-16-43-29-66-92-47-32-96-82-97-24-73-21-72-87-55-3-36-8-61-40-65-2-12-69-44-90-4-56-98-18-53-77-33-52-46-15-30-5-10-17-9-14-26-38-74-11-71-50-54-86-63-37-81-83-35-1-70-75-25-78-68-76
Ta100x20,7,2,200,0.9625,0.05,7,2230707264,17000,6429,6346,5991,2.96831348,v2_avx512bw_vec32_exact_perm,57-49-85-93-95-67-7-89-98-64-45-58-62-42-31-23-51-97-100-6-43-88-60-73-32-96-48-91-13-69-34-39-92-61-17-68-22-20-29-77-80-41-72-21-84-79-33-12-3-36-59-55-52-19-94-65-47-16-11-38-50-37-86-82-14-9-27-18-46-71-99-8-24-30-54-40-74-66-28-90-81-2-26-44-83-53-15-5-1-4-56-10-63-87-35-75-70-78-25-76
Ta100x20,7,2,200,0.9625,0.05,8,2230708273,17000,6441,6346,5991,2.790095994,v2_avx512bw_vec32_exact_perm,57-49-85-93-20-7-51-98-48-94-39-67-77-95-80-32-45-73-19-88-64-89-96-58-29-100-13-91-43-69-42-38-34-16-59-41-21-24-14-61-84-23-62-50-90-27-92-37-97-6-2-71-33-60-30-31-47-3-18-79-82-55-66-53-4-5-12-26-9-8-17-15-72-87-46-83-65-40-99-22-74-1-36-81-28-54-68-44-11-52-56-25-75-35-86-10-63-78-70-76
Ta100x20,7,2,200,0.9625,0.05,9,2230709282,17000,6428,6346,5991,2.900980351,v2_avx512bw_vec32_exact_perm,57-49-93-85-80-95-67-45-94-20-29-98-51-27-48-58-62-16-7-73-31-42-84-60-23-43-34-32-14-39-13-97-89-61-41-91-21-53-5-82-6-92-96-24-9-17-66-69-100-19-38-59-36-71-72-64-65-55-8-88-40-12-90-77-28-47-2-22-87-15-44-1-33-4-54-79-18-3-99-50-52-10-56-63-83-37-30-26-86-74-70-11-35-81-46-78-76-75-25-68
Ta100x20,7,2,200,0.9625,0.05,10,2230710291,17000,6431,6346,5991,2.810821324,v2_avx512bw_vec32_exact_perm,57-49-85-93-80-95-65-67-73-31-58-60-32-100-19-20-7-13-77-51-64-34-91-45-82-48-27-43-89-22-94-88-23-62-6-96-42-84-90-72-33-3-18-55-15-98-39-79-92-12-97-8-29-14-56-30-44-36-50-21-53-52-40-99-17-61-2-28-47-16-66-41-71-86-59-74-9-10-25-69-5-11-54-26-87-46-4-75-35-81-83-1-38-78-63-37-24-68-70-76
Ta100x20,7,2,200,0.9625,0.075,1,2230701210,17000,6432,6346,5991,3.042557658,v2_avx512bw_vec32_exact_perm,57-49-85-93-67-95-80-60-58-48-39-6-45-88-26-96-94-51-73-16-27-97-89-43-64-72-30-14-31-8-28-62-84-20-32-34-91-69-59-13-29-19-3-90-99-77-65-47-42-38-17-82-12-36-44-61-40-100-54-55-21-7-66-18-81-71-53-23-41-50-9-92-52-46-33-79-24-15-75-2-11-98-87-22-35-4-86-83-37-5-74-68-63-10-56-1-70-78-25-76
Ta100x20,7,2,200,0.9625,0.075,2,2230702219,17000,6420,6346,5991,3.130367306,v2_avx512bw_vec32_exact_perm,93-85-80-49-94-67-45-95-19-48-39-96-88-51-100-73-6-62-84-89-28-98-20-77-43-27-22-82-64-74-32-23-2-33-29-59-38-91-17-31-42-69-58-13-34-86-8-16-14-79-36-46-92-30-12-7-66-47-65-21-97-53-18-41-61-3-55-11-71-54-40-60-72-24-99-44-26-1-90-52-81-4-9-56-50-25-15-75-87-5-35-70-10-63-37-78-83-68-57-76
Ta100x20,7,2,200,0.9625,0.075,3,2230703228,17000,6508,6346,5991,2.800779555,v2_avx512bw_vec32_exact_perm,49-85-93-67-73-19-88-64-80-58-95-14-31-45-98-7-48-51-39-13-33-32-59-27-57-17-16-89-91-94-43-65-42-84-20-96-6-62-97-55-3-24-72-99-90-100-23-22-92-30-29-41-21-82-69-79-8-28-60-44-12-4-53-71-34-66-11-47-74-26-38-40-77-61-2-81-36-18-46-9-15-70-5-63-56-52-86-50-54-83-87-37-35-10-75-1-78-25-76-68
Ta100x20,7,2,200,0.9625,0.075,4,2230704237,17000,6544,6346,5991,2.885686569,v2_avx512bw_vec32_exact_perm,57-49-85-93-7-95-80-67-31-100-28-96-82-39-13-32-64-84-73-33-58-98-45-94-16-34-97-23-77-51-19-20-89-14-48-91-88-72-38-6-47-36-43-29-5-21-24-59-66-12-86-92-78-27-9-17-8-22-42-11-53-41-62-52-79-61-50-71-3-69-40-55-99-18-46-60-4-37-2-56-44-30-63-54-83-81-90-1-15-65-25-74-26-10-75-87-68-76-35-70
Ta100x20,7,2,200,0.9625,0.075,5,2230705246,17000,6514,6346,5991,3.021804992,v2_avx512bw_vec32_exact_perm,57-49-93-95-83-67-34-96-85-64-80-58-45-31-98-48-20-94-9-88-39-73-42-12-13-77-51-84-100-33-91-89-2-27-97-6-53-66-43-99-19-17-32-79-50-3-59-15-16-29-69-65-14-55-38-41-28-8-37-52-22-7-23-36-72-82-5-21-90-18-47-74-62-46-30-60-92-1-10-61-81-24-26-40-11-71-86-54-44-4-63-56-87-35-75-70-78-25-76-68
Ta100x20,7,2,200,0.9625,0.075,6,2230706255,17000,6482,6346,5991,3.309311615,v2_avx512bw_vec32_exact_perm,57-49-95-93-85-67-58-100-48-97-64-45-51-88-73-19-16-62-27-8-32-31-94-89-34-39-22-77-43-30-28-86-11-60-23-21-14-84-20-91-17-41-96-99-52-59-3-29-6-54-13-7-82-65-33-71-55-92-80-79-40-12-42-61-46-4-47-2-53-38-98-36-50-72-26-69-44-56-24-37-90-87-1-18-10-66-5-25-15-81-9-75-83-78-68-63-74-35-70-76
Ta100x20,7,2,200,0.9625,0.075,7,2230707264,17000,6414,6346,5991,3.223780888,v2_avx512bw_vec32_exact_perm,57-85-93-95-67-7-80-58-64-62-45-16-89-72-100-13-88-51-73-6-96-31-39-82-32-33-91-43-84-27-36-98-47-42-20-22-53-49-19-69-97-99-59-14-5-21-24-77-60-29-34-50-23-2-66-79-48-18-55-8-61-3-40-12-26-38-17-94-9-92-81-90-52-41-28-10-71-30-15-74-86-87-54-65-44-70-56-63-46-11-4-35-83-37-75-1-76-68-25-78
Ta100x20,7,2,200,0.9625,0.075,8,2230708273,17000,6510,6346,5991,3.165886603,v2_avx512bw_vec32_exact_perm,57-49-93-95-85-67-45-88-51-60-91-80-98-20-32-64-16-39-84-6-94-13-96-72-48-89-42-24-14-33-30-19-62-34-92-22-8-36-43-23-54-29-4-69-12-59-65-90-58-47-97-31-55-21-77-66-41-73-53-28-38-79-82-71-3-26-40-17-11-27-74-18-46-50-9-5-87-15-86-61-2-100-56-99-44-35-7-10-63-1-83-37-25-52-78-81-70-75-76-68
Ta100x20,7,2,200,0.9625,0.075,9,2230709282,17000,6484,6346,5991,3.011880169,v2_avx512bw_vec32_exact_perm,57-49-93-96-30-7-95-45-51-39-80-32-20-88-73-16-67-82-58-13-33-72-31-27-36-62-84-28-23-42-17-94-43-89-97-91-38-6-59-29-21-98-19-12-100-69-53-55-40-60-66-8-48-99-34-3-77-79-71-41-92-47-22-18-61-85-24-37-15-65-14-90-46-50-9-2-26-86-11-44-54-74-52-64-56-10-63-70-5-81-83-4-87-35-75-1-76-78-25-68
Ta100x20,7,2,200,0.9625,0.075,10,2230710291,17000,6494,6346,5991,2.964174601,v2_avx512bw_vec32_exact_perm,57-49-93-85-80-95-45-67-91-48-77-51-39-13-27-82-88-58-89-28-98-96-19-69-73-52-64-72-20-43-55-100-59-31-22-21-97-7-8-99-38-34-94-12-44-92-53-26-41-29-65-42-36-79-14-16-30-6-15-5-2-84-23-87-18-33-47-17-10-90-3-11-24-86-71-83-40-61-62-60-74-50-54-1-32-81-66-4-56-46-63-37-9-35-75-70-78-76-25-68
Ta100x20,7,2,200,0.9625,0.1,1,2230701210,17000,6542,6346,5991,2.937716729,v2_avx512bw_vec32_exact_perm,57-49-85-93-80-58-7-64-62-30-67-94-88-98-39-45-51-43-95-97-73-32-6-3-89-24-23-13-42-18-27-21-14-72-92-34-84-53-28-20-91-82-8-31-90-29-12-33-16-5-41-17-100-87-96-77-38-65-66-19-99-40-59-74-2-11-52-69-50-22-79-9-36-26-10-55-48-46-61-60-4-1-47-71-54-25-63-81-86-37-15-75-78-83-44-56-68-35-70-76
Ta100x20,7,2,200,0.9625,0.1,2,2230702219,17000,6458,6346,5991,2.966959572,v2_avx512bw_vec32_exact_perm,57-49-85-93-67-95-45-48-7-19-33-62-64-58-88-51-98-23-27-91-94-20-6-34-32-96-97-72-80-31-89-59-29-100-13-43-28-17-92-82-22-39-36-30-21-14-12-8-47-66-84-73-16-55-18-79-3-41-53-37-42-52-5-50-69-77-90-24-99-40-44-61-2-60-74-87-83-11-54-46-65-10-38-26-63-56-15-86-1-71-4-9-35-81-70-78-76-75-25-68
Ta100x20,7,2,200,0.9625,0.1,3,2230703228,17000,6491,6346,5991,2.782521171,v2_avx512bw_vec32_exact_perm,57-49-93-85-67-94-88-80-39-58-60-7-51-48-23-31-100-96-89-6-62-91-29-97-8-34-12-20-43-42-69-22-59-19-82-98-84-33-14-45-95-32-16-36-66-13-79-28-71-55-30-73-99-47-38-77-65-72-17-40-21-18-11-92-44-24-15-9-41-50-53-37-27-2-61-90-4-46-5-70-81-52-64-74-26-86-56-63-3-54-83-87-10-75-35-1-78-76-25-68
Ta100x20,7,2,200,0.9625,0.1,4,2230704237,17000,6514,6346,5991,2.887724515,v2_avx512bw_vec32_exact_perm,57-49-93-73-67-95-45-88-51-48-58-94-77-42-60-98-43-64-34-13-7-32-14-84-62-91-20-27-36-97-59-22-6-79-89-28-41-71-19-78-86-96-16-30-66-21-29-55-23-8-24-33-3-53-12-82-2-47-39-38-69-99-72-90-100-31-85-9-52-11-40-4-17-54-46-61-44-56-18-92-15-50-35-65-5-74-26-87-70-81-10-63-1-25-37-83-80-75-68-76
Ta100x20,7,2,200,0.9625,0.1,5,2230705246,17000,6492,6346,5991,2.837814601,v2_avx512bw_vec32_exact_perm,57-49-85-93-80-39-95-45-67-98-96-48-69-51-73-64-19-88-32-31-59-13-27-7-100-89-20-77-34-91-22-6-14-43-16-99-72-55-23-82-8-28-38-33-62-84-94-97-21-66-42-12-41-3-29-9-92-71-79-2-36-17-30-86-53-65-4-5-47-46-11-40-18-10-26-24-87-15-58-50-90-60-61-74-44-83-35-56-81-54-52-63-37-1-70-78-76-25-75-68
Ta100x20,7,2,200,0.9625,0.1,6,2230706255,17000,6585,6346,5991,2.778360001,v2_avx512bw_vec32_exact_perm,93-80-49-83-95-67-94-31-45-98-7-51-23-48-21-58-64-14-97-96-27-39-18-85-16-84-43-62-69-13-72-88-89-29-73-32-59-41-38-91-17-100-54-30-92-6-33-40-20-19-44-42-46-53-99-3-77-34-22-82-28-26-50-86-79-47-66-55-90-8-12-36-4-87-60-15-24-65-61-2-9-71-5-70-56-74-11-52-25-37-10-63-1-35-76-81-75-78-68-57
Ta100x20,7,2,200,0.9625,0.1,7,2230707264,17000,6526,6346,5991,2.708287915,v2_avx512bw_vec32_exact_perm,57-49-85-93-80-67-62-22-95-60-58-39-7-27-19-20-48-41-89-34-16-88-32-59-100-29-99-73-77-13-50-91-51-43-18-47-31-72-69-45-6-96-84-92-30-82-14-79-94-40-98-42-36-44-2-55-23-12-9-66-64-17-24-97-8-81-33-3-52-61-90-46-10-28-87-54-21-65-53-15-86-5-11-83-71-74-38-56-63-37-26-68-4-1-35-70-76-75-78-25
Ta100x20,7,2,200,0.9625,0.1,8,2230708273,17000,6499,6346,5991,2.631737117,v2_avx512bw_vec32_exact_perm,57-49-85-93-95-67-80-73-31-58-60-7-48-98-64-45-100-19-42-43-84-99-27-97-88-59-51-20-39-32-96-22-34-91-82-33-8-16-94-40-89-28-14-23-55-12-66-21-41-44-3-47-65-79-71-18-13-17-50-72-30-62-77-53-36-86-2-9-15-61-92-69-29-37-5-90-4-63-11-74-46-6-54-1-52-25-38-26-10-56-83-87-81-35-75-78-24-68-70-76
Ta100x20,7,2,200,0.9625,0.1,9,2230709282,17000,6509,6346,5991,2.734446952,v2_avx512bw_vec32_exact_perm,57-93-85-80-49-64-58-67-100-48-94-89-31-30-33-16-43-98-86-14-96-88-6-95-27-62-45-73-28-53-51-39-13-65-77-23-52-21-84-17-59-20-91-15-24-12-8-47-3-72-38-29-61-34-41-92-42-99-19-69-82-97-22-55-44-7-36-2-79-60-32-5-90-66-74-50-87-18-54-11-26-46-37-4-9-83-40-71-10-1-63-56-68-25-75-81-78-35-70-76
Ta100x20,7,2,200,0.9625,0.1,10,2230710291,17000,6569,6346,5991,2.755163314,v2_avx512bw_vec32_exact_perm,57-49-85-93-67-94-80-62-39-58-98-60-7-48-45-42-20-13-95-51-23-29-89-43-31-17-73-12-69-59-14-30-64-96-19-32-3-16-55-66-33-41-91-79-90-27-54-88-61-2-97-82-21-28-84-1-8-34-36-4-22-6-44-9-71-56-86-72-38-100-99-5-47-63-50-53-77-52-18-46-87-75-26-11-40-25-74-35-83-81-92-15-65-37-10-24-68-78-70-76
Ta100x20,7,2,200,0.9625,0.125,1,2230701210,17000,6540,6346,5991,2.733668981,v2_avx512bw_vec32_exact_perm,57-49-95-30-80-93-85-62-67-58-42-97-100-99-48-64-84-59-19-88-89-45-23-36-32-43-91-14-6-34-22-73-13-96-27-28-66-7-77-20-29-8-33-31-3-51-69-53-92-12-98-39-79-2-16-72-55-15-41-61-82-5-44-10-18-11-24-40-9-46-4-47-1-50-21-86-54-87-65-60-17-71-90-75-94-52-38-81-56-83-63-37-68-74-26-78-25-35-70-76
Ta100x20,7,2,200,0.9625,0.125,2,2230702219,17000,6641,6346,5991,2.752215586,v2_avx512bw_vec32_exact_perm,49-93-95-91-31-100-48-94-97-60-43-67-96-58-85-38-6-7-64-69-62-20-98-73-14-88-50-51-32-77-42-19-23-45-39-84-36-89-34-29-33-21-66-16-41-59-22-71-79-11-28-27-2-8-53-44-99-92-12-55-18-52-40-26-74-90-3-47-72-1-61-17-54-13-82-30-15-87-4-65-5-63-46-9-86-83-37-10-75-56-76-81-35-70-25-24-80-78-68-57
Ta100x20,7,2,200,0.9625,0.125,3,2230703228,17000,6545,6346,5991,2.736272675,v2_avx512bw_vec32_exact_perm,57-49-85-93-95-67-48-7-97-45-64-22-51-94-27-80-28-91-98-13-39-62-43-58-41-2-96-77-42-33-59-32-55-89-73-19-79-88-12-90-23-29-36-16-20-84-92-21-69-54-65-44-31-72-50-34-14-11-4-53-40-5-8-60-71-52-74-17-30-66-56-82-75-3-38-47-18-61-87-100-6-9-15-46-35-26-99-24-25-37-81-1-83-68-10-86-63-78-70-76
Ta100x20,7,2,200,0.9625,0.125,4,2230704237,17000,6553,6346,5991,2.615340186,v2_avx512bw_vec32_exact_perm,57-49-85-93-80-97-58-39-100-45-67-98-42-43-48-59-16-94-77-66-84-23-89-73-28-6-13-27-96-50-51-69-71-54-62-88-72-33-3-19-64-11-22-31-52-79-20-74-9-17-55-14-7-41-21-95-53-91-36-30-44-8-15-29-86-18-26-34-38-12-1-82-92-65-35-90-24-81-61-60-47-56-32-40-2-99-46-4-87-70-5-10-37-83-63-78-25-75-68-76
Ta100x20,7,2,200,0.9625,0.125,5,2230705246,17000,6574,6346,5991,2.7826738,v2_avx512bw_vec32_exact_perm,93-80-49-95-45-48-58-73-67-31-96-42-72-43-94-14-23-20-19-69-16-97-84-82-98-64-51-7-29-13-89-88-22-60-39-62-6-27-53-91-33-18-32-3-79-77-85-99-92-34-30-36-24-40-28-41-52-86-2-37-59-21-12-8-66-55-38-100-74-54-11-61-50-26-87-83-44-56-71-46-90-4-81-15-47-63-75-17-65-70-9-5-25-10-35-1-78-76-68-57
Ta100x20,7,2,200,0.9625,0.125,6,2230706255,17000,6540,6346,5991,2.833378295,v2_avx512bw_vec32_exact_perm,57-49-85-93-95-67-7-80-60-58-96-6-91-43-77-62-42-98-23-12-14-84-73-64-89-39-19-69-51-45-97-31-5-48-29-2-20-90-88-86-18-11-94-21-61-54-16-34-82-33-3-24-30-38-72-100-17-22-8-47-66-79-28-32-50-92-41-53-13-65-1-71-36-37-74-59-26-40-55-44-15-10-27-56-4-25-9-83-52-87-81-35-99-46-78-63-75-68-70-76
Ta100x20,7,2,200,0.9625,0.125,7,2230707264,17000,6569,6346,5991,2.720508399,v2_avx512bw_vec32_exact_perm,93-49-85-96-95-39-80-67-58-84-100-73-31-7-51-48-88-32-89-94-27-91-43-59-62-45-29-15-16-22-6-37-41-20-23-42-98-97-69-77-3-64-34-19-53-12-66-55-92-11-40-79-18-46-8-61-82-50-5-30-33-99-86-2-28-47-65-17-71-38-14-9-13-72-21-83-70-24-90-36-44-26-74-52-56-87-4-60-10-54-63-81-35-76-1-75-25-78-68-57
Ta100x20,7,2,200,0.9625,0.125,8,2230708273,17000,6619,6346,5991,2.89845447,v2_avx512bw_vec32_exact_perm,49-93-85-31-7-95-97-39-67-48-45-51-43-64-88-98-58-100-86-33-16-52-6-41-19-17-62-80-12-34-8-91-94-92-79-20-42-14-84-29-18-89-53-23-71-13-55-96-73-28-38-26-77-72-99-74-11-44-59-24-3-54-40-69-27-90-2-60-22-66-30-4-21-61-83-56-70-9-5-32-87-46-36-82-37-75-81-15-65-35-47-10-1-25-76-50-78-63-68-57
Ta100x20,7,2,200,0.9625,0.125,9,2230709282,17000,6593,6346,5991,2.922329108,v2_avx512bw_vec32_exact_perm,57-49-85-93-80-94-95-96-67-58-45-51-72-31-36-32-39-98-7-62-16-100-66-43-12-14-33-84-73-87-48-89-88-5-20-19-59-91-53-60-22-27-64-71-30-8-13-23-15-55-21-34-29-6-42-38-54-18-97-47-61-74-17-77-90-41-81-46-3-52-26-92-69-28-11-50-79-24-82-40-1-99-4-2-37-10-65-56-44-25-86-9-83-76-68-78-63-35-70-75
Ta100x20,7,2,200,0.9625,0.125,10,2230710291,17000,6547,6346,5991,2.919458705,v2_avx512bw_vec32_exact_perm,57-49-85-93-7-62-67-45-95-64-51-88-98-31-94-6-73-32-91-80-96-60-30-39-12-97-14-20-16-89-33-29-48-43-23-84-3-58-42-25-19-69-8-34-59-46-27-5-54-50-92-87-22-100-37-4-90-41-21-52-77-17-38-72-65-82-55-71-15-74-99-18-13-40-61-79-36-26-63-81-47-53-11-2-66-28-56-75-9-10-44-83-78-86-35-24-68-1-70-76
Ta100x20,7,2,200,1,0.025,1,2230701210,17000,6391,6346,5991,2.768704467,v2_avx512bw_vec32_exact_perm,57-49-93-85-67-80-94-98-64-45-48-58-96-39-51-97-73-19-88-50-62-6-89-23-16-14-22-33-27-43-52-20-7-42-41-95-66-53-32-29-28-69-79-2-13-91-59-21-55-60-84-99-8-72-34-31-18-77-38-47-17-92-46-9-36-61-24-65-90-3-100-15-87-44-26-56-12-4-11-40-71-30-74-82-54-10-81-86-63-5-35-83-1-25-37-70-75-78-76-68
Ta100x20,7,2,200,1,0.025,2,2230702219,17000,6499,6346,5991,2.882351444,v2_avx512bw_vec32_exact_perm,57-49-93-100-67-45-95-80-31-32-85-42-13-51-88-94-62-39-58-91-43-97-28-41-30-2-89-20-69-84-19-14-3-23-64-27-96-53-48-98-9-50-17-79-66-73-72-92-8-6-7-12-21-29-38-82-86-37-59-26-18-71-55-34-99-16-22-77-90-47-24-1-33-15-60-5-61-4-74-54-44-83-11-87-10-40-52-56-65-35-25-81-36-46-63-75-78-68-70-76
Ta100x20,7,2,200,1,0.025,3,2230703228,17000,6465,6346,5991,2.804024975,v2_avx512bw_vec32_exact_perm,49-85-93-80-95-58-39-97-16-64-67-45-48-23-31-7-51-91-62-84-27-20-11-42-88-73-22-43-94-6-28-34-13-89-60-77-8-65-72-96-55-30-36-82-21-29-38-33-32-19-47-66-17-59-3-71-98-4-12-53-69-90-61-40-100-2-24-79-54-41-74-52-86-1-78-50-37-18-46-26-92-99-81-14-75-56-9-25-10-44-15-63-5-35-87-83-68-57-70-76
Ta100x20,7,2,200,1,0.025,4,2230704237,17000,6482,6346,5991,2.873024439,v2_avx512bw_vec32_exact_perm,49-85-93-7-95-80-100-19-62-48-51-39-96-89-88-58-73-45-16-67-28-41-64-43-52-84-36-42-34-97-22-6-13-98-29-69-20-21-72-77-8-23-12-38-14-30-18-33-79-2-55-92-40-91-11-65-31-47-71-94-82-53-17-5-66-61-50-3-90-86-32-27-56-26-59-74-24-15-70-87-83-44-60-9-81-35-10-99-63-54-1-4-46-37-76-75-78-25-68-57
Ta100x20,7,2,200,1,0.025,5,2230705246,17000,6445,6346,5991,2.789906873,v2_avx512bw_vec32_exact_perm,57-49-85-93-80-95-58-39-45-48-16-73-67-96-51-20-30-42-14-32-33-19-23-94-88-62-52-84-89-17-97-91-64-41-53-31-34-26-38-69-6-54-100-22-79-43-18-27-13-29-72-59-50-90-21-77-12-36-7-86-44-61-2-98-92-65-11-40-55-74-82-28-71-8-47-4-81-66-60-87-46-3-5-24-15-56-63-99-9-10-83-1-25-37-68-75-78-35-70-76
Ta100x20,7,2,200,1,0.025,6,2230706255,17000,6439,6346,5991,2.807025821,v2_avx512bw_vec32_exact_perm,57-49-93-85-80-95-58-45-13-51-98-39-16-89-73-7-12-48-20-67-91-6-96-43-77-27-14-23-64-88-54-84-65-33-97-3-59-31-32-79-42-69-94-38-34-72-66-28-19-29-47-53-44-18-62-82-22-36-30-21-99-100-24-37-90-50-71-41-1-8-92-17-9-40-61-2-55-15-5-26-4-46-56-52-81-11-60-75-87-35-10-63-86-74-83-68-70-78-25-76
Ta100x20,7,2,200,1,0.025,7,2230707264,17000,6473,6346,5991,2.628399014,v2_avx512bw_vec32_exact_perm,49-93-85-51-88-60-80-39-98-64-96-58-67-94-62-100-89-32-33-19-7-73-48-97-95-84-6-45-16-38-31-20-34-72-3-42-23-77-18-55-43-37-12-14-27-82-92-13-21-79-29-52-53-41-36-30-61-15-17-24-44-59-40-28-47-91-65-87-46-54-8-63-90-22-69-5-11-10-83-99-4-71-2-56-9-66-81-26-74-25-75-86-78-35-50-1-70-76-68-57
Ta100x20,7,2,200,1,0.025,8,2230708273,17000,6432,6346,5991,2.799642322,v2_avx512bw_vec32_exact_perm,57-49-85-93-80-100-67-7-64-98-96-95-45-58-73-19-48-88-23-94-51-39-27-62-32-43-89-14-97-31-6-91-69-59-13-90-65-21-16-84-29-66-53-41-42-33-34-22-92-79-18-55-77-99-44-28-40-20-72-2-3-11-24-47-82-60-86-61-54-4-12-30-56-46-52-26-5-87-17-8-10-36-63-38-37-50-71-83-75-78-25-9-35-1-81-15-74-68-70-76
Ta100x20,7,2,200,1,0.025,9,2230709282,17000,6406,6346,5991,2.788126177,v2_avx512bw_vec32_exact_perm,57-49-83-67-42-85-93-43-94-51-98-95-96-58-41-20-27-84-36-80-100-52-45-31-9-48-88-39-61-33-3-12-62-91-19-64-53-47-34-21-13-72-17-8-73-38-29-89-16-6-77-99-65-7-97-46-82-2-37-44-69-59-71-60-92-55-79-32-23-4-18-30-11-40-22-74-54-26-14-81-35-56-90-50-86-5-24-15-28-87-68-1-10-63-70-66-75-78-25-76
Ta100x20,7,2,200,1,0.025,10,2230710291,17000,6435,6346,5991,2.79276677,v2_avx512bw_vec32_exact_perm,57-49-85-93-80-95-65-58-39-67-73-31-16-45-51-20-30-96-33-28-48-52-94-43-77-64-12-23-42-34-84-13-97-89-21-27-88-29-59-14-69-37-98-2-17-19-6-8-62-66-22-50-91-79-82-100-53-38-47-41-61-92-7-71-99-55-18-9-36-26-44-72-74-46-60-40-86-90-32-4-1-54-5-24-15-87-3-83-11-10-63-75-35-81-56-70-78-25-76-68
Ta100x20,7,2,200,1,0.05,1,2230701210,17000,6431,6346,5991,2.855510654,v2_avx512bw_vec32_exact_perm,57-49-85-93-95-67-73-31-58-60-45-13-64-7-98-91-43-27-59-51-48-88-12-80-39-20-16-94-96-30-52-33-89-14-77-54-6-97-19-21-55-17-36-42-61-86-47-2-8-28-18-79-50-82-29-84-66-99-34-23-22-68-100-69-38-74-90-32-5-4-53-15-72-41-1-65-3-81-92-56-9-46-71-11-40-83-44-37-10-26-63-24-62-78-25-75-87-35-70-76
Ta100x20,7,2,200,1,0.05,2,2230702219,17000,6405,6346,5991,2.801141997,v2_avx512bw_vec32_exact_perm,49-95-93-30-80-91-39-62-67-42-27-88-96-58-94-98-73-19-48-78-12-97-43-64-7-84-60-6-92-89-41-34-31-69-14-79-16-59-100-22-51-20-55-21-72-13-45-77-71-11-40-52-53-66-24-33-90-28-17-61-8-2-5-50-15-23-86-47-65-87-18-29-54-4-85-82-38-74-26-56-63-3-81-36-32-37-25-1-10-99-46-9-35-75-70-83-44-68-57-76
Ta100x20,7,2,200,1,0.05,3,2230703228,17000,6412,6346,5991,2.858912919,v2_avx512bw_vec32_exact_perm,57-49-93-100-80-45-95-67-98-48-94-96-58-64-7-89-97-6-59-12-20-16-14-69-29-43-73-32-77-19-88-33-51-23-62-27-91-13-31-34-42-84-92-85-60-38-17-52-37-50-79-2-53-21-22-28-41-8-39-30-72-36-99-3-55-71-40-82-44-47-18-86-61-54-11-65-24-26-1-15-90-4-9-74-5-46-66-68-81-63-78-83-10-56-25-75-87-35-70-76
Ta100x20,7,2,200,1,0.05,4,2230704237,17000,6569,6346,5991,2.671569024,v2_avx512bw_vec32_exact_perm,93-85-80-49-31-77-7-66-88-51-39-73-45-48-64-20-32-98-89-94-16-52-27-96-67-43-28-6-29-14-36-3-30-95-13-62-18-84-33-34-86-91-19-69-12-59-41-22-5-23-4-58-79-2-97-17-82-40-26-72-55-21-38-53-42-11-15-81-87-60-90-71-24-47-50-100-61-1-54-65-10-8-99-46-9-92-56-75-83-35-44-70-25-78-63-74-37-76-68-57
Ta100x20,7,2,200,1,0.05,5,2230705246,17000,6525,6346,5991,2.731913123,v2_avx512bw_vec32_exact_perm,57-49-85-93-67-98-7-60-84-100-52-62-64-88-45-19-58-13-39-11-94-89-51-27-16-36-48-72-6-59-96-77-22-33-95-31-12-44-34-8-42-79-91-20-32-47-86-14-17-92-3-43-73-15-53-26-69-29-21-38-61-55-41-28-23-9-65-24-2-54-97-18-74-30-66-50-46-82-83-90-87-40-70-99-81-5-4-56-35-1-63-37-80-71-10-75-78-76-25-68
Ta100x20,7,2,200,1,0.05,6,2230706255,17000,6438,6346,5991,2.687321869,v2_avx512bw_vec32_exact_perm,57-49-93-85-80-42-94-43-67-77-62-27-95-31-58-73-39-51-97-12-88-23-19-20-89-14-45-34-48-28-13-98-50-91-79-82-6-96-90-16-66-38-69-29-71-7-60-44-55-64-21-36-32-84-11-3-33-100-59-2-22-30-65-26-74-17-53-41-92-40-52-8-72-99-24-47-61-5-18-10-86-56-9-46-15-87-25-75-54-4-63-37-81-83-78-35-1-68-70-76
Ta100x20,7,2,200,1,0.05,7,2230707264,17000,6452,6346,5991,2.93364832,v2_avx512bw_vec32_exact_perm,93-85-80-49-39-96-67-94-98-51-48-97-64-45-95-30-88-65-62-7-42-20-19-84-89-58-36-6-60-31-16-77-79-34-66-32-100-55-21-13-92-69-53-73-40-91-5-29-82-43-38-24-78-59-27-22-99-12-72-33-26-74-90-28-2-47-44-87-18-17-41-3-8-61-54-4-50-71-15-1-81-23-14-75-46-11-52-25-56-9-35-10-86-63-57-37-83-68-70-76
Ta100x20,7,2,200,1,0.05,8,2230708273,17000,6489,6346,5991,2.721308251,v2_avx512bw_vec32_exact_perm,57-49-85-93-80-42-7-39-62-67-31-45-95-58-94-43-91-13-51-33-64-34-28-96-82-98-97-6-16-27-8-30-22-89-20-54-84-88-71-14-69-100-73-59-55-77-38-92-19-17-65-9-66-41-29-48-21-5-53-36-12-79-2-3-87-50-18-46-72-32-23-86-47-90-99-61-52-26-74-10-1-83-11-60-24-40-44-4-35-56-15-81-63-37-70-75-25-78-68-76
Ta100x20,7,2,200,1,0.05,9,2230709282,17000,6387,6346,5991,2.76723908,v2_avx512bw_vec32_exact_perm,57-85-49-93-23-67-83-98-80-45-95-19-48-39-13-88-51-94-89-17-58-96-52-64-41-34-91-12-43-84-73-20-16-27-59-97-42-22-79-21-14-7-77-86-32-99-36-3-72-38-55-62-31-6-54-33-29-66-100-71-8-47-61-24-53-28-40-92-5-2-11-65-87-15-60-74-50-37-81-18-26-69-70-44-56-30-10-63-9-82-46-90-75-4-35-1-25-78-76-68
Ta100x20,7,2,200,1,0.05,10,2230710291,17000,6449,6346,5991,2.857759125,v2_avx512bw_vec32_exact_perm,57-49-85-93-58-80-95-20-27-16-67-7-41-51-88-98-48-73-100-32-31-39-43-45-97-34-91-42-13-33-84-53-89-71-28-62-17-72-14-8-38-79-21-12-92-94-30-96-29-23-36-86-2-9-6-66-50-65-18-37-90-64-22-82-19-77-24-11-54-40-52-59-74-60-69-55-26-46-61-47-4-3-44-81-15-99-1-83-68-5-56-10-63-75-25-78-87-35-70-76
Ta100x20,7,2,200,1,0.075,1,2230701210,17000,6585,6346,5991,2.856297618,v2_avx512bw_vec32_exact_perm,57-49-85-93-67-7-62-91-30-88-51-80-73-94-95-45-31-58-6-43-41-13-64-42-98-16-28-84-89-33-48-59-21-100-78-29-27-22-97-96-72-77-38-34-14-90-47-17-79-12-20-23-36-82-66-19-53-32-2-24-11-39-37-50-55-18-65-8-3-26-87-46-40-74-69-44-60-92-71-70-54-99-83-86-56-5-4-52-61-35-9-81-15-10-63-1-76-75-25-68
Ta100x20,7,2,200,1,0.075,2,2230702219,17000,6486,6346,5991,2.780545316,v2_avx512bw_vec32_exact_perm,49-85-93-95-67-45-80-64-31-7-58-100-82-51-88-98-73-19-48-33-32-77-60-43-12-23-89-97-39-14-16-59-34-84-27-66-38-6-91-17-79-18-21-55-96-20-42-28-90-69-3-41-71-53-24-99-5-8-92-29-9-72-13-40-47-65-2-94-61-11-22-74-1-15-26-62-50-46-87-83-54-36-30-44-86-52-4-10-35-56-75-70-63-37-25-81-78-68-57-76
Ta100x20,7,2,200,1,0.075,3,2230703228,17000,6563,6346,5991,2.689293281,v2_avx512bw_vec32_exact_perm,57-49-93-95-45-39-98-48-77-89-85-67-6-80-36-58-51-97-31-73-96-32-2-33-79-60-19-14-27-20-17-91-88-13-42-9-24-43-29-8-62-65-22-90-84-40-61-92-16-64-100-74-34-69-38-59-3-12-21-81-41-23-72-94-47-18-30-66-99-7-46-54-71-52-55-28-50-15-44-82-53-4-5-86-11-68-37-63-56-10-75-1-26-25-83-78-87-35-70-76
Ta100x20,7,2,200,1,0.075,4,2230704237,17000,6515,6346,5991,2.654590464,v2_avx512bw_vec32_exact_perm,57-49-85-93-80-95-30-45-51-39-62-48-67-88-98-73-19-96-20-42-24-58-64-43-100-6-86-14-16-89-23-21-84-33-59-22-29-8-2-97-12-28-13-27-78-7-17-92-72-55-40-99-79-18-94-61-82-74-54-53-41-31-34-3-11-26-38-47-91-69-71-60-50-77-66-37-15-44-90-1-52-4-5-32-25-87-65-56-83-81-46-36-9-35-10-63-70-76-75-68
Ta100x20,7,2,200,1,0.075,5,2230705246,17000,6542,6346,5991,2.797313848,v2_avx512bw_vec32_exact_perm,57-49-93-85-80-67-95-31-7-58-100-51-48-13-20-91-34-94-97-29-39-96-89-32-69-98-11-14-88-19-43-73-42-92-44-12-8-62-22-72-45-66-28-30-64-59-33-36-55-82-84-21-27-16-3-61-47-17-71-41-6-23-79-60-38-52-18-77-65-86-2-56-90-9-40-74-26-99-87-4-50-5-53-54-46-78-24-10-63-35-15-37-81-25-83-1-68-70-76-75
Ta100x20,7,2,200,1,0.075,6,2230706255,17000,6590,6346,5991,2.729743017,v2_avx512bw_vec32_exact_perm,49-85-80-93-95-7-31-48-100-94-32-66-67-39-14-96-45-64-24-62-51-88-59-89-42-6-33-58-55-91-97-21-28-16-84-26-8-12-11-36-38-43-17-9-73-92-19-18-29-34-82-47-60-69-99-72-90-3-22-13-20-30-27-56-71-79-86-98-70-52-77-50-23-40-65-53-46-41-74-61-2-15-44-83-10-5-4-87-63-37-25-54-75-35-78-1-81-76-68-57
Ta100x20,7,2,200,1,0.075,7,2230707264,17000,6574,6346,5991,2.797279368,v2_avx512bw_vec32_exact_perm,49-85-93-80-95-58-39-67-98-45-48-7-89-84-27-94-19-59-88-73-14-96-12-100-51-91-23-64-53-31-72-62-13-65-22-32-43-11-21-29-34-8-36-20-42-55-33-40-16-77-69-87-28-54-24-3-79-97-92-10-6-46-47-41-61-60-82-18-30-15-44-71-17-5-90-83-86-50-1-2-4-9-99-74-38-35-25-52-26-56-81-63-37-70-66-75-78-76-68-57
Ta100x20,7,2,200,1,0.075,8,2230708273,17000,6561,6346,5991,2.711770644,v2_avx512bw_vec32_exact_perm,57-49-93-95-7-80-67-88-32-85-62-89-42-100-31-84-58-13-73-19-27-82-91-64-96-61-94-48-98-20-52-69-77-51-38-34-24-16-6-66-45-72-3-39-12-14-79-8-43-23-92-5-2-59-22-18-41-29-30-21-26-55-36-40-17-65-86-74-9-11-33-46-99-53-97-71-90-83-4-28-68-81-50-47-15-1-54-87-63-44-10-56-37-25-60-75-78-35-70-76
Ta100x20,7,2,200,1,0.075,9,2230709282,17000,6570,6346,5991,2.795022168,v2_avx512bw_vec32_exact_perm,57-49-85-93-95-67-45-88-98-58-51-39-80-12-97-7-48-89-14-28-20-30-96-72-19-2-73-31-94-34-11-32-16-36-79-13-91-53-8-6-22-92-27-62-50-3-77-33-43-42-17-41-71-23-40-29-59-37-100-84-66-21-55-38-82-64-65-47-87-35-18-86-56-74-5-54-99-24-9-46-26-52-61-69-90-70-4-81-1-15-83-60-44-10-63-78-75-25-68-76
Ta100x20,7,2,200,1,0.075,10,2230710291,17000,6553,6346,5991,2.808650536,v2_avx512bw_vec32_exact_perm,57-49-85-93-67-7-84-80-52-89-95-45-6-100-20-51-58-94-64-43-41-98-32-88-48-97-33-14-96-29-42-34-21-73-12-13-69-90-77-92-19-22-16-79-11-91-27-59-3-60-61-82-24-8-62-17-72-44-18-99-23-30-31-86-40-53-5-36-39-9-50-2-47-28-38-1-15-55-74-65-54-37-4-26-46-83-87-68-56-81-66-71-63-10-75-25-78-35-70-76
Ta100x20,7,2,200,1,0.1,1,2230701210,17000,6579,6346,5991,2.666430427,v2_avx512bw_vec32_exact_perm,57-49-85-93-67-80-95-45-60-16-20-58-6-96-84-82-100-7-41-51-31-98-34-23-89-94-97-12-88-33-73-77-48-43-42-32-91-19-59-56-66-17-55-92-14-64-29-62-3-24-47-61-8-15-50-65-30-78-38-69-18-72-70-71-53-79-40-39-36-90-5-2-21-13-27-87-28-81-35-10-86-9-46-99-22-26-11-44-83-54-52-74-4-37-63-1-75-25-68-76
Ta100x20,7,2,200,1,0.1,2,2230702219,17000,6588,6346,5991,2.645847294,v2_avx512bw_vec32_exact_perm,49-85-93-95-80-39-94-43-67-60-7-89-31-98-64-45-84-62-58-88-51-19-73-14-12-82-2-78-33-91-100-34-6-96-59-52-27-53-71-41-97-23-42-22-13-79-21-69-99-3-29-72-86-16-48-8-61-20-38-55-24-77-70-28-47-37-90-26-32-17-36-30-50-92-5-11-15-46-65-40-4-75-87-18-10-44-54-63-81-56-83-74-9-35-1-25-66-68-57-76
Ta100x20,7,2,200,1,0.1,3,2230703228,17000,6586,6346,5991,2.920689617,v2_avx512bw_vec32_exact_perm,49-95-93-85-80-64-67-45-98-48-51-39-88-60-43-73-16-14-7-97-100-96-58-27-53-19-20-89-31-15-28-84-1-11-62-94-38-24-13-21-37-12-59-50-41-42-34-79-91-70-8-32-44-71-29-82-4-33-22-92-6-17-9-36-69-40-61-23-18-47-3-77-26-65-90-5-52-55-54-56-66-2-72-30-83-87-99-35-10-46-74-76-25-81-78-63-86-75-68-57
Ta100x20,7,2,200,1,0.1,4,2230704237,17000,6594,6346,5991,2.851498967,v2_avx512bw_vec32_exact_perm,57-49-85-93-64-39-80-67-73-94-20-45-98-48-88-16-7-95-99-51-77-43-27-97-14-91-32-29-89-33-13-21-6-62-90-28-82-50-19-47-55-96-42-59-22-8-15-34-3-66-72-31-84-12-11-52-17-69-2-79-18-41-30-53-23-36-38-46-65-9-92-24-26-60-56-61-40-86-100-54-25-58-44-74-10-83-87-71-37-5-70-4-63-81-35-78-75-1-76-68
Ta100x20,7,2,200,1,0.1,5,2230705246,17000,6511,6346,5991,2.741923526,v2_avx512bw_vec32_exact_perm,57-49-85-93-39-80-16-67-98-7-95-48-45-89-58-73-64-77-13-88-94-19-20-12-69-91-6-33-42-51-2-97-34-43-62-29-27-18-31-23-100-84-59-96-65-24-53-5-3-66-92-71-11-41-40-60-72-30-82-38-79-22-56-81-14-8-21-90-52-74-47-36-32-50-61-17-55-28-15-46-87-26-54-44-86-99-4-1-83-9-10-63-35-37-70-76-75-78-25-68
Ta100x20,7,2,200,1,0.1,6,2230706255,17000,6524,6346,5991,2.671880682,v2_avx512bw_vec32_exact_perm,57-93-85-49-67-100-31-7-51-98-45-39-48-58-62-84-20-16-73-42-64-43-52-82-94-69-97-88-19-96-95-23-50-30-38-59-14-12-89-33-54-6-29-99-3-61-27-60-13-21-91-26-53-77-22-72-8-17-55-34-92-11-2-79-41-44-36-87-65-71-46-28-40-90-81-47-66-4-56-63-32-18-74-24-70-5-9-1-35-10-15-86-83-37-75-78-25-80-68-76
Ta100x20,7,2,200,1,0.1,7,2230707264,17000,6597,6346,5991,2.928583344,v2_avx512bw_vec32_exact_perm,49-85-93-95-67-80-7-31-60-39-48-94-97-20-51-41-58-64-89-16-32-66-91-88-23-45-59-43-6-82-12-47-62-73-100-84-22-21-17-65-33-77-40-13-42-72-11-27-34-8-24-28-3-69-92-55-53-18-79-29-98-36-71-14-38-52-19-50-99-87-9-83-96-90-2-61-26-70-5-86-56-44-15-10-74-30-54-4-1-37-63-35-46-76-81-75-25-78-68-57
Ta100x20,7,2,200,1,0.1,8,2230708273,17000,6582,6346,5991,2.721863785,v2_avx512bw_vec32_exact_perm,57-49-93-100-67-64-88-98-85-48-39-80-89-45-94-51-73-6-16-96-14-31-42-41-58-84-62-34-23-19-95-91-59-33-13-53-22-27-20-32-77-21-55-29-97-90-61-12-47-18-69-43-15-4-8-82-7-83-79-17-75-1-38-66-28-50-54-5-87-72-26-99-2-40-11-60-3-30-71-86-36-44-56-63-92-9-37-74-65-10-52-46-25-81-35-78-24-68-70-76
Ta100x20,7,2,200,1,0.1,9,2230709282,17000,6582,6346,5991,2.907017862,v2_avx512bw_vec32_exact_perm,49-85-93-80-95-45-39-67-60-84-58-98-64-97-88-94-62-89-91-6-99-43-7-72-16-28-96-34-73-51-19-14-13-86-21-65-41-29-2-71-44-20-59-100-77-36-23-48-17-31-55-79-42-11-38-32-50-82-53-27-3-46-69-18-92-12-75-33-8-54-87-66-90-40-24-5-61-26-52-47-35-4-9-70-78-22-10-30-15-1-81-56-83-25-37-63-74-68-57-76
Ta100x20,7,2,200,1,0.1,10,2230710291,17000,6598,6346,5991,2.768746948,v2_avx512bw_vec32_exact_perm,57-49-85-93-80-91-39-19-88-62-67-58-7-100-20-73-6-96-94-32-59-64-12-34-13-77-33-98-84-21-42-97-22-95-51-48-43-29-82-72-41-79-83-89-38-2-69-61-45-23-14-5-92-11-24-31-90-18-3-30-16-53-8-27-66-47-46-54-99-28-36-81-50-9-40-37-52-35-65-86-26-17-55-4-60-71-74-56-15-1-75-63-87-44-70-10-78-25-76-68
Ta100x20,7,2,200,1,0.125,1,2230701210,17000,6567,6346,5991,2.782890548,v2_avx512bw_vec32_exact_perm,57-93-85-49-80-100-67-31-98-42-45-95-97-48-20-6-16-41-77-89-58-51-88-7-94-62-72-34-96-13-99-61-14-22-73-39-55-32-91-43-92-84-28-59-17-19-29-15-90-21-66-8-53-5-69-64-27-54-79-18-52-33-4-74-65-38-30-3-82-12-1-40-46-26-71-47-11-50-44-24-23-83-60-81-87-2-36-75-86-56-35-9-10-63-37-70-78-25-76-68
Ta100x20,7,2,200,1,0.125,2,2230702219,17000,6562,6346,5991,2.704016062,v2_avx512bw_vec32_exact_perm,57-49-85-93-58-95-80-67-7-73-98-20-19-51-94-50-48-45-96-31-34-41-42-84-23-91-6-79-62-72-88-32-89-27-3-64-53-33-22-66-21-36-29-97-14-5-12-87-16-39-60-69-65-43-59-90-1-46-28-18-82-26-17-77-2-13-55-52-74-8-40-99-100-38-4-61-47-24-56-54-30-71-15-44-86-92-81-83-11-10-63-9-35-37-70-78-76-75-68-25
Ta100x20,7,2,200,1,0.125,3,2230703228,17000,6612,6346,5991,2.74649361,v2_avx512bw_vec32_exact_perm,57-49-85-93-67-39-88-80-53-96-51-23-19-64-100-98-20-89-58-94-45-48-43-29-21-33-84-34-12-69-59-41-91-66-32-27-95-16-8-73-7-13-38-28-81-82-72-55-2-31-97-44-40-75-92-71-87-60-79-36-42-6-17-99-11-18-47-77-3-22-4-61-26-9-90-83-46-62-30-15-14-54-5-56-86-65-25-74-63-52-50-37-1-68-10-24-78-35-70-76
Ta100x20,7,2,200,1,0.125,4,2230704237,17000,6572,6346,5991,2.686946897,v2_avx512bw_vec32_exact_perm,57-49-85-93-45-94-95-67-80-73-60-88-32-19-100-41-7-51-48-43-31-28-89-62-84-27-91-96-11-52-16-59-39-12-29-20-21-82-23-97-50-33-72-22-71-34-69-6-53-17-42-90-44-47-14-99-98-65-13-77-79-92-58-18-9-8-38-54-24-64-86-74-40-1-26-3-15-46-30-36-61-4-2-5-10-87-83-81-55-56-35-70-63-37-25-66-75-78-76-68
Ta100x20,7,2,200,1,0.125,5,2230705246,17000,6561,6346,5991,2.81926786,v2_avx512bw_vec32_exact_perm,57-49-93-100-67-98-58-7-64-85-88-42-45-51-97-27-43-48-73-31-16-80-32-82-79-23-22-29-8-89-13-36-12-47-19-69-59-41-28-91-95-84-39-2-6-37-20-94-14-96-34-38-44-77-92-62-72-21-71-55-5-18-50-17-99-30-33-54-3-53-86-66-74-11-40-65-60-56-24-26-46-9-90-15-63-10-61-1-75-68-25-52-78-81-4-83-87-35-70-76
Ta100x20,7,2,200,1,0.125,6,2230706255,17000,6537,6346,5991,2.945281829,v2_avx512bw_vec32_exact_perm,57-49-85-93-67-100-31-43-7-95-80-58-94-45-62-51-48-6-64-30-60-16-89-73-19-84-33-96-88-42-20-91-55-38-23-21-12-77-47-59-32-17-14-98-3-71-29-41-13-34-66-72-82-90-65-22-27-8-9-39-61-53-36-79-18-2-28-92-99-46-87-69-86-40-54-24-11-5-97-56-10-50-52-26-25-15-37-74-63-1-83-44-4-35-81-70-78-76-75-68
Ta100x20,7,2,200,1,0.125,7,2230707264,17000,6561,6346,5991,3.039442618,v2_avx512bw_vec32_exact_perm,57-49-85-93-80-95-45-67-100-51-73-88-31-19-94-13-32-91-7-62-20-58-42-97-43-77-29-12-41-33-53-48-16-99-64-30-23-89-3-55-54-6-66-14-24-34-21-39-84-79-28-59-27-82-17-72-96-92-60-22-87-38-26-47-18-69-2-11-71-98-61-40-74-90-36-46-9-5-8-44-56-4-52-10-86-15-50-1-65-70-63-35-83-81-78-37-75-25-68-76
Ta100x20,7,2,200,1,0.125,8,2230708273,17000,6559,6346,5991,2.727649657,v2_avx512bw_vec32_exact_perm,57-49-93-85-80-48-39-67-58-96-95-31-45-73-88-59-16-64-30-100-43-91-19-84-33-51-21-41-12-62-53-24-20-14-72-23-97-8-42-44-17-89-28-61-13-18-77-27-15-52-66-46-50-32-34-79-6-29-69-40-38-94-90-2-47-3-11-65-99-22-7-82-98-9-26-1-36-92-5-71-55-70-87-56-83-60-86-10-35-4-54-74-37-81-76-63-75-78-25-68
Ta100x20,7,2,200,1,0.125,9,2230709282,17000,6611,6346,5991,2.644955054,v2_avx512bw_vec32_exact_perm,57-49-85-93-89-95-39-94-67-45-31-58-96-13-51-32-91-98-6-100-20-48-61-64-7-62-84-59-73-99-24-43-23-27-88-65-90-22-16-19-53-52-14-30-34-41-54-17-2-8-33-12-66-29-18-69-77-40-97-46-72-92-50-26-55-79-5-9-21-3-1-4-47-38-28-36-42-81-44-82-56-35-70-87-71-11-83-60-78-37-25-86-74-63-15-10-75-80-68-76
Ta100x20,7,2,200,1,0.125,10,2230710291,17000,6614,6346,5991,2.666662587,v2_avx512bw_vec32_exact_perm,57-49-85-93-67-88-80-95-7-58-73-16-97-33-84-19-39-98-14-59-45-31-51-64-96-12-48-53-6-41-43-28-8-100-89-21-23-62-52-79-66-91-61-27-32-17-38-36-29-86-54-34-4-22-13-42-55-3-72-20-26-94-82-56-77-11-47-24-40-5-2-30-69-92-87-71-50-18-81-9-15-35-75-90-1-44-99-65-10-74-68-63-46-37-83-60-78-70-76-25
Ta100x20,7,3,300,0.85,0.025,1,2230701210,17000,6443,6346,5991,3.899838358,v2_avx512bw_vec32_exact_perm,57-49-93-85-67-19-48-39-7-95-45-58-62-84-80-89-73-31-94-28-98-43-64-6-96-22-42-13-34-23-27-97-32-14-53-20-68-72-90-21-41-16-38-77-17-36-30-92-66-12-79-88-50-54-100-51-87-91-33-2-55-61-8-18-65-47-59-71-40-24-69-15-29-5-11-3-99-9-4-1-60-81-52-46-26-10-56-44-63-82-74-35-25-86-83-37-75-78-70-76
Ta100x20,7,3,300,0.85,0.025,2,2230702219,17000,6446,6346,5991,3.970239273,v2_avx512bw_vec32_exact_perm,49-85-93-80-95-45-39-16-67-51-48-73-88-98-94-58-20-91-62-43-77-42-27-84-33-13-89-24-14-32-97-23-31-29-82-79-66-12-59-28-86-6-19-96-34-15-65-53-8-72-69-22-90-47-99-50-100-18-44-7-92-11-40-61-17-2-41-3-71-55-36-30-54-64-87-52-46-5-26-4-81-56-70-74-21-9-60-35-10-63-37-1-38-83-75-57-25-68-78-76
Ta100x20,7,3,300,0.85,0.025,3,2230703228,17000,6429,6346,5991,3.790602278,v2_avx512bw_vec32_exact_perm,57-49-93-85-80-45-16-95-67-7-48-73-88-58-94-96-20-98-51-39-28-41-89-6-62-84-100-43-22-42-33-92-27-53-19-69-9-64-14-97-34-90-31-12-8-29-3-82-23-37-55-99-18-21-13-72-65-47-86-59-24-91-40-60-30-71-44-17-77-38-11-46-32-2-79-36-50-52-54-87-83-66-5-61-56-70-26-4-81-15-74-63-1-35-10-75-78-76-25-68
Ta100x20,7,3,300,0.85,0.025,4,2230704237,17000,6400,6346,5991,3.821460236,v2_avx512bw_vec32_exact_perm,57-49-93-85-67-31-95-58-80-100-48-45-13-42-33-32-51-39-84-20-88-23-14-27-16-43-22-62-64-6-7-97-73-34-89-91-59-41-12-19-96-21-69-29-99-92-5-53-82-77-60-3-72-55-79-24-66-18-36-30-98-90-8-65-40-74-17-94-38-2-87-61-71-15-46-47-28-11-52-86-44-26-56-4-9-54-35-81-50-1-83-70-63-37-10-75-25-78-68-76
Ta100x20,7,3,300,0.85,0.025,5,2230705246,17000,6439,6346,5991,3.939193205,v2_avx512bw_vec32_exact_perm,57-49-93-85-80-67-31-16-73-7-48-64-45-98-20-77-39-58-51-88-60-96-6-89-34-94-32-97-91-69-14-79-13-59-40-65-21-84-33-92-12-19-28-53-8-47-42-43-27-95-82-22-17-90-24-23-29-52-54-3-55-41-36-61-100-38-2-5-71-30-74-15-11-81-18-72-99-44-1-62-4-46-50-9-66-10-56-26-86-63-83-37-87-35-75-70-78-25-76-68
Ta100x20,7,3,300,0.85,0.025,6,2230706255,17000,6414,6346,5991,3.833162108,v2_avx512bw_vec32_exact_perm,57-49-85-93-64-67-7-80-100-13-88-95-58-94-73-89-45-98-43-20-16-42-84-33-31-82-96-27-28-97-34-48-51-91-59-19-17-22-8-40-41-39-72-32-79-92-69-77-38-6-14-29-36-44-21-54-90-24-11-12-23-55-3-2-65-53-18-30-99-46-66-26-47-56-52-50-86-9-60-5-71-74-15-87-70-4-62-61-83-37-81-10-63-35-75-1-25-78-68-76
Ta100x20,7,3,300,0.85,0.025,7,2230707264,17000,6416,6346,5991,3.719960736,v2_avx512bw_vec32_exact_perm,57-49-85-93-27-80-95-67-73-31-32-42-45-43-39-41-88-51-48-58-7-97-64-6-96-14-89-98-29-34-91-62-12-20-17-72-8-19-13-53-92-22-79-99-33-100-84-61-16-3-82-77-15-44-94-40-36-30-23-21-55-28-69-59-66-2-65-47-87-60-71-74-18-86-5-90-11-50-54-26-1-46-9-4-52-81-38-35-83-37-56-24-70-63-78-25-10-75-68-76
Ta100x20,7,3,300,0.85,0.025,8,2230708273,17000,6408,6346,5991,3.985824156,v2_avx512bw_vec32_exact_perm,57-49-85-93-97-39-96-67-84-95-27-100-6-62-14-88-48-89-45-98-58-64-41-7-20-31-72-43-16-17-73-51-32-13-91-33-8-29-61-77-65-40-82-22-34-59-44-21-94-92-69-28-19-54-55-47-3-80-99-24-36-30-79-18-42-90-53-5-50-2-23-4-38-71-87-26-12-11-15-1-46-9-66-10-75-83-60-74-68-86-37-63-52-56-81-35-70-76-78-25
Ta100x20,7,3,300,0.85,0.025,9,2230709282,17000,6410,6346,5991,3.906236973,v2_avx512bw_vec32_exact_perm,57-49-85-93-95-67-45-98-80-39-48-58-64-7-33-32-88-19-73-97-51-20-16-96-89-34-94-72-6-14-22-13-62-43-27-42-84-23-36-59-31-100-30-91-17-38-29-21-8-2-18-69-79-41-55-92-52-56-61-77-71-46-66-40-47-4-82-12-11-5-3-65-53-26-90-24-99-50-70-44-9-35-81-28-15-83-54-74-87-86-60-63-37-78-25-10-75-68-1-76
Ta100x20,7,3,300,0.85,0.025,10,2230710291,17000,6410,6346,5991,3.768868017,v2_avx512bw_vec32_exact_perm,57-49-85-93-95-67-45-80-39-98-48-96-42-58-97-6-41-7-73-19-88-51-64-16-89-43-27-14-59-12-31-23-18-84-94-34-13-61-100-86-91-62-53-20-77-28-38-79-55-21-2-92-22-33-30-60-74-82-29-66-3-47-99-32-36-8-46-69-65-50-17-9-90-72-40-24-26-44-4-54-71-83-87-11-81-15-56-52-25-63-37-1-75-68-10-5-78-35-70-76
Ta100x20,7,3,300,0.85,0.05,1,2230701210,17000,6379,6346,5991,3.90074981,v2_avx512bw_vec32_exact_perm,57-49-93-85-80-20-42-27-88-51-100-13-28-48-67-7-58-97-73-31-16-6-96-95-45-32-43-29-82-62-91-41-23-64-77-84-34-89-14-22-19-36-61-79-2-94-55-21-66-54-17-30-69-8-65-40-59-24-39-3-12-11-18-47-37-46-99-98-50-53-72-38-33-60-52-74-90-83-71-81-9-44-26-56-70-15-92-5-87-4-10-63-86-75-35-1-76-78-25-68
Ta100x20,7,3,300,0.85,0.05,2,2230702219,17000,6402,6346,5991,3.849113236,v2_avx512bw_vec32_exact_perm,57-49-93-85-95-67-7-94-80-58-73-16-98-39-45-43-51-48-89-28-41-20-6-96-12-23-42-34-97-19-84-59-88-14-64-54-91-79-22-8-13-40-33-27-21-32-29-72-92-38-17-36-30-99-2-3-100-50-77-24-66-90-69-82-55-52-62-61-31-86-74-5-18-47-71-11-46-9-60-4-53-81-26-56-15-70-65-87-83-44-35-1-10-25-63-37-78-76-75-68
Ta100x20,7,3,300,0.85,0.05,3,2230703228,17000,6395,6346,5991,3.68382372,v2_avx512bw_vec32_exact_perm,57-49-93-95-58-100-67-94-48-45-51-88-39-27-80-73-16-43-96-42-28-13-29-89-98-69-64-19-34-84-82-97-31-62-6-91-47-66-20-53-85-12-59-21-22-77-33-14-23-65-7-8-24-15-30-17-38-72-79-18-40-92-41-5-55-2-71-99-74-9-60-86-90-3-52-26-87-81-36-61-70-56-32-46-4-1-83-54-44-50-35-11-63-37-25-78-10-75-68-76
Ta100x20,7,3,300,0.85,0.05,4,2230704237,17000,6415,6346,5991,3.847659694,v2_avx512bw_vec32_exact_perm,57-49-85-93-80-39-22-23-64-45-94-67-73-16-43-51-62-31-27-95-6-13-7-42-34-96-14-52-88-19-20-30-89-100-84-36-82-79-12-91-59-33-32-98-97-29-48-77-66-78-61-17-18-44-40-71-28-86-92-69-21-55-11-3-5-2-8-50-58-54-53-65-41-90-72-47-38-60-26-24-1-46-4-9-81-15-87-99-83-37-25-75-56-10-63-74-68-35-70-76
Ta100x20,7,3,300,0.85,0.05,5,2230705246,17000,6386,6346,5991,3.788178197,v2_avx512bw_vec32_exact_perm,57-49-93-85-95-80-45-64-67-94-32-41-98-48-97-42-55-31-96-39-6-7-84-62-89-73-16-33-91-27-43-82-88-22-69-59-100-29-51-23-13-14-19-61-34-20-2-38-12-77-72-36-58-90-3-65-46-66-28-47-8-53-5-21-54-86-18-30-99-60-71-74-4-9-17-92-1-24-40-52-11-15-79-50-44-10-26-87-83-56-35-70-63-37-25-81-78-76-75-68
Ta100x20,7,3,300,0.85,0.05,6,2230706255,17000,6423,6346,5991,3.97491363,v2_avx512bw_vec32_exact_perm,57-85-49-33-93-95-67-45-80-42-88-94-51-98-48-97-27-13-7-89-31-28-64-96-6-62-72-84-23-69-65-73-14-34-43-16-44-22-39-59-12-8-91-2-53-66-79-20-32-19-99-29-30-36-17-21-55-60-77-82-92-3-61-71-86-47-11-50-52-46-58-40-100-90-24-18-37-41-9-81-15-74-26-83-87-38-54-1-4-5-70-56-63-35-10-75-68-78-25-76
Ta100x20,7,3,300,0.85,0.05,7,2230707264,17000,6409,6346,5991,3.959290123,v2_avx512bw_vec32_exact_perm,57-49-93-100-67-95-45-96-58-80-42-39-84-62-88-73-27-43-31-7-64-51-98-12-97-34-48-60-79-89-91-6-16-20-14-47-23-87-18-22-69-59-19-13-92-72-29-38-33-24-77-32-36-30-41-21-90-17-28-15-55-66-9-85-4-2-65-3-5-53-11-71-94-40-8-37-82-99-74-50-52-83-26-44-10-56-86-61-25-81-54-1-68-46-75-63-78-35-70-76
Ta100x20,7,3,300,0.85,0.05,8,2230708273,17000,6432,6346,5991,3.946328917,v2_avx512bw_vec32_exact_perm,57-49-93-85-80-67-95-45-48-58-26-7-62-91-64-19-13-88-51-39-6-96-89-12-23-69-14-97-20-34-98-8-42-22-31-94-9-66-17-16-79-43-60-92-55-41-72-52-33-84-21-73-65-71-53-50-100-5-86-82-29-38-90-99-77-27-3-11-28-44-2-35-59-47-81-18-15-56-30-36-32-74-46-61-40-4-54-1-10-63-87-83-37-24-68-70-75-78-25-76
Ta100x20,7,3,300,0.85,0.05,9,2230709282,17000,6454,6346,5991,3.740974317,v2_avx512bw_vec32_exact_perm,57-49-85-93-64-67-95-30-80-31-100-48-27-84-73-51-20-45-43-52-88-60-58-96-6-62-91-33-77-71-59-97-32-41-89-19-39-34-12-53-72-66-65-16-14-79-36-13-29-22-23-21-7-82-3-94-55-99-92-44-11-28-40-10-8-24-98-42-61-47-38-54-87-17-26-86-18-5-4-9-50-81-35-90-69-2-1-56-15-46-75-25-83-37-63-74-68-78-70-76
Ta100x20,7,3,300,0.85,0.05,10,2230710291,17000,6409,6346,5991,3.677006818,v2_avx512bw_vec32_exact_perm,57-49-85-93-80-39-58-98-45-95-64-96-67-32-73-7-48-31-23-27-16-43-94-62-29-89-84-91-20-51-41-34-100-14-88-59-19-38-97-6-42-79-18-13-12-40-72-11-77-22-21-36-30-74-2-33-8-53-61-69-71-60-55-92-54-90-5-83-44-99-15-87-50-65-47-4-28-3-82-46-9-66-17-26-25-37-81-52-56-63-24-35-86-68-75-1-10-78-70-76
Ta100x20,7,3,300,0.85,0.075,1,2230701210,17000,6469,6346,5991,3.801180871,v2_avx512bw_vec32_exact_perm,57-49-95-93-85-67-31-58-60-13-7-39-51-89-45-48-88-73-14-6-16-23-96-41-84-91-64-44-28-80-27-43-42-62-50-29-82-94-32-38-20-30-34-36-97-72-21-69-17-59-22-19-24-40-54-98-79-66-12-33-8-87-100-65-2-47-71-46-3-92-61-77-11-18-5-15-81-86-55-26-53-4-37-63-90-74-99-83-56-9-25-52-10-35-1-70-75-78-76-68
Ta100x20,7,3,300,0.85,0.075,2,2230702219,17000,6480,6346,5991,3.791274014,v2_avx512bw_vec32_exact_perm,57-49-95-85-93-67-58-80-94-31-39-60-45-64-7-43-100-48-96-51-23-88-62-65-14-20-16-89-6-29-82-91-97-13-72-84-33-42-8-59-12-30-21-36-99-53-55-19-38-2-47-26-69-79-22-73-3-66-17-27-46-32-98-11-18-77-74-10-61-90-86-34-28-41-40-50-52-4-44-54-71-1-83-87-92-5-56-63-15-81-24-9-35-37-70-75-78-76-25-68
Ta100x20,7,3,300,0.85,0.075,3,2230703228,17000,6539,6346,5991,3.903546867,v2_avx512bw_vec32_exact_perm,57-49-93-85-80-22-39-7-51-100-67-73-34-32-31-98-16-84-23-64-14-96-27-59-48-95-89-42-45-33-88-43-12-58-60-29-13-21-18-11-91-30-97-79-41-53-71-66-15-2-20-69-65-77-47-72-8-40-55-6-82-36-3-61-99-87-94-28-19-10-46-50-44-17-92-75-62-1-90-83-38-78-5-4-9-26-24-81-25-37-56-86-52-54-35-63-74-68-70-76
Ta100x20,7,3,300,0.85,0.075,4,2230704237,17000,6412,6346,5991,3.683197132,v2_avx512bw_vec32_exact_perm,57-49-93-85-95-27-67-80-31-94-32-73-7-39-43-14-45-13-51-89-88-98-64-6-62-96-42-30-33-22-100-48-34-16-20-77-91-72-97-8-69-17-53-38-5-92-12-36-19-59-84-28-2-11-65-3-79-82-54-41-29-24-23-66-21-61-55-18-56-90-50-52-26-74-40-47-60-58-46-87-71-83-4-9-86-1-68-10-44-81-15-63-99-37-25-75-78-35-70-76
Ta100x20,7,3,300,0.85,0.075,5,2230705246,17000,6410,6346,5991,3.812963945,v2_avx512bw_vec32_exact_perm,57-49-85-93-95-67-45-88-60-39-80-58-62-19-48-33-12-97-7-98-64-42-43-84-89-73-32-94-6-23-14-96-29-34-13-72-20-22-36-31-79-51-53-100-65-16-55-99-40-92-9-91-41-82-44-27-74-3-59-18-17-52-77-69-8-61-46-26-86-71-90-50-47-11-15-30-70-66-28-81-21-5-24-87-56-54-38-4-63-2-83-37-10-35-1-75-25-78-68-76
Ta100x20,7,3,300,0.85,0.075,6,2230706255,17000,6555,6346,5991,3.585796559,v2_avx512bw_vec32_exact_perm,49-85-93-80-95-67-45-98-16-60-7-39-96-32-13-42-64-88-23-27-53-58-91-62-51-33-48-29-89-72-94-20-31-14-43-84-21-34-22-73-6-28-97-12-59-8-47-41-79-66-19-100-99-77-65-71-40-52-55-3-87-2-17-90-92-50-24-69-18-44-54-61-26-82-46-9-30-74-86-11-36-38-5-35-10-75-56-15-1-4-63-37-25-78-81-83-68-57-70-76
Ta100x20,7,3,300,0.85,0.075,7,2230707264,17000,6416,6346,5991,3.772786319,v2_avx512bw_vec32_exact_perm,57-49-93-95-73-58-94-39-67-7-80-98-48-89-45-16-33-42-41-32-43-88-51-27-97-62-72-31-79-3-6-19-59-12-100-96-64-84-82-91-30-11-54-86-22-20-14-77-34-66-18-21-55-69-13-61-90-29-60-47-71-37-38-50-85-92-17-28-2-44-99-8-23-53-65-4-9-46-26-24-15-87-1-83-56-52-40-81-36-75-68-10-5-25-74-63-78-35-70-76
Ta100x20,7,3,300,0.85,0.075,8,2230708273,17000,6399,6346,5991,3.806805835,v2_avx512bw_vec32_exact_perm,57-85-49-93-95-41-67-58-80-94-98-45-42-64-43-32-96-73-19-27-88-51-48-100-89-23-97-31-34-29-20-53-28-62-84-91-33-21-14-59-12-8-13-16-72-79-36-30-50-52-17-66-90-6-3-39-77-7-2-38-69-11-65-74-60-22-71-82-9-5-47-83-87-18-46-37-92-55-40-15-26-24-44-1-99-4-54-61-56-86-68-10-63-81-25-75-78-35-70-76
Ta100x20,7,3,300,0.85,0.075,9,2230709282,17000,6425,6346,5991,3.728153142,v2_avx512bw_vec32_exact_perm,57-49-93-85-67-64-48-7-32-43-95-45-42-62-98-73-77-39-16-84-20-51-69-100-89-31-58-3-41-80-12-59-60-19-55-97-21-72-22-33-94-34-13-91-79-2-86-6-9-66-96-71-5-8-27-92-36-82-44-88-65-29-53-38-26-47-99-28-74-90-15-30-14-4-23-50-52-17-87-18-54-35-81-61-24-40-11-56-10-63-75-1-46-83-37-25-78-68-70-76
Ta100x20,7,3,300,0.85,0.075,10,2230710291,17000,6538,6346,5991,3.780079592,v2_avx512bw_vec32_exact_perm,57-49-85-93-7-95-11-67-31-98-94-39-58-51-62-27-45-48-8-84-20-16-23-42-97-19-6-38-33-89-60-77-22-29-73-13-34-82-99-96-91-71-90-88-32-50-28-92-55-79-66-100-36-3-65-24-59-64-43-2-40-21-61-12-69-74-18-47-80-72-86-52-17-30-26-53-5-14-4-54-41-87-1-37-25-56-15-44-10-63-35-81-83-9-46-78-75-68-70-76
Ta100x20,7,3,300,0.85,0.1,1,2230701210,17000,6411,6346,5991,4.14832293,v2_avx512bw_vec32_exact_perm,57-85-49-93-100-27-51-98-48-39-67-89-45-77-95-41-6-16-80-88-58-60-62-97-20-32-69-91-59-19-13-99-7-73-84-21-29-17-96-33-38-42-72-43-64-28-40-2-53-34-66-22-23-31-14-47-26-94-90-74-12-3-36-30-82-65-55-79-52-92-1-18-81-46-61-8-44-50-71-15-11-54-24-5-4-87-83-9-35-10-86-56-25-63-37-70-78-76-75-68
Ta100x20,7,3,300,0.85,0.1,2,2230702219,17000,6433,6346,5991,4.170797941,v2_avx512bw_vec32_exact_perm,49-95-85-93-67-7-80-94-58-98-45-51-39-48-73-88-32-62-64-84-23-96-91-60-6-43-27-42-55-97-19-89-20-17-59-41-16-3-52-29-99-33-53-31-72-8-34-66-14-24-37-26-47-18-13-61-90-21-74-22-77-11-5-71-40-69-100-38-50-79-28-2-44-82-65-92-87-56-12-36-15-30-4-46-9-78-70-81-63-54-35-10-75-1-25-86-83-68-57-76
Ta100x20,7,3,300,0.85,0.1,3,2230703228,17000,6514,6346,5991,4.288363055,v2_avx512bw_vec32_exact_perm,57-49-85-93-67-98-42-7-80-48-73-77-31-58-13-97-94-51-20-47-96-45-89-64-88-19-21-12-34-91-27-53-43-41-72-55-95-36-59-62-16-86-52-22-28-33-84-18-23-40-39-82-69-44-79-3-6-100-50-61-8-65-15-29-90-30-24-99-2-5-17-14-38-56-4-32-54-92-71-66-87-70-26-46-9-60-74-11-83-81-10-63-35-1-78-37-76-75-25-68
Ta100x20,7,3,300,0.85,0.1,4,2230704237,17000,6494,6346,5991,4.087655742,v2_avx512bw_vec32_exact_perm,57-49-93-85-80-22-39-67-94-7-64-58-62-88-32-6-100-96-51-97-14-89-23-41-16-34-31-48-45-73-84-95-33-19-59-21-27-91-40-28-55-53-66-43-72-65-47-90-60-98-18-79-8-12-24-13-69-20-30-3-92-61-2-77-29-99-36-5-42-81-9-46-52-11-74-71-50-82-15-44-17-4-37-26-87-70-38-54-63-83-1-75-56-86-35-10-76-78-25-68
Ta100x20,7,3,300,0.85,0.1,5,2230705246,17000,6534,6346,5991,4.163183065,v2_avx512bw_vec32_exact_perm,57-49-85-93-64-58-62-7-95-98-94-67-80-16-39-13-88-30-89-32-73-51-48-66-17-72-27-91-43-60-84-20-33-19-6-96-77-79-14-28-97-92-38-26-69-21-29-34-2-55-3-23-36-31-22-59-82-100-42-86-44-12-90-74-65-41-8-45-53-71-47-11-99-40-18-63-75-46-87-56-50-1-15-5-52-54-76-4-81-61-9-10-83-25-37-68-24-78-35-70
Ta100x20,7,3,300,0.85,0.1,6,2230706255,17000,6509,6346,5991,3.875776775,v2_avx512bw_vec32_exact_perm,57-49-85-93-95-80-67-45-39-94-31-23-58-48-43-16-33-73-12-62-77-91-51-64-55-98-20-47-42-84-30-96-59-8-41-14-21-27-88-72-34-22-97-69-19-40-28-2-79-66-44-29-82-89-13-99-6-7-38-3-100-26-61-53-17-90-54-24-65-36-92-5-32-70-4-87-74-86-71-56-18-50-15-52-9-35-11-46-60-63-81-83-37-10-1-75-25-78-76-68
Ta100x20,7,3,300,0.85,0.1,7,2230707264,17000,6507,6346,5991,3.706303059,v2_avx512bw_vec32_exact_perm,49-85-93-43-95-7-80-73-31-58-94-96-67-39-16-27-62-88-23-29-64-48-89-22-45-42-98-91-51-11-92-84-12-41-100-97-99-79-6-3-86-19-34-2-53-61-60-20-55-36-32-72-13-21-71-77-14-33-8-65-82-59-24-40-75-50-66-54-4-30-15-87-17-69-37-46-18-47-74-5-28-9-70-38-26-63-90-56-81-52-35-83-44-78-10-25-1-76-68-57
Ta100x20,7,3,300,0.85,0.1,8,2230708273,17000,6521,6346,5991,3.661106582,v2_avx512bw_vec32_exact_perm,57-49-85-93-80-60-67-42-98-94-58-96-39-97-51-23-21-84-73-31-45-95-88-62-14-64-37-34-33-91-32-79-48-6-22-41-59-89-16-29-47-28-8-19-72-13-69-11-3-61-24-36-43-82-27-9-46-66-12-55-18-100-92-65-87-50-7-26-53-90-40-2-17-54-99-5-52-4-83-56-38-71-30-74-70-10-20-77-86-81-15-35-44-63-1-75-76-78-25-68
Ta100x20,7,3,300,0.85,0.1,9,2230709282,17000,6485,6346,5991,3.814963282,v2_avx512bw_vec32_exact_perm,57-49-93-85-67-60-88-51-95-45-58-62-48-7-23-14-97-6-20-31-91-64-16-89-43-94-8-53-12-33-27-34-66-41-19-22-2-13-39-72-73-28-32-84-11-74-96-38-21-82-79-36-61-29-40-42-24-47-65-59-98-55-100-92-69-87-99-3-18-46-30-5-71-90-50-83-54-17-37-70-26-56-52-80-77-10-44-9-81-15-4-1-63-35-75-86-78-25-68-76
Ta100x20,7,3,300,0.85,0.1,10,2230710291,17000,6444,6346,5991,3.81323497,v2_avx512bw_vec32_exact_perm,57-49-85-93-80-95-64-45-67-88-58-62-100-30-31-42-98-94-96-51-48-27-97-99-89-91-53-20-22-16-6-13-73-7-33-72-84-39-19-43-60-66-24-59-12-92-79-38-28-29-82-11-18-34-8-41-47-65-37-21-23-71-55-77-69-3-15-17-52-36-50-9-5-2-14-90-35-44-61-46-56-32-86-4-54-26-74-40-83-87-10-63-1-70-75-25-81-78-76-68
Ta100x20,7,3,300,0.85,0.125,1,2230701210,17000,6503,6346,5991,3.857759494,v2_avx512bw_vec32_exact_perm,57-49-85-80-93-48-67-60-7-95-45-94-13-51-58-39-31-62-73-96-32-43-42-84-27-88-14-21-33-34-91-64-16-41-59-17-55-19-18-30-20-89-53-23-22-29-36-6-40-92-44-54-50-12-77-90-69-100-61-38-79-28-52-11-97-2-98-4-24-72-3-82-47-35-8-5-81-71-70-15-86-37-65-99-83-56-9-74-66-26-87-1-10-63-46-78-25-76-75-68
Ta100x20,7,3,300,0.85,0.125,2,2230702219,17000,6542,6346,5991,3.890503125,v2_avx512bw_vec32_exact_perm,85-80-93-100-49-31-77-58-64-60-97-67-28-39-96-55-62-88-95-91-6-45-82-13-23-51-7-48-89-98-94-66-3-84-79-20-27-16-59-69-43-22-42-53-17-32-92-33-41-50-30-72-36-14-5-71-21-73-38-12-2-74-47-19-1-99-29-40-34-18-46-61-8-44-54-4-11-83-52-24-56-65-9-35-90-87-15-70-26-81-37-10-25-63-86-75-78-68-57-76
Ta100x20,7,3,300,0.85,0.125,3,2230703228,17000,6599,6346,5991,3.861950964,v2_avx512bw_vec32_exact_perm,57-49-85-93-80-7-67-100-58-95-62-48-43-60-88-73-39-45-6-97-13-91-51-94-31-64-96-32-89-59-12-29-33-52-21-84-36-30-3-23-86-20-27-19-8-22-55-66-34-42-41-82-50-4-79-69-61-14-53-99-17-28-90-44-16-98-2-77-26-92-40-56-18-47-46-87-65-24-72-15-5-11-25-9-38-71-83-74-54-37-35-1-81-10-76-63-75-78-68-70
Ta100x20,7,3,300,0.85,0.125,4,2230704237,17000,6559,6346,5991,3.933144636,v2_avx512bw_vec32_exact_perm,57-49-93-85-80-96-67-91-64-39-58-7-62-31-27-88-23-97-45-6-16-43-28-72-41-22-42-13-11-51-84-47-17-3-98-48-73-89-34-100-55-21-33-59-94-12-29-20-32-66-8-26-10-86-82-61-77-18-24-53-36-65-2-74-38-30-1-54-79-19-14-50-90-46-9-69-40-5-4-52-92-44-35-56-60-87-71-70-81-15-83-37-78-63-99-95-25-75-68-76
Ta100x20,7,3,300,0.85,0.125,5,2230705246,17000,6496,6346,5991,3.999330463,v2_avx512bw_vec32_exact_perm,57-49-95-85-93-58-80-39-94-98-16-48-67-73-89-28-31-7-64-13-23-77-14-43-45-20-3-12-51-97-6-66-55-8-60-72-62-42-5-21-84-59-33-65-19-99-29-2-96-53-69-22-36-88-100-52-40-27-32-90-91-41-82-79-92-30-56-38-74-15-17-70-61-47-11-44-54-50-86-26-34-4-18-24-87-37-10-63-71-83-9-1-81-35-46-78-76-75-25-68
Ta100x20,7,3,300,0.85,0.125,6,2230706255,17000,6533,6346,5991,4.098569249,v2_avx512bw_vec32_exact_perm,49-85-93-67-95-31-50-7-80-98-58-73-64-45-43-16-94-84-39-27-62-51-91-14-97-6-23-20-48-19-89-4-69-88-13-54-9-83-11-17-29-8-21-66-77-59-22-12-30-42-37-99-82-55-100-33-18-47-96-90-2-71-3-65-87-61-36-53-32-79-41-40-72-46-28-15-44-34-81-26-1-52-60-92-74-56-70-35-5-25-38-10-24-78-86-63-75-68-57-76
Ta100x20,7,3,300,0.85,0.125,7,2230707264,17000,6493,6346,5991,4.003569632,v2_avx512bw_vec32_exact_perm,57-49-85-93-80-95-64-58-45-39-51-88-98-100-62-48-91-67-6-96-29-13-73-89-77-43-94-8-42-22-66-59-21-27-84-20-23-72-55-97-99-33-31-3-7-38-32-14-79-16-34-82-17-28-41-19-69-74-92-12-36-90-52-61-47-11-25-9-65-46-53-44-35-18-30-54-24-4-5-87-60-71-86-10-56-15-50-26-81-70-63-2-1-37-83-40-76-75-78-68
Ta100x20,7,3,300,0.85,0.125,8,2230708273,17000,6517,6346,5991,4.058255262,v2_avx512bw_vec32_exact_perm,57-49-85-93-95-67-98-45-64-88-39-80-16-62-7-58-73-29-19-97-41-20-52-48-89-84-51-6-14-31-60-12-13-27-96-40-91-69-34-42-17-43-59-32-72-38-99-33-22-79-77-28-94-55-21-44-3-47-11-5-92-71-36-54-2-30-65-46-100-53-56-82-50-61-8-90-70-87-24-23-66-4-18-26-81-74-9-63-83-35-37-10-86-1-76-15-75-78-25-68
Ta100x20,7,3,300,0.85,0.125,9,2230709282,17000,6493,6346,5991,3.906935751,v2_avx512bw_vec32_exact_perm,57-49-85-93-95-67-45-19-48-64-88-73-98-58-97-100-43-69-62-94-77-31-23-12-6-91-13-51-80-42-7-59-39-27-22-53-36-8-34-20-14-96-61-16-72-41-21-84-11-79-32-38-29-54-89-33-82-47-28-3-55-50-60-71-24-66-90-5-92-87-86-2-18-30-56-15-74-70-65-26-9-81-46-40-35-99-83-37-75-44-4-17-52-10-63-78-1-76-68-25
Ta100x20,7,3,300,0.85,0.125,10,2230710291,17000,6516,6346,5991,4.006793389,v2_avx512bw_vec32_exact_perm,57-49-85-93-39-16-80-30-51-48-89-45-73-67-58-88-94-19-96-60-98-27-95-20-84-36-6-34-62-13-42-43-97-31-7-61-32-66-29-91-82-59-47-69-72-99-8-22-71-21-41-65-2-17-53-38-90-79-52-12-77-86-28-64-1-40-26-14-54-11-3-23-18-46-9-55-44-4-24-33-100-10-56-92-81-15-5-50-74-63-35-87-83-37-70-75-78-76-25-68
Ta100x20,7,3,300,0.8875,0.025,1,2230701210,17000,6396,6346,5991,3.974269808,v2_avx512bw_vec32_exact_perm,57-49-95-85-93-27-80-67-31-100-48-42-45-13-88-51-39-73-43-58-94-97-32-41-89-7-20-22-34-62-91-6-90-96-64-69-61-19-21-14-16-84-59-24-33-66-77-12-11-86-54-3-29-98-65-18-79-87-28-2-92-82-55-50-17-40-72-5-8-71-47-38-4-23-74-53-60-52-81-36-30-26-99-9-83-44-56-10-63-37-25-35-78-46-75-15-1-68-70-76
Ta100x20,7,3,300,0.8875,0.025,2,2230702219,17000,6431,6346,5991,3.866888229,v2_avx512bw_vec32_exact_perm,57-49-85-93-95-67-45-98-39-80-31-58-96-100-51-64-48-43-73-12-29-89-97-20-32-88-19-94-69-52-8-59-27-84-36-42-33-22-34-44-62-91-6-79-16-77-66-99-18-7-71-55-11-86-90-3-28-50-54-13-21-23-72-30-14-40-92-24-65-53-82-5-61-47-2-4-41-37-17-15-74-26-46-9-83-87-38-68-10-1-60-75-25-81-56-63-78-35-70-76
Ta100x20,7,3,300,0.8875,0.025,3,2230703228,17000,6391,6346,5991,3.888566028,v2_avx512bw_vec32_exact_perm,57-49-93-85-39-67-58-80-98-94-12-20-7-48-64-45-97-6-96-33-51-95-73-19-43-13-27-88-89-61-16-91-62-84-21-77-14-34-100-38-2-23-53-41-92-72-31-17-30-66-50-18-79-54-5-69-29-3-8-82-42-90-24-22-99-74-59-55-36-32-26-86-65-40-52-56-28-87-46-71-70-37-83-15-44-4-63-47-11-60-9-10-35-81-75-1-76-78-25-68
Ta100x20,7,3,300,0.8875,0.025,4,2230704237,17000,6428,6346,5991,4.039541342,v2_avx512bw_vec32_exact_perm,57-49-93-85-80-95-67-45-21-42-7-51-58-98-64-73-19-48-13-89-28-27-88-97-59-16-31-39-96-6-62-91-84-20-82-69-72-23-55-18-86-79-50-92-2-65-61-43-60-77-29-12-8-47-66-17-30-15-3-14-41-34-22-71-90-24-36-9-33-100-46-52-44-40-74-99-32-4-54-87-56-1-10-38-26-75-11-35-81-94-37-63-83-53-5-70-78-25-76-68
Ta100x20,7,3,300,0.8875,0.025,5,2230705246,17000,6425,6346,5991,3.967156235,v2_avx512bw_vec32_exact_perm,57-49-85-93-33-67-7-95-80-94-98-45-48-20-51-58-73-16-27-43-97-64-88-62-42-84-89-91-6-60-32-22-8-53-39-19-41-34-69-92-55-66-14-28-59-21-79-82-96-12-13-29-72-90-31-77-52-99-17-86-3-100-38-30-71-36-47-61-40-74-65-2-5-23-18-87-50-54-1-26-56-24-46-15-9-4-70-37-81-83-35-44-11-63-10-25-78-75-68-76
Ta100x20,7,3,300,0.8875,0.025,6,2230706255,17000,6433,6346,5991,3.8831543,v2_avx512bw_vec32_exact_perm,57-49-93-85-67-31-94-58-100-80-7-64-43-27-88-51-48-62-45-95-6-20-98-29-89-16-97-96-69-73-84-28-39-21-59-14-13-77-34-22-8-12-65-53-11-41-91-19-55-15-90-79-42-50-24-3-82-66-47-9-33-18-46-61-32-5-56-92-86-23-2-30-40-71-17-72-44-36-99-52-87-4-54-37-60-10-81-26-63-74-35-1-38-83-75-70-78-25-76-68
Ta100x20,7,3,300,0.8875,0.025,7,2230707264,17000,6405,6346,5991,3.940687574,v2_avx512bw_vec32_exact_perm,57-49-85-93-23-67-94-58-95-80-39-45-48-73-16-31-43-27-84-100-88-62-51-64-98-97-20-30-18-7-12-96-6-91-14-13-79-59-89-69-2-72-19-86-50-38-33-29-32-36-34-21-52-17-53-22-42-8-61-90-55-54-47-26-41-99-24-1-3-60-37-92-77-11-65-87-28-46-82-44-40-4-71-66-81-83-9-56-15-5-35-10-25-63-74-70-75-78-76-68
Ta100x20,7,3,300,0.8875,0.025,8,2230708273,17000,6408,6346,5991,3.75526856,v2_avx512bw_vec32_exact_perm,57-49-85-93-80-39-96-58-41-95-67-45-51-98-48-64-7-43-12-91-62-33-30-16-20-89-29-97-42-34-13-14-17-54-27-84-6-88-73-77-66-59-21-100-22-69-82-24-11-3-5-53-65-19-23-50-36-2-18-92-79-60-55-40-72-99-74-31-8-61-47-15-46-32-94-37-87-71-1-83-90-38-4-28-26-81-52-86-56-9-35-70-44-10-63-75-78-25-68-76
Ta100x20,7,3,300,0.8875,0.025,9,2230709282,17000,6423,6346,5991,3.969332184,v2_avx512bw_vec32_exact_perm,57-85-49-93-30-95-27-80-39-67-45-88-62-94-51-98-97-58-19-48-89-33-16-73-7-64-31-34-32-47-91-14-20-96-6-100-84-59-22-42-43-13-18-72-79-41-92-77-12-66-3-1-21-55-82-38-29-23-24-36-28-65-8-2-87-26-40-69-44-4-17-99-71-53-60-5-90-50-52-54-74-11-81-61-83-9-46-35-10-56-15-86-63-37-25-75-78-68-70-76
Ta100x20,7,3,300,0.8875,0.025,10,2230710291,17000,6445,6346,5991,3.983455518,v2_avx512bw_vec32_exact_perm,57-49-93-85-67-7-62-91-39-45-64-88-98-51-48-60-6-89-96-58-94-80-19-73-12-20-29-43-16-23-13-95-32-14-79-50-27-66-24-59-97-34-69-8-42-3-72-33-84-22-86-21-11-2-41-77-28-44-82-92-17-40-61-47-52-71-100-65-53-38-26-55-90-99-74-36-9-31-18-54-30-4-46-81-15-37-1-10-5-75-25-63-56-83-78-68-87-35-70-76
Ta100x20,7,3,300,0.8875,0.05,1,2230701210,17000,6423,6346,5991,4.123809303,v2_avx512bw_vec32_exact_perm,57-49-93-85-80-67-95-45-13-31-7-58-60-51-39-48-73-32-96-88-23-27-89-19-94-6-62-91-84-97-21-82-22-100-69-59-20-77-54-29-43-12-66-33-79-61-41-16-2-98-14-86-50-72-34-8-65-38-17-42-44-26-3-53-90-64-55-47-36-28-46-52-56-30-10-40-92-5-11-18-74-81-9-15-1-99-4-71-83-87-24-68-25-37-63-78-35-70-76-75
Ta100x20,7,3,300,0.8875,0.05,2,2230702219,17000,6431,6346,5991,3.920042112,v2_avx512bw_vec32_exact_perm,57-49-85-93-80-95-64-45-100-67-31-48-27-88-60-58-43-94-73-96-97-98-42-23-6-20-16-51-7-13-12-89-34-91-33-59-22-19-77-29-86-92-62-69-28-84-52-78-65-82-8-55-72-50-38-79-36-21-5-53-14-3-32-71-90-24-2-11-37-41-47-18-26-74-40-46-30-99-17-54-66-61-39-83-44-4-9-56-25-81-15-87-10-63-35-75-1-68-70-76
Ta100x20,7,3,300,0.8875,0.05,3,2230703228,17000,6532,6346,5991,3.828719948,v2_avx512bw_vec32_exact_perm,57-49-85-93-7-80-95-45-67-16-98-20-77-14-88-48-97-13-23-27-73-31-30-60-96-19-51-32-39-81-24-6-62-94-89-43-17-22-69-44-3-41-28-42-79-72-2-38-33-64-29-59-21-47-91-40-84-36-11-71-26-50-5-92-46-34-100-12-66-18-87-55-4-58-56-54-82-53-8-15-83-61-52-74-86-65-90-10-99-9-63-1-35-37-70-78-76-75-25-68
Ta100x20,7,3,300,0.8875,0.05,4,2230704237,17000,6417,6346,5991,4.046035566,v2_avx512bw_vec32_exact_perm,57-49-93-85-67-94-88-58-100-80-7-39-48-45-51-20-16-73-31-96-32-43-82-95-33-12-27-29-62-66-19-64-84-6-23-97-3-89-21-55-42-36-59-69-24-65-77-47-38-28-90-14-22-34-98-2-79-91-13-17-61-8-53-92-41-54-99-50-30-18-72-86-5-71-40-74-11-60-9-52-4-46-44-26-56-15-83-37-81-87-35-10-63-1-70-78-76-75-25-68
Ta100x20,7,3,300,0.8875,0.05,5,2230705246,17000,6522,6346,5991,4.031572945,v2_avx512bw_vec32_exact_perm,57-49-85-93-80-95-67-31-60-20-7-58-48-73-45-64-96-43-12-98-94-77-52-97-89-19-6-69-66-23-16-33-30-88-62-22-59-39-100-2-84-42-13-27-14-79-50-34-92-61-51-36-21-74-28-8-38-29-17-32-15-53-47-11-91-9-40-10-99-55-41-18-72-87-83-24-90-3-65-86-71-56-82-5-54-4-46-44-26-63-37-81-25-1-76-75-68-78-35-70
Ta100x20,7,3,300,0.8875,0.05,6,2230706255,17000,6448,6346,5991,4.011143969,v2_avx512bw_vec32_exact_perm,57-49-93-7-98-95-67-45-42-48-20-85-51-28-13-89-88-73-16-82-96-65-58-94-43-77-41-34-27-22-91-80-59-33-64-19-84-21-12-2-97-90-6-69-44-72-60-14-79-8-17-54-99-29-38-39-53-31-32-36-55-100-24-11-61-3-92-40-5-47-18-56-52-26-74-50-71-86-62-30-70-46-4-9-66-75-35-81-15-1-23-83-87-10-63-37-78-25-76-68
Ta100x20,7,3,300,0.8875,0.05,7,2230707264,17000,6469,6346,5991,3.890580602,v2_avx512bw_vec32_exact_perm,57-49-85-93-80-39-41-94-67-59-88-100-51-48-45-58-43-60-96-64-32-73-77-31-6-23-62-89-29-97-16-8-72-12-33-21-22-42-20-14-34-19-84-79-53-13-95-92-40-27-36-9-46-30-3-99-65-24-61-47-7-18-98-2-69-55-90-26-66-91-50-44-82-37-54-4-81-28-15-87-17-83-52-35-5-74-11-38-71-56-25-75-86-68-1-10-63-78-70-76
Ta100x20,7,3,300,0.8875,0.05,8,2230708273,17000,6417,6346,5991,3.835652677,v2_avx512bw_vec32_exact_perm,57-49-85-93-80-45-95-64-67-73-88-58-31-100-96-51-65-16-48-7-22-23-41-39-89-84-69-62-28-98-24-34-59-66-19-27-97-42-20-14-12-29-82-43-38-21-55-17-91-33-9-18-13-79-72-8-92-99-2-50-6-37-53-60-36-32-46-61-77-40-90-44-52-35-47-71-11-5-4-94-54-56-81-3-30-15-26-74-86-83-87-10-63-1-70-25-78-75-68-76
Ta100x20,7,3,300,0.8875,0.05,9,2230709282,17000,6427,6346,5991,3.993582804,v2_avx512bw_vec32_exact_perm,57-49-85-93-95-67-45-39-80-58-62-94-88-91-19-13-43-64-27-82-84-73-31-89-28-7-23-48-59-97-32-20-33-42-55-14-96-21-86-16-34-22-72-41-79-51-38-6-3-77-99-100-29-17-65-53-15-2-8-54-40-24-11-69-52-36-5-37-18-56-30-90-12-4-46-92-71-87-98-66-47-60-61-81-26-74-9-35-83-70-44-10-50-1-63-75-78-25-68-76
Ta100x20,7,3,300,0.8875,0.05,10,2230710291,17000,6508,6346,5991,4.110978558,v2_avx512bw_vec32_exact_perm,57-49-85-93-7-80-67-60-98-58-39-94-48-43-27-45-96-95-41-88-6-62-64-19-51-91-73-84-34-32-20-97-13-59-12-100-31-87-17-69-29-38-72-28-8-21-77-89-50-90-2-65-53-22-99-54-33-92-74-18-16-23-30-14-40-61-47-42-82-79-66-24-9-4-5-71-86-46-44-15-11-26-75-3-55-36-37-83-68-56-1-10-63-52-35-81-78-25-70-76
Ta100x20,7,3,300,0.8875,0.075,1,2230701210,17000,6424,6346,5991,3.808315828,v2_avx512bw_vec32_exact_perm,57-49-85-93-67-95-45-80-58-94-62-98-19-48-20-42-84-77-23-32-97-64-6-60-89-14-43-88-73-96-34-16-41-91-39-22-59-79-51-31-100-7-92-53-5-90-69-12-2-36-13-61-72-27-29-21-38-18-86-55-54-87-11-17-50-28-30-8-26-47-4-3-81-40-71-46-52-99-75-83-56-44-82-74-15-9-1-66-65-33-68-10-24-25-37-63-78-35-70-76
Ta100x20,7,3,300,0.8875,0.075,2,2230702219,17000,6572,6346,5991,3.850542057,v2_avx512bw_vec32_exact_perm,57-49-85-93-67-95-80-94-16-91-51-62-13-45-42-64-31-7-58-84-82-28-20-48-89-98-47-97-73-88-39-19-54-17-32-43-59-27-29-69-22-96-55-33-72-41-21-14-92-18-38-77-66-36-79-3-90-50-6-2-8-15-30-46-65-23-74-24-40-61-12-11-5-100-52-34-99-10-53-60-37-83-4-9-81-26-1-71-87-56-25-44-35-63-70-78-86-76-75-68
Ta100x20,7,3,300,0.8875,0.075,3,2230703228,17000,6495,6346,5991,3.910769628,v2_avx512bw_vec32_exact_perm,57-49-85-93-95-45-80-51-48-73-32-31-96-39-67-79-41-58-88-42-64-34-89-91-29-33-98-62-84-16-97-14-60-43-19-53-12-66-6-59-69-13-50-23-20-21-94-7-22-72-77-38-90-65-100-55-15-17-82-3-27-28-87-86-2-74-54-8-36-61-26-18-5-24-30-40-47-71-1-70-56-52-46-92-99-81-4-44-9-83-75-11-35-37-10-63-78-25-76-68
Ta100x20,7,3,300,0.8875,0.075,4,2230704237,17000,6487,6346,5991,3.69344105,v2_avx512bw_vec32_exact_perm,57-49-85-80-93-39-13-31-7-95-58-45-48-97-73-67-94-51-27-20-16-6-96-19-82-34-84-36-91-62-64-32-89-24-88-72-41-11-59-22-43-42-90-66-12-29-100-53-5-38-69-79-21-47-4-14-71-23-28-18-55-98-8-77-30-92-44-50-86-99-40-2-61-60-3-17-54-33-65-26-74-25-9-52-56-81-15-83-37-87-35-63-10-1-46-70-76-78-75-68
Ta100x20,7,3,300,0.8875,0.075,5,2230705246,17000,6561,6346,5991,3.767393123,v2_avx512bw_vec32_exact_perm,57-49-85-93-80-95-31-73-45-94-48-32-64-86-43-69-14-98-19-59-60-7-13-89-88-16-82-27-91-29-79-99-84-62-97-23-42-21-34-58-12-51-33-20-30-3-100-22-90-8-53-40-28-54-2-92-6-96-39-65-67-47-24-71-77-11-55-18-17-41-72-38-46-52-5-74-15-61-70-50-44-87-26-81-78-4-83-37-36-63-56-66-9-10-35-75-1-76-25-68
Ta100x20,7,3,300,0.8875,0.075,6,2230706255,17000,6533,6346,5991,3.861837762,v2_avx512bw_vec32_exact_perm,57-49-85-93-95-67-45-100-80-64-88-43-51-60-58-62-33-32-97-48-39-6-89-91-59-96-31-34-73-7-94-13-69-19-12-53-66-22-72-20-2-98-77-27-23-11-92-41-40-3-65-16-99-84-21-79-42-14-9-29-17-8-90-46-82-86-38-28-30-10-24-78-18-61-54-47-15-55-26-56-70-5-44-36-87-4-63-52-50-81-71-74-83-37-75-35-1-76-25-68
Ta100x20,7,3,300,0.8875,0.075,7,2230707264,17000,6526,6346,5991,3.805473795,v2_avx512bw_vec32_exact_perm,57-49-85-93-80-94-67-95-45-51-48-73-88-32-60-33-19-89-91-64-7-31-12-59-98-97-58-43-62-84-14-20-39-100-96-61-16-17-22-66-23-34-42-77-13-6-36-44-79-28-69-2-40-92-8-4-21-53-29-38-86-18-54-30-3-82-27-65-55-72-46-47-99-71-56-52-41-11-26-9-10-83-90-24-50-5-74-15-37-87-25-35-81-63-1-76-78-75-68-70
Ta100x20,7,3,300,0.8875,0.075,8,2230708273,17000,6494,6346,5991,3.683874966,v2_avx512bw_vec32_exact_perm,57-49-93-85-67-80-48-77-89-95-45-58-98-28-91-20-41-39-34-96-42-1-13-88-51-65-11-92-29-31-62-43-73-12-84-2-100-64-19-69-59-21-53-97-22-36-79-27-6-52-38-16-61-7-72-82-33-55-66-47-3-74-60-90-32-71-30-99-94-8-14-23-5-40-81-18-4-46-9-17-50-54-87-26-24-35-15-56-70-44-63-37-83-10-25-86-78-76-75-68
Ta100x20,7,3,300,0.8875,0.075,9,2230709282,17000,6526,6346,5991,3.86017175,v2_avx512bw_vec32_exact_perm,57-49-85-93-83-51-64-67-94-98-80-45-58-48-20-19-96-97-32-62-88-30-95-73-29-84-33-82-91-16-39-59-27-34-21-13-72-8-12-89-53-38-31-23-7-6-66-28-2-77-69-90-79-14-92-41-54-22-50-100-61-17-47-36-5-52-86-43-18-42-55-3-99-74-9-26-46-40-87-37-4-65-24-11-60-10-81-35-71-1-75-25-56-15-44-63-78-68-70-76
Ta100x20,7,3,300,0.8875,0.075,10,2230710291,17000,6530,6346,5991,3.716085708,v2_avx512bw_vec32_exact_perm,57-49-85-93-80-95-45-67-94-7-98-48-32-60-97-20-77-6-91-96-51-59-19-33-12-64-88-43-41-89-58-16-73-84-21-61-92-62-23-14-2-29-40-90-100-31-47-82-79-36-13-42-17-30-18-39-34-22-55-24-66-65-11-52-50-69-38-27-71-8-56-72-70-81-26-53-3-4-99-28-87-15-86-46-9-83-5-54-35-44-63-37-74-1-10-75-78-76-25-68
Ta100x20,7,3,300,0.8875,0.1,1,2230701210,17000,6526,6346,5991,3.728040493,v2_avx512bw_vec32_exact_perm,57-49-85-93-67-95-58-100-80-30-94-19-62-51-39-41-97-88-89-45-31-98-16-23-48-33-53-73-32-20-27-91-84-43-96-36-29-59-42-13-21-14-24-8-72-90-7-55-99-22-3-61-82-44-40-12-69-2-65-60-64-79-77-34-47-6-17-86-37-28-26-38-54-18-92-5-74-87-50-70-46-11-9-15-81-71-66-52-4-63-56-83-10-75-35-1-78-25-76-68
Ta100x20,7,3,300,0.8875,0.1,2,2230702219,17000,6528,6346,5991,3.83645086,v2_avx512bw_vec32_exact_perm,57-49-85-93-58-80-95-39-45-67-100-51-31-48-20-6-96-7-32-94-84-23-82-16-73-62-77-59-89-88-27-14-22-75-42-33-38-19-91-43-29-69-64-34-41-72-13-97-99-17-79-2-50-3-11-21-55-61-8-54-47-65-60-74-18-36-12-44-71-53-98-40-30-46-90-26-81-66-24-28-92-15-87-4-83-86-37-52-70-56-9-5-63-10-35-1-76-78-25-68
Ta100x20,7,3,300,0.8875,0.1,3,2230703228,17000,6583,6346,5991,3.838257286,v2_avx512bw_vec32_exact_perm,57-49-93-39-98-67-16-31-7-85-62-95-48-58-64-41-45-43-91-20-94-51-88-53-96-32-89-72-73-6-80-14-19-12-82-59-27-92-34-23-8-29-84-2-22-33-13-79-61-54-100-24-97-42-55-69-50-90-40-17-52-46-38-36-1-3-65-21-30-47-26-18-56-70-37-44-11-28-9-71-81-77-60-35-83-68-5-86-74-99-15-4-87-10-63-66-75-78-25-76
Ta100x20,7,3,300,0.8875,0.1,4,2230704237,17000,6582,6346,5991,3.942504102,v2_avx512bw_vec32_exact_perm,49-95-93-85-67-30-100-80-31-51-88-73-58-64-98-7-14-48-16-43-42-96-20-97-29-23-13-45-89-66-84-21-94-62-6-36-79-82-91-38-32-72-19-50-34-54-39-53-61-69-28-99-77-52-44-17-41-22-92-33-2-46-27-3-47-87-60-65-26-8-55-71-78-90-12-18-86-37-24-15-9-10-1-11-63-59-40-5-4-56-75-35-68-81-74-83-25-57-70-76
Ta100x20,7,3,300,0.8875,0.1,5,2230705246,17000,6487,6346,5991,4.02231596,v2_avx512bw_vec32_exact_perm,57-49-85-93-67-98-7-95-45-58-39-80-27-88-52-48-43-94-6-96-73-12-13-51-23-31-29-60-21-97-30-20-89-41-3-77-5-17-28-53-62-91-84-42-59-38-33-71-64-69-79-55-2-92-82-61-34-19-22-36-8-66-47-18-16-50-72-99-26-44-90-24-11-65-87-15-100-56-74-9-46-83-14-40-37-4-10-32-35-86-1-54-63-81-70-78-76-75-25-68
Ta100x20,7,3,300,0.8875,0.1,6,2230706255,17000,6524,6346,5991,3.959829357,v2_avx512bw_vec32_exact_perm,57-49-85-93-58-80-100-39-43-95-48-50-73-94-41-67-98-51-31-45-97-12-88-89-59-19-6-91-33-64-96-16-72-66-60-27-62-53-79-8-20-42-77-29-3-2-22-84-99-21-69-44-34-13-82-28-30-23-92-14-40-54-35-55-65-17-5-87-71-46-32-18-11-7-4-90-24-47-37-56-26-81-15-70-61-86-74-83-9-52-36-1-10-63-38-76-75-78-25-68
Ta100x20,7,3,300,0.8875,0.1,7,2230707264,17000,6475,6346,5991,4.018310384,v2_avx512bw_vec32_exact_perm,57-49-85-93-30-80-64-67-95-45-32-98-88-73-96-58-60-39-97-89-94-31-16-84-91-62-27-6-43-13-9-42-36-14-33-29-48-51-69-38-17-22-34-26-3-47-100-59-24-19-20-8-77-66-12-53-28-55-44-41-37-15-21-7-92-82-86-90-5-72-61-65-11-2-50-87-54-18-79-99-23-4-40-71-83-52-74-63-81-35-10-56-1-46-75-25-68-78-70-76
Ta100x20,7,3,300,0.8875,0.1,8,2230708273,17000,6518,6346,5991,4.011631695,v2_avx512bw_vec32_exact_perm,57-49-93-100-67-45-80-39-32-13-33-85-88-42-84-31-48-51-27-96-98-16-73-19-89-55-94-43-58-36-64-38-3-23-7-6-72-62-41-95-30-17-21-8-14-97-59-22-26-20-12-91-77-11-37-82-24-2-50-87-44-69-60-90-79-4-54-34-18-66-28-29-92-71-86-5-47-65-53-52-40-81-56-15-74-61-83-46-9-35-10-99-63-1-25-75-78-68-70-76
Ta100x20,7,3,300,0.8875,0.1,9,2230709282,17000,6542,6346,5991,4.140959826,v2_avx512bw_vec32_exact_perm,57-49-85-93-58-48-7-64-45-67-39-12-80-16-94-98-95-43-51-21-73-6-9-96-100-27-97-30-88-60-84-33-72-62-24-59-31-14-89-20-91-19-13-53-47-23-54-18-69-61-29-26-25-79-66-5-3-92-17-22-8-34-41-28-52-44-74-77-11-40-42-82-32-86-36-87-90-65-56-50-10-46-35-2-55-38-81-83-99-75-15-78-37-71-4-63-1-68-70-76
Ta100x20,7,3,300,0.8875,0.1,10,2230710291,17000,6553,6346,5991,4.162463981,v2_avx512bw_vec32_exact_perm,57-49-85-93-80-7-73-67-39-31-58-95-20-96-88-27-94-19-48-99-77-51-64-32-62-17-13-28-34-66-29-23-89-91-98-6-43-59-92-97-16-11-55-42-45-50-22-79-54-38-21-100-84-12-33-74-52-41-69-90-65-3-71-86-30-14-18-47-53-36-61-40-8-26-2-24-46-9-78-82-72-60-81-44-63-37-15-10-56-83-5-1-25-75-68-4-87-35-70-76
Ta100x20,7,3,300,0.8875,0.125,1,2230701210,17000,6579,6346,5991,3.916938072,v2_avx512bw_vec32_exact_perm,57-49-93-85-80-60-51-41-16-64-98-67-45-58-48-96-31-39-23-91-62-7-84-29-13-95-88-6-27-97-59-89-81-38-18-54-42-69-43-21-22-17-73-12-26-55-30-33-3-94-34-19-79-14-11-2-8-66-15-82-77-61-99-20-72-28-47-53-1-65-92-40-68-24-50-46-100-36-71-86-32-5-74-90-52-56-44-4-9-63-83-37-35-10-87-70-75-78-25-76
Ta100x20,7,3,300,0.8875,0.125,2,2230702219,17000,6523,6346,5991,4.00468508,v2_avx512bw_vec32_exact_perm,57-49-85-93-67-95-7-58-64-80-98-45-48-31-32-94-23-39-84-14-89-43-33-12-13-88-91-16-51-59-60-20-47-29-65-34-73-52-69-21-79-19-66-97-6-2-71-77-62-74-11-22-53-17-38-41-42-100-96-99-61-3-36-30-55-8-72-18-24-40-28-92-82-90-10-87-54-26-63-1-46-44-50-27-15-5-4-56-86-25-37-81-78-83-9-35-70-75-76-68
Ta100x20,7,3,300,0.8875,0.125,3,2230703228,17000,6498,6346,5991,4.014956714,v2_avx512bw_vec32_exact_perm,57-49-85-93-80-39-58-98-64-67-7-95-45-51-48-34-13-89-91-6-96-94-41-43-20-16-88-19-69-73-30-42-14-44-62-21-60-29-84-23-36-55-97-59-38-28-71-26-17-47-11-10-77-66-8-12-3-27-40-100-61-2-79-82-53-46-92-22-33-15-65-31-50-90-99-32-9-70-72-56-52-5-87-54-4-18-24-35-81-86-74-83-63-37-1-25-75-78-68-76
Ta100x20,7,3,300,0.8875,0.125,4,2230704237,17000,6548,6346,5991,3.843305747,v2_avx512bw_vec32_exact_perm,57-49-85-93-7-80-95-45-62-67-58-91-82-77-20-98-39-88-14-13-94-43-34-64-100-12-29-89-23-19-51-48-92-84-36-73-32-27-59-53-41-21-96-72-6-3-66-42-55-79-31-69-90-97-8-22-11-16-24-2-38-47-33-17-65-30-28-74-40-71-5-18-46-9-99-15-56-86-26-44-70-52-87-54-61-10-50-1-75-60-83-81-4-35-63-37-25-78-68-76
Ta100x20,7,3,300,0.8875,0.125,5,2230705246,17000,6553,6346,5991,3.800914243,v2_avx512bw_vec32_exact_perm,57-49-85-93-95-80-45-98-39-89-31-97-67-73-19-62-88-58-48-64-17-60-16-7-13-6-77-27-42-20-43-72-84-51-59-22-2-96-33-69-8-28-14-90-12-3-29-44-23-41-34-100-53-24-79-91-46-92-32-21-18-66-99-82-50-86-26-37-55-30-36-61-54-65-15-47-11-40-74-9-83-52-94-5-71-4-87-38-56-10-70-63-35-78-81-75-1-76-25-68
Ta100x20,7,3,300,0.8875,0.125,6,2230706255,17000,6526,6346,5991,3.900519809,v2_avx512bw_vec32_exact_perm,57-49-93-95-85-31-80-96-39-58-67-7-41-98-64-16-59-45-14-43-94-32-73-88-19-20-62-51-100-48-89-22-84-21-29-33-36-65-97-82-34-77-18-55-92-66-6-17-8-23-30-91-40-3-71-79-38-47-4-42-2-69-12-27-13-99-87-53-90-28-61-86-46-26-81-56-50-54-24-9-72-44-15-60-1-74-11-52-5-35-83-70-37-63-25-78-10-75-68-76
Ta100x20,7,3,300,0.8875,0.125,7,2230707264,17000,6560,6346,5991,3.994003873,v2_avx512bw_vec32_exact_perm,57-49-93-85-67-48-77-58-62-94-73-39-84-95-19-50-98-89-45-80-100-16-20-32-51-13-88-6-91-23-31-96-7-55-8-65-28-53-64-92-36-5-34-12-97-87-22-21-43-24-17-41-42-66-59-47-71-27-3-29-33-99-18-2-79-30-60-86-38-72-26-54-9-63-82-40-11-90-69-44-56-14-10-52-4-37-1-15-61-74-35-46-25-81-83-78-75-68-70-76
Ta100x20,7,3,300,0.8875,0.125,8,2230708273,17000,6532,6346,5991,4.011360672,v2_avx512bw_vec32_exact_perm,57-49-85-93-80-91-48-77-89-95-45-27-88-51-58-98-73-67-13-31-94-34-69-97-6-39-96-28-19-84-14-79-64-60-16-20-43-47-66-30-17-21-12-53-36-29-59-22-38-92-32-87-62-50-42-41-23-99-100-61-74-5-7-65-3-72-11-54-8-90-82-71-63-9-46-37-56-52-2-25-86-55-26-33-81-18-75-15-1-44-10-40-4-83-78-35-24-68-70-76
Ta100x20,7,3,300,0.8875,0.125,9,2230709282,17000,6601,6346,5991,3.925809732,v2_avx512bw_vec32_exact_perm,57-49-85-93-95-80-67-73-58-64-43-100-62-94-31-7-30-20-21-29-84-99-77-91-48-51-98-12-45-89-66-33-19-86-42-55-6-22-82-13-96-69-61-90-5-34-60-39-97-59-88-41-38-2-32-71-79-36-8-3-72-50-4-65-17-74-23-15-14-87-28-16-26-40-18-81-9-54-53-27-46-37-52-24-83-92-35-1-47-11-63-44-25-75-56-68-10-78-70-76
Ta100x20,7,3,300,0.8875,0.125,10,2230710291,17000,6532,6346,5991,3.862632118,v2_avx512bw_vec32_exact_perm,57-49-93-85-67-7-51-91-80-95-62-88-64-45-58-100-98-94-97-48-96-27-89-31-17-20-72-14-43-42-13-32-73-24-37-84-34-23-6-41-90-92-19-12-53-59-66-29-38-16-22-21-39-82-44-33-55-8-28-3-47-65-77-86-11-56-18-52-36-99-30-74-71-2-50-69-9-15-46-79-61-40-10-26-87-83-54-63-60-4-81-35-5-1-75-70-78-25-76-68
Ta100x20,7,3,300,0.925,0.025,1,2230701210,17000,6408,6346,5991,4.342327064,v2_avx512bw_vec32_exact_perm,57-85-93-95-67-60-30-20-7-80-58-94-62-97-6-96-91-51-98-48-64-43-89-45-88-39-73-16-37-32-14-34-69-8-22-49-36-19-59-24-41-42-79-21-29-13-28-17-92-23-2-84-72-38-33-31-100-65-77-53-40-12-44-82-47-66-86-27-18-61-54-74-87-99-3-46-83-26-71-90-50-55-11-52-56-15-5-4-81-9-35-63-1-10-75-70-78-25-76-68
Ta100x20,7,3,300,0.925,0.025,2,2230702219,17000,6414,6346,5991,4.56920752,v2_avx512bw_vec32_exact_perm,57-49-93-85-67-80-95-58-94-23-48-45-16-20-7-34-42-28-13-51-88-62-100-30-64-84-89-91-73-96-6-19-97-82-12-8-3-39-53-22-92-27-43-69-77-14-99-44-21-55-36-32-59-31-54-29-33-66-17-52-79-18-50-41-90-15-86-72-65-5-2-61-74-40-11-46-71-98-4-24-47-60-87-38-26-81-56-83-9-35-10-63-37-1-70-75-25-78-76-68
Ta100x20,7,3,300,0.925,0.025,3,2230703228,17000,6404,6346,5991,4.368789335,v2_avx512bw_vec32_exact_perm,57-49-83-67-85-93-98-7-48-27-42-13-88-51-39-80-58-73-16-96-89-6-45-91-41-95-43-34-23-14-31-9-19-82-94-97-12-92-79-8-69-2-22-20-29-33-84-36-72-21-59-24-100-40-64-44-55-90-3-65-18-87-62-32-46-77-99-17-66-28-47-30-60-71-4-53-38-1-54-5-50-26-86-74-11-15-37-56-52-61-81-75-35-70-63-10-25-78-68-76
Ta100x20,7,3,300,0.925,0.025,4,2230704237,17000,6411,6346,5991,4.570903095,v2_avx512bw_vec32_exact_perm,57-49-85-93-80-39-5-67-94-48-84-95-20-58-96-27-7-98-89-16-45-6-41-51-23-88-73-12-91-43-59-60-13-19-34-69-42-53-22-64-62-31-29-97-33-72-38-82-79-100-21-54-77-32-55-36-66-65-30-40-17-92-61-2-3-99-71-1-50-14-26-47-28-8-87-18-81-15-74-46-11-90-24-83-37-4-9-70-52-44-63-56-10-25-35-86-75-78-68-76
Ta100x20,7,3,300,0.925,0.025,5,2230705246,17000,6487,6346,5991,4.322588655,v2_avx512bw_vec32_exact_perm,57-49-85-93-67-88-30-60-95-45-43-58-80-94-32-73-39-48-14-20-84-100-62-31-7-97-72-99-98-27-51-13-12-59-89-19-53-29-90-16-33-6-23-64-96-36-22-47-91-18-79-42-38-34-50-65-87-66-55-21-28-82-77-8-17-5-41-54-92-81-61-2-3-9-46-26-74-63-71-69-11-40-44-86-4-52-10-37-83-56-24-15-1-68-25-75-78-35-70-76
Ta100x20,7,3,300,0.925,0.025,6,2230706255,17000,6463,6346,5991,4.003015088,v2_avx512bw_vec32_exact_perm,57-49-85-93-67-98-95-45-39-80-58-19-48-64-7-66-96-31-62-27-6-51-23-94-73-88-32-37-20-16-77-29-59-12-43-89-97-33-14-22-79-2-71-8-100-69-84-28-21-92-41-90-47-34-53-42-65-13-50-55-15-87-40-91-99-5-11-61-74-18-82-3-46-72-30-81-26-36-86-70-52-56-17-60-44-4-9-83-54-35-24-1-38-10-63-75-78-25-68-76
Ta100x20,7,3,300,0.925,0.025,7,2230707264,17000,6452,6346,5991,4.095351807,v2_avx512bw_vec32_exact_perm,57-49-85-93-80-95-65-58-39-67-45-7-14-98-48-50-33-16-43-73-51-31-23-94-42-12-97-34-62-6-13-91-96-89-27-19-59-17-60-88-77-92-44-72-20-1-32-40-29-99-71-28-8-18-47-3-84-82-36-30-79-2-38-21-64-69-22-74-100-41-53-37-68-55-15-61-46-25-5-90-52-26-81-24-11-54-66-56-9-4-10-86-63-75-35-83-87-78-70-76
Ta100x20,7,3,300,0.925,0.025,8,2230708273,17000,6477,6346,5991,3.966041308,v2_avx512bw_vec32_exact_perm,57-49-85-93-39-43-16-84-95-80-64-67-88-100-73-58-62-51-94-23-45-32-20-97-19-48-41-91-89-82-77-7-36-98-29-22-21-6-96-66-38-34-28-13-69-59-14-26-79-72-71-55-2-50-27-53-5-33-30-54-4-17-8-31-86-90-12-60-92-3-1-47-65-99-46-87-24-18-42-40-74-11-15-61-52-83-9-44-10-56-81-35-25-63-37-70-75-78-76-68
Ta100x20,7,3,300,0.925,0.025,9,2230709282,17000,6433,6346,5991,4.006167041,v2_avx512bw_vec32_exact_perm,57-49-93-85-7-95-67-45-94-51-98-64-13-39-88-62-58-91-6-73-48-89-55-96-20-72-28-43-100-82-84-31-80-97-19-69-59-90-42-22-8-27-14-79-32-99-77-16-33-66-40-44-12-21-65-11-29-54-18-47-74-61-41-3-34-2-87-71-17-53-60-38-50-26-36-30-23-52-24-1-46-15-5-86-4-56-9-35-10-76-81-63-37-92-75-70-83-25-78-68
Ta100x20,7,3,300,0.925,0.025,10,2230710291,17000,6406,6346,5991,4.039696406,v2_avx512bw_vec32_exact_perm,57-85-49-93-95-67-45-98-80-64-96-58-94-23-27-48-31-97-43-42-73-16-84-20-51-88-60-39-6-89-34-12-91-53-79-41-8-28-47-19-82-66-22-69-50-62-59-72-33-44-29-21-13-36-32-77-100-17-38-61-2-71-86-30-3-52-99-14-7-90-92-55-5-65-46-15-87-18-56-24-26-74-9-81-70-63-37-54-11-4-40-83-10-35-1-76-75-78-25-68
Ta100x20,7,3,300,0.925,0.05,1,2230701210,17000,6507,6346,5991,3.912391236,v2_avx512bw_vec32_exact_perm,57-49-85-93-95-67-64-45-20-58-98-48-7-39-80-84-41-89-94-43-73-31-12-97-62-6-91-51-59-27-29-96-34-16-13-21-88-42-79-33-38-77-28-23-53-2-22-65-19-40-69-90-72-71-82-55-61-99-3-92-87-100-47-18-24-36-52-11-30-8-66-17-14-50-54-5-4-56-32-44-10-35-9-46-15-26-70-63-81-86-1-83-74-37-60-78-75-25-68-76
Ta100x20,7,3,300,0.925,0.05,2,2230702219,17000,6498,6346,5991,4.058729272,v2_avx512bw_vec32_exact_perm,49-85-93-95-67-80-73-31-58-94-7-98-97-51-48-64-45-62-91-6-42-43-96-84-39-32-89-33-16-41-21-34-59-14-27-19-88-29-69-66-13-2-30-36-38-17-72-22-28-18-79-100-55-8-3-77-99-90-53-20-87-82-24-12-65-23-92-83-40-5-11-50-71-74-86-70-44-26-9-46-54-61-81-15-4-47-52-56-60-63-37-10-75-35-1-25-78-68-57-76
Ta100x20,7,3,300,0.925,0.05,3,2230703228,17000,6508,6346,5991,3.965316023,v2_avx512bw_vec32_exact_perm,57-49-85-93-67-95-45-98-39-80-7-58-48-73-6-62-88-96-51-64-14-31-23-19-89-94-34-82-12-97-22-99-13-27-65-8-29-53-21-91-59-69-100-20-77-28-33-84-42-38-3-16-43-60-55-79-2-24-32-92-47-41-30-66-74-11-18-40-36-61-71-9-70-52-81-17-90-72-56-26-46-5-15-50-4-54-44-87-10-63-86-75-37-83-35-1-76-78-25-68
Ta100x20,7,3,300,0.925,0.05,4,2230704237,17000,6507,6346,5991,3.844454239,v2_avx512bw_vec32_exact_perm,57-49-85-93-39-80-67-31-96-7-48-73-95-84-89-28-45-13-64-58-23-91-94-43-62-42-6-51-55-14-19-36-30-88-20-21-100-12-59-8-53-22-79-97-99-16-92-26-77-34-40-32-33-38-27-11-29-3-15-18-65-82-47-61-69-41-72-74-90-46-71-2-98-86-81-70-9-66-60-52-5-50-17-44-63-56-54-4-83-87-35-10-24-1-37-78-76-75-25-68
Ta100x20,7,3,300,0.925,0.05,5,2230705246,17000,6447,6346,5991,3.902465491,v2_avx512bw_vec32_exact_perm,57-49-85-93-67-95-45-98-48-39-82-58-94-96-80-64-32-97-7-6-62-91-73-43-72-100-84-12-20-41-19-88-51-89-23-59-16-14-50-53-27-13-33-34-37-18-42-29-44-66-79-31-2-99-11-22-77-60-47-8-30-3-71-86-92-61-21-36-55-28-17-90-69-52-46-65-9-74-5-15-87-4-1-38-83-26-56-10-35-40-24-54-63-81-70-75-78-76-25-68
Ta100x20,7,3,300,0.925,0.05,6,2230706255,17000,6502,6346,5991,3.962776002,v2_avx512bw_vec32_exact_perm,57-49-93-85-67-95-88-73-58-80-39-51-62-91-45-6-60-97-7-48-32-94-99-31-28-96-69-98-29-23-20-89-42-84-41-59-19-34-16-22-43-14-79-82-100-53-66-21-64-27-55-3-13-33-71-40-11-18-72-50-65-77-9-38-47-90-46-74-30-12-36-26-2-87-17-92-86-8-61-15-5-54-24-70-37-44-83-56-76-4-52-81-35-1-10-63-78-25-75-68
Ta100x20,7,3,300,0.925,0.05,7,2230707264,17000,6403,6346,5991,3.942467586,v2_avx512bw_vec32_exact_perm,57-49-85-93-95-41-67-45-98-48-7-64-58-80-39-96-27-16-89-88-73-32-43-94-51-91-13-34-6-29-14-97-20-42-62-84-19-53-82-66-33-92-69-38-28-12-79-31-100-47-8-22-21-23-72-59-24-77-90-36-86-2-65-37-55-18-99-3-46-30-54-26-50-11-74-40-52-17-5-60-4-71-87-83-44-56-15-81-70-9-61-10-63-35-78-1-76-25-75-68
Ta100x20,7,3,300,0.925,0.05,8,2230708273,17000,6482,6346,5991,4.114659502,v2_avx512bw_vec32_exact_perm,57-49-85-93-80-39-67-7-95-62-31-58-45-98-94-20-43-27-97-51-48-88-12-73-96-42-64-72-19-34-16-13-84-77-89-6-69-59-14-100-29-38-90-18-8-65-99-79-21-32-91-55-41-53-5-17-24-3-82-33-92-40-30-66-54-61-71-60-52-36-74-47-28-46-87-23-4-44-50-2-11-22-26-56-9-35-70-81-83-37-63-86-10-15-1-76-75-68-78-25
Ta100x20,7,3,300,0.925,0.05,9,2230709282,17000,6523,6346,5991,4.101219445,v2_avx512bw_vec32_exact_perm,57-49-85-93-95-67-30-80-31-100-45-42-62-88-94-43-64-98-51-13-27-58-59-48-14-73-12-96-7-39-16-91-77-34-84-21-92-89-41-22-36-6-23-53-72-33-19-2-3-65-11-32-20-29-17-71-69-82-97-40-66-50-79-18-60-46-55-8-44-47-15-90-61-26-9-5-81-70-4-99-28-54-74-87-56-83-52-38-24-35-63-37-10-86-75-1-78-76-25-68
Ta100x20,7,3,300,0.925,0.05,10,2230710291,17000,6515,6346,5991,4.076238822,v2_avx512bw_vec32_exact_perm,57-49-85-93-7-95-80-94-67-45-51-98-48-31-58-96-39-97-64-62-89-6-23-16-77-88-69-52-27-73-53-19-84-20-12-33-34-59-91-100-22-82-14-92-79-38-41-28-29-43-32-3-17-71-11-42-26-13-47-40-18-30-24-36-55-54-66-5-1-21-90-61-87-72-2-8-56-70-4-46-60-99-9-10-50-81-86-65-63-74-83-25-44-78-35-15-37-76-75-68
Ta100x20,7,3,300,0.925,0.075,1,2230701210,17000,6534,6346,5991,3.828615655,v2_avx512bw_vec32_exact_perm,57-49-85-93-95-67-45-80-98-58-73-19-7-64-48-13-88-51-82-32-39-33-12-69-91-20-84-100-89-43-59-96-14-16-29-62-11-23-28-22-31-42-97-8-72-94-92-55-3-86-30-79-41-71-21-53-66-99-34-60-27-87-36-38-2-52-65-77-50-61-6-54-17-46-26-47-90-1-40-18-4-9-5-15-74-35-63-81-37-24-56-83-75-44-70-10-25-78-76-68
Ta100x20,7,3,300,0.925,0.075,2,2230702219,17000,6521,6346,5991,3.801653923,v2_avx512bw_vec32_exact_perm,57-49-85-93-7-67-45-88-62-30-95-80-60-81-58-64-13-91-23-94-48-33-12-51-39-43-14-32-96-20-6-22-97-34-19-84-73-40-99-42-72-89-16-21-55-79-18-24-31-77-28-66-27-90-92-69-87-98-3-8-59-47-65-29-82-53-56-83-15-36-44-2-61-100-38-74-41-50-26-17-11-71-86-70-63-37-52-4-46-9-54-5-10-35-1-76-75-78-25-68
Ta100x20,7,3,300,0.925,0.075,3,2230703228,17000,6555,6346,5991,3.837326831,v2_avx512bw_vec32_exact_perm,57-49-83-85-93-67-7-95-28-80-45-39-48-62-88-51-58-98-6-13-73-89-94-97-19-84-53-27-20-16-42-96-59-23-14-31-44-12-34-41-21-69-43-60-24-29-92-66-79-77-33-22-2-52-3-8-64-61-65-47-30-40-82-99-72-100-46-38-32-36-91-17-56-71-9-11-86-55-15-90-18-50-75-54-4-87-37-35-81-26-10-5-25-74-78-1-63-68-70-76
Ta100x20,7,3,300,0.925,0.075,4,2230704237,17000,6531,6346,5991,3.751010874,v2_avx512bw_vec32_exact_perm,57-49-85-93-67-95-45-80-58-94-31-13-7-98-39-33-22-51-48-14-6-96-20-100-62-73-19-54-29-27-89-84-91-43-64-16-34-70-88-41-72-36-71-8-21-55-12-59-50-23-75-69-17-38-30-42-5-11-66-2-97-61-79-77-28-53-40-60-92-65-18-46-82-47-74-26-24-87-83-3-99-86-90-32-44-52-56-4-9-10-15-37-63-81-35-1-25-78-76-68
Ta100x20,7,3,300,0.925,0.075,5,2230705246,17000,6515,6346,5991,3.839233892,v2_avx512bw_vec32_exact_perm,57-49-85-93-58-95-80-39-67-20-45-48-51-16-88-73-32-29-8-13-91-41-84-98-97-64-89-43-59-42-33-19-34-28-27-66-31-94-96-12-21-55-40-7-36-79-52-11-23-14-2-71-81-6-62-22-100-17-38-72-61-77-30-86-5-53-82-3-99-60-74-54-69-92-18-50-90-47-65-46-26-24-56-9-1-15-44-10-35-70-4-83-87-76-37-63-75-78-25-68
Ta100x20,7,3,300,0.925,0.075,6,2230706255,17000,6566,6346,5991,4.610549523,v2_avx512bw_vec32_exact_perm,57-49-85-93-95-67-7-98-80-58-94-19-62-89-47-23-31-48-73-51-45-97-64-34-96-12-88-42-66-28-29-8-81-6-9-43-33-14-84-99-13-91-100-82-22-53-20-26-16-77-55-39-72-79-32-3-41-59-92-21-38-69-90-60-46-65-71-40-17-11-5-74-18-30-2-61-10-36-44-24-54-50-86-56-4-52-87-15-83-63-35-37-27-1-70-75-76-78-25-68
Ta100x20,7,3,300,0.925,0.075,7,2230707264,17000,6531,6346,5991,4.279417025,v2_avx512bw_vec32_exact_perm,57-49-85-93-39-67-51-88-98-95-80-45-64-58-48-6-96-8-60-94-89-42-43-14-32-84-73-91-33-62-24-23-31-59-19-72-47-16-22-71-69-2-66-7-79-55-82-100-61-13-92-12-41-38-36-30-29-27-90-20-34-97-21-77-17-65-15-46-18-3-53-5-11-26-9-86-50-40-54-74-70-28-44-81-99-56-63-87-4-83-52-37-10-75-35-78-1-76-25-68
Ta100x20,7,3,300,0.925,0.075,8,2230708273,17000,6558,6346,5991,4.254056685,v2_avx512bw_vec32_exact_perm,57-49-85-93-73-80-39-58-100-48-31-51-13-67-23-7-64-32-52-45-95-6-96-94-89-88-16-41-72-20-91-84-62-43-66-33-30-21-97-34-90-29-79-18-14-47-42-22-36-50-69-28-55-82-5-19-77-38-3-17-60-92-99-59-12-98-24-15-74-86-9-40-27-65-70-46-53-61-26-8-2-54-44-71-4-83-87-11-10-56-25-37-63-78-75-81-35-1-76-68
Ta100x20,7,3,300,0.925,0.075,9,2230709282,17000,6534,6346,5991,4.154332404,v2_avx512bw_vec32_exact_perm,57-49-85-93-80-95-67-58-96-6-42-98-7-62-73-64-19-39-16-84-69-48-33-31-27-17-97-32-51-45-82-43-89-91-100-13-34-41-22-28-77-66-59-38-88-52-18-29-55-20-90-79-26-3-12-9-44-50-14-23-94-72-99-53-71-86-40-65-8-4-47-92-24-21-61-36-30-1-2-15-5-11-74-60-25-56-81-83-54-87-37-10-35-63-46-78-75-68-70-76
Ta100x20,7,3,300,0.925,0.075,10,2230710291,17000,6506,6346,5991,4.465850909,v2_avx512bw_vec32_exact_perm,57-49-85-93-67-39-88-80-64-58-45-98-95-43-27-100-51-13-48-94-62-31-7-6-91-89-14-96-20-61-97-73-19-47-21-2-69-33-84-29-99-59-22-16-60-11-50-26-8-55-71-38-23-34-3-65-72-41-17-82-12-53-77-28-46-66-92-30-18-79-24-40-36-32-90-9-81-42-70-15-44-5-1-4-52-86-56-54-63-74-83-87-35-10-37-75-76-78-25-68
Ta100x20,7,3,300,0.925,0.1,1,2230701210,17000,6561,6346,5991,4.313733338,v2_avx512bw_vec32_exact_perm,57-49-85-93-80-95-67-7-45-42-100-62-43-48-13-27-58-51-89-88-32-53-17-64-86-34-41-73-31-91-28-40-94-33-96-16-19-66-84-50-14-72-20-69-90-2-8-59-12-97-6-21-92-22-79-23-9-54-29-82-39-36-30-77-99-98-52-47-4-38-56-65-55-60-11-3-24-46-26-71-61-15-87-5-10-63-37-74-18-44-83-1-35-81-70-78-76-75-25-68
Ta100x20,7,3,300,0.925,0.1,2,2230702219,17000,6591,6346,5991,4.17788259,v2_avx512bw_vec32_exact_perm,57-93-73-49-67-98-45-88-60-64-51-48-30-58-33-42-14-13-95-7-16-23-39-43-84-89-22-20-28-6-36-59-12-19-8-55-66-100-96-62-32-94-97-85-34-46-31-29-91-77-47-92-18-69-79-41-21-2-44-11-61-3-82-40-15-53-17-24-65-72-99-9-56-38-83-26-10-52-74-86-90-50-54-1-5-25-70-35-4-27-87-80-81-78-71-63-37-75-76-68
Ta100x20,7,3,300,0.925,0.1,3,2230703228,17000,6582,6346,5991,4.100688204,v2_avx512bw_vec32_exact_perm,57-49-93-85-80-22-39-30-41-94-67-88-51-62-60-95-28-58-7-89-97-14-43-19-82-98-73-48-99-16-34-23-42-27-91-84-6-29-2-20-13-3-33-72-38-47-90-45-21-31-77-79-66-17-96-53-64-69-59-65-32-92-35-12-46-55-87-54-61-8-100-50-44-36-71-4-11-24-40-5-74-52-63-56-81-70-83-86-18-37-9-75-26-68-1-15-10-78-25-76
Ta100x20,7,3,300,0.925,0.1,4,2230704237,17000,6521,6346,5991,4.178048584,v2_avx512bw_vec32_exact_perm,57-49-85-93-80-39-89-58-67-16-73-98-48-7-31-23-94-91-45-51-13-34-95-96-28-6-20-8-30-88-42-12-43-77-60-69-79-14-82-29-90-19-64-47-97-22-27-21-41-59-2-72-84-38-62-18-66-17-55-71-37-32-99-53-50-92-36-100-9-87-46-5-65-26-24-33-70-11-3-86-40-10-61-81-54-56-15-75-4-83-52-44-35-63-74-1-78-76-25-68
Ta100x20,7,3,300,0.925,0.1,5,2230705246,17000,6535,6346,5991,4.73215028,v2_avx512bw_vec32_exact_perm,57-49-85-93-80-67-7-58-45-95-19-97-89-21-98-39-48-43-12-41-94-51-6-73-88-96-92-14-77-62-27-91-59-31-26-84-32-36-34-22-72-8-23-55-33-11-28-38-100-47-20-53-69-3-18-79-30-82-74-46-50-60-90-99-52-65-29-17-13-40-61-56-44-16-54-81-66-42-2-5-24-64-71-9-86-1-4-15-35-87-83-10-63-37-70-25-75-78-68-76
Ta100x20,7,3,300,0.925,0.1,6,2230706255,17000,6595,6346,5991,3.893158059,v2_avx512bw_vec32_exact_perm,57-49-85-93-7-84-80-95-100-58-48-67-14-39-13-98-27-89-24-96-59-51-73-45-31-91-92-6-64-19-23-34-46-50-43-16-65-88-62-41-2-20-72-69-97-28-53-22-30-33-79-3-18-82-21-90-38-12-87-36-42-47-94-61-11-71-32-29-8-40-55-9-99-10-77-86-17-56-52-26-70-60-5-54-63-44-74-15-4-75-66-68-81-37-83-35-1-78-25-76
Ta100x20,7,3,300,0.925,0.1,7,2230707264,17000,6550,6346,5991,4.021919935,v2_avx512bw_vec32_exact_perm,57-49-85-93-80-91-94-67-45-48-58-96-60-51-30-31-100-64-84-73-27-16-39-43-88-98-69-62-8-82-61-34-14-19-21-97-12-53-38-72-79-3-95-6-66-89-13-20-41-29-28-17-77-1-54-92-33-22-99-7-2-5-59-32-15-4-23-37-74-42-36-44-71-55-90-50-26-18-47-65-46-40-52-24-11-9-56-86-10-63-87-81-35-83-78-75-25-68-70-76
Ta100x20,7,3,300,0.925,0.1,8,2230708273,17000,6534,6346,5991,4.049428803,v2_avx512bw_vec32_exact_perm,57-49-85-93-80-7-58-96-95-51-45-98-73-39-16-62-32-6-67-31-77-60-20-69-23-27-43-22-47-14-48-91-65-82-33-24-40-79-29-13-3-52-42-99-88-84-90-41-34-12-59-100-97-55-64-19-8-21-94-89-72-53-61-17-5-18-54-44-36-92-50-71-30-46-9-38-86-74-11-2-83-75-15-87-78-4-66-37-28-25-81-26-10-63-56-35-1-68-70-76
Ta100x20,7,3,300,0.925,0.1,9,2230709282,17000,6551,6346,5991,4.044401186,v2_avx512bw_vec32_exact_perm,57-49-83-67-73-93-85-16-51-88-31-64-48-45-23-20-95-58-80-19-89-7-94-97-72-62-84-14-43-33-13-91-24-34-38-12-39-59-6-30-96-36-27-21-74-82-22-100-99-87-15-28-66-29-53-79-3-98-32-46-71-69-90-8-65-18-42-92-41-55-86-47-26-50-9-60-81-1-40-54-5-4-17-2-35-11-52-61-56-44-63-77-37-10-70-75-78-76-25-68
Ta100x20,7,3,300,0.925,0.1,10,2230710291,17000,6613,6346,5991,4.620920679,v2_avx512bw_vec32_exact_perm,57-49-93-85-67-39-80-31-94-58-51-16-98-7-20-45-64-48-77-95-23-96-6-22-28-88-11-60-42-73-91-62-50-2-55-82-84-100-89-43-19-66-14-59-34-13-79-65-12-3-97-33-29-27-54-69-24-71-38-90-72-5-17-8-18-47-32-99-46-9-26-4-21-36-86-53-52-10-61-30-74-41-44-40-81-15-35-37-75-83-92-25-1-78-63-56-68-87-70-76
Ta100x20,7,3,300,0.925,0.125,1,2230701210,17000,6607,6346,5991,3.948603071,v2_avx512bw_vec32_exact_perm,57-49-85-93-80-7-98-48-67-95-73-39-45-88-32-60-43-58-94-97-20-96-51-99-64-100-34-91-53-31-14-79-89-23-27-21-28-13-42-2-16-84-59-19-11-33-29-22-62-18-77-50-6-47-72-55-8-41-26-92-12-66-17-82-3-69-30-78-1-38-24-61-71-68-44-15-90-46-5-4-54-86-63-10-65-9-35-81-56-25-52-76-40-74-37-36-75-83-87-70
Ta100x20,7,3,300,0.925,0.125,2,2230702219,17000,6529,6346,5991,3.853362496,v2_avx512bw_vec32_exact_perm,57-49-85-93-7-94-80-67-95-13-28-58-98-20-19-52-41-29-48-51-27-88-8-96-89-73-30-16-62-82-64-91-84-14-43-2-33-12-66-6-34-97-79-36-22-90-77-100-71-50-69-11-31-47-3-38-39-21-17-32-54-45-59-92-35-55-72-61-87-65-60-24-18-99-42-40-10-56-5-53-81-15-83-44-75-74-23-46-26-86-4-9-63-37-1-70-78-25-76-68
Ta100x20,7,3,300,0.925,0.125,3,2230703228,17000,6576,6346,5991,3.9212339,v2_avx512bw_vec32_exact_perm,57-49-85-93-95-80-39-67-20-58-60-45-13-88-51-32-6-98-73-97-91-64-59-16-7-94-48-89-53-62-19-22-27-43-72-42-41-8-23-55-36-54-29-96-84-66-31-47-61-5-2-99-30-14-100-17-92-38-21-34-82-65-24-50-79-9-18-4-77-15-11-12-3-87-40-69-83-52-44-46-71-33-10-56-90-81-35-86-28-75-63-26-1-37-78-25-74-68-70-76
Ta100x20,7,3,300,0.925,0.125,4,2230704237,17000,6603,6346,5991,4.121839781,v2_avx512bw_vec32_exact_perm,57-49-85-93-67-95-80-64-45-98-58-31-7-20-62-77-41-100-60-88-51-23-16-33-34-13-89-91-39-19-2-59-84-90-42-71-22-32-66-27-43-55-29-72-99-96-6-38-48-28-21-11-73-47-69-50-12-97-8-5-92-52-79-30-36-17-44-94-65-87-14-9-46-18-56-15-82-81-3-1-53-75-4-26-40-10-61-24-83-54-78-86-25-74-68-63-37-35-70-76
Ta100x20,7,3,300,0.925,0.125,5,2230705246,17000,6595,6346,5991,4.181381209,v2_avx512bw_vec32_exact_perm,57-49-85-93-80-95-7-100-20-67-13-50-64-84-23-88-30-60-58-94-51-89-91-39-45-42-98-96-43-55-48-69-73-59-16-31-2-32-79-14-62-22-29-33-34-19-36-12-21-92-44-66-77-97-6-38-41-27-24-82-53-72-99-3-4-8-37-47-5-40-28-18-17-54-61-71-11-65-86-26-35-90-9-74-52-87-15-10-56-81-63-75-46-1-25-83-78-68-70-76
Ta100x20,7,3,300,0.925,0.125,6,2230706255,17000,6604,6346,5991,3.847270131,v2_avx512bw_vec32_exact_perm,57-49-85-93-80-95-67-7-28-39-16-58-45-73-84-48-32-29-62-98-97-14-43-94-27-31-20-33-60-96-12-51-91-53-88-65-92-37-8-6-90-19-34-3-41-64-59-21-55-24-89-69-82-17-50-66-72-9-46-23-26-36-5-13-47-87-38-18-61-77-15-100-99-2-40-79-54-4-22-30-56-42-71-44-70-81-63-11-74-52-25-1-83-35-86-78-10-76-75-68
Ta100x20,7,3,300,0.925,0.125,7,2230707264,17000,6595,6346,5991,3.993299635,v2_avx512bw_vec32_exact_perm,57-49-85-93-80-17-64-67-94-96-32-41-14-88-73-48-69-27-98-51-60-89-77-31-16-45-12-23-39-59-91-62-58-2-29-33-3-20-84-19-66-72-13-24-34-7-97-43-42-22-79-36-99-90-50-30-6-95-55-71-100-28-53-47-92-21-38-81-5-82-9-18-87-70-46-65-11-8-56-61-15-40-83-54-74-26-44-4-52-86-35-75-63-37-10-1-78-25-76-68
Ta100x20,7,3,300,0.925,0.125,8,2230708273,17000,6541,6346,5991,3.878410991,v2_avx512bw_vec32_exact_perm,57-49-93-85-80-95-67-45-31-7-94-51-89-6-96-48-27-97-39-58-98-41-52-73-43-16-20-82-69-91-29-32-8-36-88-72-13-34-50-79-53-14-100-99-62-3-59-42-84-22-19-11-65-28-61-40-33-77-21-46-66-2-26-90-12-37-24-30-17-18-54-38-55-71-23-74-86-47-92-60-64-44-56-5-15-81-87-83-10-4-9-63-1-35-75-70-78-25-76-68
Ta100x20,7,3,300,0.925,0.125,9,2230709282,17000,6585,6346,5991,3.676282384,v2_avx512bw_vec32_exact_perm,49-85-93-80-95-94-67-45-88-97-14-58-98-39-60-43-100-89-19-7-82-51-48-61-62-20-27-16-96-34-22-72-64-55-84-33-91-13-2-32-77-23-73-8-36-31-92-12-53-29-6-79-66-37-21-40-50-42-54-69-18-38-47-41-78-65-28-74-26-59-44-70-3-99-30-17-24-90-83-87-71-5-4-52-76-9-86-1-56-35-46-11-81-15-10-25-63-75-68-57
Ta100x20,7,3,300,0.925,0.125,10,2230710291,17000,6619,6346,5991,3.911896043,v2_avx512bw_vec32_exact_perm,57-93-85-49-67-94-39-96-88-89-98-64-58-16-80-77-13-95-27-91-14-73-84-59-32-3-100-51-99-7-19-20-29-48-33-12-62-50-31-72-34-97-18-69-38-30-43-42-82-86-15-21-22-79-28-45-90-47-41-66-2-23-74-36-44-61-24-6-71-40-92-26-65-11-17-54-53-55-5-4-60-10-87-8-56-52-46-63-37-25-75-9-83-81-1-76-68-78-35-70
Ta100x20,7,3,300,0.9625,0.025,1,2230701210,17000,6578,6346,5991,3.926935305,v2_avx512bw_vec32_exact_perm,57-85-93-58-94-80-95-49-67-39-7-64-45-88-98-51-13-12-73-6-42-91-96-23-100-48-43-84-89-29-59-20-36-34-97-32-22-62-41-19-47-3-28-55-69-31-66-11-18-16-72-82-61-17-77-5-14-90-40-24-21-65-27-53-8-79-50-60-44-92-2-54-33-30-71-46-38-4-9-74-1-99-15-26-52-25-37-56-10-83-63-68-86-81-75-78-87-35-70-76
Ta100x20,7,3,300,0.9625,0.025,2,2230702219,17000,6522,6346,5991,4.019842007,v2_avx512bw_vec32_exact_perm,57-49-85-93-67-88-94-30-80-45-95-31-51-100-96-58-48-33-62-32-73-20-91-84-27-39-16-43-98-24-69-19-89-59-29-13-82-64-14-7-66-97-38-72-17-99-77-2-65-34-6-79-21-86-3-22-47-42-11-23-53-12-92-55-40-36-54-28-26-87-60-18-74-81-41-61-46-8-63-90-15-37-5-4-83-71-50-9-10-1-52-44-56-35-70-76-75-78-25-68
Ta100x20,7,3,300,0.9625,0.025,3,2230703228,17000,6570,6346,5991,3.897274951,v2_avx512bw_vec32_exact_perm,57-49-85-93-67-98-95-45-89-31-16-43-100-94-58-7-97-73-88-64-96-66-32-20-34-28-51-48-14-84-39-62-72-65-8-6-59-22-27-50-54-91-69-77-79-82-30-13-18-21-53-61-2-33-56-52-19-47-36-3-38-29-23-71-55-60-92-81-11-12-74-40-5-41-35-42-17-46-26-9-87-90-24-70-1-15-4-63-99-37-75-68-86-44-80-83-10-78-25-76
Ta100x20,7,3,300,0.9625,0.025,4,2230704237,17000,6548,6346,5991,3.772965461,v2_avx512bw_vec32_exact_perm,49-85-93-95-67-7-60-88-51-80-98-39-58-97-48-45-64-16-43-73-94-89-12-8-55-14-100-6-96-59-31-91-62-42-84-69-52-20-29-27-13-21-79-53-72-99-38-77-41-66-34-40-22-19-33-28-32-47-2-90-46-3-82-26-36-24-23-61-74-15-17-65-87-30-5-11-37-18-54-4-35-50-81-44-70-56-71-63-92-83-75-78-86-9-1-68-10-57-25-76
Ta100x20,7,3,300,0.9625,0.025,5,2230705246,17000,6519,6346,5991,4.027029062,v2_avx512bw_vec32_exact_perm,57-49-85-93-95-67-58-7-64-80-27-97-98-62-32-88-89-45-6-94-23-31-77-73-34-13-51-12-20-91-53-19-42-43-99-29-69-92-21-44-50-100-84-41-17-14-3-59-30-33-54-22-38-39-40-48-72-16-55-79-36-52-8-82-24-47-11-81-60-4-37-61-96-70-15-18-5-26-74-90-28-56-2-86-65-1-87-71-46-83-9-35-10-66-63-75-78-25-68-76
Ta100x20,7,3,300,0.9625,0.025,6,2230706255,17000,6536,6346,5991,4.142960058,v2_avx512bw_vec32_exact_perm,57-49-93-85-64-80-31-7-58-98-94-67-16-48-45-73-97-23-51-84-22-39-62-100-20-50-30-88-14-34-89-96-95-19-27-59-66-43-12-6-90-91-41-65-17-32-33-53-24-60-79-42-13-92-69-71-29-38-2-18-55-99-47-21-77-52-87-36-72-40-28-8-44-54-10-3-5-11-74-26-15-82-61-9-46-4-81-86-37-56-25-83-78-63-35-75-1-68-70-76
Ta100x20,7,3,300,0.9625,0.025,7,2230707264,17000,6508,6346,5991,4.21814255,v2_avx512bw_vec32_exact_perm,57-49-85-93-67-80-95-88-73-19-48-39-84-89-45-60-58-98-42-13-27-62-97-31-64-30-7-12-34-43-91-69-16-59-36-51-77-20-23-29-94-96-14-38-66-28-33-17-22-32-6-79-72-8-21-47-65-90-41-50-2-82-3-100-55-92-61-99-87-18-44-15-5-74-53-26-9-56-4-46-71-40-52-75-11-10-1-54-63-81-35-25-37-83-86-78-24-68-70-76
Ta100x20,7,3,300,0.9625,0.025,8,2230708273,17000,6481,6346,5991,4.303206402,v2_avx512bw_vec32_exact_perm,57-49-85-93-39-67-80-95-88-60-42-45-43-64-84-23-28-48-62-89-6-22-69-73-16-96-29-27-99-51-33-98-19-97-11-92-77-12-34-59-14-31-24-100-53-13-7-20-72-55-90-91-40-32-79-38-94-2-41-66-21-1-30-17-52-3-36-82-58-47-4-5-46-8-81-71-9-65-61-18-54-74-26-87-70-44-15-56-83-86-37-50-35-10-63-75-78-25-68-76
Ta100x20,7,3,300,0.9625,0.025,9,2230709282,17000,6541,6346,5991,4.12097346,v2_avx512bw_vec32_exact_perm,57-49-85-93-67-95-31-7-98-39-48-45-43-12-20-73-96-66-84-94-51-100-88-62-23-42-58-29-19-97-64-32-34-69-33-61-91-16-59-2-8-40-44-18-79-27-77-13-89-14-21-22-99-72-6-92-17-3-86-53-82-41-74-28-46-36-30-65-15-52-70-55-56-26-90-24-9-5-60-38-87-71-4-50-47-54-11-83-37-81-63-35-25-1-10-75-78-80-68-76
Ta100x20,7,3,300,0.9625,0.025,10,2230710291,17000,6566,6346,5991,4.266894622,v2_avx512bw_vec32_exact_perm,57-49-85-93-67-95-31-7-58-42-80-98-13-39-84-14-64-16-100-48-23-45-51-62-91-96-41-6-34-77-22-32-89-21-73-69-20-59-97-12-94-19-36-30-66-29-17-8-79-38-88-24-28-52-43-5-90-2-27-3-53-61-92-33-40-4-72-82-46-18-47-65-71-56-55-87-26-86-99-9-15-60-1-10-11-50-75-44-83-54-81-76-37-68-74-25-63-78-35-70
Ta100x20,7,3,300,0.9625,0.05,1,2230701210,17000,6507,6346,5991,4.32390127,v2_avx512bw_vec32_exact_perm,57-49-85-93-58-95-80-39-45-48-97-31-67-23-12-43-94-14-16-73-7-20-30-96-19-51-91-27-59-21-77-13-62-88-32-89-33-64-72-84-2-29-6-99-22-60-69-90-79-18-55-36-92-3-47-42-98-86-50-61-74-54-8-87-34-71-100-53-40-41-17-28-82-66-15-65-46-5-24-4-9-44-70-11-38-52-26-10-81-56-63-83-37-35-1-75-76-78-25-68
Ta100x20,7,3,300,0.9625,0.05,2,2230702219,17000,6507,6346,5991,4.154601343,v2_avx512bw_vec32_exact_perm,57-49-85-93-67-98-95-45-48-84-39-80-94-83-20-97-27-88-58-73-16-51-62-6-64-34-96-91-19-47-43-59-42-12-89-7-22-79-72-14-21-13-77-33-11-32-60-99-31-69-3-24-92-8-38-61-52-29-23-40-18-54-55-65-41-71-74-17-100-30-36-2-44-15-90-53-5-50-87-66-26-81-56-4-28-9-86-46-35-75-82-37-78-25-10-63-1-68-70-76
Ta100x20,7,3,300,0.9625,0.05,3,2230703228,17000,6572,6346,5991,4.38490646,v2_avx512bw_vec32_exact_perm,57-49-85-93-58-80-94-98-7-42-64-48-95-45-67-91-27-43-82-16-59-51-89-39-73-12-34-84-96-33-97-72-41-23-60-21-6-19-18-55-52-88-29-20-3-32-62-14-69-13-38-77-79-2-36-31-100-74-30-40-61-17-22-54-26-53-92-1-66-46-50-65-44-47-90-35-5-28-99-24-11-71-8-56-10-9-15-86-83-87-25-81-4-63-37-70-75-78-76-68
Ta100x20,7,3,300,0.9625,0.05,4,2230704237,17000,6543,6346,5991,4.487558459,v2_avx512bw_vec32_exact_perm,57-49-85-93-80-7-95-98-67-60-20-58-39-96-94-62-14-48-73-28-84-89-29-13-31-27-53-34-19-21-86-45-12-43-88-42-69-16-41-51-59-36-91-23-22-100-64-44-47-40-99-50-30-3-17-92-32-6-72-97-56-82-55-77-33-54-4-61-18-90-2-79-46-66-8-24-9-5-71-11-15-74-38-65-26-87-70-52-25-10-63-37-83-78-35-81-75-1-76-68
Ta100x20,7,3,300,0.9625,0.05,5,2230705246,17000,6487,6346,5991,4.292059978,v2_avx512bw_vec32_exact_perm,57-49-85-93-67-95-45-31-7-62-58-100-32-43-94-73-84-20-41-16-64-33-91-6-51-48-29-11-52-88-89-97-42-34-98-22-53-39-50-13-27-96-66-19-17-12-72-59-8-38-69-61-77-54-23-21-24-90-36-30-14-46-65-92-40-55-28-47-18-3-99-71-5-74-60-79-2-4-26-86-87-82-44-15-83-37-56-63-9-70-80-10-35-75-78-25-81-1-76-68
Ta100x20,7,3,300,0.9625,0.05,6,2230706255,17000,6554,6346,5991,4.28898211,v2_avx512bw_vec32_exact_perm,57-49-85-93-80-95-67-45-58-7-43-64-88-98-51-60-94-62-55-73-97-32-48-20-31-33-27-41-89-34-53-42-39-22-69-23-19-16-6-99-59-8-29-12-96-84-90-91-47-13-65-50-40-72-79-28-14-82-18-92-44-3-30-36-38-17-100-77-21-2-46-87-61-26-81-54-24-71-11-15-5-74-4-70-9-66-83-52-37-63-56-10-35-1-86-25-78-76-75-68
Ta100x20,7,3,300,0.9625,0.05,7,2230707264,17000,6571,6346,5991,4.300906104,v2_avx512bw_vec32_exact_perm,57-49-85-93-95-80-45-67-88-39-64-58-98-48-60-20-27-7-32-34-51-73-14-96-16-62-84-59-36-22-6-19-91-99-94-43-97-82-72-31-89-55-79-42-100-23-44-38-33-53-13-4-21-29-52-54-37-69-18-46-30-28-12-11-2-77-5-3-92-24-8-41-47-50-90-26-40-65-17-61-83-68-74-9-66-71-10-87-15-25-75-1-81-56-86-63-78-35-70-76
Ta100x20,7,3,300,0.9625,0.05,8,2230708273,17000,6562,6346,5991,4.810600504,v2_avx512bw_vec32_exact_perm,57-49-85-93-7-51-98-39-13-89-64-45-43-88-58-94-73-31-16-6-19-95-27-41-14-84-48-62-34-97-91-11-60-67-96-12-79-8-77-59-32-66-22-20-29-21-36-42-90-30-100-33-3-65-24-87-71-72-69-40-38-17-46-28-82-5-92-50-23-2-61-55-18-15-47-54-74-4-53-99-9-86-44-26-63-56-70-35-83-80-37-10-75-52-25-78-1-81-76-68
Ta100x20,7,3,300,0.9625,0.05,9,2230709282,17000,6597,6346,5991,4.611343722,v2_avx512bw_vec32_exact_perm,57-85-93-67-9-80-96-95-98-58-73-7-45-39-91-49-28-13-51-32-88-62-64-59-55-94-89-97-31-27-23-20-29-43-12-84-42-82-100-22-33-30-21-34-16-72-14-48-38-79-77-41-6-37-66-40-5-17-2-92-69-26-65-53-11-24-3-99-90-36-18-19-46-47-50-54-8-71-63-70-61-86-52-15-56-10-87-60-74-83-81-4-75-35-44-1-78-76-25-68
Ta100x20,7,3,300,0.9625,0.05,10,2230710291,17000,6522,6346,5991,4.665577882,v2_avx512bw_vec32_exact_perm,93-85-80-49-95-45-51-98-39-67-48-7-64-13-94-58-88-73-23-96-42-6-14-31-32-97-43-34-60-27-91-77-20-82-84-59-89-16-19-55-22-36-33-11-65-79-12-72-66-29-100-8-28-38-47-21-53-44-99-50-54-41-3-62-52-5-4-69-46-71-40-61-26-74-87-2-17-90-9-83-86-18-30-56-92-10-35-24-63-1-15-37-70-78-81-76-75-25-68-57
Ta100x20,7,3,300,0.9625,0.075,1,2230701210,17000,6608,6346,5991,4.819392377,v2_avx512bw_vec32_exact_perm,57-49-85-93-97-95-62-73-19-94-50-80-67-31-7-33-45-48-32-88-39-51-64-77-28-14-98-96-89-27-91-8-30-12-59-10-13-43-36-65-6-66-2-21-5-47-22-16-87-53-20-42-69-18-72-84-41-34-29-3-90-100-79-15-71-99-86-44-83-46-9-54-82-4-23-24-60-58-55-61-11-92-40-68-74-38-26-75-17-52-81-56-25-37-35-1-76-63-78-70
Ta100x20,7,3,300,0.9625,0.075,2,2230702219,17000,6591,6346,5991,4.673896287,v2_avx512bw_vec32_exact_perm,57-49-85-93-80-95-45-39-67-88-94-100-48-89-19-64-58-7-62-28-30-50-84-14-98-20-96-13-34-91-43-29-21-73-69-27-16-51-33-79-52-6-54-2-66-36-11-55-22-42-53-97-8-90-31-41-74-92-47-61-72-59-40-65-18-17-5-12-77-82-46-32-3-60-44-81-26-87-24-56-15-70-37-9-23-10-75-83-1-4-86-99-38-71-63-35-78-25-76-68
Ta100x20,7,3,300,0.9625,0.075,3,2230703228,17000,6555,6346,5991,4.610732849,v2_avx512bw_vec32_exact_perm,57-49-85-93-67-95-80-58-91-98-62-7-20-6-39-45-21-94-97-73-43-14-84-64-48-51-89-16-88-42-27-96-31-33-13-29-34-22-59-19-92-69-5-28-72-41-53-82-79-23-55-32-71-38-36-60-4-77-66-11-12-61-24-3-100-40-47-17-2-65-54-30-44-18-87-56-8-52-15-50-81-9-1-99-35-46-90-74-83-86-37-26-10-63-70-75-78-25-76-68
Ta100x20,7,3,300,0.9625,0.075,4,2230704237,17000,6575,6346,5991,4.234724751,v2_avx512bw_vec32_exact_perm,57-49-85-93-80-95-67-7-32-73-62-45-88-19-41-39-84-51-98-64-14-20-22-96-58-3-72-48-97-89-100-79-66-27-33-34-31-16-29-36-43-82-21-99-55-8-69-6-12-23-2-53-60-94-13-37-91-17-77-28-38-42-30-15-65-59-47-87-18-92-50-5-52-24-1-11-83-46-61-71-90-54-44-81-40-4-56-75-63-26-10-35-74-86-9-70-78-25-76-68
Ta100x20,7,3,300,0.9625,0.075,5,2230705246,17000,6587,6346,5991,4.489671186,v2_avx512bw_vec32_exact_perm,57-49-85-93-95-80-31-7-58-94-67-62-39-14-84-48-42-97-45-64-73-22-79-16-34-6-96-98-100-51-20-41-77-12-54-89-69-30-88-27-19-13-23-66-55-21-2-91-36-38-47-28-50-90-3-17-92-61-53-29-11-82-33-9-24-5-40-60-99-8-18-72-56-32-81-37-26-74-63-70-65-52-44-43-71-4-87-35-59-15-1-10-46-86-75-83-78-25-76-68
Ta100x20,7,3,300,0.9625,0.075,6,2230706255,17000,6561,6346,5991,4.58328576,v2_avx512bw_vec32_exact_perm,57-49-85-93-39-94-80-58-45-60-51-62-31-64-97-6-96-27-98-89-7-48-88-73-59-12-79-16-13-95-67-42-28-14-43-29-46-92-20-69-22-34-19-8-44-33-50-77-3-15-32-47-36-53-91-71-21-41-17-66-55-90-56-30-84-23-18-2-65-99-72-61-24-100-40-82-38-37-86-52-74-26-9-11-63-54-70-4-81-5-83-87-35-10-75-1-25-78-76-68
Ta100x20,7,3,300,0.9625,0.075,7,2230707264,17000,6561,6346,5991,5.200702576,v2_avx512bw_vec32_exact_perm,57-49-93-85-95-67-91-31-94-7-98-16-58-80-13-39-33-97-32-51-45-89-41-96-82-20-72-6-59-100-42-77-84-62-88-12-53-22-34-66-27-43-73-29-64-19-48-55-3-8-17-54-79-36-14-65-23-69-92-61-50-30-28-21-47-46-18-74-99-86-2-9-90-26-5-71-1-60-4-87-24-40-56-70-38-44-35-75-15-11-52-63-10-83-81-25-37-78-76-68
Ta100x20,7,3,300,0.9625,0.075,8,2230708273,17000,6550,6346,5991,4.558723299,v2_avx512bw_vec32_exact_perm,57-49-85-93-80-95-45-98-67-39-31-7-48-96-64-91-6-94-13-51-27-62-89-88-72-58-23-17-16-41-42-34-84-28-66-18-73-43-8-22-69-38-19-77-33-36-5-53-30-21-12-29-90-61-92-47-32-79-2-100-20-63-3-97-26-40-1-55-82-44-74-50-99-52-60-86-37-70-14-71-59-4-54-56-24-11-65-15-9-10-83-87-35-81-46-78-76-75-25-68
Ta100x20,7,3,300,0.9625,0.075,9,2230709282,17000,6557,6346,5991,4.602803105,v2_avx512bw_vec32_exact_perm,57-49-85-93-67-39-80-58-95-59-45-88-19-97-64-51-16-94-43-6-73-32-42-96-14-33-62-84-28-29-44-20-69-48-7-66-12-53-13-100-31-89-27-82-3-8-77-34-22-40-98-99-21-23-79-91-72-55-4-15-5-18-74-41-30-90-92-2-47-61-17-46-9-65-36-50-71-86-35-52-11-83-81-24-78-60-75-87-54-38-10-63-1-26-37-56-25-68-70-76
Ta100x20,7,3,300,0.9625,0.075,10,2230710291,17000,6580,6346,5991,4.613460214,v2_avx512bw_vec32_exact_perm,57-49-85-93-39-80-19-58-62-94-95-32-33-7-64-97-31-98-67-45-77-20-53-48-89-6-96-88-52-51-73-21-72-27-41-59-14-16-91-23-42-29-84-100-79-15-90-34-13-43-3-71-82-55-66-12-65-46-9-4-44-87-36-17-28-40-92-8-47-86-37-18-30-99-56-22-26-2-69-5-74-50-70-61-54-1-35-60-81-24-38-10-63-75-83-78-11-25-68-76
Ta100x20,7,3,300,0.9625,0.1,1,2230701210,17000,6626,6346,5991,4.483182994,v2_avx512bw_vec32_exact_perm,57-83-95-85-93-67-31-80-43-64-7-41-88-58-94-62-59-42-91-51-84-48-79-28-98-45-39-27-55-90-17-6-89-96-13-29-72-34-20-16-3-97-33-14-53-21-32-69-22-15-49-23-77-87-100-73-66-2-82-46-40-65-11-71-60-44-50-19-47-92-56-12-30-8-18-99-74-9-36-61-10-35-26-81-70-54-24-86-38-5-4-1-25-52-63-78-37-76-75-68
Ta100x20,7,3,300,0.9625,0.1,2,2230702219,17000,6567,6346,5991,4.264843583,v2_avx512bw_vec32_exact_perm,57-49-85-93-67-94-98-7-22-80-39-91-43-64-51-27-95-45-13-48-88-62-84-58-73-19-59-6-60-33-12-16-23-42-96-99-14-89-97-92-55-41-79-2-3-29-77-31-20-21-28-34-53-52-8-69-26-37-50-32-38-72-82-47-17-5-87-100-90-66-30-24-36-4-56-71-46-9-18-81-40-11-74-44-83-15-61-54-86-65-1-68-10-35-75-25-63-78-70-76
Ta100x20,7,3,300,0.9625,0.1,3,2230703228,17000,6610,6346,5991,4.186507175,v2_avx512bw_vec32_exact_perm,57-49-85-93-58-80-39-95-45-94-98-48-41-67-6-51-97-59-7-34-13-31-89-54-22-29-79-64-42-36-28-43-16-82-69-96-62-19-27-14-73-44-20-66-21-12-55-53-100-84-15-91-81-71-90-88-32-3-17-38-9-60-33-11-47-8-72-61-30-18-92-2-77-23-5-50-99-52-74-87-83-46-56-86-26-40-35-65-37-70-4-1-10-24-63-75-78-76-25-68
Ta100x20,7,3,300,0.9625,0.1,4,2230704237,17000,6559,6346,5991,4.172960921,v2_avx512bw_vec32_exact_perm,57-49-85-93-64-80-58-100-96-39-67-73-51-31-94-48-27-16-19-74-77-66-89-34-12-20-45-98-97-6-62-91-59-22-43-84-82-18-69-95-13-7-29-36-99-14-21-28-55-42-79-8-23-3-50-92-61-46-71-41-30-47-10-88-70-33-32-1-40-83-90-54-26-5-17-44-38-4-53-2-87-65-72-15-56-81-52-63-11-60-37-86-24-75-9-35-76-78-25-68
Ta100x20,7,3,300,0.9625,0.1,5,2230705246,17000,6560,6346,5991,4.587564265,v2_avx512bw_vec32_exact_perm,57-49-85-93-80-95-20-67-94-58-45-91-62-48-88-23-51-39-7-89-6-16-73-97-69-19-59-13-50-42-98-31-43-29-32-53-12-64-90-99-100-96-14-77-2-27-84-9-47-66-3-28-61-33-86-71-18-72-79-41-21-22-40-55-34-52-8-1-26-44-17-60-24-38-54-36-65-92-30-5-56-11-10-74-15-35-81-83-25-37-87-82-4-63-46-78-75-68-70-76
Ta100x20,7,3,300,0.9625,0.1,6,2230706255,17000,6595,6346,5991,4.235285386,v2_avx512bw_vec32_exact_perm,57-49-93-30-80-97-45-67-95-58-94-43-51-88-73-16-64-41-89-28-6-98-91-84-62-23-31-20-77-27-48-14-22-21-7-13-42-44-34-66-85-59-53-19-92-54-60-29-63-69-90-52-79-12-50-39-72-38-17-47-18-55-36-9-96-100-5-8-82-74-99-61-46-33-4-32-65-40-87-2-15-11-3-26-56-24-71-86-1-81-75-35-68-10-83-37-25-78-70-76
Ta100x20,7,3,300,0.9625,0.1,7,2230707264,17000,6603,6346,5991,4.213434904,v2_avx512bw_vec32_exact_perm,93-85-80-49-60-31-64-67-16-58-7-98-48-97-32-41-88-95-45-39-96-29-99-89-73-91-84-27-34-43-22-82-33-28-51-12-90-20-14-62-30-53-94-13-50-19-100-47-69-72-23-21-6-66-54-42-38-11-3-59-46-77-71-86-87-55-36-18-26-5-79-92-2-74-17-8-4-15-61-1-40-24-52-56-65-9-70-81-35-75-78-25-10-37-63-83-44-68-57-76
Ta100x20,7,3,300,0.9625,0.1,8,2230708273,17000,6560,6346,5991,4.435516292,v2_avx512bw_vec32_exact_perm,57-49-85-93-58-94-80-39-48-84-100-97-67-73-16-7-6-62-64-96-45-51-31-8-89-43-22-34-41-95-24-19-29-99-12-33-59-23-2-36-32-91-27-30-13-20-3-88-14-47-42-60-38-21-79-98-72-83-53-90-50-66-69-18-77-55-92-17-9-65-40-26-74-61-44-46-15-87-54-82-86-28-52-71-5-4-25-81-11-37-56-10-63-75-68-78-1-35-70-76
Ta100x20,7,3,300,0.9625,0.1,9,2230709282,17000,6576,6346,5991,4.144678693,v2_avx512bw_vec32_exact_perm,57-49-85-93-94-67-58-95-80-41-60-39-45-98-31-51-59-32-6-73-19-84-21-97-17-89-42-27-55-88-33-13-91-23-34-43-48-28-96-82-8-16-77-72-14-11-20-53-52-29-65-79-36-100-62-50-38-74-3-30-22-69-12-40-99-7-26-46-90-44-64-47-2-61-63-56-54-86-71-37-92-4-24-18-87-15-1-83-9-81-35-70-5-66-75-10-25-78-76-68
Ta100x20,7,3,300,0.9625,0.1,10,2230710291,17000,6562,6346,5991,4.564999676,v2_avx512bw_vec32_exact_perm,57-49-85-93-94-67-7-39-80-51-58-13-31-6-96-73-16-97-98-77-27-95-42-62-20-32-48-33-72-29-45-41-89-36-88-43-2-22-59-91-34-55-79-60-3-82-66-64-69-19-17-8-92-28-44-50-24-52-74-53-99-18-12-90-84-86-23-14-21-9-65-54-46-100-61-30-11-10-15-38-1-26-47-5-4-40-63-37-56-71-87-81-83-75-35-70-78-25-76-68
Ta100x20,7,3,300,0.9625,0.125,1,2230701210,17000,6564,6346,5991,4.109136945,v2_avx512bw_vec32_exact_perm,57-49-85-93-95-39-45-98-7-64-80-67-6-62-88-51-58-13-73-89-94-100-42-34-14-19-31-96-17-48-91-97-43-55-69-15-61-21-41-92-72-79-28-82-8-99-3-60-16-23-29-84-27-53-59-52-46-22-20-4-90-32-12-35-36-86-44-77-65-18-40-2-33-71-47-11-5-54-50-56-83-10-38-74-1-26-30-66-9-24-87-70-63-37-78-25-81-76-75-68
Ta100x20,7,3,300,0.9625,0.125,2,2230702219,17000,6611,6346,5991,4.118072111,v2_avx512bw_vec32_exact_perm,49-85-93-95-80-67-60-45-43-73-48-58-91-64-31-51-39-88-89-94-23-28-96-22-14-21-27-79-6-41-82-7-86-97-62-16-98-72-20-34-84-42-13-12-2-29-99-100-66-53-19-11-3-33-47-90-36-18-32-50-71-55-59-77-30-46-52-17-8-69-61-92-65-54-5-87-76-70-38-9-24-35-4-40-44-15-26-10-81-56-25-37-75-63-83-78-74-1-68-57
Ta100x20,7,3,300,0.9625,0.125,3,2230703228,17000,6635,6346,5991,4.064162843,v2_avx512bw_vec32_exact_perm,85-93-60-95-49-39-97-94-96-58-67-45-14-64-88-51-91-16-98-27-80-20-32-43-7-42-48-41-72-36-84-59-33-89-6-74-77-13-19-12-17-3-66-82-73-31-29-22-34-99-53-21-28-62-100-26-52-44-2-38-8-55-50-79-23-71-69-61-70-15-92-65-30-46-86-5-9-4-83-56-87-54-11-63-81-90-47-35-18-40-37-76-10-24-1-75-78-25-68-57
Ta100x20,7,3,300,0.9625,0.125,4,2230704237,17000,6618,6346,5991,4.124104274,v2_avx512bw_vec32_exact_perm,57-49-85-93-43-95-73-31-58-7-41-66-6-67-42-16-64-82-23-88-51-48-39-34-91-84-27-54-96-32-89-20-45-97-29-21-99-3-79-94-19-12-62-55-72-13-59-69-36-90-61-2-22-80-98-26-65-74-17-46-37-11-47-8-4-30-50-40-28-24-100-53-44-92-81-71-70-15-18-77-9-63-14-5-87-60-38-83-56-35-52-86-33-75-25-68-10-78-1-76
Ta100x20,7,3,300,0.9625,0.125,5,2230705246,17000,6611,6346,5991,4.757758852,v2_avx512bw_vec32_exact_perm,57-49-85-67-93-95-88-51-45-80-42-98-19-64-97-94-43-14-99-62-48-89-58-29-96-73-6-66-16-55-77-31-20-34-32-65-7-69-59-90-39-12-18-79-38-13-3-33-50-72-82-17-91-53-41-26-84-61-28-27-21-92-46-24-100-8-40-47-2-87-22-9-23-56-35-30-36-44-70-60-81-75-71-74-54-15-11-83-86-4-10-63-37-1-52-5-78-76-25-68
Ta100x20,7,3,300,0.9625,0.125,6,2230706255,17000,6536,6346,5991,3.874758702,v2_avx512bw_vec32_exact_perm,57-49-85-80-93-95-45-94-31-62-67-58-100-96-51-48-7-33-42-22-23-97-19-32-13-88-20-16-41-44-34-64-29-99-14-55-21-43-27-91-84-3-82-92-89-72-98-6-8-39-36-73-12-17-53-79-50-18-24-54-69-90-5-38-30-70-59-86-26-66-77-2-28-47-71-61-40-74-46-83-9-65-81-15-11-87-60-1-4-52-56-37-63-35-10-75-76-78-25-68
Ta100x20,7,3,300,0.9625,0.125,7,2230707264,17000,6561,6346,5991,4.14529945,v2_avx512bw_vec32_exact_perm,57-49-85-93-80-39-7-67-51-12-98-100-89-48-6-14-88-97-73-32-42-95-20-82-91-45-33-59-13-34-16-29-84-99-96-27-24-4-37-41-58-69-17-53-21-38-77-19-62-61-22-23-36-55-92-90-94-43-60-71-47-31-3-72-79-8-86-64-75-40-28-18-2-30-5-1-66-46-54-50-81-11-52-56-15-74-26-87-65-83-70-44-63-9-35-10-76-78-25-68
Ta100x20,7,3,300,0.9625,0.125,8,2230708273,17000,6623,6346,5991,4.094914335,v2_avx512bw_vec32_exact_perm,57-49-85-93-80-64-95-45-51-39-67-91-48-73-88-19-89-17-94-98-31-96-58-2-18-30-59-43-84-69-27-8-12-14-90-20-34-26-60-53-13-6-42-77-44-16-29-97-62-82-36-79-50-41-52-55-72-86-21-99-32-22-100-66-54-47-46-87-28-7-61-3-92-4-23-65-11-10-5-40-9-56-74-15-24-71-38-1-37-63-35-81-75-25-78-83-33-68-70-76
Ta100x20,7,3,300,0.9625,0.125,9,2230709282,17000,6643,6346,5991,4.016526903,v2_avx512bw_vec32_exact_perm,57-49-93-85-94-67-98-80-73-51-13-22-64-88-58-96-39-30-45-95-27-60-31-34-43-97-48-21-59-42-7-100-89-37-84-16-2-69-20-77-36-14-12-17-91-99-26-38-29-54-5-62-90-6-8-50-23-3-65-33-53-19-72-52-41-79-82-24-28-87-47-92-61-18-11-66-32-10-4-86-55-40-46-71-74-83-9-76-81-56-25-44-35-63-1-15-75-78-68-70
Ta100x20,7,3,300,0.9625,0.125,10,2230710291,17000,6605,6346,5991,4.029552305,v2_avx512bw_vec32_exact_perm,57-49-85-93-80-67-95-7-60-58-51-88-99-19-64-39-13-98-18-27-34-59-48-100-20-62-32-97-66-29-89-16-43-45-84-73-96-12-23-91-11-31-72-50-42-8-38-47-61-33-69-21-14-65-28-53-77-44-3-54-41-90-46-30-71-4-36-55-2-22-87-56-5-26-17-82-79-15-74-52-92-6-94-9-81-40-83-86-35-37-10-24-78-63-1-75-68-25-70-76
Ta100x20,7,3,300,1,0.025,1,2230701210,17000,6535,6346,5991,4.158010567,v2_avx512bw_vec32_exact_perm,57-49-85-93-95-67-30-80-88-14-39-58-20-94-62-16-45-64-43-89-98-12-51-73-31-91-100-48-59-96-42-84-21-6-97-23-33-29-22-7-79-2-13-50-53-36-72-99-8-19-34-82-66-69-27-3-17-90-41-5-47-77-18-55-38-61-56-92-81-52-26-15-28-4-1-46-32-24-9-70-65-44-11-40-71-35-87-60-54-74-86-83-37-10-63-78-25-75-68-76
Ta100x20,7,3,300,1,0.025,2,2230702219,17000,6520,6346,5991,4.231800912,v2_avx512bw_vec32_exact_perm,57-49-85-93-95-67-45-80-98-39-48-84-41-89-91-58-73-94-43-32-97-31-60-7-27-62-23-51-88-64-33-19-34-53-22-6-65-16-61-8-47-66-96-29-20-13-72-54-82-14-59-28-36-12-21-30-79-3-17-86-26-77-42-46-18-44-69-90-50-100-71-38-55-99-92-1-5-2-75-9-11-74-25-15-87-52-4-10-81-40-37-83-63-56-68-24-78-35-70-76
Ta100x20,7,3,300,1,0.025,3,2230703228,17000,6529,6346,5991,4.118683402,v2_avx512bw_vec32_exact_perm,57-49-85-93-80-95-45-67-98-48-27-96-64-58-77-89-41-31-17-91-60-6-51-16-73-43-23-94-97-62-84-3-88-39-20-14-32-79-69-12-59-50-13-66-34-42-72-53-19-22-82-55-100-30-33-29-36-21-7-2-90-8-28-99-71-40-38-74-52-5-24-18-87-47-15-65-92-61-56-11-83-46-9-44-70-86-26-54-4-81-37-25-35-10-63-75-78-1-76-68
Ta100x20,7,3,300,1,0.025,4,2230704237,17000,6540,6346,5991,3.959044597,v2_avx512bw_vec32_exact_perm,57-49-85-93-95-67-80-31-7-58-73-19-51-48-45-88-39-94-59-98-32-16-89-96-43-66-14-27-12-36-20-91-6-8-62-29-21-61-44-64-40-77-47-22-34-23-3-97-2-65-84-69-33-28-18-53-71-30-13-90-41-5-79-42-60-24-92-55-38-15-72-4-11-9-99-82-100-37-50-87-54-52-17-46-1-10-78-26-83-25-86-56-81-75-68-63-74-35-70-76
Ta100x20,7,3,300,1,0.025,5,2230705246,17000,6523,6346,5991,3.922571102,v2_avx512bw_vec32_exact_perm,57-49-85-93-80-95-45-98-39-51-94-48-67-73-43-27-16-97-13-20-88-32-41-89-6-7-84-58-62-21-53-91-42-19-14-34-11-12-96-66-72-64-29-22-69-77-36-82-44-3-79-100-18-55-99-33-8-2-59-30-92-50-87-52-5-17-40-61-71-90-23-31-24-47-65-60-81-15-28-54-1-46-38-56-26-74-4-35-86-83-9-10-63-37-70-75-78-76-25-68
Ta100x20,7,3,300,1,0.025,6,2230706255,17000,6542,6346,5991,3.969819964,v2_avx512bw_vec32_exact_perm,57-49-85-80-93-95-45-48-39-96-67-94-58-82-88-98-42-97-27-89-7-92-64-6-43-73-77-91-62-34-16-20-100-51-29-38-65-84-22-54-69-14-33-55-74-3-12-59-21-23-24-31-99-41-53-19-79-32-17-28-60-66-90-40-18-2-61-13-5-47-15-8-72-50-56-52-30-1-87-36-71-46-44-26-4-9-81-11-10-35-70-63-83-37-86-78-25-75-68-76
Ta100x20,7,3,300,1,0.025,7,2230707264,17000,6601,6346,5991,4.200955532,v2_avx512bw_vec32_exact_perm,93-49-85-80-60-84-95-39-45-62-58-94-31-48-67-13-42-88-51-23-89-7-20-6-14-97-82-28-43-91-73-2-96-34-19-64-69-22-33-53-77-27-21-16-30-79-17-36-12-72-15-61-38-24-98-3-66-54-47-100-40-11-8-55-90-65-41-59-29-74-18-5-32-46-92-4-87-99-71-56-9-10-63-1-52-70-86-50-26-37-25-81-83-78-57-35-44-76-75-68
Ta100x20,7,3,300,1,0.025,8,2230708273,17000,6572,6346,5991,4.038529378,v2_avx512bw_vec32_exact_perm,57-49-85-93-7-64-58-98-80-39-96-67-94-48-45-88-73-51-41-34-43-95-31-29-62-19-32-59-17-14-20-6-91-8-18-97-16-82-84-50-69-24-79-89-33-60-72-61-47-13-66-23-28-3-42-55-12-21-38-53-92-36-27-40-99-30-100-2-22-37-71-70-87-5-56-83-77-90-4-9-35-26-46-52-74-86-54-11-65-15-1-81-63-10-25-75-44-78-76-68
Ta100x20,7,3,300,1,0.025,9,2230709282,17000,6607,6346,5991,3.989611201,v2_avx512bw_vec32_exact_perm,57-49-85-93-67-80-7-96-14-39-58-13-94-88-51-98-45-27-95-42-43-64-62-12-73-48-31-30-84-16-97-89-6-20-60-79-59-91-24-41-69-2-22-47-29-33-19-50-72-82-17-92-5-87-36-3-90-21-28-32-54-61-53-44-100-52-74-38-99-55-8-71-18-34-9-77-4-81-23-1-15-65-56-70-63-37-46-35-10-26-86-11-75-40-83-78-25-68-66-76
Ta100x20,7,3,300,1,0.025,10,2230710291,17000,6570,6346,5991,4.211388134,v2_avx512bw_vec32_exact_perm,57-49-85-93-67-96-73-31-95-58-88-7-80-64-60-32-45-39-19-77-42-84-94-59-51-48-62-27-41-89-55-12-6-99-91-21-22-17-33-14-92-16-43-13-29-34-97-15-28-26-53-37-52-40-30-74-65-69-46-50-100-90-38-72-24-98-8-20-47-82-3-87-36-81-86-5-23-18-79-61-66-2-44-83-54-56-11-71-4-75-9-70-35-63-10-1-78-25-76-68
Ta100x20,7,3,300,1,0.05,1,2230701210,17000,6564,6346,5991,4.224837203,v2_avx512bw_vec32_exact_perm,57-49-85-93-67-95-45-80-42-7-94-31-64-34-98-48-91-14-20-58-96-84-100-32-43-51-88-79-73-55-16-41-28-89-53-39-12-82-29-92-72-90-27-13-22-97-33-2-47-30-19-69-59-24-66-62-6-36-54-38-17-3-65-11-61-21-60-77-99-52-9-18-74-40-46-26-87-44-71-23-81-8-15-4-63-37-5-83-10-86-56-50-1-25-75-68-78-35-70-76
Ta100x20,7,3,300,1,0.05,2,2230702219,17000,6551,6346,5991,4.164679752,v2_avx512bw_vec32_exact_perm,57-49-85-93-80-95-91-45-62-39-67-7-94-31-48-89-58-14-97-98-12-51-20-13-77-73-6-8-72-88-99-60-34-16-64-96-69-79-52-22-50-61-19-100-59-33-47-43-29-53-84-66-21-92-2-41-32-27-38-17-28-11-42-36-55-5-3-40-74-46-30-56-15-26-82-18-44-23-65-86-4-71-24-9-70-81-87-54-35-90-37-83-63-75-1-25-10-78-76-68
Ta100x20,7,3,300,1,0.05,3,2230703228,17000,6574,6346,5991,4.308067385,v2_avx512bw_vec32_exact_perm,57-49-85-93-80-95-58-39-81-96-67-7-73-91-94-20-16-43-64-88-98-84-69-97-6-33-51-45-24-59-19-32-23-42-99-60-8-55-48-100-22-62-13-89-61-21-77-72-31-34-3-29-14-79-53-50-15-40-90-82-27-41-47-2-66-12-18-44-36-30-56-92-5-17-28-38-74-63-9-65-71-54-70-37-52-4-87-46-26-11-35-83-10-75-1-25-86-78-76-68
Ta100x20,7,3,300,1,0.05,4,2230704237,17000,6569,6346,5991,4.243628736,v2_avx512bw_vec32_exact_perm,57-49-85-93-7-80-60-19-64-88-67-62-98-39-51-96-47-31-95-33-89-58-94-59-91-27-43-16-6-12-22-48-97-42-84-13-45-8-2-14-73-72-79-82-20-24-17-41-23-92-30-61-100-3-32-40-34-11-71-65-66-77-21-53-36-90-44-18-69-29-54-50-26-55-74-56-38-99-35-4-9-15-87-46-5-28-70-52-1-10-63-37-81-83-86-78-76-25-75-68
Ta100x20,7,3,300,1,0.05,5,2230705246,17000,6565,6346,5991,4.176511736,v2_avx512bw_vec32_exact_perm,57-49-85-93-80-95-45-94-67-7-98-58-73-19-88-48-89-97-82-27-43-100-51-11-31-32-55-42-62-96-20-12-91-29-21-66-33-39-13-61-59-69-50-22-41-77-34-16-3-23-8-30-37-64-2-6-65-40-17-36-38-72-84-52-60-53-90-99-24-79-92-47-14-56-28-46-9-44-71-4-26-86-74-18-54-15-87-81-83-5-35-1-10-25-75-63-78-68-70-76
Ta100x20,7,3,300,1,0.05,6,2230706255,17000,6570,6346,5991,4.082508197,v2_avx512bw_vec32_exact_perm,57-49-85-93-7-80-95-45-48-67-97-39-88-51-58-73-16-94-41-96-89-98-62-91-84-6-79-42-14-32-64-33-22-100-38-72-13-59-77-43-60-34-20-69-61-27-19-15-31-92-55-21-29-8-53-82-11-28-87-12-23-3-17-26-46-40-24-99-65-47-66-18-30-2-74-10-9-36-37-5-54-56-71-25-90-83-81-50-75-52-4-86-35-44-63-78-1-68-70-76
Ta100x20,7,3,300,1,0.05,7,2230707264,17000,6604,6346,5991,4.251322766,v2_avx512bw_vec32_exact_perm,57-49-93-85-67-80-100-39-64-45-96-98-51-95-94-48-73-32-43-88-44-14-79-31-27-16-84-42-41-59-89-20-69-97-58-29-60-23-7-21-13-24-6-12-36-87-53-72-2-65-50-3-90-33-19-91-30-62-25-11-17-8-92-54-55-46-99-34-22-47-18-28-66-26-38-74-86-9-77-82-61-40-52-56-5-15-81-63-68-83-71-4-1-37-78-10-75-35-70-76
Ta100x20,7,3,300,1,0.05,8,2230708273,17000,6568,6346,5991,4.297243538,v2_avx512bw_vec32_exact_perm,57-49-85-93-67-88-80-45-94-62-64-58-42-19-95-7-48-97-90-96-34-27-16-84-33-31-51-73-2-13-6-89-69-61-53-98-20-72-91-23-43-30-60-22-39-36-54-32-21-55-11-29-38-66-82-17-47-79-59-50-100-28-71-12-87-41-77-18-5-92-14-99-8-74-9-40-4-65-3-46-63-15-26-37-56-81-70-24-35-86-75-83-52-10-1-25-44-78-76-68
Ta100x20,7,3,300,1,0.05,9,2230709282,17000,6551,6346,5991,4.067454859,v2_avx512bw_vec32_exact_perm,57-49-85-93-67-48-95-7-45-42-62-31-27-98-58-94-80-32-41-39-88-16-23-60-91-84-30-17-59-96-29-89-73-64-14-21-34-20-43-22-19-69-53-51-97-72-82-71-13-28-92-79-55-33-90-2-3-44-36-38-12-100-74-47-65-6-40-18-99-11-54-77-9-24-5-26-66-70-50-87-10-81-61-15-56-52-8-63-4-46-83-75-86-35-1-37-25-78-76-68
Ta100x20,7,3,300,1,0.05,10,2230710291,17000,6573,6346,5991,3.85134667,v2_avx512bw_vec32_exact_perm,57-49-85-93-80-95-39-58-67-43-64-45-62-88-60-48-33-97-98-89-94-72-32-73-13-12-42-7-16-34-66-82-91-96-84-6-29-79-20-69-19-59-14-41-99-22-31-53-3-27-21-23-100-77-30-51-55-8-17-40-24-36-54-61-52-56-47-18-28-2-92-44-90-26-74-86-38-11-65-9-4-46-10-71-83-87-1-50-35-5-15-70-37-81-76-63-78-75-25-68
Ta100x20,7,3,300,1,0.075,1,2230701210,17000,6575,6346,5991,4.066052152,v2_avx512bw_vec32_exact_perm,57-49-85-93-7-60-95-62-67-19-80-73-84-88-98-97-42-51-64-58-89-45-21-20-30-28-36-12-59-13-96-27-48-94-33-29-32-43-55-3-34-39-14-66-53-91-31-8-18-77-23-22-79-6-17-16-99-92-2-9-41-46-87-71-86-11-72-50-90-69-47-100-40-70-65-24-54-61-81-38-82-83-74-26-44-56-15-4-52-5-1-37-76-63-35-25-10-78-75-68
Ta100x20,7,3,300,1,0.075,2,2230702219,17000,6582,6346,5991,3.99817507,v2_avx512bw_vec32_exact_perm,57-49-85-93-95-80-94-96-58-48-64-7-31-98-27-39-13-6-12-88-45-60-43-89-29-67-23-73-22-21-20-16-91-77-59-100-42-84-62-97-51-50-9-71-11-66-53-24-34-19-79-65-41-82-38-47-69-36-90-2-3-92-5-72-26-61-18-30-55-10-40-32-17-35-33-8-56-52-99-46-15-81-28-87-14-44-54-4-1-83-68-74-86-63-37-70-75-78-25-76
Ta100x20,7,3,300,1,0.075,3,2230703228,17000,6578,6346,5991,3.987491652,v2_avx512bw_vec32_exact_perm,57-49-85-93-80-7-95-58-98-73-39-62-67-45-48-30-91-14-51-94-64-88-34-13-19-23-59-96-89-32-33-31-27-97-6-42-53-47-28-20-72-22-36-16-79-100-41-60-38-29-11-12-61-55-43-9-2-66-21-26-90-69-84-3-17-52-99-8-44-82-77-54-37-74-83-50-65-92-1-40-18-5-46-87-15-35-75-4-78-10-71-86-25-63-56-81-24-68-70-76
Ta100x20,7,3,300,1,0.075,4,2230704237,17000,6596,6346,5991,4.128587213,v2_avx512bw_vec32_exact_perm,57-49-85-93-7-80-95-94-58-97-67-62-31-39-45-88-6-73-51-98-19-96-64-12-43-48-42-24-89-33-55-32-61-72-53-27-21-20-38-29-23-41-69-17-14-34-16-91-54-13-60-36-84-30-3-18-22-90-79-2-8-9-71-66-47-59-40-28-92-5-46-99-74-77-63-100-87-4-82-11-52-10-15-81-56-65-44-86-50-26-70-83-35-1-76-37-25-78-75-68
Ta100x20,7,3,300,1,0.075,5,2230705246,17000,6563,6346,5991,3.974419686,v2_avx512bw_vec32_exact_perm,57-49-85-93-95-67-45-80-7-100-62-88-31-98-64-94-42-27-43-48-97-69-16-89-20-58-33-84-73-59-91-55-96-28-19-51-14-13-82-29-6-38-72-39-77-24-65-90-21-99-12-47-3-22-8-23-18-30-74-36-61-40-66-79-17-32-41-52-11-34-53-10-60-92-50-1-2-56-26-86-71-44-5-15-46-63-9-75-37-4-54-83-81-87-35-70-78-76-25-68
Ta100x20,7,3,300,1,0.075,6,2230706255,17000,6561,6346,5991,4.663697979,v2_avx512bw_vec32_exact_perm,57-49-85-93-67-7-95-45-84-88-51-58-48-98-39-32-64-96-97-6-94-73-19-34-14-31-23-43-16-27-62-89-91-42-33-22-8-12-20-69-90-100-71-77-38-72-41-53-29-44-36-61-55-2-92-21-24-79-13-28-65-17-47-59-99-30-82-15-4-81-9-3-75-35-11-46-40-70-18-66-10-60-87-5-50-26-54-86-56-63-74-83-37-25-52-78-1-80-68-76
Ta100x20,7,3,300,1,0.075,7,2230707264,17000,6588,6346,5991,5.074061059,v2_avx512bw_vec32_exact_perm,57-85-93-80-58-94-49-95-45-88-51-98-39-27-13-67-32-73-29-31-16-91-43-79-20-48-14-23-53-21-90-74-12-82-64-97-30-28-41-7-89-71-55-19-36-17-66-59-18-62-50-2-8-33-84-47-42-3-72-34-22-44-100-96-6-15-99-69-60-77-61-40-24-92-5-38-87-1-54-4-65-26-46-9-11-56-10-63-70-86-83-52-35-37-78-25-81-76-75-68
Ta100x20,7,3,300,1,0.075,8,2230708273,17000,6568,6346,5991,5.071340846,v2_avx512bw_vec32_exact_perm,57-49-85-93-39-67-88-51-62-77-58-94-80-98-64-45-16-6-73-43-22-42-23-48-50-41-97-100-38-95-21-59-7-27-20-96-89-91-69-29-34-11-18-61-19-46-31-47-12-84-53-33-3-8-72-66-28-90-79-2-24-60-99-32-55-71-36-13-65-82-30-40-54-87-5-17-92-37-15-26-14-81-4-86-74-52-35-75-83-44-56-1-10-63-9-70-78-76-25-68
Ta100x20,7,3,300,1,0.075,9,2230709282,17000,6562,6346,5991,4.585213326,v2_avx512bw_vec32_exact_perm,57-49-85-93-80-39-31-95-58-45-48-67-97-100-91-84-94-96-82-12-51-64-23-7-34-92-6-41-89-32-88-13-20-72-16-43-14-69-11-79-73-22-98-29-21-42-40-59-77-19-55-66-18-24-65-33-8-30-47-54-71-53-62-38-28-86-36-90-3-17-27-61-2-4-26-46-74-9-87-60-99-10-52-44-5-50-15-81-1-35-83-70-56-63-75-37-76-78-25-68
Ta100x20,7,3,300,1,0.075,10,2230710291,17000,6599,6346,5991,4.506773984,v2_avx512bw_vec32_exact_perm,57-49-83-93-85-51-67-95-88-62-91-94-80-73-32-31-77-45-7-34-58-19-13-64-89-6-72-12-36-48-39-59-97-22-43-54-20-30-27-14-41-16-53-21-29-96-18-100-84-99-38-23-42-55-15-33-87-92-3-37-24-82-5-61-60-50-79-81-69-65-98-2-40-44-90-17-8-46-75-1-28-4-11-26-35-47-10-66-25-56-9-71-78-52-86-63-74-68-70-76
Ta100x20,7,3,300,1,0.1,1,2230701210,17000,6610,6346,5991,4.454982093,v2_avx512bw_vec32_exact_perm,57-49-85-93-58-80-100-67-95-7-14-84-16-20-45-64-98-89-32-73-53-51-88-62-91-41-72-48-23-31-43-27-94-22-39-77-33-3-6-2-38-79-34-42-29-44-69-97-99-28-90-19-26-55-92-82-21-18-50-17-13-40-87-5-9-36-24-4-8-47-30-52-46-54-96-66-10-81-60-61-25-65-12-15-56-74-11-35-59-37-63-75-86-71-83-1-68-78-70-76
Ta100x20,7,3,300,1,0.1,2,2230702219,17000,6589,6346,5991,4.357635548,v2_avx512bw_vec32_exact_perm,57-49-85-93-67-95-45-48-80-7-20-98-96-58-42-94-31-16-30-73-64-88-51-27-53-13-40-28-23-12-29-43-21-66-33-34-97-22-79-6-91-62-84-89-32-19-82-100-36-55-47-38-18-39-8-54-26-14-61-59-41-71-50-77-52-74-2-86-65-3-9-17-92-69-46-72-87-90-60-24-44-99-25-56-81-15-5-37-83-63-78-1-11-4-10-35-75-68-70-76
Ta100x20,7,3,300,1,0.1,3,2230703228,17000,6578,6346,5991,4.575513698,v2_avx512bw_vec32_exact_perm,57-49-85-93-95-7-80-67-58-100-51-41-31-64-98-45-43-48-97-20-77-6-59-62-84-69-16-89-39-14-72-92-27-22-13-96-29-36-73-30-34-50-82-23-88-8-21-28-91-18-54-55-33-2-90-19-12-79-99-40-42-66-32-3-53-26-47-44-94-17-5-15-61-81-11-74-9-60-4-35-65-87-46-86-52-24-56-70-71-1-38-83-37-63-75-78-25-10-76-68
Ta100x20,7,3,300,1,0.1,4,2230704237,17000,6585,6346,5991,4.11132399,v2_avx512bw_vec32_exact_perm,57-49-85-93-80-95-67-98-48-89-94-58-19-53-64-20-7-62-84-27-73-12-45-66-34-6-51-13-42-100-88-97-21-96-54-72-17-22-16-43-38-99-14-91-30-77-59-31-47-39-28-55-41-44-69-60-71-23-29-2-92-74-50-81-18-33-3-79-82-87-15-52-8-11-61-40-24-36-65-1-26-90-37-4-32-56-35-9-10-5-70-86-46-83-63-75-76-78-25-68
Ta100x20,7,3,300,1,0.1,5,2230705246,17000,6607,6346,5991,4.368261961,v2_avx512bw_vec32_exact_perm,57-49-85-93-80-67-88-42-45-95-62-64-58-19-7-31-14-48-6-39-84-96-89-12-94-73-17-23-51-8-98-36-97-22-34-16-72-21-43-27-38-59-90-77-69-32-99-20-13-26-91-79-18-55-92-30-3-47-29-82-33-53-37-46-100-66-2-65-28-50-41-25-61-40-52-5-74-86-9-56-24-60-68-11-54-71-4-81-1-15-44-10-63-75-35-78-83-87-70-76
Ta100x20,7,3,300,1,0.1,6,2230706255,17000,6619,6346,5991,4.257291472,v2_avx512bw_vec32_exact_perm,57-49-85-93-67-7-58-94-95-42-62-51-39-80-32-41-77-84-73-89-88-31-98-45-91-48-69-97-64-60-21-79-34-20-19-38-66-6-23-28-2-17-12-22-59-72-55-26-50-43-15-16-8-61-100-53-13-33-27-24-90-86-96-30-54-92-44-18-40-82-3-36-29-46-47-65-14-5-75-87-4-9-99-71-11-52-56-10-35-83-37-81-78-63-74-25-1-68-70-76
Ta100x20,7,3,300,1,0.1,7,2230707264,17000,6596,6346,5991,4.210975753,v2_avx512bw_vec32_exact_perm,57-49-85-93-95-45-80-31-67-58-94-39-96-97-88-51-62-6-73-29-48-28-38-20-98-91-84-26-100-41-43-53-89-64-8-19-69-12-77-34-90-54-79-42-59-22-74-99-18-16-17-13-47-30-3-36-72-40-92-27-46-7-23-61-50-14-56-21-5-1-65-24-33-82-2-9-44-86-32-70-60-87-11-71-52-35-55-83-15-4-37-25-81-66-63-78-10-75-76-68
Ta100x20,7,3,300,1,0.1,8,2230708273,17000,6608,6346,5991,4.352702259,v2_avx512bw_vec32_exact_perm,57-49-85-93-80-67-16-95-94-31-48-7-27-97-13-21-73-30-64-91-51-45-43-2-41-84-58-39-88-60-62-89-6-42-59-23-50-14-61-66-96-12-53-20-99-29-36-19-69-79-22-98-34-92-5-77-100-4-28-82-44-38-55-3-8-87-65-47-71-46-33-54-40-17-32-15-11-75-90-72-18-74-25-37-56-26-81-63-83-9-10-52-86-24-68-78-1-35-70-76
Ta100x20,7,3,300,1,0.1,9,2230709282,17000,6633,6346,5991,4.193070637,v2_avx512bw_vec32_exact_perm,49-85-93-80-7-95-67-98-88-60-45-100-64-62-39-58-48-97-20-12-19-51-13-72-34-53-42-84-33-31-89-73-21-55-43-61-11-22-94-69-91-59-16-44-6-40-32-23-96-28-41-79-66-29-14-27-38-18-2-90-82-77-47-24-26-56-30-3-54-65-92-36-71-9-70-5-63-17-8-1-52-50-87-46-4-78-10-99-86-83-81-15-75-37-25-35-76-74-68-57
Ta100x20,7,3,300,1,0.1,10,2230710291,17000,6628,6346,5991,4.707826212,v2_avx512bw_vec32_exact_perm,49-85-93-95-67-80-7-58-62-91-20-39-45-43-84-16-73-64-23-12-51-31-14-30-48-94-60-96-59-27-19-79-32-41-89-66-88-34-98-42-2-33-97-72-6-29-13-8-11-65-24-47-3-61-77-21-22-40-100-69-87-82-28-36-55-18-53-71-4-17-38-26-44-99-74-90-81-92-5-15-9-46-52-37-25-56-63-75-70-83-1-86-50-54-35-78-10-76-68-57
Ta100x20,7,3,300,1,0.125,1,2230701210,17000,6615,6346,5991,4.221655325,v2_avx512bw_vec32_exact_perm,57-49-85-93-19-95-80-58-20-97-7-94-89-82-64-32-48-73-67-29-84-31-28-88-23-92-39-45-96-98-42-91-51-8-34-6-36-22-21-16-13-43-55-47-61-69-41-72-59-2-38-24-33-27-40-37-65-62-53-60-79-77-11-52-4-90-3-54-14-46-12-5-18-87-9-86-66-99-50-71-100-26-30-74-10-56-81-35-70-63-17-1-83-15-44-78-25-68-75-76
Ta100x20,7,3,300,1,0.125,2,2230702219,17000,6601,6346,5991,4.445012991,v2_avx512bw_vec32_exact_perm,57-49-85-93-39-96-94-95-80-67-27-45-14-42-43-51-98-48-7-64-88-89-36-29-20-58-6-12-62-16-77-34-91-11-17-22-100-84-73-31-97-59-21-19-23-69-13-5-32-8-50-53-74-61-66-2-41-30-79-24-3-82-92-33-1-71-81-60-40-28-55-47-38-46-4-52-56-18-90-72-99-26-15-9-65-10-87-83-75-44-37-35-86-70-63-78-54-76-25-68
Ta100x20,7,3,300,1,0.125,3,2230703228,17000,6598,6346,5991,4.056331825,v2_avx512bw_vec32_exact_perm,57-49-85-93-80-95-67-45-48-94-98-64-58-62-19-30-89-59-84-73-31-55-16-33-20-42-51-88-13-60-7-22-12-100-34-91-44-39-36-6-96-43-77-82-32-97-28-3-66-11-21-47-27-29-8-79-2-14-38-50-23-61-53-54-41-65-92-72-63-17-90-40-71-69-74-52-70-56-18-37-9-87-86-5-99-24-26-4-81-1-10-25-35-46-83-15-76-78-75-68
Ta100x20,7,3,300,1,0.125,4,2230704237,17000,6596,6346,5991,4.166468906,v2_avx512bw_vec32_exact_perm,57-49-93-85-67-80-45-31-94-39-58-20-95-32-14-96-41-27-51-6-88-98-16-89-19-64-7-100-34-37-12-91-3-13-23-29-48-33-72-59-84-73-21-97-17-43-38-82-36-4-77-22-47-30-54-61-92-69-99-62-28-5-8-53-40-42-46-87-18-15-79-2-50-66-55-52-74-90-65-26-86-71-35-81-44-11-60-63-56-24-9-83-10-75-1-70-78-76-25-68
Ta100x20,7,3,300,1,0.125,5,2230705246,17000,6622,6346,5991,4.334764764,v2_avx512bw_vec32_exact_perm,57-49-85-93-80-95-67-58-100-48-45-51-31-73-91-94-19-62-14-84-47-82-99-97-88-30-98-43-64-89-28-66-39-40-34-12-16-6-20-77-69-65-22-61-7-33-92-96-21-17-79-13-27-59-53-72-36-55-32-54-42-3-5-8-38-11-18-90-71-74-41-2-24-87-46-4-29-26-9-86-15-70-44-60-23-83-56-1-37-50-63-52-10-35-78-81-76-25-75-68
Ta100x20,7,3,300,1,0.125,6,2230706255,17000,6635,6346,5991,3.983598638,v2_avx512bw_vec32_exact_perm,93-85-80-49-67-48-58-100-62-7-31-64-88-45-98-19-73-20-82-6-84-16-43-41-97-36-95-51-39-32-96-23-53-8-21-89-27-14-13-59-91-65-34-69-22-94-17-55-72-28-66-38-29-3-79-60-99-50-2-74-77-12-44-90-61-42-33-87-9-47-18-46-81-40-1-92-71-54-56-30-83-24-15-52-11-70-5-26-4-37-86-63-35-10-75-78-25-68-57-76
Ta100x20,7,3,300,1,0.125,7,2230707264,17000,6653,6346,5991,3.925648706,v2_avx512bw_vec32_exact_perm,49-85-95-67-93-100-64-45-59-51-98-7-88-16-31-14-39-62-94-58-19-33-32-80-73-48-97-89-20-96-12-28-91-84-43-23-29-42-53-22-36-41-21-79-55-77-34-66-50-90-8-99-54-44-4-6-9-61-82-27-38-69-18-72-46-2-47-24-13-71-5-83-92-56-86-30-75-3-40-26-70-87-11-52-17-15-65-60-10-1-81-35-37-25-78-63-74-76-68-57
Ta100x20,7,3,300,1,0.125,8,2230708273,17000,6590,6346,5991,4.110791405,v2_avx512bw_vec32_exact_perm,57-49-85-93-80-45-95-62-67-7-64-59-31-58-12-94-43-97-29-69-39-48-89-51-23-98-73-16-52-33-84-19-20-99-17-96-88-32-91-14-27-47-22-60-6-79-41-34-53-77-42-3-66-21-30-72-90-2-13-50-44-18-55-86-37-61-28-36-82-71-8-24-70-87-56-40-54-15-100-92-65-1-81-4-26-9-38-74-83-5-11-35-46-75-63-10-78-76-25-68
Ta100x20,7,3,300,1,0.125,9,2230709282,17000,6591,6346,5991,4.009376772,v2_avx512bw_vec32_exact_perm,57-49-85-93-94-80-95-67-45-60-98-73-88-51-48-96-58-97-23-29-39-69-64-59-31-20-6-16-7-89-28-36-32-62-43-84-55-18-72-22-77-33-91-13-34-27-21-8-40-65-44-82-66-15-2-100-12-61-53-99-3-42-14-30-19-92-79-41-1-71-52-46-50-47-90-11-74-4-83-9-37-17-38-54-56-35-24-86-5-87-26-70-81-63-75-10-76-25-78-68
Ta100x20,7,3,300,1,0.125,10,2230710291,17000,6582,6346,5991,4.016193239,v2_avx512bw_vec32_exact_perm,57-49-85-93-80-95-67-45-58-48-60-7-98-19-32-33-88-42-100-64-43-73-31-16-30-36-97-94-34-51-17-89-96-38-18-20-29-27-39-3-84-23-14-12-13-11-59-91-47-41-65-22-62-21-71-79-6-74-28-40-66-72-87-2-90-92-55-53-9-26-69-8-99-35-61-46-77-54-44-1-50-5-15-83-4-82-86-37-10-63-56-75-52-25-81-78-24-68-70-76
Ta100x20,7,4,400,0.85,0.025,1,2230701210,17000,6478,6346,5991,5.263709608,v2_avx512bw_vec32_exact_perm,57-49-85-93-80-95-45-39-31-48-98-94-96-89-33-58-41-16-73-97-32-29-23-67-19-42-84-88-62-20-51-100-34-72-14-22-43-64-59-27-77-6-12-13-7-91-66-2-90-69-79-65-44-86-82-28-92-50-87-17-18-21-55-8-30-36-3-53-46-54-99-26-47-74-60-52-61-40-24-11-10-5-83-38-56-9-4-35-71-1-81-15-37-25-63-75-78-68-70-76
Ta100x20,7,4,400,0.85,0.025,2,2230702219,17000,6437,6346,5991,5.052067183,v2_avx512bw_vec32_exact_perm,49-85-93-95-80-91-67-94-45-51-98-48-39-73-88-58-62-97-19-64-16-89-7-6-14-96-32-20-72-8-84-33-42-66-28-55-13-34-21-12-36-59-27-22-43-100-90-77-50-92-44-3-69-29-31-23-17-18-52-86-79-41-2-71-61-47-60-38-30-54-74-11-40-65-53-26-24-70-99-4-9-5-10-35-87-82-81-56-15-1-76-46-63-75-83-37-78-25-68-57
Ta100x20,7,4,400,0.85,0.025,3,2230703228,17000,6424,6346,5991,5.325229981,v2_avx512bw_vec32_exact_perm,57-49-93-85-58-64-7-80-27-67-94-98-48-45-51-39-96-95-6-41-32-62-88-91-89-73-19-53-16-20-84-14-60-72-34-13-43-42-55-66-79-12-21-59-36-97-22-31-77-47-100-11-69-38-23-28-29-71-8-2-33-52-86-90-50-74-3-82-65-5-17-30-18-54-92-99-46-87-83-10-40-24-61-26-56-44-15-4-81-9-35-63-37-1-70-76-78-25-75-68
Ta100x20,7,4,400,0.85,0.025,4,2230704237,17000,6384,6346,5991,5.161397741,v2_avx512bw_vec32_exact_perm,57-49-93-85-80-39-58-64-45-98-48-51-95-13-27-89-88-67-6-73-16-7-12-14-43-20-94-96-72-69-97-62-52-19-84-36-33-61-21-55-100-2-59-22-31-79-18-47-8-24-23-29-42-38-34-87-91-41-54-17-90-50-32-77-3-66-82-65-56-30-40-83-71-5-92-74-99-53-46-28-86-26-9-81-35-70-44-15-75-11-37-4-63-1-60-10-25-78-68-76
Ta100x20,7,4,400,0.85,0.025,5,2230705246,17000,6421,6346,5991,5.166218242,v2_avx512bw_vec32_exact_perm,57-49-85-93-67-95-80-45-64-88-58-73-39-96-86-31-32-98-48-7-89-94-27-66-43-28-72-13-51-20-29-6-62-91-97-82-65-84-69-59-38-21-79-14-33-12-100-54-19-53-41-34-16-77-92-22-17-90-44-42-30-36-99-55-3-18-23-71-50-8-47-40-61-37-2-11-46-24-26-87-83-15-74-60-5-4-52-56-9-10-81-35-63-1-70-75-78-76-25-68
Ta100x20,7,4,400,0.85,0.025,6,2230706255,17000,6394,6346,5991,5.016502717,v2_avx512bw_vec32_exact_perm,57-49-85-93-80-64-19-58-94-62-48-39-67-84-98-95-45-97-20-6-51-96-89-73-88-32-16-33-79-91-82-22-100-43-27-59-14-77-24-23-99-3-13-28-42-29-47-66-34-8-31-65-53-7-71-92-41-44-69-21-40-17-9-18-72-38-55-36-26-90-12-2-50-5-86-74-30-70-52-56-11-46-83-15-61-81-54-87-60-4-63-37-10-35-1-76-25-75-78-68
Ta100x20,7,4,400,0.85,0.025,7,2230707264,17000,6379,6346,5991,4.873433303,v2_avx512bw_vec32_exact_perm,57-49-93-85-95-67-80-60-58-19-20-7-48-73-32-88-64-96-23-94-98-51-89-45-91-41-6-62-21-84-97-42-17-27-14-13-72-16-43-38-29-39-69-66-79-55-59-28-2-31-92-53-34-12-8-87-33-22-100-77-99-65-3-82-36-30-71-50-74-90-40-52-1-54-81-11-24-61-18-15-5-47-4-44-9-35-46-63-37-10-83-86-56-26-70-75-25-78-68-76
Ta100x20,7,4,400,0.85,0.025,8,2230708273,17000,6403,6346,5991,5.007965468,v2_avx512bw_vec32_exact_perm,57-49-93-85-67-98-95-30-39-100-80-48-89-45-31-58-94-96-51-27-13-59-91-12-33-43-16-73-84-28-19-64-23-88-42-62-97-6-72-55-3-8-20-34-66-82-77-7-65-11-22-69-2-21-38-53-79-60-32-36-29-90-5-71-47-50-41-52-92-37-17-14-87-18-26-24-40-99-86-74-83-9-68-46-61-4-54-81-15-1-63-44-56-10-75-25-78-35-70-76
Ta100x20,7,4,400,0.85,0.025,9,2230709282,17000,6395,6346,5991,5.194966646,v2_avx512bw_vec32_exact_perm,57-49-93-85-67-45-95-99-58-80-94-98-51-39-13-88-6-96-42-73-48-97-89-29-20-12-43-69-62-28-59-64-84-91-31-16-23-27-8-53-22-36-30-100-7-14-38-19-21-32-2-34-72-66-77-86-33-71-90-52-17-55-5-3-18-47-9-92-41-61-35-10-79-82-74-15-24-11-37-60-63-50-65-54-1-44-40-83-4-56-70-26-87-81-46-78-76-75-25-68
Ta100x20,7,4,400,0.85,0.025,10,2230710291,17000,6410,6346,5991,5.347502738,v2_avx512bw_vec32_exact_perm,57-49-85-93-95-67-45-98-80-39-48-58-96-64-7-73-32-31-94-43-100-89-6-91-20-51-62-84-13-27-21-33-29-14-23-88-12-59-16-42-97-47-8-65-71-72-53-41-3-86-34-50-11-22-19-79-69-90-18-92-36-77-28-30-46-81-82-40-44-2-54-61-55-15-37-99-60-74-26-52-5-4-87-17-83-38-56-9-35-10-63-1-24-68-70-66-75-78-25-76
Ta100x20,7,4,400,0.85,0.05,1,2230701210,17000,6549,6346,5991,5.215904367,v2_avx512bw_vec32_exact_perm,57-49-85-93-94-67-80-45-95-39-48-88-51-98-64-12-96-91-6-97-27-20-31-43-41-7-58-16-32-66-59-17-36-79-69-62-37-29-90-19-42-13-73-84-21-14-24-33-40-100-22-34-72-3-55-38-11-89-60-52-99-30-28-2-77-23-8-82-46-65-50-47-61-54-44-18-56-92-9-4-83-53-70-81-71-86-5-26-87-15-1-10-74-63-35-25-76-78-75-68
Ta100x20,7,4,400,0.85,0.05,2,2230702219,17000,6549,6346,5991,5.156894793,v2_avx512bw_vec32_exact_perm,49-85-93-95-67-30-80-42-51-45-64-6-60-31-98-48-88-39-27-43-96-94-14-89-34-58-97-13-91-19-36-59-29-66-32-84-73-20-12-37-53-33-71-8-5-21-72-62-55-11-69-77-99-90-3-16-100-22-38-79-28-41-47-65-17-40-2-92-74-61-82-23-87-4-52-24-18-26-70-56-7-46-9-81-15-78-50-83-44-54-63-75-35-86-1-10-68-57-76-25
Ta100x20,7,4,400,0.85,0.05,3,2230703228,17000,6403,6346,5991,5.114031497,v2_avx512bw_vec32_exact_perm,57-49-93-85-58-94-80-32-43-73-16-39-67-7-14-62-95-84-6-64-45-51-48-20-98-77-89-69-18-88-22-23-19-86-59-97-21-27-34-91-13-82-72-31-24-33-8-42-79-55-15-90-3-100-38-71-30-17-99-92-28-96-29-47-2-65-53-44-36-26-11-9-12-66-61-41-10-74-40-60-87-52-5-56-4-46-83-81-54-63-50-37-35-1-70-75-25-78-68-76
Ta100x20,7,4,400,0.85,0.05,4,2230704237,17000,6483,6346,5991,5.004212718,v2_avx512bw_vec32_exact_perm,57-49-85-93-67-95-41-45-80-31-94-58-62-98-7-16-27-39-48-89-72-97-6-96-14-84-73-20-34-66-32-51-88-33-65-19-77-23-2-22-91-82-28-13-17-59-42-55-8-38-21-53-29-92-79-12-36-43-47-100-99-50-69-60-30-61-54-44-90-4-52-11-71-81-9-15-24-5-86-64-46-87-3-83-18-26-74-37-40-63-10-56-75-35-25-78-1-68-70-76
Ta100x20,7,4,400,0.85,0.05,5,2230705246,17000,6504,6346,5991,5.189087169,v2_avx512bw_vec32_exact_perm,57-49-85-93-67-7-80-95-88-64-58-60-62-6-45-91-51-13-39-94-43-16-29-20-98-77-48-89-73-84-97-8-12-34-23-22-79-32-69-36-31-41-42-14-90-37-55-3-99-59-27-50-53-19-96-33-92-28-52-74-47-100-40-82-54-24-66-61-72-65-11-38-21-18-17-5-9-86-26-4-2-44-87-35-56-10-46-83-30-15-63-71-81-1-70-75-78-76-25-68
Ta100x20,7,4,400,0.85,0.05,6,2230706255,17000,6519,6346,5991,4.958392724,v2_avx512bw_vec32_exact_perm,57-49-85-93-7-80-97-67-62-60-58-41-31-95-23-20-45-30-42-54-98-27-82-88-96-19-48-89-51-17-33-91-84-16-28-72-90-13-39-73-38-21-6-69-22-29-34-8-43-47-94-36-18-87-66-12-64-53-5-37-26-59-92-100-3-77-79-14-50-99-55-65-71-40-32-11-4-24-9-86-46-2-15-1-52-56-61-81-83-74-35-44-68-10-63-70-75-78-25-76
Ta100x20,7,4,400,0.85,0.05,7,2230707264,17000,6562,6346,5991,4.950415979,v2_avx512bw_vec32_exact_perm,49-85-93-95-67-80-31-94-39-58-45-23-48-51-7-6-64-88-98-73-16-97-96-13-27-32-89-34-59-91-19-33-82-60-69-29-62-43-14-84-20-66-42-28-72-55-79-2-22-77-21-38-44-100-30-36-17-52-3-90-65-41-24-11-40-47-71-61-46-18-92-12-53-8-1-50-5-26-74-54-9-4-10-63-56-15-87-35-75-86-70-83-37-76-81-99-25-78-68-57
Ta100x20,7,4,400,0.85,0.05,8,2230708273,17000,6389,6346,5991,4.944549858,v2_avx512bw_vec32_exact_perm,57-49-93-85-67-45-80-42-64-88-98-96-95-58-73-19-7-48-51-27-20-43-94-32-91-62-84-89-77-14-34-39-97-59-22-21-41-33-72-12-6-13-2-16-66-79-29-92-61-69-8-17-60-5-82-3-47-99-28-53-30-36-71-38-11-100-10-40-55-31-54-87-18-46-23-86-65-50-26-74-83-90-52-56-15-24-44-4-9-35-81-70-63-37-1-25-78-75-68-76
Ta100x20,7,4,400,0.85,0.05,9,2230709282,17000,6430,6346,5991,4.871995088,v2_avx512bw_vec32_exact_perm,49-85-93-80-60-30-39-67-95-45-48-99-31-58-94-96-64-98-7-6-62-97-89-16-84-73-88-51-20-100-34-12-66-59-27-91-53-19-13-65-69-38-21-17-23-22-42-43-3-29-33-77-72-41-18-79-2-32-8-36-55-61-71-40-90-4-24-54-47-14-87-82-28-9-92-44-46-83-11-37-15-5-52-50-1-56-35-10-26-74-70-76-81-63-86-75-68-57-78-25
Ta100x20,7,4,400,0.85,0.05,10,2230710291,17000,6518,6346,5991,4.924771946,v2_avx512bw_vec32_exact_perm,57-49-85-93-58-80-95-39-94-67-45-31-98-27-13-89-7-42-41-88-51-97-48-73-43-28-22-20-14-34-6-84-36-91-21-16-8-96-72-62-32-38-69-17-12-59-100-33-19-29-66-53-64-79-2-3-60-55-35-65-92-30-82-18-5-77-40-47-90-24-23-99-71-11-9-81-4-74-52-46-15-61-83-87-10-56-86-26-63-44-54-50-1-37-70-75-78-76-25-68
Ta100x20,7,4,400,0.85,0.075,1,2230701210,17000,6517,6346,5991,5.040615973,v2_avx512bw_vec32_exact_perm,57-49-85-93-95-67-59-94-7-58-73-51-20-98-8-19-27-48-32-77-43-12-88-14-42-96-39-66-89-45-99-92-3-16-6-84-13-33-72-55-36-100-79-22-29-21-2-61-69-64-74-41-34-97-90-31-40-62-82-91-53-17-65-80-5-28-24-38-52-10-30-46-23-11-15-47-4-18-26-37-71-50-87-54-83-70-44-56-60-63-81-9-86-35-1-76-75-78-25-68
Ta100x20,7,4,400,0.85,0.075,2,2230702219,17000,6512,6346,5991,4.885944897,v2_avx512bw_vec32_exact_perm,57-49-85-93-67-95-45-31-100-96-51-80-91-94-48-20-58-41-97-39-98-7-89-16-14-19-32-84-33-88-66-34-43-12-59-42-27-73-53-79-6-13-2-24-8-60-3-99-69-61-44-77-72-21-50-90-17-28-35-55-18-40-23-22-86-92-74-62-11-47-65-64-9-38-29-54-82-36-71-81-30-52-46-5-1-83-15-4-63-56-10-26-87-37-70-75-78-25-76-68
Ta100x20,7,4,400,0.85,0.075,3,2230703228,17000,6525,6346,5991,4.999084293,v2_avx512bw_vec32_exact_perm,57-49-85-93-30-80-95-67-19-88-64-45-73-6-62-31-97-7-51-20-58-48-60-12-11-27-16-96-29-66-98-89-94-91-14-69-84-23-39-34-13-28-8-18-43-77-22-33-21-47-38-3-42-72-32-100-59-74-55-82-79-36-53-65-41-2-61-40-37-24-4-44-17-26-99-52-46-9-92-50-90-83-75-81-86-56-35-71-70-5-15-87-54-63-10-1-78-25-76-68
Ta100x20,7,4,400,0.85,0.075,4,2230704237,17000,6508,6346,5991,4.873318208,v2_avx512bw_vec32_exact_perm,57-49-85-93-80-45-95-94-67-58-7-51-23-88-98-62-39-27-48-89-32-73-6-96-14-72-82-22-43-64-97-34-12-8-29-47-36-31-33-16-65-13-42-37-66-53-60-28-84-55-86-30-21-2-90-20-91-71-11-3-18-79-54-69-41-24-61-77-59-44-17-19-4-74-50-40-100-38-26-52-81-1-87-92-99-63-46-5-83-15-9-56-10-75-35-70-78-25-76-68
Ta100x20,7,4,400,0.85,0.075,5,2230705246,17000,6509,6346,5991,4.900970641,v2_avx512bw_vec32_exact_perm,57-49-85-93-80-100-39-67-45-21-51-73-31-7-98-14-23-42-62-88-19-96-94-89-95-6-13-58-69-34-60-20-43-97-33-27-16-48-91-59-61-77-84-29-8-40-66-12-3-32-79-17-72-38-99-9-65-18-82-71-41-55-90-47-2-36-87-92-28-22-64-74-46-5-53-26-30-15-83-44-11-4-54-81-86-52-63-37-35-1-56-50-10-24-68-70-75-78-25-76
Ta100x20,7,4,400,0.85,0.075,6,2230706255,17000,6490,6346,5991,5.310062609,v2_avx512bw_vec32_exact_perm,57-49-85-93-67-95-45-48-51-100-80-42-88-19-13-62-58-94-64-7-12-30-98-59-96-14-43-73-31-89-39-16-97-20-72-44-40-17-91-6-28-23-92-77-18-55-79-60-66-47-38-21-69-84-8-2-34-41-61-33-32-29-36-90-53-65-5-52-9-99-4-71-86-3-46-26-74-27-54-82-22-50-1-87-68-11-83-10-15-24-56-81-63-37-25-75-78-35-70-76
Ta100x20,7,4,400,0.85,0.075,7,2230707264,17000,6519,6346,5991,5.531691882,v2_avx512bw_vec32_exact_perm,57-49-85-93-95-67-7-80-45-98-60-20-51-39-88-32-96-62-97-72-48-33-6-91-42-77-13-41-58-89-16-84-27-43-53-73-21-55-14-19-23-52-90-36-12-59-66-50-31-69-26-61-8-79-2-40-44-18-47-29-94-65-9-99-92-17-38-100-28-74-22-24-87-82-46-56-30-71-70-3-15-86-64-5-34-54-11-4-83-37-35-81-25-63-75-78-10-1-76-68
Ta100x20,7,4,400,0.85,0.075,8,2230708273,17000,6468,6346,5991,5.349475396,v2_avx512bw_vec32_exact_perm,57-49-85-93-80-95-67-42-45-7-58-62-88-73-19-98-64-51-48-39-12-96-41-91-34-6-13-20-94-72-89-14-84-60-79-43-61-2-22-52-53-33-97-100-16-59-99-66-27-31-77-69-29-17-21-92-44-82-28-55-23-5-8-15-90-65-18-47-3-50-30-87-83-56-10-46-71-11-32-40-86-74-36-9-26-38-24-1-35-54-4-63-70-37-81-78-76-75-25-68
Ta100x20,7,4,400,0.85,0.075,9,2230709282,17000,6516,6346,5991,5.177440762,v2_avx512bw_vec32_exact_perm,57-49-93-85-95-80-45-67-94-58-62-39-51-6-60-96-64-19-84-98-14-59-31-23-97-17-20-54-48-91-16-43-41-27-66-12-88-28-79-77-32-29-8-42-55-82-47-72-13-53-11-73-38-21-50-89-69-22-71-90-7-34-92-86-46-2-33-30-99-24-100-9-81-36-61-18-26-40-74-70-65-3-63-15-4-1-44-83-5-10-56-52-87-35-25-78-37-76-75-68
Ta100x20,7,4,400,0.85,0.075,10,2230710291,17000,6525,6346,5991,5.354460113,v2_avx512bw_vec32_exact_perm,57-49-85-93-58-80-95-100-19-48-20-67-45-94-88-51-73-31-98-96-6-23-28-77-8-13-16-7-89-39-91-27-38-29-82-62-84-18-61-12-21-34-72-97-43-64-41-47-59-69-24-22-14-42-44-68-53-33-36-32-5-17-54-3-55-66-60-71-79-30-92-9-40-65-1-99-90-52-74-26-11-2-50-37-25-46-78-56-15-10-86-63-81-83-75-4-87-35-70-76
Ta100x20,7,4,400,0.85,0.1,1,2230701210,17000,6566,6346,5991,5.229783793,v2_avx512bw_vec32_exact_perm,57-85-93-7-51-95-80-73-91-67-31-62-58-82-98-27-39-48-49-28-6-64-97-45-16-84-33-47-18-89-96-3-99-94-30-19-20-59-72-2-88-77-32-66-86-22-14-34-43-42-79-69-90-21-60-38-53-50-5-52-17-29-92-71-41-36-55-11-12-26-100-23-44-46-9-8-61-4-13-74-15-81-65-54-87-40-24-10-56-63-75-37-25-68-83-35-1-78-70-76
Ta100x20,7,4,400,0.85,0.1,2,2230702219,17000,6557,6346,5991,5.135103096,v2_avx512bw_vec32_exact_perm,57-49-85-93-67-7-95-45-51-73-80-48-98-13-88-64-100-96-58-19-59-89-14-69-39-31-99-32-79-28-8-84-77-29-33-36-6-66-43-16-12-21-20-23-53-40-91-2-55-5-30-18-41-15-65-72-97-86-3-34-26-17-62-92-22-87-24-82-42-46-74-90-61-38-47-94-11-27-9-4-52-71-56-83-37-50-70-1-54-81-44-60-25-63-75-10-35-78-76-68
Ta100x20,7,4,400,0.85,0.1,3,2230703228,17000,6529,6346,5991,5.495091802,v2_avx512bw_vec32_exact_perm,57-49-85-93-80-39-58-98-67-7-62-95-45-43-64-88-94-51-73-16-48-41-29-91-20-69-32-31-34-23-84-59-100-79-96-12-89-27-14-42-33-38-2-19-13-44-82-61-97-72-5-50-28-3-17-21-92-22-36-71-47-8-6-66-77-90-24-65-40-55-87-54-18-74-30-60-46-52-56-9-4-81-70-99-53-26-15-11-35-86-83-1-10-63-37-76-75-78-25-68
Ta100x20,7,4,400,0.85,0.1,4,2230704237,17000,6553,6346,5991,5.11555142,v2_avx512bw_vec32_exact_perm,57-49-85-93-67-95-7-80-58-94-88-98-100-96-20-14-51-23-13-42-45-89-43-12-97-39-31-48-73-27-84-34-8-16-32-33-91-44-61-1-82-72-99-2-59-22-41-29-19-66-47-92-77-69-28-40-52-79-90-64-21-3-17-9-55-60-11-71-50-6-26-62-24-87-53-46-15-65-36-18-81-5-4-10-38-30-56-54-25-63-74-83-86-37-75-68-78-35-70-76
Ta100x20,7,4,400,0.85,0.1,5,2230705246,17000,6576,6346,5991,5.500519467,v2_avx512bw_vec32_exact_perm,85-80-49-100-7-95-67-39-84-51-98-45-6-88-62-19-58-97-33-93-94-42-73-48-30-96-14-2-89-20-55-16-66-43-72-41-32-17-34-79-22-53-91-36-8-31-40-64-65-77-69-13-3-28-61-90-47-24-18-87-23-54-29-5-21-59-56-15-46-86-12-99-92-50-52-9-27-10-82-74-71-1-60-38-11-44-4-26-35-81-63-37-70-78-75-83-68-57-25-76
Ta100x20,7,4,400,0.85,0.1,6,2230706255,17000,6583,6346,5991,5.168464125,v2_avx512bw_vec32_exact_perm,57-49-85-80-93-73-58-94-43-19-34-95-88-16-60-30-97-48-67-96-59-39-77-89-84-36-51-20-27-14-72-31-1-98-12-69-45-62-91-44-40-90-24-6-33-32-42-79-13-3-8-15-55-92-100-23-64-17-7-2-74-46-9-86-22-41-61-29-65-66-82-53-38-47-28-99-56-70-52-5-21-4-81-54-18-71-75-87-11-63-83-50-26-37-10-35-78-76-25-68
Ta100x20,7,4,400,0.85,0.1,7,2230707264,17000,6534,6346,5991,5.317416727,v2_avx512bw_vec32_exact_perm,57-49-85-93-67-95-45-98-43-94-58-42-80-48-97-19-88-60-73-77-27-78-51-39-6-13-7-32-91-20-82-41-23-29-34-96-64-17-16-59-21-24-84-62-22-69-72-89-92-28-33-14-2-44-47-79-18-3-36-61-31-8-5-90-30-71-53-66-56-9-38-12-11-100-50-40-52-46-55-87-99-83-65-26-54-74-35-70-15-37-4-81-25-1-63-86-10-75-76-68
Ta100x20,7,4,400,0.85,0.1,8,2230708273,17000,6537,6346,5991,5.336076197,v2_avx512bw_vec32_exact_perm,57-49-85-80-93-98-7-97-60-67-31-64-45-48-42-20-58-77-88-23-94-89-41-91-51-28-84-79-27-16-72-43-14-34-13-82-95-96-38-6-73-22-100-61-54-32-8-59-39-69-29-44-21-19-55-33-2-47-99-12-92-62-71-66-30-3-74-36-26-50-90-40-1-53-52-5-46-65-25-11-15-18-9-81-4-17-87-56-10-63-37-86-83-75-68-24-78-35-70-76
Ta100x20,7,4,400,0.85,0.1,9,2230709282,17000,6576,6346,5991,5.208472278,v2_avx512bw_vec32_exact_perm,57-49-85-93-67-80-95-42-45-7-97-58-64-96-98-88-60-6-73-19-62-20-51-48-72-38-32-84-27-33-16-91-34-41-14-29-43-54-22-94-31-17-82-100-89-13-21-69-55-23-30-90-99-3-79-2-39-28-11-50-53-77-61-65-36-92-12-74-59-86-8-5-15-52-81-40-46-56-87-18-24-47-71-4-9-37-26-66-25-70-63-83-78-44-35-1-10-76-75-68
Ta100x20,7,4,400,0.85,0.1,10,2230710291,17000,6536,6346,5991,5.128559987,v2_avx512bw_vec32_exact_perm,57-49-85-93-67-80-95-88-19-45-64-98-62-20-32-73-94-16-58-29-43-89-7-59-12-41-84-42-97-34-66-91-51-39-69-48-31-13-14-22-79-23-53-27-17-77-92-28-82-36-2-33-38-6-30-54-21-18-61-55-40-99-72-96-47-60-90-74-5-65-8-46-35-9-3-70-26-11-100-71-44-50-4-87-15-81-24-76-52-56-1-63-86-37-83-10-25-75-78-68
Ta100x20,7,4,400,0.85,0.125,1,2230701210,17000,6557,6346,5991,5.358477631,v2_avx512bw_vec32_exact_perm,57-49-85-93-80-64-91-31-7-58-94-67-45-34-48-98-42-41-16-84-59-39-51-88-19-89-69-73-27-97-29-6-65-43-60-38-62-82-22-90-52-74-79-36-20-12-30-13-71-28-33-23-53-95-14-21-55-3-2-32-77-99-17-61-47-63-66-9-8-72-86-100-92-81-1-4-44-56-40-11-18-46-15-24-87-5-26-96-83-37-70-50-54-10-35-78-76-25-75-68
Ta100x20,7,4,400,0.85,0.125,2,2230702219,17000,6549,6346,5991,5.149989039,v2_avx512bw_vec32_exact_perm,57-49-85-93-80-95-67-7-45-73-84-94-89-60-91-51-48-23-88-58-19-64-43-31-12-59-39-62-41-27-6-53-22-42-33-32-96-20-98-21-29-72-97-34-40-14-54-28-55-13-79-99-100-3-47-65-82-46-8-36-77-17-9-92-24-90-66-30-18-50-61-5-69-16-11-4-2-38-26-74-52-87-37-83-71-10-86-15-56-81-35-70-63-44-75-1-78-76-25-68
Ta100x20,7,4,400,0.85,0.125,3,2230703228,17000,6525,6346,5991,5.252768868,v2_avx512bw_vec32_exact_perm,57-49-85-93-67-95-30-98-60-94-64-45-13-58-80-19-34-27-14-96-89-42-88-51-73-7-31-43-39-91-59-62-79-12-69-48-41-3-84-23-21-22-29-99-74-90-16-50-92-33-28-86-100-46-6-20-52-53-47-72-82-66-5-32-97-56-8-11-55-18-71-40-2-87-36-77-17-38-65-9-61-26-70-54-24-35-81-15-4-44-10-63-37-1-76-78-83-25-75-68
Ta100x20,7,4,400,0.85,0.125,4,2230704237,17000,6525,6346,5991,5.158470866,v2_avx512bw_vec32_exact_perm,57-49-85-93-58-95-80-39-6-64-7-67-14-20-30-62-45-84-94-51-98-48-33-31-89-12-28-8-91-16-96-23-43-59-27-2-24-29-19-90-88-97-100-22-47-38-79-69-52-73-5-92-87-42-34-99-53-3-77-72-17-13-66-61-4-32-56-71-21-41-55-18-36-65-86-9-40-50-82-11-74-46-60-26-25-15-37-44-63-68-81-83-54-75-1-10-78-35-70-76
Ta100x20,7,4,400,0.85,0.125,5,2230705246,17000,6519,6346,5991,5.289129448,v2_avx512bw_vec32_exact_perm,57-49-93-85-39-32-51-98-73-67-20-64-12-7-80-58-91-94-88-95-48-13-23-6-45-43-29-59-52-89-27-96-33-31-18-22-62-34-66-72-8-28-77-47-84-14-97-65-53-40-21-3-41-11-42-71-44-46-99-69-61-92-79-100-16-30-50-36-24-2-19-87-82-55-90-54-15-83-35-37-38-86-4-1-5-56-17-26-9-60-74-70-81-63-25-78-10-75-68-76
Ta100x20,7,4,400,0.85,0.125,6,2230706255,17000,6585,6346,5991,5.109318632,v2_avx512bw_vec32_exact_perm,57-49-85-93-7-95-80-39-67-62-88-58-51-60-73-13-45-42-48-12-43-31-16-64-96-6-23-29-84-91-33-38-72-20-28-82-8-2-97-32-36-30-90-27-98-3-89-74-41-17-19-47-94-66-77-14-59-46-21-92-22-69-34-79-50-71-100-18-86-5-52-40-87-99-61-65-53-55-54-4-56-11-9-63-37-24-15-26-35-70-1-81-10-83-44-75-25-78-68-76
Ta100x20,7,4,400,0.85,0.125,7,2230707264,17000,6576,6346,5991,5.144486327,v2_avx512bw_vec32_exact_perm,57-49-93-85-67-95-19-6-94-32-39-80-88-60-51-58-97-43-13-33-64-16-96-73-45-27-48-34-89-31-84-72-91-62-77-98-7-21-36-14-59-20-42-29-44-71-12-17-92-22-47-69-99-3-37-41-53-18-15-90-8-55-66-50-61-2-28-82-40-79-24-100-26-86-74-70-9-65-46-38-23-30-54-52-5-4-56-63-10-11-81-87-83-78-35-1-76-25-75-68
Ta100x20,7,4,400,0.85,0.125,8,2230708273,17000,6529,6346,5991,5.05140599,v2_avx512bw_vec32_exact_perm,57-49-85-93-95-80-67-48-45-42-41-43-58-97-94-34-89-84-33-64-16-88-62-91-1-73-39-47-6-96-32-99-7-14-23-4-31-53-13-51-72-38-19-29-79-69-92-60-30-21-28-52-20-17-77-12-59-55-66-2-44-9-61-27-8-36-18-81-71-40-98-46-11-100-22-90-50-3-54-65-15-74-5-26-87-10-75-56-82-35-63-78-86-83-37-24-68-70-76-25
Ta100x20,7,4,400,0.85,0.125,9,2230709282,17000,6530,6346,5991,4.96006708,v2_avx512bw_vec32_exact_perm,57-49-85-93-80-95-67-39-45-58-94-31-43-33-96-64-42-98-6-14-20-16-55-26-51-100-13-77-88-7-62-84-73-59-89-91-32-97-48-40-12-41-22-23-53-17-66-90-28-19-79-50-69-92-27-34-3-99-38-9-8-72-2-86-30-71-5-29-60-82-74-24-47-11-52-36-18-87-65-70-46-81-61-54-83-15-4-44-56-21-10-63-37-35-1-75-25-78-76-68
Ta100x20,7,4,400,0.85,0.125,10,2230710291,17000,6554,6346,5991,4.975538074,v2_avx512bw_vec32_exact_perm,57-49-83-95-80-93-85-31-67-58-16-73-77-62-88-39-51-94-12-98-97-89-30-48-29-99-96-6-45-33-72-100-43-20-66-7-54-59-50-38-34-19-13-42-28-84-86-92-90-26-21-40-27-69-32-82-3-44-17-53-14-37-64-71-4-91-11-41-79-22-47-18-23-2-63-87-36-65-9-55-46-60-5-74-8-35-15-24-52-81-56-1-10-61-25-75-68-78-70-76
Ta100x20,7,4,400,0.8875,0.025,1,2230701210,17000,6396,6346,5991,5.020703304,v2_avx512bw_vec32_exact_perm,57-49-50-85-93-58-95-80-100-67-45-73-19-88-64-16-62-30-48-42-43-27-84-36-20-51-12-98-14-23-97-17-65-96-89-72-94-13-34-31-53-91-38-79-6-41-54-92-29-21-33-22-82-77-28-8-55-39-66-40-59-24-32-7-90-3-99-69-2-61-5-18-74-46-11-60-71-9-26-81-86-70-52-4-56-44-47-15-83-87-10-63-37-35-1-76-75-25-78-68
Ta100x20,7,4,400,0.8875,0.025,2,2230702219,17000,6445,6346,5991,4.973349665,v2_avx512bw_vec32_exact_perm,49-85-93-80-95-67-94-45-58-73-31-16-7-39-51-98-48-32-33-13-42-43-27-91-62-84-20-6-23-89-99-29-14-97-88-19-77-59-12-66-100-21-34-55-8-22-36-72-64-53-65-69-3-79-96-2-90-30-60-26-24-41-38-92-17-74-28-82-44-47-61-40-71-11-54-4-52-50-1-5-87-18-81-15-56-9-35-70-86-46-63-37-83-78-25-75-68-10-57-76
Ta100x20,7,4,400,0.8875,0.025,3,2230703228,17000,6456,6346,5991,5.690889786,v2_avx512bw_vec32_exact_perm,57-49-85-93-95-67-80-94-96-58-60-30-51-39-98-45-48-89-64-13-6-73-16-7-20-97-34-12-42-33-84-14-19-88-52-43-23-22-92-29-69-62-100-8-91-27-24-59-41-79-77-3-66-2-55-28-21-65-47-53-82-31-38-26-36-72-11-50-44-17-61-54-4-32-40-1-15-5-74-90-18-9-56-10-86-71-87-83-81-35-37-25-99-46-63-78-75-68-70-76
Ta100x20,7,4,400,0.8875,0.025,4,2230704237,17000,6479,6346,5991,4.885979742,v2_avx512bw_vec32_exact_perm,57-49-85-93-95-67-45-98-39-80-58-73-16-43-31-7-64-89-69-51-88-27-59-12-97-19-94-6-62-48-20-91-13-34-22-42-33-28-84-77-8-55-90-21-100-38-36-72-14-24-3-30-82-29-17-96-79-2-46-65-15-11-32-61-92-40-18-71-47-74-23-41-5-87-60-52-83-44-4-53-54-66-26-81-99-9-86-56-50-35-75-1-70-63-37-25-10-78-76-68
Ta100x20,7,4,400,0.8875,0.025,5,2230705246,17000,6450,6346,5991,4.905769559,v2_avx512bw_vec32_exact_perm,57-49-85-93-58-80-100-19-48-39-96-51-73-20-32-88-45-13-67-95-89-29-99-94-16-27-43-33-91-62-14-84-97-6-31-12-53-23-42-44-50-98-77-8-7-66-34-22-41-69-92-26-38-79-17-28-21-55-59-2-72-64-36-3-82-65-60-30-71-40-24-47-90-18-86-87-15-74-52-56-81-11-54-61-46-4-83-5-9-35-1-10-63-70-37-76-25-78-75-68
Ta100x20,7,4,400,0.8875,0.025,6,2230706255,17000,6474,6346,5991,5.078269844,v2_avx512bw_vec32_exact_perm,57-49-85-93-80-95-45-39-98-48-67-94-96-58-77-73-51-41-16-31-32-88-23-89-64-100-27-20-6-34-97-7-84-91-19-43-59-33-21-55-22-62-4-14-53-12-66-8-28-72-5-42-79-44-92-50-54-69-13-17-82-3-30-65-18-90-99-15-86-71-29-47-2-36-74-9-87-61-60-46-11-40-26-52-81-56-10-63-1-25-75-38-78-35-83-37-24-68-70-76
Ta100x20,7,4,400,0.8875,0.025,7,2230707264,17000,6478,6346,5991,5.031861554,v2_avx512bw_vec32_exact_perm,57-49-85-93-80-67-95-45-98-39-48-58-88-19-20-51-97-73-16-84-60-89-43-27-6-96-42-36-8-30-64-69-28-62-31-82-55-21-53-91-38-23-34-22-100-33-59-79-32-72-41-29-24-92-13-3-12-66-2-47-61-94-11-65-40-9-17-71-99-7-77-14-4-46-44-54-18-5-90-87-56-52-74-26-10-15-63-50-37-81-86-83-1-35-75-70-78-25-76-68
Ta100x20,7,4,400,0.8875,0.025,8,2230708273,17000,6384,6346,5991,5.412268257,v2_avx512bw_vec32_exact_perm,57-85-49-93-41-95-67-7-58-80-64-98-39-45-48-88-73-96-32-51-20-100-84-91-33-59-31-89-28-19-47-53-38-94-34-42-69-23-13-27-21-22-43-72-99-14-29-90-12-82-97-8-65-77-44-36-2-79-50-6-54-66-16-55-60-3-26-17-92-30-62-74-86-18-87-61-46-40-52-71-11-83-5-81-15-4-56-24-9-35-10-63-37-1-70-75-25-78-68-76
Ta100x20,7,4,400,0.8875,0.025,9,2230709282,17000,6407,6346,5991,5.365043326,v2_avx512bw_vec32_exact_perm,57-49-85-20-93-95-67-7-58-100-80-48-96-27-73-31-51-39-88-32-62-14-43-33-12-91-59-45-64-16-19-13-89-6-84-42-23-69-97-29-53-34-21-72-8-94-92-38-40-24-17-55-41-66-65-28-3-79-99-2-50-90-98-77-52-56-18-47-22-11-36-30-60-71-86-81-26-82-74-9-46-61-15-44-4-63-54-87-10-5-83-1-35-70-25-37-78-76-75-68
Ta100x20,7,4,400,0.8875,0.025,10,2230710291,17000,6370,6346,5991,5.573955989,v2_avx512bw_vec32_exact_perm,57-49-93-85-95-67-45-98-58-80-39-73-19-6-96-64-51-48-88-60-27-43-89-16-23-97-42-55-14-33-31-53-32-62-91-20-84-59-12-100-8-34-69-72-38-21-28-77-41-47-66-71-18-79-29-13-7-61-92-17-40-2-44-24-36-99-30-3-82-74-90-22-86-65-94-54-5-11-52-50-87-26-56-46-81-15-4-63-9-35-83-37-70-25-78-10-75-1-76-68
Ta100x20,7,4,400,0.8875,0.05,1,2230701210,17000,6548,6346,5991,4.894770711,v2_avx512bw_vec32_exact_perm,57-49-85-93-67-80-58-39-31-7-48-45-94-23-98-64-89-6-51-13-88-96-42-14-60-19-34-20-12-95-43-22-26-84-55-73-21-62-33-53-16-59-69-97-50-29-66-90-32-91-100-41-44-72-36-8-30-27-2-38-79-24-3-61-17-77-9-82-15-74-46-5-11-65-35-18-92-47-40-63-56-54-87-28-71-75-70-99-4-37-83-10-78-25-52-86-81-1-76-68
Ta100x20,7,4,400,0.8875,0.05,2,2230702219,17000,6524,6346,5991,5.054444591,v2_avx512bw_vec32_exact_perm,57-49-85-93-73-67-94-31-51-48-98-7-27-60-89-43-58-39-45-33-13-72-88-64-14-62-32-42-53-20-19-16-8-84-59-91-95-55-69-41-23-22-99-97-21-29-18-34-77-3-44-82-6-36-38-12-79-100-30-61-2-28-70-96-92-46-65-50-66-71-11-47-40-9-10-26-87-24-17-15-54-74-56-81-90-80-83-63-37-52-4-86-35-5-75-1-76-78-25-68
Ta100x20,7,4,400,0.8875,0.05,3,2230703228,17000,6496,6346,5991,5.217052078,v2_avx512bw_vec32_exact_perm,57-49-85-93-7-80-64-98-58-45-95-13-67-39-48-94-88-51-62-91-20-84-23-89-73-16-14-17-97-30-42-19-43-33-36-32-6-27-22-29-3-92-96-12-21-41-34-77-60-11-24-59-8-47-66-31-79-2-61-65-72-69-53-50-71-40-5-18-86-87-54-100-38-90-46-55-28-99-52-26-4-74-81-82-44-15-83-56-37-63-9-10-1-35-70-75-78-76-25-68
Ta100x20,7,4,400,0.8875,0.05,4,2230704237,17000,6563,6346,5991,5.08017015,v2_avx512bw_vec32_exact_perm,57-49-85-93-80-95-67-58-64-88-94-30-45-62-7-20-48-98-97-51-82-43-33-31-100-17-21-90-24-89-32-73-19-27-16-96-53-39-84-29-11-60-6-59-40-22-34-66-12-92-42-65-79-69-23-18-2-8-55-36-74-99-38-28-13-47-3-72-71-61-14-91-77-41-54-4-46-5-52-86-87-10-56-50-26-9-1-15-81-83-35-70-44-63-37-75-78-76-25-68
Ta100x20,7,4,400,0.8875,0.05,5,2230705246,17000,6465,6346,5991,5.4130208,v2_avx512bw_vec32_exact_perm,57-49-85-93-67-95-45-88-73-19-51-48-98-96-39-89-84-14-100-58-31-80-27-23-16-43-42-94-97-34-24-66-59-12-13-91-62-64-21-6-53-41-72-77-7-22-47-69-33-37-20-30-18-38-2-79-99-3-17-65-92-90-32-36-26-61-55-29-8-11-40-71-28-74-60-46-87-54-50-82-1-5-15-56-52-44-4-86-83-10-63-9-35-70-81-78-76-75-25-68
Ta100x20,7,4,400,0.8875,0.05,6,2230706255,17000,6530,6346,5991,5.071684186,v2_avx512bw_vec32_exact_perm,57-49-85-93-67-7-94-95-80-98-45-48-58-51-39-62-64-12-43-89-31-100-97-34-41-16-8-42-84-73-59-96-91-6-20-30-2-13-69-14-21-29-38-79-50-72-32-22-33-36-55-19-28-92-88-87-23-82-71-3-11-77-44-54-61-17-65-18-53-46-26-40-90-99-52-35-86-47-4-60-75-81-66-9-10-1-27-63-5-15-56-74-25-37-83-78-24-68-70-76
Ta100x20,7,4,400,0.8875,0.05,7,2230707264,17000,6436,6346,5991,5.009606711,v2_avx512bw_vec32_exact_perm,57-49-85-93-67-95-45-80-73-31-58-19-94-62-48-39-96-51-6-12-98-97-89-69-64-77-20-53-65-43-27-34-91-16-13-59-14-22-84-21-42-79-17-54-23-29-88-36-41-28-7-8-72-66-33-92-90-32-100-50-40-61-82-55-3-47-99-18-30-74-9-2-11-71-60-52-86-46-81-26-56-70-44-15-4-5-24-87-35-38-83-10-63-37-1-76-75-68-78-25
Ta100x20,7,4,400,0.8875,0.05,8,2230708273,17000,6566,6346,5991,4.989127006,v2_avx512bw_vec32_exact_perm,49-85-93-95-80-39-45-51-88-67-62-48-58-53-73-64-94-98-97-16-7-14-89-43-27-20-84-54-60-33-91-32-79-19-6-77-17-22-34-92-42-41-96-59-69-23-55-28-66-72-31-13-44-29-11-82-74-50-3-40-99-15-21-65-12-8-61-36-47-52-100-1-46-18-30-38-2-56-24-90-71-87-5-70-4-86-26-9-78-83-35-81-25-37-10-63-75-68-57-76
Ta100x20,7,4,400,0.8875,0.05,9,2230709282,17000,6529,6346,5991,5.118656578,v2_avx512bw_vec32_exact_perm,57-49-85-93-95-67-45-80-98-97-64-31-43-42-58-41-16-7-73-19-89-72-51-20-33-84-48-39-34-60-18-88-12-100-77-3-79-32-91-27-11-21-69-38-66-62-6-55-59-29-71-53-13-99-52-50-96-14-22-90-23-94-92-30-74-28-2-47-8-26-17-5-87-4-82-36-9-61-46-10-40-81-15-83-44-65-56-1-25-54-63-37-35-24-78-86-75-68-70-76
Ta100x20,7,4,400,0.8875,0.05,10,2230710291,17000,6481,6346,5991,5.616793877,v2_avx512bw_vec32_exact_perm,57-49-85-93-80-95-67-7-58-73-19-88-32-45-62-51-39-48-98-6-97-20-96-89-94-33-27-16-84-91-64-14-31-42-59-22-79-69-2-13-34-28-29-43-17-61-3-8-21-55-92-23-77-90-18-41-72-47-12-38-87-36-50-71-99-100-65-82-5-53-46-30-4-11-24-40-9-54-10-86-44-60-26-74-52-15-35-56-81-63-1-37-83-70-75-68-66-78-25-76
Ta100x20,7,4,400,0.8875,0.075,1,2230701210,17000,6516,6346,5991,5.354169565,v2_avx512bw_vec32_exact_perm,57-49-85-93-80-95-58-45-39-13-33-98-42-88-32-97-48-67-23-60-7-6-27-77-96-73-89-72-17-65-59-43-94-16-84-22-14-51-20-34-91-62-55-69-92-19-64-3-36-79-30-31-99-2-28-71-44-100-50-47-29-53-82-52-38-41-24-66-8-12-21-61-40-74-5-54-1-18-81-90-26-46-86-15-4-9-11-10-63-56-35-75-87-83-37-70-78-25-76-68
Ta100x20,7,4,400,0.8875,0.075,2,2230702219,17000,6557,6346,5991,5.343756683,v2_avx512bw_vec32_exact_perm,57-49-85-93-67-58-80-91-7-95-62-88-51-39-98-27-64-21-94-96-43-45-6-36-90-48-97-12-41-30-17-89-52-84-73-20-16-19-34-72-13-26-55-60-66-53-69-31-28-59-8-22-23-2-79-29-50-33-61-82-77-100-14-38-92-32-47-11-5-46-40-99-86-74-3-65-18-42-87-54-56-9-4-81-83-37-24-71-15-70-35-63-1-75-10-78-25-44-76-68
Ta100x20,7,4,400,0.8875,0.075,3,2230703228,17000,6526,6346,5991,5.152869642,v2_avx512bw_vec32_exact_perm,57-49-93-85-67-48-45-80-95-19-27-64-43-7-89-94-88-73-34-16-13-31-98-51-39-62-30-42-84-69-60-79-21-18-12-96-97-29-20-33-53-66-47-54-72-23-50-58-14-6-8-3-77-82-26-59-5-38-32-17-36-71-92-100-44-61-87-99-91-52-40-55-41-2-4-28-9-35-81-56-70-46-11-37-24-65-15-25-74-90-22-1-83-10-63-78-86-75-68-76
Ta100x20,7,4,400,0.8875,0.075,4,2230704237,17000,6539,6346,5991,5.272365731,v2_avx512bw_vec32_exact_perm,57-49-85-93-80-95-45-64-58-98-31-7-39-62-16-67-88-73-43-100-27-96-51-42-6-38-66-29-82-23-48-34-28-47-89-22-20-84-41-36-19-97-12-59-91-32-2-30-18-77-17-90-69-55-99-5-71-92-9-3-70-72-13-8-33-94-24-79-14-50-86-61-21-74-65-60-44-53-81-26-46-15-11-52-56-54-4-87-40-83-10-35-63-1-37-76-25-78-75-68
Ta100x20,7,4,400,0.8875,0.075,5,2230705246,17000,6594,6346,5991,5.181755577,v2_avx512bw_vec32_exact_perm,49-85-93-67-95-45-31-100-58-51-48-94-23-42-13-7-59-88-41-6-27-89-39-22-16-64-96-43-34-28-91-84-73-8-36-77-53-62-80-21-32-97-33-12-19-17-72-29-92-55-98-44-14-82-69-61-20-2-79-15-18-9-26-66-47-70-30-11-46-5-81-40-99-4-3-50-1-60-71-90-74-54-65-63-52-56-87-24-38-86-83-37-78-35-25-75-10-68-57-76
Ta100x20,7,4,400,0.8875,0.075,6,2230706255,17000,6529,6346,5991,5.473758588,v2_avx512bw_vec32_exact_perm,57-49-85-93-95-58-67-94-80-96-73-19-7-48-88-64-45-51-33-98-32-89-13-34-42-66-16-29-20-24-59-6-69-62-91-43-14-84-21-79-11-12-77-60-22-100-23-82-40-97-90-72-99-55-65-17-3-8-31-2-27-53-54-39-61-38-30-92-71-47-41-28-70-74-52-56-18-15-46-81-50-5-86-4-9-1-44-35-37-10-63-36-26-83-87-76-75-78-25-68
Ta100x20,7,4,400,0.8875,0.075,7,2230707264,17000,6587,6346,5991,5.738142663,v2_avx512bw_vec32_exact_perm,57-49-85-93-95-88-67-39-94-62-80-58-20-7-60-100-45-31-51-84-23-48-6-73-64-98-96-16-53-97-43-19-55-99-89-47-33-42-59-72-12-50-77-14-34-13-91-22-69-3-79-92-82-28-86-2-35-61-44-36-8-74-18-40-21-41-27-5-17-70-90-32-56-29-38-54-9-24-66-4-65-71-46-30-11-15-81-37-26-87-76-52-63-83-1-25-10-78-75-68
Ta100x20,7,4,400,0.8875,0.075,8,2230708273,17000,6546,6346,5991,5.971632033,v2_avx512bw_vec32_exact_perm,49-85-93-80-95-39-58-48-67-73-45-43-64-94-51-66-88-32-33-27-7-16-62-84-91-60-96-20-6-14-23-77-31-2-36-55-98-59-34-89-97-22-29-61-12-19-21-13-69-53-100-18-40-90-42-41-24-47-54-30-72-38-79-92-5-82-3-26-65-11-74-8-86-99-17-28-71-87-50-15-44-52-9-56-35-81-70-4-46-63-37-68-83-78-1-25-10-57-76-75
Ta100x20,7,4,400,0.8875,0.075,9,2230709282,17000,6590,6346,5991,5.241137716,v2_avx512bw_vec32_exact_perm,57-49-85-93-80-95-7-73-45-48-31-67-94-62-51-33-58-12-88-64-98-84-100-20-34-89-22-96-41-91-16-52-21-59-77-14-42-97-27-28-13-86-23-40-72-30-8-71-55-69-3-39-65-53-29-15-11-19-17-32-18-38-36-92-43-2-54-6-79-82-47-99-4-46-24-50-1-37-61-90-44-9-26-60-66-87-10-56-63-5-74-83-78-25-81-35-75-68-70-76
Ta100x20,7,4,400,0.8875,0.075,10,2230710291,17000,6485,6346,5991,6.045994779,v2_avx512bw_vec32_exact_perm,57-49-85-93-95-67-7-80-58-45-94-62-64-88-98-91-51-48-97-73-43-24-100-39-13-34-20-42-65-6-96-59-84-16-14-89-23-69-8-31-19-29-53-17-12-38-72-92-33-90-22-27-41-21-77-99-32-60-3-36-79-47-82-66-61-55-18-30-52-40-54-50-37-87-28-4-46-71-11-26-83-86-1-9-56-10-2-44-15-35-5-63-74-70-81-25-76-78-75-68
Ta100x20,7,4,400,0.8875,0.1,1,2230701210,17000,6519,6346,5991,5.185005731,v2_avx512bw_vec32_exact_perm,57-49-85-93-95-67-98-39-80-58-94-45-73-48-16-20-97-51-13-42-7-31-89-6-62-77-32-33-23-88-14-19-91-100-96-84-41-72-43-27-90-17-64-50-22-34-59-3-30-8-71-82-66-65-92-29-53-21-12-11-36-24-44-55-79-26-28-69-40-18-38-87-56-99-2-9-86-46-4-54-52-47-61-60-74-5-15-37-25-63-35-81-75-10-1-78-83-68-70-76
Ta100x20,7,4,400,0.8875,0.1,2,2230702219,17000,6534,6346,5991,5.203582386,v2_avx512bw_vec32_exact_perm,57-49-85-93-7-64-98-67-58-95-43-80-94-73-34-27-88-45-62-16-48-100-89-51-13-91-33-22-59-84-39-96-21-97-31-71-6-69-14-92-19-61-79-41-2-11-20-54-72-60-77-55-66-18-50-44-9-3-47-32-36-65-82-46-29-23-17-30-99-26-4-53-74-5-42-70-38-12-40-24-8-90-52-56-28-10-87-83-15-81-86-25-37-63-75-35-78-1-76-68
Ta100x20,7,4,400,0.8875,0.1,3,2230703228,17000,6529,6346,5991,5.545281128,v2_avx512bw_vec32_exact_perm,57-85-93-49-80-95-45-67-7-62-64-54-88-58-20-97-32-73-19-33-77-60-23-34-48-51-6-92-96-31-98-53-91-41-84-89-69-100-22-90-65-43-94-5-59-42-71-66-55-87-27-15-14-16-82-28-79-8-11-29-21-17-72-13-4-99-40-74-38-12-39-18-50-61-47-3-30-56-36-52-81-35-83-46-9-37-26-2-70-24-44-10-86-63-1-76-78-25-75-68
Ta100x20,7,4,400,0.8875,0.1,4,2230704237,17000,6553,6346,5991,5.812404495,v2_avx512bw_vec32_exact_perm,57-49-85-93-80-95-94-39-67-45-48-16-73-64-88-77-31-98-58-51-100-89-13-62-43-91-30-60-29-27-20-33-32-21-7-66-84-34-6-19-90-3-14-8-96-69-12-81-41-92-79-54-42-97-17-22-61-82-55-59-99-23-2-4-74-47-65-18-50-72-36-46-40-38-71-5-87-52-26-53-28-11-15-1-44-63-56-68-86-83-10-37-25-75-24-78-9-35-70-76
Ta100x20,7,4,400,0.8875,0.1,5,2230705246,17000,6547,6346,5991,5.777133971,v2_avx512bw_vec32_exact_perm,57-49-85-93-80-39-64-58-7-95-48-33-27-67-88-42-34-43-73-98-32-51-94-16-45-41-97-6-19-84-31-59-69-20-47-36-22-89-100-91-29-90-21-12-82-55-92-13-23-96-14-28-62-46-79-72-24-65-30-77-38-61-2-17-3-8-87-54-99-66-60-53-71-5-4-1-52-81-11-50-40-26-83-44-74-18-63-56-86-9-10-15-35-37-75-70-78-76-25-68
Ta100x20,7,4,400,0.8875,0.1,6,2230706255,17000,6558,6346,5991,5.21563645,v2_avx512bw_vec32_exact_perm,57-49-93-85-80-13-67-95-48-7-45-97-41-42-77-32-89-39-20-34-2-29-96-73-27-88-16-33-98-31-51-43-14-62-94-58-21-69-84-66-50-22-72-3-100-79-6-8-92-54-17-60-87-59-19-18-36-30-55-91-38-11-28-47-40-12-65-23-26-53-90-46-5-4-9-52-82-71-74-99-64-1-44-56-10-86-35-61-63-83-81-37-25-75-15-78-24-68-70-76
Ta100x20,7,4,400,0.8875,0.1,7,2230707264,17000,6536,6346,5991,5.388230643,v2_avx512bw_vec32_exact_perm,57-49-85-93-39-80-58-7-95-67-98-48-88-73-64-51-13-27-14-26-5-59-89-91-31-94-6-62-97-52-43-96-20-12-72-16-29-53-42-69-79-2-45-41-66-61-38-100-21-84-34-11-19-77-40-92-22-47-82-24-3-33-28-18-30-99-36-17-65-87-70-55-9-8-71-32-46-23-4-90-15-50-86-37-54-74-60-63-56-10-75-44-83-81-35-25-1-78-76-68
Ta100x20,7,4,400,0.8875,0.1,8,2230708273,17000,6531,6346,5991,5.691555969,v2_avx512bw_vec32_exact_perm,57-49-85-93-80-7-67-95-58-48-39-51-45-62-64-16-88-98-43-66-27-94-91-73-89-14-96-6-12-97-31-34-53-19-33-69-72-99-13-59-32-44-21-22-42-8-50-23-77-20-17-100-29-3-84-90-41-38-28-79-52-36-30-65-55-18-47-26-92-2-11-71-60-74-87-82-61-54-24-40-86-37-56-83-46-4-5-15-81-9-75-25-68-1-10-63-78-35-70-76
Ta100x20,7,4,400,0.8875,0.1,9,2230709282,17000,6612,6346,5991,6.070079907,v2_avx512bw_vec32_exact_perm,49-85-93-95-80-58-31-7-73-39-67-98-48-97-88-28-77-42-13-12-62-91-51-21-84-23-94-66-14-6-34-64-96-69-8-43-59-61-89-45-55-36-22-41-18-29-72-47-79-20-16-32-100-19-33-2-52-17-92-11-3-82-27-44-60-24-87-40-10-56-50-70-38-30-65-46-1-83-90-54-53-26-71-99-4-9-63-37-86-5-76-81-35-25-15-75-74-78-68-57
Ta100x20,7,4,400,0.8875,0.1,10,2230710291,17000,6630,6346,5991,6.054717453,v2_avx512bw_vec32_exact_perm,49-85-93-80-94-67-39-84-95-45-100-51-97-59-88-42-16-64-98-13-27-48-33-32-73-23-20-58-22-41-31-2-43-89-79-54-77-55-91-6-3-7-99-17-29-19-66-90-24-28-11-30-96-8-50-14-92-34-44-65-40-82-21-12-69-62-61-4-53-36-52-18-46-47-5-87-26-60-71-74-86-83-38-81-56-10-15-9-72-63-35-37-75-25-1-70-78-68-57-76
Ta100x20,7,4,400,0.8875,0.125,1,2230701210,17000,6581,6346,5991,5.101184161,v2_avx512bw_vec32_exact_perm,57-49-85-93-80-7-97-95-98-94-67-89-16-45-39-43-69-51-48-24-31-23-27-32-62-88-58-77-73-100-13-42-91-84-34-4-79-19-6-33-59-96-14-52-54-22-99-90-3-29-86-20-2-55-64-12-92-41-30-53-38-72-5-40-28-17-8-56-82-21-66-47-36-50-18-26-60-74-9-71-46-15-44-11-10-83-87-65-25-63-81-37-35-1-61-75-78-68-70-76
Ta100x20,7,4,400,0.8875,0.125,2,2230702219,17000,6550,6346,5991,5.24987725,v2_avx512bw_vec32_exact_perm,57-49-85-93-80-64-94-88-67-97-58-73-98-42-48-23-31-39-7-16-95-32-45-36-20-6-27-62-89-22-53-43-34-13-91-41-59-51-21-77-72-55-18-100-84-40-99-69-14-29-8-66-96-82-61-54-19-90-50-38-17-65-12-87-28-71-2-3-79-47-11-60-30-46-56-92-86-33-24-5-26-44-4-37-52-63-15-1-74-10-9-70-78-83-81-35-76-75-25-68
Ta100x20,7,4,400,0.8875,0.125,3,2230703228,17000,6548,6346,5991,5.960074242,v2_avx512bw_vec32_exact_perm,57-49-85-93-39-80-67-58-100-98-51-7-94-20-31-95-45-89-73-48-19-43-64-97-88-12-27-62-91-84-59-96-32-18-41-34-38-29-22-21-69-92-16-79-82-42-55-99-61-3-72-17-77-23-30-36-13-86-47-28-40-90-5-14-24-6-53-9-65-11-46-54-8-4-33-83-2-81-71-70-44-56-50-66-26-35-87-15-74-60-52-10-37-63-1-78-76-75-25-68
Ta100x20,7,4,400,0.8875,0.125,4,2230704237,17000,6600,6346,5991,6.001169062,v2_avx512bw_vec32_exact_perm,57-49-85-93-80-67-95-31-7-62-58-73-45-12-20-19-51-94-88-98-16-97-64-89-91-34-48-27-84-39-14-41-2-23-6-32-77-96-99-29-43-72-47-79-66-22-18-53-65-33-61-28-92-8-100-44-82-40-50-21-55-90-42-13-59-17-30-52-36-69-56-54-5-3-11-26-87-15-60-9-4-38-71-24-68-46-1-25-10-63-81-74-86-83-37-75-78-35-70-76
Ta100x20,7,4,400,0.8875,0.125,5,2230705246,17000,6569,6346,5991,5.980113561,v2_avx512bw_vec32_exact_perm,57-49-85-93-80-73-67-58-7-95-59-19-88-27-51-62-91-45-64-96-23-94-31-42-32-98-39-84-89-21-6-36-16-72-41-29-66-34-13-97-77-18-43-69-90-8-2-61-22-100-74-48-33-17-53-30-12-40-44-99-71-47-20-55-28-82-14-65-92-79-15-50-37-1-52-4-56-87-11-9-46-24-38-26-70-3-81-83-63-60-35-10-5-54-86-75-78-25-68-76
Ta100x20,7,4,400,0.8875,0.125,6,2230706255,17000,6554,6346,5991,5.108677252,v2_avx512bw_vec32_exact_perm,57-49-85-93-39-67-80-7-94-88-82-95-97-32-19-64-73-42-45-96-48-20-24-51-98-62-6-58-89-84-13-29-90-16-18-79-69-66-61-28-23-2-33-55-43-92-14-34-22-8-54-3-9-27-72-31-17-71-36-38-77-41-21-100-46-11-47-12-59-30-4-87-15-91-86-5-99-53-60-40-81-50-52-74-70-26-65-83-56-25-37-1-44-63-10-35-75-78-76-68
Ta100x20,7,4,400,0.8875,0.125,7,2230707264,17000,6584,6346,5991,5.390608666,v2_avx512bw_vec32_exact_perm,57-49-85-93-58-80-72-13-39-17-51-95-88-32-45-67-31-94-43-98-48-89-7-64-97-69-23-84-6-20-91-82-14-55-16-79-34-38-100-99-8-59-96-73-42-50-44-29-19-22-47-87-36-12-41-77-2-66-21-61-4-90-3-5-24-33-10-30-18-11-54-46-71-52-53-27-62-75-26-15-1-35-56-86-28-70-81-60-92-65-37-63-9-83-40-74-78-25-76-68
Ta100x20,7,4,400,0.8875,0.125,8,2230708273,17000,6569,6346,5991,5.146279165,v2_avx512bw_vec32_exact_perm,57-49-85-93-95-58-80-39-51-94-67-62-7-98-20-32-88-64-45-77-19-28-89-82-73-91-97-21-14-48-43-22-71-69-34-31-84-23-59-33-42-38-27-47-13-16-12-3-50-36-6-90-72-41-29-96-92-5-99-53-79-52-74-66-9-61-100-65-46-87-54-30-60-55-24-11-17-40-37-18-26-70-44-8-56-15-2-81-63-86-4-35-1-83-25-10-75-78-68-76
Ta100x20,7,4,400,0.8875,0.125,9,2230709282,17000,6569,6346,5991,4.878028628,v2_avx512bw_vec32_exact_perm,57-49-93-85-67-95-45-31-51-88-80-73-19-58-94-30-89-6-62-3-98-39-64-84-100-48-16-69-43-29-91-96-12-22-11-20-7-99-2-27-13-59-79-77-34-33-97-72-32-38-61-50-28-42-47-14-8-87-21-55-82-23-4-44-66-74-9-36-17-5-71-90-41-65-53-46-40-24-60-37-26-56-52-63-18-92-81-15-25-75-54-35-1-68-83-86-10-78-70-76
Ta100x20,7,4,400,0.8875,0.125,10,2230710291,17000,6535,6346,5991,4.906514287,v2_avx512bw_vec32_exact_perm,57-49-85-93-80-95-58-67-45-94-43-73-88-96-51-92-98-31-12-59-7-64-28-39-17-22-72-48-13-27-23-20-19-24-82-16-89-91-33-84-90-21-62-69-97-6-29-36-38-42-99-3-53-77-65-47-34-8-52-50-46-100-32-79-18-55-30-74-41-71-11-86-66-2-14-63-9-26-81-61-40-54-87-70-83-56-44-10-15-1-60-4-35-5-37-25-78-76-75-68
Ta100x20,7,4,400,0.925,0.025,1,2230701210,17000,6517,6346,5991,5.356055751,v2_avx512bw_vec32_exact_perm,49-85-93-95-67-88-39-51-94-80-58-60-45-48-73-32-31-100-84-64-43-98-77-89-96-28-27-66-29-62-20-16-14-12-59-34-86-13-42-6-91-97-41-7-92-33-53-79-22-19-21-82-17-30-36-52-55-54-99-3-2-8-50-69-44-61-40-83-18-72-74-23-65-71-90-87-46-26-47-38-24-11-15-5-4-9-10-35-1-75-70-81-56-63-78-25-37-76-68-57
Ta100x20,7,4,400,0.925,0.025,2,2230702219,17000,6545,6346,5991,5.529252123,v2_avx512bw_vec32_exact_perm,57-49-85-93-67-98-7-95-80-58-60-16-39-45-51-48-13-19-89-73-88-91-42-6-23-43-20-69-96-64-84-94-34-29-59-41-18-66-72-62-24-31-14-53-21-52-79-5-50-33-27-92-100-82-9-77-97-22-55-99-90-8-61-3-17-46-2-36-30-65-87-12-86-11-32-40-28-47-54-74-70-56-38-71-1-26-4-44-10-37-15-63-76-81-83-78-35-25-75-68
Ta100x20,7,4,400,0.925,0.025,3,2230703228,17000,6570,6346,5991,5.538619207,v2_avx512bw_vec32_exact_perm,57-49-85-93-97-80-58-39-7-67-98-62-95-94-45-31-32-84-73-51-14-27-43-41-48-21-33-16-88-13-20-79-22-89-100-59-77-29-91-34-17-96-12-6-66-19-42-92-30-28-36-5-53-47-23-90-4-82-65-55-56-52-8-24-72-69-54-38-61-3-60-64-2-11-37-10-50-26-87-74-40-71-81-83-15-1-44-18-99-63-9-46-35-86-78-75-25-68-70-76
Ta100x20,7,4,400,0.925,0.025,4,2230704237,17000,6525,6346,5991,5.417640999,v2_avx512bw_vec32_exact_perm,57-49-85-93-39-88-67-94-58-7-95-48-80-96-64-98-45-51-97-62-6-73-19-89-16-27-20-66-12-72-43-59-84-60-29-34-23-21-82-2-91-13-33-22-69-28-31-8-77-17-38-42-53-79-36-5-30-14-99-3-32-100-92-18-90-74-86-41-71-9-61-47-4-56-46-24-55-26-52-35-40-1-44-83-81-54-11-65-15-87-70-50-78-10-37-63-25-76-75-68
Ta100x20,7,4,400,0.925,0.025,5,2230705246,17000,6527,6346,5991,5.394793958,v2_avx512bw_vec32_exact_perm,57-49-85-93-80-95-67-31-45-94-98-96-64-58-7-39-97-51-88-13-73-20-32-16-27-14-43-48-62-89-6-33-91-84-72-55-34-29-41-17-59-19-65-3-15-79-8-82-23-81-42-12-46-28-53-38-36-66-21-77-100-92-22-30-4-69-5-70-24-99-9-18-87-60-61-90-2-50-44-71-54-47-52-74-11-40-56-26-86-10-63-83-35-1-37-78-76-75-25-68
Ta100x20,7,4,400,0.925,0.025,6,2230706255,17000,6597,6346,5991,5.303509491,v2_avx512bw_vec32_exact_perm,57-93-85-80-67-31-95-100-48-45-20-7-88-42-94-32-43-36-73-61-16-84-51-14-58-62-96-98-39-49-64-30-91-12-47-19-89-66-13-59-72-29-79-99-92-33-71-77-27-6-69-44-46-34-3-18-26-40-97-11-53-22-21-8-23-2-28-55-50-90-38-74-54-65-41-87-82-24-17-70-5-4-83-9-56-86-63-52-15-1-60-37-10-35-81-75-78-25-76-68
Ta100x20,7,4,400,0.925,0.025,7,2230707264,17000,6548,6346,5991,5.626669463,v2_avx512bw_vec32_exact_perm,57-49-85-93-7-67-80-88-95-98-39-45-73-48-58-94-84-62-97-28-20-23-42-51-64-13-27-96-91-6-43-34-31-89-16-33-29-22-41-59-52-21-36-79-12-77-30-3-69-66-5-100-19-17-38-14-32-53-8-71-47-99-9-4-72-55-46-90-81-92-40-18-15-61-82-74-50-2-26-65-54-24-11-87-60-35-1-83-37-70-56-10-86-63-44-78-75-25-68-76
Ta100x20,7,4,400,0.925,0.025,8,2230708273,17000,6547,6346,5991,5.209146933,v2_avx512bw_vec32_exact_perm,57-49-85-93-80-39-58-88-60-96-73-67-94-98-7-64-95-19-51-45-6-13-62-48-43-42-36-30-31-12-84-100-66-72-59-17-16-89-22-34-27-8-97-20-91-69-50-82-41-28-55-71-3-90-23-21-29-61-26-53-92-40-14-79-32-33-99-74-52-38-47-2-46-65-86-24-9-11-5-15-37-77-18-87-54-63-81-56-4-1-83-70-75-35-44-10-25-78-76-68
Ta100x20,7,4,400,0.925,0.025,9,2230709282,17000,6469,6346,5991,5.198831179,v2_avx512bw_vec32_exact_perm,57-49-93-85-31-7-94-67-80-32-95-98-39-45-48-89-84-60-58-16-88-27-20-23-96-14-91-73-41-59-100-38-29-19-6-51-97-64-21-53-99-12-24-8-62-43-72-33-3-55-42-22-69-13-90-61-77-26-34-2-47-36-66-79-40-92-30-17-28-18-46-11-52-5-82-65-50-74-54-4-15-81-87-71-44-83-86-10-56-63-9-35-70-1-37-76-25-78-75-68
Ta100x20,7,4,400,0.925,0.025,10,2230710291,17000,6482,6346,5991,5.281346602,v2_avx512bw_vec32_exact_perm,57-49-85-93-80-95-45-16-39-67-48-73-7-96-58-51-14-23-31-27-82-19-97-62-12-64-88-6-91-13-43-42-33-89-84-34-38-71-100-72-20-22-59-21-94-79-66-55-77-47-32-18-41-61-98-36-29-8-40-3-24-99-69-65-46-92-5-53-90-52-26-44-28-30-2-4-74-15-87-17-54-81-11-60-10-56-83-50-35-86-9-70-63-37-1-78-76-75-25-68
Ta100x20,7,4,400,0.925,0.05,1,2230701210,17000,6569,6346,5991,5.607578258,v2_avx512bw_vec32_exact_perm,57-49-85-93-80-58-39-95-60-67-88-19-13-91-51-45-64-30-62-17-6-89-16-96-12-73-77-31-43-98-72-36-48-32-79-66-20-34-21-94-7-69-84-23-22-14-33-3-29-42-59-99-38-97-100-47-53-28-41-15-11-71-61-65-82-24-40-27-9-90-74-52-46-8-92-5-54-50-2-18-55-56-35-81-86-44-4-10-87-83-37-26-63-70-25-78-1-76-75-68
Ta100x20,7,4,400,0.925,0.05,2,2230702219,17000,6535,6346,5991,5.448246028,v2_avx512bw_vec32_exact_perm,57-49-85-93-95-80-67-39-45-48-96-73-7-31-51-20-94-58-98-88-19-64-89-27-97-14-34-8-84-21-32-62-53-28-13-91-17-82-66-79-72-33-23-16-55-38-3-6-77-41-59-22-99-42-12-43-92-69-61-9-100-46-29-60-65-47-90-50-2-40-18-1-44-54-36-71-24-11-4-30-52-56-87-70-37-26-83-63-74-10-5-86-81-15-75-35-78-76-25-68
Ta100x20,7,4,400,0.925,0.05,3,2230703228,17000,6542,6346,5991,5.329529958,v2_avx512bw_vec32_exact_perm,57-49-85-93-80-42-7-95-45-98-48-51-58-39-18-94-67-96-62-64-30-89-88-32-14-34-43-73-17-16-91-41-23-84-60-22-31-100-97-20-29-33-21-13-47-50-99-53-19-6-72-59-66-28-27-71-3-77-92-86-79-8-36-55-5-65-2-90-12-38-87-82-74-69-26-61-10-24-56-9-52-46-1-40-44-54-4-35-63-11-15-81-83-75-37-70-78-76-25-68
Ta100x20,7,4,400,0.925,0.05,4,2230704237,17000,6528,6346,5991,5.670869697,v2_avx512bw_vec32_exact_perm,57-49-85-93-95-67-39-80-45-64-31-98-7-48-58-88-60-94-43-32-96-27-89-20-97-16-73-17-62-84-19-6-72-92-33-55-91-23-53-21-14-42-38-59-51-13-69-50-12-40-28-66-34-41-79-29-2-61-11-47-18-36-100-22-82-77-44-8-99-74-30-3-71-54-26-86-65-35-90-56-70-24-4-52-87-9-46-5-15-83-10-1-25-81-63-78-37-76-75-68
Ta100x20,7,4,400,0.925,0.05,5,2230705246,17000,6573,6346,5991,5.223603793,v2_avx512bw_vec32_exact_perm,57-49-85-93-39-58-80-94-13-95-32-45-64-67-7-51-89-48-88-98-96-91-20-62-72-6-33-19-42-97-14-29-11-16-41-84-66-69-31-34-2-79-59-22-100-55-28-43-77-15-65-3-23-82-92-40-35-5-27-50-17-44-53-90-18-12-47-60-8-30-73-56-52-46-4-74-24-21-38-26-87-99-9-83-10-54-71-81-25-36-37-86-75-63-78-61-1-68-70-76
Ta100x20,7,4,400,0.925,0.05,6,2230706255,17000,6538,6346,5991,5.530749025,v2_avx512bw_vec32_exact_perm,57-49-85-93-95-67-80-58-31-73-94-48-45-98-64-43-32-42-7-14-6-84-23-62-97-39-91-20-33-19-88-12-59-29-27-21-13-66-34-55-16-99-96-22-53-82-41-100-79-72-77-30-3-2-90-89-51-36-17-8-24-92-71-28-47-87-5-18-69-38-26-52-11-81-50-74-40-60-1-46-15-65-61-4-54-63-9-86-70-44-76-56-37-83-35-10-78-25-75-68
Ta100x20,7,4,400,0.925,0.05,7,2230707264,17000,6534,6346,5991,5.027646845,v2_avx512bw_vec32_exact_perm,57-49-85-93-67-95-80-64-88-45-73-58-60-43-100-51-48-32-31-7-91-23-27-62-16-84-13-69-29-21-89-61-50-38-34-86-94-19-97-82-28-98-77-20-92-96-44-59-55-24-2-33-30-66-26-72-12-17-53-6-14-90-3-8-22-47-42-79-52-5-11-36-41-4-9-39-71-65-87-54-99-10-1-40-81-18-74-15-83-37-63-46-56-75-25-68-78-35-70-76
Ta100x20,7,4,400,0.925,0.05,8,2230708273,17000,6608,6346,5991,5.389647459,v2_avx512bw_vec32_exact_perm,57-49-85-93-67-39-88-94-45-31-7-73-48-97-51-89-95-58-98-17-14-59-16-64-20-41-19-21-43-84-34-33-91-2-22-62-69-27-52-28-13-38-29-96-6-26-53-79-99-80-3-77-5-100-71-8-90-60-47-12-66-40-23-72-61-92-56-55-32-42-87-36-24-82-11-9-65-46-54-50-18-30-86-74-70-15-83-75-35-10-44-81-4-1-37-63-78-68-76-25
Ta100x20,7,4,400,0.925,0.05,9,2230709282,17000,6583,6346,5991,5.376784058,v2_avx512bw_vec32_exact_perm,57-49-85-93-80-67-29-62-32-7-31-95-89-45-39-42-73-58-88-94-51-48-100-84-66-96-64-27-21-6-69-20-14-19-13-43-53-98-82-91-23-3-55-28-41-36-12-38-79-34-4-71-59-16-40-30-72-97-54-33-17-99-47-22-18-2-61-35-5-77-92-11-15-24-90-65-87-60-74-8-26-50-86-9-10-63-37-46-52-44-83-81-70-56-1-76-78-25-75-68
Ta100x20,7,4,400,0.925,0.05,10,2230710291,17000,6534,6346,5991,5.093175854,v2_avx512bw_vec32_exact_perm,57-49-85-93-97-67-98-94-39-58-45-62-7-95-31-51-48-13-27-91-43-6-82-73-88-32-29-20-96-14-69-23-59-84-19-89-36-12-64-3-61-33-22-79-16-99-2-77-100-34-72-8-41-60-44-55-24-90-18-42-66-38-47-92-56-30-74-11-28-40-50-54-71-5-21-70-17-52-53-26-9-4-15-87-46-86-63-37-65-25-78-83-10-35-1-81-80-76-75-68
Ta100x20,7,4,400,0.925,0.075,1,2230701210,17000,6565,6346,5991,5.802567554,v2_avx512bw_vec32_exact_perm,57-49-85-93-80-95-30-27-31-39-45-43-94-88-51-23-48-98-84-33-92-62-60-58-67-13-64-91-59-89-28-77-12-6-21-73-14-22-16-19-29-20-47-34-72-3-36-96-97-79-55-42-69-18-2-41-65-71-53-5-99-90-32-54-87-82-61-50-44-8-7-38-100-17-46-74-40-52-1-4-9-83-15-24-11-35-81-26-37-10-66-63-56-70-86-75-78-76-25-68
Ta100x20,7,4,400,0.925,0.075,2,2230702219,17000,6567,6346,5991,5.611046798,v2_avx512bw_vec32_exact_perm,57-49-85-93-67-73-21-58-80-62-91-94-7-16-51-31-64-39-97-88-98-20-45-32-29-95-48-33-96-42-6-43-19-59-84-72-60-89-34-13-69-23-92-41-12-2-61-66-50-100-8-22-82-27-17-54-79-30-44-55-3-11-36-24-14-18-90-26-77-53-65-4-87-38-47-46-15-40-28-52-1-74-99-5-10-71-83-37-9-81-86-56-63-35-70-75-78-25-76-68
Ta100x20,7,4,400,0.925,0.075,3,2230703228,17000,6571,6346,5991,5.638443486,v2_avx512bw_vec32_exact_perm,57-49-85-93-58-95-80-94-48-64-45-84-67-100-51-89-98-73-88-14-17-20-19-8-59-32-97-31-16-34-42-23-24-62-7-9-66-22-6-39-99-96-65-41-91-69-29-13-72-53-61-92-28-47-60-43-18-38-12-33-27-79-21-77-3-82-71-40-87-55-2-46-30-26-54-5-11-90-50-74-52-70-10-36-44-81-15-4-83-56-86-63-37-35-76-1-75-25-78-68
Ta100x20,7,4,400,0.925,0.075,4,2230704237,17000,6541,6346,5991,5.585681239,v2_avx512bw_vec32_exact_perm,57-49-85-93-67-95-7-94-80-98-58-64-13-39-27-88-45-62-6-20-51-16-97-91-59-31-42-34-41-48-84-89-12-43-100-79-22-3-21-28-53-82-36-66-47-73-14-19-32-96-29-17-92-77-99-8-40-72-50-69-24-87-23-5-9-90-18-55-56-54-30-46-33-52-4-70-38-61-65-2-15-81-71-86-35-11-1-83-74-60-26-44-68-63-37-10-75-78-25-76
Ta100x20,7,4,400,0.925,0.075,5,2230705246,17000,6613,6346,5991,5.622437599,v2_avx512bw_vec32_exact_perm,57-49-85-93-7-80-97-31-58-16-64-23-77-73-98-94-67-88-48-27-13-89-34-39-51-42-41-45-53-6-20-62-91-21-90-22-14-55-28-12-8-30-43-71-2-96-72-50-33-59-100-92-79-19-17-32-95-69-44-84-3-24-18-66-40-47-36-15-29-99-74-11-65-9-56-46-82-37-25-26-38-87-4-54-83-52-5-86-60-61-10-63-81-1-68-35-75-78-70-76
Ta100x20,7,4,400,0.925,0.075,6,2230706255,17000,6593,6346,5991,4.970901705,v2_avx512bw_vec32_exact_perm,57-49-85-93-58-7-95-80-45-94-39-98-67-51-48-100-27-31-89-13-16-73-84-20-42-12-88-91-14-33-30-43-18-34-97-62-79-2-59-72-3-19-36-65-21-82-22-50-90-6-8-29-46-55-28-32-53-99-61-26-92-40-44-23-47-77-71-60-69-96-66-64-9-11-17-74-52-54-24-4-41-87-37-5-15-38-81-1-83-56-68-75-25-10-86-78-63-35-70-76
Ta100x20,7,4,400,0.925,0.075,7,2230707264,17000,6591,6346,5991,5.751700355,v2_avx512bw_vec32_exact_perm,57-49-85-93-80-95-7-39-98-58-67-97-88-62-73-19-48-64-45-6-34-96-42-31-60-94-51-13-20-79-72-21-32-84-36-14-29-33-91-22-89-8-59-12-100-38-99-53-16-90-43-30-55-27-92-40-28-65-17-23-87-3-24-82-77-18-71-50-2-41-69-11-5-9-44-61-46-54-75-10-15-66-56-63-52-35-25-47-37-83-86-4-81-26-74-78-1-68-70-76
Ta100x20,7,4,400,0.925,0.075,8,2230708273,17000,6571,6346,5991,5.660248189,v2_avx512bw_vec32_exact_perm,57-49-85-93-80-67-31-95-58-62-94-91-84-73-7-48-45-43-64-98-39-36-34-51-19-97-32-20-96-59-27-89-16-88-42-17-13-30-14-41-33-22-79-18-72-23-44-38-77-21-40-100-54-6-66-55-28-11-3-12-82-8-92-99-71-5-50-69-29-90-78-9-2-53-24-65-47-52-61-46-26-60-83-74-86-15-10-87-25-37-4-81-63-75-56-35-1-68-70-76
Ta100x20,7,4,400,0.925,0.075,9,2230709282,17000,6550,6346,5991,5.35665224,v2_avx512bw_vec32_exact_perm,57-49-85-93-95-80-39-98-67-60-45-7-48-43-94-62-89-58-91-13-27-59-69-31-96-19-73-34-88-51-16-64-6-22-77-21-72-84-36-41-97-15-33-20-3-61-42-65-79-47-28-29-82-55-8-2-53-37-32-56-46-90-92-100-12-44-99-30-26-66-17-52-71-14-5-50-11-18-23-4-86-54-24-40-87-81-83-9-74-35-70-63-10-1-38-75-78-76-25-68
Ta100x20,7,4,400,0.925,0.075,10,2230710291,17000,6541,6346,5991,5.443174082,v2_avx512bw_vec32_exact_perm,57-49-85-93-80-67-95-45-7-58-43-98-94-97-73-39-34-48-89-12-91-88-41-16-51-27-23-20-84-82-13-64-100-47-28-14-19-50-38-59-72-53-42-96-6-62-69-31-79-66-52-22-8-17-92-65-77-99-55-90-29-3-30-33-36-21-2-56-32-74-61-15-46-18-24-5-11-9-86-87-60-40-54-71-44-10-26-4-63-37-35-70-83-1-81-76-78-25-75-68
Ta100x20,7,4,400,0.925,0.1,1,2230701210,17000,6574,6346,5991,5.413863217,v2_avx512bw_vec32_exact_perm,57-49-85-93-67-80-73-31-58-42-94-7-43-12-51-98-95-6-62-64-39-16-89-45-97-14-96-34-72-23-8-22-88-13-91-52-20-69-55-36-19-29-4-33-38-59-28-71-47-48-84-5-17-82-27-3-61-15-46-92-30-79-21-41-100-11-2-53-77-44-24-54-90-66-65-32-50-74-56-9-18-86-60-35-81-87-40-83-99-10-63-70-75-37-26-25-78-1-76-68
Ta100x20,7,4,400,0.925,0.1,2,2230702219,17000,6564,6346,5991,5.674520758,v2_avx512bw_vec32_exact_perm,57-49-85-93-67-73-48-88-42-7-39-51-89-94-98-45-29-20-80-58-62-97-6-95-91-69-8-99-84-31-16-60-34-32-96-33-100-43-14-13-72-64-59-22-3-23-12-19-79-87-77-82-24-38-36-61-65-53-54-44-50-92-21-27-55-90-11-30-41-66-28-2-18-81-86-52-71-9-40-74-26-47-63-5-17-15-46-56-4-37-83-1-75-25-35-68-10-78-70-76
Ta100x20,7,4,400,0.925,0.1,3,2230703228,17000,6575,6346,5991,5.89636265,v2_avx512bw_vec32_exact_perm,57-49-85-93-80-39-95-98-7-67-73-48-58-45-94-43-31-97-88-64-16-89-51-96-20-72-84-23-14-28-38-32-99-55-21-62-100-6-53-27-29-13-69-36-42-79-34-3-91-59-19-2-11-22-47-33-18-90-12-8-82-71-66-77-41-9-54-46-61-92-74-86-30-65-15-17-52-87-37-50-5-40-24-60-44-56-70-4-81-35-75-63-78-83-25-26-10-1-76-68
Ta100x20,7,4,400,0.925,0.1,4,2230704237,17000,6571,6346,5991,5.598587606,v2_avx512bw_vec32_exact_perm,57-49-85-93-80-95-73-7-67-16-98-58-39-62-42-45-51-31-96-6-23-97-48-21-84-69-27-89-14-94-100-43-22-53-64-32-79-99-33-91-3-59-19-13-34-30-82-20-88-8-66-12-29-77-90-65-55-92-72-41-44-28-40-11-71-4-36-47-46-87-60-86-50-24-54-61-2-1-56-15-83-9-5-10-38-52-35-17-74-18-81-26-70-37-63-75-78-76-25-68
Ta100x20,7,4,400,0.925,0.1,5,2230705246,17000,6587,6346,5991,6.188304306,v2_avx512bw_vec32_exact_perm,57-49-85-93-67-45-95-62-20-88-39-58-80-33-22-77-91-7-98-73-94-31-13-43-59-48-32-17-51-96-89-64-14-34-23-42-84-66-6-27-2-16-29-19-41-60-79-55-3-92-69-18-65-36-53-99-82-21-30-47-12-97-90-72-9-46-100-61-4-81-28-40-8-71-52-56-87-70-54-26-74-50-11-38-37-15-24-5-86-83-1-35-10-44-63-75-78-25-68-76
Ta100x20,7,4,400,0.925,0.1,6,2230706255,17000,6607,6346,5991,5.597879276,v2_avx512bw_vec32_exact_perm,57-49-85-93-67-95-39-98-58-19-7-80-48-62-91-42-97-43-45-51-88-94-12-73-82-90-32-64-34-77-13-9-22-89-31-20-72-8-65-6-100-16-33-29-66-44-23-84-27-71-92-3-59-96-24-69-14-41-4-28-21-35-30-86-2-79-25-17-38-47-99-26-55-54-53-18-11-50-40-5-87-36-10-63-56-52-60-37-74-15-61-81-75-1-46-83-78-68-70-76
Ta100x20,7,4,400,0.925,0.1,7,2230707264,17000,6600,6346,5991,5.809039792,v2_avx512bw_vec32_exact_perm,57-49-85-93-80-100-67-98-96-51-58-39-97-94-62-88-30-16-48-27-73-45-59-31-79-14-17-64-95-84-20-89-34-28-8-6-3-86-82-91-13-12-42-72-41-7-36-32-29-43-18-38-90-33-23-21-47-92-26-11-2-50-22-19-87-99-65-53-54-55-69-56-52-61-40-71-37-77-63-24-44-5-70-46-74-9-66-60-4-83-81-15-1-35-25-10-75-78-76-68
Ta100x20,7,4,400,0.925,0.1,8,2230708273,17000,6549,6346,5991,5.515609173,v2_avx512bw_vec32_exact_perm,57-49-85-93-80-95-45-48-97-6-62-64-67-7-58-41-39-31-88-96-51-20-77-98-16-89-59-32-69-94-84-34-33-91-86-14-43-27-22-23-60-73-13-19-79-12-21-36-30-29-52-38-61-2-90-3-44-82-28-55-72-17-65-15-50-99-53-8-47-54-71-4-5-40-9-87-66-56-42-46-100-24-11-18-37-26-10-92-81-25-75-1-63-83-68-74-78-35-70-76
Ta100x20,7,4,400,0.925,0.1,9,2230709282,17000,6564,6346,5991,5.646323675,v2_avx512bw_vec32_exact_perm,57-49-93-85-80-19-95-98-14-45-67-48-60-96-58-72-41-64-88-31-39-73-43-47-51-20-7-89-17-97-94-79-22-6-62-82-16-77-33-61-91-32-86-99-34-59-2-3-84-28-21-13-69-53-52-50-100-1-90-12-27-66-71-8-29-92-18-55-23-11-44-24-15-36-30-42-40-37-74-56-65-54-38-4-26-83-81-5-70-9-35-10-63-87-46-78-76-75-25-68
Ta100x20,7,4,400,0.925,0.1,10,2230710291,17000,6570,6346,5991,6.148787725,v2_avx512bw_vec32_exact_perm,57-49-85-93-80-7-64-58-95-100-67-43-62-98-39-84-16-45-20-94-30-51-31-69-88-96-97-12-73-72-89-34-6-54-21-33-22-19-23-48-38-17-77-47-42-60-44-53-28-91-8-13-82-24-37-5-27-11-61-2-40-92-36-65-29-86-90-50-59-41-55-18-79-3-26-99-32-14-87-46-52-56-9-4-68-81-71-10-15-75-1-25-66-63-83-74-78-35-70-76
Ta100x20,7,4,400,0.925,0.125,1,2230701210,17000,6597,6346,5991,5.492295015,v2_avx512bw_vec32_exact_perm,57-49-85-93-80-67-58-94-88-51-73-62-95-31-45-19-7-6-97-89-59-84-39-34-5-32-20-77-16-33-66-12-29-98-91-43-44-96-69-64-92-21-42-22-40-72-79-48-47-55-3-41-36-99-23-2-30-60-71-17-28-24-100-87-14-13-4-74-37-18-11-53-27-82-90-50-61-54-8-52-65-26-81-15-46-9-56-1-70-83-38-35-10-63-75-25-78-86-76-68
Ta100x20,7,4,400,0.925,0.125,2,2230702219,17000,6578,6346,5991,5.231096164,v2_avx512bw_vec32_exact_perm,57-49-85-93-95-80-67-91-58-64-45-98-30-62-31-48-94-16-33-7-89-96-12-72-20-14-29-51-13-43-6-28-23-39-3-61-8-92-34-97-84-82-50-73-21-55-69-42-19-17-22-59-66-77-100-79-88-38-11-24-40-53-54-90-27-65-18-99-70-32-52-74-5-9-41-47-15-46-4-35-56-71-87-86-36-60-37-81-26-44-83-63-1-2-78-25-75-10-76-68
Ta100x20,7,4,400,0.925,0.125,3,2230703228,17000,6571,6346,5991,5.188742815,v2_avx512bw_vec32_exact_perm,57-49-85-93-32-95-80-58-73-20-51-48-94-52-7-67-39-84-27-59-62-91-3-45-61-23-64-31-19-88-69-100-13-34-98-99-6-10-77-89-29-43-16-72-2-17-92-33-96-42-8-65-53-14-30-12-90-22-36-66-21-55-79-9-41-71-97-82-15-47-60-18-87-5-46-24-11-26-40-44-56-50-38-4-54-1-28-81-35-63-37-70-75-83-86-74-76-78-25-68
Ta100x20,7,4,400,0.925,0.125,4,2230704237,17000,6555,6346,5991,5.399968938,v2_avx512bw_vec32_exact_perm,57-49-85-93-80-95-67-58-45-94-7-16-51-98-48-97-89-27-31-60-72-20-32-73-43-47-14-53-88-19-62-64-41-12-99-84-91-23-6-34-66-8-42-13-22-77-59-69-24-21-18-40-100-29-96-79-52-36-46-61-82-44-92-55-38-17-28-65-56-3-90-75-83-71-54-30-39-86-11-50-87-15-74-2-4-5-9-1-10-35-63-33-26-81-78-70-37-25-76-68
Ta100x20,7,4,400,0.925,0.125,5,2230705246,17000,6605,6346,5991,5.910557958,v2_avx512bw_vec32_exact_perm,57-49-85-93-80-23-39-58-98-67-41-20-6-95-30-45-62-88-97-16-94-51-48-22-8-77-91-43-59-73-7-14-64-31-60-27-36-96-84-61-89-79-42-10-72-33-12-3-90-2-19-55-21-66-34-29-99-100-54-17-32-11-82-40-13-65-71-69-44-38-92-50-87-18-83-26-74-46-28-47-52-53-35-70-15-5-81-56-9-63-1-86-4-24-75-37-78-25-76-68
Ta100x20,7,4,400,0.925,0.125,6,2230706255,17000,6545,6346,5991,5.214923004,v2_avx512bw_vec32_exact_perm,57-49-85-93-80-95-100-67-88-45-41-19-51-48-73-31-96-58-62-43-94-7-20-89-97-16-69-64-6-23-29-84-12-66-34-13-99-72-8-22-36-55-91-42-44-59-27-17-9-21-28-46-77-79-18-32-38-40-24-39-33-14-65-82-3-90-26-30-2-61-47-92-53-15-11-60-87-56-71-50-70-5-74-54-86-4-52-63-35-81-1-83-37-76-98-25-10-75-78-68
Ta100x20,7,4,400,0.925,0.125,7,2230707264,17000,6587,6346,5991,4.998137789,v2_avx512bw_vec32_exact_perm,57-49-85-93-95-67-94-98-80-45-31-19-48-39-58-64-7-32-73-81-13-51-88-96-28-89-29-43-97-42-62-33-8-14-91-72-84-20-23-16-6-4-38-34-71-47-69-90-11-41-3-21-17-30-46-61-82-53-36-5-22-86-55-92-18-65-59-77-12-66-9-79-40-26-100-74-60-99-54-56-2-24-75-50-70-87-15-63-37-27-25-10-1-83-35-44-52-78-76-68
Ta100x20,7,4,400,0.925,0.125,8,2230708273,17000,6541,6346,5991,5.149319103,v2_avx512bw_vec32_exact_perm,57-49-85-93-39-80-95-67-88-62-58-64-98-100-84-6-45-91-48-94-53-43-89-60-20-77-73-72-32-8-51-14-61-33-34-71-13-47-69-31-16-66-21-50-19-59-29-17-9-99-92-24-82-41-65-36-3-42-18-30-79-40-2-90-22-11-7-28-12-44-23-97-15-87-46-27-54-55-38-52-1-26-70-4-96-5-74-86-10-63-37-83-56-81-35-76-75-78-25-68
Ta100x20,7,4,400,0.925,0.125,9,2230709282,17000,6579,6346,5991,5.193454344,v2_avx512bw_vec32_exact_perm,57-49-85-93-58-7-80-95-39-67-51-62-96-42-6-45-98-88-64-89-21-32-94-97-41-84-79-31-33-48-22-73-19-29-55-43-28-59-69-36-2-44-16-17-38-20-72-12-100-15-27-13-91-34-77-30-23-90-8-65-53-54-92-3-61-14-5-50-87-82-26-18-74-46-86-47-60-71-99-40-9-11-52-66-4-56-24-81-10-35-63-1-37-75-83-78-25-68-70-76
Ta100x20,7,4,400,0.925,0.125,10,2230710291,17000,6553,6346,5991,5.411676578,v2_avx512bw_vec32_exact_perm,57-49-85-93-80-58-94-95-43-97-20-67-6-60-48-79-51-73-84-33-42-62-14-34-96-45-99-31-22-77-39-88-24-59-23-27-16-32-69-100-55-98-13-21-91-29-89-53-12-8-41-90-7-61-9-38-82-26-40-3-66-47-4-71-17-28-30-92-36-81-54-19-72-64-86-70-74-65-18-87-5-15-35-46-11-52-56-63-37-83-10-78-50-44-2-75-1-25-68-76
Ta100x20,7,4,400,0.9625,0.025,1,2230701210,17000,6527,6346,5991,5.382051301,v2_avx512bw_vec32_exact_perm,57-49-85-93-67-98-95-80-7-39-45-42-13-58-94-62-51-88-64-16-43-33-32-73-97-6-14-89-84-31-100-27-29-96-21-91-38-34-48-69-19-18-20-59-55-23-74-41-22-28-90-79-47-12-82-3-77-2-66-72-61-50-71-8-99-53-11-40-26-65-92-24-36-30-17-46-1-4-9-44-15-54-5-87-60-81-37-78-83-10-63-56-25-52-86-75-68-35-70-76
Ta100x20,7,4,400,0.9625,0.025,2,2230702219,17000,6610,6346,5991,5.776416939,v2_avx512bw_vec32_exact_perm,49-85-93-95-67-39-80-62-45-58-97-98-48-31-94-43-89-73-91-64-32-33-6-7-51-59-84-14-27-12-23-19-88-2-42-47-34-16-66-20-53-96-28-13-72-69-22-79-90-65-52-29-56-30-100-3-8-55-36-82-38-41-26-46-4-61-21-24-86-15-9-17-11-54-18-77-74-5-60-87-92-99-40-63-71-1-70-10-50-37-83-44-35-75-78-81-76-25-68-57
Ta100x20,7,4,400,0.9625,0.025,3,2230703228,17000,6535,6346,5991,5.755641442,v2_avx512bw_vec32_exact_perm,57-49-85-93-95-67-7-80-39-73-45-98-88-96-51-94-19-48-64-58-89-16-62-6-84-97-14-43-42-20-27-33-91-23-77-59-12-31-55-2-65-22-3-53-72-100-13-34-41-69-79-82-38-21-66-29-24-52-90-28-30-8-18-11-47-50-36-44-17-46-56-9-5-54-4-92-61-26-86-74-40-32-99-71-15-83-87-10-81-60-70-63-37-75-35-78-1-76-25-68
Ta100x20,7,4,400,0.9625,0.025,4,2230704237,17000,6590,6346,5991,5.562539846,v2_avx512bw_vec32_exact_perm,57-49-85-93-80-95-7-94-67-51-98-45-43-39-97-32-88-60-6-42-34-13-14-62-27-64-79-19-48-89-84-22-59-73-41-77-91-38-12-33-23-17-16-20-92-30-47-29-2-36-69-55-31-21-96-61-28-3-82-9-66-8-56-18-58-90-53-5-72-50-100-70-46-99-40-87-83-44-26-15-65-4-54-74-52-35-71-10-86-63-81-24-11-37-78-25-1-76-75-68
Ta100x20,7,4,400,0.9625,0.025,5,2230705246,17000,6498,6346,5991,5.618257161,v2_avx512bw_vec32_exact_perm,57-49-85-93-80-95-45-67-73-31-16-39-98-20-58-7-96-94-51-48-14-97-32-64-43-88-91-41-29-66-62-28-69-59-21-84-82-89-19-27-12-34-22-33-100-54-53-60-47-92-79-77-13-72-18-5-6-40-55-71-3-36-50-87-42-90-11-86-61-2-52-24-17-74-38-8-99-9-65-23-56-10-70-30-15-26-44-4-46-81-63-37-83-78-35-1-76-25-75-68
Ta100x20,7,4,400,0.9625,0.025,6,2230706255,17000,6543,6346,5991,5.495146979,v2_avx512bw_vec32_exact_perm,57-49-85-93-95-45-80-39-98-67-20-94-58-7-62-42-13-51-88-84-91-27-14-34-64-43-72-32-60-89-6-96-65-97-73-19-79-48-59-12-41-31-3-82-55-99-29-23-21-66-53-28-77-90-17-8-44-50-71-16-30-92-47-69-2-38-33-54-36-61-40-11-46-24-22-5-74-100-52-18-10-26-86-63-87-56-15-81-4-37-83-75-9-35-1-70-78-76-25-68
Ta100x20,7,4,400,0.9625,0.025,7,2230707264,17000,6580,6346,5991,5.252545162,v2_avx512bw_vec32_exact_perm,57-49-85-93-80-94-95-67-45-48-58-60-39-88-32-7-20-98-51-23-84-73-33-31-34-64-6-96-77-100-66-16-62-14-91-79-21-59-27-22-12-13-55-47-53-19-29-43-89-69-38-97-42-61-24-82-28-5-11-3-17-54-90-65-72-41-2-40-92-26-4-18-30-86-74-8-36-81-87-46-99-9-71-15-56-83-35-75-70-50-52-37-10-1-25-44-78-63-76-68
Ta100x20,7,4,400,0.9625,0.025,8,2230708273,17000,6547,6346,5991,5.689542981,v2_avx512bw_vec32_exact_perm,57-49-85-93-95-80-94-67-58-48-7-45-64-98-91-97-13-51-96-6-20-42-34-43-84-12-39-23-73-88-62-27-16-14-31-36-29-89-32-38-82-22-100-19-79-65-3-66-17-28-33-77-21-92-44-2-41-55-18-69-47-59-53-26-72-30-50-71-11-40-52-8-74-90-24-99-87-60-54-5-46-83-56-25-81-15-61-37-63-4-9-10-86-1-75-68-78-35-70-76
Ta100x20,7,4,400,0.9625,0.025,9,2230709282,17000,6549,6346,5991,5.537729936,v2_avx512bw_vec32_exact_perm,57-49-85-93-67-7-95-58-94-80-98-39-96-48-32-64-51-73-43-97-88-27-14-62-59-23-19-21-36-89-33-12-6-45-16-79-22-84-42-100-13-72-29-53-92-34-91-20-41-55-31-28-82-2-66-46-61-18-90-71-8-47-65-77-40-17-11-9-44-52-81-69-50-30-99-56-70-5-3-86-26-60-37-24-4-15-87-54-10-63-74-38-83-35-1-76-75-78-25-68
Ta100x20,7,4,400,0.9625,0.025,10,2230710291,17000,6537,6346,5991,5.290451438,v2_avx512bw_vec32_exact_perm,57-49-85-93-95-45-51-98-48-96-67-39-94-58-88-97-73-19-62-32-43-7-91-64-33-27-84-89-31-6-80-34-59-14-12-17-22-100-60-77-50-82-65-20-54-13-90-37-21-69-79-2-18-53-8-30-72-92-36-29-16-23-61-38-47-55-99-42-11-41-3-24-9-40-26-74-46-83-5-71-15-4-1-56-87-52-81-86-35-28-44-10-70-63-78-66-75-25-68-76
Ta100x20,7,4,400,0.9625,0.05,1,2230701210,17000,6561,6346,5991,5.705500398,v2_avx512bw_vec32_exact_perm,57-49-85-93-80-95-67-31-45-58-39-48-94-98-96-89-16-64-69-22-91-7-6-99-73-23-13-42-29-43-84-21-14-20-33-27-62-77-71-34-12-3-59-55-72-92-19-8-36-79-32-97-38-88-2-41-30-28-90-66-17-46-65-24-47-52-100-11-61-40-26-18-53-5-44-60-74-4-70-50-81-9-82-56-15-51-83-87-35-10-37-63-54-75-86-1-78-76-25-68
Ta100x20,7,4,400,0.9625,0.05,2,2230702219,17000,6575,6346,5991,5.313002392,v2_avx512bw_vec32_exact_perm,57-49-85-93-95-67-80-64-58-39-45-43-62-52-91-84-73-88-51-60-27-97-7-42-96-34-94-23-13-98-31-48-53-6-12-89-33-47-19-20-16-14-77-44-59-99-3-38-29-36-69-28-22-79-100-71-2-30-65-54-21-18-55-72-92-41-74-4-11-17-15-8-37-32-40-82-46-61-9-24-90-1-50-26-86-68-81-66-63-5-10-56-83-75-25-35-78-87-70-76
Ta100x20,7,4,400,0.9625,0.05,3,2230703228,17000,6554,6346,5991,5.541701716,v2_avx512bw_vec32_exact_perm,57-49-85-93-67-95-7-58-80-98-45-94-48-62-39-88-64-19-69-51-73-6-16-20-32-89-13-42-97-96-84-23-33-21-55-22-91-27-31-59-77-14-34-36-43-8-100-71-50-1-82-72-11-52-30-38-79-12-17-90-28-92-3-40-15-29-41-5-24-53-74-18-86-65-99-66-47-61-9-2-70-4-56-46-26-81-60-87-83-54-10-37-44-25-63-35-76-78-75-68
Ta100x20,7,4,400,0.9625,0.05,4,2230704237,17000,6569,6346,5991,5.987323132,v2_avx512bw_vec32_exact_perm,57-49-85-93-95-91-80-39-67-45-62-60-31-30-96-58-94-48-64-6-34-97-7-12-16-73-13-88-51-29-20-28-21-66-8-2-23-22-14-43-79-89-32-36-77-42-84-33-55-72-99-53-27-59-41-19-54-65-3-90-100-10-87-17-15-47-18-69-46-38-11-52-61-98-24-56-82-40-44-92-83-9-81-71-74-63-26-37-75-86-70-5-4-50-1-35-76-78-25-68
Ta100x20,7,4,400,0.9625,0.05,5,2230705246,17000,6576,6346,5991,6.153445038,v2_avx512bw_vec32_exact_perm,57-49-85-93-67-80-95-48-73-58-20-7-6-84-62-60-45-39-88-27-64-98-31-96-94-51-91-43-13-34-14-19-23-12-90-77-22-69-29-65-92-33-59-89-21-9-16-42-17-30-66-41-74-54-24-82-40-99-72-100-44-3-32-47-97-55-61-18-8-36-5-52-86-81-71-2-1-50-38-87-46-28-79-15-11-56-4-83-53-63-26-10-37-70-78-35-75-76-25-68
Ta100x20,7,4,400,0.9625,0.05,6,2230706255,17000,6606,6346,5991,6.062440506,v2_avx512bw_vec32_exact_perm,57-49-85-93-67-48-80-95-45-39-58-98-89-13-94-96-64-30-62-88-29-33-73-42-7-84-12-91-51-43-31-34-97-14-20-54-16-79-6-60-69-40-19-72-21-9-47-66-92-36-17-18-50-44-27-22-59-23-56-55-3-2-11-41-71-24-100-61-52-53-90-8-99-77-5-86-82-87-28-4-74-37-26-15-46-65-70-32-38-35-63-1-25-81-83-78-10-75-76-68
Ta100x20,7,4,400,0.9625,0.05,7,2230707264,17000,6537,6346,5991,5.989536008,v2_avx512bw_vec32_exact_perm,57-49-85-93-7-67-58-94-80-98-39-96-95-32-64-41-91-34-45-51-48-84-13-89-88-73-42-16-23-19-69-20-66-97-12-33-62-29-14-6-54-59-72-31-55-77-17-100-18-22-43-79-2-61-24-3-60-90-11-40-92-71-27-30-8-53-47-21-87-36-50-86-99-65-82-52-28-10-1-5-9-46-15-38-74-83-4-56-26-37-35-44-70-63-78-25-81-76-75-68
Ta100x20,7,4,400,0.9625,0.05,8,2230708273,17000,6535,6346,5991,6.140434287,v2_avx512bw_vec32_exact_perm,57-49-85-93-95-67-45-58-80-94-31-39-32-73-98-48-7-64-96-88-51-23-27-43-19-60-53-42-13-6-89-34-91-29-62-41-20-79-10-72-16-92-82-77-38-17-66-100-22-55-84-28-14-12-33-59-2-71-21-86-90-36-97-30-69-65-8-74-50-3-99-47-61-18-54-5-24-40-11-46-26-9-83-87-56-52-15-44-4-37-63-1-81-35-75-70-78-76-25-68
Ta100x20,7,4,400,0.9625,0.05,9,2230709282,17000,6596,6346,5991,5.388638003,v2_avx512bw_vec32_exact_perm,57-49-85-93-64-88-95-67-73-97-30-31-48-51-58-98-7-94-39-91-45-20-32-33-96-13-89-14-29-34-43-42-36-22-100-61-21-84-62-28-66-16-53-2-79-19-6-15-17-23-50-8-27-92-77-38-47-41-59-3-1-40-72-99-12-18-44-11-82-9-52-55-69-90-56-65-46-35-24-5-26-54-4-74-80-81-70-25-83-87-71-78-86-60-63-10-37-76-75-68
Ta100x20,7,4,400,0.9625,0.05,10,2230710291,17000,6577,6346,5991,5.495311592,v2_avx512bw_vec32_exact_perm,57-49-85-93-95-67-7-73-88-31-51-58-100-12-97-80-6-45-98-96-34-94-39-62-72-84-27-42-64-20-48-59-55-16-91-89-13-23-82-22-79-38-8-69-28-43-77-14-29-21-66-33-32-2-11-60-90-65-3-30-35-47-53-71-56-44-40-24-36-15-19-41-61-74-81-18-92-99-1-9-5-46-17-54-26-4-52-70-76-50-10-87-86-83-37-63-75-78-25-68
Ta100x20,7,4,400,0.9625,0.075,1,2230701210,17000,6573,6346,5991,5.499116839,v2_avx512bw_vec32_exact_perm,57-49-85-93-80-67-95-39-7-51-73-58-45-48-94-98-64-43-89-88-52-96-6-14-99-19-69-97-32-20-100-34-42-59-84-62-36-22-29-13-91-33-55-21-18-79-16-47-8-23-61-31-66-40-72-9-3-41-2-71-27-30-17-38-1-28-46-77-92-90-65-25-50-60-12-11-53-15-5-75-10-82-87-54-44-63-4-37-56-81-83-26-74-68-86-24-78-35-70-76
Ta100x20,7,4,400,0.9625,0.075,2,2230702219,17000,6590,6346,5991,5.546705338,v2_avx512bw_vec32_exact_perm,57-49-85-93-80-95-67-73-31-16-7-39-58-60-94-48-89-20-51-88-91-62-13-45-41-42-32-23-21-14-22-79-12-29-6-64-43-77-25-17-90-92-96-27-44-72-82-84-97-99-36-24-34-2-59-33-19-69-3-66-61-100-87-28-47-54-55-18-65-26-53-11-8-15-81-83-74-30-46-40-5-9-86-35-56-71-70-50-4-1-38-98-52-63-10-78-37-76-75-68
Ta100x20,7,4,400,0.9625,0.075,3,2230703228,17000,6596,6346,5991,5.463863747,v2_avx512bw_vec32_exact_perm,57-49-85-93-80-39-98-7-88-51-48-58-60-67-54-94-20-62-84-64-91-96-23-89-45-34-32-6-95-97-22-82-19-59-16-73-77-66-41-13-100-79-31-42-90-12-92-50-55-33-47-21-43-69-71-30-29-72-86-28-53-14-36-27-17-38-3-99-61-5-74-9-2-11-46-40-65-87-26-24-52-18-1-8-10-4-15-75-70-56-81-63-35-37-83-44-25-78-76-68
Ta100x20,7,4,400,0.9625,0.075,4,2230704237,17000,6600,6346,5991,5.512064477,v2_avx512bw_vec32_exact_perm,57-49-85-93-80-95-45-51-67-88-39-48-62-27-43-94-89-6-96-22-73-84-64-13-77-7-41-91-69-19-58-16-59-66-34-32-31-21-29-33-12-23-2-14-72-20-79-24-3-8-98-36-47-100-50-40-30-99-92-44-17-42-53-18-97-54-5-90-28-86-65-9-55-46-4-87-52-82-56-61-60-26-70-11-71-15-81-74-10-63-37-38-83-78-35-75-1-25-76-68
Ta100x20,7,4,400,0.9625,0.075,5,2230705246,17000,6601,6346,5991,5.386296706,v2_avx512bw_vec32_exact_perm,57-49-93-85-95-67-7-58-29-62-39-88-97-48-51-33-34-98-41-45-77-60-73-31-16-21-89-64-13-6-22-27-94-23-91-2-20-92-44-69-17-12-14-43-19-5-59-84-86-42-72-8-96-71-82-66-11-53-28-52-40-24-90-99-3-26-18-79-55-50-61-54-47-32-4-70-30-38-15-100-9-1-36-74-63-65-87-83-81-35-10-56-46-75-78-80-37-25-68-76
Ta100x20,7,4,400,0.9625,0.075,6,2230706255,17000,6603,6346,5991,5.546808522,v2_avx512bw_vec32_exact_perm,57-49-85-93-80-39-7-58-97-23-94-67-98-45-51-20-64-89-28-88-32-43-31-72-48-73-6-41-16-13-19-34-27-62-91-53-96-79-14-92-33-37-82-40-18-84-77-29-65-21-90-15-22-55-100-2-66-95-52-99-59-50-38-12-69-42-24-5-60-17-30-87-54-8-71-74-86-36-3-4-47-11-46-25-61-83-9-81-26-1-35-10-75-56-44-63-78-68-70-76
Ta100x20,7,4,400,0.9625,0.075,7,2230707264,17000,6610,6346,5991,5.754971732,v2_avx512bw_vec32_exact_perm,57-49-85-93-67-48-94-80-39-60-95-20-58-45-28-84-91-73-62-98-42-96-64-6-29-88-51-27-59-97-89-82-19-43-34-66-12-55-31-21-22-69-90-16-32-8-72-17-99-79-15-5-13-30-92-100-33-2-86-3-14-9-71-50-10-65-53-46-24-26-11-41-47-44-56-4-77-87-36-52-38-81-1-35-7-18-23-40-61-54-74-63-37-83-70-75-76-78-25-68
Ta100x20,7,4,400,0.9625,0.075,8,2230708273,17000,6564,6346,5991,5.697736265,v2_avx512bw_vec32_exact_perm,57-49-85-93-95-67-98-58-94-48-45-80-73-39-7-51-13-89-19-6-23-88-20-96-32-16-33-97-36-91-42-27-84-43-59-62-31-29-66-77-65-12-21-55-14-17-64-34-82-28-87-3-41-47-22-100-11-38-79-72-90-92-24-50-54-2-8-37-71-69-60-30-4-53-40-52-26-74-86-99-46-18-75-1-10-15-61-5-78-63-68-44-56-25-81-83-9-35-70-76
Ta100x20,7,4,400,0.9625,0.075,9,2230709282,17000,6536,6346,5991,5.781066397,v2_avx512bw_vec32_exact_perm,57-49-85-93-80-39-7-95-45-32-94-67-43-64-62-88-48-98-41-58-29-42-97-51-79-96-16-73-84-66-23-89-6-33-2-27-28-55-19-20-21-34-8-3-72-82-17-22-54-11-59-13-31-30-91-69-12-53-36-77-92-5-100-38-18-50-71-46-87-61-47-83-26-44-14-74-15-86-90-65-24-56-9-70-75-40-81-99-52-4-35-60-10-63-1-25-37-78-76-68
Ta100x20,7,4,400,0.9625,0.075,10,2230710291,17000,6559,6346,5991,5.710417285,v2_avx512bw_vec32_exact_perm,57-49-85-93-95-67-7-98-88-73-23-39-51-45-20-32-62-58-84-100-89-33-16-48-31-14-30-97-82-64-34-91-6-19-13-96-69-77-59-79-22-66-99-29-36-21-38-12-43-92-27-41-72-55-53-71-5-47-60-18-90-42-4-11-3-61-17-46-94-40-2-8-87-15-65-50-28-24-70-44-54-86-56-26-81-83-63-80-9-74-37-35-25-75-1-10-52-78-76-68
Ta100x20,7,4,400,0.9625,0.1,1,2230701210,17000,6585,6346,5991,5.274146619,v2_avx512bw_vec32_exact_perm,57-49-85-93-67-94-80-62-91-30-95-39-51-45-58-98-43-73-60-42-48-8-41-28-59-88-79-31-16-22-54-72-27-34-14-23-20-77-100-50-19-84-96-6-66-12-36-92-7-33-89-17-55-71-13-2-47-21-64-53-5-87-97-61-40-9-99-18-32-74-46-52-65-29-15-3-69-44-90-82-56-26-81-37-83-70-75-86-68-24-38-4-35-1-11-63-10-78-25-76
Ta100x20,7,4,400,0.9625,0.1,2,2230702219,17000,6571,6346,5991,5.375366933,v2_avx512bw_vec32_exact_perm,57-49-85-93-80-39-95-67-31-45-7-48-98-64-58-51-94-73-6-96-19-89-97-34-42-88-13-69-33-29-32-62-91-28-8-17-59-55-3-66-20-72-43-30-21-100-84-16-99-54-14-40-11-27-23-46-18-47-65-22-77-79-82-61-53-92-12-60-5-74-36-90-71-50-2-44-52-86-56-41-83-9-87-38-37-4-24-26-35-70-81-63-15-10-1-75-78-76-25-68
Ta100x20,7,4,400,0.9625,0.1,3,2230703228,17000,6580,6346,5991,5.404839289,v2_avx512bw_vec32_exact_perm,57-49-85-93-7-95-80-39-32-45-29-97-43-62-73-64-58-51-31-94-27-98-96-67-88-16-48-59-89-18-19-91-72-84-38-34-20-69-82-13-77-17-42-33-66-6-23-44-90-40-12-55-54-21-36-22-28-100-92-79-50-30-99-8-47-87-14-3-61-65-11-46-15-24-26-4-74-83-41-52-81-53-60-71-2-56-9-10-86-5-63-37-35-70-1-25-75-78-76-68
Ta100x20,7,4,400,0.9625,0.1,4,2230704237,17000,6601,6346,5991,5.23924122,v2_avx512bw_vec32_exact_perm,57-49-85-93-95-80-67-7-96-91-39-98-94-45-48-64-43-58-62-14-84-89-51-20-13-17-31-77-34-41-82-3-23-42-73-88-33-53-27-19-28-72-21-22-79-2-12-99-29-92-69-55-30-16-11-38-36-18-8-61-59-46-47-50-86-32-100-54-97-40-6-52-70-65-66-56-87-71-60-5-26-15-83-74-37-81-9-35-10-44-4-63-1-24-90-76-78-75-25-68
Ta100x20,7,4,400,0.9625,0.1,5,2230705246,17000,6593,6346,5991,5.338029586,v2_avx512bw_vec32_exact_perm,57-49-85-93-7-80-95-67-31-94-45-43-58-100-42-27-39-84-13-33-89-23-98-14-29-34-96-20-97-51-82-48-69-73-88-65-16-61-12-19-59-21-38-8-64-28-91-40-66-55-6-53-18-50-79-62-2-36-30-77-71-99-32-3-5-72-22-47-9-92-41-17-15-90-74-37-46-52-26-87-70-11-56-24-54-83-60-44-4-63-81-35-75-10-86-1-78-25-76-68
Ta100x20,7,4,400,0.9625,0.1,6,2230706255,17000,6589,6346,5991,5.430879202,v2_avx512bw_vec32_exact_perm,57-49-85-93-67-98-80-95-45-58-7-73-39-51-13-31-77-42-16-48-6-91-96-64-89-88-32-62-17-97-20-29-33-59-27-23-84-28-72-19-94-22-3-55-43-50-14-92-44-41-90-2-30-100-79-21-82-4-38-69-71-47-12-36-11-5-60-9-24-8-61-34-66-18-15-26-87-81-40-54-1-65-83-56-53-10-74-37-52-46-63-35-75-86-78-25-99-68-70-76
Ta100x20,7,4,400,0.9625,0.1,7,2230707264,17000,6541,6346,5991,5.355910219,v2_avx512bw_vec32_exact_perm,57-49-85-93-95-98-39-67-97-45-58-80-94-13-42-62-88-19-6-7-31-16-73-51-32-48-23-96-33-29-89-91-27-60-20-53-84-99-64-34-22-79-82-72-75-100-43-92-3-36-2-50-41-30-5-59-14-65-21-9-8-71-69-40-18-46-47-77-12-44-66-61-17-11-4-55-56-90-83-54-1-52-38-26-87-25-74-15-28-37-81-86-78-35-10-63-24-68-70-76
Ta100x20,7,4,400,0.9625,0.1,8,2230708273,17000,6580,6346,5991,5.241834532,v2_avx512bw_vec32_exact_perm,57-49-85-80-93-39-62-58-45-7-97-31-60-67-43-16-94-96-95-27-30-51-73-89-48-88-29-82-20-99-98-66-23-91-6-12-84-14-3-71-13-19-64-69-59-79-77-92-47-2-44-34-22-8-42-33-61-41-100-17-65-40-55-18-26-53-21-9-90-87-50-10-36-72-63-28-46-32-11-38-54-5-4-74-15-24-52-56-81-83-35-37-1-70-25-86-75-78-76-68
Ta100x20,7,4,400,0.9625,0.1,9,2230709282,17000,6602,6346,5991,5.358881541,v2_avx512bw_vec32_exact_perm,57-49-85-93-95-80-58-73-88-39-43-96-94-98-100-48-64-23-7-67-51-20-29-13-19-27-33-42-62-45-6-89-66-59-16-12-47-31-53-90-34-91-55-8-21-41-69-22-84-2-97-72-77-5-82-14-50-38-99-30-92-28-3-26-11-71-74-79-36-32-40-46-18-54-65-63-17-86-70-61-81-60-44-87-9-15-10-56-83-52-24-37-4-75-35-78-1-76-25-68
Ta100x20,7,4,400,0.9625,0.1,10,2230710291,17000,6567,6346,5991,5.691587325,v2_avx512bw_vec32_exact_perm,57-49-85-93-7-80-95-98-94-67-45-48-32-88-64-73-31-13-97-100-29-89-58-39-59-96-91-51-20-42-6-84-33-22-21-69-43-14-62-8-16-53-41-12-90-77-38-34-92-17-3-5-72-30-36-61-71-2-40-66-28-23-4-99-19-54-27-82-74-50-79-47-55-18-26-87-86-65-56-24-60-11-10-9-70-81-35-52-83-44-15-46-1-63-37-75-25-78-76-68
Ta100x20,7,4,400,0.9625,0.125,1,2230701210,17000,6592,6346,5991,5.786123361,v2_avx512bw_vec32_exact_perm,57-49-93-100-67-98-94-45-80-31-7-95-43-12-59-42-88-39-29-27-53-13-51-96-58-73-48-84-34-97-20-6-14-38-21-23-89-28-69-91-19-22-62-92-82-32-79-36-16-55-41-99-72-61-4-60-17-85-3-26-8-66-44-77-40-90-47-24-33-54-71-2-86-30-74-65-11-37-52-15-5-10-18-50-1-56-64-9-70-63-87-46-83-35-78-81-76-75-25-68
Ta100x20,7,4,400,0.9625,0.125,2,2230702219,17000,6621,6346,5991,5.648228942,v2_avx512bw_vec32_exact_perm,57-49-85-93-67-39-7-80-62-88-95-97-51-45-94-48-34-60-31-53-27-58-20-73-6-96-42-3-84-36-19-89-12-82-64-43-100-61-14-98-24-16-38-26-66-69-77-79-90-32-65-47-22-91-23-41-17-40-55-59-99-13-28-92-21-33-29-2-9-72-18-71-74-52-50-86-8-44-46-30-83-56-5-70-54-35-4-1-87-15-11-81-63-37-25-78-10-75-76-68
Ta100x20,7,4,400,0.9625,0.125,3,2230703228,17000,6605,6346,5991,5.806664863,v2_avx512bw_vec32_exact_perm,57-49-85-93-67-48-84-95-19-94-45-51-98-42-80-39-43-73-32-89-7-12-22-36-33-62-14-88-13-34-27-58-91-59-100-31-41-54-29-61-77-23-38-97-72-20-6-96-17-16-30-74-53-21-55-92-63-60-79-69-64-99-3-40-65-44-46-90-28-2-47-18-9-24-82-8-26-50-52-56-70-5-81-86-66-35-11-71-87-15-4-37-83-10-1-75-78-25-68-76
Ta100x20,7,4,400,0.9625,0.125,4,2230704237,17000,6563,6346,5991,5.996058134,v2_avx512bw_vec32_exact_perm,57-49-85-93-95-67-45-98-80-94-84-58-73-39-14-13-7-64-21-48-28-51-89-16-97-20-17-59-41-53-31-27-34-29-60-19-96-8-69-12-91-99-77-23-33-2-6-38-88-43-72-90-100-22-47-66-11-40-62-61-3-42-32-36-79-55-65-50-18-24-46-26-87-92-5-15-30-56-70-9-83-71-86-44-82-10-52-54-74-35-75-63-1-4-37-81-25-78-76-68
Ta100x20,7,4,400,0.9625,0.125,5,2230705246,17000,6551,6346,5991,5.854032974,v2_avx512bw_vec32_exact_perm,57-49-85-93-80-39-67-60-98-45-48-7-20-64-32-73-6-53-96-88-94-95-84-27-23-58-16-14-51-97-62-69-91-99-13-29-21-72-43-34-42-55-44-89-79-50-36-66-41-22-3-59-19-12-18-77-28-90-8-65-17-47-11-9-71-46-40-100-30-92-33-2-5-74-82-4-56-52-24-87-38-37-83-26-31-10-35-86-81-70-61-54-63-78-15-1-76-75-25-68
Ta100x20,7,4,400,0.9625,0.125,6,2230706255,17000,6611,6346,5991,5.716369095,v2_avx512bw_vec32_exact_perm,57-49-85-93-80-94-43-95-67-7-20-58-39-29-45-32-31-41-28-98-51-16-79-89-48-69-62-88-19-11-14-84-77-34-64-100-59-60-66-82-13-21-22-72-81-91-96-6-97-40-53-12-8-73-47-30-23-99-3-17-65-46-27-36-4-92-87-54-26-55-42-70-90-50-61-24-5-2-9-86-18-44-74-38-83-56-15-71-63-37-52-35-33-10-1-75-25-78-76-68
Ta100x20,7,4,400,0.9625,0.125,7,2230707264,17000,6593,6346,5991,5.789827815,v2_avx512bw_vec32_exact_perm,57-49-85-93-100-67-43-94-60-88-32-45-80-39-14-48-51-73-42-84-19-64-16-41-62-20-6-58-98-36-55-91-96-30-7-34-22-95-53-27-31-11-89-21-33-72-2-79-12-13-3-17-82-29-71-97-92-28-90-69-44-59-18-23-5-46-24-52-47-38-50-8-40-65-26-54-66-74-99-61-83-9-56-77-4-37-70-63-15-81-86-87-10-75-1-25-35-78-76-68
Ta100x20,7,4,400,0.9625,0.125,8,2230708273,17000,6593,6346,5991,5.620799382,v2_avx512bw_vec32_exact_perm,57-49-85-93-95-91-80-39-62-67-58-94-73-48-84-100-89-45-31-64-43-51-19-20-88-96-8-34-12-23-41-97-33-99-28-77-42-52-59-22-29-55-92-2-6-5-53-36-13-27-40-69-72-16-79-32-21-86-3-61-82-66-90-11-50-98-65-60-47-4-7-17-30-46-18-71-44-26-87-15-54-9-70-74-56-14-38-63-10-24-81-35-37-83-75-25-78-1-76-68
Ta100x20,7,4,400,0.9625,0.125,9,2230709282,17000,6611,6346,5991,5.623480042,v2_avx512bw_vec32_exact_perm,57-49-85-93-97-7-39-95-51-27-67-45-59-89-94-98-48-88-32-73-64-96-23-17-42-16-84-36-91-11-13-12-62-34-6-60-19-22-82-53-43-20-90-69-41-66-30-14-79-3-55-24-31-21-54-86-26-92-58-29-38-87-50-99-2-61-33-5-72-56-47-40-28-100-65-4-9-1-46-71-44-18-8-77-74-15-52-78-70-63-35-81-80-10-83-37-25-75-68-76
Ta100x20,7,4,400,0.9625,0.125,10,2230710291,17000,6608,6346,5991,5.448003314,v2_avx512bw_vec32_exact_perm,57-49-85-93-80-67-7-60-98-32-73-77-20-19-88-58-62-43-95-39-84-94-6-91-45-86-97-64-48-8-21-27-29-89-69-14-28-34-13-59-16-18-38-23-82-24-33-55-26-3-40-66-51-96-46-42-31-30-47-22-44-17-36-90-53-99-50-100-72-65-61-12-56-9-54-41-5-2-92-83-79-87-25-37-74-11-52-15-10-81-4-71-68-63-1-75-78-35-70-76
Ta100x20,7,4,400,1,0.025,1,2230701210,17000,6582,6346,5991,6.03702263,v2_avx512bw_vec32_exact_perm,57-49-85-93-58-95-80-67-7-73-32-96-39-51-60-97-88-14-98-34-41-43-94-48-100-89-45-91-19-59-20-72-38-6-42-64-53-62-84-33-12-31-79-21-27-17-55-28-82-13-47-36-66-2-18-5-29-54-30-3-22-11-8-71-4-86-26-16-9-77-69-50-1-90-92-61-46-52-40-99-74-65-56-68-44-15-23-81-24-83-10-63-37-25-87-75-78-35-70-76
Ta100x20,7,4,400,1,0.025,2,2230702219,17000,6554,6346,5991,6.190545852,v2_avx512bw_vec32_exact_perm,57-49-85-93-95-80-97-89-58-67-45-94-98-48-88-64-73-7-51-6-22-96-62-91-41-34-42-27-23-20-19-84-39-11-43-59-16-69-14-31-90-2-12-3-47-13-29-33-28-53-99-61-38-100-50-82-44-32-72-36-71-79-77-5-92-18-74-30-40-55-21-70-8-65-87-46-15-54-17-26-24-66-52-81-60-4-10-56-83-9-63-25-37-78-86-35-75-1-76-68
Ta100x20,7,4,400,1,0.025,3,2230703228,17000,6580,6346,5991,6.07746187,v2_avx512bw_vec32_exact_perm,57-49-85-93-80-95-58-39-67-45-98-64-94-62-7-19-32-73-88-42-97-22-27-51-48-43-13-69-31-21-89-34-96-33-12-59-91-72-14-100-20-55-77-29-82-90-38-61-36-84-47-92-16-40-28-17-41-79-60-65-6-3-2-44-10-11-23-50-74-30-18-8-24-15-4-99-66-81-46-53-9-54-71-5-1-26-63-86-83-56-52-87-75-35-37-70-78-25-76-68
Ta100x20,7,4,400,1,0.025,4,2230704237,17000,6566,6346,5991,6.006185651,v2_avx512bw_vec32_exact_perm,57-49-85-93-67-95-45-48-94-58-80-7-42-43-51-73-21-41-27-50-97-62-60-88-32-98-84-91-64-34-22-20-72-33-29-13-96-39-69-23-12-87-59-16-89-53-31-100-6-99-3-79-30-36-19-77-55-14-24-17-54-90-18-92-40-61-8-82-2-65-71-38-47-5-28-66-74-9-46-26-11-70-15-86-37-1-83-81-52-4-25-56-10-63-75-35-44-78-68-76
Ta100x20,7,4,400,1,0.025,5,2230705246,17000,6595,6346,5991,6.041807509,v2_avx512bw_vec32_exact_perm,57-49-85-93-80-39-58-7-67-98-48-45-94-27-95-97-62-31-19-32-41-6-24-51-33-88-34-64-13-91-53-89-100-96-59-21-38-73-42-84-14-36-72-22-43-16-90-23-28-20-12-29-82-79-77-65-8-47-30-3-50-99-17-92-61-46-69-44-9-18-5-4-74-2-55-15-52-71-81-40-1-87-26-66-60-75-54-56-35-11-37-86-83-70-10-63-78-25-76-68
Ta100x20,7,4,400,1,0.025,6,2230706255,17000,6594,6346,5991,5.824844705,v2_avx512bw_vec32_exact_perm,57-49-85-93-95-67-39-45-48-7-58-51-80-42-20-98-33-60-64-16-30-84-82-21-88-100-96-73-6-23-12-43-22-94-3-14-34-13-27-89-91-53-8-41-29-97-71-69-72-55-28-62-19-77-31-2-66-79-59-38-26-36-44-47-4-17-99-18-32-5-74-40-61-15-24-65-54-1-50-90-86-9-92-87-81-56-75-70-11-35-46-52-83-25-37-10-63-78-76-68
Ta100x20,7,4,400,1,0.025,7,2230707264,17000,6596,6346,5991,5.723775761,v2_avx512bw_vec32_exact_perm,57-49-85-93-95-58-80-60-67-98-39-45-96-48-62-94-91-31-7-77-6-84-23-51-20-16-89-97-27-28-64-13-82-17-22-8-42-34-12-43-29-88-65-92-69-47-59-44-33-32-74-72-73-21-100-38-53-15-19-79-14-3-41-26-36-99-18-55-61-2-71-46-90-5-4-30-11-10-50-1-56-52-25-40-9-87-75-54-35-81-86-83-37-66-63-78-24-68-70-76
Ta100x20,7,4,400,1,0.025,8,2230708273,17000,6595,6346,5991,5.630714022,v2_avx512bw_vec32_exact_perm,57-49-85-93-67-7-88-95-30-19-80-48-89-60-20-58-97-29-96-42-16-43-98-64-94-45-51-14-62-41-31-77-27-39-91-17-73-28-84-59-74-92-34-6-71-13-47-11-38-40-8-79-72-12-3-99-83-21-69-82-90-81-36-55-44-66-2-56-54-24-18-23-61-22-9-4-33-32-46-65-53-15-87-100-5-50-1-52-26-35-37-70-86-63-76-10-78-25-75-68
Ta100x20,7,4,400,1,0.025,9,2230709282,17000,6571,6346,5991,5.856050618,v2_avx512bw_vec32_exact_perm,57-49-85-93-39-80-7-67-51-48-45-94-62-88-58-73-64-98-16-97-95-29-19-23-89-6-13-32-36-14-43-27-99-20-21-30-91-54-33-42-55-22-96-59-84-31-8-72-79-12-34-41-66-18-17-53-2-77-47-90-92-50-5-100-69-87-28-40-71-65-3-61-82-60-26-86-4-46-44-9-56-24-70-15-81-1-52-74-11-38-83-10-63-35-37-75-76-78-25-68
Ta100x20,7,4,400,1,0.025,10,2230710291,17000,6581,6346,5991,5.706755796,v2_avx512bw_vec32_exact_perm,57-49-85-93-58-80-7-67-45-95-48-19-88-98-73-51-33-32-39-94-62-31-16-20-13-23-97-12-22-77-42-84-43-100-6-96-89-91-29-64-59-69-27-92-50-44-17-21-79-3-52-72-30-14-41-66-99-53-55-34-71-28-82-90-40-36-5-8-46-65-47-24-9-18-74-60-15-54-87-2-86-61-26-81-38-83-11-4-1-10-56-63-75-37-35-70-78-25-76-68
Ta100x20,7,4,400,1,0.05,1,2230701210,17000,6627,6346,5991,6.105267672,v2_avx512bw_vec32_exact_perm,57-49-93-80-67-95-31-58-62-94-91-96-72-19-7-98-64-43-51-48-85-13-92-55-45-73-99-97-16-39-50-32-88-61-27-89-34-77-54-6-84-20-59-100-41-53-60-21-79-14-22-3-30-2-44-71-69-17-12-33-5-8-82-29-36-23-18-87-74-90-38-42-46-47-86-28-40-56-15-65-24-9-35-11-66-26-81-70-52-4-75-10-1-37-63-78-25-83-76-68
Ta100x20,7,4,400,1,0.05,2,2230702219,17000,6582,6346,5991,6.070071852,v2_avx512bw_vec32_exact_perm,57-49-85-93-58-94-95-67-80-39-43-45-31-60-96-6-77-51-64-89-72-48-12-33-91-13-53-88-27-14-97-21-23-19-90-73-84-34-62-20-22-28-42-59-16-24-29-5-69-79-3-66-55-8-86-32-2-26-18-50-92-38-41-36-30-74-65-99-100-56-82-70-15-71-61-87-98-17-9-47-40-46-11-52-54-63-81-4-83-7-44-35-37-10-1-25-78-76-75-68
Ta100x20,7,4,400,1,0.05,3,2230703228,17000,6603,6346,5991,6.028580031,v2_avx512bw_vec32_exact_perm,57-49-85-93-67-95-94-45-80-39-31-98-89-88-64-7-51-58-33-62-42-48-16-97-22-34-84-21-100-20-73-96-29-32-13-91-6-43-41-14-59-23-77-72-19-36-30-17-27-52-50-46-3-44-87-71-69-90-79-82-66-61-5-92-99-18-54-2-47-9-60-55-24-26-11-40-12-86-8-37-4-70-53-65-1-81-15-28-56-83-38-10-75-35-63-74-78-76-25-68
Ta100x20,7,4,400,1,0.05,4,2230704237,17000,6580,6346,5991,6.080326311,v2_avx512bw_vec32_exact_perm,57-49-85-93-95-80-39-67-45-58-31-98-20-94-7-51-88-62-73-27-32-77-97-14-17-21-13-34-22-48-72-89-61-16-43-41-91-42-90-29-69-84-6-66-33-50-64-2-79-24-82-8-100-54-23-11-38-96-65-28-3-12-19-55-59-60-92-87-46-30-53-47-18-99-52-5-71-40-74-86-36-26-4-35-56-10-44-9-63-70-15-75-81-83-37-1-78-76-25-68
Ta100x20,7,4,400,1,0.05,5,2230705246,17000,6627,6346,5991,5.87564862,v2_avx512bw_vec32_exact_perm,57-49-85-93-67-80-31-39-7-95-94-88-45-58-62-89-98-48-28-13-77-97-51-6-73-33-42-34-12-21-19-16-43-20-29-82-92-84-27-22-53-23-66-96-59-72-90-69-38-17-8-91-47-41-30-36-65-55-56-26-40-64-32-37-70-3-46-18-79-99-44-2-14-5-71-50-81-15-74-60-4-54-52-61-24-11-10-100-83-63-9-87-78-35-86-1-76-75-25-68
Ta100x20,7,4,400,1,0.05,6,2230706255,17000,6578,6346,5991,5.521964262,v2_avx512bw_vec32_exact_perm,57-49-85-93-7-95-67-45-80-64-58-51-48-42-62-31-88-98-94-39-89-97-96-73-32-14-6-20-54-69-22-79-17-34-36-29-43-27-16-41-19-91-28-13-72-84-33-38-12-21-59-24-55-100-50-3-82-46-61-23-30-2-74-8-66-92-47-5-18-53-52-40-77-26-65-56-71-90-70-44-9-35-81-86-4-83-99-11-87-60-10-37-15-1-63-75-78-25-76-68
Ta100x20,7,4,400,1,0.05,7,2230707264,17000,6603,6346,5991,5.293902436,v2_avx512bw_vec32_exact_perm,57-49-85-93-7-94-51-67-42-80-95-88-48-14-58-45-64-91-27-96-23-98-13-62-6-97-73-72-43-89-79-77-3-16-59-34-20-66-52-22-29-33-82-32-90-19-36-39-69-99-55-84-100-41-44-50-31-12-28-92-9-17-61-54-21-53-87-2-65-18-47-56-8-46-24-26-40-30-60-81-74-70-5-71-11-15-38-86-75-35-4-10-1-83-63-37-25-78-76-68
Ta100x20,7,4,400,1,0.05,8,2230708273,17000,6595,6346,5991,5.623181547,v2_avx512bw_vec32_exact_perm,57-49-85-93-64-80-95-67-73-58-45-51-39-48-88-42-16-98-89-34-20-94-96-17-36-13-91-30-41-28-29-43-62-27-31-53-60-97-23-47-21-22-7-84-19-33-72-66-8-6-69-59-55-3-92-82-50-99-71-100-18-79-90-52-77-2-9-38-40-74-11-24-65-54-12-46-61-32-86-83-15-56-14-87-70-5-10-26-4-63-35-81-1-25-37-78-44-76-75-68
Ta100x20,7,4,400,1,0.05,9,2230709282,17000,6634,6346,5991,5.422547701,v2_avx512bw_vec32_exact_perm,49-85-93-80-39-98-7-64-31-95-94-67-45-58-30-88-100-73-48-34-43-41-51-96-36-89-6-32-20-77-97-60-16-29-84-69-33-19-22-27-3-62-55-23-91-92-17-21-59-2-47-8-87-50-37-12-42-79-72-18-82-90-74-28-13-53-40-24-65-66-99-61-15-71-14-5-11-38-54-9-46-4-52-81-26-1-63-56-83-86-75-35-70-44-10-78-25-68-57-76
Ta100x20,7,4,400,1,0.05,10,2230710291,17000,6582,6346,5991,5.56602139,v2_avx512bw_vec32_exact_perm,57-49-85-93-67-77-94-88-39-51-98-48-32-45-64-58-62-95-80-100-27-19-20-12-43-97-84-89-14-40-73-91-34-31-22-82-13-72-21-33-59-28-16-96-69-24-6-7-23-38-42-55-17-18-29-8-99-44-30-92-36-65-71-3-11-41-53-90-2-47-60-79-61-54-5-4-74-9-35-66-10-15-50-56-87-26-63-70-46-25-81-37-86-83-52-75-1-78-76-68
Ta100x20,7,4,400,1,0.075,1,2230701210,17000,6584,6346,5991,5.494229341,v2_avx512bw_vec32_exact_perm,57-49-85-93-95-67-7-98-42-80-94-96-58-48-39-51-97-45-31-64-13-34-91-89-73-72-16-43-20-82-28-79-6-22-23-27-29-3-84-62-92-14-8-69-66-88-30-40-32-18-36-12-19-50-21-90-65-55-53-52-47-59-33-54-77-44-61-41-2-100-71-87-99-4-17-5-70-81-46-26-15-56-83-86-74-9-35-24-10-38-11-63-60-37-1-25-78-76-75-68
Ta100x20,7,4,400,1,0.075,2,2230702219,17000,6593,6346,5991,5.533187338,v2_avx512bw_vec32_exact_perm,57-49-85-93-39-80-98-7-64-67-23-94-45-32-58-33-95-62-96-31-42-51-84-14-88-27-73-91-21-55-48-89-13-82-22-72-16-28-97-43-59-19-20-100-34-8-36-3-29-12-6-90-50-79-53-69-77-30-17-41-37-11-38-54-2-65-99-40-47-66-24-71-61-18-26-46-9-74-70-5-87-60-56-81-86-15-92-63-52-25-4-35-75-44-83-1-10-78-76-68
Ta100x20,7,4,400,1,0.075,3,2230703228,17000,6660,6346,5991,5.700479906,v2_avx512bw_vec32_exact_perm,85-93-49-94-39-51-27-58-98-100-95-62-31-67-13-45-6-43-48-77-2-80-73-19-59-89-69-88-91-14-20-96-84-16-41-23-21-42-30-53-22-36-28-90-44-17-79-72-50-92-60-32-3-52-33-55-34-11-66-29-64-26-7-82-99-74-12-40-97-8-10-87-65-9-46-15-18-56-70-61-54-81-71-24-47-1-4-38-63-5-35-86-25-75-37-76-83-78-68-57
Ta100x20,7,4,400,1,0.075,4,2230704237,17000,6612,6346,5991,5.44905385,v2_avx512bw_vec32_exact_perm,57-49-85-93-39-62-7-84-94-80-73-31-95-64-88-6-45-97-23-51-20-16-42-34-58-98-96-55-2-77-91-89-67-48-14-72-32-33-19-13-59-29-11-82-22-92-36-27-69-38-8-79-17-3-65-50-37-41-18-43-30-21-40-47-12-99-61-46-100-90-15-86-28-24-74-60-9-71-66-70-44-87-5-26-83-75-81-56-4-54-52-53-35-1-63-10-25-78-76-68
Ta100x20,7,4,400,1,0.075,5,2230705246,17000,6608,6346,5991,5.341477648,v2_avx512bw_vec32_exact_perm,57-49-85-93-58-95-80-7-91-94-97-45-51-6-98-41-48-67-42-62-16-69-73-22-39-23-84-8-43-89-96-31-88-64-34-55-72-19-27-40-59-36-90-32-82-20-66-79-46-12-53-65-33-3-52-21-28-13-29-92-47-86-26-4-17-99-14-100-24-61-81-60-9-56-18-2-38-74-30-87-50-35-15-5-77-83-37-71-54-1-10-70-25-11-63-75-78-44-68-76
Ta100x20,7,4,400,1,0.075,6,2230706255,17000,6588,6346,5991,5.446905244,v2_avx512bw_vec32_exact_perm,57-49-85-93-39-67-80-31-98-7-60-45-95-94-20-43-84-96-89-58-88-51-47-73-23-19-6-16-14-27-48-64-42-33-11-22-91-62-71-59-12-55-69-34-21-13-100-92-29-41-3-50-28-82-79-77-44-72-38-32-66-36-61-8-26-17-90-24-2-53-5-40-1-86-65-99-97-30-54-87-18-52-4-15-10-56-74-37-83-63-9-35-46-81-75-70-78-25-76-68
Ta100x20,7,4,400,1,0.075,7,2230707264,17000,6633,6346,5991,5.628752501,v2_avx512bw_vec32_exact_perm,57-49-85-93-100-31-95-80-67-7-43-62-94-45-29-91-20-64-89-23-48-12-97-14-88-34-6-73-77-41-58-82-96-17-99-19-42-22-39-51-33-59-92-16-11-32-90-84-53-28-54-72-27-24-40-3-13-66-55-21-18-60-98-86-52-79-47-87-50-8-36-30-46-69-4-44-2-65-61-1-9-71-56-81-15-5-35-10-74-83-25-38-70-26-37-78-63-75-76-68
Ta100x20,7,4,400,1,0.075,8,2230708273,17000,6619,6346,5991,5.225296359,v2_avx512bw_vec32_exact_perm,57-49-85-93-58-80-7-39-67-64-95-32-14-45-98-60-62-84-42-43-73-16-88-5-41-79-33-89-91-97-53-12-23-48-34-31-94-22-55-20-96-51-47-19-29-59-65-66-40-6-13-72-17-3-82-26-30-36-69-99-24-92-90-54-87-28-100-50-9-77-38-71-21-27-2-11-74-81-15-46-18-52-8-70-86-56-1-4-10-61-63-37-35-83-44-75-25-78-68-76
Ta100x20,7,4,400,1,0.075,9,2230709282,17000,6611,6346,5991,5.423535846,v2_avx512bw_vec32_exact_perm,57-49-85-93-67-31-94-80-23-100-96-51-73-6-98-95-45-48-58-13-22-7-62-39-29-41-20-32-89-43-64-88-53-97-84-14-27-59-12-2-42-82-91-33-36-90-61-77-34-21-16-15-17-28-92-30-44-19-72-8-3-50-55-86-24-47-40-46-60-56-99-5-75-69-4-66-9-18-52-79-65-71-87-70-54-26-81-74-38-83-11-10-63-25-37-78-35-1-76-68
Ta100x20,7,4,400,1,0.075,10,2230710291,17000,6580,6346,5991,5.917552286,v2_avx512bw_vec32_exact_perm,57-49-85-93-80-67-94-97-31-98-39-58-95-45-42-20-51-7-62-16-91-89-32-88-100-34-84-19-82-13-96-72-73-48-33-6-27-23-2-64-55-53-14-3-38-21-22-66-8-30-36-26-29-69-99-59-52-28-77-65-92-43-18-41-79-61-47-12-46-40-4-74-5-54-71-90-44-83-11-86-9-17-15-60-50-10-24-87-37-63-56-81-25-1-75-68-78-35-70-76
Ta100x20,7,4,400,1,0.1,1,2230701210,17000,6630,6346,5991,5.638503497,v2_avx512bw_vec32_exact_perm,57-49-85-93-67-95-7-97-98-20-39-89-51-60-32-45-43-91-88-73-48-96-59-69-94-58-6-34-19-72-62-38-14-28-8-71-77-2-36-16-13-84-53-33-22-99-21-12-100-29-64-92-3-86-30-47-79-80-66-65-15-41-31-24-82-9-90-40-61-42-55-1-52-50-27-37-17-23-26-18-46-87-5-70-11-54-75-56-4-81-63-44-10-35-83-74-78-25-76-68
Ta100x20,7,4,400,1,0.1,2,2230702219,17000,6623,6346,5991,5.397574829,v2_avx512bw_vec32_exact_perm,57-49-85-93-7-32-98-95-67-80-43-94-18-39-62-45-51-31-41-88-58-73-16-100-77-23-13-48-20-27-55-96-91-34-6-33-19-84-14-82-29-89-36-66-42-59-21-38-17-12-47-65-53-28-97-30-64-15-24-46-90-22-69-74-3-99-60-8-72-79-9-50-1-11-40-52-5-26-71-86-92-70-61-56-87-2-54-81-4-83-63-10-35-75-44-78-25-37-76-68
Ta100x20,7,4,400,1,0.1,3,2230703228,17000,6612,6346,5991,5.622274218,v2_avx512bw_vec32_exact_perm,57-49-85-93-64-67-98-60-7-96-97-62-58-94-95-73-30-39-51-88-43-28-89-72-6-45-14-13-48-16-23-27-90-54-84-91-33-52-29-41-59-19-31-38-82-79-80-20-21-22-12-24-77-47-44-34-18-50-99-92-9-42-5-8-69-81-61-100-11-40-71-26-17-55-3-4-70-87-74-32-56-15-65-53-2-36-46-68-66-10-35-83-75-86-37-63-78-1-25-76
Ta100x20,7,4,400,1,0.1,4,2230704237,17000,6600,6346,5991,5.241885557,v2_avx512bw_vec32_exact_perm,57-49-85-93-97-31-7-80-95-58-39-98-62-67-16-77-23-45-20-91-48-64-89-14-29-88-73-27-6-32-43-96-12-94-33-72-13-19-8-59-42-22-53-50-79-2-36-30-51-66-34-69-18-84-21-38-11-71-55-90-17-41-9-40-37-100-46-65-3-54-92-99-28-86-24-15-47-87-5-60-26-44-74-82-81-61-52-56-4-75-63-83-1-35-68-10-25-78-70-76
Ta100x20,7,4,400,1,0.1,5,2230705246,17000,6647,6346,5991,5.709172034,v2_avx512bw_vec32_exact_perm,57-49-85-80-93-95-67-100-84-64-98-20-48-73-29-88-51-23-7-45-58-94-31-62-32-33-16-42-50-91-66-59-19-47-89-34-39-22-69-96-21-27-30-43-14-99-77-54-61-3-82-41-17-90-53-55-11-13-97-18-5-72-6-12-40-4-87-46-79-65-92-8-26-28-15-1-74-38-24-37-70-83-71-81-60-2-56-36-52-44-86-9-75-35-10-63-78-25-76-68
Ta100x20,7,4,400,1,0.1,6,2230706255,17000,6600,6346,5991,5.437637889,v2_avx512bw_vec32_exact_perm,57-49-85-93-80-67-95-45-94-64-48-88-27-96-58-97-98-31-51-73-69-20-7-99-42-34-19-13-89-66-36-28-16-84-33-43-59-91-82-29-14-12-55-21-6-41-8-38-100-62-5-65-53-22-32-79-92-71-23-50-77-72-3-11-2-90-61-40-46-52-24-17-87-54-18-56-30-15-39-74-47-44-1-60-83-26-81-70-10-4-9-63-86-35-37-78-76-75-25-68
Ta100x20,7,4,400,1,0.1,7,2230707264,17000,6602,6346,5991,5.606489394,v2_avx512bw_vec32_exact_perm,57-49-85-93-67-95-31-58-94-45-51-23-80-89-98-14-48-96-72-13-39-88-27-97-73-84-41-6-16-61-91-20-62-8-28-69-24-43-38-34-64-22-29-42-32-19-90-82-7-100-33-50-47-77-2-59-55-92-21-52-87-17-36-79-12-3-30-18-70-9-65-99-46-74-40-66-56-54-5-11-71-53-26-86-60-4-83-44-35-81-75-63-10-15-1-25-37-78-76-68
Ta100x20,7,4,400,1,0.1,8,2230708273,17000,6608,6346,5991,5.511792106,v2_avx512bw_vec32_exact_perm,57-49-85-93-95-67-31-7-58-60-45-88-16-80-73-19-64-51-48-12-62-27-43-94-97-98-6-11-39-96-52-22-13-89-84-91-50-40-72-8-41-23-28-74-82-59-65-14-79-100-34-92-20-32-29-90-69-21-77-53-36-38-61-5-3-17-30-55-46-71-24-99-26-66-15-9-2-44-87-47-18-86-33-42-10-37-4-56-63-54-35-83-1-81-70-25-78-76-75-68
Ta100x20,7,4,400,1,0.1,9,2230709282,17000,6609,6346,5991,5.814373431,v2_avx512bw_vec32_exact_perm,57-49-85-93-80-94-89-88-19-67-95-7-98-64-58-48-45-51-97-6-23-29-43-14-59-12-53-62-66-39-16-96-20-24-21-30-13-41-69-73-91-84-33-77-8-31-22-72-46-15-11-42-38-79-3-27-47-82-90-34-65-60-61-71-40-32-28-55-100-99-2-26-74-18-44-50-86-81-9-70-5-87-92-17-36-75-78-54-63-83-37-4-56-35-52-25-10-1-76-68
Ta100x20,7,4,400,1,0.1,10,2230710291,17000,6678,6346,5991,6.114714689,v2_avx512bw_vec32_exact_perm,49-95-93-85-67-98-73-51-31-7-43-100-80-64-58-45-88-62-41-96-22-48-94-77-32-27-34-91-99-23-14-39-30-55-2-53-52-33-29-89-13-28-6-90-19-66-17-3-50-20-84-16-61-42-82-79-72-83-86-59-54-69-44-18-5-71-21-65-47-38-40-26-8-74-36-12-92-11-24-60-15-87-70-37-25-46-4-56-75-97-81-76-63-10-9-35-78-1-68-57
Ta100x20,7,4,400,1,0.125,1,2230701210,17000,6621,6346,5991,5.711511222,v2_avx512bw_vec32_exact_perm,57-49-85-93-80-58-7-100-82-97-88-39-95-94-96-27-67-89-31-23-73-12-53-6-62-29-13-48-51-66-28-21-84-91-64-55-45-59-65-42-43-24-20-47-69-77-34-61-19-98-8-22-33-3-4-40-90-71-99-16-11-2-41-72-17-18-9-46-92-79-26-1-14-15-32-86-44-36-37-50-5-70-60-30-87-10-56-52-54-83-75-35-38-81-74-63-76-78-25-68
Ta100x20,7,4,400,1,0.125,2,2230702219,17000,6615,6346,5991,5.764436264,v2_avx512bw_vec32_exact_perm,57-49-85-93-95-67-80-7-31-42-73-19-88-64-58-98-45-62-13-22-32-51-39-97-69-79-48-40-20-84-91-59-21-27-60-24-94-34-89-6-53-96-43-72-14-100-33-23-18-99-11-92-2-16-12-29-30-28-38-17-90-8-77-5-71-66-4-55-3-82-41-44-86-47-50-61-15-65-26-56-87-35-9-54-46-36-74-52-81-63-37-83-1-25-10-75-78-68-70-76
Ta100x20,7,4,400,1,0.125,3,2230703228,17000,6614,6346,5991,5.509445266,v2_avx512bw_vec32_exact_perm,57-49-85-93-7-95-80-94-64-67-32-34-45-98-31-58-42-48-23-88-100-33-51-62-53-14-89-43-13-72-17-96-16-22-97-6-20-69-27-77-36-19-90-73-12-59-91-21-38-18-41-79-3-99-82-84-30-24-40-39-9-65-29-2-46-8-47-28-66-44-50-26-74-15-61-54-60-55-5-87-11-71-70-92-63-10-56-83-4-86-35-25-78-81-52-75-37-1-76-68
Ta100x20,7,4,400,1,0.125,4,2230704237,17000,6621,6346,5991,6.056903587,v2_avx512bw_vec32_exact_perm,57-49-85-93-67-80-95-7-58-31-62-100-27-48-45-98-96-64-51-20-89-53-14-88-6-16-91-41-77-32-22-23-73-39-9-43-72-65-42-19-69-8-79-82-92-97-29-84-5-13-33-21-94-50-55-52-99-3-11-2-36-44-46-59-12-54-66-71-28-17-86-61-56-40-30-90-81-4-47-37-1-18-60-24-75-26-83-74-38-34-87-35-70-63-15-10-78-25-76-68
Ta100x20,7,4,400,1,0.125,5,2230705246,17000,6605,6346,5991,6.132869369,v2_avx512bw_vec32_exact_perm,57-49-85-93-80-95-67-58-98-97-48-43-94-73-51-64-91-6-45-39-14-55-96-31-89-13-88-19-27-59-23-92-42-7-17-22-33-32-29-18-77-36-72-99-40-34-16-41-3-44-66-79-8-53-21-69-28-2-100-61-82-84-71-20-11-90-5-24-62-46-30-83-15-87-26-4-47-12-65-70-9-38-74-54-63-37-60-81-56-52-50-35-1-10-86-76-75-25-78-68
Ta100x20,7,4,400,1,0.125,6,2230706255,17000,6620,6346,5991,5.999135438,v2_avx512bw_vec32_exact_perm,57-49-85-93-80-58-95-20-45-94-62-98-39-51-73-7-67-88-19-14-43-64-96-29-48-82-60-89-23-31-47-91-72-97-6-11-16-33-22-84-53-41-100-21-8-32-36-55-40-28-92-13-77-61-69-42-3-27-34-38-44-12-79-30-18-17-15-50-9-59-2-74-5-81-70-99-26-54-87-63-46-37-83-66-71-65-4-56-25-24-35-10-86-90-52-1-76-75-78-68
Ta100x20,7,4,400,1,0.125,7,2230707264,17000,6618,6346,5991,6.044252605,v2_avx512bw_vec32_exact_perm,57-49-93-85-67-45-80-20-42-7-84-95-60-97-51-48-59-32-31-58-39-33-12-73-16-14-23-43-36-41-89-19-69-64-96-34-22-21-30-92-88-100-94-72-62-6-38-40-74-17-66-77-82-18-91-79-27-98-61-47-46-3-13-90-29-8-53-2-99-28-9-55-56-15-52-11-54-35-81-26-50-4-5-65-70-71-83-87-24-1-86-44-10-75-63-37-78-68-25-76
Ta100x20,7,4,400,1,0.125,8,2230708273,17000,6606,6346,5991,6.309159701,v2_avx512bw_vec32_exact_perm,57-49-85-93-67-80-58-45-95-64-94-31-62-48-7-12-98-32-23-91-73-84-88-39-96-6-20-51-43-22-100-33-19-59-97-34-47-42-13-3-21-27-72-89-77-9-99-60-41-16-79-17-53-52-36-44-82-50-29-90-38-30-66-65-8-69-71-92-87-28-46-55-11-63-56-26-54-81-37-83-4-5-18-24-40-2-14-86-61-78-74-35-25-10-75-15-1-68-70-76
Ta100x20,7,4,400,1,0.125,9,2230709282,17000,6672,6346,5991,5.66931184,v2_avx512bw_vec32_exact_perm,85-93-80-49-95-31-7-100-67-94-84-51-39-98-45-64-58-96-91-62-14-88-73-48-22-34-8-16-89-77-60-6-23-41-53-82-43-21-59-27-97-72-24-13-12-66-32-33-92-42-79-47-46-20-29-28-69-3-11-5-90-36-19-74-30-40-52-38-54-56-50-55-61-18-17-4-2-71-26-75-87-83-15-9-86-70-35-44-99-65-25-81-1-10-37-76-63-78-68-57
Ta100x20,7,4,400,1,0.125,10,2230710291,17000,6598,6346,5991,5.785426051,v2_avx512bw_vec32_exact_perm,57-49-85-93-80-67-32-95-45-20-7-16-48-39-73-88-64-58-51-97-98-94-62-43-42-14-55-27-84-12-89-23-41-91-11-65-71-17-21-19-59-47-13-31-6-60-69-34-77-96-3-36-22-29-72-33-30-18-54-99-50-8-9-79-100-66-90-82-2-83-26-87-53-5-40-52-74-86-61-35-70-28-92-56-38-81-15-1-4-46-24-10-44-63-76-37-75-25-78-68
Ta100x20,7,5,500,0.85,0.025,1,2230701210,17000,6405,6346,5991,6.647512144,v2_avx512bw_vec32_exact_perm,57-49-93-85-95-45-80-48-64-67-96-88-58-60-39-32-7-73-97-98-51-27-20-43-89-16-84-94-14-34-62-91-6-22-33-21-42-72-13-23-8-12-79-18-55-66-59-3-47-31-77-100-71-53-41-30-36-50-19-69-92-40-65-90-44-29-2-17-99-9-46-4-82-86-54-24-5-28-11-52-56-87-38-10-26-74-15-61-25-37-81-83-78-63-35-1-68-70-76-75
Ta100x20,7,5,500,0.85,0.025,2,2230702219,17000,6385,6346,5991,6.446232446,v2_avx512bw_vec32_exact_perm,57-49-93-85-95-67-58-80-39-94-62-45-98-7-48-91-13-69-51-27-64-43-88-32-73-96-6-89-19-100-14-84-34-20-16-66-59-22-21-29-33-77-31-23-72-11-12-86-3-47-71-97-18-8-42-79-55-53-41-92-28-15-5-36-30-2-65-87-46-82-74-40-61-17-60-44-90-81-50-52-26-56-54-4-24-99-9-70-38-83-37-10-63-75-35-78-1-76-25-68
Ta100x20,7,5,500,0.85,0.025,3,2230703228,17000,6531,6346,5991,6.441256275,v2_avx512bw_vec32_exact_perm,57-49-85-93-80-95-45-48-67-60-88-58-94-19-97-41-39-84-34-6-96-73-51-16-31-91-62-32-64-42-89-77-13-33-72-12-82-22-27-61-69-59-23-43-14-3-29-100-20-21-38-53-79-2-99-9-47-7-54-92-55-36-30-71-8-66-28-17-5-90-50-4-46-24-98-87-15-56-40-26-70-86-44-65-74-52-11-18-83-37-81-10-35-63-75-1-76-78-25-68
Ta100x20,7,5,500,0.85,0.025,4,2230704237,17000,6527,6346,5991,6.625307088,v2_avx512bw_vec32_exact_perm,57-49-85-93-67-95-80-31-94-58-45-64-7-98-48-97-73-6-62-32-39-89-84-16-20-91-96-43-42-33-51-59-27-69-55-13-60-88-21-3-53-19-99-72-100-29-66-8-30-74-41-40-22-23-17-34-12-77-36-92-61-90-28-2-14-82-24-44-26-50-79-87-18-47-54-65-4-15-46-5-9-10-1-11-38-56-52-83-81-37-25-35-71-63-78-86-75-68-70-76
Ta100x20,7,5,500,0.85,0.025,5,2230705246,17000,6359,6346,5991,6.528401691,v2_avx512bw_vec32_exact_perm,57-49-93-85-94-67-58-95-80-45-64-98-48-32-20-7-73-16-43-41-39-29-89-51-88-62-91-6-96-14-27-84-33-21-97-59-22-42-34-19-53-13-36-12-38-72-69-99-79-2-100-77-31-90-28-47-66-55-71-30-3-17-92-5-8-82-86-61-50-74-54-87-18-65-46-40-11-52-24-26-56-70-81-15-83-23-44-4-9-35-63-37-1-60-25-10-75-68-78-76
Ta100x20,7,5,500,0.85,0.025,6,2230706255,17000,6548,6346,5991,6.382964234,v2_avx512bw_vec32_exact_perm,57-49-85-93-67-80-95-30-31-7-58-48-88-73-45-39-97-96-64-6-60-94-43-98-51-91-12-20-14-89-72-62-17-34-59-32-29-33-19-66-47-13-42-21-28-22-11-16-77-84-8-27-3-44-79-18-50-53-69-52-46-36-82-61-15-5-100-55-90-81-65-23-4-54-9-2-41-71-87-26-1-92-74-24-40-38-83-37-10-99-63-86-56-25-68-75-78-35-70-76
Ta100x20,7,5,500,0.85,0.025,7,2230707264,17000,6472,6346,5991,6.6846111,v2_avx512bw_vec32_exact_perm,57-49-85-93-80-95-67-31-94-58-98-45-96-62-39-6-7-72-20-51-64-97-48-73-27-16-43-84-89-42-88-34-13-14-100-90-69-22-32-99-19-77-33-59-91-38-55-21-53-12-8-17-3-41-92-82-29-28-36-30-23-79-2-54-66-50-65-71-61-47-74-60-87-18-24-26-86-40-9-11-46-70-52-5-15-44-83-37-81-4-10-63-56-35-75-1-76-78-25-68
Ta100x20,7,5,500,0.85,0.025,8,2230708273,17000,6437,6346,5991,6.535047221,v2_avx512bw_vec32_exact_perm,57-49-85-93-95-80-100-67-62-31-45-94-51-13-88-58-39-73-32-96-91-6-43-82-27-41-16-89-23-48-29-14-97-20-21-34-17-7-84-19-92-69-59-60-77-24-33-3-99-2-22-30-79-42-36-8-28-66-65-40-71-55-64-53-90-72-38-98-47-12-11-18-74-9-46-61-26-70-44-54-86-50-5-4-52-56-35-81-15-83-87-10-63-37-1-76-75-78-25-68
Ta100x20,7,5,500,0.85,0.025,9,2230709282,17000,6507,6346,5991,7.040685495,v2_avx512bw_vec32_exact_perm,57-49-85-93-32-97-80-31-95-58-94-67-73-7-98-64-45-51-19-48-89-13-39-88-6-62-34-96-12-66-30-91-20-27-33-43-53-18-16-59-36-14-69-29-21-42-54-22-38-79-100-84-8-28-92-71-55-41-99-17-3-40-23-77-72-47-90-50-5-52-11-4-37-24-82-87-2-46-60-61-86-65-15-56-26-83-81-74-9-35-70-44-10-63-1-76-78-25-75-68
Ta100x20,7,5,500,0.85,0.025,10,2230710291,17000,6424,6346,5991,6.492653403,v2_avx512bw_vec32_exact_perm,57-49-85-93-20-7-80-95-98-45-64-67-48-88-60-58-96-27-51-91-62-39-6-13-16-34-89-69-19-84-73-94-12-43-31-59-72-100-97-65-8-53-21-82-14-33-22-3-92-79-77-50-55-99-42-41-29-52-23-17-44-40-71-11-36-32-46-28-47-61-86-4-54-5-2-87-90-18-30-10-81-15-56-66-24-26-9-74-63-70-38-83-37-35-1-76-75-78-25-68
Ta100x20,7,5,500,0.85,0.05,1,2230701210,17000,6577,6346,5991,6.632151625,v2_avx512bw_vec32_exact_perm,49-85-93-67-95-80-94-58-60-31-45-64-39-98-88-32-20-7-51-97-48-73-43-91-8-33-16-22-42-84-14-89-6-23-62-53-19-36-27-96-21-99-79-100-29-55-2-34-28-92-71-41-50-12-11-3-13-54-66-61-72-9-46-59-30-65-86-15-47-26-87-5-17-18-77-40-52-69-37-70-63-90-56-38-4-10-75-78-35-1-82-24-44-81-83-25-74-68-57-76
Ta100x20,7,5,500,0.85,0.05,2,2230702219,17000,6486,6346,5991,6.654429347,v2_avx512bw_vec32_exact_perm,57-49-85-93-80-95-58-39-48-67-94-89-27-96-98-88-42-73-45-43-51-64-20-16-7-6-32-33-66-34-62-91-53-19-84-12-82-36-97-61-31-55-59-60-92-79-22-21-100-29-72-8-47-65-13-90-3-40-30-18-87-14-41-71-69-44-17-74-38-54-26-28-99-23-70-24-50-11-77-2-5-81-46-4-52-56-83-15-9-86-63-37-78-35-1-10-75-76-25-68
Ta100x20,7,5,500,0.85,0.05,3,2230703228,17000,6527,6346,5991,6.764439274,v2_avx512bw_vec32_exact_perm,57-49-85-93-80-67-7-58-100-39-48-89-45-16-88-64-98-51-43-13-73-12-94-79-91-6-95-14-84-19-53-33-62-42-36-32-97-20-96-31-82-29-23-3-30-17-2-77-69-34-11-28-22-21-55-8-40-18-54-24-61-92-44-47-38-72-90-41-66-59-4-5-71-56-9-65-87-10-27-1-35-46-15-50-52-83-70-99-75-81-60-86-37-26-74-63-78-25-76-68
Ta100x20,7,5,500,0.85,0.05,4,2230704237,17000,6512,6346,5991,6.607817452,v2_avx512bw_vec32_exact_perm,57-49-85-93-95-67-7-80-73-45-16-51-39-88-96-98-48-94-58-89-27-91-64-42-6-97-34-13-77-69-14-43-3-99-100-84-62-28-82-22-21-29-8-38-12-59-23-92-19-47-72-41-31-33-30-79-55-2-17-11-20-65-18-54-66-9-74-40-61-24-36-60-71-32-87-46-90-86-10-50-5-15-37-53-4-52-1-83-26-44-63-56-81-35-70-75-78-76-25-68
Ta100x20,7,5,500,0.85,0.05,5,2230705246,17000,6516,6346,5991,6.501598048,v2_avx512bw_vec32_exact_perm,57-49-85-93-95-67-45-97-39-88-51-58-73-48-64-98-42-13-14-6-96-33-19-84-34-16-27-43-20-69-12-36-29-60-59-80-91-62-24-7-89-55-82-28-79-2-31-53-92-47-30-100-66-65-21-40-32-23-11-3-41-72-86-17-46-61-18-22-77-8-74-99-90-94-44-38-26-10-4-9-15-71-50-70-5-52-56-63-87-83-54-81-35-1-76-25-37-78-75-68
Ta100x20,7,5,500,0.85,0.05,6,2230706255,17000,6472,6346,5991,7.066103991,v2_avx512bw_vec32_exact_perm,57-49-85-93-95-80-67-48-73-7-58-64-45-51-20-98-32-39-88-96-97-12-43-13-89-91-23-6-14-69-19-29-94-62-59-31-16-84-100-79-53-99-77-66-30-22-36-27-92-42-41-44-33-34-3-21-8-72-55-90-18-50-82-17-61-40-2-24-47-65-54-71-28-87-86-26-74-1-38-46-15-11-4-5-52-60-81-56-63-10-9-35-83-37-70-75-25-78-68-76
Ta100x20,7,5,500,0.85,0.05,7,2230707264,17000,6552,6346,5991,6.888216508,v2_avx512bw_vec32_exact_perm,57-49-85-93-7-64-67-80-95-58-31-94-100-62-39-34-98-32-13-45-51-84-73-8-89-88-14-20-19-97-16-6-91-59-86-21-12-42-23-43-53-41-48-29-99-96-52-50-79-60-72-77-30-17-66-3-38-82-33-44-69-27-22-11-71-55-92-54-36-28-26-9-61-5-46-18-47-65-90-2-4-87-75-15-35-81-76-40-74-83-10-56-1-25-37-63-78-24-68-70
Ta100x20,7,5,500,0.85,0.05,8,2230708273,17000,6535,6346,5991,6.581532704,v2_avx512bw_vec32_exact_perm,57-49-85-93-80-95-67-94-7-98-39-45-48-51-31-62-13-58-27-32-96-88-64-91-34-89-73-84-100-53-42-6-33-19-17-36-16-43-12-59-38-97-20-79-41-9-2-69-77-29-3-47-28-82-55-61-90-74-99-22-8-92-60-21-72-66-23-14-65-50-71-40-26-30-54-10-18-87-56-24-70-46-11-52-5-15-86-37-35-81-44-4-1-83-63-78-25-75-68-76
Ta100x20,7,5,500,0.85,0.05,9,2230709282,17000,6527,6346,5991,6.822185134,v2_avx512bw_vec32_exact_perm,57-49-85-93-7-80-95-94-67-97-58-98-64-73-45-31-43-48-16-96-39-27-32-88-51-6-66-62-29-13-89-14-23-53-12-19-20-69-34-22-65-41-36-72-3-44-90-84-42-17-60-59-33-30-71-55-54-8-28-26-2-50-79-92-91-40-11-24-37-100-38-52-82-47-61-21-74-99-18-77-81-56-5-46-15-4-9-25-86-35-83-75-87-78-10-63-1-68-70-76
Ta100x20,7,5,500,0.85,0.05,10,2230710291,17000,6575,6346,5991,7.691945426,v2_avx512bw_vec32_exact_perm,49-85-93-80-39-67-58-7-94-98-48-31-95-51-62-64-100-45-88-89-32-97-73-6-43-16-14-20-69-33-34-42-84-91-59-96-19-66-27-13-77-29-12-21-3-8-17-23-61-65-36-54-55-47-52-53-38-24-90-41-30-82-60-79-18-40-72-5-74-28-22-99-46-9-11-2-44-71-26-92-50-87-83-86-4-56-37-10-63-70-35-81-78-25-15-75-1-76-68-57
Ta100x20,7,5,500,0.85,0.075,1,2230701210,17000,6584,6346,5991,6.468546972,v2_avx512bw_vec32_exact_perm,93-85-80-49-67-45-94-39-51-98-48-7-95-13-62-88-91-1-64-42-84-99-89-58-14-31-73-19-32-97-43-17-27-79-6-34-41-96-3-40-72-22-82-33-12-53-52-90-77-60-20-11-16-29-23-66-21-55-65-8-92-61-59-38-54-24-71-50-69-30-46-28-87-86-36-100-44-47-18-5-4-2-56-63-26-74-81-15-9-70-75-37-78-83-35-25-10-68-57-76
Ta100x20,7,5,500,0.85,0.075,2,2230702219,17000,6545,6346,5991,6.574567786,v2_avx512bw_vec32_exact_perm,57-49-85-93-80-95-45-67-39-31-51-98-48-97-64-96-58-73-7-32-89-6-60-27-36-88-62-72-13-24-59-20-21-12-91-84-34-94-8-100-50-43-38-19-86-33-53-22-69-14-29-3-23-52-65-16-77-66-41-44-92-2-99-55-28-79-90-71-42-87-18-30-15-17-5-40-11-26-54-47-4-9-82-81-46-74-37-61-83-63-10-35-1-56-75-25-78-68-70-76
Ta100x20,7,5,500,0.85,0.075,3,2230703228,17000,6519,6346,5991,6.38250874,v2_avx512bw_vec32_exact_perm,57-49-85-93-95-80-58-94-67-97-100-73-51-64-43-42-88-98-45-16-39-32-96-89-72-69-6-62-59-84-27-38-20-91-7-60-55-23-22-34-19-13-21-28-99-86-12-79-3-14-33-92-30-77-48-36-18-31-53-82-29-47-90-66-5-24-9-46-2-8-61-65-11-40-52-81-56-54-50-71-15-75-4-17-74-41-87-83-44-26-10-35-63-37-1-70-78-76-25-68
Ta100x20,7,5,500,0.85,0.075,4,2230704237,17000,6513,6346,5991,6.410289318,v2_avx512bw_vec32_exact_perm,57-49-85-93-95-80-67-45-31-94-58-73-98-51-96-64-41-39-16-6-62-7-91-14-48-43-89-23-29-88-12-20-97-19-59-84-42-34-66-100-21-90-50-77-13-69-3-65-99-55-71-53-8-30-92-72-38-74-18-5-47-22-82-36-32-86-79-28-46-61-24-9-40-11-17-33-15-52-2-26-1-54-81-27-37-4-60-56-70-63-87-83-44-78-35-10-75-25-68-76
Ta100x20,7,5,500,0.85,0.075,5,2230705246,17000,6496,6346,5991,7.508507782,v2_avx512bw_vec32_exact_perm,57-49-85-93-80-95-45-67-94-88-51-48-39-60-58-96-98-33-73-27-43-32-16-97-62-64-29-34-42-13-91-89-20-6-100-82-84-86-31-12-66-7-53-21-50-23-55-79-3-14-59-2-65-8-41-72-22-19-71-47-99-69-44-92-17-24-90-61-28-36-26-40-11-77-38-54-30-70-5-74-18-87-56-15-52-4-81-10-63-83-37-9-1-35-46-75-78-76-25-68
Ta100x20,7,5,500,0.85,0.075,6,2230706255,17000,6550,6346,5991,6.644624419,v2_avx512bw_vec32_exact_perm,57-49-85-93-95-80-94-67-45-48-7-58-62-31-73-51-16-39-12-64-32-89-43-97-88-18-53-23-19-96-99-6-27-13-29-60-28-8-34-84-91-59-66-2-20-77-4-86-22-79-3-71-92-47-33-61-98-42-41-72-21-14-55-82-30-36-90-38-24-40-5-54-50-52-69-65-17-37-100-44-87-25-74-26-10-46-11-15-56-9-81-78-83-63-35-75-1-68-70-76
Ta100x20,7,5,500,0.85,0.075,7,2230707264,17000,6527,6346,5991,6.417978468,v2_avx512bw_vec32_exact_perm,57-49-85-93-7-94-67-80-39-32-45-62-88-73-91-58-43-64-48-51-96-31-33-89-29-6-97-100-16-19-12-66-34-53-28-13-95-59-27-84-23-42-79-14-2-69-47-41-20-71-30-18-38-46-21-90-8-77-99-40-61-92-24-17-54-65-3-55-87-72-82-36-44-52-50-83-10-26-75-11-86-22-56-1-15-9-5-4-60-81-74-35-63-37-70-98-78-25-76-68
Ta100x20,7,5,500,0.85,0.075,8,2230708273,17000,6532,6346,5991,6.652532295,v2_avx512bw_vec32_exact_perm,57-49-85-93-64-95-67-88-100-80-45-48-58-96-73-97-51-39-20-6-98-14-32-13-89-82-22-16-7-24-69-23-34-94-77-43-31-12-91-37-59-79-17-41-26-3-42-27-33-19-53-84-90-29-66-4-2-38-65-47-21-99-54-92-28-71-1-30-11-72-86-50-18-5-8-56-15-70-55-61-40-74-9-83-36-52-87-60-44-10-35-62-81-76-46-63-78-25-75-68
Ta100x20,7,5,500,0.85,0.075,9,2230709282,17000,6595,6346,5991,6.947359514,v2_avx512bw_vec32_exact_perm,57-49-85-93-58-80-95-45-31-39-88-48-97-64-32-23-33-16-22-30-19-69-98-67-20-29-43-15-72-6-66-73-27-17-7-89-77-12-59-84-3-62-79-91-82-94-42-13-36-51-34-18-28-53-47-60-2-55-21-61-50-90-37-92-100-8-41-5-74-11-99-71-96-14-87-46-52-86-9-40-65-35-81-26-56-54-24-70-38-44-10-75-63-83-78-4-1-25-76-68
Ta100x20,7,5,500,0.85,0.075,10,2230710291,17000,6573,6346,5991,6.735835664,v2_avx512bw_vec32_exact_perm,57-49-85-93-67-80-98-7-95-13-58-94-62-42-64-29-84-48-33-45-51-73-41-31-39-32-16-27-88-34-20-22-59-97-23-6-91-19-89-14-96-66-100-43-8-28-50-81-77-72-82-55-38-21-99-24-2-79-90-18-47-53-36-26-61-46-30-69-44-15-74-11-40-92-83-5-3-60-12-4-65-17-87-52-37-71-56-25-54-9-78-10-63-35-75-86-1-68-70-76
Ta100x20,7,5,500,0.85,0.1,1,2230701210,17000,6539,6346,5991,7.096425377,v2_avx512bw_vec32_exact_perm,57-49-85-93-67-48-94-16-73-80-7-42-41-32-95-43-51-39-58-45-13-6-34-64-14-8-89-33-12-62-96-31-29-97-38-91-27-69-77-84-72-88-59-22-23-21-19-90-28-55-66-61-17-20-3-79-53-2-98-82-24-18-36-54-99-50-30-74-100-47-71-86-4-5-40-11-60-9-70-92-52-46-26-81-1-15-65-44-83-87-56-10-63-35-37-78-25-75-68-76
Ta100x20,7,5,500,0.85,0.1,2,2230702219,17000,6541,6346,5991,6.951389364,v2_avx512bw_vec32_exact_perm,57-49-85-93-39-67-58-80-95-31-48-94-45-64-19-7-41-88-51-98-97-89-62-59-16-84-66-6-73-42-96-27-20-43-32-91-13-90-33-21-14-29-34-79-69-92-50-22-99-28-30-8-53-55-82-72-71-17-23-5-100-52-36-3-61-44-40-47-18-11-77-60-12-86-26-87-2-74-46-9-37-38-83-56-65-24-15-4-54-81-35-70-63-1-10-76-75-78-25-68
Ta100x20,7,5,500,0.85,0.1,3,2230703228,17000,6573,6346,5991,6.704791328,v2_avx512bw_vec32_exact_perm,57-49-85-93-67-80-91-39-96-95-98-62-14-45-31-7-97-58-88-41-51-16-48-73-84-94-64-72-13-19-20-27-43-33-53-6-2-34-89-42-22-11-8-40-30-17-61-100-12-36-59-15-79-32-29-77-38-82-55-21-44-92-28-46-66-26-81-52-54-3-47-69-71-5-74-99-87-90-60-18-50-23-65-70-24-56-63-4-37-10-9-86-83-35-1-68-76-75-25-78
Ta100x20,7,5,500,0.85,0.1,4,2230704237,17000,6534,6346,5991,7.085885347,v2_avx512bw_vec32_exact_perm,57-49-85-93-84-80-95-67-45-73-94-31-48-7-51-58-33-62-64-91-41-6-19-98-16-43-59-39-12-20-2-36-30-13-77-53-89-14-96-22-34-27-42-66-79-38-17-28-100-92-69-32-46-97-72-21-55-44-18-61-23-82-88-40-3-60-8-56-52-74-5-70-50-71-86-26-11-90-29-99-24-25-54-65-4-87-47-15-37-63-9-10-35-83-81-1-75-78-76-68
Ta100x20,7,5,500,0.85,0.1,5,2230705246,17000,6532,6346,5991,6.947334538,v2_avx512bw_vec32_exact_perm,57-49-85-93-95-73-51-20-94-32-67-45-80-98-48-58-77-16-59-96-14-39-92-84-31-23-72-89-60-88-27-52-53-64-19-69-43-36-12-6-13-33-29-34-22-11-79-42-97-62-30-38-55-71-40-100-65-91-54-61-47-41-15-7-18-81-99-3-28-44-24-87-46-21-9-8-66-74-86-82-5-17-83-4-2-10-56-26-1-50-90-37-63-35-70-75-78-76-25-68
Ta100x20,7,5,500,0.85,0.1,6,2230706255,17000,6581,6346,5991,6.495494539,v2_avx512bw_vec32_exact_perm,57-49-85-93-80-95-67-48-39-45-58-31-7-42-23-64-19-84-6-96-20-89-33-12-14-43-27-60-34-22-77-94-62-41-73-51-32-91-21-29-40-13-50-72-8-69-79-16-59-75-55-88-98-2-90-15-17-4-30-92-97-66-82-65-37-47-18-61-71-74-9-38-100-46-54-87-3-24-11-99-81-28-5-26-53-36-44-35-70-86-56-83-52-1-10-63-78-25-76-68
Ta100x20,7,5,500,0.85,0.1,7,2230707264,17000,6500,6346,5991,6.708366288,v2_avx512bw_vec32_exact_perm,57-49-85-93-80-95-45-67-39-64-88-98-42-13-58-20-7-51-6-94-62-48-89-97-16-12-33-29-91-84-23-59-43-69-36-19-31-96-100-92-79-2-8-61-50-40-32-22-73-34-66-47-65-77-56-41-3-72-21-44-17-30-82-55-26-71-11-86-60-53-28-27-99-38-74-70-46-14-83-81-9-54-90-5-24-4-52-18-87-15-10-35-63-37-1-76-25-78-75-68
Ta100x20,7,5,500,0.85,0.1,8,2230708273,17000,6508,6346,5991,6.772696172,v2_avx512bw_vec32_exact_perm,57-93-85-80-67-48-42-7-58-51-73-27-43-31-98-45-95-64-13-96-12-6-72-94-84-62-32-39-20-97-89-49-22-91-14-79-33-16-29-59-3-23-41-99-34-55-19-8-88-21-69-77-66-50-17-54-30-82-46-38-28-53-100-61-36-24-40-65-92-26-9-90-2-5-87-47-83-70-56-74-60-52-44-10-11-63-15-81-37-4-18-71-35-78-25-1-86-76-75-68
Ta100x20,7,5,500,0.85,0.1,9,2230709282,17000,6546,6346,5991,6.671830373,v2_avx512bw_vec32_exact_perm,57-49-85-93-80-45-60-95-48-67-7-16-19-92-62-69-58-20-64-29-39-98-84-21-12-36-97-31-51-43-73-77-34-6-23-22-89-88-14-94-100-3-13-9-91-55-99-66-18-79-27-72-71-61-41-59-96-2-74-46-5-90-32-42-53-33-8-44-47-82-65-15-50-37-11-38-26-83-52-30-17-56-70-81-40-28-4-87-63-54-10-24-35-1-75-86-78-76-25-68
Ta100x20,7,5,500,0.85,0.1,10,2230710291,17000,6527,6346,5991,6.543575738,v2_avx512bw_vec32_exact_perm,57-49-85-93-95-67-45-64-98-80-28-48-58-7-42-13-20-96-6-62-84-69-97-51-88-39-59-89-29-33-73-2-34-91-43-12-94-53-23-14-41-15-79-19-36-55-22-21-31-90-30-100-16-52-72-66-17-77-99-8-40-3-92-47-61-18-46-26-44-11-32-4-54-27-60-71-74-38-87-82-5-70-50-10-56-65-83-24-9-86-35-81-1-63-37-76-75-68-25-78
Ta100x20,7,5,500,0.85,0.125,1,2230701210,17000,6514,6346,5991,6.293767663,v2_avx512bw_vec32_exact_perm,57-49-85-80-93-95-67-30-60-48-13-64-27-14-31-58-96-89-7-21-98-72-39-20-81-51-73-32-88-12-45-91-43-8-33-16-29-34-92-79-84-38-61-82-97-94-19-59-42-22-6-66-47-23-71-55-36-41-77-3-99-62-65-17-26-44-28-69-2-5-53-50-40-52-4-87-46-11-24-100-90-18-56-54-63-74-86-1-37-15-83-9-10-35-75-70-78-76-25-68
Ta100x20,7,5,500,0.85,0.125,2,2230702219,17000,6574,6346,5991,6.485006625,v2_avx512bw_vec32_exact_perm,57-49-93-85-67-60-31-94-98-7-41-39-51-80-96-95-62-32-6-33-12-58-48-66-64-27-17-88-89-91-45-19-73-43-84-90-3-97-59-13-42-16-55-21-79-23-29-2-8-22-14-72-86-82-20-99-61-53-40-28-47-50-34-77-100-52-24-92-38-54-76-37-56-30-4-69-5-71-36-46-18-74-44-9-15-26-65-87-1-35-70-83-75-10-11-81-78-63-25-68
Ta100x20,7,5,500,0.85,0.125,3,2230703228,17000,6526,6346,5991,6.612244431,v2_avx512bw_vec32_exact_perm,57-49-85-93-7-80-62-67-97-94-95-21-58-45-51-13-48-89-98-39-43-91-64-34-27-84-88-32-41-73-42-96-17-29-31-66-19-92-6-59-16-79-69-40-20-30-33-72-53-2-23-36-12-55-65-50-47-22-60-28-44-82-87-100-3-8-61-54-24-14-11-9-90-81-18-71-86-56-46-68-99-77-15-52-4-74-5-83-38-63-37-26-10-1-35-70-76-75-78-25
Ta100x20,7,5,500,0.85,0.125,4,2230704237,17000,6575,6346,5991,6.388378036,v2_avx512bw_vec32_exact_perm,57-49-85-93-80-58-67-7-95-16-48-89-45-51-94-39-97-65-69-82-88-98-14-79-62-32-38-33-27-19-31-34-96-64-8-42-53-22-43-100-91-73-12-13-21-6-77-20-59-99-72-11-84-50-36-29-40-28-71-5-17-54-92-2-30-74-55-18-61-26-66-3-47-90-41-23-86-87-10-60-24-46-56-9-15-70-4-52-81-83-37-25-63-35-44-78-1-75-68-76
Ta100x20,7,5,500,0.85,0.125,5,2230705246,17000,6563,6346,5991,6.439321891,v2_avx512bw_vec32_exact_perm,57-49-85-93-67-39-80-64-88-58-98-94-73-60-43-30-100-51-16-20-48-45-34-95-84-36-14-19-97-62-29-96-33-99-89-55-59-31-32-74-21-8-6-91-12-23-7-22-53-27-42-90-13-3-4-79-18-77-66-41-28-47-52-69-72-40-46-71-65-38-2-17-5-11-9-50-87-26-63-54-82-81-83-44-92-1-86-37-56-10-35-61-75-78-15-24-25-68-70-76
Ta100x20,7,5,500,0.85,0.125,6,2230706255,17000,6567,6346,5991,6.543936553,v2_avx512bw_vec32_exact_perm,57-49-85-93-67-95-58-80-39-7-73-96-98-51-19-88-48-6-97-89-45-34-22-64-32-94-43-14-29-23-20-62-13-31-42-33-91-12-30-90-4-16-84-17-38-69-36-27-72-100-44-59-3-99-50-77-28-65-53-71-41-21-8-52-11-79-55-40-25-60-61-2-87-56-82-47-46-54-83-5-75-66-18-92-26-74-81-1-9-15-63-35-86-37-78-10-24-68-70-76
Ta100x20,7,5,500,0.85,0.125,7,2230707264,17000,6568,6346,5991,7.269129104,v2_avx512bw_vec32_exact_perm,57-49-85-93-80-95-67-7-58-39-98-48-64-96-45-89-19-51-88-23-94-31-59-91-62-84-20-16-22-72-33-97-27-43-38-29-21-47-6-71-36-13-53-14-79-66-12-100-73-65-30-99-82-32-77-90-50-15-55-3-37-5-8-69-63-2-18-34-46-26-92-54-61-42-74-17-44-11-40-83-28-52-87-4-86-9-41-10-56-81-1-75-60-78-35-25-68-24-70-76
Ta100x20,7,5,500,0.85,0.125,8,2230708273,17000,6565,6346,5991,7.445290121,v2_avx512bw_vec32_exact_perm,57-49-85-93-80-20-94-7-95-67-31-98-39-88-58-6-23-51-45-48-96-73-43-12-33-16-42-27-89-84-100-32-62-21-66-34-53-50-41-59-72-14-22-13-91-54-29-69-44-99-8-19-30-64-3-17-15-61-2-38-82-79-63-60-9-71-77-47-18-55-90-24-11-36-35-65-92-74-56-40-5-46-4-52-26-87-86-97-83-37-28-81-70-75-10-78-1-25-76-68
Ta100x20,7,5,500,0.85,0.125,9,2230709282,17000,6555,6346,5991,6.997414524,v2_avx512bw_vec32_exact_perm,57-49-85-93-96-47-95-27-88-98-67-94-62-58-45-80-64-31-73-42-16-84-14-78-43-77-22-39-51-100-29-13-32-60-79-6-7-54-89-72-3-66-82-61-69-74-41-90-23-91-59-48-97-26-12-21-87-20-24-92-33-34-40-55-52-18-44-56-36-46-30-2-65-17-38-37-11-50-8-71-99-53-4-19-28-86-15-81-9-10-5-70-35-63-1-83-25-75-68-76
Ta100x20,7,5,500,0.85,0.125,10,2230710291,17000,6533,6346,5991,6.880787405,v2_avx512bw_vec32_exact_perm,57-49-85-93-67-7-58-94-80-30-66-98-39-48-62-45-22-51-23-95-27-31-13-19-32-33-42-73-43-97-6-16-96-34-90-20-91-84-69-28-8-2-88-41-29-89-71-59-36-12-53-72-65-100-92-38-3-55-86-99-18-21-17-61-77-9-56-64-82-47-54-50-14-5-52-79-46-26-74-60-44-40-15-81-87-4-83-24-35-37-11-1-68-10-63-70-75-78-25-76
Ta100x20,7,5,500,0.8875,0.025,1,2230701210,17000,6510,6346,5991,6.532136771,v2_avx512bw_vec32_exact_perm,57-49-85-93-67-7-95-80-13-73-88-58-98-39-45-94-51-89-16-48-34-60-27-43-42-20-30-91-64-41-97-96-17-29-6-12-62-14-84-66-53-23-21-32-59-31-33-100-55-36-19-22-82-79-3-90-99-77-2-8-50-72-69-38-11-74-65-46-83-18-40-54-61-71-5-87-92-44-26-47-24-4-1-15-28-81-56-52-9-86-10-35-63-37-70-75-78-76-25-68
Ta100x20,7,5,500,0.8875,0.025,2,2230702219,17000,6516,6346,5991,6.470203548,v2_avx512bw_vec32_exact_perm,57-49-85-93-95-67-100-80-19-48-88-45-58-96-51-73-64-7-6-16-41-97-89-31-53-98-39-94-43-12-66-27-62-20-72-90-84-28-22-99-29-8-34-42-44-14-91-21-32-13-33-82-23-59-77-79-92-3-52-50-47-61-2-17-65-30-40-69-71-36-55-87-18-24-1-26-46-54-38-11-5-60-37-56-15-4-9-86-74-68-10-83-35-63-81-70-75-78-25-76
Ta100x20,7,5,500,0.8875,0.025,3,2230703228,17000,6559,6346,5991,6.297424979,v2_avx512bw_vec32_exact_perm,57-49-85-93-95-80-58-67-45-64-96-94-27-16-88-60-98-73-43-51-97-39-12-62-6-91-89-48-31-33-23-84-42-82-20-29-28-13-47-32-66-21-7-59-72-14-79-19-65-11-17-18-22-8-26-34-38-71-77-92-74-40-53-41-50-3-90-55-36-69-5-24-54-44-15-2-61-46-4-100-30-87-99-70-9-52-56-83-81-75-10-86-63-37-35-1-25-78-76-68
Ta100x20,7,5,500,0.8875,0.025,4,2230704237,17000,6520,6346,5991,7.270776325,v2_avx512bw_vec32_exact_perm,57-49-85-93-7-80-94-67-73-95-45-98-51-19-48-88-62-31-58-23-64-16-14-42-84-27-96-20-12-21-13-100-47-40-59-91-34-89-22-77-33-43-69-6-97-38-72-18-79-29-99-3-41-39-32-28-8-65-30-17-36-9-66-2-74-53-60-46-71-55-82-11-92-50-5-15-61-26-81-54-87-44-83-90-24-70-56-4-52-10-63-37-35-1-75-86-78-76-25-68
Ta100x20,7,5,500,0.8875,0.025,5,2230705246,17000,6558,6346,5991,7.213980174,v2_avx512bw_vec32_exact_perm,57-49-85-93-80-67-95-58-98-64-7-73-45-39-48-94-51-6-62-18-20-88-19-84-82-97-89-96-23-34-32-100-33-29-13-31-59-42-91-66-47-22-16-43-12-30-36-60-55-21-79-14-77-38-69-53-27-90-65-72-1-92-61-41-28-3-26-99-2-15-17-74-40-54-87-71-24-11-8-52-50-56-46-9-44-10-5-70-25-81-4-63-78-37-35-83-86-76-75-68
Ta100x20,7,5,500,0.8875,0.025,6,2230706255,17000,6559,6346,5991,6.884780079,v2_avx512bw_vec32_exact_perm,57-49-85-93-95-45-80-48-94-67-31-39-13-6-7-89-88-51-73-32-27-53-41-42-20-58-16-96-34-99-29-22-23-72-84-59-33-98-14-91-64-43-100-3-12-97-82-46-21-77-69-55-61-79-86-19-36-30-11-28-2-92-8-90-18-47-40-50-65-60-54-74-71-17-66-24-9-70-5-26-83-44-87-56-10-52-62-75-38-15-35-4-81-63-1-25-78-37-76-68
Ta100x20,7,5,500,0.8875,0.025,7,2230707264,17000,6458,6346,5991,6.856567951,v2_avx512bw_vec32_exact_perm,57-49-85-93-67-98-39-80-58-96-73-42-31-51-94-23-19-88-32-48-64-45-13-72-7-6-97-62-89-91-29-20-43-14-17-27-34-82-16-84-33-22-59-95-21-5-11-65-77-30-92-3-69-36-12-53-90-100-79-2-8-50-66-71-87-18-41-61-55-54-47-60-46-4-74-52-1-40-56-26-38-86-28-99-81-10-83-35-44-15-24-9-70-63-37-78-25-75-68-76
Ta100x20,7,5,500,0.8875,0.025,8,2230708273,17000,6546,6346,5991,6.600505105,v2_avx512bw_vec32_exact_perm,57-49-85-93-80-95-7-48-58-67-45-60-64-88-34-39-42-94-98-96-89-100-32-51-13-33-91-6-31-43-82-16-73-97-12-23-29-27-22-19-14-84-62-59-66-8-47-3-20-77-55-65-41-2-53-36-21-61-79-54-99-71-38-30-72-74-18-92-69-17-26-90-5-40-11-44-24-50-87-28-83-10-81-15-9-37-1-63-52-46-56-86-68-4-35-75-70-78-25-76
Ta100x20,7,5,500,0.8875,0.025,9,2230709282,17000,6476,6346,5991,6.741777997,v2_avx512bw_vec32_exact_perm,57-49-85-93-67-95-45-98-48-42-84-80-64-7-58-96-73-32-31-43-91-94-14-13-27-51-23-39-34-88-97-16-89-59-12-19-22-6-62-41-53-69-79-72-66-8-38-29-20-33-21-28-40-100-71-77-90-24-99-30-25-2-92-55-47-5-3-18-82-17-61-52-36-26-87-54-74-60-11-86-50-46-65-4-9-56-15-44-10-35-63-81-1-37-83-70-75-78-76-68
Ta100x20,7,5,500,0.8875,0.025,10,2230710291,17000,6507,6346,5991,6.754345963,v2_avx512bw_vec32_exact_perm,57-49-85-93-67-98-7-80-95-20-32-39-58-94-45-51-96-48-73-88-27-89-43-91-23-41-21-22-14-33-34-16-19-53-29-66-13-64-84-42-6-69-36-28-79-62-38-55-82-59-72-77-44-31-100-8-92-2-17-12-90-5-87-99-50-61-60-97-47-65-54-30-56-24-70-40-3-18-71-74-9-15-11-46-52-86-26-4-83-10-63-37-81-35-75-1-78-76-25-68
Ta100x20,7,5,500,0.8875,0.05,1,2230701210,17000,6520,6346,5991,7.221895761,v2_avx512bw_vec32_exact_perm,57-49-85-93-67-95-45-80-31-96-58-42-94-43-27-98-64-84-39-59-97-20-6-77-12-24-73-72-62-51-88-19-16-34-69-7-90-13-89-23-22-48-53-29-44-21-3-33-91-2-47-8-41-50-99-66-60-61-55-100-28-79-82-18-30-92-86-65-40-52-74-46-36-32-17-15-87-54-5-14-71-1-4-11-38-83-9-26-56-35-81-70-10-78-63-25-37-75-68-76
Ta100x20,7,5,500,0.8875,0.05,2,2230702219,17000,6553,6346,5991,7.086644739,v2_avx512bw_vec32_exact_perm,57-49-85-93-95-67-45-80-98-31-42-64-58-88-13-39-23-7-27-51-48-17-94-20-84-89-32-33-34-91-60-73-6-52-96-97-47-3-14-43-59-8-12-77-22-41-19-36-65-29-53-21-62-16-99-38-1-24-72-30-28-2-79-55-100-82-92-66-71-5-69-44-90-4-81-50-40-11-18-54-61-9-26-87-56-35-10-25-15-83-86-37-46-75-74-63-78-68-70-76
Ta100x20,7,5,500,0.8875,0.05,3,2230703228,17000,6545,6346,5991,6.882148991,v2_avx512bw_vec32_exact_perm,57-49-85-93-67-7-80-95-96-58-31-94-45-51-100-64-32-98-97-20-77-33-43-39-73-12-89-13-42-59-88-14-16-22-62-19-34-66-55-72-6-23-48-36-29-69-38-41-9-27-71-84-21-92-60-61-79-24-90-2-82-5-4-3-47-65-11-91-17-40-18-30-99-87-8-28-53-50-15-54-52-46-56-44-26-74-1-63-10-86-37-25-83-68-75-81-78-35-70-76
Ta100x20,7,5,500,0.8875,0.05,4,2230704237,17000,6498,6346,5991,6.662969016,v2_avx512bw_vec32_exact_perm,57-49-85-93-80-95-58-39-94-45-67-97-7-48-73-96-27-43-51-41-88-23-31-59-52-16-34-14-19-20-100-89-53-64-84-91-55-98-18-33-8-38-6-12-21-72-66-13-79-28-77-99-29-92-11-62-17-50-42-3-69-32-37-61-40-90-2-24-82-4-65-47-36-30-46-71-15-74-22-5-1-10-86-26-9-83-44-56-81-54-63-60-87-35-75-70-78-76-25-68
Ta100x20,7,5,500,0.8875,0.05,5,2230705246,17000,6537,6346,5991,6.634182151,v2_avx512bw_vec32_exact_perm,57-49-85-93-39-67-62-94-88-58-30-95-80-45-7-98-64-89-43-73-51-32-48-97-31-42-96-27-6-34-16-14-84-53-36-23-22-91-13-20-100-29-33-19-21-55-66-99-47-44-69-82-18-79-3-59-40-65-50-46-12-11-77-72-17-41-74-52-5-28-8-10-83-92-90-54-38-71-87-2-61-56-60-24-15-81-63-9-4-86-1-26-37-35-75-70-78-76-25-68
Ta100x20,7,5,500,0.8875,0.05,6,2230706255,17000,6521,6346,5991,6.646181901,v2_avx512bw_vec32_exact_perm,57-49-85-93-95-67-45-39-80-58-51-98-42-60-43-48-73-16-7-84-23-62-27-94-6-91-13-88-33-19-92-82-97-59-89-14-55-34-64-31-96-3-32-36-21-53-12-100-8-69-30-66-20-22-79-41-90-72-28-29-38-77-17-40-52-47-99-18-65-61-46-11-2-26-24-9-5-86-10-1-54-71-50-74-4-83-87-44-15-35-56-81-70-63-37-78-76-75-25-68
Ta100x20,7,5,500,0.8875,0.05,7,2230707264,17000,6582,6346,5991,6.731763568,v2_avx512bw_vec32_exact_perm,57-49-85-93-67-95-80-31-7-58-98-45-41-60-16-64-94-43-77-48-73-51-27-20-39-34-12-88-97-96-89-23-91-14-100-22-2-6-53-59-36-55-66-21-8-84-42-28-47-62-13-19-79-24-92-69-61-17-18-40-30-86-82-44-99-9-72-3-50-33-29-32-11-52-46-70-5-65-90-15-4-71-38-26-74-54-87-10-63-81-56-83-37-75-25-78-35-1-76-68
Ta100x20,7,5,500,0.8875,0.05,8,2230708273,17000,6552,6346,5991,7.278954596,v2_avx512bw_vec32_exact_perm,57-49-85-93-80-67-94-39-88-48-7-98-20-43-73-97-52-31-95-27-58-45-16-34-51-23-41-42-19-6-91-65-96-84-13-59-89-32-36-21-24-14-3-72-29-82-33-22-79-11-64-12-17-30-100-90-77-40-55-8-2-38-69-92-5-28-74-71-47-53-62-66-87-60-46-61-54-18-99-26-83-44-81-56-15-4-10-86-63-9-35-50-1-37-70-78-76-75-25-68
Ta100x20,7,5,500,0.8875,0.05,9,2230709282,17000,6569,6346,5991,7.265190535,v2_avx512bw_vec32_exact_perm,57-49-85-93-100-80-64-67-73-88-7-58-45-21-51-97-39-60-27-43-31-29-98-94-96-89-32-14-5-69-99-16-62-48-23-91-47-20-19-22-53-6-36-82-84-8-55-92-30-33-95-28-77-79-3-42-90-13-12-40-66-59-74-2-72-17-41-87-18-50-61-71-54-24-38-4-34-11-65-15-9-81-26-37-83-70-44-86-52-56-1-46-63-35-25-10-78-75-76-68
Ta100x20,7,5,500,0.8875,0.05,10,2230710291,17000,6575,6346,5991,7.234870054,v2_avx512bw_vec32_exact_perm,57-49-50-85-93-32-80-95-7-41-58-98-33-39-94-43-67-97-42-48-51-84-88-62-73-20-91-12-45-16-19-64-34-89-29-13-31-59-66-53-23-69-27-6-74-60-90-61-96-77-82-44-65-3-2-55-92-21-79-22-36-87-100-17-30-28-72-99-14-71-8-54-38-24-4-11-40-9-18-46-1-47-15-56-52-5-35-26-86-63-70-81-10-83-37-25-76-78-75-68
Ta100x20,7,5,500,0.8875,0.075,1,2230701210,17000,6549,6346,5991,6.412620471,v2_avx512bw_vec32_exact_perm,57-49-85-93-80-7-64-48-98-95-67-27-45-51-41-16-23-88-31-58-43-73-91-42-97-39-90-6-84-62-100-96-22-34-69-14-20-32-29-59-99-89-30-36-50-13-72-79-28-82-40-8-3-17-24-19-66-74-12-61-2-33-21-83-92-55-77-87-94-38-54-47-11-60-71-37-52-5-53-86-65-46-18-56-15-9-70-26-10-44-63-1-78-4-35-75-81-25-76-68
Ta100x20,7,5,500,0.8875,0.075,2,2230702219,17000,6551,6346,5991,6.256579256,v2_avx512bw_vec32_exact_perm,57-49-85-93-58-95-45-39-97-98-7-67-62-31-29-23-51-48-20-89-12-96-69-72-27-80-14-43-28-88-100-73-34-94-77-19-82-91-84-41-59-2-13-22-21-60-33-52-30-92-16-6-36-38-55-11-42-66-71-53-99-24-47-79-18-46-9-83-65-86-5-26-87-3-61-17-54-40-74-15-44-1-4-32-37-8-90-64-56-50-10-63-35-81-75-70-78-76-25-68
Ta100x20,7,5,500,0.8875,0.075,3,2230703228,17000,6541,6346,5991,6.724491023,v2_avx512bw_vec32_exact_perm,57-49-85-93-95-80-58-64-45-7-73-98-94-48-43-31-39-51-28-69-8-12-19-89-50-62-27-88-34-52-97-6-22-3-100-84-13-23-59-91-20-32-82-72-67-96-29-14-66-30-71-36-79-55-11-5-16-77-90-2-74-33-21-38-53-60-42-44-18-47-9-92-41-65-17-54-86-61-56-75-63-10-87-40-26-1-15-4-35-37-46-83-81-78-25-24-99-68-70-76
Ta100x20,7,5,500,0.8875,0.075,4,2230704237,17000,6564,6346,5991,6.703178222,v2_avx512bw_vec32_exact_perm,57-49-85-93-80-95-67-7-94-73-31-58-62-39-27-96-55-88-100-51-48-20-91-89-16-45-43-54-64-84-69-60-98-34-33-97-19-12-82-59-23-22-77-29-79-28-41-6-3-42-47-13-21-61-38-17-14-72-5-2-8-65-24-44-53-50-36-70-86-30-46-9-99-37-40-18-26-56-90-32-81-52-74-92-35-11-83-15-71-66-4-63-75-10-87-1-78-76-25-68
Ta100x20,7,5,500,0.8875,0.075,5,2230705246,17000,6578,6346,5991,6.631642863,v2_avx512bw_vec32_exact_perm,57-49-85-93-80-67-58-94-31-42-45-7-95-98-96-48-39-13-73-43-28-27-88-51-97-32-62-20-19-72-6-23-14-84-89-77-92-22-61-59-47-8-18-41-34-91-29-79-36-17-16-12-64-66-21-38-30-1-82-33-52-2-3-24-40-99-100-90-55-71-53-26-60-86-69-54-50-87-65-44-37-11-4-46-5-74-15-9-83-10-81-56-63-35-75-70-78-25-76-68
Ta100x20,7,5,500,0.8875,0.075,6,2230706255,17000,6578,6346,5991,7.100628055,v2_avx512bw_vec32_exact_perm,57-49-85-93-95-67-7-73-31-58-98-45-94-13-64-80-89-48-91-42-16-14-20-55-51-88-43-39-33-12-34-97-100-41-99-3-6-62-72-8-77-38-59-32-69-21-36-53-27-29-84-22-23-19-90-46-28-30-2-40-79-92-17-66-24-96-5-15-70-52-11-61-50-47-71-65-9-82-4-54-86-26-18-87-56-81-44-83-10-25-63-37-74-60-35-1-75-76-78-68
Ta100x20,7,5,500,0.8875,0.075,7,2230707264,17000,6567,6346,5991,6.506650877,v2_avx512bw_vec32_exact_perm,57-49-85-93-39-67-13-7-80-95-29-31-64-45-98-32-73-97-58-33-19-34-96-62-20-88-16-48-14-43-23-89-72-55-28-60-66-6-77-2-8-5-36-12-84-22-42-91-41-79-94-59-65-50-54-53-71-100-92-87-30-51-17-69-40-44-82-74-3-21-90-27-11-99-18-26-38-70-15-24-47-52-81-56-61-37-83-4-46-9-63-35-1-86-10-75-76-78-25-68
Ta100x20,7,5,500,0.8875,0.075,8,2230708273,17000,6538,6346,5991,6.304764521,v2_avx512bw_vec32_exact_perm,57-49-85-93-67-95-45-98-80-58-94-31-73-16-48-97-64-43-7-29-89-33-42-20-84-32-39-22-82-34-62-14-69-23-51-27-88-19-59-21-13-41-91-52-77-6-55-96-66-38-100-12-79-72-99-30-3-71-36-2-53-50-44-90-47-28-60-86-8-61-9-54-46-17-65-75-40-92-11-81-26-87-83-15-74-5-18-63-10-4-56-35-1-37-25-78-24-68-70-76
Ta100x20,7,5,500,0.8875,0.075,9,2230709282,17000,6563,6346,5991,6.291567568,v2_avx512bw_vec32_exact_perm,57-49-85-93-67-95-39-88-80-45-42-48-17-58-94-97-32-19-34-64-7-33-100-51-43-16-59-82-91-20-84-62-12-86-73-28-13-90-72-22-14-92-6-79-41-23-8-30-77-96-31-89-29-53-38-21-66-69-11-55-71-27-5-18-54-50-98-61-47-3-87-40-24-26-36-99-74-65-70-15-4-2-46-9-60-56-35-1-10-83-44-52-63-37-75-81-25-78-76-68
Ta100x20,7,5,500,0.8875,0.075,10,2230710291,17000,6542,6346,5991,6.17598089,v2_avx512bw_vec32_exact_perm,57-49-85-93-80-39-67-31-7-94-58-62-95-96-6-33-12-51-91-45-36-48-98-64-13-53-77-73-89-27-100-88-59-16-84-21-43-97-34-29-20-72-41-4-19-38-69-66-23-32-3-17-99-8-2-65-30-71-90-74-40-61-22-14-79-11-42-86-55-18-24-9-26-5-54-92-82-46-47-50-28-87-70-60-15-44-35-10-1-81-83-52-56-37-63-78-25-75-68-76
Ta100x20,7,5,500,0.8875,0.1,1,2230701210,17000,6578,6346,5991,6.888404911,v2_avx512bw_vec32_exact_perm,49-85-93-80-95-58-67-7-73-64-88-51-62-45-14-98-16-32-94-39-30-89-20-77-22-48-84-15-96-34-91-54-59-27-41-66-12-6-60-37-29-13-42-72-24-97-21-17-19-53-33-3-92-38-9-100-11-55-82-61-71-99-36-65-69-2-86-43-28-52-79-50-8-23-47-18-31-63-40-5-90-56-35-70-10-26-74-87-83-46-4-44-1-25-76-81-75-78-68-57
Ta100x20,7,5,500,0.8875,0.1,2,2230702219,17000,6581,6346,5991,6.881486452,v2_avx512bw_vec32_exact_perm,57-49-85-93-94-88-67-45-95-62-39-80-31-58-7-60-32-51-20-22-43-89-100-84-98-73-24-59-64-12-69-91-33-96-75-48-19-16-14-6-9-79-29-82-36-97-13-40-23-86-30-3-18-27-72-17-38-92-2-28-87-41-71-77-34-90-11-26-35-55-99-44-21-47-50-53-66-54-5-46-4-61-15-65-56-81-42-8-52-74-70-63-83-37-10-1-76-78-25-68
Ta100x20,7,5,500,0.8875,0.1,3,2230703228,17000,6542,6346,5991,6.780339755,v2_avx512bw_vec32_exact_perm,57-49-85-93-7-80-67-94-98-95-45-62-58-39-51-13-31-42-89-16-91-48-33-29-69-88-64-6-96-73-43-14-34-8-21-97-84-59-22-100-23-3-20-18-92-82-27-41-12-77-19-40-54-74-61-99-17-38-32-55-53-65-60-47-71-37-50-72-30-90-46-36-2-28-11-79-24-66-15-52-87-83-5-44-4-56-26-35-81-9-86-70-1-10-63-75-78-25-76-68
Ta100x20,7,5,500,0.8875,0.1,4,2230704237,17000,6549,6346,5991,6.820706246,v2_avx512bw_vec32_exact_perm,57-49-85-93-60-80-100-95-45-67-98-91-62-97-64-69-31-43-94-59-13-58-73-39-96-84-51-22-34-19-23-89-14-33-48-42-37-6-12-88-99-8-3-16-79-77-18-72-41-29-47-20-55-21-38-11-61-32-40-92-17-36-30-28-71-54-81-82-26-27-74-2-90-53-5-7-66-46-50-15-87-4-56-65-70-52-24-86-9-63-1-83-10-75-35-44-78-68-25-76
Ta100x20,7,5,500,0.8875,0.1,5,2230705246,17000,6575,6346,5991,7.607635635,v2_avx512bw_vec32_exact_perm,57-49-85-93-80-67-31-95-39-48-97-94-7-32-73-64-88-13-34-58-60-91-62-89-69-45-6-42-59-43-84-66-27-100-82-20-19-22-12-53-21-77-33-41-18-96-16-79-30-29-3-23-14-24-47-61-40-8-36-92-28-17-46-55-51-2-90-72-9-99-74-98-71-52-81-56-11-50-5-15-37-4-87-1-70-54-65-44-63-38-26-83-35-10-86-25-78-76-75-68
Ta100x20,7,5,500,0.8875,0.1,6,2230706255,17000,6598,6346,5991,6.439328641,v2_avx512bw_vec32_exact_perm,57-49-85-93-80-39-94-73-67-48-98-88-42-43-20-7-95-62-45-51-41-97-59-19-58-89-22-64-31-6-27-96-18-53-17-91-84-55-100-32-8-34-72-33-82-50-13-29-99-30-36-44-26-79-92-12-14-40-66-28-47-16-5-77-21-11-2-9-4-90-52-3-69-23-61-74-46-60-15-87-83-54-37-86-71-38-75-81-63-65-1-10-24-68-56-25-78-35-70-76
Ta100x20,7,5,500,0.8875,0.1,7,2230707264,17000,6573,6346,5991,6.323963444,v2_avx512bw_vec32_exact_perm,57-49-85-93-58-60-95-80-48-39-94-45-64-98-16-13-73-84-20-96-33-7-14-29-89-27-67-34-23-28-42-88-91-62-31-51-17-2-97-21-79-3-32-36-19-53-77-22-72-59-100-30-41-55-90-47-66-40-92-43-11-50-54-65-69-18-52-87-74-38-5-12-6-82-78-71-26-86-99-24-9-81-46-8-61-15-44-4-37-63-56-75-25-10-83-35-1-68-70-76
Ta100x20,7,5,500,0.8875,0.1,8,2230708273,17000,6565,6346,5991,6.447723708,v2_avx512bw_vec32_exact_perm,57-49-85-93-7-80-67-91-73-58-43-51-48-42-31-39-69-23-6-41-16-45-96-14-84-33-88-62-21-27-28-64-94-22-34-19-97-72-95-53-32-13-89-82-61-29-30-59-20-2-36-100-90-92-55-40-98-12-3-18-11-8-99-79-77-25-37-46-15-87-65-26-17-66-9-71-4-74-24-38-5-52-56-47-50-1-83-70-54-81-63-60-75-86-35-44-10-76-68-78
Ta100x20,7,5,500,0.8875,0.1,9,2230709282,17000,6515,6346,5991,6.279602743,v2_avx512bw_vec32_exact_perm,57-49-85-93-67-95-45-94-43-86-80-98-6-16-41-73-7-51-88-39-19-89-60-58-48-66-20-62-34-72-31-69-97-12-96-8-91-77-23-17-24-59-79-14-64-90-100-38-2-71-28-55-42-13-84-33-61-47-32-50-92-21-3-22-36-30-87-27-82-74-5-53-54-44-18-40-65-11-26-10-46-99-15-29-63-83-9-56-81-70-37-52-4-35-1-76-75-78-25-68
Ta100x20,7,5,500,0.8875,0.1,10,2230710291,17000,6544,6346,5991,6.404845066,v2_avx512bw_vec32_exact_perm,57-49-85-93-95-67-45-80-7-64-58-62-31-94-88-73-89-43-98-51-39-100-48-59-16-8-20-91-29-84-12-52-96-33-6-42-19-97-17-82-13-79-27-22-2-99-72-30-41-77-34-69-53-38-36-23-47-28-46-61-66-55-18-65-90-74-71-21-11-60-86-24-50-3-32-1-26-40-14-44-92-54-56-87-83-5-15-4-10-35-37-9-63-70-81-75-78-76-25-68
Ta100x20,7,5,500,0.8875,0.125,1,2230701210,17000,6522,6346,5991,7.103562381,v2_avx512bw_vec32_exact_perm,57-49-85-93-39-80-67-7-64-62-42-88-58-94-97-51-33-6-98-89-45-48-32-13-91-14-59-73-31-17-77-22-21-23-16-95-27-69-20-79-29-53-41-84-28-43-19-66-96-90-34-50-55-71-44-92-40-72-2-100-8-65-36-12-61-5-47-82-87-4-24-3-99-60-54-81-30-52-11-37-38-46-63-18-56-74-15-26-1-83-10-35-75-86-9-70-78-25-76-68
Ta100x20,7,5,500,0.8875,0.125,2,2230702219,17000,6548,6346,5991,6.42967797,v2_avx512bw_vec32_exact_perm,57-49-85-93-80-95-67-31-41-39-32-7-98-64-97-96-94-88-58-14-73-34-23-89-48-33-42-19-51-45-22-20-55-62-43-16-29-21-91-8-99-84-92-27-6-77-53-3-69-79-5-36-17-90-12-2-100-38-13-61-18-59-74-60-40-50-82-28-30-54-47-44-72-35-11-46-15-65-71-66-26-4-81-52-24-86-9-56-70-87-10-63-83-37-25-75-1-78-76-68
Ta100x20,7,5,500,0.8875,0.125,3,2230703228,17000,6581,6346,5991,7.746769625,v2_avx512bw_vec32_exact_perm,57-49-85-93-39-80-67-7-51-48-95-30-89-45-88-100-92-98-73-53-62-31-32-33-58-16-13-42-91-36-84-29-79-6-12-17-54-97-27-41-23-77-96-14-44-20-19-34-69-50-87-28-72-59-38-66-21-5-82-61-24-8-3-74-90-35-2-37-11-22-26-52-55-15-99-60-4-65-47-46-71-64-56-1-18-9-43-81-94-40-63-10-70-75-86-83-68-78-76-25
Ta100x20,7,5,500,0.8875,0.125,4,2230704237,17000,6566,6346,5991,6.923407258,v2_avx512bw_vec32_exact_perm,57-49-85-93-80-95-65-39-67-31-45-13-7-64-58-98-42-84-88-51-48-23-89-34-91-19-20-6-62-73-55-97-94-28-92-22-53-27-96-8-11-77-59-33-16-61-40-100-12-43-47-30-69-18-99-72-2-24-3-41-38-29-79-36-71-32-4-66-17-9-21-86-82-52-46-44-74-14-56-90-50-5-54-87-15-10-35-60-81-83-37-25-26-1-63-70-76-75-78-68
Ta100x20,7,5,500,0.8875,0.125,5,2230705246,17000,6573,6346,5991,7.30595724,v2_avx512bw_vec32_exact_perm,57-49-85-93-67-94-58-80-7-39-60-82-88-45-51-13-34-64-97-6-98-91-71-89-33-73-32-95-31-100-48-43-27-12-53-42-66-96-84-79-62-22-59-19-20-3-77-55-69-29-44-50-23-11-46-16-61-47-41-72-36-40-21-28-2-99-17-65-26-92-87-90-30-14-86-18-9-54-5-4-74-37-70-8-83-56-38-24-63-10-15-35-75-1-81-76-25-52-78-68
Ta100x20,7,5,500,0.8875,0.125,6,2230706255,17000,6590,6346,5991,6.682391362,v2_avx512bw_vec32_exact_perm,57-49-85-93-80-95-45-39-73-67-98-94-89-88-7-19-48-23-64-84-58-14-96-31-51-62-28-6-2-27-20-53-97-100-82-16-36-42-38-69-34-72-22-13-21-91-79-17-52-8-40-77-71-33-3-99-5-55-18-26-59-41-32-50-43-29-30-47-92-60-12-90-46-11-44-54-4-56-87-83-66-61-35-9-81-15-74-70-65-63-1-75-37-10-24-25-86-76-78-68
Ta100x20,7,5,500,0.8875,0.125,7,2230707264,17000,6545,6346,5991,6.67101838,v2_avx512bw_vec32_exact_perm,57-49-85-93-80-45-39-58-94-96-51-88-67-62-100-6-23-48-31-16-97-84-7-73-98-20-89-64-29-91-33-13-34-42-53-19-12-22-36-47-59-54-66-18-72-43-41-55-38-27-82-69-65-30-46-92-99-40-28-77-3-61-26-8-71-17-60-95-32-79-2-44-21-50-11-24-9-87-90-70-14-81-83-86-15-74-4-63-5-25-37-52-1-56-35-76-10-78-75-68
Ta100x20,7,5,500,0.8875,0.125,8,2230708273,17000,6563,6346,5991,6.750140238,v2_avx512bw_vec32_exact_perm,57-49-85-93-80-39-60-48-67-45-95-98-31-7-64-32-96-29-66-58-88-100-89-6-73-41-43-90-16-94-19-59-97-51-69-14-65-24-62-22-11-34-42-84-20-33-12-72-91-38-79-8-47-18-27-40-30-36-13-2-71-77-37-21-50-17-87-54-55-26-28-3-92-46-82-15-61-23-83-44-56-53-81-52-5-86-1-99-4-9-35-10-63-75-25-68-78-74-70-76
Ta100x20,7,5,500,0.8875,0.125,9,2230709282,17000,6546,6346,5991,7.5072528,v2_avx512bw_vec32_exact_perm,57-49-85-93-39-80-58-94-62-51-95-67-19-23-82-98-20-32-88-97-48-73-89-45-6-27-64-13-96-59-50-91-21-84-14-7-43-63-33-16-31-34-77-72-92-66-79-2-69-29-41-22-90-3-11-65-100-38-12-53-55-99-71-54-87-8-28-30-18-17-47-60-61-46-52-26-40-42-86-36-24-81-5-15-37-4-9-10-74-70-56-35-1-78-83-25-44-76-75-68
Ta100x20,7,5,500,0.8875,0.125,10,2230710291,17000,6524,6346,5991,7.548856614,v2_avx512bw_vec32_exact_perm,57-49-85-93-95-80-100-45-39-67-48-31-7-20-94-51-58-88-73-13-32-82-43-27-97-28-12-29-64-84-33-19-69-34-91-98-23-38-62-53-2-55-21-66-65-77-6-14-89-79-22-96-17-16-42-41-59-90-37-72-8-40-92-47-46-3-11-36-5-52-24-56-50-99-61-54-30-78-18-71-70-9-86-60-74-44-26-10-15-87-4-63-1-83-35-81-76-25-75-68
Ta100x20,7,5,500,0.925,0.025,1,2230701210,17000,6544,6346,5991,7.09129606,v2_avx512bw_vec32_exact_perm,57-49-85-93-67-7-98-64-80-58-95-60-19-45-48-73-88-96-39-6-51-97-89-32-20-94-23-16-14-69-84-91-62-43-61-27-8-36-31-72-90-21-34-13-12-38-2-53-22-30-42-79-18-33-29-77-99-100-24-66-40-74-41-65-55-28-92-46-71-5-87-59-47-11-17-3-26-82-44-56-15-50-9-4-70-83-81-52-35-75-86-37-63-54-10-78-25-1-76-68
Ta100x20,7,5,500,0.925,0.025,2,2230702219,17000,6543,6346,5991,7.06567849,v2_avx512bw_vec32_exact_perm,57-49-85-93-67-98-58-7-95-80-45-64-91-51-39-43-6-48-27-88-62-16-94-13-30-73-89-14-31-47-96-21-59-69-12-55-42-100-84-97-82-77-38-20-60-61-22-34-2-33-41-3-99-32-79-72-5-17-36-65-19-53-50-29-54-46-92-28-87-23-66-74-86-26-4-18-71-52-8-40-90-24-11-56-15-9-1-10-81-35-63-70-44-83-37-76-78-25-75-68
Ta100x20,7,5,500,0.925,0.025,3,2230703228,17000,6551,6346,5991,7.038382661,v2_avx512bw_vec32_exact_perm,57-49-85-93-67-100-48-7-51-45-64-58-96-80-73-23-19-32-88-62-39-34-31-89-16-59-91-42-84-6-33-60-29-20-97-43-94-22-98-14-12-11-21-77-92-2-69-79-27-38-61-53-71-13-50-95-54-5-55-30-18-40-36-47-72-44-17-8-28-3-41-65-24-9-82-87-90-86-4-46-68-52-99-1-56-75-66-26-15-81-74-83-37-10-25-63-78-35-70-76
Ta100x20,7,5,500,0.925,0.025,4,2230704237,17000,6553,6346,5991,7.032747439,v2_avx512bw_vec32_exact_perm,57-49-85-93-95-80-7-67-39-88-73-45-16-51-94-64-62-58-43-19-14-92-96-42-84-34-97-48-28-77-33-17-89-31-20-27-3-6-72-82-13-12-66-79-59-55-21-91-69-32-23-8-54-11-24-22-40-29-36-61-98-100-41-50-90-38-18-71-99-5-2-30-60-53-44-52-9-47-35-46-65-56-10-15-87-4-26-83-81-86-74-70-63-1-37-76-78-25-75-68
Ta100x20,7,5,500,0.925,0.025,5,2230705246,17000,6578,6346,5991,6.763234453,v2_avx512bw_vec32_exact_perm,49-85-93-80-7-95-30-64-67-45-51-88-31-98-48-62-91-58-94-27-20-14-23-39-89-22-43-16-77-96-73-6-21-29-38-69-97-42-55-59-41-33-19-34-8-28-78-54-3-84-61-82-71-79-2-36-72-24-11-44-90-99-100-13-12-66-40-50-17-47-9-18-65-53-32-70-46-60-5-92-87-4-81-15-52-26-74-37-35-56-63-25-1-83-75-10-86-68-57-76
Ta100x20,7,5,500,0.925,0.025,6,2230706255,17000,6524,6346,5991,7.181724257,v2_avx512bw_vec32_exact_perm,57-49-85-93-67-98-95-7-31-94-64-58-80-62-45-32-39-42-27-88-23-73-97-96-91-6-16-48-55-59-19-51-21-13-14-69-29-89-20-34-2-33-53-43-22-72-8-66-12-84-41-100-5-92-77-79-28-61-17-82-38-52-44-90-3-47-71-36-74-65-40-15-24-11-60-30-18-50-99-26-1-81-4-54-87-10-56-83-35-46-86-9-63-37-70-78-76-75-25-68
Ta100x20,7,5,500,0.925,0.025,7,2230707264,17000,6496,6346,5991,6.730494263,v2_avx512bw_vec32_exact_perm,57-49-85-93-95-80-67-94-31-58-100-43-32-73-7-39-84-62-89-45-88-60-19-64-48-14-69-51-6-97-34-20-54-13-91-12-3-82-27-22-79-41-42-72-77-99-59-55-96-23-52-38-33-29-21-16-24-53-61-92-36-5-47-8-28-30-17-66-74-98-90-2-87-11-40-50-65-71-70-46-86-18-56-9-4-26-35-81-83-44-10-63-15-37-1-76-75-78-25-68
Ta100x20,7,5,500,0.925,0.025,8,2230708273,17000,6562,6346,5991,6.912434994,v2_avx512bw_vec32_exact_perm,57-49-85-93-97-80-67-95-31-94-64-45-98-39-20-58-62-96-14-88-30-7-89-100-48-51-43-22-82-73-19-91-12-59-27-16-8-13-55-84-50-34-23-69-21-36-29-6-92-53-33-28-41-3-99-72-24-38-54-17-65-42-79-77-40-66-18-32-90-47-9-2-5-61-4-26-44-71-11-86-87-60-52-74-46-81-15-10-56-37-63-1-83-25-75-68-78-35-70-76
Ta100x20,7,5,500,0.925,0.025,9,2230709282,17000,6581,6346,5991,7.034620071,v2_avx512bw_vec32_exact_perm,57-49-85-93-7-95-67-39-97-80-100-58-94-98-45-64-48-89-88-6-96-62-32-73-12-43-91-14-33-77-84-20-47-28-59-72-31-66-19-90-29-18-51-99-55-22-21-13-50-16-79-65-3-23-40-17-42-8-92-41-69-37-38-30-82-71-26-34-11-24-27-53-5-2-36-83-9-46-52-4-15-81-87-61-56-60-74-1-54-44-35-25-86-10-63-75-68-78-70-76
Ta100x20,7,5,500,0.925,0.025,10,2230710291,17000,6556,6346,5991,6.772694509,v2_avx512bw_vec32_exact_perm,57-49-85-93-67-7-95-98-31-45-80-39-27-48-88-96-64-58-62-94-50-51-91-13-34-97-6-73-89-69-82-16-19-42-20-3-43-55-66-84-14-100-5-12-23-38-8-72-22-33-59-77-71-30-24-99-29-2-21-36-46-52-53-65-17-28-41-79-18-44-40-92-47-87-60-61-54-74-11-15-4-26-83-9-81-90-32-56-35-70-1-86-37-10-63-78-75-25-68-76
Ta100x20,7,5,500,0.925,0.05,1,2230701210,17000,6587,6346,5991,6.492053768,v2_avx512bw_vec32_exact_perm,57-49-85-93-7-80-95-67-45-43-73-58-60-39-51-88-48-20-91-62-32-98-64-31-94-23-19-6-89-29-13-59-16-96-69-84-97-14-86-22-36-12-21-33-79-28-2-41-47-77-100-72-61-34-92-66-38-99-30-55-27-3-42-65-53-87-74-40-5-82-56-17-26-4-46-18-9-90-81-71-50-54-11-52-24-8-83-37-70-78-44-15-63-10-25-35-75-1-76-68
Ta100x20,7,5,500,0.925,0.05,2,2230702219,17000,6553,6346,5991,6.644034468,v2_avx512bw_vec32_exact_perm,57-49-85-93-95-80-94-39-73-67-45-31-42-13-88-51-58-7-48-98-97-89-27-62-6-33-84-14-91-41-43-64-34-22-21-77-19-96-82-16-90-12-23-55-20-66-79-69-52-3-24-59-36-29-32-2-100-38-72-44-11-99-50-28-30-86-8-5-60-40-74-71-53-65-17-92-47-56-83-15-87-81-61-37-18-63-26-46-54-4-1-9-10-75-35-70-78-76-25-68
Ta100x20,7,5,500,0.925,0.05,3,2230703228,17000,6555,6346,5991,6.348175281,v2_avx512bw_vec32_exact_perm,57-49-85-93-95-67-39-45-31-7-80-58-51-27-96-23-48-94-98-88-6-32-97-20-62-34-42-59-19-82-29-89-13-22-33-69-91-64-43-14-12-79-3-66-55-73-16-90-44-21-92-17-50-30-26-8-53-72-100-65-38-84-15-2-18-36-74-41-77-61-81-60-47-71-40-99-24-87-46-28-52-11-54-5-4-10-86-56-63-83-1-9-35-37-70-78-76-75-25-68
Ta100x20,7,5,500,0.925,0.05,4,2230704237,17000,6555,6346,5991,6.335428366,v2_avx512bw_vec32_exact_perm,57-49-85-93-95-80-45-58-67-100-64-88-39-96-51-97-16-98-89-94-43-42-6-73-34-27-84-14-48-62-8-33-31-91-72-77-32-28-82-53-13-29-23-19-66-20-59-12-24-41-22-21-7-38-69-47-79-92-60-36-90-18-54-5-4-30-55-65-71-40-86-2-3-26-61-52-17-11-9-74-35-99-44-83-56-46-63-68-50-37-15-10-1-25-81-75-76-78-87-70
Ta100x20,7,5,500,0.925,0.05,5,2230705246,17000,6558,6346,5991,6.661739178,v2_avx512bw_vec32_exact_perm,57-49-85-93-80-95-67-64-58-94-62-7-88-16-73-45-51-91-39-82-96-27-48-6-43-98-23-31-19-59-84-8-69-90-97-20-12-89-22-100-3-29-24-36-77-72-60-13-34-92-55-79-42-65-41-87-61-11-21-32-14-40-56-38-30-54-47-17-50-18-46-33-2-5-4-53-28-26-81-70-66-99-9-15-71-74-52-86-35-44-83-1-10-63-37-76-75-78-25-68
Ta100x20,7,5,500,0.925,0.05,6,2230706255,17000,6560,6346,5991,6.962133692,v2_avx512bw_vec32_exact_perm,57-49-85-93-95-67-45-80-58-94-8-64-88-31-23-62-7-41-51-32-96-89-91-6-20-39-72-48-66-55-13-84-28-43-27-21-90-29-34-69-73-16-19-22-40-42-36-97-71-14-100-59-24-92-79-18-38-82-33-47-98-11-65-2-77-30-50-46-12-87-17-37-44-26-3-9-60-74-99-10-15-86-61-4-75-52-56-83-35-1-53-54-81-63-5-70-78-25-76-68
Ta100x20,7,5,500,0.925,0.05,7,2230707264,17000,6578,6346,5991,7.011463374,v2_avx512bw_vec32_exact_perm,57-49-85-93-95-67-7-58-80-48-73-98-39-16-64-45-51-23-8-32-19-59-91-62-94-89-29-43-84-36-33-24-6-41-65-96-21-92-31-82-100-22-88-52-53-20-34-97-72-90-69-55-38-12-56-9-99-3-42-28-27-13-47-79-18-30-17-14-40-46-2-66-61-77-26-44-50-4-87-86-70-5-71-60-81-11-54-74-83-35-63-1-10-37-76-75-15-78-25-68
Ta100x20,7,5,500,0.925,0.05,8,2230708273,17000,6571,6346,5991,7.085080249,v2_avx512bw_vec32_exact_perm,57-49-85-93-80-7-98-95-39-32-67-62-97-20-94-45-58-64-88-73-96-28-48-31-29-59-16-89-27-13-14-84-43-69-91-51-34-21-23-82-38-100-77-6-3-79-41-92-33-22-36-72-9-2-65-30-19-99-74-18-55-8-53-5-12-66-24-40-52-90-71-26-60-46-11-47-42-87-4-25-44-61-17-50-15-54-56-37-81-83-86-75-68-1-10-78-63-35-70-76
Ta100x20,7,5,500,0.925,0.05,9,2230709282,17000,6555,6346,5991,7.103908814,v2_avx512bw_vec32_exact_perm,57-49-85-93-80-39-32-7-67-89-45-95-58-98-94-62-51-88-73-50-6-43-14-42-27-69-48-13-20-31-59-91-79-97-19-11-54-84-64-29-96-90-38-82-24-100-61-41-21-53-34-22-40-65-47-33-28-52-3-16-77-86-17-72-23-55-12-92-99-66-26-36-8-46-5-18-74-44-30-71-15-87-2-4-70-60-56-63-10-9-83-1-35-81-25-37-76-75-78-68
Ta100x20,7,5,500,0.925,0.05,10,2230710291,17000,6578,6346,5991,6.929839539,v2_avx512bw_vec32_exact_perm,57-49-85-93-67-7-39-80-31-98-96-94-64-95-45-82-84-58-20-6-97-27-99-60-32-34-29-89-88-16-48-51-17-41-91-69-19-59-12-62-72-33-3-24-79-13-73-8-44-22-53-100-43-28-92-77-11-75-90-18-50-23-47-42-40-81-66-2-30-35-65-55-15-46-21-74-26-36-87-86-14-61-56-54-5-9-10-83-52-38-4-71-1-63-37-70-78-25-76-68
Ta100x20,7,5,500,0.925,0.075,1,2230701210,17000,6592,6346,5991,6.479492501,v2_avx512bw_vec32_exact_perm,57-49-85-93-67-80-97-94-58-48-31-95-45-51-96-98-64-6-16-84-39-73-72-34-20-91-88-2-23-89-33-100-77-13-41-79-29-59-22-62-42-27-14-50-21-55-11-43-19-7-82-66-18-47-90-3-65-53-12-5-38-70-8-99-28-30-40-92-74-54-69-32-60-87-46-83-81-36-9-71-17-44-4-56-61-37-15-35-26-52-10-63-24-86-1-78-76-25-75-68
Ta100x20,7,5,500,0.925,0.075,2,2230702219,17000,6604,6346,5991,6.528246618,v2_avx512bw_vec32_exact_perm,57-49-85-93-39-67-98-45-7-95-48-43-91-32-31-97-84-33-62-34-14-96-73-94-30-58-64-51-20-60-2-53-27-92-59-88-12-23-99-29-6-22-16-80-79-89-42-21-41-72-65-13-55-36-17-9-18-38-100-66-82-3-71-37-77-61-47-50-19-28-54-87-69-70-5-26-8-15-56-35-90-46-86-81-24-11-40-52-74-10-83-44-63-4-75-1-78-25-68-76
Ta100x20,7,5,500,0.925,0.075,3,2230703228,17000,6595,6346,5991,6.402159464,v2_avx512bw_vec32_exact_perm,57-49-85-93-67-88-60-95-39-98-64-7-20-45-51-80-34-89-16-58-31-13-48-73-84-42-33-6-27-32-100-94-22-43-91-59-55-72-21-97-23-14-96-12-29-79-99-18-47-77-3-90-19-62-66-36-30-65-53-38-2-17-41-5-82-92-71-69-24-9-11-4-61-52-46-54-50-44-40-28-8-1-78-87-10-86-83-26-37-25-75-35-81-56-15-63-74-68-70-76
Ta100x20,7,5,500,0.925,0.075,4,2230704237,17000,6564,6346,5991,6.269321932,v2_avx512bw_vec32_exact_perm,57-49-85-93-39-80-58-95-94-67-97-62-6-88-32-41-45-51-21-7-73-48-89-96-91-77-59-27-31-82-18-100-20-47-46-16-42-43-84-14-33-29-19-38-69-12-13-54-40-61-52-79-66-55-28-64-92-36-3-30-17-24-34-8-99-22-90-98-72-11-23-53-50-65-60-2-1-15-5-4-74-71-26-87-9-83-81-56-70-10-35-86-44-63-37-75-76-78-25-68
Ta100x20,7,5,500,0.925,0.075,5,2230705246,17000,6594,6346,5991,6.502666003,v2_avx512bw_vec32_exact_perm,57-49-85-93-100-20-95-80-60-98-64-67-45-58-31-7-16-48-19-89-97-84-73-88-39-27-94-92-43-51-96-34-36-8-42-33-32-59-14-23-50-12-72-79-3-13-6-28-21-55-54-22-71-47-69-90-53-91-41-86-61-62-46-29-99-4-2-40-9-66-11-52-5-56-10-74-26-17-65-68-1-63-18-82-75-87-77-38-83-25-37-24-15-44-81-78-30-35-70-76
Ta100x20,7,5,500,0.925,0.075,6,2230706255,17000,6567,6346,5991,6.314959565,v2_avx512bw_vec32_exact_perm,57-49-85-93-67-95-80-58-45-96-88-42-51-98-39-97-20-84-16-48-73-32-13-72-6-62-7-50-89-31-64-27-94-23-29-3-14-79-43-82-69-22-99-91-55-66-17-19-59-100-30-34-33-12-56-92-60-77-41-18-46-28-44-90-2-65-8-40-53-61-47-52-26-36-21-9-71-24-74-15-1-5-70-87-54-38-35-81-4-37-86-83-63-11-10-75-68-76-25-78
Ta100x20,7,5,500,0.925,0.075,7,2230707264,17000,6582,6346,5991,6.424964806,v2_avx512bw_vec32_exact_perm,57-49-85-93-95-45-80-67-58-94-39-34-13-16-98-7-33-97-48-73-51-88-22-31-64-23-100-20-79-32-62-89-96-84-59-14-19-8-50-69-6-91-82-61-77-66-43-47-18-27-21-29-99-55-2-36-3-28-53-72-42-38-92-40-90-11-12-30-5-24-87-71-54-17-41-65-52-70-9-86-46-26-44-56-83-74-35-81-10-60-15-37-4-1-63-78-76-75-25-68
Ta100x20,7,5,500,0.925,0.075,8,2230708273,17000,6586,6346,5991,6.336701722,v2_avx512bw_vec32_exact_perm,57-49-85-93-95-67-80-31-7-94-58-60-32-97-45-43-42-73-62-51-39-27-84-23-88-20-91-34-14-48-6-59-13-72-22-55-69-64-16-89-96-66-79-41-2-18-17-19-30-40-86-36-21-28-77-8-5-24-90-12-3-61-53-74-82-38-92-98-65-50-71-29-47-1-33-100-11-15-52-81-26-9-35-46-99-56-54-44-4-83-70-37-63-87-76-10-75-78-25-68
Ta100x20,7,5,500,0.925,0.075,9,2230709282,17000,6547,6346,5991,6.233415043,v2_avx512bw_vec32_exact_perm,57-49-85-93-80-95-67-31-58-94-45-43-48-73-7-64-51-97-60-88-98-39-84-27-6-62-69-54-20-19-17-21-13-82-89-66-22-29-28-79-33-8-59-77-32-91-96-53-23-12-3-92-72-99-34-38-100-90-24-42-41-16-55-61-14-30-47-46-40-11-2-36-44-35-65-50-5-18-87-15-56-10-83-71-9-74-26-4-1-63-70-86-52-37-25-81-76-75-78-68
Ta100x20,7,5,500,0.925,0.075,10,2230710291,17000,6582,6346,5991,6.311785883,v2_avx512bw_vec32_exact_perm,57-49-85-93-80-100-95-48-58-7-98-27-64-45-67-60-8-51-43-88-73-94-89-12-6-33-34-97-31-16-96-22-23-59-39-29-91-20-13-84-82-28-3-99-77-41-72-36-55-21-53-61-62-19-52-38-69-18-5-42-2-66-79-92-40-50-30-32-17-26-71-14-4-74-47-86-46-44-11-54-56-90-35-87-83-9-15-10-65-1-63-24-37-70-81-78-76-25-75-68
Ta100x20,7,5,500,0.925,0.1,1,2230701210,17000,6584,6346,5991,6.622060406,v2_avx512bw_vec32_exact_perm,57-49-85-93-7-95-80-67-58-94-98-39-45-100-48-89-51-43-31-2-27-53-20-91-62-32-64-88-33-73-19-23-84-96-69-12-59-16-13-42-66-72-6-30-97-34-90-21-14-22-8-50-99-71-17-77-82-55-36-65-79-15-29-61-47-4-28-11-40-3-52-81-70-92-41-18-46-87-26-44-56-54-10-86-35-9-37-60-5-74-63-1-24-83-38-78-76-75-25-68
Ta100x20,7,5,500,0.925,0.1,2,2230702219,17000,6579,6346,5991,6.377959692,v2_avx512bw_vec32_exact_perm,57-49-85-93-95-67-45-98-80-39-88-58-16-97-64-7-48-27-29-62-31-51-13-79-42-21-9-41-89-20-91-28-8-33-60-22-77-94-34-84-72-6-43-73-66-23-82-12-24-55-96-92-3-30-90-2-19-18-47-11-14-65-53-71-5-17-32-69-59-36-40-54-46-44-50-26-15-87-38-100-74-1-4-52-86-56-81-99-63-37-25-83-10-68-61-75-78-35-70-76
Ta100x20,7,5,500,0.925,0.1,3,2230703228,17000,6576,6346,5991,6.815516628,v2_avx512bw_vec32_exact_perm,57-49-85-93-80-67-7-95-58-98-94-45-13-64-100-73-96-42-34-84-28-59-31-51-48-89-43-33-16-54-88-62-53-27-21-39-22-47-20-77-91-82-24-97-6-3-14-41-19-66-44-72-55-92-15-71-69-8-79-50-30-32-90-65-18-36-23-29-38-17-11-2-5-61-12-40-74-9-35-56-52-63-99-46-86-37-60-26-87-70-4-75-10-1-83-81-78-25-76-68
Ta100x20,7,5,500,0.925,0.1,4,2230704237,17000,6574,6346,5991,6.377561715,v2_avx512bw_vec32_exact_perm,57-49-85-93-80-94-67-48-96-95-58-41-45-98-7-60-51-64-88-73-43-38-55-31-39-16-89-14-97-91-23-27-17-34-82-13-32-22-33-66-19-84-36-21-5-20-28-87-62-71-72-79-92-12-69-90-59-50-65-8-29-11-47-24-100-3-40-54-53-52-77-99-42-61-6-4-30-44-63-37-2-46-15-56-83-1-81-86-18-74-26-70-9-35-76-10-75-78-25-68
Ta100x20,7,5,500,0.925,0.1,5,2230705246,17000,6583,6346,5991,6.656931213,v2_avx512bw_vec32_exact_perm,57-49-85-93-33-32-39-95-67-45-58-96-80-94-51-98-48-20-91-6-64-88-73-97-7-14-16-41-89-31-43-23-92-69-50-29-77-100-34-19-54-53-59-22-99-42-84-18-62-13-27-66-72-71-3-30-55-36-5-21-46-28-8-79-87-61-82-70-86-65-40-2-90-9-12-74-26-15-60-35-44-17-81-47-83-24-11-4-37-52-1-56-38-63-78-10-75-76-25-68
Ta100x20,7,5,500,0.925,0.1,6,2230706255,17000,6573,6346,5991,6.638132558,v2_avx512bw_vec32_exact_perm,57-49-85-93-80-20-7-58-64-84-98-14-45-62-67-23-97-95-33-88-41-6-32-48-51-94-91-96-43-16-59-27-89-31-72-69-39-22-79-100-13-36-19-34-29-65-38-77-99-53-90-61-2-8-73-21-3-55-82-74-12-92-40-52-26-47-28-46-50-60-37-24-86-17-9-30-66-18-42-11-54-4-5-71-81-83-87-10-63-1-56-15-75-44-35-70-78-76-25-68
Ta100x20,7,5,500,0.925,0.1,7,2230707264,17000,6583,6346,5991,7.151989416,v2_avx512bw_vec32_exact_perm,57-49-85-93-80-7-73-31-67-98-16-39-43-97-91-20-77-45-19-99-95-51-62-6-21-84-88-94-3-27-69-60-13-96-90-64-55-59-89-12-33-48-100-71-53-2-72-79-41-52-30-92-22-17-5-29-44-86-36-42-61-24-54-34-32-11-50-66-18-74-47-8-23-40-58-28-81-82-46-65-56-70-9-4-87-26-37-1-14-38-15-75-35-83-78-10-63-76-25-68
Ta100x20,7,5,500,0.925,0.1,8,2230708273,17000,6556,6346,5991,7.32921362,v2_avx512bw_vec32_exact_perm,57-49-85-93-80-7-95-97-98-67-94-45-64-48-58-29-62-43-39-89-32-73-51-96-31-47-34-13-12-59-27-91-53-69-19-90-22-14-79-36-41-84-42-17-28-44-92-23-20-52-37-11-88-100-16-38-61-21-77-30-5-82-72-8-4-55-54-65-50-71-18-33-74-40-87-6-60-9-26-25-99-3-75-81-56-66-10-63-2-1-15-86-24-46-68-83-78-35-70-76
Ta100x20,7,5,500,0.925,0.1,9,2230709282,17000,6538,6346,5991,6.386782,v2_avx512bw_vec32_exact_perm,57-49-85-93-80-67-95-45-64-16-94-98-58-43-27-62-48-39-97-51-89-91-1-96-99-88-14-42-73-22-47-6-21-59-33-41-84-72-13-31-7-34-28-66-12-8-61-17-100-38-90-19-32-54-20-65-52-56-50-29-44-77-53-40-30-69-2-18-3-79-55-92-23-24-5-46-71-36-82-9-74-15-11-86-60-26-87-83-37-35-81-4-63-70-10-75-78-76-25-68
Ta100x20,7,5,500,0.925,0.1,10,2230710291,17000,6568,6346,5991,6.580228593,v2_avx512bw_vec32_exact_perm,57-49-85-93-67-100-48-51-88-73-20-7-89-31-94-30-95-96-39-3-58-45-98-84-64-34-14-13-36-91-16-62-18-6-29-38-43-23-69-17-22-27-21-8-33-60-42-74-66-90-59-41-12-53-61-19-77-82-99-32-92-28-46-72-97-47-79-4-40-50-24-11-9-70-2-87-5-54-26-55-56-86-71-65-80-35-44-15-63-52-83-81-37-75-1-25-10-76-78-68
Ta100x20,7,5,500,0.925,0.125,1,2230701210,17000,6540,6346,5991,6.477188252,v2_avx512bw_vec32_exact_perm,57-49-85-93-16-7-80-95-98-89-94-67-45-73-6-60-33-48-59-91-13-19-64-96-58-97-31-51-27-20-55-42-88-21-69-43-14-22-62-72-41-32-23-100-92-17-84-18-53-34-71-8-38-39-40-30-36-24-29-52-79-2-28-47-3-61-77-99-46-44-11-90-12-4-9-5-1-15-65-82-81-26-37-68-25-86-74-54-56-66-63-10-75-50-83-78-87-35-70-76
Ta100x20,7,5,500,0.925,0.125,2,2230702219,17000,6601,6346,5991,6.644662189,v2_avx512bw_vec32_exact_perm,57-49-85-93-80-42-95-62-67-7-84-94-91-45-39-48-97-20-58-96-98-16-33-51-59-89-23-13-22-32-8-27-73-64-19-21-29-69-66-17-11-88-53-14-12-100-50-77-28-34-6-30-36-43-90-81-54-41-60-71-55-47-31-72-92-3-44-24-82-40-18-38-87-83-79-99-2-52-65-5-61-25-56-15-9-26-4-74-46-37-86-63-10-1-78-75-68-35-70-76
Ta100x20,7,5,500,0.925,0.125,3,2230703228,17000,6596,6346,5991,6.539402218,v2_avx512bw_vec32_exact_perm,57-49-85-93-67-73-31-95-7-97-88-94-58-80-39-98-45-51-48-32-33-91-69-30-14-62-20-19-84-53-36-6-16-42-90-13-22-64-12-35-96-100-89-23-3-41-59-29-43-40-2-65-34-72-8-71-66-55-92-28-87-17-15-27-77-61-21-50-11-46-9-54-44-86-24-47-83-5-74-60-4-18-1-37-82-38-75-26-10-99-79-52-63-81-56-68-70-78-25-76
Ta100x20,7,5,500,0.925,0.125,4,2230704237,17000,6604,6346,5991,7.17498687,v2_avx512bw_vec32_exact_perm,57-49-85-93-95-7-98-67-39-80-32-58-20-51-94-48-88-64-91-73-33-21-45-84-62-97-16-28-43-89-8-31-99-90-29-30-13-22-12-69-34-14-96-72-59-77-36-92-6-17-38-55-50-71-23-61-42-3-100-79-27-41-19-11-2-18-44-40-24-47-10-86-70-26-82-66-56-9-65-87-81-15-74-46-4-60-53-63-83-78-52-1-35-5-54-37-25-75-68-76
Ta100x20,7,5,500,0.925,0.125,5,2230705246,17000,6565,6346,5991,7.392178339,v2_avx512bw_vec32_exact_perm,49-85-93-80-95-67-60-94-31-7-39-84-58-45-98-48-64-96-51-97-23-89-27-88-6-62-59-14-73-19-9-22-20-43-21-24-17-16-66-72-12-41-42-47-13-33-90-91-28-100-55-8-29-52-34-38-77-69-71-11-65-18-46-79-30-36-2-40-32-74-54-82-92-81-99-53-3-86-26-87-5-4-15-50-61-44-35-70-37-83-78-56-25-10-76-63-1-75-68-57
Ta100x20,7,5,500,0.925,0.125,6,2230706255,17000,6589,6346,5991,6.355358386,v2_avx512bw_vec32_exact_perm,57-49-85-93-80-42-30-98-39-64-7-97-58-19-34-62-67-88-16-73-48-53-23-20-31-95-45-43-33-94-51-72-24-89-13-59-91-96-21-84-27-22-29-41-100-6-69-82-46-18-55-44-3-99-66-32-60-47-79-15-92-65-26-61-2-36-77-90-86-12-17-9-71-28-8-11-40-74-52-14-38-4-87-54-1-56-35-5-70-81-50-63-37-78-10-83-75-68-76-25
Ta100x20,7,5,500,0.925,0.125,7,2230707264,17000,6554,6346,5991,6.364613293,v2_avx512bw_vec32_exact_perm,57-49-85-93-67-95-45-41-31-80-48-7-39-33-64-51-88-94-62-58-16-89-98-97-59-60-73-91-43-84-65-20-77-79-12-14-36-6-13-69-19-2-82-3-34-22-8-61-23-40-92-55-27-21-50-100-18-54-17-29-38-90-53-47-42-96-4-86-72-46-28-15-30-32-74-11-99-24-70-63-9-37-81-26-56-87-66-35-83-71-1-5-44-78-52-10-75-25-68-76
Ta100x20,7,5,500,0.925,0.125,8,2230708273,17000,6642,6346,5991,6.437620253,v2_avx512bw_vec32_exact_perm,85-80-49-95-52-100-67-94-14-88-20-64-31-7-62-48-30-72-93-73-34-39-13-51-16-45-69-22-78-17-91-19-43-27-84-21-99-6-36-59-96-12-61-53-33-77-97-23-32-29-79-82-54-41-90-50-2-92-60-98-89-55-66-9-46-86-18-3-44-28-87-42-37-65-8-47-58-11-24-38-26-4-71-35-40-63-74-1-15-70-81-5-75-83-56-10-68-57-25-76
Ta100x20,7,5,500,0.925,0.125,9,2230709282,17000,6633,6346,5991,6.546343768,v2_avx512bw_vec32_exact_perm,49-85-93-39-80-60-95-67-88-64-94-58-98-34-6-45-48-7-38-51-13-42-16-23-84-91-62-29-33-32-14-73-96-12-8-17-43-89-61-36-77-53-31-41-52-27-97-21-72-90-24-66-55-28-65-92-71-3-20-40-59-11-50-22-47-79-18-19-4-44-69-100-56-82-30-54-26-99-74-46-15-2-9-5-10-86-63-35-83-81-70-87-1-37-76-25-75-78-68-57
Ta100x20,7,5,500,0.925,0.125,10,2230710291,17000,6581,6346,5991,6.428837086,v2_avx512bw_vec32_exact_perm,57-49-85-93-67-39-94-62-45-31-95-32-80-7-64-97-58-51-6-48-73-20-16-89-33-96-72-29-50-84-100-88-14-21-43-22-23-79-91-53-2-13-24-27-82-98-59-77-69-66-34-11-19-42-8-86-90-12-41-15-3-61-26-55-5-92-47-18-30-65-1-87-38-28-54-4-83-56-81-36-46-40-71-17-52-74-60-44-63-99-9-37-35-70-10-76-75-25-78-68
Ta100x20,7,5,500,0.9625,0.025,1,2230701210,17000,6566,6346,5991,6.880608311,v2_avx512bw_vec32_exact_perm,57-49-85-93-67-80-7-42-98-43-95-64-88-60-6-48-45-62-39-69-20-51-16-97-89-96-13-31-29-94-58-73-84-21-72-47-22-91-99-28-33-14-79-34-66-41-19-32-90-100-53-44-59-77-82-87-15-27-17-65-50-18-23-71-30-8-55-11-3-54-61-46-63-40-92-9-81-36-12-26-4-56-70-86-37-24-2-52-5-38-74-83-35-10-75-1-78-25-76-68
Ta100x20,7,5,500,0.9625,0.025,2,2230702219,17000,6576,6346,5991,6.921213511,v2_avx512bw_vec32_exact_perm,57-49-85-93-80-39-58-62-31-7-13-67-95-45-73-94-32-64-19-88-48-51-43-91-6-84-59-98-89-29-36-14-96-20-69-42-22-33-27-23-21-34-16-97-8-2-79-60-66-92-53-50-61-12-100-41-74-55-47-82-40-38-65-99-3-77-72-46-17-30-28-18-54-87-5-71-70-90-9-24-11-83-52-81-44-37-15-4-56-1-26-35-25-63-10-78-86-76-75-68
Ta100x20,7,5,500,0.9625,0.025,3,2230703228,17000,6585,6346,5991,7.19386638,v2_avx512bw_vec32_exact_perm,57-49-85-93-80-39-95-45-67-48-97-58-88-100-64-20-31-62-77-6-16-72-51-27-14-89-91-19-59-41-96-13-7-42-79-98-84-12-73-43-53-71-66-17-33-5-44-28-34-30-94-21-38-23-24-2-18-90-29-46-50-69-54-55-92-3-8-52-87-99-47-60-61-11-36-32-4-74-22-26-65-35-40-70-83-56-82-10-9-15-86-63-37-75-1-81-78-25-76-68
Ta100x20,7,5,500,0.9625,0.025,4,2230704237,17000,6579,6346,5991,7.495497269,v2_avx512bw_vec32_exact_perm,57-49-85-93-80-95-45-98-64-31-67-48-7-94-58-39-13-89-16-84-73-96-34-51-43-72-42-97-69-6-88-19-79-55-27-36-60-22-14-90-30-20-91-82-99-8-62-32-33-38-23-5-17-50-21-29-12-74-2-61-86-59-47-18-40-100-56-77-3-41-52-28-70-87-24-92-11-46-71-9-66-65-53-15-44-83-1-26-4-54-10-81-63-35-37-25-75-78-76-68
Ta100x20,7,5,500,0.9625,0.025,5,2230705246,17000,6588,6346,5991,6.627235298,v2_avx512bw_vec32_exact_perm,49-85-93-95-7-67-98-58-94-80-39-48-64-45-51-88-97-62-14-12-33-16-43-89-20-23-73-22-29-69-6-77-13-59-100-84-27-31-91-34-42-8-96-19-82-32-61-79-3-41-90-55-86-28-66-40-92-72-21-47-30-2-50-18-44-36-54-71-11-70-38-53-99-24-52-56-17-65-5-9-4-60-74-26-87-46-63-15-35-78-81-83-37-75-1-25-10-68-57-76
Ta100x20,7,5,500,0.9625,0.025,6,2230706255,17000,6588,6346,5991,6.615904583,v2_avx512bw_vec32_exact_perm,57-49-85-93-39-67-7-80-91-60-48-64-98-13-95-58-27-43-94-21-73-88-30-32-45-62-89-19-97-53-99-20-22-51-34-42-33-100-6-16-92-84-96-12-90-41-29-24-36-59-52-38-72-31-79-8-69-28-47-65-40-55-26-82-23-50-54-3-87-18-5-77-61-17-10-14-9-71-66-46-74-11-86-44-15-4-56-83-2-81-37-35-75-25-63-1-78-68-70-76
Ta100x20,7,5,500,0.9625,0.025,7,2230707264,17000,6620,6346,5991,6.4702424,v2_avx512bw_vec32_exact_perm,49-85-93-95-67-45-80-48-58-98-20-7-94-14-39-84-88-97-23-31-73-89-16-29-42-64-71-69-100-32-43-59-86-36-6-66-51-33-62-34-22-65-13-96-28-77-55-27-91-19-30-82-38-41-60-2-92-72-46-79-11-12-3-99-18-21-53-52-17-8-26-9-24-70-40-74-61-5-83-47-4-90-56-54-87-15-50-44-10-35-1-81-76-37-75-25-78-63-68-57
Ta100x20,7,5,500,0.9625,0.025,8,2230708273,17000,6597,6346,5991,6.50601241,v2_avx512bw_vec32_exact_perm,57-49-85-93-94-7-80-95-62-67-58-45-98-23-64-84-88-73-51-27-48-17-31-39-89-34-22-100-82-91-55-6-72-19-13-43-33-97-20-77-59-21-86-12-36-96-11-29-74-42-16-5-53-2-28-79-32-65-47-66-18-41-3-92-30-90-69-50-15-14-26-61-46-40-54-52-8-44-71-4-9-70-99-24-87-60-1-56-35-38-63-81-37-83-76-10-78-75-25-68
Ta100x20,7,5,500,0.9625,0.025,9,2230709282,17000,6570,6346,5991,6.656272144,v2_avx512bw_vec32_exact_perm,57-49-85-93-67-7-80-45-95-98-51-39-16-34-58-89-94-64-43-73-48-31-20-91-41-97-29-62-100-32-84-33-59-88-66-65-6-12-79-77-14-21-42-47-40-55-19-22-23-96-13-36-2-69-53-82-50-92-27-5-61-54-8-17-46-30-28-18-86-3-72-44-11-71-99-74-24-60-90-15-87-4-26-38-56-9-52-10-81-63-35-83-1-37-70-78-76-75-25-68
Ta100x20,7,5,500,0.9625,0.025,10,2230710291,17000,6566,6346,5991,6.764923835,v2_avx512bw_vec32_exact_perm,57-49-85-93-80-95-45-39-67-16-7-98-58-51-48-88-73-31-96-19-64-53-33-13-97-89-91-94-27-34-62-42-28-52-84-20-46-6-100-43-30-59-22-12-21-47-72-5-8-29-82-17-79-14-92-69-41-3-18-36-77-60-38-50-71-23-55-9-24-99-54-40-65-2-87-66-70-83-26-86-74-61-32-56-35-44-90-81-4-11-15-37-63-1-75-10-78-76-25-68
Ta100x20,7,5,500,0.9625,0.05,1,2230701210,17000,6593,6346,5991,6.57844477,v2_avx512bw_vec32_exact_perm,57-49-85-93-7-34-95-45-39-88-80-67-58-60-97-48-94-91-62-20-29-6-41-51-98-64-16-89-27-18-59-43-84-42-12-31-96-73-52-77-79-14-23-19-13-92-69-53-21-33-55-40-32-3-82-36-46-30-66-8-99-47-65-72-17-38-28-2-44-22-74-50-11-4-54-5-61-90-71-15-87-100-81-26-35-24-10-56-63-86-9-78-70-83-37-25-1-76-75-68
Ta100x20,7,5,500,0.9625,0.05,2,2230702219,17000,6570,6346,5991,6.672271118,v2_avx512bw_vec32_exact_perm,57-49-85-93-39-67-80-7-58-19-95-62-27-96-14-64-88-6-94-89-98-48-97-42-45-17-73-82-30-13-20-91-23-28-59-31-51-34-16-47-8-22-21-53-33-79-72-92-84-2-29-41-86-36-66-100-3-77-32-11-71-50-87-60-61-12-46-69-65-43-90-83-54-44-56-55-26-74-9-38-52-18-40-99-81-70-15-5-24-35-1-4-63-10-25-37-76-75-78-68
Ta100x20,7,5,500,0.9625,0.05,3,2230703228,17000,6585,6346,5991,6.81849272,v2_avx512bw_vec32_exact_perm,57-49-85-93-95-80-7-73-45-67-19-62-64-88-16-58-59-48-33-51-96-39-29-6-89-27-12-94-34-97-32-43-20-14-98-8-17-100-31-61-21-55-82-13-91-90-47-84-50-18-77-54-23-69-42-66-3-41-36-44-53-79-99-65-24-40-22-2-92-30-81-70-72-46-28-9-71-11-60-15-10-52-74-1-38-56-26-4-5-87-76-83-86-37-63-35-75-78-25-68
Ta100x20,7,5,500,0.9625,0.05,4,2230704237,17000,6575,6346,5991,6.764899956,v2_avx512bw_vec32_exact_perm,57-49-85-93-80-95-58-27-98-94-31-39-100-43-62-67-45-64-91-82-88-97-77-73-6-84-51-48-59-65-33-34-89-96-74-72-14-21-12-23-13-19-20-3-17-66-90-32-69-53-28-16-92-22-8-40-44-7-42-41-5-79-71-55-36-30-38-2-52-18-29-87-26-99-11-47-4-50-9-46-54-24-81-60-15-37-1-61-86-10-75-56-83-68-25-63-78-35-70-76
Ta100x20,7,5,500,0.9625,0.05,5,2230705246,17000,6586,6346,5991,6.910745012,v2_avx512bw_vec32_exact_perm,57-49-85-93-80-39-23-88-73-67-95-94-43-48-96-29-64-62-58-7-31-60-45-89-51-33-98-16-41-32-97-34-20-84-91-42-14-82-92-6-17-69-90-3-22-13-19-8-72-50-99-12-79-100-38-55-66-59-77-21-53-27-30-61-2-28-36-26-5-87-24-40-18-54-46-65-35-9-47-11-4-71-86-70-56-44-52-83-74-15-10-37-1-63-81-76-25-75-78-68
Ta100x20,7,5,500,0.9625,0.05,6,2230706255,17000,6593,6346,5991,6.909457939,v2_avx512bw_vec32_exact_perm,57-49-85-93-80-88-94-95-67-60-7-58-62-23-98-43-29-19-48-89-36-82-73-39-22-12-96-51-97-64-33-45-6-14-20-16-32-91-79-55-31-69-59-34-21-53-13-27-99-77-72-84-66-100-18-30-54-3-8-61-50-17-90-44-40-41-74-42-92-71-9-2-5-86-28-70-11-26-65-87-15-46-4-81-83-52-47-37-24-35-78-10-63-38-56-1-75-25-76-68
Ta100x20,7,5,500,0.9625,0.05,7,2230707264,17000,6602,6346,5991,6.798171006,v2_avx512bw_vec32_exact_perm,57-49-85-93-97-60-67-7-96-73-51-31-95-43-45-58-62-89-29-41-21-98-13-88-94-90-69-39-48-27-6-14-22-59-84-34-42-20-64-16-32-91-19-23-66-47-72-100-24-8-38-33-3-79-53-77-12-28-92-30-11-2-55-36-46-65-82-50-87-99-40-5-4-15-18-74-26-17-81-52-44-9-61-86-35-54-63-56-70-1-37-83-71-78-25-10-75-80-68-76
Ta100x20,7,5,500,0.9625,0.05,8,2230708273,17000,6582,6346,5991,6.72728944,v2_avx512bw_vec32_exact_perm,57-49-85-93-95-80-39-67-58-45-42-48-64-43-94-84-89-98-32-20-14-88-6-62-7-23-51-22-17-31-27-97-34-73-91-79-28-41-3-77-21-13-19-11-69-96-66-61-29-92-47-8-72-55-16-59-82-50-33-100-12-38-30-99-36-65-46-2-18-24-90-74-9-54-4-5-60-44-35-81-71-87-86-53-40-26-52-75-56-1-15-10-70-25-78-63-83-37-76-68
Ta100x20,7,5,500,0.9625,0.05,9,2230709282,17000,6626,6346,5991,6.841241663,v2_avx512bw_vec32_exact_perm,49-85-93-95-7-80-67-39-88-60-98-94-58-45-13-97-32-62-20-51-6-31-1-48-73-42-84-96-23-64-17-12-33-72-43-100-89-22-59-91-14-55-30-54-16-61-90-77-29-5-44-99-19-53-38-21-82-3-36-47-50-79-28-41-34-69-40-71-2-27-66-11-18-70-4-24-9-8-65-92-56-35-52-74-81-26-87-15-46-76-63-86-37-25-10-75-78-83-68-57
Ta100x20,7,5,500,0.9625,0.05,10,2230710291,17000,6567,6346,5991,6.72200199,v2_avx512bw_vec32_exact_perm,57-49-85-93-95-97-7-67-98-48-58-80-31-41-100-82-27-16-20-84-32-43-45-94-14-88-23-73-51-96-89-91-39-30-34-33-42-29-59-66-13-3-6-21-79-19-99-62-50-53-22-28-77-2-36-92-90-38-71-72-55-65-8-69-64-74-47-40-12-87-60-61-17-54-56-18-5-52-46-70-86-44-9-24-11-26-4-81-35-10-15-63-37-83-1-68-25-78-75-76
Ta100x20,7,5,500,0.9625,0.075,1,2230701210,17000,6603,6346,5991,6.791422494,v2_avx512bw_vec32_exact_perm,57-49-85-93-95-97-51-98-45-94-67-48-88-39-62-32-73-84-64-80-19-58-30-66-42-21-6-41-34-55-96-33-2-22-20-79-16-14-27-91-23-7-43-36-89-3-82-18-72-77-17-29-28-59-44-12-13-47-11-46-31-8-65-69-74-54-38-90-92-50-100-87-71-99-61-24-40-5-60-52-56-26-53-81-4-9-1-15-83-70-86-63-25-75-10-35-37-76-78-68
Ta100x20,7,5,500,0.9625,0.075,2,2230702219,17000,6646,6346,5991,6.474019354,v2_avx512bw_vec32_exact_perm,93-85-80-49-67-94-48-7-16-39-62-29-88-45-96-58-95-31-14-64-43-12-98-27-73-97-21-53-100-33-32-59-19-89-13-51-79-91-82-30-42-20-84-2-66-34-6-60-40-77-50-5-23-18-24-92-55-69-54-8-90-72-17-61-3-22-36-99-47-65-15-87-56-41-28-44-74-9-81-70-52-11-78-26-46-63-37-38-35-4-71-1-25-75-10-86-68-83-57-76
Ta100x20,7,5,500,0.9625,0.075,3,2230703228,17000,6592,6346,5991,6.386617468,v2_avx512bw_vec32_exact_perm,57-49-85-93-80-95-19-94-67-7-58-73-98-51-39-45-89-6-20-42-43-32-88-23-77-16-60-9-33-97-21-14-27-13-29-59-91-22-62-96-11-44-71-69-92-8-31-64-41-12-17-48-34-84-3-66-79-55-26-72-40-28-99-30-100-15-38-18-74-47-37-2-36-52-53-46-61-50-65-90-87-83-54-86-81-56-82-4-24-68-5-75-25-1-35-78-10-63-70-76
Ta100x20,7,5,500,0.9625,0.075,4,2230704237,17000,6639,6346,5991,6.670870095,v2_avx512bw_vec32_exact_perm,49-85-93-16-64-80-95-67-100-31-43-7-13-51-58-88-45-69-27-60-62-39-98-6-89-20-75-96-59-48-84-66-14-73-42-29-91-90-33-53-40-12-99-72-28-22-21-2-36-79-94-44-8-32-61-19-55-77-92-41-97-18-34-30-65-46-70-82-81-3-38-74-71-17-83-26-86-9-15-11-5-87-76-54-24-50-52-23-47-56-35-10-4-1-63-37-25-78-68-57
Ta100x20,7,5,500,0.9625,0.075,5,2230705246,17000,6584,6346,5991,6.437666472,v2_avx512bw_vec32_exact_perm,57-49-85-93-95-67-45-58-80-7-64-31-42-43-94-51-73-89-98-12-16-48-88-91-41-84-79-100-39-62-59-20-29-61-34-96-14-55-23-22-6-19-21-52-69-90-71-33-36-8-72-97-77-60-47-38-30-11-27-2-65-17-13-46-40-66-28-74-18-3-99-9-32-53-5-86-92-35-82-26-50-56-4-54-24-87-15-1-10-70-81-37-76-25-63-44-83-78-75-68
Ta100x20,7,5,500,0.9625,0.075,6,2230706255,17000,6597,6346,5991,6.523165299,v2_avx512bw_vec32_exact_perm,57-49-85-93-67-7-39-58-80-98-94-43-95-45-96-64-48-27-97-82-72-31-62-51-100-89-53-28-88-69-6-91-19-13-20-84-40-59-79-14-33-16-22-41-90-32-73-2-29-34-71-38-77-42-23-92-21-55-99-12-17-66-61-8-74-3-26-47-30-60-36-54-50-18-5-11-37-56-65-87-70-4-24-10-86-15-1-83-46-9-81-76-35-52-44-63-78-75-25-68
Ta100x20,7,5,500,0.9625,0.075,7,2230707264,17000,6598,6346,5991,6.5587786,v2_avx512bw_vec32_exact_perm,57-49-85-93-95-58-80-67-45-32-94-43-39-88-98-7-48-72-73-62-91-27-64-16-96-53-6-97-89-14-84-33-51-42-24-20-21-29-23-22-69-34-31-19-59-41-12-100-79-82-11-38-47-30-40-13-18-74-65-36-28-17-90-46-92-77-5-3-8-55-52-71-56-4-2-99-87-86-60-9-70-66-61-81-1-26-50-54-63-15-83-44-37-75-35-10-76-68-78-25
Ta100x20,7,5,500,0.9625,0.075,8,2230708273,17000,6597,6346,5991,6.660230201,v2_avx512bw_vec32_exact_perm,57-49-85-93-80-7-94-67-73-88-51-45-64-39-31-98-48-96-16-23-42-62-55-97-12-14-58-22-43-79-6-82-89-72-95-27-13-41-59-33-84-91-32-19-34-100-53-21-29-38-20-60-40-2-30-65-77-8-92-36-28-69-50-99-71-17-44-90-47-3-66-24-18-56-11-61-74-46-5-9-15-81-75-70-52-87-54-10-63-83-26-86-4-35-1-37-76-25-68-78
Ta100x20,7,5,500,0.9625,0.075,9,2230709282,17000,6590,6346,5991,6.875674493,v2_avx512bw_vec32_exact_perm,57-49-85-93-80-95-73-45-67-7-94-88-98-42-48-64-69-97-51-39-89-31-58-14-41-19-43-82-16-20-99-29-34-23-50-100-96-91-55-8-21-90-22-52-6-77-3-84-17-62-66-59-79-53-92-47-36-12-33-27-28-2-13-56-65-38-72-70-61-30-74-40-18-11-46-32-26-71-54-86-24-15-44-87-60-1-81-4-5-83-9-37-35-10-63-76-75-68-78-25
Ta100x20,7,5,500,0.9625,0.075,10,2230710291,17000,6660,6346,5991,6.848247933,v2_avx512bw_vec32_exact_perm,49-85-93-80-58-6-7-95-39-84-88-73-98-42-94-97-67-45-51-48-31-43-20-89-64-27-91-53-77-12-62-14-41-11-22-19-34-13-90-16-28-38-69-79-96-82-55-61-8-4-72-21-2-36-30-29-33-66-24-5-3-74-32-100-47-40-18-23-71-17-92-44-99-63-87-60-9-26-10-70-56-86-37-15-65-1-46-52-59-81-83-54-50-76-25-35-75-78-68-57
Ta100x20,7,5,500,0.9625,0.1,1,2230701210,17000,6587,6346,5991,6.473912199,v2_avx512bw_vec32_exact_perm,57-49-85-93-95-80-67-45-12-98-7-39-51-60-88-73-13-28-48-94-84-58-23-19-97-31-64-34-89-91-62-96-27-47-6-38-16-41-11-77-42-74-59-29-22-21-72-66-79-53-26-100-32-55-3-30-8-20-99-40-43-69-92-82-54-4-33-9-17-36-2-61-87-50-37-52-65-81-46-18-24-1-86-15-5-56-71-25-44-83-35-14-90-75-10-63-68-78-70-76
Ta100x20,7,5,500,0.9625,0.1,2,2230702219,17000,6602,6346,5991,6.844999886,v2_avx512bw_vec32_exact_perm,57-49-85-93-95-80-67-12-39-51-88-73-96-64-58-14-19-94-98-6-45-89-32-43-7-31-62-50-23-97-91-48-16-72-100-69-20-59-33-8-27-53-34-22-42-13-54-29-82-84-36-5-18-3-41-79-2-61-92-40-77-52-66-30-17-55-28-71-24-11-90-65-44-47-87-99-46-21-38-4-26-9-75-56-15-74-70-60-37-83-81-35-86-63-10-25-78-1-76-68
Ta100x20,7,5,500,0.9625,0.1,3,2230703228,17000,6589,6346,5991,6.703467815,v2_avx512bw_vec32_exact_perm,57-49-85-93-95-80-67-45-64-7-39-60-12-97-98-31-58-23-88-62-32-48-42-73-84-91-33-43-51-20-89-100-96-59-22-29-14-34-21-41-61-6-15-79-18-82-72-36-19-69-90-94-47-13-53-3-66-55-27-16-2-8-71-77-44-99-92-9-26-74-40-50-5-11-70-28-38-17-30-4-54-24-52-1-65-86-81-56-35-87-46-83-78-63-37-25-10-75-76-68
Ta100x20,7,5,500,0.9625,0.1,4,2230704237,17000,6620,6346,5991,6.728089879,v2_avx512bw_vec32_exact_perm,57-49-85-93-67-58-98-20-45-7-77-91-51-73-95-31-27-80-32-94-19-62-39-48-89-22-88-16-23-14-29-64-97-6-59-42-2-43-44-13-96-72-34-18-33-84-28-8-41-69-79-12-54-66-40-30-92-90-55-21-100-36-9-24-87-99-3-65-82-11-53-71-4-47-10-63-38-17-76-1-5-50-86-56-46-15-37-61-26-52-83-60-75-25-74-68-81-78-35-70
Ta100x20,7,5,500,0.9625,0.1,5,2230705246,17000,6591,6346,5991,6.603611451,v2_avx512bw_vec32_exact_perm,57-49-85-93-95-80-45-88-13-67-7-73-48-39-69-94-31-51-98-20-89-91-29-96-58-16-59-97-62-43-64-33-12-36-55-6-21-65-90-19-34-72-23-100-82-3-84-66-14-22-28-41-52-50-42-30-8-79-2-47-38-77-17-99-5-87-18-61-53-15-46-27-40-26-32-11-9-70-81-24-92-74-60-71-54-56-86-35-4-37-44-83-1-25-63-10-78-76-75-68
Ta100x20,7,5,500,0.9625,0.1,6,2230706255,17000,6606,6346,5991,7.057926486,v2_avx512bw_vec32_exact_perm,57-49-85-93-80-67-31-94-42-45-7-62-58-100-95-96-98-51-59-32-26-48-14-64-88-97-84-20-91-89-73-34-24-6-33-82-19-16-39-90-22-13-12-79-92-8-69-29-43-65-21-30-27-60-66-99-3-55-52-50-23-47-11-46-18-40-71-77-5-56-72-2-36-44-74-61-41-53-10-54-63-38-87-4-17-37-81-86-28-9-68-83-1-15-75-78-25-35-70-76
Ta100x20,7,5,500,0.9625,0.1,7,2230707264,17000,6599,6346,5991,7.156436652,v2_avx512bw_vec32_exact_perm,57-49-85-93-95-80-45-67-96-94-39-13-6-98-58-62-27-51-88-73-77-19-7-84-34-20-97-14-91-32-43-33-64-72-48-59-60-89-31-12-3-8-69-42-92-79-21-29-55-30-36-16-99-44-53-65-61-38-17-2-50-37-28-90-54-15-11-81-22-52-47-100-40-71-18-41-26-24-74-46-23-66-9-82-5-86-10-63-56-68-83-75-1-25-4-87-78-35-70-76
Ta100x20,7,5,500,0.9625,0.1,8,2230708273,17000,6596,6346,5991,6.998792643,v2_avx512bw_vec32_exact_perm,57-49-85-93-67-7-80-95-73-45-20-16-64-88-48-94-51-58-98-31-91-60-43-12-62-84-82-14-22-39-27-23-33-32-19-69-92-96-34-77-59-47-6-42-97-38-30-89-13-41-55-17-28-79-72-100-40-18-8-66-53-65-24-21-99-90-3-29-36-44-61-54-74-2-11-46-9-4-5-81-50-1-26-71-56-15-70-75-87-37-52-25-63-86-83-78-35-10-76-68
Ta100x20,7,5,500,0.9625,0.1,9,2230709282,17000,6600,6346,5991,7.025665723,v2_avx512bw_vec32_exact_perm,57-49-85-93-80-95-64-91-98-94-67-7-43-89-45-97-88-58-82-31-51-100-20-84-48-6-42-23-73-62-55-32-12-29-66-17-69-14-39-50-19-13-59-96-38-34-72-21-28-33-3-27-53-79-16-41-99-52-22-8-46-77-56-2-47-30-92-36-65-5-18-61-83-90-40-71-54-87-70-9-15-86-24-1-4-81-60-26-74-11-37-35-10-44-63-25-78-76-75-68
Ta100x20,7,5,500,0.9625,0.1,10,2230710291,17000,6592,6346,5991,6.97097749,v2_avx512bw_vec32_exact_perm,57-49-85-93-67-95-45-80-58-73-98-16-7-62-31-23-51-39-97-94-32-89-29-20-48-42-13-99-91-6-69-43-100-82-88-60-14-77-55-59-84-21-22-19-34-79-65-66-54-30-27-18-92-41-96-2-17-72-28-71-50-8-53-64-47-61-36-44-11-87-12-37-33-9-46-4-56-40-52-26-38-81-83-35-90-74-3-86-10-5-24-15-63-1-25-75-78-68-70-76
Ta100x20,7,5,500,0.9625,0.125,1,2230701210,17000,6620,6346,5991,6.296771682,v2_avx512bw_vec32_exact_perm,57-49-85-93-80-67-95-58-39-98-100-6-62-45-43-16-96-64-48-73-31-41-42-34-23-22-89-7-94-27-14-51-21-13-91-53-97-2-84-38-33-19-20-72-77-59-29-92-44-69-8-82-28-50-12-11-55-71-90-87-36-30-88-1-99-60-4-32-47-3-18-54-61-17-15-46-65-74-40-5-10-79-24-56-26-83-9-81-66-52-35-75-78-63-37-70-25-86-76-68
Ta100x20,7,5,500,0.9625,0.125,2,2230702219,17000,6605,6346,5991,6.397989772,v2_avx512bw_vec32_exact_perm,57-49-85-93-95-80-7-67-48-91-98-58-43-94-39-96-89-97-33-16-29-64-62-42-73-6-19-66-31-45-84-23-88-12-51-92-34-21-69-22-18-40-100-59-20-79-27-14-13-28-77-61-24-54-50-55-8-3-2-71-47-1-36-86-32-4-87-30-60-72-99-17-82-52-5-90-74-65-53-38-15-56-83-9-41-46-37-35-11-26-81-70-25-44-10-63-76-78-75-68
Ta100x20,7,5,500,0.9625,0.125,3,2230703228,17000,6604,6346,5991,6.479315163,v2_avx512bw_vec32_exact_perm,57-49-85-93-67-39-80-64-98-45-48-95-97-20-31-7-23-58-94-43-32-53-91-41-62-89-88-16-73-84-34-66-69-100-51-29-28-19-6-96-42-38-99-13-63-59-27-92-47-22-36-14-55-3-50-21-79-90-87-18-12-77-30-44-65-26-24-17-60-8-61-10-74-40-15-9-11-72-71-86-33-52-1-4-82-46-56-5-83-75-37-25-35-78-2-81-54-68-70-76
Ta100x20,7,5,500,0.9625,0.125,4,2230704237,17000,6602,6346,5991,6.435486147,v2_avx512bw_vec32_exact_perm,57-49-85-93-31-67-95-58-73-19-80-16-7-20-48-77-33-42-84-94-62-64-98-6-51-14-89-39-23-45-22-52-13-59-27-34-97-50-54-96-88-99-21-12-17-30-92-72-36-79-91-55-28-29-11-32-8-2-47-1-46-53-65-66-41-3-87-43-18-40-60-26-86-61-100-75-90-24-9-38-5-71-69-56-82-44-4-37-25-83-78-15-81-10-68-74-63-35-70-76
Ta100x20,7,5,500,0.9625,0.125,5,2230705246,17000,6628,6346,5991,6.335439044,v2_avx512bw_vec32_exact_perm,57-49-85-93-98-39-48-80-7-95-51-62-16-67-58-88-94-43-33-42-96-60-54-27-6-21-13-73-34-64-91-97-89-45-12-17-30-59-2-36-55-66-31-3-32-19-72-53-99-23-20-77-87-22-29-11-14-8-82-74-92-61-47-65-28-26-86-84-38-46-18-90-79-4-69-24-9-10-100-52-56-41-50-40-70-83-44-15-35-81-37-5-63-71-78-1-76-75-25-68
Ta100x20,7,5,500,0.9625,0.125,6,2230706255,17000,6605,6346,5991,6.52434929,v2_avx512bw_vec32_exact_perm,57-49-85-93-80-39-96-58-51-72-48-98-27-95-73-7-67-90-88-32-45-23-64-43-31-89-100-84-59-91-94-6-62-82-20-28-55-33-16-22-19-15-29-38-77-13-21-69-2-18-97-30-34-47-53-36-11-42-12-79-3-14-92-5-71-87-17-86-40-46-9-25-60-65-44-99-74-50-41-26-8-61-54-66-4-81-52-56-75-35-63-37-1-68-10-78-83-24-70-76
Ta100x20,7,5,500,0.9625,0.125,7,2230707264,17000,6593,6346,5991,7.313113574,v2_avx512bw_vec32_exact_perm,57-49-85-93-80-64-58-95-94-67-45-77-34-31-60-39-84-14-8-62-32-48-43-22-20-27-6-23-36-33-55-51-73-96-12-3-79-89-16-59-91-19-17-42-7-88-90-97-69-72-13-18-61-11-5-50-100-99-30-28-46-40-44-98-2-29-92-21-53-47-68-52-82-65-24-66-74-41-75-56-38-25-9-15-1-71-10-54-4-37-63-26-86-78-81-83-87-35-70-76
Ta100x20,7,5,500,0.9625,0.125,8,2230708273,17000,6568,6346,5991,7.264820417,v2_avx512bw_vec32_exact_perm,57-49-85-93-80-67-13-95-100-39-51-45-88-6-16-58-62-91-82-89-94-69-97-43-22-34-7-48-64-23-14-33-59-27-84-12-66-55-73-42-19-20-18-30-96-79-28-21-40-2-17-38-3-24-36-77-44-99-72-29-98-8-5-50-54-90-92-74-41-32-31-65-46-11-4-56-26-52-53-71-47-60-86-87-9-15-81-1-70-61-63-83-37-35-10-75-78-68-25-76
Ta100x20,7,5,500,0.9625,0.125,9,2230709282,17000,6631,6346,5991,6.803678845,v2_avx512bw_vec32_exact_perm,93-85-80-49-67-60-7-39-98-27-31-48-58-14-77-72-97-62-64-32-45-89-51-73-84-20-91-19-6-33-59-22-21-95-12-43-16-79-41-94-53-34-90-17-13-42-29-52-96-23-92-5-69-54-28-30-50-66-82-71-8-40-24-88-3-44-11-36-1-26-46-65-55-47-38-100-2-99-4-61-9-56-18-70-87-63-15-74-10-25-37-81-83-35-78-75-86-76-68-57
Ta100x20,7,5,500,0.9625,0.125,10,2230710291,17000,6583,6346,5991,6.482209033,v2_avx512bw_vec32_exact_perm,57-49-85-93-67-58-95-45-80-42-51-31-43-100-94-98-96-39-6-62-88-48-89-73-16-7-41-19-33-32-53-14-99-72-13-97-55-21-82-20-84-12-59-52-66-26-1-29-22-69-3-79-77-91-34-8-90-28-36-92-78-61-2-60-5-17-46-47-18-50-64-44-65-87-56-30-35-9-27-40-71-86-24-70-74-54-11-15-38-83-81-37-75-23-63-4-25-10-68-76
Ta100x20,7,5,500,1,0.025,1,2230701210,17000,6608,6346,5991,7.071946035,v2_avx512bw_vec32_exact_perm,57-49-85-93-95-7-39-80-67-58-60-88-98-97-45-13-94-51-27-43-62-73-84-64-6-34-31-48-91-14-69-89-19-20-59-52-16-23-12-96-33-3-29-2-100-92-55-79-53-22-99-82-61-21-42-47-41-36-87-5-50-90-28-8-32-77-66-56-72-40-54-65-74-18-30-38-46-71-17-9-15-26-11-35-83-81-37-10-24-25-44-86-70-4-1-63-75-78-76-68
Ta100x20,7,5,500,1,0.025,2,2230702219,17000,6598,6346,5991,6.569997172,v2_avx512bw_vec32_exact_perm,57-49-85-93-84-67-94-80-95-58-39-73-48-7-45-64-89-100-98-51-6-31-62-91-59-34-27-43-16-22-69-23-20-33-72-3-32-13-97-19-29-92-88-21-8-17-2-99-61-96-42-82-55-41-87-36-46-74-30-79-24-18-26-28-66-90-40-38-47-12-54-5-53-65-14-4-77-9-70-71-52-56-11-44-10-60-50-15-75-1-63-37-86-81-35-83-78-25-76-68
Ta100x20,7,5,500,1,0.025,3,2230703228,17000,6601,6346,5991,6.887790571,v2_avx512bw_vec32_exact_perm,57-49-85-93-95-80-67-98-39-45-58-14-88-64-19-96-89-48-73-30-62-94-31-6-72-20-16-51-17-91-13-69-7-27-97-29-34-38-60-12-82-100-43-22-33-42-21-84-53-59-79-55-54-23-11-40-5-3-8-71-41-28-92-99-77-32-36-61-56-52-74-65-87-26-44-46-2-47-90-70-81-18-50-4-86-24-9-66-1-15-63-83-37-35-10-75-76-78-25-68
Ta100x20,7,5,500,1,0.025,4,2230704237,17000,6567,6346,5991,7.913877319,v2_avx512bw_vec32_exact_perm,57-49-85-93-80-95-45-67-94-13-48-58-64-98-7-42-88-51-96-16-39-27-6-89-97-53-73-31-84-33-62-32-5-29-59-69-34-36-20-19-77-79-43-92-38-22-12-11-8-72-65-17-2-91-41-21-55-40-61-100-46-50-82-3-74-23-60-99-28-30-47-66-56-26-70-14-52-87-71-4-15-44-35-54-18-81-83-9-86-37-24-90-10-63-78-1-25-75-68-76
Ta100x20,7,5,500,1,0.025,5,2230705246,17000,6603,6346,5991,7.375129835,v2_avx512bw_vec32_exact_perm,57-49-85-93-67-94-95-58-80-48-39-45-73-20-7-51-62-31-12-16-64-19-89-23-69-66-88-43-29-90-84-98-13-28-97-79-42-91-41-34-59-22-33-21-27-92-6-53-17-54-96-14-55-38-100-72-18-50-8-46-65-2-61-77-15-99-87-71-52-11-5-36-40-30-24-60-47-32-74-56-82-3-83-9-10-81-70-4-86-63-37-26-1-35-76-44-78-75-25-68
Ta100x20,7,5,500,1,0.025,6,2230706255,17000,6606,6346,5991,7.37171624,v2_avx512bw_vec32_exact_perm,57-49-85-93-67-48-7-64-94-51-45-88-80-73-58-95-6-60-13-27-62-33-16-96-30-42-22-98-90-20-29-82-89-19-55-59-43-36-77-34-14-69-91-17-12-84-99-79-100-38-3-28-97-21-65-53-8-39-47-46-31-72-18-11-54-41-24-32-92-23-5-40-2-86-70-56-71-9-66-74-87-26-4-61-52-81-50-1-15-44-25-78-83-10-63-35-37-76-75-68
Ta100x20,7,5,500,1,0.025,7,2230707264,17000,6560,6346,5991,7.29115136,v2_avx512bw_vec32_exact_perm,57-49-85-93-95-67-45-80-7-39-98-96-32-23-6-89-58-62-64-48-88-31-73-17-27-51-43-72-14-41-34-91-20-21-84-94-22-42-69-12-59-29-33-19-8-66-16-13-97-77-99-2-82-46-65-53-55-60-79-36-38-50-90-3-100-18-30-40-74-28-54-4-71-11-47-15-61-5-24-92-70-26-87-44-56-83-52-10-35-9-86-63-37-81-1-76-75-78-25-68
Ta100x20,7,5,500,1,0.025,8,2230708273,17000,6600,6346,5991,7.059740414,v2_avx512bw_vec32_exact_perm,57-49-85-93-7-80-39-95-58-67-62-94-97-51-98-64-6-45-96-20-82-88-43-27-89-48-32-16-69-73-14-13-79-91-23-31-22-21-59-84-34-36-19-50-100-55-66-30-42-40-77-12-53-18-44-90-41-3-74-72-11-8-46-99-2-71-5-92-33-29-87-61-28-17-38-26-54-1-4-47-60-9-56-83-24-70-65-81-15-52-63-10-75-78-86-35-37-25-68-76
Ta100x20,7,5,500,1,0.025,9,2230709282,17000,6590,6346,5991,7.236221557,v2_avx512bw_vec32_exact_perm,57-49-85-93-80-95-67-39-98-45-96-64-7-89-58-31-6-91-62-94-51-48-14-27-16-43-84-33-20-34-36-66-32-23-73-88-79-13-12-72-100-29-59-38-21-28-77-22-42-92-30-17-2-19-47-69-55-18-41-65-11-40-97-53-3-5-99-82-52-44-8-56-54-61-71-35-60-24-90-26-74-15-50-87-9-46-70-10-4-83-81-86-75-63-37-25-78-1-76-68
Ta100x20,7,5,500,1,0.025,10,2230710291,17000,6587,6346,5991,7.220409535,v2_avx512bw_vec32_exact_perm,57-49-85-93-95-67-19-45-64-48-80-42-88-84-97-94-98-51-39-96-69-73-89-6-16-14-13-29-27-62-31-43-58-22-91-17-34-33-23-32-50-82-21-66-55-28-59-20-30-79-71-36-40-100-53-38-99-77-65-2-3-47-86-90-92-61-12-5-24-18-8-7-72-46-11-9-63-41-54-60-74-4-70-81-87-15-56-52-26-10-44-37-83-35-1-76-75-25-78-68
Ta100x20,7,5,500,1,0.05,1,2230701210,17000,6577,6346,5991,12.424706741,v2_avx512bw_batch32_exact_perm,57-49-85-93-7-80-95-96-58-67-51-94-98-48-64-45-31-73-16-43-97-39-69-84-42-6-20-34-47-59-22-33-89-41-53-91-79-100-14-12-13-28-62-88-8-87-61-23-21-38-29-18-72-19-55-92-11-77-2-30-66-54-27-70-60-65-74-36-82-24-90-40-56-32-17-46-71-50-3-99-86-26-4-9-15-1-81-25-52-37-44-83-78-63-5-10-35-75-68-76
Ta100x20,7,5,500,1,0.05,2,2230702219,17000,6602,6346,5991,17.833427523,v2_avx512bw_batch32_exact_perm,57-49-85-93-39-80-95-58-45-64-89-67-94-19-98-48-97-17-51-31-7-59-69-12-43-27-13-20-42-91-62-99-16-21-29-6-77-88-73-14-84-82-55-23-53-33-90-50-28-100-32-34-92-72-8-47-66-79-60-2-38-22-44-26-36-24-30-11-3-74-41-65-87-46-18-9-40-61-5-71-54-56-86-35-96-1-15-52-37-4-63-70-10-83-81-75-76-78-25-68
Ta100x20,7,5,500,1,0.05,3,2230703228,17000,6566,6346,5991,17.430440364,v2_avx512bw_batch32_exact_perm,57-49-85-93-95-67-45-80-58-98-39-88-51-62-94-20-96-19-84-73-48-42-97-6-64-7-14-89-31-91-8-59-34-12-60-71-43-55-32-13-66-33-28-69-27-21-16-79-2-22-29-23-92-41-38-53-72-61-11-77-47-46-50-100-30-99-4-40-17-52-1-54-3-5-18-9-24-10-36-90-44-65-87-26-81-82-35-56-83-15-86-63-74-37-70-78-25-76-75-68
Ta100x20,7,5,500,1,0.05,4,2230704237,17000,6598,6346,5991,17.651726176,v2_avx512bw_batch32_exact_perm,57-49-85-93-80-95-94-67-45-39-88-6-43-7-58-62-97-98-29-51-32-73-14-48-64-91-13-23-89-31-12-42-84-8-69-20-34-16-27-38-79-59-72-41-100-96-19-22-21-82-36-30-55-9-71-90-65-50-33-92-60-2-77-3-44-17-87-28-66-54-99-24-47-40-81-18-52-26-74-5-53-15-1-86-10-56-11-4-61-37-83-63-46-35-78-25-75-68-70-76
Ta100x20,7,5,500,1,0.05,5,2230705246,17000,6625,6346,5991,17.627352372,v2_avx512bw_batch32_exact_perm,57-49-85-93-60-41-67-43-39-98-51-48-80-31-7-16-13-73-45-95-58-64-94-88-77-97-99-91-6-96-89-55-32-59-62-19-72-100-92-20-34-84-33-69-22-42-53-29-36-21-38-14-12-65-79-2-30-17-40-71-82-54-61-46-50-90-27-66-28-74-52-23-8-3-1-47-26-56-15-11-24-5-37-18-4-87-35-44-9-10-86-70-63-83-81-75-25-78-76-68
Ta100x20,7,5,500,1,0.05,6,2230706255,17000,6586,6346,5991,17.678039328,v2_avx512bw_batch32_exact_perm,57-49-85-93-67-95-80-88-45-64-42-31-39-7-97-89-98-14-94-58-27-51-43-6-36-60-16-20-29-48-32-73-13-72-62-84-33-59-91-55-12-23-99-53-65-34-22-79-100-30-2-21-92-44-90-3-17-61-50-96-18-69-19-77-38-11-47-28-5-8-82-66-41-71-40-9-54-1-37-4-24-35-52-10-56-87-83-78-81-46-26-25-86-75-15-63-74-68-70-76
Ta100x20,7,5,500,1,0.05,7,2230707264,17000,6606,6346,5991,12.609206104,v2_avx512bw_batch32_exact_perm,57-49-85-93-95-80-67-39-45-58-31-7-73-98-43-51-94-27-66-6-42-62-48-20-34-21-16-91-8-59-84-38-82-72-41-69-32-33-12-3-96-79-36-88-13-29-100-14-92-40-5-22-60-53-64-30-23-19-89-55-24-97-28-90-47-65-17-11-46-99-18-71-4-50-9-35-70-77-83-81-87-56-2-44-15-74-52-86-61-26-54-1-10-78-63-37-76-25-75-68
Ta100x20,7,5,500,1,0.05,8,2230708273,17000,6602,6346,5991,12.636910074,v2_avx512bw_batch32_exact_perm,57-49-85-93-67-80-95-94-32-88-58-91-62-73-39-96-84-42-7-98-64-97-51-6-45-66-43-31-48-89-16-19-33-36-53-13-22-20-27-12-50-29-34-100-79-14-61-69-59-44-99-82-3-77-17-15-28-30-52-2-47-18-55-65-40-46-11-21-90-56-92-24-71-41-9-35-38-8-72-81-70-5-23-60-4-83-74-26-87-54-10-63-86-1-37-25-78-76-75-68
Ta100x20,7,5,500,1,0.05,9,2230709282,17000,6589,6346,5991,12.909105518,v2_avx512bw_batch32_exact_perm,57-49-85-93-7-95-80-67-94-97-73-45-58-98-31-14-88-27-16-23-39-96-84-48-60-6-99-64-19-34-13-89-51-12-8-69-20-22-59-72-79-29-62-91-43-92-36-21-32-61-2-24-47-41-3-77-71-55-33-38-100-53-28-90-66-5-82-18-30-50-74-70-26-40-17-46-9-35-65-42-86-4-54-11-63-15-44-81-56-52-87-76-83-37-78-1-25-10-75-68
Ta100x20,7,5,500,1,0.05,10,2230710291,17000,6602,6346,5991,12.999192055,v2_avx512bw_batch32_exact_perm,57-49-85-93-80-67-95-94-58-45-51-62-39-20-6-73-16-88-98-77-48-23-27-13-29-42-96-43-91-53-14-34-54-64-31-59-41-19-84-21-22-52-89-17-7-32-33-38-79-71-97-72-69-12-90-36-28-8-92-100-18-87-55-40-11-3-50-15-99-61-82-30-26-46-24-2-66-9-65-47-74-60-70-4-44-81-83-5-35-1-10-86-56-63-78-25-37-76-68-75
Ta100x20,7,5,500,1,0.075,1,2230701210,17000,6621,6346,5991,12.718482574,v2_avx512bw_batch32_exact_perm,57-49-85-93-95-80-60-43-31-67-88-73-58-96-45-51-64-97-98-20-84-94-89-48-13-42-19-23-29-6-62-8-91-39-34-59-36-24-33-7-54-22-18-12-21-47-66-40-16-5-53-79-82-50-28-41-30-69-72-92-14-90-3-44-11-99-2-27-100-71-55-38-65-17-9-87-61-4-86-26-46-77-56-52-74-32-70-37-63-83-1-81-25-35-78-15-10-76-75-68
Ta100x20,7,5,500,1,0.075,2,2230702219,17000,6622,6346,5991,12.678255129,v2_avx512bw_batch32_exact_perm,57-49-85-93-39-67-58-84-80-62-60-88-95-73-45-19-42-48-94-27-97-51-31-43-7-69-59-14-64-23-16-22-13-33-89-6-91-28-2-34-3-20-55-21-96-82-29-38-36-50-79-17-77-12-61-72-41-98-92-30-100-47-71-90-53-4-32-66-87-40-18-54-5-74-11-99-65-70-46-8-24-15-83-56-9-52-37-63-10-1-86-26-35-81-44-78-25-76-75-68
Ta100x20,7,5,500,1,0.075,3,2230703228,17000,6595,6346,5991,12.934541732,v2_avx512bw_batch32_exact_perm,57-49-85-93-96-80-67-95-64-58-98-45-94-7-23-31-73-48-91-43-97-32-39-20-12-62-16-72-59-41-88-89-34-22-84-42-21-13-79-14-51-47-6-61-19-33-8-100-82-53-54-38-99-29-36-27-66-77-55-69-60-11-2-71-92-28-44-65-17-5-52-50-3-46-40-74-30-18-87-24-10-15-1-26-90-81-4-86-83-56-9-35-63-37-70-75-76-78-25-68
Ta100x20,7,5,500,1,0.075,4,2230704237,17000,6623,6346,5991,12.920480683,v2_avx512bw_batch32_exact_perm,57-49-85-93-80-64-39-45-31-95-67-98-94-7-13-58-88-34-96-14-48-89-97-91-79-22-62-8-51-27-73-32-20-17-77-12-2-23-42-43-99-29-33-84-19-59-21-72-50-69-11-90-60-6-54-36-38-53-16-47-92-66-28-3-41-55-71-5-15-61-81-46-86-100-4-52-40-65-87-56-24-9-18-30-26-70-37-44-83-74-82-35-1-10-63-78-75-68-76-25
Ta100x20,7,5,500,1,0.075,5,2230705246,17000,6603,6346,5991,12.680710348,v2_avx512bw_batch32_exact_perm,57-49-85-93-94-80-67-20-7-95-98-60-58-64-43-51-14-45-73-48-88-39-22-42-62-89-55-41-34-66-12-91-59-6-19-33-16-28-3-77-13-27-96-99-31-84-21-92-24-72-17-18-79-40-23-53-32-30-100-2-61-29-38-71-97-74-54-47-50-11-65-26-46-70-9-69-8-44-36-82-90-5-15-52-81-56-63-4-78-87-1-35-86-10-76-37-83-25-75-68
Ta100x20,7,5,500,1,0.075,6,2230706255,17000,6616,6346,5991,12.920788325,v2_avx512bw_batch32_exact_perm,57-49-85-80-93-64-95-45-58-43-67-7-98-88-73-39-6-51-96-19-48-20-94-32-59-84-97-72-89-12-62-21-33-14-13-16-29-82-79-22-27-23-91-11-69-90-8-36-18-34-55-42-31-38-60-100-41-3-54-92-24-46-71-61-77-2-30-56-44-17-87-65-53-40-99-74-86-28-15-26-5-4-47-70-9-35-52-81-37-66-50-63-1-83-10-78-75-25-68-76
Ta100x20,7,5,500,1,0.075,7,2230707264,17000,6581,6346,5991,12.570723835,v2_avx512bw_batch32_exact_perm,57-49-85-93-80-39-58-45-95-94-84-62-67-73-98-97-31-64-48-27-13-51-7-20-19-55-91-89-88-59-34-32-33-42-21-28-6-8-2-82-66-29-96-69-43-72-38-12-36-16-79-99-61-4-90-22-17-23-30-18-92-5-77-53-47-100-40-71-14-26-70-11-87-3-65-56-60-24-41-9-74-44-52-83-81-35-10-15-46-50-1-63-54-25-75-86-78-37-76-68
Ta100x20,7,5,500,1,0.075,8,2230708273,17000,6617,6346,5991,12.635777046,v2_avx512bw_batch32_exact_perm,57-49-85-93-67-58-95-6-80-98-39-64-45-48-7-32-73-62-84-20-51-88-27-94-59-97-16-23-34-31-41-96-42-13-61-89-14-47-100-22-12-77-18-38-69-2-29-21-86-43-72-33-92-79-54-28-55-19-11-8-91-71-53-5-36-3-82-26-50-24-40-99-66-44-17-15-75-9-65-30-90-56-74-52-81-60-78-63-4-83-87-46-10-68-25-37-35-1-70-76
Ta100x20,7,5,500,1,0.075,9,2230709282,17000,6594,6346,5991,12.906247367,v2_avx512bw_batch32_exact_perm,57-49-93-85-67-58-80-45-95-39-98-48-30-60-96-88-43-94-14-51-91-27-62-59-3-16-13-64-79-84-31-97-73-12-6-21-77-34-23-33-22-69-42-82-8-32-19-20-29-47-71-53-38-36-41-2-55-89-61-72-99-52-17-28-92-7-90-100-9-66-40-87-70-18-46-5-50-74-65-11-15-26-83-44-56-10-24-4-37-35-81-76-1-54-86-63-25-75-78-68
Ta100x20,7,5,500,1,0.075,10,2230710291,17000,6599,6346,5991,12.933242216,v2_avx512bw_batch32_exact_perm,57-49-85-93-31-7-97-98-67-94-42-96-64-6-51-95-80-23-27-88-45-89-48-13-12-20-34-36-58-3-77-33-91-100-29-2-43-99-19-62-69-59-39-22-32-55-84-72-73-41-16-53-66-11-14-90-21-28-40-8-71-17-74-18-50-60-47-61-92-38-52-30-24-5-82-37-26-65-9-35-4-79-83-87-54-70-1-81-46-56-15-10-86-63-25-75-44-78-76-68
Ta100x20,7,5,500,1,0.1,1,2230701210,17000,6623,6346,5991,12.605081773,v2_avx512bw_batch32_exact_perm,57-49-85-93-51-80-95-67-7-60-58-20-48-23-73-31-45-43-32-64-98-96-97-88-94-62-16-12-89-84-39-55-91-14-59-19-6-42-82-13-30-69-71-27-38-17-77-22-21-36-53-47-66-34-41-65-61-79-72-100-28-90-3-29-50-92-44-33-8-2-9-11-5-99-54-18-74-70-15-46-10-26-24-40-87-4-76-81-52-56-63-1-35-86-37-83-75-25-78-68
Ta100x20,7,5,500,1,0.1,2,2230702219,17000,6606,6346,5991,12.911059699,v2_avx512bw_batch32_exact_perm,57-49-85-93-19-64-88-94-67-80-7-98-95-43-73-48-45-32-39-97-89-69-84-20-77-34-51-91-59-62-41-6-21-22-82-12-14-79-58-90-100-16-13-53-72-38-29-31-42-27-8-17-96-5-18-11-55-40-36-99-24-30-65-54-2-44-23-66-47-28-3-50-71-86-87-33-61-92-46-74-26-56-9-70-81-52-4-15-1-63-60-25-75-35-83-37-10-78-76-68
Ta100x20,7,5,500,1,0.1,3,2230703228,17000,6630,6346,5991,12.950592709,v2_avx512bw_batch32_exact_perm,57-49-85-93-7-67-98-95-45-73-20-58-62-31-39-94-64-88-96-48-97-24-89-60-43-6-16-8-27-34-84-23-14-36-33-51-91-13-29-30-32-42-38-74-12-79-82-59-72-37-87-18-53-19-100-69-90-3-92-11-40-99-21-22-47-17-26-55-65-77-2-66-35-61-5-15-41-71-50-44-1-28-54-4-56-46-9-52-10-63-70-81-83-86-75-80-68-78-25-76
Ta100x20,7,5,500,1,0.1,4,2230704237,17000,6631,6346,5991,12.604165057,v2_avx512bw_batch32_exact_perm,57-49-85-93-97-95-7-39-67-98-80-45-94-51-31-14-48-62-32-72-58-34-8-64-19-88-12-59-27-13-29-84-17-73-96-23-16-43-6-89-99-5-20-53-3-100-52-42-69-33-55-38-21-41-92-22-79-91-40-36-61-24-65-86-77-90-54-30-82-74-44-18-66-11-15-26-28-46-56-9-50-71-87-47-2-60-4-37-63-81-70-83-1-35-76-75-10-78-25-68
Ta100x20,7,5,500,1,0.1,5,2230705246,17000,6606,6346,5991,12.894628923,v2_avx512bw_batch32_exact_perm,57-49-85-93-95-45-80-39-67-64-94-98-43-42-88-73-84-62-58-33-48-96-91-16-23-27-77-51-12-90-6-97-41-3-89-2-7-47-22-66-99-19-28-8-14-31-30-18-34-60-79-32-36-17-29-13-92-21-69-59-72-55-50-71-53-52-65-15-100-87-40-26-46-61-38-74-70-20-9-75-11-82-37-83-81-56-54-10-86-4-63-24-35-44-1-5-76-68-25-78
Ta100x20,7,5,500,1,0.1,6,2230706255,17000,6622,6346,5991,12.833586028,v2_avx512bw_batch32_exact_perm,57-49-85-93-67-80-95-94-45-98-20-48-19-73-51-42-72-84-16-23-36-62-6-43-64-32-14-88-7-58-31-41-39-3-22-77-100-27-33-97-59-66-89-29-82-79-55-65-21-28-96-34-92-40-17-13-12-52-60-30-91-11-44-18-26-47-69-50-99-53-4-37-87-90-46-38-71-2-83-56-9-8-54-24-81-74-15-1-61-5-63-35-10-75-25-78-68-86-70-76
Ta100x20,7,5,500,1,0.1,7,2230707264,17000,6610,6346,5991,12.856654185,v2_avx512bw_batch32_exact_perm,57-49-85-93-67-80-88-7-60-58-95-20-98-89-45-94-48-6-14-39-96-97-28-84-41-51-73-29-34-31-43-23-12-91-42-13-64-19-62-16-77-17-55-79-82-53-22-21-92-3-30-38-72-33-2-8-59-15-32-46-69-27-5-11-65-36-61-87-70-74-47-18-40-71-90-26-50-99-52-4-81-24-100-56-9-10-66-83-37-86-63-1-54-35-75-44-76-78-25-68
Ta100x20,7,5,500,1,0.1,8,2230708273,17000,6621,6346,5991,13.07731192,v2_avx512bw_batch32_exact_perm,57-49-85-93-94-67-95-80-64-45-7-58-13-88-31-98-42-84-39-51-33-21-27-91-89-48-34-16-96-73-97-12-54-6-14-19-43-2-59-8-69-41-71-55-38-50-79-60-99-77-26-29-47-62-22-20-3-72-92-28-44-61-11-17-23-100-15-46-5-32-87-82-24-66-90-4-74-30-40-53-36-52-56-9-65-35-63-37-81-18-1-70-25-83-10-75-78-86-76-68
Ta100x20,7,5,500,1,0.1,9,2230709282,17000,6612,6346,5991,12.914431814,v2_avx512bw_batch32_exact_perm,57-49-85-93-95-67-45-42-80-39-88-60-98-64-43-91-51-48-20-73-84-62-16-94-31-36-27-58-34-3-19-69-13-97-7-29-8-89-32-55-6-33-92-41-23-22-14-96-82-90-12-59-17-28-50-66-30-47-2-21-61-5-100-18-87-79-9-46-99-77-72-53-38-54-24-65-11-37-86-71-4-40-26-83-63-74-44-70-15-52-81-56-35-10-75-1-76-25-78-68
Ta100x20,7,5,500,1,0.1,10,2230710291,17000,6613,6346,5991,13.195240341,v2_avx512bw_batch32_exact_perm,57-49-85-93-95-67-7-98-80-42-58-94-51-45-48-64-13-33-6-97-39-73-19-84-77-89-31-14-96-59-47-62-20-91-12-55-28-21-23-88-34-22-8-29-100-66-61-79-32-90-41-72-17-43-24-82-16-38-74-65-2-27-3-50-92-36-30-53-99-26-18-69-9-44-87-56-5-40-11-15-71-86-46-54-63-37-83-10-4-60-35-75-81-70-1-52-78-76-25-68
Ta100x20,7,5,500,1,0.125,1,2230701210,17000,6679,6346,5991,13.399238563,v2_avx512bw_batch32_exact_perm,49-85-93-95-58-80-48-7-98-94-67-45-100-39-62-51-96-64-84-20-33-77-19-73-54-32-41-99-97-34-91-43-17-14-90-72-31-42-13-66-88-40-27-12-38-82-6-79-22-61-28-47-53-23-2-30-4-60-36-29-44-69-92-16-5-11-3-55-89-21-65-46-9-24-26-8-59-18-71-74-87-52-50-76-70-86-83-10-56-37-63-15-81-35-1-75-78-25-68-57
Ta100x20,7,5,500,1,0.125,2,2230702219,17000,6618,6346,5991,12.96330602,v2_avx512bw_batch32_exact_perm,57-49-85-67-80-48-100-39-93-89-32-94-51-45-58-13-95-73-7-98-20-42-96-84-72-62-14-43-99-88-64-27-19-12-59-2-33-22-29-82-69-91-38-31-16-6-23-5-3-47-28-41-97-8-77-53-71-9-65-90-55-50-60-21-52-79-17-30-66-40-4-24-35-11-54-36-18-37-34-46-81-83-15-56-92-63-44-1-26-10-61-75-25-74-86-68-78-87-70-76
Ta100x20,7,5,500,1,0.125,3,2230703228,17000,6612,6346,5991,12.972682205,v2_avx512bw_batch32_exact_perm,57-49-95-67-85-80-93-31-7-39-51-96-58-100-88-89-45-14-94-98-62-64-6-53-65-48-84-16-42-36-23-13-34-43-73-91-20-27-97-90-47-17-77-22-3-32-41-18-92-87-21-72-50-69-33-55-59-29-99-66-79-71-5-24-19-60-11-82-30-74-2-38-40-61-52-26-86-12-46-54-28-76-4-44-8-56-81-35-83-9-15-37-70-10-63-1-75-25-78-68
Ta100x20,7,5,500,1,0.125,4,2230704237,17000,6607,6346,5991,12.716068212,v2_avx512bw_batch32_exact_perm,57-49-85-93-80-95-67-39-45-19-89-64-31-6-60-33-94-96-34-98-84-62-16-42-73-13-32-97-72-88-92-7-48-29-23-51-41-27-22-59-36-20-2-58-91-21-8-43-69-55-14-66-79-28-90-82-53-77-99-71-50-3-44-30-100-40-12-5-15-65-61-54-4-47-18-11-87-46-9-81-56-83-17-52-74-86-75-26-37-25-35-78-1-38-63-68-10-24-70-76
Ta100x20,7,5,500,1,0.125,5,2230705246,17000,6622,6346,5991,13.046304054,v2_avx512bw_batch32_exact_perm,57-49-85-93-80-7-67-73-94-88-98-95-48-39-45-58-16-96-41-14-33-42-34-51-20-29-84-89-97-21-77-27-31-23-22-59-72-64-13-19-6-28-43-99-36-30-2-12-100-91-3-47-11-53-32-40-92-8-55-65-69-82-71-5-66-50-87-46-54-79-90-70-38-17-62-83-18-52-1-61-4-26-44-24-9-10-56-37-15-81-35-74-60-78-63-86-76-25-75-68
Ta100x20,7,5,500,1,0.125,6,2230706255,17000,6606,6346,5991,13.048803024,v2_avx512bw_batch32_exact_perm,57-49-85-93-20-51-7-39-88-95-80-32-67-91-14-98-64-13-62-58-43-27-4-45-34-41-31-96-6-97-89-94-53-22-29-23-59-12-21-33-84-69-100-73-48-19-16-42-79-40-72-50-61-44-17-38-8-77-2-28-86-5-18-54-90-92-55-30-71-99-47-66-82-3-26-74-63-46-87-60-83-52-65-56-81-15-24-68-9-10-11-36-37-75-35-25-78-1-70-76
Ta100x20,7,5,500,1,0.125,7,2230707264,17000,6617,6346,5991,13.331898059,v2_avx512bw_batch32_exact_perm,57-49-85-93-94-67-39-96-6-84-97-98-64-45-19-7-95-80-32-88-51-73-79-31-72-27-34-2-48-22-13-21-33-62-53-91-58-59-20-29-61-60-66-16-55-8-89-11-12-54-3-77-65-69-42-41-43-14-50-99-5-100-18-23-82-90-71-56-30-38-47-92-74-17-81-46-87-35-86-28-24-40-36-9-1-10-25-26-70-4-15-83-63-52-37-75-78-44-68-76
Ta100x20,7,5,500,1,0.125,8,2230708273,17000,6615,6346,5991,12.845267586,v2_avx512bw_batch32_exact_perm,57-49-85-93-64-58-100-80-51-39-13-95-7-31-48-86-32-73-98-67-45-33-82-96-12-42-6-89-88-94-23-97-84-19-22-66-34-79-17-20-62-28-16-14-91-29-52-59-55-47-69-72-41-92-43-27-53-8-36-71-44-77-60-3-61-21-38-18-99-30-5-11-2-24-15-65-74-54-50-4-1-87-90-40-26-56-46-35-83-10-9-63-81-37-76-70-78-75-25-68
Ta100x20,7,5,500,1,0.125,9,2230709282,17000,6618,6346,5991,13.128397606,v2_avx512bw_batch32_exact_perm,57-49-85-93-80-67-100-16-73-48-95-7-58-34-88-19-82-89-28-43-96-39-30-51-17-97-33-13-31-32-27-36-84-20-45-91-21-79-62-6-3-64-8-77-12-72-53-11-41-59-69-90-2-50-66-92-29-86-22-98-40-47-18-46-54-52-65-87-99-14-61-24-55-56-60-5-42-23-81-38-71-94-70-9-26-15-4-44-63-78-74-35-25-1-37-10-83-76-75-68
Ta100x20,7,5,500,1,0.125,10,2230710291,17000,6659,6346,5991,12.920725292,v2_avx512bw_batch32_exact_perm,57-49-93-85-7-98-39-64-67-58-62-84-73-100-22-80-45-95-30-94-88-29-97-89-48-19-59-50-99-86-65-31-51-91-20-53-60-13-21-6-36-12-96-43-82-34-69-14-79-71-16-46-27-41-28-47-23-66-18-61-44-11-26-3-55-90-33-40-24-92-8-54-25-2-63-17-9-72-42-87-32-1-56-83-77-70-38-81-4-5-15-35-74-10-52-37-78-76-75-68
